# .PCD v0.7 - Point Cloud Data file format
VERSION 0.7
FIELDS x y z rgb label
SIZE 4 4 4 4 4
TYPE F F F U U
COUNT 1 1 1 1 1
WIDTH 2914
HEIGHT 1
VIEWPOINT 0 0 0 1 0 0 0
POINTS 2914
DATA ascii
0.003227 0.202382 0.508231 10523798 3
0.011502 0.201157 0.505156 9866129 3
0.019796 0.201157 0.505156 11576237 3
0.028251 0.202307 0.508043 11378087 3
0.037310 0.206276 0.518010 12365236 3
0.045014 0.202669 0.508954 12102064 3
0.222134 0.164271 0.494001 9339526 3
0.232409 0.165815 0.498644 10327191 3
0.200383 0.167753 0.480736 12233648 3
0.210618 0.169640 0.486143 12562613 3
0.217210 0.168561 0.483051 11576488 3
0.223377 0.167240 0.479265 11247780 3
0.240282 0.173775 0.497992 11313575 3
0.272885 0.168658 0.483328 11972018 3
0.280227 0.168301 0.482306 10853537 3
0.287868 0.168139 0.481841 10064537 3
0.208115 0.175510 0.480363 12365234 3
0.215547 0.175141 0.479353 11904685 3
0.241772 0.177055 0.484591 11642540 3
0.141919 0.148989 0.497138 10062227 3
0.150411 0.149315 0.498226 9470860 3
0.157376 0.148171 0.494408 9536651 3
0.164837 0.147584 0.492448 9405068 3
0.174055 0.148550 0.495672 10062998 3
0.142061 0.157308 0.497633 11378341 3
0.150411 0.157496 0.498226 10128274 3
0.157376 0.156289 0.494408 9668237 3
0.164837 0.155669 0.492448 8154231 3
0.174055 0.156688 0.495672 8351610 3
0.182334 0.156810 0.496056 10522778 3
0.158376 0.165451 0.497550 12430516 3
0.165880 0.164791 0.495565 13483206 3
0.174017 0.164791 0.495565 11641259 3
0.181723 0.164401 0.494393 12562615 3
0.189168 0.163819 0.492643 11378341 3
0.171677 0.170602 0.488899 13088446 3
0.176736 0.167784 0.480825 11312546 3
0.184843 0.167978 0.481379 10457237 3
0.192895 0.168107 0.481749 9996173 3
0.142061 0.181820 0.497633 11508387 3
0.150411 0.182037 0.498226 14600656 3
0.191752 0.174973 0.478894 12759733 3
0.199653 0.175007 0.478986 12759479 3
0.117806 0.190406 0.498721 9272711 3
0.125994 0.190406 0.498721 9864338 3
-0.289856 0.178660 0.596141 8749438 3
-0.279735 0.178447 0.595431 8025970 3
-0.269958 0.178447 0.595431 8289142 3
-0.260182 0.178447 0.595431 9209989 3
-0.251062 0.178915 0.596994 9736337 3
-0.241490 0.179086 0.597562 9143946 3
-0.231305 0.178797 0.596599 9736083 3
-0.296959 0.186759 0.590799 8026485 3
-0.286112 0.186014 0.588441 7301992 3
-0.273814 0.184240 0.582829 7762285 3
-0.263937 0.184025 0.582150 9604747 3
-0.254378 0.184025 0.582150 10196886 3
-0.244877 0.184068 0.582286 9341579 3
-0.235976 0.184584 0.583918 10394013 3
-0.224248 0.182838 0.578395 10789541 3
-0.219465 0.186852 0.591093 9736853 3
-0.210499 0.187510 0.593176 8750210 3
-0.200760 0.187510 0.593176 9013380 3
-0.298906 0.191493 0.575862 6447455 3
-0.290253 0.192023 0.577458 6579552 3
-0.277825 0.190008 0.571397 6908004 3
-0.267407 0.189274 0.569192 8420473 3
-0.253806 0.186153 0.559805 8617852 3
-0.243408 0.185235 0.557044 8617854 3
-0.232709 0.184007 0.553351 8815235 3
-0.224169 0.184455 0.554700 7828854 3
-0.213741 0.183323 0.551295 8223614 3
-0.208061 0.186344 0.560378 9078921 3
-0.202879 0.190109 0.571701 8552831 3
-0.298885 0.194772 0.558166 8025717 3
-0.291340 0.195861 0.561285 8487038 3
-0.281369 0.195336 0.559782 8553088 3
-0.270966 0.194467 0.557290 9079173 3
-0.261816 0.194467 0.557290 9671310 3
-0.246070 0.189390 0.542742 9473161 3
-0.233492 0.186463 0.534352 8684415 3
-0.223480 0.185435 0.531406 8816003 3
-0.214392 0.185121 0.530508 9211018 3
-0.203654 0.183297 0.525279 9079434 3
-0.289070 0.185843 0.508644 7170408 3
-0.282044 0.186720 0.511044 7565166 3
-0.267854 0.182763 0.500215 7762545 3
-0.243263 0.182800 0.500314 7829365 3
-0.237819 0.184954 0.506211 9013639 3
-0.232736 0.187556 0.513333 9209989 3
-0.223620 0.186981 0.511760 9013380 3
-0.215174 0.186943 0.511655 8684928 3
-0.206100 0.186335 0.509989 8422013 3
-0.235147 0.191095 0.500525 8553342 3
-0.228247 0.192204 0.503431 8684928 3
-0.219320 0.191627 0.501918 9211272 3
-0.211079 0.191627 0.501918 8948100 3
-0.202838 0.191627 0.501918 9408908 3
-0.499687 0.209127 0.697802 4670792 3
-0.472410 0.202351 0.675191 3223346 3
-0.490638 0.216590 0.685166 2565929 3
-0.471771 0.213148 0.674278 3092273 3
-0.442819 0.204875 0.648108 3947069 3
-0.490357 0.227709 0.684773 3552822 3
-0.412553 0.205730 0.618678 5986650 3
-0.580240 0.201300 0.671684 4079427 3
-0.553845 0.214924 0.679897 4736585 3
-0.521862 0.220272 0.696815 2500136 3
-0.507423 0.218978 0.692723 3223346 3
-0.520149 0.230952 0.694527 2829101 3
-0.503111 0.228395 0.686835 3420725 3
-0.536942 0.239672 0.686835 3552822 3
-0.525665 0.239672 0.686835 3684408 3
-0.512844 0.238952 0.684773 4078653 3
-0.124257 0.169963 0.599994 10722719 3
-0.153224 0.179128 0.597704 10789021 3
-0.142968 0.178576 0.595861 10591131 3
-0.131712 0.176601 0.589272 9471882 3
-0.121437 0.175733 0.586374 10195607 3
-0.111133 0.174670 0.582829 10326682 3
-0.101375 0.174347 0.581749 11971503 3
-0.191021 0.187510 0.593176 8420477 3
-0.181324 0.187555 0.593317 7828086 3
-0.172646 0.188717 0.596994 8551809 3
-0.162573 0.188403 0.596000 9802130 3
-0.152063 0.187510 0.593176 10657439 3
-0.142290 0.187466 0.593036 10262168 3
-0.131283 0.185670 0.587353 9866640 3
-0.119015 0.181665 0.574683 10524572 3
-0.107776 0.178675 0.565224 12300472 3
-0.197764 0.194306 0.584322 8289659 3
-0.189142 0.195310 0.587343 9736337 3
-0.179918 0.195767 0.588716 9670290 3
-0.170694 0.196275 0.590243 9078407 3
-0.160663 0.195861 0.589000 9867923 3
-0.149202 0.193539 0.582016 9538443 3
-0.137081 0.189984 0.571326 9867410 3
-0.103704 0.180854 0.543871 11839921 3
-0.193810 0.182150 0.521995 9934230 3
-0.185557 0.182462 0.522889 9736851 3
-0.186857 0.192655 0.552098 9670542 3
-0.180996 0.196126 0.562046 8749188 3
-0.173129 0.197680 0.566500 9867923 3
-0.144898 0.197235 0.565224 10656924 3
-0.108807 0.183335 0.525388 11577258 3
-0.196646 0.185317 0.507203 9013639 3
-0.187144 0.184161 0.504039 9342606 3
-0.120428 0.183386 0.501918 11380647 3
-0.112278 0.183535 0.502325 9998224 3
-0.105296 0.185767 0.508436 10327191 3
-0.194131 0.191168 0.500716 9408910 3
-0.103946 0.191627 0.501918 11775405 3
0.395746 0.132929 0.498131 8552577 3
0.399012 0.128706 0.482306 7828854 3
0.369960 0.140633 0.496453 8486784 3
0.376243 0.139938 0.494001 8881544 3
0.380842 0.138659 0.489487 9605267 3
0.383174 0.136625 0.482306 8487299 3
0.388113 0.135584 0.478631 8224127 3
0.392588 0.134425 0.474541 9276300 3
0.398721 0.133869 0.472575 9013128 3
0.359459 0.147818 0.493229 8881542 3
0.362145 0.145641 0.485966 7895160 3
0.365856 0.143962 0.480363 7631990 3
0.383925 0.141895 0.473466 8618631 3
0.389344 0.141042 0.470620 9078923 3
0.393820 0.139887 0.466767 9013128 3
0.398436 0.138825 0.463224 8288889 3
0.350538 0.155551 0.492075 8618374 3
0.351176 0.152323 0.481864 8882055 3
0.353630 0.150008 0.474541 7763574 3
0.360671 0.149697 0.473555 7368816 3
0.367960 0.149499 0.472929 8027259 3
0.372839 0.148351 0.469298 8816521 3
0.380117 0.148184 0.468770 8355713 3
0.385794 0.147413 0.466329 8092539 3
0.390038 0.146134 0.462284 8618370 3
0.395367 0.145303 0.459655 8881026 3
0.304204 0.164791 0.495565 9142665 3
0.308221 0.162618 0.489029 8419196 3
0.313316 0.161108 0.484490 9537677 3
0.338355 0.161670 0.486178 9933464 3
0.344307 0.160722 0.483328 9736855 3
0.359584 0.156997 0.472127 7632247 3
0.366027 0.156438 0.470446 6909294 3
0.369517 0.154666 0.465116 7500661 3
0.376734 0.154494 0.464598 8816264 3
0.381746 0.153442 0.461435 8487299 3
0.388461 0.153103 0.460415 8289407 3
0.393849 0.152263 0.457890 8288891 3
0.342919 0.167978 0.481379 8946569 3
0.358503 0.164254 0.470708 7303282 3
-0.363561 0.157096 0.588693 4276034 3
-0.355555 0.163090 0.575729 4341825 3
-0.350558 0.165189 0.583142 4276032 3
-0.342953 0.166144 0.586511 5000009 3
-0.334264 0.166612 0.588166 7105385 3
-0.326370 0.167517 0.591360 7434350 3
-0.320057 0.169314 0.597704 7038822 3
-0.375892 0.177688 0.592897 5525583 3
-0.359872 0.174637 0.582720 6380892 3
-0.349557 0.174265 0.581477 7433580 3
-0.341277 0.174914 0.583644 7434350 3
-0.332236 0.175200 0.584597 7565936 3
-0.324987 0.176476 0.588855 7696752 3
-0.316434 0.177100 0.590937 7762545 3
-0.307677 0.177646 0.592759 8289659 3
-0.300430 0.179128 0.597704 7960692 3
-0.371756 0.185360 0.586374 5789525 3
-0.356318 0.182386 0.576965 6908004 3
-0.344755 0.181287 0.573490 7302762 3
-0.334192 0.180667 0.571527 8091510 3
-0.325852 0.181248 0.573365 9275784 3
-0.321065 0.183898 0.581749 8486268 3
-0.314063 0.185404 0.586511 7367787 3
-0.304577 0.185491 0.586788 7236971 3
-0.344244 0.185358 0.557414 7171176 3
-0.337042 0.186437 0.560658 8026485 3
-0.327397 0.186187 0.559906 7894131 3
-0.318921 0.186606 0.561168 7433580 3
-0.314349 0.189403 0.569579 7565166 3
-0.307587 0.191012 0.574416 6907236 3
-0.344778 0.180422 0.517041 6381408 3
-0.340011 0.182419 0.522763 6776420 3
-0.336278 0.185088 0.530413 7039592 3
-0.328182 0.185435 0.531406 6776418 3
-0.325233 0.188788 0.541015 6381660 3
-0.319124 0.190443 0.545758 7565166 3
-0.312138 0.191655 0.549233 7433580 3
-0.306476 0.193777 0.555314 6841443 3
-0.365271 0.186372 0.510093 6052697 3
-0.357697 0.186791 0.511239 6974056 3
-0.351313 0.187866 0.514181 7302764 3
-0.344635 0.188833 0.516826 7434350 3
-0.333816 0.187522 0.513239 6644834 3
-0.323527 0.186449 0.510302 6842213 3
-0.317085 0.187595 0.513437 6842211 3
-0.311540 0.189348 0.518237 7565934 3
-0.304733 0.190411 0.521147 7828338 3
-0.370030 0.192863 0.505156 6776166 3
-0.360936 0.192437 0.504039 6776420 3
-0.352234 0.192204 0.503431 6644832 3
-0.342935 0.191627 0.501918 6381662 3
-0.335638 0.192167 0.503334 7368557 3
-0.329824 0.193606 0.507102 7829108 3
-0.319171 0.192204 0.503431 7302764 3
-0.309290 0.191206 0.500816 5986904 3
-0.474518 0.185332 0.694503 5393745 3
-0.438590 0.184608 0.691791 4012860 3
-0.417962 0.185536 0.695267 3420725 3
-0.482280 0.195261 0.689299 3947069 3
-0.457067 0.189500 0.668962 4670792 3
-0.446905 0.196026 0.654088 2894381 3
-0.413653 0.196093 0.620327 4539206 3
-0.568837 0.202687 0.759538 5789784 3
-0.566354 0.206326 0.773173 5921370 3
-0.596956 0.203488 0.718341 4736587 3
-0.585161 0.203488 0.718341 4473413 3
-0.573203 0.203430 0.718136 5131341 3
-0.559008 0.202559 0.715061 6184544 3
-0.547268 0.202559 0.715061 5329235 3
-0.533854 0.201926 0.712827 5329233 3
-0.519784 0.201011 0.709597 5000268 3
-0.586533 0.211524 0.705799 4999757 3
-0.579842 0.213325 0.711811 5394513 3
-0.575388 0.216041 0.720873 5131341 3
-0.563037 0.215844 0.720215 4276547 3
-0.547268 0.214299 0.715061 4276547 3
-0.533854 0.213630 0.712827 3750203 3
-0.518176 0.212004 0.707402 3947580 3
-0.568080 0.224983 0.711717 5460306 3
-0.560302 0.226563 0.716716 3618617 3
-0.542162 0.223931 0.708391 3355445 3
-0.569609 0.237306 0.713633 2894892 3
-0.560302 0.238331 0.716716 2697515 3
-0.542162 0.235562 0.708391 2631722 3
0.289086 0.150047 0.599141 10524309 3
0.298206 0.149687 0.597704 9734541 3
0.269795 0.160112 0.599994 10326932 3
0.278184 0.159275 0.596857 9997965 3
0.281401 0.155634 0.583214 11050653 3
0.287047 0.153532 0.575337 11050401 3
0.291282 0.150833 0.565224 11445161 3
0.298070 0.149583 0.560537 10984610 3
0.269087 0.169517 0.598420 10195346 3
0.265629 0.161444 0.569919 10985119 3
0.268178 0.157446 0.555808 10064017 3
0.276078 0.156750 0.553351 9669261 3
0.285101 0.156716 0.553230 11708846 3
0.293213 0.156199 0.551403 12761021 3
0.253942 0.163286 0.544844 10590363 3
0.261393 0.162358 0.541746 10195605 3
0.269472 0.161868 0.540111 10458779 3
0.279183 0.162358 0.541746 10919330 3
0.286468 0.161451 0.538719 10524059 3
0.294301 0.160897 0.536872 11116196 3
0.255267 0.167239 0.529049 11248295 3
0.264625 0.167664 0.530395 11183272 3
0.274436 0.168341 0.532535 10919846 3
0.282280 0.167806 0.530842 10392986 3
0.290320 0.167416 0.529609 10524572 3
0.298699 0.167239 0.529049 10524318 3
0.249324 0.171830 0.516733 10458779 3
0.259839 0.173183 0.520802 10721951 3
0.268111 0.173003 0.520261 10064537 3
0.288884 0.170145 0.511666 9866642 3
0.253669 0.177419 0.508436 10919330 3
0.261434 0.177025 0.507305 9997974 3
0.259490 0.183975 0.503532 11708592 3
0.102012 0.136648 0.545639 10589852 3
0.102369 0.146116 0.547547 13550537 3
0.111383 0.146148 0.547667 10195094 3
0.101924 0.154433 0.545170 11181476 3
0.109446 0.152441 0.538139 8089205 3
0.101001 0.161904 0.540233 13351618 3
0.108444 0.159801 0.533216 11642029 3
0.115417 0.157372 0.525108 10458268 3
0.122085 0.154893 0.516837 9997717 3
0.127597 0.151365 0.505065 8615551 3
0.135098 0.150483 0.502124 9272711 3
0.100546 0.170004 0.537796 11377828 3
0.108054 0.167949 0.531294 12891326 3
0.114908 0.165261 0.522792 12957373 3
0.121959 0.163210 0.516302 10786718 3
0.127879 0.160010 0.506181 11642542 3
0.135533 0.159238 0.503739 13089475 3
0.107532 0.175819 0.528728 11838638 3
0.113769 0.172121 0.517608 13746889 3
0.120837 0.170107 0.511552 14536919 3
0.127879 0.168321 0.506181 12497338 3
0.135560 0.167542 0.503838 12430775 3
0.142826 0.166370 0.500314 14535892 3
0.151374 0.166737 0.501417 14798548 3
0.105202 0.180503 0.517273 13352131 3
0.111941 0.177718 0.509294 13417924 3
0.119326 0.176275 0.505156 14207440 3
0.127338 0.175885 0.504039 15128289 3
0.151860 0.175532 0.503028 14665936 3
0.102946 0.184943 0.506181 12825787 3
0.126929 0.183570 0.502422 12232884 3
0.134720 0.182946 0.500716 10653338 3
0.102079 0.191627 0.501918 11378855 3
0.110056 0.191168 0.500716 11970478 3
-0.336899 0.173526 0.692893 7039592 3
-0.314330 0.167559 0.669069 6514018 3
-0.301243 0.166399 0.664435 7368814 3
-0.363206 0.186730 0.699740 5920857 3
-0.331503 0.175998 0.659525 6644834 3
-0.314563 0.172644 0.646955 7237228 3
-0.302604 0.171884 0.644109 7434861 3
-0.314785 0.171793 0.606454 7105385 3
-0.312351 0.176033 0.621422 7368557 3
-0.302224 0.176077 0.621577 8158071 3
-0.390709 0.189893 0.600711 6249822 3
-0.594285 0.190379 0.760186 5197645 3
-0.596841 0.195299 0.779833 4671301 3
-0.532468 0.199975 0.798506 5591124 3
-0.508820 0.195918 0.782306 6250335 3
-0.593327 0.194368 0.728365 4341827 3
-0.583235 0.194993 0.730705 5657685 3
-0.570240 0.194652 0.729428 5197645 3
-0.555675 0.193750 0.726047 4934475 3
-0.519007 0.193412 0.724782 5327952 3
-0.505145 0.199829 0.705425 4670792 3
-0.663253 0.196006 0.782656 2893360 3
-0.639897 0.192840 0.770014 2696749 3
-0.625707 0.192364 0.768114 4539208 3
-0.618031 0.193913 0.774299 5262927 3
-0.631311 0.198798 0.744964 3815232 3
-0.606169 0.194652 0.729428 4933711 3
0.083786 0.127221 0.543639 13880013 3
0.092670 0.127164 0.543394 10721438 3
0.075913 0.138061 0.551282 11314086 3
0.084078 0.136622 0.545533 13089986 3
0.092750 0.136203 0.543863 12037300 3
0.003805 0.159921 0.599278 11774124 3
0.013625 0.159692 0.598420 11050655 3
0.023417 0.159463 0.597562 11576745 3
0.033110 0.158894 0.595431 13287363 3
0.042775 0.158480 0.593881 10853276 3
0.052426 0.158181 0.592759 10721688 3
0.061034 0.155318 0.582031 12300979 3
0.084835 0.146889 0.550442 11379368 3
0.093074 0.145639 0.545758 13221574 3
0.003776 0.168471 0.594726 12826812 3
0.013557 0.168671 0.595431 12366515 3
0.023334 0.168671 0.595431 12563640 3
0.033110 0.168671 0.595431 12366261 3
0.042876 0.168631 0.595290 11642279 3
0.052426 0.167914 0.592759 12300722 3
0.061106 0.165070 0.582719 12695226 3
0.068353 0.159650 0.563586 11116194 3
0.076723 0.157831 0.557166 10326678 3
0.085134 0.156476 0.552384 10129301 3
0.093155 0.154735 0.546235 11181478 3
0.003777 0.178278 0.594868 13155520 3
0.013609 0.179128 0.597704 13748168 3
0.023417 0.179086 0.597562 12300468 3
0.033110 0.178447 0.595431 11905710 3
0.042876 0.178405 0.595290 12168623 3
0.052303 0.177227 0.591360 12366002 3
0.061346 0.175323 0.585006 12563383 3
0.085134 0.165546 0.552384 13221572 3
0.092913 0.163278 0.544815 14141393 3
0.023334 0.188223 0.595431 12300211 3
0.033110 0.188223 0.595431 12102832 3
0.042775 0.187733 0.593881 11773865 3
0.052291 0.186893 0.591223 11510693 3
0.061274 0.184712 0.584322 11180960 3
0.092672 0.171778 0.543406 11115685 3
0.003429 0.179565 0.539995 12563642 3
0.012482 0.182296 0.548206 10918817 3
0.022393 0.190018 0.571428 11115683 3
0.050182 0.188674 0.567386 11708072 3
0.059471 0.188589 0.567130 12496820 3
0.067984 0.186397 0.560537 12628406 3
0.076808 0.185482 0.557788 13549508 3
0.085340 0.184130 0.553722 12234164 3
0.092775 0.180900 0.544007 11642029 3
0.099904 0.177693 0.534364 12562102 3
0.003371 0.185238 0.530842 13484231 3
0.012175 0.186586 0.534707 12826301 3
0.021102 0.187906 0.538489 13023166 3
0.030408 0.190822 0.546844 12562102 3
0.039997 0.193777 0.555314 11707304 3
0.049126 0.193820 0.555437 11904683 3
0.058728 0.195425 0.560036 12628406 3
0.067576 0.194428 0.557179 12364721 3
0.076451 0.193734 0.555191 12364721 3
0.085003 0.192458 0.551533 11838892 3
0.091429 0.187078 0.536115 11378857 3
0.098623 0.184076 0.527513 12825787 3
0.003326 0.191359 0.523741 12497336 3
0.011925 0.191359 0.523741 12431543 3
0.020477 0.190920 0.522540 13220291 3
0.029051 0.190882 0.522436 12430518 3
0.038105 0.193298 0.529049 12036271 3
0.065043 0.195946 0.536296 13088444 3
0.074199 0.196875 0.538839 13548481 3
0.083010 0.196789 0.538604 12693688 3
0.089728 0.192236 0.526141 13088705 3
0.095935 0.187484 0.513135 13023166 3
0.003248 0.195305 0.511552 11313316 3
0.011576 0.194115 0.508436 9339785 3
0.019924 0.194115 0.508436 11707822 3
0.028377 0.194834 0.510319 11772845 3
0.037589 0.199250 0.521886 9865102 3
0.046014 0.198630 0.520261 11378339 3
0.053823 0.195961 0.513270 12365234 3
0.062713 0.197417 0.517083 12562613 3
0.071641 0.198630 0.520261 12363953 3
0.079234 0.196280 0.514106 12364723 3
0.086393 0.193409 0.506587 12167344 3
0.094121 0.192204 0.503431 12759994 3
-0.488758 0.185206 0.791418 6052443 3
-0.466763 0.181702 0.776445 5526101 3
-0.453450 0.181476 0.775481 5658198 3
-0.442911 0.182379 0.779340 4868680 3
-0.432266 0.183292 0.783238 6513248 3
-0.421382 0.184155 0.786927 6841959 3
-0.407057 0.183522 0.784222 6907238 3
-0.485794 0.191896 0.766247 5592405 3
-0.471761 0.191307 0.763895 4802891 3
-0.457686 0.190669 0.761345 4671051 3
-0.444507 0.190379 0.760186 5066061 3
-0.432158 0.190437 0.760418 5526610 3
-0.421720 0.191366 0.764129 5921111 3
-0.410439 0.191958 0.766492 5526353 3
-0.490924 0.187240 0.701652 4604229 3
-0.479011 0.191693 0.718341 4670022 3
-0.458613 0.188163 0.705113 4670790 3
-0.411320 0.187714 0.703430 4079166 3
-0.411192 0.193078 0.723528 3684406 3
-0.410503 0.198488 0.743804 5657939 3
-0.683262 0.200325 0.856023 3684410 3
-0.673120 0.201496 0.861028 4276545 3
-0.665385 0.203454 0.869394 4342336 3
-0.644178 0.201287 0.860137 4934473 3
-0.694691 0.201394 0.804173 2169639 3
-0.633735 0.211918 0.846193 4934475 3
-0.609986 0.208549 0.832739 5460819 3
0.436996 0.106486 0.489370 9342097 3
0.432857 0.103573 0.475983 9539476 3
0.439337 0.103259 0.474541 8092030 3
0.447128 0.103259 0.474541 7170928 3
0.454920 0.103259 0.474541 7039340 3
0.462711 0.103259 0.474541 7697270 3
0.437102 0.110486 0.472127 7170928 3
0.444435 0.110382 0.471682 5986654 3
0.452179 0.110382 0.471682 5855066 3
0.460098 0.110424 0.471861 6052445 3
0.470772 0.111115 0.474813 6447201 3
0.420117 0.124701 0.497934 8947335 3
0.420373 0.122395 0.488728 8946569 3
0.419192 0.119765 0.478225 8683397 3
0.419879 0.117756 0.470201 7236721 3
0.420088 0.115687 0.461942 6973549 3
0.427594 0.115666 0.461857 7105135 3
0.433977 0.115347 0.460584 6381157 3
0.445153 0.116291 0.464353 6315619 3
0.454791 0.116808 0.466418 6315615 3
0.468025 0.118217 0.472041 5657685 3
0.400830 0.131911 0.494314 7566195 3
0.403141 0.127507 0.477814 7697268 3
0.409257 0.126971 0.475803 8157053 3
0.412916 0.125707 0.471065 8157053 3
0.415045 0.124031 0.464788 7434100 3
0.417624 0.122549 0.459233 7368307 3
0.424233 0.122280 0.458226 7302771 3
0.430103 0.121812 0.456472 7565944 3
0.436405 0.121480 0.455228 6908013 3
0.444883 0.121755 0.456256 7237230 3
0.405636 0.133591 0.471593 8749188 3
0.408776 0.132103 0.466342 8420223 3
0.411826 0.130642 0.461183 8157823 3
0.414359 0.129072 0.455643 7960444 3
0.420541 0.128674 0.454239 7105392 3
0.425379 0.127887 0.451458 7171186 3
0.428924 0.126744 0.447424 7171185 3
0.434566 0.126249 0.445676 6776679 3
0.402477 0.137606 0.459156 7762547 3
0.406222 0.136333 0.454908 7302512 3
0.407544 0.134307 0.448148 8289409 3
0.410573 0.132906 0.443472 7303284 3
0.415495 0.132155 0.440968 7171699 3
0.419706 0.131209 0.437809 6974319 3
0.406027 0.141138 0.446480 6908014 3
-0.213653 0.152123 0.699100 8946306 3
-0.291898 0.162430 0.694094 7302510 3
-0.255966 0.161332 0.689400 8617343 3
-0.241617 0.159334 0.680863 9077892 3
-0.289948 0.166178 0.663553 7434350 3
-0.279203 0.166267 0.663907 8223612 3
-0.270379 0.167554 0.669046 9013128 3
-0.258358 0.166885 0.666376 9275275 3
-0.245853 0.165830 0.662165 9801617 3
-0.231792 0.163580 0.653177 10196373 3
-0.218005 0.161314 0.644130 9736076 3
-0.205782 0.160033 0.639015 9801869 3
-0.288982 0.170091 0.637391 8092280 3
-0.277388 0.169402 0.634807 8092280 3
-0.266762 0.169273 0.634325 8355198 3
-0.258177 0.170482 0.638854 8947335 3
-0.245807 0.169187 0.634002 9275275 3
-0.235338 0.169144 0.633842 9538445 3
-0.224080 0.168505 0.631445 9735822 3
-0.213659 0.168462 0.631287 9736076 3
-0.202477 0.167786 0.628752 9604490 3
-0.295546 0.178204 0.629087 7960692 3
-0.284712 0.177889 0.627972 8552059 3
-0.273711 0.177442 0.626394 8288889 3
-0.263493 0.177486 0.626551 8420477 3
-0.254095 0.178110 0.628752 9538704 3
-0.242918 0.177486 0.626551 9472654 3
-0.233332 0.178022 0.628441 9341066 3
-0.220523 0.176033 0.621422 8946306 3
-0.210268 0.175990 0.621269 8222837 3
-0.227846 0.183912 0.613665 9670544 3
-0.214823 0.181422 0.605359 9604749 3
-0.204636 0.181203 0.604627 9473161 3
-0.283625 0.166222 0.763895 9012360 3
-0.272411 0.167037 0.767639 8091512 3
-0.251188 0.161496 0.742173 8223096 3
-0.233470 0.157757 0.724993 8946306 3
-0.287419 0.166436 0.711213 7105385 3
-0.272261 0.164335 0.702235 7235690 3
-0.314853 0.169530 0.779097 8355198 3
-0.300565 0.168691 0.775240 8880774 3
-0.397811 0.185212 0.791443 6907238 3
-0.386644 0.186092 0.795203 7894133 3
-0.346628 0.172662 0.737817 8289918 3
-0.326626 0.168591 0.720420 8421504 3
-0.313195 0.167733 0.716752 7895160 3
-0.386383 0.186423 0.744392 5591892 3
-0.364504 0.181611 0.725179 7105131 3
-0.389832 0.194273 0.728008 6513248 3
0.004380 0.138786 0.689861 10392471 3
0.015777 0.139400 0.692913 9801617 3
0.027396 0.140645 0.699100 9538445 3
0.038875 0.140645 0.699100 10392984 3
0.004231 0.145003 0.666376 10787231 3
0.015237 0.145622 0.669224 9735054 3
0.026451 0.146878 0.674993 10130582 3
0.037697 0.147513 0.677915 10129299 3
0.049908 0.150777 0.692913 10195603 3
0.059700 0.146878 0.674993 8748927 3
0.070782 0.146878 0.674993 8683647 3
0.084038 0.150777 0.692913 9143687 3
0.095415 0.150777 0.692913 9537675 3
0.004026 0.148368 0.634002 11313062 3
0.014356 0.147548 0.630501 10327191 3
0.024639 0.147139 0.628752 11116707 3
0.034885 0.146812 0.627356 11116194 3
0.003914 0.154364 0.616378 12234675 3
0.013871 0.152567 0.609202 12366515 3
0.023780 0.151971 0.606824 11839917 3
0.033532 0.151020 0.603028 11445159 3
0.043424 0.150986 0.602890 10984862 3
0.408181 0.108364 0.586511 7433582 3
0.419382 0.108772 0.588716 8091258 3
0.425846 0.107960 0.584322 8880263 3
0.438714 0.108772 0.588716 7367537 3
0.456970 0.110855 0.599994 6446687 3
0.466821 0.110855 0.599994 6052697 3
0.401279 0.113325 0.563304 8025465 3
0.409057 0.112919 0.561285 8617091 3
0.418272 0.112919 0.561285 8814981 3
0.411623 0.106434 0.529049 8486784 3
0.420309 0.106434 0.529049 8552579 3
0.427551 0.106075 0.527267 8288637 3
0.434745 0.105720 0.525498 9407120 3
0.443373 0.105720 0.525498 9999257 3
0.448988 0.105015 0.521995 9077642 3
0.451538 0.103633 0.515126 8749190 3
0.403275 0.120409 0.553351 7762036 3
0.409467 0.119564 0.549468 8683395 3
0.408860 0.114348 0.525498 7894647 3
0.416092 0.113965 0.523741 8157819 3
0.423276 0.113585 0.521995 7565684 3
0.427571 0.112461 0.516826 7499121 3
0.431781 0.111358 0.511760 7893881 3
0.433107 0.109568 0.503532 7828088 3
0.441375 0.109568 0.503532 8617604 3
0.401767 0.123447 0.527513 8617602 3
0.405207 0.121877 0.520802 7828856 3
0.414275 0.122029 0.521453 8026746 3
0.420223 0.121275 0.518230 9407886 3
0.423641 0.119835 0.512076 7697270 3
0.428023 0.118718 0.507305 8026235 3
0.403035 0.127048 0.507305 7828854 3
0.409872 0.126587 0.505465 7566195 3
0.415154 0.125674 0.501818 8552577 3
0.198687 0.128592 0.695993 9801619 3
0.187260 0.140020 0.695993 10788514 3
0.195217 0.137574 0.683836 11116709 3
0.140923 0.150777 0.692913 12037296 3
0.149651 0.148155 0.680863 11510952 3
0.160831 0.148155 0.680863 9471884 3
0.172761 0.148802 0.683836 8353403 3
0.179291 0.145003 0.666376 7892852 3
0.188627 0.143779 0.660753 7300715 3
0.196983 0.141982 0.652493 7497579 3
0.119504 0.149584 0.639201 10589852 3
0.137615 0.158347 0.676646 11313573 3
0.147725 0.157282 0.672096 9669263 3
0.158293 0.156820 0.670122 8682368 3
0.168980 0.156527 0.668870 9406607 3
0.177500 0.154386 0.659719 10129814 3
0.187245 0.153495 0.655913 11774126 3
0.195311 0.151399 0.646955 11708331 3
0.127853 0.157436 0.628646 11576745 3
0.147770 0.168369 0.672300 10524570 3
0.158974 0.168544 0.673002 10393754 3
0.169251 0.167778 0.669944 11116707 3
0.178251 0.165917 0.662510 11116709 3
0.188627 0.165477 0.660753 11050916 3
0.198277 0.164482 0.656781 11839917 3
0.139740 0.169658 0.635767 10064021 3
0.158974 0.179594 0.673002 10195607 3
0.169207 0.178731 0.669767 9997715 3
0.177500 0.176050 0.659719 10260887 3
0.187835 0.175585 0.657977 11313575 3
0.196938 0.174082 0.652346 10918817 3
0.174527 0.183751 0.648669 11313064 3
-0.108888 0.127459 0.689861 8815235 3
-0.166254 0.139400 0.692913 8355198 3
-0.154878 0.139400 0.692913 8157303 3
-0.143501 0.139400 0.692913 9078405 3
-0.130965 0.138177 0.686835 10854818 3
-0.118647 0.136976 0.680863 10920611 3
-0.106084 0.135212 0.672096 10591646 3
-0.194365 0.146247 0.672096 8354171 3
-0.181770 0.145003 0.666376 10591133 3
-0.171559 0.145622 0.669224 9209739 3
-0.158538 0.143779 0.660753 9407370 3
-0.148315 0.144388 0.663553 8880767 3
-0.136840 0.143779 0.660753 10130580 3
-0.125462 0.143175 0.657977 10920609 3
-0.115630 0.144388 0.663553 11775918 3
-0.103855 0.143175 0.657977 11578539 3
-0.188061 0.152181 0.650298 9604236 3
-0.175741 0.150771 0.644273 9670031 3
-0.164485 0.150154 0.641633 10131095 3
-0.153361 0.149579 0.639177 9275784 3
-0.142867 0.149579 0.639177 9538697 3
-0.132372 0.149579 0.639177 10920350 3
-0.122599 0.150464 0.642960 10722717 3
-0.112763 0.151433 0.647101 10262166 3
-0.101850 0.151005 0.645270 9801615 3
-0.194448 0.159342 0.636258 9999248 3
-0.182609 0.158137 0.631445 9998994 3
-0.172198 0.158097 0.631287 9407372 3
-0.161224 0.157502 0.628909 10130582 3
-0.150898 0.157502 0.628909 9077122 3
-0.140572 0.157502 0.628909 9932431 3
-0.130607 0.157939 0.630653 9078146 3
-0.120738 0.158577 0.633203 9802128 3
-0.110509 0.158818 0.634163 12236210 3
-0.100478 0.159423 0.636579 10657178 3
-0.191385 0.167115 0.626238 9933201 3
-0.180427 0.166491 0.623898 8617854 3
-0.169719 0.166037 0.622196 9736335 3
-0.159304 0.165830 0.621422 10788510 3
-0.149028 0.165748 0.621116 11182498 3
-0.137433 0.164081 0.614867 10392982 3
-0.127525 0.164323 0.615774 10262166 3
-0.117908 0.165012 0.618358 10788510 3
-0.108289 0.165830 0.621422 10920096 3
-0.199228 0.175252 0.618663 9209991 3
-0.187679 0.173962 0.614111 10328472 3
-0.177596 0.173962 0.614111 9736335 3
-0.167432 0.173878 0.613813 8355452 3
-0.156205 0.172608 0.609332 10328472 3
-0.145741 0.172066 0.607417 11248291 3
-0.134270 0.170167 0.600715 11116707 3
-0.114433 0.170004 0.600138 11182502 3
-0.104957 0.170617 0.602302 11182500 3
-0.194708 0.181203 0.604627 9538956 3
-0.184781 0.181203 0.604627 9078405 3
-0.174854 0.181203 0.604627 8289659 3
-0.164018 0.180205 0.601299 9737103 3
-0.633548 0.163465 0.884737 3354930 3
-0.605342 0.159852 0.865185 4473411 3
-0.690575 0.174058 0.865185 2763314 3
-0.683926 0.176002 0.874852 3816256 3
-0.673324 0.176991 0.879766 4342599 3
-0.651558 0.175025 0.869991 4276547 3
-0.633753 0.174058 0.865185 5591892 3
-0.609446 0.171220 0.851078 5526610 3
-0.691185 0.177477 0.815617 3420472 3
-0.677794 0.177477 0.815617 3749437 3
-0.693289 0.185194 0.851078 3486778 3
-0.679315 0.185194 0.851078 3420985 3
-0.672653 0.187229 0.860431 3158325 3
-0.665842 0.189309 0.869991 3487029 3
-0.647958 0.188263 0.865185 4473924 3
-0.626826 0.186206 0.855729 5592405 3
-0.606152 0.184192 0.846478 5855575 3
-0.681488 0.188191 0.804173 2761774 3
-0.667153 0.187872 0.802813 2762542 3
-0.622168 0.198767 0.849369 5526610 3
-0.603911 0.197359 0.843349 5986904 3
-0.747910 0.166283 0.899991 2828848 3
-0.733133 0.166283 0.899991 2039334 3
-0.718356 0.166283 0.899991 1710628 3
-0.737264 0.175025 0.869991 2828590 3
-0.703440 0.170294 0.846478 2565676 3
-0.704780 0.174058 0.865185 3420987 3
-0.743290 0.187229 0.860431 4209988 3
-0.716675 0.194146 0.829621 2827567 3
0.490241 0.094150 0.559280 7434100 3
0.440660 0.098412 0.532648 7170158 3
0.449405 0.098412 0.532648 7301231 3
0.455055 0.097747 0.529049 6051164 3
0.465314 0.098079 0.530842 5853785 3
0.412454 0.102178 0.606971 8289405 3
0.425720 0.102977 0.611713 8025465 3
0.435764 0.102977 0.611713 7828088 3
0.440644 0.101784 0.604627 8354430 3
0.455851 0.102977 0.611713 7893879 3
0.473290 0.104611 0.621422 7697268 3
0.485420 0.105028 0.623898 7697779 3
0.489809 0.103788 0.616529 7630707 3
0.492181 0.102178 0.606971 7038570 3
0.397862 0.101004 0.599994 8552831 3
0.364123 0.109596 0.593176 10196634 3
0.372451 0.109182 0.590937 8288637 3
0.382154 0.109182 0.590937 8289405 3
0.386030 0.107558 0.582150 6842213 3
0.394123 0.107160 0.579994 7236971 3
0.348606 0.120707 0.599994 10262170 3
0.355731 0.119789 0.595431 10196634 3
0.362749 0.118885 0.590937 9736083 3
0.371051 0.118438 0.588716 9538958 3
0.377876 0.117554 0.584322 8880515 3
0.383181 0.116252 0.577854 8814720 3
0.385555 0.114146 0.567386 8156790 3
0.392030 0.113325 0.563304 8025719 3
0.328903 0.130558 0.599994 9603470 3
0.336178 0.129565 0.595431 9471884 3
0.345955 0.129565 0.595431 10591135 3
0.354383 0.129074 0.593176 9538447 3
0.361385 0.128104 0.588716 9143946 3
0.369662 0.127624 0.586511 9998996 3
0.373693 0.125740 0.577854 9208451 3
0.377607 0.123911 0.569449 8155248 3
0.380047 0.121699 0.559280 8155248 3
0.386469 0.120835 0.555314 7958641 3
0.394189 0.120409 0.553351 7433582 3
0.307955 0.139844 0.597578 11971505 3
0.314983 0.138618 0.592342 12103091 3
0.323862 0.138257 0.590799 11708333 3
0.332387 0.137770 0.588716 11248295 3
0.341973 0.137738 0.588578 11182502 3
0.348371 0.136458 0.583112 11314604 3
0.351560 0.134024 0.572710 9670290 3
0.357126 0.132600 0.566622 9538443 3
0.363716 0.131618 0.562426 8483699 3
0.370619 0.130795 0.558910 9995397 3
0.374863 0.129096 0.551652 9337725 3
0.379654 0.127661 0.545521 8089457 3
0.386341 0.126916 0.542334 8551550 3
0.391687 0.125773 0.537452 9735826 3
0.399481 0.125449 0.536068 8354430 3
0.303914 0.147692 0.589736 10326680 3
0.307992 0.145052 0.579196 10655645 3
0.316550 0.144617 0.577458 10853022 3
0.321875 0.142774 0.570098 12037298 3
0.330858 0.142611 0.569449 10260887 3
0.338368 0.141840 0.566369 10787490 3
0.344393 0.140504 0.561035 10064021 3
0.350388 0.139226 0.555931 9932431 3
0.358165 0.138703 0.553843 9864838 3
0.364522 0.137669 0.549715 9665149 3
0.368297 0.135734 0.541989 9336955 3
0.370227 0.133226 0.531974 9272961 3
0.376404 0.132327 0.528385 8484985 3
0.383379 0.131742 0.526051 8354171 3
0.391360 0.131522 0.525171 7762034 3
0.392511 0.129065 0.515361 8419966 3
0.396794 0.127720 0.509989 9077896 3
0.307340 0.149615 0.560658 10721436 3
0.316121 0.149414 0.559906 11116196 3
0.325751 0.149615 0.560658 11247782 3
0.346620 0.146758 0.549953 10062477 3
0.352252 0.145356 0.544698 9535104 3
0.356314 0.143392 0.537337 9402747 3
0.362336 0.142292 0.533216 9534593 3
0.367198 0.140799 0.527622 9272963 3
0.369484 0.138410 0.518670 9406087 3
0.371149 0.135902 0.509270 9538958 3
0.375613 0.134506 0.504039 9144200 3
0.383425 0.134343 0.503431 9078153 3
0.390436 0.133913 0.501818 8946567 3
0.302266 0.156199 0.551403 11708333 3
0.310501 0.155788 0.549953 10918817 3
0.318133 0.155106 0.547547 10787233 3
0.324021 0.153635 0.542355 11050403 3
0.331335 0.152901 0.539763 9602444 3
0.336360 0.151177 0.533675 9667721 3
0.343291 0.150374 0.530842 8812410 3
0.348625 0.148930 0.525742 9601667 3
0.353459 0.147346 0.520153 9865100 3
0.355971 0.144892 0.511490 9602957 3
0.359282 0.142869 0.504349 9275273 3
0.364550 0.141698 0.500215 8881542 3
0.302726 0.160690 0.536182 11510956 3
0.309806 0.159801 0.533216 11181991 3
0.316744 0.158890 0.530173 10458779 3
0.324690 0.158519 0.528937 9470858 3
0.329834 0.156836 0.523319 9339526 3
0.333403 0.154508 0.515552 10063506 3
0.338118 0.152813 0.509896 9998224 3
0.343616 0.151545 0.505667 8616575 3
0.306419 0.166713 0.527386 11116455 3
0.308713 0.163345 0.516731 10721697 3
0.316083 0.162772 0.514916 10590111 3
0.320266 0.160630 0.508140 10064021 3
0.325695 0.159205 0.503633 10327963 3
0.334974 0.159686 0.505156 8814724 3
0.332827 0.166904 0.501918 9077896 3
0.339985 0.166374 0.500324 9209482 3
-0.061156 0.111704 0.663553 9802126 3
-0.050475 0.112179 0.666376 10064789 3
-0.096289 0.125797 0.680863 8946821 3
-0.085109 0.125797 0.680863 8486266 3
-0.072357 0.123120 0.666376 8749180 3
-0.060642 0.121568 0.657977 9866891 3
-0.049630 0.121060 0.655223 9932433 3
-0.039035 0.121568 0.657977 10393756 3
-0.028232 0.121568 0.657977 9538447 3
-0.017957 0.125252 0.677915 10721951 3
-0.094240 0.134061 0.666376 10394267 3
-0.082946 0.133493 0.663553 10262679 3
-0.070556 0.130724 0.649786 12432818 3
-0.059394 0.129648 0.644438 11642789 3
-0.048613 0.129116 0.641797 11643051 3
-0.038232 0.129648 0.644438 12564155 3
-0.027651 0.129648 0.644438 11314088 3
-0.017502 0.132930 0.660753 10458779 3
-0.006797 0.135795 0.674993 10458266 3
-0.092277 0.141982 0.652493 10920609 3
-0.080889 0.140808 0.647101 11446440 3
-0.069404 0.139084 0.639177 11840681 3
-0.058670 0.138519 0.636579 11511203 3
-0.048218 0.138519 0.636579 11511463 3
-0.037920 0.139084 0.639177 12234675 3
-0.027425 0.139084 0.639177 12168884 3
-0.017070 0.140229 0.644438 11839919 3
-0.006625 0.143175 0.657977 11839921 3
-0.090857 0.150347 0.642458 10920096 3
-0.079878 0.149541 0.639015 11051684 3
-0.068739 0.148145 0.633050 11182239 3
-0.058182 0.147732 0.631287 11576737 3
-0.047637 0.147176 0.628909 10524311 3
-0.037311 0.147176 0.628909 10721179 3
-0.026985 0.147176 0.628909 12102062 3
-0.016663 0.147213 0.629068 11510441 3
-0.006376 0.148181 0.633203 10853026 3
-0.090003 0.159382 0.636418 10590363 3
-0.079252 0.158777 0.634002 10458777 3
-0.068651 0.158337 0.632244 10985121 3
-0.058022 0.157661 0.629545 10261137 3
-0.047435 0.156833 0.626238 10918556 3
-0.037014 0.156247 0.623898 12233648 3
-0.026697 0.155821 0.622196 12496820 3
-0.016456 0.155589 0.621269 12694715 3
-0.006231 0.154974 0.618814 11379368 3
-0.098086 0.165830 0.621422 10920096 3
-0.087882 0.165830 0.621422 10261398 3
-0.078106 0.166742 0.624840 11643051 3
-0.067830 0.166699 0.624678 11314086 3
-0.057175 0.165545 0.620355 11445413 3
-0.046551 0.164001 0.614568 11971244 3
-0.036149 0.162604 0.609332 12431027 3
-0.026075 0.162171 0.607709 12431797 3
-0.016066 0.161857 0.606535 11707820 3
-0.095068 0.170617 0.602302 11050912 3
-0.085632 0.171526 0.605512 11577258 3
-0.077115 0.174754 0.616906 10656156 3
-0.067293 0.175555 0.619734 10524057 3
-0.056546 0.173799 0.613536 10918556 3
-0.045677 0.170823 0.603028 11773095 3
-0.035630 0.170127 0.600572 10721179 3
-0.126110 0.134500 0.798972 8421502 3
-0.111850 0.133142 0.790901 8421245 3
-0.197757 0.142528 0.771421 8880774 3
-0.124040 0.131515 0.711811 8288891 3
-0.199607 0.147217 0.731768 8880515 3
-0.184999 0.145182 0.721652 8420223 3
-0.839921 0.166848 0.991129 2236710 3
-0.823648 0.166848 0.991129 3617851 3
-0.807375 0.166848 0.991129 3617855 3
-0.835054 0.178600 0.966657 2763567 3
-0.850926 0.194472 0.966657 3420984 3
0.607994 0.103438 0.680863 5526103 3
0.611201 0.102107 0.672096 5920091 3
0.624918 0.102547 0.674993 5394515 3
0.625221 0.100809 0.663553 5460308 3
0.619577 0.112658 0.669224 5789273 3
0.300925 0.101670 0.669224 10788510 3
0.311913 0.101670 0.669224 10854305 3
0.321527 0.101238 0.666376 11380649 3
0.332468 0.101238 0.666376 11051684 3
0.343410 0.101238 0.666376 11314858 3
0.352849 0.100809 0.663553 10262168 3
0.362210 0.100383 0.660753 11841200 3
0.307965 0.111232 0.660753 11708844 3
0.317474 0.110765 0.657977 11708844 3
0.328278 0.110765 0.657977 12169395 3
0.336255 0.109842 0.652493 10853535 3
0.344101 0.108934 0.647101 11511465 3
0.348958 0.107163 0.636579 11643821 3
0.357955 0.106729 0.634002 10788514 3
0.363944 0.105448 0.626394 10722978 3
0.369791 0.104198 0.618966 10196634 3
0.372591 0.102178 0.606971 9868439 3
0.381080 0.101784 0.604627 6907754 3
0.389503 0.101392 0.602302 7566195 3
0.301602 0.119559 0.647101 11577258 3
0.312227 0.119559 0.647101 11314086 3
0.322852 0.119559 0.647101 11379881 3
0.330743 0.118579 0.641797 11906225 3
0.338506 0.117615 0.636579 11445674 3
0.343375 0.115733 0.626394 11578030 3
0.349466 0.114361 0.618966 10262170 3
0.354031 0.112581 0.609332 8749188 3
0.359836 0.111282 0.602302 10986150 3
0.308404 0.128589 0.639177 11577258 3
0.318898 0.128589 0.639177 11906225 3
0.328054 0.128067 0.636579 10656158 3
0.336642 0.123547 0.614111 10721951 3
0.341370 0.121639 0.604627 10459549 3
0.304673 0.137402 0.631445 11050655 3
0.316316 0.137958 0.634002 11445159 3
0.322805 0.136302 0.626394 11050403 3
0.324017 0.132590 0.609332 11116196 3
0.304902 0.143014 0.611124 10853022 3
0.222531 0.106209 0.699100 9999248 3
0.229904 0.104346 0.686835 8946560 3
0.239084 0.103438 0.680863 8749181 3
0.250263 0.103438 0.680863 9933714 3
0.260311 0.102991 0.677915 9209991 3
0.270271 0.102547 0.674993 8420216 3
0.281354 0.102547 0.674993 8354423 3
0.291182 0.102107 0.672096 9801615 3
0.218627 0.115623 0.686835 10130064 3
0.226919 0.114121 0.677915 10327443 3
0.236006 0.113142 0.672096 10722201 3
0.247041 0.113142 0.672096 12564921 3
0.258076 0.113142 0.672096 10656924 3
0.267961 0.112658 0.669224 11051166 3
0.278949 0.112658 0.669224 11248545 3
0.286267 0.111232 0.660753 11972014 3
0.297116 0.111232 0.660753 11643049 3
0.206445 0.126346 0.683836 11314086 3
0.214858 0.124712 0.674993 11840428 3
0.224009 0.123646 0.669224 11511204 3
0.233997 0.123120 0.666376 12300720 3
0.242872 0.122081 0.660753 12169393 3
0.253720 0.122081 0.660753 11643049 3
0.264569 0.122081 0.660753 11116446 3
0.274261 0.121568 0.657977 10853274 3
0.281516 0.120055 0.649786 12037296 3
0.292185 0.120055 0.649786 12366261 3
0.202033 0.134634 0.669224 10656156 3
0.212115 0.134061 0.666376 11182241 3
0.223056 0.134061 0.666376 11181726 3
0.233006 0.133493 0.663553 11708583 3
0.240839 0.131818 0.655223 12827066 3
0.251597 0.131818 0.655223 12169393 3
0.261262 0.131268 0.652493 11313825 3
0.271976 0.131268 0.652493 11905964 3
0.279199 0.129648 0.644438 11247780 3
0.289780 0.129648 0.644438 11905710 3
0.297909 0.128589 0.639177 11379879 3
0.207696 0.141982 0.652493 10458518 3
0.217503 0.141393 0.649786 11247521 3
0.227229 0.140808 0.647101 11313314 3
0.236875 0.140229 0.644438 11247780 3
0.247456 0.140229 0.644438 10787229 3
0.255930 0.139084 0.639177 11248034 3
0.266425 0.139084 0.639177 12234929 3
0.275794 0.138519 0.636579 12103343 3
0.286246 0.138519 0.636579 12168882 3
0.295497 0.137958 0.634002 12498101 3
0.203980 0.149963 0.640821 11379107 3
0.213952 0.149579 0.639177 11444130 3
0.224389 0.149541 0.639015 12431795 3
0.233986 0.148971 0.636579 12366004 3
0.244376 0.148933 0.636418 11247780 3
0.253858 0.148368 0.634002 11708072 3
0.263535 0.147956 0.632244 12497588 3
0.272815 0.147361 0.629702 11510693 3
0.282656 0.147103 0.628596 11642279 3
0.289923 0.145569 0.622042 10721688 3
0.296246 0.143682 0.613979 10787481 3
0.205933 0.162021 0.646955 12300211 3
0.214502 0.160485 0.640821 11576486 3
0.224333 0.159992 0.638854 12694969 3
0.233039 0.158777 0.634002 12366004 3
0.259544 0.155939 0.622670 12168625 3
0.267042 0.154364 0.616378 11248034 3
0.276009 0.153721 0.613813 10326932 3
0.281746 0.151389 0.604499 10919067 3
0.205034 0.171890 0.644130 11444902 3
0.213354 0.170091 0.637391 12760762 3
0.223366 0.169747 0.636100 11773867 3
0.231167 0.167828 0.628909 11773867 3
0.240710 0.167284 0.626869 11115937 3
0.246809 0.164489 0.616396 11905453 3
0.255105 0.163321 0.612019 11379109 3
0.261826 0.161271 0.604338 11313827 3
0.255669 0.173753 0.613373 9997456 3
0.260881 0.170576 0.602157 9800588 3
-0.123035 0.132171 0.869991 9013639 3
-0.103027 0.125215 0.824202 8684415 3
-0.196642 0.148101 0.879766 7631729 3
-0.182197 0.148101 0.879766 6710886 3
-0.165889 0.146456 0.869991 6316128 3
-0.142129 0.137302 0.815617 7631988 3
-0.195695 0.150694 0.815617 8947335 3
-0.182304 0.150694 0.815617 7499373 3
-0.168912 0.150694 0.815617 7301996 3
-0.155520 0.150694 0.815617 7565168 3
-0.258783 0.135948 0.894848 7434611 3
-0.242704 0.135175 0.889764 7500404 3
-0.219370 0.130005 0.855729 7895162 3
-0.206448 0.130719 0.860431 7631988 3
-0.297756 0.148101 0.879766 8486016 3
-0.289825 0.151506 0.899991 7828856 3
-0.271922 0.149784 0.889764 7368305 3
-0.251595 0.146456 0.869991 5328722 3
-0.229655 0.141731 0.841927 4670792 3
-0.210182 0.138021 0.819887 4077887 3
-0.215940 0.151506 0.899991 6249822 3
-0.297756 0.162546 0.879766 5854550 3
-0.289825 0.166283 0.899991 6578789 3
-0.270386 0.163465 0.884737 6381408 3
-0.251595 0.160740 0.869991 6117722 3
-0.221326 0.149913 0.811391 7696754 3
-0.294448 0.175025 0.869991 8223098 3
-0.288168 0.180025 0.894848 8881028 3
-0.265879 0.175025 0.869991 9144200 3
-0.238353 0.165813 0.824202 8683649 3
-0.452371 0.136729 0.899991 7434100 3
-0.408040 0.136729 0.899991 5921372 3
-0.491698 0.145647 0.865185 5723732 3
-0.482828 0.147274 0.874852 6579041 3
-0.468463 0.147274 0.874852 4802378 3
-0.451576 0.146456 0.869991 4144450 3
-0.437292 0.146456 0.869991 4341829 3
-0.435094 0.150640 0.894848 8092028 3
-0.420401 0.150640 0.894848 7236719 3
-0.405709 0.150640 0.894848 5132113 3
-0.483681 0.157246 0.851078 5197645 3
-0.469707 0.157246 0.851078 4802630 3
-0.453270 0.156396 0.846478 3354930 3
-0.441760 0.157246 0.851078 5987165 3
-0.430123 0.158105 0.855729 8684165 3
-0.427761 0.162546 0.879766 7367535 3
-0.413316 0.162546 0.879766 6776168 3
-0.492304 0.169379 0.841927 5066061 3
-0.481067 0.170294 0.846478 5723989 3
-0.464657 0.169379 0.841927 4671044 3
-0.448422 0.168473 0.837425 7368303 3
-0.439372 0.170294 0.846478 7434611 3
-0.427786 0.171220 0.851078 6643812 3
-0.420671 0.174058 0.865185 5788503 3
-0.406465 0.174058 0.865185 7434098 3
-0.481940 0.179345 0.824202 6316128 3
-0.468407 0.179345 0.824202 6316126 3
-0.447804 0.176558 0.811391 6052697 3
-0.434482 0.176558 0.811391 7631475 3
-0.423353 0.177477 0.815617 6184029 3
-0.420923 0.182223 0.837425 6117722 3
-0.413812 0.185194 0.851078 6775652 3
-0.589969 0.134412 0.884737 4604999 3
-0.575442 0.134412 0.884737 4408133 3
-0.576931 0.145647 0.865185 3947067 3
-0.556575 0.144055 0.855729 4868682 3
-0.557765 0.148101 0.879766 5066063 3
-0.546389 0.148938 0.884737 6579302 3
-0.537941 0.150640 0.894848 6316128 3
-0.508714 0.146456 0.869991 5920857 3
-0.591136 0.159852 0.865185 4736583 3
-0.564457 0.156396 0.846478 5395028 3
-0.553550 0.157246 0.851078 5526610 3
-0.554649 0.161638 0.874852 6052956 3
-0.540284 0.161638 0.874852 6578787 3
-0.528875 0.162546 0.879766 6315617 3
-0.500374 0.158105 0.855729 5789784 3
-0.592253 0.170294 0.846478 5986650 3
-0.578355 0.170294 0.846478 5393999 3
-0.561422 0.169379 0.841927 5658200 3
-0.550558 0.170294 0.846478 5658198 3
-0.551567 0.175025 0.869991 5592405 3
-0.534314 0.174058 0.865185 6118236 3
-0.520109 0.174058 0.865185 5657687 3
-0.592253 0.184192 0.846478 5328206 3
-0.578355 0.184192 0.846478 6380894 3
-0.558420 0.182223 0.837425 6710375 3
-0.544670 0.182223 0.837425 6447714 3
-0.539577 0.185194 0.851078 6316128 3
-0.522762 0.184192 0.846478 6052443 3
-0.506127 0.183202 0.841927 5723480 3
-0.591258 0.197758 0.845056 6051929 3
-0.573724 0.196505 0.839700 5525072 3
-0.548179 0.192378 0.822067 5789273 3
-0.527737 0.189880 0.811391 6316128 3
-0.507234 0.187229 0.800064 5855577 3
-0.717674 0.142460 0.937715 3486777 3
-0.719512 0.145956 0.960726 3684156 3
-0.703738 0.145956 0.960726 4210241 3
-0.791101 0.166848 0.991129 3684159 3
-0.765143 0.164763 0.978740 2961463 3
-0.705010 0.155071 0.921167 3224119 3
-0.789926 0.172222 0.932133 3289398 3
-0.707646 0.167244 0.905193 2106154 3
-0.795758 0.185320 0.921167 3420984 3
0.210667 0.106098 0.782992 8749438 3
0.223523 0.106098 0.782992 9144196 3
0.230614 0.103511 0.763895 9012610 3
0.206536 0.116622 0.767639 9077892 3
0.211870 0.112753 0.742173 9143685 3
0.217861 0.109635 0.721652 9867408 3
0.203203 0.119827 0.711811 12169395 3
0.212954 0.118748 0.705398 10656154 3
0.108909 0.107170 0.790901 9144198 3
0.119481 0.105048 0.775240 9144196 3
0.131558 0.104530 0.771421 9079173 3
0.144938 0.105048 0.775240 8618624 3
0.159243 0.106098 0.782992 8947589 3
0.171243 0.105570 0.779097 8684417 3
0.183124 0.105048 0.775240 9209991 3
0.197811 0.106098 0.782992 8749442 3
0.102685 0.113290 0.745707 9144198 3
0.114929 0.113290 0.745707 9275782 3
0.128396 0.114379 0.752877 9012610 3
0.142124 0.115490 0.760186 9670542 3
0.156121 0.116622 0.767639 9604749 3
0.167087 0.115490 0.760186 8354169 3
0.178701 0.114932 0.756514 9143687 3
0.192986 0.116053 0.763895 9275273 3
0.100766 0.123187 0.731768 8749440 3
0.113845 0.124349 0.738672 9670540 3
0.127173 0.125534 0.745707 9538697 3
0.139416 0.125534 0.745707 8551548 3
0.151660 0.125534 0.745707 9735824 3
0.162358 0.124349 0.738672 9538445 3
0.172855 0.123187 0.731768 10129812 3
0.184870 0.123187 0.731768 10590365 3
0.196885 0.123187 0.731768 10721949 3
0.100297 0.134573 0.728365 9604238 3
0.112781 0.135202 0.731768 9670031 3
0.125973 0.136478 0.738672 9866638 3
0.138101 0.136478 0.738672 11050912 3
0.148825 0.135202 0.731768 10919069 3
0.160092 0.134573 0.728365 11116448 3
0.171255 0.133950 0.724993 10984608 3
0.182314 0.133333 0.721652 11247780 3
0.191516 0.131515 0.711811 10787744 3
0.100297 0.146532 0.728365 8880515 3
0.112781 0.147217 0.731768 9801617 3
0.124215 0.146532 0.728365 10458775 3
0.136174 0.146532 0.728365 10853533 3
0.146768 0.145182 0.721652 11510693 3
0.155746 0.142554 0.708590 11905710 3
0.167380 0.142554 0.708590 12366261 3
0.179015 0.142554 0.708590 10919330 3
0.129642 0.165416 0.760186 11445672 3
0.142124 0.165416 0.760186 11116194 3
-0.006026 0.159692 0.598420 12628922 3
-0.025640 0.169274 0.597562 11181730 3
-0.015765 0.168591 0.595150 12299957 3
-0.005952 0.167437 0.591077 12892094 3
-0.090811 0.172425 0.575337 12037807 3
-0.080782 0.171189 0.571215 11182500 3
-0.044984 0.177982 0.593881 12431025 3
-0.035183 0.177729 0.593036 13023934 3
-0.025356 0.177100 0.590937 12300211 3
-0.015653 0.177100 0.590937 12365750 3
-0.005952 0.177142 0.591077 13417924 3
-0.075636 0.169067 0.534831 11445672 3
-0.066329 0.167735 0.530619 11576747 3
-0.057240 0.166641 0.527157 12103343 3
-0.048432 0.166117 0.525498 11707556 3
-0.039956 0.166753 0.527510 11838631 3
-0.032078 0.170925 0.540708 11839658 3
-0.023727 0.174807 0.552989 11707820 3
-0.014775 0.176325 0.557793 13944014 3
-0.005764 0.180969 0.572482 13286338 3
-0.092586 0.176679 0.531313 12432056 3
-0.083505 0.175926 0.529049 11313573 3
-0.074630 0.175481 0.527713 12037811 3
-0.065688 0.174745 0.525498 11905712 3
-0.056929 0.174343 0.524290 11971246 3
-0.048270 0.174160 0.523741 11838888 3
-0.039688 0.174234 0.523961 12036267 3
-0.031287 0.175370 0.527379 12431795 3
-0.022758 0.176373 0.530395 13681096 3
-0.014243 0.178802 0.537699 13812171 3
-0.005437 0.179565 0.539995 13286338 3
-0.099866 0.182760 0.523741 10721440 3
-0.090850 0.181925 0.521348 10392473 3
-0.082118 0.181545 0.520261 10129301 3
-0.073576 0.181545 0.520261 10391962 3
-0.065020 0.181508 0.520153 12760510 3
-0.056165 0.180497 0.517255 11642281 3
-0.047476 0.179754 0.515126 11576486 3
-0.039043 0.179866 0.515447 11509925 3
-0.030936 0.181961 0.521453 12958141 3
-0.022397 0.182150 0.521995 13549510 3
-0.013893 0.183030 0.524514 12693690 3
-0.005311 0.184068 0.527491 12628406 3
-0.096948 0.185767 0.508436 11379370 3
-0.088618 0.185805 0.508540 12432056 3
-0.080513 0.186372 0.510093 12102578 3
-0.072138 0.186372 0.510093 11114916 3
-0.063750 0.186335 0.509989 12759740 3
-0.055085 0.185354 0.507305 11576234 3
-0.046812 0.185579 0.507922 9865870 3
-0.038527 0.185843 0.508644 12037039 3
-0.030498 0.187827 0.514074 11971505 3
-0.022053 0.187787 0.513965 12167603 3
-0.013665 0.188485 0.515874 13614790 3
-0.005235 0.189970 0.519940 11904683 3
-0.095705 0.191627 0.501918 10919330 3
-0.087481 0.191665 0.502019 9866129 3
-0.079478 0.192243 0.503532 10720927 3
-0.071210 0.192243 0.503532 12693690 3
-0.062930 0.192204 0.503431 12365236 3
-0.054500 0.191627 0.501918 13221311 3
-0.046361 0.192050 0.503028 12498101 3
-0.038156 0.192321 0.503736 11116194 3
-0.030066 0.193487 0.506791 11642538 3
-0.021745 0.193487 0.506791 11313316 3
-0.013427 0.193526 0.506894 12233648 3
-0.005143 0.194988 0.510721 11904170 3
0.005022 0.107170 0.790901 10000277 3
0.018008 0.107170 0.790901 9934482 3
0.030684 0.106098 0.782992 8947587 3
0.043323 0.105570 0.779097 10000277 3
0.056396 0.106098 0.782992 9211022 3
0.069252 0.106098 0.782992 9210761 3
0.081699 0.105570 0.779097 9473416 3
0.095441 0.106631 0.786927 8814973 3
0.004923 0.117776 0.775240 10460058 3
0.017651 0.117776 0.775240 10131091 3
0.029935 0.116053 0.763895 9604747 3
0.041665 0.113832 0.749275 9209993 3
0.053456 0.112753 0.742173 8355202 3
0.065332 0.112221 0.738672 8815235 3
0.076736 0.111172 0.731768 8552059 3
0.089168 0.111694 0.735204 8354935 3
0.004827 0.127971 0.760186 9802130 3
0.017060 0.126134 0.749275 9604749 3
0.028811 0.123765 0.735204 9802128 3
0.040502 0.122614 0.728365 9933716 3
0.052218 0.122046 0.724993 11249065 3
0.063826 0.121484 0.721652 10196375 3
0.075675 0.121484 0.721652 9078403 3
0.088338 0.122614 0.728365 9209991 3
0.004625 0.134573 0.728365 9537675 3
0.016431 0.133333 0.721652 8748929 3
0.028280 0.133333 0.721652 9406859 3
0.039582 0.131515 0.711811 10656156 3
0.051037 0.130920 0.708590 10722717 3
0.062671 0.130920 0.708590 10789023 3
0.075328 0.132721 0.718341 9933716 3
0.087929 0.133950 0.724993 8486016 3
0.050579 0.141275 0.702235 10721947 3
0.062109 0.141275 0.702235 9867921 3
0.075328 0.144516 0.718341 9013128 3
0.087929 0.145854 0.724993 10196634 3
-0.007964 0.107170 0.790901 9736333 3
-0.072893 0.120156 0.790901 8683645 3
-0.060518 0.121382 0.798972 10131095 3
-0.047400 0.121382 0.798972 9670544 3
-0.034282 0.121382 0.798972 9933716 3
-0.020740 0.118954 0.782992 9933714 3
-0.007845 0.118362 0.779097 10657437 3
-0.092336 0.124349 0.738672 9868689 3
-0.080207 0.124349 0.738672 9342344 3
-0.046452 0.131810 0.782992 10130584 3
-0.033596 0.131810 0.782992 10262168 3
-0.020234 0.128595 0.763895 9406859 3
-0.007692 0.128595 0.763895 9933201 3
-0.007334 0.134573 0.728365 10195607 3
0.134202 0.093711 0.786927 9079173 3
0.147123 0.093711 0.786927 8421502 3
0.161668 0.094662 0.794916 8618622 3
0.173838 0.094184 0.790901 8487038 3
0.185885 0.093711 0.786927 8421245 3
0.199809 0.094184 0.790901 8157305 3
-0.094994 0.104181 0.874852 7829106 3
-0.079301 0.102464 0.860431 9210759 3
-0.093428 0.116592 0.860431 10131861 3
-0.075962 0.111682 0.824202 9473931 3
-0.062429 0.111682 0.824202 9276554 3
-0.048137 0.109946 0.811391 9209993 3
-0.034635 0.109380 0.807208 10525851 3
-0.021272 0.108819 0.803069 10657437 3
-0.087649 0.122633 0.807208 8684415 3
-0.298399 0.110346 0.926618 6710886 3
-0.284871 0.111003 0.932133 6842985 3
-0.272814 0.112340 0.943364 6382434 3
-0.260463 0.113710 0.954868 6974571 3
-0.240387 0.111667 0.937715 7697268 3
-0.224991 0.111667 0.937715 7631729 3
-0.213429 0.113710 0.954868 7961205 3
-0.296644 0.124822 0.921167 7171437 3
-0.281519 0.124822 0.921167 7434609 3
-0.266395 0.124822 0.921167 6645093 3
-0.251270 0.124822 0.921167 6447714 3
-0.232050 0.122657 0.905193 6974060 3
-0.217188 0.122657 0.905193 7500400 3
-0.207114 0.125560 0.926618 7369325 3
-0.296644 0.139946 0.921167 8355713 3
-0.281519 0.139946 0.921167 7237232 3
-0.205896 0.139946 0.921167 7829878 3
-0.346938 0.106563 0.894848 5329744 3
-0.328492 0.105359 0.884737 5921368 3
-0.315749 0.105957 0.889764 6645091 3
-0.369981 0.119212 0.879766 6053469 3
-0.353550 0.118546 0.874852 6579813 3
-0.339186 0.118546 0.874852 6513505 3
-0.328492 0.119885 0.884737 5789782 3
-0.313965 0.119885 0.884737 5921368 3
-0.391016 0.135948 0.894848 5395539 3
-0.367914 0.132910 0.874852 7039851 3
-0.351586 0.132171 0.869991 7368814 3
-0.339186 0.132910 0.874852 7039851 3
-0.330358 0.135175 0.889764 7434609 3
-0.319378 0.136729 0.899991 7368303 3
-0.382278 0.147274 0.874852 5592664 3
-0.363849 0.145647 0.865185 7105644 3
-0.347722 0.144846 0.860431 6315869 3
-0.333595 0.144846 0.860431 8289405 3
-0.321232 0.145647 0.865185 7631477 3
-0.308732 0.146456 0.869991 7763063 3
-0.398871 0.162546 0.879766 5328981 3
-0.378054 0.159852 0.865185 5789786 3
-0.361850 0.158974 0.860431 7105133 3
-0.345822 0.158105 0.855729 7039338 3
-0.331772 0.158105 0.855729 7104365 3
-0.319467 0.158974 0.860431 6512228 3
-0.308732 0.160740 0.869991 3288369 3
-0.392260 0.174058 0.865185 6579302 3
-0.373922 0.172155 0.855729 6776681 3
-0.357916 0.171220 0.851078 6841961 3
-0.340244 0.169379 0.841927 7302510 3
-0.326421 0.169379 0.841927 6380642 3
-0.317722 0.172155 0.855729 6643814 3
-0.305340 0.173101 0.860431 9472911 3
-0.399838 0.185194 0.851078 6579300 3
-0.383778 0.184192 0.846478 7631990 3
-0.350912 0.174747 0.803069 6710888 3
-0.337726 0.174747 0.803069 7763061 3
-0.387392 0.109697 0.921167 5263953 3
-0.365812 0.107795 0.905193 5527639 3
-0.308143 0.108421 0.910456 7697522 3
-0.395536 0.122657 0.905193 5987676 3
-0.308143 0.123370 0.910456 5394767 3
-0.308143 0.138319 0.910456 7894647 3
-0.491954 0.116553 0.978740 6710377 3
-0.467125 0.114408 0.960726 6776168 3
-0.459814 0.116553 0.978740 6578789 3
-0.427705 0.112340 0.943364 6250335 3
-0.412216 0.112340 0.943364 6579813 3
-0.496183 0.125560 0.926618 6907754 3
-0.480969 0.125560 0.926618 7105135 3
-0.457631 0.123370 0.910456 7368307 3
-0.442682 0.123370 0.910456 7236719 3
-0.430235 0.124092 0.915780 6512996 3
-0.412785 0.123370 0.910456 6447714 3
-0.487529 0.138319 0.910456 7302512 3
-0.469848 0.137519 0.905193 7236721 3
-0.440124 0.137519 0.905193 7631477 3
-0.425261 0.137519 0.905193 6644582 3
-0.595633 0.109055 0.915780 3684157 3
-0.584012 0.109697 0.921167 2960434 3
-0.572254 0.110346 0.926618 3881535 3
-0.567107 0.112340 0.943364 4013373 3
-0.548315 0.111667 0.937715 3749688 3
-0.536129 0.112340 0.943364 3815735 3
-0.533495 0.115114 0.966657 5921111 3
-0.524093 0.116553 0.978740 6578789 3
-0.517731 0.118780 0.997442 7236721 3
-0.592170 0.123370 0.910456 2828847 3
-0.584012 0.124822 0.921167 3749950 3
-0.568888 0.124822 0.921167 5065809 3
-0.557040 0.125560 0.926618 5658198 3
-0.538638 0.124822 0.921167 5197134 3
-0.529746 0.126307 0.932133 6644834 3
-0.511397 0.125560 0.926618 7039592 3
-0.577222 0.138319 0.910456 4868430 3
-0.562273 0.138319 0.910456 5131602 3
-0.550525 0.139128 0.915780 5855577 3
-0.529298 0.137519 0.905193 5986650 3
-0.517426 0.138319 0.910456 6644834 3
-0.502478 0.138319 0.910456 6513248 3
-0.610669 0.109055 0.915780 4210243 3
-0.684793 0.132623 0.978740 3881535 3
-0.629386 0.124822 0.921167 3091762 3
-0.607119 0.123370 0.910456 2960174 3
-0.679625 0.144187 0.949081 3552570 3
-0.660041 0.143318 0.943364 2697261 3
-0.629386 0.139946 0.921167 3025967 3
-0.698098 0.156917 0.932133 2763054 3
-0.682793 0.156917 0.932133 2170658 3
-0.667488 0.156917 0.932133 2039331 3
-0.652184 0.156917 0.932133 3618617 3
-0.618472 0.152382 0.905193 3420725 3
-0.692784 0.167244 0.905193 2895154 3
-0.681863 0.168216 0.910456 2368296 3
-0.670814 0.169200 0.915780 3091760 3
-1.127323 0.155404 1.304987 2828848 3
-1.115190 0.156710 1.315953 3025714 3
-1.112277 0.159389 1.338448 2827307 3
-1.109263 0.162161 1.361725 2696486 3
-1.105896 0.176830 1.304987 2170405 3
0.436724 0.071138 0.692913 5987165 3
0.448101 0.071138 0.692913 6381923 3
0.498016 0.071774 0.699100 7960442 3
0.408547 0.081434 0.683836 7303025 3
0.417950 0.081080 0.680863 7895162 3
0.427271 0.080729 0.677915 7566197 3
0.438402 0.080729 0.677915 7566708 3
0.453459 0.081434 0.683836 8421502 3
0.464686 0.081434 0.683836 8026746 3
0.473845 0.081080 0.680863 7631477 3
0.485024 0.081080 0.680863 7763065 3
0.498370 0.081434 0.683836 7895160 3
0.410805 0.090682 0.669224 7763576 3
0.423604 0.091071 0.672096 8026748 3
0.436512 0.091464 0.674993 7764087 3
0.447595 0.091464 0.674993 7697779 3
0.458678 0.091464 0.674993 7368816 3
0.463763 0.090296 0.666376 8289407 3
0.472693 0.089914 0.663553 8223616 3
0.471598 0.087685 0.647101 8026235 3
0.482223 0.087685 0.647101 7697270 3
0.488808 0.086966 0.641797 8486786 3
0.499346 0.086966 0.641797 7499123 3
0.405083 0.095163 0.626394 7763574 3
0.422122 0.096711 0.636579 7894901 3
0.432574 0.096711 0.636579 7236717 3
0.443026 0.096711 0.636579 7631477 3
0.449821 0.095931 0.631445 8157053 3
0.452884 0.094408 0.621422 7631477 3
0.464932 0.094784 0.623898 8223614 3
0.480924 0.095931 0.631445 7302512 3
0.489319 0.095546 0.628909 7105131 3
0.495663 0.094784 0.623898 7696500 3
0.298878 0.070825 0.689861 7105385 3
0.288824 0.082515 0.692913 6842211 3
0.293703 0.080729 0.677915 7434350 3
0.255825 0.094310 0.695993 8815233 3
0.267252 0.094310 0.695993 8552061 3
0.275013 0.093069 0.686835 8091508 3
0.286290 0.093069 0.686835 7104613 3
0.293703 0.091860 0.677915 8683647 3
-0.190191 0.102403 0.997442 8158332 3
-0.171627 0.101115 0.984896 7763833 3
-0.195368 0.112340 0.943364 7566193 3
-0.178802 0.111667 0.937715 7632501 3
-0.164390 0.112340 0.943364 7435122 3
-0.148009 0.111667 0.937715 7237743 3
-0.131044 0.110346 0.926618 7566193 3
-0.115148 0.109697 0.921167 8420991 3
-0.189656 0.124092 0.915780 7171948 3
-0.176686 0.125560 0.926618 6908778 3
-0.163406 0.127064 0.937715 6579813 3
-0.147128 0.126307 0.932133 7237741 3
-0.131044 0.125560 0.926618 8421502 3
-0.115148 0.124822 0.921167 9210761 3
-0.190771 0.139946 0.921167 8093052 3
-0.175647 0.139946 0.921167 7961466 3
-0.163406 0.142460 0.937715 7632501 3
-0.148009 0.142460 0.937715 8816260 3
-0.290584 0.109369 1.065295 7763574 3
-0.269428 0.107901 1.050996 6841959 3
-0.248831 0.106472 1.037076 7697522 3
-0.230278 0.105772 1.030253 7895158 3
-0.210592 0.104398 1.016873 7698033 3
-1.175016 0.157620 1.535279 3618364 3
-1.149808 0.157620 1.535279 2565676 3
-1.124601 0.157620 1.535279 2631468 3
-1.163608 0.181053 1.520373 2829101 3
-1.138645 0.181053 1.520373 2368296 3
-1.113682 0.181053 1.520373 2960687 3
-1.044318 0.121798 1.186352 2433577 3
-1.006988 0.149434 1.102806 1381404 3
-1.024839 0.160755 1.186352 2105125 3
-1.006988 0.167541 1.102806 2368299 3
-1.006988 0.185648 1.102806 1447197 3
-0.953282 0.124323 1.043989 2763057 3
-0.923823 0.122687 1.030253 3026229 3
-0.931419 0.126003 1.058097 2960434 3
-0.948792 0.143376 1.058097 1907748 3
-0.931419 0.143376 1.058097 1447195 3
-0.948792 0.160749 1.058097 1907748 3
-0.931419 0.160749 1.058097 2763055 3
-0.975147 0.183070 1.087489 2302506 3
-0.931419 0.178122 1.058097 3092020 3
-0.961789 0.198173 1.072592 2631469 3
0.590773 0.059237 0.686835 5065809 3
0.596815 0.058722 0.680863 4736844 3
0.509494 0.071774 0.699100 7499889 3
0.548068 0.070825 0.689861 6775400 3
0.573247 0.071138 0.692913 5723480 3
0.584624 0.071138 0.692913 5526101 3
0.583101 0.069599 0.677915 4802637 3
0.594232 0.069599 0.677915 4605258 3
0.511833 0.081792 0.686835 7828856 3
0.511885 0.080036 0.672096 7697272 3
0.520685 0.079694 0.669224 7301744 3
0.524943 0.078686 0.660753 7301742 3
0.520421 0.076428 0.641797 6578789 3
0.530959 0.076428 0.641797 6710375 3
0.562235 0.079355 0.666376 5329235 3
0.565951 0.078355 0.657977 6052704 3
0.589131 0.080036 0.672096 4868684 3
0.597601 0.079694 0.669224 5328722 3
0.509883 0.086966 0.641797 7499121 3
0.514100 0.085910 0.634002 7828856 3
0.530959 0.086966 0.641797 7039853 3
0.564637 0.090682 0.669224 6513509 3
0.568339 0.089534 0.660753 6842220 3
0.591670 0.091464 0.674993 5329235 3
0.597601 0.090682 0.669224 5065550 3
0.503900 0.094408 0.621422 7564914 3
0.520297 0.095546 0.628909 7236719 3
0.556596 0.098309 0.647101 5591894 3
0.308844 0.059237 0.686835 6776168 3
0.320122 0.059237 0.686835 6447203 3
0.331399 0.059237 0.686835 6184031 3
0.304833 0.069599 0.677915 5526099 3
0.317338 0.069901 0.680863 4144450 3
0.327095 0.069599 0.677915 7631479 3
0.339696 0.069901 0.680863 7894651 3
0.350875 0.069901 0.680863 6315619 3
0.366839 0.070825 0.689861 8092030 3
0.394709 0.071774 0.699100 7960442 3
0.303519 0.080381 0.674993 8092280 3
0.314602 0.080381 0.674993 9013128 3
0.322901 0.079694 0.669224 9671060 3
0.336768 0.080381 0.674993 9934232 3
0.347850 0.080381 0.674993 7565686 3
0.362054 0.081080 0.680863 8092028 3
0.374863 0.081434 0.683836 8289407 3
0.384412 0.081080 0.680863 7697783 3
0.399062 0.081792 0.686835 7566197 3
0.302217 0.091071 0.672096 9802128 3
0.314602 0.091464 0.674993 11381162 3
0.324287 0.091071 0.672096 11973299 3
0.335322 0.091071 0.672096 11644080 3
0.347850 0.091464 0.674993 12499391 3
0.360487 0.091860 0.677915 11512494 3
0.371618 0.091860 0.677915 10460574 3
0.382748 0.091860 0.677915 8749958 3
0.392181 0.091464 0.674993 8289407 3
0.399817 0.090682 0.669224 7631477 3
0.371491 0.099962 0.657977 10591392 3
0.374428 0.097905 0.644438 9604497 3
0.377247 0.095931 0.631445 8552579 3
0.382982 0.094784 0.623898 8157821 3
0.394798 0.095163 0.626394 7566197 3
0.005317 0.072225 0.837425 10065298 3
0.019273 0.073006 0.846478 10196884 3
0.033534 0.073804 0.855729 10723230 3
0.048377 0.075034 0.869991 9407370 3
0.063012 0.075453 0.874852 7960692 3
0.078250 0.076306 0.884737 8092278 3
0.005206 0.084174 0.819887 10789276 3
0.018766 0.084617 0.824202 11446951 3
0.032299 0.084617 0.824202 10591642 3
0.046074 0.085065 0.828563 10394263 3
0.059995 0.085517 0.832970 9276552 3
0.073672 0.085517 0.832970 8750721 3
0.087348 0.085517 0.832970 8223864 3
0.005099 0.095633 0.803069 10591642 3
0.018285 0.095633 0.803069 9671309 3
0.084213 0.095633 0.803069 9605002 3
0.098920 0.097127 0.815617 8749181 3
-0.493612 0.109806 1.273158 5921881 3
-0.468895 0.108920 1.262890 6382432 3
-0.444575 0.108049 1.252787 6908263 3
-0.410858 0.104698 1.213941 6842470 3
-0.490585 0.124630 1.213941 6645606 3
-0.478065 0.126593 1.233058 5725272 3
-0.465144 0.128618 1.252787 6316639 3
-0.427476 0.123671 1.204603 6579552 3
-0.763071 0.112551 1.304987 3025451 3
-0.767218 0.116432 1.349986 2236964 3
-0.732425 0.114458 1.327105 2368807 3
-0.767218 0.138597 1.349986 3618615 3
-0.732425 0.136248 1.327105 3947839 3
0.638683 0.048171 0.689861 5131090 3
0.607994 0.058722 0.680863 5065552 3
0.619173 0.058722 0.680863 5262931 3
0.624918 0.058216 0.674993 4473415 3
0.633271 0.057966 0.672096 4539208 3
0.661337 0.059498 0.689861 4539206 3
0.605362 0.069599 0.677915 5460308 3
0.616493 0.069599 0.677915 6578789 3
0.624918 0.069299 0.674993 6052445 3
0.633271 0.069001 0.672096 5197136 3
0.658436 0.070514 0.686835 5328722 3
0.678643 0.071455 0.695993 5329235 3
0.696493 0.068706 0.669224 3947069 3
0.608589 0.079694 0.669224 5526099 3
0.622236 0.080036 0.672096 6052443 3
0.622583 0.078686 0.660753 5526099 3
0.693151 0.083252 0.699100 4539208 3
0.674517 0.079694 0.669224 4670024 3
0.608589 0.090682 0.669224 4999757 3
0.624918 0.091464 0.674993 5460306 3
0.625221 0.089914 0.663553 5723480 3
0.664263 0.093892 0.692913 4999759 3
0.675640 0.093892 0.692913 5262676 3
0.663529 0.090682 0.669224 5394517 3
0.423191 0.050860 0.728365 6645093 3
0.441308 0.051580 0.738672 6118751 3
0.478251 0.054402 0.779097 6052958 3
0.472247 0.052320 0.749275 5000270 3
0.484549 0.052320 0.749275 6316130 3
0.403721 0.061672 0.715061 6118238 3
0.415461 0.061672 0.715061 6776679 3
0.425260 0.061391 0.711811 5921372 3
0.436947 0.061391 0.711811 6118751 3
0.448635 0.061391 0.711811 6776681 3
0.458239 0.061113 0.708590 5329235 3
0.472009 0.061391 0.711811 7105131 3
0.483696 0.061391 0.711811 7368303 3
0.495384 0.061391 0.711811 6907754 3
0.409847 0.072420 0.705398 6645095 3
0.419539 0.072095 0.702235 6908267 3
0.431069 0.072095 0.702235 6513509 3
0.467757 0.072420 0.705398 7302510 3
0.479339 0.072420 0.705398 8289659 3
0.488719 0.072095 0.702235 8223612 3
0.306795 0.055790 0.798972 7499889 3
0.328011 0.054949 0.786927 7105131 3
0.327755 0.052826 0.756514 6644580 3
0.320075 0.049704 0.711811 6315617 3
0.300659 0.067530 0.782992 7434096 3
0.313515 0.067530 0.782992 7105131 3
0.306451 0.063409 0.735204 7171178 3
0.306992 0.061113 0.708590 7302764 3
0.391980 0.061672 0.715061 5526101 3
0.384949 0.072095 0.702235 7499893 3
0.292186 0.055507 0.794916 7039338 3
0.279134 0.068559 0.794916 8815749 3
0.287803 0.067530 0.782992 7763061 3
0.254321 0.082027 0.798972 7960694 3
0.264738 0.081198 0.790901 7697268 3
0.274947 0.080386 0.782992 8289405 3
0.271512 0.075836 0.738672 7499889 3
0.279683 0.074778 0.728365 7763061 3
0.286315 0.073412 0.715061 8223612 3
0.298055 0.073412 0.715061 7565936 3
0.212795 0.094184 0.790901 8157301 3
0.225781 0.094184 0.790901 7828591 3
0.236379 0.093242 0.782992 7828336 3
0.249235 0.093242 0.782992 7894131 3
0.259496 0.092319 0.775240 8289659 3
0.258166 0.087551 0.735204 7566193 3
0.261639 0.084766 0.711811 8421245 3
0.273326 0.084766 0.711811 8223096 3
0.285013 0.084766 0.711811 7434350 3
0.234023 0.099623 0.735204 8749440 3
0.244945 0.099157 0.731768 9144966 3
0.246589 0.095155 0.702235 8750208 3
0.195567 0.062130 0.889764 8223866 3
0.181992 0.077178 0.894848 8487038 3
0.189120 0.074209 0.860431 8750210 3
0.102111 0.086437 0.841927 8749440 3
0.116562 0.086904 0.846478 8025717 3
0.129065 0.085975 0.837425 8092280 3
0.140559 0.084617 0.824202 8092539 3
0.154092 0.084617 0.824202 8553090 3
0.171229 0.086437 0.841927 9408397 3
0.184063 0.085975 0.837425 8750208 3
0.195720 0.085065 0.828563 7829108 3
0.113494 0.098150 0.824202 8815233 3
0.123770 0.095633 0.803069 8354680 3
-0.190830 0.076468 1.095094 7105133 3
-0.172850 0.076468 1.095094 6842985 3
-0.111137 0.071470 1.023519 7368816 3
-0.199066 0.090041 1.043989 8552577 3
-0.180720 0.089444 1.037076 8026748 3
-0.163692 0.089444 1.037076 7566708 3
-0.145700 0.088856 1.030253 6908265 3
-0.127942 0.088275 1.023519 5921111 3
-0.791090 0.091890 1.315953 3157551 3
-0.769483 0.091890 1.315953 2762025 3
-0.767218 0.094266 1.349986 3487031 3
-0.738685 0.093461 1.338448 2303016 3
-0.729173 0.095086 1.361725 2302503 3
0.503570 0.042672 0.798972 6513509 3
0.516688 0.042672 0.798972 5855579 3
0.529806 0.042672 0.798972 5526360 3
0.557778 0.041819 0.782992 5592407 3
0.576398 0.042241 0.790901 6447205 3
0.501652 0.052826 0.756514 5592407 3
0.501949 0.051580 0.738672 5723993 3
0.514077 0.051580 0.738672 6381923 3
0.518863 0.050860 0.728365 6250337 3
0.528365 0.050624 0.724993 4998987 3
0.577713 0.054133 0.775240 4209474 3
0.596346 0.054674 0.782992 5328469 3
0.507071 0.061391 0.711811 7368305 3
0.514085 0.060838 0.705398 7105131 3
0.535312 0.061955 0.718341 5855068 3
0.557333 0.063113 0.731768 6183264 3
0.569347 0.063113 0.731768 6512228 3
0.581362 0.063113 0.731768 6117470 3
0.595158 0.060838 0.705398 3750203 3
0.525666 0.072420 0.705398 7499891 3
0.544608 0.073412 0.715061 7696502 3
0.556349 0.073412 0.715061 7696502 3
0.593377 0.075127 0.731768 5985884 3
0.223515 0.047253 0.884737 8289920 3
0.235382 0.046725 0.874852 6644582 3
0.248359 0.046465 0.869991 7105131 3
0.259757 0.045954 0.860431 7828854 3
0.267995 0.044966 0.841927 7039592 3
0.278820 0.044488 0.832970 6381408 3
0.287902 0.043789 0.819887 6512994 3
0.204370 0.060414 0.865185 8881542 3
0.216187 0.059754 0.855729 8486784 3
0.228986 0.059429 0.851078 8420991 3
0.241647 0.059108 0.846478 7697268 3
0.254171 0.058790 0.841927 7829108 3
0.263741 0.057857 0.828563 7894901 3
0.273011 0.056953 0.815617 7960440 3
0.283450 0.056365 0.807208 7960440 3
0.201038 0.073403 0.851078 8947589 3
0.215012 0.073403 0.851078 9605265 3
0.227748 0.073006 0.846478 10000277 3
0.240347 0.072613 0.841927 9934484 3
0.252812 0.072225 0.837425 8881796 3
0.260979 0.070712 0.819887 8947589 3
0.270197 0.069619 0.807208 8486784 3
0.210437 0.085517 0.832970 9144198 3
0.222928 0.085065 0.828563 8552829 3
0.235287 0.084617 0.824202 8487036 3
0.244952 0.083302 0.811391 8355450 3
0.199054 0.052273 0.978740 7433582 3
0.165877 0.067919 0.972661 6776168 3
0.180725 0.067499 0.966657 7565684 3
0.186249 0.063947 0.915780 8025719 3
0.162843 0.082354 0.954868 7829367 3
0.173239 0.079918 0.926618 8420991 3
0.005884 0.049489 0.926618 7762545 3
0.021609 0.050689 0.949081 7762545 3
0.037881 0.051628 0.966657 8091510 3
0.005748 0.063207 0.905193 8946817 3
0.021098 0.064704 0.926618 9473163 3
0.036312 0.064704 0.926618 8881026 3
0.055114 0.069208 0.991129 9209991 3
0.097747 0.080393 0.932133 7631729 3
-0.306448 0.063845 1.195408 6972777 3
-0.340504 0.082217 1.177432 5724250 3
-0.318775 0.081604 1.168645 5460306 3
-0.330563 0.098585 1.143054 7040364 3
-0.311795 0.098585 1.143054 7763061 3
-0.588005 0.074676 1.398200 4802889 3
-0.565048 0.074676 1.398200 4737094 3
-0.501233 0.072101 1.349986 4473922 3
-0.570232 0.091124 1.304987 2631722 3
-0.558107 0.092669 1.327105 3487029 3
-0.531810 0.091890 1.315953 4079164 3
-0.514527 0.092669 1.327105 4277056 3
0.660989 0.029554 0.798972 5657687 3
0.674108 0.029554 0.798972 5592153 3
0.687226 0.029554 0.798972 5526103 3
0.615355 0.042241 0.790901 6315619 3
0.628341 0.042241 0.790901 5328724 3
0.641327 0.042241 0.790901 5328724 3
0.641356 0.041404 0.775240 5460821 3
0.629167 0.039827 0.745707 4803148 3
0.615052 0.038190 0.715061 5000016 3
0.623943 0.038017 0.711811 4144707 3
0.675549 0.040404 0.756514 4670539 3
0.615355 0.055227 0.790901 5131345 3
0.628341 0.055227 0.790901 3223348 3
0.641327 0.055227 0.790901 5197138 3
0.638197 0.053866 0.771421 4868684 3
0.617407 0.051098 0.731768 4144961 3
0.612256 0.049704 0.711811 4144707 3
0.621120 0.049479 0.708590 5131602 3
0.653452 0.051098 0.731768 5591896 3
0.653256 0.050160 0.718341 5065297 3
0.644582 0.068559 0.794916 4078657 3
0.605392 0.063113 0.731768 4144448 3
0.679292 0.084382 0.708590 4736585 3
0.694067 0.084766 0.711811 4341829 3
0.356267 0.032912 0.889764 6710884 3
0.301364 0.043789 0.819887 5460306 3
0.323289 0.044966 0.841927 5460306 3
0.333526 0.044488 0.832970 6118236 3
0.345366 0.044252 0.828563 6447201 3
0.323211 0.056365 0.807208 7236719 3
0.114836 0.040507 1.095094 8026233 3
0.130984 0.039948 1.079989 6512480 3
0.146693 0.039405 1.065295 6315615 3
0.164184 0.039405 1.065295 7630707 3
0.181675 0.039405 1.065295 8288637 3
0.199166 0.039405 1.065295 8485505 3
0.111711 0.056896 1.065295 7631475 3
0.128329 0.056511 1.058097 7828854 3
0.143759 0.055758 1.043989 7170410 3
0.160901 0.055758 1.043989 7894133 3
0.176863 0.055389 1.037076 8749958 3
0.193890 0.055389 1.037076 7367535 3
0.108752 0.072416 1.037076 8421245 3
0.126618 0.072899 1.043989 7763061 3
0.141868 0.071940 1.030253 7630448 3
0.158783 0.071940 1.030253 7367789 3
0.125779 0.089444 1.037076 8157303 3
0.141868 0.088856 1.030253 7827825 3
0.158783 0.088856 1.030253 7763315 3
-0.067781 0.062485 0.894848 7697783 3
-0.052193 0.061432 0.879766 7303025 3
-0.038616 0.062844 0.899991 6841959 3
-0.023703 0.062485 0.894848 9013382 3
-0.009010 0.062485 0.894848 8552059 3
-0.065898 0.075034 0.869991 7302510 3
-0.049681 0.072225 0.837425 6578789 3
-0.035932 0.072225 0.837425 9013128 3
-0.022182 0.072225 0.837425 9275784 3
-0.008432 0.072225 0.837425 10328470 3
-0.097724 0.092398 0.899991 8026487 3
-0.082947 0.092398 0.899991 7105644 3
-0.064117 0.086904 0.846478 9078921 3
-0.049417 0.085517 0.832970 11052711 3
-0.035740 0.085517 0.832970 11249574 3
-0.021947 0.085065 0.828563 11710123 3
-0.008256 0.084174 0.819887 11446693 3
-0.063431 0.099724 0.837425 9276554 3
-0.048897 0.098150 0.824202 9999507 3
-0.035364 0.098150 0.824202 10262679 3
-0.021717 0.097636 0.819887 11117986 3
-0.008086 0.095633 0.803069 10065298 3
0.006585 0.038361 1.037076 6249308 3
0.023153 0.037614 1.016873 6446685 3
0.039849 0.037614 1.016873 7302764 3
0.059238 0.039405 1.065295 6973547 3
0.077787 0.039948 1.079989 6776166 3
0.057289 0.055024 1.030253 7499375 3
0.074696 0.055389 1.037076 8420991 3
0.094220 0.056896 1.065295 8026487 3
0.073720 0.071470 1.023519 8552831 3
0.091724 0.072416 1.037076 8289659 3
-0.267193 0.044218 1.195408 5986652 3
-0.247566 0.044218 1.195408 5526103 3
-0.227938 0.044218 1.195408 6776427 3
-0.205179 0.043553 1.177432 7302771 3
-0.282508 0.062885 1.177432 7630961 3
-0.257370 0.061498 1.151459 6249822 3
-0.238464 0.061498 1.151459 5591892 3
-0.221185 0.061953 1.159988 6709605 3
-0.200653 0.061498 1.151459 6973547 3
-0.295182 0.080404 1.151459 5328206 3
-0.274259 0.079817 1.143054 7630961 3
-0.250017 0.078106 1.118560 7697268 3
-0.228388 0.077006 1.102806 7368557 3
-0.210281 0.077006 1.102806 7104363 3
-0.288811 0.097166 1.126607 8420991 3
-0.266479 0.095788 1.110627 7368303 3
-0.416772 0.047872 1.294202 3750463 3
-0.430900 0.067998 1.273158 5132113 3
-0.409996 0.067998 1.273158 5395287 3
-0.430900 0.088902 1.273158 5987163 3
-0.400234 0.086785 1.242845 5921372 3
-0.779332 0.057352 1.550479 3552570 3
-0.776953 0.059107 1.597943 3223859 3
-0.714274 0.056238 1.520373 3553335 3
-0.709990 0.057925 1.565984 3487288 3
-0.781575 0.080420 1.505754 4078915 3
-0.756852 0.080420 1.505754 3684156 3
-0.898963 0.058510 1.581802 2762795 3
-0.872991 0.058510 1.581802 3815996 3
-0.830247 0.057352 1.550479 2500134 3
-0.804790 0.057352 1.550479 2828847 3
-0.806298 0.080420 1.505754 2960433 3
0.497644 0.020518 0.997442 7105385 3
0.495100 0.019763 0.960726 6250076 3
0.413691 0.035320 0.954868 6512994 3
0.432003 0.035537 0.960726 6512226 3
0.453340 0.035978 0.972661 6973031 3
0.494494 0.036661 0.991129 7236203 3
0.489099 0.035106 0.949081 7170410 3
0.498638 0.034686 0.937715 7302510 3
0.403841 0.049784 0.932133 6052443 3
0.419146 0.049784 0.932133 6512998 3
0.453340 0.051948 0.972661 6314847 3
0.460725 0.066676 0.954868 5722710 3
0.488313 0.068343 0.978740 6249054 3
-0.169056 0.024590 1.195408 3947069 3
-0.185846 0.043553 1.177432 8684165 3
-0.165271 0.043228 1.168645 7499889 3
-0.147182 0.043553 1.177432 7237230 3
-0.129801 0.044218 1.195408 6579048 3
-0.180420 0.061049 1.143054 6250335 3
-0.160481 0.060607 1.134771 6184542 3
-0.141849 0.060607 1.134771 6381408 3
-0.119746 0.058899 1.102806 6908778 3
-0.155960 0.077006 1.102806 6381921 3
-0.137853 0.077006 1.102806 7434096 3
-0.350130 0.026404 1.283594 4933964 3
-0.331774 0.026622 1.294202 6249822 3
-0.307980 0.026404 1.283594 5657685 3
-0.395523 0.047872 1.294202 4474186 3
-0.371206 0.047480 1.283594 4737098 3
-0.341727 0.046340 1.252787 5657685 3
-0.323748 0.046714 1.262890 6184029 3
-0.382866 0.066910 1.252787 5658459 3
-0.356591 0.065856 1.233058 5000270 3
-0.328584 0.064336 1.204603 6644066 3
-0.368141 0.084115 1.204603 6184801 3
-0.621289 0.030390 1.477344 5262927 3
-0.633591 0.053634 1.449985 4671303 3
-0.609783 0.053634 1.449985 4276032 3
-0.668820 0.076034 1.423622 4276545 3
-0.657398 0.077442 1.449985 3750203 3
-1.056193 0.061622 1.665941 2960687 3
-1.007405 0.060339 1.631234 3092271 3
-1.034189 0.087122 1.631234 2566188 3
-1.007405 0.087122 1.631234 3289650 3
1.147181 0.004063 0.978740 2763055 3
1.133018 0.019885 0.966657 2499883 3
1.163251 0.020133 0.978740 2499882 3
1.103523 0.035320 0.954868 1447195 3
1.133018 0.035756 0.966657 1512987 3
1.148890 0.035756 0.966657 1776160 3
1.103523 0.050998 0.954868 2763054 3
1.133018 0.051628 0.966657 3223605 3
1.148890 0.051628 0.966657 2697261 3
1.194249 0.052935 0.991129 1841952 3
1.034691 0.004063 0.978740 4014149 3
1.050761 0.004063 0.978740 2435117 3
1.040811 0.003964 0.954868 3224118 3
1.056489 0.003964 0.954868 3092532 3
1.034326 0.003824 0.921167 3026226 3
1.064575 0.003824 0.921167 3420985 3
1.018621 0.020133 0.978740 3355705 3
1.034691 0.020133 0.978740 3159095 3
1.050761 0.020133 0.978740 3158325 3
1.066831 0.020133 0.978740 3158325 3
1.043760 0.019406 0.943364 2631468 3
1.034326 0.018949 0.921167 2960434 3
1.049450 0.018949 0.921167 2828848 3
1.077248 0.019175 0.932133 3026227 3
1.018621 0.036203 0.978740 3750462 3
1.047789 0.036661 0.991129 2895151 3
1.050761 0.036203 0.978740 2763567 3
1.066831 0.036203 0.978740 2434089 3
1.082901 0.036203 0.978740 2499883 3
1.059249 0.034895 0.943364 2434092 3
1.074738 0.034895 0.943364 2434090 3
1.031515 0.052935 0.991129 4013635 3
1.047789 0.052935 0.991129 4409162 3
1.082901 0.052273 0.978740 3092020 3
1.085403 0.051628 0.966657 3157813 3
1.087845 0.050998 0.954868 2894641 3
1.082901 0.068343 0.978740 3947328 3
1.085403 0.067499 0.966657 3552571 3
1.069532 0.083371 0.966657 3815996 3
0.908897 0.003870 0.932133 3092273 3
0.929736 0.003893 0.937715 3224116 3
0.956588 0.003940 0.949081 3289911 3
0.978099 0.003964 0.954868 3553084 3
0.981804 0.003916 0.943364 3289658 3
0.908897 0.019175 0.932133 3158066 3
0.924201 0.019175 0.932133 3092532 3
0.956588 0.019523 0.949081 3487290 3
0.984099 0.019763 0.960726 3487290 3
0.918733 0.034275 0.926618 5526873 3
0.933947 0.034275 0.926618 5526873 3
0.996324 0.035978 0.972661 3224118 3
0.978099 0.050998 0.954868 4868943 3
0.954811 0.065089 0.932133 4144707 3
0.713463 0.003317 0.798972 3288372 3
0.713463 0.016435 0.798972 4341574 3
0.715628 0.016188 0.786927 4012609 3
0.735945 0.016352 0.794916 4078402 3
0.700344 0.029554 0.798972 5328724 3
0.713463 0.029554 0.798972 4341574 3
0.715628 0.029108 0.786927 4275783 3
0.735945 0.029404 0.794916 3420472 3
0.712049 0.041819 0.782992 4407367 3
0.728548 0.042029 0.786927 4209990 3
0.734091 0.054402 0.779097 4867918 3
0.750617 0.054674 0.782992 5394517 3
0.763473 0.054674 0.782992 4539719 3
0.772467 0.054402 0.779097 4342340 3
0.741236 0.065564 0.760186 5197649 3
0.735857 0.064010 0.742173 4802891 3
0.744514 0.063708 0.738672 4671305 3
0.786315 0.066206 0.767639 4013121 3
0.705754 0.073079 0.711811 4999755 3
0.710978 0.072420 0.705398 4999757 3
0.702793 0.003458 0.832970 3617851 3
0.708928 0.003422 0.824202 4143681 3
0.722460 0.003422 0.824202 4077888 3
0.730307 0.003334 0.803069 3354165 3
0.743493 0.003334 0.803069 3552058 3
0.780700 0.003440 0.828563 3420727 3
0.701543 0.016778 0.815617 4868173 3
0.707564 0.016605 0.807208 4999759 3
0.768501 0.016778 0.815617 3618106 3
0.781893 0.016778 0.815617 4210241 3
0.780700 0.030648 0.828563 5065552 3
0.790123 0.030487 0.824202 4670792 3
0.760579 0.043112 0.807208 4933711 3
0.777842 0.043335 0.811391 4868173 3
0.795285 0.043561 0.815617 4737098 3
0.704486 0.004013 0.966657 4210754 3
0.720358 0.004013 0.966657 4868430 3
0.718489 0.003916 0.943364 3749437 3
0.708374 0.003780 0.910456 4012611 3
0.723323 0.003780 0.910456 3815743 3
0.608075 0.003715 0.894848 5262931 3
0.697707 0.003572 0.860431 3618363 3
0.696526 0.003495 0.841927 3815485 3
0.602124 0.017797 0.865185 5526360 3
0.619753 0.017896 0.869991 5723482 3
0.648448 0.018303 0.889764 5262931 3
0.663057 0.018303 0.889764 6315619 3
0.670051 0.018097 0.879766 5789275 3
0.669452 0.017700 0.860431 5854299 3
0.676150 0.017507 0.851078 5262931 3
0.668330 0.016954 0.824202 4670792 3
0.681863 0.016954 0.824202 4407620 3
0.688152 0.016778 0.815617 4538953 3
0.663057 0.032912 0.889764 5986654 3
0.655325 0.031827 0.860431 5788505 3
0.641265 0.030487 0.824202 6051677 3
0.654798 0.030487 0.824202 5656917 3
0.668330 0.030487 0.824202 5460308 3
0.641198 0.045954 0.860431 5393748 3
0.621194 0.043561 0.815617 5525848 3
0.548331 0.003612 0.869991 5066061 3
0.556433 0.003572 0.860431 5131856 3
0.576900 0.003612 0.869991 5460310 3
0.534613 0.018408 0.894848 7039853 3
0.528178 0.017700 0.860431 7368816 3
0.530643 0.017319 0.841927 6579300 3
0.541555 0.017226 0.837425 4276293 3
0.558290 0.017319 0.841927 4671051 3
0.578333 0.017507 0.851078 5197395 3
0.531575 0.032912 0.889764 6842474 3
0.528178 0.031827 0.860431 5789786 3
0.519472 0.030487 0.824202 6052958 3
0.530214 0.030327 0.819887 7039599 3
0.543675 0.030327 0.819887 6381669 3
0.560069 0.030487 0.824202 5592153 3
0.567627 0.030169 0.815617 5920861 3
0.575029 0.029858 0.807208 5591896 3
0.594410 0.030169 0.815617 5920861 3
0.516891 0.046208 0.865185 6513509 3
0.516820 0.044966 0.841927 5592407 3
0.548522 0.043112 0.807208 5131602 3
0.561775 0.043112 0.807208 5987165 3
0.523726 0.004089 0.984896 6184542 3
0.543314 0.004115 0.991129 5592405 3
0.559588 0.004115 0.991129 4671305 3
0.551431 0.003940 0.949081 5460821 3
0.556888 0.003870 0.932133 4737096 3
0.568807 0.003847 0.926618 4342338 3
0.507759 0.019642 0.954868 5395026 3
0.517131 0.019406 0.943364 5855577 3
0.529430 0.019289 0.937715 6118751 3
0.538379 0.019061 0.926618 6579302 3
0.514034 0.034686 0.937715 6710886 3
0.526279 0.034479 0.932133 7237232 3
0.535212 0.034074 0.921167 6908267 3
0.507555 0.052602 0.984896 7828340 3
0.514028 0.051628 0.966657 7368305 3
0.529899 0.051628 0.966657 7170924 3
0.539115 0.050998 0.954868 7105131 3
0.528989 0.048626 0.910456 5987163 3
0.504383 0.068343 0.978740 6446433 3
0.527041 0.069208 0.991129 6841961 3
0.510974 0.065089 0.932133 6381410 3
0.520087 0.064323 0.921167 6447201 3
0.501641 0.081362 0.943364 5262931 3
0.524715 0.004515 1.087489 7170924 3
0.507338 0.004222 1.016873 6447201 3
0.517316 0.004167 1.003836 7105131 3
0.507107 0.056132 1.050996 7499375 3
0.517418 0.055389 1.037076 8157305 3
0.474443 0.004546 1.095094 6249822 3
0.485631 0.004484 1.079989 6249054 3
0.402521 0.022527 1.095094 8552831 3
0.414702 0.022216 1.079989 8421245 3
0.432434 0.022216 1.079989 7303021 3
0.429435 0.021193 1.030253 6907752 3
0.446351 0.021193 1.030253 6249822 3
0.454300 0.020783 1.010312 6841191 3
0.473946 0.020918 1.016873 6447201 3
0.493849 0.021054 1.023519 6579041 3
0.487477 0.037371 1.010312 6973031 3
0.332928 0.004578 1.102806 7893618 3
0.358611 0.004677 1.126607 8353399 3
0.377109 0.004677 1.126607 7959413 3
0.392781 0.004644 1.118560 8486270 3
0.361210 0.023343 1.134771 8550780 3
0.377109 0.023175 1.126607 8156790 3
0.389996 0.022846 1.110627 9012612 3
0.363847 0.042281 1.143054 8223098 3
0.377109 0.041673 1.126607 8749440 3
0.306196 0.004453 1.072592 8288378 3
0.306196 0.022064 1.072592 8617345 3
0.328304 0.022370 1.087489 8748929 3
0.300031 0.038876 1.050996 7236719 3
0.381871 0.040226 1.087489 8158073 3
0.368978 0.037131 1.003836 7763315 3
0.385460 0.037131 1.003836 7566193 3
0.288585 0.004453 1.072592 7762547 3
0.219646 0.022216 1.079989 8354430 3
0.235752 0.022064 1.072592 7499375 3
0.288585 0.022064 1.072592 7499121 3
0.212324 0.038617 1.043989 7696500 3
0.227946 0.038361 1.037076 6644066 3
0.244974 0.038361 1.037076 6973545 3
0.270974 0.039675 1.072592 7368303 3
0.288585 0.039675 1.072592 7302512 3
0.210629 0.004677 1.126607 7235951 3
0.224286 0.004578 1.102806 6644582 3
0.244112 0.004611 1.110627 5723478 3
0.264222 0.004644 1.118560 5788757 3
0.282587 0.004644 1.118560 6841445 3
0.206179 0.022685 1.102806 8814983 3
0.260500 0.022685 1.102806 7434096 3
0.278607 0.022685 1.102806 7763061 3
0.101841 0.004780 1.151459 6184544 3
0.120746 0.004780 1.151459 6118751 3
0.137628 0.004711 1.134771 6315617 3
0.155136 0.004677 1.126607 5789784 3
0.176168 0.004745 1.143054 6907754 3
0.192131 0.004677 1.126607 6907754 3
0.118140 0.023175 1.126607 7170924 3
0.135662 0.023009 1.118560 6710373 3
0.151858 0.022685 1.102806 6578787 3
0.171171 0.022846 1.110627 8486786 3
0.188072 0.022685 1.102806 9275532 3
-0.055966 0.050384 0.943364 5789786 3
-0.040477 0.050384 0.943364 6908267 3
-0.024988 0.050384 0.943364 7960440 3
-0.009330 0.049489 0.926618 6842213 3
-0.090205 0.068343 0.978740 6974317 3
-0.084899 0.079448 0.921167 7566195 3
0.064985 0.004852 1.168645 5657946 3
0.084173 0.004852 1.168645 6447716 3
0.045797 0.024040 1.168645 7039338 3
0.063101 0.023343 1.134771 5987165 3
0.081145 0.023175 1.126607 5723993 3
0.099643 0.023175 1.126607 6842472 3
0.097537 0.040792 1.102806 7763061 3
-0.081495 0.005703 1.373670 5263188 3
-0.058428 0.005653 1.361725 6447462 3
-0.036386 0.005703 1.373670 6579302 3
-0.013954 0.005753 1.385827 5526614 3
-0.058940 0.028257 1.373670 5592407 3
-0.036708 0.028507 1.385827 6512994 3
-0.014079 0.028762 1.398200 6315615 3
-0.058428 0.050370 1.361725 5855579 3
-0.194626 0.005119 1.233058 5658200 3
-0.174381 0.005119 1.233058 5197395 3
-0.156601 0.005201 1.252787 5460567 3
-0.139377 0.005329 1.283594 5329235 3
-0.190135 0.024779 1.204603 5000270 3
-0.152931 0.025167 1.223425 5000270 3
-0.136032 0.025771 1.252787 5395028 3
-0.119279 0.047872 1.294202 6184290 3
-0.265829 0.005329 1.283594 5789786 3
-0.242764 0.005286 1.273158 5526101 3
-0.216577 0.005160 1.242845 5460308 3
-0.284572 0.026190 1.273158 5723480 3
-0.257390 0.025566 1.242845 6118238 3
-0.236984 0.025566 1.242845 5723993 3
-0.211541 0.024971 1.213941 4934477 3
-0.298202 0.045972 1.242845 5986652 3
-0.491786 0.005753 1.385827 3092019 3
-0.452997 0.005557 1.338448 4144707 3
-0.431021 0.005557 1.338448 4276804 3
-0.423525 0.005753 1.385827 4803148 3
-0.404349 0.005805 1.398200 4539719 3
-0.445384 0.027070 1.315953 4934223 3
-0.423777 0.027070 1.315953 5132115 3
-0.402170 0.027070 1.315953 4737357 3
-0.483233 0.050370 1.361725 4079166 3
-0.441672 0.048271 1.304987 5197395 3
-0.479068 0.072101 1.349986 4408131 3
-0.496949 0.093461 1.338448 5592403 3
-0.463099 0.091124 1.304987 5921370 3
-0.533422 0.005964 1.436683 4144959 3
-0.597032 0.030390 1.477344 5525583 3
-0.572776 0.030390 1.477344 4539458 3
-0.538361 0.029827 1.449985 4473924 3
-0.500647 0.029021 1.410797 4276547 3
-0.575322 0.052659 1.423622 3814965 3
-0.551948 0.052659 1.423622 4473411 3
-0.528573 0.052659 1.423622 3487029 3
-0.551948 0.076034 1.423622 4276543 3
-0.874019 0.006991 1.683854 2960176 3
-0.846372 0.006991 1.683854 3749692 3
-0.873489 0.033555 1.631234 4144961 3
-0.846706 0.033555 1.631234 3223348 3
-0.828553 0.033909 1.648404 2894383 3
-0.818725 0.034638 1.683854 3092273 3
-1.082066 0.007473 1.799982 2960176 3
-1.074566 0.035792 1.739982 2105378 3
-1.045997 0.035792 1.739982 2697261 3
-1.017428 0.035792 1.739982 3354934 3
0.538009 -0.012807 1.043989 4736844 3
0.547845 -0.012639 1.030253 4276547 3
0.564761 -0.012639 1.030253 4868682 3
0.574122 -0.012474 1.016873 4868684 3
0.590819 -0.012474 1.016873 5066063 3
0.105728 -0.014665 1.195408 6316130 3
0.124405 -0.014554 1.186352 6710888 3
0.142802 -0.014444 1.177432 6776168 3
0.160925 -0.014336 1.168645 6447714 3
0.184237 -0.014665 1.195408 6250337 3
0.241278 -0.034032 1.186352 5657685 3
0.256865 -0.033524 1.168645 5592407 3
0.276053 -0.033524 1.168645 5921118 3
0.295240 -0.033524 1.168645 6512229 3
0.200799 -0.014444 1.177432 5328722 3
0.218489 -0.014336 1.168645 7039342 3
0.234181 -0.014125 1.151459 7039338 3
0.251240 -0.014022 1.143054 6578787 3
0.271993 -0.014125 1.151459 6184031 3
0.288775 -0.014022 1.143054 4538436 3
0.114465 -0.037126 1.294202 7236717 3
0.135715 -0.037126 1.294202 7565682 3
0.156964 -0.037126 1.294202 6578789 3
0.175316 -0.036522 1.273158 5986650 3
0.196220 -0.036522 1.273158 6315615 3
-0.786526 -0.051635 1.799982 2435370 3
-0.739962 -0.050475 1.759533 2961712 3
-0.788878 -0.021345 1.739982 3684670 3
-0.760309 -0.021345 1.739982 3816256 3
-0.723699 -0.021111 1.720862 4013373 3
-0.960290 -0.049914 1.739982 2894381 3
-0.942190 -0.050475 1.759533 2631211 3
-0.903153 -0.049914 1.739982 3026227 3
-0.939415 -0.020881 1.702157 2631211 3
-0.942190 -0.021585 1.759533 2828590 3
-0.903153 -0.021345 1.739982 3683899 3
0.694168 -0.044990 0.997442 3684156 3
0.697222 -0.044147 0.978740 3815742 3
0.632943 -0.028077 0.978740 4408390 3
0.610835 -0.026425 0.921167 4868941 3
0.629664 -0.026581 0.926618 4671562 3
0.664539 -0.027392 0.954868 4934223 3
0.688615 -0.027730 0.966657 5328981 3
0.616873 -0.012007 0.978740 5658196 3
0.600243 -0.011104 0.905193 5592153 3
0.622299 -0.011234 0.915780 4868173 3
0.648717 -0.011435 0.932133 5131602 3
0.655295 -0.053919 1.195408 6644841 3
0.674923 -0.053919 1.195408 5263442 3
0.694550 -0.053919 1.195408 5329233 3
0.607828 -0.032790 1.143054 5460821 3
0.626596 -0.032790 1.143054 5658200 3
0.650109 -0.033031 1.151459 4276545 3
0.664132 -0.032790 1.143054 4868682 3
0.687921 -0.033031 1.151459 4934475 3
0.537531 -0.053919 1.195408 5986650 3
0.506308 -0.033524 1.168645 6249822 3
0.525496 -0.033524 1.168645 6117722 3
0.572416 -0.034032 1.186352 6775400 3
0.591895 -0.034032 1.186352 6644584 3
0.597787 -0.033276 1.159988 6512996 3
0.513989 -0.014022 1.143054 6841191 3
0.540650 -0.014230 1.159988 6776170 3
0.555580 -0.014125 1.151459 5065552 3
0.566160 -0.013921 1.134771 5131602 3
0.439394 -0.053919 1.195408 5197136 3
0.459021 -0.053919 1.195408 5855066 3
0.404334 -0.033031 1.151459 5854550 3
0.426375 -0.033276 1.159988 6841445 3
0.448744 -0.033524 1.168645 6907238 3
0.471451 -0.033776 1.177432 6710373 3
0.490783 -0.033776 1.177432 5789271 3
0.417106 -0.013921 1.134771 6973031 3
0.438918 -0.014022 1.143054 5196620 3
0.461051 -0.014125 1.151459 6184283 3
0.479957 -0.014125 1.151459 6184029 3
0.495221 -0.014022 1.143054 6512994 3
0.307543 -0.051558 1.143054 5131856 3
0.326311 -0.051558 1.143054 5855577 3
0.305315 -0.032553 1.134771 5460310 3
0.323946 -0.032553 1.134771 6184542 3
0.350191 -0.033276 1.159988 5328720 3
0.371992 -0.033524 1.168645 5460560 3
0.385428 -0.033031 1.151459 5525585 3
0.300953 -0.013722 1.118560 4802376 3
0.319319 -0.013722 1.118560 5328206 3
0.342578 -0.013921 1.134771 4670274 3
0.361210 -0.013921 1.134771 6775137 3
0.379842 -0.013921 1.134771 5130314 3
0.395607 -0.013821 1.126607 5919830 3
0.033958 -0.067271 1.491413 5394515 3
0.057894 -0.066636 1.477344 6513509 3
0.079889 -0.064802 1.436683 6381669 3
0.009381 -0.042380 1.477344 6841963 3
0.033323 -0.041984 1.463537 6512996 3
0.056300 -0.041213 1.436683 6579302 3
-0.039505 -0.067271 1.491413 6776427 3
-0.087645 -0.042380 1.477344 5855066 3
-0.063389 -0.042380 1.477344 5920859 3
-0.038767 -0.041984 1.463537 6447205 3
-0.014206 -0.017307 1.410797 7171439 3
-0.184671 -0.066636 1.477344 5592918 3
-0.160415 -0.066636 1.477344 4869709 3
-0.181252 -0.041595 1.449985 5592664 3
-0.156000 -0.041213 1.436683 5198674 3
-0.134886 -0.041984 1.463537 5198674 3
-0.111902 -0.042380 1.477344 5592666 3
-0.132411 -0.017624 1.436683 6447714 3
-0.108822 -0.017624 1.436683 6842220 3
-0.874584 -0.078483 1.739982 2433577 3
-0.855521 -0.079365 1.759533 4605001 3
-0.836025 -0.080266 1.779528 3355445 3
-0.864973 -0.049365 1.720862 2433577 3
-0.836718 -0.049365 1.720862 3814715 3
-0.826631 -0.050475 1.759533 4144448 3
-0.816080 -0.051635 1.799982 2500393 3
-0.864973 -0.021111 1.720862 3157555 3
-0.836718 -0.021111 1.720862 3157555 3
-0.808464 -0.021111 1.720862 4210500 3
1.004076 -0.056674 0.921167 3158842 3
1.025232 -0.057010 0.926618 2171179 3
1.022299 -0.056015 0.910456 1973539 3
1.010018 -0.041796 0.926618 3027258 3
1.031334 -0.042044 0.932133 2368556 3
1.034326 -0.041550 0.921167 2105125 3
1.006717 -0.026900 0.937715 2632498 3
1.022114 -0.026900 0.937715 3225146 3
1.043760 -0.027062 0.943364 2698289 3
1.059249 -0.027062 0.943364 2434089 3
1.049450 -0.026425 0.921167 2434090 3
1.077248 -0.026740 0.932133 2500142 3
1.037789 -0.011858 0.966657 2500910 3
1.028271 -0.011573 0.943364 2501165 3
1.043760 -0.011573 0.943364 2960944 3
0.788894 -0.055371 0.899991 4078914 3
0.759340 -0.040595 0.899991 3617851 3
0.779929 -0.040133 0.889764 3025969 3
0.794538 -0.040133 0.889764 2433832 3
0.734028 -0.024957 0.869991 3420472 3
0.756721 -0.025237 0.879766 3748923 3
0.762597 -0.024957 0.869991 3683130 3
0.768344 -0.024683 0.860431 3880509 3
0.782472 -0.024683 0.860431 3880509 3
0.762597 -0.010673 0.869991 3683130 3
0.730307 -0.009852 0.803069 3748922 3
0.796599 -0.010555 0.860431 2959921 3
0.777207 -0.056674 0.921167 3618363 3
0.792331 -0.056674 0.921167 3816255 3
0.713292 -0.044147 0.978740 4407620 3
0.783118 -0.041067 0.910456 4144450 3
0.713292 -0.028077 0.978740 4933964 3
0.706048 -0.012159 0.991129 4802637 3
0.722321 -0.012159 0.991129 5197649 3
0.738595 -0.012159 0.991129 4934223 3
0.745432 -0.012007 0.978740 4144195 3
0.742929 -0.011714 0.954868 4341576 3
0.749467 -0.011573 0.943364 4144710 3
0.764956 -0.011573 0.943364 3552571 3
0.780445 -0.011573 0.943364 3091507 3
0.755752 -0.071900 1.168645 3553851 3
0.714177 -0.053919 1.195408 4803402 3
0.733805 -0.053919 1.195408 4869195 3
0.742102 -0.053109 1.177432 4277574 3
0.755752 -0.052712 1.168645 4014402 3
0.706827 -0.033031 1.151459 4934988 3
0.736564 -0.033524 1.168645 4934734 3
0.313483 -0.081649 1.327105 5921629 3
0.335273 -0.081649 1.327105 5920861 3
0.354062 -0.080963 1.315953 6447716 3
0.375669 -0.080963 1.315953 7368816 3
0.397276 -0.080963 1.315953 6710373 3
0.213585 -0.085262 1.385827 5789784 3
0.284363 -0.086024 1.398200 6447714 3
0.291694 -0.081649 1.327105 5527125 3
0.202816 -0.059357 1.315953 7302510 3
0.224422 -0.059357 1.315953 5920859 3
0.246029 -0.059357 1.315953 6447203 3
0.265405 -0.058862 1.304987 6447714 3
0.128244 -0.089210 1.449985 6644580 3
0.150656 -0.088391 1.436683 7894647 3
0.172661 -0.087588 1.423622 6644582 3
0.194269 -0.086799 1.410797 5000268 3
0.101614 -0.063635 1.410797 6381410 3
-0.091082 -0.094457 1.535279 6514536 3
-0.065875 -0.094457 1.535279 6776938 3
-0.040272 -0.093540 1.520373 6250083 3
-0.015612 -0.095392 1.550479 6381412 3
-0.089331 -0.067918 1.505754 6381923 3
-0.064608 -0.067918 1.505754 6974060 3
-0.015162 -0.067918 1.505754 5723482 3
-0.191913 -0.094457 1.535279 5987674 3
-0.166706 -0.094457 1.535279 4672845 3
-0.142899 -0.095392 1.550479 4409419 3
-0.117442 -0.095392 1.550479 5198676 3
-0.138777 -0.067918 1.505754 4738638 3
-0.115161 -0.068577 1.520373 4868941 3
-0.272887 -0.096346 1.565984 5723993 3
-0.242329 -0.094457 1.535279 5263440 3
-0.217121 -0.094457 1.535279 5527123 3
-0.295643 -0.069935 1.550479 5460821 3
-0.267537 -0.069249 1.535279 5789273 3
-0.239976 -0.068577 1.520373 5591894 3
-0.212946 -0.067918 1.505754 5790297 3
-0.289902 -0.043614 1.520373 5394515 3
-0.262392 -0.043195 1.505754 5854296 3
-0.330930 -0.098313 1.597943 4934734 3
-0.301616 -0.097320 1.581802 5197908 3
-0.383403 -0.072076 1.597943 5131856 3
-0.353559 -0.071348 1.581802 5329233 3
-0.324311 -0.070634 1.565984 5460821 3
-0.393575 -0.044042 1.535279 5000270 3
-0.368368 -0.044042 1.535279 5855577 3
-0.343160 -0.044042 1.535279 5197647 3
-0.317952 -0.044042 1.535279 5526614 3
-0.499302 -0.095392 1.550479 3618617 3
-0.478583 -0.096346 1.565984 4210752 3
-0.494407 -0.069249 1.535279 4605512 3
-0.478583 -0.070634 1.565984 5263440 3
-0.452871 -0.070634 1.565984 4210752 3
-0.431474 -0.071348 1.581802 4276547 3
-0.405502 -0.071348 1.581802 4342086 3
-0.464643 -0.043614 1.520373 4408131 3
-0.439680 -0.043614 1.520373 4079164 3
-0.418783 -0.044042 1.535279 4408131 3
-0.495333 -0.090043 1.463537 3750203 3
-0.495333 -0.066014 1.463537 4210754 3
-0.490747 -0.041595 1.449985 4671051 3
-0.480281 -0.042783 1.491413 4079168 3
-0.481824 -0.017464 1.423622 4868684 3
-0.462656 -0.017624 1.436683 4276804 3
-0.455793 -0.018296 1.491413 3421749 3
-0.431306 -0.018296 1.491413 3947580 3
-0.406818 -0.018296 1.491413 5262929 3
-0.593296 -0.098313 1.597943 4013375 3
-0.534345 -0.092641 1.505754 3289398 3
-0.570030 -0.069249 1.535279 3881789 3
-0.534345 -0.067918 1.505754 3881535 3
-0.595238 -0.044042 1.535279 3026476 3
-0.559068 -0.043195 1.505754 3947580 3
0.896801 -0.069351 0.889764 3223348 3
0.896801 -0.054742 0.889764 2565418 3
0.809147 -0.040133 0.889764 3025199 3
0.896801 -0.040133 0.889764 3092019 3
0.814500 -0.025237 0.879766 3157555 3
0.828945 -0.025237 0.879766 3354932 3
0.819735 -0.010673 0.869991 3618106 3
0.978812 -0.078242 1.003836 2763055 3
0.978812 -0.061761 1.003836 2763055 3
0.993021 -0.048380 1.072592 3749692 3
0.978812 -0.045279 1.003836 2894640 3
0.995294 -0.045279 1.003836 2565418 3
0.910110 -0.012980 1.058097 3748923 3
1.017602 -0.084178 1.079989 3420725 3
1.035334 -0.084178 1.079989 2960174 3
1.013854 -0.067375 1.095094 3486518 3
1.031834 -0.067375 1.095094 3552309 3
1.049814 -0.067375 1.095094 3289139 3
1.024668 -0.049052 1.087489 3683897 3
1.035334 -0.048713 1.079989 3223346 3
0.921567 -0.090414 1.159988 3487290 3
0.940613 -0.090414 1.159988 4079428 3
0.981469 -0.092468 1.186352 3487290 3
0.908113 -0.070326 1.143054 3750463 3
0.914791 -0.051937 1.151459 3487037 3
0.707319 -0.097647 1.252787 4605771 3
0.733758 -0.098434 1.262890 4605769 3
0.748458 -0.097647 1.252787 4408644 3
0.769027 -0.097647 1.252787 4145986 3
0.789597 -0.097647 1.252787 3817023 3
0.716426 -0.075863 1.233058 4671816 3
0.730916 -0.075271 1.223425 4079679 3
0.745182 -0.074687 1.213941 5132881 3
0.759228 -0.074113 1.204603 4211781 3
0.614300 -0.099234 1.273158 5000270 3
0.666180 -0.097647 1.252787 4539979 3
0.604471 -0.077077 1.252787 5065552 3
0.630081 -0.077699 1.262890 5592154 3
0.645610 -0.077077 1.252787 6118498 3
0.660893 -0.076465 1.242845 4737358 3
0.675934 -0.075863 1.233058 4671565 3
0.690741 -0.075271 1.223425 4408390 3
0.615198 -0.055618 1.233058 5854813 3
0.630479 -0.055183 1.223425 5328982 3
0.640558 -0.054334 1.204603 6513255 3
0.509780 -0.099234 1.273158 6184290 3
0.518049 -0.096872 1.242845 6118497 3
0.542763 -0.097647 1.252787 4276547 3
0.563332 -0.097647 1.252787 4012860 3
0.593396 -0.099234 1.273158 4868169 3
0.509954 -0.075271 1.223425 5526614 3
0.530042 -0.075271 1.223425 5855579 3
0.545865 -0.074687 1.213941 6644580 3
0.583902 -0.077077 1.252787 6447203 3
0.502109 -0.054334 1.204603 5658200 3
0.521887 -0.054334 1.204603 6512994 3
0.594952 -0.055618 1.233058 5789020 3
0.488876 -0.099234 1.273158 6908267 3
0.433208 -0.079625 1.294202 5394515 3
0.443463 -0.077699 1.262890 5986652 3
0.453233 -0.075863 1.233058 6447203 3
0.473478 -0.075863 1.233058 5723480 3
0.493724 -0.075863 1.233058 6315876 3
0.409517 -0.055183 1.223425 5328722 3
0.422995 -0.054334 1.204603 6184031 3
0.486069 -0.054755 1.213941 5987165 3
0.921886 -0.084925 0.899991 3485751 3
0.926019 -0.083960 0.889764 2893613 3
0.940628 -0.083960 0.889764 3420725 3
0.911410 -0.069351 0.889764 2368039 3
0.926019 -0.069351 0.889764 2433830 3
0.940628 -0.069351 0.889764 2828847 3
0.955237 -0.069351 0.889764 2763567 3
0.911410 -0.054742 0.889764 2039331 3
0.926019 -0.054742 0.889764 2236710 3
0.911410 -0.040133 0.889764 2368297 3
0.926019 -0.040133 0.889764 2960947 3
0.987839 -0.010792 0.879766 2499882 3
0.980256 -0.010555 0.860431 2105124 3
0.924201 -0.087958 0.932133 3025200 3
0.917657 -0.085913 0.910456 3617337 3
0.924201 -0.072654 0.932133 3946816 3
0.988954 -0.061367 0.997442 2894128 3
0.979589 -0.057010 0.926618 3026227 3
0.983168 -0.056343 0.915780 2565935 3
0.985420 -0.042044 0.932133 3421244 3
0.994803 -0.041796 0.926618 3158844 3
0.915387 -0.027392 0.954868 3552311 3
0.960344 -0.028253 0.984896 3223605 3
0.976515 -0.028253 0.984896 3487031 3
0.962421 -0.027392 0.954868 2960433 3
0.960528 -0.026900 0.937715 2631982 3
0.975925 -0.026900 0.937715 3158072 3
0.991321 -0.026900 0.937715 2960693 3
0.915387 -0.011714 0.954868 3486518 3
0.919847 -0.011573 0.943364 3947582 3
0.935336 -0.011573 0.943364 3882046 3
0.956588 -0.011643 0.949081 4013634 3
0.972171 -0.011643 0.949081 2829361 3
0.981804 -0.011573 0.943364 2697521 3
0.997293 -0.011573 0.943364 2961463 3
0.805873 -0.099845 1.058097 3552824 3
0.823246 -0.099845 1.058097 3553081 3
0.811355 -0.083033 1.065295 3289909 3
0.823246 -0.082472 1.058097 3092532 3
0.811355 -0.065542 1.065295 3881535 3
0.811355 -0.048051 1.065295 4736844 3
0.846956 -0.012315 1.003836 4341060 3
0.719008 -0.099845 1.058097 3355192 3
0.726563 -0.098513 1.043989 4078915 3
0.733918 -0.097217 1.030253 4210243 3
0.745927 -0.096582 1.023519 3618106 3
0.783208 -0.099175 1.050996 3684156 3
0.719008 -0.082472 1.058097 4013634 3
0.717003 -0.080302 1.030253 3486777 3
0.724387 -0.079259 1.016873 4342340 3
0.755806 -0.080833 1.037076 3881276 3
0.799301 -0.083602 1.072592 4078655 3
0.709421 -0.064231 1.043989 3421497 3
0.717003 -0.063386 1.030253 3881789 3
0.715100 -0.061761 1.003836 5395028 3
0.750834 -0.063386 1.030253 4868171 3
0.793864 -0.065542 1.065295 3552311 3
0.700087 -0.046470 1.030253 3421495 3
0.788500 -0.047726 1.058097 4736585 3
0.777986 -0.029948 1.043989 4604999 3
0.795128 -0.029948 1.043989 4999504 3
0.692280 -0.098513 1.043989 3487290 3
0.692280 -0.081372 1.043989 3487290 3
0.683171 -0.063386 1.030253 3618876 3
0.683171 -0.046470 1.030253 2829358 3
0.607515 -0.012474 1.016873 5395026 3
0.616208 -0.012315 1.003836 5263438 3
0.156395 -0.140734 1.491413 5131856 3
0.130663 -0.115149 1.477344 5526101 3
0.153472 -0.114073 1.463537 5789271 3
0.175858 -0.113017 1.449985 6184031 3
0.199666 -0.113017 1.449985 6316130 3
0.087959 -0.149263 1.581802 2894128 3
0.009944 -0.122058 1.565984 5131345 3
0.035656 -0.122058 1.565984 4868171 3
0.060760 -0.120850 1.550479 4802891 3
0.085372 -0.119665 1.535279 5789532 3
-0.093842 -0.149263 1.581802 4343367 3
-0.067871 -0.149263 1.581802 4606023 3
-0.041899 -0.149263 1.581802 4474437 3
-0.091984 -0.120850 1.550479 4935504 3
-0.067192 -0.122058 1.565984 5198676 3
-0.041480 -0.122058 1.565984 4671305 3
-0.015768 -0.122058 1.565984 4999757 3
-0.197729 -0.149263 1.581802 5066320 3
-0.173510 -0.150786 1.597943 4080195 3
-0.145786 -0.149263 1.581802 4146501 3
-0.118616 -0.147770 1.565984 4540748 3
-0.195752 -0.122058 1.565984 5330514 3
-0.171757 -0.123291 1.581802 5199189 3
-0.145786 -0.123291 1.581802 5067349 3
-0.118616 -0.122058 1.565984 5396055 3
-0.498524 -0.153927 1.631234 2434600 3
-0.486958 -0.158893 1.683854 2960433 3
-0.498524 -0.127144 1.631234 4144959 3
-0.481777 -0.129849 1.665941 4605512 3
-0.459311 -0.131245 1.683854 4868431 3
-0.431663 -0.131245 1.683854 4342346 3
-0.404016 -0.131245 1.683854 4079428 3
-0.444957 -0.100361 1.631234 4605259 3
-0.427071 -0.102496 1.665941 3881795 3
0.141330 -0.177023 1.597943 1447448 3
0.160995 -0.170081 1.535279 2565929 3
0.112791 -0.147770 1.565984 3947329 3
0.134469 -0.143466 1.520373 3881789 3
0.109506 -0.118503 1.520373 5328724 3
0.010692 -0.186540 1.683854 5790297 3
0.065986 -0.186540 1.683854 4736845 3
0.092638 -0.184555 1.665941 2170660 3
0.010251 -0.152340 1.614417 5790297 3
0.037141 -0.153927 1.631234 5855579 3
0.063924 -0.153927 1.631234 5263188 3
-0.098834 -0.184555 1.665941 3618877 3
-0.070729 -0.182613 1.648404 4671564 3
-0.043663 -0.182613 1.648404 5263699 3
-0.016955 -0.186540 1.683854 5263953 3
-0.016256 -0.152340 1.614417 5131852 3
-0.249672 -0.175234 1.581802 2960946 3
-0.223701 -0.175234 1.581802 3488058 3
-0.278457 -0.150786 1.597943 4539976 3
-0.247176 -0.147770 1.565984 5000781 3
-0.221464 -0.147770 1.565984 4409158 3
-0.278457 -0.124549 1.597943 5789786 3
-0.247176 -0.122058 1.565984 4802889 3
-0.221464 -0.122058 1.565984 5527123 3
-0.348722 -0.186540 1.683854 3487290 3
-0.311041 -0.180711 1.631234 3026227 3
-0.376369 -0.158893 1.683854 4079425 3
-0.348722 -0.158893 1.683854 4079425 3
-0.311041 -0.153927 1.631234 3092273 3
-0.372365 -0.129849 1.665941 4013632 3
-0.341380 -0.128482 1.648404 5724250 3
-0.311041 -0.127144 1.631234 4934736 3
-0.395511 -0.101417 1.648404 4737357 3
-0.364607 -0.100361 1.631234 4869195 3
-0.408408 -0.188568 1.702157 4407880 3
-0.469405 -0.162385 1.720862 3815745 3
-0.436355 -0.160620 1.702157 4276296 3
-0.408408 -0.160620 1.702157 4276294 3
0.712820 -0.187919 1.477344 6381408 3
0.737076 -0.187919 1.477344 5197134 3
0.754218 -0.186163 1.463537 5328981 3
0.723427 -0.160632 1.449985 5263440 3
0.747234 -0.160632 1.449985 4342086 3
0.310089 -0.156290 1.410797 5066322 3
0.312908 -0.134337 1.423622 5395539 3
0.312908 -0.110962 1.423622 6185055 3
0.333253 -0.109962 1.410797 5658711 3
0.356416 -0.109962 1.410797 5592407 3
0.205370 -0.165221 1.491413 4474186 3
0.225561 -0.162133 1.463537 5065809 3
0.247280 -0.160632 1.449985 4737098 3
0.271088 -0.160632 1.449985 4934988 3
0.292189 -0.159158 1.436683 5066322 3
0.203433 -0.139406 1.477344 5592666 3
0.223473 -0.136824 1.449985 5723993 3
0.247280 -0.136824 1.449985 4934477 3
0.271088 -0.136824 1.449985 5527125 3
0.292189 -0.135569 1.436683 5987422 3
0.221423 -0.111980 1.436683 6118749 3
0.247280 -0.113017 1.449985 5855579 3
0.271088 -0.113017 1.449985 5460821 3
0.294895 -0.113017 1.449985 5461332 3
0.809013 -0.184349 1.283594 3224118 3
0.836949 -0.185873 1.294202 3684669 3
0.802436 -0.161946 1.273158 3355704 3
0.823340 -0.161946 1.273158 4079427 3
0.810167 -0.138786 1.252787 3553081 3
0.816700 -0.119170 1.262890 3750460 3
0.745787 -0.184349 1.283594 3750460 3
0.766863 -0.184349 1.283594 3553083 3
0.787938 -0.184349 1.283594 3947841 3
0.745787 -0.163274 1.283594 4079425 3
0.766863 -0.163274 1.283594 3750462 3
0.787938 -0.163274 1.283594 4803150 3
0.745787 -0.142198 1.283594 3421495 3
0.766863 -0.142198 1.283594 4408390 3
0.781532 -0.141042 1.273158 4211011 3
0.789597 -0.138786 1.252787 4211011 3
0.798785 -0.133448 1.204603 3815743 3
0.724712 -0.121123 1.283594 4145220 3
0.745787 -0.121123 1.283594 3882048 3
0.760628 -0.120138 1.273158 4342597 3
0.795965 -0.119170 1.262890 4079425 3
0.724108 -0.195570 1.361725 5394774 3
0.733707 -0.192227 1.338448 4342599 3
0.749278 -0.190598 1.327105 4737355 3
0.743504 -0.177852 1.398200 4803150 3
0.746467 -0.173212 1.361725 4671564 3
0.749278 -0.168809 1.327105 4211011 3
0.743504 -0.154895 1.398200 4605772 3
0.740032 -0.149554 1.349986 4211013 3
0.742982 -0.145783 1.315953 4474185 3
0.707906 -0.129623 1.373670 4539978 3
0.705699 -0.125229 1.327105 4342600 3
0.505669 -0.181376 1.262890 6118238 3
0.535034 -0.184349 1.283594 5591892 3
0.556109 -0.184349 1.283594 5065548 3
0.577185 -0.184349 1.283594 3749690 3
0.588611 -0.181376 1.262890 4472643 3
0.509780 -0.161946 1.273158 5920861 3
0.526404 -0.160640 1.262890 6381408 3
0.547140 -0.160640 1.262890 4210239 3
0.567875 -0.160640 1.262890 4276034 3
0.588611 -0.160640 1.262890 4473413 3
0.513959 -0.142198 1.283594 5460567 3
0.526404 -0.139905 1.262890 5131856 3
0.538455 -0.137684 1.242845 4473924 3
0.558861 -0.137684 1.242845 4079166 3
0.513959 -0.121123 1.283594 5328981 3
0.522193 -0.118216 1.252787 4934477 3
0.547140 -0.119170 1.262890 4737096 3
0.572492 -0.120138 1.273158 5197647 3
0.400642 -0.168809 1.327105 4802378 3
0.422432 -0.168809 1.327105 6052443 3
0.444222 -0.168809 1.327105 6052443 3
0.458245 -0.165995 1.304987 7171178 3
0.411094 -0.150854 1.361725 5592146 3
0.429715 -0.149554 1.349986 5657939 3
0.451881 -0.149554 1.349986 6776420 3
0.462096 -0.145783 1.315953 7105131 3
0.479671 -0.144568 1.304987 6249822 3
0.414700 -0.129623 1.373670 5921111 3
0.433452 -0.128496 1.361725 5263181 3
0.451881 -0.127388 1.349986 5723730 3
0.466012 -0.125229 1.327105 5789271 3
0.479671 -0.123142 1.304987 7039340 3
0.414700 -0.107069 1.373670 5131341 3
0.429715 -0.105223 1.349986 5394767 3
0.448019 -0.104323 1.338448 5658198 3
0.462096 -0.102570 1.315953 5789786 3
0.347037 -0.174732 1.373670 1644316 3
0.357063 -0.168809 1.327105 1512987 3
0.375669 -0.167390 1.315953 4013375 3
0.330277 -0.154895 1.398200 4737098 3
0.350108 -0.153524 1.385827 3618617 3
0.366378 -0.150854 1.361725 5197647 3
0.388736 -0.150854 1.361725 4473924 3
0.330277 -0.131938 1.398200 5263438 3
0.353234 -0.131938 1.398200 4737098 3
0.369591 -0.129623 1.373670 4539717 3
0.392146 -0.129623 1.373670 4473924 3
0.372862 -0.108016 1.385827 4539719 3
0.392146 -0.107069 1.373670 4868682 3
0.040062 -0.223814 1.759533 4671051 3
1.012754 -0.188434 1.177432 3684157 3
1.039905 -0.189862 1.186352 3881535 3
1.059384 -0.189862 1.186352 3092532 3
1.008589 -0.171684 1.195408 3683644 3
1.028216 -0.171684 1.195408 3026227 3
1.047843 -0.171684 1.195408 3947329 3
1.067471 -0.171684 1.195408 2828848 3
1.008589 -0.152057 1.195408 3025714 3
1.020427 -0.150905 1.186352 3026226 3
1.032086 -0.149770 1.177432 3881535 3
1.051419 -0.149770 1.177432 3092019 3
1.087098 -0.152057 1.195408 3223605 3
1.000948 -0.131426 1.186352 3223606 3
1.020427 -0.131426 1.186352 3224118 3
1.024384 -0.129464 1.168645 3420984 3
1.035842 -0.128505 1.159988 3486777 3
1.062760 -0.129464 1.168645 3486520 3
1.081948 -0.129464 1.168645 3289141 3
1.028216 -0.112802 1.195408 3093302 3
1.016796 -0.109459 1.159988 2895151 3
1.035842 -0.109459 1.159988 4079168 3
1.047131 -0.108655 1.151459 3289139 3
1.066037 -0.108655 1.151459 2499625 3
0.935425 -0.188434 1.177432 2697261 3
0.954757 -0.188434 1.177432 2829101 3
0.974090 -0.188434 1.177432 3091762 3
0.993422 -0.188434 1.177432 4604746 3
0.935425 -0.169102 1.177432 3224370 3
0.954757 -0.169102 1.177432 3026226 3
0.981469 -0.170383 1.186352 3815230 3
0.928444 -0.148652 1.168645 3224884 3
0.961990 -0.150905 1.186352 3815742 3
0.988961 -0.152057 1.195408 3025716 3
0.988961 -0.132429 1.195408 2631471 3
0.834523 -0.171656 1.072592 2500134 3
0.816912 -0.154045 1.072592 3421495 3
0.846114 -0.156185 1.087489 3684667 3
0.816912 -0.136434 1.072592 3092530 3
0.834523 -0.136434 1.072592 2632749 3
0.823246 -0.117218 1.058097 2960944 3
0.863969 -0.120474 1.087489 2566954 3
0.620080 -0.198903 1.242845 4078657 3
0.609346 -0.181376 1.262890 5789271 3
0.630081 -0.181376 1.262890 6052443 3
0.692288 -0.119170 1.262890 4737358 3
0.640411 -0.100048 1.283594 4868684 3
0.661486 -0.100048 1.283594 4408392 3
0.433208 -0.185873 1.294202 3025967 3
0.447068 -0.182850 1.273158 3881274 3
0.453233 -0.177091 1.233058 7170924 3
0.473478 -0.177091 1.233058 7499891 3
0.475707 -0.164623 1.294202 6579041 3
0.488876 -0.161946 1.273158 5526101 3
0.492883 -0.142198 1.283594 6118236 3
0.492883 -0.121123 1.283594 5789271 3
0.471808 -0.100048 1.283594 5987165 3
0.738981 -0.174040 1.087489 2697010 3
0.736381 -0.169336 1.058097 2565937 3
0.743704 -0.167079 1.043989 2105384 3
0.750834 -0.164880 1.030253 2302763 3
0.767750 -0.164880 1.030253 2237224 3
0.795128 -0.167079 1.043989 3552570 3
0.738981 -0.156185 1.087489 3223095 3
0.746468 -0.154045 1.072592 3355194 3
0.764079 -0.154045 1.072592 3158326 3
0.771127 -0.151963 1.058097 3618876 3
0.799301 -0.154045 1.072592 3026739 3
0.738981 -0.138329 1.087489 3552573 3
0.746468 -0.136434 1.072592 3157815 3
0.753754 -0.134591 1.058097 3223606 3
0.760845 -0.132796 1.043989 3881535 3
0.788500 -0.134591 1.058097 3158325 3
0.728858 -0.118823 1.072592 3092022 3
0.736381 -0.117218 1.058097 3618366 3
0.738779 -0.114889 1.037076 4144707 3
0.736302 -0.111924 1.010312 3552570 3
0.762732 -0.113387 1.023519 3223605 3
0.795128 -0.115655 1.043989 2829358 3
1.009320 -0.240995 1.151459 2499121 3
1.009320 -0.222089 1.151459 2564913 3
1.013324 -0.218871 1.134771 2302254 3
1.012754 -0.207767 1.177432 3486265 3
1.039905 -0.209341 1.186352 2763057 3
1.059384 -0.209341 1.186352 2499885 3
0.815699 -0.207122 1.294202 1448477 3
0.836949 -0.207122 1.294202 2105637 3
0.962116 -0.234110 1.118560 2433581 3
0.942512 -0.228819 1.186352 2565678 3
0.954757 -0.227099 1.177432 2960433 3
0.959659 -0.223735 1.159988 2631209 3
0.978705 -0.223735 1.159988 2368039 3
0.983185 -0.220468 1.143054 3091509 3
0.923033 -0.209341 1.186352 2697515 3
0.942512 -0.209341 1.186352 2894641 3
0.954757 -0.207767 1.177432 3157812 3
0.974090 -0.207767 1.177432 3223346 3
0.993422 -0.207767 1.177432 3025714 3
0.745787 -0.205424 1.283594 3618876 3
0.766863 -0.205424 1.283594 3026739 3
0.794450 -0.207122 1.294202 2501165 3
0.720547 -0.223766 1.398200 2565418 3
0.724108 -0.217929 1.361725 1907746 3
0.746467 -0.217929 1.361725 2434600 3
0.762197 -0.216050 1.349986 3290679 3