# .PCD v0.7 - Point Cloud Data file format
VERSION 0.7
FIELDS x y z rgb label
SIZE 4 4 4 4 4
TYPE F F F F U
COUNT 1 1 1 1 1
WIDTH 3533
HEIGHT 1
VIEWPOINT 0 0 0 1 0 0 0
POINTS 3533
DATA ascii
-0.212636 0.245616 1.79299 3.3176e-39 3
-0.18132 0.242887 1.77307 2.58004e-39 3
-0.154079 0.245616 1.79299 2.30489e-39 3
-0.12321 0.316809 2.3127 2.39781e-39 3
-0.185441 0.278018 1.81336 2.94954e-39 3
-0.0830379 0.344586 2.24755 2.76552e-39 3
0.0914393 0.127425 0.831125 3.68783e-39 3
0.234162 0.149181 0.973024 2.58184e-39 3
0.266288 0.158868 1.03621 2.58147e-39 3
3.45537 0.6796 4.43267 2.76407e-39 3
3.96872 0.76455 4.98675 2.57968e-39 3
-0.263207 0.436635 2.57381 2.2127e-39 3
-0.217667 0.429705 2.53295 2.95026e-39 3
-0.185121 0.45119 2.6596 2.67439e-39 3
-0.137121 0.436635 2.57381 2.67404e-39 3
-0.0982615 0.45119 2.6596 3.31905e-39 3
-0.0548318 0.45119 2.6596 3.59563e-39 3
-0.0114021 0.45119 2.6596 3.04209e-39 3
0.438909 0.676785 3.9894 3.87221e-39 3
0.504053 0.676785 3.9894 3.41087e-39 3
0.569198 0.676785 3.9894 1.84427e-39 3
0.191158 0.169196 0.99735 3.41196e-39 3
0.21007 0.171338 1.00997 2.76658e-39 3
0.22373 0.169196 0.99735 2.12087e-39 3
0.240016 0.169196 0.99735 2.76623e-39 3
0.266288 0.175788 1.03621 2.21305e-39 3
0.290761 0.180476 1.06384 2.67439e-39 3
0.483239 0.211495 1.24669 2.30345e-39 3
0.503597 0.211495 1.24669 3.22648e-39 3
0.645744 0.225595 1.3298 1.56733e-39 3
0.97362 0.268034 1.57996 1.93648e-39 3
0.99942 0.268034 1.57996 2.12015e-39 3
1.0566 0.276239 1.62833 3.78002e-39 3
1.10576 0.281994 1.66225 2.30489e-39 3
1.54673 0.375992 2.21633 3.31833e-39 3
1.72682 0.410173 2.41782 3.31725e-39 3
2.15882 0.501322 2.95511 3.68567e-39 3
3.52776 0.751983 4.43267 2.94847e-39 3
3.81191 0.796218 4.69341 2.85627e-39 3
3.88855 0.796218 4.69341 2.76587e-39 3
3.96519 0.796218 4.69341 1.84392e-39 3
3.81729 0.751983 4.43267 1.84356e-39 3
3.58217 0.644557 3.79943 1.47513e-39 3
3.82643 0.676785 3.9894 2.85735e-39 3
-0.997404 0.449654 2.41782 3.04209e-39 3
-0.903184 0.42396 2.27966 2.8577e-39 3
-0.865959 0.42396 2.27966 4.51759e-39 3
-0.0982615 0.49462 2.6596 3.31976e-39 3
0.191158 0.185482 0.99735 4.70269e-39 3
0.221274 0.197848 1.06384 3.68854e-39 3
0.250327 0.207533 1.11592 2.49e-39 3
0.261242 0.201886 1.08555 3.50415e-39 3
0.266288 0.192709 1.03621 3.41159e-39 3
0.286935 0.195245 1.04984 2.76694e-39 3
0.334927 0.215052 1.15635 2.30669e-39 3
0.372716 0.226543 1.21814 4.33391e-39 3
0.389633 0.224827 1.20891 3.13465e-39 3
0.422166 0.231853 1.24669 2.85806e-39 3
0.435716 0.228286 1.22751 2.48928e-39 3
0.45576 0.228286 1.22751 2.48928e-39 3
0.502883 0.241278 1.29737 2.48784e-39 3
0.528364 0.243256 1.308 3.50307e-39 3
0.523955 0.231853 1.24669 3.22757e-39 3
0.561871 0.239332 1.2869 2.48928e-39 3
0.582885 0.239332 1.2869 2.30489e-39 3
0.62403 0.24731 1.3298 3.22685e-39 3
0.645744 0.24731 1.3298 2.21341e-39 3
0.99942 0.293833 1.57996 2.21306e-39 3
1.03547 0.296772 1.59576 2.48964e-39 3
1.23434 0.345084 1.85553 2.48964e-39 3
1.29475 0.3533 1.89971 2.30489e-39 3
1.54673 0.412183 2.21633 2.48857e-39 3
1.67603 0.436429 2.34671 2.02615e-39 3
3.45537 0.824366 4.43267 3.13394e-39 3
3.52776 0.824366 4.43267 2.48749e-39 3
3.60014 0.824366 4.43267 4.4236e-39 3
3.47923 0.780978 4.19937 2.58112e-39 3
2.21649 0.478664 2.57381 1.38258e-39 3
2.18794 0.463706 2.49337 3.22613e-39 3
2.16112 0.449654 2.41782 2.67188e-39 3
2.34258 0.478664 2.57381 2.3031e-39 3
2.73788 0.549577 2.95511 1.93539e-39 3
3.41935 0.674481 3.62673 2.2127e-39 3
3.64421 0.7066 3.79943 2.85806e-39 3
4.86446 0.927412 4.98675 2.30417e-39 3
-0.677148 0.252211 1.24669 2.21341e-39 3
-0.65679 0.252211 1.24669 1.84535e-39 3
-0.636433 0.252211 1.24669 3.59599e-39 3
-0.579835 0.237375 1.17335 1.84428e-39 3
-0.569043 0.240918 1.19087 1.3851e-39 3
-0.549597 0.240918 1.19087 2.12194e-39 3
-0.997404 0.489136 2.41782 3.0428e-39 3
-0.903184 0.461185 2.27966 3.50379e-39 3
-0.865959 0.461185 2.27966 2.5822e-39 3
-0.225025 0.227345 1.12377 2.85806e-39 3
-0.173551 0.504421 2.49337 2.39853e-39 3
-0.132835 0.504421 2.49337 3.78182e-39 3
-0.0982615 0.538049 2.6596 3.96513e-39 3
-0.0548318 0.538049 2.6596 2.85878e-39 3
0.174872 0.201769 0.99735 4.5183e-39 3
0.194811 0.205624 1.01641 4.5183e-39 3
0.218362 0.212388 1.04984 3.87328e-39 3
0.24187 0.218128 1.07822 4.33391e-39 3
0.254322 0.213794 1.05679 3.68854e-39 3
0.268029 0.211 1.04298 4.1495e-39 3
0.292713 0.216664 1.07098 4.14987e-39 3
0.327801 0.228957 1.13174 3.78182e-39 3
0.356392 0.235642 1.16479 2.85878e-39 3
0.378173 0.237375 1.17335 4.05696e-39 3
0.403263 0.240918 1.19087 4.42574e-39 3
0.42271 0.240918 1.19087 4.33355e-39 3
0.442156 0.240918 1.19087 2.67367e-39 3
0.494837 0.258264 1.27661 3.50307e-39 3
0.519842 0.260346 1.2869 2.58147e-39 3
0.540856 0.260346 1.2869 3.1361e-39 3
0.561871 0.260346 1.2869 2.76659e-39 3
0.582885 0.260346 1.2869 2.95061e-39 3
0.6039 0.260346 1.2869 2.30561e-39 3
0.605385 0.252211 1.24669 2.5822e-39 3
0.625743 0.252211 1.24669 2.85986e-39 3
2.29725 0.896749 4.43267 2.76587e-39 3
0.964074 0.3165 1.56447 3.22721e-39 3
0.97059 0.310413 1.53438 3.4116e-39 3
0.995646 0.310413 1.53438 2.30633e-39 3
1.10576 0.336281 1.66225 2.39781e-39 3
1.26464 0.375383 1.85553 2.95026e-39 3
1.54673 0.448374 2.21633 3.22613e-39 3
3.58199 0.949499 4.69341 3.31869e-39 3
3.65863 0.949499 4.69341 2.30454e-39 3
3.52776 0.896749 4.43267 2.39637e-39 3
3.41066 0.849552 4.19937 2.94847e-39 3
3.30527 0.807074 3.9894 2.58076e-39 3
2.80868 0.672562 3.3245 3.4116e-39 3
2.02092 0.474749 2.34671 2.48928e-39 3
2.05924 0.474749 2.34671 2.76551e-39 3
2.09756 0.474749 2.34671 3.59419e-39 3
2.2006 0.489136 2.41782 2.76371e-39 3
2.46409 0.538049 2.6596 3.04174e-39 3
3.41935 0.733704 3.62673 2.2127e-39 3
4.50168 0.949499 4.69341 2.48928e-39 3
4.86446 1.00884 4.98675 2.02759e-39 3
4.94589 1.00884 4.98675 1.65952e-39 3
1.87435 0.3587 1.77307 1.65881e-39 3
-0.548579 0.149097 0.681949 2.39637e-39 3
-0.717863 0.272568 1.24669 2.39637e-39 3
-0.697506 0.272568 1.24669 3.41124e-39 3
-0.66673 0.268375 1.22751 2.12122e-39 3
-0.627382 0.260364 1.19087 3.41195e-39 3
-0.590314 0.252817 1.15635 3.96478e-39 3
-0.571432 0.252817 1.15635 2.85843e-39 3
-0.544656 0.249205 1.13983 2.95062e-39 3
-0.500993 0.237338 1.08555 3.32048e-39 3
-0.473602 0.232592 1.06384 1.93682e-39 3
-0.957923 0.528617 2.41782 3.04389e-39 3
-0.230395 0.232592 1.06384 3.50379e-39 3
-0.20749 0.22655 1.03621 5.99343e-39 3
-0.19057 0.22655 1.03621 5.16403e-39 3
-0.173649 0.22655 1.03621 3.9662e-39 3
-0.0950918 0.562722 2.57381 4.05732e-39 3
-0.053063 0.562722 2.57381 2.58219e-39 3
-0.00305413 0.155753 0.712393 4.79489e-39 3
0.165559 0.206442 0.944237 4.241e-39 3
0.191158 0.218055 0.99735 3.96477e-39 3
0.214136 0.225089 1.02952 6.08526e-39 3
0.238645 0.232592 1.06384 4.97891e-39 3
0.250997 0.228031 1.04298 4.3339e-39 3
0.266288 0.22655 1.03621 5.62535e-39 3
0.286935 0.229531 1.04984 4.79524e-39 3
0.316575 0.238964 1.09299 2.30596e-39 3
0.336729 0.240612 1.10052 3.96548e-39 3
0.362194 0.245695 1.12377 4.05696e-39 3
0.415671 0.268375 1.22751 4.70305e-39 3
0.407504 0.250998 1.14803 4.05768e-39 3
0.462882 0.272568 1.24669 3.50379e-39 3
0.483239 0.272568 1.24669 4.42502e-39 3
0.561871 0.281361 1.2869 3.87366e-39 3
0.488363 0.235735 1.07822 3.78073e-39 3
0.492655 0.229531 1.04984 2.85878e-39 3
0.509798 0.229531 1.04984 3.96621e-39 3
0.51343 0.223646 1.02292 3.41303e-39 3
0.523423 0.220815 1.00997 2.21269e-39 3
0.561228 0.229531 1.04984 3.68746e-39 3
0.578371 0.229531 1.04984 4.05516e-39 3
0.97059 0.335469 1.53438 3.13537e-39 3
1.0207 0.335469 1.53438 2.58292e-39 3
1.20843 0.387653 1.77307 2.30489e-39 3
3.72443 1.09027 4.98675 1.8432e-39 3
3.20992 0.830684 3.79943 3.41017e-39 3
2.14722 0.545137 2.49337 2.76516e-39 3
2.0004 0.498411 2.27966 3.31833e-39 3
2.09756 0.51307 2.34671 3.68567e-39 3
2.2006 0.528617 2.41782 2.85555e-39 3
3.36012 0.792926 3.62673 2.57969e-39 3
4.42504 1.02614 4.69341 1.56661e-39 3
5.1019 1.16296 5.3192 2.48928e-39 3
5.18876 1.16296 5.3192 2.67368e-39 3
1.82231 0.371157 1.69762 2.11799e-39 3
-0.584702 0.167386 0.712393 1.84356e-39 3
-0.548579 0.160233 0.681949 3.13358e-39 3
-0.628808 0.187473 0.79788 3.13358e-39 3
-0.717863 0.292926 1.24669 3.50343e-39 3
-0.686775 0.288419 1.22751 4.24172e-39 3
-0.656628 0.284049 1.20891 2.85986e-39 3
-0.609197 0.271699 1.15635 3.78074e-39 3
-0.581881 0.267818 1.13983 2.39781e-39 3
-0.555335 0.264046 1.12377 2.95062e-39 3
-0.525874 0.258583 1.10052 5.71649e-39 3
-0.497608 0.253341 1.07822 6.17855e-39 3
-0.473602 0.249963 1.06384 3.59563e-39 3
-0.225536 0.177699 0.756284 3.4134e-39 3
-0.229502 0.191299 0.814163 3.50415e-39 3
-0.288195 0.271699 1.15635 4.42646e-39 3
-0.238238 0.24035 1.02292 2.39744e-39 3
-0.221534 0.24035 1.02292 4.51794e-39 3
-0.20749 0.243471 1.03621 5.80904e-39 3
-0.19057 0.243471 1.03621 4.42646e-39 3
-0.171423 0.24035 1.02292 5.7172e-39 3
-0.152761 0.237307 1.00997 4.61157e-39 3
-0.134565 0.234341 0.99735 5.71648e-39 3
-0.02632 0.167386 0.712393 4.70269e-39 3
-0.0150224 0.171208 0.728657 5.34806e-39 3
-0.00315265 0.172786 0.735373 5.71685e-39 3
0.0087348 0.17043 0.725345 4.61014e-39 3
0.0202118 0.167386 0.712393 4.79524e-39 3
0.149257 0.220556 0.938682 5.16402e-39 3
0.164585 0.220556 0.938682 5.34806e-39 3
0.185365 0.22724 0.967127 4.97928e-39 3
0.199946 0.225871 0.961301 5.7172e-39 3
0.238645 0.249963 1.06384 5.16402e-39 3
0.281382 0.2419 1.02952 4.88707e-39 3
0.312297 0.253341 1.07822 4.79524e-39 3
0.364371 0.27981 1.19087 3.78253e-39 3
0.389633 0.284049 1.20891 4.88744e-39 3
0.415671 0.288419 1.22751 5.25622e-39 3
0.442524 0.292926 1.24669 5.16475e-39 3
0.462882 0.292926 1.24669 4.97928e-39 3
0.561871 0.302375 1.2869 3.59742e-39 3
0.475512 0.246675 1.04984 4.5183e-39 3
0.486257 0.243471 1.03621 5.99343e-39 3
0.503178 0.243471 1.03621 3.04317e-39 3
0.506931 0.237307 1.00997 2.67547e-39 3
0.523423 0.237307 1.00997 4.97928e-39 3
0.553939 0.243471 1.03621 3.78037e-39 3
0.563541 0.24035 1.02292 5.43918e-39 3
0.5729 0.237307 1.00997 2.76442e-39 3
0.596949 0.24035 1.02292 4.33139e-39 3
0.886387 0.347172 1.47756 3.13321e-39 3
0.910515 0.347172 1.47756 4.79453e-39 3
0.934642 0.347172 1.47756 2.3056e-39 3
0.599734 0.211833 0.901559 3.04317e-39 3
1.59123 0.426074 1.81336 2.94954e-39 3
1.55037 0.407549 1.73452 2.21054e-39 3
2.13588 0.55139 2.34671 2.11799e-39 3
1.8454 0.416606 1.77307 2.02759e-39 3
1.75721 0.390568 1.66225 1.74921e-39 3
0.776354 0.167386 0.712393 2.67188e-39 3
0.787987 0.167386 0.712393 2.21198e-39 3
0.806824 0.168894 0.718811 2.76516e-39 3
0.833581 0.171993 0.732 2.21162e-39 3
-0.595333 0.182274 0.725345 1.65952e-39 3
-0.583488 0.182274 0.725345 1.75065e-39 3
-0.648256 0.206703 0.822557 1.93504e-39 3
-0.707792 0.230462 0.917103 3.59491e-39 3
-0.686775 0.308464 1.22751 3.04317e-39 3
-0.619107 0.286431 1.13983 3.41303e-39 3
-0.592036 0.282397 1.12377 2.12121e-39 3
-0.573686 0.282397 1.12377 2.5822e-39 3
-0.532822 0.270948 1.07822 3.78038e-39 3
-0.511757 0.26913 1.07098 3.78074e-39 3
-0.487722 0.265565 1.05679 3.78074e-39 3
-0.464315 0.262093 1.04298 4.14881e-39 3
-0.453208 0.265565 1.05679 4.14809e-39 3
-0.288571 0.208856 0.831125 4.7027e-39 3
-0.269387 0.204593 0.814163 4.0584e-39 3
-0.256092 0.204593 0.814163 4.05805e-39 3
-0.234425 0.197538 0.786089 3.68962e-39 3
-0.229502 0.204593 0.814163 5.16403e-39 3
-0.220712 0.208856 0.831125 5.80904e-39 3
-0.216146 0.217936 0.867261 3.78073e-39 3
-0.206473 0.222779 0.886533 3.50379e-39 3
-0.208189 0.241568 0.961301 4.79417e-39 3
-0.20483 0.257053 1.02292 3.68782e-39 3
-0.185745 0.253799 1.00997 5.2555e-39 3
-0.169253 0.253799 1.00997 5.80868e-39 3
-0.152761 0.253799 1.00997 5.07076e-39 3
-0.0278099 0.189152 0.752717 5.25586e-39 3
-0.0153019 0.186513 0.742214 6.08562e-39 3
-0.00319685 0.187385 0.745682 5.44133e-39 3
0.00889656 0.18565 0.738778 5.90196e-39 3
0.0211563 0.187385 0.745682 4.88744e-39 3
0.0330242 0.18565 0.738778 5.62464e-39 3
0.106116 0.211054 0.839874 5.99451e-39 3
0.119831 0.211054 0.839874 5.99486e-39 3
0.133546 0.211054 0.839874 5.71828e-39 3
0.14726 0.211054 0.839874 5.71792e-39 3
0.177821 0.233141 0.927767 5.07183e-39 3
0.208749 0.252203 1.00362 5.44061e-39 3
0.344925 0.299256 1.19087 4.88852e-39 3
0.283871 0.233141 0.927767 4.79668e-39 3
0.367368 0.286431 1.13983 5.34914e-39 3
0.397333 0.294855 1.17335 4.33499e-39 3
0.337489 0.209949 0.835476 1.47548e-39 3
0.342175 0.204593 0.814163 2.67367e-39 3
0.353665 0.203555 0.81003 2.3056e-39 3
0.401543 0.222779 0.886533 2.67402e-39 3
0.480023 0.257053 1.02292 5.07111e-39 3
0.490439 0.253799 1.00997 4.70269e-39 3
0.494414 0.247533 0.985037 3.59635e-39 3
0.51367 0.24907 0.991155 5.25694e-39 3
0.533167 0.250627 0.99735 4.79489e-39 3
0.54604 0.24907 0.991155 4.79452e-39 3
0.558755 0.247533 0.985037 5.43953e-39 3
0.582025 0.250627 0.99735 3.04244e-39 3
0.598311 0.250627 0.99735 5.43953e-39 3
0.60701 0.247533 0.985037 4.88672e-39 3
0.567086 0.225283 0.896494 4.70305e-39 3
0.575262 0.222779 0.886533 4.33463e-39 3
0.596365 0.225283 0.896494 3.22757e-39 3
0.607591 0.224024 0.891486 5.53209e-39 3
0.992181 0.313284 1.24669 3.13465e-39 3
1.0452 0.32339 1.2869 4.241e-39 3
0.707213 0.202527 0.805939 1.84392e-39 3
0.706108 0.198516 0.78998 3.22541e-39 3
0.733534 0.202527 0.805939 1.84212e-39 3
0.856113 0.206703 0.822557 2.48857e-39 3
0.78098 0.18565 0.738778 2.76371e-39 3
0.764721 0.179019 0.712393 3.77751e-39 3
0.776354 0.179019 0.712393 3.22505e-39 3
0.787987 0.179019 0.712393 2.30418e-39 3
0.79962 0.179019 0.712393 2.30418e-39 3
0.818561 0.180632 0.718811 1.75137e-39 3
0.845534 0.183946 0.732 3.50308e-39 3
-0.654866 0.21353 0.79788 2.39709e-39 3
-0.641837 0.21353 0.79788 2.76516e-39 3
-0.648256 0.220134 0.822557 3.68711e-39 3
-0.648189 0.224769 0.839874 3.04174e-39 3
-0.669723 0.237256 0.886533 2.39708e-39 3
-0.647626 0.263618 0.985037 4.51758e-39 3
-0.639435 0.266913 0.99735 4.14916e-39 3
-0.655946 0.280961 1.04984 4.88708e-39 3
-0.638803 0.280961 1.04984 3.04317e-39 3
-0.620005 0.29657 1.10817 4.0584e-39 3
-0.585641 0.288555 1.07822 2.67583e-39 3
-0.568035 0.288555 1.07822 2.3978e-39 3
-0.550428 0.288555 1.07822 2.02902e-39 3
-0.5188 0.280961 1.04984 3.96513e-39 3
-0.495142 0.277312 1.03621 4.24172e-39 3
-0.478221 0.277312 1.03621 3.87294e-39 3
-0.458324 0.275523 1.02952 4.60907e-39 3
-0.447284 0.279125 1.04298 2.6726e-39 3
-0.401394 0.260403 0.973024 5.34699e-39 3
-0.305323 0.224769 0.839874 4.70197e-39 3
-0.302763 0.233367 0.872 3.87257e-39 3
-0.272164 0.220134 0.822557 3.78073e-39 3
-0.257405 0.219006 0.818338 2.76766e-39 3
-0.244042 0.219006 0.818338 6.54768e-39 3
-0.234283 0.222428 0.831125 5.07111e-39 3
-0.224215 0.225958 0.844317 3.78074e-39 3
-0.20714 0.222428 0.831125 2.95097e-39 3
-0.199812 0.229603 0.857935 4.24135e-39 3
-0.189886 0.234649 0.876791 7.00687e-39 3
-0.187962 0.251212 0.938682 7.65224e-39 3
-0.181159 0.263618 0.985037 5.71648e-39 3
-0.165074 0.263618 0.985037 4.60942e-39 3
-0.148989 0.263618 0.985037 5.5303e-39 3
-0.129701 0.257266 0.961301 5.43774e-39 3
-0.102851 0.232098 0.867261 6.17566e-39 3
-0.0815941 0.21353 0.79788 5.3477e-39 3
-0.0685652 0.21353 0.79788 4.5183e-39 3
-0.0541817 0.208322 0.778419 4.88708e-39 3
-0.0418792 0.210375 0.786089 4.6105e-39 3
-0.0283447 0.205318 0.767192 5.53245e-39 3
-0.0153734 0.199561 0.745682 6.45441e-39 3
-0.00319685 0.199561 0.745682 7.10085e-39 3
0.00893794 0.198633 0.742214 6.08671e-39 3
0.0210579 0.198633 0.742214 5.99379e-39 3
0.0331778 0.198633 0.742214 7.28416e-39 3
0.045088 0.197713 0.738778 6.26966e-39 3
0.0642958 0.222428 0.831125 6.36257e-39 3
0.0778675 0.222428 0.831125 6.91574e-39 3
0.0886684 0.215687 0.805939 6.64023e-39 3
0.100811 0.21353 0.79788 6.73279e-39 3
0.112712 0.211416 0.78998 6.73315e-39 3
0.125612 0.211416 0.78998 5.81119e-39 3
0.138512 0.211416 0.78998 7.83949e-39 3
0.152926 0.21353 0.79788 5.90231e-39 3
0.165955 0.21353 0.79788 4.42718e-39 3
0.175475 0.209344 0.782235 4.79597e-39 3
0.262504 0.229603 0.857935 4.70377e-39 3
0.275035 0.228375 0.853347 4.88708e-39 3
0.290523 0.229603 0.857935 3.68962e-39 3
0.299699 0.225958 0.844317 4.24351e-39 3
0.313486 0.225958 0.844317 1.10814e-39 3
0.323846 0.223592 0.835476 3.59634e-39 3
0.339265 0.224769 0.839874 9.40431e-39 3
0.349303 0.222428 0.831125 8.29724e-39 3
0.362875 0.222428 0.831125 4.79452e-39 3
0.384456 0.22716 0.848808 4.97892e-39 3
0.459408 0.262001 0.978994 3.41159e-39 3
0.472496 0.260403 0.973024 4.42539e-39 3
0.482501 0.257266 0.961301 4.6105e-39 3
0.498198 0.257266 0.961301 3.50523e-39 3
0.520163 0.260403 0.973024 3.32048e-39 3
0.532803 0.258825 0.967127 4.70269e-39 3
0.542025 0.255725 0.955545 4.79452e-39 3
0.538289 0.246856 0.922404 5.16366e-39 3
0.576686 0.257266 0.961301 4.61013e-39 3
0.585331 0.254203 0.949857 3.2272e-39 3
0.560785 0.237256 0.886533 3.59634e-39 3
0.572084 0.235945 0.881635 2.95098e-39 3
0.655265 0.263618 0.985037 3.59635e-39 3
1.26862 0.444855 1.66225 3.59599e-39 3
1.05418 0.361916 1.35234 4.70234e-39 3
1.02419 0.344404 1.2869 2.02902e-39 3
1.09835 0.361916 1.35234 3.31904e-39 3
0.673639 0.209344 0.782235 3.04246e-39 3
0.693208 0.211416 0.78998 3.96441e-39 3
0.699186 0.209344 0.782235 2.76515e-39 3
0.726198 0.21353 0.79788 3.41124e-39 3
0.746694 0.215687 0.805939 3.22685e-39 3
0.864916 0.229603 0.857935 4.05481e-39 3
0.847377 0.217888 0.814163 2.94954e-39 3
0.78098 0.197713 0.738778 2.48713e-39 3
0.78218 0.195005 0.728657 1.84176e-39 3
0.794079 0.195005 0.728657 1.65773e-39 3
0.802314 0.194119 0.725345 3.31869e-39 3
0.796066 0.189805 0.709227 2.48893e-39 3
0.800531 0.188133 0.702978 2.02795e-39 3
0.845534 0.195899 0.732 1.4755e-39 3
0.865427 0.197713 0.738778 2.58112e-39 3
2.56132 0.577109 2.15643 3.31833e-39 3
2.59654 0.577109 2.15643 1.47441e-39 3
2.63175 0.577109 2.15643 2.2109e-39 3
-0.624201 0.211738 0.745682 2.02902e-39 3
-0.654866 0.226559 0.79788 1.93611e-39 3
-0.64832 0.228848 0.805939 1.56733e-39 3
-0.655009 0.235999 0.831125 2.11979e-39 3
-0.648189 0.238484 0.839874 3.31833e-39 3
-0.648119 0.243612 0.857935 3.41088e-39 3
-0.655246 0.251733 0.886533 3.7793e-39 3
-0.670573 0.263441 0.927767 3.0421e-39 3
-0.713498 0.286784 1.00997 4.4254e-39 3
-0.697006 0.286784 1.00997 4.51723e-39 3
-0.640007 0.269714 0.949857 2.2127e-39 3
-0.624496 0.269714 0.949857 3.135e-39 3
-0.631541 0.279703 0.985037 2.58219e-39 3
-0.623149 0.283199 0.99735 3.04317e-39 3
-0.638803 0.298104 1.04984 3.96621e-39 3
-0.62166 0.298104 1.04984 1.93611e-39 3
-0.596666 0.294233 1.03621 1.3833e-39 3
-0.579745 0.294233 1.03621 1.38437e-39 3
-0.555609 0.290461 1.02292 4.42718e-39 3
-0.477666 0.257454 0.906682 4.70269e-39 3
-0.476394 0.264982 0.933193 2.85842e-39 3
-0.463868 0.26654 0.938682 3.68854e-39 3
-0.451194 0.268118 0.944237 5.44026e-39 3
-0.449061 0.276292 0.973024 1.84391e-39 3
-0.43583 0.277987 0.978994 4.24029e-39 3
-0.422435 0.279703 0.985037 3.87115e-39 3
-0.396558 0.272963 0.961301 4.97821e-39 3
-0.347379 0.248966 0.876791 3.87222e-39 3
-0.360816 0.269714 0.949857 4.60978e-39 3
-0.305323 0.238484 0.839874 4.60942e-39 3
-0.291608 0.238484 0.839874 3.59526e-39 3
-0.273574 0.234777 0.826819 4.33283e-39 3
-0.260072 0.234777 0.826819 3.22864e-39 3
-0.2453 0.233566 0.822557 3.96657e-39 3
-0.234283 0.235999 0.831125 2.85878e-39 3
-0.221867 0.237235 0.835476 3.87293e-39 3
-0.212678 0.242309 0.853347 7.00722e-39 3
-0.198744 0.242309 0.853347 9.127e-39 3
-0.185803 0.243612 0.857935 4.88565e-39 3
-0.17366 0.24626 0.867261 3.68783e-39 3
-0.159499 0.24626 0.867261 6.17674e-39 3
-0.142244 0.241021 0.848808 6.45225e-39 3
-0.119486 0.224316 0.78998 6.82032e-39 3
-0.105026 0.221034 0.778419 7.46569e-39 3
-0.0914232 0.218898 0.770898 5.80688e-39 3
-0.0769756 0.213735 0.752717 6.82211e-39 3
-0.0662465 0.218898 0.770898 7.65295e-39 3
-0.052641 0.214748 0.756284 9.12808e-39 3
-0.0401013 0.213735 0.752717 8.7593e-39 3
-0.0272949 0.209777 0.738778 6.73063e-39 3
-0.0151609 0.20881 0.735373 8.39015e-39 3
-0.00316725 0.209777 0.738778 6.45656e-39 3
0.00889656 0.209777 0.738778 9.12988e-39 3
0.0209604 0.209777 0.738778 6.73243e-39 3
0.0330242 0.209777 0.738778 7.92989e-39 3
0.045088 0.209777 0.738778 8.66746e-39 3
0.0576859 0.211738 0.745682 7.46964e-39 3
0.0698625 0.211738 0.745682 7.00794e-39 3
0.082813 0.213735 0.752717 7.65331e-39 3
0.0998125 0.224316 0.78998 6.82534e-39 3
0.112712 0.224316 0.78998 6.17997e-39 3
0.124381 0.222117 0.782235 5.90339e-39 3
0.137154 0.222117 0.782235 5.81047e-39 3
0.151412 0.224316 0.78998 7.28597e-39 3
0.162701 0.222117 0.782235 1.04199e-38 3
0.174619 0.221034 0.778419 6.54768e-39 3
0.18287 0.215771 0.759886 4.42718e-39 3
0.270692 0.238484 0.839874 8.11393e-39 3
0.288969 0.242309 0.853347 7.92954e-39 3
0.298121 0.238484 0.839874 5.99451e-39 3
0.313486 0.239745 0.844317 9.03768e-39 3
0.325551 0.238484 0.839874 8.66818e-39 3
0.339265 0.238484 0.839874 9.12772e-39 3
0.347493 0.234777 0.826819 8.57455e-39 3
0.364775 0.237235 0.835476 7.00722e-39 3
0.376447 0.235999 0.831125 7.00794e-39 3
0.459408 0.277987 0.978994 2.85842e-39 3
0.469632 0.274617 0.967127 4.1488e-39 3
0.482501 0.272963 0.961301 6.27002e-39 3
0.495215 0.271329 0.955545 2.76658e-39 3
0.479251 0.254561 0.896494 4.05805e-39 3
0.49389 0.254561 0.896494 3.32084e-39 3
0.497353 0.248966 0.876791 3.5045e-39 3
0.506109 0.24626 0.867261 3.68889e-39 3
0.520271 0.24626 0.867261 3.87329e-39 3
0.528686 0.243612 0.857935 4.88672e-39 3
0.551592 0.247606 0.872 5.07076e-39 3
0.559714 0.244929 0.862573 4.60978e-39 3
1.49457 0.580921 2.04585 5.90124e-39 3
1.35434 0.514908 1.81336 4.88781e-39 3
1.29561 0.482041 1.69762 3.87366e-39 3
1.26932 0.462366 1.62833 4.14917e-39 3
1.22115 0.435691 1.53438 3.596e-39 3
0.673639 0.222117 0.782235 3.59635e-39 3
0.686412 0.222117 0.782235 4.33391e-39 3
0.706108 0.224316 0.78998 2.95098e-39 3
0.726198 0.226559 0.79788 2.3978e-39 3
0.746694 0.228848 0.805939 3.04317e-39 3
0.759855 0.228848 0.805939 2.48964e-39 3
0.780903 0.231183 0.814163 2.85843e-39 3
0.810744 0.235999 0.831125 4.79238e-39 3
0.850906 0.243612 0.857935 4.79202e-39 3
0.855715 0.241021 0.848808 4.97712e-39 3
0.860422 0.238484 0.839874 3.31832e-39 3
0.865031 0.235999 0.831125 3.41052e-39 3
0.788279 0.211738 0.745682 1.93431e-39 3
0.789389 0.20881 0.735373 1.74992e-39 3
0.801398 0.20881 0.735373 3.50272e-39 3
0.805977 0.206904 0.728657 2.48893e-39 3
0.810474 0.205031 0.722063 2.39745e-39 3
0.826003 0.205963 0.725345 1.56769e-39 3
0.826576 0.203192 0.715587 1.10779e-39 3
0.849692 0.205963 0.725345 1.47478e-39 3
2.56132 0.612323 2.15643 1.93611e-39 3
2.59654 0.612323 2.15643 1.751e-39 3
3.04296 0.707998 2.49337 1.75028e-39 3
-0.625183 0.215845 0.718811 3.4116e-39 3
-0.607968 0.213918 0.712393 3.68854e-39 3
-0.618421 0.221841 0.738778 2.49e-39 3
-0.623682 0.228179 0.759886 2.0283e-39 3
-0.654936 0.244478 0.814163 3.59563e-39 3
-0.655009 0.249571 0.831125 3.41089e-39 3
-0.648189 0.252198 0.839874 2.85806e-39 3
-0.641224 0.254881 0.848808 3.96441e-39 3
-0.634109 0.257622 0.857935 3.13465e-39 3
-0.6201 0.257622 0.857935 3.31941e-39 3
-0.655423 0.278591 0.927767 3.96478e-39 3
-0.663415 0.288661 0.961301 3.96406e-39 3
-0.639728 0.292181 0.973024 3.41159e-39 3
-0.639435 0.299485 0.99735 2.58255e-39 3
-0.655946 0.315248 1.04984 2.49e-39 3
-0.638803 0.315248 1.04984 2.67547e-39 3
-0.613586 0.311154 1.03621 4.241e-39 3
-0.589016 0.307164 1.02292 2.5822e-39 3
-0.572312 0.307164 1.02292 4.61122e-39 3
-0.541718 0.299485 0.99735 4.79597e-39 3
-0.461918 0.263284 0.876791 3.31939e-39 3
-0.460245 0.270721 0.901559 5.16331e-39 3
-0.450615 0.273815 0.911863 4.05732e-39 3
-0.438229 0.275389 0.917103 4.24172e-39 3
-0.435775 0.283536 0.944237 3.68783e-39 3
-0.425391 0.286932 0.955545 3.13394e-39 3
-0.409787 0.286932 0.955545 4.24028e-39 3
-0.384963 0.28022 0.933193 2.76623e-39 3
-0.332752 0.252198 0.839874 9.58835e-39 3
-0.294258 0.23261 0.774641 6.82248e-39 3
-0.282982 0.233745 0.778419 4.79345e-39 3
-0.287075 0.248278 0.826819 6.17674e-39 3
-0.270768 0.245732 0.818338 7.92774e-39 3
-0.261427 0.249571 0.831125 1.09716e-38 3
-0.247855 0.249571 0.831125 6.36221e-39 3
-0.23551 0.250878 0.835476 6.26966e-39 3
-0.223035 0.252198 0.839874 6.17746e-39 3
-0.211547 0.254881 0.848808 1.24464e-38 3
-0.197687 0.254881 0.848808 7.09906e-39 3
-0.180939 0.250878 0.835476 5.71541e-39 3
-0.163028 0.244478 0.814163 6.45298e-39 3
-0.147476 0.240792 0.801889 7.74299e-39 3
-0.132386 0.237216 0.78998 6.17567e-39 3
-0.118315 0.23489 0.782235 5.52958e-39 3
-0.104516 0.23261 0.774641 8.94082e-39 3
-0.0909836 0.230373 0.767192 5.16151e-39 3
-0.0777087 0.228179 0.759886 7.74407e-39 3
-0.0665681 0.23261 0.774641 7.28417e-39 3
-0.0528917 0.228179 0.759886 8.7593e-39 3
-0.039913 0.224966 0.749183 9.86565e-39 3
-0.0274218 0.222873 0.742214 1.07872e-38 3
-0.0153019 0.222873 0.742214 1.01419e-38 3
-0.00318198 0.222873 0.742214 1.02355e-38 3
0.0089797 0.223914 0.745682 9.95964e-39 3
0.0212556 0.224966 0.749183 1.05124e-38 3
0.0333328 0.223914 0.745682 8.29975e-39 3
0.045723 0.224966 0.749183 9.03732e-39 3
0.0582301 0.226027 0.752717 1.03277e-38 3
0.0705215 0.226027 0.752717 8.75966e-39 3
0.0840017 0.229271 0.763521 8.57526e-39 3
0.0955551 0.227098 0.756284 7.2856e-39 3
0.110524 0.23261 0.774641 6.82534e-39 3
0.121405 0.229271 0.763521 9.31427e-39 3
0.133873 0.229271 0.763521 8.57706e-39 3
0.147755 0.231486 0.770898 9.03732e-39 3
0.157303 0.227098 0.756284 9.31355e-39 3
0.16806 0.224966 0.749183 9.03696e-39 3
0.180294 0.224966 0.749183 1.02355e-38 3
0.192528 0.224966 0.749183 8.6689e-39 3
0.205727 0.226027 0.752717 7.93062e-39 3
0.281444 0.249571 0.831125 7.83734e-39 3
0.291975 0.246998 0.822557 9.12916e-39 3
0.305407 0.246998 0.822557 8.85294e-39 3
0.315585 0.244478 0.814163 7.92989e-39 3
0.32888 0.244478 0.814163 1.22624e-38 3
0.335331 0.239588 0.79788 7.83698e-39 3
0.34836 0.239588 0.79788 6.36221e-39 3
0.345827 0.229271 0.763521 8.76038e-39 3
0.390018 0.249571 0.831125 5.71648e-39 3
0.464008 0.286932 0.955545 6.63808e-39 3
0.476757 0.285224 0.949857 4.97928e-39 3
0.444628 0.257622 0.857935 4.97928e-39 3
0.468718 0.263284 0.876791 2.12194e-39 3
0.48148 0.254881 0.848808 7.3778e-39 3
0.495341 0.254881 0.848808 3.96548e-39 3
0.498593 0.249571 0.831125 6.08598e-39 3
0.512165 0.249571 0.831125 3.04317e-39 3
0.525736 0.249571 0.831125 4.5183e-39 3
0.556705 0.257622 0.857935 4.05732e-39 3
1.61911 0.665523 2.21633 5.07148e-39 3
1.52797 0.614329 2.04585 4.61122e-39 3
1.38395 0.544519 1.81336 4.33464e-39 3
1.38215 0.532418 1.77307 4.88673e-39 3
0.618424 0.219806 0.732 2.85878e-39 3
0.587275 0.204776 0.681949 2.95098e-39 3
0.686412 0.23489 0.782235 3.41195e-39 3
0.612163 0.205655 0.684875 4.5183e-39 3
0.626033 0.206542 0.687827 4.61049e-39 3
0.739227 0.239588 0.79788 3.13537e-39 3
0.759855 0.242008 0.805939 2.12122e-39 3
0.780903 0.244478 0.814163 1.65989e-39 3
0.802386 0.246998 0.822557 2.30417e-39 3
0.832992 0.252198 0.839874 4.05517e-39 3
0.864916 0.257622 0.857935 4.51614e-39 3
0.869575 0.254881 0.848808 3.96369e-39 3
0.865031 0.249571 0.831125 2.30417e-39 3
0.756465 0.214877 0.715587 3.13393e-39 3
0.785768 0.219806 0.732 2.94954e-39 3
0.794079 0.218802 0.728657 1.38293e-39 3
0.802314 0.217808 0.725345 3.77967e-39 3
0.803205 0.214877 0.715587 2.21306e-39 3
0.811253 0.213918 0.712393 2.02867e-39 3
0.798855 0.204776 0.681949 2.02867e-39 3
2.96153 0.748713 2.49337 2.1205e-39 3
6.40479 1.59726 5.3192 1.6588e-39 3
6.49165 1.59726 5.3192 3.22541e-39 3
-0.625183 0.227583 0.718811 4.51759e-39 3
-0.607968 0.225551 0.712393 3.31941e-39 3
-0.617798 0.238318 0.752717 3.13465e-39 3
-0.641837 0.252617 0.79788 3.04246e-39 3
-0.641641 0.257773 0.814163 3.31869e-39 3
-0.641437 0.263143 0.831125 2.76587e-39 3
-0.641224 0.268742 0.848808 3.41124e-39 3
-0.634109 0.271631 0.857935 2.30489e-39 3
-0.6201 0.271631 0.857935 3.13501e-39 3
-0.612678 0.274584 0.867261 4.33356e-39 3
-0.647806 0.297197 0.938682 2.58148e-39 3
-0.630507 0.328074 1.03621 5.99451e-39 3
-0.386078 0.212283 0.670487 3.59635e-39 3
-0.450913 0.255169 0.805939 3.59742e-39 3
-0.461037 0.268742 0.848808 4.14952e-39 3
-0.456898 0.274584 0.867261 3.135e-39 3
-0.395453 0.245259 0.774641 6.36185e-39 3
-0.438098 0.280686 0.886533 4.79489e-39 3
-0.421281 0.279135 0.881635 3.59599e-39 3
-0.34414 0.236091 0.745682 5.07004e-39 3
-0.308871 0.219667 0.693809 3.59419e-39 3
-0.338784 0.250116 0.78998 5.25371e-39 3
-0.299221 0.229652 0.725345 9.40396e-39 3
-0.290013 0.231759 0.732 1.06947e-38 3
-0.284587 0.237199 0.749183 6.63773e-39 3
-0.305323 0.265913 0.839874 5.8998e-39 3
-0.291608 0.265913 0.839874 6.54553e-39 3
-0.276439 0.264521 0.835476 3.50199e-39 3
-0.266989 0.268742 0.848808 6.08347e-39 3
-0.253129 0.268742 0.848808 9.40359e-39 3
-0.240548 0.270179 0.853347 7.00542e-39 3
-0.224215 0.26732 0.844317 9.03481e-39 3
-0.210428 0.26732 0.844317 6.91467e-39 3
-0.197687 0.268742 0.848808 4.05661e-39 3
-0.176323 0.257773 0.814163 3.13465e-39 3
-0.164709 0.26043 0.822557 9.31032e-39 3
-0.14457 0.248884 0.786089 6.3597e-39 3
-0.129188 0.244075 0.770898 6.63629e-39 3
-0.116039 0.242901 0.767192 9.86314e-39 3
-0.10204 0.239448 0.756284 6.54445e-39 3
-0.0888479 0.237199 0.749183 9.6791e-39 3
-0.0769756 0.238318 0.752717 9.68018e-39 3
-0.065928 0.242901 0.767192 9.95748e-39 3
-0.0536582 0.244075 0.770898 9.12772e-39 3
-0.0401013 0.238318 0.752717 8.57455e-39 3
-0.0276793 0.237199 0.749183 7.09942e-39 3
-0.0154456 0.237199 0.749183 8.66746e-39 3
-0.00321186 0.237199 0.749183 8.57598e-39 3
0.00902186 0.237199 0.749183 9.59014e-39 3
0.0211563 0.236091 0.745682 1.02359e-38 3
0.0331778 0.234993 0.742214 1.08812e-38 3
0.045723 0.237199 0.749183 1.02359e-38 3
0.0585061 0.239448 0.756284 1.03281e-38 3
0.0708558 0.239448 0.756284 1.17099e-38 3
0.0844055 0.242901 0.767192 9.95819e-39 3
0.0960101 0.240588 0.759886 8.85292e-39 3
0.110524 0.245259 0.774641 9.4061e-39 3
0.120254 0.239448 0.756284 9.13023e-39 3
0.132604 0.239448 0.756284 9.95999e-39 3
0.143593 0.237199 0.749183 9.68269e-39 3
0.154377 0.234993 0.742214 1.01437e-38 3
0.166497 0.234993 0.742214 8.48414e-39 3
0.178617 0.234993 0.742214 9.59086e-39 3
0.190737 0.234993 0.742214 1.04206e-38 3
0.202857 0.234993 0.742214 1.03277e-38 3
0.214977 0.234993 0.742214 1.10642e-38 3
0.254301 0.263143 0.831125 7.65295e-39 3
0.267872 0.263143 0.831125 6.08563e-39 3
0.281444 0.263143 0.831125 1.06965e-38 3
0.295016 0.263143 0.831125 7.56148e-39 3
0.300756 0.256464 0.81003 9.77418e-39 3
0.310827 0.253887 0.801889 1.06954e-38 3
0.319111 0.250116 0.78998 7.19161e-39 3
0.328756 0.247664 0.782235 8.11393e-39 3
0.343212 0.248884 0.786089 6.91646e-39 3
0.354303 0.247664 0.782235 9.22136e-39 3
0.363512 0.245259 0.774641 1.10642e-38 3
0.3638 0.237199 0.749183 8.29796e-39 3
0.379598 0.239448 0.756284 1.02355e-38 3
0.391947 0.239448 0.756284 1.12497e-38 3
0.435238 0.257773 0.814163 6.6406e-39 3
0.48681 0.250116 0.78998 5.71792e-39 3
0.467321 0.233905 0.738778 3.50559e-39 3
0.479385 0.233905 0.738778 4.5183e-39 3
0.530765 0.252617 0.79788 5.25622e-39 3
1.75267 0.742992 2.34671 4.15024e-39 3
1.79099 0.742992 2.34671 4.98001e-39 3
0.571257 0.214082 0.676169 5.44098e-39 3
0.577405 0.212283 0.670487 3.68962e-39 3
0.642331 0.231759 0.732 2.85986e-39 3
0.699186 0.247664 0.782235 3.68962e-39 3
0.726198 0.252617 0.79788 4.61157e-39 3
0.739227 0.252617 0.79788 7.37744e-39 3
0.759855 0.255169 0.805939 4.0584e-39 3
0.780903 0.257773 0.814163 1.38473e-39 3
0.810744 0.263143 0.831125 4.1488e-39 3
0.850906 0.271631 0.857935 2.8577e-39 3
0.864916 0.271631 0.857935 4.33175e-39 3
0.878926 0.271631 0.857935 4.24064e-39 3
0.874136 0.265913 0.839874 3.96369e-39 3
0.811018 0.242901 0.767192 3.31832e-39 3
0.785768 0.231759 0.732 2.39709e-39 3
0.794079 0.230701 0.728657 2.48928e-39 3
0.798683 0.228613 0.722063 3.68783e-39 3
0.803205 0.226562 0.715587 3.68854e-39 3
0.804074 0.223555 0.706088 2.67404e-39 3
0.79795 0.218716 0.690805 1.75316e-39 3
0.798855 0.215912 0.681949 4.79561e-39 3
4.98784 1.32956 4.19937 3.22757e-39 3
-0.631234 0.237184 0.712393 3.59528e-39 3
-0.625183 0.239321 0.718811 4.97821e-39 3
-0.613445 0.239321 0.718811 3.5038e-39 3
-0.612748 0.243712 0.732 4.14917e-39 3
-0.617798 0.25061 0.752717 3.78002e-39 3
-0.611274 0.252996 0.759886 2.48928e-39 3
-0.628808 0.265646 0.79788 1.3833e-39 3
-0.641437 0.276715 0.831125 3.50415e-39 3
-0.634474 0.279627 0.839874 3.22756e-39 3
-0.627363 0.282602 0.848808 2.12122e-39 3
-0.607045 0.279627 0.839874 1.29145e-39 3
-0.59333 0.279627 0.839874 3.78074e-39 3
-0.564754 0.272458 0.818338 3.59563e-39 3
-0.418526 0.229005 0.687827 2.67582e-39 3
-0.386078 0.223232 0.670487 6.2711e-39 3
-0.391582 0.233023 0.699895 5.44134e-39 3
-0.401273 0.245969 0.738778 4.61049e-39 3
-0.389209 0.245969 0.738778 8.66674e-39 3
-0.377145 0.245969 0.738778 4.33355e-39 3
-0.331334 0.223232 0.670487 3.13537e-39 3
-0.34041 0.237184 0.712393 2.67404e-39 3
-0.314727 0.227048 0.681949 3.59527e-39 3
-0.306208 0.229005 0.687827 4.70053e-39 3
-0.322804 0.25061 0.752717 8.48055e-39 3
-0.296526 0.239321 0.718811 1.04181e-38 3
-0.29135 0.244835 0.735373 7.65224e-39 3
-0.288653 0.252996 0.759886 6.91432e-39 3
-0.305323 0.279627 0.839874 3.31833e-39 3
-0.291608 0.279627 0.839874 3.50272e-39 3
-0.274999 0.276715 0.831125 2.21198e-39 3
-0.261427 0.276715 0.831125 6.72992e-39 3
-0.247855 0.276715 0.831125 7.37421e-39 3
-0.241841 0.285641 0.857935 8.57275e-39 3
-0.224215 0.281107 0.844317 6.82211e-39 3
-0.208224 0.278163 0.835476 7.55968e-39 3
-0.197687 0.282602 0.848808 7.46785e-39 3
-0.175428 0.269691 0.81003 8.02102e-39 3
-0.158186 0.263016 0.78998 6.08276e-39 3
-0.143861 0.260437 0.782235 7.18875e-39 3
-0.128567 0.255429 0.767192 6.5441e-39 3
-0.115484 0.254207 0.763521 9.0341e-39 3
-0.10204 0.251797 0.756284 1.00475e-38 3
-0.0880214 0.247113 0.742214 4.24028e-39 3
-0.0759015 0.247113 0.742214 7.0065e-39 3
-0.0617704 0.239321 0.718811 6.54552e-39 3
-0.0491471 0.235085 0.706088 8.20576e-39 3
-0.0389976 0.243712 0.732 7.56039e-39 3
-0.0265572 0.239321 0.718811 9.58942e-39 3
-0.0141806 0.229005 0.687827 1.00504e-38 3
-0.00312386 0.242599 0.728657 9.77309e-39 3
0.00889656 0.245969 0.738778 9.22028e-39 3
0.0208638 0.244835 0.735373 9.58941e-39 3
0.032872 0.244835 0.735373 1.00515e-38 3
0.0452977 0.247113 0.742214 1.11578e-38 3
0.0579567 0.249433 0.749183 1.06046e-38 3
0.0701905 0.249433 0.749183 1.15255e-38 3
0.0836017 0.252996 0.759886 1.14333e-38 3
0.0951044 0.25061 0.752717 1.03273e-38 3
0.108937 0.254207 0.763521 1.19876e-38 3
0.118569 0.248267 0.745682 1.09741e-38 3
0.130745 0.248267 0.745682 1.12518e-38 3
0.142257 0.247113 0.742214 1.11582e-38 3
0.162701 0.260437 0.782235 1.01429e-38 3
0.164962 0.244835 0.735373 9.59121e-39 3
0.176971 0.244835 0.735373 9.03876e-39 3
0.188979 0.244835 0.735373 1.14351e-38 3
0.200987 0.244835 0.735373 8.39195e-39 3
0.212018 0.243712 0.732 1.0788e-38 3
0.244129 0.265646 0.79788 1.09724e-38 3
0.257158 0.265646 0.79788 1.2356e-38 3
0.267511 0.263016 0.78998 9.86672e-39 3
0.280411 0.263016 0.78998 1.22638e-38 3
0.293311 0.263016 0.78998 6.82392e-39 3
0.294546 0.252996 0.759886 9.68126e-39 3
0.301217 0.248267 0.745682 1.03266e-38 3
0.314865 0.249433 0.749183 9.12808e-39 3
0.32557 0.248267 0.745682 7.74694e-39 3
0.331549 0.243712 0.732 9.77489e-39 3
0.334302 0.237184 0.712393 6.91539e-39 3
0.353833 0.242599 0.728657 9.40467e-39 3
0.365731 0.242599 0.728657 7.10085e-39 3
0.379362 0.243712 0.732 5.71899e-39 3
0.44698 0.241496 0.725345 4.24351e-39 3
0.458824 0.241496 0.725345 6.91791e-39 3
0.474987 0.243712 0.732 5.99487e-39 3
0.491449 0.245969 0.738778 4.33499e-39 3
0.53841 0.263016 0.78998 5.44169e-39 3
0.556822 0.265646 0.79788 3.59742e-39 3
0.522601 0.214231 0.643452 7.56184e-39 3
0.537442 0.215972 0.648683 5.90232e-39 3
0.554801 0.218639 0.656691 3.87401e-39 3
0.560907 0.216854 0.651331 4.0584e-39 3
0.603569 0.229005 0.687827 6.82427e-39 3
0.589396 0.219542 0.659405 3.78181e-39 3
0.605165 0.221372 0.6649 3.50522e-39 3
0.739227 0.265646 0.79788 3.78181e-39 3
0.767608 0.271067 0.814163 6.27109e-39 3
0.797172 0.276715 0.831125 3.9662e-39 3
0.85529 0.291919 0.876791 4.24207e-39 3
0.889149 0.298479 0.896494 2.48963e-39 3
0.898242 0.291919 0.876791 1.93575e-39 3
0.874136 0.279627 0.839874 2.39708e-39 3
0.733442 0.230997 0.693809 3.31904e-39 3
0.778625 0.241496 0.725345 3.59563e-39 3
0.776354 0.237184 0.712393 4.88708e-39 3
0.781013 0.235085 0.706088 5.16295e-39 3
0.792544 0.235085 0.706088 3.31976e-39 3
0.811253 0.237184 0.712393 3.50415e-39 3
0.801419 0.230997 0.693809 3.0439e-39 3
0.834519 0.237184 0.712393 3.4134e-39 3
4.98784 1.39814 4.19937 3.22864e-39 3
-0.631234 0.248817 0.712393 2.94991e-39 3
-0.619601 0.248817 0.712393 3.22649e-39 3
-0.607968 0.248817 0.712393 4.51723e-39 3
-0.607177 0.253341 0.725345 3.96441e-39 3
-0.600795 0.255665 0.732 1.75172e-39 3
-0.563015 0.244452 0.699895 2.1205e-39 3
-0.556468 0.246615 0.706088 3.04282e-39 3
-0.615779 0.278675 0.79788 2.02902e-39 3
-0.627865 0.290286 0.831125 1.75207e-39 3
-0.594529 0.287294 0.822557 4.70197e-39 3
-0.581097 0.287294 0.822557 4.42574e-39 3
-0.526923 0.266675 0.763521 3.50343e-39 3
-0.524494 0.271878 0.778419 4.05624e-39 3
-0.497229 0.264147 0.756284 5.80868e-39 3
-0.475859 0.259233 0.742214 4.51794e-39 3
-0.463739 0.259233 0.742214 5.53137e-39 3
-0.451619 0.259233 0.742214 3.5045e-39 3
-0.443626 0.261667 0.749183 6.63915e-39 3
-0.4254 0.258032 0.738778 6.36329e-39 3
-0.435516 0.271878 0.778419 4.24316e-39 3
-0.386942 0.248817 0.712393 6.6388e-39 3
-0.382133 0.253341 0.725345 4.14987e-39 3
-0.366952 0.251059 0.718811 2.95133e-39 3
-0.332732 0.235169 0.673316 2.30596e-39 3
-0.319045 0.233201 0.667682 2.0283e-39 3
-0.310743 0.235169 0.673316 5.25479e-39 3
-0.298488 0.234181 0.670487 1.00482e-38 3
-0.308263 0.251059 0.718811 1.1339e-38 3
-0.316484 0.267957 0.767192 6.17711e-39 3
-0.322566 0.284362 0.814163 4.70162e-39 3
-0.247855 0.290286 0.831125 6.63772e-39 3
-0.229502 0.284362 0.814163 4.42395e-39 3
-0.219568 0.288782 0.826819 4.33283e-39 3
-0.201883 0.282919 0.81003 5.62429e-39 3
-0.192565 0.288782 0.826819 8.94369e-39 3
-0.171086 0.275916 0.78998 9.68054e-39 3
-0.154365 0.269251 0.770898 9.40216e-39 3
-0.141095 0.267957 0.767192 9.77023e-39 3
-0.126739 0.264147 0.756284 1.22602e-38 3
-0.114389 0.264147 0.756284 1.09709e-38 3
-0.100609 0.260444 0.745682 1.13393e-38 3
-0.0864137 0.254498 0.728657 1.2168e-38 3
-0.0691475 0.236165 0.676169 1.21684e-38 3
-0.0564322 0.229362 0.656691 7.74442e-39 3
-0.0453357 0.22749 0.651331 8.85077e-39 3
-0.0360232 0.236165 0.676169 9.21955e-39 3
-0.0249817 0.236165 0.676169 1.15241e-38 3
-0.0138815 0.235169 0.673316 1.19851e-38 3
-0.00289884 0.236165 0.676169 1.03255e-38 3
0.00824745 0.239206 0.684875 1.05099e-38 3
0.0201219 0.247711 0.709227 9.86528e-39 3
0.0318447 0.248817 0.712393 1.03273e-38 3
0.0444703 0.254498 0.728657 1.10656e-38 3
0.0571518 0.258032 0.738778 1.13411e-38 3
0.0692156 0.258032 0.738778 1.07876e-38 3
0.0824242 0.261667 0.749183 1.03273e-38 3
0.0942156 0.260444 0.745682 1.03284e-38 3
0.107396 0.262901 0.752717 1.13422e-38 3
0.117471 0.258032 0.738778 1.10667e-38 3
0.129535 0.258032 0.738778 9.50044e-39 3
0.141598 0.258032 0.738778 1.08819e-38 3
0.152954 0.256843 0.735373 8.39157e-39 3
0.163456 0.254498 0.728657 1.11571e-38 3
0.175354 0.254498 0.728657 9.4061e-39 3
0.187253 0.254498 0.728657 1.16195e-38 3
0.199151 0.254498 0.728657 9.68269e-39 3
0.210091 0.253341 0.725345 9.03624e-39 3
0.219936 0.251059 0.718811 1.18032e-38 3
0.231673 0.251059 0.718811 8.85292e-39 3
0.241238 0.248817 0.712393 9.12951e-39 3
0.250633 0.246615 0.706088 9.86565e-39 3
0.262163 0.246615 0.706088 1.12486e-38 3
0.276137 0.248817 0.712393 9.58906e-39 3
0.28777 0.248817 0.712393 6.63845e-39 3
0.303467 0.252195 0.722063 1.02352e-38 3
0.315258 0.252195 0.722063 1.06043e-38 3
0.324116 0.249933 0.715587 1.14337e-38 3
0.328437 0.244452 0.699895 1.15252e-38 3
0.33691 0.242326 0.693809 1.09731e-38 3
0.343756 0.239206 0.684875 6.36365e-39 3
0.354939 0.239206 0.684875 5.16582e-39 3
0.419868 0.244452 0.699895 5.90303e-39 3
0.431296 0.244452 0.699895 5.25874e-39 3
0.450631 0.248817 0.712393 3.968e-39 3
0.466429 0.251059 0.718811 6.17962e-39 3
0.496042 0.260444 0.745682 6.17997e-39 3
0.53841 0.275916 0.78998 5.62607e-39 3
0.556822 0.278675 0.79788 5.71719e-39 3
0.593595 0.290286 0.831125 4.88744e-39 3
0.536178 0.240237 0.687827 6.2693e-39 3
0.507997 0.22294 0.638304 7.00759e-39 3
0.51842 0.22294 0.638304 6.82319e-39 3
0.533108 0.224738 0.643452 2.12229e-39 3
0.548035 0.226565 0.648683 4.42683e-39 3
0.582298 0.236165 0.676169 7.37745e-39 3
0.562362 0.223835 0.640867 4.42718e-39 3
0.572827 0.223835 0.640867 7.19341e-39 3
0.585644 0.224738 0.643452 4.15095e-39 3
0.593757 0.223835 0.640867 5.1651e-39 3
0.935316 0.324041 0.927767 4.05731e-39 3
0.908223 0.309639 0.886533 2.94989e-39 3
0.822208 0.275916 0.78998 3.96369e-39 3
0.76678 0.253341 0.725345 3.59563e-39 3
0.76815 0.249933 0.715587 4.33391e-39 3
0.759403 0.243384 0.696838 2.95062e-39 3
0.770782 0.243384 0.696838 2.30561e-39 3
0.785591 0.244452 0.699895 3.96513e-39 3
0.79702 0.244452 0.699895 3.41196e-39 3
0.79451 0.240237 0.687827 4.88709e-39 3
0.819878 0.244452 0.699895 2.39925e-39 3
0.816974 0.240237 0.687827 2.67512e-39 3
0.807327 0.234181 0.670487 4.7027e-39 3
-0.608731 0.255881 0.699895 2.76587e-39 3
-0.592108 0.253656 0.693809 2.85807e-39 3
-0.596335 0.26045 0.712393 2.85807e-39 3
-0.566984 0.252557 0.690805 1.65952e-39 3
-0.555703 0.252557 0.690805 2.95026e-39 3
-0.549178 0.254763 0.696838 2.85878e-39 3
-0.53546 0.253656 0.693809 3.68854e-39 3
-0.531058 0.257008 0.702978 3.78037e-39 3
-0.531281 0.262796 0.718811 3.59563e-39 3
-0.488723 0.247207 0.676169 3.87293e-39 3
-0.507175 0.275192 0.752717 5.71577e-39 3
-0.490259 0.27262 0.745682 4.1488e-39 3
-0.46931 0.267618 0.732 3.96405e-39 3
-0.461592 0.270096 0.738778 5.80796e-39 3
-0.451619 0.271352 0.742214 4.97963e-39 3
-0.441553 0.27262 0.745682 6.91574e-39 3
-0.427379 0.271352 0.742214 7.00903e-39 3
-0.419158 0.2739 0.749183 8.94478e-39 3
-0.414713 0.279142 0.763521 8.11393e-39 3
-0.375309 0.26045 0.712393 5.07147e-39 3
-0.363676 0.26045 0.712393 5.99379e-39 3
-0.336998 0.24932 0.681949 5.44061e-39 3
-0.324476 0.248259 0.679047 9.95713e-39 3
-0.312059 0.247207 0.676169 1.10624e-38 3
-0.296001 0.243087 0.6649 1.39205e-38 3
-0.308263 0.262796 0.718811 6.17566e-39 3
-0.335861 0.297657 0.814163 5.99272e-39 3
-0.231011 0.283208 0.774641 6.82211e-39 3
-0.195576 0.253656 0.693809 8.38944e-39 3
-0.179562 0.247207 0.676169 9.86457e-39 3
-0.168521 0.247207 0.676169 1.17096e-38 3
-0.157479 0.247207 0.676169 7.65295e-39 3
-0.149315 0.27262 0.745682 1.24443e-38 3
-0.136501 0.271352 0.742214 9.95533e-39 3
-0.124381 0.271352 0.742214 9.40324e-39 3
-0.111741 0.270096 0.738778 1.09713e-38 3
-0.0924051 0.25039 0.684875 1.10628e-38 3
-0.0808744 0.24932 0.681949 9.58619e-39 3
-0.0688558 0.246164 0.673316 8.75642e-39 3
-0.0569006 0.242078 0.662141 1.07858e-38 3
-0.0458977 0.241078 0.659405 1.20762e-38 3
-0.0358712 0.246164 0.673316 1.14312e-38 3
-0.0249817 0.247207 0.676169 1.00482e-38 3
-0.0138815 0.246164 0.673316 1.0049e-38 3
-0.00289884 0.247207 0.676169 1.13397e-38 3
0.00821221 0.24932 0.681949 1.13397e-38 3
0.0196845 0.253656 0.693809 1.06954e-38 3
0.031014 0.253656 0.693809 1.06039e-38 3
0.0434777 0.26045 0.712393 1.06968e-38 3
0.0561127 0.265185 0.725345 9.86564e-39 3
0.0679571 0.265185 0.725345 1.0511e-38 3
0.0809048 0.268852 0.735373 1.02351e-38 3
0.092913 0.268852 0.735373 1.01444e-38 3
0.105897 0.271352 0.742214 1.05128e-38 3
0.117471 0.270096 0.738778 1.10667e-38 3
0.129535 0.270096 0.738778 1.05139e-38 3
0.141598 0.270096 0.738778 9.7763e-39 3
0.152252 0.267618 0.732 9.22241e-39 3
0.163456 0.266396 0.728657 8.66781e-39 3
0.175354 0.266396 0.728657 6.17925e-39 3
0.186402 0.265185 0.725345 9.49901e-39 3
0.197349 0.263985 0.722063 9.49829e-39 3
0.205422 0.259292 0.709227 9.58977e-39 3
0.214148 0.255881 0.699895 8.29975e-39 3
0.221688 0.251469 0.687827 1.15277e-38 3
0.228972 0.247207 0.676169 6.54839e-39 3
0.2532 0.24932 0.681949 1.0327e-38 3
0.266615 0.251469 0.687827 1.26315e-38 3
0.280263 0.253656 0.693809 1.06032e-38 3
0.29415 0.255881 0.699895 1.12493e-38 3
0.308283 0.258145 0.706088 9.86672e-39 3
0.317008 0.255881 0.699895 5.90232e-39 3
0.322774 0.251469 0.687827 7.83734e-39 3
0.332572 0.25039 0.684875 8.7593e-39 3
0.34083 0.248259 0.679047 5.6268e-39 3
0.351919 0.248259 0.679047 5.25837e-39 3
0.346775 0.237158 0.648683 5.35091e-39 3
0.438876 0.253656 0.693809 5.81191e-39 3
0.479385 0.270096 0.738778 4.79668e-39 3
0.530765 0.291704 0.79788 8.30047e-39 3
0.543794 0.291704 0.79788 4.33534e-39 3
0.556822 0.291704 0.79788 3.4123e-39 3
0.593595 0.303858 0.831125 3.5045e-39 3
0.536178 0.251469 0.687827 5.99272e-39 3
0.503965 0.231511 0.633238 5.80869e-39 3
0.512273 0.230596 0.630735 7.28417e-39 3
0.526736 0.232433 0.635761 5.80976e-39 3
0.541432 0.2343 0.640867 3.87366e-39 3
0.547499 0.232433 0.635761 5.34914e-39 3
0.551292 0.229688 0.628252 6.73207e-39 3
0.56377 0.230596 0.630735 6.45584e-39 3
0.576348 0.231511 0.633238 5.53388e-39 3
0.584369 0.230596 0.630735 4.88852e-39 3
0.594669 0.230596 0.630735 3.68997e-39 3
0.600224 0.228787 0.625788 4.24279e-39 3
0.612846 0.229688 0.628252 4.79632e-39 3
0.62805 0.231511 0.633238 5.71719e-39 3
0.743092 0.265185 0.725345 4.42574e-39 3
0.754936 0.265185 0.725345 4.70197e-39 3
0.753088 0.26045 0.712393 4.241e-39 3
0.757953 0.258145 0.706088 4.6105e-39 3
0.727629 0.244104 0.667682 5.16332e-39 3
0.781013 0.258145 0.706088 4.33391e-39 3
0.755759 0.246164 0.673316 4.24172e-39 3
0.770003 0.247207 0.676169 3.59635e-39 3
0.808449 0.255881 0.699895 4.33391e-39 3
-0.588096 0.258248 0.676169 3.22757e-39 3
-0.57085 0.260455 0.681949 4.51795e-39 3
-0.562117 0.261573 0.684875 4.33356e-39 3
-0.550933 0.261573 0.684875 3.68854e-39 3
-0.542076 0.262701 0.687827 4.05732e-39 3
-0.533142 0.263838 0.690805 4.33391e-39 3
-0.52642 0.266142 0.696838 3.87257e-39 3
-0.521878 0.269675 0.706088 6.2693e-39 3
-0.514904 0.272083 0.712393 4.79489e-39 3
-0.505528 0.273303 0.715587 4.61085e-39 3
-0.464227 0.269675 0.706088 4.97856e-39 3
-0.444824 0.264985 0.693809 1.84355e-39 3
-0.426085 0.260455 0.681949 3.96405e-39 3
-0.420338 0.263838 0.690805 4.79524e-39 3
-0.410836 0.264985 0.693809 4.88708e-39 3
-0.403011 0.267309 0.699895 6.27074e-39 3
-0.395047 0.269675 0.706088 5.99416e-39 3
-0.383517 0.269675 0.706088 3.50415e-39 3
-0.383877 0.278295 0.728657 9.95784e-39 3
-0.360457 0.269675 0.706088 1.06958e-38 3
-0.336998 0.260455 0.681949 6.45476e-39 3
-0.323101 0.258248 0.676169 7.376e-39 3
-0.310743 0.257158 0.673316 9.21848e-39 3
-0.291149 0.249781 0.654 1.33673e-38 3
-0.274837 0.244765 0.640867 6.17674e-39 3
-0.20076 0.231736 0.606753 1.2539e-38 3
-0.161128 0.231736 0.606753 6.45476e-39 3
-0.15122 0.231736 0.606753 1.13419e-38 3
-0.141851 0.23262 0.609069 1.08809e-38 3
-0.136598 0.240896 0.630735 1.2723e-38 3
-0.126298 0.240896 0.630735 1.11542e-38 3
-0.117391 0.243786 0.638304 1.05099e-38 3
-0.107397 0.244765 0.640867 1.11553e-38 3
-0.0981145 0.24775 0.648683 8.48164e-39 3
-0.0936104 0.264985 0.693809 1.05089e-38 3
-0.0844848 0.272083 0.712393 1.23521e-38 3
-0.0728519 0.272083 0.712393 1.22584e-38 3
-0.0559716 0.248761 0.651331 1.21673e-38 3
-0.0451514 0.24775 0.648683 1.11524e-38 3
-0.0352758 0.25289 0.662141 9.95459e-39 3
-0.0246682 0.255007 0.667682 1.29059e-38 3
-0.0135947 0.251845 0.659405 1.14312e-38 3
-0.00280379 0.249781 0.654 1.16166e-38 3
0.00787564 0.249781 0.654 1.18932e-38 3
0.0192657 0.259347 0.679047 1.15252e-38 3
0.0308797 0.263838 0.690805 1.07883e-38 3
0.0430929 0.269675 0.706088 1.00507e-38 3
0.0563689 0.278295 0.728657 1.04188e-38 3
0.0670429 0.273303 0.715587 1.01419e-38 3
0.0794405 0.275776 0.722063 1.05121e-38 3
0.0912314 0.275776 0.722063 1.0789e-38 3
0.105407 0.28216 0.738778 1.06053e-38 3
0.116393 0.279571 0.732 9.03838e-39 3
0.129535 0.28216 0.738778 9.6841e-39 3
0.141598 0.28216 0.738778 1.12514e-38 3
0.153662 0.28216 0.738778 1.16195e-38 3
0.164206 0.279571 0.732 1.25411e-38 3
0.175354 0.278295 0.728657 1.01444e-38 3
0.185558 0.275776 0.722063 9.7756e-39 3
0.193841 0.270874 0.709227 1.03284e-38 3
0.201834 0.266142 0.696838 1.06961e-38 3
0.208657 0.260455 0.681949 8.30046e-39 3
0.224221 0.25289 0.662141 1.13436e-38 3
0.229324 0.246747 0.646057 1.28177e-38 3
0.245846 0.25289 0.662141 8.3923e-39 3
0.266615 0.262701 0.687827 9.03732e-39 3
0.280263 0.264985 0.693809 1.2356e-38 3
0.291592 0.264985 0.693809 9.68125e-39 3
0.305579 0.267309 0.699895 1.19861e-38 3
0.315623 0.266142 0.696838 5.625e-39 3
0.322774 0.262701 0.687827 8.57526e-39 3
0.331151 0.260455 0.681949 1.21709e-38 3
0.339386 0.258248 0.676169 1.20798e-38 3
0.350428 0.258248 0.676169 7.83912e-39 3
0.345371 0.246747 0.646057 4.61298e-39 3
0.35165 0.243786 0.638304 4.52008e-39 3
0.497823 0.293012 0.767192 9.13023e-39 3
0.55288 0.31743 0.831125 6.45656e-39 3
0.53841 0.301716 0.78998 7.65438e-39 3
0.568186 0.310952 0.814163 5.99414e-39 3
1.67603 0.896273 2.34671 9.7738e-39 3
1.66537 0.870665 2.27966 5.99451e-39 3
1.75267 0.896273 2.34671 4.1506e-39 3
1.91374 0.937639 2.45501 7.37565e-39 3
0.498036 0.239006 0.625788 4.42611e-39 3
0.510256 0.239947 0.628252 3.04317e-39 3
0.569874 0.262701 0.687827 4.24244e-39 3
0.571257 0.258248 0.676169 5.07148e-39 3
0.541033 0.239947 0.628252 4.42611e-39 3
0.576441 0.233512 0.611402 5.53353e-39 3
0.588681 0.23441 0.613754 3.87473e-39 3
-0.550308 0.267027 0.670487 4.51795e-39 3
-0.539359 0.267027 0.670487 4.33391e-39 3
-0.52841 0.267027 0.670487 4.33391e-39 3
-0.524068 0.270436 0.679047 4.97963e-39 3
-0.521862 0.275118 0.690805 6.63844e-39 3
-0.512801 0.276315 0.693809 4.33319e-39 3
-0.505871 0.278738 0.699895 3.32011e-39 3
-0.503271 0.283716 0.712393 4.42646e-39 3
-0.429758 0.273933 0.687827 2.21233e-39 3
-0.422165 0.276315 0.693809 5.44061e-39 3
-0.407294 0.273933 0.687827 5.99451e-39 3
-0.396062 0.273933 0.687827 7.19198e-39 3
-0.381541 0.271591 0.681949 3.78074e-39 3
-0.386942 0.283716 0.712393 6.17746e-39 3
-0.375309 0.283716 0.712393 5.53245e-39 3
-0.349628 0.272757 0.684875 6.63916e-39 3
-0.334142 0.26929 0.676169 4.88744e-39 3
-0.287612 0.257297 0.646057 6.91358e-39 3
-0.22312 0.244432 0.613754 6.63916e-39 3
-0.212282 0.243496 0.611402 1.17099e-38 3
-0.20076 0.241644 0.606753 9.03624e-39 3
-0.187291 0.237136 0.595433 6.08598e-39 3
-0.177568 0.237136 0.595433 9.3139e-39 3
-0.167221 0.236254 0.593219 7.00901e-39 3
-0.158714 0.238024 0.597663 1.10656e-38 3
-0.148399 0.237136 0.595433 1.02366e-38 3
-0.139718 0.238919 0.59991 1.30014e-38 3
-0.131906 0.242566 0.609069 1.23542e-38 3
-0.12196 0.242566 0.609069 1.08791e-38 3
-0.113751 0.246327 0.618512 1.06029e-38 3
-0.10246 0.243496 0.611402 1.18007e-38 3
-0.0950243 0.250206 0.628252 1.28148e-38 3
-0.0936104 0.276315 0.693809 1.10631e-38 3
-0.0975495 0.327589 0.822557 1.09698e-38 3
-0.0841176 0.327589 0.822557 1.19825e-38 3
-0.0612189 0.283716 0.712393 9.40142e-39 3
-0.048716 0.278738 0.699895 1.2074e-38 3
-0.0344189 0.257297 0.646057 1.22584e-38 3
-0.0239662 0.258343 0.648683 1.28127e-38 3
0.00814261 0.26929 0.676169 1.134e-38 3
0.0191841 0.26929 0.676169 1.16174e-38 3
0.0302255 0.26929 0.676169 1.08805e-38 3
0.041267 0.26929 0.676169 9.86671e-39 3
0.0527555 0.271591 0.681949 1.04184e-38 3
0.0647211 0.275118 0.690805 1.04184e-38 3
0.0750271 0.271591 0.681949 1.02348e-38 3
0.0843604 0.265909 0.667682 1.11574e-38 3
0.0944727 0.263703 0.662141 1.09731e-38 3
0.101902 0.25523 0.640867 1.06057e-38 3
0.123258 0.279966 0.702978 1.06979e-38 3
0.141598 0.294224 0.738778 9.96034e-39 3
0.152252 0.291524 0.732 9.40681e-39 3
0.164206 0.291524 0.732 1.00515e-38 3
0.172985 0.286272 0.718811 9.8678e-39 3
0.183073 0.283716 0.712393 1.17117e-38 3
0.19129 0.278738 0.699895 9.77524e-39 3
0.200956 0.276315 0.693809 1.04199e-38 3
0.196878 0.256259 0.643452 9.95998e-39 3
0.207385 0.256259 0.643452 8.30082e-39 3
0.217892 0.256259 0.643452 1.03295e-38 3
0.226572 0.254209 0.638304 5.6275e-39 3
0.22788 0.244432 0.613754 9.49865e-39 3
0.234298 0.240729 0.604454 8.3923e-39 3
0.242332 0.238919 0.59991 1.09734e-38 3
0.237823 0.225363 0.565872 1.0788e-38 3
0.256147 0.233648 0.586676 4.4261e-39 3
0.29622 0.26046 0.654 4.51866e-39 3
0.3069 0.26046 0.654 1.22624e-38 3
0.317579 0.26046 0.654 9.77309e-39 3
0.337954 0.268153 0.673316 1.01437e-38 3
0.333471 0.256259 0.643452 3.96583e-39 3
0.338519 0.252192 0.633238 6.17888e-39 3
0.350249 0.253197 0.635761 5.71863e-39 3
0.36063 0.253197 0.635761 4.24279e-39 3
0.373992 0.25523 0.640867 1.17096e-38 3
0.373945 0.248251 0.623344 8.76038e-39 3
0.391775 0.253197 0.635761 6.36436e-39 3
0.497823 0.30554 0.767192 9.59121e-39 3
0.52551 0.314616 0.78998 8.30047e-39 3
0.533131 0.311531 0.782235 2.67617e-39 3
0.551309 0.314616 0.78998 4.33462e-39 3
1.54014 0.858815 2.15643 3.32011e-39 3
1.57535 0.858815 2.15643 6.0867e-39 3
1.63263 0.87058 2.18597 5.71792e-39 3
1.64578 0.858815 2.15643 7.28381e-39 3
1.70402 0.87058 2.18597 4.05696e-39 3
0.549174 0.26929 0.676169 2.58219e-39 3
0.560215 0.26929 0.676169 4.88816e-39 3
0.864209 0.407387 1.02292 7.19198e-39 3
0.880912 0.407387 1.02292 6.6388e-39 3
0.897616 0.407387 1.02292 5.34806e-39 3
0.91432 0.407387 1.02292 6.17782e-39 3
0.931024 0.407387 1.02292 4.42574e-39 3
0.627107 0.236254 0.593219 4.61158e-39 3
0.620643 0.230262 0.578174 4.70377e-39 3
0.644086 0.235379 0.591022 3.87294e-39 3
0.628146 0.226165 0.567886 4.79489e-39 3
-0.532411 0.268935 0.648683 1.84536e-39 3
-0.523949 0.270033 0.651331 3.22829e-39 3
-0.513313 0.270033 0.651331 7.00758e-39 3
-0.515297 0.276812 0.667682 5.07111e-39 3
-0.521862 0.286399 0.690805 3.96405e-39 3
-0.510581 0.286399 0.690805 2.11978e-39 3
-0.505871 0.290167 0.699895 2.39744e-39 3
-0.481764 0.282727 0.681949 2.21377e-39 3
-0.406577 0.292735 0.706088 5.71684e-39 3
-0.345184 0.280331 0.676169 5.71792e-39 3
-0.334142 0.280331 0.676169 2.76838e-39 3
-0.287612 0.267847 0.646057 7.37636e-39 3
-0.256143 0.257425 0.620918 6.82641e-39 3
-0.244104 0.255437 0.616123 5.71792e-39 3
-0.232249 0.253479 0.611402 1.09731e-38 3
-0.222266 0.253479 0.611402 1.0789e-38 3
-0.211472 0.252512 0.609069 5.34841e-39 3
-0.180554 0.237979 0.574014 1.26322e-38 3
-0.171181 0.237979 0.574014 1.03281e-38 3
-0.160652 0.236279 0.569914 6.27145e-39 3
-0.150807 0.235438 0.567886 1.18965e-38 3
-0.143577 0.238838 0.576087 9.59049e-39 3
-0.137648 0.24503 0.591022 1.03266e-38 3
-0.130906 0.250599 0.604454 1.2723e-38 3
-0.121496 0.251552 0.606753 1.26312e-38 3
-0.112443 0.253479 0.611402 1.15245e-38 3
-0.10246 0.253479 0.611402 1.09709e-38 3
-0.0942819 0.25843 0.623344 1.08787e-38 3
-0.044252 0.263578 0.635761 1.12443e-38 3
-0.0340059 0.264633 0.638304 1.09666e-38 3
0.0728479 0.274515 0.662141 1.07879e-38 3
0.0819599 0.268935 0.648683 1.09731e-38 3
0.0914374 0.265695 0.640867 1.04199e-38 3
0.100689 0.262532 0.633238 9.49935e-39 3
0.122717 0.290167 0.699895 1.18046e-38 3
0.140299 0.303478 0.732 1.09748e-38 3
0.152252 0.303478 0.732 1.10656e-38 3
0.164206 0.303478 0.732 1.06043e-38 3
0.174557 0.300719 0.725345 9.03732e-39 3
0.186402 0.300719 0.725345 9.77488e-39 3
0.189627 0.287644 0.693809 9.59084e-39 3
0.180547 0.25843 0.623344 1.11589e-38 3
0.183555 0.248715 0.59991 1.14351e-38 3
0.207385 0.266767 0.643452 1.06057e-38 3
0.218774 0.267847 0.646057 1.09745e-38 3
0.214557 0.250599 0.604454 1.36485e-38 3
0.239874 0.267847 0.646057 1.11589e-38 3
0.222499 0.237979 0.574014 1.05135e-38 3
0.226973 0.232951 0.561887 6.2718e-39 3
0.231263 0.228131 0.550262 5.90159e-39 3
0.240248 0.228131 0.550262 5.2573e-39 3
0.252719 0.231322 0.557958 4.61193e-39 3
0.285815 0.252512 0.609069 4.70412e-39 3
0.302693 0.25843 0.623344 6.91574e-39 3
0.336534 0.277975 0.670487 7.10048e-39 3
0.32305 0.25843 0.623344 8.29831e-39 3
0.333229 0.25843 0.623344 3.32046e-39 3
0.343408 0.25843 0.623344 3.32011e-39 3
0.362073 0.264633 0.638304 7.74658e-39 3
0.372496 0.264633 0.638304 7.00866e-39 3
0.37249 0.257425 0.620918 1.04192e-38 3
0.381146 0.256427 0.618512 5.34841e-39 3
0.391246 0.256427 0.618512 5.90338e-39 3
0.507584 0.324305 0.782235 5.0747e-39 3
0.53841 0.327515 0.78998 5.44168e-39 3
0.551309 0.327515 0.78998 7.65366e-39 3
1.5196 0.882108 2.12768 3.04352e-39 3
1.57535 0.894029 2.15643 3.78073e-39 3
1.58909 0.882108 2.12768 3.87293e-39 3
1.56138 0.848181 2.04585 8.11429e-39 3
1.6155 0.859196 2.07242 4.51865e-39 3
1.62819 0.848181 2.04585 7.7455e-39 3
0.375599 0.187949 0.453341 6.5466e-39 3
0.875432 0.429598 1.03621 4.61049e-39 3
0.880912 0.424091 1.02292 4.42718e-39 3
0.897616 0.424091 1.02292 3.87401e-39 3
0.91432 0.424091 1.02292 4.33427e-39 3
0.931024 0.424091 1.02292 3.41231e-39 3
0.592725 0.228921 0.552166 3.5967e-39 3
0.614499 0.233774 0.563873 2.21341e-39 3
0.615014 0.230516 0.556014 4.24279e-39 3
0.626276 0.231322 0.557958 3.96621e-39 3
0.620207 0.225796 0.544628 4.24351e-39 3
-0.517681 0.271794 0.630735 3.13609e-39 3
-0.515532 0.27616 0.640867 8.02281e-39 3
-0.505067 0.27616 0.640867 6.08598e-39 3
-0.491435 0.286516 0.6649 3.31868e-39 3
-0.28498 0.233098 0.540936 7.28525e-39 3
-0.278984 0.235493 0.546493 6.6406e-39 3
-0.277668 0.242126 0.561887 8.85509e-39 3
-0.266615 0.240433 0.557958 8.39267e-39 3
-0.255715 0.238764 0.554083 8.4827e-39 3
-0.243288 0.235493 0.546493 4.97998e-39 3
-0.263209 0.264477 0.613754 5.35164e-39 3
-0.252217 0.263463 0.611402 6.55018e-39 3
-0.242233 0.263463 0.611402 1.18032e-38 3
-0.231363 0.262458 0.609069 1.1711e-38 3
-0.221417 0.262458 0.609069 9.95963e-39 3
-0.209869 0.260469 0.604454 1.03281e-38 3
-0.198495 0.258511 0.59991 9.58941e-39 3
-0.179264 0.245585 0.569914 7.19375e-39 3
-0.170567 0.246466 0.571957 5.81118e-39 3
-0.16008 0.244711 0.567886 9.95962e-39 3
-0.150272 0.243844 0.565872 9.77559e-39 3
-0.142039 0.245585 0.569914 1.11571e-38 3
-0.134656 0.249145 0.578174 1.23553e-38 3
-0.127997 0.254681 0.591022 1.35528e-38 3
-0.119676 0.257543 0.597663 1.45669e-38 3
-0.111588 0.26146 0.606753 1.10635e-38 3
-0.101295 0.260469 0.604454 1.17085e-38 3
-0.0907374 0.258511 0.59991 1.36446e-38 3
-0.0572539 0.354453 0.822557 1.30878e-38 3
-0.0386431 0.312563 0.725345 1.1612e-38 3
-0.0260871 0.304265 0.706088 9.67729e-39 3
-0.0139403 0.291373 0.676169 1.07862e-38 3
0.0710783 0.278396 0.646057 9.95855e-39 3
0.0956635 0.288924 0.670487 1.00522e-38 3
0.099116 0.268609 0.623344 1.00525e-38 3
0.141604 0.223259 0.518104 1.42928e-38 3
0.149097 0.221819 0.514761 9.22313e-39 3
0.156493 0.220397 0.511461 9.31497e-39 3
0.172589 0.230751 0.53549 9.50044e-39 3
0.188942 0.240433 0.557958 9.86923e-39 3
0.200862 0.243844 0.565872 1.4018e-38 3
0.211603 0.245585 0.569914 7.37994e-39 3
0.217798 0.242126 0.561887 6.82677e-39 3
0.222277 0.237117 0.550262 4.613e-39 3
0.229679 0.235493 0.546493 5.81047e-39 3
0.235378 0.232311 0.539108 8.57634e-39 3
0.247527 0.235493 0.546493 1.31868e-38 3
0.258219 0.237117 0.550262 1.12507e-38 3
0.280758 0.249145 0.578174 8.76073e-39 3
0.2902 0.249145 0.578174 1.00507e-38 3
0.320546 0.266527 0.618512 7.19268e-39 3
0.328103 0.264477 0.613754 9.31282e-39 3
0.348859 0.272873 0.633238 1.02355e-38 3
0.36063 0.27396 0.635761 4.24279e-39 3
0.36954 0.272873 0.633238 5.34949e-39 3
0.375411 0.269662 0.625788 6.54696e-39 3
0.382629 0.267564 0.620918 4.51973e-39 3
0.388236 0.264477 0.613754 5.4424e-39 3
1.54014 0.929242 2.15643 5.25729e-39 3
1.57535 0.929242 2.15643 1.02355e-38 3
0.368196 0.195352 0.453341 1.04192e-38 3
0.373477 0.194248 0.45078 5.99379e-39 3
0.380838 0.194248 0.45078 5.99378e-39 3
0.416431 0.208375 0.483564 3.96656e-39 3
0.413062 0.202843 0.470726 3.22971e-39 3
0.421994 0.203444 0.472118 1.125e-38 3
0.434849 0.20588 0.477772 1.13411e-38 3
0.445318 0.20712 0.480651 4.97963e-39 3
0.466637 0.209646 0.486512 6.91718e-39 3
0.489506 0.216239 0.501811 8.20792e-39 3
0.50244 0.218298 0.50659 7.10122e-39 3
0.510712 0.218298 0.50659 6.45585e-39 3
0.518985 0.218298 0.50659 5.81048e-39 3
0.527257 0.218298 0.50659 3.59778e-39 3
0.537235 0.218993 0.508204 4.0584e-39 3
0.563479 0.226197 0.524921 6.27145e-39 3
0.577752 0.228452 0.530153 6.91539e-39 3
0.598336 0.233098 0.540936 3.59742e-39 3
0.605118 0.232311 0.539108 3.59742e-39 3
0.613921 0.232311 0.539108 4.61229e-39 3
0.61238 0.228452 0.530153 4.24351e-39 3
0.614909 0.226197 0.524921 4.61337e-39 3
0.615383 0.223259 0.518104 6.27254e-39 3
0.626204 0.221106 0.513106 2.30669e-39 3
0.642851 0.223987 0.519791 2.39709e-39 3
-0.494737 0.264332 0.591022 2.12122e-39 3
-0.486889 0.265315 0.593219 3.22756e-39 3
-0.478983 0.266305 0.595433 5.53353e-39 3
-0.444606 0.257652 0.576087 3.59598e-39 3
-0.302646 0.241931 0.540936 5.34986e-39 3
-0.294813 0.242754 0.542775 8.11608e-39 3
-0.285949 0.242754 0.542775 5.16546e-39 3
-0.279943 0.245257 0.548371 6.82678e-39 3
-0.271923 0.246102 0.550262 7.75053e-39 3
-0.261136 0.244417 0.546493 5.25909e-39 3
-0.252212 0.244417 0.546493 6.08813e-39 3
-0.243288 0.244417 0.546493 6.27252e-39 3
-0.234365 0.244417 0.546493 9.31677e-39 3
-0.250299 0.271368 0.606753 1.09756e-38 3
-0.242233 0.273447 0.611402 1.18957e-38 3
-0.232249 0.273447 0.611402 1.14348e-38 3
-0.221417 0.272403 0.609069 7.65545e-39 3
-0.194117 0.262389 0.586676 8.02389e-39 3
-0.175503 0.249544 0.557958 5.81117e-39 3
-0.168752 0.253084 0.565872 9.22277e-39 3
-0.159512 0.253084 0.565872 1.33716e-38 3
-0.14869 0.25042 0.559916 8.66816e-39 3
-0.140533 0.25219 0.563873 1.3462e-38 3
-0.132732 0.254892 0.569914 1.23546e-38 3
-0.123868 0.255805 0.571957 7.74479e-39 3
-0.116619 0.260473 0.582394 8.85113e-39 3
-0.111166 0.27034 0.604454 1.21702e-38 3
-0.0997834 0.266305 0.595433 6.91431e-39 3
-0.0862006 0.254892 0.569914 1.18932e-38 3
-0.0747583 0.247811 0.554083 8.38979e-39 3
-0.0643694 0.242754 0.542775 4.14987e-39 3
-0.0841176 0.367885 0.822557 9.58977e-39 3
-0.0706858 0.367885 0.822557 1.11564e-38 3
-0.0549864 0.353315 0.78998 1.2168e-38 3
-0.0386431 0.324408 0.725345 1.19815e-38 3
-0.0260871 0.315795 0.706088 1.10602e-38 3
-0.0139403 0.302414 0.676169 9.95639e-39 3
-0.00289884 0.302414 0.676169 1.23549e-38 3
0.0462351 0.267302 0.597663 9.40573e-39 3
0.0590931 0.282094 0.630735 1.02362e-38 3
0.0707917 0.287781 0.643452 1.06979e-38 3
0.140691 0.230225 0.514761 1.05135e-38 3
0.147197 0.227292 0.508204 9.77738e-39 3
0.154512 0.225853 0.504987 1.05153e-38 3
0.162758 0.225853 0.504987 7.10407e-39 3
0.176592 0.233234 0.52149 5.16796e-39 3
0.193983 0.244417 0.546493 7.93383e-39 3
0.202907 0.244417 0.546493 6.64238e-39 3
0.211831 0.244417 0.546493 8.3019e-39 3
0.217772 0.241114 0.539108 6.6413e-39 3
0.223554 0.237899 0.53192 7.93204e-39 3
0.227686 0.233234 0.52149 1.09752e-38 3
0.233154 0.230225 0.514761 1.32808e-38 3
0.24156 0.230225 0.514761 3.78467e-39 3
0.249966 0.230225 0.514761 3.78324e-39 3
0.258371 0.230225 0.514761 4.1513e-39 3
0.266777 0.230225 0.514761 8.94439e-39 3
0.320702 0.268307 0.59991 4.98071e-39 3
0.338125 0.274499 0.613754 1.38473e-39 3
0.350846 0.276627 0.618512 2.95277e-39 3
0.36954 0.283213 0.633238 3.5985e-39 3
0.373945 0.278788 0.623344 3.78217e-39 3
0.382629 0.277703 0.620918 5.44169e-39 3
0.389735 0.275559 0.616123 5.81226e-39 3
1.62815 1.01957 2.27966 9.13131e-39 3
1.7026 1.01957 2.27966 1.12507e-38 3
0.357452 0.205085 0.458552 9.59049e-39 3
0.360793 0.202755 0.453341 1.1066e-38 3
0.368196 0.202755 0.453341 8.20683e-39 3
0.371379 0.200477 0.448247 3.87328e-39 3
0.384093 0.203332 0.454632 8.57634e-39 3
0.394892 0.205085 0.458552 8.854e-39 3
0.41675 0.21241 0.474928 4.9825e-39 3
0.438791 0.215618 0.482103 7.92989e-39 3
0.449378 0.216929 0.485033 9.59049e-39 3
0.458693 0.217591 0.486512 7.37816e-39 3
0.470945 0.219599 0.491003 4.61302e-39 3
0.481928 0.220959 0.494043 5.44205e-39 3
0.491517 0.221645 0.495578 4.98107e-39 3
0.504308 0.223729 0.500238 6.91718e-39 3
0.514089 0.224433 0.501811 8.11573e-39 3
0.522283 0.224433 0.501811 7.10122e-39 3
0.533835 0.225853 0.504987 5.99523e-39 3
0.54903 0.228749 0.511461 3.59777e-39 3
0.598336 0.241931 0.540936 6.45441e-39 3
0.60308 0.240302 0.537293 7.83842e-39 3
0.611854 0.240302 0.537293 7.19305e-39 3
0.596526 0.23097 0.516427 7.37816e-39 3
0.599142 0.228749 0.511461 4.05912e-39 3
0.607493 0.228749 0.511461 8.76217e-39 3
0.60998 0.22657 0.50659 1.16199e-38 3
0.614352 0.225141 0.503394 7.74659e-39 3
0.612905 0.221645 0.495578 3.87294e-39 3
-0.334957 0.230453 0.497121 7.93241e-39 3
-0.333065 0.234843 0.50659 9.86852e-39 3
-0.324792 0.234843 0.50659 8.57778e-39 3
-0.31652 0.234843 0.50659 5.35094e-39 3
-0.312212 0.237863 0.513106 9.40754e-39 3
-0.309811 0.242543 0.5232 9.12988e-39 3
-0.309382 0.249076 0.537293 7.19377e-39 3
-0.2996 0.24824 0.53549 6.45728e-39 3
-0.293813 0.250764 0.540936 5.81191e-39 3
-0.28498 0.250764 0.540936 4.42969e-39 3
-0.278984 0.253341 0.546493 3.41661e-39 3
-0.268223 0.251617 0.542775 8.39697e-39 3
-0.25936 0.251617 0.542775 6.36687e-39 3
-0.250497 0.251617 0.542775 9.40861e-39 3
-0.241633 0.251617 0.542775 1.16213e-38 3
-0.234365 0.253341 0.546493 1.03309e-38 3
-0.24841 0.279153 0.602174 8.854e-39 3
-0.241309 0.282349 0.609069 6.27072e-39 3
-0.231363 0.282349 0.609069 3.32154e-39 3
-0.222266 0.283431 0.611402 4.613e-39 3
-0.209869 0.28021 0.604454 3.50702e-39 3
-0.197752 0.277062 0.597663 6.73387e-39 3
-0.173083 0.255088 0.550262 1.2911e-38 3
-0.168752 0.262324 0.565872 1.14362e-38 3
-0.158948 0.261397 0.563873 1.49389e-38 3
-0.147654 0.257754 0.556014 1.14337e-38 3
-0.138574 0.257754 0.556014 1.34616e-38 3
-0.131325 0.261397 0.563873 9.49685e-39 3
-0.120416 0.257754 0.556014 3.87257e-39 3
-0.109806 0.254211 0.548371 8.5749e-39 3
-0.107108 0.269983 0.582394 1.0511e-38 3
-0.0941618 0.260477 0.561887 1.19854e-38 3
-0.0838061 0.256859 0.554083 1.42903e-38 3
-0.0732326 0.251617 0.542775 8.57454e-39 3
-0.0635054 0.24824 0.53549 5.34877e-39 3
-0.0547611 0.24824 0.53549 1.45694e-38 3
-0.0451087 0.24334 0.524921 1.39237e-38 3
-0.0353734 0.235591 0.508204 9.68089e-39 3
-0.0265671 0.231173 0.498675 1.05085e-38 3
-0.0172389 0.216303 0.466596 6.26677e-39 3
-0.00945376 0.212573 0.458552 6.08561e-39 3
-0.00194354 0.210158 0.453341 8.66781e-39 3
0.133144 0.24018 0.518104 7.65474e-39 3
0.138899 0.235591 0.508204 1.18043e-38 3
0.145346 0.232627 0.501811 1.22674e-38 3
0.15258 0.231173 0.498675 9.59442e-39 3
0.160723 0.231173 0.498675 9.13488e-39 3
0.169929 0.232627 0.501811 1.03331e-38 3
0.181548 0.237101 0.511461 6.82748e-39 3
0.200165 0.249917 0.539108 8.76288e-39 3
0.208968 0.249917 0.539108 1.30046e-38 3
0.210655 0.24175 0.52149 1.19897e-38 3
0.217747 0.24018 0.518104 1.31883e-38 3
0.224748 0.238631 0.514761 1.35574e-38 3
0.228727 0.2341 0.504987 1.0148e-38 3
0.235483 0.232627 0.501811 1.06082e-38 3
0.243677 0.232627 0.501811 9.50116e-39 3
0.250297 0.231173 0.498675 6.08812e-39 3
0.25844 0.231173 0.498675 4.61263e-39 3
0.269958 0.2341 0.504987 1.08812e-38 3
0.28543 0.24018 0.518104 1.14348e-38 3
0.340294 0.278103 0.59991 8.94584e-39 3
0.360946 0.286727 0.618512 4.24386e-39 3
0.373945 0.288967 0.623344 1.00515e-38 3
0.388678 0.292393 0.630735 1.39244e-38 3
0.269897 0.197795 0.426674 9.59228e-39 3
0.28447 0.203229 0.438396 9.50117e-39 3
0.291629 0.203229 0.438396 4.89139e-39 3
0.307228 0.20897 0.45078 7.28883e-39 3
0.320013 0.212573 0.458552 1.26362e-38 3
0.327501 0.212573 0.458552 1.39265e-38 3
0.334989 0.212573 0.458552 1.53091e-38 3
0.34052 0.211358 0.455931 1.11596e-38 3
0.349964 0.212573 0.458552 6.82534e-39 3
0.35339 0.210158 0.453341 6.45691e-39 3
0.360793 0.210158 0.453341 1.09745e-38 3
0.365084 0.208382 0.44951 1.17113e-38 3
0.370338 0.207214 0.446992 6.54695e-39 3
0.380838 0.20897 0.45078 5.1651e-39 3
0.39376 0.211964 0.457238 7.74873e-39 3
0.413062 0.218217 0.470726 1.05153e-38 3
0.424506 0.220165 0.474928 5.35163e-39 3
0.438791 0.223491 0.482103 5.71827e-39 3
0.449378 0.224849 0.485033 8.66854e-39 3
0.458693 0.225535 0.486512 6.08742e-39 3
0.468064 0.226225 0.488 3.96765e-39 3
0.474582 0.225535 0.486512 7.19485e-39 3
0.485486 0.226919 0.489497 5.35094e-39 3
0.498063 0.229026 0.494043 5.35094e-39 3
0.50613 0.229026 0.494043 7.01046e-39 3
0.515795 0.229737 0.495578 7.74767e-39 3
0.522265 0.229026 0.494043 6.54876e-39 3
0.545533 0.235591 0.508204 6.64095e-39 3
0.552074 0.234843 0.50659 3.96656e-39 3
0.590331 0.24741 0.533699 5.62465e-39 3
0.593095 0.244952 0.528397 4.5183e-39 3
0.597765 0.24334 0.524921 2.49107e-39 3
0.595325 0.235591 0.508204 4.24279e-39 3
0.597912 0.233361 0.503394 4.52118e-39 3
0.598579 0.230453 0.497121 9.96072e-39 3
0.60294 0.229026 0.494043 8.48451e-39 3
0.599864 0.224849 0.485033 4.70377e-39 3
-0.350723 0.243889 0.508204 4.98108e-39 3
-0.340257 0.242346 0.504987 9.31607e-39 3
-0.335193 0.244669 0.509827 8.48702e-39 3
-0.326868 0.244669 0.509827 6.55019e-39 3
-0.317528 0.243889 0.508204 4.24459e-39 3
-0.310217 0.244669 0.509827 7.83914e-39 3
-0.30286 0.245453 0.511461 1.26326e-38 3
-0.300283 0.250266 0.52149 5.34986e-39 3
-0.291835 0.257849 0.537293 4.98287e-39 3
-0.285949 0.26048 0.542775 3.60173e-39 3
-0.278984 0.262265 0.546493 7.56721e-39 3
-0.268223 0.26048 0.542775 9.04162e-39 3
-0.250828 0.251912 0.524921 6.27468e-39 3
-0.243861 0.25358 0.528397 7.28776e-39 3
-0.235233 0.25358 0.528397 1.16213e-38 3
-0.228115 0.255271 0.53192 1.25429e-38 3
-0.223907 0.26048 0.542775 8.02352e-39 3
-0.241309 0.292295 0.609069 2.76693e-39 3
-0.232249 0.293415 0.611402 8.29975e-39 3
-0.223982 0.29568 0.616123 8.94691e-39 3
-0.19238 0.265907 0.554083 1.19883e-38 3
-0.179591 0.26048 0.542775 1.30032e-38 3
-0.168436 0.256984 0.53549 8.5792e-39 3
-0.164097 0.264073 0.550262 1.10674e-38 3
-0.155112 0.264073 0.550262 1.21719e-38 3
-0.14463 0.261369 0.544628 1.07876e-38 3
-0.135737 0.261369 0.544628 1.0511e-38 3
-0.128599 0.264987 0.552166 1.18939e-38 3
-0.117549 0.26048 0.542775 1.3184e-38 3
-0.108317 0.259597 0.540936 1.61346e-38 3
-0.102614 0.267767 0.557958 1.32762e-38 3
-0.092854 0.265907 0.554083 1.23542e-38 3
-0.0832281 0.264073 0.550262 1.02337e-38 3
-0.0732326 0.26048 0.542775 1.18929e-38 3
-0.0635054 0.256984 0.53549 1.0511e-38 3
-0.0536803 0.251912 0.524921 1.14337e-38 3
-0.0436721 0.243889 0.508204 1.17113e-38 3
-0.0347102 0.239316 0.498675 1.11564e-38 3
-0.0254535 0.229285 0.477772 1.24468e-38 3
-0.0170396 0.221333 0.461202 7.92881e-39 3
-0.00934633 0.21756 0.453341 1.21712e-38 3
-0.00194354 0.21756 0.453341 1.17099e-38 3
0.00545925 0.21756 0.453341 1.15273e-38 3
0.135789 0.25358 0.528397 1.22663e-38 3
0.141604 0.24864 0.518104 8.67175e-39 3
0.145346 0.240822 0.501811 1.23589e-38 3
0.15258 0.239316 0.498675 1.51265e-38 3
0.159725 0.23783 0.495578 1.26401e-38 3
0.164748 0.233479 0.486512 9.59657e-39 3
0.166597 0.225239 0.469341 1.1899e-38 3
0.171239 0.221333 0.461202 1.32819e-38 3
0.178771 0.221333 0.461202 1.18068e-38 3
0.196526 0.233479 0.486512 1.09763e-38 3
0.209582 0.239316 0.498675 1.43879e-38 3
0.217725 0.239316 0.498675 1.4296e-38 3
0.225868 0.239316 0.498675 1.2361e-38 3
0.234011 0.239316 0.498675 7.75123e-39 3
0.242154 0.239316 0.498675 3.78574e-39 3
0.247207 0.236362 0.492518 5.81261e-39 3
0.25525 0.236362 0.492518 8.94726e-39 3
0.263292 0.236362 0.492518 6.7335e-39 3
0.260096 0.226572 0.472118 9.4061e-39 3
0.255701 0.216331 0.45078 9.86852e-39 3
0.251687 0.206976 0.431286 1.11596e-38 3
0.253253 0.202596 0.422159 9.13131e-39 3
0.258778 0.20153 0.419937 1.00533e-38 3
0.265635 0.20153 0.419937 4.88923e-39 3
0.285254 0.210968 0.439603 5.16654e-39 3
0.2869 0.206976 0.431286 7.38031e-39 3
0.309854 0.21818 0.454632 8.21114e-39 3
0.314589 0.216331 0.45078 1.21763e-38 3
0.323779 0.21756 0.453341 1.28209e-38 3
0.333074 0.218804 0.455931 1.365e-38 3
0.338585 0.21756 0.453341 9.68483e-39 3
0.351987 0.221333 0.461202 9.03839e-39 3
0.352389 0.216944 0.452057 8.94619e-39 3
0.356739 0.215116 0.448247 9.03874e-39 3
0.363039 0.214513 0.446992 8.39302e-39 3
0.368275 0.213318 0.444501 8.94512e-39 3
0.377637 0.214513 0.446992 1.09734e-38 3
0.387105 0.215722 0.44951 8.57741e-39 3
0.401227 0.219431 0.457238 8.48664e-39 3
0.412237 0.221333 0.461202 1.01469e-38 3
0.424677 0.223922 0.466596 7.10228e-39 3
0.440016 0.22792 0.474928 5.71899e-39 3
0.447771 0.22792 0.474928 3.13859e-39 3
0.461015 0.230666 0.480651 4.70628e-39 3
0.466056 0.229285 0.477772 8.76217e-39 3
0.475281 0.229974 0.479207 8.94584e-39 3
0.490471 0.233479 0.486512 8.57706e-39 3
0.499939 0.234193 0.488 7.93241e-39 3
0.50636 0.233479 0.486512 5.07507e-39 3
0.515877 0.234193 0.488 4.24458e-39 3
0.527069 0.235635 0.491003 6.08777e-39 3
0.536738 0.236362 0.492518 3.87436e-39 3
0.563927 0.244669 0.509827 3.31976e-39 3
0.57779 0.247036 0.514761 4.05732e-39 3
0.588093 0.247836 0.516427 4.61085e-39 3
0.587027 0.243889 0.508204 5.16403e-39 3
0.589691 0.241581 0.503394 6.27109e-39 3
0.584994 0.236362 0.492518 6.36329e-39 3
0.589398 0.234912 0.489497 8.30012e-39 3
0.595564 0.234193 0.488 8.85437e-39 3
0.59624 0.231363 0.482103 5.16511e-39 3
-0.346311 0.249016 0.501811 5.25766e-39 3
-0.336004 0.247459 0.498675 6.458e-39 3
-0.328888 0.248235 0.500238 8.21043e-39 3
-0.322743 0.249801 0.503394 9.22386e-39 3
-0.313534 0.249016 0.501811 1.21734e-38 3
-0.303431 0.247459 0.498675 1.08812e-38 3
-0.289854 0.242905 0.489497 7.93026e-39 3
-0.270548 0.239961 0.483564 5.90411e-39 3
-0.269177 0.245922 0.495578 5.72115e-39 3
-0.261084 0.245922 0.495578 7.65869e-39 3
-0.254573 0.247459 0.498675 9.22637e-39 3
-0.244899 0.245922 0.495578 7.19698e-39 3
-0.236807 0.245922 0.495578 9.40933e-39 3
-0.228714 0.245922 0.495578 5.25946e-39 3
-0.222001 0.247459 0.498675 7.65654e-39 3
-0.213858 0.247459 0.498675 6.08885e-39 3
-0.209645 0.252188 0.508204 7.28631e-39 3
-0.202637 0.253805 0.511461 4.42754e-39 3
-0.195539 0.255442 0.514761 1.27259e-38 3
-0.187133 0.255442 0.514761 7.47179e-39 3
-0.178728 0.255442 0.514761 1.3279e-38 3
-0.16923 0.253805 0.511461 6.18105e-39 3
-0.158842 0.250592 0.504987 1.07923e-38 3
-0.166976 0.277849 0.559916 1.06986e-38 3
-0.156733 0.275913 0.556014 1.19865e-38 3
-0.145624 0.27212 0.548371 1.06021e-38 3
-0.13667 0.27212 0.548371 1.09716e-38 3
-0.128155 0.273059 0.550262 1.37379e-38 3
-0.116754 0.267524 0.539108 1.38297e-38 3
-0.105806 0.262209 0.528397 1.5213e-38 3
-0.101902 0.274955 0.554083 6.0849e-39 3
-0.092854 0.274955 0.554083 8.85077e-39 3
-0.0832281 0.273059 0.550262 9.58833e-39 3
-0.0737342 0.271188 0.546493 1.18014e-38 3
-0.0635054 0.265728 0.53549 8.75929e-39 3
-0.0529832 0.257101 0.518104 1.10649e-38 3
-0.0428532 0.247459 0.498675 1.3924e-38 3
-0.0334556 0.238515 0.480651 8.4827e-39 3
-0.0250043 0.232903 0.469341 4.97892e-39 3
-0.0170396 0.228864 0.461202 1.06036e-38 3
-0.00934633 0.224963 0.453341 9.68196e-39 3
-0.00194354 0.224963 0.453341 8.20718e-39 3
0.00545925 0.224963 0.453341 1.20812e-38 3
0.012862 0.224963 0.453341 1.22667e-38 3
0.0197596 0.219355 0.442039 1.05131e-38 3
0.141186 0.291129 0.586676 1.21738e-38 3
0.139484 0.269344 0.542775 1.32812e-38 3
0.143468 0.260484 0.524921 1.40209e-38 3
0.147197 0.252188 0.508204 1.18979e-38 3
0.151633 0.245922 0.495578 1.19919e-38 3
0.156803 0.241424 0.486512 1.25486e-38 3
0.158933 0.232903 0.469341 1.27312e-38 3
0.162767 0.227549 0.458552 1.16227e-38 3
0.169282 0.226249 0.455931 1.22688e-38 3
0.175723 0.224963 0.453341 1.04256e-38 3
0.183126 0.224963 0.453341 1.49425e-38 3
0.1961 0.231541 0.466596 1.02398e-38 3
0.186289 0.21173 0.426674 8.30476e-39 3
0.21384 0.234281 0.472118 9.31928e-39 3
0.220246 0.232903 0.469341 1.02412e-38 3
0.22791 0.232903 0.469341 9.41075e-39 3
0.232835 0.230195 0.463884 1.00536e-38 3
0.23902 0.228864 0.461202 9.68555e-39 3
0.246551 0.228864 0.461202 1.29117e-38 3
0.24834 0.223692 0.45078 1.06054e-38 3
0.244644 0.214019 0.431286 1.12518e-38 3
0.24636 0.20949 0.422159 1.18039e-38 3
0.249296 0.206216 0.415562 1.08823e-38 3
0.256082 0.206216 0.415562 9.31497e-39 3
0.262868 0.206216 0.415562 6.54983e-39 3
0.281378 0.215182 0.43363 3.0464e-39 3
0.292432 0.218146 0.439603 9.6852e-39 3
0.304646 0.221812 0.446992 1.10692e-38 3
0.305946 0.217547 0.438396 7.19806e-39 3
0.313968 0.218146 0.439603 1.19912e-38 3
0.324724 0.220577 0.444501 1.21755e-38 3
0.329232 0.218749 0.440818 1.15295e-38 3
0.341142 0.221812 0.446992 6.73457e-39 3
0.3465 0.220577 0.444501 9.77703e-39 3
0.352776 0.219964 0.443267 1.0238e-38 3
0.360014 0.219964 0.443267 1.0238e-38 3
0.367252 0.219964 0.443267 8.39267e-39 3
0.375534 0.220577 0.444501 8.57634e-39 3
0.384936 0.221812 0.446992 9.49937e-39 3
0.39005 0.220577 0.444501 7.19555e-39 3
0.404062 0.224326 0.452057 5.99736e-39 3
0.418558 0.228205 0.459873 8.3019e-39 3
0.432297 0.231541 0.466596 6.36544e-39 3
0.441206 0.23222 0.467965 5.0747e-39 3
0.447535 0.231541 0.466596 1.47943e-39 3
0.456489 0.23222 0.467965 3.22971e-39 3
0.462774 0.231541 0.466596 4.24314e-39 3
0.464955 0.228864 0.461202 4.98071e-39 3
0.46977 0.227549 0.458552 6.73422e-39 3
0.475891 0.226897 0.457238 1.03302e-38 3
0.493251 0.231541 0.466596 4.79776e-39 3
0.523805 0.238515 0.480651 3.0446e-39 3
0.538137 0.241424 0.486512 2.76694e-39 3
0.559734 0.247459 0.498675 4.70305e-39 3
0.578728 0.252188 0.508204 2.67474e-39 3
0.577826 0.248235 0.500238 4.24207e-39 3
0.576103 0.24069 0.485033 5.90231e-39 3
0.578746 0.238515 0.480651 5.16547e-39 3
0.588367 0.239236 0.482103 7.19377e-39 3
0.583891 0.234281 0.472118 6.82463e-39 3
-0.34095 0.253229 0.494043 4.33678e-39 3
-0.32982 0.250898 0.489497 5.44385e-39 3
-0.31577 0.252447 0.492518 5.81227e-39 3
-0.30584 0.250898 0.489497 5.62644e-39 3
-0.278738 0.241277 0.470726 7.74659e-39 3
-0.268674 0.23916 0.466596 4.24315e-39 3
-0.26182 0.239862 0.467965 6.18141e-39 3
-0.257196 0.242709 0.473519 6.64346e-39 3
-0.259473 0.252447 0.492518 6.9204e-39 3
-0.25143 0.252447 0.492518 1.00547e-38 3
-0.241894 0.250898 0.489497 1.08841e-38 3
-0.236807 0.254015 0.495578 5.72079e-39 3
-0.228714 0.254015 0.495578 5.90483e-39 3
-0.212695 0.244889 0.477772 5.90483e-39 3
-0.198937 0.23777 0.463884 3.32335e-39 3
-0.192482 0.23916 0.466596 1.16206e-38 3
-0.184862 0.23916 0.466596 1.1805e-38 3
-0.177243 0.23916 0.466596 9.13023e-39 3
-0.169624 0.23916 0.466596 1.04213e-38 3
-0.162005 0.23916 0.466596 1.13429e-38 3
-0.155293 0.240567 0.469341 7.74944e-39 3
-0.148503 0.241991 0.472118 1.04235e-38 3
-0.145086 0.249368 0.486512 9.86957e-39 3
-0.137142 0.249368 0.486512 8.66781e-39 3
-0.12999 0.250898 0.489497 1.1985e-38 3
-0.121996 0.250898 0.489497 1.20769e-38 3
-0.114003 0.250898 0.489497 1.02344e-38 3
-0.10601 0.250898 0.489497 1.10645e-38 3
-0.0998547 0.255603 0.498675 1.3185e-38 3
-0.100506 0.280112 0.546493 1.15248e-38 3
-0.092854 0.284003 0.554083 8.48235e-39 3
-0.0826581 0.280112 0.546493 8.39051e-39 3
-0.0732326 0.278207 0.542775 1.19861e-38 3
-0.0614435 0.265561 0.518104 8.66709e-39 3
-0.0488587 0.244889 0.477772 1.29081e-38 3
-0.0403325 0.240567 0.469341 1.24478e-38 3
-0.0326684 0.240567 0.469341 1.17103e-38 3
-0.0247136 0.23777 0.463884 1.19865e-38 3
-0.0168448 0.233694 0.455931 1.35549e-38 3
-0.00934633 0.232366 0.453341 7.93168e-39 3
-0.00194354 0.232366 0.453341 9.86885e-39 3
0.00545925 0.232366 0.453341 1.18972e-38 3
0.0125762 0.227202 0.443267 1.47549e-38 3
0.0197596 0.226573 0.442039 1.01433e-38 3
0.0272039 0.228472 0.445743 8.29903e-39 3
0.0345792 0.229112 0.446992 7.93132e-39 3
0.144396 0.288003 0.561887 1.08862e-38 3
0.148348 0.278207 0.542775 1.17164e-38 3
0.152039 0.269055 0.524921 1.28191e-38 3
0.151633 0.254015 0.495578 1.25443e-38 3
0.15307 0.243431 0.474928 1.30089e-38 3
0.156177 0.236395 0.461202 1.33759e-38 3
0.160918 0.232366 0.453341 1.42053e-38 3
0.16737 0.231053 0.45078 9.68769e-39 3
0.174731 0.231053 0.45078 9.04412e-39 3
0.182092 0.231053 0.45078 1.17167e-38 3
0.177424 0.216383 0.422159 1.40212e-38 3
0.184317 0.216383 0.422159 1.25465e-38 3
0.190205 0.215244 0.419937 9.41255e-39 3
0.197582 0.215812 0.421045 1.3377e-38 3
0.204457 0.215812 0.421045 1.1532e-38 3
0.211333 0.215812 0.421045 1.06997e-38 3
0.228456 0.225947 0.440818 8.8565e-39 3
0.230559 0.221062 0.431286 9.50187e-39 3
0.23506 0.218697 0.426674 1.11607e-38 3
0.239466 0.216383 0.422159 8.30155e-39 3
0.24442 0.214679 0.418835 1.06968e-38 3
0.249947 0.213558 0.416647 1.09738e-38 3
0.257423 0.214117 0.417738 1.04213e-38 3
0.262868 0.213002 0.415562 9.96142e-39 3
0.274661 0.216957 0.423278 1.24503e-38 3
0.284592 0.219284 0.427818 1.26355e-38 3
0.297155 0.223478 0.436 1.10688e-38 3
0.305108 0.22409 0.437194 1.08859e-38 3
0.309702 0.222263 0.43363 6.18283e-39 3
0.318514 0.223478 0.436 9.22529e-39 3
0.323864 0.222263 0.43363 1.02387e-38 3
0.330945 0.222263 0.43363 1.02387e-38 3
0.338947 0.222869 0.434812 1.07919e-38 3
0.343241 0.221062 0.431286 9.50187e-39 3
0.347466 0.219284 0.427818 1.19904e-38 3
0.358295 0.221661 0.432455 1.20823e-38 3
0.441206 0.239862 0.467965 1.14369e-38 3
0.457424 0.236395 0.461202 5.25729e-39 3
0.438285 0.219284 0.427818 7.47071e-39 3
0.458801 0.225947 0.440818 8.02532e-39 3
0.460906 0.223478 0.436 8.57778e-39 3
0.451972 0.215812 0.421045 6.45656e-39 3
0.451697 0.212449 0.414483 4.61193e-39 3
0.447787 0.204482 0.39894 2.58255e-39 3
0.561358 0.245624 0.479207 3.78001e-39 3
0.557465 0.240567 0.469341 3.50378e-39 3
0.560186 0.238463 0.465236 2.76694e-39 3
0.576182 0.241991 0.472118 2.03009e-39 3
-0.367986 0.232503 0.439603 5.80904e-39 3
-0.360808 0.232503 0.439603 6.91503e-39 3
-0.347941 0.26049 0.492518 6.45728e-39 3
-0.325822 0.255753 0.483564 5.72007e-39 3
-0.30677 0.24678 0.466596 7.84129e-39 3
-0.289829 0.23909 0.452057 7.93277e-39 3
-0.280067 0.237075 0.448247 6.36401e-39 3
-0.274288 0.238414 0.45078 1.31854e-38 3
-0.27153 0.242525 0.458552 1.04203e-38 3
-0.264803 0.243224 0.459873 1.05135e-38 3
-0.258037 0.243927 0.461202 7.65654e-39 3
-0.251962 0.245345 0.463884 1.03324e-38 3
-0.242974 0.243927 0.461202 7.19626e-39 3
-0.249888 0.258891 0.489497 4.15345e-39 3
-0.240419 0.257313 0.486512 6.36651e-39 3
-0.231066 0.255753 0.483564 7.74909e-39 3
-0.220497 0.25269 0.477772 5.62824e-39 3
-0.192001 0.228104 0.431286 3.23115e-39 3
-0.184958 0.228104 0.431286 7.01117e-39 3
-0.181847 0.233145 0.440818 1.43872e-38 3
-0.16211 0.216407 0.409169 1.49411e-38 3
-0.170273 0.237075 0.448247 1.28195e-38 3
-0.165747 0.241139 0.455931 1.32794e-38 3
-0.158302 0.241139 0.455931 9.50044e-39 3
-0.150856 0.241139 0.455931 7.65724e-39 3
-0.143411 0.241139 0.455931 1.30057e-38 3
-0.136748 0.242525 0.458552 8.85543e-39 3
-0.12926 0.242525 0.458552 8.02279e-39 3
-0.121772 0.242525 0.458552 7.19303e-39 3
-0.114284 0.242525 0.458552 1.01444e-38 3
-0.109956 0.2497 0.472118 1.30021e-38 3
-0.102246 0.2497 0.472118 1.06036e-38 3
-0.0974192 0.257313 0.486512 1.21709e-38 3
-0.100506 0.289036 0.546493 1.08794e-38 3
-0.0826581 0.289036 0.546493 2.08369e-38 3
-0.0611659 0.239769 0.453341 1.15252e-38 3
-0.0537631 0.239769 0.453341 1.33691e-38 3
-0.0463603 0.239769 0.453341 1.65037e-38 3
-0.0389575 0.239769 0.453341 1.28159e-38 3
-0.0315547 0.239769 0.453341 9.86635e-39 3
-0.0241519 0.239769 0.453341 1.01437e-38 3
-0.0167491 0.239769 0.453341 1.19886e-38 3
-0.00929352 0.238414 0.45078 8.85435e-39 3
-0.00193256 0.238414 0.45078 1.15294e-38 3
0.00545925 0.239769 0.453341 1.18972e-38 3
0.0126819 0.236411 0.446992 1.53073e-38 3
0.0198697 0.235094 0.444501 1.40155e-38 3
0.0275113 0.238414 0.45078 1.41074e-38 3
0.0348723 0.238414 0.45078 1.44779e-38 3
0.041996 0.237075 0.448247 1.20826e-38 3
0.065735 0.218649 0.413409 1.46602e-38 3
0.0722984 0.218084 0.412341 1.58587e-38 3
0.078828 0.217522 0.411278 1.18025e-38 3
0.0855439 0.217522 0.411278 1.54899e-38 3
0.131606 0.310289 0.586676 1.6136e-38 3
0.141186 0.310289 0.586676 1.89047e-38 3
0.144396 0.297178 0.561887 1.53127e-38 3
0.151438 0.293051 0.554083 1.28234e-38 3
0.157211 0.28707 0.542775 1.35578e-38 3
0.151633 0.262107 0.495578 9.40895e-39 3
0.15307 0.251186 0.474928 1.02419e-38 3
0.154392 0.241139 0.455931 1.02412e-38 3
0.160918 0.239769 0.453341 1.1255e-38 3
0.16737 0.238414 0.45078 1.07948e-38 3
0.172778 0.23575 0.445743 7.56756e-39 3
0.166996 0.218649 0.413409 7.65939e-39 3
0.174652 0.219788 0.415562 1.58652e-38 3
0.182387 0.220939 0.417738 1.09791e-38 3
0.188715 0.220362 0.416647 1.26394e-38 3
0.194503 0.219217 0.414483 1.33777e-38 3
0.201795 0.219788 0.415562 8.12146e-39 3
0.2075 0.218649 0.413409 1.1899e-38 3
0.213147 0.217522 0.411278 1.15305e-38 3
0.223316 0.220939 0.417738 1.12557e-38 3
0.228939 0.219788 0.415562 7.38245e-39 3
0.233897 0.218084 0.412341 9.59263e-39 3
0.24001 0.217522 0.411278 1.2079e-38 3
0.245461 0.216407 0.409169 1.40162e-38 3
0.252143 0.216407 0.409169 9.13094e-39 3
0.260158 0.217522 0.411278 9.03946e-39 3
0.269654 0.219788 0.415562 1.14366e-38 3
0.277887 0.220939 0.417738 1.06993e-38 3
0.304733 0.225665 0.426674 1.19908e-38 3
0.31087 0.225063 0.425536 1.23596e-38 3
0.317818 0.225063 0.425536 9.9625e-39 3
0.323903 0.224464 0.424404 1.12536e-38 3
0.329083 0.223277 0.422159 1.04246e-38 3
0.336868 0.223869 0.423278 9.68734e-39 3
0.337513 0.219788 0.415562 9.50187e-39 3
0.437113 0.225665 0.426674 8.20756e-39 3
0.445271 0.22627 0.427818 7.84021e-39 3
0.446274 0.223277 0.422159 8.94656e-39 3
0.451972 0.222688 0.421045 7.93133e-39 3
0.454056 0.220362 0.416647 5.0729e-39 3
0.452587 0.216407 0.409169 5.1651e-39 3
0.462829 0.218084 0.412341 3.32119e-39 3
0.464759 0.215853 0.408123 2.67402e-39 3
0.466649 0.213667 0.40399 5.07039e-39 3
0.460424 0.207878 0.393044 3.41015e-39 3
0.541537 0.241139 0.455931 3.68781e-39 3
0.545863 0.239769 0.453341 4.51794e-39 3
0.558022 0.24183 0.457238 3.6889e-39 3
0.55908 0.23909 0.452057 4.14952e-39 3
-0.36497 0.237717 0.436 2.49e-39 3
-0.354941 0.235784 0.432455 9.22028e-39 3
-0.290624 0.241009 0.442039 9.13202e-39 3
-0.282623 0.240344 0.440818 1.03299e-38 3
-0.276188 0.241009 0.442039 9.77525e-39 3
-0.26897 0.241009 0.442039 1.16188e-38 3
-0.262479 0.241679 0.443267 1.54921e-38 3
-0.259566 0.245775 0.45078 8.3012e-39 3
-0.25292 0.246471 0.452057 7.65654e-39 3
-0.248352 0.249296 0.457238 9.03983e-39 3
-0.240198 0.248584 0.455931 7.38066e-39 3
-0.246859 0.26365 0.483564 5.35236e-39 3
-0.238962 0.26365 0.483564 1.0238e-38 3
-0.231066 0.26365 0.483564 6.54983e-39 3
-0.193805 0.228959 0.419937 1.94041e-39 3
-0.181689 0.222518 0.408123 5.81263e-39 3
-0.179148 0.22776 0.417738 1.35581e-38 3
-0.16793 0.22195 0.407082 1.35581e-38 3
-0.16211 0.223088 0.409169 9.86994e-39 3
-0.155428 0.223088 0.409169 1.06068e-38 3
-0.149514 0.224238 0.411278 1.02373e-38 3
-0.154764 0.243029 0.445743 7.93347e-39 3
-0.147485 0.243029 0.445743 9.40968e-39 3
-0.140599 0.24371 0.446992 9.77954e-39 3
-0.132928 0.243029 0.445743 8.85579e-39 3
-0.125649 0.243029 0.445743 7.19411e-39 3
-0.117713 0.241679 0.443267 1.24521e-38 3
-0.111716 0.244394 0.448247 1.25432e-38 3
-0.105583 0.247172 0.453341 1.02366e-38 3
-0.0981798 0.247172 0.453341 9.77379e-39 3
-0.0928881 0.25292 0.463884 1.24475e-38 3
-0.0685686 0.247172 0.453341 1.5213e-38 3
-0.0611659 0.247172 0.453341 1.43832e-38 3
-0.0537631 0.247172 0.453341 1.11564e-38 3
-0.0460984 0.245775 0.45078 9.7738e-39 3
-0.0387374 0.245775 0.45078 1.60435e-38 3
-0.0313764 0.245775 0.45078 1.254e-38 3
-0.0237471 0.243029 0.445743 1.19879e-38 3
-0.0163769 0.241679 0.443267 1.17121e-38 3
-0.00913863 0.241679 0.443267 9.31675e-39 3
-0.00191097 0.243029 0.445743 1.28205e-38 3
0.00536776 0.243029 0.445743 1.30046e-38 3
0.0128987 0.247876 0.454632 1.50311e-38 3
0.0202648 0.247172 0.453341 1.12504e-38 3
0.0278257 0.248584 0.455931 1.1066e-38 3
0.0350704 0.247172 0.453341 1.72438e-38 3
0.0421143 0.245083 0.44951 1.33734e-38 3
0.0655651 0.224818 0.412341 1.17099e-38 3
0.0722984 0.224818 0.412341 1.64112e-38 3
0.0786253 0.223662 0.410221 1.23553e-38 3
0.0851052 0.223088 0.409169 1.17099e-38 3
0.0910861 0.221385 0.406046 1.48467e-38 3
0.0984682 0.223088 0.409169 1.40191e-38 3
0.10515 0.223088 0.409169 1.31922e-38 3
0.149364 0.29796 0.546493 1.21791e-38 3
0.158287 0.29796 0.546493 1.42031e-38 3
0.15354 0.273599 0.501811 1.52162e-38 3
0.154914 0.262061 0.480651 1.55886e-38 3
0.157085 0.25292 0.463884 1.15316e-38 3
0.160918 0.247172 0.453341 1.50336e-38 3
0.168321 0.247172 0.453341 9.59586e-39 3
0.171818 0.241679 0.443267 1.30075e-38 3
0.16743 0.225985 0.414483 1.10703e-38 3
0.174652 0.226574 0.415562 1.20837e-38 3
0.181437 0.226574 0.415562 1.27291e-38 3
0.187248 0.2254 0.413409 1.33773e-38 3
0.192503 0.223662 0.410221 1.1626e-38 3
0.198691 0.223088 0.409169 1.09806e-38 3
0.204324 0.22195 0.407082 1.05182e-38 3
0.209901 0.220823 0.405015 1.0426e-38 3
0.216514 0.220823 0.405015 1.01505e-38 3
0.227752 0.2254 0.413409 8.76753e-39 3
0.232098 0.223088 0.409169 1.06079e-38 3
0.23878 0.223088 0.409169 1.1527e-38 3
0.244833 0.222518 0.408123 1.22634e-38 3
0.250218 0.221385 0.406046 1.19883e-38 3
0.308402 0.23017 0.422159 6.09029e-39 3
0.314464 0.229563 0.421045 9.31642e-39 3
0.317983 0.227165 0.416647 1.02387e-38 3
0.320602 0.224238 0.411278 1.28209e-38 3
0.324806 0.222518 0.408123 1.1438e-38 3
0.329784 0.221385 0.406046 8.11894e-39 3
0.333866 0.219708 0.40297 9.40968e-39 3
0.334532 0.215892 0.39597 8.76324e-39 3
0.339314 0.214826 0.394015 6.82678e-39 3
0.344049 0.21377 0.392079 1.00529e-38 3
0.350452 0.21377 0.392079 1.39255e-38 3
0.362366 0.213246 0.391118 1.15298e-38 3
0.367851 0.212725 0.390161 7.3821e-39 3
0.372401 0.211689 0.388263 4.43004e-39 3
0.375997 0.210156 0.385449 9.96107e-39 3
0.386021 0.212206 0.38921 5.34949e-39 3
0.392376 0.212206 0.38921 4.14951e-39 3
0.397762 0.211689 0.388263 4.24207e-39 3
0.439301 0.226574 0.415562 7.47036e-39 3
0.448423 0.22776 0.417738 6.08742e-39 3
0.448204 0.224238 0.411278 7.00938e-39 3
0.452587 0.223088 0.409169 4.79704e-39 3
0.460449 0.223662 0.410221 4.15094e-39 3
0.464298 0.219155 0.401955 2.30596e-39 3
0.537982 0.240344 0.440818 3.87329e-39 3
-0.373093 0.240888 0.428968 3.22756e-39 3
-0.369064 0.242846 0.432455 1.66131e-39 3
-0.359083 0.240888 0.428968 6.6388e-39 3
-0.350196 0.239599 0.426674 9.58906e-39 3
-0.342313 0.23896 0.425536 6.36257e-39 3
-0.299502 0.24961 0.444501 4.24494e-39 3
-0.289023 0.24686 0.439603 8.02567e-39 3
-0.281845 0.24686 0.439603 7.65582e-39 3
-0.274666 0.24686 0.439603 7.00973e-39 3
-0.268227 0.247542 0.440818 1.03295e-38 3
-0.261028 0.247542 0.440818 9.31499e-39 3
-0.255951 0.24961 0.444501 6.64167e-39 3
-0.250086 0.251009 0.446992 9.68484e-39 3
-0.244155 0.252423 0.44951 9.86959e-39 3
-0.23483 0.250308 0.445743 7.19627e-39 3
-0.23143 0.254574 0.453341 8.487e-39 3
-0.209728 0.238325 0.424404 5.90481e-39 3
-0.197544 0.232151 0.413409 8.11751e-39 3
-0.186919 0.227437 0.405015 8.57885e-39 3
-0.180305 0.227437 0.405015 1.09767e-38 3
-0.173252 0.226861 0.40399 1.0977e-38 3
-0.166234 0.226288 0.40297 1.17156e-38 3
-0.161283 0.228597 0.407082 9.7781e-39 3
-0.154635 0.228597 0.407082 1.22663e-38 3
-0.150288 0.232151 0.413409 9.86957e-39 3
-0.147355 0.238325 0.424404 1.07001e-38 3
-0.147898 0.251009 0.446992 6.18211e-39 3
-0.139816 0.24961 0.444501 1.00568e-38 3
-0.132189 0.248917 0.443267 1.07919e-38 3
-0.124951 0.248917 0.443267 1.06071e-38 3
-0.115783 0.244837 0.436 1.20851e-38 3
-0.110475 0.248917 0.443267 1.46641e-38 3
-0.103813 0.250308 0.445743 1.43854e-38 3
-0.0954677 0.247542 0.440818 1.11582e-38 3
-0.090777 0.254574 0.453341 1.18035e-38 3
-0.128718 0.393027 0.699895 8.20791e-39 3
-0.118327 0.396505 0.706088 1.89015e-38 3
-0.0685686 0.254574 0.453341 1.40144e-38 3
-0.0611659 0.254574 0.453341 1.03273e-38 3
-0.053159 0.251714 0.448247 1.2079e-38 3
-0.0458394 0.251714 0.448247 1.03273e-38 3
-0.0383046 0.250308 0.445743 1.25415e-38 3
-0.0310258 0.250308 0.445743 1.32776e-38 3
-0.0236152 0.248917 0.443267 1.22645e-38 3
-0.0161969 0.246182 0.438396 1.43861e-38 3
-0.00903821 0.246182 0.438396 1.17138e-38 3
-0.0018692 0.244837 0.436 1.26358e-38 3
0.00525043 0.244837 0.436 1.24514e-38 3
0.0126819 0.251009 0.446992 1.6414e-38 3
0.0201503 0.253136 0.45078 1.00529e-38 3
0.0276676 0.254574 0.453341 8.39372e-39 3
0.0349711 0.253853 0.452057 9.86994e-39 3
0.041996 0.251714 0.448247 8.39516e-39 3
0.0653961 0.230954 0.411278 1.42917e-38 3
0.0722984 0.231551 0.412341 1.60431e-38 3
0.0786253 0.23036 0.410221 1.59509e-38 3
0.0848876 0.229182 0.408123 1.23563e-38 3
0.0908549 0.227437 0.405015 1.31872e-38 3
0.0982164 0.229182 0.408123 1.12539e-38 3
0.104881 0.229182 0.408123 1.32855e-38 3
0.111545 0.229182 0.408123 1.32862e-38 3
0.112732 0.218561 0.38921 1.54946e-38 3
0.154914 0.26991 0.480651 1.26372e-38 3
0.154392 0.256029 0.455931 1.42957e-38 3
0.160918 0.254574 0.453341 1.365e-38 3
0.166429 0.251714 0.448247 6.46049e-39 3
0.16993 0.246182 0.438396 1.42982e-38 3
0.165283 0.22977 0.409169 1.41127e-38 3
0.174198 0.232754 0.414483 1.27287e-38 3
0.180497 0.232151 0.413409 1.41113e-38 3
0.186283 0.230954 0.411278 1.52194e-38 3
0.192009 0.22977 0.409169 1.47602e-38 3
0.197677 0.228597 0.407082 1.36539e-38 3
0.203287 0.227437 0.405015 1.4206e-38 3
0.208315 0.225718 0.401955 1.27319e-38 3
0.214338 0.225151 0.400945 1.19958e-38 3
0.218145 0.222358 0.39597 1.14426e-38 3
0.229742 0.227437 0.405015 8.95085e-39 3
0.238169 0.229182 0.408123 1.05135e-38 3
0.243587 0.228016 0.406046 1.37404e-38 3
0.249583 0.227437 0.405015 1.17124e-38 3
0.267388 0.225718 0.401955 8.21042e-39 3
0.276037 0.227437 0.405015 8.94835e-39 3
0.276339 0.222358 0.39597 1.20844e-38 3
0.286357 0.225151 0.400945 1.16231e-38 3
0.298149 0.229182 0.408123 7.74981e-39 3
0.304813 0.229182 0.408123 8.11787e-39 3
0.297769 0.219096 0.390161 8.11822e-39 3
0.311273 0.219633 0.391118 1.09766e-38 3
0.320012 0.22126 0.394015 9.22457e-39 3
0.325642 0.220715 0.393044 8.76359e-39 3
0.329625 0.219096 0.390161 1.26355e-38 3
0.335996 0.219096 0.390161 1.39251e-38 3
0.342367 0.219096 0.390161 9.40754e-39 3
0.348738 0.219096 0.390161 1.19894e-38 3
0.355109 0.219096 0.390161 1.24503e-38 3
0.360599 0.218561 0.38921 9.68592e-39 3
0.366061 0.21803 0.388263 8.48845e-39 3
0.371498 0.2175 0.38732 5.352e-39 3
0.373292 0.214892 0.382676 9.77668e-39 3
0.385082 0.21803 0.388263 1.18961e-38 3
0.389526 0.216974 0.386383 6.36256e-39 3
0.392981 0.215409 0.383596 3.5967e-39 3
0.401174 0.21645 0.385449 3.96692e-39 3
0.422786 0.224587 0.39994 7.00938e-39 3
0.440353 0.23036 0.410221 1.03281e-38 3
0.443631 0.228597 0.407082 9.22207e-39 3
0.446858 0.226861 0.40399 6.64023e-39 3
0.455763 0.228016 0.406046 7.00901e-39 3
0.457735 0.225718 0.401955 4.98071e-39 3
0.454006 0.220715 0.393044 5.34841e-39 3
0.454823 0.21803 0.388263 2.85986e-39 3
0.454527 0.214892 0.382676 1.38401e-39 3
-0.370108 0.245909 0.425536 4.61158e-39 3
-0.365107 0.247228 0.427818 7.28417e-39 3
-0.356211 0.245909 0.425536 9.95892e-39 3
-0.347409 0.244605 0.423278 3.59742e-39 3
-0.339596 0.243958 0.422159 4.61157e-39 3
-0.330083 0.242037 0.418835 8.57526e-39 3
-0.293575 0.240146 0.415562 9.12951e-39 3
-0.290598 0.249232 0.431286 1.17135e-38 3
-0.282791 0.248561 0.430124 1.07915e-38 3
-0.276513 0.249232 0.431286 5.81119e-39 3
-0.272415 0.251956 0.436 7.2856e-39 3
-0.266022 0.252646 0.437194 1.18961e-38 3
-0.256772 0.250587 0.43363 1.245e-38 3
-0.253131 0.254038 0.439603 1.08827e-38 3
-0.246632 0.25474 0.440818 9.13167e-39 3
-0.240097 0.255446 0.442039 7.38031e-39 3
-0.237483 0.260497 0.45078 8.39481e-39 3
-0.216658 0.245255 0.424404 7.10407e-39 3
-0.203241 0.23767 0.411278 7.3803e-39 3
-0.192555 0.232869 0.40297 1.04224e-38 3
-0.185975 0.232869 0.40297 8.67104e-39 3
-0.176717 0.229393 0.396955 1.31897e-38 3
-0.163347 0.228824 0.39597 1.11628e-38 3
-0.157271 0.229393 0.396955 1.26362e-38 3
-0.151923 0.231118 0.39994 8.11786e-39 3
-0.147612 0.234646 0.406046 8.76358e-39 3
-0.142798 0.23767 0.411278 1.04242e-38 3
-0.136082 0.23767 0.411278 1.2267e-38 3
-0.139041 0.255446 0.442039 1.22692e-38 3
-0.130737 0.253341 0.438396 8.94834e-39 3
-0.123919 0.254038 0.439603 1.29131e-38 3
-0.110934 0.241403 0.417738 1.23606e-38 3
-0.10466 0.242674 0.419937 1.36507e-38 3
-0.101544 0.251956 0.436 1.08826e-38 3
-0.0954677 0.25474 0.440818 1.18975e-38 3
-0.145243 0.419163 0.725345 1.01458e-38 3
-0.129857 0.408035 0.706088 1.53088e-38 3
-0.118327 0.408035 0.706088 1.23571e-38 3
-0.106797 0.408035 0.706088 9.03694e-39 3
-0.0952672 0.408035 0.706088 6.08741e-39 3
-0.0460984 0.260497 0.45078 1.20801e-38 3
-0.0383046 0.257586 0.445743 1.3279e-38 3
-0.0308535 0.256155 0.443267 6.82533e-39 3
-0.0232281 0.251956 0.436 1.30024e-38 3
-0.0161084 0.251956 0.436 1.3095e-38 3
-0.00898882 0.251956 0.436 9.59226e-39 3
-0.00183905 0.247892 0.428968 1.67835e-38 3
0.00516574 0.247892 0.428968 1.25425e-38 3
0.01237 0.251956 0.436 1.4295e-38 3
0.019981 0.258308 0.446992 9.87029e-39 3
0.0272801 0.258308 0.446992 1.15305e-38 3
0.036915 0.227694 0.394015 1.2083e-38 3
0.0434563 0.228257 0.39499 1.35567e-38 3
0.0500301 0.228824 0.39597 1.30957e-38 3
0.0567778 0.229965 0.397945 1.36482e-38 3
0.0645641 0.234646 0.406046 1.30024e-38 3
0.0717422 0.236451 0.409169 1.68747e-38 3
0.0782232 0.235846 0.408123 1.73345e-38 3
0.084671 0.235245 0.407082 1.42006e-38 3
0.0906249 0.233458 0.40399 1.18972e-38 3
0.0982164 0.235846 0.408123 1.18071e-38 3
0.104881 0.235846 0.408123 1.19954e-38 3
0.111261 0.235245 0.407082 1.32876e-38 3
0.111106 0.221673 0.383596 1.23606e-38 3
0.11737 0.221673 0.383596 1.4663e-38 3
0.120731 0.216469 0.374591 1.36499e-38 3
0.126848 0.216469 0.374591 1.39255e-38 3
0.132965 0.216469 0.374591 1.19901e-38 3
0.139738 0.21749 0.376358 1.34666e-38 3
0.148689 0.221673 0.383596 1.31918e-38 3
0.167866 0.240146 0.415562 1.12547e-38 3
0.171965 0.236451 0.409169 1.08848e-38 3
0.178646 0.236451 0.409169 8.57955e-39 3
0.185804 0.237059 0.410221 1.37432e-38 3
0.191029 0.235245 0.407082 1.39283e-38 3
0.197174 0.234646 0.406046 1.28238e-38 3
0.201751 0.232282 0.401955 1.39294e-38 3
0.206237 0.229965 0.397945 1.12568e-38 3
0.210634 0.227694 0.394015 1.4117e-38 3
0.216001 0.226575 0.392079 1.19051e-38 3
0.223502 0.227694 0.394015 1.18107e-38 3
0.230505 0.228257 0.39499 8.76539e-39 3
0.236955 0.228257 0.39499 8.57992e-39 3
0.272952 0.226019 0.391118 1.09781e-38 3
0.279339 0.226019 0.391118 1.11625e-38 3
0.282266 0.223283 0.386383 1.03313e-38 3
0.290687 0.224917 0.38921 8.85579e-39 3
0.289971 0.219562 0.379943 7.74944e-39 3
0.294771 0.218521 0.378142 1.04235e-38 3
0.303826 0.220612 0.381761 9.59371e-39 3
0.315341 0.22437 0.388263 1.31886e-38 3
0.322465 0.224917 0.38921 1.23574e-38 3
0.328821 0.224917 0.38921 9.6834e-39 3
0.335176 0.224917 0.38921 1.2911e-38 3
0.341532 0.224917 0.38921 1.48471e-38 3
0.347888 0.224917 0.38921 1.20816e-38 3
0.355109 0.225467 0.390161 1.14362e-38 3
0.359721 0.22437 0.388263 9.40825e-39 3
0.365173 0.223825 0.38732 1.0515e-38 3
0.368812 0.222207 0.38452 8.20935e-39 3
0.37151 0.220086 0.38085 5.62859e-39 3
0.383217 0.223283 0.386383 9.95999e-39 3
0.38579 0.221141 0.382676 8.94512e-39 3
0.387394 0.218521 0.378142 7.00973e-39 3
0.394503 0.21904 0.37904 3.41483e-39 3
0.410442 0.22437 0.388263 2.30812e-39 3
0.429317 0.231118 0.39994 5.07291e-39 3
0.436943 0.231698 0.400945 8.94549e-39 3
0.434751 0.227133 0.393044 1.15262e-38 3
0.453455 0.233458 0.40399 1.00515e-38 3
0.454302 0.23054 0.39894 7.56218e-39 3
0.449356 0.221673 0.383596 8.66998e-39 3
0.449142 0.218521 0.378142 7.37924e-39 3
0.455317 0.218521 0.378142 7.19305e-39 3
0.467025 0.221141 0.382676 6.26965e-39 3
-0.371098 0.253534 0.426674 4.33535e-39 3
-0.36413 0.253534 0.426674 4.79597e-39 3
-0.345576 0.250189 0.421045 5.07291e-39 3
-0.335163 0.247576 0.416647 5.90303e-39 3
-0.322466 0.243133 0.409169 8.94512e-39 3
-0.302131 0.237648 0.39994 6.36436e-39 3
-0.292666 0.23529 0.39597 7.37959e-39 3
-0.284085 0.233551 0.393044 9.95999e-39 3
-0.278352 0.234128 0.394015 9.49829e-39 3
-0.272592 0.234707 0.39499 9.31498e-39 3
-0.283555 0.256275 0.431286 8.02496e-39 3
-0.276513 0.256275 0.431286 9.59121e-39 3
-0.272415 0.259076 0.436 9.68268e-39 3
-0.263138 0.256969 0.432455 1.15277e-38 3
-0.254011 0.254897 0.428968 1.15284e-38 3
-0.241807 0.249531 0.419937 9.2235e-39 3
-0.238082 0.252858 0.425536 5.4442e-39 3
-0.227493 0.248876 0.418835 4.15346e-39 3
-0.21893 0.246932 0.415562 8.57885e-39 3
-0.200649 0.233551 0.393044 9.77775e-39 3
-0.190477 0.229038 0.385449 1.13444e-38 3
-0.184183 0.229038 0.385449 9.13166e-39 3
-0.177889 0.229038 0.385449 1.04228e-38 3
-0.175842 0.234707 0.39499 9.31821e-39 3
-0.159654 0.239449 0.40297 1.00554e-38 3
-0.154242 0.241277 0.406046 7.01151e-39 3
-0.149129 0.243758 0.410221 1.20833e-38 3
-0.13921 0.238246 0.400945 1.30067e-38 3
-0.130049 0.233551 0.393044 1.0516e-38 3
-0.135294 0.255584 0.430124 1.17167e-38 3
-0.121246 0.255584 0.430124 9.13344e-39 3
-0.113307 0.253534 0.426674 1.32822e-38 3
-0.108073 0.257668 0.43363 1.27287e-38 3
-0.133399 0.431008 0.725345 1.21752e-38 3
-0.118327 0.419565 0.706088 9.50079e-39 3
-0.106797 0.419565 0.706088 7.10191e-39 3
-0.0378813 0.261938 0.440818 8.94582e-39 3
-0.0303477 0.259076 0.436 1.02366e-38 3
-0.0222552 0.248224 0.417738 1.29102e-38 3
-0.01504 0.241892 0.407082 1.11589e-38 3
-0.00835002 0.240664 0.405015 1.5953e-38 3
-0.00173636 0.240664 0.405015 1.87186e-38 3
0.00490218 0.241892 0.407082 1.36489e-38 3
0.0117902 0.246932 0.415562 1.15298e-38 3
0.0185761 0.246932 0.415562 1.19919e-38 3
0.0241064 0.234707 0.39499 1.37436e-38 3
0.0306322 0.23529 0.39597 1.31897e-38 3
0.0370064 0.234707 0.39499 1.5218e-38 3
0.0434563 0.234707 0.39499 1.62307e-38 3
0.0499063 0.234707 0.39499 1.6046e-38 3
0.0563562 0.234707 0.39499 1.25422e-38 3
0.0635932 0.237648 0.39994 1.39251e-38 3
0.0713762 0.241892 0.407082 1.36485e-38 3
0.0778251 0.241277 0.406046 1.70583e-38 3
0.084028 0.240055 0.40399 1.27262e-38 3
0.0892689 0.236463 0.397945 1.28191e-38 3
0.0979658 0.241892 0.407082 1.74318e-38 3
0.248536 0.574677 0.967127 1.4206e-38 3
0.269223 0.585319 0.985037 1.47624e-38 3
0.110574 0.226846 0.381761 1.19937e-38 3
0.113548 0.220516 0.371107 1.00558e-38 3
0.116361 0.214529 0.361032 1.13451e-38 3
0.122256 0.214529 0.361032 9.59334e-39 3
0.129915 0.217481 0.366 1.36503e-38 3
0.135892 0.217481 0.366 1.55882e-38 3
0.143182 0.219495 0.369389 1.30075e-38 3
0.154212 0.226846 0.381761 9.96393e-39 3
0.165188 0.233551 0.393044 8.30333e-39 3
0.175055 0.238246 0.400945 1.18064e-38 3
0.181602 0.238246 0.400945 1.16213e-38 3
0.184442 0.233551 0.393044 1.30975e-38 3
0.187172 0.229038 0.385449 1.36521e-38 3
0.196794 0.232977 0.392079 1.28231e-38 3
0.202698 0.232406 0.391118 1.07948e-38 3
0.208065 0.231273 0.38921 1.09813e-38 3
0.213899 0.23071 0.388263 1.08909e-38 3
0.220239 0.23071 0.388263 1.31018e-38 3
0.223319 0.22739 0.382676 1.15338e-38 3
0.231231 0.229038 0.385449 9.31892e-39 3
0.254704 0.222065 0.373714 9.31891e-39 3
0.272656 0.226846 0.381761 7.84343e-39 3
0.276247 0.224696 0.378142 6.9204e-39 3
0.281089 0.223636 0.376358 7.47286e-39 3
0.286559 0.22311 0.375473 8.5792e-39 3
0.289961 0.22103 0.371972 5.99808e-39 3
0.298822 0.22311 0.375473 7.93347e-39 3
0.30932 0.226305 0.38085 1.1067e-38 3
0.31935 0.229038 0.385449 1.30943e-38 3
0.326432 0.229593 0.386383 8.85292e-39 3
0.333549 0.23015 0.38732 9.03804e-39 3
0.340701 0.23071 0.388263 1.44776e-38 3
0.346199 0.23015 0.38732 1.47552e-38 3
0.353381 0.23071 0.388263 1.2634e-38 3
0.357979 0.229593 0.386383 9.31497e-39 3
0.363409 0.229038 0.385449 8.30082e-39 3
0.366165 0.226846 0.381761 1.12507e-38 3
0.369745 0.22523 0.37904 1.02384e-38 3
0.379541 0.22739 0.382676 9.03911e-39 3
0.381219 0.224696 0.378142 6.64095e-39 3
0.39079 0.22311 0.375473 1.17132e-38 3
0.397858 0.223636 0.376358 7.3796e-39 3
0.414764 0.229593 0.386383 4.52118e-39 3
0.424154 0.231273 0.38921 7.37816e-39 3
0.425323 0.228486 0.38452 6.2711e-39 3
0.443354 0.234707 0.39499 7.93097e-39 3
0.445394 0.232406 0.391118 1.03288e-38 3
0.44416 0.228486 0.38452 1.06064e-38 3
0.44192 0.224165 0.377248 1.0422e-38 3
0.428819 0.214529 0.361032 8.11752e-39 3
-0.367171 0.257745 0.422159 2.58399e-39 3
-0.359327 0.257065 0.421045 3.22864e-39 3
-0.34877 0.25438 0.416647 7.46964e-39 3
-0.339309 0.252403 0.413409 8.57706e-39 3
-0.329147 0.249814 0.409169 7.65475e-39 3
-0.311 0.246029 0.40297 7.7473e-39 3
-0.296192 0.23938 0.392079 8.02496e-39 3
-0.289079 0.238793 0.391118 6.45656e-39 3
-0.282001 0.238209 0.390161 6.54695e-39 3
-0.276306 0.238793 0.391118 5.90266e-39 3
-0.269919 0.238793 0.391118 6.2736e-39 3
-0.282031 0.261902 0.428968 1.09763e-38 3
-0.275026 0.261902 0.428968 5.16582e-39 3
-0.270934 0.264749 0.43363 8.11464e-39 3
-0.261016 0.261902 0.428968 3.41338e-39 3
-0.243537 0.251102 0.411278 4.1531e-39 3
-0.235606 0.249814 0.409169 8.85507e-39 3
-0.227757 0.24854 0.407082 1.01458e-38 3
-0.222243 0.249814 0.409169 9.86922e-39 3
-0.207067 0.239969 0.393044 1.16206e-38 3
-0.184724 0.220924 0.36185 8.11751e-39 3
-0.182541 0.225527 0.369389 9.59264e-39 3
-0.175695 0.224487 0.367687 7.74909e-39 3
-0.169691 0.224487 0.367687 4.89139e-39 3
-0.164445 0.225527 0.369389 2.67869e-39 3
-0.160644 0.228703 0.374591 6.64381e-39 3
-0.159778 0.236475 0.38732 9.31963e-39 3
-0.161695 0.249175 0.408123 7.56612e-39 3
-0.156633 0.251751 0.412341 1.28205e-38 3
-0.151466 0.25438 0.416647 1.24521e-38 3
-0.143538 0.252403 0.413409 8.76466e-39 3
-0.12878 0.237628 0.38921 6.64489e-39 3
-0.116459 0.22605 0.370246 1.11639e-38 3
-0.109147 0.223458 0.366 6.73671e-39 3
-0.1027 0.222437 0.364329 9.04125e-39 3
-0.0971941 0.223458 0.366 1.19908e-38 3
-0.0910088 0.222946 0.365162 1.35588e-38 3
-0.145243 0.442852 0.725345 1.19933e-38 3
-0.117289 0.427314 0.699895 1.04227e-38 3
-0.0400954 0.23938 0.392079 1.38311e-38 3
-0.0332035 0.235902 0.386383 1.03295e-38 3
-0.02763 0.242357 0.396955 1.18972e-38 3
-0.0215773 0.247278 0.405015 1.11592e-38 3
-0.0148881 0.246029 0.40297 1.53988e-38 3
-0.00830785 0.246029 0.40297 1.18024e-38 3
-0.00173636 0.247278 0.405015 1.0421e-38 3
0.00490218 0.24854 0.407082 1.16198e-38 3
0.011491 0.247278 0.405015 1.26361e-38 3
0.0179227 0.244793 0.400945 1.24532e-38 3
0.0241663 0.241756 0.39597 1.38358e-38 3
0.0306322 0.241756 0.39597 1.42035e-38 3
0.0370982 0.241756 0.39597 1.55886e-38 3
0.0434563 0.241157 0.39499 1.4757e-38 3
0.0496604 0.239969 0.393044 1.89955e-38 3
0.0559408 0.23938 0.392079 1.44779e-38 3
0.0623432 0.23938 0.392079 1.37418e-38 3
0.0699487 0.243569 0.39894 1.09759e-38 3
0.0875228 0.238209 0.390161 1.24493e-38 3
0.092314 0.234201 0.383596 1.70619e-38 3
0.247038 0.586913 0.961301 1.33773e-38 3
0.267572 0.597715 0.978994 1.42078e-38 3
0.107488 0.226576 0.371107 1.37464e-38 3
0.110465 0.220424 0.361032 1.39298e-38 3
0.115317 0.218447 0.357794 1.3284e-38 3
0.120619 0.217472 0.356196 1.22677e-38 3
0.126435 0.217472 0.356196 1.24521e-38 3
0.132252 0.217472 0.356196 1.28234e-38 3
0.139943 0.220424 0.361032 1.10717e-38 3
0.146501 0.221426 0.362673 9.5033e-39 3
0.155968 0.226576 0.371107 1.38343e-38 3
0.166679 0.23308 0.381761 1.1899e-38 3
0.172913 0.23308 0.381761 1.12525e-38 3
0.179147 0.23308 0.381761 9.50044e-39 3
0.184498 0.23197 0.379943 1.36496e-38 3
0.192536 0.234201 0.383596 8.67426e-39 3
0.197849 0.23308 0.381761 7.56899e-39 3
0.203596 0.232524 0.38085 1.21799e-38 3
0.210821 0.233639 0.382676 1.1904e-38 3
0.216034 0.232524 0.38085 1.28263e-38 3
0.216122 0.214126 0.350716 1.34692e-38 3
0.266909 0.228167 0.373714 9.871e-39 3
0.273012 0.228167 0.373714 8.76466e-39 3
0.283356 0.221931 0.363499 1.1899e-38 3
0.311084 0.229241 0.375473 1.15277e-38 3
0.320229 0.231419 0.37904 9.77488e-39 3
0.327196 0.23197 0.379943 8.39195e-39 3
0.336606 0.234201 0.383596 9.7756e-39 3
0.342048 0.233639 0.382676 1.1805e-38 3
0.349975 0.234765 0.38452 1.2634e-38 3
0.354545 0.233639 0.382676 1.06057e-38 3
0.359072 0.232524 0.38085 4.98178e-39 3
0.363556 0.231419 0.37904 5.5346e-39 3
0.367129 0.229782 0.376358 7.5629e-39 3
0.374157 0.230325 0.377248 9.31462e-39 3
0.377639 0.228703 0.374591 1.09741e-38 3
0.377552 0.225006 0.368536 1.03299e-38 3
0.381807 0.223971 0.366841 1.01465e-38 3
0.386908 0.223458 0.366 9.22459e-39 3
0.395606 0.225006 0.368536 4.15311e-39 3
0.406316 0.227634 0.372841 3.50594e-39 3
0.400247 0.220924 0.36185 4.70484e-39 3
0.43164 0.231419 0.37904 7.83949e-39 3
0.432691 0.228703 0.374591 9.95999e-39 3
0.43778 0.228167 0.373714 7.74837e-39 3
0.432735 0.222437 0.364329 8.76252e-39 3
0.439688 0.222946 0.365162 4.06019e-39 3
-0.349598 0.251973 0.401955 4.52118e-39 3
-0.333265 0.254538 0.406046 1.09741e-38 3
-0.32416 0.252609 0.40297 9.68305e-39 3
-0.31362 0.24946 0.397945 7.00866e-39 3
-0.304841 0.247607 0.39499 8.11608e-39 3
-0.286969 0.24339 0.388263 6.08778e-39 3
-0.278595 0.241626 0.385449 4.05696e-39 3
-0.272301 0.241626 0.385449 3.78216e-39 3
-0.282377 0.256496 0.409169 7.19592e-39 3
-0.266431 0.260503 0.415562 5.90231e-39 3
-0.259645 0.260503 0.415562 3.87292e-39 3
-0.250253 0.257818 0.411278 3.32154e-39 3
-0.241052 0.255187 0.407082 8.21006e-39 3
-0.226321 0.246387 0.393044 7.56505e-39 3
-0.216701 0.242799 0.38732 9.03946e-39 3
-0.208353 0.240465 0.383596 9.31605e-39 3
-0.197345 0.23482 0.374591 4.70591e-39 3
-0.184306 0.22632 0.361032 2.30954e-39 3
-0.177607 0.2253 0.359405 6.82748e-39 3
-0.170205 0.223289 0.356196 9.77811e-39 3
-0.165126 0.22429 0.357794 5.63003e-39 3
-0.158572 0.223289 0.356196 3.69284e-39 3
-0.154132 0.2253 0.359405 1.24521e-38 3
-0.149611 0.227348 0.362673 1.13479e-38 3
-0.151251 0.239314 0.381761 1.11625e-38 3
-0.149303 0.246387 0.393044 1.08848e-38 3
-0.142185 0.24518 0.391118 9.68625e-39 3
-0.12885 0.232636 0.371107 1.0055e-38 3
-0.12279 0.232636 0.371107 8.8583e-39 3
-0.115124 0.229434 0.366 9.7806e-39 3
-0.108649 0.228387 0.364329 8.21219e-39 3
-0.102001 0.226833 0.36185 1.18989e-38 3
-0.0965299 0.227866 0.363499 1.19904e-38 3
-0.0901833 0.226833 0.36185 1.33744e-38 3
-0.0778362 0.2253 0.359405 1.36521e-38 3
-0.0726429 0.247607 0.39499 1.41124e-38 3
-0.0658669 0.246387 0.393044 1.12532e-38 3
-0.0591573 0.24518 0.391118 1.13436e-38 3
-0.0526415 0.24458 0.390161 1.26347e-38 3
-0.0464978 0.245782 0.392079 1.25418e-38 3
-0.0388543 0.238174 0.379943 1.08805e-38 3
-0.0332035 0.242211 0.386383 1.1528e-38 3
-0.0269594 0.242799 0.38732 9.03981e-39 3
-0.0211479 0.248839 0.396955 1.21734e-38 3
-0.0148881 0.252609 0.40297 1.3556e-38 3
-0.00843566 0.256496 0.409169 1.29092e-38 3
-0.00175417 0.256496 0.409169 1.03273e-38 3
0.00495272 0.257818 0.411278 1.36485e-38 3
0.0115202 0.254538 0.406046 1.39269e-38 3
0.0180588 0.253249 0.40399 1.34677e-38 3
0.0245315 0.251973 0.401955 1.2545e-38 3
0.031017 0.25134 0.400945 1.23596e-38 3
0.0372832 0.24946 0.397945 1.30993e-38 3
0.0436725 0.248839 0.396955 1.52187e-38 3
0.049783 0.246996 0.394015 1.52158e-38 3
0.0559408 0.245782 0.392079 1.23578e-38 3
0.0773684 0.233178 0.371972 1.33723e-38 3
0.08605 0.240465 0.383596 1.42932e-38 3
0.235599 0.613701 0.978994 1.94576e-38 3
0.251585 0.613701 0.978994 1.39287e-38 3
0.272589 0.625208 0.99735 1.04263e-38 3
0.302091 0.653812 1.04298 1.04278e-38 3
0.319122 0.653812 1.04298 1.21795e-38 3
0.114802 0.223289 0.356196 1.28241e-38 3
0.120619 0.223289 0.356196 1.20841e-38 3
0.126435 0.223289 0.356196 1.07011e-38 3
0.132252 0.223289 0.356196 1.29167e-38 3
0.138068 0.223289 0.356196 1.25483e-38 3
0.143885 0.223289 0.356196 1.11635e-38 3
0.149036 0.222296 0.354613 1.20834e-38 3
0.154827 0.222296 0.354613 1.21755e-38 3
0.164268 0.227348 0.362673 1.96423e-38 3
0.18105 0.233723 0.372841 1.65999e-38 3
0.180394 0.2253 0.359405 1.34681e-38 3
0.185428 0.22429 0.357794 1.12568e-38 3
0.193879 0.227348 0.362673 8.95264e-39 3
0.207341 0.235928 0.376358 9.87496e-39 3
0.210019 0.232096 0.370246 1.23635e-38 3
0.211646 0.227348 0.362673 1.36535e-38 3
0.213207 0.222791 0.355403 1.46684e-38 3
0.215176 0.218891 0.349182 1.31011e-38 3
0.220396 0.218413 0.348419 1.24554e-38 3
0.226085 0.218413 0.348419 1.02423e-38 3
0.232282 0.218891 0.349182 9.8721e-39 3
0.237464 0.218413 0.348419 1.11628e-38 3
0.265549 0.227866 0.363499 1.04242e-38 3
0.323347 0.235372 0.375473 7.65438e-39 3
0.33182 0.237046 0.378142 9.40717e-39 3
0.337995 0.237046 0.378142 1.08834e-38 3
0.344987 0.237609 0.37904 8.94619e-39 3
0.350345 0.237046 0.378142 1.03291e-38 3
0.354838 0.235928 0.376358 1.10663e-38 3
0.360134 0.235372 0.375473 1.06976e-38 3
0.36285 0.233178 0.371972 7.56291e-39 3
0.367212 0.232096 0.370246 8.20792e-39 3
0.369826 0.229962 0.366841 7.6551e-39 3
0.38339 0.227348 0.362673 8.39483e-39 3
0.384075 0.22429 0.357794 3.78433e-39 3
0.389918 0.22429 0.357794 2.30848e-39 3
0.389645 0.220824 0.352265 5.35129e-39 3
0.403412 0.2253 0.359405 4.33713e-39 3
0.412363 0.223788 0.356993 5.72007e-39 3
0.418193 0.223788 0.356993 6.54983e-39 3
0.428819 0.22632 0.361032 8.94691e-39 3
0.434714 0.22632 0.361032 5.53568e-39 3
0.438625 0.2253 0.359405 4.06055e-39 3
0.438567 0.222296 0.354613 3.69069e-39 3
-0.326566 0.241504 0.375473 3.50702e-39 3
-0.320435 0.241504 0.375473 6.54983e-39 3
-0.318804 0.244962 0.38085 6.27324e-39 3
-0.309629 0.242646 0.377248 7.10157e-39 3
-0.303469 0.242646 0.377248 1.31865e-38 3
-0.289098 0.240937 0.374591 5.71899e-39 3
-0.281003 0.239252 0.371972 6.73314e-39 3
-0.28082 0.244379 0.379943 4.88852e-39 3
-0.274616 0.244379 0.379943 3.96548e-39 3
-0.270992 0.246729 0.383596 7.28632e-39 3
-0.251777 0.25919 0.40297 4.33426e-39 3
-0.239158 0.252806 0.393044 3.69104e-39 3
-0.23274 0.252806 0.393044 1.12539e-38 3
-0.21369 0.238696 0.371107 1.05164e-38 3
-0.202911 0.233271 0.362673 7.56505e-39 3
-0.193471 0.229105 0.356196 5.81262e-39 3
-0.187654 0.229105 0.356196 2.0326e-39 3
-0.18103 0.228087 0.354613 5.07648e-39 3
-0.174464 0.227078 0.353044 1.24539e-38 3
-0.167956 0.226077 0.351489 1.03331e-38 3
-0.162216 0.226077 0.351489 2.86452e-39 3
-0.153767 0.222162 0.345403 5.44492e-39 3
-0.145605 0.218381 0.339523 1.17156e-38 3
-0.140061 0.218381 0.339523 1.12575e-38 3
-0.135092 0.219314 0.340974 9.31926e-39 3
-0.134705 0.228087 0.354613 1.19911e-38 3
-0.128914 0.228087 0.354613 1.55868e-38 3
-0.123123 0.228087 0.354613 1.22688e-38 3
-0.118918 0.231169 0.359405 1.19933e-38 3
-0.113561 0.232215 0.361032 1.16249e-38 3
-0.107666 0.232215 0.361032 1.35592e-38 3
-0.10154 0.231691 0.360217 1.48485e-38 3
-0.0956583 0.231691 0.360217 1.24503e-38 3
-0.0889728 0.229618 0.356993 1.13454e-38 3
-0.0820421 0.226576 0.352265 1.17164e-38 3
-0.0764586 0.227078 0.353044 1.4296e-38 3
-0.0724635 0.25343 0.394015 1.18075e-38 3
-0.0658669 0.252806 0.393044 1.00547e-38 3
-0.0590126 0.250951 0.390161 1.21734e-38 3
-0.0522582 0.249124 0.38732 1.11571e-38 3
-0.0458223 0.248521 0.386383 1.93618e-38 3
-0.0386702 0.243221 0.378142 1.56747e-38 3
-0.0315242 0.235952 0.366841 9.86814e-39 3
-0.0267001 0.246729 0.383596 1.28198e-38 3
-0.0212537 0.256598 0.39894 1.38329e-38 3
-0.0151172 0.263177 0.409169 1.30031e-38 3
-0.00874975 0.272976 0.424404 1.4201e-38 3
-0.00178158 0.267289 0.415562 1.18021e-38 3
0.00500431 0.267289 0.415562 9.22278e-39 3
0.0116687 0.264534 0.411278 1.47577e-38 3
0.0182903 0.263177 0.409169 1.16256e-38 3
0.0245934 0.25919 0.40297 8.39657e-39 3
0.0311737 0.25919 0.40297 1.11603e-38 3
0.0373764 0.256598 0.39894 1.31904e-38 3
0.0435641 0.254688 0.39597 1.30071e-38 3
0.0496604 0.252806 0.393044 1.30042e-38 3
0.0630168 0.231169 0.359405 1.37443e-38 3
0.0690412 0.231691 0.360217 1.55889e-38 3
0.0786517 0.243221 0.378142 1.48499e-38 3
0.0844265 0.242073 0.376358 1.44783e-38 3
0.240016 0.641494 0.99735 1.99171e-38 3
0.256302 0.641494 0.99735 1.54942e-38 3
0.274303 0.645529 1.00362 1.29152e-38 3
0.302091 0.670844 1.04298 1.23639e-38 3
0.108986 0.229105 0.356196 1.21809e-38 3
0.114292 0.228087 0.354613 1.35642e-38 3
0.119552 0.227078 0.353044 1.04267e-38 3
0.125317 0.227078 0.353044 1.19018e-38 3
0.129364 0.224103 0.348419 1.15348e-38 3
0.134467 0.223128 0.346904 1.24575e-38 3
0.139525 0.222162 0.345403 1.32851e-38 3
0.14149 0.216538 0.336658 1.36514e-38 3
0.146987 0.216538 0.336658 1.13469e-38 3
0.157126 0.223128 0.346904 1.52176e-38 3
0.16279 0.223128 0.346904 1.88129e-38 3
0.168455 0.223128 0.346904 1.67846e-38 3
0.17681 0.226576 0.352265 1.17156e-38 3
0.182161 0.226077 0.351489 1.4022e-38 3
0.18957 0.228087 0.354613 1.21788e-38 3
0.196233 0.229105 0.356196 9.59729e-39 3
0.20387 0.231169 0.359405 1.12554e-38 3
0.209934 0.225086 0.349947 1.10721e-38 3
0.214239 0.223615 0.34766 1.08891e-38 3
0.219438 0.223128 0.346904 1.23642e-38 3
0.224128 0.222162 0.345403 1.66045e-38 3
0.230767 0.223128 0.346904 1.30078e-38 3
0.23389 0.220729 0.343174 9.13417e-39 3
0.233469 0.215176 0.334541 8.11929e-39 3
0.34014 0.240373 0.373714 7.01044e-39 3
0.347872 0.241504 0.375473 7.01009e-39 3
0.345865 0.235952 0.366841 9.7756e-39 3
0.349445 0.234336 0.364329 9.40646e-39 3
0.353779 0.233271 0.362673 9.59086e-39 3
0.356461 0.231169 0.359405 1.02362e-38 3
0.359095 0.229105 0.356196 1.18046e-38 3
0.357725 0.224593 0.349182 1.2266e-38 3
0.362633 0.224103 0.348419 1.23589e-38 3
0.369128 0.224593 0.349182 1.116e-38 3
0.373197 0.223615 0.34766 1.06068e-38 3
0.376414 0.222162 0.345403 9.13131e-39 3
0.381229 0.221683 0.344657 4.89102e-39 3
0.386857 0.221683 0.344657 5.352e-39 3
0.39851 0.225086 0.349947 4.43005e-39 3
0.398975 0.222162 0.345403 5.62787e-39 3
0.409042 0.224593 0.349182 6.73457e-39 3
0.424022 0.229618 0.356993 7.28775e-39 3
0.431784 0.23065 0.358598 6.1814e-39 3
0.438625 0.231169 0.359405 6.64202e-39 3
0.442501 0.230132 0.357794 6.73422e-39 3
-0.320533 0.24306 0.368536 3.32334e-39 3
-0.318934 0.246475 0.373714 7.28811e-39 3
-0.313566 0.247054 0.374591 5.62859e-39 3
-0.307449 0.247054 0.374591 3.87581e-39 3
-0.300626 0.246475 0.373714 4.61229e-39 3
-0.293836 0.245899 0.372841 7.19197e-39 3
-0.285744 0.244188 0.370246 6.27145e-39 3
-0.287024 0.250583 0.379943 7.6551e-39 3
-0.28082 0.250583 0.379943 5.99486e-39 3
-0.273314 0.249395 0.378142 6.27145e-39 3
-0.267139 0.249395 0.378142 9.7756e-39 3
-0.208585 0.220178 0.333841 3.22935e-39 3
-0.206592 0.223925 0.339523 1.24518e-38 3
-0.202339 0.225364 0.341704 1.29156e-38 3
-0.198889 0.227803 0.345403 1.02412e-38 3
-0.194089 0.228793 0.346904 9.87029e-39 3
-0.188834 0.229292 0.34766 4.43004e-39 3
-0.183157 0.229292 0.34766 3.23114e-39 3
-0.165765 0.228793 0.346904 1.18096e-38 3
-0.159407 0.227803 0.345403 1.03324e-38 3
-0.149874 0.222036 0.336658 6.36795e-39 3
-0.143168 0.220178 0.333841 4.15703e-39 3
-0.137717 0.220178 0.333841 1.32869e-38 3
-0.132265 0.220178 0.333841 1.31003e-38 3
-0.129524 0.224882 0.340974 1.03327e-38 3
-0.127218 0.2308 0.349947 1.54953e-38 3
-0.12177 0.231307 0.350716 1.24536e-38 3
-0.116299 0.231817 0.351489 1.54049e-38 3
-0.111295 0.233359 0.353827 1.56815e-38 3
-0.105752 0.233877 0.354613 1.60485e-38 3
-0.0997393 0.233359 0.353827 1.15284e-38 3
-0.0935467 0.232329 0.352265 9.49935e-39 3
-0.0809697 0.229292 0.34766 1.68793e-38 3
-0.0752926 0.229292 0.34766 1.09763e-38 3
-0.0694642 0.228793 0.346904 1.00522e-38 3
-0.073738 0.264434 0.400945 1.06997e-38 3
-0.0668549 0.263112 0.39894 1.45716e-38 3
-0.0595955 0.259864 0.394015 1.2356e-38 3
-0.0527705 0.257953 0.391118 1.28141e-38 3
-0.0438069 0.243622 0.369389 1.48428e-38 3
-0.037775 0.243622 0.369389 1.41074e-38 3
-0.031237 0.239738 0.363499 1.07912e-38 3
-0.0264458 0.250583 0.379943 1.17135e-38 3
-0.00178158 0.274075 0.415562 7.37672e-39 3
0.00511079 0.279907 0.424404 1.53084e-38 3
0.0117902 0.274075 0.415562 1.97377e-38 3
0.0183846 0.27125 0.411278 1.23642e-38 3
0.0244699 0.264434 0.400945 9.77878e-39 3
0.0488582 0.225847 0.342438 1.54009e-38 3
0.0554011 0.229792 0.348419 1.17135e-38 3
0.0620387 0.233359 0.353827 1.43904e-38 3
0.0681186 0.234398 0.355403 1.68818e-38 3
0.0742529 0.235447 0.356993 1.74335e-38 3
0.0802619 0.235975 0.357794 1.76144e-38 3
0.0872786 0.239193 0.362673 1.78877e-38 3
0.256302 0.65778 0.99735 1.69672e-38 3
0.274303 0.661917 1.00362 1.42042e-38 3
0.10317 0.234922 0.356196 1.1994e-38 3
0.312985 0.674647 1.02292 1.12593e-38 3
0.113285 0.231817 0.351489 1.44883e-38 3
0.118503 0.2308 0.349947 1.39323e-38 3
0.123137 0.228793 0.346904 1.06125e-38 3
0.1266 0.224882 0.340974 1.21816e-38 3
0.129947 0.221103 0.335244 1.41192e-38 3
0.134293 0.21926 0.33245 1.34706e-38 3
0.143358 0.216553 0.328346 1.7247e-38 3
0.149954 0.21835 0.33107 1.26369e-38 3
0.158652 0.222976 0.338085 1.42957e-38 3
0.164172 0.222976 0.338085 1.34656e-38 3
0.176421 0.231817 0.351489 1.16227e-38 3
0.181362 0.2308 0.349947 1.19926e-38 3
0.18915 0.233359 0.353827 1.30078e-38 3
0.194497 0.232843 0.353044 1.19937e-38 3
0.198941 0.231307 0.350716 9.13344e-39 3
0.203772 0.230295 0.349182 1.13461e-38 3
0.208562 0.229292 0.34766 1.19011e-38 3
0.212388 0.227311 0.344657 1.10735e-38 3
0.217078 0.226333 0.343174 1.08902e-38 3
0.223162 0.226821 0.343914 1.3839e-38 3
0.227308 0.225364 0.341704 1.74336e-38 3
0.232592 0.214785 0.325665 5.90517e-39 3
0.23791 0.214785 0.325665 7.93419e-39 3
0.338622 0.232843 0.353044 8.11573e-39 3
0.343626 0.232329 0.352265 1.22656e-38 3
0.34708 0.2308 0.349947 1.54003e-38 3
0.349727 0.228793 0.346904 1.55847e-38 3
0.352328 0.226821 0.343914 1.30961e-38 3
0.355644 0.225364 0.341704 1.16213e-38 3
0.36356 0.226821 0.343914 8.85544e-39 3
0.364463 0.223925 0.339523 7.19556e-39 3
0.370007 0.223925 0.339523 1.04228e-38 3
0.373169 0.222505 0.33737 1.02391e-38 3
0.380286 0.22345 0.338802 8.30406e-39 3
0.384187 0.222505 0.33737 8.94799e-39 3
0.389696 0.222505 0.33737 8.94692e-39 3
0.395205 0.222505 0.33737 8.67033e-39 3
0.415653 0.2308 0.349947 6.55018e-39 3
0.424158 0.232329 0.352265 4.79811e-39 3
0.429911 0.232329 0.352265 6.08885e-39 3
0.434703 0.231817 0.351489 6.36615e-39 3
-0.316152 0.245673 0.363499 9.22422e-39 3
-0.315243 0.249654 0.369389 9.59372e-39 3
-0.311373 0.2514 0.371972 9.13167e-39 3
-0.306012 0.251987 0.372841 7.83878e-39 3
-0.298529 0.250815 0.371107 5.44134e-39 3
-0.285822 0.245115 0.362673 8.39087e-39 3
-0.2799 0.245115 0.362673 8.66746e-39 3
-0.276491 0.247364 0.366 6.73242e-39 3
-0.268055 0.245115 0.362673 3.87436e-39 3
-0.255174 0.238608 0.353044 4.61192e-39 3
-0.249409 0.238608 0.353044 5.6268e-39 3
-0.250289 0.245115 0.362673 6.82642e-39 3
-0.225885 0.226577 0.335244 5.99558e-39 3
-0.219488 0.225629 0.333841 4.15095e-39 3
-0.213145 0.224689 0.33245 3.22971e-39 3
-0.208585 0.225629 0.333841 4.89066e-39 3
-0.203988 0.226577 0.335244 1.14398e-38 3
-0.199351 0.227533 0.336658 1.28234e-38 3
-0.195088 0.228982 0.338802 9.96356e-39 3
-0.191179 0.230944 0.341704 8.39551e-39 3
-0.185998 0.231439 0.342438 2.77087e-39 3
-0.181184 0.232437 0.343914 1.19912e-38 3
-0.176328 0.233443 0.345403 1.32855e-38 3
-0.170687 0.233443 0.345403 1.07976e-38 3
-0.16363 0.231439 0.342438 1.11653e-38 3
-0.154719 0.226577 0.335244 7.10587e-39 3
-0.14862 0.225629 0.333841 8.3513e-40 3
-0.14377 0.226577 0.335244 4.52616e-39 3
-0.138296 0.226577 0.335244 1.32883e-38 3
-0.133382 0.227533 0.336658 8.86113e-39 3
-0.128699 0.228982 0.338802 1.27301e-38 3
-0.122905 0.228497 0.338085 1.26372e-38 3
-0.120973 0.235482 0.348419 8.21292e-39 3
-0.115789 0.236515 0.349947 1.31e-38 3
-0.110559 0.237556 0.351489 2.04746e-38 3
-0.105284 0.238608 0.353044 1.39269e-38 3
-0.0995186 0.238608 0.353044 9.77594e-39 3
-0.0935467 0.238081 0.352265 1.09741e-38 3
-0.0806184 0.233949 0.346152 1.67871e-38 3
-0.0749659 0.233949 0.346152 1.12511e-38 3
-0.0690141 0.232939 0.344657 1.01426e-38 3
-0.0628431 0.230944 0.341704 1.58594e-38 3
-0.0621906 0.250815 0.371107 9.59119e-39 3
-0.0561306 0.250815 0.371107 1.40148e-38 3
-0.0498388 0.249654 0.369389 1.55792e-38 3
-0.0430105 0.245115 0.362673 1.88986e-38 3
-0.0365893 0.241818 0.357794 1.69661e-38 3
-0.0307467 0.241818 0.357794 1.42035e-38 3
-0.0249042 0.241818 0.357794 9.31677e-39 3
-0.0128167 0.234458 0.346904 1.17124e-38 3
-0.00679733 0.222832 0.329702 7.748e-39 3
-0.0013905 0.219209 0.324341 9.49757e-39 3
0.0116687 0.277966 0.411278 1.85392e-38 3
0.0183846 0.277966 0.411278 1.40234e-38 3
0.0374336 0.229959 0.340247 1.27319e-38 3
0.0431737 0.230944 0.341704 1.23624e-38 3
0.0497116 0.235482 0.348419 1.08851e-38 3
0.0558892 0.237556 0.351489 1.34652e-38 3
0.0620387 0.239137 0.353827 1.83548e-38 3
0.0679672 0.239668 0.354613 1.47617e-38 3
0.0740871 0.240738 0.356196 1.78967e-38 3
0.0797257 0.240202 0.355403 1.62346e-38 3
0.0857201 0.240738 0.356196 1.9087e-38 3
0.0969204 0.239668 0.354613 1.5585e-38 3
0.102711 0.239668 0.354613 1.55896e-38 3
0.315005 0.695811 1.02952 1.92803e-38 3
0.112296 0.235482 0.348419 1.51333e-38 3
0.117472 0.234458 0.346904 1.47624e-38 3
0.121032 0.23045 0.340974 1.45776e-38 3
0.124472 0.226577 0.335244 1.43947e-38 3
0.128596 0.224222 0.331759 1.34734e-38 3
0.132635 0.221915 0.328346 1.45769e-38 3
0.136591 0.219655 0.325002 1.84463e-38 3
0.142188 0.220103 0.325665 1.64176e-38 3
0.147807 0.220553 0.326331 1.32833e-38 3
0.154718 0.222832 0.329702 1.02405e-38 3
0.161436 0.224689 0.33245 1.11614e-38 3
0.176033 0.237034 0.350716 1.12547e-38 3
0.180965 0.235997 0.349182 8.95013e-39 3
0.1879 0.237556 0.351489 7.29096e-39 3
0.19364 0.237556 0.351489 1.07944e-38 3
0.202885 0.234969 0.34766 1.09766e-38 3
0.20676 0.232939 0.344657 1.061e-38 3
0.209225 0.229469 0.339523 1.19951e-38 3
0.218916 0.228014 0.33737 9.78204e-39 3
0.223951 0.227533 0.336658 1.27327e-38 3
0.226581 0.224689 0.33245 1.30089e-38 3
0.231647 0.219209 0.324341 1.27284e-38 3
0.236943 0.219209 0.324341 9.50116e-39 3
0.241259 0.218321 0.323028 1.04253e-38 3
0.246036 0.21788 0.322376 1.17164e-38 3
0.253347 0.219655 0.325002 1.10688e-38 3
0.258128 0.219209 0.324341 9.59371e-39 3
0.263961 0.219655 0.325002 8.58027e-39 3
0.301293 0.212304 0.314126 8.7611e-39 3
0.345565 0.235482 0.348419 1.51237e-38 3
0.348213 0.233443 0.345403 1.49396e-38 3
0.35157 0.231937 0.343174 1.42946e-38 3
0.354128 0.229959 0.340247 1.07923e-38 3
0.359684 0.229959 0.340247 8.67104e-39 3
0.361387 0.227533 0.336658 1.02384e-38 3
0.36766 0.228014 0.33737 9.2235e-39 3
0.370817 0.226577 0.335244 7.47322e-39 3
0.377879 0.227533 0.336658 8.48737e-39 3
0.380966 0.226102 0.334541 8.39481e-39 3
0.386429 0.226102 0.334541 8.76324e-39 3
0.391891 0.226102 0.334541 6.45763e-39 3
-0.305299 0.257474 0.371972 3.50559e-39 3
-0.297836 0.256279 0.370246 4.33391e-39 3
-0.280718 0.246555 0.356196 7.46892e-39 3
-0.274902 0.246555 0.356196 8.57526e-39 3
-0.265529 0.243296 0.351489 5.71827e-39 3
-0.25419 0.238053 0.343914 5.71935e-39 3
-0.244361 0.234018 0.338085 6.27217e-39 3
-0.236833 0.232051 0.335244 5.99666e-39 3
-0.231359 0.232051 0.335244 7.74909e-39 3
-0.223073 0.229163 0.33107 1.06064e-38 3
-0.217667 0.229163 0.33107 5.81154e-39 3
-0.209462 0.232051 0.335244 1.01469e-38 3
-0.20271 0.230598 0.333144 8.85829e-39 3
-0.198513 0.232051 0.335244 9.68841e-39 3
-0.194263 0.233523 0.33737 1.17149e-38 3
-0.184415 0.235014 0.339523 5.07577e-39 3
-0.178871 0.235014 0.339523 1.25472e-38 3
-0.172592 0.234018 0.338085 1.01515e-38 3
-0.164287 0.230118 0.33245 1.04281e-38 3
-0.161209 0.233523 0.33737 1.17167e-38 3
-0.126814 0.23108 0.333841 1.12546e-38 3
-0.122387 0.23303 0.336658 1.0426e-38 3
-0.117634 0.234515 0.338802 1.09795e-38 3
-0.113793 0.238053 0.343914 1.32847e-38 3
-1.48713 3.45176 4.98675 1.62314e-38 3
-0.0505408 0.259287 0.374591 1.1801e-38 3
-0.0424318 0.24766 0.357794 7.83552e-39 3
-0.0356306 0.241171 0.348419 8.30261e-39 3
-0.0299411 0.241171 0.348419 1.11632e-38 3
-0.0241462 0.240123 0.346904 1.10692e-38 3
-0.0180116 0.234018 0.338085 7.6558e-39 3
-0.0121812 0.228216 0.329702 9.59299e-39 3
-0.0066868 0.224505 0.324341 7.65723e-39 3
-0.00138487 0.223596 0.323028 2.07458e-38 3
0.00388999 0.223596 0.323028 1.99189e-38 3
0.00927754 0.226345 0.327 1.72485e-38 3
0.0206773 0.234515 0.338802 1.89987e-38 3
0.0263215 0.235515 0.340247 1.57708e-38 3
0.0319457 0.236018 0.340974 1.95519e-38 3
0.0375136 0.236018 0.340974 1.84477e-38 3
0.0430815 0.236018 0.340974 1.30089e-38 3
0.0490688 0.238053 0.343914 9.59476e-39 3
0.0556441 0.242229 0.349947 1.98274e-38 3
0.0617648 0.243833 0.352265 1.78016e-38 3
0.0678165 0.244914 0.353827 1.44858e-38 3
0.0737579 0.245459 0.354613 1.52237e-38 3
0.0791965 0.244373 0.353044 1.78952e-38 3
0.0849615 0.244373 0.353044 1.91802e-38 3
0.0909277 0.244914 0.353827 1.89941e-38 3
0.0967055 0.244914 0.353827 2.09316e-38 3
0.100917 0.241171 0.348419 1.4667e-38 3
0.105683 0.239083 0.345403 1.41166e-38 3
0.111324 0.239083 0.345403 1.49475e-38 3
0.118998 0.232051 0.335244 1.42088e-38 3
0.122668 0.228688 0.330385 1.3288e-38 3
0.126751 0.226345 0.327 1.15359e-38 3
0.131017 0.224505 0.324341 1.37479e-38 3
0.135487 0.223144 0.322376 1.937e-38 3
0.140185 0.222246 0.321078 1.67878e-38 3
0.147205 0.224962 0.325002 1.63269e-38 3
0.152824 0.225421 0.325665 1.51262e-38 3
0.156861 0.223596 0.323028 1.04238e-38 3
0.175647 0.242229 0.349947 1.31911e-38 3
0.179785 0.240123 0.346904 1.3745e-38 3
0.186667 0.241699 0.349182 1.32844e-38 3
0.192369 0.241699 0.349182 1.08862e-38 3
0.197208 0.240646 0.34766 1.29145e-38 3
0.202004 0.239602 0.346152 9.87209e-39 3
0.204989 0.236523 0.341704 1.13483e-38 3
0.212956 0.23303 0.336658 1.19029e-38 3
0.216626 0.23108 0.333841 9.50545e-39 3
0.221152 0.230118 0.33245 1.20873e-38 3
0.224245 0.227745 0.329023 1.26405e-38 3
0.231647 0.224505 0.324341 1.12539e-38 3
0.236943 0.224505 0.324341 1.21763e-38 3
0.238841 0.221356 0.319792 1.16242e-38 3
0.244063 0.221356 0.319792 1.39287e-38 3
0.250289 0.222246 0.321078 1.04235e-38 3
0.254507 0.221356 0.319792 9.40931e-39 3
0.259729 0.221356 0.319792 9.50258e-39 3
0.265483 0.2218 0.320434 7.75159e-39 3
0.279702 0.229163 0.33107 7.84235e-39 3
0.299108 0.219595 0.317248 8.48631e-39 3
0.299524 0.216157 0.312282 7.10265e-39 3
0.348213 0.239083 0.345403 1.28195e-38 3
0.347092 0.234515 0.338802 1.07912e-38 3
0.364688 0.228216 0.329702 8.57957e-39 3
0.371608 0.229163 0.33107 7.56541e-39 3
0.374682 0.227745 0.329023 8.6714e-39 3
0.38084 0.228216 0.329702 1.01462e-38 3
0.383844 0.22681 0.327671 7.65617e-39 3
-0.302479 0.261114 0.368536 3.32083e-39 3
-0.296461 0.261114 0.368536 3.22756e-39 3
-0.277008 0.249036 0.351489 2.67474e-39 3
-0.271268 0.249036 0.351489 6.27037e-39 3
-0.257586 0.241586 0.340974 7.01009e-39 3
-0.245717 0.235546 0.33245 4.79847e-39 3
-0.238303 0.2336 0.329702 5.90446e-39 3
-0.23196 0.232638 0.328346 7.93348e-39 3
-0.226599 0.232638 0.328346 1.05167e-38 3
-0.221237 0.232638 0.328346 5.81405e-39 3
-0.217667 0.234569 0.33107 9.7781e-39 3
-0.21079 0.239032 0.33737 1.17149e-38 3
-0.204417 0.238026 0.335949 4.80203e-39 3
-0.199351 0.238528 0.336658 1.12557e-38 3
-0.194263 0.239032 0.33737 1.35588e-38 3
-0.189556 0.240047 0.338802 7.38137e-39 3
-0.184023 0.240047 0.338802 1.27287e-38 3
-0.178113 0.239539 0.338085 9.5051e-39 3
-0.171142 0.237526 0.335244 1.13501e-38 3
-0.161593 0.231685 0.327 9.78096e-39 3
-0.116398 0.237526 0.335244 1.36546e-38 3
-0.111392 0.238528 0.336658 1.08891e-38 3
-1.47629 3.32536 4.69341 8.85828e-39 3
-0.0286884 0.236532 0.333841 1.19954e-38 3
-0.0232369 0.236532 0.333841 9.32035e-39 3
-0.0176379 0.234569 0.33107 5.99772e-39 3
-0.0120813 0.231685 0.327 7.28953e-39 3
0.0150173 0.238026 0.335949 1.91849e-38 3
0.0263215 0.241071 0.340247 1.83533e-38 3
0.0319457 0.241586 0.340974 1.90909e-38 3
0.0374336 0.241071 0.340247 1.68796e-38 3
0.0430815 0.241586 0.340974 1.27323e-38 3
0.0488582 0.242623 0.342438 1.30985e-38 3
0.0533061 0.237526 0.335244 1.45723e-38 3
0.0590284 0.238528 0.336658 1.96455e-38 3
0.0647993 0.239539 0.338085 1.60531e-38 3
0.07032 0.239539 0.338085 1.19958e-38 3
0.0761634 0.240558 0.339523 1.31e-38 3
0.0817077 0.240558 0.339523 1.51243e-38 3
0.0905262 0.249585 0.352265 1.30943e-38 3
0.0975104 0.238528 0.336658 1.85392e-38 3
0.103008 0.238528 0.336658 1.48535e-38 3
0.108049 0.237526 0.335244 1.39315e-38 3
0.113049 0.236532 0.333841 1.58684e-38 3
0.118006 0.235546 0.33245 1.40241e-38 3
0.122923 0.234569 0.33107 1.21806e-38 3
0.125212 0.228871 0.323028 1.26415e-38 3
0.128664 0.225673 0.318515 9.41503e-39 3
0.133598 0.225223 0.31788 1.25497e-38 3
0.138238 0.22433 0.316619 1.59584e-38 3
0.144556 0.226124 0.319152 1.93689e-38 3
0.15128 0.228408 0.322376 1.7892e-38 3
0.153444 0.223886 0.315992 1.24514e-38 3
0.159552 0.225223 0.31788 1.04249e-38 3
0.183455 0.243145 0.343174 9.87423e-39 3
0.189467 0.243669 0.343914 1.09802e-38 3
0.195504 0.244195 0.344657 1.18089e-38 3
0.200698 0.243669 0.343914 1.31929e-38 3
0.204115 0.241071 0.340247 1.16256e-38 3
0.211617 0.237028 0.334541 1.23639e-38 3
0.213499 0.233118 0.329023 1.18111e-38 3
0.218872 0.233118 0.329023 1.32855e-38 3
0.223324 0.232161 0.327671 1.28245e-38 3
0.227274 0.230739 0.325665 1.30096e-38 3
0.229779 0.227948 0.321726 1.29167e-38 3
0.235507 0.228408 0.322376 1.60496e-38 3
0.236004 0.223886 0.315992 1.60496e-38 3
0.241164 0.223886 0.315992 1.41134e-38 3
0.247303 0.224776 0.317248 1.16224e-38 3
0.252986 0.225223 0.31788 1.08844e-38 3
0.256644 0.223886 0.315992 9.50258e-39 3
0.262844 0.224776 0.317248 8.859e-39 3
0.273462 0.229335 0.323684 7.01474e-39 3
0.281027 0.231211 0.326331 7.10623e-39 3
0.292707 0.219965 0.310459 1.0332e-38 3
0.295477 0.218267 0.308062 8.30263e-39 3
0.333633 0.230739 0.325665 1.12529e-38 3
0.366288 0.231211 0.326331 7.19627e-39 3
0.370103 0.230269 0.325002 8.21006e-39 3
0.37541 0.230269 0.325002 1.12522e-38 3
0.379943 0.229801 0.324341 1.17128e-38 3
-0.294421 0.265294 0.366 2.76766e-39 3
-0.272211 0.250364 0.345403 3.32011e-39 3
-0.260923 0.245059 0.338085 6.73242e-39 3
-0.251146 0.240975 0.33245 5.81154e-39 3
-0.240703 0.236057 0.325665 3.87687e-39 3
-0.234428 0.235098 0.324341 6.08957e-39 3
-0.228204 0.234146 0.323028 9.31856e-39 3
-0.22567 0.237025 0.327 9.22743e-39 3
-0.221237 0.238 0.328346 6.09242e-39 3
-0.217667 0.239975 0.33107 1.00565e-38 3
-0.212261 0.239975 0.33107 1.04253e-38 3
-0.206854 0.239975 0.33107 4.98607e-39 3
-0.201448 0.239975 0.33107 8.67461e-39 3
-0.196859 0.240975 0.33245 1.12557e-38 3
-0.192231 0.241983 0.333841 1.02405e-38 3
-0.187565 0.243 0.335244 8.30333e-39 3
-0.180573 0.240975 0.33245 1.16234e-38 3
-0.17157 0.236057 0.325665 9.78096e-39 3
-0.164906 0.234146 0.323028 1.11639e-38 3
-0.155845 0.228593 0.315368 4.61765e-39 3
-0.11046 0.241983 0.333841 1.32869e-38 3
-0.104789 0.241478 0.333144 1.32837e-38 3
-1.32301 3.402 4.69341 1.3928e-38 3
-0.0282161 0.238 0.328346 1.2827e-38 3
-0.0228544 0.238 0.328346 8.58386e-39 3
0.0207655 0.246627 0.340247 1.87239e-38 3
0.0263777 0.247154 0.340974 1.84459e-38 3
0.0374336 0.246627 0.340247 1.43904e-38 3
0.0425361 0.244025 0.336658 1.47617e-38 3
0.0474331 0.240975 0.33245 1.47588e-38 3
0.0528619 0.240975 0.33245 1.28216e-38 3
0.0582906 0.240975 0.33245 1.44837e-38 3
0.0637193 0.240975 0.33245 1.35631e-38 3
0.069148 0.240975 0.33245 1.31926e-38 3
0.0745767 0.240975 0.33245 1.35588e-38 3
0.0796734 0.239975 0.33107 1.36489e-38 3
0.095892 0.239975 0.33107 1.31929e-38 3
0.10088 0.238983 0.329702 1.56836e-38 3
0.106263 0.238983 0.329702 1.57744e-38 3
0.11028 0.236057 0.325665 1.26408e-38 3
0.115598 0.236057 0.325665 1.39326e-38 3
0.121412 0.237025 0.327 1.87257e-38 3
0.122242 0.228593 0.315368 1.41156e-38 3
0.126146 0.226356 0.312282 1.15359e-38 3
0.131245 0.226356 0.312282 1.38426e-38 3
0.151051 0.225474 0.311064 2.01958e-38 3
0.154581 0.216202 0.298273 1.29174e-38 3
0.159154 0.215798 0.297716 1.301e-38 3
0.217973 0.237511 0.327671 1.1165e-38 3
0.222866 0.237025 0.327 1.58669e-38 3
0.225891 0.234621 0.323684 1.21809e-38 3
0.227941 0.231336 0.319152 1.26419e-38 3
0.240212 0.228142 0.314746 1.91853e-38 3
0.246812 0.2295 0.316619 1.31911e-38 3
0.251983 0.2295 0.316619 9.5937e-39 3
0.256136 0.228593 0.315368 1.20833e-38 3
0.260257 0.227693 0.314126 1.23624e-38 3
0.265387 0.227693 0.314126 1.20866e-38 3
0.275948 0.232265 0.320434 9.87353e-39 3
0.280693 0.215798 0.297716 1.59567e-38 3
0.286624 0.216607 0.298831 1.27291e-38 3
0.290958 0.216202 0.298273 8.11787e-39 3
0.307318 0.224598 0.309856 9.40861e-39 3
0.311772 0.224163 0.309256 7.38067e-39 3
0.321179 0.227246 0.313509 1.01465e-38 3
0.326298 0.227246 0.313509 9.96358e-39 3
0.331418 0.227246 0.313509 1.10703e-38 3
0.337865 0.228142 0.314746 9.40968e-39 3
0.343004 0.228142 0.314746 1.0055e-38 3
0.348144 0.228142 0.314746 9.22457e-39 3
0.35823 0.231336 0.319152 4.06126e-39 3
0.363441 0.231336 0.319152 5.72007e-39 3
0.370133 0.232265 0.320434 5.35164e-39 3
0.374614 0.2318 0.319792 7.84092e-39 3
0.377566 0.230414 0.31788 9.50044e-39 3
0.381995 0.229956 0.317248 6.08921e-39 3
-0.266322 0.245381 0.33107 2.76694e-39 3
-0.260916 0.245381 0.33107 2.58254e-39 3
-0.252369 0.242364 0.327 6.82498e-39 3
-0.244029 0.239421 0.323028 7.93204e-39 3
-0.231263 0.231909 0.312894 8.5792e-39 3
-0.226154 0.231909 0.312894 8.02889e-39 3
-0.220181 0.231003 0.311672 9.96607e-39 3
-0.222929 0.239421 0.323028 8.95227e-39 3
-0.22033 0.242364 0.327 8.02853e-39 3
-0.214991 0.242364 0.327 9.04125e-39 3
-0.209651 0.242364 0.327 7.19733e-39 3
-0.19143 0.246404 0.33245 5.44527e-39 3
-0.186001 0.246404 0.33245 9.50188e-39 3
-0.176888 0.241375 0.325665 1.17164e-38 3
-0.164198 0.231003 0.311672 1.12554e-38 3
-0.157265 0.228328 0.308062 8.58242e-39 3
-0.0226679 0.241375 0.325665 1.21809e-38 3
0.0207213 0.251646 0.339523 1.94615e-38 3
0.0263215 0.252183 0.340247 1.33755e-38 3
0.0318775 0.252183 0.340247 1.7892e-38 3
0.0372746 0.251112 0.338802 1.27305e-38 3
0.0420044 0.246404 0.33245 1.4206e-38 3
0.0468476 0.243362 0.328346 1.48499e-38 3
0.0519953 0.242364 0.327 1.36514e-38 3
0.057335 0.242364 0.327 1.49446e-38 3
0.0621652 0.240394 0.324341 1.3655e-38 3
0.0674615 0.240394 0.324341 1.27294e-38 3
0.0727578 0.240394 0.324341 1.81661e-38 3
0.0783727 0.241375 0.325665 1.77058e-38 3
0.0988375 0.239421 0.323028 1.49468e-38 3
0.103276 0.237498 0.320434 1.49439e-38 3
0.106793 0.233743 0.315368 1.42992e-38 3
0.111943 0.233743 0.315368 1.96502e-38 3
0.117093 0.233743 0.315368 1.9925e-38 3
0.123709 0.236548 0.319152 1.53131e-38 3
0.123251 0.226145 0.305117 1.29192e-38 3
0.127989 0.225713 0.304534 1.49503e-38 3
0.131705 0.22358 0.301656 1.47627e-38 3
0.135606 0.221902 0.299392 1.7525e-38 3
0.139969 0.221072 0.298273 1.49428e-38 3
0.142969 0.218217 0.294421 1.55868e-38 3
0.153434 0.219432 0.296059 1.42074e-38 3
0.158563 0.21984 0.29661 1.13508e-38 3
0.163103 0.219432 0.296059 1.24579e-38 3
0.17695 0.218621 0.294965 1.37483e-38 3
0.177501 0.213491 0.288043 1.27316e-38 3
0.238332 0.231456 0.312282 1.52212e-38 3
0.243431 0.231456 0.312282 1.55889e-38 3
0.249507 0.232365 0.313509 1.0516e-38 3
0.255128 0.232822 0.314126 1.07926e-38 3
0.25672 0.229658 0.309856 1.21777e-38 3
0.261272 0.229213 0.309256 1.25476e-38 3
0.271586 0.233743 0.315368 1.28249e-38 3
0.269629 0.22358 0.301656 1.19029e-38 3
0.27097 0.22066 0.297716 1.35617e-38 3
0.273788 0.219025 0.295511 1.3378e-38 3
0.278098 0.218621 0.294965 1.36543e-38 3
0.282915 0.218621 0.294965 1.22699e-38 3
0.288264 0.219025 0.295511 9.13346e-39 3
0.298058 0.222738 0.30052 6.92005e-39 3
0.307012 0.225713 0.304534 9.13202e-39 3
0.314991 0.227888 0.307468 9.22422e-39 3
0.320629 0.228328 0.308062 8.76503e-39 3
0.32629 0.228769 0.308658 1.01472e-38 3
0.33522 0.231456 0.312282 7.56577e-39 3
0.341657 0.232365 0.313509 9.0409e-39 3
0.346776 0.232365 0.313509 1.06997e-38 3
0.354683 0.234205 0.315992 1.00543e-38 3
0.367917 0.236075 0.318515 8.02424e-39 3
0.372375 0.235605 0.31788 6.45691e-39 3
0.376015 0.231456 0.312282 4.61407e-39 3
0.38037 0.231003 0.311672 8.30154e-39 3
-0.245628 0.236093 0.311672 6.64023e-39 3
-0.240539 0.236093 0.311672 8.66961e-39 3
-0.234533 0.235174 0.310459 8.85507e-39 3
-0.225085 0.230686 0.304534 8.76431e-39 3
-0.218444 0.228939 0.302227 9.04304e-39 3
-0.21111 0.226366 0.298831 9.78275e-39 3
-0.20623 0.226366 0.298831 9.68984e-39 3
-0.199113 0.223851 0.295511 9.22671e-39 3
-0.173025 0.234263 0.309256 1.05171e-38 3
-0.167975 0.234263 0.309256 8.8583e-39 3
-0.161052 0.23157 0.305701 1.0794e-38 3
0.0206335 0.256101 0.338085 1.55893e-38 3
0.0262097 0.256644 0.338802 1.63258e-38 3
0.0317422 0.256644 0.338802 1.5219e-38 3
0.0370387 0.25502 0.336658 1.23617e-38 3
0.0403243 0.241759 0.319152 1.51272e-38 3
0.0453544 0.240796 0.31788 1.34666e-38 3
0.0920716 0.240796 0.31788 1.24582e-38 3
0.0964935 0.238892 0.315368 1.43021e-38 3
0.100846 0.237019 0.312894 1.52205e-38 3
0.114823 0.234263 0.309256 1.53184e-38 3
0.11605 0.226791 0.299392 1.39301e-38 3
0.120939 0.226791 0.299392 1.57769e-38 3
0.125592 0.226366 0.298831 1.80853e-38 3
0.129743 0.225102 0.297162 1.67921e-38 3
0.133848 0.223851 0.295511 1.3561e-38 3
0.137907 0.222614 0.293878 1.93686e-38 3
0.154262 0.218589 0.288564 1.39326e-38 3
0.160132 0.220181 0.290667 1.17203e-38 3
0.167317 0.223437 0.294965 1.31954e-38 3
0.17439 0.226366 0.298831 1.45791e-38 3
0.177277 0.223851 0.295511 1.54081e-38 3
0.177822 0.218589 0.288564 1.7618e-38 3
0.200679 0.240317 0.317248 1.73396e-38 3
0.235566 0.23381 0.308658 1.07969e-38 3
0.239679 0.232909 0.307468 1.04281e-38 3
0.245646 0.23381 0.308658 9.31998e-39 3
0.25166 0.234718 0.309856 1.02401e-38 3
0.254251 0.232461 0.306877 1.1255e-38 3
0.258765 0.232014 0.306288 1.42071e-38 3
0.262256 0.230686 0.304534 1.3839e-38 3
0.262717 0.226791 0.299392 1.33795e-38 3
0.264627 0.224266 0.296059 1.40248e-38 3
0.26797 0.223025 0.294421 1.4761e-38 3
0.270779 0.221391 0.292264 1.36546e-38 3
0.275552 0.221391 0.292264 1.12575e-38 3
0.279301 0.220583 0.291197 9.8739e-39 3
0.28562 0.221797 0.2928 9.04162e-39 3
0.294179 0.224683 0.29661 9.87138e-39 3
0.300139 0.225522 0.297716 7.842e-39 3
0.310209 0.229373 0.302801 8.02567e-39 3
0.318172 0.23157 0.305701 1.05157e-38 3
0.323784 0.232014 0.306288 1.07001e-38 3
0.329418 0.232461 0.306877 1.13458e-38 3
0.33637 0.23381 0.308658 9.31748e-39 3
0.34141 0.23381 0.308658 8.5792e-39 3
0.347122 0.234263 0.309256 9.59336e-39 3
0.357015 0.237484 0.313509 9.40825e-39 3
0.363563 0.238421 0.314746 7.93204e-39 3
0.370163 0.239365 0.315992 9.13058e-39 3
0.372373 0.237484 0.313509 7.47106e-39 3
0.370219 0.232909 0.307468 4.52223e-39 3
0.374518 0.232461 0.306877 5.81297e-39 3
0.377352 0.231127 0.305117 1.19886e-38 3
-0.230629 0.231246 0.298831 1.0883e-38 3
-0.223241 0.228677 0.295511 8.30226e-39 3
-0.217609 0.227833 0.294421 1.00558e-38 3
-0.212802 0.227833 0.294421 9.13631e-39 3
-0.205717 0.225338 0.291197 7.47786e-39 3
-0.200962 0.225338 0.291197 4.98786e-39 3
-0.156845 0.230383 0.297716 1.35606e-38 3
-0.151984 0.230383 0.297716 1.33752e-38 3
0.0151448 0.262177 0.338802 1.50375e-38 3
0.0207213 0.262735 0.339523 1.31e-38 3
0.0262097 0.262177 0.338802 1.2639e-38 3
0.0292003 0.241182 0.311672 1.04256e-38 3
0.0342897 0.241182 0.311672 1.30985e-38 3
0.0395336 0.242128 0.312894 1.5402e-38 3
0.044643 0.242128 0.312894 1.38365e-38 3
0.0497523 0.242128 0.312894 1.11632e-38 3
0.0546474 0.241182 0.311672 1.2178e-38 3
0.0699157 0.241182 0.311672 1.30943e-38 3
0.0750051 0.241182 0.311672 1.59523e-38 3
0.0804086 0.242128 0.312894 1.71527e-38 3
0.086194 0.244042 0.315368 1.17156e-38 3
0.0913438 0.244042 0.315368 1.20894e-38 3
0.0953628 0.241182 0.311672 1.42113e-38 3
0.11307 0.235659 0.304534 1.5689e-38 3
0.115833 0.231246 0.298831 1.35638e-38 3
0.120487 0.230814 0.298273 1.46712e-38 3
0.125124 0.230383 0.297716 1.81772e-38 3
0.129262 0.229101 0.296059 1.81765e-38 3
0.13262 0.226579 0.2928 1.937e-38 3
0.1364 0.224928 0.290667 2.01072e-38 3
0.140125 0.223301 0.288564 1.74339e-38 3
0.144576 0.222898 0.288043 1.94629e-38 3
0.14928 0.222898 0.288043 1.86353e-38 3
0.153706 0.222496 0.287524 1.59624e-38 3
0.158974 0.223301 0.288564 1.65152e-38 3
0.168563 0.229954 0.297162 1.3933e-38 3
0.176706 0.234318 0.302801 1.23664e-38 3
0.180622 0.232991 0.301087 1.46709e-38 3
0.185189 0.232552 0.30052 1.54975e-38 3
0.195623 0.239313 0.309256 1.76151e-38 3
0.198747 0.237016 0.306288 1.36489e-38 3
0.224448 0.232552 0.30052 1.40245e-38 3
0.237392 0.235659 0.304534 1.31039e-38 3
0.24376 0.237016 0.306288 1.01519e-38 3
0.249721 0.237929 0.307468 6.55375e-39 3
0.253892 0.232552 0.30052 1.22695e-38 3
0.259792 0.229101 0.296059 1.52227e-38 3
0.261714 0.226579 0.2928 1.33802e-38 3
0.265036 0.225338 0.291197 1.27341e-38 3
0.2693 0.224928 0.290667 1.28252e-38 3
0.273548 0.224519 0.290138 1.16267e-38 3
0.27778 0.224111 0.289612 9.41398e-39 3
0.283023 0.224519 0.290138 6.1857e-39 3
0.290401 0.226579 0.2928 9.50331e-39 3
0.297915 0.228677 0.295511 1.19908e-38 3
0.30557 0.230814 0.298273 7.4725e-39 3
0.315154 0.234318 0.302801 8.85579e-39 3
0.321931 0.235659 0.304534 1.11607e-38 3
0.328156 0.236562 0.305701 1.18986e-38 3
0.33944 0.237472 0.306877 1.18986e-38 3
0.344452 0.237472 0.306877 1.00543e-38 3
0.365816 0.241654 0.312282 6.64095e-39 3
0.367322 0.239313 0.309256 7.83984e-39 3
0.366687 0.235659 0.304534 1.04228e-38 3
0.373072 0.233432 0.301656 1.03306e-38 3
-0.218388 0.228426 0.289087 7.9342e-39 3
-0.21213 0.226783 0.287007 9.41112e-39 3
-0.208947 0.228426 0.289087 8.49166e-39 3
-0.20203 0.22597 0.285978 8.03175e-39 3
-0.153973 0.230936 0.292264 1.28241e-38 3
-0.150301 0.23264 0.294421 1.19922e-38 3
-0.146033 0.233502 0.295511 7.84343e-39 3
0.0207213 0.268279 0.339523 2.066e-38 3
0.0260989 0.266577 0.33737 1.19951e-38 3
0.0288621 0.243419 0.308062 1.12568e-38 3
0.0338926 0.243419 0.308062 1.49428e-38 3
0.0392259 0.245313 0.310459 1.42049e-38 3
0.0442955 0.245313 0.310459 1.36535e-38 3
0.049558 0.246272 0.311672 1.29177e-38 3
0.0699157 0.246272 0.311672 1.60474e-38 3
0.0750051 0.246272 0.311672 1.24496e-38 3
0.110953 0.236126 0.298831 1.81793e-38 3
0.1154 0.235245 0.297716 1.40262e-38 3
0.120262 0.235245 0.297716 1.81747e-38 3
0.124891 0.234807 0.297162 1.84523e-38 3
0.129022 0.233502 0.295511 1.74393e-38 3
0.132377 0.230936 0.292264 1.75286e-38 3
0.135905 0.228841 0.289612 2.0109e-38 3
0.140125 0.228013 0.288564 1.45776e-38 3
0.144056 0.226783 0.287007 1.66989e-38 3
0.148743 0.226783 0.287007 1.72531e-38 3
0.152606 0.225566 0.285467 1.51333e-38 3
0.158687 0.227601 0.288043 1.26433e-38 3
0.167317 0.23307 0.294965 1.07987e-38 3
0.176038 0.238357 0.301656 9.96858e-39 3
0.180282 0.23746 0.30052 1.26426e-38 3
0.184841 0.237013 0.299955 1.19947e-38 3
0.192636 0.240632 0.304534 1.10685e-38 3
0.196858 0.239717 0.303376 1.18017e-38 3
0.199536 0.237013 0.299955 1.30874e-38 3
0.206231 0.233502 0.295511 1.57647e-38 3
0.206468 0.228426 0.289087 1.84448e-38 3
0.216301 0.228841 0.289612 1.53152e-38 3
0.228924 0.237013 0.299955 1.39326e-38 3
0.232946 0.236126 0.298831 1.08916e-38 3
0.237826 0.236126 0.298831 1.23656e-38 3
0.242252 0.235684 0.298273 1.10731e-38 3
0.248516 0.237013 0.299955 7.65974e-39 3
0.251055 0.234807 0.297162 9.87173e-39 3
0.25308 0.232212 0.293878 1.24543e-38 3
0.254597 0.229257 0.290138 1.31929e-38 3
0.262165 0.227601 0.288043 1.21816e-38 3
0.267836 0.228426 0.289087 1.03359e-38 3
0.272557 0.228426 0.289087 9.59801e-39 3
0.276276 0.227601 0.288043 1.08895e-38 3
0.281488 0.228013 0.288564 1.03356e-38 3
0.2862 0.228013 0.288564 7.38425e-39 3
0.295725 0.231785 0.293338 1.15298e-38 3
0.311022 0.236126 0.298831 6.73457e-39 3
0.31709 0.237013 0.299955 7.84092e-39 3
0.331081 0.23307 0.294965 1.1161e-38 3
0.356881 0.228013 0.288564 9.22563e-39 3
