# .PCD v0.7 - Point Cloud Data file format
VERSION 0.7
FIELDS x y z rgb label
SIZE 4 4 4 4 4
TYPE F F F F U
COUNT 1 1 1 1 1
WIDTH 2493
HEIGHT 1
VIEWPOINT 0 0 0 1 0 0 0
POINTS 2493
DATA ascii
-4.86374 0.501517 5.69914 3.59419e-39 1
-4.95681 0.594581 5.69914 2.39637e-39 1
-4.53949 0.554942 5.3192 3.13321e-39 1
-4.45263 0.554942 5.3192 2.11871e-39 1
-4.36577 0.554942 5.3192 3.68711e-39 1
-4.01148 0.520258 4.98675 3.50272e-39 1
-3.93005 0.520258 4.98675 2.39637e-39 1
-3.84862 0.520258 4.98675 2.2127e-39 1
-3.76719 0.520258 4.98675 2.30489e-39 1
-3.68576 0.520258 4.98675 3.59635e-39 1
-3.60433 0.520258 4.98675 3.13465e-39 1
-3.5229 0.520258 4.98675 3.68783e-39 1
-3.6709 0.554942 5.3192 3.41052e-39 1
-3.58404 0.554942 5.3192 2.94954e-39 1
-3.49718 0.554942 5.3192 2.21233e-39 1
-3.41032 0.554942 5.3192 3.50307e-39 1
-3.2366 0.554942 5.3192 3.22685e-39 1
-3.37472 0.594581 5.69914 2.76658e-39 1
-1.41255 0.554942 5.3192 3.5967e-39 1
-1.3257 0.554942 5.3192 4.51938e-39 1
-1.16141 0.520258 4.98675 4.51938e-39 1
-1.15198 0.554942 5.3192 4.33499e-39 1
-5.04987 0.687645 5.69914 3.22613e-39 1
-4.62635 0.641802 5.3192 1.93539e-39 1
-4.53949 0.641802 5.3192 1.56661e-39 1
-4.45263 0.641802 5.3192 1.93539e-39 1
-4.67762 0.687645 5.69914 3.41089e-39 1
-4.58455 0.687645 5.69914 1.65952e-39 1
-4.19206 0.641802 5.3192 3.41124e-39 1
-4.1052 0.641802 5.3192 3.04246e-39 1
-4.01834 0.641802 5.3192 2.85878e-39 1
-3.93148 0.641802 5.3192 2.95098e-39 1
-3.84462 0.641802 5.3192 3.68782e-39 1
-3.75776 0.641802 5.3192 4.241e-39 1
-3.6709 0.641802 5.3192 2.39637e-39 1
-3.41032 0.641802 5.3192 4.14844e-39 1
-3.59622 0.713113 5.91022 3.22685e-39 1
-3.49971 0.713113 5.91022 2.95098e-39 1
-3.1685 0.663933 5.50262 2.5822e-39 1
-2.88002 0.621098 5.14761 3.41196e-39 1
-2.70859 0.601689 4.98675 3.96513e-39 1
-2.62716 0.601689 4.98675 2.3978e-39 1
-2.54573 0.601689 4.98675 3.68783e-39 1
-2.81634 0.687645 5.69914 3.96441e-39 1
-1.41255 0.641802 5.3192 5.34806e-39 1
-1.3257 0.641802 5.3192 3.50415e-39 1
-1.16141 0.601689 4.98675 4.33499e-39 1
-1.15198 0.641802 5.3192 4.15024e-39 1
-4.71321 0.728661 5.3192 2.30417e-39 1
-4.95681 0.780708 5.69914 3.9637e-39 1
-4.30536 0.780708 5.69914 3.22757e-39 1
-4.2123 0.780708 5.69914 2.39888e-39 1
-4.11923 0.780708 5.69914 3.04281e-39 1
-3.28166 0.780708 5.69914 2.48964e-39 1
-3.07865 0.753787 5.50262 3.41196e-39 1
-2.47262 0.642936 4.69341 4.79597e-39 1
-2.54573 0.68312 4.98675 3.87222e-39 1
-2.4643 0.68312 4.98675 4.42467e-39 1
-2.38287 0.68312 4.98675 3.78146e-39 1
-2.30144 0.68312 4.98675 1.75316e-39 1
-2.22001 0.68312 4.98675 4.88781e-39 1
-2.44409 0.780708 5.69914 3.87258e-39 1
-1.41255 0.728661 5.3192 3.59563e-39 1
-1.3257 0.728661 5.3192 3.96513e-39 1
-1.16141 0.68312 4.98675 4.6105e-39 1
-1.15198 0.728661 5.3192 4.24136e-39 1
6.30389 0.780708 5.69914 3.04174e-39 1
5.59734 0.68312 4.98675 3.22578e-39 1
-4.00006 0.6796 4.43267 2.67296e-39 1
-3.92768 0.6796 4.43267 3.04174e-39 1
-3.37472 0.873772 5.69914 3.22685e-39 1
-3.06288 0.815521 5.3192 4.05661e-39 1
-2.88002 0.789213 5.14761 3.59635e-39 1
-2.54926 0.719577 4.69341 4.6105e-39 1
-2.47262 0.719577 4.69341 4.70269e-39 1
-2.39598 0.719577 4.69341 3.87221e-39 1
-2.31934 0.719577 4.69341 4.1488e-39 1
-2.38287 0.76455 4.98675 4.14952e-39 1
-2.04572 0.6796 4.43267 4.05733e-39 1
-1.86948 0.643832 4.19937 3.13537e-39 1
-1.80091 0.643832 4.19937 3.59707e-39 1
-2.35102 0.873772 5.69914 2.85986e-39 1
-1.32427 0.76455 4.98675 4.97928e-39 1
-1.24284 0.76455 4.98675 5.34807e-39 1
-1.23884 0.815521 5.3192 5.99308e-39 1
5.88363 0.815521 5.3192 2.58076e-39 1
5.59734 0.76455 4.98675 3.59491e-39 1
-3.06288 0.90238 5.3192 4.05661e-39 1
-2.79002 0.845981 4.98675 3.04317e-39 1
-2.70859 0.845981 4.98675 4.33391e-39 1
-2.47262 0.796218 4.69341 2.85806e-39 1
-2.39598 0.796218 4.69341 3.78002e-39 1
-2.31934 0.796218 4.69341 4.24172e-39 1
-2.11811 0.751983 4.43267 3.96513e-39 1
-1.93805 0.712405 4.19937 2.85878e-39 1
-1.69143 0.644557 3.79943 4.33391e-39 1
-1.55533 0.615259 3.62673 3.87366e-39 1
-1.73233 0.712405 4.19937 4.88781e-39 1
-1.32427 0.845981 4.98675 5.80904e-39 1
-1.24284 0.845981 4.98675 5.71685e-39 1
5.97049 0.90238 5.3192 1.75172e-39 1
6.05735 0.90238 5.3192 3.59528e-39 1
6.58309 0.966836 5.69914 3.04174e-39 1
6.67615 0.966836 5.69914 2.76516e-39 1
-3.06288 0.989239 5.3192 2.58076e-39 1
-2.79002 0.927412 4.98675 3.59563e-39 1
-2.62716 0.927412 4.98675 3.87221e-39 1
-2.54573 0.927412 4.98675 3.78002e-39 1
-2.19049 0.824366 4.43267 4.24172e-39 1
-2.00663 0.780978 4.19937 4.05733e-39 1
-1.75348 0.7066 3.79943 3.13537e-39 1
-1.61455 0.674481 3.62673 3.96513e-39 1
-1.31605 0.570715 3.06877 4.70342e-39 1
-1.26594 0.570715 3.06877 3.87366e-39 1
-1.4057 0.927412 4.98675 5.07076e-39 1
-1.24637 0.872858 4.69341 6.08491e-39 1
-1.24284 0.927412 4.98675 5.44026e-39 1
6.67615 1.0599 5.69914 3.59528e-39 1
-1.69143 0.768642 3.79943 3.50415e-39 1
-1.48771 0.701804 3.46904 3.41268e-39 1
-1.43106 0.701804 3.46904 5.1644e-39 1
-1.69958 1.15296 5.69914 5.99343e-39 1
-1.4057 1.00884 4.98675 5.99272e-39 1
-1.32427 1.00884 4.98675 4.97856e-39 1
-1.4057 1.09027 4.98675 5.99271e-39 1
0.477895 0.545137 2.49337 1.10638e-38 1
0.399602 0.158585 0.725345 5.07076e-39 3
0.411447 0.158585 0.725345 5.34735e-39 3
0.478166 0.157157 0.718811 3.87222e-39 3
-0.968069 0.55139 2.34671 3.78147e-39 1
-1.79264 1.33909 5.69914 4.42683e-39 1
-1.69958 1.33909 5.69914 4.79489e-39 1
-1.18375 0.986698 4.19937 5.71613e-39 1
0.538067 0.721049 3.06877 1.08794e-38 1
0.501398 0.614664 2.616 1.10638e-38 1
0.302922 0.16302 0.693809 6.1789e-39 3
0.339866 0.16445 0.699895 7.09978e-39 3
0.391315 0.171993 0.732 6.82248e-39 3
0.399602 0.17043 0.725345 7.65224e-39 3
0.426973 0.176861 0.752717 6.08563e-39 3
0.613653 0.24035 1.02292 6.731e-39 3
0.630356 0.24035 1.02292 6.54661e-39 3
0.630884 0.234341 0.99735 7.19305e-39 3
0.466429 0.168894 0.718811 5.25587e-39 3
0.478166 0.168894 0.718811 6.73064e-39 3
0.677768 0.217991 0.927767 6.731e-39 3
0.816116 0.231448 0.985037 4.15025e-39 3
0.783817 0.217991 0.927767 2.95207e-39 3
0.798967 0.217991 0.927767 3.87366e-39 3
-2.54173 1.33668 5.3192 4.6105e-39 1
-2.30144 1.25313 4.98675 5.34734e-39 1
-1.97334 1.1139 4.43267 5.34806e-39 3
-0.44438 0.260392 1.03621 4.79454e-39 3
-0.427459 0.260392 1.03621 6.08635e-39 3
-0.41594 0.263818 1.04984 5.71649e-39 3
-0.398797 0.263818 1.04984 6.36221e-39 3
-0.376697 0.260392 1.03621 6.45441e-39 3
-0.359776 0.260392 1.03621 7.00758e-39 3
-0.347367 0.263818 1.04984 6.45514e-39 3
-0.330224 0.263818 1.04984 6.27074e-39 3
-0.31308 0.263818 1.04984 5.90124e-39 3
-0.292094 0.260392 1.03621 7.92954e-39 3
-0.268207 0.253799 1.00997 5.62537e-39 3
-0.251714 0.253799 1.00997 5.80976e-39 3
0.499633 0.716077 2.84957 1.04185e-38 1
0.509754 0.668338 2.6596 1.12489e-38 3
0.467479 0.564793 2.24755 1.08802e-38 3
0.418574 0.260392 1.03621 6.27002e-39 3
0.313393 0.187385 0.745682 6.45549e-39 3
0.311036 0.179019 0.712393 6.63988e-39 3
0.314251 0.174349 0.693809 6.45549e-39 3
0.325581 0.174349 0.693809 5.99343e-39 3
0.352224 0.182274 0.725345 7.19198e-39 3
0.404521 0.202527 0.805939 5.71829e-39 3
0.417681 0.202527 0.805939 6.91611e-39 3
0.406222 0.190954 0.759886 5.99343e-39 3
0.430943 0.19657 0.782235 5.99272e-39 3
0.551941 0.244514 0.973024 6.54661e-39 3
0.596949 0.257053 1.02292 6.45513e-39 3
0.598311 0.250627 0.99735 7.00831e-39 3
0.614597 0.250627 0.99735 4.88781e-39 3
0.630884 0.250627 0.99735 6.17783e-39 3
0.609101 0.235884 0.938682 5.71685e-39 3
0.48694 0.183946 0.732 5.80869e-39 3
0.543794 0.200502 0.79788 7.28382e-39 3
0.647468 0.233141 0.927767 6.08563e-39 3
0.655002 0.230462 0.917103 4.42574e-39 3
0.669977 0.230462 0.917103 4.97928e-39 3
0.692918 0.233141 0.927767 4.5183e-39 3
0.810031 0.250627 0.99735 5.44098e-39 3
0.768667 0.233141 0.927767 4.05877e-39 3
0.74075 0.220331 0.876791 4.79706e-39 3
0.755068 0.220331 0.876791 5.4417e-39 3
0.769385 0.220331 0.876791 4.24136e-39 3
0.801314 0.225283 0.896494 4.51759e-39 3
0.844417 0.233141 0.927767 3.96369e-39 3
0.869679 0.235884 0.938682 3.41052e-39 3
0.885007 0.235884 0.938682 4.88637e-39 3
0.879638 0.230462 0.917103 4.79418e-39 3
0.845993 0.217936 0.867261 3.77967e-39 3
0.824315 0.208856 0.831125 3.22685e-39 3
-0.438229 0.245437 0.917103 2.95098e-39 3
-0.423253 0.245437 0.917103 5.07076e-39 3
-0.43852 0.263618 0.985037 6.08491e-39 3
-0.427715 0.266913 0.99735 4.14952e-39 3
-0.416637 0.270292 1.00997 4.33356e-39 3
-0.400145 0.270292 1.00997 7.09978e-39 3
-0.383653 0.270292 1.00997 5.07148e-39 3
-0.362571 0.266913 0.99735 6.5466e-39 3
-0.346285 0.266913 0.99735 5.62465e-39 3
-0.329999 0.266913 0.99735 5.6243e-39 3
-0.313712 0.266913 0.99735 5.6243e-39 3
-0.297426 0.266913 0.99735 5.62538e-39 3
-0.277669 0.263618 0.985037 8.11465e-39 3
-0.258394 0.260403 0.973024 6.45549e-39 3
-0.231226 0.248291 0.927767 6.2711e-39 3
-0.206473 0.237256 0.886533 6.73208e-39 3
0.482405 0.736312 2.75131 1.09724e-38 3
0.456496 0.637404 2.38173 1.05124e-38 3
0.426153 0.508406 1.89971 1.06965e-38 3
0.474106 0.527236 1.97007 1.09724e-38 3
0.569701 0.410635 1.53438 8.85222e-39 3
0.461602 0.318702 1.19087 9.22028e-39 3
0.397904 0.263618 0.985037 8.66818e-39 3
0.313393 0.199561 0.745682 8.66818e-39 3
0.316691 0.194119 0.725345 5.62609e-39 3
0.325576 0.19237 0.718811 6.36401e-39 3
0.34038 0.194119 0.725345 6.1789e-39 3
0.376162 0.207311 0.774641 6.36222e-39 3
0.404521 0.215687 0.805939 5.44098e-39 3
0.417681 0.215687 0.805939 3.59707e-39 3
0.426533 0.21353 0.79788 5.25587e-39 3
0.448533 0.217888 0.814163 3.04317e-39 3
0.538799 0.254203 0.949857 4.51938e-39 3
0.567829 0.260403 0.973024 4.33535e-39 3
0.590925 0.263618 0.985037 5.3495e-39 3
0.614597 0.266913 0.99735 6.82392e-39 3
0.630884 0.266913 0.99735 4.97893e-39 3
0.63918 0.263618 0.985037 4.61122e-39 3
0.624429 0.251212 0.938682 6.54733e-39 3
0.503513 0.197713 0.738778 5.44099e-39 3
0.580023 0.222428 0.831125 5.90196e-39 3
0.593595 0.222428 0.831125 4.88708e-39 3
0.620085 0.22716 0.848808 6.45441e-39 3
0.654845 0.234649 0.876791 6.17782e-39 3
0.676598 0.237256 0.886533 7.00687e-39 3
0.749358 0.257266 0.961301 6.17782e-39 3
0.793745 0.266913 0.99735 5.99308e-39 3
0.810031 0.266913 0.99735 4.79598e-39 3
0.726433 0.234649 0.876791 5.44278e-39 3
0.72482 0.229603 0.857935 4.79813e-39 3
0.73883 0.229603 0.857935 3.59887e-39 3
0.752839 0.229603 0.857935 3.96585e-39 3
0.783703 0.234649 0.876791 3.96478e-39 3
0.806887 0.237256 0.886533 5.16224e-39 3
0.859567 0.248291 0.927767 4.60906e-39 3
0.864662 0.245437 0.917103 4.241e-39 3
0.822887 0.229603 0.857935 3.87186e-39 3
0.810744 0.222428 0.831125 3.96406e-39 3
-0.455598 0.191999 0.676169 4.79454e-39 3
-0.460155 0.198736 0.699895 4.24172e-39 3
-0.456739 0.202285 0.712393 2.9517e-39 3
-0.453199 0.205963 0.725345 2.76911e-39 3
-0.45801 0.213735 0.752717 3.13789e-39 3
-0.445718 0.213735 0.752717 4.98e-39 3
-0.494013 0.243612 0.857935 4.51902e-39 3
-0.472385 0.239745 0.844317 5.25587e-39 3
-0.456184 0.238484 0.839874 5.34734e-39 3
-0.433346 0.233566 0.822557 5.62465e-39 3
-0.417761 0.232369 0.818338 4.70269e-39 3
-0.408588 0.234777 0.826819 4.14952e-39 3
-0.393051 0.233566 0.822557 5.62465e-39 3
-0.395946 0.243612 0.857935 4.60978e-39 3
-0.386088 0.24626 0.867261 5.71613e-39 3
-0.393301 0.260413 0.917103 5.80904e-39 3
-0.391837 0.269714 0.949857 7.1927e-39 3
-0.376327 0.269714 0.949857 5.44098e-39 3
-0.365163 0.272963 0.961301 5.07147e-39 3
-0.349466 0.272963 0.961301 5.44026e-39 3
-0.325915 0.26654 0.938682 5.71613e-39 3
-0.310587 0.26654 0.938682 6.17783e-39 3
-0.295259 0.26654 0.938682 5.34879e-39 3
-0.279931 0.26654 0.938682 6.82392e-39 3
-0.247156 0.248966 0.876791 6.27074e-39 3
-0.223035 0.238484 0.839874 7.10086e-39 3
-0.202913 0.231183 0.814163 7.00866e-39 3
-0.182182 0.222117 0.782235 7.28525e-39 3
0.448528 0.612323 2.15643 1.00522e-38 3
0.421139 0.533081 1.87736 1.06046e-38 3
0.492341 0.580921 2.04585 1.0327e-38 3
0.461602 0.338148 1.19087 9.03589e-39 3
0.325558 0.228848 0.805939 8.85258e-39 3
0.310492 0.209777 0.738778 9.49759e-39 3
0.313838 0.204108 0.718811 8.66855e-39 3
0.325576 0.204108 0.718811 7.37745e-39 3
0.34038 0.205963 0.725345 7.65403e-39 3
0.3621 0.211738 0.745682 7.19305e-39 3
0.404521 0.228848 0.805939 7.37745e-39 3
0.413504 0.226559 0.79788 6.91539e-39 3
0.426533 0.226559 0.79788 8.48236e-39 3
0.439562 0.226559 0.79788 8.66711e-39 3
0.461828 0.231183 0.814163 6.27002e-39 3
0.560988 0.272963 0.961301 7.10157e-39 3
0.590925 0.279703 0.985037 8.57599e-39 3
0.614597 0.283199 0.99735 7.00831e-39 3
0.630884 0.283199 0.99735 6.82392e-39 3
0.609101 0.26654 0.938682 6.54733e-39 3
0.469703 0.200495 0.706088 6.63953e-39 3
0.498893 0.207853 0.732 6.82284e-39 3
0.515576 0.209777 0.738778 8.20613e-39 3
0.553254 0.219961 0.774641 6.91539e-39 3
0.588768 0.228848 0.805939 5.71792e-39 3
0.620739 0.235999 0.831125 4.70305e-39 3
0.654772 0.243612 0.857935 4.33391e-39 3
0.676051 0.24626 0.867261 6.17783e-39 3
0.697798 0.248966 0.876791 5.71757e-39 3
0.704375 0.24626 0.867261 6.73172e-39 3
0.71081 0.243612 0.857935 3.68963e-39 3
0.717109 0.241021 0.848808 5.07472e-39 3
0.723275 0.238484 0.839874 5.25839e-39 3
0.729313 0.235999 0.831125 4.70413e-39 3
0.758691 0.241021 0.848808 5.25659e-39 3
0.79802 0.248966 0.876791 5.62465e-39 3
0.821364 0.251733 0.886533 4.79489e-39 3
0.808878 0.243612 0.857935 4.51903e-39 3
0.797172 0.235999 0.831125 4.33356e-39 3
0.810744 0.235999 0.831125 3.87258e-39 3
-0.455598 0.203041 0.676169 4.24172e-39 3
-0.460155 0.210165 0.699895 3.31976e-39 3
-0.456739 0.213918 0.712393 4.24316e-39 3
-0.457357 0.219806 0.732 3.13789e-39 3
-0.453729 0.223914 0.745682 4.88961e-39 3
-0.445718 0.226027 0.752717 5.99416e-39 3
-0.473642 0.246998 0.822557 4.15024e-39 3
-0.462594 0.248278 0.826819 5.80904e-39 3
-0.446778 0.246998 0.822557 4.6105e-39 3
-0.428924 0.244478 0.814163 6.6388e-39 3
-0.41352 0.243237 0.81003 5.90124e-39 3
-0.404398 0.245732 0.818338 5.34806e-39 3
-0.391035 0.245732 0.818338 7.37637e-39 3
-0.381586 0.248278 0.826819 7.28345e-39 3
-0.370001 0.249571 0.831125 7.19198e-39 3
-0.364013 0.254881 0.848808 6.73208e-39 3
-0.365715 0.266209 0.886533 8.39196e-39 3
-0.351238 0.266209 0.886533 7.46929e-39 3
-0.352425 0.278591 0.927767 7.92954e-39 3
-0.337275 0.278591 0.927767 6.73099e-39 3
-0.318423 0.275389 0.917103 8.48271e-39 3
-0.296628 0.2692 0.896494 7.46856e-39 3
-0.281989 0.2692 0.896494 6.2711e-39 3
-0.258632 0.260422 0.867261 7.93062e-39 3
-0.234283 0.249571 0.831125 7.1005e-39 3
-0.214023 0.242008 0.805939 6.73172e-39 3
-0.194955 0.23489 0.782235 8.2072e-39 3
-0.175307 0.226027 0.752717 9.77453e-39 3
-0.163016 0.226027 0.752717 8.11501e-39 3
-0.197244 0.295788 0.985037 8.02317e-39 3
-0.163082 0.323768 1.07822 9.22028e-39 3
0.237166 0.499142 1.66225 1.06958e-38 3
0.436932 0.684538 2.27966 1.03288e-38 3
0.448528 0.647536 2.15643 1.02366e-38 3
0.497178 0.665523 2.21633 1.04199e-38 3
0.492341 0.614329 2.04585 1.03277e-38 3
0.488195 0.570448 1.89971 1.09731e-38 3
0.442156 0.357594 1.19087 9.31392e-39 3
0.30173 0.233745 0.778419 8.94477e-39 3
0.314441 0.233745 0.778419 7.74623e-39 3
0.311936 0.222873 0.742214 8.11465e-39 3
0.311036 0.213918 0.712393 8.39196e-39 3
0.322669 0.213918 0.712393 7.74659e-39 3
0.337313 0.215845 0.718811 6.91683e-39 3
0.358747 0.221841 0.738778 6.91683e-39 3
0.374276 0.223914 0.745682 7.93098e-39 3
0.386453 0.223914 0.745682 6.63845e-39 3
0.398629 0.223914 0.745682 7.83735e-39 3
0.410806 0.223914 0.745682 7.65295e-39 3
0.422982 0.223914 0.745682 8.20613e-39 3
0.45649 0.23489 0.782235 7.19305e-39 3
0.56982 0.285224 0.949857 8.20721e-39 3
0.60701 0.295788 0.985037 7.65368e-39 3
0.623095 0.295788 0.985037 7.74588e-39 3
0.466429 0.215845 0.718811 7.65368e-39 3
0.478166 0.215845 0.718811 7.2849e-39 3
0.48553 0.213918 0.712393 7.46856e-39 3
0.497163 0.213918 0.712393 6.36222e-39 3
0.51338 0.215845 0.718811 6.45441e-39 3
0.544748 0.223914 0.745682 8.02281e-39 3
0.578553 0.23261 0.774641 7.10157e-39 3
0.627771 0.246998 0.822557 7.46964e-39 3
0.647882 0.249571 0.831125 7.46929e-39 3
0.675528 0.254881 0.848808 7.1927e-39 3
0.682131 0.252198 0.839874 6.91611e-39 3
0.695846 0.252198 0.839874 5.5339e-39 3
0.709561 0.252198 0.839874 5.53497e-39 3
0.715741 0.249571 0.831125 6.36366e-39 3
0.729313 0.249571 0.831125 5.99416e-39 3
0.742885 0.249571 0.831125 6.08635e-39 3
0.79802 0.263284 0.876791 6.36294e-39 3
0.821364 0.266209 0.886533 4.79633e-39 3
0.808878 0.257622 0.857935 4.61194e-39 3
0.814133 0.254881 0.848808 5.80869e-39 3
0.827994 0.254881 0.848808 4.14917e-39 3
3.44062 1.04169 3.46904 5.34771e-39 3
-0.459492 0.215912 0.681949 4.61157e-39 3
-0.460155 0.221594 0.699895 5.44134e-39 3
-0.456739 0.225551 0.712393 5.3495e-39 3
-0.449116 0.227583 0.718811 5.99596e-39 3
-0.445404 0.231759 0.732 6.17927e-39 3
-0.441553 0.236091 0.745682 7.00831e-39 3
-0.429376 0.236091 0.745682 5.53318e-39 3
-0.446404 0.252617 0.79788 5.53318e-39 3
-0.433375 0.252617 0.79788 6.08671e-39 3
-0.420346 0.252617 0.79788 6.5466e-39 3
-0.411431 0.255169 0.805939 7.19197e-39 3
-0.398271 0.255169 0.805939 7.19198e-39 3
-0.38511 0.255169 0.805939 6.91539e-39 3
-0.375745 0.257773 0.814163 6.45441e-39 3
-0.366187 0.26043 0.822557 7.65296e-39 3
-0.349155 0.257773 0.814163 8.94442e-39 3
-0.339323 0.26043 0.822557 7.37781e-39 3
-0.325891 0.26043 0.822557 7.93026e-39 3
-0.315714 0.263143 0.831125 8.76038e-39 3
-0.302142 0.263143 0.831125 8.20612e-39 3
-0.29471 0.268742 0.848808 7.19198e-39 3
-0.277893 0.265913 0.839874 7.93062e-39 3
-0.264179 0.265913 0.839874 7.19377e-39 3
-0.247855 0.263143 0.831125 8.94549e-39 3
-0.224912 0.252617 0.79788 8.48416e-39 3
-0.205712 0.245259 0.774641 9.12952e-39 3
-0.185845 0.236091 0.745682 9.77525e-39 3
-0.173669 0.236091 0.745682 8.6689e-39 3
-0.158529 0.231759 0.732 8.85329e-39 3
-0.150724 0.238318 0.752717 9.49831e-39 3
-0.154719 0.323868 1.02292 7.83734e-39 3
-0.0531342 0.315771 0.99735 9.77453e-39 3
-0.0368481 0.315771 0.99735 9.77453e-39 3
0.451282 0.814894 2.57381 1.06972e-38 3
0.456496 0.754081 2.38173 1.13419e-38 3
0.458934 0.647736 2.04585 1.01433e-38 3
0.492341 0.647736 2.04585 1.19872e-38 3
0.264687 0.236091 0.745682 9.6827e-39 3
0.275576 0.234993 0.742214 9.03733e-39 3
0.291767 0.238318 0.752717 9.49759e-39 3
0.302631 0.237199 0.749183 8.02246e-39 3
0.309061 0.232827 0.735373 8.66855e-39 3
0.318137 0.230701 0.728657 8.48415e-39 3
0.322669 0.225551 0.712393 9.22172e-39 3
0.337313 0.227583 0.718811 8.29976e-39 3
0.352224 0.229652 0.725345 8.02317e-39 3
0.370811 0.233905 0.738778 8.76074e-39 3
0.382875 0.233905 0.738778 9.03661e-39 3
0.394938 0.233905 0.738778 8.57563e-39 3
0.407002 0.233905 0.738778 7.65368e-39 3
0.419066 0.233905 0.738778 7.28525e-39 3
0.427174 0.231759 0.732 7.74515e-39 3
0.435135 0.229652 0.725345 8.11465e-39 3
0.455257 0.233905 0.738778 8.39124e-39 3
0.463034 0.231759 0.732 7.93098e-39 3
0.462264 0.225551 0.712393 6.45514e-39 3
0.484717 0.230701 0.728657 7.1927e-39 3
0.503513 0.233905 0.738778 7.83735e-39 3
0.492763 0.223555 0.706088 7.92954e-39 3
0.508796 0.225551 0.712393 7.65295e-39 3
0.525117 0.227583 0.718811 7.93062e-39 3
0.551768 0.233905 0.738778 7.83914e-39 3
0.591202 0.245259 0.774641 7.65439e-39 3
0.641203 0.26043 0.822557 7.28561e-39 3
0.661454 0.263143 0.831125 7.93098e-39 3
0.675026 0.263143 0.831125 7.00831e-39 3
0.688598 0.263143 0.831125 6.82284e-39 3
0.702169 0.263143 0.831125 6.27146e-39 3
0.715741 0.263143 0.831125 5.16439e-39 3
0.729313 0.263143 0.831125 5.25659e-39 3
0.742885 0.263143 0.831125 5.80976e-39 3
-0.463453 0.229005 0.687827 3.87401e-39 3
-0.456154 0.230997 0.693809 5.99487e-39 3
-0.456739 0.237184 0.712393 4.42863e-39 3
-0.445106 0.237184 0.712393 4.70522e-39 3
-0.433473 0.237184 0.712393 5.25731e-39 3
-0.425641 0.239321 0.718811 7.1927e-39 3
-0.427379 0.247113 0.742214 7.00831e-39 3
-0.421135 0.25061 0.752717 7.37781e-39 3
-0.408844 0.25061 0.752717 6.27146e-39 3
-0.406131 0.256663 0.770898 6.82319e-39 3
-0.391651 0.255429 0.767192 6.27002e-39 3
-0.386557 0.260437 0.782235 4.97928e-39 3
-0.373783 0.260437 0.782235 6.731e-39 3
-0.357505 0.257909 0.774641 6.731e-39 3
-0.325873 0.243712 0.732 6.45514e-39 3
-0.305511 0.237184 0.712393 5.44135e-39 3
-0.293878 0.237184 0.712393 7.1023e-39 3
-0.273692 0.229997 0.690805 6.91683e-39 3
-0.275532 0.241496 0.725345 6.63988e-39 3
-0.268571 0.245969 0.738778 8.94477e-39 3
-0.258904 0.248267 0.745682 6.73208e-39 3
-0.222784 0.224174 0.673316 7.74623e-39 3
-0.253505 0.268329 0.805939 7.65475e-39 3
-0.19995 0.223232 0.670487 6.17962e-39 3
-0.190603 0.225124 0.676169 7.5622e-39 3
-0.179562 0.225124 0.676169 6.73244e-39 3
-0.169238 0.226082 0.679047 9.22207e-39 3
-0.159507 0.228022 0.684875 8.94549e-39 3
-0.157088 0.241496 0.725345 7.93134e-39 3
-0.146576 0.243712 0.732 7.93098e-39 3
-0.134623 0.243712 0.732 9.68233e-39 3
-0.167137 0.332058 0.99735 8.76038e-39 3
-0.163082 0.358981 1.07822 9.77345e-39 3
-0.0597164 0.285641 0.857935 9.40575e-39 3
-0.0447446 0.279627 0.839874 9.40575e-39 3
-0.0310299 0.279627 0.839874 9.22136e-39 3
-0.0171349 0.276715 0.831125 9.77453e-39 3
-0.00360066 0.279627 0.839874 1.005e-38 3
0.436932 0.758989 2.27966 1.11575e-38 3
0.149509 0.239321 0.718811 1.08809e-38 3
0.161247 0.239321 0.718811 1.02355e-38 3
0.172985 0.239321 0.718811 1.06972e-38 3
0.455649 0.590325 1.77307 1.03281e-38 3
0.235924 0.243712 0.732 9.68413e-39 3
0.243411 0.239321 0.718811 9.49974e-39 3
0.261028 0.244835 0.735373 8.85401e-39 3
0.271784 0.243712 0.732 8.94621e-39 3
0.285044 0.244835 0.735373 9.49831e-39 3
0.29569 0.243712 0.732 1.04203e-38 3
0.306238 0.242599 0.728657 1.06047e-38 3
0.315258 0.240404 0.722063 9.59158e-39 3
0.322669 0.237184 0.712393 7.74767e-39 3
0.332816 0.23613 0.709227 8.11645e-39 3
0.352224 0.241496 0.725345 9.1306e-39 3
0.370811 0.245969 0.738778 8.76182e-39 3
0.382875 0.245969 0.738778 8.94477e-39 3
0.394938 0.245969 0.738778 1.0143e-38 3
0.403268 0.243712 0.732 9.221e-39 3
0.415221 0.243712 0.732 9.12881e-39 3
0.415732 0.237184 0.712393 9.31248e-39 3
0.427365 0.237184 0.712393 1.005e-38 3
0.455257 0.245969 0.738778 8.48416e-39 3
0.458824 0.241496 0.725345 7.1945e-39 3
0.456155 0.234049 0.702978 8.48344e-39 3
0.48694 0.243712 0.732 8.20685e-39 3
0.505854 0.247113 0.742214 7.92954e-39 3
0.517974 0.247113 0.742214 7.46856e-39 3
0.504293 0.235085 0.706088 9.95785e-39 3
0.520429 0.237184 0.712393 8.57599e-39 3
0.536855 0.239321 0.718811 7.65583e-39 3
0.563832 0.245969 0.738778 7.65547e-39 3
0.63466 0.271067 0.814163 6.54912e-39 3
0.654635 0.273862 0.822557 8.02425e-39 3
0.675026 0.276715 0.831125 8.20685e-39 3
0.688598 0.276715 0.831125 8.3898e-39 3
0.702169 0.276715 0.831125 5.43991e-39 3
0.715741 0.276715 0.831125 8.76003e-39 3
0.714429 0.271067 0.814163 6.36294e-39 3
0.742885 0.276715 0.831125 7.37709e-39 3
3.44062 1.15498 3.46904 4.14917e-39 3
3.49727 1.15498 3.46904 6.45369e-39 3
-0.459492 0.238184 0.681949 7.00759e-39 3
-0.456154 0.242326 0.693809 6.08707e-39 3
-0.444824 0.242326 0.693809 5.07292e-39 3
-0.437298 0.244452 0.699895 5.99487e-39 3
-0.433473 0.248817 0.712393 4.05985e-39 3
-0.421841 0.248817 0.712393 6.91683e-39 3
-0.419573 0.254498 0.728657 5.90268e-39 3
-0.409545 0.255665 0.732 5.5339e-39 3
-0.397591 0.255665 0.732 8.20757e-39 3
-0.387415 0.256843 0.735373 6.73207e-39 3
-0.370288 0.253341 0.725345 6.91539e-39 3
-0.358444 0.253341 0.725345 7.37637e-39 3
-0.338897 0.247711 0.709227 8.48271e-39 3
-0.331739 0.251059 0.718811 8.20613e-39 3
-0.308871 0.242326 0.693809 7.19198e-39 3
-0.29371 0.239206 0.684875 6.73173e-39 3
-0.283744 0.240237 0.687827 9.58979e-39 3
-0.279747 0.246615 0.706088 6.45549e-39 3
-0.262412 0.241277 0.690805 8.02281e-39 3
-0.253325 0.243384 0.696838 9.77453e-39 3
-0.239851 0.241277 0.690805 9.49794e-39 3
-0.22468 0.23717 0.679047 9.22136e-39 3
-0.211789 0.235169 0.673316 9.68378e-39 3
-0.198284 0.232229 0.6649 6.45693e-39 3
-0.188211 0.233201 0.667682 9.49831e-39 3
-0.178053 0.234181 0.670487 8.20865e-39 3
-0.168521 0.236165 0.676169 9.86744e-39 3
-0.164447 0.246615 0.706088 9.68305e-39 3
-0.154283 0.248817 0.712393 1.1527e-38 3
-0.14265 0.248817 0.712393 9.59086e-39 3
-0.133399 0.253341 0.725345 1.08816e-38 3
-0.122669 0.255665 0.732 1.16184e-38 3
-0.147172 0.339848 0.973024 1.07887e-38 3
-0.0769756 0.262901 0.752717 1.06047e-38 3
-0.0646841 0.262901 0.752717 9.49831e-39 3
-0.0549864 0.275916 0.78998 9.77525e-39 3
-0.0429367 0.28149 0.805939 1.09738e-38 3
-0.0297762 0.28149 0.805939 1.02359e-38 3
-0.0164495 0.278675 0.79788 1.08812e-38 3
-0.00349044 0.284362 0.814163 1.12497e-38 3
0.139024 0.253341 0.725345 1.11582e-38 3
0.149509 0.251059 0.718811 1.10653e-38 3
0.161247 0.251059 0.718811 1.18028e-38 3
0.172985 0.251059 0.718811 1.13437e-38 3
0.183073 0.248817 0.712393 1.2172e-38 3
0.19646 0.251059 0.718811 1.13419e-38 3
0.199224 0.240237 0.687827 1.10653e-38 3
0.214148 0.244452 0.699895 1.15262e-38 3
0.231673 0.251059 0.718811 1.03295e-38 3
0.23805 0.245529 0.702978 1.01451e-38 3
0.256304 0.252195 0.722063 1.04203e-38 3
0.26569 0.249933 0.715587 1.04203e-38 3
0.281157 0.253341 0.725345 1.0789e-38 3
0.285223 0.246615 0.706088 1.08812e-38 3
0.300745 0.249933 0.715587 1.0789e-38 3
0.31243 0.249933 0.715587 1.01448e-38 3
0.317008 0.244452 0.699895 8.39375e-39 3
0.327002 0.243384 0.696838 1.05139e-38 3
0.341363 0.245529 0.702978 9.86817e-39 3
0.374276 0.260444 0.745682 8.76254e-39 3
0.372527 0.251059 0.718811 9.49831e-39 3
0.391315 0.255665 0.732 1.00515e-38 3
0.397794 0.252195 0.722063 8.94442e-39 3
0.409585 0.252195 0.722063 9.12881e-39 3
0.427174 0.255665 0.732 9.22028e-39 3
0.423583 0.246615 0.706088 9.31248e-39 3
0.449021 0.254498 0.728657 8.85294e-39 3
0.444676 0.245529 0.702978 9.03733e-39 3
0.444408 0.239206 0.684875 9.1306e-39 3
0.453645 0.238184 0.681949 9.40611e-39 3
0.477012 0.244452 0.699895 8.48379e-39 3
0.488441 0.244452 0.699895 7.65295e-39 3
0.504293 0.246615 0.706088 7.83735e-39 3
0.515823 0.246615 0.706088 7.83807e-39 3
0.532062 0.248817 0.712393 7.93206e-39 3
0.55358 0.253341 0.725345 8.11717e-39 3
0.603851 0.270558 0.774641 7.93278e-39 3
0.647955 0.284362 0.814163 7.0101e-39 3
0.66125 0.284362 0.814163 7.56148e-39 3
0.667731 0.28149 0.805939 8.38981e-39 3
0.667409 0.275916 0.78998 7.00651e-39 3
0.630378 0.255665 0.732 6.17747e-39 3
0.625125 0.248817 0.712393 7.09943e-39 3
0.636758 0.248817 0.712393 6.45514e-39 3
3.65624 1.2667 3.62673 4.42539e-39 3
5.10875 1.74172 4.98675 6.36222e-39 3
-0.440821 0.245129 0.670487 7.1927e-39 3
-0.429872 0.245129 0.670487 6.54805e-39 3
-0.422474 0.247207 0.676169 6.73244e-39 3
-0.422165 0.253656 0.693809 5.99487e-39 3
-0.421841 0.26045 0.712393 8.11537e-39 3
-0.410208 0.26045 0.712393 8.02318e-39 3
-0.402165 0.262796 0.718811 6.54805e-39 3
-0.392194 0.263985 0.722063 6.82463e-39 3
-0.382133 0.265185 0.725345 8.6671e-39 3
-0.363676 0.26045 0.712393 8.6671e-39 3
-0.345867 0.255881 0.699895 5.71685e-39 3
-0.330094 0.252557 0.690805 1.06032e-38 3
-0.313387 0.248259 0.679047 1.02344e-38 3
-0.302299 0.248259 0.679047 1.04188e-38 3
-0.286337 0.244104 0.667682 9.68198e-39 3
-0.277758 0.246164 0.673316 1.00508e-38 3
-0.267894 0.247207 0.676169 9.59014e-39 3
-0.265865 0.255881 0.699895 7.37744e-39 3
-0.254436 0.255881 0.699895 9.03697e-39 3
-0.233779 0.246164 0.673316 9.40575e-39 3
-0.218181 0.241078 0.659405 7.37745e-39 3
-0.205713 0.239102 0.654 7.5622e-39 3
-0.193448 0.237158 0.648683 9.49938e-39 3
-0.183602 0.238126 0.651331 1.05125e-38 3
-0.173675 0.239102 0.654 9.22207e-39 3
-0.168521 0.247207 0.676169 1.06972e-38 3
-0.158825 0.24932 0.681949 9.86744e-39 3
-0.150258 0.253656 0.693809 1.09738e-38 3
-0.140147 0.255881 0.699895 1.07894e-38 3
-0.131017 0.26045 0.712393 1.11582e-38 3
-0.119384 0.26045 0.712393 1.06965e-38 3
-0.107751 0.26045 0.712393 1.04199e-38 3
-0.0969837 0.262796 0.718811 9.95964e-39 3
-0.0860209 0.265185 0.725345 1.09738e-38 3
-0.0741764 0.265185 0.725345 1.06968e-38 3
-0.0629038 0.267618 0.732 1.06979e-38 3
-0.0514225 0.270096 0.738778 1.11578e-38 3
-0.0401013 0.275192 0.752717 1.06968e-38 3
-0.0283447 0.280485 0.767192 1.12504e-38 3
-0.0158169 0.280485 0.767192 1.06972e-38 3
-0.00342063 0.291704 0.79788 1.04199e-38 3
0.150868 0.265185 0.725345 1.13419e-38 3
0.161247 0.262796 0.718811 1.14341e-38 3
0.17144 0.26045 0.712393 1.12515e-38 3
0.183073 0.26045 0.712393 1.06968e-38 3
0.194706 0.26045 0.712393 1.1895e-38 3
0.195021 0.246164 0.673316 1.18028e-38 3
0.211367 0.252557 0.690805 1.11575e-38 3
0.225577 0.255881 0.699895 1.08816e-38 3
0.241238 0.26045 0.712393 1.08816e-38 3
0.250633 0.258145 0.706088 1.10656e-38 3
0.258729 0.254763 0.696838 1.00508e-38 3
0.273693 0.258145 0.706088 9.31391e-39 3
0.280263 0.253656 0.693809 1.14341e-38 3
0.292866 0.254763 0.696838 1.13419e-38 3
0.304244 0.254763 0.696838 1.06057e-38 3
0.311542 0.251469 0.687827 1.10674e-38 3
0.324171 0.252557 0.690805 1.05139e-38 3
0.33691 0.253656 0.693809 1.02359e-38 3
0.34976 0.254763 0.696838 1.00526e-38 3
0.359569 0.253656 0.693809 1.06047e-38 3
0.391315 0.267618 0.732 9.31392e-39 3
0.399602 0.265185 0.725345 8.94442e-39 3
0.398759 0.257008 0.702978 9.3132e-39 3
0.413885 0.259292 0.709227 9.12809e-39 3
0.419868 0.255881 0.699895 1.0511e-38 3
0.427546 0.253656 0.693809 1.04203e-38 3
0.435092 0.251469 0.687827 1.03281e-38 3
0.446324 0.251469 0.687827 8.94621e-39 3
0.436843 0.240086 0.656691 8.85294e-39 3
0.468788 0.251469 0.687827 7.46964e-39 3
0.484193 0.253656 0.693809 8.6671e-39 3
0.495523 0.253656 0.693809 7.46929e-39 3
0.506852 0.253656 0.693809 8.76002e-39 3
0.527353 0.258145 0.706088 8.66854e-39 3
0.543695 0.26045 0.712393 7.65547e-39 3
0.560331 0.262796 0.718811 7.01082e-39 3
0.599053 0.275192 0.752717 7.83987e-39 3
0.611344 0.275192 0.752717 6.54733e-39 3
0.617807 0.27262 0.745682 8.29797e-39 3
0.618424 0.267618 0.732 7.19162e-39 3
0.597488 0.253656 0.693809 5.5321e-39 3
0.626033 0.251469 0.687827 6.91611e-39 3
-0.407975 0.256078 0.670487 8.2994e-39 3
-0.410836 0.264985 0.693809 7.93062e-39 3
-0.403011 0.267309 0.699895 7.46929e-39 3
-0.398575 0.272083 0.712393 7.00831e-39 3
-0.378493 0.266142 0.696838 5.07255e-39 3
-0.371987 0.269675 0.706088 6.73208e-39 3
-0.357295 0.267309 0.699895 6.91647e-39 3
-0.335564 0.259347 0.679047 8.76002e-39 3
-0.319045 0.255007 0.667682 8.39124e-39 3
-0.305585 0.25289 0.662141 9.31355e-39 3
-0.294773 0.25289 0.662141 1.07883e-38 3
-0.279324 0.248761 0.651331 9.31392e-39 3
-0.272019 0.251845 0.659405 9.5905e-39 3
-0.263429 0.253944 0.6649 1.06965e-38 3
-0.251523 0.25289 0.662141 8.66818e-39 3
-0.254436 0.267309 0.699895 9.40575e-39 3
-0.238817 0.262701 0.687827 1.06043e-38 3
-0.221848 0.256078 0.670487 1.09734e-38 3
-0.201582 0.244765 0.640867 1.01437e-38 3
-0.190353 0.243786 0.638304 1.13422e-38 3
-0.178502 0.241851 0.633238 1.12486e-38 3
-0.168161 0.241851 0.633238 9.03697e-39 3
-0.157821 0.241851 0.633238 1.13419e-38 3
-0.14748 0.241851 0.633238 1.04206e-38 3
-0.147689 0.260455 0.681949 1.04206e-38 3
-0.138928 0.264985 0.693809 1.02373e-38 3
-0.128718 0.267309 0.699895 1.09749e-38 3
-0.118327 0.269675 0.706088 1.11582e-38 3
-0.106797 0.269675 0.706088 1.02362e-38 3
-0.0851003 0.240896 0.630735 1.05128e-38 3
-0.0844848 0.272083 0.712393 1.03284e-38 3
-0.0728519 0.272083 0.712393 1.09745e-38 3
-0.0542017 0.240896 0.630735 1.06979e-38 3
-0.0504875 0.27703 0.725345 1.125e-38 3
-0.0389976 0.279571 0.732 1.06968e-38 3
-0.0265572 0.274534 0.718811 1.08816e-38 3
-0.0148194 0.274534 0.718811 1.1527e-38 3
-0.00310966 0.27703 0.725345 1.13419e-38 3
0.126034 0.274534 0.718811 1.12504e-38 3
0.139024 0.27703 0.725345 1.19879e-38 3
0.150868 0.27703 0.725345 1.18028e-38 3
0.162713 0.27703 0.725345 1.08809e-38 3
0.17144 0.272083 0.712393 1.09749e-38 3
0.183073 0.272083 0.712393 1.23564e-38 3
0.19129 0.267309 0.699895 1.11578e-38 3
0.191784 0.25289 0.662141 1.07894e-38 3
0.212286 0.264985 0.693809 1.11582e-38 3
0.223615 0.264985 0.693809 1.11582e-38 3
0.234945 0.264985 0.693809 1.04206e-38 3
0.2284 0.245752 0.643452 1.06965e-38 3
0.237947 0.244765 0.640867 1.05121e-38 3
0.259893 0.256078 0.670487 1.1527e-38 3
0.257842 0.243786 0.638304 1.07887e-38 3
0.281791 0.256078 0.670487 9.95892e-39 3
0.30031 0.262701 0.687827 1.1066e-38 3
0.303688 0.256078 0.670487 1.02373e-38 3
0.322774 0.262701 0.687827 9.86744e-39 3
0.328345 0.258248 0.676169 1.02359e-38 3
0.357567 0.272083 0.712393 1.02369e-38 3
0.387758 0.27703 0.725345 1.00515e-38 3
0.392466 0.272083 0.712393 9.68198e-39 3
0.404099 0.272083 0.712393 1.07883e-38 3
0.412053 0.269675 0.706088 1.04188e-38 3
0.416217 0.264985 0.693809 9.12809e-39 3
0.420238 0.260455 0.681949 9.49831e-39 3
0.427718 0.258248 0.676169 9.5905e-39 3
0.438759 0.258248 0.676169 1.00526e-38 3
0.442304 0.253944 0.6649 9.5905e-39 3
0.464781 0.260455 0.681949 8.20721e-39 3
0.475917 0.260455 0.681949 9.03588e-39 3
0.487052 0.260455 0.681949 9.77418e-39 3
0.425649 0.217666 0.569914 8.57635e-39 3
0.442681 0.216892 0.567886 8.20865e-39 3
0.451954 0.216892 0.567886 9.03841e-39 3
0.456356 0.214601 0.561887 8.20757e-39 3
0.484952 0.219232 0.574014 7.3771e-39 3
0.496109 0.220024 0.576087 7.1927e-39 3
0.505517 0.220024 0.576087 6.45514e-39 3
0.520562 0.222433 0.582394 6.63953e-39 3
0.53594 0.224895 0.588841 5.34807e-39 3
-0.393718 0.264801 0.6649 8.2994e-39 3
-0.396062 0.273933 0.687827 6.82392e-39 3
-0.391582 0.278738 0.699895 6.45513e-39 3
-0.383517 0.281205 0.706088 7.83842e-39 3
-0.356225 0.26929 0.676169 8.85258e-39 3
-0.354189 0.276315 0.693809 7.56184e-39 3
-0.319261 0.257297 0.646057 8.20685e-39 3
-0.306232 0.25523 0.640867 8.29905e-39 3
-0.301828 0.26046 0.654 7.10086e-39 3
-0.292347 0.261532 0.656691 9.86637e-39 3
-0.279324 0.259397 0.651331 9.95929e-39 3
-0.2709 0.261532 0.656691 1.02359e-38 3
-0.262336 0.263703 0.662141 9.12988e-39 3
-0.248431 0.26046 0.654 1.0605e-38 3
-0.23873 0.261532 0.656691 8.39196e-39 3
-0.232796 0.267027 0.670487 9.5905e-39 3
-0.197614 0.250206 0.628252 1.09734e-38 3
-0.188096 0.251195 0.630735 1.06968e-38 3
-0.17435 0.246327 0.618512 1.17096e-38 3
-0.163616 0.245376 0.616123 1.18018e-38 3
-0.151797 0.242566 0.609069 1.13408e-38 3
-0.141312 0.241644 0.606753 1.24482e-38 3
-0.134997 0.248251 0.623344 1.13426e-38 3
-0.121496 0.241644 0.606753 1.09749e-38 3
-0.112876 0.244432 0.613754 1.13437e-38 3
-0.116269 0.276315 0.693809 1.14348e-38 3
-0.103146 0.271591 0.681949 1.1066e-38 3
-0.0837758 0.247285 0.620918 1.06061e-38 3
-0.0736366 0.247285 0.620918 1.04217e-38 3
-0.0637454 0.248251 0.623344 1.08823e-38 3
-0.0529461 0.245376 0.616123 1.05143e-38 3
-0.0432189 0.247285 0.620918 1.07901e-38 3
-0.03513 0.262613 0.659405 1.08823e-38 3
-0.0247718 0.267027 0.670487 1.12515e-38 3
-0.0138231 0.267027 0.670487 1.18968e-38 3
0.0080404 0.265909 0.667682 1.16202e-38 3
0.0292345 0.26046 0.654 1.14355e-38 3
0.150868 0.288874 0.725345 1.17106e-38 3
0.162713 0.288874 0.725345 1.26326e-38 3
0.17144 0.283716 0.712393 1.16202e-38 3
0.179861 0.278738 0.699895 1.13422e-38 3
0.184806 0.26929 0.676169 1.0789e-38 3
0.195847 0.26929 0.676169 1.18954e-38 3
0.206889 0.26929 0.676169 1.1711e-38 3
0.219793 0.271591 0.681949 1.18032e-38 3
0.230929 0.271591 0.681949 1.15262e-38 3
0.218699 0.245376 0.616123 1.14341e-38 3
0.229647 0.246327 0.618512 1.28159e-38 3
0.24162 0.248251 0.623344 1.3278e-38 3
0.255795 0.252192 0.633238 1.35535e-38 3
0.267196 0.253197 0.635761 1.36457e-38 3
0.280935 0.256259 0.643452 1.07894e-38 3
0.290272 0.25523 0.640867 9.77633e-39 3
0.314637 0.267027 0.670487 1.08816e-38 3
0.400523 0.281205 0.706088 1.00508e-38 3
0.401397 0.273933 0.687827 1.005e-38 3
0.409102 0.271591 0.681949 1.08798e-38 3
0.409732 0.264801 0.6649 1.06047e-38 3
0.417835 0.227786 0.571957 8.94442e-39 3
0.421137 0.224567 0.563873 8.3916e-39 3
0.42883 0.223776 0.561887 9.12916e-39 3
0.436468 0.222991 0.559916 8.02318e-39 3
0.445611 0.222991 0.559916 7.74767e-39 3
0.451585 0.221437 0.556014 6.45585e-39 3
0.475578 0.228606 0.574014 8.29977e-39 3
0.484952 0.228606 0.574014 8.02282e-39 3
0.492553 0.227786 0.571957 7.10087e-39 3
0.503698 0.228606 0.574014 6.17855e-39 3
0.520562 0.231943 0.582394 6.45514e-39 3
0.532013 0.232792 0.584527 7.37637e-39 3
-0.376848 0.287644 0.693809 7.5622e-39 3
-0.365518 0.287644 0.693809 6.91683e-39 3
-0.351135 0.285164 0.687827 7.00903e-39 3
-0.31543 0.264633 0.638304 8.85222e-39 3
-0.305007 0.264633 0.638304 9.6827e-39 3
-0.30307 0.272256 0.656691 8.39124e-39 3
-0.292347 0.272256 0.656691 9.58978e-39 3
-0.278189 0.268935 0.648683 9.68198e-39 3
-0.268688 0.270033 0.651331 8.48523e-39 3
-0.234864 0.267847 0.646057 1.06969e-38 3
-0.20386 0.255437 0.616123 1.08809e-38 3
-0.190852 0.251552 0.606753 1.07887e-38 3
-0.183738 0.255437 0.616123 1.06954e-38 3
-0.172346 0.253479 0.611402 1.18929e-38 3
-0.162363 0.253479 0.611402 1.52123e-38 3
-0.139718 0.248715 0.59991 1.18957e-38 3
-0.132411 0.253479 0.611402 9.8678e-39 3
-0.120579 0.249653 0.602174 1.19894e-38 3
-0.111588 0.251552 0.606753 1.12515e-38 3
-0.113313 0.280331 0.676169 1.24489e-38 3
-0.102272 0.280331 0.676169 1.20801e-38 3
-0.0824919 0.253479 0.611402 1.15288e-38 3
-0.0722313 0.252512 0.609069 1.14366e-38 3
-0.0622856 0.252512 0.609069 1.04221e-38 3
-0.0525404 0.253479 0.611402 1.16199e-38 3
-0.0427202 0.254454 0.613754 1.06047e-38 3
-0.0344189 0.267847 0.646057 1.18965e-38 3
-0.0244634 0.274515 0.662141 1.07905e-38 3
-0.0134282 0.270033 0.651331 1.1527e-38 3
-0.00281533 0.272256 0.656691 1.1895e-38 3
0.00781161 0.268935 0.648683 1.17121e-38 3
0.0184042 0.268935 0.648683 1.06986e-38 3
0.0289968 0.268935 0.648683 1.16199e-38 3
0.0399139 0.27114 0.654 1.18046e-38 3
0.162723 0.280331 0.676169 1.14348e-38 3
0.173764 0.280331 0.676169 1.09749e-38 3
0.208247 0.243228 0.586676 1.06965e-38 3
0.225281 0.251552 0.606753 1.10653e-38 3
0.235189 0.251552 0.606753 1.16177e-38 3
0.246975 0.253479 0.611402 1.29085e-38 3
0.26404 0.260465 0.628252 1.46598e-38 3
0.276476 0.262532 0.633238 1.26326e-38 3
0.285683 0.261495 0.630735 1.08816e-38 3
0.41672 0.231322 0.557958 9.5905e-39 3
0.417081 0.226569 0.546493 7.10122e-39 3
0.426005 0.226569 0.546493 8.57635e-39 3
0.434929 0.226569 0.546493 8.94514e-39 3
0.443853 0.226569 0.546493 9.03733e-39 3
0.472181 0.236279 0.569914 6.27254e-39 3
0.483213 0.237126 0.571957 8.39304e-39 3
0.514924 0.238838 0.576087 6.27074e-39 3
-0.317725 0.244711 0.567886 8.02246e-39 3
-0.309553 0.245585 0.569914 8.85294e-39 3
-0.305706 0.250051 0.580276 6.73352e-39 3
-0.295157 0.249145 0.578174 9.6827e-39 3
-0.296457 0.258511 0.59991 8.85222e-39 3
-0.301391 0.271794 0.630735 8.76074e-39 3
-0.29696 0.277274 0.643452 9.12953e-39 3
-0.28996 0.280669 0.651331 1.06039e-38 3
-0.18319 0.250963 0.582394 1.13419e-38 3
-0.176908 0.255628 0.593219 1.0511e-38 3
-0.169745 0.259486 0.602174 1.19854e-38 3
-0.160518 0.260469 0.604454 1.37371e-38 3
-0.148399 0.256582 0.595433 1.14341e-38 3
-0.137648 0.254681 0.591022 1.05128e-38 3
-0.128953 0.256582 0.595433 1.17114e-38 3
-0.118346 0.254681 0.591022 1.18046e-38 3
-0.109506 0.256582 0.595433 1.13437e-38 3
-0.098316 0.252808 0.586676 9.59158e-39 3
-0.0719566 0.26146 0.606753 1.17132e-38 3
-0.0620487 0.26146 0.606753 1.1528e-38 3
-0.0523398 0.262458 0.609069 1.06979e-38 3
-0.0425565 0.263463 0.611402 1.23564e-38 3
-0.0237729 0.277274 0.643452 1.1528e-38 3
0.0271225 0.26146 0.606753 1.15277e-38 3
0.0366128 0.258511 0.59991 1.11593e-38 3
0.0935768 0.22998 0.533699 1.27269e-38 3
0.101951 0.229213 0.53192 1.30032e-38 3
0.225281 0.26146 0.606753 1.2633e-38 3
0.236086 0.262458 0.609069 1.25404e-38 3
0.246032 0.262458 0.609069 1.25393e-38 3
0.258943 0.265498 0.616123 1.25393e-38 3
0.413826 0.238764 0.554083 8.94477e-39 3
0.423107 0.233891 0.542775 8.48344e-39 3
0.43197 0.233891 0.542775 9.221e-39 3
0.442338 0.234689 0.544628 8.48416e-39 3
0.468832 0.243844 0.565872 8.02318e-39 3
0.478073 0.243844 0.565872 7.65548e-39 3
0.438873 0.211581 0.491003 7.46929e-39 3
-0.309553 0.254892 0.569914 8.76182e-39 3
-0.301323 0.255805 0.571957 8.30085e-39 3
-0.284684 0.257652 0.576087 1.0143e-38 3
-0.179264 0.254892 0.569914 1.08809e-38 3
-0.171181 0.256726 0.574014 1.10635e-38 3
-0.163572 0.259526 0.580276 1.20794e-38 3
-0.156951 0.264332 0.591022 1.12497e-38 3
-0.144097 0.258586 0.578174 1.20798e-38 3
-0.133687 0.256726 0.574014 1.19876e-38 3
-0.124763 0.257652 0.576087 1.14358e-38 3
-0.11412 0.254892 0.569914 1.0238e-38 3
-0.104813 0.254892 0.569914 1.07908e-38 3
-0.0958493 0.255805 0.571957 1.16199e-38 3
-0.0714136 0.26932 0.602174 1.18046e-38 3
-0.0615804 0.26932 0.602174 1.22656e-38 3
-0.0519433 0.27034 0.604454 1.15266e-38 3
-0.0113445 0.246102 0.550262 1.24489e-38 3
0.0358052 0.262389 0.586676 1.18968e-38 3
0.0938909 0.239496 0.53549 1.1805e-38 3
0.101951 0.237899 0.53192 1.1989e-38 3
0.109904 0.236323 0.528397 1.28173e-38 3
0.118926 0.237109 0.530153 1.2817e-38 3
0.188283 0.248675 0.556014 1.13437e-38 3
0.198748 0.25042 0.559916 1.22653e-38 3
0.224601 0.248675 0.556014 1.06965e-38 3
0.33987 0.240302 0.537293 9.22172e-39 3
0.34401 0.237109 0.530153 9.03841e-39 3
0.412839 0.241931 0.540936 9.22136e-39 3
0.420248 0.241114 0.539108 9.86565e-39 3
0.424746 0.238695 0.533699 7.37709e-39 3
0.437855 0.241114 0.539108 8.57563e-39 3
0.440702 0.237899 0.53192 9.5905e-39 3
0.430791 0.223729 0.500238 9.12953e-39 3
0.433524 0.220959 0.494043 8.76182e-39 3
0.440228 0.220277 0.492518 9.1306e-39 3
0.452127 0.218256 0.488 8.02281e-39 3
-0.292464 0.222818 0.480651 6.45693e-39 3
-0.278738 0.218217 0.470726 9.31355e-39 3
-0.302407 0.266099 0.574014 7.37889e-39 3
-0.282644 0.265145 0.571957 9.03661e-39 3
-0.280337 0.271969 0.586676 9.40611e-39 3
-0.270757 0.271969 0.586676 1.09745e-38 3
-0.182698 0.25597 0.552166 1.18046e-38 3
-0.176739 0.260477 0.561887 1.15252e-38 3
-0.169958 0.264198 0.569914 1.08791e-38 3
-0.161807 0.266099 0.574014 1.02355e-38 3
-0.153539 0.268027 0.578174 1.15277e-38 3
-0.141533 0.263258 0.567886 1.125e-38 3
-0.131325 0.261397 0.563873 1.1711e-38 3
-0.121688 0.260477 0.561887 1.14355e-38 3
-0.109056 0.252476 0.544628 1.20816e-38 3
-0.100851 0.254211 0.548371 1.23582e-38 3
-0.0931775 0.257754 0.556014 1.19894e-38 3
-0.0843922 0.258655 0.557958 1.31876e-38 3
-0.0683199 0.267059 0.576087 1.245e-38 3
-0.0591261 0.268027 0.578174 1.29099e-38 3
-0.0211315 0.265145 0.571957 1.22656e-38 3
-0.0115435 0.259563 0.559916 1.18036e-38 3
0.0935768 0.24741 0.533699 1.24511e-38 3
0.101951 0.246585 0.53192 1.22653e-38 3
0.110269 0.245766 0.530153 1.33705e-38 3
0.119722 0.24741 0.533699 1.27248e-38 3
0.128868 0.24824 0.53549 1.25411e-38 3
0.137152 0.24741 0.533699 1.20819e-38 3
0.144418 0.244952 0.528397 1.30961e-38 3
0.174344 0.250764 0.540936 1.18046e-38 3
0.1838 0.251617 0.542775 1.14362e-38 3
0.195321 0.255088 0.550262 1.06986e-38 3
0.200844 0.250764 0.540936 1.09752e-38 3
0.211831 0.253341 0.546493 1.10667e-38 3
0.219253 0.251617 0.542775 1.16188e-38 3
0.225812 0.249076 0.537293 1.11578e-38 3
0.233017 0.24741 0.533699 1.05135e-38 3
0.236976 0.242543 0.5232 1.12511e-38 3
0.329874 0.24175 0.52149 8.76075e-39 3
0.350678 0.227617 0.491003 8.20613e-39 3
0.413267 0.245766 0.530153 8.8515e-39 3
0.412335 0.24018 0.518104 9.77345e-39 3
0.432017 0.246585 0.53192 9.68234e-39 3
0.434904 0.24334 0.524921 9.95892e-39 3
0.429352 0.235591 0.508204 1.04203e-38 3
0.428107 0.230453 0.497121 9.77598e-39 3
0.434859 0.225535 0.486512 9.22352e-39 3
0.44552 0.226919 0.489497 8.76109e-39 3
0.448016 0.224168 0.483564 7.74623e-39 3
0.476112 0.2341 0.504987 7.46964e-39 3
0.489 0.236343 0.509827 8.2994e-39 3
-0.30122 0.231363 0.482103 6.0867e-39 3
-0.291586 0.229974 0.479207 7.93062e-39 3
-0.278738 0.225903 0.470726 6.1789e-39 3
-0.270254 0.225239 0.469341 8.48451e-39 3
-0.267308 0.229285 0.477772 7.28669e-39 3
-0.276693 0.268706 0.559916 7.93098e-39 3
-0.202733 0.256125 0.533699 1.04213e-38 3
-0.196649 0.259597 0.540936 1.03291e-38 3
-0.187815 0.259597 0.540936 8.85401e-39 3
-0.178378 0.25872 0.539108 1.22642e-38 3
-0.170728 0.26048 0.542775 1.0789e-38 3
-0.166392 0.267767 0.557958 1.02355e-38 3
-0.157833 0.268706 0.559916 1.15266e-38 3
-0.142203 0.256984 0.53549 1.17114e-38 3
-0.133013 0.256125 0.533699 1.23564e-38 3
-0.124715 0.256984 0.53549 1.18032e-38 3
-0.115971 0.256984 0.53549 1.22656e-38 3
-0.106158 0.254423 0.530153 1.36489e-38 3
-0.0978258 0.255271 0.53192 1.38329e-38 3
-0.0894379 0.256125 0.533699 1.37404e-38 3
-0.0801866 0.254423 0.530153 1.20801e-38 3
-0.0722496 0.256984 0.53549 1.1989e-38 3
-0.0639345 0.25872 0.539108 1.22656e-38 3
-0.0558864 0.262265 0.546493 1.24489e-38 3
-0.0479477 0.267767 0.557958 1.27252e-38 3
-0.0392482 0.270605 0.563873 1.27262e-38 3
-0.0301471 0.271565 0.565872 1.15277e-38 3
-0.0212075 0.275472 0.574014 1.16199e-38 3
-0.0117497 0.273504 0.569914 1.28184e-38 3
0.0674319 0.256125 0.533699 1.34645e-38 3
0.0761469 0.256125 0.533699 1.33709e-38 3
0.0848619 0.256125 0.533699 1.2633e-38 3
0.0932649 0.255271 0.53192 1.2634e-38 3
0.101276 0.25358 0.528397 1.23582e-38 3
0.109541 0.252743 0.526653 1.19887e-38 3
0.119323 0.255271 0.53192 1.2172e-38 3
0.128009 0.255271 0.53192 1.29106e-38 3
0.136695 0.255271 0.53192 1.30032e-38 3
0.142066 0.24945 0.519791 1.27266e-38 3
0.149579 0.247836 0.516427 1.37407e-38 3
0.17317 0.257849 0.537293 1.25422e-38 3
0.181333 0.256984 0.53549 1.23589e-38 3
0.198157 0.256125 0.533699 1.24511e-38 3
0.206182 0.255271 0.53192 1.17121e-38 3
0.209969 0.24945 0.519791 1.18046e-38 3
0.221181 0.243115 0.50659 1.20809e-38 3
0.252908 0.234193 0.488 1.15284e-38 3
0.26967 0.234912 0.489497 1.18954e-38 3
0.28645 0.242346 0.504987 1.26315e-38 3
0.296573 0.243889 0.508204 1.04199e-38 3
0.307813 0.246242 0.513106 1.01433e-38 3
0.320311 0.24945 0.519791 1.13415e-38 3
0.326671 0.247836 0.516427 1.0789e-38 3
0.332949 0.246242 0.513106 1.02359e-38 3
0.336993 0.243115 0.50659 1.09727e-38 3
0.335675 0.236362 0.492518 1.14337e-38 3
0.344321 0.231363 0.482103 1.03266e-38 3
0.343882 0.225903 0.470726 9.7731e-39 3
0.345455 0.221975 0.462539 1.07869e-38 3
0.388729 0.239316 0.498675 1.03266e-38 3
0.395636 0.238571 0.497121 9.77453e-39 3
0.414073 0.244669 0.509827 9.86709e-39 3
0.421053 0.243889 0.508204 9.77345e-39 3
0.422622 0.240067 0.500238 9.49687e-39 3
0.425617 0.23277 0.485033 8.48416e-39 3
0.433538 0.23277 0.485033 9.315e-39 3
0.442804 0.233479 0.486512 1.01437e-38 3
0.445318 0.230666 0.480651 1.00518e-38 3
0.47461 0.241581 0.503394 8.85257e-39 3
0.487443 0.243889 0.508204 8.48379e-39 3
0.494168 0.243115 0.50659 9.86673e-39 3
-0.296738 0.235676 0.474928 9.95892e-39 3
-0.287272 0.234281 0.472118 9.86673e-39 3
-0.277103 0.23222 0.467965 8.94513e-39 3
-0.267891 0.230866 0.465236 1.06968e-38 3
-0.26182 0.23222 0.467965 1.08812e-38 3
-0.254926 0.232903 0.469341 1.09745e-38 3
-0.268223 0.269344 0.542775 8.66855e-39 3
-0.216542 0.260484 0.524921 1.12504e-38 3
-0.198745 0.25963 0.5232 1.00526e-38 3
-0.194018 0.26484 0.533699 1.05135e-38 3
-0.185925 0.265728 0.53549 9.86817e-39 3
-0.175999 0.263957 0.53192 1.00515e-38 3
-0.168436 0.265728 0.53549 9.95928e-39 3
-0.16023 0.266623 0.537293 1.06047e-38 3
-0.148457 0.261343 0.526653 1.14344e-38 3
-0.138486 0.258781 0.52149 1.16188e-38 3
-0.128708 0.256269 0.516427 1.19869e-38 3
-0.121853 0.25963 0.5232 1.18025e-38 3
-0.113682 0.260484 0.524921 1.25422e-38 3
-0.10511 0.260484 0.524921 1.41095e-38 3
-0.0971779 0.262209 0.528397 1.42928e-38 3
-0.0891398 0.263957 0.53192 1.36475e-38 3
-0.0804539 0.263957 0.53192 1.36475e-38 3
-0.072008 0.26484 0.533699 1.33709e-38 3
-0.063293 0.26484 0.533699 1.29099e-38 3
-0.054578 0.26484 0.533699 1.125e-38 3
-0.00990936 0.238515 0.480651 1.27262e-38 3
-0.00201213 0.232903 0.469341 1.22642e-38 3
0.0501697 0.265728 0.53549 1.21738e-38 3
0.0573737 0.258781 0.52149 1.22667e-38 3
0.0658893 0.258781 0.52149 1.29113e-38 3
0.0746489 0.25963 0.5232 1.2633e-38 3
0.0826505 0.257938 0.519791 1.2633e-38 3
0.091736 0.25963 0.5232 1.18965e-38 3
0.0999518 0.258781 0.52149 1.27277e-38 3
0.108467 0.258781 0.52149 1.18965e-38 3
0.117753 0.260484 0.524921 1.25408e-38 3
0.126324 0.260484 0.524921 1.36482e-38 3
0.134014 0.258781 0.52149 1.36485e-38 3
0.140238 0.254621 0.513106 1.37407e-38 3
0.147668 0.252994 0.509827 1.3095e-38 3
0.163275 0.251387 0.50659 1.2634e-38 3
0.171004 0.250592 0.504987 1.25426e-38 3
0.17701 0.247459 0.498675 1.19901e-38 3
0.185153 0.247459 0.498675 1.29121e-38 3
0.211769 0.24069 0.485033 1.20809e-38 3
0.221711 0.242905 0.489497 1.29106e-38 3
0.230411 0.243652 0.491003 1.3095e-38 3
0.239905 0.245161 0.494043 1.27262e-38 3
0.246447 0.243652 0.491003 1.25422e-38 3
0.253684 0.242905 0.489497 1.40177e-38 3
0.260877 0.242162 0.488 1.39255e-38 3
0.268026 0.241424 0.486512 1.19876e-38 3
0.280242 0.245161 0.494043 1.05121e-38 3
0.290106 0.246689 0.497121 1.15262e-38 3
0.302942 0.250592 0.504987 1.12497e-38 3
0.312176 0.251387 0.50659 1.08812e-38 3
0.322496 0.252994 0.509827 1.1711e-38 3
0.329768 0.252188 0.508204 1.09727e-38 3
0.332768 0.248235 0.500238 1.16181e-38 3
0.338494 0.24069 0.485033 1.23564e-38 3
0.34021 0.236379 0.476346 1.3001e-38 3
0.345923 0.234976 0.473519 1.28156e-38 3
0.346459 0.230195 0.463884 1.08794e-38 3
0.353008 0.229528 0.462539 1.03259e-38 3
0.359518 0.228864 0.461202 1.0511e-38 3
0.36494 0.227549 0.458552 1.01433e-38 3
0.3703 0.226249 0.455931 9.95928e-39 3
0.405554 0.242905 0.489497 1.00511e-38 3
0.41482 0.243652 0.491003 9.86565e-39 3
0.417697 0.24069 0.485033 9.95857e-39 3
0.425617 0.24069 0.485033 1.02359e-38 3
0.430918 0.239236 0.482103 8.66963e-39 3
0.442804 0.241424 0.486512 8.29976e-39 3
0.445318 0.238515 0.480651 8.02317e-39 3
0.490567 0.253805 0.511461 6.91646e-39 3
0.498919 0.253805 0.511461 9.03697e-39 3
0.515533 0.257938 0.519791 8.20685e-39 3
-0.301798 0.241277 0.470726 1.06965e-38 3
-0.293247 0.240567 0.469341 9.59086e-39 3
-0.285583 0.240567 0.469341 7.65439e-39 3
-0.276293 0.23916 0.466596 9.49938e-39 3
-0.266338 0.237081 0.462539 8.66854e-39 3
-0.260294 0.238463 0.465236 9.31391e-39 3
-0.254179 0.239862 0.467965 1.1711e-38 3
-0.244387 0.23777 0.463884 1.03273e-38 3
-0.238895 0.239862 0.467965 9.95929e-39 3
-0.178153 0.262999 0.513106 1.08823e-38 3
-0.170322 0.263848 0.514761 1.02359e-38 3
-0.161916 0.263848 0.514761 1.11578e-38 3
-0.152526 0.262156 0.511461 1.18032e-38 3
-0.143714 0.261319 0.509827 1.19876e-38 3
-0.136699 0.263848 0.514761 1.29092e-38 3
-0.127881 0.262999 0.513106 1.25393e-38 3
-0.120666 0.265561 0.518104 1.22627e-38 3
-0.113309 0.268173 0.5232 1.21723e-38 3
-0.105457 0.269943 0.526653 1.35546e-38 3
-0.0978258 0.272643 0.53192 1.35546e-38 3
-0.0897381 0.274473 0.53549 1.24486e-38 3
-0.0809938 0.274473 0.53549 1.16188e-38 3
-0.072008 0.273555 0.533699 1.25408e-38 3
-0.0628724 0.271737 0.530153 1.23564e-38 3
-0.0533295 0.267297 0.52149 1.28184e-38 3
-0.00973345 0.241991 0.472118 1.09745e-38 3
-0.00200037 0.23916 0.466596 1.19879e-38 3
0.0566334 0.263848 0.514761 1.30957e-38 3
0.0646222 0.262156 0.511461 1.27269e-38 3
0.0734449 0.263848 0.514761 1.30017e-38 3
0.0818506 0.263848 0.514761 1.30017e-38 3
0.0908425 0.265561 0.518104 1.28184e-38 3
0.0993028 0.265561 0.518104 1.36496e-38 3
0.108823 0.268173 0.5232 1.31872e-38 3
0.118533 0.270837 0.528397 1.42003e-38 3
0.127161 0.270837 0.528397 1.29106e-38 3
0.134896 0.269055 0.524921 1.37407e-38 3
0.147668 0.261319 0.509827 1.11589e-38 3
0.155002 0.25966 0.50659 1.19887e-38 3
0.162245 0.258022 0.503394 1.31861e-38 3
0.168867 0.255603 0.498675 1.12518e-38 3
0.173752 0.250898 0.489497 1.19901e-38 3
0.18575 0.245624 0.479207 1.31872e-38 3
0.190149 0.241277 0.470726 1.32794e-38 3
0.199602 0.243431 0.474928 1.26344e-38 3
0.208599 0.244889 0.477772 1.18965e-38 3
0.219024 0.247857 0.483564 1.17121e-38 3
0.228304 0.249368 0.486512 1.14355e-38 3
0.237697 0.250898 0.489497 1.30028e-38 3
0.244939 0.250131 0.488 1.31872e-38 3
0.252137 0.249368 0.486512 1.37411e-38 3
0.258505 0.247857 0.483564 1.245e-38 3
0.264001 0.245624 0.479207 1.16199e-38 3
0.271827 0.245624 0.479207 1.1711e-38 3
0.281341 0.247108 0.482103 1.19872e-38 3
0.327681 0.258838 0.504987 1.07883e-38 3
0.327633 0.252447 0.492518 1.09734e-38 3
0.331581 0.249368 0.486512 1.18954e-38 3
0.332431 0.244158 0.476346 1.13433e-38 3
0.331309 0.23777 0.463884 1.15266e-38 3
0.338884 0.23777 0.463884 1.14337e-38 3
0.344456 0.236395 0.461202 1.30921e-38 3
0.350973 0.235714 0.459873 1.10635e-38 3
0.356428 0.234363 0.457238 1.19861e-38 3
0.359771 0.231708 0.452057 1.14344e-38 3
0.364059 0.229755 0.448247 1.00526e-38 3
0.370338 0.229112 0.446992 1.10656e-38 3
0.379765 0.230402 0.44951 1.01433e-38 3
0.413923 0.246364 0.480651 1.01433e-38 3
0.424328 0.247857 0.483564 9.49831e-39 3
0.42962 0.246364 0.480651 8.20757e-39 3
0.44133 0.244158 0.476346 9.95928e-39 3
0.476112 0.258838 0.504987 1.06965e-38 3
0.485895 0.25966 0.50659 1.01433e-38 3
0.49105 0.258022 0.503394 7.83807e-39 3
2.31845 0.973724 1.89971 5.90196e-39 3
-0.311656 0.244634 0.462539 8.39196e-39 3
-0.305876 0.24606 0.465236 8.11465e-39 3
-0.300028 0.247503 0.467965 7.93062e-39 3
-0.291532 0.24678 0.466596 9.59086e-39 3
-0.283912 0.24678 0.466596 9.49831e-39 3
-0.275488 0.24606 0.465236 1.0237e-38 3
-0.265568 0.243927 0.461202 1.05135e-38 3
-0.258785 0.244634 0.462539 1.05125e-38 3
-0.251232 0.244634 0.462539 1.13426e-38 3
-0.242274 0.243224 0.459873 9.12916e-39 3
-0.235443 0.243927 0.461202 9.77489e-39 3
-0.16923 0.270508 0.511461 1.06969e-38 3
-0.160878 0.270508 0.511461 1.15266e-38 3
-0.152039 0.269644 0.509827 1.18032e-38 3
-0.143256 0.268785 0.508204 1.2633e-38 3
-0.136699 0.272254 0.514761 1.29081e-38 3
-0.119502 0.271378 0.513106 1.34606e-38 3
-0.110413 0.269644 0.509827 1.1895e-38 3
-0.103409 0.273135 0.516427 1.29081e-38 3
-0.0955952 0.274914 0.519791 1.2817e-38 3
-0.0888437 0.280394 0.530153 1.2817e-38 3
-0.0801866 0.280394 0.530153 1.18954e-38 3
-0.0717679 0.281329 0.53192 1.13415e-38 3
-0.0169416 0.242525 0.458552 1.27262e-38 3
-0.00961961 0.24678 0.466596 1.38326e-38 3
-0.00198297 0.244634 0.462539 1.33709e-38 3
0.0546927 0.262924 0.497121 1.31872e-38 3
0.0634029 0.265404 0.501811 1.26348e-38 3
0.0720504 0.267084 0.504987 1.40159e-38 3
0.0802965 0.267084 0.504987 1.44769e-38 3
0.0977165 0.269644 0.509827 1.35574e-38 3
0.107414 0.273135 0.516427 1.42936e-38 3
0.139789 0.270508 0.511461 1.21731e-38 3
0.14673 0.267932 0.50659 1.30028e-38 3
0.15354 0.265404 0.501811 1.21731e-38 3
0.160723 0.263746 0.498675 1.18954e-38 3
0.166269 0.259688 0.491003 1.27262e-38 3
0.172692 0.257313 0.486512 1.18972e-38 3
0.177924 0.253449 0.479207 1.28191e-38 3
0.178771 0.243927 0.461202 1.36482e-38 3
0.186302 0.243927 0.461202 1.21731e-38 3
0.194395 0.244634 0.462539 1.26344e-38 3
0.203719 0.24678 0.466596 1.29106e-38 3
0.208895 0.243927 0.461202 1.19887e-38 3
0.220895 0.248963 0.470726 1.23575e-38 3
0.236248 0.257313 0.486512 1.20809e-38 3
0.240526 0.253449 0.479207 1.27262e-38 3
0.247607 0.25269 0.477772 1.40177e-38 3
0.246551 0.243927 0.461202 1.18968e-38 3
0.255559 0.245345 0.463884 1.18046e-38 3
0.26623 0.248231 0.469341 1.22653e-38 3
0.274702 0.248963 0.470726 1.24486e-38 3
0.322577 0.262924 0.497121 1.13422e-38 3
0.321863 0.243927 0.461202 1.0237e-38 3
0.324702 0.240452 0.454632 8.76182e-39 3
0.330244 0.23909 0.452057 9.7749e-39 3
0.337626 0.23909 0.452057 1.21702e-38 3
0.343064 0.237743 0.44951 1.35528e-38 3
0.348441 0.236411 0.446992 1.25393e-38 3
0.353758 0.235094 0.444501 1.00515e-38 3
0.359017 0.233791 0.442039 1.05135e-38 3
0.361232 0.230597 0.436 1.02369e-38 3
0.37449 0.234441 0.443267 1.18954e-38 3
0.41064 0.247503 0.467965 1.11578e-38 3
0.496504 0.230597 0.436 8.02318e-39 3
0.506391 0.231864 0.438396 8.02426e-39 3
2.26051 0.992925 1.87736 7.65368e-39 3
2.37499 1.02925 1.94605 4.33391e-39 3
-0.314019 0.242352 0.444501 8.76147e-39 3
-0.311974 0.246471 0.452057 8.85402e-39 3
-0.308084 0.249296 0.457238 9.4054e-39 3
-0.30235 0.250733 0.459873 1.07883e-38 3
-0.29655 0.252187 0.462539 8.57635e-39 3
-0.289837 0.25292 0.463884 1.02359e-38 3
-0.282262 0.25292 0.463884 9.49831e-39 3
-0.274687 0.25292 0.463884 1.11589e-38 3
-0.265568 0.251458 0.461202 1.00515e-38 3
-0.258037 0.251458 0.461202 8.48379e-39 3
-0.250506 0.251458 0.461202 1.16184e-38 3
-0.240886 0.249296 0.457238 9.03661e-39 3
-0.23409 0.250013 0.458552 1.04195e-38 3
-0.222762 0.245775 0.45078 1.11578e-38 3
-0.21064 0.240344 0.440818 1.15266e-38 3
-0.155399 0.269363 0.494043 1.38308e-38 3
-0.146425 0.267706 0.491003 1.12493e-38 3
-0.138835 0.268532 0.492518 1.18025e-38 3
-0.135389 0.277969 0.509827 1.27237e-38 3
-0.109712 0.276204 0.50659 1.1801e-38 3
-0.0888437 0.289051 0.530153 1.14344e-38 3
-0.0514255 0.236425 0.43363 1.2633e-38 3
-0.0448319 0.239023 0.438396 1.01448e-38 3
-0.037777 0.239681 0.439603 1.16206e-38 3
-0.0308535 0.241679 0.443267 1.30035e-38 3
-0.023681 0.242352 0.444501 1.28188e-38 3
-0.0164225 0.242352 0.444501 1.23578e-38 3
-0.00942667 0.249296 0.457238 1.33705e-38 3
-0.00195464 0.248584 0.455931 1.41095e-38 3
0.0278257 0.248584 0.455931 1.503e-38 3
0.0349711 0.246471 0.452057 1.32801e-38 3
0.0418783 0.24371 0.446992 1.35567e-38 3
0.0620373 0.267706 0.491003 1.28184e-38 3
0.0700551 0.267706 0.491003 1.39237e-38 3
0.0783139 0.268532 0.492518 1.51222e-38 3
0.0858266 0.266885 0.489497 1.49382e-38 3
0.0955789 0.271889 0.498675 1.34645e-38 3
0.109722 0.248584 0.455931 1.3556e-38 3
0.116833 0.247876 0.454632 1.25408e-38 3
0.125689 0.250733 0.459873 1.23564e-38 3
0.157283 0.266068 0.488 1.34638e-38 3
0.163255 0.262853 0.482103 1.12518e-38 3
0.166109 0.255145 0.467965 1.18046e-38 3
0.172235 0.25292 0.463884 1.23574e-38 3
0.176728 0.248584 0.455931 1.25418e-38 3
0.184173 0.248584 0.455931 1.3556e-38 3
0.191618 0.248584 0.455931 1.30017e-38 3
0.198496 0.247876 0.454632 1.34627e-38 3
0.203488 0.236425 0.43363 1.31879e-38 3
0.208866 0.234513 0.430124 1.18972e-38 3
0.214732 0.233256 0.427818 1.1989e-38 3
0.222314 0.233883 0.428968 1.14359e-38 3
0.229937 0.234513 0.430124 1.245e-38 3
0.240198 0.237717 0.436 1.245e-38 3
0.262273 0.238368 0.437194 1.14344e-38 3
0.270153 0.239023 0.438396 1.35549e-38 3
0.273554 0.235784 0.432455 1.3372e-38 3
0.281378 0.236425 0.43363 1.17121e-38 3
0.29324 0.240344 0.440818 1.08823e-38 3
0.301271 0.241009 0.442039 1.06057e-38 3
0.311945 0.24371 0.446992 1.0237e-38 3
0.319244 0.24371 0.446992 9.59158e-39 3
0.325631 0.243029 0.445743 9.59158e-39 3
0.33291 0.243029 0.445743 1.09727e-38 3
0.339241 0.242352 0.444501 1.16174e-38 3
0.345537 0.241679 0.443267 1.04181e-38 3
0.346992 0.237717 0.436 1.0972e-38 3
0.350284 0.235147 0.431286 1.07887e-38 3
0.350692 0.230781 0.423278 9.77489e-39 3
0.36936 0.238368 0.437194 1.0789e-38 3
0.486251 0.239681 0.439603 5.99487e-39 3
0.492074 0.239023 0.438396 5.99416e-39 3
0.496504 0.237717 0.436 5.16511e-39 3
0.502252 0.237069 0.434812 7.0101e-39 3
2.22986 1.02358 1.87736 8.11538e-39 3
2.28743 1.03577 1.89971 7.56148e-39 3
2.46518 1.10132 2.01995 7.2849e-39 3
2.59678 1.14479 2.09968 6.54733e-39 3
-0.321277 0.24961 0.444501 9.95893e-39 3
-0.314019 0.24961 0.444501 7.00975e-39 3
-0.312861 0.254574 0.453341 7.28669e-39 3
-0.307203 0.256029 0.455931 1.03274e-38 3
-0.300617 0.256763 0.457238 1.09731e-38 3
-0.29484 0.258243 0.459873 9.12952e-39 3
-0.287331 0.258243 0.459873 9.31391e-39 3
-0.28063 0.258989 0.461202 8.85294e-39 3
-0.272312 0.258243 0.459873 1.03281e-38 3
-0.263285 0.256763 0.457238 1.00515e-38 3
-0.256554 0.2575 0.458552 9.95964e-39 3
-0.248352 0.256763 0.457238 1.17106e-38 3
-0.238156 0.253853 0.452057 9.86637e-39 3
-0.230774 0.253853 0.452057 1.16181e-38 3
-0.208909 0.245507 0.437194 1.09734e-38 3
-0.204006 0.248228 0.442039 1.09734e-38 3
-0.15492 0.276575 0.492518 1.27244e-38 3
-0.145976 0.274878 0.489497 1.16181e-38 3
-0.137561 0.274037 0.488 1.10649e-38 3
-0.134103 0.283576 0.504987 1.30003e-38 3
-0.125066 0.281793 0.501811 1.06032e-38 3
-0.0782606 0.23896 0.425536 1.03266e-38 3
-0.0711222 0.238325 0.424404 1.18957e-38 3
-0.0643631 0.23896 0.425536 1.39248e-38 3
-0.0585065 0.243506 0.43363 1.34638e-38 3
-0.0515657 0.244169 0.434812 1.35549e-38 3
-0.0445869 0.244837 0.436 1.20812e-38 3
-0.0373652 0.244169 0.434812 1.42028e-38 3
-0.0305985 0.24686 0.439603 1.41102e-38 3
-0.0235498 0.248228 0.442039 1.43861e-38 3
-0.0163315 0.248228 0.442039 1.21734e-38 3
-0.00192711 0.252423 0.44951 1.28188e-38 3
0.0200371 0.251714 0.448247 1.33716e-38 3
0.0272801 0.251009 0.446992 1.34638e-38 3
0.0343866 0.24961 0.444501 1.42943e-38 3
0.0486325 0.248228 0.442039 1.30028e-38 3
0.101985 0.2553 0.454632 1.27262e-38 3
0.108789 0.253853 0.452057 1.32794e-38 3
0.115517 0.252423 0.44951 1.21731e-38 3
0.123553 0.253853 0.452057 1.3556e-38 3
0.132057 0.256029 0.455931 1.34638e-38 3
0.139902 0.256763 0.457238 1.37404e-38 3
0.147792 0.2575 0.458552 1.32801e-38 3
0.154835 0.256763 0.457238 1.39255e-38 3
0.161837 0.256029 0.455931 1.44783e-38 3
0.16737 0.253136 0.45078 1.27262e-38 3
0.172778 0.250308 0.445743 1.28184e-38 3
0.180561 0.251009 0.446992 1.22653e-38 3
0.195345 0.24219 0.431286 1.24504e-38 3
0.2013 0.240888 0.428968 1.28191e-38 3
0.207191 0.239599 0.426674 1.25426e-38 3
0.213019 0.238325 0.424404 1.3372e-38 3
0.221125 0.239599 0.426674 1.26351e-38 3
0.229319 0.240888 0.428968 1.1989e-38 3
0.236961 0.241537 0.430124 1.2266e-38 3
0.242676 0.240242 0.427818 1.24496e-38 3
0.255835 0.246182 0.438396 1.15277e-38 3
0.257338 0.240888 0.428968 1.16188e-38 3
0.262929 0.239599 0.426674 1.10667e-38 3
0.271348 0.240888 0.428968 1.12515e-38 3
0.279103 0.241537 0.430124 1.2911e-38 3
0.290035 0.244837 0.436 1.25422e-38 3
0.294739 0.242846 0.432455 1.06979e-38 3
0.305946 0.246182 0.438396 1.14355e-38 3
0.316584 0.248917 0.443267 1.03291e-38 3
0.322033 0.247542 0.440818 1.05135e-38 3
0.330144 0.248228 0.442039 1.13422e-38 3
0.33643 0.247542 0.440818 1.20791e-38 3
0.34174 0.246182 0.438396 1.24471e-38 3
0.344694 0.238325 0.424404 1.03277e-38 3
0.349764 0.237064 0.422159 9.77489e-39 3
0.358555 0.238325 0.424404 1.02359e-38 3
0.362767 0.232151 0.413409 1.10656e-38 3
0.362936 0.228016 0.406046 1.125e-38 3
0.384786 0.229182 0.408123 1.00511e-38 3
0.447458 0.237693 0.423278 9.2228e-39 3
0.455578 0.238325 0.424404 8.57779e-39 3
0.460062 0.237064 0.422159 1.00526e-38 3
0.480951 0.244169 0.434812 9.40611e-39 3
0.489385 0.244837 0.436 6.73172e-39 3
0.488496 0.240888 0.428968 8.29905e-39 3
2.33997 1.1063 1.97007 7.83879e-39 3
-0.299758 0.263474 0.455931 1.03273e-38 3
-0.293993 0.264988 0.458552 9.77418e-39 3
-0.286505 0.264988 0.458552 9.03661e-39 3
-0.279017 0.264988 0.458552 1.00508e-38 3
-0.27153 0.264988 0.458552 1.07883e-38 3
-0.261785 0.262723 0.454632 1.00515e-38 3
-0.253638 0.261977 0.453341 7.74659e-39 3
-0.244844 0.260497 0.45078 1.0789e-38 3
-0.23483 0.257586 0.445743 1.20791e-38 3
-0.226917 0.256869 0.444501 1.14337e-38 3
-0.216048 0.252646 0.437194 1.06047e-38 3
-0.206644 0.249908 0.432455 1.20798e-38 3
-0.202882 0.254038 0.439603 1.09734e-38 3
-0.18298 0.246567 0.426674 1.06961e-38 3
-0.174612 0.244605 0.423278 1.19869e-38 3
-0.166815 0.243314 0.421045 1.09734e-38 3
-0.160363 0.243958 0.422159 1.06979e-38 3
-0.153469 0.243958 0.422159 1.25408e-38 3
-0.14553 0.282006 0.488 1.17103e-38 3
-0.137142 0.281146 0.486512 1.11571e-38 3
-0.0960338 0.238284 0.412341 1.17106e-38 3
-0.0895318 0.238901 0.413409 1.20794e-38 3
-0.0840882 0.242674 0.419937 1.25404e-38 3
-0.0776395 0.243958 0.422159 1.14341e-38 3
-0.0707459 0.243958 0.422159 1.25411e-38 3
-0.0640217 0.244605 0.423278 1.20809e-38 3
-0.0578774 0.247892 0.428968 1.23574e-38 3
-0.0511476 0.249232 0.431286 1.35549e-38 3
-0.0443446 0.250587 0.43363 1.36485e-38 3
-0.0369624 0.248561 0.430124 1.32808e-38 3
-0.0301828 0.250587 0.43363 1.41102e-38 3
-0.0232281 0.251956 0.436 1.30039e-38 3
-0.0160209 0.250587 0.43363 1.28188e-38 3
0.0269778 0.255446 0.442039 1.42939e-38 3
0.0341961 0.255446 0.442039 1.38333e-38 3
0.0411861 0.254038 0.439603 1.494e-38 3
0.0483646 0.254038 0.439603 1.45709e-38 3
0.0555431 0.254038 0.439603 1.44787e-38 3
0.102277 0.263474 0.455931 1.25418e-38 3
0.108789 0.261235 0.452057 1.33716e-38 3
0.115192 0.259034 0.448247 1.3556e-38 3
0.122512 0.259034 0.448247 1.48467e-38 3
0.129831 0.259034 0.448247 1.47545e-38 3
0.137537 0.259763 0.44951 1.28184e-38 3
0.143263 0.256869 0.444501 1.41095e-38 3
0.150942 0.257586 0.445743 1.26348e-38 3
0.15778 0.256869 0.444501 1.44779e-38 3
0.1655 0.257586 0.445743 1.38326e-38 3
0.179556 0.256869 0.444501 1.30028e-38 3
0.229937 0.248561 0.430124 1.23582e-38 3
0.23569 0.247228 0.427818 1.30035e-38 3
0.253925 0.244605 0.423278 1.20809e-38 3
0.260837 0.244605 0.423278 1.12511e-38 3
0.268461 0.245255 0.424404 1.21741e-38 3
0.275391 0.245255 0.424404 1.14366e-38 3
0.285357 0.247892 0.428968 1.06061e-38 3
0.290023 0.245909 0.425536 1.23578e-38 3
0.299367 0.247892 0.428968 1.22653e-38 3
0.309702 0.250587 0.43363 1.22653e-38 3
0.31507 0.249232 0.431286 1.20809e-38 3
0.317818 0.245909 0.425536 1.02359e-38 3
0.325635 0.246567 0.426674 1.01437e-38 3
0.329083 0.243958 0.422159 1.04195e-38 3
0.334208 0.242674 0.419937 1.17106e-38 3
0.338394 0.240773 0.416647 1.03281e-38 3
0.343405 0.239522 0.414483 9.77489e-39 3
0.345683 0.236451 0.409169 9.12953e-39 3
0.347026 0.232869 0.40297 1.00515e-38 3
0.354502 0.233458 0.40399 9.31392e-39 3
0.361098 0.233458 0.40399 1.04203e-38 3
0.367695 0.233458 0.40399 1.05125e-38 3
0.380889 0.233458 0.40399 9.31391e-39 3
0.400673 0.241403 0.417738 1.02355e-38 3
0.443926 0.242674 0.419937 9.315e-39 3
0.447252 0.240773 0.416647 9.59195e-39 3
0.452873 0.240146 0.415562 9.13061e-39 3
2.04408 0.981021 1.69762 8.02246e-39 3
6.95534 3.29343 5.69914 7.37709e-39 3
-0.288161 0.274051 0.461202 9.3132e-39 3
-0.28063 0.274051 0.461202 1.06961e-38 3
-0.250789 0.266353 0.448247 1.02359e-38 3
-0.242109 0.264865 0.445743 1.15266e-38 3
-0.231595 0.261217 0.439603 1.00508e-38 3
-0.220768 0.256969 0.432455 1.42918e-38 3
-0.210849 0.253534 0.426674 1.06968e-38 3
-0.203338 0.252858 0.425536 9.77489e-39 3
-0.200125 0.257668 0.43363 1.00515e-38 3
-0.182492 0.252858 0.425536 1.11571e-38 3
-0.16379 0.245652 0.413409 1.11578e-38 3
-0.15623 0.244386 0.411278 1.19876e-38 3
-0.150679 0.24629 0.414483 1.37393e-38 3
-0.0962826 0.245652 0.413409 1.23567e-38 3
-0.0899982 0.246932 0.415562 1.31865e-38 3
-0.0840882 0.249531 0.419937 1.37397e-38 3
-0.0776395 0.250851 0.422159 1.22645e-38 3
-0.0707459 0.250851 0.422159 1.09749e-38 3
-0.0638523 0.250851 0.422159 1.28184e-38 3
-0.0574143 0.252858 0.425536 1.32794e-38 3
-0.0507362 0.254214 0.427818 1.42006e-38 3
-0.043986 0.255584 0.430124 1.3095e-38 3
-0.0367642 0.254214 0.427818 1.32808e-38 3
-0.0298582 0.254897 0.428968 1.46638e-38 3
-0.0228534 0.254897 0.428968 1.42024e-38 3
-0.0157639 0.253534 0.426674 1.34649e-38 3
0.0121379 0.254214 0.427818 1.40177e-38 3
0.0190219 0.252858 0.425536 1.42943e-38 3
0.0260401 0.253534 0.426674 1.43868e-38 3
0.0331849 0.254897 0.428968 1.34652e-38 3
0.0400819 0.254214 0.427818 1.41106e-38 3
0.0469421 0.253534 0.426674 1.50318e-38 3
0.100553 0.266353 0.448247 1.27262e-38 3
0.10727 0.264865 0.445743 1.24496e-38 3
0.114229 0.264127 0.444501 1.34645e-38 3
0.121488 0.264127 0.444501 1.30957e-38 3
0.128389 0.263394 0.443267 1.15284e-38 3
0.135627 0.263394 0.443267 1.30032e-38 3
0.141295 0.260499 0.438396 1.30954e-38 3
0.148863 0.261217 0.439603 1.29113e-38 3
0.152677 0.255584 0.430124 1.31872e-38 3
0.164021 0.241277 0.406046 1.28184e-38 3
0.168086 0.237648 0.39994 1.33723e-38 3
0.183446 0.240664 0.405015 1.23589e-38 3
0.227484 0.252858 0.425536 1.37411e-38 3
0.235725 0.246932 0.415562 1.3095e-38 3
0.23878 0.243133 0.409169 1.30957e-38 3
0.247364 0.245017 0.412341 1.28184e-38 3
0.251498 0.242511 0.408123 1.28188e-38 3
0.257504 0.241892 0.407082 1.13444e-38 3
0.265506 0.243133 0.409169 1.08845e-38 3
0.269424 0.240664 0.405015 1.18054e-38 3
0.286962 0.250189 0.421045 1.20812e-38 3
0.301509 0.250851 0.422159 1.11589e-38 3
0.306779 0.249531 0.419937 1.10667e-38 3
0.310369 0.246932 0.415562 1.08823e-38 3
0.313886 0.244386 0.411278 1.13433e-38 3
0.318957 0.243133 0.409169 1.10656e-38 3
0.324806 0.242511 0.408123 1.18954e-38 3
0.330625 0.241892 0.407082 1.30939e-38 3
0.338135 0.242511 0.408123 1.30017e-38 3
0.343556 0.237054 0.39894 1.06047e-38 3
0.353606 0.239449 0.40297 1.01437e-38 3
0.360187 0.239449 0.40297 1.03281e-38 3
0.366767 0.239449 0.40297 1.06057e-38 3
0.400673 0.248224 0.417738 9.49831e-39 3
0.403271 0.245652 0.413409 9.22172e-39 3
0.432515 0.246932 0.415562 9.7749e-39 3
0.434772 0.244386 0.411278 9.68378e-39 3
0.445906 0.243133 0.409169 8.57743e-39 3
2.26453 1.10258 1.85553 6.91611e-39 3
-0.275847 0.276783 0.453341 1.00508e-38 3
-0.238774 0.268395 0.439603 9.96037e-39 3
-0.216083 0.258428 0.423278 1.0789e-38 3
-0.208618 0.257745 0.422159 1.125e-38 3
-0.201192 0.257065 0.421045 1.12511e-38 3
-0.197973 0.261902 0.428968 1.23564e-38 3
-0.185484 0.25438 0.416647 1.21716e-38 3
-0.179148 0.255046 0.417738 1.23549e-38 3
-0.16793 0.24854 0.407082 1.2356e-38 3
-0.160872 0.247907 0.406046 1.14344e-38 3
-0.154242 0.247907 0.406046 1.03295e-38 3
-0.147988 0.24854 0.407082 1.29099e-38 3
-0.140981 0.247907 0.406046 1.02362e-38 3
-0.13401 0.247278 0.405015 1.03291e-38 3
-0.12772 0.247907 0.406046 1.1711e-38 3
-0.120782 0.247278 0.405015 1.08809e-38 3
-0.114169 0.247278 0.405015 1.25408e-38 3
-0.107555 0.247278 0.405015 1.23564e-38 3
-0.101456 0.24854 0.407082 1.23574e-38 3
-0.09554 0.250456 0.410221 1.21723e-38 3
-0.0895318 0.252403 0.413409 1.53992e-38 3
-0.0838675 0.255715 0.418835 1.23578e-38 3
-0.0772309 0.256388 0.419937 1.27266e-38 3
-0.0703735 0.256388 0.419937 1.32798e-38 3
-0.0633495 0.255715 0.418835 1.42003e-38 3
-0.0568084 0.257065 0.421045 1.30017e-38 3
-0.0500651 0.257745 0.422159 1.49382e-38 3
-0.043286 0.258428 0.423278 1.14358e-38 3
-0.0363741 0.258428 0.423278 1.32801e-38 3
-0.0293843 0.257745 0.422159 1.20823e-38 3
-0.0224907 0.257745 0.422159 1.34652e-38 3
-0.0155971 0.257745 0.422159 1.34649e-38 3
-0.00872654 0.258428 0.423278 1.45712e-38 3
0.00509723 0.258428 0.423278 1.41099e-38 3
0.0120732 0.259807 0.425536 1.33723e-38 3
0.018871 0.257745 0.422159 1.3373e-38 3
0.0258329 0.258428 0.423278 1.21741e-38 3
0.100271 0.272906 0.446992 1.31872e-38 3
0.106971 0.271386 0.444501 1.31872e-38 3
0.120815 0.269882 0.442039 1.2727e-38 3
0.126978 0.267658 0.438396 1.28191e-38 3
0.144872 0.2612 0.427818 1.30957e-38 3
0.149849 0.257745 0.422159 1.38326e-38 3
0.161555 0.244179 0.39994 1.19876e-38 3
0.166831 0.242357 0.396955 1.23564e-38 3
0.172883 0.241756 0.39597 1.3095e-38 3
0.18206 0.245409 0.401955 1.23596e-38 3
0.196673 0.247278 0.405015 1.29113e-38 3
0.222001 0.246029 0.40297 1.34638e-38 3
0.231077 0.241756 0.39597 1.33723e-38 3
0.238728 0.242961 0.397945 1.40177e-38 3
0.243405 0.241157 0.39499 1.44787e-38 3
0.249855 0.241157 0.39499 1.29113e-38 3
0.26146 0.239969 0.393044 1.12533e-38 3
0.254839 0.222946 0.365162 1.16206e-38 3
0.29144 0.243569 0.39894 1.16199e-38 3
0.303262 0.247907 0.406046 1.07901e-38 3
0.30677 0.245409 0.401955 1.06065e-38 3
0.312546 0.244793 0.400945 1.02377e-38 3
0.317498 0.243569 0.39894 1.15284e-38 3
0.327285 0.246029 0.40297 1.18965e-38 3
0.333866 0.246029 0.40297 1.27252e-38 3
0.338735 0.244793 0.400945 1.36471e-38 3
0.335996 0.238209 0.390161 1.125e-38 3
0.345748 0.240562 0.394015 1.02359e-38 3
0.355695 0.242961 0.397945 1.03281e-38 3
0.361293 0.242357 0.396955 1.03281e-38 3
0.397099 0.24854 0.407082 1.04203e-38 3
0.433645 0.25438 0.416647 1.01448e-38 3
0.435896 0.251751 0.412341 9.40719e-39 3
6.95534 3.47955 5.69914 7.83807e-39 3
-0.220654 0.262555 0.418835 1.19869e-38 3
-0.213255 0.261867 0.417738 1.13419e-38 3
-0.205894 0.261184 0.416647 1.06047e-38 3
-0.196525 0.257818 0.411278 1.02359e-38 3
-0.191288 0.259827 0.414483 1.26326e-38 3
-0.181689 0.25584 0.408123 1.24471e-38 3
-0.174133 0.254538 0.406046 1.17096e-38 3
-0.165815 0.251973 0.401955 1.40155e-38 3
-0.158851 0.25134 0.400945 1.16192e-38 3
-0.153074 0.252609 0.40297 1.245e-38 3
-0.147237 0.253892 0.405015 1.42928e-38 3
-0.140267 0.253249 0.40399 1.22645e-38 3
-0.13367 0.253249 0.40399 1.21731e-38 3
-0.127073 0.253249 0.40399 1.32783e-38 3
-0.120172 0.252609 0.40297 1.09731e-38 3
-0.113306 0.251973 0.401955 1.42003e-38 3
-0.106207 0.25071 0.39994 1.19887e-38 3
-0.100431 0.252609 0.40297 1.3095e-38 3
-0.0945676 0.254538 0.406046 1.32787e-38 3
-0.0883869 0.25584 0.408123 1.33709e-38 3
-0.0827811 0.259154 0.413409 1.38329e-38 3
-0.0764264 0.260503 0.415562 1.50315e-38 3
-0.0692796 0.259154 0.413409 1.34642e-38 3
-0.0623673 0.258484 0.412341 1.17114e-38 3
-0.0557782 0.259154 0.413409 1.38311e-38 3
-0.0491548 0.259827 0.414483 1.45694e-38 3
-0.0423865 0.259827 0.414483 1.37407e-38 3
-0.0358043 0.261184 0.416647 1.48478e-38 3
-0.0290007 0.261184 0.416647 1.37418e-38 3
-0.0221971 0.261184 0.416647 1.39258e-38 3
-0.0153534 0.260503 0.415562 1.57698e-38 3
-0.00865765 0.263245 0.419937 1.48474e-38 3
-0.00179561 0.262555 0.418835 1.24507e-38 3
0.00503051 0.261867 0.417738 1.42946e-38 3
0.0119457 0.26394 0.421045 1.36493e-38 3
0.0187716 0.263245 0.419937 1.32808e-38 3
0.025629 0.263245 0.419937 1.33727e-38 3
0.0324863 0.263245 0.419937 1.24511e-38 3
0.0391376 0.261867 0.417738 1.4295e-38 3
0.0454828 0.259154 0.413409 1.46634e-38 3
0.156457 0.242799 0.38732 1.31872e-38 3
0.164782 0.245782 0.392079 1.37397e-38 3
0.171184 0.245782 0.392079 1.34642e-38 3
0.178464 0.246996 0.394015 1.41113e-38 3
0.187209 0.250083 0.39894 1.2544e-38 3
0.193723 0.250083 0.39894 1.24511e-38 3
0.208065 0.243984 0.38921 1.36489e-38 3
0.214945 0.24458 0.390161 1.24496e-38 3
0.219704 0.242799 0.38732 1.28191e-38 3
0.234058 0.24458 0.390161 1.40177e-38 3
0.246198 0.243984 0.38921 1.31879e-38 3
0.24772 0.239314 0.381761 1.21745e-38 3
0.249185 0.23482 0.374591 1.21745e-38 3
0.25234 0.232096 0.370246 1.1805e-38 3
0.253678 0.227866 0.363499 1.19887e-38 3
0.259023 0.227348 0.362673 1.1711e-38 3
0.266764 0.228909 0.365162 1.17121e-38 3
0.273353 0.229434 0.366 1.17121e-38 3
0.294074 0.236485 0.377248 1.13444e-38 3
0.309 0.24339 0.388263 1.18972e-38 3
0.317659 0.24518 0.391118 9.86817e-39 3
0.323254 0.24458 0.390161 9.6827e-39 3
0.329625 0.24458 0.390161 1.06969e-38 3
0.334361 0.24339 0.388263 1.10656e-38 3
0.341532 0.243984 0.38921 1.15266e-38 3
0.351315 0.246387 0.393044 1.05125e-38 3
0.359504 0.247607 0.39499 1.03281e-38 3
0.397099 0.255187 0.407082 9.95929e-39 3
0.403746 0.255187 0.407082 1.00515e-38 3
0.381655 0.22632 0.361032 8.85402e-39 3
0.392242 0.222296 0.354613 8.85402e-39 3
0.39981 0.223289 0.356196 9.40612e-39 3
0.429665 0.233178 0.371972 1.02352e-38 3
-0.315192 0.257241 0.39994 9.03661e-39 3
-0.241867 0.242646 0.377248 8.85222e-39 3
-0.236826 0.243798 0.37904 9.68198e-39 3
-0.230637 0.243798 0.37904 8.94477e-39 3
-0.218258 0.243798 0.37904 1.06961e-38 3
-0.210888 0.24973 0.388263 1.08812e-38 3
-0.208346 0.262504 0.408123 1.01433e-38 3
-0.200655 0.261168 0.406046 1.18025e-38 3
-0.191107 0.257241 0.39994 1.30017e-38 3
-0.182292 0.254057 0.39499 1.16184e-38 3
-0.174546 0.252184 0.392079 1.31847e-38 3
-0.169392 0.254057 0.39499 1.4291e-38 3
-0.16254 0.25343 0.394015 1.38311e-38 3
-0.156106 0.25343 0.394015 1.27255e-38 3
-0.151165 0.255958 0.397945 1.21723e-38 3
-0.146124 0.258537 0.401955 1.30943e-38 3
-0.138861 0.257241 0.39994 1.10671e-38 3
-0.13233 0.257241 0.39994 1.21738e-38 3
-0.125485 0.256598 0.39894 1.39237e-38 3
-0.118379 0.255321 0.396955 1.2817e-38 3
-0.111619 0.254688 0.39597 1.28174e-38 3
-0.104634 0.25343 0.394015 1.39248e-38 3
-0.0984427 0.254057 0.39499 1.39251e-38 3
-0.0924504 0.255321 0.396955 1.32787e-38 3
-0.0877139 0.260505 0.405015 1.30021e-38 3
-0.0821427 0.263854 0.410221 1.43861e-38 3
-0.0758339 0.265217 0.412341 1.30032e-38 3
-0.0687454 0.263854 0.410221 1.31865e-38 3
-0.0620467 0.263854 0.410221 1.33709e-38 3
-0.055348 0.263854 0.410221 1.49375e-38 3
-0.0486494 0.263854 0.410221 1.35553e-38 3
-0.0418431 0.263177 0.409169 1.2911e-38 3
-0.035252 0.263854 0.410221 1.4479e-38 3
-0.0286269 0.264534 0.411278 1.5401e-38 3
-0.0217986 0.263177 0.409169 1.52166e-38 3
-0.0151172 0.263177 0.409169 1.50318e-38 3
-0.00852308 0.265904 0.413409 1.34645e-38 3
-0.00176321 0.264534 0.411278 1.38337e-38 3
0.00493999 0.263854 0.410221 1.4479e-38 3
0.0116988 0.265217 0.412341 1.35574e-38 3
0.0184321 0.265217 0.412341 1.46641e-38 3
0.0252306 0.265904 0.413409 1.35571e-38 3
0.0320644 0.266595 0.414483 1.55857e-38 3
0.0385324 0.264534 0.411278 1.57701e-38 3
0.0450163 0.263177 0.409169 1.39258e-38 3
0.139738 0.242073 0.376358 1.25429e-38 3
0.153113 0.243798 0.37904 1.0883e-38 3
0.163576 0.250339 0.38921 1.21734e-38 3
0.169932 0.250339 0.38921 1.21734e-38 3
0.176718 0.250951 0.390161 1.30053e-38 3
0.183989 0.252184 0.392079 1.38355e-38 3
0.19086 0.252806 0.393044 1.26362e-38 3
0.194879 0.24973 0.388263 1.27284e-38 3
0.200244 0.248521 0.386383 1.29128e-38 3
0.209315 0.244379 0.379943 1.39248e-38 3
0.215008 0.243798 0.37904 1.41092e-38 3
0.223319 0.246137 0.382676 1.29113e-38 3
0.25234 0.238142 0.370246 1.19894e-38 3
0.253678 0.233802 0.363499 1.14355e-38 3
0.259023 0.233271 0.362673 1.1711e-38 3
0.270254 0.232742 0.36185 1.11589e-38 3
0.274916 0.231691 0.360217 1.1805e-38 3
0.283356 0.233802 0.363499 1.01462e-38 3
0.297422 0.240373 0.373714 1.11596e-38 3
0.30785 0.243798 0.37904 1.25426e-38 3
0.313296 0.243221 0.378142 1.17128e-38 3
0.320229 0.243798 0.37904 1.06047e-38 3
0.326419 0.243798 0.37904 1.16188e-38 3
0.329478 0.241504 0.375473 1.09734e-38 3
0.339345 0.239811 0.372841 1.10671e-38 3
0.363969 0.232215 0.361032 1.07901e-38 3
0.372392 0.233802 0.363499 9.96037e-39 3
0.374912 0.231691 0.360217 9.96036e-39 3
0.381655 0.232215 0.361032 9.68378e-39 3
0.385805 0.231169 0.359405 9.40719e-39 3
0.389918 0.230132 0.357794 8.02426e-39 3
0.39576 0.230132 0.357794 6.73352e-39 3
0.400704 0.229618 0.356993 9.49831e-39 3
0.408361 0.23065 0.358598 9.95857e-39 3
0.420837 0.234336 0.364329 8.85222e-39 3
-0.317741 0.260507 0.39499 9.22172e-39 3
-0.308239 0.257953 0.391118 8.20685e-39 3
-0.30334 0.259224 0.393044 1.03273e-38 3
-0.296192 0.258587 0.392079 9.03661e-39 3
-0.269696 0.251782 0.381761 9.86673e-39 3
-0.259122 0.247635 0.375473 8.20613e-39 3
-0.253588 0.248219 0.376358 1.03259e-38 3
-0.245704 0.246475 0.373714 1.11564e-38 3
-0.240163 0.247054 0.374591 1.08805e-38 3
-0.234597 0.247635 0.375473 1.01433e-38 3
-0.228466 0.247635 0.375473 8.3916e-39 3
-0.222335 0.247635 0.375473 1.10649e-38 3
-0.216204 0.247635 0.375473 1.03277e-38 3
-0.210568 0.248219 0.376358 1.08809e-38 3
-0.206861 0.251181 0.38085 1.03277e-38 3
-0.202576 0.253602 0.38452 1.16174e-38 3
-0.198208 0.25607 0.388263 1.13408e-38 3
-0.191868 0.25607 0.388263 1.07883e-38 3
-0.185528 0.25607 0.388263 1.20791e-38 3
-0.179187 0.25607 0.388263 1.24482e-38 3
-0.172428 0.255449 0.38732 1.35535e-38 3
-0.166913 0.256695 0.38921 1.18018e-38 3
-0.16095 0.257322 0.390161 1.20794e-38 3
-0.154958 0.257953 0.391118 1.26333e-38 3
-0.149672 0.259864 0.394015 1.40162e-38 3
-0.143949 0.261153 0.39597 1.31876e-38 3
-0.136804 0.259864 0.394015 1.11593e-38 3
-0.130692 0.260507 0.39499 1.05143e-38 3
-0.124243 0.260507 0.39499 1.2633e-38 3
-0.117502 0.259864 0.394015 1.2817e-38 3
-0.110522 0.258587 0.392079 1.16188e-38 3
-0.0974776 0.257953 0.391118 1.32798e-38 3
-0.0913147 0.258587 0.392079 1.43854e-38 3
-0.0859684 0.261803 0.396955 1.21723e-38 3
-0.0811003 0.267119 0.405015 1.4385e-38 3
-0.0752506 0.269859 0.409169 1.4385e-38 3
-0.0683937 0.269168 0.408123 1.32787e-38 3
-0.0617293 0.269168 0.408123 1.40155e-38 3
-0.0550649 0.269168 0.408123 1.57672e-38 3
-0.048277 0.268482 0.407082 1.42928e-38 3
-0.0415237 0.267799 0.406046 1.37407e-38 3
-0.0215227 0.266443 0.40399 1.48471e-38 3
-0.0149258 0.266443 0.40399 1.36489e-38 3
-0.00835002 0.267119 0.405015 1.65059e-38 3
-0.00172324 0.2651 0.401955 1.53088e-38 3
0.00486495 0.266443 0.40399 1.63233e-38 3
0.0115496 0.268482 0.407082 1.49407e-38 3
0.018197 0.268482 0.407082 1.42042e-38 3
0.0249079 0.269168 0.408123 1.39258e-38 3
0.0443342 0.26577 0.40297 1.45712e-38 3
0.0496604 0.259224 0.393044 1.42032e-38 3
0.0553964 0.25607 0.388263 1.39266e-38 3
0.0612891 0.254215 0.385449 1.48471e-38 3
0.0677469 0.25483 0.386383 1.48464e-38 3
0.0735223 0.252992 0.383596 1.39251e-38 3
0.0790263 0.250583 0.379943 1.38326e-38 3
0.102622 0.247635 0.375473 1.27287e-38 3
0.109267 0.248806 0.377248 1.39269e-38 3
0.115427 0.248806 0.377248 1.30957e-38 3
0.121015 0.247635 0.375473 1.18968e-38 3
0.126848 0.247054 0.374591 1.25426e-38 3
0.133908 0.248806 0.377248 1.29117e-38 3
0.139738 0.248219 0.376358 1.19908e-38 3
0.14554 0.247635 0.375473 1.13455e-38 3
0.152029 0.248219 0.376358 1.14369e-38 3
0.161605 0.253602 0.38452 1.26344e-38 3
0.167079 0.252386 0.382676 1.44783e-38 3
0.173328 0.252386 0.382676 1.54935e-38 3
0.181316 0.25483 0.386383 1.52195e-38 3
0.188998 0.256695 0.38921 1.30068e-38 3
0.193 0.253602 0.38452 1.31894e-38 3
0.196907 0.250583 0.379943 1.36507e-38 3
0.207831 0.248806 0.377248 1.37404e-38 3
0.220673 0.249395 0.378142 1.09752e-38 3
0.224192 0.246475 0.373714 1.20816e-38 3
0.248876 0.240835 0.365162 1.22653e-38 3
0.259613 0.239738 0.363499 1.22642e-38 3
0.269642 0.238111 0.361032 1.08823e-38 3
0.27368 0.236505 0.358598 1.20816e-38 3
0.281433 0.238111 0.361032 1.16206e-38 3
0.290616 0.240835 0.365162 1.14362e-38 3
0.299319 0.24306 0.368536 1.0883e-38 3
0.303236 0.241387 0.366 1.21745e-38 3
0.313527 0.244755 0.371107 1.14355e-38 3
0.321832 0.246475 0.373714 1.15277e-38 3
0.326406 0.245326 0.371972 1.11589e-38 3
0.331707 0.244755 0.371107 1.18046e-38 3
0.333884 0.241942 0.366841 1.18968e-38 3
0.347068 0.23865 0.36185 1.03299e-38 3
0.351383 0.237573 0.360217 9.40719e-39 3
0.357265 0.237573 0.360217 1.04213e-38 3
0.361515 0.236505 0.358598 1.01448e-38 3
0.365727 0.235447 0.356993 1.03291e-38 3
0.371557 0.235447 0.356993 9.96036e-39 3
0.379936 0.237038 0.359405 1.01448e-38 3
0.384938 0.236505 0.358598 1.09745e-38 3
0.389045 0.235447 0.356993 1.01448e-38 3
0.39576 0.235975 0.357794 9.59158e-39 3
0.39981 0.234922 0.356196 8.85294e-39 3
0.407445 0.235975 0.357794 7.37709e-39 3
0.416087 0.237573 0.360217 8.02246e-39 3
0.421969 0.237573 0.360217 6.73173e-39 3
-0.305989 0.26241 0.388263 1.12493e-38 3
-0.298922 0.261773 0.38732 8.11465e-39 3
-0.291184 0.260509 0.385449 1.05117e-38 3
-0.28149 0.2574 0.38085 9.95857e-39 3
-0.264011 0.252578 0.373714 9.3132e-39 3
-0.253165 0.247932 0.366841 1.0511e-38 3
-0.247745 0.248504 0.367687 8.57419e-39 3
-0.241741 0.248504 0.367687 1.0511e-38 3
-0.237929 0.250815 0.371107 1.04195e-38 3
-0.233498 0.252578 0.373714 1.07887e-38 3
-0.22793 0.253171 0.374591 9.03733e-39 3
-0.221813 0.253171 0.374591 1.0789e-38 3
-0.216204 0.253766 0.375473 9.95928e-39 3
-0.210568 0.254365 0.376358 1.09731e-38 3
-0.205391 0.25557 0.378142 1.06043e-38 3
-0.200642 0.2574 0.38085 1.29092e-38 3
-0.195825 0.259256 0.383596 1.31847e-38 3
-0.189107 0.258635 0.382676 1.25393e-38 3
-0.182421 0.258016 0.381761 1.30017e-38 3
-0.176609 0.258635 0.382676 1.24482e-38 3
-0.17077 0.259256 0.383596 1.26326e-38 3
-0.164111 0.258635 0.382676 1.1894e-38 3
-0.159006 0.260509 0.385449 1.20783e-38 3
-0.153454 0.261773 0.38732 1.30936e-38 3
-0.148208 0.263693 0.390161 1.39241e-38 3
-0.142534 0.264989 0.392079 1.29099e-38 3
-0.135466 0.263693 0.390161 1.20809e-38 3
-0.129411 0.26434 0.391118 1.23575e-38 3
-0.123024 0.26434 0.391118 1.34627e-38 3
-0.116638 0.26434 0.391118 1.45691e-38 3
-0.109181 0.261773 0.38732 1.46623e-38 3
-0.10138 0.258016 0.381761 1.39241e-38 3
-0.0951456 0.258016 0.381761 1.25411e-38 3
-0.0895544 0.259881 0.38452 1.27255e-38 3
-0.0840859 0.26241 0.388263 1.31865e-38 3
-0.0673601 0.271664 0.401955 1.29092e-38 3
-0.0614152 0.274429 0.406046 1.39233e-38 3
-0.0547847 0.274429 0.406046 1.39223e-38 3
-0.0481542 0.274429 0.406046 1.44765e-38 3
-0.0415237 0.274429 0.406046 1.34641e-38 3
-0.0348047 0.273733 0.405015 1.26351e-38 3
-0.0281196 0.27304 0.40399 1.51244e-38 3
-0.0213069 0.270302 0.39994 1.44776e-38 3
-0.0146295 0.267619 0.39597 1.4201e-38 3
-0.00802416 0.26305 0.38921 1.52151e-38 3
-0.0016686 0.26305 0.38921 1.48478e-38 3
0.00469843 0.263693 0.390161 1.56779e-38 3
0.0110967 0.26434 0.391118 1.49414e-38 3
0.0171885 0.259881 0.38452 1.61403e-38 3
0.0235811 0.26114 0.386383 1.52173e-38 3
0.029675 0.259256 0.383596 1.44797e-38 3
0.0359389 0.259256 0.383596 1.39262e-38 3
0.0425093 0.26114 0.386383 1.53091e-38 3
0.0490563 0.26241 0.388263 1.53102e-38 3
0.0551281 0.26114 0.386383 1.54946e-38 3
0.0609945 0.259256 0.383596 1.66917e-38 3
0.0670971 0.258635 0.382676 1.62304e-38 3
0.0729958 0.2574 0.38085 1.50308e-38 3
0.0786517 0.25557 0.378142 1.30032e-38 3
0.0846261 0.254966 0.377248 1.30035e-38 3
0.090147 0.253171 0.374591 1.44787e-38 3
0.102381 0.253171 0.374591 1.41106e-38 3
0.108753 0.253766 0.375473 1.20823e-38 3
0.114884 0.253766 0.375473 1.30035e-38 3
0.120731 0.253171 0.374591 1.42939e-38 3
0.126848 0.253171 0.374591 1.46627e-38 3
0.133592 0.254365 0.376358 1.30972e-38 3
0.139409 0.253766 0.375473 1.33738e-38 3
0.145199 0.253171 0.374591 1.42961e-38 3
0.151316 0.253171 0.374591 1.33727e-38 3
0.19551 0.254966 0.377248 1.36496e-38 3
0.241806 0.245673 0.363499 1.23582e-38 3
0.246618 0.244559 0.36185 1.37404e-38 3
0.251387 0.243455 0.360217 1.33705e-38 3
0.257851 0.244006 0.361032 1.12511e-38 3
0.263151 0.243455 0.360217 1.10667e-38 3
0.267824 0.242361 0.358598 1.06057e-38 3
0.270039 0.239137 0.353827 1.18043e-38 3
0.277045 0.240202 0.355403 1.24504e-38 3
0.286034 0.242907 0.359405 1.16206e-38 3
0.293889 0.244559 0.36185 1.10674e-38 3
0.299119 0.244006 0.361032 1.15284e-38 3
0.307099 0.245673 0.363499 1.15284e-38 3
0.315913 0.247932 0.366841 1.11596e-38 3
0.322645 0.248504 0.367687 1.12518e-38 3
0.326393 0.246798 0.365162 1.1344e-38 3
0.330842 0.245673 0.363499 1.06061e-38 3
0.336778 0.245673 0.363499 1.12515e-38 3
0.346283 0.244006 0.361032 1.06064e-38 3
0.351383 0.243455 0.360217 1.03299e-38 3
0.35566 0.242361 0.358598 1.05143e-38 3
0.360705 0.241818 0.357794 9.86817e-39 3
0.361682 0.238608 0.353044 9.68378e-39 3
0.368261 0.239137 0.353827 1.00526e-38 3
0.378233 0.241818 0.357794 9.31499e-39 3
0.384075 0.241818 0.357794 8.02425e-39 3
0.393993 0.240738 0.356196 8.85402e-39 3
0.39715 0.239137 0.353827 7.93206e-39 3
0.402037 0.238608 0.353044 8.29976e-39 3
0.409614 0.239668 0.354613 8.11466e-39 3
-0.327336 0.26051 0.376358 9.59086e-39 3
-0.321191 0.26051 0.376358 8.6689e-39 3
-0.300147 0.263619 0.38085 7.93026e-39 3
-0.293228 0.262991 0.379943 1.02352e-38 3
-0.278171 0.26051 0.376358 1.0143e-38 3
-0.268229 0.256875 0.371107 9.95857e-39 3
-0.257381 0.252184 0.364329 8.85222e-39 3
-0.244366 0.251037 0.362673 1.0972e-38 3
-0.238987 0.251609 0.363499 9.95857e-39 3
-0.233584 0.252184 0.364329 8.76002e-39 3
-0.229204 0.253923 0.366841 9.03733e-39 3
-0.224764 0.255686 0.369389 1.02359e-38 3
-0.220262 0.257474 0.371972 9.77489e-39 3
-0.214688 0.258076 0.372841 1.1711e-38 3
-0.209088 0.25868 0.373714 1.04199e-38 3
-0.204422 0.26051 0.376358 1.15262e-38 3
-0.199216 0.261745 0.378142 1.14341e-38 3
-0.1935 0.262367 0.37904 1.19861e-38 3
-0.186866 0.261745 0.378142 1.39223e-38 3
-0.180691 0.261745 0.378142 1.27252e-38 3
-0.174931 0.262367 0.37904 1.18947e-38 3
-0.168742 0.262367 0.37904 1.20794e-38 3
-0.161784 0.261126 0.377248 1.40145e-38 3
-0.156363 0.262367 0.37904 1.31847e-38 3
-0.150531 0.262991 0.379943 1.24482e-38 3
-0.145714 0.26552 0.383596 1.46609e-38 3
-0.140804 0.268098 0.38732 1.26333e-38 3
-0.130673 0.26051 0.376358 1.25408e-38 3
-0.125415 0.262367 0.37904 1.28174e-38 3
-0.118103 0.259897 0.375473 1.30939e-38 3
-0.112768 0.261745 0.378142 1.55843e-38 3
-0.108131 0.26552 0.383596 1.36485e-38 3
-0.101867 0.26552 0.383596 1.24489e-38 3
-0.0962975 0.267449 0.386383 1.29099e-38 3
-0.090426 0.26875 0.388263 1.29099e-38 3
-0.084497 0.270065 0.390161 1.30943e-38 3
-0.0719307 0.270727 0.391118 1.41077e-38 3
-0.0666881 0.275452 0.397945 1.42921e-38 3
-0.0612593 0.280346 0.405015 1.43843e-38 3
-0.0547847 0.28106 0.406046 1.50286e-38 3
-0.0479104 0.279637 0.40399 1.50297e-38 3
-0.0413135 0.279637 0.40399 1.41095e-38 3
-0.0347165 0.279637 0.40399 1.3834e-38 3
-0.0275614 0.274085 0.39597 1.39258e-38 3
-0.0209396 0.27206 0.393044 1.55846e-38 3
-0.0143797 0.269406 0.38921 1.73356e-38 3
-0.00775922 0.26051 0.376358 1.67825e-38 3
-0.001625 0.262367 0.37904 1.68761e-38 3
0.00460829 0.264884 0.382676 1.66924e-38 3
0.0108312 0.26425 0.381761 1.68768e-38 3
0.0169435 0.262367 0.37904 1.55872e-38 3
0.0232434 0.263619 0.38085 1.54017e-38 3
0.0294625 0.263619 0.38085 1.54017e-38 3
0.0355966 0.262991 0.379943 1.5218e-38 3
0.0418008 0.262991 0.379943 1.51258e-38 3
0.0483504 0.264884 0.382676 1.51265e-38 3
0.0548624 0.26616 0.38452 1.76151e-38 3
0.0608482 0.264884 0.382676 1.59549e-38 3
0.0669365 0.26425 0.381761 1.60467e-38 3
0.0729958 0.263619 0.38085 1.51237e-38 3
0.0784658 0.261126 0.377248 1.50318e-38 3
0.0846261 0.261126 0.377248 1.51248e-38 3
0.090147 0.259287 0.374591 1.40195e-38 3
0.114614 0.259287 0.374591 1.48475e-38 3
0.126255 0.258076 0.372841 1.50322e-38 3
0.132965 0.259287 0.374591 1.42035e-38 3
0.138432 0.258076 0.372841 1.31894e-38 3
0.143848 0.256875 0.371107 1.30057e-38 3
0.148869 0.255096 0.368536 1.4479e-38 3
0.237479 0.247106 0.356993 1.29113e-38 3
0.24115 0.244914 0.353827 1.32794e-38 3
0.247477 0.245459 0.354613 1.30939e-38 3
0.256113 0.248217 0.358598 1.18043e-38 3
0.261969 0.248217 0.358598 1.16199e-38 3
0.267224 0.24766 0.357794 1.18965e-38 3
0.268847 0.243833 0.352265 1.07901e-38 3
0.274599 0.243833 0.352265 1.10674e-38 3
0.280972 0.244373 0.353044 1.23582e-38 3
0.288011 0.245459 0.354613 1.21738e-38 3
0.293802 0.245459 0.354613 1.29113e-38 3
0.298267 0.244373 0.353044 1.19894e-38 3
0.306063 0.246005 0.355403 1.1805e-38 3
0.318246 0.251037 0.362673 1.2266e-38 3
0.324168 0.251037 0.362673 1.09752e-38 3
0.327855 0.249337 0.360217 1.13437e-38 3
0.332985 0.248776 0.359405 1.14358e-38 3
0.339619 0.249337 0.360217 1.06986e-38 3
0.344723 0.248776 0.359405 1.02377e-38 3
0.34902 0.24766 0.357794 1.06986e-38 3
0.351708 0.245459 0.354613 1.05143e-38 3
0.356706 0.244914 0.353827 1.07901e-38 3
0.359297 0.242761 0.350716 1.06057e-38 3
0.365024 0.242761 0.350716 9.68378e-39 3
0.37487 0.245459 0.354613 9.59158e-39 3
0.379817 0.244914 0.353827 7.56328e-39 3
0.392796 0.242229 0.349947 9.1306e-39 3
0.40071 0.240123 0.346904 8.66783e-39 3
-0.324277 0.264164 0.372841 7.28597e-39 3
-0.315243 0.261718 0.369389 7.65439e-39 3
-0.273019 0.261718 0.369389 1.09727e-38 3
-0.25563 0.256377 0.36185 7.83842e-39 3
-0.249156 0.255797 0.361032 1.01433e-38 3
-0.243261 0.255797 0.361032 9.68233e-39 3
-0.237903 0.256377 0.36185 8.94477e-39 3
-0.232522 0.25696 0.362673 1.05125e-38 3
-0.227634 0.258133 0.364329 1.04203e-38 3
-0.222702 0.259317 0.366 1.14358e-38 3
-0.21924 0.262325 0.370246 1.05128e-38 3
-0.21369 0.262935 0.371107 1.11582e-38 3
-0.2086 0.264164 0.372841 1.29092e-38 3
-0.203462 0.265404 0.374591 1.06043e-38 3
-0.198745 0.267287 0.377248 1.34624e-38 3
-0.192585 0.267287 0.377248 1.28159e-38 3
-0.185985 0.266656 0.376358 1.4752e-38 3
-0.180264 0.267287 0.377248 1.33709e-38 3
-0.174517 0.26792 0.378142 1.34627e-38 3
-0.168342 0.26792 0.378142 1.54907e-38 3
-0.161784 0.267287 0.377248 1.25404e-38 3
-0.155992 0.26792 0.378142 1.24471e-38 3
-0.149817 0.26792 0.378142 1.33694e-38 3
-0.143984 0.268556 0.37904 1.31858e-38 3
-0.140124 0.273097 0.385449 1.39233e-38 3
-0.12915 0.263548 0.371972 1.13422e-38 3
-0.123653 0.264783 0.373714 1.35549e-38 3
-0.11673 0.262935 0.371107 1.27252e-38 3
-0.110928 0.263548 0.371972 1.42014e-38 3
-0.105593 0.265404 0.374591 1.17124e-38 3
-0.100419 0.26792 0.378142 1.29099e-38 3
-0.0960649 0.273097 0.385449 1.45694e-38 3
-0.0910909 0.277113 0.391118 1.58602e-38 3
-0.0849123 0.277794 0.392079 1.30021e-38 3
-0.0719307 0.277113 0.391118 1.37389e-38 3
-0.0660295 0.279166 0.394015 1.42006e-38 3
-0.0609499 0.285511 0.40297 1.56758e-38 3
-0.0545073 0.286233 0.40399 1.47531e-38 3
-0.0473115 0.282656 0.39894 1.43854e-38 3
-0.0410021 0.284076 0.400945 1.43868e-38 3
-0.0139708 0.26792 0.378142 1.49386e-38 3
-0.0076867 0.264164 0.372841 1.50308e-38 3
-0.00160971 0.266029 0.375473 1.67825e-38 3
0.00455369 0.26792 0.378142 1.89037e-38 3
0.0106779 0.266656 0.376358 1.84434e-38 3
0.0168236 0.266656 0.376358 1.70612e-38 3
0.0230236 0.267287 0.377248 1.69683e-38 3
0.029253 0.26792 0.378142 1.55861e-38 3
0.0354279 0.26792 0.378142 1.40195e-38 3
0.0415044 0.267287 0.377248 1.51265e-38 3
0.047891 0.268556 0.37904 1.52198e-38 3
0.0540806 0.268556 0.37904 1.57719e-38 3
0.0602701 0.268556 0.37904 1.55872e-38 3
0.0664596 0.268556 0.37904 1.64158e-38 3
0.0723056 0.267287 0.377248 1.51251e-38 3
0.0832484 0.262935 0.371107 1.43883e-38 3
0.231775 0.246861 0.348419 1.30957e-38 3
0.23903 0.248488 0.350716 1.28191e-38 3
0.245296 0.249036 0.351489 1.30035e-38 3
0.256113 0.254072 0.358598 1.38326e-38 3
0.260797 0.252936 0.356993 1.4017e-38 3
0.266031 0.252371 0.356196 1.17121e-38 3
0.267665 0.248488 0.350716 1.13433e-38 3
0.272196 0.247401 0.349182 1.14358e-38 3
0.277291 0.246861 0.348419 1.25426e-38 3
0.28298 0.246861 0.348419 1.30035e-38 3
0.289301 0.247401 0.349182 1.23589e-38 3
0.291811 0.244723 0.345403 1.25433e-38 3
0.296169 0.243669 0.343914 1.32808e-38 3
0.322039 0.250692 0.353827 1.23578e-38 3
0.327092 0.250138 0.353044 1.16202e-38 3
0.334336 0.251249 0.354613 1.06986e-38 3
0.340884 0.251809 0.355403 1.06064e-38 3
0.348239 0.252936 0.356993 1.1805e-38 3
0.350152 0.250138 0.353044 1.14362e-38 3
0.358509 0.247943 0.349947 1.06979e-38 3
0.364224 0.247943 0.349947 1.03291e-38 3
0.375705 0.251809 0.355403 9.77597e-39 3
0.379817 0.250692 0.353827 1.03291e-38 3
0.383047 0.249036 0.351489 9.03733e-39 3
0.389645 0.249585 0.352265 9.1306e-39 3
-0.319059 0.265903 0.366841 8.20757e-39 3
-0.271509 0.260513 0.359405 9.95857e-39 3
-0.267447 0.262286 0.36185 9.86637e-39 3
-0.260358 0.261102 0.360217 1.03277e-38 3
-0.253903 0.260513 0.359405 9.77453e-39 3
-0.248034 0.260513 0.359405 1.06972e-38 3
-0.241621 0.259928 0.358598 1.09738e-38 3
-0.236296 0.260513 0.359405 1.125e-38 3
-0.230947 0.261102 0.360217 1.18032e-38 3
-0.225574 0.261692 0.361032 1.09749e-38 3
-0.220677 0.262882 0.362673 1.06061e-38 3
-0.217224 0.265903 0.366841 1.1527e-38 3
-0.2127 0.26775 0.369389 1.0605e-38 3
-0.208114 0.269622 0.371972 1.24482e-38 3
-0.202512 0.270252 0.372841 1.20794e-38 3
-0.19781 0.27216 0.375473 1.24482e-38 3
-0.191679 0.27216 0.375473 1.27237e-38 3
-0.185112 0.271521 0.374591 1.40148e-38 3
-0.178995 0.271521 0.374591 1.36475e-38 3
-0.167154 0.27216 0.375473 1.42925e-38 3
-0.126786 0.264686 0.365162 1.18028e-38 3
-0.121379 0.265903 0.366841 1.24486e-38 3
-0.114598 0.264082 0.364329 1.30017e-38 3
-0.108401 0.263481 0.363499 1.2634e-38 3
-0.102233 0.262882 0.362673 1.39251e-38 3
-0.0717548 0.282807 0.390161 1.3278e-38 3
-0.0471124 0.253103 0.349182 1.58602e-38 3
-0.0412301 0.252 0.34766 1.45709e-38 3
-0.035553 0.252 0.34766 1.36493e-38 3
-0.00756301 0.265903 0.366841 1.43854e-38 3
-0.0015947 0.269622 0.371972 1.53988e-38 3
0.00447939 0.269622 0.371972 1.65981e-38 3
0.0104319 0.266516 0.367687 1.65073e-38 3
0.016474 0.267132 0.368536 1.54939e-38 3
0.0224401 0.266516 0.367687 1.5401e-38 3
0.0287088 0.268995 0.371107 1.54939e-38 3
0.0349312 0.270252 0.372841 1.60485e-38 3
0.0412121 0.271521 0.374591 1.91842e-38 3
0.0475522 0.272802 0.376358 1.55886e-38 3
0.0536979 0.272802 0.376358 1.30993e-38 3
0.0598436 0.272802 0.376358 1.51265e-38 3
0.0821028 0.265294 0.366 1.34667e-38 3
0.2249 0.245059 0.338085 1.34645e-38 3
0.232888 0.247683 0.341704 1.29113e-38 3
0.257912 0.255903 0.353044 1.32794e-38 3
0.262515 0.254775 0.351489 1.22653e-38 3
0.259675 0.246627 0.340247 1.28188e-38 3
0.268497 0.244541 0.33737 1.1989e-38 3
0.274006 0.244541 0.33737 1.3373e-38 3
0.283107 0.247683 0.341704 1.36507e-38 3
0.291767 0.24558 0.338802 1.3373e-38 3
0.298567 0.246627 0.340247 1.30043e-38 3
0.30674 0.248748 0.343174 1.28199e-38 3
0.318508 0.253658 0.349947 1.245e-38 3
0.321403 0.251452 0.346904 1.18968e-38 3
0.323551 0.248748 0.343174 1.10674e-38 3
0.335651 0.253658 0.349947 1.11596e-38 3
-0.316873 0.270031 0.364329 6.45585e-39 3
-0.30811 0.267588 0.361032 7.19342e-39 3
-0.302215 0.267588 0.361032 1.02352e-38 3
-0.29632 0.267588 0.361032 1.04195e-38 3
-0.260939 0.261668 0.353044 1.18025e-38 3
-0.256879 0.263416 0.355403 1.08798e-38 3
-0.252199 0.264595 0.356993 1.11575e-38 3
-0.246369 0.264595 0.356993 1.13422e-38 3
-0.24054 0.264595 0.356993 1.07894e-38 3
-0.235236 0.265188 0.357794 1.22642e-38 3
-0.229909 0.265784 0.358598 9.95964e-39 3
-0.224558 0.266382 0.359405 1.1527e-38 3
-0.218689 0.266382 0.359405 9.31427e-39 3
-0.204772 0.27127 0.366 1.14341e-38 3
-0.199253 0.271894 0.366841 1.14341e-38 3
-0.196423 0.276341 0.372841 1.24482e-38 3
-0.190781 0.276988 0.373714 1.31858e-38 3
-0.184247 0.276341 0.372841 1.35549e-38 3
-0.178158 0.276341 0.372841 1.24489e-38 3
-0.113819 0.268194 0.36185 1.23564e-38 3
-0.106224 0.264004 0.356196 1.33716e-38 3
-0.0862708 0.256559 0.346152 1.36475e-38 3
-0.0525842 0.257677 0.34766 1.40177e-38 3
-0.0468052 0.257117 0.346904 1.32798e-38 3
-0.0408739 0.255451 0.344657 1.51244e-38 3
-0.0353221 0.256004 0.345403 1.35571e-38 3
-0.0298759 0.257677 0.34766 1.44797e-38 3
-0.0241462 0.257117 0.346904 1.50336e-38 3
-0.0184815 0.257117 0.346904 1.47574e-38 3
-0.0128727 0.25824 0.348419 1.4663e-38 3
-0.00742643 0.266984 0.360217 1.61364e-38 3
-0.0015513 0.268194 0.36185 1.65052e-38 3
0.0043575 0.268194 0.36185 1.71513e-38 3
0.0102896 0.268804 0.362673 1.6046e-38 3
0.0162119 0.268804 0.362673 1.70619e-38 3
0.0220839 0.268194 0.36185 1.68765e-38 3
0.0279927 0.268194 0.36185 1.66002e-38 3
0.0339786 0.268804 0.362673 1.60485e-38 3
0.0404524 0.27252 0.367687 1.76169e-38 3
0.0473289 0.277638 0.374591 1.71566e-38 3
0.228485 0.248474 0.335244 1.30043e-38 3
0.251438 0.249523 0.336658 1.23582e-38 3
0.255856 0.248474 0.335244 1.25426e-38 3
0.260783 0.247953 0.334541 1.26344e-38 3
0.266805 0.248474 0.335244 1.32798e-38 3
0.273428 0.249523 0.336658 1.45709e-38 3
0.280702 0.251112 0.338802 1.4756e-38 3
0.290533 0.25005 0.33737 1.34652e-38 3
0.29667 0.25058 0.338085 1.37418e-38 3
0.30219 0.25058 0.338085 1.28199e-38 3
0.311006 0.253263 0.341704 1.25422e-38 3
0.321548 0.248474 0.335244 1.18043e-38 3
-0.314718 0.274103 0.36185 8.57635e-39 3
-0.306033 0.271639 0.358598 7.28489e-39 3
-0.299504 0.27103 0.357794 9.40539e-39 3
-0.2917 0.269219 0.355403 8.85222e-39 3
-0.270455 0.259956 0.343174 8.76075e-39 3
-0.263717 0.258843 0.341704 1.05125e-38 3
-0.258137 0.258843 0.341704 1.06961e-38 3
-0.256959 0.263354 0.34766 1.04199e-38 3
-0.24831 0.266255 0.351489 1.02355e-38 3
-0.244184 0.268026 0.353827 1.04203e-38 3
-0.238936 0.268621 0.354613 1.1527e-38 3
-0.233145 0.268621 0.354613 1.1066e-38 3
-0.226851 0.268026 0.353827 1.18957e-38 3
-0.222058 0.269219 0.355403 1.1527e-38 3
-0.215295 0.268026 0.353827 1.1066e-38 3
-0.208592 0.266842 0.352265 1.17106e-38 3
-0.190781 0.28309 0.373714 1.23564e-38 3
-0.147807 0.261079 0.344657 1.28188e-38 3
-0.141872 0.260516 0.343914 1.13419e-38 3
-0.137143 0.262212 0.346152 1.12497e-38 3
-0.132352 0.263929 0.348419 1.2356e-38 3
-0.0941055 0.252886 0.333841 1.26348e-38 3
-0.0832026 0.252886 0.333841 1.14348e-38 3
-0.0678418 0.256644 0.338802 1.53073e-38 3
-0.057758 0.261079 0.344657 1.43872e-38 3
-0.0519057 0.259956 0.343174 1.25433e-38 3
-0.0465019 0.261079 0.344657 1.26351e-38 3
-0.0406107 0.259398 0.342438 1.32808e-38 3
-0.0350189 0.259398 0.342438 1.48482e-38 3
-0.0296178 0.261079 0.344657 1.54939e-38 3
-0.0240417 0.261644 0.345403 1.44805e-38 3
-0.0184414 0.262212 0.346152 1.56794e-38 3
-0.0128167 0.262782 0.346904 1.4479e-38 3
-0.00719892 0.264507 0.349182 1.52151e-38 3
-0.00151355 0.267433 0.353044 1.65052e-38 3
0.00426088 0.268026 0.353827 1.61364e-38 3
0.0102663 0.274103 0.36185 1.60449e-38 3
0.0161751 0.274103 0.36185 1.64158e-38 3
0.0220839 0.274103 0.36185 1.49404e-38 3
0.0279927 0.274103 0.36185 1.47563e-38 3
0.0339786 0.274726 0.362673 1.58645e-38 3
0.226581 0.251832 0.33245 1.36496e-38 3
0.260237 0.252886 0.333841 1.2266e-38 3
0.266246 0.253416 0.334541 1.27273e-38 3
0.272279 0.253949 0.335244 1.37411e-38 3
0.279515 0.255559 0.33737 1.29121e-38 3
0.284423 0.25502 0.336658 1.31886e-38 3
0.288702 0.253949 0.335244 1.30964e-38 3
0.292946 0.252886 0.333841 1.34652e-38 3
-0.299966 0.271994 0.351489 9.12809e-39 3
-0.294227 0.271994 0.351489 7.1927e-39 3
-0.270817 0.260518 0.336658 9.5905e-39 3
-0.265881 0.261068 0.33737 9.5905e-39 3
-0.260923 0.261621 0.338085 8.29976e-39 3
-0.255945 0.262177 0.338802 1.04199e-38 3
-0.253099 0.26499 0.342438 1.00511e-38 3
-0.245071 0.268446 0.346904 1.08812e-38 3
-0.241507 0.270801 0.349947 8.85365e-39 3
-0.236831 0.271994 0.351489 1.04206e-38 3
-0.230078 0.270801 0.349947 1.12504e-38 3
-0.192634 0.258879 0.334541 1.30014e-38 3
-0.18678 0.258338 0.333841 1.24482e-38 3
-0.18095 0.257798 0.333144 1.30936e-38 3
-0.175144 0.257261 0.33245 1.20794e-38 3
-0.170425 0.258338 0.333841 1.28173e-38 3
-0.16532 0.258879 0.334541 1.19876e-38 3
-0.160869 0.260518 0.336658 1.22645e-38 3
-0.155371 0.260518 0.336658 1.19879e-38 3
-0.150829 0.262177 0.338802 1.30954e-38 3
-0.145296 0.262177 0.338802 1.3372e-38 3
-0.139764 0.262177 0.338802 1.22645e-38 3
-0.134231 0.262177 0.338802 1.3924e-38 3
-0.128973 0.262735 0.339523 1.34631e-38 3
-0.0782423 0.259969 0.335949 1.20798e-38 3
-0.0733743 0.262177 0.338802 1.41084e-38 3
-0.0676981 0.261621 0.338085 1.38322e-38 3
-0.0623094 0.262177 0.338802 1.25429e-38 3
-0.0568978 0.262735 0.339523 1.37418e-38 3
-0.0512445 0.262177 0.338802 1.4756e-38 3
-0.045907 0.263295 0.340247 1.4018e-38 3
-0.0402651 0.262735 0.339523 1.45716e-38 3
-0.0347949 0.263295 0.340247 1.41109e-38 3
-0.0292389 0.263295 0.340247 1.57705e-38 3
-0.023938 0.266132 0.343914 1.53106e-38 3
-0.0184015 0.267284 0.345403 1.75233e-38 3
-0.0127889 0.267864 0.346152 1.51244e-38 3
-0.00719892 0.270209 0.349182 1.79821e-38 3
-0.00150357 0.271396 0.350716 1.62293e-38 3
0.00422342 0.271396 0.350716 1.46612e-38 3
0.0101285 0.276254 0.356993 1.70591e-38 3
0.0161385 0.279379 0.361032 1.76144e-38 3
0.291896 1.58315 2.04585 1.67879e-38 3
0.309435 1.50592 1.94605 1.68808e-38 3
0.276592 0.258338 0.333841 1.3373e-38 3
-0.275733 0.265455 0.335949 1.08812e-38 3
-0.269114 0.264342 0.334541 1.03291e-38 3
-0.264205 0.264897 0.335244 1.09734e-38 3
-0.259823 0.266015 0.336658 9.5905e-39 3
-0.254325 0.266015 0.336658 1.18028e-38 3
-0.249354 0.266577 0.33737 9.95892e-39 3
-0.243845 0.266577 0.33737 1.03284e-38 3
-0.238841 0.267142 0.338085 1.28181e-38 3
-0.232827 0.266577 0.33737 1.19883e-38 3
-0.220411 0.264897 0.335244 1.13426e-38 3
-0.196859 0.26269 0.33245 1.15262e-38 3
-0.19143 0.26269 0.33245 1.33702e-38 3
-0.17007 0.263238 0.333144 1.28173e-38 3
-0.164974 0.263789 0.333841 1.28173e-38 3
-0.160193 0.264897 0.335244 1.22645e-38 3
-0.155044 0.265455 0.335949 1.30014e-38 3
-0.150509 0.267142 0.338085 1.42939e-38 3
-0.145296 0.267709 0.338802 1.30957e-38 3
-0.139764 0.267709 0.338802 1.18046e-38 3
-0.134231 0.267709 0.338802 1.28188e-38 3
-0.128973 0.268279 0.339523 1.23578e-38 3
-0.124488 0.270582 0.342438 1.20816e-38 3
-0.0782423 0.265455 0.335949 1.18043e-38 3
-0.0732188 0.267142 0.338085 1.44772e-38 3
-0.0676981 0.267142 0.338085 1.35556e-38 3
-0.0623094 0.267709 0.338802 1.18975e-38 3
-0.0568978 0.268279 0.339523 1.21756e-38 3
-0.0511359 0.267142 0.338085 1.35585e-38 3
-0.0458093 0.268279 0.339523 1.35578e-38 3
-0.0401796 0.267709 0.338802 1.5402e-38 3
-0.0345007 0.266577 0.33737 1.44801e-38 3
-0.029053 0.267142 0.338085 1.56794e-38 3
-0.00715197 0.274111 0.346904 1.69683e-38 3
0.00992859 0.276516 0.349947 1.80743e-38 3
