# .PCD v0.7 - Point Cloud Data file format
VERSION 0.7
FIELDS x y z rgb label
SIZE 4 4 4 4 4
TYPE F F F F U
COUNT 1 1 1 1 1
WIDTH 3519
HEIGHT 1
VIEWPOINT 0 0 0 1 0 0 0
POINTS 3519
DATA ascii
2.30216 0.501517 5.69914 3.96262e-39 1
2.39522 0.501517 5.69914 2.30417e-39 1
-3.49066 0.520472 3.79943 1.75208e-39 1
-0.901082 0.17078 1.24669 2.11871e-39 3
-0.805234 0.156142 1.13983 2.67188e-39 3
-0.72452 0.143815 1.04984 2.02759e-39 3
-0.69819 0.141947 1.03621 2.30489e-39 3
-0.681269 0.141947 1.03621 2.85878e-39 3
-0.655831 0.140127 1.02292 2.67295e-39 3
-0.639127 0.140127 1.02292 2.48749e-39 3
-0.622423 0.140127 1.02292 3.22613e-39 3
-0.613586 0.141947 1.03621 2.76515e-39 3
-0.675636 0.160734 1.17335 2.21198e-39 3
-3.332 0.556037 3.62673 3.22685e-39 3
-2.66671 0.453067 2.95511 1.65881e-39 3
-2.28059 0.394607 2.57381 2.67295e-39 3
-2.23856 0.394607 2.57381 2.21126e-39 3
-2.19653 0.394607 2.57381 4.51614e-39 3
-0.92144 0.191138 1.24669 2.11979e-39 3
-0.901082 0.191138 1.24669 2.48749e-39 3
-0.805234 0.174754 1.13983 3.22505e-39 3
-0.72452 0.160958 1.04984 2.11978e-39 3
-0.69819 0.158868 1.03621 2.76515e-39 3
-0.681269 0.158868 1.03621 2.58148e-39 3
-0.647529 0.154846 1.00997 2.94954e-39 3
-0.639127 0.156831 1.02292 2.57932e-39 3
-0.622423 0.156831 1.02292 1.84175e-39 3
-0.60572 0.156831 1.02292 2.30417e-39 3
-0.596666 0.158868 1.03621 2.76515e-39 3
0.428867 0.194172 1.26648 2.85806e-39 3
0.435716 0.188197 1.22751 4.42574e-39 3
0.45576 0.188197 1.22751 2.21341e-39 3
0.475805 0.188197 1.22751 3.68711e-39 3
0.495849 0.188197 1.22751 3.68711e-39 3
0.515894 0.188197 1.22751 2.9499e-39 3
0.512294 0.179894 1.17335 3.04209e-39 3
-3.18713 0.588509 3.46904 2.39637e-39 3
-2.20932 0.422991 2.49337 2.48856e-39 3
-2.23856 0.436635 2.57381 2.76443e-39 3
-0.92144 0.211495 1.24669 2.94955e-39 3
-0.901082 0.211495 1.24669 2.57968e-39 3
-0.841289 0.202025 1.19087 3.31725e-39 3
-0.72452 0.178101 1.04984 2.39637e-39 3
-0.672007 0.169196 0.99735 2.58076e-39 3
-0.655721 0.169196 0.99735 2.39709e-39 3
-0.639435 0.169196 0.99735 3.40944e-39 3
-0.639127 0.173535 1.02292 2.21054e-39 3
-0.606863 0.169196 0.99735 2.9481e-39 3
-0.598052 0.171338 1.00997 3.13393e-39 3
-0.574291 0.169196 0.99735 2.58076e-39 3
0.207981 0.221897 1.308 3.96513e-39 3
0.436259 0.287994 1.69762 3.59635e-39 3
0.463981 0.287994 1.69762 2.95205e-39 3
0.491702 0.287994 1.69762 3.41195e-39 3
0.498222 0.276239 1.62833 3.50344e-39 3
0.43586 0.229419 1.35234 3.22578e-39 3
0.422166 0.211495 1.24669 3.78002e-39 3
0.435716 0.208242 1.22751 3.50378e-39 3
0.448855 0.205086 1.20891 3.22756e-39 3
0.468596 0.205086 1.20891 4.05624e-39 3
0.495849 0.208242 1.22751 3.59527e-39 3
0.515894 0.208242 1.22751 3.41088e-39 3
0.527818 0.205086 1.20891 4.51722e-39 3
0.531454 0.199054 1.17335 3.04281e-39 3
1.71214 0.436635 2.57381 3.68819e-39 3
2.17478 0.483418 2.84957 2.30489e-39 3
-3.18713 0.645156 3.46904 2.39637e-39 3
-2.4828 0.511675 2.75131 2.48856e-39 3
-2.28059 0.478664 2.57381 2.58076e-39 3
-0.672007 0.185482 0.99735 2.58112e-39 3
-0.639728 0.180958 0.973024 3.04246e-39 3
-0.623839 0.180958 0.973024 2.21198e-39 3
-0.60795 0.180958 0.973024 2.02651e-39 3
-0.592061 0.180958 0.973024 2.21198e-39 3
-0.583286 0.183192 0.985037 1.47441e-39 3
-0.546943 0.17665 0.949857 3.59491e-39 3
-0.480004 0.159555 0.857935 3.41053e-39 3
0.207981 0.243256 1.308 3.50343e-39 3
0.22934 0.243256 1.308 3.87221e-39 3
0.254877 0.24731 1.3298 4.5183e-39 3
0.28613 0.255838 1.37565 4.5183e-39 3
0.357968 0.296772 1.59576 2.21341e-39 3
0.400027 0.309137 1.66225 3.78073e-39 3
0.427171 0.309137 1.66225 3.41195e-39 3
0.454314 0.309137 1.66225 3.68962e-39 3
0.471632 0.302828 1.62833 3.78074e-39 3
0.478684 0.290953 1.56447 3.7793e-39 3
0.43586 0.251502 1.35234 3.22613e-39 3
0.435785 0.239332 1.2869 4.51759e-39 3
0.501266 0.26263 1.41218 3.50379e-39 3
0.448855 0.224827 1.20891 4.5183e-39 3
0.542585 0.260326 1.39979 3.135e-39 3
0.495849 0.228286 1.22751 5.2555e-39 3
0.508077 0.224827 1.20891 4.24135e-39 3
0.516089 0.219831 1.18204 4.0566e-39 3
0.512608 0.210476 1.13174 4.70197e-39 3
1.09065 0.235533 1.26648 2.76587e-39 3
-2.52772 0.556603 2.75131 3.22541e-39 3
-2.11768 0.474749 2.34671 2.58004e-39 3
-2.07936 0.474749 2.34671 1.93539e-39 3
-0.672007 0.201769 0.99735 3.50308e-39 3
-0.639728 0.196847 0.973024 2.58112e-39 3
-0.623839 0.196847 0.973024 2.48857e-39 3
-0.60795 0.196847 0.973024 3.40944e-39 3
-0.577965 0.19216 0.949857 3.31832e-39 3
-0.583286 0.199278 0.985037 2.76515e-39 3
-0.510481 0.17935 0.886533 2.76515e-39 3
0.201379 0.256214 1.26648 3.87221e-39 3
0.222059 0.256214 1.26648 4.42539e-39 3
0.250699 0.264614 1.308 4.88708e-39 3
0.276592 0.269025 1.3298 4.88708e-39 3
0.308593 0.278301 1.37565 3.78073e-39 3
0.369256 0.310413 1.53438 4.97892e-39 3
0.410084 0.32283 1.59576 4.70304e-39 3
0.436142 0.32283 1.59576 3.9662e-39 3
0.471632 0.329418 1.62833 4.79489e-39 3
0.420911 0.278301 1.37565 4.42503e-39 3
0.443375 0.278301 1.37565 5.80761e-39 3
0.457943 0.273584 1.35234 5.25515e-39 3
0.488302 0.278301 1.37565 5.07111e-39 3
0.510766 0.278301 1.37565 4.61049e-39 3
0.53323 0.278301 1.37565 5.80868e-39 3
0.550944 0.275923 1.3639 4.14916e-39 3
0.508077 0.244568 1.20891 5.07111e-39 3
0.51994 0.240918 1.19087 5.53173e-39 3
0.512608 0.228957 1.13174 3.78074e-39 3
0.558832 0.240918 1.19087 3.78074e-39 3
0.925207 0.256214 1.26648 3.1343e-39 3
1.02419 0.260346 1.2869 3.41052e-39 3
1.08004 0.269025 1.3298 3.04246e-39 3
1.12347 0.269025 1.3298 3.04282e-39 3
1.09065 0.256214 1.26648 3.13465e-39 3
1.02962 0.237375 1.17335 2.11906e-39 3
-2.03622 0.484566 2.21633 2.85663e-39 3
-0.663711 0.215363 0.985037 2.67404e-39 3
-0.639728 0.212736 0.973024 2.39673e-39 3
-0.616323 0.210173 0.961301 3.9637e-39 3
-0.600626 0.210173 0.961301 4.33248e-39 3
-0.571165 0.205228 0.938682 3.87222e-39 3
-0.590577 0.218055 0.99735 4.3332e-39 3
-0.574291 0.218055 0.99735 4.51579e-39 3
-0.490553 0.191696 0.876791 4.88458e-39 3
-0.476236 0.191696 0.876791 3.22505e-39 3
-0.568739 0.342046 1.56447 4.05661e-39 3
0.210814 0.323044 1.47756 5.71613e-39 3
0.207981 0.285973 1.308 5.90087e-39 3
0.222059 0.276895 1.26648 5.90015e-39 3
0.250699 0.285973 1.308 5.16367e-39 3
0.276592 0.29074 1.3298 4.88708e-39 3
0.325426 0.31717 1.45069 6.08526e-39 3
0.362289 0.329139 1.50543 4.51794e-39 3
0.410084 0.348887 1.59576 5.90123e-39 3
0.436142 0.348887 1.59576 5.81012e-39 3
0.462199 0.348887 1.59576 4.70269e-39 3
0.4103 0.293183 1.34097 6.08419e-39 3
0.432198 0.293183 1.34097 4.88565e-39 3
0.461857 0.298194 1.3639 5.53173e-39 3
0.484129 0.298194 1.3639 5.3477e-39 3
0.5064 0.298194 1.3639 5.44026e-39 3
0.528672 0.298194 1.3639 5.34842e-39 3
0.546275 0.295667 1.35234 4.61085e-39 3
0.540856 0.281361 1.2869 5.44026e-39 3
0.535938 0.268375 1.22751 4.97928e-39 3
0.51627 0.249205 1.13983 5.62465e-39 3
0.534883 0.249205 1.13983 3.22864e-39 3
0.520063 0.234153 1.07098 4.88708e-39 3
0.537551 0.234153 1.07098 4.88637e-39 3
0.570351 0.240612 1.10052 3.78002e-39 3
0.629216 0.235735 1.07822 3.87222e-39 3
0.646823 0.235735 1.07822 4.79417e-39 3
0.655571 0.232592 1.06384 4.24172e-39 3
0.672942 0.232592 1.06384 4.97893e-39 3
0.681231 0.229531 1.04984 3.59528e-39 3
0.987933 0.295667 1.35234 4.70234e-39 3
0.945888 0.276895 1.26648 3.59528e-39 3
1.0321 0.295667 1.35234 3.41017e-39 3
1.03661 0.29074 1.3298 2.94955e-39 3
1.05833 0.29074 1.3298 4.05589e-39 3
1.11728 0.300765 1.37565 4.05661e-39 3
1.13975 0.300765 1.37565 4.241e-39 3
1.12347 0.29074 1.3298 4.70162e-39 3
1.10824 0.281361 1.2869 3.31833e-39 3
1.09397 0.272568 1.24669 4.05517e-39 3
1.04878 0.256535 1.17335 3.77858e-39 3
1.02281 0.245695 1.12377 2.48784e-39 3
1.04117 0.245695 1.12377 3.59419e-39 3
1.05952 0.245695 1.12377 3.13286e-39 3
-0.672007 0.234341 0.99735 3.96478e-39 3
-0.647626 0.231448 0.985037 3.0421e-39 3
-0.769245 0.281914 1.19982 3.68711e-39 3
-0.738547 0.277737 1.18204 3.50272e-39 3
-0.735591 0.284049 1.20891 3.96478e-39 3
-0.62166 0.246675 1.04984 2.95026e-39 3
-0.670704 0.273683 1.16479 4.60799e-39 3
-0.603248 0.253341 1.07822 2.94847e-39 3
-0.568739 0.367593 1.56447 5.71613e-39 3
0.222576 0.328899 1.39979 5.80868e-39 3
0.22934 0.307332 1.308 5.34698e-39 3
0.250699 0.307332 1.308 5.16331e-39 3
0.276592 0.312454 1.3298 5.25622e-39 3
0.325426 0.340859 1.45069 5.16331e-39 3
0.369256 0.360524 1.53438 5.53209e-39 3
0.410084 0.374945 1.59576 5.07147e-39 3
0.436142 0.374945 1.59576 5.16367e-39 3
0.462199 0.374945 1.59576 5.90124e-39 3
0.406881 0.312454 1.3298 6.26894e-39 3
0.432198 0.31508 1.34097 5.25479e-39 3
0.457943 0.31775 1.35234 5.62393e-39 3
0.480026 0.31775 1.35234 5.90087e-39 3
0.5064 0.320466 1.3639 6.73099e-39 3
0.524192 0.31775 1.35234 5.8094e-39 3
0.541684 0.31508 1.34097 5.625e-39 3
0.511956 0.286218 1.21814 4.70269e-39 3
0.504869 0.271699 1.15635 5.71685e-39 3
0.512608 0.265919 1.13174 5.07255e-39 3
0.531089 0.265919 1.13174 5.07148e-39 3
0.523577 0.253341 1.07822 6.27002e-39 3
0.541183 0.253341 1.07822 5.44026e-39 3
0.574312 0.260379 1.10817 6.36221e-39 3
0.533167 0.234341 0.99735 5.43918e-39 3
0.57086 0.243471 1.03621 6.36006e-39 3
0.629216 0.253341 1.07822 5.53174e-39 3
0.646823 0.253341 1.07822 3.96441e-39 3
0.66443 0.253341 1.07822 4.42539e-39 3
0.987933 0.31775 1.35234 3.87294e-39 3
1.01002 0.31775 1.35234 3.78002e-39 3
1.04989 0.323229 1.37565 3.8715e-39 3
1.09117 0.328899 1.39979 3.50272e-39 3
1.09482 0.323229 1.37565 3.87222e-39 3
1.13689 0.328899 1.39979 3.68782e-39 3
1.13975 0.323229 1.37565 3.41196e-39 3
1.1826 0.328899 1.39979 3.68747e-39 3
1.11433 0.292926 1.24669 2.39672e-39 3
1.08388 0.27981 1.19087 3.50272e-39 3
1.0871 0.275695 1.17335 3.31832e-39 3
1.10626 0.275695 1.17335 2.67188e-39 3
-0.672007 0.250627 0.99735 4.42575e-39 3
-0.655721 0.250627 0.99735 3.87222e-39 3
-0.757849 0.297039 1.18204 3.9637e-39 3
-0.647428 0.260392 1.03621 3.13393e-39 3
-0.724612 0.299256 1.19087 2.85878e-39 3
-0.699943 0.297039 1.18204 2.76587e-39 3
-0.651677 0.284399 1.13174 2.85735e-39 3
-0.836887 0.455685 1.81336 4.1488e-39 3
-0.807275 0.455685 1.81336 4.3332e-39 3
-0.712859 0.417712 1.66225 4.05661e-39 3
-0.475503 0.328691 1.308 4.6105e-39 3
-0.477634 0.345692 1.37565 4.33319e-39 3
0.218739 0.345692 1.37565 6.73063e-39 3
0.22934 0.328691 1.308 7.376e-39 3
0.325426 0.364548 1.45069 7.83698e-39 3
0.400027 0.417712 1.66225 6.91502e-39 3
0.454314 0.417712 1.66225 6.91574e-39 3
0.462199 0.401003 1.59576 6.54624e-39 3
0.46062 0.378305 1.50543 5.2555e-39 3
0.43586 0.339833 1.35234 5.99235e-39 3
0.457943 0.339833 1.35234 6.45405e-39 3
0.475992 0.336977 1.34097 5.80832e-39 3
0.49789 0.336977 1.34097 5.62465e-39 3
0.519787 0.336977 1.34097 7.00758e-39 3
0.528364 0.328691 1.308 6.73099e-39 3
0.523955 0.313284 1.24669 5.34806e-39 3
0.501237 0.288491 1.14803 6.36222e-39 3
0.501929 0.278474 1.10817 6.731e-39 3
0.516438 0.276554 1.10052 5.25587e-39 3
0.523577 0.270948 1.07822 4.79489e-39 3
0.537551 0.26913 1.07098 5.34806e-39 3
0.566444 0.27466 1.09299 4.24172e-39 3
0.546838 0.257053 1.02292 3.04245e-39 3
0.57086 0.260392 1.03621 4.33283e-39 3
0.587781 0.260392 1.03621 3.96441e-39 3
0.624993 0.26913 1.07098 4.33248e-39 3
0.629801 0.263818 1.04984 5.62357e-39 3
0.638543 0.260392 1.03621 3.77858e-39 3
0.64706 0.257053 1.02292 6.36006e-39 3
0.663764 0.257053 1.02292 5.07004e-39 3
0.971467 0.334169 1.3298 4.51759e-39 3
0.993182 0.334169 1.3298 3.13465e-39 3
1.04989 0.345692 1.37565 3.68783e-39 3
1.11066 0.358038 1.42479 3.31905e-39 3
1.11403 0.351757 1.39979 3.78002e-39 3
1.22269 0.378305 1.50543 2.58219e-39 3
1.32211 0.401003 1.59576 3.31976e-39 3
2.40744 0.716077 2.84957 2.48964e-39 3
2.68962 0.742598 2.95511 2.2127e-39 3
1.10332 0.299256 1.19087 3.59491e-39 3
1.15732 0.308464 1.22751 3.8715e-39 3
1.17736 0.308464 1.22751 1.84212e-39 3
-0.752277 0.314015 1.17335 3.04174e-39 3
-0.727765 0.311723 1.16479 4.42467e-39 3
-0.713956 0.314015 1.17335 4.97928e-39 3
-0.689725 0.311723 1.16479 4.241e-39 3
-0.856349 0.496582 1.85553 4.79417e-39 3
-0.807275 0.485296 1.81336 4.33356e-39 3
-0.0792661 0.246856 0.922404 6.45476e-39 3
-0.0645771 0.248291 0.927767 5.90231e-39 3
-0.0512137 0.257266 0.961301 7.10086e-39 3
-0.0355162 0.257266 0.961301 7.4682e-39 3
0.391694 0.361916 1.35234 6.17674e-39 3
0.413777 0.361916 1.35234 6.82355e-39 3
0.451154 0.374615 1.39979 7.0065e-39 3
0.442929 0.35005 1.308 7.92918e-39 3
0.472026 0.355884 1.3298 6.3615e-39 3
0.470229 0.338937 1.26648 6.27002e-39 3
0.483239 0.333641 1.24669 7.00758e-39 3
0.503597 0.333641 1.24669 7.37637e-39 3
0.515894 0.328508 1.22751 6.8232e-39 3
0.527818 0.323531 1.20891 6.54661e-39 3
0.505439 0.298644 1.11592 6.45369e-39 3
0.516438 0.294525 1.10052 6.36221e-39 3
0.527138 0.290518 1.08555 4.97928e-39 3
0.541183 0.288555 1.07822 5.16475e-39 3
0.562591 0.290518 1.08555 6.45549e-39 3
0.568711 0.284707 1.06384 7.28345e-39 3
0.582202 0.282822 1.05679 7.1909e-39 3
0.599459 0.282822 1.05679 6.17711e-39 3
0.616715 0.282822 1.05679 6.54517e-39 3
0.621622 0.277312 1.03621 5.43918e-39 3
0.642716 0.279125 1.04298 5.34554e-39 3
0.638869 0.270292 1.00997 5.71289e-39 3
0.655362 0.270292 1.00997 3.87078e-39 3
0.680468 0.273757 1.02292 4.51687e-39 3
1.03609 0.388237 1.45069 4.88637e-39 3
0.94013 0.344404 1.2869 4.60978e-39 3
0.993182 0.355884 1.3298 4.70198e-39 3
1.04989 0.368156 1.37565 5.43954e-39 3
1.13085 0.388237 1.45069 5.62394e-39 3
1.19811 0.402888 1.50543 5.62465e-39 3
1.37878 0.45432 1.69762 3.59634e-39 3
2.36091 0.762609 2.84957 3.68962e-39 3
2.93079 0.928393 3.46904 3.78146e-39 3
3.61638 1.12384 4.19937 3.96585e-39 3
3.88967 1.18628 4.43267 3.87294e-39 3
1.1754 0.333641 1.24669 3.22613e-39 3
1.19576 0.333641 1.24669 3.59383e-39 3
-0.807275 0.514908 1.81336 5.62394e-39 3
-0.287723 0.444234 1.56447 6.54624e-39 3
-0.105724 0.253139 0.891486 6.17782e-39 3
-0.0932504 0.258925 0.911863 6.82283e-39 3
-0.077915 0.257454 0.906682 6.36185e-39 3
-0.0642038 0.261918 0.922404 7.19233e-39 3
-0.0494272 0.263441 0.927767 6.82319e-39 3
-0.0368481 0.283199 0.99735 7.00758e-39 3
-0.0205619 0.283199 0.99735 5.80832e-39 3
0.183867 0.328347 1.15635 7.00758e-39 3
0.174872 0.283199 0.99735 7.37636e-39 3
0.191158 0.283199 0.99735 6.6388e-39 3
0.207444 0.283199 0.99735 5.81012e-39 3
0.372742 0.365418 1.2869 7.2838e-39 3
0.375583 0.348553 1.22751 7.37672e-39 3
0.389633 0.343272 1.20891 6.26965e-39 3
0.415671 0.348553 1.22751 6.36185e-39 3
0.435716 0.348553 1.22751 6.17782e-39 3
0.45576 0.348553 1.22751 6.2693e-39 3
0.475805 0.348553 1.22751 5.62465e-39 3
0.495849 0.348553 1.22751 7.46856e-39 3
0.508077 0.343272 1.20891 5.62465e-39 3
0.51994 0.338148 1.19087 7.09943e-39 3
0.51627 0.323656 1.13983 6.1771e-39 3
0.527349 0.319098 1.12377 6.08491e-39 3
0.499931 0.292335 1.02952 5.90124e-39 3
0.520098 0.294233 1.03621 5.80904e-39 3
0.533554 0.292335 1.02952 4.97928e-39 3
0.53652 0.28498 1.00362 7.19198e-39 3
0.559952 0.288611 1.01641 6.82319e-39 3
0.580245 0.290461 1.02292 5.71685e-39 3
0.608654 0.296156 1.04298 6.45406e-39 3
0.617612 0.292335 1.02952 6.45225e-39 3
0.638543 0.294233 1.03621 5.25227e-39 3
0.64706 0.290461 1.02292 5.52814e-39 3
0.690314 0.302079 1.06384 5.71397e-39 3
0.663456 0.283199 0.99735 5.06896e-39 3
0.697171 0.290461 1.02292 5.71541e-39 3
0.883845 0.359618 1.26648 5.89908e-39 3
0.904526 0.359618 1.26648 4.97712e-39 3
0.883152 0.343272 1.20891 5.07076e-39 3
0.945888 0.359618 1.26648 5.16367e-39 3
1.0321 0.383999 1.35234 3.78074e-39 3
1.13085 0.411926 1.45069 6.17711e-39 3
2.64582 0.943997 3.3245 5.62393e-39 3
2.8175 0.985041 3.46904 4.33391e-39 3
2.87415 0.985041 3.46904 4.51902e-39 3
2.93079 0.985041 3.46904 4.70414e-39 3
3.27196 1.07885 3.79943 5.07292e-39 3
3.88967 1.25866 4.43267 5.25659e-39 3
0.839694 0.222117 0.782235 2.30489e-39 3
0.852467 0.222117 0.782235 2.67367e-39 3
0.96983 0.248966 0.876791 4.33319e-39 3
1.12173 0.279703 0.985037 3.87221e-39 3
1.13782 0.279703 0.985037 4.33319e-39 3
-0.359993 0.499142 1.66225 6.91539e-39 3
-0.332849 0.499142 1.66225 6.91431e-39 3
-0.28219 0.460747 1.53438 6.17782e-39 3
-0.119613 0.266209 0.886533 4.79489e-39 3
-0.106318 0.2692 0.896494 5.25586e-39 3
-0.0927206 0.272259 0.906682 7.09978e-39 3
-0.0774748 0.270721 0.901559 7.00722e-39 3
-0.0631094 0.272259 0.906682 7.65331e-39 3
-0.0491415 0.276981 0.922404 7.56111e-39 3
-0.0342773 0.278591 0.927767 8.48271e-39 3
-0.0190168 0.276981 0.922404 6.82319e-39 3
-0.00393176 0.275389 0.917103 8.66711e-39 3
0.011044 0.275389 0.917103 8.75858e-39 3
0.0258711 0.273815 0.911863 8.94297e-39 3
0.0405297 0.272259 0.906682 8.48271e-39 3
0.0544078 0.267696 0.891486 7.92954e-39 3
0.0656637 0.254881 0.848808 7.92954e-39 3
0.082146 0.263284 0.876791 8.20648e-39 3
0.183867 0.347229 1.15635 8.29868e-39 3
0.174872 0.299485 0.99735 7.8377e-39 3
0.191158 0.299485 0.99735 7.37744e-39 3
0.207444 0.299485 0.99735 7.10013e-39 3
0.235505 0.315248 1.04984 7.10013e-39 3
0.336134 0.392768 1.308 7.65331e-39 3
0.340736 0.374357 1.24669 6.82355e-39 3
0.308133 0.319451 1.06384 8.39087e-39 3
0.31705 0.311154 1.03621 7.19233e-39 3
0.333971 0.311154 1.03621 7.74478e-39 3
0.397333 0.352336 1.17335 7.46892e-39 3
0.416493 0.352336 1.17335 7.37637e-39 3
0.435653 0.352336 1.17335 7.00687e-39 3
0.461602 0.357594 1.19087 5.90088e-39 3
0.481048 0.357594 1.19087 6.08563e-39 3
0.500494 0.357594 1.19087 7.09978e-39 3
0.490648 0.337448 1.12377 6.17783e-39 3
0.469336 0.311154 1.03621 5.71613e-39 3
0.486257 0.311154 1.03621 7.00687e-39 3
0.496727 0.307164 1.02292 6.54661e-39 3
0.506931 0.303276 1.00997 6.27002e-39 3
0.498198 0.288661 0.961301 6.91539e-39 3
0.507778 0.285224 0.949857 5.34806e-39 3
0.523288 0.285224 0.949857 4.70269e-39 3
0.53246 0.281869 0.938682 7.00759e-39 3
0.582025 0.299485 0.99735 6.63845e-39 3
0.605885 0.303276 1.00997 7.46748e-39 3
0.61078 0.297625 0.991155 8.57131e-39 3
0.626965 0.297625 0.991155 8.93974e-39 3
0.672384 0.311154 1.03621 5.99056e-39 3
0.663456 0.299485 0.99735 5.62322e-39 3
0.679742 0.299485 0.99735 5.25515e-39 3
0.723146 0.311154 1.03621 6.45333e-39 3
0.780618 0.328203 1.09299 5.4381e-39 3
0.832686 0.342269 1.13983 4.97856e-39 3
0.863637 0.347229 1.15635 4.05733e-39 3
0.998259 0.392768 1.308 4.88673e-39 3
2.7042 1.04169 3.46904 5.16332e-39 3
2.76085 1.04169 3.46904 6.08491e-39 3
2.8175 1.04169 3.46904 6.91539e-39 3
2.87415 1.04169 3.46904 5.62609e-39 3
2.93079 1.04169 3.46904 4.88853e-39 3
3.61638 1.26099 4.19937 5.16439e-39 3
4.37588 1.49743 4.98675 5.99343e-39 3
0.851978 0.242008 0.805939 4.05661e-39 3
0.848007 0.237216 0.78998 2.95026e-39 3
0.860907 0.237216 0.78998 3.13465e-39 3
0.948973 0.257622 0.857935 2.67367e-39 3
1.10565 0.295788 0.985037 3.87221e-39 3
1.12173 0.295788 0.985037 2.21269e-39 3
1.15204 0.299485 0.99735 4.241e-39 3
1.18312 0.303276 1.00997 3.96405e-39 3
-0.249902 0.280686 0.886533 7.65475e-39 3
-0.240555 0.414127 1.308 8.11393e-39 3
-0.119613 0.280686 0.886533 9.03588e-39 3
-0.106318 0.28384 0.896494 8.7593e-39 3
-0.0921967 0.285443 0.901559 8.39052e-39 3
-0.0770395 0.28384 0.896494 8.20612e-39 3
-0.0631094 0.287065 0.906682 8.66746e-39 3
-0.0491415 0.292043 0.922404 7.56183e-39 3
-0.0344777 0.295459 0.933193 7.74623e-39 3
-0.0191274 0.293741 0.927767 7.37744e-39 3
-0.00395448 0.292043 0.922404 8.48379e-39 3
0.0111078 0.292043 0.922404 7.65331e-39 3
0.0258711 0.288705 0.911863 7.83698e-39 3
0.0407613 0.288705 0.911863 8.85257e-39 3
0.0541056 0.280686 0.886533 8.20613e-39 3
0.0656637 0.268742 0.848808 9.12808e-39 3
0.0803794 0.271631 0.857935 9.22063e-39 3
0.094389 0.271631 0.857935 9.12844e-39 3
0.107245 0.268742 0.848808 8.94477e-39 3
0.119204 0.264521 0.835476 9.40575e-39 3
0.152854 0.304358 0.961301 8.94405e-39 3
0.172713 0.311873 0.985037 9.03624e-39 3
0.188798 0.311873 0.985037 8.85149e-39 3
0.207444 0.315771 0.99735 7.83734e-39 3
0.22373 0.315771 0.99735 8.02173e-39 3
0.249368 0.328074 1.03621 7.92989e-39 3
0.266288 0.328074 1.03621 8.02173e-39 3
0.279578 0.323868 1.02292 8.29868e-39 3
0.288875 0.315771 0.99735 8.57526e-39 3
0.305161 0.315771 0.99735 7.92954e-39 3
0.321447 0.315771 0.99735 8.39015e-39 3
0.350892 0.328074 1.03621 8.57526e-39 3
0.416493 0.371496 1.17335 7.37636e-39 3
0.435653 0.371496 1.17335 8.2976e-39 3
0.461602 0.377041 1.19087 7.74515e-39 3
0.473974 0.371496 1.17335 8.20613e-39 3
0.45315 0.341375 1.07822 7.37637e-39 3
0.446615 0.323868 1.02292 6.6388e-39 3
0.451736 0.315771 0.99735 7.28345e-39 3
0.468022 0.315771 0.99735 7.74443e-39 3
0.484308 0.315771 0.99735 7.28417e-39 3
0.500594 0.315771 0.99735 7.46856e-39 3
0.495215 0.302536 0.955545 7.28417e-39 3
0.490268 0.290365 0.917103 7.19198e-39 3
0.54267 0.311873 0.985037 5.53353e-39 3
0.551941 0.30807 0.973024 6.45513e-39 3
0.567829 0.30807 0.973024 5.99416e-39 3
0.587299 0.30996 0.978994 6.63808e-39 3
0.588836 0.302536 0.955545 7.09762e-39 3
0.600841 0.300735 0.949857 7.5586e-39 3
0.63918 0.311873 0.985037 5.71433e-39 3
0.663456 0.315771 0.99735 7.65152e-39 3
0.697171 0.323868 1.02292 6.36186e-39 3
0.713875 0.323868 1.02292 7.37565e-39 3
0.740067 0.328074 1.03621 5.53209e-39 3
0.756987 0.328074 1.03621 6.3615e-39 3
0.773908 0.328074 1.03621 6.45441e-39 3
0.869912 0.360882 1.13983 6.54733e-39 3
2.8175 1.09834 3.46904 6.08563e-39 3
2.87415 1.09834 3.46904 3.87438e-39 3
3.06401 1.14826 3.62673 4.24244e-39 3
3.12323 1.14826 3.62673 4.79561e-39 3
0.648278 0.233905 0.738778 4.05733e-39 3
0.660342 0.233905 0.738778 5.62393e-39 3
0.67869 0.236091 0.745682 4.60978e-39 3
4.62017 1.57886 4.98675 4.1488e-39 3
0.851459 0.263143 0.831125 3.50272e-39 3
0.847377 0.257773 0.814163 3.96441e-39 3
0.851978 0.255169 0.805939 3.59563e-39 3
0.865139 0.255169 0.805939 1.84391e-39 3
0.878299 0.255169 0.805939 2.1205e-39 3
0.948973 0.271631 0.857935 1.93611e-39 3
1.11947 0.315771 0.99735 2.76587e-39 3
1.13575 0.315771 0.99735 1.84391e-39 3
1.15204 0.315771 0.99735 3.04245e-39 3
1.18312 0.319769 1.00997 3.50343e-39 3
-0.20329 0.312525 0.938682 8.11285e-39 3
-0.199709 0.332058 0.99735 8.20541e-39 3
-0.181159 0.327958 0.985037 8.48379e-39 3
-0.150236 0.298479 0.896494 8.20792e-39 3
-0.134839 0.296811 0.891486 8.76038e-39 3
-0.119613 0.295162 0.886533 9.40502e-39 3
-0.106318 0.298479 0.896494 9.40502e-39 3
-0.0927206 0.301871 0.906682 9.22136e-39 3
-0.0774748 0.300165 0.901559 9.40575e-39 3
-0.0638348 0.30534 0.917103 9.9582e-39 3
-0.0500087 0.312525 0.938682 1.03277e-38 3
-0.0348857 0.314374 0.944237 8.76038e-39 3
-0.0193524 0.312525 0.938682 9.95964e-39 3
-0.00412124 0.320056 0.961301 9.40646e-39 3
0.0115762 0.320056 0.961301 8.66746e-39 3
0.0261702 0.307105 0.922404 9.40502e-39 3
0.0405297 0.301871 0.906682 9.40575e-39 3
0.0541056 0.295162 0.886533 1.06032e-38 3
0.0656637 0.282602 0.848808 9.58942e-39 3
0.0803794 0.285641 0.857935 1.00504e-38 3
0.0938842 0.284113 0.853347 1.00504e-38 3
0.106678 0.281107 0.844317 9.22136e-39 3
0.135523 0.316245 0.949857 9.40575e-39 3
0.151034 0.316245 0.949857 9.58906e-39 3
0.166544 0.316245 0.949857 9.86565e-39 3
0.184249 0.320056 0.961301 9.77309e-39 3
0.202384 0.323959 0.973024 8.94369e-39 3
0.220968 0.327958 0.985037 9.12808e-39 3
0.240016 0.332058 0.99735 8.66818e-39 3
0.259547 0.336261 1.00997 8.48271e-39 3
0.272589 0.332058 0.99735 7.46856e-39 3
0.281829 0.323959 0.973024 8.85185e-39 3
0.297718 0.323959 0.973024 7.83734e-39 3
0.313607 0.323959 0.973024 9.4965e-39 3
0.329496 0.323959 0.973024 7.83734e-39 3
0.363097 0.340572 1.02292 8.11393e-39 3
0.435653 0.390656 1.17335 8.66639e-39 3
0.448222 0.384994 1.15635 9.31248e-39 3
0.397904 0.327958 0.985037 8.39052e-39 3
0.40894 0.323959 0.973024 1.005e-38 3
0.424829 0.323959 0.973024 9.58906e-39 3
0.435408 0.320056 0.961301 7.83663e-39 3
0.445735 0.316245 0.949857 9.31176e-39 3
0.461246 0.316245 0.949857 8.66711e-39 3
0.476757 0.316245 0.949857 7.46856e-39 3
0.492267 0.316245 0.949857 7.92954e-39 3
0.487467 0.303596 0.911863 7.09978e-39 3
0.49389 0.298479 0.896494 6.63988e-39 3
0.500101 0.293532 0.881635 6.45585e-39 3
0.560988 0.320056 0.961301 6.08707e-39 3
0.580181 0.321995 0.967127 4.97928e-39 3
0.588836 0.318139 0.955545 7.28381e-39 3
0.623095 0.327958 0.985037 8.20541e-39 3
0.63918 0.327958 0.985037 8.38909e-39 3
0.680468 0.340572 1.02292 5.71613e-39 3
0.706225 0.344995 1.03621 5.34879e-39 3
0.723146 0.344995 1.03621 5.80904e-39 3
0.740067 0.344995 1.03621 7.56075e-39 3
0.756987 0.344995 1.03621 6.08491e-39 3
0.744887 0.332058 0.99735 4.6105e-39 3
0.761173 0.332058 0.99735 3.41304e-39 3
0.740437 0.316245 0.949857 4.70378e-39 3
2.87415 1.15498 3.46904 3.87438e-39 3
2.59263 1.02172 3.06877 3.41268e-39 3
0.624647 0.241496 0.725345 4.33356e-39 3
0.636491 0.241496 0.725345 4.14881e-39 3
0.654284 0.243712 0.732 4.24028e-39 3
0.672406 0.245969 0.738778 3.87222e-39 3
0.68447 0.245969 0.738778 3.04246e-39 3
0.703043 0.248267 0.745682 3.96369e-39 3
0.850906 0.285641 0.857935 4.33283e-39 3
0.837887 0.276715 0.831125 4.60906e-39 3
0.834082 0.271067 0.814163 4.14808e-39 3
0.838818 0.268329 0.805939 4.0566e-39 3
0.851978 0.268329 0.805939 5.07148e-39 3
0.865139 0.268329 0.805939 4.14952e-39 3
0.896409 0.273862 0.822557 2.95062e-39 3
1.02622 0.308891 0.927767 3.59563e-39 3
1.1941 0.354195 1.06384 3.13465e-39 3
1.19553 0.349534 1.04984 2.76587e-39 3
1.21267 0.349534 1.04984 3.59563e-39 3
1.22982 0.349534 1.04984 4.79417e-39 3
2.0602 0.577492 1.73452 3.87222e-39 3
-0.280413 0.311369 0.891486 9.59014e-39 3
-0.265856 0.311369 0.891486 9.31355e-39 3
-0.248522 0.307928 0.881635 8.85257e-39 3
-0.235426 0.309639 0.886533 9.40575e-39 3
-0.199812 0.299651 0.857935 8.85041e-39 3
-0.189886 0.306236 0.876791 8.94333e-39 3
-0.185776 0.324041 0.927767 1.02341e-38 3
-0.172634 0.327853 0.938682 1.005e-38 3
-0.151084 0.314887 0.901559 9.22028e-39 3
-0.134839 0.311369 0.891486 9.58906e-39 3
-0.119613 0.309639 0.886533 9.31355e-39 3
-0.105724 0.311369 0.891486 1.04188e-38 3
-0.0916787 0.313118 0.896494 1.04188e-38 3
-0.0766091 0.311369 0.891486 1.06043e-38 3
-0.06347 0.318486 0.911863 1.04199e-38 3
-0.0497162 0.325936 0.933193 1.11575e-38 3
-0.0346805 0.327853 0.938682 1.05132e-38 3
-0.0193524 0.327853 0.938682 1.03284e-38 3
-0.00375893 0.306236 0.876791 9.49902e-39 3
0.0106759 0.309639 0.886533 1.00522e-38 3
0.0260198 0.320316 0.917103 9.31355e-39 3
0.0387675 0.302908 0.867261 1.02355e-38 3
0.0518032 0.296463 0.848808 8.76038e-39 3
0.0649725 0.293342 0.839874 9.31355e-39 3
0.0786872 0.293342 0.839874 9.68269e-39 3
0.0924018 0.293342 0.839874 9.7738e-39 3
0.106116 0.293342 0.839874 9.95892e-39 3
0.122408 0.299651 0.857935 9.95892e-39 3
0.136418 0.299651 0.857935 9.86565e-39 3
0.150427 0.299651 0.857935 9.49687e-39 3
0.166224 0.302908 0.867261 1.0511e-38 3
0.180386 0.302908 0.867261 9.40467e-39 3
0.208121 0.324041 0.927767 8.02281e-39 3
0.234162 0.339848 0.973024 9.03696e-39 3
0.253138 0.344043 0.985037 8.85149e-39 3
0.26594 0.339848 0.973024 9.22028e-39 3
0.278433 0.335753 0.961301 1.005e-38 3
0.28721 0.327853 0.938682 9.40467e-39 3
0.302538 0.327853 0.938682 9.31247e-39 3
0.290523 0.299651 0.857935 9.58906e-39 3
0.280411 0.275916 0.78998 9.31247e-39 3
0.282137 0.265405 0.759886 8.11393e-39 3
0.300265 0.270558 0.774641 9.31247e-39 3
0.335731 0.290286 0.831125 8.66711e-39 3
0.349303 0.290286 0.831125 8.29832e-39 3
0.382813 0.306236 0.876791 8.20613e-39 3
0.397131 0.306236 0.876791 7.74443e-39 3
0.430365 0.320316 0.917103 7.19126e-39 3
0.445341 0.320316 0.917103 5.99308e-39 3
0.460317 0.320316 0.917103 7.46821e-39 3
0.475293 0.320316 0.917103 8.11465e-39 3
0.490268 0.320316 0.917103 8.57599e-39 3
0.49389 0.313118 0.896494 6.45621e-39 3
0.500101 0.307928 0.881635 7.83879e-39 3
0.541419 0.324041 0.927767 8.48344e-39 3
0.56982 0.331756 0.949857 7.19305e-39 3
0.599607 0.339848 0.973024 6.27002e-39 3
0.623095 0.344043 0.985037 6.63808e-39 3
0.663764 0.357276 1.02292 5.99272e-39 3
0.680468 0.357276 1.02292 6.17711e-39 3
0.697171 0.357276 1.02292 7.28345e-39 3
0.713875 0.357276 1.02292 6.36329e-39 3
0.740067 0.361916 1.03621 6.73135e-39 3
0.747283 0.357276 1.02292 5.71685e-39 3
0.614339 0.287294 0.822557 4.98001e-39 3
0.563832 0.258032 0.738778 5.80941e-39 3
0.575895 0.258032 0.738778 5.44243e-39 3
0.587959 0.258032 0.738778 5.99416e-39 3
0.600023 0.258032 0.738778 5.71685e-39 3
0.606471 0.255665 0.732 4.61122e-39 3
0.612802 0.253341 0.725345 5.71757e-39 3
0.619019 0.251059 0.718811 5.34771e-39 3
0.630757 0.251059 0.718811 5.99308e-39 3
0.642495 0.251059 0.718811 7.56004e-39 3
0.66018 0.253341 0.725345 5.16224e-39 3
0.672025 0.253341 0.725345 4.14808e-39 3
0.683869 0.253341 0.725345 7.28345e-39 3
0.708597 0.258032 0.738778 5.71613e-39 3
0.748379 0.267957 0.767192 4.33248e-39 3
0.783508 0.275916 0.78998 5.80761e-39 3
0.820788 0.284362 0.814163 5.34663e-39 3
0.825657 0.28149 0.805939 3.87222e-39 3
0.838818 0.28149 0.805939 4.42574e-39 3
0.843458 0.278675 0.79788 5.71648e-39 3
0.865139 0.28149 0.805939 5.90052e-39 3
0.896409 0.287294 0.822557 5.34807e-39 3
1.29786 0.409816 1.17335 6.08528e-39 3
1.35693 0.422235 1.20891 5.34771e-39 3
1.33618 0.409816 1.17335 4.241e-39 3
1.3357 0.403877 1.15635 5.71613e-39 3
1.3745 0.409816 1.17335 3.87294e-39 3
2.0602 0.605815 1.73452 4.79489e-39 3
-0.307611 0.27262 0.745682 8.29833e-39 3
-0.292699 0.270096 0.738778 7.92882e-39 3
-0.283258 0.27262 0.745682 8.48271e-39 3
-0.281608 0.283208 0.774641 7.37745e-39 3
-0.279826 0.29465 0.805939 8.76074e-39 3
-0.303447 0.335292 0.917103 8.76002e-39 3
-0.283582 0.329609 0.901559 9.31355e-39 3
-0.267349 0.327757 0.896494 9.03588e-39 3
-0.248522 0.322325 0.881635 9.03588e-39 3
-0.199812 0.31366 0.857935 9.77237e-39 3
-0.189886 0.320554 0.876791 1.19858e-38 3
-0.185776 0.339191 0.927767 9.58906e-39 3
-0.170626 0.339191 0.927767 9.86565e-39 3
-0.157306 0.343181 0.938682 9.22028e-39 3
-0.141977 0.343181 0.938682 9.49686e-39 3
-0.128157 0.347267 0.949857 9.95784e-39 3
-0.111321 0.343181 0.938682 9.4965e-39 3
-0.0948768 0.339191 0.927767 1.07872e-38 3
-0.0745274 0.317069 0.867261 9.68233e-39 3
-0.0572539 0.300726 0.822557 1.04199e-38 3
-0.043822 0.300726 0.822557 1.05121e-38 3
-0.0303902 0.300726 0.822557 9.86708e-39 3
-0.0171349 0.303858 0.831125 9.77525e-39 3
-0.00363897 0.310323 0.848808 9.22243e-39 3
0.0104438 0.317069 0.867261 9.68305e-39 3
0.0260198 0.335292 0.917103 8.85257e-39 3
0.0379427 0.310323 0.848808 1.03277e-38 3
0.0512579 0.307057 0.839874 9.68233e-39 3
0.0642958 0.303858 0.831125 9.40646e-39 3
0.0778675 0.303858 0.831125 9.7756e-39 3
0.0914393 0.303858 0.831125 1.09723e-38 3
0.105011 0.303858 0.831125 1.06958e-38 3
0.118583 0.303858 0.831125 1.04199e-38 3
0.132155 0.303858 0.831125 1.12486e-38 3
0.145726 0.303858 0.831125 1.005e-38 3
0.156047 0.297657 0.814163 1.04188e-38 3
0.167632 0.29465 0.805939 9.95784e-39 3
0.177212 0.288816 0.78998 9.95892e-39 3
0.192013 0.291704 0.79788 1.06043e-38 3
0.238421 0.339191 0.927767 1.12486e-38 3
0.250656 0.335292 0.917103 1.17096e-38 3
0.265632 0.335292 0.917103 1.06032e-38 3
0.259711 0.310323 0.848808 1.005e-38 3
0.270692 0.307057 0.839874 1.0972e-38 3
0.264889 0.285984 0.782235 1.005e-38 3
0.255149 0.262796 0.718811 1.005e-38 3
0.266887 0.262796 0.718811 1.08798e-38 3
0.278625 0.262796 0.718811 9.22028e-39 3
0.306954 0.277813 0.759886 9.03589e-39 3
0.332011 0.288816 0.78998 1.01422e-38 3
0.362875 0.303858 0.831125 9.49687e-39 3
0.376447 0.303858 0.831125 1.01415e-38 3
0.406976 0.317069 0.867261 1.05103e-38 3
0.421138 0.317069 0.867261 8.66711e-39 3
0.430619 0.31366 0.857935 8.48272e-39 3
0.444628 0.31366 0.857935 6.27074e-39 3
0.458638 0.31366 0.857935 6.73208e-39 3
0.467619 0.310323 0.848808 9.03696e-39 3
0.48148 0.310323 0.848808 7.00902e-39 3
0.485021 0.303858 0.831125 7.2849e-39 3
0.520271 0.317069 0.867261 6.731e-39 3
0.571719 0.339191 0.927767 6.91539e-39 3
0.608081 0.351451 0.961301 7.92954e-39 3
0.623778 0.351451 0.961301 7.00759e-39 3
0.478166 0.262796 0.718811 7.37565e-39 3
0.489904 0.262796 0.718811 6.54589e-39 3
0.501642 0.262796 0.718811 8.85257e-39 3
0.51338 0.262796 0.718811 8.57491e-39 3
0.520429 0.26045 0.712393 6.6388e-39 3
0.532062 0.26045 0.712393 7.56148e-39 3
0.543695 0.26045 0.712393 7.92991e-39 3
0.565425 0.265185 0.725345 5.81121e-39 3
0.582565 0.267618 0.732 6.82428e-39 3
0.589114 0.265185 0.725345 7.56148e-39 3
0.600958 0.265185 0.725345 7.65368e-39 3
0.607282 0.262796 0.718811 5.16332e-39 3
0.619019 0.262796 0.718811 5.6243e-39 3
0.625125 0.26045 0.712393 5.5321e-39 3
0.636758 0.26045 0.712393 6.54589e-39 3
0.648391 0.26045 0.712393 7.28274e-39 3
0.660024 0.26045 0.712393 7.83591e-39 3
0.671657 0.26045 0.712393 4.42539e-39 3
0.695714 0.265185 0.725345 4.60978e-39 3
0.714049 0.267618 0.732 5.71541e-39 3
0.732725 0.270096 0.738778 6.17639e-39 3
0.758841 0.275192 0.752717 5.71613e-39 3
0.793593 0.283208 0.774641 4.88637e-39 3
0.822208 0.288816 0.78998 5.90124e-39 3
0.82692 0.285984 0.782235 5.25515e-39 3
0.865139 0.29465 0.805939 6.2693e-39 3
0.896409 0.300726 0.822557 6.17711e-39 3
1.35776 0.448775 1.22751 5.34699e-39 3
1.39933 0.455787 1.24669 4.97857e-39 3
1.37667 0.441976 1.20891 4.33319e-39 3
1.39641 0.441976 1.20891 5.16295e-39 3
1.41615 0.441976 1.20891 4.97928e-39 3
-0.292699 0.28216 0.738778 6.91539e-39 3
-0.283258 0.284797 0.745682 7.83734e-39 3
-0.281608 0.295857 0.774641 7.28525e-39 3
-0.279826 0.307811 0.805939 8.11501e-39 3
-0.272164 0.314158 0.822557 7.19305e-39 3
-0.261427 0.31743 0.831125 7.46856e-39 3
-0.267349 0.342396 0.896494 1.01422e-38 3
-0.24447 0.331231 0.867261 9.5887e-39 3
-0.216146 0.331231 0.867261 9.68054e-39 3
-0.197687 0.324184 0.848808 1.08787e-38 3
-0.183826 0.324184 0.848808 9.4965e-39 3
-0.187962 0.358509 0.938682 9.49687e-39 3
-0.172634 0.358509 0.938682 9.12808e-39 3
-0.159178 0.362777 0.949857 1.02344e-38 3
-0.141977 0.358509 0.938682 1.005e-38 3
-0.126649 0.358509 0.938682 9.58906e-39 3
-0.110027 0.35434 0.927767 9.77273e-39 3
-0.0886892 0.331231 0.867261 9.40395e-39 3
-0.0706858 0.314158 0.822557 9.12916e-39 3
-0.0544473 0.298758 0.782235 8.20613e-39 3
-0.0404832 0.290222 0.759886 9.03588e-39 3
-0.0280747 0.290222 0.759886 1.07887e-38 3
-0.0156662 0.290222 0.759886 1.09731e-38 3
-0.00349044 0.310952 0.814163 1.08816e-38 3
0.0100086 0.31743 0.831125 1.0605e-38 3
0.0240821 0.324184 0.848808 1.06043e-38 3
0.0375433 0.320771 0.839874 1.05121e-38 3
0.050724 0.31743 0.831125 1.06965e-38 3
0.0642958 0.31743 0.831125 1.07894e-38 3
0.0778675 0.31743 0.831125 1.02362e-38 3
0.0914393 0.31743 0.831125 1.08802e-38 3
0.105011 0.31743 0.831125 1.09724e-38 3
0.118583 0.31743 0.831125 1.11575e-38 3
0.130792 0.314158 0.822557 1.10642e-38 3
0.142752 0.310952 0.814163 1.13408e-38 3
0.154471 0.307811 0.805939 1.18018e-38 3
0.161122 0.295857 0.774641 1.15252e-38 3
0.167275 0.284797 0.745682 1.03277e-38 3
0.17144 0.272083 0.712393 1.15262e-38 3
0.183073 0.272083 0.712393 1.12497e-38 3
0.194706 0.272083 0.712393 1.1895e-38 3
0.206339 0.272083 0.712393 1.10653e-38 3
0.217972 0.272083 0.712393 1.06965e-38 3
0.229605 0.272083 0.712393 1.03266e-38 3
0.241238 0.272083 0.712393 1.08798e-38 3
0.246274 0.264985 0.693809 1.11564e-38 3
0.257604 0.264985 0.693809 9.58906e-39 3
0.266615 0.262701 0.687827 1.005e-38 3
0.280263 0.264985 0.693809 9.03589e-39 3
0.296753 0.269675 0.706088 9.22028e-39 3
0.316691 0.27703 0.725345 8.8515e-39 3
0.328535 0.27703 0.725345 8.20613e-39 3
0.291376 0.237146 0.620918 8.57491e-39 3
0.302693 0.238072 0.623344 8.8515e-39 3
0.319104 0.242815 0.635761 1.01433e-38 3
0.334821 0.246747 0.646057 9.22028e-39 3
0.355444 0.253944 0.6649 9.58906e-39 3
0.43521 0.301716 0.78998 8.11501e-39 3
0.435184 0.293012 0.767192 9.49794e-39 3
0.439264 0.287484 0.752717 8.20613e-39 3
0.439128 0.279571 0.732 9.03589e-39 3
0.438998 0.272083 0.712393 9.95784e-39 3
0.413694 0.249781 0.654 9.86565e-39 3
0.438759 0.258248 0.676169 8.29905e-39 3
0.457556 0.262701 0.687827 8.7593e-39 3
0.477012 0.267309 0.699895 7.46784e-39 3
0.497163 0.272083 0.712393 8.57491e-39 3
0.508796 0.272083 0.712393 8.02173e-39 3
0.515823 0.269675 0.706088 7.65295e-39 3
0.527353 0.269675 0.706088 6.63953e-39 3
0.538883 0.269675 0.706088 7.1927e-39 3
0.555328 0.272083 0.712393 7.56293e-39 3
0.577269 0.27703 0.725345 6.64097e-39 3
0.589114 0.27703 0.725345 8.20722e-39 3
0.600958 0.27703 0.725345 6.82392e-39 3
0.607282 0.274534 0.718811 7.09943e-39 3
0.619019 0.274534 0.718811 6.82284e-39 3
0.625125 0.272083 0.712393 7.19198e-39 3
0.636758 0.272083 0.712393 6.82248e-39 3
0.642653 0.269675 0.706088 8.57348e-39 3
0.654183 0.269675 0.706088 6.26859e-39 3
0.671657 0.272083 0.712393 7.74444e-39 3
0.68329 0.272083 0.712393 5.71613e-39 3
0.694923 0.272083 0.712393 6.54517e-39 3
0.706556 0.272083 0.712393 5.43954e-39 3
0.718189 0.272083 0.712393 5.34735e-39 3
0.736397 0.274534 0.718811 6.17783e-39 3
0.768916 0.28216 0.738778 5.71685e-39 3
0.818892 0.295857 0.774641 5.90124e-39 3
0.839694 0.298758 0.782235 6.17711e-39 3
0.869516 0.304733 0.79788 6.17711e-39 3
1.29786 0.448136 1.17335 4.241e-39 3
1.39933 0.476145 1.24669 4.79418e-39 3
1.41969 0.476145 1.24669 5.43991e-39 3
1.44005 0.476145 1.24669 3.04317e-39 3
1.46041 0.476145 1.24669 4.88709e-39 3
-0.428175 0.36949 0.927767 6.1771e-39 3
-0.413025 0.36949 0.927767 7.56039e-39 3
-0.316826 0.294224 0.738778 7.74515e-39 3
-0.296526 0.286272 0.718811 8.02174e-39 3
-0.284788 0.286272 0.718811 9.58979e-39 3
-0.27305 0.286272 0.718811 1.11575e-38 3
-0.263688 0.288874 0.725345 8.85149e-39 3
-0.268959 0.308507 0.774641 9.31247e-39 3
-0.261385 0.314616 0.78998 1.01422e-38 3
-0.25097 0.317762 0.79788 9.77345e-39 3
-0.237941 0.317762 0.79788 9.4965e-39 3
-0.234283 0.331002 0.831125 9.31211e-39 3
-0.162995 0.26046 0.654 1.0049e-38 3
-0.151078 0.258343 0.648683 1.0049e-38 3
-0.141636 0.26046 0.654 8.7593e-39 3
-0.190199 0.378288 0.949857 9.58906e-39 3
-0.174689 0.378288 0.949857 9.86565e-39 3
-0.159178 0.378288 0.949857 1.03266e-38 3
-0.138714 0.365243 0.917103 8.48271e-39 3
-0.0847653 0.250206 0.628252 1.00493e-38 3
-0.0745063 0.250206 0.628252 1.11553e-38 3
-0.0799942 0.311531 0.782235 1.13397e-38 3
-0.0672208 0.311531 0.782235 1.10642e-38 3
-0.0509507 0.291524 0.732 1.06954e-38 3
-0.0386431 0.288874 0.725345 1.005e-38 3
-0.0267986 0.288874 0.725345 1.06958e-38 3
-0.0149541 0.288874 0.725345 1.05121e-38 3
-0.00322701 0.299775 0.752717 1.03281e-38 3
0.00970533 0.320971 0.805939 1.04206e-38 3
0.0235804 0.331002 0.831125 1.04199e-38 3
0.0371522 0.331002 0.831125 1.07887e-38 3
0.050201 0.327589 0.822557 1.13422e-38 3
0.0629836 0.324247 0.814163 1.1066e-38 3
0.0778675 0.331002 0.831125 1.07894e-38 3
0.0914393 0.331002 0.831125 1.04192e-38 3
0.105011 0.331002 0.831125 1.13411e-38 3
0.118583 0.331002 0.831125 1.09731e-38 3
0.130792 0.327589 0.822557 1.03266e-38 3
0.142752 0.324247 0.814163 1.07876e-38 3
0.151412 0.314616 0.78998 1.1433e-38 3
0.155098 0.296974 0.745682 1.04188e-38 3
0.159807 0.283716 0.712393 1.01433e-38 3
0.17144 0.283716 0.712393 1.06043e-38 3
0.17525 0.271591 0.681949 1.03277e-38 3
0.184806 0.26929 0.676169 9.77453e-39 3
0.194201 0.267027 0.670487 1.06965e-38 3
0.196878 0.256259 0.643452 9.95892e-39 3
0.205726 0.254209 0.638304 9.77345e-39 3
0.211083 0.248251 0.623344 1.02344e-38 3
0.221262 0.248251 0.623344 9.22028e-39 3
0.231441 0.248251 0.623344 9.40467e-39 3
0.243522 0.250206 0.628252 1.03266e-38 3
0.259921 0.256259 0.643452 1.005e-38 3
0.277133 0.262613 0.659405 1.04188e-38 3
0.287901 0.262613 0.659405 8.7593e-39 3
0.301157 0.264801 0.6649 8.11393e-39 3
0.298341 0.253197 0.635761 9.31247e-39 3
0.316283 0.259397 0.651331 9.31355e-39 3
0.332345 0.263703 0.662141 8.76038e-39 3
0.350428 0.26929 0.676169 1.02344e-38 3
0.364558 0.271591 0.681949 1.10642e-38 3
0.407002 0.294224 0.738778 1.05114e-38 3
0.419066 0.294224 0.738778 1.02355e-38 3
0.423291 0.288874 0.725345 8.39052e-39 3
0.427365 0.283716 0.712393 9.49686e-39 3
0.403015 0.26046 0.654 9.86565e-39 3
0.407022 0.256259 0.643452 9.58978e-39 3
0.417529 0.256259 0.643452 8.57563e-39 3
0.449801 0.26929 0.676169 9.12808e-39 3
0.468788 0.273933 0.687827 9.03517e-39 3
0.484193 0.276315 0.693809 7.37565e-39 3
0.49987 0.278738 0.699895 6.45441e-39 3
0.511299 0.278738 0.699895 8.11393e-39 3
0.522727 0.278738 0.699895 6.36294e-39 3
0.529511 0.276315 0.693809 7.56148e-39 3
0.545585 0.278738 0.699895 7.00867e-39 3
0.566961 0.283716 0.712393 4.88925e-39 3
0.589114 0.288874 0.725345 5.35023e-39 3
0.595544 0.286272 0.718811 7.83843e-39 3
0.607282 0.286272 0.718811 6.73064e-39 3
0.619019 0.286272 0.718811 7.6526e-39 3
0.625125 0.283716 0.712393 6.36222e-39 3
0.631123 0.281205 0.706088 7.65224e-39 3
0.637016 0.278738 0.699895 6.17639e-39 3
0.648445 0.278738 0.699895 8.02031e-39 3
0.659874 0.278738 0.699895 5.71578e-39 3
0.677243 0.281205 0.706088 6.36115e-39 3
0.688773 0.281205 0.706088 5.25515e-39 3
0.69416 0.278738 0.699895 4.88637e-39 3
0.699454 0.276315 0.693809 6.731e-39 3
0.698633 0.271591 0.681949 5.07148e-39 3
0.709769 0.271591 0.681949 5.53318e-39 3
0.753088 0.283716 0.712393 5.25587e-39 3
0.778625 0.288874 0.725345 5.53174e-39 3
0.860907 0.314616 0.78998 4.33248e-39 3
0.89146 0.320971 0.805939 5.62322e-39 3
1.39933 0.496503 1.24669 5.25515e-39 3
1.41969 0.496503 1.24669 5.16332e-39 3
1.46291 0.504384 1.26648 4.33464e-39 3
-0.428175 0.38464 0.927767 1.04188e-38 3
-0.32889 0.306288 0.738778 9.86529e-39 3
-0.308263 0.29801 0.718811 1.0695e-38 3
-0.291277 0.292735 0.706088 1.01433e-38 3
-0.279747 0.292735 0.706088 9.40539e-39 3
-0.268217 0.292735 0.706088 1.18018e-38 3
-0.258979 0.295349 0.712393 8.66818e-39 3
-0.249575 0.29801 0.718811 9.12881e-39 3
-0.25631 0.321156 0.774641 9.95784e-39 3
-0.246049 0.324305 0.782235 8.94369e-39 3
-0.233276 0.324305 0.782235 9.95784e-39 3
-0.199037 0.292735 0.706088 7.92989e-39 3
-0.170874 0.266767 0.643452 1.09724e-38 3
-0.160366 0.266767 0.643452 1.06954e-38 3
-0.149859 0.266767 0.643452 1.0695e-38 3
-0.138237 0.264633 0.638304 9.31247e-39 3
-0.127814 0.264633 0.638304 9.12809e-39 3
-0.117391 0.264633 0.638304 1.005e-38 3
-0.105283 0.260465 0.628252 1.07876e-38 3
-0.0942819 0.25843 0.623344 1.13408e-38 3
-0.084103 0.25843 0.623344 1.11557e-38 3
-0.0739242 0.25843 0.623344 1.16174e-38 3
-0.0642473 0.260465 0.628252 9.95713e-39 3
-0.055744 0.268935 0.648683 1.14341e-38 3
-0.0466691 0.277975 0.670487 9.86493e-39 3
-0.0363311 0.282727 0.681949 1.23546e-38 3
-0.0254125 0.285164 0.687827 9.77345e-39 3
-0.0143039 0.287644 0.693809 1.0788e-38 3
-0.0030271 0.292735 0.706088 1.10653e-38 3
0.00857882 0.295349 0.712393 1.08812e-38 3
0.0205793 0.300719 0.725345 1.1066e-38 3
0.0324237 0.300719 0.725345 1.07887e-38 3
0.0442682 0.300719 0.725345 1.00515e-38 3
0.0561127 0.300719 0.725345 1.0789e-38 3
0.0747528 0.330791 0.79788 1.10653e-38 3
0.0895732 0.337541 0.814163 1.09731e-38 3
0.102868 0.337541 0.814163 1.01437e-38 3
0.11736 0.341021 0.822557 9.86672e-39 3
0.129458 0.337541 0.814163 1.14341e-38 3
0.14131 0.334132 0.805939 1.18018e-38 3
0.142922 0.30915 0.745682 1.06043e-38 3
0.128647 0.256427 0.618512 1.10653e-38 3
0.138747 0.256427 0.618512 1.06043e-38 3
0.15001 0.25843 0.623344 1.08809e-38 3
0.160189 0.25843 0.623344 9.95928e-39 3
0.170368 0.25843 0.623344 1.15262e-38 3
0.180547 0.25843 0.623344 1.11575e-38 3
0.190726 0.25843 0.623344 1.13419e-38 3
0.200904 0.25843 0.623344 1.17096e-38 3
0.211083 0.25843 0.623344 1.19854e-38 3
0.221262 0.25843 0.623344 1.06032e-38 3
0.231441 0.25843 0.623344 1.04188e-38 3
0.24162 0.25843 0.623344 1.04188e-38 3
0.251799 0.25843 0.623344 1.18018e-38 3
0.26404 0.260465 0.628252 1.07876e-38 3
0.278688 0.264633 0.638304 1.03266e-38 3
0.289111 0.264633 0.638304 7.65295e-39 3
0.30195 0.266767 0.643452 8.02281e-39 3
0.314997 0.268935 0.648683 7.00938e-39 3
0.355978 0.294036 0.709227 5.71792e-39 3
0.359569 0.287644 0.693809 7.65259e-39 3
0.370899 0.287644 0.693809 8.20612e-39 3
0.392466 0.295349 0.712393 9.68161e-39 3
0.404099 0.295349 0.712393 1.03277e-38 3
0.415732 0.295349 0.712393 1.00493e-38 3
0.402226 0.277975 0.670487 8.39052e-39 3
0.399738 0.268935 0.648683 9.49687e-39 3
0.407022 0.266767 0.643452 8.85222e-39 3
0.417529 0.266767 0.643452 8.20757e-39 3
0.428036 0.266767 0.643452 8.85222e-39 3
0.460842 0.280331 0.676169 9.03589e-39 3
0.480019 0.285164 0.687827 1.06032e-38 3
0.491251 0.285164 0.687827 7.28345e-39 3
0.493966 0.280331 0.676169 5.81012e-39 3
0.505008 0.280331 0.676169 6.17927e-39 3
0.503255 0.273381 0.659405 7.00831e-39 3
0.527091 0.280331 0.676169 7.47001e-39 3
0.557014 0.290167 0.699895 7.93098e-39 3
0.578594 0.295349 0.712393 7.10195e-39 3
0.590227 0.295349 0.712393 6.91756e-39 3
0.607282 0.29801 0.718811 6.45514e-39 3
0.613492 0.295349 0.712393 4.61122e-39 3
0.625125 0.295349 0.712393 5.43991e-39 3
0.631123 0.292735 0.706088 5.16367e-39 3
0.631477 0.287644 0.693809 8.02102e-39 3
0.631818 0.282727 0.681949 6.17711e-39 3
0.632148 0.277975 0.670487 8.20469e-39 3
0.632467 0.273381 0.659405 7.00615e-39 3
0.637962 0.27114 0.654 5.90052e-39 3
0.648642 0.27114 0.654 6.45369e-39 3
0.659321 0.27114 0.654 5.62465e-39 3
0.664553 0.268935 0.648683 6.17747e-39 3
0.68068 0.27114 0.654 5.0722e-39 3
0.691359 0.27114 0.654 3.96585e-39 3
0.764721 0.295349 0.712393 3.22685e-39 3
0.790469 0.300719 0.725345 5.34663e-39 3
0.882545 0.330791 0.79788 5.99272e-39 3
-0.320001 0.309747 0.718811 1.12482e-38 3
-0.308263 0.309747 0.718811 9.95748e-39 3
-0.291277 0.304265 0.706088 9.03661e-39 3
-0.277293 0.301596 0.699895 9.77418e-39 3
-0.265865 0.301596 0.699895 1.05121e-38 3
-0.254436 0.301596 0.699895 9.95784e-39 3
-0.243007 0.301596 0.699895 1.0511e-38 3
-0.237837 0.309747 0.718811 9.77345e-39 3
-0.220149 0.301596 0.699895 1.01422e-38 3
-0.195034 0.281819 0.654 1.15252e-38 3
-0.177096 0.270724 0.628252 9.95784e-39 3
-0.165534 0.268609 0.623344 1.10645e-38 3
-0.155355 0.268609 0.623344 9.68125e-39 3
-0.146319 0.270724 0.628252 8.02173e-39 3
-0.13606 0.270724 0.628252 9.40467e-39 3
-0.125801 0.270724 0.628252 1.07876e-38 3
-0.11464 0.268609 0.623344 8.8515e-39 3
-0.104461 0.268609 0.623344 1.06954e-38 3
-0.0942819 0.268609 0.623344 1.005e-38 3
-0.0834511 0.266527 0.618512 1.03259e-38 3
-0.0733512 0.266527 0.618512 1.1433e-38 3
-0.0637454 0.268609 0.623344 1.1433e-38 3
-0.0535665 0.268609 0.623344 1.20794e-38 3
-0.0437293 0.270724 0.628252 1.17088e-38 3
-0.0340059 0.275056 0.638304 1.23549e-38 3
-0.0243624 0.284148 0.659405 1.19861e-38 3
-0.0138231 0.288924 0.670487 1.06965e-38 3
-0.00292361 0.293863 0.681949 1.17096e-38 3
0.00821221 0.293863 0.681949 1.14348e-38 3
0.0187084 0.284148 0.659405 1.18957e-38 3
0.028763 0.277274 0.643452 1.19872e-38 3
0.0377481 0.266527 0.618512 1.24482e-38 3
0.0474799 0.264477 0.613754 1.29092e-38 3
0.0541687 0.249145 0.578174 1.26326e-38 3
0.06361 0.249145 0.578174 1.1895e-38 3
0.0709934 0.242126 0.561887 1.18961e-38 3
0.0790552 0.238764 0.554083 1.30021e-38 3
0.0881031 0.238764 0.554083 1.30014e-38 3
0.104401 0.256582 0.595433 1.20794e-38 3
0.114124 0.256582 0.595433 1.19872e-38 3
0.123847 0.256582 0.595433 1.11575e-38 3
0.134575 0.258511 0.59991 1.27248e-38 3
0.146575 0.262458 0.609069 1.19872e-38 3
0.160189 0.268609 0.623344 1.30936e-38 3
0.170368 0.268609 0.623344 1.2817e-38 3
0.180547 0.268609 0.623344 1.31858e-38 3
0.190726 0.268609 0.623344 1.24482e-38 3
0.200904 0.268609 0.623344 1.27234e-38 3
0.211083 0.268609 0.623344 1.17096e-38 3
0.221262 0.268609 0.623344 1.12486e-38 3
0.231441 0.268609 0.623344 1.23557e-38 3
0.24162 0.268609 0.623344 1.06032e-38 3
0.251799 0.268609 0.623344 1.02344e-38 3
0.261977 0.268609 0.623344 1.08798e-38 3
0.274299 0.270724 0.628252 1.25393e-38 3
0.286817 0.272873 0.633238 1.11564e-38 3
0.297157 0.272873 0.633238 1.11582e-38 3
0.307497 0.272873 0.633238 9.77525e-39 3
0.354403 0.304265 0.706088 9.31355e-39 3
0.356469 0.296396 0.687827 9.68125e-39 3
0.369293 0.297679 0.690805 9.03588e-39 3
0.375694 0.293863 0.681949 9.40575e-39 3
0.38683 0.293863 0.681949 8.66818e-39 3
0.391277 0.288924 0.670487 1.02344e-38 3
0.389146 0.279528 0.648683 9.31248e-39 3
0.387148 0.270724 0.628252 9.12881e-39 3
0.397407 0.270724 0.628252 7.65368e-39 3
0.410901 0.272873 0.633238 8.11466e-39 3
0.428036 0.277274 0.643452 8.66783e-39 3
0.438543 0.277274 0.643452 7.46964e-39 3
0.452701 0.279528 0.648683 8.20612e-39 3
0.463294 0.279528 0.648683 8.02102e-39 3
0.451845 0.266527 0.618512 8.48379e-39 3
0.458392 0.264477 0.613754 8.48416e-39 3
0.468414 0.264477 0.613754 5.1644e-39 3
0.485912 0.268609 0.623344 7.5604e-39 3
0.538132 0.291373 0.676169 7.56148e-39 3
0.568443 0.301596 0.699895 9.3132e-39 3
0.590227 0.306982 0.712393 8.20722e-39 3
0.60186 0.306982 0.712393 7.46929e-39 3
0.613492 0.306982 0.712393 8.11466e-39 3
0.614158 0.301596 0.699895 6.73064e-39 3
0.620147 0.298974 0.693809 6.8232e-39 3
0.610251 0.288924 0.670487 6.82248e-39 3
0.591382 0.275056 0.638304 5.90052e-39 3
0.592328 0.270724 0.628252 5.34663e-39 3
0.593244 0.266527 0.618512 6.45298e-39 3
0.603344 0.266527 0.618512 6.73028e-39 3
0.613444 0.266527 0.618512 7.37565e-39 3
0.633364 0.270724 0.628252 8.29833e-39 3
0.648731 0.272873 0.633238 6.27002e-39 3
0.669701 0.277274 0.643452 5.62537e-39 3
0.685739 0.279528 0.648683 6.27074e-39 3
0.702039 0.281819 0.654 5.07148e-39 3
0.790469 0.312563 0.725345 5.71613e-39 3
-0.277293 0.313025 0.699895 1.04195e-38 3
-0.265865 0.313025 0.699895 1.02355e-38 3
-0.254436 0.313025 0.699895 8.48271e-39 3
-0.221622 0.285479 0.638304 1.03266e-38 3
-0.199999 0.27034 0.604454 1.07876e-38 3
-0.187291 0.266305 0.595433 9.58906e-39 3
-0.177568 0.266305 0.595433 1.18018e-38 3
-0.170388 0.27034 0.604454 9.49686e-39 3
-0.160518 0.27034 0.604454 1.16177e-38 3
-0.154151 0.276627 0.618512 1.1433e-38 3
-0.144051 0.276627 0.618512 1.1433e-38 3
-0.134997 0.278788 0.623344 9.68126e-39 3
-0.124818 0.278788 0.623344 1.18025e-38 3
-0.11464 0.278788 0.623344 1.01433e-38 3
-0.103651 0.276627 0.618512 9.86565e-39 3
-0.093551 0.276627 0.618512 1.02344e-38 3
-0.0834511 0.276627 0.618512 1.25386e-38 3
-0.0733512 0.276627 0.618512 1.10642e-38 3
-0.0632512 0.276627 0.618512 1.12486e-38 3
-0.0531513 0.276627 0.618512 1.06043e-38 3
-0.0430514 0.276627 0.618512 1.25393e-38 3
-0.0332089 0.278788 0.623344 1.20783e-38 3
-0.0232114 0.280983 0.628252 1.21716e-38 3
-0.0130552 0.283213 0.633238 1.22642e-38 3
-0.00282696 0.294916 0.659405 1.18943e-38 3
0.00774861 0.287781 0.643452 1.20801e-38 3
0.0175482 0.276627 0.618512 1.24489e-38 3
0.0234645 0.234769 0.524921 1.29092e-38 3
0.0319312 0.233999 0.5232 1.26326e-38 3
0.0400805 0.23172 0.518104 1.22638e-38 3
0.0519117 0.247811 0.554083 1.28173e-38 3
0.0560906 0.228018 0.509827 1.26329e-38 3
0.0695246 0.246102 0.550262 1.27259e-38 3
0.07851 0.246102 0.550262 1.24489e-38 3
0.0881031 0.247811 0.554083 1.22645e-38 3
0.097151 0.247811 0.554083 1.24482e-38 3
0.108458 0.253084 0.565872 1.30014e-38 3
0.121135 0.260473 0.582394 1.40155e-38 3
0.13357 0.266305 0.595433 1.30936e-38 3
0.144371 0.268307 0.59991 1.26326e-38 3
0.158947 0.276627 0.618512 1.25397e-38 3
0.169047 0.276627 0.618512 1.26326e-38 3
0.180547 0.278788 0.623344 1.3278e-38 3
0.190726 0.278788 0.623344 1.24489e-38 3
0.200904 0.278788 0.623344 1.27241e-38 3
0.211083 0.278788 0.623344 1.1433e-38 3
0.221262 0.278788 0.623344 1.21713e-38 3
0.231441 0.278788 0.623344 1.32776e-38 3
0.24162 0.278788 0.623344 1.13419e-38 3
0.249847 0.276627 0.618512 1.21716e-38 3
0.259947 0.276627 0.618512 1.05121e-38 3
0.272156 0.278788 0.623344 1.1895e-38 3
0.282335 0.278788 0.623344 1.10642e-38 3
0.292514 0.278788 0.623344 1.12504e-38 3
0.335452 0.30896 0.690805 1.04206e-38 3
0.354403 0.315795 0.706088 1.11575e-38 3
0.359569 0.310303 0.693809 1.07887e-38 3
0.370899 0.310303 0.693809 9.68233e-39 3
0.343408 0.278788 0.623344 9.86672e-39 3
0.348147 0.274499 0.613754 1.00511e-38 3
0.355435 0.272403 0.609069 8.8515e-39 3
0.324508 0.241931 0.540936 9.3132e-39 3
0.375327 0.272403 0.609069 9.95857e-39 3
0.388236 0.274499 0.613754 7.6544e-39 3
0.404481 0.278788 0.623344 8.66783e-39 3
0.424839 0.278788 0.623344 8.66783e-39 3
0.431645 0.276627 0.618512 8.11537e-39 3
0.425262 0.266305 0.595433 1.005e-38 3
0.416343 0.254892 0.569914 9.03697e-39 3
0.422631 0.253084 0.565872 7.93098e-39 3
0.431871 0.253084 0.565872 8.66855e-39 3
0.444262 0.254892 0.569914 7.83663e-39 3
0.453569 0.254892 0.569914 9.86565e-39 3
0.558642 0.307628 0.687827 7.92919e-39 3
0.579872 0.313025 0.699895 9.58871e-39 3
0.60186 0.318615 0.712393 7.65368e-39 3
0.613492 0.318615 0.712393 8.11466e-39 3
0.608818 0.310303 0.693809 8.39052e-39 3
0.609546 0.304999 0.681949 8.02174e-39 3
0.546014 0.268307 0.59991 7.19198e-39 3
0.547576 0.264332 0.591022 8.11393e-39 3
0.549092 0.260473 0.582394 6.91467e-39 3
0.554554 0.258586 0.578174 7.28345e-39 3
0.555939 0.254892 0.569914 6.17674e-39 3
0.565245 0.254892 0.569914 8.20505e-39 3
0.614024 0.272403 0.609069 7.19126e-39 3
0.643623 0.280983 0.628252 5.90052e-39 3
0.675146 0.290121 0.648683 7.1927e-39 3
0.691359 0.292499 0.654 5.71757e-39 3
0.732041 0.304999 0.681949 6.63952e-39 3
-0.270183 0.316134 0.681949 7.74659e-39 3
-0.259047 0.316134 0.681949 9.03696e-39 3
-0.207183 0.264198 0.569914 8.48307e-39 3
-0.19509 0.260477 0.561887 9.31176e-39 3
-0.185915 0.260477 0.561887 9.77346e-39 3
-0.176739 0.260477 0.561887 1.07876e-38 3
-0.166976 0.259563 0.559916 1.10642e-38 3
-0.157281 0.258655 0.557958 1.01422e-38 3
-0.150272 0.262324 0.565872 1.04192e-38 3
-0.144097 0.268027 0.578174 1.13408e-38 3
-0.135639 0.269983 0.582394 1.31847e-38 3
-0.127997 0.273983 0.591022 1.30925e-38 3
-0.11923 0.276028 0.595433 1.30939e-38 3
-0.109506 0.276028 0.595433 1.41081e-38 3
-0.0997834 0.276028 0.595433 1.26326e-38 3
-0.0921228 0.282349 0.609069 1.25393e-38 3
-0.082177 0.282349 0.609069 1.30918e-38 3
-0.0727869 0.284521 0.613754 1.21705e-38 3
-0.0627647 0.284521 0.613754 1.20783e-38 3
-0.0527424 0.284521 0.613754 9.77453e-39 3
-0.0427202 0.284521 0.613754 1.24471e-38 3
-0.032698 0.284521 0.613754 1.21716e-38 3
-0.0228515 0.286727 0.618512 1.34624e-38 3
-0.0128512 0.288967 0.623344 1.16195e-38 3
-0.00267237 0.288967 0.623344 1.27241e-38 3
0.0063421 0.244143 0.526653 1.23567e-38 3
0.0148929 0.24334 0.524921 1.18957e-38 3
0.0232352 0.240962 0.519791 1.27248e-38 3
0.0317231 0.240962 0.519791 1.26326e-38 3
0.0399508 0.239403 0.516427 1.28177e-38 3
0.0485408 0.24018 0.518104 1.26337e-38 3
0.0575618 0.242543 0.5232 1.27259e-38 3
0.0690484 0.253341 0.546493 1.2266e-38 3
0.07851 0.255088 0.550262 1.21734e-38 3
0.0874955 0.255088 0.550262 1.21723e-38 3
0.096481 0.255088 0.550262 1.29099e-38 3
0.106199 0.256859 0.554083 1.40155e-38 3
0.11687 0.260477 0.561887 1.39233e-38 3
0.129699 0.268027 0.578174 1.34624e-38 3
0.144371 0.278103 0.59991 1.2817e-38 3
0.156521 0.282349 0.609069 1.43836e-38 3
0.169047 0.286727 0.618512 1.25397e-38 3
0.180547 0.288967 0.623344 1.4385e-38 3
0.190726 0.288967 0.623344 1.21734e-38 3
0.200904 0.288967 0.623344 1.2817e-38 3
0.211083 0.288967 0.623344 1.15262e-38 3
0.221262 0.288967 0.623344 1.11571e-38 3
0.231441 0.288967 0.623344 1.2172e-38 3
0.239747 0.286727 0.618512 1.33702e-38 3
0.249847 0.286727 0.618512 1.33702e-38 3
0.259947 0.286727 0.618512 1.2817e-38 3
0.270046 0.286727 0.618512 1.1895e-38 3
0.275869 0.282349 0.609069 1.23549e-38 3
0.28365 0.28021 0.604454 1.1527e-38 3
0.29352 0.28021 0.604454 1.16192e-38 3
0.359171 0.331729 0.715587 1.24482e-38 3
0.361139 0.323037 0.696838 1.26326e-38 3
0.374152 0.324454 0.699895 1.0605e-38 3
0.318523 0.268027 0.578174 1.15262e-38 3
0.323279 0.264198 0.569914 9.86637e-39 3
0.311452 0.24741 0.533699 1.03277e-38 3
0.322323 0.249076 0.537293 1.04195e-38 3
0.366924 0.276028 0.595433 1.02359e-38 3
0.336471 0.246585 0.53192 1.06969e-38 3
0.340616 0.24334 0.524921 9.68199e-39 3
0.344652 0.24018 0.518104 9.03661e-39 3
0.407037 0.264198 0.569914 9.59014e-39 3
0.407609 0.258655 0.557958 8.66854e-39 3
0.413826 0.256859 0.554083 1.06057e-38 3
0.422874 0.256859 0.554083 1.01437e-38 3
0.431922 0.256859 0.554083 1.08798e-38 3
0.440969 0.256859 0.554083 9.03589e-39 3
0.459592 0.262324 0.565872 9.58978e-39 3
0.579872 0.324454 0.699895 9.3132e-39 3
0.591301 0.324454 0.699895 1.07883e-38 3
0.608818 0.321633 0.693809 9.95785e-39 3
0.536218 0.278103 0.59991 1.03266e-38 3
0.518713 0.264198 0.569914 7.92954e-39 3
0.528019 0.264198 0.569914 8.48271e-39 3
0.537326 0.264198 0.569914 8.75858e-39 3
0.546632 0.264198 0.569914 8.2976e-39 3
0.544275 0.258655 0.557958 7.65187e-39 3
0.4977 0.232627 0.501811 7.28309e-39 3
0.574551 0.264198 0.569914 5.62393e-39 3
0.68068 0.303178 0.654 7.19198e-39 3
0.739876 0.324454 0.699895 6.91611e-39 3
0.808007 0.348941 0.752717 4.61122e-39 3
0.621926 0.256859 0.554083 5.90124e-39 3
0.630974 0.256859 0.554083 3.68854e-39 3
-0.306288 0.255271 0.53192 8.11142e-39 3
-0.297602 0.255271 0.53192 8.94226e-39 3
-0.288916 0.255271 0.53192 1.03259e-38 3
-0.276543 0.251912 0.524921 9.21885e-39 3
-0.278984 0.262265 0.546493 8.29689e-39 3
-0.271923 0.264073 0.550262 1.13393e-38 3
-0.264763 0.265907 0.554083 9.31176e-39 3
-0.255715 0.265907 0.554083 1.02337e-38 3
-0.246667 0.265907 0.554083 9.40395e-39 3
-0.234365 0.262265 0.546493 9.31248e-39 3
-0.223907 0.26048 0.542775 1.01422e-38 3
-0.215044 0.26048 0.542775 1.00518e-38 3
-0.206181 0.26048 0.542775 9.12916e-39 3
-0.198669 0.262265 0.546493 1.00497e-38 3
-0.19238 0.265907 0.554083 9.68089e-39 3
-0.1879 0.272531 0.567886 1.01415e-38 3
-0.178626 0.272531 0.567886 1.20776e-38 3
-0.168156 0.270605 0.563873 1.19854e-38 3
-0.156189 0.265907 0.554083 1.01422e-38 3
-0.146632 0.264987 0.552166 1.27248e-38 3
-0.135275 0.26048 0.542775 1.39219e-38 3
-0.129045 0.265907 0.554083 1.30918e-38 3
-0.119998 0.265907 0.554083 1.39233e-38 3
-0.11095 0.265907 0.554083 1.11571e-38 3
-0.101902 0.265907 0.554083 1.23557e-38 3
-0.0941618 0.269652 0.561887 1.28159e-38 3
-0.0874499 0.277468 0.578174 1.26315e-38 3
-0.0809413 0.287899 0.59991 1.15252e-38 3
-0.0711451 0.287899 0.59991 1.25393e-38 3
-0.0613489 0.287899 0.59991 1.26326e-38 3
-0.0515528 0.287899 0.59991 1.25404e-38 3
-0.0417566 0.287899 0.59991 1.17106e-38 3
-0.0319604 0.287899 0.59991 1.27237e-38 3
-0.0225026 0.292295 0.609069 1.30014e-38 3
-0.0125569 0.292295 0.609069 1.24504e-38 3
-0.00259138 0.290081 0.604454 1.34616e-38 3
0.00630051 0.251086 0.5232 1.30936e-38 3
0.0158302 0.267767 0.557958 1.2817e-38 3
0.0231598 0.24864 0.518104 1.2172e-38 3
0.0318268 0.250266 0.52149 1.38311e-38 3
0.0399508 0.247836 0.516427 1.24482e-38 3
0.0485408 0.24864 0.518104 1.34624e-38 3
0.0577511 0.251912 0.524921 1.28181e-38 3
0.066762 0.25358 0.528397 1.14358e-38 3
0.0779723 0.262265 0.546493 1.18957e-38 3
0.0868962 0.262265 0.546493 1.20801e-38 3
0.096481 0.264073 0.550262 1.37397e-38 3
0.105466 0.264073 0.550262 1.37393e-38 3
0.115247 0.265907 0.554083 1.19872e-38 3
0.124295 0.265907 0.554083 1.26326e-38 3
0.140155 0.279494 0.582394 1.14341e-38 3
0.155335 0.290081 0.604454 1.17106e-38 3
0.166466 0.292295 0.609069 1.15262e-38 3
0.175076 0.290081 0.604454 1.08809e-38 3
0.189247 0.296827 0.618512 9.95892e-39 3
0.200904 0.299146 0.623344 1.02355e-38 3
0.211083 0.299146 0.623344 1.19872e-38 3
0.219547 0.296827 0.618512 1.2172e-38 3
0.22788 0.294543 0.613754 1.1711e-38 3
0.234298 0.290081 0.604454 1.12511e-38 3
0.242332 0.287899 0.59991 1.19876e-38 3
0.252129 0.287899 0.59991 1.36467e-38 3
0.25997 0.285751 0.595433 1.06043e-38 3
0.265727 0.281549 0.586676 1.18018e-38 3
0.260012 0.265907 0.554083 1.23564e-38 3
0.267205 0.264073 0.550262 1.15277e-38 3
0.272432 0.26048 0.542775 1.18957e-38 3
0.361139 0.334416 0.696838 1.17114e-38 3
0.377463 0.338855 0.706088 1.27255e-38 3
0.303146 0.264073 0.550262 1.25404e-38 3
0.314299 0.265907 0.554083 1.19869e-38 3
0.30734 0.252743 0.526653 1.12493e-38 3
0.320167 0.256125 0.533699 1.08805e-38 3
0.328882 0.256125 0.533699 1.02352e-38 3
0.336471 0.255271 0.53192 1.0143e-38 3
0.34174 0.252743 0.526653 1.14337e-38 3
0.404778 0.265907 0.554083 9.95928e-39 3
0.408157 0.262265 0.546493 1.01437e-38 3
0.411445 0.25872 0.539108 1.01437e-38 3
0.417428 0.256984 0.53549 1.05125e-38 3
0.417761 0.251912 0.524921 1.02355e-38 3
0.418081 0.247036 0.514761 9.40539e-39 3
0.432061 0.250266 0.52149 9.68126e-39 3
0.513072 0.275472 0.574014 8.85258e-39 3
0.511407 0.269652 0.561887 7.46964e-39 3
0.520583 0.269652 0.561887 8.85258e-39 3
0.529758 0.269652 0.561887 8.7593e-39 3
0.535164 0.267767 0.557958 8.39052e-39 3
0.492604 0.242346 0.504987 8.11357e-39 3
0.49927 0.241581 0.503394 9.21992e-39 3
0.501166 0.238571 0.497121 7.83663e-39 3
0.504568 0.236362 0.492518 6.3615e-39 3
0.739876 0.335883 0.699895 6.36222e-39 3
0.751305 0.335883 0.699895 8.76038e-39 3
0.743176 0.32727 0.681949 6.45549e-39 3
0.592312 0.256984 0.53549 7.00831e-39 3
0.57779 0.247036 0.514761 5.71757e-39 3
0.578728 0.243889 0.508204 5.62537e-39 3
0.587027 0.243889 0.508204 6.17855e-39 3
-0.311856 0.261343 0.526653 1.10617e-38 3
-0.303256 0.261343 0.526653 1.25364e-38 3
-0.295631 0.262209 0.528397 8.20325e-39 3
-0.287957 0.26308 0.530153 9.95677e-39 3
-0.277456 0.261343 0.526653 1.07862e-38 3
-0.272453 0.26484 0.533699 9.12665e-39 3
-0.27006 0.271188 0.546493 1.10628e-38 3
-0.262937 0.273059 0.550262 8.29761e-39 3
-0.253952 0.273059 0.550262 9.77274e-39 3
-0.243288 0.271188 0.546493 1.05103e-38 3
-0.23277 0.269344 0.542775 1.02344e-38 3
-0.222394 0.267524 0.539108 1.13408e-38 3
-0.214315 0.268431 0.540936 1.06043e-38 3
-0.205482 0.268431 0.540936 1.15262e-38 3
-0.197991 0.270263 0.544628 1.13404e-38 3
-0.189097 0.270263 0.544628 1.08791e-38 3
-0.186572 0.279813 0.563873 1.18018e-38 3
-0.177364 0.279813 0.563873 1.24464e-38 3
-0.164665 0.274004 0.552166 1.03259e-38 3
-0.153001 0.269344 0.542775 1.19854e-38 3
-0.14365 0.268431 0.540936 1.32769e-38 3
-0.133909 0.266623 0.537293 1.06947e-38 3
-0.125558 0.267524 0.539108 1.35535e-38 3
-0.112205 0.257101 0.518104 1.2356e-38 3
-0.103076 0.255442 0.514761 1.10653e-38 3
-0.0946701 0.255442 0.514761 1.24471e-38 3
-0.0885495 0.262209 0.528397 1.24471e-38 3
-0.0815411 0.267524 0.539108 1.28159e-38 3
-0.0752811 0.276878 0.557958 1.29081e-38 3
-0.0661699 0.276878 0.557958 1.31847e-38 3
-0.0574606 0.278828 0.561887 1.46609e-38 3
-0.0493275 0.284845 0.574014 1.39233e-38 3
-0.0399541 0.284845 0.574014 1.38311e-38 3
-0.0305808 0.284845 0.574014 1.35531e-38 3
-0.0218359 0.293285 0.591022 1.30936e-38 3
-0.0121848 0.293285 0.591022 1.24493e-38 3
-0.00244331 0.282811 0.569914 1.34616e-38 3
0.00671908 0.276878 0.557958 1.26326e-38 3
0.0153995 0.269344 0.542775 1.34624e-38 3
0.0229364 0.254621 0.513106 1.35546e-38 3
0.0314161 0.255442 0.514761 1.28159e-38 3
0.0477654 0.252994 0.509827 1.47531e-38 3
0.0555581 0.250592 0.504987 1.2172e-38 3
0.0654615 0.257101 0.518104 1.35553e-38 3
0.0769186 0.267524 0.539108 1.40162e-38 3
0.0863051 0.269344 0.542775 1.29099e-38 3
0.0951683 0.269344 0.542775 1.30943e-38 3
0.103329 0.267524 0.539108 1.26326e-38 3
0.111379 0.265728 0.53549 1.44765e-38 3
0.109137 0.241424 0.486512 1.17106e-38 3
0.117439 0.242162 0.488 1.27248e-38 3
0.138542 0.267524 0.539108 1.23567e-38 3
0.147345 0.267524 0.539108 1.27255e-38 3
0.149097 0.255442 0.514761 1.15262e-38 3
0.157502 0.255442 0.514761 1.15262e-38 3
0.164845 0.253805 0.511461 1.36467e-38 3
0.173196 0.253805 0.511461 1.2356e-38 3
0.181548 0.253805 0.511461 1.21716e-38 3
0.1899 0.253805 0.511461 1.2172e-38 3
0.203469 0.260484 0.524921 1.13433e-38 3
0.21631 0.265728 0.53549 1.23564e-38 3
0.229679 0.271188 0.546493 1.16184e-38 3
0.238603 0.271188 0.546493 1.1894e-38 3
0.245843 0.269344 0.542775 1.26315e-38 3
0.247959 0.262209 0.528397 1.17103e-38 3
0.254899 0.260484 0.524921 1.27252e-38 3
0.260049 0.257101 0.518104 1.32783e-38 3
0.268509 0.257101 0.518104 1.12504e-38 3
0.284356 0.263957 0.53192 1.23564e-38 3
0.297002 0.267524 0.539108 1.15262e-38 3
0.312132 0.273059 0.550262 1.04195e-38 3
0.323347 0.274955 0.554083 1.13415e-38 3
0.337077 0.278828 0.561887 9.95857e-39 3
0.353725 0.284845 0.574014 1.08805e-38 3
0.33987 0.266623 0.537293 1.20794e-38 3
0.342871 0.262209 0.528397 1.02352e-38 3
0.399233 0.271188 0.546493 1.03281e-38 3
0.402641 0.267524 0.539108 1.02359e-38 3
0.408683 0.265728 0.53549 9.22172e-39 3
0.401269 0.255442 0.514761 9.5905e-39 3
0.399369 0.249016 0.501811 1.04203e-38 3
0.395137 0.241424 0.486512 1.11571e-38 3
0.395841 0.237087 0.477772 1.16181e-38 3
0.396519 0.232903 0.469341 1.02344e-38 3
0.502232 0.278828 0.561887 7.93098e-39 3
0.507831 0.276878 0.557958 9.22136e-39 3
0.509812 0.273059 0.550262 7.65403e-39 3
0.518797 0.273059 0.550262 9.12808e-39 3
0.513614 0.265728 0.53549 1.02344e-38 3
0.512049 0.260484 0.524921 9.68089e-39 3
0.491517 0.245922 0.495578 8.482e-39 3
0.49348 0.242905 0.489497 8.66639e-39 3
0.498415 0.241424 0.486512 9.86493e-39 3
0.50482 0.24069 0.485033 7.92954e-39 3
0.512741 0.24069 0.485033 6.17783e-39 3
0.523846 0.242162 0.488 5.71757e-39 3
0.553832 0.252188 0.508204 7.19305e-39 3
0.562131 0.252188 0.508204 5.71757e-39 3
0.566819 0.250592 0.504987 5.80976e-39 3
0.567877 0.247459 0.498675 6.17855e-39 3
0.579643 0.249016 0.501811 5.0722e-39 3
-0.309229 0.260487 0.508204 9.68126e-39 3
-0.317088 0.274473 0.53549 9.31104e-39 3
-0.306288 0.272643 0.53192 1.2813e-38 3
-0.298598 0.273555 0.533699 1.25368e-38 3
-0.287003 0.270837 0.528397 1.08787e-38 3
-0.277456 0.269943 0.526653 1.0694e-38 3
-0.270642 0.271737 0.530153 9.58763e-39 3
-0.268223 0.278207 0.542775 9.58835e-39 3
-0.261136 0.280112 0.546493 1.11557e-38 3
-0.252212 0.280112 0.546493 9.49615e-39 3
-0.243288 0.280112 0.546493 1.05103e-38 3
-0.23277 0.278207 0.542775 9.86565e-39 3
-0.222394 0.276327 0.539108 1.17096e-38 3
-0.212157 0.274473 0.53549 1.22638e-38 3
-0.205482 0.277264 0.540936 9.58906e-39 3
-0.197317 0.278207 0.542775 1.1801e-38 3
-0.187815 0.277264 0.540936 1.15252e-38 3
-0.183971 0.284992 0.556014 1.22627e-38 3
-0.175503 0.285989 0.557958 1.15252e-38 3
-0.162973 0.280112 0.546493 1.14323e-38 3
-0.153001 0.278207 0.542775 1.19858e-38 3
-0.144138 0.278207 0.542775 1.11557e-38 3
-0.133459 0.274473 0.53549 1.06032e-38 3
-0.120666 0.265561 0.518104 1.17106e-38 3
-0.109365 0.258838 0.504987 9.95892e-39 3
-0.100483 0.25721 0.501811 1.30925e-38 3
-0.0917116 0.255603 0.498675 1.21705e-38 3
-0.0835686 0.255603 0.498675 1.26315e-38 3
-0.0763803 0.258838 0.504987 1.36457e-38 3
-0.0694528 0.263848 0.514761 1.22627e-38 3
-0.0626642 0.270837 0.528397 1.31847e-38 3
-0.0540358 0.270837 0.528397 1.26322e-38 3
-0.043952 0.262156 0.511461 1.26326e-38 3
-0.0353734 0.260487 0.508204 1.50286e-38 3
-0.0270747 0.260487 0.508204 1.40134e-38 3
-0.0187761 0.260487 0.508204 1.47531e-38 3
-0.0105446 0.262156 0.511461 1.19879e-38 3
-0.00222119 0.265561 0.518104 1.41066e-38 3
0.00623914 0.265561 0.518104 1.40148e-38 3
0.0142372 0.25721 0.501811 1.27248e-38 3
0.0222913 0.255603 0.498675 1.43843e-38 3
0.0315178 0.264702 0.516427 1.38301e-38 3
0.0396938 0.262999 0.513106 1.35535e-38 3
0.0477654 0.261319 0.509827 1.40155e-38 3
0.0548636 0.255603 0.498675 1.41077e-38 3
0.0634029 0.25721 0.501811 1.35545e-38 3
0.0739218 0.265561 0.518104 1.30014e-38 3
0.0857219 0.276327 0.539108 1.23567e-38 3
0.0938909 0.274473 0.53549 1.42928e-38 3
0.102635 0.274473 0.53549 1.31858e-38 3
0.107068 0.263848 0.514761 1.37389e-38 3
0.108805 0.24861 0.485033 1.26322e-38 3
0.117439 0.250131 0.488 1.20794e-38 3
0.125793 0.250898 0.489497 1.29092e-38 3
0.13297 0.249368 0.486512 1.16184e-38 3
0.142654 0.252447 0.492518 1.18028e-38 3
0.15258 0.255603 0.498675 1.20783e-38 3
0.159725 0.254015 0.495578 1.43832e-38 3
0.165759 0.250898 0.489497 1.22627e-38 3
0.173752 0.250898 0.489497 1.27244e-38 3
0.182867 0.252447 0.492518 1.26322e-38 3
0.192095 0.254015 0.495578 1.06047e-38 3
0.201439 0.255603 0.498675 9.86709e-39 3
0.216343 0.263848 0.514761 1.21705e-38 3
0.224748 0.263848 0.514761 1.1433e-38 3
0.233154 0.263848 0.514761 1.18932e-38 3
0.240011 0.262156 0.511461 1.18947e-38 3
0.246781 0.260487 0.508204 1.2172e-38 3
0.25508 0.260487 0.508204 1.21716e-38 3
0.263379 0.260487 0.508204 1.19876e-38 3
0.273419 0.262156 0.511461 1.15266e-38 3
0.291101 0.270837 0.528397 1.13415e-38 3
0.305805 0.276327 0.539108 1.20791e-38 3
0.323347 0.284003 0.554083 9.31212e-39 3
0.33472 0.285989 0.557958 1.02344e-38 3
0.348708 0.290045 0.565872 1.02344e-38 3
0.33987 0.275397 0.537293 1.20783e-38 3
0.34401 0.271737 0.530153 9.95785e-39 3
0.460842 0.34658 0.676169 1.15259e-38 3
0.393838 0.276327 0.539108 1.05125e-38 3
0.399939 0.274473 0.53549 1.13422e-38 3
0.392863 0.263848 0.514761 9.5905e-39 3
0.391174 0.25721 0.501811 9.31391e-39 3
0.387193 0.249368 0.486512 9.49831e-39 3
0.381191 0.240567 0.469341 8.85294e-39 3
0.386581 0.23916 0.466596 1.06047e-38 3
0.391909 0.23777 0.463884 1.04188e-38 3
0.394892 0.235037 0.458552 9.95713e-39 3
0.40238 0.235037 0.458552 1.06947e-38 3
0.407525 0.233694 0.455931 9.22136e-39 3
0.412613 0.232366 0.453341 9.95928e-39 3
0.415296 0.229755 0.448247 8.2994e-39 3
0.422616 0.229755 0.448247 9.49794e-39 3
0.447535 0.23916 0.466596 6.731e-39 3
0.477493 0.250898 0.489497 9.58835e-39 3
0.485486 0.250898 0.489497 8.57419e-39 3
0.490471 0.249368 0.486512 8.11321e-39 3
0.49241 0.246364 0.480651 9.40395e-39 3
0.494303 0.243431 0.474928 9.31247e-39 3
0.509643 0.247108 0.482103 7.37637e-39 3
0.517515 0.247108 0.482103 7.37709e-39 3
0.543448 0.255603 0.498675 6.91611e-39 3
0.551591 0.255603 0.498675 6.63988e-39 3
0.559734 0.255603 0.498675 5.62537e-39 3
0.567877 0.255603 0.498675 7.1927e-39 3
0.579643 0.25721 0.501811 5.53318e-39 3
1.21718 0.511205 0.99735 5.34914e-39 3
-0.351192 0.262924 0.497121 8.8515e-39 3
-0.342009 0.262107 0.495578 6.91539e-39 3
-0.333917 0.262107 0.495578 1.03266e-38 3
-0.323813 0.26049 0.492518 8.482e-39 3
-0.318722 0.262924 0.497121 1.05103e-38 3
-0.30584 0.258891 0.489497 9.95784e-39 3
-0.297847 0.258891 0.489497 9.03589e-39 3
-0.295631 0.279466 0.528397 1.01412e-38 3
-0.282329 0.274914 0.519791 1.15245e-38 3
-0.276543 0.277627 0.524921 1.14323e-38 3
-0.272453 0.28227 0.533699 8.94298e-39 3
-0.262859 0.281329 0.53192 8.3898e-39 3
-0.257607 0.28513 0.539108 1.16174e-38 3
-0.248804 0.28513 0.539108 9.21956e-39 3
-0.241633 0.28707 0.542775 1.00493e-38 3
-0.231197 0.28513 0.539108 1.20783e-38 3
-0.222394 0.28513 0.539108 1.12486e-38 3
-0.212157 0.283217 0.53549 1.22638e-38 3
-0.203413 0.283217 0.53549 9.49687e-39 3
-0.194669 0.283217 0.53549 1.20776e-38 3
-0.187815 0.286097 0.540936 1.254e-38 3
-0.184615 0.2951 0.557958 1.11571e-38 3
-0.176119 0.296135 0.559916 9.95749e-39 3
-0.163533 0.29003 0.548371 1.11557e-38 3
-0.153524 0.28805 0.544628 1.13397e-38 3
-0.14463 0.28805 0.544628 1.11553e-38 3
-0.129126 0.274021 0.518104 1.19861e-38 3
-0.117611 0.267084 0.504987 1.11575e-38 3
-0.108677 0.265404 0.501811 1.29085e-38 3
-0.0998547 0.263746 0.498675 1.26312e-38 3
-0.091142 0.262107 0.495578 1.32765e-38 3
-0.0825369 0.26049 0.492518 1.15245e-38 3
-0.074957 0.262107 0.495578 1.33691e-38 3
-0.0672824 0.263746 0.498675 1.30003e-38 3
-0.0595113 0.265404 0.501811 1.44754e-38 3
-0.051317 0.265404 0.501811 1.21713e-38 3
-0.0428532 0.263746 0.498675 1.2356e-38 3
-0.0344946 0.262107 0.495578 1.43832e-38 3
-0.0264021 0.262107 0.495578 1.32758e-38 3
-0.0183096 0.262107 0.495578 1.43832e-38 3
-0.0102171 0.262107 0.495578 1.14341e-38 3
-0.00213789 0.263746 0.498675 1.43829e-38 3
0.00600518 0.263746 0.498675 1.26319e-38 3
0.0140604 0.262107 0.495578 1.37382e-38 3
0.021881 0.258891 0.489497 1.33691e-38 3
0.0298742 0.258891 0.489497 1.41059e-38 3
0.0378674 0.258891 0.489497 1.31847e-38 3
0.0474621 0.267932 0.50659 1.37379e-38 3
0.0538538 0.258891 0.489497 1.23549e-38 3
0.061847 0.258891 0.489497 1.33691e-38 3
0.0698402 0.258891 0.489497 1.25393e-38 3
0.0783139 0.26049 0.492518 1.22638e-38 3
0.0863564 0.26049 0.492518 1.42928e-38 3
0.0943989 0.26049 0.492518 1.39233e-38 3
0.0981983 0.2497 0.472118 1.45687e-38 3
0.108475 0.255753 0.483564 1.42918e-38 3
0.112288 0.24678 0.466596 1.46609e-38 3
0.119908 0.24678 0.466596 1.34624e-38 3
0.132566 0.256531 0.485033 1.14341e-38 3
0.143096 0.261296 0.494043 1.28159e-38 3
0.147065 0.254213 0.480651 1.23549e-38 3
0.153987 0.25269 0.477772 1.30925e-38 3
0.161788 0.25269 0.477772 1.20783e-38 3
0.16959 0.25269 0.477772 1.1894e-38 3
0.177392 0.25269 0.477772 1.30932e-38 3
0.185194 0.25269 0.477772 1.29095e-38 3
0.194158 0.254213 0.480651 1.12493e-38 3
0.205725 0.258891 0.489497 1.1433e-38 3
0.216373 0.262107 0.495578 1.29074e-38 3
0.224465 0.262107 0.495578 1.24464e-38 3
0.234011 0.263746 0.498675 1.23546e-38 3
0.242154 0.263746 0.498675 1.24478e-38 3
0.250297 0.263746 0.498675 1.16181e-38 3
0.25844 0.263746 0.498675 1.27244e-38 3
0.266583 0.263746 0.498675 1.09734e-38 3
0.278204 0.267084 0.504987 1.23557e-38 3
0.299729 0.279466 0.528397 1.17103e-38 3
0.323347 0.293051 0.554083 1.15248e-38 3
0.33472 0.2951 0.557958 1.1894e-38 3
0.346252 0.297178 0.561887 1.12486e-38 3
0.357948 0.299286 0.565872 1.20783e-38 3
0.34401 0.280394 0.530153 9.68126e-39 3
0.374786 0.265404 0.501811 9.95929e-39 3
0.38298 0.265404 0.501811 1.13422e-38 3
0.38393 0.26049 0.492518 1.00511e-38 3
0.373527 0.248231 0.469341 9.40611e-39 3
0.378962 0.24678 0.466596 1.00515e-38 3
0.382112 0.243927 0.461202 9.68378e-39 3
0.387404 0.242525 0.458552 1.13415e-38 3
0.392635 0.241139 0.455931 9.77346e-39 3
0.40008 0.241139 0.455931 8.66639e-39 3
0.40521 0.239769 0.453341 8.94369e-39 3
0.405697 0.23575 0.445743 9.77489e-39 3
0.410682 0.234441 0.443267 7.5622e-39 3
0.406625 0.228104 0.431286 8.76038e-39 3
0.425158 0.234441 0.443267 6.73208e-39 3
0.442224 0.239769 0.453341 7.65296e-39 3
0.457424 0.243927 0.461202 7.09978e-39 3
0.487498 0.255753 0.483564 6.6388e-39 3
0.495394 0.255753 0.483564 8.11393e-39 3
0.484216 0.24606 0.465236 6.6388e-39 3
0.499088 0.2497 0.472118 7.46856e-39 3
0.502339 0.247503 0.467965 7.83807e-39 3
0.533446 0.258891 0.489497 8.29905e-39 3
0.544781 0.26049 0.492518 8.20721e-39 3
0.552824 0.26049 0.492518 6.91647e-39 3
0.56435 0.262107 0.495578 6.73172e-39 3
1.21718 0.527491 0.99735 5.53353e-39 3
1.04976 0.448929 0.848808 5.34879e-39 3
-0.393005 0.271889 0.498675 5.44026e-39 3
-0.386069 0.272741 0.500238 5.71685e-39 3
-0.375545 0.271042 0.497121 8.2976e-39 3
-0.362906 0.267706 0.491003 9.03517e-39 3
-0.360433 0.271889 0.498675 8.29761e-39 3
-0.35229 0.271889 0.498675 7.83663e-39 3
-0.34095 0.269363 0.494043 9.22028e-39 3
-0.331856 0.268532 0.492518 1.01415e-38 3
-0.319864 0.265257 0.486512 1.14315e-38 3
-0.314799 0.267706 0.491003 9.95677e-39 3
-0.294237 0.26365 0.483564 1.06954e-38 3
-0.28634 0.26365 0.483564 1.06025e-38 3
-0.278444 0.26365 0.483564 1.01415e-38 3
-0.287076 0.279757 0.513106 7.09906e-39 3
-0.278698 0.279757 0.513106 1.07869e-38 3
-0.271191 0.280659 0.514761 9.77345e-39 3
-0.26194 0.279757 0.513106 1.06032e-38 3
-0.256031 0.282482 0.518104 8.85006e-39 3
-0.254173 0.290015 0.53192 1.07869e-38 3
-0.247134 0.291961 0.53549 1.19851e-38 3
-0.240001 0.293934 0.539108 9.31176e-39 3
-0.231197 0.293934 0.539108 1.10642e-38 3
-0.220902 0.291961 0.53549 1.15252e-38 3
-0.203945 0.280659 0.514761 9.77453e-39 3
-0.198095 0.284328 0.52149 1.13408e-38 3
-0.19209 0.288094 0.528397 1.27237e-38 3
-0.184685 0.290015 0.53192 1.18025e-38 3
-0.178378 0.293934 0.539108 1.19876e-38 3
-0.174892 0.303151 0.556014 1.12493e-38 3
-0.160771 0.293934 0.539108 1.2262e-38 3
-0.149941 0.290015 0.53192 1.27216e-38 3
-0.14463 0.296943 0.544628 1.13397e-38 3
-0.129126 0.282482 0.518104 1.44754e-38 3
-0.116871 0.273599 0.501811 1.2356e-38 3
-0.107998 0.271889 0.498675 1.15252e-38 3
-0.0992345 0.2702 0.495578 1.35531e-38 3
-0.0905794 0.268532 0.492518 1.47517e-38 3
-0.0820305 0.266885 0.489497 1.20776e-38 3
-0.0744943 0.268532 0.492518 1.23542e-38 3
-0.0668645 0.2702 0.495578 1.46598e-38 3
-0.0591394 0.271889 0.498675 1.50286e-38 3
-0.0509963 0.271889 0.498675 1.50286e-38 3
-0.0425871 0.2702 0.495578 1.51208e-38 3
-0.0340713 0.266885 0.489497 1.49353e-38 3
-0.025762 0.26365 0.483564 1.19851e-38 3
-0.0176518 0.260492 0.477772 1.35535e-38 3
-0.00985002 0.260492 0.477772 1.30936e-38 3
-0.00204828 0.260492 0.477772 1.41985e-38 3
0.00575346 0.260492 0.477772 1.32769e-38 3
0.0134745 0.258942 0.474928 1.29081e-38 3
0.0208574 0.254399 0.466596 1.20794e-38 3
0.0283111 0.25292 0.463884 1.33687e-38 3
0.035886 0.25292 0.463884 1.45669e-38 3
0.0437151 0.254399 0.466596 1.24464e-38 3
0.0513344 0.254399 0.466596 1.25386e-38 3
0.0589536 0.254399 0.466596 1.30918e-38 3
0.0665728 0.254399 0.466596 1.23549e-38 3
0.0737607 0.25292 0.463884 1.28173e-38 3
0.0813357 0.25292 0.463884 1.46609e-38 3
0.0889106 0.25292 0.463884 1.40159e-38 3
0.0953766 0.250013 0.458552 1.39233e-38 3
0.107822 0.262061 0.480651 1.52141e-38 3
0.109098 0.247172 0.453341 1.34624e-38 3
0.116501 0.247172 0.453341 1.43843e-38 3
0.127901 0.255145 0.467965 1.40155e-38 3
0.136342 0.25665 0.470726 1.39223e-38 3
0.141115 0.251458 0.461202 1.36457e-38 3
0.148646 0.251458 0.461202 1.37371e-38 3
0.156177 0.251458 0.461202 1.21705e-38 3
0.163708 0.251458 0.461202 1.17092e-38 3
0.171239 0.251458 0.461202 1.30932e-38 3
0.180862 0.254399 0.466596 1.30939e-38 3
0.191846 0.258942 0.474928 1.35542e-38 3
0.202007 0.262061 0.480651 1.24471e-38 3
0.212415 0.265257 0.486512 1.13401e-38 3
0.221711 0.266885 0.489497 1.1155e-38 3
0.229704 0.266885 0.489497 1.18932e-38 3
0.239165 0.268532 0.492518 1.26315e-38 3
0.247207 0.268532 0.492518 1.13415e-38 3
0.25525 0.268532 0.492518 1.14344e-38 3
0.264928 0.2702 0.495578 1.37386e-38 3
0.274726 0.271889 0.498675 1.16181e-38 3
0.28645 0.27533 0.504987 1.34613e-38 3
0.316748 0.295933 0.542775 1.08794e-38 3
0.33472 0.304211 0.557958 1.07883e-38 3
0.348708 0.308526 0.565872 1.11571e-38 3
0.357948 0.308526 0.565872 1.11575e-38 3
0.481233 0.384975 0.706088 1.14337e-38 3
0.333427 0.260492 0.477772 1.16181e-38 3
0.348485 0.254399 0.466596 9.31392e-39 3
0.345988 0.247172 0.453341 1.09734e-38 3
0.35339 0.247172 0.453341 1.21713e-38 3
0.358755 0.245775 0.45078 1.06039e-38 3
0.366116 0.245775 0.45078 1.18032e-38 3
0.377745 0.248584 0.455931 9.96036e-39 3
0.38519 0.248584 0.455931 8.76002e-39 3
0.390404 0.247172 0.453341 1.23549e-38 3
0.397807 0.247172 0.453341 9.58906e-39 3
0.402921 0.245775 0.45078 8.57491e-39 3
0.403444 0.241679 0.443267 9.49794e-39 3
0.399582 0.235147 0.431286 9.59014e-39 3
0.411444 0.233883 0.428968 6.6388e-39 3
0.432397 0.241679 0.443267 7.28417e-39 3
0.449627 0.247172 0.453341 9.7731e-39 3
0.462283 0.250013 0.458552 7.83699e-39 3
0.475233 0.25292 0.463884 6.73064e-39 3
0.485631 0.254399 0.466596 4.98036e-39 3
0.487548 0.251458 0.461202 5.99451e-39 3
0.486641 0.247172 0.453341 6.54768e-39 3
0.491252 0.245775 0.45078 7.65368e-39 3
0.497209 0.245083 0.44951 7.28525e-39 3
0.517673 0.251458 0.461202 7.93062e-39 3
0.525204 0.251458 0.461202 7.56148e-39 3
1.2009 0.543777 0.99735 5.34879e-39 3
1.14559 0.51179 0.938682 4.51902e-39 3
1.03871 0.457918 0.839874 6.1789e-39 3
-0.370923 0.275724 0.491003 7.83663e-39 3
-0.357085 0.277431 0.494043 8.20469e-39 3
-0.35229 0.280032 0.498675 1.04181e-38 3
-0.343075 0.279159 0.497121 1.12486e-38 3
-0.331856 0.276575 0.492518 9.49687e-39 3
-0.31601 0.26991 0.480651 9.21884e-39 3
-0.306316 0.268294 0.477772 8.57455e-39 3
-0.304905 0.274037 0.488 1.13408e-38 3
-0.295131 0.272371 0.485033 9.77345e-39 3
-0.28634 0.271546 0.483564 1.06025e-38 3
-0.277603 0.270726 0.482103 8.94298e-39 3
-0.253638 0.254574 0.453341 1.16166e-38 3
-0.249066 0.2575 0.458552 1.05103e-38 3
-0.270319 0.288136 0.513106 1.13408e-38 3
-0.257795 0.283576 0.504987 1.12479e-38 3
-0.2594 0.29477 0.524921 9.40324e-39 3
-0.257607 0.302737 0.539108 1.08791e-38 3
-0.248804 0.302737 0.539108 1.21698e-38 3
-0.240001 0.302737 0.539108 1.12479e-38 3
-0.220756 0.289065 0.514761 1.20783e-38 3
-0.190256 0.258989 0.461202 1.17096e-38 3
-0.182725 0.258989 0.461202 1.21705e-38 3
-0.19062 0.281793 0.501811 1.20776e-38 3
-0.19209 0.296722 0.528397 1.11557e-38 3
-0.184685 0.298701 0.53192 1.18947e-38 3
-0.174834 0.296722 0.528397 1.09727e-38 3
-0.161916 0.289065 0.514761 1.24471e-38 3
-0.15351 0.289065 0.514761 1.09713e-38 3
-0.145105 0.289065 0.514761 1.31836e-38 3
-0.137586 0.290942 0.518104 1.19851e-38 3
-0.129126 0.290942 0.518104 1.4752e-38 3
-0.116871 0.281793 0.501811 1.29092e-38 3
-0.107998 0.280032 0.498675 1.11564e-38 3
-0.0986219 0.276575 0.492518 1.28155e-38 3
-0.0900237 0.274878 0.489497 1.34609e-38 3
-0.0820305 0.274878 0.489497 1.1801e-38 3
-0.0740373 0.274878 0.489497 1.40137e-38 3
-0.0664518 0.276575 0.492518 1.4752e-38 3
-0.058772 0.278292 0.495578 1.40145e-38 3
-0.0506796 0.278292 0.495578 1.1433e-38 3
-0.0420645 0.274878 0.489497 1.34613e-38 3
-0.0336583 0.271546 0.483564 1.34602e-38 3
-0.0254535 0.268294 0.477772 1.28148e-38 3
-0.0172389 0.262018 0.466596 1.37379e-38 3
-0.00956368 0.260495 0.463884 1.45687e-38 3
-0.00198874 0.260495 0.463884 1.28155e-38 3
0.00558621 0.260495 0.463884 1.13408e-38 3
0.0130851 0.258989 0.461202 1.18018e-38 3
0.0203806 0.256029 0.455931 1.10653e-38 3
0.0278257 0.256029 0.455931 1.1617e-38 3
0.0348723 0.253136 0.45078 1.23546e-38 3
0.0422332 0.253136 0.45078 1.1801e-38 3
0.049876 0.254574 0.453341 1.3645e-38 3
0.0572788 0.254574 0.453341 1.27226e-38 3
0.0646816 0.254574 0.453341 1.41988e-38 3
0.0720844 0.254574 0.453341 1.30017e-38 3
0.0799414 0.256029 0.455931 1.44765e-38 3
0.0868899 0.254574 0.453341 1.42921e-38 3
0.0932333 0.251714 0.448247 1.30936e-38 3
0.0988863 0.247542 0.440818 1.39233e-38 3
0.106085 0.247542 0.440818 1.39233e-38 3
0.113912 0.248917 0.443267 1.4846e-38 3
0.127527 0.262018 0.466596 1.48453e-38 3
0.135146 0.262018 0.466596 1.24482e-38 3
0.142765 0.262018 0.466596 1.11564e-38 3
0.146112 0.254574 0.453341 1.30003e-38 3
0.153515 0.254574 0.453341 1.21705e-38 3
0.160918 0.254574 0.453341 1.18947e-38 3
0.16737 0.253136 0.45078 1.22635e-38 3
0.175723 0.254574 0.453341 1.06961e-38 3
0.184173 0.256029 0.455931 1.24478e-38 3
0.192719 0.2575 0.458552 1.21705e-38 3
0.201364 0.258989 0.461202 1.16166e-38 3
0.208895 0.258989 0.461202 1.33676e-38 3
0.216426 0.258989 0.461202 1.25386e-38 3
0.22526 0.260495 0.463884 1.11564e-38 3
0.232835 0.260495 0.463884 1.16181e-38 3
0.241815 0.262018 0.466596 1.29095e-38 3
0.260081 0.273202 0.486512 1.254e-38 3
0.27302 0.278292 0.495578 1.17103e-38 3
0.28645 0.283576 0.504987 1.12486e-38 3
0.316748 0.304796 0.542775 1.12493e-38 3
0.332395 0.311146 0.554083 1.14337e-38 3
0.346252 0.315529 0.561887 1.17103e-38 3
0.355427 0.315529 0.561887 1.15266e-38 3
0.359539 0.311146 0.554083 1.10649e-38 3
0.325622 0.274878 0.489497 1.0143e-38 3
0.314332 0.258989 0.461202 1.08805e-38 3
0.297766 0.239599 0.426674 1.24479e-38 3
0.303112 0.238325 0.424404 1.04195e-38 3
0.313636 0.235816 0.419937 1.07883e-38 3
0.320494 0.235816 0.419937 9.77489e-39 3
0.325637 0.234582 0.417738 1.01422e-38 3
0.334208 0.235816 0.419937 1.00508e-38 3
0.341066 0.235816 0.419937 9.12952e-39 3
0.365223 0.247542 0.440818 1.12511e-38 3
0.380838 0.253136 0.45078 8.76002e-39 3
0.390404 0.254574 0.453341 1.07876e-38 3
0.39556 0.253136 0.45078 9.68126e-39 3
0.398419 0.250308 0.445743 8.48271e-39 3
0.394673 0.243506 0.43363 8.85258e-39 3
0.404913 0.237064 0.422159 9.68126e-39 3
0.430008 0.247542 0.440818 9.03589e-39 3
0.447086 0.253136 0.45078 8.57456e-39 3
0.457029 0.254574 0.453341 8.66675e-39 3
0.46977 0.2575 0.458552 9.31212e-39 3
0.477258 0.2575 0.458552 6.91647e-39 3
0.465999 0.247542 0.440818 5.44134e-39 3
0.474508 0.248228 0.442039 8.20721e-39 3
0.481726 0.248228 0.442039 7.00831e-39 3
0.487594 0.247542 0.440818 5.81012e-39 3
0.508849 0.254574 0.453341 7.10086e-39 3
0.516252 0.254574 0.453341 7.1927e-39 3
0.529674 0.2575 0.458552 5.53318e-39 3
-0.395886 0.26807 0.463884 7.28417e-39 3
-0.390564 0.286385 0.495578 7.92954e-39 3
-0.377779 0.282871 0.489497 8.02174e-39 3
-0.369786 0.282871 0.489497 5.90052e-39 3
-0.360686 0.282006 0.488 9.40395e-39 3
-0.355983 0.284617 0.492518 8.20469e-39 3
-0.350102 0.286385 0.495578 1.03266e-38 3
-0.348503 0.291823 0.504987 1.14341e-38 3
-0.325822 0.279442 0.483564 9.31247e-39 3
-0.314118 0.276096 0.477772 1.02337e-38 3
-0.299151 0.269637 0.466596 9.40467e-39 3
-0.288161 0.26652 0.461202 9.03589e-39 3
-0.275847 0.261977 0.453341 1.1433e-38 3
-0.268444 0.261977 0.453341 1.19862e-38 3
-0.256666 0.257586 0.445743 1.02344e-38 3
-0.249387 0.257586 0.445743 1.06954e-38 3
-0.242109 0.257586 0.445743 1.11564e-38 3
-0.23483 0.257586 0.445743 8.57491e-39 3
-0.236812 0.26807 0.463884 1.13401e-38 3
-0.2594 0.303342 0.524921 1.15245e-38 3
-0.254173 0.307386 0.53192 1.03266e-38 3
-0.242257 0.303342 0.524921 1.01422e-38 3
-0.227693 0.295564 0.511461 1.08798e-38 3
-0.194416 0.261977 0.453341 1.22627e-38 3
-0.187013 0.261977 0.453341 1.15252e-38 3
-0.17961 0.261977 0.453341 9.86565e-39 3
-0.172208 0.261977 0.453341 1.34606e-38 3
-0.168638 0.26807 0.463884 1.2723e-38 3
-0.166884 0.277759 0.480651 1.10649e-38 3
-0.1526 0.26652 0.461202 1.2356e-38 3
-0.144236 0.264988 0.458552 1.28159e-38 3
-0.135194 0.261977 0.453341 1.18014e-38 3
-0.12926 0.264988 0.458552 1.19851e-38 3
-0.13326 0.289987 0.501811 1.2446e-38 3
-0.124284 0.288175 0.498675 1.30925e-38 3
-0.116141 0.288175 0.498675 1.26326e-38 3
-0.10601 0.282871 0.489497 1.41988e-38 3
-0.0968288 0.279442 0.483564 1.40141e-38 3
-0.0889325 0.279442 0.483564 1.40141e-38 3
-0.0810362 0.279442 0.483564 1.28152e-38 3
-0.0740373 0.282871 0.489497 1.26308e-38 3
-0.0668645 0.286385 0.495578 1.25393e-38 3
-0.058772 0.286385 0.495578 1.48442e-38 3
-0.0506796 0.286385 0.495578 1.43832e-38 3
-0.041808 0.281146 0.486512 1.46598e-38 3
-0.0334556 0.277759 0.480651 1.37375e-38 3
-0.0248581 0.269637 0.466596 1.35531e-38 3
-0.0170396 0.26652 0.461202 1.37379e-38 3
-0.00939974 0.263474 0.455931 1.36471e-38 3
-0.00195464 0.263474 0.455931 1.2539e-38 3
0.00549045 0.263474 0.455931 1.3646e-38 3
0.012862 0.261977 0.453341 1.45676e-38 3
0.0199252 0.257586 0.445743 1.44765e-38 3
0.0270528 0.256155 0.443267 1.27233e-38 3
0.0337289 0.251956 0.436 1.34609e-38 3
0.0408485 0.251956 0.436 1.43825e-38 3
0.0479682 0.251956 0.436 1.29996e-38 3
0.0550878 0.251956 0.436 1.13397e-38 3
0.0622074 0.251956 0.436 1.44754e-38 3
0.0697079 0.253341 0.438396 1.37393e-38 3
0.0772914 0.25474 0.440818 1.41999e-38 3
0.0840254 0.253341 0.438396 1.38301e-38 3
0.090193 0.250587 0.43363 1.19872e-38 3
0.0952043 0.245255 0.424404 1.30936e-38 3
0.102135 0.245255 0.424404 1.30939e-38 3
0.109065 0.245255 0.424404 1.5307e-38 3
0.128277 0.271223 0.469341 1.41084e-38 3
0.135941 0.271223 0.469341 1.2817e-38 3
0.143184 0.270428 0.467965 1.26326e-38 3
0.149946 0.268851 0.465236 1.28159e-38 3
0.150104 0.256155 0.443267 1.3278e-38 3
0.162767 0.264988 0.458552 1.33698e-38 3
0.166429 0.259034 0.448247 1.33702e-38 3
0.170869 0.25474 0.440818 1.3923e-38 3
0.178067 0.25474 0.440818 1.35535e-38 3
0.186295 0.256155 0.443267 1.25393e-38 3
0.192997 0.255446 0.442039 1.17096e-38 3
0.200772 0.256155 0.443267 1.1894e-38 3
0.20801 0.256155 0.443267 1.19862e-38 3
0.217667 0.259034 0.448247 1.36457e-38 3
0.224986 0.259034 0.448247 1.22635e-38 3
0.232306 0.259034 0.448247 1.2172e-38 3
0.247985 0.26807 0.463884 1.07883e-38 3
0.271335 0.284617 0.492518 1.11571e-38 3
0.307885 0.31366 0.542775 1.30925e-38 3
0.316748 0.31366 0.542775 1.33702e-38 3
0.231231 0.222744 0.385449 1.17106e-38 3
0.244616 0.229393 0.396955 1.15266e-38 3
0.260158 0.23767 0.411278 1.29095e-38 3
0.269654 0.240146 0.415562 1.16188e-38 3
0.27644 0.240146 0.415562 1.0789e-38 3
0.283226 0.240146 0.415562 1.20798e-38 3
0.290012 0.240146 0.415562 1.09734e-38 3
0.29526 0.238901 0.413409 8.20578e-39 3
0.300454 0.23767 0.411278 1.04185e-38 3
0.308761 0.238901 0.413409 1.02352e-38 3
0.317155 0.240146 0.415562 1.08805e-38 3
0.323941 0.240146 0.415562 1.03273e-38 3
0.330727 0.240146 0.415562 1.18025e-38 3
0.337513 0.240146 0.415562 9.86673e-39 3
0.347923 0.242674 0.419937 9.12952e-39 3
0.370375 0.253341 0.438396 9.77453e-39 3
0.381729 0.256155 0.443267 1.00511e-38 3
0.388967 0.256155 0.443267 7.10086e-39 3
0.387592 0.250587 0.43363 7.65403e-39 3
0.38221 0.242674 0.419937 9.68234e-39 3
0.385014 0.240146 0.415562 8.66818e-39 3
0.402782 0.242674 0.419937 1.03266e-38 3
0.42071 0.249232 0.431286 1.01433e-38 3
0.437206 0.25474 0.440818 9.77418e-39 3
0.454447 0.260497 0.45078 9.58979e-39 3
0.464432 0.261977 0.453341 9.221e-39 3
0.471835 0.261977 0.453341 9.12916e-39 3
0.455924 0.249232 0.431286 7.74623e-39 3
0.461718 0.248561 0.430124 8.94477e-39 3
0.468742 0.248561 0.430124 7.28525e-39 3
0.468194 0.244605 0.423278 8.94369e-39 3
0.494792 0.25474 0.440818 8.7593e-39 3
0.507599 0.257586 0.445743 8.29833e-39 3
0.517771 0.259034 0.448247 7.00759e-39 3
-0.411036 0.275645 0.463884 6.36221e-39 3
-0.700962 0.478898 0.805939 3.87293e-39 3
-0.69482 0.483784 0.814163 6.17782e-39 3
-0.374379 0.294477 0.495578 8.75859e-39 3
-0.35229 0.296318 0.498675 9.58906e-39 3
-0.337813 0.290864 0.489497 7.74623e-39 3
-0.323859 0.285608 0.480651 1.01433e-38 3
-0.314118 0.283897 0.477772 1.12486e-38 3
-0.299151 0.277257 0.466596 9.12808e-39 3
-0.28325 0.26938 0.453341 1.13408e-38 3
-0.275847 0.26938 0.453341 1.2078e-38 3
-0.263945 0.264865 0.445743 9.77346e-39 3
-0.252435 0.260499 0.438396 1.24471e-38 3
-0.245277 0.260499 0.438396 1.17096e-38 3
-0.23553 0.257668 0.43363 8.7593e-39 3
-0.223588 0.252185 0.424404 1.05107e-38 3
-0.212144 0.246932 0.415562 1.00493e-38 3
-0.205358 0.246932 0.415562 9.31176e-39 3
-0.195517 0.243133 0.409169 1.30925e-38 3
-0.191787 0.246932 0.415562 1.08812e-38 3
-0.199551 0.266353 0.448247 1.06965e-38 3
-0.193318 0.267858 0.45078 1.05121e-38 3
-0.187013 0.26938 0.453341 1.08798e-38 3
-0.17961 0.26938 0.453341 1.19854e-38 3
-0.172208 0.26938 0.453341 1.30914e-38 3
-0.164805 0.26938 0.453341 1.06021e-38 3
-0.160132 0.274051 0.461202 1.40145e-38 3
-0.1526 0.274051 0.461202 1.24471e-38 3
-0.144236 0.272476 0.458552 1.1433e-38 3
-0.135194 0.26938 0.453341 1.09716e-38 3
-0.12926 0.272476 0.458552 1.13404e-38 3
-0.121996 0.290864 0.489497 1.1433e-38 3
-0.104396 0.266353 0.448247 1.02355e-38 3
-0.0970767 0.266353 0.448247 1.22627e-38 3
-0.0854372 0.253534 0.426674 1.38297e-38 3
-0.0780525 0.252185 0.424404 1.42907e-38 3
-0.0696405 0.246932 0.415562 1.38293e-38 3
-0.0628546 0.246932 0.415562 1.06947e-38 3
-0.0652436 0.287339 0.483564 1.23549e-38 3
-0.058772 0.294477 0.495578 1.29081e-38 3
-0.0503667 0.29266 0.492518 1.43832e-38 3
-0.0413043 0.285608 0.480651 1.4107e-38 3
-0.0324773 0.277257 0.466596 1.34616e-38 3
-0.0245707 0.274051 0.461202 1.57662e-38 3
-0.0167491 0.26938 0.453341 1.48446e-38 3
-0.00913863 0.263394 0.443267 1.62286e-38 3
-0.00188985 0.261938 0.440818 1.47516e-38 3
0.00527928 0.260499 0.438396 1.39226e-38 3
0.0121705 0.254897 0.428968 1.40148e-38 3
0.0187716 0.249531 0.419937 1.34624e-38 3
0.0254948 0.248224 0.417738 1.53977e-38 3
0.0323162 0.248224 0.417738 1.38301e-38 3
0.0391376 0.248224 0.417738 1.33691e-38 3
0.045959 0.248224 0.417738 1.39223e-38 3
0.0530582 0.249531 0.419937 1.40134e-38 3
0.0602326 0.250851 0.422159 1.32772e-38 3
0.0674832 0.252185 0.424404 1.1527e-38 3
0.0748114 0.253534 0.426674 1.19872e-38 3
0.0817788 0.253534 0.426674 1.36457e-38 3
0.088274 0.252185 0.424404 1.53052e-38 3
0.0942022 0.249531 0.419937 1.25408e-38 3
0.101059 0.249531 0.419937 1.42936e-38 3
0.107352 0.248224 0.417738 1.40173e-38 3
0.115381 0.250851 0.422159 1.30943e-38 3
0.122925 0.252185 0.424404 1.36471e-38 3
0.129856 0.252185 0.424404 1.30936e-38 3
0.137517 0.253534 0.426674 1.3001e-38 3
0.144485 0.253534 0.426674 1.30936e-38 3
0.137818 0.23071 0.388263 1.28174e-38 3
0.166898 0.267103 0.44951 1.27248e-38 3
0.163637 0.250851 0.422159 1.42907e-38 3
0.178561 0.262664 0.442039 1.26315e-38 3
0.186814 0.264127 0.444501 1.37379e-38 3
0.194072 0.264127 0.444501 1.4752e-38 3
0.194295 0.254897 0.428968 1.13415e-38 3
0.205724 0.260499 0.438396 1.18947e-38 3
0.209431 0.256275 0.431286 1.26322e-38 3
0.216473 0.256275 0.431286 1.24478e-38 3
0.223516 0.256275 0.431286 1.06968e-38 3
0.230559 0.256275 0.431286 1.08809e-38 3
0.24834 0.267858 0.45078 1.13419e-38 3
0.27597 0.289091 0.486512 1.30003e-38 3
0.224937 0.229038 0.385449 1.05121e-38 3
0.23012 0.227937 0.383596 1.27255e-38 3
0.236384 0.227937 0.383596 1.06968e-38 3
0.251098 0.235875 0.396955 1.16199e-38 3
0.26281 0.240664 0.405015 1.20798e-38 3
0.272187 0.243133 0.409169 1.30017e-38 3
0.278868 0.243133 0.409169 1.19876e-38 3
0.28555 0.243133 0.409169 1.01437e-38 3
0.290741 0.241892 0.407082 1.1156e-38 3
0.297388 0.241892 0.407082 1.12482e-38 3
0.304035 0.241892 0.407082 9.12773e-39 3
0.313886 0.244386 0.411278 1.03274e-38 3
0.323941 0.246932 0.415562 1.16181e-38 3
0.330727 0.246932 0.415562 1.24478e-38 3
0.337513 0.246932 0.415562 1.27248e-38 3
0.344299 0.246932 0.415562 8.2994e-39 3
0.35478 0.249531 0.419937 1.06965e-38 3
0.361638 0.249531 0.419937 1.00511e-38 3
0.383019 0.245652 0.413409 8.02281e-39 3
0.396521 0.245652 0.413409 1.005e-38 3
0.409639 0.249531 0.419937 8.57599e-39 3
0.432428 0.259076 0.436 9.95857e-39 3
0.444404 0.261938 0.440818 9.77418e-39 3
0.451603 0.261938 0.440818 1.00508e-38 3
0.458801 0.261938 0.440818 9.3132e-39 3
0.449845 0.252858 0.425536 7.00831e-39 3
0.45437 0.251517 0.423278 8.76038e-39 3
0.461282 0.251517 0.423278 7.37745e-39 3
0.464497 0.249531 0.419937 8.66711e-39 3
0.471355 0.249531 0.419937 9.31247e-39 3
0.501991 0.261938 0.440818 9.31248e-39 3
0.514878 0.264865 0.445743 7.09978e-39 3
-0.401694 0.276783 0.453341 5.07148e-39 3
-0.715415 0.502204 0.822557 6.45476e-39 3
-0.672081 0.510092 0.835476 9.03517e-39 3
-0.665406 0.515489 0.844317 7.19162e-39 3
-0.342009 0.30257 0.495578 9.59086e-39 3
-0.32192 0.291699 0.477772 8.85257e-39 3
-0.30677 0.284876 0.466596 1.0511e-38 3
-0.290652 0.276783 0.453341 8.57491e-39 3
-0.280067 0.273673 0.448247 1.10642e-38 3
-0.271224 0.272144 0.445743 1.13404e-38 3
-0.259594 0.267658 0.438396 1.03273e-38 3
-0.247007 0.261902 0.428968 1.17096e-38 3
-0.237449 0.259116 0.424404 1.18018e-38 3
-0.228092 0.256388 0.419937 7.74479e-39 3
-0.21893 0.253717 0.415562 7.46748e-39 3
-0.211045 0.252403 0.413409 1.05099e-38 3
-0.202199 0.249814 0.409169 8.20576e-39 3
-0.192555 0.246029 0.40297 1.31847e-38 3
-0.185975 0.246029 0.40297 1.06043e-38 3
-0.187937 0.257745 0.422159 1.21713e-38 3
-0.192232 0.273673 0.448247 1.17096e-38 3
-0.187013 0.276783 0.453341 1.26315e-38 3
-0.17961 0.276783 0.453341 1.04181e-38 3
-0.172208 0.276783 0.453341 1.10635e-38 3
-0.164805 0.276783 0.453341 1.3184e-38 3
-0.157402 0.276783 0.453341 1.30003e-38 3
-0.149999 0.276783 0.453341 1.36467e-38 3
-0.142597 0.276783 0.453341 1.03277e-38 3
-0.135194 0.276783 0.453341 1.28159e-38 3
-0.127791 0.276783 0.453341 1.08798e-38 3
-0.104396 0.273673 0.448247 1.06032e-38 3
-0.0970767 0.273673 0.448247 1.29081e-38 3
-0.0854372 0.260501 0.426674 1.41063e-38 3
-0.0764264 0.253717 0.415562 1.12482e-38 3
-0.0682192 0.24854 0.407082 1.35531e-38 3
-0.0606436 0.244793 0.400945 1.31843e-38 3
-0.053826 0.243569 0.39894 1.60428e-38 3
-0.0584093 0.300702 0.492518 1.41988e-38 3
-0.0503667 0.300702 0.492518 1.36457e-38 3
-0.0423242 0.300702 0.492518 1.25393e-38 3
-0.0326684 0.286552 0.469341 1.10638e-38 3
-0.0241519 0.276783 0.453341 1.38304e-38 3
-0.0167491 0.276783 0.453341 1.4568e-38 3
-0.00908814 0.269137 0.440818 1.41081e-38 3
-0.00183905 0.261902 0.428968 1.52144e-38 3
0.00497838 0.252403 0.413409 1.36453e-38 3
0.0117291 0.252403 0.413409 1.30939e-38 3
0.0183846 0.251102 0.411278 1.41081e-38 3
0.0252306 0.252403 0.413409 1.40148e-38 3
0.0319813 0.252403 0.413409 1.42921e-38 3
0.038732 0.252403 0.413409 1.53974e-38 3
0.0454828 0.252403 0.413409 1.54896e-38 3
0.0522335 0.252403 0.413409 1.36453e-38 3
0.0592914 0.253717 0.415562 1.34616e-38 3
0.0660773 0.253717 0.415562 1.31858e-38 3
0.0873448 0.256388 0.419937 1.39233e-38 3
0.0942022 0.256388 0.419937 1.30943e-38 3
0.101059 0.256388 0.419937 1.51237e-38 3
0.107352 0.255046 0.417738 1.40173e-38 3
0.114173 0.255046 0.417738 1.43861e-38 3
0.114406 0.241157 0.39499 1.44769e-38 3
0.120557 0.240562 0.394015 1.39237e-38 3
0.126679 0.239969 0.393044 1.3923e-38 3
0.13277 0.23938 0.392079 1.34613e-38 3
0.147508 0.253717 0.415562 1.17106e-38 3
0.143808 0.236475 0.38732 1.15277e-38 3
0.16108 0.253717 0.415562 1.34638e-38 3
0.167866 0.253717 0.415562 1.29081e-38 3
0.175566 0.255046 0.417738 1.31836e-38 3
0.183347 0.256388 0.419937 1.51208e-38 3
0.200215 0.269882 0.442039 1.11578e-38 3
0.20516 0.266925 0.437194 1.14344e-38 3
0.207191 0.260501 0.426674 1.17106e-38 3
0.213019 0.259116 0.424404 1.31858e-38 3
0.218785 0.257745 0.422159 1.28166e-38 3
0.223316 0.255046 0.417738 1.22627e-38 3
0.222001 0.246029 0.40297 1.18018e-38 3
0.220776 0.237628 0.38921 1.17096e-38 3
0.223856 0.234201 0.383596 1.08809e-38 3
0.23012 0.234201 0.383596 1.13419e-38 3
0.236384 0.234201 0.383596 1.22645e-38 3
0.247405 0.238793 0.391118 1.28174e-38 3
0.25758 0.242357 0.396955 1.1711e-38 3
0.266716 0.244793 0.400945 1.32783e-38 3
0.274643 0.246029 0.40297 1.10656e-38 3
0.281223 0.246029 0.40297 1.01437e-38 3
0.286357 0.244793 0.400945 1.14337e-38 3
0.292905 0.244793 0.400945 1.254e-38 3
0.300964 0.246029 0.40297 1.09727e-38 3
0.310683 0.24854 0.407082 1.07883e-38 3
0.320602 0.251102 0.411278 1.18025e-38 3
0.329013 0.252403 0.413409 1.11571e-38 3
0.335764 0.252403 0.413409 1.18947e-38 3
0.344299 0.253717 0.415562 9.95857e-39 3
0.351085 0.253717 0.415562 8.94369e-39 3
0.357871 0.253717 0.415562 1.12486e-38 3
0.38847 0.247278 0.405015 9.77418e-39 3
0.403271 0.252403 0.413409 8.57599e-39 3
0.427753 0.263318 0.431286 9.95892e-39 3
0.444404 0.269137 0.440818 1.03273e-38 3
0.426841 0.25438 0.416647 8.20757e-39 3
0.433645 0.25438 0.416647 9.49831e-39 3
0.45764 0.256388 0.419937 8.29905e-39 3
0.45492 0.251102 0.411278 8.85078e-39 3
0.473849 0.257745 0.422159 7.92882e-39 3
0.488496 0.261902 0.428968 9.49615e-39 3
0.509189 0.269137 0.440818 9.86565e-39 3
-0.380098 0.268907 0.428968 7.65295e-39 3
-0.726652 0.523735 0.835476 6.6388e-39 3
-0.665116 0.518307 0.826819 7.00759e-39 3
-0.651615 0.518307 0.826819 8.39052e-39 3
-0.294025 0.243984 0.38921 8.94334e-39 3
-0.329721 0.299501 0.477772 1.00518e-38 3
-0.28295 0.263245 0.419937 9.22136e-39 3
-0.276093 0.263245 0.419937 1.02344e-38 3
-0.27066 0.264638 0.422159 1.07876e-38 3
-0.263767 0.264638 0.422159 9.86565e-39 3
-0.255521 0.263245 0.419937 1.0511e-38 3
-0.248664 0.263245 0.419937 8.2994e-39 3
-0.239288 0.260503 0.415562 1.02344e-38 3
-0.232502 0.260503 0.415562 8.85149e-39 3
-0.225716 0.260503 0.415562 7.00758e-39 3
-0.216673 0.257818 0.411278 1.01412e-38 3
-0.207815 0.255187 0.407082 9.77309e-39 3
-0.199135 0.252609 0.40297 1.18021e-38 3
-0.190629 0.250083 0.39894 1.12497e-38 3
-0.18504 0.25134 0.400945 1.07887e-38 3
-0.185001 0.260503 0.415562 1.09727e-38 3
-0.191158 0.279423 0.445743 9.58906e-39 3
-0.184912 0.280992 0.448247 1.34613e-38 3
-0.17961 0.284185 0.453341 9.68054e-39 3
-0.172208 0.284185 0.453341 1.3184e-38 3
-0.163874 0.28258 0.45078 1.26308e-38 3
-0.157402 0.284185 0.453341 1.23549e-38 3
-0.0748667 0.255187 0.407082 1.21702e-38 3
-0.0652243 0.243984 0.38921 1.46595e-38 3
-0.0588687 0.243984 0.38921 1.19858e-38 3
-0.0525131 0.243984 0.38921 1.49364e-38 3
-0.0461576 0.243984 0.38921 1.18939e-38 3
-0.040797 0.250083 0.39894 1.43836e-38 3
-0.0425871 0.310662 0.495578 1.33694e-38 3
-0.00908814 0.276335 0.440818 1.16188e-38 3
-0.00177235 0.259154 0.413409 1.51229e-38 3
0.0048773 0.253892 0.405015 1.50282e-38 3
0.011491 0.253892 0.405015 1.89944e-38 3
0.0181046 0.253892 0.405015 1.61364e-38 3
0.0248444 0.255187 0.407082 1.77037e-38 3
0.0318165 0.257818 0.411278 1.41999e-38 3
0.0385324 0.257818 0.411278 1.48442e-38 3
0.0447866 0.255187 0.407082 1.73335e-38 3
0.0509145 0.252609 0.40297 1.39219e-38 3
0.0572058 0.25134 0.400945 1.42914e-38 3
0.063753 0.25134 0.400945 1.48453e-38 3
0.0942022 0.263245 0.419937 1.55836e-38 3
0.101059 0.263245 0.419937 1.70598e-38 3
0.107352 0.261867 0.417738 1.63222e-38 3
0.114173 0.261867 0.417738 1.48471e-38 3
0.113842 0.246387 0.393044 1.42006e-38 3
0.12026 0.246387 0.393044 1.36471e-38 3
0.126679 0.246387 0.393044 1.30932e-38 3
0.13277 0.245782 0.392079 1.35546e-38 3
0.143764 0.253892 0.405015 1.31858e-38 3
0.145218 0.24518 0.391118 1.3095e-38 3
0.156991 0.253892 0.405015 1.39248e-38 3
0.165283 0.256496 0.409169 1.24471e-38 3
0.173747 0.259154 0.413409 1.21698e-38 3
0.191407 0.274817 0.438396 1.46598e-38 3
0.199112 0.275574 0.439603 1.32783e-38 3
0.20516 0.274064 0.437194 1.27252e-38 3
0.2123 0.274064 0.437194 1.18032e-38 3
0.210777 0.263245 0.419937 1.29092e-38 3
0.215367 0.260503 0.415562 1.28159e-38 3
0.215421 0.252609 0.40297 1.35535e-38 3
0.214421 0.243984 0.38921 1.1894e-38 3
0.217592 0.240465 0.383596 1.27237e-38 3
0.223856 0.240465 0.383596 1.18028e-38 3
0.23012 0.240465 0.383596 1.11575e-38 3
0.236384 0.240465 0.383596 1.14348e-38 3
0.247405 0.24518 0.391118 1.20798e-38 3
0.253792 0.24518 0.391118 1.24486e-38 3
0.26146 0.246387 0.393044 1.23564e-38 3
0.265265 0.243984 0.38921 1.20798e-38 3
0.271621 0.243984 0.38921 1.09734e-38 3
0.275291 0.241626 0.385449 1.13422e-38 3
0.281585 0.241626 0.385449 1.11578e-38 3
0.292112 0.24518 0.391118 1.0143e-38 3
0.305999 0.25134 0.400945 9.77418e-39 3
0.31733 0.255187 0.407082 9.86637e-39 3
0.327318 0.257818 0.411278 1.05121e-38 3
0.335764 0.259154 0.413409 9.22136e-39 3
0.342515 0.259154 0.413409 8.3916e-39 3
0.349266 0.259154 0.413409 9.58906e-39 3
0.356016 0.259154 0.413409 1.0511e-38 3
0.362767 0.259154 0.413409 9.95892e-39 3
0.369703 0.241626 0.385449 8.85222e-39 3
0.375997 0.241626 0.385449 8.57599e-39 3
0.403746 0.255187 0.407082 8.57599e-39 3
0.439547 0.273315 0.436 9.3132e-39 3
0.451603 0.276335 0.440818 9.95929e-39 3
0.45628 0.274817 0.438396 7.56148e-39 3
0.43816 0.259827 0.414483 9.86637e-39 3
0.442629 0.258484 0.412341 9.68198e-39 3
0.449362 0.258484 0.412341 7.37709e-39 3
0.45492 0.257818 0.411278 8.66711e-39 3
0.466445 0.260503 0.415562 8.66711e-39 3
0.475708 0.261867 0.417738 8.7593e-39 3
0.487636 0.264638 0.422159 8.11393e-39 3
0.510744 0.273315 0.436 9.31248e-39 3
1.93406 1.02075 1.62833 8.7593e-39 3
0.468643 0.243984 0.38921 7.93026e-39 3
-0.380098 0.275911 0.428968 9.03589e-39 3
-0.359561 0.265904 0.413409 6.17782e-39 3
-0.366088 0.275911 0.428968 8.48271e-39 3
-0.302312 0.246729 0.383596 1.11564e-38 3
-0.296048 0.246729 0.383596 8.20577e-39 3
-0.291184 0.24792 0.385449 8.02138e-39 3
-0.287669 0.250339 0.38921 8.11393e-39 3
-0.281313 0.250339 0.38921 1.01419e-38 3
-0.274958 0.250339 0.38921 9.95892e-39 3
-0.268602 0.250339 0.38921 1.08816e-38 3
-0.262247 0.250339 0.38921 9.68233e-39 3
-0.257146 0.251566 0.391118 8.85185e-39 3
-0.253242 0.254057 0.39499 9.68125e-39 3
-0.24802 0.255321 0.396955 6.91646e-39 3
-0.246442 0.260505 0.405015 9.03696e-39 3
-0.239828 0.260505 0.405015 8.2994e-39 3
-0.233214 0.260505 0.405015 9.40575e-39 3
-0.226601 0.260505 0.405015 7.92989e-39 3
-0.219987 0.260505 0.405015 1.04192e-38 3
-0.208092 0.254057 0.39499 1.2262e-38 3
-0.198691 0.250339 0.38921 1.21702e-38 3
-0.191402 0.249124 0.38732 1.26319e-38 3
-0.184183 0.24792 0.385449 1.10653e-38 3
-0.176609 0.246137 0.382676 1.17106e-38 3
-0.17201 0.248521 0.386383 1.02355e-38 3
-0.166913 0.250339 0.38921 1.20783e-38 3
-0.176013 0.274436 0.426674 1.16174e-38 3
-0.170873 0.277403 0.431286 1.08798e-38 3
-0.16472 0.278911 0.43363 1.28159e-38 3
-0.156787 0.277403 0.431286 1.19861e-38 3
-0.147355 0.272976 0.424404 1.17096e-38 3
-0.138947 0.270103 0.419937 1.19872e-38 3
-0.132089 0.270103 0.419937 1.09731e-38 3
-0.11897 0.256598 0.39894 1.005e-38 3
-0.0715798 0.250339 0.38921 1.55821e-38 3
-0.0642835 0.246729 0.383596 1.25393e-38 3
-0.0580196 0.246729 0.383596 1.34613e-38 3
-0.0517557 0.246729 0.383596 1.6136e-38 3
-0.0457116 0.24792 0.385449 1.35549e-38 3
-0.039802 0.250339 0.38921 1.41081e-38 3
-0.00173636 0.260505 0.405015 1.41091e-38 3
0.00482828 0.257887 0.400945 1.65956e-38 3
0.0113755 0.257887 0.400945 1.79803e-38 3
0.0180132 0.25919 0.40297 1.79814e-38 3
0.0247183 0.260505 0.405015 1.74271e-38 3
0.0313319 0.260505 0.405015 1.42003e-38 3
0.0379456 0.260505 0.405015 1.69658e-38 3
0.0489372 0.249124 0.38732 1.51204e-38 3
0.054995 0.24792 0.385449 1.53988e-38 3
0.0612891 0.24792 0.385449 1.54917e-38 3
0.0932209 0.267289 0.415562 1.50304e-38 3
0.10053 0.268689 0.417738 1.45694e-38 3
0.106793 0.267289 0.415562 1.51226e-38 3
0.112408 0.264534 0.411278 1.31865e-38 3
0.11469 0.254688 0.39597 1.44772e-38 3
0.120856 0.254057 0.39499 1.46627e-38 3
0.126367 0.252184 0.392079 1.39237e-38 3
0.13277 0.252184 0.392079 1.48453e-38 3
0.138831 0.251566 0.391118 1.29092e-38 3
0.144509 0.250339 0.38921 1.36471e-38 3
0.155414 0.257887 0.400945 1.25418e-38 3
0.162779 0.25919 0.40297 1.13422e-38 3
0.171087 0.261834 0.407082 1.29081e-38 3
0.179567 0.264534 0.411278 1.40145e-38 3
0.198565 0.281975 0.438396 1.27248e-38 3
0.204042 0.279671 0.434812 1.38315e-38 3
0.211719 0.280435 0.436 1.22642e-38 3
0.208581 0.267289 0.415562 1.24489e-38 3
0.208841 0.25919 0.40297 1.3278e-38 3
0.207055 0.249124 0.38732 1.30014e-38 3
0.211328 0.246729 0.383596 1.2817e-38 3
0.216551 0.245548 0.381761 1.18028e-38 3
0.222785 0.245548 0.381761 1.13422e-38 3
0.23012 0.246729 0.383596 1.25411e-38 3
0.236384 0.246729 0.383596 1.19879e-38 3
0.245003 0.249124 0.38732 1.22638e-38 3
0.251328 0.249124 0.38732 1.3923e-38 3
0.256408 0.24792 0.385449 1.22642e-38 3
0.260188 0.245548 0.381761 1.31861e-38 3
0.266422 0.245548 0.381761 1.14355e-38 3
0.271358 0.244379 0.379943 1.10667e-38 3
0.277562 0.244379 0.379943 1.06057e-38 3
0.286495 0.246729 0.383596 9.86709e-39 3
0.298499 0.251566 0.391118 9.22172e-39 3
0.312546 0.257887 0.400945 1.03277e-38 3
0.322333 0.260505 0.405015 9.49794e-39 3
0.334033 0.264534 0.411278 9.95892e-39 3
0.340749 0.264534 0.411278 1.05121e-38 3
0.347465 0.264534 0.411278 9.49686e-39 3
0.356016 0.265904 0.413409 9.49686e-39 3
0.359046 0.263177 0.409169 1.14341e-38 3
0.361662 0.246729 0.383596 1.09734e-38 3
0.362694 0.243221 0.378142 1.01437e-38 3
0.368869 0.243221 0.378142 1.08809e-38 3
0.373275 0.242073 0.376358 1.02355e-38 3
0.368978 0.235411 0.366 7.74587e-39 3
0.373242 0.234336 0.364329 8.20685e-39 3
0.43478 0.268689 0.417738 9.86565e-39 3
0.432543 0.263177 0.409169 8.02246e-39 3
0.434765 0.260505 0.405015 8.20685e-39 3
0.43915 0.25919 0.40297 8.66819e-39 3
0.439077 0.255321 0.396955 6.63953e-39 3
0.44117 0.252806 0.393044 8.48344e-39 3
0.447588 0.252806 0.393044 9.22028e-39 3
0.45178 0.251566 0.391118 6.731e-39 3
0.449356 0.246729 0.383596 5.62393e-39 3
0.45562 0.246729 0.383596 9.03589e-39 3
0.455317 0.243221 0.378142 7.19198e-39 3
0.468148 0.246729 0.383596 6.63988e-39 3
-0.362555 0.269859 0.409169 8.11393e-39 3
-0.339341 0.257322 0.390161 9.03589e-39 3
-0.335431 0.259224 0.393044 8.2994e-39 3
-0.324221 0.255449 0.38732 7.74623e-39 3
-0.295215 0.247054 0.374591 1.02344e-38 3
-0.297478 0.254215 0.385449 8.7593e-39 3
-0.291184 0.254215 0.385449 9.68126e-39 3
-0.28489 0.254215 0.385449 1.04188e-38 3
-0.279948 0.255449 0.38732 9.40431e-39 3
-0.273623 0.255449 0.38732 1.07887e-38 3
-0.266007 0.254215 0.385449 1.05128e-38 3
-0.259713 0.254215 0.385449 7.74622e-39 3
-0.253419 0.254215 0.385449 8.20648e-39 3
-0.247125 0.254215 0.385449 1.09724e-38 3
-0.239673 0.252992 0.383596 9.77453e-39 3
-0.233409 0.252992 0.383596 8.30012e-39 3
-0.22935 0.255449 0.38732 9.31427e-39 3
-0.223025 0.255449 0.38732 7.93062e-39 3
-0.215654 0.254215 0.385449 9.59014e-39 3
-0.20936 0.254215 0.385449 1.10653e-38 3
-0.201122 0.251782 0.381761 1.08794e-38 3
-0.193041 0.249395 0.378142 1.15255e-38 3
-0.186866 0.249395 0.378142 1.01437e-38 3
-0.179839 0.248219 0.376358 9.40646e-39 3
-0.174517 0.249395 0.378142 1.1895e-38 3
-0.168742 0.249988 0.37904 8.85258e-39 3
-0.165301 0.254215 0.385449 1.25393e-38 3
-0.167078 0.267119 0.405015 9.22028e-39 3
-0.160464 0.267119 0.405015 1.07887e-38 3
-0.154635 0.268482 0.407082 1.11575e-38 3
-0.146493 0.26577 0.40297 1.22627e-38 3
-0.139913 0.26577 0.40297 1.01422e-38 3
-0.131999 0.263112 0.39894 1.2817e-38 3
-0.132089 0.27696 0.419937 1.06043e-38 3
-0.0775571 0.255449 0.38732 1.02348e-38 3
-0.0702099 0.251782 0.381761 1.39226e-38 3
-0.0639759 0.251782 0.381761 1.41066e-38 3
-0.057742 0.251782 0.381761 1.17096e-38 3
-0.0517557 0.252992 0.383596 1.43847e-38 3
-0.0454918 0.252992 0.383596 1.38315e-38 3
-0.0394174 0.254215 0.385449 1.125e-38 3
-0.0331233 0.254215 0.385449 1.52144e-38 3
-0.00171031 0.263112 0.39894 1.75207e-38 3
0.00475658 0.260507 0.39499 1.58584e-38 3
0.0113186 0.263112 0.39894 1.77966e-38 3
0.0179227 0.264434 0.400945 1.77981e-38 3
0.0247183 0.267119 0.405015 1.57683e-38 3
0.0313319 0.267119 0.405015 1.60449e-38 3
0.0544687 0.251782 0.381761 1.30939e-38 3
0.0607026 0.251782 0.381761 1.54917e-38 3
0.086435 0.274075 0.415562 1.33702e-38 3
0.093709 0.27551 0.417738 1.51219e-38 3
0.100007 0.274075 0.415562 1.4385e-38 3
0.105692 0.27125 0.411278 1.28177e-38 3
0.110137 0.26577 0.40297 1.4846e-38 3
0.113284 0.257953 0.391118 1.39251e-38 3
0.11737 0.252992 0.383596 1.41095e-38 3
0.123633 0.252992 0.383596 1.44779e-38 3
0.129897 0.252992 0.383596 1.2817e-38 3
0.137483 0.255449 0.38732 1.39233e-38 3
0.144509 0.256695 0.38921 1.37393e-38 3
0.151605 0.257953 0.391118 1.49389e-38 3
0.15877 0.259224 0.393044 1.37404e-38 3
0.166005 0.260507 0.39499 1.44762e-38 3
0.172455 0.260507 0.39499 1.55818e-38 3
0.178024 0.259224 0.393044 1.43832e-38 3
0.184442 0.259224 0.393044 1.36467e-38 3
0.189925 0.257953 0.391118 1.33709e-38 3
0.194406 0.255449 0.38732 1.27255e-38 3
0.199761 0.254215 0.385449 1.20794e-38 3
0.204083 0.251782 0.381761 1.1895e-38 3
0.210317 0.251782 0.381761 1.20794e-38 3
0.216551 0.251782 0.381761 1.18947e-38 3
0.222785 0.251782 0.381761 1.20798e-38 3
0.229019 0.251782 0.381761 1.27255e-38 3
0.236384 0.252992 0.383596 1.09734e-38 3
0.24382 0.254215 0.385449 1.19872e-38 3
0.248911 0.252992 0.383596 1.30003e-38 3
0.252745 0.250583 0.379943 1.14341e-38 3
0.256506 0.248219 0.376358 1.125e-38 3
0.262652 0.248219 0.376358 1.2634e-38 3
0.267536 0.247054 0.374591 1.29106e-38 3
0.273653 0.247054 0.374591 1.37404e-38 3
0.27977 0.247054 0.374591 9.12952e-39 3
0.287235 0.248219 0.376358 1.18032e-38 3
0.299023 0.252992 0.383596 8.39159e-39 3
0.30825 0.255449 0.38732 1.09731e-38 3
0.319224 0.259224 0.393044 1.12497e-38 3
0.325642 0.259224 0.393044 1.11575e-38 3
0.330433 0.257953 0.391118 1.08802e-38 3
0.336819 0.257953 0.391118 1.06954e-38 3
0.341532 0.256695 0.38921 9.31355e-39 3
0.336401 0.248219 0.376358 9.22136e-39 3
0.331597 0.240285 0.364329 9.12881e-39 3
0.337547 0.240285 0.364329 1.04195e-38 3
0.346662 0.2425 0.367687 1.00526e-38 3
0.352666 0.2425 0.367687 1.02377e-38 3
0.357025 0.241387 0.366 9.31392e-39 3
0.361344 0.240285 0.364329 9.77489e-39 3
0.36233 0.237038 0.359405 9.12881e-39 3
0.364911 0.234922 0.356196 8.94442e-39 3
0.370727 0.234922 0.356196 9.49687e-39 3
0.376544 0.234922 0.356196 8.48272e-39 3
0.407851 0.250583 0.379943 7.10087e-39 3
0.408224 0.247054 0.374591 7.93171e-39 3
0.42026 0.250583 0.379943 7.74624e-39 3
0.426464 0.250583 0.379943 7.19342e-39 3
0.434738 0.251782 0.381761 9.03553e-39 3
0.440972 0.251782 0.381761 8.3898e-39 3
0.438808 0.247054 0.374591 9.03517e-39 3
0.438745 0.243622 0.369389 8.75858e-39 3
0.440697 0.241387 0.366 8.29832e-39 3
0.459315 0.248219 0.376358 7.09978e-39 3
-0.34656 0.26434 0.391118 1.06032e-38 3
-0.335243 0.260509 0.385449 9.86565e-39 3
-0.330546 0.261773 0.38732 8.3916e-39 3
-0.31729 0.256177 0.37904 9.12916e-39 3
-0.302753 0.254365 0.376358 9.95784e-39 3
-0.295215 0.253171 0.374591 9.77309e-39 3
-0.289098 0.253171 0.374591 9.40395e-39 3
-0.291184 0.260509 0.385449 1.20783e-38 3
-0.28489 0.260509 0.385449 1.01422e-38 3
-0.278595 0.260509 0.385449 7.74515e-39 3
-0.272301 0.260509 0.385449 9.77453e-39 3
-0.264728 0.259256 0.383596 1.09731e-38 3
-0.258464 0.259256 0.383596 8.57526e-39 3
-0.2522 0.259256 0.383596 9.03732e-39 3
-0.245937 0.259256 0.383596 1.04203e-38 3
-0.23739 0.256787 0.379943 1.06046e-38 3
-0.231186 0.256787 0.379943 9.49866e-39 3
-0.205866 0.234969 0.34766 1.09738e-38 3
-0.217741 0.25557 0.378142 9.03768e-39 3
-0.211566 0.25557 0.378142 1.06972e-38 3
-0.205391 0.25557 0.378142 1.12497e-38 3
-0.193708 0.248504 0.367687 1.05124e-38 3
-0.187704 0.248504 0.367687 1.15266e-38 3
-0.180866 0.247364 0.366 8.66853e-39 3
-0.178158 0.251987 0.372841 7.74622e-39 3
-0.172473 0.252578 0.373714 1.26326e-38 3
-0.166371 0.252578 0.373714 1.1527e-38 3
-0.162939 0.256787 0.379943 1.31861e-38 3
-0.158242 0.259256 0.383596 1.04199e-38 3
-0.151978 0.259256 0.383596 1.11575e-38 3
-0.145714 0.259256 0.383596 1.02355e-38 3
-0.140124 0.260509 0.385449 1.24475e-38 3
-0.13383 0.260509 0.385449 1.12486e-38 3
-0.127536 0.260509 0.385449 1.30007e-38 3
-0.123631 0.265642 0.393044 1.0788e-38 3
-0.0702099 0.258016 0.381761 1.15262e-38 3
-0.0639759 0.258016 0.381761 1.41992e-38 3
-0.057742 0.258016 0.381761 1.15245e-38 3
-0.0390402 0.258016 0.381761 1.88118e-38 3
-0.0191475 0.242907 0.359405 1.15262e-38 3
-0.0080635 0.26434 0.391118 1.49389e-38 3
-0.00168504 0.265642 0.393044 1.68747e-38 3
0.00473314 0.265642 0.393044 1.7242e-38 3
0.0112065 0.266957 0.39499 1.88126e-38 3
0.0179227 0.270982 0.400945 1.70612e-38 3
0.0247183 0.273733 0.405015 1.47542e-38 3
0.0314918 0.275129 0.407082 1.53073e-38 3
0.0544687 0.258016 0.381761 1.53066e-38 3
0.0601272 0.25557 0.378142 1.41081e-38 3
0.072822 0.256787 0.379943 1.22638e-38 3
0.0855439 0.277966 0.411278 1.48453e-38 3
0.0932209 0.280861 0.415562 1.33702e-38 3
0.100007 0.280861 0.415562 1.55829e-38 3
0.105692 0.277966 0.411278 1.53063e-38 3
0.106897 0.26434 0.391118 1.62289e-38 3
0.110047 0.256787 0.379943 1.5307e-38 3
0.115701 0.25557 0.378142 1.39251e-38 3
0.122456 0.256787 0.379943 1.25411e-38 3
0.129276 0.258016 0.381761 1.27255e-38 3
0.139172 0.264989 0.392079 1.47531e-38 3
0.143808 0.261773 0.38732 1.28166e-38 3
0.150865 0.26305 0.38921 1.39248e-38 3
0.157221 0.26305 0.38921 1.32791e-38 3
0.162782 0.261773 0.38732 1.55829e-38 3
0.167481 0.259256 0.383596 1.46598e-38 3
0.172913 0.258016 0.381761 1.39223e-38 3
0.178294 0.256787 0.379943 1.22627e-38 3
0.183624 0.25557 0.378142 1.29099e-38 3
0.189799 0.25557 0.378142 1.34631e-38 3
0.195049 0.254365 0.376358 1.31865e-38 3
0.199315 0.251987 0.372841 1.18957e-38 3
0.205403 0.251987 0.372841 1.46613e-38 3
0.211491 0.251987 0.372841 1.37393e-38 3
0.217579 0.251987 0.372841 1.27262e-38 3
0.223668 0.251987 0.372841 1.18043e-38 3
0.230835 0.253171 0.374591 1.30021e-38 3
0.236952 0.253171 0.374591 1.30017e-38 3
0.243068 0.253171 0.374591 1.2817e-38 3
0.249185 0.253171 0.374591 1.31861e-38 3
0.249447 0.247364 0.366 1.31872e-38 3
0.254257 0.246234 0.364329 1.36482e-38 3
0.257851 0.244006 0.361032 1.30028e-38 3
0.263747 0.244006 0.361032 1.28188e-38 3
0.270868 0.245115 0.362673 1.18965e-38 3
0.274296 0.242907 0.359405 1.37393e-38 3
0.279536 0.242361 0.358598 1.35546e-38 3
0.300946 0.25557 0.378142 1.24482e-38 3
0.308583 0.256787 0.379943 1.29095e-38 3
0.314788 0.256787 0.379943 1.13419e-38 3
0.317964 0.254365 0.376358 1.26326e-38 3
0.315189 0.247364 0.366 1.13419e-38 3
0.316806 0.244006 0.361032 1.26326e-38 3
0.318379 0.240738 0.356196 1.22638e-38 3
0.324196 0.240738 0.356196 1.13415e-38 3
0.330012 0.240738 0.356196 1.02352e-38 3
0.335829 0.240738 0.356196 1.09734e-38 3
0.341645 0.240738 0.356196 1.03281e-38 3
0.347462 0.240738 0.356196 1.09734e-38 3
0.353278 0.240738 0.356196 9.03733e-39 3
0.359095 0.240738 0.356196 8.85294e-39 3
0.363289 0.239668 0.354613 8.85258e-39 3
0.362633 0.235482 0.348419 7.65403e-39 3
0.360452 0.23045 0.340974 9.40575e-39 3
0.36602 0.23045 0.340974 7.74659e-39 3
0.378051 0.234458 0.346904 7.28526e-39 3
0.392242 0.239668 0.354613 7.74732e-39 3
0.405237 0.244006 0.361032 8.576e-39 3
0.586196 0.347905 0.514761 7.10051e-39 3
0.59079 0.345675 0.511461 8.57491e-39 3
0.595325 0.343473 0.508204 8.02102e-39 3
0.603624 0.343473 0.508204 8.29761e-39 3
0.611923 0.343473 0.508204 9.58834e-39 3
0.618252 0.342383 0.50659 8.39052e-39 3
-0.339895 0.26552 0.383596 9.22028e-39 3
-0.32811 0.261126 0.377248 8.20685e-39 3
-0.32195 0.261126 0.377248 8.2994e-39 3
-0.304589 0.256875 0.371107 7.92989e-39 3
-0.301332 0.259287 0.374591 1.06032e-38 3
-0.293836 0.258076 0.372841 1.13404e-38 3
-0.288421 0.25868 0.373714 7.56004e-39 3
-0.289784 0.26552 0.383596 9.95784e-39 3
-0.28489 0.266803 0.385449 9.68125e-39 3
-0.277256 0.26552 0.383596 7.56183e-39 3
-0.270992 0.26552 0.383596 1.06043e-38 3
-0.263462 0.26425 0.381761 1.14333e-38 3
-0.256003 0.262991 0.379943 7.28453e-39 3
-0.248615 0.261745 0.378142 1.00515e-38 3
-0.240163 0.259287 0.374591 8.66853e-39 3
-0.227634 0.252184 0.364329 1.0789e-38 3
-0.221685 0.252184 0.364329 1.20801e-38 3
-0.207675 0.242761 0.350716 1.06965e-38 3
-0.202393 0.243296 0.351489 9.95964e-39 3
-0.2086 0.258076 0.372841 1.06972e-38 3
-0.197437 0.251609 0.363499 1.19879e-38 3
-0.191939 0.252184 0.364329 1.2172e-38 3
-0.185566 0.251609 0.363499 1.18032e-38 3
-0.178411 0.249901 0.361032 1.01437e-38 3
-0.174889 0.25334 0.366 1.06043e-38 3
-0.167759 0.251609 0.363499 1.09731e-38 3
-0.161823 0.251609 0.363499 1.1527e-38 3
-0.160644 0.259287 0.374591 1.2172e-38 3
-0.155256 0.26051 0.376358 1.24482e-38 3
-0.149817 0.261745 0.378142 1.14341e-38 3
-0.143642 0.261745 0.378142 1.11575e-38 3
-0.137468 0.261745 0.378142 1.24475e-38 3
-0.131293 0.261745 0.378142 1.28159e-38 3
-0.124528 0.26051 0.376358 1.18936e-38 3
-0.118382 0.26051 0.376358 1.10645e-38 3
-0.114947 0.266803 0.385449 1.26315e-38 3
-0.0685695 0.258076 0.372841 1.3278e-38 3
-0.0627745 0.259287 0.374591 1.4568e-38 3
-0.0132786 0.248776 0.359405 1.55832e-38 3
-0.0074097 0.248776 0.359405 1.34638e-38 3
-0.00159842 0.258076 0.372841 1.62296e-38 3
0.00459726 0.26425 0.381761 1.69661e-38 3
0.0111513 0.27206 0.393044 1.74296e-38 3
0.018197 0.281777 0.407082 1.55868e-38 3
0.0608688 0.690353 0.99735 1.36478e-38 3
0.0771549 0.690353 0.99735 1.62293e-38 3
0.0653726 0.258076 0.372841 1.77963e-38 3
0.069512 0.251037 0.362673 1.5307e-38 3
0.103036 0.277529 0.400945 1.43843e-38 3
0.103351 0.261745 0.378142 1.75197e-38 3
0.109009 0.26051 0.376358 1.65059e-38 3
0.114614 0.259287 0.374591 1.64144e-38 3
0.121301 0.26051 0.376358 1.63211e-38 3
0.12805 0.261745 0.378142 1.32787e-38 3
0.13551 0.26425 0.381761 1.52141e-38 3
0.142425 0.26552 0.383596 1.46609e-38 3
0.150133 0.268098 0.38732 1.39237e-38 3
0.154953 0.26552 0.383596 1.23571e-38 3
0.161217 0.26552 0.383596 1.49386e-38 3
0.166679 0.26425 0.381761 1.22635e-38 3
0.17209 0.262991 0.379943 1.38301e-38 3
0.177449 0.261745 0.378142 1.24471e-38 3
0.183624 0.261745 0.378142 1.36475e-38 3
0.188904 0.26051 0.376358 1.30943e-38 3
0.194134 0.259287 0.374591 1.24489e-38 3
0.199315 0.258076 0.372841 1.22645e-38 3
0.204448 0.256875 0.371107 1.28173e-38 3
0.210508 0.256875 0.371107 1.36471e-38 3
0.212612 0.252184 0.364329 1.41092e-38 3
0.216583 0.249901 0.361032 1.30028e-38 3
0.222479 0.249901 0.361032 1.35553e-38 3
0.229412 0.251037 0.362673 1.11582e-38 3
0.235334 0.251037 0.362673 1.32787e-38 3
0.241257 0.251037 0.362673 1.32783e-38 3
0.244952 0.248776 0.359405 1.44779e-38 3
0.248581 0.246555 0.356196 1.29106e-38 3
0.254398 0.246555 0.356196 1.38329e-38 3
0.259058 0.245459 0.354613 1.32798e-38 3
0.266031 0.246555 0.356196 1.2634e-38 3
0.267665 0.242761 0.350716 1.29095e-38 3
0.27643 0.245459 0.354613 1.20794e-38 3
0.279119 0.242761 0.350716 1.27248e-38 3
0.28298 0.241171 0.348419 1.09734e-38 3
0.306043 0.255686 0.369389 1.08809e-38 3
0.306401 0.251037 0.362673 1.08809e-38 3
0.30951 0.248776 0.359405 1.25404e-38 3
0.312563 0.246555 0.356196 1.31858e-38 3
0.315562 0.244373 0.353044 1.30936e-38 3
0.319911 0.243296 0.351489 1.17106e-38 3
0.322807 0.241171 0.348419 1.02359e-38 3
0.327068 0.240123 0.346904 9.40611e-39 3
0.334186 0.241171 0.348419 9.49939e-39 3
0.341366 0.242229 0.349947 1.01448e-38 3
0.34708 0.242229 0.349947 9.49831e-39 3
0.352795 0.242229 0.349947 1.08812e-38 3
0.356944 0.241171 0.348419 9.86637e-39 3
0.353374 0.235014 0.339523 9.86673e-39 3
0.35589 0.23303 0.336658 9.77418e-39 3
0.361387 0.23303 0.336658 1.0143e-38 3
0.370007 0.235014 0.339523 7.56185e-39 3
0.383715 0.240123 0.346904 3.8751e-39 3
0.398033 0.245459 0.354613 7.93063e-39 3
0.582438 0.354027 0.511461 9.03661e-39 3
0.588902 0.352896 0.509827 9.58906e-39 3
0.593436 0.350655 0.50659 9.68126e-39 3
0.601708 0.350655 0.50659 8.482e-39 3
0.60998 0.350655 0.50659 6.45369e-39 3
-0.339895 0.271784 0.383596 9.40575e-39 3
-0.327336 0.266656 0.376358 9.77418e-39 3
-0.32195 0.267287 0.377248 8.57599e-39 3
-0.31729 0.268556 0.37904 8.02281e-39 3
-0.314839 0.271784 0.383596 7.92989e-39 3
-0.308576 0.271784 0.383596 1.08802e-38 3
-0.302312 0.271784 0.383596 9.95784e-39 3
-0.296048 0.271784 0.383596 8.57491e-39 3
-0.289784 0.271784 0.383596 9.49687e-39 3
-0.28352 0.271784 0.383596 1.1895e-38 3
-0.27593 0.270484 0.381761 9.22136e-39 3
-0.268411 0.269196 0.379943 1.12497e-38 3
-0.260964 0.26792 0.378142 9.58942e-39 3
-0.25479 0.26792 0.378142 1.14333e-38 3
-0.243989 0.262935 0.371107 1.16184e-38 3
-0.23147 0.255797 0.361032 1.03281e-38 3
-0.222553 0.252371 0.356196 1.10656e-38 3
-0.214345 0.249585 0.352265 1.17114e-38 3
-0.207675 0.248488 0.350716 1.10653e-38 3
-0.201065 0.247401 0.349182 9.95892e-39 3
-0.194936 0.246861 0.348419 1.22645e-38 3
-0.191501 0.257545 0.363499 1.05132e-38 3
-0.185989 0.258133 0.364329 1.12507e-38 3
-0.178815 0.256377 0.36185 1.06968e-38 3
-0.170968 0.253503 0.357794 1.04199e-38 3
-0.167377 0.25696 0.362673 1.08809e-38 3
-0.161823 0.257545 0.363499 1.18036e-38 3
-0.154829 0.255797 0.361032 1.04206e-38 3
-0.150983 0.259317 0.366 1.30014e-38 3
-0.148411 0.265404 0.374591 1.16184e-38 3
-0.141629 0.264164 0.372841 1.17106e-38 3
-0.13554 0.264164 0.372841 1.25397e-38 3
-0.129452 0.264164 0.372841 1.24471e-38 3
-0.119999 0.25696 0.362673 1.19865e-38 3
-0.110803 0.249585 0.352265 1.40159e-38 3
-0.107181 0.254645 0.359405 1.17106e-38 3
-0.100857 0.253503 0.357794 1.18936e-38 3
-0.0954429 0.254645 0.359405 1.29077e-38 3
-0.0899793 0.255797 0.361032 1.46602e-38 3
-0.0719674 0.254645 0.359405 1.45687e-38 3
-0.0655083 0.252371 0.356196 1.44776e-38 3
-0.0594265 0.251249 0.354613 1.42932e-38 3
-0.0536359 0.251249 0.354613 1.45673e-38 3
-0.0359445 0.249036 0.351489 1.23582e-38 3
-0.024793 0.252371 0.356196 1.31868e-38 3
-0.0189765 0.252371 0.356196 1.58598e-38 3
-0.01316 0.252371 0.356196 1.53066e-38 3
-0.00734354 0.252371 0.356196 1.54921e-38 3
-0.0015478 0.255797 0.361032 1.58616e-38 3
0.00446897 0.262935 0.371107 1.66906e-38 3
0.0108312 0.270484 0.381761 1.83527e-38 3
0.0440322 0.697915 0.985037 1.59563e-38 3
0.0771549 0.706639 0.99735 1.81665e-38 3
0.0635897 0.25696 0.362673 1.65059e-38 3
0.0691974 0.255797 0.361032 1.73356e-38 3
0.0750929 0.255797 0.361032 1.36475e-38 3
0.097639 0.269196 0.379943 1.57672e-38 3
0.101428 0.262935 0.371107 1.89948e-38 3
0.107488 0.262935 0.371107 1.53995e-38 3
0.111474 0.258133 0.364329 1.54003e-38 3
0.11689 0.25696 0.362673 1.49386e-38 3
0.122812 0.25696 0.362673 1.38319e-38 3
0.134225 0.26792 0.378142 1.48453e-38 3
0.142425 0.271784 0.383596 1.39233e-38 3
0.148689 0.271784 0.383596 1.2633e-38 3
0.154953 0.271784 0.383596 1.54921e-38 3
0.160445 0.270484 0.381761 1.42932e-38 3
0.165886 0.269196 0.379943 1.2633e-38 3
0.171274 0.26792 0.378142 1.30925e-38 3
0.177449 0.26792 0.378142 1.54896e-38 3
0.183624 0.26792 0.378142 1.49382e-38 3
0.177594 0.250692 0.353827 1.64133e-38 3
0.194134 0.265404 0.374591 1.20812e-38 3
0.186667 0.247401 0.349182 1.45705e-38 3
0.202563 0.260512 0.367687 1.18954e-38 3
0.193829 0.242103 0.341704 1.32783e-38 3
0.198983 0.241586 0.340974 1.42014e-38 3
0.207657 0.245254 0.346152 1.4017e-38 3
0.212388 0.244195 0.344657 1.42936e-38 3
0.218488 0.244723 0.345403 1.23578e-38 3
0.232168 0.253503 0.357794 1.25408e-38 3
0.238011 0.253503 0.357794 1.18036e-38 3
0.242765 0.252371 0.356196 1.28188e-38 3
0.24422 0.247943 0.349947 1.25422e-38 3
0.248843 0.246861 0.348419 1.22656e-38 3
0.252329 0.244723 0.345403 1.245e-38 3
0.257969 0.244723 0.345403 1.37404e-38 3
0.264181 0.245254 0.346152 1.29095e-38 3
0.272793 0.247943 0.349947 1.125e-38 3
0.278507 0.247943 0.349947 1.1066e-38 3
0.284221 0.247943 0.349947 1.26333e-38 3
0.295113 0.252371 0.356196 1.23567e-38 3
0.30093 0.252371 0.356196 1.17106e-38 3
0.306746 0.252371 0.356196 1.29092e-38 3
0.311174 0.251249 0.354613 1.44765e-38 3
0.314172 0.249036 0.351489 1.2817e-38 3
0.317117 0.246861 0.348419 1.18954e-38 3
0.320012 0.244723 0.345403 1.08812e-38 3
0.321477 0.241586 0.340974 1.24496e-38 3
0.325653 0.240558 0.339523 9.59158e-39 3
0.331197 0.240558 0.339523 9.49939e-39 3
0.336742 0.240558 0.339523 1.03291e-38 3
0.342286 0.240558 0.339523 1.06969e-38 3
0.34783 0.240558 0.339523 1.05125e-38 3
0.350392 0.238528 0.336658 1.06961e-38 3
0.354394 0.237526 0.335244 1.06961e-38 3
0.358363 0.236532 0.333841 1.0143e-38 3
0.365343 0.237526 0.335244 9.68199e-39 3
0.375551 0.240558 0.339523 3.41304e-39 3
0.38938 0.245787 0.346904 5.25696e-39 3
0.403824 0.251249 0.354613 5.53318e-39 3
0.583311 0.357792 0.504987 7.00831e-39 3
0.587837 0.355542 0.501811 8.20613e-39 3
0.597912 0.356663 0.503394 8.20613e-39 3
0.606132 0.356663 0.503394 7.09906e-39 3
-0.339895 0.278048 0.383596 8.57599e-39 3
-0.333631 0.278048 0.383596 6.17927e-39 3
-0.320435 0.27216 0.375473 6.91646e-39 3
-0.31579 0.273447 0.377248 9.86708e-39 3
-0.307449 0.271521 0.374591 1.0327e-38 3
-0.308576 0.278048 0.383596 8.75966e-39 3
-0.302312 0.278048 0.383596 9.40467e-39 3
-0.296048 0.278048 0.383596 8.11393e-39 3
-0.289784 0.278048 0.383596 9.59014e-39 3
-0.28352 0.278048 0.383596 1.08809e-38 3
-0.27593 0.276718 0.381761 8.85258e-39 3
-0.268411 0.2754 0.379943 8.2072e-39 3
-0.260964 0.274095 0.378142 1.00504e-38 3
-0.241621 0.259928 0.358598 1.17099e-38 3
-0.235765 0.259928 0.358598 1.19876e-38 3
-0.226851 0.25647 0.353827 7.65438e-39 3
-0.219612 0.254775 0.351489 1.17106e-38 3
-0.213872 0.254775 0.351489 1.16192e-38 3
-0.20722 0.253658 0.349947 1.0972e-38 3
-0.200626 0.25255 0.348419 1.01433e-38 3
-0.194511 0.252 0.34766 1.25411e-38 3
-0.188015 0.250907 0.346152 1.20812e-38 3
-0.184767 0.254215 0.350716 1.11596e-38 3
-0.183476 0.260513 0.359405 1.07897e-38 3
-0.172555 0.253103 0.349182 1.03281e-38 3
-0.166489 0.25255 0.348419 1.18018e-38 3
-0.163658 0.25704 0.354613 1.06043e-38 3
-0.157867 0.25704 0.354613 1.22645e-38 3
-0.152755 0.258187 0.356196 1.11582e-38 3
-0.148263 0.260513 0.359405 1.2356e-38 3
-0.143038 0.261692 0.361032 9.12916e-39 3
-0.137143 0.261692 0.361032 1.06968e-38 3
-0.130656 0.260513 0.359405 1.04192e-38 3
-0.124228 0.259345 0.357794 1.16177e-38 3
-0.117333 0.25704 0.354613 1.40148e-38 3
-0.111542 0.25704 0.354613 1.41081e-38 3
-0.105752 0.25704 0.354613 1.13419e-38 3
-0.100184 0.257612 0.355403 1.34609e-38 3
-0.0945907 0.258187 0.356196 1.39219e-38 3
-0.0889728 0.258765 0.356993 1.41992e-38 3
-0.0840839 0.261692 0.361032 1.09731e-38 3
-0.0778362 0.260513 0.359405 1.42928e-38 3
-0.0716446 0.259345 0.357794 1.25404e-38 3
-0.0652172 0.25704 0.354613 1.28188e-38 3
-0.058903 0.254775 0.351489 1.09749e-38 3
-0.0531634 0.254775 0.351489 1.34616e-38 3
-0.0474237 0.254775 0.351489 1.5858e-38 3
-0.0416841 0.254775 0.351489 1.44769e-38 3
-0.0348693 0.247154 0.340974 1.28191e-38 3
-0.00731091 0.25704 0.354613 1.54917e-38 3
-0.00152028 0.25704 0.354613 1.40177e-38 3
0.00434764 0.261692 0.361032 1.32801e-38 3
0.0105781 0.270252 0.372841 1.71552e-38 3
0.0440322 0.714 0.985037 1.71556e-38 3
0.0771549 0.722925 0.99735 1.62304e-38 3
0.107613 0.444877 0.613754 1.77051e-38 3
0.0682707 0.258187 0.356196 1.63226e-38 3
0.0727874 0.253658 0.349947 1.55847e-38 3
0.0868837 0.261692 0.361032 1.42925e-38 3
0.0944894 0.266516 0.367687 2.06536e-38 3
0.0991231 0.262882 0.362673 1.5768e-38 3
0.105525 0.264082 0.364329 1.60449e-38 3
0.108986 0.258187 0.356196 1.39255e-38 3
0.113285 0.254775 0.351489 1.43854e-38 3
0.115464 0.247154 0.340974 1.34634e-38 3
0.121032 0.247154 0.340974 1.41077e-38 3
0.139082 0.271521 0.374591 1.30936e-38 3
0.147978 0.276718 0.381761 1.42928e-38 3
0.154212 0.276718 0.381761 1.41092e-38 3
0.159681 0.2754 0.379943 1.34642e-38 3
0.165099 0.274095 0.378142 1.38322e-38 3
0.170466 0.272802 0.376358 1.41066e-38 3
0.176612 0.272802 0.376358 1.54896e-38 3
0.182758 0.272802 0.376358 1.49382e-38 3
0.177594 0.25647 0.353827 1.55836e-38 3
0.180965 0.253103 0.349182 1.32805e-38 3
0.186259 0.25255 0.348419 1.41099e-38 3
0.198897 0.261692 0.361032 1.34638e-38 3
0.192592 0.246102 0.339523 1.20798e-38 3
0.197297 0.245059 0.338085 1.20809e-38 3
0.20368 0.246102 0.339523 1.41092e-38 3
0.209225 0.246102 0.339523 1.52162e-38 3
0.225316 0.258187 0.356196 1.42021e-38 3
0.231132 0.258187 0.356196 1.36471e-38 3
0.235895 0.25704 0.354613 1.39241e-38 3
0.238506 0.253658 0.349947 1.36485e-38 3
0.237958 0.247154 0.340974 1.34642e-38 3
0.238432 0.241983 0.333841 1.2911e-38 3
0.243883 0.241983 0.333841 1.07905e-38 3
0.249334 0.241983 0.333841 1.16199e-38 3
0.258025 0.245059 0.338085 1.32783e-38 3
0.267513 0.248748 0.343174 1.39237e-38 3
0.276085 0.251452 0.346904 1.44772e-38 3
0.273428 0.244025 0.336658 1.18957e-38 3
0.289936 0.253658 0.349947 1.30943e-38 3
0.30093 0.258187 0.356196 1.39241e-38 3
0.306746 0.258187 0.356196 1.18954e-38 3
0.309797 0.255903 0.353044 1.19876e-38 3
0.311428 0.25255 0.348419 1.1711e-38 3
0.314372 0.250364 0.345403 1.16188e-38 3
0.313232 0.245059 0.338085 1.23574e-38 3
0.314752 0.241983 0.333841 1.29106e-38 3
0.320203 0.241983 0.333841 1.17128e-38 3
0.327023 0.243 0.335244 1.01455e-38 3
0.335315 0.245059 0.338085 9.49939e-39 3
0.340836 0.245059 0.338085 1.15277e-38 3
0.344895 0.244025 0.336658 1.13419e-38 3
0.34892 0.243 0.335244 8.11466e-39 3
0.351441 0.240975 0.33245 1.04195e-38 3
0.355389 0.239975 0.33107 9.95749e-39 3
0.359304 0.238983 0.329702 1.06029e-38 3
0.367727 0.240975 0.33245 9.77418e-39 3
0.374717 0.241983 0.333841 9.49759e-39 3
0.39677 0.25255 0.348419 7.2849e-39 3
0.409614 0.25704 0.354613 7.00831e-39 3
0.417259 0.258187 0.356196 8.94442e-39 3
-0.333631 0.284312 0.383596 9.49938e-39 3
-0.325801 0.282952 0.381761 1.00515e-38 3
-0.316538 0.28027 0.378142 9.49829e-39 3
-0.314839 0.284312 0.383596 1.01426e-38 3
-0.308576 0.284312 0.383596 6.63916e-39 3
-0.302312 0.284312 0.383596 8.57419e-39 3
-0.296048 0.284312 0.383596 7.74515e-39 3
-0.288397 0.282952 0.381761 1.00511e-38 3
-0.279489 0.28027 0.378142 9.77525e-39 3
-0.273314 0.28027 0.378142 8.02317e-39 3
-0.253903 0.266382 0.359405 1.16192e-38 3
-0.248034 0.266382 0.359405 1.18032e-38 3
-0.238406 0.262248 0.353827 1.05124e-38 3
-0.234186 0.264004 0.356196 9.77453e-39 3
-0.225849 0.26109 0.352265 9.03768e-39 3
-0.219612 0.260515 0.351489 1.09738e-38 3
-0.213402 0.259942 0.350716 1.16184e-38 3
-0.206766 0.258805 0.349182 9.95748e-39 3
-0.200188 0.257677 0.34766 1.23549e-38 3
-0.193667 0.256559 0.346152 1.0144e-38 3
-0.186398 0.254352 0.343174 9.40826e-39 3
-0.179635 0.252722 0.340974 1.09752e-38 3
-0.179435 0.260515 0.351489 1.06976e-38 3
-0.169586 0.254352 0.343174 1.09734e-38 3
-0.16363 0.253806 0.342438 1.04188e-38 3
-0.1601 0.257117 0.346904 1.12486e-38 3
-0.154435 0.257117 0.346904 1.13426e-38 3
-0.14942 0.25824 0.348419 1.04217e-38 3
-0.145639 0.261668 0.353044 1.01444e-38 3
-0.139874 0.261668 0.353044 9.86672e-39 3
-0.133518 0.260515 0.351489 1.02359e-38 3
-0.127778 0.260515 0.351489 1.11567e-38 3
-0.121503 0.259372 0.349947 1.0327e-38 3
-0.115283 0.25824 0.348419 1.22631e-38 3
-0.109355 0.257677 0.34766 1.15273e-38 3
-0.104132 0.258805 0.349182 1.13426e-38 3
-0.0969449 0.2549 0.343914 1.3185e-38 3
-0.0929312 0.259372 0.349947 1.53052e-38 3
-0.0879886 0.261668 0.353044 1.37382e-38 3
-0.082589 0.262831 0.354613 1.3278e-38 3
-0.0771413 0.264004 0.356196 1.36475e-38 3
-0.0708503 0.262248 0.353827 1.30017e-38 3
-0.0646426 0.260515 0.351489 1.45709e-38 3
-0.0583885 0.25824 0.348419 1.18975e-38 3
-0.0522428 0.256004 0.345403 1.35545e-38 3
-0.0466026 0.256004 0.345403 1.69643e-38 3
-0.0404372 0.252722 0.340974 1.44761e-38 3
-0.00143724 0.248474 0.335244 1.56761e-38 3
0.00425145 0.261668 0.353044 1.57701e-38 3
0.010384 0.27127 0.366 1.42049e-38 3
0.107613 0.454899 0.613754 1.57683e-38 3
0.065075 0.251646 0.339523 1.52151e-38 3
0.069148 0.246404 0.33245 1.61371e-38 3
0.0742673 0.245381 0.33107 1.77041e-38 3
0.0796734 0.245381 0.33107 1.68754e-38 3
0.0854341 0.246404 0.33245 1.63222e-38 3
0.0948134 0.257117 0.346904 1.50315e-38 3
0.100478 0.257117 0.346904 1.74289e-38 3
0.105228 0.2549 0.343914 1.53084e-38 3
0.109429 0.251646 0.339523 1.53084e-38 3
0.113049 0.247435 0.333841 1.73364e-38 3
0.118006 0.246404 0.33245 1.37397e-38 3
0.122923 0.245381 0.33107 1.54914e-38 3
0.128329 0.245381 0.33107 1.64133e-38 3
0.133183 0.244367 0.329702 1.53077e-38 3
0.138567 0.244367 0.329702 1.4017e-38 3
0.14761 0.25058 0.338085 1.33716e-38 3
0.165775 0.27127 0.366 1.52144e-38 3
0.171751 0.27127 0.366 1.5675e-38 3
0.176916 0.270031 0.364329 1.59516e-38 3
0.176421 0.260515 0.351489 1.34631e-38 3
0.180176 0.257677 0.34766 1.43861e-38 3
0.184248 0.255451 0.344657 1.36485e-38 3
0.188653 0.253806 0.342438 1.30028e-38 3
0.192183 0.251112 0.338802 1.51222e-38 3
0.19688 0.25005 0.33737 1.33705e-38 3
0.20368 0.251646 0.339523 1.22653e-38 3
0.214707 0.25824 0.348419 1.39255e-38 3
0.213407 0.25005 0.33737 1.26351e-38 3
0.227077 0.259372 0.349947 1.30035e-38 3
0.232792 0.259372 0.349947 1.41092e-38 3
0.231402 0.251646 0.339523 1.30032e-38 3
0.232009 0.246404 0.33245 1.23578e-38 3
0.235476 0.244367 0.329702 1.39251e-38 3
0.241859 0.245381 0.33107 1.18046e-38 3
0.252504 0.25058 0.338085 1.28177e-38 3
0.254786 0.247435 0.333841 1.25408e-38 3
0.260783 0.247953 0.334541 1.37389e-38 3
0.270211 0.251646 0.339523 1.51219e-38 3
0.266677 0.243362 0.328346 1.5768e-38 3
0.272039 0.243362 0.328346 1.34631e-38 3
0.284423 0.249523 0.336658 1.34627e-38 3
0.304032 0.261668 0.353044 1.20798e-38 3
0.303091 0.256004 0.345403 1.29095e-38 3
0.295921 0.245381 0.33107 1.23564e-38 3
0.300082 0.244367 0.329702 1.1527e-38 3
0.299282 0.239421 0.323028 1.11582e-38 3
0.308302 0.242364 0.327 1.25408e-38 3
0.313641 0.242364 0.327 1.14355e-38 3
0.324297 0.246404 0.33245 1.12518e-38 3
0.332497 0.248474 0.335244 1.07901e-38 3
0.339397 0.249523 0.336658 1.14355e-38 3
0.344895 0.249523 0.336658 1.12497e-38 3
0.34746 0.247435 0.333841 9.68235e-39 3
0.349983 0.245381 0.33107 1.04185e-38 3
0.352464 0.243362 0.328346 1.04181e-38 3
0.346421 0.235605 0.31788 1.13401e-38 3
0.351612 0.235605 0.31788 8.66675e-39 3
0.356802 0.235605 0.31788 9.21993e-39 3
0.361993 0.235605 0.31788 1.13415e-38 3
0.404225 0.259372 0.349947 1.0143e-38 3
-0.328888 0.286444 0.378142 9.22207e-39 3
-0.28731 0.25502 0.336658 7.10121e-39 3
-0.281812 0.25502 0.336658 9.59049e-39 3
-0.276315 0.25502 0.336658 9.31283e-39 3
-0.277852 0.261644 0.345403 9.22028e-39 3
-0.273395 0.262782 0.346904 9.86565e-39 3
-0.26773 0.262782 0.346904 9.68126e-39 3
-0.262065 0.262782 0.346904 8.85257e-39 3
-0.24623 0.252358 0.333144 9.68305e-39 3
-0.24645 0.25829 0.340974 1.02362e-38 3
-0.240882 0.25829 0.340974 1.27259e-38 3
-0.239406 0.262782 0.346904 9.68269e-39 3
-0.23631 0.265669 0.350716 9.49794e-39 3
-0.232114 0.267433 0.353044 1.30936e-38 3
-0.224856 0.265669 0.350716 8.7611e-39 3
-0.217694 0.263929 0.348419 1.06972e-38 3
-0.212934 0.265087 0.349947 9.86672e-39 3
-0.206315 0.263929 0.348419 1.08794e-38 3
-0.199753 0.262782 0.346904 1.10642e-38 3
-0.193248 0.261644 0.345403 1.28177e-38 3
-0.183633 0.256101 0.338085 1.09756e-38 3
-0.178113 0.256101 0.338085 1.13429e-38 3
-0.171864 0.25502 0.336658 1.07898e-38 3
-0.164974 0.252886 0.333841 1.05121e-38 3
-0.158858 0.251832 0.33245 1.18939e-38 3
-0.153429 0.251832 0.33245 1.0511e-38 3
-0.14862 0.252886 0.333841 1.17106e-38 3
-0.143168 0.252886 0.333841 1.31868e-38 3
-0.138879 0.25502 0.336658 1.02366e-38 3
-0.134517 0.257191 0.339523 8.76038e-39 3
-0.129524 0.25829 0.340974 1.25408e-38 3
-0.125566 0.261644 0.345403 1.17099e-38 3
-0.120447 0.262782 0.346904 1.00504e-38 3
-0.114782 0.262782 0.346904 1.39237e-38 3
-0.108881 0.262212 0.346152 1.33712e-38 3
-0.103453 0.262782 0.346904 1.18036e-38 3
-0.0951002 0.255559 0.33737 1.29085e-38 3
-0.0917243 0.261644 0.345403 1.20783e-38 3
-0.0849805 0.25829 0.340974 1.3185e-38 3
-0.0790746 0.257191 0.339523 1.43843e-38 3
-0.0764586 0.267433 0.353044 1.42006e-38 3
-0.0706936 0.267433 0.353044 1.42925e-38 3
-0.057883 0.261644 0.345403 1.25429e-38 3
-0.0520176 0.260516 0.343914 1.50297e-38 3
-0.0454227 0.25502 0.336658 1.57676e-38 3
-0.0394262 0.251832 0.33245 1.50293e-38 3
-0.0338565 0.250787 0.33107 1.58598e-38 3
0.0975911 0.464921 0.613754 1.53084e-38 3
0.0582906 0.251832 0.33245 1.45698e-38 3
0.0637193 0.251832 0.33245 1.48464e-38 3
0.0682943 0.248723 0.328346 1.47542e-38 3
0.0733541 0.247704 0.327 1.63208e-38 3
0.0786939 0.247704 0.327 1.60453e-38 3
0.0840336 0.247704 0.327 1.70598e-38 3
0.0901119 0.249751 0.329702 1.65066e-38 3
0.10172 0.251832 0.33245 1.47552e-38 3
0.118006 0.251832 0.33245 1.5768e-38 3
0.122415 0.249751 0.329702 1.65977e-38 3
0.127799 0.249751 0.329702 1.55846e-38 3
0.132091 0.247704 0.327 1.45705e-38 3
0.137431 0.247704 0.327 1.74282e-38 3
0.143358 0.248723 0.328346 1.52155e-38 3
0.149334 0.249751 0.329702 1.49389e-38 3
0.157318 0.253949 0.335244 1.49382e-38 3
0.189369 0.252886 0.333841 1.49379e-38 3
0.194413 0.252358 0.333144 1.42936e-38 3
0.202817 0.256101 0.338085 1.24496e-38 3
0.208338 0.256101 0.338085 1.17128e-38 3
0.213859 0.256101 0.338085 1.32801e-38 3
0.218454 0.25502 0.336658 1.42943e-38 3
0.221152 0.251832 0.33245 1.43865e-38 3
0.224708 0.249751 0.329702 1.38326e-38 3
0.229145 0.248723 0.328346 1.35563e-38 3
0.234507 0.248723 0.328346 1.20812e-38 3
0.239868 0.248723 0.328346 1.25422e-38 3
0.246243 0.249751 0.329702 1.26333e-38 3
0.25532 0.253416 0.334541 1.30017e-38 3
0.259694 0.252358 0.333144 1.3278e-38 3
0.269066 0.256101 0.338085 1.32783e-38 3
0.265584 0.247704 0.327 1.60446e-38 3
0.270924 0.247704 0.327 1.41095e-38 3
0.274017 0.24569 0.324341 1.34627e-38 3
0.271586 0.238892 0.315368 1.503e-38 3
0.275646 0.237952 0.314126 1.125e-38 3
0.280775 0.237952 0.314126 1.20798e-38 3
0.283671 0.236093 0.311672 1.2911e-38 3
0.287637 0.235174 0.310459 1.16192e-38 3
0.292707 0.235174 0.310459 9.77489e-39 3
0.297776 0.235174 0.310459 9.95928e-39 3
0.318981 0.247704 0.327 1.15277e-38 3
0.329726 0.251832 0.33245 1.00526e-38 3
0.337971 0.253949 0.335244 1.10667e-38 3
0.343446 0.253949 0.335244 1.15263e-38 3
0.346012 0.251832 0.33245 1.06043e-38 3
0.347102 0.248723 0.328346 1.02344e-38 3
0.34123 0.240796 0.31788 1.06025e-38 3
0.342329 0.237952 0.314126 1.13401e-38 3
0.346096 0.237019 0.312894 8.20577e-39 3
0.349834 0.236093 0.311672 1.04185e-38 3
0.354923 0.236093 0.311672 1.08805e-38 3
0.367184 0.240796 0.31788 1.06039e-38 3
-0.303802 0.260518 0.336658 1.00518e-38 3
-0.295808 0.258338 0.333841 7.93134e-39 3
-0.289147 0.257261 0.33245 8.94549e-39 3
-0.27829 0.257261 0.33245 9.4983e-39 3
-0.267432 0.257261 0.33245 9.12808e-39 3
-0.264205 0.259423 0.335244 7.83734e-39 3
-0.260923 0.261621 0.338085 9.31355e-39 3
-0.247263 0.258879 0.334541 1.12497e-38 3
-0.24333 0.260518 0.336658 9.49866e-39 3
-0.237833 0.260518 0.336658 1.01444e-38 3
-0.232335 0.260518 0.336658 9.49794e-39 3
-0.229746 0.263858 0.340974 1.05121e-38 3
-0.230583 0.271396 0.350716 1.33702e-38 3
-0.222412 0.268446 0.346904 1.18036e-38 3
-0.216747 0.268446 0.346904 1.07894e-38 3
-0.210169 0.267284 0.345403 1.10653e-38 3
-0.204087 0.266707 0.344657 8.29832e-39 3
-0.196759 0.264423 0.341704 1.04199e-38 3
-0.190771 0.263858 0.340974 1.30943e-38 3
-0.18209 0.259423 0.335244 1.17131e-38 3
-0.176616 0.259423 0.335244 1.0421e-38 3
-0.169715 0.257261 0.33245 9.59049e-39 3
-0.164287 0.257261 0.33245 9.22063e-39 3
-0.157545 0.255135 0.329702 1.28155e-38 3
-0.151535 0.254085 0.328346 1.15248e-38 3
-0.146173 0.254085 0.328346 1.37389e-38 3
-0.140812 0.254085 0.328346 1.23571e-38 3
-0.136574 0.256194 0.33107 1.31861e-38 3
-0.131714 0.257261 0.33245 1.15273e-38 3
-0.127347 0.259423 0.335244 1.26329e-38 3
-0.123956 0.263858 0.340974 1.11578e-38 3
-0.119925 0.267284 0.345403 1.04192e-38 3
-0.114782 0.268446 0.346904 1.34627e-38 3
-0.108881 0.267864 0.346152 1.4662e-38 3
-0.103005 0.267284 0.345403 1.28181e-38 3
-0.0973645 0.267284 0.345403 1.11567e-38 3
-0.0905484 0.263858 0.340974 1.28159e-38 3
-0.0846188 0.262735 0.339523 1.40148e-38 3
-0.0784073 0.260518 0.336658 1.34613e-38 3
-0.0729099 0.260518 0.336658 1.3646e-38 3
-0.0576335 0.266132 0.343914 1.05153e-38 3
-0.0496629 0.254085 0.328346 1.51229e-38 3
-0.0443012 0.254085 0.328346 1.53073e-38 3
-0.0387799 0.253044 0.327 1.32787e-38 3
-0.033034 0.24997 0.323028 1.24489e-38 3
-0.0277592 0.24997 0.323028 1.62304e-38 3
-0.0222145 0.246971 0.319152 1.77059e-38 3
0.0472363 0.256194 0.33107 1.88129e-38 3
0.052425 0.255135 0.329702 1.88126e-38 3
0.0575709 0.254085 0.328346 1.65981e-38 3
0.0624189 0.252011 0.325665 1.69669e-38 3
0.126234 0.252011 0.325665 1.54925e-38 3
0.131552 0.252011 0.325665 1.53088e-38 3
0.13687 0.252011 0.325665 1.89959e-38 3
0.141036 0.24997 0.323028 1.96398e-38 3
0.147506 0.252011 0.325665 1.47545e-38 3
0.152824 0.252011 0.325665 1.4017e-38 3
0.19861 0.256194 0.33107 1.28184e-38 3
0.204016 0.256194 0.33107 1.27262e-38 3
0.209422 0.256194 0.33107 1.54921e-38 3
0.214828 0.256194 0.33107 1.35567e-38 3
0.217527 0.253044 0.327 1.47553e-38 3
0.220159 0.24997 0.323028 1.52155e-38 3
0.225434 0.24997 0.323028 1.39248e-38 3
0.231647 0.250986 0.324341 1.45694e-38 3
0.239868 0.254085 0.328346 1.17114e-38 3
0.247265 0.256194 0.33107 1.23567e-38 3
0.255856 0.259423 0.335244 1.41095e-38 3
0.259153 0.257261 0.33245 1.38319e-38 3
0.263484 0.256194 0.33107 1.47538e-38 3
0.266677 0.254085 0.328346 1.32798e-38 3
0.268721 0.250986 0.324341 1.41095e-38 3
0.265387 0.243081 0.314126 1.34631e-38 3
0.268403 0.241182 0.311672 1.42928e-38 3
0.272428 0.240244 0.310459 1.23567e-38 3
0.276422 0.239313 0.309256 1.04206e-38 3
0.281472 0.239313 0.309256 1.08827e-38 3
0.282148 0.235659 0.304534 1.03295e-38 3
0.28387 0.232991 0.301087 1.09738e-38 3
0.286624 0.231246 0.298831 1.00515e-38 3
0.291503 0.231246 0.298831 1.08823e-38 3
0.314025 0.245011 0.316619 1.18043e-38 3
0.335155 0.257261 0.33245 1.09745e-38 3
0.342009 0.258338 0.333841 1.15277e-38 3
0.34746 0.258338 0.333841 1.14344e-38 3
0.347102 0.254085 0.328346 1.19861e-38 3
0.3372 0.243081 0.314126 1.1617e-38 3
0.339655 0.241182 0.311672 8.57419e-39 3
0.344744 0.241182 0.311672 9.58835e-39 3
0.349834 0.241182 0.311672 9.49687e-39 3
0.354923 0.241182 0.311672 1.1433e-38 3
0.360012 0.241182 0.311672 1.02352e-38 3
-0.30126 0.263789 0.333841 9.49866e-39 3
-0.294576 0.26269 0.33245 8.85329e-39 3
-0.289147 0.26269 0.33245 9.03732e-39 3
-0.240289 0.26269 0.33245 1.16195e-38 3
-0.231359 0.264897 0.335244 1.15262e-38 3
-0.225885 0.264897 0.335244 9.77453e-39 3
-0.220411 0.264897 0.335244 1.05121e-38 3
-0.215843 0.266015 0.336658 9.31427e-39 3
-0.212136 0.268279 0.339523 1.17114e-38 3
-0.204848 0.266015 0.336658 1.10653e-38 3
-0.199772 0.266577 0.33737 1.17106e-38 3
-0.194263 0.266577 0.33737 1.18957e-38 3
-0.18678 0.263789 0.333841 1.14358e-38 3
-0.180573 0.26269 0.33245 1.05146e-38 3
-0.175144 0.26269 0.33245 8.48486e-39 3
-0.169011 0.2616 0.33107 1.09731e-38 3
-0.162929 0.260519 0.329702 1.05114e-38 3
-0.156254 0.258383 0.327 1.00497e-38 3
-0.133256 0.255245 0.323028 9.12951e-39 3
-0.128502 0.256283 0.324341 1.24486e-38 3
-0.126286 0.26269 0.33245 1.31868e-38 3
-0.121873 0.264897 0.335244 1.15266e-38 3
-0.119925 0.272924 0.345403 1.16188e-38 3
-0.10436 0.276516 0.349947 1.22649e-38 3
-0.0977879 0.274111 0.346904 1.18947e-38 3
-0.0905484 0.269425 0.340974 1.35542e-38 3
-0.0842603 0.267142 0.338085 1.25397e-38 3
-0.0774272 0.26269 0.33245 1.21705e-38 3
-0.0719985 0.26269 0.33245 1.35531e-38 3
-0.0522304 0.246272 0.311672 1.29128e-38 3
-0.0469575 0.245313 0.310459 1.5585e-38 3
-0.0418879 0.245313 0.310459 1.50318e-38 3
-0.0371071 0.247237 0.312894 1.45701e-38 3
-0.0319977 0.247237 0.312894 1.37396e-38 3
-0.0268883 0.247237 0.312894 1.65059e-38 3
-0.0217789 0.247237 0.312894 1.56779e-38 3
-0.0166696 0.247237 0.312894 1.42943e-38 3
-0.011515 0.246272 0.311672 1.30946e-38 3
0.0455358 0.252182 0.319152 1.40191e-38 3
0.0507474 0.252182 0.319152 1.47563e-38 3
0.0564102 0.254216 0.321726 1.58605e-38 3
0.106263 0.260519 0.329702 1.65988e-38 3
0.111188 0.259447 0.328346 1.64144e-38 3
0.120425 0.256283 0.324341 1.5768e-38 3
0.123216 0.251177 0.31788 1.59541e-38 3
0.128407 0.251177 0.31788 1.50322e-38 3
0.133068 0.250181 0.316619 1.61378e-38 3
0.137692 0.249192 0.315368 1.57676e-38 3
0.142841 0.249192 0.315368 1.63219e-38 3
0.147991 0.249192 0.315368 1.69672e-38 3
0.193785 0.255245 0.323028 1.35563e-38 3
0.199869 0.256283 0.324341 1.34627e-38 3
0.205165 0.256283 0.324341 1.42925e-38 3
0.210462 0.256283 0.324341 1.7336e-38 3
0.214018 0.254216 0.321726 1.53084e-38 3
0.215791 0.250181 0.316619 1.49389e-38 3
0.220961 0.250181 0.316619 1.31872e-38 3
0.226132 0.250181 0.316619 1.37397e-38 3
0.236943 0.256283 0.324341 1.36475e-38 3
0.267779 0.260519 0.329702 1.42939e-38 3
0.260257 0.248211 0.314126 1.24507e-38 3
0.263314 0.246272 0.311672 1.18036e-38 3
0.267359 0.245313 0.310459 1.17114e-38 3
0.271372 0.244363 0.309256 1.33709e-38 3
0.274296 0.242483 0.306877 1.0144e-38 3
0.277175 0.240632 0.304534 1.22656e-38 3
0.277905 0.237013 0.299955 1.16202e-38 3
0.280693 0.235245 0.297716 1.04206e-38 3
0.282393 0.23264 0.294421 1.09731e-38 3
0.287201 0.23264 0.294421 1.11578e-38 3
0.290935 0.231785 0.293338 1.35549e-38 3
0.333764 0.2616 0.33107 1.12511e-38 3
0.340584 0.26269 0.33245 1.06979e-38 3
0.347102 0.259447 0.328346 9.95784e-39 3
0.3372 0.248211 0.314126 1.09716e-38 3
0.339655 0.246272 0.311672 8.39016e-39 3
0.344744 0.246272 0.311672 9.77273e-39 3
0.349834 0.246272 0.311672 7.00687e-39 3
0.354923 0.246272 0.311672 1.0972e-38 3
