# .PCD v0.7 - Point Cloud Data file format
VERSION 0.7
FIELDS x y z rgb label
SIZE 4 4 4 4 4
TYPE F F F F U
COUNT 1 1 1 1 1
WIDTH 3290
HEIGHT 1
VIEWPOINT 0 0 0 1 0 0 0
POINTS 3290
DATA ascii
-2.11768 0.359788 2.34671 2.48893e-39 3
-2.07936 0.359788 2.34671 2.76516e-39 3
-2.04104 0.359788 2.34671 3.04139e-39 3
-2.00272 0.359788 2.34671 2.48821e-39 3
-1.9644 0.359788 2.34671 3.68603e-39 3
-1.92608 0.359788 2.34671 1.65773e-39 3
-1.88776 0.359788 2.34671 2.85663e-39 3
-1.84944 0.359788 2.34671 1.75028e-39 3
-1.7728 0.359788 2.34671 1.65881e-39 3
-0.821433 0.25485 1.66225 2.02759e-39 3
-0.614934 0.197303 1.2869 3.41089e-39 3
-0.566508 0.188197 1.22751 1.66024e-39 3
-0.572905 0.197303 1.2869 2.58292e-39 3
-0.906427 0.382275 2.49337 3.04174e-39 3
-0.865712 0.382275 2.49337 2.30417e-39 3
-0.824996 0.382275 2.49337 1.74956e-39 3
-0.193568 0.127425 0.831125 2.11978e-39 3
-0.176323 0.124825 0.814163 2.85735e-39 3
-0.156635 0.119929 0.782235 3.22721e-39 3
-0.143861 0.119929 0.782235 2.85807e-39 3
-0.124962 0.114325 0.745682 2.39637e-39 3
-0.111741 0.113267 0.738778 3.22541e-39 3
-0.0987632 0.112228 0.732 3.22613e-39 3
-0.0860209 0.111207 0.725345 2.30417e-39 3
2.75755 0.520545 3.39523 4.33104e-39 1
2.93802 0.54368 3.54613 2.67152e-39 1
-2.05717 0.386734 2.27966 2.21234e-39 3
-1.96384 0.375992 2.21633 2.76516e-39 3
-1.92765 0.375992 2.21633 3.13358e-39 3
-1.89146 0.375992 2.21633 2.76408e-39 3
-1.85526 0.375992 2.21633 2.48749e-39 3
-1.81907 0.375992 2.21633 2.3031e-39 3
-1.78288 0.375992 2.21633 2.57968e-39 3
-1.69948 0.36583 2.15643 2.76407e-39 3
-1.66427 0.36583 2.15643 2.48749e-39 3
-1.36989 0.30763 1.81336 2.02759e-39 3
-1.25473 0.287994 1.69762 3.68675e-39 3
-0.905149 0.300793 1.77307 3.04174e-39 3
-0.821433 0.281994 1.66225 2.39637e-39 3
-0.762518 0.270714 1.59576 2.95026e-39 3
-0.566508 0.208242 1.22751 3.78074e-39 3
-1.01486 0.386734 2.27966 2.58219e-39 3
-1.03689 0.410173 2.41782 2.12122e-39 3
-0.906427 0.422991 2.49337 3.41088e-39 3
-0.865712 0.422991 2.49337 2.94954e-39 3
-0.851609 0.436635 2.57381 3.3176e-39 3
-0.20714 0.140997 0.831125 3.13393e-39 3
-0.189618 0.138119 0.814163 2.39565e-39 3
-0.176323 0.138119 0.814163 2.76515e-39 3
-0.156635 0.132703 0.782235 3.31941e-39 3
-0.143861 0.132703 0.782235 3.04246e-39 3
-0.0996777 0.125331 0.738778 4.14844e-39 3
-0.0860209 0.123052 0.725345 3.41124e-39 3
-0.0722072 0.119785 0.706088 4.24029e-39 3
-0.15583 0.30763 1.81336 2.76407e-39 3
-0.142401 0.347069 2.04585 2.48856e-39 3
0.0373467 0.141735 0.835476 2.67367e-39 3
0.0512579 0.142481 0.839874 3.7793e-39 3
0.571461 0.300793 1.77307 2.48857e-39 3
2.75755 0.575987 3.39523 3.59419e-39 1
2.87415 0.588509 3.46904 3.31688e-39 1
-2.00003 0.412183 2.21633 2.30418e-39 3
-1.92765 0.412183 2.21633 1.65773e-39 3
-1.89146 0.412183 2.21633 2.67188e-39 3
-1.85526 0.412183 2.21633 2.39529e-39 3
-1.81907 0.412183 2.21633 2.39529e-39 3
-1.7347 0.401043 2.15643 2.67188e-39 3
-1.65476 0.390489 2.09968 2.30238e-39 3
-1.18186 0.290953 1.56447 3.68603e-39 3
-1.13408 0.285358 1.53438 2.11943e-39 3
-1.10902 0.285358 1.53438 3.50236e-39 3
-1.02484 0.269793 1.45069 3.04174e-39 3
-0.934102 0.329746 1.77307 2.39745e-39 3
-0.866632 0.315715 1.69762 2.58148e-39 3
-0.821433 0.309137 1.66225 2.11978e-39 3
-0.79429 0.309137 1.66225 2.39709e-39 3
-1.05209 0.42396 2.27966 2.58148e-39 3
-1.04471 0.436429 2.34671 2.85878e-39 3
-1.03689 0.449654 2.41782 4.24172e-39 3
-1.02857 0.463706 2.49337 4.05696e-39 3
-0.987858 0.463706 2.49337 2.48928e-39 3
-0.947142 0.463706 2.49337 2.48928e-39 3
-0.906427 0.463706 2.49337 3.68782e-39 3
-0.189618 0.151414 0.814163 3.22541e-39 3
-0.176323 0.151414 0.814163 2.58076e-39 3
-0.163028 0.151414 0.814163 3.68783e-39 3
-0.205702 0.322578 1.73452 2.76587e-39 3
-0.177378 0.322578 1.73452 3.59491e-39 3
-0.15583 0.337241 1.81336 3.41052e-39 3
-0.129154 0.345084 1.85553 2.95026e-39 3
-0.108993 0.380477 2.04585 2.95098e-39 3
-0.0755858 0.380477 2.04585 3.96441e-39 3
-0.0421783 0.380477 2.04585 3.50343e-39 3
0.0515291 0.157022 0.844317 3.96369e-39 3
0.0642958 0.154569 0.831125 3.50343e-39 3
0.355749 0.463706 2.49337 3.96441e-39 3
0.659807 0.401043 2.15643 4.14952e-39 3
0.571461 0.329746 1.77307 2.85806e-39 3
0.562889 0.309137 1.66225 2.67331e-39 3
0.590032 0.309137 1.66225 3.96405e-39 3
2.87415 0.645156 3.46904 3.77858e-39 1
-2.00003 0.448374 2.21633 3.50272e-39 3
-1.96384 0.448374 2.21633 2.3031e-39 3
-1.92765 0.448374 2.21633 2.57969e-39 3
-1.89146 0.448374 2.21633 4.51579e-39 3
-1.85526 0.448374 2.21633 2.94847e-39 3
-1.76991 0.436256 2.15643 3.59384e-39 3
-1.68905 0.424776 2.09968 2.67188e-39 3
-1.39735 0.3587 1.77307 2.57897e-39 3
-1.25669 0.329418 1.62833 3.03995e-39 3
-1.15914 0.310413 1.53438 3.04066e-39 3
-1.09208 0.298916 1.47756 2.85627e-39 3
-1.04853 0.293481 1.45069 2.48749e-39 3
-0.971834 0.278301 1.37565 2.94955e-39 3
-1.00082 0.384321 1.89971 2.67404e-39 3
-0.885471 0.350902 1.73452 3.22757e-39 3
-0.857148 0.350902 1.73452 2.95026e-39 3
-1.11 0.504421 2.49337 2.49e-39 3
-1.06929 0.504421 2.49337 3.13536e-39 3
-1.02857 0.504421 2.49337 4.42574e-39 3
-0.987858 0.504421 2.49337 4.70197e-39 3
-0.947142 0.504421 2.49337 3.41124e-39 3
-0.87896 0.489136 2.41782 3.87221e-39 3
-0.247855 0.16814 0.831125 2.95206e-39 3
-0.185441 0.366852 1.81336 3.31905e-39 3
-0.15583 0.366852 1.81336 4.241e-39 3
-0.126219 0.366852 1.81336 3.31941e-39 3
-0.0988543 0.375383 1.85553 3.59599e-39 3
-0.0685545 0.375383 1.85553 3.41195e-39 3
-0.0357599 0.350902 1.73452 2.95026e-39 3
-0.00743615 0.350902 1.73452 4.24172e-39 3
0.0646324 0.169021 0.835476 3.68854e-39 3
1.14774 0.849552 4.19937 5.16367e-39 3
0.770332 0.538049 2.6596 3.22757e-39 3
0.659807 0.436256 2.15643 2.85986e-39 3
0.584449 0.366852 1.81336 4.24279e-39 3
0.562889 0.336281 1.66225 3.78037e-39 3
0.590032 0.336281 1.66225 3.87257e-39 3
0.617176 0.336281 1.66225 3.5967e-39 3
0.644319 0.336281 1.66225 5.07004e-39 3
0.670662 0.32283 1.59576 2.85662e-39 3
0.69672 0.32283 1.59576 4.14736e-39 3
0.722778 0.32283 1.59576 3.87042e-39 3
0.748836 0.32283 1.59576 2.58076e-39 3
0.731031 0.304556 1.50543 2.48893e-39 3
0.770145 0.310413 1.53438 3.41161e-39 3
0.549453 0.201769 0.99735 4.24028e-39 3
0.565739 0.201769 0.99735 3.31833e-39 3
-1.89146 0.484566 2.21633 2.11978e-39 3
-1.85526 0.484566 2.21633 2.30417e-39 3
-1.76991 0.47147 2.15643 3.9637e-39 3
-1.7347 0.47147 2.15643 3.87042e-39 3
-1.36697 0.379225 1.73452 4.23849e-39 3
-1.20741 0.342046 1.56447 3.22434e-39 3
-1.15914 0.335469 1.53438 3.59384e-39 3
-1.13408 0.335469 1.53438 4.33248e-39 3
-0.79429 0.363424 1.66225 4.14917e-39 3
-1.05209 0.498411 2.27966 3.68854e-39 3
-1.01486 0.498411 2.27966 3.87293e-39 3
-1.06929 0.545137 2.49337 5.44026e-39 3
-1.02857 0.545137 2.49337 3.87293e-39 3
-0.947142 0.545137 2.49337 4.33355e-39 3
-0.853108 0.51307 2.34671 4.33391e-39 3
-0.346285 0.218055 0.99735 5.34807e-39 3
-0.329999 0.218055 0.99735 3.50487e-39 3
-0.276676 0.202842 0.927767 3.87401e-39 3
-0.205702 0.379225 1.73452 4.6105e-39 3
-0.173604 0.371157 1.69762 4.33391e-39 3
-0.145883 0.371157 1.69762 3.87293e-39 3
-0.118162 0.371157 1.69762 3.87401e-39 3
-0.0924073 0.379225 1.73452 3.78146e-39 3
-0.0640836 0.379225 1.73452 3.59635e-39 3
-0.0342699 0.363424 1.66225 4.24172e-39 3
-0.00698087 0.356008 1.62833 5.25515e-39 3
0.0208876 0.379225 1.73452 3.50415e-39 3
0.0512579 0.183625 0.839874 4.42539e-39 3
1.14774 0.918125 4.19937 4.42611e-39 3
0.770332 0.581479 2.6596 4.42539e-39 3
0.69751 0.498411 2.27966 4.88708e-39 3
0.584449 0.396463 1.81336 4.88709e-39 3
0.562889 0.363424 1.66225 4.33391e-39 3
0.590032 0.363424 1.66225 3.87329e-39 3
0.569701 0.335469 1.53438 4.97892e-39 3
0.594756 0.335469 1.53438 5.16224e-39 3
0.596856 0.323044 1.47756 4.24028e-39 3
0.609693 0.31717 1.45069 4.05589e-39 3
0.633382 0.31717 1.45069 3.7793e-39 3
0.694979 0.335469 1.53438 5.07004e-39 3
0.720034 0.335469 1.53438 4.24028e-39 3
0.704449 0.31717 1.45069 4.51723e-39 3
0.728137 0.31717 1.45069 2.58257e-39 3
0.751826 0.31717 1.45069 1.29218e-39 3
0.539916 0.220815 1.00997 3.87186e-39 3
0.549453 0.218055 0.99735 3.41053e-39 3
0.565739 0.218055 0.99735 3.50308e-39 3
0.582025 0.218055 0.99735 3.77931e-39 3
0.598311 0.218055 0.99735 4.24029e-39 3
0.60701 0.215363 0.985037 3.96406e-39 3
0.623095 0.215363 0.985037 2.48928e-39 3
0.623778 0.210173 0.961301 2.95135e-39 3
0.631863 0.207671 0.949857 3.1361e-39 3
0.611004 0.196004 0.896494 1.38474e-39 3
0.629178 0.197112 0.901559 3.78146e-39 3
0.640282 0.196004 0.896494 5.43954e-39 3
0.651263 0.194909 0.891486 4.33176e-39 3
0.66582 0.194909 0.891486 4.14736e-39 3
0.708068 0.202842 0.927767 3.50272e-39 3
0.731726 0.205228 0.938682 3.50344e-39 3
0.907137 0.249205 1.13983 3.41124e-39 3
0.92575 0.249205 1.13983 3.04246e-39 3
1.01701 0.268375 1.22751 2.30489e-39 3
-1.23296 0.367593 1.56447 3.59384e-39 3
-1.20741 0.367593 1.56447 1.65773e-39 3
-1.0884 0.398878 1.69762 3.31904e-39 3
-1.07378 0.426074 1.81336 2.30524e-39 3
-0.949795 0.398878 1.69762 4.05624e-39 3
-1.14046 0.493349 2.09968 3.96441e-39 3
-0.68082 0.334773 1.42479 5.07148e-39 3
-0.669509 0.340859 1.45069 4.14952e-39 3
-0.696473 0.367593 1.56447 4.24171e-39 3
-0.36451 0.246675 1.04984 4.7027e-39 3
-0.347367 0.246675 1.04984 4.70234e-39 3
-0.313712 0.234341 0.99735 4.98001e-39 3
-0.286676 0.225871 0.961301 5.53318e-39 3
-0.278704 0.302375 1.2869 4.88565e-39 3
-0.253599 0.297576 1.26648 5.34735e-39 3
-0.236675 0.302375 1.2869 5.34735e-39 3
-0.215661 0.302375 1.2869 3.68783e-39 3
-0.194646 0.302375 1.2869 4.33319e-39 3
-0.173632 0.302375 1.2869 5.34734e-39 3
-0.152618 0.302375 1.2869 4.97928e-39 3
-0.166519 0.382597 1.62833 4.6105e-39 3
-0.139929 0.382597 1.62833 4.51938e-39 3
-0.113339 0.382597 1.62833 3.9662e-39 3
-0.0867497 0.382597 1.62833 4.79597e-39 3
-0.0601601 0.382597 1.62833 4.5183e-39 3
-0.0310369 0.353722 1.50543 4.97928e-39 3
-0.00645401 0.353722 1.50543 5.07148e-39 3
0.0196087 0.382597 1.62833 5.07148e-39 3
0.0461983 0.382597 1.62833 4.97928e-39 3
0.053233 0.27981 1.19087 5.71576e-39 3
0.0512579 0.19734 0.839874 4.33319e-39 3
0.105011 0.195284 0.831125 6.3615e-39 3
0.119831 0.19734 0.839874 5.16367e-39 3
0.137901 0.203775 0.867261 4.70197e-39 3
0.150427 0.201583 0.857935 5.25515e-39 3
0.164437 0.201583 0.857935 4.79454e-39 3
0.176548 0.199439 0.848808 4.14952e-39 3
0.229467 0.24035 1.02292 5.62465e-39 3
0.960065 0.937363 3.9894 4.88744e-39 3
1.02521 0.937363 3.9894 4.1506e-39 3
1.09035 0.937363 3.9894 5.43954e-39 3
1.1555 0.937363 3.9894 3.96441e-39 3
0.69751 0.535636 2.27966 4.88708e-39 3
0.535745 0.390568 1.66225 5.25587e-39 3
0.529777 0.367593 1.56447 3.78073e-39 3
0.544645 0.360524 1.53438 4.79489e-39 3
0.569701 0.360524 1.53438 5.34734e-39 3
0.542585 0.328899 1.39979 5.43882e-39 3
0.546275 0.31775 1.35234 4.88565e-39 3
0.568358 0.31775 1.35234 3.96441e-39 3
0.5806 0.312454 1.3298 4.42539e-39 3
0.56467 0.292926 1.24669 3.50307e-39 3
0.5673 0.284049 1.20891 4.97785e-39 3
0.516596 0.249963 1.06384 5.71578e-39 3
0.533967 0.249963 1.06384 3.9655e-39 3
0.551339 0.249963 1.06384 4.33464e-39 3
0.539916 0.237307 1.00997 3.77967e-39 3
0.549453 0.234341 0.99735 4.33248e-39 3
0.565739 0.234341 0.99735 3.0421e-39 3
0.582025 0.234341 0.99735 3.31833e-39 3
0.598311 0.234341 0.99735 4.24029e-39 3
0.614597 0.234341 0.99735 3.50344e-39 3
0.623095 0.231448 0.985037 3.04246e-39 3
0.63918 0.231448 0.985037 2.76623e-39 3
0.639476 0.225871 0.961301 3.59743e-39 3
0.655173 0.225871 0.961301 3.59779e-39 3
0.615273 0.207152 0.881635 2.9517e-39 3
0.62621 0.206014 0.876791 2.85806e-39 3
0.637028 0.204888 0.872 3.50272e-39 3
0.651267 0.204888 0.872 3.4098e-39 3
0.691975 0.213037 0.906682 2.48856e-39 3
0.719037 0.216731 0.922404 3.04246e-39 3
0.803792 0.237307 1.00997 4.88637e-39 3
0.92575 0.267818 1.13983 3.68783e-39 3
1.08369 0.307332 1.308 3.59563e-39 3
-1.06573 0.417712 1.66225 3.68783e-39 3
-1.133 0.455685 1.81336 4.51759e-39 3
-1.10339 0.455685 1.81336 3.87221e-39 3
-1.09875 0.466283 1.85553 4.241e-39 3
-1.20903 0.527636 2.09968 3.41088e-39 3
-1.11601 0.501254 1.9947 4.60906e-39 3
-0.922074 0.426599 1.69762 3.41124e-39 3
-0.894353 0.426599 1.69762 4.51795e-39 3
-0.768522 0.378305 1.50543 3.13537e-39 3
-0.704086 0.358038 1.42479 3.78002e-39 3
-0.646202 0.339833 1.35234 4.70197e-39 3
-0.634879 0.345692 1.37565 2.49e-39 3
-0.683079 0.38558 1.53438 4.70269e-39 3
-0.684345 0.401003 1.59576 4.05732e-39 3
-0.36451 0.263818 1.04984 6.17747e-39 3
-0.33846 0.257053 1.02292 4.88673e-39 3
-0.317683 0.253799 1.00997 4.42683e-39 3
-0.297426 0.250627 0.99735 5.16439e-39 3
-0.28114 0.250627 0.99735 4.88637e-39 3
-0.275173 0.260392 1.03621 5.80832e-39 3
-0.288195 0.290582 1.15635 5.43954e-39 3
-0.269312 0.290582 1.15635 6.36185e-39 3
-0.25043 0.290582 1.15635 6.2693e-39 3
-0.245796 0.308464 1.22751 4.241e-39 3
-0.232918 0.318256 1.26648 5.71613e-39 3
-0.217414 0.326019 1.29737 5.53173e-39 3
-0.194646 0.32339 1.2869 5.90052e-39 3
-0.172243 0.320802 1.27661 6.08491e-39 3
-0.146702 0.310855 1.23702 5.34807e-39 3
-0.123627 0.30379 1.20891 5.44026e-39 3
-0.101578 0.297039 1.18204 4.98036e-39 3
-0.100975 0.364548 1.45069 6.2711e-39 3
-0.075906 0.358038 1.42479 5.99451e-39 3
-0.0508249 0.345692 1.37565 4.97928e-39 3
-0.0265315 0.32339 1.2869 5.25587e-39 3
-0.00551714 0.32339 1.2869 5.44098e-39 3
0.0150129 0.313284 1.24669 5.99451e-39 3
0.0337869 0.299256 1.19087 5.3477e-39 3
0.0445826 0.250627 0.99735 5.53173e-39 3
0.0512579 0.211054 0.839874 6.17782e-39 3
0.0642958 0.208856 0.831125 6.45441e-39 3
0.0778675 0.208856 0.831125 5.53209e-39 3
0.0914393 0.208856 0.831125 7.00722e-39 3
0.105011 0.208856 0.831125 5.71684e-39 3
0.119831 0.211054 0.839874 5.62465e-39 3
0.137901 0.217936 0.867261 6.17746e-39 3
0.150427 0.215593 0.857935 5.07111e-39 3
0.164437 0.215593 0.857935 5.07148e-39 3
0.176548 0.2133 0.848808 4.24244e-39 3
0.220968 0.247533 0.985037 6.27002e-39 3
0.240016 0.250627 0.99735 6.36221e-39 3
0.259547 0.253799 1.00997 4.79489e-39 3
0.290761 0.267335 1.06384 6.45405e-39 3
0.367111 0.301506 1.19982 5.07147e-39 3
0.504231 0.39314 1.56447 4.4261e-39 3
0.509786 0.378305 1.50543 5.80904e-39 3
0.496869 0.351757 1.39979 5.71685e-39 3
0.510766 0.345692 1.37565 4.33319e-39 3
0.498828 0.32339 1.2869 5.80761e-39 3
0.511591 0.318256 1.26648 6.08491e-39 3
0.523955 0.313284 1.24669 5.25515e-39 3
0.544312 0.313284 1.24669 5.99343e-39 3
0.523752 0.290582 1.15635 6.54553e-39 3
0.499224 0.267335 1.06384 5.71541e-39 3
0.503178 0.260392 1.03621 4.70126e-39 3
0.500594 0.250627 0.99735 3.68819e-39 3
0.523423 0.253799 1.00997 4.98001e-39 3
0.533167 0.250627 0.99735 3.59528e-39 3
0.549453 0.250627 0.99735 5.43883e-39 3
0.565739 0.250627 0.99735 3.50308e-39 3
0.582025 0.250627 0.99735 4.88602e-39 3
0.598311 0.250627 0.99735 5.34735e-39 3
0.614597 0.250627 0.99735 4.97857e-39 3
0.630884 0.250627 0.99735 5.8998e-39 3
0.64717 0.250627 0.99735 3.41089e-39 3
0.655265 0.247533 0.985037 4.79561e-39 3
0.655173 0.241568 0.961301 3.68927e-39 3
0.625643 0.225283 0.896494 3.78074e-39 3
0.62967 0.221549 0.881635 4.79417e-39 3
0.637028 0.219127 0.872 5.71541e-39 3
0.651267 0.219127 0.872 3.59491e-39 3
0.676598 0.222779 0.886533 3.96441e-39 3
0.702788 0.226555 0.901559 3.68783e-39 3
0.682791 0.215593 0.857935 3.87222e-39 3
0.736392 0.227843 0.906682 3.68783e-39 3
0.826317 0.250627 0.99735 3.13465e-39 3
-1.06573 0.444855 1.66225 3.96478e-39 3
-1.03858 0.444855 1.66225 4.14917e-39 3
-1.01144 0.444855 1.66225 5.53245e-39 3
-1.09875 0.496582 1.85553 5.07076e-39 3
-1.08344 0.533826 1.9947 4.60978e-39 3
-0.894353 0.45432 1.69762 3.68819e-39 3
-0.768522 0.402888 1.50543 2.85878e-39 3
-0.716887 0.388237 1.45069 4.42539e-39 3
-0.68082 0.381304 1.42479 2.8577e-39 3
-0.696473 0.418687 1.56447 5.71648e-39 3
-0.355164 0.273757 1.02292 5.43991e-39 3
-0.377141 0.305043 1.13983 5.34735e-39 3
-0.361108 0.307238 1.14803 5.90124e-39 3
-0.337505 0.30288 1.13174 5.71685e-39 3
-0.299883 0.284707 1.06384 6.36185e-39 3
-0.282511 0.284707 1.06384 5.43882e-39 3
-0.258252 0.277312 1.03621 5.99343e-39 3
-0.241332 0.277312 1.03621 5.07147e-39 3
-0.233509 0.288555 1.07822 5.71613e-39 3
-0.228239 0.305043 1.13983 5.71613e-39 3
-0.215792 0.314015 1.17335 5.34734e-39 3
-0.198088 0.316341 1.18204 5.2555e-39 3
-0.18285 0.323531 1.20891 4.97892e-39 3
-0.161883 0.321098 1.19982 4.88637e-39 3
-0.143368 0.323531 1.20891 5.62465e-39 3
-0.12088 0.316341 1.18204 5.80904e-39 3
-0.108834 0.338937 1.26648 6.2711e-39 3
-0.0910431 0.35005 1.308 5.53353e-39 3
-0.0685603 0.344404 1.2869 6.1789e-39 3
-0.0475459 0.344404 1.2869 6.08562e-39 3
-0.0257024 0.333641 1.24669 5.62465e-39 3
-0.0052625 0.328508 1.22751 4.98072e-39 3
0.0143407 0.318702 1.19087 6.17855e-39 3
0.0328075 0.309464 1.15635 6.1771e-39 3
0.0502339 0.300747 1.12377 5.90124e-39 3
0.0632403 0.277312 1.03621 5.99343e-39 3
0.0845533 0.292507 1.09299 5.7172e-39 3
0.093441 0.266913 0.99735 6.91539e-39 3
0.103273 0.251212 0.938682 5.90087e-39 3
0.118601 0.251212 0.938682 5.90123e-39 3
0.129363 0.242648 0.906682 6.6388e-39 3
0.149257 0.251212 0.938682 7.19161e-39 3
0.164585 0.251212 0.938682 6.45405e-39 3
0.179913 0.251212 0.938682 5.62537e-39 3
0.204883 0.263618 0.985037 5.3495e-39 3
0.22373 0.266913 0.99735 5.53246e-39 3
0.240016 0.266913 0.99735 6.54589e-39 3
0.256302 0.266913 0.99735 5.90123e-39 3
0.272589 0.266913 0.99735 6.54552e-39 3
0.34237 0.316341 1.18204 5.99235e-39 3
0.364371 0.318702 1.19087 5.3477e-39 3
0.378173 0.314015 1.17335 5.16403e-39 3
0.400276 0.316341 1.18204 4.70269e-39 3
0.464288 0.35005 1.308 5.25551e-39 3
0.477813 0.344404 1.2869 5.34735e-39 3
0.475805 0.328508 1.22751 5.34735e-39 3
0.488337 0.323531 1.20891 5.53174e-39 3
0.493134 0.314015 1.17335 4.97928e-39 3
0.497657 0.305043 1.13983 6.36222e-39 3
0.481852 0.284707 1.06384 4.97856e-39 3
0.486257 0.277312 1.03621 5.07004e-39 3
0.490439 0.270292 1.00997 4.70126e-39 3
0.494414 0.263618 0.985037 4.97821e-39 3
0.510499 0.263618 0.985037 4.33464e-39 3
0.526584 0.263618 0.985037 6.08456e-39 3
0.54267 0.263618 0.985037 4.88566e-39 3
0.558755 0.263618 0.985037 5.43919e-39 3
0.582025 0.266913 0.99735 4.60978e-39 3
0.598311 0.266913 0.99735 4.05661e-39 3
0.614597 0.266913 0.99735 5.34663e-39 3
0.630884 0.266913 0.99735 4.33248e-39 3
0.64717 0.266913 0.99735 3.31833e-39 3
0.663456 0.266913 0.99735 4.33356e-39 3
0.67135 0.263618 0.985037 3.87294e-39 3
0.632753 0.242648 0.906682 4.97856e-39 3
0.62967 0.235945 0.881635 3.22685e-39 3
0.640528 0.234649 0.876791 4.42539e-39 3
0.647727 0.232098 0.867261 3.50272e-39 3
0.640988 0.224769 0.839874 5.62393e-39 3
0.654702 0.224769 0.839874 5.53174e-39 3
0.668417 0.224769 0.839874 3.50344e-39 3
0.696801 0.229603 0.857935 4.14881e-39 3
0.71081 0.229603 0.857935 3.96441e-39 3
0.748981 0.237256 0.886533 4.33319e-39 3
1.65599 0.45432 1.69762 2.85771e-39 3
-1.06573 0.471999 1.66225 3.96478e-39 3
-0.997038 0.453119 1.59576 3.87258e-39 3
-0.990797 0.462366 1.62833 3.96585e-39 3
-0.964207 0.462366 1.62833 4.15025e-39 3
-1.06845 0.526882 1.85553 5.43954e-39 3
-1.11601 0.566398 1.9947 3.31832e-39 3
-0.922074 0.482041 1.69762 5.16259e-39 3
-0.824207 0.444234 1.56447 4.97928e-39 3
-0.678861 0.377599 1.3298 4.97856e-39 3
-0.657147 0.377599 1.3298 4.70161e-39 3
-0.635432 0.377599 1.3298 5.25478e-39 3
-0.491259 0.338148 1.19087 4.97856e-39 3
-0.398797 0.298104 1.04984 5.71685e-39 3
-0.371868 0.290461 1.02292 5.25551e-39 3
-0.350668 0.286784 1.00997 3.87258e-39 3
-0.366665 0.314666 1.10817 5.53174e-39 3
-0.341456 0.308244 1.08555 4.79489e-39 3
-0.319384 0.304107 1.07098 4.88816e-39 3
-0.28114 0.283199 0.99735 5.8094e-39 3
-0.278794 0.298104 1.04984 6.91467e-39 3
-0.25994 0.296156 1.04298 6.54661e-39 3
-0.235222 0.286784 1.00997 6.3615e-39 3
-0.21202 0.277987 0.978994 8.3898e-39 3
-0.203526 0.288611 1.01641 6.91395e-39 3
-0.188126 0.290461 1.02292 6.91467e-39 3
-0.171423 0.290461 1.02292 6.36221e-39 3
-0.197837 0.371409 1.308 6.82319e-39 3
-0.176479 0.371409 1.308 7.19198e-39 3
-0.150195 0.359618 1.26648 6.45441e-39 3
-0.129514 0.359618 1.26648 6.6388e-39 3
-0.108834 0.359618 1.26648 6.731e-39 3
-0.0881528 0.359618 1.26648 6.82319e-39 3
-0.0664177 0.353999 1.24669 6.5466e-39 3
-0.0453515 0.348553 1.22751 6.82427e-39 3
-0.0245515 0.338148 1.19087 6.63988e-39 3
-0.00495743 0.328347 1.15635 6.1789e-39 3
0.0135328 0.319098 1.12377 5.90124e-39 3
0.0318834 0.319098 1.12377 6.5466e-39 3
0.0495363 0.314666 1.10817 6.73099e-39 3
0.067632 0.314666 1.10817 6.36329e-39 3
0.0857277 0.314666 1.10817 6.91647e-39 3
0.102401 0.310355 1.09299 6.54768e-39 3
0.109727 0.283199 0.99735 6.45369e-39 3
0.12294 0.276292 0.973024 5.90015e-39 3
0.135523 0.269714 0.949857 7.00722e-39 3
0.152854 0.272963 0.961301 7.09942e-39 3
0.170607 0.276292 0.973024 6.36221e-39 3
0.188798 0.279703 0.985037 5.71792e-39 3
0.204883 0.279703 0.985037 5.90232e-39 3
0.22373 0.283199 0.99735 5.71792e-39 3
0.240016 0.283199 0.99735 7.09978e-39 3
0.250051 0.276292 0.973024 6.1771e-39 3
0.269223 0.279703 0.985037 7.28309e-39 3
0.339853 0.333176 1.17335 7.83626e-39 3
0.361672 0.335644 1.18204 6.82283e-39 3
0.42157 0.371409 1.308 7.46999e-39 3
0.394433 0.330744 1.16479 6.27109e-39 3
0.385327 0.308244 1.08555 4.97856e-39 3
0.45576 0.348553 1.22751 6.36078e-39 3
0.461602 0.338148 1.19087 5.34698e-39 3
0.467104 0.328347 1.15635 5.07076e-39 3
0.45315 0.306161 1.07822 6.36186e-39 3
0.458368 0.298104 1.04984 6.82284e-39 3
0.469336 0.294233 1.03621 4.88637e-39 3
0.480023 0.290461 1.02292 5.16296e-39 3
0.484308 0.283199 0.99735 5.80833e-39 3
0.494414 0.279703 0.985037 5.1626e-39 3
0.504274 0.276292 0.973024 4.42576e-39 3
0.520163 0.276292 0.973024 5.6243e-39 3
0.536052 0.276292 0.973024 6.36115e-39 3
0.551941 0.276292 0.973024 5.5321e-39 3
0.567829 0.276292 0.973024 4.61015e-39 3
0.598311 0.283199 0.99735 5.34735e-39 3
0.614597 0.283199 0.99735 5.34663e-39 3
0.630884 0.283199 0.99735 5.43954e-39 3
0.64717 0.283199 0.99735 5.25515e-39 3
0.663456 0.283199 0.99735 5.16296e-39 3
0.67135 0.279703 0.985037 5.53174e-39 3
0.679052 0.276292 0.973024 5.90052e-39 3
0.678394 0.269714 0.949857 5.80832e-39 3
0.662364 0.257454 0.906682 5.43954e-39 3
0.647727 0.24626 0.867261 6.08455e-39 3
0.640988 0.238484 0.839874 4.24028e-39 3
0.647882 0.235999 0.831125 5.16224e-39 3
0.661454 0.235999 0.831125 4.79346e-39 3
0.696801 0.243612 0.857935 5.16296e-39 3
0.71081 0.243612 0.857935 5.16296e-39 3
0.748981 0.251733 0.886533 4.05697e-39 3
-0.814528 0.323768 1.07822 4.70198e-39 3
-0.983746 0.460747 1.53438 4.61015e-39 3
-0.958691 0.460747 1.53438 4.88673e-39 3
-0.933635 0.460747 1.53438 4.42683e-39 3
-0.597406 0.363013 1.20891 4.42539e-39 3
-0.510705 0.357594 1.19087 5.07076e-39 3
-0.457144 0.332761 1.10817 6.2693e-39 3
-0.41594 0.315248 1.04984 5.07148e-39 3
-0.383653 0.303276 1.00997 5.53246e-39 3
-0.362571 0.299485 0.99735 5.25587e-39 3
-0.346285 0.299485 0.99735 6.26967e-39 3
-0.354361 0.321595 1.07098 6.45369e-39 3
-0.328065 0.313187 1.04298 5.80904e-39 3
-0.305053 0.307164 1.02292 6.91646e-39 3
-0.282908 0.301369 1.00362 7.65331e-39 3
-0.271645 0.307164 1.02292 6.36221e-39 3
-0.254941 0.307164 1.02292 6.82319e-39 3
-0.229414 0.295788 0.985037 7.56004e-39 3
-0.20945 0.29041 0.967127 6.91467e-39 3
-0.197244 0.295788 0.985037 7.65187e-39 3
-0.198295 0.323768 1.07822 7.46784e-39 3
-0.164061 0.293973 0.978994 6.731e-39 3
-0.188564 0.374357 1.24669 6.2693e-39 3
-0.170876 0.380299 1.26648 6.8232e-39 3
-0.147848 0.374357 1.24669 6.08563e-39 3
-0.129514 0.380299 1.26648 6.82319e-39 3
-0.107133 0.374357 1.24669 7.37637e-39 3
-0.0867754 0.374357 1.24669 6.1771e-39 3
-0.0653959 0.368597 1.22751 5.80904e-39 3
-0.0439977 0.357594 1.19087 7.10013e-39 3
-0.0234993 0.342269 1.13983 6.63988e-39 3
-0.00462247 0.323768 1.07822 6.73099e-39 3
0.0129842 0.323768 1.07822 7.65295e-39 3
0.0305908 0.323768 1.07822 7.65331e-39 3
0.0481974 0.323768 1.07822 7.28453e-39 3
0.0667055 0.328203 1.09299 7.00866e-39 3
0.0845533 0.328203 1.09299 7.28561e-39 3
0.098359 0.315248 1.04984 7.19305e-39 3
0.111116 0.303276 1.00997 7.00687e-39 3
0.126013 0.299485 0.99735 6.91503e-39 3
0.138829 0.292181 0.973024 7.4682e-39 3
0.156628 0.295788 0.985037 7.74479e-39 3
0.172713 0.295788 0.985037 7.56075e-39 3
0.188798 0.295788 0.985037 7.10086e-39 3
0.204883 0.295788 0.985037 6.91647e-39 3
0.220968 0.295788 0.985037 7.28417e-39 3
0.234162 0.292181 0.973024 7.83734e-39 3
0.247038 0.288661 0.961301 7.19126e-39 3
0.262736 0.288661 0.961301 7.56039e-39 3
0.308133 0.319451 1.06384 8.48235e-39 3
0.309024 0.303276 1.00997 8.11428e-39 3
0.367368 0.342269 1.13983 6.64023e-39 3
0.362666 0.321595 1.07098 7.00866e-39 3
0.37762 0.319451 1.06384 7.92954e-39 3
0.435653 0.352336 1.17335 5.80832e-39 3
0.409633 0.317335 1.05679 7.37565e-39 3
0.435543 0.323768 1.07822 5.43954e-39 3
0.441225 0.315248 1.04984 7.37565e-39 3
0.452416 0.311154 1.03621 6.54625e-39 3
0.463319 0.307164 1.02292 7.00723e-39 3
0.468022 0.299485 0.99735 5.53174e-39 3
0.478329 0.295788 0.985037 6.2693e-39 3
0.488385 0.292181 0.973024 5.80761e-39 3
0.492267 0.285224 0.949857 6.17711e-39 3
0.507778 0.285224 0.949857 5.25551e-39 3
0.529593 0.288661 0.961301 4.42576e-39 3
0.545291 0.288661 0.961301 7.09943e-39 3
0.560988 0.288661 0.961301 5.44098e-39 3
0.583718 0.292181 0.973024 7.19126e-39 3
0.60701 0.295788 0.985037 5.992e-39 3
0.630884 0.299485 0.99735 6.73028e-39 3
0.64717 0.299485 0.99735 6.45405e-39 3
0.663456 0.299485 0.99735 4.79417e-39 3
0.67135 0.295788 0.985037 5.62393e-39 3
0.687435 0.295788 0.985037 5.71648e-39 3
0.686568 0.288661 0.961301 5.25515e-39 3
0.685742 0.281869 0.938682 5.62393e-39 3
0.67717 0.272259 0.906682 5.07004e-39 3
0.669163 0.263284 0.876791 5.53102e-39 3
0.661667 0.254881 0.848808 4.05589e-39 3
1.34909 0.488956 1.62833 5.43954e-39 3
1.37568 0.488956 1.62833 3.59599e-39 3
1.40227 0.488956 1.62833 4.61014e-39 3
1.34642 0.460747 1.53438 3.68783e-39 3
1.16913 0.392768 1.308 4.51759e-39 3
-0.600626 0.304358 0.961301 5.07148e-39 3
-0.458324 0.325958 1.02952 6.63808e-39 3
-0.45623 0.336823 1.06384 7.19126e-39 3
-0.433083 0.332391 1.04984 7.56004e-39 3
-0.395143 0.315771 0.99735 7.09978e-39 3
-0.378857 0.315771 0.99735 7.09978e-39 3
-0.358095 0.311873 0.985037 6.6388e-39 3
-0.337839 0.30807 0.973024 6.2693e-39 3
-0.325924 0.311873 0.985037 7.83735e-39 3
-0.319707 0.321805 1.01641 8.57599e-39 3
-0.290172 0.30807 0.973024 8.85257e-39 3
-0.269356 0.302536 0.955545 9.03588e-39 3
-0.261584 0.311873 0.985037 8.39052e-39 3
-0.251714 0.319769 1.00997 7.56076e-39 3
-0.226616 0.30807 0.973024 8.482e-39 3
-0.20945 0.306203 0.967127 7.37565e-39 3
-0.193658 0.306203 0.967127 7.37565e-39 3
-0.177865 0.306203 0.967127 7.56076e-39 3
-0.160131 0.302536 0.955545 7.56184e-39 3
-0.141147 0.295459 0.933193 8.02102e-39 3
-0.122332 0.287065 0.906682 8.02174e-39 3
-0.133272 0.355799 1.12377 7.93062e-39 3
-0.127491 0.394714 1.24669 6.91647e-39 3
-0.107133 0.394714 1.24669 7.10086e-39 3
-0.0854404 0.388642 1.22751 7.74443e-39 3
-0.0625108 0.371496 1.17335 8.57455e-39 3
-0.0421121 0.360882 1.13983 8.02209e-39 3
-0.0222291 0.341375 1.07822 7.83734e-39 3
-0.00450083 0.332391 1.04984 8.11501e-39 3
0.0126425 0.332391 1.04984 7.65403e-39 3
0.0297858 0.332391 1.04984 7.2856e-39 3
0.0475548 0.336823 1.06384 7.00901e-39 3
0.0649267 0.336823 1.06384 7.19305e-39 3
0.0812157 0.332391 1.04984 7.37816e-39 3
0.095837 0.323868 1.02292 7.19341e-39 3
0.112541 0.323868 1.02292 8.20613e-39 3
0.126013 0.315771 0.99735 8.57419e-39 3
0.142299 0.315771 0.99735 7.92882e-39 3
0.156628 0.311873 0.985037 8.85149e-39 3
0.172713 0.311873 0.985037 8.57491e-39 3
0.188798 0.311873 0.985037 7.37744e-39 3
0.199946 0.304358 0.961301 8.02173e-39 3
0.213076 0.300735 0.949857 8.20613e-39 3
0.225898 0.297197 0.938682 9.58834e-39 3
0.23568 0.290365 0.917103 7.56076e-39 3
0.250656 0.290365 0.917103 8.57455e-39 3
0.265632 0.290365 0.917103 8.85113e-39 3
0.290629 0.300735 0.949857 8.20756e-39 3
0.321447 0.315771 0.99735 8.11536e-39 3
0.380544 0.355799 1.12377 7.46964e-39 3
0.398895 0.355799 1.12377 6.73172e-39 3
0.41145 0.350857 1.10817 8.20613e-39 3
0.412364 0.336823 1.06384 7.92954e-39 3
0.424082 0.332391 1.04984 6.2693e-39 3
0.435495 0.328074 1.03621 6.91467e-39 3
0.446615 0.323868 1.02292 6.91467e-39 3
0.451736 0.315771 0.99735 7.56076e-39 3
0.462244 0.311873 0.985037 8.57491e-39 3
0.472496 0.30807 0.973024 7.28345e-39 3
0.476757 0.300735 0.949857 8.02065e-39 3
0.480819 0.293741 0.927767 7.92954e-39 3
0.495969 0.293741 0.927767 6.82392e-39 3
0.517132 0.297197 0.938682 6.17855e-39 3
0.511402 0.285443 0.901559 7.2849e-39 3
0.547788 0.297197 0.938682 7.10051e-39 3
0.563116 0.297197 0.938682 7.83663e-39 3
0.585331 0.300735 0.949857 7.92846e-39 3
0.608081 0.304358 0.961301 7.74479e-39 3
0.63918 0.311873 0.985037 6.17746e-39 3
0.663456 0.315771 0.99735 7.19161e-39 3
0.67135 0.311873 0.985037 6.54624e-39 3
0.687435 0.311873 0.985037 6.91502e-39 3
0.694941 0.30807 0.973024 7.56075e-39 3
0.693905 0.300735 0.949857 4.79489e-39 3
0.709416 0.300735 0.949857 5.34735e-39 3
0.73366 0.304358 0.961301 5.53174e-39 3
1.34642 0.485802 1.53438 4.3332e-39 3
0.884448 0.287065 0.906682 4.60943e-39 3
0.860155 0.274584 0.867261 3.68747e-39 3
0.864916 0.271631 0.857935 4.51723e-39 3
0.860422 0.265913 0.839874 3.41052e-39 3
0.902641 0.274584 0.867261 3.50272e-39 3
-0.632021 0.320056 0.961301 4.60978e-39 3
-0.600626 0.320056 0.961301 6.82319e-39 3
-0.577965 0.316245 0.949857 5.53353e-39 3
-0.46495 0.323959 0.973024 6.45441e-39 3
-0.44634 0.321995 0.967127 7.83734e-39 3
-0.444001 0.332058 0.99735 7.00759e-39 3
-0.391054 0.303596 0.911863 6.82284e-39 3
-0.367758 0.296811 0.891486 6.6388e-39 3
-0.390265 0.327958 0.985037 7.28525e-39 3
-0.369617 0.323959 0.973024 7.19305e-39 3
-0.353728 0.323959 0.973024 8.48235e-39 3
-0.337839 0.323959 0.973024 8.38944e-39 3
-0.32195 0.323959 0.973024 8.11393e-39 3
-0.300563 0.318139 0.955545 7.5622e-39 3
-0.290172 0.323959 0.973024 8.02353e-39 3
-0.263055 0.310697 0.933193 7.92954e-39 3
-0.252242 0.316245 0.949857 8.57491e-39 3
-0.241035 0.321995 0.967127 7.92954e-39 3
-0.221221 0.316245 0.949857 9.31211e-39 3
-0.204493 0.314374 0.944237 8.39016e-39 3
-0.189074 0.314374 0.944237 8.94369e-39 3
-0.173655 0.314374 0.944237 8.48379e-39 3
-0.157306 0.312525 0.938682 8.2994e-39 3
-0.138714 0.30534 0.917103 9.03517e-39 3
-0.121641 0.300165 0.901559 8.48271e-39 3
-0.111321 0.312525 0.938682 8.11501e-39 3
-0.101993 0.332058 0.99735 9.03696e-39 3
-0.0857065 0.332058 0.99735 8.57599e-39 3
-0.0793375 0.379494 1.13983 8.20541e-39 3
-0.0582293 0.363899 1.09299 8.57455e-39 3
-0.0382837 0.344995 1.03621 8.11357e-39 3
-0.021363 0.344995 1.03621 8.85149e-39 3
-0.00438542 0.340572 1.02292 8.39159e-39 3
0.0123183 0.340572 1.02292 8.39195e-39 3
0.029022 0.340572 1.02292 8.39195e-39 3
0.0463196 0.344995 1.03621 8.39195e-39 3
0.0624295 0.340572 1.02292 8.57598e-39 3
0.0791332 0.340572 1.02292 8.48451e-39 3
0.095837 0.340572 1.02292 8.02353e-39 3
0.111116 0.336261 1.00997 7.74623e-39 3
0.126013 0.332058 0.99735 8.57491e-39 3
0.142299 0.332058 0.99735 8.11393e-39 3
0.156628 0.327958 0.985037 8.39052e-39 3
0.172713 0.327958 0.985037 8.94477e-39 3
0.184249 0.320056 0.961301 9.03624e-39 3
0.197566 0.316245 0.949857 8.66746e-39 3
0.205729 0.30534 0.917103 8.75894e-39 3
0.215745 0.298479 0.896494 8.3898e-39 3
0.222872 0.288746 0.867261 8.57491e-39 3
0.237034 0.288746 0.867261 8.57491e-39 3
0.253956 0.291919 0.876791 8.85185e-39 3
0.280608 0.30534 0.917103 8.57634e-39 3
0.30614 0.316245 0.949857 9.03732e-39 3
0.329496 0.323959 0.973024 8.02281e-39 3
0.345385 0.323959 0.973024 6.17855e-39 3
0.365734 0.327958 0.985037 7.93027e-39 3
0.396504 0.340572 1.02292 6.91539e-39 3
0.407977 0.336261 1.00997 7.00758e-39 3
0.42447 0.336261 1.00997 7.19126e-39 3
0.43545 0.332058 0.99735 6.91503e-39 3
0.446159 0.327958 0.985037 6.08562e-39 3
0.456607 0.323959 0.973024 7.19197e-39 3
0.461246 0.316245 0.949857 6.3615e-39 3
0.398483 0.264324 0.79391 7.28201e-39 3
0.411447 0.264324 0.79391 7.28417e-39 3
0.433029 0.269691 0.81003 7.37709e-39 3
0.444002 0.268329 0.805939 7.93027e-39 3
0.461828 0.271067 0.814163 4.51903e-39 3
0.51167 0.291919 0.876791 5.99416e-39 3
0.525988 0.291919 0.876791 6.73028e-39 3
0.552447 0.298479 0.896494 6.54553e-39 3
0.580123 0.30534 0.917103 7.19161e-39 3
0.623778 0.320056 0.961301 7.28381e-39 3
0.647274 0.323959 0.973024 5.71613e-39 3
0.67135 0.327958 0.985037 7.19126e-39 3
0.687435 0.327958 0.985037 7.09942e-39 3
0.678394 0.316245 0.949857 6.17782e-39 3
0.693905 0.316245 0.949857 5.62465e-39 3
0.709416 0.316245 0.949857 5.25515e-39 3
0.73366 0.320056 0.961301 6.08456e-39 3
1.24727 0.501219 1.50543 4.97857e-39 3
1.27185 0.501219 1.50543 4.61014e-39 3
1.32137 0.510858 1.53438 4.88673e-39 3
1.14777 0.435485 1.308 3.50344e-39 3
0.895543 0.316245 0.949857 6.08527e-39 3
0.859871 0.298479 0.896494 3.78038e-39 3
0.845993 0.288746 0.867261 4.24136e-39 3
0.841854 0.282602 0.848808 3.22721e-39 3
0.837887 0.276715 0.831125 4.60943e-39 3
0.851459 0.276715 0.831125 4.97821e-39 3
0.865031 0.276715 0.831125 5.43882e-39 3
0.887851 0.279627 0.839874 5.8998e-39 3
-0.755711 0.287294 0.822557 3.87258e-39 3
-0.742279 0.287294 0.822557 5.44026e-39 3
-0.632021 0.335753 0.961301 6.36221e-39 3
-0.616323 0.335753 0.961301 5.44026e-39 3
-0.600626 0.335753 0.961301 5.44026e-39 3
-0.606863 0.348344 0.99735 5.53245e-39 3
-0.590577 0.348344 0.99735 6.17782e-39 3
-0.574291 0.348344 0.99735 5.44026e-39 3
-0.537836 0.335753 0.961301 5.16367e-39 3
-0.481527 0.309639 0.886533 7.65295e-39 3
-0.475046 0.335753 0.961301 8.482e-39 3
-0.401325 0.293342 0.839874 8.29761e-39 3
-0.440994 0.333742 0.955545 6.91467e-39 3
-0.43583 0.341933 0.978994 8.11322e-39 3
-0.367927 0.299651 0.857935 8.11358e-39 3
-0.35972 0.304563 0.872 8.39052e-39 3
-0.376327 0.331756 0.949857 8.48271e-39 3
-0.360816 0.331756 0.949857 9.58906e-39 3
-0.345306 0.331756 0.949857 6.6388e-39 3
-0.329795 0.331756 0.949857 8.39052e-39 3
-0.318071 0.335753 0.961301 6.45513e-39 3
-0.306061 0.339848 0.973024 8.66963e-39 3
-0.288413 0.337788 0.967127 7.74767e-39 3
-0.264602 0.327853 0.938682 9.03588e-39 3
-0.252242 0.331756 0.949857 8.85149e-39 3
-0.239583 0.335753 0.961301 9.03588e-39 3
-0.222545 0.333742 0.955545 8.57455e-39 3
-0.20571 0.331756 0.949857 8.57455e-39 3
-0.190199 0.331756 0.949857 8.85113e-39 3
-0.173655 0.329793 0.944237 1.07876e-38 3
-0.158236 0.329793 0.944237 9.03588e-39 3
-0.140327 0.324041 0.927767 8.85113e-39 3
-0.118952 0.307928 0.881635 9.4965e-39 3
-0.109391 0.322168 0.922404 9.22028e-39 3
-0.099505 0.339848 0.973024 9.31391e-39 3
-0.0826086 0.335753 0.961301 8.85329e-39 3
-0.0694203 0.348344 0.99735 1.00497e-38 3
-0.0531342 0.348344 0.99735 1.04185e-38 3
-0.0368481 0.348344 0.99735 9.68089e-39 3
-0.0205619 0.348344 0.99735 9.86528e-39 3
-0.00427578 0.348344 0.99735 9.77488e-39 3
0.0117174 0.339848 0.973024 9.4061e-39 3
0.0251524 0.309639 0.886533 9.59049e-39 3
0.039629 0.309639 0.886533 9.86708e-39 3
0.0541056 0.309639 0.886533 9.59014e-39 3
0.0685821 0.309639 0.886533 1.01433e-38 3
0.0922874 0.344043 0.985037 9.31355e-39 3
0.111116 0.352753 1.00997 9.12916e-39 3
0.126013 0.348344 0.99735 8.66711e-39 3
0.142299 0.348344 0.99735 9.68126e-39 3
0.156628 0.344043 0.985037 8.7593e-39 3
0.170607 0.339848 0.973024 9.86565e-39 3
0.182055 0.331756 0.949857 1.02348e-38 3
0.190753 0.320316 0.917103 8.94333e-39 3
0.190409 0.296463 0.848808 1.00497e-38 3
0.200014 0.290286 0.831125 9.77237e-39 3
0.213585 0.290286 0.831125 9.4965e-39 3
0.229548 0.293342 0.839874 8.85113e-39 3
0.248494 0.299651 0.857935 9.68161e-39 3
0.271254 0.309639 0.886533 8.75966e-39 3
0.295583 0.320316 0.917103 7.19198e-39 3
0.310559 0.320316 0.917103 8.94369e-39 3
0.325535 0.320316 0.917103 8.20613e-39 3
0.336641 0.316676 0.906682 7.09978e-39 3
0.347498 0.313118 0.896494 7.46929e-39 3
0.362137 0.313118 0.896494 8.29761e-39 3
0.376776 0.313118 0.896494 6.82211e-39 3
0.391416 0.313118 0.896494 9.12772e-39 3
0.42022 0.324041 0.927767 8.02209e-39 3
0.420694 0.313118 0.896494 6.54768e-39 3
0.435333 0.313118 0.896494 7.09978e-39 3
0.394557 0.274557 0.786089 9.127e-39 3
0.40941 0.275916 0.78998 7.83698e-39 3
0.433029 0.282919 0.81003 6.54768e-39 3
0.441771 0.280075 0.801889 6.63952e-39 3
0.450339 0.277289 0.79391 6.45406e-39 3
0.46101 0.275916 0.78998 7.46821e-39 3
0.506507 0.294894 0.844317 8.75858e-39 3
0.528686 0.299651 0.857935 5.80832e-39 3
0.548594 0.302908 0.867261 5.80832e-39 3
0.595099 0.320316 0.917103 6.45441e-39 3
0.639476 0.335753 0.961301 5.99272e-39 3
0.655173 0.335753 0.961301 6.54589e-39 3
0.655085 0.327853 0.938682 7.0065e-39 3
0.647558 0.316676 0.906682 5.90052e-39 3
0.633566 0.302908 0.867261 6.36222e-39 3
0.620739 0.290286 0.831125 6.54733e-39 3
0.596998 0.273211 0.782235 4.33464e-39 3
0.609772 0.273211 0.782235 5.07113e-39 3
0.566961 0.248817 0.712393 5.71613e-39 3
1.07361 0.43543 1.24669 4.98001e-39 3
0.869679 0.327853 0.938682 5.25587e-39 3
0.845232 0.313118 0.896494 4.24136e-39 3
0.831832 0.302908 0.867261 5.43991e-39 3
0.836897 0.299651 0.857935 4.24244e-39 3
0.841854 0.296463 0.848808 4.70234e-39 3
0.837887 0.290286 0.831125 4.42504e-39 3
0.851459 0.290286 0.831125 3.50272e-39 3
0.865031 0.290286 0.831125 3.50272e-39 3
0.878603 0.290286 0.831125 5.71613e-39 3
0.882977 0.287294 0.822557 4.79346e-39 3
0.905746 0.290286 0.831125 4.79346e-39 3
0.919318 0.290286 0.831125 5.53102e-39 3
0.93289 0.290286 0.831125 4.33248e-39 3
0.946462 0.290286 0.831125 3.77858e-39 3
0.970139 0.293342 0.839874 3.96297e-39 3
-0.742279 0.300726 0.822557 3.22757e-39 3
-0.728847 0.300726 0.822557 3.50343e-39 3
-0.715415 0.300726 0.822557 2.95026e-39 3
-0.691293 0.296146 0.81003 5.71649e-39 3
-0.579591 0.29317 0.801889 5.34806e-39 3
-0.632021 0.351451 0.961301 4.7027e-39 3
-0.616323 0.351451 0.961301 5.44026e-39 3
-0.60795 0.355736 0.973024 5.80904e-39 3
-0.606863 0.36463 0.99735 5.71684e-39 3
-0.590577 0.36463 0.99735 6.63808e-39 3
-0.574291 0.36463 0.99735 6.54661e-39 3
-0.558004 0.36463 0.99735 5.90232e-39 3
-0.509853 0.343181 0.938682 6.91503e-39 3
-0.451985 0.31366 0.857935 6.6388e-39 3
-0.428755 0.307057 0.839874 7.37637e-39 3
-0.41504 0.307057 0.839874 7.65224e-39 3
-0.397145 0.303858 0.831125 8.02102e-39 3
-0.438369 0.347267 0.949857 8.29761e-39 3
-0.373896 0.307057 0.839874 7.74444e-39 3
-0.353918 0.31366 0.857935 5.90124e-39 3
-0.347379 0.320554 0.876791 8.11393e-39 3
-0.336762 0.324115 0.886533 8.94369e-39 3
-0.322285 0.324115 0.886533 8.85149e-39 3
-0.314804 0.331482 0.906682 7.28417e-39 3
-0.303447 0.335292 0.917103 7.74587e-39 3
-0.288471 0.335292 0.917103 7.93206e-39 3
-0.273495 0.335292 0.917103 7.47108e-39 3
-0.255582 0.331482 0.906682 9.49686e-39 3
-0.249274 0.343181 0.938682 8.48271e-39 3
-0.235331 0.345212 0.944237 8.57491e-39 3
-0.219912 0.345212 0.944237 9.58906e-39 3
-0.204493 0.345212 0.944237 9.77309e-39 3
-0.183641 0.335292 0.917103 9.49686e-39 3
-0.170626 0.339191 0.927767 1.04188e-38 3
-0.156386 0.341174 0.933193 9.03588e-39 3
-0.137137 0.331482 0.906682 9.95748e-39 3
-0.134565 0.36463 0.99735 1.00497e-38 3
-0.11198 0.345212 0.944237 9.58906e-39 3
-0.095993 0.343181 0.938682 9.22172e-39 3
-0.0797269 0.339191 0.927767 9.31427e-39 3
-0.0638348 0.335292 0.917103 1.02344e-38 3
-0.0472304 0.324115 0.886533 1.06954e-38 3
-0.0323939 0.320554 0.876791 9.86565e-39 3
-0.0180764 0.320554 0.876791 9.77381e-39 3
-0.00375893 0.320554 0.876791 9.68269e-39 3
0.010114 0.307057 0.839874 9.59049e-39 3
0.0228659 0.29465 0.805939 9.12951e-39 3
0.0356661 0.291704 0.79788 9.95927e-39 3
0.0529294 0.317069 0.867261 9.77453e-39 3
0.0670912 0.317069 0.867261 9.59014e-39 3
0.0859228 0.335292 0.917103 9.22136e-39 3
0.108373 0.360128 0.985037 9.95892e-39 3
0.126013 0.36463 0.99735 9.12808e-39 3
0.142299 0.36463 0.99735 9.77346e-39 3
0.156628 0.360128 0.985037 9.95785e-39 3
0.168551 0.351451 0.961301 9.68125e-39 3
0.177821 0.339191 0.927767 9.866e-39 3
0.176548 0.310323 0.848808 8.66746e-39 3
0.18452 0.300726 0.822557 9.86529e-39 3
0.193953 0.29465 0.805939 9.40431e-39 3
0.209226 0.297657 0.814163 9.31211e-39 3
0.227157 0.303858 0.831125 9.40431e-39 3
0.245851 0.310323 0.848808 8.85149e-39 3
0.265357 0.317069 0.867261 7.10013e-39 3
0.285731 0.324115 0.886533 6.82319e-39 3
0.30703 0.331482 0.906682 7.83735e-39 3
0.321836 0.331482 0.906682 9.12809e-39 3
0.325543 0.320554 0.876791 1.13408e-38 3
0.332552 0.31366 0.857935 8.48272e-39 3
0.33227 0.300726 0.822557 6.3615e-39 3
0.342175 0.297657 0.814163 7.0065e-39 3
0.34836 0.291704 0.79788 6.82283e-39 3
0.357811 0.288816 0.78998 7.46856e-39 3
0.382059 0.297657 0.814163 7.93062e-39 3
0.395354 0.297657 0.814163 8.20613e-39 3
0.379598 0.276497 0.756284 6.08455e-39 3
0.399521 0.28184 0.770898 7.376e-39 3
0.424411 0.290253 0.79391 5.25587e-39 3
0.43521 0.288816 0.78998 7.1005e-39 3
0.44811 0.288816 0.78998 7.09943e-39 3
0.45649 0.285984 0.782235 8.20541e-39 3
0.47391 0.288816 0.78998 8.02102e-39 3
0.491678 0.291704 0.79788 7.74443e-39 3
0.49971 0.288816 0.78998 7.37565e-39 3
0.493082 0.277813 0.759886 6.27002e-39 3
0.564643 0.310323 0.848808 7.56076e-39 3
0.584724 0.31366 0.857935 6.54589e-39 3
0.598734 0.31366 0.857935 6.54589e-39 3
0.587476 0.300726 0.822557 7.09906e-39 3
0.571451 0.285984 0.782235 7.28417e-39 3
0.578553 0.283208 0.774641 5.53318e-39 3
0.543695 0.26045 0.712393 7.65404e-39 3
0.536178 0.251469 0.687827 6.73064e-39 3
0.73699 0.307057 0.839874 4.05805e-39 3
0.834711 0.335292 0.917103 5.07148e-39 3
0.830592 0.327757 0.896494 6.8232e-39 3
0.81767 0.317069 0.867261 6.36186e-39 3
0.822887 0.31366 0.857935 7.92919e-39 3
0.827994 0.310323 0.848808 3.87258e-39 3
0.832992 0.307057 0.839874 5.99343e-39 3
0.837887 0.303858 0.831125 3.59563e-39 3
0.842681 0.300726 0.822557 4.42467e-39 3
0.847377 0.297657 0.814163 4.51759e-39 3
0.843458 0.291704 0.79788 4.33319e-39 3
0.865139 0.29465 0.805939 3.59491e-39 3
0.887262 0.297657 0.814163 5.80761e-39 3
0.90984 0.300726 0.822557 5.62322e-39 3
0.93289 0.303858 0.831125 5.43882e-39 3
0.946462 0.303858 0.831125 3.50199e-39 3
0.960033 0.303858 0.831125 3.87078e-39 3
-0.742279 0.314158 0.822557 3.04317e-39 3
-0.72141 0.310952 0.814163 4.88637e-39 3
-0.700962 0.307811 0.805939 5.34699e-39 3
-0.69482 0.310952 0.814163 4.51795e-39 3
-0.60173 0.29161 0.763521 3.68783e-39 3
-0.575495 0.284797 0.745682 2.0283e-39 3
-0.563318 0.284797 0.745682 4.88637e-39 3
-0.553729 0.286134 0.749183 5.62465e-39 3
-0.519543 0.274534 0.718811 3.87293e-39 3
-0.623839 0.371625 0.973024 4.97856e-39 3
-0.623149 0.380916 0.99735 5.62393e-39 3
-0.606863 0.380916 0.99735 5.62393e-39 3
-0.590577 0.380916 0.99735 6.45369e-39 3
-0.574291 0.380916 0.99735 7.09978e-39 3
-0.537836 0.367148 0.961301 5.90232e-39 3
-0.503924 0.35434 0.927767 7.00687e-39 3
-0.451985 0.32767 0.857935 6.45369e-39 3
-0.428755 0.320771 0.839874 6.45369e-39 3
-0.410717 0.31743 0.831125 7.28345e-39 3
-0.397145 0.31743 0.831125 7.46856e-39 3
-0.430678 0.356413 0.933193 8.75858e-39 3
-0.370001 0.31743 0.831125 6.4537e-39 3
-0.356429 0.31743 0.831125 6.63845e-39 3
-0.342858 0.31743 0.831125 7.92954e-39 3
-0.336292 0.324184 0.848808 9.68054e-39 3
-0.325898 0.32767 0.857935 9.22028e-39 3
-0.315279 0.331231 0.867261 9.68126e-39 3
-0.304426 0.334871 0.876791 7.65403e-39 3
-0.293332 0.338592 0.886533 9.3132e-39 3
-0.285193 0.346287 0.906682 8.20685e-39 3
-0.267349 0.342396 0.896494 8.85257e-39 3
-0.241841 0.32767 0.857935 1.02344e-38 3
-0.235426 0.338592 0.886533 8.85257e-39 3
-0.205004 0.314158 0.822557 7.93062e-39 3
-0.191573 0.314158 0.822557 7.00758e-39 3
-0.179996 0.31743 0.831125 6.91539e-39 3
-0.169965 0.324184 0.848808 8.02174e-39 3
-0.166748 0.346287 0.906682 7.46964e-39 3
-0.153689 0.350268 0.917103 6.91647e-39 3
-0.134839 0.340484 0.891486 7.46784e-39 3
-0.129701 0.367148 0.961301 8.48235e-39 3
-0.116102 0.373905 0.978994 7.74623e-39 3
-0.095993 0.358509 0.938682 8.94513e-39 3
-0.0797269 0.35434 0.927767 8.85257e-39 3
-0.061707 0.338592 0.886533 9.49686e-39 3
-0.0467114 0.334871 0.876791 8.94369e-39 3
-0.0316973 0.32767 0.857935 8.39052e-39 3
-0.0171349 0.31743 0.831125 8.57526e-39 3
-0.00349044 0.310952 0.814163 1.09723e-38 3
0.00906442 0.287484 0.752717 1.0327e-38 3
0.0207681 0.279571 0.732 1.09724e-38 3
0.0327212 0.279571 0.732 1.01426e-38 3
0.045088 0.28216 0.738778 9.77345e-39 3
0.0629836 0.310952 0.814163 9.31247e-39 3
0.0803794 0.32767 0.857935 9.40467e-39 3
0.100899 0.350268 0.917103 9.58906e-39 3
0.124458 0.376213 0.985037 9.31248e-39 3
0.140543 0.376213 0.985037 9.77345e-39 3
0.154718 0.371625 0.973024 8.85149e-39 3
0.162671 0.35434 0.927767 9.31247e-39 3
0.164437 0.32767 0.857935 9.68233e-39 3
0.171088 0.314158 0.822557 8.94369e-39 3
0.178984 0.304733 0.79788 9.12808e-39 3
0.192013 0.304733 0.79788 9.21956e-39 3
0.207113 0.307811 0.805939 8.20613e-39 3
0.222521 0.310952 0.814163 9.86565e-39 3
0.245851 0.324184 0.848808 1.005e-38 3
0.265357 0.331231 0.867261 9.77453e-39 3
0.285731 0.338592 0.886533 9.86673e-39 3
0.300207 0.338592 0.886533 9.68198e-39 3
0.314684 0.338592 0.886533 1.03266e-38 3
0.322005 0.331231 0.867261 8.85113e-39 3
0.318838 0.314158 0.822557 1.0511e-38 3
0.32888 0.310952 0.814163 9.95713e-39 3
0.335331 0.304733 0.79788 8.85041e-39 3
0.341529 0.298758 0.782235 6.36185e-39 3
0.340933 0.287484 0.752717 9.22028e-39 3
0.346683 0.28216 0.738778 8.94442e-39 3
0.358747 0.28216 0.738778 7.56148e-39 3
0.374276 0.284797 0.745682 9.31176e-39 3
0.390099 0.287484 0.752717 9.86493e-39 3
0.41817 0.298758 0.782235 8.39052e-39 3
0.433066 0.300229 0.786089 9.95784e-39 3
0.445903 0.300229 0.786089 7.37565e-39 3
0.452058 0.295857 0.774641 8.3898e-39 3
0.466975 0.2973 0.778419 7.00687e-39 3
0.48681 0.301716 0.78998 7.83734e-39 3
0.487639 0.294428 0.770898 6.63952e-39 3
0.48843 0.287484 0.752717 7.65368e-39 3
0.473897 0.272083 0.712393 5.99308e-39 3
0.48553 0.272083 0.712393 5.34807e-39 3
0.497163 0.272083 0.712393 7.56004e-39 3
0.508796 0.272083 0.712393 8.02102e-39 3
0.520429 0.272083 0.712393 5.16296e-39 3
0.532062 0.272083 0.712393 7.00759e-39 3
0.529511 0.264985 0.693809 6.27074e-39 3
0.531596 0.260455 0.681949 4.70342e-39 3
0.496091 0.238072 0.623344 6.08527e-39 3
0.510256 0.239947 0.628252 5.99308e-39 3
0.530967 0.244765 0.640867 4.88637e-39 3
0.547499 0.242815 0.635761 4.33356e-39 3
0.686412 0.298758 0.782235 4.98001e-39 3
0.819735 0.350268 0.917103 6.36294e-39 3
0.780858 0.32767 0.857935 5.1644e-39 3
0.794868 0.32767 0.857935 5.25551e-39 3
0.800273 0.324184 0.848808 5.99308e-39 3
0.814133 0.324184 0.848808 6.54554e-39 3
0.819278 0.320771 0.839874 5.07112e-39 3
0.824315 0.31743 0.831125 6.45369e-39 3
0.829249 0.314158 0.822557 5.25515e-39 3
0.834082 0.310952 0.814163 5.16296e-39 3
0.838818 0.307811 0.805939 4.88637e-39 3
0.843458 0.304733 0.79788 4.5183e-39 3
0.856487 0.304733 0.79788 4.79417e-39 3
0.887262 0.310952 0.814163 4.70198e-39 3
0.919318 0.31743 0.831125 4.88637e-39 3
0.93289 0.31743 0.831125 5.16224e-39 3
0.956424 0.320771 0.839874 4.33248e-39 3
0.973605 0.31743 0.831125 3.59491e-39 3
-0.700962 0.320971 0.805939 4.14845e-39 3
-0.687802 0.320971 0.805939 4.79454e-39 3
-0.632721 0.307016 0.770898 4.7027e-39 3
-0.614198 0.304078 0.763521 4.51758e-39 3
-0.561436 0.283716 0.712393 3.4098e-39 3
-0.564935 0.291524 0.732 7.0987e-39 3
-0.550457 0.290193 0.728657 7.74478e-39 3
-0.541029 0.291524 0.732 7.19233e-39 3
-0.514904 0.283716 0.712393 6.36185e-39 3
-0.507805 0.286272 0.718811 6.82283e-39 3
-0.639435 0.397202 0.99735 4.70198e-39 3
-0.631037 0.40223 1.00997 5.62393e-39 3
-0.614545 0.40223 1.00997 5.16295e-39 3
-0.598052 0.40223 1.00997 6.54589e-39 3
-0.574291 0.397202 0.99735 6.08563e-39 3
-0.551116 0.392298 0.985037 4.42683e-39 3
-0.503924 0.36949 0.927767 5.16296e-39 3
-0.451985 0.341679 0.857935 5.07076e-39 3
-0.42209 0.329287 0.826819 4.51759e-39 3
-0.390384 0.314616 0.78998 5.99343e-39 3
-0.414412 0.345393 0.867261 6.91539e-39 3
-0.416079 0.359053 0.901559 7.28345e-39 3
-0.358789 0.320971 0.805939 7.37565e-39 3
-0.342172 0.317762 0.79788 8.20613e-39 3
-0.329143 0.317762 0.79788 8.20613e-39 3
-0.322566 0.324247 0.814163 9.21956e-39 3
-0.309271 0.324247 0.814163 9.49615e-39 3
-0.311889 0.341679 0.857935 9.40467e-39 3
-0.301117 0.345393 0.867261 8.2994e-39 3
-0.290109 0.349189 0.876791 7.74515e-39 3
-0.272793 0.345393 0.867261 8.57491e-39 3
-0.218294 0.291524 0.732 7.28417e-39 3
-0.201715 0.284988 0.715587 8.94405e-39 3
-0.209785 0.314616 0.78998 8.48379e-39 3
-0.194955 0.311531 0.782235 1.00511e-38 3
-0.182182 0.311531 0.782235 1.02355e-38 3
-0.169408 0.311531 0.782235 9.86565e-39 3
-0.158186 0.314616 0.78998 9.22136e-39 3
-0.152853 0.331002 0.831125 9.95892e-39 3
-0.151943 0.361093 0.906682 8.85258e-39 3
-0.140327 0.36949 0.927767 9.31247e-39 3
-0.126649 0.373837 0.938682 9.95784e-39 3
-0.118279 0.397202 0.99735 9.95892e-39 3
-0.095993 0.373837 0.938682 8.85294e-39 3
-0.0797269 0.36949 0.927767 9.12808e-39 3
-0.0638348 0.365243 0.917103 9.03696e-39 3
-0.0457068 0.341679 0.857935 8.76038e-39 3
-0.0307067 0.331002 0.831125 1.00511e-38 3
-0.016127 0.311531 0.782235 1.02355e-38 3
-0.00322701 0.299775 0.752717 8.66746e-39 3
0.0087348 0.288874 0.725345 9.7738e-39 3
0.0203939 0.286272 0.718811 9.49686e-39 3
0.0321316 0.286272 0.718811 1.02344e-38 3
0.0438694 0.286272 0.718811 9.86565e-39 3
0.0571518 0.294224 0.738778 9.22028e-39 3
0.0762784 0.324247 0.814163 9.22028e-39 3
0.0933848 0.338044 0.848808 9.86565e-39 3
0.121459 0.382845 0.961301 1.02344e-38 3
0.137156 0.382845 0.961301 9.95784e-39 3
0.147521 0.36949 0.927767 9.31283e-39 3
0.150427 0.341679 0.857935 1.04188e-38 3
0.157656 0.327589 0.822557 9.49794e-39 3
0.167632 0.320971 0.805939 1.08809e-38 3
0.177212 0.314616 0.78998 1.13408e-38 3
0.190112 0.314616 0.78998 1.11564e-38 3
0.203012 0.314616 0.78998 1.10642e-38 3
0.220274 0.320971 0.805939 1.06032e-38 3
0.240729 0.331002 0.831125 1.05121e-38 3
0.262504 0.341679 0.857935 1.05121e-38 3
0.279519 0.345393 0.867261 8.48416e-39 3
0.300207 0.353069 0.886533 9.77418e-39 3
0.307843 0.345393 0.867261 1.005e-38 3
0.305407 0.327589 0.822557 9.86528e-39 3
0.315585 0.324247 0.814163 9.77309e-39 3
0.322302 0.317762 0.79788 9.68018e-39 3
0.325564 0.308507 0.774641 1.01412e-38 3
0.328641 0.299775 0.752717 9.03588e-39 3
0.331549 0.291524 0.732 9.58906e-39 3
0.324171 0.275118 0.690805 9.221e-39 3
0.331151 0.271591 0.681949 9.40612e-39 3
0.34083 0.270436 0.679047 9.22028e-39 3
0.386453 0.296974 0.745682 9.12736e-39 3
0.41411 0.308507 0.774641 9.21956e-39 3
0.430943 0.311531 0.782235 8.94369e-39 3
0.443717 0.311531 0.782235 8.94297e-39 3
0.445569 0.304078 0.763521 1.01415e-38 3
0.464708 0.308507 0.774641 9.77309e-39 3
0.475051 0.307016 0.770898 9.40575e-39 3
0.473903 0.298368 0.749183 8.11537e-39 3
0.462264 0.283716 0.712393 8.20685e-39 3
0.469703 0.281205 0.706088 7.83807e-39 3
0.472864 0.276315 0.693809 8.11393e-39 3
0.484193 0.276315 0.693809 7.92954e-39 3
0.495523 0.276315 0.693809 7.65152e-39 3
0.511299 0.278738 0.699895 8.75858e-39 3
0.518182 0.276315 0.693809 6.6388e-39 3
0.524947 0.273933 0.687827 6.45513e-39 3
0.531596 0.271591 0.681949 4.79561e-39 3
0.520489 0.26046 0.654 6.54733e-39 3
0.51842 0.254209 0.638304 6.91504e-39 3
0.533108 0.256259 0.643452 7.28382e-39 3
0.543615 0.256259 0.643452 7.00687e-39 3
0.554122 0.256259 0.643452 6.63845e-39 3
0.557881 0.253197 0.635761 5.80977e-39 3
0.699186 0.311531 0.782235 5.16476e-39 3
0.711959 0.311531 0.782235 7.10051e-39 3
0.770028 0.331002 0.831125 6.82392e-39 3
0.7836 0.331002 0.831125 4.70162e-39 3
0.797172 0.331002 0.831125 4.33248e-39 3
0.810744 0.331002 0.831125 5.90052e-39 3
0.815817 0.327589 0.822557 4.60978e-39 3
0.820788 0.324247 0.814163 5.80832e-39 3
0.825657 0.320971 0.805939 5.71613e-39 3
0.83043 0.317762 0.79788 7.19198e-39 3
0.835107 0.314616 0.78998 6.17782e-39 3
0.848007 0.314616 0.78998 5.90052e-39 3
0.878299 0.320971 0.805939 5.90052e-39 3
0.900556 0.324247 0.814163 5.34734e-39 3
0.952738 0.338044 0.848808 5.34735e-39 3
0.956424 0.334486 0.839874 5.71541e-39 3
0.96506 0.332735 0.835476 4.97785e-39 3
0.983854 0.334486 0.839874 3.68747e-39 3
-0.714123 0.334132 0.805939 4.14881e-39 3
-0.700962 0.334132 0.805939 3.9637e-39 3
-0.687802 0.334132 0.805939 5.71613e-39 3
-0.661282 0.327515 0.78998 3.96441e-39 3
-0.551586 0.290167 0.699895 3.40979e-39 3
-0.549803 0.295349 0.712393 7.65115e-39 3
-0.531058 0.291445 0.702978 7.19017e-39 3
-0.528898 0.296673 0.715587 8.75893e-39 3
-0.510347 0.292735 0.706088 5.80867e-39 3
-0.503271 0.295349 0.712393 4.70233e-39 3
-0.496067 0.29801 0.718811 5.16331e-39 3
-0.503924 0.38464 0.927767 5.53246e-39 3
-0.43786 0.344574 0.831125 5.99343e-39 3
-0.433316 0.351905 0.848808 6.54661e-39 3
-0.398271 0.334132 0.805939 7.83734e-39 3
-0.373783 0.324305 0.782235 7.83734e-39 3
-0.350695 0.315039 0.759886 9.03589e-39 3
-0.312953 0.291445 0.702978 7.00758e-39 3
-0.302807 0.292735 0.706088 7.46856e-39 3
-0.282526 0.28394 0.684875 8.7593e-39 3
-0.270183 0.282727 0.681949 9.68018e-39 3
-0.27806 0.303478 0.732 8.02102e-39 3
-0.267333 0.304876 0.735373 7.1927e-39 3
-0.249575 0.29801 0.718811 8.11465e-39 3
-0.22857 0.286399 0.690805 8.20721e-39 3
-0.246049 0.324305 0.782235 9.58906e-39 3
-0.214361 0.29801 0.718811 1.02341e-38 3
-0.19643 0.2889 0.696838 9.40502e-39 3
-0.192621 0.300719 0.725345 1.00511e-38 3
-0.179148 0.29801 0.718811 1.00511e-38 3
-0.16741 0.29801 0.718811 1.06032e-38 3
-0.14582 0.279148 0.673316 1.11564e-38 3
-0.149315 0.30915 0.745682 1.17106e-38 3
-0.138433 0.312067 0.752717 1.13426e-38 3
-0.137845 0.341021 0.822557 1.16184e-38 3
-0.129764 0.355689 0.857935 1.20794e-38 3
-0.125177 0.38464 0.927767 1.02362e-38 3
-0.111321 0.389165 0.938682 9.86744e-39 3
-0.095993 0.389165 0.938682 9.59014e-39 3
-0.0797269 0.38464 0.927767 8.94369e-39 3
-0.0597164 0.355689 0.857935 9.58906e-39 3
-0.0442785 0.344574 0.831125 9.12808e-39 3
-0.0289004 0.324305 0.782235 1.00504e-38 3
-0.0155184 0.312067 0.752717 1.00504e-38 3
-0.00308165 0.29801 0.718811 1.05114e-38 3
0.00857882 0.295349 0.712393 9.40502e-39 3
0.0200329 0.292735 0.706088 9.68126e-39 3
0.0318447 0.295349 0.712393 1.07876e-38 3
0.0434777 0.295349 0.712393 1.11564e-38 3
0.0556071 0.29801 0.718811 1.04188e-38 3
0.0718777 0.318068 0.767192 1.04199e-38 3
0.0877817 0.330791 0.79788 1.02355e-38 3
0.108399 0.355689 0.857935 1.02344e-38 3
0.12791 0.371675 0.896494 1.03266e-38 3
0.136418 0.355689 0.857935 1.08809e-38 3
0.145726 0.344574 0.831125 1.02355e-38 3
0.154471 0.334132 0.805939 9.68233e-39 3
0.167632 0.334132 0.805939 9.86672e-39 3
0.175475 0.324305 0.782235 1.02355e-38 3
0.18642 0.321156 0.774641 1.04188e-38 3
0.19907 0.321156 0.774641 1.005e-38 3
0.211719 0.321156 0.774641 1.005e-38 3
0.226568 0.324305 0.782235 9.03697e-39 3
0.249111 0.337541 0.814163 9.95892e-39 3
0.262406 0.337541 0.814163 9.5905e-39 3
0.267511 0.327515 0.78998 8.48415e-39 3
0.224774 0.262532 0.633238 9.49687e-39 3
0.287616 0.321156 0.774641 1.01415e-38 3
0.244485 0.261495 0.630735 8.94261e-39 3
0.309906 0.318068 0.767192 8.02066e-39 3
0.31635 0.312067 0.752717 8.85113e-39 3
0.319596 0.303478 0.732 8.29832e-39 3
0.304969 0.279148 0.673316 5.43954e-39 3
0.320015 0.282727 0.681949 5.44098e-39 3
0.328345 0.280331 0.676169 5.1644e-39 3
0.336534 0.277975 0.670487 9.58871e-39 3
0.382875 0.306288 0.738778 9.5887e-39 3
0.398629 0.30915 0.745682 9.12772e-39 3
0.422656 0.318068 0.767192 8.94333e-39 3
0.431039 0.315039 0.759886 9.58906e-39 3
0.435159 0.30915 0.745682 8.48235e-39 3
0.439128 0.303478 0.732 9.12772e-39 3
0.44698 0.300719 0.725345 9.22028e-39 3
0.450631 0.295349 0.712393 7.10122e-39 3
0.458173 0.292735 0.706088 8.11466e-39 3
0.461535 0.287644 0.693809 9.40432e-39 3
0.464781 0.282727 0.681949 9.77346e-39 3
0.475917 0.282727 0.681949 8.48271e-39 3
0.487052 0.282727 0.681949 9.03481e-39 3
0.498188 0.282727 0.681949 8.20505e-39 3
0.513715 0.285164 0.687827 7.37565e-39 3
0.52046 0.282727 0.681949 7.46856e-39 3
0.514022 0.273381 0.659405 8.02174e-39 3
0.512093 0.266767 0.643452 8.11393e-39 3
0.522601 0.266767 0.643452 6.73028e-39 3
0.533108 0.266767 0.643452 7.46749e-39 3
0.545816 0.267847 0.646057 6.73028e-39 3
0.560112 0.264633 0.638304 7.37602e-39 3
0.570536 0.264633 0.638304 6.82284e-39 3
0.705047 0.321156 0.774641 6.73065e-39 3
0.717696 0.321156 0.774641 7.19091e-39 3
0.744808 0.327515 0.78998 6.82176e-39 3
0.765285 0.330791 0.79788 5.80833e-39 3
0.786176 0.334132 0.805939 8.02102e-39 3
0.799336 0.334132 0.805939 7.83663e-39 3
0.812497 0.334132 0.805939 5.71613e-39 3
0.809308 0.327515 0.78998 6.17711e-39 3
0.814147 0.324305 0.782235 6.91467e-39 3
0.82692 0.324305 0.782235 7.00615e-39 3
0.839694 0.324305 0.782235 5.90052e-39 3
0.860907 0.327515 0.78998 6.1771e-39 3
0.873807 0.327515 0.78998 5.80832e-39 3
0.952738 0.351905 0.848808 6.63809e-39 3
0.975272 0.350043 0.844317 5.53174e-39 3
0.983854 0.348201 0.839874 4.51687e-39 3
-0.613445 0.309747 0.718811 3.13465e-39 3
-0.596335 0.306982 0.712393 2.95026e-39 3
-0.54679 0.298974 0.693809 6.26786e-39 3
-0.530844 0.296396 0.687827 7.4664e-39 3
-0.519612 0.296396 0.687827 5.62249e-39 3
-0.510581 0.297679 0.690805 6.91502e-39 3
-0.501472 0.298974 0.693809 3.2272e-39 3
-0.498818 0.304265 0.706088 4.51794e-39 3
-0.491638 0.306982 0.712393 5.3477e-39 3
-0.433375 0.34382 0.79788 7.28417e-39 3
-0.375309 0.306982 0.712393 7.00759e-39 3
-0.363676 0.306982 0.712393 7.65295e-39 3
-0.352043 0.306982 0.712393 9.12808e-39 3
-0.337397 0.304265 0.706088 7.74515e-39 3
-0.3202 0.298974 0.693809 9.12773e-39 3
-0.307534 0.297679 0.690805 9.03589e-39 3
-0.297541 0.298974 0.693809 1.06954e-38 3
-0.288722 0.301596 0.699895 8.48271e-39 3
-0.265642 0.288924 0.670487 8.94261e-39 3
-0.254694 0.288924 0.670487 8.85078e-39 3
-0.247912 0.293863 0.681949 8.11466e-39 3
-0.243007 0.301596 0.699895 9.58906e-39 3
-0.22564 0.293863 0.681949 9.86673e-39 3
-0.211789 0.290143 0.673316 9.95784e-39 3
-0.205122 0.296396 0.687827 1.02341e-38 3
-0.19389 0.296396 0.687827 1.00511e-38 3
-0.179562 0.291373 0.676169 9.77453e-39 3
-0.167104 0.288924 0.670487 8.85258e-39 3
-0.156156 0.288924 0.670487 1.08798e-38 3
-0.1446 0.287715 0.667682 1.04188e-38 3
-0.133697 0.287715 0.667682 1.05121e-38 3
-0.133399 0.312563 0.725345 1.05128e-38 3
-0.126141 0.324358 0.752717 1.06965e-38 3
-0.124413 0.354453 0.822557 9.95892e-39 3
-0.115755 0.369698 0.857935 9.86817e-39 3
-0.111321 0.404494 0.938682 1.01433e-38 3
-0.095993 0.404494 0.938682 1.13408e-38 3
-0.0797269 0.39979 0.927767 1.08798e-38 3
-0.0597164 0.369698 0.857935 1.07876e-38 3
-0.0429367 0.347292 0.805939 1.12486e-38 3
-0.0280747 0.327447 0.759886 9.9582e-39 3
-0.0148194 0.309747 0.718811 1.09723e-38 3
-0.0030271 0.304265 0.706088 1.02348e-38 3
0.00835503 0.298974 0.693809 1.06036e-38 3
0.0196845 0.298974 0.693809 1.1433e-38 3
0.0312861 0.301596 0.699895 1.04188e-38 3
0.0430929 0.304265 0.706088 1.08798e-38 3
0.0551106 0.306982 0.712393 1.07876e-38 3
0.0673449 0.309747 0.718811 1.04199e-38 3
0.0844055 0.330596 0.767192 1.05121e-38 3
0.100811 0.34382 0.79788 1.08798e-38 3
0.122408 0.369698 0.857935 1.11564e-38 3
0.134966 0.365765 0.848808 1.03277e-38 3
0.142752 0.350836 0.814163 1.08809e-38 3
0.154471 0.347292 0.805939 1.02362e-38 3
0.167632 0.347292 0.805939 1.00511e-38 3
0.173771 0.333805 0.774641 1.03277e-38 3
0.179451 0.321327 0.745682 1.13408e-38 3
0.189854 0.318351 0.738778 9.68125e-39 3
0.200065 0.315431 0.732 1.08798e-38 3
0.202719 0.301596 0.699895 1.04199e-38 3
0.206889 0.291373 0.676169 9.12916e-39 3
0.208638 0.265498 0.616123 8.48415e-39 3
0.220401 0.267564 0.620918 1.06032e-38 3
0.22788 0.264477 0.613754 1.20776e-38 3
0.238821 0.265498 0.616123 1.06021e-38 3
0.251799 0.268609 0.623344 1.04177e-38 3
0.26404 0.270724 0.628252 1.23546e-38 3
0.272156 0.268609 0.623344 1.06029e-38 3
0.289111 0.275056 0.638304 1.05103e-38 3
0.298341 0.27396 0.635761 1.13415e-38 3
0.312457 0.277274 0.643452 7.74587e-39 3
0.32038 0.275056 0.638304 6.08527e-39 3
0.315951 0.254681 0.591022 7.56039e-39 3
0.375694 0.293863 0.681949 9.21956e-39 3
0.422982 0.321327 0.745682 7.56076e-39 3
0.412053 0.304265 0.706088 8.11357e-39 3
0.423583 0.304265 0.706088 8.20576e-39 3
0.435113 0.304265 0.706088 7.83734e-39 3
0.446643 0.304265 0.706088 6.91611e-39 3
0.446324 0.296396 0.687827 7.46821e-39 3
0.453645 0.293863 0.681949 8.29797e-39 3
0.460842 0.291373 0.676169 8.11393e-39 3
0.467918 0.288924 0.670487 9.31247e-39 3
0.478867 0.288924 0.670487 8.48164e-39 3
0.489815 0.288924 0.670487 8.66603e-39 3
0.484479 0.279528 0.648683 9.31176e-39 3
0.495072 0.279528 0.648683 9.49687e-39 3
0.493625 0.272873 0.633238 8.57491e-39 3
0.496091 0.268609 0.623344 1.005e-38 3
0.514305 0.272873 0.633238 8.66639e-39 3
0.516448 0.268609 0.623344 7.83663e-39 3
0.532872 0.271794 0.630735 6.26931e-39 3
0.543171 0.271794 0.630735 7.00687e-39 3
0.54913 0.269662 0.625788 6.45406e-39 3
0.561551 0.270724 0.628252 6.82284e-39 3
0.637016 0.301596 0.699895 7.37602e-39 3
0.642806 0.298974 0.693809 5.90017e-39 3
0.659874 0.301596 0.699895 6.54517e-39 3
0.677243 0.304265 0.706088 6.54589e-39 3
0.694923 0.306982 0.712393 6.82248e-39 3
0.712922 0.309747 0.718811 7.37565e-39 3
0.724659 0.309747 0.718811 7.83663e-39 3
0.756853 0.318351 0.738778 7.19126e-39 3
0.814147 0.337078 0.782235 6.73028e-39 3
0.82692 0.337078 0.782235 6.45369e-39 3
0.808007 0.324358 0.752717 7.09906e-39 3
0.797721 0.315431 0.732 6.54589e-39 3
0.802314 0.312563 0.725345 5.99271e-39 3
0.952738 0.365765 0.848808 4.70198e-39 3
0.966599 0.365765 0.848808 4.79417e-39 3
0.98046 0.365765 0.848808 4.3332e-39 3
0.99432 0.365765 0.848808 5.34735e-39 3
-0.587003 0.307628 0.687827 2.85735e-39 3
-0.585873 0.313025 0.699895 5.90016e-39 3
-0.532888 0.302414 0.676169 7.92774e-39 3
-0.498607 0.288946 0.646057 5.71468e-39 3
-0.480279 0.284341 0.635761 7.00542e-39 3
-0.469898 0.284341 0.635761 2.48963e-39 3
-0.459516 0.284341 0.635761 5.44025e-39 3
-0.490142 0.310303 0.693809 5.62428e-39 3
-0.487287 0.315795 0.706088 5.90087e-39 3
-0.323267 0.283213 0.633238 8.02174e-39 3
-0.316697 0.286625 0.640867 6.45441e-39 3
-0.306858 0.297374 0.6649 8.11358e-39 3
-0.292347 0.293702 0.656691 7.65295e-39 3
-0.282787 0.294916 0.659405 1.01422e-38 3
-0.26979 0.292499 0.654 1.02344e-38 3
-0.254931 0.287781 0.643452 9.21956e-39 3
-0.244424 0.287781 0.643452 8.66711e-39 3
-0.232045 0.285479 0.638304 8.94442e-39 3
-0.231822 0.298618 0.667682 1.01422e-38 3
-0.216392 0.292499 0.654 9.49687e-39 3
-0.207413 0.294916 0.659405 1.10635e-38 3
-0.202503 0.303701 0.679047 9.86493e-39 3
-0.192233 0.304999 0.681949 8.85257e-39 3
-0.179562 0.302414 0.676169 9.22136e-39 3
-0.166405 0.298618 0.667682 1.00511e-38 3
-0.155502 0.298618 0.667682 1.13408e-38 3
-0.1434 0.29614 0.662141 1.005e-38 3
-0.132039 0.294916 0.659405 1.01433e-38 3
-0.119787 0.291305 0.651331 1.09731e-38 3
-0.118327 0.315795 0.706088 9.77453e-39 3
-0.11385 0.33665 0.752717 1.03266e-38 3
-0.110981 0.367885 0.822557 1.09731e-38 3
-0.111321 0.419822 0.938682 1.08798e-38 3
-0.0971358 0.42482 0.949857 1.03263e-38 3
-0.0816252 0.42482 0.949857 1.0972e-38 3
-0.0638348 0.410171 0.917103 1.08798e-38 3
-0.0416739 0.349851 0.782235 9.49686e-39 3
-0.0247718 0.299873 0.670487 1.09724e-38 3
-0.0138231 0.299873 0.670487 1.09723e-38 3
0.0302255 0.302414 0.676169 1.11564e-38 3
0.0416197 0.304999 0.681949 1.13408e-38 3
0.0532103 0.307628 0.687827 1.11564e-38 3
0.066153 0.315795 0.706088 1.09731e-38 3
0.077683 0.315795 0.706088 1.03277e-38 3
0.089213 0.315795 0.706088 1.01433e-38 3
0.11384 0.356848 0.79788 1.10653e-38 3
0.12815 0.360453 0.805939 1.10642e-38 3
0.14131 0.360453 0.805939 1.12486e-38 3
0.154471 0.360453 0.805939 1.0605e-38 3
0.167632 0.360453 0.805939 1.2356e-38 3
0.13768 0.274499 0.613754 1.09731e-38 3
0.150598 0.279881 0.625788 1.18018e-38 3
0.186358 0.272403 0.609069 1.1895e-38 3
0.207039 0.273447 0.611402 1.1895e-38 3
0.217023 0.273447 0.611402 1.30003e-38 3
0.226141 0.272403 0.609069 1.26301e-38 3
0.236086 0.272403 0.609069 1.30911e-38 3
0.246975 0.273447 0.611402 1.18007e-38 3
0.257947 0.274499 0.613754 1.07865e-38 3
0.267969 0.274499 0.613754 1.09709e-38 3
0.284558 0.280983 0.628252 1.15252e-38 3
0.294817 0.280983 0.628252 1.0511e-38 3
0.308722 0.284341 0.635761 1.15252e-38 3
0.317838 0.283213 0.633238 1.21698e-38 3
0.320546 0.276627 0.618512 9.68018e-39 3
0.319501 0.267302 0.597663 1.06943e-38 3
0.326812 0.265315 0.593219 6.82247e-39 3
0.388017 0.297374 0.6649 7.92954e-39 3
0.405635 0.302414 0.676169 8.8515e-39 3
0.416676 0.302414 0.676169 8.66711e-39 3
0.427718 0.302414 0.676169 8.66783e-39 3
0.438759 0.302414 0.676169 6.36186e-39 3
0.442304 0.297374 0.6649 8.94334e-39 3
0.445732 0.292499 0.654 8.48236e-39 3
0.44905 0.287781 0.643452 8.11393e-39 3
0.452263 0.283213 0.633238 8.02102e-39 3
0.462603 0.283213 0.633238 8.02102e-39 3
0.461945 0.276627 0.618512 8.39052e-39 3
0.472045 0.276627 0.618512 7.19198e-39 3
0.478436 0.274499 0.613754 7.46856e-39 3
0.488458 0.274499 0.613754 7.65296e-39 3
0.487237 0.268307 0.59991 8.02102e-39 3
0.498909 0.26932 0.602174 9.03517e-39 3
0.508742 0.26932 0.602174 8.57419e-39 3
0.536806 0.278788 0.623344 8.20541e-39 3
0.540649 0.275559 0.616123 7.28382e-39 3
0.554996 0.277703 0.620918 6.26967e-39 3
0.567342 0.278788 0.623344 6.54626e-39 3
0.584369 0.282094 0.630735 5.62394e-39 3
0.594669 0.282094 0.630735 7.09835e-39 3
0.600224 0.279881 0.625788 5.99272e-39 3
0.61771 0.283213 0.633238 5.43954e-39 3
0.623105 0.280983 0.628252 5.80832e-39 3
0.633364 0.280983 0.628252 3.78002e-39 3
0.736397 0.321485 0.718811 5.62393e-39 3
0.783424 0.33665 0.752717 5.71613e-39 3
1.75721 0.743434 1.66225 4.60978e-39 3
0.785768 0.327384 0.732 4.14844e-39 3
0.790469 0.324408 0.725345 5.71577e-39 3
0.781013 0.315795 0.706088 6.72992e-39 3
0.94271 0.37563 0.839874 6.63809e-39 3
0.951417 0.373663 0.835476 5.34735e-39 3
0.970139 0.37563 0.839874 6.17747e-39 3
0.983854 0.37563 0.839874 5.43991e-39 3
0.929108 0.349851 0.782235 4.88673e-39 3
-0.486782 0.292393 0.630735 5.25371e-39 3
-0.472745 0.2901 0.625788 2.67223e-39 3
-0.455383 0.28562 0.616123 4.97892e-39 3
-0.44361 0.284521 0.613754 6.82354e-39 3
-0.423807 0.278103 0.59991 7.7455e-39 3
-0.46664 0.313455 0.676169 6.27002e-39 3
-0.344713 0.28562 0.616123 7.56076e-39 3
-0.338574 0.288967 0.623344 8.7593e-39 3
-0.330981 0.291242 0.628252 6.54661e-39 3
-0.324555 0.294723 0.635761 7.46856e-39 3
-0.31543 0.295902 0.638304 7.92954e-39 3
-0.307467 0.298288 0.643452 9.31247e-39 3
-0.300596 0.301941 0.651331 9.6809e-39 3
-0.275945 0.298288 0.643452 8.02173e-39 3
-0.262266 0.294723 0.635761 9.12808e-39 3
-0.249893 0.292393 0.630735 7.65295e-39 3
-0.239593 0.292393 0.630735 7.65368e-39 3
-0.228391 0.291242 0.628252 8.11502e-39 3
-0.220739 0.294723 0.635761 9.31212e-39 3
-0.211199 0.295902 0.638304 8.11321e-39 3
-0.204041 0.300713 0.648683 8.57419e-39 3
-0.195836 0.304426 0.656691 9.77345e-39 3
-0.189002 0.310821 0.670487 1.06047e-38 3
-0.175837 0.306952 0.662141 9.95857e-39 3
-0.163666 0.304426 0.656691 1.08809e-38 3
-0.153575 0.305684 0.659405 1.08798e-38 3
-0.142219 0.304426 0.656691 1.08802e-38 3
-0.130957 0.303178 0.654 1.00511e-38 3
-0.118817 0.299496 0.646057 1.03277e-38 3
-0.106542 0.294723 0.635761 1.08798e-38 3
-0.0957784 0.293553 0.633238 1.17096e-38 3
-0.0975495 0.381317 0.822557 1.13404e-38 3
-0.0983061 0.445635 0.961301 1.08787e-38 3
-0.0826086 0.445635 0.961301 1.22624e-38 3
-0.0661146 0.44033 0.949857 1.10642e-38 3
0.0409202 0.310821 0.670487 1.18018e-38 3
0.0518688 0.310821 0.670487 1.10642e-38 3
0.0628175 0.310821 0.670487 1.06965e-38 3
0.138212 0.28562 0.616123 1.2356e-38 3
0.151789 0.292393 0.630735 1.22627e-38 3
0.166466 0.282349 0.609069 1.06954e-38 3
0.177088 0.283431 0.611402 1.07887e-38 3
0.186358 0.282349 0.609069 1.19872e-38 3
0.197814 0.284521 0.613754 1.20801e-38 3
0.207039 0.283431 0.611402 1.15262e-38 3
0.216195 0.282349 0.609069 1.2262e-38 3
0.225281 0.281276 0.606753 1.20769e-38 3
0.236086 0.282349 0.609069 1.50272e-38 3
0.246032 0.282349 0.609069 1.41974e-38 3
0.255978 0.282349 0.609069 1.33669e-38 3
0.266942 0.283431 0.611402 1.40123e-38 3
0.283442 0.2901 0.625788 1.23542e-38 3
0.294817 0.291242 0.628252 1.08798e-38 3
0.306282 0.292393 0.630735 1.11564e-38 3
0.315335 0.291242 0.628252 1.18007e-38 3
0.315652 0.282349 0.609069 1.35513e-38 3
0.318309 0.276028 0.595433 1.18007e-38 3
0.313973 0.264198 0.569914 1.14315e-38 3
0.326781 0.267059 0.576087 8.482e-39 3
0.330227 0.262324 0.565872 9.58906e-39 3
0.376889 0.291242 0.628252 7.83735e-39 3
0.390221 0.293553 0.633238 8.39052e-39 3
0.420589 0.308231 0.6649 9.22028e-39 3
0.431446 0.308231 0.6649 8.66675e-39 3
0.435053 0.303178 0.654 7.83699e-39 3
0.438543 0.298288 0.643452 8.29797e-39 3
0.441923 0.293553 0.633238 6.8232e-39 3
0.445196 0.288967 0.623344 8.02174e-39 3
0.451845 0.286727 0.618512 8.11393e-39 3
0.454893 0.282349 0.609069 7.65296e-39 3
0.457848 0.278103 0.59991 8.11393e-39 3
0.464155 0.276028 0.595433 7.37601e-39 3
0.473878 0.276028 0.595433 7.92954e-39 3
0.487237 0.278103 0.59991 7.37565e-39 3
0.495171 0.277062 0.597663 8.20541e-39 3
0.522545 0.286727 0.618512 9.77274e-39 3
0.536806 0.288967 0.623344 8.3898e-39 3
0.54913 0.2901 0.625788 6.91504e-39 3
0.554996 0.287842 0.620918 7.5604e-39 3
0.569567 0.2901 0.625788 8.11358e-39 3
0.584369 0.292393 0.630735 6.3615e-39 3
0.594669 0.292393 0.630735 5.80761e-39 3
0.597879 0.288967 0.623344 5.71613e-39 3
0.601015 0.28562 0.616123 5.99343e-39 3
0.608725 0.284521 0.613754 5.90124e-39 3
0.618747 0.284521 0.613754 7.19198e-39 3
0.638594 0.288967 0.623344 7.37637e-39 3
0.764721 0.330248 0.712393 6.82211e-39 3
0.756101 0.321633 0.693809 5.16151e-39 3
0.735454 0.308231 0.6649 5.71469e-39 3
0.93289 0.385289 0.831125 7.00615e-39 3
0.750912 0.305684 0.659405 5.07076e-39 3
0.720025 0.288967 0.623344 5.34771e-39 3
0.730204 0.288967 0.623344 3.87366e-39 3
0.789741 0.308231 0.6649 5.25659e-39 3
-0.489345 0.297982 0.620918 6.36113e-39 3
-0.477348 0.296827 0.618512 5.90015e-39 3
-0.470899 0.299146 0.623344 7.92846e-39 3
-0.453632 0.294543 0.613754 8.57419e-39 3
-0.44361 0.294543 0.613754 5.81012e-39 3
-0.425407 0.288986 0.602174 7.46964e-39 3
-0.421942 0.293415 0.611402 5.99343e-39 3
-0.411959 0.293415 0.611402 5.44026e-39 3
-0.397407 0.290081 0.604454 7.19198e-39 3
-0.386074 0.288986 0.602174 8.20613e-39 3
-0.379102 0.291183 0.606753 5.71757e-39 3
-0.36503 0.287899 0.59991 9.22136e-39 3
-0.356575 0.288986 0.602174 7.56076e-39 3
-0.343387 0.294543 0.613754 7.74515e-39 3
-0.334652 0.29568 0.616123 7.5604e-39 3
-0.325849 0.296827 0.618512 9.40467e-39 3
-0.32199 0.302693 0.630735 8.66711e-39 3
-0.312927 0.303894 0.633238 9.12808e-39 3
-0.271565 0.303894 0.633238 7.83842e-39 3
-0.23679 0.286821 0.597663 1.06039e-38 3
-0.1927 0.279494 0.582394 9.95713e-39 3
-0.189002 0.32177 0.670487 1.08809e-38 3
-0.175837 0.317765 0.662141 1.03273e-38 3
-0.163666 0.315149 0.656691 1.04195e-38 3
-0.153575 0.316451 0.659405 9.77309e-39 3
-0.142219 0.315149 0.656691 1.15248e-38 3
-0.130957 0.313858 0.654 9.9582e-39 3
-0.1193 0.311306 0.648683 1.1894e-38 3
-0.105699 0.302693 0.630735 1.25393e-38 3
-0.0946516 0.300319 0.625788 1.22624e-38 3
-0.082177 0.292295 0.609069 1.06021e-38 3
-0.0597759 0.280517 0.584527 1.32758e-38 3
-0.0504156 0.281549 0.586676 1.13404e-38 3
-0.041138 0.283634 0.591022 1.09716e-38 3
0.135594 0.290081 0.604454 1.17106e-38 3
0.150598 0.300319 0.625788 1.21716e-38 3
0.157725 0.294543 0.613754 1.19861e-38 3
0.165833 0.291183 0.606753 1.0972e-38 3
0.176412 0.292295 0.609069 1.19861e-38 3
0.186358 0.292295 0.609069 1.21705e-38 3
0.197056 0.293415 0.611402 1.22638e-38 3
0.205465 0.291183 0.606753 1.26315e-38 3
0.214557 0.290081 0.604454 1.13401e-38 3
0.224427 0.290081 0.604454 1.25382e-38 3
0.234298 0.290081 0.604454 1.27223e-38 3
0.244168 0.290081 0.604454 1.39208e-38 3
0.25308 0.288986 0.602174 1.27226e-38 3
0.263909 0.290081 0.604454 1.68714e-38 3
0.276926 0.293415 0.611402 1.19861e-38 3
0.288014 0.294543 0.613754 9.86565e-39 3
0.298036 0.294543 0.613754 1.00493e-38 3
0.304544 0.291183 0.606753 1.15237e-38 3
0.300731 0.278477 0.580276 1.33669e-38 3
0.308465 0.268706 0.559916 1.13393e-38 3
0.319852 0.270605 0.563873 1.04174e-38 3
0.325608 0.267767 0.557958 1.06025e-38 3
0.344352 0.275472 0.574014 1.03266e-38 3
0.356288 0.277468 0.578174 1.01422e-38 3
0.400561 0.303894 0.633238 1.03259e-38 3
0.424374 0.313858 0.654 1.02337e-38 3
0.431516 0.311306 0.648683 1.01422e-38 3
0.431582 0.303894 0.633238 9.77418e-39 3
0.435018 0.299146 0.623344 1.05107e-38 3
0.438347 0.294543 0.613754 9.31248e-39 3
0.441576 0.290081 0.604454 7.28417e-39 3
0.444708 0.285751 0.595433 7.65296e-39 3
0.451065 0.283634 0.591022 8.66711e-39 3
0.447458 0.275472 0.574014 6.73172e-39 3
0.456832 0.275472 0.574014 8.94334e-39 3
0.466205 0.275472 0.574014 9.31248e-39 3
0.482521 0.279494 0.582394 8.11322e-39 3
0.510669 0.290081 0.604454 9.21956e-39 3
0.528547 0.294543 0.613754 8.02102e-39 3
0.53857 0.294543 0.613754 6.63809e-39 3
0.536218 0.287899 0.59991 9.21993e-39 3
0.546014 0.287899 0.59991 6.36222e-39 3
0.55581 0.287899 0.59991 7.46856e-39 3
0.5877 0.299146 0.623344 5.80832e-39 3
0.590954 0.29568 0.616123 5.25515e-39 3
0.594133 0.292295 0.609069 6.17783e-39 3
0.604079 0.292295 0.609069 8.29833e-39 3
0.614024 0.292295 0.609069 6.08563e-39 3
0.62397 0.292295 0.609069 5.99343e-39 3
0.633916 0.292295 0.609069 8.11393e-39 3
1.75721 0.797721 1.66225 5.62537e-39 3
0.611777 0.273504 0.569914 6.54661e-39 3
0.616678 0.271565 0.565872 6.17639e-39 3
0.630389 0.273504 0.569914 6.17674e-39 3
0.673364 0.287899 0.59991 4.14916e-39 3
0.68316 0.287899 0.59991 4.24172e-39 3
0.667849 0.277468 0.578174 5.16439e-39 3
0.67729 0.277468 0.578174 4.05733e-39 3
0.707231 0.285751 0.595433 3.87294e-39 3
2.74491 1.09402 2.27966 6.73064e-39 3
-0.482584 0.297696 0.59991 8.39016e-39 3
-0.47637 0.299951 0.604454 4.05696e-39 3
-0.4665 0.299951 0.604454 6.54624e-39 3
-0.461878 0.303399 0.611402 1.08791e-38 3
-0.446759 0.299951 0.604454 5.25587e-39 3
-0.436888 0.299951 0.604454 6.36329e-39 3
-0.423807 0.297696 0.59991 5.62573e-39 3
-0.415573 0.298819 0.602174 7.09978e-39 3
-0.40574 0.298819 0.602174 6.731e-39 3
-0.394419 0.297696 0.59991 8.20613e-39 3
-0.384623 0.297696 0.59991 6.91539e-39 3
-0.374826 0.297696 0.59991 7.19305e-39 3
-0.359622 0.293285 0.591022 9.12916e-39 3
-0.34868 0.292203 0.588841 7.65295e-39 3
-0.338185 0.299951 0.604454 8.48272e-39 3
-0.320875 0.302241 0.609069 8.94369e-39 3
-0.306839 0.308121 0.620918 8.66711e-39 3
-0.223402 0.279813 0.563873 8.94442e-39 3
-0.213441 0.278828 0.561887 6.73172e-39 3
-0.204987 0.279813 0.563873 8.85222e-39 3
-0.187233 0.280805 0.565872 1.12486e-38 3
-0.172966 0.323212 0.651331 1.0143e-38 3
-0.16233 0.323212 0.651331 1.17096e-38 3
-0.152316 0.324537 0.654 1.07872e-38 3
-0.141058 0.323212 0.651331 1.1156e-38 3
-0.130422 0.323212 0.651331 1.19858e-38 3
-0.118817 0.320595 0.646057 1.1894e-38 3
-0.104054 0.308121 0.620918 1.15252e-38 3
-0.093551 0.306927 0.618512 1.34602e-38 3
-0.0818646 0.301091 0.606753 1.43807e-38 3
-0.0708787 0.296581 0.597663 1.38257e-38 3
-0.0597759 0.290062 0.584527 1.40123e-38 3
-0.041138 0.293285 0.591022 1.31843e-38 3
0.0410126 0.26308 0.530153 1.19858e-38 3
0.122026 0.291129 0.586676 1.17106e-38 3
0.12923 0.285874 0.576087 1.1895e-38 3
0.146575 0.302241 0.609069 1.13419e-38 3
0.162739 0.295474 0.595433 1.13408e-38 3
0.176412 0.302241 0.609069 1.21705e-38 3
0.185649 0.301091 0.606753 1.27237e-38 3
0.195557 0.301091 0.606753 1.20794e-38 3
0.203914 0.298819 0.602174 1.31847e-38 3
0.212944 0.297696 0.59991 1.24464e-38 3
0.22274 0.297696 0.59991 1.15241e-38 3
0.232536 0.297696 0.59991 1.05096e-38 3
0.240524 0.295474 0.595433 1.23535e-38 3
0.249317 0.294376 0.593219 1.11553e-38 3
0.259004 0.294376 0.593219 1.17085e-38 3
0.269693 0.295474 0.595433 1.22627e-38 3
0.278378 0.294376 0.593219 1.1433e-38 3
0.286998 0.293285 0.591022 1.21698e-38 3
0.284025 0.280805 0.565872 1.16159e-38 3
0.292229 0.279813 0.563873 1.32747e-38 3
0.299322 0.277849 0.559916 1.34602e-38 3
0.304195 0.274004 0.552166 1.22613e-38 3
0.315395 0.275913 0.556014 1.16159e-38 3
0.321117 0.273059 0.550262 1.24464e-38 3
0.331245 0.274004 0.552166 9.40467e-39 3
0.343831 0.276878 0.557958 9.86565e-39 3
0.352942 0.276878 0.557958 9.21956e-39 3
0.404481 0.309324 0.623344 9.77273e-39 3
0.424612 0.316748 0.638304 8.8515e-39 3
0.424839 0.309324 0.623344 9.3132e-39 3
0.428325 0.304566 0.613754 9.8653e-39 3
0.419008 0.291129 0.586676 9.58906e-39 3
0.428588 0.291129 0.586676 8.94369e-39 3
0.422631 0.280805 0.565872 9.77346e-39 3
0.431871 0.280805 0.565872 8.66711e-39 3
0.438005 0.278828 0.561887 8.20685e-39 3
0.44718 0.278828 0.561887 7.37637e-39 3
0.450017 0.274955 0.554083 9.86565e-39 3
0.462275 0.276878 0.557958 7.56076e-39 3
0.492031 0.289004 0.582394 8.75858e-39 3
0.528547 0.304566 0.613754 9.49615e-39 3
0.526421 0.297696 0.59991 7.74443e-39 3
0.513072 0.284845 0.574014 6.54625e-39 3
0.511407 0.278828 0.561887 7.74515e-39 3
0.531818 0.284845 0.574014 6.54661e-39 3
0.5877 0.309324 0.623344 6.27002e-39 3
0.593244 0.306927 0.618512 8.20541e-39 3
0.594133 0.302241 0.609069 7.09978e-39 3
0.604079 0.302241 0.609069 7.28417e-39 3
0.604791 0.297696 0.59991 7.56076e-39 3
0.61 0.295474 0.595433 7.56076e-39 3
0.576687 0.274955 0.554083 7.65296e-39 3
0.585735 0.274955 0.554083 7.74587e-39 3
0.598942 0.276878 0.557958 5.07148e-39 3
0.608053 0.276878 0.557958 5.62321e-39 3
0.621511 0.278828 0.561887 6.08455e-39 3
0.630686 0.278828 0.561887 4.79417e-39 3
0.639861 0.278828 0.561887 5.90124e-39 3
0.644498 0.276878 0.557958 8.02246e-39 3
0.653609 0.276878 0.557958 6.08563e-39 3
0.658118 0.274955 0.554083 4.97928e-39 3
0.716954 0.295474 0.595433 3.87258e-39 3
-0.46926 0.305197 0.595433 7.00687e-39 3
-0.457829 0.304063 0.593219 3.68782e-39 3
-0.456629 0.309821 0.604454 5.71685e-39 3
-0.441739 0.30634 0.597663 6.08563e-39 3
-0.43198 0.30634 0.597663 5.90196e-39 3
-0.419081 0.304063 0.593219 6.08635e-39 3
-0.412461 0.30634 0.597663 6.36222e-39 3
-0.404215 0.307492 0.59991 6.8232e-39 3
-0.394419 0.307492 0.59991 7.56076e-39 3
-0.358295 0.301819 0.588841 7.37745e-39 3
-0.267314 0.277264 0.540936 9.86565e-39 3
-0.250497 0.278207 0.542775 7.83842e-39 3
-0.240814 0.277264 0.540936 7.19305e-39 3
-0.23277 0.278207 0.542775 9.95892e-39 3
-0.226215 0.281075 0.548371 1.04195e-38 3
-0.218764 0.28302 0.552166 9.12881e-39 3
-0.211948 0.285989 0.557958 8.76003e-39 3
-0.203549 0.286992 0.559916 1.16181e-38 3
-0.107896 0.300709 0.586676 1.18018e-38 3
-0.0994124 0.304063 0.593219 1.28152e-38 3
-0.0884109 0.299607 0.584527 1.34591e-38 3
-0.0782923 0.297428 0.580276 1.54853e-38 3
-0.0688167 0.297428 0.580276 1.64962e-38 3
-0.0591261 0.296351 0.578174 1.39179e-38 3
-0.0405374 0.298514 0.582394 1.33684e-38 3
0.0230849 0.264702 0.516427 1.30936e-38 3
0.0316201 0.265561 0.518104 1.22638e-38 3
0.0403424 0.267297 0.52149 1.12486e-38 3
0.0485408 0.265561 0.518104 1.04188e-38 3
0.128304 0.293164 0.571957 1.19872e-38 3
0.13914 0.296351 0.578174 1.03277e-38 3
0.148045 0.295281 0.576087 1.10642e-38 3
0.158022 0.296351 0.578174 1.24471e-38 3
0.172462 0.305197 0.595433 1.16174e-38 3
0.184248 0.308652 0.602174 1.29081e-38 3
0.194081 0.308652 0.602174 1.21705e-38 3
0.203148 0.307492 0.59991 1.24471e-38 3
0.211355 0.305197 0.595433 1.09713e-38 3
0.220256 0.304063 0.593219 1.07869e-38 3
0.231665 0.30634 0.597663 1.03259e-38 3
0.23963 0.304063 0.593219 1.2262e-38 3
0.247477 0.301819 0.588841 1.16166e-38 3
0.256147 0.300709 0.586676 1.1801e-38 3
0.266708 0.301819 0.588841 1.23549e-38 3
0.274299 0.299607 0.584527 1.2723e-38 3
0.282808 0.298514 0.582394 1.19854e-38 3
0.2912 0.288003 0.561887 1.11557e-38 3
0.298275 0.285989 0.557958 1.18925e-38 3
0.304195 0.28302 0.552166 1.48428e-38 3
0.313212 0.28302 0.552166 1.39212e-38 3
0.321117 0.282044 0.550262 1.20776e-38 3
0.333553 0.284992 0.556014 9.68126e-39 3
0.332215 0.276327 0.539108 1.19862e-38 3
0.336471 0.272643 0.53192 9.49615e-39 3
0.345157 0.272643 0.53192 8.94297e-39 3
0.353843 0.272643 0.53192 1.1894e-38 3
0.411965 0.309821 0.604454 9.58978e-39 3
0.409428 0.300709 0.586676 8.02174e-39 3
0.40415 0.290045 0.565872 9.49687e-39 3
0.407609 0.285989 0.557958 8.11393e-39 3
0.419654 0.288003 0.561887 9.58906e-39 3
0.425831 0.285989 0.557958 1.03266e-38 3
0.431922 0.284003 0.554083 9.12881e-39 3
0.440969 0.284003 0.554083 9.3132e-39 3
0.446914 0.282044 0.550262 8.94369e-39 3
0.452777 0.280112 0.546493 9.77345e-39 3
0.468113 0.284003 0.554083 8.85078e-39 3
0.487313 0.290045 0.565872 7.83663e-39 3
0.493057 0.288003 0.561887 7.65224e-39 3
0.491841 0.282044 0.550262 8.29797e-39 3
0.497396 0.280112 0.546493 8.20685e-39 3
0.50632 0.280112 0.546493 8.02246e-39 3
0.508281 0.276327 0.539108 5.62465e-39 3
0.517084 0.276327 0.539108 6.731e-39 3
0.576529 0.302936 0.591022 7.92919e-39 3
0.594995 0.307492 0.59991 7.28382e-39 3
0.59145 0.300709 0.586676 8.11358e-39 3
0.563725 0.282044 0.550262 7.19162e-39 3
0.57271 0.282044 0.550262 6.36186e-39 3
0.585735 0.284003 0.554083 5.99416e-39 3
0.594783 0.284003 0.554083 4.51903e-39 3
0.608053 0.285989 0.557958 6.17711e-39 3
0.617164 0.285989 0.557958 7.74371e-39 3
0.621926 0.284003 0.554083 5.90052e-39 3
0.630974 0.284003 0.554083 5.90124e-39 3
0.635608 0.282044 0.550262 6.63952e-39 3
0.644594 0.282044 0.550262 5.25587e-39 3
0.649103 0.280112 0.546493 5.99343e-39 3
0.667166 0.284003 0.554083 4.79489e-39 3
2.78214 1.16847 2.27966 4.97856e-39 3
-0.46342 0.304688 0.576087 7.19126e-39 3
-0.454013 0.304688 0.576087 6.45441e-39 3
-0.446217 0.305792 0.578174 6.36221e-39 3
-0.448142 0.313749 0.593219 6.54661e-39 3
-0.435219 0.311434 0.588841 6.82392e-39 3
-0.428768 0.313749 0.593219 5.90196e-39 3
-0.415988 0.311434 0.588841 8.39124e-39 3
-0.279299 0.280394 0.530153 1.06029e-38 3
-0.262859 0.281329 0.53192 9.49687e-39 3
-0.254173 0.281329 0.53192 8.85149e-39 3
-0.247134 0.283217 0.53549 9.86673e-39 3
-0.23839 0.283217 0.53549 9.22136e-39 3
-0.229646 0.283217 0.53549 1.11575e-38 3
-0.214315 0.286097 0.540936 1.06039e-38 3
-0.209025 0.29103 0.550262 1.06961e-38 3
-0.201428 0.293051 0.554083 1.14337e-38 3
-0.182068 0.29103 0.550262 1.09731e-38 3
-0.173083 0.29103 0.550262 1.26326e-38 3
-0.126412 0.28707 0.542775 1.18939e-38 3
-0.121261 0.296135 0.559916 1.11564e-38 3
-0.111726 0.2951 0.557958 1.1801e-38 3
-0.10407 0.299286 0.565872 1.13401e-38 3
-0.0948296 0.299286 0.565872 1.25386e-38 3
-0.0855892 0.299286 0.565872 1.30903e-38 3
-0.0766206 0.300351 0.567886 1.24435e-38 3
-0.0675879 0.301424 0.569914 1.52065e-38 3
-0.0584904 0.302504 0.571957 1.44704e-38 3
-0.0489751 0.301424 0.569914 1.41056e-38 3
-0.0398109 0.302504 0.571957 1.3184e-38 3
0.014942 0.278543 0.526653 1.18947e-38 3
0.0232352 0.274914 0.519791 1.13419e-38 3
0.0318268 0.275812 0.52149 1.17106e-38 3
0.0406078 0.277627 0.524921 1.26315e-38 3
0.0491795 0.277627 0.524921 1.41988e-38 3
0.0575618 0.276717 0.5232 1.18957e-38 3
0.0674319 0.28227 0.533699 1.19879e-38 3
0.155211 0.300351 0.567886 1.11564e-38 3
0.183555 0.317288 0.59991 1.17096e-38 3
0.193352 0.317288 0.59991 1.29074e-38 3
0.201632 0.31492 0.595433 1.32762e-38 3
0.231665 0.3161 0.597663 1.1894e-38 3
0.238742 0.312587 0.591022 1.16174e-38 3
0.247477 0.311434 0.588841 1.11564e-38 3
0.255209 0.309152 0.584527 1.1894e-38 3
0.275763 0.300351 0.567886 1.20776e-38 3
0.279077 0.294072 0.556014 1.13401e-38 3
0.287156 0.293051 0.554083 1.17096e-38 3
0.29315 0.29003 0.548371 1.16166e-38 3
0.302105 0.29003 0.548371 1.21698e-38 3
0.311059 0.29003 0.548371 1.27226e-38 3
0.318918 0.289036 0.546493 1.17088e-38 3
0.290934 0.2497 0.472118 1.20783e-38 3
0.298643 0.2497 0.472118 1.05103e-38 3
0.309096 0.251936 0.476346 1.09716e-38 3
0.319738 0.254213 0.480651 1.12486e-38 3
0.339871 0.263746 0.498675 1.13419e-38 3
0.352419 0.267084 0.504987 9.95785e-39 3
0.393001 0.29103 0.550262 9.95784e-39 3
0.399233 0.289036 0.546493 9.77345e-39 3
0.410972 0.29103 0.550262 9.03589e-39 3
0.417081 0.289036 0.546493 7.65296e-39 3
0.428943 0.29103 0.550262 9.221e-39 3
0.434929 0.289036 0.546493 9.12916e-39 3
0.434916 0.283217 0.53549 9.49794e-39 3
0.423752 0.270508 0.511461 8.2072e-39 3
0.40124 0.251186 0.474928 9.86493e-39 3
0.429445 0.263746 0.498675 7.92882e-39 3
0.443127 0.267084 0.504987 6.91467e-39 3
0.451373 0.267084 0.504987 9.03553e-39 3
0.471557 0.274021 0.518104 8.02246e-39 3
0.480018 0.274021 0.518104 7.37709e-39 3
0.482215 0.270508 0.511461 8.29905e-39 3
0.484358 0.267084 0.504987 6.8232e-39 3
0.489506 0.265404 0.501811 8.66639e-39 3
0.4977 0.265404 0.501811 7.46785e-39 3
0.529192 0.277627 0.524921 6.63809e-39 3
0.563725 0.29103 0.550262 7.92883e-39 3
0.57271 0.29103 0.550262 7.19162e-39 3
0.581695 0.29103 0.550262 6.45514e-39 3
0.598942 0.2951 0.557958 7.00903e-39 3
0.612335 0.297178 0.561887 6.36186e-39 3
0.617164 0.2951 0.557958 7.65152e-39 3
0.621926 0.293051 0.554083 5.71613e-39 3
0.626623 0.29103 0.550262 5.53246e-39 3
0.631255 0.289036 0.546493 7.00831e-39 3
0.640179 0.289036 0.546493 5.34806e-39 3
0.644687 0.28707 0.542775 5.90124e-39 3
0.658026 0.289036 0.546493 6.54661e-39 3
2.63175 1.14052 2.15643 5.34735e-39 3
-0.322585 0.289051 0.530153 8.39159e-39 3
-0.312888 0.288094 0.528397 9.77346e-39 3
-0.299305 0.283402 0.519791 1.03263e-38 3
-0.290817 0.283402 0.519791 7.09978e-39 3
-0.282329 0.283402 0.519791 9.68126e-39 3
-0.275637 0.28526 0.5232 9.8653e-39 3
-0.267093 0.28526 0.5232 9.68126e-39 3
-0.258549 0.28526 0.5232 8.66711e-39 3
-0.250006 0.28526 0.5232 8.66746e-39 3
-0.244671 0.289051 0.530153 9.49794e-39 3
-0.232919 0.28526 0.5232 8.20721e-39 3
-0.206884 0.296943 0.544628 1.0143e-38 3
-0.197991 0.296943 0.544628 1.10642e-38 3
-0.178982 0.29493 0.540936 1.02355e-38 3
-0.170149 0.29493 0.540936 9.86673e-39 3
-0.159692 0.291961 0.53549 1.1894e-38 3
-0.148948 0.288094 0.528397 1.11564e-38 3
-0.124715 0.291961 0.53549 1.05121e-38 3
-0.117549 0.295933 0.542775 1.28155e-38 3
-0.107951 0.293934 0.539108 1.15248e-38 3
-0.0925327 0.301053 0.552166 1.23535e-38 3
-0.0840981 0.303151 0.556014 1.31833e-38 3
-0.0744996 0.301053 0.552166 1.29978e-38 3
-0.0659394 0.303151 0.556014 1.42867e-38 3
-0.0576637 0.307436 0.563873 1.40101e-38 3
0.014942 0.287143 0.526653 1.11564e-38 3
0.0233876 0.28526 0.5232 1.25404e-38 3
0.0322484 0.288094 0.528397 1.20794e-38 3
0.0410126 0.289051 0.530153 1.35535e-38 3
0.0496697 0.289051 0.530153 1.34613e-38 3
0.292146 0.29796 0.546493 1.23546e-38 3
0.313212 0.301053 0.552166 1.17088e-38 3
0.290934 0.257409 0.472118 1.24471e-38 3
0.299529 0.258173 0.473519 1.21698e-38 3
0.308176 0.258942 0.474928 1.17092e-38 3
0.317823 0.260492 0.477772 1.13408e-38 3
0.329572 0.26365 0.483564 1.15252e-38 3
0.329481 0.257409 0.472118 1.18025e-38 3
0.343284 0.262061 0.480651 1.1433e-38 3
0.346953 0.258942 0.474928 1.19862e-38 3
0.361157 0.26365 0.483564 1.15252e-38 3
0.369053 0.26365 0.483564 1.0972e-38 3
0.406514 0.284328 0.52149 1.07887e-38 3
0.379102 0.259715 0.476346 1.07887e-38 3
0.384584 0.258173 0.473519 9.22136e-39 3
0.397029 0.261274 0.479207 9.95892e-39 3
0.40124 0.258942 0.474928 9.40467e-39 3
0.426777 0.2702 0.495578 8.57491e-39 3
0.437588 0.271889 0.498675 1.02337e-38 3
0.445731 0.271889 0.498675 9.21921e-39 3
0.456729 0.273599 0.501811 8.85222e-39 3
0.467865 0.27533 0.504987 8.11538e-39 3
0.476112 0.27533 0.504987 9.22172e-39 3
0.481311 0.273599 0.501811 6.91611e-39 3
0.486446 0.271889 0.498675 8.48344e-39 3
0.494589 0.271889 0.498675 8.75895e-39 3
0.505894 0.273599 0.501811 8.75859e-39 3
0.537764 0.286199 0.524921 7.92811e-39 3
0.57271 0.300015 0.550262 7.00759e-39 3
0.585735 0.302099 0.554083 5.53246e-39 3
0.607438 0.308526 0.565872 5.90196e-39 3
0.625551 0.312965 0.574014 7.1927e-39 3
0.625919 0.308526 0.565872 7.74444e-39 3
0.626276 0.304211 0.557958 6.17639e-39 3
0.630974 0.302099 0.554083 5.90052e-39 3
0.626961 0.295933 0.542775 6.17855e-39 3
0.631528 0.293934 0.539108 4.33463e-39 3
0.62348 0.286199 0.524921 6.27074e-39 3
0.65355 0.295933 0.542775 7.09978e-39 3
-0.308798 0.292844 0.52149 1.04188e-38 3
-0.281412 0.290942 0.518104 9.68126e-39 3
-0.272952 0.290942 0.518104 1.11564e-38 3
-0.264491 0.290942 0.518104 9.95785e-39 3
-0.254379 0.289065 0.514761 9.86565e-39 3
-0.245974 0.289065 0.514761 9.22028e-39 3
-0.236045 0.287212 0.511461 9.40575e-39 3
-0.226966 0.286294 0.509827 1.06043e-38 3
-0.212872 0.301718 0.537293 1.14337e-38 3
-0.205482 0.303763 0.540936 1.07883e-38 3
-0.197317 0.304796 0.542775 1.11564e-38 3
-0.187815 0.303763 0.540936 1.06039e-38 3
-0.178378 0.302737 0.539108 1.05121e-38 3
-0.169003 0.301718 0.537293 1.14341e-38 3
-0.159158 0.2997 0.533699 1.22627e-38 3
-0.147001 0.292844 0.52149 9.03589e-39 3
-0.136259 0.288136 0.513106 1.19858e-38 3
-0.127063 0.286294 0.509827 1.02344e-38 3
-0.123884 0.298701 0.53192 1.18028e-38 3
-0.116361 0.301718 0.537293 1.23546e-38 3
-0.103745 0.290942 0.518104 1.04185e-38 3
-0.0934641 0.285383 0.508204 1.25386e-38 3
-0.0906507 0.303763 0.540936 1.3552e-38 3
-0.0820958 0.304796 0.542775 1.19847e-38 3
0.0231598 0.290942 0.518104 1.1895e-38 3
0.286162 0.31007 0.552166 1.27234e-38 3
0.292146 0.306884 0.546493 1.21705e-38 3
0.28491 0.266697 0.474928 9.95785e-39 3
0.291797 0.265906 0.473519 1.07876e-38 3
0.299529 0.265906 0.473519 1.17096e-38 3
0.307262 0.265906 0.473519 1.0511e-38 3
0.315931 0.266697 0.474928 1.1894e-38 3
0.318008 0.262018 0.466596 1.27237e-38 3
0.323734 0.260495 0.463884 1.10649e-38 3
0.331309 0.260495 0.463884 1.18018e-38 3
0.340866 0.262018 0.466596 1.23549e-38 3
0.355767 0.267493 0.476346 1.02344e-38 3
0.360318 0.265119 0.472118 1.16174e-38 3
0.361609 0.260495 0.463884 1.05121e-38 3
0.372432 0.262786 0.467965 9.59014e-39 3
0.383447 0.265119 0.472118 1.01433e-38 3
0.399428 0.270726 0.482103 1.07887e-38 3
0.403642 0.268294 0.477772 1.06954e-38 3
0.417697 0.272371 0.485033 9.77345e-39 3
0.424328 0.271546 0.483564 8.8515e-39 3
0.432224 0.271546 0.483564 1.01415e-38 3
0.451055 0.278292 0.495578 7.37709e-39 3
0.462017 0.280032 0.498675 7.93098e-39 3
0.47016 0.280032 0.498675 7.93098e-39 3
0.478303 0.280032 0.498675 9.40612e-39 3
0.486446 0.280032 0.498675 8.76003e-39 3
0.494589 0.280032 0.498675 8.39124e-39 3
0.502732 0.280032 0.498675 8.94298e-39 3
0.527355 0.289065 0.514761 7.92883e-39 3
0.57271 0.309001 0.550262 6.82248e-39 3
0.585735 0.311146 0.554083 5.07148e-39 3
0.616178 0.322339 0.574014 6.45514e-39 3
0.67931 0.35004 0.623344 7.83807e-39 3
0.689488 0.35004 0.623344 7.37601e-39 3
0.705176 0.352796 0.628252 7.00687e-39 3
0.631528 0.302737 0.539108 5.16439e-39 3
0.611413 0.289065 0.514761 5.62537e-39 3
0.640479 0.298701 0.53192 5.34807e-39 3
-0.289872 0.299402 0.518104 9.58906e-39 3
-0.279597 0.297471 0.514761 9.68126e-39 3
-0.269452 0.295564 0.511461 1.01422e-38 3
-0.26194 0.296514 0.513106 9.58906e-39 3
-0.239689 0.280292 0.485033 9.40467e-39 3
-0.236074 0.285498 0.494043 8.29832e-39 3
-0.234541 0.293681 0.508204 9.40575e-39 3
-0.225525 0.292749 0.50659 9.86565e-39 3
-0.206611 0.301359 0.52149 1.09731e-38 3
-0.200719 0.305351 0.528397 1.07876e-38 3
-0.174834 0.305351 0.528397 1.10653e-38 3
-0.16457 0.302347 0.5232 1.12497e-38 3
-0.15351 0.297471 0.514761 8.94369e-39 3
-0.143714 0.29462 0.509827 1.13408e-38 3
-0.134957 0.293681 0.508204 1.23546e-38 3
-0.101763 0.293681 0.508204 1.2078e-38 3
-0.0925796 0.290902 0.503394 1.29996e-38 3
-0.0781106 0.298433 0.516427 1.35524e-38 3
-0.0258403 0.280292 0.485033 1.32772e-38 3
-0.0180296 0.282006 0.488 1.18028e-38 3
-0.0101855 0.285498 0.494043 1.1433e-38 3
-0.00209213 0.282006 0.488 1.38293e-38 3
0.0137195 0.279442 0.483564 1.20783e-38 3
0.0216158 0.279442 0.483564 1.1895e-38 3
0.161788 0.276096 0.477772 1.12486e-38 3
0.170099 0.276925 0.479207 1.33684e-38 3
0.295179 0.319086 0.552166 1.10642e-38 3
0.280733 0.270428 0.467965 1.07883e-38 3
0.288374 0.270428 0.467965 1.15259e-38 3
0.307748 0.281146 0.486512 1.11571e-38 3
0.306353 0.272828 0.472118 1.16174e-38 3
0.308584 0.26807 0.463884 1.24471e-38 3
0.312525 0.264988 0.458552 1.19862e-38 3
0.318184 0.263474 0.455931 9.95785e-39 3
0.330349 0.267293 0.462539 1.10638e-38 3
0.334989 0.264988 0.458552 1.05107e-38 3
0.345455 0.267293 0.462539 1.09716e-38 3
0.350973 0.265752 0.459873 1.03263e-38 3
0.35339 0.261977 0.453341 1.05121e-38 3
0.361821 0.262723 0.454632 1.18028e-38 3
0.395137 0.281146 0.486512 1.06043e-38 3
0.403082 0.281146 0.486512 1.07887e-38 3
0.411026 0.281146 0.486512 1.11575e-38 3
0.415173 0.278598 0.482103 9.68234e-39 3
0.415514 0.273638 0.473519 1.0511e-38 3
0.42833 0.276925 0.479207 1.11564e-38 3
0.44552 0.282871 0.489497 1.00497e-38 3
0.456313 0.284617 0.492518 8.29905e-39 3
0.464356 0.284617 0.492518 7.00831e-39 3
0.472398 0.284617 0.492518 7.28562e-39 3
0.486446 0.288175 0.498675 7.19342e-39 3
0.494589 0.288175 0.498675 7.74587e-39 3
0.502732 0.288175 0.498675 9.21993e-39 3
0.517342 0.291823 0.504987 7.19126e-39 3
0.57271 0.317986 0.550262 7.56076e-39 3
0.658952 0.360219 0.623344 6.54661e-39 3
0.71374 0.384233 0.6649 7.00831e-39 3
0.712718 0.377934 0.654 7.2849e-39 3
0.723398 0.377934 0.654 5.90088e-39 3
0.599804 0.291823 0.504987 4.51795e-39 3
-0.324878 0.273261 0.459873 6.54589e-39 3
-0.319209 0.274846 0.462539 8.2976e-39 3
-0.308084 0.271695 0.457238 1.11564e-38 3
-0.3058 0.306866 0.516427 9.68126e-39 3
-0.296408 0.305877 0.514761 7.46856e-39 3
-0.288002 0.305877 0.514761 1.005e-38 3
-0.23824 0.28647 0.482103 9.22028e-39 3
-0.229674 0.285608 0.480651 9.49687e-39 3
-0.225217 0.289975 0.488 9.86565e-39 3
-0.219939 0.293566 0.494043 9.77345e-39 3
-0.194286 0.303916 0.511461 1.15252e-38 3
-0.182426 0.298182 0.501811 1.02337e-38 3
-0.16923 0.303916 0.511461 1.01433e-38 3
-0.160364 0.302945 0.509827 1.15262e-38 3
-0.151074 0.301021 0.50659 1.02344e-38 3
-0.1419 0.299122 0.503394 9.68126e-39 3
-0.134103 0.300069 0.504987 1.23546e-38 3
-0.0413043 0.285608 0.480651 1.36453e-38 3
-0.0334556 0.285608 0.480651 1.2539e-38 3
-0.0256068 0.285608 0.480651 1.34624e-38 3
-0.0178657 0.287339 0.483564 1.22645e-38 3
-0.0100609 0.289975 0.488 1.34624e-38 3
-0.00206684 0.28647 0.482103 1.19854e-38 3
0.00578812 0.285608 0.480651 1.06954e-38 3
0.0356786 0.274051 0.461202 1.41063e-38 3
0.043335 0.274846 0.462539 1.42907e-38 3
0.058272 0.274051 0.461202 1.29095e-38 3
0.0661858 0.275645 0.463884 1.21716e-38 3
0.135542 0.27807 0.467965 1.33691e-38 3
0.143605 0.278887 0.469341 1.30921e-38 3
0.151269 0.278887 0.469341 1.25408e-38 3
0.159874 0.280538 0.472118 1.21705e-38 3
0.167583 0.280538 0.472118 1.25386e-38 3
0.177392 0.283897 0.477772 1.27237e-38 3
0.244677 0.280538 0.472118 1.0972e-38 3
0.251642 0.27971 0.470726 1.18018e-38 3
0.258566 0.278887 0.469341 1.1433e-38 3
0.26623 0.278887 0.469341 1.27237e-38 3
0.279912 0.277257 0.466596 1.24482e-38 3
0.287531 0.277257 0.466596 1.13415e-38 3
0.290061 0.272476 0.458552 1.20798e-38 3
0.294168 0.26938 0.453341 1.08805e-38 3
0.301571 0.26938 0.453341 1.13415e-38 3
0.307228 0.267858 0.45078 1.21705e-38 3
0.317278 0.270147 0.454632 1.16166e-38 3
0.323779 0.26938 0.453341 1.04185e-38 3
0.329311 0.267858 0.45078 1.18014e-38 3
0.338585 0.26938 0.453341 1.19858e-38 3
0.347965 0.270919 0.455931 1.08794e-38 3
0.357452 0.272476 0.458552 1.17103e-38 3
0.36494 0.272476 0.458552 1.06965e-38 3
0.376759 0.275645 0.463884 1.11575e-38 3
0.381011 0.273261 0.459873 1.06965e-38 3
0.390773 0.274846 0.462539 1.04199e-38 3
0.407781 0.28137 0.473519 1.06965e-38 3
0.409439 0.277257 0.466596 1.11575e-38 3
0.427048 0.283897 0.477772 1.15252e-38 3
0.434849 0.283897 0.477772 1.13401e-38 3
0.442651 0.283897 0.477772 8.94369e-39 3
0.442504 0.278887 0.469341 9.3132e-39 3
0.447535 0.277257 0.466596 8.29976e-39 3
0.452508 0.275645 0.463884 8.29977e-39 3
0.432428 0.259076 0.436 8.20757e-39 3
0.467658 0.275645 0.463884 8.02138e-39 3
0.475233 0.275645 0.463884 6.91504e-39 3
0.525588 0.300069 0.504987 7.00759e-39 3
0.581695 0.326971 0.550262 8.39052e-39 3
0.71374 0.395091 0.6649 7.00831e-39 3
0.724597 0.395091 0.6649 6.73172e-39 3
0.74792 0.401787 0.676169 7.65368e-39 3
0.581405 0.290864 0.489497 4.79454e-39 3
-0.323016 0.279162 0.457238 6.72992e-39 3
-0.316457 0.279964 0.458552 7.19161e-39 3
-0.306328 0.277571 0.454632 7.19233e-39 3
-0.296408 0.314282 0.514761 8.3916e-39 3
-0.234695 0.289963 0.474928 7.83735e-39 3
-0.22694 0.289963 0.474928 1.0511e-38 3
-0.221825 0.293456 0.480651 1.06954e-38 3
-0.188252 0.30257 0.495578 1.17092e-38 3
-0.165517 0.305415 0.500238 1.0511e-38 3
-0.156856 0.304461 0.498675 1.02344e-38 3
-0.146877 0.300702 0.492518 1.12486e-38 3
-0.139697 0.30257 0.495578 1.06954e-38 3
-0.132842 0.305415 0.500238 1.34606e-38 3
-0.12275 0.300702 0.492518 1.25386e-38 3
-0.0580509 0.298857 0.489497 1.2539e-38 3
-0.049451 0.295235 0.483564 1.30918e-38 3
-0.0413043 0.293456 0.480651 1.32769e-38 3
-0.0333551 0.292575 0.479207 1.20787e-38 3
-0.0254535 0.291699 0.477772 1.17106e-38 3
-0.0178118 0.294343 0.482103 1.30939e-38 3
-0.0099393 0.294343 0.482103 1.16184e-38 3
-0.00202404 0.288247 0.472118 1.25393e-38 3
0.00568537 0.288247 0.472118 1.36457e-38 3
0.0132769 0.285711 0.467965 1.21716e-38 3
0.0206162 0.281582 0.461202 1.28173e-38 3
0.0281474 0.281582 0.461202 1.3278e-38 3
0.0355757 0.280771 0.459873 1.53045e-38 3
0.0430852 0.280771 0.459873 1.54885e-38 3
0.0505947 0.280771 0.459873 1.45673e-38 3
0.0577711 0.279162 0.457238 1.32783e-38 3
0.0658032 0.281582 0.461202 1.36471e-38 3
0.0718802 0.275999 0.452057 1.37379e-38 3
0.0783739 0.272906 0.446992 1.5213e-38 3
0.135941 0.286552 0.469341 1.30003e-38 3
0.143605 0.286552 0.469341 1.26315e-38 3
0.151715 0.287397 0.470726 1.36453e-38 3
0.159402 0.287397 0.470726 1.24471e-38 3
0.166597 0.286552 0.469341 1.19861e-38 3
0.174261 0.286552 0.469341 1.19862e-38 3
0.244677 0.288247 0.472118 1.24471e-38 3
0.251642 0.287397 0.470726 1.14341e-38 3
0.258566 0.286552 0.469341 1.18028e-38 3
0.264673 0.284876 0.466596 1.22627e-38 3
0.271499 0.284045 0.465236 1.29081e-38 3
0.279096 0.284045 0.465236 1.13408e-38 3
0.286693 0.284045 0.465236 1.18028e-38 3
0.283543 0.273673 0.448247 1.254e-38 3
0.289238 0.272144 0.445743 1.20791e-38 3
0.296517 0.272144 0.445743 1.18025e-38 3
0.302108 0.270632 0.443267 1.18936e-38 3
0.311074 0.272144 0.445743 1.30925e-38 3
0.320141 0.273673 0.448247 1.27234e-38 3
0.327461 0.273673 0.448247 1.24468e-38 3
0.33478 0.273673 0.448247 1.22624e-38 3
0.344033 0.275219 0.45078 1.29999e-38 3
0.351394 0.275219 0.45078 1.1433e-38 3
0.358755 0.275219 0.45078 1.15252e-38 3
0.368196 0.276783 0.453341 1.04188e-38 3
0.373477 0.275219 0.45078 1.06032e-38 3
0.386294 0.279162 0.457238 1.00511e-38 3
0.397174 0.281582 0.461202 1.07887e-38 3
0.40238 0.279964 0.458552 1.0972e-38 3
0.408693 0.279162 0.457238 1.04188e-38 3
0.419768 0.281582 0.461202 1.07876e-38 3
0.424843 0.279964 0.458552 1.0511e-38 3
0.429861 0.278364 0.455931 9.12808e-39 3
0.421645 0.268395 0.439603 9.22028e-39 3
0.424149 0.26547 0.434812 9.12953e-39 3
0.430078 0.264749 0.43363 9.68198e-39 3
0.440752 0.266925 0.437194 7.6526e-39 3
0.459214 0.273673 0.448247 8.02102e-39 3
0.466533 0.273673 0.448247 8.8515e-39 3
0.473853 0.273673 0.448247 7.37637e-39 3
0.483891 0.275219 0.45078 7.10051e-39 3
0.712718 0.399293 0.654 7.93027e-39 3
0.723398 0.399293 0.654 7.93063e-39 3
0.501722 0.272906 0.446992 6.63953e-39 3
0.506186 0.271386 0.444501 7.7448e-39 3
0.538966 0.284876 0.466596 5.71613e-39 3
0.553054 0.288247 0.472118 6.91504e-39 3
0.570897 0.293456 0.480651 5.1644e-39 3
-0.347407 0.28828 0.459873 6.08635e-39 3
-0.336024 0.284995 0.454632 6.27002e-39 3
-0.329539 0.285809 0.455931 8.20505e-39 3
-0.321176 0.284995 0.454632 7.56004e-39 3
-0.313752 0.284995 0.454632 9.03588e-39 3
-0.303732 0.28258 0.45078 8.75966e-39 3
-0.30235 0.28828 0.459873 1.12486e-38 3
-0.25333 0.268186 0.427818 9.86673e-39 3
-0.245686 0.267469 0.426674 9.12916e-39 3
-0.231934 0.294216 0.469341 1.06954e-38 3
-0.22427 0.294216 0.469341 1.0511e-38 3
-0.15492 0.308745 0.492518 1.22627e-38 3
-0.145976 0.306851 0.489497 1.04188e-38 3
-0.14057 0.312604 0.498675 1.20783e-38 3
-0.13368 0.315562 0.503394 1.25393e-38 3
-0.12275 0.308745 0.492518 1.1433e-38 3
-0.0660441 0.306851 0.489497 1.23553e-38 3
-0.0580509 0.306851 0.489497 1.13404e-38 3
-0.049451 0.303131 0.483564 1.3184e-38 3
-0.0414291 0.302215 0.482103 1.31858e-38 3
-0.0333551 0.3004 0.479207 1.19872e-38 3
-0.0253775 0.298607 0.476346 1.20798e-38 3
-0.0177048 0.3004 0.479207 1.11578e-38 3
-0.00198874 0.290794 0.463884 1.35535e-38 3
0.0056025 0.291642 0.465236 1.2817e-38 3
0.0204978 0.287452 0.458552 1.58598e-38 3
0.0280663 0.28828 0.459873 1.41999e-38 3
0.0354735 0.287452 0.458552 1.40141e-38 3
0.0429614 0.287452 0.458552 1.53963e-38 3
0.0503047 0.286628 0.457238 1.49364e-38 3
0.0572788 0.284185 0.453341 1.29088e-38 3
0.0646816 0.284185 0.453341 1.48456e-38 3
0.0708762 0.279423 0.445743 1.37379e-38 3
0.0777208 0.27787 0.443267 1.45676e-38 3
0.0847237 0.277101 0.442039 1.40141e-38 3
0.106378 0.277101 0.442039 1.25411e-38 3
0.135542 0.293353 0.467965 1.45687e-38 3
0.143605 0.294216 0.469341 1.19862e-38 3
0.151269 0.294216 0.469341 1.2539e-38 3
0.158467 0.293353 0.467965 1.23549e-38 3
0.165623 0.292495 0.466596 1.38301e-38 3
0.172737 0.291642 0.465236 1.26315e-38 3
0.177234 0.286628 0.457238 1.38301e-38 3
0.251642 0.295083 0.470726 1.29092e-38 3
0.257808 0.293353 0.467965 1.15262e-38 3
0.264673 0.292495 0.466596 1.24471e-38 3
0.270709 0.290794 0.463884 1.26315e-38 3
0.270423 0.28258 0.45078 1.26315e-38 3
0.27468 0.279423 0.445743 1.08809e-38 3
0.277311 0.274817 0.438396 1.2356e-38 3
0.28447 0.274817 0.438396 1.15262e-38 3
0.283831 0.267469 0.426674 1.18025e-38 3
0.290799 0.267469 0.426674 1.18936e-38 3
0.293064 0.263245 0.419937 1.17096e-38 3
0.299922 0.263245 0.419937 1.2078e-38 3
0.306779 0.263245 0.419937 1.27234e-38 3
0.311994 0.261867 0.417738 1.2539e-38 3
0.322189 0.264638 0.422159 1.34609e-38 3
0.327351 0.263245 0.419937 1.18018e-38 3
0.335977 0.264638 0.422159 1.20783e-38 3
0.344694 0.266046 0.424404 1.13408e-38 3
0.351624 0.266046 0.424404 1.21705e-38 3
0.377637 0.280205 0.446992 1.04199e-38 3
0.381729 0.27787 0.443267 1.12497e-38 3
0.388967 0.27787 0.443267 1.16174e-38 3
0.40521 0.284185 0.453341 1.1433e-38 3
0.412613 0.284185 0.453341 9.77345e-39 3
0.417643 0.28258 0.45078 1.0972e-38 3
0.425003 0.28258 0.45078 9.58906e-39 3
0.415916 0.27183 0.43363 9.12808e-39 3
0.418448 0.268907 0.428968 1.00508e-38 3
0.42205 0.266755 0.425536 9.221e-39 3
0.432458 0.268907 0.428968 8.29797e-39 3
0.441838 0.27036 0.431286 8.482e-39 3
0.445271 0.268186 0.427818 9.58906e-39 3
0.458401 0.27183 0.43363 9.22028e-39 3
0.466751 0.27257 0.434812 8.11466e-39 3
0.480396 0.276335 0.440818 8.48344e-39 3
0.495812 0.280992 0.448247 7.74624e-39 3
0.498927 0.278644 0.444501 8.02246e-39 3
0.503381 0.277101 0.442039 8.02138e-39 3
0.538966 0.292495 0.466596 7.46785e-39 3
0.553054 0.295956 0.472118 7.7448e-39 3
0.570897 0.301305 0.480651 8.02246e-39 3
-0.327623 0.285109 0.443267 8.20613e-39 3
-0.323077 0.287504 0.446992 9.31176e-39 3
-0.315778 0.287504 0.446992 7.83734e-39 3
-0.308479 0.287504 0.446992 9.03588e-39 3
-0.29867 0.285109 0.443267 1.06032e-38 3
-0.250643 0.272252 0.423278 9.77453e-39 3
-0.242445 0.270815 0.421045 1.06965e-38 3
-0.181675 0.29494 0.458552 1.14326e-38 3
-0.0578734 0.313881 0.488 1.43832e-38 3
-0.0493016 0.310088 0.482103 1.33691e-38 3
-0.0408126 0.305473 0.474928 1.40155e-38 3
-0.0328617 0.303666 0.472118 1.25411e-38 3
-0.024931 0.300994 0.467965 1.37393e-38 3
-0.0172389 0.300114 0.466596 1.30939e-38 3
-0.00191097 0.286701 0.445743 1.34624e-38 3
0.00542841 0.289941 0.45078 1.53066e-38 3
0.0130851 0.296645 0.461202 1.44769e-38 3
0.0203806 0.293254 0.455931 1.44769e-38 3
0.0280663 0.29579 0.459873 1.53066e-38 3
0.0354735 0.29494 0.458552 1.5858e-38 3
0.0427159 0.293254 0.455931 1.64108e-38 3
0.049876 0.291588 0.453341 1.40144e-38 3
0.0566352 0.288312 0.448247 1.50304e-38 3
0.0634204 0.285903 0.444501 1.42925e-38 3
0.0699 0.282752 0.439603 1.503e-38 3
0.0768667 0.281975 0.438396 1.47524e-38 3
0.0840254 0.281975 0.438396 1.49368e-38 3
0.0914354 0.282752 0.439603 1.39233e-38 3
0.0983429 0.281975 0.438396 1.42921e-38 3
0.105502 0.281975 0.438396 1.44765e-38 3
0.136342 0.30277 0.470726 1.30014e-38 3
0.165623 0.300114 0.466596 1.39233e-38 3
0.170869 0.283533 0.440818 1.26322e-38 3
0.263134 0.298369 0.463884 1.26315e-38 3
0.268369 0.29579 0.459873 1.25393e-38 3
0.275878 0.29579 0.459873 1.15252e-38 3
0.261531 0.272976 0.424404 1.29092e-38 3
0.269897 0.274436 0.426674 1.30936e-38 3
0.275391 0.272976 0.424404 1.26326e-38 3
0.277887 0.268689 0.417738 1.19872e-38 3
0.283226 0.267289 0.415562 9.77346e-39 3
0.287022 0.264534 0.411278 1.17096e-38 3
0.293738 0.264534 0.411278 1.21702e-38 3
0.300454 0.264534 0.411278 1.29078e-38 3
0.30717 0.264534 0.411278 1.10638e-38 3
0.313886 0.264534 0.411278 1.15248e-38 3
0.322263 0.265904 0.413409 1.26308e-38 3
0.330727 0.267289 0.415562 1.14323e-38 3
0.337513 0.267289 0.415562 1.28152e-38 3
0.344299 0.267289 0.415562 1.30918e-38 3
0.352923 0.268689 0.417738 1.24471e-38 3
0.374448 0.279671 0.434812 1.08798e-38 3
0.385752 0.282752 0.439603 1.18028e-38 3
0.390778 0.281203 0.437194 1.10653e-38 3
0.39254 0.277403 0.431286 1.06961e-38 3
0.399582 0.277403 0.431286 1.11571e-38 3
0.408835 0.278911 0.43363 1.09727e-38 3
0.409243 0.274436 0.426674 9.58978e-39 3
0.416211 0.274436 0.426674 1.06043e-38 3
0.420927 0.272976 0.424404 8.66783e-39 3
0.430145 0.274436 0.426674 7.74515e-39 3
0.439463 0.275911 0.428968 7.37601e-39 3
0.44408 0.274436 0.426674 1.11564e-38 3
0.453472 0.275911 0.428968 9.22028e-39 3
0.458015 0.274436 0.426674 8.57564e-39 3
0.470009 0.277403 0.431286 8.39124e-39 3
0.474487 0.275911 0.428968 7.74659e-39 3
0.480201 0.275172 0.427818 7.10122e-39 3
0.491137 0.277403 0.431286 9.03661e-39 3
0.529674 0.29494 0.458552 8.02174e-39 3
0.540266 0.296645 0.461202 8.29833e-39 3
-0.305938 0.279164 0.423278 8.94369e-39 3
-0.297448 0.277691 0.421045 9.03588e-39 3
-0.289808 0.27696 0.419937 9.03588e-39 3
-0.28295 0.27696 0.419937 9.12808e-39 3
-0.239913 0.274791 0.416647 1.09738e-38 3
-0.233719 0.27551 0.417738 8.94549e-39 3
-0.227493 0.276233 0.418835 8.76109e-39 3
-0.194416 0.298991 0.453341 1.1617e-38 3
-0.184394 0.294804 0.446992 1.12482e-38 3
-0.178093 0.296464 0.44951 1.29077e-38 3
-0.170273 0.295632 0.448247 1.10638e-38 3
-0.133141 0.279164 0.423278 1.22627e-38 3
-0.0387374 0.297302 0.45078 1.33709e-38 3
-0.0245707 0.304176 0.461202 1.374e-38 3
-0.0167968 0.299843 0.454632 1.40159e-38 3
-0.00926735 0.296464 0.44951 1.56743e-38 3
-0.00190564 0.293161 0.444501 1.60449e-38 3
0.00532315 0.291537 0.442039 1.68747e-38 3
0.0127894 0.297302 0.45078 1.58605e-38 3
0.0275892 0.298144 0.452057 1.39237e-38 3
0.034774 0.296464 0.44951 1.69647e-38 3
0.0418783 0.294804 0.446992 1.64108e-38 3
0.0490401 0.29398 0.445743 1.51208e-38 3
0.0561619 0.293161 0.444501 1.3924e-38 3
0.063069 0.291537 0.442039 1.50307e-38 3
0.0768667 0.289134 0.438396 1.36471e-38 3
0.0909344 0.288342 0.437194 1.36475e-38 3
0.103511 0.283679 0.430124 1.41999e-38 3
0.142203 0.27696 0.419937 1.31854e-38 3
0.149454 0.277691 0.421045 1.15262e-38 3
0.156743 0.278426 0.422159 1.26322e-38 3
0.16583 0.282158 0.427818 1.20794e-38 3
0.191332 0.259864 0.394015 1.2356e-38 3
0.199242 0.261803 0.396955 1.41999e-38 3
0.206752 0.263112 0.39894 1.21705e-38 3
0.214878 0.2651 0.401955 1.18028e-38 3
0.219781 0.263112 0.39894 1.1895e-38 3
0.223502 0.259864 0.394015 1.22627e-38 3
0.24378 0.27551 0.417738 1.24471e-38 3
0.250602 0.27551 0.417738 1.4291e-38 3
0.257423 0.27551 0.417738 1.31858e-38 3
0.264244 0.27551 0.417738 1.3278e-38 3
0.269654 0.274075 0.415562 1.25404e-38 3
0.272187 0.269859 0.409169 1.22638e-38 3
0.277446 0.268482 0.407082 1.16174e-38 3
0.282651 0.267119 0.405015 1.25393e-38 3
0.289265 0.267119 0.405015 1.22627e-38 3
0.295878 0.267119 0.405015 1.06032e-38 3
0.302492 0.267119 0.405015 1.17096e-38 3
0.310683 0.268482 0.407082 1.23549e-38 3
0.318957 0.269859 0.409169 1.26308e-38 3
0.329013 0.272655 0.413409 1.21698e-38 3
0.337513 0.274075 0.415562 1.14323e-38 3
0.344299 0.274075 0.415562 1.17088e-38 3
0.351085 0.274075 0.415562 1.25393e-38 3
0.359744 0.27551 0.417738 1.26315e-38 3
0.372415 0.279907 0.424404 1.15262e-38 3
0.379345 0.279907 0.424404 1.14341e-38 3
0.378228 0.274075 0.415562 1.06039e-38 3
0.385014 0.274075 0.415562 1.10649e-38 3
0.3918 0.274075 0.415562 1.15259e-38 3
0.405987 0.279164 0.423278 1.02352e-38 3
0.413997 0.279907 0.424404 1.01422e-38 3
0.4187 0.278426 0.422159 1.06032e-38 3
0.427857 0.279907 0.424404 9.40539e-39 3
0.435947 0.280653 0.425536 9.12881e-39 3
0.440546 0.279164 0.423278 1.03266e-38 3
0.451047 0.281403 0.426674 1.005e-38 3
0.463742 0.280653 0.425536 8.94442e-39 3
0.47764 0.280653 0.425536 7.37781e-39 3
0.463573 0.268482 0.407082 8.02246e-39 3
0.465471 0.26577 0.40297 9.77346e-39 3
0.462703 0.260507 0.39499 9.40467e-39 3
-0.313117 0.280132 0.414483 7.56184e-39 3
-0.307147 0.280861 0.415562 7.92918e-39 3
-0.300361 0.280861 0.415562 8.66639e-39 3
-0.290548 0.277966 0.411278 1.01422e-38 3
-0.247069 0.274429 0.406046 9.59014e-39 3
-0.242288 0.27654 0.409169 1.09731e-38 3
-0.236821 0.277966 0.411278 1.02359e-38 3
-0.231898 0.280132 0.414483 1.10656e-38 3
-0.226305 0.281594 0.416647 1.00522e-38 3
-0.220654 0.283073 0.418835 1.20801e-38 3
-0.208618 0.285319 0.422159 9.68234e-39 3
-0.180091 0.283817 0.419937 1.15255e-38 3
-0.174612 0.286076 0.423278 1.30921e-38 3
-0.153469 0.285319 0.422159 1.30007e-38 3
-0.146964 0.286076 0.423278 1.18018e-38 3
-0.140425 0.286837 0.424404 1.18021e-38 3
-0.133141 0.286076 0.423278 1.01419e-38 3
-0.125895 0.285319 0.422159 1.40137e-38 3
-0.105214 0.285319 0.422159 1.3278e-38 3
-0.030683 0.29793 0.440818 1.4846e-38 3
-0.0163769 0.299585 0.443267 1.51215e-38 3
-0.00916409 0.30042 0.444501 1.32783e-38 3
-0.00188464 0.297109 0.439603 1.4201e-38 3
0.00523612 0.293871 0.434812 1.56761e-38 3
0.0125067 0.29793 0.440818 1.77037e-38 3
0.0191753 0.289921 0.428968 1.54914e-38 3
0.0317347 0.277251 0.410221 1.632e-38 3
0.0558508 0.298755 0.442039 1.4663e-38 3
0.0766561 0.295481 0.437194 1.29095e-38 3
0.114774 0.283817 0.419937 1.42932e-38 3
0.135703 0.284566 0.421045 1.3462e-38 3
0.142203 0.283817 0.419937 1.24482e-38 3
0.149454 0.284566 0.421045 1.30014e-38 3
0.156329 0.284566 0.421045 1.19876e-38 3
0.163637 0.285319 0.422159 1.125e-38 3
0.17008 0.284566 0.421045 1.26326e-38 3
0.18946 0.263693 0.390161 1.24486e-38 3
0.198255 0.266957 0.39499 1.35545e-38 3
0.206237 0.268954 0.397945 1.33687e-38 3
0.212735 0.268954 0.397945 1.19861e-38 3
0.217605 0.266957 0.39499 1.24482e-38 3
0.222951 0.265642 0.393044 1.22642e-38 3
0.236355 0.273733 0.405015 1.15262e-38 3
0.242969 0.273733 0.405015 1.42921e-38 3
0.249583 0.273733 0.405015 1.37389e-38 3
0.249855 0.266957 0.39499 1.22638e-38 3
0.253792 0.26434 0.391118 1.22645e-38 3
0.25891 0.26305 0.38921 1.36467e-38 3
0.261439 0.259256 0.383596 1.16184e-38 3
0.267703 0.259256 0.383596 1.25393e-38 3
0.277976 0.26305 0.38921 1.44754e-38 3
0.287133 0.265642 0.393044 1.15252e-38 3
0.287185 0.259881 0.38452 1.17096e-38 3
0.304469 0.269627 0.39894 1.1894e-38 3
0.301195 0.26114 0.386383 1.29074e-38 3
0.309754 0.26305 0.38921 1.29074e-38 3
0.330625 0.275129 0.407082 1.18932e-38 3
0.339002 0.27654 0.409169 1.27226e-38 3
0.345683 0.27654 0.409169 1.28152e-38 3
0.356016 0.279406 0.413409 1.34606e-38 3
0.362767 0.279406 0.413409 1.24471e-38 3
0.369518 0.279406 0.413409 1.24482e-38 3
0.374329 0.277966 0.411278 1.22638e-38 3
0.379091 0.27654 0.409169 1.13422e-38 3
0.385772 0.27654 0.409169 1.25408e-38 3
0.402782 0.283817 0.419937 1.18965e-38 3
0.41072 0.284566 0.421045 9.86673e-39 3
0.416496 0.283817 0.419937 1.09731e-38 3
0.425594 0.285319 0.422159 9.40539e-39 3
0.434788 0.286837 0.424404 1.03273e-38 3
0.439381 0.285319 0.422159 1.14337e-38 3
0.451047 0.288371 0.426674 9.58978e-39 3
0.455578 0.286837 0.424404 8.57491e-39 3
0.472002 0.280132 0.414483 1.02359e-38 3
0.447394 0.261773 0.38732 8.02281e-39 3
0.451527 0.260509 0.385449 8.76002e-39 3
0.454527 0.258635 0.382676 7.09978e-39 3
-0.289058 0.283222 0.409169 9.31247e-39 3
-0.274289 0.281777 0.407082 8.66818e-39 3
-0.268326 0.282497 0.408123 7.65403e-39 3
-0.260994 0.281777 0.407082 9.95928e-39 3
-0.252415 0.279637 0.40399 1.12504e-38 3
-0.245197 0.27893 0.40297 1.06043e-38 3
-0.239828 0.280346 0.405015 8.76038e-39 3
-0.235004 0.282497 0.408123 1.09731e-38 3
-0.229513 0.28395 0.410221 1.17106e-38 3
-0.222815 0.28395 0.410221 1.07894e-38 3
-0.216673 0.284681 0.411278 1.2356e-38 3
-0.212144 0.287647 0.415562 1.18028e-38 3
-0.206975 0.289912 0.418835 1.10642e-38 3
-0.199612 0.289153 0.417738 1.21705e-38 3
-0.191288 0.2869 0.414483 1.19865e-38 3
-0.18452 0.2869 0.414483 1.09724e-38 3
-0.177291 0.286157 0.413409 1.15255e-38 3
-0.172326 0.289153 0.417738 1.18936e-38 3
-0.166376 0.290675 0.419937 1.22631e-38 3
-0.159519 0.290675 0.419937 1.18954e-38 3
-0.152661 0.290675 0.419937 1.23553e-38 3
-0.146189 0.291442 0.421045 9.86565e-39 3
-0.140052 0.292988 0.423278 1.20787e-38 3
-0.132788 0.292213 0.422159 1.19858e-38 3
-0.125232 0.290675 0.419937 1.20776e-38 3
-0.117755 0.289153 0.417738 1.07887e-38 3
-0.111225 0.289912 0.418835 1.2817e-38 3
-0.105214 0.292213 0.422159 1.21716e-38 3
-0.0374673 0.301793 0.436 1.42921e-38 3
-0.0301828 0.300153 0.43363 1.42928e-38 3
-0.02342 0.304288 0.439603 1.53066e-38 3
-0.0161969 0.303452 0.438396 1.34627e-38 3
-0.00908814 0.305128 0.440818 1.35556e-38 3
-0.00185904 0.300153 0.43363 1.48464e-38 3
0.00513812 0.295338 0.426674 1.63215e-38 3
0.0180588 0.279637 0.40399 1.50304e-38 3
0.0310952 0.278228 0.401955 1.47527e-38 3
0.0370982 0.274085 0.39597 1.60435e-38 3
0.0432422 0.27206 0.393044 1.51226e-38 3
0.0615349 0.298531 0.431286 1.67843e-38 3
0.115381 0.292213 0.422159 1.39244e-38 3
0.122925 0.293767 0.424404 1.51226e-38 3
0.14183 0.289912 0.418835 1.41077e-38 3
0.14828 0.289153 0.417738 1.37397e-38 3
0.153893 0.2869 0.414483 1.32783e-38 3
0.160661 0.2869 0.414483 1.2634e-38 3
0.166564 0.285417 0.412341 1.39233e-38 3
0.188539 0.26875 0.388263 1.28177e-38 3
0.196312 0.270727 0.391118 1.41077e-38 3
0.204705 0.273407 0.39499 1.30925e-38 3
0.211155 0.273407 0.39499 1.43843e-38 3
0.221316 0.270065 0.390161 1.34627e-38 3
0.227687 0.270065 0.390161 1.3278e-38 3
0.236955 0.273407 0.39499 1.22638e-38 3
0.242206 0.27206 0.393044 1.30936e-38 3
0.24382 0.266803 0.385449 1.40155e-38 3
0.248911 0.26552 0.383596 1.35553e-38 3
0.253954 0.26425 0.381761 1.24482e-38 3
1.12122 1.13873 1.64511 1.24482e-38 3
1.16005 1.15059 1.66225 1.23549e-38 3
0.273967 0.26552 0.383596 1.30925e-38 3
0.277562 0.262991 0.379943 1.17096e-38 3
0.285808 0.264884 0.382676 1.08798e-38 3
0.29632 0.26875 0.388263 1.29081e-38 3
0.301195 0.267449 0.386383 1.33691e-38 3
0.30825 0.268098 0.38732 1.40137e-38 3
0.313814 0.267449 0.386383 1.19858e-38 3
0.324046 0.270727 0.391118 1.26304e-38 3
0.325644 0.266803 0.385449 1.29992e-38 3
0.336819 0.270727 0.391118 1.28152e-38 3
0.346604 0.273407 0.39499 1.20783e-38 3
0.360187 0.27893 0.40297 1.1895e-38 3
0.366767 0.27893 0.40297 1.1895e-38 3
0.373347 0.27893 0.40297 1.22638e-38 3
0.379927 0.27893 0.40297 1.20798e-38 3
0.394477 0.284681 0.411278 1.10656e-38 3
0.403271 0.286157 0.413409 1.08809e-38 3
0.411087 0.2869 0.414483 1.06965e-38 3
0.422242 0.289912 0.418835 1.00508e-38 3
0.431346 0.291442 0.421045 1.0143e-38 3
0.43478 0.289153 0.417738 1.04195e-38 3
0.446274 0.292213 0.422159 1.06961e-38 3
0.450783 0.290675 0.419937 9.68126e-39 3
0.444305 0.270065 0.390161 1.01437e-38 3
0.443092 0.26552 0.383596 9.40575e-39 3
0.446139 0.263619 0.38085 8.76002e-39 3
0.452358 0.263619 0.38085 7.00831e-39 3
0.464115 0.266803 0.385449 6.8232e-39 3
-0.336259 0.279166 0.394015 6.45441e-39 3
-0.337321 0.285511 0.40297 8.57491e-39 3
-0.311 0.285511 0.40297 9.77453e-39 3
-0.285399 0.286233 0.40399 9.12808e-39 3
-0.276007 0.283364 0.39994 1.0511e-38 3
-0.265609 0.286233 0.40399 9.40575e-39 3
-0.258358 0.285511 0.40297 1.07894e-38 3
-0.24926 0.282656 0.39894 1.11582e-38 3
-0.241537 0.281249 0.396955 1.01437e-38 3
-0.234472 0.280551 0.39597 1.03277e-38 3
-0.232037 0.285511 0.40297 1.06043e-38 3
-0.227177 0.28769 0.406046 1.20794e-38 3
-0.220547 0.28769 0.406046 1.07894e-38 3
-0.214462 0.288424 0.407082 1.15262e-38 3
-0.209417 0.290648 0.410221 1.24471e-38 3
-0.204294 0.292907 0.413409 1.08798e-38 3
-0.197033 0.29215 0.412341 1.2078e-38 3
-0.188836 0.289903 0.409169 1.20787e-38 3
-0.182154 0.289903 0.409169 1.22631e-38 3
-0.175473 0.289903 0.409169 1.31847e-38 3
-0.169662 0.291397 0.411278 1.23549e-38 3
-0.164215 0.293668 0.414483 1.30014e-38 3
-0.157447 0.293668 0.414483 1.34624e-38 3
-0.151466 0.295202 0.416647 1.15252e-38 3
-0.145804 0.297532 0.419937 1.22627e-38 3
-0.139682 0.299106 0.422159 1.06036e-38 3
-0.132788 0.299106 0.422159 1.18014e-38 3
-0.124903 0.296751 0.418835 1.1801e-38 3
-0.117142 0.294433 0.415562 1.11575e-38 3
-0.110934 0.295974 0.417738 1.26326e-38 3
-0.104936 0.298317 0.421045 1.29092e-38 3
-0.0372637 0.307234 0.43363 1.58605e-38 3
-0.0305144 0.31061 0.438396 1.35556e-38 3
-0.023681 0.314936 0.444501 1.374e-38 3
-0.0163769 0.314062 0.443267 1.4201e-38 3
-0.00916409 0.314936 0.444501 1.48464e-38 3
-0.00189508 0.313192 0.442039 1.4662e-38 3
0.00516574 0.303931 0.428968 1.62293e-38 3
0.0366435 0.277113 0.391118 1.58601e-38 3
0.0429251 0.276436 0.390161 1.69669e-38 3
0.0491759 0.275761 0.38921 1.54935e-38 3
0.0555315 0.275761 0.38921 1.64155e-38 3
0.0618871 0.275761 0.38921 1.54928e-38 3
0.0684095 0.276436 0.390161 1.48464e-38 3
0.0753331 0.278478 0.393044 1.62293e-38 3
0.0827707 0.281951 0.397945 1.35563e-38 3
0.0897163 0.283364 0.39994 1.49393e-38 3
0.0962471 0.283364 0.39994 1.5307e-38 3
0.103557 0.285511 0.40297 1.63197e-38 3
0.121631 0.297532 0.419937 1.36485e-38 3
0.127482 0.295202 0.416647 1.42014e-38 3
0.133242 0.292907 0.413409 1.39233e-38 3
0.139271 0.291397 0.411278 1.37397e-38 3
0.146365 0.29215 0.412341 1.42006e-38 3
0.151532 0.289162 0.408123 1.53081e-38 3
0.157792 0.288424 0.407082 1.46623e-38 3
0.165283 0.289903 0.409169 1.43858e-38 3
0.188539 0.275091 0.388263 1.36475e-38 3
0.195832 0.276436 0.390161 1.23567e-38 3
0.202698 0.277113 0.391118 1.41077e-38 3
0.210115 0.278478 0.393044 1.50297e-38 3
0.214945 0.276436 0.390161 1.39241e-38 3
0.220776 0.275761 0.38921 1.34627e-38 3
0.227132 0.275761 0.38921 1.37389e-38 3
0.233487 0.275761 0.38921 1.3278e-38 3
0.238679 0.274423 0.38732 1.2356e-38 3
0.24441 0.273758 0.386383 1.20794e-38 3
0.248315 0.271132 0.382676 1.34627e-38 3
0.251547 0.26792 0.378142 1.27248e-38 3
1.1329 1.17773 1.66225 1.2356e-38 3
1.14809 1.16559 1.64511 1.26319e-38 3
0.270072 0.26792 0.378142 1.29081e-38 3
0.276247 0.26792 0.378142 1.35535e-38 3
0.282421 0.26792 0.378142 1.20783e-38 3
0.292057 0.271132 0.382676 1.33691e-38 3
0.297592 0.270484 0.381761 1.27237e-38 3
0.303826 0.270484 0.381761 1.28159e-38 3
0.307121 0.26792 0.378142 1.2539e-38 3
0.317814 0.271784 0.383596 1.45673e-38 3
0.316471 0.265404 0.374591 1.17085e-38 3
0.322588 0.265404 0.374591 1.25382e-38 3
0.336606 0.271784 0.383596 1.36457e-38 3
0.353054 0.279857 0.39499 1.37379e-38 3
0.364924 0.284076 0.400945 1.16174e-38 3
0.371471 0.284076 0.400945 1.13419e-38 3
0.37057 0.278478 0.393044 1.20791e-38 3
0.376988 0.278478 0.393044 1.14344e-38 3
0.400161 0.290648 0.410221 1.18947e-38 3
0.407909 0.291397 0.411278 1.14337e-38 3
0.414625 0.291397 0.411278 1.00508e-38 3
0.429082 0.296751 0.418835 1.14341e-38 3
0.430274 0.292907 0.413409 1.19869e-38 3
0.439301 0.294433 0.415562 1.06039e-38 3
0.444929 0.293668 0.414483 1.08794e-38 3
0.44416 0.272439 0.38452 8.66783e-39 3
0.447206 0.270484 0.381761 9.58978e-39 3
0.454527 0.271132 0.382676 9.3132e-39 3
0.465239 0.273758 0.386383 6.6388e-39 3
0.470409 0.273097 0.385449 8.29833e-39 3
-0.329669 0.274746 0.37904 7.56076e-39 3
-0.323479 0.274746 0.37904 7.37637e-39 3
-0.3274 0.2835 0.391118 9.22028e-39 3
-0.306358 0.287731 0.396955 9.86673e-39 3
-0.279734 0.287017 0.39597 8.39052e-39 3
-0.271918 0.2856 0.394015 1.06958e-38 3
-0.261634 0.288449 0.397945 1.01433e-38 3
-0.256415 0.289895 0.39994 1.24489e-38 3
-0.247404 0.287017 0.39597 9.95964e-39 3
-0.240342 0.286307 0.39499 1.11578e-38 3
-0.233314 0.2856 0.394015 1.06043e-38 3
-0.230292 0.289895 0.39994 1.15262e-38 3
-0.225456 0.292091 0.40297 1.11575e-38 3
-0.218876 0.292091 0.40297 1.09738e-38 3
-0.212296 0.292091 0.40297 1.15255e-38 3
-0.207815 0.295071 0.407082 1.06032e-38 3
-0.202199 0.296585 0.409169 1.21698e-38 3
-0.195017 0.295826 0.408123 1.26312e-38 3
-0.180305 0.293574 0.405015 1.18014e-38 3
-0.173252 0.29283 0.40399 1.38301e-38 3
-0.167503 0.294321 0.406046 1.0511e-38 3
-0.139313 0.305193 0.421045 1.12489e-38 3
-0.0163769 0.3213 0.443267 1.39262e-38 3
-0.00916409 0.322195 0.444501 1.57683e-38 3
0.0424066 0.279391 0.385449 1.64148e-38 3
0.0487008 0.279391 0.385449 1.65084e-38 3
0.0551281 0.280068 0.386383 1.6324e-38 3
0.0612891 0.279391 0.385449 1.66914e-38 3
0.0679113 0.280748 0.38732 1.61382e-38 3
0.0747806 0.282807 0.390161 1.54006e-38 3
0.0819532 0.2856 0.394015 1.42946e-38 3
0.0888259 0.287017 0.39597 1.42946e-38 3
0.0952918 0.287017 0.39597 1.49386e-38 3
0.101758 0.287017 0.39597 1.53977e-38 3
0.108764 0.288449 0.397945 1.48464e-38 3
0.117013 0.29283 0.40399 1.4018e-38 3
0.123609 0.29283 0.40399 1.42943e-38 3
0.131876 0.296585 0.409169 1.29099e-38 3
0.138203 0.295826 0.408123 1.46616e-38 3
0.145239 0.296585 0.409169 1.30954e-38 3
0.163576 0.282117 0.38921 1.38315e-38 3
0.168697 0.280068 0.386383 1.54907e-38 3
0.175431 0.280748 0.38732 1.3645e-38 3
0.180878 0.279391 0.385449 1.39233e-38 3
0.188081 0.280748 0.38732 1.30943e-38 3
0.194879 0.281431 0.388263 1.3279e-38 3
0.201709 0.282117 0.38921 1.17114e-38 3
0.208065 0.282117 0.38921 1.40162e-38 3
0.212349 0.279391 0.385449 1.36475e-38 3
0.219173 0.280068 0.386383 1.31865e-38 3
0.225482 0.280068 0.386383 1.37397e-38 3
0.231791 0.280068 0.386383 1.39241e-38 3
0.238101 0.280068 0.386383 1.33709e-38 3
0.242648 0.278048 0.383596 1.31865e-38 3
0.245372 0.274095 0.378142 1.42925e-38 3
0.250361 0.272802 0.376358 1.35546e-38 3
1.1329 1.20487 1.66225 1.37389e-38 3
0.261419 0.271521 0.374591 1.24475e-38 3
0.268165 0.27216 0.375473 1.27241e-38 3
0.274944 0.272802 0.376358 1.17099e-38 3
0.280428 0.27216 0.375473 1.20787e-38 3
0.287235 0.272802 0.376358 1.3185e-38 3
0.294771 0.274095 0.378142 1.12497e-38 3
0.300234 0.273447 0.377248 1.40148e-38 3
0.311818 0.272802 0.376358 1.65034e-38 3
0.317215 0.27216 0.375473 1.44747e-38 3
0.324875 0.273447 0.377248 1.43822e-38 3
0.328704 0.271521 0.374591 1.32765e-38 3
0.34287 0.278048 0.383596 1.36457e-38 3
0.35598 0.2835 0.391118 1.29081e-38 3
0.362366 0.2835 0.391118 1.28159e-38 3
0.365173 0.280748 0.38732 1.17103e-38 3
0.385534 0.291355 0.401955 1.16181e-38 3
0.396089 0.294321 0.406046 1.14337e-38 3
0.389824 0.284897 0.393044 1.06039e-38 3
0.408311 0.293574 0.405015 1.10653e-38 3
0.423524 0.299658 0.413409 1.18028e-38 3
0.437068 0.304389 0.419937 1.09731e-38 3
0.45965 0.315172 0.434812 1.15259e-38 3
0.416295 0.272802 0.376358 1.06954e-38 3
0.430618 0.274095 0.378142 9.95857e-39 3
0.43576 0.273447 0.377248 8.29905e-39 3
0.440878 0.272802 0.376358 1.00508e-38 3
0.447023 0.272802 0.376358 1.02352e-38 3
0.456398 0.274746 0.37904 8.11393e-39 3
-0.325036 0.276988 0.373714 7.92954e-39 3
-0.318934 0.276988 0.373714 8.66711e-39 3
-0.313566 0.277638 0.374591 9.95784e-39 3
-0.307449 0.277638 0.374591 8.8515e-39 3
-0.302753 0.278948 0.376358 8.8515e-39 3
-0.298013 0.28027 0.378142 8.2994e-39 3
-0.269919 0.289887 0.391118 1.17106e-38 3
-0.26418 0.290599 0.392079 1.03281e-38 3
-0.256517 0.289178 0.390161 9.49866e-39 3
-0.251375 0.290599 0.392079 1.1066e-38 3
-0.244372 0.289887 0.391118 1.19883e-38 3
-0.237985 0.289887 0.391118 1.01444e-38 3
-0.231032 0.289178 0.390161 9.86672e-39 3
-0.226321 0.291315 0.393044 1.09738e-38 3
-0.222091 0.294213 0.396955 1.0144e-38 3
-0.215609 0.294213 0.396955 1.01433e-38 3
-0.209127 0.294213 0.396955 1.19865e-38 3
-0.207286 0.300951 0.406046 1.2078e-38 3
-0.201167 0.301719 0.407082 1.21695e-38 3
-0.19452 0.301719 0.407082 1.36446e-38 3
-0.186919 0.300187 0.405015 1.18014e-38 3
-0.178943 0.297919 0.401955 1.31847e-38 3
-0.171515 0.296425 0.39994 1.14333e-38 3
-0.00916409 0.329453 0.444501 1.60449e-38 3
0.0480051 0.281604 0.379943 1.68772e-38 3
0.0543387 0.282276 0.38085 1.65084e-38 3
0.0604136 0.281604 0.379943 1.57694e-38 3
0.0670971 0.28363 0.382676 1.55839e-38 3
0.0740563 0.286377 0.386383 1.56761e-38 3
0.0815505 0.290599 0.392079 1.51229e-38 3
0.0881695 0.291315 0.393044 1.65059e-38 3
0.0945877 0.291315 0.393044 1.62293e-38 3
0.132035 0.275696 0.371972 1.46613e-38 3
0.13715 0.273782 0.369389 1.40173e-38 3
0.141868 0.27127 0.366 1.57694e-38 3
0.17209 0.281604 0.379943 1.36453e-38 3
0.177449 0.28027 0.378142 1.45676e-38 3
0.184939 0.282276 0.38085 1.36467e-38 3
0.192075 0.28363 0.382676 1.30946e-38 3
0.200244 0.286377 0.386383 1.28188e-38 3
0.207055 0.287072 0.38732 1.30032e-38 3
0.209315 0.281604 0.379943 1.27266e-38 3
0.21552 0.281604 0.379943 1.48457e-38 3
0.226029 0.287072 0.38732 1.44779e-38 3
0.231791 0.286377 0.386383 1.31865e-38 3
0.242066 0.28363 0.382676 1.45687e-38 3
0.244792 0.279607 0.377248 1.46613e-38 3
0.250361 0.278948 0.376358 1.44769e-38 3
1.15701 1.25823 1.69762 1.28177e-38 3
1.18473 1.25823 1.69762 1.38304e-38 3
1.21245 1.25823 1.69762 1.53974e-38 3
0.271107 0.275055 0.371107 1.35538e-38 3
0.27977 0.277638 0.374591 1.31858e-38 3
0.288596 0.28027 0.378142 1.52126e-38 3
0.293381 0.278948 0.376358 1.38304e-38 3
0.298822 0.278291 0.375473 1.23553e-38 3
0.303525 0.276988 0.373714 1.30007e-38 3
0.307467 0.275055 0.371107 1.40148e-38 3
0.3078 0.270031 0.364329 1.6319e-38 3
0.312323 0.268804 0.362673 1.3829e-38 3
0.319699 0.270031 0.364329 1.26304e-38 3
0.327142 0.27127 0.366 1.18939e-38 3
0.347463 0.282952 0.381761 1.21705e-38 3
0.355398 0.284312 0.383596 1.2262e-38 3
0.361662 0.284312 0.383596 1.2262e-38 3
0.367925 0.284312 0.383596 1.21713e-38 3
0.374189 0.284312 0.383596 1.15252e-38 3
0.380453 0.284312 0.383596 1.16174e-38 3
0.392376 0.288473 0.38921 1.12497e-38 3
0.423524 0.306409 0.413409 1.10653e-38 3
0.432515 0.308005 0.415562 1.06039e-38 3
0.481976 0.337925 0.455931 1.06961e-38 3
0.403911 0.270649 0.365162 1.08791e-38 3
0.411758 0.271894 0.366841 1.0511e-38 3
0.423591 0.275696 0.371972 9.58906e-39 3
0.430669 0.276341 0.372841 8.29905e-39 3
0.43778 0.276988 0.373714 9.77346e-39 3
0.443883 0.276988 0.373714 9.68126e-39 3
0.453169 0.278948 0.376358 9.77346e-39 3
-0.323521 0.28177 0.371972 6.6388e-39 3
-0.317447 0.28177 0.371972 7.74515e-39 3
-0.310649 0.281115 0.371107 7.83734e-39 3
-0.301088 0.277884 0.366841 7.37637e-39 3
-0.295777 0.278524 0.367687 9.03589e-39 3
-0.291115 0.279814 0.369389 7.46964e-39 3
-0.281821 0.276612 0.365162 7.37745e-39 3
-0.272122 0.272866 0.360217 9.49794e-39 3
-0.268666 0.275352 0.363499 1.01433e-38 3
-0.259713 0.29198 0.385449 1.06046e-38 3
-0.252808 0.291276 0.38452 1.02362e-38 3
-0.246529 0.291276 0.38452 1.19883e-38 3
-0.240831 0.29198 0.385449 1.16195e-38 3
-0.235675 0.293397 0.38732 9.49902e-39 3
-0.228795 0.292687 0.386383 1.0972e-38 3
-0.223568 0.294111 0.388263 1.18957e-38 3
-0.21829 0.295549 0.390161 1.0605e-38 3
-0.212961 0.297001 0.392079 1.07887e-38 3
-0.207067 0.297733 0.393044 1.15255e-38 3
-0.204682 0.303717 0.400945 1.07872e-38 3
-0.198634 0.304482 0.401955 1.31836e-38 3
-0.191587 0.303717 0.400945 1.25382e-38 3
-0.183199 0.300695 0.396955 1.19858e-38 3
-0.175842 0.299207 0.39499 1.11564e-38 3
-0.168558 0.297733 0.393044 1.15252e-38 3
-0.161741 0.297001 0.392079 1.06043e-38 3
-0.110928 0.28177 0.371972 1.2539e-38 3
-0.104368 0.280463 0.370246 1.36467e-38 3
0.0476646 0.285767 0.377248 1.77991e-38 3
0.0539524 0.286444 0.378142 1.59552e-38 3
0.0599851 0.285767 0.377248 1.67835e-38 3
0.0666178 0.287808 0.379943 1.77044e-38 3
0.0731705 0.289186 0.381761 1.74289e-38 3
0.0813506 0.296273 0.391118 1.56772e-38 3
0.0881695 0.297733 0.393044 1.58616e-38 3
0.0943553 0.297001 0.392079 1.52159e-38 3
0.136518 0.278524 0.367687 1.42939e-38 3
0.141221 0.275981 0.364329 1.5585e-38 3
0.170466 0.285093 0.376358 1.38301e-38 3
0.175783 0.283755 0.374591 1.49375e-38 3
0.183624 0.286444 0.378142 1.41077e-38 3
0.187138 0.282429 0.372841 1.3279e-38 3
0.190555 0.278524 0.367687 1.47549e-38 3
0.196559 0.278524 0.367687 1.31876e-38 3
0.205403 0.282429 0.372841 1.3372e-38 3
0.213486 0.285093 0.376358 1.42006e-38 3
0.219632 0.285093 0.376358 1.43858e-38 3
0.232354 0.293397 0.38732 1.18036e-38 3
0.236953 0.291276 0.38452 1.42006e-38 3
0.242648 0.290576 0.383596 1.29092e-38 3
0.246541 0.287808 0.379943 1.30017e-38 3
0.249185 0.283755 0.374591 1.38326e-38 3
1.20843 1.34311 1.77307 1.30939e-38 3
1.22379 1.32835 1.75358 1.4568e-38 3
1.26634 1.34311 1.77307 1.5213e-38 3
1.29529 1.34311 1.77307 1.41988e-38 3
0.273353 0.277247 0.366 1.26326e-38 3
0.284551 0.282429 0.372841 1.3646e-38 3
0.293381 0.285093 0.376358 1.41992e-38 3
0.297422 0.28309 0.373714 1.43836e-38 3
0.302815 0.282429 0.372841 1.4568e-38 3
0.302542 0.276612 0.365162 1.46605e-38 3
0.305015 0.273483 0.361032 1.29077e-38 3
0.31091 0.273483 0.361032 1.25386e-38 3
0.315379 0.272251 0.359405 1.31836e-38 3
0.319807 0.27103 0.357794 1.41066e-38 3
0.325649 0.27103 0.357794 1.31847e-38 3
0.334492 0.273483 0.361032 1.26312e-38 3
0.340387 0.273483 0.361032 1.2262e-38 3
0.331292 0.261644 0.345403 1.15252e-38 3
0.337663 0.262212 0.346152 1.10642e-38 3
0.344812 0.263354 0.34766 1.03266e-38 3
0.368978 0.277247 0.366 1.10653e-38 3
0.4087 0.302199 0.39894 1.14341e-38 3
0.399342 0.273483 0.361032 1.06025e-38 3
0.406156 0.274103 0.36185 1.06947e-38 3
0.41679 0.277247 0.366 9.22028e-39 3
0.423739 0.277884 0.366841 9.22028e-39 3
0.434726 0.281115 0.371107 8.94369e-39 3
0.439763 0.280463 0.370246 8.57491e-39 3
0.451042 0.283755 0.374591 1.01422e-38 3
-0.319059 0.283874 0.366841 8.11393e-39 3
-0.311636 0.282575 0.365162 9.77345e-39 3
-0.296991 0.280012 0.36185 1.0511e-38 3
-0.291744 0.280648 0.362673 8.20612e-39 3
-0.286473 0.281288 0.363499 6.54768e-39 3
-0.279265 0.280012 0.36185 8.2072e-39 3
-0.270899 0.277495 0.358598 1.02355e-38 3
-0.26624 0.278748 0.360217 1.07887e-38 3
-0.260358 0.278748 0.360217 1.00518e-38 3
-0.253588 0.291239 0.376358 1.02355e-38 3
-0.248027 0.291927 0.377248 1.04206e-38 3
-0.241867 0.291927 0.377248 1.12507e-38 3
-0.236826 0.293314 0.37904 1.15273e-38 3
-0.230637 0.293314 0.37904 1.17114e-38 3
-0.224447 0.293314 0.37904 1.19865e-38 3
-0.2193 0.294714 0.38085 1.12504e-38 3
-0.215134 0.297555 0.38452 1.0144e-38 3
-0.211402 0.301184 0.38921 1.15262e-38 3
-0.205548 0.30192 0.390161 1.12489e-38 3
-0.200649 0.304151 0.393044 1.33687e-38 3
-0.194231 0.304151 0.393044 1.21695e-38 3
-0.187812 0.304151 0.393044 1.2262e-38 3
-0.180064 0.30192 0.390161 1.04181e-38 3
-0.173693 0.30192 0.390161 1.26315e-38 3
-0.167321 0.30192 0.390161 1.35535e-38 3
-0.16095 0.30192 0.390161 1.2356e-38 3
-0.110158 0.285846 0.369389 1.1433e-38 3
-0.104126 0.285846 0.369389 1.22638e-38 3
0.0591461 0.287845 0.371972 1.75218e-38 3
0.0656795 0.289872 0.374591 1.91806e-38 3
0.0716282 0.289193 0.373714 1.72445e-38 3
0.0777308 0.289193 0.373714 1.61382e-38 3
0.0838333 0.289193 0.373714 1.74289e-38 3
0.135581 0.282575 0.365162 1.51229e-38 3
0.141221 0.28193 0.364329 1.41102e-38 3
0.164871 0.262735 0.339523 1.40162e-38 3
0.17151 0.264423 0.341704 1.30021e-38 3
0.18378 0.274412 0.354613 1.27266e-38 3
0.183062 0.26499 0.342438 1.38329e-38 3
0.202563 0.284528 0.367687 1.2911e-38 3
0.211491 0.288517 0.372841 1.27255e-38 3
0.218601 0.289872 0.374591 1.33716e-38 3
0.231791 0.298996 0.386383 1.29099e-38 3
0.231924 0.291239 0.376358 1.26333e-38 3
0.242648 0.29684 0.383596 1.36467e-38 3
0.240807 0.287175 0.371107 1.32787e-38 3
1.17948 1.37206 1.77307 1.39248e-38 3
1.20843 1.37206 1.77307 1.41092e-38 3
1.23738 1.37206 1.77307 1.49375e-38 3
0.248843 0.269619 0.348419 1.4568e-38 3
0.254533 0.269619 0.348419 1.55829e-38 3
0.266031 0.275637 0.356196 1.35545e-38 3
0.27679 0.280648 0.362673 1.39226e-38 3
0.285306 0.283223 0.366 1.21709e-38 3
0.293301 0.285186 0.368536 1.32772e-38 3
0.297259 0.283223 0.366 1.40148e-38 3
0.297772 0.27812 0.359405 1.56747e-38 3
0.303641 0.27812 0.359405 1.47524e-38 3
0.308122 0.276873 0.357794 1.41063e-38 3
0.312563 0.275637 0.356196 1.29992e-38 3
0.318379 0.275637 0.356196 1.41063e-38 3
0.315053 0.267864 0.346152 1.24475e-38 3
0.320706 0.267864 0.346152 1.2539e-38 3
0.326358 0.267864 0.346152 1.19858e-38 3
0.329864 0.266132 0.343914 1.19861e-38 3
0.33548 0.266132 0.343914 1.13408e-38 3
0.342573 0.267284 0.345403 1.15252e-38 3
0.348968 0.267864 0.346152 9.68234e-39 3
0.364911 0.275637 0.356196 1.06965e-38 3
0.380931 0.283223 0.366 1.06965e-38 3
0.39576 0.276873 0.357794 1.20776e-38 3
0.412065 0.280012 0.36185 9.40395e-39 3
0.417028 0.279379 0.361032 1.04188e-38 3
0.425814 0.281288 0.363499 1.04181e-38 3
0.430768 0.280648 0.362673 8.02102e-39 3
-0.315433 0.286571 0.362673 8.48307e-39 3
-0.293662 0.282715 0.357794 8.48271e-39 3
-0.276755 0.283351 0.358598 8.66818e-39 3
-0.268486 0.280827 0.355403 1.02355e-38 3
-0.262682 0.280827 0.355403 1.02355e-38 3
-0.256879 0.280827 0.355403 9.59086e-39 3
-0.250517 0.280202 0.354613 1.05128e-38 3
-0.244727 0.280202 0.354613 1.18961e-38 3
-0.241621 0.283351 0.358598 1.01433e-38 3
-0.240632 0.2892 0.366 1.05128e-38 3
-0.240163 0.295989 0.374591 1.05132e-38 3
-0.235151 0.297385 0.376358 1.17117e-38 3
-0.229005 0.297385 0.376358 1.30943e-38 3
-0.222859 0.297385 0.376358 1.20787e-38 3
-0.216713 0.297385 0.376358 1.28177e-38 3
-0.210568 0.297385 0.376358 1.07894e-38 3
-0.208353 0.303104 0.383596 1.1434e-38 3
-0.204051 0.306046 0.38732 1.30928e-38 3
-0.199177 0.308291 0.390161 1.30921e-38 3
-0.193278 0.309047 0.391118 1.34609e-38 3
-0.186435 0.308291 0.390161 1.20783e-38 3
-0.177034 0.303104 0.383596 1.2262e-38 3
-0.17077 0.303104 0.383596 1.22627e-38 3
-0.10965 0.290532 0.367687 1.23553e-38 3
0.0646177 0.291203 0.368536 1.77977e-38 3
0.0711285 0.293235 0.371107 1.78906e-38 3
0.0770094 0.292555 0.370246 1.79828e-38 3
0.0822915 0.289865 0.366841 1.61385e-38 3
0.101806 0.277734 0.351489 1.8442e-38 3
0.107309 0.277123 0.350716 1.57705e-38 3
0.113036 0.277123 0.350716 1.65088e-38 3
0.117985 0.275308 0.348419 1.63226e-38 3
0.12287 0.273517 0.346152 1.77041e-38 3
0.138999 0.283351 0.358598 1.39258e-38 3
0.164172 0.267142 0.338085 1.40162e-38 3
0.170415 0.268279 0.339523 1.34631e-38 3
0.174843 0.266577 0.33737 1.3372e-38 3
0.181118 0.267709 0.338802 1.39251e-38 3
0.187048 0.268279 0.339523 1.44783e-38 3
0.209533 0.291878 0.369389 1.37397e-38 3
0.217579 0.294605 0.372841 1.4017e-38 3
0.223668 0.294605 0.372841 1.28177e-38 3
0.228687 0.293235 0.371107 1.32787e-38 3
0.234747 0.293235 0.371107 1.3278e-38 3
1.12551 1.37056 1.73452 1.23567e-38 3
1.14143 1.35582 1.71587 1.38326e-38 3
1.18216 1.37056 1.73452 1.38326e-38 3
1.21048 1.37056 1.73452 1.34627e-38 3
0.24249 0.268279 0.339523 1.5213e-38 3
0.248034 0.268279 0.339523 1.48453e-38 3
0.254662 0.269425 0.340974 1.26333e-38 3
0.267078 0.276516 0.349947 1.41999e-38 3
0.277664 0.281453 0.356196 1.28159e-38 3
0.28348 0.281453 0.356196 1.36457e-38 3
0.289297 0.281453 0.356196 1.37382e-38 3
0.295113 0.281453 0.356196 1.3185e-38 3
0.30093 0.281453 0.356196 1.46612e-38 3
0.306746 0.281453 0.356196 1.5213e-38 3
0.312563 0.281453 0.356196 1.43825e-38 3
0.316964 0.280202 0.354613 1.41985e-38 3
0.308364 0.267709 0.338802 1.4568e-38 3
0.317265 0.270582 0.342438 1.3646e-38 3
0.323551 0.271164 0.343174 1.20773e-38 3
0.327745 0.270002 0.341704 1.26312e-38 3
0.331197 0.268279 0.339523 1.18018e-38 3
0.338905 0.270002 0.341704 1.19862e-38 3
0.354349 0.277734 0.351489 1.05121e-38 3
0.360088 0.277734 0.351489 1.12497e-38 3
0.362633 0.275308 0.348419 1.00511e-38 3
0.368322 0.275308 0.348419 1.03277e-38 3
0.369176 0.271748 0.343914 9.49687e-39 3
0.383047 0.277734 0.351489 8.8515e-39 3
0.388786 0.277734 0.351489 8.57347e-39 3
0.394526 0.277734 0.351489 1.06018e-38 3
0.404723 0.280827 0.355403 1.03259e-38 3
0.411443 0.281453 0.356196 1.02337e-38 3
0.421018 0.283989 0.359405 1.10635e-38 3
