# .PCD v0.7 - Point Cloud Data file format
VERSION 0.7
FIELDS x y z rgb label
SIZE 4 4 4 4 4
TYPE F F F F U
COUNT 1 1 1 1 1
WIDTH 3506
HEIGHT 1
VIEWPOINT 0 0 0 1 0 0 0
POINTS 3506
DATA ascii
-4.3372 0.601689 4.98675 2.02616e-39 1
0.246875 0.186699 1.10052 3.22685e-39 3
0.696294 0.208242 1.22751 2.67188e-39 3
0.727531 0.211495 1.24669 1.93431e-39 3
5.59734 0.845981 4.98675 1.84212e-39 1
0.058469 0.243256 1.308 1.84391e-39 3
0.0785403 0.239332 1.2869 3.13465e-39 3
0.0935211 0.224827 1.20891 3.22864e-39 3
0.102401 0.203268 1.09299 2.58327e-39 3
0.120249 0.203268 1.09299 2.76587e-39 3
0.130923 0.192709 1.03621 2.39637e-39 3
0.142299 0.185482 0.99735 3.50307e-39 3
0.272058 0.243256 1.308 3.59563e-39 3
0.243516 0.201886 1.08555 1.84391e-39 3
0.686816 0.231853 1.24669 2.11979e-39 3
0.707174 0.231853 1.24669 3.22505e-39 3
0.751 0.239332 1.2869 2.85735e-39 3
0.784671 0.243256 1.308 2.39673e-39 3
5.59734 0.927412 4.98675 2.02651e-39 1
-0.59392 0.260346 1.2869 2.58147e-39 3
-0.563811 0.256214 1.26648 2.76622e-39 3
-0.534644 0.252211 1.24669 3.04353e-39 3
-0.514287 0.252211 1.24669 2.85878e-39 3
-0.509862 0.260346 1.2869 3.22684e-39 3
-0.488848 0.260346 1.2869 2.39709e-39 3
-0.467833 0.260346 1.2869 3.13501e-39 3
-0.181918 0.219612 1.08555 2.21341e-39 3
-0.00518277 0.244568 1.20891 3.78218e-39 3
0.0154972 0.260346 1.2869 3.78146e-39 3
0.0365116 0.260346 1.2869 3.50415e-39 3
0.0548709 0.24833 1.22751 3.04281e-39 3
0.0737803 0.244568 1.20891 2.49e-39 3
0.089455 0.233934 1.15635 2.85986e-39 3
0.101017 0.218128 1.07822 3.9662e-39 3
0.115502 0.212388 1.04984 3.78037e-39 3
0.130923 0.20963 1.03621 3.87185e-39 3
0.237166 0.336281 1.66225 3.41087e-39 3
0.264309 0.336281 1.66225 2.76622e-39 3
0.22934 0.264614 1.308 2.95026e-39 3
0.209488 0.221116 1.09299 3.41196e-39 3
0.259305 0.252211 1.24669 3.50343e-39 3
0.27536 0.24833 1.22751 3.78002e-39 3
0.361093 0.252211 1.24669 3.31976e-39 3
0.67625 0.24833 1.22751 1.74992e-39 3
0.707174 0.252211 1.24669 2.48749e-39 3
0.751 0.260346 1.2869 2.02758e-39 3
0.784671 0.264614 1.308 1.75208e-39 3
1.26071 0.413884 2.04585 1.66061e-39 3
5.59734 1.00884 4.98675 3.40944e-39 3
5.67877 1.00884 4.98675 1.84212e-39 3
-1.04398 0.356008 1.62833 1.751e-39 3
-0.944923 0.348887 1.59576 3.68711e-39 3
-0.900848 0.342046 1.56447 2.57968e-39 3
-0.892807 0.348887 1.59576 2.57969e-39 3
-0.730163 0.323044 1.47756 3.50272e-39 3
-0.693198 0.31717 1.45069 3.41052e-39 3
-0.603656 0.285973 1.308 3.31868e-39 3
-0.563811 0.276895 1.26648 3.78001e-39 3
-0.534644 0.272568 1.24669 4.70268e-39 3
-0.506374 0.268375 1.22751 4.05732e-39 3
-0.493929 0.272568 1.24669 3.41124e-39 3
-0.481088 0.276895 1.26648 4.33319e-39 3
-0.467833 0.281361 1.2869 3.13537e-39 3
-0.439727 0.276895 1.26648 3.41195e-39 3
-0.419046 0.276895 1.26648 3.22829e-39 3
-0.40479 0.281361 1.2869 2.49109e-39 3
-0.362761 0.281361 1.2869 2.49e-39 3
-0.336323 0.276895 1.26648 2.76587e-39 3
-0.277351 0.260364 1.19087 2.85806e-39 3
-0.254112 0.256535 1.17335 3.78037e-39 3
-0.225025 0.245695 1.12377 3.87293e-39 3
-0.206674 0.245695 1.12377 3.96513e-39 3
-0.17828 0.232592 1.06384 1.75316e-39 3
-0.0387874 0.229531 1.04984 2.39745e-39 3
-0.0234993 0.249205 1.13983 3.22829e-39 3
-0.00518277 0.264309 1.20891 3.31976e-39 3
0.014558 0.264309 1.20891 3.13537e-39 3
0.0342988 0.264309 1.20891 2.85986e-39 3
0.0466224 0.228031 1.04298 4.42574e-39 3
0.0667055 0.238964 1.09299 4.14952e-39 3
0.0791332 0.223646 1.02292 4.33499e-39 3
0.0964553 0.225089 1.02952 3.87473e-39 3
0.114002 0.22655 1.03621 4.14952e-39 3
0.132646 0.229531 1.04984 3.50343e-39 3
0.182872 0.228031 1.04298 3.59419e-39 3
0.20527 0.234153 1.07098 3.77966e-39 3
0.224264 0.235735 1.07822 3.41124e-39 3
0.263212 0.256535 1.17335 3.96441e-39 3
0.274304 0.249205 1.13983 3.68818e-39 3
0.278969 0.237338 1.08555 3.13536e-39 3
0.29469 0.235735 1.07822 3.50415e-39 3
0.314421 0.237338 1.08555 3.22684e-39 3
1.8881 1.16296 5.3192 3.41195e-39 3
0.423206 0.249205 1.13983 2.95206e-39 3
0.441819 0.249205 1.13983 4.42574e-39 3
0.467104 0.252817 1.15635 3.41159e-39 3
0.500494 0.260364 1.19087 3.50379e-39 3
0.552952 0.276895 1.26648 3.31904e-39 3
0.573633 0.276895 1.26648 3.87294e-39 3
0.6039 0.281361 1.2869 4.14952e-39 3
0.627255 0.256535 1.17335 2.95026e-39 3
0.666003 0.264309 1.20891 3.87078e-39 3
0.707174 0.272568 1.24669 3.3176e-39 3
0.763312 0.285973 1.308 4.05589e-39 3
1.04054 0.379225 1.73452 2.58148e-39 3
1.26071 0.447292 2.04585 2.21306e-39 3
1.32818 0.459062 2.09968 3.31869e-39 3
2.90848 0.60153 2.75131 1.38294e-39 3
4.97541 0.969132 4.43267 2.85735e-39 3
5.67877 1.09027 4.98675 3.22505e-39 3
-1.65476 0.493349 2.09968 3.03995e-39 3
-1.31017 0.398878 1.69762 2.58112e-39 3
-1.28245 0.398878 1.69762 3.59599e-39 3
-1.04398 0.382597 1.62833 2.11978e-39 3
-1.01739 0.382597 1.62833 3.50343e-39 3
-0.970981 0.374945 1.59576 5.07076e-39 3
-0.926395 0.367593 1.56447 2.95026e-39 3
-0.900848 0.367593 1.56447 3.50272e-39 3
-0.875301 0.367593 1.56447 2.2109e-39 3
-0.866749 0.374945 1.59576 3.41052e-39 3
-0.840691 0.374945 1.59576 3.04246e-39 3
-0.814634 0.374945 1.59576 3.50343e-39 3
-0.716887 0.340859 1.45069 2.11978e-39 3
-0.646202 0.31775 1.35234 3.31868e-39 3
-0.603656 0.307332 1.308 4.886e-39 3
-0.572905 0.302375 1.2869 4.05624e-39 3
-0.534644 0.292926 1.24669 3.78037e-39 3
-0.514287 0.292926 1.24669 4.42611e-39 3
-0.493929 0.292926 1.24669 3.68783e-39 3
-0.466285 0.288419 1.22751 3.04246e-39 3
-0.453213 0.292926 1.24669 2.67439e-39 3
-0.439727 0.297576 1.26648 2.95098e-39 3
-0.419046 0.297576 1.26648 3.59707e-39 3
-0.40479 0.302375 1.2869 3.50559e-39 3
-0.193077 0.246675 1.04984 4.5183e-39 3
-0.177099 0.248308 1.05679 4.51938e-39 3
-0.163082 0.253341 1.07822 4.42719e-39 3
-0.0216441 0.246675 1.04984 3.68962e-39 3
-0.00481779 0.264046 1.12377 4.0566e-39 3
0.0135328 0.264046 1.12377 4.14952e-39 3
0.0279472 0.231448 0.985037 4.0584e-39 3
0.044863 0.235815 1.00362 5.25622e-39 3
0.0601173 0.231448 0.985037 4.70305e-39 3
0.0757349 0.230028 0.978994 3.87401e-39 3
0.098359 0.246675 1.04984 2.86057e-39 3
0.131018 0.27981 1.19087 2.85986e-39 3
0.173811 0.323229 1.37565 3.96513e-39 3
0.206981 0.340859 1.45069 3.04317e-39 3
0.201379 0.297576 1.26648 4.33355e-39 3
0.187782 0.251641 1.07098 4.33283e-39 3
0.208063 0.255065 1.08555 4.05624e-39 3
0.221274 0.249963 1.06384 3.87257e-39 3
0.232447 0.243471 1.03621 3.78002e-39 3
0.252649 0.246675 1.04984 3.68818e-39 3
0.271579 0.248308 1.05679 3.3194e-39 3
0.286935 0.246675 1.04984 4.241e-39 3
0.302091 0.245062 1.04298 3.04245e-39 3
0.42271 0.27981 1.19087 4.97928e-39 3
0.423206 0.267818 1.13983 3.68926e-39 3
0.441819 0.267818 1.13983 3.96441e-39 3
0.460432 0.267818 1.13983 2.76587e-39 3
0.493134 0.275695 1.17335 3.13465e-39 3
0.535938 0.288419 1.22751 1.93611e-39 3
0.547559 0.284049 1.20891 4.14952e-39 3
0.558832 0.27981 1.19087 3.68854e-39 3
0.578279 0.27981 1.19087 3.04246e-39 3
0.602219 0.281914 1.19982 3.4116e-39 3
0.55879 0.253341 1.07822 3.87366e-39 3
0.618164 0.271699 1.15635 3.87222e-39 3
0.666003 0.284049 1.20891 3.68746e-39 3
0.718399 0.297576 1.26648 3.04209e-39 3
0.763312 0.307332 1.308 3.31904e-39 3
2.63678 0.60475 2.57381 1.751e-39 3
2.86355 0.646457 2.75131 2.39709e-39 3
2.72083 0.60475 2.57381 2.21234e-39 3
2.9534 0.646457 2.75131 2.02795e-39 3
2.80489 0.60475 2.57381 2.12015e-39 3
4.78212 0.986698 4.19937 1.751e-39 3
-0.67874 0.18565 0.738778 1.65917e-39 3
-0.642867 0.179019 0.712393 2.85699e-39 3
-0.631234 0.179019 0.712393 2.67296e-39 3
-1.31017 0.426599 1.69762 2.58112e-39 3
-1.25573 0.417712 1.66225 2.39709e-39 3
-1.22859 0.417712 1.66225 3.04174e-39 3
-0.970981 0.401003 1.59576 3.50343e-39 3
-0.926395 0.39314 1.56447 2.2127e-39 3
-0.900848 0.39314 1.56447 2.48856e-39 3
-0.892807 0.401003 1.59576 3.31832e-39 3
-0.866749 0.401003 1.59576 4.1488e-39 3
-0.840691 0.401003 1.59576 3.59635e-39 3
-0.814634 0.401003 1.59576 4.42611e-39 3
-0.788576 0.401003 1.59576 4.0566e-39 3
-0.693198 0.364548 1.45069 2.67367e-39 3
-0.613717 0.334169 1.3298 2.21233e-39 3
-0.582297 0.328691 1.308 2.95026e-39 3
-0.534644 0.313284 1.24669 3.59563e-39 3
-0.506374 0.308464 1.22751 2.58148e-39 3
-0.478961 0.30379 1.20891 2.67367e-39 3
-0.459221 0.30379 1.20891 3.13465e-39 3
-0.43948 0.30379 1.20891 4.79489e-39 3
-0.407394 0.294855 1.17335 3.59635e-39 3
-0.382607 0.290582 1.15635 3.32048e-39 3
-0.398365 0.318256 1.26648 5.07292e-39 3
-0.214453 0.26913 1.07098 4.24172e-39 3
-0.188126 0.257053 1.02292 4.42646e-39 3
-0.177099 0.265565 1.05679 4.79596e-39 3
-0.163082 0.270948 1.07822 6.0867e-39 3
-0.0382837 0.260392 1.03621 4.05696e-39 3
-0.0208222 0.253799 1.00997 5.25622e-39 3
-0.00427578 0.250627 0.99735 5.25694e-39 3
0.0117174 0.244514 0.973024 4.42754e-39 3
0.0271104 0.240122 0.955545 4.79524e-39 3
0.0424596 0.238692 0.949857 4.88851e-39 3
0.0576272 0.23728 0.944237 4.42753e-39 3
0.0726164 0.235884 0.938682 5.07363e-39 3
0.098359 0.263818 1.04984 3.5063e-39 3
0.137159 0.313284 1.24669 4.52045e-39 3
0.173811 0.345692 1.37565 4.61157e-39 3
0.186622 0.328691 1.308 4.61157e-39 3
0.201379 0.318256 1.26648 4.61085e-39 3
0.215227 0.308464 1.22751 4.24206e-39 3
0.212398 0.278474 1.10817 4.79524e-39 3
0.222759 0.26913 1.07098 3.96656e-39 3
0.226562 0.253799 1.00997 3.5967e-39 3
0.250997 0.262093 1.04298 3.5045e-39 3
0.271579 0.265565 1.05679 4.24135e-39 3
0.28506 0.262093 1.04298 3.68818e-39 3
0.30013 0.260392 1.03621 3.68854e-39 3
0.295914 0.243032 0.967127 4.14952e-39 3
0.409373 0.30379 1.20891 4.42574e-39 3
0.429114 0.30379 1.20891 4.33499e-39 3
0.42934 0.290582 1.15635 3.87366e-39 3
0.448222 0.290582 1.15635 4.14952e-39 3
0.467104 0.290582 1.15635 3.96441e-39 3
0.493134 0.294855 1.17335 2.67367e-39 3
0.51994 0.299256 1.19087 3.68783e-39 3
0.539386 0.299256 1.19087 3.68854e-39 3
0.580493 0.310855 1.23702 3.22756e-39 3
0.596072 0.308464 1.22751 2.67367e-39 3
0.606781 0.30379 1.20891 3.41124e-39 3
0.626522 0.30379 1.20891 2.95062e-39 3
0.568711 0.267335 1.06384 3.13465e-39 3
0.610503 0.278474 1.10817 3.77966e-39 3
0.655929 0.290582 1.15635 3.96477e-39 3
0.763312 0.328691 1.308 4.88637e-39 3
0.715888 0.172846 0.687827 2.48893e-39 3
2.63581 0.626567 2.49337 3.1343e-39 3
2.67652 0.626567 2.49337 2.58112e-39 3
0.96506 0.209949 0.835476 2.11943e-39 3
-0.6545 0.190652 0.712393 1.47622e-39 3
-0.642867 0.190652 0.712393 1.65989e-39 3
-0.631234 0.190652 0.712393 1.65881e-39 3
-0.619601 0.190652 0.712393 2.48928e-39 3
-1.22859 0.444855 1.66225 3.68711e-39 3
-1.20144 0.444855 1.66225 2.58076e-39 3
-1.08397 0.410635 1.53438 3.13465e-39 3
-1.07968 0.418687 1.56447 3.41196e-39 3
-1.12001 0.444855 1.66225 3.68782e-39 3
-0.970981 0.427061 1.59576 3.04245e-39 3
-0.944923 0.427061 1.59576 2.67439e-39 3
-0.937617 0.435776 1.62833 3.59563e-39 3
-0.911028 0.435776 1.62833 3.87185e-39 3
-0.884438 0.435776 1.62833 3.68818e-39 3
-0.840691 0.427061 1.59576 2.67439e-39 3
-0.848577 0.444855 1.66225 2.30561e-39 3
-0.646018 0.374615 1.39979 3.50379e-39 3
-0.592002 0.355884 1.3298 3.50343e-39 3
-0.534644 0.333641 1.24669 3.59563e-39 3
-0.498702 0.323531 1.20891 3.59598e-39 3
-0.451592 0.305043 1.13983 3.78002e-39 3
-0.383653 0.270292 1.00997 4.33319e-39 3
-0.358095 0.263618 0.985037 3.13537e-39 3
-0.337839 0.260403 0.973024 2.76658e-39 3
-0.310587 0.251212 0.938682 3.22829e-39 3
-0.358528 0.305043 1.13983 5.16511e-39 3
-0.171624 0.249743 0.933193 5.625e-39 3
-0.162072 0.258825 0.967127 5.25729e-39 3
-0.155717 0.275523 1.02952 4.70377e-39 3
-0.143536 0.284707 1.06384 5.81048e-39 3
-0.0598695 0.300747 1.12377 4.70304e-39 3
-0.0373145 0.270292 1.00997 6.73098e-39 3
-0.0203081 0.263618 0.985037 5.71755e-39 3
-0.00419709 0.262001 0.978994 5.90266e-39 3
0.0116464 0.258825 0.967127 5.53388e-39 3
0.0271104 0.255725 0.955545 5.25622e-39 3
0.0422084 0.252699 0.944237 4.70412e-39 3
0.0572882 0.251212 0.938682 4.70591e-39 3
0.0713571 0.246856 0.922404 4.79704e-39 3
0.093441 0.266913 0.99735 4.98071e-39 3
0.135049 0.328508 1.22751 5.53568e-39 3
0.173811 0.368156 1.37565 4.61337e-39 3
0.186622 0.35005 1.308 3.78181e-39 3
0.195182 0.328508 1.22751 5.25729e-39 3
0.208802 0.318702 1.19087 4.79703e-39 3
0.218466 0.305043 1.13983 4.89066e-39 3
0.21007 0.270292 1.00997 4.24422e-39 3
0.226562 0.270292 1.00997 4.70412e-39 3
0.235599 0.262001 0.978994 4.61085e-39 3
0.257914 0.268592 1.00362 5.62464e-39 3
0.261163 0.255725 0.955545 5.25586e-39 3
0.275119 0.254203 0.949857 4.88743e-39 3
0.283871 0.248291 0.927767 4.61193e-39 3
0.288941 0.239922 0.896494 5.07146e-39 3
0.305295 0.241277 0.901559 4.05767e-39 3
0.429114 0.323531 1.20891 3.59742e-39 3
0.448855 0.323531 1.20891 1.84642e-39 3
0.454814 0.314015 1.17335 4.5183e-39 3
0.467104 0.309464 1.15635 4.05732e-39 3
0.493134 0.314015 1.17335 4.24172e-39 3
0.512294 0.314015 1.17335 5.44026e-39 3
0.531454 0.314015 1.17335 3.41303e-39 3
0.576027 0.328508 1.22751 3.22756e-39 3
0.596072 0.328508 1.22751 4.42502e-39 3
0.620892 0.331055 1.23702 3.68746e-39 3
0.631305 0.326001 1.21814 3.13537e-39 3
0.636617 0.318702 1.19087 3.59563e-39 3
0.563541 0.273757 1.02292 2.76622e-39 3
0.5729 0.270292 1.00997 2.39816e-39 3
0.596949 0.273757 1.02292 3.50415e-39 3
0.870271 0.388237 1.45069 2.85986e-39 3
0.54718 0.220134 0.822557 3.41124e-39 3
0.554891 0.217888 0.814163 2.1205e-39 3
0.562447 0.215687 0.805939 3.41052e-39 3
0.568664 0.208322 0.778419 3.68639e-39 3
0.590009 0.211416 0.78998 3.04209e-39 3
0.634311 0.222428 0.831125 3.50487e-39 3
0.612775 0.210375 0.786089 3.68927e-39 3
0.661454 0.222428 0.831125 2.1205e-39 3
0.571257 0.180958 0.676169 2.48965e-39 3
0.664994 0.179437 0.670487 2.48677e-39 3
0.675943 0.179437 0.670487 2.6726e-39 3
0.686891 0.179437 0.670487 2.39673e-39 3
0.715888 0.184078 0.687827 1.65917e-39 3
0.746423 0.188965 0.706088 2.21234e-39 3
0.975272 0.225958 0.844317 2.02723e-39 3
0.989059 0.225958 0.844317 1.84356e-39 3
-0.6545 0.202285 0.712393 1.845e-39 3
-0.642867 0.202285 0.712393 1.84428e-39 3
-0.631234 0.202285 0.712393 3.04282e-39 3
-0.619601 0.202285 0.712393 3.31904e-39 3
-0.607968 0.202285 0.712393 3.04246e-39 3
-1.20144 0.471999 1.66225 4.60907e-39 3
-0.619411 0.248966 0.876791 4.05661e-39 3
-0.598516 0.24626 0.867261 3.22685e-39 3
-0.571921 0.241021 0.848808 2.21269e-39 3
-0.518443 0.343272 1.20891 3.6889e-39 3
-0.470205 0.323656 1.13983 4.24135e-39 3
-0.33101 0.237235 0.835476 4.14952e-39 3
-0.305323 0.238484 0.839874 4.51903e-39 3
-0.297879 0.243612 0.857935 5.80904e-39 3
-0.285404 0.244929 0.862573 6.1789e-39 3
-0.275791 0.248966 0.876791 3.22864e-39 3
-0.260045 0.247606 0.872 3.68962e-39 3
-0.164875 0.254561 0.896494 5.2573e-39 3
-0.154578 0.261918 0.922404 5.90266e-39 3
-0.141147 0.264982 0.933193 5.44241e-39 3
-0.131283 0.276292 0.973024 5.25766e-39 3
-0.0926556 0.306161 1.07822 5.25766e-39 3
-0.0681427 0.277987 0.978994 4.88888e-39 3
-0.0538068 0.286784 1.00997 6.54731e-39 3
-0.0340791 0.261918 0.922404 7.09868e-39 3
-0.0194669 0.268118 0.944237 5.80938e-39 3
-0.00409656 0.271329 0.955545 6.17997e-39 3
0.0114384 0.269714 0.949857 5.99486e-39 3
0.0267896 0.268118 0.944237 6.45476e-39 3
0.0414722 0.263441 0.927767 4.61264e-39 3
0.0566221 0.263441 0.927767 4.42968e-39 3
0.0697445 0.255999 0.901559 5.90266e-39 3
0.0879445 0.26654 0.938682 5.80939e-39 3
0.099752 0.257454 0.906682 7.103e-39 3
0.114558 0.257454 0.906682 5.62787e-39 3
0.142299 0.283199 0.99735 5.81118e-39 3
0.158586 0.283199 0.99735 5.34985e-39 3
0.172713 0.279703 0.985037 5.07505e-39 3
0.188798 0.279703 0.985037 4.61442e-39 3
0.207444 0.283199 0.99735 4.98178e-39 3
0.21057 0.26654 0.938682 5.99521e-39 3
0.218197 0.257454 0.906682 5.34949e-39 3
0.238421 0.263441 0.927767 6.54695e-39 3
0.242301 0.251733 0.886533 6.45475e-39 3
0.259663 0.254561 0.896494 4.97998e-39 3
0.265357 0.24626 0.867261 4.05947e-39 3
0.281047 0.247606 0.872 4.52008e-39 3
0.429114 0.343272 1.20891 3.32118e-39 3
0.448855 0.343272 1.20891 3.78361e-39 3
0.468596 0.343272 1.20891 1.38473e-39 3
0.467104 0.328347 1.15635 2.85878e-39 3
0.485987 0.328347 1.15635 3.50415e-39 3
0.490648 0.319098 1.12377 3.22756e-39 3
0.569116 0.356786 1.2565 4.05732e-39 3
0.576027 0.348553 1.22751 3.78073e-39 3
0.605385 0.353999 1.24669 5.44026e-39 3
0.63067 0.356786 1.2565 3.68782e-39 3
0.636161 0.348553 1.22751 3.59563e-39 3
0.641404 0.340691 1.19982 2.49e-39 3
0.54267 0.279703 0.985037 2.12229e-39 3
0.545291 0.272963 0.961301 3.50523e-39 3
0.535196 0.260413 0.917103 3.04317e-39 3
0.503841 0.238484 0.839874 4.14952e-39 3
0.528686 0.243612 0.857935 2.49072e-39 3
0.542696 0.243612 0.857935 4.42719e-39 3
0.550783 0.241021 0.848808 3.96478e-39 3
0.544374 0.232369 0.818338 3.4116e-39 3
0.554891 0.231183 0.814163 4.7027e-39 3
0.556822 0.226559 0.79788 4.60978e-39 3
0.567016 0.225432 0.79391 4.4236e-39 3
0.574266 0.223211 0.786089 4.88565e-39 3
0.587103 0.223211 0.786089 3.135e-39 3
0.605909 0.225432 0.79391 2.67439e-39 3
0.612775 0.223211 0.786089 3.04317e-39 3
0.634996 0.226559 0.79788 2.95098e-39 3
0.641609 0.224316 0.78998 2.67404e-39 3
0.654509 0.224316 0.78998 2.76623e-39 3
0.591301 0.198736 0.699895 3.22721e-39 3
0.671303 0.198736 0.699895 3.68711e-39 3
0.694923 0.202285 0.712393 3.68603e-39 3
0.706556 0.202285 0.712393 3.59312e-39 3
0.711833 0.200495 0.706088 2.67116e-39 3
0.704656 0.19531 0.687827 2.2109e-39 3
0.960033 0.235999 0.831125 2.30454e-39 3
-0.672513 0.219806 0.732 2.49037e-39 3
-0.642867 0.213918 0.712393 1.84428e-39 3
-0.631234 0.213918 0.712393 2.58184e-39 3
-0.619601 0.213918 0.712393 4.33391e-39 3
-0.607968 0.213918 0.712393 4.14952e-39 3
-0.596335 0.213918 0.712393 4.70198e-39 3
-0.588462 0.244478 0.814163 4.60978e-39 3
-0.575167 0.244478 0.814163 3.41124e-39 3
-0.595281 0.259014 0.862573 1.47513e-39 3
-0.57498 0.256244 0.853347 4.88637e-39 3
-0.564061 0.257622 0.857935 3.78073e-39 3
-0.550052 0.257622 0.857935 4.33391e-39 3
-0.53034 0.254881 0.848808 2.85986e-39 3
-0.505719 0.249571 0.831125 4.0584e-39 3
-0.362087 0.253533 0.844317 3.96548e-39 3
-0.342858 0.249571 0.831125 3.04317e-39 3
-0.334513 0.253533 0.844317 4.61158e-39 3
-0.315714 0.249571 0.831125 4.79561e-39 3
-0.310221 0.256244 0.853347 4.15024e-39 3
-0.296286 0.256244 0.853347 4.61158e-39 3
-0.28387 0.257622 0.857935 3.32155e-39 3
-0.26986 0.257622 0.857935 5.99523e-39 3
-0.254482 0.256244 0.853347 5.25874e-39 3
-0.239268 0.254881 0.848808 3.13824e-39 3
-0.220712 0.249571 0.831125 4.88923e-39 3
-0.174609 0.261845 0.872 7.19305e-39 3
-0.163954 0.267696 0.891486 6.27109e-39 3
-0.152811 0.273815 0.911863 7.56218e-39 3
-0.139515 0.276981 0.922404 5.44241e-39 3
-0.120281 0.267696 0.891486 5.71899e-39 3
-0.114004 0.288661 0.961301 5.16617e-39 3
-0.101993 0.299485 0.99735 5.81154e-39 3
-0.0745274 0.260422 0.867261 5.90339e-39 3
-0.0597164 0.257622 0.857935 6.0885e-39 3
-0.0454624 0.256244 0.853347 6.63951e-39 3
-0.0316973 0.257622 0.857935 5.90086e-39 3
-0.0181763 0.264738 0.881635 5.90157e-39 3
-0.00386512 0.270721 0.901559 6.18032e-39 3
0.0112378 0.28022 0.933193 5.81047e-39 3
0.0264762 0.28022 0.933193 6.36292e-39 3
0.0417147 0.28022 0.933193 6.5491e-39 3
0.0566221 0.278591 0.927767 6.08992e-39 3
0.071772 0.278591 0.927767 6.54839e-39 3
0.0839919 0.2692 0.896494 7.6533e-39 3
0.0914393 0.249571 0.831125 6.64095e-39 3
0.100811 0.239588 0.79788 6.1814e-39 3
0.11384 0.239588 0.79788 7.01008e-39 3
0.133546 0.252198 0.839874 7.10228e-39 3
0.155442 0.266209 0.886533 6.64309e-39 3
0.156047 0.244478 0.814163 6.1821e-39 3
0.171974 0.248278 0.826819 5.6275e-39 3
0.193496 0.259014 0.862573 5.99557e-39 3
0.234162 0.292181 0.973024 6.54839e-39 3
0.222872 0.260422 0.867261 6.64023e-39 3
0.23199 0.254881 0.848808 4.52044e-39 3
0.247166 0.256244 0.853347 4.98071e-39 3
0.258337 0.253533 0.844317 4.9825e-39 3
0.272124 0.253533 0.844317 5.07397e-39 3
0.403263 0.357594 1.19087 5.25765e-39 3
0.429114 0.363013 1.20891 5.25765e-39 3
0.357292 0.245732 0.818338 2.58255e-39 3
0.366892 0.243237 0.81003 2.67439e-39 3
0.473947 0.303276 1.00997 4.14987e-39 3
0.614995 0.380299 1.26648 5.25622e-39 3
0.625743 0.374357 1.24669 4.42611e-39 3
0.516881 0.299485 0.99735 4.33319e-39 3
0.526584 0.295788 0.985037 3.59742e-39 3
0.529593 0.288661 0.961301 3.32155e-39 3
0.454866 0.240792 0.801889 4.0584e-39 3
0.477559 0.245732 0.818338 3.13572e-39 3
0.496009 0.248278 0.826819 3.78073e-39 3
0.523062 0.254881 0.848808 2.9517e-39 3
0.53127 0.252198 0.839874 3.04389e-39 3
0.539308 0.249571 0.831125 4.70342e-39 3
0.538847 0.243237 0.81003 3.22829e-39 3
0.557737 0.245732 0.818338 4.6105e-39 3
0.562447 0.242008 0.805939 6.45369e-39 3
0.575607 0.242008 0.805939 5.43882e-39 3
0.574266 0.236048 0.786089 4.14844e-39 3
0.581375 0.233745 0.778419 4.70233e-39 3
0.596998 0.23489 0.782235 3.87293e-39 3
0.603851 0.23261 0.774641 4.14952e-39 3
0.593454 0.223914 0.745682 3.04317e-39 3
0.641609 0.237216 0.78998 2.5822e-39 3
0.60186 0.213918 0.712393 2.58184e-39 3
0.602729 0.210165 0.699895 1.75316e-39 3
0.660024 0.213918 0.712393 2.48928e-39 3
0.775522 0.246998 0.822557 4.14844e-39 3
0.757708 0.237216 0.78998 3.68711e-39 3
0.763053 0.23489 0.782235 2.02759e-39 3
0.760907 0.230373 0.767192 1.65773e-39 3
0.756853 0.221841 0.738778 3.31725e-39 3
0.79849 0.230373 0.767192 2.39637e-39 3
0.924131 0.250878 0.835476 2.48928e-39 3
-0.725782 0.250116 0.78998 2.39853e-39 3
-0.666677 0.233905 0.738778 2.9517e-39 3
-0.648607 0.231759 0.732 3.22757e-39 3
-0.636654 0.231759 0.732 3.41195e-39 3
-0.607968 0.225551 0.712393 3.41124e-39 3
-0.596335 0.225551 0.712393 2.67367e-39 3
-0.60796 0.26043 0.822557 3.96441e-39 3
-0.576693 0.252617 0.79788 4.70197e-39 3
-0.569357 0.255169 0.805939 4.33319e-39 3
-0.564754 0.259095 0.818338 4.05661e-39 3
-0.551391 0.259095 0.818338 5.25515e-39 3
-0.535283 0.257773 0.814163 4.24207e-39 3
-0.530102 0.261779 0.826819 4.1506e-39 3
-0.511302 0.259095 0.818338 3.04425e-39 3
-0.513746 0.26732 0.844317 3.5985e-39 3
-0.350946 0.259095 0.818338 6.27217e-39 3
-0.334156 0.256464 0.81003 4.88888e-39 3
-0.32758 0.261779 0.826819 3.41303e-39 3
-0.314078 0.261779 0.826819 4.24279e-39 3
-0.306938 0.26732 0.844317 3.50559e-39 3
-0.291608 0.265913 0.839874 4.4279e-39 3
-0.277893 0.265913 0.839874 7.47108e-39 3
-0.264179 0.265913 0.839874 7.93241e-39 3
-0.250464 0.265913 0.839874 5.4442e-39 3
-0.23307 0.261779 0.826819 5.99737e-39 3
-0.21511 0.256464 0.81003 7.47106e-39 3
-0.206067 0.261779 0.826819 6.18032e-39 3
-0.200892 0.2731 0.862573 6.36471e-39 3
-0.184809 0.270179 0.853347 6.82534e-39 3
-0.168176 0.265913 0.839874 6.91646e-39 3
-0.154462 0.265913 0.839874 5.2573e-39 3
-0.147746 0.279135 0.881635 5.1651e-39 3
-0.134839 0.282254 0.891486 6.91753e-39 3
-0.117013 0.274584 0.867261 7.1934e-39 3
-0.105137 0.280686 0.886533 6.27215e-39 3
-0.0849938 0.263143 0.831125 7.93168e-39 3
-0.0761835 0.280686 0.886533 8.20755e-39 3
-0.0581532 0.264521 0.835476 5.44241e-39 3
-0.0449813 0.26732 0.844317 6.45584e-39 3
-0.0311941 0.26732 0.844317 6.45547e-39 3
-0.0177833 0.2731 0.862573 6.73205e-39 3
-0.00367809 0.271631 0.857935 5.81117e-39 3
0.0107958 0.28384 0.896494 8.02279e-39 3
0.025435 0.28384 0.896494 6.54766e-39 3
0.0419601 0.297197 0.938682 6.642e-39 3
0.0559713 0.290365 0.917103 6.09027e-39 3
0.0678285 0.277601 0.876791 6.1814e-39 3
0.0778675 0.263143 0.831125 7.47071e-39 3
0.0877817 0.252617 0.79788 7.47106e-39 3
0.100811 0.252617 0.79788 6.5491e-39 3
0.11384 0.252617 0.79788 6.27395e-39 3
0.130792 0.26043 0.822557 7.47321e-39 3
0.139897 0.252617 0.79788 7.4732e-39 3
0.152165 0.25136 0.79391 7.47284e-39 3
0.167632 0.255169 0.805939 6.7342e-39 3
0.187418 0.264521 0.835476 7.74763e-39 3
0.205362 0.270179 0.853347 8.94582e-39 3
0.216976 0.26732 0.844317 7.47106e-39 3
0.223662 0.259095 0.818338 6.36507e-39 3
0.240729 0.263143 0.831125 5.25837e-39 3
0.251679 0.26043 0.822557 4.98322e-39 3
0.338718 0.255169 0.805939 7.10156e-39 3
0.34836 0.252617 0.79788 4.97963e-39 3
0.357811 0.250116 0.78998 5.16403e-39 3
0.365286 0.246456 0.778419 5.16402e-39 3
0.472496 0.30807 0.973024 3.78217e-39 3
0.404297 0.239448 0.756284 4.24351e-39 3
0.414681 0.238318 0.752717 3.87473e-39 3
0.439409 0.245259 0.774641 3.59742e-39 3
0.45649 0.247664 0.782235 4.33534e-39 3
0.478649 0.252617 0.79788 4.70412e-39 3
0.504285 0.259095 0.818338 3.87473e-39 3
0.517648 0.259095 0.818338 5.07292e-39 3
0.520337 0.253887 0.801889 3.96657e-39 3
0.533432 0.253887 0.801889 4.42755e-39 3
0.549286 0.255169 0.805939 5.34806e-39 3
0.559621 0.253887 0.801889 4.42574e-39 3
0.569851 0.252617 0.79788 3.96441e-39 3
0.571451 0.247664 0.782235 5.34734e-39 3
0.567533 0.240588 0.759886 3.78074e-39 3
0.577193 0.239448 0.756284 4.33391e-39 3
0.603851 0.245259 0.774641 4.14952e-39 3
0.582565 0.231759 0.732 4.6105e-39 3
0.648025 0.252617 0.79788 4.14952e-39 3
0.661054 0.252617 0.79788 2.49e-39 3
0.660865 0.247664 0.782235 3.22757e-39 3
0.613492 0.225551 0.712393 1.75316e-39 3
0.625125 0.225551 0.712393 2.9517e-39 3
0.636758 0.225551 0.712393 2.21306e-39 3
0.748658 0.26043 0.822557 1.47513e-39 3
0.803508 0.274584 0.867261 3.04245e-39 3
0.791849 0.265913 0.839874 3.41124e-39 3
0.797172 0.263143 0.831125 3.78002e-39 3
0.786176 0.255169 0.805939 3.41089e-39 3
0.791343 0.252617 0.79788 3.77931e-39 3
0.7886 0.247664 0.782235 2.76408e-39 3
0.785962 0.242901 0.767192 3.31725e-39 3
0.83043 0.252617 0.79788 3.50272e-39 3
-0.748 0.271067 0.814163 2.49109e-39 3
-0.720011 0.265646 0.79788 2.39853e-39 3
-0.699982 0.263016 0.78998 3.13609e-39 3
-0.642549 0.245969 0.738778 1.9379e-39 3
-0.624701 0.243712 0.732 2.67403e-39 3
-0.618421 0.245969 0.738778 2.39744e-39 3
-0.576888 0.243712 0.732 2.95206e-39 3
-0.564935 0.243712 0.732 2.76766e-39 3
-0.568633 0.25061 0.752717 3.50415e-39 3
-0.586788 0.264324 0.79391 3.59635e-39 3
-0.570983 0.263016 0.78998 2.76587e-39 3
-0.563664 0.265646 0.79788 3.87222e-39 3
-0.550635 0.265646 0.79788 2.58148e-39 3
-0.537606 0.265646 0.79788 4.24135e-39 3
-0.521967 0.264324 0.79391 3.04353e-39 3
-0.511548 0.265646 0.79788 4.33499e-39 3
-0.498519 0.265646 0.79788 2.67618e-39 3
-0.492884 0.269691 0.81003 3.87508e-39 3
-0.477234 0.268329 0.805939 4.88779e-39 3
-0.377874 0.282602 0.848808 4.33605e-39 3
-0.343892 0.266981 0.801889 2.9542e-39 3
-0.329143 0.265646 0.79788 3.78361e-39 3
-0.320928 0.269691 0.81003 5.71792e-39 3
-0.306147 0.268329 0.805939 7.10086e-39 3
-0.302142 0.276715 0.831125 8.39231e-39 3
-0.287075 0.275281 0.826819 7.47143e-39 3
-0.270768 0.272458 0.818338 6.4562e-39 3
-0.256092 0.271067 0.814163 6.82642e-39 3
-0.2453 0.273862 0.822557 6.2736e-39 3
-0.228337 0.269691 0.81003 6.91933e-39 3
-0.212948 0.266981 0.801889 7.74765e-39 3
-0.20714 0.276715 0.831125 6.91789e-39 3
-0.189618 0.271067 0.814163 6.27252e-39 3
-0.178141 0.273862 0.822557 5.25801e-39 3
-0.166425 0.276715 0.831125 7.37779e-39 3
-0.152853 0.276715 0.831125 7.1934e-39 3
-0.139281 0.276715 0.831125 6.36364e-39 3
-0.125709 0.276715 0.831125 6.18032e-39 3
-0.106061 0.26172 0.786089 8.66888e-39 3
-0.100663 0.282602 0.848808 7.19411e-39 3
-0.0820041 0.266981 0.801889 8.30046e-39 3
-0.0714221 0.276715 0.831125 7.74693e-39 3
-0.056382 0.269691 0.81003 6.27216e-39 3
-0.043822 0.273862 0.822557 6.36544e-39 3
-0.0307067 0.276715 0.831125 8.48521e-39 3
-0.0175931 0.284113 0.853347 7.00864e-39 3
-0.00361971 0.281107 0.844317 6.91752e-39 3
0.0105009 0.290324 0.872 8.76036e-39 3
0.024876 0.291919 0.876791 8.29938e-39 3
0.039629 0.295162 0.886533 7.65651e-39 3
0.0523602 0.285641 0.857935 7.47356e-39 3
0.0623474 0.268329 0.805939 7.84163e-39 3
0.0747528 0.265646 0.79788 7.74837e-39 3
0.0877817 0.265646 0.79788 7.56326e-39 3
0.0998125 0.263016 0.78998 8.48521e-39 3
0.108419 0.252996 0.759886 8.67139e-39 3
0.125612 0.263016 0.78998 8.21113e-39 3
0.13783 0.26172 0.786089 8.487e-39 3
0.149928 0.260437 0.782235 8.02566e-39 3
0.164312 0.263016 0.78998 7.19517e-39 3
0.176339 0.26172 0.786089 7.93273e-39 3
0.191058 0.264324 0.79391 6.45725e-39 3
0.201022 0.260437 0.782235 4.15202e-39 3
0.212752 0.259167 0.778419 4.79702e-39 3
0.22995 0.264324 0.79391 6.45691e-39 3
0.280608 0.30534 0.917103 6.27396e-39 3
0.321447 0.332058 0.99735 6.18176e-39 3
0.337733 0.332058 0.99735 6.73457e-39 3
0.264336 0.227048 0.681949 7.84093e-39 3
0.3055 0.251797 0.756284 8.39374e-39 3
0.319363 0.252996 0.759886 7.56254e-39 3
0.32557 0.248267 0.745682 8.66745e-39 3
0.333077 0.244835 0.735373 6.73135e-39 3
0.34038 0.241496 0.725345 5.80939e-39 3
0.425766 0.291919 0.876791 5.25729e-39 3
0.365933 0.235085 0.706088 6.6406e-39 3
0.453759 0.282602 0.848808 7.37924e-39 3
0.377307 0.228022 0.684875 6.64095e-39 3
0.413325 0.242599 0.728657 6.64023e-39 3
0.480021 0.273862 0.822557 7.1012e-39 3
0.469264 0.260437 0.782235 7.83913e-39 3
0.512165 0.276715 0.831125 5.99558e-39 3
0.512393 0.269691 0.81003 5.71828e-39 3
0.517736 0.265646 0.79788 5.25839e-39 3
0.530765 0.265646 0.79788 5.53389e-39 3
0.543794 0.265646 0.79788 5.53353e-39 3
0.554052 0.264324 0.79391 5.07111e-39 3
0.56143 0.26172 0.786089 4.88744e-39 3
0.525117 0.239321 0.718811 4.97928e-39 3
0.546706 0.243712 0.732 4.7027e-39 3
0.551075 0.240404 0.722063 4.05733e-39 3
0.568006 0.242599 0.728657 3.50415e-39 3
0.628709 0.263016 0.78998 3.68854e-39 3
0.66125 0.271067 0.814163 4.4261e-39 3
0.674545 0.271067 0.814163 3.5967e-39 3
0.687839 0.271067 0.814163 3.87293e-39 3
0.723275 0.279627 0.839874 2.39888e-39 3
1.09397 0.415072 1.24669 3.41268e-39 3
1.08388 0.396487 1.19087 3.31904e-39 3
0.924034 0.332058 0.99735 2.0283e-39 3
0.81767 0.288746 0.867261 3.50415e-39 3
0.805563 0.279627 0.839874 3.04317e-39 3
0.810744 0.276715 0.831125 2.5822e-39 3
0.824315 0.276715 0.831125 2.85807e-39 3
0.817401 0.265646 0.79788 3.31725e-39 3
1.02522 0.327958 0.985037 3.04174e-39 3
-0.748 0.284362 0.814163 2.39925e-39 3
-0.734705 0.284362 0.814163 2.12374e-39 3
-0.706982 0.278675 0.79788 2.49144e-39 3
-0.687082 0.275916 0.78998 2.76658e-39 3
-0.630485 0.258032 0.738778 3.04209e-39 3
-0.618421 0.258032 0.738778 3.59598e-39 3
-0.569449 0.242326 0.693809 3.59635e-39 3
-0.558119 0.242326 0.693809 3.96657e-39 3
-0.542076 0.240237 0.687827 2.49144e-39 3
-0.540157 0.244452 0.699895 1.66096e-39 3
-0.543018 0.251059 0.718811 1.65952e-39 3
-0.546039 0.258032 0.738778 1.75207e-39 3
-0.565385 0.273211 0.782235 3.59526e-39 3
-0.560859 0.277289 0.79391 3.59563e-39 3
-0.550635 0.278675 0.79788 2.02831e-39 3
-0.537606 0.278675 0.79788 5.71684e-39 3
-0.524577 0.278675 0.79788 6.45584e-39 3
-0.511548 0.278675 0.79788 4.0584e-39 3
-0.496039 0.277289 0.79391 3.22864e-39 3
-0.48793 0.280075 0.801889 3.59669e-39 3
-0.467784 0.275916 0.78998 3.96655e-39 3
-0.473642 0.287294 0.822557 4.98071e-39 3
-0.429234 0.267957 0.767192 4.98035e-39 3
-0.365307 0.249933 0.715587 5.90087e-39 3
-0.334755 0.253341 0.725345 4.42753e-39 3
-0.349952 0.274557 0.786089 3.32119e-39 3
-0.333827 0.271878 0.778419 4.05947e-39 3
-0.316484 0.267957 0.767192 5.16655e-39 3
-0.329286 0.290286 0.831125 5.81012e-39 3
-0.294258 0.270558 0.774641 7.10157e-39 3
-0.290057 0.278675 0.79788 6.64167e-39 3
-0.266373 0.267957 0.767192 6.82678e-39 3
-0.25756 0.271878 0.778419 5.62752e-39 3
-0.240163 0.266675 0.763521 5.16689e-39 3
-0.237941 0.278675 0.79788 7.01152e-39 3
-0.214202 0.265405 0.759886 6.64095e-39 3
-0.205712 0.270558 0.774641 8.02388e-39 3
-0.196885 0.275916 0.78998 9.8678e-39 3
-0.193568 0.290286 0.831125 4.70484e-39 3
-0.179996 0.290286 0.831125 6.73278e-39 3
-0.166425 0.290286 0.831125 7.5629e-39 3
-0.151277 0.287294 0.822557 6.91753e-39 3
-0.127952 0.266675 0.763521 8.854e-39 3
-0.116039 0.267957 0.767192 9.68304e-39 3
-0.10204 0.264147 0.756284 6.82533e-39 3
-0.0901171 0.265405 0.759886 6.91788e-39 3
-0.079604 0.271878 0.778419 8.57632e-39 3
-0.0662465 0.269251 0.770898 7.74621e-39 3
-0.0555363 0.278675 0.79788 6.17997e-39 3
-0.0429367 0.28149 0.805939 9.22386e-39 3
-0.0299274 0.282919 0.81003 1.05135e-38 3
-0.0174069 0.294894 0.844317 8.85363e-39 3
-0.00358181 0.291806 0.835476 8.29938e-39 3
0.0105009 0.304563 0.872 7.65509e-39 3
0.024876 0.306236 0.876791 8.39337e-39 3
0.0371522 0.290286 0.831125 8.02601e-39 3
0.0472767 0.270558 0.774641 7.93454e-39 3
0.0551106 0.248817 0.712393 8.48736e-39 3
0.0679571 0.253341 0.725345 8.48701e-39 3
0.076332 0.242326 0.693809 9.22278e-39 3
0.092913 0.256843 0.735373 7.93204e-39 3
0.105897 0.259233 0.742214 8.02567e-39 3
0.120254 0.264147 0.756284 7.74979e-39 3
0.132604 0.264147 0.756284 7.93419e-39 3
0.142257 0.259233 0.742214 8.39516e-39 3
0.157303 0.264147 0.756284 8.39515e-39 3
0.168853 0.262901 0.752717 8.02529e-39 3
0.180294 0.261667 0.749183 8.48627e-39 3
0.191628 0.260444 0.745682 7.56396e-39 3
0.204761 0.261667 0.749183 6.45726e-39 3
0.218019 0.262901 0.752717 8.30117e-39 3
0.219936 0.251059 0.718811 7.93239e-39 3
0.225577 0.244452 0.699895 6.08992e-39 3
0.228972 0.236165 0.676169 7.28702e-39 3
0.237996 0.234181 0.670487 6.73313e-39 3
0.2532 0.238184 0.681949 8.20827e-39 3
0.255598 0.23031 0.659405 8.48702e-39 3
0.279049 0.241277 0.690805 7.28883e-39 3
0.308283 0.246615 0.706088 6.45476e-39 3
0.311542 0.240237 0.687827 6.36256e-39 3
0.320015 0.238184 0.681949 6.27145e-39 3
0.329742 0.23717 0.679047 7.47071e-39 3
0.342287 0.238184 0.681949 7.65583e-39 3
0.354939 0.239206 0.684875 6.82499e-39 3
0.366123 0.239206 0.684875 5.90339e-39 3
0.377307 0.239206 0.684875 5.35021e-39 3
0.402303 0.247711 0.709227 5.1651e-39 3
0.419478 0.251059 0.718811 5.90266e-39 3
0.437122 0.254498 0.728657 6.27252e-39 3
0.459512 0.260444 0.745682 6.27324e-39 3
0.471689 0.260444 0.745682 5.71864e-39 3
0.442509 0.238184 0.681949 5.62717e-39 3
0.52764 0.258032 0.738778 6.73135e-39 3
0.498188 0.238184 0.681949 7.28417e-39 3
0.51151 0.239206 0.684875 5.53246e-39 3
0.522694 0.239206 0.684875 3.50415e-39 3
0.555328 0.248817 0.712393 3.22829e-39 3
0.577269 0.253341 0.725345 4.79489e-39 3
0.66125 0.284362 0.814163 5.53281e-39 3
0.695846 0.293342 0.839874 4.79452e-39 3
0.717109 0.296463 0.848808 4.42646e-39 3
1.07361 0.43543 1.24669 5.44061e-39 3
1.09397 0.43543 1.24669 4.5183e-39 3
1.15027 0.449476 1.2869 3.87222e-39 3
1.13468 0.43543 1.24669 3.78002e-39 3
1.10332 0.415933 1.19087 2.76587e-39 3
0.94032 0.348344 0.99735 3.59635e-39 3
0.859871 0.313118 0.896494 3.87294e-39 3
0.87451 0.313118 0.896494 2.95098e-39 3
0.942075 0.331756 0.949857 3.78002e-39 3
0.993052 0.344043 0.985037 2.85735e-39 3
1.29755 0.43543 1.24669 2.30489e-39 3
1.53356 0.506682 1.45069 2.12086e-39 3
1.58609 0.516065 1.47756 1.56733e-39 3
-0.748 0.297657 0.814163 2.12266e-39 3
-0.734705 0.297657 0.814163 2.76803e-39 3
-0.72141 0.297657 0.814163 2.30705e-39 3
-0.687082 0.288816 0.78998 2.95097e-39 3
-0.636378 0.27262 0.745682 2.7655e-39 3
-0.601707 0.262796 0.718811 2.85806e-39 3
-0.569449 0.253656 0.693809 3.59742e-39 3
-0.54393 0.247207 0.676169 1.75387e-39 3
-0.524007 0.243087 0.6649 2.76802e-39 3
-0.528728 0.255881 0.699895 3.87257e-39 3
-0.5173 0.255881 0.699895 4.97892e-39 3
-0.538965 0.27262 0.745682 4.24135e-39 3
-0.531758 0.275192 0.752717 4.51759e-39 3
-0.534597 0.283208 0.774641 3.50343e-39 3
-0.521948 0.283208 0.774641 4.6105e-39 3
-0.516825 0.287393 0.786089 5.81012e-39 3
-0.501518 0.285984 0.782235 2.95205e-39 3
-0.48636 0.284589 0.778419 4.15059e-39 3
-0.475971 0.285984 0.782235 5.53281e-39 3
-0.443626 0.2739 0.749183 4.61157e-39 3
-0.441762 0.280485 0.767192 4.33499e-39 3
-0.403985 0.263985 0.722063 3.32083e-39 3
-0.376848 0.253656 0.693809 4.24207e-39 3
-0.367114 0.254763 0.696838 4.42574e-39 3
-0.352655 0.252557 0.690805 4.24207e-39 3
-0.342859 0.253656 0.693809 3.96548e-39 3
-0.323009 0.255881 0.699895 4.14987e-39 3
-0.317144 0.26045 0.712393 8.20756e-39 3
-0.321289 0.2739 0.749183 8.76145e-39 3
-0.310513 0.275192 0.752717 4.42898e-39 3
-0.302502 0.279142 0.763521 5.62573e-39 3
-0.288653 0.277813 0.759886 7.65475e-39 3
-0.278901 0.280485 0.767192 6.27324e-39 3
-0.254154 0.267618 0.732 6.91861e-39 3
-0.22468 0.248259 0.679047 6.82642e-39 3
-0.219188 0.254763 0.696838 8.11715e-39 3
-0.206905 0.253656 0.693809 7.84057e-39 3
-0.199037 0.258145 0.706088 6.64095e-39 3
-0.192621 0.265185 0.725345 6.45656e-39 3
-0.194955 0.285984 0.782235 6.36436e-39 3
-0.193568 0.303858 0.831125 6.64095e-39 3
-0.178141 0.300726 0.822557 7.83912e-39 3
-0.164709 0.300726 0.822557 9.86814e-39 3
-0.149733 0.297657 0.814163 9.03838e-39 3
-0.123805 0.270096 0.738778 1.00525e-38 3
-0.111741 0.270096 0.738778 1.09738e-38 3
-0.0996777 0.270096 0.738778 8.66888e-39 3
-0.0876139 0.270096 0.738778 6.45654e-39 3
-0.0769756 0.275192 0.752717 8.57632e-39 3
-0.0643804 0.2739 0.749183 9.22133e-39 3
-0.0534003 0.280485 0.767192 8.20863e-39 3
-0.0414706 0.284589 0.778419 1.02373e-38 3
-0.0290428 0.287393 0.786089 1.02373e-38 3
-0.0166157 0.29465 0.805939 9.499e-39 3
-0.00343782 0.29317 0.801889 8.85255e-39 3
0.00980437 0.297657 0.814163 8.20826e-39 3
0.0206732 0.266396 0.728657 8.85542e-39 3
0.0342943 0.280485 0.767192 8.30332e-39 3
0.0425284 0.254763 0.696838 8.02638e-39 3
0.0534406 0.252557 0.690805 7.19698e-39 3
0.0650025 0.253656 0.693809 7.65724e-39 3
0.0750271 0.24932 0.681949 9.77595e-39 3
0.0872819 0.252557 0.690805 1.01458e-38 3
0.0985624 0.252557 0.690805 9.41003e-39 3
0.113783 0.261618 0.715587 9.22599e-39 3
0.127179 0.265185 0.725345 9.13452e-39 3
0.137771 0.262796 0.718811 1.03313e-38 3
0.152252 0.267618 0.732 1.00554e-38 3
0.164206 0.267618 0.732 9.86992e-39 3
0.175354 0.266396 0.728657 8.67138e-39 3
0.186402 0.265185 0.725345 8.02529e-39 3
0.197349 0.263985 0.722063 9.13129e-39 3
0.202719 0.255881 0.699895 9.13093e-39 3
0.212286 0.253656 0.693809 7.47141e-39 3
0.220736 0.25039 0.684875 8.02601e-39 3
0.229946 0.248259 0.679047 8.02601e-39 3
0.241034 0.248259 0.679047 9.31532e-39 3
0.249995 0.246164 0.673316 8.20863e-39 3
0.252468 0.238126 0.651331 7.74981e-39 3
0.2743 0.248259 0.679047 8.21078e-39 3
0.281791 0.245129 0.670487 7.47214e-39 3
0.292739 0.245129 0.670487 5.62607e-39 3
0.303688 0.245129 0.670487 6.64095e-39 3
0.315964 0.246164 0.673316 8.85364e-39 3
0.328345 0.247207 0.676169 8.39374e-39 3
0.34083 0.248259 0.679047 6.64167e-39 3
0.353423 0.24932 0.681949 5.90411e-39 3
0.366123 0.25039 0.684875 5.99558e-39 3
0.375694 0.24932 0.681949 6.91754e-39 3
0.395276 0.254763 0.696838 6.36329e-39 3
0.404887 0.253656 0.693809 4.70412e-39 3
0.418034 0.254763 0.696838 4.52045e-39 3
0.42386 0.251469 0.687827 4.42898e-39 3
0.419918 0.225254 0.616123 5.62608e-39 3
0.455881 0.233363 0.638304 6.63915e-39 3
0.496591 0.243087 0.6649 5.25587e-39 3
0.518245 0.248259 0.679047 5.53246e-39 3
0.536178 0.251469 0.687827 3.96585e-39 3
0.572068 0.262796 0.718811 5.62465e-39 3
0.689388 0.310323 0.848808 3.87329e-39 3
1.08369 0.478203 1.308 4.79489e-39 3
1.08723 0.47049 1.2869 3.59634e-39 3
1.10824 0.47049 1.2869 4.70305e-39 3
1.09397 0.455787 1.24669 4.70233e-39 3
1.13468 0.455787 1.24669 3.41124e-39 3
1.10332 0.435379 1.19087 3.78002e-39 3
1.05952 0.410851 1.12377 1.56804e-39 3
1.0629 0.405144 1.10817 2.21341e-39 3
1.11188 0.41672 1.13983 2.48928e-39 3
1.13049 0.41672 1.13983 4.1488e-39 3
1.16576 0.422759 1.15635 3.04174e-39 3
1.20206 0.428976 1.17335 2.30417e-39 3
1.27758 0.448775 1.22751 2.1205e-39 3
1.47975 0.511761 1.39979 2.02867e-39 3
1.50261 0.511761 1.39979 3.68783e-39 3
1.61022 0.540192 1.47756 3.22685e-39 3
-0.748 0.310952 0.814163 1.56876e-39 3
-0.734705 0.310952 0.814163 1.47729e-39 3
-0.72141 0.310952 0.814163 3.229e-39 3
-0.687082 0.301716 0.78998 3.59635e-39 3
-0.636378 0.284797 0.745682 3.68783e-39 3
-0.596335 0.272083 0.712393 3.31904e-39 3
-0.569449 0.264985 0.693809 2.49e-39 3
-0.565495 0.268487 0.702978 2.76766e-39 3
-0.549178 0.266142 0.696838 3.50523e-39 3
-0.547359 0.270874 0.709227 3.78037e-39 3
-0.521862 0.263838 0.690805 5.80796e-39 3
-0.543522 0.28086 0.735373 5.4399e-39 3
-0.538965 0.284797 0.745682 5.3477e-39 3
-0.524338 0.283472 0.742214 4.88637e-39 3
-0.519467 0.287484 0.752717 5.62465e-39 3
-0.504794 0.286134 0.749183 5.16367e-39 3
-0.501988 0.29161 0.763521 5.71864e-39 3
-0.491873 0.293012 0.767192 3.50522e-39 3
-0.47478 0.290222 0.759886 5.07255e-39 3
-0.466818 0.293012 0.767192 6.17818e-39 3
-0.439499 0.283472 0.742214 2.9517e-39 3
-0.441762 0.293012 0.767192 2.39888e-39 3
-0.398575 0.272083 0.712393 4.51973e-39 3
-0.370406 0.260455 0.681949 4.42753e-39 3
-0.332504 0.248761 0.651331 4.70304e-39 3
-0.32721 0.25289 0.662141 3.68997e-39 3
-0.327261 0.261573 0.684875 4.2435e-39 3
-0.300596 0.248761 0.651331 5.44169e-39 3
-0.298488 0.256078 0.670487 7.46999e-39 3
-0.300151 0.267309 0.699895 5.81119e-39 3
-0.299221 0.27703 0.725345 4.05947e-39 3
-0.301061 0.290222 0.759886 6.54768e-39 3
-0.297143 0.298758 0.782235 5.90339e-39 3
-0.278901 0.293012 0.767192 6.73314e-39 3
-0.243007 0.267309 0.699895 7.00973e-39 3
-0.216392 0.249781 0.654 8.39194e-39 3
-0.209142 0.253944 0.6649 9.49901e-39 3
-0.193448 0.24775 0.648683 7.65618e-39 3
-0.189002 0.256078 0.670487 7.10157e-39 3
-0.182658 0.262701 0.687827 6.17997e-39 3
-0.177548 0.272083 0.712393 6.36436e-39 3
-0.183986 0.301716 0.78998 7.37779e-39 3
-0.171086 0.301716 0.78998 9.68339e-39 3
-0.158186 0.301716 0.78998 9.68411e-39 3
-0.146739 0.304733 0.79788 1.01451e-38 3
-0.120459 0.274534 0.718811 1.02373e-38 3
-0.108721 0.274534 0.718811 9.77524e-39 3
-0.0974225 0.275776 0.722063 9.77524e-39 3
-0.0844848 0.272083 0.712393 1.06975e-38 3
-0.0755501 0.28216 0.738778 8.66816e-39 3
-0.0637816 0.283472 0.742214 7.56181e-39 3
-0.0523927 0.287484 0.752717 8.66816e-39 3
-0.0410699 0.294428 0.770898 9.49935e-39 3
-0.0287595 0.2973 0.778419 1.04213e-38 3
-0.0164495 0.304733 0.79788 9.13093e-39 3
-0.00340361 0.303217 0.79391 8.8547e-39 3
0.00960828 0.304733 0.79788 8.7625e-39 3
0.0217665 0.293012 0.767192 8.67103e-39 3
0.0321316 0.274534 0.718811 9.22492e-39 3
0.0419785 0.262701 0.687827 8.02638e-39 3
0.0527555 0.260455 0.681949 8.57992e-39 3
0.0641655 0.261573 0.684875 9.0409e-39 3
0.0750271 0.260455 0.681949 1.00536e-38 3
0.0865327 0.261573 0.684875 1.02387e-38 3
0.0977164 0.261573 0.684875 1.0793e-38 3
0.109843 0.263838 0.690805 1.07022e-38 3
0.121123 0.263838 0.690805 1.05178e-38 3
0.132404 0.263838 0.690805 1.08862e-38 3
0.143684 0.263838 0.690805 1.08855e-38 3
0.156318 0.266142 0.696838 9.13272e-39 3
0.167697 0.266142 0.696838 9.22456e-39 3
0.17676 0.262701 0.687827 8.76393e-39 3
0.187185 0.261573 0.684875 9.22456e-39 3
0.197521 0.260455 0.681949 9.13201e-39 3
0.206889 0.258248 0.676169 8.85434e-39 3
0.21793 0.258248 0.676169 7.84233e-39 3
0.228005 0.257158 0.673316 8.67245e-39 3
0.237996 0.256078 0.670487 1.02387e-38 3
0.24687 0.253944 0.6649 9.68483e-39 3
0.250424 0.246747 0.646057 7.38031e-39 3
0.268585 0.253944 0.6649 8.11859e-39 3
0.274862 0.249781 0.654 1.04231e-38 3
0.284375 0.248761 0.651331 9.50044e-39 3
0.295011 0.248761 0.651331 6.91861e-39 3
0.308163 0.250809 0.656691 6.73422e-39 3
0.321532 0.25289 0.662141 6.08957e-39 3
0.336534 0.256078 0.670487 9.96179e-39 3
0.350428 0.258248 0.676169 9.40897e-39 3
0.364558 0.260455 0.681949 7.19412e-39 3
0.374096 0.259347 0.679047 7.1934e-39 3
0.391854 0.263838 0.690805 7.56219e-39 3
0.401397 0.262701 0.687827 6.08706e-39 3
0.416217 0.264985 0.693809 6.82534e-39 3
0.382354 0.230858 0.604454 6.08742e-39 3
0.413531 0.231736 0.606753 2.9524e-39 3
0.443683 0.242815 0.635761 3.78144e-39 3
0.445196 0.238072 0.623344 4.70412e-39 3
0.578594 0.272083 0.712393 4.61049e-39 3
1.10505 0.499562 1.308 2.58219e-39 3
1.10824 0.491505 1.2869 2.76694e-39 3
1.11133 0.483703 1.26648 3.96476e-39 3
1.13468 0.476145 1.24669 3.87222e-39 3
1.04117 0.429201 1.12377 3.31904e-39 3
1.0448 0.42324 1.10817 3.87294e-39 3
1.0629 0.42324 1.10817 4.7027e-39 3
1.09622 0.429201 1.12377 2.85878e-39 3
1.13049 0.435333 1.13983 4.14952e-39 3
1.1491 0.435333 1.13983 2.76587e-39 3
1.18464 0.441642 1.15635 3.04246e-39 3
1.22122 0.448136 1.17335 2.67368e-39 3
1.29763 0.46882 1.22751 3.5038e-39 3
1.45167 0.516496 1.35234 3.68783e-39 3
1.61022 0.56432 1.47756 4.33319e-39 3
-0.748 0.324247 0.814163 2.95098e-39 3
-0.734705 0.324247 0.814163 3.59778e-39 3
-0.714123 0.320971 0.805939 4.33535e-39 3
-0.680346 0.311531 0.782235 4.51938e-39 3
-0.630485 0.294224 0.738778 3.59635e-39 3
-0.596335 0.283716 0.712393 6.8232e-39 3
-0.569449 0.276315 0.693809 5.25587e-39 3
-0.544938 0.281205 0.706088 7.37564e-39 3
-0.536458 0.295592 0.742214 4.5183e-39 3
-0.519506 0.292868 0.735373 5.34806e-39 3
-0.507498 0.292868 0.735373 5.44026e-39 3
-0.490964 0.290193 0.728657 7.10086e-39 3
-0.487979 0.295592 0.742214 4.88888e-39 3
-0.475859 0.295592 0.742214 5.81012e-39 3
-0.463739 0.295592 0.742214 5.07255e-39 3
-0.422165 0.276315 0.693809 2.67439e-39 3
-0.421841 0.283716 0.712393 3.68854e-39 3
-0.417666 0.288874 0.725345 5.8094e-39 3
-0.398575 0.283716 0.712393 5.44168e-39 3
-0.359647 0.263703 0.662141 4.42825e-39 3
-0.32199 0.251195 0.630735 4.79632e-39 3
-0.293878 0.283716 0.712393 7.47071e-39 3
-0.301061 0.30263 0.759886 6.17962e-39 3
-0.297143 0.311531 0.782235 6.64023e-39 3
-0.233917 0.256259 0.643452 5.90266e-39 3
-0.228006 0.261532 0.656691 5.34949e-39 3
-0.214633 0.258343 0.648683 7.37707e-39 3
-0.204873 0.259397 0.651331 7.74765e-39 3
-0.191888 0.256259 0.643452 8.11716e-39 3
-0.177796 0.251195 0.630735 6.36436e-39 3
-0.160518 0.240729 0.604454 4.42754e-39 3
-0.150079 0.23982 0.602174 5.2573e-39 3
-0.135146 0.231099 0.580276 8.29975e-39 3
-0.127056 0.233648 0.586676 1.00511e-38 3
-0.140147 0.278738 0.699895 9.77595e-39 3
-0.139751 0.30263 0.759886 8.6696e-39 3
-0.113313 0.26929 0.676169 7.83984e-39 3
-0.10586 0.278738 0.699895 6.36399e-39 3
-0.0965488 0.284988 0.715587 7.19375e-39 3
-0.0833683 0.279966 0.702978 7.74693e-39 3
-0.0741764 0.288874 0.725345 8.29938e-39 3
-0.062332 0.288874 0.725345 7.93059e-39 3
-0.0511855 0.292868 0.735373 8.48305e-39 3
-0.0393587 0.294224 0.738778 7.5618e-39 3
-0.02755 0.296974 0.745682 7.5636e-39 3
-0.0154456 0.298368 0.749183 8.02566e-39 3
-0.00318198 0.295592 0.742214 6.55088e-39 3
0.00877469 0.290193 0.728657 8.76358e-39 3
0.0197705 0.277521 0.696838 9.13201e-39 3
0.0315629 0.281205 0.706088 8.67175e-39 3
0.0417983 0.272757 0.684875 9.22492e-39 3
0.052531 0.270436 0.679047 9.22528e-39 3
0.0638913 0.271591 0.681949 9.22529e-39 3
0.0750271 0.271591 0.681949 9.96213e-39 3
0.0865327 0.272757 0.684875 1.01469e-38 3
0.0968847 0.270436 0.679047 9.96284e-39 3
0.108435 0.271591 0.681949 1.0332e-38 3
0.11957 0.271591 0.681949 1.08855e-38 3
0.13015 0.270436 0.679047 1.02412e-38 3
0.141238 0.270436 0.679047 8.76609e-39 3
0.152978 0.271591 0.681949 9.96249e-39 3
0.164114 0.271591 0.681949 1.06075e-38 3
0.173764 0.26929 0.676169 9.6866e-39 3
0.182486 0.265909 0.667682 9.50151e-39 3
0.195021 0.268153 0.673316 9.86922e-39 3
0.203441 0.264801 0.6649 9.8685e-39 3
0.212527 0.262613 0.659405 8.48734e-39 3
0.226097 0.265909 0.667682 9.59512e-39 3
0.232144 0.26046 0.654 1.07933e-38 3
0.241832 0.259397 0.651331 7.47213e-39 3
0.248412 0.25523 0.640867 7.93348e-39 3
0.263104 0.259397 0.651331 9.40861e-39 3
0.280935 0.256259 0.643452 1.11614e-38 3
0.291443 0.256259 0.643452 1.13447e-38 3
0.305647 0.259397 0.651331 9.77739e-39 3
0.316283 0.259397 0.651331 8.85615e-39 3
0.328259 0.26046 0.654 9.9625e-39 3
0.338938 0.26046 0.654 1.0148e-38 3
0.356932 0.265909 0.667682 1.02377e-38 3
0.36178 0.261532 0.656691 8.02208e-39 3
0.378737 0.265909 0.667682 7.2856e-39 3
0.378553 0.258343 0.648683 8.20683e-39 3
0.379479 0.238919 0.59991 7.74802e-39 3
0.389275 0.238919 0.59991 8.94549e-39 3
0.408867 0.238919 0.59991 6.36399e-39 3
0.426684 0.243496 0.611402 4.42789e-39 3
0.430077 0.23982 0.602174 3.78217e-39 3
0.43991 0.23982 0.602174 6.54768e-39 3
0.507997 0.254209 0.638304 4.24279e-39 3
0.510256 0.250206 0.628252 3.68962e-39 3
1.06997 0.504384 1.26648 3.68854e-39 3
1.10824 0.512519 1.2869 3.41195e-39 3
0.514924 0.229431 0.576087 3.2272e-39 3
0.528144 0.231099 0.580276 2.48928e-39 3
0.560021 0.240729 0.604454 3.78002e-39 3
1.08403 0.43529 1.09299 4.7027e-39 3
1.13292 0.447552 1.12377 5.25515e-39 3
1.18464 0.460524 1.15635 2.30489e-39 3
1.27758 0.488864 1.22751 3.78038e-39 3
1.29763 0.488864 1.22751 2.58184e-39 3
1.31767 0.488864 1.22751 3.78002e-39 3
-0.748 0.337541 0.814163 2.49e-39 3
-0.720011 0.330791 0.79788 3.22864e-39 3
-0.693119 0.324305 0.782235 4.70377e-39 3
-0.642549 0.306288 0.738778 5.07255e-39 3
-0.607968 0.295349 0.712393 3.96585e-39 3
-0.596335 0.295349 0.712393 3.78074e-39 3
-0.534585 0.270033 0.651331 1.65952e-39 3
-0.509395 0.262532 0.633238 5.43918e-39 3
-0.501042 0.263578 0.635761 6.45368e-39 3
-0.475505 0.255437 0.616123 4.88672e-39 3
-0.478373 0.262532 0.633238 4.05696e-39 3
-0.533975 0.306288 0.738778 7.28453e-39 3
-0.510103 0.299358 0.722063 7.46892e-39 3
-0.491638 0.295349 0.712393 4.1506e-39 3
-0.471584 0.290167 0.699895 5.99451e-39 3
-0.458146 0.2889 0.696838 5.81012e-39 3
-0.454709 0.294036 0.709227 4.24315e-39 3
-0.427913 0.28394 0.684875 4.15131e-39 3
-0.396062 0.285164 0.687827 4.98071e-39 3
-0.348092 0.265695 0.640867 4.70412e-39 3
-0.320875 0.252512 0.609069 2.76694e-39 3
-0.307409 0.249653 0.602174 5.53424e-39 3
-0.296457 0.248715 0.59991 7.74729e-39 3
-0.282414 0.24503 0.591022 8.94656e-39 3
-0.278962 0.250599 0.604454 7.56291e-39 3
-0.269092 0.250599 0.604454 9.03767e-39 3
-0.277293 0.290167 0.699895 6.08885e-39 3
-0.270612 0.295349 0.712393 9.12951e-39 3
-0.231121 0.263578 0.635761 8.29975e-39 3
-0.223409 0.266767 0.643452 6.54875e-39 3
-0.212047 0.265695 0.640867 8.48414e-39 3
-0.199976 0.263578 0.635761 7.47106e-39 3
-0.185168 0.257425 0.620918 8.11715e-39 3
-0.170388 0.250599 0.604454 7.4725e-39 3
-0.159912 0.249653 0.602174 6.17997e-39 3
-0.149514 0.248715 0.59991 7.19412e-39 3
-0.13816 0.245941 0.593219 1.12511e-38 3
-0.128953 0.246859 0.595433 1.06053e-38 3
-0.119676 0.247783 0.597663 8.57741e-39 3
-0.110746 0.249653 0.602174 9.13023e-39 3
-0.102068 0.252512 0.609069 7.83985e-39 3
-0.0969324 0.265695 0.640867 9.40717e-39 3
-0.0812215 0.28394 0.684875 8.48521e-39 3
-0.0712612 0.2889 0.696838 5.62715e-39 3
-0.0601449 0.290167 0.699895 9.22133e-39 3
-0.0504875 0.300719 0.725345 8.75927e-39 3
-0.0388195 0.302092 0.728657 8.29864e-39 3
-0.0272949 0.306288 0.738778 8.30008e-39 3
-0.0146218 0.294036 0.709227 7.74835e-39 3
-0.00345518 0.334132 0.805939 7.10477e-39 3
0.00906442 0.312067 0.752717 7.75014e-39 3
0.0200329 0.292735 0.706088 7.84199e-39 3
0.0304838 0.282727 0.681949 7.84271e-39 3
0.041267 0.280331 0.676169 8.67247e-39 3
0.0518688 0.277975 0.670487 8.85686e-39 3
0.0630826 0.279148 0.673316 9.96393e-39 3
0.0737662 0.277975 0.670487 9.86994e-39 3
0.0854328 0.280331 0.676169 1.02384e-38 3
0.0952632 0.276812 0.667682 1.01454e-38 3
0.106166 0.276812 0.667682 1.02387e-38 3
0.116581 0.275659 0.6649 1.05164e-38 3
0.125349 0.27114 0.654 1.0149e-38 3
0.136029 0.27114 0.654 9.22563e-39 3
0.146708 0.27114 0.654 9.13236e-39 3
0.156108 0.268935 0.648683 8.76285e-39 3
0.168067 0.27114 0.654 1.0516e-38 3
0.177293 0.268935 0.648683 1.21752e-38 3
0.190206 0.272256 0.656691 1.2912e-38 3
0.199289 0.270033 0.651331 1.23578e-38 3
0.209071 0.268935 0.648683 8.94797e-39 3
0.222376 0.272256 0.656691 1.03323e-38 3
0.229324 0.267847 0.646057 1.15305e-38 3
0.238907 0.266767 0.643452 1.10685e-38 3
0.246433 0.263578 0.635761 1.13444e-38 3
0.257842 0.264633 0.638304 1.14365e-38 3
0.26404 0.260465 0.628252 1.09759e-38 3
0.270046 0.256427 0.618512 1.18979e-38 3
0.281236 0.257425 0.620918 1.11607e-38 3
0.299534 0.264633 0.638304 9.77811e-39 3
0.308722 0.263578 0.635761 9.68591e-39 3
0.321667 0.265695 0.640867 9.40932e-39 3
0.329486 0.263578 0.635761 9.31748e-39 3
0.343979 0.266767 0.643452 7.10335e-39 3
0.350249 0.263578 0.635761 5.25729e-39 3
0.348779 0.247783 0.597663 5.34876e-39 3
0.349379 0.241453 0.582394 5.62678e-39 3
0.358889 0.241453 0.582394 5.25836e-39 3
0.369749 0.242337 0.584527 4.89067e-39 3
0.377909 0.241453 0.582394 5.16546e-39 3
0.399071 0.248715 0.59991 5.16582e-39 3
0.407336 0.247783 0.597663 7.37815e-39 3
0.420243 0.249653 0.602174 7.56254e-39 3
0.431706 0.250599 0.604454 7.37779e-39 3
0.441576 0.250599 0.604454 7.74658e-39 3
0.454893 0.252512 0.609069 7.93062e-39 3
0.463071 0.251552 0.606753 8.11501e-39 3
0.476603 0.253479 0.611402 7.00866e-39 3
0.496091 0.25843 0.623344 4.24279e-39 3
0.494675 0.252512 0.609069 3.22864e-39 3
0.497033 0.248715 0.59991 4.61122e-39 3
0.518575 0.249653 0.602174 5.71685e-39 3
0.514809 0.243228 0.586676 6.45405e-39 3
0.518669 0.240575 0.580276 6.26966e-39 3
0.533969 0.243228 0.586676 4.97892e-39 3
0.573044 0.256427 0.618512 5.25515e-39 3
1.03125 0.424091 1.02292 4.33319e-39 3
1.06156 0.429598 1.03621 3.96441e-39 3
1.09806 0.424091 1.02292 3.22756e-39 3
0.594307 0.222755 0.537293 2.39816e-39 3
-0.73304 0.34382 0.79788 4.70377e-39 3
-0.654613 0.318351 0.738778 3.13644e-39 3
-0.642549 0.318351 0.738778 3.04425e-39 3
-0.607968 0.306982 0.712393 3.41195e-39 3
-0.494239 0.259486 0.602174 4.42539e-39 3
-0.493721 0.264477 0.613754 4.33318e-39 3
-0.485566 0.265498 0.616123 5.16366e-39 3
-0.4665 0.260469 0.604454 4.61013e-39 3
-0.460115 0.262458 0.609069 4.51794e-39 3
-0.450169 0.262458 0.609069 5.25586e-39 3
-0.44361 0.264477 0.613754 4.97963e-39 3
-0.360534 0.236302 0.548371 3.22757e-39 3
-0.341032 0.229213 0.53192 2.67583e-39 3
-0.333365 0.264477 0.613754 5.25801e-39 3
-0.317242 0.259486 0.602174 5.7172e-39 3
-0.306253 0.258511 0.59991 7.00937e-39 3
-0.294245 0.256582 0.595433 9.03947e-39 3
-0.282414 0.254681 0.591022 6.64239e-39 3
-0.274799 0.256582 0.595433 5.16689e-39 3
-0.26409 0.255628 0.593219 7.47106e-39 3
-0.24841 0.259486 0.602174 7.37959e-39 3
-0.240391 0.26146 0.606753 8.85507e-39 3
-0.234043 0.265498 0.616123 9.77595e-39 3
-0.22312 0.264477 0.613754 8.4845e-39 3
-0.216428 0.268609 0.623344 7.10193e-39 3
-0.205447 0.267564 0.620918 8.30047e-39 3
-0.180258 0.260469 0.604454 1.05149e-38 3
-0.167845 0.256582 0.595433 8.6714e-39 3
-0.157534 0.255628 0.593219 9.68376e-39 3
-0.147299 0.254681 0.591022 1.22649e-38 3
-0.136136 0.251882 0.584527 1.32794e-38 3
-0.127997 0.254681 0.591022 1.06053e-38 3
-0.118786 0.255628 0.593219 8.85293e-39 3
-0.109917 0.257543 0.597663 1.08819e-38 3
-0.100534 0.258511 0.59991 1.05135e-38 3
-0.0928314 0.264477 0.613754 1.01451e-38 3
-0.0828092 0.264477 0.613754 1.04217e-38 3
-0.0739242 0.268609 0.623344 1.12522e-38 3
-0.0650152 0.27396 0.635761 1.16209e-38 3
-0.0549864 0.340415 0.78998 1.08801e-38 3
-0.0425074 0.34382 0.79788 1.00511e-38 3
-0.0294784 0.34382 0.79788 9.03765e-39 3
-0.0164495 0.34382 0.79788 9.31568e-39 3
-0.00322701 0.324358 0.752717 1.01465e-38 3
0.00821221 0.293863 0.681949 9.04053e-39 3
0.0598023 0.275056 0.638304 9.31891e-39 3
0.0707917 0.277274 0.643452 9.31748e-39 3
0.0822944 0.280669 0.651331 9.68518e-39 3
0.0929303 0.280669 0.651331 1.1344e-38 3
0.102728 0.278396 0.646057 1.28198e-38 3
0.11282 0.277274 0.643452 1.2544e-38 3
0.122341 0.275056 0.638304 9.04088e-39 3
0.133297 0.27616 0.640867 1.07e-38 3
0.143187 0.275056 0.638304 1.02387e-38 3
0.147702 0.264477 0.613754 8.39407e-39 3
0.158947 0.266527 0.618512 8.02601e-39 3
0.171036 0.269662 0.625788 6.4587e-39 3
0.186371 0.277274 0.643452 7.65689e-39 3
0.196087 0.27616 0.640867 6.73385e-39 3
0.206552 0.27616 0.640867 7.38029e-39 3
0.219664 0.279528 0.648683 7.47392e-39 3
0.226572 0.275056 0.638304 7.01295e-39 3
0.236995 0.275056 0.638304 6.91968e-39 3
0.244485 0.271794 0.630735 8.85543e-39 3
0.252786 0.269662 0.625788 8.76359e-39 3
0.255978 0.262458 0.609069 1.01462e-38 3
0.262913 0.259486 0.602174 1.14369e-38 3
0.273779 0.260469 0.604454 1.14373e-38 3
0.285815 0.262458 0.609069 1.04235e-38 3
0.296894 0.263463 0.611402 9.50152e-39 3
0.304544 0.26146 0.606753 6.8282e-39 3
0.314452 0.26146 0.606753 7.38137e-39 3
0.325598 0.262458 0.609069 5.99773e-39 3
0.333002 0.260469 0.604454 6.91861e-39 3
0.335253 0.254681 0.591022 6.73278e-39 3
0.337406 0.249145 0.578174 7.37742e-39 3
0.349949 0.244711 0.567886 8.39445e-39 3
0.361797 0.246466 0.571957 7.74909e-39 3
0.373816 0.248245 0.576087 7.65582e-39 3
0.393159 0.254681 0.591022 7.83949e-39 3
0.407336 0.257543 0.597663 8.30082e-39 3
0.417096 0.257543 0.597663 8.30011e-39 3
0.430077 0.259486 0.602174 5.34949e-39 3
0.438256 0.258511 0.59991 5.99486e-39 3
0.449743 0.259486 0.602174 5.34949e-39 3
0.456133 0.257543 0.597663 7.00866e-39 3
0.467644 0.258511 0.59991 6.63988e-39 3
0.481058 0.260469 0.604454 6.0867e-39 3
0.485412 0.257543 0.597663 5.53353e-39 3
0.475578 0.247352 0.574014 4.70377e-39 3
0.492031 0.250963 0.582394 1.93682e-39 3
0.507093 0.253741 0.588841 2.67439e-39 3
0.511051 0.250963 0.582394 4.4261e-39 3
0.516789 0.249145 0.578174 4.33355e-39 3
0.533969 0.252808 0.586676 4.14916e-39 3
0.596151 0.277274 0.643452 3.68818e-39 3
0.483357 0.197031 0.457238 5.34735e-39 3
0.583568 0.230751 0.53549 5.53281e-39 3
0.586409 0.228452 0.530153 3.5045e-39 3
0.589194 0.226197 0.524921 4.88744e-39 3
0.580577 0.219693 0.509827 4.51866e-39 3
-0.490426 0.25219 0.563873 3.41195e-39 3
-0.455468 0.238695 0.533699 4.0566e-39 3
-0.455901 0.243583 0.544628 4.79417e-39 3
-0.471127 0.256726 0.574014 4.42502e-39 3
-0.484405 0.26932 0.602174 4.51757e-39 3
-0.47637 0.27034 0.604454 4.05731e-39 3
-0.461258 0.267302 0.597663 4.70233e-39 3
-0.454906 0.26932 0.602174 5.90159e-39 3
-0.445073 0.26932 0.602174 5.44026e-39 3
-0.419081 0.265315 0.593219 4.51938e-39 3
-0.390521 0.253084 0.565872 3.78074e-39 3
-0.354444 0.241114 0.539108 2.49e-39 3
-0.348615 0.249544 0.557958 4.52118e-39 3
-0.324657 0.259526 0.580276 5.99593e-39 3
-0.324625 0.267302 0.597663 6.54983e-39 3
-0.307946 0.261427 0.584527 6.08778e-39 3
-0.29623 0.259526 0.580276 4.06055e-39 3
-0.288856 0.261427 0.584527 5.44456e-39 3
-0.274287 0.256726 0.574014 7.65654e-39 3
-0.264914 0.256726 0.574014 8.21042e-39 3
-0.256463 0.257652 0.576087 6.82712e-39 3
-0.253461 0.264332 0.591022 4.33749e-39 3
-0.244716 0.265315 0.593219 5.90553e-39 3
-0.235906 0.266305 0.595433 9.5008e-39 3
-0.227884 0.268307 0.59991 8.02459e-39 3
-0.218911 0.26932 0.602174 7.01008e-39 3
-0.208292 0.268307 0.59991 6.82642e-39 3
-0.199244 0.26932 0.602174 8.02531e-39 3
-0.186595 0.265315 0.593219 7.74943e-39 3
-0.176253 0.264332 0.591022 7.19697e-39 3
-0.163572 0.259526 0.580276 7.84163e-39 3
-0.153539 0.258586 0.578174 1.10678e-38 3
-0.143577 0.257652 0.576087 1.16199e-38 3
-0.13417 0.257652 0.576087 1.11582e-38 3
-0.125215 0.258586 0.578174 1.32787e-38 3
-0.115356 0.257652 0.576087 1.40162e-38 3
-0.106332 0.258586 0.578174 1.09741e-38 3
-0.0968911 0.258586 0.578174 9.22278e-39 3
-0.0884109 0.261427 0.584527 1.1067e-38 3
-0.0806381 0.267302 0.597663 1.07901e-38 3
-0.0688167 0.259526 0.580276 1.09759e-38 3
-0.0589127 0.257652 0.576087 1.10688e-38 3
-0.0495055 0.257652 0.576087 9.59155e-39 3
-0.0395276 0.253985 0.567886 1.03288e-38 3
-0.0302543 0.253985 0.567886 8.76106e-39 3
-0.0208328 0.25219 0.563873 9.77486e-39 3
-0.0115842 0.251302 0.561887 9.40715e-39 3
-0.00242598 0.253084 0.565872 9.68446e-39 3
0.00671908 0.249544 0.557958 9.13201e-39 3
0.0158302 0.249544 0.557958 1.03309e-38 3
0.0462351 0.267302 0.597663 9.77989e-39 3
0.0572819 0.273447 0.611402 9.41146e-39 3
0.0677851 0.275559 0.616123 1.06086e-38 3
0.0806485 0.285479 0.638304 1.10674e-38 3
0.0921778 0.288946 0.646057 1.03298e-38 3
0.111918 0.285479 0.638304 1.16213e-38 3
0.119942 0.279881 0.625788 1.08841e-38 3
0.13171 0.283213 0.633238 1.08837e-38 3
0.14038 0.279881 0.625788 1.15294e-38 3
0.154167 0.268307 0.59991 8.76358e-39 3
0.164582 0.26932 0.602174 9.22457e-39 3
0.176412 0.272403 0.609069 8.85544e-39 3
0.185649 0.271368 0.606753 9.68375e-39 3
0.197814 0.274499 0.613754 1.16209e-38 3
0.206249 0.272403 0.609069 1.04231e-38 3
0.212944 0.268307 0.59991 9.68626e-39 3
0.21863 0.263357 0.588841 1.02394e-38 3
0.231665 0.267302 0.597663 1.0055e-38 3
0.234402 0.259526 0.580276 8.76359e-39 3
0.247943 0.253985 0.567886 7.1959e-39 3
0.259992 0.256726 0.574014 7.74908e-39 3
0.272304 0.259526 0.580276 7.93383e-39 3
0.290222 0.267302 0.597663 9.96214e-39 3
0.302246 0.26932 0.602174 1.02394e-38 3
0.312079 0.26932 0.602174 8.39588e-39 3
0.321912 0.26932 0.602174 7.47357e-39 3
0.330498 0.268307 0.59991 6.64274e-39 3
0.329157 0.259526 0.580276 9.40789e-39 3
0.334978 0.256726 0.574014 1.05128e-38 3
0.338268 0.25219 0.563873 1.06983e-38 3
0.345037 0.25042 0.559916 9.96177e-39 3
0.355427 0.251302 0.561887 9.04054e-39 3
0.364603 0.251302 0.561887 8.21007e-39 3
0.372466 0.25042 0.559916 6.91861e-39 3
0.413994 0.265315 0.593219 6.82569e-39 3
0.431706 0.27034 0.604454 7.28667e-39 3
0.436614 0.267302 0.597663 7.93168e-39 3
0.436564 0.261427 0.584527 7.28631e-39 3
0.433408 0.253985 0.567886 6.73314e-39 3
0.447458 0.256726 0.574014 7.00901e-39 3
0.466205 0.256726 0.574014 5.62608e-39 3
0.44366 0.239496 0.53549 5.16475e-39 3
0.452404 0.239496 0.53549 5.53353e-39 3
0.477161 0.247811 0.554083 5.53353e-39 3
0.505517 0.257652 0.576087 5.71684e-39 3
0.463465 0.223729 0.500238 5.53209e-39 3
0.459214 0.200477 0.448247 3.41124e-39 3
0.479238 0.202755 0.453341 4.51759e-39 3
0.557972 0.232475 0.519791 6.08526e-39 3
0.57205 0.234769 0.524921 5.625e-39 3
0.578718 0.233999 0.5232 4.97998e-39 3
-0.458055 0.244143 0.526653 5.53246e-39 3
-0.452441 0.245766 0.530153 4.42503e-39 3
-0.448252 0.24824 0.53549 2.8577e-39 3
-0.443977 0.250764 0.540936 3.68746e-39 3
-0.451998 0.260477 0.561887 4.88635e-39 3
-0.45238 0.266099 0.574014 4.97927e-39 3
-0.441419 0.265145 0.571957 5.44061e-39 3
-0.435199 0.267059 0.576087 5.625e-39 3
-0.395553 0.259563 0.559916 2.12229e-39 3
-0.370798 0.249076 0.537293 1.75244e-39 3
-0.358404 0.246585 0.53192 3.78039e-39 3
-0.350888 0.24741 0.533699 3.5038e-39 3
-0.339899 0.245766 0.530153 2.30705e-39 3
-0.335703 0.249076 0.537293 5.44313e-39 3
-0.328034 0.249917 0.539108 5.81083e-39 3
-0.318156 0.249076 0.537293 8.29867e-39 3
-0.31468 0.253341 0.546493 8.76073e-39 3
-0.314369 0.260477 0.561887 8.39374e-39 3
-0.308452 0.263258 0.567886 6.08922e-39 3
-0.289905 0.263258 0.567886 3.60064e-39 3
-0.282644 0.265145 0.571957 7.84308e-39 3
-0.270396 0.262324 0.565872 8.30298e-39 3
-0.261156 0.262324 0.565872 7.65796e-39 3
-0.252812 0.263258 0.567886 5.72149e-39 3
-0.247056 0.267059 0.576087 7.93383e-39 3
-0.240251 0.269983 0.582394 1.10688e-38 3
-0.231586 0.270972 0.584527 8.02638e-39 3
-0.225342 0.275002 0.593219 6.91932e-39 3
-0.215655 0.275002 0.593219 9.59191e-39 3
-0.205206 0.273983 0.591022 1.06068e-38 3
-0.194117 0.271969 0.586676 8.5792e-39 3
-0.181206 0.267059 0.576087 7.47391e-39 3
-0.171181 0.266099 0.574014 8.67245e-39 3
-0.160652 0.264198 0.569914 9.40932e-39 3
-0.151345 0.264198 0.569914 1.08837e-38 3
-0.142039 0.264198 0.569914 9.40717e-39 3
-0.132732 0.264198 0.569914 7.93132e-39 3
-0.123868 0.265145 0.571957 9.49865e-39 3
-0.11412 0.264198 0.569914 9.49901e-39 3
-0.105189 0.265145 0.571957 7.65545e-39 3
-0.095507 0.264198 0.569914 9.31533e-39 3
-0.0865095 0.265145 0.571957 9.59191e-39 3
-0.078578 0.269983 0.582394 9.4997e-39 3
-0.0580741 0.263258 0.567886 9.31748e-39 3
-0.0491507 0.265145 0.571957 9.03874e-39 3
-0.0395276 0.263258 0.567886 1.16199e-38 3
-0.0303624 0.264198 0.569914 1.16199e-38 3
-0.0209811 0.263258 0.567886 1.08812e-38 3
-0.0116663 0.262324 0.565872 1.06057e-38 3
-0.0024174 0.261397 0.563873 1.1712e-38 3
0.00667242 0.256859 0.554083 1.13436e-38 3
0.0155582 0.254211 0.548371 9.68555e-39 3
0.0242627 0.251617 0.542775 9.8703e-39 3
0.0327913 0.249076 0.537293 1.01465e-38 3
0.0428638 0.256859 0.554083 1.01476e-38 3
0.0532049 0.263258 0.567886 1.08855e-38 3
0.0638413 0.269002 0.580276 1.14373e-38 3
0.0757975 0.278103 0.59991 1.12521e-38 3
0.0859167 0.279153 0.602174 1.00547e-38 3
0.101744 0.269002 0.580276 1.04217e-38 3
0.175003 0.265145 0.571957 9.31605e-39 3
0.185005 0.266099 0.574014 9.03874e-39 3
0.202297 0.264198 0.569914 9.04089e-39 3
0.20936 0.261397 0.563873 9.41003e-39 3
0.219343 0.262324 0.565872 9.59514e-39 3
0.226973 0.260477 0.561887 9.22564e-39 3
0.236983 0.261397 0.563873 9.04053e-39 3
0.246191 0.261397 0.563873 8.48664e-39 3
0.256304 0.262324 0.565872 7.6558e-39 3
0.26649 0.263258 0.567886 7.56433e-39 3
0.275763 0.263258 0.567886 8.85579e-39 3
0.294467 0.271969 0.586676 7.93455e-39 3
0.305169 0.272972 0.588841 8.48771e-39 3
0.317125 0.275002 0.593219 9.31712e-39 3
0.322024 0.270972 0.584527 1.06064e-38 3
0.324438 0.265145 0.571957 1.2266e-38 3
0.332586 0.264198 0.569914 1.22642e-38 3
0.328968 0.254211 0.548371 1.07901e-38 3
0.336766 0.253341 0.546493 8.02638e-39 3
0.348074 0.255088 0.550262 9.31748e-39 3
0.354614 0.253341 0.546493 9.40932e-39 3
0.371164 0.258655 0.557958 8.85579e-39 3
0.382953 0.260477 0.561887 6.3665e-39 3
0.39773 0.264198 0.569914 7.10335e-39 3
0.420555 0.272972 0.588841 6.2736e-39 3
0.422377 0.268027 0.578174 6.36579e-39 3
0.417081 0.253341 0.546493 5.44384e-39 3
0.423107 0.251617 0.542775 5.81082e-39 3
0.434929 0.253341 0.546493 5.71862e-39 3
0.443853 0.253341 0.546493 6.17925e-39 3
0.440702 0.246585 0.53192 5.71828e-39 3
0.450891 0.24741 0.533699 5.62608e-39 3
0.469018 0.252476 0.544628 4.61157e-39 3
0.5001 0.264198 0.569914 4.98035e-39 3
0.449658 0.229026 0.494043 5.71648e-39 3
0.452127 0.226225 0.488 3.78037e-39 3
0.461424 0.215672 0.465236 3.96477e-39 3
0.462283 0.212573 0.458552 2.76587e-39 3
0.460507 0.208382 0.44951 3.31904e-39 3
0.473853 0.207796 0.448247 3.68746e-39 3
0.577752 0.245766 0.530153 5.43989e-39 3
-0.455051 0.251086 0.5232 5.25515e-39 3
-0.450943 0.25358 0.528397 3.3176e-39 3
-0.446753 0.256125 0.533699 2.94882e-39 3
-0.440987 0.257849 0.537293 3.40979e-39 3
-0.436624 0.26048 0.542775 4.97892e-39 3
-0.439726 0.267767 0.557958 5.80939e-39 3
-0.432126 0.268706 0.559916 8.11429e-39 3
-0.420035 0.266834 0.556014 6.54768e-39 3
-0.384462 0.255271 0.53192 3.13644e-39 3
-0.375776 0.255271 0.53192 4.14952e-39 3
-0.364659 0.25358 0.528397 3.59635e-39 3
-0.350232 0.24945 0.519791 2.85806e-39 3
-0.349718 0.255271 0.53192 3.68854e-39 3
-0.338774 0.25358 0.528397 6.63988e-39 3
-0.335703 0.257849 0.537293 1.16184e-38 3
-0.326929 0.257849 0.537293 1.24489e-38 3
-0.318156 0.257849 0.537293 1.12507e-38 3
-0.312539 0.26048 0.542775 6.54876e-39 3
-0.307865 0.264073 0.550262 4.33606e-39 3
-0.299913 0.264987 0.552166 4.52045e-39 3
-0.285836 0.268706 0.559916 6.36687e-39 3
-0.277668 0.269652 0.561887 8.48844e-39 3
-0.261136 0.262265 0.546493 9.31748e-39 3
-0.251352 0.261369 0.544628 7.65796e-39 3
-0.243288 0.262265 0.546493 8.5792e-39 3
-0.242675 0.271565 0.565872 9.31713e-39 3
-0.235102 0.273504 0.569914 9.04234e-39 3
-0.22742 0.275472 0.574014 7.75051e-39 3
-0.222041 0.280517 0.584527 9.50079e-39 3
-0.213277 0.281549 0.586676 1.06057e-38 3
-0.202951 0.280517 0.584527 1.18975e-38 3
-0.1927 0.279494 0.582394 1.15302e-38 3
-0.180554 0.275472 0.574014 1.06089e-38 3
-0.170567 0.274485 0.571957 1.03316e-38 3
-0.123868 0.274485 0.571957 8.20826e-39 3
-0.10444 0.272531 0.567886 9.86957e-39 3
-0.0951671 0.272531 0.567886 9.68518e-39 3
-0.0855892 0.271565 0.565872 9.13057e-39 3
-0.0760791 0.270605 0.563873 7.65544e-39 3
-0.0657104 0.265907 0.554083 9.2242e-39 3
-0.05686 0.266834 0.556014 9.68626e-39 3
-0.0481159 0.268706 0.559916 1.1806e-38 3
-0.0388365 0.267767 0.557958 1.23585e-38 3
-0.0298297 0.268706 0.559916 1.18046e-38 3
-0.0206143 0.267767 0.557958 1.16199e-38 3
-0.0114631 0.266834 0.556014 1.16188e-38 3
-0.00235095 0.263166 0.548371 1.2634e-38 3
0.00653625 0.26048 0.542775 1.18968e-38 3
0.0152439 0.257849 0.537293 1.21741e-38 3
0.0238569 0.256125 0.533699 1.19901e-38 3
0.0323555 0.254423 0.530153 1.07912e-38 3
0.0415649 0.257849 0.537293 9.77738e-39 3
0.0506799 0.259597 0.540936 1.0055e-38 3
0.059513 0.259597 0.540936 1.02391e-38 3
0.0725257 0.275472 0.574014 1.06075e-38 3
0.0999267 0.273504 0.569914 9.6841e-39 3
0.114367 0.244669 0.509827 1.00532e-38 3
0.121527 0.242346 0.504987 8.48735e-39 3
0.1306 0.243889 0.508204 8.85505e-39 3
0.139342 0.244669 0.509827 8.11821e-39 3
0.14673 0.243115 0.50659 8.48664e-39 3
0.155496 0.243889 0.508204 8.21042e-39 3
0.163795 0.243889 0.508204 8.11678e-39 3
0.185695 0.263166 0.548371 7.84092e-39 3
0.19465 0.263166 0.548371 8.94798e-39 3
0.203604 0.263166 0.548371 8.9487e-39 3
0.215521 0.266834 0.556014 9.04232e-39 3
0.220755 0.262265 0.546493 1.02416e-38 3
0.232869 0.265907 0.554083 1.12539e-38 3
0.24276 0.266834 0.556014 9.96177e-39 3
0.251839 0.266834 0.556014 1.03302e-38 3
0.262749 0.268706 0.559916 1.08834e-38 3
0.269998 0.266834 0.556014 1.18053e-38 3
0.284025 0.271565 0.565872 1.10681e-38 3
0.298559 0.276467 0.576087 1.01472e-38 3
0.310206 0.278477 0.580276 1.01462e-38 3
0.313973 0.273504 0.569914 1.04213e-38 3
0.306841 0.259597 0.540936 1.00525e-38 3
0.323412 0.25872 0.539108 1.18964e-38 3
0.333341 0.259597 0.540936 1.17135e-38 3
0.34451 0.261369 0.544628 9.96285e-39 3
0.349821 0.25872 0.539108 9.13237e-39 3
0.366045 0.264073 0.550262 9.40824e-39 3
0.37119 0.261369 0.544628 9.13237e-39 3
0.425262 0.285751 0.595433 7.01044e-39 3
0.420852 0.276467 0.576087 5.90553e-39 3
0.410059 0.257849 0.537293 8.39481e-39 3
0.417428 0.256984 0.53549 7.56326e-39 3
0.430506 0.259597 0.540936 5.62715e-39 3
0.430581 0.254423 0.530153 6.54839e-39 3
0.432061 0.250266 0.52149 6.08705e-39 3
0.437716 0.24864 0.518104 4.33534e-39 3
0.44763 0.24945 0.519791 5.16475e-39 3
0.443127 0.242346 0.504987 4.33499e-39 3
0.442962 0.23783 0.495578 5.62573e-39 3
0.449378 0.23277 0.485033 4.61013e-39 3
0.451496 0.225903 0.470726 4.42681e-39 3
0.459182 0.225903 0.470726 4.42646e-39 3
0.461424 0.223269 0.465236 3.5045e-39 3
0.466302 0.221975 0.462539 3.50415e-39 3
0.468424 0.219431 0.457238 3.04245e-39 3
0.471835 0.21756 0.453341 2.48892e-39 3
0.47653 0.216331 0.45078 1.75135e-39 3
0.489421 0.218804 0.455931 2.85842e-39 3
0.577752 0.254423 0.530153 2.58255e-39 3
-0.44342 0.252994 0.509827 5.43954e-39 3
-0.437893 0.254621 0.513106 4.24028e-39 3
-0.432294 0.256269 0.516427 4.97712e-39 3
-0.430833 0.260484 0.524921 3.96405e-39 3
-0.427891 0.263957 0.53192 5.2555e-39 3
-0.42487 0.267524 0.539108 5.80904e-39 3
-0.413275 0.265728 0.53549 4.05732e-39 3
-0.400499 0.26308 0.530153 3.87401e-39 3
-0.389255 0.261343 0.526653 4.15059e-39 3
-0.373264 0.256269 0.516427 3.50522e-39 3
-0.366015 0.257101 0.518104 5.62573e-39 3
-0.357555 0.257101 0.518104 5.80904e-39 3
-0.344619 0.253805 0.511461 5.07147e-39 3
-0.346255 0.261343 0.526653 7.28525e-39 3
-0.333256 0.257938 0.519791 6.17925e-39 3
-0.327973 0.260484 0.524921 9.7756e-39 3
-0.317314 0.258781 0.52149 9.68305e-39 3
-0.311856 0.261343 0.526653 9.40682e-39 3
-0.306288 0.263957 0.53192 6.6406e-39 3
-0.301624 0.267524 0.539108 6.82499e-39 3
-0.288916 0.263957 0.53192 8.20827e-39 3
-0.279943 0.27212 0.548371 8.76431e-39 3
-0.269139 0.270263 0.544628 8.48772e-39 3
-0.257607 0.267524 0.539108 8.48808e-39 3
-0.247966 0.266623 0.537293 7.84163e-39 3
-0.240001 0.267524 0.539108 8.02603e-39 3
-0.23762 0.274955 0.554083 9.04018e-39 3
-0.231791 0.278828 0.561887 8.76538e-39 3
-0.223402 0.279813 0.563873 8.11893e-39 3
-0.21649 0.282811 0.569914 8.57776e-39 3
-0.208674 0.284845 0.574014 1.01447e-38 3
-0.199301 0.284845 0.574014 9.86922e-39 3
-0.189246 0.283825 0.571957 1.08852e-38 3
-0.178626 0.281804 0.567886 1.03323e-38 3
-0.100851 0.27212 0.548371 1.18982e-38 3
-0.0922136 0.273059 0.550262 9.96177e-39 3
-0.082376 0.270263 0.544628 9.31568e-39 3
-0.0732326 0.269344 0.542775 9.22276e-39 3
-0.0641512 0.268431 0.540936 1.28202e-38 3
-0.0556956 0.270263 0.544628 1.32815e-38 3
-0.046643 0.269344 0.542775 1.25436e-38 3
-0.0377798 0.269344 0.542775 1.19904e-38 3
-0.0290153 0.270263 0.544628 1.01465e-38 3
-0.0201218 0.270263 0.544628 1.02376e-38 3
-0.0111902 0.269344 0.542775 1.0883e-38 3
0.00644851 0.265728 0.53549 1.16202e-38 3
0.0150915 0.263957 0.53192 1.41102e-38 3
0.0236199 0.262209 0.528397 1.41099e-38 3
0.0320362 0.260484 0.524921 1.19897e-38 3
0.0410126 0.26308 0.530153 1.09759e-38 3
0.0500019 0.26484 0.533699 1.10688e-38 3
0.0589139 0.265728 0.53549 1.08844e-38 3
0.0717514 0.281804 0.567886 9.86957e-39 3
0.0951683 0.269344 0.542775 1.11603e-38 3
0.102292 0.26484 0.533699 9.96033e-39 3
0.108823 0.25963 0.5232 7.83983e-39 3
0.114367 0.252994 0.509827 9.59334e-39 3
0.121144 0.249801 0.503394 1.07926e-38 3
0.130185 0.251387 0.50659 1.06075e-38 3
0.138458 0.251387 0.50659 9.31712e-39 3
0.145346 0.249016 0.501811 8.67175e-39 3
0.154512 0.250592 0.504987 7.93419e-39 3
0.163275 0.251387 0.50659 8.57884e-39 3
0.191362 0.267524 0.539108 1.00543e-38 3
0.200844 0.268431 0.540936 1.20833e-38 3
0.212559 0.27212 0.548371 1.13476e-38 3
0.220001 0.270263 0.544628 1.06104e-38 3
0.232063 0.274004 0.552166 1.10706e-38 3
0.241917 0.274955 0.554083 1.13444e-38 3
0.249234 0.273059 0.550262 8.85507e-39 3
0.260012 0.274955 0.554083 8.3941e-39 3
0.266286 0.27212 0.548371 8.39409e-39 3
0.277146 0.274004 0.552166 8.02531e-39 3
0.290179 0.277849 0.559916 8.94762e-39 3
0.297236 0.275913 0.556014 9.68374e-39 3
0.302105 0.27212 0.548371 1.01429e-38 3
0.307885 0.269344 0.542775 1.04206e-38 3
0.312497 0.265728 0.53549 9.77524e-39 3
0.321241 0.265728 0.53549 9.86814e-39 3
0.333341 0.268431 0.540936 8.94762e-39 3
0.343338 0.269344 0.542775 8.21114e-39 3
0.346312 0.26484 0.533699 1.05146e-38 3
0.353843 0.263957 0.53192 1.13444e-38 3
0.353113 0.257101 0.518104 1.05153e-38 3
0.355797 0.252994 0.509827 8.30297e-39 3
0.362963 0.252188 0.508204 9.59191e-39 3
0.374843 0.254621 0.513106 9.50116e-39 3
0.378355 0.251387 0.50659 8.581e-39 3
0.396702 0.257938 0.519791 8.39553e-39 3
0.40519 0.257938 0.519791 8.11643e-39 3
0.419139 0.261343 0.526653 7.01009e-39 3
0.420795 0.257101 0.518104 5.81047e-39 3
0.425115 0.254621 0.513106 8.66853e-39 3
0.432104 0.253805 0.511461 7.83878e-39 3
0.437651 0.252188 0.508204 7.93062e-39 3
0.43896 0.248235 0.500238 4.98035e-39 3
0.440228 0.244404 0.492518 5.16475e-39 3
0.445318 0.238515 0.480651 6.36185e-39 3
0.441206 0.23222 0.467965 3.87364e-39 3
0.44623 0.230866 0.465236 3.04388e-39 3
0.456489 0.23222 0.467965 4.88852e-39 3
0.461424 0.230866 0.465236 4.70377e-39 3
0.464955 0.228864 0.461202 5.25586e-39 3
0.46977 0.227549 0.458552 4.42611e-39 3
0.474531 0.226249 0.455931 3.41159e-39 3
0.47788 0.224326 0.452057 4.88672e-39 3
0.488027 0.225604 0.454632 4.61013e-39 3
-0.440605 0.25966 0.50659 4.79417e-39 3
-0.435095 0.261319 0.509827 4.60978e-39 3
-0.428138 0.262156 0.511461 4.79381e-39 3
-0.423862 0.264702 0.516427 4.79453e-39 3
-0.418135 0.266426 0.519791 4.24171e-39 3
-0.41369 0.269055 0.524921 2.85986e-39 3
-0.398563 0.264702 0.516427 3.59742e-39 3
-0.386379 0.262156 0.511461 3.69069e-39 3
-0.366154 0.25966 0.50659 9.49902e-39 3
-0.359021 0.260487 0.508204 9.31427e-39 3
-0.350723 0.260487 0.508204 6.63988e-39 3
-0.336004 0.255603 0.498675 5.2573e-39 3
-0.339532 0.264702 0.516427 4.33534e-39 3
-0.32897 0.262999 0.513106 7.19412e-39 3
-0.323714 0.265561 0.518104 9.31462e-39 3
-0.31322 0.263848 0.514761 9.77632e-39 3
-0.304814 0.263848 0.514761 8.02389e-39 3
-0.296408 0.263848 0.514761 4.88888e-39 3
-0.290817 0.266426 0.519791 5.71899e-39 3
-0.277804 0.262156 0.511461 7.19412e-39 3
-0.264623 0.274473 0.53549 9.04053e-39 3
-0.255023 0.273555 0.533699 8.0271e-39 3
-0.243056 0.269943 0.526653 7.19591e-39 3
-0.236014 0.271737 0.530153 9.03911e-39 3
-0.233565 0.279156 0.544628 1.07901e-38 3
-0.225441 0.280112 0.546493 9.50079e-39 3
-0.215778 0.279156 0.544628 1.04231e-38 3
-0.213441 0.288003 0.561887 1.0421e-38 3
-0.205714 0.290045 0.565872 1.13433e-38 3
-0.105043 0.24861 0.485033 1.13454e-38 3
-0.0974192 0.249368 0.486512 1.14365e-38 3
-0.0905794 0.252447 0.492518 1.08841e-38 3
-0.0851654 0.260487 0.508204 1.09766e-38 3
-0.0763803 0.258838 0.504987 1.07919e-38 3
-0.0708236 0.269055 0.524921 9.77701e-39 3
-0.0618451 0.267297 0.52149 1.03298e-38 3
-0.0551311 0.276327 0.539108 1.09748e-38 3
-0.0460169 0.274473 0.53549 1.10681e-38 3
-0.0372727 0.274473 0.53549 9.40931e-39 3
-0.0286245 0.275397 0.537293 8.48771e-39 3
-0.0199179 0.276327 0.539108 9.31712e-39 3
-0.0111146 0.276327 0.539108 8.76322e-39 3
-0.00230345 0.275397 0.537293 9.68481e-39 3
0.00642694 0.273555 0.533699 1.02376e-38 3
0.0149915 0.270837 0.528397 1.06983e-38 3
0.0233876 0.268173 0.5232 1.17121e-38 3
0.0318268 0.267297 0.52149 1.18975e-38 3
0.0406078 0.269055 0.524921 9.40824e-39 3
0.0488581 0.267297 0.52149 1.365e-38 3
0.0575618 0.268173 0.5232 1.44797e-38 3
0.101612 0.271737 0.530153 9.96033e-39 3
0.108823 0.268173 0.5232 9.59191e-39 3
0.114367 0.261319 0.509827 1.01462e-38 3
0.121527 0.258838 0.504987 1.03323e-38 3
0.129773 0.258838 0.504987 9.87136e-39 3
0.136294 0.255603 0.498675 9.22564e-39 3
0.143096 0.253229 0.494043 1.12539e-38 3
0.152105 0.254806 0.497121 1.18071e-38 3
0.159231 0.253229 0.494043 1.06071e-38 3
0.16834 0.254806 0.497121 9.59335e-39 3
0.17701 0.255603 0.498675 9.5008e-39 3
0.182867 0.252447 0.492518 9.68555e-39 3
0.208968 0.276327 0.539108 9.41003e-39 3
0.21851 0.277264 0.540936 9.13487e-39 3
0.232869 0.284003 0.554083 9.965e-39 3
0.24276 0.284992 0.556014 1.08848e-38 3
0.245843 0.278207 0.542775 1.06075e-38 3
0.258219 0.282044 0.550262 8.76359e-39 3
0.264469 0.279156 0.544628 7.10335e-39 3
0.271509 0.277264 0.540936 6.36579e-39 3
0.27752 0.274473 0.53549 4.70482e-39 3
0.279694 0.268173 0.5232 6.91573e-39 3
0.28636 0.266426 0.519791 6.82246e-39 3
0.301727 0.272643 0.53192 8.66709e-39 3
0.299434 0.262999 0.513106 8.76001e-39 3
0.310811 0.265561 0.518104 8.48449e-39 3
0.318238 0.264702 0.516427 8.67103e-39 3
0.341018 0.276327 0.539108 7.74944e-39 3
0.345157 0.272643 0.53192 6.91896e-39 3
0.343537 0.264702 0.516427 5.81261e-39 3
0.348586 0.262156 0.511461 5.72114e-39 3
0.352419 0.258838 0.504987 7.28846e-39 3
0.360665 0.258838 0.504987 8.67103e-39 3
0.372447 0.261319 0.509827 7.5654e-39 3
0.378355 0.25966 0.50659 6.64381e-39 3
0.394135 0.264702 0.516427 7.74944e-39 3
0.403875 0.265561 0.518104 6.45798e-39 3
0.419139 0.269943 0.526653 6.73457e-39 3
0.420795 0.265561 0.518104 6.08777e-39 3
0.423752 0.262156 0.511461 8.39267e-39 3
0.430724 0.261319 0.509827 1.15255e-38 3
0.436261 0.25966 0.50659 1.19865e-38 3
0.432186 0.252447 0.492518 1.20787e-38 3
0.437527 0.250898 0.489497 8.29867e-39 3
0.438633 0.238463 0.465236 6.54803e-39 3
0.443644 0.237081 0.462539 6.17961e-39 3
0.451197 0.237081 0.462539 5.90266e-39 3
0.45875 0.237081 0.462539 7.83878e-39 3
0.463615 0.235714 0.459873 7.19305e-39 3
0.468424 0.234363 0.457238 5.81012e-39 3
0.474531 0.233694 0.455931 5.99451e-39 3
0.475188 0.230402 0.44951 5.44133e-39 3
0.488027 0.233028 0.454632 4.88744e-39 3
0.566819 0.258838 0.504987 4.97998e-39 3
0.569657 0.256404 0.500238 2.85913e-39 3
0.57602 0.255603 0.498675 2.76694e-39 3
0.582343 0.254806 0.497121 3.87329e-39 3
0.581405 0.250898 0.489497 1.93718e-39 3
0.589398 0.250898 0.489497 2.76766e-39 3
0.599229 0.25167 0.491003 3.68962e-39 3
0.601693 0.249368 0.486512 3.32084e-39 3
-0.424436 0.2581 0.488 3.78002e-39 3
-0.412681 0.255753 0.483564 3.50379e-39 3
-0.402346 0.254213 0.480651 3.96477e-39 3
-0.399309 0.257313 0.486512 2.3978e-39 3
-0.401148 0.263746 0.498675 2.21449e-39 3
-0.400515 0.268785 0.508204 3.22864e-39 3
-0.388504 0.266242 0.503394 4.0584e-39 3
-0.372068 0.26049 0.492518 5.99558e-39 3
-0.364026 0.26049 0.492518 5.90374e-39 3
-0.357085 0.261296 0.494043 4.98251e-39 3
-0.349018 0.261296 0.494043 2.86165e-39 3
-0.337813 0.258891 0.489497 4.24386e-39 3
-0.330031 0.272254 0.514761 9.31498e-39 3
-0.323714 0.274021 0.518104 9.86887e-39 3
-0.312212 0.271378 0.513106 9.03876e-39 3
-0.294508 0.270508 0.511461 6.27217e-39 3
-0.285242 0.269644 0.509827 3.4141e-39 3
-0.269177 0.262107 0.495578 3.96763e-39 3
-0.261898 0.262924 0.497121 5.07505e-39 3
-0.248762 0.266242 0.503394 9.31675e-39 3
-0.245974 0.272254 0.514761 8.57992e-39 3
-0.236804 0.271378 0.513106 8.94763e-39 3
-0.229162 0.272254 0.514761 1.17121e-38 3
-0.227357 0.280394 0.530153 1.14351e-38 3
-0.220902 0.283217 0.53549 9.22277e-39 3
-0.209347 0.279466 0.528397 7.01007e-39 3
-0.206181 0.28707 0.542775 6.73313e-39 3
-0.12764 0.254213 0.480651 9.2242e-39 3
-0.119792 0.254213 0.480651 1.18979e-38 3
-0.112281 0.254981 0.482103 1.26358e-38 3
-0.104725 0.255753 0.483564 1.08833e-38 3
-0.0974192 0.257313 0.486512 1.13443e-38 3
-0.0908598 0.261296 0.494043 1.17142e-38 3
-0.0848951 0.267932 0.50659 1.0793e-38 3
-0.0758999 0.265404 0.501811 9.50186e-39 3
-0.0690076 0.270508 0.511461 9.4093e-39 3
-0.060462 0.269644 0.509827 1.05139e-38 3
-0.0536803 0.277627 0.524921 1.29099e-38 3
-0.0451087 0.277627 0.524921 1.2911e-38 3
-0.0362982 0.275812 0.52149 9.96177e-39 3
-0.0282441 0.280394 0.530153 1.09763e-38 3
-0.019587 0.280394 0.530153 1.30964e-38 3
-0.0109664 0.281329 0.53192 1.23592e-38 3
-0.00227284 0.280394 0.530153 1.06078e-38 3
0.0063421 0.278543 0.526653 9.31603e-39 3
0.0146519 0.273135 0.516427 7.56361e-39 3
0.0230104 0.272254 0.514761 9.499e-39 3
0.0314161 0.272254 0.514761 1.16199e-38 3
0.0398219 0.272254 0.514761 1.20823e-38 3
0.0477654 0.269644 0.509827 1.1161e-38 3
0.0559119 0.268785 0.508204 1.23592e-38 3
0.112569 0.265404 0.501811 1.00547e-38 3
0.120384 0.264572 0.500238 1.07022e-38 3
0.128957 0.265404 0.501811 1.13483e-38 3
0.134612 0.26049 0.492518 1.42056e-38 3
0.142654 0.26049 0.492518 1.49428e-38 3
0.151633 0.262107 0.495578 1.24525e-38 3
0.157765 0.258891 0.489497 9.59406e-39 3
0.165759 0.258891 0.489497 8.5792e-39 3
0.172167 0.256531 0.485033 9.86959e-39 3
0.179 0.254981 0.482103 1.02387e-38 3
0.188008 0.256531 0.485033 9.87101e-39 3
0.191846 0.251186 0.474928 8.76609e-39 3
0.236983 0.298228 0.563873 7.66046e-39 3
0.245324 0.297178 0.561887 7.19913e-39 3
0.245009 0.286097 0.540936 7.29025e-39 3
0.258219 0.29103 0.550262 8.39588e-39 3
0.260031 0.283217 0.53549 6.09027e-39 3
0.267877 0.28227 0.533699 4.79917e-39 3
0.271677 0.268785 0.508204 7.28523e-39 3
0.273871 0.262924 0.497121 7.09976e-39 3
0.28645 0.267084 0.504987 8.20611e-39 3
0.286535 0.259688 0.491003 8.48306e-39 3
0.29365 0.258891 0.489497 7.65473e-39 3
0.304959 0.254981 0.482103 9.31712e-39 3
0.311889 0.254213 0.480651 1.16209e-38 3
0.328647 0.261296 0.494043 1.11603e-38 3
0.333616 0.258891 0.489497 1.00547e-38 3
0.344782 0.261296 0.494043 9.04018e-39 3
0.358397 0.265404 0.501811 9.03874e-39 3
0.374843 0.271378 0.513106 8.20898e-39 3
0.381993 0.270508 0.511461 8.11678e-39 3
0.395414 0.274021 0.518104 5.53638e-39 3
0.40519 0.274914 0.519791 6.36614e-39 3
0.417761 0.277627 0.524921 5.35163e-39 3
0.419434 0.273135 0.516427 5.81154e-39 3
0.423752 0.270508 0.511461 4.61264e-39 3
0.429352 0.268785 0.508204 5.625e-39 3
0.432146 0.265404 0.501811 6.82354e-39 3
0.428221 0.2581 0.488 9.22063e-39 3
0.436189 0.2581 0.488 7.6533e-39 3
0.442804 0.257313 0.486512 5.5346e-39 3
0.436091 0.244634 0.462539 6.08778e-39 3
0.442361 0.243927 0.461202 5.34949e-39 3
0.452508 0.245345 0.463884 7.2856e-39 3
0.461424 0.24606 0.465236 7.37779e-39 3
0.464955 0.243927 0.461202 8.48451e-39 3
0.468424 0.24183 0.457238 6.91683e-39 3
0.477258 0.242525 0.458552 6.27146e-39 3
0.472526 0.236411 0.446992 3.04497e-39 3
0.481173 0.237075 0.448247 3.0446e-39 3
0.565734 0.270508 0.511461 2.49178e-39 3
0.55799 0.262924 0.497121 5.53388e-39 3
0.56435 0.262107 0.495578 4.15095e-39 3
0.57067 0.261296 0.494043 4.15059e-39 3
0.573412 0.258891 0.489497 4.5183e-39 3
0.572622 0.254981 0.482103 4.79524e-39 3
0.582254 0.255753 0.483564 5.07183e-39 3
0.588367 0.254981 0.482103 4.61157e-39 3
0.582169 0.248963 0.470726 4.0584e-39 3
-0.404637 0.253657 0.465236 3.22684e-39 3
-0.386066 0.251458 0.461202 4.61049e-39 3
-0.381096 0.26365 0.483564 4.79668e-39 3
-0.3732 0.26365 0.483564 6.08706e-39 3
-0.365303 0.26365 0.483564 8.48414e-39 3
-0.355254 0.262061 0.480651 6.91897e-39 3
-0.350573 0.264451 0.485033 5.62859e-39 3
-0.341614 0.26365 0.483564 3.78289e-39 3
-0.315518 0.27533 0.504987 8.20935e-39 3
-0.306303 0.274462 0.503394 5.9963e-39 3
-0.297146 0.273599 0.501811 3.96872e-39 3
-0.287145 0.271889 0.498675 3.96835e-39 3
-0.260285 0.261274 0.479207 9.13166e-39 3
-0.256308 0.265257 0.486512 9.86994e-39 3
-0.249888 0.266885 0.489497 1.07915e-38 3
-0.238962 0.26365 0.483564 1.15284e-38 3
-0.239034 0.272741 0.500238 1.04217e-38 3
-0.234541 0.277084 0.508204 6.36579e-39 3
-0.226966 0.277969 0.509827 8.3001e-39 3
-0.219341 0.27886 0.511461 1.04199e-38 3
-0.215126 0.284328 0.52149 1.10656e-38 3
-0.202637 0.27886 0.511461 9.77451e-39 3
-0.130763 0.25292 0.463884 1.12536e-38 3
-0.123908 0.254399 0.466596 1.19904e-38 3
-0.11663 0.255145 0.467965 1.1989e-38 3
-0.109956 0.257409 0.472118 1.25425e-38 3
-0.104094 0.262061 0.480651 1.25422e-38 3
-0.0968288 0.26365 0.483564 1.19879e-38 3
-0.0900237 0.266885 0.489497 1.25418e-38 3
-0.0840942 0.273599 0.501811 1.03309e-38 3
-0.074957 0.2702 0.495578 8.94869e-39 3
-0.0681341 0.27533 0.504987 1.18993e-38 3
-0.059888 0.27533 0.504987 1.31886e-38 3
-0.0521368 0.277969 0.509827 1.28166e-38 3
-0.043952 0.27886 0.511461 1.20794e-38 3
-0.0356002 0.27886 0.511461 1.13429e-38 3
-0.0274241 0.280659 0.514761 1.16202e-38 3
-0.0189572 0.279757 0.513106 1.30042e-38 3
-0.0106126 0.280659 0.514761 1.18068e-38 3
-0.002214 0.281568 0.516427 1.05164e-38 3
0.00621895 0.281568 0.516427 1.01454e-38 3
0.0144647 0.277969 0.509827 9.59119e-39 3
0.0312148 0.27886 0.511461 1.13451e-38 3
0.0393146 0.277084 0.508204 9.96213e-39 3
0.046575 0.271042 0.497121 9.40931e-39 3
0.127752 0.271042 0.497121 1.31915e-38 3
0.133786 0.266885 0.489497 1.31e-38 3
0.142215 0.267706 0.491003 1.27312e-38 3
0.150233 0.267706 0.491003 1.21766e-38 3
0.156803 0.265257 0.486512 1.11614e-38 3
0.164748 0.265257 0.486512 1.11614e-38 3
0.171127 0.262853 0.482103 9.96178e-39 3
0.177924 0.261274 0.479207 9.50081e-39 3
0.18575 0.261274 0.479207 9.68483e-39 3
0.188481 0.254399 0.466596 1.00565e-38 3
0.25744 0.289051 0.530153 1.0332e-38 3
0.267877 0.290985 0.533699 9.68589e-39 3
0.26422 0.277969 0.509827 1.00543e-38 3
0.271677 0.277084 0.508204 8.39301e-39 3
0.271335 0.268532 0.492518 8.57633e-39 3
0.276814 0.266068 0.488 8.94512e-39 3
0.283052 0.264451 0.485033 8.48342e-39 3
0.29009 0.26365 0.483564 1.03273e-38 3
0.294418 0.260492 0.477772 9.86778e-39 3
0.297762 0.25665 0.470726 9.49971e-39 3
0.302769 0.254399 0.466596 1.07915e-38 3
0.30769 0.252187 0.462539 1.17135e-38 3
0.315243 0.252187 0.462539 1.04231e-38 3
0.330458 0.258173 0.473519 1.02384e-38 3
0.346414 0.264451 0.485033 1.01458e-38 3
0.372447 0.277969 0.509827 1.10663e-38 3
0.380773 0.277969 0.509827 1.06965e-38 3
0.394135 0.281568 0.516427 9.68374e-39 3
0.406514 0.284328 0.52149 8.67031e-39 3
0.421924 0.289051 0.530153 7.01151e-39 3
0.419434 0.281568 0.516427 7.37994e-39 3
0.418388 0.27533 0.504987 5.5346e-39 3
0.418685 0.2702 0.495578 6.54875e-39 3
0.423046 0.262853 0.482103 7.92918e-39 3
0.42833 0.261274 0.479207 7.37564e-39 3
0.442804 0.265257 0.486512 7.19375e-39 3
0.423806 0.245083 0.44951 7.56398e-39 3
0.437306 0.248584 0.455931 5.34949e-39 3
0.448596 0.250733 0.459873 7.6551e-39 3
0.456105 0.250733 0.459873 8.29975e-39 3
0.459641 0.248584 0.455931 6.73243e-39 3
0.461808 0.245775 0.45078 6.17962e-39 3
0.478634 0.250733 0.459873 5.53533e-39 3
0.475188 0.245083 0.44951 5.35094e-39 3
0.482528 0.245083 0.44951 4.3357e-39 3
0.489868 0.245083 0.44951 4.98143e-39 3
0.549432 0.266885 0.489497 4.79667e-39 3
0.560866 0.268532 0.492518 4.70412e-39 3
0.568909 0.268532 0.492518 4.33427e-39 3
0.569915 0.265257 0.486512 3.32011e-39 3
0.565785 0.259715 0.476346 5.25586e-39 3
0.585804 0.265257 0.486512 4.88708e-39 3
0.593749 0.265257 0.486512 5.43989e-39 3
-0.397681 0.256763 0.457238 5.80868e-39 3
-0.392463 0.258243 0.459873 4.88672e-39 3
-0.381654 0.256029 0.455931 4.4261e-39 3
-0.375281 0.256763 0.457238 4.51938e-39 3
-0.367815 0.256763 0.457238 4.70449e-39 3
-0.365586 0.260495 0.463884 5.71864e-39 3
-0.360105 0.262018 0.466596 6.82534e-39 3
-0.350436 0.260495 0.463884 8.94619e-39 3
-0.341868 0.25974 0.462539 5.53568e-39 3
-0.334315 0.25974 0.462539 4.06091e-39 3
-0.325817 0.258989 0.461202 3.04532e-39 3
-0.311093 0.253136 0.45078 7.00901e-39 3
-0.300339 0.250308 0.445743 6.36436e-39 3
-0.28901 0.253136 0.45078 4.9825e-39 3
-0.288161 0.258989 0.461202 4.89031e-39 3
-0.281444 0.25974 0.462539 6.3658e-39 3
-0.282911 0.268294 0.477772 6.08921e-39 3
-0.271052 0.264337 0.470726 6.45763e-39 3
-0.250506 0.258989 0.461202 9.96213e-39 3
-0.243679 0.25974 0.462539 9.77738e-39 3
-0.240305 0.264337 0.470726 1.02373e-38 3
-0.231254 0.262786 0.467965 8.11606e-39 3
-0.229674 0.26991 0.480651 7.8402e-39 3
-0.230865 0.28091 0.500238 9.40717e-39 3
-0.225525 0.284477 0.50659 1.00518e-38 3
-0.217944 0.285383 0.508204 1.01433e-38 3
-0.211668 0.288136 0.513106 9.95853e-39 3
-0.198191 0.28091 0.500238 9.40464e-39 3
-0.175194 0.258989 0.461202 9.12806e-39 3
-0.158755 0.256763 0.457238 1.16213e-38 3
-0.151289 0.256763 0.457238 1.2177e-38 3
-0.143003 0.2553 0.454632 1.0793e-38 3
-0.135579 0.2553 0.454632 9.59334e-39 3
-0.129632 0.258243 0.459873 9.13271e-39 3
-0.122831 0.25974 0.462539 6.82747e-39 3
-0.11595 0.261254 0.465236 8.94654e-39 3
-0.108988 0.262786 0.467965 1.06057e-38 3
-0.103782 0.2691 0.479207 1.12503e-38 3
-0.0962455 0.26991 0.480651 1.14344e-38 3
-0.0897484 0.274037 0.488 9.86813e-39 3
-0.0830495 0.278292 0.495578 9.86885e-39 3
-0.0742651 0.275724 0.491003 1.03313e-38 3
-0.0672824 0.280032 0.498675 1.14383e-38 3
-0.058772 0.278292 0.495578 1.17124e-38 3
-0.0518058 0.284477 0.50659 1.40144e-38 3
-0.0435334 0.284477 0.50659 1.27233e-38 3
-0.0353734 0.285383 0.508204 1.2817e-38 3
-0.0188361 0.286294 0.509827 1.30035e-38 3
-0.0105446 0.287212 0.511461 1.19911e-38 3
-0.0021857 0.286294 0.509827 1.00547e-38 3
0.00615916 0.287212 0.511461 9.49935e-39 3
0.0142372 0.281793 0.501811 8.29938e-39 3
0.0222219 0.279159 0.497121 8.48521e-39 3
0.0302453 0.278292 0.495578 8.21149e-39 3
0.0382191 0.277431 0.494043 9.13344e-39 3
0.127355 0.278292 0.495578 1.16242e-38 3
0.133786 0.274878 0.489497 1.1994e-38 3
0.141779 0.274878 0.489497 1.19018e-38 3
0.149772 0.274878 0.489497 1.07933e-38 3
0.162274 0.2691 0.479207 9.31891e-39 3
0.16808 0.265906 0.473519 1.28209e-38 3
0.17375 0.262786 0.467965 1.48482e-38 3
0.182462 0.264337 0.470726 1.62314e-38 3
0.191618 0.256029 0.455931 1.25476e-38 3
0.214566 0.256763 0.457238 1.09791e-38 3
0.215848 0.24961 0.444501 1.15305e-38 3
0.219439 0.245507 0.437194 1.13454e-38 3
0.270815 0.284477 0.50659 8.30261e-39 3
0.281341 0.270726 0.482103 9.49865e-39 3
0.28491 0.266697 0.474928 1.06972e-38 3
0.286693 0.261254 0.465236 1.06053e-38 3
0.300137 0.25974 0.462539 9.77738e-39 3
0.3068 0.258989 0.461202 9.04017e-39 3
0.314332 0.258989 0.461202 8.76358e-39 3
0.321863 0.258989 0.461202 8.02566e-39 3
0.331309 0.260495 0.463884 1.0238e-38 3
0.338884 0.260495 0.463884 1.11582e-38 3
0.383861 0.250308 0.445743 8.29868e-39 3
0.413062 0.264337 0.470726 8.75894e-39 3
0.414466 0.24686 0.439603 8.48594e-39 3
0.419334 0.245507 0.437194 7.6551e-39 3
0.432397 0.248917 0.443267 8.02316e-39 3
0.439635 0.248917 0.443267 6.91682e-39 3
0.446873 0.248917 0.443267 5.44169e-39 3
0.452854 0.248228 0.442039 5.5346e-39 3
0.470498 0.253853 0.452057 4.98215e-39 3
0.473853 0.251714 0.448247 4.98215e-39 3
0.481173 0.251714 0.448247 6.82499e-39 3
0.494043 0.254574 0.453341 5.99558e-39 3
0.504312 0.256029 0.455931 5.90338e-39 3
0.529926 0.265119 0.472118 5.07326e-39 3
0.549005 0.270726 0.482103 5.44168e-39 3
0.560263 0.272371 0.485033 5.34842e-39 3
0.558006 0.267493 0.476346 3.50522e-39 3
0.554205 0.262018 0.466596 5.34806e-39 3
3.04296 1.40016 2.49337 6.17818e-39 3
-0.389861 0.259034 0.448247 7.56111e-39 3
-0.384703 0.260497 0.45078 5.43989e-39 3
-0.374171 0.258308 0.446992 4.33391e-39 3
-0.367902 0.259034 0.448247 3.13644e-39 3
-0.357569 0.256869 0.444501 5.90303e-39 3
-0.352274 0.258308 0.446992 7.93169e-39 3
-0.353896 0.264988 0.458552 7.83949e-39 3
-0.344429 0.263474 0.455931 7.00973e-39 3
-0.333176 0.260497 0.45078 4.70628e-39 3
-0.323985 0.259034 0.448247 3.23115e-39 3
-0.300893 0.251956 0.436 6.54768e-39 3
-0.288261 0.247228 0.427818 7.28632e-39 3
-0.275026 0.247892 0.428968 5.25801e-39 3
-0.271673 0.25127 0.434812 5.0747e-39 3
-0.268227 0.25474 0.440818 4.61444e-39 3
-0.264042 0.264988 0.458552 7.47214e-39 3
-0.254361 0.262723 0.454632 7.37994e-39 3
-0.242109 0.257586 0.445743 8.30297e-39 3
-0.234176 0.256869 0.444501 7.74908e-39 3
-0.23143 0.261977 0.453341 7.47069e-39 3
-0.226602 0.264988 0.458552 8.48485e-39 3
-0.217862 0.263474 0.455931 9.9607e-39 3
-0.21926 0.284617 0.492518 9.95962e-39 3
-0.212529 0.286385 0.495578 8.75999e-39 3
-0.205715 0.288175 0.498675 1.06014e-38 3
-0.173688 0.264229 0.457238 8.4816e-39 3
-0.165747 0.263474 0.455931 1.0605e-38 3
-0.156513 0.260497 0.45078 1.10692e-38 3
-0.148732 0.259763 0.44951 1.1071e-38 3
-0.140599 0.258308 0.446992 1.0977e-38 3
-0.1333 0.258308 0.446992 8.02601e-39 3
-0.126711 0.259763 0.44951 9.31711e-39 3
-0.120047 0.261235 0.452057 8.57955e-39 3
-0.113631 0.263474 0.455931 9.40824e-39 3
-0.108038 0.26807 0.463884 1.06061e-38 3
-0.10255 0.273638 0.473519 9.86814e-39 3
-0.0950997 0.274452 0.474928 1.15266e-38 3
-0.0900237 0.282871 0.489497 1.22652e-38 3
-0.0835686 0.288175 0.498675 1.16206e-38 3
-0.074725 0.285498 0.494043 1.01462e-38 3
-0.0679192 0.290902 0.503394 9.31712e-39 3
-0.0585901 0.285498 0.494043 8.94654e-39 3
-0.0518058 0.292749 0.50659 1.26319e-38 3
-0.0433957 0.291823 0.504987 1.27233e-38 3
-0.0352611 0.292749 0.50659 1.06035e-38 3
-0.0271612 0.29462 0.509827 1.05131e-38 3
-0.0186572 0.291823 0.504987 1.10674e-38 3
-0.0105109 0.29462 0.509827 9.50186e-39 3
-0.0021857 0.29462 0.509827 9.4093e-39 3
0.0061005 0.292749 0.50659 9.96033e-39 3
0.0214211 0.276925 0.479207 9.31461e-39 3
0.0291587 0.276096 0.477772 1.02398e-38 3
0.0444957 0.274452 0.474928 1.02391e-38 3
0.127355 0.286385 0.495578 9.68805e-39 3
0.13297 0.281146 0.486512 1.00572e-38 3
0.141779 0.282871 0.489497 1.07947e-38 3
0.149772 0.282871 0.489497 1.13468e-38 3
0.155382 0.278598 0.482103 1.13479e-38 3
0.158933 0.271223 0.469341 1.23624e-38 3
0.171736 0.267293 0.462539 1.40195e-38 3
0.17981 0.26807 0.463884 1.39273e-38 3
0.1847 0.264229 0.457238 1.27305e-38 3
0.187861 0.258308 0.446992 1.2271e-38 3
0.196259 0.259763 0.44951 1.20866e-38 3
0.204174 0.260497 0.45078 1.19015e-38 3
0.209172 0.257586 0.445743 1.24546e-38 3
0.214158 0.246567 0.426674 1.28205e-38 3
0.212054 0.236451 0.409169 1.0332e-38 3
0.22484 0.235846 0.408123 9.87138e-39 3
0.279096 0.268851 0.465236 1.01447e-38 3
0.279362 0.261977 0.453341 1.04217e-38 3
0.28923 0.264229 0.457238 9.68411e-39 3
0.297549 0.264988 0.458552 7.84127e-39 3
0.304163 0.264229 0.457238 7.38065e-39 3
0.309854 0.262723 0.454632 9.96177e-39 3
0.328445 0.265752 0.459873 8.30154e-39 3
0.334029 0.264229 0.457238 8.3923e-39 3
0.331061 0.256155 0.443267 7.9306e-39 3
0.326476 0.237059 0.410221 9.13271e-39 3
0.33232 0.236451 0.409169 9.13236e-39 3
0.333866 0.232869 0.40297 9.59191e-39 3
0.333704 0.228257 0.39499 8.48521e-39 3
0.373408 0.245909 0.425536 9.03624e-39 3
0.403844 0.243314 0.421045 7.5629e-39 3
0.416496 0.242674 0.419937 8.39087e-39 3
0.428998 0.245909 0.425536 6.36256e-39 3
0.429082 0.242037 0.418835 5.71899e-39 3
0.462635 0.256869 0.444501 4.52153e-39 3
0.47653 0.260497 0.45078 5.44313e-39 3
0.481173 0.259034 0.448247 6.64095e-39 3
0.491252 0.260497 0.45078 4.70449e-39 3
0.514698 0.264988 0.458552 3.87436e-39 3
0.532905 0.270428 0.467965 6.17925e-39 3
0.475654 0.234646 0.406046 5.16402e-39 3
3.04296 1.44087 2.49337 2.67546e-39 3
-0.388769 0.265607 0.446992 5.99486e-39 3
-0.385793 0.268617 0.452057 4.42574e-39 3
-0.374171 0.265607 0.446992 4.88708e-39 3
-0.366872 0.265607 0.446992 6.36329e-39 3
-0.358568 0.264865 0.445743 6.27217e-39 3
-0.356265 0.268617 0.452057 6.08777e-39 3
-0.348884 0.268617 0.452057 5.62679e-39 3
-0.339578 0.267103 0.44951 4.79811e-39 3
-0.325813 0.261938 0.440818 4.43041e-39 3
-0.315996 0.259786 0.437194 4.3375e-39 3
-0.304683 0.256275 0.431286 5.90268e-39 3
-0.292891 0.252185 0.424404 5.71792e-39 3
-0.283697 0.250189 0.421045 6.91718e-39 3
-0.276822 0.250189 0.421045 7.83878e-39 3
-0.269236 0.249531 0.419937 4.79703e-39 3
-0.263767 0.250851 0.422159 3.3237e-39 3
-0.256195 0.250189 0.421045 4.06198e-39 3
-0.24998 0.250851 0.422159 7.47286e-39 3
-0.25524 0.263394 0.443267 9.31605e-39 3
-0.246632 0.261938 0.440818 8.57848e-39 3
-0.238774 0.261217 0.439603 9.96213e-39 3
-0.230959 0.260499 0.438396 9.49972e-39 3
-0.225037 0.261938 0.440818 6.63986e-39 3
-0.22089 0.265607 0.446992 8.11499e-39 3
-0.21419 0.266353 0.448247 8.57776e-39 3
-0.212236 0.273261 0.459873 7.47141e-39 3
-0.209558 0.27971 0.470726 5.81117e-39 3
-0.207377 0.287339 0.483564 8.11281e-39 3
-0.177592 0.266353 0.448247 1.29023e-38 3
-0.171235 0.267858 0.45078 1.18914e-38 3
-0.162953 0.266353 0.448247 1.23567e-38 3
-0.155198 0.265607 0.446992 1.34666e-38 3
-0.147075 0.264127 0.444501 1.31908e-38 3
-0.139428 0.263394 0.443267 1.1438e-38 3
-0.132189 0.263394 0.443267 8.11713e-39 3
-0.124951 0.263394 0.443267 7.37957e-39 3
-0.118041 0.264127 0.444501 9.96284e-39 3
-0.110475 0.263394 0.443267 1.03302e-38 3
-0.104986 0.267858 0.45078 8.94654e-39 3
-0.0993083 0.272476 0.458552 9.13057e-39 3
-0.0918204 0.272476 0.458552 1.04202e-38 3
-0.0943657 0.304893 0.513106 1.00525e-38 3
-0.0854375 0.302945 0.509827 9.96033e-39 3
-0.0771123 0.302945 0.509827 9.96069e-39 3
-0.0685681 0.30198 0.508204 9.13273e-39 3
-0.0589551 0.295395 0.497121 8.30225e-39 3
-0.0518058 0.301021 0.50659 8.94618e-39 3
-0.0428532 0.296318 0.498675 8.66887e-39 3
-0.034819 0.297247 0.500238 9.49971e-39 3
-0.0268185 0.299122 0.503394 9.13093e-39 3
-0.0181966 0.29266 0.492518 6.73527e-39 3
-0.00216495 0.300069 0.504987 7.29023e-39 3
0.00596788 0.294477 0.495578 9.59226e-39 3
0.0137612 0.288212 0.485033 1.04202e-38 3
0.0210419 0.27971 0.470726 1.14355e-38 3
0.0437151 0.277257 0.466596 1.10692e-38 3
0.0618693 0.257668 0.43363 9.87029e-39 3
0.0740198 0.250851 0.422159 1.19929e-38 3
0.0806999 0.250189 0.421045 1.17167e-38 3
0.0922599 0.244386 0.411278 1.16259e-38 3
0.118817 0.243758 0.410221 9.6884e-39 3
0.149772 0.290864 0.489497 9.96354e-39 3
0.15307 0.282208 0.474928 1.0243e-38 3
0.15778 0.264127 0.444501 1.19018e-38 3
0.165963 0.265607 0.446992 1.21773e-38 3
0.174238 0.267103 0.44951 1.23614e-38 3
0.180057 0.264865 0.445743 1.22706e-38 3
0.186295 0.263394 0.443267 1.23635e-38 3
0.200772 0.263394 0.443267 1.08873e-38 3
0.206291 0.261217 0.439603 9.87314e-39 3
0.208305 0.254897 0.428968 9.96319e-39 3
0.217063 0.248876 0.418835 1.02401e-38 3
0.223902 0.248876 0.418835 1.05178e-38 3
0.225417 0.243133 0.409169 1.05189e-38 3
0.22916 0.240055 0.40399 1.19912e-38 3
0.242969 0.240664 0.405015 1.17131e-38 3
0.245226 0.236463 0.397945 1.14358e-38 3
0.266422 0.226846 0.381761 7.6558e-39 3
0.330727 0.246932 0.415562 7.65758e-39 3
0.333866 0.239449 0.40297 6.36542e-39 3
0.330433 0.232406 0.391118 7.2881e-39 3
0.337647 0.232977 0.392079 6.7335e-39 3
0.356306 0.241277 0.406046 7.83913e-39 3
0.386508 0.239449 0.40297 6.18104e-39 3
0.392098 0.238846 0.401955 6.45584e-39 3
0.390787 0.234128 0.394015 7.6533e-39 3
0.411443 0.242511 0.408123 9.31282e-39 3
0.413874 0.240055 0.40399 7.83877e-39 3
0.416523 0.234128 0.394015 5.81226e-39 3
0.45178 0.232406 0.391118 4.97963e-39 3
0.479313 0.243133 0.409169 6.54695e-39 3
0.485995 0.243133 0.409169 4.42754e-39 3
0.499075 0.24629 0.414483 5.53353e-39 3
-0.364828 0.271386 0.444501 6.91646e-39 3
-0.356576 0.270632 0.443267 8.48486e-39 3
-0.349338 0.270632 0.443267 7.65474e-39 3
-0.339272 0.268395 0.439603 6.18104e-39 3
-0.333011 0.269137 0.440818 6.27432e-39 3
-0.317909 0.262608 0.430124 4.98466e-39 3
-0.307569 0.259807 0.425536 6.64239e-39 3
-0.299821 0.259116 0.424404 1.07905e-38 3
-0.291341 0.257745 0.422159 1.17121e-38 3
-0.28295 0.256388 0.419937 1.00518e-38 3
-0.275369 0.255715 0.418835 7.74658e-39 3
-0.267826 0.255046 0.417738 8.76073e-39 3
-0.263071 0.257065 0.421045 7.01153e-39 3
-0.254851 0.255715 0.418835 8.39517e-39 3
-0.248664 0.256388 0.419937 8.02638e-39 3
-0.245031 0.259807 0.425536 9.31677e-39 3
-0.240002 0.261902 0.428968 7.65653e-39 3
-0.234257 0.263318 0.431286 5.07505e-39 3
-0.22783 0.264031 0.432455 4.70554e-39 3
-0.221971 0.26547 0.434812 8.76036e-39 3
-0.216048 0.266925 0.437194 9.68339e-39 3
-0.209483 0.267658 0.438396 6.36614e-39 3
-0.201219 0.266195 0.436 5.72149e-39 3
-0.193044 0.264749 0.43363 8.9451e-39 3
-0.184459 0.262608 0.430124 1.22598e-38 3
-0.181847 0.269137 0.440818 1.26235e-38 3
-0.169954 0.261902 0.428968 1.22562e-38 3
-0.167914 0.269882 0.442039 1.21705e-38 3
-0.159811 0.268395 0.439603 1.23581e-38 3
-0.153904 0.270632 0.443267 1.31904e-38 3
-0.143089 0.264031 0.432455 1.34673e-38 3
-0.133851 0.259807 0.425536 1.07e-38 3
-0.127241 0.260501 0.426674 8.7625e-39 3
-0.111517 0.256388 0.419937 1.16224e-38 3
-0.108664 0.266195 0.436 1.01465e-38 3
-0.103524 0.271386 0.444501 9.77702e-39 3
-0.0970767 0.273673 0.448247 9.4086e-39 3
-0.0892556 0.272144 0.445743 1.13443e-38 3
-0.0876785 0.319434 0.5232 1.04206e-38 3
-0.0793953 0.320485 0.524921 9.49862e-39 3
-0.0715295 0.323679 0.530153 1.08841e-38 3
-0.0420645 0.298857 0.489497 1.04235e-38 3
-0.0341762 0.299777 0.491003 1.24514e-38 3
-0.0263203 0.301633 0.494043 1.10692e-38 3
-0.0179747 0.297035 0.486512 1.05171e-38 3
-0.00209854 0.298857 0.489497 1.19933e-38 3
0.00587663 0.297943 0.488 1.15302e-38 3
0.0137612 0.296132 0.485033 9.86885e-39 3
0.0210419 0.287397 0.470726 1.09755e-38 3
0.035886 0.28322 0.463884 1.14383e-38 3
0.0427159 0.278364 0.455931 1.13458e-38 3
0.0493156 0.273673 0.448247 1.07915e-38 3
0.0552387 0.266925 0.437194 1.08837e-38 3
0.0612041 0.261902 0.428968 1.06082e-38 3
0.0738245 0.257065 0.421045 1.2639e-38 3
0.0796491 0.253717 0.415562 1.19947e-38 3
0.0848876 0.249175 0.408123 1.21788e-38 3
0.091552 0.249175 0.408123 1.25479e-38 3
0.0972218 0.246652 0.40399 1.08887e-38 3
0.103557 0.246029 0.40297 1.10706e-38 3
0.109859 0.245409 0.401955 1.11632e-38 3
0.116131 0.244793 0.400945 1.16252e-38 3
0.120856 0.241157 0.39499 1.18082e-38 3
0.127622 0.241756 0.39597 1.11635e-38 3
0.135772 0.244793 0.400945 1.06111e-38 3
0.149849 0.257745 0.422159 9.59799e-39 3
0.157997 0.259807 0.425536 1.08869e-38 3
0.164071 0.258428 0.423278 1.18085e-38 3
0.177577 0.268395 0.439603 1.25468e-38 3
0.194295 0.261902 0.428968 1.12554e-38 3
0.20076 0.2612 0.427818 9.96426e-39 3
0.207191 0.260501 0.426674 9.68623e-39 3
0.216495 0.255046 0.417738 1.04245e-38 3
0.223316 0.255046 0.417738 1.07955e-38 3
0.225417 0.249814 0.409169 1.01512e-38 3
0.22916 0.246652 0.40399 1.10703e-38 3
0.237561 0.24854 0.407082 9.68555e-39 3
0.243587 0.247907 0.406046 9.96142e-39 3
0.245226 0.242961 0.397945 1.07912e-38 3
0.250475 0.241756 0.39597 1.20808e-38 3
0.25194 0.23705 0.388263 1.18046e-38 3
0.258334 0.231419 0.37904 9.31425e-39 3
0.264524 0.231419 0.37904 8.48449e-39 3
0.273653 0.228703 0.374591 9.86743e-39 3
0.27977 0.228703 0.374591 1.05135e-38 3
0.290663 0.232524 0.38085 1.09745e-38 3
0.314354 0.241157 0.39499 1.03298e-38 3
0.31611 0.237628 0.38921 9.4093e-39 3
0.321681 0.23705 0.388263 8.3026e-39 3
0.326432 0.235902 0.386383 7.74835e-39 3
0.325645 0.230871 0.378142 6.18175e-39 3
0.33182 0.230871 0.378142 7.47106e-39 3
0.340415 0.232524 0.38085 9.13237e-39 3
0.347055 0.228703 0.374591 7.19627e-39 3
0.353172 0.228703 0.374591 6.82677e-39 3
0.363556 0.231419 0.37904 7.65617e-39 3
0.375091 0.234765 0.38452 7.74658e-39 3
0.395443 0.23197 0.379943 7.56254e-39 3
0.397858 0.229782 0.376358 6.54839e-39 3
0.404959 0.230325 0.377248 5.07362e-39 3
0.488074 0.25438 0.416647 3.22791e-39 3
0.491031 0.252403 0.413409 4.97963e-39 3
0.502994 0.255046 0.417738 5.34914e-39 3
0.516577 0.258428 0.423278 5.44133e-39 3
-0.350731 0.273315 0.436 9.59121e-39 3
-0.336261 0.267469 0.426674 8.48521e-39 3
-0.312022 0.264638 0.422159 8.3037e-39 3
-0.304323 0.26394 0.421045 9.68485e-39 3
-0.296665 0.263245 0.419937 8.39339e-39 3
-0.288291 0.261867 0.417738 1.02369e-38 3
-0.280734 0.261184 0.416647 1.21723e-38 3
-0.272508 0.259827 0.414483 1.3278e-38 3
-0.265051 0.259154 0.413409 1.16192e-38 3
-0.260323 0.261184 0.416647 7.10372e-39 3
-0.251549 0.259154 0.413409 8.94942e-39 3
-0.246716 0.261184 0.416647 7.19662e-39 3
-0.242445 0.26394 0.421045 5.99773e-39 3
-0.236192 0.264638 0.422159 4.98285e-39 3
-0.231133 0.266755 0.425536 7.1959e-39 3
-0.224784 0.267469 0.426674 9.68339e-39 3
-0.218988 0.268907 0.428968 8.30045e-39 3
-0.211414 0.268186 0.427818 9.68339e-39 3
-0.206644 0.271093 0.432455 1.05157e-38 3
-0.197442 0.268186 0.427818 1.01469e-38 3
-0.189441 0.266755 0.425536 1.12503e-38 3
-0.181044 0.264638 0.422159 1.16155e-38 3
-0.17369 0.26394 0.421045 1.22587e-38 3
-0.1677 0.26534 0.423278 1.05084e-38 3
-0.161646 0.266755 0.425536 1.07897e-38 3
-0.155111 0.267469 0.426674 1.2267e-38 3
-0.149341 0.269632 0.430124 1.18067e-38 3
-0.140052 0.26534 0.423278 1.22681e-38 3
-0.132788 0.264638 0.422159 9.40895e-39 3
-0.125563 0.26394 0.421045 1.01462e-38 3
-0.119317 0.26534 0.423278 1.30971e-38 3
-0.108658 0.256496 0.409169 1.41124e-38 3
-0.0944243 0.273315 0.436 1.08844e-38 3
-0.0887597 0.27787 0.443267 1.15305e-38 3
-0.0804539 0.333444 0.53192 1.14362e-38 3
-0.0722496 0.335682 0.53549 1.13451e-38 3
-0.0260781 0.306851 0.489497 1.15312e-38 3
-0.0177581 0.301305 0.480651 1.10713e-38 3
0.0346764 0.280992 0.448247 1.35588e-38 3
0.0412999 0.276335 0.440818 1.30049e-38 3
0.0484982 0.276335 0.440818 1.21737e-38 3
0.0543454 0.269632 0.430124 1.12525e-38 3
0.0608768 0.267469 0.426674 1.24521e-38 3
0.0669491 0.26394 0.421045 1.19007e-38 3
0.0736302 0.263245 0.419937 1.24546e-38 3
0.0794422 0.259827 0.414483 1.13504e-38 3
0.0844556 0.254538 0.406046 1.21795e-38 3
0.0910861 0.254538 0.406046 1.14416e-38 3
0.0957671 0.24946 0.397945 1.12575e-38 3
0.101758 0.248222 0.39597 1.09795e-38 3
0.107689 0.246996 0.394015 1.08873e-38 3
0.113842 0.246387 0.393044 1.12575e-38 3
0.119378 0.24458 0.390161 1.13483e-38 3
0.125749 0.24458 0.390161 9.87314e-39 3
0.132121 0.24458 0.390161 9.22957e-39 3
0.144498 0.255187 0.407082 1.06125e-38 3
0.152703 0.257818 0.411278 1.19933e-38 3
0.158602 0.256496 0.409169 1.22695e-38 3
0.17008 0.26394 0.421045 1.26387e-38 3
0.175566 0.261867 0.417738 1.17167e-38 3
0.181911 0.261184 0.416647 1.11621e-38 3
0.191211 0.264638 0.422159 1.14387e-38 3
0.197582 0.26394 0.421045 1.05164e-38 3
0.206089 0.266046 0.424404 1.13458e-38 3
0.211892 0.264638 0.422159 1.17145e-38 3
0.213147 0.257818 0.411278 1.21762e-38 3
0.219297 0.257155 0.410221 1.01501e-38 3
0.224266 0.255187 0.407082 1.08891e-38 3
0.228006 0.251973 0.401955 1.15316e-38 3
0.235757 0.253249 0.40399 1.14373e-38 3
0.242354 0.253249 0.40399 9.77774e-39 3
0.242804 0.246996 0.394015 8.02531e-39 3
0.251328 0.242799 0.38732 1.0054e-38 3
0.25579 0.241044 0.38452 1.19901e-38 3
0.256506 0.235928 0.376358 1.24496e-38 3
0.262034 0.235372 0.375473 1.23574e-38 3
0.273653 0.23482 0.374591 8.7618e-39 3
0.280428 0.235372 0.375473 9.68376e-39 3
0.291358 0.239314 0.381761 9.59264e-39 3
0.296175 0.238174 0.379943 1.01447e-38 3
0.306761 0.241626 0.385449 1.06983e-38 3
0.31006 0.239314 0.381761 9.86992e-39 3
0.316294 0.239314 0.381761 9.68553e-39 3
0.321758 0.238743 0.38085 9.77773e-39 3
0.324109 0.235928 0.376358 9.03981e-39 3
0.330255 0.235928 0.376358 8.48736e-39 3
0.335609 0.235372 0.375473 9.96249e-39 3
0.34174 0.235372 0.375473 9.41003e-39 3
0.346242 0.23427 0.373714 9.22457e-39 3
0.351522 0.233723 0.372841 7.3803e-39 3
0.359289 0.23482 0.374591 6.45763e-39 3
0.366265 0.235372 0.375473 7.83949e-39 3
0.372397 0.235372 0.375473 7.93097e-39 3
0.389238 0.238174 0.379943 9.22098e-39 3
0.388051 0.233723 0.372841 8.20791e-39 3
0.391396 0.232096 0.370246 7.00972e-39 3
0.380532 0.218891 0.349182 4.61264e-39 3
0.387081 0.219371 0.349947 4.70592e-39 3
0.478087 0.25584 0.408123 6.08598e-39 3
0.484752 0.25584 0.408123 4.42646e-39 3
0.496495 0.258484 0.412341 3.50522e-39 3
0.511154 0.262555 0.418835 4.70377e-39 3
0.524881 0.266046 0.424404 4.33571e-39 3
-0.352451 0.270815 0.421045 5.53353e-39 3
-0.344666 0.270103 0.419937 7.19305e-39 3
-0.340497 0.272252 0.423278 6.82569e-39 3
-0.329219 0.268689 0.417738 7.65545e-39 3
-0.318232 0.265217 0.412341 8.94727e-39 3
-0.316404 0.269394 0.418835 8.48737e-39 3
-0.306349 0.266595 0.414483 7.74909e-39 3
-0.298032 0.265217 0.412341 7.28704e-39 3
-0.290548 0.264534 0.411278 6.64167e-39 3
-0.283103 0.263854 0.410221 1.01451e-38 3
-0.277116 0.264534 0.411278 1.29099e-38 3
-0.269705 0.263854 0.410221 1.29095e-38 3
-0.262332 0.263177 0.409169 1.245e-38 3
-0.256969 0.264534 0.411278 9.593e-39 3
-0.250253 0.264534 0.411278 9.31856e-39 3
-0.244166 0.265217 0.412341 8.67211e-39 3
-0.239288 0.267289 0.415562 8.5792e-39 3
-0.233719 0.268689 0.417738 8.76323e-39 3
-0.229299 0.271532 0.422159 9.68446e-39 3
-0.222995 0.272252 0.423278 8.20754e-39 3
-0.216658 0.272976 0.424404 1.02369e-38 3
-0.209171 0.272252 0.423278 1.06993e-38 3
-0.202797 0.272976 0.424404 1.07926e-38 3
-0.195348 0.272252 0.423278 9.96212e-39 3
-0.186948 0.270103 0.419937 1.0606e-38 3
-0.177291 0.265904 0.413409 8.85361e-39 3
-0.169662 0.264534 0.411278 1.00518e-38 3
-0.16379 0.265904 0.413409 1.07894e-38 3
-0.1591 0.269394 0.418835 9.22456e-39 3
-0.153064 0.270815 0.421045 1.06997e-38 3
-0.146189 0.270815 0.421045 1.06997e-38 3
-0.137858 0.267987 0.416647 1.12539e-38 3
-0.130374 0.266595 0.414483 1.11607e-38 3
-0.122967 0.265217 0.412341 1.13447e-38 3
-0.106207 0.257241 0.39994 1.26383e-38 3
-0.0996763 0.257241 0.39994 1.31915e-38 3
-0.0936148 0.258537 0.401955 1.1716e-38 3
-0.0879371 0.261168 0.406046 1.23603e-38 3
-0.0813066 0.261168 0.406046 1.20851e-38 3
-0.074298 0.259846 0.40399 1.13461e-38 3
-0.0727378 0.346754 0.539108 1.11617e-38 3
0.033637 0.279671 0.434812 9.87027e-39 3
0.040298 0.276655 0.430124 9.96104e-39 3
0.0607144 0.273704 0.425536 1.22684e-38 3
0.0669491 0.270815 0.421045 1.24546e-38 3
0.0736302 0.270103 0.419937 1.21802e-38 3
0.0833946 0.257887 0.400945 1.19965e-38 3
0.0899418 0.257887 0.400945 1.15345e-38 3
0.0945877 0.252806 0.393044 1.08884e-38 3
0.101006 0.252806 0.393044 1.02419e-38 3
0.10716 0.252184 0.392079 1.12575e-38 3
0.113284 0.251566 0.391118 1.08894e-38 3
0.119378 0.250951 0.390161 1.1811e-38 3
0.125443 0.250339 0.38921 1.01515e-38 3
0.132444 0.251566 0.391118 1.04288e-38 3
0.143764 0.260505 0.405015 9.78309e-39 3
0.151145 0.261834 0.407082 9.50615e-39 3
0.157391 0.261168 0.406046 8.95119e-39 3
0.16486 0.262504 0.408123 1.04263e-38 3
0.171087 0.261834 0.407082 1.13483e-38 3
0.177735 0.261834 0.407082 1.19911e-38 3
0.185328 0.263177 0.409169 1.06997e-38 3
0.191518 0.262504 0.408123 9.13164e-39 3
0.198691 0.263177 0.409169 8.67101e-39 3
0.206964 0.265217 0.412341 1.07926e-38 3
0.210435 0.261168 0.406046 1.18075e-38 3
0.217065 0.261168 0.406046 1.181e-38 3
0.220886 0.257887 0.400945 1.15341e-38 3
0.224055 0.254057 0.39499 1.02419e-38 3
0.229936 0.25343 0.394015 1.09774e-38 3
0.235208 0.252184 0.392079 1.04238e-38 3
0.240429 0.250951 0.390161 1.06997e-38 3
0.24441 0.248521 0.386383 9.50116e-39 3
0.247129 0.244962 0.38085 1.01469e-38 3
0.252145 0.243798 0.37904 1.37422e-38 3
0.255302 0.240937 0.374591 1.54013e-38 3
0.257788 0.23759 0.369389 1.54928e-38 3
0.266286 0.239811 0.372841 1.33727e-38 3
0.270478 0.238142 0.370246 1.00543e-38 3
0.277167 0.238696 0.371107 9.22385e-39 3
0.287914 0.242646 0.377248 9.59263e-39 3
0.293381 0.242073 0.376358 8.6696e-39 3
0.306022 0.247323 0.38452 8.7618e-39 3
0.30932 0.244962 0.38085 8.94762e-39 3
0.315539 0.244962 0.38085 7.65723e-39 3
0.320229 0.243798 0.37904 7.381e-39 3
0.323347 0.241504 0.375473 7.65795e-39 3
0.328704 0.240937 0.374591 8.6721e-39 3
0.334821 0.240937 0.374591 9.0416e-39 3
0.34014 0.240373 0.373714 9.9632e-39 3
0.344628 0.239252 0.371972 9.77846e-39 3
0.349887 0.238696 0.371107 9.40933e-39 3
0.35348 0.237042 0.368536 7.10372e-39 3
0.362006 0.238696 0.371107 5.99665e-39 3
0.368066 0.238696 0.371107 6.82534e-39 3
0.375875 0.239811 0.372841 7.2856e-39 3
0.382857 0.240373 0.373714 8.11536e-39 3
0.378328 0.233802 0.363499 7.83984e-39 3
0.38339 0.233271 0.362673 7.01008e-39 3
0.389312 0.233271 0.362673 7.74765e-39 3
0.388177 0.229105 0.356196 7.6551e-39 3
0.391373 0.227581 0.353827 6.64202e-39 3
0.405237 0.232215 0.361032 7.28631e-39 3
0.422606 0.238696 0.371107 7.74658e-39 3
0.445233 0.24792 0.385449 4.88743e-39 3
0.489762 0.265217 0.412341 4.88743e-39 3
0.502994 0.268689 0.417738 6.08598e-39 3
0.513851 0.270815 0.421045 4.70412e-39 3
0.524881 0.272976 0.424404 4.33499e-39 3
-0.301719 0.228793 0.346904 7.7473e-39 3
-0.341634 0.269168 0.408123 7.37816e-39 3
-0.33497 0.269168 0.408123 7.28632e-39 3
-0.332558 0.272655 0.413409 7.28667e-39 3
-0.322466 0.269859 0.409169 7.65545e-39 3
-0.314173 0.268482 0.407082 7.37994e-39 3
-0.309897 0.270552 0.410221 6.18176e-39 3
-0.301648 0.269168 0.408123 5.81226e-39 3
-0.294231 0.268482 0.407082 6.27324e-39 3
-0.287584 0.268482 0.407082 6.82641e-39 3
-0.280936 0.268482 0.407082 8.30154e-39 3
-0.27499 0.269168 0.408123 1.14351e-38 3
-0.26696 0.267799 0.406046 1.00526e-38 3
-0.259669 0.267119 0.405015 1.00536e-38 3
-0.254997 0.269168 0.408123 9.9625e-39 3
-0.248333 0.269168 0.408123 1.00558e-38 3
-0.241052 0.268482 0.407082 9.5026e-39 3
-0.235606 0.269859 0.409169 9.40933e-39 3
-0.2307 0.271951 0.412341 7.84127e-39 3
-0.226898 0.27551 0.417738 8.30153e-39 3
-0.221818 0.277691 0.421045 9.59011e-39 3
-0.214377 0.27696 0.419937 1.08826e-38 3
-0.205894 0.274791 0.416647 8.76394e-39 3
-0.200136 0.276233 0.418835 9.40967e-39 3
-0.192287 0.274791 0.416647 9.59334e-39 3
-0.183567 0.271951 0.412341 1.0883e-38 3
-0.167078 0.267119 0.405015 9.59261e-39 3
-0.161283 0.268482 0.407082 6.91929e-39 3
-0.157857 0.274075 0.415562 8.30404e-39 3
-0.151862 0.27551 0.417738 1.00543e-38 3
-0.143911 0.273363 0.414483 9.6866e-39 3
-0.135384 0.269859 0.409169 9.59441e-39 3
-0.116353 0.257322 0.390161 9.50151e-39 3
-0.109981 0.257322 0.390161 1.15316e-38 3
-0.10412 0.258587 0.392079 1.19937e-38 3
-0.0979578 0.259224 0.393044 1.28245e-38 3
-0.0915396 0.259224 0.393044 1.29156e-38 3
-0.0857551 0.261153 0.39597 1.51283e-38 3
-0.0794863 0.261803 0.396955 1.48517e-38 3
-0.0730043 0.261803 0.396955 1.45748e-38 3
-0.065705 0.258587 0.392079 1.18075e-38 3
-0.0587255 0.25607 0.388263 1.16241e-38 3
0.0395518 0.278426 0.422159 1.01444e-38 3
0.0655651 0.271951 0.412341 1.17181e-38 3
0.0708341 0.266443 0.40399 1.13511e-38 3
0.0770409 0.2651 0.401955 1.14455e-38 3
0.0815505 0.258587 0.392079 1.40266e-38 3
0.088606 0.260507 0.39499 1.34706e-38 3
0.094124 0.257953 0.391118 1.37454e-38 3
0.101006 0.259224 0.393044 1.18103e-38 3
0.113284 0.257953 0.391118 1.38415e-38 3
0.119671 0.257953 0.391118 1.44858e-38 3
0.124834 0.255449 0.38732 1.34716e-38 3
0.131478 0.25607 0.388263 1.13508e-38 3
0.14413 0.267799 0.406046 1.03366e-38 3
0.151145 0.268482 0.407082 1.00604e-38 3
0.157391 0.267799 0.406046 1.15334e-38 3
0.163605 0.267119 0.405015 1.20866e-38 3
0.170652 0.267799 0.406046 1.20855e-38 3
0.176832 0.267119 0.405015 1.25443e-38 3
0.183446 0.267119 0.405015 1.26347e-38 3
0.1891 0.26577 0.40297 1.22652e-38 3
0.19568 0.26577 0.40297 1.11592e-38 3
0.204847 0.269168 0.408123 1.02394e-38 3
0.209369 0.266443 0.40399 9.22598e-39 3
0.215421 0.26577 0.40297 9.50471e-39 3
0.218145 0.261153 0.39597 1.00593e-38 3
0.223502 0.259864 0.394015 1.11653e-38 3
0.228245 0.257953 0.391118 1.1071e-38 3
0.232919 0.25607 0.388263 1.09788e-38 3
0.235817 0.252386 0.382676 1.12539e-38 3
0.239766 0.249988 0.37904 1.17149e-38 3
0.249185 0.247054 0.374591 1.27301e-38 3
0.251756 0.243622 0.369389 1.46648e-38 3
0.253101 0.239193 0.362673 1.53102e-38 3
0.2614 0.241387 0.366 1.58634e-38 3
0.266764 0.240835 0.365162 1.31897e-38 3
0.272105 0.240285 0.364329 1.14376e-38 3
0.283227 0.244755 0.371107 1.07001e-38 3
0.292003 0.247054 0.374591 9.40752e-39 3
0.302379 0.250583 0.379943 9.68411e-39 3
0.30785 0.249988 0.37904 1.02384e-38 3
0.313296 0.249395 0.378142 1.06997e-38 3
0.317964 0.248219 0.376358 1.03316e-38 3
0.321832 0.246475 0.373714 1.01472e-38 3
0.324891 0.244188 0.370246 7.75086e-39 3
0.333257 0.245899 0.372841 8.76501e-39 3
0.337767 0.244755 0.371107 1.0149e-38 3
0.342235 0.243622 0.369389 9.96393e-39 3
0.346662 0.2425 0.367687 9.04162e-39 3
0.350245 0.240835 0.365162 8.30298e-39 3
0.357845 0.241942 0.366841 8.30226e-39 3
0.366362 0.243622 0.369389 8.20863e-39 3
0.368978 0.241387 0.366 8.39194e-39 3
0.370703 0.23865 0.36185 9.59121e-39 3
0.374912 0.237573 0.360217 8.85507e-39 3
0.374039 0.233359 0.353827 9.03946e-39 3
0.383216 0.235447 0.356993 7.37886e-39 3
0.385595 0.233359 0.353827 5.81154e-39 3
0.391373 0.233359 0.353827 5.53568e-39 3
0.404322 0.237573 0.360217 6.7335e-39 3
0.413942 0.239738 0.363499 8.29975e-39 3
0.43992 0.251181 0.38085 7.46891e-39 3
0.496173 0.27551 0.417738 5.99342e-39 3
0.505641 0.27696 0.419937 4.97963e-39 3
0.51521 0.278426 0.422159 6.08598e-39 3
1.5622 0.822225 1.24669 6.27181e-39 3
-0.301719 0.234458 0.346904 7.47143e-39 3
-0.299966 0.237556 0.351489 7.56363e-39 3
-0.297503 0.240202 0.355403 7.47071e-39 3
-0.328305 0.275833 0.408123 7.37815e-39 3
-0.278004 0.243455 0.360217 6.82569e-39 3
-0.307526 0.275129 0.407082 5.81118e-39 3
-0.278352 0.266298 0.394015 6.36507e-39 3
-0.280221 0.274429 0.406046 8.57884e-39 3
-0.272896 0.273733 0.405015 1.22663e-38 3
-0.262289 0.269627 0.39894 1.1989e-38 3
-0.255136 0.268954 0.397945 1.19905e-38 3
-0.251777 0.27235 0.40297 1.07004e-38 3
-0.245818 0.27304 0.40399 1.0977e-38 3
-0.238016 0.271664 0.401955 1.06079e-38 3
-0.231452 0.271664 0.401955 1.04228e-38 3
-0.227177 0.274429 0.406046 9.86958e-39 3
-0.221675 0.275833 0.408123 1.20812e-38 3
-0.216673 0.277966 0.411278 1.33719e-38 3
-0.20888 0.27654 0.409169 1.16202e-38 3
-0.201167 0.275129 0.407082 1.10685e-38 3
-0.195017 0.275833 0.408123 1.14373e-38 3
-0.179849 0.27304 0.40399 1.18979e-38 3
-0.171086 0.269627 0.39894 1.15294e-38 3
-0.16254 0.266298 0.394015 9.86993e-39 3
-0.155339 0.264989 0.392079 1.01465e-38 3
-0.129095 0.263693 0.390161 1.10706e-38 3
-0.120369 0.258635 0.382676 1.22684e-38 3
-0.115226 0.26114 0.386383 1.11617e-38 3
-0.108916 0.26114 0.386383 1.10706e-38 3
-0.103358 0.26305 0.38921 1.19025e-38 3
-0.0974776 0.26434 0.391118 1.37475e-38 3
-0.0910909 0.26434 0.391118 1.55907e-38 3
-0.0849123 0.264989 0.392079 1.66034e-38 3
-0.0785099 0.264989 0.392079 1.56811e-38 3
-0.072285 0.265642 0.393044 1.27319e-38 3
-0.0652243 0.26305 0.38921 1.05192e-38 3
-0.0581594 0.259881 0.38452 1.13486e-38 3
-0.0516316 0.258635 0.382676 1.02419e-38 3
-0.0451661 0.2574 0.38085 7.01293e-39 3
0.0309393 0.270302 0.39994 1.38343e-38 3
0.0359389 0.259256 0.383596 1.45694e-38 3
0.0466716 0.249654 0.369389 1.1161e-38 3
0.0598436 0.254365 0.376358 1.08891e-38 3
0.0670971 0.258635 0.382676 1.09827e-38 3
0.0719653 0.253766 0.375473 1.22749e-38 3
0.0794044 0.258016 0.381761 1.40255e-38 3
0.0877373 0.26434 0.391118 1.52223e-38 3
0.0936649 0.26305 0.38921 1.62343e-38 3
0.100511 0.26434 0.391118 1.46688e-38 3
0.106636 0.263693 0.390161 1.44858e-38 3
0.113007 0.263693 0.390161 1.67907e-38 3
0.123931 0.259881 0.38452 1.59616e-38 3
0.128355 0.256177 0.37904 1.17203e-38 3
0.143038 0.27235 0.40297 1.15355e-38 3
0.149618 0.27235 0.40297 1.21805e-38 3
0.155024 0.270302 0.39994 1.22716e-38 3
0.161961 0.270982 0.400945 1.2455e-38 3
0.169788 0.27304 0.40399 1.34677e-38 3
0.174617 0.270302 0.39994 1.50332e-38 3
0.179349 0.267619 0.39597 1.5308e-38 3
0.183989 0.264989 0.392079 1.40173e-38 3
0.19086 0.265642 0.393044 1.0883e-38 3
0.199738 0.268954 0.397945 1.00554e-38 3
0.205213 0.267619 0.39597 9.50328e-39 3
0.210634 0.266298 0.394015 9.41251e-39 3
0.20433 0.243455 0.360217 9.04482e-39 3
0.219115 0.253766 0.375473 1.07951e-38 3
0.221597 0.249654 0.369389 1.04263e-38 3
0.22349 0.245115 0.362673 1.11639e-38 3
0.236409 0.246234 0.364329 1.11635e-38 3
0.242358 0.246234 0.364329 1.09791e-38 3
0.247179 0.245115 0.362673 1.19933e-38 3
0.248581 0.240738 0.356196 1.14401e-38 3
0.25669 0.242907 0.359405 9.96463e-39 3
0.264345 0.244559 0.36185 1.00565e-38 3
0.269033 0.243455 0.360217 1.06082e-38 3
0.273066 0.241818 0.357794 1.15291e-38 3
0.288616 0.250234 0.370246 1.02376e-38 3
0.304953 0.253766 0.375473 8.85543e-39 3
0.307467 0.250815 0.371107 9.04017e-39 3
0.312799 0.250234 0.370246 1.0055e-38 3
0.314468 0.246798 0.365162 9.41038e-39 3
0.318971 0.245673 0.363499 1.02401e-38 3
0.326393 0.246798 0.365162 1.04256e-38 3
0.333884 0.247932 0.366841 1.07951e-38 3
0.339095 0.247364 0.366 9.965e-39 3
0.344282 0.246798 0.365162 1.12547e-38 3
0.355394 0.246234 0.364329 1.06993e-38 3
0.363836 0.247932 0.366841 1.14366e-38 3
0.367293 0.246234 0.364329 1.06979e-38 3
0.36903 0.243455 0.360217 1.1805e-38 3
0.371557 0.241277 0.356993 1.15291e-38 3
0.372388 0.238081 0.352265 1.03306e-38 3
0.379817 0.239137 0.353827 1.04228e-38 3
0.383047 0.237556 0.351489 8.57741e-39 3
0.387932 0.237034 0.350716 7.47179e-39 3
0.396272 0.238608 0.353044 6.36472e-39 3
0.407445 0.241818 0.357794 7.28667e-39 3
1.49512 0.81705 1.20891 7.37672e-39 3
1.53816 0.82962 1.22751 6.91646e-39 3
-0.303699 0.241699 0.349182 1.11593e-38 3
-0.300629 0.243833 0.352265 1.02373e-38 3
-0.296842 0.245459 0.354613 7.28632e-39 3
-0.289124 0.243833 0.352265 7.00973e-39 3
-0.285261 0.245459 0.354613 5.34984e-39 3
-0.28261 0.248217 0.358598 3.78252e-39 3
-0.278633 0.249901 0.361032 4.613e-39 3
-0.271509 0.248776 0.359405 4.05983e-39 3
-0.267447 0.250468 0.36185 3.78431e-39 3
-0.266987 0.255686 0.369389 7.93204e-39 3
-0.264631 0.259287 0.374591 8.02459e-39 3
-0.260964 0.261745 0.378142 9.31675e-39 3
-0.260974 0.268098 0.38732 5.35199e-39 3
-0.254032 0.267449 0.386383 3.87651e-39 3
-0.241296 0.26051 0.376358 5.99844e-39 3
-0.234597 0.259897 0.375473 8.58135e-39 3
-0.239158 0.27206 0.393044 1.0977e-38 3
-0.233314 0.272732 0.394015 1.27277e-38 3
-0.220446 0.272732 0.394015 1.32805e-38 3
-0.218325 0.278228 0.401955 1.28188e-38 3
-0.213916 0.28106 0.406046 1.12507e-38 3
-0.204682 0.277529 0.400945 1.11596e-38 3
-0.196652 0.275452 0.397945 1.19893e-38 3
-0.190629 0.276141 0.39894 1.12529e-38 3
-0.182744 0.274085 0.39597 1.1805e-38 3
-0.174546 0.271392 0.392079 1.01462e-38 3
-0.168558 0.27206 0.393044 9.04053e-39 3
-0.159778 0.268098 0.38732 9.87029e-39 3
-0.14876 0.259897 0.375473 8.30296e-39 3
-0.141629 0.258076 0.372841 7.93525e-39 3
-0.134597 0.256279 0.370246 8.95011e-39 3
-0.125415 0.262367 0.37904 1.05185e-38 3
-0.118382 0.26051 0.376358 1.05167e-38 3
-0.113305 0.262991 0.379943 8.94905e-39 3
-0.107101 0.262991 0.379943 8.95013e-39 3
-0.102359 0.266803 0.385449 1.1165e-38 3
-0.0972392 0.270065 0.390161 1.10738e-38 3
-0.0910909 0.270727 0.391118 1.28252e-38 3
-0.084291 0.269406 0.38921 1.38386e-38 3
-0.0777458 0.26875 0.388263 1.29153e-38 3
-0.0715798 0.269406 0.38921 1.13487e-38 3
-0.0642835 0.26552 0.383596 1.27323e-38 3
-0.0574671 0.262991 0.379943 1.36543e-38 3
-0.0510199 0.261745 0.378142 1.35606e-38 3
-0.044739 0.261126 0.377248 1.3006e-38 3
-0.0386702 0.261745 0.378142 1.34695e-38 3
0.0239288 0.271392 0.392079 1.11621e-38 3
0.0301092 0.269406 0.38921 1.08848e-38 3
0.0354279 0.261745 0.378142 9.96034e-39 3
0.0404524 0.254508 0.367687 9.50044e-39 3
0.0459274 0.251609 0.363499 1.02401e-38 3
0.0519815 0.252184 0.364329 1.17174e-38 3
0.0577988 0.251609 0.363499 1.3194e-38 3
0.0638801 0.252184 0.364329 1.31951e-38 3
0.0706357 0.255096 0.368536 1.27344e-38 3
0.0779132 0.259287 0.374591 1.22724e-38 3
0.0866751 0.267449 0.386383 1.33773e-38 3
0.0927599 0.266803 0.385449 1.49428e-38 3
0.10002 0.269406 0.38921 1.44844e-38 3
0.105603 0.267449 0.386383 1.44854e-38 3
0.111106 0.26552 0.383596 1.41174e-38 3
0.12451 0.254508 0.367687 1.29188e-38 3
0.128442 0.250468 0.36185 1.3656e-38 3
0.134351 0.250468 0.36185 1.12593e-38 3
0.139627 0.249337 0.360217 1.0059e-38 3
0.159162 0.272732 0.394015 9.6891e-39 3
0.166417 0.274085 0.39597 1.16234e-38 3
0.177151 0.270727 0.391118 1.43872e-38 3
0.177871 0.262367 0.37904 1.32805e-38 3
0.185826 0.264884 0.382676 1.28205e-38 3
0.191615 0.26425 0.381761 1.21766e-38 3
0.189681 0.25334 0.366 1.181e-38 3
0.192566 0.249337 0.360217 1.1627e-38 3
0.198897 0.249901 0.361032 1.1166e-38 3
0.200262 0.244373 0.353044 1.02441e-38 3
0.205572 0.243833 0.352265 9.4136e-39 3
0.213683 0.246555 0.356196 9.22921e-39 3
0.219916 0.240646 0.34766 1.11642e-38 3
0.229087 0.244373 0.353044 1.12564e-38 3
0.237479 0.247106 0.356993 1.17178e-38 3
0.240617 0.244373 0.353044 1.19954e-38 3
0.24422 0.242229 0.349947 1.29174e-38 3
0.250484 0.242761 0.350716 1.31021e-38 3
0.260214 0.246555 0.356196 1.24561e-38 3
0.263677 0.244373 0.353044 1.06107e-38 3
0.267665 0.242761 0.350716 9.87064e-39 3
0.277664 0.246555 0.356196 1.06986e-38 3
0.294662 0.256279 0.370246 1.05142e-38 3
0.295228 0.251609 0.363499 1.02384e-38 3
0.291213 0.243296 0.351489 8.67138e-39 3
0.299395 0.240646 0.34766 9.41038e-39 3
0.310484 0.244914 0.353827 1.03323e-38 3
0.316261 0.244914 0.353827 1.07944e-38 3
0.328597 0.249901 0.361032 1.19926e-38 3
0.339619 0.249337 0.360217 1.19e-38 3
0.344723 0.248776 0.359405 1.17153e-38 3
0.351383 0.249337 0.360217 1.08845e-38 3
0.358886 0.250468 0.36185 1.07912e-38 3
0.363148 0.249337 0.360217 1.1528e-38 3
0.360883 0.243833 0.352265 8.76288e-39 3
0.367447 0.244373 0.353044 8.30226e-39 3
0.375652 0.242229 0.349947 9.31641e-39 3
0.379701 0.241171 0.348419 9.40717e-39 3
0.385391 0.241171 0.348419 7.00973e-39 3
0.392796 0.242229 0.349947 5.62679e-39 3
0.39851 0.242229 0.349947 5.90374e-39 3
1.50112 0.862941 1.24669 5.625e-39 3
1.53816 0.849665 1.22751 5.90231e-39 3
1.58255 0.862941 1.24669 6.45621e-39 3
-0.303699 0.247401 0.349182 8.20935e-39 3
-0.301962 0.250692 0.353827 9.3157e-39 3
-0.298834 0.252936 0.356993 7.93169e-39 3
-0.293005 0.252936 0.356993 6.17997e-39 3
-0.289116 0.254645 0.359405 4.61228e-39 3
-0.285174 0.256377 0.36185 3.59813e-39 3
-0.281821 0.258724 0.365162 4.1513e-39 3
-0.273977 0.25696 0.362673 4.4286e-39 3
-0.268055 0.25696 0.362673 7.56325e-39 3
-0.263933 0.258724 0.365162 8.76215e-39 3
-0.25797 0.258724 0.365162 6.91859e-39 3
-0.251431 0.258133 0.364329 5.90551e-39 3
-0.247175 0.259913 0.366841 6.45869e-39 3
-0.241185 0.259913 0.366841 9.87028e-39 3
-0.234655 0.259317 0.366 9.50257e-39 3
-0.228679 0.259317 0.366 1.09788e-38 3
-0.222192 0.258724 0.365162 1.24521e-38 3
-0.221813 0.265404 0.374591 1.13451e-38 3
-0.216204 0.266029 0.375473 1.18053e-38 3
-0.210072 0.266029 0.375473 1.20808e-38 3
-0.184183 0.273097 0.385449 9.50007e-39 3
-0.17746 0.272439 0.38452 6.08848e-39 3
-0.169547 0.269838 0.38085 8.02567e-39 3
-0.164506 0.271784 0.383596 1.06079e-38 3
-0.155623 0.267287 0.377248 1.03327e-38 3
-0.147717 0.264164 0.372841 7.84378e-39 3
-0.139671 0.260512 0.367687 9.7806e-39 3
-0.114337 0.257545 0.363499 9.96319e-39 3
-0.105099 0.264164 0.372841 8.12037e-39 3
-0.100657 0.268556 0.37904 8.21471e-39 3
-0.0974776 0.277113 0.391118 1.1166e-38 3
-0.0908681 0.276436 0.390161 1.18114e-38 3
-0.0834766 0.273097 0.385449 1.10738e-38 3
-0.0766271 0.271132 0.382676 1.04278e-38 3
-0.0708882 0.273097 0.385449 1.19947e-38 3
-0.0638233 0.269838 0.38085 1.4945e-38 3
-0.0573306 0.268556 0.37904 1.59577e-38 3
-0.0507792 0.266656 0.376358 1.50365e-38 3
-0.0445285 0.266029 0.375473 1.439e-38 3
-0.0384878 0.266656 0.376358 1.3655e-38 3
-0.0317431 0.261718 0.369389 1.14437e-38 3
0.0173136 0.274423 0.38732 1.31918e-38 3
0.0236959 0.275091 0.388263 1.22699e-38 3
0.0293923 0.269196 0.379943 1.19e-38 3
0.0398103 0.256377 0.36185 1.07001e-38 3
0.0456157 0.255797 0.361032 1.21787e-38 3
0.0515111 0.255797 0.361032 1.28252e-38 3
0.0574065 0.255797 0.361032 1.42092e-38 3
0.063302 0.255797 0.361032 1.28259e-38 3
0.069512 0.25696 0.362673 1.20876e-38 3
0.0761262 0.259317 0.366 1.22699e-38 3
0.0832484 0.262935 0.371107 1.24518e-38 3
0.0905722 0.266656 0.376358 1.04249e-38 3
0.097872 0.269838 0.38085 1.10731e-38 3
0.103107 0.267287 0.377248 1.17196e-38 3
0.108753 0.266029 0.375473 1.27334e-38 3
0.119608 0.262935 0.371107 1.25497e-38 3
0.127575 0.254645 0.359405 1.27348e-38 3
0.133745 0.255219 0.360217 1.0799e-38 3
0.138377 0.252936 0.356993 1.12593e-38 3
0.144207 0.252936 0.356993 1.22724e-38 3
0.152078 0.256377 0.36185 1.35613e-38 3
0.163549 0.265404 0.374591 1.52198e-38 3
0.172501 0.269838 0.38085 1.54946e-38 3
0.173743 0.253503 0.357794 1.20855e-38 3
0.186263 0.254645 0.359405 1.31028e-38 3
0.187487 0.248488 0.350716 1.30107e-38 3
0.193214 0.248488 0.350716 1.33787e-38 3
0.198071 0.247401 0.349182 1.31947e-38 3
0.202885 0.246323 0.34766 1.19969e-38 3
0.210859 0.249036 0.351489 1.04288e-38 3
0.214707 0.246861 0.348419 8.86078e-39 3
0.218488 0.244723 0.345403 9.04374e-39 3
0.224128 0.244723 0.345403 9.5058e-39 3
0.23127 0.246323 0.34766 9.59835e-39 3
0.237984 0.247401 0.349182 1.0521e-38 3
0.242624 0.246323 0.34766 1.24578e-38 3
0.248301 0.246323 0.34766 1.41181e-38 3
0.256775 0.249036 0.351489 1.63304e-38 3
0.266494 0.247401 0.349182 1.59563e-38 3
0.271601 0.246861 0.348419 1.37411e-38 3
0.268497 0.239032 0.33737 1.34641e-38 3
0.279924 0.244195 0.344657 1.22659e-38 3
0.284324 0.243145 0.343174 1.1344e-38 3
0.287455 0.241071 0.340247 9.86993e-39 3
0.296169 0.243669 0.343914 9.77845e-39 3
0.305738 0.246861 0.348419 9.22527e-39 3
0.312109 0.247401 0.349182 9.13344e-39 3
0.319911 0.249036 0.351489 1.01476e-38 3
0.328545 0.251249 0.354613 1.10692e-38 3
0.33139 0.249036 0.351489 1.08859e-38 3
0.339373 0.250692 0.353827 1.04246e-38 3
0.34287 0.249036 0.351489 1.05167e-38 3
0.346321 0.247401 0.349182 1.04231e-38 3
0.356166 0.246323 0.34766 1.00529e-38 3
0.363427 0.247401 0.349182 9.13238e-39 3
0.36752 0.246323 0.34766 7.28882e-39 3
0.373197 0.246323 0.34766 5.26052e-39 3
0.378051 0.245787 0.346904 5.25944e-39 3
0.383715 0.245787 0.346904 5.72007e-39 3
0.38938 0.245787 0.346904 7.28632e-39 3
0.38664 0.240558 0.339523 7.47071e-39 3
1.53816 0.869709 1.22751 5.53532e-39 3
1.58255 0.883298 1.24669 5.44313e-39 3
-0.302376 0.252 0.34766 1.0515e-38 3
-0.299966 0.254775 0.351489 8.67033e-39 3
-0.295529 0.255903 0.353044 5.81119e-39 3
-0.288487 0.254775 0.351489 5.5346e-39 3
-0.285261 0.25704 0.354613 5.81082e-39 3
-0.285174 0.262286 0.36185 4.88814e-39 3
-0.282468 0.265294 0.366 6.54839e-39 3
-0.275858 0.264686 0.365162 9.68339e-39 3
-0.268666 0.263481 0.363499 1.03295e-38 3
-0.263933 0.264686 0.365162 1.06061e-38 3
-0.258561 0.265294 0.366 9.13128e-39 3
-0.250859 0.263481 0.363499 7.1966e-39 3
-0.243261 0.261692 0.361032 7.65758e-39 3
-0.237365 0.261692 0.361032 8.4877e-39 3
-0.232522 0.262882 0.362673 9.96391e-39 3
-0.227116 0.263481 0.363499 1.1071e-38 3
-0.220677 0.262882 0.362673 1.06086e-38 3
-0.217724 0.266516 0.367687 9.50079e-39 3
-0.214688 0.270252 0.372841 1.15291e-38 3
-0.2086 0.270252 0.372841 1.18964e-38 3
-0.174489 0.264686 0.365162 7.10227e-39 3
-0.17127 0.268995 0.371107 8.57704e-39 3
-0.164827 0.268371 0.370246 9.68446e-39 3
-0.15915 0.268995 0.371107 9.68661e-39 3
-0.152735 0.268371 0.370246 9.22743e-39 3
-0.144344 0.264082 0.364329 8.67533e-39 3
-0.137143 0.261692 0.361032 9.68912e-39 3
-0.128344 0.255903 0.353044 1.0888e-38 3
-0.114285 0.250364 0.345403 1.30993e-38 3
-0.109355 0.252 0.34766 1.22681e-38 3
-0.105752 0.25704 0.354613 8.94869e-39 3
-0.103171 0.265294 0.366 8.67246e-39 3
-0.0999449 0.272802 0.376358 9.32106e-39 3
-0.0970021 0.282117 0.38921 1.12579e-38 3
-0.0895544 0.278718 0.38452 1.01526e-38 3
-0.075362 0.272802 0.376358 1.27337e-38 3
-0.06938 0.273447 0.377248 1.36553e-38 3
-0.0633695 0.274095 0.378142 1.26405e-38 3
-0.0570595 0.273447 0.377248 1.41142e-38 3
-0.0507792 0.272802 0.376358 1.4668e-38 3
-0.0444239 0.271521 0.374591 1.38372e-38 3
-0.0383071 0.271521 0.374591 1.23653e-38 3
-0.0313799 0.264686 0.365162 1.22745e-38 3
0.0169839 0.2754 0.379943 1.06107e-38 3
0.0230236 0.273447 0.377248 9.0441e-39 3
0.0289784 0.271521 0.374591 9.41251e-39 3
0.039364 0.259345 0.357794 9.5962e-39 3
0.0453082 0.259928 0.358598 1.18121e-38 3
0.0511638 0.259928 0.358598 1.31954e-38 3
0.057148 0.260513 0.359405 1.23664e-38 3
0.0631591 0.261102 0.360217 1.26415e-38 3
0.0691974 0.261692 0.361032 1.40223e-38 3
0.075606 0.263481 0.363499 1.56786e-38 3
0.0811719 0.262286 0.36185 1.6691e-38 3
0.0880794 0.265294 0.366 1.49414e-38 3
0.0964903 0.27216 0.375473 1.32858e-38 3
0.101902 0.270252 0.372841 1.28252e-38 3
0.106991 0.26775 0.369389 1.37464e-38 3
0.111474 0.264082 0.364329 1.41152e-38 3
0.117156 0.263481 0.363499 1.44851e-38 3
0.121706 0.260513 0.359405 1.31032e-38 3
0.125317 0.255903 0.353044 1.06154e-38 3
0.131957 0.257612 0.355403 1.12614e-38 3
0.136847 0.255903 0.353044 1.21823e-38 3
0.142612 0.255903 0.353044 1.34716e-38 3
0.150711 0.259928 0.358598 1.24561e-38 3
0.157629 0.261692 0.361032 1.25472e-38 3
0.166539 0.266516 0.367687 1.56815e-38 3
0.169804 0.262286 0.36185 1.74332e-38 3
0.186259 0.25255 0.348419 1.31961e-38 3
0.191949 0.25255 0.348419 1.31021e-38 3
0.196352 0.250907 0.346152 1.27344e-38 3
0.200698 0.249284 0.343914 1.20905e-38 3
0.209934 0.253658 0.349947 1.23656e-38 3
0.213309 0.250907 0.346152 1.11664e-38 3
0.216612 0.248215 0.342438 1.05189e-38 3
0.220783 0.246627 0.340247 1.05182e-38 3
0.227308 0.247683 0.341704 1.07955e-38 3
0.2349 0.249823 0.344657 1.10735e-38 3
0.241049 0.250364 0.345403 1.2089e-38 3
0.245626 0.249284 0.343914 1.30131e-38 3
0.251242 0.249284 0.343914 1.44869e-38 3
0.255755 0.248215 0.342438 1.46691e-38 3
0.26023 0.247154 0.340974 1.41116e-38 3
0.264667 0.246102 0.339523 1.32794e-38 3
0.277754 0.243 0.335244 1.1805e-38 3
0.285628 0.245059 0.338085 1.0883e-38 3
0.292388 0.246102 0.339523 1.05153e-38 3
0.301136 0.248748 0.343174 1.09763e-38 3
0.308731 0.250364 0.345403 1.14376e-38 3
0.315053 0.250907 0.346152 1.06075e-38 3
0.324222 0.253658 0.349947 9.59335e-39 3
0.327068 0.251452 0.346904 9.04089e-39 3
0.332733 0.251452 0.346904 1.01483e-38 3
0.336205 0.249823 0.344657 1.07933e-38 3
0.336027 0.24558 0.338802 1.12529e-38 3
0.348213 0.250364 0.345403 1.09748e-38 3
0.352328 0.249284 0.343914 1.01451e-38 3
0.360273 0.250907 0.346152 7.74872e-39 3
0.366721 0.251452 0.346904 7.38138e-39 3
0.373197 0.252 0.34766 8.02639e-39 3
0.378874 0.252 0.34766 7.65689e-39 3
0.383715 0.251452 0.346904 6.18105e-39 3
0.386857 0.249823 0.344657 7.10193e-39 3
1.53816 0.889754 1.22751 1.03302e-38 3
-0.303036 0.25824 0.348419 9.22458e-39 3
-0.298651 0.259372 0.349947 6.18141e-39 3
-0.294876 0.26109 0.352265 2.58542e-39 3
-0.287853 0.259942 0.350716 5.4424e-39 3
-0.282126 0.259942 0.350716 5.90302e-39 3
-0.283247 0.266382 0.359405 7.19411e-39 3
-0.281821 0.270649 0.365162 7.74764e-39 3
-0.265757 0.27252 0.367687 5.62892e-39 3
-0.259156 0.271894 0.366841 5.53709e-39 3
-0.250289 0.268804 0.362673 7.10333e-39 3
-0.242165 0.266382 0.359405 9.13163e-39 3
-0.235765 0.265784 0.358598 1.01461e-38 3
-0.229909 0.265784 0.358598 1.04235e-38 3
-0.225065 0.266984 0.360217 1.02394e-38 3
-0.219183 0.266984 0.360217 9.22527e-39 3
-0.215736 0.270031 0.364329 9.86993e-39 3
-0.211233 0.271894 0.366841 9.6841e-39 3
-0.204772 0.27127 0.366 1.13429e-38 3
-0.197888 0.270031 0.364329 1.12496e-38 3
-0.190202 0.267588 0.361032 7.10082e-39 3
-0.18389 0.266984 0.360217 6.45582e-39 3
-0.178411 0.267588 0.361032 1.06979e-38 3
-0.168699 0.261668 0.353044 1.24485e-38 3
-0.167759 0.269416 0.363499 1.08816e-38 3
-0.162563 0.270649 0.365162 9.8692e-39 3
-0.156243 0.270031 0.364329 9.96391e-39 3
-0.150294 0.270031 0.364329 8.76788e-39 3
-0.131776 0.257117 0.346904 1.08887e-38 3
-0.126662 0.25824 0.348419 1.38379e-38 3
-0.119409 0.2549 0.343914 1.55882e-38 3
-0.112579 0.252183 0.340247 1.51265e-38 3
-0.106796 0.251646 0.339523 1.16227e-38 3
-0.102782 0.255451 0.344657 1.0055e-38 3
-0.0955041 0.251112 0.338802 9.871e-39 3
-0.0974776 0.289887 0.391118 1.14405e-38 3
-0.0906465 0.288473 0.38921 1.20873e-38 3
-0.0244115 0.259942 0.350716 1.31018e-38 3
0.0165889 0.275055 0.371107 1.07033e-38 3
0.0278663 0.266984 0.360217 1.16266e-38 3
0.0332235 0.262831 0.354613 1.13493e-38 3
0.0387557 0.26109 0.352265 1.21798e-38 3
0.0446065 0.261668 0.353044 1.32898e-38 3
0.0503715 0.261668 0.353044 1.44879e-38 3
0.056386 0.262831 0.354613 1.27359e-38 3
0.0627342 0.265188 0.357794 1.33791e-38 3
0.0688857 0.266382 0.359405 1.93697e-38 3
0.0929895 0.268194 0.36185 1.30089e-38 3
0.0995757 0.270031 0.364329 1.23639e-38 3
0.109475 0.265188 0.357794 1.41145e-38 3
0.113535 0.26109 0.352265 1.48528e-38 3
0.120083 0.262831 0.354613 1.40248e-38 3
0.12449 0.259942 0.350716 1.37497e-38 3
0.130504 0.260515 0.351489 1.2922e-38 3
0.141671 0.259942 0.350716 1.45805e-38 3
0.148377 0.261668 0.353044 1.43028e-38 3
0.154483 0.262248 0.353827 1.45773e-38 3
0.160261 0.262248 0.353827 1.34702e-38 3
0.167151 0.264004 0.356196 1.37475e-38 3
0.185047 0.256559 0.346152 1.14458e-38 3
0.190287 0.256004 0.345403 1.10738e-38 3
0.194245 0.253806 0.342438 1.18121e-38 3
0.198983 0.252722 0.340974 1.29203e-38 3
0.209474 0.258805 0.349182 1.24582e-38 3
0.212388 0.255451 0.344657 1.25493e-38 3
0.215227 0.252183 0.340247 1.14419e-38 3
0.219845 0.251112 0.338802 1.16245e-38 3
0.224425 0.25005 0.33737 1.1533e-38 3
0.230421 0.25058 0.338085 1.19032e-38 3
0.236946 0.251646 0.339523 1.3011e-38 3
0.240952 0.25005 0.33737 1.35656e-38 3
0.246983 0.25058 0.338085 1.38429e-38 3
0.251438 0.249523 0.336658 1.4117e-38 3
0.256936 0.249523 0.336658 1.44808e-38 3
0.262433 0.249523 0.336658 1.32794e-38 3
0.285628 0.25058 0.338085 9.86885e-39 3
0.293011 0.252183 0.340247 1.05139e-38 3
0.299205 0.252722 0.340974 1.12525e-38 3
0.304773 0.252722 0.340974 1.18986e-38 3
0.309679 0.252183 0.340247 1.21745e-38 3
0.317947 0.254352 0.343174 1.23592e-38 3
0.321477 0.252722 0.340974 1.1899e-38 3
0.324273 0.25058 0.338085 8.58135e-39 3
0.340115 0.25005 0.33737 7.1037e-39 3
0.34783 0.251646 0.339523 8.39265e-39 3
0.354128 0.252183 0.340247 9.9607e-39 3
0.36356 0.2549 0.343914 6.73529e-39 3
0.371578 0.256559 0.346152 7.65761e-39 3
0.377231 0.256559 0.346152 7.28739e-39 3
0.383715 0.257117 0.346904 8.02496e-39 3
0.386857 0.255451 0.344657 7.01045e-39 3
-0.299764 0.261079 0.344657 3.69213e-39 3
-0.296054 0.262782 0.346904 6.36544e-39 3
-0.291657 0.263929 0.348419 6.91861e-39 3
-0.28288 0.261079 0.344657 5.71899e-39 3
-0.276059 0.259956 0.343174 6.36364e-39 3
-0.259753 0.278524 0.367687 8.39515e-39 3
-0.249156 0.273483 0.361032 8.57846e-39 3
-0.239468 0.269219 0.355403 1.09748e-38 3
-0.230583 0.265669 0.350716 1.28195e-38 3
-0.219612 0.266255 0.351489 1.06082e-38 3
-0.213872 0.266255 0.351489 8.3026e-39 3
-0.213301 0.272866 0.360217 9.8692e-39 3
-0.208833 0.274726 0.362673 1.07908e-38 3
-0.202451 0.274103 0.36185 1.11596e-38 3
-0.196097 0.273483 0.361032 1.06968e-38 3
-0.187236 0.269219 0.355403 9.9596e-39 3
-0.172555 0.264507 0.349182 1.08823e-38 3
-0.166489 0.263929 0.348419 1.1066e-38 3
-0.161151 0.264507 0.349182 8.39192e-39 3
-0.156243 0.275981 0.364329 9.78059e-39 3
-0.150294 0.275981 0.364329 1.05207e-38 3
-0.128973 0.257191 0.339523 1.39312e-38 3
-0.123428 0.257191 0.339523 1.65116e-38 3
-0.117136 0.255559 0.33737 1.63251e-38 3
-0.111157 0.254483 0.335949 1.41123e-38 3
-0.10545 0.253949 0.335244 1.07008e-38 3
-0.0995569 0.252886 0.333841 9.13308e-39 3
-0.029554 0.260516 0.343914 1.41174e-38 3
-0.0238353 0.259398 0.342438 1.17185e-38 3
-0.0183221 0.260516 0.343914 1.26387e-38 3
-0.0128167 0.262782 0.346904 1.83534e-38 3
0.00416845 0.262212 0.346152 1.65977e-38 3
0.0098637 0.263354 0.34766 1.27269e-38 3
0.0155747 0.263929 0.348419 1.1071e-38 3
0.026895 0.263354 0.34766 1.08901e-38 3
0.0327146 0.264507 0.349182 1.27337e-38 3
0.0385854 0.265669 0.350716 1.3472e-38 3
0.0443124 0.265669 0.350716 1.42117e-38 3
0.0500394 0.265669 0.350716 1.32905e-38 3
0.0558892 0.266255 0.351489 1.3105e-38 3
0.0624542 0.26982 0.356196 1.46698e-38 3
0.0687309 0.271639 0.358598 1.67896e-38 3
0.0749233 0.272866 0.360217 1.64173e-38 3
0.0809883 0.273483 0.361032 1.62318e-38 3
0.0870807 0.274103 0.36185 1.30989e-38 3
0.0929895 0.274103 0.36185 1.30089e-38 3
0.0988983 0.274103 0.36185 1.18107e-38 3
0.10457 0.273483 0.361032 1.23628e-38 3
0.108743 0.269219 0.355403 1.33762e-38 3
0.113285 0.266255 0.351489 1.47599e-38 3
0.124217 0.265087 0.349947 1.49482e-38 3
0.129932 0.265087 0.349947 1.44897e-38 3
0.135646 0.265087 0.349947 1.33845e-38 3
0.141051 0.264507 0.349182 1.30153e-38 3
0.147075 0.265087 0.349947 1.30139e-38 3
0.157812 0.263929 0.348419 1.29185e-38 3
0.163501 0.263929 0.348419 1.28263e-38 3
0.167003 0.260516 0.343914 1.24596e-38 3
0.181504 0.257191 0.339523 1.246e-38 3
0.187048 0.257191 0.339523 1.12589e-38 3
0.196464 0.25502 0.336658 1.19969e-38 3
0.207657 0.262212 0.346152 1.26415e-38 3
0.210119 0.25829 0.340974 1.32869e-38 3
0.216174 0.252358 0.333144 1.19011e-38 3
0.234946 0.25502 0.336658 1.27337e-38 3
0.238432 0.252886 0.333841 1.32879e-38 3
0.244908 0.253949 0.335244 1.30121e-38 3
0.249334 0.252886 0.333841 1.22731e-38 3
0.291149 0.256101 0.338085 1.01454e-38 3
0.2973 0.256644 0.338802 1.14369e-38 3
0.302832 0.256644 0.338802 1.14376e-38 3
0.307061 0.255559 0.33737 1.18986e-38 3
0.318079 0.255559 0.33737 9.59407e-39 3
0.341295 0.252358 0.333144 8.11642e-39 3
0.34892 0.253949 0.335244 1.05121e-38 3
0.358156 0.256644 0.338802 1.03295e-38 3
0.366804 0.258843 0.341704 9.50116e-39 3
0.374792 0.260516 0.343914 8.85543e-39 3
0.379589 0.259956 0.343174 8.02496e-39 3
0.381908 0.257739 0.340247 8.39374e-39 3
-0.297196 0.264423 0.341704 7.37996e-39 3
-0.292242 0.26499 0.342438 7.10192e-39 3
-0.285425 0.263858 0.340974 5.90338e-39 3
-0.26278 0.287845 0.371972 1.13454e-38 3
-0.249156 0.279379 0.361032 1.14362e-38 3
-0.227582 0.267864 0.346152 9.22312e-39 3
-0.211685 0.262177 0.338802 6.73599e-39 3
-0.210169 0.267284 0.345403 8.02637e-39 3
-0.206766 0.270209 0.349182 1.00536e-38 3
-0.201948 0.271396 0.350716 1.08841e-38 3
-0.196221 0.271396 0.350716 1.21741e-38 3
-0.190914 0.271994 0.351489 1.19883e-38 3
-0.184362 0.270801 0.349947 1.10663e-38 3
-0.177868 0.269619 0.348419 1.00529e-38 3
-0.171058 0.267864 0.346152 1.06064e-38 3
-0.165405 0.267864 0.346152 9.86848e-39 3
-0.159753 0.267864 0.346152 9.68265e-39 3
-0.152775 0.26556 0.343174 1.01461e-38 3
-0.147171 0.26556 0.343174 1.16252e-38 3
-0.133101 0.259969 0.335949 1.31929e-38 3
-0.127347 0.259423 0.335244 1.60506e-38 3
-0.0292389 0.263295 0.340247 1.23649e-38 3
-0.0236828 0.263295 0.340247 1.33773e-38 3
-0.0182435 0.26499 0.342438 1.66038e-38 3
-0.0127337 0.266707 0.344657 1.85396e-38 3
-0.00707507 0.26556 0.343174 1.88144e-38 3
-0.00145869 0.263295 0.340247 1.89951e-38 3
0.00407995 0.262177 0.338802 1.65041e-38 3
0.00957175 0.261068 0.33737 1.50304e-38 3
0.0152746 0.264423 0.341704 1.19922e-38 3
0.0205464 0.260518 0.336658 1.14426e-38 3
0.0263777 0.263858 0.340974 1.21805e-38 3
0.0327146 0.270209 0.349182 1.3933e-38 3
0.0385854 0.271396 0.350716 1.44879e-38 3
0.0441184 0.270209 0.349182 1.30139e-38 3
0.0496033 0.269031 0.34766 1.13547e-38 3
0.0556441 0.270801 0.349947 1.13536e-38 3
0.0621766 0.274412 0.354613 1.27344e-38 3
0.0679672 0.274412 0.354613 1.55914e-38 3
0.0739221 0.275023 0.355403 1.47602e-38 3
0.0809883 0.279379 0.361032 1.40216e-38 3
0.0872786 0.280648 0.362673 1.26394e-38 3
0.0934132 0.281288 0.363499 1.30096e-38 3
0.0982301 0.27812 0.359405 1.32858e-38 3
0.104807 0.280012 0.36185 1.30085e-38 3
0.107546 0.271994 0.351489 1.18096e-38 3
0.112788 0.270801 0.349947 1.35613e-38 3
0.117472 0.268446 0.346904 1.43929e-38 3
0.122339 0.266707 0.344657 1.4395e-38 3
0.128522 0.267864 0.346152 1.45827e-38 3
0.134467 0.268446 0.346904 1.33855e-38 3
0.139525 0.267284 0.345403 1.41227e-38 3
0.146753 0.270209 0.349182 1.27387e-38 3
0.152122 0.269619 0.348419 1.32912e-38 3
0.156107 0.266707 0.344657 1.3566e-38 3
0.161387 0.266132 0.343914 1.42114e-38 3
0.179972 0.260518 0.336658 1.43043e-38 3
0.185469 0.260518 0.336658 1.42096e-38 3
0.188973 0.257798 0.333144 1.32865e-38 3
0.200272 0.258338 0.333841 1.15345e-38 3
0.207459 0.260518 0.336658 1.19029e-38 3
0.362918 0.261621 0.338085 1.03295e-38 3
0.371588 0.263858 0.340974 9.31677e-39 3
0.377156 0.263858 0.340974 1.13444e-38 3
-0.295299 0.268279 0.339523 7.28704e-39 3
-0.290373 0.268851 0.340247 8.20756e-39 3
-0.247476 0.283351 0.358598 8.20933e-39 3
-0.220411 0.264897 0.335244 7.74799e-39 3
-0.203988 0.264897 0.335244 9.8692e-39 3
-0.200195 0.267142 0.338085 1.15298e-38 3
-0.193853 0.266015 0.336658 1.26361e-38 3
-0.188754 0.266577 0.33737 1.19908e-38 3
-0.185203 0.269425 0.340974 1.02376e-38 3
-0.178871 0.268279 0.339523 8.85468e-39 3
-0.172592 0.267142 0.338085 9.13164e-39 3
-0.167426 0.267709 0.338802 9.96104e-39 3
-0.161893 0.267709 0.338802 1.22656e-38 3
-0.1557 0.266577 0.33737 1.32793e-38 3
-0.149874 0.266015 0.336658 1.28216e-38 3
-0.143468 0.264342 0.334541 1.03359e-38 3
-0.137429 0.263238 0.333144 1.20873e-38 3
-0.0236325 0.268279 0.339523 1.31007e-38 3
-0.0182044 0.270002 0.341704 1.61435e-38 3
-0.0126789 0.271164 0.343174 1.68815e-38 3
-0.00702972 0.269425 0.340974 1.60492e-38 3
-0.0014525 0.267709 0.338802 1.53095e-38 3
0.00405413 0.266015 0.336658 1.4846e-38 3
0.00955156 0.266015 0.336658 1.46612e-38 3
0.015049 0.266015 0.336658 1.26365e-38 3
0.0203745 0.263789 0.333841 1.20862e-38 3
0.0260438 0.266015 0.336658 1.31929e-38 3
0.0383326 0.275308 0.348419 1.46716e-38 3
0.0437356 0.273517 0.346152 1.45812e-38 3
0.0487536 0.270002 0.341704 1.41202e-38 3
0.0550406 0.273517 0.346152 1.37507e-38 3
0.0614934 0.277123 0.350716 1.43936e-38 3
0.0672203 0.277123 0.350716 1.47602e-38 3
0.0729473 0.277123 0.350716 1.41145e-38 3
0.0899358 0.295295 0.373714 1.19014e-38 3
0.108277 0.265455 0.335949 1.26419e-38 3
0.115218 0.268851 0.340247 1.40252e-38 3
0.120774 0.268851 0.340247 1.54095e-38 3
0.12633 0.268851 0.340247 1.66099e-38 3
0.132451 0.270002 0.341704 1.65191e-38 3
0.368439 0.267142 0.338085 9.31533e-39 3
0.375551 0.268279 0.339523 9.59263e-39 3
