# .PCD v0.7 - Point Cloud Data file format
VERSION 0.7
FIELDS x y z rgb label
SIZE 4 4 4 4 4
TYPE F F F F U
COUNT 1 1 1 1 1
WIDTH 3754
HEIGHT 1
VIEWPOINT 0 0 0 1 0 0 0
POINTS 3754
DATA ascii
-1.48788 0.166621 3.01087 3.96369e-39 3
-1.46638 0.169825 3.06877 1.6588e-39 3
-2.04572 0.245303 4.43267 2.48784e-39 3
-1.86948 0.232393 4.19937 2.21198e-39 3
-1.80091 0.232393 4.19937 2.39709e-39 3
-2.05715 0.275966 4.98675 2.85735e-39 3
-1.97572 0.275966 4.98675 2.57824e-39 3
-1.89428 0.275966 4.98675 3.13249e-39 3
-2.07183 0.31539 5.69914 1.65808e-39 3
2.52745 0.21026 3.79943 1.8432e-39 3
-1.56524 0.124312 1.73452 2.30238e-39 3
-1.81907 0.158843 2.21633 2.67368e-39 3
-1.8604 0.165749 2.3127 3.9637e-39 3
-1.72276 0.156667 2.18597 3.59491e-39 3
-2.08739 0.193842 2.70468 1.93611e-39 3
-3.76719 0.357397 4.98675 3.13501e-39 3
-3.68576 0.357397 4.98675 1.75136e-39 3
-3.60433 0.357397 4.98675 2.76336e-39 3
-3.31567 0.336374 4.69341 2.39458e-39 3
-2.89808 0.300966 4.19937 3.87042e-39 3
-2.15042 0.228734 3.19152 3.13393e-39 3
-1.94288 0.211791 2.95511 2.39637e-39 3
-1.82696 0.204227 2.84957 3.78002e-39 3
-1.78043 0.204227 2.84957 3.59563e-39 3
-1.73389 0.204227 2.84957 4.24064e-39 3
-1.68736 0.204227 2.84957 3.13429e-39 3
-1.73371 0.215787 3.01087 3.8715e-39 3
-1.7506 0.224249 3.12894 3.04139e-39 3
-1.66683 0.219937 3.06877 3.04139e-39 3
-1.64841 0.224249 3.12894 2.76552e-39 3
-2.54573 0.357397 4.98675 2.85806e-39 3
-2.4643 0.357397 4.98675 3.50307e-39 3
-2.2427 0.336374 4.69341 2.67296e-39 3
-2.04572 0.317686 4.43267 3.0403e-39 3
-1.86948 0.300966 4.19937 2.48856e-39 3
-2.13858 0.357397 4.98675 3.31905e-39 3
-2.1649 0.408454 5.69914 3.4098e-39 3
-2.07183 0.408454 5.69914 2.94954e-39 3
-0.426047 0.152489 2.12768 2.48928e-39 3
-0.31541 0.190612 2.6596 3.22648e-39 3
-0.27198 0.190612 2.6596 3.41087e-39 3
-0.207773 0.173283 2.41782 2.48928e-39 3
-0.163342 0.168187 2.34671 3.22613e-39 3
-0.118076 0.158843 2.21633 2.67367e-39 3
-0.0775749 0.150483 2.09968 2.85878e-39 3
-0.048381 0.168187 2.34671 2.95026e-39 3
-0.0106895 0.178699 2.49337 1.84356e-39 3
0.0300259 0.178699 2.49337 2.76623e-39 3
0.0730232 0.184463 2.57381 2.39745e-39 3
0.115052 0.184463 2.57381 2.94954e-39 3
0.157081 0.184463 2.57381 2.21126e-39 3
0.199109 0.184463 2.57381 4.14809e-39 3
0.257768 0.197185 2.75131 1.93576e-39 3
1.42178 0.190612 2.6596 2.30489e-39 3
1.29283 0.168187 2.34671 2.58112e-39 3
3.51199 0.408454 5.69914 2.85807e-39 3
3.15442 0.357397 4.98675 2.30454e-39 3
3.0455 0.336374 4.69341 2.85771e-39 3
2.30767 0.248624 3.46904 2.02759e-39 3
1.69935 0.178699 2.49337 3.13249e-39 3
1.39206 0.142959 1.9947 3.31725e-39 3
1.35679 0.136151 1.89971 3.31833e-39 3
1.38781 0.136151 1.89971 3.31832e-39 3
1.6553 0.158843 2.21633 2.39637e-39 3
-4.80007 0.468083 5.3192 2.48749e-39 3
-2.34801 0.242112 2.75131 2.21306e-39 3
-1.59023 0.167172 1.89971 1.65988e-39 3
-1.59723 0.17125 1.94605 2.58076e-39 3
-1.71157 0.187233 2.12768 3.13286e-39 3
-3.14404 0.351062 3.9894 1.93539e-39 3
-3.421 0.390069 4.43267 3.41124e-39 3
-3.54559 0.413014 4.69341 3.68783e-39 3
-3.68576 0.438828 4.98675 2.85843e-39 3
-3.39231 0.413014 4.69341 3.96262e-39 3
-2.96665 0.369539 4.19937 4.23956e-39 3
-2.20254 0.28085 3.19152 3.22541e-39 3
-1.99113 0.260046 2.95511 4.1488e-39 3
-1.80889 0.242112 2.75131 2.48856e-39 3
-1.59859 0.219414 2.49337 2.76515e-39 3
-1.55787 0.219414 2.49337 3.41053e-39 3
-1.5661 0.226492 2.57381 3.13465e-39 3
-1.74986 0.260046 2.95511 3.96477e-39 3
-2.18777 0.334345 3.79943 3.31904e-39 3
-2.6259 0.413014 4.69341 4.05589e-39 3
-2.40764 0.390069 4.43267 3.68603e-39 3
-2.47262 0.413014 4.69341 2.21234e-39 3
-2.54573 0.438828 4.98675 3.04317e-39 3
-2.4643 0.438828 4.98675 2.58147e-39 3
-2.38287 0.438828 4.98675 3.87186e-39 3
-2.30144 0.438828 4.98675 4.60727e-39 3
-1.86948 0.369539 4.19937 4.05445e-39 3
-1.89428 0.438828 4.98675 4.05589e-39 3
-0.381139 0.18237 2.07242 3.31941e-39 3
-0.347298 0.18237 2.07242 2.95098e-39 3
-0.416141 0.242112 2.75131 2.48965e-39 3
-0.312034 0.203514 2.3127 2.30489e-39 3
-0.278303 0.206507 2.34671 3.8715e-39 3
-0.239983 0.206507 2.34671 3.22613e-39 3
-0.21097 0.216038 2.45501 3.13393e-39 3
-0.176306 0.222897 2.53295 3.50272e-39 3
-0.12881 0.212765 2.41782 4.88565e-39 3
-0.0867013 0.206507 2.34671 4.05589e-39 3
-0.0498471 0.212765 2.41782 3.59563e-39 3
-0.0106895 0.219414 2.49337 3.22685e-39 3
0.033132 0.242112 2.75131 3.59599e-39 3
0.0808471 0.250759 2.84957 3.31904e-39 3
0.137177 0.270048 3.06877 3.77966e-39 3
0.157081 0.226492 2.57381 3.77858e-39 3
0.481458 0.146276 1.66225 3.41088e-39 3
0.508601 0.146276 1.66225 2.76515e-39 3
0.535745 0.146276 1.66225 2.21198e-39 3
0.551401 0.143291 1.62833 2.48928e-39 3
0.566431 0.140425 1.59576 2.30524e-39 3
0.592489 0.140425 1.59576 3.04101e-39 3
0.618546 0.140425 1.59576 3.96405e-39 3
0.685749 0.149388 1.69762 3.22648e-39 3
0.986268 0.206507 2.34671 3.04209e-39 3
1.08862 0.219414 2.49337 1.56732e-39 3
1.20463 0.234041 2.6596 3.135e-39 3
1.6279 0.305271 3.46904 3.59527e-39 3
1.49018 0.270048 3.06877 2.95026e-39 3
1.43027 0.250759 2.84957 4.05805e-39 3
1.33389 0.226492 2.57381 3.04425e-39 3
1.37591 0.226492 2.57381 2.21306e-39 3
1.41794 0.226492 2.57381 2.30454e-39 3
1.50864 0.234041 2.6596 3.59599e-39 3
2.58678 0.390069 4.43267 3.13645e-39 3
2.81558 0.413014 4.69341 2.85878e-39 3
2.89222 0.413014 4.69341 3.13465e-39 3
2.96886 0.413014 4.69341 1.65881e-39 3
2.46541 0.334345 3.79943 3.31869e-39 3
1.65864 0.219414 2.49337 3.04174e-39 3
1.51054 0.195035 2.21633 2.94882e-39 3
1.23738 0.156028 1.77307 3.50128e-39 3
1.38781 0.167172 1.89971 3.04174e-39 3
1.86222 0.219414 2.49337 1.84247e-39 3
1.90293 0.219414 2.49337 2.57969e-39 3
1.94365 0.219414 2.49337 3.50057e-39 3
1.98436 0.219414 2.49337 2.76336e-39 3
2.0904 0.226492 2.57381 2.48749e-39 3
2.13243 0.226492 2.57381 2.58076e-39 3
1.12799 0.101757 1.15635 2.48928e-39 3
1.14687 0.101757 1.15635 1.93611e-39 3
-2.5702 0.308301 2.95511 3.41052e-39 3
-2.34801 0.287039 2.75131 3.04246e-39 3
-1.59023 0.198194 1.89971 3.13465e-39 3
-1.54086 0.195862 1.87736 3.41053e-39 3
-1.51021 0.195862 1.87736 4.14809e-39 3
-1.42911 0.189185 1.81336 3.9637e-39 3
-3.24094 0.438112 4.19937 3.13465e-39 3
-3.34861 0.462452 4.43267 3.41124e-39 3
-3.46895 0.489655 4.69341 2.30561e-39 3
-3.39231 0.489655 4.69341 3.31832e-39 3
-2.96665 0.438112 4.19937 3.31832e-39 3
-2.62207 0.396387 3.79943 2.85735e-39 3
-1.99113 0.308301 2.95511 2.2127e-39 3
-1.80889 0.287039 2.75131 3.04246e-39 3
-1.59859 0.260129 2.49337 3.31905e-39 3
-1.55787 0.260129 2.49337 4.70162e-39 3
-1.51716 0.260129 2.49337 3.68711e-39 3
-1.74986 0.308301 2.95511 3.59634e-39 3
-2.18777 0.396387 3.79943 4.1488e-39 3
-2.6259 0.489655 4.69341 3.50272e-39 3
-2.40764 0.462452 4.43267 4.23921e-39 3
-2.33525 0.462452 4.43267 3.59563e-39 3
-2.26287 0.462452 4.43267 2.58147e-39 3
-2.4643 0.520258 4.98675 2.95026e-39 3
-2.38287 0.520258 4.98675 3.22649e-39 3
-2.30144 0.520258 4.98675 2.67116e-39 3
-1.86948 0.438112 4.19937 4.05517e-39 3
-2.13858 0.520258 4.98675 3.8715e-39 3
-1.89428 0.520258 4.98675 3.31905e-39 3
-0.366847 0.208103 1.9947 3.41124e-39 3
-0.342845 0.213439 2.04585 4.51759e-39 3
-0.330632 0.228058 2.18597 3.59563e-39 3
-0.307577 0.237832 2.27966 3.68783e-39 3
-0.278303 0.244827 2.34671 3.41124e-39 3
-0.236505 0.241279 2.3127 4.70198e-39 3
-0.207773 0.252246 2.41782 3.68783e-39 3
-0.176306 0.264258 2.53295 4.88565e-39 3
-0.137121 0.26852 2.57381 3.59383e-39 3
-0.0921201 0.260129 2.49337 3.13394e-39 3
-0.0514048 0.260129 2.49337 2.58148e-39 3
-0.0110343 0.26852 2.57381 3.31941e-39 3
0.033132 0.287039 2.75131 3.68854e-39 3
0.0838415 0.308301 2.95511 3.31904e-39 3
0.333089 0.198194 1.89971 4.79453e-39 3
0.36411 0.198194 1.89971 3.96441e-39 3
0.395131 0.198194 1.89971 4.05661e-39 3
0.463981 0.177109 1.69762 4.51759e-39 3
0.491702 0.177109 1.69762 3.78002e-39 3
0.519423 0.177109 1.69762 3.13465e-39 3
0.535745 0.173419 1.66225 3.22685e-39 3
0.551401 0.16988 1.62833 3.13465e-39 3
0.566431 0.166483 1.59576 3.68782e-39 3
0.592489 0.166483 1.59576 3.77858e-39 3
0.618546 0.166483 1.59576 2.39564e-39 3
0.657759 0.16988 1.62833 3.59527e-39 3
0.931475 0.231226 2.21633 3.41124e-39 3
1.02459 0.244827 2.34671 3.135e-39 3
1.09512 0.252246 2.41782 5.07183e-39 3
1.24806 0.277471 2.6596 2.76587e-39 3
1.29149 0.277471 2.6596 1.47513e-39 3
1.29186 0.26852 2.57381 2.76659e-39 3
1.33389 0.26852 2.57381 2.49108e-39 3
1.37591 0.26852 2.57381 2.12086e-39 3
1.37363 0.260129 2.49337 2.48893e-39 3
1.41435 0.260129 2.49337 2.39781e-39 3
1.45506 0.260129 2.49337 1.47693e-39 3
1.5955 0.277471 2.6596 3.04317e-39 3
1.53649 0.260129 2.49337 2.2127e-39 3
1.44202 0.237832 2.27966 4.14701e-39 3
1.43815 0.231226 2.21633 3.59492e-39 3
1.29455 0.203028 1.94605 3.22685e-39 3
1.20843 0.184981 1.77307 3.04174e-39 3
1.26713 0.180959 1.73452 3.04066e-39 3
1.90293 0.260129 2.49337 2.11978e-39 3
1.94365 0.260129 2.49337 2.39458e-39 3
2.04837 0.26852 2.57381 1.74921e-39 3
2.13243 0.26852 2.57381 3.59491e-39 3
2.10651 0.260129 2.49337 2.58076e-39 3
2.14722 0.260129 2.49337 2.48857e-39 3
2.18794 0.260129 2.49337 2.30418e-39 3
1.09326 0.118916 1.13983 3.04174e-39 3
1.11188 0.118916 1.13983 3.41124e-39 3
1.13049 0.118916 1.13983 2.76587e-39 3
1.1491 0.118916 1.13983 4.14809e-39 3
1.01107 0.0967923 0.927767 2.6726e-39 3
1.02622 0.0967923 0.927767 2.7648e-39 3
0.995082 0.0924904 0.886533 2.7648e-39 3
-2.34801 0.331966 2.75131 3.87222e-39 3
-1.75762 0.253343 2.09968 2.85807e-39 3
-1.70095 0.250053 2.07242 1.65917e-39 3
-1.83382 0.275058 2.27966 3.22613e-39 3
-1.74669 0.267417 2.21633 2.58076e-39 3
-3.0789 0.481351 3.9894 2.02831e-39 3
-3.34861 0.534835 4.43267 3.68783e-39 3
-3.46895 0.566296 4.69341 2.67439e-39 3
-3.39231 0.566296 4.69341 3.04317e-39 3
-1.99113 0.356557 2.95511 4.97856e-39 3
-1.74859 0.320901 2.6596 3.04317e-39 3
-1.42097 0.267417 2.21633 3.5038e-39 3
-1.27825 0.246847 2.04585 3.1343e-39 3
-0.88271 0.175037 1.45069 3.50272e-39 3
-0.800782 0.16317 1.35234 4.42574e-39 3
-0.620855 0.130095 1.07822 3.22684e-39 3
-0.591263 0.12751 1.05679 4.14809e-39 3
-1.2719 0.310549 2.57381 5.16296e-39 3
-1.19143 0.300845 2.49337 5.34735e-39 3
-1.08303 0.283148 2.34671 4.70126e-39 3
-0.866344 0.234806 1.94605 4.51687e-39 3
-0.760383 0.213934 1.77307 4.42539e-39 3
-0.685715 0.200563 1.66225 3.87294e-39 3
-0.607912 0.185135 1.53438 3.77967e-39 3
-0.513704 0.16317 1.35234 3.96478e-39 3
-0.479432 0.159124 1.31881 3.59599e-39 3
-0.450452 0.156537 1.29737 4.05733e-39 3
-0.415746 0.151607 1.2565 4.5183e-39 3
-0.398365 0.15281 1.26648 4.3332e-39 3
-0.380706 0.154032 1.27661 4.05625e-39 3
-0.359859 0.154032 1.27661 5.16332e-39 3
-0.290251 0.131877 1.09299 5.07041e-39 3
-0.272403 0.131877 1.09299 4.241e-39 3
-0.499274 0.300845 2.49337 4.33284e-39 3
-0.376253 0.246847 2.04585 3.68783e-39 3
-0.347298 0.250053 2.07242 4.33319e-39 3
-0.330632 0.263754 2.18597 3.78002e-39 3
-0.307577 0.275058 2.27966 3.68747e-39 3
-0.27427 0.279044 2.3127 3.31869e-39 3
-0.236505 0.279044 2.3127 4.79382e-39 3
-0.207773 0.291728 2.41782 4.79382e-39 3
-0.176306 0.30562 2.53295 4.14809e-39 3
-0.144093 0.32634 2.70468 4.70126e-39 3
-0.0999269 0.32634 2.70468 4.60906e-39 3
-0.0557611 0.32634 2.70468 3.87294e-39 3
-0.0117953 0.331966 2.75131 4.14917e-39 3
0.0343153 0.343822 2.84957 5.34807e-39 3
0.119143 0.506686 4.19937 5.16331e-39 3
0.221048 0.186933 1.54928 4.14952e-39 3
0.278832 0.211583 1.75358 4.60978e-39 3
0.300855 0.207033 1.71587 4.05732e-39 3
0.34756 0.218796 1.81336 3.87222e-39 3
0.377171 0.218796 1.81336 4.24172e-39 3
0.3442 0.185135 1.53438 4.33391e-39 3
0.362289 0.181642 1.50543 4.33463e-39 3
0.379707 0.178278 1.47756 4.05733e-39 3
0.474067 0.209283 1.73452 3.59635e-39 3
0.502391 0.209283 1.73452 3.59635e-39 3
0.508601 0.200563 1.66225 3.96513e-39 3
0.535745 0.200563 1.66225 4.05733e-39 3
0.551401 0.19647 1.62833 3.41124e-39 3
0.555324 0.188765 1.56447 3.77966e-39 3
0.569701 0.185135 1.53438 2.8577e-39 3
0.594756 0.185135 1.53438 3.41088e-39 3
0.644604 0.192541 1.59576 4.70197e-39 3
0.77984 0.223884 1.85553 4.241e-39 3
0.967666 0.267417 2.21633 4.4261e-39 3
1.00386 0.267417 2.21633 4.05768e-39 3
1.10123 0.283148 2.34671 4.14916e-39 3
1.21077 0.300845 2.49337 3.22685e-39 3
1.25149 0.300845 2.49337 3.50415e-39 3
1.2922 0.300845 2.49337 2.95206e-39 3
1.33292 0.300845 2.49337 3.59707e-39 3
1.37363 0.300845 2.49337 2.67404e-39 3
1.41435 0.300845 2.49337 2.39709e-39 3
1.45506 0.300845 2.49337 1.66024e-39 3
1.49578 0.300845 2.49337 3.96513e-39 3
1.48993 0.291728 2.41782 2.39673e-39 3
1.40196 0.267417 2.21633 3.13394e-39 3
1.32753 0.246847 2.04585 2.67332e-39 3
1.20628 0.218796 1.81336 2.58184e-39 3
1.20843 0.213934 1.77307 3.04246e-39 3
2.00635 0.310549 2.57381 2.39529e-39 3
2.04837 0.310549 2.57381 3.22505e-39 3
2.0904 0.310549 2.57381 3.31832e-39 3
2.13243 0.310549 2.57381 2.30417e-39 3
2.10651 0.300845 2.49337 2.85627e-39 3
2.14722 0.300845 2.49337 3.04066e-39 3
2.05924 0.283148 2.34671 2.85627e-39 3
1.10911 0.139522 1.15635 2.39637e-39 3
1.11188 0.137529 1.13983 3.04245e-39 3
1.09909 0.133709 1.10817 3.96441e-39 3
1.11718 0.133709 1.10817 2.21198e-39 3
1.1046 0.130095 1.07822 3.22613e-39 3
1.09267 0.126671 1.04984 2.02795e-39 3
1.05432 0.120338 0.99735 2.11943e-39 3
1.01963 0.114607 0.949857 2.48821e-39 3
1.02296 0.113259 0.938682 2.94847e-39 3
1.01442 0.110655 0.917103 3.59491e-39 3
0.995082 0.106967 0.886533 2.76516e-39 3
0.956424 0.101337 0.839874 3.59492e-39 3
-2.34801 0.376894 2.75131 4.42467e-39 3
-2.02392 0.33121 2.41782 2.76587e-39 3
-1.87105 0.312283 2.27966 4.88602e-39 3
-1.83382 0.312283 2.27966 3.31869e-39 3
-1.74669 0.303609 2.21633 4.05589e-39 3
-3.46895 0.642936 4.69341 4.14952e-39 3
-3.39231 0.642936 4.69341 3.96621e-39 3
-0.906399 0.198726 1.45069 3.96406e-39 3
-0.77062 0.173491 1.26648 5.07004e-39 3
-0.634176 0.14671 1.07098 5.53137e-39 3
-0.625078 0.148706 1.08555 4.51722e-39 3
-0.591263 0.144767 1.05679 4.42467e-39 3
-0.57023 0.143815 1.04984 5.07004e-39 3
-0.556749 0.144767 1.05679 5.34591e-39 3
-0.577754 0.155034 1.13174 4.05589e-39 3
-0.876738 0.260236 1.89971 5.43954e-39 3
-0.772177 0.237607 1.73452 5.25515e-39 3
-0.684345 0.218598 1.59576 4.33391e-39 3
-0.632968 0.210191 1.53438 3.31976e-39 3
-0.545025 0.188447 1.37565 3.5038e-39 3
-0.513704 0.185253 1.35234 3.68819e-39 3
-0.479432 0.18066 1.31881 4.42575e-39 3
-0.446819 0.176289 1.2869 4.33356e-39 3
-0.409301 0.169456 1.23702 5.07148e-39 3
-0.389101 0.169456 1.23702 5.71613e-39 3
-0.377684 0.173491 1.26648 5.62358e-39 3
-0.351425 0.17078 1.24669 3.87366e-39 3
-0.316244 0.163133 1.19087 4.88602e-39 3
-0.292433 0.160734 1.17335 3.78039e-39 3
-0.269312 0.158405 1.15635 3.78038e-39 3
-0.261813 0.165605 1.20891 3.78002e-39 3
-0.443799 0.303609 2.21633 3.8715e-39 3
-0.431584 0.321468 2.34671 4.24028e-39 3
-0.356559 0.291464 2.12768 5.25479e-39 3
-0.326164 0.295403 2.15643 5.43918e-39 3
-0.294937 0.29945 2.18597 2.48928e-39 3
-0.270351 0.312283 2.27966 2.76659e-39 3
-0.220525 0.295403 2.15643 3.31976e-39 3
-0.193141 0.307885 2.24755 3.87294e-39 3
-0.163342 0.321468 2.34671 4.05589e-39 3
-0.130792 0.336305 2.45501 4.33248e-39 3
-0.0935824 0.346981 2.53295 4.60978e-39 3
-0.053063 0.352578 2.57381 4.05805e-39 3
-0.0114021 0.364331 2.6596 4.24172e-39 3
0.0355862 0.404812 2.95511 5.53245e-39 3
0.13316 0.642936 4.69341 5.53209e-39 3
0.142735 0.177722 1.29737 4.24172e-39 3
0.165263 0.179179 1.308 4.61158e-39 3
0.186622 0.179179 1.308 4.33499e-39 3
0.264309 0.227707 1.66225 3.87293e-39 3
0.304125 0.237607 1.73452 4.14952e-39 3
0.339836 0.242887 1.77307 4.60978e-39 3
0.364737 0.240218 1.75358 3.87293e-39 3
0.376809 0.230104 1.67975 4.1506e-39 3
0.336865 0.191753 1.39979 4.15096e-39 3
0.372804 0.198726 1.45069 4.1506e-39 3
0.459096 0.230104 1.67975 4.42719e-39 3
0.491702 0.232551 1.69762 3.41303e-39 3
0.519423 0.232551 1.69762 4.42719e-39 3
0.559038 0.237607 1.73452 3.22757e-39 3
0.587362 0.237607 1.73452 5.07076e-39 3
0.609065 0.235052 1.71587 3.68711e-39 3
0.580871 0.214312 1.56447 4.05732e-39 3
0.557249 0.196935 1.43762 4.70197e-39 3
0.532731 0.18066 1.31881 2.67367e-39 3
0.698606 0.227707 1.66225 3.96513e-39 3
0.810139 0.254184 1.85553 3.22792e-39 3
0.840439 0.254184 1.85553 3.50558e-39 3
0.98531 0.287629 2.09968 4.14952e-39 3
1.04715 0.295403 2.15643 3.59527e-39 3
1.14422 0.312283 2.27966 4.60978e-39 3
1.21619 0.321468 2.34671 3.31976e-39 3
1.33292 0.34156 2.49337 3.13645e-39 3
1.37363 0.34156 2.49337 3.59742e-39 3
1.41435 0.34156 2.49337 3.04246e-39 3
1.45506 0.34156 2.49337 3.13537e-39 3
1.45045 0.33121 2.41782 3.50344e-39 3
1.44611 0.321468 2.34671 4.05625e-39 3
1.44202 0.312283 2.27966 4.51723e-39 3
1.32753 0.280254 2.04585 2.76588e-39 3
1.20628 0.248407 1.81336 1.56841e-39 3
3.65863 0.642936 4.69341 3.96405e-39 3
2.44229 0.420381 3.06877 2.48892e-39 3
2.23457 0.376894 2.75131 2.76515e-39 3
2.13243 0.352578 2.57381 4.33248e-39 3
2.10651 0.34156 2.49337 3.22541e-39 3
2.02092 0.321468 2.34671 3.59419e-39 3
2.0004 0.312283 2.27966 3.77823e-39 3
2.03763 0.312283 2.27966 2.48749e-39 3
1.68883 0.254184 1.85553 3.22506e-39 3
1.60055 0.232551 1.69762 2.58076e-39 3
1.14222 0.163133 1.19087 3.31868e-39 3
1.12799 0.158405 1.15635 3.41124e-39 3
1.09909 0.151804 1.10817 2.67367e-39 3
1.1046 0.147702 1.07822 2.30417e-39 3
1.07848 0.141947 1.03621 1.47513e-39 3
1.05432 0.136624 0.99735 3.22649e-39 3
1.01963 0.130118 0.949857 2.21198e-39 3
0.980606 0.121444 0.886533 2.94954e-39 3
0.962983 0.117526 0.857935 1.8432e-39 3
-2.06341 0.370691 2.41782 3.68783e-39 3
-1.9644 0.359788 2.34671 3.50344e-39 3
-1.87105 0.349509 2.27966 4.88637e-39 3
-1.83382 0.349509 2.27966 4.42576e-39 3
-1.69948 0.330616 2.15643 1.84392e-39 3
-3.39231 0.719577 4.69341 2.85986e-39 3
-0.715452 0.171088 1.11592 4.14881e-39 3
-0.766953 0.188197 1.22751 4.14917e-39 3
-0.746908 0.188197 1.22751 5.16296e-39 3
-0.656196 0.1699 1.10817 4.70054e-39 3
-0.625078 0.166433 1.08555 6.54445e-39 3
-0.583534 0.159906 1.04298 4.97785e-39 3
-0.566503 0.159906 1.04298 4.51687e-39 3
-0.549471 0.159906 1.04298 4.97712e-39 3
-0.554173 0.166433 1.08555 5.62178e-39 3
-0.529246 0.164199 1.07098 5.80761e-39 3
-0.515215 0.165308 1.07822 5.62394e-39 3
-0.73646 0.244656 1.59576 4.51759e-39 3
-0.710402 0.244656 1.59576 5.07076e-39 3
-0.658024 0.235246 1.53438 5.44026e-39 3
-0.609525 0.226533 1.47756 3.96513e-39 3
-0.545025 0.21091 1.37565 4.42683e-39 3
-0.522561 0.21091 1.37565 4.88781e-39 3
-0.483428 0.20388 1.3298 5.71685e-39 3
-0.450452 0.198907 1.29737 6.731e-39 3
-0.399998 0.185346 1.20891 6.91539e-39 3
-0.411426 0.200538 1.308 5.71685e-39 3
-0.368901 0.189656 1.23702 4.42611e-39 3
-0.351425 0.191138 1.24669 4.61014e-39 3
-0.316244 0.182579 1.19087 5.34699e-39 3
-0.292433 0.179894 1.17335 5.07113e-39 3
-0.273273 0.179894 1.17335 4.15025e-39 3
-0.254112 0.179894 1.17335 4.42611e-39 3
-0.242072 0.185346 1.20891 4.60907e-39 3
-0.407607 0.3398 2.21633 5.53102e-39 3
-0.371416 0.3398 2.21633 4.79417e-39 3
-0.330632 0.335145 2.18597 3.68782e-39 3
-0.303245 0.344586 2.24755 4.05733e-39 3
-0.270351 0.349509 2.27966 5.80904e-39 3
-0.229842 0.344586 2.24755 6.3615e-39 3
-0.201662 0.359788 2.34671 4.33319e-39 3
-0.170881 0.376394 2.45501 5.25515e-39 3
-0.144093 0.414671 2.70468 4.51759e-39 3
-0.10165 0.421821 2.75131 5.34771e-39 3
-0.0557611 0.414671 2.70468 4.98001e-39 3
-0.0114021 0.40776 2.6596 4.88673e-39 3
0.123558 0.202195 1.31881 4.05912e-39 3
0.139336 0.194172 1.26648 5.25695e-39 3
0.161297 0.195725 1.27661 4.61157e-39 3
0.185105 0.198907 1.29737 5.53353e-39 3
0.201379 0.194172 1.26648 4.98036e-39 3
0.285505 0.249649 1.62833 5.53318e-39 3
0.368497 0.294766 1.9226 5.81012e-39 3
0.381506 0.281214 1.83421 4.51938e-39 3
0.384912 0.263071 1.71587 5.71685e-39 3
0.412931 0.263071 1.71587 4.51902e-39 3
0.347529 0.207336 1.35234 4.51938e-39 3
0.445043 0.249649 1.62833 4.88816e-39 3
0.466868 0.247127 1.61188 5.34914e-39 3
0.493189 0.247127 1.61188 4.88853e-39 3
0.524811 0.249649 1.62833 4.42755e-39 3
0.551401 0.249649 1.62833 4.51758e-39 3
0.514937 0.222415 1.45069 5.80832e-39 3
0.553728 0.228651 1.49136 4.33499e-39 3
0.547386 0.21651 1.41218 3.59707e-39 3
0.575539 0.218443 1.42479 5.07148e-39 3
0.6327 0.230808 1.50543 4.33391e-39 3
0.72575 0.25485 1.66225 4.79489e-39 3
0.752893 0.25485 1.66225 4.24207e-39 3
0.870739 0.284484 1.85553 3.78109e-39 3
0.944992 0.298361 1.94605 4.51722e-39 3
1.08237 0.330616 2.15643 4.42503e-39 3
1.14862 0.3398 2.21633 5.25515e-39 3
1.25451 0.359788 2.34671 3.87293e-39 3
1.29283 0.359788 2.34671 3.68818e-39 3
1.33115 0.359788 2.34671 3.31868e-39 3
1.36947 0.359788 2.34671 3.96441e-39 3
1.40779 0.359788 2.34671 3.87222e-39 3
1.40479 0.349509 2.27966 2.85843e-39 3
1.40196 0.3398 2.21633 3.04282e-39 3
1.26277 0.298361 1.94605 2.76588e-39 3
1.20628 0.278018 1.81336 3.96478e-39 3
1.23589 0.278018 1.81336 3.50308e-39 3
3.96872 0.76455 4.98675 2.85878e-39 3
2.4924 0.470493 3.06877 3.68782e-39 3
2.2795 0.421821 2.75131 2.8577e-39 3
2.10651 0.382275 2.49337 2.48892e-39 3
2.02092 0.359788 2.34671 2.48856e-39 3
2.0004 0.349509 2.27966 2.76516e-39 3
1.69802 0.291257 1.89971 1.93504e-39 3
1.57282 0.260273 1.69762 2.11979e-39 3
1.5672 0.25485 1.66225 3.22613e-39 3
1.41719 0.226533 1.47756 2.76407e-39 3
1.16166 0.182579 1.19087 3.22541e-39 3
1.16374 0.179894 1.17335 3.04101e-39 3
1.08699 0.165308 1.07822 2.21233e-39 3
1.1046 0.165308 1.07822 1.47513e-39 3
1.02861 0.149181 0.973024 3.31905e-39 3
0.973281 0.139009 0.906682 2.48857e-39 3
0.934964 0.131536 0.857935 2.30345e-39 3
0.919318 0.127425 0.831125 3.22504e-39 3
0.93289 0.127425 0.831125 3.13249e-39 3
-2.02392 0.410173 2.41782 4.51759e-39 3
-1.55921 0.322279 1.89971 3.96441e-39 3
-0.761708 0.182915 1.07822 4.0584e-39 3
-0.749163 0.184159 1.08555 4.88709e-39 3
-0.695984 0.184159 1.08555 4.97856e-39 3
-0.722492 0.19617 1.15635 4.79417e-39 3
-0.626439 0.174654 1.02952 4.70126e-39 3
-0.617597 0.176937 1.04298 7.65008e-39 3
-0.612577 0.180476 1.06384 7.83447e-39 3
-0.579745 0.175788 1.03621 8.11178e-39 3
-0.559193 0.174654 1.02952 8.20397e-39 3
-0.538905 0.173535 1.02292 7.6508e-39 3
-0.53244 0.176937 1.04298 6.63665e-39 3
-0.515409 0.176937 1.04298 5.16224e-39 3
-0.495142 0.175788 1.03621 2.67367e-39 3
-0.481347 0.176937 1.04298 3.59563e-39 3
-0.470465 0.179281 1.05679 3.59563e-39 3
-0.633652 0.250661 1.47756 4.14952e-39 3
-0.598442 0.246104 1.45069 7.28417e-39 3
-0.509862 0.218318 1.2869 4.98e-39 3
-0.484937 0.216571 1.27661 4.88781e-39 3
-0.475503 0.221897 1.308 6.6388e-39 3
-0.436264 0.213161 1.2565 5.34807e-39 3
-0.394028 0.202025 1.19087 6.54661e-39 3
-0.411426 0.221897 1.308 6.8232e-39 3
-0.371783 0.211495 1.24669 4.88709e-39 3
-0.351425 0.211495 1.24669 6.36222e-39 3
-0.316244 0.202025 1.19087 5.2548e-39 3
-0.292433 0.199054 1.17335 4.88673e-39 3
-0.277351 0.202025 1.19087 5.1644e-39 3
-0.261813 0.205086 1.20891 5.16367e-39 3
-0.242072 0.205086 1.20891 4.33248e-39 3
-0.407607 0.375992 2.21633 3.13465e-39 3
-0.393264 0.398109 2.34671 5.53174e-39 3
-0.339946 0.381287 2.24755 5.34806e-39 3
-0.316623 0.398109 2.34671 5.62465e-39 3
-0.278303 0.398109 2.34671 5.71685e-39 3
-0.243564 0.404051 2.38173 6.73099e-39 3
-0.221178 0.436635 2.57381 5.80832e-39 3
-0.185121 0.45119 2.6596 4.88708e-39 3
-0.146577 0.466748 2.75131 5.53246e-39 3
-0.0999269 0.458837 2.70468 4.7027e-39 3
-0.0557611 0.458837 2.70468 6.27074e-39 3
0.077912 0.216571 1.27661 5.44026e-39 3
0.102873 0.225595 1.3298 5.62573e-39 3
0.125635 0.227491 1.34097 5.99523e-39 3
0.135049 0.208242 1.22751 5.90232e-39 3
0.158757 0.213161 1.2565 5.62573e-39 3
0.183612 0.218318 1.2869 5.62573e-39 3
0.239374 0.255391 1.50543 5.16475e-39 3
0.358711 0.347069 2.04585 5.0722e-39 3
0.283197 0.250661 1.47756 6.08707e-39 3
0.28128 0.229419 1.35234 5.16475e-39 3
0.303363 0.229419 1.35234 5.53245e-39 3
0.309698 0.218318 1.2869 5.16475e-39 3
0.330713 0.218318 1.2869 6.27002e-39 3
0.449631 0.279087 1.64511 4.98035e-39 3
0.385166 0.225595 1.3298 4.24279e-39 3
0.493189 0.273448 1.61188 4.42719e-39 3
0.524811 0.276239 1.62833 4.15024e-39 3
0.551401 0.276239 1.62833 4.88708e-39 3
0.472026 0.225595 1.3298 4.14916e-39 3
0.49374 0.225595 1.3298 4.33499e-39 3
0.515455 0.225595 1.3298 4.24279e-39 3
0.532731 0.223731 1.31881 5.07255e-39 3
0.578157 0.233374 1.37565 5.71685e-39 3
0.657283 0.255391 1.50543 4.33391e-39 3
0.634016 0.237468 1.39979 4.24207e-39 3
0.764118 0.276239 1.62833 5.53281e-39 3
0.807181 0.281994 1.66225 4.14916e-39 3
0.910172 0.30763 1.81336 3.13429e-39 3
1.00855 0.330139 1.94605 5.53174e-39 3
1.06633 0.338392 1.9947 4.33319e-39 3
1.12708 0.347069 2.04585 5.07076e-39 3
1.13148 0.338392 1.9947 4.14844e-39 3
1.10862 0.322279 1.89971 3.59563e-39 3
1.13964 0.322279 1.89971 3.13465e-39 3
1.19921 0.330139 1.94605 3.68819e-39 3
1.23099 0.330139 1.94605 3.78039e-39 3
1.2327 0.322279 1.89971 2.21306e-39 3
1.26373 0.322279 1.89971 3.22721e-39 3
1.23589 0.30763 1.81336 2.30454e-39 3
1.26551 0.30763 1.81336 3.50344e-39 3
1.89227 0.36583 2.15643 3.59491e-39 3
1.62084 0.30763 1.81336 2.39637e-39 3
1.54006 0.281994 1.66225 1.65917e-39 3
1.59434 0.281994 1.66225 2.85735e-39 3
1.44132 0.250661 1.47756 2.67295e-39 3
1.46545 0.250661 1.47756 2.30453e-39 3
0.973281 0.153815 0.906682 2.85735e-39 3
0.934964 0.145545 0.857935 2.58004e-39 3
0.948973 0.145545 0.857935 3.13249e-39 3
0.962983 0.145545 0.857935 2.57932e-39 3
-1.48421 0.329746 1.77307 4.79489e-39 3
-0.835786 0.215052 1.15635 5.34807e-39 3
-0.741663 0.195245 1.04984 5.34807e-39 3
-0.72452 0.195245 1.04984 4.88709e-39 3
-0.672007 0.185482 0.99735 4.24028e-39 3
-0.685722 0.193968 1.04298 5.4381e-39 3
-0.66869 0.193968 1.04298 5.07004e-39 3
-0.623149 0.185482 0.99735 7.19054e-39 3
-0.61068 0.186649 1.00362 7.09691e-39 3
-0.601862 0.189027 1.01641 7.92559e-39 3
-0.600565 0.193968 1.04298 8.84755e-39 3
-0.572312 0.190238 1.02292 7.00471e-39 3
-0.555609 0.190238 1.02292 4.51615e-39 3
-0.535472 0.189027 1.01641 3.59491e-39 3
-0.52557 0.191466 1.02952 2.58148e-39 3
-0.512062 0.192709 1.03621 4.42539e-39 3
-0.491947 0.191466 1.02952 4.0566e-39 3
-0.475136 0.191466 1.02952 6.17746e-39 3
-0.4613 0.192709 1.03621 5.71648e-39 3
-0.622131 0.269793 1.45069 6.91539e-39 3
-0.598442 0.269793 1.45069 5.44026e-39 3
-0.574754 0.269793 1.45069 6.63952e-39 3
-0.452367 0.221471 1.19087 6.82392e-39 3
-0.460407 0.235533 1.26648 5.90196e-39 3
-0.477634 0.255838 1.37565 5.99343e-39 3
-0.447456 0.251502 1.35234 5.90196e-39 3
-0.411426 0.243256 1.308 4.51902e-39 3
-0.371783 0.231853 1.24669 5.25695e-39 3
-0.346019 0.228286 1.22751 2.67547e-39 3
-0.316244 0.221471 1.19087 4.97856e-39 3
-0.292433 0.218215 1.17335 2.02867e-39 3
-0.277351 0.221471 1.19087 2.39853e-39 3
-0.257905 0.221471 1.19087 3.68854e-39 3
-0.242072 0.224827 1.20891 4.51758e-39 3
-0.229279 0.231853 1.24669 5.62465e-39 3
-0.371416 0.412183 2.21633 5.62465e-39 3
-0.335224 0.412183 2.21633 5.44098e-39 3
-0.299033 0.412183 2.21633 5.34807e-39 3
-0.291148 0.456572 2.45501 5.62465e-39 3
-0.254982 0.463706 2.49337 5.90159e-39 3
-0.24058 0.520652 2.79958 6.36221e-39 3
-0.188259 0.503003 2.70468 5.80976e-39 3
-0.12881 0.449654 2.41782 4.88781e-39 3
-0.0921201 0.463706 2.49337 5.44134e-39 3
-0.053063 0.478664 2.57381 5.62465e-39 3
0.0557283 0.231853 1.24669 6.08671e-39 3
0.0772937 0.235533 1.26648 6.6388e-39 3
0.103738 0.249388 1.34097 6.6388e-39 3
0.1267 0.251502 1.35234 7.10085e-39 3
0.132003 0.223137 1.19982 5.71864e-39 3
0.151595 0.223137 1.19982 6.0867e-39 3
0.180698 0.235533 1.26648 6.73207e-39 3
0.234942 0.274789 1.47756 6.0867e-39 3
0.254359 0.269793 1.45069 6.54768e-39 3
0.263666 0.255838 1.37565 5.53425e-39 3
0.395131 0.3533 1.89971 6.45549e-39 3
0.411458 0.341117 1.83421 6.17782e-39 3
0.309698 0.239332 1.2869 6.73208e-39 3
0.325463 0.235533 1.26648 5.62465e-39 3
0.459096 0.312391 1.67975 5.625e-39 3
0.372742 0.239332 1.2869 6.54768e-39 3
0.381451 0.231853 1.24669 5.71792e-39 3
0.401809 0.231853 1.24669 5.34914e-39 3
0.397333 0.218215 1.17335 6.17782e-39 3
0.425888 0.223137 1.19982 5.90159e-39 3
0.473991 0.237417 1.27661 4.51938e-39 3
0.502883 0.241278 1.29737 5.62573e-39 3
0.532731 0.245266 1.31881 5.07255e-39 3
0.563582 0.249388 1.34097 5.71684e-39 3
0.5806 0.24731 1.3298 3.68854e-39 3
0.617759 0.253651 1.3639 4.42646e-39 3
0.64003 0.253651 1.3639 4.4261e-39 3
0.668011 0.255838 1.37565 4.51758e-39 3
0.834324 0.309137 1.66225 4.241e-39 3
0.898923 0.322578 1.73452 4.51795e-39 3
0.927247 0.322578 1.73452 4.51759e-39 3
0.95557 0.322578 1.73452 5.43954e-39 3
0.983894 0.322578 1.73452 5.25479e-39 3
0.970042 0.309137 1.66225 3.96441e-39 3
1.06366 0.329746 1.77307 2.85806e-39 3
1.17066 0.3533 1.89971 3.68854e-39 3
1.23099 0.361917 1.94605 4.79454e-39 3
1.26277 0.361917 1.94605 5.07113e-39 3
1.26373 0.3533 1.89971 3.596e-39 3
1.26464 0.345084 1.85553 4.14881e-39 3
1.29494 0.345084 1.85553 3.87222e-39 3
1.48577 0.309137 1.66225 4.05661e-39 3
1.39654 0.285358 1.53438 3.96441e-39 3
1.50863 0.302828 1.62833 3.04246e-39 3
1.5672 0.309137 1.66225 4.05661e-39 3
1.62827 0.315715 1.69762 3.8715e-39 3
1.69199 0.322578 1.73452 2.58148e-39 3
0.919318 0.154569 0.831125 3.31689e-39 3
-0.768924 0.21522 1.06384 5.43954e-39 3
-0.741663 0.212388 1.04984 4.42575e-39 3
-0.719784 0.211 1.04298 6.3615e-39 3
-0.651644 0.195654 0.967127 6.54445e-39 3
-0.676874 0.208277 1.02952 7.74299e-39 3
-0.660062 0.208277 1.02952 7.1909e-39 3
-0.61168 0.198055 0.978994 7.18982e-39 3
-0.588473 0.195654 0.967127 7.18802e-39 3
-0.57268 0.195654 0.967127 7.28022e-39 3
-0.574291 0.201769 0.99735 6.08276e-39 3
-0.558004 0.201769 0.99735 4.51579e-39 3
-0.53503 0.199278 0.985037 3.78002e-39 3
-0.518945 0.199278 0.985037 6.17711e-39 3
-0.515591 0.204323 1.00997 4.88709e-39 3
-0.512062 0.20963 1.03621 7.28417e-39 3
-0.488794 0.206942 1.02292 6.91539e-39 3
-0.47209 0.206942 1.02292 6.73063e-39 3
-0.458324 0.208277 1.02952 6.26966e-39 3
-0.447284 0.211 1.04298 7.65295e-39 3
-0.598442 0.293481 1.45069 7.83735e-39 3
-0.607912 0.310413 1.53438 5.44098e-39 3
-0.582857 0.310413 1.53438 6.08707e-39 3
-0.547277 0.304556 1.50543 6.17855e-39 3
-0.522694 0.304556 1.50543 6.82392e-39 3
-0.479998 0.293481 1.45069 6.54733e-39 3
-0.425373 0.273584 1.35234 5.62537e-39 3
-0.390067 0.264614 1.308 5.53353e-39 3
-0.351425 0.252211 1.24669 6.82427e-39 3
-0.316244 0.240918 1.19087 6.91467e-39 3
-0.296797 0.240918 1.19087 7.65296e-39 3
-0.277351 0.240918 1.19087 7.83807e-39 3
-0.231547 0.233934 1.15635 5.99343e-39 3
-0.212665 0.233934 1.15635 5.90232e-39 3
-0.17828 0.21522 1.06384 5.53318e-39 3
-0.165316 0.221116 1.09299 6.36366e-39 3
-0.156017 0.233934 1.15635 5.53245e-39 3
-0.197131 0.336281 1.66225 7.19197e-39 3
-0.214721 0.424776 2.09968 6.45548e-39 3
-0.180435 0.424776 2.09968 6.2711e-39 3
-0.158675 0.461185 2.27966 5.5339e-39 3
-0.125022 0.474749 2.34671 5.3495e-39 3
-0.0921201 0.504421 2.49337 6.45549e-39 3
0.0348264 0.24833 1.22751 6.08635e-39 3
0.0540395 0.244568 1.20891 5.34914e-39 3
0.076086 0.252211 1.24669 7.19305e-39 3
0.0964436 0.252211 1.24669 7.09978e-39 3
0.116801 0.252211 1.24669 7.8377e-39 3
0.139336 0.256214 1.26648 7.37816e-39 3
0.165263 0.264614 1.308 6.91646e-39 3
0.186622 0.264614 1.308 6.54768e-39 3
0.211447 0.269025 1.3298 5.62573e-39 3
0.241202 0.278301 1.37565 6.54768e-39 3
0.259197 0.273584 1.35234 6.36401e-39 3
0.404769 0.393695 1.94605 6.63988e-39 3
0.284102 0.256214 1.26648 6.36221e-39 3
0.231341 0.194476 0.961301 5.81012e-39 3
0.2612 0.205624 1.01641 7.00794e-39 3
0.288836 0.213794 1.05679 8.02173e-39 3
0.334927 0.233934 1.15635 7.00758e-39 3
0.339068 0.224187 1.10817 6.82355e-39 3
0.370011 0.232252 1.14803 7.28525e-39 3
0.397333 0.237375 1.17335 5.25694e-39 3
0.42271 0.240918 1.19087 6.82355e-39 3
0.466526 0.254197 1.2565 5.44026e-39 3
0.498828 0.260346 1.2869 6.0867e-39 3
0.532731 0.266801 1.31881 4.61157e-39 3
0.558885 0.269025 1.3298 6.17782e-39 3
0.571082 0.264614 1.308 6.82319e-39 3
0.607376 0.271285 1.34097 4.70269e-39 3
0.656873 0.283184 1.39979 4.33391e-39 3
0.656689 0.273584 1.35234 4.05732e-39 3
0.715135 0.288241 1.42479 4.88709e-39 3
0.861468 0.336281 1.66225 4.88673e-39 3
0.870476 0.329418 1.62833 4.97857e-39 3
0.915755 0.336281 1.66225 4.60978e-39 3
0.923656 0.329418 1.62833 5.34698e-39 3
0.970042 0.336281 1.66225 6.3615e-39 3
0.997186 0.336281 1.66225 4.05661e-39 3
1.36577 0.448374 2.21633 3.96513e-39 3
1.57721 0.504421 2.49337 3.96513e-39 3
1.61792 0.504421 2.49337 4.14917e-39 3
1.65864 0.504421 2.49337 3.59599e-39 3
0.863637 0.233934 1.15635 3.8715e-39 3
0.882519 0.233934 1.15635 5.80832e-39 3
1.25117 0.283184 1.39979 3.78002e-39 3
1.27403 0.283184 1.39979 4.79489e-39 3
1.47845 0.32283 1.59576 2.76659e-39 3
1.5672 0.336281 1.66225 3.68783e-39 3
1.66366 0.350902 1.73452 3.22685e-39 3
0.973281 0.183426 0.906682 2.21163e-39 3
0.905746 0.16814 0.831125 2.39602e-39 3
-0.644349 0.194909 0.891486 6.26967e-39 3
-0.647889 0.20051 0.917103 5.90089e-39 3
-0.667436 0.211447 0.967127 6.73028e-39 3
-0.640007 0.207671 0.949857 5.43882e-39 3
-0.664022 0.220815 1.00997 7.5586e-39 3
-0.647529 0.220815 1.00997 7.00543e-39 3
-0.60795 0.212736 0.973024 9.95497e-39 3
-0.588473 0.211447 0.967127 8.57204e-39 3
-0.565822 0.208915 0.955545 6.54373e-39 3
-0.553533 0.210173 0.961301 3.31725e-39 3
-0.547734 0.214041 0.978994 6.63737e-39 3
-0.519012 0.208915 0.955545 6.17783e-39 3
-0.568035 0.235735 1.07822 6.54733e-39 3
-0.543089 0.232592 1.06384 5.99416e-39 3
-0.525717 0.232592 1.06384 7.28489e-39 3
-0.495142 0.22655 1.03621 6.17782e-39 3
-0.478221 0.22655 1.03621 6.91574e-39 3
-0.458324 0.225089 1.02952 6.08562e-39 3
-0.44438 0.22655 1.03621 7.46784e-39 3
-0.609525 0.323044 1.47756 7.65296e-39 3
-0.619832 0.342046 1.56447 6.36366e-39 3
-0.631428 0.363424 1.66225 6.82463e-39 3
-0.604285 0.363424 1.66225 5.99487e-39 3
-0.554055 0.348887 1.59576 5.71829e-39 3
-0.527998 0.348887 1.59576 7.28561e-39 3
-0.456309 0.31717 1.45069 7.1927e-39 3
-0.396568 0.29074 1.3298 7.28417e-39 3
-0.33569 0.260364 1.19087 7.28525e-39 3
-0.311593 0.256535 1.17335 6.2711e-39 3
-0.188655 0.1771 0.81003 7.74587e-39 3
-0.178141 0.179839 0.822557 7.74587e-39 3
-0.197244 0.215363 0.985037 6.54768e-39 3
-0.183423 0.218055 0.99735 7.46964e-39 3
-0.142244 0.185578 0.848808 6.1789e-39 3
-0.129764 0.187574 0.857935 6.45513e-39 3
-0.143536 0.232592 1.06384 5.80976e-39 3
-0.121782 0.260364 1.19087 6.73208e-39 3
-0.145883 0.371157 1.69762 8.11573e-39 3
-0.146148 0.459062 2.09968 6.27289e-39 3
-0.125022 0.51307 2.34671 7.10157e-39 3
0.0342988 0.264309 1.20891 5.90232e-39 3
0.0540395 0.264309 1.20891 7.83734e-39 3
0.0737803 0.264309 1.20891 7.19198e-39 3
0.0949599 0.268375 1.22751 8.11393e-39 3
0.116801 0.272568 1.24669 8.48271e-39 3
0.137159 0.272568 1.24669 7.47e-39 3
0.157517 0.272568 1.24669 7.74694e-39 3
0.177874 0.272568 1.24669 7.83914e-39 3
0.198232 0.272568 1.24669 7.74623e-39 3
0.225641 0.281361 1.2869 8.57599e-39 3
0.246655 0.281361 1.2869 7.65439e-39 3
0.255316 0.268375 1.22751 8.29832e-39 3
0.22373 0.218055 0.99735 7.19161e-39 3
0.234162 0.212736 0.973024 6.73207e-39 3
0.25471 0.2167 0.991155 7.83878e-39 3
0.28506 0.228031 1.04298 7.46892e-39 3
0.344925 0.260364 1.19087 7.09978e-39 3
0.35381 0.252817 1.15635 7.74623e-39 3
0.367368 0.249205 1.13983 7.10086e-39 3
0.406295 0.262321 1.19982 7.19305e-39 3
0.429114 0.264309 1.20891 6.6388e-39 3
0.466526 0.274714 1.2565 6.73099e-39 3
0.49091 0.276895 1.26648 7.00758e-39 3
0.519842 0.281361 1.2869 8.02173e-39 3
0.532272 0.276895 1.26648 8.29832e-39 3
0.552952 0.276895 1.26648 7.09978e-39 3
0.51627 0.249205 1.13983 7.83734e-39 3
0.520025 0.242283 1.10817 6.82319e-39 3
0.472496 0.212736 0.973024 5.44026e-39 3
0.741621 0.323044 1.47756 5.5321e-39 3
0.843887 0.356008 1.62833 5.99308e-39 3
0.83634 0.342046 1.56447 4.14917e-39 3
0.897066 0.356008 1.62833 4.33391e-39 3
0.923656 0.356008 1.62833 3.68746e-39 3
0.950245 0.356008 1.62833 4.88601e-39 3
0.997186 0.363424 1.66225 5.53137e-39 3
1.89107 0.670937 3.06877 5.43954e-39 3
1.94118 0.670937 3.06877 5.25515e-39 3
1.61792 0.545137 2.49337 5.53174e-39 3
1.65864 0.545137 2.49337 4.241e-39 3
0.820958 0.245695 1.12377 5.71613e-39 3
0.805283 0.235735 1.07822 4.88565e-39 3
0.822889 0.235735 1.07822 4.97785e-39 3
0.829289 0.232592 1.06384 3.50415e-39 3
1.15027 0.281361 1.2869 4.33319e-39 3
1.39654 0.335469 1.53438 2.2127e-39 3
1.50863 0.356008 1.62833 3.04317e-39 3
1.5672 0.363424 1.66225 2.76623e-39 3
1.73928 0.396463 1.81336 3.5038e-39 3
0.954517 0.20051 0.917103 4.23956e-39 3
0.926877 0.191696 0.876791 2.58076e-39 3
0.892174 0.181712 0.831125 2.94919e-39 3
-0.6201 0.201583 0.857935 5.80977e-39 3
-0.679113 0.225871 0.961301 6.17747e-39 3
-0.550635 0.187473 0.79788 4.97856e-39 3
-0.527065 0.183797 0.782235 6.63737e-39 3
-0.514291 0.183797 0.782235 7.55932e-39 3
-0.594823 0.217991 0.927767 7.92811e-39 3
-0.496039 0.18654 0.79391 6.36006e-39 3
-0.584928 0.225871 0.961301 5.99128e-39 3
-0.576172 0.228625 0.973024 5.62214e-39 3
-0.574291 0.234341 0.99735 6.63629e-39 3
-0.565068 0.237307 1.00997 5.90052e-39 3
-0.555609 0.24035 1.02292 6.731e-39 3
-0.538905 0.24035 1.02292 7.28561e-39 3
-0.515591 0.237307 1.00997 6.27074e-39 3
-0.499099 0.237307 1.00997 6.73172e-39 3
-0.495142 0.243471 1.03621 8.20612e-39 3
-0.484513 0.246675 1.04984 8.66818e-39 3
-0.458324 0.2419 1.02952 8.20612e-39 3
-0.438682 0.24035 1.02292 7.46784e-39 3
-0.685715 0.390568 1.66225 7.46856e-39 3
-0.672584 0.398878 1.69762 6.36366e-39 3
-0.631428 0.390568 1.66225 8.11537e-39 3
-0.604285 0.390568 1.66225 6.36401e-39 3
-0.577141 0.390568 1.66225 6.36366e-39 3
-0.527998 0.374945 1.59576 8.11537e-39 3
-0.234425 0.184702 0.786089 8.29833e-39 3
-0.222685 0.185616 0.78998 6.45585e-39 3
-0.210829 0.18654 0.79391 8.2994e-39 3
-0.196885 0.185616 0.78998 8.3916e-39 3
-0.184901 0.18654 0.79391 5.81012e-39 3
-0.174542 0.189366 0.805939 6.82427e-39 3
-0.163864 0.19228 0.818338 8.2994e-39 3
-0.164875 0.210643 0.896494 8.76038e-39 3
-0.141492 0.198384 0.844317 7.93062e-39 3
-0.129764 0.201583 0.857935 7.56148e-39 3
-0.114523 0.199439 0.848808 7.74659e-39 3
-0.0985656 0.195284 0.831125 8.48379e-39 3
-0.105966 0.243471 1.03621 7.74623e-39 3
-0.100831 0.275695 1.17335 8.39339e-39 3
-0.118162 0.398878 1.69762 7.37888e-39 3
0.0348264 0.288419 1.22751 8.39231e-39 3
0.0540395 0.284049 1.20891 8.7593e-39 3
0.0737803 0.284049 1.20891 8.02174e-39 3
0.0949599 0.288419 1.22751 8.20613e-39 3
0.115004 0.288419 1.22751 8.02174e-39 3
0.133003 0.284049 1.20891 8.66854e-39 3
0.148251 0.275695 1.17335 8.6689e-39 3
0.167411 0.275695 1.17335 8.39231e-39 3
0.186571 0.275695 1.17335 7.93062e-39 3
0.189051 0.253341 1.07822 8.2994e-39 3
0.203902 0.249963 1.06384 7.65403e-39 3
0.221274 0.249963 1.06384 7.56076e-39 3
0.21695 0.22724 0.967127 8.57491e-39 3
0.229956 0.224518 0.955545 7.28525e-39 3
0.245559 0.224518 0.955545 6.82534e-39 3
0.261163 0.224518 0.955545 8.57526e-39 3
0.267167 0.216731 0.922404 8.39052e-39 3
0.325505 0.249963 1.06384 8.11501e-39 3
0.338365 0.246675 1.04984 8.39159e-39 3
0.342008 0.237307 1.00997 7.46964e-39 3
0.354019 0.234341 0.99735 7.56075e-39 3
0.3798 0.24035 1.02292 8.48271e-39 3
0.401654 0.243471 1.03621 6.6388e-39 3
0.511591 0.297576 1.26648 7.37636e-39 3
0.459358 0.256812 1.09299 8.11393e-39 3
0.483833 0.260379 1.10817 7.00758e-39 3
0.435408 0.225871 0.961301 7.28417e-39 3
0.448404 0.224518 0.955545 7.00758e-39 3
0.496727 0.24035 1.02292 5.99343e-39 3
0.473936 0.221861 0.944237 4.70234e-39 3
0.551339 0.249963 1.06384 5.53246e-39 3
0.636617 0.27981 1.19087 3.68927e-39 3
0.829363 0.353722 1.50543 6.26967e-39 3
0.675509 0.27981 1.19087 3.31868e-39 3
0.612658 0.246675 1.04984 6.36113e-39 3
0.629801 0.246675 1.04984 5.07111e-39 3
0.585331 0.223182 0.949857 3.59563e-39 3
0.586868 0.217991 0.927767 4.6105e-39 3
0.602018 0.217991 0.927767 4.33319e-39 3
0.617168 0.217991 0.927767 4.70198e-39 3
0.632318 0.217991 0.927767 7.28346e-39 3
0.687435 0.231448 0.985037 7.74444e-39 3
0.721331 0.237307 1.00997 6.26931e-39 3
0.787676 0.253341 1.07822 5.25515e-39 3
0.805283 0.253341 1.07822 5.16224e-39 3
0.822889 0.253341 1.07822 4.97785e-39 3
0.818378 0.246675 1.04984 4.60978e-39 3
0.835521 0.246675 1.04984 5.07148e-39 3
0.715741 0.195284 0.831125 3.68747e-39 3
1.07714 0.288419 1.22751 5.07076e-39 3
1.09718 0.288419 1.22751 3.96441e-39 3
1.48204 0.382597 1.62833 4.70198e-39 3
1.54006 0.390568 1.66225 3.96513e-39 3
1.5672 0.390568 1.66225 4.14917e-39 3
1.77973 0.435983 1.85553 3.87366e-39 3
0.954517 0.215486 0.917103 3.8715e-39 3
0.926877 0.206014 0.876791 3.22613e-39 3
0.901566 0.19734 0.839874 3.13358e-39 3
-0.642711 0.182274 0.725345 6.17782e-39 3
-0.619601 0.179019 0.712393 6.08563e-39 3
-0.599752 0.199504 0.79391 6.54661e-39 3
-0.581006 0.197538 0.786089 5.53246e-39 3
-0.554512 0.19279 0.767192 7.46821e-39 3
-0.544603 0.193721 0.770898 4.42576e-39 3
-0.534597 0.194662 0.774641 4.05733e-39 3
-0.519426 0.193721 0.770898 5.07076e-39 3
-0.509298 0.194662 0.774641 3.22757e-39 3
-0.509003 0.199504 0.79391 2.85806e-39 3
-0.491152 0.197538 0.786089 4.241e-39 3
-0.478316 0.197538 0.786089 5.71541e-39 3
-0.555837 0.235884 0.938682 7.37493e-39 3
-0.473642 0.206703 0.822557 5.80832e-39 3
-0.544395 0.244514 0.973024 6.731e-39 3
-0.528506 0.244514 0.973024 7.00831e-39 3
-0.512617 0.244514 0.973024 5.90268e-39 3
-0.496728 0.244514 0.973024 6.45513e-39 3
-0.480839 0.244514 0.973024 5.53318e-39 3
-0.47069 0.247533 0.985037 5.71684e-39 3
-0.47209 0.257053 1.02292 5.25694e-39 3
-0.46737 0.263818 1.04984 6.17782e-39 3
-0.475239 0.278474 1.10817 7.28345e-39 3
-0.55787 0.339833 1.35234 8.11393e-39 3
-0.658572 0.417712 1.66225 6.73172e-39 3
-0.631428 0.417712 1.66225 8.2994e-39 3
-0.604285 0.417712 1.66225 7.74623e-39 3
-0.554055 0.401003 1.59576 7.93062e-39 3
-0.293332 0.222779 0.886533 7.74694e-39 3
-0.246049 0.19657 0.782235 6.91646e-39 3
-0.247855 0.208856 0.831125 6.1789e-39 3
-0.220502 0.19657 0.782235 7.83879e-39 3
-0.209785 0.198516 0.78998 7.65368e-39 3
-0.195916 0.197538 0.786089 7.65403e-39 3
-0.183079 0.197538 0.786089 7.37745e-39 3
-0.171937 0.199504 0.79391 8.11501e-39 3
-0.161381 0.202527 0.805939 7.28597e-39 3
-0.149733 0.204593 0.814163 8.48451e-39 3
-0.139281 0.208856 0.831125 7.10157e-39 3
-0.12907 0.21444 0.853347 6.64024e-39 3
-0.113917 0.212171 0.844317 7.83879e-39 3
-0.122887 0.260392 1.03621 7.19305e-39 3
-0.101993 0.250627 0.99735 8.2994e-39 3
-0.0797269 0.233141 0.927767 8.11681e-39 3
-0.0610289 0.220331 0.876791 8.11537e-39 3
0.133003 0.30379 1.20891 8.20757e-39 3
0.148251 0.294855 1.17335 8.30012e-39 3
0.167411 0.294855 1.17335 9.22207e-39 3
0.176206 0.278474 1.10817 9.22136e-39 3
0.179356 0.257053 1.02292 9.12916e-39 3
0.168979 0.221549 0.881635 8.94369e-39 3
0.179411 0.216758 0.862573 9.12916e-39 3
0.214352 0.240122 0.955545 9.22136e-39 3
0.229956 0.240122 0.955545 9.68125e-39 3
0.245559 0.240122 0.955545 9.4983e-39 3
0.283209 0.260392 1.03621 9.22063e-39 3
0.30013 0.260392 1.03621 9.22028e-39 3
0.305161 0.250627 0.99735 8.29976e-39 3
0.321447 0.250627 0.99735 7.46964e-39 3
0.337733 0.250627 0.99735 7.10086e-39 3
0.349649 0.247533 0.985037 7.37637e-39 3
0.370305 0.250627 0.99735 7.83734e-39 3
0.396504 0.257053 1.02292 6.63808e-39 3
0.418574 0.260392 1.03621 6.54661e-39 3
0.387666 0.231794 0.922404 7.56076e-39 3
0.407439 0.234505 0.933193 6.45513e-39 3
0.425163 0.235884 0.938682 6.54661e-39 3
0.437916 0.234505 0.933193 6.8232e-39 3
0.447915 0.231794 0.922404 7.74515e-39 3
0.460317 0.230462 0.917103 8.11358e-39 3
0.47804 0.231794 0.922404 8.29833e-39 3
0.533167 0.250627 0.99735 7.1927e-39 3
0.549453 0.250627 0.99735 7.37709e-39 3
0.53246 0.235884 0.938682 6.63809e-39 3
0.535196 0.230462 0.917103 6.17746e-39 3
0.531832 0.222779 0.886533 4.88672e-39 3
0.546309 0.222779 0.886533 5.625e-39 3
0.560785 0.222779 0.886533 7.19233e-39 3
0.575262 0.222779 0.886533 7.00722e-39 3
0.610074 0.230462 0.917103 3.41159e-39 3
0.62505 0.230462 0.917103 3.59563e-39 3
0.647468 0.233141 0.927767 3.68783e-39 3
0.712314 0.250627 0.99735 4.97857e-39 3
0.737823 0.253799 1.00997 3.41124e-39 3
0.805283 0.270948 1.07822 4.88565e-39 3
0.822889 0.270948 1.07822 5.0704e-39 3
0.818378 0.263818 1.04984 4.79417e-39 3
0.82467 0.260392 1.03621 5.43954e-39 3
0.810031 0.250627 0.99735 5.90052e-39 3
0.688598 0.208856 0.831125 4.88637e-39 3
0.674083 0.200502 0.79788 5.62358e-39 3
0.673639 0.19657 0.782235 4.60943e-39 3
0.729313 0.208856 0.831125 4.33284e-39 3
0.750705 0.211054 0.839874 4.79418e-39 3
1.48204 0.409187 1.62833 4.97856e-39 3
1.54006 0.417712 1.66225 4.14952e-39 3
1.70967 0.455685 1.81336 5.43991e-39 3
1.82211 0.477385 1.89971 2.9517e-39 3
1.85313 0.477385 1.89971 3.96586e-39 3
0.954517 0.230462 0.917103 3.31833e-39 3
0.926877 0.220331 0.876791 3.22613e-39 3
0.901566 0.211054 0.839874 3.50308e-39 3
0.91528 0.211054 0.839874 2.58113e-39 3
-0.654555 0.194119 0.725345 5.16367e-39 3
-0.642711 0.194119 0.725345 5.90124e-39 3
-0.630866 0.194119 0.725345 6.36221e-39 3
-0.619022 0.194119 0.725345 5.62465e-39 3
-0.661282 0.211416 0.78998 6.36114e-39 3
-0.707963 0.230844 0.862573 6.91323e-39 3
-0.690148 0.229603 0.857935 6.91395e-39 3
-0.672522 0.228375 0.853347 5.80832e-39 3
-0.634824 0.220134 0.822557 5.43954e-39 3
-0.605779 0.214603 0.801889 5.71685e-39 3
-0.581006 0.210375 0.786089 4.70234e-39 3
-0.536458 0.198633 0.742214 3.31941e-39 3
-0.519506 0.196802 0.735373 1.3833e-39 3
-0.509847 0.197713 0.738778 5.34807e-39 3
-0.500099 0.198633 0.742214 6.08563e-39 3
-0.487979 0.198633 0.742214 6.91647e-39 3
-0.473656 0.197713 0.738778 7.19305e-39 3
-0.463739 0.198633 0.742214 5.80904e-39 3
-0.45801 0.201444 0.752717 7.83734e-39 3
-0.472461 0.21353 0.79788 7.83734e-39 3
-0.540509 0.251212 0.938682 7.09978e-39 3
-0.525181 0.251212 0.938682 6.63952e-39 3
-0.522138 0.257266 0.961301 7.00831e-39 3
-0.506441 0.257266 0.961301 5.90268e-39 3
-0.490743 0.257266 0.961301 5.71757e-39 3
-0.46939 0.254203 0.949857 5.62537e-39 3
-0.443324 0.248291 0.927767 8.57491e-39 3
-0.40025 0.232098 0.867261 7.19305e-39 3
-0.370001 0.222428 0.831125 7.74515e-39 3
-0.332206 0.207311 0.774641 7.00687e-39 3
-0.307611 0.199561 0.745682 6.8232e-39 3
-0.295434 0.199561 0.745682 7.37709e-39 3
-0.294258 0.207311 0.774641 8.20721e-39 3
-0.292987 0.215687 0.805939 8.57598e-39 3
-0.282681 0.217888 0.814163 7.83842e-39 3
-0.272164 0.220134 0.822557 7.65475e-39 3
-0.236764 0.201444 0.752717 1.0605e-38 3
-0.240344 0.215687 0.805939 9.77453e-39 3
-0.213187 0.202399 0.756284 9.68413e-39 3
-0.203734 0.205318 0.767192 9.03768e-39 3
-0.19213 0.20631 0.770898 8.48451e-39 3
-0.179541 0.20631 0.770898 8.20792e-39 3
-0.170243 0.210375 0.786089 8.20792e-39 3
-0.158973 0.212468 0.79391 8.48451e-39 3
-0.147476 0.214603 0.801889 9.77525e-39 3
-0.136438 0.217888 0.814163 9.31427e-39 3
-0.131175 0.232098 0.867261 9.12952e-39 3
-0.128157 0.254203 0.949857 9.77489e-39 3
-0.116819 0.263618 0.985037 9.31355e-39 3
-0.0896638 0.234649 0.876791 9.40575e-39 3
-0.0745274 0.232098 0.867261 8.39339e-39 3
-0.0590811 0.22716 0.848808 9.31355e-39 3
-0.0452206 0.22716 0.848808 9.31355e-39 3
0.162652 0.273757 1.02292 9.22136e-39 3
0.174872 0.266913 0.99735 8.85257e-39 3
0.161827 0.225958 0.844317 9.31247e-39 3
0.175614 0.225958 0.844317 8.2994e-39 3
0.189401 0.225958 0.844317 8.76038e-39 3
0.237053 0.263618 0.985037 8.94369e-39 3
0.209226 0.217888 0.814163 9.7738e-39 3
0.26594 0.260403 0.973024 9.40502e-39 3
0.227684 0.210375 0.786089 9.22028e-39 3
0.297718 0.260403 0.973024 9.12952e-39 3
0.317478 0.263618 0.985037 8.76038e-39 3
0.333564 0.263618 0.985037 9.03697e-39 3
0.349649 0.263618 0.985037 1.06954e-38 3
0.365734 0.263618 0.985037 8.8515e-39 3
0.38419 0.265255 0.991155 9.31176e-39 3
0.393051 0.260403 0.973024 9.77273e-39 3
0.42447 0.270292 1.00997 9.49687e-39 3
0.41226 0.252699 0.944237 7.74587e-39 3
0.422677 0.249743 0.933193 7.83699e-39 3
0.425475 0.242648 0.906682 8.39017e-39 3
0.430496 0.237256 0.886533 7.37601e-39 3
0.444973 0.237256 0.886533 8.11393e-39 3
0.475293 0.245437 0.917103 7.46856e-39 3
0.490268 0.245437 0.917103 6.08635e-39 3
0.505244 0.245437 0.917103 6.73209e-39 3
0.514308 0.242648 0.906682 6.26967e-39 3
0.517356 0.237256 0.886533 7.83663e-39 3
0.531832 0.237256 0.886533 5.07148e-39 3
0.540305 0.234649 0.876791 6.73099e-39 3
0.554623 0.234649 0.876791 5.90231e-39 3
0.56894 0.234649 0.876791 9.12772e-39 3
0.589738 0.237256 0.886533 8.20576e-39 3
0.604215 0.237256 0.886533 5.71613e-39 3
0.640026 0.245437 0.917103 7.19126e-39 3
0.70352 0.263618 0.985037 4.79417e-39 3
0.737823 0.270292 1.00997 5.53174e-39 3
0.827652 0.29657 1.10817 5.53137e-39 3
0.857659 0.300747 1.12377 5.34698e-39 3
0.85201 0.292507 1.09299 5.99272e-39 3
0.869857 0.292507 1.09299 5.16296e-39 3
0.810031 0.266913 0.99735 4.51759e-39 3
0.688598 0.222428 0.831125 4.33319e-39 3
0.660865 0.209344 0.782235 3.596e-39 3
0.667099 0.207311 0.774641 5.43991e-39 3
0.686412 0.209344 0.782235 4.88673e-39 3
0.67599 0.202399 0.756284 5.99308e-39 3
0.756457 0.222428 0.831125 4.51759e-39 3
0.778134 0.224769 0.839874 5.25587e-39 3
1.74943 0.496582 1.85553 4.24136e-39 3
2.18653 0.610087 2.27966 4.24244e-39 3
2.35853 0.647062 2.41782 4.05697e-39 3
0.939541 0.245437 0.917103 3.0421e-39 3
0.91256 0.234649 0.876791 2.94991e-39 3
0.926877 0.234649 0.876791 3.50344e-39 3
0.930965 0.232098 0.867261 4.97856e-39 3
0.91528 0.224769 0.839874 2.76623e-39 3
0.928995 0.224769 0.839874 3.87258e-39 3
-0.6664 0.205963 0.725345 6.45441e-39 3
-0.654555 0.205963 0.725345 4.24172e-39 3
-0.642711 0.205963 0.725345 4.88709e-39 3
-0.630866 0.205963 0.725345 4.6105e-39 3
-0.648499 0.215771 0.759886 5.07148e-39 3
-0.661282 0.224316 0.78998 5.25515e-39 3
-0.700392 0.242309 0.853347 5.71469e-39 3
-0.686457 0.242309 0.853347 6.91323e-39 3
-0.668945 0.241021 0.848808 4.88637e-39 3
-0.638113 0.234777 0.826819 4.7027e-39 3
-0.605779 0.227698 0.801889 5.62465e-39 3
-0.583883 0.224316 0.78998 4.70234e-39 3
-0.529076 0.207853 0.732 5.43991e-39 3
-0.505528 0.203192 0.715587 9.03661e-39 3
-0.496067 0.204108 0.718811 9.40539e-39 3
-0.488733 0.205963 0.725345 7.74659e-39 3
-0.476888 0.205963 0.725345 8.48379e-39 3
-0.456739 0.202285 0.712393 7.74623e-39 3
-0.451149 0.205031 0.722063 7.28525e-39 3
-0.44337 0.206904 0.728657 7.09978e-39 3
-0.427567 0.205031 0.722063 7.19198e-39 3
-0.408384 0.201386 0.709227 7.37637e-39 3
-0.515922 0.269714 0.949857 8.11358e-39 3
-0.506441 0.272963 0.961301 8.02246e-39 3
-0.484901 0.269714 0.949857 8.3916e-39 3
-0.458474 0.263441 0.927767 8.48271e-39 3
-0.438229 0.260413 0.917103 8.20613e-39 3
-0.383573 0.235999 0.831125 8.11429e-39 3
-0.344856 0.219961 0.774641 8.57491e-39 3
-0.316826 0.209777 0.738778 9.58906e-39 3
-0.301966 0.207853 0.732 9.40467e-39 3
-0.292699 0.209777 0.738778 7.1927e-39 3
-0.280635 0.209777 0.738778 7.93026e-39 3
-0.268571 0.209777 0.738778 8.66818e-39 3
-0.254154 0.207853 0.732 9.77453e-39 3
-0.242201 0.207853 0.732 8.39159e-39 3
-0.231309 0.20881 0.735373 8.30012e-39 3
-0.217298 0.206904 0.728657 9.59086e-39 3
-0.207292 0.20881 0.735373 9.49831e-39 3
-0.197101 0.210753 0.742214 9.68305e-39 3
-0.186718 0.212732 0.749183 1.0144e-38 3
-0.187702 0.228848 0.805939 9.95892e-39 3
-0.166953 0.218898 0.770898 1.00511e-38 3
-0.157406 0.223211 0.786089 8.94549e-39 3
-0.152853 0.235999 0.831125 9.40646e-39 3
-0.139281 0.235999 0.831125 9.03768e-39 3
-0.1219 0.228848 0.805939 8.85329e-39 3
-0.115755 0.243612 0.857935 8.85257e-39 3
-0.102851 0.24626 0.867261 9.31355e-39 3
-0.0886892 0.24626 0.867261 9.49794e-39 3
-0.0721739 0.238484 0.839874 9.77453e-39 3
-0.0572539 0.233566 0.822557 1.07887e-38 3
-0.043822 0.233566 0.822557 1.02355e-38 3
-0.0303902 0.233566 0.822557 9.31462e-39 3
0.168551 0.272963 0.961301 1.00511e-38 3
0.156047 0.231183 0.814163 1.08809e-38 3
0.166789 0.227698 0.801889 9.95964e-39 3
0.179884 0.227698 0.801889 9.77525e-39 3
0.225898 0.26654 0.938682 9.03624e-39 3
0.204022 0.225432 0.79391 9.95748e-39 3
0.218071 0.226559 0.79788 9.9582e-39 3
0.227684 0.223211 0.786089 9.31355e-39 3
0.240521 0.223211 0.786089 9.86744e-39 3
0.302538 0.26654 0.938682 1.08809e-38 3
0.321651 0.269714 0.949857 1.03277e-38 3
0.341223 0.272963 0.961301 1.005e-38 3
0.318542 0.243612 0.857935 9.95784e-39 3
0.361723 0.264982 0.933193 8.66603e-39 3
0.402878 0.283199 0.99735 9.127e-39 3
0.399204 0.269714 0.949857 9.58835e-39 3
0.409835 0.26654 0.938682 8.20757e-39 3
0.440718 0.276292 0.973024 8.20685e-39 3
0.435369 0.263441 0.927767 6.91611e-39 3
0.425766 0.248966 0.876791 7.56076e-39 3
0.426038 0.241021 0.848808 7.92919e-39 3
0.439898 0.241021 0.848808 6.8232e-39 3
0.453759 0.241021 0.848808 7.28417e-39 3
0.422656 0.217846 0.767192 5.16332e-39 3
0.497353 0.248966 0.876791 6.45441e-39 3
0.517356 0.251733 0.886533 6.54589e-39 3
0.531832 0.251733 0.886533 6.91467e-39 3
0.540305 0.248966 0.876791 7.09906e-39 3
0.548594 0.24626 0.867261 6.8232e-39 3
0.562756 0.24626 0.867261 6.2693e-39 3
0.576918 0.24626 0.867261 5.3477e-39 3
0.59108 0.24626 0.867261 3.96477e-39 3
0.618692 0.251733 0.886533 5.80832e-39 3
0.712314 0.283199 0.99735 5.62393e-39 3
0.820958 0.319098 1.12377 4.97856e-39 3
0.863637 0.328347 1.15635 5.0704e-39 3
0.922634 0.343272 1.20891 6.08455e-39 3
0.901401 0.328347 1.15635 4.60978e-39 3
0.907137 0.323656 1.13983 5.07076e-39 3
0.887705 0.310355 1.09299 4.33284e-39 3
0.651285 0.223211 0.786089 4.88637e-39 3
0.654449 0.219961 0.774641 3.96441e-39 3
0.680309 0.224316 0.78998 4.79418e-39 3
0.703659 0.227698 0.801889 4.05697e-39 3
0.70263 0.223211 0.786089 2.9517e-39 3
0.715466 0.223211 0.786089 3.78002e-39 3
0.770028 0.235999 0.831125 4.42539e-39 3
0.791849 0.238484 0.839874 5.62394e-39 3
2.18653 0.647312 2.27966 7.19126e-39 3
0.898242 0.248966 0.876791 3.50272e-39 3
0.91256 0.248966 0.876791 3.87222e-39 3
0.926877 0.248966 0.876791 3.68783e-39 3
0.941195 0.248966 0.876791 2.95062e-39 3
0.955512 0.248966 0.876791 3.5038e-39 3
0.96983 0.248966 0.876791 3.04282e-39 3
0.962983 0.243612 0.857935 3.59563e-39 3
-0.660396 0.215845 0.718811 4.97928e-39 3
-0.648658 0.215845 0.718811 5.99343e-39 3
-0.636921 0.215845 0.718811 4.24172e-39 3
-0.630866 0.217808 0.725345 5.53246e-39 3
-0.619022 0.217808 0.725345 6.36294e-39 3
-0.63009 0.226027 0.752717 5.34735e-39 3
-0.623682 0.228179 0.759886 4.97785e-39 3
-0.682806 0.254881 0.848808 4.42467e-39 3
-0.676138 0.257622 0.857935 3.96513e-39 3
-0.575495 0.223914 0.745682 4.33463e-39 3
-0.563318 0.223914 0.745682 5.25587e-39 3
-0.551142 0.223914 0.745682 8.66711e-39 3
-0.538965 0.223914 0.745682 7.46821e-39 3
-0.490142 0.208338 0.693809 7.74587e-39 3
-0.480904 0.209247 0.696838 6.45513e-39 3
-0.480005 0.213918 0.712393 7.00831e-39 3
-0.464227 0.212025 0.706088 7.28525e-39 3
-0.452697 0.212025 0.706088 5.71792e-39 3
-0.433495 0.208338 0.693809 7.83734e-39 3
-0.429637 0.212025 0.706088 7.19198e-39 3
-0.418107 0.212025 0.706088 7.83734e-39 3
-0.399507 0.208338 0.693809 8.8515e-39 3
-0.389872 0.209247 0.696838 6.91539e-39 3
-0.522138 0.288661 0.961301 7.09978e-39 3
-0.506441 0.288661 0.961301 6.91647e-39 3
-0.490743 0.288661 0.961301 7.74623e-39 3
-0.458474 0.278591 0.927767 9.40467e-39 3
-0.443324 0.278591 0.927767 8.11393e-39 3
-0.375745 0.244478 0.814163 9.68125e-39 3
-0.32889 0.221841 0.738778 9.12808e-39 3
-0.311066 0.217808 0.725345 1.0511e-38 3
-0.299221 0.217808 0.725345 9.58906e-39 3
-0.287377 0.217808 0.725345 8.02246e-39 3
-0.27806 0.219806 0.732 9.12881e-39 3
-0.263688 0.217808 0.725345 9.59014e-39 3
-0.232796 0.201335 0.670487 1.01433e-38 3
-0.222784 0.202184 0.673316 9.68269e-39 3
-0.215425 0.205655 0.684875 8.30047e-39 3
-0.205122 0.206542 0.687827 9.96071e-39 3
-0.19816 0.211091 0.702978 1.0605e-38 3
-0.19003 0.214877 0.715587 9.59086e-39 3
-0.182435 0.219806 0.732 1.07894e-38 3
-0.185825 0.239588 0.79788 9.86673e-39 3
-0.161492 0.223914 0.745682 1.01433e-38 3
-0.150724 0.226027 0.752717 1.00518e-38 3
-0.146739 0.239588 0.79788 9.49866e-39 3
-0.123235 0.220819 0.735373 9.49866e-39 3
-0.120681 0.239588 0.79788 1.00518e-38 3
-0.0978654 0.217808 0.725345 9.77453e-39 3
-0.0955788 0.242008 0.805939 9.59014e-39 3
-0.0777087 0.228179 0.759886 1.03277e-38 3
-0.0653002 0.228179 0.759886 1.04199e-38 3
-0.0514225 0.221841 0.738778 9.22136e-39 3
-0.0389976 0.219806 0.732 1.00511e-38 3
-0.02632 0.213918 0.712393 1.13429e-38 3
-0.0145571 0.212025 0.706088 1.07898e-38 3
-0.00297446 0.208338 0.693809 1.11575e-38 3
0.00850291 0.212025 0.706088 1.07887e-38 3
0.145826 0.275389 0.917103 1.08809e-38 3
0.158974 0.272259 0.906682 1.06043e-38 3
0.154471 0.242008 0.805939 1.03277e-38 3
0.164312 0.237216 0.78998 1.0605e-38 3
0.178094 0.238396 0.79391 1.00518e-38 3
0.189175 0.236048 0.786089 1.06958e-38 3
0.203012 0.237216 0.78998 1.04185e-38 3
0.220274 0.242008 0.805939 1.06954e-38 3
0.227684 0.236048 0.786089 9.40575e-39 3
0.249111 0.244478 0.814163 1.0144e-38 3
0.273572 0.254881 0.848808 1.01433e-38 3
0.288969 0.256244 0.853347 1.03277e-38 3
0.301293 0.254881 0.848808 1.03266e-38 3
0.318542 0.257622 0.857935 1.0972e-38 3
0.357541 0.276981 0.922404 1.03259e-38 3
0.395463 0.293973 0.978994 9.68018e-39 3
0.404013 0.288661 0.961301 1.02337e-38 3
0.424829 0.292181 0.973024 8.66855e-39 3
0.435408 0.288661 0.961301 9.5905e-39 3
0.411448 0.263284 0.876791 8.76002e-39 3
0.407839 0.252198 0.839874 9.3132e-39 3
0.408649 0.244478 0.814163 1.03263e-38 3
0.413504 0.239588 0.79788 1.06954e-38 3
0.40239 0.226027 0.752717 8.11393e-39 3
0.410806 0.223914 0.745682 6.731e-39 3
0.421015 0.222873 0.742214 7.83735e-39 3
0.495341 0.254881 0.848808 7.92882e-39 3
0.514676 0.257622 0.857935 7.83663e-39 3
0.528686 0.257622 0.857935 8.75858e-39 3
0.536922 0.254881 0.848808 6.8232e-39 3
0.550783 0.254881 0.848808 8.11322e-39 3
0.5587 0.252198 0.839874 6.3615e-39 3
0.572414 0.252198 0.839874 5.53209e-39 3
0.586129 0.252198 0.839874 5.71613e-39 3
0.694941 0.292181 0.973024 6.6388e-39 3
0.883152 0.363013 1.20891 6.91467e-39 3
0.931108 0.374357 1.24669 8.75858e-39 3
0.951466 0.374357 1.24669 6.17674e-39 3
0.956872 0.368597 1.22751 7.37565e-39 3
0.976917 0.368597 1.22751 3.41124e-39 3
0.612087 0.221841 0.738778 5.07076e-39 3
0.621274 0.220819 0.735373 4.70198e-39 3
0.651291 0.227098 0.756284 3.50344e-39 3
0.693208 0.237216 0.78998 4.14917e-39 3
0.695775 0.233745 0.778419 5.34771e-39 3
0.705047 0.23261 0.774641 4.97893e-39 3
0.770028 0.249571 0.831125 3.87258e-39 3
0.7836 0.249571 0.831125 5.25551e-39 3
0.797172 0.249571 0.831125 4.79454e-39 3
0.710789 0.218802 0.728657 4.70234e-39 3
0.888479 0.260422 0.867261 5.71506e-39 3
0.902641 0.260422 0.867261 4.3332e-39 3
0.926877 0.263284 0.876791 4.60978e-39 3
0.995916 0.278591 0.927767 5.34771e-39 3
1.01107 0.278591 0.927767 3.13501e-39 3
1.02622 0.278591 0.927767 3.5038e-39 3
0.995082 0.266209 0.886533 5.34771e-39 3
0.976993 0.257622 0.857935 3.59563e-39 3
1.00075 0.249571 0.831125 4.51795e-39 3
1.01432 0.249571 0.831125 3.96478e-39 3
-0.648658 0.227583 0.718811 4.24244e-39 3
-0.636921 0.227583 0.718811 2.9517e-39 3
-0.619601 0.225551 0.712393 5.53318e-39 3
-0.613445 0.227583 0.718811 5.62537e-39 3
-0.612748 0.231759 0.732 4.14952e-39 3
-0.617798 0.238318 0.752717 4.241e-39 3
-0.66858 0.263143 0.831125 7.09906e-39 3
-0.58223 0.233905 0.738778 6.54733e-39 3
-0.570166 0.233905 0.738778 7.37709e-39 3
-0.486089 0.203724 0.643452 5.99451e-39 3
-0.521878 0.223555 0.706088 7.09978e-39 3
-0.458862 0.210514 0.6649 6.45441e-39 3
-0.455598 0.214082 0.676169 7.92954e-39 3
-0.444557 0.214082 0.676169 9.31247e-39 3
-0.437221 0.215912 0.681949 6.91467e-39 3
-0.426085 0.215912 0.681949 8.2976e-39 3
-0.414949 0.215912 0.681949 6.54589e-39 3
-0.400391 0.214082 0.676169 9.77273e-39 3
-0.384831 0.217773 0.687827 7.37637e-39 3
-0.506441 0.304358 0.961301 9.68126e-39 3
-0.490743 0.304358 0.961301 7.92954e-39 3
-0.475046 0.304358 0.961301 9.22136e-39 3
-0.375745 0.257773 0.814163 9.68233e-39 3
-0.32291 0.229652 0.725345 9.49794e-39 3
-0.305511 0.225551 0.712393 1.01433e-38 3
-0.293878 0.225551 0.712393 1.03277e-38 3
-0.282245 0.225551 0.712393 8.66783e-39 3
-0.270612 0.225551 0.712393 1.07883e-38 3
-0.256687 0.223555 0.706088 9.22136e-39 3
-0.225226 0.20538 0.648683 9.49794e-39 3
-0.216392 0.207063 0.654 7.83878e-39 3
-0.211789 0.213179 0.673316 1.08819e-38 3
-0.19995 0.212283 0.670487 1.11596e-38 3
-0.194729 0.218716 0.690805 9.95999e-39 3
-0.183449 0.218716 0.690805 9.31355e-39 3
-0.177548 0.225551 0.712393 1.07887e-38 3
-0.173669 0.236091 0.745682 9.31355e-39 3
-0.167764 0.245259 0.774641 9.68125e-39 3
-0.145243 0.229652 0.725345 1.06958e-38 3
-0.131604 0.226562 0.715587 1.17106e-38 3
-0.121004 0.228613 0.722063 1.10653e-38 3
-0.107272 0.224549 0.709227 1.08816e-38 3
-0.0944315 0.221594 0.699895 1.09731e-38 3
-0.0826402 0.220626 0.696838 1.01433e-38 3
-0.0709514 0.219667 0.693809 1.07887e-38 3
-0.0612189 0.225551 0.712393 1.06965e-38 3
-0.0495859 0.225551 0.712393 1.04199e-38 3
-0.0376171 0.223555 0.706088 1.12497e-38 3
-0.0256334 0.219667 0.693809 1.10663e-38 3
-0.0143039 0.219667 0.693809 1.09741e-38 3
-0.00297446 0.219667 0.693809 1.06965e-38 3
0.00842832 0.221594 0.699895 1.1434e-38 3
0.0200329 0.223555 0.706088 1.12504e-38 3
0.132155 0.263143 0.831125 1.06965e-38 3
0.152062 0.274584 0.867261 1.16184e-38 3
0.166224 0.274584 0.867261 1.04188e-38 3
0.155826 0.237199 0.749183 1.03277e-38 3
0.163456 0.230701 0.728657 1.1066e-38 3
0.193953 0.255169 0.805939 1.07887e-38 3
0.19907 0.245259 0.774641 9.58942e-39 3
0.224815 0.26043 0.822557 1.01422e-38 3
0.227684 0.248884 0.786089 9.12916e-39 3
0.254301 0.263143 0.831125 9.95892e-39 3
0.270692 0.265913 0.839874 9.22028e-39 3
0.287432 0.268742 0.848808 9.40467e-39 3
0.299699 0.26732 0.844317 9.22136e-39 3
0.315154 0.268742 0.848808 9.49794e-39 3
0.368182 0.300735 0.949857 8.75858e-39 3
0.383693 0.300735 0.949857 9.77309e-39 3
0.401594 0.302536 0.955545 9.12736e-39 3
0.419711 0.304358 0.961301 9.31355e-39 3
0.42022 0.293741 0.927767 7.93098e-39 3
0.394124 0.265913 0.839874 7.74659e-39 3
0.395354 0.257773 0.814163 7.83807e-39 3
0.392623 0.247664 0.782235 8.66783e-39 3
0.382875 0.233905 0.738778 9.40539e-39 3
0.396775 0.234993 0.742214 9.58978e-39 3
0.410806 0.236091 0.745682 7.28489e-39 3
0.421015 0.234993 0.742214 9.221e-39 3
0.435159 0.236091 0.745682 8.11321e-39 3
0.498593 0.263143 0.831125 1.05103e-38 3
0.512165 0.263143 0.831125 8.57491e-39 3
0.520316 0.26043 0.822557 7.74515e-39 3
0.533748 0.26043 0.822557 7.28382e-39 3
0.541597 0.257773 0.814163 9.40467e-39 3
0.510604 0.237199 0.749183 7.19197e-39 3
0.551309 0.250116 0.78998 1.18939e-38 3
0.564209 0.250116 0.78998 6.27002e-39 3
0.931108 0.394714 1.24669 6.17782e-39 3
0.951466 0.394714 1.24669 5.07148e-39 3
0.956872 0.388642 1.22751 4.33391e-39 3
0.907137 0.360882 1.13983 7.09943e-39 3
0.578594 0.225551 0.712393 5.5321e-39 3
0.595544 0.227583 0.718811 6.63845e-39 3
0.607282 0.227583 0.718811 4.97893e-39 3
0.610766 0.224549 0.709227 2.95062e-39 3
0.627929 0.226562 0.715587 2.21306e-39 3
0.651296 0.230701 0.728657 3.87258e-39 3
0.666237 0.231759 0.732 4.70234e-39 3
0.770028 0.263143 0.831125 5.25551e-39 3
0.683869 0.229652 0.725345 4.24136e-39 3
0.702096 0.231759 0.732 4.97893e-39 3
0.714049 0.231759 0.732 4.97893e-39 3
1.01272 0.30807 0.973024 5.16332e-39 3
1.02861 0.30807 0.973024 4.79454e-39 3
1.0445 0.30807 0.973024 4.33356e-39 3
1.06039 0.30807 0.973024 4.05805e-39 3
1.07627 0.30807 0.973024 4.88781e-39 3
1.06616 0.300735 0.949857 5.80869e-39 3
1.0325 0.287065 0.906682 3.87258e-39 3
0.991002 0.271631 0.857935 3.78002e-39 3
0.973605 0.263143 0.831125 4.97893e-39 3
0.987177 0.263143 0.831125 3.68819e-39 3
1.00075 0.263143 0.831125 4.24136e-39 3
1.01432 0.263143 0.831125 4.70234e-39 3
1.02789 0.263143 0.831125 3.13465e-39 3
-0.636921 0.239321 0.718811 5.0722e-39 3
-0.619601 0.237184 0.712393 5.90196e-39 3
-0.607968 0.237184 0.712393 3.87366e-39 3
-0.594294 0.245969 0.738778 6.82392e-39 3
-0.483699 0.204343 0.613754 4.42863e-39 3
-0.484866 0.20917 0.628252 5.4417e-39 3
-0.4822 0.212517 0.638304 5.44134e-39 3
-0.471777 0.212517 0.638304 6.5466e-39 3
-0.463207 0.21337 0.640867 7.00866e-39 3
-0.452742 0.21337 0.640867 8.02174e-39 3
-0.44406 0.214231 0.643452 8.29832e-39 3
-0.437078 0.215972 0.648683 7.56004e-39 3
-0.506441 0.320056 0.961301 1.04188e-38 3
-0.317144 0.237184 0.712393 9.03697e-39 3
-0.28754 0.223232 0.670487 1.11575e-38 3
-0.276591 0.223232 0.670487 8.57599e-39 3
-0.254694 0.223232 0.670487 1.15266e-38 3
-0.213764 0.215098 0.646057 1.01433e-38 3
-0.208274 0.220453 0.662141 1.08819e-38 3
-0.194238 0.216854 0.651331 1.0883e-38 3
-0.190603 0.225124 0.676169 8.57706e-39 3
-0.180326 0.226082 0.679047 1.05121e-38 3
-0.171426 0.229005 0.687827 1.06043e-38 3
-0.163005 0.233023 0.699895 1.07876e-38 3
-0.150258 0.230997 0.693809 1.005e-38 3
-0.139535 0.232005 0.696838 1.10638e-38 3
-0.127046 0.229997 0.690805 1.05114e-38 3
-0.09616 0.21167 0.635761 1.00518e-38 3
-0.0706442 0.229997 0.690805 1.13419e-38 3
-0.0559716 0.216854 0.651331 1.13419e-38 3
-0.0453357 0.216854 0.651331 1.19872e-38 3
-0.0366443 0.229005 0.687827 1.20794e-38 3
-0.0256334 0.230997 0.693809 1.15273e-38 3
-0.0143039 0.230997 0.693809 1.08819e-38 3
-0.00297446 0.230997 0.693809 1.10656e-38 3
0.00842832 0.233023 0.699895 1.14344e-38 3
0.0200329 0.235085 0.706088 1.20805e-38 3
0.0315629 0.235085 0.706088 1.11585e-38 3
0.0430929 0.235085 0.706088 1.17114e-38 3
0.0546229 0.235085 0.706088 1.12504e-38 3
0.0655727 0.233023 0.699895 1.19872e-38 3
0.076332 0.230997 0.693809 1.19872e-38 3
0.0861629 0.227048 0.681949 1.18954e-38 3
0.0972988 0.227048 0.681949 1.20798e-38 3
0.111288 0.233023 0.699895 1.125e-38 3
0.127179 0.241496 0.725345 1.18954e-38 3
0.152926 0.265646 0.79788 1.13408e-38 3
0.165955 0.265646 0.79788 1.16184e-38 3
0.152978 0.227048 0.681949 1.18036e-38 3
0.158688 0.219542 0.659405 1.14348e-38 3
0.170159 0.220453 0.662141 1.15262e-38 3
0.218071 0.265646 0.79788 1.17106e-38 3
0.233434 0.268329 0.805939 1.19862e-38 3
0.246595 0.268329 0.805939 1.04188e-38 3
0.265111 0.273862 0.822557 1.13408e-38 3
0.281444 0.276715 0.831125 1.10642e-38 3
0.246274 0.230997 0.693809 9.59014e-39 3
0.315154 0.282602 0.848808 9.95892e-39 3
0.355486 0.30534 0.917103 1.06032e-38 3
0.383693 0.316245 0.949857 1.08794e-38 3
0.419711 0.320056 0.961301 1.12497e-38 3
0.42022 0.308891 0.927767 1.05128e-38 3
0.385998 0.273862 0.822557 9.77489e-39 3
0.37985 0.260437 0.782235 9.31391e-39 3
0.370811 0.245969 0.738778 7.37709e-39 3
0.3692 0.237184 0.712393 9.221e-39 3
0.40239 0.25061 0.752717 9.68198e-39 3
0.385581 0.233023 0.699895 8.66783e-39 3
0.421015 0.247113 0.742214 6.17855e-39 3
0.415732 0.237184 0.712393 9.12808e-39 3
0.435135 0.241496 0.725345 7.92954e-39 3
0.44698 0.241496 0.725345 9.86565e-39 3
0.471689 0.248267 0.745682 8.48344e-39 3
0.470669 0.241496 0.725345 9.21993e-39 3
0.478166 0.239321 0.718811 6.27002e-39 3
0.494358 0.241496 0.725345 9.22028e-39 3
0.486308 0.232005 0.696838 6.36221e-39 3
0.493378 0.229997 0.690805 7.74515e-39 3
0.509066 0.232005 0.696838 7.46856e-39 3
0.522727 0.233023 0.699895 6.73208e-39 3
0.536509 0.234049 0.702978 9.40611e-39 3
0.5385 0.229997 0.690805 8.11501e-39 3
0.55217 0.230997 0.693809 5.99416e-39 3
0.568443 0.233023 0.699895 6.82392e-39 3
0.579872 0.233023 0.699895 4.79562e-39 3
0.596533 0.235085 0.706088 6.17855e-39 3
0.602729 0.233023 0.699895 6.73064e-39 3
0.622347 0.23613 0.709227 5.34771e-39 3
0.651296 0.242599 0.728657 6.17711e-39 3
0.666237 0.243712 0.732 6.45406e-39 3
0.746694 0.268329 0.805939 4.61122e-39 3
0.683869 0.241496 0.725345 4.88781e-39 3
1.05432 0.332058 0.99735 5.25551e-39 3
1.07061 0.332058 0.99735 3.32048e-39 3
1.0869 0.332058 0.99735 3.41268e-39 3
1.10318 0.332058 0.99735 3.96585e-39 3
1.10565 0.327958 0.985037 4.42683e-39 3
1.0947 0.320056 0.961301 3.78038e-39 3
1.07167 0.308891 0.927767 4.14917e-39 3
1.00501 0.285641 0.857935 3.68927e-39 3
0.987177 0.276715 0.831125 4.05805e-39 3
1.00075 0.276715 0.831125 3.41268e-39 3
1.01432 0.276715 0.831125 3.59707e-39 3
1.02789 0.276715 0.831125 3.22685e-39 3
-0.473676 0.214365 0.613754 5.62609e-39 3
-0.476483 0.220296 0.630735 6.36365e-39 3
-0.468033 0.221171 0.633238 7.65403e-39 3
-0.461354 0.22294 0.638304 8.2994e-39 3
-0.449134 0.222052 0.635761 6.73208e-39 3
-0.442277 0.223835 0.640867 9.40395e-39 3
-0.435308 0.225648 0.646057 7.00615e-39 3
-0.496728 0.339848 0.973024 8.85258e-39 3
-0.298488 0.234181 0.670487 1.15262e-38 3
-0.20656 0.229362 0.656691 9.13096e-39 3
-0.195034 0.228422 0.654 1.02373e-38 3
-0.187427 0.232229 0.6649 1.04206e-38 3
-0.175837 0.231266 0.662141 9.6827e-39 3
-0.165024 0.231266 0.662141 9.95892e-39 3
-0.152943 0.229362 0.656691 1.10642e-38 3
-0.14582 0.235169 0.673316 1.10638e-38 3
-0.133697 0.233201 0.667682 1.09724e-38 3
-0.122794 0.233201 0.667682 1.07876e-38 3
-0.108707 0.226565 0.648683 1.03277e-38 3
-0.0977173 0.225648 0.646057 9.68234e-39 3
-0.0819247 0.241277 0.690805 1.38315e-38 3
-0.0706442 0.241277 0.690805 1.16192e-38 3
-0.0576178 0.234181 0.670487 1.13426e-38 3
-0.0462802 0.232229 0.6649 1.17106e-38 3
-0.0363311 0.238184 0.681949 1.24489e-38 3
-0.0254125 0.240237 0.687827 1.09741e-38 3
-0.0143039 0.242326 0.693809 1.1528e-38 3
-0.00297446 0.242326 0.693809 1.19872e-38 3
0.00835503 0.242326 0.693809 1.24482e-38 3
0.0198572 0.244452 0.699895 1.19876e-38 3
0.0315629 0.246615 0.706088 1.17117e-38 3
0.0430929 0.246615 0.706088 1.18036e-38 3
0.053673 0.242326 0.693809 1.21723e-38 3
0.0650025 0.242326 0.693809 1.19879e-38 3
0.0716586 0.22749 0.651331 1.20794e-38 3
0.0847148 0.234181 0.670487 1.2356e-38 3
0.11957 0.238184 0.681949 1.20794e-38 3
0.132979 0.242326 0.693809 1.24471e-38 3
0.148174 0.248817 0.712393 1.13419e-38 3
0.151681 0.236165 0.676169 1.09734e-38 3
0.158035 0.229362 0.656691 1.17121e-38 3
0.169456 0.23031 0.659405 1.30014e-38 3
0.180972 0.231266 0.662141 1.29092e-38 3
0.190992 0.23031 0.659405 1.25393e-38 3
0.23031 0.262901 0.752717 1.1894e-38 3
0.216099 0.234181 0.670487 1.10642e-38 3
0.229946 0.23717 0.679047 1.08798e-38 3
0.243103 0.239206 0.684875 1.1895e-38 3
0.252123 0.23717 0.679047 1.19869e-38 3
0.265471 0.239206 0.684875 1.18028e-38 3
0.2743 0.23717 0.679047 1.13408e-38 3
0.285388 0.23717 0.679047 1.07872e-38 3
0.308879 0.238184 0.681949 9.6827e-39 3
0.353224 0.262901 0.752717 1.15266e-38 3
0.339866 0.244452 0.699895 1.11589e-38 3
0.34824 0.242326 0.693809 1.02369e-38 3
0.365933 0.246615 0.706088 1.03277e-38 3
0.364558 0.238184 0.681949 1.15262e-38 3
0.375694 0.238184 0.681949 1.03273e-38 3
0.421015 0.259233 0.742214 8.29905e-39 3
0.404887 0.242326 0.693809 8.66711e-39 3
0.416217 0.242326 0.693809 9.86565e-39 3
0.427546 0.242326 0.693809 7.83842e-39 3
0.431373 0.238184 0.681949 8.94477e-39 3
0.442509 0.238184 0.681949 8.11393e-39 3
0.46355 0.243384 0.696838 9.86493e-39 3
0.483372 0.247711 0.709227 9.12736e-39 3
0.480019 0.240237 0.687827 7.74443e-39 3
0.487052 0.238184 0.681949 8.48272e-39 3
0.498188 0.238184 0.681949 8.11465e-39 3
0.51151 0.239206 0.684875 7.65368e-39 3
0.524947 0.240237 0.687827 6.73244e-39 3
0.531596 0.238184 0.681949 7.65403e-39 3
0.545061 0.239206 0.684875 6.27074e-39 3
0.56106 0.241277 0.690805 7.28562e-39 3
0.572341 0.241277 0.690805 6.91648e-39 3
0.588718 0.243384 0.696838 7.00831e-39 3
0.594902 0.241277 0.690805 7.6526e-39 3
0.606182 0.241277 0.690805 5.99308e-39 3
0.631123 0.246615 0.706088 5.25552e-39 3
0.64551 0.247711 0.709227 4.97893e-39 3
0.697384 0.262901 0.752717 5.43991e-39 3
0.674669 0.249933 0.715587 5.0722e-39 3
1.1104 0.335753 0.961301 5.62538e-39 3
1.00501 0.299651 0.857935 4.42683e-39 3
0.987177 0.290286 0.831125 4.61122e-39 3
1.00075 0.290286 0.831125 4.42683e-39 3
1.01432 0.290286 0.831125 3.78146e-39 3
1.03871 0.293342 0.839874 3.87258e-39 3
-0.466183 0.230596 0.630735 6.73207e-39 3
-0.459516 0.232433 0.635761 8.3916e-39 3
-0.445584 0.230596 0.630735 6.08671e-39 3
-0.321154 0.209859 0.574014 1.04199e-38 3
-0.306272 0.206151 0.563873 1.09731e-38 3
-0.296018 0.205425 0.561887 1.10653e-38 3
-0.182855 0.237158 0.648683 1.00518e-38 3
-0.149859 0.235245 0.643452 1.01422e-38 3
-0.129366 0.236198 0.646057 1.14333e-38 3
-0.118817 0.236198 0.646057 1.06954e-38 3
-0.104461 0.227894 0.623344 1.05121e-38 3
-0.09616 0.232433 0.635761 1.12497e-38 3
-0.0834511 0.226127 0.618512 1.16188e-38 3
-0.0552945 0.235245 0.643452 1.1066e-38 3
-0.0363311 0.24932 0.681949 1.17114e-38 3
-0.0254125 0.251469 0.687827 1.1527e-38 3
-0.0144294 0.255881 0.699895 1.16202e-38 3
-0.00300055 0.255881 0.699895 1.24482e-38 3
0.00842832 0.255881 0.699895 1.2356e-38 3
0.0200329 0.258145 0.706088 1.18957e-38 3
0.0315629 0.258145 0.706088 1.18961e-38 3
0.0423435 0.253656 0.693809 1.20801e-38 3
0.0469383 0.221828 0.606753 1.20801e-38 3
0.0581734 0.227007 0.620918 1.24489e-38 3
0.069668 0.231511 0.633238 1.2356e-38 3
0.145575 0.255881 0.699895 1.30003e-38 3
0.155638 0.253656 0.693809 1.2172e-38 3
0.164114 0.24932 0.681949 1.10656e-38 3
0.173764 0.247207 0.676169 1.26326e-38 3
0.184026 0.246164 0.673316 1.15262e-38 3
0.193389 0.244104 0.667682 1.30003e-38 3
0.201759 0.241078 0.659405 1.21705e-38 3
0.229605 0.26045 0.712393 1.08791e-38 3
0.229946 0.248259 0.679047 1.22627e-38 3
0.244151 0.251469 0.687827 1.15252e-38 3
0.252123 0.248259 0.679047 1.06961e-38 3
0.266615 0.251469 0.687827 1.0789e-38 3
0.273137 0.247207 0.676169 1.10642e-38 3
0.284179 0.247207 0.676169 1.21695e-38 3
0.293975 0.246164 0.673316 1.17088e-38 3
0.306262 0.247207 0.676169 1.02352e-38 3
0.31332 0.244104 0.667682 1.08812e-38 3
0.331151 0.24932 0.681949 1.05125e-38 3
0.34083 0.248259 0.679047 1.06057e-38 3
0.344587 0.243087 0.6649 1.17106e-38 3
0.346112 0.229688 0.628252 1.13415e-38 3
0.398874 0.243087 0.6649 7.92954e-39 3
0.409732 0.243087 0.6649 8.66818e-39 3
0.467634 0.257008 0.702978 6.45441e-39 3
0.489904 0.262796 0.718811 8.94369e-39 3
0.482097 0.252557 0.690805 8.11393e-39 3
0.487052 0.24932 0.681949 8.29833e-39 3
0.493966 0.247207 0.676169 7.46929e-39 3
0.51151 0.25039 0.684875 6.63953e-39 3
0.529511 0.253656 0.693809 7.93027e-39 3
0.522661 0.245129 0.670487 8.48416e-39 3
0.542732 0.24932 0.681949 8.85294e-39 3
0.573473 0.258145 0.706088 9.59051e-39 3
0.567428 0.25039 0.684875 7.00867e-39 3
0.581106 0.251469 0.687827 6.54626e-39 3
0.589795 0.25039 0.684875 6.91504e-39 3
0.598411 0.24932 0.681949 6.45406e-39 3
0.622855 0.254763 0.696838 7.6526e-39 3
0.628743 0.252557 0.690805 6.82284e-39 3
0.640024 0.252557 0.690805 7.09943e-39 3
0.659874 0.255881 0.699895 4.51903e-39 3
0.665465 0.253656 0.693809 5.2566e-39 3
0.67975 0.254763 0.696838 5.71794e-39 3
0.62805 0.231511 0.633238 6.27039e-39 3
1.00075 0.303858 0.831125 5.0722e-39 3
-0.317725 0.216892 0.567886 1.00515e-38 3
-0.305193 0.214601 0.561887 1.15262e-38 3
-0.293948 0.2131 0.557958 1.11575e-38 3
-0.280908 0.210161 0.550262 1.06965e-38 3
-0.212496 0.223247 0.584527 1.04217e-38 3
-0.205206 0.225728 0.591022 1.15252e-38 3
-0.194117 0.224068 0.586676 1.02355e-38 3
-0.18319 0.222433 0.582394 1.26344e-38 3
-0.174316 0.223247 0.584527 1.22656e-38 3
-0.163572 0.221624 0.580276 1.18039e-38 3
-0.152984 0.220024 0.576087 1.28177e-38 3
-0.13417 0.220024 0.576087 1.13419e-38 3
-0.11291 0.215359 0.563873 1.15262e-38 3
-0.10168 0.231736 0.606753 1.27255e-38 3
-0.0942819 0.238072 0.623344 1.1711e-38 3
-0.0824919 0.233512 0.611402 1.125e-38 3
-0.0251953 0.260455 0.681949 1.12504e-38 3
-0.0144294 0.267309 0.699895 1.25422e-38 3
-0.0030271 0.269675 0.706088 1.22642e-38 3
0.00842832 0.267309 0.699895 1.23567e-38 3
0.0198572 0.267309 0.699895 1.24489e-38 3
0.0307466 0.262701 0.687827 1.20812e-38 3
0.0366128 0.229122 0.59991 1.22645e-38 3
0.0458914 0.226567 0.593219 1.26333e-38 3
0.0568463 0.231736 0.606753 1.26333e-38 3
0.0672657 0.233512 0.611402 1.2817e-38 3
0.0852731 0.228264 0.597663 1.29092e-38 3
0.173764 0.258248 0.676169 1.30936e-38 3
0.184026 0.257158 0.673316 1.27248e-38 3
0.192583 0.253944 0.6649 1.16174e-38 3
0.201759 0.251845 0.659405 1.40145e-38 3
0.243103 0.261573 0.684875 1.23549e-38 3
0.249995 0.257158 0.673316 1.18018e-38 3
0.271985 0.257158 0.673316 1.15245e-38 3
0.28298 0.257158 0.673316 1.21695e-38 3
0.291515 0.255007 0.667682 1.30911e-38 3
0.299908 0.25289 0.662141 1.11564e-38 3
0.304405 0.24775 0.648683 1.16181e-38 3
0.320204 0.251845 0.659405 1.1895e-38 3
0.32961 0.250809 0.656691 1.13422e-38 3
0.332132 0.244765 0.640867 1.23564e-38 3
0.337181 0.240896 0.630735 1.10656e-38 3
0.33943 0.235315 0.616123 1.10656e-38 3
0.345489 0.23262 0.609069 1.00515e-38 3
0.352743 0.230858 0.604454 1.08798e-38 3
0.354555 0.225728 0.591022 1.23549e-38 3
0.356288 0.220821 0.578174 1.24482e-38 3
0.361797 0.218446 0.571957 1.13419e-38 3
0.372472 0.219232 0.574014 1.0511e-38 3
0.386011 0.221624 0.580276 9.68126e-39 3
0.392631 0.220024 0.576087 8.29832e-39 3
0.438443 0.239947 0.628252 8.57491e-39 3
0.470952 0.251845 0.659405 9.40467e-39 3
0.483718 0.25289 0.662141 8.8515e-39 3
0.502877 0.257158 0.673316 6.63952e-39 3
0.522694 0.261573 0.684875 8.11465e-39 3
0.520474 0.255007 0.667682 7.93098e-39 3
0.52479 0.251845 0.659405 8.11538e-39 3
0.531168 0.249781 0.654 8.57564e-39 3
0.537442 0.24775 0.648683 5.53318e-39 3
0.548035 0.24775 0.648683 8.02139e-39 3
0.549689 0.243786 0.638304 6.63845e-39 3
0.555667 0.241851 0.633238 7.7448e-39 3
0.561551 0.239947 0.628252 6.73065e-39 3
0.57181 0.239947 0.628252 5.53174e-39 3
0.577521 0.238072 0.623344 5.99308e-39 3
0.583144 0.236227 0.618512 6.82284e-39 3
0.593244 0.236227 0.618512 6.91611e-39 3
0.608058 0.238072 0.623344 5.90233e-39 3
0.618237 0.238072 0.623344 6.17747e-39 3
0.628415 0.238072 0.623344 6.82212e-39 3
0.686891 0.256078 0.670487 5.99308e-39 3
0.68068 0.249781 0.654 4.33464e-39 3
-0.317725 0.226165 0.567886 1.28173e-38 3
-0.303059 0.222211 0.557958 1.16184e-38 3
-0.289894 0.219146 0.550262 1.10653e-38 3
-0.277086 0.216164 0.542775 1.12497e-38 3
-0.255879 0.213263 0.53549 1.16184e-38 3
-0.208674 0.228606 0.574014 1.08816e-38 3
-0.201475 0.231099 0.580276 1.38301e-38 3
-0.189927 0.228606 0.574014 1.22638e-38 3
-0.179907 0.227786 0.571957 1.22656e-38 3
-0.171181 0.228606 0.574014 1.26344e-38 3
-0.14817 0.222211 0.557958 1.25404e-38 3
-0.136202 0.217645 0.546493 1.30936e-38 3
-0.118354 0.217645 0.546493 1.18036e-38 3
-0.10943 0.217645 0.546493 1.09731e-38 3
-0.093915 0.247285 0.620918 1.125e-38 3
-0.082177 0.242566 0.609069 1.45694e-38 3
-0.00213789 0.198601 0.498675 1.15273e-38 3
0.0362045 0.236254 0.593219 1.18036e-38 3
0.0467605 0.240729 0.604454 1.27255e-38 3
0.0572819 0.243496 0.611402 1.29099e-38 3
0.0677851 0.245376 0.616123 1.35545e-38 3
0.0769547 0.242566 0.609069 1.41077e-38 3
0.0859167 0.23982 0.602174 1.34624e-38 3
0.173764 0.26929 0.676169 1.3278e-38 3
0.183253 0.267027 0.670487 1.27248e-38 3
0.232536 0.238919 0.59991 1.19869e-38 3
0.243247 0.23982 0.602174 1.35528e-38 3
0.271523 0.257297 0.646057 1.54874e-38 3
0.284375 0.259397 0.651331 1.50272e-38 3
0.293812 0.258343 0.648683 1.26308e-38 3
0.299534 0.254209 0.638304 1.26315e-38 3
0.311202 0.25523 0.640867 1.15252e-38 3
0.322964 0.256259 0.643452 1.18028e-38 3
0.328178 0.252192 0.633238 1.24486e-38 3
0.331933 0.247285 0.620918 1.16188e-38 3
0.338125 0.244432 0.613754 1.2172e-38 3
0.342872 0.240729 0.604454 1.22642e-38 3
0.352743 0.240729 0.604454 1.2078e-38 3
0.341892 0.226973 0.569914 1.28159e-38 3
0.359222 0.226165 0.567886 1.08809e-38 3
0.369811 0.226973 0.569914 1.05117e-38 3
0.383224 0.229431 0.576087 1.19869e-38 3
0.41511 0.242566 0.609069 1.00508e-38 3
0.431645 0.246327 0.618512 9.68198e-39 3
0.441745 0.246327 0.618512 9.49615e-39 3
0.458961 0.250206 0.628252 9.95784e-39 3
0.476727 0.254209 0.638304 9.12809e-39 3
0.487151 0.254209 0.638304 9.58906e-39 3
0.501586 0.256259 0.643452 5.34915e-39 3
0.499997 0.250206 0.628252 4.88817e-39 3
0.510256 0.250206 0.628252 6.45514e-39 3
0.520515 0.250206 0.628252 8.48236e-39 3
0.530774 0.250206 0.628252 6.36187e-39 3
0.528547 0.244432 0.613754 6.73065e-39 3
0.534458 0.242566 0.609069 6.63845e-39 3
0.544404 0.242566 0.609069 8.57456e-39 3
0.558614 0.244432 0.613754 8.85078e-39 3
0.568636 0.244432 0.613754 8.38981e-39 3
0.578659 0.244432 0.613754 7.37601e-39 3
0.588681 0.244432 0.613754 5.5321e-39 3
0.585198 0.238919 0.59991 5.90197e-39 3
0.604079 0.242566 0.609069 5.99308e-39 3
0.621136 0.245376 0.616123 7.65224e-39 3
0.667266 0.259397 0.651331 7.28346e-39 3
0.675146 0.258343 0.648683 5.71757e-39 3
0.675541 0.236254 0.593219 7.56076e-39 3
0.685228 0.236254 0.593219 6.54625e-39 3
-0.294813 0.225028 0.542775 1.0972e-38 3
-0.283061 0.222755 0.537293 1.16166e-38 3
-0.270642 0.219794 0.530153 1.1894e-38 3
-0.256865 0.215499 0.519791 1.29081e-38 3
-0.245974 0.213413 0.514761 1.06043e-38 3
-0.237568 0.213413 0.514761 1.20787e-38 3
-0.226966 0.211368 0.509827 1.07887e-38 3
-0.207183 0.236279 0.569914 1.17114e-38 3
-0.198586 0.237126 0.571957 1.16174e-38 3
-0.1879 0.235438 0.567886 1.22638e-38 3
-0.178626 0.235438 0.567886 1.12507e-38 3
-0.169958 0.236279 0.569914 1.31879e-38 3
-0.154049 0.226569 0.546493 1.18968e-38 3
-0.13257 0.220527 0.53192 1.18028e-38 3
-0.124298 0.221265 0.533699 1.38311e-38 3
-0.115198 0.220527 0.53192 1.30021e-38 3
-0.107227 0.222007 0.53549 1.24482e-38 3
-0.0425871 0.20546 0.495578 1.4107e-38 3
-0.034602 0.2061 0.497121 1.22642e-38 3
-0.0264021 0.20546 0.495578 1.42932e-38 3
-0.0182529 0.204824 0.494043 1.245e-38 3
-0.0103132 0.207392 0.500238 1.31876e-38 3
-0.00211804 0.204824 0.494043 1.14358e-38 3
0.047298 0.253479 0.611402 1.18028e-38 3
0.0575022 0.254454 0.613754 1.12497e-38 3
0.0677851 0.255437 0.616123 1.08812e-38 3
0.0769547 0.252512 0.609069 1.24482e-38 3
0.249847 0.256427 0.618512 1.20776e-38 3
0.270428 0.266767 0.643452 1.12464e-38 3
0.282073 0.267847 0.646057 1.22613e-38 3
0.290272 0.265695 0.640867 1.21691e-38 3
0.294817 0.260465 0.628252 1.32762e-38 3
0.307497 0.262532 0.633238 1.32769e-38 3
0.315335 0.260465 0.628252 1.34613e-38 3
0.324317 0.259444 0.625788 1.30936e-38 3
0.328103 0.254454 0.613754 1.29095e-38 3
0.336829 0.253479 0.611402 1.22642e-38 3
0.327965 0.239703 0.578174 1.15277e-38 3
0.337406 0.239703 0.578174 1.01433e-38 3
0.332395 0.229716 0.554083 1.19872e-38 3
0.346252 0.232951 0.561887 1.33698e-38 3
0.359222 0.235438 0.567886 1.13415e-38 3
0.369811 0.236279 0.569914 1.01433e-38 3
0.381845 0.237979 0.574014 1.24482e-38 3
0.40281 0.24503 0.591022 1.06965e-38 3
0.412461 0.24503 0.591022 1.06039e-38 3
0.41595 0.241453 0.582394 1.03266e-38 3
0.42546 0.241453 0.582394 1.12486e-38 3
0.441414 0.24503 0.591022 1.04188e-38 3
0.451065 0.24503 0.591022 9.95784e-39 3
0.460716 0.24503 0.591022 9.68198e-39 3
0.470367 0.24503 0.591022 5.62574e-39 3
0.480018 0.24503 0.591022 8.76039e-39 3
0.489669 0.24503 0.591022 7.28382e-39 3
0.499321 0.24503 0.591022 5.5321e-39 3
0.508972 0.24503 0.591022 8.85115e-39 3
0.522493 0.246859 0.595433 5.1644e-39 3
0.532216 0.246859 0.595433 4.51903e-39 3
0.546014 0.248715 0.59991 6.6388e-39 3
0.568636 0.254454 0.613754 8.94369e-39 3
0.5877 0.25843 0.623344 8.85078e-39 3
0.586425 0.253479 0.611402 9.49615e-39 3
0.589632 0.250599 0.604454 6.82284e-39 3
0.604079 0.252512 0.609069 8.11322e-39 3
0.618747 0.254454 0.613754 7.83663e-39 3
0.646167 0.261495 0.630735 6.82176e-39 3
0.669701 0.266767 0.643452 7.92954e-39 3
0.629447 0.246859 0.595433 5.53245e-39 3
0.616678 0.234603 0.565872 5.71685e-39 3
0.634925 0.237979 0.574014 6.82319e-39 3
0.641989 0.237126 0.571957 6.17782e-39 3
0.653671 0.237979 0.574014 6.17783e-39 3
0.667849 0.239703 0.578174 6.45441e-39 3
0.687251 0.243228 0.586676 4.61014e-39 3
0.689229 0.240575 0.580276 4.42576e-39 3
-0.241303 0.217607 0.504987 1.13419e-38 3
-0.232322 0.216921 0.503394 1.15262e-38 3
-0.223397 0.216239 0.501811 1.2356e-38 3
-0.215203 0.216239 0.501811 1.05121e-38 3
-0.207008 0.216239 0.501811 9.40611e-39 3
-0.196474 0.243844 0.565872 1.23549e-38 3
-0.182698 0.237937 0.552166 1.18028e-38 3
-0.171897 0.235493 0.546493 1.22649e-38 3
-0.161316 0.233098 0.540936 1.21734e-38 3
-0.149941 0.229213 0.53192 1.19879e-38 3
-0.14032 0.227695 0.528397 1.26315e-38 3
-0.129126 0.223259 0.518104 1.45687e-38 3
-0.122657 0.226944 0.526653 1.27248e-38 3
-0.115198 0.229213 0.53192 1.25404e-38 3
-0.107227 0.230751 0.53549 1.24471e-38 3
-0.0815411 0.232311 0.539108 1.34642e-38 3
-0.059888 0.217607 0.504987 1.37389e-38 3
-0.0505227 0.212891 0.494043 1.37389e-38 3
-0.0424552 0.212891 0.494043 1.43836e-38 3
-0.0344946 0.213553 0.495578 1.33705e-38 3
-0.0263203 0.212891 0.494043 1.48464e-38 3
-0.0181966 0.212234 0.492518 1.2911e-38 3
-0.0102171 0.213553 0.495578 1.43861e-38 3
-0.00209213 0.210287 0.488 1.36485e-38 3
0.0624215 0.212891 0.494043 1.09741e-38 3
0.0707078 0.213553 0.495578 1.18036e-38 3
0.189293 0.219693 0.509827 1.32776e-38 3
0.198252 0.220397 0.511461 1.21705e-38 3
0.281236 0.267564 0.620918 1.2723e-38 3
0.28691 0.263463 0.611402 1.08791e-38 3
0.299187 0.265498 0.616123 1.19862e-38 3
0.305707 0.262458 0.609069 1.13408e-38 3
0.315652 0.262458 0.609069 1.30014e-38 3
0.300376 0.242126 0.561887 1.27248e-38 3
0.303146 0.237117 0.550262 1.25408e-38 3
0.312132 0.237117 0.550262 1.22642e-38 3
0.323347 0.238764 0.554083 1.24482e-38 3
0.337077 0.242126 0.561887 1.14337e-38 3
0.353725 0.247352 0.574014 1.35542e-38 3
0.363098 0.247352 0.574014 1.21713e-38 3
0.373816 0.248245 0.576087 1.06961e-38 3
0.386011 0.250051 0.580276 1.06039e-38 3
0.392631 0.248245 0.576087 1.15259e-38 3
0.400592 0.247352 0.574014 8.02281e-39 3
0.39573 0.238764 0.554083 1.12486e-38 3
0.404778 0.238764 0.554083 1.08798e-38 3
0.413826 0.238764 0.554083 1.17096e-38 3
0.425831 0.240433 0.557958 1.01422e-38 3
0.438005 0.242126 0.561887 1.0143e-38 3
0.453569 0.245585 0.569914 1.14344e-38 3
0.462875 0.245585 0.569914 1.18028e-38 3
0.472181 0.245585 0.569914 1.02341e-38 3
0.478073 0.243844 0.565872 7.92919e-39 3
0.487313 0.243844 0.565872 9.21993e-39 3
0.496554 0.243844 0.565872 9.77418e-39 3
0.509407 0.245585 0.569914 9.4054e-39 3
0.522445 0.247352 0.574014 5.62465e-39 3
0.568636 0.264477 0.613754 6.45441e-39 3
0.590005 0.269662 0.625788 7.5604e-39 3
0.590954 0.265498 0.616123 6.4537e-39 3
0.555939 0.245585 0.569914 7.37601e-39 3
0.561236 0.243844 0.565872 8.94334e-39 3
0.62597 0.267564 0.620918 7.92883e-39 3
0.636109 0.267564 0.620918 7.19126e-39 3
0.593164 0.245585 0.569914 7.19198e-39 3
0.636572 0.259486 0.602174 7.19198e-39 3
0.636794 0.255628 0.593219 6.36221e-39 3
0.62781 0.248245 0.576087 6.45441e-39 3
0.639526 0.249145 0.578174 6.6388e-39 3
0.644298 0.247352 0.574014 4.97928e-39 3
0.651328 0.246466 0.571957 6.36222e-39 3
0.663045 0.247352 0.574014 4.97928e-39 3
0.672418 0.247352 0.574014 6.73064e-39 3
0.676921 0.245585 0.569914 5.99308e-39 3
-0.290745 0.219599 0.491003 1.18032e-38 3
-0.247202 0.223729 0.500238 1.04188e-38 3
-0.239034 0.223729 0.500238 9.40575e-39 3
-0.227303 0.220277 0.492518 1.16184e-38 3
-0.170149 0.241931 0.540936 1.11582e-38 3
-0.159158 0.238695 0.533699 1.3279e-38 3
-0.147483 0.233999 0.5232 1.38311e-38 3
-0.136699 0.230225 0.514761 1.27237e-38 3
-0.0687872 0.228018 0.509827 1.31865e-38 3
-0.059888 0.225853 0.504987 1.20801e-38 3
-0.0429876 0.223729 0.500238 1.50297e-38 3
-0.0347102 0.22303 0.498675 1.53073e-38 3
-0.0264843 0.222335 0.497121 1.50308e-38 3
-0.0181966 0.220277 0.492518 1.46627e-38 3
-0.0100917 0.218925 0.489497 1.38329e-38 3
-0.00206684 0.215618 0.482103 1.46627e-38 3
0.00570225 0.21178 0.473519 1.51237e-38 3
0.013316 0.209911 0.469341 1.30032e-38 3
0.0207361 0.20747 0.463884 1.40162e-38 3
0.0360959 0.208683 0.466596 1.45694e-38 3
0.0439723 0.209911 0.469341 1.43854e-38 3
0.0622288 0.220277 0.492518 1.38322e-38 3
0.0702713 0.220277 0.492518 1.31865e-38 3
0.0792928 0.22303 0.498675 1.30943e-38 3
0.08771 0.223729 0.500238 1.42006e-38 3
0.0967888 0.225853 0.504987 1.41077e-38 3
0.17925 0.225853 0.504987 1.37397e-38 3
0.186317 0.224433 0.501811 1.25411e-38 3
0.195125 0.225141 0.503394 1.06032e-38 3
0.200188 0.221645 0.495578 1.35528e-38 3
0.275869 0.272403 0.609069 1.13408e-38 3
0.285815 0.272403 0.609069 1.15252e-38 3
0.299187 0.275559 0.616123 9.40467e-39 3
0.272545 0.228018 0.509827 1.1895e-38 3
0.297002 0.241114 0.539108 1.13419e-38 3
0.305805 0.241114 0.539108 1.18954e-38 3
0.321117 0.246102 0.550262 1.31854e-38 3
0.340675 0.253985 0.567886 1.24478e-38 3
0.352457 0.255805 0.571957 1.28166e-38 3
0.361797 0.255805 0.571957 1.13415e-38 3
0.373816 0.257652 0.576087 1.13415e-38 3
0.388839 0.261427 0.584527 1.13415e-38 3
0.391218 0.256726 0.574014 1.04195e-38 3
0.402038 0.257652 0.576087 1.17106e-38 3
0.393001 0.246102 0.550262 1.22627e-38 3
0.399233 0.244417 0.546493 1.06954e-38 3
0.40538 0.242754 0.542775 9.95784e-39 3
0.417081 0.244417 0.546493 1.08798e-38 3
0.431922 0.247811 0.554083 1.06947e-38 3
0.440969 0.247811 0.554083 1.06039e-38 3
0.450017 0.247811 0.554083 1.14337e-38 3
0.459065 0.247811 0.554083 1.1156e-38 3
0.468113 0.247811 0.554083 8.7593e-39 3
0.477161 0.247811 0.554083 8.94369e-39 3
0.486209 0.247811 0.554083 9.221e-39 3
0.495257 0.247811 0.554083 9.03661e-39 3
0.507831 0.249544 0.557958 7.56148e-39 3
0.513352 0.247811 0.554083 7.56148e-39 3
0.518797 0.246102 0.550262 5.6243e-39 3
0.51019 0.237899 0.53192 5.5321e-39 3
0.492604 0.225853 0.504987 5.71649e-39 3
0.50085 0.225853 0.504987 5.16332e-39 3
0.512339 0.227292 0.508204 6.45406e-39 3
0.534249 0.233234 0.52149 6.54589e-39 3
0.576687 0.247811 0.554083 7.74443e-39 3
0.62019 0.262389 0.586676 6.3615e-39 3
0.618402 0.257652 0.576087 7.00687e-39 3
0.623309 0.255805 0.571957 5.62393e-39 3
0.630389 0.254892 0.569914 4.97857e-39 3
0.632915 0.25219 0.563873 5.16296e-39 3
0.642122 0.25219 0.563873 7.28417e-39 3
0.655966 0.253985 0.567886 5.25587e-39 3
0.665239 0.253985 0.567886 2.9517e-39 3
0.67212 0.253084 0.565872 6.27074e-39 3
-0.287211 0.224849 0.485033 1.09734e-38 3
-0.272197 0.225535 0.486512 1.13415e-38 3
-0.261069 0.222818 0.480651 1.03263e-38 3
-0.243388 0.228319 0.492518 1.08798e-38 3
-0.233901 0.226919 0.489497 1.13419e-38 3
-0.225217 0.226225 0.488 1.06969e-38 3
-0.157577 0.244952 0.528397 1.28177e-38 3
-0.146047 0.24018 0.518104 1.5213e-38 3
-0.0683504 0.234843 0.50659 1.25422e-38 3
-0.0596991 0.233361 0.503394 1.21723e-38 3
-0.051317 0.232627 0.501811 1.30021e-38 3
-0.0431228 0.232627 0.501811 1.47531e-38 3
-0.034602 0.230453 0.497121 1.42006e-38 3
-0.0179747 0.225535 0.486512 1.43861e-38 3
-0.0096762 0.217575 0.469341 1.39251e-38 3
-0.00199454 0.215672 0.465236 1.44787e-38 3
0.00558621 0.215045 0.463884 1.44783e-38 3
0.013123 0.214422 0.462539 1.48471e-38 3
0.0206162 0.213802 0.461202 1.50304e-38 3
0.0280663 0.213186 0.459873 1.53073e-38 3
0.0355757 0.213186 0.459873 1.49386e-38 3
0.0636029 0.233361 0.503394 1.42021e-38 3
0.0718231 0.233361 0.503394 1.41099e-38 3
0.0802965 0.2341 0.504987 1.44783e-38 3
0.08771 0.231898 0.500238 1.38329e-38 3
0.0961801 0.232627 0.501811 1.49382e-38 3
0.103078 0.229737 0.495578 1.46609e-38 3
0.181189 0.226225 0.488 1.13437e-38 3
0.188008 0.224849 0.485033 1.44754e-38 3
0.195335 0.224168 0.483564 1.19854e-38 3
0.202007 0.222818 0.480651 1.1801e-38 3
0.211769 0.224849 0.485033 1.32765e-38 3
0.219689 0.224849 0.485033 1.30017e-38 3
0.230411 0.227617 0.491003 1.07883e-38 3
0.239905 0.229026 0.494043 1.11571e-38 3
0.249517 0.230453 0.497121 1.1433e-38 3
0.26422 0.236343 0.509827 1.20783e-38 3
0.271677 0.235591 0.508204 1.1894e-38 3
0.28087 0.236343 0.509827 1.254e-38 3
0.284649 0.232627 0.501811 1.36464e-38 3
0.292843 0.232627 0.501811 1.08805e-38 3
0.325612 0.251617 0.542775 1.06961e-38 3
0.341443 0.256859 0.554083 1.13415e-38 3
0.36573 0.268027 0.578174 1.06961e-38 3
0.38637 0.276028 0.595433 9.95857e-39 3
0.396093 0.276028 0.595433 1.3001e-38 3
0.391218 0.266099 0.574014 1.23557e-38 3
0.384016 0.255088 0.550262 1.08809e-38 3
0.382451 0.24824 0.53549 1.0972e-38 3
0.376052 0.238631 0.514761 9.12808e-39 3
0.377158 0.2341 0.504987 9.95784e-39 3
0.380586 0.231173 0.498675 8.57491e-39 3
0.388729 0.231173 0.498675 9.58834e-39 3
0.396872 0.231173 0.498675 1.06032e-38 3
0.418081 0.238631 0.514761 9.03661e-39 3
0.434904 0.24334 0.524921 9.95749e-39 3
0.455461 0.249917 0.539108 1.32769e-38 3
0.467423 0.251617 0.542775 1.01422e-38 3
0.482855 0.255088 0.550262 1.0143e-38 3
0.491841 0.255088 0.550262 1.00508e-38 3
0.500826 0.255088 0.550262 8.76002e-39 3
0.499478 0.249917 0.539108 9.3132e-39 3
0.498183 0.244952 0.528397 7.1927e-39 3
0.484358 0.2341 0.504987 7.6526e-39 3
0.486446 0.231173 0.498675 6.27074e-39 3
0.491517 0.229737 0.495578 6.17855e-39 3
0.502732 0.231173 0.498675 7.46856e-39 3
0.514089 0.232627 0.501811 5.62465e-39 3
0.542764 0.24175 0.52149 7.46785e-39 3
0.589831 0.258655 0.557958 5.99271e-39 3
0.623309 0.265145 0.571957 6.3615e-39 3
0.625919 0.262324 0.565872 5.34663e-39 3
0.628473 0.259563 0.559916 4.79418e-39 3
0.637616 0.259563 0.559916 4.88673e-39 3
0.649037 0.260477 0.561887 7.28489e-39 3
-0.308857 0.209812 0.437194 9.03733e-39 3
-0.305061 0.212136 0.442039 1.05128e-38 3
-0.296202 0.210968 0.439603 1.15266e-38 3
-0.28901 0.216331 0.45078 1.26326e-38 3
-0.276293 0.223922 0.466596 1.16181e-38 3
-0.280142 0.233479 0.486512 1.06039e-38 3
-0.27137 0.23277 0.485033 1.06029e-38 3
-0.258731 0.228601 0.476346 1.06025e-38 3
-0.250953 0.228601 0.476346 1.09713e-38 3
-0.241894 0.234912 0.489497 9.95892e-39 3
-0.232475 0.233479 0.486512 1.04203e-38 3
-0.223848 0.23277 0.485033 8.76074e-39 3
-0.0511562 0.240067 0.500238 1.28177e-38 3
-0.0427197 0.238571 0.497121 1.22649e-38 3
-0.0178118 0.231363 0.482103 1.33702e-38 3
-0.00964782 0.224578 0.467965 1.37397e-38 3
-0.00199454 0.223269 0.465236 1.43861e-38 3
0.00558621 0.22262 0.463884 1.41095e-38 3
0.0131995 0.223269 0.465236 1.55847e-38 3
0.0207966 0.223269 0.465236 1.50315e-38 3
0.0283111 0.22262 0.463884 1.41095e-38 3
0.035886 0.22262 0.463884 1.46627e-38 3
0.0437151 0.223922 0.466596 1.3924e-38 3
0.061847 0.234912 0.489497 1.48464e-38 3
0.0709281 0.238571 0.497121 1.45698e-38 3
0.0800432 0.241581 0.503394 1.44776e-38 3
0.0866238 0.237094 0.494043 1.43861e-38 3
0.0949853 0.23783 0.495578 1.31865e-38 3
0.102126 0.235635 0.491003 1.35545e-38 3
0.156327 0.23277 0.485033 1.66889e-38 3
0.165252 0.234193 0.488 1.42936e-38 3
0.172692 0.233479 0.486512 1.51233e-38 3
0.180088 0.23277 0.485033 1.3924e-38 3
0.186309 0.230666 0.480651 1.33691e-38 3
0.193575 0.229974 0.479207 1.3184e-38 3
0.19901 0.227244 0.473519 1.23546e-38 3
0.207976 0.228601 0.476346 1.31843e-38 3
0.215112 0.22792 0.474928 1.27244e-38 3
0.228304 0.233479 0.486512 1.26322e-38 3
0.24065 0.23783 0.495578 1.23549e-38 3
0.251871 0.240822 0.501811 1.06032e-38 3
0.266777 0.247036 0.514761 1.30921e-38 3
0.269958 0.242346 0.504987 1.1894e-38 3
0.282677 0.246242 0.513106 1.1895e-38 3
0.274298 0.232064 0.483564 1.18947e-38 3
0.269145 0.221333 0.461202 1.15266e-38 3
0.275086 0.220061 0.458552 1.06961e-38 3
0.282574 0.220061 0.458552 1.08805e-38 3
0.290061 0.220061 0.458552 1.1156e-38 3
0.38637 0.285751 0.595433 1.16181e-38 3
0.396093 0.285751 0.595433 1.22635e-38 3
0.413531 0.291183 0.606753 1.18014e-38 3
0.333427 0.229285 0.477772 1.07876e-38 3
0.341228 0.229285 0.477772 1.16174e-38 3
0.355415 0.233479 0.486512 1.13408e-38 3
0.363359 0.233479 0.486512 1.18018e-38 3
0.36683 0.230666 0.480651 9.12808e-39 3
0.372435 0.229285 0.477772 8.8515e-39 3
0.380237 0.229285 0.477772 1.04188e-38 3
0.392742 0.232064 0.483564 9.31248e-39 3
0.403082 0.233479 0.486512 9.68126e-39 3
0.418685 0.23783 0.495578 1.00511e-38 3
0.440456 0.245453 0.511461 9.40575e-39 3
0.476286 0.26048 0.542775 1.06043e-38 3
0.488472 0.262265 0.546493 9.86637e-39 3
0.490675 0.25872 0.539108 1.0143e-38 3
0.489554 0.25358 0.528397 9.12881e-39 3
0.485327 0.247036 0.514761 9.49759e-39 3
0.481311 0.240822 0.501811 8.02246e-39 3
0.483425 0.23783 0.495578 6.08635e-39 3
0.491517 0.23783 0.495578 8.29905e-39 3
0.49961 0.23783 0.495578 9.40575e-39 3
0.507702 0.23783 0.495578 6.63988e-39 3
0.519018 0.239316 0.498675 8.02102e-39 3
0.55128 0.250266 0.52149 6.54589e-39 3
0.919318 0.398861 0.831125 7.74444e-39 3
-0.315784 0.203044 0.409169 9.3132e-39 3
-0.316404 0.20784 0.418835 1.06961e-38 3
-0.311199 0.208937 0.421045 9.59051e-39 3
-0.303522 0.208387 0.419937 9.59051e-39 3
-0.303045 0.212868 0.428968 1.2172e-38 3
-0.300893 0.216358 0.436 1.12504e-38 3
-0.293774 0.216358 0.436 1.09734e-38 3
-0.289023 0.218146 0.439603 1.15259e-38 3
-0.283406 0.219355 0.442039 1.25393e-38 3
-0.276955 0.219964 0.443267 1.19858e-38 3
-0.264042 0.227549 0.458552 1.09716e-38 3
-0.226898 0.207296 0.417738 1.15245e-38 3
-0.2451 0.230866 0.465236 1.01415e-38 3
-0.204294 0.205148 0.413409 8.85258e-39 3
-0.0504656 0.211165 0.425536 1.4846e-38 3
-0.0514789 0.249801 0.503394 1.33709e-38 3
0.0131995 0.230866 0.465236 1.44772e-38 3
0.0207966 0.230866 0.465236 1.3924e-38 3
0.0283111 0.230195 0.463884 1.30032e-38 3
0.035886 0.230195 0.463884 1.43861e-38 3
0.0435877 0.230866 0.465236 1.53992e-38 3
0.0513344 0.231541 0.466596 1.52151e-38 3
0.0605469 0.237799 0.479207 1.5768e-38 3
0.0687852 0.239236 0.482103 1.66899e-38 3
0.0773588 0.241424 0.486512 1.49382e-38 3
0.0855642 0.242162 0.488 1.31865e-38 3
0.0935329 0.242162 0.488 1.2817e-38 3
0.107176 0.237087 0.477772 1.35535e-38 3
0.112288 0.231541 0.466596 1.63193e-38 3
0.161788 0.237087 0.477772 1.48467e-38 3
0.170099 0.237799 0.479207 1.41092e-38 3
0.179 0.239236 0.482103 1.38319e-38 3
0.184641 0.236379 0.476346 1.31847e-38 3
0.190711 0.234281 0.472118 1.75179e-38 3
0.198421 0.234281 0.472118 1.41985e-38 3
0.206742 0.234976 0.473519 1.3462e-38 3
0.213209 0.23359 0.470726 1.29095e-38 3
0.234011 0.247459 0.498675 1.26322e-38 3
1.68455 1.72146 3.46904 1.2356e-38 3
1.63459 1.61606 3.25665 1.1894e-38 3
0.25844 0.247459 0.498675 1.41063e-38 3
1.60956 1.4941 3.01087 1.21705e-38 3
1.79413 1.61606 3.25665 1.27248e-38 3
0.26011 0.227549 0.458552 1.22635e-38 3
0.264557 0.224963 0.453341 1.10653e-38 3
0.27196 0.224963 0.453341 1.20791e-38 3
0.279362 0.224963 0.453341 1.22624e-38 3
0.288404 0.226249 0.455931 1.32765e-38 3
0.297549 0.227549 0.458552 1.13415e-38 3
0.3068 0.228864 0.461202 1.17092e-38 3
0.4167 0.303399 0.611402 1.17092e-38 3
0.323734 0.230195 0.463884 1.08798e-38 3
0.335207 0.232903 0.469341 1.20783e-38 3
0.346953 0.235676 0.474928 1.20783e-38 3
0.335724 0.223062 0.44951 1.1433e-38 3
0.344033 0.223692 0.45078 1.38301e-38 3
0.361609 0.230195 0.463884 1.35535e-38 3
0.369184 0.230195 0.463884 1.24471e-38 3
0.376759 0.230195 0.463884 1.0511e-38 3
0.386581 0.231541 0.466596 1.0511e-38 3
0.3942 0.231541 0.466596 9.95892e-39 3
0.404183 0.232903 0.469341 9.77453e-39 3
0.411847 0.232903 0.469341 1.00511e-38 3
0.460109 0.255442 0.514761 1.03273e-38 3
0.468515 0.255442 0.514761 1.06961e-38 3
0.476921 0.255442 0.514761 9.58978e-39 3
0.473117 0.249016 0.501811 9.12881e-39 3
0.478303 0.247459 0.498675 8.85222e-39 3
0.483425 0.245922 0.495578 9.49759e-39 3
0.488483 0.244404 0.492518 8.76002e-39 3
0.496526 0.244404 0.492518 9.49794e-39 3
0.507702 0.245922 0.495578 9.86673e-39 3
0.515795 0.245922 0.495578 9.03517e-39 3
0.523887 0.245922 0.495578 6.82247e-39 3
0.535305 0.247459 0.498675 8.2976e-39 3
0.946462 0.412432 0.831125 9.7731e-39 3
-0.320821 0.208655 0.407082 9.58978e-39 3
-0.316596 0.210264 0.410221 1.0143e-38 3
-0.317237 0.215244 0.419937 1.03274e-38 3
-0.312022 0.216383 0.422159 7.83879e-39 3
-0.305938 0.216957 0.423278 1.08805e-38 3
-0.303045 0.219873 0.428968 1.09727e-38 3
-0.298447 0.221661 0.432455 1.1433e-38 3
-0.292973 0.222869 0.434812 1.07876e-38 3
-0.287439 0.22409 0.437194 1.11557e-38 3
-0.281845 0.225325 0.439603 1.17074e-38 3
-0.275425 0.225947 0.440818 1.24435e-38 3
-0.268227 0.225947 0.440818 1.38279e-38 3
-0.260309 0.225325 0.439603 1.16159e-38 3
-0.223966 0.211351 0.412341 1.06025e-38 3
-0.200655 0.208124 0.406046 8.76038e-39 3
-0.0648822 0.219873 0.428968 1.27255e-38 3
-0.0575679 0.218697 0.426674 1.4385e-38 3
-0.0500651 0.216383 0.422159 1.42928e-38 3
-0.0424969 0.213002 0.415562 1.62289e-38 3
-0.0358043 0.213558 0.416647 1.5768e-38 3
0.0132381 0.23916 0.466596 1.54914e-38 3
0.0283936 0.238463 0.465236 1.47549e-38 3
0.035886 0.23777 0.463884 1.43861e-38 3
0.0593004 0.240567 0.469341 1.44772e-38 3
0.0667681 0.239862 0.467965 1.4385e-38 3
0.0757424 0.244158 0.476346 1.54907e-38 3
0.0840224 0.245624 0.479207 1.35545e-38 3
0.0899566 0.240567 0.469341 1.37379e-38 3
0.0984897 0.242709 0.473519 1.60428e-38 3
0.104976 0.239862 0.467965 1.42921e-38 3
0.11099 0.236395 0.461202 1.37389e-38 3
0.11818 0.235714 0.459873 1.41077e-38 3
0.126418 0.237081 0.462539 1.41999e-38 3
0.135146 0.23916 0.466596 1.55829e-38 3
0.142349 0.238463 0.465236 1.48453e-38 3
0.168581 0.243431 0.474928 1.33716e-38 3
0.177924 0.245624 0.479207 1.53992e-38 3
0.176728 0.233694 0.455931 1.45676e-38 3
0.185231 0.235037 0.458552 1.44754e-38 3
0.19496 0.23777 0.463884 1.50293e-38 3
0.203719 0.23916 0.466596 1.22635e-38 3
0.212582 0.240567 0.469341 1.35549e-38 3
1.7019 1.85893 3.62673 1.40159e-38 3
1.64871 1.74027 3.39523 1.3001e-38 3
1.57049 1.60378 3.12894 1.26322e-38 3
1.50365 1.48714 2.90138 1.30003e-38 3
1.55103 1.48714 2.90138 1.24471e-38 3
1.62801 1.51468 2.95511 1.31854e-38 3
0.252844 0.228472 0.445743 1.19872e-38 3
0.263062 0.231053 0.45078 1.33698e-38 3
0.27196 0.232366 0.453341 1.19858e-38 3
0.279362 0.232366 0.453341 1.48439e-38 3
0.286765 0.232366 0.453341 1.47513e-38 3
0.294168 0.232366 0.453341 1.2539e-38 3
0.301571 0.232366 0.453341 1.27234e-38 3
0.4167 0.313382 0.611402 1.26312e-38 3
0.425055 0.312186 0.609069 1.13408e-38 3
0.327501 0.235037 0.458552 1.1895e-38 3
0.334989 0.235037 0.458552 1.19872e-38 3
0.331983 0.227835 0.444501 1.04199e-38 3
0.340189 0.228472 0.445743 1.20794e-38 3
0.35339 0.232366 0.453341 1.19869e-38 3
0.360793 0.232366 0.453341 1.42918e-38 3
0.368196 0.232366 0.453341 1.15259e-38 3
0.377745 0.233694 0.455931 1.06961e-38 3
0.38519 0.233694 0.455931 1.06965e-38 3
0.392635 0.233694 0.455931 1.14341e-38 3
0.397807 0.232366 0.453341 1.07887e-38 3
0.40521 0.232366 0.453341 1.10649e-38 3
0.412613 0.232366 0.453341 1.11571e-38 3
0.424843 0.235037 0.458552 9.68198e-39 3
0.47016 0.255603 0.498675 1.05117e-38 3
0.478303 0.255603 0.498675 1.02352e-38 3
0.480441 0.252447 0.492518 1.00508e-38 3
0.485486 0.250898 0.489497 9.49759e-39 3
0.490471 0.249368 0.486512 9.3132e-39 3
0.495394 0.247857 0.483564 9.221e-39 3
0.497263 0.244889 0.477772 1.11564e-38 3
0.490383 0.23777 0.463884 9.86565e-39 3
0.486641 0.232366 0.453341 9.49615e-39 3
0.494043 0.232366 0.453341 7.74443e-39 3
0.919318 0.426004 0.831125 7.37565e-39 3
0.946462 0.426004 0.831125 7.28346e-39 3
0.535833 0.23777 0.463884 7.00723e-39 3
0.543407 0.23777 0.463884 6.54733e-39 3
-0.316596 0.216963 0.410221 9.221e-39 3
-0.317237 0.222102 0.419937 8.66783e-39 3
-0.311199 0.222688 0.421045 1.06047e-38 3
-0.304323 0.222688 0.421045 1.08805e-38 3
-0.299821 0.224464 0.424404 1.13415e-38 3
-0.293672 0.225063 0.425536 1.29996e-38 3
-0.28749 0.225665 0.426674 1.0694e-38 3
-0.281275 0.22627 0.427818 1.29989e-38 3
-0.276513 0.228104 0.431286 1.2812e-38 3
-0.272415 0.230597 0.436 1.54835e-38 3
-0.266022 0.231229 0.437194 1.29041e-38 3
-0.257472 0.229969 0.434812 1.43793e-38 3
-0.222091 0.209947 0.396955 1.15237e-38 3
-0.219987 0.21421 0.405015 1.00493e-38 3
-0.212833 0.213667 0.40399 9.49615e-39 3
-0.206236 0.213667 0.40399 1.10642e-38 3
-0.200146 0.21421 0.405015 1.19872e-38 3
-0.195017 0.215853 0.408123 1.13422e-38 3
-0.187394 0.214755 0.406046 1.14344e-38 3
-0.0643631 0.225063 0.425536 1.41084e-38 3
-0.0491548 0.219217 0.414483 1.46613e-38 3
-0.0346289 0.213128 0.40297 1.68743e-38 3
-0.0278377 0.211525 0.39994 1.70591e-38 3
-0.0208369 0.206859 0.391118 1.58594e-38 3
0.0132769 0.247503 0.467965 1.57672e-38 3
0.0240469 0.208392 0.394015 1.49389e-38 3
0.0307084 0.209947 0.396955 1.36485e-38 3
0.0883967 0.243927 0.461202 1.46598e-38 3
0.0959279 0.243927 0.461202 1.40144e-38 3
0.10257 0.24183 0.457238 1.46609e-38 3
0.109409 0.240452 0.454632 1.60438e-38 3
0.116171 0.23909 0.452057 1.41999e-38 3
0.124612 0.241139 0.455931 1.40155e-38 3
0.138317 0.23909 0.452057 1.53063e-38 3
0.166109 0.247503 0.467965 1.42936e-38 3
0.175292 0.2497 0.472118 1.41081e-38 3
0.174731 0.238414 0.45078 1.24471e-38 3
0.182092 0.238414 0.45078 1.35542e-38 3
0.191618 0.241139 0.455931 1.41996e-38 3
0.199063 0.241139 0.455931 1.41081e-38 3
1.76287 2.0585 3.8921 1.33716e-38 3
1.74148 1.96276 3.71107 1.44769e-38 3
1.68455 1.83475 3.46904 1.47535e-38 3
1.6019 1.68797 3.19152 1.42918e-38 3
0.232306 0.237075 0.448247 1.38301e-38 3
1.55103 1.53452 2.90138 1.33687e-38 3
0.241518 0.231864 0.438396 1.38308e-38 3
0.25144 0.234441 0.443267 1.30014e-38 3
0.258678 0.234441 0.443267 1.1894e-38 3
0.27196 0.239769 0.453341 1.15248e-38 3
0.279362 0.239769 0.453341 1.39212e-38 3
0.286765 0.239769 0.453341 1.41056e-38 3
0.294168 0.239769 0.453341 1.31836e-38 3
0.301571 0.239769 0.453341 1.43829e-38 3
0.308974 0.239769 0.453341 1.36453e-38 3
0.314589 0.238414 0.45078 1.3001e-38 3
0.323779 0.239769 0.453341 1.28166e-38 3
0.331182 0.239769 0.453341 1.07883e-38 3
0.333843 0.236411 0.446992 1.22635e-38 3
0.343064 0.237743 0.44951 1.12493e-38 3
0.352389 0.23909 0.452057 1.17103e-38 3
0.356739 0.237075 0.448247 1.19869e-38 3
0.362025 0.23575 0.445743 1.28166e-38 3
0.367252 0.234441 0.443267 1.18025e-38 3
0.37449 0.234441 0.443267 1.30936e-38 3
0.381729 0.234441 0.443267 1.04199e-38 3
0.388967 0.234441 0.443267 1.09731e-38 3
0.391851 0.231864 0.438396 1.13415e-38 3
0.39901 0.231864 0.438396 1.23557e-38 3
0.403949 0.230597 0.436 9.95857e-39 3
0.413328 0.231864 0.438396 1.16181e-38 3
0.429935 0.237075 0.448247 1.07883e-38 3
0.455154 0.24678 0.466596 9.86637e-39 3
0.462774 0.24678 0.466596 1.0143e-38 3
0.470393 0.24678 0.466596 9.95857e-39 3
0.478012 0.24678 0.466596 1.04195e-38 3
0.477258 0.242525 0.458552 1.02355e-38 3
0.479238 0.239769 0.453341 8.94477e-39 3
0.481173 0.237075 0.448247 9.86565e-39 3
0.488492 0.237075 0.448247 1.01415e-38 3
0.495812 0.237075 0.448247 9.40359e-39 3
0.503132 0.237075 0.448247 7.19054e-39 3
0.513335 0.238414 0.45078 6.3615e-39 3
0.520696 0.238414 0.45078 8.11286e-39 3
0.52509 0.237075 0.448247 8.76003e-39 3
0.53241 0.237075 0.448247 4.98001e-39 3
-0.304508 0.210664 0.386383 8.85222e-39 3
-0.307526 0.22195 0.407082 1.05121e-38 3
-0.303199 0.223662 0.410221 1.0143e-38 3
-0.298804 0.2254 0.413409 1.33698e-38 3
-0.295112 0.22776 0.417738 1.13404e-38 3
-0.288291 0.22776 0.417738 1.31833e-38 3
-0.283697 0.229563 0.421045 1.08776e-38 3
-0.27903 0.231395 0.424404 1.2813e-38 3
-0.272826 0.232012 0.425536 1.51158e-38 3
-0.267303 0.233256 0.427818 1.46537e-38 3
-0.264572 0.237069 0.434812 1.32726e-38 3
-0.254696 0.234513 0.430124 1.32729e-38 3
-0.222091 0.216429 0.396955 9.21956e-39 3
-0.21943 0.220264 0.40399 1.07876e-38 3
-0.211761 0.219155 0.401955 1.27237e-38 3
-0.205197 0.219155 0.401955 1.12486e-38 3
-0.199135 0.219708 0.40297 1.23557e-38 3
-0.193043 0.220264 0.40399 1.33705e-38 3
-0.185506 0.219155 0.401955 1.16188e-38 3
-0.178943 0.219155 0.401955 1.30939e-38 3
-0.172379 0.219155 0.401955 1.13415e-38 3
-0.0531614 0.214826 0.394015 1.6874e-38 3
-0.0473115 0.217511 0.39894 1.5952e-38 3
-0.0400954 0.21377 0.392079 1.74271e-38 3
-0.0336104 0.213246 0.391118 1.66906e-38 3
-0.0272905 0.21377 0.392079 1.63211e-38 3
-0.0207353 0.212206 0.38921 1.60438e-38 3
0.0241064 0.215357 0.39499 1.47535e-38 3
0.0307084 0.216429 0.396955 1.52144e-38 3
0.036915 0.214826 0.394015 1.58598e-38 3
0.0432422 0.214297 0.393044 1.50304e-38 3
0.0500301 0.215892 0.39597 1.53988e-38 3
0.0564961 0.215892 0.39597 1.36471e-38 3
0.0886529 0.252187 0.462539 1.39215e-38 3
0.0956514 0.250733 0.459873 1.41059e-38 3
0.101985 0.247876 0.454632 1.5213e-38 3
0.108176 0.245083 0.44951 1.2817e-38 3
0.114869 0.24371 0.446992 1.45694e-38 3
0.122169 0.24371 0.446992 1.44772e-38 3
0.129468 0.24371 0.446992 1.40159e-38 3
0.141295 0.239023 0.438396 1.47531e-38 3
0.148454 0.239023 0.438396 1.52144e-38 3
0.151452 0.232632 0.426674 1.78892e-38 3
0.159271 0.233883 0.428968 1.37407e-38 3
0.16993 0.239023 0.438396 1.38311e-38 3
0.179057 0.241679 0.443267 1.41063e-38 3
0.187336 0.243029 0.445743 1.34609e-38 3
0.195708 0.244394 0.448247 1.32783e-38 3
0.203027 0.244394 0.448247 1.30017e-38 3
0.210347 0.244394 0.448247 1.38315e-38 3
0.217667 0.244394 0.448247 1.4384e-38 3
0.223729 0.243029 0.445743 1.30014e-38 3
0.229725 0.241679 0.443267 1.32769e-38 3
0.235654 0.240344 0.440818 1.21702e-38 3
0.241518 0.239023 0.438396 1.22635e-38 3
0.25144 0.241679 0.443267 1.45683e-38 3
0.263062 0.245775 0.45078 1.24478e-38 3
0.273514 0.248584 0.455931 1.4384e-38 3
0.280959 0.248584 0.455931 1.36453e-38 3
0.288404 0.248584 0.455931 1.30914e-38 3
0.294168 0.247172 0.453341 1.33677e-38 3
0.301571 0.247172 0.453341 1.48428e-38 3
0.305502 0.244394 0.448247 1.29992e-38 3
0.312822 0.244394 0.448247 1.34609e-38 3
0.320141 0.244394 0.448247 1.35542e-38 3
0.329311 0.245775 0.45078 1.36464e-38 3
0.335724 0.245083 0.44951 1.25408e-38 3
0.343064 0.245083 0.44951 1.2633e-38 3
0.350404 0.245083 0.44951 1.22642e-38 3
0.353758 0.242352 0.444501 1.02352e-38 3
0.354112 0.237717 0.436 9.58978e-39 3
0.355405 0.233883 0.428968 1.18018e-38 3
0.364369 0.235147 0.431286 1.11564e-38 3
0.371412 0.235147 0.431286 1.20783e-38 3
0.38259 0.237717 0.436 1.23557e-38 3
0.38971 0.237717 0.436 1.17103e-38 3
0.394673 0.236425 0.43363 1.2633e-38 3
0.397434 0.233883 0.428968 9.77489e-39 3
0.400136 0.231395 0.424404 9.03733e-39 3
0.407067 0.231395 0.424404 8.94513e-39 3
0.418448 0.233883 0.428968 1.0143e-38 3
0.439635 0.241679 0.443267 1.12493e-38 3
0.44937 0.243029 0.445743 9.03662e-39 3
0.456648 0.243029 0.445743 8.57564e-39 3
0.46135 0.241679 0.443267 8.20685e-39 3
0.465999 0.240344 0.440818 9.221e-39 3
0.473197 0.240344 0.440818 1.06032e-38 3
0.480396 0.240344 0.440818 8.7593e-39 3
0.487594 0.240344 0.440818 6.91467e-39 3
0.494792 0.240344 0.440818 8.85078e-39 3
0.496504 0.237717 0.436 7.00615e-39 3
0.503624 0.237717 0.436 9.12665e-39 3
0.507968 0.236425 0.43363 7.83699e-39 3
0.509511 0.233883 0.428968 8.20577e-39 3
0.516515 0.233883 0.428968 7.46821e-39 3
0.540971 0.241679 0.443267 8.57456e-39 3
-0.296921 0.220715 0.393044 1.07887e-38 3
-0.290503 0.220715 0.393044 1.04195e-38 3
-0.291259 0.226288 0.40297 1.08795e-38 3
-0.287584 0.228597 0.407082 1.24464e-38 3
-0.282377 0.22977 0.409169 1.35513e-38 3
-0.280003 0.23336 0.415562 1.30896e-38 3
-0.279774 0.23896 0.425536 1.19815e-38 3
-0.272826 0.23896 0.425536 1.47459e-38 3
-0.26517 0.238325 0.424404 1.36396e-38 3
-0.26172 0.241537 0.430124 1.28116e-38 3
-0.252653 0.239599 0.426674 9.77058e-39 3
-0.222091 0.222911 0.396955 9.86565e-39 3
-0.218876 0.226288 0.40297 1.06954e-38 3
-0.2107 0.224587 0.39994 1.31847e-38 3
-0.204169 0.224587 0.39994 1.06954e-38 3
-0.198135 0.225151 0.400945 1.23557e-38 3
-0.19207 0.225718 0.401955 1.29088e-38 3
-0.183656 0.223467 0.397945 1.18032e-38 3
-0.177158 0.223467 0.397945 1.29088e-38 3
-0.170235 0.222911 0.396955 1.38308e-38 3
-0.163753 0.222911 0.396955 1.21702e-38 3
-0.156881 0.222358 0.39597 1.254e-38 3
-0.0658669 0.220715 0.393044 1.55836e-38 3
-0.0527705 0.219633 0.391118 1.57672e-38 3
-0.0466123 0.220715 0.393044 1.77037e-38 3
-0.0335282 0.219096 0.390161 1.58609e-38 3
-0.0271571 0.219096 0.390161 1.96402e-38 3
-0.0206848 0.21803 0.388263 1.62282e-38 3
0.0111239 0.220172 0.392079 1.65974e-38 3
0.0175263 0.220172 0.392079 1.56751e-38 3
0.0240469 0.22126 0.394015 1.73349e-38 3
0.0307084 0.222911 0.396955 1.71505e-38 3
0.0370064 0.221807 0.39499 1.73349e-38 3
0.043136 0.220172 0.392079 1.51222e-38 3
0.049783 0.22126 0.394015 1.45701e-38 3
0.0886529 0.25974 0.462539 1.58576e-38 3
0.0951033 0.256763 0.457238 1.33684e-38 3
0.101121 0.253136 0.45078 1.46598e-38 3
0.107872 0.251714 0.448247 1.53063e-38 3
0.114549 0.250308 0.445743 1.51219e-38 3
0.121827 0.250308 0.445743 1.51219e-38 3
0.129106 0.250308 0.445743 1.66892e-38 3
0.134137 0.246182 0.438396 1.41077e-38 3
0.139381 0.242846 0.432455 1.39233e-38 3
0.144485 0.239599 0.426674 1.66896e-38 3
0.149454 0.236438 0.421045 1.74271e-38 3
0.153893 0.232754 0.414483 1.53999e-38 3
0.162775 0.235816 0.419937 1.54907e-38 3
0.17053 0.237064 0.422159 1.42907e-38 3
0.178368 0.238325 0.424404 1.40141e-38 3
0.185298 0.238325 0.424404 1.41996e-38 3
0.194295 0.240888 0.428968 1.2633e-38 3
0.202388 0.24219 0.431286 1.2633e-38 3
0.212883 0.246182 0.438396 1.3462e-38 3
0.222486 0.248917 0.443267 1.36464e-38 3
0.229725 0.248917 0.443267 1.30925e-38 3
0.236963 0.248917 0.443267 1.41063e-38 3
0.245566 0.250308 0.445743 1.3462e-38 3
0.257154 0.254574 0.453341 1.23557e-38 3
0.267598 0.2575 0.458552 1.49379e-38 3
0.276676 0.258989 0.461202 1.3462e-38 3
0.284207 0.258989 0.461202 1.37375e-38 3
0.290061 0.2575 0.458552 1.23539e-38 3
0.295849 0.256029 0.455931 1.39208e-38 3
0.301571 0.254574 0.453341 1.18007e-38 3
0.303795 0.250308 0.445743 1.18014e-38 3
0.311074 0.250308 0.445743 1.29078e-38 3
0.318353 0.250308 0.445743 1.23546e-38 3
0.325631 0.250308 0.445743 1.21713e-38 3
0.331061 0.248917 0.443267 1.2633e-38 3
0.33643 0.247542 0.440818 1.21731e-38 3
0.348441 0.251009 0.446992 1.33705e-38 3
0.341396 0.240888 0.428968 1.37386e-38 3
0.361017 0.24961 0.444501 1.09727e-38 3
0.344299 0.23336 0.415562 1.005e-38 3
0.351085 0.23336 0.415562 1.06032e-38 3
0.359744 0.234582 0.417738 1.13408e-38 3
0.372415 0.238325 0.424404 1.3462e-38 3
0.379345 0.238325 0.424404 1.18947e-38 3
0.386276 0.238325 0.424404 1.20791e-38 3
0.391126 0.237064 0.422159 1.23557e-38 3
0.393851 0.234582 0.417738 1.03273e-38 3
0.398586 0.23336 0.415562 1.06961e-38 3
0.405372 0.23336 0.415562 1.09727e-38 3
0.4187 0.237064 0.422159 1.08805e-38 3
0.425594 0.237064 0.422159 9.03661e-39 3
0.434788 0.238325 0.424404 8.85222e-39 3
0.441718 0.238325 0.424404 9.77418e-39 3
0.448648 0.238325 0.424404 7.37709e-39 3
0.458015 0.239599 0.426674 1.04188e-38 3
0.464982 0.239599 0.426674 9.40467e-39 3
0.469439 0.238325 0.424404 1.03266e-38 3
0.476369 0.238325 0.424404 7.00687e-39 3
0.478212 0.235816 0.419937 8.29689e-39 3
0.48253 0.234582 0.417738 6.91396e-39 3
0.489351 0.234582 0.417738 7.28382e-39 3
0.50409 0.238325 0.424404 5.71649e-39 3
0.511021 0.238325 0.424404 7.19162e-39 3
0.52352 0.240888 0.428968 9.49651e-39 3
0.548209 0.248917 0.443267 7.6526e-39 3
-0.251075 0.205381 0.355403 1.20769e-38 3
-0.272826 0.245909 0.425536 1.29942e-38 3
-0.26169 0.242037 0.418835 1.12436e-38 3
-0.228242 0.222744 0.385449 1.21677e-38 3
-0.221413 0.222207 0.38452 9.58763e-39 3
-0.219363 0.226575 0.392079 1.17096e-38 3
-0.215609 0.229393 0.396955 1.0972e-38 3
-0.208092 0.228257 0.39499 1.17096e-38 3
-0.201642 0.228257 0.39499 1.36457e-38 3
-0.195676 0.228824 0.39597 1.29081e-38 3
-0.189681 0.229393 0.396955 1.25393e-38 3
-0.181842 0.227694 0.394015 1.31858e-38 3
-0.175408 0.227694 0.394015 1.21705e-38 3
-0.168974 0.227694 0.394015 1.20783e-38 3
-0.16254 0.227694 0.394015 1.39215e-38 3
-0.155721 0.227133 0.393044 1.29999e-38 3
-0.0695444 0.218521 0.378142 1.51219e-38 3
-0.0632197 0.218005 0.377248 1.53988e-38 3
-0.0584411 0.223283 0.386383 1.70576e-38 3
-0.0521317 0.223283 0.386383 1.6597e-38 3
-0.0460453 0.22437 0.388263 1.66892e-38 3
-0.039802 0.224917 0.38921 1.66896e-38 3
-0.0207353 0.224917 0.38921 1.40155e-38 3
0.00475658 0.228257 0.39499 1.64133e-38 3
0.0111789 0.227694 0.394015 1.59524e-38 3
0.0175695 0.227133 0.393044 1.63208e-38 3
0.0241064 0.228257 0.39499 1.70583e-38 3
0.0307084 0.229393 0.396955 1.73349e-38 3
0.0370982 0.228824 0.39597 1.5491e-38 3
0.0432422 0.227133 0.393044 1.65052e-38 3
0.0500301 0.228824 0.39597 1.30028e-38 3
0.0889106 0.26807 0.463884 1.81633e-38 3
0.0959279 0.26652 0.461202 1.35535e-38 3
0.102277 0.263474 0.455931 1.57672e-38 3
0.109098 0.261977 0.453341 1.38311e-38 3
0.115517 0.259763 0.44951 1.89019e-38 3
0.122169 0.258308 0.446992 1.77955e-38 3
0.110047 0.219562 0.379943 1.68736e-38 3
0.132679 0.250587 0.43363 1.6136e-38 3
0.137517 0.246567 0.426674 1.62286e-38 3
0.148669 0.242037 0.418835 1.45684e-38 3
0.153098 0.238284 0.412341 1.45687e-38 3
0.159009 0.237059 0.410221 1.46609e-38 3
0.165283 0.236451 0.409169 1.56736e-38 3
0.171965 0.236451 0.409169 1.38297e-38 3
0.179567 0.23767 0.411278 1.48449e-38 3
0.190205 0.242674 0.419937 1.29095e-38 3
0.2013 0.247892 0.428968 1.28174e-38 3
0.212883 0.253341 0.438396 1.23557e-38 3
0.222486 0.256155 0.443267 1.41074e-38 3
0.231008 0.257586 0.445743 1.22638e-38 3
0.245134 0.264988 0.458552 1.29088e-38 3
0.257054 0.269637 0.466596 1.17092e-38 3
0.267805 0.272828 0.472118 1.38297e-38 3
0.282194 0.279442 0.483564 1.37393e-38 3
0.28491 0.274452 0.474928 1.18947e-38 3
0.289222 0.271223 0.469341 1.30932e-38 3
0.290061 0.264988 0.458552 1.38308e-38 3
0.295849 0.263474 0.455931 1.25386e-38 3
0.303294 0.263474 0.455931 1.35531e-38 3
0.305502 0.259034 0.448247 1.18936e-38 3
0.309346 0.256155 0.443267 1.22624e-38 3
0.313105 0.253341 0.438396 1.39219e-38 3
0.311701 0.246567 0.426674 1.28156e-38 3
0.315296 0.243958 0.422159 1.26322e-38 3
0.324767 0.245909 0.425536 1.2172e-38 3
0.323941 0.240146 0.415562 1.1711e-38 3
0.330727 0.240146 0.415562 1.07883e-38 3
0.334033 0.23767 0.411278 1.1895e-38 3
0.337272 0.235245 0.407082 1.30925e-38 3
0.34392 0.235245 0.407082 1.06032e-38 3
0.354181 0.23767 0.411278 9.86565e-39 3
0.360897 0.23767 0.411278 1.11571e-38 3
0.371442 0.240146 0.415562 1.22635e-38 3
0.378228 0.240146 0.415562 1.14337e-38 3
0.385014 0.240146 0.415562 1.18025e-38 3
0.38977 0.238901 0.413409 9.86637e-39 3
0.396521 0.238901 0.413409 1.06961e-38 3
0.403271 0.238901 0.413409 9.6809e-39 3
0.412158 0.240146 0.415562 1.19858e-38 3
0.418944 0.240146 0.415562 1.09716e-38 3
0.42573 0.240146 0.415562 1.05107e-38 3
0.432515 0.240146 0.415562 1.21713e-38 3
0.434772 0.23767 0.411278 1.05117e-38 3
0.441488 0.23767 0.411278 1.005e-38 3
0.448204 0.23767 0.411278 9.22028e-39 3
0.450278 0.235245 0.407082 8.8515e-39 3
0.454606 0.234051 0.405015 1.00493e-38 3
0.46122 0.234051 0.405015 9.58763e-39 3
0.472632 0.236451 0.409169 9.77202e-39 3
0.486803 0.240146 0.415562 6.73064e-39 3
0.501423 0.243958 0.422159 8.02138e-39 3
0.513753 0.246567 0.426674 7.5604e-39 3
0.532103 0.251956 0.436 6.17747e-39 3
0.548209 0.256155 0.443267 5.80833e-39 3
0.564862 0.260497 0.45078 6.54625e-39 3
-0.24668 0.207487 0.349182 7.92882e-39 3
-0.227692 0.228486 0.38452 1.0233e-38 3
-0.223025 0.23015 0.38732 1.12479e-38 3
-0.218825 0.232406 0.391118 1.2356e-38 3
-0.213485 0.233551 0.393044 1.30003e-38 3
-0.207067 0.233551 0.393044 1.32769e-38 3
-0.201144 0.234128 0.394015 1.32769e-38 3
-0.19471 0.234128 0.394015 1.42903e-38 3
-0.188276 0.234128 0.394015 1.3645e-38 3
-0.181842 0.234128 0.394015 1.41988e-38 3
-0.174976 0.233551 0.393044 1.16166e-38 3
-0.0702099 0.226846 0.381761 1.57672e-38 3
-0.0636713 0.225766 0.379943 1.77959e-38 3
-0.0580196 0.227937 0.383596 1.62268e-38 3
-0.0520058 0.229038 0.385449 1.50286e-38 3
-0.0458223 0.229593 0.386383 1.60438e-38 3
-0.0208369 0.232406 0.391118 1.2356e-38 3
-0.0144857 0.232977 0.392079 1.79789e-38 3
-0.00808331 0.232977 0.392079 1.34631e-38 3
-0.00169338 0.234707 0.39499 1.50297e-38 3
0.00476838 0.23529 0.39597 1.49375e-38 3
0.0111789 0.234128 0.394015 1.73353e-38 3
0.0176129 0.234128 0.394015 1.65974e-38 3
0.0241663 0.23529 0.39597 1.53988e-38 3
0.0309393 0.237648 0.39994 1.73349e-38 3
0.0374701 0.237648 0.39994 1.46613e-38 3
0.0914348 0.225766 0.379943 1.6136e-38 3
0.097639 0.225766 0.379943 1.76101e-38 3
0.123904 0.26938 0.453341 1.54896e-38 3
0.108498 0.222586 0.374591 1.59506e-38 3
0.115701 0.224696 0.378142 1.68725e-38 3
0.136786 0.252185 0.424404 1.7242e-38 3
0.142579 0.250189 0.421045 1.65967e-38 3
0.14828 0.248224 0.417738 1.41996e-38 3
0.154697 0.247576 0.416647 1.63193e-38 3
0.159419 0.244386 0.411278 1.31861e-38 3
0.166135 0.244386 0.411278 1.35542e-38 3
0.164378 0.232406 0.391118 1.55814e-38 3
0.169932 0.231273 0.38921 1.49361e-38 3
0.186283 0.244386 0.411278 1.30939e-38 3
0.200223 0.253534 0.426674 1.33705e-38 3
0.231489 0.274051 0.461202 1.28166e-38 3
0.23902 0.274051 0.461202 1.34624e-38 3
0.256948 0.285608 0.480651 1.3001e-38 3
0.268026 0.289091 0.486512 1.24468e-38 3
0.277663 0.290864 0.489497 1.28156e-38 3
0.282194 0.287339 0.483564 1.3462e-38 3
0.29009 0.287339 0.483564 1.41074e-38 3
0.289222 0.278887 0.469341 1.55825e-38 3
0.288404 0.270919 0.455931 1.43843e-38 3
0.295849 0.270919 0.455931 1.36453e-38 3
0.301571 0.26938 0.453341 1.38297e-38 3
0.302108 0.263394 0.443267 1.5397e-38 3
0.262652 0.223636 0.376358 1.43829e-38 3
0.268798 0.223636 0.376358 1.40137e-38 3
0.274944 0.223636 0.376358 1.42907e-38 3
0.283766 0.225766 0.379943 1.59513e-38 3
0.317155 0.246932 0.415562 1.49379e-38 3
0.3231 0.24629 0.414483 1.49379e-38 3
0.317498 0.237054 0.39894 1.2817e-38 3
0.320804 0.234707 0.39499 1.31858e-38 3
0.327254 0.234707 0.39499 1.22627e-38 3
0.33206 0.233551 0.393044 1.28159e-38 3
0.335176 0.231273 0.38921 1.0972e-38 3
0.344897 0.233551 0.393044 1.09727e-38 3
0.349593 0.232406 0.391118 1.13415e-38 3
0.357733 0.233551 0.393044 1.13408e-38 3
0.364151 0.233551 0.393044 1.04188e-38 3
0.378018 0.238246 0.400945 1.1433e-38 3
0.384565 0.238246 0.400945 1.0511e-38 3
0.393088 0.239449 0.40297 8.94369e-39 3
0.401697 0.240664 0.405015 1.02344e-38 3
0.410394 0.241892 0.407082 1.23546e-38 3
0.41918 0.243133 0.409169 9.49651e-39 3
0.425861 0.243133 0.409169 9.4054e-39 3
0.415497 0.233551 0.393044 1.00508e-38 3
0.413762 0.229038 0.385449 1.13404e-38 3
0.418037 0.227937 0.383596 9.68126e-39 3
0.424301 0.227937 0.383596 8.48271e-39 3
0.430564 0.227937 0.383596 8.75858e-39 3
0.443221 0.231273 0.38921 9.58763e-39 3
0.467833 0.240664 0.405015 9.86421e-39 3
1.43589 0.718346 1.20891 8.38981e-39 3
0.542779 0.267858 0.45078 1.01415e-38 3
0.540971 0.263394 0.443267 8.482e-39 3
0.557501 0.267858 0.45078 1.03259e-38 3
0.564862 0.267858 0.45078 8.48236e-39 3
0.575474 0.26938 0.453341 1.01419e-38 3
0.582877 0.26938 0.453341 7.37565e-39 3
-0.252018 0.208178 0.340974 1.13408e-38 3
-0.245401 0.207293 0.339523 1.02355e-38 3
-0.242959 0.209973 0.343914 1.12497e-38 3
-0.225065 0.219927 0.360217 1.35513e-38 3
-0.188015 0.21134 0.346152 1.43832e-38 3
-0.206558 0.23938 0.392079 1.35528e-38 3
-0.199177 0.238209 0.390161 1.53041e-38 3
-0.142572 0.202974 0.33245 1.18929e-38 3
-0.0582999 0.235332 0.385449 1.70569e-38 3
-0.0520058 0.235332 0.385449 1.52123e-38 3
-0.0457116 0.235332 0.385449 1.5213e-38 3
-0.0144857 0.23938 0.392079 1.59509e-38 3
-0.0080635 0.238793 0.391118 1.30014e-38 3
-0.00169338 0.241157 0.39499 1.74271e-38 3
0.00478024 0.242357 0.396955 1.35556e-38 3
0.0112065 0.241157 0.39499 1.5307e-38 3
0.0176129 0.240562 0.394015 1.52148e-38 3
0.0241663 0.241756 0.39597 1.58591e-38 3
0.0310952 0.245409 0.401955 1.59513e-38 3
0.037754 0.246029 0.40297 1.40152e-38 3
0.0962638 0.228703 0.374591 1.53974e-38 3
0.0995757 0.222437 0.364329 1.65952e-38 3
0.105525 0.222437 0.364329 1.66874e-38 3
0.111986 0.223458 0.366 1.65967e-38 3
0.122456 0.23197 0.379943 1.67814e-38 3
0.12866 0.23197 0.379943 1.89019e-38 3
0.13551 0.23308 0.381761 1.82562e-38 3
0.142425 0.234201 0.383596 1.46595e-38 3
0.148689 0.234201 0.383596 1.48449e-38 3
0.154212 0.23308 0.381761 1.56736e-38 3
0.161217 0.234201 0.383596 1.44747e-38 3
0.167481 0.234201 0.383596 1.40152e-38 3
0.178024 0.239969 0.393044 1.63208e-38 3
0.268776 0.326938 0.53549 1.43832e-38 3
0.25844 0.304461 0.498675 1.56747e-38 3
0.264928 0.30257 0.495578 1.59513e-38 3
0.27302 0.30257 0.495578 1.40141e-38 3
0.279377 0.300702 0.492518 1.39219e-38 3
0.28742 0.300702 0.492518 1.73331e-38 3
0.288343 0.293456 0.480651 1.43847e-38 3
0.289222 0.286552 0.469341 1.36482e-38 3
0.288404 0.278364 0.455931 1.5491e-38 3
0.256506 0.229782 0.376358 1.33687e-38 3
0.251956 0.220424 0.361032 1.678e-38 3
0.257851 0.220424 0.361032 1.26308e-38 3
0.266155 0.222437 0.364329 1.25386e-38 3
0.276524 0.22605 0.370246 1.21713e-38 3
0.283227 0.226576 0.371107 1.43847e-38 3
0.293381 0.229782 0.376358 1.42936e-38 3
0.300946 0.230871 0.378142 1.47535e-38 3
0.293224 0.220424 0.361032 1.25404e-38 3
0.301163 0.221931 0.363499 1.41999e-38 3
0.443475 0.320485 0.524921 1.25393e-38 3
0.324109 0.229782 0.376358 1.18018e-38 3
0.443127 0.308315 0.504987 1.0972e-38 3
0.451373 0.308315 0.504987 1.18947e-38 3
0.34417 0.230871 0.378142 1.08798e-38 3
0.353697 0.23308 0.381761 1.01415e-38 3
0.359931 0.23308 0.381761 1.0972e-38 3
0.367925 0.234201 0.383596 1.15252e-38 3
0.381526 0.238793 0.391118 8.94369e-39 3
0.399668 0.246029 0.40297 1.07876e-38 3
0.410394 0.24854 0.407082 9.40432e-39 3
0.41918 0.249814 0.409169 9.95749e-39 3
0.409079 0.239969 0.393044 9.21993e-39 3
0.407468 0.235332 0.385449 9.49687e-39 3
0.39109 0.222437 0.364329 9.4054e-39 3
0.393446 0.220424 0.361032 9.86637e-39 3
0.397543 0.219431 0.359405 8.57491e-39 3
0.410814 0.223458 0.366 8.85113e-39 3
0.410205 0.219927 0.360217 9.40395e-39 3
0.417028 0.220424 0.361032 7.65224e-39 3
1.48077 0.761152 1.24669 7.74443e-39 3
1.50112 0.761152 1.24669 8.94298e-39 3
1.47538 0.738087 1.20891 8.29761e-39 3
0.557501 0.275219 0.45078 9.12737e-39 3
0.564862 0.275219 0.45078 1.00493e-38 3
0.572223 0.275219 0.45078 7.83663e-39 3
0.582877 0.276783 0.453341 1.00493e-38 3
-0.250413 0.212385 0.338802 1.02344e-38 3
-0.220584 0.221313 0.353044 1.45662e-38 3
-0.206766 0.218891 0.349182 1.33691e-38 3
-0.201065 0.218891 0.349182 1.23549e-38 3
-0.194936 0.218413 0.348419 1.20783e-38 3
-0.188424 0.217464 0.346904 1.22627e-38 3
-0.183959 0.218891 0.349182 1.39215e-38 3
-0.165667 0.210154 0.335244 1.39212e-38 3
-0.157871 0.207108 0.330385 1.33687e-38 3
-0.148 0.208403 0.33245 1.31843e-38 3
-0.143468 0.209713 0.334541 1.23539e-38 3
-0.0855287 0.215125 0.343174 1.41066e-38 3
-0.0743211 0.215125 0.343174 1.34613e-38 3
-0.0687172 0.215125 0.343174 1.47531e-38 3
-0.0585829 0.242799 0.38732 1.62271e-38 3
-0.0145214 0.246387 0.393044 1.69651e-38 3
-0.00810322 0.246387 0.393044 1.40155e-38 3
0.00480414 0.250083 0.39894 1.65981e-38 3
0.0112343 0.248222 0.39597 1.55836e-38 3
0.0176565 0.247607 0.39499 1.77041e-38 3
0.0241064 0.247607 0.39499 1.52144e-38 3
0.0857916 0.209275 0.333841 1.62264e-38 3
0.110465 0.22632 0.361032 1.88093e-38 3
0.120167 0.233723 0.372841 1.85331e-38 3
0.127446 0.235928 0.376358 1.92703e-38 3
0.134225 0.237046 0.378142 1.76097e-38 3
0.141069 0.238174 0.379943 1.52123e-38 3
0.147978 0.239314 0.381761 1.50283e-38 3
0.153477 0.238174 0.379943 1.44751e-38 3
0.158925 0.237046 0.378142 1.41985e-38 3
0.162785 0.233723 0.372841 1.31854e-38 3
0.17209 0.238174 0.379943 1.45691e-38 3
0.266777 0.322688 0.514761 1.47527e-38 3
0.26826 0.31457 0.501811 1.39233e-38 3
0.274726 0.312604 0.498675 1.37386e-38 3
0.28287 0.312604 0.498675 2.04678e-38 3
0.289205 0.310662 0.495578 1.55814e-38 3
0.295462 0.308745 0.492518 1.57676e-38 3
0.296192 0.301305 0.480651 1.57687e-38 3
0.291738 0.289114 0.461202 1.57676e-38 3
0.248308 0.228387 0.364329 1.48449e-38 3
0.248581 0.223289 0.356196 1.5213e-38 3
0.2614 0.229434 0.366 1.37371e-38 3
0.269229 0.231024 0.368536 1.36457e-38 3
0.278462 0.233723 0.372841 1.35542e-38 3
0.273066 0.22429 0.357794 1.36471e-38 3
0.272196 0.218891 0.349182 1.40159e-38 3
0.288635 0.227348 0.362673 1.41081e-38 3
0.294557 0.227348 0.362673 1.35553e-38 3
0.299119 0.22632 0.361032 1.39233e-38 3
0.439142 0.325841 0.519791 1.37379e-38 3
0.439049 0.319595 0.509827 1.20783e-38 3
0.441729 0.315562 0.503394 1.27248e-38 3
0.449949 0.315562 0.503394 1.19869e-38 3
0.455297 0.313584 0.500238 1.18932e-38 3
0.337547 0.228387 0.364329 9.31248e-39 3
0.349887 0.232636 0.371107 1.10642e-38 3
0.355947 0.232636 0.371107 1.15259e-38 3
0.374189 0.240465 0.383596 8.66711e-39 3
0.387913 0.24518 0.391118 8.39052e-39 3
0.405088 0.243984 0.38921 9.68126e-39 3
0.385141 0.228387 0.364329 9.31248e-39 3
0.38236 0.223289 0.356196 9.4054e-39 3
0.386452 0.222296 0.354613 1.08805e-38 3
0.39576 0.22429 0.357794 9.77274e-39 3
0.405237 0.22632 0.361032 8.66674e-39 3
0.408361 0.224794 0.358598 9.12772e-39 3
0.416087 0.225809 0.360217 7.56004e-39 3
1.48077 0.78151 1.24669 9.22028e-39 3
1.50112 0.78151 1.24669 8.75895e-39 3
0.564862 0.28258 0.45078 8.11358e-39 3
0.572223 0.28258 0.45078 8.39017e-39 3
0.579584 0.28258 0.45078 5.80904e-39 3
-0.263154 0.219314 0.340974 1.15252e-38 3
-0.255945 0.217917 0.338802 1.04188e-38 3
-0.249882 0.217456 0.338085 1.17106e-38 3
-0.222412 0.223128 0.346904 1.0972e-38 3
-0.21817 0.224593 0.349182 1.41066e-38 3
-0.212004 0.224103 0.348419 1.36457e-38 3
-0.205866 0.223615 0.34766 1.29081e-38 3
-0.199753 0.223128 0.346904 1.19861e-38 3
-0.192831 0.221683 0.344657 1.30921e-38 3
-0.184808 0.218847 0.340247 1.45673e-38 3
-0.179635 0.219314 0.340974 1.28138e-38 3
-0.170425 0.214726 0.333841 1.20762e-38 3
-0.16463 0.214278 0.333144 1.32765e-38 3
-0.15722 0.211627 0.329023 1.1156e-38 3
-0.148 0.213831 0.33245 1.18014e-38 3
-0.0846188 0.218381 0.339523 1.64115e-38 3
-0.0674125 0.216538 0.336658 1.64126e-38 3
-0.0559455 0.214726 0.333841 1.46598e-38 3
-0.00828692 0.258537 0.401955 1.56758e-38 3
0.0857916 0.214726 0.333841 1.71491e-38 3
0.0908628 0.213831 0.33245 1.47517e-38 3
0.108022 0.227078 0.353044 1.66888e-38 3
0.116361 0.232215 0.361032 1.6781e-38 3
0.126255 0.239811 0.372841 1.68732e-38 3
0.139738 0.242073 0.376358 1.68718e-38 3
0.146575 0.243221 0.378142 1.84395e-38 3
0.136569 0.217456 0.338085 1.38308e-38 3
0.140895 0.215628 0.335244 1.50293e-38 3
0.14637 0.215628 0.335244 1.64123e-38 3
0.156445 0.222162 0.345403 1.60442e-38 3
0.174148 0.238696 0.371107 1.65974e-38 3
0.266777 0.331094 0.514761 1.39237e-38 3
0.269958 0.324807 0.504987 1.41084e-38 3
0.276454 0.322764 0.501811 1.51219e-38 3
0.284649 0.322764 0.501811 1.41996e-38 3
0.292843 0.322764 0.501811 1.53059e-38 3
0.297298 0.318755 0.495578 1.60442e-38 3
0.294418 0.307303 0.477772 1.53999e-38 3
0.286765 0.291588 0.453341 1.37404e-38 3
0.23427 0.232215 0.361032 1.72427e-38 3
0.238011 0.230132 0.357794 1.39237e-38 3
0.246618 0.232742 0.36185 1.43843e-38 3
0.251387 0.231691 0.360217 1.29092e-38 3
0.260206 0.234336 0.364329 1.32769e-38 3
0.267376 0.235411 0.366 1.20794e-38 3
0.275247 0.237042 0.368536 1.15262e-38 3
0.278054 0.234336 0.364329 1.27248e-38 3
0.282712 0.233271 0.362673 1.40152e-38 3
0.293301 0.237042 0.368536 1.40159e-38 3
0.292562 0.231691 0.360217 1.4846e-38 3
0.299119 0.232215 0.361032 1.27252e-38 3
0.299592 0.228087 0.354613 1.39223e-38 3
0.436261 0.325838 0.50659 1.18028e-38 3
0.44034 0.322764 0.501811 1.31858e-38 3
0.445731 0.320747 0.498675 1.31861e-38 3
0.322755 0.228087 0.354613 1.26315e-38 3
0.330012 0.229105 0.356196 1.11564e-38 3
0.338854 0.231169 0.359405 1.14337e-38 3
0.344723 0.231169 0.359405 1.03273e-38 3
0.35867 0.236496 0.367687 1.08809e-38 3
0.373212 0.227078 0.353044 1.11564e-38 3
0.377307 0.226077 0.351489 8.66783e-39 3
0.379701 0.224103 0.348419 7.00831e-39 3
0.388786 0.226077 0.351489 7.92882e-39 3
0.394526 0.226077 0.351489 8.48235e-39 3
0.399386 0.22558 0.350716 1.06029e-38 3
0.409614 0.228087 0.354613 6.91467e-39 3
0.572223 0.289941 0.45078 8.94334e-39 3
0.579584 0.289941 0.45078 7.6526e-39 3
-0.255945 0.22345 0.338802 9.49794e-39 3
-0.250413 0.22345 0.338802 9.59014e-39 3
-0.244361 0.222976 0.338085 1.06043e-38 3
-0.239348 0.22345 0.338802 9.77453e-39 3
-0.235314 0.224882 0.340974 1.15262e-38 3
-0.228768 0.223925 0.339523 1.01422e-38 3
-0.22514 0.225847 0.342438 1.2356e-38 3
-0.219078 0.225364 0.341704 1.33691e-38 3
-0.216277 0.228297 0.346152 1.31847e-38 3
-0.210169 0.227803 0.345403 1.08794e-38 3
-0.202339 0.225364 0.341704 1.41066e-38 3
-0.196339 0.224882 0.340974 1.34613e-38 3
-0.183245 0.222505 0.33737 1.18e-38 3
-0.176246 0.220639 0.334541 1.40119e-38 3
-0.16762 0.216553 0.328346 1.33669e-38 3
-0.162258 0.216553 0.328346 1.08802e-38 3
-0.156254 0.215666 0.327 1.35538e-38 3
-0.151224 0.216109 0.327671 1.29992e-38 3
-0.146475 0.217 0.329023 1.18936e-38 3
-0.141102 0.217 0.329023 1.18014e-38 3
-0.0943028 0.220639 0.334541 1.68736e-38 3
-0.089781 0.222976 0.338085 1.73338e-38 3
-0.0840821 0.222505 0.33737 1.53977e-38 3
-0.0785731 0.222505 0.33737 1.35538e-38 3
-0.0715513 0.217898 0.330385 1.26319e-38 3
-0.0662936 0.21835 0.33107 1.77034e-38 3
-0.0555966 0.218804 0.331759 1.64115e-38 3
-0.0505999 0.220639 0.334541 1.36457e-38 3
-0.0452319 0.221103 0.335244 1.52123e-38 3
-0.0397576 0.221103 0.335244 1.5674e-38 3
0.0856125 0.219718 0.333144 1.53985e-38 3
0.0910525 0.219718 0.333144 1.59502e-38 3
0.0962916 0.21926 0.33245 1.84395e-38 3
0.10236 0.220639 0.334541 1.70569e-38 3
0.113285 0.231817 0.351489 1.75186e-38 3
0.120083 0.233877 0.354613 1.77941e-38 3
0.118006 0.21926 0.33245 1.82547e-38 3
0.124211 0.220639 0.334541 1.4935e-38 3
0.129947 0.221103 0.335244 1.78863e-38 3
0.134293 0.21926 0.33245 1.57676e-38 3
0.144548 0.21835 0.33107 1.3923e-38 3
0.150579 0.21926 0.33245 1.64126e-38 3
0.162086 0.227803 0.345403 1.71502e-38 3
0.167726 0.227803 0.345403 1.39233e-38 3
0.173741 0.221103 0.335244 1.61367e-38 3
0.284649 0.330959 0.501811 1.44762e-38 3
0.292843 0.330959 0.501811 1.48449e-38 3
0.205723 0.220178 0.333841 1.33723e-38 3
0.222338 0.231817 0.351489 1.20809e-38 3
0.229087 0.232843 0.353044 1.45701e-38 3
0.234852 0.232843 0.353044 1.39237e-38 3
0.244402 0.236505 0.358598 1.4385e-38 3
0.249696 0.235975 0.357794 1.37389e-38 3
0.258436 0.23865 0.36185 1.38319e-38 3
0.265549 0.239738 0.363499 1.29099e-38 3
0.271485 0.239738 0.363499 1.04199e-38 3
0.281433 0.238111 0.361032 1.18947e-38 3
0.289292 0.239738 0.363499 1.41999e-38 3
0.291903 0.237038 0.359405 1.59524e-38 3
0.293802 0.233877 0.354613 1.5307e-38 3
0.436299 0.340598 0.516427 1.35546e-38 3
0.437651 0.335175 0.508204 1.35546e-38 3
0.441729 0.332003 0.503394 1.08812e-38 3
0.445731 0.32889 0.498675 1.30017e-38 3
0.449658 0.325835 0.494043 1.34613e-38 3
0.317265 0.225847 0.342438 1.16181e-38 3
0.325652 0.227803 0.345403 1.15259e-38 3
0.331292 0.227803 0.345403 1.06047e-38 3
0.338397 0.228793 0.346904 1.27262e-38 3
0.351708 0.233877 0.354613 1.14344e-38 3
0.359493 0.227803 0.345403 1.06032e-38 3
0.36524 0.224403 0.340247 9.95857e-39 3
0.373986 0.226333 0.343174 1.17103e-38 3
0.383715 0.228793 0.346904 8.7593e-39 3
0.387694 0.227803 0.345403 9.49686e-39 3
0.395045 0.228793 0.346904 9.22063e-39 3
0.404225 0.2308 0.349947 1.04188e-38 3
-0.239348 0.228982 0.338802 9.40502e-39 3
-0.233815 0.228982 0.338802 1.22631e-38 3
-0.22636 0.227054 0.335949 1.06965e-38 3
-0.216299 0.228014 0.33737 1.30925e-38 3
-0.212588 0.229959 0.340247 1.26319e-38 3
-0.206592 0.229469 0.339523 1.4568e-38 3
-0.194263 0.228014 0.33737 1.42907e-38 3
-0.187171 0.226102 0.334541 1.55807e-38 3
-0.166252 0.220103 0.325665 1.29059e-38 3
-0.160934 0.220103 0.325665 1.10642e-38 3
-0.154983 0.219209 0.324341 1.35545e-38 3
-0.149687 0.219209 0.324341 1.34609e-38 3
-0.103707 0.222832 0.329702 1.44743e-38 3
-0.09812 0.222372 0.329023 1.6503e-38 3
-0.0927473 0.222372 0.329023 1.7058e-38 3
-0.089781 0.228497 0.338085 1.59509e-38 3
-0.081665 0.221459 0.327671 1.48446e-38 3
-0.0777512 0.225629 0.333841 1.33694e-38 3
-0.0708182 0.221005 0.327 1.5675e-38 3
-0.065613 0.221459 0.327671 1.68743e-38 3
-0.0606358 0.222832 0.329702 1.71502e-38 3
-0.055138 0.222372 0.329023 1.83476e-38 3
-0.0499714 0.223293 0.330385 1.69658e-38 3
-0.0446688 0.223757 0.33107 1.58591e-38 3
-0.0388595 0.221459 0.327671 1.55829e-38 3
0.105228 0.232437 0.343914 1.68725e-38 3
0.108965 0.228497 0.338085 1.79785e-38 3
0.123693 0.225158 0.333144 1.60417e-38 3
0.143358 0.221915 0.328346 1.66906e-38 3
0.14872 0.221915 0.328346 2.0193e-38 3
0.162793 0.226577 0.335244 1.77034e-38 3
0.168267 0.226577 0.335244 1.53992e-38 3
0.201507 0.221005 0.327 1.34645e-38 3
0.221363 0.236515 0.349947 1.3372e-38 3
0.227576 0.237034 0.350716 1.31861e-38 3
0.233303 0.237034 0.350716 1.41999e-38 3
0.242224 0.240202 0.355403 1.34624e-38 3
0.245296 0.237556 0.351489 1.29092e-38 3
0.257851 0.244006 0.361032 1.41999e-38 3
0.264345 0.244559 0.36185 1.23567e-38 3
0.270254 0.244559 0.36185 1.35563e-38 3
0.275538 0.244006 0.361032 9.68305e-39 3
0.278909 0.241818 0.357794 1.20783e-38 3
0.284752 0.241818 0.357794 1.07883e-38 3
0.288653 0.240202 0.355403 1.36471e-38 3
0.28867 0.235482 0.348419 1.4846e-38 3
0.434892 0.347905 0.514761 1.32787e-38 3
0.437651 0.343473 0.508204 1.19879e-38 3
0.443127 0.3413 0.504987 1.33702e-38 3
0.444342 0.335983 0.497121 1.2817e-38 3
0.449658 0.333903 0.494043 1.30003e-38 3
0.31191 0.227533 0.336658 1.33698e-38 3
0.317408 0.227533 0.336658 1.20791e-38 3
0.322905 0.227533 0.336658 1.18954e-38 3
0.328403 0.227533 0.336658 1.30017e-38 3
0.331106 0.225629 0.333841 1.32776e-38 3
0.336557 0.225629 0.333841 9.77418e-39 3
0.342009 0.225629 0.333841 9.21993e-39 3
0.34892 0.226577 0.335244 9.6809e-39 3
0.362151 0.228014 0.33737 1.27244e-38 3
0.369221 0.228982 0.338802 1.19869e-38 3
0.381095 0.229469 0.339523 7.83842e-39 3
0.388292 0.23045 0.340974 1.08802e-38 3
0.40071 0.234458 0.346904 8.39087e-39 3
-0.207525 0.22405 0.323684 1.29081e-38 3
-0.208585 0.23108 0.333841 1.28163e-38 3
-0.19938 0.22681 0.327671 1.48438e-38 3
-0.191668 0.22405 0.323684 1.53963e-38 3
-0.183328 0.22681 0.327671 1.44743e-38 3
-0.17122 0.224962 0.325002 1.33673e-38 3
-0.164241 0.222694 0.321726 1.2446e-38 3
-0.159308 0.223144 0.322376 1.41988e-38 3
-0.154044 0.223144 0.322376 1.35545e-38 3
-0.14848 0.222694 0.321726 1.33694e-38 3
-0.142938 0.222246 0.321078 1.25397e-38 3
-0.137143 0.221356 0.319792 1.42914e-38 3
-0.133527 0.22405 0.323684 1.35546e-38 3
-0.12929 0.225882 0.326331 1.30925e-38 3
-0.124215 0.226345 0.327 1.76097e-38 3
-0.118633 0.225882 0.326331 1.5397e-38 3
-0.107755 0.225421 0.325665 1.50282e-38 3
-0.0973174 0.225882 0.326331 1.51197e-38 3
-0.0916139 0.224962 0.325002 1.65952e-38 3
-0.0859567 0.22405 0.323684 1.62275e-38 3
-0.0798611 0.2218 0.320434 1.82551e-38 3
-0.0755388 0.224505 0.324341 1.61346e-38 3
-0.0703855 0.224962 0.325002 1.71495e-38 3
-0.0649462 0.224505 0.324341 1.77041e-38 3
-0.0600158 0.225882 0.326331 1.67814e-38 3
-0.0547991 0.226345 0.327 1.89008e-38 3
-0.0495609 0.22681 0.327671 1.53052e-38 3
-0.0443925 0.227745 0.329023 1.47531e-38 3
-0.0332359 0.224962 0.325002 1.83505e-38 3
-0.028043 0.225882 0.326331 1.56772e-38 3
0.10088 0.228216 0.329702 1.73346e-38 3
0.105826 0.227277 0.328346 1.63201e-38 3
0.11028 0.225421 0.325665 1.52141e-38 3
0.15879 0.226345 0.327 1.91785e-38 3
0.165486 0.228216 0.329702 2.01022e-38 3
0.180315 0.220033 0.31788 1.63219e-38 3
0.192229 0.2218 0.320434 1.64141e-38 3
0.19906 0.223596 0.323028 1.63226e-38 3
0.206847 0.226345 0.327 1.47549e-38 3
0.239557 0.243296 0.351489 1.33702e-38 3
0.245296 0.243296 0.351489 1.38319e-38 3
0.257851 0.249901 0.361032 1.40155e-38 3
0.257912 0.244373 0.353044 1.31865e-38 3
0.269642 0.249901 0.361032 1.37407e-38 3
0.275538 0.249901 0.361032 1.19883e-38 3
0.284115 0.247106 0.356993 1.84409e-38 3
0.429156 0.36575 0.528397 1.12504e-38 3
0.437784 0.36575 0.528397 1.37397e-38 3
0.437716 0.358625 0.518104 1.17114e-38 3
0.441872 0.355165 0.513106 1.16188e-38 3
0.447374 0.352896 0.509827 1.10653e-38 3
0.449949 0.348443 0.503394 1.16184e-38 3
0.301327 0.229163 0.33107 1.33698e-38 3
0.308011 0.230118 0.33245 1.48449e-38 3
0.314752 0.23108 0.333841 1.22635e-38 3
0.320203 0.23108 0.333841 1.15266e-38 3
0.325654 0.23108 0.333841 1.13422e-38 3
0.329726 0.230118 0.33245 1.28174e-38 3
0.335155 0.230118 0.33245 1.14337e-38 3
0.340584 0.230118 0.33245 9.95857e-39 3
0.346012 0.230118 0.33245 1.02341e-38 3
0.361387 0.23303 0.336658 1.22635e-38 3
0.36766 0.233523 0.33737 1.09727e-38 3
0.379481 0.234018 0.338085 1.13415e-38 3
0.384187 0.233523 0.33737 9.22028e-39 3
0.392184 0.235014 0.339523 1.15255e-38 3
-0.204913 0.220825 0.311672 1.41077e-38 3
-0.200607 0.221691 0.312894 1.30003e-38 3
-0.196655 0.223002 0.314746 1.41063e-38 3
-0.192273 0.223886 0.315992 1.37371e-38 3
-0.182206 0.230739 0.325665 1.18932e-38 3
-0.176527 0.230269 0.325002 1.18936e-38 3
-0.162278 0.225223 0.31788 1.24468e-38 3
-0.157087 0.225223 0.31788 1.36457e-38 3
-0.152199 0.225673 0.318515 1.34624e-38 3
-0.146414 0.224776 0.317248 1.44758e-38 3
-0.140396 0.223443 0.315368 1.19865e-38 3
-0.134979 0.223002 0.314746 1.37379e-38 3
-0.130354 0.223886 0.315992 1.30003e-38 3
-0.126193 0.225673 0.318515 1.61346e-38 3
-0.117432 0.228871 0.323028 1.54885e-38 3
-0.112613 0.229801 0.324341 1.47502e-38 3
-0.107099 0.229335 0.323684 1.58566e-38 3
-0.102228 0.230269 0.325002 1.44729e-38 3
-0.096724 0.229801 0.324341 1.53952e-38 3
-0.0908736 0.228408 0.322376 1.67774e-38 3
-0.0845841 0.225673 0.318515 1.77934e-38 3
-0.0737402 0.22433 0.316619 1.52112e-38 3
-0.0691186 0.226124 0.319152 1.52126e-38 3
-0.063907 0.226124 0.319152 1.62275e-38 3
-0.0595289 0.229335 0.323684 1.61346e-38 3
-0.0545754 0.230739 0.325665 1.82551e-38 3
-0.0495609 0.232161 0.327671 1.87164e-38 3
-0.0443925 0.233118 0.329023 1.77034e-38 3
-0.0325725 0.225673 0.318515 1.73364e-38 3
-0.027481 0.226578 0.319792 2.04717e-38 3
-0.0218647 0.222563 0.314126 1.36485e-38 3
-0.0168013 0.223443 0.315368 1.99178e-38 3
0.0996443 0.230739 0.325665 1.84416e-38 3
0.104536 0.229801 0.324341 1.66896e-38 3
0.108075 0.226124 0.319152 1.54907e-38 3
0.156861 0.228871 0.323028 1.85331e-38 3
0.1796 0.22433 0.316619 1.71523e-38 3
0.245296 0.249036 0.351489 1.623e-38 3
0.252147 0.250138 0.353044 1.42928e-38 3
0.259058 0.251249 0.354613 1.28177e-38 3
0.269033 0.255219 0.360217 1.36478e-38 3
0.274916 0.255219 0.360217 1.49393e-38 3
0.278285 0.252936 0.356993 1.25411e-38 3
0.282849 0.251809 0.355403 1.89948e-38 3
0.285474 0.249036 0.351489 1.30021e-38 3
0.432061 0.369484 0.52149 1.57676e-38 3
0.434892 0.364717 0.514761 1.57676e-38 3
0.440456 0.362379 0.511461 1.40159e-38 3
0.448808 0.362379 0.511461 1.12497e-38 3
0.289906 0.229801 0.324341 1.37389e-38 3
0.295203 0.229801 0.324341 1.29092e-38 3
0.306733 0.234569 0.33107 1.3278e-38 3
0.31344 0.235546 0.33245 1.25408e-38 3
0.318869 0.235546 0.33245 1.35549e-38 3
0.324297 0.235546 0.33245 1.18954e-38 3
0.329726 0.235546 0.33245 1.32783e-38 3
0.332385 0.2336 0.329702 1.27252e-38 3
0.337769 0.2336 0.329702 1.06961e-38 3
0.343153 0.2336 0.329702 9.49687e-39 3
0.349983 0.234569 0.33107 1.01422e-38 3
0.358363 0.236532 0.333841 1.15248e-38 3
0.365343 0.237526 0.335244 1.27244e-38 3
0.381766 0.237526 0.335244 1.1433e-38 3
0.38724 0.237526 0.335244 9.22028e-39 3
-0.202149 0.222867 0.307468 1.29092e-38 3
-0.197509 0.223297 0.308062 1.33694e-38 3
-0.193225 0.224163 0.309256 1.37371e-38 3
-0.190388 0.2268 0.312894 1.33673e-38 3
-0.186008 0.227693 0.314126 1.41041e-38 3
-0.175811 0.234621 0.323684 1.41992e-38 3
-0.168475 0.2318 0.319792 1.34616e-38 3
-0.161955 0.229956 0.317248 1.26315e-38 3
-0.156775 0.229956 0.317248 1.53052e-38 3
-0.151896 0.230414 0.31788 1.49375e-38 3
-0.145834 0.229046 0.315992 1.41992e-38 3
-0.139843 0.227693 0.314126 1.32765e-38 3
-0.134185 0.2268 0.312894 1.69636e-38 3
-0.129584 0.227693 0.314126 1.60417e-38 3
-0.124946 0.228593 0.315368 1.54878e-38 3
-0.120272 0.2295 0.316619 1.7792e-38 3
-0.115791 0.230874 0.318515 1.68689e-38 3
-0.111256 0.232265 0.320434 1.87121e-38 3
-0.106237 0.232732 0.321078 1.94482e-38 3
-0.101402 0.233673 0.322376 1.68675e-38 3
-0.095944 0.233202 0.321726 1.88058e-38 3
-0.0899648 0.231336 0.319152 1.7054e-38 3
-0.0785985 0.228593 0.315368 1.72388e-38 3
-0.0734488 0.228593 0.315368 1.72388e-38 3
-0.0688432 0.230414 0.31788 1.69629e-38 3
-0.0635259 0.229956 0.317248 1.71491e-38 3
-0.0584616 0.230414 0.31788 2.00064e-38 3
-0.0410885 0.22074 0.304534 1.53063e-38 3
-0.0363236 0.222011 0.306288 1.93636e-38 3
-0.0314428 0.222867 0.307468 1.72442e-38 3
-0.0262702 0.221586 0.305701 2.04717e-38 3
-0.0212783 0.221586 0.305701 1.54925e-38 3
-0.0164121 0.223297 0.308062 1.9365e-38 3
0.0924399 0.231336 0.319152 1.8165e-38 3
0.0976515 0.231336 0.319152 1.5769e-38 3
0.102863 0.231336 0.319152 1.49378e-38 3
0.177487 0.2268 0.312894 1.51248e-38 3
0.182596 0.2268 0.312894 1.52148e-38 3
0.212419 0.225914 0.311672 1.38319e-38 3
0.216662 0.225035 0.310459 1.67839e-38 3
0.221732 0.225035 0.310459 1.60456e-38 3
0.226802 0.225035 0.310459 1.53073e-38 3
0.266031 0.258187 0.356196 1.53995e-38 3
0.271847 0.258187 0.356196 1.62307e-38 3
0.277664 0.258187 0.356196 1.4663e-38 3
0.280972 0.255903 0.353044 1.47549e-38 3
0.285474 0.254775 0.351489 1.38319e-38 3
0.28617 0.250364 0.345403 1.44769e-38 3
0.278547 0.238983 0.329702 1.31861e-38 3
0.279314 0.235098 0.324341 1.33705e-38 3
0.27894 0.230414 0.31788 1.3462e-38 3
0.280775 0.227693 0.314126 1.1895e-38 3
0.285905 0.227693 0.314126 1.39237e-38 3
0.300499 0.235098 0.324341 1.24486e-38 3
0.312139 0.239975 0.33107 1.14344e-38 3
0.317546 0.239975 0.33107 1.30028e-38 3
0.322952 0.239975 0.33107 1.3095e-38 3
0.325655 0.238 0.328346 1.18965e-38 3
0.328315 0.236057 0.325665 1.30939e-38 3
0.333633 0.236057 0.325665 1.14344e-38 3
0.337573 0.235098 0.324341 1.1433e-38 3
0.341481 0.234146 0.323028 1.03259e-38 3
0.345358 0.233202 0.321726 1.00497e-38 3
0.350611 0.233202 0.321726 1.07873e-38 3
-0.234719 0.21196 0.285978 1.08816e-38 3
-0.228006 0.210078 0.283439 1.19876e-38 3
-0.211121 0.207134 0.279468 1.15273e-38 3
-0.208764 0.219025 0.295511 1.32783e-38 3
-0.203939 0.219025 0.295511 1.2356e-38 3
-0.199853 0.21984 0.29661 1.20794e-38 3
-0.199459 0.224855 0.303376 1.41988e-38 3
-0.195621 0.226145 0.305117 1.46595e-38 3
-0.192108 0.227888 0.307468 1.56722e-38 3
-0.188907 0.230105 0.310459 1.55796e-38 3
-0.174396 0.237975 0.321078 1.30007e-38 3
-0.161955 0.235137 0.317248 1.25404e-38 3
-0.156463 0.23467 0.316619 1.33705e-38 3
-0.151293 0.23467 0.316619 1.50297e-38 3
-0.145258 0.233282 0.314746 1.55811e-38 3
-0.13875 0.231003 0.311672 1.60417e-38 3
-0.133661 0.231003 0.311672 1.54892e-38 3
-0.129329 0.232365 0.313509 1.80689e-38 3
-0.1247 0.233282 0.314746 1.76058e-38 3
-0.119797 0.233743 0.315368 2.0001e-38 3
-0.115102 0.23467 0.316619 2.12921e-38 3
-0.11059 0.236075 0.318515 1.98163e-38 3
-0.105811 0.237022 0.319792 1.99989e-38 3
-0.100589 0.237022 0.319792 2.10152e-38 3
-0.0953671 0.237022 0.319792 1.72373e-38 3
-0.0835831 0.233282 0.314746 2.02794e-38 3
-0.0782891 0.232822 0.314126 1.9727e-38 3
-0.0730159 0.232365 0.313509 1.79763e-38 3
-0.0629006 0.232822 0.314126 1.93593e-38 3
-0.057432 0.231456 0.312282 1.75154e-38 3
-0.0518255 0.229213 0.309256 1.81615e-38 3
-0.0410102 0.225283 0.303954 1.83487e-38 3
-0.0312621 0.226578 0.305701 2.02855e-38 3
-0.0260209 0.224428 0.302801 1.99168e-38 3
-0.0207612 0.221072 0.298273 1.65977e-38 3
-0.0160103 0.222738 0.30052 1.62304e-38 3
0.0858547 0.232822 0.314126 2.02852e-38 3
0.0906273 0.231909 0.312894 1.98242e-38 3
0.0953628 0.231003 0.311672 1.86275e-38 3
0.100452 0.231003 0.311672 1.79817e-38 3
0.105131 0.230105 0.310459 1.9454e-38 3
0.10935 0.228328 0.308062 1.91763e-38 3
0.11438 0.228328 0.308062 1.79781e-38 3
0.118495 0.226578 0.305701 1.76101e-38 3
0.163441 0.233743 0.315368 1.77981e-38 3
0.167268 0.231909 0.312894 1.66932e-38 3
0.171704 0.231003 0.311672 1.60478e-38 3
0.176793 0.231003 0.311672 1.50326e-38 3
0.181883 0.231003 0.311672 1.56765e-38 3
0.208548 0.221486 0.298831 1.79825e-38 3
0.212631 0.22066 0.297716 1.66002e-38 3
0.218307 0.221486 0.298831 1.46634e-38 3
0.222354 0.22066 0.297716 1.42939e-38 3
0.227216 0.22066 0.297716 1.60463e-38 3
0.235184 0.219025 0.295511 1.53088e-38 3
0.27001 0.246404 0.33245 1.49393e-38 3
0.275439 0.246404 0.33245 2.0654e-38 3
0.268559 0.235605 0.31788 1.39248e-38 3
0.261259 0.224855 0.303376 1.48457e-38 3
0.266213 0.224855 0.303376 1.41074e-38 3
0.273245 0.226578 0.305701 1.36457e-38 3
0.278237 0.226578 0.305701 1.26315e-38 3
0.283229 0.226578 0.305701 1.26326e-38 3
0.29385 0.231003 0.311672 1.27252e-38 3
0.298939 0.231003 0.311672 1.29106e-38 3
0.307634 0.233743 0.315368 1.27262e-38 3
0.310331 0.231909 0.312894 1.19876e-38 3
0.317933 0.233743 0.315368 1.31861e-38 3
0.320549 0.231909 0.312894 1.30939e-38 3
0.328233 0.233743 0.315368 1.11564e-38 3
0.330768 0.231909 0.312894 9.31176e-39 3
0.334565 0.231003 0.311672 1.02337e-38 3
-0.236842 0.214325 0.282936 1.14348e-38 3
-0.230993 0.213191 0.281439 9.59086e-39 3
-0.225999 0.212816 0.280944 1.12504e-38 3
-0.216443 0.212442 0.28045 1.1527e-38 3
-0.212236 0.212816 0.280944 8.76145e-39 3
-0.207283 0.212442 0.28045 9.12988e-39 3
-0.206093 0.220986 0.291729 1.42003e-38 3
-0.201329 0.220986 0.291729 1.18028e-38 3
-0.199113 0.223851 0.295511 1.25404e-38 3
-0.191951 0.226791 0.299392 1.48438e-38 3
-0.189551 0.229809 0.303376 1.59498e-38 3
-0.185656 0.231127 0.305117 1.53034e-38 3
-0.149807 0.237484 0.313509 1.62275e-38 3
-0.143559 0.235633 0.311064 1.60417e-38 3
-0.137143 0.233358 0.308062 1.69636e-38 3
-0.132368 0.23381 0.308658 1.74246e-38 3
-0.128321 0.235633 0.311064 1.82518e-38 3
-0.123724 0.236555 0.312282 1.76962e-38 3
-0.118857 0.237019 0.312894 1.88003e-38 3
-0.114421 0.238421 0.314746 2.02773e-38 3
-0.105179 0.240796 0.31788 2.03677e-38 3
-0.0832547 0.237484 0.313509 1.98167e-38 3
-0.0781353 0.237484 0.313509 2.1017e-38 3
-0.0727301 0.236555 0.312282 1.87128e-38 3
-0.0622875 0.235633 0.311064 2.12017e-38 3
-0.0569859 0.234718 0.309856 1.82522e-38 3
-0.0515259 0.232909 0.307468 1.8438e-38 3
-0.0410885 0.230686 0.304534 1.88086e-38 3
-0.0361847 0.231127 0.305117 1.93629e-38 3
-0.0312023 0.231127 0.305117 1.63208e-38 3
-0.0258249 0.227645 0.30052 1.83494e-38 3
-0.015802 0.224683 0.29661 1.81665e-38 3
0.0813658 0.23984 0.316619 1.79817e-38 3
0.0865542 0.226366 0.298831 1.82569e-38 3
0.0910928 0.225522 0.297716 1.9181e-38 3
0.0996998 0.223025 0.294421 1.86253e-38 3
0.104895 0.223851 0.295511 1.82551e-38 3
0.110953 0.226366 0.298831 1.93618e-38 3
0.117594 0.229809 0.303376 1.81643e-38 3
0.147409 0.237952 0.314126 2.03785e-38 3
0.157668 0.237952 0.314126 1.84427e-38 3
0.162159 0.237019 0.312894 1.72449e-38 3
0.166615 0.236093 0.311672 1.70619e-38 3
0.171036 0.235174 0.310459 1.60478e-38 3
0.180473 0.234263 0.309256 1.53077e-38 3
0.185523 0.234263 0.309256 1.74286e-38 3
0.190573 0.234263 0.309256 1.84427e-38 3
0.194118 0.232461 0.306877 1.5769e-38 3
0.196858 0.229809 0.303376 1.92725e-38 3
0.209504 0.222205 0.293338 1.56783e-38 3
0.215882 0.223851 0.295511 1.61385e-38 3
0.233454 0.222205 0.293338 1.56776e-38 3
0.237372 0.221391 0.292264 1.70598e-38 3
0.239512 0.218985 0.289087 1.73349e-38 3
0.246917 0.221391 0.292264 1.43858e-38 3
0.252615 0.222205 0.293338 1.45701e-38 3
0.258354 0.223025 0.294421 1.80725e-38 3
0.268109 0.227217 0.299955 1.59516e-38 3
0.273007 0.227217 0.299955 1.41077e-38 3
0.277905 0.227217 0.299955 1.33702e-38 3
0.279649 0.224683 0.29661 1.41081e-38 3
0.281355 0.222205 0.293338 1.29106e-38 3
0.286145 0.222205 0.293338 1.34631e-38 3
0.29309 0.223851 0.295511 1.30017e-38 3
0.318172 0.23157 0.305701 1.32776e-38 3
0.323164 0.23157 0.305701 1.28159e-38 3
-0.232311 0.214757 0.277523 9.49866e-39 3
-0.228575 0.215507 0.278492 1.0144e-38 3
-0.224419 0.215883 0.278979 1.06972e-38 3
-0.219097 0.215131 0.278007 1.14351e-38 3
-0.214932 0.215507 0.278492 1.15273e-38 3
-0.211491 0.216641 0.279958 1.03284e-38 3
-0.20692 0.216641 0.279958 1.00518e-38 3
-0.204597 0.224111 0.289612 1.30017e-38 3
-0.199867 0.224111 0.289612 1.16184e-38 3
-0.196565 0.22575 0.291729 1.32772e-38 3
-0.190521 0.229954 0.297162 1.30921e-38 3
-0.185668 0.229954 0.297162 1.4936e-38 3
-0.150492 0.235659 0.304534 1.53985e-38 3
-0.145797 0.23611 0.305117 1.48438e-38 3
-0.140546 0.235659 0.304534 1.33673e-38 3
-0.135057 0.234763 0.303376 1.63175e-38 3
-0.131352 0.237016 0.306288 1.55793e-38 3
-0.127082 0.238389 0.308062 1.99088e-38 3
-0.122288 0.23885 0.308658 2.09208e-38 3
-0.117475 0.239313 0.309256 2.02737e-38 3
-0.113083 0.240712 0.311064 2.27651e-38 3
-0.108852 0.242604 0.313509 2.22127e-38 3
-0.0619254 0.239313 0.309256 2.20308e-38 3
-0.0566558 0.238389 0.308062 2.12939e-38 3
-0.0513281 0.237016 0.306288 1.99124e-38 3
-0.0462379 0.236562 0.305701 1.8531e-38 3
-0.0410885 0.235659 0.304534 1.65959e-38 3
-0.0361156 0.235659 0.304534 1.927e-38 3
-0.0310835 0.23521 0.303954 1.81636e-38 3
0.0813658 0.245011 0.316619 1.88115e-38 3
0.0840363 0.224519 0.290138 1.77963e-38 3
0.0884524 0.223705 0.289087 1.8259e-38 3
0.0938531 0.225338 0.291197 1.71534e-38 3
0.0989694 0.226164 0.292264 2.02866e-38 3
0.104123 0.226995 0.293338 1.94554e-38 3
0.10972 0.228677 0.295511 1.90863e-38 3
0.115833 0.231246 0.298831 1.76119e-38 3
0.139532 0.238389 0.308062 1.87197e-38 3
0.145123 0.239313 0.309256 1.89955e-38 3
0.15194 0.242128 0.312894 1.73353e-38 3
0.156436 0.241182 0.311672 1.70605e-38 3
0.161525 0.241182 0.311672 1.83509e-38 3
0.165966 0.240244 0.310459 1.66921e-38 3
0.168415 0.236562 0.305701 1.80761e-38 3
0.175045 0.232115 0.299955 1.5585e-38 3
0.180622 0.232991 0.301087 1.42021e-38 3
0.185539 0.232991 0.301087 1.62307e-38 3
0.189739 0.232115 0.299955 1.45712e-38 3
0.232267 0.2213 0.285978 1.73371e-38 3
0.236937 0.2213 0.285978 1.84431e-38 3
0.254597 0.224519 0.290138 1.88111e-38 3
0.262195 0.226995 0.293338 1.54914e-38 3
0.273007 0.232115 0.299955 1.55829e-38 3
0.276565 0.226995 0.293338 1.52148e-38 3
0.280324 0.226164 0.292264 1.38315e-38 3
0.283023 0.224519 0.290138 1.32787e-38 3
0.287761 0.224519 0.290138 1.25411e-38 3
0.293566 0.225338 0.291197 1.32783e-38 3
-0.22504 0.216651 0.274186 1.00518e-38 3
-0.221323 0.217398 0.275131 1.01444e-38 3
-0.21683 0.217398 0.275131 1.07908e-38 3
-0.213442 0.218529 0.276561 1.09749e-38 3
-0.210384 0.220054 0.278492 1.10671e-38 3
-0.206557 0.220825 0.279468 1.28188e-38 3
-0.202704 0.221601 0.28045 1.374e-38 3
-0.204226 0.228426 0.289087 1.13429e-38 3
-0.199505 0.228426 0.289087 1.36467e-38 3
-0.195849 0.229674 0.290667 1.16177e-38 3
-0.189462 0.233502 0.295511 1.44758e-38 3
-0.152024 0.228013 0.288564 1.35535e-38 3
-0.150579 0.23307 0.294965 1.42921e-38 3
-0.147397 0.235684 0.298273 1.4107e-38 3
-0.142527 0.235684 0.298273 1.53963e-38 3
-0.137143 0.234807 0.297162 1.53952e-38 3
-0.132538 0.235245 0.297716 1.33673e-38 3
-0.128636 0.237013 0.299955 1.6131e-38 3
-0.125388 0.240174 0.303954 1.88925e-38 3
-0.11974 0.238809 0.302227 1.97205e-38 3
-0.116348 0.242017 0.306288 2.28552e-38 3
-0.0454542 0.23746 0.30052 1.61339e-38 3
-0.0407002 0.238357 0.301656 1.89927e-38 3
-0.0306745 0.237013 0.299955 1.83476e-38 3
0.0831294 0.226783 0.287007 1.74275e-38 3
0.0884524 0.228426 0.289087 2.03795e-38 3
0.0935118 0.229257 0.290138 1.65091e-38 3
0.0986082 0.230093 0.291197 1.73378e-38 3
0.108913 0.231785 0.293338 1.78881e-38 3
0.114123 0.23264 0.294421 1.98249e-38 3
0.119815 0.23437 0.29661 1.94561e-38 3
0.129502 0.23437 0.29661 1.77051e-38 3
0.134345 0.23437 0.29661 1.92728e-38 3
0.137654 0.231785 0.293338 1.90877e-38 3
0.156987 0.225163 0.284957 1.59556e-38 3
0.175974 0.231785 0.293338 1.5401e-38 3
0.257462 0.227601 0.288043 1.55847e-38 3
0.276276 0.227601 0.288043 1.54914e-38 3
0.279969 0.226783 0.287007 1.47549e-38 3
0.284656 0.226783 0.287007 1.25422e-38 3
