# .PCD v0.7 - Point Cloud Data file format
VERSION 0.7
FIELDS x y z rgb label
SIZE 4 4 4 4 4
TYPE F F F F U
COUNT 1 1 1 1 1
WIDTH 9510
HEIGHT 1
VIEWPOINT 0 0 0 1 0 0 0
POINTS 9510
DATA ascii
-0.207743 -0.225366 0.248174 2.21341e-39 3
-0.203691 -0.225366 0.248174 1.2911e-39 3
-0.199328 -0.225016 0.247789 2.21306e-39 3
-0.191349 -0.230016 0.253295 2.30526e-39 3
-0.187809 -0.230749 0.254102 2.58184e-39 3
-0.185432 -0.232975 0.256553 1.56733e-39 3
-0.182711 -0.234863 0.258632 2.85806e-39 3
-0.178778 -0.235244 0.259052 4.51758e-39 3
-0.175402 -0.236395 0.26032 4.70233e-39 3
-0.171711 -0.237169 0.261172 3.31976e-39 3
-0.168272 -0.238339 0.262461 3.22757e-39 3
-0.164257 -0.238732 0.262893 4.42467e-39 3
-0.159964 -0.238732 0.262893 3.22613e-39 3
-0.155671 -0.238732 0.262893 5.25551e-39 3
-0.151878 -0.239521 0.263762 5.44026e-39 3
-0.148061 -0.240315 0.264637 5.07076e-39 3
-0.144218 -0.241115 0.265517 4.14916e-39 3
-0.140349 -0.24192 0.266404 2.85806e-39 3
-0.136683 -0.243138 0.267745 5.34735e-39 3
-0.132757 -0.243957 0.268646 6.82248e-39 3
-0.129022 -0.245195 0.27001 4.51759e-39 3
-0.125248 -0.246446 0.271388 4.51759e-39 3
-0.121229 -0.247287 0.272314 5.34807e-39 3
-0.116982 -0.24771 0.272779 6.08563e-39 3
-0.113108 -0.248987 0.274186 4.51902e-39 3
-0.109382 -0.25071 0.276083 2.49072e-39 3
-0.105238 -0.25158 0.277042 4.6105e-39 3
-0.100889 -0.252018 0.277523 4.14952e-39 3
-0.0968628 -0.25334 0.278979 4.24135e-39 3
-0.0923073 -0.25334 0.278979 5.44026e-39 3
-0.0877517 -0.25334 0.278979 4.79561e-39 3
-0.0833419 -0.253783 0.279468 3.32048e-39 3
-0.0790552 -0.254675 0.28045 3.31941e-39 3
-0.0744756 -0.254675 0.28045 4.51795e-39 3
-0.0700191 -0.255124 0.280944 3.5038e-39 3
-0.0655469 -0.255574 0.281439 2.39781e-39 5
-0.0611669 -0.256478 0.282435 3.41124e-39 5
-0.0567558 -0.257389 0.283439 2.95026e-39 5
-0.0524067 -0.258768 0.284957 3.87222e-39 5
-0.0479246 -0.259696 0.285978 3.13465e-39 5
-0.0433324 -0.260162 0.286492 4.24065e-39 5
-0.0387237 -0.26063 0.287007 4.70342e-39 5
-0.0341599 -0.261571 0.288043 4.42683e-39 5
-0.0295096 -0.262044 0.288564 4.88673e-39 5
-0.0248875 -0.262995 0.289612 6.26967e-39 5
-0.0201584 -0.262995 0.289612 4.97893e-39 5
-0.0154292 -0.262995 0.289612 1.65952e-39 5
-0.0107194 -0.263473 0.290138 4.60906e-39 5
-0.00600348 -0.264435 0.291197 4.33319e-39 5
-0.00125069 -0.264918 0.291729 4.97928e-39 5
0.0131367 -0.26687 0.293878 3.78146e-39 5
0.0179686 -0.267362 0.294421 3.50415e-39 5
0.0228185 -0.267856 0.294965 4.51795e-39 5
0.0276862 -0.268352 0.295511 2.76731e-39 5
0.0325118 -0.268352 0.295511 3.32085e-39 5
0.0374066 -0.26885 0.296059 2.76731e-39 5
0.0423195 -0.26935 0.29661 4.42683e-39 5
0.0670353 -0.271367 0.298831 2.49072e-39 5
0.0818277 -0.271877 0.299392 2.21413e-39 5
0.0867166 -0.271877 0.299392 1.3833e-39 5
0.0964944 -0.271877 0.299392 1.38365e-39 5
0.101383 -0.271877 0.299392 2.12122e-39 5
0.106472 -0.272388 0.299955 1.56876e-39 5
0.110953 -0.271367 0.298831 2.21413e-39 5
0.115616 -0.27086 0.298273 2.30561e-39 5
0.129743 -0.269851 0.297162 2.67439e-39 5
0.170147 -0.272388 0.299955 2.30633e-39 5
0.174717 -0.271877 0.299392 3.59563e-39 5
0.187275 -0.26885 0.296059 4.79417e-39 5
0.1914 -0.267856 0.294965 4.42539e-39 5
0.207219 -0.263473 0.290138 2.94955e-39 5
0.211956 -0.263473 0.290138 3.04245e-39 5
0.216694 -0.263473 0.290138 2.12157e-39 5
0.207855 -0.237169 0.261172 3.87258e-39 5
0.210057 -0.234863 0.258632 2.12122e-39 5
0.213933 -0.234483 0.258214 2.95098e-39 5
0.220288 -0.236781 0.260745 3.22864e-39 5
0.227898 -0.240315 0.264637 2.12229e-39 5
0.236135 -0.244368 0.269099 3.13609e-39 5
0.241752 -0.245611 0.270468 1.84536e-39 5
0.247849 -0.247287 0.272314 2.12122e-39 5
0.255788 -0.25071 0.276083 1.93683e-39 5
0.264413 -0.254675 0.28045 2.49e-39 5
0.26665 -0.252457 0.278007 1.29146e-39 5
0.270248 -0.25158 0.277042 3.22721e-39 5
0.278812 -0.251144 0.276561 3.04282e-39 5
0.281377 -0.249415 0.274657 3.22721e-39 5
0.28294 -0.246866 0.27185 4.61014e-39 5
0.28787 -0.247287 0.272314 4.33391e-39 5
0.293318 -0.248134 0.273247 2.2127e-39 5
0.289357 -0.241115 0.265517 2.0283e-39 5
0.294673 -0.24192 0.266404 2.2127e-39 5
0.298028 -0.241115 0.265517 1.84392e-39 5
0.301861 -0.240715 0.265076 1.38294e-39 5
0.308754 -0.242731 0.267296 2.39673e-39 5
0.312596 -0.242325 0.266849 2.1205e-39 5
0.316424 -0.24192 0.266404 1.84391e-39 5
0.320903 -0.235626 0.259473 1.38328e-39 5
-0.209371 -0.223048 0.250119 2.21341e-39 3
-0.204646 -0.222351 0.249337 2.30525e-39 3
-0.199949 -0.221658 0.248561 2.85843e-39 3
-0.197119 -0.223048 0.250119 2.95062e-39 3
-0.193337 -0.223398 0.250512 2.76623e-39 3
-0.191959 -0.226599 0.254102 1.84392e-39 3
-0.188109 -0.226961 0.254507 4.05661e-39 3
-0.186632 -0.230266 0.258214 4.14917e-39 3
-0.183008 -0.231014 0.259052 4.60978e-39 3
-0.17936 -0.231766 0.259896 4.42539e-39 3
-0.175688 -0.232524 0.260745 4.1488e-39 3
-0.172275 -0.233669 0.26203 4.42611e-39 3
-0.16855 -0.234439 0.262893 2.95098e-39 3
-0.1648 -0.235214 0.263762 4.14881e-39 3
-0.160493 -0.235214 0.263762 6.17639e-39 3
-0.156444 -0.235603 0.264199 7.00687e-39 3
-0.152635 -0.236386 0.265076 3.13465e-39 3
-0.148801 -0.237174 0.26596 2.76587e-39 3
-0.144699 -0.23757 0.266404 1.93611e-39 3
-0.141056 -0.238766 0.267745 6.2693e-39 3
-0.137607 -0.240379 0.269554 5.43954e-39 3
-0.133657 -0.241194 0.270468 5.07148e-39 3
-0.12968 -0.242014 0.271388 5.99343e-39 3
-0.125462 -0.242427 0.27185 5.99343e-39 3
-0.121436 -0.243255 0.272779 5.62465e-39 3
-0.117383 -0.24409 0.273715 6.08635e-39 3
-0.113498 -0.245352 0.275131 4.42683e-39 3
-0.109572 -0.246628 0.276561 4.51795e-39 3
-0.105605 -0.247917 0.278007 4.61014e-39 3
-0.101241 -0.24835 0.278492 5.25551e-39 3
-0.0970325 -0.24922 0.279468 6.3615e-39 3
-0.0924689 -0.24922 0.279468 3.68782e-39 3
-0.0880596 -0.249657 0.279958 3.31976e-39 3
-0.0836348 -0.250096 0.28045 3.31976e-39 3
-0.0791944 -0.250536 0.280944 4.70342e-39 3
-0.0747383 -0.250978 0.281439 3.22721e-39 3
-0.0701426 -0.250978 0.281439 5.5321e-39 3
-0.0657789 -0.251866 0.282435 5.99343e-39 5
-0.0613842 -0.252761 0.283439 4.70198e-39 5
-0.0570598 -0.254115 0.284957 6.54589e-39 5
-0.0525004 -0.25457 0.285467 5.62465e-39 5
-0.0479246 -0.255026 0.285978 4.79454e-39 5
-0.0434104 -0.255943 0.287007 4.60978e-39 5
-0.0387935 -0.256404 0.287524 2.21306e-39 5
-0.0342217 -0.257332 0.288564 5.71757e-39 5
-0.0249328 -0.258735 0.290138 3.13501e-39 5
-0.020195 -0.258735 0.290138 1.75172e-39 5
-0.0154854 -0.259207 0.290667 4.42467e-39 5
-0.0107586 -0.25968 0.291197 3.8715e-39 5
-0.00601446 -0.260154 0.291729 3.04245e-39 5
0.00353246 -0.261589 0.293338 1.47585e-39 5
0.00836865 -0.26304 0.294965 3.13537e-39 5
0.0277376 -0.264016 0.296059 3.59707e-39 5
0.0374761 -0.264506 0.29661 5.34879e-39 5
0.0423195 -0.264506 0.29661 1.19999e-39 5
0.047163 -0.264506 0.29661 2.58184e-39 5
0.0521033 -0.264999 0.297162 5.25552e-39 5
0.0571687 -0.26599 0.298273 5.44099e-39 5
0.0620393 -0.26599 0.298273 6.45514e-39 5
0.0670353 -0.266488 0.298831 3.5038e-39 5
0.071915 -0.266488 0.298831 3.87294e-39 5
0.0769388 -0.266988 0.299392 5.1644e-39 5
0.0819815 -0.26749 0.299955 4.97893e-39 5
0.0867166 -0.266988 0.299392 2.76587e-39 5
0.0916055 -0.266988 0.299392 5.62322e-39 5
0.0964944 -0.266988 0.299392 4.70234e-39 5
0.101383 -0.266988 0.299392 2.67512e-39 5
0.106272 -0.266988 0.299392 1.93755e-39 5
0.110953 -0.266488 0.298831 1.93755e-39 5
0.120262 -0.265493 0.297716 1.84247e-39 5
0.125124 -0.265493 0.297716 2.58004e-39 5
0.129743 -0.264999 0.297162 2.30633e-39 5
0.164939 -0.266988 0.299392 1.75388e-39 5
0.170147 -0.26749 0.299955 2.58292e-39 5
0.179606 -0.266988 0.299392 1.56661e-39 5
0.191754 -0.263527 0.295511 4.70197e-39 5
0.195493 -0.262071 0.293878 3.50344e-39 5
0.198828 -0.260154 0.291729 2.12015e-39 5
0.20322 -0.25968 0.291197 3.31869e-39 5
0.206843 -0.258266 0.289612 1.75172e-39 5
0.211572 -0.258266 0.289612 1.56768e-39 5
0.215519 -0.257332 0.288564 2.12157e-39 5
0.20957 -0.234826 0.263327 3.59599e-39 5
0.21074 -0.231389 0.259473 2.76731e-39 5
0.21428 -0.230639 0.258632 3.32083e-39 5
0.219571 -0.231766 0.259896 2.95097e-39 5
0.225652 -0.233669 0.26203 2.8595e-39 5
0.234553 -0.238366 0.267296 1.75316e-39 5
0.240124 -0.23957 0.268646 2.85807e-39 5
0.248273 -0.243255 0.272779 3.50343e-39 5
0.259834 -0.250096 0.28045 2.21341e-39 5
0.265815 -0.251421 0.281936 3.5038e-39 5
0.273573 -0.250096 0.28045 4.79454e-39 5
0.27621 -0.24835 0.278492 3.13502e-39 5
0.280269 -0.247917 0.278007 3.13502e-39 5
0.279606 -0.23957 0.268646 4.79418e-39 5
0.283515 -0.239167 0.268195 4.60978e-39 5
0.288876 -0.236386 0.265076 3.59491e-39 5
0.293204 -0.236386 0.265076 3.22685e-39 5
0.29704 -0.235994 0.264637 2.30489e-39 5
0.298883 -0.234053 0.262461 1.56733e-39 5
0.311035 -0.236779 0.265517 2.39637e-39 5
0.313286 -0.235214 0.263762 1.38293e-39 5
0.312938 -0.231766 0.259896 2.95061e-39 5
0.316666 -0.231389 0.259473 2.76694e-39 5
-0.213456 -0.218963 0.250119 2.30561e-39 3
-0.211025 -0.220693 0.252095 2.21341e-39 3
-0.205933 -0.219652 0.250906 3.22721e-39 3
-0.202472 -0.220345 0.251697 2.67404e-39 3
-0.199622 -0.221744 0.253295 3.13501e-39 3
-0.195486 -0.221744 0.253295 3.22721e-39 3
-0.19475 -0.225684 0.257796 4.79418e-39 3
-0.190233 -0.22532 0.257381 4.60978e-39 3
-0.187238 -0.226784 0.259052 3.87222e-39 3
-0.183604 -0.227522 0.259896 5.16296e-39 3
-0.180241 -0.228639 0.261172 4.88637e-39 3
-0.176844 -0.229768 0.262461 4.241e-39 3
-0.173128 -0.230526 0.263327 3.59635e-39 3
-0.169668 -0.231673 0.264637 5.80904e-39 3
-0.165346 -0.231673 0.264637 7.00687e-39 3
-0.161561 -0.232444 0.265517 5.43883e-39 3
-0.157225 -0.232444 0.265517 3.22649e-39 3
-0.1534 -0.23322 0.266404 2.58148e-39 3
-0.1498 -0.234394 0.267745 4.33319e-39 3
-0.145917 -0.235183 0.268646 4.88637e-39 3
-0.142009 -0.235977 0.269554 5.62393e-39 3
-0.138308 -0.237179 0.270927 5.53174e-39 3
-0.134112 -0.237583 0.271388 6.27002e-39 3
-0.129901 -0.237987 0.27185 5.34771e-39 3
-0.125891 -0.238801 0.272779 4.05733e-39 3
-0.121644 -0.23921 0.273247 6.08563e-39 3
-0.117585 -0.240032 0.274186 4.61122e-39 3
-0.11389 -0.241693 0.276083 2.9517e-39 3
-0.105789 -0.243802 0.278492 5.25551e-39 3
-0.101596 -0.244656 0.279468 5.6243e-39 3
-0.0972027 -0.245085 0.279958 2.39709e-39 3
-0.0924689 -0.244656 0.279468 3.68783e-39 3
-0.0880596 -0.245085 0.279958 4.6105e-39 3
-0.0836348 -0.245516 0.28045 3.22757e-39 3
-0.0793341 -0.246382 0.281439 4.88781e-39 3
-0.0747383 -0.246382 0.281439 5.99308e-39 3
-0.0702665 -0.246817 0.281936 5.34771e-39 3
-0.0658955 -0.247693 0.282936 3.31976e-39 5
-0.0614934 -0.248574 0.283943 5.25515e-39 5
-0.0571619 -0.249908 0.285467 2.76587e-39 5
-0.0526889 -0.250805 0.286492 4.6105e-39 5
-0.048097 -0.251257 0.287007 2.58184e-39 5
-0.0435671 -0.252164 0.288043 3.68783e-39 5
-0.0389338 -0.25262 0.288564 5.07112e-39 5
-0.0343459 -0.253537 0.289612 4.98001e-39 5
-0.0296706 -0.253998 0.290138 4.05697e-39 5
-0.0249782 -0.25446 0.290667 2.58184e-39 5
-0.0202687 -0.254925 0.291197 3.59563e-39 5
-0.015542 -0.255391 0.291729 4.05589e-39 5
-0.010798 -0.255858 0.292264 2.48856e-39 5
-0.00603653 -0.256328 0.2928 2.58147e-39 5
-0.0012599 -0.257272 0.293878 3.50343e-39 5
0.00354549 -0.257747 0.294421 3.31976e-39 5
0.0083997 -0.259181 0.296059 2.30525e-39 5
0.0132588 -0.259663 0.29661 1.66097e-39 5
0.0181022 -0.259663 0.29661 4.05625e-39 5
0.0229884 -0.260146 0.297162 4.42575e-39 5
0.0278409 -0.260146 0.297162 1.84535e-39 5
0.0326326 -0.259663 0.29661 4.98001e-39 5
0.0374761 -0.259663 0.29661 1.38438e-39 5
0.0423983 -0.260146 0.297162 3.13609e-39 5
0.047163 -0.259663 0.29661 5.34771e-39 5
0.0521033 -0.260146 0.297162 2.02867e-39 5
0.057062 -0.260632 0.297716 2.67512e-39 5
0.0620393 -0.261119 0.298273 2.76731e-39 5
0.0669099 -0.261119 0.298273 4.88673e-39 5
0.0717806 -0.261119 0.298273 3.59599e-39 5
0.0818277 -0.262099 0.299392 1.84428e-39 5
0.0867166 -0.262099 0.299392 4.3332e-39 5
0.0916055 -0.262099 0.299392 2.02759e-39 5
0.0964944 -0.262099 0.299392 4.05697e-39 5
0.101193 -0.261608 0.298831 5.62538e-39 5
0.106073 -0.261608 0.298831 5.44098e-39 5
0.110953 -0.261608 0.298831 5.0722e-39 5
0.115616 -0.261119 0.298273 5.53174e-39 5
0.120262 -0.260632 0.297716 4.60906e-39 5
0.124891 -0.260146 0.297162 4.14808e-39 5
0.129743 -0.260146 0.297162 1.10779e-39 5
0.159154 -0.260632 0.297716 2.21414e-39 5
0.16463 -0.261608 0.298831 2.67691e-39 5
0.170147 -0.262591 0.299955 2.12194e-39 5
0.175045 -0.262591 0.299955 4.42467e-39 5
0.179606 -0.262099 0.299392 3.68711e-39 5
0.19211 -0.259181 0.296059 1.84391e-39 5
0.195134 -0.256799 0.293338 3.59563e-39 5
0.198465 -0.254925 0.291197 2.85771e-39 5
0.202481 -0.253998 0.290138 1.93576e-39 5
0.211691 -0.248133 0.283439 2.3978e-39 5
0.210612 -0.231673 0.264637 2.67404e-39 5
0.213933 -0.22605 0.258214 3.04497e-39 5
0.218858 -0.226784 0.259052 2.76766e-39 5
0.238143 -0.237583 0.271388 2.48965e-39 5
0.242575 -0.237583 0.271388 4.60907e-39 5
0.254806 -0.245085 0.279958 4.33319e-39 5
0.262603 -0.248133 0.283439 3.96441e-39 5
0.271083 -0.251709 0.287524 3.59599e-39 5
0.271378 -0.247693 0.282936 3.13501e-39 5
0.27698 -0.248574 0.283943 3.5038e-39 5
0.278501 -0.237987 0.27185 1.47549e-39 5
0.277272 -0.23322 0.266404 1.56733e-39 5
0.281622 -0.23322 0.266404 3.31904e-39 5
0.288876 -0.232058 0.265076 5.34698e-39 5
0.293204 -0.232058 0.265076 3.41124e-39 5
0.296548 -0.231289 0.264199 3.68783e-39 5
0.297903 -0.229014 0.2616 4.1488e-39 5
0.303668 -0.230146 0.262893 3.41052e-39 5
0.306446 -0.229014 0.2616 2.48928e-39 5
0.308192 -0.227152 0.259473 2.58147e-39 5
0.311416 -0.226416 0.258632 1.38329e-39 5
0.316152 -0.226784 0.259052 2.39815e-39 5
0.318829 -0.225684 0.257796 2.48927e-39 5
-0.214464 -0.215894 0.251301 3.78074e-39 3
-0.211359 -0.216919 0.252494 3.31976e-39 3
-0.206257 -0.215894 0.251301 3.87258e-39 3
-0.202472 -0.216235 0.251697 3.96478e-39 3
-0.200257 -0.218301 0.254102 4.42575e-39 3
-0.197049 -0.219349 0.255322 4.88673e-39 3
-0.195698 -0.222553 0.259052 2.95026e-39 3
-0.191468 -0.222553 0.259052 4.51759e-39 3
-0.188154 -0.223643 0.26032 4.33283e-39 3
-0.184505 -0.224375 0.261172 4.51722e-39 3
-0.18113 -0.225482 0.262461 3.87221e-39 3
-0.177428 -0.226226 0.263327 2.85806e-39 3
-0.173701 -0.226975 0.264199 4.7027e-39 3
-0.16995 -0.227729 0.265076 6.73028e-39 3
-0.165897 -0.228108 0.265517 3.31905e-39 3
-0.16183 -0.228488 0.26596 4.3332e-39 3
-0.158014 -0.229252 0.266849 6.08456e-39 3
-0.154172 -0.230022 0.267745 5.71578e-39 3
-0.150304 -0.230796 0.268646 5.62394e-39 3
-0.146658 -0.231968 0.27001 6.73028e-39 3
-0.142732 -0.232755 0.270927 5.62393e-39 3
-0.138543 -0.233151 0.271388 6.73028e-39 3
-0.134569 -0.233947 0.272314 3.5038e-39 3
-0.130345 -0.234347 0.272779 3.96478e-39 3
-0.126106 -0.234748 0.273247 4.98e-39 3
-0.122062 -0.235555 0.274186 3.22829e-39 3
-0.117787 -0.23596 0.274657 2.76659e-39 3
-0.11389 -0.237185 0.276083 3.50415e-39 3
-0.110144 -0.238838 0.278007 6.26967e-39 3
-0.105974 -0.239673 0.278979 3.78038e-39 3
-0.101596 -0.240093 0.279468 3.5038e-39 3
-0.0972027 -0.240514 0.279958 5.07076e-39 3
-0.0926312 -0.240514 0.279958 4.79417e-39 3
-0.0882144 -0.240936 0.28045 4.88709e-39 3
-0.083782 -0.241361 0.280944 6.63845e-39 3
-0.0794742 -0.242214 0.281936 5.34879e-39 3
-0.0748704 -0.242214 0.281936 2.67404e-39 3
-0.0703909 -0.242642 0.282435 2.67404e-39 3
-0.06613 -0.243937 0.283943 5.16367e-39 5
-0.0618234 -0.245247 0.285467 5.07076e-39 5
-0.0572644 -0.245686 0.285978 4.241e-39 5
-0.0482707 -0.24746 0.288043 2.76623e-39 5
-0.0436459 -0.247908 0.288564 6.26931e-39 5
-0.0390751 -0.248807 0.289612 2.30525e-39 5
-0.034471 -0.249714 0.290667 1.93755e-39 5
-0.0297789 -0.250169 0.291197 1.2911e-39 5
-0.0250695 -0.250627 0.291729 2.76623e-39 5
-0.020343 -0.251086 0.292264 4.60978e-39 5
-0.0155705 -0.251086 0.292264 3.04174e-39 5
-0.0108178 -0.251547 0.2928 5.71541e-39 5
-0.00605876 -0.252473 0.293878 6.45369e-39 5
-0.00126456 -0.253406 0.294965 6.45369e-39 5
0.00355862 -0.253876 0.295511 6.45441e-39 5
0.00841531 -0.254819 0.29661 4.70234e-39 5
0.0132835 -0.255294 0.297162 5.1644e-39 5
0.0181359 -0.255294 0.297162 7.55969e-39 5
0.0230313 -0.25577 0.297716 4.61014e-39 5
0.0278928 -0.25577 0.297716 5.0722e-39 5
0.0326934 -0.255294 0.297162 3.31941e-39 5
0.0375459 -0.255294 0.297162 4.14917e-39 5
0.0423983 -0.255294 0.297162 5.6243e-39 5
0.0521033 -0.255294 0.297162 2.39853e-39 5
0.057062 -0.25577 0.297716 3.50488e-39 5
0.0619236 -0.25577 0.297716 3.32048e-39 5
0.0667851 -0.25577 0.297716 3.68819e-39 5
0.0716466 -0.25577 0.297716 2.58184e-39 5
0.0818277 -0.25721 0.299392 4.14917e-39 5
0.101193 -0.256728 0.298831 1.19999e-39 5
0.105875 -0.256248 0.298273 4.33463e-39 5
0.110746 -0.256248 0.298273 1.56876e-39 5
0.1154 -0.25577 0.297716 1.38293e-39 5
0.120038 -0.255294 0.297162 4.88565e-39 5
0.125124 -0.25577 0.297716 5.43954e-39 5
0.129985 -0.25577 0.297716 5.90268e-39 5
0.134595 -0.255294 0.297162 1.84535e-39 5
0.139448 -0.255294 0.297162 1.47729e-39 5
0.144032 -0.254819 0.29661 1.10779e-39 5
0.153719 -0.254819 0.29661 3.50308e-39 5
0.159154 -0.25577 0.297716 3.1361e-39 5
0.179269 -0.256728 0.298831 3.7793e-39 5
0.184149 -0.256728 0.298831 4.33319e-39 5
0.195854 -0.252939 0.294421 2.30526e-39 5
0.199192 -0.251086 0.292264 4.42576e-39 5
0.20285 -0.249714 0.290667 4.51795e-39 5
0.206468 -0.248357 0.289087 2.58148e-39 5
0.212067 -0.243937 0.283943 2.85878e-39 5
0.215172 -0.242214 0.281936 3.4116e-39 5
0.208537 -0.225111 0.26203 2.76731e-39 5
0.213933 -0.221833 0.258214 3.50523e-39 5
0.237755 -0.237185 0.276083 1.56769e-39 5
0.245075 -0.235555 0.274186 3.77858e-39 5
0.25436 -0.240093 0.279468 4.14808e-39 5
0.26075 -0.241786 0.281439 3.50343e-39 5
0.267582 -0.239673 0.278979 4.61014e-39 5
0.273093 -0.240514 0.279958 3.78039e-39 5
0.272877 -0.236367 0.275131 2.21306e-39 5
0.289357 -0.228108 0.265517 1.75135e-39 5
0.293692 -0.228108 0.265517 2.58148e-39 5
0.296548 -0.226975 0.264199 2.30489e-39 5
0.297903 -0.224742 0.2616 2.2127e-39 5
0.301187 -0.224008 0.260745 3.41052e-39 5
0.30445 -0.223278 0.259896 3.78002e-39 5
0.307193 -0.222193 0.258632 1.38293e-39 5
0.30941 -0.220761 0.256966 1.29181e-39 5
0.315129 -0.221833 0.258214 1.93718e-39 5
0.316275 -0.2197 0.255731 2.76622e-39 5
-0.221004 -0.214151 0.254102 3.41124e-39 3
-0.215824 -0.213133 0.252894 3.41196e-39 3
-0.213385 -0.214836 0.254914 2.95098e-39 3
-0.206909 -0.21246 0.252095 4.33356e-39 3
-0.208389 -0.218323 0.259052 4.88673e-39 3
-0.204159 -0.218323 0.259052 4.33356e-39 3
-0.199928 -0.218323 0.259052 3.22721e-39 3
-0.196336 -0.219034 0.259896 4.05661e-39 3
-0.192719 -0.21975 0.260745 4.05661e-39 3
-0.18939 -0.220833 0.26203 5.06932e-39 3
-0.185721 -0.22156 0.262893 6.91323e-39 3
-0.182028 -0.222293 0.263762 6.82211e-39 3
-0.178015 -0.222661 0.264199 7.00687e-39 3
-0.174278 -0.2234 0.265076 6.91467e-39 3
-0.170516 -0.224145 0.26596 5.99272e-39 3
-0.16645 -0.224519 0.266404 6.26931e-39 3
-0.162371 -0.224895 0.266849 5.80833e-39 3
-0.158811 -0.226029 0.268195 4.24065e-39 3
-0.155214 -0.227174 0.269554 4.42504e-39 3
-0.151323 -0.227944 0.270468 6.82248e-39 3
-0.147406 -0.22872 0.271388 6.17711e-39 3
-0.143218 -0.229109 0.27185 2.2127e-39 3
-0.139254 -0.229892 0.272779 3.04246e-39 3
-0.13503 -0.230286 0.273247 4.05697e-39 3
-0.130792 -0.230681 0.273715 5.5321e-39 3
-0.12654 -0.231077 0.274186 3.32048e-39 3
-0.122272 -0.231475 0.274657 5.34879e-39 3
-0.11799 -0.231874 0.275131 5.90124e-39 3
-0.114088 -0.23308 0.276561 6.54661e-39 3
-0.110337 -0.234707 0.278492 6.36222e-39 3
-0.106346 -0.235942 0.279958 5.25587e-39 3
-0.101953 -0.236357 0.28045 5.6243e-39 3
-0.097545 -0.236773 0.280944 4.05661e-39 3
-0.092794 -0.236357 0.28045 6.08491e-39 3
-0.0883697 -0.236773 0.280944 4.61014e-39 3
-0.0839298 -0.237191 0.281439 1.93647e-39 3
-0.0751359 -0.238452 0.282936 1.65988e-39 3
-0.070641 -0.238876 0.283439 5.34771e-39 3
-0.0663662 -0.240156 0.284957 3.22757e-39 5
-0.0620454 -0.241449 0.286492 1.75172e-39 5
-0.0529742 -0.242756 0.288043 2.12122e-39 5
-0.0483579 -0.243195 0.288564 6.82284e-39 5
-0.0392175 -0.244967 0.290667 4.51795e-39 5
-0.034471 -0.244967 0.290667 4.51903e-39 5
-0.0297789 -0.245414 0.291197 3.87258e-39 5
-0.0251154 -0.246313 0.292264 4.97893e-39 5
-0.0203803 -0.246765 0.2928 2.95026e-39 5
-0.0155705 -0.246313 0.292264 6.26859e-39 5
-0.0108377 -0.247219 0.293338 3.59491e-39 5
-0.00606994 -0.248131 0.294421 3.04245e-39 5
-0.00126456 -0.24859 0.294965 5.25515e-39 5
0.00843098 -0.250441 0.297162 5.6243e-39 5
0.0132835 -0.250441 0.297162 5.9938e-39 5
0.0181359 -0.250441 0.297162 1.47478e-39 5
0.0229884 -0.250441 0.297162 3.22829e-39 5
0.0278409 -0.250441 0.297162 3.22829e-39 5
0.0326934 -0.250441 0.297162 4.33356e-39 5
0.0375459 -0.250441 0.297162 1.56769e-39 5
0.0423983 -0.250441 0.297162 1.65989e-39 5
0.0521033 -0.250441 0.297162 4.24244e-39 5
0.057062 -0.250909 0.297716 4.05805e-39 5
0.0619236 -0.250909 0.297716 1.66096e-39 5
0.0716466 -0.250909 0.297716 2.85843e-39 5
0.0766512 -0.251378 0.298273 4.14845e-39 5
0.0816745 -0.251848 0.298831 3.1343e-39 5
0.0865542 -0.251848 0.298831 1.75136e-39 5
0.0963137 -0.251848 0.298831 2.9517e-39 5
0.101004 -0.251378 0.298273 4.24244e-39 5
0.105875 -0.251378 0.298273 1.66096e-39 5
0.110539 -0.250909 0.297716 1.75316e-39 5
0.1154 -0.250909 0.297716 4.51758e-39 5
0.130228 -0.251378 0.298273 3.68999e-39 5
0.134847 -0.250909 0.297716 5.0722e-39 5
0.139969 -0.251378 0.298273 4.79633e-39 5
0.14457 -0.250909 0.297716 4.24244e-39 5
0.149153 -0.250441 0.297162 3.13465e-39 5
0.154293 -0.250909 0.297716 3.96406e-39 5
0.184149 -0.251848 0.298831 2.48928e-39 5
0.192467 -0.249976 0.29661 1.93647e-39 5
0.19658 -0.24905 0.295511 3.5038e-39 5
0.200292 -0.247674 0.293878 2.12087e-39 5
0.207219 -0.244522 0.290138 2.76587e-39 5
0.212067 -0.239301 0.283943 4.14917e-39 5
0.214793 -0.237191 0.281439 3.78038e-39 5
0.208537 -0.220833 0.26203 2.12266e-39 5
0.211083 -0.219034 0.259896 1.93935e-39 5
0.214628 -0.218323 0.259052 3.13609e-39 5
0.220649 -0.22011 0.261172 3.4134e-39 5
0.238167 -0.23308 0.276561 3.22649e-39 5
0.240598 -0.231077 0.274186 2.02615e-39 5
0.263487 -0.235529 0.279468 1.93611e-39 5
0.265263 -0.23308 0.276561 2.39709e-39 5
0.26978 -0.23308 0.276561 2.67404e-39 5
0.271473 -0.230681 0.273715 2.85843e-39 5
0.282566 -0.225271 0.267296 2.0283e-39 5
0.285972 -0.224519 0.266404 1.56696e-39 5
0.289357 -0.223772 0.265517 2.8577e-39 5
0.293692 -0.223772 0.265517 3.87221e-39 5
0.29704 -0.22303 0.264637 2.39708e-39 5
0.298392 -0.220833 0.26203 2.58147e-39 5
0.300696 -0.219392 0.26032 3.59527e-39 5
0.304946 -0.219392 0.26032 3.50343e-39 5
0.308192 -0.218678 0.259473 2.3978e-39 5
0.31041 -0.217265 0.257796 3.5967e-39 5
0.315129 -0.217617 0.258214 2.30668e-39 5
0.316275 -0.215524 0.255731 1.84427e-39 5
-0.222065 -0.21101 0.255322 4.51759e-39 3
-0.217896 -0.21101 0.255322 4.88637e-39 3
-0.215798 -0.213055 0.257796 4.3332e-39 3
-0.21023 -0.211687 0.256141 4.51795e-39 3
-0.208728 -0.214441 0.259473 1.75208e-39 3
-0.204491 -0.214441 0.259473 3.04282e-39 3
-0.200253 -0.214441 0.259473 2.95062e-39 3
-0.196977 -0.215492 0.260745 4.3332e-39 3
-0.193351 -0.216199 0.2616 4.88637e-39 3
-0.190014 -0.217267 0.262893 7.92738e-39 3
-0.186953 -0.218709 0.264637 6.54552e-39 3
-0.182632 -0.218709 0.264637 3.96405e-39 3
-0.178607 -0.219072 0.265076 5.34735e-39 3
-0.174859 -0.219802 0.26596 6.0842e-39 3
-0.171086 -0.220537 0.266849 4.241e-39 3
-0.167008 -0.220907 0.267296 3.31976e-39 3
-0.16319 -0.221649 0.268195 3.13537e-39 3
-0.159885 -0.223149 0.27001 5.07076e-39 3
-0.15627 -0.224288 0.271388 6.63809e-39 3
-0.151838 -0.224288 0.271388 4.60907e-39 3
-0.147909 -0.225053 0.272314 3.04174e-39 3
-0.143708 -0.225438 0.272779 3.59563e-39 3
-0.139492 -0.225824 0.273247 4.60978e-39 3
-0.135262 -0.226211 0.273715 4.24136e-39 3
-0.131017 -0.2266 0.274186 4.51903e-39 3
-0.126757 -0.22699 0.274657 5.44098e-39 3
-0.122483 -0.227382 0.275131 4.05805e-39 3
-0.118399 -0.228168 0.276083 4.79489e-39 3
-0.114684 -0.229758 0.278007 5.53246e-39 3
-0.11053 -0.230562 0.278979 3.96441e-39 3
-0.106346 -0.231371 0.279958 4.42611e-39 3
-0.101953 -0.231777 0.28045 3.68819e-39 3
-0.097545 -0.232185 0.280944 5.71578e-39 3
-0.0931213 -0.232595 0.281439 4.51687e-39 3
-0.0886819 -0.233006 0.281936 3.78002e-39 3
-0.0843762 -0.233832 0.282936 3.5038e-39 3
-0.0798977 -0.234247 0.283439 3.31941e-39 3
-0.0755377 -0.235083 0.284449 4.88781e-39 3
-0.0711464 -0.235924 0.285467 3.4116e-39 3
-0.0667236 -0.236771 0.286492 6.08491e-39 5
-0.062157 -0.237197 0.287007 6.6388e-39 5
-0.0575739 -0.237624 0.287524 6.731e-39 5
-0.05307 -0.238483 0.288564 6.63845e-39 5
-0.0484456 -0.238915 0.289087 3.68927e-39 5
-0.0438043 -0.239349 0.289612 5.71578e-39 5
-0.0392175 -0.240221 0.290667 5.25552e-39 5
-0.0345339 -0.240659 0.291197 2.21413e-39 5
-0.0298333 -0.241099 0.291729 4.98e-39 5
-0.0251154 -0.241541 0.292264 5.80977e-39 5
-0.0203803 -0.241984 0.2928 6.54625e-39 5
-0.0108576 -0.242875 0.293878 2.02758e-39 5
-0.00608116 -0.243773 0.294965 4.79417e-39 5
-0.0012669 -0.244225 0.295511 1.84463e-39 5
0.00356523 -0.244678 0.296059 4.97893e-39 5
0.00843098 -0.245589 0.297162 2.39745e-39 5
0.0181359 -0.245589 0.297162 3.96586e-39 5
0.0229884 -0.245589 0.297162 4.42576e-39 5
0.0278928 -0.246047 0.297716 2.02867e-39 5
0.0425568 -0.246507 0.298273 2.21306e-39 5
0.0474275 -0.246507 0.298273 4.97928e-39 5
0.0522981 -0.246507 0.298273 2.39853e-39 5
0.0571687 -0.246507 0.298273 1.38437e-39 5
0.0717806 -0.246507 0.298273 4.24136e-39 5
0.0766512 -0.246507 0.298273 1.56769e-39 5
0.0818277 -0.247432 0.299392 2.12015e-39 5
0.0863924 -0.246507 0.298273 4.70126e-39 5
0.091434 -0.246969 0.298831 5.34699e-39 5
0.0963137 -0.246969 0.298831 2.85951e-39 5
0.110746 -0.246507 0.298273 3.87366e-39 5
0.115616 -0.246507 0.298273 1.75172e-39 5
0.130228 -0.246507 0.298273 1.38509e-39 5
0.135099 -0.246507 0.298273 1.38509e-39 5
0.139969 -0.246507 0.298273 3.96657e-39 5
0.14457 -0.246047 0.297716 3.41268e-39 5
0.149431 -0.246047 0.297716 4.70162e-39 5
0.154581 -0.246507 0.298273 4.24136e-39 5
0.15975 -0.246969 0.298831 1.84572e-39 5
0.192825 -0.245589 0.297162 1.56697e-39 5
0.196944 -0.244678 0.296059 3.96478e-39 5
0.209091 -0.231371 0.279958 3.59599e-39 5
0.213288 -0.230965 0.279468 2.30633e-39 5
0.20888 -0.21691 0.262461 3.0457e-39 5
0.211427 -0.215141 0.26032 2.40032e-39 5
0.214628 -0.214093 0.259052 4.33463e-39 5
0.219929 -0.215141 0.26032 2.58292e-39 5
0.24067 -0.230965 0.279468 1.751e-39 5
0.26075 -0.232595 0.281439 2.30417e-39 5
0.264413 -0.231777 0.28045 2.85807e-39 5
0.263437 -0.22699 0.274657 2.02867e-39 5
0.270083 -0.225053 0.272314 2.39745e-39 5
0.274062 -0.22467 0.27185 1.56877e-39 5
0.277085 -0.223528 0.270468 1.66096e-39 5
0.279606 -0.222022 0.268646 1.84428e-39 5
0.28693 -0.220907 0.267296 2.02866e-39 5
0.29704 -0.218709 0.264637 1.56733e-39 5
0.301187 -0.215492 0.260745 5.53102e-39 5
0.30445 -0.21479 0.259896 4.7027e-39 5
0.31041 -0.213055 0.257796 2.58219e-39 5
0.315129 -0.2134 0.258214 2.02902e-39 5
0.314761 -0.210337 0.254507 1.93682e-39 5
-0.223136 -0.207838 0.256553 5.71613e-39 3
-0.219653 -0.208509 0.257381 4.97856e-39 3
-0.215798 -0.208846 0.257796 3.68783e-39 3
-0.211588 -0.208846 0.257796 3.78038e-39 3
-0.208389 -0.209863 0.259052 3.68819e-39 3
-0.204491 -0.210204 0.259473 5.43991e-39 3
-0.20058 -0.210546 0.259896 5.99308e-39 3
-0.198273 -0.212624 0.262461 6.63809e-39 3
-0.194949 -0.213679 0.263762 6.2693e-39 3
-0.191275 -0.214387 0.264637 3.13429e-39 3
-0.187575 -0.215101 0.265517 5.34698e-39 3
-0.183545 -0.215459 0.26596 6.08455e-39 3
-0.179501 -0.215819 0.266404 6.45369e-39 3
-0.175738 -0.216542 0.267296 2.58076e-39 3
-0.17166 -0.216905 0.267745 3.59563e-39 3
-0.167569 -0.21727 0.268195 3.78038e-39 3
-0.164017 -0.218371 0.269554 5.34807e-39 3
-0.160701 -0.219856 0.271388 6.63809e-39 3
-0.156536 -0.220231 0.27185 1.65952e-39 3
-0.152356 -0.220607 0.272314 3.9637e-39 3
-0.148162 -0.220984 0.272779 4.70126e-39 3
-0.144201 -0.221742 0.273715 5.80832e-39 3
-0.139731 -0.221742 0.273715 5.07076e-39 3
-0.135727 -0.222505 0.274657 5.34771e-39 3
-0.131242 -0.222505 0.274657 5.07112e-39 3
-0.126976 -0.222889 0.275131 2.12194e-39 3
-0.122907 -0.22366 0.276083 4.15024e-39 3
-0.119016 -0.224827 0.277523 4.79489e-39 3
-0.114884 -0.225612 0.278492 3.68854e-39 3
-0.110723 -0.226402 0.279468 3.50343e-39 3
-0.106533 -0.227198 0.28045 3.41196e-39 3
-0.102313 -0.227999 0.281439 6.45406e-39 3
-0.0978897 -0.228402 0.281936 2.1205e-39 3
-0.0932858 -0.228402 0.281936 3.78002e-39 3
-0.0888389 -0.228806 0.282435 3.78002e-39 3
-0.0845261 -0.229619 0.283439 2.12015e-39 3
-0.0803258 -0.230849 0.284957 4.42576e-39 3
-0.0759438 -0.231677 0.285978 3.87366e-39 3
-0.0714019 -0.232092 0.286492 7.37565e-39 3
-0.0668437 -0.23251 0.287007 6.73028e-39 5
-0.062269 -0.232929 0.287524 2.76659e-39 5
-0.0576778 -0.233349 0.288043 5.62465e-39 5
-0.0531662 -0.234195 0.289087 3.96585e-39 5
-0.0485335 -0.23462 0.289612 6.36294e-39 5
-0.0438839 -0.235046 0.290138 5.43919e-39 5
-0.039289 -0.235904 0.291197 2.76623e-39 5
-0.0345971 -0.236336 0.291729 5.53318e-39 5
-0.0298879 -0.236768 0.292264 1.19998e-39 5
-0.0156277 -0.237639 0.293338 2.39709e-39 5
-0.0108777 -0.238516 0.294421 5.80761e-39 5
-0.00608116 -0.238957 0.294965 2.95026e-39 5
-0.0012669 -0.239399 0.295511 4.51795e-39 5
0.00356523 -0.239843 0.296059 1.56769e-39 5
0.0133082 -0.241186 0.297716 3.4116e-39 5
0.0181698 -0.241186 0.297716 3.0439e-39 5
0.0230313 -0.241186 0.297716 1.47657e-39 5
0.027945 -0.241636 0.298273 1.93647e-39 5
0.0328156 -0.241636 0.298273 2.02795e-39 5
0.0376862 -0.241636 0.298273 2.1205e-39 5
0.0425568 -0.241636 0.298273 3.5038e-39 5
0.0522981 -0.241636 0.298273 1.19998e-39 5
0.0572758 -0.242089 0.298831 6.27002e-39 5
0.0621555 -0.242089 0.298831 6.17783e-39 5
0.0669099 -0.241636 0.298273 3.41268e-39 5
0.091263 -0.241636 0.298273 2.30454e-39 5
0.0961337 -0.241636 0.298273 3.96478e-39 5
0.101004 -0.241636 0.298273 1.56877e-39 5
0.105875 -0.241636 0.298273 4.05805e-39 5
0.110746 -0.241636 0.298273 1.29218e-39 5
0.120712 -0.242089 0.298831 1.38365e-39 5
0.125357 -0.241636 0.298273 1.01631e-39 5
0.135099 -0.241636 0.298273 3.87438e-39 5
0.14484 -0.241636 0.298273 3.50488e-39 5
0.14971 -0.241636 0.298273 5.07113e-39 5
0.154871 -0.242089 0.298831 5.44099e-39 5
0.15975 -0.242089 0.298831 5.44135e-39 5
0.164016 -0.241186 0.297716 4.70378e-39 5
0.168877 -0.241186 0.297716 3.68819e-39 5
0.173415 -0.240737 0.297162 2.02759e-39 5
0.18278 -0.240289 0.29661 2.76623e-39 5
0.187623 -0.240289 0.29661 3.59599e-39 5
0.196944 -0.239843 0.296059 1.65989e-39 5
0.200662 -0.238516 0.294421 2.85951e-39 5
0.200993 -0.222889 0.275131 3.96441e-39 5
0.205841 -0.223274 0.275606 3.68819e-39 5
0.204258 -0.212275 0.26203 3.22901e-39 5
0.207855 -0.21158 0.261172 2.30705e-39 5
0.211427 -0.21089 0.26032 6.91683e-39 5
0.214977 -0.210204 0.259473 3.41268e-39 5
0.248277 -0.229212 0.282936 2.57932e-39 5
0.252449 -0.228806 0.282435 3.13321e-39 5
0.255704 -0.227598 0.280944 1.56661e-39 5
0.263487 -0.226402 0.279468 2.76623e-39 5
0.266546 -0.221362 0.273247 2.12087e-39 5
0.268707 -0.219483 0.270927 2.12194e-39 5
0.271289 -0.218003 0.269099 1.84536e-39 5
0.276149 -0.218371 0.269554 2.21414e-39 5
0.283515 -0.21727 0.268195 1.47513e-39 5
0.287412 -0.216905 0.267745 3.135e-39 5
0.291295 -0.216542 0.267296 2.39708e-39 5
0.294673 -0.215819 0.266404 1.75244e-39 5
0.297533 -0.214743 0.265076 2.0283e-39 5
0.299375 -0.212974 0.262893 2.39637e-39 5
0.303168 -0.212624 0.262461 2.85806e-39 5
0.305445 -0.211234 0.260745 2.85878e-39 5
0.309197 -0.21089 0.26032 2.95098e-39 5
0.316666 -0.210204 0.259473 3.13537e-39 5
0.316275 -0.207172 0.255731 1.93755e-39 5
-0.223856 -0.204306 0.257381 3.59599e-39 3
-0.221079 -0.205633 0.259052 3.96441e-39 3
-0.216849 -0.205633 0.259052 2.95026e-39 3
-0.212274 -0.205299 0.258632 3.59635e-39 3
-0.208728 -0.205967 0.259473 5.25551e-39 3
-0.204824 -0.206303 0.259896 6.82284e-39 3
-0.200907 -0.206639 0.26032 4.70234e-39 3
-0.198273 -0.208338 0.262461 3.04246e-39 3
-0.195596 -0.210066 0.264637 4.42539e-39 3
-0.191592 -0.210415 0.265076 6.45298e-39 3
-0.188202 -0.211469 0.266404 6.36078e-39 3
-0.184159 -0.211822 0.266849 4.33248e-39 3
-0.180102 -0.212177 0.267296 3.8715e-39 3
-0.176328 -0.21289 0.268195 4.70126e-39 3
-0.172529 -0.213608 0.269099 4.42504e-39 3
-0.168704 -0.214331 0.27001 5.99308e-39 3
-0.164852 -0.215059 0.270927 4.33356e-39 3
-0.16125 -0.21616 0.272314 4.6105e-39 3
-0.156803 -0.21616 0.272314 5.25551e-39 3
-0.152617 -0.216529 0.272779 4.51723e-39 3
-0.148671 -0.217272 0.273715 4.14881e-39 3
-0.144449 -0.217646 0.274186 6.08491e-39 3
-0.140212 -0.21802 0.274657 2.67439e-39 3
-0.131696 -0.218773 0.275606 2.48964e-39 3
-0.127636 -0.219532 0.276561 5.07112e-39 3
-0.123548 -0.220295 0.277523 5.07112e-39 3
-0.119641 -0.221451 0.278979 4.42539e-39 3
-0.115287 -0.221838 0.279468 5.80833e-39 3
-0.110917 -0.222228 0.279958 5.53174e-39 3
-0.10672 -0.22301 0.280944 5.25551e-39 3
-0.102313 -0.223403 0.281439 4.05697e-39 3
-0.0980629 -0.224194 0.282435 4.42539e-39 3
-0.0934509 -0.224194 0.282435 5.99308e-39 3
-0.0889964 -0.224592 0.282936 5.07076e-39 3
-0.0848275 -0.225793 0.284449 6.63773e-39 3
-0.0806137 -0.227007 0.285978 6.17675e-39 3
-0.076217 -0.227823 0.287007 6.08527e-39 3
-0.0716592 -0.228234 0.287524 3.87222e-39 3
-0.067085 -0.228646 0.288043 1.93539e-39 5
-0.0623814 -0.228646 0.288043 4.42611e-39 5
-0.0578868 -0.229474 0.289087 3.50415e-39 5
-0.0532627 -0.229891 0.289612 2.21414e-39 5
-0.0486217 -0.230309 0.290138 4.61122e-39 5
-0.0440441 -0.231149 0.291197 2.76552e-39 5
-0.0393608 -0.231572 0.291729 5.6243e-39 5
-0.034724 -0.232422 0.2928 2.39781e-39 5
-0.0299978 -0.232849 0.293338 2.39781e-39 5
-0.0252542 -0.233278 0.293878 2.95062e-39 5
-0.0204931 -0.233708 0.294421 1.66097e-39 5
-0.0156854 -0.233708 0.294421 6.17711e-39 5
-0.0109179 -0.234574 0.295511 5.07076e-39 5
-0.00610372 -0.235009 0.296059 3.59635e-39 5
0.00843098 -0.235884 0.297162 1.47549e-39 5
0.0132835 -0.235884 0.297162 3.31941e-39 5
0.0181698 -0.236324 0.297716 1.19999e-39 5
0.0230313 -0.236324 0.297716 2.21414e-39 5
0.0278928 -0.236324 0.297716 5.25551e-39 5
0.0328156 -0.236766 0.298273 4.42539e-39 5
0.0377568 -0.237209 0.298831 5.34735e-39 5
0.0426365 -0.237209 0.298831 6.08527e-39 5
0.0475163 -0.237209 0.298831 6.17783e-39 5
0.052396 -0.237209 0.298831 4.05805e-39 5
0.0572758 -0.237209 0.298831 2.39781e-39 5
0.0621555 -0.237209 0.298831 4.14952e-39 5
0.0670353 -0.237209 0.298831 6.82392e-39 5
0.071915 -0.237209 0.298831 6.27075e-39 5
0.0766512 -0.236766 0.298273 5.62502e-39 5
0.0816745 -0.237209 0.298831 4.51795e-39 5
0.0863924 -0.236766 0.298273 4.79382e-39 5
0.091263 -0.236766 0.298273 1.93647e-39 5
0.0959543 -0.236324 0.297716 1.56769e-39 5
0.100816 -0.236324 0.297716 4.05697e-39 5
0.105875 -0.236766 0.298273 3.87258e-39 5
0.115833 -0.237209 0.298831 1.29146e-39 5
0.130472 -0.237209 0.298831 2.9517e-39 5
0.135352 -0.237209 0.298831 1.29218e-39 5
0.140231 -0.237209 0.298831 3.22829e-39 5
0.150272 -0.237654 0.299392 3.22721e-39 5
0.155453 -0.238101 0.299955 5.53175e-39 5
0.164322 -0.236766 0.298273 4.15025e-39 5
0.169193 -0.236766 0.298273 6.08491e-39 5
0.173093 -0.235446 0.29661 5.43883e-39 5
0.177606 -0.235009 0.296059 4.79418e-39 5
0.181766 -0.23414 0.294965 3.04282e-39 5
0.186928 -0.234574 0.295511 1.56733e-39 5
0.199924 -0.232849 0.293338 1.75208e-39 5
0.202481 -0.230309 0.290138 1.65952e-39 5
0.198935 -0.21616 0.272314 3.13465e-39 5
0.198306 -0.210765 0.265517 3.68819e-39 5
0.20097 -0.209026 0.263327 4.33464e-39 5
0.204258 -0.207996 0.26203 2.03046e-39 5
0.208195 -0.207655 0.2616 3.87438e-39 5
0.212119 -0.207315 0.261172 3.50559e-39 5
0.236936 -0.222618 0.28045 4.14808e-39 5
0.241941 -0.22301 0.280944 1.751e-39 5
0.247399 -0.223798 0.281936 2.48784e-39 5
0.251559 -0.223403 0.281439 2.85735e-39 5
0.255254 -0.222618 0.28045 2.11978e-39 5
0.259378 -0.222228 0.279958 4.3332e-39 5
0.26211 -0.220679 0.278007 4.24136e-39 5
0.265636 -0.21616 0.272314 3.78111e-39 5
0.266895 -0.213608 0.269099 4.42683e-39 5
0.270377 -0.21289 0.268195 3.1361e-39 5
0.275683 -0.213608 0.269099 3.78146e-39 5
0.279606 -0.213249 0.268646 2.67404e-39 5
0.283515 -0.21289 0.268195 3.59635e-39 5
0.28838 -0.213249 0.268646 3.31976e-39 5
0.292274 -0.21289 0.268195 3.04317e-39 5
0.29566 -0.212177 0.267296 1.66024e-39 5
0.300862 -0.209718 0.264199 1.38293e-39 5
0.305176 -0.209718 0.264199 2.12122e-39 5
0.308979 -0.209371 0.263762 2.76587e-39 5
0.31174 -0.208338 0.262461 2.95098e-39 5
0.312429 -0.205967 0.259473 3.87293e-39 5
0.317182 -0.206303 0.259896 3.78146e-39 5
0.317291 -0.203649 0.256553 2.76803e-39 5
-0.224217 -0.200426 0.257796 3.78038e-39 3
-0.221079 -0.201403 0.259052 4.05661e-39 3
-0.216849 -0.201403 0.259052 5.53173e-39 3
-0.212965 -0.20173 0.259473 6.6388e-39 3
-0.209068 -0.202059 0.259896 6.91539e-39 3
-0.205158 -0.202388 0.26032 3.22757e-39 3
-0.201235 -0.202719 0.260745 3.04317e-39 3
-0.198928 -0.204726 0.263327 4.241e-39 3
-0.195921 -0.206086 0.265076 6.54589e-39 3
-0.192231 -0.206773 0.26596 5.90052e-39 3
-0.188832 -0.207812 0.267296 3.50344e-39 3
-0.184777 -0.208161 0.267745 5.80761e-39 3
-0.181012 -0.208862 0.268646 7.28274e-39 3
-0.177222 -0.209567 0.269554 5.8998e-39 3
-0.173406 -0.210278 0.270468 5.99236e-39 3
-0.169276 -0.210635 0.270927 6.73065e-39 3
-0.165414 -0.211353 0.27185 4.79454e-39 3
-0.161525 -0.212075 0.272779 5.53246e-39 3
-0.15734 -0.212438 0.273247 3.5038e-39 3
-0.15314 -0.212803 0.273715 6.26895e-39 3
-0.149182 -0.213535 0.274657 4.70198e-39 3
-0.145197 -0.214273 0.275606 3.04317e-39 3
-0.14094 -0.214644 0.276083 2.76659e-39 3
-0.136432 -0.214644 0.276083 2.48964e-39 3
-0.132382 -0.215389 0.277042 5.25515e-39 3
-0.128527 -0.216516 0.278492 3.87258e-39 3
-0.124196 -0.216895 0.278979 5.90088e-39 3
-0.12006 -0.217656 0.279958 7.83663e-39 3
-0.115692 -0.218039 0.28045 6.08491e-39 3
-0.111504 -0.218808 0.281439 7.74408e-39 3
-0.107097 -0.219194 0.281936 6.82284e-39 3
-0.102857 -0.219972 0.282936 6.45406e-39 3
-0.0984113 -0.220362 0.283439 5.99272e-39 3
-0.0939498 -0.220754 0.283943 4.05697e-39 3
-0.0896321 -0.221543 0.284957 5.5321e-39 3
-0.0852835 -0.222337 0.285978 1.75172e-39 3
-0.0809036 -0.223137 0.287007 1.56733e-39 3
-0.0672063 -0.224347 0.288564 4.97785e-39 5
-0.0624942 -0.224347 0.288564 3.22685e-39 5
-0.0579919 -0.225161 0.289612 2.67439e-39 5
-0.0533595 -0.225571 0.290138 2.76731e-39 5
-0.0487992 -0.226394 0.291197 2.49072e-39 5
-0.0442054 -0.227223 0.292264 6.82212e-39 5
-0.0395053 -0.22764 0.2928 2.58184e-39 5
-0.0348519 -0.228479 0.293878 3.04317e-39 5
-0.0301085 -0.2289 0.294421 4.6105e-39 5
-0.0253476 -0.229323 0.294965 3.31941e-39 5
-0.020569 -0.229748 0.295511 7.37602e-39 5
-0.0157435 -0.229748 0.295511 4.42576e-39 5
-0.0109382 -0.230174 0.296059 2.76623e-39 5
-0.00611507 -0.230602 0.29661 4.61122e-39 5
-0.00127161 -0.230602 0.29661 5.53246e-39 5
0.00357185 -0.230602 0.29661 6.731e-39 5
0.00843098 -0.231032 0.297162 7.28382e-39 5
0.0132835 -0.231032 0.297162 1.75208e-39 5
0.0181698 -0.231463 0.297716 4.42683e-39 5
0.0229884 -0.231032 0.297162 5.1644e-39 5
0.0278928 -0.231463 0.297716 3.13501e-39 5
0.0328156 -0.231895 0.298273 4.33248e-39 5
0.0377568 -0.23233 0.298831 1.56733e-39 5
0.0426365 -0.23233 0.298831 2.39745e-39 5
0.0474275 -0.231895 0.298273 5.07148e-39 5
0.052396 -0.23233 0.298831 2.49072e-39 5
0.0621555 -0.23233 0.298831 4.88709e-39 5
0.0670353 -0.23233 0.298831 1.10779e-39 5
0.0720499 -0.232765 0.299392 3.04426e-39 5
0.0767947 -0.23233 0.298831 4.79598e-39 5
0.0816745 -0.23233 0.298831 1.3833e-39 5
0.0863924 -0.231895 0.298273 3.0421e-39 5
0.0910928 -0.231463 0.297716 5.99308e-39 5
0.0959543 -0.231463 0.297716 5.07113e-39 5
0.101004 -0.231895 0.298273 2.21306e-39 5
0.106073 -0.23233 0.298831 2.21306e-39 5
0.111161 -0.232765 0.299392 2.58219e-39 5
0.121166 -0.233203 0.299955 1.19999e-39 5
0.125828 -0.232765 0.299392 2.30705e-39 5
0.130228 -0.231895 0.298273 1.3833e-39 5
0.134847 -0.231463 0.297716 2.02975e-39 5
0.139969 -0.231895 0.298273 1.10779e-39 5
0.145383 -0.232765 0.299392 1.47622e-39 5
0.155746 -0.233642 0.30052 4.33321e-39 5
0.160653 -0.233642 0.30052 4.33428e-39 5
0.164939 -0.232765 0.299392 2.67512e-39 5
0.16951 -0.23233 0.298831 2.0283e-39 5
0.177936 -0.230602 0.29661 3.96478e-39 5
0.182103 -0.229748 0.295511 5.6243e-39 5
0.186928 -0.229748 0.295511 3.59528e-39 5
0.195926 -0.208511 0.268195 2.39709e-39 5
0.197321 -0.205404 0.264199 3.22721e-39 5
0.19998 -0.203717 0.26203 3.59707e-39 5
0.204258 -0.203717 0.26203 3.78218e-39 5
0.209916 -0.205064 0.263762 3.3212e-39 5
0.214578 -0.205404 0.264199 3.32048e-39 5
0.232356 -0.218039 0.28045 4.51759e-39 5
0.237353 -0.218422 0.280944 4.33175e-39 5
0.242367 -0.218808 0.281439 5.16224e-39 5
0.247399 -0.219194 0.281936 4.51759e-39 5
0.252003 -0.219194 0.281936 4.60978e-39 5
0.254806 -0.217656 0.279958 5.07076e-39 5
0.258471 -0.216895 0.278979 3.22721e-39 5
0.259847 -0.214273 0.275606 4.05805e-39 5
0.264733 -0.210993 0.271388 4.24281e-39 5
0.266895 -0.209214 0.269099 2.76731e-39 5
0.270377 -0.208511 0.268195 5.62538e-39 5
0.276149 -0.209567 0.269554 4.70234e-39 5
0.280077 -0.209214 0.269099 2.95062e-39 5
0.283993 -0.208862 0.268646 3.31976e-39 5
0.289843 -0.209922 0.27001 2.67439e-39 5
0.294253 -0.209922 0.27001 3.78074e-39 5
0.299168 -0.210278 0.270468 4.42611e-39 5
0.299523 -0.207465 0.266849 2.95026e-39 5
0.301861 -0.206086 0.265076 1.56733e-39 5
0.30619 -0.206086 0.265076 2.02974e-39 5
0.310519 -0.206086 0.265076 2.21341e-39 5
0.313805 -0.205404 0.264199 2.76587e-39 5
0.316026 -0.204053 0.262461 4.5183e-39 5
0.318739 -0.203051 0.261172 4.05805e-39 5
0.317291 -0.19946 0.256553 3.9673e-39 5
-0.224944 -0.196853 0.258632 3.22721e-39 3
-0.221439 -0.197493 0.259473 6.3615e-39 3
-0.217555 -0.197815 0.259896 6.73028e-39 3
-0.213659 -0.198137 0.26032 3.87222e-39 3
-0.209751 -0.198461 0.260745 3.59563e-39 3
-0.205829 -0.198786 0.261172 4.42611e-39 3
-0.202559 -0.199767 0.262461 5.25587e-39 3
-0.199586 -0.20109 0.264199 6.08491e-39 3
-0.196247 -0.202093 0.265517 4.60906e-39 3
-0.192552 -0.202768 0.266404 5.43883e-39 3
-0.189149 -0.203789 0.267745 7.28346e-39 3
-0.185087 -0.204131 0.268195 6.3615e-39 3
-0.181317 -0.20482 0.269099 3.68711e-39 3
-0.177522 -0.205513 0.27001 5.80761e-39 3
-0.173701 -0.206211 0.270927 5.1626e-39 3
-0.169564 -0.206562 0.271388 3.5038e-39 3
-0.165696 -0.207267 0.272314 3.04282e-39 3
-0.161802 -0.207976 0.273247 4.97821e-39 3
-0.15761 -0.208333 0.273715 6.26895e-39 3
-0.153403 -0.208691 0.274186 3.96441e-39 3
-0.149182 -0.20905 0.274657 3.59563e-39 3
-0.145197 -0.209772 0.275606 4.6105e-39 3
-0.14094 -0.210135 0.276083 3.78074e-39 3
-0.136668 -0.210499 0.276561 5.43991e-39 3
-0.132843 -0.2116 0.278007 4.88673e-39 3
-0.128752 -0.212339 0.278979 7.19162e-39 3
-0.124632 -0.213085 0.279958 7.00723e-39 3
-0.120271 -0.213459 0.28045 5.07112e-39 3
-0.115896 -0.213835 0.280944 6.26931e-39 3
-0.111701 -0.21459 0.281936 6.26895e-39 3
-0.107287 -0.21497 0.282435 3.13502e-39 3
-0.102857 -0.215351 0.282936 3.68783e-39 3
-0.0985864 -0.216118 0.283943 3.78002e-39 3
-0.0941172 -0.216503 0.284449 6.73064e-39 3
-0.0897925 -0.217278 0.285467 1.75208e-39 3
-0.0854366 -0.218058 0.286492 2.2127e-39 3
-0.0809036 -0.21845 0.287007 2.39709e-39 3
-0.0719184 -0.219635 0.288564 5.62394e-39 3
-0.067328 -0.220033 0.289087 3.96441e-39 5
-0.062721 -0.220432 0.289612 3.96441e-39 5
-0.0580973 -0.220833 0.290138 4.241e-39 5
-0.0535542 -0.221639 0.291197 5.99272e-39 5
-0.0489779 -0.222451 0.292264 4.51795e-39 5
-0.0443679 -0.223269 0.293338 2.30526e-39 5
-0.0396508 -0.22368 0.293878 5.80869e-39 5
-0.0349162 -0.224093 0.294421 7.92882e-39 5
-0.0301642 -0.224507 0.294965 3.22613e-39 5
-0.0253945 -0.224923 0.295511 5.43919e-39 5
-0.020569 -0.224923 0.295511 4.51795e-39 5
-0.0157727 -0.22534 0.296059 5.80869e-39 5
-0.0109585 -0.225759 0.29661 6.08527e-39 5
-0.00611507 -0.225759 0.29661 4.88781e-39 5
-0.00127161 -0.225759 0.29661 4.15024e-39 5
0.0035785 -0.226179 0.297162 5.34735e-39 5
0.00843098 -0.226179 0.297162 3.22685e-39 5
0.0132835 -0.226179 0.297162 6.731e-39 5
0.0181359 -0.226179 0.297162 2.49144e-39 5
0.0229884 -0.226179 0.297162 3.3212e-39 5
0.0278928 -0.226601 0.297716 5.34771e-39 5
0.0328156 -0.227025 0.298273 1.47513e-39 5
0.0376862 -0.227025 0.298273 2.2127e-39 5
0.0425568 -0.227025 0.298273 1.38294e-39 5
0.0475163 -0.22745 0.298831 2.12122e-39 5
0.0524943 -0.227876 0.299392 3.13537e-39 5
0.0574911 -0.228305 0.299955 5.43991e-39 5
0.0625067 -0.228735 0.30052 3.4116e-39 5
0.0672873 -0.228305 0.299955 3.1361e-39 5
0.0723213 -0.228735 0.30052 3.22865e-39 5
0.091263 -0.227025 0.298273 2.39673e-39 5
0.0961337 -0.227025 0.298273 6.63773e-39 5
0.101193 -0.22745 0.298831 6.08456e-39 5
0.106472 -0.228305 0.299955 5.16332e-39 5
0.11137 -0.228305 0.299955 3.87293e-39 5
0.116268 -0.228305 0.299955 1.29146e-39 5
0.121166 -0.228305 0.299955 1.47549e-39 5
0.125592 -0.22745 0.298831 1.93647e-39 5
0.130228 -0.227025 0.298273 2.85878e-39 5
0.134847 -0.226601 0.297716 1.47657e-39 5
0.150272 -0.227876 0.299392 1.29111e-39 5
0.160653 -0.228735 0.30052 1.10743e-39 5
0.165249 -0.228305 0.299955 4.60978e-39 5
0.169828 -0.227876 0.299392 4.14809e-39 5
0.174064 -0.227025 0.298273 3.41089e-39 5
0.178268 -0.226179 0.297162 4.14845e-39 5
0.186583 -0.224507 0.294965 4.88602e-39 5
0.190344 -0.223269 0.293338 5.25551e-39 5
0.19237 -0.200426 0.263327 4.241e-39 5
0.19538 -0.199112 0.2616 3.4116e-39 5
0.199325 -0.198786 0.261172 3.59707e-39 5
0.204258 -0.199439 0.26203 3.68999e-39 5
0.232356 -0.213459 0.28045 4.79381e-39 5
0.237353 -0.213835 0.280944 5.25443e-39 5
0.242367 -0.214212 0.281439 5.16224e-39 5
0.246963 -0.214212 0.281439 5.07004e-39 5
0.251559 -0.214212 0.281439 3.13394e-39 5
0.254806 -0.213085 0.279958 2.48928e-39 5
0.258471 -0.212339 0.278979 4.24136e-39 5
0.261654 -0.211232 0.277523 3.0439e-39 5
0.262985 -0.208691 0.274186 2.21486e-39 5
0.267798 -0.205513 0.27001 2.12194e-39 5
0.270832 -0.204475 0.268646 4.88673e-39 5
0.276616 -0.205513 0.27001 4.79454e-39 5
0.281025 -0.205513 0.27001 2.5822e-39 5
0.284472 -0.20482 0.269099 3.78074e-39 5
0.289843 -0.205513 0.27001 4.24172e-39 5
0.295252 -0.206211 0.270927 3.22756e-39 5
0.299676 -0.206211 0.270927 3.78002e-39 5
0.302364 -0.202093 0.265517 4.14952e-39 5
0.305682 -0.201423 0.264637 3.59635e-39 5
0.310519 -0.201758 0.265076 3.59635e-39 5
0.313805 -0.20109 0.264199 4.05733e-39 5
0.317593 -0.200757 0.263762 4.15025e-39 5
0.320312 -0.199767 0.262461 3.68963e-39 5
-0.225676 -0.193256 0.259473 5.80869e-39 3
-0.222161 -0.193886 0.26032 6.3615e-39 3
-0.218266 -0.194203 0.260745 5.43954e-39 3
-0.214359 -0.194521 0.261172 5.25515e-39 3
-0.210784 -0.19516 0.26203 5.43954e-39 3
-0.206845 -0.195481 0.262461 4.7027e-39 3
-0.203563 -0.19645 0.263762 5.25515e-39 3
-0.200249 -0.197429 0.265076 6.63809e-39 3
-0.196902 -0.198418 0.266404 7.00687e-39 3
-0.193197 -0.199083 0.267296 6.36078e-39 3
-0.190106 -0.200426 0.269099 2.30489e-39 3
-0.18634 -0.201104 0.27001 3.41124e-39 3
-0.181931 -0.201104 0.27001 6.63737e-39 3
-0.178125 -0.201787 0.270927 4.60907e-39 3
-0.173996 -0.20213 0.271388 2.95026e-39 3
-0.169853 -0.202474 0.27185 3.87258e-39 3
-0.16598 -0.203166 0.272779 4.70234e-39 3
-0.161802 -0.203514 0.273247 6.26895e-39 3
-0.158152 -0.204565 0.274657 1.56697e-39 3
-0.153932 -0.204918 0.275131 4.79418e-39 3
-0.149698 -0.205272 0.275606 5.80833e-39 3
-0.145953 -0.206341 0.277042 4.97928e-39 3
-0.141922 -0.20706 0.278007 5.53246e-39 3
-0.137383 -0.20706 0.278007 7.28382e-39 3
-0.133541 -0.208148 0.279468 7.46821e-39 3
-0.129204 -0.208513 0.279958 1.93647e-39 3
-0.125071 -0.209247 0.280944 2.12086e-39 3
-0.120696 -0.209616 0.281439 7.28382e-39 3
-0.116305 -0.209987 0.281936 3.68783e-39 3
-0.112097 -0.210731 0.282936 2.67404e-39 3
-0.107668 -0.211105 0.283439 3.13502e-39 3
-0.103223 -0.211481 0.283943 3.59563e-39 3
-0.0989385 -0.212236 0.284957 6.17711e-39 3
-0.0946232 -0.212997 0.285978 5.07112e-39 3
-0.0901149 -0.21338 0.286492 3.96478e-39 3
-0.0857445 -0.214148 0.287524 3.68783e-39 3
-0.0811957 -0.214535 0.288043 3.68783e-39 3
-0.0767693 -0.215312 0.289087 4.79418e-39 3
-0.0721794 -0.215703 0.289612 4.70198e-39 3
-0.0674502 -0.215703 0.289612 3.04246e-39 5
-0.0628351 -0.216095 0.290138 7.37565e-39 5
-0.0582031 -0.216489 0.290667 6.63809e-39 5
-0.0536522 -0.21728 0.291729 6.17711e-39 5
-0.049158 -0.218479 0.293338 6.17747e-39 5
-0.0445317 -0.219285 0.294421 6.82284e-39 5
-0.0397974 -0.21969 0.294965 4.42575e-39 5
-0.0350456 -0.220097 0.295511 1.84391e-39 5
-0.03022 -0.220097 0.295511 5.25443e-39 5
-0.0254416 -0.220505 0.296059 3.96406e-39 5
-0.0206455 -0.220915 0.29661 4.05697e-39 5
-0.015802 -0.220915 0.29661 4.51795e-39 5
-0.0109789 -0.221327 0.297162 1.66096e-39 5
-0.00612646 -0.221327 0.297162 1.56876e-39 5
-0.00127398 -0.221327 0.297162 4.70342e-39 5
0.0035785 -0.221327 0.297162 4.42539e-39 5
0.00843098 -0.221327 0.297162 5.80832e-39 5
0.0132835 -0.221327 0.297162 3.13537e-39 5
0.0181359 -0.221327 0.297162 2.86023e-39 5
0.0229884 -0.221327 0.297162 4.88853e-39 5
0.0376159 -0.22174 0.297716 1.56733e-39 5
0.0474275 -0.222154 0.298273 3.31941e-39 5
0.0524943 -0.222988 0.299392 5.25587e-39 5
0.0574911 -0.223407 0.299955 1.84428e-39 5
0.0623892 -0.223407 0.299955 4.79454e-39 5
0.0672873 -0.223407 0.299955 3.41268e-39 5
0.0865542 -0.22257 0.298831 2.21234e-39 5
0.091263 -0.222154 0.298273 3.1343e-39 5
0.101193 -0.22257 0.298831 2.76552e-39 5
0.106472 -0.223407 0.299955 5.6243e-39 5
0.11137 -0.223407 0.299955 6.82319e-39 5
0.116268 -0.223407 0.299955 5.99308e-39 5
0.120939 -0.222988 0.299392 6.54625e-39 5
0.125357 -0.222154 0.298273 7.37601e-39 5
0.129985 -0.22174 0.297716 5.53246e-39 5
0.16005 -0.222988 0.299392 4.33356e-39 5
0.164939 -0.222988 0.299392 3.31904e-39 5
0.16951 -0.22257 0.298831 3.31905e-39 5
0.174064 -0.222154 0.298273 4.51723e-39 5
0.1893 -0.21728 0.291729 5.62394e-39 5
0.194776 -0.218078 0.2928 2.85807e-39 5
0.197743 -0.216095 0.290138 1.84392e-39 5
0.191737 -0.195481 0.262461 3.68783e-39 5
0.19506 -0.194521 0.261172 4.70234e-39 5
0.198999 -0.194203 0.260745 2.39853e-39 5
0.204931 -0.195803 0.262893 3.87438e-39 5
0.218212 -0.204214 0.274186 4.42683e-39 5
0.225793 -0.20706 0.278007 3.22757e-39 5
0.231949 -0.208513 0.279958 2.02758e-39 5
0.236936 -0.208879 0.28045 5.07004e-39 5
0.242367 -0.209616 0.281439 4.88565e-39 5
0.246528 -0.209247 0.280944 4.97785e-39 5
0.25436 -0.208148 0.279468 3.41124e-39 5
0.258924 -0.208148 0.279468 3.31941e-39 5
0.26211 -0.20706 0.278007 2.9517e-39 5
0.263437 -0.204565 0.274657 3.04462e-39 5
0.278027 -0.20213 0.271388 3.04282e-39 5
0.281979 -0.201787 0.270927 4.24172e-39 5
0.285434 -0.201104 0.27001 4.42611e-39 5
0.290828 -0.201787 0.270927 3.87294e-39 5
0.295754 -0.20213 0.271388 3.41196e-39 5
0.299168 -0.201445 0.270468 4.79418e-39 5
0.302364 -0.197758 0.265517 2.5822e-39 5
0.30619 -0.197429 0.265076 2.76731e-39 5
0.310519 -0.197429 0.265076 2.5822e-39 5
0.314847 -0.197429 0.265076 3.96585e-39 5
0.319707 -0.197758 0.265517 3.59779e-39 5
0.322433 -0.196775 0.264199 3.22865e-39 5
0.326207 -0.19645 0.263762 1.47802e-39 5
-0.226412 -0.189636 0.26032 6.73064e-39 3
-0.222888 -0.190256 0.261172 6.3615e-39 3
-0.219702 -0.191195 0.262461 6.54589e-39 3
-0.216127 -0.191826 0.263327 6.82248e-39 3
-0.201589 -0.194392 0.266849 4.1488e-39 3
-0.197893 -0.195045 0.267745 1.38293e-39 3
-0.194173 -0.195701 0.268646 1.93611e-39 3
-0.190749 -0.196695 0.27001 3.87222e-39 3
-0.186973 -0.197363 0.270927 5.80761e-39 3
-0.182549 -0.197363 0.270927 3.50344e-39 3
-0.178428 -0.197698 0.271388 4.33248e-39 3
-0.174292 -0.198035 0.27185 6.26931e-39 3
-0.170434 -0.198712 0.272779 5.6243e-39 3
-0.166264 -0.199052 0.273247 7.00723e-39 3
-0.162358 -0.199736 0.274186 5.53138e-39 3
-0.158425 -0.200425 0.275131 5.80797e-39 3
-0.154198 -0.200771 0.275606 5.53174e-39 3
-0.150217 -0.201467 0.276561 4.42539e-39 3
-0.146462 -0.20252 0.278007 6.54661e-39 3
-0.142418 -0.203228 0.278979 5.90124e-39 3
-0.137863 -0.203228 0.278979 1.65989e-39 3
-0.133775 -0.203941 0.279958 1.93647e-39 3
-0.129658 -0.20466 0.280944 3.13502e-39 3
-0.125513 -0.205383 0.281936 6.54626e-39 3
-0.121123 -0.205746 0.282435 3.4116e-39 3
-0.116718 -0.206111 0.282936 5.25552e-39 3
-0.112496 -0.206845 0.283943 6.54625e-39 3
-0.108245 -0.207583 0.284957 5.71649e-39 3
-0.103777 -0.207955 0.285467 5.90017e-39 3
-0.0994714 -0.208701 0.286492 3.22649e-39 3
-0.0949636 -0.209077 0.287007 2.67368e-39 3
-0.0902769 -0.209077 0.287007 4.51759e-39 3
-0.0858993 -0.209831 0.288043 4.97857e-39 3
-0.0814899 -0.210592 0.289087 3.68819e-39 3
-0.0769086 -0.210974 0.289612 3.96441e-39 3
-0.0723106 -0.211357 0.290138 5.80833e-39 3
-0.0675729 -0.211357 0.290138 8.29761e-39 5
-0.0629495 -0.211742 0.290667 4.88637e-39 5
-0.0583093 -0.212129 0.291197 5.80833e-39 5
-0.0537504 -0.212906 0.292264 6.26931e-39 5
-0.049158 -0.213689 0.293338 5.90089e-39 5
-0.0445317 -0.214477 0.294421 2.12087e-39 5
-0.0397974 -0.214874 0.294965 3.5038e-39 5
-0.0350456 -0.215272 0.295511 4.88637e-39 5
-0.0302761 -0.215671 0.296059 4.97785e-39 5
-0.0254889 -0.216072 0.29661 1.38258e-39 5
-0.0206839 -0.216474 0.297162 1.56769e-39 5
-0.0158314 -0.216474 0.297162 1.2911e-39 5
-0.0109789 -0.216474 0.297162 1.75316e-39 5
-0.00612646 -0.216474 0.297162 4.79561e-39 5
-0.00127635 -0.216878 0.297716 1.47657e-39 5
0.00358518 -0.216878 0.297716 2.0283e-39 5
0.00844671 -0.216878 0.297716 4.88637e-39 5
0.0133082 -0.216878 0.297716 3.78074e-39 5
0.0181698 -0.216878 0.297716 5.71829e-39 5
0.0328771 -0.21769 0.298831 1.56733e-39 5
0.0425568 -0.217283 0.298273 2.58112e-39 5
0.0475163 -0.21769 0.298831 5.80833e-39 5
0.0524943 -0.218099 0.299392 5.34735e-39 5
0.0574911 -0.218509 0.299955 5.71578e-39 5
0.0622721 -0.218099 0.299392 2.76623e-39 5
0.067161 -0.218099 0.299392 5.34879e-39 5
0.0721853 -0.218509 0.299955 5.25696e-39 5
0.0770834 -0.218509 0.299955 3.0439e-39 5
0.0819815 -0.218509 0.299955 2.95062e-39 5
0.0867166 -0.218099 0.299392 3.41124e-39 5
0.0964944 -0.218099 0.299392 1.93576e-39 5
0.101383 -0.218099 0.299392 4.70162e-39 5
0.106472 -0.218509 0.299955 4.05697e-39 5
0.111161 -0.218099 0.299392 1.93683e-39 5
0.11605 -0.218099 0.299392 1.2911e-39 5
0.120712 -0.21769 0.298831 3.31941e-39 5
0.125592 -0.21769 0.298831 5.16332e-39 5
0.130228 -0.217283 0.298273 6.8232e-39 5
0.135099 -0.217283 0.298273 5.1644e-39 5
0.139969 -0.217283 0.298273 1.56877e-39 5
0.149991 -0.21769 0.298831 2.30598e-39 5
0.154871 -0.21769 0.298831 4.79418e-39 5
0.16951 -0.21769 0.298831 3.96441e-39 5
0.174064 -0.217283 0.298273 4.24136e-39 5
0.18278 -0.216072 0.29661 2.39673e-39 5
0.188955 -0.212129 0.291197 1.93539e-39 5
0.197384 -0.210974 0.289612 3.78002e-39 5
0.189555 -0.189019 0.259473 4.51795e-39 5
0.193792 -0.189019 0.259473 3.96585e-39 5
0.197707 -0.188712 0.259052 3.04461e-39 5
0.202595 -0.189327 0.259896 3.50487e-39 5
0.220868 -0.202168 0.277523 3.50487e-39 5
0.22858 -0.20502 0.281439 3.78074e-39 5
0.232765 -0.20466 0.280944 2.48928e-39 5
0.237353 -0.20466 0.280944 3.04246e-39 5
0.242367 -0.20502 0.281439 4.42539e-39 5
0.246963 -0.20502 0.281439 3.78002e-39 5
0.253915 -0.203228 0.278979 3.68783e-39 5
0.25757 -0.20252 0.278007 3.5038e-39 5
0.2612 -0.201817 0.277042 3.78038e-39 5
0.263437 -0.20008 0.274657 2.21306e-39 5
0.265636 -0.198373 0.272314 1.93647e-39 5
0.269164 -0.197698 0.271388 2.67404e-39 5
0.271747 -0.196363 0.269554 2.95026e-39 5
0.278501 -0.198035 0.27185 4.05661e-39 5
0.281979 -0.197363 0.270927 2.49e-39 5
0.284952 -0.196363 0.269554 5.07148e-39 5
0.289843 -0.196695 0.27001 4.79489e-39 5
0.292274 -0.195372 0.268195 3.04317e-39 5
0.295166 -0.194392 0.266849 3.31941e-39 5
0.29704 -0.19278 0.264637 3.4116e-39 5
0.299375 -0.19151 0.262893 3.32048e-39 5
0.310004 -0.19278 0.264637 2.76731e-39 5
0.313805 -0.192461 0.264199 1.66096e-39 5
0.32024 -0.193744 0.26596 3.68927e-39 5
0.323504 -0.193101 0.265076 3.50524e-39 5
-0.227899 -0.186602 0.26203 5.90088e-39 3
-0.224357 -0.187217 0.262893 2.1205e-39 3
-0.220427 -0.187526 0.263327 3.68783e-39 3
-0.216843 -0.188147 0.264199 5.07076e-39 3
-0.202265 -0.190673 0.267745 3.96441e-39 3
-0.19923 -0.191961 0.269554 2.95098e-39 3
-0.195158 -0.192286 0.27001 4.14917e-39 3
-0.191397 -0.192939 0.270927 4.97785e-39 3
-0.18761 -0.193596 0.27185 4.60907e-39 3
-0.182859 -0.193267 0.271388 6.3615e-39 3
-0.178732 -0.193596 0.27185 5.16224e-39 3
-0.174888 -0.194258 0.272779 4.33319e-39 3
-0.170726 -0.19459 0.273247 6.17747e-39 3
-0.166835 -0.195259 0.274186 4.33356e-39 3
-0.162637 -0.195595 0.274657 5.34699e-39 3
-0.158425 -0.195932 0.275131 4.60943e-39 3
-0.154465 -0.19661 0.276083 5.16296e-39 3
-0.150739 -0.197636 0.277523 6.4537e-39 3
-0.146718 -0.198326 0.278492 3.59635e-39 3
-0.142668 -0.199021 0.279468 3.5038e-39 3
-0.138347 -0.19937 0.279958 2.95063e-39 3
-0.134246 -0.200072 0.280944 4.05697e-39 3
-0.129887 -0.200425 0.281439 5.1626e-39 3
-0.125735 -0.201134 0.282435 4.60943e-39 3
-0.121338 -0.201491 0.282936 5.07113e-39 3
-0.117133 -0.202208 0.283943 7.46821e-39 3
-0.112898 -0.20293 0.284957 5.25551e-39 3
-0.108633 -0.203657 0.285978 7.28382e-39 3
-0.10415 -0.204023 0.286492 8.20506e-39 3
-0.0996503 -0.20439 0.287007 7.83628e-39 3
-0.0951347 -0.204758 0.287524 7.19126e-39 3
-0.0906029 -0.205128 0.288043 5.62394e-39 3
-0.0860546 -0.205499 0.288564 4.42575e-39 3
-0.0816378 -0.206245 0.289612 6.26967e-39 3
-0.0770484 -0.20662 0.290138 8.20541e-39 3
-0.0724424 -0.206996 0.290667 8.38981e-39 3
-0.0678195 -0.207374 0.291197 3.87222e-39 5
-0.0631797 -0.207753 0.291729 3.59563e-39 5
-0.0585229 -0.208133 0.292264 6.17711e-39 5
-0.053948 -0.208899 0.293338 2.2127e-39 5
-0.0493394 -0.209669 0.294421 3.13502e-39 5
-0.0446966 -0.210446 0.295511 5.16332e-39 5
-0.0400193 -0.211228 0.29661 3.4116e-39 5
-0.0352413 -0.211622 0.297162 4.51759e-39 5
-0.0303889 -0.211622 0.297162 2.30417e-39 5
-0.0158906 -0.212413 0.298273 2.67404e-39 5
-0.0109994 -0.212016 0.297716 5.1644e-39 5
-0.00614936 -0.212413 0.298273 1.75351e-39 5
-0.00127874 -0.212413 0.298273 2.8595e-39 5
0.00359188 -0.212413 0.298273 5.07076e-39 5
0.0084625 -0.212413 0.298273 2.76587e-39 5
0.0133331 -0.212413 0.298273 3.87294e-39 5
0.0182378 -0.212811 0.298831 3.32048e-39 5
0.0231176 -0.212811 0.298831 3.41268e-39 5
0.0279973 -0.212811 0.298831 4.88673e-39 5
0.0328771 -0.212811 0.298831 5.80869e-39 5
0.0377568 -0.212811 0.298831 2.94991e-39 5
0.0426365 -0.212811 0.298831 6.26895e-39 5
0.0475163 -0.212811 0.298831 3.50272e-39 5
0.052593 -0.213611 0.299955 2.85735e-39 5
0.0769388 -0.21321 0.299392 2.48964e-39 5
0.0819815 -0.213611 0.299955 5.16296e-39 5
0.0868796 -0.213611 0.299955 5.71541e-39 5
0.0917777 -0.213611 0.299955 3.59599e-39 5
0.0966758 -0.213611 0.299955 6.17675e-39 5
0.101574 -0.213611 0.299955 2.58148e-39 5
0.120939 -0.21321 0.299392 4.60978e-39 5
0.130717 -0.21321 0.299392 5.34735e-39 5
0.135352 -0.212811 0.298831 5.80869e-39 5
0.140231 -0.212811 0.298831 6.54626e-39 5
0.145111 -0.212811 0.298831 2.30598e-39 5
0.14971 -0.212413 0.298273 1.29219e-39 5
0.164322 -0.212413 0.298273 4.33391e-39 5
0.1786 -0.212016 0.297716 2.95063e-39 5
0.18312 -0.211622 0.297162 5.07041e-39 5
0.187275 -0.210836 0.296059 4.51687e-39 5
0.188955 -0.207374 0.291197 3.50164e-39 5
0.184418 -0.183885 0.258214 4.24136e-39 5
0.18894 -0.184183 0.258632 3.78038e-39 5
0.193163 -0.184183 0.258632 3.04425e-39 5
0.197387 -0.184183 0.258632 2.3996e-39 5
0.20161 -0.184183 0.258632 3.87401e-39 5
0.22359 -0.200072 0.280944 3.78074e-39 5
0.22858 -0.200425 0.281439 2.85878e-39 5
0.233176 -0.200425 0.281439 2.21306e-39 5
0.237772 -0.200425 0.281439 3.50343e-39 5
0.242367 -0.200425 0.281439 2.2127e-39 5
0.253472 -0.198326 0.278492 4.24136e-39 5
0.255788 -0.19661 0.276083 3.5038e-39 5
0.258952 -0.195595 0.274657 2.95062e-39 5
0.262985 -0.195259 0.274186 3.50344e-39 5
0.265184 -0.193596 0.27185 2.30525e-39 5
0.269164 -0.193267 0.271388 4.42575e-39 5
0.272668 -0.192612 0.270468 3.78002e-39 5
0.278976 -0.193926 0.272314 2.1205e-39 5
0.28294 -0.193596 0.27185 2.12085e-39 5
0.285434 -0.192286 0.27001 2.58147e-39 5
0.289354 -0.191961 0.269554 5.43954e-39 5
0.291295 -0.190353 0.267296 4.88637e-39 5
0.307454 -0.186909 0.262461 3.0439e-39 5
0.311228 -0.186602 0.26203 2.12194e-39 5
0.320839 -0.187217 0.262893 2.49037e-39 5
-0.229406 -0.183529 0.263762 3.96441e-39 3
-0.225099 -0.183529 0.263762 4.79345e-39 3
-0.221157 -0.183833 0.264199 5.62321e-39 3
-0.217563 -0.184444 0.265076 7.00615e-39 3
-0.210656 -0.185988 0.267296 3.96262e-39 3
-0.202946 -0.186928 0.268646 6.08491e-39 3
-0.199906 -0.188195 0.270468 5.34771e-39 3
-0.195821 -0.188515 0.270927 5.62465e-39 3
-0.191722 -0.188835 0.271388 6.17747e-39 3
-0.18793 -0.18948 0.272314 6.63737e-39 3
-0.183171 -0.189157 0.27185 2.39637e-39 3
-0.179343 -0.189803 0.272779 5.34735e-39 3
-0.175188 -0.190128 0.273247 5.99272e-39 3
-0.171019 -0.190455 0.273715 3.78074e-39 3
-0.167122 -0.19111 0.274657 3.4116e-39 3
-0.162918 -0.19144 0.275131 3.13502e-39 3
-0.158699 -0.19177 0.275606 5.25552e-39 3
-0.155001 -0.192769 0.277042 6.91468e-39 3
-0.151265 -0.193778 0.278492 2.85807e-39 3
-0.146974 -0.194117 0.278979 3.96513e-39 3
-0.142668 -0.194457 0.279468 5.99416e-39 3
-0.138347 -0.194798 0.279958 5.99308e-39 3
-0.134246 -0.195484 0.280944 6.91504e-39 3
-0.130117 -0.196175 0.281936 6.91432e-39 3
-0.125958 -0.196871 0.282936 7.00652e-39 3
-0.121553 -0.19722 0.283439 7.09943e-39 3
-0.117342 -0.197923 0.284449 3.13502e-39 3
-0.1131 -0.198632 0.285467 4.24244e-39 3
-0.108828 -0.199345 0.286492 6.73172e-39 3
-0.10415 -0.199345 0.286492 3.68819e-39 3
-0.0998298 -0.200063 0.287524 2.48893e-39 3
-0.0953064 -0.200424 0.288043 3.59563e-39 3
-0.0907667 -0.200787 0.288564 3.50344e-39 3
-0.086367 -0.201516 0.289612 7.92919e-39 3
-0.0817862 -0.201882 0.290138 3.31941e-39 3
-0.0727072 -0.202989 0.291729 2.39709e-39 3
-0.0680679 -0.203361 0.292264 3.31905e-39 5
-0.0635281 -0.204109 0.293338 7.46785e-39 5
-0.0589548 -0.204862 0.294421 2.1205e-39 5
-0.0542472 -0.20524 0.294965 2.94991e-39 5
-0.0495221 -0.20562 0.295511 3.31941e-39 5
-0.0448628 -0.206385 0.29661 4.24136e-39 5
-0.0400938 -0.206769 0.297162 6.08456e-39 5
-0.0353071 -0.207155 0.297716 4.05661e-39 5
-0.0305025 -0.207542 0.298273 3.22684e-39 5
-0.0256318 -0.207542 0.298273 5.99272e-39 5
-0.0208001 -0.207931 0.298831 5.90089e-39 5
-0.0158906 -0.207542 0.298273 4.24136e-39 5
-0.01102 -0.207542 0.298273 5.90196e-39 5
-0.00614936 -0.207542 0.298273 6.45513e-39 5
-0.00128113 -0.207931 0.298831 6.6388e-39 5
0.00359188 -0.207542 0.298273 5.80904e-39 5
0.0084625 -0.207542 0.298273 6.73064e-39 5
0.0133581 -0.207931 0.298831 7.19126e-39 5
0.018272 -0.208321 0.299392 7.19198e-39 5
0.0232045 -0.208712 0.299955 6.54733e-39 5
0.0281026 -0.208712 0.299955 2.9517e-39 5
0.0329387 -0.208321 0.299392 4.24136e-39 5
0.0378276 -0.208321 0.299392 6.36115e-39 5
0.0427165 -0.208321 0.299392 5.43919e-39 5
0.0475163 -0.207931 0.298831 6.36043e-39 5
0.052593 -0.208712 0.299955 4.88565e-39 5
0.0573832 -0.208321 0.299392 4.88602e-39 5
0.0622721 -0.208321 0.299392 6.26967e-39 5
0.0672873 -0.208712 0.299955 6.91504e-39 5
0.0720499 -0.208321 0.299392 4.61014e-39 5
0.0769388 -0.208321 0.299392 4.70198e-39 5
0.0870432 -0.209106 0.30052 4.79418e-39 5
0.0917777 -0.208712 0.299955 5.99308e-39 5
0.0968578 -0.209106 0.30052 4.51795e-39 5
0.116268 -0.208712 0.299955 4.05697e-39 5
0.121166 -0.208712 0.299955 1.3833e-39 5
0.130717 -0.208321 0.299392 1.93647e-39 5
0.135606 -0.208321 0.299392 4.88673e-39 5
0.140231 -0.207931 0.298831 4.79526e-39 5
0.145111 -0.207931 0.298831 5.99417e-39 5
0.14971 -0.207542 0.298273 3.9655e-39 5
0.159452 -0.207542 0.298273 4.14845e-39 5
0.178934 -0.207542 0.298273 1.47549e-39 5
0.183462 -0.207155 0.297716 4.14809e-39 5
0.187623 -0.206385 0.29661 3.59384e-39 5
0.188268 -0.201882 0.290138 4.0541e-39 5
0.17991 -0.179378 0.257796 3.78074e-39 5
0.18412 -0.179378 0.257796 3.59599e-39 5
0.188634 -0.179668 0.258214 4.14952e-39 5
0.192851 -0.179668 0.258214 4.24279e-39 5
0.197067 -0.179668 0.258214 4.70377e-39 5
0.20161 -0.17996 0.258632 5.99416e-39 5
0.22438 -0.196175 0.281936 3.13609e-39 5
0.228984 -0.196175 0.281936 2.39781e-39 5
0.233588 -0.196175 0.281936 2.48964e-39 5
0.237772 -0.195829 0.281439 2.30489e-39 5
0.242367 -0.195829 0.281439 1.93611e-39 5
0.246528 -0.195484 0.280944 2.02831e-39 5
0.250675 -0.195141 0.28045 3.96441e-39 5
0.252591 -0.193104 0.277523 2.58148e-39 5
0.254467 -0.19111 0.274657 2.12122e-39 5
0.258064 -0.190455 0.273715 1.75208e-39 5
0.262084 -0.190128 0.273247 2.95062e-39 5
0.264733 -0.188835 0.271388 3.5038e-39 5
0.269164 -0.188835 0.271388 4.51759e-39 5
0.272668 -0.188195 0.270468 3.41124e-39 5
0.279453 -0.189803 0.272779 3.31868e-39 5
0.283423 -0.18948 0.272314 1.38293e-39 5
0.285918 -0.188195 0.270468 1.38293e-39 5
0.292274 -0.186614 0.268195 3.4116e-39 5
0.30445 -0.180839 0.259896 3.50487e-39 5
0.308694 -0.180839 0.259896 2.12194e-39 5
0.312938 -0.180839 0.259896 1.84428e-39 5
-0.230167 -0.179816 0.264637 4.79417e-39 3
-0.226221 -0.180115 0.265076 6.3615e-39 3
-0.221892 -0.180115 0.265076 4.88637e-39 3
-0.218653 -0.181017 0.266404 3.41124e-39 3
-0.215382 -0.181928 0.267745 5.34735e-39 3
-0.21172 -0.182541 0.268646 6.63629e-39 3
-0.207333 -0.182541 0.268646 5.71541e-39 3
-0.203976 -0.183467 0.27001 5.62394e-39 3
-0.200586 -0.184404 0.271388 7.09943e-39 3
-0.196154 -0.184404 0.271388 3.22757e-39 3
-0.192049 -0.184718 0.27185 2.76623e-39 3
-0.18793 -0.185033 0.272314 3.22649e-39 3
-0.183797 -0.185349 0.272779 4.88565e-39 3
-0.17965 -0.185667 0.273247 5.71613e-39 3
-0.175488 -0.185985 0.273715 4.1488e-39 3
-0.171312 -0.186305 0.274186 5.44026e-39 3
-0.16741 -0.186947 0.275131 6.08528e-39 3
-0.163199 -0.18727 0.275606 7.46821e-39 3
-0.159249 -0.187919 0.276561 5.5321e-39 3
-0.155541 -0.188901 0.278007 5.25515e-39 3
-0.15153 -0.189562 0.278979 6.54589e-39 3
-0.14749 -0.190227 0.279958 7.28417e-39 3
-0.143169 -0.190561 0.28045 5.80976e-39 3
-0.138834 -0.190897 0.280944 6.45406e-39 3
-0.13472 -0.191571 0.281936 6.17747e-39 3
-0.130578 -0.19225 0.282936 3.77967e-39 3
-0.126406 -0.192935 0.283943 1.84356e-39 3
-0.121987 -0.193279 0.284449 2.02867e-39 3
-0.117762 -0.19397 0.285467 4.33356e-39 3
-0.113303 -0.194318 0.285978 6.73065e-39 3
-0.109024 -0.195017 0.287007 1.56769e-39 3
-0.104525 -0.195368 0.287524 5.34771e-39 3
-0.10001 -0.195721 0.288043 5.2548e-39 3
-0.0956517 -0.19643 0.289087 4.42504e-39 3
-0.0910962 -0.196786 0.289612 7.28346e-39 3
-0.0866816 -0.197503 0.290667 3.4116e-39 3
-0.0822348 -0.198225 0.291729 1.2911e-39 3
-0.0777553 -0.198953 0.2928 1.65917e-39 3
-0.0731082 -0.199318 0.293338 4.24065e-39 3
-0.0685702 -0.200054 0.294421 7.46785e-39 5
-0.0638804 -0.200424 0.294965 3.22685e-39 5
-0.0591732 -0.200795 0.295511 5.80797e-39 5
-0.0544485 -0.201167 0.296059 7.83628e-39 5
-0.0497062 -0.201541 0.29661 6.26967e-39 5
-0.0449463 -0.201917 0.297162 8.11358e-39 5
-0.0401686 -0.202293 0.297716 6.08456e-39 5
-0.0353731 -0.202672 0.298273 6.91467e-39 5
-0.0305596 -0.203051 0.298831 6.91467e-39 5
-0.0256798 -0.203051 0.298831 3.50343e-39 5
-0.0208001 -0.203051 0.298831 4.05626e-39 5
-0.0159204 -0.203051 0.298831 7.09943e-39 5
-0.0110406 -0.203051 0.298831 6.27002e-39 5
-0.00616088 -0.203051 0.298831 1.10779e-39 5
-0.00128354 -0.203432 0.299392 2.39781e-39 5
0.00359861 -0.203051 0.298831 5.80904e-39 5
0.00847835 -0.203051 0.298831 5.07112e-39 5
0.0133832 -0.203432 0.299392 2.1205e-39 5
0.018272 -0.203432 0.299392 1.65988e-39 5
0.0232045 -0.203814 0.299955 2.21414e-39 5
0.0281026 -0.203814 0.299955 4.79562e-39 5
0.0330007 -0.203814 0.299955 4.42576e-39 5
0.0378987 -0.203814 0.299955 5.71649e-39 5
0.0427968 -0.203814 0.299955 7.2831e-39 5
0.0476054 -0.203432 0.299392 6.63773e-39 5
0.052692 -0.204198 0.30052 5.34663e-39 5
0.0574911 -0.203814 0.299955 5.34699e-39 5
0.0623892 -0.203814 0.299955 1.4755e-39 5
0.0672873 -0.203814 0.299955 1.93647e-39 5
0.0721853 -0.203814 0.299955 7.46821e-39 5
0.0770834 -0.203814 0.299955 4.60907e-39 5
0.0822909 -0.204584 0.301087 2.58148e-39 5
0.0872075 -0.204584 0.301087 1.93647e-39 5
0.0919505 -0.204198 0.30052 1.56769e-39 5
0.0966758 -0.203814 0.299955 4.05697e-39 5
0.101574 -0.203814 0.299955 4.97893e-39 5
0.106472 -0.203814 0.299955 1.19999e-39 5
0.11137 -0.203814 0.299955 4.24244e-39 5
0.126064 -0.203814 0.299955 3.68819e-39 5
0.130962 -0.203814 0.299955 5.07112e-39 5
0.135606 -0.203432 0.299392 2.48965e-39 5
0.140494 -0.203432 0.299392 1.56842e-39 5
0.145111 -0.203051 0.298831 6.27076e-39 5
0.14971 -0.202672 0.298273 4.88746e-39 5
0.154581 -0.202672 0.298273 6.54554e-39 5
0.159452 -0.202672 0.298273 3.50308e-39 5
0.16463 -0.203051 0.298831 2.67404e-39 5
0.169193 -0.202672 0.298273 1.84428e-39 5
0.174064 -0.202672 0.298273 1.47657e-39 5
0.178934 -0.202672 0.298273 3.87258e-39 5
0.186583 -0.200424 0.294965 1.84212e-39 5
0.187926 -0.196786 0.289612 2.48749e-39 5
0.180201 -0.175452 0.258214 4.42683e-39 5
0.18412 -0.175168 0.257796 4.88673e-39 5
0.18833 -0.175168 0.257796 3.87294e-39 5
0.192539 -0.175168 0.257796 4.79597e-39 5
0.197067 -0.175452 0.258214 3.41268e-39 5
0.225576 -0.192592 0.283439 3.87366e-39 5
0.230204 -0.192592 0.283439 3.87258e-39 5
0.234416 -0.19225 0.282936 4.24136e-39 5
0.238613 -0.19191 0.282435 1.93683e-39 5
0.242367 -0.191233 0.281439 3.31976e-39 5
0.250675 -0.190561 0.28045 4.05697e-39 5
0.253031 -0.188901 0.278007 3.78074e-39 5
0.254906 -0.186947 0.275131 3.59563e-39 5
0.258507 -0.186305 0.274186 3.50344e-39 5
0.262084 -0.185667 0.273247 2.85807e-39 5
0.265636 -0.185033 0.272314 2.95026e-39 5
0.268252 -0.183778 0.270468 3.22685e-39 5
0.271747 -0.183158 0.269554 3.87222e-39 5
0.278027 -0.184404 0.271388 3.13429e-39 5
0.282459 -0.184404 0.271388 2.85806e-39 5
0.285434 -0.183467 0.27001 1.56733e-39 5
0.291295 -0.181624 0.267296 2.76623e-39 5
0.294182 -0.180715 0.26596 1.84535e-39 5
0.296548 -0.179519 0.264199 3.50488e-39 5
0.297415 -0.177462 0.261172 2.85951e-39 5
0.300206 -0.176595 0.259896 5.62609e-39 5
0.303955 -0.176308 0.259473 3.59742e-39 5
0.307691 -0.176022 0.259052 3.22829e-39 5
0.311922 -0.176022 0.259052 1.93648e-39 5
0.316152 -0.176022 0.259052 1.93647e-39 5
-0.230549 -0.175787 0.265076 5.34807e-39 3
-0.226597 -0.176079 0.265517 8.20541e-39 3
-0.222261 -0.176079 0.265517 5.99272e-39 3
-0.219019 -0.176962 0.266849 5.71613e-39 3
-0.216107 -0.178154 0.268646 5.90052e-39 3
-0.212795 -0.179058 0.27001 3.59491e-39 3
-0.208386 -0.179058 0.27001 7.00615e-39 3
-0.204669 -0.179666 0.270927 6.17711e-39 3
-0.200586 -0.179972 0.271388 2.48928e-39 3
-0.196823 -0.180586 0.272314 3.41196e-39 3
-0.192706 -0.180895 0.272779 2.76623e-39 3
-0.188574 -0.181205 0.273247 4.60943e-39 3
-0.184112 -0.181205 0.273247 4.70126e-39 3
-0.180267 -0.181827 0.274186 4.24028e-39 3
-0.176092 -0.18214 0.274657 7.92811e-39 3
-0.171903 -0.182454 0.275131 6.91467e-39 3
-0.1677 -0.182769 0.275606 3.0421e-39 3
-0.163765 -0.183403 0.276561 8.57456e-39 3
-0.159803 -0.184041 0.277523 8.39017e-39 3
-0.156085 -0.185006 0.278979 6.82248e-39 3
-0.151795 -0.18533 0.279468 5.71613e-39 3
-0.147749 -0.185982 0.28045 4.33356e-39 3
-0.143674 -0.186638 0.281439 6.17783e-39 3
-0.139571 -0.187298 0.282435 6.63809e-39 3
-0.135438 -0.187964 0.283439 1.84356e-39 3
-0.126858 -0.188971 0.284957 2.02795e-39 3
-0.122423 -0.189309 0.285467 5.43991e-39 3
-0.118184 -0.189988 0.286492 6.82284e-39 3
-0.11371 -0.19033 0.287007 2.76552e-39 3
-0.109417 -0.191017 0.288043 3.78002e-39 3
-0.104903 -0.191363 0.288564 3.78002e-39 3
-0.100372 -0.191709 0.289087 3.77967e-39 3
-0.0959996 -0.192406 0.290138 7.19091e-39 3
-0.091428 -0.192757 0.290667 4.88602e-39 3
-0.0868398 -0.193109 0.291197 3.5038e-39 3
-0.0825365 -0.194172 0.2928 7.09943e-39 3
-0.0780417 -0.194887 0.293878 6.63845e-39 3
-0.073378 -0.195246 0.294421 6.54626e-39 3
-0.068697 -0.195607 0.294965 4.241e-39 5
-0.0639987 -0.195969 0.295511 6.17711e-39 5
-0.059283 -0.196333 0.296059 6.82212e-39 5
-0.0544485 -0.196333 0.296059 1.38258e-39 5
-0.0497062 -0.196698 0.29661 7.37602e-39 5
-0.0449463 -0.197064 0.297162 1.65989e-39 5
-0.0401686 -0.197432 0.297716 3.77967e-39 5
-0.0353071 -0.197432 0.297716 2.58148e-39 5
-0.0305596 -0.198171 0.298831 3.13465e-39 5
-0.0256798 -0.198171 0.298831 5.80832e-39 5
-0.0208391 -0.198543 0.299392 5.99236e-39 5
-0.0159502 -0.198543 0.299392 6.36115e-39 5
-0.0110406 -0.198171 0.298831 6.45441e-39 5
-0.00617243 -0.198543 0.299392 4.70234e-39 5
-0.00128595 -0.198916 0.299955 5.16332e-39 5
0.00360536 -0.198543 0.299392 4.70234e-39 5
0.00849426 -0.198543 0.299392 1.93647e-39 5
0.0133832 -0.198543 0.299392 2.02795e-39 5
0.018272 -0.198543 0.299392 4.33356e-39 5
0.0232045 -0.198916 0.299955 4.70342e-39 5
0.0281026 -0.198916 0.299955 5.0722e-39 5
0.0330007 -0.198916 0.299955 1.4755e-39 5
0.0427968 -0.198916 0.299955 3.87258e-39 5
0.0476054 -0.198543 0.299392 6.54626e-39 5
0.052692 -0.199291 0.30052 6.54625e-39 5
0.0574911 -0.198916 0.299955 6.26967e-39 5
0.0623892 -0.198916 0.299955 2.95063e-39 5
0.067414 -0.199291 0.30052 6.08528e-39 5
0.0721853 -0.198916 0.299955 5.16332e-39 5
0.0772286 -0.199291 0.30052 6.63809e-39 5
0.0821359 -0.199291 0.30052 7.6526e-39 5
0.0870432 -0.199291 0.30052 7.09943e-39 5
0.0917777 -0.198916 0.299955 3.96441e-39 5
0.0966758 -0.198916 0.299955 1.65952e-39 5
0.101383 -0.198543 0.299392 2.21306e-39 5
0.106272 -0.198543 0.299392 4.24136e-39 5
0.111161 -0.198543 0.299392 3.87366e-39 5
0.120939 -0.198543 0.299392 5.6243e-39 5
0.125828 -0.198543 0.299392 5.07112e-39 5
0.149991 -0.198171 0.298831 4.97965e-39 5
0.155161 -0.198543 0.299392 6.72993e-39 5
0.16005 -0.198543 0.299392 5.90017e-39 5
0.16463 -0.198171 0.298831 6.73065e-39 5
0.169193 -0.197801 0.298273 5.34771e-39 5
0.174064 -0.197801 0.298273 3.13502e-39 5
0.178934 -0.197801 0.298273 2.48928e-39 5
0.186571 -0.190673 0.287524 3.04174e-39 5
0.17991 -0.170959 0.257796 3.96585e-39 5
0.183823 -0.170683 0.257381 4.51795e-39 5
0.18833 -0.170959 0.257796 4.5183e-39 5
0.192539 -0.170959 0.257796 4.79561e-39 5
0.197067 -0.171235 0.258214 4.51903e-39 5
0.222131 -0.188971 0.284957 3.50488e-39 5
0.226784 -0.188971 0.284957 5.53318e-39 5
0.230614 -0.188298 0.283943 6.63845e-39 5
0.23525 -0.188298 0.283943 6.63845e-39 5
0.239036 -0.18763 0.282936 5.80904e-39 5
0.242796 -0.186967 0.281936 4.79489e-39 5
0.246963 -0.186638 0.281439 3.59635e-39 5
0.250235 -0.185655 0.279958 5.44026e-39 5
0.253031 -0.184361 0.278007 6.54661e-39 5
0.255346 -0.182769 0.275606 6.3615e-39 5
0.258064 -0.181515 0.273715 4.97856e-39 5
0.266895 -0.178454 0.269099 2.76515e-39 5
0.269471 -0.177259 0.267296 3.13429e-39 5
0.273836 -0.177259 0.267296 4.05624e-39 5
0.280551 -0.178756 0.269554 3.59563e-39 5
0.28304 -0.177556 0.267745 3.68783e-39 5
0.28693 -0.177259 0.267296 3.13501e-39 5
0.294182 -0.176372 0.26596 3.78146e-39 5
0.296548 -0.175204 0.264199 2.76731e-39 5
0.298883 -0.174052 0.262461 2.67512e-39 5
0.300696 -0.172632 0.26032 5.62537e-39 5
0.303955 -0.172071 0.259473 4.33463e-39 5
0.307691 -0.171791 0.259052 2.85951e-39 5
0.311416 -0.171513 0.258632 2.95063e-39 5
0.315639 -0.171513 0.258632 3.22721e-39 5
0.321426 -0.172351 0.259896 3.78074e-39 5
-0.231704 -0.172317 0.266404 6.54661e-39 3
-0.227734 -0.172605 0.266849 4.05733e-39 3
-0.22375 -0.172894 0.267296 2.30561e-39 3
-0.220123 -0.173475 0.268195 3.68819e-39 3
-0.216837 -0.174354 0.269554 4.61014e-39 3
-0.213517 -0.175242 0.270927 6.73028e-39 3
-0.209093 -0.175242 0.270927 5.71613e-39 3
-0.204669 -0.175242 0.270927 4.14881e-39 3
-0.200927 -0.175839 0.27185 4.14881e-39 3
-0.19716 -0.176441 0.272779 4.7027e-39 3
-0.193036 -0.176743 0.273247 4.61014e-39 3
-0.189222 -0.17735 0.274186 4.70162e-39 3
-0.184744 -0.17735 0.274186 6.63737e-39 3
-0.180889 -0.177962 0.275131 8.94226e-39 3
-0.176701 -0.178269 0.275606 4.88565e-39 3
-0.172498 -0.178577 0.276083 5.43954e-39 3
-0.168281 -0.178887 0.276561 7.46749e-39 3
-0.164621 -0.179822 0.278007 6.63845e-39 3
-0.16036 -0.180136 0.278492 6.63845e-39 3
-0.156359 -0.180767 0.279468 4.3332e-39 3
-0.152329 -0.181402 0.28045 3.50344e-39 3
-0.14827 -0.182042 0.281439 7.28382e-39 3
-0.144183 -0.182686 0.282435 5.5321e-39 3
-0.140067 -0.183335 0.283439 2.30489e-39 3
-0.136164 -0.184317 0.284957 1.56697e-39 3
-0.131746 -0.184647 0.285467 2.12015e-39 3
-0.127541 -0.18531 0.286492 4.60943e-39 3
-0.123084 -0.185643 0.287007 7.09943e-39 3
-0.118824 -0.186314 0.288043 3.87258e-39 3
-0.114121 -0.186314 0.288043 6.72957e-39 3
-0.109814 -0.186989 0.289087 8.57348e-39 3
-0.105093 -0.186989 0.289087 6.73028e-39 3
-0.100737 -0.187669 0.290138 5.80797e-39 3
-0.0961744 -0.18801 0.290667 5.80797e-39 3
-0.0915949 -0.188353 0.291197 6.63773e-39 3
-0.0873178 -0.18939 0.2928 7.28382e-39 3
-0.0829934 -0.190439 0.294421 4.24136e-39 3
-0.0784753 -0.191144 0.295511 7.37674e-39 3
-0.0736497 -0.191144 0.295511 7.74552e-39 3
-0.0689519 -0.191499 0.296059 8.57456e-39 5
-0.0642366 -0.191854 0.29661 6.82248e-39 5
-0.0593931 -0.191854 0.29661 4.05625e-39 5
-0.0545497 -0.191854 0.29661 7.46749e-39 5
-0.0450302 -0.19257 0.297716 1.4755e-39 5
-0.0402437 -0.19293 0.298273 1.3833e-39 5
-0.0353731 -0.19293 0.298273 3.31976e-39 5
-0.0305596 -0.193292 0.298831 4.5183e-39 5
-0.025728 -0.193654 0.299392 3.22757e-39 5
-0.0208391 -0.193654 0.299392 2.30454e-39 5
-0.0159802 -0.194018 0.299955 2.30454e-39 5
-0.0110613 -0.193654 0.299392 2.85806e-39 5
-0.00617243 -0.193654 0.299392 6.26967e-39 5
-0.00128595 -0.194018 0.299955 7.09943e-39 5
0.00361214 -0.194018 0.299955 6.82284e-39 5
0.00851022 -0.194018 0.299955 4.79454e-39 5
0.0134083 -0.194018 0.299955 3.59528e-39 5
0.0183409 -0.194384 0.30052 4.79454e-39 5
0.023292 -0.19475 0.301087 4.51903e-39 5
0.0282619 -0.195119 0.301656 3.04354e-39 5
0.0428774 -0.194384 0.30052 1.4755e-39 5
0.052692 -0.194384 0.30052 2.30705e-39 5
0.0575994 -0.194384 0.30052 2.12122e-39 5
0.062743 -0.195119 0.301656 5.34771e-39 5
0.0675412 -0.19475 0.301087 5.5321e-39 5
0.0723213 -0.194384 0.30052 4.51795e-39 5
0.0822909 -0.19475 0.301087 1.75208e-39 5
0.0917777 -0.194018 0.299955 2.21198e-39 5
0.0966758 -0.194018 0.299955 7.28346e-39 5
0.101383 -0.193654 0.299392 5.62394e-39 5
0.106472 -0.194018 0.299955 2.30525e-39 5
0.11137 -0.194018 0.299955 1.75244e-39 5
0.116268 -0.194018 0.299955 3.13501e-39 5
0.121166 -0.194018 0.299955 2.48964e-39 5
0.130962 -0.194018 0.299955 1.29111e-39 5
0.145657 -0.194018 0.299955 5.16441e-39 5
0.150555 -0.194018 0.299955 1.10743e-39 5
0.155746 -0.194384 0.30052 1.65917e-39 5
0.160351 -0.194018 0.299955 6.45334e-39 5
0.164939 -0.193654 0.299392 6.36187e-39 5
0.169193 -0.19293 0.298273 5.99308e-39 5
0.178268 -0.192212 0.297162 6.26895e-39 5
0.181431 -0.190439 0.294421 1.93611e-39 5
0.1842 -0.188353 0.291197 3.13394e-39 5
0.186571 -0.185978 0.287524 4.42504e-39 5
0.180787 -0.167561 0.259052 5.43991e-39 5
0.184717 -0.16729 0.258632 5.07112e-39 5
0.188634 -0.167019 0.258214 4.7027e-39 5
0.193163 -0.16729 0.258632 4.24244e-39 5
0.197707 -0.167561 0.259052 4.42683e-39 5
0.222927 -0.184978 0.285978 4.0577e-39 5
0.22719 -0.184647 0.285467 6.086e-39 5
0.231025 -0.183989 0.284449 5.25551e-39 5
0.23525 -0.183661 0.283943 3.59635e-39 5
0.239887 -0.183661 0.283943 2.30561e-39 5
0.244089 -0.183335 0.283439 3.87366e-39 5
0.247399 -0.182363 0.281936 3.87401e-39 5
0.253915 -0.180451 0.278979 3.41195e-39 5
0.254906 -0.177962 0.275131 4.79417e-39 5
0.257622 -0.176743 0.273247 7.28274e-39 5
0.261189 -0.176139 0.272314 6.36006e-39 5
0.262944 -0.174354 0.269554 6.26786e-39 5
0.265998 -0.173475 0.268195 5.80688e-39 5
0.269021 -0.172605 0.266849 5.43918e-39 5
0.277736 -0.172605 0.266849 4.88637e-39 5
0.281153 -0.172029 0.26596 3.68783e-39 5
0.285496 -0.172029 0.26596 3.596e-39 5
0.289839 -0.172029 0.26596 3.31941e-39 5
0.293692 -0.171743 0.265517 2.9517e-39 5
0.296548 -0.17089 0.264199 1.10851e-39 5
0.299375 -0.170046 0.262893 1.10779e-39 5
0.300696 -0.168381 0.26032 3.78146e-39 5
0.303955 -0.167834 0.259473 6.45513e-39 5
0.307691 -0.167561 0.259052 3.78146e-39 5
0.315129 -0.167019 0.258214 3.50415e-39 5
0.319345 -0.167019 0.258214 3.04245e-39 5
-0.23287 -0.168812 0.267745 4.24244e-39 3
-0.228498 -0.168812 0.267745 4.88709e-39 3
-0.22488 -0.16938 0.268646 2.76659e-39 3
-0.220865 -0.169666 0.269099 5.34771e-39 3
-0.217572 -0.170529 0.270468 6.91504e-39 3
-0.21388 -0.171109 0.271388 1.93647e-39 3
-0.209449 -0.171109 0.271388 4.33356e-39 3
-0.205366 -0.1714 0.27185 4.88637e-39 3
-0.201614 -0.171986 0.272779 4.42539e-39 3
-0.197836 -0.172576 0.273715 5.62394e-39 3
-0.194032 -0.17317 0.274657 7.83628e-39 3
-0.190202 -0.173768 0.275606 5.71578e-39 3
-0.185381 -0.173469 0.275131 2.30489e-39 3
-0.181829 -0.174371 0.276561 4.97856e-39 3
-0.177313 -0.174371 0.276561 6.82248e-39 3
-0.173398 -0.174977 0.277523 7.00687e-39 3
-0.169456 -0.175588 0.278492 3.04246e-39 3
-0.165196 -0.175895 0.278979 3.41124e-39 3
-0.161204 -0.176512 0.279958 3.77967e-39 3
-0.157184 -0.177134 0.280944 4.70234e-39 3
-0.153136 -0.17776 0.281936 8.11393e-39 3
-0.149059 -0.17839 0.282936 5.25587e-39 3
-0.144695 -0.178707 0.283439 4.33356e-39 3
-0.140566 -0.179344 0.284449 5.34771e-39 3
-0.136652 -0.180308 0.285978 5.71578e-39 3
-0.132219 -0.180632 0.286492 4.33248e-39 3
-0.127541 -0.180632 0.286492 4.60871e-39 3
-0.123305 -0.181283 0.287524 5.71578e-39 3
-0.118824 -0.18161 0.288043 7.83699e-39 3
-0.114327 -0.181938 0.288564 9.4036e-39 3
-0.109814 -0.182268 0.289087 1.47406e-39 3
-0.105284 -0.182599 0.289612 7.19055e-39 3
-0.100921 -0.183264 0.290667 4.79382e-39 3
-0.0963499 -0.183598 0.291197 8.66675e-39 3
-0.0919304 -0.184271 0.292264 7.28346e-39 3
-0.0874783 -0.184948 0.293338 4.70162e-39 3
-0.0831468 -0.185974 0.294965 6.91504e-39 3
-0.0784753 -0.186318 0.295511 5.71722e-39 3
-0.0737864 -0.186664 0.296059 2.58149e-39 3
-0.0690801 -0.187011 0.29661 5.1626e-39 5
-0.0643562 -0.187359 0.297162 5.07076e-39 5
-0.0596148 -0.187709 0.297716 7.09871e-39 5
-0.0547532 -0.187709 0.297716 7.74408e-39 5
-0.0499849 -0.18806 0.298273 5.5321e-39 5
-0.0451988 -0.188412 0.298831 4.33356e-39 5
-0.0403191 -0.188412 0.298831 5.0722e-39 5
-0.0354393 -0.188412 0.298831 6.17711e-39 5
-0.0306745 -0.18912 0.299955 4.05661e-39 5
-0.0257764 -0.18912 0.299955 1.75172e-39 5
-0.0209176 -0.189476 0.30052 1.47406e-39 5
-0.0160103 -0.189476 0.30052 2.11979e-39 5
-0.0110821 -0.18912 0.299955 7.19091e-39 5
-0.00619568 -0.189476 0.30052 4.05661e-39 5
-0.0012908 -0.189834 0.301087 2.02975e-39 5
0.00361894 -0.189476 0.30052 2.58292e-39 5
0.00852625 -0.189476 0.30052 5.25552e-39 5
0.0134336 -0.189476 0.30052 5.90089e-39 5
0.0183755 -0.189834 0.301087 6.17747e-39 5
0.0233361 -0.190193 0.301656 3.78147e-39 5
0.0283155 -0.190553 0.302227 2.12087e-39 5
0.0380418 -0.189834 0.301087 1.84428e-39 5
0.0430395 -0.190193 0.301656 2.02939e-39 5
0.0527915 -0.189834 0.301087 1.2007e-39 5
0.0574911 -0.18912 0.299955 5.80869e-39 5
0.062743 -0.190193 0.301656 7.00723e-39 5
0.0675412 -0.189834 0.301087 7.28382e-39 5
0.0723213 -0.189476 0.30052 3.5038e-39 5
0.0822909 -0.189834 0.301087 1.2911e-39 5
0.0966758 -0.18912 0.299955 3.50308e-39 5
0.101574 -0.18912 0.299955 6.36186e-39 5
0.106472 -0.18912 0.299955 7.00723e-39 5
0.11158 -0.189476 0.30052 8.482e-39 5
0.116487 -0.189476 0.30052 6.45298e-39 5
0.121166 -0.18912 0.299955 2.48964e-39 5
0.135606 -0.188765 0.299392 2.85843e-39 5
0.140494 -0.188765 0.299392 5.07257e-39 5
0.156039 -0.189834 0.301087 1.56697e-39 5
0.160351 -0.18912 0.299955 6.26824e-39 5
0.164939 -0.188765 0.299392 5.80834e-39 5
0.16951 -0.188412 0.298831 6.27039e-39 5
0.177606 -0.186664 0.296059 1.751e-39 5
0.180102 -0.184271 0.292264 3.68711e-39 5
0.17517 -0.166026 0.263327 5.99343e-39 5
0.179174 -0.165753 0.262893 4.42611e-39 5
0.181968 -0.164399 0.260745 5.16367e-39 5
0.185318 -0.163597 0.259473 6.73064e-39 5
0.193477 -0.163331 0.259052 4.61014e-39 5
0.198351 -0.163863 0.259896 4.05697e-39 5
0.221735 -0.179344 0.284449 3.5038e-39 5
0.226784 -0.179664 0.284957 3.5038e-39 5
0.231025 -0.179344 0.284449 6.91504e-39 5
0.236091 -0.179664 0.284957 5.53318e-39 5
0.240744 -0.179664 0.284957 3.59707e-39 5
0.244524 -0.179025 0.283943 3.4134e-39 5
0.247837 -0.178074 0.282435 3.3212e-39 5
0.251116 -0.177134 0.280944 3.13644e-39 5
0.25436 -0.176203 0.279468 5.2555e-39 5
0.255346 -0.173768 0.275606 3.96441e-39 5
0.257182 -0.171986 0.272779 2.67295e-39 5
0.260744 -0.1714 0.27185 2.48856e-39 5
0.2625 -0.169666 0.269099 3.59491e-39 5
0.265551 -0.168812 0.267745 4.42467e-39 5
0.269021 -0.168247 0.266849 6.36078e-39 5
0.277272 -0.167966 0.266404 3.13393e-39 5
0.281153 -0.167687 0.26596 2.95026e-39 5
0.285021 -0.167408 0.265517 2.39745e-39 5
0.289839 -0.167687 0.26596 4.05805e-39 5
0.294182 -0.167687 0.26596 4.70378e-39 5
0.297533 -0.167129 0.265076 4.33464e-39 5
0.300862 -0.166576 0.264199 3.13609e-39 5
0.300696 -0.16413 0.26032 3.13537e-39 5
0.307193 -0.163066 0.258632 5.07148e-39 5
0.310912 -0.162802 0.258214 2.02902e-39 5
0.31462 -0.162539 0.257796 2.39781e-39 5
0.317291 -0.161756 0.256553 2.95206e-39 5
-0.233654 -0.164993 0.268646 5.80976e-39 3
-0.229267 -0.164993 0.268646 6.36222e-39 3
-0.22526 -0.165272 0.269099 6.54661e-39 3
-0.221239 -0.165551 0.269554 7.19162e-39 3
-0.217941 -0.166394 0.270927 6.36186e-39 3
-0.21388 -0.166677 0.271388 5.99308e-39 3
-0.209449 -0.166677 0.271388 5.71649e-39 3
-0.205366 -0.166961 0.27185 5.25515e-39 3
-0.201959 -0.167819 0.273247 7.74444e-39 3
-0.198517 -0.168685 0.274657 6.45369e-39 3
-0.182779 -0.170742 0.278007 7.28345e-39 3
-0.178551 -0.17104 0.278492 5.34735e-39 3
-0.174307 -0.171339 0.278979 3.50308e-39 3
-0.170049 -0.171639 0.279468 6.17711e-39 3
-0.166067 -0.172243 0.28045 7.37565e-39 3
-0.161772 -0.172546 0.280944 7.46749e-39 3
-0.15774 -0.173156 0.281936 5.90089e-39 3
-0.154226 -0.174388 0.283943 1.47549e-39 3
-0.149856 -0.174699 0.284449 3.78074e-39 3
-0.14547 -0.175011 0.284957 7.7448e-39 3
-0.141322 -0.175638 0.285978 6.08527e-39 3
-0.137144 -0.17627 0.287007 5.07041e-39 3
-0.132457 -0.17627 0.287007 7.74372e-39 3
-0.128 -0.176588 0.287524 8.48165e-39 3
-0.123528 -0.176906 0.288043 9.21921e-39 3
-0.119255 -0.177547 0.289087 8.48165e-39 3
-0.114534 -0.177547 0.289087 5.80797e-39 3
-0.110013 -0.17787 0.289612 5.99165e-39 3
-0.105667 -0.178518 0.290667 8.29689e-39 3
-0.101105 -0.178843 0.291197 2.12015e-39 3
-0.0967029 -0.179498 0.292264 5.16332e-39 3
-0.0922683 -0.180158 0.293338 4.70198e-39 3
-0.0878011 -0.180823 0.294421 7.92847e-39 3
-0.0833008 -0.181493 0.295511 3.4116e-39 3
-0.078767 -0.182168 0.29661 1.38295e-39 3
-0.0740612 -0.182507 0.297162 1.56769e-39 3
-0.0693378 -0.182847 0.297716 2.02795e-39 5
-0.0645968 -0.183189 0.298273 7.65188e-39 5
-0.059838 -0.183532 0.298831 2.67332e-39 5
-0.0501725 -0.183876 0.299392 4.79454e-39 5
-0.0453687 -0.184222 0.299955 6.54626e-39 5
-0.0404706 -0.184222 0.299955 6.17855e-39 5
-0.0355726 -0.184222 0.299955 3.22685e-39 5
-0.0307322 -0.184569 0.30052 1.93539e-39 5
-0.0258737 -0.184917 0.301087 6.17711e-39 5
-0.0209571 -0.184917 0.301087 7.65117e-39 5
-0.0160405 -0.184917 0.301087 5.07005e-39 5
-0.0111239 -0.184917 0.301087 2.67332e-39 5
-0.00621911 -0.185267 0.301656 3.68783e-39 5
-0.00129569 -0.185618 0.302227 6.26967e-39 5
0.00363262 -0.185267 0.301656 6.91612e-39 5
0.00854234 -0.184917 0.301087 7.09943e-39 5
0.0134589 -0.184917 0.301087 5.16332e-39 5
0.0184102 -0.185267 0.301656 7.6526e-39 5
0.023292 -0.184917 0.301087 7.00831e-39 5
0.0282086 -0.184917 0.301087 4.24137e-39 5
0.0330007 -0.184222 0.299955 1.38295e-39 5
0.0379701 -0.184569 0.30052 2.12087e-39 5
0.0428774 -0.184569 0.30052 1.10743e-39 5
0.052692 -0.184569 0.30052 6.08635e-39 5
0.0575994 -0.184569 0.30052 1.75208e-39 5
0.0626246 -0.184917 0.301087 1.2911e-39 5
0.0723213 -0.184569 0.30052 6.54626e-39 5
0.0772286 -0.184569 0.30052 2.67404e-39 5
0.0917777 -0.184222 0.299955 5.80833e-39 5
0.0966758 -0.184222 0.299955 4.51723e-39 5
0.101574 -0.184222 0.299955 6.45406e-39 5
0.106472 -0.184222 0.299955 4.61014e-39 5
0.116487 -0.184569 0.30052 4.60907e-39 5
0.121166 -0.184222 0.299955 7.37565e-39 5
0.125828 -0.183876 0.299392 7.00723e-39 5
0.130717 -0.183876 0.299392 7.7448e-39 5
0.135606 -0.183876 0.299392 4.61015e-39 5
0.150272 -0.183876 0.299392 1.38402e-39 5
0.155453 -0.184222 0.299955 6.17604e-39 5
0.16005 -0.183876 0.299392 2.76552e-39 5
0.169193 -0.183189 0.298273 3.13502e-39 5
0.175459 -0.161994 0.263762 4.88673e-39 5
0.179174 -0.16146 0.262893 4.05697e-39 5
0.181968 -0.160141 0.260745 4.88673e-39 5
0.185619 -0.159619 0.259896 4.05697e-39 5
0.189247 -0.159101 0.259052 5.5321e-39 5
0.194424 -0.15988 0.26032 5.25552e-39 5
0.220556 -0.17377 0.282936 4.70163e-39 5
0.225977 -0.174388 0.283943 2.67404e-39 5
0.230204 -0.174078 0.283439 3.22721e-39 5
0.23525 -0.174388 0.283943 4.70342e-39 5
0.240315 -0.174699 0.284449 4.15024e-39 5
0.244089 -0.174078 0.283439 3.04461e-39 5
0.247399 -0.173156 0.281936 3.41339e-39 5
0.253915 -0.171339 0.278979 4.70233e-39 5
0.255788 -0.169561 0.276083 3.04246e-39 5
0.257622 -0.167819 0.273247 2.02759e-39 5
0.261189 -0.167246 0.272314 4.05589e-39 5
0.263835 -0.166112 0.270468 3.31868e-39 5
0.265998 -0.164716 0.268195 2.39672e-39 5
0.269021 -0.16389 0.266849 2.12014e-39 5
0.277272 -0.163616 0.266404 3.87222e-39 5
0.281153 -0.163344 0.26596 2.39709e-39 5
0.289357 -0.163072 0.265517 3.78146e-39 5
0.294182 -0.163344 0.26596 3.78147e-39 5
0.301187 -0.160141 0.260745 3.96513e-39 5
0.303955 -0.15936 0.259473 3.5038e-39 5
0.308192 -0.15936 0.259473 4.14952e-39 5
0.311416 -0.158843 0.258632 4.42611e-39 5
0.315129 -0.158586 0.258214 6.6388e-39 5
0.317291 -0.157566 0.256553 6.63952e-39 5
-0.234048 -0.160877 0.269099 5.99416e-39 3
-0.229654 -0.160877 0.269099 5.43991e-39 3
-0.226022 -0.161422 0.27001 6.26967e-39 3
-0.221989 -0.161696 0.270468 6.91504e-39 3
-0.217941 -0.16197 0.270927 5.6243e-39 3
-0.214245 -0.162522 0.27185 4.70234e-39 3
-0.209806 -0.162522 0.27185 5.71649e-39 3
-0.206069 -0.163078 0.272779 8.38981e-39 3
-0.202653 -0.163918 0.274186 3.87222e-39 3
-0.199203 -0.164767 0.275606 2.85806e-39 3
-0.195377 -0.165339 0.276561 3.96441e-39 3
-0.191193 -0.165626 0.277042 4.51759e-39 3
-0.186993 -0.165914 0.277523 5.80832e-39 3
-0.183098 -0.166493 0.278492 5.53174e-39 3
-0.178863 -0.166784 0.278979 6.63809e-39 3
-0.174613 -0.167076 0.279468 8.20506e-39 3
-0.170647 -0.167663 0.28045 8.38981e-39 3
-0.16636 -0.167958 0.280944 2.76587e-39 3
-0.162344 -0.168552 0.281936 8.20506e-39 3
-0.158299 -0.16915 0.282936 7.37602e-39 3
-0.154501 -0.170054 0.284449 7.09943e-39 3
-0.150392 -0.170663 0.285467 7.00759e-39 3
-0.145992 -0.170968 0.285978 5.16332e-39 3
-0.141576 -0.171275 0.286492 4.88673e-39 3
-0.137391 -0.171893 0.287524 7.7448e-39 3
-0.132935 -0.172203 0.288043 4.97857e-39 3
-0.128463 -0.172514 0.288564 3.1343e-39 3
-0.123975 -0.172827 0.289087 3.41089e-39 3
-0.119471 -0.17314 0.289612 2.12015e-39 3
-0.114951 -0.173455 0.290138 6.82212e-39 3
-0.110615 -0.174088 0.291197 7.65117e-39 3
-0.106054 -0.174406 0.291729 4.79346e-39 3
-0.101662 -0.175047 0.2928 5.90017e-39 3
-0.0972371 -0.175691 0.293878 4.42575e-39 3
-0.09278 -0.176341 0.294965 8.75859e-39 3
-0.0881263 -0.176667 0.295511 2.39637e-39 3
-0.0836104 -0.177324 0.29661 1.75136e-39 3
-0.0789137 -0.177654 0.297162 5.62358e-39 3
-0.0741994 -0.177986 0.297716 7.00652e-39 3
-0.0694674 -0.178318 0.298273 6.08456e-39 5
-0.0647178 -0.178652 0.298831 1.84428e-39 5
-0.0599503 -0.178988 0.299392 4.70234e-39 5
-0.0550614 -0.178988 0.299392 8.66676e-39 5
-0.0501725 -0.178988 0.299392 7.19162e-39 5
-0.0453687 -0.179324 0.299955 3.96586e-39 5
-0.0404706 -0.179324 0.299955 9.95857e-39 5
-0.0355058 -0.178988 0.299392 8.85078e-39 5
-0.0306745 -0.179324 0.299955 7.00615e-39 5
-0.0258249 -0.179662 0.30052 2.2127e-39 5
-0.0160708 -0.180341 0.301656 7.55969e-39 5
-0.011145 -0.180341 0.301656 8.57384e-39 5
-0.00623089 -0.180682 0.302227 8.57348e-39 5
-0.00129815 -0.181025 0.302801 7.46821e-39 5
0.00363262 -0.180341 0.301656 2.67512e-39 5
0.00855848 -0.180341 0.301656 3.68819e-39 5
0.0134843 -0.180341 0.301656 6.63845e-39 5
0.0183755 -0.180001 0.301087 6.54626e-39 5
0.023292 -0.180001 0.301087 7.2849e-39 5
0.0282086 -0.180001 0.301087 7.09943e-39 5
0.0330628 -0.179662 0.30052 7.09943e-39 5
0.0380418 -0.180001 0.301087 7.00723e-39 5
0.0428774 -0.179662 0.30052 7.837e-39 5
0.0476949 -0.179324 0.299955 4.14989e-39 5
0.052692 -0.179662 0.30052 1.66096e-39 5
0.0625067 -0.179662 0.30052 1.47478e-39 5
0.0721853 -0.179324 0.299955 2.21234e-39 5
0.0772286 -0.179662 0.30052 3.596e-39 5
0.0821359 -0.179662 0.30052 2.58184e-39 5
0.0868796 -0.179324 0.299955 6.08528e-39 5
0.0917777 -0.179324 0.299955 2.95063e-39 5
0.0964944 -0.178988 0.299392 6.82284e-39 5
0.101383 -0.178988 0.299392 1.10779e-39 5
0.125828 -0.178988 0.299392 5.16332e-39 5
0.130717 -0.178988 0.299392 8.20506e-39 5
0.13586 -0.179324 0.299955 3.78039e-39 5
0.145931 -0.179662 0.30052 3.0439e-39 5
0.150555 -0.179324 0.299955 5.25552e-39 5
0.169193 -0.178318 0.298273 4.14917e-39 5
0.173739 -0.177986 0.297716 5.99236e-39 5
0.174594 -0.156908 0.262461 5.5321e-39 5
0.178293 -0.156394 0.2616 4.51795e-39 5
0.181671 -0.155629 0.26032 4.51795e-39 5
0.185318 -0.155123 0.259473 7.00723e-39 5
0.189247 -0.154871 0.259052 5.6243e-39 5
0.194742 -0.155883 0.260745 5.90089e-39 5
0.22638 -0.170054 0.284449 2.95062e-39 5
0.230204 -0.16945 0.283439 2.67439e-39 5
0.23525 -0.169752 0.283943 3.59742e-39 5
0.239461 -0.16945 0.283439 4.15096e-39 5
0.243657 -0.16915 0.282936 3.68962e-39 5
0.247399 -0.168552 0.281936 3.13537e-39 5
0.250235 -0.167369 0.279958 3.59634e-39 5
0.252591 -0.165914 0.277523 3.50379e-39 5
0.254467 -0.1642 0.274657 2.0283e-39 5
0.257182 -0.163078 0.272779 3.7793e-39 5
0.261189 -0.162799 0.272314 3.8715e-39 5
0.263835 -0.161696 0.270468 2.30453e-39 5
0.266445 -0.160607 0.268646 3.04209e-39 5
0.269471 -0.1598 0.267296 3.77966e-39 5
0.276349 -0.158736 0.265517 4.33319e-39 5
0.280219 -0.158472 0.265076 3.68783e-39 5
0.284075 -0.15821 0.264637 4.14881e-39 5
0.286496 -0.157167 0.262893 3.59599e-39 5
0.291269 -0.157426 0.263327 4.51795e-39 5
0.301187 -0.155883 0.260745 4.7027e-39 5
0.30445 -0.155375 0.259896 4.33356e-39 5
0.309703 -0.155883 0.260745 5.25587e-39 5
0.312938 -0.155375 0.259896 4.5183e-39 5
0.316152 -0.154871 0.259052 5.80904e-39 5
0.317802 -0.153624 0.256966 6.36294e-39 5
-0.234444 -0.156748 0.269554 5.16367e-39 3
-0.230431 -0.157013 0.27001 6.91504e-39 3
-0.226789 -0.157546 0.270927 4.05697e-39 3
-0.222365 -0.157546 0.270927 4.42576e-39 3
-0.218312 -0.157814 0.271388 3.596e-39 3
-0.214245 -0.158083 0.27185 5.43991e-39 3
-0.210523 -0.158623 0.272779 7.6526e-39 3
-0.206421 -0.158895 0.273247 4.3332e-39 3
-0.203002 -0.159715 0.274657 4.70198e-39 3
-0.199548 -0.160544 0.276083 6.2693e-39 3
-0.195717 -0.161102 0.277042 6.08491e-39 3
-0.191859 -0.161663 0.278007 5.53174e-39 3
-0.187974 -0.162228 0.278979 8.57419e-39 3
-0.18374 -0.162512 0.279468 7.92882e-39 3
-0.179806 -0.163084 0.28045 8.02067e-39 3
-0.175535 -0.163371 0.280944 7.00652e-39 3
-0.171249 -0.163659 0.281439 4.70162e-39 3
-0.167243 -0.164238 0.282435 6.3615e-39 3
-0.162919 -0.164529 0.282936 8.02067e-39 3
-0.158862 -0.165115 0.283943 5.5321e-39 3
-0.155054 -0.166001 0.285467 4.70234e-39 3
-0.150662 -0.166299 0.285978 5.99272e-39 3
-0.146254 -0.166597 0.286492 5.07076e-39 3
-0.142086 -0.167197 0.287524 7.83699e-39 3
-0.137888 -0.167802 0.288564 2.85843e-39 3
-0.133417 -0.168106 0.289087 2.12086e-39 3
-0.12893 -0.168411 0.289612 1.93576e-39 3
-0.124426 -0.168717 0.290138 2.39674e-39 3
-0.119907 -0.169025 0.290667 5.99165e-39 3
-0.115581 -0.169643 0.291729 7.2831e-39 3
-0.11102 -0.169953 0.292264 4.7931e-39 3
-0.106443 -0.170265 0.2928 7.46713e-39 3
-0.102036 -0.170892 0.293878 6.63773e-39 3
-0.0974165 -0.171208 0.294421 6.54589e-39 3
-0.0929518 -0.171842 0.295511 5.25443e-39 3
-0.0882898 -0.172161 0.296059 5.16224e-39 3
-0.0837661 -0.172802 0.297162 7.46749e-39 3
-0.0790609 -0.173124 0.297716 6.36115e-39 3
-0.074338 -0.173448 0.298273 5.1626e-39 3
-0.0695975 -0.173773 0.298831 1.01419e-38 5
-0.0648392 -0.174099 0.299392 8.57456e-39 5
-0.060063 -0.174426 0.299955 8.39017e-39 5
-0.0551649 -0.174426 0.299955 4.05697e-39 5
-0.0502668 -0.174426 0.299955 4.24244e-39 5
-0.0453687 -0.174426 0.299955 9.12881e-39 5
-0.0404706 -0.174426 0.299955 2.49073e-39 5
-0.0355058 -0.174099 0.299392 2.39709e-39 5
-0.0306745 -0.174426 0.299955 4.51687e-39 5
-0.0257764 -0.174426 0.299955 4.88637e-39 5
-0.0209176 -0.174754 0.30052 8.20506e-39 5
-0.0160405 -0.175084 0.301087 4.33284e-39 5
-0.0111239 -0.175084 0.301087 8.38909e-39 5
-0.00621911 -0.175415 0.301656 4.42467e-39 5
-0.00129569 -0.175747 0.302227 3.31976e-39 5
0.00363262 -0.175415 0.301656 3.13609e-39 5
0.00855848 -0.175415 0.301656 6.36186e-39 5
0.0134589 -0.175084 0.301087 1.93647e-39 5
0.0183755 -0.175084 0.301087 1.56769e-39 5
0.0232482 -0.174754 0.30052 2.49073e-39 5
0.0281555 -0.174754 0.30052 6.36186e-39 5
0.0331252 -0.175084 0.301087 6.26967e-39 5
0.0381137 -0.175415 0.301656 4.97821e-39 5
0.0429583 -0.175084 0.301087 5.43991e-39 5
0.0477847 -0.174754 0.30052 8.57456e-39 5
0.0527915 -0.175084 0.301087 8.57456e-39 5
0.0575994 -0.174754 0.30052 8.38945e-39 5
0.0625067 -0.174754 0.30052 8.02067e-39 5
0.067414 -0.174754 0.30052 8.66604e-39 5
0.0721853 -0.174426 0.299955 7.92847e-39 5
0.0770834 -0.174426 0.299955 5.16332e-39 5
0.0819815 -0.174426 0.299955 6.63845e-39 5
0.0868796 -0.174426 0.299955 7.3771e-39 5
0.0917777 -0.174426 0.299955 5.53318e-39 5
0.121166 -0.174426 0.299955 6.82141e-39 5
0.126302 -0.174754 0.30052 5.80797e-39 5
0.131209 -0.174754 0.30052 8.02067e-39 5
0.136116 -0.174754 0.30052 9.21921e-39 5
0.141024 -0.174754 0.30052 6.91504e-39 5
0.146206 -0.175084 0.301087 2.67512e-39 5
0.164016 -0.173124 0.297716 3.1343e-39 5
0.169193 -0.173448 0.298273 5.90017e-39 5
0.171436 -0.153633 0.264199 6.17675e-39 5
0.174881 -0.152874 0.262893 5.99236e-39 5
0.178586 -0.152372 0.26203 5.07041e-39 5
0.181671 -0.151378 0.26032 4.70162e-39 5
0.185318 -0.150885 0.259473 7.19162e-39 5
0.189247 -0.150641 0.259052 6.36186e-39 5
0.22638 -0.165409 0.284449 3.68819e-39 5
0.229796 -0.164529 0.282936 3.04317e-39 5
0.234001 -0.164238 0.282435 2.95206e-39 5
0.238613 -0.164238 0.282435 3.41339e-39 5
0.242796 -0.163948 0.281936 3.04317e-39 5
0.248925 -0.161945 0.278492 3.41195e-39 5
0.249982 -0.159715 0.274657 4.79453e-39 5
0.256743 -0.158353 0.272314 3.59491e-39 5
0.260744 -0.158083 0.27185 2.94954e-39 5
0.263389 -0.157013 0.27001 3.13429e-39 5
0.266445 -0.15622 0.268646 2.58111e-39 5
0.269021 -0.155175 0.266849 2.58111e-39 5
0.276349 -0.1544 0.265517 5.07076e-39 5
0.279754 -0.153888 0.264637 5.25515e-39 5
0.283136 -0.153379 0.263762 5.16296e-39 5
0.285087 -0.152122 0.2616 5.34735e-39 5
0.288413 -0.151625 0.260745 3.96441e-39 5
0.291718 -0.151131 0.259896 3.96441e-39 5
0.302671 -0.152372 0.26203 3.78038e-39 5
0.305445 -0.151625 0.260745 3.96478e-39 5
0.312254 -0.152874 0.262893 5.07148e-39 5
0.31499 -0.152122 0.2616 6.08563e-39 5
0.317182 -0.151131 0.259896 6.731e-39 5
0.317291 -0.149187 0.256553 5.99343e-39 5
-0.235238 -0.152862 0.270468 6.54517e-39 3
-0.230822 -0.152862 0.270468 3.87258e-39 3
-0.226789 -0.153122 0.270927 4.79454e-39 3
-0.222744 -0.153382 0.271388 6.08528e-39 3
-0.218684 -0.153644 0.27185 6.82284e-39 3
-0.21461 -0.153906 0.272314 7.83663e-39 3
-0.210883 -0.154433 0.273247 4.241e-39 3
-0.207131 -0.154964 0.274186 6.08491e-39 3
-0.203352 -0.155498 0.275131 6.4537e-39 3
-0.200589 -0.15685 0.277523 5.62394e-39 3
-0.196741 -0.157398 0.278492 7.46713e-39 3
-0.192867 -0.157949 0.279468 8.48128e-39 3
-0.188634 -0.158226 0.279958 2.48928e-39 3
-0.180123 -0.158783 0.280944 4.24136e-39 3
-0.175845 -0.159063 0.281439 1.84356e-39 3
-0.171551 -0.159344 0.281936 7.3753e-39 3
-0.167539 -0.159909 0.282936 7.83663e-39 3
-0.163499 -0.160478 0.283943 1.751e-39 3
-0.159715 -0.16134 0.285467 5.16224e-39 3
-0.15589 -0.16221 0.287007 3.78039e-39 3
-0.151476 -0.162502 0.287524 5.25515e-39 3
-0.147046 -0.162796 0.288043 9.68019e-39 3
-0.1426 -0.16309 0.288564 2.21306e-39 3
-0.133902 -0.16398 0.290138 4.51795e-39 3
-0.129399 -0.164278 0.290667 2.58184e-39 3
-0.125109 -0.164879 0.291729 7.3753e-39 3
-0.120787 -0.165484 0.2928 7.19091e-39 3
-0.116219 -0.165788 0.293338 4.51724e-39 3
-0.111634 -0.166094 0.293878 8.84971e-39 3
-0.106835 -0.166094 0.293878 7.37386e-39 3
-0.102413 -0.166708 0.294965 7.19054e-39 3
-0.0977773 -0.167016 0.295511 7.65224e-39 3
-0.0931243 -0.167326 0.296059 9.58763e-39 3
-0.0884539 -0.167637 0.29661 8.5724e-39 3
-0.0839224 -0.168263 0.297716 7.3753e-39 3
-0.0792087 -0.168577 0.298273 6.72993e-39 3
-0.074617 -0.16921 0.299392 7.83628e-39 3
-0.0697281 -0.16921 0.299392 8.11358e-39 5
-0.0649611 -0.169528 0.299955 7.1927e-39 5
-0.0552688 -0.169847 0.30052 3.13574e-39 5
-0.0503615 -0.169847 0.30052 8.66675e-39 5
-0.0454542 -0.169847 0.30052 2.21306e-39 5
-0.0405469 -0.169847 0.30052 1.56769e-39 5
-0.0355726 -0.169528 0.299955 2.02867e-39 5
-0.0307322 -0.169847 0.30052 3.41124e-39 5
-0.0258249 -0.169847 0.30052 7.37565e-39 5
-0.0209176 -0.169847 0.30052 7.00651e-39 5
-0.0160405 -0.170168 0.301087 6.45334e-39 5
-0.0111239 -0.170168 0.301087 3.31833e-39 5
-0.00621911 -0.170489 0.301656 2.85735e-39 5
-0.00129569 -0.170812 0.302227 2.85843e-39 5
0.00363262 -0.170489 0.301656 7.5604e-39 5
0.00857469 -0.170812 0.302227 2.58184e-39 5
0.0134589 -0.170168 0.301087 2.67368e-39 5
0.0184102 -0.170489 0.301656 3.31941e-39 5
0.023292 -0.170168 0.301087 2.95063e-39 5
0.0282086 -0.170168 0.301087 4.88673e-39 5
0.0331252 -0.170168 0.301087 4.33356e-39 5
0.0381859 -0.170812 0.302227 7.19091e-39 5
0.0430395 -0.170489 0.301656 4.60943e-39 5
0.0478749 -0.170168 0.301087 1.4755e-39 5
0.0527915 -0.170168 0.301087 2.58184e-39 5
0.0575994 -0.169847 0.30052 1.4755e-39 5
0.0625067 -0.169847 0.30052 2.94991e-39 5
0.067414 -0.169847 0.30052 1.93504e-39 5
0.0721853 -0.169528 0.299955 2.58041e-39 5
0.0770834 -0.169528 0.299955 1.04185e-38 5
0.0821359 -0.169847 0.30052 6.45406e-39 5
0.0917777 -0.169528 0.299955 2.49109e-39 5
0.0966758 -0.169528 0.299955 9.2484e-40 5
0.116487 -0.169847 0.30052 4.7931e-39 5
0.121623 -0.170168 0.301087 5.34699e-39 5
0.131705 -0.170489 0.301656 4.05697e-39 5
0.136631 -0.170489 0.301656 6.82284e-39 5
0.141557 -0.170489 0.301656 7.5604e-39 5
0.146206 -0.170168 0.301087 8.29797e-39 5
0.150555 -0.169528 0.299955 4.70198e-39 5
0.159154 -0.168263 0.297716 3.59564e-39 5
0.16371 -0.167949 0.297162 6.45371e-39 5
0.171436 -0.149319 0.264199 5.43991e-39 5
0.17517 -0.148826 0.263327 5.90088e-39 5
0.17947 -0.148826 0.263327 5.71541e-39 5
0.182565 -0.14785 0.2616 5.07076e-39 5
0.185922 -0.147127 0.26032 4.79454e-39 5
0.22638 -0.160764 0.284449 7.7448e-39 5
0.229389 -0.159626 0.282435 7.83735e-39 5
0.233176 -0.159063 0.281439 7.83842e-39 5
0.237772 -0.159063 0.281439 7.92954e-39 5
0.241941 -0.158783 0.280944 6.731e-39 5
0.245663 -0.158226 0.279958 4.5183e-39 5
0.24592 -0.155498 0.275131 1.75243e-39 5
0.248273 -0.154169 0.272779 2.76766e-39 5
0.252296 -0.153906 0.272314 3.50415e-39 5
0.255435 -0.153122 0.270927 4.241e-39 5
0.259419 -0.152862 0.270468 1.75135e-39 5
0.261618 -0.151578 0.268195 2.58111e-39 5
0.265551 -0.151323 0.267745 2.39672e-39 5
0.268572 -0.150566 0.266404 2.30453e-39 5
0.272014 -0.150065 0.265517 3.41124e-39 5
0.276349 -0.150065 0.265517 4.33319e-39 5
0.280219 -0.149815 0.265076 4.70198e-39 5
0.283605 -0.149319 0.264199 6.17711e-39 5
0.286025 -0.148337 0.262461 6.91468e-39 5
0.288413 -0.147367 0.260745 5.34735e-39 5
0.291718 -0.146887 0.259896 4.33319e-39 5
0.297903 -0.14785 0.2616 3.78002e-39 5
0.303168 -0.148337 0.262461 2.85807e-39 5
0.305445 -0.147367 0.260745 4.24065e-39 5
0.312254 -0.148581 0.262893 3.41124e-39 5
0.31396 -0.147367 0.260745 4.33319e-39 5
0.315264 -0.144072 0.254914 6.73028e-39 5
-0.236038 -0.148951 0.271388 4.42468e-39 3
-0.232001 -0.149204 0.27185 7.46785e-39 3
-0.227562 -0.149204 0.27185 6.91468e-39 3
-0.223504 -0.149459 0.272314 4.05625e-39 3
-0.219432 -0.149715 0.272779 8.57384e-39 3
-0.215345 -0.149971 0.273247 7.09907e-39 3
-0.211608 -0.150486 0.274186 7.09906e-39 3
-0.207845 -0.151005 0.275131 5.90052e-39 3
-0.204764 -0.152054 0.277042 5.16296e-39 3
-0.201289 -0.15285 0.278492 7.65224e-39 3
-0.197085 -0.153117 0.278979 7.09835e-39 3
-0.193205 -0.153654 0.279958 1.47441e-39 3
-0.188965 -0.153924 0.28045 2.2127e-39 3
-0.176467 -0.155014 0.282435 7.09871e-39 3
-0.172465 -0.155565 0.283439 7.92883e-39 3
-0.168736 -0.156398 0.284957 3.59563e-39 3
-0.164671 -0.156959 0.285978 6.91396e-39 3
-0.160577 -0.157523 0.287007 7.74372e-39 3
-0.156171 -0.157807 0.287524 9.12773e-39 3
-0.151749 -0.158092 0.288043 7.46749e-39 3
-0.147312 -0.158378 0.288564 2.76552e-39 3
-0.142858 -0.158665 0.289087 4.79454e-39 3
-0.13864 -0.159242 0.290138 8.66676e-39 3
-0.134146 -0.159532 0.290667 9.68091e-39 3
-0.129635 -0.159823 0.291197 7.28382e-39 3
-0.125338 -0.160408 0.292264 9.12702e-39 3
-0.121009 -0.160998 0.293338 6.91432e-39 3
-0.116647 -0.161592 0.294421 1.02334e-38 3
-0.111634 -0.161295 0.293878 2.48821e-39 3
-0.107032 -0.161592 0.294421 7.28166e-39 3
-0.102603 -0.162191 0.295511 5.99272e-39 3
-0.0979588 -0.162492 0.296059 2.30489e-39 3
-0.0931243 -0.162492 0.296059 1.8432e-39 3
-0.0840793 -0.163707 0.298273 4.97821e-39 3
-0.079357 -0.164013 0.298831 7.19091e-39 3
-0.074617 -0.164321 0.299392 7.92847e-39 3
-0.0698592 -0.16463 0.299955 3.78039e-39 5
-0.0650834 -0.16494 0.30052 1.93647e-39 5
-0.0602896 -0.165251 0.301087 3.41233e-39 5
-0.0553731 -0.165251 0.301087 8.94406e-39 5
-0.0505519 -0.165563 0.301656 2.67404e-39 5
-0.045626 -0.165563 0.301656 1.93647e-39 5
-0.0406234 -0.165251 0.301087 2.39745e-39 5
-0.0356395 -0.16494 0.30052 2.02867e-39 5
-0.0307902 -0.165251 0.301087 8.57419e-39 5
-0.0258737 -0.165251 0.301087 6.17711e-39 5
-0.0209571 -0.165251 0.301087 4.24065e-39 5
-0.0160708 -0.165563 0.301656 4.42504e-39 5
-0.011145 -0.165563 0.301656 6.45298e-39 5
-0.00624271 -0.166192 0.302801 4.05589e-39 5
-0.00129815 -0.166192 0.302801 7.37601e-39 5
0.0036395 -0.165877 0.302227 2.48964e-39 5
0.00859096 -0.166192 0.302801 3.22721e-39 5
0.0134843 -0.165563 0.301656 3.31905e-39 5
0.0184451 -0.165877 0.302227 2.85843e-39 5
0.023292 -0.165251 0.301087 5.80869e-39 5
0.0282619 -0.165563 0.301656 2.48965e-39 5
0.0331252 -0.165251 0.301087 8.11358e-39 5
0.0382583 -0.166192 0.302801 4.79382e-39 5
0.0430395 -0.165563 0.301656 7.74408e-39 5
0.0479654 -0.165563 0.301656 3.68819e-39 5
0.0528913 -0.165563 0.301656 1.75208e-39 5
0.057708 -0.165251 0.301087 1.65989e-39 5
0.067414 -0.16494 0.30052 5.25408e-39 5
0.0721853 -0.16463 0.299955 8.11286e-39 5
0.0770834 -0.16463 0.299955 7.46821e-39 5
0.0821359 -0.16494 0.30052 8.85114e-39 5
0.0867166 -0.164321 0.299392 9.4054e-39 5
0.0916055 -0.164321 0.299392 7.93027e-39 5
0.0964944 -0.164321 0.299392 2.21558e-39 5
0.111161 -0.164321 0.299392 6.91432e-39 5
0.116268 -0.16463 0.299955 7.4675e-39 5
0.126779 -0.165563 0.301656 4.88673e-39 5
0.131705 -0.165563 0.301656 4.42611e-39 5
0.141557 -0.165563 0.301656 5.5321e-39 5
0.146483 -0.165563 0.301656 8.66639e-39 5
0.150838 -0.16494 0.30052 9.4036e-39 5
0.154871 -0.164013 0.298831 8.85043e-39 5
0.159154 -0.163401 0.297716 5.16297e-39 5
0.17087 -0.144526 0.263327 6.17855e-39 5
0.174881 -0.144288 0.262893 4.79418e-39 5
0.179174 -0.144288 0.262893 5.8998e-39 5
0.182266 -0.143344 0.261172 6.17711e-39 5
0.228827 -0.157807 0.287524 4.97857e-39 5
0.230614 -0.155842 0.283943 5.07148e-39 5
0.234001 -0.155014 0.282435 5.16367e-39 5
0.237772 -0.154467 0.281439 6.54589e-39 5
0.241092 -0.153654 0.279958 3.68782e-39 5
0.241428 -0.151005 0.275131 7.56076e-39 5
0.243403 -0.149459 0.272314 6.36221e-39 5
0.247006 -0.148951 0.271388 2.21341e-39 5
0.250585 -0.148446 0.270468 4.70269e-39 5
0.253285 -0.147446 0.268646 4.0566e-39 5
0.256807 -0.146951 0.267745 2.48892e-39 5
0.260306 -0.14646 0.266849 3.77966e-39 5
0.264221 -0.146215 0.266404 3.22648e-39 5
0.268124 -0.145972 0.26596 3.59563e-39 5
0.272467 -0.145972 0.26596 4.51758e-39 5
0.277272 -0.146215 0.266404 4.70198e-39 5
0.281153 -0.145972 0.26596 2.48928e-39 5
0.284547 -0.145487 0.265076 2.85807e-39 5
0.288397 -0.145245 0.264637 6.73028e-39 5
0.289834 -0.143814 0.26203 7.74443e-39 5
0.292671 -0.143109 0.260745 5.34735e-39 5
0.297903 -0.143579 0.2616 2.02831e-39 5
0.303168 -0.144051 0.262461 3.96441e-39 5
0.306949 -0.143814 0.26203 3.59528e-39 5
0.313286 -0.144765 0.263762 4.241e-39 5
0.31396 -0.143109 0.260745 2.39709e-39 5
-0.23644 -0.144765 0.27185 7.46749e-39 3
-0.232397 -0.145012 0.272314 4.3332e-39 3
-0.22834 -0.14526 0.272779 6.26931e-39 3
-0.224269 -0.145509 0.273247 7.83628e-39 3
-0.220184 -0.145759 0.273715 5.99236e-39 3
-0.216457 -0.14626 0.274657 5.34663e-39 3
-0.212338 -0.146512 0.275131 4.79346e-39 3
-0.208926 -0.147274 0.276561 6.36078e-39 3
-0.205478 -0.148044 0.278007 9.12665e-39 3
-0.201641 -0.148562 0.278979 4.88637e-39 3
-0.197777 -0.149083 0.279958 2.67296e-39 3
-0.189298 -0.149608 0.280944 3.1343e-39 3
-0.185363 -0.150136 0.281936 2.39745e-39 3
-0.1814 -0.150669 0.282936 5.6243e-39 3
-0.177725 -0.151475 0.284449 6.3615e-39 3
-0.1737 -0.152017 0.285467 4.33284e-39 3
-0.169645 -0.152562 0.286492 8.94298e-39 3
-0.165263 -0.152837 0.287007 9.49543e-39 3
-0.160866 -0.153112 0.287524 3.22613e-39 3
-0.156736 -0.153666 0.288564 8.20578e-39 3
-0.152024 -0.153666 0.288564 1.56697e-39 3
-0.147846 -0.154224 0.289612 9.68019e-39 3
-0.143377 -0.154504 0.290138 9.58871e-39 3
-0.139146 -0.155068 0.291197 2.12087e-39 3
-0.134636 -0.155351 0.291729 4.88674e-39 3
-0.130349 -0.155922 0.2928 9.21993e-39 3
-0.12603 -0.156496 0.293878 4.79382e-39 3
-0.12168 -0.157074 0.294965 4.60943e-39 3
-0.116863 -0.157074 0.294965 2.21271e-39 3
-0.112046 -0.157074 0.294965 7.09799e-39 3
-0.107428 -0.157365 0.295511 5.43883e-39 3
-0.102793 -0.157657 0.296059 1.47513e-39 3
-0.0981408 -0.15795 0.29661 1.65988e-39 3
-0.0886186 -0.158244 0.297162 6.08384e-39 3
-0.0842367 -0.159133 0.298831 9.31141e-39 3
-0.0795059 -0.159432 0.299392 7.7448e-39 3
-0.074898 -0.160032 0.30052 2.21306e-39 3
-0.0699907 -0.160032 0.30052 7.46821e-39 5
-0.0652062 -0.160334 0.301087 5.25552e-39 5
-0.0602896 -0.160334 0.301087 8.11358e-39 5
-0.0554777 -0.160637 0.301656 2.21306e-39 5
-0.0506476 -0.160942 0.302227 5.80797e-39 5
-0.045626 -0.160637 0.301656 8.5742e-39 5
-0.0407002 -0.160637 0.301656 7.837e-39 5
-0.0357068 -0.160334 0.301087 9.31212e-39 5
-0.0308484 -0.160637 0.301656 6.17711e-39 5
-0.0258737 -0.160334 0.301087 7.92883e-39 5
-0.0209571 -0.160334 0.301087 8.02067e-39 5
-0.0160708 -0.160637 0.301656 8.94262e-39 5
-0.011145 -0.160637 0.301656 5.71541e-39 5
-0.00625458 -0.161554 0.303376 6.72956e-39 5
-0.00130062 -0.161554 0.303376 4.88637e-39 5
0.00364641 -0.161247 0.302801 2.85843e-39 5
0.0086073 -0.161554 0.303376 3.87222e-39 5
0.0135355 -0.161247 0.302801 4.241e-39 5
0.0184801 -0.161247 0.302801 4.79346e-39 5
0.0233361 -0.160637 0.301656 4.97857e-39 5
0.0283155 -0.160942 0.302227 8.57384e-39 5
0.0331878 -0.160637 0.301656 3.04282e-39 5
0.0382583 -0.161247 0.302801 2.48893e-39 5
0.043121 -0.160942 0.302227 2.67332e-39 5
0.0480562 -0.160942 0.302227 6.36187e-39 5
0.053092 -0.161247 0.302801 6.26967e-39 5
0.0579266 -0.160942 0.302227 2.21306e-39 5
0.0626246 -0.160334 0.301087 4.51723e-39 5
0.0675412 -0.160334 0.301087 8.20506e-39 5
0.0723213 -0.160032 0.30052 4.14917e-39 5
0.0865542 -0.159133 0.298831 2.12122e-39 5
0.0916055 -0.159432 0.299392 7.46821e-39 5
0.0964944 -0.159432 0.299392 8.57528e-39 5
0.101383 -0.159432 0.299392 8.29797e-39 5
0.106272 -0.159432 0.299392 6.17711e-39 5
0.111161 -0.159432 0.299392 2.39673e-39 5
0.121623 -0.160334 0.301087 6.72993e-39 5
0.127019 -0.160942 0.302227 1.56769e-39 5
0.146483 -0.160637 0.301656 4.88602e-39 5
0.150838 -0.160032 0.30052 4.70091e-39 5
0.154871 -0.159133 0.298831 7.74408e-39 5
0.159154 -0.15854 0.297716 9.12773e-39 5
0.167317 -0.157074 0.294965 1.47442e-39 5
0.166022 -0.139765 0.262461 5.25552e-39 5
0.170028 -0.139536 0.26203 6.08528e-39 5
0.174021 -0.139307 0.2616 5.71578e-39 5
0.178001 -0.139079 0.261172 5.80797e-39 5
0.181671 -0.138625 0.26032 5.80869e-39 5
0.224537 -0.153389 0.288043 3.96441e-39 5
0.228827 -0.153112 0.287524 5.25515e-39 5
0.230204 -0.150936 0.283439 4.42539e-39 5
0.233176 -0.149872 0.281439 5.44026e-39 5
0.236106 -0.148822 0.279468 4.1488e-39 5
0.238167 -0.147274 0.276561 4.33319e-39 5
0.242575 -0.144519 0.271388 7.92954e-39 5
0.246169 -0.144029 0.270468 7.56004e-39 5
0.249739 -0.143543 0.269554 6.1771e-39 5
0.252435 -0.142579 0.267745 7.92846e-39 5
0.255521 -0.141865 0.266404 6.54553e-39 5
0.259438 -0.141629 0.26596 5.0704e-39 5
0.263342 -0.141393 0.265517 4.0566e-39 5
0.26679 -0.140924 0.264637 4.33319e-39 5
0.271562 -0.141158 0.265076 4.33391e-39 5
0.27681 -0.141629 0.26596 4.1488e-39 5
0.280685 -0.141393 0.265517 3.96441e-39 5
0.284547 -0.141158 0.265076 3.31905e-39 5
0.287919 -0.140691 0.264199 4.88637e-39 5
0.290311 -0.139765 0.262461 8.482e-39 5
0.293631 -0.139307 0.2616 7.09906e-39 5
0.297903 -0.139307 0.2616 6.17711e-39 5
0.302671 -0.139536 0.26203 5.16296e-39 5
0.306446 -0.139307 0.2616 3.96441e-39 5
0.31174 -0.139765 0.262461 4.05661e-39 5
0.31396 -0.138852 0.260745 3.22685e-39 5
0.317182 -0.138399 0.259896 1.84391e-39 5
-0.236844 -0.140566 0.272314 3.50309e-39 3
-0.232794 -0.140806 0.272779 5.992e-39 3
-0.228731 -0.141047 0.273247 6.36078e-39 3
-0.224654 -0.141289 0.273715 4.24029e-39 3
-0.221323 -0.14202 0.275131 4.79346e-39 3
-0.21683 -0.14202 0.275131 3.68711e-39 3
-0.213072 -0.142511 0.276083 6.17639e-39 3
-0.209652 -0.143255 0.277523 9.40324e-39 3
-0.205836 -0.143755 0.278492 6.36114e-39 3
-0.201994 -0.144258 0.279468 4.60978e-39 3
-0.197777 -0.144511 0.279958 7.46713e-39 3
-0.193886 -0.14502 0.280944 8.66568e-39 3
-0.189632 -0.145276 0.281439 7.83628e-39 3
-0.185691 -0.14579 0.282435 5.99308e-39 3
-0.18237 -0.14683 0.284449 6.73064e-39 3
-0.178361 -0.147355 0.285467 8.66639e-39 3
-0.174637 -0.14815 0.287007 8.75823e-39 3
-0.170256 -0.148417 0.287524 6.4537e-39 3
-0.16586 -0.148685 0.288043 1.751e-39 3
-0.161448 -0.148954 0.288564 8.38909e-39 3
-0.15702 -0.149224 0.289087 9.03554e-39 3
-0.152576 -0.149494 0.289612 1.38258e-39 3
-0.148115 -0.149766 0.290138 2.30454e-39 3
-0.143901 -0.150313 0.291197 2.85843e-39 3
-0.139655 -0.150863 0.292264 4.5176e-39 3
-0.135379 -0.151418 0.293338 9.58836e-39 3
-0.131071 -0.151977 0.294421 1.75173e-39 3
-0.126496 -0.152258 0.294965 8.57384e-39 3
-0.122131 -0.152823 0.296059 5.53103e-39 3
-0.117515 -0.153107 0.29661 6.26931e-39 3
-0.112462 -0.152823 0.296059 5.07041e-39 3
-0.107828 -0.153107 0.29661 2.30418e-39 3
-0.103176 -0.153392 0.297162 5.80869e-39 3
-0.098507 -0.153678 0.297716 4.33356e-39 3
-0.0938205 -0.153965 0.298273 4.42504e-39 3
-0.0891165 -0.154254 0.298831 7.09871e-39 3
-0.0845534 -0.154834 0.299955 2.30526e-39 3
-0.0799559 -0.155418 0.301087 3.22794e-39 3
-0.0750393 -0.155418 0.301087 6.54626e-39 3
-0.0701228 -0.155418 0.301087 4.51795e-39 5
-0.0653295 -0.155712 0.301656 7.19091e-39 5
-0.0604036 -0.155712 0.301656 6.82284e-39 5
-0.0555828 -0.156007 0.302227 7.56041e-39 5
-0.0506476 -0.156007 0.302227 8.38945e-39 5
-0.045626 -0.155712 0.301656 2.48893e-39 5
-0.0407002 -0.155712 0.301656 8.02139e-39 5
-0.0357743 -0.155712 0.301656 4.97893e-39 5
-0.0309069 -0.156007 0.302227 8.85078e-39 5
-0.0259226 -0.155712 0.301656 4.88637e-39 5
-0.0209967 -0.155712 0.301656 2.94991e-39 5
-0.0161013 -0.156007 0.302227 4.60943e-39 5
-0.0111873 -0.156303 0.302801 7.65152e-39 5
-0.00625458 -0.1566 0.303376 8.38909e-39 5
-0.00130062 -0.1566 0.303376 9.40396e-39 5
0.00365334 -0.1566 0.303376 8.75859e-39 5
0.0086073 -0.1566 0.303376 9.49615e-39 5
0.0135613 -0.1566 0.303376 9.58763e-39 5
0.0185152 -0.1566 0.303376 8.84934e-39 5
0.0234246 -0.156303 0.302801 8.75787e-39 5
0.0283692 -0.156303 0.302801 4.79418e-39 5
0.0333138 -0.156303 0.302801 3.78038e-39 5
0.038331 -0.1566 0.303376 2.02795e-39 5
0.0432029 -0.156303 0.302801 2.58113e-39 5
0.0481474 -0.156303 0.302801 2.30526e-39 5
0.0580365 -0.156303 0.302801 5.53175e-39 5
0.0628618 -0.156007 0.302227 7.55969e-39 5
0.067797 -0.156007 0.302227 2.30454e-39 5
0.0775206 -0.155712 0.301656 2.21341e-39 5
0.101383 -0.154543 0.299392 6.26895e-39 5
0.106472 -0.154834 0.299955 9.12665e-39 5
0.11158 -0.155125 0.30052 6.08456e-39 5
0.116487 -0.155125 0.30052 4.79382e-39 5
0.146483 -0.155712 0.301656 1.65845e-39 5
0.150838 -0.155125 0.30052 6.9136e-39 5
0.155161 -0.154543 0.299392 7.098e-39 5
0.167317 -0.152258 0.294965 4.14701e-39 5
0.160679 -0.134594 0.260745 8.94334e-39 5
0.164937 -0.134594 0.260745 7.09943e-39 5
0.169195 -0.134594 0.260745 5.34699e-39 5
0.173452 -0.134594 0.260745 5.62358e-39 5
0.17742 -0.134374 0.26032 5.53138e-39 5
0.181375 -0.134155 0.259896 7.28382e-39 5
0.219833 -0.148685 0.288043 8.94298e-39 5
0.224943 -0.148954 0.288564 5.71541e-39 5
0.228827 -0.148417 0.287524 6.17639e-39 5
0.230204 -0.146308 0.283439 5.80832e-39 5
0.233176 -0.145276 0.281439 4.241e-39 5
0.235693 -0.144006 0.278979 3.59491e-39 5
0.238956 -0.140566 0.272314 2.30489e-39 5
0.242988 -0.140326 0.27185 2.76587e-39 5
0.247006 -0.140088 0.271388 4.79381e-39 5
0.250585 -0.139613 0.270468 6.08455e-39 5
0.253285 -0.138672 0.268646 6.63772e-39 5
0.256807 -0.138207 0.267745 7.37529e-39 5
0.259871 -0.137515 0.266404 6.63809e-39 5
0.263342 -0.137057 0.265517 4.97856e-39 5
0.26679 -0.136603 0.264637 3.59635e-39 5
0.272014 -0.137057 0.265517 5.25587e-39 5
0.27681 -0.137286 0.26596 3.31976e-39 5
0.280219 -0.13683 0.265076 3.68854e-39 5
0.284075 -0.136603 0.264637 3.13501e-39 5
0.290789 -0.135703 0.262893 3.59563e-39 5
0.294113 -0.135257 0.26203 5.34735e-39 5
0.297903 -0.135035 0.2616 4.79418e-39 5
0.302174 -0.135035 0.2616 5.34735e-39 5
0.305945 -0.134814 0.261172 3.87222e-39 5
0.310718 -0.135035 0.2616 2.39709e-39 5
0.313448 -0.134374 0.26032 2.95026e-39 5
0.317182 -0.134155 0.259896 2.95061e-39 5
0.318315 -0.132857 0.257381 2.58183e-39 5
-0.237655 -0.136585 0.273247 7.09871e-39 3
-0.233593 -0.136819 0.273715 5.90017e-39 3
-0.229517 -0.137054 0.274186 6.26931e-39 3
-0.225816 -0.137527 0.275131 8.66567e-39 3
-0.222474 -0.138242 0.276561 9.49544e-39 3
-0.218336 -0.138482 0.277042 6.45298e-39 3
-0.214557 -0.138965 0.278007 8.01995e-39 3
-0.210752 -0.13945 0.278979 9.03446e-39 3
-0.206557 -0.139695 0.279468 7.83591e-39 3
-0.202704 -0.140186 0.28045 8.66567e-39 3
-0.198473 -0.140433 0.280944 4.14809e-39 3
-0.194571 -0.140929 0.281936 3.50272e-39 3
-0.19064 -0.141428 0.282936 6.36115e-39 3
-0.186682 -0.141932 0.283943 9.12773e-39 3
-0.183351 -0.142949 0.285978 8.57456e-39 3
-0.179323 -0.143463 0.287007 5.80833e-39 3
-0.174951 -0.143722 0.287524 5.992e-39 3
-0.170564 -0.143981 0.288043 3.1343e-39 3
-0.16616 -0.144242 0.288564 7.19055e-39 3
-0.162034 -0.144765 0.289612 7.83592e-39 3
-0.157591 -0.145028 0.290138 1.4755e-39 3
-0.152853 -0.145028 0.290138 1.65917e-39 3
-0.148656 -0.145558 0.291197 5.2548e-39 3
-0.144693 -0.146359 0.2928 5.62358e-39 3
-0.140427 -0.146898 0.293878 9.95606e-39 3
-0.135878 -0.147169 0.294421 1.47514e-39 3
-0.131556 -0.147714 0.295511 3.59564e-39 3
-0.126966 -0.147988 0.296059 6.26895e-39 3
-0.122358 -0.148263 0.29661 5.80798e-39 3
-0.117734 -0.148539 0.297162 4.24101e-39 3
-0.112881 -0.148539 0.297162 5.6243e-39 3
-0.10823 -0.148817 0.297716 9.86494e-39 3
-0.103562 -0.149095 0.298273 9.77202e-39 3
-0.098876 -0.149374 0.298831 6.36115e-39 3
-0.0939962 -0.149374 0.298831 1.12475e-38 3
-0.0891165 -0.149374 0.298831 9.68055e-39 3
-0.0848725 -0.150501 0.301087 8.48309e-39 3
-0.0799559 -0.150501 0.301087 3.78111e-39 3
-0.0751812 -0.150786 0.301656 2.12087e-39 3
-0.0702553 -0.150786 0.301656 8.85043e-39 5
-0.0654532 -0.151071 0.302227 8.84971e-39 5
-0.0604036 -0.150786 0.301656 8.66568e-39 5
-0.0555828 -0.151071 0.302227 2.48893e-39 5
-0.0505519 -0.150786 0.301656 3.96406e-39 5
-0.045626 -0.150786 0.301656 9.03482e-39 5
-0.0407002 -0.150786 0.301656 2.76623e-39 5
-0.0357743 -0.150786 0.301656 2.85843e-39 5
-0.0308484 -0.150786 0.301656 3.13465e-39 5
-0.0258737 -0.150501 0.301087 3.04246e-39 5
-0.0209967 -0.150786 0.301656 4.33248e-39 5
-0.0161013 -0.151071 0.302227 9.49543e-39 5
-0.0111661 -0.151071 0.302227 3.8715e-39 5
-0.00625458 -0.151646 0.303376 3.8715e-39 5
-0.00130062 -0.151646 0.303376 7.56004e-39 5
0.00365334 -0.151646 0.303376 8.94298e-39 5
0.00862369 -0.151935 0.303954 6.0842e-39 5
0.0135613 -0.151646 0.303376 6.17639e-39 5
0.0185505 -0.151935 0.303954 9.21885e-39 5
0.0234246 -0.151358 0.302801 5.43883e-39 5
0.0284231 -0.151646 0.303376 9.49615e-39 5
0.0333138 -0.151358 0.302801 8.66711e-39 5
0.038331 -0.151646 0.303376 7.2831e-39 5
0.0432029 -0.151358 0.302801 4.79382e-39 5
0.0481474 -0.151358 0.302801 3.78039e-39 5
0.053092 -0.151358 0.302801 6.73065e-39 5
0.0580365 -0.151358 0.302801 7.65189e-39 5
0.062743 -0.150786 0.301656 7.65189e-39 5
0.0676688 -0.150786 0.301656 7.46821e-39 5
0.0724577 -0.150501 0.301087 1.84463e-39 5
0.0773743 -0.150501 0.301087 1.29146e-39 5
0.0964944 -0.149654 0.299392 5.90017e-39 5
0.101383 -0.149654 0.299392 1.93647e-39 5
0.106672 -0.150218 0.30052 9.0341e-39 5
0.11179 -0.150501 0.301087 1.07858e-38 5
0.116707 -0.150501 0.301087 9.49508e-39 5
0.122084 -0.151071 0.302227 2.76552e-39 5
0.141557 -0.150786 0.301656 2.85735e-39 5
0.146483 -0.150786 0.301656 6.9136e-39 5
0.155453 -0.149935 0.299955 3.2265e-39 5
0.15975 -0.149374 0.298831 7.37493e-39 5
0.156934 -0.130763 0.2616 6.0842e-39 5
0.160156 -0.129912 0.259896 5.99236e-39 5
0.1644 -0.129912 0.259896 5.71578e-39 5
0.168644 -0.129912 0.259896 5.62286e-39 5
0.17317 -0.130123 0.26032 4.79346e-39 5
0.177131 -0.129912 0.259896 5.99236e-39 5
0.180787 -0.12949 0.259052 5.90052e-39 5
0.182938 -0.128035 0.256141 6.54589e-39 5
0.213205 -0.142694 0.285467 2.76587e-39 5
0.219437 -0.143722 0.287524 3.41089e-39 5
0.224537 -0.143981 0.288043 6.26931e-39 5
0.228827 -0.143722 0.287524 7.74444e-39 5
0.229796 -0.141428 0.282936 6.08491e-39 5
0.234056 -0.138482 0.277042 3.50343e-39 5
0.238956 -0.136119 0.272314 2.30489e-39 5
0.242988 -0.135887 0.27185 5.62393e-39 5
0.247427 -0.135887 0.27185 6.63772e-39 5
0.251438 -0.135656 0.271388 3.59526e-39 5
0.254141 -0.134739 0.269554 3.04209e-39 5
0.257672 -0.134286 0.268646 7.55932e-39 5
0.260306 -0.133387 0.266849 9.12665e-39 5
0.264221 -0.133165 0.266404 6.36078e-39 5
0.267233 -0.132501 0.265076 4.33319e-39 5
0.272014 -0.132722 0.265517 4.42611e-39 5
0.27681 -0.132943 0.26596 5.25587e-39 5
0.280685 -0.132722 0.265517 6.17783e-39 5
0.284547 -0.132501 0.265076 4.88709e-39 5
0.288876 -0.132501 0.265076 3.22757e-39 5
0.292234 -0.132062 0.264199 3.96441e-39 5
0.296058 -0.131844 0.263762 5.07076e-39 5
0.299375 -0.13141 0.262893 5.07076e-39 5
0.303668 -0.13141 0.262893 7.46785e-39 5
0.306949 -0.130978 0.26203 7.19162e-39 5
0.310209 -0.130549 0.261172 2.30561e-39 5
0.317291 -0.128241 0.256553 3.2272e-39 5
-0.238472 -0.132577 0.274186 6.73029e-39 3
-0.234801 -0.133034 0.275131 8.20506e-39 3
-0.230706 -0.133264 0.275606 9.40396e-39 3
-0.22699 -0.133726 0.276561 8.38909e-39 3
-0.223637 -0.134425 0.278007 1.65881e-39 3
-0.219479 -0.134659 0.278492 6.36079e-39 3
-0.215307 -0.134895 0.278979 8.01995e-39 3
-0.207283 -0.135606 0.28045 3.8715e-39 3
-0.203061 -0.135845 0.280944 4.70126e-39 3
-0.199174 -0.136325 0.281936 4.60907e-39 3
-0.195607 -0.137051 0.283439 7.65152e-39 3
-0.19166 -0.13754 0.284449 9.31141e-39 3
-0.187684 -0.138032 0.285467 1.84428e-39 3
-0.184342 -0.139027 0.287524 1.84428e-39 3
-0.180296 -0.13953 0.288564 4.60978e-39 3
-0.175902 -0.139782 0.289087 1.8432e-39 3
-0.171492 -0.140036 0.289612 8.85043e-39 3
-0.167066 -0.140291 0.290138 7.74372e-39 3
-0.162624 -0.140546 0.290667 7.28274e-39 3
-0.158455 -0.14106 0.291729 3.68819e-39 3
-0.153691 -0.14106 0.291729 4.14917e-39 3
-0.1492 -0.141318 0.292264 7.83628e-39 3
-0.145494 -0.142361 0.294421 8.02067e-39 3
-0.140946 -0.142625 0.294965 2.58041e-39 3
-0.136382 -0.142889 0.295511 7.09871e-39 3
-0.132045 -0.14342 0.29661 8.94263e-39 3
-0.127438 -0.143687 0.297162 4.97822e-39 3
-0.122815 -0.143955 0.297716 9.1263e-39 3
-0.118174 -0.144224 0.298273 9.9575e-39 3
-0.113303 -0.144224 0.298273 1.06021e-38 3
-0.108635 -0.144494 0.298831 8.482e-39 3
-0.103756 -0.144494 0.298831 4.60943e-39 3
-0.0990615 -0.144765 0.299392 9.95678e-39 3
-0.0941726 -0.144765 0.299392 2.30454e-39 3
-0.0894515 -0.145037 0.299955 1.29075e-39 3
-0.0850329 -0.14586 0.301656 2.39817e-39 3
-0.0753236 -0.146136 0.302227 1.00497e-38 3
-0.060518 -0.146136 0.302227 5.25444e-39 5
-0.0555828 -0.146136 0.302227 4.60943e-39 5
-0.0506476 -0.146136 0.302227 8.75823e-39 5
-0.0457124 -0.146136 0.302227 2.58184e-39 5
-0.0407772 -0.146136 0.302227 8.11358e-39 5
-0.035842 -0.146136 0.302227 5.5321e-39 5
-0.0309655 -0.146413 0.302801 4.05661e-39 5
-0.0259717 -0.146136 0.302227 6.54589e-39 5
-0.0210365 -0.146136 0.302227 7.92811e-39 5
-0.0161318 -0.146413 0.302801 3.8715e-39 5
-0.0111873 -0.146413 0.302801 6.0842e-39 5
-0.00625458 -0.146692 0.303376 8.29689e-39 5
-0.00130062 -0.146692 0.303376 4.51759e-39 5
0.00365334 -0.146692 0.303376 4.05661e-39 5
0.00862369 -0.146971 0.303954 5.99236e-39 5
0.0135613 -0.146692 0.303376 9.03445e-39 5
0.0185505 -0.146971 0.303954 9.12665e-39 5
0.0234246 -0.146413 0.302801 6.82248e-39 5
0.0284231 -0.146692 0.303376 4.05661e-39 5
0.0333138 -0.146413 0.302801 3.96441e-39 5
0.038331 -0.146692 0.303376 6.91468e-39 5
0.0432029 -0.146413 0.302801 8.94262e-39 5
0.0481474 -0.146413 0.302801 7.7448e-39 5
0.053092 -0.146413 0.302801 4.88674e-39 5
0.0580365 -0.146413 0.302801 2.58113e-39 5
0.062743 -0.14586 0.301656 2.48893e-39 5
0.0675412 -0.145585 0.301087 2.76623e-39 5
0.0723213 -0.145311 0.30052 7.09978e-39 5
0.0773743 -0.145585 0.301087 1.93611e-39 5
0.0821359 -0.145311 0.30052 1.38293e-39 5
0.0865542 -0.144494 0.298831 1.56733e-39 5
0.091434 -0.144494 0.298831 7.09907e-39 5
0.0966758 -0.145037 0.299955 6.82284e-39 5
0.101765 -0.145311 0.30052 8.20578e-39 5
0.107076 -0.14586 0.301656 1.75137e-39 5
0.116927 -0.14586 0.301656 7.92776e-39 5
0.122316 -0.146413 0.302801 9.86458e-39 5
0.127019 -0.146136 0.302227 8.94334e-39 5
0.13689 -0.146136 0.302227 1.56661e-39 5
0.14129 -0.145585 0.301087 8.02031e-39 5
0.150838 -0.145311 0.30052 6.36043e-39 5
0.155453 -0.145037 0.299955 6.82212e-39 5
0.15975 -0.144494 0.298831 5.16224e-39 5
0.151915 -0.125873 0.26032 5.89981e-39 5
0.155912 -0.125668 0.259896 6.91396e-39 5
0.159636 -0.12526 0.259052 7.19091e-39 5
0.163866 -0.12526 0.259052 5.71578e-39 5
0.168369 -0.125463 0.259473 1.05096e-38 5
0.172606 -0.125463 0.259473 6.08456e-39 5
0.176556 -0.12526 0.259052 7.3753e-39 5
0.180787 -0.12526 0.259052 7.09943e-39 5
0.18412 -0.124652 0.257796 4.241e-39 5
0.210047 -0.139027 0.287524 3.41124e-39 5
0.214356 -0.138777 0.287007 2.39709e-39 5
0.220231 -0.13953 0.288564 3.68747e-39 5
0.22535 -0.139782 0.289087 5.90088e-39 5
0.229655 -0.13953 0.288564 4.241e-39 5
0.231025 -0.13754 0.284449 4.60978e-39 5
0.234509 -0.131672 0.272314 3.31905e-39 5
0.238549 -0.131448 0.27185 3.96441e-39 5
0.243403 -0.131672 0.272314 5.43954e-39 5
0.248273 -0.131897 0.272779 3.13429e-39 5
0.252296 -0.131672 0.272314 3.31868e-39 5
0.255435 -0.131001 0.270927 5.43918e-39 5
0.259859 -0.131001 0.270927 5.62321e-39 5
0.261618 -0.12968 0.268195 4.05589e-39 5
0.265106 -0.129246 0.267296 6.26858e-39 5
0.268124 -0.1286 0.26596 7.56004e-39 5
0.272922 -0.128814 0.266404 6.6388e-39 5
0.277272 -0.128814 0.266404 3.50415e-39 5
0.285021 -0.128386 0.265517 7.46856e-39 5
0.289839 -0.1286 0.26596 6.36222e-39 5
0.293204 -0.128173 0.265076 6.2693e-39 5
0.29704 -0.12796 0.264637 5.16295e-39 5
0.300862 -0.127748 0.264199 6.08491e-39 5
0.304169 -0.127327 0.263327 7.46785e-39 5
0.307454 -0.126908 0.262461 7.92954e-39 5
0.309703 -0.126078 0.260745 4.88709e-39 5
0.315639 -0.125057 0.258632 5.62429e-39 5
0.317802 -0.124251 0.256966 6.73063e-39 5
-0.238882 -0.12832 0.274657 9.58871e-39 3
-0.235207 -0.128764 0.275606 8.94262e-39 3
-0.231506 -0.12921 0.276561 5.43919e-39 3
-0.22778 -0.129659 0.277523 4.33248e-39 3
-0.224419 -0.130339 0.278979 5.53102e-39 3
-0.220248 -0.130568 0.279468 8.29689e-39 3
-0.212236 -0.131257 0.280944 5.62286e-39 3
-0.208015 -0.131489 0.281439 8.1125e-39 3
-0.203778 -0.131721 0.281936 4.51687e-39 3
-0.200236 -0.132423 0.283439 7.55933e-39 3
-0.196305 -0.132895 0.284449 1.16159e-38 3
-0.19269 -0.13361 0.285978 2.02831e-39 3
-0.188697 -0.13409 0.287007 2.02867e-39 3
-0.185008 -0.134818 0.288564 1.3833e-39 3
-0.180951 -0.135307 0.289612 1.93611e-39 3
-0.176542 -0.135553 0.290138 9.21957e-39 3
-0.172117 -0.1358 0.290667 6.72993e-39 3
-0.167676 -0.136048 0.291197 3.77931e-39 3
-0.163219 -0.136296 0.291729 9.03446e-39 3
-0.158745 -0.136546 0.292264 9.21993e-39 3
-0.154255 -0.136797 0.2928 9.49652e-39 3
-0.149749 -0.137048 0.293338 9.7731e-39 3
-0.145763 -0.137808 0.294965 4.51723e-39 3
-0.141207 -0.138063 0.295511 8.20506e-39 3
-0.136635 -0.138319 0.296059 8.66604e-39 3
-0.132291 -0.138834 0.297162 4.79382e-39 3
-0.127676 -0.139093 0.297716 1.02326e-38 3
-0.123044 -0.139353 0.298273 2.857e-39 3
-0.118395 -0.139614 0.298831 7.92848e-39 3
-0.113515 -0.139614 0.298831 9.21921e-39 3
-0.108839 -0.139876 0.299392 3.87222e-39 3
-0.10395 -0.139876 0.299392 1.04178e-38 3
-0.0943496 -0.140139 0.299955 8.02103e-39 3
-0.0894515 -0.140139 0.299955 6.36151e-39 5
-0.0850329 -0.140934 0.301656 4.24209e-39 5
-0.0801071 -0.140934 0.301656 9.68091e-39 5
-0.070522 -0.141469 0.302801 3.41089e-39 5
-0.0655774 -0.141469 0.302801 8.85043e-39 5
-0.0606328 -0.141469 0.302801 3.68711e-39 5
-0.0556883 -0.141469 0.302801 9.03482e-39 5
-0.0507437 -0.141469 0.302801 2.76552e-39 5
-0.0457992 -0.141469 0.302801 2.30526e-39 5
-0.0408546 -0.141469 0.302801 4.241e-39 5
-0.0359783 -0.141738 0.303376 2.67368e-39 5
-0.0310244 -0.141738 0.303376 7.09907e-39 5
-0.0260704 -0.141738 0.303376 7.09907e-39 5
-0.0211165 -0.141738 0.303376 4.70126e-39 5
-0.0161625 -0.141738 0.303376 5.992e-39 5
-0.0112085 -0.141738 0.303376 7.55933e-39 5
-0.00626649 -0.142008 0.303954 4.05589e-39 5
-0.0013031 -0.142008 0.303954 4.14808e-39 5
0.0036603 -0.142008 0.303954 7.65224e-39 5
0.00862369 -0.142008 0.303954 8.02067e-39 5
0.0135871 -0.142008 0.303954 4.05661e-39 5
0.0185505 -0.142008 0.303954 3.87222e-39 5
0.0235139 -0.142008 0.303954 4.70198e-39 5
0.0284773 -0.142008 0.303954 8.48164e-39 5
0.0333771 -0.141738 0.303376 6.82248e-39 5
0.0384041 -0.142008 0.303954 5.8998e-39 5
0.043285 -0.141738 0.303376 6.36078e-39 5
0.048239 -0.141738 0.303376 6.63773e-39 5
0.0531929 -0.141738 0.303376 1.0049e-38 5
0.0580365 -0.141469 0.302801 1.04178e-38 5
0.062743 -0.140934 0.301656 9.58799e-39 5
0.0675412 -0.140668 0.301087 3.50344e-39 5
0.0723213 -0.140403 0.30052 1.75172e-39 5
0.0773743 -0.140668 0.301087 3.13394e-39 5
0.0819815 -0.140139 0.299955 3.31833e-39 5
0.0867166 -0.139876 0.299392 5.25515e-39 5
0.0916055 -0.139876 0.299392 9.86458e-39 5
0.0970406 -0.140668 0.301087 1.84428e-39 5
0.122548 -0.141738 0.303376 6.36187e-39 5
0.12726 -0.141469 0.302801 9.12738e-39 5
0.132456 -0.141738 0.303376 8.66532e-39 5
0.13689 -0.141201 0.302227 9.12558e-39 5
0.141557 -0.140934 0.301656 5.89945e-39 5
0.146206 -0.140668 0.301087 9.0341e-39 5
0.150838 -0.140403 0.30052 1.38258e-39 5
0.151915 -0.121622 0.26032 7.00615e-39 5
0.159377 -0.120833 0.258632 6.45334e-39 5
0.1636 -0.120833 0.258632 7.3753e-39 5
0.167824 -0.120833 0.258632 6.72993e-39 5
0.172047 -0.120833 0.258632 6.63773e-39 5
0.175985 -0.120638 0.258214 4.70234e-39 5
0.17991 -0.120443 0.257796 8.02139e-39 5
0.183527 -0.120055 0.256966 4.51759e-39 5
0.221835 -0.1358 0.290667 7.19055e-39 5
0.22535 -0.135062 0.289087 4.3332e-39 5
0.229655 -0.134818 0.288564 5.43954e-39 5
0.232684 -0.133849 0.286492 7.46713e-39 5
0.230062 -0.127225 0.272314 5.992e-39 5
0.23411 -0.127009 0.27185 3.59491e-39 5
0.237739 -0.126577 0.270927 5.53102e-39 5
0.242988 -0.127009 0.27185 4.70126e-39 5
0.247849 -0.127225 0.272314 3.59491e-39 5
0.251866 -0.127009 0.27185 2.67331e-39 5
0.255002 -0.126363 0.270468 5.99235e-39 5
0.259859 -0.126577 0.270927 1.8432e-39 5
0.262944 -0.125936 0.269554 5.71541e-39 5
0.265551 -0.125091 0.267745 6.63809e-39 5
0.268572 -0.124464 0.266404 5.71613e-39 5
0.273378 -0.124672 0.266849 7.65224e-39 5
0.277736 -0.124672 0.266849 7.09978e-39 5
0.285021 -0.12405 0.265517 3.59635e-39 5
0.289839 -0.124257 0.26596 5.53246e-39 5
0.293204 -0.123844 0.265076 7.28345e-39 5
0.296548 -0.123434 0.264199 6.2693e-39 5
0.299869 -0.123027 0.263327 4.42539e-39 5
0.303168 -0.122622 0.262461 4.241e-39 5
0.306446 -0.12222 0.2616 8.11393e-39 5
0.309197 -0.121622 0.26032 6.17782e-39 5
0.312429 -0.121226 0.259473 2.95026e-39 5
0.315129 -0.120638 0.258214 7.09942e-39 5
0.318829 -0.120443 0.257796 6.54589e-39 5
-0.236432 -0.12491 0.277042 3.2265e-39 3
-0.232716 -0.125345 0.278007 3.31869e-39 5
-0.228575 -0.125564 0.278492 8.29689e-39 5
-0.225206 -0.126225 0.279958 8.20434e-39 5
-0.221022 -0.126447 0.28045 3.59492e-39 5
-0.216824 -0.12667 0.280944 4.05554e-39 5
-0.212986 -0.127117 0.281936 5.34628e-39 5
-0.208751 -0.127342 0.282435 2.21162e-39 5
-0.204501 -0.127568 0.282936 8.29689e-39 5
-0.201308 -0.128479 0.284957 5.80761e-39 5
-0.197714 -0.129171 0.286492 3.22613e-39 5
-0.193732 -0.129637 0.287524 6.73028e-39 5
-0.18972 -0.130105 0.288564 8.75823e-39 5
-0.18568 -0.130578 0.289612 9.86458e-39 5
-0.18128 -0.130815 0.290138 7.74444e-39 5
-0.176864 -0.131053 0.290667 6.26931e-39 5
-0.172431 -0.131293 0.291197 5.71578e-39 5
-0.167983 -0.131533 0.291729 9.67947e-39 5
-0.163518 -0.131773 0.292264 8.57312e-39 5
-0.159329 -0.132258 0.293338 2.48965e-39 5
-0.154539 -0.132258 0.293338 9.86638e-39 5
-0.150025 -0.132501 0.293878 3.4116e-39 5
-0.146033 -0.133238 0.295511 8.57456e-39 5
-0.141469 -0.133485 0.296059 7.83628e-39 5
-0.136889 -0.133733 0.29661 7.46749e-39 5
-0.132538 -0.134232 0.297716 1.03252e-38 5
-0.127915 -0.134483 0.298273 1.07858e-38 5
-0.123275 -0.134735 0.298831 9.67839e-39 5
-0.118617 -0.134987 0.299392 3.96334e-39 5
-0.113942 -0.135241 0.299955 3.0421e-39 5
-0.109249 -0.135496 0.30052 1.04178e-38 5
-0.104342 -0.135496 0.30052 2.39745e-39 5
-0.0994346 -0.135496 0.30052 1.29111e-39 5
-0.0897891 -0.135752 0.301087 2.85808e-39 5
-0.085194 -0.136266 0.302227 1.05107e-38 5
-0.0802588 -0.136266 0.302227 4.51723e-39 5
-0.0754665 -0.136524 0.302801 4.79382e-39 5
-0.070522 -0.136524 0.302801 5.43919e-39 5
-0.0607481 -0.136784 0.303376 1.00486e-38 5
-0.0556883 -0.136524 0.302801 3.59528e-39 5
-0.0507437 -0.136524 0.302801 7.19091e-39 5
-0.0458862 -0.136784 0.303376 1.01419e-38 5
-0.0409323 -0.136784 0.303376 1.05096e-38 5
-0.0359783 -0.136784 0.303376 1.17081e-38 5
-0.0310244 -0.136784 0.303376 1.04181e-38 5
-0.0261201 -0.137044 0.303954 7.00687e-39 5
-0.0211567 -0.137044 0.303954 5.90052e-39 5
-0.0162242 -0.137306 0.304534 6.91468e-39 5
-0.0112299 -0.137044 0.303954 3.96441e-39 5
-0.00627845 -0.137306 0.304534 4.42539e-39 5
-0.00130808 -0.137568 0.305117 7.46713e-39 5
0.0036743 -0.137568 0.305117 7.00615e-39 5
0.00865667 -0.137568 0.305117 3.87186e-39 5
0.013613 -0.137306 0.304534 3.96441e-39 5
0.0185859 -0.137306 0.304534 4.05732e-39 5
0.0235587 -0.137306 0.304534 4.05661e-39 5
0.0285316 -0.137306 0.304534 4.79382e-39 5
0.0334407 -0.137044 0.303954 7.09835e-39 5
0.0384041 -0.137044 0.303954 6.36078e-39 5
0.0433675 -0.137044 0.303954 7.19054e-39 5
0.0483308 -0.137044 0.303954 3.31905e-39 5
0.0532942 -0.137044 0.303954 2.39673e-39 5
0.0581469 -0.136784 0.303376 4.24065e-39 5
0.0628618 -0.136266 0.302227 2.58112e-39 5
0.0676688 -0.136008 0.301656 1.18925e-38 5
0.0723213 -0.135496 0.30052 1.16159e-38 5
0.0773743 -0.135752 0.301087 1.06929e-38 5
0.0819815 -0.135241 0.299955 9.77202e-39 5
0.0868796 -0.135241 0.299955 9.68019e-39 5
0.0916055 -0.134987 0.299392 2.02867e-39 5
0.127502 -0.136784 0.303376 2.21271e-39 5
0.132709 -0.137044 0.303954 8.01888e-39 5
0.137149 -0.136524 0.302801 1.11539e-38 5
0.141557 -0.136008 0.301656 2.94847e-39 5
0.147424 -0.11718 0.259896 6.17675e-39 5
0.151668 -0.11718 0.259896 5.80761e-39 5
0.155406 -0.116799 0.259052 7.92811e-39 5
0.159377 -0.11661 0.258632 8.48164e-39 5
0.1636 -0.11661 0.258632 7.00651e-39 5
0.167824 -0.11661 0.258632 8.11322e-39 5
0.172047 -0.11661 0.258632 5.6243e-39 5
0.175985 -0.116421 0.258214 8.48236e-39 5
0.180201 -0.116421 0.258214 7.28454e-39 5
0.224537 -0.129871 0.288043 8.94298e-39 5
0.230062 -0.122779 0.272314 1.00486e-38 5
0.234509 -0.122779 0.272314 8.02031e-39 5
0.237739 -0.122153 0.270927 4.05589e-39 5
0.242575 -0.122361 0.271388 4.33248e-39 5
0.247427 -0.12257 0.27185 3.41052e-39 5
0.251438 -0.122361 0.271388 6.72992e-39 5
0.255435 -0.122153 0.270927 3.41052e-39 5
0.259859 -0.122153 0.270927 2.48857e-39 5
0.263389 -0.12174 0.27001 5.71613e-39 5
0.266895 -0.121329 0.269099 7.83663e-39 5
0.269021 -0.120315 0.266849 6.54589e-39 5
0.273378 -0.120315 0.266849 8.02102e-39 5
0.277736 -0.120315 0.266849 8.66711e-39 5
0.285021 -0.119714 0.265517 3.13537e-39 5
0.289839 -0.119914 0.26596 7.00759e-39 5
0.293204 -0.119515 0.265076 5.71613e-39 5
0.296548 -0.11912 0.264199 4.61013e-39 5
0.299375 -0.118531 0.262893 9.03517e-39 5
0.302174 -0.117948 0.2616 8.85078e-39 5
0.305945 -0.117755 0.261172 9.03589e-39 5
0.308694 -0.11718 0.259896 9.22028e-39 5
0.311922 -0.116799 0.259052 6.08491e-39 5
0.315129 -0.116421 0.258214 5.99271e-39 5
0.318829 -0.116233 0.257796 3.68782e-39 5
-0.240956 -0.120386 0.277042 1.75316e-39 3
-0.23767 -0.121017 0.278492 3.41161e-39 5
-0.23353 -0.121228 0.278979 9.8653e-39 5
-0.229778 -0.121654 0.279958 6.82176e-39 5
-0.225999 -0.122082 0.280944 4.3314e-39 5
-0.221802 -0.122297 0.281439 7.92811e-39 5
-0.21759 -0.122513 0.281936 1.02334e-38 5
-0.213741 -0.122948 0.282936 9.95678e-39 5
-0.209493 -0.123166 0.283439 1.06943e-38 5
-0.205595 -0.123605 0.284449 8.75823e-39 5
-0.202393 -0.124493 0.286492 7.65188e-39 5
-0.198427 -0.124942 0.287524 9.86422e-39 5
-0.194433 -0.125393 0.288564 9.67983e-39 5
-0.190409 -0.125849 0.289612 7.19055e-39 5
-0.186017 -0.126077 0.290138 7.92847e-39 5
-0.181941 -0.126537 0.291197 1.07865e-38 5
-0.17751 -0.126769 0.291729 9.12773e-39 5
-0.173063 -0.127001 0.292264 1.00493e-38 5
-0.168599 -0.127234 0.2928 3.50272e-39 5
-0.164119 -0.127468 0.293338 4.9775e-39 5
-0.159917 -0.127938 0.294421 9.58727e-39 5
-0.155396 -0.128175 0.294965 2.02867e-39 5
-0.141996 -0.129129 0.297162 8.20578e-39 5
-0.137399 -0.12937 0.297716 1.02334e-38 5
-0.133034 -0.129855 0.298831 9.40324e-39 5
-0.128395 -0.130099 0.299392 8.38801e-39 5
-0.119064 -0.130589 0.30052 3.41017e-39 5
-0.114157 -0.130589 0.30052 1.11546e-38 5
-0.109662 -0.131082 0.301656 2.58113e-39 5
-0.104736 -0.131082 0.301656 5.99308e-39 5
-0.0998105 -0.131082 0.301656 1.04185e-38 5
-0.0950644 -0.131331 0.302227 1.07865e-38 5
-0.0901292 -0.131331 0.302227 1.11553e-38 5
-0.0853556 -0.13158 0.302801 4.60943e-39 5
-0.0805639 -0.13183 0.303376 8.11286e-39 5
-0.07561 -0.13183 0.303376 1.07865e-38 5
-0.070656 -0.13183 0.303376 9.21849e-39 5
-0.0658272 -0.132081 0.303954 9.0341e-39 5
-0.0608638 -0.132081 0.303954 1.03256e-38 5
-0.0557942 -0.13183 0.303376 1.09713e-38 5
-0.0508402 -0.13183 0.303376 4.88673e-39 5
-0.0458862 -0.13183 0.303376 4.51795e-39 5
-0.0409323 -0.13183 0.303376 9.77202e-39 5
-0.0360469 -0.132081 0.303954 9.03446e-39 5
-0.0310835 -0.132081 0.303954 8.11322e-39 5
-0.0261201 -0.132081 0.303954 9.12737e-39 5
-0.021197 -0.132333 0.304534 9.8653e-39 5
-0.0162242 -0.132333 0.304534 1.04181e-38 5
-0.0112513 -0.132333 0.304534 9.67983e-39 5
-0.00627845 -0.132333 0.304534 8.48128e-39 5
-0.00130808 -0.132586 0.305117 4.88457e-39 5
0.0036743 -0.132586 0.305117 4.42467e-39 5
0.00865667 -0.132586 0.305117 3.68783e-39 5
0.013613 -0.132333 0.304534 4.05733e-39 5
0.0185859 -0.132333 0.304534 4.5183e-39 5
0.0235587 -0.132333 0.304534 7.37565e-39 5
0.0285316 -0.132333 0.304534 5.43919e-39 5
0.0335045 -0.132333 0.304534 6.82212e-39 5
0.0384041 -0.132081 0.303954 9.03517e-39 5
0.0434502 -0.132333 0.304534 1.02337e-38 5
0.0483308 -0.132081 0.303954 3.77967e-39 5
0.0532942 -0.132081 0.303954 3.41161e-39 5
0.0581469 -0.13183 0.303376 3.41089e-39 5
0.0628618 -0.131331 0.302227 2.58076e-39 5
0.0675412 -0.130835 0.301087 2.67296e-39 5
0.0721853 -0.130343 0.299955 5.06897e-39 5
0.0772286 -0.130589 0.30052 7.92703e-39 5
0.0821359 -0.130589 0.30052 1.18925e-38 5
0.0870432 -0.130589 0.30052 6.82212e-39 5
0.0917777 -0.130343 0.299955 9.95678e-39 5
0.0974082 -0.131331 0.302227 3.31869e-39 5
0.123016 -0.132333 0.304534 1.75137e-39 5
0.127989 -0.132333 0.304534 8.29726e-39 5
0.132962 -0.132333 0.304534 1.0417e-38 5
0.137672 -0.132081 0.303954 1.16149e-38 5
0.141825 -0.131331 0.302227 1.05092e-38 5
0.145657 -0.130343 0.299955 3.0421e-39 5
0.148148 -0.11349 0.261172 9.31105e-39 5
0.151915 -0.11312 0.26032 7.19091e-39 5
0.159636 -0.112569 0.259052 6.91432e-39 5
0.163866 -0.112569 0.259052 7.00651e-39 5
0.167824 -0.112387 0.258632 6.73064e-39 5
0.172326 -0.112569 0.259052 6.91504e-39 5
0.17627 -0.112387 0.258632 7.55969e-39 5
0.215519 -0.125393 0.288564 7.19054e-39 5
0.221835 -0.126307 0.290667 8.1125e-39 5
0.224537 -0.125167 0.288043 4.60907e-39 5
0.228827 -0.124942 0.287524 4.60907e-39 5
0.230062 -0.118332 0.272314 3.04066e-39 5
0.233711 -0.117929 0.271388 6.26751e-39 5
0.237336 -0.11753 0.270468 9.67983e-39 5
0.242575 -0.117929 0.271388 6.63737e-39 5
0.247427 -0.11813 0.27185 4.79345e-39 5
0.251866 -0.11813 0.27185 3.7793e-39 5
0.261189 -0.118332 0.272314 5.43954e-39 5
0.265184 -0.11813 0.27185 7.09907e-39 5
0.269164 -0.117929 0.271388 4.42467e-39 5
0.271289 -0.116935 0.269099 6.26859e-39 5
0.275219 -0.116738 0.268646 9.49615e-39 5
0.278668 -0.116347 0.267745 1.005e-38 5
0.282093 -0.115957 0.266849 6.8232e-39 5
0.285496 -0.115571 0.26596 5.44026e-39 5
0.289839 -0.115571 0.26596 8.482e-39 5
0.294182 -0.115571 0.26596 3.59563e-39 5
0.296548 -0.114806 0.264199 3.22684e-39 5
0.298883 -0.11405 0.262461 4.1488e-39 5
0.301187 -0.113305 0.260745 5.25515e-39 5
0.30445 -0.112936 0.259896 9.21956e-39 5
0.307691 -0.112569 0.259052 8.11321e-39 5
0.311416 -0.112387 0.258632 5.80832e-39 5
0.31462 -0.112023 0.257796 7.65223e-39 5
0.317802 -0.111663 0.256966 6.91503e-39 5
-0.242217 -0.116469 0.278492 6.45514e-39 5
-0.238502 -0.116877 0.279468 6.73065e-39 5
-0.234349 -0.117082 0.279958 5.43919e-39 5
-0.230587 -0.117494 0.280944 7.83592e-39 5
-0.226798 -0.117909 0.281936 9.58763e-39 5
-0.222982 -0.118328 0.282936 9.12665e-39 5
-0.215268 -0.119173 0.284957 5.1626e-39 5
-0.21137 -0.1196 0.285978 1.04178e-38 5
-0.207071 -0.119815 0.286492 3.77967e-39 5
-0.203489 -0.120463 0.288043 2.85771e-39 5
-0.199145 -0.120681 0.288564 2.58076e-39 5
-0.195138 -0.121119 0.289612 5.07004e-39 5
-0.190755 -0.12134 0.290138 8.1125e-39 5
-0.186696 -0.121782 0.291197 1.0694e-38 5
-0.182274 -0.122005 0.291729 8.29725e-39 5
-0.177835 -0.122228 0.292264 5.2548e-39 5
-0.17338 -0.122453 0.2928 2.67296e-39 5
-0.16922 -0.122904 0.293878 6.0842e-39 5
-0.164725 -0.123131 0.294421 9.67947e-39 5
-0.160212 -0.123358 0.294965 2.21162e-39 5
-0.155684 -0.123587 0.295511 1.47478e-39 5
-0.151138 -0.123816 0.296059 1.84428e-39 5
-0.146848 -0.124277 0.297162 6.54626e-39 5
-0.142527 -0.124742 0.298273 1.05107e-38 5
-0.137914 -0.124975 0.298831 7.46749e-39 5
-0.133284 -0.12521 0.299392 3.04174e-39 5
-0.128636 -0.125445 0.299955 7.28166e-39 5
-0.123971 -0.125681 0.30052 5.71578e-39 5
-0.119288 -0.125918 0.301087 1.05092e-38 5
-0.114588 -0.126156 0.301656 3.31869e-39 5
-0.110078 -0.126635 0.302801 7.46749e-39 5
-0.104935 -0.126395 0.302227 1.15241e-38 5
-0.0952448 -0.126635 0.302801 1.10631e-38 5
-0.0903002 -0.126635 0.302801 1.14319e-38 5
-0.0853556 -0.126635 0.302801 1.2907e-38 5
-0.0804111 -0.126635 0.302801 2.12015e-39 5
-0.07561 -0.126876 0.303376 2.21234e-39 5
-0.070656 -0.126876 0.303376 1.18922e-38 5
-0.0657021 -0.126876 0.303376 1.17078e-38 5
-0.0608638 -0.127118 0.303954 1.04178e-38 5
-0.0557942 -0.126876 0.303376 9.58835e-39 5
-0.050937 -0.127118 0.303954 4.241e-39 5
-0.0459736 -0.127118 0.303954 9.68019e-39 5
-0.0410102 -0.127118 0.303954 8.66567e-39 5
-0.0361156 -0.12736 0.304534 1.04174e-38 5
-0.0311428 -0.12736 0.304534 7.00687e-39 5
-0.02622 -0.127604 0.305117 4.51759e-39 5
-0.0212376 -0.127604 0.305117 4.42539e-39 5
-0.0162552 -0.127604 0.305117 3.87222e-39 5
-0.0112728 -0.127604 0.305117 8.75859e-39 5
-0.0063025 -0.127848 0.305701 1.04174e-38 5
-0.0013131 -0.128094 0.306288 1.10617e-38 5
0.00368133 -0.127848 0.305701 1.06018e-38 5
0.00867325 -0.127848 0.305701 1.00493e-38 5
0.013639 -0.127604 0.305117 9.12809e-39 5
0.0186214 -0.127604 0.305117 9.03517e-39 5
0.0235587 -0.12736 0.304534 5.99272e-39 5
0.0284773 -0.127118 0.303954 7.3753e-39 5
0.0334407 -0.127118 0.303954 6.26967e-39 5
0.038331 -0.126876 0.303376 3.22685e-39 5
0.0433675 -0.127118 0.303954 4.70198e-39 5
0.048239 -0.126876 0.303376 1.08787e-38 5
0.0533959 -0.12736 0.304534 8.11358e-39 5
0.0582576 -0.127118 0.303954 3.22685e-39 5
0.0629811 -0.126635 0.302801 2.2127e-39 5
0.067797 -0.126395 0.302227 4.97785e-39 5
0.0723213 -0.125681 0.30052 8.48128e-39 5
0.0773743 -0.125918 0.301087 4.70018e-39 5
0.0821359 -0.125681 0.30052 2.48857e-39 5
0.0868796 -0.125445 0.299955 1.29078e-38 5
0.0919505 -0.125681 0.30052 9.4036e-39 5
0.0974082 -0.126395 0.302227 6.26823e-39 5
0.102343 -0.126395 0.302227 4.14845e-39 5
0.123016 -0.12736 0.304534 9.4958e-39 5
0.127989 -0.12736 0.304534 1.08787e-38 5
0.137672 -0.127118 0.303954 1.65773e-39 5
0.141024 -0.125681 0.30052 1.07862e-38 5
0.14971 -0.124742 0.298273 4.42575e-39 5
0.14531 -0.110309 0.263762 6.08456e-39 5
0.148148 -0.109225 0.261172 9.58799e-39 5
0.151668 -0.108692 0.259896 9.58835e-39 5
0.159377 -0.108163 0.258632 8.20506e-39 5
0.1636 -0.108163 0.258632 7.46749e-39 5
0.167552 -0.107988 0.258214 7.19162e-39 5
0.172047 -0.108163 0.258632 8.11358e-39 5
0.175701 -0.107814 0.257796 5.90017e-39 5
0.17991 -0.107814 0.257796 1.02334e-38 5
0.183823 -0.10764 0.257381 6.08491e-39 5
0.21513 -0.120463 0.288043 8.20469e-39 5
0.22063 -0.1209 0.289087 6.36078e-39 5
0.224132 -0.120246 0.287524 9.67983e-39 5
0.22967 -0.113691 0.27185 8.01922e-39 5
0.233711 -0.113498 0.271388 6.72849e-39 5
0.237739 -0.113305 0.270927 9.58763e-39 5
0.242163 -0.113305 0.270927 9.77202e-39 5
0.247006 -0.113498 0.271388 7.00615e-39 5
0.251866 -0.113691 0.27185 4.79345e-39 5
0.256305 -0.113691 0.27185 4.60978e-39 5
0.261189 -0.113885 0.272314 6.82248e-39 5
0.26609 -0.11408 0.272779 6.26931e-39 5
0.270083 -0.113885 0.272314 2.67296e-39 5
0.272668 -0.113113 0.270468 3.31833e-39 5
0.276616 -0.112922 0.27001 5.16296e-39 5
0.279606 -0.112351 0.268646 9.68126e-39 5
0.28304 -0.111974 0.267745 9.03589e-39 5
0.286451 -0.1116 0.266849 7.65224e-39 5
0.296548 -0.110491 0.264199 3.68782e-39 5
0.298392 -0.109584 0.26203 4.241e-39 5
0.300696 -0.108869 0.26032 3.68782e-39 5
0.303955 -0.108515 0.259473 4.79417e-39 5
0.307691 -0.108339 0.259052 5.71613e-39 5
0.311416 -0.108163 0.258632 4.88637e-39 5
0.31462 -0.107814 0.257796 8.75858e-39 5
0.317291 -0.107294 0.256553 9.12736e-39 5
-0.243066 -0.112313 0.279468 5.99308e-39 5
-0.239341 -0.112708 0.28045 1.02334e-38 5
-0.235174 -0.112907 0.280944 9.68019e-39 5
-0.230993 -0.113106 0.281439 1.08787e-38 5
-0.227199 -0.113506 0.282435 6.17639e-39 5
-0.223378 -0.113909 0.283439 2.30489e-39 5
-0.219529 -0.114315 0.284449 5.99236e-39 5
-0.21604 -0.11493 0.285978 1.03256e-38 5
-0.21213 -0.115343 0.287007 4.24065e-39 5
-0.207817 -0.115551 0.287524 1.84356e-39 5
-0.204226 -0.116179 0.289087 6.82212e-39 5
-0.199867 -0.11639 0.289612 7.37493e-39 5
-0.195849 -0.116814 0.290667 8.29689e-39 5
-0.191451 -0.117027 0.291197 9.49436e-39 5
-0.18738 -0.117456 0.292264 2.30418e-39 5
-0.182943 -0.117672 0.2928 9.86422e-39 5
-0.178489 -0.117888 0.293338 1.01412e-38 5
-0.174019 -0.118105 0.293878 8.94226e-39 5
-0.169846 -0.118542 0.294965 1.15237e-38 5
-0.165335 -0.118761 0.295511 6.26859e-39 5
-0.160807 -0.118981 0.296059 1.05096e-38 5
-0.156262 -0.119203 0.29661 1.16167e-38 5
-0.151701 -0.119425 0.297162 1.13401e-38 5
-0.147397 -0.119871 0.298273 1.14319e-38 5
-0.143062 -0.120321 0.299392 9.77238e-39 5
-0.138432 -0.120547 0.299955 1.13397e-38 5
-0.133786 -0.120774 0.30052 1.20769e-38 5
-0.128878 -0.120774 0.30052 3.04066e-39 5
-0.12444 -0.121231 0.301656 1.07865e-38 5
-0.11974 -0.12146 0.302227 8.48164e-39 5
-0.114805 -0.12146 0.302227 1.16163e-38 5
-0.110078 -0.121691 0.302801 1.17085e-38 5
-0.105134 -0.121691 0.302801 7.2831e-39 5
-0.100189 -0.121691 0.302801 1.23535e-38 5
-0.0954258 -0.121922 0.303376 1.27223e-38 5
-0.0904719 -0.121922 0.303376 4.88602e-39 5
-0.0855179 -0.121922 0.303376 2.48893e-39 5
-0.0805639 -0.121922 0.303376 3.77967e-39 5
-0.075754 -0.122154 0.303954 1.21695e-38 5
-0.0707906 -0.122154 0.303954 2.58041e-39 5
-0.0659528 -0.122387 0.304534 2.94919e-39 5
-0.06098 -0.122387 0.304534 3.0421e-39 5
-0.0559004 -0.122154 0.303954 2.39709e-39 5
-0.0510342 -0.122387 0.304534 1.15245e-38 5
-0.0460614 -0.122387 0.304534 9.95641e-39 5
-0.0410885 -0.122387 0.304534 1.29996e-38 5
-0.0361156 -0.122387 0.304534 1.93611e-39 5
-0.0311428 -0.122387 0.304534 3.78002e-39 5
-0.02622 -0.122621 0.305117 3.9637e-39 5
-0.0212376 -0.122621 0.305117 4.14809e-39 5
-0.0162863 -0.122856 0.305701 1.03259e-38 5
-0.0112944 -0.122856 0.305701 7.19126e-39 5
-0.0063146 -0.123092 0.306288 4.33319e-39 5
-0.0013131 -0.123092 0.306288 5.53102e-39 5
0.0036884 -0.123092 0.306288 1.18925e-38 5
0.0086899 -0.123092 0.306288 8.38909e-39 5
0.0136652 -0.122856 0.305701 1.19854e-38 5
0.0186214 -0.122621 0.305117 4.42467e-39 5
0.0236038 -0.122621 0.305117 1.09706e-38 5
0.0285862 -0.122621 0.305117 1.21695e-38 5
0.0335685 -0.122621 0.305117 3.78002e-39 5
0.0384774 -0.122387 0.304534 3.59491e-39 5
0.0435333 -0.122621 0.305117 3.7793e-39 5
0.0485157 -0.122621 0.305117 3.87222e-39 5
0.0536005 -0.122856 0.305701 1.37372e-38 5
0.0584804 -0.122621 0.305117 9.68054e-39 5
0.0634628 -0.122621 0.305117 8.5742e-39 5
0.0681844 -0.122154 0.303954 8.02067e-39 5
0.0730088 -0.121922 0.303376 3.0421e-39 5
0.0781112 -0.122154 0.303954 2.67332e-39 5
0.0827593 -0.121691 0.302801 2.48964e-39 5
0.0875378 -0.12146 0.302227 1.65952e-39 5
0.0979648 -0.122154 0.303954 1.24439e-38 5
0.102733 -0.121922 0.303376 6.45298e-39 5
0.107892 -0.122154 0.303954 8.29725e-39 5
0.112855 -0.122154 0.303954 2.76516e-39 5
0.118043 -0.122387 0.304534 1.03259e-38 5
0.123016 -0.122387 0.304534 9.21921e-39 5
0.140231 -0.120095 0.298831 1.751e-39 5
0.143765 -0.118981 0.296059 8.5742e-39 5
0.14147 -0.106353 0.264637 5.34699e-39 5
0.14507 -0.105827 0.263327 6.17675e-39 5
0.147664 -0.104618 0.26032 7.83628e-39 5
0.151421 -0.104278 0.259473 1.03252e-38 5
0.155406 -0.104109 0.259052 7.28346e-39 5
0.159377 -0.10394 0.258632 9.12701e-39 5
0.163336 -0.103772 0.258214 8.20578e-39 5
0.167281 -0.103604 0.257796 7.19162e-39 5
0.171491 -0.103604 0.257796 9.95749e-39 5
0.174853 -0.103104 0.256553 2.95026e-39 5
0.203882 -0.114724 0.285467 9.03517e-39 5
0.210426 -0.11576 0.288043 8.38981e-39 5
0.21513 -0.11576 0.288043 6.45298e-39 5
0.219833 -0.11576 0.288043 5.07004e-39 5
0.222927 -0.11493 0.285978 4.79346e-39 5
0.226001 -0.109626 0.272779 1.751e-39 5
0.22967 -0.109252 0.27185 9.31032e-39 5
0.233711 -0.109066 0.271388 7.46641e-39 5
0.237739 -0.108881 0.270927 8.0203e-39 5
0.241752 -0.108697 0.270468 1.06018e-38 5
0.246587 -0.108881 0.270927 9.95641e-39 5
0.251011 -0.108881 0.270927 6.08491e-39 5
0.255435 -0.108881 0.270927 6.45369e-39 5
0.260301 -0.109066 0.271388 9.49687e-39 5
0.265636 -0.109439 0.272314 7.00687e-39 5
0.270083 -0.109439 0.272314 4.33248e-39 5
0.277555 -0.108881 0.270927 3.31904e-39 5
0.281025 -0.108513 0.27001 4.7027e-39 5
0.283993 -0.107965 0.268646 7.92882e-39 5
0.28693 -0.107422 0.267296 1.04181e-38 5
0.290808 -0.107242 0.266849 8.94226e-39 5
0.296548 -0.106177 0.264199 3.31904e-39 5
0.298392 -0.105305 0.26203 5.53174e-39 5
0.300696 -0.104618 0.26032 6.2693e-39 5
0.303955 -0.104278 0.259473 6.73028e-39 5
0.307691 -0.104109 0.259052 7.19126e-39 5
0.315639 -0.10394 0.258632 3.13465e-39 5
0.318829 -0.103604 0.257796 8.3898e-39 5
-0.24392 -0.108129 0.28045 1.02334e-38 5
-0.239762 -0.108319 0.280944 8.57312e-39 5
-0.236005 -0.108702 0.281936 7.83628e-39 5
-0.231811 -0.108894 0.282435 8.57384e-39 5
-0.228006 -0.109281 0.283439 5.62358e-39 5
-0.224574 -0.109866 0.284957 7.00687e-39 5
-0.220709 -0.11026 0.285978 1.10635e-38 5
-0.216817 -0.110657 0.287007 7.92847e-39 5
-0.212512 -0.110856 0.287524 5.2548e-39 5
-0.208192 -0.111056 0.288043 8.85043e-39 5
-0.204226 -0.111459 0.289087 5.53138e-39 5
-0.200231 -0.111864 0.290138 1.13393e-38 5
-0.196207 -0.112272 0.291197 8.66567e-39 5
-0.192153 -0.112683 0.292264 5.06897e-39 5
-0.187724 -0.11289 0.2928 9.67875e-39 5
-0.183617 -0.113306 0.293878 1.16159e-38 5
-0.179148 -0.113515 0.294421 8.66568e-39 5
-0.174986 -0.113936 0.295511 5.89981e-39 5
-0.170476 -0.114147 0.296059 8.38909e-39 5
-0.165949 -0.114359 0.29661 1.1155e-38 5
-0.161406 -0.114572 0.297162 1.17081e-38 5
-0.156845 -0.114786 0.297716 7.92883e-39 5
-0.152268 -0.115 0.298273 1.28152e-38 5
-0.147673 -0.115216 0.298831 2.85807e-39 5
-0.143062 -0.115432 0.299392 2.02831e-39 5
-0.138693 -0.115867 0.30052 3.1343e-39 5
-0.133786 -0.115867 0.30052 3.13394e-39 5
-0.129122 -0.116085 0.301087 1.18914e-38 5
-0.12444 -0.116305 0.301656 3.31869e-39 5
-0.115023 -0.116746 0.302801 3.04246e-39 5
-0.110078 -0.116746 0.302801 1.84356e-39 5
-0.105334 -0.116968 0.303376 1.23535e-38 5
-0.10038 -0.116968 0.303376 1.11539e-38 5
-0.0956076 -0.117191 0.303954 5.80653e-39 5
-0.0856808 -0.117191 0.303954 1.09709e-38 5
-0.0807174 -0.117191 0.303954 1.15241e-38 5
-0.0758986 -0.117414 0.304534 2.02795e-39 5
-0.06098 -0.117414 0.304534 1.75136e-39 5
-0.0560071 -0.117414 0.304534 1.25386e-38 5
-0.0511318 -0.117639 0.305117 1.21691e-38 5
-0.0461495 -0.117639 0.305117 1.20758e-38 5
-0.0411671 -0.117639 0.305117 1.13393e-38 5
-0.0361156 -0.117414 0.304534 4.60978e-39 5
-0.0312621 -0.117864 0.305701 4.14809e-39 5
-0.0262702 -0.117864 0.305701 4.33248e-39 5
-0.0212783 -0.117864 0.305701 1.07862e-38 5
-0.0163176 -0.118091 0.306288 4.51687e-39 5
-0.0113161 -0.118091 0.306288 4.3332e-39 5
-0.00632674 -0.118318 0.306877 4.70198e-39 5
-0.00131563 -0.118318 0.306877 8.57347e-39 5
0.0036884 -0.118091 0.306288 1.12471e-38 5
0.0086899 -0.118091 0.306288 1.34598e-38 5
0.013639 -0.117639 0.305117 9.40324e-39 5
0.0186214 -0.117639 0.305117 7.55825e-39 5
0.023649 -0.117864 0.305701 8.57348e-39 5
0.0286409 -0.117864 0.305701 4.51687e-39 5
0.0336329 -0.117864 0.305701 1.29996e-38 5
0.0385509 -0.117639 0.305117 1.04174e-38 5
0.0436167 -0.117864 0.305701 4.79346e-39 5
0.0485157 -0.117639 0.305117 3.41052e-39 5
0.0536005 -0.117864 0.305701 1.00493e-38 5
0.0584804 -0.117639 0.305117 7.46713e-39 5
0.0633417 -0.117414 0.304534 9.40396e-39 5
0.0731478 -0.117191 0.303954 1.93647e-39 5
0.0781112 -0.117191 0.303954 1.84428e-39 5
0.0830746 -0.117191 0.303954 2.58184e-39 5
0.0878706 -0.116968 0.303376 2.39709e-39 5
0.0928246 -0.116968 0.303376 2.39565e-39 5
0.0979648 -0.117191 0.303954 1.84176e-39 5
0.102733 -0.116968 0.303376 1.28134e-38 5
0.107892 -0.117191 0.303954 1.16159e-38 5
0.11264 -0.116968 0.303376 8.94118e-39 5
0.142444 -0.113098 0.293338 1.65952e-39 5
0.14077 -0.101527 0.263327 5.90089e-39 5
0.144831 -0.101359 0.262893 9.68091e-39 5
0.147906 -0.100531 0.260745 9.12773e-39 5
0.151668 -0.100204 0.259896 7.74372e-39 5
0.155658 -0.100041 0.259473 6.82176e-39 5
0.159636 -0.0998786 0.259052 9.86458e-39 5
0.1636 -0.0997167 0.258632 1.02341e-38 5
0.167552 -0.0995553 0.258214 8.48236e-39 5
0.171769 -0.0995553 0.258214 9.12773e-39 5
0.175135 -0.0990744 0.256966 8.29761e-39 5
0.201361 -0.108702 0.281936 8.29761e-39 5
0.208544 -0.110063 0.285467 8.75859e-39 5
0.212825 -0.109866 0.284957 9.21885e-39 5
0.215172 -0.108702 0.281936 9.12665e-39 5
0.222027 -0.107562 0.278979 4.60907e-39 5
0.223457 -0.106078 0.275131 5.25443e-39 5
0.230456 -0.105171 0.272779 9.12593e-39 5
0.23411 -0.104813 0.27185 6.72884e-39 5
0.237739 -0.104457 0.270927 2.21198e-39 5
0.241752 -0.10428 0.270468 1.08784e-38 5
0.245752 -0.104104 0.27001 1.26308e-38 5
0.250161 -0.104104 0.27001 9.95713e-39 5
0.254141 -0.103928 0.269554 9.03589e-39 5
0.258542 -0.103928 0.269554 6.36222e-39 5
0.264733 -0.104635 0.271388 5.71613e-39 5
0.269623 -0.104813 0.27185 1.15237e-38 5
0.274062 -0.104813 0.27185 8.94226e-39 5
0.278501 -0.104813 0.27185 3.59563e-39 5
0.281979 -0.104457 0.270927 7.46785e-39 5
0.285434 -0.104104 0.27001 8.66639e-39 5
0.287895 -0.103404 0.268195 7.37493e-39 5
0.291295 -0.103057 0.267296 1.07862e-38 5
0.296058 -0.101695 0.263762 5.25515e-39 5
0.297903 -0.100861 0.2616 3.31904e-39 5
0.300696 -0.100367 0.26032 2.1205e-39 5
0.303955 -0.100041 0.259473 9.12737e-39 5
0.308694 -0.100204 0.259896 5.99272e-39 5
0.312429 -0.100041 0.259473 4.42539e-39 5
0.318829 -0.0993945 0.257796 8.5742e-39 5
-0.24435 -0.103731 0.280944 1.75172e-39 5
-0.236005 -0.104098 0.281936 4.60871e-39 5
-0.229228 -0.105213 0.284957 8.482e-39 5
-0.225784 -0.10578 0.286492 1.12479e-38 5
-0.221902 -0.106161 0.287524 4.05661e-39 5
-0.217599 -0.106353 0.288043 7.65152e-39 5
-0.213281 -0.106545 0.288564 9.86422e-39 5
-0.209326 -0.106932 0.289612 7.83591e-39 5
-0.204969 -0.107126 0.290138 9.03338e-39 5
-0.200962 -0.107517 0.291197 2.21198e-39 5
-0.196925 -0.107911 0.292264 6.54517e-39 5
-0.192859 -0.108308 0.293338 1.12472e-38 5
-0.188763 -0.108707 0.294421 5.25443e-39 5
-0.184637 -0.10911 0.295511 4.79346e-39 5
-0.180145 -0.109312 0.296059 1.21691e-38 5
-0.175636 -0.109516 0.29661 1.19851e-38 5
-0.171111 -0.10972 0.297162 1.25386e-38 5
-0.166568 -0.109924 0.297716 1.13401e-38 5
-0.162009 -0.11013 0.298273 6.26931e-39 5
-0.157433 -0.110336 0.298831 1.25379e-38 5
-0.152839 -0.110543 0.299392 1.23535e-38 5
-0.14795 -0.110543 0.299392 1.06947e-38 5
-0.1436 -0.110959 0.30052 7.09906e-39 5
-0.138955 -0.111169 0.301087 4.42504e-39 5
-0.134038 -0.111169 0.301087 1.3368e-38 5
-0.129611 -0.11159 0.302227 3.22613e-39 5
-0.124912 -0.111802 0.302801 2.39709e-39 5
-0.119968 -0.111802 0.302801 8.02138e-39 5
-0.115242 -0.112014 0.303376 7.09907e-39 5
-0.110498 -0.112227 0.303954 1.28148e-38 5
-0.105736 -0.112442 0.304534 2.58076e-39 5
-0.100763 -0.112442 0.304534 8.29689e-39 5
-0.09579 -0.112442 0.304534 1.16159e-38 5
-0.0908172 -0.112442 0.304534 1.33677e-38 5
-0.0858443 -0.112442 0.304534 1.38286e-38 5
-0.0810261 -0.112657 0.305117 1.10624e-38 5
-0.0760437 -0.112657 0.305117 1.34595e-38 5
-0.0710613 -0.112657 0.305117 1.08784e-38 5
-0.066079 -0.112657 0.305117 1.18925e-38 5
-0.0610966 -0.112657 0.305117 1.23539e-38 5
-0.0561142 -0.112657 0.305117 9.68019e-39 5
-0.0512298 -0.112872 0.305701 1.06943e-38 5
-0.0462379 -0.112872 0.305701 4.70126e-39 5
-0.0411671 -0.112657 0.305117 5.99308e-39 5
-0.0361847 -0.112657 0.305117 6.73028e-39 5
-0.0312621 -0.112872 0.305701 5.53174e-39 5
-0.0262702 -0.112872 0.305701 1.28145e-38 5
-0.0213191 -0.113089 0.306288 5.25443e-39 5
-0.0163176 -0.113089 0.306288 3.9637e-39 5
-0.0113161 -0.113089 0.306288 7.83591e-39 5
-0.00632674 -0.113307 0.306877 1.29992e-38 5
-0.00131563 -0.113307 0.306877 1.29992e-38 5
0.0036884 -0.113089 0.306288 5.34663e-39 5
0.0086899 -0.113089 0.306288 5.07005e-39 5
0.0136652 -0.112872 0.305701 1.0694e-38 5
0.0186571 -0.112872 0.305701 1.27223e-38 5
0.0236944 -0.113089 0.306288 1.16159e-38 5
0.0286959 -0.113089 0.306288 7.19054e-39 5
0.0336974 -0.113089 0.306288 4.51687e-39 5
0.0386248 -0.112872 0.305701 3.68711e-39 5
0.0436167 -0.112872 0.305701 1.32755e-38 5
0.0485157 -0.112657 0.305117 1.37354e-38 5
0.053498 -0.112657 0.305117 5.90052e-39 5
0.0583688 -0.112442 0.304534 1.16159e-38 5
0.0683145 -0.112442 0.304534 1.30914e-38 5
0.0731478 -0.112227 0.303954 1.75208e-39 5
0.0781112 -0.112227 0.303954 2.48964e-39 5
0.0829167 -0.112014 0.303376 2.95062e-39 5
0.0878706 -0.112014 0.303376 2.48856e-39 5
0.0928246 -0.112014 0.303376 2.21125e-39 5
0.0979648 -0.112227 0.303954 4.79238e-39 5
0.102733 -0.112014 0.303376 8.1125e-39 5
0.107892 -0.112227 0.303954 1.40137e-38 5
0.112855 -0.112227 0.303954 1.5396e-38 5
0.117818 -0.112227 0.303954 1.19854e-38 5
0.122548 -0.112014 0.303376 3.41089e-39 5
0.14077 -0.0972267 0.263327 8.20578e-39 5
0.144593 -0.0969069 0.262461 8.66675e-39 5
0.147906 -0.0962735 0.260745 9.4036e-39 5
0.151668 -0.0959599 0.259896 8.02031e-39 5
0.155912 -0.0959599 0.259896 6.26823e-39 5
0.159895 -0.0958039 0.259473 1.15237e-38 5
0.167824 -0.0954934 0.258632 9.03553e-39 5
0.196064 -0.103731 0.280944 5.992e-39 5
0.201361 -0.104098 0.281936 1.04174e-38 5
0.207431 -0.104839 0.283943 7.37493e-39 5
0.212067 -0.104839 0.283943 5.25443e-39 5
0.219002 -0.103731 0.280944 8.20469e-39 5
0.222806 -0.103367 0.279958 8.48128e-39 5
0.225793 -0.102647 0.278007 7.00615e-39 5
0.227166 -0.101236 0.274186 9.58798e-39 5
0.23411 -0.100374 0.27185 2.94954e-39 5
0.238143 -0.100203 0.271388 1.56661e-39 5
0.242163 -0.100033 0.270927 5.07004e-39 5
0.245752 -0.0996944 0.27001 7.92883e-39 5
0.250585 -0.0998634 0.270468 1.24468e-38 5
0.254141 -0.099526 0.269554 9.31212e-39 5
0.258542 -0.099526 0.269554 1.10638e-38 5
0.263835 -0.0998634 0.270468 4.51759e-39 5
0.269623 -0.100374 0.27185 6.26894e-39 5
0.27453 -0.100545 0.272314 1.17088e-38 5
0.278976 -0.100545 0.272314 1.01415e-38 5
0.282459 -0.100203 0.271388 9.95713e-39 5
0.286891 -0.100203 0.271388 3.13393e-39 5
0.289843 -0.0996944 0.27001 3.13394e-39 5
0.291784 -0.0988581 0.267745 1.03252e-38 5
0.296058 -0.0973874 0.263762 7.19091e-39 5
0.298392 -0.0967478 0.26203 2.2127e-39 5
0.300696 -0.0961165 0.26032 7.46785e-39 5
0.303955 -0.0958039 0.259473 5.99272e-39 5
0.308192 -0.0958039 0.259473 6.45369e-39 5
0.312429 -0.0958039 0.259473 7.46785e-39 5
0.316782 -0.0945737 0.256141 7.92847e-39 5
-0.245213 -0.099494 0.281936 8.94226e-39 5
-0.241462 -0.0998468 0.282936 9.03446e-39 5
-0.236842 -0.0998468 0.282936 1.05092e-38 5
-0.233048 -0.100202 0.283943 9.1263e-39 5
-0.230462 -0.101102 0.286492 8.75823e-39 5
-0.226598 -0.101466 0.287524 8.66639e-39 5
-0.222303 -0.101649 0.288043 1.02337e-38 5
-0.217993 -0.101833 0.288564 1.07862e-38 5
-0.214055 -0.102203 0.289612 9.58763e-39 5
-0.210088 -0.102575 0.290667 9.77094e-39 5
-0.205717 -0.102762 0.291197 9.03338e-39 5
-0.202068 -0.103328 0.2928 1.13393e-38 5
-0.198013 -0.103708 0.293878 1.21691e-38 5
-0.193571 -0.1039 0.294421 9.77202e-39 5
-0.189462 -0.104284 0.295511 7.83591e-39 5
-0.185323 -0.104672 0.29661 1.37364e-38 5
-0.180816 -0.104867 0.297162 1.13393e-38 5
-0.176292 -0.105063 0.297716 1.41049e-38 5
-0.17175 -0.105259 0.298273 6.0842e-39 5
-0.167192 -0.105456 0.298831 6.45298e-39 5
-0.162617 -0.105654 0.299392 1.32755e-38 5
-0.158025 -0.105853 0.299955 4.42468e-39 5
-0.153415 -0.106052 0.30052 2.58076e-39 5
-0.148508 -0.106052 0.30052 3.04174e-39 5
-0.143871 -0.106252 0.301087 5.25515e-39 5
-0.139481 -0.106655 0.302227 1.37368e-38 5
-0.134546 -0.106655 0.302227 6.36115e-39 5
-0.130104 -0.10706 0.303376 6.91468e-39 5
-0.12515 -0.10706 0.303376 1.05103e-38 5
-0.120196 -0.10706 0.303376 3.87222e-39 5
-0.115461 -0.107264 0.303954 1.01415e-38 5
-0.110709 -0.107469 0.304534 1.09709e-38 5
-0.105736 -0.107469 0.304534 1.29067e-38 5
-0.100956 -0.107674 0.305117 1.18925e-38 5
-0.09579 -0.107469 0.304534 1.10628e-38 5
-0.0908172 -0.107469 0.304534 1.43818e-38 5
-0.0810261 -0.107674 0.305117 5.34628e-39 5
-0.0760437 -0.107674 0.305117 1.18925e-38 5
-0.0710613 -0.107674 0.305117 9.31105e-39 5
-0.066079 -0.107674 0.305117 1.3552e-38 5
-0.0610966 -0.107674 0.305117 2.02795e-39 5
-0.0563296 -0.108088 0.306288 2.58112e-39 5
-0.0513281 -0.108088 0.306288 1.20773e-38 5
-0.0462379 -0.107881 0.305701 1.69636e-38 5
-0.0412459 -0.107881 0.305701 1.48435e-38 5
-0.036254 -0.107881 0.305701 1.66874e-38 5
-0.0313221 -0.108088 0.306288 1.57655e-38 5
-0.0263206 -0.108088 0.306288 6.45298e-39 5
-0.0213191 -0.108088 0.306288 1.10628e-38 5
-0.0162863 -0.107881 0.305701 1.06018e-38 5
-0.0113161 -0.108088 0.306288 1.15237e-38 5
-0.00632674 -0.108295 0.306877 6.17674e-39 5
-0.0013131 -0.108088 0.306288 5.80796e-39 5
0.00368133 -0.107881 0.305701 5.80761e-39 5
0.00867325 -0.107881 0.305701 1.04174e-38 5
0.013639 -0.107674 0.305117 7.65152e-39 5
0.0186571 -0.107881 0.305701 5.07004e-39 5
0.0236944 -0.108088 0.306288 5.07004e-39 5
0.0286959 -0.108088 0.306288 1.52116e-38 5
0.0336974 -0.108088 0.306288 1.10628e-38 5
0.0386248 -0.107881 0.305701 1.48431e-38 5
0.0436167 -0.107881 0.305701 1.08784e-38 5
0.0486086 -0.107881 0.305701 4.97677e-39 5
0.0536005 -0.107881 0.305701 1.18932e-38 5
0.0584804 -0.107674 0.305117 1.34588e-38 5
0.0634628 -0.107674 0.305117 4.14809e-39 5
0.0684452 -0.107674 0.305117 4.14845e-39 5
0.0731478 -0.107264 0.303954 1.39219e-38 5
0.0782603 -0.107469 0.304534 1.21702e-38 5
0.0832331 -0.107469 0.304534 2.95026e-39 5
0.088038 -0.107264 0.303954 3.50272e-39 5
0.0930014 -0.107264 0.303954 7.09834e-39 5
0.0981517 -0.107469 0.304534 1.29989e-38 5
0.102928 -0.107264 0.303954 1.14323e-38 5
0.108097 -0.107469 0.304534 2.48964e-39 5
0.112855 -0.107264 0.303954 1.93611e-39 5
0.117818 -0.107264 0.303954 8.85043e-39 5
0.122084 -0.106655 0.302227 1.41978e-38 5
0.126779 -0.106453 0.301656 1.17081e-38 5
0.136922 -0.0932345 0.264199 7.46821e-39 5
0.14077 -0.0929268 0.263327 8.11358e-39 5
0.144593 -0.0926211 0.262461 1.12475e-38 5
0.148148 -0.0921663 0.261172 7.92847e-39 5
0.151915 -0.0918656 0.26032 8.29654e-39 5
0.156421 -0.0920157 0.260745 8.75787e-39 5
0.160417 -0.0918656 0.26032 9.40324e-39 5
0.164132 -0.0915669 0.259473 1.11557e-38 5
0.168369 -0.0915669 0.259473 1.2078e-38 5
0.192153 -0.099494 0.281936 1.29074e-38 5
0.197105 -0.0996701 0.282435 1.00486e-38 5
0.202075 -0.0998468 0.282936 1.05096e-38 5
0.208544 -0.10074 0.285467 1.50272e-38 5
0.213205 -0.10074 0.285467 1.08784e-38 5
0.217091 -0.0982786 0.278492 5.53102e-39 5
0.218964 -0.0970924 0.275131 6.45298e-39 5
0.223072 -0.0969253 0.274657 1.18003e-38 5
0.226388 -0.0964274 0.273247 6.63772e-39 5
0.230456 -0.0962626 0.272779 3.7793e-39 5
0.233711 -0.0957715 0.271388 5.25443e-39 5
0.238143 -0.0957715 0.271388 4.14809e-39 5
0.242575 -0.0957715 0.271388 6.91396e-39 5
0.246587 -0.0956089 0.270927 5.90052e-39 5
0.251438 -0.0957715 0.271388 8.85078e-39 5
0.255435 -0.0956089 0.270927 9.58835e-39 5
0.260301 -0.0957715 0.271388 1.2262e-38 5
0.265184 -0.0959346 0.27185 1.0233e-38 5
0.270083 -0.0960983 0.272314 7.09834e-39 5
0.274999 -0.0962626 0.272779 1.04181e-38 5
0.278976 -0.0960983 0.272314 8.38981e-39 5
0.28294 -0.0959346 0.27185 8.20469e-39 5
0.286891 -0.0957715 0.271388 1.17081e-38 5
0.290335 -0.0954468 0.270468 4.88565e-39 5
0.291784 -0.0944859 0.267745 6.0842e-39 5
0.296548 -0.0932345 0.264199 9.86458e-39 5
0.299375 -0.0927737 0.262893 6.08491e-39 5
0.30168 -0.0921663 0.261172 1.01415e-38 5
0.30445 -0.091716 0.259896 2.30561e-39 5
0.308694 -0.091716 0.259896 5.53174e-39 5
0.312938 -0.091716 0.259896 6.08456e-39 5
0.316782 -0.090391 0.256141 8.85043e-39 5
-0.24652 -0.0953958 0.283439 1.15237e-38 5
-0.242754 -0.0957359 0.284449 7.00615e-39 5
-0.238534 -0.0959069 0.284957 7.92775e-39 5
-0.23514 -0.0964234 0.286492 1.11546e-38 5
-0.231293 -0.0967709 0.287524 9.86458e-39 5
-0.227417 -0.0971209 0.288564 1.17085e-38 5
-0.223108 -0.0972968 0.289087 8.85043e-39 5
-0.218784 -0.0974734 0.289612 2.39602e-39 5
-0.214835 -0.0978285 0.290667 8.66532e-39 5
-0.210857 -0.0981862 0.291729 1.16149e-38 5
-0.20647 -0.098366 0.292264 3.50164e-39 5
-0.202812 -0.0989095 0.293878 2.76516e-39 5
-0.198745 -0.0992751 0.294965 1.93539e-39 5
-0.194288 -0.099459 0.295511 7.92811e-39 5
-0.190167 -0.0998287 0.29661 1.25379e-38 5
-0.186015 -0.100201 0.297716 1.10624e-38 5
-0.181492 -0.100388 0.298273 1.12468e-38 5
-0.176952 -0.100576 0.298831 5.99165e-39 5
-0.172395 -0.100765 0.299392 7.09835e-39 5
-0.167821 -0.100955 0.299955 1.28145e-38 5
-0.163538 -0.101336 0.301087 5.16224e-39 5
-0.158921 -0.101527 0.301656 3.22505e-39 5
-0.153995 -0.101527 0.301656 1.07851e-38 5
-0.149351 -0.101719 0.302227 1.13393e-38 5
-0.14469 -0.101912 0.302801 1.3552e-38 5
-0.140011 -0.102106 0.303376 8.29725e-39 5
-0.135057 -0.102106 0.303376 1.15241e-38 5
-0.130351 -0.102301 0.303954 1.24464e-38 5
-0.125388 -0.102301 0.303954 8.85078e-39 5
-0.120654 -0.102496 0.304534 1.49353e-38 5
-0.115682 -0.102496 0.304534 1.3368e-38 5
-0.110709 -0.102496 0.304534 8.94226e-39 5
-0.105938 -0.102692 0.305117 2.39637e-39 5
-0.100956 -0.102692 0.305117 1.23535e-38 5
-0.09579 -0.102496 0.304534 1.43818e-38 5
-0.0908172 -0.102496 0.304534 3.04174e-39 5
-0.0858443 -0.102496 0.304534 1.03252e-38 5
-0.0810261 -0.102692 0.305117 1.43818e-38 5
-0.0760437 -0.102692 0.305117 7.28274e-39 5
-0.0711975 -0.102889 0.305701 1.37372e-38 5
-0.0662055 -0.102889 0.305701 1.53045e-38 5
-0.0610966 -0.102692 0.305117 1.17085e-38 5
-0.0563296 -0.103086 0.306288 3.1343e-39 5
-0.0514268 -0.103284 0.306877 3.31869e-39 5
-0.0463266 -0.103086 0.306288 3.77967e-39 5
-0.0413251 -0.103086 0.306288 3.50344e-39 5
-0.0363236 -0.103086 0.306288 1.16167e-38 5
-0.0313823 -0.103284 0.306877 1.1155e-38 5
-0.0213191 -0.103086 0.306288 1.4013e-38 5
-0.0163176 -0.103086 0.306288 1.24457e-38 5
-0.0113379 -0.103284 0.306877 1.04174e-38 5
-0.00632674 -0.103284 0.306877 7.55932e-39 5
-0.00131563 -0.103284 0.306877 5.80796e-39 5
0.0036884 -0.103086 0.306288 1.01408e-38 5
0.0086899 -0.103086 0.306288 5.62322e-39 5
0.0136914 -0.103086 0.306288 5.62321e-39 5
0.0186929 -0.103086 0.306288 5.25443e-39 5
0.0236944 -0.103086 0.306288 5.71541e-39 5
0.0287511 -0.103284 0.306877 1.23535e-38 5
0.0337622 -0.103284 0.306877 4.88565e-39 5
0.0386248 -0.102889 0.305701 1.44744e-38 5
0.0436167 -0.102889 0.305701 5.34663e-39 5
0.0486086 -0.102889 0.305701 1.34588e-38 5
0.0536005 -0.102889 0.305701 2.02831e-39 5
0.0585924 -0.102889 0.305701 3.8715e-39 5
0.0634628 -0.102692 0.305117 1.59491e-38 5
0.0683145 -0.102496 0.304534 1.45666e-38 5
0.0731478 -0.102301 0.303954 6.63773e-39 5
0.0782603 -0.102496 0.304534 2.94991e-39 5
0.0832331 -0.102496 0.304534 1.48435e-38 5
0.0883747 -0.102692 0.305117 6.91468e-39 5
0.093357 -0.102692 0.305117 1.57647e-38 5
0.0985278 -0.102889 0.305701 1.84392e-39 5
0.10352 -0.102889 0.305701 2.48964e-39 5
0.108929 -0.103284 0.306877 2.39745e-39 5
0.113287 -0.102692 0.305117 2.30489e-39 5
0.118043 -0.102496 0.304534 2.67332e-39 5
0.121853 -0.101527 0.301656 9.95677e-39 5
0.125828 -0.100765 0.299392 1.4935e-38 5
0.130472 -0.100576 0.298831 1.41974e-38 5
0.132608 -0.0889203 0.264199 7.00651e-39 5
0.136696 -0.0887733 0.263762 9.49652e-39 5
0.140538 -0.0884808 0.262893 1.01412e-38 5
0.144593 -0.0883353 0.262461 8.85043e-39 5
0.148148 -0.0879015 0.261172 9.03446e-39 5
0.152163 -0.0877579 0.260745 8.66568e-39 5
0.156677 -0.0879015 0.261172 9.40324e-39 5
0.160942 -0.0879015 0.261172 9.95641e-39 5
0.1644 -0.0874721 0.259896 9.03517e-39 5
0.193866 -0.0957359 0.284449 7.92811e-39 5
0.199578 -0.0962506 0.285978 1.27223e-38 5
0.204248 -0.0962506 0.285978 1.20769e-38 5
0.213588 -0.0962506 0.285978 1.30911e-38 5
0.218212 -0.0922815 0.274186 6.63737e-39 5
0.222307 -0.0921232 0.273715 9.31104e-39 5
0.225616 -0.0916516 0.272314 1.00486e-38 5
0.230062 -0.0916516 0.272314 5.80761e-39 5
0.23411 -0.0914955 0.27185 5.16224e-39 5
0.238956 -0.0916516 0.272314 6.72956e-39 5
0.243403 -0.0916516 0.272314 2.67296e-39 5
0.247849 -0.0916516 0.272314 9.58835e-39 5
0.252296 -0.0916516 0.272314 8.85078e-39 5
0.256305 -0.0914955 0.27185 8.75859e-39 5
0.261189 -0.0916516 0.272314 1.2723e-38 5
0.265636 -0.0916516 0.272314 1.21698e-38 5
0.270083 -0.0916516 0.272314 6.17711e-39 5
0.27453 -0.0916516 0.272314 2.85807e-39 5
0.278976 -0.0916516 0.272314 9.40324e-39 5
0.282459 -0.0913399 0.271388 8.20469e-39 5
0.286404 -0.0911848 0.270927 1.07862e-38 5
0.289843 -0.0908762 0.27001 1.28145e-38 5
0.291295 -0.0899629 0.267296 1.0233e-38 5
0.296548 -0.0889203 0.264199 1.22617e-38 5
0.298883 -0.0883353 0.262461 1.3184e-38 5
0.30168 -0.0879015 0.261172 9.49615e-39 5
0.303955 -0.0873298 0.259473 9.21993e-39 5
0.308192 -0.0873298 0.259473 7.28382e-39 5
-0.24784 -0.0912537 0.284957 7.09727e-39 5
-0.244059 -0.0915808 0.285978 9.49544e-39 5
-0.239819 -0.0917452 0.286492 1.12468e-38 5
-0.235988 -0.0920758 0.287524 1.16156e-38 5
-0.232129 -0.0924088 0.288564 1.0049e-38 5
-0.227829 -0.0925762 0.289087 8.38945e-39 5
-0.223513 -0.0927442 0.289612 6.08456e-39 5
-0.219581 -0.0930821 0.290667 1.0417e-38 5
-0.21562 -0.0934224 0.291729 7.37458e-39 5
-0.212019 -0.0939376 0.293338 3.50164e-39 5
-0.207994 -0.0942842 0.294421 4.14701e-39 5
-0.203939 -0.0946334 0.295511 4.70126e-39 5
-0.199853 -0.0949852 0.29661 1.05096e-38 5
-0.195373 -0.0951621 0.297162 1.03252e-38 5
-0.191233 -0.0955179 0.298273 3.8715e-39 5
-0.186711 -0.0956967 0.298831 3.22578e-39 5
-0.177617 -0.0960565 0.299955 7.74229e-39 5
-0.173044 -0.0962374 0.30052 1.34588e-38 5
-0.168454 -0.096419 0.301087 1.01397e-38 5
-0.163847 -0.0966012 0.301656 9.95534e-39 5
-0.159222 -0.0967842 0.302227 1.25368e-38 5
-0.154287 -0.0967842 0.302227 3.96262e-39 5
-0.149635 -0.0969679 0.302801 1.29056e-38 5
-0.145242 -0.0973373 0.303954 1.42896e-38 5
-0.140546 -0.097523 0.304534 1.21695e-38 5
-0.135573 -0.097523 0.304534 2.30454e-39 5
-0.1306 -0.097523 0.304534 8.29761e-39 5
-0.125867 -0.0977095 0.305117 1.55811e-38 5
-0.120885 -0.0977095 0.305117 1.93539e-39 5
-0.115903 -0.0977095 0.305117 8.66568e-39 5
-0.11092 -0.0977095 0.305117 6.72956e-39 5
-0.105938 -0.0977095 0.305117 1.41041e-38 5
-0.100763 -0.097523 0.304534 1.42896e-38 5
-0.09579 -0.097523 0.304534 1.32755e-38 5
-0.0908172 -0.097523 0.304534 1.59491e-38 5
-0.0860085 -0.0977095 0.305117 6.54517e-39 5
-0.0810261 -0.0977095 0.305117 3.59492e-39 5
-0.0761894 -0.0978967 0.305701 1.65945e-38 5
-0.0713341 -0.0980846 0.306288 2.58184e-39 5
-0.0663326 -0.0980846 0.306288 2.9517e-39 5
-0.0564379 -0.0982732 0.306877 1.84388e-38 5
-0.0514268 -0.0982732 0.306877 1.45666e-38 5
-0.0463266 -0.0980846 0.306288 3.22649e-39 5
-0.0413251 -0.0980846 0.306288 1.29067e-38 5
-0.0363236 -0.0980846 0.306288 1.54881e-38 5
-0.0314428 -0.0984625 0.307468 4.33248e-39 5
-0.0263712 -0.0982732 0.306877 5.16116e-39 5
-0.0213601 -0.0982732 0.306877 6.0842e-39 5
-0.0163176 -0.0980846 0.306288 3.68711e-39 5
-0.0113379 -0.0982732 0.306877 3.13394e-39 5
-0.00632674 -0.0982732 0.306877 1.18003e-38 5
-0.0013131 -0.0980846 0.306288 1.27223e-38 5
0.00369549 -0.0982732 0.306877 6.82176e-39 5
0.00870661 -0.0982732 0.306877 4.60907e-39 5
0.0136914 -0.0980846 0.306288 5.43882e-39 5
0.0186929 -0.0980846 0.306288 9.12665e-39 5
0.02374 -0.0982732 0.306877 1.13393e-38 5
0.0286959 -0.0980846 0.306288 3.59491e-39 5
0.0336974 -0.0980846 0.306288 4.79345e-39 5
0.0386248 -0.0978967 0.305701 4.97821e-39 5
0.0436167 -0.0978967 0.305701 1.4935e-38 5
0.0486086 -0.0978967 0.305701 1.19836e-38 5
0.0536005 -0.0978967 0.305701 4.60978e-39 5
0.0584804 -0.0977095 0.305117 4.42539e-39 5
0.0634628 -0.0977095 0.305117 4.88637e-39 5
0.0683145 -0.097523 0.304534 1.84356e-39 5
0.0731478 -0.0973373 0.303954 1.55807e-38 5
0.0781112 -0.0973373 0.303954 1.66867e-38 5
0.0832331 -0.097523 0.304534 1.45666e-38 5
0.088206 -0.097523 0.304534 1.45669e-38 5
0.0931789 -0.097523 0.304534 2.85807e-39 5
0.0985278 -0.0978967 0.305701 2.85807e-39 5
0.10352 -0.0978967 0.305701 2.67404e-39 5
0.10872 -0.0980846 0.306288 2.02975e-39 5
0.113287 -0.0977095 0.305117 2.02867e-39 5
0.118043 -0.097523 0.304534 2.21234e-39 5
0.121623 -0.096419 0.301087 2.48893e-39 5
0.125592 -0.0956967 0.298831 1.93539e-39 5
0.130228 -0.0955179 0.298273 9.31104e-39 5
0.132389 -0.0844662 0.263762 1.06021e-38 5
0.136245 -0.0841879 0.262893 1.13397e-38 5
0.140077 -0.0839114 0.26203 1.18929e-38 5
0.144119 -0.0837739 0.2616 9.77202e-39 5
0.148148 -0.0836368 0.261172 1.10628e-38 5
0.152163 -0.0835001 0.260745 1.09706e-38 5
0.156934 -0.0837739 0.2616 1.09706e-38 5
0.161471 -0.0839114 0.26203 1.08784e-38 5
0.195962 -0.0920758 0.287524 9.31104e-39 5
0.226001 -0.0873539 0.272779 1.29067e-38 5
0.230062 -0.0872049 0.272314 1.1155e-38 5
0.234509 -0.0872049 0.272314 1.04174e-38 5
0.239774 -0.0875035 0.273247 5.16224e-39 5
0.243819 -0.0873539 0.272779 6.26859e-39 5
0.247849 -0.0872049 0.272314 1.26301e-38 5
0.252727 -0.0873539 0.272779 3.7793e-39 5
0.256743 -0.0872049 0.272314 2.30417e-39 5
0.261189 -0.0872049 0.272314 1.22613e-38 5
0.265184 -0.0870563 0.27185 1.13401e-38 5
0.269164 -0.0869083 0.271388 8.94298e-39 5
0.274062 -0.0870563 0.27185 6.72956e-39 5
0.278027 -0.0869083 0.271388 2.58076e-39 5
0.281979 -0.0867607 0.270927 4.88565e-39 5
0.285918 -0.0866137 0.270468 1.09706e-38 5
0.289843 -0.0864671 0.27001 1.05096e-38 5
0.292274 -0.0858858 0.268195 1.12472e-38 5
0.29704 -0.0847464 0.264637 1.02334e-38 5
0.299869 -0.0843268 0.263327 1.06025e-38 5
0.302671 -0.0839114 0.26203 1.09713e-38 5
0.304946 -0.0833639 0.26032 6.82284e-39 5
0.308694 -0.0832281 0.259896 5.6243e-39 5
0.312429 -0.0830928 0.259473 4.14917e-39 5
-0.249623 -0.0872235 0.287007 1.0878e-38 5
-0.245378 -0.0873807 0.287524 4.8853e-39 5
-0.23727 -0.0878556 0.289087 2.12015e-39 5
-0.233395 -0.0881751 0.290138 3.41125e-39 5
-0.228658 -0.0881751 0.290138 4.24065e-39 5
-0.224737 -0.0884969 0.291197 1.11546e-38 5
-0.220788 -0.088821 0.292264 2.94847e-39 5
-0.216809 -0.0891476 0.293338 8.20326e-39 5
-0.213195 -0.0896419 0.294965 1.05078e-38 5
-0.209152 -0.0899745 0.296059 9.77094e-39 5
-0.204697 -0.0901418 0.29661 9.77095e-39 5
-0.200599 -0.0904781 0.297716 4.33212e-39 5
-0.196471 -0.090817 0.298831 2.76408e-39 5
-0.191951 -0.0909874 0.299392 8.29582e-39 5
-0.187413 -0.0911584 0.299955 1.17071e-38 5
-0.182859 -0.0913301 0.30052 1.00472e-38 5
-0.178287 -0.0915024 0.301087 1.36432e-38 5
-0.173371 -0.0915024 0.301087 9.30997e-39 5
-0.168773 -0.0916754 0.301656 1.17992e-38 5
-0.164157 -0.091849 0.302227 1.02319e-38 5
-0.159524 -0.0920233 0.302801 8.38801e-39 5
-0.154579 -0.0920233 0.302801 1.32744e-38 5
-0.149919 -0.0921982 0.303376 5.52995e-39 5
-0.145242 -0.0923739 0.303954 4.60799e-39 5
-0.140546 -0.0925502 0.304534 3.50236e-39 5
-0.135832 -0.0927271 0.305117 1.18003e-38 5
-0.13085 -0.0927271 0.305117 1.03252e-38 5
-0.126109 -0.0929047 0.305701 3.7793e-39 5
-0.121117 -0.0929047 0.305701 1.751e-39 5
-0.115903 -0.0927271 0.305117 4.24029e-39 5
-0.11092 -0.0927271 0.305117 1.42896e-38 5
-0.105938 -0.0927271 0.305117 1.29067e-38 5
-0.100956 -0.0927271 0.305117 7.83591e-39 5
-0.0959732 -0.0927271 0.305117 6.17639e-39 5
-0.0911651 -0.0929047 0.305701 1.18925e-38 5
-0.0861732 -0.0929047 0.305701 1.17081e-38 5
-0.0813371 -0.0930831 0.306288 1.70544e-38 5
-0.0714713 -0.0932621 0.306877 2.39709e-39 5
-0.0664602 -0.0932621 0.306877 2.49e-39 5
-0.0613311 -0.0930831 0.306288 2.76587e-39 5
-0.0564379 -0.0932621 0.306877 2.58148e-39 5
-0.0514268 -0.0932621 0.306877 8.02102e-39 5
-0.0463266 -0.0930831 0.306288 1.41063e-38 5
-0.0414046 -0.0932621 0.306877 2.58076e-39 5
-0.0363935 -0.0932621 0.306877 4.79238e-39 5
-0.0313823 -0.0932621 0.306877 4.60799e-39 5
-0.0263712 -0.0932621 0.306877 4.42467e-39 5
-0.0213191 -0.0930831 0.306288 4.60907e-39 5
-0.0162863 -0.0929047 0.305701 5.06896e-39 5
-0.0113161 -0.0930831 0.306288 5.43775e-39 5
-0.0063146 -0.0930831 0.306288 1.32755e-38 5
-0.0013131 -0.0930831 0.306288 5.71541e-39 5
0.0036884 -0.0930831 0.306288 8.57348e-39 5
0.0086899 -0.0930831 0.306288 1.65012e-38 5
0.0136652 -0.0929047 0.305701 1.5764e-38 5
0.0186929 -0.0930831 0.306288 1.6225e-38 5
0.0236944 -0.0930831 0.306288 1.29067e-38 5
0.0286959 -0.0930831 0.306288 4.14808e-39 5
0.0336974 -0.0930831 0.306288 1.3184e-38 5
0.0386248 -0.0929047 0.305701 1.48428e-38 5
0.0436167 -0.0929047 0.305701 4.97785e-39 5
0.0486086 -0.0929047 0.305701 1.41974e-38 5
0.053498 -0.0927271 0.305117 1.5396e-38 5
0.0584804 -0.0927271 0.305117 5.99272e-39 5
0.0633417 -0.0925502 0.304534 3.87222e-39 5
0.0681844 -0.0923739 0.303954 1.56733e-38 5
0.0730088 -0.0921982 0.303376 1.1801e-38 5
0.0779627 -0.0921982 0.303376 9.58835e-39 5
0.0830746 -0.0923739 0.303954 1.79782e-38 5
0.088038 -0.0923739 0.303954 3.7793e-39 5
0.0930014 -0.0923739 0.303954 1.9176e-38 5
0.0983394 -0.0927271 0.305117 1.13401e-38 5
0.103322 -0.0927271 0.305117 2.48928e-39 5
0.108304 -0.0927271 0.305117 2.85806e-39 5
0.112855 -0.0923739 0.303954 2.1205e-39 5
0.117371 -0.0920233 0.302801 2.39745e-39 5
0.121166 -0.0911584 0.299955 1.47513e-39 5
0.125357 -0.0906473 0.298273 1.3552e-38 5
0.129985 -0.0904781 0.297716 9.77094e-39 5
0.132135 -0.0886586 0.291729 6.91396e-39 5
0.13217 -0.0800269 0.263327 7.65189e-39 5
0.135798 -0.0796326 0.26203 1.0049e-38 5
0.139847 -0.0795021 0.2616 9.21921e-39 5
0.143883 -0.079372 0.261172 7.92811e-39 5
0.148148 -0.079372 0.261172 9.40216e-39 5
0.152412 -0.079372 0.261172 9.95497e-39 5
0.156934 -0.0795021 0.2616 1.05096e-38 5
0.161206 -0.0795021 0.2616 1.09713e-38 5
0.189898 -0.0867554 0.285467 9.49543e-39 5
0.226388 -0.0830416 0.273247 1.32755e-38 5
0.230062 -0.0827582 0.272314 1.39201e-38 5
0.234509 -0.0827582 0.272314 1.45655e-38 5
0.239364 -0.0828996 0.272779 5.80761e-39 5
0.243819 -0.0828996 0.272779 8.48128e-39 5
0.247849 -0.0827582 0.272314 8.66639e-39 5
0.252296 -0.0827582 0.272314 1.12479e-38 5
0.256743 -0.0827582 0.272314 1.26308e-38 5
0.261189 -0.0827582 0.272314 1.01415e-38 5
0.264733 -0.0824767 0.271388 5.34735e-39 5
0.268252 -0.0821971 0.270468 1.40137e-38 5
0.273131 -0.0823366 0.270927 1.32762e-38 5
0.277085 -0.0821971 0.270468 7.83663e-39 5
0.281025 -0.082058 0.27001 4.05625e-39 5
0.285434 -0.082058 0.27001 3.59492e-39 5
0.290335 -0.0821971 0.270468 3.04066e-39 5
0.293756 -0.0819194 0.269554 6.4519e-39 5
0.294673 -0.0809621 0.266404 7.55969e-39 5
0.297533 -0.0805586 0.265076 8.66639e-39 5
0.299869 -0.0800269 0.263327 1.26308e-38 5
0.302174 -0.0795021 0.2616 1.23535e-38 5
0.30445 -0.0789842 0.259896 1.01419e-38 5
0.311416 -0.0786001 0.258632 5.07113e-39 5
0.313606 -0.0780938 0.256966 2.58113e-39 5
0.314761 -0.0773465 0.254507 4.14845e-39 5
-0.250524 -0.0828348 0.288043 4.05554e-39 5
-0.246265 -0.0829846 0.288564 2.85699e-39 5
-0.241991 -0.083135 0.289087 6.63737e-39 5
-0.238133 -0.0834373 0.290138 9.4036e-39 5
-0.234247 -0.0837418 0.291197 7.37566e-39 5
-0.230333 -0.0840485 0.292264 1.11553e-38 5
-0.226389 -0.0843575 0.293338 7.74336e-39 5
-0.222417 -0.0846688 0.294421 1.11546e-38 5
-0.218012 -0.0848253 0.294965 1.29052e-38 5
-0.213986 -0.0851401 0.296059 4.4236e-39 5
-0.209931 -0.0854572 0.297162 1.13383e-38 5
-0.205845 -0.0857766 0.298273 1.20766e-38 5
-0.201351 -0.0859373 0.298831 1.16156e-38 5
-0.197209 -0.0862603 0.299955 1.28134e-38 5
-0.192311 -0.0862603 0.299955 1.20758e-38 5
-0.187766 -0.0864228 0.30052 3.40945e-39 5
-0.18355 -0.0867495 0.301656 9.77059e-39 5
-0.178624 -0.0867495 0.301656 1.25368e-38 5
-0.174027 -0.0869138 0.302227 1.28134e-38 5
-0.169092 -0.0869138 0.302227 1.3551e-38 5
-0.164469 -0.0870787 0.302801 8.75679e-39 5
-0.159827 -0.0872443 0.303376 1.28134e-38 5
-0.154873 -0.0872443 0.303376 4.97677e-39 5
-0.150205 -0.0874105 0.303954 8.38801e-39 5
-0.145519 -0.0875773 0.304534 6.63629e-39 5
-0.140815 -0.0877447 0.305117 1.36439e-38 5
-0.136092 -0.0879128 0.305701 6.91396e-39 5
-0.1311 -0.0879128 0.305701 9.21885e-39 5
-0.126351 -0.0880816 0.306288 1.18003e-38 5
-0.121349 -0.0880816 0.306288 1.41974e-38 5
-0.116348 -0.0880816 0.306288 1.38286e-38 5
-0.111346 -0.0880816 0.306288 1.20769e-38 5
-0.106141 -0.0879128 0.305701 1.33677e-38 5
-0.101149 -0.0879128 0.305701 1.55803e-38 5
-0.0959732 -0.0877447 0.305117 1.79774e-38 5
-0.0911651 -0.0879128 0.305701 8.48128e-39 5
-0.0861732 -0.0879128 0.305701 1.51194e-38 5
-0.0814935 -0.0882509 0.306877 1.06007e-38 5
-0.0766298 -0.088421 0.307468 4.79346e-39 5
-0.071609 -0.088421 0.307468 1.56733e-39 5
-0.0665882 -0.088421 0.307468 5.16332e-39 5
-0.0614491 -0.0882509 0.306877 8.48128e-39 5
-0.0565467 -0.088421 0.307468 9.58763e-39 5
-0.0514268 -0.0882509 0.306877 1.38293e-38 5
-0.0464157 -0.0882509 0.306877 3.31905e-39 5
-0.0414046 -0.0882509 0.306877 1.56725e-38 5
-0.0364636 -0.088421 0.307468 1.27212e-38 5
-0.0314428 -0.088421 0.307468 4.05481e-39 5
-0.0213191 -0.0880816 0.306288 4.88565e-39 5
-0.0162863 -0.0879128 0.305701 5.71433e-39 5
-0.0112944 -0.0879128 0.305701 1.5764e-38 5
-0.0063146 -0.0880816 0.306288 4.51687e-39 5
-0.0013131 -0.0880816 0.306288 1.63179e-38 5
0.0036884 -0.0880816 0.306288 1.64101e-38 5
0.00870661 -0.0882509 0.306877 9.67875e-39 5
0.0137177 -0.0882509 0.306877 1.49343e-38 5
0.0187289 -0.0882509 0.306877 1.05089e-38 5
0.02374 -0.0882509 0.306877 3.96369e-39 5
0.0287511 -0.0882509 0.306877 1.84384e-38 5
0.0337622 -0.0882509 0.306877 1.68711e-38 5
0.0386989 -0.0880816 0.306288 4.70126e-39 5
0.0437004 -0.0880816 0.306288 4.97785e-39 5
0.0487019 -0.0880816 0.306288 5.25443e-39 5
0.0536005 -0.0879128 0.305701 6.91395e-39 5
0.0585924 -0.0879128 0.305701 1.75172e-38 5
0.0634628 -0.0877447 0.305117 1.7886e-38 5
0.0684452 -0.0877447 0.305117 3.68783e-39 5
0.0732874 -0.0875773 0.304534 1.43825e-38 5
0.0782603 -0.0875773 0.304534 1.43825e-38 5
0.0832331 -0.0875773 0.304534 3.87222e-39 5
0.088206 -0.0875773 0.304534 1.71477e-38 5
0.0931789 -0.0875773 0.304534 8.57348e-39 5
0.0983394 -0.0877447 0.305117 1.20776e-38 5
0.103322 -0.0877447 0.305117 1.6042e-38 5
0.108097 -0.0875773 0.304534 6.08491e-39 5
0.112427 -0.0870787 0.302801 1.84391e-39 5
0.116487 -0.0864228 0.30052 1.00497e-38 5
0.120712 -0.0859373 0.298831 1.62264e-38 5
0.123057 -0.0842027 0.2928 2.39637e-39 5
0.131303 -0.0752303 0.2616 1.16163e-38 5
0.135353 -0.0751072 0.261172 1.29992e-38 5
0.13939 -0.0749845 0.260745 1.35524e-38 5
0.143648 -0.0749845 0.260745 1.41974e-38 5
0.148148 -0.0751072 0.261172 1.27212e-38 5
0.152412 -0.0751072 0.261172 1.43804e-38 5
0.157192 -0.0753539 0.26203 1.30911e-38 5
0.161736 -0.0754778 0.262461 1.21698e-38 5
0.19058 -0.0823887 0.286492 1.20769e-38 5
0.19667 -0.0829846 0.288564 1.21691e-38 5
0.226001 -0.0784453 0.272779 2.76407e-39 5
0.230062 -0.0783114 0.272314 1.49343e-38 5
0.234509 -0.0783114 0.272314 1.36435e-38 5
0.238956 -0.0783114 0.272314 9.21885e-39 5
0.243403 -0.0783114 0.272314 1.27223e-38 5
0.247849 -0.0783114 0.272314 7.92883e-39 5
0.252727 -0.0784453 0.272779 1.01415e-38 5
0.256743 -0.0783114 0.272314 5.34735e-39 5
0.261189 -0.0783114 0.272314 4.14881e-39 5
0.264733 -0.0780451 0.271388 4.97785e-39 5
0.267798 -0.0776489 0.27001 1.08784e-38 5
0.272207 -0.0776489 0.27001 1.12472e-38 5
0.276149 -0.0775177 0.269554 1.30911e-38 5
0.280077 -0.077387 0.269099 5.1626e-39 5
0.284472 -0.077387 0.269099 3.68675e-39 5
0.290335 -0.0777805 0.270468 3.87043e-39 5
0.292766 -0.0772567 0.268646 7.0058e-39 5
0.296548 -0.0759776 0.264199 1.04181e-38 5
0.297903 -0.0752303 0.2616 1.00493e-38 5
0.300206 -0.0747402 0.259896 1.07862e-38 5
0.302969 -0.0743768 0.258632 1.21702e-38 5
0.306696 -0.0742565 0.258214 6.45406e-39 5
0.30941 -0.0738977 0.256966 7.2831e-39 5
0.311599 -0.0734248 0.255322 5.1626e-39 5
0.31376 -0.0729579 0.253698 1.0049e-38 5
-0.251432 -0.0784143 0.289087 7.4657e-39 5
-0.247609 -0.0786995 0.290138 1.1339e-38 5
-0.243313 -0.0788428 0.290667 8.85007e-39 5
-0.235537 -0.0794215 0.2928 1.06943e-38 5
-0.232033 -0.0798611 0.294421 1.0049e-38 5
-0.227645 -0.0800087 0.294965 1.06021e-38 5
-0.223655 -0.0803056 0.296059 8.48093e-39 5
-0.219227 -0.0804549 0.29661 2.39602e-39 5
-0.215184 -0.0807551 0.297716 1.04163e-38 5
-0.210715 -0.080906 0.298273 1.12468e-38 5
-0.206617 -0.0812096 0.299392 1.56661e-39 5
-0.202107 -0.0813622 0.299955 1.34602e-38 5
-0.197581 -0.0815155 0.30052 1.09695e-38 5
-0.193037 -0.0816693 0.301087 4.60799e-39 5
-0.188476 -0.0818237 0.301656 1.11539e-38 5
-0.183898 -0.0819786 0.302227 1.28134e-38 5
-0.178963 -0.0819786 0.302227 1.28134e-38 5
-0.174358 -0.0821342 0.302801 8.48021e-39 5
-0.169735 -0.0822903 0.303376 8.84899e-39 5
-0.164781 -0.0822903 0.303376 1.07851e-38 5
-0.160132 -0.0824471 0.303954 5.25336e-39 5
-0.155168 -0.0824471 0.303954 1.04163e-38 5
-0.150492 -0.0826044 0.304534 1.52105e-38 5
-0.145797 -0.0827624 0.305117 1.47495e-38 5
-0.141084 -0.0829209 0.305701 1.18914e-38 5
-0.136354 -0.0830801 0.306288 1.42885e-38 5
-0.131352 -0.0830801 0.306288 1.57637e-38 5
-0.126351 -0.0830801 0.306288 1.29056e-38 5
-0.121582 -0.0832398 0.306877 1.43818e-38 5
-0.116571 -0.0832398 0.306877 3.22613e-39 5
-0.111346 -0.0830801 0.306288 7.46713e-39 5
-0.101343 -0.0830801 0.306288 4.33248e-39 5
-0.0961571 -0.0829209 0.305701 4.24028e-39 5
-0.0913401 -0.0830801 0.306288 1.55803e-38 5
-0.0863386 -0.0830801 0.306288 1.53038e-38 5
-0.0814935 -0.0832398 0.306877 9.12665e-39 5
-0.0766298 -0.0834002 0.307468 1.41974e-38 5
-0.071609 -0.0834002 0.307468 1.57647e-38 5
-0.0667168 -0.0835612 0.308062 1.64108e-38 5
-0.0615675 -0.0834002 0.307468 1.85306e-38 5
-0.0565467 -0.0834002 0.307468 1.42896e-38 5
-0.0515259 -0.0834002 0.307468 1.04174e-38 5
-0.0464157 -0.0832398 0.306877 4.88602e-39 5
-0.0414046 -0.0832398 0.306877 3.59491e-39 5
-0.0363935 -0.0832398 0.306877 6.82068e-39 5
-0.0313221 -0.0830801 0.306288 8.20362e-39 5
-0.0262702 -0.0829209 0.305701 5.07004e-39 5
-0.0212376 -0.0827624 0.305117 1.32755e-38 5
-0.0162552 -0.0827624 0.305117 1.55793e-38 5
-0.0112944 -0.0829209 0.305701 1.5303e-38 5
-0.0063146 -0.0830801 0.306288 1.67789e-38 5
-0.00131563 -0.0832398 0.306877 5.8998e-39 5
0.00369549 -0.0832398 0.306877 6.72956e-39 5
0.00872339 -0.0834002 0.307468 5.71433e-39 5
0.0137177 -0.0832398 0.306877 9.7713e-39 5
0.0187289 -0.0832398 0.306877 1.01401e-38 5
0.02374 -0.0832398 0.306877 1.51186e-38 5
0.0287511 -0.0832398 0.306877 5.34663e-39 5
0.0337622 -0.0832398 0.306877 2.05589e-38 5
0.0386989 -0.0830801 0.306288 1.62257e-38 5
0.0436167 -0.0829209 0.305701 3.9637e-39 5
0.0486086 -0.0829209 0.305701 1.31833e-38 5
0.0537034 -0.0830801 0.306288 1.64101e-38 5
0.0587049 -0.0830801 0.306288 4.51687e-39 5
0.0637064 -0.0830801 0.306288 1.06018e-38 5
0.0685763 -0.0829209 0.305701 1.69633e-38 5
0.0735682 -0.0829209 0.305701 3.9637e-39 5
0.0785601 -0.0829209 0.305701 3.87222e-39 5
0.0833923 -0.0827624 0.305117 4.42539e-39 5
0.088206 -0.0826044 0.304534 4.51687e-39 5
0.0931789 -0.0826044 0.304534 1.97291e-38 5
0.0981517 -0.0826044 0.304534 1.0694e-38 5
0.103125 -0.0826044 0.304534 4.05589e-39 5
0.107892 -0.0824471 0.303954 1.51194e-38 5
0.112214 -0.0819786 0.302227 1.34598e-38 5
0.11605 -0.0812096 0.299392 1.45669e-38 5
0.121497 -0.0784143 0.289087 1.751e-39 5
0.125309 -0.0778502 0.287007 2.3031e-39 5
0.12766 -0.0713092 0.262893 1.57647e-38 5
0.131089 -0.0708424 0.261172 1.5119e-38 5
0.135132 -0.0707267 0.260745 1.18929e-38 5
0.138936 -0.0704963 0.259896 1.40134e-38 5
0.143413 -0.0706113 0.26032 9.49544e-39 5
0.147906 -0.0707267 0.260745 1.03241e-38 5
0.152412 -0.0708424 0.261172 9.49436e-39 5
0.157192 -0.0710751 0.26203 1.14315e-38 5
0.161471 -0.0710751 0.26203 1.29996e-38 5
0.186571 -0.0779905 0.287524 8.5724e-39 5
0.191612 -0.0781313 0.288043 1.42885e-38 5
0.197027 -0.0784143 0.289087 9.21885e-39 5
0.202113 -0.0785566 0.289612 7.92811e-39 5
0.22928 -0.0736135 0.271388 3.68603e-39 5
0.234509 -0.0738647 0.272314 1.3551e-38 5
0.238549 -0.0737389 0.27185 1.4013e-38 5
0.243403 -0.0738647 0.272314 1.27223e-38 5
0.247849 -0.0738647 0.272314 9.03446e-39 5
0.252727 -0.073991 0.272779 1.27223e-38 5
0.257622 -0.0741177 0.273247 9.03446e-39 5
0.262084 -0.0741177 0.273247 6.45298e-39 5
0.265184 -0.0737389 0.27185 1.24457e-38 5
0.267798 -0.0732398 0.27001 9.95641e-39 5
0.272207 -0.0732398 0.27001 6.17639e-39 5
0.276149 -0.0731161 0.269554 1.24453e-38 5
0.279606 -0.0728699 0.268646 5.80797e-39 5
0.283515 -0.0727474 0.268195 5.52995e-39 5
0.287895 -0.0727474 0.268195 8.11142e-39 5
0.291295 -0.0725037 0.267296 9.03446e-39 5
0.296058 -0.071545 0.263762 3.50344e-39 5
0.295962 -0.0704963 0.259896 6.08456e-39 5
0.298263 -0.07004 0.258214 8.75787e-39 5
0.301504 -0.0698141 0.257381 1.29992e-38 5
0.305706 -0.0698141 0.257381 8.38945e-39 5
0.307923 -0.0693665 0.255731 9.86422e-39 5
0.310605 -0.0690346 0.254507 8.75787e-39 5
0.31376 -0.0688151 0.253698 1.08784e-38 5
-0.252346 -0.0739617 0.290138 1.24443e-38 5
-0.248512 -0.0742316 0.291197 9.31069e-39 5
-0.24465 -0.0745035 0.292264 6.63737e-39 5
-0.24076 -0.0747774 0.293338 1.10628e-38 5
-0.23684 -0.0750534 0.294421 6.9136e-39 5
-0.232892 -0.0753314 0.295511 2.48893e-39 5
-0.22849 -0.0754711 0.296059 2.85771e-39 5
-0.224071 -0.0756114 0.29661 2.48893e-39 5
-0.219636 -0.0757522 0.297162 9.86386e-39 5
-0.215586 -0.0760354 0.298273 1.0878e-38 5
-0.21111 -0.0761778 0.298831 3.41017e-39 5
-0.207006 -0.0764642 0.299955 3.0421e-39 5
-0.202488 -0.0766082 0.30052 4.14881e-39 5
-0.197954 -0.0767527 0.301087 8.01922e-39 5
-0.193402 -0.0768978 0.301656 1.11539e-38 5
-0.188833 -0.0770434 0.302227 1.18914e-38 5
-0.184247 -0.0771896 0.302801 6.91288e-39 5
-0.179302 -0.0771896 0.302801 5.34555e-39 5
-0.174689 -0.0773364 0.303376 7.46605e-39 5
-0.170059 -0.0774837 0.303954 9.95534e-39 5
-0.16541 -0.0776316 0.304534 8.84899e-39 5
-0.160744 -0.07778 0.305117 1.28134e-38 5
-0.155762 -0.07778 0.305117 8.38801e-39 5
-0.151068 -0.077929 0.305701 1.38276e-38 5
-0.146357 -0.0780786 0.306288 1.04163e-38 5
-0.141355 -0.0780786 0.306288 1.309e-38 5
-0.136616 -0.0782287 0.306877 1.309e-38 5
-0.131352 -0.0780786 0.306288 8.38801e-39 5
-0.126594 -0.0782287 0.306877 1.41041e-38 5
-0.121817 -0.0783795 0.307468 6.72921e-39 5
-0.116796 -0.0783795 0.307468 2.94919e-39 5
-0.11156 -0.0782287 0.306877 3.13394e-39 5
-0.106345 -0.0780786 0.306288 3.59492e-39 5
-0.101538 -0.0782287 0.306877 1.93539e-39 5
-0.0963416 -0.0780786 0.306288 1.63179e-38 5
-0.0916921 -0.0783795 0.307468 7.65152e-39 5
-0.0866713 -0.0783795 0.307468 1.33677e-38 5
-0.0816506 -0.0783795 0.307468 1.62254e-38 5
-0.0767777 -0.0785308 0.308062 1.43818e-38 5
-0.0717472 -0.0785308 0.308062 6.17639e-39 5
-0.0616863 -0.0785308 0.308062 1.49339e-38 5
-0.0515259 -0.0783795 0.307468 1.3552e-38 5
-0.0464157 -0.0782287 0.306877 1.90838e-38 5
-0.0414046 -0.0782287 0.306877 1.8715e-38 5
-0.0363935 -0.0782287 0.306877 1.94515e-38 5
-0.0313221 -0.0780786 0.306288 1.57637e-38 5
-0.0262702 -0.077929 0.305701 1.63179e-38 5
-0.0212376 -0.07778 0.305117 1.61335e-38 5
-0.0162863 -0.077929 0.305701 1.54871e-38 5
-0.0113161 -0.0780786 0.306288 5.06932e-39 5
-0.0063146 -0.0780786 0.306288 6.45298e-39 5
-0.00131563 -0.0782287 0.306877 5.80761e-39 5
0.00369549 -0.0782287 0.306877 5.71541e-39 5
0.00872339 -0.0783795 0.307468 6.3597e-39 5
0.0137442 -0.0783795 0.307468 8.20397e-39 5
0.0187289 -0.0782287 0.306877 1.77916e-38 5
0.02374 -0.0782287 0.306877 1.64094e-38 5
0.0287511 -0.0782287 0.306877 5.34591e-39 5
0.0337622 -0.0782287 0.306877 5.06896e-39 5
0.0386989 -0.0780786 0.306288 1.56725e-38 5
0.0436167 -0.077929 0.305701 1.7793e-38 5
0.0486086 -0.077929 0.305701 5.992e-39 5
0.0536005 -0.077929 0.305701 5.34663e-39 5
0.0585924 -0.077929 0.305701 3.04174e-39 5
0.0637064 -0.0780786 0.306288 1.72399e-38 5
0.0685763 -0.077929 0.305701 1.73321e-38 5
0.0737094 -0.0780786 0.306288 5.07004e-39 5
0.0787109 -0.0780786 0.306288 4.70198e-39 5
0.0837124 -0.0780786 0.306288 3.59563e-39 5
0.0883747 -0.07778 0.305117 2.76515e-39 5
0.093357 -0.07778 0.305117 2.58076e-39 5
0.0983394 -0.07778 0.305117 1.54881e-38 5
0.103125 -0.0776316 0.304534 1.65945e-38 5
0.107686 -0.0773364 0.303376 1.28145e-38 5
0.112214 -0.0770434 0.302227 1.32755e-38 5
0.116268 -0.0764642 0.299955 3.50343e-39 5
0.123774 -0.0672379 0.263762 9.77094e-39 5
0.12766 -0.0670164 0.262893 1.38276e-38 5
0.130874 -0.0664688 0.260745 1.50272e-38 5
0.134912 -0.0663604 0.26032 1.3829e-38 5
0.13871 -0.0661446 0.259473 1.2907e-38 5
0.14318 -0.0662523 0.259896 1.06018e-38 5
0.147664 -0.0663604 0.26032 1.34588e-38 5
0.152163 -0.0664688 0.260745 1.309e-38 5
0.156677 -0.0665776 0.261172 1.27226e-38 5
0.161206 -0.0666868 0.2616 1.44744e-38 5
0.188955 -0.0742316 0.291197 1.67778e-38 5
0.19371 -0.0742316 0.291197 1.1707e-38 5
0.198465 -0.0742316 0.291197 1.15227e-38 5
0.227347 -0.0685985 0.269099 3.31689e-39 5
0.233711 -0.0691819 0.271388 1.22602e-38 5
0.238956 -0.069418 0.272314 9.95641e-39 5
0.243819 -0.0695366 0.272779 1.45662e-38 5
0.248273 -0.0695366 0.272779 3.22613e-39 5
0.25316 -0.0696557 0.273247 1.10628e-38 5
0.258064 -0.0697752 0.273715 1.3552e-38 5
0.262533 -0.0697752 0.273715 1.01408e-38 5
0.26609 -0.0695366 0.272779 1.2629e-38 5
0.268707 -0.0690644 0.270927 8.48021e-39 5
0.272668 -0.0689473 0.270468 7.37386e-39 5
0.277085 -0.0689473 0.270468 1.29974e-38 5
0.280077 -0.0685985 0.269099 2.30382e-39 5
0.283993 -0.068483 0.268646 8.29582e-39 5
0.287895 -0.068368 0.268195 1.15227e-38 5
0.290808 -0.068025 0.266849 8.20541e-39 5
0.293631 -0.0666868 0.2616 5.53174e-39 5
0.294523 -0.0659302 0.258632 8.20506e-39 5
0.296822 -0.0655055 0.256966 7.92775e-39 5
0.301018 -0.0655055 0.256966 1.00483e-38 5
0.305214 -0.0655055 0.256966 1.23535e-38 5
0.307923 -0.0651906 0.255731 1.10617e-38 5
0.311101 -0.0649823 0.254914 7.92703e-39 5
0.31426 -0.0647754 0.254102 7.37494e-39 5
-0.25373 -0.0696036 0.291729 8.84863e-39 5
-0.24988 -0.069859 0.2928 7.28239e-39 5
-0.246456 -0.0702457 0.294421 1.19844e-38 5
-0.242543 -0.0705058 0.295511 1.17078e-38 5
-0.238159 -0.0706366 0.296059 9.12665e-39 5
-0.233758 -0.0707679 0.29661 1.00483e-38 5
-0.229341 -0.0708997 0.297162 6.45334e-39 5
-0.224907 -0.071032 0.297716 1.02334e-38 5
-0.22087 -0.071298 0.298831 1.05092e-38 5
-0.216395 -0.0714318 0.299392 2.857e-39 5
-0.212303 -0.0717008 0.30052 6.63702e-39 5
-0.207787 -0.0718361 0.301087 8.75751e-39 5
-0.203639 -0.0721082 0.302227 7.55933e-39 5
-0.19908 -0.0722451 0.302801 1.21691e-38 5
-0.194505 -0.0723824 0.303376 4.88458e-39 5
-0.189551 -0.0723824 0.303376 1.08773e-38 5
-0.184597 -0.0723824 0.303376 1.30893e-38 5
-0.179643 -0.0723824 0.303376 6.91288e-39 5
-0.175022 -0.0725203 0.303954 1.19836e-38 5
-0.170383 -0.0726587 0.304534 1.33666e-38 5
-0.16541 -0.0726587 0.304534 1.28134e-38 5
-0.160744 -0.0727976 0.305117 7.92703e-39 5
-0.155762 -0.0727976 0.305117 1.309e-38 5
-0.151068 -0.0729371 0.305701 1.44729e-38 5
-0.146357 -0.0730771 0.306288 1.12461e-38 5
-0.141627 -0.0732176 0.306877 5.71362e-39 5
-0.136616 -0.0732176 0.306877 5.80653e-39 5
-0.131605 -0.0732176 0.306877 1.61324e-38 5
-0.126838 -0.0733587 0.307468 3.50164e-39 5
-0.122052 -0.0735003 0.308062 8.94226e-39 5
-0.116796 -0.0733587 0.307468 1.43818e-38 5
-0.111775 -0.0733587 0.307468 1.19844e-38 5
-0.106754 -0.0733587 0.307468 7.65117e-39 5
-0.101734 -0.0733587 0.307468 1.53023e-38 5
-0.0967129 -0.0733587 0.307468 1.48424e-38 5
-0.0918691 -0.0735003 0.308062 1.12475e-38 5
-0.0819664 -0.0736425 0.308658 2.85699e-39 5
-0.0769262 -0.0736425 0.308658 3.13394e-39 5
-0.0717472 -0.0735003 0.308062 6.0842e-39 5
-0.0668458 -0.0736425 0.308658 1.67789e-38 5
-0.0616863 -0.0735003 0.308062 1.687e-38 5
-0.0564379 -0.0732176 0.306877 1.36432e-38 5
-0.0514268 -0.0732176 0.306877 2.11978e-39 5
-0.0464157 -0.0732176 0.306877 4.05589e-39 5
-0.0413251 -0.0730771 0.306288 8.11142e-39 5
-0.0363935 -0.0732176 0.306877 1.31822e-38 5
-0.0313221 -0.0730771 0.306288 1.48417e-38 5
-0.0262702 -0.0729371 0.305701 6.36078e-39 5
-0.0212783 -0.0729371 0.305701 1.61335e-38 5
-0.0163176 -0.0730771 0.306288 1.15237e-38 5
-0.0113379 -0.0732176 0.306877 3.7793e-39 5
-0.00633894 -0.0733587 0.307468 5.71541e-39 5
-0.00131816 -0.0733587 0.307468 6.17531e-39 5
0.00370976 -0.0735003 0.308062 6.63629e-39 5
0.00874023 -0.0735003 0.308062 9.67875e-39 5
0.0137442 -0.0733587 0.307468 1.53027e-38 5
0.0187289 -0.0732176 0.306877 6.91288e-39 5
0.02374 -0.0732176 0.306877 5.16116e-39 5
0.0287511 -0.0732176 0.306877 1.70555e-38 5
0.0336974 -0.0730771 0.306288 1.56725e-38 5
0.0386989 -0.0730771 0.306288 4.42467e-39 5
0.0437004 -0.0730771 0.306288 6.08419e-39 5
0.0486086 -0.0729371 0.305701 1.89916e-38 5
0.0537034 -0.0730771 0.306288 1.41052e-38 5
0.0587049 -0.0730771 0.306288 1.40119e-38 5
0.0637064 -0.0730771 0.306288 6.26859e-39 5
0.0687079 -0.0730771 0.306288 1.65945e-38 5
0.0738512 -0.0732176 0.306877 1.43807e-38 5
0.0788623 -0.0732176 0.306877 3.77931e-39 5
0.0837124 -0.0730771 0.306288 3.31833e-39 5
0.088544 -0.0729371 0.305701 1.58569e-38 5
0.0935359 -0.0729371 0.305701 1.48428e-38 5
0.0983394 -0.0727976 0.305117 3.68783e-39 5
0.103322 -0.0727976 0.305117 1.64108e-38 5
0.107686 -0.0723824 0.303376 1.69633e-38 5
0.112214 -0.0721082 0.302227 1.33677e-38 5
0.116268 -0.0715661 0.299955 7.00687e-39 5
0.120063 -0.0632444 0.265076 9.77094e-39 5
0.123774 -0.0629308 0.263762 1.70544e-38 5
0.12766 -0.0627235 0.262893 1.0694e-38 5
0.131089 -0.0623128 0.261172 1.09706e-38 5
0.134912 -0.0621095 0.26032 1.32755e-38 5
0.13871 -0.0619076 0.259473 1.41049e-38 5
0.14318 -0.0620084 0.259896 1.54871e-38 5
0.147664 -0.0621095 0.26032 1.51183e-38 5
0.152163 -0.062211 0.260745 1.65023e-38 5
0.156421 -0.062211 0.260745 1.51194e-38 5
0.183197 -0.0690983 0.289612 3.22469e-39 5
0.18861 -0.06935 0.290667 1.35502e-38 5
0.193357 -0.06935 0.290667 1.31822e-38 5
0.198465 -0.0694766 0.291197 1.50264e-38 5
0.220485 -0.0660992 0.277042 2.76408e-39 5
0.230062 -0.0649712 0.272314 6.91288e-39 5
0.235312 -0.0651937 0.273247 1.14305e-38 5
0.239774 -0.0651937 0.273247 2.11979e-39 5
0.244236 -0.0651937 0.273247 1.50272e-38 5
0.248273 -0.0650823 0.272779 1.05096e-38 5
0.25316 -0.0651937 0.273247 4.14809e-39 5
0.257622 -0.0651937 0.273247 6.72993e-39 5
0.262084 -0.0651937 0.273247 1.20773e-38 5
0.26609 -0.0650823 0.272779 1.23524e-38 5
0.268707 -0.0646403 0.270927 1.29971e-38 5
0.273131 -0.0646403 0.270927 1.21673e-38 5
0.277085 -0.0645308 0.270468 1.39205e-38 5
0.280551 -0.0643128 0.269554 1.06004e-38 5
0.284472 -0.0642043 0.269099 7.4657e-39 5
0.287895 -0.0639885 0.268195 8.84971e-39 5
0.291295 -0.0637741 0.267296 8.11286e-39 5
0.294673 -0.0635612 0.266404 4.88673e-39 5
0.29315 -0.0623128 0.261172 5.43991e-39 5
0.30743 -0.060917 0.255322 1.12461e-38 5
0.311101 -0.0608197 0.254914 1.13383e-38 5
0.31376 -0.0605297 0.253698 1.06929e-38 5
-0.254662 -0.0650777 0.2928 9.30961e-39 5
-0.250801 -0.0653174 0.293878 1.14312e-38 5
-0.247369 -0.0656803 0.295511 2.21163e-39 5
-0.242993 -0.0658022 0.296059 8.57312e-39 5
-0.238601 -0.0659245 0.29661 9.86422e-39 5
-0.23463 -0.0661705 0.297716 1.0417e-38 5
-0.230198 -0.0662941 0.298273 1.051e-38 5
-0.225749 -0.0664183 0.298831 6.45334e-39 5
-0.222117 -0.0667935 0.30052 7.0058e-39 5
-0.21762 -0.0669196 0.301087 9.31069e-39 5
-0.213105 -0.0670461 0.301656 1.28141e-38 5
-0.20897 -0.0673005 0.302801 1.00483e-38 5
-0.204413 -0.0674285 0.303376 1.21691e-38 5
-0.199839 -0.0675569 0.303954 9.40288e-39 5
-0.195247 -0.0676858 0.304534 1.16149e-38 5
-0.189912 -0.0675569 0.303954 6.26751e-39 5
-0.184949 -0.0675569 0.303954 8.48021e-39 5
-0.180329 -0.0676858 0.304534 1.33666e-38 5
-0.175691 -0.0678152 0.305117 8.94118e-39 5
-0.170709 -0.0678152 0.305117 8.84899e-39 5
-0.165726 -0.0678152 0.305117 8.94118e-39 5
-0.161052 -0.0679452 0.305701 1.41963e-38 5
-0.15606 -0.0679452 0.305701 9.21777e-39 5
-0.151649 -0.0682065 0.306877 7.83484e-39 5
-0.146638 -0.0682065 0.306877 4.23921e-39 5
-0.1419 -0.0683379 0.307468 8.01851e-39 5
-0.136879 -0.0683379 0.307468 1.53949e-38 5
-0.132113 -0.0684698 0.308062 4.14701e-39 5
-0.127082 -0.0684698 0.308062 3.77895e-39 5
-0.122288 -0.0686023 0.308658 5.34663e-39 5
-0.117248 -0.0686023 0.308658 7.55933e-39 5
-0.112208 -0.0686023 0.308658 8.38873e-39 5
-0.106961 -0.0684698 0.308062 1.30907e-38 5
-0.10193 -0.0684698 0.308062 7.92703e-39 5
-0.0968996 -0.0684698 0.308062 2.48893e-39 5
-0.0920468 -0.0686023 0.308658 3.2265e-39 5
-0.0870066 -0.0686023 0.308658 3.31833e-39 5
-0.0819664 -0.0686023 0.308658 3.04139e-39 5
-0.0770753 -0.0687352 0.309256 1.42893e-38 5
-0.0717472 -0.0684698 0.308062 1.70555e-38 5
-0.0668458 -0.0686023 0.308658 4.05589e-39 5
-0.0616863 -0.0684698 0.308062 4.60871e-39 5
-0.0564379 -0.0682065 0.306877 3.68711e-39 5
-0.0514268 -0.0682065 0.306877 1.47495e-38 5
-0.0463266 -0.0680756 0.306288 1.65934e-38 5
-0.0413251 -0.0680756 0.306288 9.58655e-39 5
-0.0363935 -0.0682065 0.306877 1.55793e-38 5
-0.0313221 -0.0680756 0.306288 6.3597e-39 5
-0.0263206 -0.0680756 0.306288 5.80761e-39 5
-0.0213191 -0.0680756 0.306288 4.24028e-39 5
-0.0163176 -0.0680756 0.306288 1.58569e-38 5
-0.0113597 -0.0683379 0.307468 1.76086e-38 5
-0.00633894 -0.0683379 0.307468 1.36442e-38 5
-0.00131816 -0.0683379 0.307468 8.6646e-39 5
0.00370261 -0.0683379 0.307468 1.04163e-38 5
0.00872339 -0.0683379 0.307468 1.65012e-38 5
0.0137442 -0.0683379 0.307468 1.46573e-38 5
0.0187649 -0.0683379 0.307468 1.51194e-38 5
0.02374 -0.0682065 0.306877 1.4935e-38 5
0.0288065 -0.0683379 0.307468 4.05589e-39 5
0.0337622 -0.0682065 0.306877 1.60413e-38 5
0.0387733 -0.0682065 0.306877 1.20769e-38 5
0.0437844 -0.0682065 0.306877 5.992e-39 5
0.0487019 -0.0680756 0.306288 1.26301e-38 5
0.0538067 -0.0682065 0.306877 1.61335e-38 5
0.0589311 -0.0683379 0.307468 1.65012e-38 5
0.0639519 -0.0683379 0.307468 8.2047e-39 5
0.0691058 -0.0684698 0.308062 5.34663e-39 5
0.0742797 -0.0686023 0.308658 1.93432e-39 5
0.0791668 -0.0684698 0.308062 1.63168e-38 5
0.0841972 -0.0684698 0.308062 1.67789e-38 5
0.0888845 -0.0682065 0.306877 6.36079e-39 5
0.0937154 -0.0680756 0.306288 1.41974e-38 5
0.0983394 -0.0678152 0.305117 1.61339e-38 5
0.103322 -0.0678152 0.305117 3.9637e-39 5
0.107279 -0.067173 0.302227 4.79346e-39 5
0.11137 -0.066668 0.299955 1.94515e-38 5
0.115833 -0.0664183 0.298831 1.39208e-38 5
0.119864 -0.0588182 0.264637 1.90827e-38 5
0.123367 -0.0584306 0.262893 1.62246e-38 5
0.12745 -0.0583345 0.262461 1.55803e-38 5
0.130874 -0.0579532 0.260745 1.79774e-38 5
0.134912 -0.0578587 0.26032 2.00057e-38 5
0.138936 -0.0577644 0.259896 1.59488e-38 5
0.14318 -0.0577644 0.259896 1.37354e-38 5
0.148148 -0.0580481 0.261172 1.32744e-38 5
0.152412 -0.0580481 0.261172 8.38909e-39 5
0.15745 -0.0583345 0.262461 1.09695e-38 5
0.177181 -0.0639052 0.287524 3.96262e-39 5
0.182534 -0.0641363 0.288564 1.20758e-38 5
0.188268 -0.0644861 0.290138 1.47495e-38 5
0.192655 -0.0643691 0.289612 1.66856e-38 5
0.204078 -0.0607318 0.273247 1.41034e-38 5
0.208898 -0.060836 0.273715 1.57637e-38 5
0.213734 -0.0609405 0.274186 1.12475e-38 5
0.217837 -0.060836 0.273715 8.75679e-39 5
0.222689 -0.0609405 0.274186 1.4196e-38 5
0.226001 -0.060628 0.272779 1.17989e-38 5
0.23491 -0.060628 0.272779 1.18914e-38 5
0.239774 -0.0607318 0.273247 1.18003e-38 5
0.244655 -0.060836 0.273715 1.47506e-38 5
0.25316 -0.0607318 0.273247 6.0842e-39 5
0.257182 -0.060628 0.272779 1.12472e-38 5
0.262084 -0.0607318 0.273247 9.4958e-39 5
0.26609 -0.060628 0.272779 5.71434e-39 5
0.269164 -0.0603187 0.271388 5.99021e-39 5
0.273596 -0.0603187 0.271388 1.41956e-38 5
0.278027 -0.0603187 0.271388 1.26297e-38 5
0.281502 -0.0601142 0.270468 1.53945e-38 5
0.285434 -0.0600125 0.27001 1.14312e-38 5
0.28838 -0.0597094 0.268646 3.31869e-39 5
0.291295 -0.0594093 0.267296 4.79382e-39 5
0.292671 -0.0579532 0.260745 3.87186e-39 5
0.305214 -0.0571133 0.256966 1.07851e-38 5
0.30743 -0.0567478 0.255322 1.00475e-38 5
0.310605 -0.0565668 0.254507 5.06897e-39 5
0.313262 -0.0562974 0.253295 1.18914e-38 5
-0.256545 -0.0607423 0.294965 6.82141e-39 5
-0.252662 -0.0609677 0.296059 6.45263e-39 5
-0.24875 -0.0611948 0.297162 1.0878e-38 5
-0.244353 -0.0613089 0.297716 1.09702e-38 5
-0.239939 -0.0614235 0.298273 7.0058e-39 5
-0.235509 -0.0615386 0.298831 1.07858e-38 5
-0.231062 -0.061654 0.299392 1.27226e-38 5
-0.226598 -0.0617699 0.299955 1.12475e-38 5
-0.222536 -0.062003 0.301087 1.17078e-38 5
-0.218031 -0.0621202 0.301656 7.28239e-39 5
-0.213509 -0.0622379 0.302227 4.05554e-39 5
-0.209367 -0.0624745 0.303376 1.24453e-38 5
-0.204802 -0.0625935 0.303954 8.94226e-39 5
-0.20022 -0.062713 0.304534 8.94191e-39 5
-0.195247 -0.062713 0.304534 6.9136e-39 5
-0.190275 -0.062713 0.304534 1.10617e-38 5
-0.185302 -0.062713 0.304534 9.95534e-39 5
-0.180674 -0.0628329 0.305117 1.04163e-38 5
-0.176028 -0.0629532 0.305701 7.92703e-39 5
-0.171036 -0.0629532 0.305701 9.95534e-39 5
-0.166363 -0.0630741 0.306288 1.309e-38 5
-0.161671 -0.0631954 0.306877 6.91288e-39 5
-0.15666 -0.0631954 0.306877 1.309e-38 5
-0.151941 -0.0633171 0.307468 1.53949e-38 5
-0.146921 -0.0633171 0.307468 1.38276e-38 5
-0.1419 -0.0633171 0.307468 1.56707e-38 5
-0.137143 -0.0634394 0.308062 1.16149e-38 5
-0.132368 -0.0635621 0.308658 1.20758e-38 5
-0.127328 -0.0635621 0.308658 1.34595e-38 5
-0.122525 -0.0636852 0.309256 1.74239e-38 5
-0.117475 -0.0636852 0.309256 7.46678e-39 5
-0.112425 -0.0636852 0.309256 1.09702e-38 5
-0.107375 -0.0636852 0.309256 1.23535e-38 5
-0.102127 -0.0635621 0.308658 1.33677e-38 5
-0.097087 -0.0635621 0.308658 1.3829e-38 5
-0.0922252 -0.0636852 0.309256 1.48439e-38 5
-0.0871752 -0.0636852 0.309256 1.06014e-38 5
-0.0821253 -0.0636852 0.309256 1.35517e-38 5
-0.0770753 -0.0636852 0.309256 1.84284e-39 5
-0.071886 -0.0635621 0.308658 8.11214e-39 5
-0.0668458 -0.0635621 0.308658 1.39208e-38 5
-0.0616863 -0.0634394 0.308062 1.54878e-38 5
-0.0564379 -0.0631954 0.306877 1.62254e-38 5
-0.0514268 -0.0631954 0.306877 1.14305e-38 5
-0.0463266 -0.0630741 0.306288 8.48021e-39 5
-0.0412459 -0.0629532 0.305701 1.687e-38 5
-0.0363236 -0.0630741 0.306288 4.23921e-39 5
-0.0312621 -0.0629532 0.305701 5.34555e-39 5
-0.0262702 -0.0629532 0.305701 5.62214e-39 5
-0.0212783 -0.0629532 0.305701 5.43775e-39 5
-0.0163176 -0.0630741 0.306288 6.26751e-39 5
-0.0113597 -0.0633171 0.307468 6.08312e-39 5
-0.00633894 -0.0633171 0.307468 2.2109e-39 5
-0.00131816 -0.0633171 0.307468 1.08773e-38 5
0.00370261 -0.0633171 0.307468 1.22602e-38 5
0.00872339 -0.0633171 0.307468 9.86314e-39 5
0.0137177 -0.0631954 0.306877 5.43775e-39 5
0.0187289 -0.0631954 0.306877 6.54409e-39 5
0.02374 -0.0631954 0.306877 6.4519e-39 5
0.0288621 -0.0634394 0.308062 5.80653e-39 5
0.0338273 -0.0633171 0.307468 6.72849e-39 5
0.038848 -0.0633171 0.307468 8.84899e-39 5
0.0438688 -0.0633171 0.307468 1.47495e-38 5
0.0487956 -0.0631954 0.306877 6.26751e-39 5
0.0539104 -0.0633171 0.307468 6.17531e-39 5
0.0590449 -0.0634394 0.308062 3.13286e-39 5
0.0640754 -0.0634394 0.308062 1.93604e-38 5
0.0692395 -0.0635621 0.308658 1.67789e-38 5
0.0744237 -0.0636852 0.309256 1.17071e-38 5
0.0793199 -0.0635621 0.308658 4.88458e-39 5
0.0843601 -0.0635621 0.308658 1.11539e-38 5
0.0890558 -0.0633171 0.307468 1.72388e-38 5
0.0937154 -0.0630741 0.306288 2.48749e-39 5
0.0983394 -0.0628329 0.305117 3.9637e-39 5
0.103125 -0.062713 0.304534 3.13394e-39 5
0.106472 -0.0617699 0.299955 3.96262e-39 5
0.110746 -0.0614235 0.298273 4.3314e-39 5
0.113865 -0.0557922 0.270927 6.63629e-39 5
0.11612 -0.0547693 0.26596 9.40144e-39 5
0.119467 -0.0543167 0.263762 1.47488e-38 5
0.122961 -0.0539599 0.26203 1.41041e-38 5
0.12724 -0.0539599 0.26203 1.88983e-38 5
0.130874 -0.0536954 0.260745 1.42896e-38 5
0.134912 -0.0536078 0.26032 1.64101e-38 5
0.138936 -0.0535205 0.259896 1.36439e-38 5
0.143413 -0.0536078 0.26032 1.66856e-38 5
0.148391 -0.0538715 0.2616 1.40119e-38 5
0.153165 -0.0540487 0.262461 1.37354e-38 5
0.177181 -0.0592101 0.287524 1.01397e-38 5
0.181876 -0.0592101 0.287524 1.41963e-38 5
0.187926 -0.0596399 0.289612 1.36432e-38 5
0.199617 -0.0562698 0.273247 2.11871e-39 5
0.204078 -0.0562698 0.273247 1.33659e-38 5
0.20854 -0.0562698 0.273247 4.70018e-39 5
0.213002 -0.0562698 0.273247 1.5119e-38 5
0.217093 -0.0561736 0.272779 1.03241e-38 5
0.221547 -0.0561736 0.272779 1.33659e-38 5
0.225616 -0.0560778 0.272314 1.06007e-38 5
0.230062 -0.0560778 0.272314 1.30893e-38 5
0.23491 -0.0561736 0.272779 5.34555e-39 5
0.239364 -0.0561736 0.272779 1.22602e-38 5
0.244236 -0.0562698 0.273247 1.37364e-38 5
0.248698 -0.0562698 0.273247 1.25368e-38 5
0.252727 -0.0561736 0.272779 8.20362e-39 5
0.256743 -0.0560778 0.272314 1.18925e-38 5
0.261636 -0.0561736 0.272779 7.37494e-39 5
0.26609 -0.0561736 0.272779 9.77202e-39 5
0.269623 -0.0559823 0.27185 1.13383e-38 5
0.273596 -0.0558871 0.271388 9.67875e-39 5
0.278027 -0.0558871 0.271388 1.0694e-38 5
0.281502 -0.0556976 0.270468 1.07858e-38 5
0.284472 -0.0554158 0.269099 1.39208e-38 5
0.286451 -0.0549525 0.266849 1.34598e-38 5
0.288876 -0.0545874 0.265076 9.77238e-39 5
0.29175 -0.0543167 0.263762 2.12087e-39 5
0.292671 -0.0536954 0.260745 2.48893e-39 5
0.297781 -0.0530882 0.257796 2.11871e-39 5
0.301018 -0.0529172 0.256966 1.2168e-38 5
0.305214 -0.0529172 0.256966 1.06929e-38 5
0.30743 -0.0525785 0.255322 7.83483e-39 5
0.310111 -0.0523274 0.254102 1.17992e-38 5
0.312766 -0.0520786 0.252894 1.22595e-38 5
-0.257496 -0.0561332 0.296059 1.12468e-38 5
-0.253603 -0.0563423 0.297162 1.22609e-38 5
-0.24968 -0.0565529 0.298273 1.09702e-38 5
-0.245268 -0.0566588 0.298831 8.20434e-39 5
-0.240839 -0.0567651 0.299392 9.21849e-39 5
-0.236394 -0.0568718 0.299955 1.02326e-38 5
-0.231932 -0.0569789 0.30052 3.2265e-39 5
-0.227453 -0.0570864 0.301087 3.41089e-39 5
-0.223803 -0.0574114 0.302801 4.05554e-39 5
-0.219275 -0.0575205 0.303376 2.7648e-39 5
-0.214321 -0.0575205 0.303376 1.2261e-38 5
-0.210166 -0.0577401 0.304534 4.51652e-39 5
-0.205193 -0.0577401 0.304534 4.70126e-39 5
-0.200603 -0.0578505 0.305117 6.72993e-39 5
-0.195995 -0.0579613 0.305701 1.23535e-38 5
-0.191004 -0.0579613 0.305701 9.49544e-39 5
-0.186012 -0.0579613 0.305701 9.77202e-39 5
-0.181367 -0.0580726 0.306288 1.15227e-38 5
-0.176705 -0.0581842 0.306877 1.15227e-38 5
-0.171694 -0.0581842 0.306877 1.06007e-38 5
-0.166683 -0.0581842 0.306877 1.23524e-38 5
-0.161983 -0.0582964 0.307468 1.42885e-38 5
-0.157265 -0.0584089 0.308062 5.43775e-39 5
-0.152235 -0.0584089 0.308062 7.74264e-39 5
-0.147489 -0.0585219 0.308658 1.50261e-38 5
-0.142449 -0.0585219 0.308658 1.26286e-38 5
-0.137409 -0.0585219 0.308658 1.34588e-38 5
-0.132625 -0.0586353 0.309256 1.06929e-38 5
-0.127575 -0.0586353 0.309256 1.0878e-38 5
-0.122763 -0.0587491 0.309856 1.17078e-38 5
-0.117932 -0.0588634 0.310459 1.53034e-38 5
-0.112863 -0.0588634 0.310459 4.42468e-39 5
-0.107793 -0.0588634 0.310459 4.60907e-39 5
-0.102524 -0.0587491 0.309856 5.16224e-39 5
-0.0972752 -0.0586353 0.309256 4.88673e-39 5
-0.0925841 -0.0588634 0.310459 4.61015e-39 5
-0.0875144 -0.0588634 0.310459 1.3368e-38 5
-0.0821253 -0.0586353 0.309256 1.15241e-38 5
-0.0770753 -0.0586353 0.309256 1.39212e-38 5
-0.071886 -0.0585219 0.308658 1.29992e-38 5
-0.0669754 -0.0586353 0.309256 4.51723e-39 5
-0.0618056 -0.0585219 0.308658 5.43919e-39 5
-0.0565467 -0.0582964 0.307468 4.33212e-39 5
-0.0515259 -0.0582964 0.307468 3.77823e-39 5
-0.0464157 -0.0581842 0.306877 1.60395e-38 5
-0.0413251 -0.0580726 0.306288 3.22505e-39 5
-0.0363935 -0.0581842 0.306877 1.62257e-38 5
-0.0312621 -0.0579613 0.305701 1.2629e-38 5
-0.0262702 -0.0579613 0.305701 4.33104e-39 5
-0.0212783 -0.0579613 0.305701 5.80653e-39 5
-0.0163176 -0.0580726 0.306288 8.75679e-39 5
-0.0113597 -0.0582964 0.307468 9.67875e-39 5
-0.00633894 -0.0582964 0.307468 1.65934e-38 5
-0.00132071 -0.0584089 0.308062 1.52105e-38 5
0.00370261 -0.0582964 0.307468 9.12557e-39 5
0.00872339 -0.0582964 0.307468 1.75154e-38 5
0.0137177 -0.0581842 0.306877 1.687e-38 5
0.0186929 -0.0580726 0.306288 1.43807e-38 5
0.0236944 -0.0580726 0.306288 6.54409e-39 5
0.0288065 -0.0582964 0.307468 5.43775e-39 5
0.0337622 -0.0581842 0.306877 1.65012e-38 5
0.038848 -0.0582964 0.307468 1.34588e-38 5
0.0439535 -0.0584089 0.308062 5.71433e-39 5
0.0488896 -0.0582964 0.307468 1.85295e-38 5
0.0540144 -0.0584089 0.308062 1.22602e-38 5
0.0591591 -0.0585219 0.308658 1.67778e-38 5
0.0641993 -0.0585219 0.308658 1.18925e-38 5
0.0693737 -0.0586353 0.309256 2.85735e-39 5
0.0744237 -0.0586353 0.309256 1.24446e-38 5
0.0793199 -0.0585219 0.308658 1.70544e-38 5
0.0843601 -0.0585219 0.308658 1.07851e-38 5
0.0890558 -0.0582964 0.307468 1.687e-38 5
0.0938956 -0.0581842 0.306877 1.41963e-38 5
0.0981517 -0.0577401 0.304534 3.04139e-39 5
0.102928 -0.0576301 0.303954 4.60799e-39 5
0.106272 -0.0567651 0.299392 4.4236e-39 5
0.113288 -0.0511078 0.269554 8.66388e-39 5
0.11612 -0.0504263 0.26596 1.9543e-38 5
0.119467 -0.0500096 0.263762 1.61317e-38 5
0.123164 -0.0497628 0.262461 1.41956e-38 5
0.12724 -0.0496811 0.26203 1.34588e-38 5
0.131089 -0.0495185 0.261172 1.94515e-38 5
0.134912 -0.0493569 0.26032 1.6041e-38 5
0.138936 -0.0492766 0.259896 1.42893e-38 5
0.143648 -0.0494376 0.260745 1.64087e-38 5
0.148634 -0.0496811 0.26203 1.61324e-38 5
0.169009 -0.0549107 0.289612 1.32737e-38 5
0.173738 -0.0549107 0.289612 1.3551e-38 5
0.178144 -0.0548112 0.289087 1.52105e-38 5
0.187926 -0.0549107 0.289612 3.68711e-39 5
0.199959 -0.0518968 0.273715 1.59481e-38 5
0.204078 -0.0518079 0.273247 5.62142e-39 5
0.20854 -0.0518079 0.273247 1.2629e-38 5
0.212638 -0.0517193 0.272779 1.60402e-38 5
0.216722 -0.0516311 0.272314 1.14297e-38 5
0.221169 -0.0516311 0.272314 9.21705e-39 5
0.225231 -0.0515431 0.27185 1.17992e-38 5
0.23491 -0.0517193 0.272779 4.69947e-39 5
0.244655 -0.0518968 0.273715 9.86314e-39 5
0.248698 -0.0518079 0.273247 1.43807e-38 5
0.252727 -0.0517193 0.272779 1.24446e-38 5
0.257182 -0.0517193 0.272779 1.28134e-38 5
0.261636 -0.0517193 0.272779 7.46678e-39 5
0.26609 -0.0517193 0.272779 8.75787e-39 5
0.269623 -0.0515431 0.27185 4.4236e-39 5
0.27453 -0.0516311 0.272314 6.72849e-39 5
0.278976 -0.0516311 0.272314 1.0049e-38 5
0.282459 -0.0514555 0.271388 8.85007e-39 5
0.283993 -0.0509357 0.268646 8.85007e-39 5
0.285972 -0.0505105 0.266404 1.22613e-38 5
0.288876 -0.0502588 0.265076 1.32755e-38 5
0.29175 -0.0500096 0.263762 1.0049e-38 5
0.292671 -0.0494376 0.260745 4.14809e-39 5
0.295481 -0.0491964 0.259473 3.59384e-39 5
0.302479 -0.0489576 0.258214 9.49435e-39 5
0.305214 -0.0487211 0.256966 1.19836e-38 5
0.30743 -0.0484093 0.255322 1.04163e-38 5
0.310111 -0.048178 0.254102 3.22505e-39 5
0.312766 -0.047949 0.252894 3.31653e-39 5
-0.258938 -0.0515859 0.297716 1.06943e-38 5
-0.254551 -0.0516823 0.298273 4.88602e-39 5
-0.250617 -0.0518762 0.299392 1.47478e-39 5
-0.24619 -0.0519737 0.299955 9.68019e-39 5
-0.242203 -0.0521699 0.301087 1.23531e-38 5
-0.237286 -0.0521699 0.301087 1.32751e-38 5
-0.232809 -0.0522685 0.301656 1.0878e-38 5
-0.228748 -0.0524668 0.302801 1.05092e-38 5
-0.224656 -0.0526667 0.303954 6.08384e-39 5
-0.220112 -0.0527672 0.304534 1.06014e-38 5
-0.215139 -0.0527672 0.304534 5.34628e-39 5
-0.210971 -0.0529694 0.305701 8.66568e-39 5
-0.205979 -0.0529694 0.305701 9.49543e-39 5
-0.201373 -0.0530711 0.306288 1.25379e-38 5
-0.196749 -0.0531731 0.306877 1.14315e-38 5
-0.191738 -0.0531731 0.306877 1.17081e-38 5
-0.186727 -0.0531731 0.306877 1.28145e-38 5
-0.182066 -0.0532756 0.307468 7.00472e-39 5
-0.177045 -0.0532756 0.307468 1.38272e-38 5
-0.172025 -0.0532756 0.307468 1.38276e-38 5
-0.167004 -0.0532756 0.307468 1.309e-38 5
-0.162296 -0.0533784 0.308062 1.03241e-38 5
-0.157265 -0.0533784 0.308062 8.01923e-39 5
-0.152529 -0.0534817 0.308658 1.40119e-38 5
-0.147489 -0.0534817 0.308658 1.52105e-38 5
-0.142449 -0.0534817 0.308658 4.97677e-39 5
-0.137675 -0.0535853 0.309256 5.62322e-39 5
-0.132625 -0.0535853 0.309256 4.23921e-39 5
-0.127575 -0.0535853 0.309256 1.36432e-38 5
-0.123002 -0.0537938 0.310459 1.67778e-38 5
-0.117932 -0.0537938 0.310459 1.56715e-38 5
-0.113083 -0.0538987 0.311064 1.28141e-38 5
-0.108003 -0.0538987 0.311064 5.71542e-39 5
-0.102723 -0.0537938 0.310459 4.88602e-39 5
-0.097844 -0.0538987 0.311064 7.55969e-39 5
-0.0927645 -0.0538987 0.311064 1.46595e-38 5
-0.087685 -0.0538987 0.311064 1.72409e-38 5
-0.0826055 -0.0538987 0.311064 3.78039e-39 5
-0.0721652 -0.0536894 0.309856 1.74246e-38 5
-0.0671054 -0.0536894 0.309856 1.65941e-38 5
-0.0619254 -0.0535853 0.309256 1.36439e-38 5
-0.0565467 -0.0532756 0.307468 6.72921e-39 5
-0.0515259 -0.0532756 0.307468 1.76076e-38 5
-0.0465051 -0.0532756 0.307468 5.62214e-39 5
-0.0414844 -0.0532756 0.307468 4.97677e-39 5
-0.0364636 -0.0532756 0.307468 4.51687e-39 5
-0.0313823 -0.0531731 0.306877 4.88458e-39 5
-0.0263712 -0.0531731 0.306877 1.40119e-38 5
-0.0213601 -0.0531731 0.306877 9.12557e-39 5
-0.0163805 -0.0532756 0.307468 1.49339e-38 5
-0.0114037 -0.0534817 0.308658 1.45655e-38 5
-0.00635117 -0.0533784 0.308062 8.29617e-39 5
-0.00132071 -0.0533784 0.308062 6.72884e-39 5
0.00370976 -0.0533784 0.308062 6.63737e-39 5
0.00872339 -0.0532756 0.307468 8.01922e-39 5
0.0137442 -0.0532756 0.307468 1.65012e-38 5
0.0187289 -0.0531731 0.306877 9.58583e-39 5
0.0236944 -0.0530711 0.306288 1.84366e-38 5
0.0288065 -0.0532756 0.307468 1.88054e-38 5
0.0337622 -0.0531731 0.306877 7.64973e-39 5
0.038848 -0.0532756 0.307468 1.37354e-38 5
0.0440385 -0.0534817 0.308658 1.46573e-38 5
0.048984 -0.0533784 0.308062 1.49339e-38 5
0.0541189 -0.0534817 0.308658 1.67778e-38 5
0.0591591 -0.0534817 0.308658 6.26751e-39 5
0.0643237 -0.0535853 0.309256 6.17531e-39 5
0.0693737 -0.0535853 0.309256 1.05085e-38 5
0.0744237 -0.0535853 0.309256 1.88983e-38 5
0.0793199 -0.0534817 0.308658 6.17531e-39 5
0.0843601 -0.0534817 0.308658 1.78842e-38 5
0.0890558 -0.0532756 0.307468 1.14305e-38 5
0.0938956 -0.0531731 0.306877 6.72777e-39 5
0.0983394 -0.0528681 0.305117 1.04156e-38 5
0.102928 -0.0526667 0.303954 1.05078e-38 5
0.106272 -0.0518762 0.299392 9.03302e-39 5
0.112906 -0.0465489 0.268646 1.26279e-38 5
0.115927 -0.0460067 0.265517 1.68693e-38 5
0.119467 -0.0457025 0.263762 1.47488e-38 5
0.123367 -0.0455519 0.262893 1.69604e-38 5
0.12745 -0.045477 0.262461 1.41945e-38 5
0.131303 -0.0453279 0.2616 2.12025e-38 5
0.135353 -0.0452537 0.261172 1.72384e-38 5
0.13939 -0.0451798 0.260745 1.59477e-38 5
0.143648 -0.0451798 0.260745 1.62246e-38 5
0.148634 -0.0454023 0.26203 1.67778e-38 5
0.168703 -0.0500906 0.289087 1.28127e-38 5
0.173424 -0.0500906 0.289087 3.13214e-39 5
0.178144 -0.0500906 0.289087 1.05085e-38 5
0.187926 -0.0501815 0.289612 7.83663e-39 5
0.200303 -0.0475086 0.274186 1.29978e-38 5
0.20854 -0.0473459 0.273247 9.95641e-39 5
0.212638 -0.047265 0.272779 1.58559e-38 5
0.216353 -0.047104 0.27185 1.47495e-38 5
0.221169 -0.0471843 0.272314 5.71434e-39 5
0.225231 -0.047104 0.27185 1.20758e-38 5
0.230456 -0.047265 0.272779 8.11142e-39 5
0.241012 -0.0475904 0.274657 1.16156e-38 5
0.245497 -0.0475904 0.274657 5.89801e-39 5
0.249553 -0.0475086 0.274186 1.25357e-38 5
0.25316 -0.0473459 0.273247 1.17982e-38 5
0.257622 -0.0473459 0.273247 1.32744e-38 5
0.262084 -0.0473459 0.273247 1.25375e-38 5
0.26609 -0.047265 0.272779 5.62322e-39 5
0.270083 -0.0471843 0.272314 7.55933e-39 5
0.274999 -0.047265 0.272779 1.18925e-38 5
0.279932 -0.0473459 0.273247 4.42504e-39 5
0.283423 -0.0471843 0.272314 3.68747e-39 5
0.284952 -0.0467061 0.269554 3.31833e-39 5
0.286451 -0.0462375 0.266849 5.43847e-39 5
0.289357 -0.0460067 0.265517 1.41041e-38 5
0.292718 -0.0458541 0.264637 1.26304e-38 5
0.295082 -0.0455519 0.262893 6.82248e-39 5
0.297415 -0.0452537 0.261172 7.55933e-39 5
0.301187 -0.0451798 0.260745 1.14315e-38 5
0.303955 -0.0449594 0.259473 4.88493e-39 5
0.307193 -0.0448137 0.258632 4.79346e-39 5
0.308913 -0.0444534 0.256553 4.14701e-39 5
0.310605 -0.0440989 0.254507 4.79238e-39 5
-0.259907 -0.0468993 0.298831 5.07041e-39 5
-0.255506 -0.0469873 0.299392 4.42432e-39 5
-0.251561 -0.0471643 0.30052 1.06021e-38 5
-0.247586 -0.0473426 0.301656 3.1343e-39 5
-0.243581 -0.0475223 0.302801 3.77967e-39 5
-0.239091 -0.0476126 0.303376 7.74337e-39 5
-0.234583 -0.0477033 0.303954 4.60871e-39 5
-0.230057 -0.0477944 0.304534 8.11214e-39 5
-0.225515 -0.0478857 0.305117 1.02326e-38 5
-0.220955 -0.0479775 0.305701 6.54482e-39 5
-0.216378 -0.0480696 0.306288 9.67947e-39 5
-0.211376 -0.0480696 0.306288 8.75787e-39 5
-0.206772 -0.048162 0.306877 1.09706e-38 5
-0.202149 -0.0482548 0.307468 1.12472e-38 5
-0.197509 -0.048348 0.308062 1.05096e-38 5
-0.192478 -0.048348 0.308062 5.71542e-39 5
-0.187448 -0.048348 0.308062 9.03446e-39 5
-0.18277 -0.0484415 0.308658 1.17067e-38 5
-0.17773 -0.0484415 0.308658 9.12558e-39 5
-0.17269 -0.0484415 0.308658 1.05085e-38 5
-0.16765 -0.0484415 0.308658 8.48021e-39 5
-0.16261 -0.0484415 0.308658 9.30997e-39 5
-0.157875 -0.0485354 0.309256 1.10617e-38 5
-0.152825 -0.0485354 0.309256 9.12558e-39 5
-0.147775 -0.0485354 0.309256 7.65045e-39 5
-0.142725 -0.0485354 0.309256 4.88566e-39 5
-0.137675 -0.0485354 0.309256 5.34555e-39 5
-0.132625 -0.0485354 0.309256 1.51183e-38 5
-0.127823 -0.0486296 0.309856 4.70019e-39 5
-0.123002 -0.0487242 0.310459 5.43775e-39 5
-0.117932 -0.0487242 0.310459 4.4236e-39 5
-0.112863 -0.0487242 0.310459 1.29063e-38 5
-0.108003 -0.0488192 0.311064 1.27219e-38 5
-0.102723 -0.0487242 0.310459 8.48164e-39 5
-0.097844 -0.0488192 0.311064 1.34602e-38 5
-0.0927645 -0.0488192 0.311064 2.67404e-39 5
-0.0878563 -0.0489145 0.311672 2.76624e-39 5
-0.0829288 -0.0490103 0.312282 2.58292e-39 5
-0.077526 -0.0488192 0.311064 2.95135e-39 5
-0.0723056 -0.0487242 0.310459 3.50308e-39 5
-0.067236 -0.0487242 0.310459 4.60943e-39 5
-0.0620456 -0.0486296 0.309856 7.19019e-39 5
-0.0566558 -0.048348 0.308062 1.77005e-38 5
-0.0516254 -0.048348 0.308062 1.61324e-38 5
-0.0465949 -0.048348 0.308062 1.48417e-38 5
-0.0416448 -0.0484415 0.308658 1.43818e-38 5
-0.0366046 -0.0484415 0.308658 1.45662e-38 5
-0.0315035 -0.048348 0.308062 1.14305e-38 5
-0.026422 -0.0482548 0.307468 1.12461e-38 5
-0.0214426 -0.048348 0.308062 1.65934e-38 5
-0.0163805 -0.0482548 0.307468 1.52105e-38 5
-0.0114037 -0.0484415 0.308658 5.80653e-39 5
-0.00633894 -0.0482548 0.307468 7.09762e-39 5
-0.00132071 -0.048348 0.308062 6.54517e-39 5
0.00370976 -0.048348 0.308062 6.91395e-39 5
0.00872339 -0.0482548 0.307468 7.55825e-39 5
0.0137177 -0.048162 0.306877 7.83483e-39 5
0.0187289 -0.048162 0.306877 1.66849e-38 5
0.0236944 -0.0480696 0.306288 1.66849e-38 5
0.0287511 -0.048162 0.306877 1.3919e-38 5
0.0336974 -0.0480696 0.306288 1.68693e-38 5
0.038848 -0.0482548 0.307468 9.12557e-39 5
0.0440385 -0.0484415 0.308658 4.79346e-39 5
0.0490787 -0.0484415 0.308658 7.09835e-39 5
0.0542238 -0.0485354 0.309256 6.63737e-39 5
0.0592738 -0.0485354 0.309256 1.14305e-38 5
0.0644486 -0.0486296 0.309856 1.40119e-38 5
0.0696436 -0.0487242 0.310459 1.56715e-38 5
0.0745682 -0.0486296 0.309856 5.80653e-39 5
0.0794736 -0.0485354 0.309256 5.34555e-39 5
0.0843601 -0.0484415 0.308658 3.59384e-39 5
0.0892277 -0.048348 0.308062 1.46573e-38 5
0.0940766 -0.0482548 0.307468 1.25361e-38 5
0.0987169 -0.0480696 0.306288 1.17985e-38 5
0.102928 -0.0477033 0.303954 1.21677e-38 5
0.110001 -0.0427376 0.272314 8.94046e-39 5
0.112906 -0.042162 0.268646 1.78831e-38 5
0.11612 -0.0417404 0.26596 1.55782e-38 5
0.119665 -0.041464 0.264199 1.51172e-38 5
0.12357 -0.0413271 0.263327 1.53009e-38 5
0.12766 -0.041259 0.262893 1.85277e-38 5
0.131519 -0.0411236 0.26203 1.55782e-38 5
0.135353 -0.0409889 0.261172 1.73306e-38 5
0.139618 -0.0409889 0.261172 1.60399e-38 5
0.143648 -0.040922 0.260745 1.41041e-38 5
0.148148 -0.0409889 0.261172 1.58559e-38 5
0.169009 -0.0454523 0.289612 1.87132e-38 5
0.173738 -0.0454523 0.289612 1.72384e-38 5
0.178144 -0.04537 0.289087 1.65934e-38 5
0.183197 -0.0454523 0.289612 1.31833e-38 5
0.187585 -0.04537 0.289087 9.86457e-39 5
0.187881 -0.0443261 0.282435 8.48164e-39 5
0.188817 -0.0434796 0.277042 5.06932e-39 5
0.192339 -0.0432543 0.275606 5.16116e-39 5
0.1965 -0.0431797 0.275131 1.61335e-38 5
0.200303 -0.0430313 0.274186 7.09835e-39 5
0.20854 -0.042884 0.273247 1.13393e-38 5
0.212638 -0.0428107 0.272779 7.74264e-39 5
0.216722 -0.0427376 0.272314 5.89873e-39 5
0.221547 -0.0428107 0.272779 1.44729e-38 5
0.225616 -0.0427376 0.272314 1.57637e-38 5
0.23085 -0.042884 0.273247 1.17071e-38 5
0.241428 -0.0431797 0.275131 1.22609e-38 5
0.246345 -0.0432543 0.275606 1.10617e-38 5
0.250413 -0.0431797 0.275131 1.1245e-38 5
0.25403 -0.0430313 0.274186 6.45118e-39 5
0.258064 -0.0429575 0.273715 1.32744e-38 5
0.262533 -0.0429575 0.273715 1.4013e-38 5
0.270545 -0.0428107 0.272779 9.95641e-39 5
0.275942 -0.0429575 0.273715 1.15241e-38 5
0.279932 -0.042884 0.273247 2.48893e-39 5
0.283423 -0.0427376 0.272314 4.51723e-39 5
0.284472 -0.0422331 0.269099 3.77931e-39 5
0.289357 -0.041671 0.265517 3.31725e-39 5
0.292718 -0.0415327 0.264637 1.31833e-38 5
0.295569 -0.0413271 0.263327 9.95641e-39 5
0.298883 -0.0411912 0.262461 9.40324e-39 5
0.303168 -0.0411912 0.262461 1.02319e-38 5
0.305945 -0.0409889 0.261172 1.09706e-38 5
0.30941 -0.0403289 0.256966 9.58655e-39 5
0.310111 -0.0398794 0.254102 4.79238e-39 5
0.312271 -0.039627 0.252494 2.94775e-39 5
-0.261376 -0.042257 0.30052 7.55969e-39 5
-0.257926 -0.0424971 0.302227 1.11546e-38 5
-0.253952 -0.0426587 0.303376 5.62286e-39 5
-0.249473 -0.0427399 0.303954 7.00652e-39 5
-0.245444 -0.0429034 0.305117 1.07865e-38 5
-0.240462 -0.0429034 0.305117 1.0878e-38 5
-0.235931 -0.0429856 0.305701 6.9136e-39 5
-0.230939 -0.0429856 0.305701 9.86386e-39 5
-0.226816 -0.0431509 0.306877 1.13393e-38 5
-0.221805 -0.0431509 0.306877 1.16156e-38 5
-0.217211 -0.043234 0.307468 2.6726e-39 5
-0.212191 -0.043234 0.307468 7.92811e-39 5
-0.20757 -0.0433175 0.308062 8.75787e-39 5
-0.202539 -0.0433175 0.308062 5.16224e-39 5
-0.197891 -0.0434013 0.308658 6.63737e-39 5
-0.192851 -0.0434013 0.308658 9.77202e-39 5
-0.187811 -0.0434013 0.308658 1.18925e-38 5
-0.183125 -0.0434854 0.309256 7.46606e-39 5
-0.178075 -0.0434854 0.309256 5.71434e-39 5
-0.173361 -0.0435698 0.309856 5.16116e-39 5
-0.168301 -0.0435698 0.309856 1.09695e-38 5
-0.163241 -0.0435698 0.309856 5.80653e-39 5
-0.158181 -0.0435698 0.309856 7.92703e-39 5
-0.153122 -0.0435698 0.309856 1.2168e-38 5
-0.148062 -0.0435698 0.309856 1.41041e-38 5
-0.143002 -0.0435698 0.309856 1.23524e-38 5
-0.137942 -0.0435698 0.309856 1.38275e-38 5
-0.133141 -0.0436546 0.310459 8.38801e-39 5
-0.127823 -0.0435698 0.309856 8.29581e-39 5
-0.123002 -0.0436546 0.310459 8.75679e-39 5
-0.118162 -0.0437397 0.311064 1.09691e-38 5
-0.113083 -0.0437397 0.311064 4.70091e-39 5
-0.108003 -0.0437397 0.311064 5.34628e-39 5
-0.102723 -0.0436546 0.310459 1.50268e-38 5
-0.097844 -0.0437397 0.311064 1.65019e-38 5
-0.0927645 -0.0437397 0.311064 1.25383e-38 5
-0.0878563 -0.0438251 0.311672 6.17675e-39 5
-0.0826055 -0.0437397 0.311064 2.30634e-39 5
-0.077225 -0.0435698 0.309856 2.95063e-39 5
-0.071886 -0.0434013 0.308658 3.41089e-39 5
-0.0668458 -0.0434013 0.308658 1.39212e-38 5
-0.0618056 -0.0434013 0.308658 1.25383e-38 5
-0.0564379 -0.0431509 0.306877 1.34595e-38 5
-0.0514268 -0.0431509 0.306877 1.59491e-38 5
-0.0465051 -0.043234 0.307468 1.17071e-38 5
-0.0415644 -0.0433175 0.308062 2.67296e-39 5
-0.0366046 -0.0434013 0.308658 6.54518e-39 5
-0.0315035 -0.0433175 0.308062 1.29056e-38 5
-0.026473 -0.0433175 0.308062 1.82529e-38 5
-0.0214426 -0.0433175 0.308062 1.31822e-38 5
-0.0164121 -0.0433175 0.308062 4.79238e-39 5
-0.0114037 -0.0434013 0.308658 1.6409e-38 5
-0.00635117 -0.0433175 0.308062 1.41041e-38 5
-0.00132071 -0.0433175 0.308062 7.37493e-39 5
0.00371694 -0.0434013 0.308658 7.09835e-39 5
0.00874023 -0.0433175 0.308062 9.95533e-39 5
0.0137442 -0.043234 0.307468 1.61324e-38 5
0.0187289 -0.0431509 0.306877 1.57633e-38 5
0.02374 -0.0431509 0.306877 1.73306e-38 5
0.0287511 -0.0431509 0.306877 6.17495e-39 5
0.0337622 -0.0431509 0.306877 1.62243e-38 5
0.038923 -0.0433175 0.308062 1.65934e-38 5
0.0441239 -0.0434854 0.309256 1.17992e-38 5
0.0491738 -0.0434854 0.309256 7.65044e-39 5
0.0543291 -0.0435698 0.309856 7.00507e-39 5
0.0593888 -0.0435698 0.309856 1.6409e-38 5
0.064574 -0.0436546 0.310459 1.32744e-38 5
0.0697794 -0.0437397 0.311064 1.88983e-38 5
0.0747132 -0.0436546 0.310459 1.36432e-38 5
0.0794736 -0.0434854 0.309256 1.36432e-38 5
0.0843601 -0.0434013 0.308658 1.23524e-38 5
0.0890558 -0.043234 0.307468 1.42878e-38 5
0.0937154 -0.0430681 0.306288 1.52098e-38 5
0.0983394 -0.0429034 0.305117 1.36417e-38 5
0.10215 -0.0424167 0.301656 1.46559e-38 5
0.108702 -0.0378389 0.269099 1.53942e-38 5
0.111777 -0.0373974 0.26596 1.11528e-38 5
0.115734 -0.0372732 0.265076 1.42875e-38 5
0.119467 -0.0370884 0.263762 1.62236e-38 5
0.123367 -0.0369662 0.262893 1.8343e-38 5
0.12766 -0.0369662 0.262893 1.82508e-38 5
0.131519 -0.0368448 0.26203 1.67767e-38 5
0.135575 -0.0367844 0.2616 1.54867e-38 5
0.140307 -0.0369054 0.262461 1.6409e-38 5
0.163982 -0.0406494 0.289087 8.20362e-39 5
0.168703 -0.0406494 0.289087 4.14701e-39 5
0.173738 -0.0407232 0.289612 1.38275e-38 5
0.182865 -0.0406494 0.289087 1.75165e-38 5
0.186236 -0.0403569 0.287007 1.54881e-38 5
0.186561 -0.0394349 0.28045 9.77129e-39 5
0.188164 -0.0388209 0.276083 1.02323e-38 5
0.192339 -0.0387538 0.275606 8.75643e-39 5
0.196162 -0.0386204 0.274657 1.24457e-38 5
0.199959 -0.0384879 0.273715 6.17639e-39 5
0.204078 -0.038422 0.273247 3.22613e-39 5
0.208184 -0.0383563 0.272779 5.34663e-39 5
0.212638 -0.0383563 0.272779 8.6646e-39 5
0.216353 -0.0382257 0.27185 1.28134e-38 5
0.221169 -0.0382909 0.272314 1.25368e-38 5
0.225616 -0.0382909 0.272314 1.60402e-38 5
0.23085 -0.038422 0.273247 1.41974e-38 5
0.236935 -0.038687 0.275131 9.58799e-39 5
0.241845 -0.0387538 0.275606 4.79382e-39 5
0.246771 -0.0388209 0.276083 1.43807e-38 5
0.251715 -0.0388881 0.276561 1.42878e-38 5
0.255346 -0.0387538 0.275606 1.438e-38 5
0.258952 -0.0386204 0.274657 1.2629e-38 5
0.262985 -0.0385541 0.274186 1.29067e-38 5
0.266546 -0.038422 0.273247 1.18929e-38 5
0.271473 -0.0384879 0.273715 1.06021e-38 5
0.280412 -0.0384879 0.273715 3.77931e-39 5
0.28304 -0.0376484 0.267745 3.50272e-39 5
0.285496 -0.0373974 0.26596 3.9637e-39 5
0.288876 -0.0372732 0.265076 1.00475e-38 5
0.292718 -0.0372114 0.264637 9.21885e-39 5
0.295569 -0.0370272 0.263327 1.10628e-38 5
0.299869 -0.0370272 0.263327 1.29056e-38 5
0.303668 -0.0369662 0.262893 7.09727e-39 5
0.306446 -0.0367844 0.2616 7.74299e-39 5
0.308694 -0.0365447 0.259896 1.22602e-38 5
0.309909 -0.0361911 0.257381 1.20755e-38 5
0.311101 -0.0358442 0.254914 9.30925e-39 5
-0.26336 -0.0376332 0.302801 1.17085e-38 5
-0.259895 -0.0378486 0.304534 1.11539e-38 5
-0.255409 -0.037921 0.305117 1.14312e-38 5
-0.250427 -0.037921 0.305117 1.25383e-38 5
-0.246387 -0.0380666 0.306288 3.41161e-39 5
-0.241385 -0.0380666 0.306288 7.46678e-39 5
-0.236838 -0.0381398 0.306877 1.26297e-38 5
-0.231827 -0.0381398 0.306877 1.06018e-38 5
-0.227253 -0.0382133 0.307468 1.14315e-38 5
-0.222661 -0.038287 0.308062 7.09835e-39 5
-0.217631 -0.038287 0.308062 1.16159e-38 5
-0.2126 -0.038287 0.308062 7.65152e-39 5
-0.207971 -0.0383611 0.308658 8.02031e-39 5
-0.202931 -0.0383611 0.308658 8.29689e-39 5
-0.197891 -0.0383611 0.308658 1.16159e-38 5
-0.193225 -0.0384354 0.309256 4.60907e-39 5
-0.18854 -0.0385101 0.309856 4.70126e-39 5
-0.18348 -0.0385101 0.309856 1.04163e-38 5
-0.17842 -0.0385101 0.309856 1.22602e-38 5
-0.173361 -0.0385101 0.309856 1.19836e-38 5
-0.168628 -0.038585 0.310459 1.10617e-38 5
-0.163559 -0.038585 0.310459 1.31822e-38 5
-0.158489 -0.038585 0.310459 1.17992e-38 5
-0.153122 -0.0385101 0.309856 1.13383e-38 5
-0.14835 -0.038585 0.310459 9.12558e-39 5
-0.14328 -0.038585 0.310459 1.30896e-38 5
-0.138211 -0.038585 0.310459 1.03241e-38 5
-0.1334 -0.0386602 0.311064 1.54871e-38 5
-0.128071 -0.038585 0.310459 1.29989e-38 5
-0.123002 -0.038585 0.310459 1.25368e-38 5
-0.118393 -0.0387357 0.311672 1.25365e-38 5
-0.113303 -0.0387357 0.311672 7.55898e-39 5
-0.108214 -0.0387357 0.311672 1.57644e-38 5
-0.102924 -0.0386602 0.311064 4.23993e-39 5
-0.097844 -0.0386602 0.311064 3.41017e-39 5
-0.0927645 -0.0386602 0.311064 4.51723e-39 5
-0.0880282 -0.0388115 0.312282 3.68747e-39 5
-0.0827669 -0.0387357 0.311672 8.38981e-39 5
-0.077526 -0.0386602 0.311064 8.66604e-39 5
-0.0721652 -0.0385101 0.309856 1.60413e-38 5
-0.0671054 -0.0385101 0.309856 1.33666e-38 5
-0.0619254 -0.0384354 0.309256 2.76552e-39 5
-0.0565467 -0.0382133 0.307468 5.62358e-39 5
-0.0515259 -0.0382133 0.307468 5.34663e-39 5
-0.0465949 -0.038287 0.308062 5.8998e-39 5
-0.0415644 -0.038287 0.308062 9.77202e-39 5
-0.0366756 -0.0384354 0.309256 1.36442e-38 5
-0.0315644 -0.0383611 0.308658 9.12558e-39 5
-0.0265242 -0.0383611 0.308658 6.5441e-39 5
-0.0214426 -0.038287 0.308062 5.62214e-39 5
-0.0164121 -0.038287 0.308062 1.66856e-38 5
-0.0114037 -0.0383611 0.308658 1.43807e-38 5
-0.00633894 -0.0382133 0.307468 6.72849e-39 5
-0.00132071 -0.038287 0.308062 1.38286e-38 5
0.00370261 -0.0382133 0.307468 1.3552e-38 5
0.00874023 -0.038287 0.308062 1.55793e-38 5
0.0137707 -0.038287 0.308062 6.63665e-39 5
0.0237857 -0.0382133 0.307468 7.37386e-39 5
0.0288065 -0.0382133 0.307468 8.29581e-39 5
0.0338273 -0.0382133 0.307468 8.11142e-39 5
0.0389983 -0.0383611 0.308658 1.61324e-38 5
0.0442095 -0.0385101 0.309856 1.22602e-38 5
0.0491738 -0.0384354 0.309256 1.62246e-38 5
0.0544348 -0.038585 0.310459 1.76076e-38 5
0.0593888 -0.0385101 0.309856 6.35971e-39 5
0.064574 -0.038585 0.310459 5.99092e-39 5
0.0697794 -0.0386602 0.311064 1.39197e-38 5
0.0747132 -0.038585 0.310459 1.41041e-38 5
0.0793199 -0.0383611 0.308658 1.50254e-38 5
0.0841972 -0.038287 0.308062 1.09688e-38 5
0.0890558 -0.0382133 0.307468 1.24439e-38 5
0.0937154 -0.0380666 0.306288 1.60384e-38 5
0.111406 -0.0329446 0.265076 1.84366e-38 5
0.115351 -0.0328356 0.264199 1.83441e-38 5
0.119074 -0.0326733 0.262893 1.86207e-38 5
0.123164 -0.0326195 0.262461 1.29956e-38 5
0.12745 -0.0326195 0.262461 1.88962e-38 5
0.131303 -0.0325126 0.2616 1.76065e-38 5
0.135575 -0.0325126 0.2616 1.58555e-38 5
0.169625 -0.0361251 0.290667 1.5303e-38 5
0.175009 -0.0362572 0.291729 2.85627e-39 5
0.179118 -0.0361251 0.290667 4.14701e-39 5
0.186571 -0.0357346 0.287524 1.62246e-38 5
0.185907 -0.0347332 0.279468 1.55796e-38 5
0.18849 -0.0343721 0.276561 9.49399e-39 5
0.192339 -0.0342533 0.275606 1.44726e-38 5
0.195825 -0.0340768 0.274186 1.27212e-38 5
0.199959 -0.0340183 0.273715 1.26301e-38 5
0.208184 -0.033902 0.272779 4.14701e-39 5
0.212638 -0.033902 0.272779 4.60799e-39 5
0.216722 -0.0338442 0.272314 1.32744e-38 5
0.221169 -0.0338442 0.272314 1.40119e-38 5
0.226001 -0.033902 0.272779 1.15227e-38 5
0.231644 -0.0340768 0.274186 1.57647e-38 5
0.237344 -0.0342533 0.275606 1.25383e-38 5
0.242263 -0.0343126 0.276083 1.03256e-38 5
0.246771 -0.0343126 0.276083 1.17078e-38 5
0.252591 -0.0344916 0.277523 4.97605e-39 5
0.256231 -0.0343721 0.276561 4.69947e-39 5
0.260296 -0.0343126 0.276083 1.24446e-38 5
0.264347 -0.0342533 0.275606 1.32755e-38 5
0.267922 -0.0341354 0.274657 9.95678e-39 5
0.272407 -0.0341354 0.274657 5.99236e-39 5
0.277849 -0.0342533 0.275606 4.60907e-39 5
0.281377 -0.0341354 0.274657 4.05589e-39 5
0.282566 -0.0332206 0.267296 4.88565e-39 5
0.285496 -0.0330545 0.26596 8.0203e-39 5
0.288397 -0.03289 0.264637 1.06929e-38 5
0.292718 -0.03289 0.264637 9.77202e-39 5
0.295569 -0.0327272 0.263327 1.11539e-38 5
0.299869 -0.0327272 0.263327 1.31822e-38 5
0.303668 -0.0326733 0.262893 1.17067e-38 5
0.305945 -0.0324594 0.261172 7.18982e-39 5
0.308192 -0.0322483 0.259473 5.52994e-39 5
0.309909 -0.0319882 0.257381 3.59347e-39 5
0.311599 -0.0317323 0.255322 1.28127e-38 5
0.313262 -0.0314804 0.253295 1.12461e-38 5
-0.265374 -0.0329386 0.305117 1.01408e-38 5
-0.26089 -0.0330017 0.305701 1.05096e-38 5
-0.25639 -0.0330651 0.306288 6.72957e-39 5
-0.251388 -0.0330651 0.306288 5.1626e-39 5
-0.247336 -0.0331925 0.307468 9.77239e-39 5
-0.242315 -0.0331925 0.307468 6.0842e-39 5
-0.237753 -0.0332566 0.308062 4.97785e-39 5
-0.232722 -0.0332566 0.308062 4.97785e-39 5
-0.228132 -0.0333209 0.308658 7.46678e-39 5
-0.223092 -0.0333209 0.308658 1.21695e-38 5
-0.218052 -0.0333209 0.308658 7.74372e-39 5
-0.213012 -0.0333209 0.308658 1.0694e-38 5
-0.208374 -0.0333855 0.309256 1.11539e-38 5
-0.203324 -0.0333855 0.309256 9.58727e-39 5
-0.198659 -0.0334503 0.309856 1.09702e-38 5
-0.193976 -0.0335154 0.310459 1.18003e-38 5
-0.189275 -0.0335807 0.311064 1.43807e-38 5
-0.184195 -0.0335807 0.311064 7.19055e-39 5
-0.179116 -0.0335807 0.311064 1.05096e-38 5
-0.174036 -0.0335807 0.311064 1.29978e-38 5
-0.168957 -0.0335807 0.311064 1.23524e-38 5
-0.163559 -0.0335154 0.310459 1.31822e-38 5
-0.158489 -0.0335154 0.310459 9.86314e-39 5
-0.153122 -0.0334503 0.309856 1.02319e-38 5
-0.14835 -0.0335154 0.310459 1.28134e-38 5
-0.14328 -0.0335154 0.310459 1.04163e-38 5
-0.13848 -0.0335807 0.311064 7.00543e-39 5
-0.1334 -0.0335807 0.311064 5.34591e-39 5
-0.128071 -0.0335154 0.310459 5.43739e-39 5
-0.123002 -0.0335154 0.310459 4.05482e-39 5
-0.118393 -0.0336463 0.311672 6.63629e-39 5
-0.113083 -0.0335807 0.311064 1.22617e-38 5
-0.108003 -0.0335807 0.311064 1.11553e-38 5
-0.102723 -0.0335154 0.310459 1.19851e-38 5
-0.097844 -0.0335807 0.311064 1.29063e-38 5
-0.0927645 -0.0335807 0.311064 1.25379e-38 5
-0.0880282 -0.0337121 0.312282 1.01419e-38 5
-0.0830914 -0.0337782 0.312894 1.35524e-38 5
-0.0778295 -0.0337121 0.312282 1.41056e-38 5
-0.072588 -0.0336463 0.311672 1.34598e-38 5
-0.067367 -0.0335807 0.311064 1.31833e-38 5
-0.0620456 -0.0334503 0.309856 5.07004e-39 5
-0.0566558 -0.0332566 0.308062 5.25444e-39 5
-0.0516254 -0.0332566 0.308062 5.16224e-39 5
-0.0465949 -0.0332566 0.308062 6.0842e-39 5
-0.0415644 -0.0332566 0.308062 1.67793e-38 5
-0.0366756 -0.0333855 0.309256 1.61324e-38 5
-0.0315644 -0.0333209 0.308658 1.37354e-38 5
-0.0265242 -0.0333209 0.308658 7.55933e-39 5
-0.021484 -0.0333209 0.308658 1.31822e-38 5
-0.0164439 -0.0333209 0.308658 1.43807e-38 5
-0.0114258 -0.0333855 0.309256 1.53027e-38 5
-0.00635117 -0.0332566 0.308062 1.48417e-38 5
-0.00132071 -0.0332566 0.308062 1.66856e-38 5
0.00370976 -0.0332566 0.308062 1.10617e-38 5
0.00875713 -0.0333209 0.308658 1.17996e-38 5
0.0137973 -0.0333209 0.308658 7.18982e-39 5
0.0188012 -0.0332566 0.308062 8.38764e-39 5
0.0237857 -0.0331925 0.307468 8.66423e-39 5
0.0287511 -0.0331286 0.306877 8.01886e-39 5
0.0337622 -0.0331286 0.306877 8.57204e-39 5
0.0389983 -0.0333209 0.308658 8.84863e-39 5
0.0440385 -0.0333209 0.308658 1.23521e-38 5
0.0490787 -0.0333209 0.308658 1.40119e-38 5
0.0544348 -0.0335154 0.310459 1.53027e-38 5
0.0595044 -0.0335154 0.310459 1.41963e-38 5
0.0646999 -0.0335807 0.311064 1.19836e-38 5
0.0699157 -0.0336463 0.311672 4.88458e-39 5
0.0748589 -0.0335807 0.311064 8.01923e-39 5
0.0796279 -0.0334503 0.309856 8.84899e-39 5
0.0843601 -0.0333209 0.308658 1.13376e-38 5
0.0890558 -0.0331925 0.307468 1.06003e-38 5
0.1069 -0.0285686 0.264637 1.89898e-38 5
0.110853 -0.0284742 0.263762 1.1706e-38 5
0.114781 -0.0283804 0.262893 1.47484e-38 5
0.118294 -0.0281946 0.261172 1.63158e-38 5
0.12276 -0.0282408 0.2616 1.73288e-38 5
0.127032 -0.0282408 0.2616 1.64991e-38 5
0.130874 -0.0281485 0.260745 1.44718e-38 5
0.160424 -0.0314359 0.291197 1.60402e-38 5
0.166089 -0.031609 0.2928 3.96262e-39 5
0.171499 -0.0317254 0.293878 1.31822e-38 5
0.176298 -0.0317254 0.293878 4.88457e-39 5
0.180432 -0.031609 0.2928 1.40119e-38 5
0.185258 -0.0300644 0.278492 1.30896e-38 5
0.18849 -0.029856 0.276561 1.20758e-38 5
0.192008 -0.0297015 0.275131 1.67778e-38 5
0.195825 -0.0295995 0.274186 1.67778e-38 5
0.199959 -0.0295487 0.273715 1.38286e-38 5
0.204078 -0.0294981 0.273247 1.0694e-38 5
0.207829 -0.0293974 0.272314 8.75679e-39 5
0.212638 -0.0294477 0.272779 1.24457e-38 5
0.216353 -0.0293474 0.27185 1.22602e-38 5
0.221547 -0.0294477 0.272779 1.29049e-38 5
0.226777 -0.0295487 0.273715 9.21777e-39 5
0.232442 -0.0297015 0.275131 1.47506e-38 5
0.23858 -0.0299078 0.277042 1.53963e-38 5
0.243527 -0.0299598 0.277523 1.25383e-38 5
0.248925 -0.0300644 0.278492 1.56626e-39 5
0.253915 -0.0301169 0.278979 2.85555e-39 5
0.258471 -0.0301169 0.278979 6.91216e-39 5
0.262568 -0.0300644 0.278492 1.06929e-38 5
0.26665 -0.030012 0.278007 1.28152e-38 5
0.26978 -0.029856 0.276561 8.94298e-39 5
0.272877 -0.0297015 0.275131 1.24461e-38 5
0.27737 -0.0297015 0.275131 9.95677e-39 5
0.280894 -0.0295995 0.274186 6.63773e-39 5
0.28304 -0.0289042 0.267745 1.14315e-38 5
0.286451 -0.0288075 0.266849 1.15237e-38 5
0.288876 -0.0286161 0.265076 1.26301e-38 5
0.293204 -0.0286161 0.265076 7.00507e-39 5
0.299869 -0.0284272 0.263327 1.22599e-38 5
0.303668 -0.0283804 0.262893 1.15223e-38 5
0.308192 -0.0280112 0.259473 5.34519e-39 5
0.31041 -0.0278302 0.257796 5.62214e-39 5
0.312099 -0.0276072 0.255731 6.91288e-39 5
0.31376 -0.0273878 0.253698 1.18914e-38 5
-0.266393 -0.0280636 0.306288 4.8853e-39 5
-0.261894 -0.0281175 0.306877 9.03446e-39 5
-0.257378 -0.0281717 0.307468 6.91396e-39 5
-0.252844 -0.0282261 0.308062 1.09709e-38 5
-0.248774 -0.0283355 0.309256 9.31141e-39 5
-0.243253 -0.0282807 0.308658 1.02334e-38 5
-0.238674 -0.0283355 0.309256 1.10631e-38 5
-0.233624 -0.0283355 0.309256 9.68019e-39 5
-0.229018 -0.0283905 0.309856 1.15241e-38 5
-0.223958 -0.0283905 0.309856 9.95677e-39 5
-0.218899 -0.0283905 0.309856 1.09709e-38 5
-0.213424 -0.0283355 0.309256 6.91396e-39 5
-0.208779 -0.0283905 0.309856 9.0341e-39 5
-0.203719 -0.0283905 0.309856 1.15234e-38 5
-0.199046 -0.0284457 0.310459 1.01404e-38 5
-0.194354 -0.0285012 0.311064 9.77167e-39 5
-0.189275 -0.0285012 0.311064 7.83592e-39 5
-0.184195 -0.0285012 0.311064 1.29067e-38 5
-0.179116 -0.0285012 0.311064 1.33677e-38 5
-0.174036 -0.0285012 0.311064 1.27212e-38 5
-0.168957 -0.0285012 0.311064 1.09695e-38 5
-0.163559 -0.0284457 0.310459 7.37386e-39 5
-0.158489 -0.0284457 0.310459 1.05085e-38 5
-0.153122 -0.0283905 0.309856 1.29978e-38 5
-0.14835 -0.0284457 0.310459 1.18914e-38 5
-0.14328 -0.0284457 0.310459 1.09706e-38 5
-0.13848 -0.0285012 0.311064 7.92703e-39 5
-0.1334 -0.0285012 0.311064 8.38836e-39 5
-0.128071 -0.0284457 0.310459 9.03338e-39 5
-0.123002 -0.0284457 0.310459 1.29978e-38 5
-0.118162 -0.0285012 0.311064 1.71466e-38 5
-0.113083 -0.0285012 0.311064 1.59495e-38 5
-0.107793 -0.0284457 0.310459 1.45666e-38 5
-0.102723 -0.0284457 0.310459 1.77012e-38 5
-0.0976537 -0.0284457 0.310459 1.26301e-38 5
-0.0878563 -0.0285569 0.311672 1.43829e-38 5
-0.0829288 -0.0286127 0.312282 1.32758e-38 5
-0.0776775 -0.0285569 0.311672 1.37368e-38 5
-0.0723056 -0.0284457 0.310459 1.37364e-38 5
-0.067236 -0.0284457 0.310459 1.31833e-38 5
-0.0620456 -0.0283905 0.309856 1.16159e-38 5
-0.0566558 -0.0282261 0.308062 1.04174e-38 5
-0.0516254 -0.0282261 0.308062 1.03252e-38 5
-0.046685 -0.0282807 0.308658 1.54881e-38 5
-0.0415644 -0.0282261 0.308062 5.25444e-39 5
-0.0367468 -0.0283905 0.309856 5.62214e-39 5
-0.0316256 -0.0283355 0.309256 1.32744e-38 5
-0.0265242 -0.0282807 0.308658 1.64101e-38 5
-0.021484 -0.0282807 0.308658 1.56715e-38 5
-0.0164439 -0.0282807 0.308658 8.29581e-39 5
-0.0114037 -0.0282807 0.308658 7.83483e-39 5
-0.00636346 -0.0282807 0.308658 1.3551e-38 5
-0.00132326 -0.0282807 0.308658 1.39197e-38 5
0.00372414 -0.0283355 0.309256 1.47495e-38 5
0.00879114 -0.0283905 0.309856 1.41045e-38 5
0.0138509 -0.0283905 0.309856 1.12464e-38 5
0.0189107 -0.0283905 0.309856 1.40116e-38 5
0.0238777 -0.0282807 0.308658 8.57204e-39 5
0.0288621 -0.0282261 0.308062 7.65008e-39 5
0.0338926 -0.0282261 0.308062 1.16145e-38 5
0.0389983 -0.0282807 0.308658 1.26286e-38 5
0.0440385 -0.0282807 0.308658 1.50257e-38 5
0.0490787 -0.0282807 0.308658 1.67778e-38 5
0.0544348 -0.0284457 0.310459 1.53949e-38 5
0.0595044 -0.0284457 0.310459 1.56715e-38 5
0.0648263 -0.0285569 0.311672 1.5948e-38 5
0.0699157 -0.0285569 0.311672 1.41041e-38 5
0.0747132 -0.0284457 0.310459 6.91288e-39 5
0.0794736 -0.0283355 0.309256 1.37354e-38 5
0.0843601 -0.0282807 0.308658 1.38272e-38 5
0.0892277 -0.0282261 0.308062 1.53945e-38 5
0.0990784 -0.02445 0.266849 1.58541e-38 5
0.10292 -0.024328 0.265517 1.57629e-38 5
0.106546 -0.0241671 0.263762 1.35502e-38 5
0.110306 -0.0240479 0.262461 1.65005e-38 5
0.114216 -0.023969 0.2616 1.43797e-38 5
0.118101 -0.0238907 0.260745 1.61314e-38 5
0.122159 -0.0238517 0.26032 1.70522e-38 5
0.12641 -0.0238517 0.26032 1.44708e-38 5
0.14982 -0.0264875 0.289087 1.62254e-38 5
0.155386 -0.0266323 0.290667 3.13394e-39 5
0.160424 -0.0266809 0.291197 1.56718e-38 5
0.166089 -0.0268277 0.2928 1.46573e-38 5
0.171499 -0.0269265 0.293878 1.1707e-38 5
0.175974 -0.026877 0.293338 1.12461e-38 5
0.189146 -0.025428 0.277523 1.5948e-38 5
0.192339 -0.0252524 0.275606 1.56715e-38 5
0.196162 -0.0251654 0.274657 1.11539e-38 5
0.199959 -0.0250791 0.273715 1.68711e-38 5
0.20373 -0.0249934 0.272779 1.43818e-38 5
0.207829 -0.0249507 0.272314 1.05085e-38 5
0.213734 -0.0251222 0.274186 1.42896e-38 5
0.217093 -0.0249934 0.272779 1.27205e-38 5
0.223457 -0.0252088 0.275131 5.16044e-39 5
0.228343 -0.0252524 0.275606 1.47495e-38 5
0.235693 -0.0255614 0.278979 1.20758e-38 5
0.241092 -0.0256511 0.279958 1.40134e-38 5
0.245663 -0.0256511 0.279958 1.23539e-38 5
0.251116 -0.0257414 0.280944 4.42432e-39 5
0.255254 -0.0256962 0.28045 3.59312e-39 5
0.260291 -0.0257414 0.280944 1.02312e-38 5
0.264413 -0.0256962 0.28045 1.15227e-38 5
0.268521 -0.0256511 0.279958 1.16159e-38 5
0.271663 -0.0255168 0.278492 1.44747e-38 5
0.274772 -0.0253839 0.277042 1.75172e-39 5
0.278329 -0.025296 0.276083 3.0421e-39 5
0.281862 -0.0252088 0.275131 1.37368e-38 5
0.284882 -0.0250791 0.273715 1.39208e-38 5
0.285434 -0.0247396 0.27001 1.18003e-38 5
0.287412 -0.0245321 0.267745 1.3552e-38 5
0.289357 -0.024328 0.265517 7.55933e-39 5
0.293692 -0.024328 0.265517 3.40944e-39 5
0.296548 -0.0242071 0.264199 3.96262e-39 5
0.300365 -0.0241671 0.263762 1.2629e-38 5
0.304169 -0.0241273 0.263327 1.1707e-38 5
0.308192 -0.0237742 0.259473 5.99056e-39 5
0.30941 -0.0235445 0.256966 8.66459e-39 5
0.312099 -0.0234313 0.255731 1.14305e-38 5
0.31376 -0.023245 0.253698 1.01397e-38 5
-0.267935 -0.0231956 0.308062 1.00483e-38 5
-0.263414 -0.0232405 0.308658 1.05096e-38 5
-0.258874 -0.0232855 0.309256 1.18922e-38 5
-0.254317 -0.0233307 0.309856 1.02334e-38 5
-0.249742 -0.0233761 0.310459 1.14319e-38 5
-0.244197 -0.0233307 0.309856 4.79382e-39 5
-0.239138 -0.0233307 0.309856 6.91432e-39 5
-0.234533 -0.0233761 0.310459 1.28148e-38 5
-0.229464 -0.0233761 0.310459 3.68747e-39 5
-0.224394 -0.0233761 0.310459 3.31869e-39 5
-0.218899 -0.0233307 0.309856 4.60943e-39 5
-0.213839 -0.0233307 0.309856 9.31141e-39 5
-0.208779 -0.0233307 0.309856 8.20434e-39 5
-0.204513 -0.0234217 0.311064 7.74372e-39 5
-0.199434 -0.0234217 0.311064 7.19019e-39 5
-0.194734 -0.0234674 0.311672 8.29725e-39 5
-0.189645 -0.0234674 0.311672 1.28148e-38 5
-0.184555 -0.0234674 0.311672 1.12475e-38 5
-0.179466 -0.0234674 0.311672 1.07862e-38 5
-0.174376 -0.0234674 0.311672 9.86422e-39 5
-0.169287 -0.0234674 0.311672 8.38801e-39 5
-0.163877 -0.0234217 0.311064 1.17081e-38 5
-0.158798 -0.0234217 0.311064 1.29067e-38 5
-0.153419 -0.0233761 0.310459 1.16156e-38 5
-0.14835 -0.0233761 0.310459 1.11546e-38 5
-0.143559 -0.0234217 0.311064 7.83592e-39 5
-0.13848 -0.0234217 0.311064 7.74372e-39 5
-0.1334 -0.0234217 0.311064 8.29581e-39 5
-0.128071 -0.0233761 0.310459 1.61324e-38 5
-0.122763 -0.0233307 0.309856 1.44729e-38 5
-0.117932 -0.0233761 0.310459 3.22505e-39 5
-0.112863 -0.0233761 0.310459 4.33284e-39 5
-0.107584 -0.0233307 0.309856 3.87186e-39 5
-0.102524 -0.0233307 0.309856 4.70126e-39 5
-0.097464 -0.0233307 0.309856 5.52995e-39 5
-0.0925841 -0.0233761 0.310459 1.7792e-38 5
-0.0826055 -0.0234217 0.311064 4.24065e-39 5
-0.077526 -0.0234217 0.311064 4.05625e-39 5
-0.0723056 -0.0233761 0.310459 4.42467e-39 5
-0.0671054 -0.0233307 0.309856 6.82176e-39 5
-0.0620456 -0.0233307 0.309856 5.07004e-39 5
-0.0566558 -0.0231956 0.308062 1.45662e-38 5
-0.0516254 -0.0231956 0.308062 1.71477e-38 5
-0.0465949 -0.0231956 0.308062 1.4013e-38 5
-0.0415644 -0.0231956 0.308062 1.21691e-38 5
-0.0367468 -0.0233307 0.309856 1.28134e-38 5
-0.0316256 -0.0232855 0.309256 1.39194e-38 5
-0.0265242 -0.0232405 0.308658 7.83519e-39 5
-0.021484 -0.0232405 0.308658 1.77923e-38 5
-0.0164439 -0.0232405 0.308658 1.13386e-38 5
-0.0114258 -0.0232855 0.309256 1.52108e-38 5
-0.00636346 -0.0232405 0.308658 1.60406e-38 5
-0.00132582 -0.0232855 0.309256 9.40216e-39 5
0.00373137 -0.0233307 0.309856 9.30996e-39 5
0.00880825 -0.0233761 0.310459 1.55796e-38 5
0.0138779 -0.0233761 0.310459 1.46577e-38 5
0.0189107 -0.0233307 0.309856 1.50257e-38 5
0.0238777 -0.0232405 0.308658 1.23521e-38 5
0.0288065 -0.0231509 0.307468 1.44726e-38 5
0.0338926 -0.0231956 0.308062 1.19833e-38 5
0.0389983 -0.0232405 0.308658 1.57633e-38 5
0.0440385 -0.0232405 0.308658 9.58619e-39 5
0.0492693 -0.0233307 0.309856 9.40252e-39 5
0.0547544 -0.0235134 0.312282 9.21812e-39 5
0.0597368 -0.0234674 0.311672 1.63168e-38 5
0.0649531 -0.0235134 0.312282 1.687e-38 5
0.0700525 -0.0235134 0.312282 1.57637e-38 5
0.0745682 -0.0233307 0.309856 1.5764e-38 5
0.0793199 -0.0232405 0.308658 1.22606e-38 5
0.0841972 -0.0231956 0.308062 1.67774e-38 5
0.0892277 -0.0231956 0.308062 1.48413e-38 5
0.0912792 -0.0202962 0.269554 8.94082e-39 5
0.0948795 -0.0201262 0.267296 1.49332e-38 5
0.0987481 -0.0200256 0.26596 1.62236e-38 5
0.102578 -0.0199259 0.264637 1.53016e-38 5
0.10637 -0.0198273 0.263327 1.54864e-38 5
0.110125 -0.0197296 0.26203 1.4841e-38 5
0.113843 -0.0196329 0.260745 6.35899e-39 5
0.117908 -0.0196009 0.26032 1.91749e-38 5
0.12196 -0.0195689 0.259896 1.65002e-38 5
0.126204 -0.0195689 0.259896 1.49328e-38 5
0.150639 -0.0218859 0.290667 6.0842e-39 5
0.156526 -0.0220465 0.2928 6.36078e-39 5
0.161604 -0.022087 0.293338 1.21684e-38 5
0.1667 -0.0221277 0.293878 1.38275e-38 5
0.171816 -0.0221685 0.294421 1.10617e-38 5
0.176623 -0.0221685 0.294421 9.86349e-39 5
0.189146 -0.0208962 0.277523 7.55825e-39 5
0.192672 -0.0207878 0.276083 4.88457e-39 5
0.1965 -0.0207161 0.275131 1.07851e-38 5
0.199959 -0.0206095 0.273715 1.08784e-38 5
0.205132 -0.0206804 0.274657 1.65023e-38 5
0.209617 -0.0206804 0.274657 1.34588e-38 5
0.222415 -0.0210426 0.279468 4.97605e-39 5
0.227777 -0.0211166 0.28045 1.76058e-38 5
0.232765 -0.0211538 0.280944 1.03241e-38 5
0.237772 -0.0211911 0.281439 1.48417e-38 5
0.242796 -0.0212285 0.281936 1.42896e-38 5
0.247399 -0.0212285 0.281936 1.31836e-38 5
0.252449 -0.0212661 0.282435 5.71434e-39 5
0.257061 -0.0212661 0.282435 1.2629e-38 5
0.261211 -0.0212285 0.281936 1.27212e-38 5
0.268993 -0.0211166 0.28045 6.72956e-39 5
0.272614 -0.0210426 0.279468 1.53038e-38 5
0.27621 -0.0209692 0.278492 1.03252e-38 5
0.278812 -0.0208238 0.276561 1.21691e-38 5
0.281862 -0.0207161 0.275131 9.58763e-39 5
0.284882 -0.0206095 0.273715 8.48128e-39 5
0.286404 -0.0203995 0.270927 1.29989e-38 5
0.28838 -0.0202278 0.268646 1.17081e-38 5
0.293692 -0.0199922 0.265517 1.14305e-38 5
0.296058 -0.0198601 0.263762 1.13383e-38 5
0.299869 -0.0198273 0.263327 1.36432e-38 5
0.303168 -0.0197621 0.262461 1.22602e-38 5
0.304946 -0.0196009 0.26032 5.99092e-39 5
0.307691 -0.0195054 0.259052 1.16149e-38 5
0.309909 -0.0193796 0.257381 1.29978e-38 5
0.3126 -0.0192862 0.256141 1.03252e-38 5
0.314761 -0.0191632 0.254507 9.03446e-39 5
-0.268974 -0.0182356 0.309256 1.18e-38 5
-0.264951 -0.0183065 0.310459 1.20766e-38 5
-0.259881 -0.0183065 0.310459 4.7931e-39 5
-0.255308 -0.0183422 0.311064 9.31141e-39 5
-0.250229 -0.0183422 0.311064 9.03482e-39 5
-0.244672 -0.0183065 0.310459 7.46786e-39 5
-0.24007 -0.0183422 0.311064 1.19854e-38 5
-0.235449 -0.018378 0.311672 1.2539e-38 5
-0.23036 -0.018378 0.311672 1.17092e-38 5
-0.224831 -0.0183422 0.311064 6.54626e-39 5
-0.219752 -0.0183422 0.311064 1.14326e-38 5
-0.214255 -0.0183065 0.310459 5.43919e-39 5
-0.209593 -0.0183422 0.311064 9.12702e-39 5
-0.204913 -0.018378 0.311672 1.18914e-38 5
-0.199823 -0.018378 0.311672 1.15237e-38 5
-0.195115 -0.018414 0.312282 1.28148e-38 5
-0.190016 -0.018414 0.312282 1.23546e-38 5
-0.184916 -0.018414 0.312282 1.29992e-38 5
-0.179817 -0.018414 0.312282 1.22617e-38 5
-0.174376 -0.018378 0.311672 1.48424e-38 5
-0.169618 -0.018414 0.312282 9.31069e-39 5
-0.163877 -0.0183422 0.311064 1.01404e-38 5
-0.158798 -0.0183422 0.311064 1.00483e-38 5
-0.153419 -0.0183065 0.310459 1.14312e-38 5
-0.148639 -0.0183422 0.311064 1.16156e-38 5
-0.143559 -0.0183422 0.311064 8.11286e-39 5
-0.13875 -0.018378 0.311672 1.29067e-38 5
-0.1334 -0.0183422 0.311064 1.4013e-38 5
-0.128071 -0.0183065 0.310459 1.36442e-38 5
-0.123002 -0.0183065 0.310459 8.84899e-39 5
-0.117932 -0.0183065 0.310459 1.67778e-38 5
-0.112863 -0.0183065 0.310459 1.19851e-38 5
-0.107584 -0.018271 0.309856 1.09709e-38 5
-0.102524 -0.018271 0.309856 1.16159e-38 5
-0.0972752 -0.0182356 0.309256 1.76998e-38 5
-0.0924043 -0.018271 0.309856 1.06929e-38 5
-0.0873445 -0.018271 0.309856 8.11322e-39 5
-0.0821253 -0.0182356 0.309256 1.03256e-38 5
-0.077225 -0.018271 0.309856 9.31176e-39 5
-0.0720253 -0.0182356 0.309256 1.45662e-38 5
-0.0669754 -0.0182356 0.309256 9.77202e-39 5
-0.0619254 -0.0182356 0.309256 1.41052e-38 5
-0.0566558 -0.0181652 0.308062 1.99135e-38 5
-0.0517252 -0.0182003 0.308658 1.60413e-38 5
-0.046685 -0.0182003 0.308658 1.54881e-38 5
-0.0416448 -0.0182003 0.308658 1.47495e-38 5
-0.0367468 -0.018271 0.309856 1.52101e-38 5
-0.0316256 -0.0182356 0.309256 1.3735e-38 5
-0.0265757 -0.0182356 0.309256 8.01958e-39 5
-0.0215257 -0.0182356 0.309256 9.12593e-39 5
-0.0164757 -0.0182356 0.309256 1.55796e-38 5
-0.0114258 -0.0182356 0.309256 1.63172e-38 5
-0.00637579 -0.0182356 0.309256 1.85299e-38 5
-0.0013284 -0.018271 0.309856 1.7331e-38 5
0.00373863 -0.0183065 0.310459 1.40119e-38 5
0.00882542 -0.0183422 0.311064 1.6686e-38 5
0.0138779 -0.0183065 0.310459 1.67782e-38 5
0.0189107 -0.018271 0.309856 1.65931e-38 5
0.0238777 -0.0182003 0.308658 1.59477e-38 5
0.0288621 -0.0181652 0.308062 1.31818e-38 5
0.0339581 -0.0182003 0.308658 1.59477e-38 5
0.0390739 -0.0182356 0.309256 1.46569e-38 5
0.0442095 -0.018271 0.309856 1.01394e-38 5
0.0493652 -0.0183065 0.310459 9.95569e-39 5
0.0548617 -0.0184501 0.312894 9.6791e-39 5
0.0598537 -0.018414 0.312282 9.58655e-39 5
0.0650805 -0.0184501 0.312894 1.47495e-38 5
0.0699157 -0.018378 0.311672 1.6686e-38 5
0.0744237 -0.0182356 0.309256 1.51186e-38 5
0.0793199 -0.0182003 0.308658 1.77923e-38 5
0.0841972 -0.0181652 0.308062 1.17989e-38 5
0.0909719 -0.015841 0.268646 1.13379e-38 5
0.0945627 -0.0157088 0.266404 1.83441e-38 5
0.0985838 -0.0156565 0.265517 1.79753e-38 5
0.102239 -0.015553 0.263762 1.47484e-38 5
0.105846 -0.0154508 0.26203 1.82519e-38 5
0.109765 -0.0154002 0.261172 1.65927e-38 5
0.113843 -0.0153751 0.260745 1.33659e-38 5
0.117908 -0.01535 0.26032 1.82529e-38 5
0.12196 -0.015325 0.259896 1.03234e-38 5
0.126204 -0.015325 0.259896 1.07844e-38 5
0.146159 -0.0171707 0.291197 1.50272e-38 5
0.150914 -0.0171707 0.291197 1.20769e-38 5
0.157103 -0.0173288 0.293878 1.21695e-38 5
0.1625 -0.0173929 0.294965 1.32747e-38 5
0.167317 -0.0173929 0.294965 1.14305e-38 5
0.172452 -0.0174251 0.295511 4.70018e-39 5
0.177606 -0.0174574 0.296059 1.05089e-38 5
0.189806 -0.0164216 0.278492 1.93431e-39 5
0.193341 -0.016336 0.277042 1.53027e-38 5
0.197522 -0.0163077 0.276561 1.43807e-38 5
0.20134 -0.0162514 0.275606 1.13393e-38 5
0.208725 -0.0164791 0.279468 1.52116e-38 5
0.214415 -0.0165661 0.280944 1.51183e-38 5
0.219389 -0.0165953 0.281439 1.33666e-38 5
0.224777 -0.0166541 0.282435 1.45633e-38 5
0.229389 -0.0166541 0.282435 1.93252e-39 5
0.234416 -0.0166836 0.282936 1.30893e-38 5
0.238613 -0.0166541 0.282435 1.26283e-38 5
0.243225 -0.0166541 0.282435 1.43818e-38 5
0.247837 -0.0166541 0.282435 1.32755e-38 5
0.252897 -0.0166836 0.282936 1.27212e-38 5
0.257517 -0.0166836 0.282936 1.43807e-38 5
0.261673 -0.0166541 0.282435 5.80653e-39 5
0.265346 -0.0165953 0.281439 1.25368e-38 5
0.268993 -0.016537 0.28045 1.33666e-38 5
0.272614 -0.0164791 0.279468 1.42896e-38 5
0.27621 -0.0164216 0.278492 1.32755e-38 5
0.27737 -0.0162234 0.275131 4.24029e-39 5
0.280894 -0.0161676 0.274186 1.00486e-38 5
0.286404 -0.0159755 0.270927 8.66567e-39 5
0.288866 -0.0158677 0.269099 6.17639e-39 5
0.293692 -0.0156565 0.265517 5.25443e-39 5
0.299869 -0.0155273 0.263327 8.94226e-39 5
0.302174 -0.0154255 0.2616 1.1155e-38 5
0.303955 -0.0153001 0.259473 1.23524e-38 5
0.307193 -0.0152505 0.258632 1.51183e-38 5
0.30941 -0.0151523 0.256966 8.1125e-39 5
0.312099 -0.0150794 0.255731 6.63737e-39 5
0.314761 -0.0150073 0.254507 1.09706e-38 5
-0.270021 -0.0132369 0.310459 1.26297e-38 5
-0.265467 -0.0132627 0.311064 3.68568e-39 5
-0.260388 -0.0132627 0.311064 2.21163e-39 5
-0.256308 -0.0133146 0.312282 3.68676e-39 5
-0.250718 -0.0132886 0.311672 1.06021e-38 5
-0.245628 -0.0132886 0.311672 1.30911e-38 5
-0.240539 -0.0132886 0.311672 4.33249e-39 5
-0.23591 -0.0133146 0.312282 8.38945e-39 5
-0.230811 -0.0133146 0.312282 8.29725e-39 5
-0.225711 -0.0133146 0.312282 1.06943e-38 5
-0.220612 -0.0133146 0.312282 7.19091e-39 5
-0.215513 -0.0133146 0.312282 1.24461e-38 5
-0.210002 -0.0132886 0.311672 7.74408e-39 5
-0.205314 -0.0133146 0.312282 6.26751e-39 5
-0.200215 -0.0133146 0.312282 1.44736e-38 5
-0.195115 -0.0133146 0.312282 4.60943e-39 5
-0.190016 -0.0133146 0.312282 4.60979e-39 5
-0.184555 -0.0132886 0.311672 5.62358e-39 5
-0.179466 -0.0132886 0.311672 8.11214e-39 5
-0.174376 -0.0132886 0.311672 1.50275e-38 5
-0.169287 -0.0132886 0.311672 4.97821e-39 5
-0.164198 -0.0132886 0.311672 8.57384e-39 5
-0.159108 -0.0132886 0.311672 9.21993e-39 5
-0.153718 -0.0132627 0.311064 5.53138e-39 5
-0.148929 -0.0132886 0.311672 1.56697e-39 5
-0.14384 -0.0132886 0.311672 1.53048e-38 5
-0.13875 -0.0132886 0.311672 1.57658e-38 5
-0.1334 -0.0132627 0.311064 1.49353e-38 5
-0.128321 -0.0132627 0.311064 1.39208e-38 5
-0.123002 -0.0132369 0.310459 1.20758e-38 5
-0.117932 -0.0132369 0.310459 9.31069e-39 5
-0.112863 -0.0132369 0.310459 1.051e-38 5
-0.107793 -0.0132369 0.310459 1.59495e-38 5
-0.102524 -0.0132112 0.309856 1.45662e-38 5
-0.097464 -0.0132112 0.309856 1.79774e-38 5
-0.0924043 -0.0132112 0.309856 1.64101e-38 5
-0.0873445 -0.0132112 0.309856 1.37372e-38 5
-0.077225 -0.0132112 0.309856 1.7425e-38 5
-0.0721652 -0.0132112 0.309856 1.4474e-38 5
-0.0669754 -0.0131856 0.309256 1.6225e-38 5
-0.0619254 -0.0131856 0.309256 1.79764e-38 5
-0.0566558 -0.0131347 0.308062 5.8998e-39 5
-0.0517252 -0.0131601 0.308658 6.91468e-39 5
-0.046685 -0.0131601 0.308658 5.71541e-39 5
-0.0416448 -0.0131601 0.308658 1.81607e-38 5
-0.0367468 -0.0132112 0.309856 1.55793e-38 5
-0.031687 -0.0132112 0.309856 1.7792e-38 5
-0.0265757 -0.0131856 0.309256 1.78845e-38 5
-0.0215675 -0.0132112 0.309856 1.45655e-38 5
-0.0165077 -0.0132112 0.309856 1.6686e-38 5
-0.0114479 -0.0132112 0.309856 1.69626e-38 5
-0.0064006 -0.0132369 0.310459 1.63172e-38 5
-0.00133098 -0.0132369 0.310459 1.76998e-38 5
0.00373863 -0.0132369 0.310459 1.79767e-38 5
0.00882542 -0.0132627 0.311064 1.68704e-38 5
0.0138779 -0.0132369 0.310459 1.29981e-38 5
0.0189475 -0.0132369 0.310459 1.17074e-38 5
0.0238777 -0.0131601 0.308658 1.14308e-38 5
0.0289179 -0.0131601 0.308658 1.75157e-38 5
0.0340239 -0.0131856 0.309256 1.69626e-38 5
0.0392259 -0.0132369 0.310459 1.50257e-38 5
0.0444686 -0.0132886 0.311672 1.67774e-38 5
0.049558 -0.0132886 0.311672 1.06011e-38 5
0.0549695 -0.0133669 0.313509 1.05089e-38 5
0.0600889 -0.0133669 0.313509 1.1984e-38 5
0.0652083 -0.0133669 0.313509 1.77001e-38 5
0.0699157 -0.0132886 0.311672 1.32744e-38 5
0.0744237 -0.0131856 0.309256 1.70544e-38 5
0.0794736 -0.0131856 0.309256 1.67782e-38 5
0.0843601 -0.0131601 0.308658 1.48421e-38 5
0.0903634 -0.0113775 0.266849 1.47488e-38 5
0.094248 -0.0113207 0.265517 1.75147e-38 5
0.09842 -0.0113019 0.265076 1.52087e-38 5
0.101902 -0.0112088 0.262893 1.82519e-38 5
0.1055 -0.0111355 0.261172 1.66845e-38 5
0.109585 -0.0111173 0.260745 1.72377e-38 5
0.113843 -0.0111173 0.260745 1.46555e-38 5
0.117908 -0.0110991 0.26032 1.4841e-38 5
0.122159 -0.0110991 0.26032 1.26283e-38 5
0.126204 -0.0110811 0.259896 1.71459e-38 5
0.158268 -0.0126229 0.296059 7.65008e-39 5
0.162801 -0.0125996 0.295511 1.90831e-38 5
0.167626 -0.0125996 0.295511 1.81607e-38 5
0.173415 -0.01267 0.297162 1.69633e-38 5
0.174354 -0.0120634 0.282936 8.38764e-39 5
0.177401 -0.0119574 0.28045 1.41027e-38 5
0.181981 -0.0119574 0.28045 1.43804e-38 5
0.190471 -0.0119155 0.279468 9.03446e-39 5
0.194353 -0.0118739 0.278492 1.6588e-39 5
0.199598 -0.0119155 0.279468 5.89873e-39 5
0.20524 -0.0119785 0.280944 1.44729e-38 5
0.210569 -0.0120208 0.281936 1.31822e-38 5
0.215172 -0.0120208 0.281936 1.65934e-38 5
0.220165 -0.0120421 0.282435 1.34598e-38 5
0.225977 -0.0121063 0.283943 1.29049e-38 5
0.230614 -0.0121063 0.283943 1.60384e-38 5
0.23525 -0.0121063 0.283943 1.47488e-38 5
0.239461 -0.0120848 0.283439 1.75147e-38 5
0.244089 -0.0120848 0.283439 2.3031e-39 5
0.248277 -0.0120634 0.282936 1.19836e-38 5
0.253797 -0.0121063 0.283943 1.38286e-38 5
0.258894 -0.0121279 0.284449 1.41041e-38 5
0.262603 -0.0120848 0.283439 1.41963e-38 5
0.265815 -0.0120208 0.281936 1.12461e-38 5
0.272614 -0.0119155 0.279468 6.63737e-39 5
0.27525 -0.0118326 0.277523 1.54882e-38 5
0.276416 -0.0116903 0.274186 1.42896e-38 5
0.279932 -0.0116503 0.273247 1.36439e-38 5
0.283423 -0.0116105 0.272314 8.02031e-39 5
0.285918 -0.0115318 0.270468 3.50272e-39 5
0.28838 -0.0114542 0.268646 2.76515e-39 5
0.290323 -0.0113585 0.266404 7.19054e-39 5
0.294182 -0.0113396 0.26596 6.45298e-39 5
0.296548 -0.0112645 0.264199 1.27223e-38 5
0.298883 -0.0111904 0.262461 1.29067e-38 5
0.301187 -0.0111173 0.260745 1.18003e-38 5
0.306696 -0.0110093 0.258214 1.27219e-38 5
0.30743 -0.010886 0.255322 1.18003e-38 5
0.310605 -0.0108513 0.254507 8.75787e-39 5
0.31376 -0.0108168 0.253698 7.00615e-39 5
-0.271075 -0.00819919 0.311672 2.7648e-39 5
-0.266506 -0.00821524 0.312282 9.67947e-39 5
-0.260896 -0.00819919 0.311672 1.09702e-38 5
-0.256308 -0.00821524 0.312282 9.95606e-39 5
-0.251208 -0.00821524 0.312282 9.95678e-39 5
-0.246109 -0.00821524 0.312282 6.63738e-39 5
-0.24101 -0.00821524 0.312282 1.17085e-38 5
-0.236373 -0.00823134 0.312894 9.86458e-39 5
-0.231263 -0.00823134 0.312894 7.46749e-39 5
-0.226154 -0.00823134 0.312894 1.2907e-38 5
-0.221045 -0.00823134 0.312894 6.08456e-39 5
-0.215935 -0.00823134 0.312894 3.0421e-39 5
-0.210413 -0.00821524 0.312282 7.92847e-39 5
-0.205314 -0.00821524 0.312282 1.29063e-38 5
-0.200607 -0.00823134 0.312894 3.68675e-39 5
-0.195498 -0.00823134 0.312894 5.2548e-39 5
-0.190016 -0.00821524 0.312282 4.33356e-39 5
-0.184555 -0.00819919 0.311672 1.28148e-38 5
-0.179466 -0.00819919 0.311672 1.06021e-38 5
-0.174376 -0.00819919 0.311672 5.43919e-39 5
-0.169287 -0.00819919 0.311672 4.97893e-39 5
-0.164519 -0.00821524 0.312282 4.05697e-39 5
-0.159108 -0.00819919 0.311672 5.07041e-39 5
-0.154019 -0.00819919 0.311672 7.83628e-39 5
-0.148929 -0.00819919 0.311672 1.63176e-38 5
-0.144121 -0.00821524 0.312282 5.80869e-39 5
-0.13875 -0.00819919 0.311672 5.99236e-39 5
-0.1334 -0.00818321 0.311064 5.07041e-39 5
-0.128071 -0.00816729 0.310459 5.1626e-39 5
-0.123002 -0.00816729 0.310459 1.74992e-39 5
-0.117932 -0.00816729 0.310459 1.14315e-38 5
-0.112643 -0.00815143 0.309856 1.80707e-38 5
-0.107584 -0.00815143 0.309856 1.03256e-38 5
-0.102524 -0.00815143 0.309856 1.55803e-38 5
-0.0972752 -0.00813563 0.309256 9.21885e-39 5
-0.0925841 -0.00816729 0.310459 9.12665e-39 5
-0.0873445 -0.00815143 0.309856 9.12737e-39 5
-0.0824448 -0.00816729 0.310459 9.12737e-39 5
-0.077526 -0.00818321 0.311064 7.65224e-39 5
-0.0723056 -0.00816729 0.310459 1.59491e-38 5
-0.067236 -0.00816729 0.310459 1.98206e-38 5
-0.0620456 -0.00815143 0.309856 1.89905e-38 5
-0.0568754 -0.00813563 0.309256 1.43818e-38 5
-0.0517252 -0.00811989 0.308658 6.73028e-39 5
-0.0467755 -0.00813563 0.309256 7.09835e-39 5
-0.0416448 -0.00811989 0.308658 7.55825e-39 5
-0.0367468 -0.00815143 0.309856 9.67875e-39 5
-0.0316256 -0.00813563 0.309256 1.2445e-38 5
-0.0265757 -0.00813563 0.309256 1.70548e-38 5
-0.0216094 -0.00816729 0.310459 1.41967e-38 5
-0.0165077 -0.00815143 0.309856 1.67782e-38 5
-0.0114702 -0.00816729 0.310459 1.11542e-38 5
-0.00641307 -0.00818321 0.311064 1.08776e-38 5
-0.00133358 -0.00818321 0.311064 1.06011e-38 5
0.00375324 -0.00819919 0.311672 1.13386e-38 5
0.00884265 -0.00819919 0.311672 1.13386e-38 5
0.0139049 -0.00818321 0.311064 1.25372e-38 5
0.0189844 -0.00818321 0.311064 1.65016e-38 5
0.0239705 -0.00815143 0.309856 1.87143e-38 5
0.0290302 -0.00815143 0.309856 1.16152e-38 5
0.0341563 -0.00816729 0.310459 1.28138e-38 5
0.0393792 -0.00819919 0.311672 1.78838e-38 5
0.044643 -0.00823134 0.312894 1.87136e-38 5
0.049655 -0.00821524 0.312282 1.50264e-38 5
0.0551863 -0.00828005 0.314746 1.77001e-38 5
0.0602072 -0.00826375 0.314126 1.65016e-38 5
0.0653367 -0.00826375 0.314126 1.80689e-38 5
0.0699157 -0.00819919 0.311672 1.69626e-38 5
0.0744237 -0.00813563 0.309256 1.76998e-38 5
0.0796279 -0.00815143 0.309856 1.5303e-38 5
0.0861499 -0.0070318 0.267296 1.19836e-38 5
0.094248 -0.006985 0.265517 1.89898e-38 5
0.0982568 -0.00696183 0.264637 2.02794e-38 5
0.101568 -0.00689324 0.26203 1.816e-38 5
0.105327 -0.00685945 0.260745 1.65009e-38 5
0.109585 -0.00685945 0.260745 1.81597e-38 5
0.113843 -0.00685945 0.260745 1.75147e-38 5
0.117908 -0.00684826 0.26032 1.33659e-38 5
0.12196 -0.00683711 0.259896 1.44722e-38 5
0.125999 -0.00682599 0.259473 1.56711e-38 5
0.158858 -0.00781748 0.297162 1.73313e-38 5
0.163406 -0.00780295 0.29661 2.07426e-38 5
0.17709 -0.00736489 0.279958 1.68696e-38 5
0.181662 -0.00736489 0.279958 1.61321e-38 5
0.186233 -0.00736489 0.279958 9.21777e-39 5
0.190138 -0.00733914 0.278979 1.90838e-38 5
0.193677 -0.00730084 0.277523 1.61342e-38 5
0.199598 -0.00735199 0.279468 1.24446e-38 5
0.204879 -0.00737783 0.28045 1.51183e-38 5
0.214793 -0.00740386 0.281439 1.72388e-38 5
0.220165 -0.00743006 0.282435 3.04174e-39 5
0.225977 -0.00746973 0.283943 7.92631e-39 5
0.230614 -0.00746973 0.283943 1.56697e-38 5
0.23525 -0.00746973 0.283943 1.25361e-38 5
0.239887 -0.00746973 0.283943 1.65927e-38 5
0.24496 -0.00748304 0.284449 1.71466e-38 5
0.249604 -0.00748304 0.284449 1.41041e-38 5
0.254703 -0.0074964 0.284957 1.14315e-38 5
0.259357 -0.0074964 0.284957 1.33666e-38 5
0.262603 -0.00745646 0.283439 5.71434e-39 5
0.266285 -0.00743006 0.282435 6.5441e-39 5
0.272138 -0.00733914 0.278979 1.45662e-38 5
0.273821 -0.00726295 0.276083 1.18925e-38 5
0.27547 -0.00718833 0.273247 1.45662e-38 5
0.279453 -0.00717604 0.272779 1.46584e-38 5
0.28294 -0.00715159 0.27185 1.28145e-38 5
0.285434 -0.00710319 0.27001 7.19055e-39 5
0.287895 -0.00705544 0.268195 1.25379e-38 5
0.290323 -0.00700832 0.266404 1.38286e-38 5
0.294182 -0.00699664 0.26596 1.41974e-38 5
0.296548 -0.00695031 0.264199 1.09706e-38 5
0.298883 -0.00690458 0.262461 1.31833e-38 5
0.300696 -0.00684826 0.26032 1.24457e-38 5
0.306696 -0.00679286 0.258214 5.16224e-39 5
0.306449 -0.00669535 0.254507 1.34598e-38 5
0.309618 -0.00667406 0.253698 1.10628e-38 5
0.312271 -0.00664238 0.252494 7.74372e-39 5
-0.271075 -0.00310977 0.311672 1.26297e-38 5
-0.265986 -0.00310977 0.311672 2.11943e-39 5
-0.261407 -0.00311586 0.312282 1.0878e-38 5
-0.25681 -0.00312197 0.312894 5.99165e-39 5
-0.251701 -0.00312197 0.312894 1.59488e-38 5
-0.246109 -0.00311586 0.312282 1.65027e-38 5
-0.236837 -0.0031281 0.313509 1.27226e-38 5
-0.231718 -0.0031281 0.313509 2.30454e-39 5
-0.226598 -0.0031281 0.313509 3.50308e-39 5
-0.221045 -0.00312197 0.312894 4.24065e-39 5
-0.215935 -0.00312197 0.312894 1.11553e-38 5
-0.210826 -0.00312197 0.312894 1.02334e-38 5
-0.205716 -0.00312197 0.312894 4.7931e-39 5
-0.200607 -0.00312197 0.312894 3.87186e-39 5
-0.195498 -0.00312197 0.312894 6.82212e-39 5
-0.190016 -0.00311586 0.312282 1.59495e-38 5
-0.184916 -0.00311586 0.312282 4.60943e-39 5
-0.179466 -0.00310977 0.311672 5.1626e-39 5
-0.174376 -0.00310977 0.311672 4.88673e-39 5
-0.169287 -0.00310977 0.311672 4.70234e-39 5
-0.164519 -0.00311586 0.312282 5.34699e-39 5
-0.15942 -0.00311586 0.312282 1.52119e-38 5
-0.15432 -0.00311586 0.312282 3.9637e-39 5
-0.148929 -0.00310977 0.311672 4.42468e-39 5
-0.14384 -0.00310977 0.311672 4.51723e-39 5
-0.13848 -0.00310371 0.311064 4.51759e-39 5
-0.1334 -0.00310371 0.311064 3.87222e-39 5
-0.128321 -0.00310371 0.311064 6.4537e-39 5
-0.123002 -0.00309767 0.310459 1.24457e-38 5
-0.117703 -0.00309166 0.309856 1.94529e-38 5
-0.112643 -0.00309166 0.309856 3.96478e-39 5
-0.107584 -0.00309166 0.309856 5.90017e-39 5
-0.102524 -0.00309166 0.309856 1.41052e-38 5
-0.0972752 -0.00308567 0.309256 1.67789e-38 5
-0.0924043 -0.00309166 0.309856 1.90845e-38 5
-0.0873445 -0.00309166 0.309856 1.94533e-38 5
-0.0822847 -0.00309166 0.309856 9.86493e-39 5
-0.0773752 -0.00309767 0.310459 7.19126e-39 5
-0.0721652 -0.00309166 0.309856 1.92685e-38 5
-0.0671054 -0.00309166 0.309856 1.43818e-38 5
-0.0620456 -0.00309166 0.309856 1.49339e-38 5
-0.0568754 -0.00308567 0.309256 1.65945e-38 5
-0.0517252 -0.0030797 0.308658 1.99143e-38 5
-0.0467755 -0.00308567 0.309256 1.73321e-38 5
-0.0416448 -0.0030797 0.308658 1.21691e-38 5
-0.0366756 -0.00308567 0.309256 1.42896e-38 5
-0.0315644 -0.0030797 0.308658 2.00057e-38 5
-0.0265242 -0.0030797 0.308658 8.02066e-39 5
-0.0215675 -0.00309166 0.309856 2.13879e-38 5
-0.0165077 -0.00309166 0.309856 1.93596e-38 5
-0.0114479 -0.00309166 0.309856 1.58562e-38 5
-0.00643818 -0.00311586 0.312282 1.84377e-38 5
-0.0013388 -0.00311586 0.312282 1.68704e-38 5
0.00376795 -0.00312197 0.312894 1.17074e-38 5
0.00885996 -0.00311586 0.312282 1.65016e-38 5
0.0139321 -0.00310977 0.311672 1.96362e-38 5
0.0190215 -0.00310977 0.311672 1.83455e-38 5
0.0240639 -0.00310371 0.311064 1.83455e-38 5
0.0290867 -0.00309767 0.310459 1.87143e-38 5
0.0342897 -0.00310977 0.311672 1.82533e-38 5
0.0395336 -0.00312197 0.312894 1.94511e-38 5
0.0448187 -0.00313426 0.314126 2.01887e-38 5
0.0499482 -0.00313426 0.314126 1.41045e-38 5
0.0552954 -0.00314665 0.315368 1.92674e-38 5
0.060326 -0.00314044 0.314746 2.01901e-38 5
0.0655949 -0.00314665 0.315368 1.0694e-38 5
0.0703277 -0.0031281 0.313509 1.29059e-38 5
0.0747132 -0.00309767 0.310459 1.39194e-38 5
0.0804086 -0.00312197 0.312894 1.50264e-38 5
0.0861499 -0.00266701 0.267296 1.78842e-38 5
0.0902125 -0.0026581 0.266404 1.50261e-38 5
0.0940915 -0.00264486 0.265076 1.84366e-38 5
0.0980941 -0.0026361 0.264199 1.76069e-38 5
0.101735 -0.00261876 0.262461 1.84373e-38 5
0.105673 -0.00261017 0.2616 1.42882e-38 5
0.109765 -0.0026059 0.261172 1.45648e-38 5
0.114216 -0.00261017 0.2616 1.59473e-38 5
0.118488 -0.00261017 0.2616 1.90827e-38 5
0.122359 -0.00260164 0.260745 2.00047e-38 5
0.126617 -0.00260164 0.260745 3.68603e-39 5
0.160956 -0.00300416 0.301087 1.74235e-38 5
0.172822 -0.00279825 0.28045 1.56715e-38 5
0.17709 -0.00279334 0.279958 1.69622e-38 5
0.181662 -0.00279334 0.279958 2.00047e-38 5
0.186561 -0.00279825 0.28045 1.21691e-38 5
0.190471 -0.00278845 0.279468 1.19847e-38 5
0.194693 -0.00278357 0.278979 1.42896e-38 5
0.200652 -0.00280318 0.280944 1.28134e-38 5
0.205602 -0.00280812 0.281439 1.61324e-38 5
0.210197 -0.00280812 0.281439 1.7792e-38 5
0.215172 -0.00281308 0.281936 1.66856e-38 5
0.220556 -0.00282306 0.282936 9.58763e-39 5
0.225977 -0.0028331 0.283943 1.36432e-38 5
0.231025 -0.00283815 0.284449 1.4196e-38 5
0.23567 -0.00283815 0.284449 1.52105e-38 5
0.240315 -0.00283815 0.284449 1.3274e-38 5
0.245397 -0.00284322 0.284957 1.44729e-38 5
0.25005 -0.00284322 0.284957 1.5948e-38 5
0.255616 -0.00285341 0.285978 1.23535e-38 5
0.259357 -0.00284322 0.284957 2.39529e-39 5
0.26307 -0.0028331 0.283943 1.93431e-39 5
0.266285 -0.00281806 0.282435 5.99092e-39 5
0.269942 -0.00280812 0.281439 6.54409e-39 5
0.272614 -0.00278845 0.279468 1.44729e-38 5
0.274772 -0.00276424 0.277042 1.53027e-38 5
0.275942 -0.00273105 0.273715 5.52995e-39 5
0.279453 -0.00272172 0.272779 8.94118e-39 5
0.28294 -0.00271244 0.27185 1.57647e-38 5
0.284952 -0.00268953 0.269554 1.07862e-38 5
0.28693 -0.00266701 0.267296 9.58763e-39 5
0.290323 -0.0026581 0.266404 1.24457e-38 5
0.294182 -0.00265367 0.26596 3.04174e-39 5
0.29704 -0.00264047 0.264637 1.18925e-38 5
0.299869 -0.0026274 0.263327 1.14315e-38 5
0.301187 -0.00260164 0.260745 6.45298e-39 5
0.3062 -0.00257222 0.257796 7.28274e-39 5
0.30499 -0.00252731 0.253295 1.3552e-38 5
0.311286 -0.00251136 0.251697 9.58763e-39 5
-0.272138 0.00198741 0.312894 1.47406e-39 5
-0.267029 0.00198741 0.312894 1.14319e-38 5
-0.261407 0.00198352 0.312282 2.85772e-39 5
-0.25681 0.00198741 0.312894 3.31797e-39 5
-0.252195 0.00199131 0.313509 2.7648e-39 5
-0.247076 0.00199131 0.313509 5.53139e-39 5
-0.241957 0.00199131 0.313509 1.53041e-38 5
-0.237303 0.00199523 0.314126 2.94991e-39 5
-0.232174 0.00199523 0.314126 4.05626e-39 5
-0.226598 0.00199131 0.313509 4.33284e-39 5
-0.221479 0.00199131 0.313509 1.01412e-38 5
-0.216359 0.00199131 0.313509 8.38945e-39 5
-0.210826 0.00198741 0.312894 1.17085e-38 5
-0.206121 0.00199131 0.313509 1.28148e-38 5
-0.201001 0.00199131 0.313509 1.40134e-38 5
-0.195882 0.00199131 0.313509 1.77012e-38 5
-0.190388 0.00198741 0.312894 1.25386e-38 5
-0.184916 0.00198352 0.312282 1.14323e-38 5
-0.179466 0.00197964 0.311672 1.15248e-38 5
-0.174718 0.00198352 0.312282 1.47517e-38 5
-0.169287 0.00197964 0.311672 8.66783e-39 5
-0.164519 0.00198352 0.312282 1.7886e-38 5
-0.15942 0.00198352 0.312282 4.24029e-39 5
-0.154623 0.00198741 0.312894 5.62286e-39 5
-0.149513 0.00198741 0.312894 1.11539e-38 5
-0.144121 0.00198352 0.312282 1.54881e-38 5
-0.13875 0.00197964 0.311672 1.45669e-38 5
-0.1334 0.00197579 0.311064 7.56004e-39 5
-0.128071 0.00197194 0.310459 1.33687e-38 5
-0.122763 0.00196811 0.309856 1.92682e-38 5
-0.117475 0.0019643 0.309256 8.75859e-39 5
-0.112425 0.0019643 0.309256 4.33464e-39 5
-0.107375 0.0019643 0.309256 3.31941e-39 5
-0.102325 0.0019643 0.309256 3.77967e-39 5
-0.0972752 0.0019643 0.309256 3.59528e-39 5
-0.0922252 0.0019643 0.309256 3.78002e-39 5
-0.0870066 0.0019605 0.308658 3.04317e-39 5
-0.0819664 0.0019605 0.308658 1.56733e-38 5
-0.0769262 0.0019605 0.308658 1.91763e-38 5
-0.071886 0.0019605 0.308658 7.19091e-39 5
-0.0669754 0.0019643 0.309256 5.80797e-39 5
-0.0619254 0.0019643 0.309256 2.05578e-38 5
-0.0569859 0.00196811 0.309856 1.81618e-38 5
-0.0518255 0.0019643 0.309256 1.29074e-38 5
-0.0468663 0.00196811 0.309856 1.20773e-38 5
-0.0417255 0.0019643 0.309256 2.00057e-38 5
-0.0366756 0.0019643 0.309256 1.67789e-38 5
-0.031687 0.00196811 0.309856 1.36446e-38 5
-0.0265757 0.0019643 0.309256 1.02334e-38 5
-0.0216094 0.00197194 0.310459 1.07854e-38 5
-0.0165398 0.00197194 0.310459 9.21812e-39 5
-0.0114702 0.00197194 0.310459 1.9544e-38 5
-0.00646347 0.00199131 0.313509 1.99128e-38 5
-0.0013467 0.00199523 0.314126 1.47499e-38 5
0.00377536 0.00199131 0.313509 1.68704e-38 5
0.00887733 0.00198741 0.312894 1.77001e-38 5
0.0139593 0.00198352 0.312282 1.29059e-38 5
0.0190587 0.00198352 0.312282 1.42889e-38 5
0.0241581 0.00198352 0.312282 1.45655e-38 5
0.0291434 0.00197579 0.311064 1.93596e-38 5
0.0343568 0.00198352 0.312282 1.38279e-38 5
0.0396892 0.00199523 0.314126 1.42882e-38 5
0.0449959 0.00200312 0.315368 1.29974e-38 5
0.0500467 0.00199917 0.314746 1.90831e-38 5
0.0552954 0.00200312 0.315368 2.11114e-38 5
0.060326 0.00199917 0.314746 2.11121e-38 5
0.0655949 0.00200312 0.315368 2.08358e-38 5
0.0701898 0.00198741 0.312894 1.78845e-38 5
0.0744237 0.0019643 0.309256 1.05085e-38 5
0.0899123 0.00168649 0.265517 1.61324e-38 5
0.0937799 0.00167811 0.264199 1.7792e-38 5
0.097932 0.00167534 0.263762 2.07419e-38 5
0.101735 0.00166707 0.262461 1.63168e-38 5
0.105846 0.00166433 0.26203 1.58566e-38 5
0.109945 0.0016616 0.2616 2.09266e-38 5
0.114404 0.00166433 0.26203 1.85295e-38 5
0.118683 0.00166433 0.26203 1.72388e-38 5
0.12276 0.0016616 0.2616 1.41963e-38 5
0.127032 0.0016616 0.2616 2.10192e-38 5
0.149991 0.00189809 0.298831 2.02686e-39 5
0.164051 0.00194919 0.306877 1.42896e-38 5
0.172519 0.00177821 0.279958 1.47506e-38 5
0.17678 0.00177509 0.279468 1.63179e-38 5
0.181344 0.00177509 0.279468 1.93604e-38 5
0.186233 0.00177821 0.279958 1.48435e-38 5
0.190471 0.00177509 0.279468 1.45662e-38 5
0.195034 0.00177509 0.279468 1.44744e-38 5
0.201006 0.00178762 0.281439 1.90827e-38 5
0.205965 0.00179077 0.281936 1.20758e-38 5
0.210941 0.00179394 0.282435 1.17992e-38 5
0.215553 0.00179394 0.282435 1.38275e-38 5
0.220947 0.00180032 0.283439 1.65945e-38 5
0.22638 0.00180673 0.284449 1.32744e-38 5
0.231437 0.00180996 0.284957 1.49335e-38 5
0.236513 0.0018132 0.285467 1.55793e-38 5
0.241174 0.0018132 0.285467 1.65009e-38 5
0.246719 0.00181971 0.286492 8.75679e-39 5
0.251849 0.00182298 0.287007 1.42885e-38 5
0.256536 0.00182298 0.287007 1.65023e-38 5
0.26401 0.00180996 0.284957 3.96262e-39 5
0.267231 0.00180032 0.283439 6.82068e-39 5
0.270419 0.00179077 0.281936 1.29978e-38 5
0.273093 0.00177821 0.279958 1.36435e-38 5
0.27525 0.00176274 0.277523 1.56715e-38 5
0.275942 0.00173856 0.273715 1.50261e-38 5
0.278976 0.00172966 0.272314 1.53027e-38 5
0.281979 0.00172085 0.270927 1.70555e-38 5
0.283993 0.00170636 0.268646 1.47506e-38 5
0.28693 0.00169779 0.267296 7.55933e-39 5
0.290323 0.00169212 0.266404 7.92811e-39 5
0.294673 0.00169212 0.266404 1.20769e-38 5
0.298028 0.00168649 0.265517 1.20769e-38 5
0.301361 0.00168089 0.264637 1.07862e-38 5
0.302174 0.0016616 0.2616 1.22613e-38 5
0.303955 0.00164809 0.259473 1.33677e-38 5
0.3062 0.00163744 0.257796 1.28145e-38 5
0.30499 0.00160885 0.253295 1.26301e-38 5
0.311778 0.00160123 0.252095 1.32755e-38 5
-0.287466 0.00709678 0.312894 2.85808e-39 5
-0.281254 0.00706906 0.311672 1.93612e-39 5
-0.276165 0.00706906 0.311672 2.85772e-39 5
-0.272673 0.00711073 0.313509 1.18007e-38 5
-0.267029 0.00709678 0.312894 7.55969e-39 5
-0.26192 0.00709678 0.312894 1.11553e-38 5
-0.25681 0.00709678 0.312894 1.22617e-38 5
-0.252195 0.00711073 0.313509 1.21695e-38 5
-0.247076 0.00711073 0.313509 1.48431e-38 5
-0.241957 0.00711073 0.313509 3.50308e-39 5
-0.237771 0.00713878 0.314746 9.58799e-39 5
-0.232632 0.00713878 0.314746 1.19851e-38 5
-0.227492 0.00713878 0.314746 9.77239e-39 5
-0.222353 0.00713878 0.314746 1.10631e-38 5
-0.217213 0.00713878 0.314746 1.59495e-38 5
-0.211656 0.00712472 0.314126 7.3753e-39 5
-0.206526 0.00712472 0.314126 9.77238e-39 5
-0.201397 0.00712472 0.314126 1.62261e-38 5
-0.195882 0.00711073 0.313509 3.50308e-39 5
-0.190762 0.00711073 0.313509 4.14845e-39 5
-0.184916 0.0070829 0.312282 3.13394e-39 5
-0.179817 0.0070829 0.312282 4.33284e-39 5
-0.17506 0.00709678 0.312894 1.678e-38 5
-0.169618 0.0070829 0.312282 1.69644e-38 5
-0.164841 0.00709678 0.312894 1.40137e-38 5
-0.159732 0.00709678 0.312894 1.49357e-38 5
-0.154926 0.00711073 0.313509 1.33677e-38 5
-0.149513 0.00709678 0.312894 1.92682e-38 5
-0.144121 0.0070829 0.312282 5.71541e-39 5
-0.13875 0.00706906 0.311672 1.21698e-38 5
-0.1334 0.00705528 0.311064 2.04678e-38 5
-0.128071 0.00704156 0.310459 2.02867e-39 5
-0.122763 0.00702788 0.309856 2.12015e-39 5
-0.117475 0.00701426 0.309256 2.07437e-38 5
-0.112425 0.00701426 0.309256 1.63186e-38 5
-0.107375 0.00701426 0.309256 1.67796e-38 5
-0.102325 0.00701426 0.309256 3.87186e-39 5
-0.097087 0.0070007 0.308658 4.3332e-39 5
-0.0920468 0.0070007 0.308658 1.81625e-38 5
-0.0819664 0.0070007 0.308658 4.33391e-39 5
-0.0769262 0.0070007 0.308658 5.07112e-39 5
-0.071886 0.0070007 0.308658 6.17747e-39 5
-0.0668458 0.0070007 0.308658 6.82212e-39 5
-0.0620456 0.00702788 0.309856 7.00687e-39 5
-0.0569859 0.00702788 0.309856 9.03517e-39 5
-0.0519261 0.00702788 0.309856 9.77202e-39 5
-0.0468663 0.00702788 0.309856 1.93604e-38 5
-0.0417255 0.00701426 0.309256 1.86228e-38 5
-0.0368183 0.00704156 0.310459 6.82176e-39 5
-0.0318727 0.00706906 0.311672 1.05099e-38 5
-0.0267311 0.00705528 0.311064 2.06515e-38 5
-0.0216939 0.00706906 0.311672 1.60413e-38 5
-0.0166369 0.0070829 0.312282 1.62261e-38 5
-0.011515 0.00706906 0.311672 1.39201e-38 5
-0.00646347 0.00711073 0.313509 1.63172e-38 5
-0.00134406 0.00711073 0.313509 2.10192e-38 5
0.00376795 0.00709678 0.312894 1.68704e-38 5
0.00885996 0.0070829 0.312282 2.14801e-38 5
0.0139593 0.0070829 0.312282 2.03738e-38 5
0.0191336 0.00711073 0.313509 2.10202e-38 5
0.024253 0.00711073 0.313509 1.85299e-38 5
0.0292575 0.0070829 0.312282 1.80682e-38 5
0.0344242 0.00709678 0.312894 1.72391e-38 5
0.0396892 0.00712472 0.314126 1.92667e-38 5
0.0499482 0.00712472 0.314126 1.2907e-38 5
0.0551863 0.00713878 0.314746 1.3829e-38 5
0.0600889 0.00711073 0.313509 1.39208e-38 5
0.0653367 0.00712472 0.314126 2.00061e-38 5
0.259397 0.0262272 1.15635 1.49342e-38 5
0.27828 0.0262272 1.15635 1.81607e-38 5
0.297162 0.0262272 1.15635 1.42882e-38 5
0.0813762 0.00603227 0.26596 2.00961e-38 5
0.0854344 0.00601223 0.265076 1.76998e-38 5
0.0896141 0.00600226 0.264637 2.10188e-38 5
0.0936249 0.00598241 0.263762 1.45651e-38 5
0.097932 0.00598241 0.263762 1.86217e-38 5
0.101902 0.0059627 0.262893 2.14809e-38 5
0.106195 0.0059627 0.262893 2.11121e-38 5
0.110488 0.0059627 0.262893 1.68711e-38 5
0.12357 0.00597254 0.263327 4.88565e-39 5
0.226784 0.00646314 0.284957 1.86228e-38 5
0.231437 0.00646314 0.284957 4.51579e-39 5
0.236937 0.00648631 0.285978 1.97284e-38 5
0.24204 0.00649795 0.286492 1.39197e-38 5
0.247608 0.00652137 0.287524 2.12032e-38 5
0.252303 0.00652137 0.287524 1.95448e-38 5
0.256998 0.00652137 0.287524 1.82544e-38 5
0.260753 0.00649795 0.286492 1.5764e-38 5
0.26401 0.00646314 0.284957 9.03373e-39 5
0.267707 0.00644014 0.283943 9.95497e-39 5
0.270897 0.00640595 0.282435 1.51179e-38 5
0.273093 0.00634975 0.279958 1.39194e-38 5
0.27525 0.00629454 0.277523 1.29981e-38 5
0.275942 0.00620817 0.273715 1.43807e-38 5
0.278501 0.00616586 0.27185 1.2629e-38 5
0.281025 0.00612413 0.27001 1.13393e-38 5
0.283515 0.00608296 0.268195 1.56725e-38 5
0.28693 0.00606258 0.267296 1.25379e-38 5
0.290323 0.00604234 0.266404 1.04174e-38 5
0.294673 0.00604234 0.266404 1.23542e-38 5
0.298525 0.00603227 0.26596 1.41059e-38 5
0.301861 0.00601223 0.265076 1.20776e-38 5
0.303168 0.0059529 0.262461 1.19854e-38 5
0.304946 0.00590434 0.26032 1.46584e-38 5
-0.288598 0.0122542 0.314126 1.24464e-38 5
-0.282357 0.0122062 0.312894 8.6664e-39 5
-0.277248 0.0122062 0.312894 1.06021e-38 5
-0.27321 0.0122542 0.314126 1.37368e-38 5
-0.267554 0.0122301 0.313509 1.54885e-38 5
-0.262434 0.0122301 0.313509 2.02795e-39 5
-0.257315 0.0122301 0.313509 5.80797e-39 5
-0.252692 0.0122542 0.314126 1.68714e-38 5
-0.248051 0.0122784 0.314746 3.59528e-39 5
-0.242911 0.0122784 0.314746 2.12046e-38 5
-0.238241 0.0123027 0.315368 9.4036e-39 5
-0.233092 0.0123027 0.315368 1.37368e-38 5
-0.227942 0.0123027 0.315368 1.15241e-38 5
-0.223233 0.012327 0.315992 4.97821e-39 5
-0.217642 0.0123027 0.315368 3.31869e-39 5
-0.212492 0.0123027 0.315368 1.28148e-38 5
-0.207343 0.0123027 0.315368 1.34602e-38 5
-0.202193 0.0123027 0.315368 5.1626e-39 5
-0.196267 0.0122542 0.314126 4.88602e-39 5
-0.191138 0.0122542 0.314126 1.15241e-38 5
-0.185279 0.0122062 0.312894 1.12475e-38 5
-0.179817 0.0121823 0.312282 1.67793e-38 5
-0.174718 0.0121823 0.312282 2.02831e-39 5
-0.169287 0.0121585 0.311672 5.6243e-39 5
-0.164519 0.0121823 0.312282 5.34735e-39 5
-0.154926 0.0122301 0.313509 4.42468e-39 5
-0.149513 0.0122062 0.312894 7.37493e-39 5
-0.14384 0.0121585 0.311672 1.89001e-38 5
-0.138211 0.0121112 0.310459 2.85843e-39 5
-0.133141 0.0121112 0.310459 3.68927e-39 5
-0.127823 0.0120877 0.309856 4.61015e-39 5
-0.122525 0.0120642 0.309256 3.87186e-39 5
-0.117248 0.0120409 0.308658 4.05625e-39 5
-0.112425 0.0120642 0.309256 5.71613e-39 5
-0.107375 0.0120642 0.309256 9.03517e-39 5
-0.102325 0.0120642 0.309256 1.35524e-38 5
-0.097087 0.0120409 0.308658 1.65952e-38 5
-0.0918691 0.0120176 0.308062 1.08791e-38 5
-0.0868386 0.0120176 0.308062 3.59563e-39 5
-0.0821253 0.0120642 0.309256 2.95098e-39 5
-0.0769262 0.0120409 0.308658 6.17747e-39 5
-0.0717472 0.0120176 0.308062 6.08528e-39 5
-0.0668458 0.0120409 0.308658 7.37565e-39 5
-0.0620456 0.0120877 0.309856 1.06025e-38 5
-0.0519261 0.0120877 0.309856 1.9176e-38 5
-0.0468663 0.0120877 0.309856 9.12665e-39 5
-0.0417255 0.0120642 0.309256 2.05589e-38 5
-0.0318727 0.0121585 0.311672 2.1389e-38 5
-0.0267833 0.0121585 0.311672 1.91763e-38 5
-0.0217363 0.0121823 0.312282 1.18003e-38 5
-0.0166369 0.0121823 0.312282 1.74246e-38 5
-0.0115376 0.0121823 0.312282 2.06504e-38 5
-0.00646347 0.0122301 0.313509 1.34591e-38 5
-0.00134142 0.0122062 0.312894 1.309e-38 5
0.00377536 0.0122301 0.313509 1.309e-38 5
0.00887733 0.0122062 0.312894 1.23524e-38 5
0.0140142 0.0122301 0.313509 1.36431e-38 5
0.0191713 0.0122542 0.314126 1.47506e-38 5
0.0243008 0.0122542 0.314126 1.79767e-38 5
0.0344918 0.0122301 0.313509 2.19411e-38 5
0.0396892 0.0122542 0.314126 2.1756e-38 5
0.0498501 0.0122301 0.313509 1.54889e-38 5
0.0550777 0.0122542 0.314126 2.05593e-38 5
0.0599711 0.0122062 0.312894 2.16656e-38 5
0.292917 0.0444653 1.13983 1.38279e-38 5
0.0812408 0.010358 0.265517 2.12032e-38 5
0.0852927 0.0103236 0.264637 2.00979e-38 5
0.0896141 0.0103236 0.264637 1.66867e-38 5
0.0977704 0.0102725 0.263327 1.88994e-38 5
0.101735 0.0102387 0.262461 1.41059e-38 5
0.110306 0.0102387 0.262461 2.05589e-38 5
0.114781 0.0102556 0.262893 2.13887e-38 5
0.118878 0.0102387 0.262461 1.8715e-38 5
0.155746 0.0117234 0.30052 7.56004e-39 5
0.222927 0.0111562 0.285978 1.10628e-38 5
0.228006 0.0111762 0.286492 1.88072e-38 5
0.233102 0.0111963 0.287007 1.65016e-38 5
0.238218 0.0112165 0.287524 9.12593e-39 5
0.243351 0.0112367 0.288043 1.58555e-38 5
0.248055 0.0112367 0.288043 1.7331e-38 5
0.252758 0.0112367 0.288043 1.5303e-38 5
0.256998 0.0112165 0.287524 2.00983e-38 5
0.260286 0.0111562 0.285978 1.88065e-38 5
0.26307 0.0110768 0.283943 1.78845e-38 5
0.266285 0.011018 0.282435 1.60399e-38 5
0.269942 0.0109791 0.281439 1.35506e-38 5
0.273093 0.0109213 0.279958 1.65938e-38 5
0.27525 0.0108263 0.277523 1.61328e-38 5
0.276892 0.0107145 0.274657 1.43807e-38 5
0.278976 0.0106231 0.272314 1.41963e-38 5
0.281025 0.0105332 0.27001 9.58763e-39 5
0.282566 0.0104274 0.267296 1.60413e-38 5
0.286451 0.0104099 0.266849 1.4013e-38 5
0.289839 0.0103752 0.26596 1.52116e-38 5
0.294182 0.0103752 0.26596 3.31833e-39 5
0.298028 0.010358 0.265517 7.83591e-39 5
0.301861 0.0103408 0.265076 5.43883e-39 5
0.304169 0.0102725 0.263327 8.38909e-39 5
0.304946 0.0101552 0.26032 1.39208e-38 5
1.04146 0.0324226 0.831125 1.38286e-38 5
-0.289739 0.0174524 0.315368 4.4254e-39 5
-0.283469 0.0173837 0.314126 1.49357e-38 5
-0.273749 0.017418 0.314746 2.76552e-39 5
-0.268609 0.017418 0.314746 3.04211e-39 5
-0.262951 0.0173837 0.314126 1.06021e-38 5
-0.25833 0.017418 0.314746 1.58573e-38 5
-0.253691 0.0174524 0.315368 2.94991e-39 5
-0.248541 0.0174524 0.315368 2.48893e-39 5
-0.243873 0.017487 0.315992 9.21921e-39 5
-0.238713 0.017487 0.315992 1.77934e-38 5
-0.233553 0.017487 0.315992 2.21234e-39 5
-0.228393 0.017487 0.315992 3.41089e-39 5
-0.223233 0.017487 0.315992 4.70163e-39 5
-0.217642 0.0174524 0.315368 1.70558e-38 5
-0.212492 0.0174524 0.315368 2.39673e-39 5
-0.207343 0.0174524 0.315368 1.47478e-39 5
-0.202193 0.0174524 0.315368 1.32758e-38 5
-0.196655 0.017418 0.314746 1.60417e-38 5
-0.191138 0.0173837 0.314126 1.32758e-38 5
-0.185279 0.0173155 0.312894 1.72409e-38 5
-0.179817 0.0172817 0.312282 4.88602e-39 5
-0.17506 0.0173155 0.312894 2.12972e-38 5
-0.169618 0.0172817 0.312282 1.80703e-38 5
-0.164841 0.0173155 0.312894 1.77941e-38 5
-0.154623 0.0173155 0.312894 1.52119e-38 5
-0.149221 0.0172817 0.312282 5.53174e-39 5
-0.143559 0.0172143 0.311064 5.07076e-39 5
-0.138211 0.0171808 0.310459 4.42575e-39 5
-0.132882 0.0171474 0.309856 3.96586e-39 5
-0.127823 0.0171474 0.309856 3.78039e-39 5
-0.122525 0.0171142 0.309256 3.96478e-39 5
-0.117475 0.0171142 0.309256 4.97893e-39 5
-0.112425 0.0171142 0.309256 1.65956e-38 5
-0.102325 0.0171142 0.309256 1.65956e-38 5
-0.097087 0.0170811 0.308658 1.3833e-39 5
-0.0822847 0.0171474 0.309856 2.08369e-38 5
-0.0770753 0.0171142 0.309256 1.81629e-38 5
-0.071886 0.0170811 0.308658 5.5321e-39 5
-0.0668458 0.0170811 0.308658 2.13894e-38 5
-0.0620456 0.0171474 0.309856 1.3645e-38 5
-0.057208 0.0172143 0.311064 9.40395e-39 5
-0.0518255 0.0171142 0.309256 8.38908e-39 5
-0.0467755 0.0171142 0.309256 8.94226e-39 5
-0.0417255 0.0171142 0.309256 9.21884e-39 5
-0.0368183 0.0171808 0.310459 9.77202e-39 5
-0.0319351 0.0172817 0.312282 1.19851e-38 5
-0.0268357 0.0172817 0.312282 1.31836e-38 5
-0.0166696 0.0173155 0.312894 1.11553e-38 5
-0.0115376 0.0172817 0.312282 1.27216e-38 5
-0.00646347 0.0173496 0.313509 1.28137e-38 5
-0.00134406 0.0173496 0.313509 1.28134e-38 5
0.00377536 0.0173496 0.313509 1.27212e-38 5
0.00889477 0.0173496 0.313509 1.33666e-38 5
0.0140418 0.0173837 0.314126 1.4196e-38 5
0.019247 0.0174524 0.315368 1.58562e-38 5
0.0294302 0.0173837 0.314126 1.78841e-38 5
0.0345597 0.0173837 0.314126 2.19408e-38 5
0.045085 0.017487 0.315992 1.83466e-38 5
0.0599711 0.0173155 0.312894 1.86221e-38 5
0.288791 0.0621896 1.12377 1.57651e-38 5
0.0770332 0.0147182 0.26596 1.90838e-38 5
0.0811059 0.0146693 0.265076 1.73321e-38 5
0.0934704 0.0145725 0.263327 2.1205e-38 5
0.106546 0.0145966 0.263762 1.98221e-38 5
0.218649 0.0158544 0.286492 1.9176e-38 5
0.224537 0.0159403 0.288043 1.71477e-38 5
0.22924 0.0159403 0.288043 2.07433e-38 5
0.234367 0.0159691 0.288564 1.45655e-38 5
0.244233 0.0159981 0.289087 1.85292e-38 5
0.248953 0.0159981 0.289087 1.71462e-38 5
0.253674 0.0159981 0.289087 1.81611e-38 5
0.257927 0.0159691 0.288564 1.52108e-38 5
0.261222 0.015883 0.287007 1.96362e-38 5
0.263539 0.0157414 0.284449 1.65016e-38 5
0.266285 0.01563 0.282435 1.6686e-38 5
0.269942 0.0155748 0.281439 1.41967e-38 5
0.273093 0.0154928 0.279958 1.1984e-38 5
0.275729 0.0153849 0.278007 1.70555e-38 5
0.277849 0.015252 0.275606 1.52116e-38 5
0.280077 0.0148919 0.269099 1.53038e-38 5
0.281622 0.0147428 0.266404 1.33676e-38 5
0.285972 0.0147428 0.266404 1.07862e-38 5
0.289357 0.0146937 0.265517 1.76086e-38 5
0.293692 0.0146937 0.265517 1.19847e-38 5
0.29704 0.014645 0.264637 9.12665e-39 5
0.300862 0.0146207 0.264199 1.08784e-38 5
0.302671 0.0145007 0.26203 1.18925e-38 5
0.30445 0.0143826 0.259896 1.50261e-38 5
1.04146 0.0459944 0.831125 1.04181e-38 5
-0.289739 0.0226022 0.315368 1.53045e-38 5
-0.279439 0.0226022 0.315368 3.41089e-39 5
-0.269673 0.0226469 0.315992 1.10631e-38 5
-0.26399 0.0226022 0.315368 1.04178e-38 5
-0.25884 0.0226022 0.315368 1.93576e-39 5
-0.249033 0.0226469 0.315992 1.3829e-38 5
-0.243873 0.0226469 0.315992 1.12475e-38 5
-0.238713 0.0226469 0.315992 1.51197e-38 5
-0.233553 0.0226469 0.315992 1.41056e-38 5
-0.227942 0.0226022 0.315368 1.70558e-38 5
-0.222792 0.0226022 0.315368 1.11553e-38 5
-0.217642 0.0226022 0.315368 1.47509e-38 5
-0.212492 0.0226022 0.315368 1.68714e-38 5
-0.207343 0.0226022 0.315368 1.82544e-38 5
-0.202193 0.0226022 0.315368 1.19851e-38 5
-0.196655 0.0225576 0.314746 1.64105e-38 5
-0.191138 0.0225132 0.314126 5.62358e-39 5
-0.185643 0.022469 0.313509 3.68819e-39 5
-0.18017 0.0224249 0.312894 4.61015e-39 5
-0.17506 0.0224249 0.312894 3.78002e-39 5
-0.169287 0.0223373 0.311672 2.30489e-39 5
-0.164519 0.022381 0.312282 1.56736e-38 5
-0.15432 0.022381 0.312282 1.47478e-39 5
-0.148929 0.0223373 0.311672 2.06515e-38 5
-0.14328 0.0222504 0.310459 1.73328e-38 5
-0.138211 0.0222504 0.310459 1.5397e-38 5
-0.127823 0.0222072 0.309856 2.58184e-39 5
-0.122525 0.0221642 0.309256 1.51204e-38 5
-0.117248 0.0221213 0.308658 2.04678e-38 5
-0.112425 0.0221642 0.309256 6.91504e-39 5
-0.107375 0.0221642 0.309256 4.70234e-39 5
-0.102325 0.0221642 0.309256 4.51795e-39 5
-0.097087 0.0221213 0.308658 4.51795e-39 5
-0.0918691 0.0220786 0.308062 4.88673e-39 5
-0.0871752 0.0221642 0.309256 5.71649e-39 5
-0.0826055 0.0222938 0.311064 7.28382e-39 5
-0.0773752 0.0222504 0.310459 1.06029e-38 5
-0.0671054 0.0222072 0.309856 1.04181e-38 5
-0.0621664 0.0222504 0.310459 7.19126e-39 5
-0.057208 0.0222938 0.311064 8.57419e-39 5
-0.0518255 0.0221642 0.309256 8.57347e-39 5
-0.0467755 0.0221642 0.309256 9.12665e-39 5
-0.0416448 0.0221213 0.308658 9.67982e-39 5
-0.0367468 0.0222072 0.309856 1.03252e-38 5
-0.0318727 0.0223373 0.311672 1.57651e-38 5
-0.0216939 0.0223373 0.311672 1.31833e-38 5
-0.0166369 0.022381 0.312282 1.82544e-38 5
-0.00646347 0.022469 0.313509 1.07854e-38 5
-0.0013467 0.0225132 0.314126 1.2907e-38 5
0.00377536 0.022469 0.313509 1.34602e-38 5
0.00889477 0.022469 0.313509 1.29992e-38 5
0.0140695 0.0225576 0.314746 2.12968e-38 5
0.019247 0.0226022 0.315368 2.07437e-38 5
0.0243968 0.0226022 0.315368 1.55793e-38 5
0.0294883 0.0225576 0.314746 1.53938e-38 5
0.0345597 0.0225132 0.314126 1.55793e-38 5
0.0396892 0.0225132 0.314126 1.68696e-38 5
0.0449959 0.0226022 0.315368 1.84388e-38 5
0.0543291 0.0222072 0.309856 1.98217e-38 5
0.0592738 0.0221642 0.309256 2.06504e-38 5
0.0686988 0.0204592 0.285467 1.50264e-38 5
0.213588 0.0204959 0.285978 1.76086e-38 5
0.219437 0.0206067 0.287524 2.17574e-38 5
0.229655 0.0206812 0.288564 1.88072e-38 5
0.235645 0.020794 0.290138 1.81611e-38 5
0.240821 0.0208319 0.290667 8.57275e-39 5
0.246016 0.0208699 0.291197 2.57932e-39 5
0.250314 0.0208319 0.290667 4.05445e-39 5
0.254597 0.020794 0.290138 2.07419e-38 5
0.261222 0.0205696 0.287007 1.51186e-38 5
0.265815 0.0202062 0.281936 1.47509e-38 5
0.272614 0.0200293 0.279468 1.42896e-38 5
0.27621 0.0199593 0.278492 1.0694e-38 5
0.278812 0.019821 0.276561 1.68714e-38 5
0.280894 0.0196507 0.274186 1.65027e-38 5
0.281153 0.0190612 0.26596 1.14319e-38 5
0.285496 0.0190612 0.26596 1.07865e-38 5
0.289357 0.0190295 0.265517 8.85042e-39 5
0.293204 0.0189978 0.265076 1.32747e-38 5
0.29704 0.0189663 0.264637 3.87077e-39 5
0.300365 0.0189036 0.263762 7.00543e-39 5
0.302174 0.0187487 0.2616 5.4381e-39 5
0.30445 0.0186266 0.259896 7.74228e-39 5
-0.290889 0.0278621 0.316619 7.3753e-39 5
-0.285719 0.0278621 0.316619 1.06021e-38 5
-0.279439 0.027752 0.315368 7.65189e-39 5
-0.275926 0.0279175 0.317248 1.35528e-38 5
-0.270208 0.0278621 0.316619 3.87187e-39 5
-0.265038 0.0278621 0.316619 1.17085e-38 5
-0.259868 0.0278621 0.316619 1.77934e-38 5
-0.255204 0.0279175 0.317248 1.53963e-38 5
-0.250023 0.0279175 0.317248 1.86239e-38 5
-0.244843 0.0279175 0.317248 1.81629e-38 5
-0.239662 0.0279175 0.317248 1.56697e-39 5
-0.234482 0.0279175 0.317248 2.85771e-39 5
-0.228846 0.0278621 0.316619 1.83466e-38 5
-0.223676 0.0278621 0.316619 8.57384e-39 5
-0.218073 0.0278069 0.315992 1.69636e-38 5
-0.213336 0.0278621 0.316619 9.68019e-39 5
-0.208165 0.0278621 0.316619 1.74246e-38 5
-0.202593 0.0278069 0.315992 1.29992e-38 5
-0.197043 0.027752 0.315368 3.41089e-39 5
-0.191515 0.0276972 0.314746 1.09709e-38 5
-0.186008 0.0276427 0.314126 1.08794e-38 5
-0.17506 0.0275343 0.312894 1.3e-38 5
-0.169287 0.0274267 0.311672 2.12968e-38 5
-0.15942 0.0274804 0.312282 3.77967e-39 5
-0.15432 0.0274804 0.312282 3.96406e-39 5
-0.148929 0.0274267 0.311672 4.24065e-39 5
-0.143559 0.0273733 0.311064 6.08491e-39 5
-0.13848 0.0273733 0.311064 3.78002e-39 5
-0.132882 0.027267 0.309856 1.64112e-38 5
-0.127823 0.027267 0.309856 2.14819e-38 5
-0.122288 0.0271615 0.308658 7.92919e-39 5
-0.117248 0.0271615 0.308658 1.65989e-39 5
-0.112425 0.0272141 0.309256 4.14917e-39 5
-0.107375 0.0272141 0.309256 4.14917e-39 5
-0.102325 0.0272141 0.309256 4.33356e-39 5
-0.097087 0.0271615 0.308658 4.33356e-39 5
-0.0918691 0.027109 0.308062 4.70234e-39 5
-0.0870066 0.0271615 0.308658 4.05697e-39 5
-0.071886 0.0271615 0.308658 7.46749e-39 5
-0.057208 0.0273733 0.311064 1.57655e-38 5
-0.0519261 0.027267 0.309856 9.31104e-39 5
-0.0468663 0.027267 0.309856 1.01408e-38 5
-0.0417255 0.0272141 0.309256 9.58834e-39 5
-0.0266273 0.027267 0.309856 1.21684e-38 5
-0.0216094 0.02732 0.310459 1.2445e-38 5
-0.0165721 0.0273733 0.311064 1.29059e-38 5
-0.011515 0.0274267 0.311672 1.41978e-38 5
-0.00646347 0.0275884 0.313509 2.13887e-38 5
0.00379025 0.0276972 0.314746 1.22617e-38 5
0.0140973 0.027752 0.315368 1.3368e-38 5
0.0192852 0.0278069 0.315992 1.47499e-38 5
0.0244451 0.0278069 0.315992 1.51183e-38 5
0.0296051 0.0278069 0.315992 1.52105e-38 5
0.0346279 0.0276972 0.314746 1.53945e-38 5
0.0397675 0.0276972 0.314746 1.63165e-38 5
0.0449959 0.027752 0.315368 1.69626e-38 5
0.0539104 0.0270568 0.307468 2.01894e-38 5
0.0592697 0.0250759 0.284957 1.82518e-38 5
0.0762705 0.0231724 0.263327 2.13901e-38 5
0.0977704 0.0231724 0.263327 1.9915e-38 5
0.127019 0.0265956 0.302227 1.76094e-38 5
0.138198 0.0268499 0.305117 1.99143e-38 5
0.14788 0.0267986 0.304534 1.16166e-38 5
0.170946 0.0250759 0.284957 2.10206e-38 5
0.21513 0.0253475 0.288043 1.44747e-38 5
0.22063 0.0254393 0.289087 2.03752e-38 5
0.22535 0.0254393 0.289087 1.87157e-38 5
0.231328 0.0255783 0.290667 1.47513e-38 5
0.246917 0.0257188 0.292264 1.08773e-38 5
0.251689 0.0257188 0.292264 2.08341e-38 5
0.25506 0.0255783 0.290667 2.00972e-38 5
0.259334 0.0255318 0.290138 1.87143e-38 5
0.261693 0.0253018 0.287524 1.80689e-38 5
0.26401 0.0250759 0.284957 8.20469e-39 5
0.266285 0.024854 0.282435 1.9176e-38 5
0.268993 0.0246792 0.28045 1.88079e-38 5
0.272138 0.0245498 0.278979 1.86228e-38 5
0.275729 0.0244643 0.278007 1.95448e-38 5
0.278812 0.0243371 0.276561 1.68714e-38 5
0.281377 0.0241695 0.274657 1.73324e-38 5
0.279606 0.0236406 0.268646 1.79785e-38 5
0.281153 0.0234041 0.26596 1.4936e-38 5
0.285021 0.0233652 0.265517 1.13404e-38 5
0.288876 0.0233264 0.265076 8.66602e-39 5
0.292234 0.0232492 0.264199 1.59484e-38 5
0.296058 0.0232107 0.263762 1.1984e-38 5
0.298883 0.0230962 0.262461 6.82104e-39 5
0.300534 0.0225763 0.256553 1.34584e-38 5
-0.290889 0.0330323 0.316619 1.57644e-38 5
-0.285719 0.0330323 0.316619 1.38259e-39 5
-0.280548 0.0330323 0.316619 9.21921e-39 5
-0.276475 0.0331639 0.31788 1.26308e-38 5
-0.271284 0.0331639 0.31788 1.807e-38 5
-0.265565 0.033098 0.317248 3.96406e-39 5
-0.260903 0.0331639 0.31788 1.10631e-38 5
-0.255712 0.0331639 0.31788 1.75168e-38 5
-0.250023 0.033098 0.317248 2.85843e-39 5
-0.234016 0.0330323 0.316619 1.65019e-38 5
-0.228846 0.0330323 0.316619 9.86458e-39 5
-0.223676 0.0330323 0.316619 1.47509e-38 5
-0.218073 0.0329669 0.315992 1.04178e-38 5
-0.213336 0.0330323 0.316619 1.77012e-38 5
-0.208165 0.0330323 0.316619 1.88998e-38 5
-0.202593 0.0329669 0.315992 2.05593e-38 5
-0.191515 0.0328368 0.314746 2.08359e-38 5
-0.185643 0.0327078 0.313509 1.40141e-38 5
-0.180524 0.0327078 0.313509 1.85317e-38 5
-0.169287 0.0325162 0.311672 1.73324e-38 5
-0.164519 0.0325798 0.312282 1.55807e-38 5
-0.159108 0.0325162 0.311672 3.68747e-39 5
-0.153718 0.0324528 0.311064 3.59528e-39 5
-0.14835 0.0323896 0.310459 4.05626e-39 5
-0.143002 0.0323267 0.309856 2.67332e-39 5
-0.138211 0.0323896 0.310459 1.67796e-38 5
-0.127328 0.0322017 0.308658 7.19162e-39 5
-0.122052 0.0321395 0.308062 1.82551e-38 5
-0.112208 0.0322017 0.308658 1.99146e-38 5
-0.107375 0.0322641 0.309256 1.74253e-38 5
-0.102127 0.0322017 0.308658 5.99308e-39 5
-0.097087 0.0322017 0.308658 4.42576e-39 5
-0.0918691 0.0321395 0.308062 2.03756e-38 5
-0.0824448 0.0323896 0.310459 4.97893e-39 5
-0.0770753 0.0322641 0.309256 6.63845e-39 5
-0.0720253 0.0322641 0.309256 7.46749e-39 5
-0.0669754 0.0322641 0.309256 8.02102e-39 5
-0.0621664 0.0323896 0.310459 1.04181e-38 5
-0.057432 0.0325798 0.312282 1.06025e-38 5
-0.0418879 0.0323896 0.310459 1.62264e-38 5
-0.0368183 0.0323896 0.310459 6.2693e-39 5
-0.0319351 0.0325798 0.312282 1.07865e-38 5
-0.0268357 0.0325798 0.312282 1.20773e-38 5
-0.0217363 0.0325798 0.312282 1.26294e-38 5
-0.0166369 0.0325798 0.312282 1.27216e-38 5
-0.0115376 0.0325798 0.312282 1.32758e-38 5
-0.0064762 0.0327722 0.314126 1.34598e-38 5
-0.00134936 0.0328368 0.314746 2.03749e-38 5
0.0245423 0.033098 0.317248 1.46577e-38 5
0.0296051 0.0329669 0.315992 1.65938e-38 5
0.0346963 0.0329017 0.315368 1.79778e-38 5
0.0449071 0.0328368 0.314746 2.0466e-38 5
0.0490787 0.0322017 0.308658 1.67782e-38 5
0.0558125 0.0303801 0.291197 1.66845e-38 5
0.0602378 0.0302146 0.289612 1.74221e-38 5
0.0646152 0.030051 0.288043 1.88983e-38 5
0.132962 0.0317715 0.304534 1.47506e-38 5
0.147318 0.0316507 0.303376 1.17088e-38 5
0.211956 0.0302696 0.290138 1.6042e-38 5
0.243482 0.0306598 0.293878 1.61328e-38 5
0.251689 0.0304913 0.292264 4.97712e-39 5
0.25506 0.0303247 0.290667 9.49543e-39 5
0.261693 0.0299969 0.287524 2.02827e-38 5
0.264956 0.0298356 0.285978 2.03745e-38 5
0.266285 0.029466 0.282435 2.02823e-38 5
0.268051 0.0291563 0.279468 1.94533e-38 5
0.27119 0.029004 0.278007 1.92689e-38 5
0.274296 0.0288532 0.276561 7.74443e-39 5
0.27737 0.0287039 0.275131 1.6042e-38 5
0.280219 0.0276549 0.265076 6.45476e-39 5
0.283605 0.0275634 0.264199 7.09976e-39 5
0.285555 0.0273371 0.26203 6.73098e-39 5
0.288886 0.0272476 0.261172 8.021e-39 5
0.291718 0.0271144 0.259896 1.45669e-38 5
0.295869 0.0267227 0.256141 1.19851e-38 5
0.295779 0.0263422 0.252494 1.08776e-38 5
-0.290889 0.0382025 0.316619 3.22578e-39 5
-0.285719 0.0382025 0.316619 1.31833e-38 5
-0.280548 0.0382025 0.316619 1.29067e-38 5
-0.277027 0.0384312 0.318515 1.84393e-39 5
-0.271284 0.0383547 0.31788 7.09908e-39 5
-0.266094 0.0383547 0.31788 1.44744e-38 5
-0.261424 0.0384312 0.318515 3.1343e-39 5
-0.255712 0.0383547 0.31788 1.29985e-38 5
-0.250023 0.0382784 0.317248 1.77012e-38 5
-0.244843 0.0382784 0.317248 1.25383e-38 5
-0.239662 0.0382784 0.317248 1.03248e-38 5
-0.234016 0.0382025 0.316619 1.43814e-38 5
-0.228846 0.0382025 0.316619 3.1343e-39 5
-0.223676 0.0382025 0.316619 1.26304e-38 5
-0.218073 0.0381268 0.315992 1.79778e-38 5
-0.213336 0.0382025 0.316619 3.68747e-39 5
-0.207753 0.0381268 0.315992 3.50308e-39 5
-0.202193 0.0380515 0.315368 3.96406e-39 5
-0.196655 0.0379764 0.314746 2.02795e-39 5
-0.191138 0.0379017 0.314126 1.55807e-38 5
-0.180524 0.0378272 0.313509 5.7165e-39 5
-0.174718 0.0376792 0.312282 3.31905e-39 5
-0.169287 0.0376056 0.311672 5.90017e-39 5
-0.164519 0.0376792 0.312282 9.03482e-39 5
-0.15942 0.0376792 0.312282 1.77012e-38 5
-0.153718 0.0375323 0.311064 3.77967e-39 5
-0.14835 0.0374592 0.310459 1.68714e-38 5
-0.137942 0.0373865 0.309856 3.59528e-39 5
-0.132368 0.0372419 0.308658 3.78039e-39 5
-0.127328 0.0372419 0.308658 4.05697e-39 5
-0.122052 0.03717 0.308062 3.87366e-39 5
-0.117021 0.03717 0.308062 3.78147e-39 5
-0.112208 0.0372419 0.308658 5.71649e-39 5
-0.107375 0.0373141 0.309256 3.0421e-39 5
-0.102325 0.0373141 0.309256 1.77941e-38 5
-0.097087 0.0372419 0.308658 2.04678e-38 5
-0.0920468 0.0372419 0.308658 1.40141e-38 5
-0.0870066 0.0372419 0.308658 5.5321e-39 5
-0.0827669 0.0376056 0.311672 7.28382e-39 5
-0.077225 0.0373865 0.309856 7.00723e-39 5
-0.0721652 0.0373865 0.309856 7.55969e-39 5
-0.067236 0.0374592 0.310459 8.3898e-39 5
-0.0621664 0.0374592 0.310459 6.63809e-39 5
-0.0469575 0.0374592 0.310459 5.80761e-39 5
-0.0418879 0.0374592 0.310459 2.05593e-38 5
-0.0217789 0.037753 0.312894 1.01401e-38 5
-0.0167023 0.0378272 0.313509 1.26294e-38 5
-0.0115602 0.037753 0.312894 1.84388e-38 5
-0.00135203 0.0380515 0.315368 1.2446e-38 5
0.00379025 0.0379764 0.314746 1.41967e-38 5
0.00892986 0.0379764 0.314746 1.53945e-38 5
0.0141252 0.0381268 0.315992 1.46577e-38 5
0.0193618 0.0382784 0.317248 1.94533e-38 5
0.0396892 0.0379017 0.314126 2.00043e-38 5
0.0448187 0.0379017 0.314126 1.80671e-38 5
0.048984 0.03717 0.308062 1.73299e-38 5
0.0563264 0.0354587 0.293878 1.74221e-38 5
0.0604573 0.0350711 0.290667 2.065e-38 5
0.121623 0.0363284 0.301087 4.70269e-39 5
0.12726 0.0365352 0.302801 1.08791e-38 5
0.143455 0.0368852 0.305701 2.09284e-38 5
0.166293 0.0343822 0.284957 9.40359e-39 5
0.227216 0.0359217 0.297716 1.67796e-38 5
0.236939 0.0359217 0.297716 1.10642e-38 5
0.240901 0.0357882 0.29661 1.65949e-38 5
0.250771 0.0351351 0.291197 1.84384e-38 5
0.254597 0.0350074 0.290138 1.61342e-38 5
0.260753 0.0345674 0.286492 1.90838e-38 5
0.26395 0.033779 0.279958 1.65952e-38 5
0.26978 0.0333692 0.276561 1.39215e-38 5
0.273348 0.033254 0.275606 1.99143e-38 5
0.276892 0.0331395 0.274657 1.91767e-38 5
0.278829 0.0318249 0.263762 5.07218e-39 5
0.280816 0.031564 0.2616 6.27107e-39 5
0.283692 0.0314095 0.26032 4.51899e-39 5
0.287474 0.0313584 0.259896 5.07181e-39 5
0.290771 0.0312566 0.259052 4.79488e-39 5
0.294046 0.0311554 0.258214 1.29999e-38 5
0.294451 0.0307573 0.254914 1.50279e-38 5
0.284236 0.0284823 0.236059 1.11557e-38 5
-0.290889 0.0433727 0.316619 1.60413e-38 5
-0.285719 0.0433727 0.316619 2.30419e-39 5
-0.280548 0.0433727 0.316619 1.65882e-39 5
-0.277027 0.0436324 0.318515 7.28347e-39 5
-0.271826 0.0436324 0.318515 1.18943e-38 5
-0.266625 0.0436324 0.318515 1.06025e-38 5
-0.261424 0.0436324 0.318515 1.51197e-38 5
-0.255712 0.0435455 0.31788 1.52112e-38 5
-0.250521 0.0435455 0.31788 9.12702e-39 5
-0.24533 0.0435455 0.31788 1.59488e-38 5
-0.239662 0.0434589 0.317248 7.92775e-39 5
-0.234482 0.0434589 0.317248 4.14701e-39 5
-0.228846 0.0433727 0.316619 1.44744e-38 5
-0.223233 0.0432868 0.315992 1.41978e-38 5
-0.218073 0.0432868 0.315992 3.68747e-39 5
-0.212913 0.0432868 0.315992 3.96406e-39 5
-0.207753 0.0432868 0.315992 3.77967e-39 5
-0.202193 0.0432013 0.315368 8.85043e-39 5
-0.196267 0.0430312 0.314126 2.05593e-38 5
-0.191138 0.0430312 0.314126 3.41089e-39 5
-0.185643 0.0429466 0.313509 3.5038e-39 5
-0.18017 0.0428624 0.312894 4.24101e-39 5
-0.174718 0.0427785 0.312282 3.59564e-39 5
-0.169287 0.042695 0.311672 3.77967e-39 5
-0.164519 0.0427785 0.312282 7.83628e-39 5
-0.15942 0.0427785 0.312282 1.56729e-38 5
-0.153718 0.0426118 0.311064 1.77934e-38 5
-0.14835 0.0425289 0.310459 1.82544e-38 5
-0.143002 0.0424463 0.309856 9.77238e-39 5
-0.132625 0.042364 0.309256 3.13502e-39 5
-0.127575 0.042364 0.309256 4.61015e-39 5
-0.122288 0.0422821 0.308658 4.15025e-39 5
-0.117248 0.0422821 0.308658 4.88781e-39 5
-0.112208 0.0422821 0.308658 7.56041e-39 5
-0.102325 0.042364 0.309256 1.78856e-38 5
-0.0972752 0.042364 0.309256 1.65917e-39 5
-0.067367 0.0426118 0.311064 1.58576e-38 5
-0.0570967 0.0425289 0.310459 1.07869e-38 5
-0.0520271 0.0425289 0.310459 9.49543e-39 5
-0.0468663 0.0424463 0.309856 1.09706e-38 5
-0.0417255 0.042364 0.309256 1.1062e-38 5
-0.0366756 0.042364 0.309256 1.19851e-38 5
-0.0319351 0.0427785 0.312282 1.29992e-38 5
-0.0269411 0.0429466 0.313509 1.52123e-38 5
-0.00650179 0.0432013 0.315368 1.17081e-38 5
-0.0013547 0.0432868 0.315992 1.45665e-38 5
0.00379774 0.0432013 0.315368 1.4196e-38 5
0.00894751 0.0432013 0.315368 1.50246e-38 5
0.0141532 0.0433727 0.316619 1.5303e-38 5
0.0193618 0.0434589 0.317248 1.67789e-38 5
0.0297228 0.0434589 0.317248 1.75139e-38 5
0.0346963 0.0432013 0.315368 2.02798e-38 5
0.0445556 0.0427785 0.312282 2.16624e-38 5
0.0887312 0.0358946 0.26203 2.12979e-38 5
0.133985 0.0420381 0.306877 1.91767e-38 5
0.138996 0.0420381 0.306877 5.99343e-39 5
0.181549 0.0393162 0.287007 1.82547e-38 5
0.224448 0.0411673 0.30052 2.0283e-38 5
0.229355 0.0411673 0.30052 2.15738e-38 5
0.244835 0.0404812 0.295511 3.68746e-39 5
0.244676 0.039673 0.289612 2.67367e-39 5
0.249405 0.039673 0.289612 1.99143e-38 5
0.253674 0.0396011 0.289087 1.88083e-38 5
0.257927 0.0395295 0.288564 3.31976e-39 5
0.257975 0.0388274 0.283439 6.54589e-39 5
0.259378 0.0383506 0.279958 6.1771e-39 5
0.263027 0.0382165 0.278979 2.08362e-38 5
0.267115 0.0381498 0.278492 9.95784e-39 5
0.270248 0.0379511 0.277042 6.45476e-39 5
0.273821 0.0378198 0.276083 1.05114e-38 5
0.27737 0.0376894 0.275131 2.10217e-38 5
0.281377 0.0376245 0.274657 1.74257e-38 5
0.277453 0.0359537 0.262461 9.31426e-39 5
0.278533 0.0355444 0.259473 8.9451e-39 5
0.28277 0.0355444 0.259473 7.10083e-39 5
0.288895 0.0352578 0.257381 1.22631e-38 5
0.292155 0.0351444 0.256553 1.08798e-38 5
0.292582 0.0346982 0.253295 5.53245e-39 5
0.280502 0.0319122 0.232958 1.6042e-38 5
0.284722 0.0319588 0.233298 1.38293e-38 5
0.286022 0.0316809 0.23127 1.39215e-38 5
-0.290889 0.0485429 0.316619 5.89945e-39 5
-0.285719 0.0485429 0.316619 1.35517e-38 5
-0.280548 0.0485429 0.316619 9.58764e-39 5
-0.277027 0.0488336 0.318515 1.21698e-38 5
-0.271826 0.0488336 0.318515 1.35528e-38 5
-0.266094 0.0487363 0.31788 1.55811e-38 5
-0.261424 0.0488336 0.318515 1.38223e-39 5
-0.255712 0.0487363 0.31788 1.41049e-38 5
-0.250521 0.0487363 0.31788 1.0233e-38 5
-0.24533 0.0487363 0.31788 1.29067e-38 5
-0.239662 0.0486394 0.317248 1.31836e-38 5
-0.234482 0.0486394 0.317248 1.98217e-38 5
-0.223233 0.0484468 0.315992 1.55807e-38 5
-0.217642 0.048351 0.315368 1.65956e-38 5
-0.212492 0.048351 0.315368 2.01912e-38 5
-0.207343 0.048351 0.315368 1.53048e-38 5
-0.202193 0.048351 0.315368 1.27234e-38 5
-0.196267 0.0481607 0.314126 8.11286e-39 5
-0.191138 0.0481607 0.314126 9.95678e-39 5
-0.185643 0.048066 0.313509 5.90089e-39 5
-0.180524 0.048066 0.313509 4.33321e-39 5
-0.17506 0.0479718 0.312894 9.4958e-39 5
-0.169287 0.0477844 0.311672 1.88076e-38 5
-0.164198 0.0477844 0.311672 1.52112e-38 5
-0.153419 0.0475985 0.310459 5.43991e-39 5
-0.14835 0.0475985 0.310459 6.17747e-39 5
-0.143002 0.047506 0.309856 2.04671e-38 5
-0.127575 0.047414 0.309256 1.82551e-38 5
-0.122288 0.0473223 0.308658 1.26312e-38 5
-0.112425 0.047414 0.309256 1.678e-38 5
-0.107375 0.047414 0.309256 5.90089e-39 5
-0.102325 0.047414 0.309256 4.33284e-39 5
-0.0972752 0.047414 0.309256 5.07041e-39 5
-0.0922252 0.047414 0.309256 5.25552e-39 5
-0.0873445 0.047506 0.309856 6.36186e-39 5
-0.0830914 0.0479718 0.312894 6.82284e-39 5
-0.0778295 0.0478779 0.312282 1.34613e-38 5
-0.067367 0.0476913 0.311064 1.71484e-38 5
-0.0519261 0.047506 0.309856 1.12479e-38 5
-0.046685 0.0473223 0.308658 1.15245e-38 5
-0.0416448 0.0473223 0.308658 1.19847e-38 5
-0.0366046 0.0473223 0.308658 1.24457e-38 5
-0.0167682 0.0482557 0.314746 1.58555e-38 5
-0.0116057 0.0481607 0.314126 1.71462e-38 5
0.00380526 0.0484468 0.315992 1.99135e-38 5
0.00898301 0.0485429 0.316619 1.63172e-38 5
0.0245912 0.0487363 0.31788 1.77905e-38 5
0.0346963 0.048351 0.315368 1.71441e-38 3
0.0396892 0.0481607 0.314126 1.74214e-38 3
0.0444686 0.0477844 0.311672 1.78816e-38 3
0.122782 0.0466012 0.303954 1.53041e-38 3
0.143181 0.0467794 0.305117 2.13894e-38 3
0.146159 0.0446453 0.291197 3.50272e-39 3
0.16659 0.0437668 0.285467 1.99128e-38 3
0.212631 0.0456448 0.297716 1.77026e-38 3
0.218717 0.0459017 0.299392 1.0972e-38 3
0.225296 0.0462488 0.301656 1.65956e-38 3
0.235594 0.0463364 0.302227 5.90124e-39 3
0.241443 0.0465126 0.303376 4.05661e-39 3
0.239036 0.0433788 0.282936 4.70197e-39 3
0.254703 0.0436886 0.284957 7.74443e-39 3
0.259378 0.0429221 0.279958 1.94533e-38 3
0.262568 0.0426974 0.278492 1.86242e-38 3
0.267582 0.0427721 0.278979 5.34949e-39 3
0.269313 0.0423281 0.276083 3.32118e-39 3
0.273348 0.042255 0.275606 4.70304e-39 3
0.278976 0.0417502 0.272314 1.98231e-38 3
0.284306 0.0357162 0.232958 1.63186e-38 5
0.285608 0.0354061 0.230935 1.71477e-38 5
-0.290889 0.0537131 0.316619 1.42893e-38 5
-0.285719 0.0537131 0.316619 9.95606e-39 5
-0.280548 0.0537131 0.316619 1.70555e-38 5
-0.277027 0.0540347 0.318515 3.13467e-39 5
-0.271284 0.0539271 0.31788 2.3971e-39 5
-0.266094 0.0539271 0.31788 1.56662e-39 5
-0.261424 0.0540347 0.318515 1.05096e-38 5
-0.255712 0.0539271 0.31788 1.28145e-38 5
-0.250521 0.0539271 0.31788 1.68711e-38 5
-0.24533 0.0539271 0.31788 3.68712e-39 5
-0.239662 0.0538199 0.317248 1.66871e-38 5
-0.234482 0.0538199 0.317248 3.1343e-39 5
-0.229301 0.0538199 0.317248 1.93576e-39 5
-0.224121 0.0538199 0.317248 3.77967e-39 5
-0.218073 0.0536067 0.315992 7.00724e-39 5
-0.212913 0.0536067 0.315992 1.87161e-38 5
-0.207753 0.0536067 0.315992 1.4755e-39 5
-0.202593 0.0536067 0.315992 2.08366e-38 5
-0.196655 0.0533953 0.314746 1.77012e-38 5
-0.191138 0.0532902 0.314126 2.00061e-38 5
-0.185643 0.0531855 0.313509 2.06518e-38 5
-0.180524 0.0531855 0.313509 1.34602e-38 5
-0.169287 0.0528738 0.311672 2.94919e-39 5
-0.164198 0.0528738 0.311672 3.87115e-39 5
-0.159108 0.0528738 0.311672 3.59528e-39 5
-0.153419 0.0526681 0.310459 3.41161e-39 5
-0.148062 0.0525658 0.309856 4.14917e-39 5
-0.143002 0.0525658 0.309856 4.70162e-39 5
-0.138211 0.0526681 0.310459 3.59528e-39 5
-0.132625 0.0524639 0.309256 1.14326e-38 5
-0.107375 0.0524639 0.309256 1.65034e-38 5
-0.102325 0.0524639 0.309256 7.65188e-39 5
-0.0972752 0.0524639 0.309256 5.34699e-39 5
-0.0920468 0.0523625 0.308658 1.93614e-38 5
-0.0723056 0.0526681 0.310459 6.63809e-39 3
-0.067236 0.0526681 0.310459 8.94298e-39 3
-0.0621664 0.0526681 0.310459 7.92882e-39 3
-0.057208 0.0527708 0.311064 1.70562e-38 3
-0.0418066 0.0525658 0.309856 1.97284e-38 3
-0.0319351 0.0529773 0.312282 1.37364e-38 3
-0.0268883 0.0530812 0.312894 1.41045e-38 3
-0.0218647 0.0532902 0.314126 1.42871e-38 3
-0.0167682 0.0533953 0.314746 1.42871e-38 3
-0.0116516 0.0535008 0.315368 1.3735e-38 3
-0.00654057 0.0538199 0.317248 1.52108e-38 3
-0.0013628 0.0539271 0.31788 1.52116e-38 3
0.0142096 0.0539271 0.31788 1.88994e-38 3
0.0194004 0.0539271 0.31788 1.69626e-38 3
0.0245912 0.0539271 0.31788 1.69608e-38 3
0.0297228 0.0538199 0.317248 1.70519e-38 3
0.0346963 0.0535008 0.315368 1.72363e-38 3
0.0396892 0.0532902 0.314126 1.79738e-38 3
0.0440385 0.0523625 0.308658 1.88036e-38 3
0.117818 0.0515646 0.303954 1.15237e-38 3
0.128234 0.0517618 0.305117 2.12979e-38 3
0.132962 0.051663 0.304534 1.77023e-38 3
0.145363 0.0491314 0.289612 1.77016e-38 3
0.153706 0.0487773 0.287524 1.93611e-38 3
0.157549 0.0485151 0.285978 1.78859e-38 3
0.162219 0.0485151 0.285978 1.78859e-38 3
0.176863 0.0486896 0.287007 2.0283e-38 3
0.182534 0.0489537 0.288564 1.41059e-38 3
0.20253 0.0504123 0.297162 1.72406e-38 3
0.213828 0.0507906 0.299392 8.39122e-39 3
0.22205 0.0515646 0.303954 9.86598e-39 3
0.226152 0.0513689 0.302801 1.0972e-38 3
0.230658 0.0512716 0.302227 9.22028e-39 3
0.231542 0.0474105 0.279468 1.10635e-38 3
0.235693 0.0473276 0.278979 3.87222e-39 3
0.246095 0.0475771 0.28045 1.2262e-38 3
0.25757 0.0471627 0.278007 4.51759e-39 3
0.260296 0.0468363 0.276083 5.8094e-39 3
0.267582 0.0473276 0.278979 6.27144e-39 3
0.269313 0.0468363 0.276083 6.45691e-39 3
0.273348 0.0467554 0.275606 3.87328e-39 3
0.275942 0.0464346 0.273715 4.14951e-39 3
0.282149 0.0397524 0.234326 1.80703e-38 5
0.284306 0.0395203 0.232958 1.7425e-38 5
0.284784 0.0390641 0.230268 1.65952e-38 5
-0.290889 0.0588833 0.316619 1.34595e-38 5
-0.285719 0.0588833 0.316619 1.27219e-38 5
-0.279439 0.0586506 0.315368 9.40253e-39 5
-0.277027 0.0592359 0.318515 1.29989e-38 5
-0.271826 0.0592359 0.318515 1.01408e-38 5
-0.266094 0.0591179 0.31788 1.81618e-38 5
-0.261424 0.0592359 0.318515 1.14316e-38 5
-0.250521 0.0591179 0.31788 9.12667e-39 5
-0.244843 0.0590004 0.317248 1.65945e-38 5
-0.234482 0.0590004 0.317248 3.41089e-39 5
-0.228846 0.0588833 0.316619 7.19019e-39 5
-0.223676 0.0588833 0.316619 1.68707e-38 5
-0.217642 0.0586506 0.315368 5.71578e-39 5
-0.212492 0.0586506 0.315368 3.77967e-39 5
-0.207343 0.0586506 0.315368 3.59564e-39 5
-0.202193 0.0586506 0.315368 3.78003e-39 5
-0.196267 0.0584196 0.314126 3.41089e-39 5
-0.190762 0.0583049 0.313509 3.59528e-39 5
-0.185279 0.0581905 0.312894 1.58573e-38 5
-0.180524 0.0583049 0.313509 2.00983e-38 5
-0.174718 0.0580767 0.312282 1.21688e-38 5
-0.169287 0.0579632 0.311672 1.77005e-38 5
-0.164198 0.0579632 0.311672 1.7331e-38 5
-0.159108 0.0579632 0.311672 1.79778e-38 5
-0.153419 0.0577377 0.310459 3.31941e-39 5
-0.148062 0.0576256 0.309856 1.807e-38 5
-0.143002 0.0576256 0.309856 1.96373e-38 5
-0.132882 0.0576256 0.309856 1.23546e-38 5
-0.127575 0.0575139 0.309256 3.04282e-39 5
-0.122763 0.0576256 0.309856 4.70234e-39 5
-0.117703 0.0576256 0.309856 4.42576e-39 5
-0.112643 0.0576256 0.309856 4.79454e-39 5
-0.107584 0.0576256 0.309856 2.67404e-39 5
-0.102524 0.0576256 0.309856 1.40141e-38 5
-0.0922252 0.0575139 0.309256 1.00497e-38 3
-0.0871752 0.0575139 0.309256 1.75208e-39 3
-0.0826055 0.0578502 0.311064 7.28382e-39 3
-0.077225 0.0576256 0.309856 7.37601e-39 3
-0.0721652 0.0576256 0.309856 8.29761e-39 3
-0.0671054 0.0576256 0.309856 9.58835e-39 3
-0.0621664 0.0577377 0.310459 9.86493e-39 3
-0.0573198 0.0579632 0.311672 9.21956e-39 3
-0.0321237 0.0584196 0.314126 1.32762e-38 3
-0.0270474 0.0585349 0.314746 1.40123e-38 3
-0.0219946 0.0587667 0.315992 1.42871e-38 3
-0.016868 0.0588833 0.316619 1.44726e-38 3
-0.0117211 0.0590004 0.317248 1.54867e-38 3
-0.00656668 0.0592359 0.318515 1.98199e-38 3
0.00905488 0.0593544 0.319152 1.98213e-38 3
0.0245912 0.0591179 0.31788 2.22159e-38 3
0.0344918 0.0583049 0.313509 1.89865e-38 3
0.0391498 0.0576256 0.309856 1.97245e-38 3
0.123487 0.0568528 0.305701 1.24464e-38 3
0.141662 0.0542544 0.291729 1.77016e-38 3
0.153706 0.0534724 0.287524 1.39215e-38 3
0.157832 0.0532804 0.286492 3.13465e-39 3
0.162803 0.0533762 0.287007 3.31904e-39 3
0.172797 0.0535689 0.288043 3.68782e-39 3
0.177822 0.0536658 0.288564 6.1771e-39 3
0.18861 0.0540568 0.290667 2.15738e-38 3
0.212528 0.0566358 0.304534 2.30524e-39 3
0.215853 0.0562068 0.302227 1.22627e-38 3
0.22205 0.056528 0.303954 4.88742e-39 3
0.224871 0.0559947 0.301087 7.09977e-39 3
0.228738 0.0513446 0.276083 1.25386e-38 3
0.236527 0.0510795 0.274657 2.11128e-38 3
0.243104 0.0515229 0.277042 2.0283e-38 3
0.24936 0.0518832 0.278979 2.05596e-38 3
0.255346 0.0512559 0.275606 1.59506e-38 3
0.258507 0.0509917 0.274186 3.5967e-39 3
0.26665 0.0517024 0.278007 4.88887e-39 3
0.267003 0.0509043 0.273715 4.15166e-39 3
0.269021 0.0496274 0.266849 1.46598e-38 3
0.281323 0.0434512 0.23364 1.65952e-38 5
0.282655 0.0430728 0.231605 8.11322e-39 5
-0.290889 0.0640535 0.316619 1.65938e-38 5
-0.284589 0.0638003 0.315368 8.94156e-39 5
-0.277027 0.064437 0.318515 1.44733e-38 5
-0.271284 0.0643087 0.31788 1.91753e-38 5
-0.266094 0.0643087 0.31788 1.75102e-39 5
-0.261424 0.064437 0.318515 2.1198e-39 5
-0.255712 0.0643087 0.31788 1.3368e-38 5
-0.250521 0.0643087 0.31788 4.51688e-39 5
-0.24533 0.0643087 0.31788 6.1764e-39 5
-0.234482 0.0641808 0.317248 1.24461e-38 5
-0.228846 0.0640535 0.316619 2.00054e-38 5
-0.217642 0.0638003 0.315368 2.39674e-39 5
-0.212492 0.0638003 0.315368 2.94991e-39 5
-0.206934 0.0636745 0.314746 2.48929e-39 5
-0.201794 0.0636745 0.314746 1.04181e-38 5
-0.196267 0.0635491 0.314126 1.63183e-38 5
-0.190388 0.0632999 0.312894 1.54885e-38 5
-0.185279 0.0632999 0.312894 1.40134e-38 5
-0.18017 0.0632999 0.312894 4.51652e-39 5
-0.174718 0.0631761 0.312282 3.77895e-39 5
-0.169618 0.0631761 0.312282 5.06862e-39 5
-0.164198 0.0630527 0.311672 3.3169e-39 5
-0.15942 0.0631761 0.312282 1.14312e-38 5
-0.153718 0.0629297 0.311064 1.63183e-38 5
-0.14835 0.0628073 0.310459 1.46588e-38 3
-0.14328 0.0628073 0.310459 2.02795e-39 3
-0.13875 0.0630527 0.311672 5.90017e-39 3
-0.133141 0.0628073 0.310459 4.24136e-39 3
-0.128071 0.0628073 0.310459 3.87258e-39 3
-0.123002 0.0628073 0.310459 5.43991e-39 3
-0.117932 0.0628073 0.310459 3.596e-39 3
-0.113083 0.0629297 0.311064 1.08795e-38 3
-0.102924 0.0629297 0.311064 1.46605e-38 3
-0.097844 0.0629297 0.311064 7.19162e-39 3
-0.0925841 0.0628073 0.310459 1.68722e-38 3
-0.077225 0.0626854 0.309856 2.06522e-38 3
-0.0721652 0.0626854 0.309856 5.80797e-39 3
-0.0671054 0.0626854 0.309856 1.30914e-38 3
-0.0620456 0.0626854 0.309856 2.15741e-38 3
-0.0521285 0.0629297 0.311064 6.54517e-39 3
-0.047049 0.0629297 0.311064 1.32747e-38 3
-0.0420515 0.0630527 0.311672 1.25379e-38 3
-0.03718 0.0634243 0.313509 2.06518e-38 3
-0.022126 0.0643087 0.31788 2.06504e-38 3
-0.00657981 0.0645659 0.319152 1.90831e-38 3
-0.00136825 0.0645659 0.319152 1.57633e-38 3
0.00384331 0.0645659 0.319152 1.60399e-38 3
0.00907302 0.0646953 0.319792 1.58562e-38 3
0.014238 0.064437 0.318515 1.73321e-38 3
0.0193618 0.0641808 0.317248 1.88994e-38 3
0.0295466 0.0638003 0.315368 2.12918e-38 3
0.0340239 0.0625639 0.309256 2.09216e-38 3
0.123487 0.0618448 0.305701 1.71484e-38 3
0.12726 0.061258 0.302801 6.26931e-39 3
0.130472 0.060455 0.298831 1.00493e-38 3
0.134096 0.0598942 0.296059 7.65224e-39 3
0.138162 0.0595627 0.294421 7.00687e-39 3
0.14928 0.0582725 0.288043 3.13393e-39 3
0.158687 0.0582725 0.288043 2.67367e-39 3
0.168398 0.0583779 0.288564 6.08563e-39 3
0.173424 0.0584836 0.289087 6.08563e-39 3
0.178467 0.0585898 0.289612 4.88637e-39 3
0.216674 0.0613745 0.303376 1.09716e-38 3
0.220788 0.061142 0.302227 1.32762e-38 3
0.225231 0.0549965 0.27185 1.64115e-38 3
0.22967 0.0549965 0.27185 6.26967e-39 3
0.23411 0.0549965 0.27185 3.31941e-39 3
0.247849 0.0550904 0.272314 1.66096e-39 3
0.251011 0.0548098 0.270927 1.8625e-38 3
0.253712 0.0544401 0.269099 8.11501e-39 3
0.262985 0.055469 0.274186 3.22899e-39 3
0.264733 0.054903 0.271388 3.59849e-39 3
0.267798 0.0546243 0.27001 4.14952e-39 3
0.278323 0.0474052 0.234326 1.35535e-38 3
-0.283469 0.0686786 0.314126 8.57277e-39 5
-0.278339 0.0686786 0.314126 1.46577e-38 5
-0.271284 0.0694995 0.31788 1.27216e-38 5
-0.266094 0.0694995 0.31788 1.11543e-38 5
-0.261424 0.0696382 0.318515 8.66497e-39 5
-0.255712 0.0694995 0.31788 1.44733e-38 5
-0.251021 0.0696382 0.318515 1.5764e-38 5
-0.24582 0.0696382 0.318515 1.88068e-38 5
-0.24014 0.0694995 0.31788 1.44744e-38 5
-0.234482 0.0693613 0.317248 1.74246e-38 5
-0.228846 0.0692237 0.316619 1.64098e-38 5
-0.217642 0.0689501 0.315368 1.64101e-38 5
-0.212073 0.0688141 0.314746 1.07865e-38 5
-0.206934 0.0688141 0.314746 1.67789e-38 5
-0.201794 0.0688141 0.314746 1.69629e-38 5
-0.190762 0.0685437 0.313509 5.89945e-39 5
-0.185279 0.0684093 0.312894 5.25408e-39 5
-0.180524 0.0685437 0.313509 3.87115e-39 5
-0.17506 0.0684093 0.312894 9.0341e-39 5
-0.169618 0.0682754 0.312282 1.61332e-38 5
-0.15942 0.0682754 0.312282 3.0421e-39 3
-0.153419 0.0678769 0.310459 4.79382e-39 3
-0.148639 0.0680092 0.311064 7.74408e-39 3
-0.139295 0.0684093 0.312894 2.11121e-38 3
-0.123966 0.0684093 0.312894 1.79785e-38 3
-0.113525 0.0682754 0.312282 4.51687e-39 3
-0.108214 0.0681421 0.311672 7.28274e-39 3
-0.102924 0.0680092 0.311064 4.79454e-39 3
-0.097844 0.0680092 0.311064 5.25551e-39 3
-0.0927645 0.0680092 0.311064 6.3615e-39 3
-0.0873445 0.0677451 0.309856 6.91432e-39 3
-0.0826055 0.0680092 0.311064 1.37368e-38 3
-0.0570967 0.0678769 0.310459 6.54661e-39 3
-0.0520271 0.0678769 0.310459 1.12471e-38 3
-0.0471409 0.0681421 0.311672 1.17074e-38 3
-0.0420515 0.0681421 0.311672 1.19847e-38 3
-0.0372531 0.0686786 0.314126 1.62264e-38 3
-0.0222145 0.0697775 0.319152 1.79774e-38 3
-0.016969 0.0696382 0.318515 1.88072e-38 3
-0.00136825 0.0697775 0.319152 1.85299e-38 3
0.0193234 0.0692237 0.316619 1.93596e-38 3
0.0244936 0.0692237 0.316619 1.79742e-38 3
0.0293724 0.0685437 0.313509 1.87096e-38 3
0.0384041 0.0664548 0.303954 2.07397e-38 3
0.118723 0.066965 0.306288 1.07869e-38 3
0.123016 0.0665816 0.304534 9.31176e-39 3
0.12654 0.0658278 0.301087 7.92883e-39 3
0.1336 0.0644894 0.294965 7.37565e-39 3
0.141404 0.0636656 0.291197 2.04667e-38 3
0.145363 0.063319 0.289612 5.62322e-39 3
0.14982 0.0632042 0.289087 7.00615e-39 3
0.174689 0.0636656 0.291197 1.86242e-38 3
0.209186 0.0704823 0.322376 1.27234e-38 3
0.213158 0.0700577 0.320434 2.12972e-38 3
0.210197 0.0615322 0.281439 6.36113e-39 3
0.214415 0.0614238 0.280944 1.20783e-38 3
0.215213 0.0603611 0.276083 1.18039e-38 3
0.217093 0.0596389 0.272779 1.23564e-38 3
0.220417 0.0593346 0.271388 6.91539e-39 3
0.240124 0.0587353 0.268646 2.09302e-38 3
0.244924 0.0588343 0.269099 1.53974e-38 3
0.247233 0.0583424 0.266849 1.81633e-38 3
0.251171 0.058245 0.266404 1.80707e-38 3
0.262084 0.059741 0.273247 2.58219e-39 3
0.265636 0.0595371 0.272314 7.74515e-39 3
0.277102 0.0510069 0.233298 2.12121e-39 3
0.27624 0.0494876 0.226349 2.67367e-39 3
-0.289739 0.0740999 0.315368 1.2445e-38 5
-0.282357 0.0735187 0.312894 1.29982e-38 5
-0.277248 0.0735187 0.312894 1.48421e-38 5
-0.277027 0.0748394 0.318515 1.1523e-38 5
-0.271284 0.0746903 0.31788 1.27216e-38 5
-0.266094 0.0746903 0.31788 1.59484e-38 5
-0.256222 0.0748394 0.318515 1.7503e-39 5
-0.251021 0.0748394 0.318515 1.32747e-38 5
-0.246312 0.0749891 0.319152 1.59488e-38 5
-0.24014 0.0746903 0.31788 3.87187e-39 5
-0.228393 0.0742466 0.315992 3.68676e-39 5
-0.223233 0.0742466 0.315992 1.4658e-38 5
-0.217213 0.0739537 0.314746 1.54885e-38 5
-0.211656 0.0738081 0.314126 1.61339e-38 5
-0.206121 0.0736631 0.313509 2.11117e-38 5
-0.201397 0.0738081 0.314126 2.10195e-38 5
-0.195882 0.0736631 0.313509 1.76083e-38 5
-0.190388 0.0735187 0.312894 1.936e-38 5
-0.185279 0.0735187 0.312894 2.00061e-38 5
-0.174718 0.0733748 0.312282 1.29992e-38 3
-0.169618 0.0733748 0.312282 4.42504e-39 3
-0.164198 0.0732315 0.311672 2.67332e-39 3
-0.158798 0.0730887 0.311064 4.70163e-39 3
-0.153419 0.0729465 0.310459 4.60943e-39 3
-0.148639 0.0730887 0.311064 5.71578e-39 3
-0.14384 0.0732315 0.311672 3.59456e-39 3
-0.139295 0.0735187 0.312894 1.27226e-38 3
-0.134185 0.0735187 0.312894 2.12968e-38 3
-0.124455 0.0738081 0.314126 5.34879e-39 3
-0.118857 0.0735187 0.312894 1.93607e-38 3
-0.108214 0.0732315 0.311672 1.94529e-38 3
-0.103125 0.0732315 0.311672 2.21306e-39 3
-0.097844 0.0730887 0.311064 1.77941e-38 3
-0.0822847 0.0728049 0.309856 3.31941e-39 3
-0.0770753 0.0726638 0.309256 8.66604e-39 3
-0.0721652 0.0728049 0.309856 1.84388e-38 3
-0.0669754 0.0726638 0.309256 2.17575e-38 3
-0.0620456 0.0728049 0.309856 1.04181e-38 3
-0.0519261 0.0728049 0.309856 9.40324e-39 3
-0.00137099 0.0751393 0.319792 1.61321e-38 3
0.0243008 0.0738081 0.314126 2.12918e-38 3
0.0289179 0.0725233 0.308658 2.03691e-38 3
0.0335045 0.0715544 0.304534 2.1384e-38 3
0.121166 0.0704784 0.299955 7.00687e-39 3
0.129502 0.0696924 0.29661 8.29761e-39 3
0.132864 0.0689238 0.293338 1.99143e-38 3
0.14089 0.0681719 0.290138 5.992e-39 3
0.1451 0.0679249 0.289087 5.07004e-39 3
0.14982 0.0679249 0.289087 2.48856e-39 3
0.210035 0.0760538 0.323684 6.45298e-39 3
0.21532 0.0760538 0.323684 4.79417e-39 3
0.200299 0.0658955 0.28045 1.48435e-38 3
0.204879 0.0658955 0.28045 4.79346e-39 3
0.209458 0.0658955 0.28045 2.94954e-39 3
0.213663 0.0657799 0.279958 1.4291e-38 3
0.220351 0.0624909 0.26596 2.1205e-38 3
0.228276 0.0622833 0.265076 2.67439e-39 3
0.232605 0.0622833 0.265076 3.96513e-39 3
0.236933 0.0622833 0.265076 4.88816e-39 3
0.242066 0.0624909 0.26596 3.68889e-39 3
0.245999 0.0623869 0.265517 8.11393e-39 3
0.251591 0.0626999 0.266849 9.03589e-39 3
0.262914 0.0527349 0.224439 1.56804e-39 3
0.270769 0.0535636 0.227966 3.31976e-39 3
0.272158 0.0531084 0.226028 3.87221e-39 3
0.276408 0.0525133 0.223496 6.63809e-39 3
-0.288598 0.0789376 0.314126 1.40123e-38 5
-0.282357 0.0786281 0.312894 4.97714e-39 5
-0.277248 0.0786281 0.312894 1.14308e-38 5
-0.277581 0.0802006 0.319152 1.74236e-38 5
-0.266625 0.0800405 0.318515 2.02688e-39 5
-0.261424 0.0800405 0.318515 1.03245e-38 5
-0.256222 0.0800405 0.318515 1.5764e-38 5
-0.251021 0.0800405 0.318515 9.49473e-39 5
-0.24582 0.0800405 0.318515 5.25409e-39 5
-0.24014 0.0798811 0.31788 2.76552e-39 5
-0.233553 0.0794065 0.315992 8.02031e-39 5
-0.227942 0.0792496 0.315368 1.61332e-38 5
-0.223233 0.0794065 0.315992 6.36043e-39 5
-0.216785 0.0789376 0.314126 3.68748e-39 5
-0.21124 0.0787825 0.313509 3.31869e-39 5
-0.205716 0.0786281 0.312894 1.10624e-38 5
-0.200607 0.0786281 0.312894 1.41971e-38 5
-0.195498 0.0786281 0.312894 1.5119e-38 5
-0.190016 0.0784742 0.312282 2.00054e-38 3
-0.184916 0.0784742 0.312282 2.06515e-38 3
-0.174376 0.0783209 0.311672 2.06515e-38 3
-0.169287 0.0783209 0.311672 1.39212e-38 3
-0.164198 0.0783209 0.311672 1.50275e-38 3
-0.158798 0.0781682 0.311064 1.44744e-38 3
-0.139295 0.0786281 0.312894 1.84356e-39 3
-0.134185 0.0786281 0.312894 4.24136e-39 3
-0.129076 0.0786281 0.312894 5.34771e-39 3
-0.124455 0.0789376 0.314126 6.45514e-39 3
-0.119091 0.0787825 0.313509 1.29999e-38 3
-0.113748 0.0786281 0.312894 1.6319e-38 3
-0.103326 0.0784742 0.312282 6.63953e-39 3
-0.0769262 0.0775635 0.308658 1.9638e-38 3
-0.0720253 0.0777138 0.309256 4.88602e-39 3
-0.0669754 0.0777138 0.309256 2.1389e-38 3
-0.0374004 0.0792496 0.315368 1.52116e-38 3
-0.0323786 0.0795641 0.316619 1.3552e-38 3
-0.0273713 0.0800405 0.318515 1.29978e-38 3
-0.0221702 0.0800405 0.318515 1.35506e-38 3
-0.016969 0.0800405 0.318515 1.38272e-38 3
-0.0119105 0.0810107 0.322376 1.4196e-38 3
-0.00665973 0.0811747 0.323028 1.4196e-38 3
-0.00138207 0.0810107 0.322376 1.4196e-38 3
0.00386651 0.0806847 0.321078 1.48413e-38 3
0.00914634 0.0810107 0.322376 1.54856e-38 3
0.0142664 0.0802006 0.319152 1.6131e-38 3
0.0240171 0.0780162 0.310459 1.82486e-38 3
0.112855 0.0763815 0.303954 1.00493e-38 3
0.116487 0.0755185 0.30052 2.09284e-38 3
0.124891 0.0746747 0.297162 3.13537e-39 3
0.129262 0.0743976 0.296059 1.81633e-38 3
0.136899 0.0733095 0.291729 6.3615e-39 3
0.141146 0.0730425 0.290667 4.70126e-39 3
0.145627 0.0729097 0.290138 4.05589e-39 3
0.150365 0.0729097 0.290138 3.8715e-39 3
0.167008 0.0739858 0.294421 7.37637e-39 3
0.204749 0.0813394 0.323684 6.91467e-39 3
0.210462 0.0815047 0.324341 3.96369e-39 3
0.199598 0.0702282 0.279468 1.87154e-38 3
0.203804 0.0701054 0.278979 1.76087e-38 3
0.20836 0.0701054 0.278979 2.76515e-39 3
0.216008 0.0668338 0.26596 1.56947e-39 3
0.219255 0.0665013 0.264637 3.96548e-39 3
0.222837 0.0662815 0.263762 1.45669e-38 3
0.226396 0.0660631 0.262893 1.9454e-38 3
0.230309 0.0659545 0.262461 8.39052e-39 3
0.23421 0.0658462 0.26203 7.2856e-39 3
0.240862 0.0665013 0.264637 7.46927e-39 3
0.244373 0.0662815 0.263762 7.19233e-39 3
0.250752 0.0668338 0.26596 4.79489e-39 3
0.235496 0.0606661 0.241416 6.45406e-39 3
0.252502 0.0549319 0.218597 1.32772e-38 3
0.255721 0.0548568 0.218298 4.24171e-39 3
0.263572 0.0550073 0.218897 1.53967e-38 3
0.268991 0.0553872 0.220409 1.84391e-38 3
0.273724 0.0556176 0.221326 2.01908e-38 3
-0.288598 0.0840671 0.314126 3.22543e-39 5
-0.283469 0.0840671 0.314126 1.39201e-38 5
-0.278339 0.0840671 0.314126 8.66497e-39 5
-0.277581 0.0854122 0.319152 1.12464e-38 5
-0.27237 0.0854122 0.319152 1.35513e-38 5
-0.266625 0.0852417 0.318515 9.12595e-39 5
-0.261946 0.0854122 0.319152 1.47499e-38 5
-0.256735 0.0854122 0.319152 1.35517e-38 5
-0.251523 0.0854122 0.319152 1.35513e-38 5
-0.24582 0.0852417 0.318515 1.6041e-38 5
-0.24014 0.0850719 0.31788 1.4751e-38 5
-0.228393 0.0845665 0.315992 1.75161e-38 5
-0.223233 0.0845665 0.315992 1.33673e-38 5
-0.216785 0.0840671 0.314126 9.21921e-39 5
-0.210826 0.0837374 0.312894 1.39212e-38 5
-0.195115 0.0835736 0.312282 1.65845e-39 5
-0.189645 0.0834103 0.311672 2.48821e-39 3
-0.184916 0.0835736 0.312282 1.20773e-38 3
-0.180524 0.0839019 0.313509 1.65034e-38 3
-0.174718 0.0835736 0.312282 1.88083e-38 3
-0.169618 0.0835736 0.312282 1.99146e-38 3
-0.158798 0.0832477 0.311064 1.64112e-38 3
-0.153419 0.0830858 0.310459 2.00068e-38 3
-0.148639 0.0832477 0.311064 2.06522e-38 3
-0.139295 0.0837374 0.312894 2.13898e-38 3
-0.129076 0.0837374 0.312894 2.11142e-38 3
-0.119091 0.0839019 0.313509 1.63201e-38 3
-0.113748 0.0837374 0.312894 3.22829e-39 3
-0.108638 0.0837374 0.312894 5.90233e-39 3
-0.103732 0.0839019 0.313509 5.1644e-39 3
-0.0980351 0.0834103 0.311672 5.0722e-39 3
-0.0931276 0.0835736 0.312282 4.42648e-39 3
-0.0875144 0.0830858 0.310459 6.54625e-39 3
-0.0821253 0.0827637 0.309256 6.27075e-39 3
-0.0769262 0.0826036 0.308658 6.26967e-39 3
-0.071886 0.0826036 0.308658 6.91504e-39 3
-0.0669754 0.0827637 0.309256 7.55969e-39 3
-0.0620456 0.0829244 0.309856 9.31104e-39 3
-0.0569859 0.0829244 0.309856 1.02337e-38 3
-0.0520271 0.0830858 0.310459 9.21957e-39 3
-0.0473258 0.0837374 0.312894 9.77274e-39 3
-0.0424662 0.0842329 0.314746 1.01408e-38 3
-0.0120075 0.0869778 0.325002 1.29052e-38 3
-0.00670042 0.0869778 0.325002 1.3274e-38 3
-0.00138487 0.0864496 0.323028 1.36428e-38 3
0.00385101 0.0855833 0.319792 1.43793e-38 3
0.0091279 0.086101 0.321726 1.4931e-38 3
0.0142664 0.0854122 0.319152 1.60366e-38 3
0.023649 0.0818124 0.305701 1.82493e-38 3
0.087439 0.0691037 0.258214 1.3645e-38 3
0.10872 0.0819695 0.306288 1.05103e-38 3
0.112855 0.0813449 0.303954 9.95677e-39 3
0.116487 0.0804258 0.30052 9.40324e-39 3
0.136649 0.0779308 0.291197 1.75172e-38 3
0.141146 0.0777889 0.290667 4.60907e-39 3
0.145893 0.0777889 0.290667 4.60907e-39 3
0.156526 0.0783598 0.2928 1.71484e-38 3
0.162801 0.0790854 0.295511 5.80832e-39 3
0.167937 0.0792321 0.296059 2.0376e-38 3
0.184935 0.0744009 0.278007 1.3552e-38 3
0.187839 0.0737584 0.275606 4.33319e-39 3
0.193677 0.0742715 0.277523 1.63193e-38 3
0.197522 0.074014 0.276561 1.96384e-38 3
0.200993 0.0736312 0.275131 4.05661e-39 3
0.210612 0.0708227 0.264637 1.1067e-38 3
0.214223 0.0705886 0.263762 6.64093e-39 3
0.217095 0.0701249 0.26203 4.05767e-39 3
0.219929 0.0696674 0.26032 3.50343e-39 3
0.228059 0.0695539 0.259896 9.49686e-39 3
0.231549 0.0693281 0.259052 7.10121e-39 3
0.228997 0.0650017 0.242886 3.59635e-39 3
0.231554 0.0646083 0.241416 1.25393e-38 3
0.24165 0.05679 0.212202 7.0097e-39 3
0.250784 0.0581035 0.21711 1.53059e-38 3
0.259286 0.0584215 0.218298 1.005e-38 3
0.260357 0.0578673 0.216228 1.45669e-38 3
0.265326 0.0581827 0.217406 1.81625e-38 3
0.270721 0.0585817 0.218897 7.00651e-39 3
-0.289739 0.0895492 0.315368 1.32748e-38 5
-0.284589 0.0895492 0.315368 1.10621e-38 5
-0.279439 0.0895492 0.315368 1.98196e-38 5
-0.278137 0.0908054 0.319792 4.1463e-39 5
-0.272915 0.0908054 0.319792 1.35513e-38 5
-0.266625 0.0904429 0.318515 1.43818e-38 5
-0.256735 0.0906237 0.319152 1.93504e-39 5
-0.251523 0.0906237 0.319152 5.34664e-39 5
-0.246312 0.0906237 0.319152 5.71542e-39 5
-0.24014 0.0902627 0.31788 5.53103e-39 5
-0.233553 0.0897265 0.315992 9.86458e-39 5
-0.227942 0.0895492 0.315368 1.53956e-38 5
-0.222353 0.0893725 0.314746 1.72402e-38 5
-0.215935 0.0888468 0.312894 2.58112e-39 3
-0.210413 0.0886729 0.312282 1.83473e-38 3
-0.204513 0.0883272 0.311064 1.95458e-38 3
-0.199823 0.0884997 0.311672 1.7148e-38 3
-0.194354 0.0883272 0.311064 1.66856e-38 3
-0.189645 0.0884997 0.311672 1.94526e-38 3
-0.184916 0.0886729 0.312282 4.42576e-39 3
-0.174376 0.0884997 0.311672 5.1644e-39 3
-0.168957 0.0883272 0.311064 3.41268e-39 3
-0.164198 0.0884997 0.311672 3.68927e-39 3
-0.158798 0.0883272 0.311064 3.96585e-39 3
-0.153122 0.0879842 0.309856 3.96585e-39 3
-0.148929 0.0884997 0.311672 4.61122e-39 3
-0.144972 0.0891966 0.314126 2.02867e-39 3
-0.134979 0.0893725 0.314746 2.85951e-39 3
-0.130096 0.0895492 0.315368 5.16476e-39 3
-0.125442 0.0899045 0.316619 3.87402e-39 3
-0.114196 0.0891966 0.314126 4.24281e-39 3
-0.108852 0.0890214 0.313509 4.24388e-39 3
-0.103529 0.0888468 0.312894 4.98037e-39 3
-0.098227 0.0886729 0.312282 4.61159e-39 3
-0.0933102 0.0888468 0.312894 4.61159e-39 3
-0.087685 0.0883272 0.311064 5.44063e-39 3
-0.0818082 0.0874747 0.308062 5.99416e-39 3
-0.0121561 0.0934265 0.329023 1.24443e-38 3
-0.00674161 0.0928522 0.327 1.29974e-38 3
-0.00139333 0.0922849 0.325002 1.36424e-38 3
0.00384331 0.0906237 0.319152 1.41945e-38 3
0.0091279 0.0913546 0.321726 1.50232e-38 3
0.014238 0.0904429 0.318515 1.61288e-38 3
0.0844524 0.0744037 0.26203 1.4013e-38 3
0.103322 0.0866384 0.305117 1.21691e-38 3
0.108304 0.0866384 0.305117 1.00486e-38 3
0.112214 0.0858179 0.302227 9.77274e-39 3
0.116268 0.0851727 0.299955 9.03517e-39 3
0.120487 0.0846951 0.298273 1.79789e-38 3
0.129022 0.0839109 0.295511 3.78074e-39 3
0.156526 0.083141 0.2928 5.34663e-39 3
0.163103 0.0840666 0.296059 1.81618e-38 3
0.181981 0.0796342 0.28045 1.88072e-38 3
0.184614 0.0788032 0.277523 7.00615e-39 3
0.187515 0.0781239 0.275131 2.14816e-38 3
0.203036 0.0771923 0.27185 1.69636e-38 3
0.205949 0.0750197 0.264199 3.1393e-39 3
0.207515 0.074039 0.260745 2.49427e-39 3
0.211427 0.0739182 0.26032 3.87578e-39 3
0.215327 0.0737978 0.259896 4.70304e-39 3
0.219214 0.0736778 0.259473 4.14952e-39 3
0.227688 0.0736778 0.259473 1.45673e-38 3
0.24165 0.0602551 0.212202 9.68302e-39 3
0.248084 0.060985 0.214773 7.93059e-39 3
0.24858 0.0602551 0.212202 2.00997e-38 3
0.258954 0.0610672 0.215062 1.47513e-38 3
-0.289739 0.0946989 0.315368 4.05555e-39 5
-0.279439 0.0946989 0.315368 1.1984e-38 5
-0.278696 0.0962202 0.320434 1.24439e-38 5
-0.273463 0.0962202 0.320434 3.04103e-39 5
-0.262471 0.0960274 0.319792 8.20471e-39 5
-0.257249 0.0960274 0.319792 9.86458e-39 5
-0.251523 0.0958353 0.319152 1.19854e-38 5
-0.246312 0.0958353 0.319152 1.49357e-38 5
-0.24014 0.0954535 0.31788 2.0744e-38 5
-0.222353 0.0945121 0.314746 2.85771e-39 3
-0.215513 0.0937723 0.312282 3.59599e-39 3
-0.210002 0.0935892 0.311672 2.85878e-39 3
-0.204513 0.0934067 0.311064 4.05805e-39 3
-0.199434 0.0934067 0.311064 4.97893e-39 3
-0.193976 0.093225 0.310459 4.97893e-39 3
-0.189645 0.0935892 0.311672 4.33356e-39 3
-0.185643 0.0941408 0.313509 4.05697e-39 3
-0.181594 0.0946989 0.315368 3.5038e-39 3
-0.175404 0.0941408 0.313509 3.96585e-39 3
-0.169287 0.0935892 0.311672 4.05805e-39 3
-0.164198 0.0935892 0.311672 3.87366e-39 3
-0.158489 0.093225 0.310459 3.78146e-39 3
-0.153419 0.093225 0.310459 4.79561e-39 3
-0.148929 0.0935892 0.311672 4.33464e-39 3
-0.145258 0.0945121 0.314746 4.42576e-39 3
-0.140674 0.0948864 0.315992 4.79562e-39 3
-0.136596 0.095644 0.318515 4.335e-39 3
-0.134071 0.097592 0.325002 3.7829e-39 3
-0.128764 0.097592 0.325002 3.96622e-39 3
-0.122459 0.0968033 0.322376 4.70378e-39 3
-0.109066 0.0943261 0.314126 4.70486e-39 3
-0.103529 0.0939562 0.312894 4.70378e-39 3
-0.097844 0.0934067 0.311064 5.07256e-39 3
-0.0931276 0.0937723 0.312282 4.05841e-39 3
-0.0875144 0.093225 0.310459 4.79598e-39 3
-0.0818082 0.0925051 0.308062 5.0722e-39 3
-0.201984 0.260422 0.867261 5.90233e-39 3
0.0128295 0.0861828 0.287007 1.64991e-38 3
0.0175478 0.0863381 0.287524 1.8527e-38 3
0.022283 0.086494 0.288043 2.19393e-38 3
0.101765 0.0902404 0.30052 1.21691e-38 3
0.106672 0.0902404 0.30052 1.09713e-38 3
0.111161 0.0899018 0.299392 9.68054e-39 3
0.115616 0.0895657 0.298273 3.78002e-39 3
0.124427 0.088901 0.296059 5.81012e-39 3
0.128546 0.088409 0.294421 7.74515e-39 3
0.13262 0.0879223 0.2928 6.1771e-39 3
0.136899 0.0876008 0.291729 8.11322e-39 3
0.151745 0.0879223 0.2928 1.85306e-38 3
0.192008 0.0826166 0.275131 1.10667e-38 3
0.201302 0.0792027 0.263762 1.65974e-38 3
0.202926 0.0781691 0.26032 8.76215e-39 3
0.205833 0.0776623 0.258632 9.40787e-39 3
0.20904 0.0772865 0.257381 8.76143e-39 3
0.220927 0.0703637 0.234326 1.56733e-39 3
0.224095 0.0701576 0.23364 3.78002e-39 3
0.22858 0.0703637 0.234326 5.34663e-39 3
0.23482 0.0710944 0.23676 8.66639e-39 3
0.238185 0.0637203 0.212202 1.06028e-38 3
0.24165 0.0637203 0.212202 1.02348e-38 3
0.245115 0.0637203 0.212202 9.77451e-39 3
0.24858 0.0637203 0.212202 7.56146e-39 3
0.258975 0.0637203 0.212202 1.807e-38 3
-0.292048 0.100644 0.31788 1.0417e-38 5
-0.285719 0.100245 0.316619 1.6502e-38 5
-0.281666 0.100644 0.31788 1.25372e-38 5
-0.279257 0.101657 0.321078 1.08777e-38 5
-0.273463 0.101453 0.320434 1.20769e-38 5
-0.267158 0.101047 0.319152 1.18007e-38 5
-0.262998 0.101453 0.320434 1.14326e-38 5
-0.256735 0.101047 0.319152 7.37602e-39 5
-0.251021 0.100845 0.318515 2.58257e-39 5
-0.24533 0.100644 0.31788 2.30598e-39 5
-0.239187 0.100245 0.316619 3.41233e-39 5
-0.232632 0.0996517 0.314746 4.05697e-39 5
-0.227044 0.0994556 0.314126 3.31941e-39 5
-0.221479 0.0992602 0.313509 3.31941e-39 3
-0.214255 0.0982946 0.310459 3.87294e-39 3
-0.208374 0.0979136 0.309256 3.50415e-39 3
-0.202931 0.0977242 0.308658 3.32048e-39 3
-0.197128 0.0973477 0.307468 3.3212e-39 3
-0.19137 0.096974 0.306288 4.24316e-39 3
-0.186369 0.096974 0.306288 3.78218e-39 3
-0.181716 0.0971605 0.306877 3.78147e-39 3
-0.17773 0.0977242 0.308658 3.78146e-39 3
-0.16261 0.0977242 0.308658 3.87438e-39 3
-0.157265 0.0975356 0.308062 3.3212e-39 3
-0.152529 0.0977242 0.308658 4.24316e-39 3
-0.147775 0.0979136 0.309256 4.15096e-39 3
-0.145258 0.0996517 0.314746 4.05877e-39 3
-0.140396 0.0998487 0.315368 3.87438e-39 3
-0.135783 0.100245 0.316619 4.33536e-39 3
-0.134071 0.102899 0.325002 3.87546e-39 3
-0.129821 0.103744 0.327671 4.33643e-39 3
0.0126252 0.089422 0.282435 1.73295e-38 3
0.0172984 0.0897397 0.283439 2.07419e-38 3
0.071852 0.0832347 0.262893 2.10199e-38 3
0.0756464 0.0826897 0.261172 1.52108e-38 3
0.0974565 0.100845 0.318515 1.41967e-38 3
0.119371 0.0935619 0.295511 4.24172e-39 3
0.123738 0.0932167 0.294421 6.2711e-39 3
0.128073 0.092874 0.293338 6.08563e-39 3
0.132377 0.0925338 0.292264 6.17746e-39 3
0.136899 0.0923646 0.291729 6.54589e-39 3
0.182623 0.0891066 0.281439 2.16642e-38 3
0.184614 0.0878668 0.277523 1.79781e-38 3
0.187192 0.0869594 0.274657 1.00518e-38 3
0.192193 0.0851997 0.269099 8.85577e-39 3
0.193327 0.0837868 0.264637 9.77559e-39 3
0.201284 0.0817531 0.258214 9.77524e-39 3
0.203524 0.080967 0.255731 8.66924e-39 3
0.206049 0.0803234 0.253698 2.0193e-38 3
0.213317 0.0799422 0.252494 2.11157e-38 3
0.218061 0.0745183 0.235363 4.241e-39 3
0.220603 0.0740813 0.233982 9.40396e-39 3
0.223768 0.0738647 0.233298 1.28152e-38 3
0.231254 0.0671854 0.212202 2.07447e-38 3
0.234719 0.0671854 0.212202 1.41066e-38 3
0.238185 0.0671854 0.212202 1.08791e-38 3
0.24165 0.0671854 0.212202 1.14323e-38 3
0.24858 0.0671854 0.212202 8.8522e-39 3
0.252045 0.0671854 0.212202 7.8377e-39 3
0.25551 0.0671854 0.212202 1.13401e-38 3
0.258975 0.0671854 0.212202 1.86235e-38 3
-0.293216 0.106258 0.319152 1.30911e-38 3
-0.286857 0.105835 0.31788 7.28275e-39 3
-0.282793 0.106258 0.319152 1.05096e-38 3
-0.27982 0.107115 0.321726 1.59488e-38 3
-0.273463 0.106685 0.320434 3.77895e-39 3
-0.266625 0.106046 0.318515 3.68747e-39 3
-0.262998 0.106685 0.320434 3.13502e-39 3
-0.256735 0.106258 0.319152 2.76731e-39 3
-0.250521 0.105835 0.31788 2.12231e-39 3
-0.246312 0.106258 0.319152 2.21558e-39 3
-0.228574 0.102964 0.309256 3.22721e-39 3
-0.226598 0.10438 0.313509 2.39853e-39 3
-0.218899 0.103164 0.309856 2.8595e-39 3
-0.211376 0.101975 0.306288 3.22864e-39 3
-0.200987 0.10178 0.305701 3.59635e-39 3
-0.195995 0.10178 0.305701 2.67583e-39 3
-0.190275 0.101392 0.304534 3.87545e-39 3
-0.185302 0.101392 0.304534 3.59779e-39 3
-0.144404 0.104175 0.312894 3.96765e-39 3
-0.140812 0.109319 0.328346 4.05985e-39 3
-0.135729 0.109545 0.329023 4.70414e-39 3
-0.199037 0.235085 0.706088 3.96657e-39 3
-0.205004 0.273862 0.822557 4.61267e-39 3
-0.191573 0.273862 0.822557 4.98145e-39 3
-0.161492 0.248267 0.745682 5.62538e-39 3
0.00815755 0.0957283 0.287524 1.7054e-38 3
0.0937524 0.107767 0.323684 1.36428e-38 3
0.0974565 0.106046 0.318515 1.27208e-38 3
0.103918 0.102172 0.306877 1.17088e-38 3
0.107279 0.100624 0.302227 3.87294e-39 3
0.119371 0.0983874 0.295511 1.78867e-38 3
0.123738 0.0980244 0.294421 5.81012e-39 3
0.128073 0.097664 0.293338 6.08563e-39 3
0.13262 0.0974848 0.2928 6.54624e-39 3
0.137401 0.0974848 0.2928 1.65952e-38 3
0.182945 0.0938679 0.281936 1.687e-38 3
0.183338 0.0917603 0.275606 1.82551e-38 3
0.185279 0.0905097 0.27185 1.03288e-38 3
0.188693 0.0879623 0.264199 8.76322e-39 3
0.190173 0.0866708 0.26032 1.00507e-38 3
0.192851 0.0859696 0.258214 2.02866e-39 3
0.199348 0.085143 0.255731 1.68722e-38 3
0.208534 0.0838 0.251697 1.59527e-38 3
0.20805 0.0819895 0.246259 8.39409e-39 3
0.216782 0.0779021 0.233982 9.12701e-39 3
0.22563 0.074515 0.223809 1.56839e-39 3
0.230355 0.0736882 0.221326 3.32046e-39 3
0.232358 0.0731807 0.219802 3.78109e-39 3
0.238185 0.0706506 0.212202 2.09291e-38 3
0.24165 0.0706506 0.212202 1.35528e-38 3
-0.2992 0.113745 0.325665 8.57421e-39 3
-0.288004 0.11147 0.319152 1.32755e-38 3
-0.282793 0.11147 0.319152 2.94991e-39 3
-0.280385 0.112596 0.322376 2.76516e-39 3
-0.273463 0.111918 0.320434 3.04174e-39 3
-0.265565 0.110805 0.317248 2.30561e-39 3
-0.264592 0.112596 0.322376 2.58292e-39 3
-0.257249 0.111693 0.319792 2.67727e-39 3
-0.142869 0.116357 0.333144 4.61194e-39 3
-0.136858 0.115873 0.331759 4.05877e-39 3
-0.187507 0.246615 0.706088 4.4272e-39 3
-0.174434 0.244452 0.699895 4.61339e-39 3
-0.160194 0.240237 0.687827 4.79706e-39 3
0.0943264 0.113745 0.325665 1.27198e-38 3
0.0978472 0.111693 0.319792 1.17989e-38 3
0.110746 0.104178 0.298273 2.21449e-39 3
0.114971 0.103597 0.29661 5.62465e-39 3
0.123511 0.102643 0.293878 2.5822e-39 3
0.127839 0.102266 0.2928 6.08563e-39 3
0.132377 0.102079 0.292264 2.48964e-39 3
0.141404 0.101706 0.291197 9.12737e-39 3
0.182945 0.0984717 0.281936 2.13879e-38 3
0.182707 0.0959294 0.274657 1.33684e-38 3
0.184964 0.0947874 0.271388 7.7462e-39 3
0.185922 0.0909217 0.26032 3.13787e-39 3
0.188634 0.0901861 0.258214 1.40148e-38 3
0.20532 0.0817229 0.233982 1.0327e-38 3
0.208225 0.081365 0.232958 2.76587e-39 3
0.219594 0.0799641 0.228947 1.07869e-38 3
0.221976 0.0781697 0.223809 7.37707e-39 3
0.225314 0.0780602 0.223496 4.61155e-39 3
0.227056 0.0774097 0.221633 2.39921e-39 3
0.230036 0.0771953 0.221019 9.86741e-39 3
0.227789 0.0741157 0.212202 9.86564e-39 3
0.231254 0.0741157 0.212202 2.1205e-39 3
-0.2992 0.119063 0.325665 4.70234e-39 3
-0.292687 0.118579 0.324341 1.93648e-39 3
-0.282793 0.116682 0.319152 2.58112e-39 3
-0.280385 0.11786 0.322376 2.95026e-39 3
-0.271284 0.116217 0.31788 3.68782e-39 3
-0.26192 0.114394 0.312894 2.39781e-39 3
-0.259353 0.115526 0.315992 1.93827e-39 3
-0.249742 0.113503 0.310459 2.77019e-39 3
-0.399172 0.193181 0.528397 1.93755e-39 3
-0.392308 0.198438 0.542775 2.9535e-39 3
-0.396549 0.226127 0.618512 2.95098e-39 3
-0.386449 0.226127 0.618512 3.78182e-39 3
-0.179213 0.232433 0.635761 3.87366e-39 3
-0.168161 0.231511 0.633238 4.51939e-39 3
0.0929979 0.117386 0.321078 1.10613e-38 3
0.0974565 0.116449 0.318515 1.41045e-38 3
0.104521 0.112845 0.308658 8.7593e-39 3
0.108097 0.111337 0.304534 6.91647e-39 3
0.110333 0.108642 0.297162 7.00902e-39 3
0.114546 0.108038 0.295511 6.82319e-39 3
0.127371 0.106656 0.291729 4.5183e-39 3
0.137654 0.107244 0.293338 1.85313e-38 3
0.182481 0.0978872 0.267745 1.24478e-38 3
0.184074 0.096431 0.263762 1.63222e-38 3
0.20091 0.0852935 0.233298 1.0144e-38 3
0.203825 0.0849211 0.232279 9.7738e-39 3
0.215546 0.0835828 0.228619 2.13894e-38 3
0.217411 0.0828704 0.22667 8.3898e-39 3
0.219513 0.0809165 0.221326 8.66816e-39 3
0.222818 0.0808044 0.221019 9.86776e-39 3
0.224561 0.0801384 0.219198 1.04209e-38 3
0.228454 0.0802487 0.219499 9.59117e-39 3
0.227789 0.0775808 0.212202 9.95819e-39 3
0.231254 0.0775808 0.212202 1.53052e-38 3
0.234719 0.0775808 0.212202 7.74515e-39 3
-0.2992 0.124381 0.325665 2.49072e-39 3
-0.292687 0.123875 0.324341 2.85878e-39 3
-0.285073 0.122876 0.321726 2.58219e-39 3
-0.27982 0.122876 0.321726 3.59598e-39 3
-0.27237 0.121893 0.319152 2.76658e-39 3
-0.271502 0.123875 0.324341 3.41268e-39 3
-0.399811 0.206599 0.540936 3.32048e-39 3
-0.394995 0.208721 0.546493 1.84715e-39 3
-0.390079 0.210888 0.552166 3.87545e-39 3
-0.382007 0.233512 0.611402 4.70197e-39 3
-0.373454 0.23441 0.613754 4.51795e-39 3
-0.337627 0.244765 0.640867 3.87438e-39 3
-0.328481 0.245752 0.643452 3.78218e-39 3
-0.352043 0.272083 0.712393 4.88781e-39 3
-0.34041 0.272083 0.712393 3.50523e-39 3
-0.161743 0.23262 0.609069 3.96622e-39 3
-0.0163176 0.11698 0.306288 1.20758e-38 3
0.0730547 0.124381 0.325665 1.61335e-38 3
0.0786939 0.12489 0.327 1.429e-38 3
0.0966846 0.120686 0.315992 1.89919e-38 3
0.100061 0.118573 0.310459 7.19126e-39 3
0.107279 0.115429 0.302227 6.91646e-39 3
0.110539 0.113706 0.297716 7.83842e-39 3
0.114758 0.113073 0.296059 7.83663e-39 3
0.119593 0.113073 0.296059 8.11321e-39 3
0.133108 0.11224 0.293878 2.01908e-38 3
0.138162 0.112448 0.294421 1.61342e-38 3
0.183467 0.100406 0.262893 1.28195e-38 3
0.182938 0.0978275 0.256141 1.24503e-38 3
0.188281 0.0962821 0.252095 5.1651e-39 3
0.192398 0.0962821 0.252095 3.96513e-39 3
0.197137 0.0965873 0.252894 1.49357e-38 3
0.197968 0.0894957 0.234326 1.75351e-39 3
0.198587 0.0880731 0.230601 1.4568e-38 3
0.213104 0.0863266 0.226028 1.94533e-38 3
0.215919 0.0831467 0.217703 8.02279e-39 3
0.217394 0.081046 0.212202 7.83945e-39 3
0.223534 0.0820277 0.214773 9.40536e-39 3
0.224324 0.081046 0.212202 1.52137e-38 3
0.227789 0.081046 0.212202 1.47524e-38 3
0.231254 0.081046 0.212202 1.96391e-38 3
0.234719 0.081046 0.212202 1.77952e-38 3
-0.290327 0.12813 0.321726 3.50523e-39 3
-0.285073 0.12813 0.321726 1.84463e-39 3
-0.27982 0.12813 0.321726 2.58219e-39 3
-0.403178 0.21255 0.533699 3.59635e-39 3
-0.398461 0.214704 0.539108 3.41268e-39 3
-0.392308 0.216164 0.542775 2.67691e-39 3
-0.383445 0.216164 0.542775 4.61302e-39 3
-0.378443 0.218393 0.548371 3.68962e-39 3
-0.379934 0.224567 0.563873 2.85878e-39 3
-0.392942 0.238024 0.597663 3.59563e-39 3
-0.387536 0.240729 0.604454 4.05624e-39 3
-0.379102 0.241644 0.606753 4.05624e-39 3
-0.369194 0.241644 0.606753 3.68854e-39 3
-0.360658 0.242566 0.609069 3.32048e-39 3
-0.390428 0.286272 0.718811 3.69071e-39 3
-0.375309 0.283716 0.712393 4.15061e-39 3
-0.363676 0.283716 0.712393 4.61194e-39 3
-0.352043 0.283716 0.712393 4.0584e-39 3
-0.343477 0.286272 0.718811 4.51938e-39 3
-0.0156854 0.117255 0.294421 1.23524e-38 3
-0.0103615 0.111691 0.28045 1.29067e-38 3
0.0724632 0.128648 0.323028 1.39208e-38 3
0.0785329 0.129964 0.326331 1.47499e-38 3
0.0833504 0.129171 0.324341 1.28134e-38 3
0.0872283 0.127105 0.319152 2.05596e-38 3
0.0918886 0.126347 0.317248 1.76104e-38 3
0.0968764 0.126096 0.316619 1.22624e-38 3
0.100649 0.124369 0.312282 7.00759e-39 3
0.103718 0.121981 0.306288 7.28489e-39 3
0.107076 0.120137 0.301656 7.74515e-39 3
0.110746 0.118789 0.298273 7.8377e-39 3
0.115186 0.118347 0.297162 6.08526e-39 3
0.119815 0.118127 0.29661 1.1801e-38 3
0.132377 0.116396 0.292264 2.04674e-38 3
0.180333 0.100558 0.252494 5.59264e-40 3
0.183296 0.0999251 0.250906 1.19897e-38 3
0.187393 0.0999251 0.250906 9.03837e-39 3
0.19624 0.0925071 0.232279 2.04681e-38 3
0.204054 0.0909189 0.228292 1.20783e-38 3
0.207189 0.0906596 0.22764 1.47548e-39 3
0.213237 0.087058 0.218597 1.6135e-38 3
0.215039 0.0863483 0.216815 6.17817e-39 3
0.217394 0.0845111 0.212202 4.79559e-39 3
0.224138 0.0857656 0.215352 1.31847e-38 3
0.227789 0.0845111 0.212202 1.85331e-38 3
0.234719 0.0845111 0.212202 1.93625e-38 3
-0.377855 0.170511 0.411278 3.04461e-39 3
-0.290327 0.133383 0.321726 2.30669e-39 3
-0.358874 0.167914 0.405015 3.04425e-39 3
-0.361434 0.172287 0.415562 2.67511e-39 3
-0.399811 0.224265 0.540936 4.51974e-39 3
-0.392308 0.225028 0.542775 3.87545e-39 3
-0.380854 0.223507 0.539108 4.24495e-39 3
-0.373312 0.224265 0.540936 2.58363e-39 3
-0.374638 0.230516 0.556014 2.12266e-39 3
-0.376041 0.237126 0.571957 4.24279e-39 3
-0.378925 0.24503 0.591022 4.05696e-39 3
-0.374826 0.248715 0.59991 4.05624e-39 3
-0.362306 0.246859 0.595433 3.87293e-39 3
-0.353904 0.247783 0.597663 4.15096e-39 3
-0.398575 0.295349 0.712393 3.23008e-39 3
-0.390428 0.29801 0.718811 3.0457e-39 3
-0.37869 0.29801 0.718811 4.05841e-39 3
-0.366952 0.29801 0.718811 4.61302e-39 3
-0.355214 0.29801 0.718811 3.96765e-39 3
-0.0148887 0.115864 0.279468 1.26301e-38 3
-0.0102534 0.115058 0.277523 1.71484e-38 3
-0.0011615 0.112323 0.270927 1.97306e-38 3
0.0714507 0.132052 0.318515 1.31833e-38 3
0.0778957 0.134195 0.323684 2.10199e-38 3
0.0863647 0.131006 0.315992 1.2446e-38 3
0.0913438 0.130747 0.315368 1.0327e-38 3
0.0961136 0.130233 0.314126 1.17092e-38 3
0.10352 0.12674 0.305701 3.13537e-39 3
0.107482 0.125537 0.302801 8.11393e-39 3
0.11158 0.124592 0.30052 7.28417e-39 3
0.11605 0.124124 0.299392 2.04674e-38 3
0.124197 0.122515 0.295511 1.18014e-38 3
0.17471 0.0929187 0.224124 1.10642e-38 3
0.19454 0.0954663 0.230268 4.5183e-39 3
0.197446 0.0950548 0.229276 1.47584e-39 3
0.201479 0.0951915 0.229606 4.51865e-39 3
0.201745 0.0935759 0.225709 3.87329e-39 3
0.203702 0.0927884 0.223809 3.135e-39 3
0.2062 0.0922708 0.222561 5.53173e-39 3
0.210464 0.0879762 0.212202 3.96513e-39 3
0.227789 0.0879762 0.212202 1.53992e-38 3
0.231254 0.0879762 0.212202 1.78899e-38 3
-0.377855 0.177227 0.411278 2.21485e-39 3
-0.369236 0.176318 0.409169 2.39888e-39 3
-0.362555 0.176318 0.409169 3.22756e-39 3
-0.361434 0.179073 0.415562 2.12265e-39 3
-0.362194 0.182883 0.424404 1.57056e-39 3
-0.355263 0.182883 0.424404 1.57057e-39 3
-0.390978 0.233098 0.540936 4.89032e-39 3
-0.379572 0.231528 0.537293 2.95421e-39 3
-0.372051 0.232311 0.539108 2.67583e-39 3
-0.377267 0.241277 0.559916 2.30705e-39 3
-0.381511 0.250051 0.580276 3.87401e-39 3
-0.377526 0.253741 0.588841 4.24171e-39 3
-0.372029 0.256582 0.595433 4.14952e-39 3
-0.358295 0.253741 0.588841 3.41303e-39 3
-0.351272 0.255628 0.593219 4.05876e-39 3
-0.38935 0.291373 0.676169 3.13681e-39 3
-0.391582 0.301596 0.699895 3.13789e-39 3
-0.390428 0.309747 0.718811 3.13789e-39 3
-0.385638 0.315431 0.732 4.42755e-39 3
-0.373685 0.315431 0.732 3.69106e-39 3
0.0680144 0.14091 0.327 1.4474e-38 3
0.0727578 0.139764 0.324341 2.17574e-38 3
0.0780541 0.139764 0.324341 2.04674e-38 3
0.0821811 0.137803 0.319792 1.85306e-38 3
0.0868808 0.13698 0.31788 1.06947e-38 3
0.0915247 0.136166 0.315992 1.39226e-38 3
0.0963032 0.135629 0.314746 1.49364e-38 3
0.0992886 0.132749 0.308062 7.65295e-39 3
0.122548 0.13073 0.303376 2.85806e-39 3
0.176879 0.0957715 0.222251 6.08563e-39 3
0.202353 0.0993698 0.230601 5.44061e-39 3
0.198686 0.0940683 0.218298 2.48964e-39 3
0.202251 0.0940683 0.218298 4.88637e-39 3
0.220859 0.0914414 0.212202 1.9454e-38 3
0.224324 0.0914414 0.212202 8.02281e-39 3
0.227789 0.0914414 0.212202 9.31462e-39 3
0.231254 0.0914414 0.212202 9.68553e-39 3
0.245115 0.0914414 0.212202 8.85115e-39 3
-0.377855 0.183943 0.411278 2.49144e-39 3
-0.369236 0.182999 0.409169 2.95097e-39 3
-0.360705 0.182066 0.407082 2.76658e-39 3
-0.354058 0.182066 0.407082 2.12229e-39 3
-0.358381 0.187815 0.419937 1.2929e-39 3
-0.355263 0.189813 0.424404 2.49144e-39 3
-0.368318 0.238695 0.533699 2.67583e-39 3
-0.359603 0.238695 0.533699 3.229e-39 3
-0.372035 0.259526 0.580276 3.59742e-39 3
-0.367911 0.263357 0.588841 2.95242e-39 3
-0.353084 0.259526 0.580276 2.21593e-39 3
-0.397026 0.299873 0.670487 2.95242e-39 3
-0.399507 0.310303 0.693809 3.13681e-39 3
-0.388177 0.310303 0.693809 3.13789e-39 3
-0.397591 0.327384 0.732 5.25839e-39 3
-0.0234011 0.121791 0.272314 1.52116e-38 3
0.052425 0.147458 0.329702 1.84391e-38 3
0.0771137 0.143313 0.320434 9.40395e-39 3
0.0863647 0.141326 0.315992 1.00504e-38 3
0.0909842 0.140492 0.314126 1.37382e-38 3
0.117594 0.135684 0.303376 1.32762e-38 3
0.123016 0.136202 0.304534 1.10635e-38 3
0.166921 0.0999575 0.223496 7.2856e-39 3
0.170332 0.0998177 0.223183 9.12843e-39 3
0.172052 0.0987133 0.220714 3.59634e-39 3
0.174689 0.0981701 0.219499 3.31976e-39 3
0.177298 0.097633 0.218298 7.37637e-39 3
0.185957 0.096576 0.215935 6.17783e-39 3
0.189997 0.0968381 0.216521 1.39223e-38 3
0.193009 0.096576 0.215935 5.80904e-39 3
0.199522 0.0963154 0.215352 1.90845e-38 3
0.213929 0.0949065 0.212202 1.33687e-38 3
0.217394 0.0949065 0.212202 7.5604e-39 3
0.220859 0.0949065 0.212202 1.55814e-38 3
0.224324 0.0949065 0.212202 1.89005e-38 3
0.227789 0.0949065 0.212202 1.50297e-38 3
0.231254 0.0949065 0.212202 1.0238e-38 3
0.234719 0.0949065 0.212202 1.02412e-38 3
0.238185 0.0949065 0.212202 1.0332e-38 3
0.24165 0.0949065 0.212202 1.0883e-38 3
0.245115 0.0949065 0.212202 1.30939e-38 3
-0.377855 0.190658 0.411278 3.22864e-39 3
-0.367352 0.188713 0.407082 2.3978e-39 3
-0.360705 0.188713 0.407082 3.31939e-39 3
-0.354058 0.188713 0.407082 2.85986e-39 3
-0.358381 0.194672 0.419937 2.95242e-39 3
-0.355263 0.196743 0.424404 2.30705e-39 3
-0.335069 0.210158 0.453341 2.95349e-39 3
-0.338117 0.232627 0.501811 3.96692e-39 3
-0.323813 0.228319 0.492518 3.41195e-39 3
-0.391582 0.324454 0.699895 4.15204e-39 3
-0.397591 0.339337 0.732 3.78326e-39 3
-0.0324607 0.126888 0.273715 7.19091e-39 3
-0.0278004 0.126023 0.27185 1.31829e-38 3
-0.0232031 0.12517 0.27001 1.55807e-38 3
0.0400844 0.130239 0.280944 1.5213e-38 3
0.0772688 0.148844 0.321078 1.10635e-38 3
0.0858547 0.145621 0.314126 1.27251e-38 3
0.0899221 0.143921 0.310459 1.26329e-38 3
0.0985278 0.141715 0.305701 1.81625e-38 3
0.103322 0.141445 0.305117 2.1205e-39 3
0.107686 0.140638 0.303376 9.12737e-39 3
0.118269 0.141445 0.305117 2.07433e-38 3
0.206998 0.0983716 0.212202 2.12979e-38 3
0.224324 0.0983716 0.212202 1.33687e-38 3
0.227789 0.0983716 0.212202 1.50293e-38 3
0.231254 0.0983716 0.212202 1.69669e-38 3
0.234719 0.0983716 0.212202 1.07929e-38 3
0.238185 0.0983716 0.212202 9.22633e-39 3
-0.375918 0.196362 0.409169 2.49e-39 3
-0.365488 0.194369 0.405015 4.79489e-39 3
-0.358874 0.194369 0.405015 2.95133e-39 3
-0.354058 0.19536 0.407082 2.49107e-39 3
-0.354648 0.19943 0.415562 2.58327e-39 3
-0.353384 0.202596 0.422159 2.12229e-39 3
-0.3421 0.212726 0.443267 3.59922e-39 3
-0.339578 0.215722 0.44951 3.23008e-39 3
-0.335069 0.21756 0.453341 2.49324e-39 3
-0.329539 0.218804 0.455931 1.57163e-39 3
-0.324858 0.225903 0.470726 2.58543e-39 3
-0.324837 0.231363 0.482103 3.13716e-39 3
-0.318892 0.23277 0.485033 3.87401e-39 3
-0.307236 0.229974 0.479207 2.03046e-39 3
-0.299411 0.229974 0.479207 2.4936e-39 3
-0.376848 0.332962 0.693809 3.968e-39 3
-0.0322945 0.130685 0.272314 1.12475e-38 3
-0.027706 0.130019 0.270927 1.52119e-38 3
-0.0230471 0.128708 0.268195 1.89001e-38 3
-0.0143122 0.128925 0.268646 1.42903e-38 3
-0.00550152 0.128062 0.266849 2.02838e-38 3
0.0357485 0.135782 0.282936 1.64108e-38 3
0.0398737 0.134118 0.279468 1.43829e-38 3
0.0682943 0.157575 0.328346 1.12471e-38 3
0.072906 0.15597 0.325002 1.07869e-38 3
0.0768052 0.153163 0.319152 1.53974e-38 3
0.0851839 0.149573 0.311672 1.39237e-38 3
0.0892277 0.14784 0.308062 3.22792e-39 3
0.0937154 0.146989 0.306288 9.12736e-39 3
0.0985278 0.146707 0.305701 8.20541e-39 3
0.10352 0.146707 0.305701 1.81622e-38 3
0.108304 0.146427 0.305117 1.57647e-38 3
0.113721 0.146989 0.306288 1.43825e-38 3
0.118723 0.146989 0.306288 1.89923e-38 3
0.149189 0.10505 0.218897 1.10642e-38 3
0.152345 0.104762 0.218298 1.00507e-38 3
0.156124 0.104906 0.218597 9.31426e-39 3
0.160132 0.105194 0.219198 1.24486e-38 3
0.163487 0.10505 0.218897 2.02902e-39 3
0.167521 0.105339 0.219499 9.95784e-39 3
0.170169 0.104762 0.218298 2.00994e-38 3
0.18821 0.102932 0.214484 1.49361e-38 3
0.193138 0.101837 0.212202 1.19869e-38 3
0.196603 0.101837 0.212202 9.12916e-39 3
0.206998 0.101837 0.212202 2.09291e-38 3
0.231254 0.101837 0.212202 1.79799e-38 3
0.234719 0.101837 0.212202 1.8258e-38 3
-0.372101 0.200982 0.405015 2.58183e-39 3
-0.354685 0.195042 0.393044 4.33355e-39 3
-0.351732 0.196983 0.396955 5.07147e-39 3
-0.350481 0.199967 0.40297 3.87329e-39 3
-0.349192 0.203044 0.409169 2.49e-39 3
-0.349683 0.207296 0.417738 3.04353e-39 3
-0.350196 0.21173 0.426674 3.0446e-39 3
-0.353263 0.222436 0.448247 3.5985e-39 3
-0.343053 0.220577 0.444501 2.67618e-39 3
-0.339578 0.223062 0.44951 2.58471e-39 3
-0.336024 0.225604 0.454632 2.12373e-39 3
-0.326762 0.229528 0.462539 4.52189e-39 3
-0.320137 0.230195 0.463884 2.21665e-39 3
-0.319054 0.234976 0.473519 3.50594e-39 3
-0.31601 0.238515 0.480651 3.78181e-39 3
-0.304493 0.235676 0.474928 2.12374e-39 3
-0.295857 0.234976 0.473519 1.57093e-39 3
-0.211224 0.219355 0.442039 4.24244e-39 3
-0.202882 0.218146 0.439603 5.07292e-39 3
-0.0411178 0.134901 0.27185 5.1626e-39 3
-0.0366787 0.134901 0.27185 1.11553e-38 3
-0.03213 0.134443 0.270927 2.14816e-38 3
-0.0186677 0.133087 0.268195 1.92689e-38 3
-0.0142642 0.132864 0.267745 2.14816e-38 3
0.0359396 0.141153 0.284449 1.41059e-38 3
0.0586572 0.166011 0.334541 1.31843e-38 3
0.0630624 0.163272 0.329023 2.06518e-38 3
0.0680144 0.162269 0.327 2.00061e-38 3
0.0726102 0.160623 0.323684 2.15738e-38 3
0.0763471 0.15743 0.317248 2.07458e-38 3
0.0808844 0.156187 0.314746 1.36482e-38 3
0.0851839 0.154662 0.311672 1.20801e-38 3
0.0990973 0.152576 0.307468 1.17088e-38 3
0.104118 0.152576 0.307468 9.03552e-39 3
0.109139 0.152576 0.307468 9.31176e-39 3
0.133332 0.15743 0.317248 4.52045e-39 3
0.138238 0.157117 0.316619 8.94762e-39 3
0.141651 0.108327 0.218298 8.94547e-39 3
0.149394 0.108773 0.219198 1.84409e-38 3
0.152554 0.108475 0.218597 6.64023e-39 3
0.156124 0.108475 0.218597 6.36436e-39 3
0.159693 0.108475 0.218597 3.9662e-39 3
0.163039 0.108327 0.218298 4.79561e-39 3
0.166377 0.108179 0.218 5.80904e-39 3
0.168327 0.107154 0.215935 1.22631e-38 3
0.186208 0.105302 0.212202 1.77019e-38 3
0.203533 0.105302 0.212202 1.95476e-38 3
0.206998 0.105302 0.212202 2.05614e-38 3
0.224324 0.105302 0.212202 5.25695e-39 3
0.227789 0.105302 0.212202 2.30668e-39 3
-0.359333 0.200473 0.391118 2.30489e-39 3
-0.34952 0.198526 0.38732 2.67367e-39 3
-0.348267 0.20146 0.393044 4.79453e-39 3
-0.346976 0.204482 0.39894 5.99307e-39 3
-0.349192 0.209725 0.409169 2.30452e-39 3
-0.349683 0.214117 0.417738 2.85842e-39 3
-0.350196 0.218697 0.426674 2.67474e-39 3
-0.352658 0.224706 0.438396 3.68997e-39 3
-0.353263 0.229755 0.448247 3.87508e-39 3
-0.355942 0.236395 0.461202 3.04497e-39 3
-0.354559 0.240567 0.469341 2.39924e-39 3
-0.33412 0.231708 0.452057 2.86022e-39 3
-0.32192 0.244889 0.477772 3.78253e-39 3
-0.316965 0.247108 0.482103 3.59742e-39 3
-0.305402 0.244158 0.476346 2.49144e-39 3
-0.295857 0.242709 0.473519 2.8613e-39 3
-0.229071 0.222869 0.434812 4.15025e-39 3
-0.222577 0.223478 0.436 3.78147e-39 3
-0.213129 0.221062 0.431286 4.05697e-39 3
-0.207206 0.222263 0.43363 4.42575e-39 3
-0.20067 0.222869 0.434812 4.79454e-39 3
-0.193044 0.222263 0.43363 4.7027e-39 3
-0.183964 0.219873 0.428968 5.62573e-39 3
-0.0712739 0.146582 0.285978 4.05697e-39 3
-0.0660126 0.14528 0.283439 4.05697e-39 3
-0.0456347 0.139578 0.272314 1.03263e-38 3
-0.0409782 0.138867 0.270927 9.58835e-39 3
-0.0274728 0.137698 0.268646 1.51201e-38 3
-0.00987553 0.137006 0.267296 1.54896e-38 3
-0.00550152 0.136777 0.266849 2.12979e-38 3
0.0256883 0.140538 0.274186 1.27234e-38 3
0.0304269 0.141755 0.276561 1.43836e-38 3
0.0635868 0.170047 0.331759 2.07447e-38 3
0.0732041 0.167265 0.326331 1.14323e-38 3
0.077581 0.165238 0.322376 9.4061e-39 3
0.0818531 0.163259 0.318515 1.24493e-38 3
0.0858547 0.161009 0.314126 9.40537e-39 3
0.0894003 0.158207 0.308658 5.62393e-39 3
0.116402 0.160693 0.313509 1.32762e-38 3
0.127898 0.162287 0.316619 1.39233e-38 3
0.133598 0.162934 0.31788 5.44276e-39 3
0.137964 0.161966 0.315992 8.94869e-39 3
0.138276 0.112045 0.218597 8.85755e-39 3
0.141651 0.111892 0.218298 8.02566e-39 3
0.163487 0.112199 0.218897 7.10086e-39 3
0.166604 0.111892 0.218298 3.22864e-39 3
0.186208 0.108767 0.212202 1.77037e-38 3
0.189673 0.108767 0.212202 2.08384e-38 3
0.193138 0.108767 0.212202 1.92707e-38 3
0.196603 0.108767 0.212202 1.50308e-38 3
0.200068 0.108767 0.212202 1.13436e-38 3
0.203533 0.108767 0.212202 8.94762e-39 3
0.206998 0.108767 0.212202 9.68411e-39 3
0.210464 0.108767 0.212202 1.90881e-38 3
0.224324 0.108767 0.212202 2.67654e-39 3
0.227789 0.108767 0.212202 1.8457e-39 3
0.231254 0.108767 0.212202 2.49143e-39 3
0.234719 0.108767 0.212202 3.9662e-39 3
-0.355844 0.204851 0.38732 2.49e-39 3
-0.34952 0.204851 0.38732 3.04245e-39 3
-0.34656 0.206859 0.391118 7.00687e-39 3
-0.35226 0.21421 0.405015 4.33283e-39 3
-0.354648 0.219788 0.415562 3.96297e-39 3
-0.353384 0.223277 0.422159 4.79381e-39 3
-0.355906 0.229344 0.43363 3.22756e-39 3
-0.352658 0.231864 0.438396 2.85986e-39 3
-0.349338 0.234441 0.443267 3.50702e-39 3
-0.349875 0.239769 0.453341 2.30705e-39 3
-0.226601 0.227489 0.430124 3.5038e-39 3
-0.217816 0.225665 0.426674 3.87258e-39 3
-0.209728 0.224464 0.424404 5.07041e-39 3
-0.204428 0.22627 0.427818 5.99236e-39 3
-0.197973 0.226878 0.428968 4.70162e-39 3
-0.190456 0.22627 0.427818 3.87258e-39 3
-0.0697734 0.148068 0.279958 6.17711e-39 3
-0.0652019 0.148068 0.279958 7.00651e-39 3
-0.0601031 0.14678 0.277523 5.90017e-39 3
-0.0552829 0.146018 0.276083 1.96373e-38 3
-0.045557 0.14378 0.27185 2.14816e-38 3
-0.0230084 0.141608 0.267745 1.38293e-38 3
0.0214319 0.146525 0.277042 1.35528e-38 3
0.0634549 0.175101 0.33107 1.24486e-38 3
0.077581 0.170502 0.322376 1.24486e-38 3
0.0820168 0.168797 0.319152 1.16184e-38 3
0.0940766 0.162618 0.307468 1.71491e-38 3
0.104927 0.163881 0.309856 6.27287e-39 3
0.109773 0.163563 0.309256 1.08819e-38 3
0.116632 0.166139 0.314126 1.69651e-38 3
0.122971 0.16779 0.317248 4.70305e-39 3
0.128152 0.16779 0.317248 9.86708e-39 3
0.133598 0.168125 0.31788 6.1814e-39 3
0.138087 0.115456 0.218298 1.2823e-38 3
0.169243 0.114828 0.21711 2.13912e-38 3
0.168882 0.112232 0.212202 7.1934e-39 3
0.172347 0.112232 0.212202 1.41084e-38 3
0.175812 0.112232 0.212202 8.66853e-39 3
0.186208 0.112232 0.212202 9.68413e-39 3
0.189673 0.112232 0.212202 1.22667e-38 3
0.193138 0.112232 0.212202 1.15277e-38 3
0.196603 0.112232 0.212202 8.30117e-39 3
0.205722 0.113439 0.214484 9.04123e-39 3
0.206998 0.112232 0.212202 9.04051e-39 3
0.210464 0.112232 0.212202 3.69352e-39 3
0.224324 0.112232 0.212202 2.21699e-39 3
0.227789 0.112232 0.212202 1.75458e-39 3
0.231254 0.112232 0.212202 1.20069e-39 3
-0.352423 0.209145 0.383596 2.39744e-39 3
-0.346159 0.209145 0.383596 3.31904e-39 3
-0.343195 0.211176 0.38732 5.80761e-39 3
-0.354058 0.22195 0.407082 2.85735e-39 3
-0.356505 0.22776 0.417738 5.53102e-39 3
-0.362986 0.236425 0.43363 2.67367e-39 3
-0.35785 0.237717 0.436 3.41196e-39 3
-0.350731 0.237717 0.436 2.49072e-39 3
-0.345499 0.239023 0.438396 4.51974e-39 3
-0.250859 0.198188 0.363499 1.01775e-39 3
-0.247175 0.20001 0.366841 3.87437e-39 3
-0.240632 0.199551 0.366 3.22757e-39 3
-0.209787 0.19864 0.364329 4.33284e-39 3
-0.203373 0.198188 0.363499 3.50308e-39 3
-0.196988 0.197737 0.362673 4.79382e-39 3
-0.224184 0.232012 0.425536 3.41017e-39 3
-0.214377 0.228959 0.419937 5.16081e-39 3
-0.208068 0.229563 0.421045 1.36439e-38 3
-0.202797 0.231395 0.424404 1.4658e-38 3
-0.195867 0.231395 0.424404 7.74408e-39 3
-0.180566 0.229563 0.421045 7.74444e-39 3
-0.0738269 0.151576 0.278007 6.54589e-39 3
-0.0688077 0.150527 0.276083 7.19126e-39 3
-0.0644109 0.150788 0.276561 7.00651e-39 3
-0.0594824 0.149749 0.274657 1.65027e-38 3
-0.0547149 0.14898 0.273247 2.12968e-38 3
-0.0454795 0.147967 0.271388 1.11564e-38 3
-0.0364922 0.147465 0.270468 1.63186e-38 3
-0.0319133 0.146719 0.269099 1.56733e-38 3
-0.0142165 0.145492 0.266849 2.15738e-38 3
-0.00114211 0.145249 0.266404 7.74515e-39 3
0.00320811 0.145249 0.266404 2.09291e-38 3
0.012152 0.148219 0.27185 2.08369e-38 3
0.0170262 0.152106 0.278979 1.65945e-38 3
0.0216575 0.152639 0.279958 1.23535e-38 3
0.0385008 0.190799 0.349947 1.18943e-38 3
0.0440221 0.189966 0.348419 1.06958e-38 3
0.0490688 0.187509 0.343914 1.38304e-38 3
0.0677368 0.17756 0.325665 1.24489e-38 3
0.0771137 0.174708 0.320434 1.58587e-38 3
0.0818531 0.173661 0.318515 1.06039e-38 3
0.0899221 0.169269 0.310459 1.50272e-38 3
0.0946235 0.168613 0.309256 1.35535e-38 3
0.099867 0.168941 0.309856 2.86128e-39 3
0.105336 0.169599 0.311064 1.08851e-38 3
0.110631 0.16993 0.311672 9.59334e-39 3
0.123216 0.173315 0.31788 6.17816e-39 3
0.128152 0.172971 0.317248 3.59777e-39 3
0.133332 0.172971 0.317248 7.10371e-39 3
0.138238 0.172628 0.316619 3.96976e-39 3
0.133608 0.118212 0.216815 1.18107e-38 3
0.137898 0.118858 0.218 1.15344e-38 3
0.147924 0.124292 0.227966 9.78235e-39 3
0.151215 0.123938 0.227316 9.59653e-39 3
0.153614 0.122888 0.22539 1.13461e-38 3
0.16739 0.122197 0.224124 1.08819e-38 3
0.167521 0.119676 0.219499 9.3157e-39 3
0.168882 0.115697 0.212202 8.20933e-39 3
0.172347 0.115697 0.212202 6.45796e-39 3
0.175812 0.115697 0.212202 4.61298e-39 3
0.179277 0.115697 0.212202 4.15202e-39 3
0.182742 0.115697 0.212202 3.78323e-39 3
0.186208 0.115697 0.212202 8.02567e-39 3
0.189673 0.115697 0.212202 8.39481e-39 3
0.196603 0.115697 0.212202 9.13164e-39 3
0.237594 0.122541 0.224755 1.57232e-39 3
0.230859 0.117257 0.215062 1.66166e-39 3
0.244246 0.122197 0.224124 1.56947e-39 3
0.25192 0.122369 0.224439 3.87578e-39 3
-0.347412 0.212346 0.378142 3.50343e-39 3
-0.341237 0.212346 0.378142 3.04245e-39 3
-0.298305 0.189051 0.336658 3.41052e-39 3
-0.292807 0.189051 0.336658 3.31833e-39 3
-0.286102 0.188257 0.335244 3.22685e-39 3
-0.353384 0.237064 0.422159 3.31905e-39 3
-0.248828 0.189051 0.336658 2.39673e-39 3
-0.244361 0.189852 0.338085 2.58184e-39 3
-0.249156 0.202738 0.361032 2.2145e-39 3
-0.246044 0.205058 0.365162 1.21702e-38 3
-0.240632 0.205528 0.366 5.6243e-39 3
-0.235736 0.206475 0.367687 1.84428e-39 3
-0.218227 0.206952 0.368536 2.02795e-39 3
-0.210749 0.205528 0.366 5.62358e-39 3
-0.204304 0.205058 0.365162 3.31869e-39 3
-0.198341 0.205058 0.365162 1.7609e-38 3
-0.192378 0.205058 0.365162 1.62243e-38 3
-0.202199 0.22977 0.409169 1.41049e-38 3
-0.19452 0.228597 0.407082 1.07858e-38 3
-0.194831 0.237064 0.422159 3.41089e-39 3
-0.186948 0.235816 0.419937 7.65189e-39 3
-0.176833 0.231551 0.412341 6.73028e-39 3
-0.0868408 0.155035 0.276083 6.26895e-39 3
-0.0814866 0.153442 0.273247 6.3615e-39 3
-0.0772894 0.153969 0.274186 6.17747e-39 3
-0.0728121 0.153969 0.274186 7.09906e-39 3
-0.0682176 0.153705 0.273715 8.11322e-39 3
-0.063748 0.153705 0.273715 1.18007e-38 3
-0.0590757 0.15318 0.272779 2.14812e-38 3
-0.0544353 0.152658 0.27185 1.74246e-38 3
-0.0364304 0.151625 0.27001 1.55811e-38 3
-0.0186051 0.150101 0.267296 2.0283e-38 3
-0.0141928 0.1496 0.266404 2.00986e-38 3
-0.00549233 0.1496 0.266404 1.005e-38 3
-0.00114402 0.14985 0.266849 1.07876e-38 3
0.0171461 0.157764 0.280944 1.28148e-38 3
0.0328584 0.196945 0.350716 1.41985e-38 3
0.0384165 0.196084 0.349182 1.0789e-38 3
0.0439262 0.195229 0.34766 1.23564e-38 3
0.0489633 0.19271 0.343174 1.2172e-38 3
0.0541017 0.191066 0.340247 1.31861e-38 3
0.0677368 0.182878 0.325665 1.18046e-38 3
0.0724632 0.181397 0.323028 7.93168e-39 3
0.0772688 0.180302 0.321078 1.64133e-38 3
0.0821811 0.179579 0.319792 1.87182e-38 3
0.0870542 0.178863 0.318515 8.85113e-39 3
0.0964935 0.177095 0.315368 1.11582e-38 3
0.101443 0.176746 0.314746 9.86994e-39 3
0.106793 0.177095 0.315368 6.82961e-39 3
0.111943 0.177095 0.315368 9.22563e-39 3
0.117791 0.178151 0.317248 2.12407e-39 3
0.123462 0.178863 0.318515 7.19302e-39 3
0.133332 0.178151 0.317248 8.67138e-39 3
0.137964 0.177446 0.315992 4.33854e-39 3
0.151215 0.12765 0.227316 1.08876e-38 3
0.154049 0.126927 0.226028 1.42967e-38 3
0.156851 0.126211 0.224755 1.15298e-38 3
0.160975 0.126568 0.22539 7.42222e-40 3
0.164192 0.126211 0.224755 1.29468e-39 3
0.167626 0.126034 0.224439 5.25979e-39 3
0.170332 0.125329 0.223183 1.04245e-38 3
0.168882 0.119162 0.212202 1.13461e-38 3
0.179277 0.119162 0.212202 4.42931e-39 3
0.182742 0.119162 0.212202 2.58539e-39 3
0.186208 0.119162 0.212202 7.47284e-39 3
0.189673 0.119162 0.212202 7.84162e-39 3
0.205341 0.124459 0.221633 1.03295e-38 3
0.207519 0.1236 0.220105 7.46996e-39 3
0.211405 0.123771 0.220409 6.27391e-39 3
0.215898 0.124286 0.221326 6.27605e-39 3
0.23894 0.126927 0.226028 1.66488e-39 3
0.248079 0.127832 0.22764 1.93825e-39 3
0.25108 0.127468 0.226993 1.38543e-39 3
0.252987 0.126568 0.22539 6.64165e-39 3
-0.303802 0.194548 0.336658 3.68783e-39 3
-0.298305 0.194548 0.336658 3.04174e-39 3
-0.292807 0.194548 0.336658 1.75065e-39 3
-0.28731 0.194548 0.336658 2.58041e-39 3
-0.278666 0.196204 0.339523 6.63701e-39 3
-0.25649 0.196204 0.339523 3.13395e-39 3
-0.249882 0.195373 0.338085 2.02724e-39 3
-0.24488 0.195788 0.338802 1.9354e-39 3
-0.252199 0.2063 0.356993 1.53038e-38 3
-0.250859 0.210059 0.363499 1.4935e-38 3
-0.246608 0.211504 0.366 1.33673e-38 3
-0.242299 0.21297 0.368536 1.54882e-38 3
-0.236281 0.21297 0.368536 1.8254e-38 3
-0.230796 0.213463 0.369389 2.03745e-38 3
-0.224245 0.21297 0.368536 7.00616e-39 3
-0.218227 0.21297 0.368536 1.34595e-38 3
-0.211233 0.211991 0.366841 1.56722e-38 3
-0.204772 0.211504 0.366 1.6041e-38 3
-0.199253 0.211991 0.366841 3.04139e-39 3
-0.19551 0.214456 0.371107 7.92776e-39 3
-0.1935 0.21904 0.37904 1.20766e-38 3
-0.190938 0.223283 0.386383 9.40361e-39 3
-0.18921 0.228824 0.39597 7.09871e-39 3
-0.100714 0.160097 0.277042 6.17675e-39 3
-0.0960235 0.15982 0.276561 5.80761e-39 3
-0.0911913 0.159268 0.275606 7.37494e-39 3
-0.0865413 0.158993 0.275131 8.75787e-39 3
-0.0816264 0.158175 0.273715 8.85078e-39 3
-0.0771568 0.158175 0.273715 4.97857e-39 3
-0.0726872 0.158175 0.273715 1.90845e-38 3
-0.0588744 0.157097 0.27185 1.89923e-38 3
-0.0498264 0.156564 0.270927 1.18932e-38 3
-0.0230471 0.154985 0.268195 1.61342e-38 3
-0.00984255 0.15395 0.266404 1.67814e-38 3
-0.00550152 0.154207 0.266849 1.14351e-38 3
0.00327369 0.157097 0.27185 8.11501e-39 3
0.017116 0.162067 0.28045 1.16184e-38 3
0.0383326 0.201345 0.348419 1.37393e-38 3
0.0437356 0.200035 0.346152 1.12511e-38 3
0.0487536 0.197465 0.341704 1.07901e-38 3
0.053872 0.195788 0.338802 1.63218e-38 3
0.0677368 0.188196 0.325665 1.03306e-38 3
0.0724632 0.186672 0.323028 1.03309e-38 3
0.0774246 0.185919 0.321726 1.45705e-38 3
0.0823461 0.185173 0.320434 1.6414e-38 3
0.0875786 0.185173 0.320434 1.70569e-38 3
0.0968764 0.182968 0.316619 5.99736e-39 3
0.101845 0.182606 0.315992 1.52184e-38 3
0.107005 0.182606 0.315992 1.0426e-38 3
0.111943 0.182245 0.315368 8.48913e-39 3
0.118498 0.184432 0.319152 9.50149e-39 3
0.124456 0.185545 0.321078 9.59225e-39 3
0.128407 0.183697 0.31788 2.49283e-39 3
0.134671 0.185173 0.320434 7.19625e-39 3
0.151215 0.131362 0.227316 7.1998e-39 3
0.154268 0.130803 0.226349 1.42982e-38 3
0.157294 0.130249 0.22539 8.58062e-39 3
0.161203 0.130433 0.225709 7.42935e-40 3
0.164192 0.129882 0.224755 1.38758e-39 3
0.167626 0.129699 0.224439 4.89136e-39 3
0.170094 0.128793 0.222871 8.39729e-39 3
0.171853 0.124785 0.215935 9.31993e-39 3
0.2062 0.128614 0.222561 9.40642e-39 3
0.20867 0.1279 0.221326 8.85109e-39 3
0.212875 0.128256 0.221942 2.67579e-39 3
0.237594 0.129882 0.224755 6.36791e-39 3
0.24332 0.130989 0.22667 1.20319e-39 3
-0.303802 0.200046 0.336658 2.94991e-39 3
-0.295808 0.198372 0.333841 2.857e-39 3
-0.292807 0.200046 0.336658 7.37423e-39 3
-0.286705 0.199625 0.335949 1.35506e-38 3
-0.281812 0.200046 0.336658 1.38272e-38 3
-0.277486 0.200893 0.338085 1.45658e-38 3
-0.272542 0.20132 0.338802 1.90834e-38 3
-0.266444 0.200893 0.338085 1.37372e-38 3
-0.261477 0.20132 0.338802 1.4935e-38 3
-0.257586 0.202611 0.340974 1.49343e-38 3
-0.250945 0.201748 0.339523 1.27209e-38 3
-0.245924 0.202179 0.340247 1.63176e-38 3
-0.239348 0.20132 0.338802 1.4474e-38 3
-0.250859 0.215995 0.363499 1.42889e-38 3
-0.246608 0.217481 0.366 1.4658e-38 3
-0.242299 0.218988 0.368536 1.25379e-38 3
-0.235736 0.218483 0.367687 1.34599e-38 3
-0.230263 0.218988 0.368536 1.09706e-38 3
-0.224245 0.218988 0.368536 1.58573e-38 3
-0.21924 0.220004 0.370246 1.02326e-38 3
-0.213194 0.220004 0.370246 1.30907e-38 3
-0.206668 0.219495 0.369389 6.17604e-39 3
-0.202039 0.22103 0.371972 1.39205e-38 3
-0.19781 0.22311 0.375473 1.0878e-38 3
-0.196297 0.228486 0.38452 1.06014e-38 3
-0.188655 0.226846 0.381761 6.72993e-39 3
-0.186892 0.232406 0.391118 8.20506e-39 3
-0.104874 0.164051 0.276083 6.45298e-39 3
-0.100366 0.164051 0.276083 6.36079e-39 3
-0.0958573 0.164051 0.276083 7.09727e-39 3
-0.0910341 0.163486 0.275131 8.75679e-39 3
-0.0865413 0.163486 0.275131 1.09706e-38 3
-0.0817667 0.162924 0.274186 2.01901e-38 3
-0.0541585 0.160715 0.270468 2.13894e-38 3
-0.0452486 0.160443 0.27001 1.77023e-38 3
-0.0409088 0.160715 0.270468 2.08369e-38 3
-0.0319672 0.160172 0.269554 2.03752e-38 3
-0.0275656 0.160172 0.269554 1.41981e-38 3
-0.0142403 0.15883 0.267296 1.31843e-38 3
-0.0098921 0.159097 0.267745 1.74271e-38 3
-0.0055479 0.159902 0.269099 1.05142e-38 3
0.00332466 0.164051 0.276083 8.11573e-39 3
0.038166 0.206134 0.346904 9.40681e-39 3
0.043641 0.205242 0.345403 1.29113e-38 3
0.0486494 0.202611 0.340974 1.04228e-38 3
0.0537578 0.200893 0.338085 1.08841e-38 3
0.0630624 0.195509 0.329023 1.73363e-38 3
0.0678753 0.193909 0.326331 1.10685e-38 3
0.0727578 0.192727 0.324341 1.0332e-38 3
0.0777381 0.191947 0.323028 7.19661e-39 3
0.0831813 0.192336 0.323684 5.62785e-39 3
0.259711 0.504371 0.848808 9.77987e-39 3
0.267872 0.493863 0.831125 7.01437e-39 3
0.278543 0.488772 0.822557 1.60506e-38 3
0.280411 0.469415 0.78998 8.30581e-39 3
0.269313 0.431008 0.725345 8.6728e-39 3
0.126234 0.193514 0.325665 3.5999e-39 3
0.280263 0.412268 0.693809 4.88992e-39 3
0.29415 0.415885 0.699895 4.42931e-39 3
0.286693 0.276448 0.465236 1.37517e-38 3
0.29429 0.276448 0.465236 1.10756e-38 3
0.150785 0.13469 0.22667 6.83174e-39 3
0.154049 0.134308 0.226028 8.30652e-39 3
0.157073 0.13374 0.225072 1.33762e-38 3
0.160975 0.133929 0.22539 6.82819e-39 3
0.164192 0.133552 0.224755 3.78501e-39 3
0.167626 0.133364 0.224439 4.5233e-39 3
0.238265 0.133929 0.22539 4.52507e-39 3
0.248789 0.135653 0.228292 1.38579e-39 3
-0.300004 0.202974 0.33245 3.13358e-39 3
-0.294576 0.202974 0.33245 3.13359e-39 3
-0.293426 0.205978 0.33737 1.36428e-38 3
-0.287917 0.205978 0.33737 8.20327e-39 3
-0.282408 0.205978 0.33737 1.51179e-38 3
-0.276899 0.205978 0.33737 1.59477e-38 3
-0.271965 0.206414 0.338085 1.53023e-38 3
-0.266444 0.206414 0.338085 1.52112e-38 3
-0.261477 0.206852 0.338802 1.13386e-38 3
-0.257036 0.207735 0.340247 1.58562e-38 3
-0.255845 0.21134 0.346152 1.41045e-38 3
-0.250192 0.21134 0.346152 1.50272e-38 3
-0.24668 0.213189 0.349182 1.29067e-38 3
-0.24257 0.214598 0.351489 1.23535e-38 3
-0.244366 0.221426 0.362673 1.06933e-38 3
-0.239533 0.222437 0.364329 5.62323e-39 3
-0.234118 0.222946 0.365162 5.71543e-39 3
-0.229204 0.223971 0.366841 3.87187e-39 3
-0.224245 0.225006 0.368536 4.51723e-39 3
-0.219749 0.226576 0.371107 2.857e-39 3
-0.21369 0.226576 0.371107 6.36043e-39 3
-0.20763 0.226576 0.371107 7.46678e-39 3
-0.202986 0.228167 0.373714 6.9136e-39 3
-0.199689 0.231419 0.37904 7.37459e-39 3
-0.196771 0.235332 0.385449 5.43919e-39 3
-0.115287 0.170626 0.279468 6.72957e-39 3
-0.110337 0.170031 0.278492 6.63737e-39 3
-0.105421 0.169439 0.277523 9.03338e-39 3
-0.100889 0.169439 0.277523 5.71398e-39 3
-0.0961902 0.169145 0.277042 1.69629e-38 3
-0.0913491 0.16856 0.276083 1.52105e-38 3
-0.0819074 0.167689 0.274657 2.10199e-38 3
-0.06353 0.166543 0.272779 1.83466e-38 3
-0.0233215 0.165693 0.271388 1.2262e-38 3
-0.018794 0.164852 0.27001 1.37371e-38 3
-0.0144583 0.165693 0.271388 1.42914e-38 3
-0.0100954 0.166828 0.273247 8.3923e-39 3
-0.00565276 0.167401 0.274186 9.77703e-39 3
-0.00119186 0.169734 0.278007 6.45691e-39 3
0.00335368 0.170031 0.278492 8.11608e-39 3
0.00792896 0.170626 0.279468 6.91826e-39 3
0.0536442 0.205978 0.33737 9.87028e-39 3
0.072906 0.198427 0.325002 8.76466e-39 3
0.198246 0.442852 0.725345 1.00543e-38 3
0.254301 0.507435 0.831125 1.05189e-38 3
0.254611 0.482314 0.78998 5.90873e-39 3
0.262317 0.472949 0.774641 6.83069e-39 3
0.259831 0.446915 0.732 9.77987e-39 3
0.264504 0.434944 0.712393 8.94939e-39 3
0.273693 0.431095 0.706088 3.87793e-39 3
0.282721 0.427314 0.699895 5.81332e-39 3
0.29415 0.427314 0.699895 1.48013e-39 3
0.282574 0.279964 0.458552 1.64264e-38 3
0.279616 0.269882 0.442039 1.40279e-38 3
0.14646 0.137804 0.225709 1.1628e-38 3
0.150146 0.137804 0.225709 1.19021e-38 3
0.153614 0.137609 0.22539 1.20862e-38 3
0.157073 0.137415 0.225072 1.32844e-38 3
0.160748 0.137415 0.225072 6.45977e-39 3
-0.302909 0.20668 0.329702 2.67296e-39 3
-0.297525 0.20668 0.329702 3.96334e-39 3
-0.293353 0.207538 0.33107 1.05089e-38 3
-0.294048 0.211935 0.338085 1.4657e-38 3
-0.287917 0.211487 0.33737 1.60399e-38 3
-0.282408 0.211487 0.33737 1.93396e-39 3
-0.277486 0.211935 0.338085 1.06004e-38 3
-0.273705 0.213291 0.340247 1.47492e-38 3
-0.268149 0.213291 0.340247 1.56722e-38 3
-0.263154 0.213746 0.340974 1.32751e-38 3
-0.258137 0.214204 0.341704 1.06936e-38 3
-0.255845 0.216992 0.346152 1.05092e-38 3
-0.250192 0.216992 0.346152 9.49545e-39 3
-0.243483 0.216055 0.344657 8.48129e-39 3
-0.240978 0.218891 0.349182 8.2969e-39 3
-0.237879 0.221313 0.353044 1.18e-38 3
-0.236296 0.2253 0.359405 1.19851e-38 3
-0.228679 0.229434 0.366 7.09871e-39 3
-0.223214 0.229962 0.366841 4.241e-39 3
-0.217724 0.230491 0.367687 6.45262e-39 3
-0.2127 0.231559 0.369389 5.16188e-39 3
-0.20763 0.232636 0.371107 6.08384e-39 3
-0.202039 0.233178 0.371972 5.43848e-39 3
-0.124414 0.17519 0.279468 6.36043e-39 3
-0.119016 0.173971 0.277523 2.30382e-39 3
-0.115085 0.174883 0.278979 6.26751e-39 3
-0.110144 0.174274 0.278007 1.30911e-38 3
-0.105421 0.173971 0.277523 2.00043e-38 3
-0.0958573 0.173068 0.276083 1.54878e-38 3
-0.0911913 0.172769 0.275606 2.00043e-38 3
-0.0865413 0.172471 0.275131 2.06508e-38 3
-0.0771568 0.171584 0.273715 2.06515e-38 3
-0.0681008 0.17129 0.273247 2.01898e-38 3
-0.0189868 0.170997 0.272779 2.02834e-38 3
-0.0102356 0.173669 0.277042 1.50311e-38 3
-0.00119812 0.17519 0.279468 5.62822e-39 3
0.00337133 0.175497 0.279958 7.47071e-39 3
0.00795683 0.175805 0.28045 5.44241e-39 3
0.072906 0.203734 0.325002 7.84413e-39 3
0.19646 0.4506 0.718811 1.04245e-38 3
0.210091 0.454697 0.725345 1.07947e-38 3
0.221935 0.454697 0.725345 1.17188e-38 3
0.238109 0.463117 0.738778 4.89529e-39 3
0.247877 0.458868 0.732 8.6746e-39 3
0.252871 0.446577 0.712393 5.53887e-39 3
0.264504 0.446577 0.712393 6.73634e-39 3
0.273693 0.442625 0.706088 2.03402e-39 3
0.280263 0.434927 0.693809 5.99806e-39 3
0.291592 0.434927 0.693809 2.21841e-39 3
0.305579 0.438743 0.699895 1.13483e-38 3
0.322669 0.446577 0.712393 1.135e-38 3
0.296781 0.327978 0.5232 1.24564e-38 3
0.291013 0.312604 0.498675 1.26415e-38 3
0.278844 0.276335 0.440818 1.18138e-38 3
0.286042 0.276335 0.440818 1.19046e-38 3
0.149722 0.141091 0.225072 1.17181e-38 3
0.153397 0.141091 0.225072 1.19021e-38 3
0.156851 0.140892 0.224755 1.31003e-38 3
4.90794 3.57262 5.69914 7.3817e-39 3
5.09407 3.57262 5.69914 6.09023e-39 3
3.8221 2.63246 4.19937 7.10437e-39 3
-0.305433 0.213831 0.33245 1.18925e-38 3
-0.29876 0.212944 0.33107 1.21688e-38 3
-0.293353 0.212944 0.33107 1.31829e-38 3
-0.292807 0.216538 0.336658 9.77167e-39 3
-0.286705 0.216082 0.335949 1.22599e-38 3
-0.281219 0.216082 0.335949 1.50257e-38 3
-0.275733 0.216082 0.335949 1.11539e-38 3
-0.271965 0.217456 0.338085 1.00475e-38 3
-0.266444 0.217456 0.338085 8.29654e-39 3
-0.261477 0.217917 0.338802 6.82141e-39 3
-0.257586 0.219314 0.340974 5.71506e-39 3
-0.189298 0.180703 0.280944 5.80726e-39 3
-0.185036 0.181021 0.281439 3.96334e-39 3
-0.170049 0.179753 0.279468 5.34841e-39 3
-0.166067 0.180385 0.28045 7.56004e-39 3
-0.161204 0.180069 0.279958 3.59528e-39 3
-0.156085 0.179439 0.278979 2.48822e-39 3
-0.151795 0.179753 0.279468 9.77167e-39 3
-0.147231 0.179753 0.279468 1.00472e-38 3
-0.14217 0.179126 0.278492 1.36439e-38 3
-0.137863 0.179439 0.278979 6.9136e-39 3
-0.132843 0.178814 0.278007 6.26895e-39 3
-0.128752 0.179439 0.278979 1.5119e-38 3
-0.123979 0.179126 0.278492 1.76994e-38 3
-0.119016 0.178503 0.277523 2.01887e-38 3
-0.114485 0.178503 0.277523 2.10199e-38 3
-0.109762 0.178193 0.277042 1.88994e-38 3
-0.105238 0.178193 0.277042 1.76072e-38 3
-0.100366 0.177576 0.276083 1.95433e-38 3
-0.086244 0.176356 0.274186 1.98217e-38 3
-0.0816264 0.176053 0.273715 1.03266e-38 3
-0.0770247 0.175752 0.273247 1.84381e-38 3
-0.0724387 0.175451 0.272779 2.1111e-38 3
-0.06353 0.175451 0.272779 1.8899e-38 3
-0.0589749 0.175152 0.272314 1.97299e-38 3
-0.0499111 0.174556 0.271388 2.10206e-38 3
-0.0191175 0.176659 0.274657 5.99342e-39 3
-0.0147339 0.177884 0.276561 1.03273e-38 3
-0.0102712 0.178814 0.278007 1.12514e-38 3
-0.00574155 0.179126 0.278492 6.73564e-39 3
-0.00119602 0.179439 0.278979 7.1959e-39 3
0.00334783 0.178814 0.278007 6.5491e-39 3
0.00786014 0.178193 0.277042 5.5346e-39 3
0.183867 0.743761 1.15635 8.11892e-39 3
0.20275 0.743761 1.15635 8.85899e-39 3
0.221632 0.743761 1.15635 9.50291e-39 3
0.21007 0.649614 1.00997 4.89385e-39 3
0.194706 0.45821 0.712393 1.15312e-38 3
0.208198 0.462338 0.718811 1.07029e-38 3
0.219936 0.462338 0.718811 9.13699e-39 3
0.23378 0.466541 0.725345 9.13664e-39 3
0.243411 0.462338 0.718811 8.12142e-39 3
0.252871 0.45821 0.712393 9.87171e-39 3
0.262163 0.454155 0.706088 1.29574e-39 3
0.273693 0.454155 0.706088 5.3527e-39 3
0.280263 0.446257 0.693809 4.70732e-39 3
0.291592 0.446257 0.693809 5.4456e-39 3
0.302922 0.446257 0.693809 1.59584e-38 3
0.319813 0.454155 0.706088 1.14429e-38 3
0.289205 0.318755 0.495578 1.29188e-38 3
0.279912 0.300114 0.466596 5.54207e-39 3
0.282574 0.29494 0.458552 2.03796e-39 3
0.281174 0.285903 0.444501 7.7544e-39 3
0.287631 0.285109 0.443267 1.19943e-38 3
0.149091 0.144156 0.224124 1.40216e-38 3
5.18623 3.80145 5.91022 7.56574e-39 3
4.91841 3.53928 5.50262 6.18243e-39 3
3.8221 2.70103 4.19937 6.18242e-39 3
3.79091 2.63177 4.09169 7.28732e-39 3
3.95924 2.70103 4.19937 1.07897e-38 3
-0.297525 0.217448 0.329702 5.253e-39 3
-0.294576 0.21926 0.33245 9.0341e-39 3
-0.290357 0.220178 0.333841 6.08456e-39 3
-0.286102 0.221103 0.335244 7.18947e-39 3
-0.28004 0.220639 0.334541 7.92703e-39 3
-0.212704 0.18177 0.275606 5.34628e-39 3
-0.209288 0.182717 0.277042 4.7931e-39 3
-0.205121 0.183035 0.277523 4.8853e-39 3
-0.201641 0.183995 0.278979 4.7931e-39 3
-0.19743 0.184317 0.279468 2.39602e-39 3
-0.192194 0.183673 0.278492 6.82141e-39 3
-0.187974 0.183995 0.278979 1.13379e-38 3
-0.18374 0.184317 0.279468 6.5441e-39 3
-0.179491 0.18464 0.279958 6.72957e-39 3
-0.175535 0.18529 0.280944 5.71683e-39 3
-0.169752 0.183995 0.278979 6.82389e-39 3
-0.165776 0.18464 0.279958 7.8377e-39 3
-0.161204 0.18464 0.279958 4.70162e-39 3
-0.156359 0.184317 0.279468 9.86351e-39 3
-0.151795 0.184317 0.279468 1.39194e-38 3
-0.147231 0.184317 0.279468 1.53945e-38 3
-0.142418 0.183995 0.278979 1.97277e-38 3
-0.137863 0.183995 0.278979 1.34595e-38 3
-0.132843 0.183353 0.278007 1.59488e-38 3
-0.128527 0.183673 0.278492 1.76994e-38 3
-0.123763 0.183353 0.278007 1.74221e-38 3
-0.118604 0.1824 0.276561 1.67775e-38 3
-0.109382 0.182085 0.276083 1.02326e-38 3
-0.105056 0.1824 0.276561 1.43804e-38 3
-0.0951985 0.180833 0.274186 2.0927e-38 3
-0.086096 0.180523 0.273715 1.0511e-38 3
-0.0814866 0.180214 0.273247 8.94512e-39 3
-0.076893 0.179906 0.272779 2.12965e-38 3
-0.0724387 0.179906 0.272779 1.44718e-38 3
-0.0681008 0.180214 0.273247 1.96348e-38 3
-0.0636388 0.180214 0.273247 1.8899e-38 3
-0.045557 0.179293 0.27185 1.42903e-38 3
-0.0279432 0.180214 0.273247 3.13607e-39 3
-0.0236025 0.181144 0.274657 4.98071e-39 3
-0.0190846 0.180833 0.274186 7.74513e-39 3
-0.0147339 0.1824 0.276561 9.77451e-39 3
-0.0102892 0.183673 0.278492 9.6841e-39 3
-0.00534076 0.170852 0.259052 5.72113e-39 3
-0.00118978 0.183035 0.277523 6.18175e-39 3
0.0033132 0.181457 0.275131 6.08813e-39 3
0.186571 0.773859 1.17335 7.28988e-39 3
0.205731 0.773859 1.17335 8.02995e-39 3
0.194706 0.469843 0.712393 8.02743e-39 3
0.206339 0.469843 0.712393 1.09788e-38 3
0.219936 0.474076 0.718811 7.93845e-39 3
0.231673 0.474076 0.718811 1.01522e-38 3
0.243411 0.474076 0.718811 8.58347e-39 3
0.252871 0.469843 0.712393 8.11928e-39 3
0.264504 0.469843 0.712393 7.10371e-39 3
0.273693 0.465685 0.706088 3.23149e-39 3
0.277847 0.453642 0.687827 5.16865e-39 3
0.289078 0.453642 0.687827 2.95667e-39 3
0.302922 0.457586 0.693809 1.06118e-38 3
0.317008 0.4616 0.699895 1.43932e-38 3
0.331343 0.465685 0.706088 6.46331e-39 3
0.28742 0.32483 0.492518 1.39333e-38 3
0.283224 0.311375 0.472118 1.45776e-38 3
0.283388 0.303299 0.459873 9.59759e-39 3
0.291738 0.304176 0.461202 9.22918e-39 3
3.60599 2.56695 3.8921 6.08914e-39 3
3.76128 2.63112 3.9894 6.82635e-39 3
-0.305433 0.224689 0.33245 5.16188e-39 3
-0.195655 0.146536 0.216815 4.23993e-39 3
-0.192115 0.146536 0.216815 5.53067e-39 3
-0.286102 0.226577 0.335244 6.35935e-39 3
-0.273727 0.221005 0.327 5.06825e-39 3
-0.222744 0.183419 0.271388 2.67188e-39 3
-0.218684 0.183732 0.27185 9.21777e-39 3
-0.21683 0.185949 0.275131 1.29985e-38 3
-0.212338 0.185949 0.275131 1.05092e-38 3
-0.208564 0.186593 0.276083 8.38874e-39 3
-0.204056 0.186593 0.276083 1.31829e-38 3
-0.20024 0.187241 0.277042 1.61332e-38 3
-0.196741 0.188221 0.278492 1.58566e-38 3
-0.191193 0.187241 0.277042 1.62243e-38 3
-0.186993 0.187566 0.277523 1.7054e-38 3
-0.182462 0.187566 0.277523 1.01394e-38 3
-0.17824 0.187893 0.278007 9.21885e-39 3
-0.172498 0.186593 0.276083 7.5611e-39 3
-0.168281 0.186916 0.276561 7.93168e-39 3
-0.163765 0.186916 0.276561 1.29081e-38 3
-0.159803 0.187566 0.277523 1.18007e-38 3
-0.155813 0.188221 0.278492 1.85299e-38 3
-0.151265 0.188221 0.278492 1.61317e-38 3
-0.146974 0.18855 0.278979 1.05996e-38 3
-0.142418 0.18855 0.278979 6.82034e-39 3
-0.137863 0.18855 0.278979 1.39205e-38 3
-0.132843 0.187893 0.278007 1.73306e-38 3
-0.128303 0.187893 0.278007 1.74228e-38 3
-0.123763 0.187893 0.278007 1.71455e-38 3
-0.118604 0.186916 0.276561 1.32744e-38 3
-0.114088 0.186916 0.276561 1.52116e-38 3
-0.105056 0.186916 0.276561 2.12029e-38 3
-0.0951985 0.18531 0.274186 1.98199e-38 3
-0.0858017 0.18436 0.272779 1.13426e-38 3
-0.0813473 0.18436 0.272779 1.02359e-38 3
-0.0767618 0.184045 0.272314 7.09799e-39 3
-0.0724387 0.18436 0.272779 1.71459e-38 3
-0.0682176 0.184993 0.273715 1.63158e-38 3
-0.0547149 0.184676 0.273247 1.33677e-38 3
-0.0503392 0.184993 0.273715 2.08362e-38 3
-0.0412584 0.18436 0.272779 1.84398e-38 3
-0.0367413 0.184045 0.272314 5.34806e-39 3
-0.0322945 0.184045 0.272314 5.62464e-39 3
-0.0278954 0.18436 0.272779 6.54694e-39 3
-0.0227037 0.178561 0.264199 7.37671e-39 3
-0.01809 0.175653 0.259896 6.54659e-39 3
-0.0135806 0.172285 0.254914 9.31353e-39 3
-0.00932862 0.17065 0.252494 5.25872e-39 3
-0.0587483 1.9259 2.84957 4.06161e-39 3
-0.0010723 0.169045 0.250119 4.52223e-39 3
0.003012 0.169045 0.250119 6.36399e-39 3
0.149789 0.709544 1.04984 6.54946e-39 3
0.181241 0.770362 1.13983 8.85649e-39 3
0.184076 0.709544 1.04984 8.12143e-39 3
0.198606 0.700329 1.03621 8.39801e-39 3
0.21007 0.682599 1.00997 8.95153e-39 3
0.206339 0.481476 0.712393 8.95046e-39 3
0.217972 0.481476 0.712393 9.78165e-39 3
0.231673 0.485814 0.718811 7.57039e-39 3
0.243411 0.485814 0.718811 5.54137e-39 3
0.255149 0.485814 0.718811 8.58097e-39 3
0.276137 0.481476 0.712393 1.20426e-39 3
0.282721 0.473029 0.699895 5.90658e-39 3
0.289078 0.464873 0.687827 4.70909e-39 3
0.30031 0.464873 0.687827 8.1221e-39 3
0.314251 0.468916 0.693809 8.6767e-39 3
0.328437 0.473029 0.699895 7.1998e-39 3
0.287477 0.323876 0.479207 1.24578e-38 3
-0.199196 0.150077 0.216815 3.13358e-39 3
-0.195655 0.150077 0.216815 6.26823e-39 3
-0.192115 0.150077 0.216815 1.06936e-38 3
-0.232091 0.18471 0.266849 1.0417e-38 3
-0.229267 0.185954 0.268646 8.11071e-39 3
-0.22488 0.185954 0.268646 6.63629e-39 3
-0.223504 0.188492 0.272314 1.17992e-38 3
-0.218684 0.188171 0.27185 8.2047e-39 3
-0.216457 0.190114 0.274657 1.53956e-38 3
-0.211608 0.189788 0.274186 1.38283e-38 3
-0.207131 0.189788 0.274186 1.64098e-38 3
-0.202653 0.189788 0.274186 3.50237e-39 3
-0.198517 0.190114 0.274657 1.3735e-38 3
-0.194703 0.190771 0.275606 1.15223e-38 3
-0.190531 0.191101 0.276083 8.75752e-39 3
-0.186023 0.191101 0.276083 1.49346e-38 3
-0.181515 0.191101 0.276083 1.52101e-38 3
-0.177313 0.191432 0.276561 1.38286e-38 3
-0.171607 0.190114 0.274657 8.57525e-39 3
-0.16799 0.191101 0.276083 8.39265e-39 3
-0.163199 0.190771 0.275606 1.21702e-38 3
-0.158973 0.191101 0.276083 9.95678e-39 3
-0.155541 0.192433 0.278007 1.34591e-38 3
-0.151002 0.192433 0.278007 1.68697e-38 3
-0.146462 0.192433 0.278007 1.70533e-38 3
-0.141922 0.192433 0.278007 1.86214e-38 3
-0.137622 0.192769 0.278492 1.64098e-38 3
-0.132382 0.191765 0.277042 1.55793e-38 3
-0.127858 0.191765 0.277042 1.59481e-38 3
-0.123334 0.191765 0.277042 1.47492e-38 3
-0.118194 0.190771 0.275606 1.42889e-38 3
-0.11389 0.191101 0.276083 9.86529e-39 3
-0.0996758 0.189788 0.274186 1.96355e-38 3
-0.0948725 0.189138 0.273247 1.70544e-38 3
-0.0899485 0.188171 0.27185 1.65012e-38 3
-0.0853639 0.187851 0.271388 1.19883e-38 3
-0.0809323 0.187851 0.271388 9.59084e-39 3
-0.0721919 0.188171 0.27185 1.81607e-38 3
-0.0679844 0.188814 0.272779 1.69622e-38 3
-0.0636388 0.189138 0.273247 1.95444e-38 3
-0.0591769 0.189138 0.273247 1.89001e-38 3
-0.0547149 0.189138 0.273247 2.0928e-38 3
-0.0503392 0.189462 0.273715 1.87168e-38 3
-0.045791 0.189138 0.273247 5.90338e-39 3
-0.041329 0.189138 0.273247 3.68997e-39 3
-0.0368041 0.188814 0.272779 5.34841e-39 3
-0.0323497 0.188814 0.272779 7.46927e-39 3
-0.0282332 0.191101 0.276083 6.45546e-39 3
-0.0225543 0.181672 0.262461 5.6257e-39 3
-0.0177432 0.176448 0.254914 7.8384e-39 3
-0.0134093 0.174221 0.251697 1.22652e-38 3
-0.00918332 0.17205 0.248561 3.23041e-39 3
-0.00512447 0.17205 0.248561 2.67868e-39 3
-0.0131563 2.12416 3.06877 3.69139e-39 3
0.0408863 2.35014 3.39523 5.07326e-39 3
0.132646 0.726687 1.04984 4.33676e-39 3
0.149789 0.726687 1.04984 6.91932e-39 3
0.164764 0.71725 1.03621 3.78609e-39 3
0.177085 0.699091 1.00997 7.84448e-39 3
0.193578 0.699091 1.00997 4.98677e-39 3
0.207444 0.690353 0.99735 4.34175e-39 3
0.22373 0.690353 0.99735 8.30652e-39 3
0.243411 0.497551 0.718811 8.12212e-39 3
0.259831 0.506681 0.732 8.85684e-39 3
0.289078 0.476105 0.687827 1.11635e-38 3
0.30031 0.476105 0.687827 7.47708e-39 3
0.311542 0.476105 0.687827 8.12281e-39 3
0.325581 0.480245 0.693809 6.7381e-39 3
0.345238 0.476105 0.687827 1.31014e-38 3
-0.199196 0.153617 0.216815 1.28148e-38 3
-0.195655 0.153617 0.216815 8.29689e-39 3
-0.192115 0.153617 0.216815 1.09702e-38 3
-0.231318 0.188437 0.26596 1.24446e-38 3
-0.227734 0.189067 0.266849 9.30997e-39 3
-0.223376 0.189067 0.266849 7.37386e-39 3
-0.223886 0.193269 0.272779 9.21884e-39 3
-0.218684 0.19261 0.27185 1.18925e-38 3
-0.216085 0.194265 0.274186 1.06021e-38 3
-0.211245 0.193932 0.273715 1.09702e-38 3
-0.206775 0.193932 0.273715 1.41049e-38 3
-0.202306 0.193932 0.273715 1.52101e-38 3
-0.197836 0.193932 0.273715 1.66853e-38 3
-0.193699 0.194265 0.274186 1.16145e-38 3
-0.189547 0.194599 0.274657 1.41971e-38 3
-0.184744 0.194265 0.274186 1.06936e-38 3
-0.180267 0.194265 0.274186 1.38283e-38 3
-0.175488 0.193932 0.273715 1.0694e-38 3
-0.167122 0.194599 0.274657 8.8522e-39 3
-0.162918 0.194935 0.275131 1.06947e-38 3
-0.159525 0.196289 0.277042 1.18007e-38 3
-0.156085 0.197661 0.278979 1.06011e-38 3
-0.151265 0.197316 0.278492 1.06004e-38 3
-0.146462 0.196972 0.278007 1.69611e-38 3
-0.141922 0.196972 0.278007 1.76998e-38 3
-0.137383 0.196972 0.278007 1.60413e-38 3
-0.132382 0.196289 0.277042 1.41963e-38 3
-0.127415 0.195609 0.276083 1.38275e-38 3
-0.12312 0.195948 0.276561 9.21777e-39 3
-0.11799 0.194935 0.275131 9.58833e-39 3
-0.113498 0.194935 0.275131 9.68196e-39 3
-0.109193 0.195272 0.275606 2.00997e-38 3
-0.104512 0.194935 0.275131 2.14812e-38 3
-0.0995049 0.193932 0.273715 1.87146e-38 3
-0.0947103 0.193269 0.272779 1.58569e-38 3
-0.0896431 0.191956 0.270927 1.44747e-38 3
-0.0846441 0.190661 0.269099 1.01454e-38 3
-0.0802499 0.190661 0.269099 1.27255e-38 3
-0.0676375 0.192283 0.271388 2.15738e-38 3
-0.0634216 0.192939 0.272314 1.90845e-38 3
-0.0592784 0.193932 0.273715 2.12972e-38 3
-0.0548088 0.193932 0.273715 4.2417e-39 3
-0.0503392 0.193932 0.273715 9.03802e-39 3
-0.0465888 0.196972 0.278007 8.39444e-39 3
-0.0420491 0.196972 0.278007 5.44239e-39 3
-0.0225543 0.185958 0.262461 6.73313e-39 3
-0.0175193 0.178332 0.251697 5.71969e-39 3
-0.0132422 0.176109 0.248561 1.1806e-38 3
-0.00909829 0.174479 0.246259 2.21805e-39 3
-0.0609242 2.09374 2.95511 7.28846e-39 3
-0.012669 2.09374 2.95511 4.61408e-39 3
0.160593 0.715584 1.00997 3.50986e-39 3
0.172713 0.697915 0.985037 4.33997e-39 3
0.191158 0.706639 0.99735 5.44775e-39 3
0.255149 0.509289 0.718811 4.24741e-39 3
0.292739 0.475051 0.670487 6.64803e-39 3
0.303688 0.475051 0.670487 8.21608e-39 3
-0.242728 0.191503 0.264199 1.15245e-38 3
-0.237627 0.190871 0.263327 9.31176e-39 3
-0.2341 0.191503 0.264199 7.46713e-39 3
-0.234048 0.195056 0.269099 9.77095e-39 3
-0.227734 0.193425 0.266849 6.5441e-39 3
-0.22834 0.197723 0.272779 8.85006e-39 3
-0.224269 0.198062 0.273247 1.25379e-38 3
-0.219432 0.197723 0.272779 8.38981e-39 3
-0.215715 0.198401 0.273715 8.29761e-39 3
-0.211245 0.198401 0.273715 1.09709e-38 3
-0.201959 0.198062 0.273247 1.12457e-38 3
-0.19716 0.197723 0.272779 1.36421e-38 3
-0.192706 0.197723 0.272779 1.61321e-38 3
-0.188574 0.198062 0.273247 1.53034e-38 3
-0.184112 0.198062 0.273247 1.7148e-38 3
-0.179343 0.197723 0.272779 1.83462e-38 3
-0.17459 0.197386 0.272314 1.23542e-38 3
-0.169853 0.197049 0.27185 9.40466e-39 3
-0.16598 0.197723 0.272779 8.29831e-39 3
-0.161525 0.197723 0.272779 1.54889e-38 3
-0.157881 0.198742 0.274186 1.75168e-38 3
-0.155001 0.200812 0.277042 1.65941e-38 3
-0.150477 0.200812 0.277042 1.81604e-38 3
-0.1457 0.200464 0.276561 1.38265e-38 3
-0.141675 0.201162 0.277523 1.37354e-38 3
-0.137144 0.201162 0.277523 9.127e-39 3
-0.132152 0.200464 0.276561 1.56718e-38 3
-0.127195 0.199772 0.275606 1.4474e-38 3
-0.122907 0.200118 0.276083 1.0049e-38 3
-0.117787 0.199084 0.274657 1.09723e-38 3
-0.113302 0.199084 0.274657 9.9614e-39 3
-0.108817 0.199084 0.274657 1.31872e-38 3
-0.104153 0.198742 0.274186 1.89923e-38 3
-0.0988268 0.197049 0.27185 8.02031e-39 3
-0.0940671 0.19638 0.270927 1.85313e-38 3
-0.0890384 0.195056 0.269099 1.18025e-38 3
-0.0839364 0.193425 0.266849 9.77773e-39 3
-0.0795789 0.193425 0.266849 2.00079e-38 3
-0.0750959 0.193102 0.266404 2.13887e-38 3
-0.0668418 0.1944 0.268195 1.84398e-38 3
-0.0641174 0.214597 0.296059 1.93718e-39 3
-0.0531662 0.209543 0.289087 8.57919e-39 3
-0.0478389 0.206919 0.285467 8.21112e-39 3
-0.0427189 0.204722 0.282435 7.65616e-39 3
-0.0381744 0.205085 0.282936 5.16436e-39 3
-0.0173551 0.180731 0.249337 5.26014e-39 3
-0.0130391 0.177405 0.244748 5.07682e-39 3
-0.00885239 0.173676 0.239604 7.84198e-39 3
-0.0609242 2.142 2.95511 5.81405e-39 3
0.0259683 1.56308 2.15643 8.11678e-39 3
0.144101 0.732076 1.00997 8.21327e-39 3
0.156628 0.714 0.985037 9.13379e-39 3
0.172713 0.714 0.985037 8.765e-39 3
-0.242728 0.195817 0.264199 4.51759e-39 3
-0.237627 0.195171 0.263327 1.04178e-38 3
-0.2341 0.195817 0.264199 1.15234e-38 3
-0.23248 0.198114 0.267296 1.33673e-38 3
-0.231607 0.201146 0.271388 5.16224e-39 3
-0.227951 0.201832 0.272314 8.57348e-39 3
-0.223504 0.201832 0.272314 7.09906e-39 3
-0.217204 0.200125 0.27001 9.12736e-39 3
-0.215345 0.202524 0.273247 9.31176e-39 3
-0.210523 0.202177 0.272779 9.95641e-39 3
-0.205017 0.201146 0.271388 1.50257e-38 3
-0.200927 0.201489 0.27185 1.4196e-38 3
-0.196488 0.201489 0.27185 1.24435e-38 3
-0.192377 0.201832 0.272314 1.27212e-38 3
-0.188251 0.202177 0.272779 1.76087e-38 3
-0.183483 0.201832 0.272314 1.32762e-38 3
-0.178732 0.201489 0.27185 1.3829e-38 3
-0.173996 0.201146 0.271388 1.40137e-38 3
-0.169564 0.201146 0.271388 1.74253e-38 3
-0.165133 0.201146 0.271388 1.61346e-38 3
-0.16125 0.201832 0.272314 1.58576e-38 3
-0.157071 0.202177 0.272779 1.66878e-38 3
-0.153932 0.20392 0.275131 1.86232e-38 3
-0.149957 0.204626 0.276083 1.23513e-38 3
-0.145448 0.204626 0.276083 1.57629e-38 3
-0.14217 0.206411 0.278492 1.09695e-38 3
-0.137622 0.206411 0.278492 9.77273e-39 3
-0.132382 0.205336 0.277042 1.52119e-38 3
-0.127195 0.204272 0.275606 1.48428e-38 3
-0.122907 0.204626 0.276083 1.18014e-38 3
-0.117585 0.20322 0.274186 1.125e-38 3
-0.112914 0.202871 0.273715 9.68624e-39 3
-0.10863 0.20322 0.274186 9.22348e-39 3
-0.102394 0.199787 0.269554 1.89934e-38 3
-0.0966855 0.197123 0.26596 2.04674e-38 3
-0.0926514 0.197782 0.266849 1.68725e-38 3
-0.0832404 0.196142 0.264637 1.02394e-38 3
-0.0735007 0.193258 0.260745 3.31939e-39 3
-0.0707456 0.197452 0.266404 8.11428e-39 3
-0.0685704 0.20392 0.275131 1.17113e-38 3
-0.0694674 0.221072 0.298273 5.90302e-39 3
-0.0643562 0.220249 0.297162 3.78144e-39 3
-0.0593931 0.21984 0.29661 1.42013e-38 3
-0.0547532 0.22066 0.297716 7.56647e-39 3
-0.0486217 0.215043 0.290138 5.72184e-39 3
-0.0427189 0.209334 0.282435 5.90407e-39 3
-0.0385849 0.21196 0.285978 6.45582e-39 3
-0.0173551 0.184803 0.249337 5.26086e-39 3
-0.00877335 0.176003 0.237464 8.48771e-39 3
-0.0598165 2.15043 2.90138 3.50808e-39 3
-0.00900165 1.55623 2.09968 3.13966e-39 3
0.0263241 1.62019 2.18597 8.76465e-39 3
0.737823 0.748568 1.00997 1.67846e-38 3
0.744887 0.739211 0.99735 1.91845e-38 3
-0.242728 0.200132 0.264199 8.20541e-39 3
-0.236069 0.198163 0.2616 9.95713e-39 3
-0.23256 0.198815 0.262461 1.47502e-38 3
-0.230549 0.200797 0.265076 9.67947e-39 3
-0.228115 0.202478 0.267296 5.89981e-39 3
-0.227951 0.206279 0.272314 8.75787e-39 3
-0.223123 0.205928 0.27185 7.19161e-39 3
-0.214245 0.205928 0.27185 9.49615e-39 3
-0.210164 0.206279 0.272314 8.94226e-39 3
-0.203289 0.203844 0.269099 1.33673e-38 3
-0.19923 0.204188 0.269554 1.31818e-38 3
-0.1945 0.203844 0.269099 9.77095e-39 3
-0.191072 0.204881 0.270468 1.16149e-38 3
-0.186973 0.205228 0.270927 9.03445e-39 3
-0.182239 0.204881 0.270468 8.94297e-39 3
-0.177222 0.204188 0.269554 1.64108e-38 3
-0.172529 0.203844 0.269099 9.12737e-39 3
-0.168419 0.204188 0.269554 1.28155e-38 3
-0.164017 0.204188 0.269554 1.73331e-38 3
-0.160701 0.205577 0.271388 2.12979e-38 3
-0.156536 0.205928 0.27185 1.60424e-38 3
-0.15314 0.207341 0.273715 1.56729e-38 3
-0.14944 0.208413 0.275131 1.69622e-38 3
-0.145197 0.208773 0.275606 1.95437e-38 3
-0.141922 0.210592 0.278007 1.47513e-38 3
-0.137383 0.210592 0.278007 1.56736e-38 3
-0.132152 0.209497 0.276561 1.48431e-38 3
-0.126976 0.208413 0.275131 1.1617e-38 3
-0.122272 0.208054 0.274657 9.22027e-39 3
-0.117182 0.206986 0.273247 1.22652e-38 3
-0.112144 0.205928 0.27185 9.68695e-39 3
-0.108444 0.207341 0.273715 9.77843e-39 3
-0.101707 0.202818 0.267745 7.83912e-39 3
-0.0941742 0.196233 0.259052 1.54896e-38 3
-0.0903843 0.197193 0.26032 1.15266e-38 3
-0.0859931 0.196872 0.259896 8.57776e-39 3
-0.0816162 0.196552 0.259473 6.73599e-39 3
-0.0772536 0.196233 0.259052 9.03837e-39 3
-0.0729051 0.195915 0.258632 5.07218e-39 3
-0.0686817 0.195915 0.258632 7.65509e-39 3
-0.0685704 0.208413 0.275131 9.59191e-39 3
-0.0699907 0.227645 0.30052 8.57704e-39 3
-0.0632954 0.221391 0.292264 4.88814e-39 3
-0.0585229 0.221391 0.292264 1.06982e-38 3
-0.0537504 0.221391 0.292264 1.00557e-38 3
-0.0487992 0.220583 0.291197 5.62892e-39 3
-0.0437249 0.218985 0.289087 6.82423e-39 3
-0.0478453 0.268621 0.354613 4.88885e-39 3
-0.0420547 0.268621 0.354613 7.74619e-39 3
-0.0365893 0.27103 0.357794 7.28558e-39 3
-0.0307467 0.27103 0.357794 7.19518e-39 3
-0.024793 0.26982 0.356196 6.82854e-39 3
-0.184815 2.62782 3.46904 1.05164e-38 3
-0.122827 2.51832 3.3245 6.27429e-39 3
-0.00795495 1.40558 1.85553 3.78467e-39 3
0.0256221 1.61173 2.12768 7.84304e-39 3
0.0611816 1.63351 2.15643 1.05181e-38 3
0.687435 0.74617 0.985037 4.15699e-39 3
0.737823 0.76506 1.00997 1.4296e-38 3
-0.239555 0.201773 0.260745 1.04185e-38 3
-0.234531 0.201116 0.259896 1.10635e-38 3
-0.23104 0.201773 0.260745 7.74372e-39 3
-0.22865 0.203435 0.262893 9.95641e-39 3
-0.223254 0.202435 0.2616 7.65152e-39 3
-0.203113 0.195388 0.252494 7.83698e-39 3
-0.199622 0.196008 0.253295 7.65259e-39 3
-0.195486 0.196008 0.253295 1.03259e-38 3
-0.190848 0.199814 0.258214 1.20766e-38 3
-0.18633 0.199492 0.257796 9.12665e-39 3
-0.189149 0.20719 0.267745 9.12665e-39 3
-0.184467 0.206843 0.267296 7.09942e-39 3
-0.180102 0.206843 0.267296 8.75965e-39 3
-0.176033 0.20719 0.267745 1.30007e-38 3
-0.17166 0.20719 0.267745 1.48442e-38 3
-0.167569 0.207538 0.268195 8.29868e-39 3
-0.162916 0.20719 0.267745 7.7455e-39 3
-0.159615 0.20859 0.269554 8.39194e-39 3
-0.154952 0.208238 0.269099 7.37745e-39 3
-0.152097 0.210367 0.27185 1.62261e-38 3
-0.149182 0.212539 0.274657 1.60413e-38 3
-0.144947 0.212906 0.275131 1.43825e-38 3
-0.141922 0.215131 0.278007 1.06954e-38 3
-0.137863 0.215883 0.278979 8.48307e-39 3
-0.132382 0.214384 0.277042 1.71487e-38 3
-0.126976 0.212906 0.275131 1.52126e-38 3
-0.11349 0.204785 0.264637 9.22312e-39 3
-0.109714 0.205809 0.26596 9.04194e-39 3
-0.105021 0.205125 0.265076 8.30473e-39 3
-0.101366 0.206497 0.266849 3.13965e-39 3
-0.0935667 0.19917 0.257381 5.81154e-39 3
-0.0897983 0.200138 0.258632 3.507e-39 3
-0.085575 0.200138 0.258632 8.02637e-39 3
-0.0813517 0.200138 0.258632 8.39658e-39 3
-0.0771284 0.200138 0.258632 8.02457e-39 3
-0.0729051 0.200138 0.258632 5.7179e-39 3
-0.0686817 0.200138 0.258632 7.65616e-39 3
-0.0667296 0.20719 0.267745 8.39372e-39 3
-0.0707906 0.23521 0.303954 9.22276e-39 3
-0.0632954 0.226164 0.292264 1.1067e-38 3
-0.0585229 0.226164 0.292264 6.55051e-39 3
-0.0535542 0.225338 0.291197 1.33751e-38 3
-0.0486217 0.224519 0.290138 6.91822e-39 3
-0.0434104 0.222096 0.287007 4.51898e-39 3
-0.0478453 0.274412 0.354613 6.0863e-39 3
-0.0420547 0.274412 0.354613 8.11461e-39 3
-0.0365893 0.276873 0.357794 7.46925e-39 3
-0.0307467 0.276873 0.357794 6.36541e-39 3
-0.024793 0.275637 0.356196 1.3006e-38 3
-0.0369653 1.38748 1.79299 3.507e-39 3
-0.00777415 1.40324 1.81336 3.78502e-39 3
0.0243248 1.56311 2.01995 9.31924e-39 3
1.01963 0.735032 0.949857 6.09131e-39 3
1.03514 0.735032 0.949857 7.10474e-39 3
1.03829 0.726384 0.938682 6.73488e-39 3
0.998465 0.678491 0.876791 7.6547e-39 3
-0.23723 0.204031 0.258214 1.23542e-38 3
-0.231515 0.202719 0.256553 1.24464e-38 3
-0.228059 0.203373 0.257381 1.26301e-38 3
-0.225309 0.204693 0.259052 1.19847e-38 3
-0.215824 0.199827 0.252894 7.83591e-39 3
-0.211025 0.199196 0.252095 8.11285e-39 3
-0.206909 0.199196 0.252095 6.63843e-39 3
-0.202792 0.199196 0.252095 5.62464e-39 3
-0.19899 0.199511 0.252494 9.12844e-39 3
-0.195176 0.199827 0.252894 6.3615e-39 3
-0.192265 0.201102 0.254507 1.18929e-38 3
-0.188409 0.201423 0.254914 1.56661e-39 3
-0.184542 0.201746 0.255322 9.40395e-39 3
-0.181534 0.203045 0.256966 8.66674e-39 3
-0.182329 0.20876 0.264199 9.03624e-39 3
-0.175151 0.210503 0.266404 8.02352e-39 3
-0.171373 0.211208 0.267296 6.54839e-39 3
-0.167288 0.211562 0.267745 6.17925e-39 3
-0.162643 0.211208 0.267296 7.56254e-39 3
-0.158811 0.211918 0.268195 7.28775e-39 3
-0.153914 0.211208 0.267296 8.02317e-39 3
-0.150304 0.212275 0.268646 1.32758e-38 3
-0.148671 0.21628 0.273715 1.43822e-38 3
-0.144201 0.21628 0.273715 9.03589e-39 3
-0.181838 0.281453 0.356196 6.82499e-39 3
-0.175239 0.280202 0.354613 9.12951e-39 3
-0.112372 0.207046 0.26203 9.59226e-39 3
-0.110823 0.212275 0.268646 9.41144e-39 3
-0.105021 0.209454 0.265076 9.6891e-39 3
-0.0996992 0.207387 0.262461 3.78608e-39 3
-0.0928181 0.201746 0.255322 7.56539e-39 3
-0.0893638 0.203373 0.257381 8.48806e-39 3
-0.0851609 0.203373 0.257381 8.30295e-39 3
-0.080958 0.203373 0.257381 9.13415e-39 3
-0.0768792 0.203701 0.257796 7.84054e-39 3
-0.0727871 0.204031 0.258214 4.88922e-39 3
-0.0696984 0.207387 0.262461 1.17135e-38 3
-0.0660645 0.209454 0.265076 6.91859e-39 3
-0.0683181 0.231785 0.293338 8.48555e-39 3
-0.0635281 0.231785 0.293338 1.07915e-38 3
-0.0585229 0.230936 0.292264 9.77986e-39 3
-0.0535542 0.230093 0.291197 7.93595e-39 3
-0.0484456 0.228426 0.289087 9.59117e-39 3
-0.0434104 0.226783 0.287007 5.71608e-39 3
-0.0478453 0.280202 0.354613 1.29995e-38 3
-0.0391656 1.50108 1.89971 3.50735e-39 3
0.904831 1.63755 2.07242 1.07993e-38 3
0.938672 1.63755 2.07242 9.69406e-39 3
1.03829 0.741712 0.938682 6.73524e-39 3
1.05362 0.741712 0.938682 6.64197e-39 3
0.987612 0.685278 0.867261 5.99481e-39 3
