# .PCD v0.7 - Point Cloud Data file format
VERSION 0.7
FIELDS x y z rgb label
SIZE 4 4 4 4 4
TYPE F F F F U
COUNT 1 1 1 1 1
WIDTH 2665
HEIGHT 1
VIEWPOINT 0 0 0 1 0 0 0
POINTS 2665
DATA ascii
0.483922 0.435793 0.697738 6.7349e-39 3
0.483922 0.447177 0.697738 8.30331e-39 3
0.483927 0.458566 0.697745 7.75049e-39 3
0.483927 0.46995 0.697745 6.92073e-39 3
-0.249918 0.214232 0.352202 7.28915e-39 3
-0.243249 0.213422 0.35087 6.73633e-39 3
-0.249482 0.219595 0.351588 4.43217e-39 3
-0.243193 0.219097 0.350791 8.02743e-39 3
-0.237018 0.224392 0.350123 3.60062e-39 3
0.23821 0.236724 0.399907 6.73814e-39 3
0.235568 0.240551 0.395472 3.51129e-39 3
0.225177 0.218179 0.349322 8.30367e-39 3
0.231455 0.218727 0.350198 6.27573e-39 3
0.237822 0.219329 0.351163 1.09766e-38 3
0.2985 0.240522 0.385093 7.19588e-39 3
0.225289 0.22399 0.349496 9.13522e-39 3
0.231805 0.22478 0.350728 4.70984e-39 3
0.237876 0.225109 0.351242 8.21219e-39 3
0.231903 0.230599 0.350875 7.10692e-39 3
0.238036 0.230995 0.351478 5.90765e-39 3
0.295 0.25012 0.380579 6.45831e-39 3
0.238036 0.23673 0.351478 8.21147e-39 3
0.261815 0.2336 0.330804 5.62928e-39 3
0.26157 0.238773 0.330494 7.56395e-39 3
0.261254 0.24387 0.330094 1.05113e-38 3
0.323387 0.22589 0.39242 3.41119e-39 3
0.307835 0.235085 0.397137 9.31638e-39 3
0.311904 0.233281 0.394091 8.94724e-39 3
0.317365 0.232572 0.392892 6.82603e-39 3
0.323297 0.232228 0.392311 5.52953e-39 3
0.329495 0.232085 0.39207 8.47727e-39 3
0.338182 0.233667 0.394743 9.12588e-39 3
0.309645 0.237975 0.391236 6.36612e-39 3
0.316192 0.238099 0.39144 3.69138e-39 3
0.32362 0.238867 0.392703 3.04062e-39 3
0.330284 0.239053 0.393008 3.49836e-39 3
0.338518 0.240347 0.395135 6.81812e-39 3
0.307303 0.24251 0.388278 1.0238e-38 3
0.31581 0.24419 0.390966 5.44489e-39 3
0.323801 0.245412 0.392923 6.45473e-39 3
0.330969 0.245975 0.393824 6.17671e-39 3
0.314297 0.249368 0.389093 6.4576e-39 3
0.303566 0.252077 0.383555 5.53599e-39 3
-0.328829 0.229771 0.399163 4.24776e-39 3
-0.327994 0.235684 0.398149 8.85719e-39 3
-0.322699 0.236564 0.399636 5.2612e-39 3
-0.327808 0.242043 0.397924 5.81437e-39 3
-0.32196 0.242528 0.398721 9.77878e-39 3
0.425216 0.240904 0.430712 6.18317e-39 3
0.432297 0.240935 0.430766 4.80059e-39 3
0.440783 0.241734 0.432195 5.99841e-39 3
0.423202 0.246758 0.428672 7.47319e-39 3
0.430951 0.24719 0.429424 8.3033e-39 3
0.252086 0.229799 0.423202 7.5661e-39 3
0.250602 0.23531 0.420709 5.26121e-39 3
0.258509 0.236263 0.422414 7.01365e-39 3
0.262399 0.233591 0.417636 1.8507e-39 3
0.270321 0.235436 0.409004 4.15378e-39 3
0.278907 0.237061 0.411828 6.18281e-39 3
0.286403 0.237706 0.412948 7.93488e-39 3
0.293125 0.237693 0.412925 5.1683e-39 3
0.275327 0.281315 0.475236 6.46082e-39 3
0.249015 0.240865 0.406901 3.60241e-39 3
0.255437 0.24066 0.406555 5.07682e-39 3
0.261829 0.240438 0.406181 5.6282e-39 3
0.269024 0.240947 0.407041 6.27392e-39 3
0.277052 0.242159 0.409088 7.56574e-39 3
0.285444 0.243625 0.411565 3.4173e-39 3
0.292983 0.244312 0.412725 7.01257e-39 3
0.274108 0.287789 0.473132 6.18459e-39 3
0.293091 0.269737 0.443454 9.04052e-39 3
0.272893 0.271279 0.434338 7.28987e-39 3
0.272893 0.278365 0.434338 5.35448e-39 3
0.28011 0.285586 0.434542 8.85684e-39 3
0.288207 0.293701 0.436065 8.76536e-39 3
-0.560522 0.410074 0.755198 6.5523e-39 3
-0.595589 0.421053 0.752799 8.35129e-40 3
-0.590186 0.441576 0.74597 3.04851e-39 3
-0.589406 0.453147 0.744984 8.3962e-39 3
0.707054 0.455946 0.893363 5.63034e-39 3
0.70218 0.467278 0.887204 7.65937e-39 3
0.761195 0.459217 0.8719 7.3817e-39 3
-0.614041 0.408733 0.827304 3.69531e-39 3
-0.619478 0.466823 0.83463 6.36791e-39 3
-0.618738 0.479866 0.833632 5.169e-39 3
0.503718 0.2713 0.587964 7.10476e-39 3
0.552784 0.280976 0.53348 7.01328e-39 3
0.503738 0.281722 0.518823 5.44559e-39 3
0.501391 0.288835 0.516406 4.06302e-39 3
0.501401 0.297266 0.516416 8.94904e-39 3
-0.397447 0.227115 0.492205 6.92108e-39 3
-0.396316 0.234477 0.490805 2.21912e-39 3
-0.387744 0.234136 0.490092 6.09168e-39 3
-0.381754 0.235373 0.492682 4.98461e-39 3
-0.374307 0.235746 0.493461 4.98498e-39 3
-0.363959 0.225485 0.441807 6.36791e-39 3
-0.35759 0.226015 0.442846 6.18352e-39 3
-0.346589 0.22358 0.438074 2.68009e-39 3
-0.328214 0.216185 0.423584 9.87098e-39 3
-0.327425 0.21797 0.413851 7.7512e-39 3
-0.320671 0.217968 0.413849 6.36755e-39 3
-0.314004 0.218028 0.413961 3.32546e-39 3
-0.333813 0.220031 0.405212 8.30472e-39 3
-0.328432 0.220858 0.406736 8.94974e-39 3
-0.323643 0.222126 0.40907 5.72218e-39 3
-0.318127 0.222938 0.410566 3.87719e-39 3
-0.311604 0.223064 0.410798 4.43109e-39 3
-0.331466 0.225049 0.402363 3.8797e-39 3
-0.327161 0.226614 0.405162 8.6728e-39 3
-0.30273 0.258485 0.436668 7.93452e-39 3
-0.317441 0.265997 0.437304 7.38313e-39 3
-0.316925 0.272688 0.436594 3.32618e-39 3
-0.302189 0.279359 0.435888 2.58754e-39 3
-0.406988 0.227961 0.494039 7.10619e-39 3
-0.403422 0.233954 0.489711 8.67352e-39 3
-0.401706 0.262016 0.49748 6.18387e-39 3
-0.410676 0.265438 0.488834 7.10619e-39 3
-0.408092 0.271693 0.485758 2.58933e-39 3
-0.4062 0.278322 0.483507 7.3835e-39 3
-0.405357 0.285617 0.482503 7.10584e-39 3
-0.405357 0.293489 0.482503 6.92037e-39 3
-0.613813 0.38503 0.865028 7.5643e-39 3
-0.658623 0.384122 0.832472 4.98533e-39 3
-0.617757 0.397627 0.83231 1.09777e-38 3
0.777365 0.368049 0.85834 5.90728e-39 3
0.794975 0.37712 0.847257 6.46118e-39 3
0.794975 0.390944 0.847257 2.8652e-39 3
0.495111 0.243006 0.589139 4.5247e-39 3
0.432646 0.220746 0.51481 7.47426e-39 3
0.436706 0.218575 0.509745 6.36755e-39 3
0.449326 0.220688 0.514674 7.19838e-39 3
0.460209 0.221886 0.517469 7.47426e-39 3
0.42823 0.226807 0.509556 5.90658e-39 3
0.433292 0.225118 0.50576 5.44596e-39 3
0.441544 0.225118 0.50576 5.16972e-39 3
0.451219 0.22583 0.507361 8.48841e-39 3
0.461199 0.226667 0.50924 1.75922e-39 3
0.468039 0.225957 0.507647 7.65972e-39 3
0.440977 0.23307 0.505111 5.90657e-39 3
0.450931 0.233958 0.507037 3.97082e-39 3
0.460751 0.234747 0.508745 9.22598e-39 3
0.468025 0.234233 0.507632 4.43287e-39 3
0.442194 0.291369 0.536589 1.20391e-39 3
0.431255 0.298611 0.533884 5.53671e-39 3
-0.196426 0.223169 0.587526 7.10583e-39 3
-0.186569 0.222845 0.586673 7.75048e-39 3
-0.193236 0.228974 0.577983 7.8416e-39 3
-0.182132 0.226889 0.572721 6.27427e-39 3
-0.191126 0.235802 0.571673 6.18063e-39 3
-0.180569 0.234206 0.567806 8.39441e-39 3
-0.170266 0.232785 0.564361 7.74904e-39 3
-0.199847 0.244387 0.569944 7.38062e-39 3
-0.190432 0.244238 0.569596 7.8416e-39 3
-0.179917 0.242592 0.565757 9.59223e-39 3
-0.169655 0.241125 0.562336 7.74796e-39 3
-0.462641 0.213319 0.561595 5.16721e-39 3
-0.455929 0.214472 0.564631 8.21146e-39 3
-0.426402 0.204719 0.538954 5.63106e-39 3
-0.416114 0.203986 0.537024 8.67387e-39 3
-0.409027 0.204825 0.539233 7.28986e-39 3
-0.404143 0.206828 0.544506 5.35304e-39 3
-0.402037 0.210375 0.553844 5.35376e-39 3
-0.460696 0.221547 0.559235 8.02599e-39 3
-0.454467 0.222967 0.562821 6.18208e-39 3
-0.422802 0.21171 0.534404 9.26965e-40 3
-0.411842 0.210564 0.531512 8.94902e-39 3
-0.40397 0.210982 0.532566 8.02599e-39 3
-0.45762 0.229131 0.555501 7.84268e-39 3
-0.447445 0.228563 0.554124 6.18136e-39 3
-0.421647 0.219827 0.532944 4.5204e-39 3
-0.410945 0.218758 0.530354 5.62746e-39 3
-0.401446 0.218298 0.529239 3.96903e-39 3
-0.495204 0.252751 0.589449 1.38937e-39 3
-0.484589 0.266155 0.576814 5.17008e-39 3
-0.479772 0.272827 0.57108 3.51056e-39 3
-0.437251 0.257139 0.520467 6.64557e-39 3
-0.43088 0.280644 0.568042 5.44703e-39 3
-0.434886 0.264194 0.517652 5.63071e-39 3
0.114822 0.340716 0.937244 6.36647e-39 3
0.114183 0.354024 0.932023 5.72183e-39 3
0.129092 0.368383 0.929883 4.24741e-39 3
0.15629 0.375987 0.911537 7.65684e-39 3
0.156287 0.390852 0.911519 4.42964e-39 3
-0.292815 0.21397 0.588592 5.8133e-39 3
-0.285683 0.215837 0.593727 3.60025e-39 3
-0.277853 0.21729 0.597722 6.1828e-39 3
-0.291592 0.21557 0.567521 5.8115e-39 3
-0.283194 0.216227 0.569252 8.30007e-39 3
-0.278738 0.220042 0.579293 7.83945e-39 3
-0.272349 0.222544 0.585881 2.86341e-39 3
-0.265299 0.224669 0.591477 6.82817e-39 3
-0.254192 0.223389 0.588106 7.10619e-39 3
-0.244002 0.222846 0.586676 6.18424e-39 3
-0.233544 0.222004 0.584459 4.33889e-39 3
-0.22197 0.219983 0.57914 6.5523e-39 3
-0.211518 0.218946 0.576408 5.81473e-39 3
-0.202482 0.219344 0.577458 3.69459e-39 3
-0.271414 0.223463 0.564072 9.31422e-39 3
-0.262223 0.223474 0.5641 6.8271e-39 3
-0.253205 0.223638 0.564513 7.56574e-39 3
-0.246129 0.225594 0.56945 2.12764e-39 3
-0.240804 0.229371 0.578986 5.53815e-39 3
-0.233078 0.231078 0.583294 7.10368e-39 3
-0.221962 0.229425 0.579121 4.89278e-39 3
-0.211518 0.22835 0.576408 6.6445e-39 3
-0.202657 0.228964 0.577958 1.48013e-39 3
-0.271608 0.232833 0.564476 6.64055e-39 3
-0.262223 0.232678 0.5641 5.53599e-39 3
-0.253205 0.232848 0.564513 9.04014e-39 3
-0.245659 0.234436 0.568363 7.19767e-39 3
-0.238184 0.23622 0.572687 4.52328e-39 3
-0.230213 0.237637 0.576122 7.47247e-39 3
-0.219823 0.236572 0.57354 9.13343e-39 3
-0.209308 0.235271 0.570386 7.10512e-39 3
-0.200576 0.235946 0.572024 2.86304e-39 3
-0.270634 0.241174 0.562451 6.55159e-39 3
-0.261317 0.241045 0.56215 5.7211e-39 3
-0.252606 0.241486 0.563177 8.57916e-39 3
-0.244453 0.242513 0.565573 7.19767e-39 3
-0.236202 0.24352 0.567922 2.58754e-39 3
-0.227776 0.244422 0.570024 7.4721e-39 3
-0.218381 0.244316 0.569777 5.26085e-39 3
-0.208536 0.243674 0.568281 6.55159e-39 3
-0.23448 0.250943 0.563781 4.43144e-39 3
-0.225822 0.251545 0.565134 5.07573e-39 3
-0.216733 0.251698 0.565476 6.09096e-39 3
0.0379268 0.32172 0.926577 7.84411e-39 3
0.0999113 0.326669 0.94083 1.13382e-38 3
0.0368939 0.386488 0.901341 5.35305e-39 3
-0.0731477 0.207797 0.598471 5.81258e-39 3
-0.0626115 0.205267 0.591184 3.96328e-39 3
-0.0527032 0.204249 0.588251 9.40137e-39 3
-0.0430258 0.203871 0.587164 7.6554e-39 3
-0.0334125 0.203668 0.586578 6.36826e-39 3
-0.02369 0.202368 0.582835 8.21254e-39 3
-0.0140546 0.20057 0.577655 6.27607e-39 3
-0.00462326 0.200288 0.576844 4.52435e-39 3
-0.0814142 0.213631 0.587658 5.44307e-39 3
-0.0715346 0.212764 0.585273 2.30916e-39 3
-0.062031 0.21292 0.585702 4.6065e-39 3
-0.0523089 0.212247 0.58385 1.11481e-38 3
-0.0427059 0.211864 0.582798 3.8718e-39 3
-0.0332148 0.211977 0.583107 6.4601e-39 3
-0.0236358 0.211393 0.581503 5.16937e-39 3
-0.0140039 0.209238 0.575573 5.53706e-39 3
-0.00456765 0.207177 0.569905 8.21002e-39 3
-0.0803503 0.220302 0.579979 6.08916e-39 3
-0.0707765 0.219957 0.579071 3.87612e-39 3
-0.0615399 0.220715 0.581065 8.93753e-39 3
-0.0517656 0.219469 0.577787 8.65878e-39 3
-0.0420972 0.218217 0.574491 7.28412e-39 3
-0.0327152 0.218159 0.574336 3.69352e-39 3
-0.0231609 0.216443 0.56982 5.44595e-39 3
-0.0137405 0.214515 0.564745 3.69387e-39 3
-0.00450646 0.213575 0.56227 5.3516e-39 3
-0.0787993 0.22533 0.568784 6.55086e-39 3
-0.0700007 0.22689 0.572723 7.37955e-39 3
-0.0611088 0.228583 0.576995 1.05074e-38 3
-0.0515703 0.228033 0.575606 5.7132e-39 3
-0.0418078 0.226026 0.570542 5.62711e-39 3
-0.0325261 0.226214 0.571017 5.90621e-39 3
-0.0230971 0.225118 0.568249 6.82961e-39 3
-0.0137159 0.223329 0.563734 5.81509e-39 3
-0.00448114 0.221498 0.55911 5.62891e-39 3
-0.0857082 0.228294 0.553472 6.09061e-39 3
-0.0776027 0.231047 0.560147 7.01291e-39 3
-0.0689034 0.232532 0.563746 5.53636e-39 3
-0.0599497 0.233482 0.566051 4.51789e-39 3
-0.0509936 0.234769 0.56917 5.53455e-39 3
-0.0851099 0.235668 0.549608 7.65828e-39 3
-0.0770105 0.238353 0.555872 7.84339e-39 3
-0.0684225 0.240042 0.559811 6.73633e-39 3
-0.0593143 0.240146 0.560052 3.13676e-39 3
-0.0764494 0.24562 0.551822 5.5385e-39 3
-0.0681527 0.248193 0.557603 3.04923e-39 3
-0.0590565 0.2482 0.557617 7.65684e-39 3
-0.0292225 0.25346 0.513021 4.43287e-39 3
-0.0628436 0.262415 0.514166 5.26228e-39 3
-0.0628436 0.270804 0.514166 8.21147e-39 3
-0.0543602 0.278709 0.513274 6.45904e-39 3
-0.325902 0.201081 0.579126 6.5523e-39 3
-0.32028 0.203513 0.58613 6.09132e-39 3
-0.313607 0.205405 0.591582 7.56609e-39 3
-0.307912 0.208079 0.599284 5.35411e-39 3
-0.382442 0.210446 0.578896 5.99877e-39 3
-0.360248 0.203252 0.559109 6.92144e-39 3
-0.35126 0.20333 0.559323 6.46046e-39 3
-0.345317 0.205222 0.564525 7.19802e-39 3
-0.337214 0.205898 0.566387 6.8296e-39 3
-0.328829 0.206436 0.567865 6.27642e-39 3
-0.320464 0.207017 0.569464 6.55265e-39 3
-0.313896 0.208829 0.574448 6.92108e-39 3
-0.307969 0.211191 0.580946 7.10511e-39 3
-0.300759 0.212796 0.585361 7.10403e-39 3
-0.399291 0.213742 0.562708 8.02671e-39 3
-0.39169 0.214608 0.564987 6.09096e-39 3
-0.388479 0.217979 0.573862 4.61619e-39 3
-0.370744 0.213164 0.561188 4.15557e-39 3
-0.358698 0.211461 0.556704 6.09132e-39 3
-0.34913 0.211167 0.555931 6.09132e-39 3
-0.340318 0.211328 0.556354 5.99913e-39 3
-0.332037 0.211836 0.557692 4.5247e-39 3
-0.323353 0.212108 0.558407 6.46117e-39 3
-0.315638 0.21305 0.560887 6.46046e-39 3
-0.307186 0.213536 0.562167 2.58718e-39 3
-0.300389 0.215239 0.566649 8.21038e-39 3
-0.397482 0.212157 0.535532 7.42217e-40 3
-0.395709 0.215958 0.545127 4.43001e-39 3
-0.397611 0.221985 0.56034 4.15485e-39 3
-0.389555 0.222606 0.561909 2.77228e-39 3
-0.379773 0.222246 0.561 4.1545e-39 3
-0.368739 0.221119 0.558154 5.90622e-39 3
-0.357939 0.220077 0.555525 8.02671e-39 3
-0.347907 0.219466 0.553984 5.26012e-39 3
-0.339384 0.219801 0.554827 5.07645e-39 3
-0.331919 0.220857 0.557493 4.15629e-39 3
-0.323353 0.221219 0.558407 5.26264e-39 3
-0.315638 0.222201 0.560887 3.97083e-39 3
-0.391904 0.217795 0.528017 8.94724e-39 3
-0.383158 0.21772 0.527837 8.3937e-39 3
-0.378059 0.219762 0.532787 5.58905e-40 3
-0.38024 0.226232 0.548472 4.33889e-39 3
-0.372372 0.22689 0.550068 7.84125e-39 3
-0.361596 0.225765 0.547342 7.19516e-39 3
-0.351107 0.224768 0.544922 4.98282e-39 3
-0.343791 0.225802 0.54743 3.96867e-39 3
-0.333028 0.224567 0.544436 5.35196e-39 3
-0.32534 0.225395 0.546443 5.81546e-39 3
-0.322069 0.229415 0.55619 4.34033e-39 3
-0.315525 0.23127 0.560687 6.27608e-39 3
-0.393046 0.227069 0.529556 7.65902e-39 3
-0.383676 0.226638 0.52855 3.32474e-39 3
-0.374931 0.226565 0.528379 1.6638e-39 3
-0.369109 0.228296 0.532416 4.06086e-39 3
-0.364023 0.230577 0.537735 5.99733e-39 3
-0.354704 0.230222 0.53691 7.65721e-39 3
-0.30969 0.235972 0.550318 5.53995e-39 3
-0.381106 0.233686 0.525009 4.06266e-39 3
0.607501 0.230257 0.695854 5.34981e-39 3
0.671663 0.228908 0.691777 7.65649e-39 3
0.679999 0.227918 0.688788 9.03942e-39 3
0.690048 0.227527 0.687604 9.22381e-39 3
0.600951 0.23462 0.675722 6.27069e-39 3
0.612662 0.234883 0.67648 7.01149e-39 3
0.627669 0.236378 0.680786 6.18281e-39 3
0.643343 0.238068 0.685653 4.89099e-39 3
0.655887 0.238562 0.687075 8.67029e-39 3
0.659681 0.23591 0.679437 7.83945e-39 3
0.669988 0.235636 0.678647 7.28807e-39 3
0.683056 0.236326 0.680636 7.74905e-39 3
0.696968 0.237282 0.683388 7.01077e-39 3
0.698768 0.234149 0.674365 4.15163e-39 3
0.606308 0.239063 0.657617 3.78212e-39 3
0.630049 0.244104 0.671484 8.0242e-39 3
0.644154 0.245303 0.674783 7.56359e-39 3
0.653568 0.244706 0.673141 9.22312e-39 3
0.664743 0.244777 0.673335 3.04673e-39 3
0.6753 0.244622 0.672907 8.85433e-39 3
0.683784 0.243732 0.670461 6.08702e-39 3
0.690908 0.242394 0.66678 4.24166e-39 3
0.69934 0.241549 0.664454 1.06028e-38 3
0.611749 0.243419 0.640837 6.6402e-39 3
0.664376 0.247443 0.651431 5.53205e-39 3
0.668674 0.245122 0.645322 6.08307e-39 3
0.674146 0.243297 0.640518 5.71357e-39 3
0.68496 0.243427 0.640858 2.85408e-39 3
0.693976 0.242922 0.63953 4.05262e-39 3
0.610491 0.253353 0.63952 1.56766e-39 3
0.623842 0.254543 0.642524 5.99411e-39 3
0.636999 0.255616 0.645233 4.24204e-39 3
0.648914 0.256163 0.646615 1.01393e-38 3
0.657247 0.255302 0.644441 9.12194e-39 3
0.660616 0.25257 0.637545 1.12428e-38 3
0.665886 0.250639 0.632669 1.02304e-38 3
0.675653 0.250433 0.63215 1.1152e-38 3
0.68582 0.250379 0.632015 1.05056e-38 3
0.693902 0.249577 0.62999 1.07833e-38 3
0.612097 0.26908 0.652352 9.86704e-39 3
0.635923 0.274776 0.666161 8.6685e-39 3
0.638053 0.271063 0.657161 6.54765e-39 3
0.627359 0.262115 0.635468 7.46925e-39 3
0.662937 0.259805 0.629868 6.72628e-39 3
0.698407 0.257725 0.624824 8.66491e-39 3
0.627442 0.268089 0.625219 1.04191e-38 3
0.640151 0.269144 0.627679 6.63553e-39 3
0.647877 0.268102 0.625251 1.50235e-38 3
0.655042 0.266865 0.622366 1.41005e-38 3
0.664905 0.266749 0.622093 4.23701e-39 3
0.675054 0.266749 0.622093 1.61317e-38 3
0.685204 0.266749 0.622093 1.4841e-38 3
0.626962 0.273628 0.614747 9.13019e-39 3
0.64043 0.275105 0.618064 9.86524e-39 3
0.649622 0.274728 0.617216 7.65004e-39 3
0.659093 0.274478 0.616656 1.33658e-38 3
0.667378 0.27375 0.615019 1.50261e-38 3
0.677143 0.273641 0.614775 1.55796e-38 3
0.622606 0.281688 0.610476 9.13234e-39 3
0.634669 0.282624 0.612505 6.64199e-39 3
0.647571 0.283899 0.615268 6.27213e-39 3
0.657909 0.284028 0.615548 7.37741e-39 3
0.662804 0.281839 0.610804 7.10011e-39 3
0.595908 0.230164 0.695574 8.39227e-39 3
0.539337 0.24159 0.695796 6.55086e-39 3
0.551942 0.24214 0.697379 7.7494e-39 3
0.565276 0.24298 0.6998 5.90549e-39 3
0.572224 0.241097 0.694376 6.36647e-39 3
0.568463 0.234862 0.67642 6.55086e-39 3
0.576992 0.233846 0.673493 5.90298e-39 3
0.58967 0.234518 0.675429 8.57451e-39 3
0.507184 0.242978 0.668385 5.99876e-39 3
0.518018 0.237936 0.654515 7.84268e-39 3
0.536666 0.241522 0.664381 7.01291e-39 3
0.54434 0.240126 0.66054 4.98568e-39 3
0.549475 0.237685 0.653827 7.19802e-39 3
0.561804 0.23839 0.655765 5.62963e-39 3
0.579707 0.24139 0.664017 5.71752e-39 3
0.587841 0.240286 0.660982 8.84714e-39 3
0.593608 0.238272 0.655441 5.99087e-39 3
0.512042 0.240783 0.633898 6.55158e-39 3
0.524666 0.241834 0.636666 7.38134e-39 3
0.532156 0.240525 0.633219 8.67244e-39 3
0.541981 0.2403 0.632628 7.28915e-39 3
0.552533 0.240401 0.632891 7.19516e-39 3
0.562119 0.240084 0.632058 4.42391e-39 3
0.570605 0.239318 0.630042 8.38472e-39 3
0.578867 0.238487 0.627854 8.2032e-39 3
0.597308 0.241805 0.63659 1.10631e-38 3
0.564576 0.27689 0.698933 9.22526e-39 3
0.51779 0.248917 0.628323 8.48805e-39 3
0.529743 0.249719 0.630347 7.01291e-39 3
0.539881 0.249651 0.630176 8.02779e-39 3
0.551562 0.250286 0.631779 7.56645e-39 3
0.560744 0.249784 0.630513 8.02457e-39 3
0.568845 0.248828 0.628099 8.2972e-39 3
0.57864 0.248633 0.627607 4.60758e-39 3
0.598579 0.252728 0.637944 2.30306e-39 3
0.513676 0.257109 0.62333 6.55266e-39 3
0.536146 0.258134 0.625816 9.13485e-39 3
0.547783 0.258808 0.627451 7.29093e-39 3
0.557017 0.258343 0.626323 5.62999e-39 3
0.565691 0.257639 0.624616 6.82674e-39 3
0.577775 0.258486 0.62667 8.30078e-39 3
0.211099 0.219455 0.663212 6.36897e-39 3
0.229724 0.227173 0.686535 5.53814e-39 3
0.204607 0.235253 0.677546 8.20857e-39 3
0.210115 0.218027 0.627934 6.91999e-39 3
0.232846 0.23038 0.663511 5.53779e-39 3
0.278881 0.242153 0.697419 8.67244e-39 3
0.288826 0.240957 0.693973 6.64449e-39 3
0.201772 0.242895 0.668159 1.08754e-38 3
0.290485 0.235281 0.647214 5.44415e-39 3
0.23328 0.252502 0.664749 5.169e-39 3
0.274738 0.241285 0.63522 8.85718e-39 3
0.299509 0.246448 0.622092 3.97046e-39 3
0.275961 0.253613 0.614855 7.65614e-39 3
0.27599 0.263673 0.61492 5.26157e-39 3
0.275191 0.272913 0.61314 5.90765e-39 3
-0.415041 0.317745 0.96025 7.28771e-39 3
-0.413777 0.332397 0.957327 7.0104e-39 3
-0.420886 0.341118 0.938352 5.07502e-39 3
-0.492459 0.357031 0.901228 5.25977e-39 3
-0.492459 0.371735 0.901228 4.15415e-39 3
-0.688739 0.328734 0.993461 7.10618e-39 3
-0.677622 0.339375 0.977425 5.44631e-39 3
-0.638789 0.343034 0.94362 5.07681e-39 3
0.812252 0.239068 0.759953 5.25975e-39 3
0.833952 0.241764 0.768525 5.44594e-39 3
0.850177 0.242817 0.771871 7.93559e-39 3
0.865268 0.24352 0.774105 3.41764e-39 3
0.886128 0.245803 0.781362 4.24632e-39 3
0.898991 0.245834 0.781462 5.35267e-39 3
0.805751 0.235099 0.710488 7.10511e-39 3
0.829077 0.238474 0.720688 4.70767e-39 3
0.850501 0.241215 0.728972 6.64378e-39 3
0.862799 0.241329 0.729315 5.07537e-39 3
0.872072 0.240604 0.727125 4.15305e-39 3
0.882628 0.240248 0.726049 3.69208e-39 3
0.899153 0.241505 0.729847 7.65721e-39 3
0.872637 0.24594 0.708324 5.53636e-39 3
0.899475 0.25019 0.720566 7.10332e-39 3
0.888098 0.258634 0.711452 6.7306e-39 3
0.438849 0.219728 0.698475 4.14982e-39 3
0.411575 0.222539 0.67253 7.28196e-39 3
0.42783 0.225321 0.680937 6.54835e-39 3
0.444991 0.228427 0.690324 6.4583e-39 3
0.458329 0.229466 0.693464 7.10546e-39 3
0.471183 0.230218 0.695737 5.53813e-39 3
0.410185 0.232723 0.67026 6.72951e-39 3
0.425879 0.235353 0.677833 8.85396e-39 3
0.444782 0.239578 0.690001 6.82601e-39 3
0.458329 0.24078 0.693464 3.69315e-39 3
0.471183 0.241569 0.695737 7.2895e-39 3
0.466962 0.250655 0.689505 8.94902e-39 3
0.481186 0.252214 0.693793 5.81402e-39 3
0.498556 0.233816 0.643185 4.52363e-39 3
0.498737 0.239361 0.630154 2.67937e-39 3
0.499728 0.260021 0.606404 3.60204e-39 3
0.498487 0.269245 0.604899 9.50149e-39 3
0.376742 0.216778 0.689098 4.24705e-39 3
0.386767 0.216098 0.686935 5.53779e-39 3
0.35795 0.230399 0.696284 7.93488e-39 3
0.35991 0.224534 0.678561 4.61619e-39 3
0.3681 0.222791 0.673292 3.41514e-39 3
0.37661 0.221336 0.668895 7.10045e-39 3
0.392031 0.22391 0.676675 7.09686e-39 3
0.399438 0.221892 0.670576 5.15823e-39 3
0.300014 0.240849 0.693662 6.64413e-39 3
0.311332 0.240849 0.693662 7.65829e-39 3
0.322805 0.240965 0.693997 8.20786e-39 3
0.336943 0.242995 0.699843 6.82313e-39 3
0.349561 0.236093 0.679966 7.28736e-39 3
0.359768 0.235513 0.678294 6.82889e-39 3
0.369852 0.234889 0.676496 4.42822e-39 3
0.375386 0.231495 0.666721 4.70302e-39 3
0.385605 0.2311 0.665584 4.88381e-39 3
0.398721 0.232415 0.669373 1.08754e-38 3
0.381936 0.239657 0.659251 4.98139e-39 3
0.392907 0.239788 0.659611 8.02097e-39 3
-0.0961866 0.218411 0.694288 6.4601e-39 3
-0.0852851 0.219508 0.697776 6.64449e-39 3
-0.0953481 0.203741 0.615723 7.19767e-39 3
-0.0843701 0.201515 0.608995 5.99876e-39 3
-0.00522719 0.21581 0.652195 6.27678e-39 3
-0.0931479 0.208854 0.601515 7.3817e-39 3
-0.08323 0.208594 0.600765 5.99732e-39 3
-0.0994619 0.254449 0.642288 6.08988e-39 3
-0.0973599 0.279845 0.628714 4.89242e-39 3
-0.231972 0.218272 0.693847 6.91928e-39 3
-0.219363 0.216997 0.689794 4.8899e-39 3
-0.205398 0.214171 0.680812 3.96902e-39 3
-0.299708 0.206108 0.622875 9.50256e-39 3
-0.289356 0.205973 0.622468 9.03943e-39 3
-0.278702 0.205606 0.621358 9.68263e-39 3
-0.213053 0.221686 0.669952 7.01148e-39 3
-0.201002 0.220457 0.666239 6.91965e-39 3
-0.291086 0.210049 0.604957 8.02599e-39 3
-0.282997 0.211379 0.608788 8.85396e-39 3
-0.274558 0.212536 0.612117 4.97958e-39 3
-0.201002 0.231327 0.666239 4.89206e-39 3
-0.279004 0.287322 0.645512 3.87826e-39 3
-0.395491 0.208967 0.664269 5.72505e-39 3
-0.384292 0.208771 0.663645 5.53922e-39 3
-0.373174 0.208609 0.66313 5.26156e-39 3
-0.379217 0.218316 0.693988 4.61619e-39 3
-0.323654 0.219028 0.696249 4.52255e-39 3
-0.311158 0.218231 0.693716 5.2594e-39 3
-0.30042 0.218654 0.69506 2.77157e-39 3
-0.370674 0.217958 0.658687 4.80059e-39 3
-0.359355 0.217612 0.657641 8.85719e-39 3
-0.33992 0.212178 0.64122 8.11926e-39 3
-0.32636 0.210183 0.635189 7.01328e-39 3
-0.31623 0.210338 0.635659 7.47497e-39 3
-0.390106 0.227503 0.655225 5.63142e-39 3
-0.300058 0.209422 0.60315 7.19802e-39 3
-0.319639 0.254538 0.642512 6.73095e-39 3
-0.321168 0.266288 0.645585 9.12911e-39 3
-0.320177 0.275967 0.643592 7.10332e-39 3
0.931747 0.234913 0.787595 4.89169e-39 3
0.940909 0.233996 0.78452 3.046e-39 3
0.955457 0.234425 0.785958 5.8115e-39 3
0.960141 0.232455 0.779351 7.10332e-39 3
0.971213 0.232062 0.778035 6.55159e-39 3
0.909 0.245095 0.779112 5.99804e-39 3
0.918582 0.244263 0.776467 6.8278e-39 3
0.930783 0.24414 0.776077 7.56465e-39 3
0.941385 0.243607 0.774382 8.671e-39 3
0.945633 0.241466 0.767576 5.7211e-39 3
0.957181 0.24122 0.766794 3.14286e-39 3
0.917391 0.243183 0.734918 3.78607e-39 3
0.986215 0.258054 0.77986 6.27427e-39 3
0.994677 0.273101 0.786551 9.03942e-39 3
0.916052 0.263333 0.724378 4.24346e-39 3
0.943826 0.291002 0.766108 5.62388e-39 3
0.720233 0.237198 0.795256 7.65542e-39 3
0.73204 0.236821 0.79399 9.13162e-39 3
0.740818 0.235493 0.789538 7.4721e-39 3
0.746614 0.233279 0.782115 6.45722e-39 3
0.753543 0.231487 0.776109 1.11592e-38 3
0.777765 0.23498 0.787817 1.03305e-38 3
0.750844 0.223158 0.748184 6.64269e-39 3
0.796168 0.232843 0.780655 5.16756e-39 3
0.710951 0.22286 0.708433 8.02455e-39 3
0.731193 0.225539 0.716946 8.9465e-39 3
0.749369 0.227505 0.723198 7.65577e-39 3
0.780332 0.233233 0.741406 6.36503e-39 3
0.749499 0.232039 0.701241 7.38062e-39 3
0.778029 0.23725 0.716989 4.70838e-39 3
0.784825 0.235777 0.712538 6.3679e-39 3
0.790336 0.233968 0.707068 6.18315e-39 3
0.705903 0.276164 0.727043 2.76979e-39 3
0.761172 0.29375 0.712163 5.80469e-39 3
-0.186486 0.206725 0.693087 5.35304e-39 3
-0.174564 0.206001 0.69066 5.16721e-39 3
-0.163361 0.206084 0.690938 4.06122e-39 3
-0.153237 0.207641 0.696158 5.26084e-39 3
-0.19081 0.210334 0.668614 5.63033e-39 3
-0.179492 0.209857 0.667096 6.91929e-39 3
-0.168608 0.209857 0.667096 1.21709e-38 3
-0.157724 0.209857 0.667096 1.3185e-38 3
-0.147121 0.210258 0.668371 5.62641e-39 3
-0.137203 0.211782 0.673215 7.56538e-39 3
-0.12923 0.216834 0.689276 4.15485e-39 3
-0.108253 0.219911 0.699057 4.24741e-39 3
-0.188127 0.218133 0.659216 6.27427e-39 3
-0.176067 0.216528 0.654364 8.85396e-39 3
-0.165102 0.21615 0.653222 2.8591e-39 3
-0.154582 0.216343 0.653807 9.95817e-39 3
-0.14473 0.217569 0.657512 5.16543e-39 3
-0.135469 0.21995 0.664706 6.82817e-39 3
-0.128039 0.225978 0.682924 5.44559e-39 3
-0.111632 0.215801 0.652168 6.92144e-39 3
-0.187954 0.228678 0.658608 5.8133e-39 3
-0.175037 0.225876 0.650539 2.95273e-39 3
-0.162401 0.223098 0.642537 2.30844e-39 3
-0.151297 0.222187 0.639914 5.81187e-39 3
-0.141634 0.223413 0.643445 4.3371e-39 3
-0.133671 0.227733 0.655887 7.3817e-39 3
-0.124888 0.231284 0.666116 7.3817e-39 3
-0.106916 0.216874 0.624612 5.81437e-39 3
-0.13996 0.231147 0.63584 6.73454e-39 3
-0.104951 0.246376 0.677732 4.24597e-39 3
-0.102817 0.252199 0.663952 7.65756e-39 3
-0.108868 0.262343 0.636019 5.71861e-39 3
-0.108341 0.271399 0.632939 6.45652e-39 3
-0.399499 0.231914 0.777538 7.19802e-39 3
-0.388983 0.233215 0.7819 5.72361e-39 3
-0.377474 0.233989 0.784494 6.92288e-39 3
-0.346562 0.222367 0.74553 5.17044e-39 3
-0.325706 0.216587 0.726152 6.36754e-39 3
-0.313801 0.216547 0.726019 4.4318e-39 3
-0.306223 0.219608 0.736279 6.18424e-39 3
-0.389782 0.231305 0.735277 4.70802e-39 3
-0.376901 0.230764 0.733556 5.44595e-39 3
-0.360864 0.228191 0.725378 4.15593e-39 3
-0.339894 0.222219 0.706393 6.83068e-39 3
-0.300884 0.227582 0.723443 5.63142e-39 3
-0.487818 0.20044 0.672015 5.16613e-39 3
-0.489566 0.212162 0.674424 4.33817e-39 3
-0.47225 0.209363 0.665527 7.01291e-39 3
-0.460968 0.209171 0.664917 6.09203e-39 3
-0.456723 0.21224 0.674671 7.19766e-39 3
-0.448057 0.213355 0.678215 4.2467e-39 3
-0.430365 0.21012 0.667932 6.73598e-39 3
-0.417347 0.209057 0.664555 6.82924e-39 3
-0.406329 0.208967 0.664269 4.24956e-39 3
-0.488461 0.200167 0.604919 4.33602e-39 3
-0.48265 0.201864 0.610049 5.16792e-39 3
-0.476591 0.203527 0.615075 5.17044e-39 3
-0.481217 0.211189 0.608238 8.1207e-39 3
-0.473989 0.212396 0.611717 6.37006e-39 3
-0.465039 0.262882 0.613075 6.73597e-39 3
-0.452374 0.271288 0.609489 8.6728e-39 3
-0.51495 0.206937 0.693798 6.91785e-39 3
-0.534481 0.208226 0.661911 4.70553e-39 3
-0.514042 0.204393 0.649728 4.1527e-39 3
-0.516534 0.209708 0.666624 7.01435e-39 3
-0.513066 0.212781 0.676391 5.35411e-39 3
-0.508881 0.215684 0.685621 6.55086e-39 3
-0.563249 0.226242 0.683722 5.16471e-39 3
-0.55748 0.239714 0.690394 8.57845e-39 3
-0.533656 0.241285 0.63522 7.56287e-39 3
-0.529538 0.249707 0.630318 8.85648e-39 3
-0.529538 0.259991 0.630318 7.84304e-39 3
-0.218051 0.215431 0.764071 6.5523e-39 3
-0.258334 0.219746 0.736744 5.99841e-39 3
-0.246315 0.219748 0.736748 3.78571e-39 3
-0.253465 0.237728 0.797031 6.36467e-39 3
-0.240268 0.237536 0.796388 7.19623e-39 3
-0.202526 0.211671 0.70967 7.2895e-39 3
-0.250147 0.224421 0.713395 3.97154e-39 3
-0.254569 0.251958 0.761436 4.98461e-39 3
-0.239133 0.261091 0.751961 6.27535e-39 3
-0.469273 0.200278 0.710329 8.39298e-39 3
-0.454661 0.209569 0.743282 6.64521e-39 3
-0.408391 0.210356 0.705262 6.64701e-39 3
-0.413024 0.218911 0.733942 5.35483e-39 3
-0.418405 0.228384 0.765705 7.01327e-39 3
-0.415973 0.234045 0.784684 6.36862e-39 3
-0.429088 0.245197 0.741005 2.95739e-39 3
0.603376 0.206774 0.778412 8.29971e-39 3
0.627376 0.210567 0.79269 7.28736e-39 3
0.600081 0.213776 0.758202 9.22274e-39 3
0.618543 0.215902 0.765743 7.5643e-39 3
0.613833 0.226657 0.759913 8.85396e-39 3
0.690217 0.23581 0.7906 8.39298e-39 3
0.610469 0.233038 0.740786 7.28592e-39 3
0.629256 0.235546 0.748758 6.73274e-39 3
0.620734 0.227931 0.724551 5.3516e-39 3
0.62856 0.226492 0.719975 1.03302e-38 3
0.644196 0.227867 0.724348 7.28627e-39 3
0.659491 0.229075 0.728187 8.57665e-39 3
0.667085 0.227612 0.723538 7.74905e-39 3
0.673235 0.225716 0.71751 6.64378e-39 3
0.681881 0.224708 0.714305 8.11819e-39 3
0.687504 0.222753 0.708092 8.94758e-39 3
0.697177 0.222154 0.706188 7.65577e-39 3
0.626261 0.233012 0.704182 7.65614e-39 3
0.642356 0.234695 0.709267 4.33781e-39 3
0.654152 0.234775 0.70951 2.77193e-39 3
0.663677 0.234052 0.707323 7.19696e-39 3
0.669685 0.232134 0.701528 5.62855e-39 3
0.597908 0.209306 0.787944 8.29648e-39 3
0.579019 0.224811 0.797339 5.62998e-39 3
0.573805 0.217891 0.772797 6.54763e-39 3
0.585695 0.217624 0.771849 8.11137e-39 3
0.592734 0.215603 0.764684 1.06039e-38 3
0.514117 0.216016 0.724237 6.64234e-39 3
0.534651 0.219596 0.736242 7.65721e-39 3
0.558339 0.224286 0.751966 6.36431e-39 3
0.577417 0.226963 0.76094 7.65326e-39 3
0.586717 0.225764 0.75692 1.1618e-38 3
0.594332 0.22398 0.750938 6.45616e-39 3
0.509283 0.22569 0.717427 9.5022e-39 3
0.527998 0.228727 0.72708 6.82745e-39 3
0.547969 0.232162 0.738 8.85359e-39 3
0.568537 0.235697 0.749237 5.81042e-39 3
0.582355 0.236344 0.751294 6.54835e-39 3
0.588866 0.23406 0.744033 6.36468e-39 3
0.597631 0.232745 0.739855 7.83981e-39 3
0.501958 0.233981 0.707108 5.90513e-39 3
0.519427 0.236684 0.715278 5.90513e-39 3
0.536095 0.238911 0.722009 8.66992e-39 3
0.555711 0.242328 0.732335 7.65505e-39 3
0.574135 0.245093 0.74069 1.14351e-38 3
0.581263 0.24302 0.734426 7.01113e-39 3
0.582916 0.238789 0.721639 4.42929e-39 3
0.588045 0.236121 0.713575 6.8253e-39 3
0.59531 0.234397 0.708366 6.82458e-39 3
0.500852 0.244977 0.705551 7.10153e-39 3
0.514871 0.246176 0.709004 6.91749e-39 3
0.527233 0.246547 0.710073 8.20894e-39 3
0.537276 0.245841 0.70804 4.15341e-39 3
0.508748 0.279826 0.769749 6.36611e-39 3
0.575597 0.281812 0.77521 4.79735e-39 3
0.552758 0.270872 0.713111 5.62891e-39 3
-0.0937424 0.203734 0.76697 5.26263e-39 3
-0.0815634 0.204574 0.77013 4.8935e-39 3
-0.0711639 0.210995 0.794302 6.09204e-39 3
-0.0937424 0.216248 0.76697 6.64485e-39 3
-0.0815634 0.217139 0.77013 6.73669e-39 3
-0.0706297 0.222273 0.78834 5.44631e-39 3
-0.0190974 0.234115 0.784918 8.30402e-39 3
-0.0062242 0.231631 0.776592 7.56501e-39 3
-0.144319 0.204474 0.769755 4.98605e-39 3
-0.106093 0.203421 0.76579 6.18459e-39 3
-0.196859 0.206287 0.73164 6.27572e-39 3
-0.182546 0.203636 0.722239 6.55194e-39 3
-0.168191 0.20057 0.711366 5.90728e-39 3
-0.157432 0.201656 0.715215 5.44703e-39 3
-0.147046 0.203431 0.721512 5.81581e-39 3
-0.137774 0.207191 0.734847 6.55373e-39 3
-0.130958 0.215712 0.765069 4.98604e-39 3
-0.121437 0.221104 0.784193 7.10655e-39 3
-0.106047 0.215823 0.765464 5.908e-39 3
-0.143365 0.209816 0.703449 5.81474e-39 3
-0.136139 0.216579 0.726124 3.97046e-39 3
-0.126955 0.221219 0.741682 7.2895e-39 3
-0.121671 0.234351 0.785708 7.19767e-39 3
-0.120162 0.220836 0.701997 4.80059e-39 3
-0.169574 0.260729 0.717216 7.56466e-39 3
-0.157566 0.271902 0.715824 6.64126e-39 3
-0.197304 0.238104 0.896356 6.4601e-39 3
-0.172298 0.224573 0.845416 6.82924e-39 3
-0.140403 0.217887 0.820249 4.34067e-39 3
-0.124835 0.21414 0.806141 5.53922e-39 3
-0.11311 0.243518 0.816443 6.27607e-39 3
-0.10107 0.246644 0.826926 6.36755e-39 3
-0.285534 0.238507 0.897872 5.16972e-39 3
-0.291422 0.245767 0.871666 7.38134e-39 3
-0.27584 0.244561 0.867387 1.12528e-38 3
-0.25339 0.236806 0.839882 6.92037e-39 3
-0.294986 0.239766 0.803865 4.33781e-39 3
-0.294472 0.252442 0.802466 2.77193e-39 3
-0.399594 0.23665 0.890883 5.62819e-39 3
-0.396732 0.249386 0.884502 6.18423e-39 3
-0.324817 0.249571 0.885158 5.53599e-39 3
-0.305495 0.245647 0.871241 5.72218e-39 3
-0.335456 0.250395 0.839501 5.6307e-39 3
-0.344092 0.267774 0.897767 5.35125e-39 3
-0.335343 0.264003 0.839218 4.52435e-39 3
-0.344092 0.282422 0.897767 8.02599e-39 3
-0.517637 0.208135 0.783538 6.27642e-39 3
-0.589389 0.205799 0.72991 3.87828e-39 3
-0.579303 0.206449 0.732214 4.43181e-39 3
-0.567035 0.206332 0.7318 6.18459e-39 3
-0.553074 0.20558 0.729135 4.98353e-39 3
-0.536719 0.203887 0.723128 1.00536e-38 3
-0.514982 0.200026 0.709436 5.81258e-39 3
-0.595219 0.211322 0.708499 7.75085e-39 3
-0.596117 0.215832 0.723621 7.47426e-39 3
-0.588841 0.217505 0.729231 8.57989e-39 3
-0.578921 0.218251 0.731731 4.33889e-39 3
-0.560835 0.215885 0.723797 5.35483e-39 3
-0.536794 0.211075 0.707673 5.8133e-39 3
-0.519871 0.242429 0.732638 5.6307e-39 3
-0.513299 0.251166 0.723376 7.01328e-39 3
-0.647382 0.200796 0.755909 4.3414e-39 3
-0.639994 0.20236 0.761796 5.07789e-39 3
-0.62213 0.200607 0.755199 3.78715e-39 3
-0.62269 0.201168 0.713485 5.35304e-39 3
-0.61219 0.201544 0.714818 3.60276e-39 3
-0.608085 0.20408 0.723814 5.07754e-39 3
-0.600811 0.205632 0.72932 4.80095e-39 3
-0.656846 0.250829 0.797339 8.39372e-39 3
1.14903 0.245542 0.984848 7.84088e-39 3
1.13872 0.236717 0.94945 8.57989e-39 3
1.19584 0.235763 0.945623 2.21338e-39 3
1.1101 0.242569 0.913164 8.76141e-39 3
1.16753 0.245245 0.923238 7.74583e-39 3
1.15262 0.256984 0.91145 6.91822e-39 3
1.19018 0.261977 0.929156 7.47177e-39 3
1.19124 0.277384 0.929988 8.67138e-39 3
1.18807 0.291779 0.927513 7.01221e-39 3
0.703587 0.221641 0.888982 7.74869e-39 3
0.710089 0.219171 0.879076 7.4721e-39 3
0.721917 0.21841 0.876025 8.76068e-39 3
0.755158 0.224032 0.898571 6.17381e-39 3
0.751804 0.237632 0.89458 7.83585e-39 3
0.775601 0.227488 0.856392 7.74796e-39 3
0.786875 0.22671 0.853465 7.19551e-39 3
0.723367 0.242687 0.860742 9.50041e-39 3
0.737285 0.242646 0.860596 5.53526e-39 3
0.725814 0.234407 0.831373 7.01039e-39 3
0.748192 0.237201 0.841283 9.59188e-39 3
0.745243 0.23201 0.822872 1.00525e-38 3
0.754287 0.230669 0.818119 7.47246e-39 3
0.780708 0.234598 0.832051 8.57917e-39 3
0.713403 0.253195 0.848886 7.47246e-39 3
0.715438 0.239942 0.804454 9.59009e-39 3
0.151748 0.22066 0.885047 5.99734e-39 3
0.15116 0.21384 0.805012 5.16721e-39 3
0.163546 0.212866 0.801346 8.30007e-39 3
0.179194 0.215968 0.813024 8.02492e-39 3
0.190699 0.213993 0.805588 6.82817e-39 3
0.0651599 0.220839 0.885765 5.90693e-39 3
0.0756667 0.209895 0.841872 4.89313e-39 3
0.00714726 0.228718 0.861023 7.93092e-39 3
0.0210572 0.227227 0.85541 8.11891e-39 3
0.0346136 0.22463 0.845634 7.01291e-39 3
0.04735 0.219709 0.827106 5.81473e-39 3
0.059742 0.215726 0.812114 5.0768e-39 3
0.00684643 0.232549 0.824783 6.54763e-39 3
0.0201839 0.231181 0.819933 4.52256e-39 3
0.0333877 0.229983 0.815684 5.99804e-39 3
0.0458924 0.226025 0.801645 7.93487e-39 3
-0.0505837 0.221403 0.88803 7.014e-39 3
-0.035116 0.215399 0.863945 7.47426e-39 3
-0.0206049 0.224961 0.84688 5.8133e-39 3
-0.00689164 0.228412 0.859868 4.52005e-39 3
-0.0606559 0.233387 0.827757 6.46081e-39 3
-0.0470638 0.232958 0.826236 7.56753e-39 3
-0.0334313 0.231905 0.822499 5.72326e-39 3
-0.0199941 0.2317 0.821773 5.62963e-39 3
-0.00660942 0.232513 0.824656 5.35052e-39 3
-0.0882978 0.24867 0.833717 5.81402e-39 3
-0.0746667 0.248575 0.833399 6.36755e-39 3
-0.0602529 0.245252 0.822258 5.07716e-39 3
-0.0458971 0.240329 0.805753 6.09168e-39 3
-0.0326305 0.239448 0.802797 6.92144e-39 3
-0.00680477 0.26709 0.849029 6.7374e-39 3
-0.551796 0.208243 0.835244 6.3679e-39 3
-0.548716 0.212324 0.851614 3.60311e-39 3
-0.538243 0.213682 0.857062 3.51091e-39 3
-0.524767 0.213889 0.857891 3.23361e-39 3
-0.508393 0.212894 0.8539 7.19696e-39 3
-0.54621 0.225186 0.847725 7.10583e-39 3
-0.534149 0.225934 0.850543 4.70946e-39 3
-0.51882 0.225304 0.84817 5.17044e-39 3
-0.503613 0.224693 0.84587 5.81473e-39 3
-0.787646 0.22088 0.885932 5.07716e-39 3
-0.701986 0.200539 0.804343 7.29093e-39 3
-0.707592 0.205991 0.826213 6.83031e-39 3
-0.745405 0.222714 0.838419 5.35375e-39 3
-0.773445 0.25948 0.869959 2.58754e-39 3
0.248745 0.229053 0.983042 6.27535e-39 3
0.261896 0.226555 0.972322 5.35411e-39 3
0.216972 0.245437 0.984426 3.50948e-39 3
0.231836 0.244176 0.97937 6.64485e-39 3
0.245626 0.242019 0.970718 7.7512e-39 3
0.260253 0.240898 0.966221 5.53814e-39 3
0.273062 0.238318 0.955874 6.36647e-39 3
0.283516 0.234074 0.93885 6.82566e-39 3
0.297048 0.232675 0.933239 9.40427e-39 3
0.186883 0.2319 0.99526 6.18352e-39 3
0.178757 0.237349 0.951985 6.73669e-39 3
0.199063 0.24318 0.975374 6.73525e-39 3
-0.0558086 0.228287 0.979757 6.64485e-39 3
-0.039166 0.22452 0.963587 5.72254e-39 3
-0.0234483 0.224556 0.963743 7.56466e-39 3
-0.00784072 0.227945 0.978285 7.46851e-39 3
-0.0869622 0.241999 0.970636 5.53887e-39 3
-0.0697713 0.237391 0.952154 5.07824e-39 3
-0.0225119 0.230685 0.925258 7.10368e-39 3
-0.00751915 0.233903 0.938163 7.65434e-39 3
-0.0373696 0.244222 0.91939 4.15593e-39 3
-0.47246 0.207662 0.891239 5.99769e-39 3
-0.457654 0.207543 0.890725 5.62783e-39 3
-0.444164 0.208031 0.89282 7.65434e-39 3
-0.43153 0.208967 0.896837 7.09793e-39 3
-0.416616 0.208826 0.896232 8.84749e-39 3
-0.49348 0.212472 0.852206 2.95237e-39 3
-0.481718 0.213421 0.856012 1.06968e-38 3
-0.471953 0.215337 0.8637 4.79807e-39 3
-0.411906 0.220922 0.8861 1.04181e-38 3
-0.40059 0.222668 0.893102 5.1629e-39 3
-0.486535 0.22319 0.840211 6.18172e-39 3
-0.472354 0.222967 0.839373 7.47247e-39 3
-0.460303 0.223766 0.842381 5.99841e-39 3
-0.446975 0.223975 0.843166 9.40893e-39 3
-0.436494 0.225668 0.849542 9.3135e-39 3
-0.428363 0.228728 0.861059 8.48446e-39 3
-0.419186 0.231417 0.871182 6.27248e-39 3
-0.408513 0.233441 0.878801 8.48517e-39 3
-0.484705 0.22954 0.814113 5.44631e-39 3
-0.480879 0.234144 0.830443 5.17116e-39 3
-0.46726 0.23411 0.830321 3.69531e-39 3
-0.45343 0.233964 0.829803 2.86484e-39 3
-0.437816 0.23286 0.825888 4.24704e-39 3
-0.427317 0.234493 0.83168 6.45902e-39 3
-0.420009 0.238042 0.844267 6.73633e-39 3
-0.410695 0.240656 0.853537 6.0002e-39 3
-0.401288 0.243396 0.863257 3.69531e-39 3
-0.298527 0.203411 0.938728 4.79987e-39 3
-0.284917 0.204637 0.944383 5.3534e-39 3
-0.271142 0.205877 0.950106 5.81474e-39 3
-0.25564 0.205877 0.950106 5.81439e-39 3
-0.243085 0.208403 0.961764 5.35376e-39 3
-0.230218 0.210992 0.973711 6.09133e-39 3
-0.217028 0.213646 0.985959 5.35376e-39 3
-0.291779 0.213783 0.917508 6.45831e-39 3
-0.278676 0.215225 0.923696 6.18208e-39 3
-0.267403 0.218326 0.937006 6.45975e-39 3
-0.252918 0.219021 0.939987 6.55267e-39 3
-0.2386 0.21996 0.944017 1.84998e-39 3
-0.224761 0.2215 0.950628 6.27572e-39 3
-0.213417 0.22591 0.969555 4.89278e-39 3
-0.201984 0.230925 0.991079 7.659e-39 3
-0.290241 0.227547 0.912673 7.2895e-39 3
-0.277523 0.229343 0.919877 6.45867e-39 3
-0.265828 0.232238 0.931485 8.02492e-39 3
-0.25141 0.232961 0.934385 7.84232e-39 3
-0.237172 0.233953 0.938366 6.09061e-39 3
-0.223406 0.235582 0.944898 6.1828e-39 3
-0.212154 0.240299 0.963819 6.36755e-39 3
-0.201529 0.246539 0.988846 6.09131e-39 3
-0.271686 0.239212 0.900527 6.09061e-39 3
-0.261079 0.243015 0.914845 7.56574e-39 3
-0.247542 0.244386 0.920006 5.07717e-39 3
-0.233064 0.244946 0.922114 6.6445e-39 3
-0.218326 0.245291 0.923414 3.97082e-39 3
-0.586325 0.187678 0.866119 6.36861e-39 3
-0.564297 0.189775 0.875796 6.18459e-39 3
-0.550008 0.189775 0.875796 6.73812e-39 3
-0.532743 0.188721 0.870931 5.63105e-39 3
-0.518533 0.188721 0.870931 5.90657e-39 3
-0.512871 0.191919 0.885692 4.70839e-39 3
-0.59176 0.194314 0.833949 6.6452e-39 3
-0.579483 0.19476 0.835867 5.63105e-39 3
-0.571331 0.196649 0.84397 4.34031e-39 3
-0.562252 0.198303 0.851071 5.63105e-39 3
-0.549631 0.198761 0.853034 5.6325e-39 3
-0.538243 0.199699 0.857062 5.35591e-39 3
-0.524869 0.199931 0.858059 7.10583e-39 3
-0.510158 0.199653 0.856864 6.55159e-39 3
-0.64658 0.19301 0.890725 6.55301e-39 3
-0.621454 0.189775 0.875796 5.35446e-39 3
-0.600456 0.187678 0.866119 8.30472e-39 3
-0.689821 0.19511 0.837368 6.55301e-39 3
-0.602156 0.193283 0.829526 5.44666e-39 3
-0.588681 0.168167 0.776077 6.46081e-39 3
-0.584703 0.170702 0.787776 8.02814e-39 3
-0.597017 0.175826 0.754604 5.72361e-39 3
-0.577117 0.173544 0.74481 4.6169e-39 3
-0.569788 0.175026 0.75117 3.97153e-39 3
-0.578543 0.181621 0.779477 2.49642e-39 3
-0.593253 0.186952 0.749847 9.13413e-39 3
-0.571868 0.184007 0.738037 6.27714e-39 3
-0.562054 0.184739 0.740973 6.6452e-39 3
-0.555359 0.186552 0.748242 4.43323e-39 3
-0.54352 0.186678 0.74875 6.92179e-39 3
-0.523399 0.183901 0.73761 4.79949e-39 3
-0.513095 0.184523 0.740106 5.62998e-39 3
-0.5293 0.194939 0.781883 4.89277e-39 3
-0.586005 0.196752 0.740685 4.70839e-39 3
-0.568439 0.194873 0.733611 5.44631e-39 3
-0.556252 0.194797 0.733325 5.53706e-39 3
-0.549208 0.196558 0.739954 6.45974e-39 3
-0.533013 0.19505 0.734276 2.8634e-39 3
-0.50393 0.188647 0.710172 3.23326e-39 3
-0.614006 0.168167 0.776077 7.01435e-39 3
-0.601343 0.168167 0.776077 7.9363e-39 3
-0.624674 0.180254 0.773607 6.18387e-39 3
-0.650229 0.19679 0.789308 5.35483e-39 3
-0.613365 0.189384 0.759603 6.46046e-39 3
-0.646619 0.19681 0.740903 5.72325e-39 3
-0.601963 0.198026 0.745482 4.61691e-39 3
-0.733776 0.19301 0.890725 4.80129e-39 3
-0.719244 0.19301 0.890725 4.98605e-39 3
-0.728994 0.194626 0.835289 6.46081e-39 3
-0.732189 0.199203 0.854932 5.63177e-39 3
-0.716197 0.198636 0.852501 5.63105e-39 3
-0.78631 0.195228 0.900963 3.6928e-39 3
-0.785147 0.198653 0.916769 7.56609e-39 3
-0.75691 0.195228 0.900963 9.41107e-39 3
0.994833 0.205307 1.02462 6.92109e-39 3
0.917241 0.223485 1.03137 6.91677e-39 3
0.946522 0.226465 1.04512 6.54907e-39 3
0.963574 0.226465 1.04512 9.03799e-39 3
0.974131 0.224965 1.0382 9.31493e-39 3
0.99107 0.224965 1.0382 6.36575e-39 3
0.975701 0.217755 1.00492 7.75013e-39 3
0.906302 0.233169 1.00071 8.02312e-39 3
0.945978 0.23907 1.02603 8.0242e-39 3
0.967667 0.240299 1.03131 7.932e-39 3
0.975797 0.238176 1.0222 9.22274e-39 3
0.955617 0.249583 1.00106 7.65542e-39 3
0.582345 0.234418 1.16991 7.65505e-39 3
0.567549 0.239223 1.104 6.4601e-39 3
0.585562 0.239223 1.104 5.81616e-39 3
0.445322 0.19881 0.992199 6.9182e-39 3
0.455742 0.196325 0.979797 6.18208e-39 3
0.471728 0.196325 0.979797 5.81185e-39 3
0.315607 0.209413 1.04512 4.98497e-39 3
0.332659 0.209413 1.04512 5.53815e-39 3
0.385448 0.201359 1.00492 4.98282e-39 3
0.303468 0.217755 1.00492 6.36647e-39 3
-0.194648 0.208026 1.0382 3.50948e-39 3
-0.189625 0.219159 1.0114 5.63106e-39 3
-0.175386 0.222024 1.02462 4.89493e-39 3
-0.16077 0.224965 1.0382 4.98677e-39 3
-0.145762 0.227985 1.05213 4.33961e-39 3
-0.129465 0.229525 1.05924 5.5385e-39 3
-0.112183 0.229525 1.05924 5.81437e-39 3
-0.173073 0.235593 1.01111 4.15773e-39 3
-0.158686 0.238767 1.02473 5.81653e-39 3
-0.142859 0.240269 1.03118 6.46011e-39 3
-0.126878 0.241877 1.03808 5.81437e-39 3
-0.109989 0.241981 1.03853 7.93487e-39 3
-0.187888 0.249853 1.00214 5.17044e-39 3
-0.173427 0.252606 1.01318 4.80166e-39 3
-0.158866 0.255776 1.0259 6.46117e-39 3
-0.142802 0.25699 1.03077 6.82924e-39 3
-0.124962 0.254904 1.0224 6.27679e-39 3
-0.106048 0.249647 1.00131 6.73741e-39 3
-0.253993 0.201359 1.00492 6.55302e-39 3
-0.23913 0.202658 1.0114 5.8151e-39 3
-0.222628 0.202658 1.0114 5.07754e-39 3
-0.208821 0.205307 1.02462 4.52472e-39 3
-0.204805 0.217755 1.00492 5.35376e-39 3
-0.368764 0.201359 1.00492 3.78464e-39 3
-0.352369 0.201359 1.00492 4.1545e-39 3
-0.335973 0.201359 1.00492 6.5523e-39 3
-0.335973 0.217755 1.00492 3.60132e-39 3
-0.382707 0.200076 0.998519 4.61368e-39 3
-0.317541 0.200076 0.998519 5.5378e-39 3
-0.30125 0.200076 0.998519 4.98533e-39 3
-0.385802 0.201004 0.927618 6.08809e-39 3
-0.372874 0.202201 0.93314 5.35053e-39 3
-0.361958 0.204637 0.944383 6.36468e-39 3
-0.355107 0.20969 0.967701 4.61404e-39 3
-0.339318 0.20969 0.967701 6.27392e-39 3
-0.394461 0.212648 0.912635 6.36324e-39 3
-0.382597 0.214344 0.919913 4.89134e-39 3
-0.368954 0.21514 0.92333 4.89099e-39 3
-0.35627 0.216587 0.929541 7.3799e-39 3
-0.344063 0.218466 0.937605 5.2594e-39 3
-0.327865 0.217868 0.935038 6.45866e-39 3
-0.308462 0.214978 0.922635 7.3817e-39 3
-0.390503 0.225255 0.903479 7.19408e-39 3
-0.376941 0.225962 0.906314 6.27572e-39 3
-0.363361 0.226715 0.909333 5.90765e-39 3
-0.350695 0.228127 0.914996 6.73525e-39 3
-0.339798 0.230866 0.925983 6.36647e-39 3
-0.324349 0.230623 0.92501 5.169e-39 3
-0.305798 0.228044 0.914666 6.92072e-39 3
-0.389133 0.239154 0.900309 6.08988e-39 3
-0.375198 0.239636 0.902123 7.84304e-39 3
-0.361887 0.240571 0.905644 8.30366e-39 3
-0.347312 0.240711 0.906171 4.98317e-39 3
-0.332738 0.240864 0.906746 4.24632e-39 3
-0.319453 0.242007 0.911048 4.52398e-39 3
-0.301824 0.23981 0.902779 6.55229e-39 3
-0.391611 0.25546 0.906042 7.10583e-39 3
-0.379035 0.256955 0.911347 4.80058e-39 3
-0.364927 0.257492 0.913252 8.76463e-39 3
-0.348861 0.256635 0.910212 1.06057e-38 3
-0.786188 0.212243 1.05924 7.38277e-39 3
-0.768906 0.212243 1.05924 5.72253e-39 3
-0.746579 0.210818 1.05213 7.01291e-39 3
-0.729413 0.210818 1.05213 6.4601e-39 3
1.04253 0.197631 1.07375 7.65793e-39 3
1.06005 0.197631 1.07375 6.73633e-39 3
1.06588 0.192361 1.04512 7.84053e-39 3
1.08294 0.192361 1.04512 4.70408e-39 3
0.670899 0.201778 1.09628 8.76284e-39 3
0.661645 0.216634 1.08116 6.45866e-39 3
0.665516 0.212243 1.05924 6.4583e-39 3
0.682798 0.212243 1.05924 6.82565e-39 3
0.613669 0.229525 1.05924 5.72325e-39 3
0.635244 0.231087 1.06645 4.06265e-39 3
0.63959 0.226465 1.04512 4.52363e-39 3
0.652294 0.224965 1.0382 4.15485e-39 3
0.669232 0.224965 1.0382 4.89134e-39 3
0.686171 0.224965 1.0382 6.91964e-39 3
0.698484 0.223485 1.03137 6.27283e-39 3
0.620601 0.242758 1.04186 7.47317e-39 3
0.638685 0.243172 1.04364 7.10439e-39 3
0.649903 0.241017 1.03439 5.90585e-39 3
0.657513 0.237668 1.02002 7.7494e-39 3
0.672342 0.237028 1.01727 7.84016e-39 3
0.680102 0.233988 1.00422 9.58865e-39 3
0.630077 0.250027 1.00284 7.56537e-39 3
0.673781 0.220261 1.1967 8.20822e-39 3
0.688053 0.218592 1.18763 5.34836e-39 3
0.676672 0.209088 1.136 8.85396e-39 3
0.601433 0.234418 1.16991 4.9821e-39 3
0.673781 0.239786 1.1967 6.18171e-39 3
0.672763 0.232681 1.16124 6.54942e-39 3
0.676672 0.227623 1.136 8.39478e-39 3
0.168897 0.200376 1.08866 5.07645e-39 3
0.151135 0.218139 1.08866 5.62963e-39 3
0.168897 0.218139 1.08866 5.62963e-39 3
0.176835 0.206658 1.03137 4.43108e-39 3
0.192397 0.205307 1.02462 5.16937e-39 3
0.14705 0.229525 1.05924 5.26084e-39 3
0.158962 0.222024 1.02462 6.92037e-39 3
0.175679 0.222024 1.02462 4.0623e-39 3
0.192397 0.222024 1.02462 4.98497e-39 3
0.108103 0.237191 1.01797 5.72289e-39 3
0.124894 0.237537 1.01945 6.73633e-39 3
0.144554 0.242618 1.04126 6.36719e-39 3
0.160289 0.240734 1.03318 4.43109e-39 3
0.171949 0.233672 1.00286 4.70767e-39 3
0.044873 0.201778 1.09628 6.09133e-39 3
0.00861794 0.208026 1.0382 6.64019e-39 3
0.0257272 0.209413 1.04512 5.4456e-39 3
0.0439509 0.21515 1.07375 5.62963e-39 3
0.00856125 0.223485 1.03137 1.00496e-38 3
0.0255568 0.224965 1.0382 6.55015e-39 3
0.043357 0.229525 1.05924 8.76356e-39 3
0.0627595 0.23755 1.09628 7.01184e-39 3
0.0249993 0.236627 1.01555 6.91964e-39 3
0.0418313 0.238122 1.02196 6.55266e-39 3
0.0585693 0.238383 1.02308 6.82853e-39 3
0.074935 0.237348 1.01864 5.53779e-39 3
0.0914943 0.237191 1.01797 5.90729e-39 3
-0.0620121 0.200376 1.08866 1.03248e-38 3
-0.0442499 0.200376 1.08866 5.81114e-39 3
-0.096864 0.216634 1.08116 3.5041e-39 3
-0.0781463 0.213687 1.06645 4.5186e-39 3
-0.0595316 0.209413 1.04512 4.70444e-39 3
-0.0421986 0.208026 1.0382 4.43109e-39 3
-0.0250935 0.206658 1.03137 6.27536e-39 3
-0.00821212 0.205307 1.02462 7.47068e-39 3
-0.0936352 0.226465 1.04512 5.62855e-39 3
-0.0765834 0.226465 1.04512 6.27392e-39 3
-0.0587483 0.223485 1.03137 6.275e-39 3
-0.0416469 0.222024 1.02462 5.62999e-39 3
-0.0249295 0.222024 1.02462 5.72147e-39 3
-0.00815879 0.220583 1.01797 5.90298e-39 3
-0.0926046 0.240836 1.03361 5.99841e-39 3
-0.0743679 0.236472 1.01488 7.01292e-39 3
-0.125781 0.218592 1.18763 6.91604e-39 3
-0.106404 0.218592 1.18763 1.14311e-38 3
-0.190313 0.22278 1.11183 5.35447e-39 3
-0.172173 0.22278 1.11183 5.9073e-39 3
-0.156249 0.225985 1.12782 5.5378e-39 3
-0.136863 0.224371 1.11977 3.97046e-39 3
-0.117752 0.22278 1.11183 3.96794e-39 3
-0.383515 0.192361 1.04512 6.6427e-39 3
-0.366463 0.192361 1.04512 5.26085e-39 3
-0.354133 0.194961 1.05924 6.18352e-39 3
-0.327987 0.18983 1.03137 5.9073e-39 3
-0.307118 0.187365 1.01797 5.35483e-39 3
-0.42338 0.187365 1.01797 5.26012e-39 3
-0.414853 0.191087 1.0382 7.65829e-39 3
-0.400567 0.192361 1.04512 6.73597e-39 3
1.49604 0.23479 1.39971 9.68229e-39 3
1.49223 0.23067 1.37515 8.29828e-39 3
1.48855 0.226693 1.35144 9.59045e-39 3
1.48499 0.222851 1.32854 8.02348e-39 3
1.48156 0.219137 1.3064 7.93273e-39 3
1.4224 0.248743 1.35144 5.71644e-39 3
1.41997 0.244527 1.32854 2.12083e-39 3
1.44164 0.244527 1.32854 6.63947e-39 3
1.48855 0.248743 1.35144 7.7469e-39 3
1.48499 0.244527 1.32854 7.93201e-39 3
1.48156 0.240452 1.3064 8.94723e-39 3
1.41181 0.248079 1.47894 7.6572e-39 3
1.43594 0.248079 1.47894 6.82745e-39 3
1.49998 0.239058 1.42516 7.83909e-39 3
1.11794 0.207058 1.23439 6.55229e-39 3
1.13808 0.207058 1.23439 7.38098e-39 3
1.13808 0.227198 1.23439 5.16935e-39 3
0.703545 0.187832 1.11977 5.8115e-39 3
0.721815 0.187832 1.11977 7.10152e-39 3
0.745409 0.189183 1.12782 7.37881e-39 3
0.666049 0.217326 1.2956 7.37811e-39 3
0.681555 0.215544 1.28498 7.19443e-39 3
0.696809 0.213792 1.27453 5.4438e-39 3
0.666049 0.238464 1.2956 8.39226e-39 3
0.681555 0.23651 1.28498 7.56465e-39 3
0.696809 0.234587 1.27453 7.65577e-39 3
0.687188 0.259603 1.2956 8.58059e-39 3
0.501082 0.219137 1.3064 1.06993e-38 3
0.540411 0.226693 1.35144 5.62998e-39 3
0.572328 0.23067 1.37515 6.8278e-39 3
0.594765 0.23067 1.37515 6.54942e-39 3
0.596279 0.222851 1.32854 5.90513e-39 3
0.40241 0.212068 1.26425 2.58646e-39 3
0.423037 0.212068 1.26425 6.36575e-39 3
0.443664 0.212068 1.26425 3.59988e-39 3
0.471903 0.215544 1.28498 7.3799e-39 3
0.403512 0.221955 1.2059 5.35339e-39 3
0.423187 0.221955 1.2059 5.99768e-39 3
0.442862 0.221955 1.2059 7.93308e-39 3
0.469765 0.225423 1.22475 6.08988e-39 3
0.497521 0.229002 1.24419 6.09131e-39 3
0.381783 0.212068 1.26425 7.47282e-39 3
0.369852 0.225423 1.22475 6.09096e-39 3
0.383837 0.221955 1.2059 7.4739e-39 3
0.0275648 0.187832 1.11977 6.36756e-39 3
0.0464988 0.190554 1.136 7.19839e-39 3
0.0659897 0.193356 1.1527 7.28915e-39 3
0.0854249 0.194788 1.16124 7.01256e-39 3
0.00910007 0.183891 1.09628 6.27465e-39 3
0.00873362 0.193652 1.05213 4.79844e-39 3
0.0262522 0.196287 1.06645 5.26193e-39 3
-0.0264876 0.182614 1.08866 5.90658e-39 3
-0.00872538 0.182614 1.08866 6.27573e-39 3
-0.0254281 0.192361 1.04512 5.63035e-39 3
-0.00832089 0.191087 1.0382 4.61549e-39 3
-0.286943 0.178887 1.06645 6.82782e-39 3
-0.265926 0.176486 1.05213 7.10477e-39 3
-0.248759 0.176486 1.05213 6.92073e-39 3
-0.290509 0.187365 1.01797 6.5523e-39 3
-0.2739 0.187365 1.01797 6.55195e-39 3
-0.257292 0.187365 1.01797 4.70911e-39 3
-0.240683 0.187365 1.01797 7.10584e-39 3
-0.225538 0.188589 1.02462 4.98534e-39 3
-0.215876 0.194961 1.05924 4.52472e-39 3
-0.777904 0.183891 1.09628 6.64449e-39 3
-0.744401 0.180113 1.07375 6.55193e-39 3
-0.726882 0.180113 1.07375 7.01291e-39 3
-0.704537 0.178887 1.06645 5.35447e-39 3
-0.791536 0.196287 1.06645 3.97153e-39 3
-0.779439 0.197631 1.07375 4.89277e-39 3
-0.756737 0.196287 1.06645 6.09096e-39 3
-0.734341 0.194961 1.05924 4.52399e-39 3
-0.707498 0.192361 1.04512 7.93523e-39 3
1.50781 0.192997 1.27453 8.29971e-39 3
1.51627 0.191441 1.26425 9.68264e-39 3
1.5621 0.194579 1.28498 9.40642e-39 3
1.63146 0.242231 1.59967 7.37955e-39 3
1.6244 0.237387 1.56768 6.08702e-39 3
1.61763 0.232732 1.53694 5.44129e-39 3
1.61111 0.228256 1.50738 8.66705e-39 3
1.63571 0.228256 1.50738 3.87216e-39 3
1.6603 0.228256 1.50738 2.58216e-39 3
1.6244 0.262964 1.56768 8.30079e-39 3
0.401195 0.201175 1.32854 7.9338e-39 3
0.422871 0.201175 1.32854 6.73525e-39 3
0.452212 0.204644 1.35144 7.56429e-39 3
0.474262 0.204644 1.35144 8.30186e-39 3
0.386063 0.204644 1.35144 6.55194e-39 3
0.357843 0.222851 1.32854 6.36791e-39 3
0.373194 0.219137 1.3064 7.56681e-39 3
0.114554 0.192997 1.27453 5.72254e-39 3
0.135349 0.192997 1.27453 7.10547e-39 3
0.156144 0.192997 1.27453 5.07681e-39 3
0.179863 0.196187 1.2956 7.56645e-39 3
0.011028 0.201175 1.32854 6.27464e-39 3
0.032704 0.201175 1.32854 5.90622e-39 3
0.0553176 0.204644 1.35144 5.35304e-39 3
-0.0990303 0.204644 1.35144 4.43001e-39 3
-0.0769806 0.204644 1.35144 5.62711e-39 3
-0.0558946 0.208234 1.37515 5.35125e-39 3
-0.0323239 0.201175 1.32854 6.27536e-39 3
-0.0106479 0.201175 1.32854 5.81475e-39 3
-0.0973518 0.222851 1.32854 7.37846e-39 3
-0.184056 0.201175 1.32854 5.62855e-39 3
-0.16238 0.201175 1.32854 4.89171e-39 3
-0.141906 0.202895 1.33989 5.44524e-39 3
-0.120045 0.202895 1.33989 5.07646e-39 3
-0.159673 0.219137 1.3064 6.09061e-39 3
-0.139521 0.220978 1.31737 5.8133e-39 3
-0.118028 0.220978 1.31737 6.73489e-39 3
-0.28274 0.210077 1.38732 7.10512e-39 3
-0.260105 0.210077 1.38732 6.09097e-39 3
-0.231328 0.204644 1.35144 6.73634e-39 3
-0.205732 0.201175 1.32854 5.26085e-39 3
-0.244932 0.219137 1.3064 3.04887e-39 3
-0.225497 0.220978 1.31737 5.26157e-39 3
-0.493944 0.179838 1.18763 4.61584e-39 3
-0.474567 0.179838 1.18763 3.78608e-39 3
-0.458664 0.181211 1.1967 6.275e-39 3
-0.439139 0.181211 1.1967 5.81367e-39 3
-0.486571 0.196242 1.16991 2.86376e-39 3
-0.453933 0.190554 1.136 6.09061e-39 3
-0.432266 0.189183 1.12782 4.98354e-39 3
-0.416864 0.190554 1.136 3.50734e-39 3
-0.401237 0.191945 1.14429 5.81259e-39 3
-0.85516 0.151202 0.998519 8.30472e-39 3
-0.844404 0.165386 0.985959 8.11998e-39 3
-0.871098 0.180339 0.979797 7.28843e-39 3
-0.855112 0.180339 0.979797 7.01149e-39 3
-0.828766 0.178112 0.967701 5.26191e-39 3
-0.887084 0.196325 0.979797 4.61439e-39 3
-0.860344 0.193901 0.967701 9.40713e-39 3
-0.834256 0.191536 0.955899 8.76176e-39 3
-0.813698 0.190375 0.950106 5.16828e-39 3
-0.818027 0.195105 0.973711 8.8579e-39 3
-0.80101 0.195228 0.900963 5.35231e-39 3
1.71873 0.220634 1.633 8.11567e-39 3
1.74537 0.220634 1.633 6.54763e-39 3
1.77202 0.220634 1.633 1.15244e-38 3
1.79866 0.220634 1.633 1.00511e-38 3
1.47486 0.216132 1.59967 7.01149e-39 3
1.47094 0.211809 1.56768 7.56466e-39 3
1.47776 0.20564 1.52201 7.28843e-39 3
1.41702 0.232732 1.53694 8.21038e-39 3
1.4858 0.239784 1.58351 7.28843e-39 3
1.45293 0.230472 1.52201 7.56501e-39 3
1.47776 0.230472 1.52201 7.93415e-39 3
1.48815 0.25285 1.50738 7.01292e-39 3
1.10086 0.173614 1.28498 8.02527e-39 3
1.1311 0.175049 1.2956 7.10259e-39 3
1.15224 0.175049 1.2956 8.39333e-39 3
1.17337 0.175049 1.2956 7.4721e-39 3
1.10373 0.191441 1.26425 6.27283e-39 3
1.1335 0.192997 1.27453 7.47245e-39 3
1.1543 0.192997 1.27453 6.73561e-39 3
0.954104 0.173614 1.28498 7.19623e-39 3
0.975069 0.173614 1.28498 7.56322e-39 3
0.954104 0.194579 1.28498 7.10547e-39 3
0.967142 0.192997 1.27453 7.10547e-39 3
0.987937 0.192997 1.27453 7.10511e-39 3
1.01054 0.211809 1.56768 6.54799e-39 3
1.0158 0.207656 1.53694 8.66956e-39 3
1.02086 0.203662 1.50738 7.84195e-39 3
1.04546 0.203662 1.50738 6.18351e-39 3
1.07005 0.203662 1.50738 8.11854e-39 3
1.09464 0.203662 1.50738 7.10439e-39 3
0.946073 0.220634 1.633 6.27283e-39 3
0.972717 0.220634 1.633 7.56286e-39 3
0.99936 0.220634 1.633 6.27428e-39 3
0.418947 0.187442 1.38732 7.28771e-39 3
0.445525 0.189115 1.39971 6.55086e-39 3
0.456144 0.184182 1.3632 8.11747e-39 3
0.486853 0.187442 1.38732 7.37991e-39 3
0.0130131 0.211809 1.56768 6.55123e-39 3
0.0385907 0.211809 1.56768 5.62855e-39 3
0.0648165 0.213948 1.58351 8.02564e-39 3
1.33763 0.259311 1.1967 7.74941e-39 3
1.33674 0.255411 1.1787 8.48625e-39 3
1.35598 0.255411 1.1787 8.39226e-39 3
1.37521 0.255411 1.1787 9.12804e-39 3
1.39444 0.255411 1.1787 6.63624e-39 3
1.3601 0.239223 1.104 9.4961e-39 3
1.37811 0.239223 1.104 6.17957e-39 3
1.3788 0.27536 1.18178 7.19552e-39 3
1.39319 0.274397 1.17765 8.48518e-39 3
1.39959 0.271907 1.16696 7.74618e-39 3
1.3889 0.266209 1.14251 7.00682e-39 3
-0.696537 0.158066 1.16991 7.84304e-39 3
-0.694882 0.172019 1.136 5.26157e-39 3
-0.676347 0.172019 1.136 6.36791e-39 3
-0.672431 0.175842 1.16124 5.17009e-39 3
-0.615592 0.175842 1.16124 6.1828e-39 3
-0.614864 0.181211 1.1967 5.35412e-39 3
-0.657295 0.185186 1.104 7.47354e-39 3
-0.672431 0.194788 1.16124 5.72182e-39 3
-0.610206 0.199215 1.18763 6.5523e-39 3
1.04651 0.201778 1.09628 8.85683e-39 3
1.00749 0.21515 1.07375 6.64305e-39 3
1.02501 0.21515 1.07375 5.90657e-39 3
1.00498 0.203974 1.01797 7.56645e-39 3
1.05481 0.203974 1.01797 8.11639e-39 3
1.00207 0.200076 0.998519 4.06302e-39 3
1.01836 0.200076 0.998519 7.10511e-39 3
1.0281 0.214998 0.992199 8.75925e-39 3
1.07198 0.23018 0.987878 7.19552e-39 3
1.073 0.226987 0.974174 8.21038e-39 3
1.08699 0.229081 0.918824 6.09096e-39 3
1.04343 0.244403 0.920068 6.91857e-39 3
-1.14242 0.173614 1.28498 6.46009e-39 3
-1.12146 0.173614 1.28498 6.2757e-39 3
-1.12646 0.188402 1.24419 6.2757e-39 3
1.47486 0.190032 1.59967 7.10368e-39 3
1.4421 0.18258 1.53694 8.39442e-39 3
1.46717 0.18258 1.53694 7.65686e-39 3
1.30393 0.180807 1.52201 8.76284e-39 3
1.32876 0.180807 1.52201 8.85431e-39 3
1.36687 0.18258 1.53694 8.11603e-39 3
1.39194 0.18258 1.53694 8.39406e-39 3
0.399032 0.200249 1.68567 6.36719e-39 3
0.30986 0.222957 1.65018 8.30367e-39 3
0.32984 0.21836 1.61616 6.73634e-39 3
0.356209 0.21836 1.61616 7.28915e-39 3
0.382577 0.21836 1.61616 6.82817e-39 3
0.303471 0.244728 1.61616 6.18389e-39 3
0.123598 0.163361 1.37515 6.55123e-39 3
0.146034 0.163361 1.37515 6.91929e-39 3
0.117418 0.176507 1.3064 6.18317e-39 3
0.138732 0.176507 1.3064 6.5523e-39 3
0.164151 0.181033 1.33989 7.19696e-39 3
0.189247 0.184182 1.3632 7.01328e-39 3
0.0134156 0.191991 1.61616 4.79952e-39 3
0.0397843 0.191991 1.61616 6.82674e-39 3
0.066842 0.193991 1.633 7.47175e-39 3
0.0934854 0.193991 1.633 6.36684e-39 3
-0.353001 0.177363 1.49302 6.27357e-39 3
-0.328642 0.177363 1.49302 7.10333e-39 3
-0.319513 0.196119 1.45155 4.98391e-39 3
1.35126 0.253322 1.26425 5.90262e-39 3
1.37188 0.253322 1.26425 6.45616e-39 3
1.39251 0.253322 1.26425 6.9175e-39 3
1.30903 0.265388 1.22475 7.00933e-39 3
1.32901 0.265388 1.22475 9.31494e-39 3
1.349 0.265388 1.22475 6.91893e-39 3
-0.889982 0.18258 1.53694 7.93487e-39 3
-0.864906 0.18258 1.53694 6.64413e-39 3
-0.856627 0.186231 1.56768 5.90694e-39 3
-0.888212 0.142161 1.1967 8.85468e-39 3
-0.868687 0.142161 1.1967 7.56286e-39 3
-0.829638 0.142161 1.1967 7.37991e-39 3
-0.803976 0.141084 1.18763 6.27428e-39 3
-0.867653 0.151292 1.11977 7.2895e-39 3
-0.849383 0.151292 1.11977 5.44703e-39 3
-0.843158 0.153485 1.136 7.38313e-39 3
-0.830643 0.154605 1.14429 5.90728e-39 3
-0.817943 0.155742 1.1527 6.27427e-39 3
-0.825219 0.168359 1.11183 5.81437e-39 3
-0.818691 0.170782 1.12782 7.28843e-39 3
-0.80029 0.170782 1.12782 6.92072e-39 3
-0.807078 0.186499 1.11183 4.89134e-39 3
1.02523 0.220261 1.1967 6.91748e-39 3
1.04475 0.220261 1.1967 7.84016e-39 3
1.05622 0.218592 1.18763 7.93343e-39 3
1.07559 0.218592 1.18763 7.84195e-39 3
1.05067 0.206101 1.11977 7.10511e-39 3
1.0138 0.232681 1.16124 8.85396e-39 3
1.02515 0.23097 1.1527 8.20859e-39 3
1.04396 0.23097 1.1527 1.14365e-38 3
1.0324 0.224371 1.11977 7.28842e-39 3
-1.12183 0.17569 1.47894 6.91929e-39 3
-1.19729 0.192554 1.42516 7.10546e-39 3
-1.17404 0.192554 1.42516 7.1973e-39 3
-1.15079 0.192554 1.42516 5.99877e-39 3
0.913656 0.23618 1.1787 5.53634e-39 3
0.925925 0.234418 1.16991 6.55229e-39 3
0.938013 0.232681 1.16124 6.45937e-39 3
0.964101 0.234418 1.16991 7.9327e-39 3
0.975906 0.232681 1.16124 7.65576e-39 3
0.994852 0.232681 1.16124 7.3799e-39 3
1.51544 0.174624 1.70399 7.3799e-39 3
1.54324 0.174624 1.70399 7.19588e-39 3
1.58831 0.176543 1.72272 8.2111e-39 3
0.536546 0.172746 1.68567 6.3654e-39 3
0.564049 0.172746 1.68567 7.93201e-39 3
0.585259 0.170908 1.66774 7.37811e-39 3
0.585259 0.198118 1.66774 8.76176e-39 3
0.202322 0.281849 2.75031 6.55195e-39 3
0.247195 0.281849 2.75031 5.62855e-39 3
0.297284 0.286882 2.79942 8.30151e-39 3
-0.179073 0.150144 1.46512 5.62963e-39 3
-0.155169 0.150144 1.46512 6.7349e-39 3
-0.132503 0.15156 1.47894 7.01149e-39 3
-0.108373 0.15156 1.47894 7.01257e-39 3
-0.197441 0.169301 1.42516 7.56539e-39 3
-0.174189 0.169301 1.42516 5.90622e-39 3
-0.152321 0.170854 1.43823 6.73562e-39 3
-0.130049 0.172436 1.45155 6.08953e-39 3
-0.10736 0.174048 1.46512 6.08881e-39 3
-0.103491 0.190819 1.41232 6.91929e-39 3
-0.206843 0.153004 1.49302 6.64343e-39 3
-0.29583 0.172436 1.45155 6.92001e-39 3
-0.272147 0.172436 1.45155 5.44632e-39 3
-0.248464 0.172436 1.45155 6.09169e-39 3
-0.222719 0.170854 1.43823 7.38171e-39 3
-0.287834 0.190819 1.41232 4.15486e-39 3
-0.288155 0.157504 1.53694 5.72254e-39 3
-0.263079 0.157504 1.53694 7.47391e-39 3
-0.233426 0.154475 1.50738 8.02708e-39 3
-0.48068 0.128523 1.25414 6.3672e-39 3
-0.460218 0.128523 1.25414 5.53815e-39 3
-0.47311 0.146639 1.23439 7.19516e-39 3
-0.456566 0.147803 1.24419 6.5523e-39 3
-0.439756 0.148985 1.25414 7.01328e-39 3
-0.426112 0.151408 1.27453 6.91929e-39 3
-0.489397 0.165476 1.22475 4.4293e-39 3
-0.469414 0.165476 1.22475 5.25977e-39 3
-0.452971 0.166779 1.23439 7.38171e-39 3
-0.436266 0.168102 1.24419 5.99949e-39 3
-0.422675 0.170814 1.26425 5.35341e-39 3
-0.422842 0.182605 1.2059 5.63e-39 3
-0.422675 0.191441 1.26425 3.97119e-39 3
-0.408639 0.194579 1.28498 3.6946e-39 3
-0.897099 0.129559 1.26425 1.03287e-38 3
-0.86946 0.128523 1.25414 8.30186e-39 3
-0.822673 0.124538 1.21525 6.36647e-39 3
-0.855695 0.143255 1.2059 7.10224e-39 3
1.23906 0.212311 0.979797 8.85289e-39 3
1.25504 0.212311 0.979797 8.5763e-39 3
1.22836 0.226325 0.971335 7.93022e-39 3
1.22457 0.222753 0.956004 3.41155e-39 3
1.22678 0.245024 0.982769 9.4961e-39 3
1.21854 0.237177 0.951296 1.03259e-38 3
1.2081 0.250534 0.94315 8.39121e-39 3
1.00501 0.208702 1.24419 4.33815e-39 3
1.02531 0.208702 1.24419 5.90405e-39 3
1.03738 0.207058 1.23439 5.53455e-39 3
1.05752 0.207058 1.23439 5.16505e-39 3
1.07766 0.207058 1.23439 8.94651e-39 3
1.0978 0.207058 1.23439 8.21146e-39 3
1.00147 0.223676 1.21525 6.82564e-39 3
1.01344 0.221955 1.2059 5.35016e-39 3
0.916541 0.207058 1.23439 7.84268e-39 3
0.959342 0.212068 1.26425 8.30365e-39 3
0.97213 0.210371 1.25414 6.73488e-39 3
0.969328 0.205441 1.22475 6.27498e-39 3
0.916541 0.227198 1.23439 6.55085e-39 3
0.959342 0.232695 1.26425 6.9182e-39 3
0.979969 0.232695 1.26425 8.20894e-39 3
0.969328 0.225423 1.22475 8.58095e-39 3
0.981641 0.223676 1.21525 8.67134e-39 3
0.922158 0.243504 1.21525 6.64161e-39 3
0.841566 0.208234 1.37515 9.03835e-39 3
0.864003 0.208234 1.37515 6.36467e-39 3
0.886439 0.208234 1.37515 6.08593e-39 3
-1.38865 0.172746 1.68567 4.79879e-39 3
-1.36115 0.172746 1.68567 4.3371e-39 3
-1.33365 0.172746 1.68567 8.21003e-39 3
-1.38413 0.191991 1.61616 7.65793e-39 3
-1.34526 0.193991 1.633 7.10476e-39 3
2.81986 0.306991 3.5629 7.10332e-39 3
2.87799 0.306991 3.5629 7.28807e-39 3
2.81986 0.365122 3.5629 8.76176e-39 3
2.87799 0.365122 3.5629 9.22382e-39 3
0.604553 0.148435 1.72272 7.74726e-39 3
0.625784 0.146822 1.70399 7.74726e-39 3
0.653586 0.146822 1.70399 6.64055e-39 3
0.696529 0.150085 1.74186 7.01113e-39 3
0.688875 0.176543 1.72272 7.01112e-39 3
0.708353 0.241207 2.79942 5.99841e-39 3
0.754027 0.241207 2.79942 7.01149e-39 3
0.799702 0.241207 2.79942 7.38135e-39 3
0.359488 0.151771 1.76143 6.7349e-39 3
0.388227 0.151771 1.76143 6.1828e-39 3
0.32348 0.176543 1.72272 7.83909e-39 3
0.355494 0.178504 1.74186 7.28807e-39 3
0.383914 0.178504 1.74186 7.47354e-39 3
-0.371047 0.145243 1.68567 6.55051e-39 3
-0.332809 0.140704 1.633 6.92108e-39 3
-0.306165 0.140704 1.633 7.29022e-39 3
-0.396229 0.135076 1.56768 7.56538e-39 3
-0.378216 0.137833 1.59967 7.28808e-39 3
-0.384688 0.155974 1.52201 6.08846e-39 3
-0.363384 0.157504 1.53694 6.27178e-39 3
-0.345074 0.160654 1.56768 7.10189e-39 3
-0.313232 0.157504 1.53694 5.81402e-39 3
-0.38099 0.179069 1.50738 5.16722e-39 3
-0.451903 0.13644 1.58351 6.64486e-39 3
-0.421807 0.135076 1.56768 7.93452e-39 3
-0.463688 0.157504 1.53694 5.2605e-39 3
-0.438612 0.157504 1.53694 4.43073e-39 3
-0.409521 0.155974 1.52201 5.90479e-39 3
-0.405583 0.179069 1.50738 3.87721e-39 3
-0.581125 0.111633 1.2956 4.24741e-39 3
-0.559986 0.111633 1.2956 7.28987e-39 3
-0.534431 0.110718 1.28498 6.275e-39 3
-0.513465 0.110718 1.28498 7.56466e-39 3
-0.59247 0.130613 1.27453 6.18352e-39 3
-0.567065 0.129559 1.26425 6.36863e-39 3
-0.550881 0.130613 1.27453 5.90694e-39 3
-0.525811 0.129559 1.26425 5.99842e-39 3
-0.505184 0.129559 1.26425 4.89099e-39 3
-0.578364 0.147803 1.24419 6.36719e-39 3
-0.55367 0.146639 1.23439 5.07754e-39 3
-0.542067 0.148985 1.25414 8.02672e-39 3
-0.517465 0.147803 1.24419 5.62784e-39 3
-0.501142 0.148985 1.25414 9.77413e-39 3
-0.598664 0.168102 1.24419 6.82709e-39 3
-0.569327 0.165476 1.22475 4.24669e-39 3
-0.545086 0.164193 1.21525 7.75049e-39 3
-0.53353 0.166779 1.23439 6.45939e-39 3
-0.509379 0.165476 1.22475 6.27392e-39 3
-0.584741 0.184021 1.21525 4.52328e-39 3
-0.602263 0.111633 1.2956 6.82889e-39 3
-0.618292 0.131683 1.28498 6.92037e-39 3
-0.628947 0.150187 1.26425 7.10297e-39 3
-0.608319 0.150187 1.26425 6.91857e-39 3
-0.618963 0.168102 1.24419 3.78464e-39 3
-1.18133 0.146822 1.70399 7.4721e-39 3
-1.15353 0.146822 1.70399 6.18172e-39 3
-1.1769 0.153496 1.78145 6.08917e-39 3
0.908876 0.208234 1.37515 7.65576e-39 3
0.915255 0.204644 1.35144 8.57987e-39 3
0.921419 0.201175 1.32854 8.30401e-39 3
0.770168 0.216132 1.59967 7.56537e-39 3
0.780342 0.211809 1.56768 5.44307e-39 3
0.707949 0.230472 1.52201 7.01112e-39 3
0.870243 0.215544 1.28498 6.18099e-39 3
0.876834 0.212068 1.26425 5.90513e-39 3
0.897461 0.212068 1.26425 8.4866e-39 3
0.889398 0.205441 1.22475 6.36682e-39 3
0.82945 0.225423 1.22475 7.56285e-39 3
0.849433 0.225423 1.22475 7.93235e-39 3
0.869415 0.225423 1.22475 7.47245e-39 3
0.875715 0.221955 1.2059 6.55156e-39 3
-1.3961 0.137833 1.59967 5.5324e-39 3
-1.36643 0.157504 1.53694 6.08808e-39 3
-1.34135 0.157504 1.53694 5.99732e-39 3
0.700518 0.208702 1.24419 4.79735e-39 3
0.720818 0.208702 1.24419 6.2714e-39 3
0.741117 0.208702 1.24419 5.44236e-39 3
0.702521 0.257475 1.28498 7.74976e-39 3
0.554431 0.150085 1.74186 5.34945e-39 3
0.582851 0.150085 1.74186 8.30043e-39 3
0.520231 0.176543 1.72272 6.275e-39 3
1.40016 0.147971 2.11848 8.1164e-39 3
1.43472 0.147971 2.11848 7.65649e-39 3
1.48942 0.149998 2.1475 6.55014e-39 3
1.43472 0.182535 2.11848 5.44056e-39 3
1.48942 0.185036 2.1475 6.2714e-39 3
1.03262 0.131926 1.88877 6.91677e-39 3
1.06344 0.131926 1.88877 7.65434e-39 3
1.08123 0.130355 1.86628 7.00968e-39 3
1.00832 0.158913 1.84432 6.36359e-39 3
-0.0630984 0.197143 0.595782 9.49897e-39 3
-0.0531017 0.196123 0.592699 8.57664e-39 3
-0.0433505 0.195758 0.591595 6.36682e-39 3
-0.0336644 0.195561 0.591001 6.64485e-39 3
-0.023851 0.19417 0.586798 7.28987e-39 3
-0.0142476 0.193769 0.585586 5.81509e-39 3
-0.474885 0.194113 0.895814 4.2449e-39 3
-0.460269 0.194113 0.895814 7.3774e-39 3
-0.445653 0.194113 0.895814 6.54835e-39 3
-0.431038 0.194113 0.895814 4.98282e-39 3
-0.416422 0.194113 0.895814 8.02347e-39 3
1.22109 0.243415 2.37527 7.37811e-39 3
1.22279 0.236255 2.3054 6.45795e-39 3
1.2604 0.236255 2.3054 7.19479e-39 3
-0.893601 0.11774 1.68567 5.908e-39 3
-0.866098 0.11774 1.68567 7.19731e-39 3
-0.838595 0.11774 1.68567 7.10511e-39 3
-0.893601 0.145243 1.68567 5.72326e-39 3
-0.866098 0.145243 1.68567 6.09096e-39 3
-0.838595 0.145243 1.68567 7.10511e-39 3
-0.88312 0.165622 1.61616 7.38134e-39 3
-0.893601 0.172746 1.68567 6.64522e-39 3
-0.866098 0.172746 1.68567 6.45939e-39 3
-0.865676 0.193991 1.633 5.0761e-39 3
-0.839033 0.193991 1.633 2.40135e-39 3
-0.921104 0.11774 1.68567 6.36826e-39 3
-0.921104 0.145243 1.68567 6.82853e-39 3
-0.945606 0.167348 1.633 7.00933e-39 3
-0.909489 0.165622 1.61616 8.20894e-39 3
0.633208 0.213948 1.58351 8.0242e-39 3
0.659045 0.213948 1.58351 6.27248e-39 3
0.68488 0.213948 1.58351 6.9182e-39 3
0.626876 0.237387 1.56768 6.82673e-39 3
0.652454 0.237387 1.56768 5.25868e-39 3
0.664737 0.232732 1.53694 7.47066e-39 3
0.689813 0.232732 1.53694 6.08844e-39 3
-1.56116 0.127324 1.82288 4.88848e-39 3
-1.54944 0.128822 1.84432 4.98103e-39 3
-1.51935 0.128822 1.84432 4.52076e-39 3
-1.52514 0.131926 1.88877 5.62819e-39 3
-1.48272 0.116488 1.66774 6.72593e-39 3
-1.45551 0.116488 1.66774 1.93464e-39 3
-1.4283 0.170908 1.66774 3.97011e-39 3
-1.40109 0.198118 1.66774 5.99876e-39 3
3.10185 0.209802 3.91919 7.65649e-39 3
3.16579 0.209802 3.91919 7.01113e-39 3
3.10185 0.273746 3.91919 7.5643e-39 3
-0.0866966 0.131142 1.52201 6.73598e-39 3
-0.0630889 0.133739 1.55215 7.75049e-39 3
-0.0866966 0.155974 1.52201 7.74905e-39 3
-0.0630889 0.159063 1.55215 6.92073e-39 3
-0.0866966 0.180807 1.52201 6.08774e-39 3
-0.0624704 0.18258 1.53694 5.72003e-39 3
-0.0389206 0.190032 1.59967 5.35234e-39 3
-0.012821 0.190032 1.59967 7.47211e-39 3
-0.179492 0.217326 1.2956 6.82854e-39 3
-0.188189 0.223676 1.21525 4.89315e-39 3
-0.168361 0.223676 1.21525 5.72219e-39 3
-0.148533 0.223676 1.21525 5.53599e-39 3
-1.3549 0.125255 2.33981 7.4721e-39 3
-1.33497 0.161027 2.3054 5.90549e-39 3
-1.37259 0.198641 2.3054 6.82529e-39 3
-1.56272 0.133208 2.48837 7.74688e-39 3
-1.56272 0.173807 2.48837 6.64269e-39 3
-1.52212 0.173807 2.48837 6.91928e-39 3
-1.56066 0.123413 2.3054 5.71895e-39 3
-1.54578 0.125255 2.33981 5.81114e-39 3
-1.53044 0.127153 2.37527 6.45614e-39 3
-1.53044 0.165907 2.37527 6.18171e-39 3
-1.67607 0.113406 2.11848 7.01005e-39 3
-1.6415 0.113406 2.11848 1.06032e-38 3
-1.62895 0.11496 2.1475 3.96472e-39 3
-0.187229 0.182594 1.35144 6.08918e-39 3
-0.166616 0.184182 1.3632 5.35269e-39 3
-0.145641 0.185797 1.37515 6.55123e-39 3
-0.124294 0.187442 1.38732 5.62928e-39 3
-0.262427 0.189115 1.39971 5.44632e-39 3
-0.23747 0.187442 1.38732 4.43145e-39 3
-0.211099 0.184182 1.3632 6.64343e-39 3
-0.446191 0.17569 1.47894 5.53529e-39 3
-0.42608 0.177363 1.49302 6.55088e-39 3
-0.410444 0.19432 1.43823 5.5378e-39 3
1.50259 0.20564 1.52201 8.67065e-39 3
1.57325 0.211809 1.56768 7.28771e-39 3
1.50259 0.230472 1.52201 7.3799e-39 3
1.55767 0.235036 1.55215 8.85575e-39 3
1.55767 0.260361 1.55215 7.75013e-39 3
1.59883 0.262964 1.56768 6.45831e-39 3
-1.56066 0.0857988 2.3054 4.43145e-39 3
-1.5692 0.0883987 2.37527 9.68372e-39 3
-1.53044 0.0883987 2.37527 1.04216e-38 3
0.416966 0.151771 1.76143 7.28915e-39 3
0.412333 0.178504 1.74186 7.65793e-39 3
0.445705 0.18051 1.76143 6.275e-39 3
-1.79014 0.0436874 2.09023 9.58364e-39 5
-1.75603 0.0436874 2.09023 9.21593e-39 5
-1.72128 0.0747989 2.00984 7.64824e-39 5
-1.71042 0.0757703 2.03594 4.42283e-39 5
-1.72193 0.0777909 2.09023 5.99087e-39 5
-1.91802 0.0442777 2.11848 9.03154e-39 5
-1.90025 0.0455077 2.17733 9.30777e-39 5
-1.91802 0.0788421 2.11848 7.18906e-39 5
-1.68452 0.0114093 2.48837 8.30221e-39 3
-1.64392 0.0114093 2.48837 8.39333e-39 3
-1.6582 0.0511961 2.44949 9.77843e-39 3
-1.64392 0.0520088 2.48837 1.27272e-38 3
-1.60332 0.0520088 2.48837 9.40856e-39 3
-1.6735 0.0105704 2.3054 8.01989e-39 3
-1.6603 0.0870793 2.33981 7.19121e-39 3
-1.64671 0.0883987 2.37527 5.1665e-39 3
-1.68632 0.0104172 2.27199 8.84857e-39 5
-1.69877 0.0468079 2.23954 6.54261e-39 5
-1.66223 0.0468079 2.23954 3.96006e-39 3
-1.64925 0.0474863 2.27199 8.29505e-39 3
-1.67484 0.0821735 2.20799 3.13209e-39 3
-1.66223 0.0833474 2.23954 4.79018e-39 3
-1.64925 0.0845553 2.27199 8.48016e-39 3
-1.74689 0.0101238 2.20799 4.69439e-39 5
-1.73531 0.0102684 2.23954 8.57164e-39 5
-1.72339 0.0104172 2.27199 8.11137e-39 5
-1.71086 0.0461486 2.20799 8.29397e-39 5
-1.77976 0.00971335 2.11848 1.02312e-38 5
-1.79368 0.00998317 2.17733 8.01523e-39 5
-1.75815 0.00998317 2.17733 1.04098e-38 5
-1.7691 0.0448843 2.1475 8.10778e-39 5
-1.73407 0.0448843 2.1475 8.47548e-39 5
-1.72263 0.0455077 2.17733 7.46134e-39 5
-1.71063 0.0788421 2.11848 4.97744e-39 5
-1.81433 0.00971335 2.11848 7.1869e-39 5
-1.88346 0.0442777 2.11848 8.93898e-39 5
-1.88346 0.0788421 2.11848 7.55713e-39 5
-1.84889 0.0788421 2.11848 1.01375e-38 5
-1.76045 -0.0637209 2.27199 1.15215e-38 5
-1.72339 -0.0637209 2.27199 9.76982e-39 5
-1.74689 -0.0259011 2.20799 8.84428e-39 5
-1.73531 -0.0262711 2.23954 7.1862e-39 5
-1.72339 -0.0266518 2.27199 8.47622e-39 5
-1.83918 -0.0602293 2.1475 8.5702e-39 5
-1.83918 -0.0251914 2.1475 7e-39 5
-1.80414 -0.0251914 2.1475 9.21558e-39 5
0.828622 0.211627 1.78145 7.38133e-39 3
0.857687 0.211627 1.78145 6.55121e-39 3
0.867047 0.206924 1.74186 7.28699e-39 3
0.895467 0.206924 1.74186 9.49933e-39 3
1.00301 0.153496 1.78145 8.3919e-39 3
1.03208 0.153496 1.78145 6.45651e-39 3
1.04922 0.151771 1.76143 7.01004e-39 3
1.07796 0.151771 1.76143 5.62819e-39 3
1.00301 0.182561 1.78145 5.44235e-39 3
1.03208 0.182561 1.78145 7.37883e-39 3
1.04922 0.18051 1.76143 5.81258e-39 3
1.06598 0.178504 1.74186 2.03258e-39 3
0.701563 0.200249 1.68567 8.48481e-39 3
0.732926 0.220634 1.633 7.47245e-39 3
0.75957 0.220634 1.633 6.92e-39 3
-1.49965 0.135183 1.9354 6.73381e-39 3
-1.46807 0.135183 1.9354 5.07357e-39 3
-1.43649 0.135183 1.9354 7.28699e-39 3
1.02062 0.198118 1.66774 6.73633e-39 3
1.07504 0.198118 1.66774 6.54834e-39 3
1.07929 0.193991 1.633 4.79699e-39 3
0.612469 0.170908 1.66774 7.56322e-39 3
0.639679 0.170908 1.66774 6.73453e-39 3
0.66689 0.198118 1.66774 6.82601e-39 3
0.313156 0.198118 1.66774 7.19588e-39 3
0.336784 0.196033 1.65018 7.47391e-39 3
0.367577 0.198118 1.66774 7.47354e-39 3
1.47824 0.215544 1.28498 7.65614e-39 3
1.47502 0.212068 1.26425 5.90226e-39 3
1.48368 0.210371 1.25414 7.19048e-39 3
1.4575 0.203848 1.21525 4.88632e-39 3
1.47733 0.203848 1.21525 1.00507e-38 3
1.49045 0.238464 1.2956 7.01004e-39 3
1.47502 0.232695 1.26425 8.48446e-39 3
1.48368 0.230834 1.25414 8.75746e-39 3
1.44629 0.221955 1.2059 9.12731e-39 3
1.46597 0.221955 1.2059 6.91713e-39 3
1.48564 0.221955 1.2059 8.11747e-39 3
1.43631 0.257475 1.28498 5.81223e-39 3
1.44542 0.255382 1.27453 6.18028e-39 3
1.45439 0.253322 1.26425 7.00933e-39 3
1.44018 0.247338 1.23439 1.09719e-38 3
1.46032 0.247338 1.23439 7.37345e-39 3
1.44629 0.24163 1.2059 2.11939e-39 3
-0.849636 0.206658 1.03137 3.23433e-39 3
-0.838324 0.208026 1.0382 5.17044e-39 3
-0.826861 0.209413 1.04512 3.60419e-39 3
-0.820752 0.212243 1.05924 7.38421e-39 3
-0.80347 0.212243 1.05924 7.0147e-39 3
1.00427 0.175049 1.2956 7.3799e-39 3
1.0254 0.175049 1.2956 7.47282e-39 3
1.04654 0.175049 1.2956 7.56501e-39 3
1.05893 0.173614 1.28498 8.39405e-39 3
1.0799 0.173614 1.28498 7.65542e-39 3
1.0006 0.191441 1.26425 6.73633e-39 3
1.02953 0.192997 1.27453 8.39513e-39 3
1.05032 0.192997 1.27453 8.66992e-39 3
1.06248 0.191441 1.26425 1.04209e-38 3
1.08311 0.191441 1.26425 7.74725e-39 3
-0.775208 0.126499 1.23439 7.19442e-39 3
-0.757319 0.143255 1.2059 6.45974e-39 3
-0.74917 0.145493 1.22475 6.82745e-39 3
-0.746688 0.148985 1.25414 7.93308e-39 3
-0.85521 0.154147 1.01797 6.09203e-39 3
-0.860964 0.158258 1.04512 7.38276e-39 3
-0.873013 0.163715 1.08116 6.36862e-39 3
-0.855373 0.163715 1.08116 6.27607e-39 3
-0.843551 0.164852 1.08866 5.16792e-39 3
-0.831564 0.166005 1.09628 7.56501e-39 3
-0.877038 0.168567 1.00492 5.53779e-39 3
-0.85521 0.170756 1.01797 8.48912e-39 3
-0.860964 0.17531 1.04512 7.47496e-39 3
-0.855317 0.177679 1.05924 7.66007e-39 3
-0.843735 0.178887 1.06645 6.83104e-39 3
-0.831996 0.180113 1.07375 5.81437e-39 3
-0.820094 0.181355 1.08116 7.01291e-39 3
-0.802454 0.181355 1.08116 6.18315e-39 3
-0.85521 0.187365 1.01797 6.82996e-39 3
-0.855263 0.191087 1.0382 5.63177e-39 3
-0.849576 0.193652 1.05213 6.37005e-39 3
-0.83241 0.193652 1.05213 5.4481e-39 3
-0.826336 0.196287 1.06645 5.81689e-39 3
-0.808936 0.196287 1.06645 3.97297e-39 3
-0.789238 -0.881599 4.61081 1.18929e-38 1
-0.71401 -0.881599 4.61081 1.74246e-38 1
-0.789238 -0.806371 4.61081 1.65952e-38 1
-1.33899 0.17569 1.47894 6.91999e-39 3
-1.31486 0.17569 1.47894 7.47245e-39 3
-1.3142 0.196119 1.45155 6.82887e-39 3
0.432361 0.358275 0.868596 3.88042e-39 3
0.434849 0.37459 0.873593 4.43217e-39 3
0.434841 0.388836 0.873577 9.59441e-39 3
0.504482 -0.985822 4.75053 3.41017e-39 1
0.504482 -0.908314 4.75053 2.30382e-39 1
0.58199 -0.908314 4.75053 3.7793e-39 1
0.0645655 0.207584 1.12782 5.7211e-39 3
0.0835679 0.209088 1.136 6.275e-39 3
0.0641043 0.224371 1.11977 6.73525e-39 3
0.082374 0.224371 1.11977 6.18352e-39 3
0.0812138 0.239223 1.104 5.26157e-39 3
-0.58063 -0.985822 4.75053 6.63414e-39 1
-0.503122 -0.985822 4.75053 5.52888e-39 1
-0.58063 -0.908314 4.75053 9.03231e-39 1
-1.07089 -0.879247 4.23696 1.79771e-38 1
-1.00176 -0.879247 4.23696 4.33356e-39 1
-1.07089 -0.810118 4.23696 1.58573e-38 1
-1.00176 -0.810118 4.23696 3.87258e-39 1
0.985778 0.216368 0.998519 7.47247e-39 3
0.965183 0.208403 0.961764 4.70588e-39 3
0.980875 0.208403 0.961764 6.08737e-39 3
0.955659 0.229341 0.984277 8.20823e-39 3
0.943031 0.22257 0.95522 8.9458e-39 3
0.945017 0.219413 0.941669 8.57702e-39 3
0.957639 0.218786 0.938981 7.56178e-39 3
0.982039 0.220828 0.947743 3.87144e-39 3
0.987598 0.218636 0.938333 3.59702e-39 3
0.998409 0.217655 0.934124 7.37847e-39 3
0.921261 0.244794 0.981848 8.48446e-39 3
0.944017 0.24241 0.972287 5.35053e-39 3
0.937472 0.236751 0.949589 7.28843e-39 3
0.944234 0.234582 0.940889 7.84088e-39 3
0.954011 0.23322 0.935423 9.13054e-39 3
0.961754 0.23141 0.928167 7.37775e-39 3
0.950967 0.225268 0.90353 9.12947e-39 3
0.915438 0.250455 0.942852 7.19623e-39 3
0.925669 0.249069 0.937634 7.10404e-39 3
0.936557 0.247901 0.933239 5.44416e-39 3
0.951683 0.247875 0.93314 8.11712e-39 3
0.961509 0.246491 0.92793 5.99662e-39 3
0.947579 0.239154 0.900311 7.00933e-39 3
0.926417 0.256115 0.908367 6.27427e-39 3
0.834193 0.210992 0.973711 1.03287e-38 3
0.86622 0.214998 0.992199 6.91677e-39 3
0.803326 0.218484 0.937682 7.19012e-39 3
0.824891 0.220156 0.94486 7.19012e-39 3
0.856442 0.224384 0.963002 8.11387e-39 3
0.813921 0.232439 0.932294 5.0689e-39 3
0.835886 0.234333 0.939889 4.33529e-39 3
0.856156 0.235691 0.945338 6.27212e-39 3
0.886931 0.239843 0.961988 5.25761e-39 3
0.810829 0.246709 0.928752 8.20606e-39 3
0.812814 0.242776 0.913946 8.48553e-39 3
0.872717 0.242848 0.914215 7.10367e-39 3
0.701765 0.200376 1.08866 9.40605e-39 3
0.719527 0.200376 1.08866 7.3781e-39 3
0.70008 0.212243 1.05924 7.65577e-39 3
0.717362 0.212243 1.05924 5.72074e-39 3
0.772814 0.218139 1.08866 7.47389e-39 3
0.790576 0.218139 1.08866 6.73668e-39 3
0.715312 0.223485 1.03137 8.48517e-39 3
0.732139 0.223485 1.03137 5.81402e-39 3
0.748967 0.223485 1.03137 8.21002e-39 3
0.710759 0.249631 1.00125 1.84281e-39 3
0.480963 0.212978 0.854237 8.30221e-39 3
0.475185 0.237982 0.895896 7.19766e-39 3
0.463068 0.224992 0.846997 7.65756e-39 3
0.40054 0.242793 0.861118 7.01291e-39 3
0.414544 0.242766 0.861023 7.3817e-39 3
0.425962 0.241277 0.85574 6.92107e-39 3
0.437545 0.239972 0.851112 6.18422e-39 3
0.441505 0.234695 0.832397 6.92072e-39 3
0.305635 0.23135 0.870931 7.93057e-39 3
0.321464 0.232521 0.875339 4.1509e-39 3
0.341457 0.236477 0.89023 5.34944e-39 3
0.357357 0.23739 0.893668 6.73453e-39 3
0.364525 0.232659 0.875858 4.1545e-39 3
0.387626 0.23807 0.896228 7.19767e-39 3
0.37803 0.237478 0.842268 7.93559e-39 3
-0.595339 0.181211 1.1967 5.07717e-39 3
-0.556289 0.181211 1.1967 4.89278e-39 3
-0.536764 0.181211 1.1967 5.72183e-39 3
-0.517239 0.181211 1.1967 6.82818e-39 3
-0.586386 0.197717 1.1787 5.72254e-39 3
-0.567155 0.197717 1.1787 5.90657e-39 3
-0.543835 0.196242 1.16991 6.5523e-39 3
-0.524747 0.196242 1.16991 4.24705e-39 3
-0.505659 0.196242 1.16991 4.98426e-39 3
1.44376 0.237969 1.18763 9.8656e-39 3
1.4201 0.23097 1.1527 1.06972e-38 3
1.43891 0.23097 1.1527 1.17131e-38 3
1.40312 0.253505 1.16991 7.65039e-39 3
1.40129 0.249777 1.1527 8.29648e-39 3
1.34379 0.254152 1.09076 9.03333e-39 3
1.31067 0.244648 1.04997 1.16184e-38 3
1.30147 0.266919 1.07059 7.65435e-39 3
-0.887489 -0.97472 4.35465 1.77934e-38 1
-0.81644 -0.97472 4.35465 1.78853e-38 1
-0.887489 -0.903671 4.35465 1.77941e-38 1
-0.81644 -0.903671 4.35465 1.78849e-38 1
0.67341 0.221257 0.887443 8.20643e-39 3
0.67777 0.218002 0.874388 5.53456e-39 3
0.629582 0.23559 0.886893 6.3654e-39 3
0.616199 0.225402 0.848538 7.37847e-39 3
0.677576 0.222822 0.838825 7.19623e-39 3
0.699111 0.225352 0.84835 7.93236e-39 3
0.622194 0.252939 0.897104 7.47281e-39 3
0.605565 0.240521 0.85306 7.28842e-39 3
0.664753 0.227438 0.806658 8.67136e-39 3
0.672065 0.243246 0.815531 8.30186e-39 3
0.696892 0.242624 0.813447 7.56501e-39 3
0.5308 0.22217 0.891105 7.19587e-39 3
0.557885 0.235867 0.887934 7.84267e-39 3
0.59947 0.214464 0.807361 9.03512e-39 3
0.535388 0.234177 0.830559 6.91928e-39 3
0.976579 -0.990728 4.12546 3.87258e-39 1
0.909269 -0.923419 4.12546 3.9637e-39 1
0.976579 -0.923419 4.12546 5.71578e-39 1
0.434727 0.205102 0.772117 8.76319e-39 3
0.440414 0.201933 0.760189 6.18243e-39 3
0.451336 0.201273 0.757703 7.3817e-39 3
0.481653 0.209066 0.78704 6.3679e-39 3
0.419735 0.216464 0.767738 5.90657e-39 3
0.411012 0.205823 0.729997 7.47317e-39 3
0.422433 0.205585 0.729151 6.27463e-39 3
0.434257 0.205551 0.72903 5.7211e-39 3
0.44453 0.204804 0.72638 8.02742e-39 3
0.458164 0.205604 0.729218 7.28986e-39 3
0.407389 0.215814 0.723561 7.65828e-39 3
0.415458 0.213891 0.717113 7.10403e-39 3
0.42636 0.213491 0.715773 5.35016e-39 3
0.436228 0.212609 0.712815 7.38061e-39 3
0.447711 0.212539 0.71258 7.28986e-39 3
0.459337 0.212539 0.71258 6.45974e-39 3
0.470963 0.212539 0.71258 7.65756e-39 3
0.483575 0.212973 0.714036 4.79949e-39 3
0.498457 0.214363 0.718696 8.21002e-39 3
0.454298 0.221706 0.704763 8.02634e-39 3
0.464839 0.22125 0.703313 3.04887e-39 3
0.476731 0.221444 0.703929 6.64341e-39 3
0.492377 0.223331 0.709929 6.55193e-39 3
0.485974 0.231859 0.700697 6.3661e-39 3
0.485895 0.243252 0.700582 2.77013e-39 3
0.419625 0.270936 0.745295 5.35197e-39 3
0.312628 0.220433 0.781813 7.56609e-39 3
0.316132 0.214165 0.759582 6.73669e-39 3
0.334128 0.217817 0.772536 8.30437e-39 3
0.30067 0.215477 0.722431 5.53815e-39 3
0.313102 0.215922 0.723921 5.6307e-39 3
0.330738 0.219793 0.7369 4.89313e-39 3
0.339498 0.2177 0.729885 6.27428e-39 3
0.347414 0.215227 0.721593 9.31673e-39 3
0.362762 0.217369 0.728773 6.18351e-39 3
0.37537 0.217785 0.730169 6.92179e-39 3
0.38636 0.217266 0.728429 7.19658e-39 3
0.396981 0.216576 0.726117 5.62998e-39 3
0.309376 0.225023 0.715308 6.55158e-39 3
0.3233 0.226602 0.720327 3.78644e-39 3
0.3336 0.22562 0.717205 7.56466e-39 3
0.346083 0.226131 0.718829 6.64234e-39 3
0.362536 0.229117 0.72832 6.08916e-39 3
0.373678 0.228663 0.726878 5.2612e-39 3
0.373729 0.221659 0.704615 7.47461e-39 3
0.305381 0.233637 0.706071 7.75085e-39 3
0.318671 0.234942 0.710014 5.35376e-39 3
0.331088 0.235535 0.711805 6.64306e-39 3
0.341906 0.234988 0.710151 8.67064e-39 3
0.356792 0.237181 0.71678 5.90514e-39 3
0.349895 0.244065 0.702925 7.83729e-39 3
0.20706 0.216746 0.768737 6.55121e-39 3
0.220195 0.217331 0.770812 5.72253e-39 3
0.252904 0.224025 0.794551 6.18352e-39 3
0.260231 0.219275 0.777706 6.73597e-39 3
0.270085 0.216997 0.769628 6.27535e-39 3
0.28191 0.216435 0.767633 6.18315e-39 3
0.294176 0.216245 0.76696 5.62998e-39 3
0.201958 0.223639 0.749795 8.67136e-39 3
0.207073 0.216206 0.724874 6.46081e-39 3
0.217436 0.214761 0.720029 5.35518e-39 3
0.230647 0.216131 0.724625 5.5385e-39 3
0.244875 0.218276 0.731814 4.70767e-39 3
0.257345 0.218726 0.733325 7.47354e-39 3
0.27021 0.219457 0.735775 6.36647e-39 3
0.281644 0.219013 0.734287 5.35196e-39 3
0.28956 0.215982 0.724122 8.3033e-39 3
0.203456 0.22405 0.712214 7.75011e-39 3
0.212053 0.2209 0.702202 6.55336e-39 3
0.226129 0.22349 0.710432 3.51056e-39 3
0.242371 0.227861 0.72433 7.84268e-39 3
0.255183 0.228753 0.727164 6.82744e-39 3
0.267705 0.229317 0.728956 8.48662e-39 3
0.277188 0.227339 0.72267 5.44345e-39 3
0.286477 0.225371 0.716413 4.52221e-39 3
0.297111 0.224574 0.71388 5.35304e-39 3
0.24961 0.235362 0.711283 8.57952e-39 3
0.2665 0.240124 0.725674 5.90549e-39 3
0.275707 0.237852 0.718809 8.48662e-39 3
0.282164 0.233491 0.705627 3.97011e-39 3
0.292885 0.232862 0.703727 3.60133e-39 3
0.259495 0.245341 0.7066 8.3033e-39 3
0.272511 0.246687 0.710476 7.38134e-39 3
0.107466 0.20563 0.774105 5.99806e-39 3
0.121266 0.207632 0.781644 5.81546e-39 3
0.137102 0.21241 0.799629 6.18424e-39 3
0.107946 0.219234 0.777561 3.87504e-39 3
0.121851 0.221449 0.785418 5.07717e-39 3
0.135016 0.222025 0.78746 6.36898e-39 3
0.14704 0.220788 0.783071 5.81079e-39 3
0.160883 0.222262 0.788301 4.60973e-39 3
0.174145 0.222775 0.790118 6.91498e-39 3
0.182464 0.217328 0.7708 7.19336e-39 3
0.195457 0.217793 0.77245 7.47245e-39 3
0.109805 0.235916 0.790955 6.275e-39 3
0.122834 0.236154 0.791755 7.19695e-39 3
0.135752 0.236154 0.791755 5.62963e-39 3
0.14867 0.236154 0.791755 6.82673e-39 3
0.161502 0.236027 0.79133 7.65398e-39 3
0.172536 0.233487 0.782814 8.75925e-39 3
0.182478 0.229923 0.770862 7.37632e-39 3
0.19517 0.230058 0.771316 4.52077e-39 3
0.11059 0.2506 0.796611 5.908e-39 3
0.123748 0.250925 0.797644 6.18352e-39 3
0.132758 0.243579 0.774292 4.15377e-39 3
0.139702 0.234047 0.743993 4.80022e-39 3
0.148727 0.229248 0.728738 6.36575e-39 3
0.159873 0.228186 0.725361 8.0242e-39 3
0.16993 0.225824 0.717854 6.27427e-39 3
0.180337 0.224202 0.712696 7.7512e-39 3
0.191998 0.224239 0.712815 5.62926e-39 3
0.104568 0.249243 0.753231 6.09168e-39 3
0.122132 0.260493 0.787231 7.65865e-39 3
0.132412 0.255544 0.772275 5.44559e-39 3
0.13928 0.245442 0.741746 5.63105e-39 3
0.157623 0.248311 0.715153 4.98533e-39 3
0.14508 0.258421 0.710868 4.4336e-39 3
0.144685 0.269284 0.708933 5.53815e-39 3
0.0716357 0.211718 0.797023 6.55086e-39 3
0.0830077 0.207635 0.781655 5.3516e-39 3
0.0946345 0.205193 0.772461 4.70516e-39 3
0.0582603 0.223298 0.791973 6.27248e-39 3
0.0710992 0.223039 0.791054 8.02097e-39 3
0.0828371 0.219936 0.780049 9.67941e-39 3
0.0947345 0.218026 0.773277 6.45401e-39 3
0.00651414 0.234066 0.784752 5.25941e-39 3
0.0191691 0.232262 0.778707 7.10547e-39 3
0.0313572 0.228495 0.766076 4.33924e-39 3
0.042596 0.221929 0.744063 6.55086e-39 3
0.0540541 0.219165 0.734795 5.90334e-39 3
0.0689424 0.228788 0.767057 4.42499e-39 3
0.0836086 0.23483 0.787314 8.57307e-39 3
0.0962572 0.23435 0.785706 4.8892e-39 3
0.00626746 0.237521 0.755035 6.55194e-39 3
0.0182772 0.23357 0.742478 7.47461e-39 3
0.0302605 0.232565 0.739283 5.35339e-39 3
0.0420955 0.231319 0.735321 7.01256e-39 3
0.0540401 0.231094 0.734605 6.7349e-39 3
0.0687956 0.240789 0.765423 9.49647e-39 3
0.0831064 0.246187 0.782585 7.5625e-39 3
0.096009 0.246532 0.78368 7.56645e-39 3
0.0795133 0.24776 0.748749 8.5745e-39 3
0.0860583 0.232442 0.702457 4.61583e-39 3
-0.397564 0.191536 0.955899 5.90477e-39 3
-0.389086 0.195105 0.973711 6.27356e-39 3
-0.398578 0.199822 0.922162 8.30078e-39 3
-0.488164 0.174874 0.950106 5.90873e-39 3
-0.472663 0.174874 0.950106 5.35555e-39 3
-0.448998 0.171751 0.93314 5.53778e-39 3
-0.431206 0.170735 0.927618 5.07573e-39 3
-0.426158 0.174874 0.950106 6.46011e-39 3
-0.426153 0.181473 0.985959 4.524e-39 3
-0.488852 0.184776 0.922162 7.47246e-39 3
-0.473807 0.184776 0.922162 8.39227e-39 3
-0.456078 0.183696 0.916769 6.27213e-39 3
-0.44112 0.183696 0.916769 5.07717e-39 3
-0.426163 0.183696 0.916769 6.55302e-39 3
-0.416071 0.18587 0.927618 6.1828e-39 3
-0.405738 0.188096 0.938728 4.24597e-39 3
-0.492314 0.195228 0.900963 7.01113e-39 3
-0.408814 0.197498 0.911439 7.00717e-39 3
-0.576604 0.171872 1.02462 4.24562e-39 3
-0.559887 0.171872 1.02462 7.65686e-39 3
-0.543169 0.171872 1.02462 7.10332e-39 3
-0.585666 0.186156 1.0114 6.54835e-39 3
-0.565516 0.184963 1.00492 2.03043e-39 3
-0.552662 0.186156 1.0114 5.25905e-39 3
-0.543169 0.188589 1.02462 6.08988e-39 3
-0.687138 0.178887 1.06645 7.84195e-39 3
-0.674325 0.180113 1.07375 5.90549e-39 3
-0.656806 0.180113 1.07375 7.10368e-39 3
-0.685874 0.191087 1.0382 7.2895e-39 3
-0.668935 0.191087 1.0382 7.93235e-39 3
-0.651997 0.191087 1.0382 1.11585e-38 3
-0.635058 0.191087 1.0382 1.0144e-38 3
-0.602167 0.186156 1.0114 1.02355e-38 3
-0.790588 0.122636 1.1967 7.38062e-39 3
-0.771063 0.122636 1.1967 7.19514e-39 3
-0.778699 0.140024 1.1787 7.56609e-39 3
-0.759468 0.140024 1.1787 6.92107e-39 3
-0.799136 0.155742 1.1527 5.7211e-39 3
-0.780329 0.155742 1.1527 5.26012e-39 3
-0.761522 0.155742 1.1527 5.6307e-39 3
-0.742715 0.155742 1.1527 6.36898e-39 3
-0.72927 0.156896 1.16124 4.06302e-39 3
-0.710324 0.156896 1.16124 4.524e-39 3
-0.781889 0.170782 1.12782 5.53778e-39 3
-0.763488 0.170782 1.12782 7.56609e-39 3
-0.745086 0.170782 1.12782 4.89313e-39 3
-0.726685 0.170782 1.12782 4.89313e-39 3
-0.713416 0.172019 1.136 4.98497e-39 3
-1.05588 0.179838 1.18763 8.11961e-39 3
-1.0365 0.179838 1.18763 6.55336e-39 3
-1.07525 0.199215 1.18763 5.99804e-39 3
-0.693609 -1.07565 4.47907 5.07041e-39 1
-0.62053 -1.07565 4.47907 2.67332e-39 1
-0.693609 -1.00257 4.47907 3.59492e-39 1
1.01935 0.22092 0.88609 7.47282e-39 3
1.0103 0.230023 0.865934 9.40821e-39 3
1.00401 0.22544 0.848682 6.73454e-39 3
1.04757 0.232019 0.87345 8.4859e-39 3
1.07742 0.23231 0.874544 9.31243e-39 3
1.07552 0.228871 0.861597 7.83694e-39 3
1.0051 0.236286 0.83804 1.38542e-39 3
1.01804 0.236116 0.837437 9.59081e-39 3
1.01077 0.231327 0.820451 6.45688e-39 3
1.04469 0.235963 0.836894 6.8253e-39 3
1.08375 0.255611 0.856989 7.65865e-39 3
1.07059 0.26632 0.846581 8.48913e-39 3
0.964808 0.201119 0.863158 8.85575e-39 3
0.935727 0.218274 0.875479 7.93164e-39 3
0.935823 0.215014 0.862403 4.79735e-39 3
0.942015 0.213231 0.855251 5.81294e-39 3
0.943688 0.210491 0.844263 6.18173e-39 3
0.952193 0.209333 0.839617 7.84125e-39 3
0.92584 0.230101 0.866228 8.85e-39 3
0.925831 0.226639 0.853195 1.29059e-38 3
0.995455 0.229858 0.865315 3.87612e-39 3
0.900766 0.253072 0.897575 7.84268e-39 3
0.931209 0.253386 0.898688 5.72075e-39 3
0.915439 0.245234 0.869773 5.62891e-39 3
0.915013 0.241378 0.856098 7.46886e-39 3
0.921621 0.239465 0.849315 1.14308e-38 3
0.930087 0.238085 0.844421 1.13411e-38 3
0.933598 0.235496 0.835236 5.72003e-39 3
0.945676 0.23511 0.83387 6.7349e-39 3
0.959281 0.23511 0.83387 7.93308e-39 3
0.972886 0.23511 0.83387 9.03942e-39 3
0.987666 0.23539 0.834863 8.39298e-39 3
0.911916 0.243338 0.815839 8.67136e-39 3
0.921661 0.2424 0.812694 5.72217e-39 3
0.936336 0.242767 0.813925 7.01219e-39 3
0.936751 0.239478 0.802898 6.91999e-39 3
0.814897 0.230701 0.868488 7.93308e-39 3
0.81881 0.241842 0.857744 7.56501e-39 3
0.851643 0.247313 0.877147 7.01184e-39 3
0.883419 0.2523 0.894837 6.73633e-39 3
0.836695 0.240843 0.807475 6.36575e-39 3
0.855419 0.242416 0.812748 9.04014e-39 3
0.869264 0.242579 0.813294 8.11854e-39 3
0.873321 0.240047 0.804805 7.47281e-39 3
0.895578 0.242518 0.813091 7.28806e-39 3
0.700558 0.227297 0.686908 7.01112e-39 3
0.709773 0.22666 0.684986 7.28771e-39 3
0.723473 0.227454 0.687384 6.64234e-39 3
0.708558 0.233749 0.673213 8.02493e-39 3
0.716658 0.232812 0.670514 8.4859e-39 3
0.725125 0.23202 0.668235 7.19551e-39 3
0.7348 0.231634 0.667121 3.60024e-39 3
0.745771 0.23166 0.667198 5.16936e-39 3
0.758599 0.232255 0.668911 6.2757e-39 3
0.772661 0.233205 0.671647 7.47389e-39 3
0.786473 0.234055 0.674094 5.169e-39 3
0.708185 0.24087 0.662587 2.39705e-39 3
0.716235 0.239945 0.660043 5.0718e-39 3
0.7188 0.237237 0.652595 1.05128e-38 3
0.727534 0.236615 0.650882 5.99624e-39 3
0.745294 0.238904 0.657179 6.9182e-39 3
0.762773 0.241039 0.663052 6.73381e-39 3
0.776517 0.241951 0.66556 5.62711e-39 3
0.795388 0.244413 0.672333 7.01077e-39 3
0.701573 0.241944 0.636955 4.14624e-39 3
0.709825 0.241217 0.63504 3.31792e-39 3
0.723078 0.242185 0.637589 7.10153e-39 3
0.742952 0.245312 0.645823 1.10681e-38 3
0.763633 0.248615 0.654517 7.47067e-39 3
0.79126 0.254057 0.668843 6.54621e-39 3
0.702607 0.249019 0.628582 9.49431e-39 3
0.711887 0.248679 0.627722 5.99303e-39 3
0.724634 0.249541 0.629899 8.20824e-39 3
0.737211 0.250322 0.631871 7.65471e-39 3
0.74917 0.250875 0.633265 5.53313e-39 3
0.773965 0.255652 0.645324 7.09938e-39 3
0.708315 0.257621 0.624572 7.74331e-39 3
0.719145 0.257851 0.625128 9.58901e-39 3
0.731316 0.258547 0.626818 8.57702e-39 3
0.742056 0.258727 0.627252 8.11712e-39 3
0.756508 0.260177 0.630768 7.28736e-39 3
0.776771 0.263561 0.638972 8.67029e-39 3
-1.17733 -0.990728 4.12546 1.79774e-38 1
-1.11002 -0.990728 4.12546 1.80696e-38 1
-1.11002 -0.923419 4.12546 1.77009e-38 1
-1.47539 0.148435 1.72272 4.24346e-39 3
-1.44728 0.148435 1.72272 1.20175e-39 3
-1.41917 0.148435 1.72272 7.01077e-39 3
-1.43849 0.153496 1.78145 6.73418e-39 3
-1.43155 0.174624 1.70399 4.98426e-39 3
-0.484919 0.185802 0.699464 5.53885e-39 3
-0.473633 0.185852 0.699651 3.32617e-39 3
-0.481361 0.191266 0.678367 5.81293e-39 3
-0.466466 0.18971 0.672847 9.03978e-39 3
-0.457093 0.190379 0.675218 8.85396e-39 3
-0.448781 0.196383 0.696514 6.55015e-39 3
-0.422323 0.189606 0.672479 6.27535e-39 3
-0.472195 0.198481 0.66545 6.82601e-39 3
-0.46075 0.198229 0.664602 5.53526e-39 3
-0.453087 0.19963 0.6693 7.10224e-39 3
-0.442884 0.199954 0.670386 5.16613e-39 3
-0.429623 0.198878 0.66678 9.77664e-39 3
-0.417347 0.198215 0.664555 6.55086e-39 3
-0.406329 0.198129 0.664269 5.44666e-39 3
-0.583868 0.181572 0.906171 6.8278e-39 3
-0.569084 0.181572 0.906171 9.04014e-39 3
-0.551113 0.180528 0.900963 8.57916e-39 3
-0.542651 0.182628 0.911439 7.93308e-39 3
-0.533989 0.184776 0.922162 6.55014e-39 3
-0.525122 0.186976 0.93314 7.01077e-39 3
-0.50688 0.18587 0.927618 8.57809e-39 3
-0.507014 0.195228 0.900963 4.6144e-39 3
0.699702 0.427212 0.786761 5.07646e-39 3
0.623285 0.42692 0.741654 6.36072e-39 3
0.64874 0.439871 0.74309 1.02337e-38 3
0.648748 0.452 0.743099 5.80541e-39 3
0.634155 0.462325 0.740217 8.29757e-39 3
0.608707 0.473396 0.738647 3.96796e-39 3
0.586678 0.432433 0.773145 1.02369e-38 3
0.584883 0.443685 0.770778 4.24526e-39 3
0.591594 0.481329 0.732381 5.44021e-39 3
0.461735 0.408265 0.775159 6.46011e-39 3
0.47013 0.41714 0.768212 5.8151e-39 3
0.489011 0.424305 0.758613 6.92037e-39 3
0.457729 0.45495 0.747948 5.07862e-39 3
0.496535 0.445962 0.733172 7.84233e-39 3
0.684511 0.208234 1.37515 7.932e-39 3
0.617955 0.222851 1.32854 7.4721e-39 3
0.684511 0.23067 1.37515 8.20859e-39 3
0.661307 0.244527 1.32854 8.20716e-39 3
0.579105 0.229525 1.05924 6.82959e-39 3
0.596387 0.229525 1.05924 5.26155e-39 3
0.542151 0.238165 1.02215 6.36933e-39 3
0.554936 0.236507 1.01503 6.2757e-39 3
0.582481 0.234264 1.00541 6.4583e-39 3
0.330138 0.341992 0.940754 2.95631e-39 3
0.358766 0.35529 0.935356 4.43287e-39 3
0.357388 0.369128 0.931764 5.72433e-39 3
0.354304 0.381013 0.923722 3.69604e-39 3
0.256919 0.370966 0.899364 2.86017e-39 3
0.259896 0.336794 0.816517 6.92073e-39 3
0.25508 0.38288 0.892928 5.90478e-39 3
0.230558 0.381001 0.855976 5.53815e-39 3
0.229775 0.393625 0.853068 1.75779e-39 3
0.438912 0.343032 0.943615 5.53311e-39 3
0.453103 0.34576 0.910266 5.35232e-39 3
0.422644 0.387126 0.977194 5.62998e-39 3
0.450728 0.358721 0.905495 6.73741e-39 3
0.229371 0.336435 0.968957 3.69638e-39 3
0.239286 0.343775 0.94566 5.07393e-39 3
0.239286 0.359204 0.94566 5.25761e-39 3
0.820371 -1.09649 4.01968 2.03046e-39 1
0.820371 -1.03091 4.01968 1.38509e-39 1
0.885955 -1.03091 4.01968 3.50559e-39 1
0.714229 0.197822 1.3064 8.94723e-39 3
0.735544 0.197822 1.3064 6.64162e-39 3
0.756859 0.197822 1.3064 9.40677e-39 3
0.366701 0.200076 0.998519 1.06053e-38 3
0.300595 0.204637 0.944383 4.06122e-39 3
0.319857 0.207132 0.955899 5.90477e-39 3
0.335453 0.207132 0.955899 6.64269e-39 3
0.353203 0.208403 0.961764 7.10367e-39 3
0.373477 0.210992 0.973711 5.81509e-39 3
0.399284 0.216368 0.998519 6.18459e-39 3
0.315674 0.219815 0.943397 8.4841e-39 3
0.333653 0.221533 0.950768 4.79627e-39 3
0.351879 0.223255 0.958158 5.90405e-39 3
0.373318 0.226782 0.973295 5.81437e-39 3
0.396198 0.230861 0.9908 5.5385e-39 3
0.312242 0.23265 0.93314 9.58722e-39 3
0.327466 0.23265 0.93314 9.67905e-39 3
0.343223 0.233011 0.934588 1.18925e-38 3
0.362209 0.235441 0.944333 1.06953e-38 3
0.383249 0.238953 0.958419 6.73489e-39 3
0.741406 0.216368 0.998519 6.54906e-39 3
0.725356 0.207132 0.955899 7.47173e-39 3
0.727642 0.203411 0.938728 6.8278e-39 3
0.742958 0.203411 0.938728 7.47317e-39 3
0.758274 0.203411 0.938728 8.39512e-39 3
0.77825 0.204637 0.944383 7.10402e-39 3
0.793658 0.204637 0.944383 7.28662e-39 3
0.700174 0.214996 0.922713 6.36395e-39 3
0.714801 0.214868 0.922162 7.47245e-39 3
0.729847 0.214868 0.922162 8.11854e-39 3
0.745051 0.214913 0.922358 7.38098e-39 3
0.762637 0.215631 0.925437 7.74796e-39 3
0.780036 0.216268 0.928173 5.7157e-39 3
0.786532 0.228895 0.918079 7.83154e-39 3
0.789873 0.24491 0.921979 4.60864e-39 3
0.681013 0.228789 0.981911 7.92805e-39 3
0.691328 0.226917 0.973874 7.93057e-39 3
0.699644 0.224487 0.963446 7.28412e-39 3
0.691318 0.216941 0.931062 7.74473e-39 3
0.63412 0.245262 0.983726 8.67136e-39 3
0.639516 0.241243 0.967604 5.44236e-39 3
0.64771 0.238448 0.956393 5.62495e-39 3
0.647442 0.232742 0.933508 3.41047e-39 3
0.601987 0.248071 0.933876 7.38062e-39 3
0.618795 0.248702 0.936253 6.18316e-39 3
0.627771 0.246231 0.926951 7.10404e-39 3
0.63254 0.242265 0.912022 7.74941e-39 3
0.604203 0.257753 0.914175 7.84195e-39 3
0.62262 0.25921 0.919345 7.28842e-39 3
0.561635 0.232426 0.997517 6.45902e-39 3
0.51316 0.241215 0.967494 6.82959e-39 3
0.527868 0.240724 0.965523 5.44486e-39 3
0.595809 0.242732 0.973575 5.44486e-39 3
0.431867 0.200076 0.998519 5.81293e-39 3
0.412946 0.214998 0.992199 5.0768e-39 3
0.42377 0.212311 0.979797 6.18171e-39 3
0.434327 0.20969 0.967701 1.18964e-38 3
0.444626 0.207132 0.955899 7.93236e-39 3
0.457433 0.205877 0.950106 6.27391e-39 3
0.470086 0.204637 0.944383 6.73524e-39 3
0.412016 0.230666 0.989965 6.18387e-39 3
0.423147 0.227961 0.978356 5.169e-39 3
0.434685 0.225664 0.968499 5.44559e-39 3
0.446723 0.223779 0.960408 5.35375e-39 3
0.457984 0.221645 0.951251 2.67973e-39 3
0.470501 0.22024 0.945218 6.55266e-39 3
0.496564 0.225062 0.965916 5.53886e-39 3
0.40174 0.240662 0.965276 4.89241e-39 3
0.417944 0.240924 0.966326 4.52435e-39 3
0.431837 0.239884 0.962153 6.0002e-39 3
0.44562 0.238857 0.958035 8.30472e-39 3
0.458573 0.23747 0.952474 6.73705e-39 3
0.47296 0.236893 0.950157 6.73669e-39 3
0.488985 0.237146 0.951174 6.46081e-39 3
0.416832 0.246702 0.928722 7.75084e-39 3
0.439389 0.25093 0.94464 6.92107e-39 3
0.4555 0.251316 0.946092 7.3817e-39 3
0.46991 0.250767 0.944029 7.10583e-39 3
0.480875 0.248475 0.935397 7.29057e-39 3
0.209114 0.205307 1.02462 5.44416e-39 3
0.227317 0.206658 1.03137 4.70623e-39 3
0.244145 0.206658 1.03137 6.27428e-39 3
0.259266 0.205307 1.02462 5.72254e-39 3
0.275984 0.205307 1.02462 5.72218e-39 3
0.290801 0.203974 1.01797 6.2757e-39 3
0.209114 0.222024 1.02462 5.44272e-39 3
0.225832 0.222024 1.02462 3.96723e-39 3
0.242549 0.222024 1.02462 3.59988e-39 3
0.255921 0.219159 1.0114 6.09096e-39 3
0.272423 0.219159 1.0114 6.46046e-39 3
0.287072 0.217755 1.00492 4.98497e-39 3
0.204926 0.23396 1.0041 7.28842e-39 3
0.222893 0.235635 1.01129 6.08916e-39 3
0.238379 0.234638 1.00701 4.89062e-39 3
0.298348 0.243348 1.04439 5.81365e-39 3
0.222552 0.233634 0.879527 6.73633e-39 3
0.239918 0.236608 0.890725 6.64341e-39 3
0.253191 0.235437 0.886316 7.84267e-39 3
0.263663 0.231928 0.873106 8.48697e-39 3
0.2778 0.231838 0.872768 8.1164e-39 3
0.291576 0.231469 0.871379 7.56178e-39 3
0.244365 0.228156 0.809203 6.46117e-39 3
0.141071 0.228725 0.691224 4.80094e-39 3
0.143972 0.216149 0.653218 6.45902e-39 3
0.152312 0.212909 0.643429 5.44738e-39 3
0.17039 0.222822 0.673385 5.90799e-39 3
0.180386 0.221604 0.669704 6.45937e-39 3
0.184135 0.213291 0.644581 6.82815e-39 3
0.191485 0.20982 0.634092 8.11997e-39 3
0.194178 0.211818 0.61005 7.28841e-39 3
0.13704 0.226031 0.621768 5.44667e-39 3
0.145195 0.222975 0.613362 5.44775e-39 3
0.136984 0.236079 0.621514 5.53887e-39 3
0.145195 0.232983 0.613362 3.78715e-39 3
0.18547 0.257208 0.649251 3.50231e-39 3
0.804515 0.236122 0.680047 3.50948e-39 3
0.823558 0.238423 0.686674 3.87756e-39 3
0.839882 0.239885 0.690886 2.6783e-39 3
0.813327 0.246525 0.678144 6.73383e-39 3
0.826465 0.247145 0.679849 7.10189e-39 3
0.855928 0.252566 0.694761 7.09938e-39 3
0.810114 0.256572 0.675464 3.96401e-39 3
0.82263 0.257039 0.676695 7.55999e-39 3
0.801597 0.261225 0.659393 1.02351e-38 3
0.822941 0.26463 0.667986 8.48446e-39 3
0.840665 0.266796 0.673453 9.03835e-39 3
0.871376 0.272974 0.689049 8.30043e-39 3
0.811003 0.271531 0.658296 7.38027e-39 3
0.833987 0.275577 0.668104 7.84232e-39 3
0.868481 0.283272 0.686761 6.92072e-39 3
0.426441 0.188589 1.02462 6.92107e-39 3
0.44028 0.187365 1.01797 6.8278e-39 3
0.456889 0.187365 1.01797 6.64341e-39 3
0.473498 0.187365 1.01797 5.44559e-39 3
0.490107 0.187365 1.01797 6.82565e-39 3
0.223738 0.183891 1.09628 8.30438e-39 3
0.239946 0.182614 1.08866 5.26157e-39 3
0.255931 0.181355 1.08116 7.01328e-39 3
0.273571 0.181355 1.08116 6.09168e-39 3
0.214728 0.193652 1.05213 6.36791e-39 3
0.231894 0.193652 1.05213 5.81474e-39 3
0.2474 0.192361 1.04512 7.47426e-39 3
0.260972 0.18983 1.03137 6.64521e-39 3
0.2778 0.18983 1.03137 6.09061e-39 3
0.292701 0.188589 1.02462 6.55193e-39 3
0.00480535 0.201001 0.578896 5.63035e-39 3
0.0143655 0.202624 0.583572 6.09204e-39 3
0.00471643 0.206551 0.568184 7.74726e-39 3
0.0140587 0.207614 0.571106 5.62855e-39 3
0.0236084 0.209672 0.576768 6.36791e-39 3
0.0333695 0.211899 0.582895 4.70839e-39 3
0.0433237 0.214093 0.58893 6.45796e-39 3
0.0534683 0.21626 0.594891 6.91248e-39 3
0.063318 0.216752 0.596244 1.09702e-38 3
0.00465057 0.212808 0.56025 4.88919e-39 3
0.0138549 0.213788 0.562829 6.27321e-39 3
0.023231 0.21558 0.567548 5.07646e-39 3
0.0328468 0.217942 0.573765 4.80131e-39 3
0.0427449 0.220713 0.581062 4.52185e-39 3
0.0528871 0.22351 0.588425 2.76583e-39 3
0.0630373 0.225476 0.593601 6.82351e-39 3
0.0046237 0.220667 0.557013 6.82638e-39 3
0.013845 0.222812 0.562428 4.52185e-39 3
0.023231 0.22484 0.567548 4.43073e-39 3
0.0328468 0.227303 0.573765 5.62999e-39 3
0.0427092 0.230002 0.580576 5.72147e-39 3
0.0526398 0.23202 0.585673 4.24455e-39 3
0.0626553 0.233736 0.590004 3.22968e-39 3
0.0725286 0.234535 0.59202 6.73597e-39 3
0.0232875 0.23467 0.568928 7.10441e-39 3
0.0328868 0.236953 0.574464 4.61548e-39 3
0.0422894 0.23712 0.574869 4.524e-39 3
0.0515148 0.236413 0.573156 6.09133e-39 3
0.0612025 0.23772 0.576323 8.3033e-39 3
0.0706292 0.237799 0.576516 6.82853e-39 3
0.0797622 0.236987 0.574548 7.28878e-39 3
0.0891398 0.236997 0.57457 7.83872e-39 3
0.060778 0.245408 0.572325 6.36826e-39 3
0.0701703 0.245599 0.57277 6.27607e-39 3
0.0794521 0.245404 0.572314 2.03437e-39 3
0.0890099 0.246012 0.573733 4.33565e-39 3
0.506126 -1.17294 3.64576 3.4141e-39 1
0.565609 -1.17294 3.64576 4.5183e-39 1
0.506126 -1.11346 3.64576 3.96548e-39 1
0.565609 -1.11346 3.64576 1.84427e-39 1
0.107558 0.200736 1.1967 6.1828e-39 3
0.10515 0.21533 1.16991 6.18172e-39 3
0.122411 0.212163 1.1527 8.30151e-39 3
0.139171 0.209088 1.136 6.27392e-39 3
0.153264 0.203199 1.104 4.89099e-39 3
0.103604 0.23097 1.1527 6.275e-39 3
0.120637 0.227623 1.136 4.61368e-39 3
0.137183 0.224371 1.11977 4.98318e-39 3
0.102848 0.247954 1.14429 7.28987e-39 3
0.118914 0.242641 1.11977 6.92037e-39 3
0.137183 0.242641 1.11977 7.10368e-39 3
0.700874 -1.26177 3.73256 4.42789e-39 1
0.761773 -1.26177 3.73256 4.61335e-39 1
0.761773 -1.20087 3.73256 1.93825e-39 1
0.158857 0.191945 1.14429 5.72075e-39 3
0.177527 0.191945 1.14429 5.63034e-39 3
0.193374 0.189183 1.12782 5.908e-39 3
0.00826174 0.231905 0.995284 9.40318e-39 3
0.00779396 0.234094 0.938931 7.74653e-39 3
0.0231918 0.23489 0.942122 6.64449e-39 3
0.0386051 0.235146 0.943148 5.5385e-39 3
0.0528484 0.23016 0.923151 5.6307e-39 3
0.2002 0.217501 0.598303 4.89169e-39 3
0.215779 0.223182 0.587562 5.35376e-39 3
0.246803 0.208873 0.54989 6.73381e-39 3
0.254255 0.207632 0.546622 7.74796e-39 3
0.264195 0.208437 0.548743 7.01112e-39 3
0.213177 0.229961 0.580475 3.87935e-39 3
0.209037 0.234783 0.569203 6.09169e-39 3
0.246996 0.219031 0.531015 7.65828e-39 3
0.254884 0.218367 0.529404 4.98677e-39 3
0.247656 0.228304 0.532435 5.72361e-39 3
0.256193 0.22817 0.532122 4.52472e-39 3
0.246848 0.236218 0.530698 4.89278e-39 3
0.255845 0.23653 0.531399 7.38171e-39 3
0.299384 0.263739 0.516759 6.55337e-39 3
0.294295 0.267543 0.507975 6.0002e-39 3
0.291149 0.272883 0.502546 4.15594e-39 3
0.290932 0.280873 0.502171 1.20534e-39 3
0.00579525 0.231016 0.698148 6.64521e-39 3
0.0169582 0.227954 0.688896 5.72361e-39 3
0.0616356 0.238106 0.685761 8.10958e-39 3
0.0158313 0.26527 0.643115 5.26049e-39 3
0.0156772 0.27308 0.636858 8.3033e-39 3
0.0587473 0.280269 0.653626 6.73633e-39 3
0.187826 0.214517 0.590095 1.00514e-38 3
0.171145 0.224519 0.566737 4.06016e-39 3
0.179611 0.223548 0.564286 5.35341e-39 3
0.188742 0.223458 0.564059 7.65685e-39 3
0.199131 0.224797 0.567439 3.1407e-39 3
0.187393 0.230999 0.560029 4.52328e-39 3
0.197406 0.232027 0.562523 2.21912e-39 3
0.140653 0.254778 0.594175 4.98533e-39 3
0.131672 0.22313 0.520368 7.29059e-39 3
0.14494 0.230737 0.538109 7.38206e-39 3
0.139986 0.263217 0.591357 5.63141e-39 3
0.128983 0.22689 0.509742 6.36898e-39 3
0.139986 0.272866 0.591357 6.37006e-39 3
0.128795 0.234864 0.508999 4.89385e-39 3
-0.674342 -1.68521 4.35465 7.93027e-39 1
-0.603293 -1.68521 4.35465 1.66096e-39 1
-0.674342 -1.61416 4.35465 5.62573e-39 1
-0.603293 -1.61416 4.35465 3.22864e-39 1
0.519072 -1.77792 4.23696 1.2007e-39 1
0.519072 -1.70879 4.23696 2.67583e-39 1
0.588201 -1.70879 4.23696 3.04425e-39 1
1.31503 -1.89836 4.35465 3.13393e-39 1
1.38608 -1.89836 4.35465 1.53963e-38 1
1.38608 -1.82731 4.35465 4.05696e-39 1
0.107196 -1.89836 4.35465 5.62608e-39 1
0.178245 -1.89836 4.35465 3.1368e-39 1
0.107196 -1.82731 4.35465 2.49e-39 1
0.178245 -1.82731 4.35465 2.21449e-39 1
0.373597 0.302528 0.47204 5.90477e-39 3
0.352521 0.305317 0.464565 3.32438e-39 3
0.322827 0.300895 0.416478 5.16578e-39 3
0.323126 0.307974 0.416863 4.33495e-39 3
0.376741 0.243421 0.448288 4.24599e-39 3
0.380948 0.241452 0.444662 4.61513e-39 3
0.387603 0.241078 0.443974 7.10441e-39 3
0.307884 0.237135 0.423972 3.78393e-39 3
0.316133 0.238138 0.425765 5.81078e-39 3
0.37137 0.252054 0.450646 6.4576e-39 3
0.376781 0.250762 0.448335 4.4293e-39 3
0.381139 0.248832 0.444885 4.98318e-39 3
0.317647 0.283657 0.492774 6.27392e-39 3
0.303144 0.240295 0.417445 1.20283e-39 3
0.313719 0.243213 0.422514 9.13164e-39 3
0.386805 0.275646 0.478857 9.25888e-40 3
0.301984 0.246161 0.415848 7.01114e-39 3
0.310572 0.247598 0.418276 1.09755e-38 3
0.311433 0.242946 0.410417 1.12525e-38 3
0.366552 0.28764 0.472887 7.10368e-39 3
0.354128 0.29148 0.466683 5.99806e-39 3
0.322827 0.294099 0.416478 5.53601e-39 3
-0.401294 -2.09875 4.47907 5.25801e-39 1
-0.474373 -2.02567 4.47907 2.58327e-39 1
-0.401294 -2.02567 4.47907 2.03117e-39 1
1.01712 -1.68675 4.01968 2.76766e-39 1
1.01712 -1.62116 4.01968 3.87401e-39 1
1.08271 -1.62116 4.01968 3.41339e-39 1
-0.693609 -2.09875 4.47907 4.70377e-39 1
-0.62053 -2.09875 4.47907 5.53353e-39 1
-0.693609 -2.02567 4.47907 5.53353e-39 1
-0.62053 -2.02567 4.47907 4.61157e-39 1
0.320343 -2.18255 4.35465 4.79632e-39 1
0.391392 -2.18255 4.35465 3.59778e-39 1
0.320343 -2.1115 4.35465 4.33534e-39 1
0.519072 -1.98531 4.23696 4.97998e-39 1
0.588201 -1.98531 4.23696 4.51865e-39 1
0.519072 -1.91618 4.23696 1.29253e-39 1
0.588201 -1.91618 4.23696 2.67439e-39 1
0.726458 -2.19269 4.23696 9.12809e-39 1
0.795587 -2.19269 4.23696 1.02337e-38 1
0.726458 -2.12356 4.23696 2.67474e-39 1
0.795587 -2.12356 4.23696 4.33427e-39 1
0.519072 -2.19269 4.23696 6.36292e-39 1
0.588201 -2.19269 4.23696 6.91644e-39 1
0.519072 -2.12356 4.23696 3.50593e-39 1
0.588201 -2.12356 4.23696 3.22862e-39 1
1.21036 -1.77792 4.23696 4.42646e-39 1
1.27949 -1.77792 4.23696 6.26965e-39 1
1.21036 -1.70879 4.23696 3.04425e-39 1
1.27949 -1.70879 4.23696 3.31976e-39 1
1.00297 -1.98531 4.23696 4.79524e-39 1
1.0721 -1.98531 4.23696 3.87329e-39 1
1.00297 -1.91618 4.23696 4.33426e-39 1
1.0721 -1.91618 4.23696 4.7034e-39 1
0.817686 -2.3957 4.35465 1.41989e-38 1
0.888735 -2.3957 4.35465 1.42918e-38 1
0.817686 -2.32465 4.35465 1.46591e-38 1
0.888735 -2.32465 4.35465 1.42911e-38 1
0.320343 -2.3957 4.35465 1.44755e-38 1
0.391392 -2.3957 4.35465 1.49368e-38 1
0.320343 -2.32465 4.35465 1.46595e-38 1
0.391392 -2.32465 4.35465 7.28382e-39 1
-0.890662 -2.38097 4.75053 9.03446e-39 1
-0.813154 -2.38097 4.75053 3.31904e-39 1
-0.813154 -2.30346 4.75053 2.85878e-39 1
-0.518845 -2.69516 4.89898 1.7609e-38 1
-0.598775 -2.61523 4.89898 5.53137e-39 1
-0.518845 -2.61523 4.89898 6.36113e-39 1
-0.045588 0.219687 0.430447 6.27571e-39 3
-0.0383894 0.218687 0.428487 6.55266e-39 3
-0.0311761 0.217139 0.425453 5.53815e-39 3
-0.024338 0.218066 0.42727 2.86412e-39 3
-0.0454237 0.225893 0.428896 5.44596e-39 3
-0.0381672 0.224371 0.426006 7.10548e-39 3
-0.0382293 0.231698 0.426699 8.0278e-39 3
0.817686 -2.6799 4.35465 1.41996e-38 1
0.888735 -2.6799 4.35465 1.44755e-38 1
0.817686 -2.60885 4.35465 1.42911e-38 1
0.888735 -2.60885 4.35465 1.40152e-38 1
