# .PCD v0.7 - Point Cloud Data file format
VERSION 0.7
FIELDS x y z rgb label
SIZE 4 4 4 4 4
TYPE F F F F U
COUNT 1 1 1 1 1
WIDTH 3637
HEIGHT 1
VIEWPOINT 0 0 0 1 0 0 0
POINTS 3637
DATA ascii
0.145664 0.21142 0.292634 1.60442e-38 3
0.149142 0.209598 0.290112 1.37393e-38 3
0.142207 0.218215 0.295369 1.73349e-38 3
0.143209 0.21255 0.287701 1.6874e-38 3
0.147609 0.212128 0.287129 1.61364e-38 3
0.15235 0.212206 0.287235 1.49375e-38 3
0.159042 0.214917 0.290904 1.503e-38 3
0.147609 0.216813 0.287129 1.69662e-38 3
0.152309 0.216834 0.287158 1.71498e-38 3
0.157341 0.217313 0.287792 1.33698e-38 3
0.16265 0.218136 0.288882 1.71505e-38 3
0.168313 0.219373 0.29052 1.52152e-38 3
0.173629 0.220105 0.291489 1.47542e-38 3
0.179532 0.221519 0.293362 1.37364e-38 3
0.185125 0.222489 0.294647 1.40134e-38 3
0.189926 0.222481 0.294636 1.2817e-38 3
0.194321 0.222011 0.294013 1.30925e-38 3
0.19888 0.221745 0.293662 1.29999e-38 3
-0.230052 0.48591 0.688103 1.31858e-38 3
-0.252482 0.49709 0.688039 1.60446e-38 3
-0.263976 0.488056 0.660616 1.32772e-38 3
-0.250066 0.492666 0.652447 1.61349e-38 3
-0.253323 0.308923 0.43747 1.01422e-38 3
-0.232526 0.305266 0.413198 1.1433e-38 3
-0.231008 0.309971 0.4105 1.17099e-38 3
-0.483024 0.492002 0.696731 7.37565e-39 3
-0.47491 0.483534 0.669276 8.20613e-39 3
-0.410081 0.470203 0.636451 1.09709e-38 3
0.458559 0.46709 0.677097 1.30932e-38 3
0.452891 0.472228 0.668728 1.38308e-38 3
0.44988 0.479927 0.664282 1.55825e-38 3
0.444802 0.485225 0.656784 1.36464e-38 3
0.470531 0.489267 0.647946 1.28166e-38 3
0.133633 0.451694 0.654778 1.57662e-38 3
0.133626 0.462354 0.654746 1.65048e-38 3
0.133624 0.473029 0.654735 1.51219e-38 3
-0.380149 0.300481 0.43558 7.28201e-39 3
-0.372517 0.307155 0.434966 9.95497e-39 3
-0.323887 0.301523 0.426991 7.83698e-39 3
-0.152275 0.465937 0.691787 9.6791e-39 3
-0.160905 0.469471 0.680548 1.36435e-38 3
-0.148741 0.477173 0.675731 9.95676e-39 3
-0.148451 0.487246 0.674414 1.38297e-38 3
-0.148451 0.49825 0.674414 1.35535e-38 3
0.50512 0.435996 0.680292 1.30918e-38 3
0.503278 0.445465 0.677811 1.25386e-38 3
0.503436 0.456667 0.678024 1.41981e-38 3
0.0285646 0.311642 0.498964 1.60399e-38 3
0.0314559 0.308931 0.427602 1.57687e-38 3
0.0384356 0.308956 0.427636 1.7613e-38 3
0.0453766 0.30871 0.427296 1.53992e-38 3
0.0526062 0.310231 0.429402 1.30943e-38 3
0.0599978 0.312238 0.432179 1.54896e-38 3
0.0373036 0.306628 0.415041 1.68743e-38 3
0.0453998 0.315843 0.427514 1.44765e-38 3
0.0526707 0.317627 0.429928 1.26326e-38 3
0.0598648 0.318582 0.431221 1.59506e-38 3
0.0653712 0.311299 0.421364 1.72413e-38 3
0.0453707 0.322612 0.427241 1.52141e-38 3
0.0525202 0.323713 0.4287 1.38311e-38 3
0.0588567 0.320134 0.42396 1.30014e-38 3
0.0651394 0.317046 0.41987 1.49375e-38 3
-0.0941722 0.248772 0.398302 1.10628e-38 3
-0.0880212 0.249758 0.399882 1.26301e-38 3
-0.0815041 0.24978 0.399917 1.19847e-38 3
-0.0447016 0.22843 0.365734 1.30918e-38 3
-0.0993184 0.23657 0.369124 1.3645e-38 3
-0.0906719 0.229916 0.358742 1.26308e-38 3
-0.0838784 0.227367 0.354765 1.16159e-38 3
-0.0781493 0.227539 0.355034 1.65938e-38 3
-0.0734951 0.231119 0.360619 1.09706e-38 3
-0.0704548 0.240839 0.375785 1.39212e-38 3
-0.0613807 0.254034 0.396374 1.26315e-38 3
-0.047948 0.221811 0.346095 1.34613e-38 3
-0.0408316 0.214105 0.334071 1.33691e-38 3
-0.0350596 0.21216 0.331037 1.43825e-38 3
-0.0295237 0.211195 0.329532 1.31833e-38 3
-0.0243615 0.21307 0.332456 1.66856e-38 3
-0.0195574 0.220047 0.343343 1.51183e-38 3
-0.0142173 0.224174 0.349783 1.4474e-38 3
-0.00851804 0.224376 0.350098 1.2539e-38 3
-0.00285285 0.228126 0.355949 1.36468e-38 3
-0.0962022 0.234981 0.357543 1.51208e-38 3
-0.0883183 0.229649 0.34943 1.09713e-38 3
-0.0820287 0.228014 0.346941 1.36442e-38 3
-0.0763914 0.228083 0.347047 1.54874e-38 3
-0.068584 0.221166 0.336522 1.18932e-38 3
-0.0624098 0.218769 0.332875 1.3184e-38 3
-0.05898 0.226453 0.344567 1.36453e-38 3
-0.0525985 0.223229 0.339662 1.21705e-38 3
-0.0462753 0.219523 0.334021 1.04188e-38 3
-0.0403536 0.216985 0.33016 1.29081e-38 3
-0.0346527 0.215036 0.327194 1.38293e-38 3
-0.0292621 0.214652 0.326611 1.30911e-38 3
-0.0239805 0.215077 0.327256 1.39197e-38 3
-0.0189326 0.21844 0.332375 1.41041e-38 3
-0.0134103 0.216832 0.329928 1.50272e-38 3
-0.00804879 0.217413 0.330812 1.24468e-38 3
-0.00276274 0.226545 0.344706 1.34627e-38 3
-0.0940241 0.235362 0.349447 1.30925e-38 3
-0.0858201 0.228693 0.339546 1.23542e-38 3
-0.0803045 0.228763 0.339649 1.1984e-38 3
-0.0525674 0.228636 0.339461 1.29081e-38 3
-0.0458321 0.222817 0.330822 1.36457e-38 3
-0.0399867 0.22035 0.327158 1.38301e-38 3
-0.034506 0.219441 0.325809 1.59498e-38 3
-0.0291892 0.219433 0.325797 1.37364e-38 3
-0.0079499 0.220073 0.326748 1.34606e-38 3
-0.00266839 0.22424 0.332934 1.41074e-38 3
-0.0079145 0.224401 0.325293 1.39215e-38 3
-0.00261211 0.224828 0.325912 1.08809e-38 3
-0.0775421 0.231595 0.327966 1.29999e-38 3
-0.0392323 0.226667 0.320986 1.23546e-38 3
-0.0131436 0.228348 0.323367 1.61321e-38 3
-0.00787916 0.228682 0.32384 1.40134e-38 3
-0.00258843 0.22806 0.322958 1.68736e-38 3
-0.0772191 0.235959 0.326599 1.35531e-38 3
-0.0439711 0.229305 0.317389 1.44754e-38 3
-0.038787 0.229272 0.317343 1.52126e-38 3
-0.0336143 0.229306 0.31739 1.50283e-38 3
-0.0285095 0.229899 0.318211 1.42903e-38 3
-0.0234626 0.231329 0.32019 1.6503e-38 3
-0.0183001 0.232109 0.321269 1.44733e-38 3
-0.0130877 0.23263 0.321991 1.73306e-38 3
-0.00782406 0.23233 0.321575 1.58573e-38 3
-0.00254878 0.229754 0.31801 1.54896e-38 3
-0.0772191 0.241288 0.326599 1.29999e-38 3
-0.0617499 0.294598 0.398758 1.49382e-38 3
-0.0427958 0.228216 0.308905 1.44754e-38 3
-0.0375848 0.227183 0.307507 1.58584e-38 3
-0.0327284 0.228304 0.309025 1.4291e-38 3
-0.0280356 0.231183 0.312921 1.48442e-38 3
-0.0232329 0.234237 0.317055 1.88079e-38 3
-0.018148 0.235378 0.318599 1.62261e-38 3
-0.0129437 0.235267 0.31845 1.47499e-38 3
-0.00767477 0.233043 0.315439 1.6687e-38 3
-0.00249468 0.229956 0.311261 1.52141e-38 3
-0.061029 0.297589 0.394103 1.46627e-38 3
-0.0422926 0.230514 0.305274 1.44762e-38 3
-0.0371476 0.229499 0.30393 1.3278e-38 3
-0.0323365 0.230552 0.305324 1.38311e-38 3
-0.0275679 0.232346 0.307701 1.41988e-38 3
-0.022736 0.234289 0.310273 1.79789e-38 3
-0.0179318 0.237711 0.314805 1.74253e-38 3
-0.0128909 0.239482 0.317151 1.56729e-38 3
-0.00766222 0.2378 0.314924 1.65034e-38 3
-0.00249459 0.235026 0.311249 1.5491e-38 3
-0.43179 0.300938 0.494749 4.60834e-39 3
-0.425556 0.304549 0.487607 4.60869e-39 3
-0.408836 0.300227 0.468449 6.17674e-39 3
0.522923 0.436054 0.736643 1.2539e-38 3
0.502042 0.450908 0.741303 1.45673e-38 3
0.502111 0.463066 0.741405 1.32765e-38 3
-0.152801 0.235994 0.398673 1.39201e-38 3
-0.14232 0.229578 0.387835 9.68054e-39 3
-0.134161 0.226488 0.382614 1.21705e-38 3
-0.129426 0.229157 0.387123 1.1894e-38 3
-0.14551 0.230927 0.379649 1.44733e-38 3
-0.137685 0.228223 0.375204 9.68089e-39 3
-0.131885 0.228783 0.376124 1.24482e-38 3
-0.126073 0.229373 0.377095 1.13408e-38 3
-0.1221 0.233541 0.383947 1.39215e-38 3
-0.135532 0.220862 0.353616 1.3368e-38 3
-0.132898 0.226198 0.362161 1.13408e-38 3
-0.129747 0.23111 0.370025 1.20794e-38 3
-0.124586 0.232748 0.372647 1.38311e-38 3
-0.119401 0.234505 0.37546 1.38297e-38 3
-0.114033 0.236074 0.377972 1.15248e-38 3
-0.108532 0.237531 0.380306 1.33684e-38 3
-0.104859 0.243409 0.389716 1.1433e-38 3
-0.10006 0.247263 0.395887 1.27223e-38 3
-0.199911 0.234471 0.365849 1.03266e-38 3
-0.188834 0.228295 0.356213 1.06947e-38 3
-0.179522 0.223929 0.3494 1.34613e-38 3
-0.134162 0.22434 0.350041 1.21695e-38 3
-0.1293 0.225824 0.352356 1.23553e-38 3
-0.12698 0.232089 0.362133 1.24489e-38 3
-0.123731 0.237188 0.370089 1.41077e-38 3
-0.118827 0.239474 0.373655 1.18014e-38 3
-0.113466 0.241036 0.376093 1.32758e-38 3
-0.107414 0.241225 0.376388 1.2723e-38 3
-0.190407 0.229009 0.348456 1.03266e-38 3
-0.183026 0.226906 0.345257 1.03259e-38 3
-0.177149 0.226594 0.344781 1.19861e-38 3
-0.172328 0.227657 0.346398 1.25393e-38 3
-0.167883 0.229305 0.348906 1.01415e-38 3
-0.162723 0.230059 0.350053 1.30911e-38 3
-0.15706 0.23013 0.350161 1.26308e-38 3
-0.151312 0.230077 0.350081 1.24471e-38 3
-0.145634 0.23013 0.350161 1.2539e-38 3
-0.13983 0.229981 0.349934 1.41063e-38 3
-0.13414 0.230013 0.349984 1.33687e-38 3
-0.128626 0.230366 0.35052 1.1895e-38 3
-0.122978 0.230498 0.350722 1.19879e-38 3
-0.120702 0.237272 0.361029 1.2817e-38 3
-0.118322 0.244527 0.372067 1.43822e-38 3
-0.113017 0.246194 0.374604 1.47517e-38 3
-0.105119 0.242081 0.368346 1.26312e-38 3
-0.194535 0.23283 0.345688 9.86565e-39 3
-0.187949 0.231664 0.343957 1.17096e-38 3
-0.182608 0.232008 0.344468 1.10642e-38 3
-0.177156 0.232229 0.344796 9.03589e-39 3
-0.172544 0.233601 0.346833 1.18018e-38 3
-0.168028 0.235201 0.349208 9.86493e-39 3
-0.162713 0.235756 0.350032 1.12471e-38 3
-0.156851 0.235528 0.349693 1.28152e-38 3
-0.151041 0.235366 0.349454 1.20783e-38 3
-0.145407 0.235475 0.349615 1.29085e-38 3
-0.139533 0.235189 0.34919 1.48446e-38 3
-0.134077 0.235612 0.349819 1.40159e-38 3
-0.128457 0.235773 0.350057 1.25415e-38 3
-0.121816 0.233988 0.347407 1.34631e-38 3
-0.116794 0.235289 0.349339 1.1895e-38 3
-0.114722 0.242973 0.360748 1.2539e-38 3
-0.110939 0.247667 0.367717 1.29077e-38 3
-0.104174 0.245862 0.365036 1.23549e-38 3
-0.194101 0.237938 0.344917 1.17088e-38 3
-0.188105 0.237473 0.344242 1.30003e-38 3
-0.182824 0.23791 0.344876 1.15252e-38 3
-0.177786 0.238701 0.346022 8.48271e-39 3
-0.17327 0.240267 0.348292 1.1894e-38 3
-0.168903 0.242152 0.351026 1.06025e-38 3
-0.16349 0.24262 0.351704 1.26301e-38 3
-0.15706 0.241555 0.35016 1.12479e-38 3
-0.150969 0.240953 0.349286 1.39223e-38 3
-0.145116 0.240696 0.348915 1.20794e-38 3
-0.139223 0.240351 0.348414 1.39237e-38 3
-0.133115 0.239589 0.34731 1.4201e-38 3
-0.125838 0.236561 0.34292 1.18968e-38 3
-0.119707 0.235508 0.341394 1.21734e-38 3
-0.11427 0.235781 0.34179 1.31858e-38 3
-0.113571 0.246361 0.357127 1.54896e-38 3
-0.191896 0.2408 0.341 1.15252e-38 3
-0.187311 0.242064 0.34279 1.46598e-38 3
-0.182599 0.243237 0.344451 1.23549e-38 3
-0.178236 0.244965 0.346898 1.1617e-38 3
-0.174226 0.247306 0.350214 1.09713e-38 3
-0.169784 0.249173 0.352857 1.28145e-38 3
-0.163762 0.248771 0.352288 1.26308e-38 3
-0.156649 0.246622 0.349244 1.19854e-38 3
-0.150172 0.24535 0.347443 1.18028e-38 3
-0.143242 0.243208 0.344411 1.31865e-38 3
-0.136772 0.241704 0.34228 1.30939e-38 3
-0.130848 0.241078 0.341394 1.40159e-38 3
-0.125064 0.240667 0.340812 1.32798e-38 3
-0.119499 0.240658 0.340799 1.40173e-38 3
-0.180046 0.238051 0.329495 9.40467e-39 3
-0.17777 0.242276 0.335342 1.30003e-38 3
-0.178876 0.251524 0.348143 1.15248e-38 3
-0.17556 0.254958 0.352895 1.11553e-38 3
-0.170549 0.256079 0.354448 1.28145e-38 3
-0.162607 0.252723 0.349802 1.24464e-38 3
-0.154852 0.249425 0.345238 1.18014e-38 3
-0.145316 0.242901 0.336208 1.16184e-38 3
-0.13819 0.24005 0.332262 1.31865e-38 3
-0.133161 0.24076 0.333244 1.28173e-38 3
-0.129504 0.244115 0.337888 1.29092e-38 3
-0.17932 0.242446 0.328166 1.1433e-38 3
-0.176085 0.245399 0.332163 1.18018e-38 3
-0.178725 0.256987 0.347849 1.02341e-38 3
-0.178249 0.264709 0.358302 1.30914e-38 3
-0.170954 0.262484 0.35529 1.31836e-38 3
-0.158998 0.252695 0.342039 1.35531e-38 3
-0.147786 0.24342 0.329485 1.06032e-38 3
-0.136822 0.233868 0.316556 1.26326e-38 3
-0.129919 0.23078 0.312377 1.12504e-38 3
-0.177723 0.245593 0.325244 1.0511e-38 3
-0.172548 0.24578 0.325492 1.24471e-38 3
-0.172468 0.253468 0.335672 9.86529e-39 3
-0.176936 0.268562 0.355662 1.37368e-38 3
-0.15663 0.245802 0.32552 1.28148e-38 3
-0.14039 0.228049 0.30201 1.32765e-38 3
-0.135223 0.227646 0.301476 1.29081e-38 3
-0.130341 0.227709 0.30156 1.1527e-38 3
-0.125969 0.228705 0.302879 1.18957e-38 3
-0.121393 0.229395 0.303792 1.62275e-38 3
-0.321836 0.235932 0.398568 3.31868e-39 3
-0.303268 0.226904 0.383317 4.24135e-39 3
-0.335432 0.242862 0.39927 9.12521e-39 3
-0.323612 0.238944 0.39283 4.05517e-39 3
-0.310308 0.23375 0.384291 5.90015e-39 3
-0.335971 0.245018 0.392293 7.09762e-39 3
-0.321616 0.239105 0.382825 7.46641e-39 3
-0.31259 0.236997 0.37945 6.08455e-39 3
-0.305621 0.236395 0.378487 9.12772e-39 3
-0.321615 0.240676 0.37553 7.74371e-39 3
-0.310887 0.237165 0.370053 5.16152e-39 3
-0.307211 0.239003 0.372921 6.45225e-39 3
-0.30275 0.240292 0.374931 7.92918e-39 3
-0.305187 0.234196 0.356348 5.25371e-39 3
-0.300449 0.235038 0.357629 5.62249e-39 3
-0.300225 0.236108 0.350555 6.54445e-39 3
-0.309049 0.294666 0.398849 9.03517e-39 3
-0.306228 0.298425 0.395209 6.45369e-39 3
0.0862742 0.196266 0.340957 1.27244e-38 3
0.0916766 0.195923 0.340361 1.23557e-38 3
0.0976204 0.19671 0.341728 1.30925e-38 3
-0.0516735 0.332001 0.576758 1.44747e-38 3
-0.0431692 0.396789 0.589121 2.00047e-38 3
-0.0239474 0.396821 0.58917 1.6409e-38 3
-0.104214 0.433009 0.752232 1.42918e-38 3
-0.104214 0.445282 0.752232 1.4291e-38 3
-0.104483 0.458737 0.754174 1.57655e-38 3
0.203553 0.215002 0.395951 1.13415e-38 3
0.205873 0.210764 0.388146 1.21713e-38 3
0.210304 0.208874 0.384666 1.18947e-38 3
0.21964 0.211825 0.390101 1.31843e-38 3
0.228968 0.214603 0.395216 1.14326e-38 3
0.238022 0.216978 0.39959 1.26312e-38 3
0.25037 0.216381 0.398491 1.24471e-38 3
0.256628 0.216176 0.398113 1.1156e-38 3
0.263726 0.216671 0.399024 1.17088e-38 3
0.270771 0.2171 0.399814 1.26308e-38 3
0.202034 0.213048 0.380908 1.12493e-38 3
0.207086 0.211859 0.378781 1.15259e-38 3
0.213936 0.212524 0.379971 1.36453e-38 3
0.222637 0.214939 0.384289 1.28156e-38 3
0.231252 0.217141 0.388226 1.10649e-38 3
0.239112 0.218535 0.390718 1.22635e-38 3
0.24798 0.220755 0.394686 1.2817e-38 3
0.255464 0.221662 0.396308 1.22635e-38 3
0.26284 0.222431 0.397684 1.32765e-38 3
0.269466 0.222545 0.397887 1.23546e-38 3
0.275958 0.222545 0.397887 1.29999e-38 3
0.282745 0.222777 0.398303 1.32776e-38 3
0.289823 0.223224 0.399101 1.09727e-38 3
0.294244 0.221649 0.396285 1.12493e-38 3
0.292547 0.215633 0.385529 1.08805e-38 3
0.293854 0.212037 0.379099 1.14337e-38 3
0.298293 0.210803 0.376894 1.20776e-38 3
0.205829 0.216716 0.376482 1.35542e-38 3
0.212213 0.216962 0.37691 1.23557e-38 3
0.220044 0.218632 0.379812 1.42907e-38 3
0.230095 0.222357 0.386283 1.24468e-38 3
0.238054 0.223915 0.38899 1.22635e-38 3
0.247301 0.226573 0.393607 1.41996e-38 3
0.255249 0.227936 0.395974 1.27237e-38 3
0.262242 0.228399 0.396779 1.24468e-38 3
0.268482 0.228201 0.396434 1.23546e-38 3
0.274013 0.227422 0.395082 1.27234e-38 3
0.280606 0.227542 0.39529 1.35531e-38 3
0.286358 0.226989 0.39433 1.36464e-38 3
0.287865 0.223169 0.387694 1.10649e-38 3
0.287703 0.218248 0.379145 1.18025e-38 3
0.288974 0.214599 0.372805 1.17103e-38 3
0.294188 0.213967 0.371707 1.17092e-38 3
0.204943 0.221899 0.374861 1.26322e-38 3
0.211161 0.222005 0.375042 1.31854e-38 3
0.217318 0.222044 0.375107 1.38297e-38 3
0.224202 0.222803 0.37639 1.46595e-38 3
0.233627 0.22598 0.381756 1.31854e-38 3
0.24638 0.232127 0.39214 1.47527e-38 3
0.255821 0.234921 0.396861 1.34613e-38 3
0.262161 0.2348 0.396657 1.22624e-38 3
0.267677 0.233965 0.395245 1.24468e-38 3
0.271893 0.232059 0.392026 1.27234e-38 3
0.293377 0.219424 0.370682 1.24468e-38 3
0.298942 0.219071 0.370084 1.31843e-38 3
0.203494 0.226402 0.37221 1.4384e-38 3
0.209098 0.225895 0.371377 1.36457e-38 3
0.214007 0.224689 0.369393 1.32769e-38 3
0.219412 0.224053 0.368348 1.38293e-38 3
0.22862 0.227232 0.373575 1.1894e-38 3
0.239794 0.232148 0.381657 1.27244e-38 3
0.252533 0.238294 0.39176 1.31854e-38 3
0.262087 0.241204 0.396545 1.39219e-38 3
0.291603 0.224109 0.368441 1.2539e-38 3
0.296954 0.223612 0.367624 1.18936e-38 3
0.202928 0.225111 0.36042 1.39223e-38 3
0.20571 0.221771 0.355072 1.38293e-38 3
0.210343 0.220553 0.353123 1.39212e-38 3
0.216148 0.220599 0.353195 1.19861e-38 3
0.223989 0.222664 0.356502 1.21713e-38 3
0.245746 0.23811 0.381232 1.29095e-38 3
0.262436 0.248004 0.397073 1.27234e-38 3
0.292399 0.221612 0.354817 1.23546e-38 3
0.202746 0.224285 0.349955 1.38301e-38 3
0.208439 0.224267 0.349928 1.55811e-38 3
0.214149 0.224267 0.349928 1.5213e-38 3
0.219858 0.224267 0.349928 1.15259e-38 3
0.225393 0.224094 0.349657 1.34627e-38 3
0.225057 0.218236 0.340517 1.26312e-38 3
0.225184 0.213098 0.332501 1.30925e-38 3
0.230355 0.212864 0.332135 1.26308e-38 3
0.235738 0.212831 0.332084 1.33687e-38 3
0.240582 0.212324 0.331293 1.36453e-38 3
0.291152 0.222035 0.346445 1.14326e-38 3
0.203928 0.224999 0.342354 1.36453e-38 3
0.207915 0.223282 0.339742 1.46598e-38 3
0.211467 0.221199 0.336573 1.31858e-38 3
0.216044 0.220267 0.335155 1.30939e-38 3
0.220483 0.219243 0.333596 1.18936e-38 3
0.225037 0.218381 0.332284 1.30003e-38 3
0.230355 0.218283 0.332135 1.30918e-38 3
0.235738 0.218249 0.332084 1.26312e-38 3
0.240469 0.217628 0.331138 1.41063e-38 3
0.268001 0.21805 0.33178 1.20783e-38 3
0.276486 0.220499 0.335508 1.19858e-38 3
0.283035 0.22134 0.336786 1.12482e-38 3
0.285892 0.219316 0.333707 1.22627e-38 3
0.287812 0.216663 0.32967 1.24471e-38 3
0.291707 0.215567 0.328002 1.00493e-38 3
0.297116 0.215608 0.328065 1.01415e-38 3
0.200907 0.227169 0.337282 1.35531e-38 3
0.205873 0.226577 0.336404 1.29077e-38 3
0.210993 0.226183 0.335819 1.20783e-38 3
0.215774 0.225453 0.334735 1.19869e-38 3
0.220442 0.224644 0.333534 1.23557e-38 3
0.225462 0.224225 0.332911 1.14337e-38 3
0.230844 0.224176 0.33284 1.44754e-38 3
0.236462 0.224355 0.333105 1.30925e-38 3
0.241559 0.224041 0.332639 1.65034e-38 3
0.267515 0.223057 0.331178 1.18018e-38 3
0.273814 0.22379 0.332265 1.13408e-38 3
0.281503 0.225607 0.334964 1.30921e-38 3
0.285817 0.224702 0.33362 1.14326e-38 3
0.287053 0.221456 0.328801 1.25393e-38 3
0.289694 0.219393 0.325738 1.04181e-38 3
0.293116 0.217986 0.323649 1.17088e-38 3
0.297465 0.217306 0.322638 9.77346e-39 3
0.201494 0.233352 0.338268 1.32762e-38 3
0.205962 0.232167 0.336551 1.45673e-38 3
0.210894 0.231552 0.33566 1.1894e-38 3
0.215365 0.230477 0.334101 1.21713e-38 3
0.21883 0.228404 0.331096 1.30932e-38 3
0.29003 0.220916 0.320241 1.18014e-38 3
0.293804 0.219831 0.318668 1.1433e-38 3
0.203868 0.235241 0.333128 1.29063e-38 3
0.208925 0.234816 0.332526 1.30929e-38 3
0.212086 0.232336 0.329014 1.24486e-38 3
0.212252 0.226778 0.321143 1.44762e-38 3
0.201925 0.238383 0.329954 1.44718e-38 3
0.206514 0.23747 0.32869 1.39212e-38 3
0.204995 0.229756 0.318013 1.33691e-38 3
0.206368 0.225585 0.31224 1.40152e-38 3
0.202453 0.226304 0.306317 1.37379e-38 3
-0.257465 0.211619 0.38972 8.57275e-39 3
-0.257465 0.217977 0.38972 9.86349e-39 3
-0.23703 0.211104 0.377431 7.74443e-39 3
-0.278904 0.216306 0.375771 7.92738e-39 3
-0.272645 0.216205 0.375595 8.2976e-39 3
-0.29264 0.223563 0.377672 7.74299e-39 3
-0.285813 0.223044 0.376796 4.88492e-39 3
-0.278898 0.222432 0.375763 4.42503e-39 3
-0.272398 0.222131 0.375254 6.08491e-39 3
-0.268693 0.224148 0.378661 7.28309e-39 3
-0.268101 0.228917 0.386719 5.34698e-39 3
-0.270608 0.236626 0.399742 1.22617e-38 3
-0.299914 0.23058 0.379078 1.05107e-38 3
-0.292103 0.229304 0.37698 6.17674e-39 3
-0.285029 0.228563 0.375763 4.886e-39 3
-0.278327 0.228095 0.374994 5.16295e-39 3
-0.271466 0.227472 0.37397 1.09713e-38 3
-0.265291 0.227409 0.373866 5.34698e-39 3
-0.262294 0.230132 0.378342 9.31139e-39 3
-0.260173 0.233772 0.384327 1.18936e-38 3
-0.260675 0.240008 0.394579 8.29796e-39 3
-0.297018 0.234479 0.375418 7.19233e-39 3
-0.289254 0.233158 0.373304 7.09942e-39 3
-0.282509 0.232619 0.37244 3.59598e-39 3
-0.274301 0.230825 0.369568 5.62393e-39 3
-0.267766 0.23039 0.368872 1.04181e-38 3
-0.261742 0.230385 0.368865 9.5869e-39 3
-0.255923 0.230565 0.369152 1.08787e-38 3
-0.253128 0.233543 0.373921 8.39015e-39 3
-0.25212 0.238358 0.381629 8.94369e-39 3
-0.252033 0.24431 0.391158 7.10086e-39 3
-0.248782 0.247423 0.396144 7.92954e-39 3
-0.223309 0.247845 0.39682 1.0972e-38 3
-0.21633 0.247268 0.395895 9.86493e-39 3
-0.210348 0.247831 0.396796 8.85078e-39 3
-0.295872 0.239676 0.37397 6.45405e-39 3
-0.28923 0.239228 0.373272 9.03552e-39 3
-0.282509 0.238695 0.37244 8.2976e-39 3
-0.274301 0.236855 0.369568 9.03481e-39 3
-0.267743 0.236389 0.368841 9.21884e-39 3
-0.261351 0.236051 0.368314 7.65187e-39 3
-0.25477 0.235522 0.367489 1.23538e-38 3
-0.248777 0.235525 0.367494 1.09716e-38 3
-0.246527 0.239158 0.373163 1.11564e-38 3
-0.244932 0.243628 0.380137 5.99451e-39 3
-0.240802 0.245743 0.383436 9.58906e-39 3
-0.235065 0.246287 0.384286 9.68089e-39 3
-0.229976 0.247558 0.386269 1.06947e-38 3
-0.224147 0.248081 0.387085 8.94369e-39 3
-0.212724 0.242265 0.37801 9.95784e-39 3
-0.29998 0.239319 0.364144 8.38836e-39 3
-0.299629 0.243869 0.371066 8.20576e-39 3
-0.294959 0.245019 0.372816 7.00722e-39 3
-0.287937 0.244221 0.371603 9.31176e-39 3
-0.280817 0.243306 0.37021 8.57419e-39 3
-0.273469 0.242148 0.368448 8.94261e-39 3
-0.267115 0.241838 0.367976 7.37493e-39 3
-0.260738 0.241493 0.367451 7.65187e-39 3
-0.254042 0.240828 0.36644 1.18929e-38 3
-0.247631 0.240408 0.365801 1.02341e-38 3
-0.244606 0.243336 0.370255 9.86565e-39 3
-0.241884 0.246722 0.375407 8.7593e-39 3
-0.237329 0.248364 0.377906 1.06032e-38 3
-0.231577 0.24881 0.378584 1.00497e-38 3
-0.224646 0.247977 0.377317 1.1801e-38 3
-0.215441 0.244516 0.372051 5.44026e-39 3
-0.202358 0.236326 0.35959 9.58906e-39 3
-0.294134 0.23581 0.350112 6.08347e-39 3
-0.290962 0.237887 0.353196 9.31032e-39 3
-0.292035 0.243589 0.361662 1.03263e-38 3
-0.290648 0.247431 0.367366 9.21992e-39 3
-0.286964 0.249439 0.370348 8.75858e-39 3
-0.280879 0.249402 0.370292 8.3898e-39 3
-0.273855 0.24851 0.368968 9.3114e-39 3
-0.267598 0.24829 0.368641 7.00615e-39 3
-0.260552 0.247311 0.367188 8.20505e-39 3
-0.253203 0.245991 0.365228 1.11553e-38 3
-0.246366 0.245118 0.363932 1.09713e-38 3
-0.240836 0.245534 0.36455 7.56076e-39 3
-0.238341 0.249143 0.369908 1.14326e-38 3
-0.235754 0.252842 0.375399 1.10638e-38 3
-0.231123 0.254486 0.377841 9.31211e-39 3
-0.224454 0.253916 0.376995 8.11321e-39 3
-0.210546 0.244893 0.363598 1.16174e-38 3
-0.2997 0.241404 0.349941 6.91251e-39 3
-0.294026 0.241434 0.349984 7.00543e-39 3
-0.289483 0.242411 0.351401 1.1062e-38 3
-0.291031 0.248632 0.360418 8.29796e-39 3
-0.290168 0.253007 0.36676 9.31211e-39 3
-0.279686 0.249002 0.360955 8.75858e-39 3
-0.272632 0.247942 0.359419 9.86493e-39 3
-0.273805 0.254483 0.368901 5.34698e-39 3
-0.268767 0.255415 0.370251 7.37493e-39 3
-0.260586 0.253335 0.367236 9.40359e-39 3
-0.252974 0.251722 0.364898 1.07865e-38 3
-0.245874 0.250554 0.363205 8.3898e-39 3
-0.240614 0.25125 0.364213 8.7593e-39 3
-0.238336 0.255173 0.3699 1.13397e-38 3
-0.235754 0.258966 0.375399 1.01412e-38 3
-0.231005 0.260518 0.377648 9.5887e-39 3
-0.22248 0.257779 0.373679 1.18932e-38 3
-0.207554 0.247261 0.358431 1.06947e-38 3
-0.294026 0.247144 0.349984 1.14319e-38 3
-0.247704 0.235669 0.333734 5.90052e-39 3
-0.24243 0.235836 0.333971 1.04181e-38 3
-0.241887 0.240718 0.340884 9.31176e-39 3
-0.233963 0.232858 0.322306 1.02337e-38 3
-0.237258 0.231082 0.312785 7.28345e-39 3
-0.231793 0.230722 0.312297 7.65223e-39 3
-0.226625 0.230648 0.312197 9.12736e-39 3
-0.220543 0.229619 0.310804 9.12808e-39 3
-0.214509 0.228593 0.309415 1.00493e-38 3
-0.20468 0.223375 0.302353 8.75894e-39 3
-0.235007 0.233945 0.309817 7.83663e-39 3
-0.22992 0.233911 0.309773 9.12736e-39 3
-0.224241 0.233262 0.308913 7.56039e-39 3
-0.216799 0.230706 0.305528 1.01422e-38 3
-0.208031 0.226586 0.300072 8.29796e-39 3
0.0808725 0.208705 0.396261 1.24457e-38 3
0.0609955 0.213486 0.39316 1.20776e-38 3
0.0656301 0.207849 0.382778 1.41988e-38 3
0.071021 0.205378 0.378228 1.29074e-38 3
0.0764767 0.203475 0.374723 1.29996e-38 3
0.0823027 0.202766 0.373417 1.53045e-38 3
0.0890986 0.204379 0.376388 1.62271e-38 3
0.099786 0.214136 0.394355 1.33691e-38 3
0.0487548 0.222589 0.397965 1.51201e-38 3
0.053555 0.215768 0.38577 1.37364e-38 3
0.0590672 0.212949 0.38073 1.33684e-38 3
0.0643549 0.209935 0.375341 1.48442e-38 3
0.0696995 0.207613 0.37119 1.30925e-38 3
0.075465 0.206816 0.369766 1.48442e-38 3
0.0814911 0.206799 0.369735 1.6135e-38 3
0.0874942 0.206729 0.36961 1.37389e-38 3
0.0929701 0.205504 0.367419 1.34624e-38 3
0.0975793 0.202627 0.362275 1.19862e-38 3
0.0525939 0.218077 0.378847 1.25386e-38 3
0.0559408 0.207561 0.360578 1.41988e-38 3
0.0599327 0.201212 0.349549 1.254e-38 3
0.06582 0.201776 0.35053 1.20791e-38 3
0.0716359 0.202049 0.351004 1.47527e-38 3
0.0778153 0.203231 0.353057 1.45683e-38 3
0.0840628 0.204416 0.355115 1.41996e-38 3
0.0466572 0.225439 0.380843 1.30936e-38 3
0.0516566 0.220261 0.372095 1.31847e-38 3
0.0548951 0.209454 0.353839 1.41066e-38 3
0.0601391 0.207627 0.350753 1.31854e-38 3
0.0659373 0.207865 0.351154 1.33698e-38 3
0.0716387 0.207784 0.351018 1.32776e-38 3
0.0774034 0.207885 0.351188 1.41996e-38 3
0.082619 0.206599 0.349016 1.13415e-38 3
0.0860292 0.201256 0.339988 1.46605e-38 3
0.0916766 0.201476 0.340361 1.26322e-38 3
0.0976128 0.20227 0.341701 1.40145e-38 3
0.0408834 0.234173 0.384985 1.32776e-38 3
0.0466572 0.231653 0.380843 1.28173e-38 3
0.0522933 0.229122 0.376682 1.31847e-38 3
0.056033 0.219688 0.361173 1.33691e-38 3
0.0602364 0.213695 0.35132 1.34613e-38 3
0.0662374 0.214567 0.352752 1.3923e-38 3
0.0721068 0.214906 0.353311 1.38297e-38 3
0.0778094 0.214736 0.35303 1.24468e-38 3
0.0831588 0.213681 0.351296 1.34609e-38 3
0.0876525 0.210705 0.346404 1.41063e-38 3
0.0928728 0.20973 0.344802 1.51215e-38 3
0.0985773 0.209898 0.345078 1.53974e-38 3
0.0424665 0.249765 0.399893 1.44762e-38 3
0.0477154 0.243261 0.38948 1.54907e-38 3
0.0527336 0.237249 0.379854 1.53974e-38 3
0.0582388 0.234461 0.375391 1.40137e-38 3
0.0630198 0.229567 0.367554 1.54896e-38 3
0.0675084 0.22455 0.359521 1.53048e-38 3
0.0729278 0.223184 0.357334 1.50283e-38 3
0.0787884 0.22327 0.357472 1.56736e-38 3
0.0841971 0.222152 0.355682 1.47517e-38 3
0.0891271 0.219996 0.352231 1.70566e-38 3
0.0936784 0.217224 0.347793 1.74264e-38 3
0.0985301 0.215425 0.344913 1.54896e-38 3
0.072865 0.228816 0.357026 1.68718e-38 3
0.0782092 0.227418 0.354844 1.62264e-38 3
0.0839163 0.227195 0.354496 1.50283e-38 3
0.0883458 0.223764 0.349144 1.61346e-38 3
0.0930788 0.221472 0.345567 1.77952e-38 3
0.0979631 0.219781 0.342928 1.53985e-38 3
0.0775317 0.231187 0.35177 1.8532e-38 3
0.0826237 0.22939 0.349036 1.62271e-38 3
0.0880987 0.228819 0.348167 1.6781e-38 3
0.0928506 0.226553 0.344719 1.6597e-38 3
0.09775 0.224886 0.342182 1.73346e-38 3
0.00328054 0.26618 0.395204 1.37393e-38 3
0.0380996 0.241642 0.358771 1.71502e-38 3
0.0394602 0.216941 0.322097 1.51219e-38 3
0.0771255 0.235686 0.349928 1.86242e-38 3
0.0828216 0.235648 0.349872 1.52141e-38 3
0.0882525 0.234909 0.348775 1.69658e-38 3
0.0928543 0.232187 0.344733 1.51219e-38 3
0.0977057 0.230364 0.342027 1.45687e-38 3
0.0026897 0.223526 0.324025 1.35545e-38 3
0.00788095 0.220852 0.320149 1.30014e-38 3
0.0129806 0.218766 0.317125 1.54914e-38 3
0.0194922 0.234883 0.340488 1.49375e-38 3
0.0382877 0.248717 0.360542 1.49382e-38 3
0.03904 0.21983 0.318667 1.40155e-38 3
0.0441566 0.219419 0.318071 1.50286e-38 3
0.0492763 0.219108 0.317621 1.47513e-38 3
0.0537348 0.216197 0.3134 1.58576e-38 3
0.0578688 0.212599 0.308185 1.76101e-38 3
0.0978627 0.236324 0.342576 1.52141e-38 3
0.00265619 0.225963 0.319989 1.33709e-38 3
0.00775071 0.222339 0.314858 1.57672e-38 3
0.0127904 0.220659 0.312478 1.55829e-38 3
0.0194068 0.239385 0.338997 1.45694e-38 3
0.0423433 0.281568 0.398733 1.3924e-38 3
0.0401619 0.231496 0.327824 1.35553e-38 3
0.0441566 0.224608 0.318071 1.50286e-38 3
0.0490378 0.223205 0.316084 1.67803e-38 3
0.0529953 0.218265 0.309087 1.54896e-38 3
0.0575877 0.21657 0.306688 1.48442e-38 3
0.00260479 0.22671 0.313797 1.54914e-38 3
0.0076699 0.225105 0.311575 1.50297e-38 3
0.0129049 0.227777 0.315274 1.6136e-38 3
0.0218496 0.275744 0.381667 1.4385e-38 3
0.0548243 0.231015 0.319755 1.60428e-38 3
0.0574996 0.221235 0.306219 1.5674e-38 3
0.00255956 0.227804 0.308348 1.71509e-38 3
0.00754854 0.226546 0.306645 1.59516e-38 3
0.0125023 0.225655 0.305439 1.38311e-38 3
0.0174203 0.224811 0.304296 1.61367e-38 3
0.0243872 0.244918 0.331513 1.49378e-38 3
0.0604417 0.260436 0.352518 1.66881e-38 3
0.0638859 0.251358 0.34023 1.80711e-38 3
0.00255956 0.232835 0.308348 1.45694e-38 3
0.00754749 0.231517 0.306603 1.45687e-38 3
0.0124699 0.23004 0.304647 1.36467e-38 3
0.0172738 0.227844 0.301738 1.79807e-38 3
0.0224335 0.230272 0.304954 1.55832e-38 3
0.0338989 0.284796 0.37716 1.55836e-38 3
0.36659 0.20293 0.397613 1.0143e-38 3
0.370667 0.201618 0.395044 1.14337e-38 3
0.37806 0.202125 0.396036 9.86638e-39 3
0.388223 0.204071 0.399849 9.22101e-39 3
0.364926 0.208466 0.395808 8.85222e-39 3
0.369848 0.207604 0.394171 8.85222e-39 3
0.360591 0.212371 0.391106 8.20685e-39 3
0.360888 0.20885 0.384622 1.04195e-38 3
0.364281 0.207211 0.381602 9.3132e-39 3
0.369007 0.206372 0.380058 9.22101e-39 3
0.37187 0.204536 0.376676 7.93063e-39 3
0.376604 0.203772 0.37527 8.85223e-39 3
0.385007 0.204986 0.377506 9.12881e-39 3
0.305014 0.211199 0.377602 1.1801e-38 3
0.321021 0.217882 0.389549 1.19862e-38 3
0.335377 0.223206 0.399068 1.27237e-38 3
0.359165 0.217888 0.38956 9.95857e-39 3
0.357188 0.21292 0.380679 1.07883e-38 3
0.359149 0.21043 0.376226 9.49759e-39 3
0.364594 0.210031 0.375512 9.12881e-39 3
0.367664 0.208299 0.372416 9.68198e-39 3
0.370263 0.206361 0.368951 8.20685e-39 3
0.376421 0.206437 0.369087 9.95749e-39 3
0.300846 0.214389 0.372441 1.33687e-38 3
0.309701 0.21633 0.375813 1.13408e-38 3
0.327468 0.2243 0.389658 1.16174e-38 3
0.349218 0.226033 0.392668 1.1433e-38 3
0.350956 0.223066 0.387514 9.58906e-39 3
0.354058 0.221055 0.384021 1.10638e-38 3
0.35278 0.216427 0.37598 1.07873e-38 3
0.357814 0.215763 0.374828 1.13415e-38 3
0.360537 0.213752 0.371334 9.58979e-39 3
0.364212 0.212362 0.368919 1.14337e-38 3
0.370176 0.212331 0.368865 8.66783e-39 3
0.305802 0.219661 0.371082 1.23549e-38 3
0.32549 0.229264 0.387304 1.18018e-38 3
0.349032 0.232315 0.392459 1.06032e-38 3
0.349524 0.228452 0.385933 1.17096e-38 3
0.350589 0.225093 0.380257 1.18014e-38 3
0.351158 0.221538 0.374252 1.08794e-38 3
0.352338 0.218483 0.369092 9.4054e-39 3
0.35563 0.216819 0.36628 1.14337e-38 3
0.360596 0.216213 0.365257 1.03274e-38 3
0.302865 0.223548 0.367517 1.2539e-38 3
0.322936 0.233735 0.384266 1.20783e-38 3
0.342063 0.242863 0.399273 1.29081e-38 3
0.353322 0.2373 0.390126 1.0511e-38 3
0.348075 0.229639 0.377531 1.19854e-38 3
0.346103 0.224367 0.368864 1.06947e-38 3
0.344809 0.219708 0.361204 9.49651e-39 3
0.345694 0.21657 0.356046 9.6809e-39 3
0.350123 0.21572 0.354649 8.85222e-39 3
0.304655 0.226418 0.362512 1.06951e-38 3
0.335151 0.244339 0.391205 1.24471e-38 3
0.353224 0.243597 0.390018 1.06032e-38 3
0.345966 0.23437 0.375244 1.00493e-38 3
0.34022 0.226469 0.362594 9.86494e-39 3
0.33889 0.221728 0.355004 1.05107e-38 3
0.340964 0.219336 0.351174 1.02341e-38 3
0.301717 0.22571 0.35218 1.06954e-38 3
0.331255 0.243176 0.379431 9.86565e-39 3
0.345756 0.249164 0.388775 1.10635e-38 3
0.339775 0.240443 0.375167 1.06947e-38 3
0.333353 0.231724 0.361563 1.1433e-38 3
0.330727 0.225901 0.352478 9.40467e-39 3
0.332218 0.223041 0.348015 1.01419e-38 3
0.304049 0.216735 0.329779 1.06032e-38 3
0.31269 0.219018 0.333254 1.08798e-38 3
0.303458 0.217829 0.323415 1.01422e-38 3
0.357707 0.285353 0.394967 1.02337e-38 3
0.185582 0.203628 0.398982 1.2723e-38 3
0.192052 0.203586 0.3989 1.3001e-38 3
0.185626 0.210188 0.399076 1.15252e-38 3
0.192052 0.210095 0.3989 1.23557e-38 3
0.198959 0.217038 0.3997 1.19876e-38 3
0.103231 0.20212 0.361368 1.36457e-38 3
0.117407 0.217455 0.388786 1.37389e-38 3
0.172975 0.223691 0.399935 1.3086e-38 3
0.179427 0.223599 0.399772 1.53927e-38 3
0.184479 0.221831 0.396611 1.6042e-38 3
0.188801 0.219334 0.392146 1.3278e-38 3
0.193321 0.217224 0.388374 1.46613e-38 3
0.197842 0.215248 0.384842 1.12493e-38 3
0.115627 0.209108 0.363266 1.2633e-38 3
0.130626 0.224714 0.390377 1.50293e-38 3
0.140271 0.230088 0.399714 1.53974e-38 3
0.146868 0.230205 0.399917 1.59506e-38 3
0.153393 0.230205 0.399917 1.26322e-38 3
0.159888 0.230163 0.399844 1.53988e-38 3
0.165875 0.229421 0.398555 1.43811e-38 3
0.171059 0.227665 0.395505 1.61288e-38 3
0.17641 0.226253 0.393051 1.32719e-38 3
0.181164 0.224199 0.389483 1.1801e-38 3
0.180659 0.215998 0.375236 1.33702e-38 3
0.182226 0.210731 0.366085 1.28174e-38 3
0.189687 0.212397 0.368979 1.31854e-38 3
0.198156 0.215054 0.373596 1.2172e-38 3
0.102808 0.201525 0.340443 1.67803e-38 3
0.108242 0.201302 0.340066 1.34627e-38 3
0.1156 0.204503 0.345474 1.33698e-38 3
0.13339 0.225003 0.380105 1.4291e-38 3
0.145993 0.23532 0.397535 1.35535e-38 3
0.152532 0.235402 0.397673 1.58598e-38 3
0.157617 0.233325 0.394165 1.38326e-38 3
0.162026 0.230449 0.389305 1.46598e-38 3
0.165411 0.226388 0.382446 1.50257e-38 3
0.169319 0.223313 0.377251 1.39194e-38 3
0.171795 0.218631 0.369342 1.51208e-38 3
0.174033 0.213974 0.361474 1.2633e-38 3
0.180559 0.214721 0.362735 1.30017e-38 3
0.189191 0.217845 0.368013 1.27244e-38 3
0.197931 0.220899 0.373172 1.18947e-38 3
0.10318 0.207829 0.341675 1.63193e-38 3
0.108268 0.2069 0.340148 1.53988e-38 3
0.114718 0.208536 0.342838 1.65967e-38 3
0.124536 0.215858 0.354875 1.36464e-38 3
0.135595 0.224585 0.369222 1.3462e-38 3
0.144454 0.22908 0.376613 1.70583e-38 3
0.150108 0.228334 0.375386 1.32801e-38 3
0.153481 0.224313 0.368775 1.45691e-38 3
0.157968 0.222161 0.365238 1.4291e-38 3
0.164923 0.223511 0.367457 1.35535e-38 3
0.170632 0.223136 0.36684 1.41077e-38 3
0.172953 0.218507 0.35923 1.56754e-38 3
0.179706 0.219596 0.361022 1.41081e-38 3
0.190431 0.225317 0.370425 1.33698e-38 3
0.198272 0.227378 0.373814 1.10649e-38 3
0.103125 0.213289 0.341493 1.65037e-38 3
0.107643 0.211223 0.338184 1.66896e-38 3
0.113971 0.212735 0.340605 1.5491e-38 3
0.123 0.218913 0.350496 1.47531e-38 3
0.134295 0.228397 0.365681 1.68736e-38 3
0.144041 0.234553 0.375537 1.45701e-38 3
0.148076 0.231285 0.370305 1.37393e-38 3
0.151216 0.22693 0.363333 1.38315e-38 3
0.1563 0.225711 0.361381 1.40159e-38 3
0.163129 0.22701 0.36346 1.21716e-38 3
0.168499 0.226258 0.362256 1.29092e-38 3
0.171892 0.222992 0.357027 1.34627e-38 3
0.178447 0.223908 0.358494 1.41081e-38 3
0.186903 0.227075 0.363564 1.31854e-38 3
0.194211 0.228695 0.366159 1.29081e-38 3
0.199561 0.227982 0.365017 1.41067e-38 3
0.103071 0.218747 0.341315 1.5675e-38 3
0.10765 0.216754 0.338205 1.55832e-38 3
0.112473 0.215423 0.336128 1.62286e-38 3
0.117769 0.21508 0.335593 1.82565e-38 3
0.126855 0.22138 0.345424 1.49375e-38 3
0.138053 0.230674 0.359924 1.51222e-38 3
0.144292 0.231262 0.360842 1.61364e-38 3
0.14695 0.226289 0.353083 1.28177e-38 3
0.150549 0.223085 0.348084 1.4846e-38 3
0.155266 0.221712 0.345941 1.31861e-38 3
0.160646 0.221347 0.345371 1.41077e-38 3
0.166743 0.221962 0.346331 1.14341e-38 3
0.173646 0.223574 0.348847 1.24478e-38 3
0.181345 0.226077 0.352752 1.24479e-38 3
0.188069 0.227248 0.354578 1.50286e-38 3
0.193322 0.226624 0.353605 1.31858e-38 3
0.197738 0.225084 0.351202 1.37389e-38 3
0.102516 0.223107 0.339475 1.59516e-38 3
0.106681 0.220271 0.33516 1.34627e-38 3
0.110761 0.217545 0.331013 1.58598e-38 3
0.115282 0.215897 0.328504 1.81643e-38 3
0.120129 0.214979 0.327109 1.57672e-38 3
0.124945 0.214086 0.325749 1.60442e-38 3
0.129701 0.213169 0.324354 1.63208e-38 3
0.134031 0.211649 0.322041 1.5768e-38 3
0.136949 0.208099 0.31664 1.40162e-38 3
0.140835 0.206224 0.313786 1.40159e-38 3
0.147371 0.208226 0.316833 1.44762e-38 3
0.155367 0.212085 0.322704 1.33702e-38 3
0.163168 0.215432 0.327798 1.28166e-38 3
0.170751 0.21829 0.332145 1.35542e-38 3
0.179677 0.222635 0.338757 1.37386e-38 3
0.187063 0.224869 0.342157 1.35549e-38 3
0.192216 0.224368 0.341394 1.42006e-38 3
0.197511 0.224056 0.34092 1.41992e-38 3
0.101735 0.226904 0.33689 1.59516e-38 3
0.105373 0.222972 0.331052 1.4385e-38 3
0.109922 0.221256 0.328504 1.54921e-38 3
0.114792 0.220316 0.327109 1.69662e-38 3
0.119612 0.219369 0.325701 1.68736e-38 3
0.124121 0.217954 0.323601 1.40159e-38 3
0.128568 0.216552 0.32152 1.66896e-38 3
0.131778 0.213258 0.316628 1.85335e-38 3
0.135636 0.21122 0.313603 1.46616e-38 3
0.140722 0.211174 0.313535 1.52144e-38 3
0.145923 0.211298 0.313718 1.39237e-38 3
0.152541 0.213396 0.316833 1.33705e-38 3
0.160632 0.21735 0.322704 1.38315e-38 3
0.168464 0.220712 0.327697 1.53066e-38 3
0.175108 0.222359 0.330142 1.36464e-38 3
0.180965 0.22294 0.331003 1.43847e-38 3
0.188869 0.225934 0.33545 1.51226e-38 3
0.196077 0.22795 0.338443 1.3646e-38 3
0.101468 0.231792 0.336007 1.58598e-38 3
0.104689 0.22689 0.328901 1.41084e-38 3
0.109268 0.225268 0.326551 1.57687e-38 3
0.114045 0.224184 0.324979 1.77037e-38 3
0.118924 0.22339 0.323828 1.65052e-38 3
0.123606 0.222308 0.322259 1.49389e-38 3
0.128061 0.220923 0.320251 1.58609e-38 3
0.131541 0.218031 0.316059 1.76126e-38 3
0.135306 0.215811 0.312842 1.28188e-38 3
0.140166 0.215436 0.312297 1.53077e-38 3
0.145341 0.215553 0.312468 1.5307e-38 3
0.15195 0.217718 0.315606 1.32787e-38 3
0.160376 0.222259 0.322189 1.52144e-38 3
0.168458 0.226051 0.327685 1.56754e-38 3
0.175108 0.227746 0.330142 1.44769e-38 3
0.180965 0.22834 0.331003 1.45701e-38 3
0.188869 0.231408 0.33545 1.50315e-38 3
0.196266 0.233698 0.33877 1.30014e-38 3
0.100758 0.235613 0.333654 1.72427e-38 3
0.104139 0.231037 0.327174 1.55839e-38 3
0.10873 0.229461 0.324943 1.46627e-38 3
0.113377 0.228143 0.323076 1.53999e-38 3
0.118157 0.227198 0.321738 1.55843e-38 3
0.122884 0.226236 0.320376 1.64141e-38 3
0.127244 0.224705 0.318208 1.56765e-38 3
0.130803 0.221935 0.314286 1.65985e-38 3
0.134744 0.219998 0.311542 1.53077e-38 3
0.139259 0.219104 0.310276 1.53084e-38 3
0.143773 0.218271 0.309096 1.5585e-38 3
0.148732 0.218148 0.308923 1.32794e-38 3
0.156439 0.221931 0.314279 1.36471e-38 3
0.16699 0.22938 0.324829 1.34627e-38 3
0.177792 0.236706 0.335202 1.33716e-38 3
0.185211 0.239225 0.33877 1.32794e-38 3
0.190213 0.238566 0.337836 1.38326e-38 3
0.194895 0.237554 0.336404 1.3556e-38 3
0.199624 0.236654 0.335128 1.37368e-38 3
0.107403 0.231896 0.320975 1.7152e-38 3
0.111992 0.230563 0.31913 1.56765e-38 3
0.116736 0.229653 0.31787 1.64141e-38 3
0.121655 0.229149 0.317173 1.55843e-38 3
0.125666 0.227047 0.314263 1.5952e-38 3
0.129661 0.225081 0.311542 1.42003e-38 3
0.134216 0.224198 0.31032 1.50311e-38 3
0.138999 0.223748 0.309698 1.70594e-38 3
0.142977 0.222078 0.307386 1.51233e-38 3
0.145213 0.217908 0.301614 1.46623e-38 3
0.169134 0.230382 0.318879 1.38326e-38 3
0.185239 0.244789 0.33882 1.38326e-38 3
0.189488 0.243148 0.336549 1.45701e-38 3
0.191443 0.238738 0.330445 1.45701e-38 3
0.197606 0.239673 0.33174 1.35524e-38 3
0.12682 0.294357 0.398432 1.63211e-38 3
0.103294 0.228062 0.308697 1.56768e-38 3
0.108296 0.227989 0.308598 1.53999e-38 3
0.113331 0.227989 0.308598 1.66906e-38 3
0.1184 0.228054 0.308686 1.41092e-38 3
0.123989 0.229075 0.310068 1.40152e-38 3
0.129428 0.229749 0.310981 1.60435e-38 3
0.134211 0.229253 0.310309 1.56754e-38 3
0.138999 0.228801 0.309698 1.51222e-38 3
0.142793 0.226801 0.30699 1.41081e-38 3
0.178868 0.234704 0.317687 1.55832e-38 3
0.189517 0.241674 0.327121 1.28184e-38 3
0.196503 0.243719 0.32989 1.30925e-38 3
0.19305 0.233052 0.315451 1.49328e-38 3
0.193336 0.227337 0.307715 1.32747e-38 3
0.197392 0.226231 0.306219 1.36457e-38 3
0.114254 0.28569 0.378345 1.47524e-38 3
0.101099 0.228146 0.302138 1.56758e-38 3
0.106449 0.229049 0.303334 1.61364e-38 3
0.111586 0.229435 0.303845 1.53988e-38 3
0.116819 0.229979 0.304565 1.46613e-38 3
0.122277 0.230901 0.305787 1.43832e-38 3
0.18573 0.281748 0.373125 1.58598e-38 3
-0.0468056 0.405966 0.821703 1.4474e-38 3
-0.0469962 0.421081 0.82505 1.45665e-38 3
-0.0611728 0.480545 0.834812 1.429e-38 3
-0.330279 0.246997 0.499938 7.74299e-39 3
-0.31956 0.245032 0.495961 8.75822e-39 3
-0.306345 0.241002 0.487804 6.72992e-39 3
-0.330279 0.255153 0.499938 6.63593e-39 3
-0.31956 0.253124 0.495961 8.84934e-39 3
-0.304437 0.24741 0.484765 8.29616e-39 3
-0.317066 0.252776 0.479937 7.18982e-39 3
-0.3065 0.25054 0.475691 8.75714e-39 3
-0.372655 0.245791 0.426992 5.89908e-39 3
-0.365374 0.245579 0.426625 6.54445e-39 3
-0.350459 0.265954 0.462021 7.65079e-39 3
-0.326946 0.284876 0.494892 1.09698e-38 3
-0.366907 0.248859 0.420406 4.05516e-39 3
-0.353777 0.244524 0.413084 5.71469e-39 3
-0.344884 0.243008 0.410522 4.97641e-39 3
-0.338474 0.243214 0.410871 3.68639e-39 3
-0.345639 0.245484 0.403581 4.42395e-39 3
-0.385118 0.290009 0.441272 4.33283e-39 3
-0.380922 0.293971 0.436465 4.05517e-39 3
-0.303621 0.295544 0.409072 7.19126e-39 3
0.392764 0.199979 0.418594 1.04185e-38 3
0.394295 0.197327 0.413043 1.04185e-38 3
0.398819 0.196237 0.410762 8.94334e-39 3
0.379555 0.199853 0.404516 1.07873e-38 3
0.383882 0.198677 0.402135 9.40432e-39 3
0.392626 0.199788 0.404384 8.29797e-39 3
-0.192244 0.221992 0.481102 1.16181e-38 3
-0.173896 0.228835 0.495933 1.0972e-38 3
-0.131307 0.22518 0.488012 1.09713e-38 3
-0.114448 0.208939 0.452813 1.1894e-38 3
-0.105651 0.206188 0.446852 1.23549e-38 3
-0.113519 0.21457 0.449137 1.0972e-38 3
-0.105684 0.213546 0.446993 1.20776e-38 3
-0.190617 0.235679 0.477031 1.03273e-38 3
-0.179509 0.231393 0.468355 1.30003e-38 3
-0.170738 0.229873 0.465279 1.27237e-38 3
-0.162368 0.228775 0.463056 1.06025e-38 3
-0.153424 0.226723 0.458903 1.15245e-38 3
-0.146341 0.227351 0.460174 1.18018e-38 3
-0.137688 0.225476 0.456378 1.28159e-38 3
-0.129438 0.224084 0.453561 1.11564e-38 3
-0.121303 0.222735 0.450831 1.06951e-38 3
-0.113663 0.22218 0.449707 1.18014e-38 3
-0.106218 0.221953 0.449248 1.18003e-38 3
-0.196547 0.241189 0.472576 1.04199e-38 3
-0.18552 0.236952 0.464275 1.11575e-38 3
-0.175497 0.233692 0.457888 1.20783e-38 3
-0.166849 0.232056 0.454681 1.26308e-38 3
-0.158922 0.231315 0.45323 1.18007e-38 3
-0.151577 0.231391 0.453378 1.15245e-38 3
-0.14454 0.23197 0.454513 1.15252e-38 3
-0.137209 0.232113 0.454793 1.21705e-38 3
-0.129596 0.231768 0.454118 1.18018e-38 3
-0.121945 0.231309 0.453218 1.32762e-38 3
-0.114517 0.231241 0.453085 1.29074e-38 3
-0.107136 0.231265 0.453133 1.2445e-38 3
-0.189394 0.23984 0.455376 1.12486e-38 3
-0.178435 0.235188 0.446544 1.02344e-38 3
-0.170829 0.234749 0.44571 1.26308e-38 3
-0.165313 0.237269 0.450494 1.22613e-38 3
-0.15889 0.238662 0.453138 1.32758e-38 3
-0.151495 0.238658 0.453133 1.18932e-38 3
-0.144431 0.239204 0.454168 1.32769e-38 3
-0.137445 0.239945 0.455574 1.0972e-38 3
-0.12997 0.239866 0.455425 1.33691e-38 3
-0.122299 0.239396 0.454532 1.3184e-38 3
-0.114849 0.239325 0.454399 1.41052e-38 3
-0.107446 0.23935 0.454446 1.27216e-38 3
-0.100131 0.239588 0.454897 1.37357e-38 3
-0.195178 0.236284 0.435144 1.06025e-38 3
-0.184593 0.231905 0.427079 1.14323e-38 3
-0.17729 0.231467 0.426273 1.18932e-38 3
-0.171953 0.233666 0.430324 1.00493e-38 3
-0.16651 0.235902 0.434441 1.40137e-38 3
-0.159822 0.236494 0.435532 9.86421e-39 3
-0.154494 0.239247 0.440601 1.43822e-38 3
-0.151353 0.245822 0.452709 1.43832e-38 3
-0.144598 0.246899 0.454693 1.31847e-38 3
-0.137524 0.247519 0.455834 1.0972e-38 3
-0.130083 0.247512 0.455822 1.19861e-38 3
-0.122302 0.246818 0.454544 1.18932e-38 3
-0.114775 0.24658 0.454106 1.50272e-38 3
-0.107156 0.246098 0.453218 1.27223e-38 3
-0.18902 0.235705 0.421415 1.15245e-38 3
-0.179113 0.231781 0.414401 9.21956e-39 3
-0.171596 0.230766 0.412585 1.26308e-38 3
-0.164913 0.230832 0.412704 1.03259e-38 3
-0.15919 0.232308 0.415342 1.33676e-38 3
-0.153971 0.234682 0.419587 1.0233e-38 3
-0.150432 0.239957 0.429018 1.29992e-38 3
-0.151201 0.252953 0.452253 1.18018e-38 3
-0.145018 0.255057 0.456015 1.08798e-38 3
-0.137939 0.255726 0.457211 1.10642e-38 3
-0.130776 0.256307 0.458249 1.22627e-38 3
-0.123322 0.256355 0.458336 1.09713e-38 3
-0.114303 0.252945 0.45224 1.40137e-38 3
-0.103028 0.243727 0.435758 1.10628e-38 3
-0.198948 0.246359 0.42798 1.05089e-38 3
-0.188948 0.242487 0.421253 7.28345e-39 3
-0.178486 0.237708 0.412951 1.08791e-38 3
-0.169613 0.234752 0.407816 1.38293e-38 3
-0.161741 0.232997 0.404766 1.05099e-38 3
-0.153917 0.231165 0.401584 1.17996e-38 3
-0.146876 0.230399 0.400253 1.2446e-38 3
-0.141982 0.233084 0.404918 1.20776e-38 3
-0.139917 0.240903 0.418501 1.22627e-38 3
-0.143382 0.259536 0.450871 1.31847e-38 3
-0.138088 0.26347 0.457704 1.0511e-38 3
-0.130434 0.263095 0.457054 1.28152e-38 3
-0.116392 0.249007 0.43258 1.35524e-38 3
-0.104923 0.23896 0.415125 1.29996e-38 3
-0.198948 0.253342 0.42798 1.06011e-38 3
-0.188948 0.24936 0.421253 7.37493e-39 3
-0.178486 0.244446 0.412951 1.2262e-38 3
-0.169613 0.241406 0.407816 1.26308e-38 3
-0.161683 0.239515 0.404621 1.03255e-38 3
-0.136256 0.253628 0.428462 1.30925e-38 3
-0.134658 0.264208 0.446336 1.18936e-38 3
-0.117952 0.244662 0.413316 1.50279e-38 3
-0.109846 0.241662 0.408249 1.29074e-38 3
-0.103204 0.241708 0.408326 1.2723e-38 3
-0.191112 0.290914 0.478269 1.05099e-38 3
-0.12554 0.253108 0.416115 1.2539e-38 3
-0.116176 0.247619 0.407091 1.32762e-38 3
-0.108531 0.245351 0.403363 1.23542e-38 3
-0.102755 0.247289 0.406548 1.2262e-38 3
-0.175057 0.273623 0.438091 1.18929e-38 3
-0.173808 0.278768 0.434966 1.54892e-38 3
-0.105493 0.287927 0.417381 1.33684e-38 3
-0.104436 0.291783 0.413198 1.25393e-38 3
-0.104093 0.297546 0.411843 1.25393e-38 3
-0.205548 0.228044 0.494218 1.15252e-38 3
-0.264069 0.237978 0.498134 7.74407e-39 3
-0.256194 0.238213 0.498625 8.57275e-39 3
-0.240187 0.238475 0.499174 1.0694e-38 3
-0.231201 0.23761 0.497363 8.94226e-39 3
-0.222383 0.236861 0.495795 9.31247e-39 3
-0.212027 0.234355 0.490551 1.0972e-38 3
-0.201561 0.231527 0.48463 1.04188e-38 3
-0.28841 0.232944 0.471494 6.45333e-39 3
-0.280203 0.232517 0.470631 9.6791e-39 3
-0.274783 0.234444 0.47453 9.12628e-39 3
-0.267881 0.235182 0.476025 9.86384e-39 3
-0.261981 0.236869 0.47944 9.03373e-39 3
-0.259058 0.241435 0.488682 7.83519e-39 3
-0.254731 0.244941 0.495778 8.66423e-39 3
-0.245877 0.244182 0.494241 1.00472e-38 3
-0.23722 0.243572 0.493007 1.12464e-38 3
-0.229112 0.243504 0.492869 1.19847e-38 3
-0.220241 0.242591 0.491021 9.21956e-39 3
-0.210874 0.241041 0.487884 1.13408e-38 3
-0.200919 0.238671 0.483087 1.0972e-38 3
-0.281055 0.2345 0.45947 6.26786e-39 3
-0.275021 0.235753 0.461926 9.95569e-39 3
-0.273007 0.240621 0.471464 8.57239e-39 3
-0.266446 0.241647 0.473474 9.49506e-39 3
-0.259413 0.242294 0.474741 9.12592e-39 3
-0.256709 0.247147 0.484251 9.12521e-39 3
-0.251706 0.250026 0.489891 9.6773e-39 3
-0.244582 0.250917 0.491637 9.7695e-39 3
-0.236303 0.250644 0.491103 1.08776e-38 3
-0.227693 0.249988 0.489816 1.14319e-38 3
-0.218775 0.248934 0.487752 8.7593e-39 3
-0.207997 0.245604 0.481228 1.03277e-38 3
-0.298061 0.249972 0.474612 7.00543e-39 3
-0.253307 0.244154 0.463567 8.57275e-39 3
-0.253885 0.252242 0.478923 9.2174e-39 3
-0.251585 0.257895 0.489657 7.74119e-39 3
-0.243717 0.258023 0.489899 1.0968e-38 3
-0.235568 0.257852 0.489574 1.06011e-38 3
-0.225166 0.255116 0.484381 9.95677e-39 3
-0.214756 0.252173 0.478792 1.16174e-38 3
-0.203349 0.247792 0.470473 1.06032e-38 3
-0.259021 0.236234 0.435052 9.86349e-39 3
-0.251245 0.235599 0.433883 1.05089e-38 3
-0.249477 0.240723 0.443319 9.31139e-39 3
-0.219099 0.247254 0.455347 1.07854e-38 3
-0.208668 0.243748 0.44889 8.75822e-39 3
-0.263637 0.241063 0.430994 6.08455e-39 3
-0.257632 0.242028 0.43272 1.42889e-38 3
-0.24898 0.24049 0.42997 1.14319e-38 3
-0.242146 0.24067 0.430293 1.05099e-38 3
-0.236417 0.241992 0.432657 8.94261e-39 3
-0.228868 0.241475 0.431732 9.49471e-39 3
-0.220083 0.239581 0.428345 7.74299e-39 3
-0.213934 0.240524 0.430031 8.20397e-39 3
-0.210368 0.244535 0.437203 1.18929e-38 3
-0.200707 0.241493 0.431765 9.86457e-39 3
-0.264678 0.23646 0.410783 6.63808e-39 3
-0.26157 0.239755 0.416506 5.53173e-39 3
-0.256656 0.241525 0.419582 9.03481e-39 3
-0.251959 0.243603 0.423192 1.25382e-38 3
-0.245508 0.244054 0.423976 1.19851e-38 3
-0.238769 0.244237 0.424293 7.37565e-39 3
-0.233605 0.246089 0.42751 8.75822e-39 3
-0.22804 0.24762 0.43017 9.127e-39 3
-0.220067 0.246551 0.428313 7.1909e-39 3
-0.213308 0.246816 0.428773 8.66603e-39 3
-0.207066 0.247718 0.430341 1.22606e-38 3
-0.269901 0.241837 0.408544 1.09709e-38 3
-0.265472 0.243892 0.412015 5.80832e-39 3
-0.261323 0.246318 0.416114 5.90052e-39 3
-0.253927 0.24573 0.415121 6.3615e-39 3
-0.248554 0.247122 0.417473 8.48164e-39 3
-0.243606 0.249027 0.42069 9.12737e-39 3
-0.237331 0.249647 0.421737 1.03259e-38 3
-0.230908 0.250142 0.422574 8.75822e-39 3
-0.22672 0.253164 0.42768 1.02334e-38 3
-0.221114 0.254745 0.43035 1.15245e-38 3
-0.215553 0.256483 0.433285 8.11285e-39 3
-0.20745 0.255211 0.431138 1.21695e-38 3
-0.260003 0.245451 0.403527 5.80904e-39 3
-0.256223 0.248168 0.407993 8.48271e-39 3
-0.253204 0.251785 0.413939 8.3898e-39 3
-0.24788 0.253245 0.416341 6.91467e-39 3
-0.242326 0.254546 0.41848 8.66711e-39 3
-0.233101 0.251956 0.414221 9.03589e-39 3
-0.224512 0.249918 0.41087 9.12736e-39 3
-0.22133 0.253958 0.417513 9.95713e-39 3
-0.246039 0.251222 0.402226 8.11393e-39 3
-0.243605 0.255553 0.40916 9.21956e-39 3
-0.23385 0.252232 0.403843 9.77346e-39 3
-0.233294 0.299511 0.414564 1.1894e-38 3
0.00395587 0.21212 0.47656 1.15262e-38 3
0.0283673 0.220559 0.495518 1.31861e-38 3
0.0362612 0.219404 0.492924 1.23564e-38 3
0.0441423 0.218606 0.49113 1.34624e-38 3
0.0520275 0.21807 0.489926 1.30925e-38 3
0.0600177 0.218058 0.489899 1.14326e-38 3
0.0680107 0.218058 0.489899 1.34606e-38 3
0.0760037 0.218058 0.489899 1.25386e-38 3
0.0839967 0.218058 0.489899 1.30925e-38 3
0.0919897 0.218058 0.489899 1.23549e-38 3
0.00400653 0.222712 0.482663 1.18028e-38 3
0.01213 0.227371 0.492759 1.41999e-38 3
0.0201742 0.227421 0.492869 1.13422e-38 3
0.0281099 0.226568 0.491021 1.42925e-38 3
0.0358905 0.225121 0.487884 1.29092e-38 3
0.0434194 0.222908 0.483087 1.25404e-38 3
0.0507012 0.2203 0.477436 1.33691e-38 3
0.0582052 0.219224 0.475104 1.17092e-38 3
0.0659642 0.219249 0.475157 1.51201e-38 3
0.0740032 0.220101 0.477004 1.28152e-38 3
0.0825509 0.22216 0.481466 1.26315e-38 3
0.0908443 0.223236 0.483798 1.39223e-38 3
0.0987484 0.22326 0.48385 1.44747e-38 3
0.00395918 0.227862 0.476959 1.17096e-38 3
0.0118661 0.230288 0.482038 1.29081e-38 3
0.0197991 0.231084 0.483705 1.2356e-38 3
0.0275854 0.230203 0.481859 1.35542e-38 3
0.0351048 0.227979 0.477205 1.30932e-38 3
0.0423509 0.22511 0.471199 1.33691e-38 3
0.0489595 0.220254 0.461035 1.32762e-38 3
0.0554599 0.21627 0.452695 1.20776e-38 3
0.0625844 0.21537 0.450812 1.37372e-38 3
0.0707015 0.217716 0.455722 1.46591e-38 3
0.0800561 0.223064 0.466915 1.41059e-38 3
0.0896017 0.227968 0.477181 1.52123e-38 3
0.0977047 0.228711 0.478737 1.39208e-38 3
0.00394234 0.234641 0.47493 1.30003e-38 3
0.0116253 0.23332 0.472255 1.30925e-38 3
0.0193237 0.233238 0.47209 1.31854e-38 3
0.0269122 0.232255 0.470099 1.33698e-38 3
0.034031 0.228553 0.462608 1.32765e-38 3
0.0409053 0.224851 0.455114 1.1894e-38 3
0.0477804 0.222291 0.449932 1.18932e-38 3
0.0546917 0.220558 0.446425 1.35528e-38 3
0.061831 0.220044 0.445385 1.26308e-38 3
0.0690943 0.220033 0.445362 1.42903e-38 3
0.0765261 0.22051 0.446327 1.41052e-38 3
0.086632 0.22794 0.461366 1.51194e-38 3
0.0959335 0.232234 0.470058 1.29067e-38 3
0.0038858 0.238914 0.468119 1.30932e-38 3
0.0114042 0.236442 0.463275 1.19858e-38 3
0.0188633 0.2352 0.460842 1.37379e-38 3
0.0261105 0.232777 0.456095 1.42921e-38 3
0.0331003 0.229644 0.449956 1.25404e-38 3
0.0401243 0.227842 0.446425 1.42918e-38 3
0.0472879 0.227265 0.445294 1.40137e-38 3
0.0543547 0.226438 0.443674 1.3552e-38 3
0.0610572 0.224466 0.439811 1.43825e-38 3
0.0676131 0.222427 0.435815 1.29996e-38 3
0.0727602 0.216582 0.424363 1.23542e-38 3
0.0785816 0.213586 0.418493 1.16149e-38 3
0.0898432 0.224673 0.440217 1.25368e-38 3
0.00387131 0.245632 0.466373 1.46605e-38 3
0.0114042 0.244 0.463275 1.32765e-38 3
0.0188633 0.242719 0.460842 1.29996e-38 3
0.0261052 0.240171 0.456004 1.41066e-38 3
0.032988 0.236181 0.448429 1.50297e-38 3
0.0398675 0.233621 0.443568 1.39223e-38 3
0.0464064 0.230158 0.436994 1.3184e-38 3
0.0530136 0.227911 0.432727 1.27223e-38 3
0.0591274 0.224321 0.42591 1.37372e-38 3
0.0649177 0.220387 0.418441 1.24464e-38 3
0.0703184 0.216005 0.410122 1.25386e-38 3
0.0751228 0.210712 0.400072 1.20769e-38 3
0.00396654 0.259471 0.477846 1.65956e-38 3
0.0117176 0.258472 0.476006 1.28152e-38 3
0.0192823 0.255796 0.471078 1.51186e-38 3
0.0262976 0.249436 0.459365 1.36435e-38 3
0.0329934 0.243537 0.448502 1.32762e-38 3
0.0398675 0.240858 0.443568 1.46591e-38 3
0.0463281 0.236888 0.436256 1.28152e-38 3
0.0515188 0.228346 0.420526 1.62257e-38 3
0.056499 0.220989 0.406977 1.4013e-38 3
0.00405143 0.272987 0.488072 1.50283e-38 3
0.0119854 0.272322 0.486882 1.23535e-38 3
0.0575119 0.270228 0.469445 1.28152e-38 3
0.0498595 0.277926 0.46951 1.18018e-38 3
0.0430904 0.291618 0.479426 1.41967e-38 3
0.0302116 0.256507 0.410688 1.38279e-38 3
0.0364512 0.253303 0.405558 1.47506e-38 3
0.00338312 0.261204 0.407562 1.30028e-38 3
0.0108573 0.282672 0.441058 1.30925e-38 3
0.0174358 0.273001 0.425968 1.36446e-38 3
0.0237565 0.265957 0.414977 1.64108e-38 3
0.0305418 0.266084 0.415176 1.33691e-38 3
0.037958 0.270665 0.422323 1.69647e-38 3
0.0445306 0.268746 0.419329 1.51219e-38 3
0.0841416 0.287187 0.448103 1.65034e-38 3
0.00336126 0.266123 0.404928 1.31872e-38 3
0.0108765 0.290379 0.441836 1.32769e-38 3
0.0179886 0.288827 0.439474 1.35528e-38 3
0.0248743 0.28556 0.434503 1.59506e-38 3
0.0316445 0.28271 0.430167 1.74268e-38 3
0.0381065 0.278641 0.423975 1.46609e-38 3
0.0439568 0.272037 0.413926 1.62282e-38 3
0.0896977 0.288847 0.439504 1.70562e-38 3
0.010825 0.296181 0.439746 1.2817e-38 3
0.0179962 0.296122 0.439658 1.62271e-38 3
0.024888 0.29281 0.434742 1.45687e-38 3
0.0314917 0.288329 0.428088 1.49378e-38 3
0.0375722 0.281554 0.41803 1.41081e-38 3
0.0887717 0.292961 0.434966 1.41988e-38 3
0.0304159 0.285225 0.413464 1.18957e-38 3
0.0376752 0.289165 0.419176 1.27266e-38 3
0.0304641 0.292434 0.41412 1.27266e-38 3
0.0381126 0.299441 0.424043 1.51237e-38 3
0.0626571 0.291785 0.40387 1.72413e-38 3
0.495975 0.198977 0.464041 8.02102e-39 3
0.479489 0.199682 0.448616 7.74372e-39 3
0.407951 0.197413 0.413224 9.12881e-39 3
0.403194 0.21403 0.499146 1.08798e-38 3
0.409685 0.21317 0.49714 9.77346e-39 3
0.413368 0.21091 0.491871 9.03553e-39 3
0.412115 0.206267 0.481042 1.005e-38 3
0.41522 0.203937 0.475608 9.22028e-39 3
0.429083 0.206879 0.48247 9.12773e-39 3
0.446065 0.211193 0.492529 6.91504e-39 3
0.460945 0.214376 0.499953 8.29797e-39 3
0.492197 0.213778 0.498558 7.46785e-39 3
0.495819 0.21185 0.494063 6.54589e-39 3
0.498728 0.209684 0.489011 6.45334e-39 3
0.498882 0.206446 0.481459 5.34699e-39 3
0.498339 0.203025 0.47348 7.3753e-39 3
0.402877 0.217604 0.488879 9.86637e-39 3
0.403072 0.213483 0.47962 1.09727e-38 3
0.404062 0.209931 0.471641 1.01419e-38 3
0.408348 0.208193 0.467737 1.01419e-38 3
0.415422 0.207914 0.467109 1.06029e-38 3
0.430831 0.211741 0.475708 9.49652e-39 3
0.451986 0.218208 0.490236 8.11358e-39 3
0.490134 0.220982 0.496469 8.02138e-39 3
0.489104 0.216932 0.487371 7.92919e-39 3
0.489416 0.213598 0.47988 7.56041e-39 3
0.485911 0.208729 0.468942 6.82284e-39 3
0.478245 0.202252 0.454388 5.90017e-39 3
0.490822 0.201329 0.452315 5.89873e-39 3
0.497365 0.200991 0.451555 4.60906e-39 3
0.403409 0.205532 0.44543 9.49652e-39 3
0.41209 0.206239 0.446964 9.40432e-39 3
0.443498 0.218099 0.472665 9.31212e-39 3
0.476231 0.230193 0.498876 9.8653e-39 3
0.48641 0.227342 0.492697 9.40432e-39 3
0.480822 0.221076 0.479118 9.58871e-39 3
0.470867 0.213036 0.461693 9.8653e-39 3
0.464784 0.206973 0.448552 7.37602e-39 3
0.467133 0.204794 0.44383 6.17675e-39 3
0.471749 0.203661 0.441375 6.26859e-39 3
0.477871 0.203202 0.44038 7.00507e-39 3
0.426227 0.202904 0.424717 7.46929e-39 3
0.450176 0.210876 0.441405 8.02246e-39 3
0.455726 0.210115 0.439811 8.48344e-39 3
0.459307 0.208483 0.436395 6.17747e-39 3
0.463913 0.207359 0.434043 7.74372e-39 3
0.403724 0.20204 0.408942 8.85187e-39 3
0.419988 0.206762 0.4185 8.76003e-39 3
0.436271 0.211342 0.427771 7.93027e-39 3
0.446027 0.212666 0.43045 7.37709e-39 3
0.450334 0.211391 0.42787 7.5604e-39 3
0.408873 0.207937 0.407424 8.11502e-39 3
0.418973 0.209665 0.41081 9.31356e-39 3
0.427355 0.210492 0.412431 8.39124e-39 3
0.432841 0.20989 0.41125 8.11358e-39 3
0.48656 0.255356 0.484836 7.83843e-39 3
0.303467 0.212628 0.495877 1.07873e-38 3
0.309358 0.211127 0.492377 1.21698e-38 3
0.315829 0.210088 0.489953 1.16166e-38 3
0.323787 0.210065 0.489899 9.03446e-39 3
0.33178 0.210065 0.489899 9.67983e-39 3
0.339773 0.210065 0.489899 1.00493e-38 3
0.347845 0.210112 0.490009 1.09713e-38 3
0.357184 0.210906 0.49186 1.0511e-38 3
0.36741 0.212177 0.494825 8.57491e-39 3
0.376516 0.21276 0.496186 9.95785e-39 3
0.386015 0.213537 0.497997 1.0972e-38 3
0.395118 0.214067 0.499232 1.12486e-38 3
0.30552 0.216442 0.486268 1.21702e-38 3
0.31193 0.215389 0.483904 1.24464e-38 3
0.31979 0.215365 0.48385 1.18003e-38 3
0.327684 0.215365 0.48385 9.12665e-39 3
0.335578 0.215365 0.48385 1.04181e-38 3
0.343549 0.215414 0.483958 1.03259e-38 3
0.352677 0.216168 0.485654 1.28156e-38 3
0.361554 0.21674 0.486939 1.10638e-38 3
0.370906 0.217565 0.488793 9.95785e-39 3
0.381151 0.218869 0.491721 1.005e-38 3
0.390148 0.219417 0.492952 9.86565e-39 3
0.398035 0.219331 0.492759 1.12486e-38 3
0.302495 0.216531 0.469267 1.05103e-38 3
0.31035 0.21667 0.469568 1.10628e-38 3
0.320257 0.218199 0.472883 1.13393e-38 3
0.330721 0.220028 0.476847 9.68054e-39 3
0.340515 0.221337 0.479684 1.21698e-38 3
0.34927 0.221927 0.480963 1.06951e-38 3
0.35838 0.222712 0.482664 1.08794e-38 3
0.367218 0.223298 0.483932 1.03266e-38 3
0.376448 0.224092 0.485654 9.68126e-39 3
0.385302 0.224634 0.486829 1.06947e-38 3
0.392923 0.224451 0.486431 1.10642e-38 3
0.395038 0.221191 0.479366 1.10642e-38 3
0.393325 0.215956 0.468022 1.12493e-38 3
0.391922 0.211088 0.457471 1.06951e-38 3
0.395397 0.20898 0.452902 1.19858e-38 3
0.398827 0.206925 0.448449 9.8653e-39 3
0.303116 0.213824 0.447574 1.12475e-38 3
0.314636 0.216728 0.453654 9.49652e-39 3
0.324675 0.218503 0.45737 1.06951e-38 3
0.334032 0.21975 0.45998 1.08795e-38 3
0.342337 0.220265 0.461057 1.05107e-38 3
0.349878 0.220276 0.461081 1.01419e-38 3
0.357631 0.220419 0.461379 8.94334e-39 3
0.361625 0.218285 0.456913 1.10635e-38 3
0.350472 0.20728 0.433877 1.05103e-38 3
0.371823 0.215554 0.451196 9.58906e-39 3
0.369391 0.209987 0.439543 1.02344e-38 3
0.360543 0.201053 0.420843 9.6809e-39 3
0.368639 0.201726 0.422252 1.02341e-38 3
0.375569 0.201748 0.422299 9.68091e-39 3
0.383649 0.202376 0.423612 9.58871e-39 3
0.391595 0.202912 0.424734 9.58871e-39 3
0.312429 0.207886 0.420776 1.1617e-38 3
0.335593 0.218499 0.442257 1.29078e-38 3
0.345287 0.220078 0.445454 1.05107e-38 3
0.35024 0.218633 0.442529 1.15241e-38 3
0.348064 0.212886 0.430896 1.07869e-38 3
0.355782 0.213298 0.43173 1.08791e-38 3
0.351014 0.206354 0.417675 1.04188e-38 3
0.356613 0.205653 0.416256 9.03589e-39 3
0.37043 0.209629 0.424303 1.06032e-38 3
0.376896 0.209375 0.42379 1.01419e-38 3
0.376754 0.205526 0.415999 1.10638e-38 3
0.377844 0.202473 0.409819 1.18936e-38 3
0.306223 0.210486 0.412418 1.05107e-38 3
0.31324 0.21068 0.412798 1.26312e-38 3
0.321882 0.211935 0.415258 1.10638e-38 3
0.332688 0.214535 0.420352 1.18932e-38 3
0.336571 0.212655 0.416668 1.34606e-38 3
0.339852 0.210477 0.4124 1.11564e-38 3
0.345208 0.209643 0.410766 1.12486e-38 3
0.350031 0.208524 0.408574 1.1433e-38 3
0.356414 0.208358 0.408249 1.11564e-38 3
0.363007 0.208319 0.408173 1.02341e-38 3
0.367028 0.206832 0.405259 9.68091e-39 3
0.398862 0.206198 0.404017 8.66748e-39 3
0.304059 0.21568 0.409504 1.18936e-38 3
0.310697 0.21565 0.409447 1.08795e-38 3
0.319262 0.216931 0.411879 1.23546e-38 3
0.323966 0.215589 0.409331 1.07869e-38 3
0.329785 0.215029 0.408268 1.29996e-38 3
0.336431 0.215019 0.408249 1.17096e-38 3
0.343092 0.215019 0.408249 1.01422e-38 3
0.349349 0.214771 0.407778 1.1433e-38 3
0.354688 0.213978 0.406272 1.1433e-38 3
0.360076 0.213243 0.404877 9.95749e-39 3
0.364399 0.211915 0.402356 8.57456e-39 3
0.301831 0.220732 0.406503 1.28166e-38 3
0.30821 0.220551 0.40617 1.19869e-38 3
0.312871 0.219173 0.403633 1.254e-38 3
0.318167 0.218289 0.402005 1.26308e-38 3
0.324757 0.21831 0.402042 1.24464e-38 3
0.332342 0.218985 0.403287 1.23549e-38 3
0.340596 0.220067 0.405278 1.1894e-38 3
0.34786 0.22048 0.40604 1.10642e-38 3
0.35347 0.219849 0.404877 1.0972e-38 3
0.359281 0.219364 0.403984 1.10642e-38 3
0.363452 0.217912 0.401311 1.05107e-38 3
0.34472 0.225055 0.402374 1.16174e-38 3
0.352707 0.225966 0.404004 1.0972e-38 3
0.359199 0.225904 0.403892 9.22028e-39 3
0.363141 0.224268 0.400967 1.08794e-38 3
0.343881 0.231056 0.401395 1.11564e-38 3
0.351792 0.231954 0.402955 1.15252e-38 3
0.35417 0.270469 0.456914 1.36464e-38 3
0.342775 0.236841 0.400104 1.11564e-38 3
0.350402 0.237586 0.401362 1.04188e-38 3
0.352467 0.276587 0.454716 1.2539e-38 3
0.350819 0.244425 0.401841 1.18018e-38 3
0.355892 0.243411 0.400173 1.12486e-38 3
0.362079 0.279966 0.448247 1.2539e-38 3
0.353756 0.253082 0.405204 1.20783e-38 3
0.356662 0.25048 0.401038 1.23549e-38 3
0.355926 0.276806 0.431905 1.29078e-38 3
0.329391 0.273522 0.416186 1.10642e-38 3
0.329371 0.280295 0.41616 1.08798e-38 3
0.363993 0.28234 0.409281 1.12479e-38 3
0.362349 0.282529 0.400093 1.05103e-38 3
0.281068 0.214054 0.499203 1.27234e-38 3
0.288146 0.213265 0.497363 1.08791e-38 3
0.295525 0.212736 0.496128 1.08795e-38 3
0.264719 0.222149 0.499091 1.23546e-38 3
0.270893 0.220546 0.49549 1.24468e-38 3
0.277533 0.219404 0.492924 1.18932e-38 3
0.284536 0.218606 0.49113 1.14315e-38 3
0.291831 0.21807 0.489926 1.18929e-38 3
0.299675 0.217961 0.489681 1.18014e-38 3
0.244128 0.21912 0.474878 1.24461e-38 3
0.249578 0.21712 0.470545 1.24468e-38 3
0.256407 0.216405 0.468994 1.30921e-38 3
0.260557 0.213534 0.462773 1.3184e-38 3
0.26562 0.211554 0.458481 1.17081e-38 3
0.273043 0.211509 0.458385 1.14319e-38 3
0.280764 0.211691 0.458779 1.23546e-38 3
0.292142 0.21455 0.464975 1.06029e-38 3
0.241664 0.21767 0.455625 1.27234e-38 3
0.248183 0.216871 0.453952 1.26312e-38 3
0.253313 0.214939 0.449909 1.41981e-38 3
0.258583 0.213231 0.446335 1.29989e-38 3
0.264347 0.212013 0.443785 1.21695e-38 3
0.270058 0.21082 0.441286 1.15248e-38 3
0.275761 0.209681 0.438903 1.28156e-38 3
0.282403 0.209296 0.438098 1.09709e-38 3
0.291563 0.210751 0.441143 1.18007e-38 3
0.219413 0.217775 0.440792 1.36471e-38 3
0.231023 0.222021 0.449386 1.18936e-38 3
0.238875 0.222505 0.450366 1.29999e-38 3
0.245391 0.221754 0.448845 1.07873e-38 3
0.251188 0.220414 0.446134 1.18932e-38 3
0.255238 0.217661 0.44056 1.20769e-38 3
0.257358 0.213457 0.432052 1.3184e-38 3
0.259208 0.20926 0.423556 1.1617e-38 3
0.260193 0.2046 0.414125 1.31843e-38 3
0.265444 0.203446 0.411789 1.40134e-38 3
0.273912 0.204754 0.414435 1.16163e-38 3
0.278802 0.203389 0.411673 9.58799e-39 3
0.283224 0.201754 0.408364 9.95749e-39 3
0.290287 0.202032 0.408927 1.10638e-38 3
0.298254 0.202914 0.410711 1.08795e-38 3
0.200971 0.206058 0.403742 1.27252e-38 3
0.217393 0.215822 0.422873 1.31854e-38 3
0.229462 0.220796 0.432619 1.31843e-38 3
0.23884 0.222962 0.436863 1.30921e-38 3
0.246345 0.223304 0.437533 1.34602e-38 3
0.25013 0.220349 0.431743 1.31836e-38 3
0.251069 0.215118 0.421493 1.3645e-38 3
0.254241 0.212028 0.41544 1.26315e-38 3
0.257741 0.209365 0.410222 1.2539e-38 3
0.262321 0.207692 0.406945 1.26312e-38 3
0.26764 0.206672 0.404946 1.41056e-38 3
0.273223 0.205901 0.403435 1.30914e-38 3
0.279589 0.205742 0.403123 1.23539e-38 3
0.287469 0.206678 0.404958 1.15248e-38 3
0.296675 0.208505 0.408536 9.68091e-39 3
0.207766 0.212858 0.404146 1.38308e-38 3
0.214394 0.212892 0.40421 1.28156e-38 3
0.222277 0.214133 0.406566 1.21702e-38 3
0.229837 0.214999 0.408212 1.45666e-38 3
0.236518 0.215019 0.408249 1.24461e-38 3
0.243179 0.215019 0.408249 1.34609e-38 3
0.249702 0.2149 0.408023 1.27237e-38 3
0.254132 0.213033 0.404479 1.18018e-38 3
0.259273 0.211842 0.402216 1.2078e-38 3
0.265851 0.211854 0.40224 1.45666e-38 3
0.271818 0.211391 0.40136 1.30914e-38 3
0.278292 0.211334 0.401252 1.2907e-38 3
0.286402 0.212494 0.403454 1.1617e-38 3
0.29604 0.21471 0.407663 1.19858e-38 3
0.245886 0.218171 0.401788 1.27237e-38 3
0.277549 0.217299 0.400182 1.32765e-38 3
0.285336 0.218261 0.401953 1.23546e-38 3
0.293789 0.219678 0.404562 1.19869e-38 3
0.16607 0.212811 0.496303 1.30014e-38 3
0.171969 0.210124 0.490038 1.49364e-38 3
0.180209 0.21041 0.490704 1.35528e-38 3
0.100051 0.218207 0.490235 1.43825e-38 3
0.109928 0.222001 0.498757 1.2817e-38 3
0.158677 0.221894 0.498518 1.30939e-38 3
0.161593 0.214953 0.482923 1.26326e-38 3
0.167801 0.212833 0.47816 1.34606e-38 3
0.17621 0.21357 0.479817 1.32762e-38 3
0.185802 0.215616 0.484413 1.2539e-38 3
0.106643 0.22326 0.48385 1.24471e-38 3
0.115435 0.22501 0.487644 1.21713e-38 3
0.144934 0.221456 0.47994 1.28159e-38 3
0.146054 0.211729 0.45886 1.36464e-38 3
0.153382 0.211509 0.458385 1.15262e-38 3
0.160861 0.211509 0.458385 1.29996e-38 3
0.168339 0.211509 0.458385 1.64108e-38 3
0.17617 0.211932 0.4593 1.31843e-38 3
0.19074 0.220098 0.476997 1.28166e-38 3
0.104104 0.225651 0.472331 1.48442e-38 3
0.10912 0.220222 0.460968 1.2539e-38 3
0.114134 0.215488 0.451059 1.24464e-38 3
0.120251 0.213286 0.446448 1.42896e-38 3
0.127232 0.212778 0.445385 1.26308e-38 3
0.134519 0.212811 0.445454 1.5213e-38 3
0.142244 0.213497 0.44689 1.46605e-38 3
0.149838 0.213928 0.447793 1.33702e-38 3
0.156648 0.213253 0.44638 1.25386e-38 3
0.163565 0.212778 0.445385 1.53045e-38 3
0.170966 0.212945 0.445735 1.35531e-38 3
0.180576 0.215737 0.45158 1.23557e-38 3
0.189362 0.217365 0.454987 1.37375e-38 3
0.192475 0.212604 0.445022 1.41059e-38 3
0.196609 0.209276 0.438055 1.2262e-38 3
0.102656 0.230113 0.465764 1.18932e-38 3
0.108567 0.226588 0.45863 1.29078e-38 3
0.113758 0.222114 0.449574 1.29996e-38 3
0.119959 0.220034 0.445363 1.38286e-38 3
0.126794 0.219287 0.443852 1.42896e-38 3
0.133739 0.218801 0.442868 1.40137e-38 3
0.140957 0.21879 0.442846 1.48442e-38 3
0.148153 0.218746 0.442757 1.39233e-38 3
0.154822 0.217965 0.441177 1.34606e-38 3
0.160649 0.216121 0.437443 1.43825e-38 3
0.167011 0.215122 0.435422 1.26315e-38 3
0.173355 0.214183 0.433522 1.30932e-38 3
0.17674 0.209805 0.42466 1.20783e-38 3
0.180486 0.206169 0.4173 1.38286e-38 3
0.18228 0.200649 0.406128 1.26301e-38 3
0.196628 0.201774 0.408405 1.20791e-38 3
0.100367 0.232411 0.455378 1.14305e-38 3
0.10779 0.232396 0.455347 1.13393e-38 3
0.113717 0.229366 0.449412 1.30911e-38 3
0.119553 0.22653 0.443854 1.38293e-38 3
0.126061 0.225219 0.441286 1.42903e-38 3
0.132541 0.224003 0.438903 1.3184e-38 3
0.139389 0.223501 0.43792 1.39223e-38 3
0.146469 0.223401 0.437724 1.28159e-38 3
0.152563 0.221878 0.43474 1.38293e-38 3
0.15732 0.218632 0.42838 1.4291e-38 3
0.160293 0.213288 0.417908 1.28159e-38 3
0.164466 0.209911 0.411291 1.09727e-38 3
0.170273 0.208804 0.409122 1.29996e-38 3
0.176434 0.208196 0.407931 1.42896e-38 3
0.180713 0.205494 0.402637 1.12461e-38 3
0.13129 0.228983 0.434761 1.34613e-38 3
0.136403 0.225705 0.428538 1.33691e-38 3
0.140667 0.221411 0.420385 1.3184e-38 3
0.144936 0.217525 0.413007 1.23549e-38 3
0.150262 0.215499 0.409161 1.41066e-38 3
0.156595 0.215029 0.408268 1.29092e-38 3
0.163249 0.215019 0.408249 1.28159e-38 3
0.16991 0.215019 0.408249 1.28145e-38 3
0.176441 0.214861 0.407949 1.48413e-38 3
0.180885 0.212265 0.403021 1.34598e-38 3
0.199325 0.210904 0.400435 1.23564e-38 3
0.114192 0.230206 0.423951 1.34606e-38 3
0.124178 0.23604 0.434695 1.27237e-38 3
0.130614 0.23486 0.432522 1.27237e-38 3
0.134662 0.229726 0.423068 1.53063e-38 3
0.13779 0.223601 0.411787 1.37379e-38 3
0.142821 0.220991 0.40698 1.38301e-38 3
0.148696 0.219859 0.404895 1.48449e-38 3
0.154981 0.219404 0.404058 1.24482e-38 3
0.161566 0.219394 0.40404 1.40137e-38 3
0.168158 0.219394 0.40404 1.11535e-38 3
0.174783 0.219435 0.404115 1.29953e-38 3
0.181907 0.220077 0.405297 1.40123e-38 3
0.188256 0.219769 0.40473 1.57662e-38 3
0.192844 0.217497 0.400545 1.44765e-38 3
0.12976 0.228016 0.407668 1.31858e-38 3
0.135735 0.226886 0.405648 1.49361e-38 3
0.141366 0.225312 0.402833 1.55825e-38 3
0.147628 0.224838 0.401986 1.44762e-38 3
0.154179 0.224828 0.401968 1.2633e-38 3
0.160708 0.224786 0.401894 1.41081e-38 3
0.166784 0.224139 0.400737 1.48413e-38 3
0.116152 0.297479 0.431227 1.77034e-38 3
0.130288 0.295729 0.409328 1.53073e-38 3
-0.0281286 0.211744 0.493815 1.21705e-38 3
-0.0199486 0.210445 0.490787 1.30003e-38 3
-0.0445623 0.22139 0.497386 1.25404e-38 3
-0.0354219 0.215163 0.483395 1.13408e-38 3
-0.0266694 0.208399 0.468199 1.24471e-38 3
-0.0187595 0.205432 0.461532 1.32769e-38 3
-0.0112504 0.205819 0.462402 1.3278e-38 3
-0.00372452 0.206845 0.464707 1.35545e-38 3
-0.0985869 0.206663 0.447882 1.31847e-38 3
-0.0918281 0.207905 0.450574 1.28145e-38 3
-0.0919889 0.226393 0.490642 1.24446e-38 3
-0.052404 0.228314 0.494803 1.18028e-38 3
-0.043407 0.223556 0.484491 1.06043e-38 3
-0.0350702 0.220835 0.478595 1.13408e-38 3
-0.0266495 0.215877 0.46785 1.07869e-38 3
-0.0187472 0.212822 0.46123 1.34613e-38 3
-0.0112219 0.212822 0.461228 1.18018e-38 3
-0.00372737 0.214591 0.465063 1.16184e-38 3
-0.0985869 0.21397 0.447882 1.18929e-38 3
-0.0913253 0.214078 0.448107 1.30903e-38 3
-0.0842928 0.214788 0.449593 1.1707e-38 3
-0.0780274 0.217774 0.455844 1.19847e-38 3
-0.0741305 0.228697 0.478707 1.25386e-38 3
-0.0683235 0.235606 0.493168 1.16174e-38 3
-0.0601342 0.235047 0.491998 1.10642e-38 3
-0.0512949 0.231384 0.484331 1.24478e-38 3
-0.0427773 0.228102 0.477462 1.15252e-38 3
-0.0348503 0.22721 0.475594 1.20776e-38 3
-0.0270428 0.226808 0.474753 1.20776e-38 3
-0.0190465 0.223866 0.468594 1.44747e-38 3
-0.0113212 0.222297 0.46531 1.26315e-38 3
-0.00375141 0.223612 0.468063 1.37379e-38 3
-0.0990456 0.222307 0.449965 9.2174e-39 3
-0.0918164 0.22258 0.450517 1.09691e-38 3
-0.0846231 0.222994 0.451355 1.27223e-38 3
-0.0780536 0.225287 0.455997 1.3552e-38 3
-0.0724907 0.231276 0.468118 1.21698e-38 3
-0.0641711 0.228844 0.463196 1.34606e-38 3
-0.0571705 0.231094 0.46775 1.08787e-38 3
-0.0499774 0.23314 0.471891 1.07873e-38 3
-0.0420027 0.231621 0.468817 1.12486e-38 3
-0.0344262 0.23211 0.469807 1.2723e-38 3
-0.0998415 0.231494 0.453581 1.13379e-38 3
-0.0923743 0.231327 0.453254 1.2445e-38 3
-0.085264 0.232103 0.454773 1.19847e-38 3
-0.079147 0.235988 0.462385 1.20776e-38 3
-0.0698199 0.230111 0.450871 1.30918e-38 3
-0.0621187 0.22884 0.448381 1.0972e-38 3
-0.0557117 0.232634 0.455815 1.04185e-38 3
-0.0488306 0.235313 0.461063 1.07873e-38 3
-0.0414653 0.236208 0.462818 1.45669e-38 3
-0.0343557 0.239284 0.468845 1.52119e-38 3
-0.0922223 0.238329 0.452508 1.34602e-38 3
-0.0839202 0.235748 0.447606 1.46591e-38 3
-0.0786244 0.241924 0.459332 1.21698e-38 3
-0.0694954 0.236364 0.448776 9.95713e-39 3
-0.0617005 0.234566 0.445362 1.21705e-38 3
-0.0544796 0.234762 0.445735 1.35531e-38 3
-0.047857 0.237994 0.45187 1.37375e-38 3
-0.0413304 0.242967 0.461313 1.42903e-38 3
-0.0349992 0.251559 0.477627 1.41056e-38 3
-0.0277787 0.256851 0.487673 1.48421e-38 3
-0.0199018 0.257885 0.489637 1.37368e-38 3
-0.0117406 0.254151 0.482547 1.48435e-38 3
-0.00375387 0.246684 0.46837 1.29081e-38 3
-0.0993537 0.245092 0.451365 1.29992e-38 3
-0.0909066 0.242207 0.446052 1.2262e-38 3
-0.0832164 0.241012 0.443852 1.29996e-38 3
-0.0757115 0.240177 0.442314 1.1801e-38 3
-0.0682447 0.2393 0.440699 1.24471e-38 3
-0.0612141 0.239926 0.441852 1.30925e-38 3
-0.0541805 0.240706 0.443287 1.61346e-38 3
-0.0477716 0.244929 0.451064 1.39219e-38 3
-0.0416391 0.252364 0.464758 1.33684e-38 3
-0.035561 0.263515 0.485293 1.28148e-38 3
-0.0282025 0.268847 0.495114 1.45647e-38 3
-0.0199944 0.267111 0.491916 1.5303e-38 3
-0.0118308 0.264038 0.486257 1.47513e-38 3
-0.00383808 0.260031 0.478877 1.40145e-38 3
-0.0962887 0.244668 0.437441 1.3645e-38 3
-0.089715 0.246214 0.440205 1.21705e-38 3
-0.082121 0.244986 0.438009 1.22627e-38 3
-0.0724662 0.23679 0.423355 1.43832e-38 3
-0.0647701 0.233941 0.418261 1.35535e-38 3
-0.0599609 0.242076 0.432806 1.46605e-38 3
-0.0539305 0.246794 0.441242 1.46595e-38 3
-0.0493238 0.260485 0.46572 1.33687e-38 3
-0.0432427 0.269958 0.482657 1.34606e-38 3
-0.0358673 0.273771 0.489473 1.41056e-38 3
-0.0282337 0.277232 0.495661 1.35506e-38 3
-0.0201838 0.277743 0.496576 1.24442e-38 3
-0.0120084 0.276053 0.493554 1.44744e-38 3
-0.00392826 0.274137 0.490128 1.5213e-38 3
-0.0980937 0.238823 0.414888 1.24464e-38 3
-0.0919113 0.240358 0.417554 1.23549e-38 3
-0.0855165 0.241538 0.419605 1.20783e-38 3
-0.0777269 0.238641 0.414572 1.18028e-38 3
-0.070595 0.237404 0.412423 1.28166e-38 3
-0.0633506 0.235488 0.409095 1.32776e-38 3
-0.0968641 0.242514 0.409688 1.18018e-38 3
-0.0909206 0.244506 0.413054 1.32769e-38 3
-0.0846351 0.245824 0.41528 1.37379e-38 3
-0.0776026 0.245013 0.41391 1.30925e-38 3
-0.070595 0.244133 0.412423 1.50286e-38 3
-0.0633506 0.242163 0.409095 1.25393e-38 3
-0.0965332 0.248347 0.408289 1.19854e-38 3
-0.0901454 0.249104 0.409532 1.19854e-38 3
-0.0836657 0.249707 0.410523 1.2262e-38 3
-0.0774161 0.251161 0.412915 1.34606e-38 3
-0.0707043 0.251251 0.413062 1.29996e-38 3
-0.0635376 0.249572 0.410302 1.24464e-38 3
-0.0756215 0.25192 0.403343 1.33684e-38 3
-0.0705175 0.257308 0.41197 1.28155e-38 3
-0.0636327 0.25665 0.410917 1.12479e-38 3
-0.056282 0.253736 0.406251 1.57654e-38 3
-0.0107912 0.277018 0.443527 1.29081e-38 3
-0.069906 0.261741 0.408398 1.33687e-38 3
-0.0738553 0.290607 0.43147 1.30925e-38 3
-0.0501392 0.282989 0.410223 1.4291e-38 3
-0.0433369 0.282278 0.409192 1.37371e-38 3
-0.0166852 0.28318 0.4105 1.65934e-38 3
-0.0564899 0.287937 0.407752 1.54896e-38 3
-0.0429281 0.286228 0.405331 1.61342e-38 3
-0.0626718 0.292393 0.404711 1.39241e-38 3
-0.430396 0.286424 0.66798 1.11557e-38 3
-0.419938 0.290098 0.651748 1.10642e-38 3
-0.409773 0.286205 0.620266 8.11393e-39 3
-0.42514 0.292967 0.613237 7.28345e-39 3
-0.41605 0.296495 0.600126 9.03517e-39 3
0.509157 0.202681 0.491375 8.48165e-39 3
0.511497 0.200456 0.485982 7.28382e-39 3
0.579627 0.20492 0.496804 7.46533e-39 3
0.590465 0.205872 0.499113 7.83483e-39 3
0.508621 0.200982 0.468718 8.29689e-39 3
0.524534 0.2042 0.476221 8.75787e-39 3
-0.315891 0.225014 0.545521 9.3114e-39 3
-0.325194 0.238357 0.577869 9.40359e-39 3
-0.354907 0.242323 0.565131 8.75858e-39 3
-0.335546 0.235215 0.548553 8.94297e-39 3
-0.322165 0.232023 0.541109 8.3898e-39 3
-0.313322 0.232013 0.541085 5.25479e-39 3
-0.302208 0.230271 0.537022 9.67982e-39 3
-0.350886 0.248694 0.558727 9.31176e-39 3
-0.335326 0.244005 0.548193 8.482e-39 3
-0.32488 0.242882 0.545669 5.53137e-39 3
-0.318954 0.24517 0.550812 6.54445e-39 3
-0.302106 0.238952 0.536841 8.85006e-39 3
-0.346008 0.247788 0.537008 8.20541e-39 3
-0.338643 0.248814 0.539233 8.20541e-39 3
-0.33211 0.250523 0.542935 5.80832e-39 3
-0.354607 0.250252 0.523826 1.00493e-38 3
-0.346273 0.250405 0.524147 8.0203e-39 3
-0.340788 0.252679 0.528906 8.3898e-39 3
-0.332606 0.25302 0.52962 9.21956e-39 3
-0.328257 0.278671 0.583312 1.12464e-38 3
-0.342268 0.249793 0.505599 1.0233e-38 3
-0.308126 0.288381 0.54754 1.17078e-38 3
0.0048634 0.232106 0.585889 1.08809e-38 3
0.0140196 0.225622 0.569521 1.1895e-38 3
0.0226377 0.219098 0.553054 1.18028e-38 3
0.0313896 0.217219 0.548311 1.41077e-38 3
0.0404193 0.21767 0.549448 1.14341e-38 3
0.0491682 0.216719 0.547049 1.34613e-38 3
0.0575731 0.214777 0.542146 1.29081e-38 3
0.0661798 0.214005 0.540197 1.15262e-38 3
0.00458576 0.227869 0.552442 1.16192e-38 3
0.0132691 0.222337 0.539031 1.19876e-38 3
0.0216555 0.218224 0.529058 1.13422e-38 3
0.0301197 0.217016 0.526129 1.2633e-38 3
0.0387376 0.217205 0.526587 1.45691e-38 3
0.0480281 0.220412 0.534363 1.34624e-38 3
0.0572156 0.222234 0.53878 1.32769e-38 3
0.0659485 0.22204 0.538309 1.21705e-38 3
0.0745582 0.221525 0.537062 1.28166e-38 3
0.0834843 0.22196 0.538116 1.23557e-38 3
0.0929218 0.223543 0.541953 1.22635e-38 3
0.00430848 0.222559 0.519038 1.18036e-38 3
0.0127637 0.222328 0.518499 1.28177e-38 3
0.0208343 0.218253 0.508995 1.20798e-38 3
0.0286632 0.21469 0.500686 1.27252e-38 3
0.036824 0.214642 0.500574 1.29106e-38 3
0.0467672 0.223115 0.520334 1.3278e-38 3
0.0566115 0.228585 0.533091 1.38301e-38 3
0.065375 0.228815 0.533628 1.26308e-38 3
0.0742523 0.229343 0.534859 1.2078e-38 3
0.0830177 0.22945 0.535109 1.08798e-38 3
0.0916937 0.229314 0.53479 1.24471e-38 3
0.0965677 0.220519 0.514279 1.30003e-38 3
0.0123281 0.222913 0.500807 1.2817e-38 3
0.0204813 0.222719 0.500371 1.2172e-38 3
0.0539465 0.284131 0.507996 1.29989e-38 3
-0.200323 0.237372 0.599181 1.05121e-38 3
-0.208252 0.244976 0.593914 9.59014e-39 3
-0.292021 0.229153 0.534414 7.65224e-39 3
-0.291154 0.235504 0.549227 1.06025e-38 3
-0.287548 0.239973 0.559649 8.66674e-39 3
-0.278323 0.239893 0.559462 7.00758e-39 3
-0.266006 0.23705 0.552833 9.03697e-39 3
-0.254852 0.235082 0.548242 9.31247e-39 3
-0.245923 0.235097 0.548277 1.08791e-38 3
-0.238041 0.236152 0.550739 1.1433e-38 3
-0.232109 0.239301 0.558081 1.13419e-38 3
-0.232923 0.249945 0.582905 1.06047e-38 3
-0.229018 0.256215 0.597529 1.15259e-38 3
-0.216184 0.252611 0.589123 1.06961e-38 3
-0.288306 0.234846 0.527616 8.29761e-39 3
-0.278892 0.23417 0.526097 8.02174e-39 3
-0.270292 0.234156 0.526065 1.00497e-38 3
-0.261647 0.2341 0.525939 9.03552e-39 3
-0.252053 0.233163 0.523836 1.10638e-38 3
-0.241961 0.231684 0.520512 1.04185e-38 3
-0.232685 0.230906 0.518765 1.15252e-38 3
-0.221742 0.228352 0.513028 1.1894e-38 3
-0.2122 0.227099 0.510211 1.0511e-38 3
-0.210964 0.234994 0.52795 1.02352e-38 3
-0.206883 0.240259 0.539777 1.10653e-38 3
-0.2777 0.241716 0.523848 1.06947e-38 3
-0.265373 0.238321 0.516491 1.12475e-38 3
-0.254485 0.236038 0.511544 7.65187e-39 3
-0.243932 0.233922 0.506957 1.21698e-38 3
-0.234186 0.232458 0.503785 1.12479e-38 3
-0.225333 0.231807 0.502373 1.07876e-38 3
-0.216344 0.23096 0.500539 1.10642e-38 3
-0.277728 0.242815 0.508259 1.09709e-38 3
-0.24877 0.238896 0.500055 1.03245e-38 3
-0.268555 0.293126 0.539826 9.3096e-39 3
0.948668 0.337145 0.887586 6.26967e-39 3
0.920518 0.346482 0.8746 6.73064e-39 3
0.914698 0.342541 0.830449 7.83591e-39 3
0.397126 0.212498 0.559432 8.75858e-39 3
0.396379 0.207332 0.545834 8.94369e-39 3
0.351722 0.233921 0.59047 9.77418e-39 3
0.34686 0.224537 0.566784 9.95857e-39 3
0.351774 0.221805 0.559886 9.6809e-39 3
0.359371 0.22086 0.5575 1.06951e-38 3
0.367256 0.220134 0.555669 9.95749e-39 3
0.373327 0.218382 0.551246 9.21993e-39 3
0.379932 0.217018 0.547802 9.58906e-39 3
0.384216 0.21442 0.541246 9.58835e-39 3
0.388166 0.211758 0.534525 9.68126e-39 3
0.392754 0.209553 0.528959 9.03589e-39 3
0.399237 0.208431 0.526129 8.8515e-39 3
0.332833 0.243832 0.591143 1.15248e-38 3
0.315148 0.224374 0.543969 9.31212e-39 3
0.309386 0.214239 0.519396 1.06961e-38 3
0.315111 0.212386 0.514905 9.31212e-39 3
0.320666 0.210518 0.510375 1.12482e-38 3
0.328117 0.209957 0.509015 9.49615e-39 3
0.336402 0.209944 0.508985 1.00493e-38 3
0.344707 0.209944 0.508985 9.86494e-39 3
0.353011 0.209944 0.508985 1.12479e-38 3
0.361315 0.209944 0.508985 1.03259e-38 3
0.36962 0.209944 0.508985 1.02344e-38 3
0.377924 0.209944 0.508985 9.58906e-39 3
0.386229 0.209944 0.508985 8.66711e-39 3
0.394626 0.209994 0.509105 1.11564e-38 3
-0.110896 0.224673 0.591487 9.95785e-39 3
-0.184318 0.229613 0.579595 9.22136e-39 3
-0.168546 0.22132 0.558661 8.66818e-39 3
-0.157651 0.218848 0.552423 1.07876e-38 3
-0.149998 0.220851 0.557478 7.28417e-39 3
-0.144842 0.227026 0.573065 1.06954e-38 3
-0.140405 0.235257 0.593843 9.68125e-39 3
-0.121653 0.236475 0.596916 9.58834e-39 3
-0.109504 0.231383 0.584064 1.1156e-38 3
-0.191736 0.236554 0.573496 1.02355e-38 3
-0.175621 0.227789 0.552248 9.03589e-39 3
-0.163595 0.223666 0.542251 9.86565e-39 3
-0.15428 0.222989 0.540611 1.12479e-38 3
-0.145451 0.222975 0.540578 8.75858e-39 3
-0.136806 0.223262 0.541272 1.13404e-38 3
-0.130551 0.227756 0.552167 1.09731e-38 3
-0.123203 0.230869 0.559714 1.20794e-38 3
-0.114106 0.230939 0.559884 1.11557e-38 3
-0.104998 0.230999 0.560029 1.14323e-38 3
-0.198118 0.242273 0.565013 9.86673e-39 3
-0.18293 0.234617 0.547158 1.01433e-38 3
-0.170317 0.229647 0.535568 9.86565e-39 3
-0.159863 0.227208 0.529879 7.74515e-39 3
-0.151761 0.228024 0.531783 1.24468e-38 3
-0.143463 0.228628 0.533191 1.22624e-38 3
-0.135014 0.229053 0.534182 1.16163e-38 3
-0.129856 0.235504 0.549227 1.08809e-38 3
-0.123189 0.239973 0.559649 1.00518e-38 3
-0.114106 0.240074 0.559884 1.13393e-38 3
-0.104998 0.240136 0.560029 1.13393e-38 3
-0.195127 0.236682 0.53174 9.95892e-39 3
-0.183768 0.233276 0.524088 8.94477e-39 3
-0.174716 0.232608 0.522589 1.005e-38 3
-0.16624 0.232679 0.522748 9.58834e-39 3
-0.158083 0.233227 0.52398 1.00493e-38 3
-0.147941 0.230744 0.518399 1.29074e-38 3
-0.138797 0.229609 0.515851 1.32765e-38 3
-0.196717 0.236826 0.513252 9.12916e-39 3
-0.187678 0.235991 0.511441 1.08809e-38 3
-0.171539 0.23675 0.513087 1.06954e-38 3
-0.166179 0.24112 0.522557 1.21698e-38 3
-0.157905 0.241504 0.523389 1.18932e-38 3
-0.145128 0.234653 0.508541 1.06025e-38 3
-0.143936 0.255566 0.534949 1.11557e-38 3
-0.297717 0.26164 0.688806 7.0987e-39 3
-0.290559 0.265367 0.698618 8.3898e-39 3
-0.27497 0.261383 0.68813 7.09978e-39 3
-0.243802 0.24162 0.636103 9.221e-39 3
-0.229029 0.237072 0.624127 9.49759e-39 3
-0.225045 0.243786 0.641805 7.19305e-39 3
-0.228529 0.259642 0.683547 9.59014e-39 3
-0.200828 0.239876 0.631511 9.77453e-39 3
-0.274994 0.252051 0.636234 8.2976e-39 3
-0.28196 0.268574 0.677942 9.95784e-39 3
-0.274396 0.272041 0.686693 1.01433e-38 3
-0.240294 0.248373 0.626951 1.07883e-38 3
-0.225315 0.243245 0.614005 8.76002e-39 3
-0.212698 0.240309 0.606595 8.2994e-39 3
-0.28837 0.255878 0.620347 1.13401e-38 3
-0.287812 0.264673 0.641668 1.12475e-38 3
-0.268302 0.256045 0.620751 1.01415e-38 3
-0.254707 0.252607 0.612416 1.1433e-38 3
-0.24463 0.252519 0.612202 9.22136e-39 3
-0.233551 0.251345 0.609355 1.19869e-38 3
-0.22178 0.24929 0.604373 9.95857e-39 3
1.03039 0.325607 0.895683 5.71541e-39 3
1.02046 0.337072 0.850846 5.25443e-39 3
1.02275 0.347021 0.841311 5.53138e-39 3
0.603169 0.202067 0.555848 5.5321e-39 3
0.612676 0.202211 0.556245 6.08527e-39 3
0.621873 0.202251 0.556354 6.26931e-39 3
0.631968 0.202577 0.557251 5.8998e-39 3
0.688334 0.233726 0.589977 5.89729e-39 3
0.667058 0.239175 0.57985 8.1107e-39 3
0.600964 0.206683 0.501078 6.08312e-39 3
0.424528 0.217403 0.598034 8.85078e-39 3
0.428126 0.214319 0.589551 8.7593e-39 3
0.42504 0.208099 0.572441 9.03589e-39 3
0.428623 0.205341 0.564854 9.77418e-39 3
0.447273 0.209765 0.577024 9.49759e-39 3
0.473089 0.217299 0.597748 9.4958e-39 3
0.404233 0.226722 0.596881 8.48272e-39 3
0.403927 0.221221 0.582398 8.7593e-39 3
0.40087 0.205074 0.539889 9.49687e-39 3
0.407645 0.204056 0.537209 8.39052e-39 3
0.420513 0.206067 0.542502 8.29833e-39 3
0.446217 0.214155 0.563796 8.38945e-39 3
0.469629 0.220838 0.581391 8.38945e-39 3
0.484164 0.223166 0.587518 8.5742e-39 3
0.495258 0.223848 0.589313 8.02102e-39 3
0.497336 0.208589 0.549141 9.40467e-39 3
0.407772 0.208406 0.526065 8.20613e-39 3
0.416984 0.208721 0.526859 8.94262e-39 3
0.4361 0.21388 0.539882 8.38981e-39 3
0.459354 0.220825 0.557412 8.38981e-39 3
0.473318 0.22312 0.563206 8.5742e-39 3
0.475 0.219649 0.554443 8.39052e-39 3
0.478543 0.217152 0.54814 7.19198e-39 3
0.485332 0.216192 0.545718 8.02174e-39 3
0.49073 0.214659 0.541847 8.66711e-39 3
0.49436 0.21242 0.536196 9.21993e-39 3
0.404418 0.210768 0.510982 9.95785e-39 3
0.414003 0.211405 0.512527 9.95749e-39 3
0.425245 0.212847 0.516022 1.05107e-38 3
0.4309 0.21149 0.512733 1.02341e-38 3
0.432776 0.208365 0.505157 9.58906e-39 3
0.439022 0.207423 0.502872 8.57491e-39 3
0.45212 0.209692 0.508374 6.63845e-39 3
0.463903 0.211281 0.512225 7.37601e-39 3
0.472565 0.211417 0.512556 7.83699e-39 3
0.484521 0.212997 0.516385 5.90088e-39 3
0.495419 0.214065 0.518976 6.54625e-39 3
0.473228 0.216261 0.50435 7.92919e-39 3
0.482609 0.216779 0.505557 7.28382e-39 3
0.488887 0.215908 0.503527 6.82284e-39 3
0.470769 0.223324 0.501729 8.75895e-39 3
0.482555 0.225002 0.5055 7.92919e-39 3
0.488778 0.224074 0.503415 6.91504e-39 3
0.488429 0.232121 0.503055 8.94334e-39 3
0.37101 0.337286 0.92781 1.16181e-38 3
0.367948 0.349516 0.920154 1.19858e-38 3
0.399316 0.395886 0.923258 1.13404e-38 3
0.225055 0.213302 0.586752 1.36464e-38 3
0.212233 0.219514 0.577905 1.24486e-38 3
0.221788 0.21964 0.578236 1.21705e-38 3
0.202792 0.218759 0.552199 1.01437e-38 3
0.22025 0.227485 0.574224 1.25393e-38 3
0.232409 0.23025 0.581203 1.1617e-38 3
0.249253 0.237256 0.598889 9.4054e-39 3
0.209313 0.225093 0.54571 1.07873e-38 3
0.227304 0.234466 0.568436 1.13404e-38 3
0.242847 0.240678 0.583496 1.1617e-38 3
0.257612 0.245681 0.595623 9.49759e-39 3
0.216562 0.232222 0.541573 1.18929e-38 3
0.239108 0.246347 0.574513 1.28156e-38 3
0.271726 0.219671 0.512302 9.221e-39 3
0.274443 0.215246 0.501983 1.04185e-38 3
0.206065 0.229374 0.515322 1.30932e-38 3
0.234666 0.25097 0.563841 1.29999e-38 3
0.2528 0.260164 0.584498 1.30921e-38 3
0.29861 0.267017 0.599894 1.12471e-38 3
0.258111 0.223478 0.502077 1.16163e-38 3
0.22452 0.24892 0.539462 1.30921e-38 3
0.251157 0.267948 0.5807 1.35528e-38 3
0.290329 0.26913 0.58326 1.30918e-38 3
0.277517 0.257896 0.539826 1.34609e-38 3
0.139892 0.214832 0.590961 1.27248e-38 3
0.121848 0.209992 0.552837 1.36467e-38 3
0.138491 0.222224 0.58504 1.24482e-38 3
0.158007 0.222825 0.586621 1.18032e-38 3
0.160261 0.213095 0.561006 1.28173e-38 3
0.164244 0.206592 0.543886 1.15266e-38 3
0.172086 0.205361 0.540644 1.1895e-38 3
0.181117 0.205599 0.541272 9.77489e-39 3
0.194257 0.210263 0.55355 1.07901e-38 3
0.121774 0.21888 0.552503 1.24482e-38 3
0.137137 0.229505 0.579323 1.30014e-38 3
0.148931 0.233171 0.588576 1.29092e-38 3
0.151528 0.222867 0.562567 1.2172e-38 3
0.154672 0.214497 0.541441 1.17106e-38 3
0.160727 0.210853 0.532241 1.20794e-38 3
0.166587 0.207338 0.523368 1.33702e-38 3
0.173728 0.205683 0.51919 1.20798e-38 3
0.182862 0.206432 0.52108 1.25408e-38 3
0.102563 0.225298 0.546209 1.41996e-38 3
0.118924 0.240353 0.582708 1.33691e-38 3
0.141972 0.247382 0.599749 1.2633e-38 3
0.149044 0.242959 0.589025 1.30936e-38 3
0.151458 0.231938 0.562306 1.17096e-38 3
0.153394 0.221487 0.536968 1.34613e-38 3
0.158041 0.215867 0.523344 1.26326e-38 3
0.164528 0.213209 0.5169 1.42925e-38 3
0.171219 0.211061 0.511693 1.26326e-38 3
0.178681 0.210018 0.509164 1.4384e-38 3
0.188391 0.211594 0.512985 1.17096e-38 3
0.102688 0.215748 0.503154 1.2262e-38 3
0.123078 0.239445 0.558418 1.35546e-38 3
0.140119 0.253809 0.591917 1.21731e-38 3
0.148144 0.251044 0.585467 1.30003e-38 3
0.151368 0.240969 0.561973 1.37368e-38 3
0.152221 0.228486 0.53286 1.2723e-38 3
0.156517 0.222242 0.518297 1.27248e-38 3
0.162072 0.218334 0.509184 1.47535e-38 3
0.193723 0.216567 0.505064 1.25401e-38 3
0.130967 0.246259 0.553258 1.26322e-38 3
0.148551 0.261312 0.587076 1.37379e-38 3
0.151831 0.250904 0.563692 1.3184e-38 3
0.152197 0.237143 0.532778 1.1433e-38 3
0.155771 0.229599 0.515827 1.35546e-38 3
0.137755 0.251204 0.544411 1.17096e-38 3
0.146036 0.250173 0.542176 1.30914e-38 3
0.145991 0.235811 0.511052 1.34606e-38 3
0.149389 0.27543 0.522949 1.35528e-38 3
-0.0600473 0.206111 0.566973 1.19872e-38 3
-0.0516778 0.209686 0.576806 1.21709e-38 3
-0.0982976 0.218132 0.574265 1.04199e-38 3
-0.0883778 0.216782 0.570711 9.12916e-39 3
-0.0784675 0.21514 0.566389 1.125e-38 3
-0.0689304 0.21422 0.563966 1.12497e-38 3
-0.0597232 0.214199 0.563912 1.08809e-38 3
-0.0505291 0.214227 0.563985 1.18021e-38 3
-0.0415338 0.215297 0.566803 1.21709e-38 3
-0.0338336 0.225617 0.593971 1.24471e-38 3
-0.0982696 0.227436 0.574101 1.07876e-38 3
-0.0883892 0.226122 0.570784 1.06965e-38 3
-0.0786368 0.224865 0.567611 1.16192e-38 3
-0.0690666 0.223863 0.56508 1.21716e-38 3
-0.0595525 0.222761 0.562301 1.37389e-38 3
-0.0503546 0.222657 0.562037 1.32769e-38 3
-0.0414621 0.224157 0.565825 1.06954e-38 3
-0.0336604 0.234103 0.590931 1.1894e-38 3
-0.00475173 0.234872 0.592872 1.10653e-38 3
-0.096315 0.232093 0.562682 1.28152e-38 3
-0.0874023 0.232806 0.564412 1.17106e-38 3
-0.0779587 0.232107 0.562717 1.19879e-38 3
-0.0686243 0.23159 0.561462 1.16184e-38 3
-0.0593181 0.231023 0.560087 1.34613e-38 3
-0.0501812 0.231029 0.560102 1.20794e-38 3
-0.041299 0.232471 0.563598 1.1895e-38 3
-0.0325285 0.235549 0.57106 1.22627e-38 3
-0.023794 0.241461 0.585394 1.16174e-38 3
-0.0141339 0.239614 0.580917 1.30936e-38 3
-0.00453763 0.233527 0.566159 1.25404e-38 3
-0.096315 0.241274 0.562682 1.28152e-38 3
-0.0874023 0.242015 0.564412 1.16174e-38 3
-0.0779587 0.241288 0.562717 1.09738e-38 3
-0.0684627 0.240183 0.56014 1.15252e-38 3
-0.0587756 0.237964 0.554965 1.24471e-38 3
-0.0490714 0.234856 0.547714 1.07887e-38 3
-0.0374391 0.21908 0.510923 1.17106e-38 3
-0.0122527 0.215938 0.503597 1.33702e-38 3
-0.00413712 0.221337 0.516188 1.2817e-38 3
-0.0955021 0.24834 0.557933 1.13383e-38 3
-0.086794 0.249475 0.560483 1.1801e-38 3
-0.0770647 0.247597 0.556263 1.12489e-38 3
-0.0656218 0.238977 0.536897 1.12497e-38 3
-0.0547223 0.229984 0.516694 1.03277e-38 3
-0.0889617 0.239812 0.519723 1.09695e-38 3
-0.0826632 0.246311 0.533808 1.17088e-38 3
-0.0731114 0.243506 0.527728 1.11564e-38 3
-0.0625109 0.235992 0.511444 1.13408e-38 3
-0.0045037 0.277622 0.561926 1.36457e-38 3
-0.00451921 0.287777 0.56386 1.38301e-38 3
-0.176161 0.253372 0.696979 1.01415e-38 3
-0.152901 0.235094 0.646698 9.21956e-39 3
-0.140315 0.231734 0.637455 7.00758e-39 3
-0.187848 0.236506 0.622639 8.02281e-39 3
-0.180133 0.239759 0.631201 9.12808e-39 3
-0.17143 0.242012 0.637133 7.83734e-39 3
-0.161022 0.241992 0.637082 9.22028e-39 3
-0.149857 0.240754 0.633821 8.94369e-39 3
-0.13775 0.237707 0.6258 1.03263e-38 3
-0.125365 0.233653 0.615128 9.68054e-39 3
-0.132605 0.238658 0.602427 1.10642e-38 3
-0.117253 0.278366 0.625391 1.22595e-38 3
0.532318 0.207825 0.59855 8.20613e-39 3
0.522792 0.200429 0.577249 7.92954e-39 3
0.523329 0.217914 0.599439 9.49687e-39 3
0.519778 0.212465 0.58445 9.95785e-39 3
0.510916 0.20508 0.564136 9.12809e-39 3
0.510539 0.201302 0.553743 7.19305e-39 3
0.51737 0.200448 0.551395 7.56076e-39 3
0.552352 0.200085 0.550395 6.63809e-39 3
0.563099 0.200715 0.552127 7.09943e-39 3
0.571973 0.200668 0.551998 7.09943e-39 3
0.58098 0.200668 0.551998 6.63845e-39 3
0.590289 0.200771 0.552282 6.26967e-39 3
0.504506 0.223685 0.588884 9.22028e-39 3
0.507067 0.220619 0.580813 9.12808e-39 3
0.501396 0.214149 0.563781 8.20613e-39 3
0.501956 0.2068 0.544434 8.8515e-39 3
0.510286 0.206577 0.543845 7.37601e-39 3
0.516936 0.205692 0.541516 7.19162e-39 3
0.524876 0.205342 0.540594 7.6526e-39 3
0.53368 0.205336 0.540578 7.00651e-39 3
0.542635 0.205387 0.540713 6.72993e-39 3
0.55319 0.206032 0.542412 7.83628e-39 3
0.562311 0.206132 0.542673 7.83628e-39 3
0.57301 0.206798 0.544427 7.37601e-39 3
0.50038 0.211268 0.533288 7.7448e-39 3
0.509082 0.211268 0.533288 8.57456e-39 3
0.51878 0.211675 0.534315 5.90088e-39 3
0.528603 0.212118 0.535435 6.26895e-39 3
0.538665 0.212642 0.536756 6.82212e-39 3
0.547014 0.212483 0.536356 7.3753e-39 3
0.551529 0.210864 0.532268 7.55969e-39 3
0.599195 0.200652 0.506493 5.99092e-39 3
0.502373 0.213423 0.517418 8.57456e-39 3
0.500056 0.208927 0.50652 8.482e-39 3
0.50501 0.207567 0.503221 6.54554e-39 3
0.51179 0.206988 0.501819 7.74408e-39 3
0.413595 0.241085 0.694343 6.91468e-39 3
0.424507 0.240849 0.693662 8.48236e-39 3
0.435687 0.240773 0.693443 9.03661e-39 3
0.444649 0.239506 0.689794 9.86637e-39 3
0.45169 0.237292 0.683418 9.12773e-39 3
0.454598 0.233067 0.671248 8.66675e-39 3
0.460815 0.230696 0.664422 8.02174e-39 3
0.473117 0.231411 0.666481 7.56004e-39 3
0.494458 0.216921 0.624748 8.39017e-39 3
0.400469 0.244403 0.672307 8.94334e-39 3
0.409777 0.243417 0.669593 1.0143e-38 3
0.416312 0.240876 0.662605 9.03553e-39 3
0.418272 0.235885 0.648876 9.58871e-39 3
0.422184 0.232214 0.638775 9.49651e-39 3
0.422996 0.227055 0.624586 9.31212e-39 3
0.420337 0.22032 0.606059 9.49687e-39 3
0.494906 0.222728 0.612683 8.94226e-39 3
-0.00547207 0.23706 0.682749 1.16166e-38 3
-0.0791515 0.235419 0.647592 1.04199e-38 3
-0.044283 0.219688 0.60432 1.27241e-38 3
-0.0352866 0.225199 0.61948 1.25397e-38 3
-0.0256044 0.229 0.629934 1.17099e-38 3
-0.0153973 0.230056 0.63284 1.22631e-38 3
-0.00516772 0.234395 0.644776 1.27237e-38 3
-0.0249916 0.233551 0.614859 1.13408e-38 3
-0.0150072 0.234292 0.616808 1.15262e-38 3
-0.00490063 0.232257 0.611451 1.22638e-38 3
-0.0246691 0.24044 0.606925 1.21705e-38 3
-0.0146404 0.238383 0.601734 1.19872e-38 3
-0.321068 0.21697 0.624889 7.46821e-39 3
-0.332989 0.232406 0.669347 8.66639e-39 3
-0.320786 0.226966 0.62434 7.92919e-39 3
-0.328582 0.240106 0.660487 5.99308e-39 3
-0.382435 0.265845 0.699878 1.09716e-38 3
-0.327278 0.234505 0.617371 1.18011e-38 3
-0.319251 0.236017 0.621352 9.40432e-39 3
-0.322082 0.24592 0.647422 5.34807e-39 3
-0.325931 0.257297 0.677373 8.20541e-39 3
-0.31836 0.260142 0.684863 7.83519e-39 3
-0.309298 0.26193 0.689571 8.94153e-39 3
-0.372228 0.254657 0.642811 8.2976e-39 3
-0.340741 0.239874 0.605496 7.46785e-39 3
-0.33462 0.242598 0.612373 9.03553e-39 3
-0.32472 0.242667 0.612547 8.20577e-39 3
-0.316543 0.244068 0.616083 8.02102e-39 3
-0.316339 0.25191 0.635878 7.19198e-39 3
-0.320199 0.263629 0.66546 7.37637e-39 3
-0.314772 0.268257 0.677143 1.01408e-38 3
-0.30142 0.266222 0.672006 9.49579e-39 3
-0.372894 0.25834 0.626315 9.12737e-39 3
-0.328225 0.247762 0.60067 1.00493e-38 3
-0.319702 0.248756 0.603079 8.3898e-39 3
-0.311238 0.249861 0.605758 9.40431e-39 3
-0.303379 0.251539 0.609826 9.12808e-39 3
-0.304201 0.260773 0.632213 8.20721e-39 3
-0.335387 0.283211 0.613778 9.68018e-39 3
0.533404 0.194888 0.588966 7.00758e-39 3
0.526253 0.188872 0.570787 6.6388e-39 3
0.53749 0.189551 0.572838 6.73028e-39 3
0.5136 0.19342 0.557064 8.29832e-39 3
0.51859 0.191904 0.552696 6.91539e-39 3
0.52544 0.191115 0.550425 7.37565e-39 3
0.521596 0.198632 0.546398 6.26967e-39 3
0.527042 0.197333 0.542825 7.09871e-39 3
0.538041 0.198122 0.544995 7.19126e-39 3
0.302693 0.220162 0.699855 9.40467e-39 3
0.314111 0.220162 0.699855 9.77346e-39 3
0.305894 0.225522 0.681546 9.95892e-39 3
0.317038 0.225539 0.681598 1.20776e-38 3
0.328158 0.225539 0.681598 1.10635e-38 3
0.339996 0.226016 0.683038 1.01415e-38 3
0.355157 0.228601 0.690851 9.49615e-39 3
0.312175 0.23303 0.671144 1.005e-38 3
0.325383 0.234658 0.675832 1.11557e-38 3
0.338827 0.236345 0.68069 1.24464e-38 3
0.354421 0.239376 0.68942 1.11557e-38 3
0.36934 0.241779 0.69634 1.03266e-38 3
0.338616 0.239448 0.658675 1.28152e-38 3
0.357903 0.245302 0.674778 1.07876e-38 3
0.369559 0.245731 0.675959 1.0972e-38 3
0.382321 0.24685 0.679038 1.09713e-38 3
0.392689 0.246404 0.677811 1.08791e-38 3
0.310012 0.262367 0.690722 1.11578e-38 3
0.311147 0.237434 0.625081 1.29074e-38 3
0.323033 0.238681 0.628364 1.2539e-38 3
0.344443 0.246671 0.6494 1.07869e-38 3
0.3631 0.252272 0.664145 1.17088e-38 3
0.375263 0.253168 0.666502 1.15248e-38 3
0.376526 0.246866 0.649913 1.17092e-38 3
0.376016 0.239779 0.631255 1.08805e-38 3
0.381767 0.236956 0.623823 1.03273e-38 3
0.387113 0.234034 0.616132 1.00508e-38 3
0.392853 0.231493 0.609441 1.14326e-38 3
0.399552 0.229629 0.604534 8.85222e-39 3
0.308674 0.245665 0.620114 1.02337e-38 3
0.320068 0.246648 0.622596 1.15248e-38 3
0.33479 0.250057 0.631201 1.11557e-38 3
0.348538 0.252557 0.637511 1.16167e-38 3
0.361645 0.25446 0.642316 1.08794e-38 3
0.362177 0.247658 0.625146 9.7731e-39 3
0.305759 0.253367 0.614258 1.07869e-38 3
0.314923 0.252678 0.612589 8.02138e-39 3
0.326247 0.253712 0.615094 1.03263e-38 3
0.335201 0.252896 0.613116 1.01419e-38 3
0.313407 0.261408 0.609638 1.2539e-38 3
0.291297 0.22018 0.699911 8.48272e-39 3
0.254274 0.229108 0.692382 1.25404e-38 3
0.262311 0.226296 0.683885 1.005e-38 3
0.271166 0.22439 0.678123 1.00497e-38 3
0.28134 0.223682 0.675985 1.11564e-38 3
0.293781 0.224762 0.679249 1.08798e-38 3
0.211155 0.230338 0.663389 1.19879e-38 3
0.217899 0.226104 0.651195 1.13433e-38 3
0.22547 0.223083 0.642494 1.125e-38 3
0.2348 0.221993 0.639354 1.10653e-38 3
0.244448 0.221284 0.637312 1.21705e-38 3
0.255381 0.221748 0.638649 1.28156e-38 3
0.274661 0.22914 0.659939 1.08794e-38 3
0.289135 0.232115 0.668508 1.03273e-38 3
0.29837 0.230821 0.664782 1.12497e-38 3
0.209766 0.227893 0.626891 1.2633e-38 3
0.219009 0.226872 0.624083 1.22653e-38 3
0.225261 0.222982 0.613381 1.14344e-38 3
0.287029 0.234395 0.617082 1.06968e-38 3
0.299358 0.236179 0.621777 1.11564e-38 3
0.260988 0.239055 0.60343 1.12493e-38 3
0.272306 0.240355 0.606711 1.12497e-38 3
0.285216 0.24292 0.613185 1.05125e-38 3
0.29676 0.244186 0.616382 1.08798e-38 3
0.271146 0.249188 0.604127 9.58978e-39 3
0.284476 0.252268 0.611594 1.03281e-38 3
0.29614 0.253712 0.615094 1.02344e-38 3
0.107799 0.218586 0.694845 1.01422e-38 3
0.118524 0.217463 0.691274 1.21716e-38 3
0.107799 0.229923 0.694845 1.13408e-38 3
0.118524 0.228741 0.691274 9.86673e-39 3
0.131208 0.231219 0.698761 1.03281e-38 3
0.165683 0.231599 0.699911 1.06965e-38 3
0.136778 0.232699 0.670191 1.17106e-38 3
0.140373 0.221136 0.636887 1.07887e-38 3
0.149659 0.219515 0.632218 1.12497e-38 3
0.159997 0.219547 0.632312 1.1895e-38 3
0.171249 0.220753 0.635785 1.21716e-38 3
0.184879 0.224711 0.647183 1.17106e-38 3
0.199219 0.229058 0.659703 1.12497e-38 3
0.14053 0.231786 0.6376 1.33702e-38 3
0.155295 0.223107 0.613726 1.18028e-38 3
0.164955 0.222631 0.612416 1.2356e-38 3
0.175086 0.222808 0.612902 1.30936e-38 3
0.18759 0.225823 0.621195 1.15262e-38 3
0.199554 0.227911 0.626941 1.17106e-38 3
0.12867 0.239477 0.63046 1.18028e-38 3
0.152057 0.22826 0.60093 1.27248e-38 3
0.12867 0.249764 0.63046 1.13419e-38 3
0.133149 0.249183 0.604114 1.25404e-38 3
0.0743209 0.220162 0.699855 9.95713e-39 3
0.0743209 0.231581 0.699855 1.06954e-38 3
0.00572202 0.239343 0.689326 1.13408e-38 3
0.0054273 0.237684 0.653822 1.16174e-38 3
0.0164123 0.242372 0.666719 1.16174e-38 3
0.0276862 0.245888 0.676391 1.02344e-38 3
0.039513 0.250911 0.690209 9.21956e-39 3
0.00504453 0.230836 0.60771 1.11575e-38 3
0.0149576 0.230804 0.607626 1.05121e-38 3
-0.266129 0.250411 0.796012 7.7455e-39 3
-0.251506 0.248793 0.790869 9.95748e-39 3
-0.237748 0.247903 0.788037 9.40467e-39 3
-0.224142 0.247077 0.785412 9.22136e-39 3
-0.210913 0.246592 0.783872 1.05121e-38 3
-0.264663 0.249759 0.754791 8.29832e-39 3
-0.248759 0.246207 0.744057 1.01426e-38 3
-0.239184 0.248876 0.752123 1.01419e-38 3
-0.232128 0.254595 0.769408 1.03266e-38 3
-0.218058 0.252838 0.764096 9.77453e-39 3
-0.204862 0.25194 0.761383 9.03733e-39 3
-0.245031 0.254475 0.732906 8.94369e-39 3
-0.232962 0.254354 0.732559 1.02344e-38 3
-0.222188 0.25571 0.736462 1.01422e-38 3
-0.213554 0.259824 0.748313 9.68234e-39 3
-0.201866 0.260497 0.750251 9.12881e-39 3
-0.254983 0.264353 0.727186 9.31355e-39 3
-0.244621 0.265988 0.731681 8.85258e-39 3
-0.232027 0.265238 0.729618 8.94477e-39 3
-0.221777 0.26723 0.7351 9.31355e-39 3
-0.213775 0.272315 0.749086 9.86565e-39 3
-0.201957 0.272861 0.75059 9.68126e-39 3
0.748071 0.20562 0.689381 5.53138e-39 3
0.796375 0.203353 0.646422 4.70126e-39 3
0.755785 0.223739 0.676158 6.26895e-39 3
0.559751 0.206687 0.692961 8.94369e-39 3
0.548389 0.217971 0.69289 8.48236e-39 3
0.533097 0.207613 0.659963 8.94298e-39 3
0.535336 0.223818 0.676397 8.57456e-39 3
0.514174 0.210629 0.636538 9.58835e-39 3
0.514907 0.206753 0.624824 1.07869e-38 3
0.52489 0.20667 0.624572 9.68126e-39 3
0.53508 0.20667 0.624572 8.75895e-39 3
0.541446 0.20522 0.620192 8.48272e-39 3
0.53808 0.200203 0.605029 8.20613e-39 3
0.512854 0.229727 0.66163 9.3132e-39 3
0.50135 0.215502 0.620661 9.21957e-39 3
0.510576 0.215123 0.619568 8.48128e-39 3
0.519509 0.214637 0.61817 9.77274e-39 3
0.528243 0.214089 0.616591 9.58906e-39 3
0.532945 0.211958 0.610454 8.8515e-39 3
0.5012 0.221095 0.608191 8.85006e-39 3
0.510507 0.220829 0.607458 1.01415e-38 3
0.518017 0.21981 0.604655 7.56076e-39 3
0.208293 0.230654 0.773315 9.31248e-39 3
0.223435 0.23329 0.782152 9.03589e-39 3
0.201214 0.235004 0.747033 1.10642e-38 3
0.215739 0.237577 0.755213 1.07887e-38 3
0.229772 0.239359 0.76088 1.0605e-38 3
0.242227 0.2394 0.761007 1.04206e-38 3
0.25414 0.238926 0.759501 9.49866e-39 3
0.258153 0.231415 0.735626 1.00515e-38 3
0.262702 0.225031 0.715331 9.12916e-39 3
0.271775 0.2229 0.708557 1.01422e-38 3
0.280886 0.220973 0.702432 9.86493e-39 3
0.202879 0.235001 0.710193 1.22638e-38 3
0.216355 0.237071 0.716447 1.21723e-38 3
0.228801 0.237858 0.718824 1.18968e-38 3
0.23916 0.236504 0.714735 1.2172e-38 3
0.24725 0.233137 0.704557 1.10656e-38 3
-0.110205 0.237263 0.795472 9.95784e-39 3
-0.198936 0.247604 0.787089 1.01437e-38 3
-0.193812 0.253738 0.766815 9.40611e-39 3
-0.187851 0.262904 0.794518 9.86709e-39 3
-0.187718 0.257877 0.742705 9.77453e-39 3
-0.177199 0.260225 0.749467 1.01422e-38 3
-0.173932 0.27436 0.790175 1.005e-38 3
0.667502 0.168374 0.597176 5.992e-39 3
0.671671 0.166988 0.59226 5.34663e-39 3
0.659642 0.178628 0.598885 5.90017e-39 3
0.665219 0.177508 0.595133 6.17639e-39 3
0.670848 0.176435 0.591535 5.71542e-39 3
0.659619 0.188392 0.598865 7.37565e-39 3
0.664116 0.186908 0.594146 5.43919e-39 3
0.665614 0.184635 0.58692 5.71578e-39 3
0.667616 0.182563 0.580336 5.71578e-39 3
0.669068 0.180402 0.573465 5.62322e-39 3
0.656526 0.191559 0.578906 7.00651e-39 3
0.65166 0.187442 0.566465 6.36115e-39 3
0.658324 0.186711 0.564255 5.992e-39 3
0.664832 0.185957 0.561975 5.16224e-39 3
0.667498 0.184162 0.556553 4.97785e-39 3
0.675801 0.183951 0.555913 4.42467e-39 3
0.685961 0.184243 0.556798 4.88565e-39 3
0.601116 0.198304 0.571131 7.46785e-39 3
0.612187 0.198874 0.57277 5.43954e-39 3
0.620599 0.198575 0.57191 6.73028e-39 3
0.620145 0.19549 0.563026 6.82248e-39 3
0.634258 0.197021 0.567434 5.99272e-39 3
0.643318 0.19696 0.567259 5.43954e-39 3
0.647969 0.195571 0.563257 5.07004e-39 3
0.653615 0.194516 0.560219 5.43883e-39 3
0.659226 0.19348 0.557237 5.62322e-39 3
0.659349 0.190884 0.549758 5.43883e-39 3
0.655506 0.187224 0.539219 4.33248e-39 3
0.657911 0.185422 0.534029 4.24028e-39 3
0.593217 0.195232 0.692432 6.54625e-39 3
0.551501 0.199609 0.66923 8.20613e-39 3
0.556882 0.197643 0.66264 8.57456e-39 3
0.55782 0.194206 0.651115 7.37709e-39 3
0.569173 0.194455 0.651951 7.00758e-39 3
0.523261 0.199748 0.634962 8.29761e-39 3
0.531162 0.198827 0.632036 9.22028e-39 3
0.540247 0.198377 0.630603 8.57491e-39 3
0.548311 0.197575 0.628055 8.66675e-39 3
0.549399 0.194335 0.617756 7.28417e-39 3
0.557347 0.193595 0.615403 6.82319e-39 3
0.330617 0.223978 0.794386 9.68198e-39 3
0.323663 0.210995 0.74834 9.68198e-39 3
0.326774 0.20528 0.728068 9.49615e-39 3
0.335949 0.20364 0.722254 8.94261e-39 3
0.345435 0.202295 0.717481 1.04181e-38 3
0.358382 0.202997 0.719974 9.22028e-39 3
0.384123 0.210673 0.747196 8.66783e-39 3
0.309346 0.230741 0.773605 1.04185e-38 3
0.307459 0.220343 0.738744 9.12881e-39 3
0.309514 0.213448 0.715628 8.66783e-39 3
0.320887 0.213246 0.714952 9.03517e-39 3
0.335757 0.215301 0.721842 8.29724e-39 3
0.345583 0.214093 0.717789 9.127e-39 3
0.357187 0.214028 0.717573 9.86493e-39 3
0.373705 0.21682 0.726932 8.94369e-39 3
0.392424 0.220676 0.739862 9.68198e-39 3
0.326918 0.221101 0.702839 1.24457e-38 3
0.339246 0.221663 0.704627 9.95641e-39 3
0.349665 0.220982 0.702463 7.28345e-39 3
0.36763 0.224962 0.715113 9.03517e-39 3
0.384821 0.228238 0.725528 9.59014e-39 3
0.399286 0.22975 0.730333 9.77345e-39 3
0.37297 0.232682 0.703184 8.66711e-39 3
0.391293 0.236828 0.715714 9.68126e-39 3
0.386704 0.245591 0.707321 1.01422e-38 3
0.397797 0.245315 0.706526 1.00493e-38 3
0.363673 0.265596 0.730605 1.41067e-38 3
0.110175 0.200229 0.710155 9.40467e-39 3
0.132381 0.217692 0.772091 1.07887e-38 3
0.189354 0.225535 0.799907 1.1433e-38 3
0.108767 0.20911 0.701083 9.31247e-39 3
0.130022 0.226187 0.758337 1.03277e-38 3
0.149053 0.236762 0.793791 1.00518e-38 3
0.16052 0.234593 0.786521 1.07894e-38 3
0.170743 0.231062 0.774681 1.00511e-38 3
0.181944 0.229249 0.768604 1.00511e-38 3
0.194519 0.22929 0.768742 9.03697e-39 3
0.134128 0.224709 0.71431 1.01437e-38 3
0.156179 0.240735 0.765253 1.05128e-38 3
0.166499 0.237643 0.755424 1.06043e-38 3
0.17676 0.2349 0.746706 9.86673e-39 3
0.188894 0.23484 0.746512 9.95892e-39 3
0.144318 0.233989 0.707132 9.49794e-39 3
0.154819 0.232433 0.702432 1.08809e-38 3
0.177146 0.231656 0.700082 1.17106e-38 3
0.189588 0.232909 0.703871 1.22627e-38 3
0.110643 0.247623 0.713172 9.68234e-39 3
0.12281 0.248698 0.716269 1.07887e-38 3
0.13381 0.24743 0.712615 1.00508e-38 3
-0.35302 0.200075 0.70961 6.82176e-39 3
-0.37359 0.244693 0.704734 6.91576e-39 3
-0.37359 0.256191 0.704734 1.73342e-38 3
0.733722 0.20417 0.76861 5.5321e-39 3
0.751657 0.205646 0.774166 6.45406e-39 3
0.766141 0.206145 0.776043 5.25551e-39 3
0.784909 0.207761 0.782128 4.61014e-39 3
0.700529 0.21423 0.759812 7.19126e-39 3
0.719992 0.216353 0.767343 6.4537e-39 3
0.734522 0.216947 0.769449 6.08456e-39 3
0.751657 0.218277 0.774166 6.82212e-39 3
0.765871 0.218729 0.77577 6.26931e-39 3
0.774253 0.217528 0.77151 6.54589e-39 3
0.780621 0.215809 0.765412 6.17639e-39 3
0.741493 0.201764 0.715598 5.62322e-39 3
0.710037 0.229702 0.770124 7.09906e-39 3
0.731414 0.232504 0.779516 6.4537e-39 3
0.756575 0.236391 0.79255 5.99236e-39 3
0.768256 0.236007 0.791263 6.73028e-39 3
0.772091 0.233266 0.78207 7.46713e-39 3
0.774391 0.230157 0.771648 7.92811e-39 3
0.714915 0.23969 0.761931 7.46785e-39 3
0.75299 0.221626 0.704507 8.11322e-39 3
0.751606 0.236299 0.714114 6.4537e-39 3
0.6008 0.210318 0.791755 5.99272e-39 3
0.613498 0.210243 0.79147 6.82212e-39 3
0.622187 0.208825 0.786134 7.37602e-39 3
0.626251 0.205944 0.775286 7.37601e-39 3
0.606834 0.220732 0.782874 9.12773e-39 3
0.614958 0.219076 0.777 7.92954e-39 3
0.623526 0.217642 0.771913 7.37601e-39 3
0.614207 0.210144 0.745321 7.92919e-39 3
0.606832 0.20359 0.722076 7.5604e-39 3
0.661593 0.209746 0.74391 7.376e-39 3
0.685715 0.213477 0.757143 7.00687e-39 3
0.639207 0.214376 0.718738 6.82319e-39 3
0.690027 0.22725 0.761904 7.09906e-39 3
0.681243 0.236141 0.713636 6.4537e-39 3
0.562643 0.210542 0.792596 7.19198e-39 3
0.572796 0.209525 0.788769 6.36222e-39 3
0.587584 0.210211 0.791353 7.28417e-39 3
0.507879 0.222145 0.787885 9.58871e-39 3
0.522241 0.222788 0.790165 7.74515e-39 3
0.533822 0.222242 0.788228 8.48272e-39 3
0.539547 0.219341 0.777941 8.20613e-39 3
0.554224 0.220129 0.780735 8.48272e-39 3
0.569802 0.221232 0.784647 8.20685e-39 3
0.584739 0.222043 0.787521 8.57563e-39 3
0.598255 0.222291 0.788401 9.03589e-39 3
0.508503 0.213657 0.716328 7.19198e-39 3
0.535875 0.220099 0.737928 7.93026e-39 3
0.572719 0.230063 0.771334 8.39124e-39 3
0.588292 0.231238 0.775272 7.74515e-39 3
0.590185 0.227099 0.761395 8.8515e-39 3
0.579005 0.218204 0.731574 8.20613e-39 3
0.504617 0.223623 0.710855 8.3898e-39 3
0.528067 0.228756 0.727175 8.94369e-39 3
0.56983 0.241424 0.767442 8.57491e-39 3
0.58404 0.242124 0.769668 8.85222e-39 3
0.571547 0.231957 0.73735 8.11466e-39 3
0.508944 0.237237 0.71695 8.94297e-39 3
0.545694 0.248653 0.751448 8.7593e-39 3
0.5735 0.255581 0.772386 8.29833e-39 3
0.583862 0.254604 0.769433 8.02246e-39 3
0.56806 0.242499 0.732851 8.85222e-39 3
0.51051 0.244091 0.702999 9.58906e-39 3
0.559214 0.261502 0.753145 8.66711e-39 3
0.55731 0.255009 0.734443 8.85222e-39 3
0.406416 0.203541 0.766243 9.31392e-39 3
0.427688 0.207802 0.782284 9.3132e-39 3
0.442483 0.208761 0.785891 8.94369e-39 3
0.460441 0.211115 0.794756 9.58834e-39 3
0.472779 0.210835 0.793701 9.86529e-39 3
0.484648 0.210366 0.791935 1.01422e-38 3
0.49944 0.211157 0.794913 8.85222e-39 3
0.406765 0.216228 0.7669 9.3132e-39 3
0.423838 0.21858 0.775242 1.03266e-38 3
0.43801 0.219343 0.777947 8.3898e-39 3
0.454949 0.221409 0.785276 9.49579e-39 3
0.467821 0.221438 0.785377 1.03259e-38 3
0.479801 0.221054 0.784014 8.75895e-39 3
0.493967 0.221671 0.786202 8.11466e-39 3
0.407188 0.222145 0.744788 1.005e-38 3
0.415513 0.220118 0.737991 8.66639e-39 3
0.435982 0.224457 0.752537 8.38908e-39 3
0.454465 0.227564 0.762956 9.21956e-39 3
0.457387 0.222921 0.747389 8.48236e-39 3
0.464704 0.220606 0.739627 8.39125e-39 3
0.476199 0.220341 0.738738 7.92919e-39 3
0.480661 0.216915 0.727252 7.28417e-39 3
0.486979 0.214472 0.719061 8.02174e-39 3
0.496028 0.213318 0.715193 7.28417e-39 3
0.409022 0.228532 0.726461 8.94261e-39 3
0.423466 0.229939 0.730934 7.37421e-39 3
0.442179 0.233524 0.74233 8.75787e-39 3
0.449572 0.231098 0.734618 1.17092e-38 3
0.453678 0.227153 0.722077 9.12881e-39 3
0.459895 0.224437 0.713446 8.20685e-39 3
0.472332 0.224817 0.714651 8.20613e-39 3
0.485455 0.225496 0.716812 8.48272e-39 3
0.493985 0.224061 0.712248 8.8515e-39 3
0.401578 0.23601 0.71324 8.20469e-39 3
0.41119 0.234853 0.709746 9.21812e-39 3
0.417645 0.232006 0.701141 9.95641e-39 3
0.428577 0.231732 0.700312 1.04185e-38 3
0.443173 0.233402 0.705358 9.95857e-39 3
0.453932 0.233017 0.704195 8.02318e-39 3
0.466557 0.233585 0.705914 9.03589e-39 3
0.474785 0.231978 0.701057 9.03589e-39 3
0.486037 0.231889 0.700787 1.03266e-38 3
0.406121 0.243395 0.700996 8.66567e-39 3
0.0325873 0.21148 0.796128 9.86565e-39 3
0.00653395 0.221935 0.787139 1.04192e-38 3
0.0194744 0.223055 0.791112 1.0327e-38 3
0.0434544 0.214017 0.759058 1.10642e-38 3
0.0526449 0.201775 0.715638 1.08791e-38 3
0.0637907 0.200112 0.709739 1.06947e-38 3
0.0753298 0.200003 0.709355 9.95748e-39 3
0.00638718 0.229504 0.769458 1.06029e-38 3
0.0178632 0.21644 0.725658 9.77309e-39 3
0.0294555 0.214638 0.719618 1.01419e-38 3
0.0410984 0.214126 0.717903 1.04185e-38 3
0.052369 0.212333 0.711888 9.31176e-39 3
0.0635787 0.210988 0.70738 9.22028e-39 3
0.0747916 0.210065 0.704287 8.48235e-39 3
0.0861274 0.209688 0.703021 8.84934e-39 3
0.0974006 0.209264 0.701602 9.40359e-39 3
0.00613113 0.232354 0.738611 9.21992e-39 3
0.0177264 0.226531 0.720101 1.16174e-38 3
0.0294555 0.226379 0.719618 9.31247e-39 3
0.0410853 0.225768 0.717674 9.77309e-39 3
0.0520451 0.222562 0.707485 1.03255e-38 3
0.062941 0.220297 0.700285 9.49615e-39 3
0.0858252 0.220382 0.700554 1.20762e-38 3
0.0973412 0.220577 0.701174 1.2446e-38 3
0.00594494 0.236983 0.716181 1.1801e-38 3
0.0178362 0.239757 0.724563 1.17096e-38 3
0.0297499 0.2405 0.726811 1.13408e-38 3
0.0412698 0.238543 0.720897 1.07872e-38 3
0.0520695 0.234215 0.707817 1.01419e-38 3
0.062941 0.231723 0.700285 1.06032e-38 3
0.0858252 0.231812 0.700554 1.1156e-38 3
0.0973412 0.232017 0.701174 1.08794e-38 3
0.0173385 0.244558 0.704344 1.06954e-38 3
0.0289541 0.245607 0.707366 1.24471e-38 3
0.0404026 0.245046 0.70575 1.24464e-38 3
0.0517466 0.24424 0.703427 1.06029e-38 3
0.0634192 0.244996 0.705606 1.24482e-38 3
0.0753049 0.246216 0.70912 1.11578e-38 3
0.0873045 0.247434 0.712629 1.0972e-38 3
0.0993623 0.248512 0.715732 1.06954e-38 3
-0.0455486 0.212411 0.799635 9.86673e-39 3
-0.0453645 0.224547 0.796403 1.01422e-38 3
-0.0324939 0.225402 0.799435 9.68125e-39 3
-0.0967804 0.236175 0.791826 1.00511e-38 3
-0.083869 0.236197 0.7919 1.02355e-38 3
-0.0711519 0.236874 0.794168 1.0972e-38 3
-0.058244 0.237075 0.794844 9.77345e-39 3
-0.0451394 0.236362 0.792452 1.04188e-38 3
-0.0323421 0.237331 0.795701 9.95784e-39 3
-0.019323 0.236881 0.794191 9.77309e-39 3
-0.00630137 0.234503 0.78622 1.09713e-38 3
-0.09638 0.248064 0.78855 9.77309e-39 3
-0.0834475 0.247866 0.78792 1.08798e-38 3
-0.0707804 0.248527 0.790022 1.11564e-38 3
-0.0578401 0.24831 0.789332 1.02355e-38 3
-0.0449338 0.248156 0.788842 9.95892e-39 3
-0.0322271 0.249423 0.79287 1.02348e-38 3
-0.0192278 0.248607 0.790277 1.1156e-38 3
-0.00617812 0.242494 0.770843 1.15241e-38 3
-0.0962184 0.260492 0.787228 1.06032e-38 3
-0.0830723 0.259549 0.784377 1.0511e-38 3
-0.0704921 0.260352 0.786803 9.31247e-39 3
-0.0576374 0.260273 0.786566 8.48379e-39 3
-0.0447614 0.260025 0.785815 9.49794e-39 3
-0.0322109 0.262228 0.792472 9.9582e-39 3
-0.0191854 0.260925 0.788536 9.40431e-39 3
-0.00595528 0.24587 0.743039 1.07865e-38 3
-0.0962184 0.273336 0.787228 9.22028e-39 3
-0.0830723 0.272347 0.784377 9.31247e-39 3
-0.0176358 0.251677 0.724848 1.0788e-38 3
-0.0854551 0.214335 0.806875 8.76038e-39 3
-0.0720171 0.213524 0.803825 9.58906e-39 3
-0.0586636 0.21266 0.80057 9.86565e-39 3
-0.0346618 0.226526 0.852771 1.02355e-38 3
-0.0216175 0.236016 0.888495 1.0511e-38 3
-0.00694487 0.230176 0.86651 1.03266e-38 3
-0.0985562 0.227353 0.806355 9.59014e-39 3
-0.0848133 0.225791 0.800815 1.02355e-38 3
-0.0719363 0.226385 0.802923 1.06954e-38 3
-0.0587517 0.22606 0.801771 1.02344e-38 3
-0.0198624 0.230174 0.81636 1.09716e-38 3
-0.0064974 0.228572 0.810679 9.5887e-39 3
-0.192934 0.0937906 0.35308 6.72992e-39 3
-0.187328 0.0938683 0.353373 5.43918e-39 3
-0.183984 0.0951199 0.358084 6.36114e-39 3
-0.192934 0.0995513 0.35308 5.25515e-39 3
-0.187328 0.0996338 0.353373 6.82248e-39 3
0.500852 0.204046 0.818412 8.94369e-39 3
0.518257 0.205654 0.824862 9.49759e-39 3
0.538083 0.208117 0.83474 8.11393e-39 3
0.553615 0.208839 0.837635 8.11393e-39 3
0.564372 0.207768 0.833338 8.02138e-39 3
0.575158 0.206757 0.829286 6.27002e-39 3
0.580823 0.203995 0.818206 6.27002e-39 3
0.587021 0.20154 0.808358 6.36222e-39 3
0.520766 0.2146 0.807876 8.8515e-39 3
0.536185 0.2155 0.811262 8.8515e-39 3
0.546073 0.214187 0.806318 8.20613e-39 3
0.555009 0.212571 0.800234 7.92954e-39 3
0.460631 0.203974 0.818124 9.12809e-39 3
0.476404 0.205018 0.822309 8.2976e-39 3
0.486876 0.203786 0.817366 8.11321e-39 3
0.0420283 0.183037 0.734146 9.22028e-39 3
0.0532337 0.180418 0.723643 9.77453e-39 3
0.0417966 0.19394 0.730099 1.07876e-38 3
0.0524391 0.189356 0.712841 1.02344e-38 3
0.0868893 0.199971 0.70924 8.94261e-39 3
0.0982107 0.199463 0.707437 9.77273e-39 3
0.0343626 0.209304 0.8395 9.22028e-39 3
0.0758679 0.210453 0.84411 9.03517e-39 3
0.00693854 0.222039 0.835879 9.58906e-39 3
0.0201897 0.217866 0.82017 1.02344e-38 3
0.0331475 0.228328 0.809814 1.06954e-38 3
-0.0848779 0.236199 0.947372 9.58906e-39 3
-0.0704796 0.239801 0.96182 9.68126e-39 3
-0.0552694 0.241913 0.970291 9.12916e-39 3
-0.0397752 0.243978 0.978574 9.68234e-39 3
-0.0238283 0.244174 0.979362 9.31247e-39 3
-0.00778468 0.242163 0.971293 1.04192e-38 3
-0.192722 0.218289 0.875538 6.91467e-39 3
-0.181726 0.222313 0.891678 7.55932e-39 3
-0.189611 0.228819 0.861403 8.11321e-39 3
-0.17826 0.232343 0.874669 1.01415e-38 3
-0.168347 0.238518 0.897914 9.21956e-39 3
-0.116082 0.222574 0.837894 8.57491e-39 3
-0.100022 0.217383 0.81835 8.66818e-39 3
-0.198219 0.236379 0.838369 9.58906e-39 3
-0.184567 0.236413 0.838491 1.02344e-38 3
-0.171578 0.237371 0.841885 1.15245e-38 3
-0.158238 0.237965 0.843995 1.02341e-38 3
-0.143616 0.236562 0.839019 1.00497e-38 3
-0.128425 0.233828 0.829321 1.05114e-38 3
-0.112781 0.229528 0.81407 1.01422e-38 3
-0.193845 0.24454 0.819871 9.22136e-39 3
-0.180943 0.245183 0.822025 9.58906e-39 3
-0.167283 0.24482 0.82081 1.06954e-38 3
-0.153706 0.244525 0.81982 1.10638e-38 3
-0.139622 0.243293 0.815688 1.04185e-38 3
-0.124889 0.240549 0.80649 1.06036e-38 3
-0.190203 0.253071 0.804468 8.85294e-39 3
-0.178796 0.255527 0.812274 1.08809e-38 3
-0.166123 0.256421 0.815116 9.95713e-39 3
-0.154043 0.258467 0.82162 1.04185e-38 3
-0.141273 0.259635 0.825332 1.07876e-38 3
-0.128352 0.260741 0.828847 1.03263e-38 3
-0.111888 0.254065 0.807626 9.49615e-39 3
-0.177742 0.267195 0.807484 1.005e-38 3
-0.165134 0.268115 0.810264 9.03517e-39 3
-0.15389 0.271603 0.820806 9.31211e-39 3
-0.141219 0.272996 0.825016 1.11564e-38 3
-0.127562 0.272577 0.823751 9.68089e-39 3
-0.111205 0.265609 0.802692 9.68054e-39 3
-0.163811 0.279081 0.803773 8.48271e-39 3
-0.153399 0.284085 0.818184 9.77273e-39 3
-0.141206 0.286431 0.824942 8.75893e-39 3
-0.127562 0.286017 0.823751 8.85149e-39 3
-0.111205 0.278706 0.802692 9.03697e-39 3
-0.249979 0.117568 0.471556 6.08455e-39 3
-0.246534 0.116372 0.438091 5.43954e-39 3
-0.246534 0.12352 0.438091 6.63737e-39 3
0.837327 0.200943 0.862402 4.97893e-39 3
0.853137 0.215453 0.864164 4.24244e-39 3
0.895392 0.233214 0.877946 5.80833e-39 3
0.839734 0.272076 0.864881 6.26859e-39 3
0.831839 0.265064 0.84259 6.63737e-39 3
0.830365 0.282994 0.855231 7.09835e-39 3
0.368112 0.1844 0.791403 9.12736e-39 3
0.364799 0.176547 0.757701 8.57419e-39 3
0.363536 0.170169 0.730328 8.48344e-39 3
0.356827 0.191263 0.767141 9.12736e-39 3
0.351607 0.182079 0.730302 9.58834e-39 3
0.356122 0.178372 0.715434 9.22028e-39 3
0.368018 0.17848 0.715868 8.57563e-39 3
0.399222 0.187658 0.752678 6.54805e-39 3
0.330619 0.195677 0.736636 9.95713e-39 3
0.335949 0.191856 0.722254 9.95713e-39 3
0.345086 0.190396 0.716756 9.95713e-39 3
0.354879 0.189381 0.712937 9.03589e-39 3
0.372726 0.192593 0.725027 8.85222e-39 3
0.367168 0.205558 0.882208 8.39124e-39 3
0.367034 0.219872 0.881886 8.3916e-39 3
0.366647 0.211354 0.847724 9.12916e-39 3
0.364376 0.20241 0.811848 9.86529e-39 3
0.356404 0.227476 0.856345 9.3132e-39 3
0.347948 0.213701 0.804489 9.86673e-39 3
0.342998 0.252134 0.894248 1.02344e-38 3
0.336776 0.237459 0.8422 9.58871e-39 3
0.312634 0.265718 0.890873 1.05125e-38 3
0.318861 0.25897 0.868251 9.12808e-39 3
0.31379 0.244011 0.818098 1.03259e-38 3
0.217903 0.200653 0.861157 9.58906e-39 3
0.241069 0.208539 0.895 1.005e-38 3
0.209492 0.206415 0.827914 1.06947e-38 3
0.229391 0.212331 0.851643 1.05103e-38 3
0.252892 0.220715 0.885267 1.03259e-38 3
0.206681 0.216973 0.816807 1.0511e-38 3
0.221575 0.218518 0.822624 1.04181e-38 3
0.240797 0.223911 0.842928 9.77274e-39 3
0.266323 0.234268 0.881916 9.22028e-39 3
0.202538 0.225683 0.800433 9.49687e-39 3
0.218214 0.228422 0.810146 1.06947e-38 3
0.234955 0.231898 0.822477 1.07876e-38 3
0.254438 0.237561 0.84256 9.40467e-39 3
0.279127 0.247253 0.876937 1.07887e-38 3
0.244557 0.241548 0.809838 1.00511e-38 3
0.270135 0.253135 0.848686 7.93062e-39 3
0.299712 0.267156 0.895697 9.95928e-39 3
0.16541 0.205254 0.880903 8.11321e-39 3
0.153266 0.222867 0.8939 1.01415e-38 3
0.158607 0.210594 0.844675 9.77309e-39 3
0.168105 0.205361 0.823684 1.03266e-38 3
0.179993 0.203607 0.816651 1.11564e-38 3
0.193429 0.203725 0.817122 1.06032e-38 3
0.154666 0.2188 0.823684 1.18018e-38 3
0.166669 0.216931 0.816651 1.02355e-38 3
0.17996 0.216891 0.816498 1.0972e-38 3
0.193281 0.216891 0.816498 1.06954e-38 3
0.152185 0.228514 0.810472 1.07887e-38 3
0.164875 0.227776 0.807858 1.10653e-38 3
0.177013 0.226443 0.80313 1.06043e-38 3
-0.226952 0.209222 0.897932 7.56004e-39 3
-0.212072 0.208996 0.896961 7.37565e-39 3
-0.264042 0.218202 0.875191 7.00543e-39 3
-0.246548 0.215394 0.863925 7.37565e-39 3
-0.234283 0.21709 0.870729 7.28417e-39 3
-0.219148 0.216174 0.867054 7.19198e-39 3
-0.205289 0.216478 0.868274 6.82247e-39 3
-0.264701 0.233062 0.877376 7.5586e-39 3
-0.242358 0.225589 0.849244 8.11321e-39 3
-0.22987 0.226939 0.854327 7.19198e-39 3
-0.216508 0.227547 0.856612 8.11393e-39 3
-0.20279 0.227836 0.857701 7.56076e-39 3
-0.298602 0.251822 0.893142 6.36113e-39 3
-0.273142 0.242169 0.858905 7.28309e-39 3
-0.25451 0.237853 0.843596 7.0065e-39 3
-0.238379 0.235514 0.835302 1.04181e-38 3
-0.226233 0.237067 0.84081 9.12808e-39 3
-0.212429 0.236972 0.840472 8.11501e-39 3
-0.290892 0.259516 0.870079 8.66674e-39 3
-0.269971 0.253209 0.848934 8.66674e-39 3
-0.249495 0.246659 0.826975 8.85113e-39 3
-0.231402 0.24185 0.810852 1.02344e-38 3
-0.219659 0.243498 0.816378 8.11393e-39 3
-0.20659 0.243794 0.81737 8.94477e-39 3
-0.289102 0.25937 0.82449 8.85185e-39 3
-0.286429 0.283628 0.816868 9.22028e-39 3
-0.294076 0.291327 0.801386 9.49794e-39 3
-0.327802 0.217826 0.93486 6.54624e-39 3
-0.321062 0.223759 0.960322 7.28309e-39 3
-0.300282 0.220014 0.944248 7.92738e-39 3
-0.399909 0.230681 0.92524 7.37565e-39 3
-0.322801 0.229523 0.920596 8.29724e-39 3
-0.305985 0.228184 0.915224 7.6508e-39 3
-0.370839 0.246522 0.928047 6.17782e-39 3
-0.324309 0.245686 0.924898 7.1909e-39 3
-0.311843 0.24777 0.932745 6.08347e-39 3
-0.357446 0.262951 0.932612 7.83734e-39 3
-0.318085 0.255771 0.907147 7.92918e-39 3
-0.355697 0.276806 0.928047 9.22028e-39 3
-0.352357 0.289206 0.919332 9.22028e-39 3
-0.394318 0.204838 0.87912 4.79418e-39 3
-0.319249 0.20271 0.869986 6.82319e-39 3
-0.350541 0.210136 0.842836 6.82247e-39 3
-0.336789 0.210136 0.842836 6.82247e-39 3
-0.323101 0.210177 0.843 6.45441e-39 3
-0.317298 0.215579 0.864669 7.46856e-39 3
-0.324847 0.225141 0.847558 6.91647e-39 3
-0.318604 0.230632 0.868229 7.92954e-39 3
-0.317648 0.244063 0.865622 9.58906e-39 3
-0.313814 0.25507 0.855174 8.94369e-39 3
-0.308516 0.262432 0.879856 8.48235e-39 3
-0.306161 0.262462 0.83432 9.31247e-39 3
-0.322766 0.291047 0.879568 8.94369e-39 3
1.00272 0.20969 0.967701 5.16224e-39 3
1.03124 0.212311 0.979797 4.79238e-39 3
1.04722 0.212311 0.979797 3.22578e-39 3
1.05008 0.20969 0.967701 4.60907e-39 3
1.06587 0.20969 0.967701 4.3332e-39 3
1.00251 0.22543 0.967495 3.9637e-39 3
1.01806 0.225379 0.967276 5.07005e-39 3
1.02585 0.223637 0.959798 4.79346e-39 3
1.02257 0.219569 0.942341 5.1626e-39 3
1.0024 0.241191 0.967396 4.97785e-39 3
1.01806 0.241161 0.967276 5.53102e-39 3
1.02585 0.239297 0.959798 5.43883e-39 3
1.02257 0.234944 0.942341 4.42504e-39 3
1.01357 0.255808 0.963006 5.80761e-39 3
1.06971 0.262176 0.929863 5.34663e-39 3
1.0675 0.276775 0.927944 4.88566e-39 3
1.07561 0.286018 0.909199 5.25443e-39 3
0.916924 0.204637 0.944383 4.88602e-39 3
0.955353 0.20969 0.967701 4.42539e-39 3
0.971141 0.20969 0.967701 5.07076e-39 3
0.98693 0.20969 0.967701 4.97785e-39 3
0.922259 0.217668 0.93418 4.70234e-39 3
0.948385 0.220195 0.945025 5.16332e-39 3
0.977424 0.223307 0.95838 4.60978e-39 3
0.932009 0.231545 0.928707 5.6243e-39 3
0.972742 0.237799 0.953789 4.3332e-39 3
0.991524 0.254186 0.956897 5.62322e-39 3
0.7372 0.167339 0.772254 5.43991e-39 3
0.71472 0.174451 0.748705 4.88638e-39 3
0.714171 0.186524 0.74813 4.51867e-39 3
0.758013 0.194647 0.780713 3.9655e-39 3
0.645356 0.154408 0.71258 5.34807e-39 3
0.601531 0.184707 0.792719 7.09871e-39 3
0.614173 0.184619 0.792342 6.91432e-39 3
0.650583 0.164417 0.705639 4.97893e-39 3
0.659217 0.163702 0.70257 5.16332e-39 3
0.601475 0.197622 0.792644 7.09871e-39 3
0.613718 0.1974 0.791755 6.63773e-39 3
0.624553 0.196744 0.789123 6.45406e-39 3
0.62891 0.194115 0.778578 5.99308e-39 3
0.633482 0.191655 0.768711 5.5321e-39 3
0.632959 0.187779 0.753165 5.80869e-39 3
0.637379 0.185489 0.743981 5.71613e-39 3
0.660646 0.188667 0.756728 4.88637e-39 3
0.680925 0.190891 0.765647 5.43918e-39 3
0.681881 0.187715 0.752909 6.36078e-39 3
0.658288 0.178013 0.713996 5.80869e-39 3
0.664997 0.176701 0.70873 5.0722e-39 3
0.616036 0.198573 0.74754 7.83699e-39 3
0.609889 0.192775 0.725713 6.91504e-39 3
0.607996 0.188517 0.709684 7.19162e-39 3
0.637986 0.194119 0.730772 5.99272e-39 3
0.669367 0.199931 0.752651 6.2693e-39 3
0.676773 0.198501 0.747269 7.46713e-39 3
0.662881 0.190986 0.718977 7.19126e-39 3
0.698759 0.197822 0.744713 5.71649e-39 3
1.1078 0.303301 1.39971 6.91504e-39 3
1.13064 0.303301 1.39971 5.71649e-39 3
1.15348 0.303301 1.39971 6.73064e-39 3
0.405104 0.188721 0.870931 8.11321e-39 3
0.484974 0.186647 0.86136 7.56004e-39 3
0.499028 0.186647 0.86136 8.02102e-39 3
0.48938 0.19682 0.844708 7.19126e-39 3
0.499434 0.195362 0.838449 7.56004e-39 3
0.438169 0.199818 0.801455 8.02246e-39 3
0.390894 0.188721 0.870931 8.85078e-39 3
0.369095 0.198842 0.853384 8.94477e-39 3
0.370647 0.192419 0.82582 8.2976e-39 3
0.368751 0.199822 0.922162 9.31176e-39 3
0.383796 0.199822 0.922162 8.11393e-39 3
0.398842 0.199822 0.922162 7.10086e-39 3
0.300595 0.204637 0.944383 9.40395e-39 3
0.316004 0.204637 0.944383 9.21992e-39 3
0.339595 0.20969 0.967701 8.482e-39 3
0.355383 0.20969 0.967701 8.75858e-39 3
0.366646 0.207132 0.955899 8.75858e-39 3
0.314606 0.219072 0.940206 9.12808e-39 3
0.333803 0.221633 0.951197 9.03588e-39 3
0.350712 0.222514 0.95498 8.57491e-39 3
0.360962 0.219276 0.94108 9.40467e-39 3
0.365065 0.21272 0.912945 9.22028e-39 3
0.313138 0.233319 0.93582 9.86565e-39 3
0.333769 0.237128 0.9511 9.86493e-39 3
0.350712 0.238095 0.95498 9.95784e-39 3
0.360962 0.23463 0.94108 9.40467e-39 3
0.365065 0.227615 0.912945 9.40467e-39 3
0.313108 0.248562 0.935728 9.68126e-39 3
0.333769 0.252646 0.9511 9.58906e-39 3
0.350712 0.253676 0.95498 9.31247e-39 3
0.36082 0.249887 0.940712 8.20613e-39 3
0.362222 0.240622 0.905835 8.20613e-39 3
0.308713 0.260126 0.922593 9.86673e-39 3
0.331104 0.266022 0.943506 9.68234e-39 3
0.34352 0.263736 0.935397 9.49687e-39 3
0.257473 0.207132 0.955899 8.2976e-39 3
0.273069 0.207132 0.955899 8.66639e-39 3
0.285187 0.204637 0.944383 9.31176e-39 3
0.260376 0.212376 0.911468 9.58906e-39 3
0.277302 0.213961 0.91827 8.66711e-39 3
0.295719 0.216475 0.929062 9.12808e-39 3
0.273985 0.226205 0.907288 1.00493e-38 3
0.292383 0.229021 0.918582 9.77345e-39 3
0.290942 0.242806 0.914056 9.68125e-39 3
0.150131 0.20969 0.967701 8.48271e-39 3
0.153717 0.230864 0.990815 9.31247e-39 3
0.158167 0.214944 0.922488 9.40467e-39 3
0.105574 0.247862 0.994151 1.0049e-38 3
0.158558 0.24565 0.924765 1.02344e-38 3
-0.192468 0.204637 0.944383 7.28345e-39 3
-0.179219 0.207132 0.955899 6.73028e-39 3
-0.167713 0.212311 0.979797 7.19126e-39 3
-0.198287 0.209895 0.900819 8.11322e-39 3
-0.185467 0.212042 0.910034 1.01415e-38 3
-0.174337 0.216662 0.929862 7.74443e-39 3
-0.163547 0.222626 0.955458 6.91467e-39 3
-0.150232 0.226047 0.97014 8.3898e-39 3
-0.135572 0.228012 0.978574 8.11321e-39 3
-0.119837 0.228454 0.98047 7.65295e-39 3
-0.104984 0.230969 0.991266 8.02281e-39 3
-0.171988 0.22871 0.917336 7.46784e-39 3
-0.158845 0.231366 0.927989 8.20576e-39 3
-0.146276 0.235506 0.944595 8.85149e-39 3
-0.132338 0.238159 0.955236 8.48271e-39 3
-0.115989 0.236601 0.948986 8.11501e-39 3
-0.100029 0.235479 0.944484 8.66818e-39 3
-0.155622 0.241505 0.90916 8.85113e-39 3
-0.139587 0.239443 0.901398 1.01426e-38 3
-0.295601 0.212311 0.979797 7.0065e-39 3
-0.279615 0.212311 0.979797 6.63809e-39 3
-0.247643 0.212311 0.979797 6.17711e-39 3
-0.220626 0.202201 0.93314 6.73028e-39 3
-0.205401 0.202201 0.93314 7.28345e-39 3
-0.278559 0.215135 0.923308 7.83519e-39 3
-0.261784 0.213738 0.917314 6.63809e-39 3
-0.245415 0.212524 0.912102 7.46856e-39 3
-0.288061 0.225838 0.905817 7.83447e-39 3
-0.293799 0.24541 0.923862 6.63664e-39 3
-0.481416 0.20969 0.967701 4.70197e-39 3
-0.459949 0.207132 0.955899 4.60978e-39 3
-0.433773 0.202201 0.93314 5.34807e-39 3
-0.437604 0.219346 0.941383 5.07148e-39 3
-0.462356 0.231715 0.929387 6.63772e-39 3
-0.86256 0.269601 1.24419 4.33248e-39 3
-0.84226 0.269601 1.24419 4.51759e-39 3
-0.82196 0.269601 1.24419 5.25515e-39 3
-0.837682 0.288325 1.23742 4.97856e-39 3
1.00272 0.193901 0.967701 5.89945e-39 3
1.03124 0.196325 0.979797 4.33105e-39 3
1.06048 0.19881 0.992199 4.42324e-39 3
1.07667 0.19881 0.992199 5.25444e-39 3
0.63393 0.137772 0.687577 5.34771e-39 3
0.645148 0.137772 0.687577 5.34771e-39 3
0.63393 0.14899 0.687577 4.97893e-39 3
0.645148 0.14899 0.687577 4.42576e-39 3
0.610383 0.197127 0.699155 7.92954e-39 3
0.685124 0.180734 0.641011 6.54517e-39 3
0.675857 0.175608 0.622833 6.54554e-39 3
0.667537 0.170877 0.606053 5.99236e-39 3
0.657701 0.190669 0.606101 7.65224e-39 3
0.593126 0.175486 0.875796 6.17747e-39 3
0.532992 0.188721 0.870931 7.74444e-39 3
0.547202 0.188721 0.870931 7.09943e-39 3
0.577452 0.194113 0.895814 7.83699e-39 3
0.585378 0.191919 0.885692 6.17855e-39 3
0.58335 0.186647 0.86136 6.54626e-39 3
0.594139 0.185627 0.856653 7.37565e-39 3
0.598307 0.182633 0.842836 7.09906e-39 3
0.51304 0.195334 0.838329 7.92883e-39 3
0.527349 0.195568 0.839333 7.5604e-39 3
0.544323 0.196754 0.844421 6.08563e-39 3
0.562278 0.198226 0.850742 7.2849e-39 3
0.571932 0.196772 0.844501 7.09943e-39 3
0.578695 0.194415 0.834386 7.5604e-39 3
0.585685 0.192241 0.825056 6.731e-39 3
0.592894 0.190235 0.816446 7.46784e-39 3
0.59749 0.187497 0.804695 7.65224e-39 3
0.594992 0.199788 0.801331 7.00759e-39 3
0.307409 0.203974 1.01797 8.66639e-39 3
0.324018 0.203974 1.01797 7.56004e-39 3
0.340627 0.203974 1.01797 7.83663e-39 3
0.167254 0.178477 0.890725 8.3898e-39 3
0.179744 0.176472 0.880716 8.94298e-39 3
0.194114 0.176472 0.880716 8.3898e-39 3
0.167254 0.19301 0.890725 9.03517e-39 3
0.177747 0.188721 0.870931 8.482e-39 3
0.191957 0.188721 0.870931 8.20541e-39 3
0.173615 0.198212 0.850682 8.57491e-39 3
0.185801 0.196422 0.842999 8.48271e-39 3
0.199755 0.19662 0.843846 9.31247e-39 3
0.11561 0.218139 1.08866 7.56076e-39 3
0.129768 0.212243 1.05924 9.221e-39 3
0.144129 0.208026 1.0382 8.66711e-39 3
0.160008 0.206658 1.03137 9.03589e-39 3
0.114027 0.232669 1.07375 8.39052e-39 3
0.129768 0.229525 1.05924 7.83807e-39 3
0.145089 0.226465 1.04512 8.66711e-39 3
0.110973 0.243489 1.045 8.66711e-39 3
0.12814 0.243712 1.04596 8.94442e-39 3
0.145071 0.243485 1.04498 1.01422e-38 3
0.127936 0.260361 1.04429 9.31247e-39 3
0.145457 0.261229 1.04777 1.02344e-38 3
0.157343 0.252858 1.01419 1.01422e-38 3
0.0627595 0.219664 1.09628 8.39052e-39 3
0.0789888 0.21515 1.07375 8.48272e-39 3
0.0965077 0.21515 1.07375 8.7593e-39 3
0.00861794 0.224965 1.0382 7.37565e-39 3
0.0257272 0.226465 1.04512 8.66639e-39 3
0.0427789 0.226465 1.04512 8.7593e-39 3
0.0606392 0.229525 1.05924 7.83734e-39 3
0.0773984 0.227985 1.05213 8.57491e-39 3
0.0945646 0.227985 1.05213 7.56076e-39 3
0.00845516 0.237334 1.01858 9.03552e-39 3
0.0249874 0.236514 1.01506 8.39016e-39 3
0.0411876 0.234458 1.00624 8.57491e-39 3
0.0578667 0.235523 1.01081 8.39052e-39 3
0.0757861 0.240044 1.03021 8.48272e-39 3
0.0932951 0.24186 1.03801 8.8515e-39 3
0.0935646 0.276528 1.04101 1.07869e-38 3
-0.0776183 0.212243 1.05924 6.91467e-39 3
-0.0603361 0.212243 1.05924 7.46856e-39 3
-0.0430539 0.212243 1.05924 7.74479e-39 3
-0.0912031 0.220583 1.01797 7.37637e-39 3
-0.0776183 0.229525 1.05924 6.6388e-39 3
-0.0599312 0.227985 1.05213 7.00758e-39 3
-0.0419209 0.223485 1.03137 7.83734e-39 3
-0.0249295 0.222024 1.02462 8.11357e-39 3
-0.00821212 0.222024 1.02462 8.11357e-39 3
-0.0899648 0.233971 1.00415 8.48271e-39 3
-0.0760044 0.241675 1.03722 7.28417e-39 3
-0.0599486 0.245222 1.05244 8.48379e-39 3
-0.0420545 0.241078 1.03465 7.09978e-39 3
-0.0248094 0.237591 1.01969 7.92954e-39 3
-0.00817893 0.237777 1.02048 7.83698e-39 3
-0.162079 0.234418 1.16991 6.45369e-39 3
-0.142991 0.234418 1.16991 6.08563e-39 3
-0.118593 0.224371 1.11977 6.82319e-39 3
-0.100323 0.224371 1.11977 6.63808e-39 3
-0.188409 0.201359 1.00492 7.09906e-39 3
-0.174247 0.203974 1.01797 6.82248e-39 3
-0.164029 0.212243 1.05924 6.82248e-39 3
-0.155617 0.217755 1.00492 7.74443e-39 3
-0.142885 0.223485 1.03137 7.65223e-39 3
-0.126058 0.223485 1.03137 7.83734e-39 3
-0.107812 0.220583 1.01797 6.45549e-39 3
0.979539 0.182621 0.992199 3.40944e-39 3
0.983281 0.180339 0.979797 4.05481e-39 3
0.999267 0.180339 0.979797 3.22613e-39 3
0.935323 0.196325 0.979797 4.51723e-39 3
0.951309 0.196325 0.979797 5.53102e-39 3
0.967295 0.196325 0.979797 5.992e-39 3
0.971141 0.193901 0.967701 4.97785e-39 3
0.98693 0.193901 0.967701 5.53102e-39 3
1.15348 0.257627 1.39971 5.80869e-39 3
1.17631 0.257627 1.39971 5.5321e-39 3
1.13064 0.280464 1.39971 6.17747e-39 3
1.15348 0.280464 1.39971 6.17747e-39 3
1.17631 0.280464 1.39971 5.6243e-39 3
0.632302 0.163944 0.890725 6.82104e-39 3
0.607416 0.175486 0.875796 6.73028e-39 3
0.632302 0.178477 0.890725 6.45225e-39 3
0.615367 0.169794 0.847392 5.992e-39 3
0.629193 0.169794 0.847392 5.99236e-39 3
0.612059 0.182633 0.842836 6.73028e-39 3
0.619153 0.18069 0.83387 6.91468e-39 3
0.632758 0.18069 0.83387 7.09871e-39 3
0.653313 0.182633 0.842836 7.19091e-39 3
0.647963 0.190761 0.818702 6.54625e-39 3
0.536167 0.212163 1.1527 5.62393e-39 3
0.582345 0.21533 1.16991 6.73028e-39 3
0.528396 0.227623 1.136 7.74443e-39 3
0.571791 0.237969 1.18763 7.28345e-39 3
0.546931 0.246157 1.136 8.3898e-39 3
0.315375 0.203199 1.104 8.20541e-39 3
0.33815 0.206101 1.11977 7.74443e-39 3
0.35642 0.206101 1.11977 8.3898e-39 3
0.391467 0.21533 1.16991 8.66639e-39 3
0.387425 0.221211 1.104 8.29761e-39 3
-0.0957292 0.240452 1.3064 4.60978e-39 3
-0.0744146 0.240452 1.3064 6.54624e-39 3
-0.0334581 0.253107 1.37515 7.0065e-39 3
-0.0110215 0.253107 1.37515 6.54553e-39 3
-0.0110215 0.275543 1.37515 6.72992e-39 3
-0.189659 0.225423 1.22475 6.17711e-39 3
-0.17515 0.232695 1.26425 4.97856e-39 3
-0.15207 0.229002 1.24419 5.44026e-39 3
-0.13177 0.229002 1.24419 4.79489e-39 3
-0.11147 0.229002 1.24419 4.97856e-39 3
-0.292921 0.200376 1.08866 5.80904e-39 3
-0.275159 0.200376 1.08866 5.62393e-39 3
-0.257397 0.200376 1.08866 5.80832e-39 3
-0.239635 0.200376 1.08866 6.3615e-39 3
-0.221872 0.200376 1.08866 5.62393e-39 3
-0.298256 0.209413 1.04512 6.17783e-39 3
-0.281204 0.209413 1.04512 5.62465e-39 3
-0.260677 0.206658 1.03137 6.45369e-39 3
-0.240683 0.203974 1.01797 6.3615e-39 3
-0.221201 0.201359 1.00492 6.54589e-39 3
-0.204805 0.201359 1.00492 6.54589e-39 3
-0.270389 0.217755 1.00492 6.6388e-39 3
-0.328446 0.200376 1.08866 4.33319e-39 3
-0.310684 0.200376 1.08866 5.90124e-39 3
-0.315308 0.209413 1.04512 6.63808e-39 3
-0.368764 0.217755 1.00492 6.91539e-39 3
-0.364036 0.224965 1.0382 7.09942e-39 3
-0.347098 0.224965 1.0382 6.82211e-39 3
-0.33459 0.227985 1.05213 7.28201e-39 3
1.47502 0.212068 1.26425 4.2392e-39 1
1.47191 0.208702 1.24419 4.42467e-39 1
1.49221 0.208702 1.24419 4.42467e-39 1
1.47502 0.232695 1.26425 4.3314e-39 3
1.49565 0.232695 1.26425 4.24028e-39 3
1.07757 0.180113 1.07375 3.68603e-39 3
1.09509 0.180113 1.07375 3.77823e-39 3
1.04128 0.184963 1.00492 2.94919e-39 3
1.09999 0.192361 1.04512 3.3169e-39 3
1.17051 0.248079 1.47894 5.07148e-39 3
1.19464 0.248079 1.47894 4.97928e-39 3
1.1962 0.243485 1.45155 4.88637e-39 3
1.17051 0.272209 1.47894 5.71649e-39 3
1.17252 0.267168 1.45155 6.17747e-39 3
1.14883 0.290851 1.45155 7.46821e-39 3
0.611074 0.167493 0.998519 7.37637e-39 3
0.611778 0.163332 0.973711 6.36186e-39 3
0.627665 0.163332 0.973711 6.45406e-39 3
0.63178 0.160344 0.955899 6.45513e-39 3
0.651062 0.157464 0.938728 6.54589e-39 3
0.603387 0.181473 0.985959 6.2693e-39 3
0.604272 0.17702 0.961764 6.73064e-39 3
0.619964 0.17702 0.961764 6.36186e-39 3
0.616737 0.171751 0.93314 5.80977e-39 3
0.620875 0.168738 0.916769 6.08528e-39 3
0.628482 0.166787 0.906171 6.72956e-39 3
0.594782 0.167493 0.998519 6.45441e-39 3
0.551658 0.180339 0.979797 7.92919e-39 3
0.567644 0.180339 0.979797 5.71685e-39 3
0.587301 0.181473 0.985959 6.91467e-39 3
0.51317 0.182628 0.911439 7.6526e-39 3
0.528041 0.182628 0.911439 7.00759e-39 3
0.569395 0.191536 0.955899 7.46785e-39 3
0.584991 0.191536 0.955899 6.91467e-39 3
0.57939 0.184776 0.922162 6.82284e-39 3
0.594436 0.184776 0.922162 7.7448e-39 3
0.59547 0.180528 0.900963 6.54733e-39 3
0.612762 0.220978 1.31737 5.90052e-39 3
0.639631 0.222851 1.32854 7.37565e-39 3
0.656317 0.250906 1.3632 5.62393e-39 3
0.0521694 0.213792 1.27453 6.08563e-39 3
0.0701141 0.205441 1.22475 6.45406e-39 3
0.0517487 0.232695 1.26425 5.99343e-39 3
0.0513347 0.251296 1.25414 8.11393e-39 3
-0.180988 0.219137 1.3064 5.34735e-39 3
-0.159673 0.219137 1.3064 4.88708e-39 3
-0.138359 0.219137 1.3064 5.34806e-39 3
-0.119028 0.222851 1.32854 5.53245e-39 3
-0.294168 0.208702 1.24419 5.43882e-39 3
-0.273868 0.208702 1.24419 5.4399e-39 3
-0.249606 0.205441 1.22475 5.34806e-39 3
-0.229624 0.205441 1.22475 5.62537e-39 3
-0.216404 0.212068 1.26425 5.44026e-39 3
-0.206416 0.221955 1.2059 5.80832e-39 3
-0.439139 0.200736 1.1967 5.07076e-39 3
-0.419614 0.200736 1.1967 5.53173e-39 3
-0.464021 0.213735 1.16124 5.53173e-39 3
-0.448396 0.21533 1.16991 5.62465e-39 3
-0.432536 0.216949 1.1787 5.07147e-39 3
-0.413304 0.216949 1.1787 5.99307e-39 3
-0.441802 0.23097 1.1527 5.34806e-39 3
-0.422995 0.23097 1.1527 5.62465e-39 3
-0.404187 0.23097 1.1527 5.3477e-39 3
0.613669 0.160396 1.05924 5.80904e-39 3
0.610332 0.155155 1.02462 5.80904e-39 3
0.631387 0.152171 1.00492 5.6243e-39 3
0.684965 0.153153 1.0114 5.80904e-39 3
0.684965 0.169654 1.0114 6.54661e-39 3
0.561823 0.160396 1.05924 6.73028e-39 3
0.579105 0.160396 1.05924 5.53174e-39 3
0.596387 0.160396 1.05924 6.08563e-39 3
0.561823 0.177679 1.05924 6.63809e-39 3
0.556542 0.170756 1.01797 6.17711e-39 3
0.565803 0.168567 1.00492 5.99343e-39 3
0.582199 0.168567 1.00492 6.54661e-39 3
0.561823 0.194961 1.05924 6.91468e-39 3
0.556542 0.187365 1.01797 6.3615e-39 3
0.324812 0.182605 1.2059 6.63809e-39 3
0.349869 0.185458 1.22475 6.08491e-39 3
0.388041 0.194579 1.28498 4.70198e-39 3
0.300513 0.179838 1.18763 6.26966e-39 3
0.305982 0.190554 1.136 7.4682e-39 3
0.329289 0.193356 1.1527 7.56004e-39 3
0.358644 0.199215 1.18763 7.83663e-39 3
0.0335572 0.206423 1.3632 7.09906e-39 3
0.011415 0.23067 1.37515 6.2693e-39 3
0.0329835 0.224756 1.33989 6.2693e-39 3
0.0112182 0.248743 1.35144 7.19126e-39 3
0.0324292 0.242472 1.31737 6.63809e-39 3
0.0112182 0.270793 1.35144 8.57419e-39 3
0.0324292 0.263966 1.31737 7.46785e-39 3
-0.0353168 0.219802 1.45155 6.63808e-39 3
-0.0115271 0.217786 1.43823 1.15237e-38 3
-0.0826828 0.243485 1.45155 5.16367e-39 3
-0.0589998 0.243485 1.45155 5.53245e-39 3
-0.0346747 0.239058 1.42516 6.08526e-39 3
-0.0113194 0.236905 1.41232 6.63772e-39 3
-0.0574052 0.259948 1.41232 6.63844e-39 3
-0.177415 0.219802 1.45155 5.07076e-39 3
-0.153732 0.219802 1.45155 6.17711e-39 3
-0.104432 0.239058 1.42516 5.25587e-39 3
-1.06064 0.269758 1.78145 3.22613e-39 3
-1.03157 0.269758 1.78145 3.59419e-39 3
-1.0025 0.269758 1.78145 2.85735e-39 3
-1.06064 0.298823 1.78145 3.8715e-39 3
1.52419 0.176507 1.3064 4.32996e-39 1
1.5455 0.176507 1.3064 4.14665e-39 1
1.52419 0.197822 1.3064 3.40908e-39 1
1.71793 0.207656 1.53694 4.23741e-39 1
1.70949 0.203662 1.50738 3.59204e-39 1
1.71793 0.232732 1.53694 4.14629e-39 1
1.70949 0.228256 1.50738 3.03994e-39 1
1.72671 0.262964 1.56768 3.87115e-39 3
1.71793 0.257808 1.53694 4.23921e-39 3
1.70949 0.25285 1.50738 3.59384e-39 1
1.75229 0.288542 1.56768 3.22505e-39 3
1.70949 0.277444 1.50738 2.76408e-39 3
1.74537 0.220634 1.633 3.68711e-39 1
1.77202 0.220634 1.633 3.59384e-39 1
1.74537 0.247278 1.633 4.4236e-39 1
1.77202 0.247278 1.633 4.14773e-39 1
1.77202 0.273921 1.633 3.87115e-39 3
1.21641 0.207656 1.53694 3.41268e-39 3
1.26632 0.211809 1.56768 4.05697e-39 3
1.21761 0.228256 1.50738 4.33391e-39 3
1.24221 0.228256 1.50738 4.14881e-39 3
1.29164 0.232732 1.53694 3.8715e-39 3
1.16626 0.207656 1.53694 3.96262e-39 3
1.19134 0.207656 1.53694 4.05661e-39 3
1.14383 0.228256 1.50738 4.14701e-39 3
1.16843 0.228256 1.50738 4.05661e-39 3
1.19302 0.228256 1.50738 3.87294e-39 3
1.14118 0.257808 1.53694 4.97821e-39 3
1.14383 0.25285 1.50738 5.43883e-39 3
1.16843 0.25285 1.50738 5.16296e-39 3
1.14118 0.282884 1.53694 5.62358e-39 3
1.14383 0.277444 1.50738 5.90017e-39 3
1.16843 0.277444 1.50738 4.97857e-39 3
0.778218 0.148118 1.09628 4.70018e-39 3
0.796104 0.148118 1.09628 3.9637e-39 3
0.701467 0.153153 1.0114 4.60978e-39 3
0.778218 0.166005 1.09628 4.97785e-39 3
0.796104 0.166005 1.09628 4.60907e-39 3
1.00301 0.240692 1.78145 5.25515e-39 3
1.03208 0.240692 1.78145 5.53174e-39 3
1.03756 0.235343 1.74186 5.07112e-39 3
0.550143 0.211809 1.56768 5.62322e-39 3
0.575721 0.211809 1.56768 5.25443e-39 3
0.575721 0.237387 1.56768 5.53174e-39 3
0.558049 0.225329 1.66774 5.16224e-39 3
0.525251 0.249881 1.65018 4.3332e-39 3
0.552175 0.249881 1.65018 5.16296e-39 3
0.585259 0.252539 1.66774 4.241e-39 3
0.341963 0.182594 1.35144 4.51722e-39 3
0.364013 0.182594 1.35144 4.79418e-39 3
0.392836 0.185797 1.37515 4.97857e-39 3
0.202497 0.134056 0.992199 4.51759e-39 3
0.218685 0.150245 0.992199 5.53174e-39 3
0.213285 0.162324 0.967701 5.53174e-39 3
0.203248 0.169731 0.922162 9.31176e-39 3
0.231938 0.180339 0.979797 7.83698e-39 3
0.218294 0.184776 0.922162 9.12772e-39 3
0.247924 0.196325 0.979797 9.12736e-39 3
0.230627 0.197498 0.911439 8.57419e-39 3
0.134305 0.148118 1.09628 5.07076e-39 3
0.144129 0.140271 1.0382 5.34663e-39 3
0.131546 0.162594 1.07375 6.27002e-39 3
0.144129 0.15721 1.0382 4.70126e-39 3
0.155905 0.152171 1.00492 5.90052e-39 3
0.130651 0.178887 1.06645 7.83842e-39 3
0.144129 0.174149 1.0382 7.65223e-39 3
0.15793 0.170756 1.01797 7.37565e-39 3
0.130651 0.196287 1.06645 8.02246e-39 3
0.144129 0.191087 1.0382 8.39052e-39 3
0.158962 0.188589 1.02462 8.20613e-39 3
0.125172 0.159255 1.1787 5.43954e-39 3
0.103604 0.174549 1.1527 6.73028e-39 3
0.121517 0.173275 1.14429 5.53174e-39 3
0.102848 0.191945 1.14429 6.17711e-39 3
0.120637 0.190554 1.136 7.19198e-39 3
-0.184238 0.203662 1.50738 4.51687e-39 3
-0.159645 0.203662 1.50738 3.96369e-39 3
-0.140453 0.211809 1.56768 4.14808e-39 3
-0.112623 0.207656 1.53694 5.07004e-39 3
-0.137699 0.232732 1.53694 5.90052e-39 3
-0.112623 0.232732 1.53694 5.43954e-39 3
-0.378216 0.216132 1.59967 3.87042e-39 3
-0.352116 0.216132 1.59967 4.14952e-39 3
-0.326017 0.216132 1.59967 4.05661e-39 3
-0.363384 0.232732 1.53694 4.05589e-39 3
-0.338308 0.232732 1.53694 3.31904e-39 3
-0.313232 0.232732 1.53694 4.42611e-39 3
-0.432536 0.159255 1.1787 3.13394e-39 3
-0.432536 0.178486 1.1787 4.51759e-39 3
-0.419614 0.181211 1.1967 4.33319e-39 3
-0.467483 0.196242 1.16991 5.16296e-39 3
-0.451767 0.197717 1.1787 5.25515e-39 3
-0.403323 0.126077 0.93314 3.13394e-39 3
-0.408183 0.143004 0.944383 4.14808e-39 3
-0.403323 0.156526 0.93314 4.51722e-39 3
-0.418548 0.171751 0.93314 5.16296e-39 3
-0.444353 0.191536 0.955899 4.42539e-39 3
-0.413624 0.184776 0.922162 5.07076e-39 3
-0.875512 0.313632 1.70399 3.68782e-39 3
-0.84771 0.313632 1.70399 4.42539e-39 3
-0.819909 0.313632 1.70399 4.60978e-39 3
0.74952 0.145493 1.22475 3.68819e-39 3
0.769503 0.145493 1.22475 5.07041e-39 3
0.777339 0.143255 1.2059 4.42467e-39 3
-0.996077 0.305772 1.82288 3.87222e-39 3
-0.966336 0.305772 1.82288 4.1488e-39 3
-0.936595 0.305772 1.82288 4.1488e-39 3
-0.906853 0.305772 1.82288 3.41052e-39 3
-0.996077 0.335514 1.82288 3.68783e-39 3
-0.996077 0.365255 1.82288 3.87222e-39 3
0.661307 0.157823 1.32854 4.05661e-39 3
0.650285 0.176507 1.3064 5.25515e-39 3
0.628971 0.197822 1.3064 7.09906e-39 3
0.650285 0.197822 1.3064 6.91467e-39 3
-0.986719 0.313632 1.70399 3.8715e-39 3
-0.958918 0.313632 1.70399 4.42539e-39 3
-0.923388 0.320602 1.74186 4.05661e-39 3
-0.923388 0.349022 1.74186 3.41124e-39 3
0.514577 0.202425 1.70399 4.3332e-39 3
0.548339 0.20465 1.72272 3.68783e-39 3
0.582851 0.206924 1.74186 3.7793e-39 3
0.542378 0.230227 1.70399 5.99272e-39 3
0.207756 0.120929 1.01797 3.96441e-39 3
0.230348 0.141206 1.04512 4.42467e-39 3
0.244145 0.173003 1.03137 6.73063e-39 3
0.260972 0.18983 1.03137 8.20576e-39 3
0.152007 0.116395 0.979797 4.42467e-39 3
0.167993 0.116395 0.979797 3.87222e-39 3
0.183979 0.116395 0.979797 3.78038e-39 3
0.152007 0.132381 0.979797 5.07004e-39 3
0.167993 0.132381 0.979797 5.07076e-39 3
0.183979 0.132381 0.979797 4.5183e-39 3
0.163896 0.144748 0.955899 5.80832e-39 3
0.179492 0.144748 0.955899 6.54589e-39 3
0.197497 0.146535 0.967701 5.34735e-39 3
0.161921 0.158412 0.944383 6.63808e-39 3
0.175219 0.156526 0.93314 6.73028e-39 3
0.190443 0.156526 0.93314 6.3615e-39 3
0.159994 0.171751 0.93314 8.94369e-39 3
0.173157 0.169731 0.922162 8.66639e-39 3
0.188203 0.169731 0.922162 8.5742e-39 3
0.159994 0.186976 0.93314 8.7593e-39 3
0.158111 0.199822 0.922162 8.94369e-39 3
0.110946 0.146639 1.23439 4.79346e-39 3
0.128061 0.143255 1.2059 4.97785e-39 3
0.109226 0.164193 1.21525 5.62394e-39 3
0.0945276 0.152649 1.28498 4.14881e-39 3
0.0735623 0.173614 1.28498 5.16296e-39 3
0.0930029 0.170814 1.26425 5.16224e-39 3
0.052597 0.194579 1.28498 6.91467e-39 3
0.0717968 0.189909 1.25414 5.07148e-39 3
0.0900966 0.185458 1.22475 6.91396e-39 3
0.034456 0.166278 1.39971 4.33283e-39 3
0.0572932 0.166278 1.39971 4.60942e-39 3
0.0747883 0.155193 1.3064 4.79417e-39 3
0.0116188 0.189115 1.39971 5.53137e-39 3
0.0338515 0.185797 1.37515 5.99235e-39 3
0.0534736 0.176507 1.3064 5.80832e-39 3
-0.39431 0.198118 1.66774 3.13394e-39 3
-0.359452 0.193991 1.633 3.68854e-39 3
-0.332809 0.193991 1.633 3.31832e-39 3
-0.357649 0.110852 0.93314 3.50272e-39 3
-0.379073 0.123145 0.911439 3.13465e-39 3
-0.364202 0.123145 0.911439 3.31904e-39 3
-0.361958 0.127596 0.944383 2.94954e-39 3
-0.392774 0.143004 0.944383 3.22684e-39 3
-0.377366 0.143004 0.944383 3.96441e-39 3
-0.366372 0.144748 0.955899 4.241e-39 3
-0.388099 0.156526 0.93314 4.33319e-39 3
-0.398578 0.169731 0.922162 5.34735e-39 3
-0.383533 0.169731 0.922162 5.53174e-39 3
-0.396247 0.183696 0.916769 5.34735e-39 3
-0.374716 0.180528 0.900963 5.62393e-39 3
-0.360016 0.180528 0.900963 5.25515e-39 3
-0.353441 0.199822 0.922162 6.731e-39 3
-0.34045 0.101213 0.851997 3.31904e-39 3
-0.38719 0.194113 0.895814 5.53174e-39 3
-0.372575 0.194113 0.895814 5.43954e-39 3
-0.357959 0.194113 0.895814 4.60978e-39 3
-0.368349 0.198571 0.852222 5.80833e-39 3
-0.352629 0.197554 0.847857 5.62393e-39 3
-0.33861 0.197446 0.847392 7.37565e-39 3
-0.324912 0.197523 0.847725 6.54661e-39 3
0.51736 0.118128 1.1527 3.7793e-39 1
0.536167 0.118128 1.1527 3.31833e-39 1
0.575657 0.169562 1.11977 6.3615e-39 3
0.582345 0.196242 1.16991 6.63808e-39 3
0.575657 0.187832 1.11977 6.63808e-39 3
0.513833 0.131683 1.28498 4.1488e-39 1
0.521963 0.128523 1.25414 3.50272e-39 1
0.513833 0.152649 1.28498 4.05661e-39 3
0.521963 0.148985 1.25414 3.13465e-39 3
0.542425 0.148985 1.25414 2.67367e-39 3
0.57204 0.151408 1.27453 4.05661e-39 3
0.592835 0.151408 1.27453 2.67368e-39 3
0.513743 0.166779 1.23439 5.25515e-39 3
0.533883 0.166779 1.23439 5.53174e-39 3
0.567427 0.170814 1.26425 5.71613e-39 3
0.592835 0.172202 1.27453 6.4537e-39 3
0.513743 0.186919 1.23439 5.16295e-39 3
0.533883 0.186919 1.23439 6.3615e-39 3
0.567427 0.191441 1.26425 6.54589e-39 3
0.597694 0.194579 1.28498 6.3615e-39 3
0.561371 0.163932 1.59967 3.31833e-39 1
0.550143 0.186231 1.56768 3.9637e-39 3
0.587471 0.190032 1.59967 3.50272e-39 3
0.508901 0.182561 1.78145 3.78002e-39 3
0.526012 0.178504 1.74186 3.68783e-39 3
0.554431 0.178504 1.74186 3.31904e-39 3
0.582851 0.178504 1.74186 3.77931e-39 1
0.0118301 0.146049 1.42516 3.50307e-39 3
0.0350825 0.146049 1.42516 3.50307e-39 3
0.0583349 0.146049 1.42516 3.59491e-39 3
0.084666 0.15156 1.47894 3.7793e-39 3
0.0117235 0.167776 1.41232 4.42503e-39 3
-0.0606855 0.153004 1.49302 2.85771e-39 3
-0.0356469 0.150144 1.46512 2.58112e-39 3
-0.0116338 0.148753 1.45155 3.59491e-39 3
-0.0842429 0.17569 1.47894 4.88637e-39 3
-0.0595512 0.174048 1.46512 4.5183e-39 3
-0.0353168 0.172436 1.45155 8.02102e-39 3
-0.0116338 0.172436 1.45155 4.79346e-39 3
-0.0842429 0.19982 1.47894 4.51759e-39 3
-0.0595512 0.197952 1.46512 4.97928e-39 3
-0.0353168 0.196119 1.45155 5.16296e-39 3
-0.0115271 0.19432 1.43823 5.992e-39 3
-0.184238 0.154475 1.50738 3.59419e-39 3
-0.167707 0.162276 1.58351 3.13429e-39 3
-0.140453 0.160654 1.56768 2.95098e-39 3
-0.114875 0.160654 1.56768 2.76587e-39 3
-0.184238 0.179069 1.50738 3.8715e-39 3
-0.16603 0.186231 1.56768 5.25443e-39 3
-0.136362 0.180807 1.52201 5.16224e-39 3
-0.110457 0.179069 1.50738 4.42467e-39 3
-0.303181 0.102983 1.00492 2.94811e-39 3
-0.303181 0.119379 1.00492 3.9637e-39 3
-0.319569 0.143114 1.05924 4.33319e-39 3
-0.302287 0.143114 1.05924 3.87222e-39 3
-0.351084 0.113136 1.104 3.22361e-39 3
-0.351084 0.131149 1.104 3.87078e-39 3
-0.366573 0.155742 1.1527 3.68711e-39 3
-0.361261 0.172019 1.136 4.51758e-39 3
-0.33783 0.169562 1.11977 3.96441e-39 3
-0.31956 0.169562 1.11977 3.78002e-39 3
-0.361261 0.190554 1.136 4.70233e-39 3
-0.33783 0.187832 1.11977 4.5183e-39 3
-0.31956 0.187832 1.11977 4.97928e-39 3
-0.310152 0.193356 1.1527 5.43882e-39 3
-0.360417 0.0854541 0.83387 2.02759e-39 3
-0.346811 0.0854541 0.83387 3.31832e-39 3
-0.34045 0.0873118 0.851997 3.31904e-39 3
-0.360417 0.0990592 0.83387 2.94954e-39 3
-0.346811 0.0990592 0.83387 4.241e-39 3
0.804315 0.10233 1.18763 2.58076e-39 1
0.804315 0.121707 1.18763 2.76587e-39 1
0.804315 0.141084 1.18763 4.79417e-39 3
0.823692 0.141084 1.18763 3.22613e-39 3
0.843069 0.141084 1.18763 4.05482e-39 3
0.862446 0.141084 1.18763 3.96262e-39 3
0.804315 0.160461 1.18763 5.16296e-39 3
0.823692 0.160461 1.18763 4.60907e-39 3
0.843069 0.199215 1.18763 6.45298e-39 3
-0.856884 0.33417 1.66774 4.0566e-39 3
-0.829674 0.33417 1.66774 5.71613e-39 3
-0.856884 0.36138 1.66774 6.08455e-39 3
0.765561 0.10233 1.18763 2.1187e-39 1
0.784938 0.10233 1.18763 1.6588e-39 1
0.765561 0.121707 1.18763 3.50272e-39 1
0.784938 0.121707 1.18763 3.04246e-39 1
0.784938 0.141084 1.18763 4.70198e-39 3
0.726807 0.160461 1.18763 4.70234e-39 3
0.746184 0.160461 1.18763 5.62358e-39 3
0.765561 0.160461 1.18763 5.25443e-39 3
0.784938 0.160461 1.18763 4.97856e-39 3
0.743045 0.174549 1.1527 5.71613e-39 3
0.761852 0.174549 1.1527 6.54661e-39 3
1.74537 0.300564 1.633 3.87007e-39 3
1.77202 0.300564 1.633 3.87042e-39 3
1.79866 0.300564 1.633 3.22613e-39 3
-0.171165 0.139254 1.61616 2.76551e-39 1
-0.144797 0.139254 1.61616 2.39781e-39 1
-0.120921 0.142185 1.65018 2.67368e-39 1
-0.285469 0.143698 1.66774 3.13394e-39 1
-0.252878 0.140704 1.633 3.22613e-39 1
-0.226235 0.140704 1.633 3.22541e-39 1
-0.285469 0.170908 1.66774 3.31905e-39 3
-0.252878 0.167348 1.633 3.59563e-39 3
0.533134 0.130355 1.86628 2.58076e-39 1
0.570374 0.131926 1.88877 2.94955e-39 1
0.520736 0.157065 1.82288 2.30454e-39 1
0.550477 0.157065 1.82288 2.58148e-39 1
0.57355 0.15526 1.80193 2.39709e-39 1
0.406497 0.128822 1.84432 2.48857e-39 1
0.436588 0.128822 1.84432 1.751e-39 1
0.46668 0.128822 1.84432 2.02759e-39 1
0.496771 0.128822 1.84432 2.21162e-39 1
0.406497 0.158913 1.84432 2.67296e-39 1
0.431512 0.157065 1.82288 2.58076e-39 1
0.461253 0.157065 1.82288 3.59491e-39 1
0.496771 0.158913 1.84432 2.48893e-39 1
0.426552 0.184659 1.80193 4.51687e-39 3
0.455951 0.184659 1.80193 4.24028e-39 3
0.490995 0.186807 1.82288 3.59528e-39 3
0.354659 0.131926 1.88877 2.58148e-39 1
0.385476 0.131926 1.88877 2.02759e-39 1
0.354659 0.162742 1.88877 2.76623e-39 3
0.380887 0.160805 1.86628 2.58076e-39 1
0.380887 0.191254 1.86628 3.9637e-39 3
0.397152 0.184659 1.80193 4.42467e-39 3
-0.263873 0.11902 1.70399 2.9481e-39 1
-0.236071 0.11902 1.70399 2.94847e-39 1
-0.20827 0.146822 1.70399 2.48712e-39 1
-0.304933 0.12443 1.78145 2.94847e-39 1
-0.333998 0.153496 1.78145 3.22613e-39 1
-0.392129 0.182561 1.78145 3.50488e-39 3
-0.363064 0.182561 1.78145 2.48856e-39 3
-0.333998 0.182561 1.78145 2.76515e-39 3
-0.278443 0.107591 2.00984 1.93431e-39 1
-0.245651 0.140383 2.00984 3.04029e-39 1
-0.212859 0.140383 2.00984 3.3176e-39 1
-0.286259 0.100592 2.70289 2.58004e-39 1
-0.24216 0.100592 2.70289 3.13321e-39 1
-0.286259 0.144691 2.70289 3.3176e-39 1
1.26907 0.00561553 1.22475 2.3031e-39 1
1.28905 0.00561553 1.22475 2.57969e-39 1
1.26858 0.026857 1.28498 2.39458e-39 1
1.28955 0.026857 1.28498 2.85591e-39 1
1.26858 0.0478223 1.28498 3.13286e-39 1
1.28955 0.0478223 1.28498 3.31725e-39 1
1.52619 0.00816805 1.78145 1.84284e-39 1
1.55526 0.00816805 1.78145 1.56626e-39 1
1.52619 0.0372335 1.78145 2.30382e-39 1
1.55526 0.0372335 1.78145 2.76408e-39 1
-0.192635 0.215422 0.291588 1.10631e-38 3
-0.19814 0.221014 0.292693 1.05107e-38 3
-0.189854 0.217001 0.287378 9.77237e-39 3
-0.183939 0.215564 0.285476 7.376e-39 3
