# timestamp(s) p q
1776829877.31530 -0.001421 0.351989 0.002561 -0.007180 0.000164 -0.707012 0.707166
1776829877.48197 0.003574 0.353524 -0.003085 -0.007561 0.000798 -0.707901 0.706271
1776829877.64864 0.003507 0.354414 -0.004797 -0.007906 0.000615 -0.707837 0.706331
1776829877.81530 0.004500 0.355870 -0.004928 -0.008023 0.000645 -0.707925 0.706241
1776829877.98197 0.005779 0.357683 -0.005001 -0.008156 0.000677 -0.708013 0.706152
1776829878.14865 0.007483 0.359900 -0.005024 -0.008310 0.000681 -0.708105 0.706058
1776829878.31530 0.009667 0.362568 -0.005008 -0.008447 0.000702 -0.708194 0.705967
1776829878.48197 0.012381 0.365761 -0.005043 -0.008625 0.000637 -0.708285 0.705874
1776829878.64865 0.015658 0.369568 -0.005008 -0.008767 0.000639 -0.708388 0.705768
1776829878.81530 0.019556 0.374029 -0.004893 -0.008871 0.000668 -0.708488 0.705667
1776829878.98150 0.003356 0.356566 -0.002840 -0.007107 0.001013 -0.708597 0.705577
1776829879.14821 0.000496 0.351390 0.001391 -0.006708 0.000923 -0.708780 0.705398
1776829896.31530 0.000463 0.352307 0.002269 -0.007052 0.000729 -0.708784 0.705390
1776829896.48197 0.000800 0.353938 0.002732 -0.007094 0.000691 -0.708831 0.705343
1776829896.64864 0.000584 0.354619 0.003112 -0.007100 0.000734 -0.708836 0.705337
1776829896.81530 0.000582 0.354703 0.002662 -0.007134 0.000748 -0.708831 0.705342
1776829896.98198 0.000661 0.354970 0.002705 -0.007107 0.000839 -0.708837 0.705336
1776829897.14864 0.000458 0.354763 0.002539 -0.007093 0.000825 -0.708832 0.705341
1776829897.31530 0.000330 0.354798 0.002325 -0.007078 0.000830 -0.708825 0.705348
1776829897.48197 0.000186 0.354861 0.002039 -0.007070 0.000820 -0.708821 0.705353
1776829897.64863 0.000026 0.355921 0.001157 -0.007075 0.000771 -0.708850 0.705323
1776829897.81531 -0.000164 0.356129 0.000777 -0.007089 0.000742 -0.708859 0.705314
1776829897.98198 -0.004110 0.362046 0.000046 -0.007197 0.000499 -0.708888 0.705284
1776829898.14861 -0.003772 0.366968 0.000099 -0.007429 0.000716 -0.709041 0.705127
1776829898.31524 -0.004968 0.368787 -0.000006 -0.007385 0.000553 -0.709071 0.705098
1776829898.48200 0.006639 0.361207 0.002290 -0.006972 0.000727 -0.710384 0.703780
1776829898.64856 0.007189 0.361719 0.002023 -0.006987 0.000662 -0.710467 0.703696
1776829898.81524 0.007430 0.362082 0.001925 -0.006958 0.000612 -0.710494 0.703668
1776829898.98190 0.007603 0.362372 0.002078 -0.006894 0.000672 -0.710495 0.703668
1776829899.14862 0.007963 0.362902 0.002166 -0.006879 0.000667 -0.710573 0.703589
1776829899.31532 0.007168 0.362375 0.002605 -0.006672 0.000676 -0.710523 0.703642
1776829899.48196 0.007016 0.362367 0.002614 -0.006724 0.000749 -0.710453 0.703713
1776829899.64861 0.006501 0.362747 0.002519 -0.006682 0.000571 -0.710458 0.703708
1776829899.81530 0.006601 0.362889 0.002625 -0.006675 0.000539 -0.710474 0.703691
1776829899.98199 0.006500 0.362777 0.002692 -0.006620 0.000524 -0.710481 0.703685
1776829900.14873 0.006810 0.363254 0.002563 -0.006693 0.000459 -0.710557 0.703608
1776829900.31542 0.007242 0.363711 0.002690 -0.006698 0.000481 -0.710630 0.703534
1776829900.48201 0.006701 0.363249 0.002946 -0.006714 0.000586 -0.710499 0.703666
1776829900.64871 0.006867 0.363202 0.003154 -0.006622 0.000650 -0.710562 0.703603
1776829900.81541 0.006765 0.363102 0.003273 -0.006589 0.000683 -0.710567 0.703598
1776829900.98204 0.006708 0.363092 0.003316 -0.006585 0.000713 -0.710544 0.703622
1776829901.14871 0.006888 0.363050 0.003333 -0.006554 0.000708 -0.710592 0.703573
1776829901.31539 0.006930 0.363182 0.003229 -0.006544 0.000618 -0.710629 0.703537
1776829901.48204 0.006829 0.363197 0.003387 -0.006480 0.000618 -0.710628 0.703538
1776829901.64869 0.007414 0.363316 0.003456 -0.006438 0.000527 -0.710813 0.703352
1776829901.81539 0.007181 0.363288 0.003477 -0.006411 0.000449 -0.710791 0.703373
1776829901.98202 0.006982 0.363185 0.003495 -0.006371 0.000489 -0.710764 0.703401
1776829902.14879 0.006923 0.363487 0.003394 -0.006474 0.000478 -0.710670 0.703496
1776829902.31550 0.007087 0.363470 0.003577 -0.006392 0.000455 -0.710748 0.703417
1776829902.48215 0.007261 0.363493 0.003595 -0.006417 0.000459 -0.710785 0.703380
1776829902.64886 0.007288 0.363662 0.003483 -0.006462 0.000441 -0.710778 0.703387
1776829902.81555 0.007073 0.363700 0.003336 -0.006520 0.000442 -0.710705 0.703460
1776829902.98221 0.006661 0.363637 0.003296 -0.006502 0.000457 -0.710609 0.703557
1776829903.14873 0.008020 0.364989 0.003894 -0.006439 0.000498 -0.710772 0.703393
1776829903.31541 0.007457 0.364505 0.003886 -0.006379 0.000471 -0.710718 0.703448
1776829903.48203 0.006973 0.364225 0.003650 -0.006471 0.000403 -0.710618 0.703548
1776829903.64870 0.006218 0.363866 0.003510 -0.006467 0.000363 -0.710495 0.703673
1776829903.81537 0.005771 0.363567 0.003309 -0.006508 0.000376 -0.710458 0.703710
1776829903.98206 0.005350 0.363628 0.002943 -0.006598 0.000234 -0.710350 0.703817
1776829904.14872 0.005136 0.363674 0.002826 -0.006624 0.000199 -0.710319 0.703849
1776829904.31544 0.005086 0.363768 0.002855 -0.006543 0.000082 -0.710382 0.703786
1776829904.48211 0.005617 0.363845 0.003098 -0.006473 0.000152 -0.710519 0.703648
1776829904.64878 0.005689 0.363566 0.003109 -0.006454 0.000078 -0.710584 0.703583
1776829904.81546 0.005943 0.363663 0.003043 -0.006496 -0.000057 -0.710635 0.703531
1776829904.98213 0.005975 0.363424 0.003124 -0.006379 -0.000044 -0.710705 0.703461
1776829905.14878 0.005903 0.363477 0.003105 -0.006397 -0.000051 -0.710660 0.703507
1776829905.31548 0.005953 0.363571 0.003231 -0.006373 -0.000065 -0.710674 0.703493
1776829905.48216 0.005524 0.363265 0.003251 -0.006292 -0.000066 -0.710620 0.703548
1776829905.64878 0.005768 0.362989 0.003400 -0.006399 0.000190 -0.710591 0.703576
1776829905.81557 0.005836 0.362678 0.003478 -0.006474 0.000393 -0.710546 0.703621
1776829905.98226 0.005657 0.362523 0.003473 -0.006562 0.000554 -0.710464 0.703703
1776829906.14893 0.005651 0.362328 0.003558 -0.006607 0.000680 -0.710433 0.703733
1776829906.31558 0.005401 0.362181 0.003482 -0.006679 0.000780 -0.710349 0.703817
1776829906.48225 0.005573 0.362271 0.003297 -0.006815 0.000812 -0.710338 0.703827
1776829906.64892 0.005455 0.362105 0.003339 -0.006797 0.000892 -0.710316 0.703850
1776829906.81559 0.005525 0.362274 0.003373 -0.006824 0.000918 -0.710285 0.703880
1776829906.98230 0.005443 0.362388 0.003350 -0.006825 0.001023 -0.710223 0.703943
1776829907.14900 0.005120 0.362291 0.003335 -0.006864 0.001055 -0.710152 0.704014
1776829907.31568 0.004547 0.362055 0.003445 -0.006814 0.001116 -0.710107 0.704060
1776829907.48233 0.004406 0.362058 0.003437 -0.006868 0.001186 -0.710006 0.704161
1776829907.64900 0.003961 0.362020 0.003396 -0.006890 0.001193 -0.709886 0.704282
1776829907.81567 0.003969 0.362062 0.003341 -0.006901 0.001196 -0.709846 0.704322
1776829907.98238 0.004012 0.362083 0.003362 -0.006917 0.001206 -0.709818 0.704350
1776829908.14904 0.003672 0.362065 0.003364 -0.006920 0.001183 -0.709723 0.704446
1776829908.31571 0.003225 0.361736 0.003301 -0.006894 0.001182 -0.709650 0.704520
1776829908.48243 0.003126 0.361405 0.003166 -0.006929 0.001219 -0.709644 0.704525
1776829908.64903 0.002881 0.361257 0.002970 -0.006982 0.001168 -0.709591 0.704578
1776829908.81572 0.002833 0.361092 0.002906 -0.006989 0.001173 -0.709592 0.704578
1776829908.98242 0.002730 0.361257 0.002740 -0.007048 0.001160 -0.709537 0.704632
1776829909.14909 0.002648 0.360861 0.002657 -0.007026 0.001133 -0.709581 0.704588
1776829909.31573 0.002974 0.361071 0.002660 -0.007037 0.001096 -0.709651 0.704517
1776829909.48238 0.003236 0.361223 0.002354 -0.007179 0.000983 -0.709695 0.704472
1776829909.64907 0.003185 0.361163 0.002277 -0.007156 0.000982 -0.709724 0.704443
1776829909.81571 0.003355 0.361370 0.002203 -0.007183 0.000903 -0.709762 0.704404
1776829909.98239 0.003242 0.361190 0.002160 -0.007128 0.000899 -0.709797 0.704370
1776829910.14906 0.003595 0.361332 0.002096 -0.007191 0.000886 -0.709805 0.704361
1776829910.31571 0.003477 0.361131 0.002135 -0.007145 0.000884 -0.709787 0.704379
1776829910.48239 0.003575 0.361134 0.002316 -0.007107 0.000891 -0.709803 0.704364
1776829910.64906 0.003504 0.361141 0.002304 -0.007066 0.000867 -0.709792 0.704375
1776829910.81574 0.003602 0.361315 0.002276 -0.007082 0.000806 -0.709813 0.704354
1776829910.98241 0.003654 0.361344 0.002266 -0.007112 0.000782 -0.709810 0.704357
1776829911.14908 0.003442 0.361203 0.002119 -0.007101 0.000750 -0.709802 0.704365
1776829911.31575 0.003370 0.361015 0.002172 -0.007047 0.000758 -0.709820 0.704348
1776829911.48240 0.003403 0.361161 0.002134 -0.007093 0.000773 -0.709785 0.704383
1776829911.64907 0.003517 0.361145 0.002238 -0.007032 0.000761 -0.709814 0.704353
1776829911.81572 0.003527 0.361179 0.002222 -0.007026 0.000760 -0.709815 0.704353
1776829911.98240 0.003956 0.362105 0.002217 -0.007188 0.000729 -0.709775 0.704391
1776829912.14911 0.003515 0.361427 0.002234 -0.007113 0.000722 -0.709772 0.704396
1776829912.31577 0.003286 0.360983 0.002260 -0.007035 0.000743 -0.709803 0.704365
1776829912.48240 0.003594 0.361939 0.002359 -0.007091 0.000704 -0.709765 0.704403
1776829912.64908 0.003684 0.362039 0.002448 -0.007086 0.000795 -0.709770 0.704398
1776829912.81575 0.003918 0.362672 0.002680 -0.007159 0.000933 -0.709664 0.704504
1776829912.98240 0.003879 0.362780 0.002770 -0.007151 0.000997 -0.709612 0.704556
1776829913.14909 0.003675 0.362574 0.002838 -0.007126 0.000989 -0.709595 0.704573
1776829913.31578 0.003456 0.362342 0.002973 -0.007054 0.000971 -0.709570 0.704598
1776829913.48249 0.003009 0.362001 0.002928 -0.007028 0.001026 -0.709458 0.704712
1776829913.64913 0.002664 0.361733 0.002955 -0.006960 0.000981 -0.709419 0.704752
1776829913.81584 0.002361 0.361256 0.002770 -0.006941 0.000922 -0.709418 0.704753
1776829913.98250 0.002029 0.360910 0.002681 -0.006919 0.000931 -0.709377 0.704795
1776829914.14917 0.002067 0.360954 0.002553 -0.006947 0.000944 -0.709369 0.704803
1776829914.31581 0.001882 0.360472 0.002477 -0.006931 0.000920 -0.709420 0.704751
1776829914.48251 0.002375 0.360637 0.002424 -0.006991 0.000871 -0.709611 0.704558
1776829914.64919 0.002459 0.360401 0.002399 -0.006978 0.000914 -0.709583 0.704586
1776829914.81585 0.002431 0.360186 0.002297 -0.007003 0.000882 -0.709601 0.704568
1776829914.98253 0.002358 0.360154 0.002282 -0.007011 0.000882 -0.709612 0.704557
1776829915.14920 0.002308 0.360090 0.002283 -0.006995 0.000879 -0.709599 0.704571
1776829915.31589 0.002558 0.360086 0.002267 -0.007003 0.000863 -0.709643 0.704526
1776829915.48257 0.002431 0.359968 0.002280 -0.006984 0.000888 -0.709589 0.704581
1776829915.64924 0.002486 0.359843 0.002327 -0.006957 0.000861 -0.709639 0.704531
1776829915.81591 0.002623 0.359982 0.002414 -0.006938 0.000855 -0.709665 0.704505
1776829915.98259 0.002652 0.360185 0.002542 -0.006923 0.000853 -0.709670 0.704500
1776829916.14927 0.002677 0.360171 0.002530 -0.006918 0.000839 -0.709681 0.704489
1776829916.31597 0.002591 0.359915 0.002540 -0.006844 0.000842 -0.709685 0.704486
1776829916.48260 0.002708 0.359913 0.002588 -0.006823 0.000787 -0.709729 0.704441
1776829916.64926 0.002640 0.359709 0.002588 -0.006796 0.000795 -0.709755 0.704415
1776829916.81592 0.002641 0.359584 0.002534 -0.006768 0.000761 -0.709793 0.704377
1776829916.98257 0.002610 0.359542 0.002401 -0.006797 0.000760 -0.709789 0.704381
1776829917.14926 0.002416 0.359365 0.002373 -0.006753 0.000759 -0.709745 0.704426
1776829917.31591 0.002521 0.359607 0.002343 -0.006820 0.000764 -0.709734 0.704437
1776829917.48262 0.002533 0.360010 0.002417 -0.006852 0.000857 -0.709645 0.704525
1776829917.64931 0.002483 0.360234 0.002645 -0.006826 0.000884 -0.709608 0.704563
1776829917.81603 0.002068 0.359479 0.002805 -0.006673 0.000856 -0.709653 0.704519
1776829917.98269 0.002067 0.359422 0.002694 -0.006730 0.000800 -0.709659 0.704513
1776829918.14934 0.002062 0.359568 0.002486 -0.006810 0.000771 -0.709635 0.704536
1776829918.31602 0.001859 0.359183 0.002594 -0.006683 0.000804 -0.709656 0.704516
1776829918.48268 0.001991 0.359517 0.002524 -0.006757 0.000731 -0.709625 0.704546
1776829918.64933 0.001731 0.359241 0.002450 -0.006656 0.000610 -0.709640 0.704533
1776829918.81602 0.001600 0.359206 0.002494 -0.006651 0.000638 -0.709578 0.704595
1776829918.98260 0.001306 0.358980 0.002467 -0.006616 0.000626 -0.709519 0.704655
1776829919.14932 0.001119 0.358794 0.002488 -0.006574 0.000645 -0.709505 0.704670
1776829919.31599 0.000944 0.358721 0.002379 -0.006595 0.000664 -0.709460 0.704714
1776829919.48267 0.000859 0.358903 0.002409 -0.006637 0.000720 -0.709430 0.704744
1776829919.64934 0.001056 0.359162 0.002648 -0.006645 0.000751 -0.709489 0.704684
1776829919.81607 0.001157 0.359081 0.002675 -0.006635 0.000734 -0.709551 0.704622
1776829919.98272 0.001360 0.359049 0.002722 -0.006598 0.000786 -0.709585 0.704589
1776829920.14939 0.001445 0.359103 0.002790 -0.006600 0.000779 -0.709596 0.704578
1776829920.31604 0.001525 0.359202 0.002753 -0.006623 0.000811 -0.709580 0.704594
1776829920.48272 0.001880 0.359623 0.002789 -0.006682 0.000803 -0.709605 0.704568
1776829920.64940 0.002008 0.359779 0.002773 -0.006713 0.000826 -0.709620 0.704552
1776829920.81608 0.002154 0.360032 0.002933 -0.006700 0.000922 -0.709629 0.704544
1776829920.98275 0.002282 0.360151 0.002944 -0.006748 0.001000 -0.709619 0.704552
1776829921.14941 0.002416 0.360238 0.003039 -0.006774 0.001047 -0.709620 0.704551
1776829921.31604 0.002494 0.360229 0.003101 -0.006797 0.001081 -0.709616 0.704555
1776829921.48270 0.002497 0.360096 0.003067 -0.006801 0.001145 -0.709566 0.704606
1776829921.64940 0.002190 0.359964 0.002790 -0.006879 0.001075 -0.709510 0.704661
1776829921.81608 0.002000 0.359824 0.002737 -0.006882 0.001102 -0.709509 0.704662
1776829921.98277 0.002018 0.359451 0.002745 -0.006803 0.001087 -0.709561 0.704610
1776829922.14943 0.001934 0.359387 0.002650 -0.006820 0.001057 -0.709536 0.704635
1776829922.31610 0.001714 0.358872 0.002687 -0.006715 0.000994 -0.709588 0.704584
1776829922.48280 0.001758 0.359294 0.002536 -0.006843 0.000931 -0.709519 0.704652
1776829922.64951 0.001944 0.359644 0.002392 -0.006919 0.000867 -0.709502 0.704669
1776829922.81617 0.001683 0.359449 0.002420 -0.006867 0.000874 -0.709478 0.704693
1776829922.98285 0.001483 0.359076 0.002487 -0.006777 0.000935 -0.709472 0.704700
1776829923.14954 0.001447 0.358927 0.002525 -0.006743 0.000867 -0.709514 0.704658
1776829923.31620 0.001147 0.358587 0.002415 -0.006758 0.000822 -0.709469 0.704704
1776829923.48286 0.001321 0.358769 0.002293 -0.006823 0.000831 -0.709440 0.704732
1776829923.64955 0.001273 0.358959 0.002137 -0.006853 0.000780 -0.709416 0.704757
1776829923.81623 0.001344 0.359083 0.002249 -0.006818 0.000776 -0.709440 0.704732
1776829923.98289 0.001622 0.359397 0.002171 -0.006909 0.000776 -0.709476 0.704695
1776829924.14957 0.001936 0.359565 0.002202 -0.006925 0.000805 -0.709524 0.704647
1776829924.31623 0.002110 0.359842 0.002196 -0.006963 0.000851 -0.709512 0.704658
1776829924.48290 0.002178 0.359816 0.002350 -0.006945 0.000973 -0.709519 0.704652
1776829924.64956 0.001951 0.359613 0.002440 -0.006874 0.000952 -0.709538 0.704633
1776829924.81621 0.001761 0.359486 0.002548 -0.006791 0.000980 -0.709529 0.704643
1776829924.98289 0.001611 0.359023 0.002698 -0.006733 0.001019 -0.709567 0.704605
1776829925.14952 0.001843 0.358831 0.002741 -0.006680 0.000962 -0.709641 0.704531
1776829925.31614 0.001958 0.359036 0.002707 -0.006700 0.001010 -0.709646 0.704526
1776829925.48282 0.002024 0.358931 0.002589 -0.006737 0.000924 -0.709681 0.704491
1776829925.64950 0.001869 0.358625 0.002684 -0.006691 0.000898 -0.709704 0.704468
1776829925.81615 0.002222 0.358797 0.002574 -0.006768 0.000867 -0.709745 0.704425
1776829925.98285 0.002585 0.359277 0.002425 -0.006877 0.000830 -0.709757 0.704412
1776829926.14953 0.002666 0.359557 0.002332 -0.006921 0.000798 -0.709712 0.704458
1776829926.31621 0.002436 0.359472 0.002261 -0.006912 0.000768 -0.709697 0.704473
1776829926.48288 0.002308 0.359321 0.002281 -0.006906 0.000796 -0.709674 0.704496
1776829926.64955 0.002189 0.359310 0.002283 -0.006854 0.000803 -0.709654 0.704517
1776829926.81622 0.002119 0.359242 0.002431 -0.006765 0.000844 -0.709651 0.704520
1776829926.98290 0.001814 0.358710 0.002449 -0.006691 0.000797 -0.709648 0.704524
1776829927.14956 0.001649 0.358490 0.002585 -0.006625 0.000834 -0.709644 0.704528
1776829927.31619 0.001457 0.358207 0.002630 -0.006570 0.000799 -0.709636 0.704537
1776829927.48287 0.001450 0.358200 0.002581 -0.006583 0.000776 -0.709650 0.704523
1776829927.64959 0.001373 0.358104 0.002580 -0.006579 0.000778 -0.709660 0.704513
1776829927.81627 0.001531 0.358477 0.002559 -0.006643 0.000777 -0.709628 0.704545
1776829927.98297 0.001587 0.358547 0.002637 -0.006623 0.000804 -0.709624 0.704549
1776829928.14960 0.001291 0.358637 0.002759 -0.006581 0.000778 -0.709566 0.704607
1776829928.31633 0.001221 0.358681 0.002925 -0.006553 0.000835 -0.709529 0.704646
1776829928.48301 0.001142 0.358533 0.002965 -0.006550 0.000873 -0.709485 0.704690
1776829928.64968 0.001005 0.358437 0.003002 -0.006493 0.000885 -0.709472 0.704703
1776829928.81634 0.000885 0.358274 0.003027 -0.006455 0.000852 -0.709464 0.704712
1776829928.98301 0.000671 0.357907 0.002986 -0.006449 0.000833 -0.709466 0.704710
1776829929.14963 0.000530 0.357828 0.002967 -0.006433 0.000838 -0.709486 0.704690
1776829929.31635 0.000582 0.357880 0.003032 -0.006416 0.000914 -0.709494 0.704682
1776829929.48305 0.000804 0.358062 0.003189 -0.006366 0.000912 -0.709512 0.704664
1776829929.64965 0.001039 0.358220 0.003305 -0.006348 0.000935 -0.709518 0.704658
1776829929.81642 0.000925 0.358216 0.003185 -0.006363 0.000875 -0.709515 0.704661
1776829929.98307 0.000866 0.358156 0.003359 -0.006263 0.000945 -0.709512 0.704664
1776829930.14972 0.000933 0.358354 0.003371 -0.006285 0.000916 -0.709519 0.704658
1776829930.31637 0.000958 0.358190 0.003470 -0.006274 0.000937 -0.709521 0.704655
1776829930.48303 0.001059 0.358210 0.003446 -0.006282 0.000946 -0.709532 0.704644
1776829930.64972 0.000909 0.358029 0.003414 -0.006271 0.000942 -0.709517 0.704660
1776829930.81635 0.000631 0.357632 0.003222 -0.006301 0.000826 -0.709578 0.704599
1776829930.98300 0.000718 0.357409 0.002998 -0.006353 0.000776 -0.709604 0.704572
1776829931.14966 0.000924 0.357480 0.002889 -0.006360 0.000788 -0.709630 0.704545
1776829931.31634 0.000868 0.357509 0.002841 -0.006377 0.000718 -0.709658 0.704517
1776829931.48303 0.001164 0.357889 0.002824 -0.006436 0.000723 -0.709697 0.704477
1776829931.64970 0.001320 0.358322 0.002839 -0.006489 0.000711 -0.709700 0.704474
1776829931.81638 0.001392 0.357931 0.002903 -0.006425 0.000711 -0.709742 0.704432
1776829931.98301 0.001346 0.357957 0.002858 -0.006418 0.000691 -0.709720 0.704454
1776829932.14965 0.001480 0.358293 0.002787 -0.006523 0.000659 -0.709712 0.704462
1776829932.31633 0.001389 0.358304 0.002780 -0.006550 0.000646 -0.709720 0.704453
1776829932.48298 0.001661 0.358620 0.002785 -0.006598 0.000688 -0.709735 0.704437
1776829932.64966 0.001952 0.358921 0.002748 -0.006709 0.000711 -0.709754 0.704418
1776829932.81638 0.002083 0.359029 0.002682 -0.006715 0.000689 -0.709749 0.704422
1776829932.98303 0.002075 0.359090 0.002613 -0.006730 0.000647 -0.709720 0.704451
1776829933.14970 0.002044 0.359052 0.002786 -0.006681 0.000691 -0.709720 0.704451
1776829933.31635 0.002187 0.359242 0.002777 -0.006747 0.000699 -0.709736 0.704435
1776829933.48299 0.001828 0.358951 0.002602 -0.006805 0.000746 -0.709626 0.704545
1776829933.64967 0.001712 0.358889 0.002551 -0.006792 0.000758 -0.709610 0.704562
1776829933.81634 0.001897 0.358874 0.002582 -0.006806 0.000696 -0.709686 0.704485
1776829933.98299 0.001871 0.358893 0.002574 -0.006779 0.000711 -0.709665 0.704506
1776829934.14966 0.002407 0.359316 0.002592 -0.006826 0.000696 -0.709764 0.704406
1776829934.31634 0.002717 0.359777 0.002792 -0.006835 0.000684 -0.709808 0.704362
1776829934.48299 0.003228 0.360052 0.002876 -0.006853 0.000679 -0.709896 0.704273
1776829934.64966 0.003609 0.360121 0.002892 -0.006849 0.000660 -0.709952 0.704216
1776829934.81634 0.003950 0.360457 0.002898 -0.006881 0.000594 -0.710015 0.704153
1776829934.98301 0.004321 0.360593 0.002951 -0.006870 0.000598 -0.710101 0.704066
1776829935.14968 0.004573 0.360998 0.002920 -0.006953 0.000617 -0.710097 0.704069
1776829935.31632 0.004588 0.361117 0.002915 -0.007007 0.000638 -0.710088 0.704078
1776829935.48298 0.004789 0.361217 0.003066 -0.007018 0.000668 -0.710126 0.704040
1776829935.64963 0.005095 0.361558 0.002990 -0.007118 0.000665 -0.710122 0.704042
1776829935.81632 0.005277 0.362024 0.002993 -0.007214 0.000760 -0.710076 0.704088
1776829935.98297 0.005232 0.361978 0.003075 -0.007217 0.000813 -0.710052 0.704112
1776829936.14967 0.005244 0.362098 0.003133 -0.007270 0.000885 -0.710013 0.704151
1776829936.31634 0.005368 0.362227 0.002931 -0.007377 0.000854 -0.709999 0.704163
1776829936.48300 0.005262 0.362448 0.002762 -0.007482 0.000893 -0.709915 0.704247
1776829936.64966 0.005098 0.362556 0.002716 -0.007572 0.000877 -0.709862 0.704300
1776829936.81635 0.004525 0.361969 0.002689 -0.007421 0.000841 -0.709832 0.704331
1776829936.98307 0.004574 0.361662 0.002810 -0.007346 0.000824 -0.709923 0.704241
1776829937.14976 0.004201 0.361028 0.002655 -0.007298 0.000818 -0.709895 0.704269
1776829937.31644 0.004088 0.360863 0.002565 -0.007292 0.000722 -0.709929 0.704235
1776829937.48312 0.003819 0.360565 0.002564 -0.007219 0.000795 -0.709881 0.704284
1776829937.64980 0.004180 0.361535 0.002481 -0.007393 0.000840 -0.709774 0.704390
1776829937.81640 0.003929 0.361261 0.002724 -0.007278 0.000896 -0.709762 0.704403
1776829937.98305 0.003616 0.360970 0.002842 -0.007180 0.000890 -0.709744 0.704423
1776829938.14974 0.003403 0.360655 0.003048 -0.007093 0.000892 -0.709742 0.704425
1776829938.31639 0.003267 0.360356 0.002947 -0.007083 0.000868 -0.709753 0.704414
1776829938.48309 0.002984 0.359701 0.002905 -0.006993 0.000782 -0.709785 0.704383
1776829938.64977 0.003073 0.359885 0.002812 -0.007026 0.000740 -0.709776 0.704392
1776829938.81643 0.003104 0.360045 0.002961 -0.007016 0.000786 -0.709769 0.704399
1776829938.98312 0.003157 0.360058 0.002920 -0.006997 0.000794 -0.709769 0.704399
1776829939.14979 0.003247 0.360029 0.002996 -0.006993 0.000814 -0.709796 0.704372
1776829939.31644 0.003775 0.360600 0.002958 -0.007080 0.000742 -0.709875 0.704292
1776829939.48310 0.003918 0.360919 0.003031 -0.007112 0.000771 -0.709866 0.704300
1776829939.64979 0.003993 0.361064 0.003064 -0.007134 0.000724 -0.709905 0.704261
1776829939.81645 0.004238 0.361320 0.003101 -0.007162 0.000681 -0.709947 0.704218
1776829939.98311 0.004493 0.361512 0.003201 -0.007145 0.000662 -0.709991 0.704174
1776829940.14977 0.005666 0.361880 0.002943 -0.007258 0.000664 -0.710124 0.704039
1776829940.31641 0.005877 0.362010 0.003068 -0.007208 0.000673 -0.710184 0.703979
1776829940.48314 0.006650 0.363314 0.003072 -0.007433 0.000694 -0.710154 0.704007
1776829940.64973 0.005880 0.362727 0.002970 -0.007350 0.000699 -0.710064 0.704098
1776829940.81641 0.005298 0.362198 0.002938 -0.007314 0.000690 -0.710047 0.704116
1776829940.98310 0.004944 0.361659 0.002918 -0.007235 0.000687 -0.710026 0.704138
1776829941.14978 0.004571 0.361234 0.002820 -0.007175 0.000654 -0.709988 0.704177
1776829941.31644 0.004102 0.360978 0.002802 -0.007103 0.000616 -0.709947 0.704219
1776829941.48310 0.003710 0.360868 0.002937 -0.007006 0.000551 -0.709901 0.704266
1776829941.64976 0.003600 0.360700 0.002888 -0.007058 0.000576 -0.709865 0.704302
1776829941.81644 0.003328 0.360645 0.002803 -0.007052 0.000580 -0.709812 0.704355
1776829941.98312 0.003284 0.360546 0.002848 -0.007056 0.000661 -0.709760 0.704408
1776829942.14974 0.002067 0.360032 0.002782 -0.006949 0.000520 -0.709702 0.704467
1776829942.31630 0.002570 0.360247 0.002772 -0.007025 0.000528 -0.709735 0.704434
1776829942.48285 0.003353 0.361474 0.002854 -0.007217 0.000530 -0.709695 0.704472
1776829942.64949 0.003193 0.361225 0.002706 -0.007194 0.000544 -0.709665 0.704502
1776829942.81614 0.002016 0.360479 0.002569 -0.007071 0.000474 -0.709572 0.704597
1776829942.98277 0.002386 0.360523 0.002624 -0.007136 0.000550 -0.709621 0.704547
1776829943.14948 0.002552 0.360496 0.002539 -0.007118 0.000540 -0.709655 0.704514
1776829943.31617 0.002949 0.360627 0.002575 -0.007129 0.000520 -0.709715 0.704453
1776829943.48282 0.003339 0.360771 0.002635 -0.007143 0.000499 -0.709775 0.704392
1776829943.64953 0.003057 0.360732 0.002566 -0.007108 0.000485 -0.709752 0.704415
1776829943.81619 0.003099 0.359939 0.003131 -0.006767 0.000456 -0.709905 0.704265
1776829943.98285 0.003048 0.359684 0.003132 -0.006732 0.000400 -0.709928 0.704242
1776829944.14952 0.003058 0.359919 0.002977 -0.006806 0.000397 -0.709879 0.704290
1776829944.31620 0.002954 0.360239 0.002953 -0.006867 0.000403 -0.709859 0.704310
1776829944.48290 0.002945 0.360425 0.002992 -0.006911 0.000398 -0.709857 0.704312
1776829944.64962 0.003106 0.360644 0.002855 -0.007053 0.000475 -0.709785 0.704382
1776829944.81631 0.003636 0.361069 0.002925 -0.007083 0.000478 -0.709869 0.704298
1776829944.98298 0.003738 0.361045 0.003019 -0.007022 0.000495 -0.709883 0.704284
1776829945.14967 0.003592 0.360873 0.002953 -0.007014 0.000478 -0.709869 0.704299
1776829945.31633 0.003456 0.360753 0.002882 -0.007033 0.000446 -0.709863 0.704304
1776829945.48298 0.003327 0.360670 0.002820 -0.007023 0.000442 -0.709851 0.704317
1776829945.64964 0.003345 0.360785 0.002688 -0.007085 0.000436 -0.709848 0.704319
1776829945.81631 0.003661 0.361546 0.002541 -0.007270 0.000540 -0.709795 0.704370
1776829945.98295 0.003718 0.361657 0.002565 -0.007305 0.000584 -0.709783 0.704383
1776829946.14962 0.003745 0.361695 0.002683 -0.007317 0.000618 -0.709772 0.704393
1776829946.31628 0.003783 0.361875 0.002731 -0.007331 0.000621 -0.709774 0.704391
1776829946.48300 0.002642 0.360745 0.002561 -0.007142 0.000532 -0.709743 0.704425
1776829946.64961 0.003159 0.361092 0.002426 -0.007249 0.000574 -0.709749 0.704417
1776829946.81628 0.003662 0.361643 0.002449 -0.007373 0.000615 -0.709773 0.704392
1776829946.98317 0.004209 0.361475 0.002167 -0.007426 0.000633 -0.709885 0.704278
1776829947.14979 0.004126 0.361640 0.002206 -0.007425 0.000662 -0.709843 0.704320
1776829947.31648 0.004421 0.361856 0.002247 -0.007475 0.000645 -0.709888 0.704274
1776829947.48318 0.004675 0.361677 0.002378 -0.007445 0.000682 -0.709938 0.704224
1776829947.64995 0.004717 0.360391 0.002691 -0.007338 0.000825 -0.709961 0.704203
1776829947.81644 0.004424 0.360346 0.002527 -0.007363 0.000718 -0.710004 0.704159
1776829947.98322 0.004112 0.360697 0.002363 -0.007383 0.000676 -0.709979 0.704184
1776829948.14986 0.003884 0.360899 0.002439 -0.007375 0.000670 -0.709955 0.704208
1776829948.31650 0.003817 0.360967 0.002391 -0.007435 0.000681 -0.709921 0.704242
1776829948.48308 0.005308 0.362980 0.002655 -0.007664 0.000841 -0.709951 0.704208
1776829948.64951 0.004821 0.362364 0.002832 -0.007523 0.000782 -0.709967 0.704195
1776829948.81623 0.004527 0.362023 0.002753 -0.007510 0.000736 -0.709968 0.704193
1776829948.98294 0.004205 0.361556 0.002619 -0.007488 0.000703 -0.709958 0.704204
1776829949.14963 0.004059 0.361393 0.002467 -0.007493 0.000739 -0.709931 0.704231
1776829949.31628 0.003965 0.361382 0.002399 -0.007497 0.000737 -0.709889 0.704274
1776829949.48294 0.003985 0.361530 0.002298 -0.007587 0.000697 -0.709855 0.704306
1776829949.64961 0.004138 0.361842 0.002332 -0.007615 0.000754 -0.709825 0.704336
1776829949.81629 0.004192 0.362075 0.002358 -0.007670 0.000746 -0.709820 0.704341
1776829949.98297 0.004133 0.362123 0.002320 -0.007664 0.000743 -0.709814 0.704347
1776829950.14965 0.003998 0.361883 0.002340 -0.007611 0.000732 -0.709816 0.704346
1776829950.31634 0.003920 0.361641 0.002354 -0.007564 0.000755 -0.709823 0.704339
1776829950.48305 0.004043 0.361715 0.002509 -0.007512 0.000771 -0.709851 0.704312
1776829950.64971 0.004247 0.361916 0.002502 -0.007564 0.000775 -0.709837 0.704325
1776829950.81637 0.003978 0.361791 0.002421 -0.007565 0.000713 -0.709820 0.704342
1776829950.98307 0.004181 0.362293 0.002425 -0.007645 0.000729 -0.709803 0.704359
1776829951.14971 0.004054 0.362197 0.002455 -0.007596 0.000710 -0.709808 0.704354
1776829951.31637 0.004111 0.362309 0.002351 -0.007627 0.000695 -0.709802 0.704360
1776829951.48300 0.004158 0.362312 0.002373 -0.007625 0.000670 -0.709809 0.704353
1776829951.64973 0.004156 0.362157 0.002394 -0.007579 0.000681 -0.709824 0.704338
1776829951.81635 0.004070 0.361917 0.002408 -0.007541 0.000695 -0.709832 0.704330
1776829951.98307 0.003958 0.361616 0.002387 -0.007486 0.000634 -0.709850 0.704312
1776829952.14976 0.003929 0.361644 0.002295 -0.007488 0.000613 -0.709838 0.704325
1776829952.31641 0.003719 0.361500 0.002284 -0.007466 0.000622 -0.709805 0.704358
1776829952.48307 0.003728 0.361799 0.002207 -0.007530 0.000597 -0.709763 0.704400
1776829952.64972 0.003590 0.361761 0.002240 -0.007489 0.000578 -0.709763 0.704400
1776829952.81638 0.003461 0.361938 0.002316 -0.007464 0.000617 -0.709731 0.704433
1776829952.98305 0.003503 0.361966 0.002480 -0.007440 0.000691 -0.709711 0.704453
1776829953.14972 0.003479 0.361708 0.002601 -0.007382 0.000707 -0.709738 0.704427
1776829953.31639 0.003339 0.361459 0.002582 -0.007345 0.000671 -0.709737 0.704429
1776829953.48307 0.003336 0.361608 0.002718 -0.007352 0.000752 -0.709694 0.704471
1776829953.64974 0.003303 0.361637 0.002516 -0.007459 0.000683 -0.709672 0.704492
1776829953.81640 0.003196 0.361646 0.002487 -0.007427 0.000665 -0.709673 0.704492
1776829953.98307 0.003217 0.361570 0.002539 -0.007390 0.000664 -0.709683 0.704482
1776829954.14974 0.003065 0.361555 0.002625 -0.007357 0.000661 -0.709658 0.704508
1776829954.31640 0.002993 0.361417 0.002722 -0.007293 0.000643 -0.709662 0.704504
1776829954.48308 0.003035 0.361304 0.002622 -0.007297 0.000603 -0.709675 0.704491
1776829954.64975 0.003223 0.361314 0.002608 -0.007285 0.000602 -0.709707 0.704459
1776829954.81645 0.003180 0.361574 0.002622 -0.007319 0.000599 -0.709691 0.704475
1776829954.98311 0.003371 0.361842 0.002711 -0.007375 0.000615 -0.709689 0.704477
1776829955.14978 0.003612 0.362242 0.002667 -0.007435 0.000637 -0.709702 0.704463
1776829955.31646 0.003574 0.362351 0.002698 -0.007445 0.000650 -0.709683 0.704481
1776829955.48312 0.003678 0.362472 0.002670 -0.007491 0.000646 -0.709696 0.704468
1776829955.64984 0.003711 0.362378 0.002754 -0.007492 0.000653 -0.709720 0.704443
1776829955.81654 0.003749 0.362341 0.002646 -0.007499 0.000638 -0.709731 0.704432
1776829955.98322 0.003617 0.362131 0.002672 -0.007425 0.000666 -0.709731 0.704434
1776829956.14993 0.003559 0.361945 0.002592 -0.007441 0.000638 -0.709733 0.704431
1776829956.31662 0.003367 0.361585 0.002631 -0.007343 0.000603 -0.709774 0.704391
1776829956.48331 0.002257 0.360882 0.003056 -0.007094 0.000552 -0.709709 0.704459
1776829956.64993 0.002436 0.360810 0.002987 -0.007107 0.000571 -0.709706 0.704462
1776829956.81661 0.002425 0.360776 0.002910 -0.007076 0.000543 -0.709714 0.704454
1776829956.98328 0.002534 0.360851 0.002856 -0.007075 0.000533 -0.709736 0.704432
1776829957.14997 0.002690 0.360932 0.002846 -0.007109 0.000485 -0.709747 0.704420
1776829957.31663 0.002969 0.361356 0.002792 -0.007201 0.000491 -0.709762 0.704405
1776829957.48329 0.003248 0.361834 0.002787 -0.007250 0.000545 -0.709746 0.704420
1776829957.64991 0.003220 0.362035 0.002909 -0.007224 0.000559 -0.709751 0.704416
1776829957.81656 0.003439 0.362147 0.002913 -0.007257 0.000585 -0.709740 0.704426
1776829957.98326 0.003505 0.362270 0.002839 -0.007323 0.000516 -0.709767 0.704398
1776829958.14992 0.003381 0.362070 0.002877 -0.007286 0.000571 -0.709774 0.704392
1776829958.31660 0.003195 0.361802 0.002818 -0.007254 0.000535 -0.709793 0.704372
1776829958.48328 0.003149 0.361820 0.002788 -0.007298 0.000575 -0.709768 0.704397
1776829958.64995 0.003167 0.361701 0.002598 -0.007357 0.000567 -0.709773 0.704392
1776829958.81659 0.003193 0.361807 0.002586 -0.007404 0.000586 -0.709758 0.704407
1776829958.98326 0.003115 0.361871 0.002440 -0.007426 0.000529 -0.709746 0.704419
1776829959.14993 0.003158 0.361780 0.002579 -0.007345 0.000573 -0.709750 0.704415
1776829959.31660 0.003099 0.361685 0.002695 -0.007311 0.000581 -0.709770 0.704395
1776829959.48327 0.003046 0.361405 0.002777 -0.007279 0.000577 -0.709773 0.704392
1776829959.64993 0.002997 0.361436 0.002649 -0.007346 0.000576 -0.709758 0.704407
1776829959.81663 0.003070 0.361874 0.002476 -0.007454 0.000573 -0.709727 0.704437
1776829959.98330 0.003311 0.362069 0.002644 -0.007443 0.000663 -0.709723 0.704441
1776829960.14995 0.003318 0.362145 0.002826 -0.007426 0.000690 -0.709721 0.704444
1776829960.31661 0.003191 0.361905 0.002938 -0.007326 0.000722 -0.709731 0.704434
1776829960.48330 0.002968 0.361626 0.003045 -0.007279 0.000727 -0.709734 0.704431
1776829960.65000 0.003059 0.361438 0.002947 -0.007333 0.000710 -0.709759 0.704406
1776829960.81667 0.003054 0.361385 0.002981 -0.007327 0.000727 -0.709764 0.704401
1776829960.98334 0.003098 0.361534 0.002889 -0.007351 0.000666 -0.709782 0.704383
1776829961.15002 0.003271 0.361836 0.002991 -0.007337 0.000719 -0.709758 0.704407
1776829961.31668 0.003338 0.362153 0.003002 -0.007421 0.000703 -0.709736 0.704428
1776829961.48337 0.003490 0.362513 0.002928 -0.007468 0.000694 -0.709733 0.704431
1776829961.65004 0.003474 0.362410 0.002830 -0.007476 0.000703 -0.709751 0.704413
1776829961.81672 0.003517 0.362519 0.002820 -0.007501 0.000723 -0.709743 0.704420
1776829961.98337 0.003564 0.362469 0.002791 -0.007496 0.000746 -0.709741 0.704422
1776829962.15008 0.003492 0.362475 0.002806 -0.007523 0.000726 -0.709729 0.704434
1776829962.31675 0.003566 0.362793 0.002732 -0.007604 0.000732 -0.709712 0.704451
1776829962.48341 0.003451 0.362856 0.002662 -0.007645 0.000742 -0.709682 0.704480
1776829962.65004 0.003417 0.362853 0.002892 -0.007583 0.000797 -0.709671 0.704492
1776829962.81674 0.003470 0.362813 0.002977 -0.007591 0.000814 -0.709675 0.704487
1776829962.98342 0.003143 0.362430 0.002920 -0.007533 0.000774 -0.709671 0.704492
1776829963.15011 0.003167 0.362513 0.002811 -0.007570 0.000777 -0.709663 0.704501
1776829963.31677 0.003027 0.362398 0.002793 -0.007550 0.000786 -0.709633 0.704530
1776829963.48344 0.002711 0.362043 0.002807 -0.007542 0.000799 -0.709608 0.704555
1776829963.65010 0.002695 0.362012 0.002889 -0.007508 0.000807 -0.709586 0.704579
1776829963.81678 0.002735 0.362090 0.002817 -0.007545 0.000795 -0.709580 0.704584
1776829963.98344 0.002766 0.362150 0.002733 -0.007575 0.000777 -0.709580 0.704584
1776829964.15012 0.002811 0.362161 0.002726 -0.007550 0.000809 -0.709604 0.704560
1776829964.31678 0.002849 0.362234 0.002597 -0.007597 0.000781 -0.709615 0.704549
1776829964.48347 0.002899 0.362303 0.002728 -0.007624 0.000820 -0.709631 0.704532
1776829964.65014 0.002846 0.362128 0.002742 -0.007561 0.000806 -0.709667 0.704497
1776829964.81683 0.002928 0.362118 0.002737 -0.007579 0.000770 -0.709708 0.704455
1776829964.98350 0.002951 0.361975 0.002575 -0.007557 0.000707 -0.709754 0.704409
1776829965.15018 0.002778 0.361747 0.002681 -0.007492 0.000725 -0.709748 0.704415
1776829965.31684 0.002929 0.361824 0.002806 -0.007456 0.000743 -0.709773 0.704391
1776829965.48349 0.003042 0.361997 0.002883 -0.007445 0.000720 -0.709778 0.704386
1776829965.65018 0.002957 0.361837 0.002813 -0.007438 0.000682 -0.709794 0.704370
1776829965.81681 0.003037 0.361708 0.002803 -0.007420 0.000733 -0.709824 0.704339
1776829965.98348 0.002955 0.361652 0.002804 -0.007417 0.000699 -0.709845 0.704319
1776829966.15013 0.002674 0.361385 0.002936 -0.007292 0.000720 -0.709845 0.704319
1776829966.31679 0.002824 0.361551 0.002948 -0.007324 0.000744 -0.709848 0.704317
1776829966.48348 0.001548 0.360046 0.002853 -0.007104 0.000695 -0.709750 0.704417
1776829966.65010 0.001743 0.360198 0.002686 -0.007187 0.000734 -0.709714 0.704452
1776829966.81678 0.001812 0.360187 0.002822 -0.007144 0.000795 -0.709701 0.704466
1776829966.98347 0.002037 0.360292 0.002833 -0.007160 0.000820 -0.709697 0.704470
1776829967.15013 0.002254 0.360453 0.002766 -0.007172 0.000814 -0.709693 0.704474
1776829967.31680 0.002447 0.360591 0.002676 -0.007196 0.000783 -0.709711 0.704456
1776829967.48349 0.002511 0.360857 0.002667 -0.007226 0.000783 -0.709711 0.704456
1776829967.65018 0.002649 0.360969 0.002724 -0.007216 0.000768 -0.709733 0.704433
1776829967.81685 0.002332 0.360558 0.002731 -0.007139 0.000757 -0.709718 0.704450
1776829967.98354 0.002391 0.360439 0.002759 -0.007107 0.000739 -0.709740 0.704427
1776829968.15021 0.002249 0.360403 0.002872 -0.007107 0.000728 -0.709726 0.704441
1776829968.31686 0.002406 0.360597 0.002819 -0.007140 0.000756 -0.709724 0.704443
1776829968.48354 0.002773 0.361117 0.002846 -0.007225 0.000815 -0.709709 0.704457
1776829968.65020 0.002823 0.361215 0.002888 -0.007247 0.000807 -0.709701 0.704466
1776829968.81686 0.002952 0.361331 0.002933 -0.007240 0.000833 -0.709712 0.704455
1776829968.98353 0.002931 0.361502 0.002904 -0.007265 0.000856 -0.709698 0.704468
1776829969.15021 0.003100 0.361666 0.002654 -0.007354 0.000788 -0.709706 0.704459
1776829969.31686 0.002776 0.361560 0.002622 -0.007291 0.000741 -0.709640 0.704526
1776829969.48356 0.002637 0.361282 0.002520 -0.007318 0.000715 -0.709673 0.704493
1776829969.65023 0.002681 0.361088 0.002416 -0.007336 0.000695 -0.709684 0.704482
1776829969.81686 0.002541 0.360958 0.002413 -0.007337 0.000706 -0.709704 0.704461
1776829969.98353 0.002588 0.361006 0.002321 -0.007392 0.000691 -0.709696 0.704469
1776829970.15022 0.002516 0.360956 0.002146 -0.007406 0.000706 -0.709680 0.704485
1776829970.31688 0.002636 0.361191 0.002345 -0.007380 0.000797 -0.709674 0.704491
1776829970.48349 0.002559 0.361159 0.002469 -0.007335 0.000781 -0.709661 0.704505
1776829970.65020 0.002608 0.361132 0.002493 -0.007357 0.000777 -0.709677 0.704488
1776829970.81686 0.002611 0.361247 0.002451 -0.007379 0.000769 -0.709686 0.704479
1776829970.98356 0.002741 0.361531 0.002509 -0.007369 0.000785 -0.709683 0.704482
1776829971.15022 0.002420 0.360779 0.002501 -0.007256 0.000715 -0.709726 0.704440
1776829971.31691 0.002051 0.360055 0.002274 -0.007231 0.000671 -0.709730 0.704436
1776829971.48360 0.001740 0.359424 0.002078 -0.007190 0.000633 -0.709744 0.704423
1776829971.65025 0.001685 0.359196 0.002025 -0.007134 0.000639 -0.709764 0.704403
1776829971.81691 0.001682 0.359096 0.001927 -0.007154 0.000599 -0.709777 0.704389
1776829971.98359 0.001669 0.359073 0.001956 -0.007120 0.000649 -0.709781 0.704386
1776829972.15027 0.001738 0.359330 0.002073 -0.007132 0.000629 -0.709785 0.704382
1776829972.31692 0.001802 0.359439 0.002236 -0.007111 0.000661 -0.709790 0.704377
1776829972.48362 0.001709 0.359397 0.002151 -0.007146 0.000632 -0.709773 0.704394
1776829972.65028 0.001520 0.359370 0.002132 -0.007129 0.000633 -0.709749 0.704418
1776829972.81695 0.001720 0.359561 0.002288 -0.007084 0.000632 -0.709752 0.704415
1776829972.98362 0.001661 0.359543 0.002277 -0.007089 0.000610 -0.709737 0.704431
1776829973.15025 0.002007 0.360400 0.002280 -0.007227 0.000639 -0.709693 0.704474
1776829973.31691 0.002539 0.361142 0.002296 -0.007348 0.000658 -0.709701 0.704464
1776829973.48356 0.002723 0.361524 0.002191 -0.007406 0.000641 -0.709697 0.704468
1776829973.65023 0.002772 0.361825 0.002282 -0.007448 0.000646 -0.709700 0.704464
1776829973.81691 0.002741 0.362015 0.002361 -0.007428 0.000583 -0.709667 0.704498
1776829973.98358 0.002601 0.361927 0.002373 -0.007339 0.000537 -0.709635 0.704531
1776829974.15025 0.002385 0.361753 0.002571 -0.007232 0.000530 -0.709598 0.704569
1776829974.31692 0.002263 0.361679 0.002709 -0.007187 0.000530 -0.709568 0.704600
1776829974.48359 0.002039 0.361723 0.002708 -0.007218 0.000542 -0.709520 0.704648
1776829974.65025 0.001792 0.361586 0.002573 -0.007213 0.000516 -0.709501 0.704668
1776829974.81692 0.001188 0.361225 0.002475 -0.007208 0.000571 -0.709410 0.704759
1776829974.98360 0.000803 0.360300 0.002396 -0.007148 0.000588 -0.709469 0.704700
1776829975.15025 0.000355 0.359502 0.002232 -0.007071 0.000588 -0.709502 0.704668
1776829975.31689 0.000337 0.359153 0.002199 -0.007026 0.000605 -0.709534 0.704636
1776829975.48358 0.000475 0.359030 0.002123 -0.007037 0.000575 -0.709585 0.704584
1776829975.65024 0.000963 0.359060 0.002100 -0.007107 0.000592 -0.709722 0.704445
1776829975.81692 0.001401 0.358928 0.002225 -0.007079 0.000683 -0.709841 0.704326
1776829975.98359 0.001725 0.359055 0.002259 -0.007113 0.000698 -0.709893 0.704274
1776829976.15025 0.002942 0.360746 0.002378 -0.007356 0.000738 -0.709918 0.704245
1776829976.31695 0.003458 0.361518 0.002372 -0.007480 0.000700 -0.709951 0.704211
1776829976.48362 0.003964 0.362245 0.002378 -0.007570 0.000726 -0.709988 0.704172
1776829976.65030 0.003544 0.361880 0.002470 -0.007406 0.000649 -0.709935 0.704228
1776829976.81698 0.003400 0.362148 0.002446 -0.007396 0.000585 -0.709865 0.704299
1776829976.98366 0.003211 0.362258 0.002470 -0.007363 0.000590 -0.709801 0.704364
1776829977.15036 0.003049 0.362116 0.002509 -0.007312 0.000623 -0.709764 0.704402
1776829977.31708 0.002551 0.361483 0.002447 -0.007246 0.000552 -0.709763 0.704404
1776829977.48377 0.002212 0.360919 0.002381 -0.007201 0.000509 -0.709767 0.704399
1776829977.65045 0.002024 0.360428 0.002351 -0.007115 0.000515 -0.709776 0.704392
1776829977.81713 0.002150 0.360161 0.002192 -0.007194 0.000530 -0.709893 0.704273
1776829977.98379 0.003058 0.361161 0.002115 -0.007386 0.000558 -0.709956 0.704208
1776829978.15048 0.003667 0.361882 0.002225 -0.007453 0.000583 -0.710029 0.704133
1776829978.31714 0.003781 0.362333 0.002275 -0.007482 0.000551 -0.709974 0.704188
1776829978.48379 0.003722 0.362404 0.002535 -0.007401 0.000584 -0.709944 0.704219
1776829978.65048 0.003204 0.361980 0.002793 -0.007258 0.000552 -0.709907 0.704258
1776829978.81716 0.002750 0.361433 0.002955 -0.007120 0.000554 -0.709877 0.704289
1776829978.98385 0.002541 0.361106 0.002871 -0.007093 0.000498 -0.709872 0.704295
1776829979.15054 0.002738 0.361771 0.002784 -0.007192 0.000452 -0.709842 0.704324
1776829979.31719 0.002689 0.361946 0.002655 -0.007253 0.000418 -0.709810 0.704356
1776829979.48384 0.002458 0.361852 0.002498 -0.007271 0.000387 -0.709785 0.704381
1776829979.65052 0.002611 0.361882 0.002455 -0.007315 0.000404 -0.709794 0.704371
1776829979.81727 0.002500 0.361981 0.002421 -0.007321 0.000336 -0.709743 0.704422
1776829979.98400 0.002421 0.361856 0.002351 -0.007322 0.000343 -0.709744 0.704422
1776829980.15071 0.002308 0.361995 0.002366 -0.007365 0.000383 -0.709722 0.704443
1776829980.31740 0.002199 0.362064 0.002385 -0.007343 0.000417 -0.709715 0.704450
1776829980.48409 0.002171 0.361982 0.002511 -0.007276 0.000465 -0.709729 0.704437
1776829980.65077 0.002083 0.361930 0.002581 -0.007241 0.000493 -0.709719 0.704448
1776829980.81745 0.002024 0.361798 0.002655 -0.007222 0.000505 -0.709715 0.704452
1776829980.98413 0.001898 0.361760 0.002567 -0.007261 0.000501 -0.709698 0.704469
1776829981.15079 0.001806 0.361577 0.002455 -0.007278 0.000499 -0.709684 0.704482
1776829981.31747 0.001632 0.361408 0.002498 -0.007233 0.000523 -0.709670 0.704496
1776829981.48415 0.001556 0.361640 0.002544 -0.007267 0.000486 -0.709645 0.704522
1776829981.65083 0.001675 0.361939 0.002460 -0.007311 0.000484 -0.709618 0.704549
1776829981.81747 0.001418 0.361443 0.002541 -0.007230 0.000484 -0.709635 0.704532
1776829981.98414 0.001612 0.361733 0.002655 -0.007229 0.000551 -0.709636 0.704532
1776829982.15080 0.001542 0.361652 0.002718 -0.007196 0.000550 -0.709631 0.704536
1776829982.31745 0.001454 0.361712 0.002850 -0.007150 0.000527 -0.709649 0.704519
1776829982.48411 0.001418 0.361589 0.002848 -0.007125 0.000531 -0.709653 0.704515
1776829982.65080 0.002041 0.361897 0.002981 -0.007163 0.000584 -0.709726 0.704441
1776829982.81748 0.002582 0.362012 0.002871 -0.007252 0.000583 -0.709754 0.704412
1776829982.98412 0.001954 0.361746 0.002892 -0.007096 0.000386 -0.709725 0.704443
1776829983.15079 0.001597 0.361589 0.002775 -0.007070 0.000384 -0.709726 0.704442
1776829983.31744 0.001726 0.361639 0.002922 -0.007094 0.000485 -0.709810 0.704357
1776829983.48413 0.002128 0.361857 0.002976 -0.007159 0.000549 -0.709921 0.704245
1776829983.65080 0.002472 0.362008 0.003003 -0.007205 0.000580 -0.709987 0.704178
1776829983.81748 0.002925 0.362230 0.002983 -0.007235 0.000601 -0.710041 0.704123
1776829983.98414 0.003227 0.362397 0.003129 -0.007212 0.000622 -0.710127 0.704037
1776829984.15082 0.003360 0.362318 0.003281 -0.007134 0.000621 -0.710173 0.703991
1776829984.31750 0.003559 0.362257 0.003543 -0.007060 0.000624 -0.710226 0.703938
1776829984.48418 0.003967 0.362447 0.003566 -0.007091 0.000610 -0.710275 0.703888
1776829984.65088 0.004092 0.362397 0.003390 -0.007158 0.000556 -0.710310 0.703852
1776829984.81754 0.004924 0.362637 0.003465 -0.007167 0.000624 -0.710403 0.703758
1776829984.98421 0.005007 0.362644 0.003429 -0.007124 0.000598 -0.710454 0.703708
1776829985.15091 0.004842 0.362608 0.003519 -0.007081 0.000580 -0.710490 0.703671
1776829985.31758 0.005110 0.362718 0.003668 -0.007063 0.000607 -0.710549 0.703612
1776829985.48426 0.005498 0.362979 0.003677 -0.007151 0.000587 -0.710617 0.703542
1776829985.65096 0.005908 0.363170 0.003573 -0.007204 0.000579 -0.710667 0.703492
1776829985.81764 0.005910 0.363238 0.003711 -0.007166 0.000578 -0.710670 0.703489
1776829985.98431 0.006566 0.363354 0.003788 -0.007196 0.000661 -0.710718 0.703440
1776829986.15095 0.006165 0.363206 0.003917 -0.007128 0.000633 -0.710720 0.703439
1776829986.31761 0.006428 0.363095 0.003872 -0.007123 0.000679 -0.710743 0.703416
1776829986.48428 0.005971 0.362853 0.003850 -0.007122 0.000597 -0.710738 0.703420
1776829986.65095 0.006290 0.362886 0.003737 -0.007160 0.000604 -0.710792 0.703366
1776829986.81764 0.006521 0.362944 0.003730 -0.007133 0.000635 -0.710851 0.703306
1776829986.98432 0.006745 0.363101 0.003744 -0.007184 0.000650 -0.710884 0.703273
1776829987.15102 0.006443 0.363130 0.003958 -0.007121 0.000626 -0.710865 0.703292
1776829987.31768 0.006270 0.363194 0.003999 -0.007177 0.000612 -0.710850 0.703307
1776829987.48437 0.006366 0.363479 0.004073 -0.007194 0.000646 -0.710847 0.703309
1776829987.65108 0.006342 0.363572 0.004123 -0.007150 0.000709 -0.710825 0.703332
1776829987.81777 0.006326 0.363648 0.004180 -0.007160 0.000694 -0.710818 0.703340
1776829987.98446 0.006404 0.363696 0.004215 -0.007143 0.000696 -0.710827 0.703330
1776829988.15114 0.006489 0.363769 0.004170 -0.007154 0.000699 -0.710851 0.703306
1776829988.31782 0.006070 0.363290 0.003911 -0.007142 0.000620 -0.710812 0.703346
1776829988.48450 0.006204 0.363498 0.003992 -0.007180 0.000633 -0.710805 0.703352
1776829988.65121 0.006359 0.363580 0.003911 -0.007210 0.000607 -0.710823 0.703333
1776829988.81787 0.005880 0.363511 0.003899 -0.007173 0.000575 -0.710763 0.703394
1776829988.98456 0.006016 0.363643 0.003696 -0.007247 0.000555 -0.710774 0.703383
1776829989.15123 0.005885 0.363679 0.003763 -0.007228 0.000568 -0.710777 0.703380
1776829989.31790 0.006298 0.363963 0.003782 -0.007258 0.000590 -0.710804 0.703352
1776829989.48456 0.006513 0.364038 0.003855 -0.007263 0.000550 -0.710877 0.703279
1776829989.65125 0.006510 0.364212 0.003976 -0.007255 0.000524 -0.710901 0.703254
1776829989.81794 0.006636 0.364441 0.003899 -0.007329 0.000498 -0.710891 0.703264
1776829989.98462 0.006862 0.364705 0.003995 -0.007319 0.000512 -0.710900 0.703255
1776829990.15130 0.006809 0.364833 0.003975 -0.007318 0.000502 -0.710902 0.703253
1776829990.31800 0.007197 0.364883 0.003978 -0.007344 0.000533 -0.710947 0.703207
1776829990.48470 0.006850 0.364931 0.003889 -0.007362 0.000496 -0.710917 0.703237
1776829990.65137 0.006775 0.364852 0.003938 -0.007347 0.000495 -0.710928 0.703226
1776829990.81810 0.006765 0.364783 0.004054 -0.007308 0.000522 -0.710930 0.703224
1776829990.98479 0.006846 0.364827 0.004029 -0.007346 0.000514 -0.710938 0.703216
1776829991.15150 0.007225 0.364982 0.004203 -0.007335 0.000513 -0.710987 0.703166
1776829991.31820 0.007056 0.364969 0.004042 -0.007359 0.000476 -0.710987 0.703166
1776829991.48490 0.007122 0.365057 0.003937 -0.007352 0.000426 -0.710998 0.703155
1776829991.65156 0.007596 0.365395 0.004077 -0.007361 0.000463 -0.710997 0.703156
1776829991.81824 0.007468 0.365173 0.004097 -0.007292 0.000443 -0.711035 0.703119
1776829991.98493 0.007120 0.365004 0.004012 -0.007281 0.000380 -0.711024 0.703130
1776829992.15161 0.007105 0.364922 0.003910 -0.007300 0.000378 -0.711039 0.703114
1776829992.31829 0.007267 0.365399 0.003811 -0.007395 0.000418 -0.711030 0.703123
1776829992.48497 0.007428 0.365470 0.003908 -0.007389 0.000412 -0.711033 0.703120
1776829992.65166 0.007940 0.365532 0.003975 -0.007408 0.000467 -0.711082 0.703070
1776829992.81835 0.007767 0.365343 0.004096 -0.007356 0.000474 -0.711098 0.703054
1776829992.98502 0.007512 0.365112 0.004043 -0.007294 0.000419 -0.711110 0.703042
1776829993.15171 0.007622 0.365283 0.004122 -0.007311 0.000427 -0.711112 0.703040
1776829993.31838 0.007683 0.365338 0.004245 -0.007270 0.000436 -0.711131 0.703022
1776829993.48506 0.007617 0.365145 0.004502 -0.007175 0.000476 -0.711153 0.703000
1776829993.65174 0.007613 0.365307 0.004563 -0.007210 0.000463 -0.711124 0.703029
1776829993.81842 0.007709 0.365401 0.004469 -0.007230 0.000434 -0.711144 0.703009
1776829993.98508 0.007636 0.365143 0.004444 -0.007216 0.000425 -0.711155 0.702998
1776829994.15177 0.007945 0.365270 0.004419 -0.007248 0.000472 -0.711168 0.702985
1776829994.31843 0.007873 0.365164 0.004518 -0.007198 0.000487 -0.711186 0.702967
1776829994.48513 0.007257 0.365200 0.004409 -0.007198 0.000454 -0.711144 0.703009
1776829994.65179 0.007691 0.365327 0.004371 -0.007278 0.000477 -0.711156 0.702997
1776829994.81850 0.007971 0.365570 0.004297 -0.007303 0.000507 -0.711169 0.702983
1776829994.98520 0.008137 0.365747 0.004538 -0.007244 0.000580 -0.711193 0.702959
1776829995.15188 0.008481 0.366029 0.004798 -0.007215 0.000632 -0.711226 0.702926
1776829995.31857 0.008620 0.366129 0.004831 -0.007267 0.000618 -0.711261 0.702890
1776829995.48524 0.008840 0.366197 0.004845 -0.007266 0.000662 -0.711284 0.702867
1776829995.65193 0.008893 0.366115 0.004843 -0.007239 0.000648 -0.711335 0.702815
1776829995.81861 0.008918 0.365855 0.004930 -0.007203 0.000618 -0.711379 0.702772
1776829995.98530 0.009077 0.365910 0.004995 -0.007195 0.000611 -0.711413 0.702737
1776829996.15200 0.009141 0.365784 0.004909 -0.007200 0.000565 -0.711457 0.702693
1776829996.31868 0.009404 0.366152 0.004877 -0.007223 0.000571 -0.711470 0.702679
1776829996.48537 0.009582 0.366288 0.004993 -0.007212 0.000584 -0.711516 0.702633
1776829996.65206 0.010026 0.366621 0.005146 -0.007186 0.000607 -0.711508 0.702641
1776829996.81872 0.009986 0.366676 0.005240 -0.007158 0.000586 -0.711491 0.702659
1776829996.98540 0.010017 0.366767 0.005248 -0.007199 0.000625 -0.711470 0.702679
1776829997.15205 0.009981 0.366872 0.005156 -0.007232 0.000630 -0.711454 0.702695
1776829997.31875 0.009848 0.366829 0.005104 -0.007263 0.000617 -0.711445 0.702704
1776829997.48542 0.009897 0.366783 0.005140 -0.007213 0.000619 -0.711458 0.702691
1776829997.65209 0.009990 0.367129 0.005015 -0.007278 0.000570 -0.711448 0.702700
1776829997.81877 0.009875 0.366983 0.005089 -0.007278 0.000589 -0.711450 0.702699
1776829997.98545 0.009886 0.367154 0.004978 -0.007346 0.000607 -0.711438 0.702710
1776829998.15212 0.009737 0.367131 0.004987 -0.007324 0.000615 -0.711444 0.702705
1776829998.31875 0.009812 0.367165 0.004874 -0.007310 0.000597 -0.711454 0.702694
1776829998.48542 0.009657 0.367067 0.005006 -0.007289 0.000634 -0.711439 0.702710
1776829998.65209 0.009635 0.366944 0.004948 -0.007320 0.000623 -0.711443 0.702705
1776829998.81877 0.009632 0.366861 0.004805 -0.007350 0.000569 -0.711436 0.702712
1776829998.98545 0.009538 0.366784 0.004772 -0.007334 0.000599 -0.711434 0.702714
1776829999.15211 0.009581 0.367001 0.004814 -0.007369 0.000647 -0.711422 0.702726
1776829999.31879 0.009622 0.367102 0.004809 -0.007397 0.000636 -0.711411 0.702737
1776829999.48547 0.009619 0.366994 0.004763 -0.007387 0.000640 -0.711427 0.702721
1776829999.65214 0.009855 0.367428 0.004732 -0.007461 0.000652 -0.711420 0.702727
1776829999.81881 0.010187 0.367494 0.004866 -0.007436 0.000677 -0.711469 0.702678
1776829999.98547 0.010212 0.367495 0.004973 -0.007428 0.000658 -0.711476 0.702671
1776830000.15217 0.010472 0.367637 0.004965 -0.007461 0.000679 -0.711505 0.702641
1776830000.31882 0.010364 0.367823 0.004961 -0.007429 0.000651 -0.711504 0.702643
1776830000.48548 0.010204 0.367541 0.004875 -0.007420 0.000654 -0.711504 0.702642
1776830000.65216 0.010097 0.367564 0.004863 -0.007421 0.000645 -0.711509 0.702637
1776830000.81884 0.010125 0.367666 0.004982 -0.007394 0.000691 -0.711514 0.702632
1776830000.98551 0.010471 0.367956 0.004919 -0.007488 0.000675 -0.711526 0.702620
1776830001.15217 0.010529 0.367984 0.005014 -0.007446 0.000711 -0.711547 0.702599
1776830001.31884 0.010473 0.367990 0.005010 -0.007424 0.000693 -0.711554 0.702592
1776830001.48552 0.010512 0.368047 0.005181 -0.007387 0.000742 -0.711568 0.702578
1776830001.65219 0.010643 0.368159 0.005142 -0.007423 0.000745 -0.711569 0.702576
1776830001.81885 0.010636 0.368229 0.005262 -0.007428 0.000759 -0.711576 0.702569
1776830001.98552 0.010723 0.368317 0.005332 -0.007401 0.000755 -0.711589 0.702556
1776830002.15218 0.010696 0.368231 0.005314 -0.007375 0.000735 -0.711599 0.702547
1776830002.31886 0.010669 0.368002 0.005385 -0.007311 0.000757 -0.711617 0.702530
1776830002.48552 0.010633 0.367927 0.005349 -0.007315 0.000735 -0.711639 0.702507
1776830002.65221 0.010671 0.367694 0.005419 -0.007262 0.000745 -0.711685 0.702460
1776830002.81889 0.010789 0.367531 0.005513 -0.007243 0.000736 -0.711720 0.702425
1776830002.98558 0.011001 0.367533 0.005428 -0.007291 0.000723 -0.711752 0.702392
1776830003.15224 0.011004 0.367644 0.005339 -0.007291 0.000688 -0.711771 0.702373
1776830003.31892 0.010980 0.367721 0.005341 -0.007306 0.000672 -0.711792 0.702352
1776830003.48558 0.011282 0.367813 0.005418 -0.007308 0.000720 -0.711849 0.702295
1776830003.65225 0.011509 0.367862 0.005502 -0.007290 0.000752 -0.711881 0.702261
1776830003.81893 0.011455 0.367890 0.005593 -0.007271 0.000762 -0.711872 0.702271
1776830003.98560 0.011399 0.367733 0.005544 -0.007217 0.000760 -0.711896 0.702248
1776830004.15227 0.011500 0.367677 0.005548 -0.007235 0.000747 -0.711922 0.702221
1776830004.31897 0.011568 0.367595 0.005633 -0.007219 0.000719 -0.711959 0.702183
1776830004.48562 0.011699 0.367745 0.005556 -0.007224 0.000685 -0.711967 0.702176
1776830004.65228 0.011824 0.367711 0.005701 -0.007171 0.000713 -0.712000 0.702142
1776830004.81898 0.011746 0.367493 0.005617 -0.007169 0.000639 -0.712014 0.702128
1776830004.98564 0.011853 0.367366 0.005641 -0.007140 0.000657 -0.712045 0.702098
1776830005.15231 0.011867 0.367520 0.005427 -0.007237 0.000609 -0.712034 0.702108
1776830005.31898 0.011916 0.367539 0.005390 -0.007251 0.000641 -0.712034 0.702107
1776830005.48565 0.011929 0.367636 0.005471 -0.007234 0.000649 -0.712053 0.702088
1776830005.65229 0.011809 0.367623 0.005486 -0.007254 0.000678 -0.711994 0.702147
1776830005.81897 0.011814 0.367684 0.005558 -0.007221 0.000739 -0.711979 0.702164
1776830005.98565 0.011662 0.367578 0.005564 -0.007233 0.000727 -0.711977 0.702166
1776830006.15231 0.011527 0.367375 0.005615 -0.007217 0.000736 -0.711954 0.702188
1776830006.31898 0.011687 0.367652 0.005525 -0.007246 0.000694 -0.711962 0.702180
1776830006.48566 0.011827 0.367848 0.005466 -0.007287 0.000739 -0.711948 0.702194
1776830006.65234 0.011607 0.367757 0.005419 -0.007322 0.000709 -0.711926 0.702216
1776830006.81902 0.011590 0.367747 0.005435 -0.007292 0.000697 -0.711917 0.702226
1776830006.98569 0.011270 0.367506 0.005591 -0.007198 0.000700 -0.711906 0.702237
1776830007.15234 0.011226 0.367513 0.005366 -0.007319 0.000644 -0.711901 0.702241
1776830007.31903 0.011251 0.367650 0.005317 -0.007345 0.000667 -0.711889 0.702253
1776830007.48569 0.011202 0.367370 0.005261 -0.007287 0.000639 -0.711907 0.702236
1776830007.65235 0.011117 0.367237 0.005491 -0.007223 0.000690 -0.711957 0.702185
1776830007.81902 0.011281 0.367317 0.005491 -0.007262 0.000696 -0.711997 0.702144
1776830007.98566 0.011483 0.367367 0.005789 -0.007171 0.000728 -0.712006 0.702137
1776830008.15230 0.011426 0.367301 0.005988 -0.007071 0.000738 -0.711961 0.702183
1776830008.31899 0.011279 0.367360 0.006267 -0.006947 0.000758 -0.711912 0.702234
1776830008.48567 0.011479 0.367516 0.006231 -0.007033 0.000735 -0.711955 0.702189
1776830008.65234 0.011759 0.367753 0.006079 -0.007140 0.000705 -0.711982 0.702161
1776830008.81901 0.011928 0.367864 0.005958 -0.007191 0.000657 -0.712025 0.702117
1776830008.98569 0.012208 0.367943 0.005839 -0.007240 0.000670 -0.712057 0.702084
1776830009.15237 0.012276 0.368044 0.005739 -0.007267 0.000617 -0.712095 0.702046
1776830009.31903 0.012402 0.368035 0.005738 -0.007316 0.000615 -0.712152 0.701987
1776830009.48571 0.012451 0.368055 0.005815 -0.007290 0.000703 -0.712182 0.701957
1776830009.65239 0.013069 0.368626 0.005830 -0.007382 0.000811 -0.712171 0.701967
1776830009.81905 0.013227 0.369187 0.005972 -0.007443 0.000845 -0.712118 0.702020
1776830009.98575 0.013480 0.369641 0.006058 -0.007506 0.000813 -0.712141 0.701995
1776830010.15243 0.013744 0.369951 0.006206 -0.007493 0.000834 -0.712156 0.701981
1776830010.31913 0.013598 0.369935 0.006099 -0.007526 0.000821 -0.712112 0.702025
1776830010.48581 0.013295 0.369381 0.006050 -0.007427 0.000772 -0.712163 0.701974
1776830010.65251 0.013282 0.369200 0.005947 -0.007408 0.000667 -0.712192 0.701945
1776830010.81921 0.013398 0.369298 0.005900 -0.007400 0.000646 -0.712215 0.701922
1776830010.98588 0.013366 0.369309 0.005912 -0.007398 0.000614 -0.712249 0.701887
1776830011.15257 0.013461 0.369647 0.006020 -0.007404 0.000639 -0.712257 0.701879
1776830011.31924 0.013645 0.369799 0.006100 -0.007411 0.000672 -0.712271 0.701865
1776830011.48591 0.013434 0.369574 0.006208 -0.007333 0.000672 -0.712236 0.701901
1776830011.65259 0.013650 0.369915 0.006234 -0.007373 0.000694 -0.712240 0.701897
1776830011.81928 0.013889 0.370361 0.006241 -0.007420 0.000672 -0.712265 0.701871
1776830011.98595 0.014032 0.370422 0.006305 -0.007391 0.000660 -0.712311 0.701825
1776830012.15264 0.014080 0.370566 0.006317 -0.007409 0.000669 -0.712316 0.701820
1776830012.31933 0.014177 0.370611 0.006412 -0.007386 0.000652 -0.712306 0.701830
1776830012.48602 0.014025 0.370370 0.006327 -0.007356 0.000646 -0.712344 0.701792
1776830012.65271 0.013911 0.369980 0.006496 -0.007221 0.000688 -0.712346 0.701791
1776830012.81937 0.013825 0.369864 0.006747 -0.007114 0.000723 -0.712327 0.701811
1776830012.98609 0.013790 0.369994 0.006856 -0.007094 0.000750 -0.712304 0.701835
1776830013.15276 0.013577 0.370008 0.007101 -0.007011 0.000794 -0.712289 0.701851
1776830013.31944 0.013579 0.369880 0.007068 -0.007020 0.000794 -0.712287 0.701852
1776830013.48609 0.013673 0.369711 0.007127 -0.006990 0.000817 -0.712287 0.701853
1776830013.65277 0.013480 0.369700 0.007217 -0.006981 0.000822 -0.712275 0.701865
1776830013.81945 0.013698 0.369740 0.007227 -0.007012 0.000836 -0.712277 0.701863
1776830013.98612 0.013845 0.370196 0.007190 -0.007058 0.000844 -0.712270 0.701869
1776830014.15280 0.013788 0.370180 0.007203 -0.007058 0.000876 -0.712238 0.701902
1776830014.31948 0.013936 0.370461 0.007143 -0.007127 0.000856 -0.712216 0.701924
1776830014.48615 0.013930 0.370659 0.007284 -0.007107 0.000854 -0.712192 0.701948
1776830014.65283 0.013747 0.370758 0.007349 -0.007101 0.000845 -0.712158 0.701983
1776830014.81950 0.013675 0.370881 0.007318 -0.007098 0.000888 -0.712138 0.702003
1776830014.98617 0.013651 0.370611 0.007263 -0.007076 0.000864 -0.712135 0.702007
1776830015.15285 0.013463 0.370338 0.007167 -0.007083 0.000848 -0.712127 0.702014
1776830015.31953 0.013128 0.369999 0.006950 -0.007095 0.000861 -0.712102 0.702040
1776830015.48620 0.013029 0.369908 0.006841 -0.007107 0.000884 -0.712103 0.702038
1776830015.65287 0.013025 0.369936 0.006874 -0.007106 0.000927 -0.712112 0.702029
1776830015.81954 0.013035 0.369764 0.006833 -0.007099 0.000942 -0.712101 0.702041
1776830015.98623 0.012755 0.369482 0.006782 -0.007068 0.000944 -0.712080 0.702062
1776830016.15289 0.012644 0.369604 0.006658 -0.007096 0.000929 -0.712058 0.702084
1776830016.31958 0.012763 0.369648 0.006715 -0.007130 0.000900 -0.712054 0.702088
1776830016.48620 0.012803 0.369710 0.006681 -0.007109 0.000870 -0.712047 0.702095
1776830016.65290 0.012696 0.369754 0.006549 -0.007147 0.000828 -0.712032 0.702110
1776830016.81957 0.012874 0.369906 0.006629 -0.007167 0.000807 -0.712049 0.702093
1776830016.98624 0.012756 0.369952 0.006703 -0.007173 0.000807 -0.712036 0.702106
1776830017.15294 0.013768 0.370883 0.007331 -0.007199 0.000906 -0.712165 0.701974
1776830017.31960 0.013550 0.370583 0.007199 -0.007136 0.000926 -0.712147 0.701993
1776830017.48626 0.013657 0.370465 0.007122 -0.007122 0.000951 -0.712133 0.702007
1776830017.65293 0.013497 0.370349 0.006974 -0.007157 0.000894 -0.712123 0.702018
1776830017.81956 0.013198 0.370220 0.006837 -0.007189 0.000916 -0.712087 0.702054
1776830017.98625 0.013197 0.370165 0.006759 -0.007184 0.000927 -0.712082 0.702059
1776830018.15292 0.012938 0.369935 0.006795 -0.007171 0.000928 -0.712080 0.702061
1776830018.31958 0.012936 0.370136 0.006834 -0.007206 0.000957 -0.712050 0.702091
1776830018.48625 0.012877 0.370183 0.007034 -0.007129 0.000999 -0.712047 0.702094
1776830018.65292 0.012896 0.370271 0.007188 -0.007137 0.000978 -0.712031 0.702111
1776830018.81961 0.012973 0.370344 0.007051 -0.007198 0.000862 -0.712046 0.702095
1776830018.98628 0.013247 0.370505 0.007241 -0.007126 0.000889 -0.712062 0.702080
1776830019.15294 0.013151 0.370517 0.007205 -0.007104 0.000873 -0.712059 0.702083
1776830019.31962 0.013239 0.370674 0.007254 -0.007092 0.000855 -0.712060 0.702082
1776830019.48628 0.013094 0.370529 0.007347 -0.007028 0.000883 -0.712066 0.702077
1776830019.65295 0.013084 0.370380 0.007227 -0.007044 0.000829 -0.712074 0.702069
1776830019.81963 0.012963 0.370132 0.007172 -0.007061 0.000829 -0.712074 0.702068
1776830019.98631 0.013044 0.370200 0.007089 -0.007096 0.000826 -0.712084 0.702058
1776830020.15297 0.013067 0.370188 0.007006 -0.007126 0.000856 -0.712087 0.702054
1776830020.31965 0.012965 0.370155 0.006867 -0.007185 0.000879 -0.712062 0.702080
1776830020.48632 0.012913 0.370236 0.006847 -0.007212 0.000924 -0.712033 0.702109
1776830020.65299 0.012978 0.370297 0.006900 -0.007187 0.000976 -0.712022 0.702120
1776830020.81966 0.012791 0.370153 0.006901 -0.007172 0.000982 -0.712025 0.702117
1776830020.98633 0.013000 0.370286 0.006930 -0.007188 0.000971 -0.712043 0.702098
1776830021.15298 0.012876 0.369980 0.006805 -0.007199 0.000953 -0.712055 0.702086
1776830021.31972 0.013023 0.369835 0.006843 -0.007166 0.001004 -0.712088 0.702053
1776830021.48636 0.012975 0.369904 0.006779 -0.007180 0.000985 -0.712089 0.702051
1776830021.65299 0.012832 0.370090 0.006673 -0.007199 0.000952 -0.712067 0.702074
1776830021.81966 0.013041 0.370250 0.006634 -0.007235 0.000948 -0.712068 0.702073
1776830021.98633 0.013019 0.370202 0.006820 -0.007208 0.000974 -0.712083 0.702058
1776830022.15298 0.012937 0.370129 0.006958 -0.007184 0.000975 -0.712078 0.702063
1776830022.31965 0.013021 0.370312 0.007028 -0.007212 0.000948 -0.712085 0.702055
1776830022.48633 0.013178 0.370537 0.007116 -0.007224 0.000959 -0.712090 0.702050
1776830022.65300 0.013191 0.370361 0.007175 -0.007182 0.000974 -0.712110 0.702030
1776830022.81965 0.013128 0.370257 0.007267 -0.007161 0.000974 -0.712107 0.702034
1776830022.98633 0.013149 0.370309 0.007285 -0.007178 0.000933 -0.712134 0.702006
1776830023.15300 0.013535 0.370775 0.007358 -0.007180 0.000897 -0.712150 0.701990
1776830023.31971 0.013657 0.370933 0.007299 -0.007217 0.000911 -0.712158 0.701981
1776830023.48636 0.013951 0.371177 0.007318 -0.007262 0.000928 -0.712186 0.701953
1776830023.65301 0.014090 0.371333 0.007404 -0.007267 0.001019 -0.712198 0.701940
1776830023.81968 0.014001 0.371272 0.007535 -0.007265 0.001040 -0.712192 0.701946
1776830023.98632 0.014219 0.371419 0.007677 -0.007215 0.001131 -0.712205 0.701934
1776830024.15298 0.014312 0.371413 0.007761 -0.007219 0.001195 -0.712213 0.701925
1776830024.31966 0.014312 0.371218 0.007803 -0.007264 0.001170 -0.712221 0.701916
1776830024.48638 0.014230 0.371048 0.007673 -0.007283 0.001133 -0.712242 0.701895
1776830024.65306 0.014116 0.371023 0.007427 -0.007351 0.001096 -0.712233 0.701904
1776830024.81976 0.014073 0.371210 0.007399 -0.007367 0.001085 -0.712227 0.701910
1776830024.98640 0.014187 0.371154 0.007309 -0.007409 0.001158 -0.712236 0.701900
1776830025.15303 0.014245 0.371156 0.007387 -0.007409 0.001186 -0.712240 0.701895
1776830025.31969 0.014093 0.370922 0.007411 -0.007389 0.001252 -0.712237 0.701899
1776830025.48636 0.014151 0.370861 0.007354 -0.007424 0.001227 -0.712228 0.701908
1776830025.65303 0.014210 0.371038 0.007372 -0.007442 0.001231 -0.712226 0.701909
1776830025.81973 0.014154 0.371126 0.007446 -0.007482 0.001237 -0.712215 0.701921
1776830025.98638 0.014305 0.371137 0.007483 -0.007522 0.001286 -0.712229 0.701905
1776830026.15304 0.014445 0.371178 0.007347 -0.007557 0.001249 -0.712257 0.701877
1776830026.31965 0.014665 0.371837 0.007269 -0.007654 0.001223 -0.712213 0.701921
1776830026.48634 0.014800 0.371721 0.007293 -0.007660 0.001227 -0.712233 0.701900
1776830026.65301 0.014925 0.372367 0.007170 -0.007762 0.001264 -0.712186 0.701947
1776830026.81966 0.014773 0.372457 0.007073 -0.007782 0.001238 -0.712166 0.701967
1776830026.98632 0.014815 0.372556 0.007144 -0.007781 0.001267 -0.712160 0.701973
1776830027.15302 0.014824 0.372570 0.007457 -0.007668 0.001394 -0.712157 0.701977
1776830027.31972 0.014695 0.372234 0.007619 -0.007629 0.001450 -0.712148 0.701986
1776830027.48639 0.014342 0.371941 0.007716 -0.007548 0.001439 -0.712144 0.701991
1776830027.65310 0.014136 0.371877 0.007699 -0.007568 0.001434 -0.712124 0.702011
1776830027.81977 0.014243 0.371621 0.007656 -0.007580 0.001470 -0.712156 0.701979
1776830027.98642 0.014394 0.371691 0.007502 -0.007613 0.001466 -0.712152 0.701982
1776830028.15312 0.014336 0.371620 0.007441 -0.007597 0.001451 -0.712151 0.701984
1776830028.31978 0.014373 0.371571 0.007312 -0.007622 0.001462 -0.712167 0.701967
1776830028.48643 0.014229 0.371279 0.007387 -0.007586 0.001458 -0.712168 0.701966
1776830028.65312 0.014724 0.371537 0.007331 -0.007649 0.001451 -0.712197 0.701936
1776830028.81979 0.014456 0.371216 0.007285 -0.007601 0.001458 -0.712197 0.701937
1776830028.98648 0.014477 0.370976 0.007339 -0.007567 0.001397 -0.712242 0.701892
1776830029.15317 0.014685 0.371258 0.007279 -0.007585 0.001326 -0.712266 0.701868
1776830029.31983 0.014796 0.371342 0.007446 -0.007574 0.001348 -0.712282 0.701852
1776830029.48648 0.014676 0.371223 0.007469 -0.007547 0.001351 -0.712263 0.701871
1776830029.65314 0.014837 0.371367 0.007430 -0.007571 0.001344 -0.712251 0.701883
1776830029.81981 0.014927 0.371476 0.007399 -0.007606 0.001373 -0.712252 0.701881
1776830029.98644 0.015009 0.371945 0.007462 -0.007686 0.001385 -0.712226 0.701907
1776830030.15313 0.015263 0.372517 0.007480 -0.007728 0.001389 -0.712215 0.701917
1776830030.31977 0.015223 0.372429 0.007647 -0.007649 0.001461 -0.712215 0.701918
1776830030.48635 0.012267 0.369303 0.006898 -0.007360 0.001246 -0.712036 0.702103
1776830030.65300 0.012654 0.369830 0.006972 -0.007463 0.001315 -0.711975 0.702164
1776830030.81963 0.012947 0.370534 0.007190 -0.007536 0.001336 -0.711945 0.702194
1776830030.98628 0.013383 0.371332 0.007378 -0.007600 0.001358 -0.711915 0.702223
1776830031.15294 0.013749 0.371870 0.007476 -0.007651 0.001352 -0.711927 0.702210
1776830031.31964 0.013919 0.372080 0.007488 -0.007687 0.001352 -0.711923 0.702215
1776830031.48625 0.014233 0.372242 0.007688 -0.007657 0.001414 -0.711947 0.702190
1776830031.65298 0.013818 0.371124 0.007731 -0.007476 0.001358 -0.712048 0.702090
1776830031.81969 0.014050 0.371343 0.007834 -0.007498 0.001463 -0.712018 0.702120
1776830031.98640 0.014118 0.371009 0.008040 -0.007351 0.001468 -0.712105 0.702033
1776830032.15307 0.014276 0.371140 0.007896 -0.007457 0.001439 -0.712098 0.702039
1776830032.31973 0.014099 0.370360 0.008010 -0.007260 0.001317 -0.712271 0.701866
1776830032.48643 0.014260 0.370059 0.007962 -0.007225 0.001430 -0.712306 0.701831
1776830032.65309 0.014510 0.370151 0.008104 -0.007259 0.001462 -0.712338 0.701798
1776830032.81970 0.014428 0.370049 0.008172 -0.007218 0.001407 -0.712365 0.701771
1776830032.98642 0.014576 0.370373 0.008010 -0.007331 0.001433 -0.712330 0.701805
1776830033.15306 0.014220 0.369910 0.008138 -0.007187 0.001447 -0.712326 0.701810
1776830033.31973 0.014418 0.370244 0.008164 -0.007262 0.001431 -0.712323 0.701813
1776830033.48641 0.014817 0.371424 0.008239 -0.007422 0.001462 -0.712222 0.701913
1776830033.65316 0.015150 0.372507 0.008201 -0.007581 0.001504 -0.712134 0.702001
1776830033.81980 0.015076 0.372395 0.008214 -0.007553 0.001543 -0.712148 0.701987
1776830033.98647 0.015180 0.372611 0.008132 -0.007584 0.001550 -0.712137 0.701998
1776830034.15308 0.015155 0.373349 0.008171 -0.007670 0.001578 -0.712045 0.702090
1776830034.31977 0.015082 0.372896 0.008178 -0.007621 0.001554 -0.712075 0.702060
1776830034.48646 0.015007 0.373200 0.008093 -0.007696 0.001548 -0.712007 0.702128
1776830034.65315 0.014832 0.372894 0.008035 -0.007645 0.001545 -0.712017 0.702119
1776830034.81983 0.014786 0.372315 0.008107 -0.007570 0.001537 -0.712075 0.702061
1776830034.98649 0.014946 0.372074 0.008027 -0.007553 0.001594 -0.712115 0.702020
1776830035.15312 0.014875 0.372067 0.008015 -0.007577 0.001594 -0.712101 0.702035
1776830035.31983 0.014857 0.372035 0.008057 -0.007574 0.001619 -0.712085 0.702051
1776830035.48652 0.015210 0.373470 0.008002 -0.007795 0.001627 -0.711947 0.702188
1776830035.65318 0.015079 0.373649 0.007920 -0.007819 0.001595 -0.711908 0.702228
1776830035.81984 0.014902 0.373533 0.007815 -0.007824 0.001561 -0.711878 0.702258
1776830035.98652 0.014851 0.373384 0.008064 -0.007704 0.001557 -0.711902 0.702235
1776830036.15319 0.014939 0.373977 0.008079 -0.007778 0.001539 -0.711835 0.702302
1776830036.31985 0.015095 0.374839 0.008010 -0.007918 0.001539 -0.711724 0.702412
1776830036.48651 0.015130 0.375560 0.007814 -0.008047 0.001545 -0.711615 0.702522
1776830036.65314 0.014905 0.376204 0.007816 -0.008100 0.001580 -0.711478 0.702660
1776830036.81979 0.014570 0.376465 0.007944 -0.008119 0.001650 -0.711348 0.702791
1776830036.98648 0.013981 0.375346 0.008163 -0.007914 0.001644 -0.711392 0.702749
1776830037.15323 0.013457 0.374830 0.007987 -0.007869 0.001618 -0.711374 0.702767
1776830037.31998 0.013111 0.374157 0.007741 -0.007832 0.001562 -0.711424 0.702718
1776830037.48668 0.012673 0.373181 0.007635 -0.007774 0.001497 -0.711476 0.702665
1776830037.65334 0.012380 0.372850 0.007583 -0.007757 0.001496 -0.711471 0.702671
1776830037.81997 0.012128 0.372010 0.007401 -0.007685 0.001491 -0.711546 0.702596
1776830037.98665 0.012380 0.371949 0.007276 -0.007689 0.001520 -0.711564 0.702577
1776830038.15328 0.012637 0.371759 0.007303 -0.007669 0.001567 -0.711601 0.702540
1776830038.31994 0.012532 0.371465 0.007459 -0.007572 0.001457 -0.711696 0.702445
1776830038.48665 0.012822 0.371621 0.007461 -0.007611 0.001395 -0.711753 0.702387
1776830038.65332 0.012969 0.371982 0.007353 -0.007662 0.001347 -0.711749 0.702391
1776830038.82004 0.013206 0.373197 0.007087 -0.007856 0.001328 -0.711635 0.702504
1776830038.98672 0.013478 0.374052 0.007195 -0.007932 0.001335 -0.711571 0.702568
1776830039.15339 0.013103 0.374267 0.007781 -0.007764 0.001355 -0.711505 0.702637
1776830039.32011 0.013099 0.373812 0.007995 -0.007624 0.001385 -0.711593 0.702550
1776830039.48676 0.013344 0.373443 0.008070 -0.007544 0.001394 -0.711645 0.702497
1776830039.65343 0.013203 0.373194 0.008074 -0.007502 0.001393 -0.711622 0.702521
1776830039.82012 0.013154 0.372739 0.008068 -0.007410 0.001351 -0.711682 0.702462
1776830039.98683 0.013274 0.372496 0.008006 -0.007423 0.001406 -0.711726 0.702416
1776830040.15347 0.013348 0.372342 0.008101 -0.007370 0.001523 -0.711744 0.702398
1776830040.32013 0.013431 0.371704 0.008061 -0.007378 0.001537 -0.711831 0.702311
1776830040.48677 0.013547 0.371619 0.008031 -0.007385 0.001591 -0.711835 0.702306
1776830040.65345 0.013589 0.371590 0.008058 -0.007412 0.001612 -0.711830 0.702311
1776830040.82011 0.013474 0.371546 0.008168 -0.007379 0.001656 -0.711833 0.702308
1776830040.98677 0.013601 0.371735 0.008042 -0.007418 0.001666 -0.711837 0.702304
1776830041.15347 0.013817 0.371685 0.008045 -0.007442 0.001745 -0.711847 0.702293
1776830041.32011 0.013890 0.371820 0.008155 -0.007460 0.001736 -0.711834 0.702306
1776830041.48682 0.013876 0.372161 0.008097 -0.007525 0.001690 -0.711805 0.702335
1776830041.65349 0.014030 0.372301 0.008223 -0.007514 0.001725 -0.711820 0.702320
1776830041.82020 0.014146 0.372645 0.008179 -0.007550 0.001666 -0.711826 0.702313
1776830041.98685 0.014626 0.373546 0.008279 -0.007619 0.001691 -0.711736 0.702403
1776830042.15350 0.014616 0.374040 0.008485 -0.007602 0.001684 -0.711647 0.702494
1776830042.32020 0.014405 0.373839 0.008669 -0.007524 0.001686 -0.711673 0.702468
1776830042.48691 0.014029 0.373752 0.008513 -0.007583 0.001646 -0.711619 0.702522
1776830042.65359 0.013965 0.373875 0.008501 -0.007617 0.001646 -0.711571 0.702571
1776830042.82025 0.013535 0.373240 0.008492 -0.007554 0.001638 -0.711598 0.702544
1776830042.98693 0.013394 0.372823 0.008428 -0.007539 0.001684 -0.711633 0.702509
1776830043.15361 0.013394 0.372598 0.008246 -0.007578 0.001656 -0.711659 0.702482
1776830043.32023 0.013569 0.372655 0.008065 -0.007607 0.001645 -0.711691 0.702449
1776830043.48689 0.013620 0.372338 0.008011 -0.007571 0.001649 -0.711715 0.702426
1776830043.65357 0.013692 0.372266 0.008082 -0.007523 0.001655 -0.711733 0.702408
1776830043.82024 0.013695 0.372168 0.008226 -0.007469 0.001689 -0.711747 0.702394
1776830043.98696 0.013577 0.372034 0.008350 -0.007447 0.001705 -0.711747 0.702394
1776830044.15361 0.013606 0.372087 0.008591 -0.007438 0.001718 -0.711739 0.702402
1776830044.32021 0.013774 0.372228 0.008505 -0.007470 0.001720 -0.711749 0.702392
1776830044.48697 0.013784 0.372240 0.008343 -0.007490 0.001719 -0.711757 0.702384
1776830044.65362 0.013731 0.372307 0.008407 -0.007471 0.001755 -0.711738 0.702403
1776830044.82025 0.013899 0.372412 0.008506 -0.007474 0.001794 -0.711764 0.702377
1776830044.98692 0.014036 0.372704 0.008604 -0.007482 0.001792 -0.711764 0.702376
1776830045.15357 0.014234 0.372833 0.008629 -0.007540 0.001752 -0.711781 0.702359
1776830045.32027 0.014393 0.372907 0.008573 -0.007555 0.001744 -0.711791 0.702348
1776830045.48692 0.014340 0.372933 0.008594 -0.007544 0.001750 -0.711781 0.702359
1776830045.65363 0.014256 0.373051 0.008593 -0.007557 0.001750 -0.711770 0.702370
1776830045.82030 0.014351 0.372938 0.008678 -0.007494 0.001808 -0.711782 0.702358
1776830045.98693 0.014304 0.372776 0.008667 -0.007515 0.001809 -0.711798 0.702342
1776830046.15362 0.014514 0.373023 0.008681 -0.007530 0.001827 -0.711792 0.702348
1776830046.32027 0.014808 0.373326 0.008804 -0.007509 0.001841 -0.711810 0.702330
1776830046.48692 0.014940 0.373477 0.008960 -0.007470 0.001886 -0.711833 0.702306
1776830046.65364 0.014897 0.373877 0.008977 -0.007527 0.001972 -0.711770 0.702369
1776830046.82030 0.014853 0.373655 0.008882 -0.007504 0.002015 -0.711773 0.702367
1776830046.98696 0.014994 0.373744 0.009103 -0.007491 0.002082 -0.711765 0.702375
1776830047.15367 0.015000 0.373795 0.009164 -0.007485 0.002126 -0.711754 0.702386
1776830047.32036 0.014984 0.373621 0.009226 -0.007484 0.002077 -0.711763 0.702377
1776830047.48706 0.015068 0.373870 0.009053 -0.007562 0.002013 -0.711770 0.702369
1776830047.65377 0.015228 0.373999 0.008854 -0.007633 0.001949 -0.711776 0.702363
1776830047.82050 0.015228 0.374285 0.008751 -0.007652 0.001921 -0.711784 0.702354
1776830047.98719 0.015394 0.374592 0.008700 -0.007712 0.001949 -0.711778 0.702360
1776830048.15387 0.015537 0.374747 0.008758 -0.007735 0.001915 -0.711791 0.702346
1776830048.32050 0.015556 0.374796 0.008831 -0.007709 0.001953 -0.711795 0.702342
1776830048.48719 0.015435 0.374578 0.008778 -0.007714 0.001943 -0.711780 0.702357
1776830048.65384 0.015514 0.374766 0.008795 -0.007736 0.001912 -0.711786 0.702352
1776830048.82053 0.015517 0.374769 0.008652 -0.007788 0.001853 -0.711796 0.702341
1776830048.98715 0.015563 0.375028 0.008448 -0.007828 0.001853 -0.711785 0.702351
1776830049.15385 0.015661 0.375248 0.008566 -0.007810 0.001881 -0.711795 0.702342
1776830049.32052 0.015694 0.375348 0.008866 -0.007747 0.001898 -0.711801 0.702336
1776830049.48716 0.015513 0.375323 0.008945 -0.007722 0.001928 -0.711786 0.702351
1776830049.65384 0.015640 0.375412 0.008975 -0.007726 0.001955 -0.711774 0.702363
1776830049.82049 0.015469 0.375376 0.009017 -0.007718 0.001945 -0.711765 0.702373
1776830049.98713 0.015771 0.375731 0.008887 -0.007797 0.001912 -0.711759 0.702377
1776830050.15379 0.015705 0.375881 0.008811 -0.007847 0.001927 -0.711695 0.702443
1776830050.32046 0.015166 0.375993 0.008705 -0.007843 0.001897 -0.711602 0.702537
1776830050.48717 0.014925 0.375693 0.008782 -0.007792 0.001930 -0.711602 0.702537
1776830050.65383 0.014811 0.375397 0.008798 -0.007772 0.001899 -0.711621 0.702518
1776830050.82052 0.014738 0.375278 0.008917 -0.007719 0.001954 -0.711624 0.702516
1776830050.98718 0.014557 0.375196 0.009040 -0.007703 0.001986 -0.711599 0.702541
1776830051.15383 0.014324 0.375061 0.009026 -0.007701 0.001965 -0.711587 0.702553
1776830051.32053 0.014363 0.374975 0.009025 -0.007722 0.001974 -0.711571 0.702569
1776830051.48728 0.015684 0.375742 0.009126 -0.007811 0.002039 -0.711754 0.702383
1776830051.65397 0.015574 0.375429 0.009215 -0.007768 0.002059 -0.711760 0.702376
1776830051.82064 0.015708 0.375967 0.009019 -0.007831 0.002006 -0.711752 0.702384
1776830051.98730 0.015701 0.375622 0.009164 -0.007739 0.002030 -0.711765 0.702372
1776830052.15395 0.015522 0.376529 0.008952 -0.007808 0.001793 -0.711758 0.702379
1776830052.32062 0.015437 0.376063 0.009160 -0.007753 0.001864 -0.711746 0.702392
1776830052.48726 0.015338 0.375670 0.009246 -0.007698 0.001925 -0.711749 0.702389
1776830052.65384 0.016253 0.375721 0.009418 -0.007774 0.002030 -0.711798 0.702339
1776830052.82045 0.016801 0.375415 0.009459 -0.007739 0.002120 -0.711842 0.702294
1776830052.98709 0.016790 0.374785 0.009591 -0.007664 0.002164 -0.711876 0.702260
1776830053.15380 0.017252 0.373638 0.009996 -0.007627 0.002364 -0.711899 0.702237
1776830053.32059 0.019788 0.371771 0.010744 -0.007685 0.002609 -0.711985 0.702148
1776830053.48713 0.021735 0.369110 0.011162 -0.007577 0.002718 -0.712103 0.702029
1776830053.65373 0.023792 0.366311 0.011244 -0.007474 0.002708 -0.712167 0.701965
1776830053.82028 0.024904 0.364063 0.010620 -0.007336 0.002634 -0.712243 0.701890
1776830053.98697 0.026246 0.362289 0.009217 -0.007336 0.002519 -0.712279 0.701854
1776830054.15375 0.026904 0.361867 0.007246 -0.007383 0.002346 -0.712314 0.701818
1776830054.32050 0.026806 0.362000 0.005770 -0.007363 0.002230 -0.712338 0.701794
1776830054.48731 0.026114 0.364031 0.004332 -0.007425 0.002044 -0.712331 0.701802
1776830054.65405 0.025997 0.365657 0.004046 -0.007451 0.001967 -0.712329 0.701804
1776830054.82078 0.025335 0.367612 0.003647 -0.007588 0.001815 -0.712310 0.701822
1776830054.98750 0.023523 0.371996 0.003942 -0.007694 0.001559 -0.712318 0.701813
1776830055.15440 0.019832 0.375628 0.007387 -0.007642 0.001862 -0.712175 0.701958
1776830055.32109 0.017149 0.374524 0.008704 -0.007537 0.002024 -0.711976 0.702160
1776830055.48780 0.016162 0.374113 0.009313 -0.007602 0.002289 -0.711832 0.702305
1776830055.65427 0.015414 0.374076 0.009297 -0.007626 0.002206 -0.711775 0.702362
1776830055.82099 0.015445 0.374009 0.009287 -0.007671 0.002180 -0.711805 0.702332
1776830055.98763 0.016069 0.373208 0.009486 -0.007640 0.002343 -0.711802 0.702335
1776830056.15421 0.016154 0.372830 0.009168 -0.007648 0.002413 -0.711745 0.702392
1776830056.32093 0.016367 0.372648 0.009048 -0.007680 0.002404 -0.711731 0.702406
1776830056.48766 0.016771 0.372526 0.009056 -0.007716 0.002430 -0.711750 0.702387
1776830056.65452 0.016809 0.372855 0.008992 -0.007711 0.002339 -0.711730 0.702407
1776830056.82127 0.016856 0.373012 0.008809 -0.007747 0.002332 -0.711732 0.702405
1776830056.98797 0.016437 0.373083 0.008377 -0.007805 0.002428 -0.711676 0.702460
1776830057.15464 0.016178 0.373595 0.008313 -0.007841 0.002339 -0.711656 0.702480
1776830057.32136 0.015530 0.373428 0.008070 -0.007868 0.002353 -0.711606 0.702531
1776830057.48799 0.015604 0.374236 0.008373 -0.007915 0.002314 -0.711569 0.702568
1776830057.65463 0.015751 0.374236 0.008462 -0.007899 0.002307 -0.711561 0.702576
1776830057.82122 0.015067 0.373802 0.008512 -0.007742 0.002366 -0.711531 0.702608
1776830057.98788 0.015472 0.374048 0.008456 -0.007839 0.002381 -0.711523 0.702615
1776830058.15446 0.015289 0.373734 0.008703 -0.007772 0.002250 -0.711575 0.702564
1776830058.32118 0.015613 0.373957 0.008439 -0.007807 0.002261 -0.711557 0.702581
1776830058.48787 0.015994 0.373732 0.008544 -0.007810 0.002337 -0.711571 0.702567
1776830058.65448 0.016642 0.374217 0.008394 -0.007878 0.002241 -0.711630 0.702506
1776830058.82124 0.017348 0.375324 0.007974 -0.007898 0.002136 -0.711708 0.702428
1776830058.98798 0.016299 0.374820 0.008564 -0.007665 0.001909 -0.711721 0.702418
1776830059.15472 0.016271 0.374932 0.008879 -0.007583 0.001775 -0.711813 0.702326
1776830059.32137 0.016288 0.375958 0.009113 -0.007632 0.001660 -0.711851 0.702287
1776830059.48809 0.016828 0.377266 0.009113 -0.007825 0.001516 -0.711948 0.702187
1776830059.65476 0.017471 0.378278 0.009361 -0.007928 0.001561 -0.711972 0.702162
1776830059.82142 0.018080 0.378986 0.009470 -0.007948 0.001632 -0.711944 0.702189
1776830059.98808 0.018197 0.379015 0.009702 -0.007881 0.001707 -0.711947 0.702187
1776830060.15476 0.018371 0.378907 0.009773 -0.007850 0.001733 -0.711976 0.702157
1776830060.32150 0.017704 0.378441 0.009648 -0.007855 0.001626 -0.711918 0.702217
1776830060.48827 0.017631 0.378077 0.009471 -0.007830 0.001601 -0.711986 0.702148
1776830060.65499 0.017708 0.377954 0.009257 -0.007885 0.001610 -0.712022 0.702111
1776830060.82166 0.018364 0.378866 0.009290 -0.007972 0.001645 -0.712032 0.702100
1776830060.98833 0.018692 0.379183 0.009243 -0.008038 0.001718 -0.712050 0.702081
1776830061.15501 0.018981 0.379637 0.009254 -0.008138 0.001783 -0.712055 0.702074
1776830061.32169 0.019424 0.379744 0.009280 -0.008129 0.001880 -0.712103 0.702025
1776830061.48832 0.019550 0.379769 0.009375 -0.008184 0.001870 -0.712104 0.702024
1776830061.65500 0.019391 0.379776 0.009297 -0.008258 0.001770 -0.712099 0.702028
1776830061.82170 0.018918 0.378897 0.009180 -0.008169 0.001749 -0.712139 0.701989
1776830061.98840 0.019008 0.379188 0.009017 -0.008248 0.001716 -0.712125 0.702002
1776830062.15510 0.018849 0.378994 0.009042 -0.008172 0.001767 -0.712137 0.701991
1776830062.32180 0.018777 0.378681 0.009140 -0.008079 0.001609 -0.712214 0.701914
1776830062.48851 0.018586 0.378366 0.009202 -0.008018 0.001641 -0.712232 0.701896
1776830062.65519 0.018548 0.378275 0.008994 -0.008064 0.001615 -0.712244 0.701884
1776830062.82185 0.018466 0.378038 0.008898 -0.008045 0.001619 -0.712260 0.701867
1776830062.98851 0.018112 0.377773 0.008772 -0.008050 0.001586 -0.712250 0.701877
1776830063.15518 0.017701 0.377218 0.008681 -0.008026 0.001548 -0.712256 0.701873
1776830063.32186 0.017495 0.376518 0.008653 -0.007945 0.001583 -0.712287 0.701842
1776830063.48852 0.017617 0.376561 0.008479 -0.007979 0.001533 -0.712323 0.701805
1776830063.65519 0.017904 0.376743 0.008442 -0.007988 0.001520 -0.712327 0.701800
1776830063.82186 0.017911 0.376398 0.008539 -0.007904 0.001481 -0.712365 0.701763
1776830063.98855 0.017880 0.376166 0.008471 -0.007891 0.001419 -0.712378 0.701750
1776830064.15526 0.017618 0.375598 0.008422 -0.007807 0.001348 -0.712427 0.701701
1776830064.32192 0.017895 0.375595 0.008313 -0.007812 0.001347 -0.712472 0.701656
1776830064.48858 0.018158 0.376063 0.008488 -0.007821 0.001435 -0.712460 0.701668
1776830064.65525 0.018448 0.376569 0.008528 -0.007901 0.001449 -0.712448 0.701679
1776830064.82194 0.018842 0.377341 0.008575 -0.007953 0.001500 -0.712404 0.701723
1776830064.98862 0.019112 0.378162 0.008829 -0.008026 0.001573 -0.712379 0.701748
1776830065.15528 0.019175 0.378671 0.009044 -0.008025 0.001635 -0.712351 0.701776
1776830065.32197 0.019165 0.378589 0.009020 -0.008048 0.001645 -0.712347 0.701779
1776830065.48865 0.018796 0.377956 0.008962 -0.008016 0.001662 -0.712329 0.701798
1776830065.65533 0.019272 0.378705 0.009080 -0.008095 0.001715 -0.712318 0.701809
1776830065.82200 0.019389 0.379024 0.009230 -0.008082 0.001732 -0.712325 0.701801
1776830065.98866 0.019378 0.379143 0.009231 -0.008075 0.001727 -0.712305 0.701822
1776830066.15534 0.019368 0.379303 0.009221 -0.008128 0.001741 -0.712281 0.701846
1776830066.32199 0.019471 0.379559 0.009202 -0.008178 0.001738 -0.712253 0.701873
1776830066.48872 0.019648 0.379930 0.009279 -0.008162 0.001805 -0.712246 0.701880
1776830066.65543 0.019688 0.380095 0.009235 -0.008191 0.001845 -0.712230 0.701896
1776830066.82208 0.019386 0.379396 0.009173 -0.008133 0.001788 -0.712263 0.701863
1776830066.98877 0.019549 0.379748 0.009132 -0.008191 0.001803 -0.712254 0.701872
1776830067.15544 0.019392 0.379607 0.009100 -0.008187 0.001783 -0.712246 0.701880
1776830067.32212 0.019692 0.379945 0.009200 -0.008191 0.001867 -0.712256 0.701870
1776830067.48879 0.019515 0.379766 0.009224 -0.008172 0.001853 -0.712261 0.701865
1776830067.65546 0.019693 0.379990 0.009316 -0.008175 0.001874 -0.712272 0.701853
1776830067.82213 0.019439 0.379604 0.009395 -0.008152 0.001893 -0.712276 0.701850
1776830067.98879 0.019367 0.379479 0.009195 -0.008221 0.001761 -0.712276 0.701849
1776830068.15550 0.019601 0.379594 0.008957 -0.008280 0.001762 -0.712290 0.701835
1776830068.32212 0.019505 0.379433 0.009065 -0.008198 0.001793 -0.712307 0.701818
1776830068.48878 0.019278 0.379548 0.009223 -0.008142 0.001861 -0.712307 0.701819
1776830068.65552 0.019081 0.379203 0.009413 -0.008071 0.001871 -0.712333 0.701793
1776830068.82218 0.019119 0.379216 0.009484 -0.008067 0.001922 -0.712347 0.701778
1776830068.98885 0.019088 0.379158 0.009631 -0.008023 0.001974 -0.712349 0.701777
1776830069.15550 0.018923 0.378684 0.009746 -0.007939 0.001955 -0.712377 0.701749
1776830069.32221 0.019087 0.378688 0.009884 -0.007929 0.001971 -0.712396 0.701730
1776830069.48887 0.018971 0.378192 0.009904 -0.007886 0.001930 -0.712435 0.701691
1776830069.65555 0.018810 0.377591 0.009732 -0.007849 0.001860 -0.712472 0.701655
1776830069.82226 0.018370 0.377045 0.009366 -0.007881 0.001885 -0.712466 0.701660
1776830069.98895 0.018632 0.377622 0.009338 -0.007907 0.001872 -0.712459 0.701667
1776830070.15562 0.018557 0.377692 0.009264 -0.007954 0.001846 -0.712446 0.701680
1776830070.32230 0.018818 0.377955 0.009087 -0.008055 0.001832 -0.712453 0.701671
1776830070.48898 0.018807 0.378209 0.008942 -0.008105 0.001812 -0.712438 0.701686
1776830070.65565 0.018943 0.378332 0.008864 -0.008137 0.001749 -0.712454 0.701670
1776830070.82231 0.018989 0.378187 0.008913 -0.008065 0.001715 -0.712493 0.701630
1776830070.98896 0.019152 0.378036 0.008896 -0.008069 0.001756 -0.712509 0.701615
1776830071.15567 0.018897 0.377375 0.008956 -0.007936 0.001710 -0.712583 0.701541
1776830071.32233 0.019227 0.377635 0.009029 -0.007936 0.001662 -0.712624 0.701500
1776830071.48902 0.019600 0.377852 0.008816 -0.008049 0.001719 -0.712657 0.701464
1776830071.65566 0.019747 0.377827 0.008884 -0.008049 0.001867 -0.712661 0.701460
1776830071.82229 0.020242 0.378935 0.009282 -0.008101 0.001874 -0.712605 0.701517
1776830071.98898 0.020228 0.378715 0.009170 -0.008061 0.001849 -0.712666 0.701455
1776830072.15566 0.019985 0.378483 0.009293 -0.008028 0.001841 -0.712684 0.701437
1776830072.32236 0.019925 0.378465 0.009100 -0.008091 0.001799 -0.712725 0.701395
1776830072.48905 0.019639 0.378142 0.009052 -0.008045 0.001789 -0.712702 0.701419
1776830072.65570 0.019628 0.377812 0.008907 -0.008075 0.001878 -0.712713 0.701407
1776830072.82238 0.019444 0.377643 0.008724 -0.008153 0.001897 -0.712707 0.701412
1776830072.98903 0.019292 0.377418 0.008813 -0.008131 0.001847 -0.712743 0.701376
1776830073.15573 0.019430 0.377253 0.008667 -0.008169 0.001945 -0.712790 0.701327
1776830073.32237 0.019724 0.377417 0.008449 -0.008284 0.001969 -0.712768 0.701348
1776830073.48900 0.019663 0.377535 0.008372 -0.008327 0.001989 -0.712736 0.701380
1776830073.65564 0.019808 0.377719 0.008511 -0.008316 0.002061 -0.712715 0.701402
1776830073.82232 0.019695 0.377910 0.008620 -0.008343 0.002045 -0.712697 0.701420
1776830073.98900 0.019593 0.377765 0.008574 -0.008370 0.002044 -0.712679 0.701438
1776830074.15568 0.019385 0.377597 0.008649 -0.008358 0.002074 -0.712656 0.701461
1776830074.32233 0.019262 0.377535 0.008628 -0.008369 0.002052 -0.712635 0.701482
1776830074.48902 0.019135 0.377317 0.008681 -0.008326 0.002127 -0.712615 0.701503
1776830074.65567 0.019068 0.377163 0.008818 -0.008338 0.002147 -0.712621 0.701496
1776830074.82235 0.018976 0.377078 0.008717 -0.008319 0.002124 -0.712617 0.701501
1776830074.98903 0.019054 0.377087 0.008782 -0.008288 0.002193 -0.712607 0.701511
1776830075.15568 0.019090 0.377101 0.008739 -0.008311 0.002181 -0.712625 0.701492
1776830075.32237 0.019054 0.377102 0.008661 -0.008315 0.002186 -0.712639 0.701478
1776830075.48902 0.018935 0.376932 0.008647 -0.008356 0.002176 -0.712638 0.701479
1776830075.65570 0.018767 0.376825 0.008618 -0.008357 0.002189 -0.712624 0.701493
1776830075.82241 0.018698 0.376741 0.008733 -0.008327 0.002257 -0.712619 0.701498
1776830075.98901 0.019132 0.376787 0.008575 -0.008385 0.002248 -0.712633 0.701484
1776830076.15566 0.019460 0.377035 0.008474 -0.008425 0.002252 -0.712644 0.701471
1776830076.32229 0.019645 0.377252 0.008352 -0.008431 0.002240 -0.712668 0.701447
1776830076.48902 0.019846 0.377591 0.008273 -0.008444 0.002269 -0.712681 0.701434
1776830076.65566 0.018857 0.374974 0.008296 -0.008071 0.002156 -0.712696 0.701424
1776830076.82238 0.018658 0.374194 0.008169 -0.007922 0.002045 -0.712737 0.701383
1776830076.98907 0.018929 0.374064 0.007524 -0.008035 0.002073 -0.712723 0.701396
1776830077.15574 0.019063 0.374048 0.007096 -0.008117 0.002100 -0.712714 0.701405
1776830077.32240 0.019230 0.374264 0.006749 -0.008226 0.002066 -0.712701 0.701417
1776830077.48904 0.019509 0.374630 0.006685 -0.008270 0.002089 -0.712697 0.701420
1776830077.65571 0.019782 0.375033 0.006569 -0.008309 0.002093 -0.712701 0.701415
1776830077.82238 0.019738 0.375085 0.006524 -0.008387 0.002080 -0.712687 0.701429
1776830077.98903 0.020058 0.375629 0.006479 -0.008448 0.002082 -0.712701 0.701414
1776830078.15570 0.020162 0.375986 0.006435 -0.008503 0.002053 -0.712714 0.701401
1776830078.32238 0.020197 0.376134 0.006567 -0.008481 0.002044 -0.712725 0.701390
1776830078.48907 0.020139 0.376021 0.006875 -0.008425 0.002065 -0.712750 0.701365
1776830078.65575 0.020130 0.376160 0.006775 -0.008477 0.002008 -0.712757 0.701357
1776830078.82240 0.019600 0.376288 0.006006 -0.008505 0.001949 -0.712703 0.701411
1776830078.98911 0.019811 0.376339 0.005986 -0.008493 0.002011 -0.712716 0.701398
1776830079.15574 0.019703 0.376195 0.005977 -0.008481 0.002006 -0.712735 0.701379
1776830079.32242 0.019621 0.376317 0.005867 -0.008510 0.001954 -0.712726 0.701388
1776830079.48910 0.019927 0.377663 0.005136 -0.008629 0.001756 -0.712777 0.701335
1776830079.65588 0.020560 0.379411 0.004475 -0.008782 0.001726 -0.712828 0.701282
1776830079.82242 0.021047 0.379789 0.004416 -0.008835 0.001837 -0.712824 0.701285
1776830079.98920 0.021392 0.379890 0.004981 -0.008756 0.001861 -0.712731 0.701381
1776830080.15586 0.021656 0.379746 0.005778 -0.008696 0.001857 -0.712690 0.701423
1776830080.32260 0.019871 0.376409 0.006052 -0.008361 0.001921 -0.712543 0.701576
1776830080.48941 0.018977 0.374957 0.006546 -0.008230 0.001840 -0.712481 0.701641
1776830080.65624 0.018194 0.373842 0.006868 -0.008124 0.001793 -0.712427 0.701697
1776830080.82305 0.017858 0.374402 0.006526 -0.008118 0.001615 -0.712413 0.701712
1776830080.98985 0.017693 0.375278 0.006147 -0.008211 0.001522 -0.712369 0.701755
1776830081.15654 0.017688 0.375968 0.005975 -0.008299 0.001540 -0.712321 0.701803
1776830081.32321 0.018345 0.377903 0.005118 -0.008478 0.001459 -0.712336 0.701785
1776830081.48992 0.019313 0.379427 0.004389 -0.008682 0.001469 -0.712349 0.701770
1776830081.65659 0.019755 0.379308 0.004487 -0.008683 0.001618 -0.712338 0.701781
1776830081.82333 0.019629 0.378138 0.005024 -0.008602 0.001683 -0.712319 0.701801
1776830081.99011 0.019298 0.377127 0.005464 -0.008469 0.001652 -0.712324 0.701798
1776830082.15698 0.018664 0.376169 0.005686 -0.008375 0.001557 -0.712328 0.701795
1776830082.32373 0.018486 0.375777 0.005933 -0.008362 0.001562 -0.712335 0.701788
1776830082.49045 0.018256 0.375637 0.006164 -0.008301 0.001592 -0.712334 0.701790
1776830082.65721 0.018326 0.378009 0.005035 -0.008442 0.001421 -0.712323 0.701799
1776830082.82374 0.018020 0.378310 0.005319 -0.008474 0.001447 -0.712263 0.701860
1776830082.99042 0.018116 0.378214 0.005821 -0.008480 0.001601 -0.712227 0.701896
1776830083.15710 0.018237 0.377695 0.006090 -0.008488 0.001656 -0.712216 0.701907
1776830083.32375 0.018402 0.377454 0.006159 -0.008445 0.001712 -0.712214 0.701910
1776830083.49040 0.018073 0.376672 0.006374 -0.008348 0.001749 -0.712206 0.701919
1776830083.65710 0.017813 0.375950 0.006304 -0.008364 0.001744 -0.712199 0.701926
1776830083.82379 0.017587 0.375257 0.006241 -0.008341 0.001741 -0.712182 0.701943
1776830083.99048 0.017474 0.374981 0.006219 -0.008324 0.001731 -0.712180 0.701945
1776830084.15713 0.017217 0.374755 0.005850 -0.008381 0.001637 -0.712180 0.701945
1776830084.32385 0.017561 0.374911 0.005628 -0.008401 0.001717 -0.712176 0.701948
1776830084.49053 0.017747 0.374990 0.005415 -0.008480 0.001675 -0.712169 0.701955
1776830084.65720 0.017967 0.375829 0.005345 -0.008453 0.001740 -0.712196 0.701928
1776830084.82387 0.017941 0.375730 0.005658 -0.008392 0.001819 -0.712200 0.701924
1776830084.99054 0.018029 0.375792 0.005706 -0.008395 0.001836 -0.712209 0.701915
1776830085.15743 0.015676 0.372616 0.006239 -0.007950 0.001706 -0.712194 0.701935
1776830085.32435 0.015755 0.371884 0.006383 -0.007771 0.001797 -0.712255 0.701875
1776830085.49096 0.015981 0.372453 0.006408 -0.007764 0.001814 -0.712264 0.701867
1776830085.65764 0.015640 0.371602 0.006603 -0.007664 0.001781 -0.712282 0.701849
1776830085.82419 0.015363 0.370878 0.006666 -0.007538 0.001810 -0.712330 0.701802
1776830085.99085 0.015597 0.371083 0.006537 -0.007615 0.001710 -0.712342 0.701789
1776830086.15750 0.015204 0.370477 0.006659 -0.007568 0.001790 -0.712458 0.701671
1776830086.32416 0.015423 0.370119 0.006588 -0.007625 0.001772 -0.712544 0.701584
1776830086.49085 0.016029 0.370799 0.006576 -0.007740 0.001743 -0.712620 0.701505
1776830086.65756 0.016140 0.371757 0.007853 -0.007572 0.001830 -0.712773 0.701352
1776830086.82420 0.015981 0.371250 0.008255 -0.007398 0.001863 -0.712880 0.701245
1776830086.99089 0.015852 0.370563 0.008544 -0.007285 0.001845 -0.712968 0.701157
1776830087.15715 0.016240 0.370536 0.008245 -0.007375 0.001842 -0.712975 0.701148
1776830087.32389 0.016258 0.370511 0.008305 -0.007361 0.001836 -0.713005 0.701118
1776830087.49063 0.016309 0.370415 0.008466 -0.007148 0.001834 -0.713144 0.700979
1776830087.65728 0.016695 0.371084 0.008229 -0.007183 0.001782 -0.713228 0.700893
1776830087.82402 0.017156 0.372064 0.007820 -0.007405 0.001798 -0.713151 0.700969
1776830087.99071 0.016906 0.372139 0.007715 -0.007422 0.001808 -0.713088 0.701033
1776830088.15735 0.016690 0.372262 0.007539 -0.007521 0.001839 -0.712971 0.701150
1776830088.32397 0.016725 0.372430 0.007245 -0.007673 0.001915 -0.712864 0.701257
1776830088.49056 0.017083 0.373163 0.006807 -0.007886 0.002060 -0.712823 0.701296
1776830088.65721 0.017727 0.373896 0.006556 -0.008060 0.002128 -0.712780 0.701338
1776830088.82389 0.018120 0.374613 0.006274 -0.008184 0.002085 -0.712775 0.701342
1776830088.99060 0.018411 0.374985 0.006205 -0.008239 0.002173 -0.712762 0.701354
1776830089.15728 0.016391 0.372368 0.007096 -0.008019 0.002168 -0.712635 0.701486
1776830089.32388 0.016397 0.372725 0.006832 -0.008122 0.002125 -0.712616 0.701504
1776830089.49053 0.015878 0.372182 0.006947 -0.008079 0.002099 -0.712575 0.701547
1776830089.65721 0.015397 0.371585 0.007195 -0.008001 0.002174 -0.712518 0.701604
1776830089.82384 0.015477 0.371782 0.007011 -0.008113 0.002221 -0.712499 0.701622
1776830089.99052 0.015030 0.371351 0.007384 -0.008032 0.002201 -0.712473 0.701650
1776830090.15716 0.015439 0.371764 0.007258 -0.008142 0.002300 -0.712445 0.701677
1776830090.32362 0.014383 0.370369 0.007813 -0.007901 0.002296 -0.712412 0.701713
1776830090.49030 0.013650 0.369590 0.008052 -0.007848 0.002336 -0.712354 0.701773
1776830090.65686 0.014185 0.369883 0.007840 -0.008048 0.002468 -0.712299 0.701826
1776830090.82358 0.014672 0.370279 0.007631 -0.008169 0.002522 -0.712280 0.701843
1776830090.99030 0.015062 0.371022 0.007312 -0.008242 0.002500 -0.712298 0.701824
1776830091.15712 0.015707 0.371983 0.006927 -0.008352 0.002509 -0.712315 0.701806
1776830091.32381 0.016443 0.372725 0.006749 -0.008416 0.002544 -0.712348 0.701771
1776830091.49042 0.016431 0.372581 0.006971 -0.008340 0.002502 -0.712379 0.701741
1776830091.65719 0.016162 0.372247 0.007077 -0.008304 0.002454 -0.712376 0.701745
1776830091.82388 0.016552 0.372725 0.006754 -0.008406 0.002453 -0.712405 0.701714
1776830091.99054 0.016924 0.372919 0.006652 -0.008443 0.002490 -0.712435 0.701683
1776830092.15719 0.017239 0.373043 0.006551 -0.008511 0.002448 -0.712465 0.701652
1776830092.32386 0.017595 0.373462 0.006446 -0.008553 0.002453 -0.712510 0.701606
1776830092.49056 0.017909 0.373838 0.006327 -0.008588 0.002418 -0.712536 0.701579
1776830092.65727 0.018085 0.374407 0.006123 -0.008603 0.002260 -0.712469 0.701647
1776830092.82399 0.018066 0.374621 0.006116 -0.008524 0.002199 -0.712415 0.701703
1776830092.99067 0.017836 0.374695 0.006146 -0.008454 0.002127 -0.712362 0.701758
1776830093.15735 0.017781 0.375180 0.005906 -0.008483 0.002035 -0.712325 0.701796
1776830093.32402 0.017759 0.375492 0.005823 -0.008485 0.002008 -0.712300 0.701821
1776830093.49066 0.017854 0.375798 0.005691 -0.008487 0.001994 -0.712296 0.701825
1776830093.65729 0.018439 0.376855 0.005477 -0.008450 0.002081 -0.712319 0.701801
1776830093.82394 0.018397 0.376894 0.005514 -0.008464 0.002048 -0.712296 0.701825
1776830093.99061 0.018319 0.376577 0.005549 -0.008496 0.002011 -0.712283 0.701838
1776830094.15727 0.018373 0.376809 0.005396 -0.008519 0.001902 -0.712304 0.701816
1776830094.32396 0.018311 0.376814 0.005327 -0.008502 0.001867 -0.712303 0.701818
1776830094.49065 0.018201 0.376843 0.005290 -0.008508 0.001853 -0.712287 0.701834
1776830094.65730 0.018176 0.377185 0.005110 -0.008517 0.001797 -0.712300 0.701821
1776830094.82399 0.018227 0.377279 0.005068 -0.008572 0.001789 -0.712303 0.701818
1776830094.99067 0.018381 0.377233 0.005056 -0.008582 0.001792 -0.712299 0.701822
1776830095.15733 0.018344 0.377260 0.005182 -0.008547 0.001807 -0.712290 0.701831
1776830095.32399 0.018381 0.377313 0.005168 -0.008544 0.001757 -0.712302 0.701819
1776830095.49066 0.018307 0.376936 0.005261 -0.008556 0.001765 -0.712291 0.701830
1776830095.65732 0.018342 0.376755 0.005315 -0.008540 0.001788 -0.712297 0.701824
1776830095.82399 0.018318 0.376349 0.005427 -0.008532 0.001789 -0.712291 0.701831
1776830095.99065 0.018484 0.376524 0.005424 -0.008548 0.001755 -0.712300 0.701821
1776830096.15731 0.017822 0.375121 0.006061 -0.008278 0.001678 -0.712373 0.701750
1776830096.32407 0.017187 0.374107 0.006478 -0.008119 0.001743 -0.712388 0.701737
1776830096.49075 0.016722 0.373386 0.006767 -0.008006 0.001792 -0.712403 0.701723
1776830096.65740 0.016509 0.373285 0.006784 -0.007966 0.001779 -0.712424 0.701702
1776830096.82407 0.016505 0.373133 0.006808 -0.007999 0.001793 -0.712424 0.701701
1776830096.99071 0.016001 0.372378 0.007158 -0.007840 0.001800 -0.712457 0.701670
1776830097.15738 0.016294 0.372774 0.006965 -0.007944 0.001813 -0.712448 0.701677
1776830097.32406 0.016717 0.373144 0.006844 -0.008049 0.001859 -0.712534 0.701589
1776830097.49074 0.017307 0.373255 0.006835 -0.008165 0.002000 -0.712577 0.701544
1776830097.65739 0.017684 0.373812 0.006651 -0.008170 0.001908 -0.712599 0.701522
1776830097.82410 0.018158 0.374619 0.006272 -0.008229 0.001863 -0.712580 0.701540
1776830097.99080 0.018592 0.375574 0.005885 -0.008348 0.001807 -0.712564 0.701555
1776830098.15747 0.018829 0.376320 0.005645 -0.008386 0.001776 -0.712521 0.701598
1776830098.32414 0.018735 0.376486 0.005535 -0.008418 0.001770 -0.712475 0.701644
1776830098.49079 0.018656 0.376482 0.005487 -0.008424 0.001760 -0.712430 0.701691
1776830098.65747 0.018753 0.376643 0.005506 -0.008452 0.001737 -0.712414 0.701706
1776830098.82414 0.018782 0.376558 0.005552 -0.008486 0.001732 -0.712404 0.701717
1776830098.99082 0.018958 0.377064 0.005388 -0.008533 0.001678 -0.712423 0.701696
1776830099.15750 0.019284 0.377419 0.005178 -0.008599 0.001680 -0.712454 0.701665
1776830099.32414 0.020119 0.377808 0.005003 -0.008730 0.001715 -0.712511 0.701605
1776830099.49079 0.020746 0.378190 0.004965 -0.008744 0.001754 -0.712568 0.701547
1776830099.65748 0.021259 0.378476 0.004912 -0.008747 0.001715 -0.712633 0.701481
1776830099.82415 0.021308 0.378465 0.004860 -0.008721 0.001655 -0.712675 0.701439
1776830099.99086 0.020928 0.378512 0.004611 -0.008816 0.001631 -0.712652 0.701461
1776830100.15752 0.021143 0.378978 0.004546 -0.008774 0.001648 -0.712704 0.701408
1776830100.32417 0.021756 0.379868 0.004321 -0.008834 0.001651 -0.712738 0.701373
1776830100.49083 0.020869 0.378526 0.004899 -0.008636 0.001700 -0.712720 0.701394
1776830100.65754 0.021560 0.379018 0.004688 -0.008757 0.001697 -0.712758 0.701353
1776830100.82421 0.022994 0.380458 0.004171 -0.008960 0.001710 -0.712811 0.701297
1776830100.99080 0.023165 0.380812 0.004059 -0.008943 0.001603 -0.712865 0.701242
1776830101.15748 0.024086 0.382168 0.003503 -0.009121 0.001502 -0.712931 0.701173
1776830101.32404 0.024907 0.383304 0.003091 -0.009232 0.001494 -0.712957 0.701146
1776830101.49067 0.025917 0.384539 0.002640 -0.009370 0.001500 -0.713007 0.701093
1776830101.65725 0.026250 0.384980 0.002524 -0.009369 0.001426 -0.713034 0.701066
1776830101.82395 0.026561 0.385496 0.002548 -0.009360 0.001450 -0.713003 0.701097
1776830101.99066 0.026267 0.384881 0.002890 -0.009268 0.001468 -0.712963 0.701139
1776830102.15746 0.024864 0.382441 0.003847 -0.009053 0.001535 -0.712978 0.701127
1776830102.32426 0.024016 0.381133 0.004240 -0.008983 0.001535 -0.712975 0.701130
1776830102.49097 0.023355 0.380100 0.004545 -0.008924 0.001570 -0.712959 0.701147
1776830102.65765 0.023047 0.379856 0.004711 -0.008884 0.001611 -0.712961 0.701145
1776830102.82430 0.022772 0.379420 0.004870 -0.008901 0.001673 -0.712936 0.701171
1776830102.99090 0.020452 0.376686 0.005790 -0.008578 0.001728 -0.712850 0.701262
1776830103.15758 0.020273 0.376449 0.005810 -0.008605 0.001796 -0.712827 0.701284
1776830103.32427 0.020750 0.377049 0.005636 -0.008708 0.001831 -0.712811 0.701300
1776830103.49092 0.021423 0.378249 0.005168 -0.008852 0.001744 -0.712820 0.701289
1776830103.65756 0.021961 0.378923 0.004984 -0.008908 0.001729 -0.712809 0.701300
1776830103.82418 0.022382 0.379391 0.004857 -0.008926 0.001695 -0.712806 0.701302
1776830103.99083 0.022303 0.379167 0.005072 -0.008838 0.001746 -0.712786 0.701324
1776830104.15752 0.022089 0.378860 0.005334 -0.008741 0.001719 -0.712764 0.701348
1776830104.32422 0.021976 0.378658 0.005565 -0.008680 0.001705 -0.712760 0.701352
1776830104.49090 0.021765 0.378151 0.005882 -0.008596 0.001765 -0.712737 0.701377
1776830104.65759 0.021678 0.378201 0.005856 -0.008577 0.001733 -0.712737 0.701377
1776830104.82429 0.021189 0.377550 0.005991 -0.008538 0.001711 -0.712719 0.701395
1776830104.99095 0.021238 0.377955 0.005929 -0.008490 0.001753 -0.712732 0.701383
1776830105.15763 0.021242 0.378358 0.005824 -0.008490 0.001811 -0.712719 0.701396
1776830105.32427 0.021084 0.378296 0.005742 -0.008526 0.001809 -0.712712 0.701403
1776830105.49092 0.020715 0.377857 0.005814 -0.008520 0.001798 -0.712672 0.701443
1776830105.65760 0.020655 0.377806 0.005821 -0.008585 0.001775 -0.712636 0.701479
1776830105.82426 0.020626 0.377708 0.005851 -0.008630 0.001721 -0.712628 0.701487
1776830105.99094 0.021075 0.378097 0.005733 -0.008700 0.001686 -0.712620 0.701494
1776830106.15763 0.021360 0.378216 0.005746 -0.008736 0.001658 -0.712638 0.701476
1776830106.32426 0.021291 0.377995 0.005773 -0.008758 0.001546 -0.712647 0.701467
1776830106.49093 0.021486 0.378275 0.005536 -0.008828 0.001495 -0.712664 0.701448
1776830106.65759 0.021491 0.378385 0.005474 -0.008806 0.001491 -0.712671 0.701441
1776830106.82429 0.021370 0.378382 0.005437 -0.008807 0.001438 -0.712664 0.701449
1776830106.99090 0.021128 0.378396 0.005350 -0.008806 0.001355 -0.712651 0.701462
1776830107.15755 0.021036 0.378545 0.005105 -0.008879 0.001270 -0.712617 0.701496
1776830107.32421 0.021506 0.379303 0.004810 -0.008894 0.001322 -0.712621 0.701491
1776830107.49088 0.021857 0.379752 0.004668 -0.008919 0.001380 -0.712625 0.701487
1776830107.65757 0.022114 0.380003 0.004788 -0.008887 0.001478 -0.712631 0.701481
1776830107.82423 0.022098 0.379895 0.004912 -0.008879 0.001494 -0.712632 0.701481
1776830107.99090 0.022186 0.380057 0.004965 -0.008851 0.001499 -0.712639 0.701474
1776830108.15759 0.022388 0.380361 0.004938 -0.008865 0.001521 -0.712652 0.701460
1776830108.32429 0.022042 0.379668 0.005099 -0.008859 0.001539 -0.712643 0.701469
1776830108.49097 0.021888 0.379210 0.005250 -0.008816 0.001539 -0.712634 0.701478
1776830108.65759 0.022001 0.379328 0.005310 -0.008857 0.001479 -0.712613 0.701500
1776830108.82427 0.022620 0.379587 0.005328 -0.008856 0.001583 -0.712670 0.701442
1776830108.99092 0.022872 0.379711 0.005200 -0.008852 0.001581 -0.712710 0.701401
1776830109.15759 0.022795 0.379607 0.005061 -0.008845 0.001537 -0.712739 0.701372
1776830109.32426 0.022999 0.379560 0.005050 -0.008810 0.001615 -0.712774 0.701337
1776830109.49089 0.023019 0.379407 0.005096 -0.008781 0.001606 -0.712802 0.701308
1776830109.65760 0.022888 0.379143 0.005256 -0.008760 0.001583 -0.712815 0.701295
1776830109.82429 0.022376 0.378233 0.005563 -0.008741 0.001562 -0.712801 0.701310
1776830109.99098 0.022382 0.377994 0.005528 -0.008750 0.001521 -0.712806 0.701305
1776830110.15765 0.022454 0.378212 0.005300 -0.008778 0.001457 -0.712810 0.701301
1776830110.32434 0.022728 0.378621 0.005168 -0.008738 0.001354 -0.712846 0.701265
1776830110.49095 0.022703 0.378761 0.005069 -0.008772 0.001372 -0.712825 0.701286
1776830110.65761 0.022214 0.378623 0.004970 -0.008796 0.001386 -0.712757 0.701355
1776830110.82430 0.022189 0.379294 0.004710 -0.008830 0.001463 -0.712728 0.701384
1776830110.99090 0.022152 0.379291 0.004843 -0.008872 0.001541 -0.712662 0.701449
1776830111.15755 0.021600 0.379520 0.004877 -0.008812 0.001593 -0.712572 0.701542
1776830111.32423 0.021995 0.380311 0.004660 -0.008878 0.001480 -0.712617 0.701496
1776830111.49087 0.022248 0.380583 0.004555 -0.008938 0.001605 -0.712599 0.701513
1776830111.65751 0.022589 0.380657 0.004557 -0.008944 0.001757 -0.712649 0.701462
1776830111.82413 0.023353 0.381402 0.004228 -0.009039 0.001783 -0.712760 0.701347
1776830111.99077 0.024116 0.381960 0.003915 -0.009077 0.001718 -0.712828 0.701278
1776830112.15745 0.024069 0.381562 0.004081 -0.009019 0.001684 -0.712833 0.701274
1776830112.32415 0.023532 0.380689 0.004343 -0.008896 0.001636 -0.712837 0.701271
1776830112.49089 0.023652 0.381243 0.004131 -0.008938 0.001493 -0.712894 0.701213
1776830112.65751 0.024051 0.381941 0.003792 -0.009070 0.001405 -0.712945 0.701160
1776830112.82417 0.024451 0.382332 0.003482 -0.009099 0.001386 -0.713001 0.701103
1776830112.99082 0.024957 0.382902 0.003298 -0.009117 0.001323 -0.713082 0.701020
1776830113.15744 0.025642 0.383459 0.003090 -0.009176 0.001277 -0.713172 0.700928
1776830113.32413 0.026268 0.383764 0.003119 -0.009195 0.001284 -0.713244 0.700855
1776830113.49079 0.026687 0.384310 0.002908 -0.009229 0.001191 -0.713298 0.700799
1776830113.65740 0.026081 0.383195 0.003145 -0.009115 0.001216 -0.713243 0.700857
1776830113.82415 0.025371 0.382380 0.003357 -0.009007 0.001195 -0.713199 0.700902
1776830113.99086 0.024806 0.381858 0.003593 -0.008946 0.001197 -0.713148 0.700955
1776830114.15756 0.024292 0.381362 0.003797 -0.008891 0.001214 -0.713094 0.701011
1776830114.32425 0.024247 0.381209 0.003856 -0.008995 0.001200 -0.713078 0.701026
1776830114.49089 0.025093 0.382732 0.003255 -0.009088 0.001097 -0.713179 0.700922
1776830114.65748 0.025639 0.383370 0.002955 -0.009164 0.001106 -0.713217 0.700883
1776830114.82414 0.025923 0.383570 0.002913 -0.009172 0.001136 -0.713236 0.700863
1776830114.99075 0.026548 0.384782 0.002408 -0.009225 0.001002 -0.713331 0.700766
1776830115.15740 0.027094 0.385776 0.002118 -0.009306 0.000949 -0.713396 0.700699
1776830115.32399 0.027217 0.385926 0.002141 -0.009357 0.000968 -0.713386 0.700709
1776830115.49072 0.026785 0.385378 0.002592 -0.009300 0.001040 -0.713336 0.700759
1776830115.65749 0.025983 0.384251 0.003004 -0.009243 0.001129 -0.713214 0.700884
1776830115.82425 0.025073 0.383125 0.003279 -0.009182 0.001142 -0.713119 0.700982
1776830115.99097 0.024388 0.382231 0.003421 -0.009175 0.001183 -0.713014 0.701089
1776830116.15768 0.024032 0.382326 0.003305 -0.009167 0.001145 -0.713006 0.701097
1776830116.32430 0.023803 0.382466 0.003332 -0.009155 0.001172 -0.712968 0.701136
1776830116.49096 0.023639 0.382751 0.003244 -0.009163 0.001168 -0.712938 0.701166
1776830116.65760 0.023562 0.383202 0.003039 -0.009202 0.001153 -0.712930 0.701174
1776830116.82423 0.023370 0.383129 0.003007 -0.009212 0.001157 -0.712897 0.701207
1776830116.99088 0.023517 0.383543 0.002806 -0.009248 0.001136 -0.712925 0.701179
1776830117.15752 0.023411 0.383179 0.002927 -0.009229 0.001177 -0.712880 0.701224
1776830117.32420 0.023253 0.382633 0.003097 -0.009243 0.001347 -0.712793 0.701313
1776830117.49085 0.023052 0.382249 0.003373 -0.009212 0.001538 -0.712702 0.701405
1776830117.65754 0.022745 0.381752 0.003665 -0.009162 0.001591 -0.712635 0.701473
1776830117.82426 0.022449 0.381340 0.003793 -0.009145 0.001548 -0.712594 0.701516
1776830117.99098 0.022212 0.381217 0.003883 -0.009108 0.001561 -0.712567 0.701543
1776830118.15768 0.021878 0.381021 0.003949 -0.009104 0.001492 -0.712516 0.701595
1776830118.32435 0.021419 0.380644 0.003969 -0.009083 0.001436 -0.712464 0.701649
1776830118.49099 0.021305 0.380462 0.004008 -0.009012 0.001379 -0.712465 0.701648
1776830118.65769 0.021236 0.380496 0.004146 -0.008988 0.001415 -0.712441 0.701673
1776830118.82434 0.021110 0.380369 0.004317 -0.008958 0.001459 -0.712414 0.701700
1776830118.99099 0.021049 0.380411 0.004292 -0.008966 0.001455 -0.712394 0.701721
1776830119.15764 0.021108 0.380544 0.004160 -0.009003 0.001437 -0.712376 0.701738
1776830119.32428 0.021050 0.380490 0.004193 -0.009009 0.001469 -0.712365 0.701750
1776830120.15754 0.022007 0.382313 0.003134 -0.009018 0.001267 -0.712688 0.701422
1776830120.32411 0.021824 0.380176 0.003641 -0.008903 0.001544 -0.712704 0.701406
1776830120.49083 0.021889 0.379137 0.003905 -0.008769 0.001532 -0.712745 0.701367
1776830120.65756 0.021846 0.378574 0.004242 -0.008652 0.001487 -0.712805 0.701307
1776830120.82428 0.021738 0.378138 0.004583 -0.008550 0.001456 -0.712847 0.701266
1776830120.99094 0.021492 0.377720 0.004854 -0.008479 0.001421 -0.712880 0.701233
1776830121.15761 0.021346 0.377559 0.004959 -0.008445 0.001395 -0.712898 0.701215
1776830121.32427 0.021406 0.377549 0.005006 -0.008439 0.001419 -0.712902 0.701212
1776830121.49095 0.021309 0.377303 0.005126 -0.008385 0.001458 -0.712905 0.701209
1776830121.65762 0.021190 0.376920 0.005297 -0.008327 0.001491 -0.712908 0.701206
1776830121.82428 0.021281 0.376592 0.005593 -0.008275 0.001558 -0.712920 0.701195
1776830121.99095 0.021551 0.376778 0.005493 -0.008289 0.001551 -0.712935 0.701180
1776830122.15762 0.021937 0.377178 0.005355 -0.008359 0.001486 -0.712964 0.701149
1776830122.32431 0.022421 0.377963 0.005128 -0.008444 0.001675 -0.712964 0.701148
1776830122.49097 0.022568 0.378102 0.005095 -0.008451 0.001634 -0.712999 0.701112
1776830122.65765 0.022583 0.378020 0.005132 -0.008421 0.001605 -0.713019 0.701092
1776830122.82432 0.022637 0.378102 0.005080 -0.008411 0.001620 -0.713020 0.701091
1776830122.99099 0.022656 0.378219 0.005073 -0.008409 0.001625 -0.713029 0.701082
1776830123.15766 0.022664 0.378304 0.004953 -0.008428 0.001601 -0.713034 0.701077
1776830123.32433 0.022631 0.378380 0.004908 -0.008420 0.001578 -0.713025 0.701086
1776830123.49101 0.022366 0.378047 0.005079 -0.008375 0.001605 -0.713021 0.701090
1776830123.65769 0.022259 0.377989 0.005180 -0.008362 0.001596 -0.713007 0.701105
1776830123.82436 0.022220 0.377843 0.005124 -0.008378 0.001593 -0.713011 0.701101
1776830123.99103 0.022258 0.377874 0.005114 -0.008395 0.001623 -0.712999 0.701113
1776830124.15770 0.022362 0.377969 0.005055 -0.008436 0.001669 -0.713006 0.701105
1776830124.32437 0.022358 0.377916 0.005078 -0.008431 0.001654 -0.713010 0.701101
1776830124.49103 0.022410 0.378037 0.005064 -0.008454 0.001672 -0.713003 0.701108
1776830124.65770 0.022195 0.377933 0.005194 -0.008354 0.001656 -0.713008 0.701104
1776830124.82437 0.021950 0.377667 0.005185 -0.008346 0.001576 -0.713014 0.701098
1776830124.99104 0.021902 0.377600 0.005142 -0.008355 0.001577 -0.713009 0.701104
1776830125.15771 0.021851 0.377330 0.005066 -0.008362 0.001525 -0.713026 0.701086
1776830125.32437 0.022043 0.377347 0.005012 -0.008414 0.001480 -0.713039 0.701072
1776830125.49103 0.022416 0.377672 0.004835 -0.008514 0.001484 -0.713061 0.701049
1776830125.65771 0.022917 0.377943 0.004773 -0.008506 0.001553 -0.713125 0.700983
1776830125.82437 0.022986 0.378377 0.004590 -0.008529 0.001495 -0.713134 0.700974
1776830125.99106 0.022993 0.378731 0.004544 -0.008548 0.001505 -0.713137 0.700971
1776830126.15772 0.022810 0.378784 0.004636 -0.008527 0.001544 -0.713113 0.700995
1776830126.32440 0.022584 0.378778 0.004589 -0.008506 0.001590 -0.713114 0.700994
1776830126.49108 0.022284 0.378652 0.004615 -0.008518 0.001626 -0.713063 0.701047
1776830126.65776 0.022315 0.378431 0.004682 -0.008507 0.001693 -0.713037 0.701073
1776830126.82442 0.022366 0.378232 0.004832 -0.008487 0.001666 -0.713027 0.701083
1776830126.99109 0.022396 0.378007 0.004818 -0.008473 0.001666 -0.713031 0.701080
1776830127.15776 0.022571 0.377986 0.004949 -0.008475 0.001689 -0.713029 0.701081
1776830127.32444 0.022822 0.378142 0.004989 -0.008498 0.001718 -0.713042 0.701068
1776830127.49110 0.022865 0.377921 0.005084 -0.008466 0.001776 -0.713065 0.701045
1776830127.65776 0.023031 0.378060 0.005118 -0.008497 0.001827 -0.713096 0.701013
1776830127.82444 0.023241 0.377866 0.005150 -0.008532 0.001886 -0.713105 0.701003
1776830127.99110 0.023478 0.378114 0.005009 -0.008565 0.001881 -0.713141 0.700965
1776830128.15778 0.023522 0.378293 0.005022 -0.008545 0.001905 -0.713158 0.700949
1776830128.32444 0.023322 0.378205 0.005064 -0.008514 0.001927 -0.713160 0.700947
1776830128.49112 0.023398 0.378236 0.004996 -0.008557 0.001930 -0.713158 0.700948
1776830128.65780 0.023737 0.378160 0.005000 -0.008598 0.001965 -0.713179 0.700927
1776830128.82445 0.024121 0.378211 0.005009 -0.008614 0.002024 -0.713227 0.700877
1776830128.99112 0.024249 0.378139 0.004927 -0.008656 0.001989 -0.713254 0.700849
1776830129.15782 0.024617 0.378341 0.004755 -0.008679 0.001916 -0.713359 0.700742
1776830129.32453 0.024805 0.378636 0.004583 -0.008724 0.001883 -0.713363 0.700738
1776830129.49122 0.024607 0.378789 0.004410 -0.008726 0.001795 -0.713367 0.700734
1776830129.65792 0.024172 0.378707 0.004430 -0.008701 0.001798 -0.713340 0.700761
1776830129.82460 0.024110 0.378939 0.004202 -0.008754 0.001759 -0.713373 0.700727
1776830129.99126 0.024293 0.378828 0.004283 -0.008751 0.001826 -0.713360 0.700741
1776830130.15792 0.024270 0.378468 0.004435 -0.008737 0.001848 -0.713360 0.700741
1776830130.32459 0.024745 0.378363 0.004491 -0.008749 0.001880 -0.713392 0.700708
1776830130.49127 0.025128 0.378258 0.004671 -0.008723 0.001850 -0.713428 0.700672
1776830130.65797 0.025670 0.378610 0.004647 -0.008712 0.001946 -0.713465 0.700634
1776830130.82467 0.025861 0.378640 0.004679 -0.008735 0.001916 -0.713499 0.700600
1776830130.99137 0.025774 0.378484 0.004783 -0.008673 0.002000 -0.713538 0.700560
1776830131.15807 0.025667 0.378625 0.004693 -0.008642 0.002004 -0.713540 0.700558
1776830131.32475 0.025591 0.378913 0.004504 -0.008697 0.001944 -0.713532 0.700566
1776830131.49143 0.025587 0.379183 0.004357 -0.008749 0.001988 -0.713524 0.700574
1776830131.65809 0.025595 0.379296 0.004320 -0.008734 0.001998 -0.713571 0.700526
1776830131.82476 0.025772 0.379299 0.004364 -0.008738 0.002069 -0.713659 0.700436
1776830131.99141 0.026084 0.379683 0.004346 -0.008787 0.002079 -0.713704 0.700390
1776830132.15809 0.026244 0.379733 0.004392 -0.008806 0.002107 -0.713645 0.700449
1776830132.32475 0.026353 0.379755 0.004310 -0.008854 0.002125 -0.713613 0.700481
1776830132.49141 0.026107 0.379899 0.004326 -0.008778 0.002111 -0.713583 0.700512
1776830132.65816 0.025569 0.379738 0.004403 -0.008766 0.001996 -0.713525 0.700572
1776830132.82488 0.025183 0.379667 0.004388 -0.008754 0.001913 -0.713479 0.700619
1776830132.99155 0.024499 0.379526 0.004378 -0.008746 0.001872 -0.713417 0.700683
1776830133.15823 0.024224 0.379818 0.004195 -0.008787 0.001859 -0.713350 0.700750
1776830133.32489 0.024146 0.379903 0.004158 -0.008810 0.001908 -0.713290 0.700811
1776830133.49154 0.024237 0.379978 0.004227 -0.008814 0.001994 -0.713256 0.700846
1776830133.65815 0.024092 0.380240 0.004163 -0.008827 0.002021 -0.713212 0.700890
1776830133.82485 0.024170 0.380242 0.004146 -0.008860 0.002068 -0.713184 0.700918
1776830133.99152 0.024253 0.380284 0.004111 -0.008876 0.002065 -0.713172 0.700930
1776830134.15819 0.023978 0.379989 0.004247 -0.008833 0.002070 -0.713160 0.700943
1776830134.32491 0.023719 0.379967 0.004169 -0.008870 0.002070 -0.713139 0.700964
1776830134.49162 0.023420 0.379959 0.004171 -0.008835 0.001990 -0.713105 0.700999
1776830134.65832 0.023085 0.379733 0.004200 -0.008814 0.001936 -0.713076 0.701028
1776830134.82499 0.022702 0.379237 0.004386 -0.008745 0.001932 -0.713048 0.701058
1776830134.99163 0.023014 0.379843 0.004147 -0.008864 0.002066 -0.713038 0.701067
1776830135.15827 0.023339 0.380132 0.004033 -0.008946 0.002180 -0.713026 0.701078
1776830135.32487 0.023439 0.380062 0.004179 -0.008932 0.002271 -0.713015 0.701088
1776830135.49152 0.023587 0.380037 0.004205 -0.008933 0.002316 -0.713000 0.701104
1776830135.65823 0.023511 0.379972 0.004306 -0.008880 0.002300 -0.713000 0.701104
1776830135.82500 0.023538 0.380228 0.004259 -0.008886 0.002233 -0.712985 0.701119
1776830135.99178 0.023289 0.380222 0.004234 -0.008873 0.002249 -0.712983 0.701121
1776830136.15849 0.023016 0.380044 0.004288 -0.008880 0.002252 -0.712961 0.701143
1776830136.32516 0.023061 0.379859 0.004400 -0.008888 0.002240 -0.712960 0.701145
1776830136.49180 0.023070 0.379351 0.004506 -0.008887 0.002126 -0.712990 0.701115
1776830136.65846 0.023177 0.379077 0.004595 -0.008853 0.002045 -0.713044 0.701061
1776830136.82514 0.023249 0.378814 0.004629 -0.008830 0.001973 -0.713094 0.701010
1776830136.99183 0.023208 0.379079 0.004556 -0.008819 0.001929 -0.713104 0.701000
1776830137.15854 0.023161 0.379171 0.004561 -0.008794 0.001882 -0.713126 0.700978
1776830137.32521 0.023063 0.379287 0.004490 -0.008803 0.001840 -0.713095 0.701010
1776830137.49192 0.023093 0.379209 0.004191 -0.008828 0.001851 -0.713122 0.700982
1776830137.65864 0.023025 0.379266 0.004224 -0.008793 0.001824 -0.713115 0.700989
1776830137.82530 0.022913 0.379257 0.004258 -0.008789 0.001841 -0.713085 0.701020
1776830137.99195 0.022733 0.379336 0.004387 -0.008725 0.001861 -0.713065 0.701041
1776830138.15863 0.022616 0.379291 0.004546 -0.008654 0.001918 -0.713033 0.701074
1776830138.32529 0.022744 0.379109 0.004662 -0.008645 0.001979 -0.713027 0.701081
1776830138.49193 0.022943 0.379014 0.004685 -0.008652 0.001987 -0.713042 0.701065
1776830138.65863 0.023001 0.378951 0.004614 -0.008666 0.001977 -0.713065 0.701042
1776830138.82533 0.023135 0.378981 0.004495 -0.008741 0.001938 -0.713081 0.701025
1776830138.99202 0.023096 0.379016 0.004422 -0.008751 0.001952 -0.713077 0.701028
1776830139.15873 0.023039 0.378993 0.004490 -0.008729 0.001967 -0.713085 0.701021
1776830139.32539 0.023059 0.379050 0.004473 -0.008718 0.001922 -0.713104 0.701001
1776830139.49207 0.023036 0.379033 0.004566 -0.008694 0.001931 -0.713108 0.700997
1776830139.65874 0.022974 0.379027 0.004529 -0.008696 0.001926 -0.713108 0.700998
1776830139.82541 0.023058 0.379043 0.004488 -0.008732 0.001923 -0.713097 0.701008
1776830139.99206 0.023046 0.379040 0.004417 -0.008707 0.001892 -0.713091 0.701015
1776830140.15873 0.023119 0.378954 0.004522 -0.008676 0.002031 -0.713093 0.701013
1776830140.32540 0.023249 0.378891 0.004631 -0.008684 0.002111 -0.713103 0.701003
1776830140.49205 0.023299 0.378907 0.004699 -0.008691 0.002151 -0.713106 0.700999
1776830140.65874 0.023317 0.378886 0.004652 -0.008707 0.002216 -0.713104 0.701001
1776830140.82542 0.023358 0.378949 0.004705 -0.008711 0.002231 -0.713102 0.701003
1776830140.99212 0.023330 0.379031 0.004720 -0.008733 0.002208 -0.713100 0.701004
1776830141.15883 0.023275 0.379108 0.004775 -0.008755 0.002239 -0.713074 0.701031
1776830141.32549 0.023345 0.379062 0.004730 -0.008757 0.002176 -0.713116 0.700988
1776830141.49215 0.023336 0.379053 0.004697 -0.008733 0.002162 -0.713129 0.700975
1776830141.65884 0.023353 0.379049 0.004714 -0.008699 0.002180 -0.713116 0.700989
1776830141.82550 0.023460 0.379030 0.004669 -0.008712 0.002223 -0.713102 0.701003
1776830141.99216 0.023460 0.379035 0.004684 -0.008708 0.002274 -0.713106 0.700999
1776830142.15884 0.023455 0.379021 0.004760 -0.008722 0.002300 -0.713109 0.700995
1776830142.32551 0.023602 0.379057 0.004727 -0.008765 0.002182 -0.713159 0.700944
1776830142.49223 0.023671 0.379082 0.004646 -0.008768 0.002078 -0.713219 0.700883
1776830142.65892 0.023733 0.379099 0.004452 -0.008774 0.002010 -0.713256 0.700845
1776830142.82558 0.023816 0.379114 0.004329 -0.008812 0.001953 -0.713291 0.700810
1776830142.99225 0.023922 0.379089 0.004253 -0.008844 0.001854 -0.713323 0.700777
1776830143.15894 0.024033 0.379018 0.004211 -0.008853 0.001829 -0.713358 0.700741
1776830143.32559 0.024117 0.379006 0.004187 -0.008859 0.001782 -0.713386 0.700713
1776830143.49226 0.024184 0.379006 0.004169 -0.008871 0.001774 -0.713420 0.700678
1776830143.65893 0.024197 0.378964 0.004223 -0.008865 0.001759 -0.713438 0.700660
1776830143.82560 0.024231 0.378963 0.004163 -0.008896 0.001695 -0.713454 0.700644
1776830143.99229 0.024247 0.379006 0.004092 -0.008864 0.001660 -0.713486 0.700612
1776830144.15896 0.024170 0.379065 0.004030 -0.008882 0.001566 -0.713482 0.700616
1776830144.32561 0.024131 0.379084 0.003969 -0.008854 0.001534 -0.713504 0.700593
1776830144.49230 0.024086 0.379062 0.003922 -0.008855 0.001534 -0.713512 0.700586
1776830144.65897 0.024128 0.379060 0.003882 -0.008838 0.001561 -0.713516 0.700581
1776830144.82566 0.024139 0.379027 0.003959 -0.008840 0.001547 -0.713520 0.700578
1776830144.99232 0.024161 0.379041 0.004010 -0.008853 0.001544 -0.713512 0.700585
1776830145.15898 0.024213 0.378981 0.003968 -0.008867 0.001527 -0.713525 0.700572
1776830145.32565 0.024271 0.378931 0.003961 -0.008883 0.001552 -0.713537 0.700560
1776830145.49233 0.024361 0.378865 0.003959 -0.008901 0.001542 -0.713564 0.700532
1776830145.65901 0.024407 0.378888 0.003926 -0.008902 0.001545 -0.713575 0.700520
1776830145.82566 0.024447 0.378817 0.003944 -0.008901 0.001522 -0.713583 0.700513
1776830145.99233 0.024545 0.378775 0.003999 -0.008882 0.001536 -0.713610 0.700485
1776830146.15900 0.024591 0.378702 0.003977 -0.008858 0.001599 -0.713618 0.700477
1776830146.32567 0.024645 0.378739 0.003967 -0.008878 0.001608 -0.713642 0.700452
1776830146.49235 0.024629 0.378729 0.003965 -0.008911 0.001565 -0.713639 0.700456
1776830146.65901 0.024619 0.378746 0.003954 -0.008905 0.001562 -0.713638 0.700457
1776830146.82569 0.024682 0.378666 0.004000 -0.008890 0.001531 -0.713663 0.700431
1776830146.99237 0.024694 0.378683 0.003941 -0.008900 0.001500 -0.713686 0.700408
1776830147.15903 0.024728 0.378607 0.003910 -0.008894 0.001486 -0.713673 0.700421
1776830147.32570 0.024770 0.378608 0.003791 -0.008911 0.001467 -0.713678 0.700416
1776830147.49234 0.024780 0.378583 0.003899 -0.008909 0.001452 -0.713697 0.700397
1776830147.65901 0.024800 0.378563 0.003870 -0.008924 0.001435 -0.713695 0.700399
1776830147.82568 0.024804 0.378628 0.003897 -0.008918 0.001449 -0.713708 0.700385
1776830147.99235 0.024824 0.378650 0.003851 -0.008910 0.001467 -0.713725 0.700368
1776830148.15904 0.024822 0.378593 0.003798 -0.008952 0.001447 -0.713735 0.700357
1776830148.32573 0.024815 0.378605 0.003812 -0.008954 0.001420 -0.713743 0.700349
1776830148.49240 0.024786 0.378641 0.003898 -0.008901 0.001477 -0.713737 0.700356
1776830148.65906 0.024670 0.378681 0.003956 -0.008905 0.001458 -0.713720 0.700373
1776830148.82573 0.024791 0.378694 0.003935 -0.008932 0.001511 -0.713736 0.700357
1776830148.99241 0.024865 0.378658 0.003979 -0.008914 0.001536 -0.713741 0.700352
1776830149.15907 0.024867 0.378581 0.004099 -0.008863 0.001585 -0.713712 0.700381
1776830149.32574 0.024864 0.378527 0.004061 -0.008872 0.001552 -0.713728 0.700365
1776830149.49242 0.024793 0.378541 0.004050 -0.008888 0.001587 -0.713716 0.700377
1776830149.65909 0.024621 0.378706 0.004108 -0.008878 0.001544 -0.713718 0.700375
1776830149.82575 0.024518 0.378755 0.004113 -0.008899 0.001531 -0.713696 0.700397
1776830149.99243 0.024563 0.378762 0.004101 -0.008948 0.001514 -0.713702 0.700390
1776830150.15910 0.024520 0.378786 0.003959 -0.008978 0.001476 -0.713702 0.700390
1776830150.32576 0.024494 0.378757 0.003977 -0.008951 0.001533 -0.713684 0.700409
1776830150.49247 0.024447 0.378763 0.004039 -0.008937 0.001531 -0.713671 0.700422
1776830150.65914 0.024455 0.378713 0.004033 -0.008954 0.001508 -0.713672 0.700421
1776830150.82581 0.024536 0.378654 0.004130 -0.008962 0.001486 -0.713676 0.700417
1776830150.99247 0.024724 0.378478 0.004091 -0.008977 0.001545 -0.713685 0.700407
1776830151.15914 0.024907 0.378456 0.004150 -0.008931 0.001558 -0.713717 0.700375
1776830151.32581 0.024976 0.378464 0.004089 -0.008921 0.001584 -0.713743 0.700349
1776830151.49253 0.024727 0.378644 0.004131 -0.008906 0.001533 -0.713744 0.700348
1776830151.65921 0.024624 0.378648 0.004206 -0.008881 0.001523 -0.713737 0.700356
1776830151.82588 0.024592 0.378792 0.004176 -0.008892 0.001556 -0.713731 0.700362
1776830151.99252 0.024496 0.378825 0.004276 -0.008856 0.001573 -0.713720 0.700374
1776830152.15921 0.024576 0.378667 0.004387 -0.008835 0.001606 -0.713710 0.700384
1776830152.32590 0.024663 0.378672 0.004474 -0.008844 0.001626 -0.713722 0.700371
1776830152.49258 0.024647 0.378740 0.004391 -0.008848 0.001603 -0.713723 0.700370
1776830152.65924 0.024632 0.378746 0.004466 -0.008851 0.001596 -0.713729 0.700365
1776830152.82592 0.024610 0.378693 0.004496 -0.008844 0.001598 -0.713716 0.700378
1776830152.99259 0.024717 0.378623 0.004503 -0.008859 0.001621 -0.713712 0.700382
1776830153.15925 0.024877 0.378532 0.004454 -0.008880 0.001645 -0.713726 0.700367
1776830153.32591 0.025022 0.378458 0.004404 -0.008883 0.001648 -0.713743 0.700349
1776830153.49258 0.025018 0.378406 0.004323 -0.008898 0.001618 -0.713754 0.700338
1776830153.65928 0.025108 0.378442 0.004249 -0.008884 0.001621 -0.713784 0.700307
1776830153.82593 0.024997 0.378600 0.004263 -0.008890 0.001531 -0.713801 0.700290
1776830153.99261 0.024874 0.378659 0.004298 -0.008879 0.001474 -0.713790 0.700302
1776830154.15928 0.024781 0.378710 0.004259 -0.008858 0.001472 -0.713784 0.700308
1776830154.32594 0.024732 0.378700 0.004308 -0.008828 0.001468 -0.713760 0.700334
1776830154.49261 0.024802 0.378664 0.004291 -0.008867 0.001446 -0.713764 0.700329
1776830154.65929 0.024932 0.378617 0.004303 -0.008828 0.001471 -0.713781 0.700312
1776830154.82596 0.025152 0.378460 0.004357 -0.008825 0.001539 -0.713809 0.700283
1776830154.99262 0.025272 0.378394 0.004398 -0.008809 0.001505 -0.713835 0.700257
1776830155.15929 0.025273 0.378519 0.004256 -0.008847 0.001436 -0.713868 0.700223
1776830155.32595 0.025177 0.378610 0.004228 -0.008831 0.001432 -0.713884 0.700206
1776830155.49261 0.025168 0.378634 0.004369 -0.008781 0.001479 -0.713885 0.700207
1776830155.65930 0.025064 0.378667 0.004443 -0.008727 0.001514 -0.713861 0.700232
1776830155.82597 0.025049 0.378639 0.004532 -0.008724 0.001535 -0.713852 0.700241
1776830155.99265 0.025008 0.378643 0.004567 -0.008724 0.001553 -0.713839 0.700254
1776830156.15932 0.025090 0.378581 0.004568 -0.008726 0.001584 -0.713833 0.700260
1776830156.32598 0.025216 0.378508 0.004509 -0.008721 0.001643 -0.713851 0.700241
1776830156.49266 0.025387 0.378420 0.004505 -0.008733 0.001698 -0.713882 0.700209
1776830156.65934 0.025452 0.378363 0.004492 -0.008757 0.001673 -0.713898 0.700193
1776830156.82603 0.025445 0.378438 0.004544 -0.008735 0.001653 -0.713918 0.700172
1776830156.99270 0.025339 0.378590 0.004567 -0.008738 0.001634 -0.713907 0.700184
1776830157.15937 0.025221 0.378657 0.004613 -0.008752 0.001572 -0.713895 0.700196
1776830157.32604 0.025183 0.378682 0.004579 -0.008757 0.001584 -0.713884 0.700207
1776830157.49271 0.025202 0.378699 0.004520 -0.008808 0.001524 -0.713879 0.700212
1776830157.65938 0.025199 0.378704 0.004531 -0.008800 0.001537 -0.713875 0.700216
1776830157.82604 0.025240 0.378632 0.004617 -0.008750 0.001570 -0.713883 0.700209
1776830157.99271 0.025359 0.378595 0.004545 -0.008780 0.001532 -0.713895 0.700196
1776830158.15938 0.025365 0.378621 0.004461 -0.008764 0.001531 -0.713903 0.700188
1776830158.32607 0.025441 0.378570 0.004450 -0.008769 0.001559 -0.713914 0.700177
1776830158.49272 0.025383 0.378600 0.004397 -0.008773 0.001534 -0.713911 0.700180
1776830158.65938 0.025452 0.378560 0.004490 -0.008768 0.001601 -0.713920 0.700171
1776830158.82604 0.025429 0.378566 0.004565 -0.008769 0.001568 -0.713916 0.700175
1776830158.99270 0.025496 0.378645 0.004477 -0.008809 0.001531 -0.713950 0.700140
1776830159.15938 0.025487 0.378670 0.004401 -0.008811 0.001514 -0.713954 0.700135
1776830159.32605 0.025547 0.378675 0.004427 -0.008814 0.001486 -0.713961 0.700128
1776830159.49272 0.025545 0.378640 0.004481 -0.008755 0.001517 -0.713971 0.700119
1776830159.65939 0.025701 0.378529 0.004440 -0.008784 0.001574 -0.713970 0.700120
1776830159.82605 0.025730 0.378529 0.004368 -0.008809 0.001539 -0.713967 0.700123
1776830159.99271 0.025678 0.378557 0.004393 -0.008801 0.001539 -0.713975 0.700114
1776830160.15939 0.025633 0.378715 0.004489 -0.008801 0.001547 -0.713978 0.700111
1776830160.32602 0.025602 0.378718 0.004375 -0.008823 0.001518 -0.713984 0.700105
1776830160.49270 0.025558 0.378783 0.004329 -0.008859 0.001521 -0.713974 0.700114
1776830160.65937 0.025552 0.378836 0.004384 -0.008841 0.001514 -0.713970 0.700119
1776830160.82604 0.025550 0.378811 0.004349 -0.008850 0.001480 -0.713953 0.700136
1776830160.99272 0.025512 0.378790 0.004347 -0.008834 0.001481 -0.713940 0.700150
1776830161.15940 0.025627 0.378737 0.004444 -0.008818 0.001550 -0.713945 0.700144
1776830161.32606 0.025747 0.378646 0.004470 -0.008807 0.001556 -0.713949 0.700140
1776830161.49273 0.025849 0.378611 0.004415 -0.008856 0.001548 -0.713955 0.700134
1776830161.65938 0.025854 0.378606 0.004456 -0.008806 0.001573 -0.713956 0.700133
1776830161.82607 0.025798 0.378698 0.004517 -0.008769 0.001513 -0.713980 0.700110
1776830161.99275 0.025689 0.378813 0.004418 -0.008800 0.001500 -0.713965 0.700124
1776830162.15941 0.025762 0.378919 0.004356 -0.008821 0.001539 -0.713968 0.700121
1776830162.32608 0.025875 0.379153 0.004193 -0.008884 0.001494 -0.713967 0.700122
1776830162.49275 0.026116 0.379622 0.004046 -0.008919 0.001510 -0.713957 0.700131
1776830162.65940 0.026173 0.379522 0.004073 -0.008907 0.001581 -0.713952 0.700137
1776830162.82607 0.026297 0.379692 0.004057 -0.008904 0.001594 -0.713965 0.700123
1776830162.99274 0.026516 0.379693 0.003998 -0.008947 0.001589 -0.713968 0.700119
1776830163.15940 0.028368 0.382986 0.002959 -0.009230 0.001753 -0.713871 0.700214
1776830163.32605 0.028901 0.384188 0.002716 -0.009296 0.001911 -0.713804 0.700282
1776830163.49270 0.029029 0.384793 0.002726 -0.009333 0.002062 -0.713738 0.700348
1776830163.65941 0.028989 0.385107 0.002721 -0.009341 0.002138 -0.713684 0.700402
1776830163.82613 0.029036 0.385405 0.002693 -0.009390 0.002224 -0.713637 0.700449
1776830163.99286 0.028621 0.384680 0.003069 -0.009282 0.002203 -0.713602 0.700486
1776830164.15957 0.028519 0.384458 0.003129 -0.009308 0.002314 -0.713586 0.700502
1776830164.32627 0.028377 0.384253 0.003191 -0.009292 0.002329 -0.713570 0.700519
1776830164.49295 0.028263 0.384089 0.003275 -0.009297 0.002403 -0.713561 0.700528
1776830164.65964 0.028053 0.383481 0.003518 -0.009283 0.002287 -0.713574 0.700515
1776830164.82632 0.027448 0.382457 0.003786 -0.009226 0.002164 -0.713615 0.700474
1776830164.99305 0.026768 0.381258 0.003997 -0.009191 0.002034 -0.713663 0.700426
1776830165.15973 0.026360 0.380487 0.004060 -0.009188 0.001911 -0.713706 0.700382
1776830165.32640 0.026242 0.380298 0.004005 -0.009211 0.001797 -0.713752 0.700336
1776830165.49307 0.026093 0.380078 0.004065 -0.009208 0.001734 -0.713777 0.700311
1776830165.65973 0.026348 0.380353 0.003947 -0.009246 0.001715 -0.713799 0.700287
1776830165.82638 0.026514 0.380312 0.003985 -0.009212 0.001750 -0.713818 0.700269
1776830165.99304 0.026640 0.380268 0.003991 -0.009201 0.001702 -0.713867 0.700219
1776830166.15970 0.026993 0.380612 0.003946 -0.009149 0.001741 -0.713887 0.700199
1776830166.32636 0.027233 0.380850 0.003947 -0.009128 0.001682 -0.713920 0.700166
1776830166.49305 0.027185 0.380676 0.004069 -0.009087 0.001665 -0.713949 0.700137
1776830166.65971 0.027218 0.380641 0.004181 -0.009038 0.001687 -0.713967 0.700119
1776830166.82640 0.027155 0.380524 0.004153 -0.009021 0.001686 -0.713985 0.700101
1776830166.99306 0.027298 0.380714 0.004163 -0.009030 0.001652 -0.713987 0.700098
1776830167.15974 0.027244 0.380496 0.004346 -0.008988 0.001698 -0.714018 0.700067
1776830167.32641 0.027251 0.380552 0.004336 -0.008960 0.001697 -0.714030 0.700056
1776830167.49308 0.027362 0.380604 0.004232 -0.008960 0.001703 -0.714047 0.700038
1776830167.65975 0.027486 0.380689 0.004185 -0.008980 0.001741 -0.714045 0.700040
1776830167.82643 0.027579 0.380711 0.004138 -0.008999 0.001713 -0.714053 0.700032
1776830167.99310 0.027520 0.380496 0.004227 -0.008991 0.001709 -0.714070 0.700014
1776830168.15976 0.027552 0.380422 0.004363 -0.008977 0.001691 -0.714095 0.699989
1776830168.32643 0.027512 0.380274 0.004366 -0.009006 0.001661 -0.714105 0.699978
1776830168.49311 0.027530 0.380325 0.004227 -0.009022 0.001605 -0.714129 0.699955
1776830168.65977 0.027595 0.380285 0.004194 -0.009017 0.001616 -0.714158 0.699924
1776830168.82644 0.027800 0.380660 0.004123 -0.009015 0.001597 -0.714139 0.699944
1776830168.99311 0.027729 0.380424 0.004242 -0.009004 0.001603 -0.714150 0.699933
1776830169.15978 0.027913 0.380629 0.004127 -0.009020 0.001590 -0.714170 0.699913
1776830169.32645 0.028195 0.380945 0.003992 -0.009049 0.001595 -0.714193 0.699888
1776830169.49312 0.028299 0.381289 0.003879 -0.009048 0.001586 -0.714194 0.699888
1776830169.65977 0.028163 0.381223 0.003933 -0.009038 0.001568 -0.714188 0.699893
1776830169.82645 0.027999 0.381076 0.004004 -0.009014 0.001597 -0.714187 0.699895
1776830169.99312 0.028115 0.381372 0.003853 -0.009050 0.001555 -0.714157 0.699925
1776830170.15979 0.027895 0.381070 0.004028 -0.009011 0.001609 -0.714158 0.699925
1776830170.32646 0.027967 0.380965 0.004015 -0.009037 0.001617 -0.714173 0.699909
1776830170.49313 0.027991 0.380815 0.004038 -0.009055 0.001616 -0.714192 0.699890
1776830170.65981 0.028191 0.380908 0.003972 -0.009032 0.001625 -0.714205 0.699876
1776830170.82646 0.028431 0.380997 0.003981 -0.009013 0.001634 -0.714216 0.699866
1776830170.99315 0.028465 0.381078 0.004004 -0.008989 0.001619 -0.714220 0.699862
1776830171.15981 0.028493 0.381093 0.004019 -0.008961 0.001642 -0.714225 0.699857
1776830171.32650 0.028456 0.380849 0.004132 -0.008935 0.001639 -0.714249 0.699833
1776830171.49316 0.028454 0.380821 0.004024 -0.008959 0.001582 -0.714273 0.699809
1776830171.65980 0.028440 0.380776 0.003991 -0.008970 0.001549 -0.714296 0.699785
1776830171.82650 0.028251 0.380598 0.004102 -0.008962 0.001574 -0.714292 0.699789
1776830171.99319 0.028287 0.380669 0.004092 -0.009009 0.001576 -0.714293 0.699787
1776830172.15986 0.028463 0.380887 0.004028 -0.009063 0.001570 -0.714283 0.699797
1776830172.32652 0.028575 0.381043 0.003978 -0.009038 0.001609 -0.714282 0.699797
1776830172.49319 0.028711 0.381138 0.003947 -0.009038 0.001633 -0.714281 0.699799
1776830172.65985 0.028774 0.381081 0.003887 -0.009031 0.001637 -0.714286 0.699794
1776830172.82652 0.028734 0.380890 0.003920 -0.008992 0.001645 -0.714307 0.699773
1776830172.99318 0.028927 0.380679 0.004031 -0.009029 0.001667 -0.714307 0.699772
1776830173.15986 0.029153 0.380565 0.004001 -0.009057 0.001632 -0.714344 0.699734
1776830173.32652 0.029231 0.380507 0.003911 -0.009083 0.001538 -0.714390 0.699687
1776830173.49320 0.029478 0.380699 0.003920 -0.009076 0.001539 -0.714419 0.699658
1776830173.65988 0.029267 0.380341 0.004021 -0.009077 0.001500 -0.714434 0.699642
1776830173.82656 0.029558 0.380809 0.003886 -0.009100 0.001481 -0.714436 0.699640
1776830173.99322 0.029604 0.380854 0.003936 -0.009062 0.001529 -0.714441 0.699635
1776830174.15989 0.029862 0.381141 0.003927 -0.009083 0.001548 -0.714469 0.699607
1776830174.32656 0.030189 0.381002 0.003972 -0.009113 0.001623 -0.714493 0.699582
1776830174.49321 0.030326 0.380856 0.004042 -0.009067 0.001641 -0.714522 0.699552
1776830174.65989 0.030301 0.380539 0.004120 -0.009024 0.001617 -0.714567 0.699507
1776830174.82657 0.030295 0.380438 0.004174 -0.008966 0.001636 -0.714579 0.699495
1776830174.99326 0.030466 0.380525 0.004247 -0.008969 0.001631 -0.714613 0.699461
1776830175.15996 0.032849 0.384859 0.002897 -0.009282 0.001767 -0.714477 0.699595
1776830175.32659 0.033542 0.386235 0.002581 -0.009347 0.001854 -0.714426 0.699646
1776830175.49329 0.033870 0.386865 0.002497 -0.009374 0.002005 -0.714379 0.699693
1776830175.65995 0.033978 0.387129 0.002586 -0.009368 0.002106 -0.714330 0.699743
1776830175.82663 0.033854 0.386991 0.002597 -0.009358 0.002114 -0.714301 0.699773
1776830175.99340 0.033692 0.386968 0.002754 -0.009334 0.002228 -0.714281 0.699793
1776830176.16018 0.033507 0.386730 0.002818 -0.009352 0.002272 -0.714250 0.699824
1776830176.32687 0.033450 0.386626 0.002997 -0.009325 0.002335 -0.714240 0.699835
1776830176.49357 0.032725 0.385376 0.003441 -0.009251 0.002278 -0.714259 0.699817
1776830176.66027 0.031815 0.383860 0.003960 -0.009117 0.002228 -0.714288 0.699789
1776830176.82698 0.030947 0.382220 0.004450 -0.009036 0.002154 -0.714341 0.699736
1776830176.99368 0.029990 0.380774 0.004594 -0.008964 0.002037 -0.714401 0.699676
1776830177.16037 0.029590 0.380162 0.004636 -0.008954 0.001982 -0.714447 0.699630
1776830177.32703 0.029556 0.379939 0.004696 -0.008988 0.001975 -0.714494 0.699581
1776830177.49369 0.029496 0.379587 0.004752 -0.008983 0.001937 -0.714527 0.699547
1776830177.66036 0.029576 0.379651 0.004597 -0.009051 0.001832 -0.714560 0.699514
1776830177.82703 0.029754 0.379805 0.004441 -0.009053 0.001821 -0.714585 0.699488
1776830177.99370 0.029848 0.379705 0.004477 -0.009045 0.001839 -0.714612 0.699461
1776830178.16037 0.030299 0.379833 0.004344 -0.009083 0.001824 -0.714634 0.699437
1776830178.32703 0.030672 0.380041 0.004334 -0.009090 0.001779 -0.714670 0.699401
1776830178.49370 0.031080 0.380585 0.004252 -0.009057 0.001756 -0.714692 0.699379
1776830178.66038 0.030988 0.380775 0.004236 -0.008998 0.001706 -0.714704 0.699367
1776830178.82705 0.031042 0.380941 0.004046 -0.009045 0.001680 -0.714728 0.699342
1776830178.99374 0.031144 0.380970 0.004092 -0.009051 0.001721 -0.714750 0.699319
1776830179.16039 0.031180 0.381096 0.004172 -0.008986 0.001730 -0.714748 0.699322
1776830179.32705 0.030966 0.380696 0.004333 -0.008980 0.001716 -0.714753 0.699317
1776830179.49373 0.030923 0.380675 0.004370 -0.008991 0.001692 -0.714768 0.699302
1776830179.66041 0.031095 0.380859 0.004196 -0.009003 0.001669 -0.714778 0.699292
1776830179.82708 0.031203 0.380985 0.004117 -0.009046 0.001670 -0.714799 0.699270
1776830179.99375 0.031113 0.380811 0.004143 -0.009049 0.001653 -0.714802 0.699267
1776830180.16042 0.031248 0.380956 0.004145 -0.009020 0.001671 -0.714813 0.699255
1776830180.32708 0.031313 0.381345 0.004111 -0.009012 0.001649 -0.714815 0.699253
1776830180.49375 0.031280 0.381442 0.004148 -0.009016 0.001633 -0.714826 0.699242
1776830180.66042 0.031120 0.381373 0.004178 -0.009017 0.001642 -0.714811 0.699258
1776830180.82709 0.031115 0.381299 0.004334 -0.008982 0.001716 -0.714801 0.699268
1776830180.99376 0.031123 0.381493 0.004298 -0.008997 0.001700 -0.714795 0.699274
1776830181.16042 0.031105 0.381399 0.004301 -0.009020 0.001708 -0.714795 0.699274
1776830181.32708 0.031269 0.381109 0.004347 -0.009006 0.001766 -0.714800 0.699269
1776830181.49375 0.031302 0.381045 0.004276 -0.009027 0.001698 -0.714816 0.699253
1776830181.66044 0.031324 0.381032 0.004273 -0.009046 0.001658 -0.714836 0.699232
1776830181.82711 0.031437 0.381208 0.004248 -0.009060 0.001664 -0.714851 0.699216
1776830181.99378 0.031318 0.381016 0.004362 -0.008999 0.001693 -0.714842 0.699226
1776830182.16045 0.031413 0.381131 0.004304 -0.009010 0.001682 -0.714850 0.699218
1776830182.32711 0.031249 0.380981 0.004415 -0.008955 0.001666 -0.714845 0.699224
1776830182.49378 0.031265 0.381088 0.004425 -0.008945 0.001648 -0.714851 0.699217
1776830182.66045 0.031615 0.381372 0.004247 -0.009022 0.001637 -0.714875 0.699193
1776830182.82712 0.031589 0.381267 0.004250 -0.008996 0.001646 -0.714866 0.699202
1776830182.99380 0.031459 0.381148 0.004307 -0.008965 0.001630 -0.714873 0.699195
1776830183.16046 0.031571 0.381476 0.004242 -0.008984 0.001594 -0.714872 0.699196
1776830183.32713 0.031541 0.381670 0.004215 -0.008996 0.001576 -0.714858 0.699210
1776830183.49380 0.031592 0.381669 0.004132 -0.009024 0.001599 -0.714854 0.699214
1776830183.66046 0.031872 0.382115 0.003971 -0.009060 0.001573 -0.714857 0.699210
1776830183.82714 0.031879 0.382094 0.004006 -0.009037 0.001592 -0.714857 0.699210
1776830183.99382 0.032014 0.381956 0.003943 -0.009074 0.001615 -0.714856 0.699211
1776830184.16048 0.032249 0.382336 0.003841 -0.009093 0.001587 -0.714881 0.699186
1776830184.32716 0.034726 0.386768 0.002457 -0.009403 0.001749 -0.714719 0.699347
1776830184.49380 0.035454 0.388064 0.002286 -0.009418 0.001828 -0.714663 0.699404
1776830184.66045 0.035732 0.388768 0.002291 -0.009425 0.001952 -0.714605 0.699462
1776830184.82715 0.035336 0.388962 0.002388 -0.009361 0.002016 -0.714555 0.699514
1776830184.99389 0.035019 0.389161 0.002427 -0.009374 0.002076 -0.714488 0.699582
1776830185.16060 0.034834 0.389267 0.002479 -0.009388 0.002211 -0.714425 0.699646
1776830185.32729 0.034466 0.388969 0.002591 -0.009389 0.002278 -0.714371 0.699700
1776830185.49398 0.034242 0.388719 0.002728 -0.009409 0.002293 -0.714322 0.699750
1776830185.66067 0.033919 0.388350 0.002877 -0.009404 0.002244 -0.714286 0.699787
1776830185.82739 0.033822 0.388175 0.003000 -0.009408 0.002218 -0.714257 0.699817
1776830185.99409 0.033949 0.388470 0.002772 -0.009451 0.002234 -0.714243 0.699831
1776830186.16077 0.033818 0.388366 0.002771 -0.009461 0.002188 -0.714227 0.699847
1776830186.32747 0.033728 0.388238 0.002843 -0.009481 0.002182 -0.714216 0.699858
1776830186.49413 0.033587 0.388107 0.002892 -0.009469 0.002175 -0.714197 0.699877
1776830186.66079 0.033301 0.387727 0.003000 -0.009454 0.002117 -0.714187 0.699888
1776830186.82750 0.033310 0.387734 0.002892 -0.009505 0.002084 -0.714191 0.699883
1776830186.99416 0.033394 0.387795 0.002884 -0.009501 0.002088 -0.714195 0.699879
1776830187.16082 0.033548 0.388058 0.002755 -0.009513 0.002105 -0.714201 0.699872
1776830187.32749 0.033553 0.388031 0.002701 -0.009534 0.002165 -0.714199 0.699875
1776830187.49412 0.033787 0.388060 0.002679 -0.009546 0.002213 -0.714210 0.699863
1776830187.66076 0.033940 0.388490 0.002611 -0.009584 0.002208 -0.714203 0.699870
1776830187.82744 0.034109 0.388515 0.002684 -0.009595 0.002276 -0.714217 0.699855
1776830187.99411 0.034220 0.388454 0.002810 -0.009580 0.002260 -0.714230 0.699842
1776830188.16083 0.034257 0.388230 0.002851 -0.009546 0.002192 -0.714260 0.699812
1776830188.32755 0.034266 0.388099 0.002873 -0.009503 0.002220 -0.714277 0.699795
1776830188.49424 0.034182 0.388113 0.002808 -0.009530 0.002136 -0.714284 0.699788
1776830188.66098 0.034174 0.388146 0.002772 -0.009553 0.002071 -0.714283 0.699789
1776830188.82764 0.034179 0.388071 0.002765 -0.009559 0.002063 -0.714290 0.699781
1776830188.99430 0.034469 0.388412 0.002557 -0.009603 0.002062 -0.714308 0.699763
1776830189.16096 0.034588 0.388616 0.002511 -0.009609 0.002082 -0.714330 0.699740
1776830189.32762 0.034561 0.388301 0.002535 -0.009617 0.002082 -0.714348 0.699721
1776830189.49430 0.034625 0.388147 0.002620 -0.009601 0.002042 -0.714376 0.699694
1776830189.66100 0.034736 0.388156 0.002689 -0.009572 0.002037 -0.714407 0.699662
1776830189.82769 0.034707 0.388124 0.002724 -0.009546 0.002025 -0.714436 0.699633
1776830189.99435 0.034735 0.388168 0.002798 -0.009540 0.001999 -0.714440 0.699629
1776830190.16105 0.034850 0.388360 0.002593 -0.009599 0.001978 -0.714454 0.699614
1776830190.32771 0.034791 0.388275 0.002656 -0.009534 0.002004 -0.714469 0.699599
1776830190.49440 0.034840 0.388340 0.002665 -0.009547 0.001998 -0.714477 0.699591
1776830190.66107 0.034942 0.388537 0.002624 -0.009548 0.002000 -0.714476 0.699592
1776830190.82776 0.034925 0.388367 0.002697 -0.009514 0.002027 -0.714488 0.699580
1776830190.99444 0.035043 0.388415 0.002702 -0.009534 0.002121 -0.714475 0.699593
1776830191.16108 0.034981 0.388801 0.002564 -0.009572 0.002233 -0.714460 0.699607
1776830191.32777 0.034395 0.387899 0.002911 -0.009494 0.002198 -0.714460 0.699608
1776830191.49447 0.033386 0.386431 0.003313 -0.009416 0.002131 -0.714479 0.699591
1776830191.66119 0.032410 0.384987 0.003606 -0.009366 0.002063 -0.714497 0.699573
1776830191.82787 0.031679 0.383613 0.003877 -0.009340 0.002026 -0.714540 0.699530
1776830191.99455 0.031613 0.382925 0.003893 -0.009361 0.001998 -0.714602 0.699466
1776830192.16121 0.031736 0.382588 0.003919 -0.009367 0.001992 -0.714653 0.699414
1776830192.32787 0.031845 0.382438 0.003881 -0.009380 0.001924 -0.714710 0.699355
1776830192.49455 0.032077 0.382678 0.003811 -0.009411 0.001873 -0.714755 0.699309
1776830192.66121 0.032268 0.382699 0.003780 -0.009398 0.001880 -0.714778 0.699286
1776830192.82787 0.032353 0.382600 0.003887 -0.009376 0.001873 -0.714814 0.699249
1776830192.99454 0.032362 0.382487 0.003922 -0.009323 0.001866 -0.714852 0.699211
1776830193.16121 0.032626 0.382839 0.003795 -0.009361 0.001815 -0.714891 0.699171
1776830193.32787 0.032793 0.383019 0.003708 -0.009355 0.001803 -0.714905 0.699157
1776830193.49454 0.032924 0.383262 0.003718 -0.009371 0.001769 -0.714910 0.699152
1776830193.66121 0.032973 0.383426 0.003638 -0.009364 0.001738 -0.714909 0.699153
1776830193.82788 0.033094 0.383511 0.003606 -0.009386 0.001730 -0.714916 0.699145
1776830193.99455 0.033166 0.383535 0.003563 -0.009347 0.001779 -0.714914 0.699148
1776830194.16124 0.033216 0.383637 0.003668 -0.009320 0.001786 -0.714912 0.699150
1776830194.32791 0.033365 0.383726 0.003686 -0.009325 0.001836 -0.714896 0.699166
1776830194.49457 0.033344 0.383642 0.003736 -0.009279 0.001817 -0.714914 0.699148
1776830194.66126 0.033418 0.383674 0.003836 -0.009280 0.001790 -0.714930 0.699132
1776830194.82793 0.033351 0.383548 0.003878 -0.009242 0.001790 -0.714942 0.699120
1776830194.99462 0.033175 0.383294 0.003964 -0.009216 0.001773 -0.714947 0.699116
1776830195.16130 0.033036 0.383138 0.004053 -0.009218 0.001726 -0.714956 0.699107
1776830195.32796 0.032973 0.383030 0.003968 -0.009214 0.001719 -0.714954 0.699109
1776830195.49464 0.032898 0.382864 0.003950 -0.009229 0.001744 -0.714957 0.699105
1776830195.66132 0.033013 0.382896 0.004003 -0.009207 0.001804 -0.714965 0.699098
1776830195.82799 0.033250 0.383027 0.003999 -0.009224 0.001833 -0.714963 0.699100
1776830195.99465 0.033106 0.383145 0.003937 -0.009238 0.001743 -0.714969 0.699093
1776830196.16132 0.032894 0.383403 0.003841 -0.009259 0.001662 -0.714948 0.699114
1776830196.32798 0.033125 0.383533 0.003786 -0.009269 0.001766 -0.714941 0.699121
1776830196.49465 0.033281 0.383637 0.003771 -0.009293 0.001774 -0.714930 0.699132
1776830196.66132 0.033303 0.383600 0.003834 -0.009261 0.001788 -0.714946 0.699116
1776830196.82799 0.033285 0.383477 0.003757 -0.009265 0.001746 -0.714948 0.699114
1776830196.99466 0.033216 0.383390 0.003777 -0.009236 0.001752 -0.714938 0.699125
1776830197.16133 0.033046 0.383014 0.004008 -0.009193 0.001780 -0.714937 0.699126
1776830197.32799 0.033141 0.383029 0.003983 -0.009222 0.001791 -0.714958 0.699104
1776830197.49466 0.033486 0.382894 0.003964 -0.009244 0.001856 -0.714981 0.699080
1776830197.66133 0.033739 0.382846 0.003944 -0.009250 0.001815 -0.715018 0.699042
1776830197.82802 0.033896 0.382564 0.004056 -0.009241 0.001804 -0.715066 0.698994
1776830197.99468 0.034073 0.382567 0.003942 -0.009248 0.001765 -0.715103 0.698956
1776830198.16134 0.034390 0.382182 0.004140 -0.009238 0.001816 -0.715167 0.698890
1776830198.32800 0.034667 0.382171 0.004093 -0.009232 0.001816 -0.715204 0.698852
1776830198.49468 0.034788 0.382236 0.003939 -0.009246 0.001793 -0.715230 0.698825
1776830198.66133 0.034781 0.382301 0.003955 -0.009236 0.001788 -0.715255 0.698800
1776830198.82801 0.034737 0.382133 0.004040 -0.009244 0.001797 -0.715289 0.698766
1776830198.99469 0.034474 0.381762 0.004148 -0.009213 0.001823 -0.715309 0.698745
1776830199.16136 0.034713 0.381878 0.004017 -0.009293 0.001789 -0.715318 0.698735
1776830199.32802 0.034881 0.381950 0.003889 -0.009306 0.001797 -0.715341 0.698712
1776830199.49468 0.035005 0.382047 0.003813 -0.009312 0.001756 -0.715347 0.698705
1776830199.66136 0.035112 0.382285 0.003795 -0.009287 0.001754 -0.715372 0.698680
1776830199.82804 0.035158 0.382569 0.003677 -0.009301 0.001738 -0.715360 0.698692
1776830199.99470 0.035199 0.382937 0.003618 -0.009331 0.001755 -0.715353 0.698698
1776830200.16135 0.035213 0.383065 0.003592 -0.009352 0.001752 -0.715349 0.698702
1776830200.32807 0.035764 0.382472 0.003786 -0.009375 0.001917 -0.715354 0.698697
1776830200.49471 0.035898 0.382071 0.003876 -0.009311 0.001907 -0.715409 0.698641
1776830200.66142 0.035926 0.381841 0.003991 -0.009270 0.001811 -0.715459 0.698591
1776830200.82809 0.036225 0.381653 0.004047 -0.009299 0.001821 -0.715512 0.698536
1776830200.99477 0.036534 0.381254 0.004280 -0.009237 0.001890 -0.715576 0.698472
1776830201.16145 0.036633 0.381028 0.004382 -0.009210 0.001862 -0.715633 0.698413
1776830201.32812 0.036513 0.381345 0.004278 -0.009169 0.001733 -0.715659 0.698388
1776830201.49479 0.036398 0.381607 0.004227 -0.009110 0.001719 -0.715667 0.698380
1776830201.66145 0.036312 0.381333 0.004360 -0.009089 0.001819 -0.715664 0.698383
1776830201.82814 0.036217 0.380991 0.004569 -0.009049 0.001917 -0.715674 0.698373
1776830201.99478 0.035983 0.381003 0.004439 -0.009069 0.001837 -0.715689 0.698357
1776830202.16145 0.036168 0.381143 0.004401 -0.009077 0.001885 -0.715694 0.698353
1776830202.32811 0.036584 0.381019 0.004421 -0.009132 0.001933 -0.715684 0.698362
1776830202.49477 0.036876 0.381008 0.004352 -0.009172 0.001895 -0.715735 0.698309
1776830202.66145 0.036745 0.380948 0.004322 -0.009193 0.001795 -0.715756 0.698287
1776830202.82806 0.037652 0.380351 0.004323 -0.009305 0.001953 -0.715818 0.698222
1776830202.99473 0.038658 0.379950 0.004410 -0.009360 0.002015 -0.715928 0.698108
1776830203.16135 0.038894 0.380248 0.004174 -0.009345 0.001768 -0.716031 0.698003
1776830203.32803 0.039673 0.380408 0.004122 -0.009352 0.001811 -0.716139 0.697892
1776830203.49469 0.040183 0.380681 0.003945 -0.009355 0.001762 -0.716218 0.697812
1776830203.66136 0.040280 0.380576 0.003984 -0.009325 0.001681 -0.716289 0.697739
1776830203.82805 0.040182 0.380688 0.004046 -0.009270 0.001619 -0.716358 0.697669
1776830203.99472 0.040076 0.380554 0.004163 -0.009204 0.001700 -0.716390 0.697638
1776830204.16149 0.041302 0.379873 0.004384 -0.009303 0.001997 -0.716462 0.697561
1776830204.32796 0.041478 0.379516 0.004512 -0.009213 0.001907 -0.716577 0.697445
1776830204.49469 0.041271 0.379518 0.004433 -0.009149 0.001726 -0.716638 0.697383
1776830204.66147 0.040810 0.379627 0.004415 -0.009134 0.001632 -0.716650 0.697371
1776830204.82813 0.040736 0.379844 0.004177 -0.009192 0.001616 -0.716655 0.697365
1776830204.99481 0.040874 0.380307 0.003975 -0.009232 0.001619 -0.716649 0.697371
1776830205.16152 0.041219 0.380200 0.004069 -0.009264 0.001787 -0.716653 0.697366
1776830205.32817 0.041058 0.380473 0.003978 -0.009233 0.001729 -0.716656 0.697364
1776830205.49482 0.041081 0.380564 0.004008 -0.009225 0.001773 -0.716647 0.697372
1776830205.66149 0.040604 0.380525 0.004100 -0.009189 0.001708 -0.716628 0.697393
1776830205.82818 0.040125 0.380755 0.003925 -0.009191 0.001628 -0.716589 0.697433
1776830205.99480 0.040361 0.380236 0.004071 -0.009246 0.001777 -0.716587 0.697435
1776830206.16149 0.040177 0.379637 0.004209 -0.009192 0.001791 -0.716583 0.697439
1776830206.32823 0.041847 0.382016 0.003533 -0.009288 0.001558 -0.716809 0.697206
1776830206.49485 0.042225 0.381704 0.003456 -0.009283 0.001638 -0.716859 0.697155
1776830206.66156 0.043121 0.381700 0.003418 -0.009310 0.001685 -0.716961 0.697049
1776830206.82820 0.043111 0.381492 0.003536 -0.009271 0.001574 -0.717009 0.697001
1776830206.99485 0.043455 0.381319 0.003597 -0.009324 0.001614 -0.717045 0.696962
1776830207.16153 0.043707 0.380843 0.003689 -0.009308 0.001622 -0.717110 0.696896
1776830207.32820 0.043801 0.380644 0.003659 -0.009261 0.001572 -0.717135 0.696871
1776830207.49488 0.043508 0.380413 0.003807 -0.009174 0.001569 -0.717139 0.696868
1776830207.66154 0.043320 0.380411 0.003843 -0.009098 0.001577 -0.717150 0.696858
1776830207.82822 0.042885 0.380470 0.003869 -0.009083 0.001516 -0.717132 0.696876
1776830207.99489 0.042649 0.379787 0.004154 -0.009114 0.001683 -0.717060 0.696950
1776830208.16165 0.042350 0.378806 0.004579 -0.009086 0.001788 -0.716984 0.697028
1776830208.32828 0.041968 0.378489 0.004718 -0.009033 0.001770 -0.716930 0.697085
1776830208.49498 0.041375 0.377992 0.004805 -0.009030 0.001725 -0.716865 0.697151
1776830208.66169 0.040866 0.378145 0.004582 -0.009058 0.001644 -0.716822 0.697195
1776830208.82838 0.040562 0.378831 0.004228 -0.009082 0.001585 -0.716827 0.697190
1776830208.99503 0.040733 0.378857 0.004213 -0.009169 0.001736 -0.716772 0.697246
1776830209.16168 0.040116 0.378539 0.004390 -0.009132 0.001744 -0.716677 0.697343
1776830209.32834 0.039992 0.378776 0.004336 -0.009126 0.001723 -0.716637 0.697384
1776830209.49500 0.039991 0.378895 0.004276 -0.009151 0.001734 -0.716611 0.697411
1776830209.66166 0.039937 0.379155 0.004181 -0.009135 0.001661 -0.716680 0.697341
1776830209.82839 0.037708 0.380511 0.003800 -0.009071 0.001375 -0.716498 0.697529
1776830209.99467 0.037180 0.380680 0.003746 -0.009184 0.001509 -0.716344 0.697685
1776830210.16148 0.036451 0.380732 0.003800 -0.009159 0.001616 -0.716192 0.697841
1776830210.32830 0.036457 0.380402 0.003835 -0.009265 0.001705 -0.716091 0.697944
1776830210.49499 0.036294 0.380211 0.003725 -0.009298 0.001712 -0.716011 0.698025
1776830210.66167 0.036440 0.380263 0.003761 -0.009303 0.001714 -0.716009 0.698027
1776830210.82836 0.036524 0.380323 0.003731 -0.009308 0.001682 -0.715989 0.698047
1776830210.99501 0.036075 0.379838 0.003973 -0.009270 0.001705 -0.715896 0.698143
1776830211.16169 0.035555 0.379582 0.004062 -0.009240 0.001691 -0.715792 0.698250
1776830211.32835 0.035357 0.379347 0.004231 -0.009221 0.001718 -0.715729 0.698315
1776830211.49501 0.035416 0.379631 0.004179 -0.009228 0.001706 -0.715741 0.698302
1776830211.66169 0.035307 0.379874 0.004046 -0.009272 0.001673 -0.715723 0.698320
1776830211.82836 0.035450 0.379949 0.004019 -0.009247 0.001703 -0.715708 0.698336
1776830211.99502 0.035183 0.379856 0.004031 -0.009289 0.001687 -0.715660 0.698385
1776830212.16171 0.034946 0.379539 0.004201 -0.009270 0.001760 -0.715571 0.698476
1776830212.32838 0.034753 0.379425 0.004232 -0.009232 0.001807 -0.715508 0.698541
1776830212.49503 0.035089 0.379518 0.004170 -0.009269 0.001853 -0.715543 0.698505
1776830212.66170 0.035174 0.379102 0.004340 -0.009260 0.001943 -0.715513 0.698536
1776830212.82835 0.035494 0.379579 0.004332 -0.009221 0.001917 -0.715561 0.698487
1776830212.99506 0.035709 0.379855 0.004239 -0.009229 0.001875 -0.715602 0.698445
1776830213.16175 0.035490 0.379824 0.004250 -0.009198 0.001868 -0.715601 0.698447
1776830213.32842 0.035696 0.380399 0.004013 -0.009217 0.001820 -0.715604 0.698444
1776830213.49508 0.035740 0.380969 0.003811 -0.009256 0.001771 -0.715598 0.698449
1776830213.66175 0.035516 0.380806 0.004001 -0.009269 0.001866 -0.715492 0.698557
1776830213.82837 0.035519 0.381391 0.003854 -0.009325 0.001790 -0.715502 0.698546
1776830213.99507 0.035362 0.381518 0.003781 -0.009347 0.001820 -0.715411 0.698639
1776830214.16172 0.035417 0.381045 0.003898 -0.009348 0.001973 -0.715364 0.698687
1776830214.32836 0.035171 0.380452 0.004099 -0.009340 0.002027 -0.715274 0.698779
1776830214.49503 0.034818 0.379913 0.004260 -0.009325 0.002041 -0.715234 0.698820
1776830214.66178 0.034784 0.380269 0.004014 -0.009295 0.001906 -0.715330 0.698723
1776830214.82852 0.035077 0.381269 0.003650 -0.009333 0.001822 -0.715387 0.698664
1776830214.99519 0.035557 0.382063 0.003425 -0.009368 0.001840 -0.715416 0.698634
1776830215.16183 0.035708 0.382487 0.003217 -0.009396 0.001791 -0.715428 0.698621
1776830215.32851 0.036147 0.382757 0.003158 -0.009429 0.001826 -0.715440 0.698609
1776830215.49517 0.036434 0.382717 0.003099 -0.009437 0.001807 -0.715472 0.698575
1776830215.66185 0.036531 0.382818 0.003021 -0.009455 0.001704 -0.715510 0.698537
1776830215.82851 0.036604 0.382291 0.003164 -0.009465 0.001772 -0.715542 0.698503
1776830215.99517 0.036774 0.382420 0.002916 -0.009522 0.001664 -0.715568 0.698476
1776830216.16187 0.036870 0.382825 0.002845 -0.009473 0.001647 -0.715607 0.698437
1776830216.32854 0.036661 0.383079 0.002689 -0.009452 0.001601 -0.715597 0.698447
1776830216.49521 0.036703 0.382619 0.002977 -0.009428 0.001720 -0.715618 0.698426
1776830216.66189 0.036834 0.382525 0.003024 -0.009423 0.001748 -0.715631 0.698413
1776830216.82854 0.036465 0.382441 0.002971 -0.009399 0.001654 -0.715632 0.698413
1776830216.99524 0.036262 0.382313 0.002976 -0.009389 0.001638 -0.715628 0.698417
1776830217.16192 0.035930 0.382174 0.002929 -0.009378 0.001620 -0.715603 0.698442
1776830217.32860 0.035875 0.382129 0.002933 -0.009354 0.001665 -0.715598 0.698448
1776830217.49523 0.035817 0.382107 0.003025 -0.009335 0.001667 -0.715579 0.698468
1776830217.66191 0.036256 0.382230 0.003075 -0.009370 0.001726 -0.715581 0.698465
1776830217.82857 0.036047 0.381732 0.003091 -0.009316 0.001717 -0.715611 0.698435
1776830217.99524 0.036009 0.381596 0.003162 -0.009303 0.001704 -0.715642 0.698403
1776830218.16191 0.035770 0.381542 0.003202 -0.009266 0.001681 -0.715649 0.698396
1776830218.32857 0.035796 0.381435 0.003234 -0.009331 0.001700 -0.715639 0.698406
1776830218.49525 0.036021 0.381437 0.003219 -0.009331 0.001753 -0.715652 0.698392
1776830218.66192 0.036423 0.381443 0.003208 -0.009352 0.001774 -0.715668 0.698375
1776830218.82860 0.036704 0.381027 0.003382 -0.009330 0.001839 -0.715718 0.698325
1776830218.99527 0.036727 0.381122 0.003318 -0.009343 0.001747 -0.715762 0.698279
1776830219.16198 0.036727 0.381435 0.003120 -0.009346 0.001689 -0.715766 0.698276
1776830219.32866 0.036625 0.381481 0.003186 -0.009285 0.001709 -0.715762 0.698281
1776830219.49531 0.036505 0.381370 0.003271 -0.009287 0.001676 -0.715777 0.698266
1776830219.66196 0.036588 0.381227 0.003352 -0.009293 0.001732 -0.715773 0.698269
1776830219.82865 0.036510 0.381358 0.003397 -0.009224 0.001732 -0.715777 0.698266
1776830219.99532 0.036519 0.381335 0.003456 -0.009210 0.001766 -0.715772 0.698271
1776830220.16199 0.036717 0.381112 0.003390 -0.009267 0.001766 -0.715782 0.698260
1776830220.32866 0.036917 0.380797 0.003388 -0.009293 0.001747 -0.715812 0.698229
1776830220.49533 0.036912 0.380968 0.003316 -0.009275 0.001685 -0.715833 0.698208
1776830220.66201 0.036937 0.381077 0.003283 -0.009272 0.001704 -0.715839 0.698201
1776830220.82867 0.036746 0.381117 0.003230 -0.009288 0.001644 -0.715826 0.698215
1776830220.99534 0.036545 0.381211 0.003183 -0.009289 0.001657 -0.715807 0.698234
1776830221.16201 0.036579 0.381212 0.003174 -0.009309 0.001715 -0.715806 0.698235
1776830221.32869 0.036706 0.381186 0.003137 -0.009321 0.001751 -0.715803 0.698238
1776830221.49537 0.036622 0.381350 0.003058 -0.009336 0.001696 -0.715807 0.698234
1776830221.66202 0.036601 0.381012 0.003277 -0.009299 0.001791 -0.715787 0.698254
1776830221.82868 0.036249 0.381354 0.003243 -0.009224 0.001755 -0.715760 0.698284
1776830221.99537 0.035767 0.381295 0.003208 -0.009241 0.001716 -0.715706 0.698338
1776830222.16204 0.035274 0.381129 0.003306 -0.009226 0.001746 -0.715637 0.698409
1776830222.32871 0.035124 0.381354 0.003214 -0.009261 0.001740 -0.715602 0.698445
1776830222.49537 0.034999 0.381293 0.003167 -0.009318 0.001766 -0.715552 0.698495
1776830222.66206 0.035002 0.381356 0.003110 -0.009344 0.001754 -0.715514 0.698534
1776830222.82873 0.035444 0.381342 0.003054 -0.009352 0.001811 -0.715542 0.698505
1776830222.99537 0.035357 0.381223 0.003162 -0.009341 0.001774 -0.715537 0.698510
1776830223.16203 0.035590 0.380925 0.003210 -0.009347 0.001842 -0.715561 0.698485
1776830223.32870 0.035623 0.381002 0.003208 -0.009329 0.001795 -0.715577 0.698469
1776830223.49538 0.035448 0.381105 0.003236 -0.009312 0.001785 -0.715574 0.698473
1776830223.66204 0.035593 0.381150 0.003280 -0.009318 0.001838 -0.715573 0.698474
1776830223.82872 0.035605 0.381122 0.003275 -0.009346 0.001823 -0.715568 0.698478
1776830223.99538 0.035907 0.381060 0.003235 -0.009347 0.001847 -0.715599 0.698446
1776830224.16202 0.035869 0.381422 0.003167 -0.009294 0.001787 -0.715609 0.698437
1776830224.32869 0.036026 0.381321 0.003207 -0.009324 0.001796 -0.715633 0.698412
1776830224.49535 0.036104 0.381249 0.003227 -0.009282 0.001828 -0.715631 0.698415
1776830224.66203 0.036223 0.381294 0.003199 -0.009308 0.001840 -0.715639 0.698406
1776830224.82871 0.036334 0.381331 0.003195 -0.009314 0.001805 -0.715647 0.698398
1776830224.99537 0.036150 0.381268 0.003240 -0.009309 0.001792 -0.715649 0.698396
1776830225.16204 0.036327 0.381036 0.003340 -0.009323 0.001834 -0.715667 0.698377
1776830225.32870 0.036735 0.380996 0.003378 -0.009334 0.001847 -0.715729 0.698314
1776830225.49536 0.036758 0.380726 0.003463 -0.009307 0.001850 -0.715740 0.698303
1776830225.66204 0.036813 0.380794 0.003456 -0.009325 0.001810 -0.715773 0.698268
1776830225.82872 0.036890 0.380868 0.003405 -0.009314 0.001809 -0.715791 0.698250
1776830225.99540 0.036808 0.380807 0.003410 -0.009357 0.001776 -0.715793 0.698247
1776830226.16207 0.037052 0.380976 0.003233 -0.009378 0.001799 -0.715827 0.698212
1776830226.32871 0.036993 0.380659 0.003367 -0.009336 0.001850 -0.715844 0.698196
1776830226.49539 0.037383 0.380497 0.003313 -0.009379 0.001870 -0.715884 0.698154
1776830226.66202 0.037626 0.380653 0.003190 -0.009436 0.001822 -0.715927 0.698109
1776830226.82871 0.037946 0.380708 0.003168 -0.009444 0.001800 -0.715987 0.698047
1776830226.99538 0.037955 0.380648 0.003285 -0.009400 0.001810 -0.716001 0.698034
1776830227.16207 0.038149 0.380669 0.003362 -0.009399 0.001888 -0.716012 0.698022
1776830227.32872 0.038100 0.380754 0.003249 -0.009414 0.001805 -0.716034 0.698000
1776830227.49539 0.038174 0.380701 0.003155 -0.009429 0.001823 -0.716052 0.697981
1776830227.66204 0.038263 0.380719 0.003187 -0.009438 0.001805 -0.716062 0.697971
1776830227.82872 0.038280 0.380740 0.003239 -0.009416 0.001831 -0.716078 0.697954
1776830227.99539 0.038473 0.380917 0.003106 -0.009448 0.001825 -0.716093 0.697938
1776830228.16206 0.038700 0.380779 0.003284 -0.009416 0.001918 -0.716097 0.697934
1776830228.32872 0.038632 0.380787 0.003284 -0.009431 0.001825 -0.716107 0.697924
1776830228.49539 0.038519 0.380776 0.003260 -0.009434 0.001813 -0.716127 0.697903
1776830228.66206 0.038433 0.380959 0.003207 -0.009403 0.001754 -0.716113 0.697918
1776830228.82874 0.038492 0.381040 0.003209 -0.009385 0.001779 -0.716108 0.697924
1776830228.99540 0.038442 0.380958 0.003247 -0.009407 0.001786 -0.716118 0.697914
1776830229.16208 0.038220 0.380771 0.003252 -0.009388 0.001791 -0.716110 0.697922
1776830229.32873 0.037890 0.381063 0.003111 -0.009389 0.001711 -0.716096 0.697937
1776830229.49539 0.037539 0.381100 0.003134 -0.009345 0.001754 -0.716046 0.697988
1776830229.66207 0.037445 0.381035 0.003031 -0.009379 0.001768 -0.716013 0.698021
1776830229.82873 0.037332 0.380869 0.003134 -0.009384 0.001774 -0.715995 0.698041
1776830229.99539 0.037374 0.380792 0.003062 -0.009422 0.001739 -0.715990 0.698045
1776830230.16207 0.037481 0.380665 0.003122 -0.009410 0.001767 -0.715996 0.698039
1776830230.32874 0.037643 0.380805 0.002936 -0.009445 0.001706 -0.716025 0.698008
1776830230.49540 0.037671 0.380771 0.002925 -0.009440 0.001720 -0.716031 0.698003
1776830230.66207 0.037874 0.380889 0.002894 -0.009478 0.001711 -0.716048 0.697984
1776830230.82874 0.038007 0.380721 0.002943 -0.009488 0.001753 -0.716057 0.697975
1776830230.99541 0.038266 0.380800 0.002856 -0.009523 0.001742 -0.716081 0.697950
1776830231.16208 0.038444 0.380869 0.002921 -0.009513 0.001812 -0.716111 0.697920
1776830231.32875 0.038393 0.380932 0.002905 -0.009475 0.001771 -0.716128 0.697902
1776830231.49542 0.038431 0.380783 0.003033 -0.009451 0.001788 -0.716137 0.697893
1776830231.66209 0.038494 0.380779 0.003067 -0.009419 0.001815 -0.716146 0.697885
1776830231.82880 0.038665 0.380710 0.003067 -0.009407 0.001836 -0.716153 0.697877
1776830231.99543 0.038697 0.380600 0.003158 -0.009378 0.001804 -0.716159 0.697872
1776830232.16211 0.038811 0.380688 0.003048 -0.009404 0.001745 -0.716176 0.697854
1776830232.32877 0.038740 0.380771 0.002968 -0.009415 0.001740 -0.716185 0.697845
1776830232.49547 0.038720 0.380670 0.002973 -0.009421 0.001738 -0.716190 0.697839
1776830232.66211 0.039097 0.380620 0.003001 -0.009471 0.001762 -0.716227 0.697801
1776830232.82878 0.039580 0.380661 0.003077 -0.009451 0.001813 -0.716272 0.697755
1776830232.99542 0.039667 0.380702 0.003055 -0.009453 0.001771 -0.716296 0.697730
1776830233.16211 0.039384 0.380614 0.003073 -0.009402 0.001750 -0.716311 0.697715
1776830233.32882 0.039210 0.380829 0.003027 -0.009411 0.001719 -0.716310 0.697717
1776830233.49548 0.038984 0.380929 0.002905 -0.009455 0.001653 -0.716280 0.697747
1776830233.66215 0.038803 0.380955 0.003012 -0.009420 0.001703 -0.716248 0.697780
1776830233.82883 0.038765 0.380767 0.003067 -0.009451 0.001748 -0.716247 0.697781
1776830233.99551 0.038819 0.380667 0.003071 -0.009419 0.001766 -0.716242 0.697786
1776830234.16218 0.038937 0.380515 0.003051 -0.009428 0.001771 -0.716259 0.697768
1776830234.32883 0.039254 0.380483 0.003114 -0.009419 0.001771 -0.716280 0.697747
1776830234.49550 0.039427 0.380486 0.003099 -0.009432 0.001753 -0.716311 0.697715
1776830234.66219 0.039329 0.380626 0.003046 -0.009409 0.001706 -0.716324 0.697703
1776830234.82885 0.039548 0.380684 0.003011 -0.009473 0.001719 -0.716343 0.697682
1776830234.99553 0.039927 0.380541 0.003052 -0.009464 0.001794 -0.716390 0.697634
1776830235.16221 0.040173 0.380192 0.003142 -0.009479 0.001818 -0.716426 0.697597
1776830235.32889 0.040471 0.380274 0.003116 -0.009490 0.001776 -0.716470 0.697551
1776830235.49557 0.040538 0.380527 0.003061 -0.009450 0.001766 -0.716510 0.697510
1776830235.66222 0.040670 0.380629 0.002982 -0.009464 0.001750 -0.716538 0.697481
1776830235.82889 0.040861 0.380645 0.002997 -0.009472 0.001785 -0.716555 0.697464
1776830235.99554 0.040674 0.380722 0.002815 -0.009482 0.001704 -0.716545 0.697475
1776830236.16223 0.040568 0.380657 0.002878 -0.009481 0.001726 -0.716531 0.697489
1776830236.32891 0.040484 0.380743 0.002821 -0.009499 0.001721 -0.716531 0.697488
1776830236.49558 0.040449 0.380890 0.002844 -0.009528 0.001695 -0.716521 0.697498
1776830236.66225 0.040820 0.380810 0.002816 -0.009582 0.001696 -0.716545 0.697473
1776830236.82892 0.041070 0.380797 0.002928 -0.009567 0.001774 -0.716578 0.697439
1776830236.99557 0.041141 0.380809 0.002882 -0.009591 0.001732 -0.716585 0.697431
1776830237.16224 0.041339 0.380707 0.002836 -0.009569 0.001786 -0.716600 0.697416
1776830237.32892 0.041737 0.380785 0.002844 -0.009560 0.001786 -0.716657 0.697358
1776830237.49559 0.041533 0.380817 0.002837 -0.009563 0.001709 -0.716667 0.697348
1776830237.66225 0.041412 0.380719 0.002865 -0.009561 0.001726 -0.716643 0.697373
1776830237.82893 0.041630 0.380739 0.002857 -0.009563 0.001701 -0.716671 0.697344
1776830237.99560 0.041884 0.380771 0.002927 -0.009531 0.001734 -0.716699 0.697316
1776830238.16228 0.042008 0.380846 0.002877 -0.009562 0.001758 -0.716710 0.697304
1776830238.32893 0.042229 0.380785 0.002921 -0.009564 0.001782 -0.716745 0.697268
1776830238.49561 0.042436 0.380735 0.002964 -0.009576 0.001814 -0.716768 0.697244
1776830238.66226 0.042345 0.380912 0.002855 -0.009580 0.001743 -0.716795 0.697216
1776830238.82896 0.042502 0.380871 0.002843 -0.009620 0.001748 -0.716791 0.697220
1776830238.99562 0.042594 0.381004 0.002767 -0.009646 0.001719 -0.716790 0.697220
1776830239.16227 0.042845 0.381100 0.002592 -0.009681 0.001742 -0.716810 0.697199
1776830239.32893 0.042891 0.381140 0.002572 -0.009684 0.001729 -0.716826 0.697183
1776830239.49560 0.042780 0.381140 0.002599 -0.009687 0.001689 -0.716813 0.697196
1776830239.66228 0.042675 0.381299 0.002392 -0.009719 0.001640 -0.716807 0.697202
1776830239.82896 0.042606 0.381276 0.002312 -0.009726 0.001648 -0.716820 0.697189
1776830239.99567 0.042704 0.381274 0.002447 -0.009713 0.001679 -0.716825 0.697183
1776830240.16232 0.042668 0.381157 0.002434 -0.009677 0.001649 -0.716825 0.697184
1776830240.32896 0.042398 0.381195 0.002445 -0.009663 0.001625 -0.716801 0.697209
1776830240.49567 0.042240 0.381314 0.002480 -0.009627 0.001645 -0.716787 0.697224
1776830240.66234 0.042212 0.381219 0.002568 -0.009701 0.001656 -0.716779 0.697231
1776830240.82902 0.042555 0.381361 0.002429 -0.009703 0.001703 -0.716793 0.697217
1776830240.99567 0.042623 0.381352 0.002476 -0.009662 0.001703 -0.716786 0.697225
1776830241.16236 0.042594 0.381067 0.002607 -0.009660 0.001722 -0.716801 0.697209
1776830241.32904 0.042685 0.381080 0.002520 -0.009724 0.001729 -0.716801 0.697208
1776830241.49568 0.042484 0.381229 0.002486 -0.009688 0.001708 -0.716793 0.697217
1776830241.66236 0.042725 0.381091 0.002553 -0.009708 0.001788 -0.716783 0.697227
1776830241.82902 0.042650 0.381181 0.002496 -0.009691 0.001739 -0.716789 0.697221
1776830241.99572 0.042252 0.381134 0.002374 -0.009701 0.001702 -0.716776 0.697234
1776830242.16241 0.041888 0.381167 0.002405 -0.009693 0.001713 -0.716728 0.697283
1776830242.32907 0.042115 0.380990 0.002550 -0.009698 0.001786 -0.716729 0.697282
1776830242.49573 0.042137 0.380811 0.002490 -0.009673 0.001789 -0.716735 0.697276
1776830242.66239 0.042242 0.380615 0.002565 -0.009688 0.001783 -0.716747 0.697263
1776830242.82906 0.042752 0.380732 0.002510 -0.009686 0.001834 -0.716805 0.697204
1776830242.99573 0.042604 0.380900 0.002398 -0.009705 0.001751 -0.716821 0.697188
1776830243.16242 0.042751 0.380850 0.002474 -0.009692 0.001771 -0.716841 0.697167
1776830243.32909 0.043262 0.380771 0.002507 -0.009733 0.001857 -0.716887 0.697119
1776830243.49573 0.043440 0.380672 0.002524 -0.009749 0.001819 -0.716904 0.697102
1776830243.66242 0.044003 0.380563 0.002546 -0.009773 0.001822 -0.716973 0.697030
1776830243.82907 0.044494 0.380787 0.002465 -0.009812 0.001830 -0.717028 0.696973
1776830243.99574 0.044402 0.380792 0.002579 -0.009757 0.001823 -0.717061 0.696940
1776830244.16247 0.044488 0.380984 0.002480 -0.009771 0.001763 -0.717080 0.696920
1776830244.32915 0.044523 0.380940 0.002442 -0.009779 0.001772 -0.717094 0.696906
1776830244.49581 0.044477 0.381044 0.002462 -0.009755 0.001799 -0.717096 0.696903
1776830244.66249 0.044175 0.381063 0.002471 -0.009734 0.001783 -0.717076 0.696924
1776830244.82917 0.043923 0.381193 0.002357 -0.009730 0.001749 -0.717037 0.696965
1776830244.99582 0.043868 0.380965 0.002560 -0.009681 0.001817 -0.717023 0.696979
1776830245.16251 0.043721 0.380743 0.002622 -0.009656 0.001822 -0.716990 0.697014
1776830245.32917 0.043844 0.380663 0.002660 -0.009684 0.001846 -0.717011 0.696992
1776830245.49584 0.043683 0.380633 0.002466 -0.009725 0.001787 -0.717001 0.697002
1776830245.66251 0.044009 0.380829 0.002433 -0.009750 0.001823 -0.717030 0.696972
1776830245.82919 0.044083 0.380888 0.002349 -0.009803 0.001770 -0.717046 0.696954
1776830245.99585 0.044083 0.380840 0.002360 -0.009769 0.001768 -0.717047 0.696954
1776830246.16254 0.044341 0.380695 0.002534 -0.009748 0.001812 -0.717074 0.696927
1776830246.32922 0.044822 0.380632 0.002509 -0.009797 0.001851 -0.717114 0.696885
1776830246.49586 0.045290 0.380352 0.002617 -0.009773 0.001877 -0.717192 0.696805
1776830246.66255 0.045619 0.380571 0.002451 -0.009829 0.001836 -0.717241 0.696754
1776830246.82927 0.045583 0.380710 0.002357 -0.009849 0.001789 -0.717244 0.696750
1776830246.99598 0.045533 0.380845 0.002283 -0.009861 0.001777 -0.717247 0.696747
1776830247.16264 0.045552 0.380943 0.002219 -0.009880 0.001774 -0.717254 0.696739
1776830247.32952 0.044980 0.381085 0.001978 -0.009882 0.001723 -0.717227 0.696767
1776830247.49617 0.044918 0.380941 0.002146 -0.009887 0.001744 -0.717210 0.696785
1776830247.66287 0.045140 0.380973 0.002324 -0.009900 0.001808 -0.717209 0.696785
1776830247.82950 0.044868 0.381051 0.002396 -0.009856 0.001746 -0.717191 0.696805
1776830247.99618 0.044617 0.380936 0.002500 -0.009824 0.001723 -0.717171 0.696826
1776830248.16288 0.044613 0.381039 0.002376 -0.009853 0.001692 -0.717151 0.696846
1776830248.32943 0.044667 0.380946 0.002419 -0.009840 0.001766 -0.717150 0.696847
1776830248.49607 0.044693 0.380982 0.002374 -0.009868 0.001742 -0.717153 0.696844
1776830248.66275 0.044664 0.380981 0.002451 -0.009844 0.001759 -0.717148 0.696849
1776830248.82944 0.044520 0.381244 0.002300 -0.009882 0.001662 -0.717135 0.696862
1776830248.99612 0.044106 0.381366 0.002293 -0.009841 0.001645 -0.717089 0.696910
1776830249.16278 0.044071 0.381393 0.002267 -0.009877 0.001689 -0.717070 0.696929
1776830249.32946 0.044314 0.381293 0.002197 -0.009935 0.001701 -0.717077 0.696921
1776830249.49611 0.044440 0.381229 0.002200 -0.009904 0.001698 -0.717075 0.696923
1776830249.66281 0.044321 0.381296 0.002147 -0.009894 0.001631 -0.717071 0.696928
1776830249.82951 0.043890 0.381346 0.001977 -0.009908 0.001564 -0.717045 0.696955
1776830249.99619 0.044093 0.381329 0.002031 -0.009886 0.001640 -0.717049 0.696951
1776830250.16284 0.043804 0.381385 0.001892 -0.009896 0.001535 -0.717013 0.696988
1776830250.32951 0.043650 0.381397 0.001883 -0.009863 0.001561 -0.717005 0.696997
1776830250.49619 0.043501 0.381464 0.001929 -0.009858 0.001568 -0.716980 0.697022
1776830250.66285 0.043363 0.381290 0.002089 -0.009811 0.001633 -0.716948 0.697055
1776830250.82955 0.043036 0.381077 0.002133 -0.009781 0.001633 -0.716905 0.697100
1776830250.99621 0.042819 0.381047 0.002037 -0.009817 0.001583 -0.716888 0.697117
1776830251.16289 0.043127 0.381066 0.001973 -0.009895 0.001606 -0.716885 0.697120
1776830251.32952 0.043145 0.380959 0.002011 -0.009872 0.001617 -0.716893 0.697111
1776830251.49618 0.042994 0.380913 0.002045 -0.009879 0.001567 -0.716882 0.697123
1776830251.66285 0.043351 0.381135 0.001955 -0.009929 0.001593 -0.716894 0.697109
1776830251.82952 0.043274 0.381302 0.001855 -0.009898 0.001568 -0.716902 0.697102
1776830251.99621 0.043067 0.381265 0.001904 -0.009858 0.001588 -0.716890 0.697115
1776830252.16289 0.042824 0.381215 0.001921 -0.009885 0.001591 -0.716845 0.697161
1776830252.32958 0.042685 0.381110 0.001865 -0.009877 0.001547 -0.716843 0.697163
1776830252.49625 0.042566 0.380964 0.001804 -0.009895 0.001561 -0.716838 0.697167
1776830252.66292 0.042523 0.381064 0.001802 -0.009883 0.001553 -0.716821 0.697185
1776830252.82960 0.042804 0.381182 0.001716 -0.009922 0.001529 -0.716826 0.697180
1776830252.99626 0.042877 0.381155 0.001763 -0.009923 0.001542 -0.716830 0.697176
1776830253.16293 0.043042 0.381337 0.001662 -0.009944 0.001509 -0.716849 0.697156
1776830253.32959 0.042964 0.381199 0.001749 -0.009917 0.001525 -0.716853 0.697152
1776830253.49627 0.043059 0.381061 0.001796 -0.009935 0.001576 -0.716865 0.697139
1776830253.66295 0.042944 0.381106 0.001729 -0.009955 0.001527 -0.716864 0.697140
1776830253.82962 0.043006 0.380994 0.001812 -0.009948 0.001552 -0.716865 0.697139
1776830253.99628 0.042911 0.381073 0.001712 -0.009961 0.001539 -0.716862 0.697142
1776830254.16297 0.043021 0.381119 0.001742 -0.009942 0.001544 -0.716869 0.697135
1776830254.32963 0.043196 0.381110 0.001923 -0.009898 0.001601 -0.716875 0.697129
1776830254.49630 0.043264 0.380962 0.002017 -0.009853 0.001614 -0.716902 0.697103
1776830254.66298 0.043135 0.380998 0.002045 -0.009837 0.001588 -0.716894 0.697111
1776830254.82968 0.043093 0.380995 0.001937 -0.009839 0.001580 -0.716903 0.697102
1776830254.99632 0.043234 0.380787 0.002063 -0.009856 0.001569 -0.716919 0.697085
1776830255.16300 0.043718 0.380962 0.002015 -0.009863 0.001573 -0.716940 0.697063
1776830255.32965 0.043592 0.381083 0.001963 -0.009836 0.001534 -0.716951 0.697052
1776830255.49631 0.043669 0.381198 0.001836 -0.009862 0.001495 -0.716967 0.697036
1776830255.66298 0.043843 0.381260 0.001830 -0.009876 0.001524 -0.716996 0.697005
1776830255.82967 0.043952 0.381352 0.001729 -0.009913 0.001557 -0.717007 0.696994
1776830255.99631 0.043469 0.381479 0.001715 -0.009885 0.001489 -0.716964 0.697038
1776830256.16299 0.043095 0.381410 0.001659 -0.009868 0.001482 -0.716919 0.697085
1776830256.32967 0.042821 0.381382 0.001700 -0.009877 0.001462 -0.716880 0.697125
1776830256.49635 0.042858 0.381279 0.001704 -0.009851 0.001494 -0.716865 0.697141
1776830256.66304 0.042961 0.381184 0.001673 -0.009848 0.001511 -0.716870 0.697135
1776830256.82969 0.042588 0.381269 0.001702 -0.009809 0.001436 -0.716853 0.697153
1776830256.99637 0.042245 0.381339 0.001676 -0.009765 0.001413 -0.716814 0.697195
1776830257.16301 0.041969 0.381361 0.001702 -0.009763 0.001377 -0.716777 0.697233
1776830257.32969 0.042286 0.381260 0.001879 -0.009729 0.001493 -0.716771 0.697239
1776830257.49635 0.042346 0.381185 0.002019 -0.009709 0.001518 -0.716786 0.697224
1776830257.66301 0.042229 0.381016 0.002037 -0.009711 0.001506 -0.716765 0.697246
1776830257.82971 0.041908 0.380852 0.002080 -0.009657 0.001489 -0.716726 0.697286
1776830257.99640 0.041531 0.380802 0.001986 -0.009676 0.001432 -0.716691 0.697322
1776830258.16308 0.041171 0.380566 0.001937 -0.009641 0.001425 -0.716659 0.697356
1776830258.32974 0.041508 0.380506 0.001963 -0.009652 0.001522 -0.716677 0.697337
1776830258.49641 0.041913 0.380781 0.001781 -0.009722 0.001476 -0.716700 0.697313
1776830258.66307 0.041978 0.380874 0.001595 -0.009744 0.001438 -0.716705 0.697306
1776830258.82973 0.042040 0.380969 0.001612 -0.009741 0.001417 -0.716724 0.697288
1776830258.99640 0.042442 0.381093 0.001651 -0.009772 0.001447 -0.716755 0.697255
1776830259.16308 0.042700 0.381140 0.001703 -0.009765 0.001477 -0.716798 0.697211
1776830259.32975 0.042754 0.381377 0.001582 -0.009789 0.001415 -0.716807 0.697202
1776830259.49641 0.043090 0.381477 0.001607 -0.009807 0.001459 -0.716821 0.697187
1776830259.66307 0.042945 0.381490 0.001673 -0.009767 0.001447 -0.716805 0.697204
1776830259.82976 0.042647 0.381323 0.001687 -0.009750 0.001481 -0.716785 0.697225
1776830259.99645 0.042659 0.381288 0.001646 -0.009793 0.001487 -0.716773 0.697236
1776830260.16312 0.042531 0.381290 0.001611 -0.009763 0.001492 -0.716760 0.697251
1776830260.32978 0.042810 0.381318 0.001584 -0.009782 0.001543 -0.716770 0.697240
1776830260.49641 0.042672 0.381383 0.001495 -0.009766 0.001474 -0.716778 0.697232
1776830260.66308 0.042794 0.381484 0.001413 -0.009762 0.001472 -0.716809 0.697200
1776830260.82979 0.043042 0.381475 0.001429 -0.009782 0.001490 -0.716814 0.697194
1776830260.99645 0.043207 0.381346 0.001610 -0.009745 0.001550 -0.716839 0.697169
1776830261.16313 0.043399 0.381092 0.001814 -0.009739 0.001611 -0.716873 0.697134
1776830261.32980 0.043556 0.381236 0.001823 -0.009781 0.001584 -0.716897 0.697108
1776830261.49647 0.043895 0.381298 0.001733 -0.009839 0.001558 -0.716944 0.697060
1776830261.66312 0.044001 0.381637 0.001492 -0.009847 0.001477 -0.716981 0.697021
1776830261.82980 0.043871 0.381677 0.001547 -0.009806 0.001486 -0.716974 0.697029
1776830261.99650 0.043819 0.381477 0.001706 -0.009794 0.001559 -0.716966 0.697038
1776830262.16317 0.043795 0.381587 0.001654 -0.009836 0.001541 -0.716963 0.697040
1776830262.32983 0.044230 0.381735 0.001611 -0.009850 0.001575 -0.716991 0.697011
1776830262.49649 0.044117 0.381690 0.001555 -0.009830 0.001538 -0.717003 0.696999
1776830262.66319 0.043786 0.381611 0.001507 -0.009819 0.001480 -0.716978 0.697025
1776830262.82985 0.043727 0.381647 0.001480 -0.009801 0.001450 -0.716968 0.697036
1776830262.99652 0.043937 0.381850 0.001589 -0.009762 0.001512 -0.716964 0.697041
1776830263.16319 0.044134 0.381825 0.001610 -0.009781 0.001507 -0.716980 0.697024
1776830263.32984 0.043924 0.381762 0.001629 -0.009780 0.001469 -0.716980 0.697024
1776830263.49651 0.044320 0.381762 0.001545 -0.009820 0.001489 -0.716998 0.697005
1776830263.66318 0.044402 0.381942 0.001472 -0.009810 0.001455 -0.717017 0.696985
1776830263.82985 0.044266 0.382037 0.001431 -0.009796 0.001432 -0.717008 0.696995
1776830263.99651 0.044067 0.381813 0.001373 -0.009818 0.001411 -0.716983 0.697020
1776830264.16322 0.044416 0.381844 0.001378 -0.009836 0.001446 -0.717010 0.696992
1776830264.32985 0.044400 0.381881 0.001457 -0.009813 0.001468 -0.717029 0.696973
1776830264.49652 0.044328 0.381887 0.001434 -0.009786 0.001472 -0.717030 0.696972
1776830264.66319 0.044551 0.381795 0.001395 -0.009812 0.001508 -0.717044 0.696957
1776830264.82985 0.044930 0.381663 0.001404 -0.009854 0.001530 -0.717104 0.696894
1776830264.99652 0.045068 0.381827 0.001404 -0.009823 0.001534 -0.717127 0.696872
1776830265.16321 0.045207 0.381941 0.001357 -0.009846 0.001499 -0.717149 0.696849
1776830265.32990 0.044941 0.382066 0.001468 -0.009810 0.001545 -0.717133 0.696866
1776830265.49654 0.044732 0.381880 0.001641 -0.009806 0.001558 -0.717105 0.696895
1776830265.66321 0.044386 0.381878 0.001649 -0.009762 0.001552 -0.717071 0.696930
1776830265.82990 0.044316 0.381983 0.001577 -0.009784 0.001511 -0.717056 0.696945
1776830265.99657 0.044317 0.381973 0.001508 -0.009804 0.001469 -0.717050 0.696951
1776830266.16324 0.044363 0.381964 0.001413 -0.009816 0.001465 -0.717036 0.696965
1776830266.32991 0.044429 0.382012 0.001307 -0.009846 0.001443 -0.717032 0.696969
1776830266.49657 0.044417 0.382117 0.001300 -0.009819 0.001422 -0.717046 0.696956
1776830266.66323 0.044557 0.381995 0.001278 -0.009793 0.001439 -0.717068 0.696933
1776830266.82992 0.044262 0.381833 0.001304 -0.009740 0.001400 -0.717052 0.696950
1776830266.99658 0.044287 0.381846 0.001327 -0.009777 0.001384 -0.717061 0.696940
1776830267.16325 0.044176 0.381884 0.001310 -0.009781 0.001410 -0.717043 0.696959
1776830267.32991 0.044120 0.381782 0.001280 -0.009798 0.001379 -0.717043 0.696958
1776830267.49659 0.043923 0.381860 0.001213 -0.009795 0.001356 -0.716999 0.697004
1776830267.66325 0.043984 0.381815 0.001276 -0.009782 0.001401 -0.716994 0.697009
1776830267.82990 0.044498 0.381986 0.001203 -0.009848 0.001428 -0.717036 0.696966
1776830267.99658 0.044593 0.381567 0.001551 -0.009837 0.001523 -0.717078 0.696921
1776830268.16326 0.045177 0.381041 0.001695 -0.009869 0.001644 -0.717139 0.696858
1776830268.32990 0.045848 0.381422 0.001427 -0.009863 0.001606 -0.717213 0.696783
1776830268.49661 0.045867 0.381611 0.001380 -0.009825 0.001548 -0.717242 0.696753
1776830268.66336 0.045603 0.381819 0.001460 -0.009775 0.001535 -0.717233 0.696763
1776830268.83004 0.045672 0.382062 0.001397 -0.009784 0.001542 -0.717237 0.696759
1776830268.99670 0.045516 0.382040 0.001410 -0.009745 0.001570 -0.717224 0.696773
1776830269.16340 0.045480 0.381809 0.001510 -0.009753 0.001558 -0.717225 0.696772
1776830269.33006 0.045455 0.381765 0.001490 -0.009734 0.001550 -0.717211 0.696786
1776830269.49673 0.045446 0.381748 0.001432 -0.009764 0.001528 -0.717223 0.696774
1776830269.66341 0.045429 0.381594 0.001408 -0.009781 0.001528 -0.717218 0.696779
1776830269.83008 0.045534 0.381552 0.001319 -0.009795 0.001516 -0.717212 0.696784
1776830269.99675 0.045576 0.381600 0.001350 -0.009812 0.001482 -0.717221 0.696775
1776830270.16342 0.045544 0.381648 0.001348 -0.009832 0.001497 -0.717212 0.696784
1776830270.33007 0.045637 0.381804 0.001158 -0.009863 0.001472 -0.717216 0.696780
1776830270.49675 0.045674 0.381928 0.001015 -0.009873 0.001456 -0.717214 0.696782
1776830270.66343 0.045600 0.382054 0.000967 -0.009877 0.001438 -0.717208 0.696788
1776830270.83012 0.045684 0.382229 0.001001 -0.009852 0.001443 -0.717213 0.696783
1776830270.99680 0.045807 0.382212 0.001054 -0.009789 0.001490 -0.717209 0.696788
1776830271.16349 0.045695 0.382016 0.001052 -0.009882 0.001455 -0.717204 0.696792
1776830271.33016 0.045614 0.381580 0.001286 -0.009894 0.001525 -0.717195 0.696801
1776830271.49683 0.045653 0.381367 0.001489 -0.009893 0.001589 -0.717187 0.696809
1776830271.66351 0.045722 0.381334 0.001527 -0.009924 0.001627 -0.717188 0.696807
1776830271.83019 0.045589 0.381325 0.001495 -0.009933 0.001623 -0.717196 0.696799
1776830271.99687 0.045381 0.381377 0.001523 -0.009904 0.001630 -0.717178 0.696818
1776830272.16355 0.045241 0.381319 0.001511 -0.009920 0.001649 -0.717163 0.696832
1776830272.33021 0.045183 0.381564 0.001351 -0.009922 0.001610 -0.717159 0.696838
1776830272.49689 0.045033 0.381558 0.001249 -0.009985 0.001578 -0.717148 0.696848
1776830272.66355 0.045047 0.381524 0.001168 -0.010010 0.001601 -0.717156 0.696839
1776830272.83022 0.044969 0.381528 0.001123 -0.010027 0.001559 -0.717144 0.696852
1776830272.99690 0.044916 0.381510 0.001148 -0.010007 0.001547 -0.717135 0.696861
1776830273.16357 0.044943 0.381494 0.001068 -0.010031 0.001561 -0.717134 0.696861
1776830273.33025 0.045096 0.381546 0.001150 -0.009987 0.001552 -0.717139 0.696857
1776830273.49693 0.045060 0.381630 0.001008 -0.010017 0.001507 -0.717139 0.696857
1776830273.66362 0.044921 0.381421 0.001144 -0.009988 0.001541 -0.717140 0.696856
1776830273.83031 0.044951 0.381525 0.001061 -0.010000 0.001531 -0.717132 0.696864
1776830273.99696 0.045011 0.381666 0.001149 -0.009993 0.001547 -0.717140 0.696856
1776830274.16363 0.044946 0.381638 0.001150 -0.009993 0.001525 -0.717140 0.696855
1776830274.33032 0.045000 0.381679 0.001148 -0.009998 0.001546 -0.717132 0.696863
1776830274.49699 0.045087 0.381847 0.001057 -0.010014 0.001526 -0.717142 0.696853
1776830274.66365 0.045167 0.381715 0.001069 -0.010035 0.001554 -0.717139 0.696856
1776830274.83033 0.045397 0.381633 0.001194 -0.010017 0.001577 -0.717147 0.696848
1776830274.99701 0.045522 0.381842 0.001071 -0.010051 0.001510 -0.717177 0.696817
1776830275.16368 0.045844 0.381733 0.001134 -0.010035 0.001543 -0.717201 0.696792
1776830275.33034 0.046090 0.381808 0.001094 -0.010060 0.001537 -0.717228 0.696764
1776830275.49701 0.045942 0.381904 0.001070 -0.010025 0.001515 -0.717241 0.696751
1776830275.66370 0.045777 0.381923 0.001094 -0.010007 0.001526 -0.717220 0.696773
1776830275.83040 0.045633 0.382054 0.001122 -0.009981 0.001533 -0.717191 0.696804
1776830275.99706 0.045534 0.381985 0.001178 -0.009961 0.001530 -0.717192 0.696803
1776830276.16374 0.045514 0.381930 0.001195 -0.009942 0.001545 -0.717189 0.696806
1776830276.33041 0.045718 0.381880 0.001119 -0.009987 0.001534 -0.717201 0.696793
1776830276.49708 0.045953 0.381665 0.001093 -0.010020 0.001488 -0.717233 0.696760
1776830276.66374 0.045868 0.381768 0.000995 -0.010019 0.001487 -0.717247 0.696746
1776830276.83042 0.046098 0.381817 0.000969 -0.010030 0.001506 -0.717280 0.696711
1776830276.99709 0.045955 0.381907 0.000945 -0.009997 0.001459 -0.717281 0.696710
1776830277.16376 0.046012 0.382088 0.001054 -0.009995 0.001506 -0.717284 0.696708
1776830277.33042 0.045948 0.382149 0.001076 -0.009993 0.001494 -0.717275 0.696717
1776830277.49710 0.046062 0.382140 0.001284 -0.009965 0.001556 -0.717273 0.696720
1776830277.66377 0.046114 0.382276 0.001171 -0.009988 0.001477 -0.717264 0.696728
1776830277.83046 0.046249 0.382245 0.001221 -0.009985 0.001512 -0.717286 0.696705
1776830277.99714 0.046406 0.382178 0.001291 -0.009954 0.001527 -0.717297 0.696695
1776830278.16381 0.046616 0.382278 0.001287 -0.009931 0.001550 -0.717317 0.696674
1776830278.33048 0.046666 0.382145 0.001395 -0.009899 0.001599 -0.717331 0.696661
1776830278.49719 0.046652 0.382073 0.001389 -0.009901 0.001555 -0.717339 0.696652
1776830278.66386 0.046562 0.382123 0.001316 -0.009901 0.001503 -0.717338 0.696654
1776830278.83054 0.046638 0.382010 0.001338 -0.009922 0.001542 -0.717350 0.696641
1776830278.99721 0.046755 0.382028 0.001255 -0.009971 0.001555 -0.717360 0.696629
1776830279.16388 0.046850 0.381957 0.001172 -0.009978 0.001534 -0.717377 0.696612
1776830279.33055 0.046791 0.382145 0.001027 -0.009967 0.001479 -0.717388 0.696601
1776830279.49723 0.046708 0.382287 0.000931 -0.009994 0.001453 -0.717366 0.696623
1776830279.66390 0.046502 0.382369 0.000919 -0.010001 0.001434 -0.717360 0.696630
1776830279.83058 0.046685 0.382367 0.000954 -0.009999 0.001497 -0.717359 0.696630
1776830279.99727 0.046703 0.382149 0.001097 -0.009955 0.001574 -0.717375 0.696614
1776830280.16395 0.046851 0.382208 0.001084 -0.009955 0.001574 -0.717368 0.696622
1776830280.33062 0.046721 0.382170 0.001111 -0.009933 0.001543 -0.717368 0.696622
1776830280.49731 0.046749 0.382148 0.001098 -0.009954 0.001558 -0.717370 0.696619
1776830280.66399 0.046571 0.382005 0.001150 -0.009935 0.001510 -0.717369 0.696621
1776830280.83068 0.046437 0.382085 0.001025 -0.009932 0.001519 -0.717352 0.696639
1776830280.99736 0.046448 0.381976 0.001097 -0.009959 0.001547 -0.717335 0.696655
1776830281.16403 0.046499 0.382017 0.001159 -0.009929 0.001579 -0.717333 0.696658
1776830281.33071 0.046708 0.381995 0.001136 -0.009933 0.001606 -0.717350 0.696640
1776830281.49736 0.046804 0.381902 0.001216 -0.009890 0.001618 -0.717355 0.696636
1776830281.66405 0.047019 0.382011 0.001239 -0.009921 0.001574 -0.717378 0.696612
1776830281.83074 0.047279 0.382183 0.001180 -0.009937 0.001586 -0.717399 0.696589
1776830281.99744 0.047355 0.382295 0.001241 -0.009890 0.001560 -0.717424 0.696565
1776830282.16410 0.047218 0.382183 0.001213 -0.009889 0.001560 -0.717419 0.696570
1776830282.33077 0.046884 0.382170 0.001323 -0.009846 0.001555 -0.717378 0.696613
1776830282.49747 0.046628 0.382100 0.001344 -0.009827 0.001568 -0.717345 0.696647
1776830282.66415 0.046448 0.381986 0.001383 -0.009797 0.001621 -0.717311 0.696682
1776830282.83082 0.046355 0.382084 0.001215 -0.009879 0.001578 -0.717285 0.696708
1776830282.99751 0.046504 0.382177 0.001140 -0.009903 0.001643 -0.717282 0.696710
1776830283.16417 0.046306 0.382358 0.000778 -0.010016 0.001569 -0.717229 0.696764
1776830283.33085 0.046057 0.382282 0.000809 -0.009970 0.001569 -0.717223 0.696771
1776830283.49752 0.045733 0.382236 0.000799 -0.009959 0.001587 -0.717189 0.696805
1776830283.66420 0.045681 0.382297 0.000748 -0.009976 0.001623 -0.717188 0.696806
1776830283.83091 0.045788 0.382652 0.000458 -0.010150 0.001556 -0.717158 0.696835
1776830283.99756 0.045800 0.382532 0.000502 -0.010194 0.001585 -0.717133 0.696860
1776830284.16421 0.045800 0.382631 0.000439 -0.010211 0.001548 -0.717140 0.696852
1776830284.33088 0.045819 0.382740 0.000326 -0.010256 0.001465 -0.717122 0.696871
1776830284.49756 0.045960 0.382942 0.000334 -0.010256 0.001488 -0.717125 0.696868
1776830284.66425 0.046033 0.383139 0.000313 -0.010273 0.001481 -0.717109 0.696884
1776830284.83090 0.046002 0.383148 0.000310 -0.010272 0.001484 -0.717110 0.696882
1776830284.99757 0.045991 0.383301 0.000213 -0.010279 0.001505 -0.717098 0.696895
1776830285.16428 0.045822 0.383133 0.000198 -0.010259 0.001519 -0.717074 0.696920
1776830285.33099 0.045907 0.383238 0.000184 -0.010270 0.001515 -0.717086 0.696907
1776830285.49765 0.045993 0.383242 0.000196 -0.010306 0.001507 -0.717080 0.696913
1776830285.66432 0.045906 0.383252 0.000144 -0.010307 0.001489 -0.717062 0.696931
1776830285.83099 0.045865 0.383312 0.000124 -0.010310 0.001514 -0.717043 0.696951
1776830285.99770 0.045831 0.383183 0.000152 -0.010280 0.001506 -0.717043 0.696951
1776830286.16437 0.045878 0.383291 0.000188 -0.010295 0.001503 -0.717058 0.696936
1776830286.33106 0.045932 0.383346 0.000092 -0.010320 0.001450 -0.717069 0.696924
1776830286.49773 0.045916 0.383408 0.000012 -0.010330 0.001427 -0.717053 0.696941
1776830286.66439 0.045822 0.383466 0.000057 -0.010313 0.001474 -0.717041 0.696954
1776830286.83107 0.045642 0.383413 0.000072 -0.010298 0.001468 -0.717021 0.696974
1776830286.99781 0.045522 0.383433 0.000014 -0.010292 0.001449 -0.716997 0.696998
1776830287.16450 0.045469 0.383477 -0.000089 -0.010321 0.001433 -0.716994 0.697002
1776830287.33114 0.045570 0.383516 0.000048 -0.010303 0.001459 -0.716982 0.697014
1776830287.49779 0.045672 0.383474 -0.000118 -0.010370 0.001440 -0.716984 0.697011
1776830287.66446 0.045733 0.383517 -0.000086 -0.010363 0.001452 -0.716987 0.697008
1776830287.83115 0.045741 0.383513 -0.000151 -0.010355 0.001425 -0.716983 0.697013
1776830287.99785 0.045694 0.383590 -0.000054 -0.010334 0.001465 -0.716973 0.697023
1776830288.16455 0.045765 0.383689 -0.000031 -0.010358 0.001448 -0.716973 0.697023
1776830288.33120 0.045967 0.383784 0.000095 -0.010344 0.001446 -0.716984 0.697011
1776830288.49786 0.046006 0.383730 0.000170 -0.010298 0.001464 -0.716977 0.697019
1776830288.66453 0.045867 0.383606 0.000024 -0.010294 0.001411 -0.716981 0.697015
1776830288.83124 0.045933 0.383515 -0.000012 -0.010306 0.001410 -0.716986 0.697010
1776830288.99797 0.045915 0.383441 -0.000122 -0.010352 0.001381 -0.716985 0.697011
1776830289.16465 0.045985 0.383448 -0.000028 -0.010340 0.001433 -0.716991 0.697005
1776830289.33131 0.046221 0.383531 -0.000097 -0.010362 0.001390 -0.717009 0.696985
1776830289.49798 0.046262 0.383595 -0.000331 -0.010386 0.001371 -0.717014 0.696980
1776830289.66466 0.046287 0.383632 -0.000396 -0.010401 0.001397 -0.717017 0.696976
1776830289.83133 0.046259 0.383646 -0.000256 -0.010372 0.001433 -0.717029 0.696964
1776830289.99802 0.046194 0.383578 -0.000218 -0.010387 0.001451 -0.717028 0.696966
1776830290.16469 0.046218 0.383517 -0.000232 -0.010371 0.001464 -0.717029 0.696964
1776830290.33137 0.046381 0.383590 -0.000105 -0.010365 0.001442 -0.717058 0.696935
1776830290.49808 0.046522 0.383724 -0.000060 -0.010359 0.001448 -0.717064 0.696929
1776830290.66474 0.046619 0.383647 0.000005 -0.010358 0.001441 -0.717078 0.696914
1776830290.83140 0.046651 0.383748 0.000027 -0.010346 0.001437 -0.717080 0.696912
1776830290.99806 0.046882 0.383970 0.000107 -0.010306 0.001481 -0.717090 0.696903
1776830291.16475 0.046750 0.383824 0.000159 -0.010304 0.001494 -0.717085 0.696908
1776830291.33143 0.047002 0.383852 0.000150 -0.010340 0.001497 -0.717115 0.696876
1776830291.49812 0.047054 0.383920 0.000136 -0.010328 0.001479 -0.717118 0.696873
1776830291.66478 0.047123 0.383813 0.000131 -0.010353 0.001500 -0.717124 0.696867
1776830291.83149 0.047057 0.383888 0.000043 -0.010373 0.001498 -0.717123 0.696868
1776830291.99810 0.046782 0.383858 0.000116 -0.010292 0.001494 -0.717104 0.696889
1776830292.16479 0.046610 0.383797 0.000112 -0.010292 0.001415 -0.717091 0.696902
1776830292.33148 0.046467 0.383843 0.000173 -0.010284 0.001415 -0.717073 0.696921
1776830292.49815 0.046340 0.383865 0.000138 -0.010252 0.001441 -0.717054 0.696941
1776830292.66482 0.046324 0.383716 0.000150 -0.010261 0.001400 -0.717057 0.696938
1776830292.83150 0.046433 0.383876 0.000020 -0.010300 0.001365 -0.717056 0.696938
1776830292.99816 0.046640 0.384068 -0.000058 -0.010338 0.001353 -0.717065 0.696928
1776830293.16485 0.046575 0.383998 -0.000013 -0.010351 0.001353 -0.717051 0.696943
1776830293.33152 0.046680 0.384060 -0.000135 -0.010371 0.001375 -0.717057 0.696936
1776830293.49819 0.046723 0.383951 0.000000 -0.010301 0.001427 -0.717079 0.696915
1776830293.66485 0.046632 0.383733 0.000125 -0.010259 0.001419 -0.717081 0.696913
1776830293.83156 0.046653 0.383747 0.000135 -0.010256 0.001413 -0.717102 0.696891
1776830293.99827 0.046491 0.383598 0.000234 -0.010197 0.001437 -0.717108 0.696886
1776830294.16491 0.046309 0.383575 0.000083 -0.010233 0.001396 -0.717087 0.696908
1776830294.33159 0.046186 0.383523 0.000118 -0.010219 0.001385 -0.717071 0.696924
1776830294.49828 0.046352 0.383551 0.000014 -0.010267 0.001391 -0.717072 0.696922
1776830294.66493 0.046501 0.383763 -0.000010 -0.010284 0.001349 -0.717087 0.696906
1776830294.83156 0.046480 0.383590 0.000036 -0.010239 0.001344 -0.717089 0.696905
1776830294.99824 0.046417 0.383581 0.000057 -0.010224 0.001321 -0.717098 0.696896
1776830295.16492 0.046539 0.383673 0.000026 -0.010205 0.001343 -0.717102 0.696892
1776830295.33159 0.046447 0.383541 -0.000094 -0.010230 0.001294 -0.717097 0.696898
1776830295.49826 0.046435 0.383559 0.000020 -0.010234 0.001344 -0.717105 0.696888
1776830295.66494 0.046400 0.383556 -0.000139 -0.010252 0.001228 -0.717111 0.696882
1776830295.83161 0.046384 0.383548 -0.000144 -0.010248 0.001207 -0.717128 0.696865
1776830295.99826 0.046424 0.383585 -0.000227 -0.010247 0.001210 -0.717128 0.696865
1776830296.16492 0.046457 0.383606 -0.000278 -0.010267 0.001165 -0.717107 0.696887
1776830296.33163 0.046286 0.383447 -0.000183 -0.010243 0.001170 -0.717100 0.696894
1776830296.49830 0.046307 0.383498 -0.000189 -0.010253 0.001197 -0.717102 0.696892
1776830296.66498 0.046158 0.383520 -0.000326 -0.010274 0.001172 -0.717081 0.696913
1776830296.83164 0.046270 0.383637 -0.000427 -0.010304 0.001195 -0.717094 0.696899
1776830296.99830 0.046545 0.383895 -0.000548 -0.010310 0.001203 -0.717103 0.696890
1776830297.16494 0.046325 0.383949 -0.000640 -0.010316 0.001156 -0.717086 0.696908
1776830297.33165 0.046131 0.383963 -0.000640 -0.010323 0.001165 -0.717051 0.696944
1776830297.49832 0.046186 0.384074 -0.000770 -0.010352 0.001145 -0.717059 0.696934
1776830297.66502 0.046054 0.383848 -0.000627 -0.010313 0.001174 -0.717038 0.696957
1776830297.83169 0.046017 0.383643 -0.000524 -0.010293 0.001226 -0.717029 0.696966
1776830297.99840 0.046115 0.383709 -0.000422 -0.010283 0.001243 -0.717022 0.696973
1776830298.16507 0.046540 0.383786 -0.000315 -0.010293 0.001272 -0.717039 0.696956
1776830298.33173 0.046891 0.383595 -0.000173 -0.010264 0.001309 -0.717073 0.696921
1776830298.49841 0.046923 0.383710 -0.000277 -0.010286 0.001239 -0.717092 0.696902
1776830298.66507 0.046751 0.383703 -0.000368 -0.010256 0.001258 -0.717081 0.696913
1776830298.83174 0.046452 0.383659 -0.000361 -0.010247 0.001214 -0.717059 0.696936
1776830298.99841 0.046414 0.383878 -0.000470 -0.010263 0.001224 -0.717044 0.696952
1776830299.16510 0.046473 0.384010 -0.000659 -0.010308 0.001209 -0.717034 0.696961
1776830299.33175 0.046774 0.384158 -0.000638 -0.010366 0.001220 -0.717049 0.696944
1776830299.49842 0.046717 0.384092 -0.000565 -0.010348 0.001237 -0.717052 0.696941
1776830299.66510 0.046513 0.383909 -0.000633 -0.010346 0.001250 -0.717029 0.696966
1776830299.83180 0.046680 0.383843 -0.000603 -0.010370 0.001266 -0.717058 0.696935
1776830299.99845 0.046977 0.383993 -0.000700 -0.010404 0.001244 -0.717091 0.696901
1776830300.16512 0.047422 0.384114 -0.000464 -0.010400 0.001261 -0.717131 0.696860
1776830300.33181 0.047141 0.384154 -0.000460 -0.010360 0.001216 -0.717122 0.696870
1776830300.49845 0.047179 0.384355 -0.000457 -0.010344 0.001272 -0.717131 0.696861
1776830300.66514 0.046961 0.384328 -0.000509 -0.010327 0.001295 -0.717103 0.696889
1776830300.83184 0.046670 0.384251 -0.000524 -0.010311 0.001276 -0.717076 0.696918
1776830300.99851 0.046366 0.384213 -0.000478 -0.010294 0.001272 -0.717038 0.696957
1776830301.16517 0.046469 0.384353 -0.000576 -0.010308 0.001258 -0.717035 0.696960
1776830301.33185 0.046414 0.384243 -0.000552 -0.010291 0.001251 -0.717028 0.696967
1776830301.49853 0.046452 0.384142 -0.000581 -0.010288 0.001295 -0.717031 0.696964
1776830301.66524 0.046439 0.384263 -0.000563 -0.010314 0.001296 -0.717000 0.696996
1776830301.83192 0.046454 0.384256 -0.000518 -0.010360 0.001275 -0.717007 0.696988
1776830301.99857 0.046238 0.384165 -0.000514 -0.010380 0.001292 -0.716993 0.697002
1776830302.16525 0.046168 0.384125 -0.000510 -0.010380 0.001331 -0.716988 0.697007
1776830302.33193 0.046145 0.384248 -0.000521 -0.010368 0.001314 -0.716985 0.697011
1776830302.49861 0.046156 0.384291 -0.000798 -0.010410 0.001298 -0.716965 0.697030
1776830302.66526 0.046344 0.384428 -0.000694 -0.010405 0.001340 -0.716971 0.697024
1776830302.83194 0.046364 0.384418 -0.000614 -0.010377 0.001322 -0.716978 0.697017
1776830302.99861 0.046428 0.384400 -0.000638 -0.010407 0.001316 -0.716984 0.697010
1776830303.16528 0.046313 0.384467 -0.000734 -0.010397 0.001264 -0.716981 0.697014
1776830303.33198 0.046386 0.384647 -0.000769 -0.010392 0.001264 -0.716989 0.697006
1776830303.49865 0.046263 0.384734 -0.000784 -0.010414 0.001270 -0.716964 0.697031
1776830303.66529 0.046209 0.384769 -0.000720 -0.010379 0.001304 -0.716949 0.697047
1776830303.83201 0.046003 0.384533 -0.000494 -0.010360 0.001331 -0.716931 0.697066
1776830303.99870 0.045788 0.384529 -0.000614 -0.010336 0.001305 -0.716915 0.697083
1776830304.16537 0.045911 0.384547 -0.000567 -0.010308 0.001339 -0.716909 0.697089
1776830304.33207 0.046004 0.384496 -0.000516 -0.010304 0.001348 -0.716898 0.697100
1776830304.49875 0.046121 0.384493 -0.000490 -0.010278 0.001347 -0.716916 0.697082
1776830304.66541 0.046123 0.384359 -0.000576 -0.010289 0.001327 -0.716934 0.697064
1776830304.83211 0.046219 0.384484 -0.000612 -0.010324 0.001302 -0.716952 0.697044
1776830304.99877 0.046170 0.384511 -0.000465 -0.010287 0.001342 -0.716948 0.697049
1776830305.16545 0.046230 0.384643 -0.000504 -0.010277 0.001336 -0.716956 0.697042
1776830305.33213 0.046172 0.384660 -0.000504 -0.010269 0.001344 -0.716942 0.697056
1776830305.49879 0.046053 0.384712 -0.000633 -0.010303 0.001326 -0.716923 0.697075
1776830305.66550 0.045976 0.384823 -0.000784 -0.010330 0.001310 -0.716883 0.697115
1776830305.83218 0.046069 0.384889 -0.000789 -0.010324 0.001340 -0.716896 0.697102
1776830305.99883 0.046130 0.385056 -0.000785 -0.010312 0.001317 -0.716906 0.697092
1776830306.16555 0.046176 0.384827 -0.000673 -0.010299 0.001351 -0.716895 0.697104
1776830306.33219 0.046152 0.384717 -0.000598 -0.010303 0.001342 -0.716906 0.697093
1776830306.49888 0.046304 0.384701 -0.000531 -0.010298 0.001348 -0.716915 0.697083
1776830306.66556 0.046298 0.384691 -0.000575 -0.010283 0.001315 -0.716927 0.697072
1776830306.83226 0.046297 0.384618 -0.000372 -0.010249 0.001344 -0.716940 0.697058
1776830306.99893 0.046197 0.384405 -0.000264 -0.010217 0.001346 -0.716948 0.697050
1776830307.16562 0.046207 0.384410 -0.000187 -0.010239 0.001370 -0.716956 0.697042
1776830307.33228 0.046194 0.384518 -0.000120 -0.010209 0.001377 -0.716971 0.697027
1776830307.49895 0.046353 0.384736 -0.000218 -0.010244 0.001386 -0.716978 0.697019
1776830307.66563 0.046386 0.384508 -0.000209 -0.010278 0.001370 -0.716976 0.697021
1776830307.83232 0.046637 0.384681 -0.000320 -0.010298 0.001378 -0.716994 0.697001
1776830307.99899 0.046827 0.384741 -0.000334 -0.010329 0.001398 -0.717028 0.696966
1776830308.16569 0.046956 0.384670 -0.000333 -0.010301 0.001412 -0.717043 0.696951
1776830308.33234 0.046996 0.384680 -0.000389 -0.010293 0.001391 -0.717062 0.696932
1776830308.49904 0.047228 0.384746 -0.000464 -0.010346 0.001368 -0.717092 0.696900
1776830308.66573 0.047247 0.384800 -0.000425 -0.010302 0.001375 -0.717108 0.696884
1776830308.83243 0.047205 0.384899 -0.000462 -0.010287 0.001393 -0.717113 0.696880
1776830308.99909 0.047155 0.384820 -0.000532 -0.010339 0.001333 -0.717104 0.696888
1776830309.16576 0.047203 0.384903 -0.000597 -0.010314 0.001326 -0.717106 0.696887
1776830309.33244 0.046806 0.384904 -0.000750 -0.010346 0.001259 -0.717074 0.696919
1776830309.49911 0.046301 0.384673 -0.000714 -0.010288 0.001215 -0.716958 0.697040
1776830309.66581 0.045363 0.384199 -0.000890 -0.010215 0.001167 -0.716836 0.697166
1776830309.83249 0.044609 0.383825 -0.000884 -0.010167 0.001192 -0.716703 0.697303
1776830309.99915 0.044373 0.383698 -0.000555 -0.010124 0.001221 -0.716642 0.697367
1776830310.16587 0.044411 0.383799 -0.000292 -0.010094 0.001256 -0.716594 0.697417
1776830310.33253 0.044149 0.383520 -0.000026 -0.010031 0.001255 -0.716556 0.697457
1776830310.49921 0.044095 0.383327 0.000272 -0.009945 0.001279 -0.716555 0.697458
1776830310.66588 0.043631 0.383214 0.000325 -0.009883 0.001248 -0.716508 0.697508
1776830310.83253 0.043684 0.383059 0.000600 -0.009808 0.001308 -0.716490 0.697527
1776830310.99921 0.043652 0.382950 0.000625 -0.009819 0.001310 -0.716469 0.697549
1776830311.16589 0.043678 0.382986 0.000507 -0.009816 0.001287 -0.716451 0.697567
1776830311.33255 0.043528 0.382873 0.000525 -0.009777 0.001298 -0.716446 0.697573
1776830311.49922 0.043226 0.382530 0.000584 -0.009696 0.001356 -0.716427 0.697594
1776830311.66589 0.042378 0.382066 0.000339 -0.009659 0.001291 -0.716348 0.697675
1776830311.83255 0.041813 0.381918 0.000090 -0.009670 0.001255 -0.716284 0.697741
1776830311.99923 0.041244 0.381846 -0.000115 -0.009677 0.001236 -0.716219 0.697808
1776830312.16590 0.040957 0.381828 -0.000209 -0.009719 0.001212 -0.716153 0.697875
1776830312.33258 0.040956 0.381906 -0.000140 -0.009731 0.001199 -0.716140 0.697887
1776830312.49928 0.040794 0.381792 0.000030 -0.009712 0.001220 -0.716087 0.697942
1776830312.66597 0.040899 0.381951 0.000104 -0.009713 0.001206 -0.716079 0.697951
1776830312.83265 0.040711 0.381849 0.000049 -0.009705 0.001166 -0.716060 0.697970
1776830312.99929 0.040952 0.381835 0.000396 -0.009658 0.001267 -0.716068 0.697962
1776830313.16598 0.041111 0.381646 0.000585 -0.009609 0.001305 -0.716088 0.697943
1776830313.33266 0.041170 0.381769 0.000557 -0.009554 0.001311 -0.716097 0.697934
1776830313.49931 0.041589 0.381854 0.000800 -0.009596 0.001353 -0.716138 0.697891
1776830313.66597 0.041794 0.382090 0.000886 -0.009614 0.001386 -0.716157 0.697871
1776830313.83264 0.041387 0.382049 0.000723 -0.009563 0.001325 -0.716133 0.697897
1776830313.99929 0.041166 0.382151 0.000843 -0.009534 0.001322 -0.716112 0.697919
1776830314.16598 0.041204 0.382299 0.001087 -0.009520 0.001337 -0.716115 0.697916
1776830314.33264 0.040957 0.382192 0.001281 -0.009487 0.001379 -0.716089 0.697943
1776830314.49930 0.040863 0.382131 0.001363 -0.009484 0.001380 -0.716082 0.697951
1776830314.66600 0.041121 0.382366 0.001209 -0.009530 0.001358 -0.716085 0.697947
1776830314.83267 0.041176 0.382267 0.001403 -0.009479 0.001395 -0.716092 0.697940
1776830314.99936 0.041270 0.382295 0.001458 -0.009436 0.001444 -0.716105 0.697927
1776830315.16603 0.041434 0.382335 0.001470 -0.009436 0.001441 -0.716119 0.697913
1776830315.33271 0.041610 0.382265 0.001497 -0.009460 0.001431 -0.716122 0.697910
1776830315.49938 0.041663 0.382096 0.001684 -0.009391 0.001475 -0.716149 0.697883
1776830315.66606 0.041903 0.382011 0.001654 -0.009417 0.001519 -0.716170 0.697860
1776830315.83272 0.041802 0.381886 0.001580 -0.009419 0.001457 -0.716170 0.697861
1776830315.99938 0.041592 0.381746 0.001439 -0.009419 0.001428 -0.716174 0.697857
1776830316.16605 0.041693 0.382088 0.001430 -0.009443 0.001451 -0.716169 0.697861
1776830316.33271 0.041170 0.381997 0.001104 -0.009472 0.001370 -0.716118 0.697914
1776830316.49937 0.041334 0.382048 0.001073 -0.009525 0.001395 -0.716128 0.697903
1776830316.66608 0.041625 0.382394 0.001057 -0.009562 0.001401 -0.716123 0.697907
1776830316.83277 0.041972 0.382472 0.001114 -0.009581 0.001434 -0.716148 0.697881
1776830316.99943 0.042175 0.382330 0.001242 -0.009557 0.001486 -0.716159 0.697870
1776830317.16613 0.042212 0.382128 0.001191 -0.009559 0.001454 -0.716168 0.697861
1776830317.33278 0.042431 0.382261 0.001217 -0.009537 0.001460 -0.716180 0.697849
1776830317.49946 0.042685 0.382381 0.001360 -0.009500 0.001464 -0.716231 0.697797
1776830317.66614 0.042179 0.382282 0.001210 -0.009454 0.001449 -0.716188 0.697841
1776830317.83281 0.042363 0.382441 0.001181 -0.009489 0.001461 -0.716198 0.697832
1776830317.99949 0.042362 0.382508 0.001146 -0.009554 0.001404 -0.716198 0.697830
1776830318.16616 0.042225 0.382529 0.001131 -0.009508 0.001434 -0.716206 0.697822
1776830318.33282 0.042083 0.382564 0.001097 -0.009520 0.001420 -0.716175 0.697854
1776830318.49950 0.042233 0.382658 0.001167 -0.009520 0.001388 -0.716177 0.697852
1776830318.66618 0.042085 0.382704 0.001107 -0.009510 0.001344 -0.716167 0.697863
1776830318.83286 0.042004 0.382490 0.001236 -0.009516 0.001371 -0.716161 0.697869
1776830318.99952 0.042074 0.382308 0.001156 -0.009530 0.001415 -0.716170 0.697859
1776830319.16620 0.042383 0.382336 0.001229 -0.009550 0.001454 -0.716201 0.697827
1776830319.33289 0.042522 0.382357 0.001327 -0.009519 0.001480 -0.716216 0.697812
1776830319.49954 0.042471 0.382228 0.001359 -0.009458 0.001480 -0.716222 0.697807
1776830319.66622 0.042285 0.382214 0.001275 -0.009468 0.001419 -0.716208 0.697822
1776830319.83288 0.042085 0.382195 0.001220 -0.009471 0.001422 -0.716203 0.697827
1776830319.99956 0.041661 0.381982 0.001090 -0.009442 0.001412 -0.716157 0.697874
1776830320.16623 0.041468 0.382078 0.000936 -0.009493 0.001412 -0.716128 0.697903
1776830320.33290 0.041340 0.381854 0.000994 -0.009518 0.001433 -0.716109 0.697922
1776830320.49958 0.041817 0.382019 0.000968 -0.009615 0.001443 -0.716139 0.697890
1776830320.66626 0.041704 0.381944 0.000894 -0.009579 0.001448 -0.716137 0.697893
1776830320.83294 0.041398 0.381979 0.000615 -0.009532 0.001412 -0.716115 0.697916
1776830320.99959 0.041244 0.381979 0.000619 -0.009530 0.001408 -0.716076 0.697955
1776830321.16626 0.040926 0.381860 0.000623 -0.009520 0.001390 -0.716033 0.698000
1776830321.33293 0.040791 0.381804 0.000694 -0.009495 0.001442 -0.716012 0.698022
1776830321.49960 0.040991 0.381847 0.000772 -0.009533 0.001448 -0.716023 0.698010
1776830321.66629 0.041272 0.381726 0.000925 -0.009511 0.001503 -0.716045 0.697988
1776830321.83293 0.040921 0.381637 0.000740 -0.009513 0.001447 -0.716035 0.697998
1776830321.99959 0.040963 0.381525 0.000708 -0.009529 0.001505 -0.716027 0.698006
1776830322.16626 0.040812 0.381219 0.000616 -0.009501 0.001533 -0.716003 0.698030
1776830322.33292 0.040921 0.381276 0.000567 -0.009513 0.001514 -0.716011 0.698022
1776830322.49958 0.040995 0.381387 0.000576 -0.009534 0.001500 -0.716016 0.698017
1776830322.66627 0.040990 0.381492 0.000664 -0.009520 0.001496 -0.716020 0.698013
1776830322.83305 0.040937 0.381725 0.000510 -0.009528 0.001480 -0.716014 0.698019
1776830322.99971 0.041028 0.381684 0.000615 -0.009554 0.001451 -0.716030 0.698003
1776830323.16639 0.040665 0.381520 0.000896 -0.009476 0.001469 -0.715987 0.698047
1776830323.33306 0.040474 0.381420 0.000784 -0.009509 0.001469 -0.715959 0.698076
1776830323.49973 0.040426 0.381266 0.000716 -0.009513 0.001526 -0.715932 0.698103
1776830323.66640 0.040551 0.381201 0.000556 -0.009561 0.001505 -0.715928 0.698107
1776830323.83308 0.040481 0.381012 0.000563 -0.009517 0.001530 -0.715931 0.698105
1776830323.99974 0.040565 0.381336 0.000299 -0.009513 0.001464 -0.715968 0.698067
1776830324.16642 0.040631 0.381458 0.000317 -0.009498 0.001473 -0.715973 0.698062
1776830324.33308 0.040376 0.381132 0.000506 -0.009486 0.001480 -0.715944 0.698092
1776830324.49976 0.040374 0.381196 0.000637 -0.009497 0.001503 -0.715940 0.698095
1776830324.66642 0.040081 0.381219 0.000507 -0.009496 0.001470 -0.715918 0.698119
1776830324.83307 0.039641 0.380736 0.000434 -0.009433 0.001498 -0.715869 0.698169
1776830324.99972 0.039307 0.380602 0.000232 -0.009473 0.001416 -0.715833 0.698206
1776830325.16638 0.039059 0.380286 0.000309 -0.009460 0.001438 -0.715786 0.698254
1776830325.33306 0.039389 0.380581 0.000225 -0.009493 0.001432 -0.715794 0.698245
1776830325.49976 0.039364 0.380866 0.000179 -0.009511 0.001403 -0.715784 0.698256
1776830325.66642 0.039404 0.381115 0.000022 -0.009535 0.001351 -0.715792 0.698248
1776830325.83310 0.039409 0.381256 -0.000261 -0.009557 0.001342 -0.715801 0.698237
1776830325.99979 0.039743 0.382115 -0.001011 -0.009648 0.001257 -0.715833 0.698204
1776830326.16643 0.040049 0.382233 -0.001352 -0.009752 0.001237 -0.715835 0.698200
1776830326.33311 0.040243 0.382199 -0.001174 -0.009784 0.001228 -0.715863 0.698171
1776830326.49978 0.040364 0.382183 -0.001091 -0.009789 0.001215 -0.715897 0.698137
1776830326.66646 0.040661 0.382328 -0.000743 -0.009787 0.001232 -0.715925 0.698107
1776830326.83312 0.040726 0.382215 -0.000557 -0.009736 0.001287 -0.715958 0.698074
1776830326.99980 0.040798 0.382185 -0.000463 -0.009714 0.001293 -0.715952 0.698081
1776830327.16644 0.040678 0.382221 -0.000227 -0.009644 0.001299 -0.715947 0.698087
1776830327.33312 0.040474 0.382097 0.000125 -0.009565 0.001307 -0.715948 0.698087
1776830327.49976 0.040674 0.381881 0.000155 -0.009594 0.001342 -0.715964 0.698070
1776830327.66647 0.040671 0.381818 -0.000016 -0.009596 0.001568 -0.715930 0.698104
1776830327.83315 0.040367 0.381868 -0.000072 -0.009577 0.001603 -0.715910 0.698125
1776830327.99986 0.040552 0.381827 -0.000116 -0.009597 0.001539 -0.715932 0.698102
1776830328.16653 0.040756 0.381994 -0.000173 -0.009580 0.001544 -0.715967 0.698067
1776830328.33320 0.040579 0.381793 -0.000126 -0.009582 0.001503 -0.715950 0.698084
1776830328.49990 0.040328 0.381532 0.000329 -0.009507 0.001619 -0.715906 0.698130
1776830328.66657 0.040392 0.381396 0.000454 -0.009488 0.001561 -0.715949 0.698086
1776830328.83325 0.040669 0.381685 0.000189 -0.009506 0.001475 -0.716004 0.698030
1776830328.99991 0.040491 0.381463 0.000232 -0.009475 0.001470 -0.715983 0.698052
1776830329.16657 0.040315 0.380985 0.000423 -0.009422 0.001437 -0.715982 0.698054
1776830329.33323 0.040413 0.380683 0.001008 -0.009361 0.001502 -0.715991 0.698046
1776830329.49987 0.040864 0.380945 0.001180 -0.009368 0.001456 -0.716058 0.697976
1776830329.66663 0.041407 0.381235 0.000993 -0.009438 0.001427 -0.716134 0.697898
1776830329.83323 0.041622 0.381484 0.001050 -0.009404 0.001427 -0.716174 0.697857
1776830330.00001 0.042392 0.382269 0.001013 -0.009454 0.001401 -0.716267 0.697761
1776830330.16670 0.042675 0.382345 0.001503 -0.009394 0.001469 -0.716300 0.697728
1776830330.33337 0.042851 0.382161 0.002039 -0.009315 0.001539 -0.716327 0.697701
1776830330.50007 0.043029 0.382005 0.002248 -0.009274 0.001594 -0.716351 0.697676
1776830330.66670 0.043117 0.381649 0.002426 -0.009192 0.001646 -0.716364 0.697665
1776830330.83338 0.042974 0.381598 0.002347 -0.009169 0.001601 -0.716382 0.697647
1776830331.00001 0.043100 0.381780 0.002251 -0.009205 0.001595 -0.716397 0.697630
1776830331.16669 0.042999 0.381743 0.002399 -0.009173 0.001631 -0.716407 0.697620
1776830331.33337 0.043120 0.381665 0.002489 -0.009195 0.001684 -0.716410 0.697617
1776830331.50005 0.042899 0.381549 0.002485 -0.009129 0.001661 -0.716403 0.697625
1776830331.66673 0.042947 0.381696 0.002568 -0.009111 0.001661 -0.716399 0.697629
1776830331.83342 0.043142 0.381783 0.002748 -0.009131 0.001707 -0.716405 0.697623
1776830332.00010 0.042909 0.381707 0.002915 -0.009082 0.001665 -0.716395 0.697634
1776830332.16676 0.043044 0.381749 0.003124 -0.009062 0.001717 -0.716411 0.697617
1776830332.33345 0.042988 0.381812 0.002963 -0.009073 0.001680 -0.716410 0.697619
1776830332.50012 0.042845 0.381840 0.002923 -0.009038 0.001669 -0.716404 0.697625
1776830332.66681 0.043054 0.382634 0.001688 -0.009159 0.001538 -0.716444 0.697583
1776830332.83344 0.043527 0.382883 0.001157 -0.009230 0.001493 -0.716488 0.697537
1776830333.00010 0.043571 0.382939 0.000838 -0.009290 0.001394 -0.716510 0.697514
1776830333.16681 0.043833 0.383517 0.000202 -0.009404 0.001237 -0.716554 0.697467
1776830333.33346 0.044263 0.383761 0.000401 -0.009457 0.001291 -0.716585 0.697434
1776830333.50014 0.044326 0.383927 0.000463 -0.009490 0.001277 -0.716602 0.697416
1776830333.66682 0.044185 0.383820 0.000730 -0.009466 0.001302 -0.716600 0.697419
1776830333.83349 0.044065 0.383604 0.001110 -0.009396 0.001338 -0.716586 0.697435
1776830334.00018 0.044085 0.383632 0.000823 -0.009379 0.001285 -0.716585 0.697435
1776830334.16683 0.044125 0.383554 0.000890 -0.009381 0.001307 -0.716573 0.697448
1776830334.33350 0.043954 0.383224 0.001286 -0.009313 0.001343 -0.716554 0.697468
1776830334.50015 0.043952 0.383156 0.001262 -0.009321 0.001365 -0.716562 0.697460
1776830334.66683 0.044176 0.383306 0.001230 -0.009353 0.001397 -0.716582 0.697439
1776830334.83350 0.044279 0.383297 0.001125 -0.009384 0.001372 -0.716603 0.697417
1776830335.00016 0.044347 0.383287 0.001212 -0.009352 0.001401 -0.716614 0.697406
1776830335.16683 0.044431 0.383265 0.001164 -0.009358 0.001375 -0.716614 0.697406
1776830335.33352 0.043976 0.382608 0.001830 -0.009209 0.001439 -0.716581 0.697441
1776830335.50018 0.043678 0.382201 0.002147 -0.009104 0.001483 -0.716560 0.697464
1776830335.66683 0.043820 0.382215 0.002419 -0.009094 0.001501 -0.716570 0.697454
1776830335.83352 0.043575 0.381910 0.002397 -0.009093 0.001517 -0.716549 0.697476
1776830336.00015 0.043941 0.381691 0.002851 -0.009065 0.001646 -0.716570 0.697454
1776830336.16685 0.044343 0.381856 0.002694 -0.009089 0.001626 -0.716624 0.697399
1776830336.33352 0.044347 0.381763 0.002922 -0.009033 0.001685 -0.716643 0.697379
1776830336.50021 0.044341 0.381646 0.003096 -0.008994 0.001736 -0.716644 0.697379
1776830336.66689 0.044247 0.381318 0.003193 -0.008958 0.001765 -0.716648 0.697375
1776830336.83354 0.044334 0.381637 0.002998 -0.009010 0.001703 -0.716668 0.697354
1776830337.00023 0.044380 0.381885 0.003318 -0.008987 0.001741 -0.716674 0.697348
1776830337.16694 0.044280 0.381873 0.003290 -0.008958 0.001754 -0.716662 0.697361
1776830337.33361 0.044280 0.381989 0.003011 -0.008987 0.001704 -0.716670 0.697352
1776830337.50027 0.044377 0.382048 0.002759 -0.009025 0.001689 -0.716671 0.697351
1776830337.66692 0.044591 0.381745 0.002973 -0.009005 0.001740 -0.716659 0.697364
1776830337.83353 0.044593 0.381887 0.002897 -0.009020 0.001683 -0.716690 0.697332
1776830338.00024 0.044861 0.381837 0.002930 -0.009043 0.001670 -0.716717 0.697303
1776830338.16692 0.045615 0.382055 0.003175 -0.009062 0.001773 -0.716796 0.697222
1776830338.33359 0.046018 0.382138 0.003228 -0.009102 0.001773 -0.716859 0.697157
1776830338.50027 0.046074 0.382707 0.002985 -0.009111 0.001729 -0.716897 0.697117
1776830338.66696 0.045474 0.382314 0.002806 -0.009050 0.001728 -0.716849 0.697168
1776830338.83360 0.045207 0.382140 0.002858 -0.009034 0.001702 -0.716823 0.697194
1776830339.00027 0.044678 0.381788 0.003078 -0.009001 0.001659 -0.716771 0.697249
1776830339.16693 0.044344 0.381643 0.003211 -0.008938 0.001704 -0.716714 0.697308
1776830339.33357 0.044131 0.381526 0.003267 -0.008919 0.001755 -0.716682 0.697341
1776830339.50026 0.044399 0.381535 0.003268 -0.008956 0.001795 -0.716696 0.697326
1776830339.66695 0.044918 0.381926 0.003176 -0.009016 0.001770 -0.716743 0.697277
1776830339.83363 0.045329 0.381919 0.003121 -0.008998 0.001810 -0.716780 0.697239
1776830340.00031 0.045616 0.382055 0.003064 -0.009053 0.001804 -0.716822 0.697195
1776830340.16699 0.046179 0.382580 0.002564 -0.009162 0.001719 -0.716912 0.697102
1776830340.33367 0.046253 0.382819 0.002336 -0.009214 0.001657 -0.716927 0.697085
1776830340.50034 0.046342 0.382536 0.002562 -0.009161 0.001740 -0.716942 0.697070
1776830340.66703 0.046120 0.382094 0.002989 -0.009139 0.001775 -0.716932 0.697081
1776830340.83370 0.046155 0.382095 0.002833 -0.009146 0.001739 -0.716949 0.697063
1776830341.00038 0.046290 0.382307 0.003016 -0.009142 0.001732 -0.716972 0.697040
1776830341.16707 0.046059 0.382357 0.002889 -0.009082 0.001735 -0.716948 0.697066
1776830341.33374 0.046195 0.382357 0.002901 -0.009084 0.001753 -0.716956 0.697057
1776830341.50039 0.045704 0.381882 0.003437 -0.008971 0.001802 -0.716891 0.697125
1776830341.66699 0.046178 0.382092 0.003365 -0.009015 0.001855 -0.716925 0.697089
1776830341.83368 0.046620 0.382533 0.003068 -0.009127 0.001821 -0.716994 0.697017
1776830342.00038 0.046910 0.382604 0.002897 -0.009145 0.001842 -0.717028 0.696982
1776830342.16705 0.046919 0.382698 0.002861 -0.009125 0.001830 -0.717038 0.696972
1776830342.33372 0.046913 0.382661 0.003042 -0.009124 0.001828 -0.717032 0.696978
1776830342.50036 0.046360 0.382378 0.003249 -0.009046 0.001858 -0.716989 0.697024
1776830342.66705 0.046306 0.381904 0.003675 -0.009000 0.001916 -0.716980 0.697033
1776830342.83369 0.046461 0.381758 0.003982 -0.008977 0.001961 -0.716996 0.697017
1776830343.00033 0.046410 0.381585 0.004044 -0.008942 0.001969 -0.717002 0.697011
1776830343.16700 0.046609 0.381744 0.003945 -0.008950 0.001966 -0.717011 0.697002
1776830343.33368 0.046836 0.382124 0.004098 -0.008928 0.002007 -0.717024 0.696989
1776830343.50039 0.048862 0.382800 0.003829 -0.009071 0.002122 -0.717226 0.696779
1776830343.66688 0.048562 0.383084 0.003551 -0.009042 0.001972 -0.717241 0.696764
1776830343.83363 0.047900 0.383161 0.003380 -0.008977 0.001889 -0.717204 0.696802
1776830344.00033 0.047308 0.383272 0.003396 -0.008944 0.001837 -0.717147 0.696863
1776830344.16699 0.047205 0.383155 0.003727 -0.008943 0.001877 -0.717116 0.696894
1776830344.33364 0.047090 0.383066 0.003716 -0.008953 0.001880 -0.717093 0.696917
1776830344.50030 0.047055 0.382970 0.003514 -0.008920 0.001870 -0.717083 0.696928
1776830344.66698 0.047049 0.382863 0.003799 -0.008904 0.001873 -0.717070 0.696942
1776830344.83366 0.047097 0.382512 0.004023 -0.008864 0.001908 -0.717068 0.696945
1776830345.00030 0.046637 0.382806 0.003544 -0.008879 0.001820 -0.717040 0.696973
1776830345.16696 0.046755 0.382920 0.003718 -0.008937 0.001841 -0.717033 0.696979
1776830345.33363 0.046636 0.383072 0.003781 -0.008909 0.001835 -0.717029 0.696983
1776830345.50033 0.046367 0.383188 0.003532 -0.008930 0.001812 -0.716985 0.697029
1776830345.66702 0.046525 0.383207 0.003504 -0.008969 0.001805 -0.716997 0.697016
1776830345.83368 0.046616 0.383193 0.003390 -0.008970 0.001798 -0.717011 0.697002
1776830346.00035 0.046601 0.383055 0.003516 -0.008958 0.001787 -0.717010 0.697003
1776830346.16703 0.046371 0.383018 0.003263 -0.008926 0.001735 -0.716992 0.697022
1776830346.33369 0.046027 0.382870 0.002887 -0.008917 0.001711 -0.716956 0.697060
1776830346.50036 0.045863 0.382832 0.002964 -0.008909 0.001729 -0.716940 0.697076
1776830346.66701 0.045282 0.382806 0.002308 -0.008932 0.001648 -0.716868 0.697149
1776830346.83370 0.044145 0.382772 0.001171 -0.008987 0.001495 -0.716754 0.697267
1776830347.00032 0.043578 0.382402 0.000381 -0.009070 0.001439 -0.716640 0.697383
1776830347.16704 0.043220 0.382027 -0.000081 -0.009160 0.001375 -0.716564 0.697460
1776830347.33383 0.043015 0.381792 0.000186 -0.009147 0.001389 -0.716533 0.697491
1776830347.50043 0.042397 0.381485 -0.000360 -0.009173 0.001324 -0.716455 0.697572
1776830347.66715 0.041774 0.381413 -0.000977 -0.009258 0.001214 -0.716371 0.697657
1776830347.83377 0.041604 0.381331 -0.000982 -0.009335 0.001175 -0.716338 0.697690
1776830348.00045 0.041791 0.381261 -0.001044 -0.009400 0.001232 -0.716325 0.697703
1776830348.16714 0.042332 0.381291 -0.000403 -0.009409 0.001296 -0.716360 0.697666
1776830348.33395 0.043499 0.381394 0.001243 -0.009324 0.001484 -0.716470 0.697554
1776830348.50043 0.043893 0.381665 0.001740 -0.009231 0.001494 -0.716562 0.697461
1776830348.66721 0.044188 0.382181 0.001966 -0.009157 0.001546 -0.716603 0.697420
1776830348.83398 0.043924 0.382324 0.001668 -0.009072 0.001559 -0.716589 0.697434
1776830349.00064 0.043696 0.382070 0.001418 -0.009039 0.001548 -0.716561 0.697464
1776830349.16730 0.043730 0.381957 0.001393 -0.009034 0.001524 -0.716582 0.697442
1776830349.33400 0.043952 0.382107 0.001541 -0.009059 0.001556 -0.716591 0.697433
1776830349.50063 0.043637 0.382235 0.001831 -0.009018 0.001545 -0.716588 0.697437
1776830349.66727 0.043237 0.382033 0.001441 -0.009039 0.001481 -0.716540 0.697486
1776830349.83395 0.043187 0.381968 0.001544 -0.009034 0.001511 -0.716537 0.697489
1776830350.00062 0.043450 0.381863 0.001521 -0.009019 0.001565 -0.716551 0.697474
1776830350.16728 0.043119 0.381833 0.001172 -0.009021 0.001516 -0.716515 0.697512
1776830350.33394 0.042919 0.381774 0.001065 -0.009015 0.001464 -0.716501 0.697526
1776830350.50062 0.043659 0.382456 0.000864 -0.009011 0.001405 -0.716554 0.697472
1776830350.66735 0.044128 0.382527 0.001077 -0.008945 0.001435 -0.716593 0.697433
1776830350.83396 0.043437 0.382309 0.001328 -0.008908 0.001355 -0.716572 0.697455
1776830351.00054 0.043680 0.382702 0.000671 -0.008959 0.001284 -0.716567 0.697459
1776830351.16720 0.043914 0.382712 0.000589 -0.008984 0.001251 -0.716584 0.697442
1776830351.33388 0.044126 0.383103 0.000580 -0.008978 0.001177 -0.716608 0.697417
1776830351.50054 0.044208 0.383138 0.000663 -0.008961 0.001179 -0.716620 0.697405
1776830351.66722 0.044421 0.382898 0.001091 -0.008917 0.001257 -0.716661 0.697364
1776830351.83391 0.044867 0.382636 0.001434 -0.008847 0.001352 -0.716724 0.697300
1776830352.00059 0.045568 0.382775 0.001689 -0.008835 0.001383 -0.716802 0.697219
1776830352.16728 0.045998 0.382902 0.002008 -0.008841 0.001410 -0.716862 0.697158
1776830352.33397 0.046332 0.382957 0.002150 -0.008847 0.001406 -0.716905 0.697114
1776830352.50059 0.046540 0.382782 0.002158 -0.008866 0.001418 -0.716950 0.697067
1776830352.66728 0.046831 0.382871 0.002256 -0.008831 0.001471 -0.717007 0.697008
1776830352.83394 0.047026 0.383084 0.002180 -0.008869 0.001452 -0.717041 0.696973
1776830353.00062 0.047277 0.383218 0.002269 -0.008879 0.001472 -0.717092 0.696920
1776830353.16727 0.047563 0.383030 0.002273 -0.008858 0.001521 -0.717133 0.696879
1776830353.33394 0.047718 0.383020 0.002358 -0.008874 0.001493 -0.717175 0.696835
1776830353.50061 0.048041 0.383100 0.002271 -0.008901 0.001546 -0.717220 0.696788
1776830353.66730 0.048152 0.382952 0.002354 -0.008912 0.001560 -0.717235 0.696772
1776830353.83396 0.048195 0.382833 0.002524 -0.008874 0.001586 -0.717252 0.696755
1776830354.00061 0.048183 0.382965 0.002520 -0.008927 0.001558 -0.717263 0.696744
1776830354.16730 0.048319 0.382882 0.002657 -0.008912 0.001592 -0.717283 0.696724
1776830354.33397 0.048270 0.382906 0.002494 -0.008930 0.001555 -0.717264 0.696743
1776830354.50064 0.048444 0.382937 0.002500 -0.008916 0.001615 -0.717281 0.696725
1776830354.66732 0.048385 0.382921 0.002537 -0.008915 0.001640 -0.717281 0.696725
1776830354.83398 0.048615 0.383033 0.002492 -0.008949 0.001620 -0.717285 0.696721
1776830355.00064 0.048797 0.383125 0.002474 -0.008974 0.001633 -0.717311 0.696694
1776830355.16731 0.048544 0.382950 0.002522 -0.008957 0.001607 -0.717306 0.696699
1776830355.33396 0.048330 0.382850 0.002507 -0.008985 0.001582 -0.717286 0.696720
1776830355.50065 0.048510 0.382835 0.002367 -0.009026 0.001554 -0.717306 0.696698
1776830355.66730 0.048345 0.382715 0.002120 -0.009028 0.001527 -0.717302 0.696702
1776830355.83396 0.048324 0.382697 0.002041 -0.009043 0.001540 -0.717290 0.696714
1776830356.00064 0.048256 0.382719 0.002050 -0.009044 0.001550 -0.717277 0.696727
1776830356.16730 0.047913 0.382469 0.002177 -0.009027 0.001603 -0.717250 0.696756
1776830356.33395 0.048129 0.382585 0.001989 -0.009059 0.001600 -0.717262 0.696743
1776830356.50062 0.048264 0.382719 0.002067 -0.009088 0.001571 -0.717286 0.696717
1776830356.66731 0.048277 0.382887 0.002062 -0.009061 0.001549 -0.717280 0.696724
1776830356.83397 0.048217 0.382688 0.002156 -0.009030 0.001485 -0.717297 0.696708
1776830357.00066 0.048021 0.382736 0.002259 -0.008989 0.001525 -0.717258 0.696748
1776830357.16732 0.047799 0.382652 0.002423 -0.008979 0.001595 -0.717231 0.696776
1776830357.33399 0.047851 0.382595 0.002566 -0.008954 0.001626 -0.717237 0.696770
1776830357.50071 0.047971 0.382551 0.002594 -0.008945 0.001642 -0.717248 0.696759
1776830357.66737 0.047979 0.382476 0.002510 -0.008960 0.001631 -0.717238 0.696768
1776830357.83405 0.048121 0.382581 0.002380 -0.008973 0.001618 -0.717252 0.696755
1776830358.00072 0.048088 0.382740 0.002378 -0.008945 0.001592 -0.717255 0.696752
1776830358.16739 0.048077 0.382736 0.002574 -0.008892 0.001589 -0.717246 0.696761
1776830358.33406 0.048127 0.382737 0.002815 -0.008817 0.001604 -0.717245 0.696763
1776830358.50073 0.048092 0.382663 0.002900 -0.008824 0.001601 -0.717238 0.696771
1776830358.66742 0.048019 0.382736 0.002844 -0.008784 0.001582 -0.717243 0.696766
1776830358.83410 0.047984 0.382789 0.002848 -0.008816 0.001592 -0.717256 0.696752
1776830359.00078 0.048079 0.382843 0.002922 -0.008817 0.001611 -0.717257 0.696751
1776830359.16743 0.048093 0.382948 0.002901 -0.008818 0.001627 -0.717251 0.696757
1776830359.33410 0.048006 0.382966 0.003162 -0.008791 0.001645 -0.717253 0.696756
1776830359.50079 0.048064 0.382901 0.003016 -0.008820 0.001630 -0.717279 0.696728
1776830359.66746 0.048033 0.383028 0.002995 -0.008836 0.001628 -0.717278 0.696730
1776830359.83413 0.048152 0.382921 0.002978 -0.008808 0.001613 -0.717306 0.696700
1776830360.00080 0.048447 0.382993 0.002961 -0.008787 0.001611 -0.717329 0.696677
1776830360.16745 0.048670 0.383303 0.003080 -0.008768 0.001606 -0.717344 0.696662
1776830360.33412 0.048729 0.383319 0.003061 -0.008772 0.001613 -0.717362 0.696643
1776830360.50078 0.048846 0.383369 0.003269 -0.008698 0.001660 -0.717386 0.696620
1776830360.66745 0.048993 0.383555 0.003148 -0.008693 0.001639 -0.717414 0.696591
1776830360.83411 0.048999 0.383524 0.003149 -0.008680 0.001615 -0.717427 0.696578
1776830361.00078 0.048920 0.383307 0.003246 -0.008682 0.001660 -0.717423 0.696582
1776830361.16743 0.048989 0.383285 0.003086 -0.008723 0.001637 -0.717420 0.696584
1776830361.33413 0.049044 0.383380 0.002724 -0.008852 0.001538 -0.717441 0.696562
1776830361.50080 0.048903 0.383275 0.002735 -0.008819 0.001592 -0.717440 0.696562
1776830361.66749 0.048937 0.383321 0.002512 -0.008814 0.001541 -0.717440 0.696563
1776830361.83416 0.049107 0.383513 0.002485 -0.008782 0.001536 -0.717464 0.696539
1776830362.00082 0.049311 0.383551 0.002612 -0.008778 0.001562 -0.717482 0.696520
1776830362.16748 0.049282 0.383614 0.002567 -0.008823 0.001500 -0.717469 0.696533
1776830362.33416 0.049301 0.383624 0.002572 -0.008825 0.001512 -0.717487 0.696514
1776830362.50080 0.049366 0.383862 0.002466 -0.008827 0.001482 -0.717507 0.696494
1776830362.66745 0.049253 0.383822 0.002467 -0.008767 0.001513 -0.717516 0.696485
1776830362.83413 0.049456 0.383811 0.002623 -0.008779 0.001559 -0.717531 0.696470
1776830363.00080 0.049414 0.383754 0.002593 -0.008767 0.001536 -0.717537 0.696463
1776830363.16748 0.049463 0.383538 0.002455 -0.008767 0.001507 -0.717564 0.696436
1776830363.33415 0.049434 0.383430 0.002324 -0.008797 0.001489 -0.717576 0.696423
1776830363.50078 0.049372 0.383379 0.002475 -0.008771 0.001508 -0.717563 0.696437
1776830363.66746 0.049326 0.383366 0.002535 -0.008758 0.001510 -0.717571 0.696429
1776830363.83413 0.049473 0.383518 0.002510 -0.008751 0.001526 -0.717585 0.696415
1776830364.00080 0.049640 0.383619 0.002757 -0.008698 0.001555 -0.717602 0.696398
1776830364.16745 0.049806 0.383560 0.002940 -0.008653 0.001591 -0.717615 0.696385
1776830364.33412 0.049682 0.383471 0.003128 -0.008604 0.001606 -0.717616 0.696384
1776830364.50078 0.049886 0.383615 0.003195 -0.008572 0.001638 -0.717627 0.696373
1776830364.66745 0.049964 0.383619 0.003388 -0.008551 0.001650 -0.717630 0.696370
1776830364.83414 0.049955 0.383519 0.003414 -0.008534 0.001680 -0.717649 0.696351
1776830365.00080 0.049998 0.383576 0.003458 -0.008558 0.001636 -0.717670 0.696329
1776830365.16745 0.050014 0.383502 0.003489 -0.008560 0.001644 -0.717657 0.696342
1776830365.33411 0.050098 0.383555 0.003276 -0.008633 0.001607 -0.717658 0.696341
1776830365.50080 0.049883 0.383574 0.003098 -0.008667 0.001575 -0.717636 0.696362
1776830365.66744 0.049679 0.383561 0.003234 -0.008627 0.001606 -0.717610 0.696390
1776830365.83412 0.049505 0.383533 0.003354 -0.008610 0.001642 -0.717588 0.696412
1776830366.00081 0.049433 0.383547 0.003399 -0.008621 0.001657 -0.717570 0.696431
1776830366.16746 0.049433 0.383359 0.003343 -0.008673 0.001698 -0.717556 0.696445
1776830366.33413 0.049484 0.383167 0.003359 -0.008660 0.001754 -0.717559 0.696441
1776830366.50080 0.049597 0.383282 0.003274 -0.008686 0.001733 -0.717550 0.696451
1776830366.66749 0.049639 0.383173 0.003310 -0.008716 0.001717 -0.717564 0.696436
1776830366.83415 0.049748 0.383432 0.003173 -0.008693 0.001706 -0.717569 0.696431
1776830367.00082 0.049919 0.383720 0.002955 -0.008750 0.001652 -0.717578 0.696421
1776830367.16752 0.049694 0.383724 0.002771 -0.008765 0.001650 -0.717556 0.696443
1776830367.33418 0.049727 0.383663 0.002628 -0.008778 0.001597 -0.717567 0.696432
1776830367.50084 0.049791 0.383577 0.002733 -0.008739 0.001622 -0.717566 0.696434
1776830367.66749 0.049508 0.383311 0.002702 -0.008703 0.001591 -0.717547 0.696454
1776830367.83418 0.049210 0.383236 0.002854 -0.008663 0.001624 -0.717512 0.696491
1776830368.00085 0.049196 0.383156 0.002862 -0.008685 0.001597 -0.717507 0.696495
1776830368.16751 0.049309 0.383194 0.002581 -0.008718 0.001590 -0.717525 0.696477
1776830368.33419 0.049345 0.383351 0.002339 -0.008752 0.001559 -0.717547 0.696453
1776830368.50087 0.049519 0.383480 0.002276 -0.008723 0.001575 -0.717560 0.696441
1776830368.66756 0.049452 0.383575 0.002210 -0.008716 0.001551 -0.717556 0.696444
1776830368.83422 0.049768 0.383740 0.002384 -0.008674 0.001586 -0.717574 0.696426
1776830369.00088 0.049631 0.383545 0.002388 -0.008679 0.001561 -0.717565 0.696435
1776830369.16754 0.049656 0.383601 0.002350 -0.008724 0.001556 -0.717583 0.696416
1776830369.33420 0.049576 0.383542 0.002237 -0.008779 0.001521 -0.717584 0.696415
1776830369.50085 0.049347 0.383611 0.002414 -0.008741 0.001562 -0.717559 0.696441
1776830369.66749 0.049359 0.383678 0.002478 -0.008733 0.001573 -0.717538 0.696463
1776830369.83416 0.049314 0.383544 0.002690 -0.008719 0.001613 -0.717525 0.696476
1776830370.00088 0.049386 0.383605 0.002583 -0.008750 0.001596 -0.717526 0.696475
1776830370.16757 0.049488 0.383655 0.002475 -0.008757 0.001592 -0.717536 0.696465
1776830370.33423 0.049598 0.383597 0.002581 -0.008706 0.001603 -0.717567 0.696433
1776830370.50092 0.049431 0.383439 0.002592 -0.008664 0.001611 -0.717562 0.696438
1776830370.66754 0.049283 0.383299 0.002613 -0.008656 0.001602 -0.717550 0.696451
1776830370.83421 0.049157 0.383143 0.002492 -0.008658 0.001616 -0.717536 0.696466
1776830371.00087 0.049149 0.383200 0.002444 -0.008675 0.001636 -0.717541 0.696460
1776830371.16752 0.049563 0.383370 0.002469 -0.008668 0.001612 -0.717609 0.696390
1776830371.33420 0.049716 0.383375 0.002481 -0.008665 0.001608 -0.717635 0.696364
1776830371.50086 0.049978 0.383486 0.002632 -0.008651 0.001620 -0.717672 0.696325
1776830371.66756 0.049973 0.383548 0.002515 -0.008670 0.001585 -0.717709 0.696287
1776830371.83420 0.050226 0.383619 0.002631 -0.008666 0.001606 -0.717739 0.696256
1776830372.00088 0.050458 0.383652 0.002647 -0.008728 0.001611 -0.717754 0.696240
1776830372.16754 0.050410 0.383593 0.002703 -0.008753 0.001617 -0.717753 0.696241
1776830372.33423 0.050286 0.383550 0.002901 -0.008713 0.001685 -0.717744 0.696251
1776830372.50086 0.050391 0.383785 0.002705 -0.008775 0.001718 -0.717746 0.696248
1776830372.66751 0.050592 0.383854 0.002886 -0.008749 0.001776 -0.717744 0.696250
1776830372.83420 0.050587 0.383908 0.002866 -0.008741 0.001725 -0.717744 0.696250
1776830373.00087 0.050594 0.383870 0.003064 -0.008707 0.001767 -0.717757 0.696237
1776830373.16755 0.050564 0.383798 0.003302 -0.008680 0.001794 -0.717760 0.696234
1776830373.33418 0.050762 0.384022 0.003422 -0.008672 0.001806 -0.717771 0.696223
1776830373.50084 0.050962 0.383956 0.003496 -0.008630 0.001782 -0.717807 0.696186
1776830373.66755 0.050802 0.383899 0.003096 -0.008696 0.001681 -0.717798 0.696195
1776830373.83422 0.050231 0.383882 0.003094 -0.008722 0.001677 -0.717762 0.696232
1776830374.00093 0.050648 0.383971 0.002879 -0.008734 0.001731 -0.717797 0.696196
1776830374.16759 0.050858 0.384031 0.002749 -0.008754 0.001708 -0.717823 0.696168
1776830374.33425 0.050857 0.384087 0.002797 -0.008761 0.001709 -0.717829 0.696162
1776830374.50092 0.051027 0.384175 0.002970 -0.008781 0.001715 -0.717820 0.696172
1776830374.66761 0.051423 0.384977 0.003215 -0.008829 0.001756 -0.717785 0.696207
1776830374.83430 0.050944 0.384555 0.003461 -0.008720 0.001766 -0.717757 0.696237
1776830375.00095 0.050798 0.384139 0.003342 -0.008703 0.001737 -0.717781 0.696212
1776830375.16761 0.050354 0.383649 0.003477 -0.008632 0.001765 -0.717763 0.696232
1776830375.33424 0.050291 0.383563 0.003450 -0.008631 0.001756 -0.717763 0.696232
1776830375.50093 0.050306 0.383549 0.003388 -0.008617 0.001753 -0.717770 0.696224
1776830375.66760 0.050417 0.383603 0.003218 -0.008652 0.001730 -0.717781 0.696213
1776830375.83429 0.050446 0.383648 0.003051 -0.008675 0.001745 -0.717758 0.696236
1776830376.00097 0.050468 0.383861 0.002977 -0.008710 0.001734 -0.717758 0.696236
1776830376.16765 0.050584 0.384718 0.003155 -0.008775 0.001762 -0.717710 0.696284
1776830376.33431 0.050743 0.384424 0.003244 -0.008704 0.001785 -0.717751 0.696243
1776830376.50098 0.051894 0.385284 0.003673 -0.008716 0.001884 -0.717792 0.696201
1776830376.66766 0.051514 0.384696 0.003585 -0.008650 0.001818 -0.717812 0.696181
1776830376.83431 0.051455 0.384430 0.003399 -0.008570 0.001777 -0.717846 0.696147
1776830377.00097 0.051193 0.384025 0.003523 -0.008530 0.001780 -0.717846 0.696147
1776830377.16761 0.051326 0.384101 0.003426 -0.008563 0.001774 -0.717885 0.696107
1776830377.33427 0.051409 0.384106 0.003461 -0.008572 0.001791 -0.717898 0.696093
1776830377.50094 0.050854 0.383960 0.003803 -0.008528 0.001824 -0.717880 0.696112
1776830377.66760 0.050550 0.384082 0.004061 -0.008560 0.001870 -0.717855 0.696138
1776830377.83429 0.050394 0.384445 0.003975 -0.008670 0.001863 -0.717814 0.696179
1776830378.00100 0.051264 0.384258 0.003629 -0.008695 0.001901 -0.717865 0.696126
1776830378.16767 0.050964 0.384223 0.003813 -0.008650 0.001933 -0.717854 0.696137
1776830378.33432 0.050756 0.384654 0.003725 -0.008770 0.001905 -0.717804 0.696188
1776830378.50100 0.050727 0.384968 0.003613 -0.008858 0.001910 -0.717800 0.696190
1776830378.66769 0.050512 0.385032 0.003423 -0.008930 0.001907 -0.717771 0.696219
1776830378.83435 0.050621 0.385273 0.003199 -0.009014 0.001895 -0.717778 0.696211
1776830379.00102 0.050651 0.385135 0.002838 -0.009075 0.001828 -0.717763 0.696226
1776830379.16769 0.050590 0.385349 0.002811 -0.009081 0.001816 -0.717746 0.696243
1776830379.33434 0.050752 0.385559 0.002650 -0.009141 0.001781 -0.717743 0.696246
1776830379.50101 0.050816 0.385612 0.002652 -0.009107 0.001815 -0.717758 0.696230
1776830379.66768 0.050875 0.385657 0.002578 -0.009101 0.001841 -0.717757 0.696232
1776830379.83435 0.050806 0.385579 0.002626 -0.009104 0.001872 -0.717752 0.696236
1776830380.00102 0.050643 0.385527 0.002880 -0.009085 0.001877 -0.717736 0.696254
1776830380.16769 0.050547 0.385477 0.002926 -0.009084 0.001843 -0.717737 0.696253
1776830380.33436 0.050688 0.385536 0.002861 -0.009130 0.001815 -0.717746 0.696243
1776830380.50105 0.050746 0.385530 0.002939 -0.009093 0.001837 -0.717757 0.696232
1776830380.66771 0.050791 0.385672 0.003136 -0.009076 0.001846 -0.717759 0.696230
1776830380.83437 0.050903 0.385765 0.003170 -0.009064 0.001886 -0.717771 0.696218
1776830381.00105 0.051131 0.385840 0.003266 -0.009035 0.001883 -0.717793 0.696195
1776830381.16773 0.051139 0.385865 0.003372 -0.009019 0.001827 -0.717810 0.696179
1776830381.33440 0.051013 0.385895 0.003436 -0.008995 0.001846 -0.717789 0.696201
1776830381.50108 0.051924 0.385931 0.002940 -0.009003 0.001825 -0.717866 0.696121
1776830381.66773 0.051648 0.385930 0.003049 -0.008972 0.001806 -0.717859 0.696128
1776830381.83441 0.051280 0.385764 0.003346 -0.008948 0.001779 -0.717871 0.696117
1776830382.00109 0.051216 0.385755 0.003304 -0.009015 0.001776 -0.717869 0.696117
1776830382.16774 0.051263 0.385966 0.003176 -0.009019 0.001814 -0.717883 0.696102
1776830382.33441 0.051360 0.386120 0.003156 -0.009048 0.001797 -0.717874 0.696111
1776830382.50108 0.051282 0.386215 0.003143 -0.009079 0.001825 -0.717853 0.696133
1776830382.66776 0.051289 0.386362 0.003142 -0.009111 0.001785 -0.717851 0.696135
1776830382.83443 0.051157 0.386083 0.003082 -0.009109 0.001836 -0.717840 0.696146
1776830383.00109 0.051168 0.386147 0.003106 -0.009090 0.001846 -0.717845 0.696142
1776830383.16777 0.051164 0.386106 0.003267 -0.009065 0.001854 -0.717845 0.696141
1776830383.33442 0.051067 0.386255 0.003170 -0.009097 0.001772 -0.717838 0.696149
1776830383.50108 0.052073 0.386349 0.002782 -0.009094 0.001749 -0.717929 0.696055
1776830383.66776 0.052572 0.386367 0.002473 -0.009150 0.001677 -0.717992 0.695990
1776830383.83443 0.052549 0.386434 0.002222 -0.009140 0.001591 -0.718007 0.695974
1776830384.00110 0.052727 0.386455 0.002134 -0.009128 0.001591 -0.718029 0.695951
1776830384.16777 0.052653 0.386255 0.002346 -0.009120 0.001601 -0.718044 0.695936
1776830384.33443 0.052813 0.386269 0.002412 -0.009087 0.001591 -0.718083 0.695897
1776830384.50109 0.053050 0.386605 0.002309 -0.009137 0.001579 -0.718114 0.695863
1776830384.66776 0.053207 0.386735 0.002357 -0.009185 0.001591 -0.718120 0.695857
1776830384.83444 0.053156 0.386544 0.002539 -0.009202 0.001604 -0.718116 0.695861
1776830385.00110 0.053298 0.386658 0.002714 -0.009155 0.001684 -0.718105 0.695873
1776830385.16778 0.053171 0.386566 0.002820 -0.009150 0.001674 -0.718090 0.695888
1776830385.33444 0.053206 0.386616 0.002853 -0.009140 0.001665 -0.718093 0.695885
1776830385.50109 0.053137 0.386628 0.002750 -0.009157 0.001673 -0.718059 0.695920
1776830385.66777 0.053056 0.386751 0.002891 -0.009141 0.001669 -0.718041 0.695939
1776830385.83443 0.052903 0.386758 0.002921 -0.009129 0.001679 -0.718024 0.695957
1776830386.00110 0.052764 0.386576 0.003008 -0.009126 0.001704 -0.718032 0.695948
1776830386.16777 0.052873 0.386593 0.003165 -0.009125 0.001782 -0.718021 0.695960
1776830386.33444 0.052727 0.386453 0.003229 -0.009141 0.001756 -0.718000 0.695980
1776830386.50111 0.052594 0.385995 0.003256 -0.009128 0.001792 -0.717986 0.695995
1776830386.66774 0.052435 0.386001 0.003009 -0.009170 0.001751 -0.717964 0.696018
1776830386.83441 0.052375 0.386052 0.003114 -0.009133 0.001794 -0.717948 0.696034
1776830387.00110 0.052429 0.386122 0.003187 -0.009104 0.001841 -0.717957 0.696025
1776830387.16777 0.052455 0.386172 0.003118 -0.009114 0.001809 -0.717957 0.696026
1776830387.33443 0.052566 0.386323 0.002925 -0.009131 0.001779 -0.717947 0.696035
1776830387.50111 0.052357 0.386227 0.002938 -0.009142 0.001761 -0.717933 0.696050
1776830387.66776 0.052438 0.386177 0.002878 -0.009101 0.001806 -0.717940 0.696043
1776830387.83442 0.052412 0.386369 0.002540 -0.009151 0.001756 -0.717925 0.696058
1776830388.00108 0.052318 0.386481 0.002347 -0.009209 0.001723 -0.717919 0.696063
1776830388.16777 0.052472 0.386528 0.002568 -0.009155 0.001783 -0.717932 0.696051
1776830388.33443 0.052597 0.386636 0.002719 -0.009138 0.001799 -0.717958 0.696024
1776830388.50109 0.052576 0.386623 0.002686 -0.009197 0.001792 -0.717950 0.696031
1776830388.66778 0.052454 0.386599 0.002626 -0.009205 0.001769 -0.717932 0.696050
1776830388.83444 0.052716 0.386769 0.002572 -0.009219 0.001794 -0.717959 0.696022
1776830389.00110 0.052833 0.386860 0.002448 -0.009251 0.001762 -0.717965 0.696016
1776830389.16778 0.052787 0.386797 0.002422 -0.009277 0.001740 -0.717970 0.696010
1776830389.33445 0.052739 0.386773 0.002726 -0.009220 0.001796 -0.717970 0.696011
1776830389.50111 0.052663 0.386717 0.002633 -0.009215 0.001775 -0.717968 0.696013
1776830389.66778 0.052653 0.386791 0.002682 -0.009183 0.001774 -0.717968 0.696013
1776830389.83447 0.052596 0.386640 0.002937 -0.009117 0.001837 -0.717968 0.696014
1776830390.00113 0.052513 0.386520 0.002941 -0.009171 0.001800 -0.717972 0.696009
1776830390.16779 0.052500 0.386597 0.002832 -0.009167 0.001791 -0.717960 0.696022
1776830390.33446 0.052219 0.386382 0.002758 -0.009153 0.001781 -0.717945 0.696037
1776830390.50113 0.052154 0.386432 0.002472 -0.009230 0.001766 -0.717925 0.696057
1776830390.66780 0.052132 0.386491 0.002213 -0.009298 0.001720 -0.717912 0.696070
1776830390.83447 0.052100 0.386549 0.002074 -0.009280 0.001735 -0.717927 0.696054
1776830391.00119 0.051957 0.386422 0.002339 -0.009238 0.001804 -0.717928 0.696054
1776830391.16787 0.051961 0.386398 0.002414 -0.009267 0.001822 -0.717926 0.696055
1776830391.33454 0.051953 0.386169 0.002798 -0.009211 0.001860 -0.717932 0.696050
1776830391.50120 0.051956 0.386245 0.002707 -0.009226 0.001836 -0.717927 0.696055
1776830391.66788 0.051899 0.386231 0.002599 -0.009302 0.001817 -0.717904 0.696078
1776830391.83455 0.051909 0.386258 0.002583 -0.009286 0.001846 -0.717897 0.696084
1776830392.00122 0.051915 0.386195 0.002719 -0.009310 0.001869 -0.717892 0.696090
1776830392.16789 0.052025 0.386214 0.002447 -0.009369 0.001846 -0.717902 0.696079
1776830392.33456 0.051893 0.386394 0.002211 -0.009386 0.001800 -0.717893 0.696088
1776830392.50123 0.052070 0.386639 0.002430 -0.009355 0.001828 -0.717911 0.696069
1776830392.66791 0.052105 0.386659 0.002573 -0.009277 0.001839 -0.717933 0.696048
1776830392.83458 0.052135 0.386500 0.002837 -0.009227 0.001876 -0.717943 0.696039
1776830393.00124 0.052289 0.386616 0.002808 -0.009230 0.001862 -0.717972 0.696008
1776830393.16792 0.052378 0.386471 0.002845 -0.009226 0.001857 -0.717981 0.695999
1776830393.33458 0.052264 0.386515 0.002712 -0.009248 0.001848 -0.717971 0.696009
1776830393.50126 0.052246 0.386591 0.002403 -0.009293 0.001815 -0.717971 0.696008
1776830393.66793 0.052476 0.386610 0.002350 -0.009306 0.001796 -0.717986 0.695993
1776830393.83461 0.052453 0.386671 0.002348 -0.009308 0.001825 -0.717976 0.696003
1776830394.00127 0.052167 0.386590 0.002345 -0.009314 0.001847 -0.717943 0.696037
1776830394.16795 0.052228 0.386700 0.002356 -0.009312 0.001858 -0.717922 0.696059
1776830394.33461 0.052057 0.386653 0.002453 -0.009293 0.001861 -0.717904 0.696077
1776830394.50129 0.051902 0.386496 0.002506 -0.009282 0.001832 -0.717904 0.696078
1776830394.66795 0.052061 0.386605 0.002500 -0.009305 0.001829 -0.717924 0.696057
1776830394.83463 0.052191 0.386686 0.002460 -0.009327 0.001839 -0.717933 0.696047
1776830395.00130 0.052229 0.386797 0.002484 -0.009304 0.001844 -0.717928 0.696053
1776830395.16796 0.052064 0.386750 0.002314 -0.009297 0.001811 -0.717907 0.696075
1776830395.33463 0.051883 0.386724 0.002446 -0.009278 0.001796 -0.717908 0.696074
1776830395.50130 0.052035 0.386836 0.002556 -0.009287 0.001811 -0.717926 0.696055
1776830395.66798 0.052141 0.386994 0.002372 -0.009312 0.001785 -0.717934 0.696046
1776830395.83465 0.052167 0.386900 0.002345 -0.009270 0.001791 -0.717946 0.696035
1776830396.00134 0.051999 0.386696 0.002629 -0.009232 0.001813 -0.717933 0.696048
1776830396.16800 0.051975 0.386615 0.002464 -0.009255 0.001792 -0.717915 0.696067
1776830396.33467 0.051956 0.386632 0.002277 -0.009283 0.001747 -0.717921 0.696060
1776830396.50134 0.051945 0.386542 0.002378 -0.009257 0.001782 -0.717914 0.696068
1776830396.66801 0.052219 0.386889 0.002243 -0.009244 0.001766 -0.717945 0.696037
1776830396.83468 0.052341 0.386805 0.002348 -0.009193 0.001757 -0.717968 0.696013
1776830397.00135 0.052154 0.386715 0.002473 -0.009194 0.001736 -0.717951 0.696031
1776830397.16802 0.051967 0.386661 0.002661 -0.009168 0.001721 -0.717951 0.696031
1776830397.33469 0.052041 0.386600 0.002779 -0.009125 0.001737 -0.717945 0.696038
1776830397.50136 0.052076 0.386505 0.002855 -0.009097 0.001774 -0.717950 0.696033
1776830397.66802 0.051962 0.386368 0.002840 -0.009076 0.001760 -0.717962 0.696021
1776830397.83470 0.051792 0.386181 0.002780 -0.009113 0.001717 -0.717971 0.696011
1776830398.00136 0.051778 0.386195 0.002911 -0.009123 0.001757 -0.717966 0.696016
1776830398.16804 0.051777 0.386260 0.002990 -0.009153 0.001715 -0.717972 0.696010
1776830398.33470 0.051704 0.386393 0.002792 -0.009189 0.001679 -0.717961 0.696020
1776830398.50137 0.051776 0.386372 0.002744 -0.009198 0.001699 -0.717973 0.696008
1776830398.66806 0.051825 0.386381 0.002709 -0.009180 0.001739 -0.717975 0.696007
1776830398.83473 0.051973 0.386351 0.002893 -0.009161 0.001774 -0.717990 0.695991
1776830399.00140 0.051915 0.386228 0.002890 -0.009169 0.001767 -0.717991 0.695989
1776830399.16808 0.052076 0.386304 0.002788 -0.009169 0.001759 -0.717998 0.695982
1776830399.33472 0.052282 0.386329 0.002828 -0.009142 0.001830 -0.718005 0.695975
1776830399.50140 0.052372 0.386299 0.003012 -0.009124 0.001849 -0.718014 0.695966
1776830399.66805 0.052498 0.386517 0.002953 -0.009163 0.001834 -0.718034 0.695945
1776830399.83473 0.052515 0.386359 0.002982 -0.009143 0.001865 -0.718030 0.695949
1776830400.00140 0.052289 0.386224 0.003016 -0.009131 0.001866 -0.718014 0.695967
1776830400.16807 0.052217 0.386197 0.003027 -0.009159 0.001843 -0.718011 0.695969
1776830400.33472 0.052315 0.386433 0.002877 -0.009184 0.001825 -0.718004 0.695976
1776830400.50141 0.052477 0.386369 0.002541 -0.009243 0.001779 -0.718013 0.695966
1776830400.66808 0.052565 0.386608 0.002546 -0.009238 0.001800 -0.718019 0.695959
1776830400.83475 0.052832 0.386660 0.002451 -0.009268 0.001818 -0.718057 0.695920
1776830401.00142 0.052873 0.386806 0.002314 -0.009298 0.001771 -0.718073 0.695904
1776830401.16809 0.052865 0.386876 0.002335 -0.009305 0.001746 -0.718057 0.695919
1776830401.33477 0.052973 0.386884 0.002600 -0.009246 0.001746 -0.718079 0.695898
1776830401.50142 0.053077 0.387036 0.002395 -0.009313 0.001693 -0.718085 0.695891
1776830401.66809 0.052942 0.387079 0.002247 -0.009356 0.001708 -0.718068 0.695908
1776830401.83478 0.052828 0.386972 0.002199 -0.009339 0.001698 -0.718073 0.695903
1776830402.00145 0.052945 0.386911 0.002217 -0.009327 0.001741 -0.718084 0.695892
1776830402.16811 0.053086 0.386819 0.002392 -0.009235 0.001767 -0.718116 0.695860
1776830402.33476 0.053102 0.386925 0.002411 -0.009257 0.001752 -0.718102 0.695874
1776830402.50142 0.053071 0.386835 0.002394 -0.009268 0.001732 -0.718108 0.695868
1776830402.66810 0.053112 0.386881 0.002235 -0.009273 0.001748 -0.718109 0.695866
1776830402.83478 0.053092 0.386804 0.002349 -0.009262 0.001751 -0.718116 0.695860
1776830403.00145 0.053009 0.386697 0.002358 -0.009279 0.001755 -0.718103 0.695873
1776830403.16812 0.052985 0.386587 0.002476 -0.009277 0.001771 -0.718088 0.695888
1776830403.33477 0.052954 0.386465 0.002428 -0.009289 0.001761 -0.718088 0.695888
1776830403.50143 0.052850 0.386363 0.002406 -0.009306 0.001775 -0.718098 0.695877
1776830403.66811 0.052795 0.386386 0.002288 -0.009305 0.001805 -0.718099 0.695876
1776830403.83479 0.052713 0.386454 0.002261 -0.009342 0.001805 -0.718075 0.695901
1776830404.00145 0.052732 0.386355 0.002427 -0.009334 0.001837 -0.718060 0.695916
1776830404.16812 0.052602 0.386324 0.002307 -0.009404 0.001839 -0.718044 0.695931
1776830404.33479 0.052771 0.386329 0.002490 -0.009344 0.001900 -0.718064 0.695912
1776830404.50144 0.052942 0.386393 0.002393 -0.009338 0.001893 -0.718078 0.695897
1776830404.66812 0.053074 0.386381 0.002408 -0.009333 0.001902 -0.718082 0.695893
1776830404.83479 0.052858 0.386395 0.002416 -0.009336 0.001883 -0.718060 0.695916
1776830405.00145 0.052902 0.386231 0.002471 -0.009312 0.001908 -0.718070 0.695906
1776830405.16812 0.053198 0.387001 0.002675 -0.009354 0.001841 -0.718033 0.695944
1776830405.33477 0.052890 0.386793 0.002516 -0.009339 0.001838 -0.718043 0.695934
1776830405.50144 0.052875 0.386643 0.002586 -0.009289 0.001897 -0.718053 0.695924
1776830405.66811 0.052959 0.386471 0.002523 -0.009275 0.001876 -0.718079 0.695897
1776830405.83478 0.053067 0.386439 0.002555 -0.009250 0.001923 -0.718100 0.695876
1776830406.00144 0.053551 0.387130 0.002783 -0.009306 0.001894 -0.718089 0.695886
1776830406.16812 0.053850 0.388068 0.002870 -0.009342 0.001808 -0.718077 0.695898
1776830406.33478 0.054043 0.388530 0.003331 -0.009280 0.001844 -0.718065 0.695912
1776830406.50146 0.054291 0.388957 0.003716 -0.009253 0.001813 -0.718046 0.695931
1776830406.66813 0.054066 0.388947 0.003972 -0.009180 0.001788 -0.718037 0.695942
1776830406.83481 0.054288 0.389060 0.004074 -0.009147 0.001805 -0.718046 0.695933
1776830407.00146 0.054156 0.389065 0.004080 -0.009131 0.001779 -0.718041 0.695939
1776830407.16814 0.054046 0.388850 0.004275 -0.009099 0.001794 -0.718039 0.695941
1776830407.33480 0.053909 0.388699 0.004280 -0.009091 0.001793 -0.718031 0.695949
1776830407.50146 0.053971 0.388603 0.004229 -0.009072 0.001792 -0.718032 0.695949
1776830407.66813 0.054049 0.388764 0.004109 -0.009086 0.001785 -0.718038 0.695943
1776830407.83480 0.053848 0.388623 0.004339 -0.009055 0.001816 -0.718034 0.695947
1776830408.00148 0.053642 0.388639 0.004403 -0.009062 0.001802 -0.718023 0.695958
1776830408.16815 0.053753 0.388552 0.004440 -0.009103 0.001822 -0.718017 0.695964
1776830408.33478 0.052997 0.387123 0.004125 -0.009067 0.001902 -0.718046 0.695934
1776830408.50145 0.052904 0.386359 0.003946 -0.009073 0.001971 -0.718059 0.695920
1776830408.66812 0.052709 0.386091 0.003630 -0.009109 0.001988 -0.718059 0.695919
1776830408.83480 0.052571 0.385946 0.003302 -0.009195 0.001963 -0.718073 0.695905
1776830409.00149 0.052703 0.385988 0.002956 -0.009284 0.001921 -0.718096 0.695880
1776830409.16817 0.052931 0.386168 0.002638 -0.009362 0.001907 -0.718096 0.695878
1776830409.33482 0.053272 0.386613 0.002278 -0.009479 0.001895 -0.718100 0.695873
1776830409.50151 0.053893 0.387524 0.002396 -0.009491 0.001879 -0.718119 0.695853
1776830409.66817 0.053635 0.387294 0.002546 -0.009419 0.001916 -0.718120 0.695853
1776830409.83486 0.053767 0.387165 0.002795 -0.009412 0.001939 -0.718147 0.695825
1776830410.00151 0.053807 0.387173 0.002816 -0.009428 0.001966 -0.718160 0.695811
1776830410.16819 0.053885 0.387305 0.002552 -0.009475 0.001944 -0.718171 0.695799
1776830410.33486 0.053855 0.387326 0.002764 -0.009477 0.001981 -0.718180 0.695790
1776830410.50151 0.053910 0.387118 0.002890 -0.009458 0.002042 -0.718185 0.695785
1776830410.66819 0.054483 0.388083 0.002925 -0.009491 0.001968 -0.718171 0.695799
1776830410.83486 0.054809 0.388762 0.003292 -0.009483 0.001911 -0.718155 0.695816
1776830411.00154 0.054965 0.389335 0.003537 -0.009423 0.001893 -0.718146 0.695826
1776830411.16820 0.055356 0.389771 0.003794 -0.009359 0.001858 -0.718175 0.695797
1776830411.33489 0.055432 0.390079 0.003861 -0.009298 0.001820 -0.718170 0.695804
1776830411.50155 0.055503 0.390070 0.004283 -0.009144 0.001888 -0.718192 0.695782
1776830411.66824 0.055508 0.390136 0.004293 -0.009105 0.001825 -0.718211 0.695764
1776830411.83490 0.055466 0.390113 0.004394 -0.009068 0.001831 -0.718226 0.695748
1776830412.00158 0.055482 0.389964 0.004408 -0.009063 0.001830 -0.718235 0.695739
1776830412.16825 0.055539 0.389946 0.004203 -0.009097 0.001776 -0.718253 0.695721
1776830412.33492 0.055555 0.389842 0.004385 -0.009035 0.001812 -0.718253 0.695721
1776830412.50160 0.055479 0.389612 0.004245 -0.009034 0.001799 -0.718264 0.695710
1776830412.66825 0.055433 0.389496 0.004545 -0.008953 0.001847 -0.718276 0.695698
1776830412.83492 0.054786 0.388049 0.004038 -0.008965 0.001929 -0.718287 0.695687
1776830413.00157 0.054893 0.388442 0.003905 -0.009039 0.001855 -0.718293 0.695679
1776830413.16826 0.055169 0.388781 0.004046 -0.009042 0.001860 -0.718299 0.695673
1776830413.33492 0.055519 0.389287 0.003979 -0.009083 0.001843 -0.718315 0.695657
1776830413.50161 0.055702 0.389538 0.004362 -0.009035 0.001884 -0.718326 0.695645
1776830413.66827 0.055936 0.389665 0.004490 -0.009030 0.001924 -0.718337 0.695634
1776830413.83494 0.055737 0.389691 0.004777 -0.008998 0.001944 -0.718318 0.695654
1776830414.00161 0.055536 0.389630 0.004954 -0.008986 0.001923 -0.718307 0.695666
1776830414.16829 0.055715 0.389695 0.004903 -0.009018 0.001918 -0.718307 0.695665
1776830414.33494 0.055672 0.389846 0.004939 -0.009005 0.001914 -0.718291 0.695682
1776830414.50162 0.055744 0.389709 0.004877 -0.009005 0.001898 -0.718314 0.695658
1776830414.66827 0.055915 0.389769 0.004632 -0.009009 0.001880 -0.718328 0.695644
1776830414.83496 0.055955 0.389709 0.004517 -0.009004 0.001891 -0.718337 0.695635
1776830415.00162 0.056026 0.389668 0.004567 -0.008958 0.001909 -0.718359 0.695612
1776830415.16829 0.055949 0.389790 0.004579 -0.008963 0.001915 -0.718351 0.695621
1776830415.33496 0.055858 0.389736 0.004630 -0.008996 0.001926 -0.718334 0.695638
1776830415.50164 0.055317 0.388629 0.004290 -0.008964 0.002002 -0.718352 0.695619
1776830415.66830 0.055561 0.388832 0.004263 -0.009022 0.001987 -0.718357 0.695614
1776830415.83498 0.055134 0.387979 0.004066 -0.008989 0.002081 -0.718348 0.695623
1776830416.00165 0.055239 0.387524 0.003939 -0.009008 0.002156 -0.718378 0.695591
1776830416.16833 0.055311 0.387658 0.003597 -0.009101 0.002136 -0.718384 0.695584
1776830416.33502 0.056049 0.388548 0.003545 -0.009178 0.002055 -0.718406 0.695560
1776830416.50171 0.055929 0.388298 0.003392 -0.009180 0.002072 -0.718414 0.695552
1776830416.66839 0.056343 0.388946 0.003498 -0.009217 0.002011 -0.718421 0.695545
1776830416.83508 0.056693 0.389611 0.003851 -0.009197 0.001973 -0.718418 0.695548
1776830417.00175 0.056978 0.390172 0.004145 -0.009194 0.001915 -0.718431 0.695535
1776830417.16842 0.056965 0.390427 0.004311 -0.009135 0.001856 -0.718432 0.695535
1776830417.33508 0.057012 0.390503 0.004603 -0.009082 0.001897 -0.718431 0.695536
1776830417.50175 0.057193 0.390548 0.004854 -0.009042 0.001907 -0.718456 0.695511
1776830417.66841 0.057015 0.390512 0.004848 -0.009013 0.001891 -0.718454 0.695514
1776830417.83509 0.057105 0.390410 0.005075 -0.009002 0.001923 -0.718453 0.695514
1776830418.00176 0.056876 0.390312 0.005108 -0.008962 0.001921 -0.718429 0.695540
1776830418.16843 0.056857 0.390304 0.005108 -0.008954 0.001945 -0.718431 0.695537
1776830418.33509 0.056840 0.390095 0.005012 -0.008944 0.001970 -0.718451 0.695517
1776830418.50176 0.056811 0.389846 0.005074 -0.008919 0.001989 -0.718462 0.695506
1776830418.66843 0.056607 0.389738 0.005002 -0.008961 0.001930 -0.718430 0.695539
1776830418.83511 0.056882 0.389799 0.004999 -0.008967 0.001968 -0.718451 0.695517
1776830419.00179 0.056998 0.389877 0.005025 -0.008938 0.001999 -0.718462 0.695506
1776830419.16846 0.056823 0.389841 0.004950 -0.008988 0.001942 -0.718444 0.695524
1776830419.33516 0.056795 0.389935 0.004978 -0.009011 0.001949 -0.718431 0.695537
1776830419.50184 0.056779 0.390054 0.005042 -0.008964 0.001961 -0.718429 0.695539
1776830419.66849 0.057000 0.389903 0.005082 -0.008939 0.002015 -0.718466 0.695501
1776830419.83519 0.057014 0.389798 0.005090 -0.008907 0.002028 -0.718472 0.695495
1776830420.00186 0.057049 0.389706 0.005251 -0.008836 0.002067 -0.718464 0.695505
1776830420.16852 0.056772 0.389615 0.005291 -0.008795 0.002047 -0.718457 0.695513
1776830420.33520 0.057104 0.389750 0.005223 -0.008831 0.002047 -0.718477 0.695492
1776830420.50187 0.057184 0.389662 0.005403 -0.008755 0.002085 -0.718501 0.695468
1776830420.66854 0.057207 0.389678 0.005499 -0.008768 0.002105 -0.718500 0.695469
1776830420.83522 0.057284 0.389588 0.005328 -0.008822 0.002037 -0.718516 0.695452
1776830421.00189 0.057356 0.389476 0.005157 -0.008810 0.002033 -0.718526 0.695441
1776830421.16857 0.057056 0.389369 0.005053 -0.008839 0.001972 -0.718510 0.695458
1776830421.33524 0.056868 0.389262 0.004982 -0.008866 0.001952 -0.718500 0.695468
1776830421.50190 0.057072 0.389298 0.004710 -0.008921 0.001929 -0.718503 0.695464
1776830421.66857 0.056820 0.389306 0.004646 -0.008915 0.001936 -0.718480 0.695488
1776830421.83525 0.056789 0.389333 0.004538 -0.008924 0.001937 -0.718477 0.695491
1776830422.00192 0.056512 0.389221 0.004444 -0.008943 0.001926 -0.718444 0.695524
1776830422.16859 0.056529 0.389259 0.004318 -0.008960 0.001908 -0.718436 0.695533
1776830422.33522 0.057073 0.390309 0.004852 -0.009033 0.001943 -0.718460 0.695507
1776830422.50191 0.057224 0.390111 0.005085 -0.008978 0.002017 -0.718460 0.695507
1776830422.66859 0.057573 0.389994 0.005109 -0.008967 0.002041 -0.718484 0.695483
1776830422.83524 0.057989 0.389896 0.005116 -0.008957 0.002039 -0.718542 0.695423
1776830423.00191 0.057909 0.389927 0.005133 -0.008925 0.002038 -0.718549 0.695416
1776830423.16859 0.057796 0.389769 0.005095 -0.008917 0.002018 -0.718549 0.695417
1776830423.33526 0.057795 0.389771 0.004850 -0.008973 0.001974 -0.718564 0.695400
1776830423.50193 0.057390 0.389640 0.005039 -0.008957 0.001956 -0.718531 0.695435
1776830423.66858 0.057501 0.389707 0.004867 -0.009047 0.001959 -0.718516 0.695448
1776830423.83523 0.057200 0.389651 0.004854 -0.009044 0.001943 -0.718489 0.695477
1776830424.00191 0.057243 0.389634 0.004788 -0.009069 0.001969 -0.718486 0.695479
1776830424.16858 0.057243 0.389373 0.004753 -0.009103 0.002005 -0.718495 0.695470
1776830424.33523 0.057372 0.389167 0.004861 -0.009127 0.002018 -0.718489 0.695476
1776830424.50191 0.057259 0.389336 0.004759 -0.009124 0.001976 -0.718475 0.695490
1776830424.66859 0.057133 0.389391 0.004754 -0.009096 0.002002 -0.718466 0.695500
1776830424.83526 0.056984 0.389524 0.004579 -0.009131 0.001959 -0.718448 0.695518
1776830425.00193 0.056992 0.389895 0.004540 -0.009108 0.001990 -0.718422 0.695545
1776830425.16860 0.057095 0.390069 0.004449 -0.009130 0.001975 -0.718405 0.695563
1776830425.33526 0.057006 0.390123 0.004583 -0.009096 0.001974 -0.718392 0.695576
1776830425.50193 0.056669 0.389891 0.004527 -0.009099 0.001920 -0.718364 0.695605
1776830425.66861 0.056340 0.390066 0.004405 -0.009133 0.001850 -0.718328 0.695642
1776830425.83527 0.055817 0.389970 0.004502 -0.009109 0.001844 -0.718279 0.695693
1776830426.00193 0.055832 0.390048 0.004322 -0.009195 0.001848 -0.718259 0.695713
1776830426.16861 0.055647 0.389937 0.004291 -0.009189 0.001836 -0.718226 0.695747
1776830426.33527 0.055781 0.389886 0.004331 -0.009176 0.001867 -0.718228 0.695744
1776830426.50195 0.055755 0.389854 0.004296 -0.009185 0.001868 -0.718228 0.695745
1776830426.66862 0.055271 0.389685 0.004375 -0.009153 0.001853 -0.718192 0.695782
1776830426.83529 0.054985 0.389906 0.004328 -0.009128 0.001813 -0.718143 0.695834
1776830427.00196 0.054579 0.389804 0.004498 -0.009065 0.001839 -0.718102 0.695876
1776830427.16865 0.054748 0.389953 0.004338 -0.009117 0.001813 -0.718087 0.695891
1776830427.33532 0.054705 0.389660 0.004546 -0.009032 0.001852 -0.718064 0.695916
1776830427.50198 0.054543 0.389445 0.004691 -0.009027 0.001895 -0.718045 0.695935
1776830427.66868 0.054357 0.389265 0.004730 -0.008989 0.001896 -0.718037 0.695944
1776830427.83534 0.054245 0.389240 0.004661 -0.008990 0.001873 -0.718033 0.695948
1776830428.00200 0.054180 0.388939 0.004779 -0.008974 0.001932 -0.718023 0.695959
1776830428.16867 0.054268 0.388984 0.004923 -0.008918 0.001992 -0.718028 0.695954
1776830428.33533 0.054152 0.389040 0.004925 -0.008935 0.001955 -0.718003 0.695980
1776830428.50200 0.053900 0.388991 0.005019 -0.008974 0.001909 -0.717976 0.696008
1776830428.66867 0.053396 0.389196 0.004836 -0.008973 0.001823 -0.717934 0.696051
1776830428.83534 0.053551 0.389200 0.004826 -0.008988 0.001872 -0.717921 0.696064
1776830429.00201 0.053602 0.389063 0.004879 -0.009020 0.001894 -0.717904 0.696081
1776830429.16868 0.053813 0.389108 0.004756 -0.009097 0.001887 -0.717916 0.696067
1776830429.33534 0.053968 0.389112 0.004726 -0.009073 0.001896 -0.717918 0.696066
1776830429.50201 0.054023 0.389090 0.004858 -0.009013 0.001925 -0.717925 0.696059
1776830429.66868 0.054068 0.389104 0.004944 -0.009021 0.001885 -0.717940 0.696044
1776830429.83536 0.054260 0.389136 0.005003 -0.009007 0.001903 -0.717964 0.696019
1776830430.00203 0.054402 0.389202 0.004957 -0.009031 0.001884 -0.717972 0.696011
1776830430.16870 0.054423 0.389175 0.005028 -0.009032 0.001883 -0.717979 0.696004
1776830430.33536 0.054490 0.389233 0.005166 -0.008981 0.001926 -0.717979 0.696004
1776830430.50204 0.054732 0.389527 0.005096 -0.009017 0.001902 -0.717991 0.695991
1776830430.66870 0.054863 0.389491 0.004996 -0.009021 0.001934 -0.718012 0.695969
1776830430.83537 0.055069 0.389427 0.004900 -0.009052 0.001909 -0.718039 0.695941
1776830431.00204 0.054943 0.389339 0.004966 -0.009018 0.001909 -0.718048 0.695933
1776830431.16871 0.055120 0.389282 0.004789 -0.009084 0.001881 -0.718060 0.695919
1776830431.33537 0.055291 0.389307 0.004771 -0.009067 0.001899 -0.718065 0.695915
1776830431.50204 0.055290 0.389279 0.004837 -0.009063 0.001869 -0.718075 0.695904
1776830431.66872 0.055310 0.389449 0.004713 -0.009095 0.001839 -0.718070 0.695909
1776830431.83539 0.055217 0.389456 0.004742 -0.009077 0.001842 -0.718071 0.695908
1776830432.00206 0.055026 0.389365 0.004897 -0.009030 0.001872 -0.718049 0.695931
1776830432.16873 0.054997 0.389249 0.004845 -0.009050 0.001867 -0.718034 0.695947
1776830432.33540 0.055000 0.389274 0.004851 -0.009042 0.001870 -0.718035 0.695946
1776830432.50208 0.055066 0.389348 0.004876 -0.009070 0.001871 -0.718039 0.695941
1776830432.66874 0.054920 0.389332 0.004918 -0.009053 0.001854 -0.718028 0.695953
1776830432.83542 0.054885 0.389309 0.005060 -0.009030 0.001879 -0.718017 0.695965
1776830433.00207 0.055403 0.390311 0.003902 -0.009089 0.001815 -0.718059 0.695921
1776830433.16875 0.055752 0.391259 0.003383 -0.009093 0.001751 -0.718123 0.695854
1776830433.33541 0.056452 0.391702 0.003363 -0.009081 0.001788 -0.718178 0.695798
1776830433.50206 0.056855 0.392009 0.003390 -0.009072 0.001776 -0.718221 0.695754
1776830433.66874 0.057272 0.391973 0.003358 -0.009060 0.001763 -0.718260 0.695713
1776830433.83542 0.057362 0.392005 0.003491 -0.009027 0.001744 -0.718278 0.695695
1776830434.00209 0.057624 0.392181 0.003551 -0.009013 0.001706 -0.718316 0.695656
1776830434.16876 0.057662 0.392178 0.003537 -0.009045 0.001668 -0.718341 0.695631
1776830434.33542 0.057571 0.392254 0.003597 -0.009039 0.001666 -0.718341 0.695630
1776830434.50209 0.057725 0.392265 0.003485 -0.009061 0.001668 -0.718362 0.695609
1776830434.66876 0.057669 0.392175 0.003497 -0.009068 0.001680 -0.718361 0.695609
1776830434.83544 0.057829 0.392193 0.003443 -0.009073 0.001639 -0.718383 0.695587
1776830435.00211 0.057629 0.392006 0.003465 -0.009065 0.001625 -0.718380 0.695590
1776830435.16878 0.057761 0.391861 0.003481 -0.009062 0.001648 -0.718391 0.695578
1776830435.33543 0.058197 0.392085 0.003537 -0.009017 0.001718 -0.718427 0.695542
1776830435.50210 0.058298 0.392133 0.003618 -0.009003 0.001720 -0.718418 0.695551
1776830435.66877 0.058525 0.392073 0.003733 -0.008959 0.001741 -0.718458 0.695511
1776830435.83543 0.058511 0.391987 0.003736 -0.008958 0.001725 -0.718454 0.695515
1776830436.00210 0.058720 0.392051 0.003889 -0.008954 0.001735 -0.718488 0.695480
1776830436.16877 0.058980 0.392240 0.003917 -0.008957 0.001735 -0.718517 0.695450
1776830436.33545 0.059126 0.392264 0.003932 -0.008959 0.001735 -0.718537 0.695429
1776830436.50210 0.059268 0.392235 0.003999 -0.008944 0.001776 -0.718555 0.695411
1776830436.66878 0.059301 0.392301 0.004085 -0.008941 0.001801 -0.718559 0.695406
1776830436.83546 0.059238 0.392338 0.004144 -0.008940 0.001807 -0.718568 0.695397
1776830437.00212 0.059314 0.392449 0.004287 -0.008916 0.001818 -0.718590 0.695375
1776830437.16879 0.059213 0.392517 0.004446 -0.008911 0.001822 -0.718589 0.695376
1776830437.33545 0.059178 0.392388 0.004326 -0.008939 0.001800 -0.718575 0.695390
1776830437.50212 0.059446 0.392428 0.004317 -0.008963 0.001845 -0.718593 0.695371
1776830437.66880 0.059379 0.392431 0.004182 -0.008973 0.001789 -0.718592 0.695372
1776830437.83546 0.059444 0.392335 0.004209 -0.008976 0.001805 -0.718599 0.695365
1776830438.00213 0.059212 0.392407 0.004098 -0.009004 0.001810 -0.718588 0.695375
1776830438.16881 0.059383 0.392396 0.004142 -0.008984 0.001869 -0.718599 0.695364
1776830438.33547 0.059464 0.392372 0.004111 -0.009012 0.001858 -0.718592 0.695371
1776830438.50215 0.059035 0.392301 0.003926 -0.009011 0.001774 -0.718511 0.695455
1776830438.66883 0.058867 0.392291 0.003853 -0.009018 0.001772 -0.718529 0.695436
1776830438.83550 0.059003 0.392303 0.003865 -0.008987 0.001812 -0.718540 0.695426
1776830439.00217 0.059016 0.392336 0.004016 -0.008982 0.001805 -0.718545 0.695420
1776830439.16886 0.059180 0.392577 0.004179 -0.008967 0.001826 -0.718552 0.695413
1776830439.33551 0.059202 0.392618 0.004277 -0.008925 0.001841 -0.718539 0.695427
1776830439.50217 0.059105 0.392690 0.004229 -0.008888 0.001789 -0.718495 0.695473
1776830439.66884 0.058724 0.392751 0.004191 -0.008867 0.001743 -0.718436 0.695534
1776830439.83553 0.058542 0.392553 0.004214 -0.008852 0.001783 -0.718435 0.695536
1776830440.00217 0.058216 0.392324 0.003980 -0.008883 0.001731 -0.718366 0.695606
1776830440.16884 0.057988 0.392095 0.004124 -0.008830 0.001750 -0.718383 0.695589
1776830440.33550 0.057925 0.391902 0.004140 -0.008842 0.001765 -0.718388 0.695584
1776830440.50217 0.057833 0.391842 0.004184 -0.008838 0.001799 -0.718382 0.695590
1776830440.66884 0.057846 0.391781 0.004275 -0.008834 0.001821 -0.718407 0.695565
1776830440.83552 0.058154 0.391858 0.004344 -0.008816 0.001857 -0.718453 0.695517
1776830441.00218 0.058467 0.392058 0.004333 -0.008818 0.001873 -0.718490 0.695479
1776830441.16886 0.058630 0.392091 0.004405 -0.008829 0.001882 -0.718512 0.695456
1776830441.33552 0.058887 0.392107 0.004425 -0.008864 0.001888 -0.718523 0.695444
1776830441.50220 0.058839 0.391967 0.004441 -0.008848 0.001901 -0.718537 0.695430
1776830441.66888 0.058903 0.391811 0.004481 -0.008844 0.001933 -0.718553 0.695413
1776830441.83552 0.058949 0.391916 0.004511 -0.008824 0.001958 -0.718567 0.695399
1776830442.00219 0.059008 0.391975 0.004497 -0.008843 0.001933 -0.718582 0.695383
1776830442.16887 0.059094 0.391967 0.004593 -0.008862 0.001954 -0.718569 0.695396
1776830442.33553 0.059006 0.392208 0.004537 -0.008846 0.001972 -0.718557 0.695409
1776830442.50221 0.059086 0.391986 0.004647 -0.008843 0.002002 -0.718576 0.695389
1776830442.66888 0.059187 0.392283 0.004629 -0.008859 0.001982 -0.718590 0.695375
1776830442.83554 0.059523 0.392389 0.004649 -0.008848 0.001996 -0.718601 0.695364
1776830443.00221 0.059642 0.392314 0.004785 -0.008806 0.002026 -0.718616 0.695349
1776830443.16888 0.059733 0.392328 0.004745 -0.008821 0.002023 -0.718632 0.695332
1776830443.33556 0.059660 0.392283 0.004956 -0.008815 0.002000 -0.718632 0.695332
1776830443.50223 0.059672 0.392427 0.005004 -0.008802 0.002028 -0.718634 0.695330
1776830443.66890 0.059733 0.392394 0.005163 -0.008766 0.002072 -0.718643 0.695320
1776830443.83557 0.059957 0.392402 0.005226 -0.008756 0.002067 -0.718667 0.695297
1776830444.00224 0.059896 0.392369 0.005230 -0.008764 0.002071 -0.718669 0.695294
1776830444.16891 0.060090 0.392682 0.005304 -0.008774 0.002097 -0.718677 0.695286
1776830444.33559 0.060283 0.392602 0.005218 -0.008764 0.002103 -0.718679 0.695284
1776830444.50230 0.060499 0.392550 0.004697 -0.008858 0.002063 -0.718641 0.695322
1776830444.66901 0.060546 0.392517 0.004524 -0.008895 0.001978 -0.718640 0.695322
1776830444.83567 0.060534 0.392598 0.004519 -0.008912 0.001957 -0.718645 0.695317
1776830445.00234 0.060582 0.392621 0.004559 -0.008893 0.001970 -0.718651 0.695311
1776830445.16902 0.060485 0.392575 0.004661 -0.008865 0.002002 -0.718631 0.695332
1776830445.33567 0.060475 0.392558 0.004623 -0.008867 0.001981 -0.718633 0.695330
1776830445.50234 0.060358 0.392552 0.004623 -0.008862 0.001943 -0.718620 0.695344
1776830445.66903 0.060391 0.392606 0.004624 -0.008873 0.001957 -0.718616 0.695347
1776830445.83570 0.060377 0.392631 0.004522 -0.008913 0.001939 -0.718621 0.695342
1776830446.00237 0.060505 0.392610 0.004576 -0.008863 0.002021 -0.718633 0.695330
1776830446.16904 0.060481 0.392651 0.004683 -0.008849 0.002046 -0.718632 0.695331
1776830446.33567 0.060642 0.392659 0.004602 -0.008881 0.002050 -0.718656 0.695306
1776830446.50235 0.060647 0.392513 0.004608 -0.008839 0.002059 -0.718628 0.695335
1776830446.66901 0.060647 0.392549 0.004542 -0.008874 0.002015 -0.718638 0.695325
1776830446.83569 0.060601 0.392616 0.004580 -0.008880 0.001974 -0.718643 0.695320
1776830447.00236 0.060737 0.392665 0.004529 -0.008906 0.001969 -0.718664 0.695298
1776830447.16903 0.060755 0.392642 0.004524 -0.008890 0.001970 -0.718670 0.695292
1776830447.33568 0.060798 0.392624 0.004540 -0.008911 0.001998 -0.718670 0.695291
1776830447.50234 0.060802 0.392623 0.004490 -0.008941 0.001957 -0.718677 0.695284
1776830447.66902 0.061001 0.392545 0.004594 -0.008919 0.002001 -0.718702 0.695258
1776830447.83568 0.060949 0.392536 0.004581 -0.008865 0.002017 -0.718687 0.695274
1776830448.00235 0.060928 0.392622 0.004627 -0.008863 0.002022 -0.718692 0.695270
1776830448.16902 0.061027 0.392492 0.004563 -0.008864 0.002035 -0.718690 0.695271
1776830448.33569 0.061073 0.392498 0.004428 -0.008901 0.001971 -0.718713 0.695247
1776830448.50236 0.061152 0.392463 0.004458 -0.008896 0.002006 -0.718720 0.695240
1776830448.66904 0.061163 0.392497 0.004508 -0.008890 0.002004 -0.718725 0.695235
1776830448.83572 0.061251 0.392527 0.004488 -0.008887 0.001975 -0.718745 0.695214
1776830449.00240 0.061223 0.392542 0.004399 -0.008914 0.001945 -0.718730 0.695229
1776830449.16907 0.061279 0.392554 0.004370 -0.008933 0.001938 -0.718741 0.695218
1776830449.33571 0.061245 0.392679 0.004306 -0.008938 0.001891 -0.718745 0.695213
1776830449.50239 0.061259 0.392664 0.004348 -0.008923 0.001887 -0.718753 0.695205
1776830449.66905 0.061262 0.392688 0.004504 -0.008906 0.001927 -0.718741 0.695218
1776830449.83573 0.061204 0.392715 0.004474 -0.008892 0.001888 -0.718751 0.695208
1776830450.00240 0.061323 0.392729 0.004470 -0.008908 0.001913 -0.718764 0.695194
1776830450.16907 0.061199 0.392740 0.004511 -0.008917 0.001896 -0.718759 0.695199
1776830450.33572 0.061108 0.392828 0.004574 -0.008909 0.001894 -0.718742 0.695217
1776830450.50237 0.061078 0.392922 0.004544 -0.008897 0.001883 -0.718741 0.695219
1776830450.66905 0.061101 0.392844 0.004557 -0.008902 0.001887 -0.718746 0.695214
1776830450.83571 0.061210 0.392843 0.004586 -0.008918 0.001903 -0.718759 0.695200
1776830451.00239 0.061223 0.392800 0.004570 -0.008950 0.001880 -0.718755 0.695204
1776830451.16904 0.061301 0.392703 0.004614 -0.008901 0.001931 -0.718762 0.695197
1776830451.33571 0.061392 0.392682 0.004675 -0.008900 0.001964 -0.718772 0.695187
1776830451.50238 0.061285 0.392680 0.004666 -0.008888 0.001942 -0.718767 0.695192
1776830451.66904 0.061232 0.392723 0.004742 -0.008854 0.001976 -0.718766 0.695193
1776830451.83573 0.061314 0.392622 0.004749 -0.008834 0.002043 -0.718758 0.695202
1776830452.00240 0.061346 0.392622 0.004730 -0.008838 0.002038 -0.718744 0.695216
1776830452.16908 0.061461 0.392512 0.004623 -0.008938 0.002067 -0.718744 0.695215
1776830452.33574 0.061667 0.392301 0.004565 -0.008953 0.002135 -0.718747 0.695211
1776830452.50239 0.061659 0.392270 0.004565 -0.008939 0.002107 -0.718741 0.695217
1776830452.66907 0.061846 0.392092 0.004566 -0.008972 0.002135 -0.718750 0.695207
1776830452.83574 0.061973 0.392036 0.004459 -0.009008 0.002108 -0.718767 0.695189
1776830453.00243 0.061932 0.392158 0.004331 -0.008997 0.002004 -0.718785 0.695171
1776830453.16910 0.061901 0.392188 0.004464 -0.009004 0.002043 -0.718781 0.695176
1776830453.33575 0.061830 0.392419 0.004514 -0.009019 0.002054 -0.718789 0.695167
1776830453.50242 0.061799 0.392463 0.004575 -0.009025 0.002109 -0.718771 0.695185
1776830453.66909 0.061670 0.392678 0.004649 -0.009000 0.002023 -0.718795 0.695161
1776830453.83578 0.061938 0.392371 0.004707 -0.008958 0.002135 -0.718773 0.695183
1776830454.00242 0.061874 0.392376 0.004787 -0.008874 0.002107 -0.718776 0.695182
1776830454.16910 0.061734 0.392599 0.004856 -0.008892 0.002061 -0.718777 0.695180
1776830454.33580 0.061559 0.392830 0.004916 -0.008854 0.002010 -0.718777 0.695181
1776830454.50248 0.061369 0.393064 0.005012 -0.008858 0.001975 -0.718771 0.695188
1776830454.66914 0.061222 0.393194 0.005083 -0.008840 0.001939 -0.718760 0.695199
1776830454.83581 0.061275 0.393116 0.005120 -0.008808 0.002008 -0.718758 0.695201
1776830455.00249 0.061438 0.392941 0.005017 -0.008849 0.001996 -0.718764 0.695195
1776830455.16916 0.061700 0.392817 0.005001 -0.008812 0.002074 -0.718771 0.695188
1776830455.33581 0.061789 0.392731 0.004980 -0.008805 0.002091 -0.718776 0.695183
1776830455.50250 0.061680 0.392838 0.005055 -0.008825 0.002052 -0.718767 0.695192
1776830455.66918 0.061693 0.392778 0.004991 -0.008796 0.002057 -0.718766 0.695194
1776830455.83584 0.061958 0.392501 0.004960 -0.008811 0.002127 -0.718774 0.695184
1776830456.00251 0.062022 0.392483 0.004870 -0.008826 0.002064 -0.718767 0.695192
1776830456.16917 0.061952 0.392669 0.004962 -0.008759 0.002081 -0.718780 0.695179
1776830456.33583 0.061904 0.392760 0.004944 -0.008769 0.002017 -0.718796 0.695163
1776830456.50250 0.061800 0.392872 0.005061 -0.008734 0.002009 -0.718788 0.695171
1776830456.66919 0.061849 0.392870 0.004940 -0.008767 0.001971 -0.718795 0.695164
1776830456.83587 0.061724 0.392944 0.004981 -0.008764 0.001956 -0.718788 0.695171
1776830457.00251 0.061855 0.392939 0.005021 -0.008737 0.001990 -0.718782 0.695178
1776830457.16919 0.061840 0.392875 0.005034 -0.008731 0.001955 -0.718778 0.695182
1776830457.33587 0.061885 0.392930 0.005039 -0.008737 0.001902 -0.718800 0.695159
1776830457.50255 0.061823 0.392952 0.005017 -0.008662 0.001954 -0.718805 0.695155
1776830457.66922 0.061873 0.392914 0.004997 -0.008675 0.001970 -0.718810 0.695150
1776830457.83589 0.061877 0.392999 0.005063 -0.008655 0.001944 -0.718809 0.695151
1776830458.00256 0.062010 0.392977 0.005022 -0.008653 0.001918 -0.718822 0.695137
1776830458.16926 0.062037 0.392878 0.004892 -0.008674 0.001908 -0.718831 0.695128
1776830458.33590 0.062090 0.392876 0.004876 -0.008689 0.001932 -0.718830 0.695129
1776830458.50257 0.062049 0.393008 0.004943 -0.008691 0.001938 -0.718823 0.695136
1776830458.66926 0.062136 0.393061 0.004912 -0.008727 0.001937 -0.718836 0.695122
1776830458.83593 0.062081 0.393040 0.005073 -0.008691 0.002012 -0.718823 0.695136
1776830459.00261 0.062015 0.393065 0.005049 -0.008700 0.002008 -0.718818 0.695141
1776830459.16925 0.061863 0.393312 0.005155 -0.008666 0.001989 -0.718817 0.695143
1776830459.33591 0.061947 0.393330 0.005308 -0.008635 0.002031 -0.718815 0.695144
1776830459.50260 0.062103 0.393169 0.005226 -0.008672 0.002011 -0.718816 0.695144
1776830459.66926 0.062125 0.393160 0.005220 -0.008652 0.002024 -0.718832 0.695127
1776830459.83593 0.062048 0.393264 0.005338 -0.008597 0.002065 -0.718839 0.695120
1776830460.00261 0.062040 0.393275 0.005319 -0.008615 0.002048 -0.718814 0.695146
1776830460.16928 0.062078 0.393238 0.005293 -0.008616 0.002050 -0.718806 0.695154
1776830460.33595 0.062020 0.393239 0.005263 -0.008646 0.002025 -0.718794 0.695166
1776830460.50263 0.061957 0.393282 0.005321 -0.008640 0.002038 -0.718774 0.695187
1776830460.66927 0.062033 0.393208 0.005295 -0.008629 0.002048 -0.718768 0.695194
1776830460.83598 0.062099 0.393257 0.005328 -0.008621 0.002057 -0.718779 0.695182
1776830461.00266 0.062057 0.393286 0.005472 -0.008563 0.002090 -0.718781 0.695181
1776830461.16934 0.062143 0.393205 0.005434 -0.008575 0.002104 -0.718789 0.695173
1776830461.33600 0.062029 0.393361 0.005443 -0.008577 0.002103 -0.718781 0.695180
1776830461.50267 0.062175 0.393295 0.005455 -0.008554 0.002119 -0.718804 0.695156
1776830461.66934 0.062340 0.393211 0.005331 -0.008603 0.002099 -0.718823 0.695137
1776830461.83601 0.062385 0.393147 0.005371 -0.008590 0.002119 -0.718832 0.695127
1776830462.00268 0.062371 0.393144 0.005399 -0.008562 0.002124 -0.718822 0.695139
1776830462.16936 0.062414 0.393136 0.005324 -0.008556 0.002091 -0.718826 0.695134
1776830462.33602 0.062280 0.393265 0.005432 -0.008541 0.002073 -0.718818 0.695143
1776830462.50270 0.062244 0.393326 0.005388 -0.008581 0.002040 -0.718803 0.695158
1776830462.66939 0.062366 0.393234 0.005329 -0.008593 0.002054 -0.718803 0.695157
1776830462.83606 0.062341 0.393194 0.005335 -0.008554 0.002045 -0.718796 0.695165
1776830463.00273 0.062218 0.393336 0.005415 -0.008516 0.002019 -0.718795 0.695167
1776830463.16941 0.062154 0.393377 0.005444 -0.008515 0.002001 -0.718782 0.695181
1776830463.33609 0.062195 0.393403 0.005510 -0.008509 0.002031 -0.718766 0.695197
1776830463.50276 0.062131 0.393377 0.005565 -0.008463 0.002080 -0.718746 0.695219
1776830463.66944 0.062039 0.393419 0.005468 -0.008478 0.002019 -0.718753 0.695210
1776830463.83613 0.062076 0.393500 0.005414 -0.008526 0.002002 -0.718752 0.695211
1776830464.00282 0.062198 0.393423 0.005477 -0.008510 0.002060 -0.718757 0.695207
1776830464.16952 0.062198 0.393468 0.005475 -0.008524 0.002008 -0.718777 0.695186
1776830464.33616 0.062182 0.393480 0.005576 -0.008505 0.002056 -0.718776 0.695187
1776830464.50285 0.062243 0.393438 0.005536 -0.008488 0.002074 -0.718784 0.695179
1776830464.66950 0.062299 0.393407 0.005541 -0.008478 0.002077 -0.718791 0.695172
1776830464.83619 0.062419 0.393282 0.005452 -0.008497 0.002114 -0.718802 0.695160
1776830465.00286 0.062473 0.393234 0.005434 -0.008495 0.002102 -0.718805 0.695156
1776830465.16952 0.062504 0.393219 0.005438 -0.008499 0.002092 -0.718816 0.695145
1776830465.33618 0.062512 0.393222 0.005410 -0.008539 0.002098 -0.718839 0.695120
1776830465.50286 0.062597 0.393256 0.005301 -0.008628 0.002029 -0.718859 0.695100
1776830465.66952 0.062665 0.393248 0.005390 -0.008547 0.002095 -0.718861 0.695098
1776830465.83621 0.062647 0.393254 0.005380 -0.008530 0.002082 -0.718862 0.695097
1776830466.00286 0.062668 0.393210 0.005409 -0.008537 0.002049 -0.718859 0.695100
1776830466.16950 0.062633 0.393280 0.005361 -0.008547 0.002016 -0.718856 0.695103
1776830466.33616 0.062723 0.393297 0.005337 -0.008533 0.002056 -0.718866 0.695093
1776830466.50284 0.062772 0.393239 0.005393 -0.008502 0.002098 -0.718873 0.695087
1776830466.66950 0.062654 0.393294 0.005475 -0.008470 0.002102 -0.718848 0.695112
1776830466.83616 0.062697 0.393184 0.005420 -0.008464 0.002128 -0.718852 0.695109
1776830467.00285 0.062737 0.393230 0.005414 -0.008459 0.002134 -0.718860 0.695100
1776830467.16953 0.062797 0.393195 0.005579 -0.008430 0.002185 -0.718843 0.695118
1776830467.33617 0.062670 0.393270 0.005531 -0.008445 0.002121 -0.718840 0.695121
1776830467.50284 0.062801 0.393231 0.005429 -0.008521 0.002097 -0.718841 0.695119
1776830467.66956 0.062799 0.393211 0.005347 -0.008552 0.002035 -0.718844 0.695116
1776830467.83623 0.062781 0.393206 0.005446 -0.008503 0.002086 -0.718841 0.695119
1776830468.00291 0.062748 0.393302 0.005600 -0.008448 0.002104 -0.718851 0.695109
1776830468.16957 0.062699 0.393401 0.005739 -0.008429 0.002130 -0.718852 0.695108
1776830468.33622 0.062898 0.393289 0.005651 -0.008450 0.002146 -0.718856 0.695104
1776830468.50289 0.062891 0.393289 0.005673 -0.008429 0.002171 -0.718846 0.695114
1776830468.66956 0.062742 0.393308 0.005762 -0.008380 0.002207 -0.718821 0.695142
1776830468.83624 0.062792 0.393230 0.005720 -0.008422 0.002168 -0.718813 0.695149
1776830469.00291 0.062781 0.393284 0.005795 -0.008389 0.002199 -0.718824 0.695138
1776830469.16958 0.062764 0.393307 0.005775 -0.008406 0.002203 -0.718797 0.695166
1776830469.33628 0.062754 0.393282 0.005774 -0.008418 0.002167 -0.718787 0.695176
1776830469.50294 0.062803 0.393198 0.005641 -0.008459 0.002149 -0.718788 0.695175
1776830469.66960 0.062850 0.393170 0.005588 -0.008483 0.002106 -0.718794 0.695168
1776830469.83630 0.062789 0.393198 0.005559 -0.008469 0.002079 -0.718772 0.695191
1776830470.00296 0.062771 0.393245 0.005705 -0.008409 0.002136 -0.718773 0.695191
1776830470.16961 0.062816 0.393254 0.005694 -0.008403 0.002139 -0.718783 0.695180
1776830470.33628 0.062877 0.393317 0.005759 -0.008412 0.002178 -0.718778 0.695186
1776830470.50297 0.062859 0.393305 0.005696 -0.008382 0.002142 -0.718782 0.695181
1776830470.66962 0.062943 0.393156 0.005667 -0.008371 0.002152 -0.718778 0.695186
1776830470.83629 0.062907 0.393124 0.005794 -0.008318 0.002175 -0.718768 0.695197
1776830471.00293 0.062839 0.393187 0.005733 -0.008398 0.002106 -0.718756 0.695208
1776830471.16966 0.062890 0.393147 0.005736 -0.008362 0.002133 -0.718750 0.695215
1776830471.33633 0.062938 0.393068 0.005815 -0.008341 0.002173 -0.718755 0.695210
1776830471.50297 0.062847 0.393102 0.005878 -0.008320 0.002156 -0.718733 0.695233
1776830471.66964 0.062853 0.393116 0.005820 -0.008325 0.002137 -0.718733 0.695233
1776830471.83638 0.062804 0.393174 0.005763 -0.008397 0.002089 -0.718722 0.695244
1776830472.00302 0.062744 0.393244 0.005888 -0.008345 0.002169 -0.718721 0.695245
1776830472.16969 0.062746 0.393266 0.005928 -0.008345 0.002161 -0.718702 0.695265
1776830472.33634 0.062758 0.393174 0.005985 -0.008325 0.002199 -0.718689 0.695278
1776830472.50300 0.062733 0.393241 0.006050 -0.008290 0.002195 -0.718675 0.695293
1776830472.66970 0.062725 0.393247 0.006054 -0.008294 0.002202 -0.718689 0.695279
1776830472.83639 0.062870 0.393125 0.006005 -0.008321 0.002209 -0.718692 0.695275
1776830473.00305 0.062850 0.393149 0.005994 -0.008301 0.002199 -0.718685 0.695282
1776830473.16972 0.062891 0.393187 0.006021 -0.008237 0.002193 -0.718700 0.695268
1776830473.33639 0.062958 0.393192 0.005915 -0.008271 0.002146 -0.718709 0.695259
1776830473.50307 0.062932 0.393172 0.005899 -0.008245 0.002147 -0.718697 0.695271
1776830473.66975 0.062992 0.393097 0.005995 -0.008218 0.002190 -0.718690 0.695278
1776830473.83642 0.063015 0.393117 0.005921 -0.008265 0.002171 -0.718693 0.695275
1776830474.00311 0.062950 0.393119 0.005876 -0.008241 0.002145 -0.718681 0.695287
1776830474.16978 0.062886 0.393215 0.005958 -0.008254 0.002093 -0.718670 0.695300
1776830474.33647 0.062798 0.393400 0.006089 -0.008228 0.002123 -0.718656 0.695314
1776830474.50315 0.062837 0.393449 0.006129 -0.008244 0.002106 -0.718656 0.695313
1776830474.66982 0.062848 0.393429 0.006141 -0.008259 0.002120 -0.718643 0.695327
1776830474.83649 0.062878 0.393426 0.006057 -0.008255 0.002102 -0.718648 0.695322
1776830475.00317 0.062947 0.393308 0.005930 -0.008249 0.002102 -0.718651 0.695318
1776830475.16986 0.062950 0.393375 0.006056 -0.008227 0.002169 -0.718650 0.695320
1776830475.33651 0.063057 0.393299 0.005949 -0.008281 0.002152 -0.718673 0.695296
1776830475.50320 0.063055 0.393312 0.005949 -0.008290 0.002113 -0.718679 0.695289
1776830475.66988 0.063018 0.393339 0.005945 -0.008291 0.002082 -0.718671 0.695298
1776830475.83654 0.062974 0.393419 0.005924 -0.008282 0.002095 -0.718675 0.695293
1776830476.00324 0.062940 0.393490 0.005989 -0.008274 0.002130 -0.718668 0.695301
1776830476.16990 0.062851 0.393562 0.006055 -0.008229 0.002140 -0.718650 0.695320
1776830476.33655 0.062770 0.393639 0.006171 -0.008215 0.002157 -0.718629 0.695342
1776830476.50323 0.062862 0.393480 0.006125 -0.008231 0.002165 -0.718631 0.695340
1776830476.66992 0.062842 0.393519 0.006192 -0.008255 0.002154 -0.718616 0.695355
1776830476.83658 0.062831 0.393485 0.006160 -0.008237 0.002141 -0.718624 0.695347
1776830477.00325 0.062868 0.393504 0.006087 -0.008251 0.002138 -0.718633 0.695338
1776830477.16993 0.062872 0.393439 0.005992 -0.008263 0.002102 -0.718640 0.695330
1776830477.33660 0.062904 0.393471 0.005963 -0.008288 0.002097 -0.718652 0.695318
1776830477.50327 0.062917 0.393400 0.005963 -0.008283 0.002140 -0.718646 0.695323
1776830477.66997 0.062927 0.393347 0.006035 -0.008236 0.002204 -0.718632 0.695338
1776830477.83663 0.062863 0.393324 0.006150 -0.008206 0.002211 -0.718614 0.695357
1776830478.00329 0.062927 0.393322 0.006187 -0.008253 0.002178 -0.718608 0.695363
1776830478.16999 0.063009 0.393283 0.006187 -0.008248 0.002184 -0.718602 0.695370
1776830478.33668 0.062928 0.393378 0.006085 -0.008250 0.002150 -0.718593 0.695379
1776830478.50333 0.063019 0.393426 0.006145 -0.008244 0.002144 -0.718618 0.695353
1776830478.67002 0.063018 0.393386 0.006195 -0.008237 0.002138 -0.718622 0.695349
1776830478.83667 0.063072 0.393396 0.006272 -0.008204 0.002168 -0.718642 0.695328
1776830479.00336 0.063024 0.393423 0.006172 -0.008241 0.002102 -0.718652 0.695318
1776830479.17005 0.063225 0.393231 0.006080 -0.008239 0.002151 -0.718669 0.695300
1776830479.33671 0.063345 0.393270 0.006098 -0.008247 0.002165 -0.718686 0.695283
1776830479.50340 0.063306 0.393295 0.006086 -0.008200 0.002144 -0.718687 0.695282
1776830479.67006 0.063295 0.393356 0.006062 -0.008198 0.002115 -0.718696 0.695273
1776830479.83671 0.063362 0.393342 0.006121 -0.008188 0.002114 -0.718697 0.695272
1776830480.00340 0.063360 0.393299 0.006074 -0.008213 0.002091 -0.718703 0.695266
1776830480.17008 0.063372 0.393312 0.006152 -0.008175 0.002153 -0.718712 0.695257
1776830480.33673 0.063399 0.393327 0.006210 -0.008132 0.002165 -0.718702 0.695267
1776830480.50340 0.063353 0.393302 0.006081 -0.008178 0.002080 -0.718690 0.695280
1776830480.67007 0.063385 0.393282 0.006088 -0.008176 0.002081 -0.718681 0.695289
1776830480.83675 0.063431 0.393210 0.005979 -0.008176 0.002074 -0.718690 0.695279
1776830481.00343 0.063510 0.393251 0.006000 -0.008187 0.002081 -0.718697 0.695272
1776830481.17011 0.063567 0.393224 0.006113 -0.008167 0.002112 -0.718712 0.695257
1776830481.33675 0.063551 0.393232 0.006113 -0.008191 0.002109 -0.718711 0.695257
1776830481.50342 0.063559 0.393343 0.006306 -0.008130 0.002157 -0.718715 0.695254
1776830481.67008 0.063595 0.393281 0.006353 -0.008092 0.002182 -0.718711 0.695258
1776830481.83675 0.063682 0.393199 0.006325 -0.008083 0.002231 -0.718725 0.695244
1776830482.00343 0.063760 0.393087 0.006265 -0.008100 0.002237 -0.718728 0.695241
1776830482.17009 0.063982 0.392965 0.006164 -0.008141 0.002235 -0.718740 0.695228
1776830482.33675 0.063936 0.392871 0.006086 -0.008128 0.002214 -0.718735 0.695233
1776830482.50342 0.063986 0.392803 0.006104 -0.008122 0.002220 -0.718740 0.695228
1776830482.67009 0.064048 0.392818 0.006173 -0.008090 0.002217 -0.718754 0.695214
1776830482.83677 0.064050 0.392848 0.006157 -0.008101 0.002197 -0.718755 0.695213
1776830483.00347 0.063984 0.392930 0.006126 -0.008104 0.002171 -0.718760 0.695208
1776830483.17014 0.064071 0.392828 0.006178 -0.008091 0.002217 -0.718750 0.695218
1776830483.33679 0.064057 0.392831 0.006261 -0.008096 0.002247 -0.718739 0.695229
1776830483.50345 0.064101 0.392859 0.006241 -0.008104 0.002247 -0.718750 0.695218
1776830483.67012 0.064113 0.392870 0.006367 -0.008036 0.002272 -0.718749 0.695219
1776830483.83679 0.064163 0.392775 0.006284 -0.008060 0.002248 -0.718755 0.695213
1776830484.00346 0.064270 0.392744 0.006210 -0.008112 0.002226 -0.718775 0.695192
1776830484.17014 0.064291 0.392760 0.006207 -0.008123 0.002222 -0.718776 0.695191
1776830484.33682 0.064394 0.392669 0.006165 -0.008083 0.002258 -0.718787 0.695179
1776830484.50350 0.064344 0.392780 0.006212 -0.008089 0.002271 -0.718784 0.695183
1776830484.67017 0.064319 0.392798 0.006337 -0.008039 0.002302 -0.718786 0.695181
1776830484.83684 0.064372 0.392708 0.006324 -0.008024 0.002298 -0.718795 0.695172
1776830485.00350 0.064357 0.392709 0.006252 -0.008060 0.002267 -0.718784 0.695183
1776830485.17020 0.064277 0.392736 0.006345 -0.008038 0.002265 -0.718758 0.695210
1776830485.33687 0.064281 0.392804 0.006418 -0.008023 0.002283 -0.718758 0.695210
1776830485.50356 0.064376 0.392706 0.006408 -0.008026 0.002302 -0.718764 0.695204
1776830485.67023 0.064447 0.392668 0.006354 -0.008001 0.002306 -0.718778 0.695190
1776830485.83692 0.064473 0.392632 0.006302 -0.008019 0.002268 -0.718793 0.695175
1776830486.00362 0.064452 0.392658 0.006449 -0.007992 0.002324 -0.718785 0.695183
1776830486.17031 0.064530 0.392707 0.006462 -0.007965 0.002315 -0.718784 0.695184
1776830486.33699 0.064489 0.392764 0.006561 -0.007949 0.002356 -0.718786 0.695182
1776830486.50365 0.064569 0.392659 0.006619 -0.007955 0.002386 -0.718779 0.695189
1776830486.67031 0.064489 0.392699 0.006528 -0.007945 0.002336 -0.718768 0.695201
1776830486.83700 0.064545 0.392689 0.006543 -0.007955 0.002368 -0.718775 0.695193
1776830487.00369 0.064555 0.392652 0.006480 -0.007977 0.002341 -0.718769 0.695199
1776830487.17035 0.064641 0.392673 0.006468 -0.008030 0.002354 -0.718772 0.695196
1776830487.33703 0.064712 0.392519 0.006341 -0.008009 0.002332 -0.718783 0.695184
1776830487.50371 0.064753 0.392531 0.006475 -0.007970 0.002354 -0.718784 0.695183
1776830487.67037 0.064796 0.392563 0.006460 -0.007988 0.002339 -0.718800 0.695168
1776830487.83707 0.064671 0.392674 0.006480 -0.007959 0.002335 -0.718783 0.695185
1776830488.00373 0.064601 0.392659 0.006533 -0.007923 0.002345 -0.718769 0.695200
1776830488.17039 0.064525 0.392672 0.006537 -0.007936 0.002333 -0.718749 0.695220
1776830488.33707 0.064550 0.392683 0.006588 -0.007919 0.002373 -0.718745 0.695224
1776830488.50375 0.064688 0.392537 0.006519 -0.007919 0.002373 -0.718739 0.695231
1776830488.67041 0.064631 0.392646 0.006559 -0.007930 0.002336 -0.718740 0.695230
1776830488.83711 0.064758 0.392647 0.006454 -0.007975 0.002316 -0.718749 0.695220
1776830489.00379 0.064663 0.392792 0.006526 -0.007937 0.002308 -0.718747 0.695223
1776830489.17045 0.064606 0.392741 0.006560 -0.007921 0.002305 -0.718730 0.695241
1776830489.33709 0.064600 0.392720 0.006648 -0.007860 0.002380 -0.718718 0.695254
1776830489.50378 0.064644 0.392655 0.006689 -0.007862 0.002397 -0.718702 0.695269
1776830489.67046 0.064611 0.392679 0.006598 -0.007877 0.002354 -0.718694 0.695278
1776830489.83712 0.064670 0.392605 0.006513 -0.007898 0.002344 -0.718698 0.695274
1776830490.00381 0.064663 0.392631 0.006576 -0.007868 0.002372 -0.718697 0.695275
1776830490.17049 0.064598 0.392642 0.006557 -0.007848 0.002372 -0.718698 0.695274
1776830490.33715 0.064721 0.392638 0.006633 -0.007849 0.002414 -0.718698 0.695274
1776830490.50382 0.064730 0.392632 0.006652 -0.007859 0.002383 -0.718701 0.695271
1776830490.67050 0.064715 0.392615 0.006556 -0.007871 0.002347 -0.718711 0.695260
1776830490.83715 0.064651 0.392578 0.006522 -0.007848 0.002348 -0.718700 0.695272
1776830491.00385 0.064700 0.392536 0.006621 -0.007832 0.002405 -0.718700 0.695272
1776830491.17053 0.064711 0.392589 0.006750 -0.007790 0.002467 -0.718716 0.695256
1776830491.33721 0.064726 0.392614 0.006728 -0.007830 0.002433 -0.718715 0.695257
1776830491.50388 0.064782 0.392500 0.006596 -0.007898 0.002392 -0.718699 0.695272
1776830491.67053 0.064824 0.392439 0.006558 -0.007896 0.002395 -0.718709 0.695262
1776830491.83722 0.064821 0.392429 0.006617 -0.007812 0.002425 -0.718697 0.695275
1776830492.00387 0.064818 0.392474 0.006606 -0.007795 0.002433 -0.718682 0.695291
1776830492.17054 0.064696 0.392597 0.006707 -0.007813 0.002430 -0.718673 0.695300
1776830492.33721 0.064618 0.392651 0.006810 -0.007785 0.002438 -0.718672 0.695302
1776830492.50390 0.064651 0.392592 0.006710 -0.007832 0.002405 -0.718672 0.695301
1776830492.67056 0.064688 0.392615 0.006720 -0.007794 0.002413 -0.718673 0.695301
1776830492.83724 0.064804 0.392490 0.006689 -0.007801 0.002441 -0.718671 0.695302
1776830493.00388 0.064796 0.392547 0.006659 -0.007825 0.002413 -0.718669 0.695304
1776830493.17055 0.064861 0.392464 0.006631 -0.007826 0.002394 -0.718660 0.695314
1776830493.33726 0.064911 0.392456 0.006502 -0.007840 0.002359 -0.718665 0.695308
1776830493.50391 0.064861 0.392519 0.006571 -0.007802 0.002374 -0.718656 0.695318
1776830493.67060 0.064753 0.392602 0.006600 -0.007792 0.002351 -0.718658 0.695316
1776830493.83729 0.064738 0.392592 0.006648 -0.007766 0.002405 -0.718650 0.695325
1776830494.00395 0.064704 0.392610 0.006683 -0.007791 0.002408 -0.718631 0.695344
1776830494.17062 0.064658 0.392665 0.006678 -0.007817 0.002405 -0.718615 0.695360
1776830494.33729 0.064691 0.392618 0.006641 -0.007798 0.002425 -0.718611 0.695364
1776830494.50398 0.064759 0.392518 0.006639 -0.007785 0.002466 -0.718620 0.695355
1776830494.67061 0.064746 0.392406 0.006662 -0.007776 0.002465 -0.718612 0.695364
1776830494.83730 0.064885 0.392329 0.006667 -0.007761 0.002486 -0.718615 0.695360
1776830495.00398 0.064924 0.392370 0.006617 -0.007783 0.002427 -0.718615 0.695361
1776830495.17066 0.064877 0.392368 0.006567 -0.007765 0.002404 -0.718614 0.695362
1776830495.33730 0.064803 0.392476 0.006609 -0.007779 0.002409 -0.718602 0.695374
1776830495.50399 0.064854 0.392416 0.006603 -0.007791 0.002411 -0.718610 0.695366
1776830495.67068 0.064879 0.392421 0.006603 -0.007789 0.002405 -0.718631 0.695344
1776830495.83734 0.064883 0.392488 0.006710 -0.007720 0.002461 -0.718634 0.695341
1776830496.00405 0.064871 0.392419 0.006736 -0.007700 0.002485 -0.718628 0.695348
1776830496.17068 0.064881 0.392405 0.006755 -0.007701 0.002520 -0.718619 0.695357
1776830496.33733 0.064891 0.392451 0.006803 -0.007686 0.002558 -0.718600 0.695376
1776830496.50403 0.064878 0.392436 0.006842 -0.007691 0.002545 -0.718608 0.695368
1776830496.67069 0.064888 0.392438 0.006901 -0.007652 0.002588 -0.718613 0.695364
1776830496.83736 0.064971 0.392347 0.006898 -0.007646 0.002593 -0.718595 0.695382
1776830497.00402 0.064870 0.392497 0.006901 -0.007638 0.002552 -0.718578 0.695400
1776830497.17070 0.064818 0.392514 0.007007 -0.007598 0.002548 -0.718564 0.695414
1776830497.33735 0.064826 0.392583 0.007055 -0.007602 0.002563 -0.718551 0.695428
1776830497.50402 0.064855 0.392547 0.007021 -0.007615 0.002540 -0.718564 0.695415
1776830497.67071 0.064897 0.392534 0.006918 -0.007645 0.002493 -0.718564 0.695414
1776830497.83738 0.064820 0.392675 0.006916 -0.007631 0.002476 -0.718574 0.695404
1776830498.00406 0.064828 0.392698 0.006899 -0.007648 0.002473 -0.718560 0.695419
1776830498.17073 0.064867 0.392743 0.006865 -0.007675 0.002429 -0.718562 0.695416
1776830498.33739 0.064856 0.392794 0.006906 -0.007637 0.002459 -0.718558 0.695421
1776830498.50411 0.064842 0.392786 0.006874 -0.007669 0.002397 -0.718551 0.695428
1776830498.67077 0.064804 0.392820 0.006938 -0.007602 0.002412 -0.718552 0.695428
1776830498.83742 0.064827 0.392784 0.006947 -0.007590 0.002434 -0.718558 0.695421
1776830499.00412 0.064826 0.392864 0.006905 -0.007628 0.002415 -0.718565 0.695413
1776830499.17080 0.064853 0.392845 0.006857 -0.007652 0.002417 -0.718560 0.695419
1776830499.33746 0.064896 0.392829 0.006973 -0.007595 0.002479 -0.718566 0.695413
1776830499.50411 0.064956 0.392754 0.007017 -0.007560 0.002468 -0.718571 0.695408
1776830499.67076 0.064968 0.392816 0.007100 -0.007544 0.002458 -0.718573 0.695407
1776830499.83745 0.064980 0.392781 0.007026 -0.007571 0.002430 -0.718563 0.695417
1776830500.00414 0.064989 0.392845 0.006997 -0.007584 0.002423 -0.718579 0.695400
1776830500.17084 0.064975 0.392850 0.007092 -0.007579 0.002473 -0.718573 0.695406
1776830500.33746 0.065128 0.392807 0.006984 -0.007607 0.002479 -0.718591 0.695387
1776830500.50415 0.065217 0.392798 0.007060 -0.007588 0.002525 -0.718609 0.695368
1776830500.67082 0.065292 0.392685 0.007076 -0.007554 0.002526 -0.718613 0.695364
1776830500.83750 0.065255 0.392751 0.007102 -0.007539 0.002528 -0.718627 0.695350
1776830501.00419 0.065303 0.392751 0.007058 -0.007566 0.002512 -0.718634 0.695343
1776830501.17087 0.065313 0.392759 0.006995 -0.007574 0.002495 -0.718644 0.695333
1776830501.33753 0.065282 0.392749 0.007022 -0.007553 0.002521 -0.718651 0.695325
1776830501.50419 0.065441 0.392647 0.007009 -0.007549 0.002567 -0.718652 0.695324
1776830501.67089 0.065561 0.392650 0.007029 -0.007550 0.002561 -0.718665 0.695311
1776830501.83756 0.065641 0.392578 0.007059 -0.007522 0.002562 -0.718669 0.695307
1776830502.00422 0.065644 0.392626 0.007023 -0.007509 0.002534 -0.718687 0.695289
1776830502.17089 0.065679 0.392568 0.006989 -0.007526 0.002522 -0.718686 0.695289
1776830502.33757 0.065697 0.392626 0.006945 -0.007577 0.002512 -0.718695 0.695279
1776830502.50425 0.065791 0.392591 0.006891 -0.007603 0.002499 -0.718711 0.695263
1776830502.67093 0.065890 0.392587 0.006857 -0.007607 0.002508 -0.718727 0.695246
1776830502.83760 0.065957 0.392484 0.006918 -0.007560 0.002523 -0.718731 0.695243
1776830503.00426 0.065816 0.392558 0.006976 -0.007526 0.002518 -0.718723 0.695251
1776830503.17092 0.065828 0.392652 0.006948 -0.007580 0.002485 -0.718732 0.695241
1776830503.33760 0.065884 0.392691 0.006876 -0.007585 0.002481 -0.718734 0.695239
1776830503.50428 0.065839 0.392731 0.006927 -0.007561 0.002494 -0.718718 0.695256
1776830503.67092 0.065916 0.392680 0.006920 -0.007580 0.002517 -0.718714 0.695260
1776830503.83761 0.065842 0.392729 0.006964 -0.007564 0.002527 -0.718697 0.695278
1776830504.00429 0.065796 0.392732 0.007017 -0.007540 0.002528 -0.718686 0.695289
1776830504.17094 0.065808 0.392759 0.007088 -0.007514 0.002563 -0.718690 0.695286
1776830504.33759 0.065806 0.392827 0.007182 -0.007472 0.002581 -0.718698 0.695278
1776830504.50426 0.065790 0.392768 0.007138 -0.007467 0.002547 -0.718693 0.695282
1776830504.67093 0.065739 0.392828 0.007173 -0.007454 0.002544 -0.718691 0.695285
1776830504.83760 0.065770 0.392856 0.007144 -0.007490 0.002518 -0.718689 0.695287
1776830505.00426 0.065791 0.392863 0.007172 -0.007453 0.002534 -0.718708 0.695267
1776830505.17095 0.065889 0.392845 0.007112 -0.007453 0.002531 -0.718721 0.695255
1776830505.33762 0.065898 0.392900 0.007126 -0.007431 0.002533 -0.718723 0.695253
1776830505.50424 0.065893 0.392901 0.007139 -0.007426 0.002524 -0.718703 0.695273
1776830505.67088 0.065845 0.392960 0.007235 -0.007401 0.002506 -0.718690 0.695287
1776830505.83756 0.065809 0.393037 0.007207 -0.007410 0.002460 -0.718688 0.695288
1776830506.00423 0.065742 0.393041 0.007225 -0.007378 0.002469 -0.718698 0.695279
1776830506.17092 0.065658 0.393130 0.007237 -0.007403 0.002435 -0.718672 0.695305
1776830506.33760 0.065573 0.393253 0.007311 -0.007393 0.002445 -0.718663 0.695315
1776830506.50426 0.065492 0.393254 0.007494 -0.007308 0.002508 -0.718635 0.695345
1776830506.67092 0.065399 0.393378 0.007563 -0.007341 0.002501 -0.718622 0.695357
1776830506.83761 0.065491 0.393321 0.007408 -0.007364 0.002482 -0.718630 0.695349
1776830507.00430 0.065643 0.393154 0.007280 -0.007364 0.002467 -0.718638 0.695341
1776830507.17096 0.065638 0.393159 0.007279 -0.007351 0.002472 -0.718632 0.695348
1776830507.33760 0.065615 0.393260 0.007325 -0.007331 0.002481 -0.718632 0.695347
1776830507.50428 0.065622 0.393225 0.007336 -0.007345 0.002450 -0.718633 0.695347
1776830507.67094 0.065618 0.393304 0.007320 -0.007330 0.002437 -0.718638 0.695341
1776830507.83761 0.065615 0.393307 0.007365 -0.007309 0.002426 -0.718636 0.695344
1776830508.00426 0.065638 0.393297 0.007324 -0.007329 0.002409 -0.718624 0.695356
1776830508.17096 0.065602 0.393409 0.007313 -0.007343 0.002369 -0.718620 0.695360
1776830508.33761 0.065594 0.393396 0.007302 -0.007314 0.002383 -0.718616 0.695364
1776830508.50425 0.065489 0.393568 0.007465 -0.007322 0.002407 -0.718593 0.695388
1776830508.67095 0.065511 0.393543 0.007544 -0.007291 0.002439 -0.718588 0.695393
1776830508.83760 0.065615 0.393449 0.007610 -0.007247 0.002507 -0.718581 0.695401
1776830509.00426 0.065693 0.393451 0.007499 -0.007289 0.002443 -0.718591 0.695390
1776830509.17093 0.065668 0.393469 0.007568 -0.007259 0.002439 -0.718607 0.695374
1776830509.33760 0.065651 0.393459 0.007564 -0.007247 0.002438 -0.718597 0.695384
1776830509.50425 0.065732 0.393504 0.007525 -0.007285 0.002407 -0.718614 0.695367
1776830509.67095 0.065592 0.393708 0.007627 -0.007249 0.002390 -0.718598 0.695383
1776830509.83761 0.065541 0.393855 0.007814 -0.007198 0.002457 -0.718603 0.695379
1776830510.00424 0.065522 0.393884 0.007898 -0.007173 0.002468 -0.718586 0.695396
1776830510.17092 0.065676 0.393748 0.007811 -0.007211 0.002482 -0.718587 0.695395
1776830510.33759 0.065741 0.393661 0.007798 -0.007203 0.002471 -0.718601 0.695381
1776830510.50425 0.065891 0.393537 0.007734 -0.007173 0.002520 -0.718600 0.695382
1776830510.67092 0.065872 0.393553 0.007655 -0.007190 0.002491 -0.718604 0.695378
1776830510.83757 0.065990 0.393492 0.007641 -0.007180 0.002498 -0.718609 0.695372
1776830511.00428 0.065974 0.393497 0.007686 -0.007155 0.002474 -0.718608 0.695374
1776830511.17094 0.065869 0.393712 0.007833 -0.007117 0.002483 -0.718606 0.695376
1776830511.33758 0.065867 0.393671 0.007737 -0.007150 0.002452 -0.718597 0.695386
1776830511.50425 0.065868 0.393611 0.007657 -0.007161 0.002413 -0.718599 0.695383
1776830511.67089 0.066026 0.393491 0.007596 -0.007128 0.002458 -0.718610 0.695372
1776830511.83757 0.066155 0.393448 0.007656 -0.007149 0.002488 -0.718626 0.695356
1776830512.00426 0.066232 0.393438 0.007594 -0.007140 0.002471 -0.718644 0.695337
1776830512.17092 0.066327 0.393436 0.007681 -0.007096 0.002479 -0.718666 0.695315
1776830512.33751 0.066301 0.393416 0.007686 -0.007059 0.002465 -0.718655 0.695326
1776830512.50418 0.066334 0.393450 0.007645 -0.007066 0.002437 -0.718671 0.695310
1776830512.67089 0.066282 0.393591 0.007745 -0.007030 0.002464 -0.718662 0.695320
1776830512.83758 0.066257 0.393706 0.007801 -0.007058 0.002437 -0.718673 0.695308
1776830513.00424 0.066181 0.393716 0.007824 -0.007050 0.002432 -0.718660 0.695322
1776830513.17088 0.066219 0.393666 0.007843 -0.007038 0.002463 -0.718667 0.695315
1776830513.33757 0.066238 0.393624 0.007808 -0.007045 0.002443 -0.718651 0.695331
1776830513.50426 0.066283 0.393641 0.007798 -0.007039 0.002444 -0.718628 0.695355
1776830513.67092 0.066325 0.393566 0.007736 -0.007039 0.002429 -0.718619 0.695364
1776830513.83757 0.066303 0.393601 0.007678 -0.007045 0.002410 -0.718614 0.695369
1776830514.00423 0.066346 0.393651 0.007759 -0.007029 0.002444 -0.718625 0.695358
1776830514.17093 0.066378 0.393637 0.007757 -0.007021 0.002457 -0.718649 0.695333
1776830514.33755 0.066353 0.393658 0.007724 -0.007033 0.002448 -0.718651 0.695331
1776830514.50420 0.066532 0.393477 0.007677 -0.007032 0.002498 -0.718657 0.695325
1776830514.67089 0.066451 0.393524 0.007752 -0.007032 0.002498 -0.718628 0.695355
1776830514.83756 0.066420 0.393547 0.007708 -0.007031 0.002469 -0.718617 0.695366
1776830515.00422 0.066423 0.393668 0.007793 -0.007040 0.002465 -0.718618 0.695365
1776830515.17087 0.066325 0.393718 0.007924 -0.007013 0.002497 -0.718608 0.695376
1776830515.33750 0.066372 0.393753 0.008031 -0.006990 0.002516 -0.718608 0.695376
1776830515.50416 0.066320 0.393805 0.008047 -0.006981 0.002568 -0.718592 0.695392
1776830515.67083 0.066244 0.393905 0.008186 -0.006935 0.002626 -0.718599 0.695385
1776830515.83751 0.066109 0.393919 0.008218 -0.006920 0.002580 -0.718578 0.695407
1776830516.00418 0.066042 0.393968 0.008297 -0.006899 0.002583 -0.718564 0.695422
1776830516.17084 0.066006 0.394064 0.008265 -0.006913 0.002566 -0.718559 0.695426
1776830516.33752 0.066006 0.394164 0.008350 -0.006919 0.002565 -0.718566 0.695420
1776830516.50421 0.065901 0.394359 0.008532 -0.006871 0.002583 -0.718556 0.695431
1776830516.67081 0.065754 0.394520 0.008565 -0.006879 0.002548 -0.718554 0.695433
1776830516.83748 0.065660 0.394612 0.008705 -0.006820 0.002629 -0.718532 0.695456
1776830517.00412 0.065604 0.394642 0.008781 -0.006796 0.002661 -0.718523 0.695465
1776830517.17078 0.065584 0.394629 0.008759 -0.006794 0.002661 -0.718514 0.695474
1776830517.33748 0.065578 0.394623 0.008762 -0.006805 0.002668 -0.718509 0.695479
1776830517.50420 0.065704 0.394486 0.008763 -0.006798 0.002654 -0.718529 0.695459
1776830517.67080 0.065716 0.394549 0.008683 -0.006782 0.002609 -0.718524 0.695464
1776830517.83751 0.065700 0.394608 0.008769 -0.006765 0.002608 -0.718520 0.695469
1776830518.00418 0.065599 0.394693 0.008847 -0.006774 0.002597 -0.718522 0.695466
1776830518.17087 0.065535 0.394690 0.008921 -0.006748 0.002625 -0.718506 0.695483
1776830518.33756 0.065674 0.394569 0.008804 -0.006750 0.002588 -0.718514 0.695475
1776830518.50423 0.065670 0.394535 0.008851 -0.006715 0.002580 -0.718496 0.695494
1776830518.67089 0.065738 0.394546 0.008875 -0.006687 0.002583 -0.718494 0.695496
1776830518.83762 0.065781 0.394572 0.008847 -0.006707 0.002582 -0.718494 0.695496
1776830519.00427 0.065674 0.394699 0.008947 -0.006677 0.002596 -0.718492 0.695498
1776830519.17091 0.065722 0.394688 0.008892 -0.006714 0.002570 -0.718504 0.695485
1776830519.33756 0.065735 0.394748 0.009017 -0.006676 0.002621 -0.718525 0.695464
1776830519.50426 0.065631 0.394876 0.009121 -0.006636 0.002615 -0.718511 0.695479
1776830519.67090 0.065706 0.394857 0.009145 -0.006623 0.002639 -0.718518 0.695472
1776830519.83757 0.065709 0.394869 0.009119 -0.006638 0.002643 -0.718517 0.695473
1776830520.00424 0.065860 0.394821 0.009073 -0.006677 0.002627 -0.718533 0.695456
1776830520.17091 0.065838 0.394849 0.009046 -0.006661 0.002616 -0.718522 0.695467
1776830520.33756 0.065803 0.394847 0.009166 -0.006594 0.002682 -0.718518 0.695472
1776830520.50420 0.065761 0.394935 0.009291 -0.006566 0.002708 -0.718503 0.695487
1776830520.67085 0.065674 0.395032 0.009410 -0.006560 0.002716 -0.718482 0.695509
1776830520.83753 0.065634 0.395036 0.009438 -0.006574 0.002726 -0.718469 0.695523
1776830521.00419 0.065887 0.394952 0.009440 -0.006593 0.002735 -0.718491 0.695499
1776830521.17083 0.065899 0.394984 0.009300 -0.006637 0.002656 -0.718500 0.695490
1776830521.33747 0.066003 0.394910 0.009326 -0.006603 0.002696 -0.718513 0.695477
1776830521.50405 0.066069 0.394891 0.009264 -0.006575 0.002660 -0.718521 0.695469
1776830521.67073 0.066051 0.394914 0.009266 -0.006561 0.002658 -0.718528 0.695462
1776830521.83742 0.065975 0.395021 0.009289 -0.006536 0.002662 -0.718537 0.695453
1776830522.00405 0.065902 0.395063 0.009328 -0.006507 0.002678 -0.718525 0.695466
1776830522.17072 0.065852 0.395141 0.009426 -0.006502 0.002729 -0.718510 0.695481
1776830522.33744 0.065837 0.395166 0.009359 -0.006507 0.002715 -0.718512 0.695479
1776830522.50410 0.065855 0.395278 0.009399 -0.006485 0.002751 -0.718523 0.695468
1776830522.67078 0.066030 0.395095 0.009478 -0.006481 0.002814 -0.718524 0.695467
1776830522.83750 0.065947 0.395188 0.009534 -0.006468 0.002788 -0.718515 0.695475
1776830523.00412 0.065918 0.395270 0.009580 -0.006413 0.002825 -0.718515 0.695476
1776830523.17085 0.065976 0.395260 0.009523 -0.006446 0.002800 -0.718517 0.695473
1776830523.33760 0.065990 0.395254 0.009460 -0.006462 0.002758 -0.718519 0.695472
1776830523.50420 0.066006 0.395273 0.009476 -0.006450 0.002791 -0.718520 0.695471
1776830523.67089 0.066035 0.395304 0.009543 -0.006450 0.002820 -0.718523 0.695468
1776830523.83759 0.066130 0.395264 0.009532 -0.006453 0.002821 -0.718513 0.695478
1776830524.00421 0.066036 0.395358 0.009488 -0.006427 0.002766 -0.718490 0.695502
1776830524.17078 0.066223 0.395187 0.009556 -0.006413 0.002792 -0.718525 0.695466
1776830524.33743 0.066353 0.395092 0.009533 -0.006437 0.002815 -0.718537 0.695453
1776830524.50417 0.066439 0.395103 0.009496 -0.006418 0.002793 -0.718552 0.695438
1776830524.67083 0.066516 0.395030 0.009409 -0.006438 0.002773 -0.718555 0.695435
1776830524.83753 0.066436 0.395123 0.009502 -0.006397 0.002759 -0.718541 0.695450
1776830525.00419 0.066509 0.395066 0.009626 -0.006334 0.002787 -0.718551 0.695440
1776830525.17085 0.066573 0.395017 0.009651 -0.006339 0.002819 -0.718548 0.695443
1776830525.33757 0.066497 0.395063 0.009663 -0.006313 0.002780 -0.718540 0.695452
1776830525.50423 0.066490 0.395148 0.009599 -0.006275 0.002792 -0.718532 0.695460
1776830525.67095 0.066442 0.395267 0.009545 -0.006280 0.002764 -0.718535 0.695457
1776830525.83763 0.066404 0.395347 0.009550 -0.006262 0.002765 -0.718526 0.695467
1776830526.00433 0.066479 0.395313 0.009589 -0.006237 0.002820 -0.718527 0.695465
1776830526.17101 0.066329 0.395509 0.009528 -0.006251 0.002788 -0.718507 0.695486
1776830526.33764 0.066423 0.395429 0.009594 -0.006237 0.002788 -0.718527 0.695466
1776830526.50435 0.066475 0.395431 0.009632 -0.006213 0.002827 -0.718532 0.695461
1776830526.67101 0.066403 0.395626 0.009724 -0.006202 0.002826 -0.718546 0.695446
1776830526.83764 0.066490 0.395392 0.010098 -0.006159 0.002891 -0.718554 0.695437
1776830527.00418 0.066596 0.395285 0.010275 -0.006138 0.002912 -0.718554 0.695438
1776830527.17096 0.066720 0.395206 0.010129 -0.006192 0.002857 -0.718569 0.695422
1776830527.33764 0.066841 0.395194 0.009984 -0.006215 0.002829 -0.718605 0.695385
1776830527.50434 0.066862 0.395267 0.010060 -0.006198 0.002846 -0.718618 0.695371
1776830527.67097 0.066929 0.395291 0.009957 -0.006194 0.002815 -0.718638 0.695351
1776830527.83763 0.067081 0.395238 0.009993 -0.006178 0.002852 -0.718655 0.695333
1776830528.00430 0.067177 0.395004 0.009961 -0.006157 0.002869 -0.718656 0.695332
1776830528.17091 0.067035 0.395242 0.010041 -0.006259 0.002865 -0.718659 0.695329
1776830528.33763 0.067053 0.395159 0.009948 -0.006245 0.002848 -0.718649 0.695339
1776830528.50433 0.067138 0.395143 0.009936 -0.006178 0.002885 -0.718641 0.695348
1776830528.67094 0.067142 0.395217 0.009993 -0.006159 0.002864 -0.718643 0.695346
1776830528.83764 0.067076 0.395216 0.010011 -0.006188 0.002824 -0.718644 0.695345
1776830529.00429 0.066946 0.395421 0.010102 -0.006278 0.002828 -0.718654 0.695334
1776830529.17102 0.067041 0.395372 0.010164 -0.006240 0.002864 -0.718646 0.695343
1776830529.33776 0.067071 0.395396 0.010140 -0.006200 0.002871 -0.718651 0.695337
1776830529.50444 0.067099 0.395414 0.010206 -0.006147 0.002880 -0.718633 0.695356
1776830529.67109 0.067104 0.395384 0.010169 -0.006122 0.002846 -0.718653 0.695336
1776830529.83766 0.067071 0.395383 0.010166 -0.006130 0.002804 -0.718654 0.695335
1776830530.00440 0.067132 0.395396 0.010234 -0.006120 0.002844 -0.718677 0.695311
1776830530.17110 0.067234 0.395321 0.010240 -0.006108 0.002859 -0.718680 0.695308
1776830530.33776 0.067290 0.395276 0.010368 -0.006034 0.002912 -0.718677 0.695312
1776830530.50441 0.067216 0.395350 0.010416 -0.006027 0.002896 -0.718661 0.695328
1776830530.67107 0.067328 0.395258 0.010447 -0.006034 0.002915 -0.718678 0.695311
1776830530.83774 0.067354 0.395340 0.010509 -0.006022 0.002948 -0.718679 0.695309
1776830531.00443 0.067325 0.395418 0.010558 -0.006009 0.002936 -0.718692 0.695297
1776830531.17109 0.067382 0.395413 0.010645 -0.005981 0.002977 -0.718704 0.695284
1776830531.33774 0.067382 0.395425 0.010644 -0.005991 0.002970 -0.718713 0.695275
1776830531.50440 0.067393 0.395473 0.010615 -0.005987 0.002988 -0.718714 0.695273
1776830531.67110 0.067376 0.395452 0.010599 -0.005979 0.002988 -0.718695 0.695293
1776830531.83777 0.067405 0.395416 0.010626 -0.005973 0.003001 -0.718687 0.695302
1776830532.00444 0.067383 0.395405 0.010672 -0.005958 0.003014 -0.718664 0.695326
1776830532.17115 0.067310 0.395474 0.010686 -0.005940 0.002995 -0.718653 0.695337
1776830532.33775 0.067289 0.395479 0.010807 -0.005934 0.003008 -0.718645 0.695345
1776830532.50445 0.067247 0.395579 0.010783 -0.005956 0.002970 -0.718660 0.695330
1776830532.67117 0.067250 0.395675 0.010756 -0.005975 0.002942 -0.718676 0.695314
1776830532.83784 0.067206 0.395694 0.010831 -0.005945 0.002947 -0.718648 0.695343
1776830533.00448 0.067309 0.395599 0.010910 -0.005922 0.003024 -0.718651 0.695340
1776830533.17110 0.067322 0.395644 0.011047 -0.005885 0.003061 -0.718643 0.695348
1776830533.33778 0.067396 0.395588 0.011037 -0.005884 0.003065 -0.718639 0.695352
1776830533.50445 0.067511 0.395450 0.010994 -0.005907 0.003039 -0.718648 0.695343
1776830533.67118 0.067686 0.395274 0.010894 -0.005899 0.003027 -0.718629 0.695362
1776830533.83780 0.067778 0.395255 0.010878 -0.005848 0.003019 -0.718649 0.695342
1776830534.00449 0.067884 0.395137 0.010741 -0.005869 0.002968 -0.718659 0.695332
1776830534.17114 0.067794 0.395218 0.010804 -0.005837 0.002970 -0.718665 0.695325
1776830534.33783 0.067630 0.395393 0.010907 -0.005938 0.002965 -0.718646 0.695344
1776830534.50458 0.067577 0.395546 0.011025 -0.005892 0.002948 -0.718670 0.695320
1776830534.67124 0.067677 0.395516 0.011045 -0.005881 0.003017 -0.718669 0.695321
1776830534.83795 0.067689 0.395532 0.011054 -0.005866 0.003019 -0.718662 0.695328
1776830535.00458 0.067583 0.395674 0.011174 -0.005941 0.003063 -0.718671 0.695318
1776830535.17127 0.067691 0.395564 0.011148 -0.005909 0.003083 -0.718663 0.695326
1776830535.33795 0.067764 0.395434 0.011109 -0.005865 0.003082 -0.718665 0.695325
1776830535.50457 0.067714 0.395495 0.011100 -0.005857 0.003068 -0.718653 0.695338
1776830535.67126 0.067790 0.395386 0.011091 -0.005827 0.003074 -0.718666 0.695324
1776830535.83793 0.067806 0.395484 0.011061 -0.005825 0.003036 -0.718679 0.695311
1776830536.00462 0.067841 0.395389 0.011093 -0.005787 0.003058 -0.718658 0.695332
1776830536.17124 0.067817 0.395385 0.011194 -0.005773 0.003074 -0.718659 0.695332
1776830536.33790 0.067857 0.395438 0.011280 -0.005753 0.003103 -0.718677 0.695313
1776830536.50462 0.067892 0.395432 0.011283 -0.005748 0.003098 -0.718673 0.695318
1776830536.67128 0.067877 0.395523 0.011338 -0.005760 0.003102 -0.718691 0.695299
1776830536.83799 0.068028 0.395441 0.011344 -0.005787 0.003093 -0.718675 0.695315
1776830537.00462 0.068051 0.395408 0.011308 -0.005762 0.003096 -0.718679 0.695311
1776830537.17129 0.068072 0.395412 0.011272 -0.005786 0.003050 -0.718678 0.695312
1776830537.33797 0.068273 0.395310 0.011134 -0.005807 0.003038 -0.718718 0.695271
1776830537.50463 0.068345 0.395340 0.011107 -0.005804 0.003042 -0.718746 0.695242
1776830537.67133 0.068407 0.395322 0.011144 -0.005784 0.003064 -0.718762 0.695225
1776830537.83801 0.068353 0.395367 0.011217 -0.005747 0.003073 -0.718772 0.695215
1776830538.00467 0.068353 0.395370 0.011255 -0.005741 0.003088 -0.718773 0.695214
1776830538.17136 0.068326 0.395417 0.011324 -0.005743 0.003101 -0.718775 0.695212
1776830538.33802 0.068340 0.395404 0.011378 -0.005743 0.003115 -0.718759 0.695228
1776830538.50468 0.068328 0.395348 0.011411 -0.005703 0.003137 -0.718763 0.695225
1776830538.67133 0.068290 0.395367 0.011446 -0.005824 0.003113 -0.718752 0.695235
1776830538.83803 0.068306 0.395450 0.011325 -0.005950 0.003106 -0.718752 0.695234
1776830539.00475 0.068364 0.395395 0.011307 -0.005998 0.003170 -0.718748 0.695237
1776830539.17140 0.068375 0.395408 0.011355 -0.006008 0.003252 -0.718733 0.695253
1776830539.33803 0.068510 0.395397 0.011354 -0.006026 0.003278 -0.718743 0.695242
1776830539.50469 0.068494 0.395357 0.011472 -0.005996 0.003351 -0.718749 0.695236
1776830539.67134 0.068515 0.395410 0.011469 -0.006030 0.003352 -0.718764 0.695220
1776830539.83802 0.068568 0.395335 0.011458 -0.006086 0.003351 -0.718774 0.695209
1776830540.00470 0.068580 0.395506 0.011284 -0.006224 0.003181 -0.718800 0.695182
1776830540.17141 0.068652 0.395598 0.011072 -0.006333 0.003045 -0.718833 0.695147
1776830540.33809 0.068665 0.395642 0.010883 -0.006407 0.002937 -0.718859 0.695120
1776830540.50476 0.068683 0.395701 0.010705 -0.006500 0.002807 -0.718873 0.695105
1776830540.67142 0.068782 0.395760 0.010602 -0.006590 0.002724 -0.718882 0.695096
1776830540.83809 0.068778 0.395788 0.010559 -0.006595 0.002652 -0.718899 0.695079
1776830541.00477 0.068700 0.395844 0.010437 -0.006660 0.002551 -0.718926 0.695050
1776830541.17144 0.068610 0.396001 0.010382 -0.006730 0.002491 -0.718957 0.695018
1776830541.33810 0.068714 0.395948 0.010363 -0.006722 0.002495 -0.718975 0.694999
1776830541.50477 0.068840 0.395809 0.010379 -0.006705 0.002528 -0.718987 0.694986
1776830541.67144 0.068932 0.395802 0.010429 -0.006678 0.002553 -0.719018 0.694955
1776830541.83810 0.068967 0.395797 0.010409 -0.006656 0.002570 -0.719046 0.694926
1776830542.00477 0.068993 0.395881 0.010404 -0.006673 0.002538 -0.719054 0.694917
1776830542.17142 0.069066 0.395790 0.010321 -0.006706 0.002531 -0.719084 0.694886
1776830542.33808 0.069102 0.395827 0.010249 -0.006730 0.002559 -0.719117 0.694852
1776830542.50474 0.069061 0.395884 0.010339 -0.006700 0.002591 -0.719108 0.694861
1776830542.67141 0.069037 0.395944 0.010323 -0.006728 0.002520 -0.719109 0.694860
1776830542.83807 0.069046 0.396075 0.010300 -0.006729 0.002503 -0.719122 0.694846
1776830543.00472 0.069105 0.396045 0.010271 -0.006737 0.002510 -0.719135 0.694833
1776830543.17141 0.069036 0.396071 0.010443 -0.006715 0.002515 -0.719139 0.694829
1776830543.33808 0.068988 0.396070 0.010389 -0.006730 0.002477 -0.719140 0.694829
1776830543.50473 0.069104 0.396076 0.010297 -0.006748 0.002463 -0.719161 0.694807
1776830543.67140 0.069081 0.396055 0.010283 -0.006725 0.002461 -0.719163 0.694804
1776830543.83812 0.069066 0.396109 0.010271 -0.006745 0.002430 -0.719162 0.694806
1776830544.00474 0.069161 0.395984 0.010276 -0.006730 0.002460 -0.719158 0.694810
1776830544.17143 0.069205 0.395920 0.010351 -0.006675 0.002540 -0.719166 0.694802
1776830544.33809 0.069299 0.395876 0.010362 -0.006687 0.002542 -0.719178 0.694789
1776830544.50475 0.069354 0.395884 0.010446 -0.006628 0.002596 -0.719188 0.694779
1776830544.67142 0.069284 0.396042 0.010563 -0.006636 0.002554 -0.719183 0.694785
1776830544.83808 0.069228 0.396052 0.010585 -0.006605 0.002567 -0.719173 0.694795
1776830545.00473 0.069197 0.396065 0.010543 -0.006643 0.002530 -0.719158 0.694810
1776830545.17140 0.069145 0.396106 0.010559 -0.006616 0.002542 -0.719142 0.694827
1776830545.33805 0.069230 0.396090 0.010570 -0.006646 0.002516 -0.719142 0.694826
1776830545.50472 0.069136 0.396117 0.010614 -0.006629 0.002546 -0.719139 0.694830
1776830545.67138 0.069130 0.396105 0.010619 -0.006632 0.002570 -0.719130 0.694839
1776830545.83806 0.069088 0.396112 0.010680 -0.006634 0.002610 -0.719121 0.694849
1776830546.00473 0.069020 0.395937 0.010668 -0.006589 0.002634 -0.719080 0.694891
1776830546.17139 0.068957 0.395989 0.010640 -0.006625 0.002630 -0.719081 0.694889
1776830546.33803 0.069096 0.395925 0.010590 -0.006644 0.002639 -0.719091 0.694879
1776830546.50470 0.069061 0.395946 0.010496 -0.006681 0.002591 -0.719089 0.694881
1776830546.67137 0.069133 0.395843 0.010446 -0.006686 0.002602 -0.719086 0.694884
1776830546.83803 0.069114 0.395919 0.010510 -0.006682 0.002555 -0.719077 0.694894
1776830547.00469 0.069066 0.395913 0.010567 -0.006664 0.002532 -0.719076 0.694895
1776830547.17136 0.069080 0.395886 0.010463 -0.006676 0.002493 -0.719080 0.694891
1776830547.33800 0.069173 0.395871 0.010470 -0.006678 0.002529 -0.719092 0.694878
1776830547.50468 0.069220 0.395822 0.010433 -0.006656 0.002539 -0.719099 0.694871
1776830547.67136 0.069147 0.395888 0.010535 -0.006600 0.002583 -0.719108 0.694862
1776830547.83801 0.069272 0.395823 0.010521 -0.006632 0.002589 -0.719113 0.694857
1776830548.00467 0.069296 0.395776 0.010558 -0.006625 0.002593 -0.719137 0.694832
1776830548.17134 0.069435 0.395735 0.010416 -0.006673 0.002566 -0.719149 0.694819
1776830548.33799 0.069415 0.395792 0.010441 -0.006659 0.002554 -0.719152 0.694816
1776830548.50467 0.069449 0.395748 0.010472 -0.006641 0.002573 -0.719163 0.694805
1776830548.67134 0.069478 0.395811 0.010369 -0.006689 0.002531 -0.719191 0.694776
1776830548.83799 0.069437 0.395775 0.010463 -0.006665 0.002547 -0.719185 0.694782
1776830549.00466 0.069435 0.395765 0.010454 -0.006685 0.002526 -0.719175 0.694793
1776830549.17133 0.069290 0.395925 0.010576 -0.006650 0.002553 -0.719172 0.694795
1776830549.33798 0.069296 0.395959 0.010587 -0.006650 0.002562 -0.719171 0.694796
1776830549.50464 0.069386 0.395872 0.010497 -0.006690 0.002520 -0.719162 0.694805
1776830549.67132 0.069322 0.395925 0.010533 -0.006667 0.002532 -0.719164 0.694804
1776830549.83797 0.069284 0.395923 0.010582 -0.006640 0.002560 -0.719148 0.694821
1776830550.00464 0.069240 0.395959 0.010586 -0.006625 0.002542 -0.719128 0.694842
1776830550.17130 0.069252 0.395904 0.010648 -0.006626 0.002517 -0.719131 0.694839
1776830550.33796 0.069271 0.395884 0.010562 -0.006643 0.002502 -0.719125 0.694845
1776830550.50463 0.069300 0.395888 0.010582 -0.006631 0.002523 -0.719135 0.694834
1776830550.67130 0.069312 0.395875 0.010518 -0.006673 0.002481 -0.719148 0.694821
1776830550.83795 0.069511 0.395773 0.010446 -0.006680 0.002511 -0.719169 0.694798
1776830551.00463 0.069579 0.395785 0.010438 -0.006667 0.002516 -0.719188 0.694779
1776830551.17129 0.069548 0.395812 0.010500 -0.006634 0.002550 -0.719196 0.694771
1776830551.33796 0.069499 0.395830 0.010494 -0.006656 0.002543 -0.719193 0.694773
1776830551.50462 0.069528 0.395845 0.010480 -0.006627 0.002558 -0.719193 0.694774
1776830551.67129 0.069553 0.395773 0.010408 -0.006666 0.002514 -0.719189 0.694778
1776830551.83800 0.070036 0.395539 0.010366 -0.006737 0.002642 -0.719279 0.694684
1776830552.00466 0.069973 0.395523 0.010375 -0.006704 0.002615 -0.719244 0.694720
1776830552.17133 0.070056 0.395428 0.010342 -0.006709 0.002619 -0.719236 0.694729
1776830552.33799 0.069997 0.395506 0.010330 -0.006707 0.002582 -0.719218 0.694747
1776830552.50467 0.069777 0.395670 0.010398 -0.006678 0.002515 -0.719188 0.694779
1776830552.67134 0.069722 0.395631 0.010515 -0.006610 0.002562 -0.719186 0.694781
1776830552.83800 0.069644 0.395700 0.010564 -0.006615 0.002553 -0.719180 0.694787
1776830553.00465 0.069709 0.395500 0.010576 -0.006559 0.002605 -0.719169 0.694799
1776830553.17132 0.069767 0.395607 0.010385 -0.006658 0.002515 -0.719188 0.694779
1776830553.33798 0.069818 0.395629 0.010414 -0.006660 0.002544 -0.719195 0.694772
1776830553.50466 0.069884 0.395574 0.010348 -0.006656 0.002489 -0.719203 0.694763
1776830553.67133 0.069926 0.395468 0.010221 -0.006713 0.002433 -0.719204 0.694763
1776830553.83804 0.070011 0.395416 0.010132 -0.006731 0.002436 -0.719195 0.694771
1776830554.00467 0.070039 0.395356 0.010038 -0.006750 0.002397 -0.719209 0.694757
1776830554.17132 0.070021 0.395394 0.010120 -0.006706 0.002434 -0.719217 0.694749
1776830554.33798 0.069565 0.395733 0.010302 -0.006645 0.002339 -0.719074 0.694898
1776830554.50464 0.069154 0.395964 0.010502 -0.006532 0.002287 -0.718958 0.695019
1776830554.67130 0.068952 0.396178 0.010511 -0.006549 0.002177 -0.718937 0.695041
1776830554.83797 0.068885 0.396149 0.010560 -0.006523 0.002183 -0.718915 0.695064
1776830555.00463 0.068999 0.396014 0.010464 -0.006535 0.002198 -0.718945 0.695032
1776830555.17129 0.068912 0.396017 0.010396 -0.006553 0.002157 -0.718950 0.695027
1776830555.33796 0.068760 0.396057 0.010491 -0.006497 0.002200 -0.718898 0.695082
1776830555.50462 0.068995 0.395852 0.010470 -0.006547 0.002290 -0.718957 0.695020
1776830555.67131 0.069285 0.395674 0.010318 -0.006606 0.002336 -0.719016 0.694958
1776830555.83798 0.069522 0.395599 0.010244 -0.006660 0.002314 -0.719071 0.694900
1776830556.00464 0.069661 0.395589 0.010180 -0.006706 0.002262 -0.719117 0.694853
1776830556.17132 0.069768 0.395448 0.010134 -0.006687 0.002282 -0.719154 0.694814
1776830556.33800 0.069975 0.395227 0.009990 -0.006678 0.002302 -0.719187 0.694781
1776830556.50465 0.070124 0.395164 0.009905 -0.006721 0.002297 -0.719219 0.694747
1776830556.67132 0.070131 0.395119 0.009914 -0.006686 0.002335 -0.719237 0.694729
1776830556.83799 0.070189 0.395029 0.009982 -0.006678 0.002391 -0.719256 0.694709
1776830557.00467 0.070233 0.395086 0.009963 -0.006723 0.002358 -0.719278 0.694686
1776830557.17133 0.070295 0.395038 0.009911 -0.006740 0.002333 -0.719298 0.694665
1776830557.33798 0.070317 0.395034 0.009939 -0.006738 0.002322 -0.719319 0.694644
1776830557.50464 0.070351 0.395026 0.009859 -0.006747 0.002340 -0.719330 0.694631
1776830557.67132 0.070430 0.394956 0.009840 -0.006720 0.002336 -0.719334 0.694628
1776830557.83800 0.070535 0.394815 0.009823 -0.006723 0.002349 -0.719340 0.694622
1776830558.00467 0.070515 0.394812 0.009888 -0.006732 0.002348 -0.719346 0.694615
1776830558.17135 0.070438 0.394870 0.010005 -0.006672 0.002394 -0.719351 0.694611
1776830558.33800 0.070496 0.394788 0.009852 -0.006702 0.002406 -0.719352 0.694609
1776830558.50467 0.070505 0.394862 0.009832 -0.006745 0.002393 -0.719341 0.694620
1776830558.67135 0.070446 0.394891 0.009803 -0.006742 0.002353 -0.719317 0.694646
1776830558.83801 0.070440 0.394852 0.009845 -0.006700 0.002369 -0.719310 0.694652
1776830559.00466 0.069865 0.395277 0.010035 -0.006668 0.002271 -0.719132 0.694837
1776830559.17133 0.069289 0.395707 0.010313 -0.006614 0.002221 -0.719016 0.694959
1776830559.33799 0.069198 0.395756 0.010372 -0.006577 0.002223 -0.719002 0.694974
1776830559.50464 0.069057 0.395847 0.010426 -0.006546 0.002195 -0.718973 0.695003
1776830559.67133 0.069223 0.395648 0.010433 -0.006541 0.002271 -0.719004 0.694971
1776830559.83802 0.069406 0.395533 0.010368 -0.006551 0.002326 -0.719052 0.694921
1776830560.00469 0.069579 0.395372 0.010272 -0.006583 0.002341 -0.719078 0.694894
1776830560.17136 0.069597 0.395439 0.010269 -0.006596 0.002365 -0.719097 0.694874
1776830560.33803 0.069538 0.395562 0.010480 -0.006582 0.002403 -0.719121 0.694850
1776830560.50469 0.069592 0.395588 0.010576 -0.006564 0.002438 -0.719140 0.694830
1776830560.67136 0.069699 0.395440 0.010519 -0.006564 0.002479 -0.719156 0.694813
1776830560.83801 0.069708 0.395420 0.010520 -0.006584 0.002493 -0.719166 0.694803
1776830561.00468 0.069840 0.395302 0.010311 -0.006632 0.002409 -0.719187 0.694780
1776830561.17135 0.069989 0.395236 0.010269 -0.006609 0.002440 -0.719202 0.694766
1776830561.33799 0.070008 0.395189 0.010309 -0.006616 0.002426 -0.719207 0.694760
1776830561.50467 0.069556 0.395588 0.010549 -0.006573 0.002337 -0.719094 0.694878
1776830561.67133 0.069099 0.395877 0.010712 -0.006511 0.002294 -0.718973 0.695004
1776830561.83798 0.069178 0.395886 0.010755 -0.006529 0.002338 -0.719022 0.694953
1776830562.00468 0.068903 0.396023 0.010919 -0.006468 0.002330 -0.718914 0.695065
1776830562.17135 0.069020 0.395921 0.010820 -0.006492 0.002272 -0.718968 0.695009
1776830562.33801 0.069044 0.395884 0.010753 -0.006479 0.002248 -0.718970 0.695007
1776830562.50469 0.068939 0.395924 0.010868 -0.006430 0.002282 -0.718950 0.695029
1776830562.67135 0.068760 0.395950 0.010933 -0.006403 0.002287 -0.718896 0.695084
1776830562.83801 0.068571 0.396092 0.011011 -0.006381 0.002305 -0.718844 0.695138
1776830563.00468 0.068721 0.395954 0.010846 -0.006420 0.002329 -0.718872 0.695109
1776830563.17135 0.068614 0.396072 0.010990 -0.006417 0.002337 -0.718835 0.695147
1776830563.33800 0.068415 0.396112 0.011119 -0.006355 0.002325 -0.718752 0.695233
1776830563.50465 0.068316 0.396096 0.011199 -0.006325 0.002397 -0.718702 0.695285
1776830563.67131 0.068595 0.395819 0.011033 -0.006342 0.002412 -0.718812 0.695171
1776830563.83799 0.068590 0.396275 0.011267 -0.006429 0.002477 -0.718962 0.695016
1776830564.00467 0.068716 0.396072 0.011256 -0.006429 0.002476 -0.718932 0.695046
1776830564.17131 0.068924 0.396021 0.011202 -0.006459 0.002515 -0.719023 0.694951
1776830564.33798 0.069114 0.396048 0.011137 -0.006488 0.002547 -0.719116 0.694855
1776830564.50464 0.069321 0.395995 0.011085 -0.006537 0.002563 -0.719179 0.694790
1776830564.67132 0.069512 0.395784 0.010994 -0.006531 0.002576 -0.719197 0.694771
1776830564.83797 0.069299 0.395794 0.011094 -0.006455 0.002566 -0.719050 0.694924
1776830565.00464 0.069489 0.395459 0.010886 -0.006441 0.002523 -0.719072 0.694901
1776830565.17129 0.069713 0.395298 0.010772 -0.006489 0.002476 -0.719103 0.694868
1776830565.33796 0.069723 0.395439 0.010829 -0.006508 0.002504 -0.719198 0.694770
1776830565.50463 0.069913 0.395265 0.010645 -0.006510 0.002476 -0.719211 0.694757
1776830565.67131 0.069953 0.395373 0.010629 -0.006539 0.002454 -0.719282 0.694683
1776830565.83798 0.070062 0.395266 0.010597 -0.006573 0.002455 -0.719318 0.694645
1776830566.00467 0.070116 0.395314 0.010561 -0.006604 0.002443 -0.719354 0.694608
1776830566.17133 0.070125 0.395307 0.010561 -0.006593 0.002471 -0.719335 0.694627
1776830566.33798 0.070354 0.394926 0.010388 -0.006582 0.002495 -0.719291 0.694674
1776830566.50467 0.070415 0.394729 0.010281 -0.006575 0.002438 -0.719255 0.694711
1776830566.67133 0.070354 0.394809 0.010353 -0.006545 0.002420 -0.719259 0.694707
1776830566.83801 0.070258 0.394984 0.010254 -0.006576 0.002334 -0.719252 0.694714
1776830567.00466 0.070286 0.394924 0.010215 -0.006580 0.002325 -0.719250 0.694716
1776830567.17134 0.070103 0.395275 0.010320 -0.006592 0.002333 -0.719288 0.694677
1776830567.33800 0.069985 0.395581 0.010665 -0.006563 0.002454 -0.719341 0.694621
1776830567.50468 0.070016 0.395711 0.010871 -0.006545 0.002570 -0.719393 0.694568
1776830567.67133 0.070056 0.395826 0.010978 -0.006593 0.002592 -0.719429 0.694529
1776830567.83802 0.070236 0.395496 0.010884 -0.006552 0.002630 -0.719383 0.694578
1776830568.00471 0.070384 0.395223 0.010811 -0.006525 0.002617 -0.719349 0.694614
1776830568.17138 0.070421 0.395042 0.010583 -0.006503 0.002589 -0.719329 0.694634
1776830568.33804 0.070427 0.394963 0.010416 -0.006528 0.002528 -0.719318 0.694646
1776830568.50471 0.070476 0.394981 0.010393 -0.006566 0.002459 -0.719316 0.694648
1776830568.67138 0.070425 0.395038 0.010483 -0.006567 0.002429 -0.719311 0.694653
1776830568.83808 0.070409 0.395122 0.010508 -0.006550 0.002413 -0.719324 0.694640
1776830569.00474 0.070333 0.395190 0.010417 -0.006571 0.002367 -0.719326 0.694638
1776830569.17140 0.070445 0.395081 0.010365 -0.006577 0.002390 -0.719335 0.694628
1776830569.33807 0.070437 0.395035 0.010339 -0.006517 0.002397 -0.719335 0.694628
1776830569.50468 0.070432 0.394968 0.010663 -0.006472 0.002699 -0.719309 0.694655
1776830569.67134 0.070478 0.394931 0.010553 -0.006530 0.002618 -0.719312 0.694651
1776830569.83803 0.070523 0.394837 0.010647 -0.006501 0.002731 -0.719309 0.694655
1776830570.00475 0.070521 0.394837 0.010741 -0.006480 0.002809 -0.719308 0.694655
1776830570.17142 0.070529 0.394766 0.010773 -0.006464 0.002878 -0.719297 0.694667
1776830570.33809 0.070523 0.394719 0.010859 -0.006407 0.002941 -0.719266 0.694699
1776830570.50477 0.070623 0.394643 0.010759 -0.006437 0.002834 -0.719281 0.694683
1776830570.67145 0.070585 0.394685 0.010665 -0.006422 0.002765 -0.719297 0.694668
1776830570.83815 0.070655 0.394682 0.010490 -0.006466 0.002662 -0.719302 0.694662
1776830571.00481 0.070704 0.394633 0.010391 -0.006488 0.002578 -0.719314 0.694650
1776830571.17147 0.070751 0.394639 0.010323 -0.006492 0.002529 -0.719322 0.694642
1776830571.33814 0.070798 0.394522 0.010208 -0.006511 0.002464 -0.719327 0.694637
1776830571.50481 0.070799 0.394628 0.010225 -0.006550 0.002435 -0.719346 0.694617
1776830571.67149 0.070754 0.394708 0.010096 -0.006581 0.002337 -0.719354 0.694609
1776830571.83817 0.070808 0.394749 0.010068 -0.006621 0.002349 -0.719348 0.694614
1776830572.00483 0.070751 0.394748 0.010255 -0.006539 0.002398 -0.719325 0.694638
1776830572.17151 0.070634 0.394811 0.010316 -0.006509 0.002370 -0.719328 0.694636
1776830572.33817 0.070643 0.394784 0.010326 -0.006512 0.002394 -0.719323 0.694642
1776830572.50484 0.070549 0.394887 0.010403 -0.006482 0.002411 -0.719327 0.694638
1776830572.67151 0.070594 0.394777 0.010458 -0.006475 0.002435 -0.719317 0.694648
1776830572.83818 0.070606 0.394811 0.010477 -0.006489 0.002435 -0.719314 0.694651
1776830573.00485 0.070661 0.394751 0.010377 -0.006488 0.002385 -0.719308 0.694657
1776830573.17154 0.070695 0.394756 0.010414 -0.006481 0.002403 -0.719328 0.694636
1776830573.33819 0.070646 0.394774 0.010326 -0.006506 0.002355 -0.719328 0.694636
1776830573.50484 0.070634 0.394813 0.010390 -0.006474 0.002371 -0.719330 0.694634
1776830573.67151 0.070648 0.394776 0.010274 -0.006522 0.002312 -0.719326 0.694639
1776830573.83818 0.070637 0.394733 0.010269 -0.006482 0.002328 -0.719341 0.694623
1776830574.00485 0.070563 0.394834 0.010278 -0.006516 0.002310 -0.719329 0.694635
1776830574.17152 0.070600 0.394773 0.010253 -0.006523 0.002346 -0.719329 0.694635
1776830574.33817 0.070597 0.394798 0.010289 -0.006507 0.002368 -0.719312 0.694653
1776830574.50485 0.070615 0.394750 0.010295 -0.006499 0.002349 -0.719314 0.694651
1776830574.67152 0.070699 0.394634 0.010133 -0.006503 0.002309 -0.719313 0.694652
1776830574.83819 0.070698 0.394643 0.010199 -0.006455 0.002341 -0.719296 0.694670
1776830575.00486 0.070643 0.394632 0.010248 -0.006415 0.002353 -0.719276 0.694691
1776830575.17153 0.070559 0.394708 0.010299 -0.006424 0.002365 -0.719268 0.694699
1776830575.33820 0.070539 0.394744 0.010293 -0.006499 0.002300 -0.719275 0.694691
1776830575.50486 0.070672 0.394560 0.010158 -0.006512 0.002283 -0.719284 0.694682
1776830575.67154 0.070705 0.394559 0.010089 -0.006538 0.002248 -0.719286 0.694680
1776830575.83820 0.070717 0.394555 0.010073 -0.006531 0.002245 -0.719296 0.694670
1776830576.00487 0.070707 0.394517 0.010079 -0.006522 0.002246 -0.719261 0.694705
1776830576.17154 0.070745 0.394505 0.010059 -0.006529 0.002237 -0.719254 0.694713
1776830576.33820 0.070801 0.394529 0.010035 -0.006523 0.002198 -0.719251 0.694716
1776830576.50486 0.070745 0.394600 0.010159 -0.006465 0.002236 -0.719269 0.694698
1776830576.67153 0.070718 0.394648 0.010204 -0.006464 0.002254 -0.719279 0.694688
1776830576.83820 0.070781 0.394649 0.010169 -0.006521 0.002238 -0.719298 0.694667
1776830577.00487 0.070830 0.394535 0.010177 -0.006492 0.002260 -0.719297 0.694669
1776830577.17154 0.070786 0.394610 0.010226 -0.006452 0.002249 -0.719286 0.694680
1776830577.33820 0.070766 0.394626 0.010314 -0.006418 0.002265 -0.719290 0.694676
1776830577.50488 0.070693 0.394788 0.010519 -0.006388 0.002331 -0.719290 0.694676
1776830577.67154 0.070623 0.395090 0.010618 -0.006464 0.002322 -0.719347 0.694617
1776830577.83820 0.070560 0.395128 0.010825 -0.006448 0.002411 -0.719356 0.694607
1776830578.00486 0.070562 0.395154 0.010787 -0.006505 0.002416 -0.719355 0.694608
1776830578.17153 0.070763 0.395000 0.010615 -0.006577 0.002377 -0.719360 0.694602
1776830578.33819 0.070796 0.394953 0.010611 -0.006569 0.002379 -0.719363 0.694599
1776830578.50486 0.070802 0.394763 0.010486 -0.006555 0.002327 -0.719298 0.694667
1776830578.67151 0.070739 0.394736 0.010459 -0.006520 0.002289 -0.719250 0.694717
1776830578.83819 0.070736 0.394601 0.010465 -0.006478 0.002304 -0.719204 0.694765
1776830579.00485 0.070564 0.394674 0.010415 -0.006478 0.002231 -0.719165 0.694806
1776830579.17154 0.070419 0.394789 0.010559 -0.006432 0.002277 -0.719161 0.694810
1776830579.33819 0.070405 0.394862 0.010793 -0.006377 0.002363 -0.719166 0.694805
1776830579.50488 0.070351 0.394943 0.010825 -0.006362 0.002353 -0.719157 0.694815
1776830579.67154 0.070245 0.395035 0.010850 -0.006356 0.002352 -0.719138 0.694834
1776830579.83820 0.070171 0.395147 0.010926 -0.006339 0.002368 -0.719126 0.694847
1776830580.00488 0.070223 0.395035 0.010894 -0.006316 0.002376 -0.719113 0.694861
1776830580.17154 0.070169 0.395100 0.010932 -0.006293 0.002421 -0.719103 0.694870
1776830580.33820 0.070071 0.395198 0.011065 -0.006301 0.002457 -0.719086 0.694888
1776830580.50487 0.069953 0.395352 0.011104 -0.006305 0.002422 -0.719074 0.694900
1776830580.67154 0.069967 0.395328 0.011166 -0.006279 0.002450 -0.719083 0.694892
1776830580.83822 0.070064 0.395105 0.011111 -0.006295 0.002459 -0.719055 0.694921
1776830581.00486 0.070071 0.395125 0.011131 -0.006305 0.002497 -0.719048 0.694927
1776830581.17155 0.070069 0.395102 0.011197 -0.006276 0.002552 -0.719028 0.694948
1776830581.33820 0.070028 0.395107 0.011184 -0.006263 0.002553 -0.719016 0.694960
1776830581.50486 0.069926 0.395171 0.011225 -0.006246 0.002520 -0.719005 0.694973
1776830581.67152 0.069932 0.395157 0.011208 -0.006281 0.002495 -0.718990 0.694988
1776830581.83819 0.069949 0.395224 0.011272 -0.006307 0.002481 -0.719017 0.694959
1776830582.00486 0.070041 0.395235 0.011128 -0.006362 0.002465 -0.719018 0.694958
1776830582.17153 0.069872 0.395314 0.011199 -0.006311 0.002469 -0.719003 0.694974
1776830582.33817 0.069972 0.395171 0.011173 -0.006313 0.002522 -0.718989 0.694988
1776830582.50485 0.069947 0.395163 0.011116 -0.006320 0.002524 -0.718981 0.694996
1776830582.67151 0.069935 0.395188 0.011146 -0.006335 0.002484 -0.718987 0.694990
1776830582.83817 0.069906 0.395222 0.011118 -0.006351 0.002415 -0.718981 0.694996
1776830583.00484 0.069879 0.395306 0.011209 -0.006328 0.002429 -0.718997 0.694980
1776830583.17149 0.069947 0.395343 0.011160 -0.006341 0.002420 -0.719007 0.694969
1776830583.33814 0.070002 0.395157 0.011069 -0.006291 0.002451 -0.718994 0.694984
1776830583.50480 0.070043 0.395060 0.011142 -0.006230 0.002494 -0.718997 0.694981
1776830583.67146 0.070074 0.395026 0.011157 -0.006180 0.002512 -0.718996 0.694982
1776830583.83812 0.070049 0.395024 0.011197 -0.006149 0.002520 -0.718989 0.694990
1776830584.00480 0.069989 0.395105 0.011191 -0.006171 0.002484 -0.718966 0.695014
1776830584.17149 0.070141 0.394930 0.011116 -0.006188 0.002501 -0.718969 0.695010
1776830584.33816 0.070244 0.394846 0.011130 -0.006187 0.002481 -0.718979 0.694999
1776830584.50483 0.070162 0.394948 0.011189 -0.006194 0.002477 -0.718986 0.694992
1776830584.67149 0.070111 0.394981 0.011155 -0.006189 0.002472 -0.718994 0.694984
1776830584.83816 0.070135 0.394926 0.011240 -0.006176 0.002513 -0.718983 0.694995
1776830585.00483 0.070017 0.395065 0.011241 -0.006173 0.002495 -0.718963 0.695016
1776830585.17149 0.069959 0.395168 0.011303 -0.006137 0.002488 -0.718952 0.695028
1776830585.33814 0.069963 0.395121 0.011235 -0.006157 0.002440 -0.718950 0.695030
1776830585.50482 0.070029 0.395049 0.011192 -0.006170 0.002443 -0.718954 0.695026
1776830585.67147 0.070081 0.395036 0.011139 -0.006200 0.002428 -0.718959 0.695021
1776830585.83816 0.070140 0.395006 0.011208 -0.006192 0.002458 -0.718961 0.695018
1776830586.00482 0.070148 0.394860 0.011152 -0.006168 0.002429 -0.718943 0.695038
1776830586.17147 0.070162 0.394836 0.011167 -0.006118 0.002457 -0.718933 0.695048
1776830586.33813 0.070195 0.394735 0.011111 -0.006120 0.002465 -0.718937 0.695044
1776830586.50481 0.070153 0.394738 0.011231 -0.006081 0.002520 -0.718935 0.695046
1776830586.67145 0.070092 0.394744 0.011208 -0.006103 0.002509 -0.718914 0.695068
1776830586.83814 0.070151 0.394650 0.011246 -0.006105 0.002537 -0.718911 0.695070
1776830587.00481 0.070247 0.394577 0.011294 -0.006078 0.002551 -0.718912 0.695070
1776830587.17148 0.070349 0.394477 0.011209 -0.006109 0.002539 -0.718915 0.695066
1776830587.33815 0.070401 0.394428 0.011177 -0.006081 0.002576 -0.718928 0.695053
1776830587.50474 0.070278 0.394363 0.011503 -0.006083 0.002927 -0.718852 0.695130
1776830587.67139 0.070415 0.394235 0.011351 -0.006106 0.002853 -0.718873 0.695108
1776830587.83808 0.070501 0.394133 0.011236 -0.006121 0.002878 -0.718875 0.695106
1776830588.00473 0.070555 0.394135 0.011250 -0.006108 0.002900 -0.718872 0.695109
1776830588.17139 0.070659 0.394037 0.011168 -0.006116 0.002859 -0.718899 0.695082
1776830588.33805 0.070781 0.394015 0.011122 -0.006104 0.002794 -0.718918 0.695062
1776830588.50471 0.070740 0.394080 0.011150 -0.006061 0.002732 -0.718932 0.695048
1776830588.67137 0.070748 0.394081 0.011128 -0.006094 0.002669 -0.718936 0.695044
1776830588.83807 0.070791 0.394084 0.011056 -0.006119 0.002595 -0.718957 0.695022
1776830589.00476 0.070911 0.394040 0.010951 -0.006124 0.002601 -0.718976 0.695003
1776830589.17142 0.070925 0.394031 0.010841 -0.006151 0.002565 -0.718987 0.694992
1776830589.33807 0.071019 0.393972 0.010760 -0.006185 0.002512 -0.718994 0.694984
1776830589.50473 0.071053 0.393952 0.010764 -0.006155 0.002510 -0.719004 0.694974
1776830589.67141 0.071098 0.393961 0.010665 -0.006159 0.002483 -0.719030 0.694947
1776830589.83807 0.071170 0.393875 0.010619 -0.006173 0.002481 -0.719029 0.694949
1776830590.00474 0.071205 0.393877 0.010659 -0.006152 0.002536 -0.719043 0.694933
1776830590.17141 0.071269 0.393843 0.010660 -0.006138 0.002546 -0.719055 0.694921
1776830590.33807 0.071245 0.393806 0.010659 -0.006132 0.002550 -0.719075 0.694901
1776830590.50474 0.071312 0.393819 0.010621 -0.006191 0.002517 -0.719096 0.694878
1776830590.67141 0.071435 0.393693 0.010601 -0.006150 0.002531 -0.719100 0.694875
1776830590.83808 0.071400 0.393699 0.010533 -0.006162 0.002501 -0.719091 0.694884
1776830591.00475 0.071489 0.393624 0.010542 -0.006147 0.002529 -0.719094 0.694881
1776830591.17143 0.071466 0.393699 0.010475 -0.006159 0.002471 -0.719102 0.694873
1776830591.33808 0.071436 0.393731 0.010513 -0.006126 0.002499 -0.719101 0.694874
1776830591.50474 0.071467 0.393703 0.010412 -0.006158 0.002477 -0.719103 0.694872
1776830591.67141 0.071515 0.393669 0.010378 -0.006166 0.002483 -0.719106 0.694868
1776830591.83807 0.071585 0.393570 0.010397 -0.006161 0.002523 -0.719107 0.694868
1776830592.00474 0.071564 0.393544 0.010367 -0.006157 0.002514 -0.719104 0.694870
1776830592.17140 0.071555 0.393544 0.010364 -0.006175 0.002507 -0.719097 0.694877
1776830592.33807 0.071474 0.393633 0.010362 -0.006194 0.002484 -0.719092 0.694883
1776830592.50475 0.071625 0.393534 0.010432 -0.006191 0.002517 -0.719101 0.694873
1776830592.67141 0.071644 0.393537 0.010365 -0.006196 0.002463 -0.719106 0.694868
1776830592.83809 0.071559 0.393623 0.010358 -0.006186 0.002450 -0.719102 0.694872
1776830593.00475 0.071565 0.393644 0.010481 -0.006166 0.002503 -0.719098 0.694877
1776830593.17143 0.071514 0.393657 0.010457 -0.006186 0.002505 -0.719086 0.694889
1776830593.33811 0.071545 0.393631 0.010532 -0.006187 0.002526 -0.719087 0.694887
1776830593.50477 0.071587 0.393553 0.010382 -0.006193 0.002492 -0.719088 0.694887
1776830593.67142 0.071623 0.393578 0.010448 -0.006197 0.002504 -0.719084 0.694891
1776830593.83809 0.071626 0.393541 0.010503 -0.006147 0.002530 -0.719084 0.694891
1776830594.00475 0.071602 0.393499 0.010467 -0.006124 0.002527 -0.719076 0.694900
1776830594.17142 0.071530 0.393571 0.010494 -0.006127 0.002518 -0.719066 0.694910
1776830594.33809 0.071433 0.393706 0.010547 -0.006132 0.002503 -0.719070 0.694906
1776830594.50477 0.071287 0.393847 0.010640 -0.006113 0.002485 -0.719068 0.694909
1776830594.67143 0.071286 0.393893 0.010709 -0.006115 0.002521 -0.719052 0.694924
1776830594.83811 0.071338 0.393917 0.010760 -0.006079 0.002564 -0.719043 0.694934
1776830595.00478 0.071271 0.393924 0.010749 -0.006050 0.002565 -0.719030 0.694948
1776830595.17146 0.071390 0.393860 0.010520 -0.006126 0.002361 -0.719088 0.694888
1776830595.33812 0.071538 0.393748 0.010424 -0.006169 0.002409 -0.719129 0.694845
1776830595.50480 0.071695 0.393671 0.010351 -0.006205 0.002435 -0.719202 0.694770
1776830595.67147 0.071658 0.393625 0.010433 -0.006130 0.002511 -0.719178 0.694794
1776830595.83814 0.071675 0.393591 0.010446 -0.006115 0.002506 -0.719154 0.694819
1776830596.00481 0.071710 0.393508 0.010417 -0.006101 0.002473 -0.719156 0.694818
1776830596.17149 0.071687 0.393507 0.010506 -0.006106 0.002569 -0.719135 0.694839
1776830596.33815 0.071664 0.393531 0.010600 -0.006116 0.002631 -0.719110 0.694864
1776830596.50482 0.071605 0.393545 0.010644 -0.006091 0.002625 -0.719111 0.694864
1776830596.67148 0.071593 0.393535 0.010732 -0.006098 0.002688 -0.719114 0.694860
1776830596.83812 0.071620 0.393457 0.010688 -0.006135 0.002734 -0.719085 0.694889
1776830597.00482 0.071718 0.393358 0.010640 -0.006104 0.002741 -0.719095 0.694880
1776830597.17149 0.071846 0.393341 0.010646 -0.006089 0.002715 -0.719115 0.694859
1776830597.33816 0.071811 0.393345 0.010632 -0.006076 0.002712 -0.719090 0.694885
1776830597.50482 0.071791 0.393352 0.010641 -0.006050 0.002682 -0.719093 0.694883
1776830597.67149 0.071653 0.393437 0.010720 -0.006026 0.002674 -0.719049 0.694928
1776830597.83817 0.071551 0.393515 0.010727 -0.006010 0.002648 -0.719032 0.694946
1776830598.00486 0.071663 0.393441 0.010676 -0.006022 0.002648 -0.719056 0.694921
1776830598.17154 0.071647 0.393539 0.010652 -0.006035 0.002595 -0.719054 0.694924
1776830598.33821 0.071723 0.393512 0.010735 -0.006010 0.002621 -0.719076 0.694900
1776830598.50485 0.071656 0.393618 0.010748 -0.006016 0.002577 -0.719077 0.694900
1776830598.67154 0.071642 0.393590 0.010739 -0.005981 0.002583 -0.719051 0.694927
1776830598.83818 0.071567 0.393669 0.010794 -0.005988 0.002616 -0.719012 0.694967
1776830599.00487 0.071692 0.393557 0.010821 -0.005976 0.002683 -0.719009 0.694970
1776830599.17152 0.071425 0.393740 0.010620 -0.005974 0.002655 -0.718972 0.695008
1776830599.33820 0.070945 0.393796 0.010643 -0.005923 0.002664 -0.718907 0.695076
1776830599.50487 0.070484 0.393827 0.010581 -0.005885 0.002747 -0.718847 0.695138
1776830599.67154 0.070111 0.394058 0.010555 -0.005910 0.002743 -0.718795 0.695192
1776830599.83820 0.069896 0.394258 0.010613 -0.005923 0.002795 -0.718762 0.695225
1776830600.00488 0.069643 0.394683 0.010172 -0.006045 0.002829 -0.718710 0.695278
1776830600.17156 0.069562 0.394775 0.010220 -0.006044 0.002837 -0.718691 0.695297
1776830600.33822 0.069567 0.394313 0.010341 -0.006053 0.002756 -0.718708 0.695281
1776830600.50487 0.069546 0.394310 0.010142 -0.006111 0.002747 -0.718696 0.695292
1776830600.67154 0.069422 0.394229 0.010254 -0.006084 0.002796 -0.718694 0.695295
1776830600.83822 0.069617 0.394240 0.010014 -0.006123 0.002796 -0.718675 0.695313
1776830601.00489 0.069395 0.394355 0.010072 -0.006081 0.002848 -0.718627 0.695363
1776830601.17155 0.069146 0.394362 0.009762 -0.006142 0.002823 -0.718571 0.695421
1776830601.33820 0.069010 0.394546 0.009529 -0.006205 0.002801 -0.718511 0.695482
1776830601.50486 0.068614 0.394060 0.009676 -0.006208 0.002783 -0.718500 0.695494
1776830601.67154 0.068566 0.393627 0.009494 -0.006253 0.002701 -0.718517 0.695476
1776830601.83820 0.068606 0.394037 0.009251 -0.006312 0.002643 -0.718481 0.695513
1776830602.00486 0.068525 0.394046 0.008913 -0.006366 0.002610 -0.718458 0.695537
1776830602.17152 0.068621 0.394190 0.008949 -0.006341 0.002556 -0.718459 0.695535
1776830602.33818 0.068481 0.394320 0.008791 -0.006355 0.002584 -0.718404 0.695592
1776830602.50484 0.068150 0.394562 0.008787 -0.006295 0.002612 -0.718372 0.695625
1776830602.67151 0.068112 0.394523 0.008863 -0.006324 0.002552 -0.718363 0.695635
1776830602.83818 0.068240 0.394503 0.009162 -0.006276 0.002471 -0.718386 0.695612
1776830603.00485 0.068067 0.394306 0.009027 -0.006306 0.002382 -0.718442 0.695554
1776830603.17150 0.068173 0.394555 0.008812 -0.006334 0.002376 -0.718425 0.695571
1776830603.33817 0.068162 0.394732 0.008564 -0.006350 0.002323 -0.718423 0.695573
1776830603.50485 0.068168 0.395164 0.008335 -0.006368 0.002363 -0.718388 0.695610
1776830603.67151 0.067898 0.395341 0.008315 -0.006364 0.002393 -0.718336 0.695663
1776830603.83819 0.067331 0.395013 0.008444 -0.006331 0.002489 -0.718285 0.695716
1776830604.00487 0.067185 0.394778 0.008407 -0.006338 0.002496 -0.718278 0.695723
1776830604.17154 0.066961 0.394576 0.008556 -0.006355 0.002560 -0.718245 0.695756
1776830604.33820 0.066863 0.394549 0.008834 -0.006302 0.002622 -0.718199 0.695804
1776830604.50488 0.066900 0.394476 0.008808 -0.006334 0.002579 -0.718177 0.695827
1776830604.67154 0.066394 0.394294 0.008783 -0.006314 0.002592 -0.718144 0.695861
1776830604.83819 0.065981 0.394344 0.008375 -0.006417 0.002596 -0.718085 0.695921
1776830605.00486 0.065792 0.393987 0.008289 -0.006405 0.002725 -0.718064 0.695942
1776830605.17153 0.065688 0.393754 0.008307 -0.006393 0.002737 -0.718037 0.695970
1776830605.33818 0.065465 0.393548 0.008475 -0.006333 0.002826 -0.718007 0.696002
1776830605.50484 0.065520 0.393445 0.008539 -0.006319 0.002829 -0.717984 0.696025
1776830605.67150 0.065083 0.393893 0.008392 -0.006337 0.002854 -0.717893 0.696119
1776830605.83817 0.065025 0.393840 0.008515 -0.006334 0.002873 -0.717854 0.696159
1776830606.00486 0.064518 0.393956 0.008344 -0.006379 0.002876 -0.717747 0.696269
1776830606.17154 0.064687 0.393724 0.008571 -0.006352 0.002769 -0.717748 0.696268
1776830606.33821 0.064442 0.393664 0.008590 -0.006357 0.002616 -0.717747 0.696270
1776830606.50489 0.063765 0.393846 0.008284 -0.006354 0.002683 -0.717672 0.696348
1776830606.67156 0.063869 0.394089 0.008507 -0.006302 0.002644 -0.717682 0.696338
1776830606.83823 0.064168 0.394154 0.008739 -0.006233 0.002594 -0.717710 0.696309
1776830607.00489 0.063642 0.393869 0.008455 -0.006244 0.002637 -0.717675 0.696345
1776830607.17153 0.063825 0.393715 0.008699 -0.006165 0.002604 -0.717685 0.696336
1776830607.33818 0.063134 0.393457 0.008217 -0.006259 0.002638 -0.717623 0.696399
1776830607.50484 0.063348 0.393590 0.008295 -0.006277 0.002537 -0.717645 0.696376
1776830607.67151 0.063099 0.393102 0.008287 -0.006259 0.002634 -0.717645 0.696376
1776830607.83817 0.063222 0.393336 0.008436 -0.006274 0.002549 -0.717645 0.696377
1776830608.00484 0.063534 0.393425 0.008463 -0.006258 0.002479 -0.717668 0.696353
1776830608.17151 0.063682 0.393705 0.008404 -0.006241 0.002424 -0.717676 0.696345
1776830608.33817 0.063734 0.393817 0.008527 -0.006197 0.002414 -0.717692 0.696329
1776830608.50484 0.063903 0.393929 0.008437 -0.006262 0.002327 -0.717705 0.696315
1776830608.67152 0.064090 0.393990 0.008653 -0.006205 0.002336 -0.717728 0.696292
1776830608.83818 0.064351 0.394132 0.008662 -0.006180 0.002318 -0.717753 0.696266
1776830609.00485 0.064396 0.394148 0.008705 -0.006172 0.002322 -0.717767 0.696252
1776830609.17153 0.064593 0.394029 0.008567 -0.006256 0.002285 -0.717792 0.696226
1776830609.33819 0.064455 0.394145 0.008403 -0.006271 0.002244 -0.717798 0.696220
1776830609.50484 0.064776 0.394174 0.008334 -0.006274 0.002273 -0.717828 0.696189
1776830609.67151 0.064867 0.394432 0.008221 -0.006282 0.002236 -0.717846 0.696170
1776830609.83818 0.065124 0.394715 0.008171 -0.006325 0.002223 -0.717878 0.696137
1776830610.00485 0.065464 0.394980 0.008187 -0.006299 0.002266 -0.717911 0.696102
1776830610.17152 0.065929 0.395032 0.008405 -0.006272 0.002279 -0.717937 0.696076
1776830610.33819 0.065959 0.395069 0.008365 -0.006289 0.002251 -0.717958 0.696055
1776830610.50485 0.066215 0.395105 0.008442 -0.006272 0.002252 -0.717986 0.696026
1776830610.67152 0.066166 0.394930 0.008424 -0.006246 0.002227 -0.718003 0.696008
1776830610.83819 0.066174 0.394901 0.008572 -0.006215 0.002258 -0.718019 0.695992
1776830611.00486 0.066076 0.394656 0.008817 -0.006198 0.002267 -0.718030 0.695981
1776830611.17153 0.066263 0.394528 0.008816 -0.006185 0.002293 -0.718060 0.695950
1776830611.33819 0.066393 0.394496 0.008735 -0.006206 0.002288 -0.718082 0.695927
1776830611.50486 0.066537 0.394372 0.008852 -0.006159 0.002291 -0.718118 0.695890
1776830611.67153 0.066691 0.394338 0.008724 -0.006209 0.002223 -0.718139 0.695869
1776830611.83820 0.067025 0.394399 0.008524 -0.006306 0.002155 -0.718168 0.695837
1776830612.00486 0.067310 0.394553 0.008463 -0.006295 0.002150 -0.718209 0.695795
1776830612.17154 0.067331 0.394671 0.008296 -0.006295 0.002158 -0.718209 0.695796
1776830612.33819 0.067464 0.394836 0.008416 -0.006284 0.002201 -0.718228 0.695776
1776830612.50485 0.067789 0.394726 0.008659 -0.006231 0.002277 -0.718261 0.695742
1776830612.67152 0.067901 0.394877 0.008819 -0.006176 0.002317 -0.718297 0.695705
1776830612.83820 0.068147 0.394878 0.008873 -0.006204 0.002284 -0.718325 0.695676
1776830613.00487 0.068514 0.394947 0.008853 -0.006216 0.002280 -0.718352 0.695648
1776830613.17154 0.068502 0.394940 0.008875 -0.006240 0.002245 -0.718361 0.695639
1776830613.33819 0.068617 0.394997 0.008902 -0.006259 0.002270 -0.718378 0.695621
1776830613.50485 0.068896 0.395083 0.008915 -0.006261 0.002269 -0.718409 0.695589
1776830613.67153 0.068995 0.395137 0.008942 -0.006266 0.002277 -0.718419 0.695579
1776830613.83820 0.069103 0.394982 0.009043 -0.006226 0.002298 -0.718431 0.695566
1776830614.00486 0.068984 0.395029 0.009041 -0.006221 0.002250 -0.718439 0.695559
1776830614.17154 0.069091 0.395036 0.009112 -0.006192 0.002278 -0.718455 0.695542
1776830614.33820 0.069148 0.395009 0.008907 -0.006229 0.002223 -0.718466 0.695531
1776830614.50487 0.069486 0.395132 0.008894 -0.006234 0.002260 -0.718501 0.695495
1776830614.67153 0.069687 0.395129 0.009041 -0.006202 0.002246 -0.718525 0.695470
1776830614.83821 0.069720 0.395028 0.009083 -0.006178 0.002271 -0.718533 0.695462
1776830615.00487 0.069259 0.394640 0.009314 -0.006201 0.002268 -0.718487 0.695509
1776830615.17155 0.069259 0.394329 0.009705 -0.006212 0.002296 -0.718462 0.695534
1776830615.33821 0.069330 0.394493 0.009226 -0.006217 0.002260 -0.718486 0.695510
1776830615.50487 0.068982 0.394135 0.009420 -0.006250 0.002283 -0.718454 0.695542
1776830615.67154 0.069316 0.394333 0.008976 -0.006306 0.002252 -0.718476 0.695520
1776830615.83821 0.069530 0.394647 0.008622 -0.006329 0.002222 -0.718498 0.695497
1776830616.00488 0.069108 0.394633 0.008817 -0.006355 0.002211 -0.718458 0.695538
1776830616.17154 0.069457 0.394799 0.008680 -0.006350 0.002236 -0.718490 0.695505
1776830616.33821 0.069442 0.394941 0.008639 -0.006323 0.002252 -0.718504 0.695491
1776830616.50490 0.069490 0.394941 0.008626 -0.006292 0.002281 -0.718517 0.695478
1776830616.67155 0.069099 0.394781 0.008884 -0.006289 0.002321 -0.718478 0.695518
1776830616.83822 0.068873 0.394438 0.009227 -0.006323 0.002363 -0.718449 0.695547
1776830617.00489 0.068908 0.394099 0.009548 -0.006324 0.002394 -0.718438 0.695558
1776830617.17156 0.068944 0.393925 0.009618 -0.006329 0.002414 -0.718424 0.695573
1776830617.33822 0.069019 0.393727 0.009786 -0.006293 0.002465 -0.718408 0.695589
1776830617.50488 0.068839 0.393845 0.009909 -0.006270 0.002470 -0.718392 0.695606
1776830617.67157 0.068751 0.393928 0.009606 -0.006351 0.002414 -0.718373 0.695625
1776830617.83822 0.068725 0.393825 0.009464 -0.006367 0.002380 -0.718366 0.695632
1776830618.00489 0.068712 0.393959 0.009276 -0.006404 0.002346 -0.718358 0.695640
1776830800.64863 0.068906 0.394787 0.007625 -0.007104 0.000896 -0.718359 0.695635
1776830800.81530 0.076009 0.406277 0.010394 -0.007055 0.000631 -0.718399 0.695596
1776830800.98197 0.077365 0.408547 0.009573 -0.007013 0.000652 -0.718407 0.695587
1776830801.14864 0.078612 0.410774 0.009404 -0.006995 0.000626 -0.718416 0.695579
1776830801.31530 0.079909 0.412997 0.009646 -0.006983 0.000642 -0.718422 0.695572
1776830801.48197 0.081198 0.415115 0.010057 -0.006981 0.000710 -0.718417 0.695577
1776830801.64862 0.082206 0.416965 0.010478 -0.006948 0.000746 -0.718410 0.695585
1776830801.81530 0.083264 0.418719 0.011098 -0.006911 0.000830 -0.718407 0.695589
1776830801.98197 0.084448 0.420785 0.011502 -0.006914 0.000852 -0.718406 0.695589
1776830802.14864 0.085227 0.422101 0.012003 -0.006910 0.000861 -0.718397 0.695598
1776830802.31529 0.085823 0.423355 0.012328 -0.006924 0.000848 -0.718401 0.695594
1776830802.48195 0.086516 0.424824 0.012690 -0.006931 0.000827 -0.718408 0.695587
1776830802.64862 0.086961 0.425664 0.013011 -0.006925 0.000820 -0.718405 0.695590
1776830802.81529 0.079095 0.410197 0.010525 -0.006821 0.000914 -0.718462 0.695532
1776830802.98195 0.079185 0.410157 0.010632 -0.006808 0.000956 -0.718468 0.695526
1776830803.14862 0.079344 0.410121 0.010650 -0.006839 0.000967 -0.718483 0.695510
1776830803.31528 0.079349 0.410092 0.010535 -0.006883 0.000949 -0.718479 0.695514
1776830803.48196 0.079211 0.410132 0.010350 -0.006898 0.000929 -0.718477 0.695516
1776830803.64862 0.079172 0.410051 0.010278 -0.006944 0.000915 -0.718486 0.695507
1776830803.81531 0.079106 0.409959 0.010067 -0.006956 0.000870 -0.718500 0.695492
1776830803.98198 0.079172 0.410179 0.009856 -0.006981 0.000856 -0.718513 0.695478
1776830804.14866 0.079297 0.410266 0.009907 -0.006984 0.000872 -0.718521 0.695469
1776830804.31533 0.079377 0.410071 0.009973 -0.006983 0.000862 -0.718538 0.695452
1776830804.48200 0.079345 0.410124 0.009745 -0.007054 0.000783 -0.718546 0.695443
1776830804.64867 0.079562 0.410339 0.009586 -0.007075 0.000745 -0.718550 0.695439
1776830804.81533 0.079503 0.410640 0.009380 -0.007126 0.000709 -0.718548 0.695441
1776830804.98200 0.079723 0.410886 0.009227 -0.007167 0.000706 -0.718552 0.695436
1776830805.14866 0.079858 0.411318 0.009261 -0.007173 0.000709 -0.718555 0.695432
1776830805.31533 0.079940 0.411404 0.009396 -0.007141 0.000745 -0.718550 0.695438
1776830805.48201 0.079933 0.411605 0.009443 -0.007170 0.000731 -0.718527 0.695462
1776830805.64867 0.079775 0.411593 0.009469 -0.007163 0.000707 -0.718521 0.695468
1776830805.81534 0.079670 0.411544 0.009641 -0.007101 0.000737 -0.718535 0.695454
1776830805.98201 0.079990 0.411709 0.009824 -0.007109 0.000764 -0.718553 0.695436
1776830806.14868 0.080149 0.411763 0.009814 -0.007108 0.000780 -0.718560 0.695428
1776830806.31534 0.080117 0.411820 0.009901 -0.007096 0.000800 -0.718569 0.695419
1776830806.48201 0.080197 0.411669 0.010004 -0.007094 0.000828 -0.718567 0.695421
1776830806.64869 0.080251 0.411664 0.010044 -0.007087 0.000817 -0.718571 0.695417
1776830806.81536 0.080394 0.411652 0.010073 -0.007028 0.000827 -0.718591 0.695396
1776830806.98202 0.080404 0.411846 0.009945 -0.007056 0.000800 -0.718604 0.695383
1776830807.14869 0.080520 0.411803 0.009920 -0.007070 0.000756 -0.718619 0.695368
1776830807.31535 0.080629 0.411717 0.010026 -0.007034 0.000777 -0.718636 0.695351
1776830807.48193 0.080503 0.411815 0.010128 -0.007022 0.000802 -0.718630 0.695357
1776830807.64868 0.080451 0.411579 0.010162 -0.007016 0.000812 -0.718664 0.695322
1776830807.81537 0.080546 0.411352 0.010568 -0.006970 0.000891 -0.718670 0.695316
1776830807.98205 0.080700 0.411304 0.010600 -0.006994 0.000882 -0.718707 0.695278
1776830808.14871 0.080935 0.411328 0.010567 -0.006994 0.000947 -0.718714 0.695270
1776830808.31538 0.081219 0.411510 0.010477 -0.007042 0.000897 -0.718735 0.695248
1776830808.48216 0.080142 0.410697 0.010459 -0.006945 0.000817 -0.718664 0.695323
1776830808.64882 0.079980 0.410521 0.010479 -0.006894 0.000862 -0.718643 0.695344
1776830808.81548 0.079820 0.410586 0.010497 -0.006893 0.000846 -0.718634 0.695354
1776830808.98217 0.079934 0.411082 0.010145 -0.006990 0.000753 -0.718624 0.695363
1776830809.14885 0.079125 0.410266 0.010060 -0.006937 0.000765 -0.718569 0.695421
1776830809.31550 0.079112 0.410528 0.009739 -0.006998 0.000760 -0.718547 0.695443
1776830809.48218 0.079604 0.411216 0.009661 -0.007066 0.000759 -0.718550 0.695439
1776830809.64885 0.079946 0.411782 0.009618 -0.007120 0.000730 -0.718560 0.695428
1776830809.81553 0.079838 0.411959 0.010098 -0.007007 0.000757 -0.718565 0.695424
1776830809.98220 0.080132 0.412328 0.010260 -0.006982 0.000813 -0.718573 0.695416
1776830810.14888 0.080215 0.412615 0.010667 -0.006882 0.000764 -0.718611 0.695378
1776830810.31557 0.079623 0.411974 0.011114 -0.006764 0.000809 -0.718597 0.695393
1776830810.48220 0.080887 0.413471 0.010869 -0.006912 0.000720 -0.718660 0.695327
1776830810.64890 0.081760 0.414511 0.010645 -0.007005 0.000618 -0.718724 0.695260
1776830810.81558 0.082208 0.415079 0.010660 -0.007003 0.000599 -0.718750 0.695233
1776830810.98223 0.081853 0.414840 0.010958 -0.006908 0.000610 -0.718737 0.695247
1776830811.14890 0.081753 0.414592 0.011290 -0.006775 0.000643 -0.718765 0.695220
1776830811.31556 0.081360 0.414326 0.011331 -0.006739 0.000641 -0.718748 0.695238
1776830811.48221 0.082020 0.414914 0.011409 -0.006755 0.000659 -0.718783 0.695201
1776830811.64889 0.082185 0.414903 0.011997 -0.006642 0.000689 -0.718822 0.695162
1776830811.81554 0.081701 0.414310 0.012392 -0.006533 0.000691 -0.718803 0.695183
1776830811.98220 0.081894 0.414375 0.012159 -0.006606 0.000630 -0.718817 0.695168
1776830812.14887 0.081442 0.413872 0.012113 -0.006602 0.000597 -0.718806 0.695179
1776830812.31554 0.081799 0.414186 0.011803 -0.006659 0.000611 -0.718817 0.695167
1776830812.48223 0.082017 0.414129 0.011563 -0.006685 0.000661 -0.718828 0.695155
1776830812.64890 0.082325 0.414082 0.011376 -0.006727 0.000698 -0.718860 0.695122
1776830812.81558 0.082921 0.414556 0.011091 -0.006857 0.000697 -0.718891 0.695088
1776830812.98225 0.082991 0.414749 0.010763 -0.006932 0.000684 -0.718898 0.695081
1776830813.14887 0.079687 0.411365 0.011112 -0.006605 0.000766 -0.718703 0.695285
1776830813.31541 0.079208 0.410922 0.011126 -0.006642 0.000753 -0.718664 0.695325
1776830813.48208 0.079665 0.411610 0.010946 -0.006750 0.000672 -0.718653 0.695335
1776830813.64875 0.079040 0.411158 0.011091 -0.006655 0.000730 -0.718627 0.695363
1776830813.81542 0.079189 0.411251 0.010940 -0.006741 0.000649 -0.718622 0.695368
1776830813.98212 0.079614 0.411874 0.010592 -0.006835 0.000625 -0.718629 0.695360
1776830814.14879 0.079099 0.411095 0.010648 -0.006742 0.000644 -0.718621 0.695369
1776830814.31543 0.078892 0.410922 0.010565 -0.006760 0.000616 -0.718577 0.695414
1776830814.48208 0.079043 0.411088 0.010405 -0.006803 0.000563 -0.718584 0.695407
1776830814.64873 0.078809 0.410902 0.010288 -0.006791 0.000567 -0.718571 0.695420
1776830814.81543 0.077742 0.409951 0.010391 -0.006704 0.000558 -0.718502 0.695492
1776830814.98208 0.076980 0.409282 0.010500 -0.006641 0.000566 -0.718443 0.695554
1776830815.14872 0.076805 0.409422 0.010293 -0.006710 0.000544 -0.718397 0.695600
1776830815.31540 0.076436 0.409203 0.010013 -0.006772 0.000560 -0.718354 0.695644
1776830815.48213 0.076724 0.409861 0.009662 -0.006924 0.000450 -0.718328 0.695670
1776830815.64879 0.076165 0.409583 0.009875 -0.006859 0.000440 -0.718299 0.695700
1776830815.81545 0.075268 0.408591 0.010005 -0.006722 0.000425 -0.718250 0.695753
1776830815.98211 0.074487 0.407841 0.010147 -0.006672 0.000457 -0.718185 0.695820
1776830816.14873 0.073825 0.407340 0.009981 -0.006693 0.000416 -0.718110 0.695897
1776830816.31541 0.073038 0.406588 0.009868 -0.006627 0.000459 -0.718056 0.695953
1776830816.48205 0.071138 0.404685 0.010087 -0.006437 0.000496 -0.717926 0.696090
1776830816.64863 0.070805 0.404430 0.009858 -0.006497 0.000418 -0.717871 0.696146
1776830816.81536 0.070726 0.404631 0.009451 -0.006579 0.000384 -0.717820 0.696197
1776830816.98205 0.070487 0.405066 0.009145 -0.006676 0.000313 -0.717779 0.696239
1776830817.14878 0.070260 0.405003 0.009014 -0.006709 0.000345 -0.717748 0.696271
1776830817.31551 0.070090 0.405111 0.009010 -0.006711 0.000323 -0.717708 0.696312
1776830817.48217 0.069471 0.404776 0.009269 -0.006631 0.000294 -0.717651 0.696371
1776830817.64878 0.069961 0.405625 0.008876 -0.006762 0.000291 -0.717640 0.696381
1776830817.81541 0.071235 0.407338 0.008653 -0.006824 0.000362 -0.717684 0.696335
1776830817.98211 0.072695 0.409016 0.008565 -0.006983 0.000327 -0.717750 0.696266
1776830818.14880 0.071906 0.408310 0.009176 -0.006793 0.000303 -0.717724 0.696295
1776830818.31550 0.071234 0.407562 0.009941 -0.006564 0.000396 -0.717696 0.696326
1776830818.48216 0.070934 0.407260 0.010270 -0.006536 0.000362 -0.717679 0.696343
1776830818.64872 0.071356 0.407671 0.010222 -0.006601 0.000313 -0.717695 0.696326
1776830818.81540 0.070244 0.406442 0.010438 -0.006446 0.000363 -0.717631 0.696394
1776830818.98206 0.069857 0.405982 0.010252 -0.006432 0.000317 -0.717610 0.696415
1776830819.14874 0.067342 0.403139 0.010370 -0.006180 0.000392 -0.717464 0.696568
1776830819.31542 0.065573 0.401075 0.009999 -0.006139 0.000369 -0.717326 0.696711
1776830819.48206 0.064967 0.399270 0.009815 -0.006101 0.000364 -0.717443 0.696591
1776830819.64865 0.065175 0.398681 0.009107 -0.006318 0.000178 -0.717534 0.696495
1776830819.81539 0.065549 0.398607 0.008520 -0.006435 0.000162 -0.717626 0.696398
1776830819.98211 0.065851 0.398480 0.008252 -0.006474 0.000133 -0.717714 0.696307
1776830820.14881 0.066226 0.398075 0.008145 -0.006522 0.000117 -0.717810 0.696209
1776830820.31552 0.065982 0.396657 0.007848 -0.006557 0.000105 -0.717909 0.696106
1776830820.48215 0.065904 0.395439 0.007462 -0.006523 0.000186 -0.718022 0.695989
1776830820.64881 0.066040 0.394088 0.007279 -0.006504 0.000342 -0.718133 0.695875
1776830820.81542 0.069595 0.396832 0.006823 -0.006656 0.000459 -0.718424 0.695573
1776830820.98211 0.070300 0.398001 0.007357 -0.006677 0.000272 -0.718498 0.695496
1776830821.14875 0.070642 0.397941 0.007652 -0.006691 0.000228 -0.718590 0.695401
1776830821.31540 0.071690 0.398835 0.007770 -0.006735 0.000150 -0.718678 0.695310
1776830821.48209 0.072863 0.400338 0.007848 -0.006769 0.000064 -0.718776 0.695209
1776830821.64874 0.073578 0.400747 0.008060 -0.006725 0.000151 -0.718865 0.695117
1776830821.81543 0.074529 0.401033 0.008310 -0.006692 0.000292 -0.718952 0.695027
1776830821.98213 0.075132 0.401328 0.008196 -0.006707 0.000414 -0.719000 0.694978
1776830822.14873 0.073557 0.403971 0.008686 -0.006734 0.000303 -0.718447 0.695549
1776830822.31541 0.074445 0.404743 0.008979 -0.006736 0.000349 -0.718536 0.695457
1776830822.48203 0.076329 0.408589 0.008627 -0.007048 0.000331 -0.718388 0.695607
1776830822.64877 0.078475 0.412121 0.008642 -0.007182 0.000289 -0.718422 0.695570
1776830822.81537 0.077134 0.412296 0.009621 -0.007135 0.000343 -0.718179 0.695822
1776830822.98202 0.078337 0.413908 0.009958 -0.007063 0.000433 -0.718271 0.695727
1776830823.14872 0.079369 0.415046 0.010431 -0.007026 0.000513 -0.718342 0.695654
1776830823.31542 0.080013 0.415399 0.010760 -0.006941 0.000527 -0.718398 0.695597
1776830823.48211 0.080350 0.415553 0.010994 -0.006839 0.000591 -0.718450 0.695544
1776830823.64879 0.080781 0.415559 0.011221 -0.006789 0.000582 -0.718505 0.695488
1776830823.81548 0.080829 0.415124 0.011545 -0.006721 0.000629 -0.718530 0.695463
1776830823.98216 0.081252 0.415099 0.011541 -0.006704 0.000647 -0.718594 0.695397
1776830824.14882 0.081482 0.414975 0.011585 -0.006704 0.000620 -0.718642 0.695348
1776830824.31549 0.081765 0.414993 0.011443 -0.006741 0.000600 -0.718689 0.695299
1776830824.48216 0.082151 0.415038 0.011350 -0.006736 0.000611 -0.718762 0.695224
1776830824.64883 0.082476 0.414985 0.011344 -0.006780 0.000606 -0.718803 0.695180
1776830824.81550 0.082775 0.414967 0.011271 -0.006780 0.000603 -0.718862 0.695120
1776830824.98218 0.082836 0.414589 0.011332 -0.006795 0.000583 -0.718906 0.695074
1776830825.14884 0.082900 0.414322 0.011297 -0.006819 0.000554 -0.718948 0.695030
1776830825.31551 0.083302 0.414296 0.011128 -0.006846 0.000570 -0.719011 0.694965
1776830825.48218 0.083451 0.414184 0.010987 -0.006846 0.000564 -0.719062 0.694912
1776830825.64884 0.083674 0.414315 0.010827 -0.006916 0.000536 -0.719089 0.694883
1776830825.81552 0.083989 0.414688 0.010819 -0.006960 0.000533 -0.719106 0.694865
1776830825.98219 0.084358 0.414899 0.010846 -0.006986 0.000547 -0.719155 0.694815
1776830826.14886 0.084528 0.415124 0.010778 -0.006996 0.000559 -0.719185 0.694783
1776830826.31553 0.084750 0.414818 0.010566 -0.007029 0.000515 -0.719245 0.694721
1776830826.48220 0.084704 0.414497 0.010735 -0.006985 0.000518 -0.719292 0.694673
1776830826.64887 0.085207 0.414724 0.010750 -0.006989 0.000538 -0.719350 0.694612
1776830826.81556 0.085846 0.414848 0.010831 -0.006923 0.000565 -0.719417 0.694543
1776830826.98222 0.085951 0.414758 0.010747 -0.006953 0.000542 -0.719450 0.694509
1776830827.14889 0.086101 0.414876 0.010786 -0.006952 0.000535 -0.719485 0.694473
1776830827.31554 0.086447 0.415332 0.010684 -0.006998 0.000485 -0.719518 0.694438
1776830827.48220 0.086970 0.415881 0.010677 -0.007022 0.000478 -0.719548 0.694407
1776830827.64886 0.087497 0.416473 0.010655 -0.007089 0.000464 -0.719565 0.694388
1776830827.81554 0.087914 0.417011 0.010585 -0.007095 0.000452 -0.719579 0.694374
1776830827.98222 0.088364 0.417573 0.010864 -0.007077 0.000505 -0.719600 0.694353
1776830828.14890 0.088504 0.418046 0.010944 -0.007063 0.000498 -0.719602 0.694351
1776830828.31556 0.088593 0.418282 0.011109 -0.007061 0.000515 -0.719611 0.694342
1776830828.48223 0.088785 0.418315 0.011403 -0.007036 0.000542 -0.719614 0.694338
1776830828.64890 0.088897 0.418672 0.011557 -0.007031 0.000550 -0.719621 0.694331
1776830828.81555 0.088778 0.418490 0.011539 -0.007043 0.000530 -0.719582 0.694372
1776830828.98223 0.088732 0.418705 0.011441 -0.007031 0.000527 -0.719588 0.694365
1776830829.14890 0.088815 0.418764 0.011392 -0.007038 0.000548 -0.719597 0.694356
1776830829.31555 0.089119 0.419137 0.011449 -0.007045 0.000578 -0.719609 0.694344
1776830829.48224 0.089049 0.419001 0.011567 -0.006968 0.000626 -0.719619 0.694334
1776830829.64890 0.089018 0.418675 0.011505 -0.006951 0.000615 -0.719621 0.694332
1776830829.81556 0.089112 0.418679 0.011363 -0.006997 0.000590 -0.719633 0.694319
1776830829.98222 0.088994 0.418504 0.011356 -0.006979 0.000618 -0.719622 0.694331
1776830830.14890 0.088973 0.418332 0.011357 -0.006948 0.000619 -0.719612 0.694341
1776830830.31555 0.088931 0.418399 0.011373 -0.006978 0.000584 -0.719610 0.694343
1776830830.48221 0.089143 0.418666 0.011395 -0.007003 0.000565 -0.719625 0.694327
1776830830.64889 0.089184 0.418899 0.011445 -0.007012 0.000541 -0.719640 0.694311
1776830830.81554 0.089726 0.419096 0.011574 -0.007011 0.000515 -0.719680 0.694270
1776830830.98222 0.089701 0.419206 0.011684 -0.006960 0.000542 -0.719690 0.694261
1776830831.14891 0.089829 0.419264 0.011647 -0.006960 0.000543 -0.719698 0.694253
1776830831.31556 0.089982 0.419515 0.011795 -0.006951 0.000577 -0.719693 0.694257
1776830831.48223 0.089912 0.419575 0.011707 -0.006963 0.000579 -0.719690 0.694260
1776830831.64890 0.089759 0.419489 0.011658 -0.006958 0.000550 -0.719695 0.694255
1776830831.81556 0.089715 0.419273 0.011774 -0.006904 0.000583 -0.719698 0.694253
1776830831.98223 0.089886 0.419368 0.011833 -0.006934 0.000608 -0.719705 0.694245
1776830832.14891 0.090003 0.419500 0.011710 -0.006992 0.000547 -0.719710 0.694240
1776830832.31556 0.089771 0.419427 0.011659 -0.006963 0.000548 -0.719696 0.694254
1776830832.48223 0.089730 0.419107 0.011499 -0.006964 0.000519 -0.719702 0.694248
1776830832.64888 0.089880 0.419026 0.011250 -0.007024 0.000499 -0.719721 0.694228
1776830832.81554 0.089606 0.418618 0.011166 -0.007020 0.000497 -0.719708 0.694241
1776830832.98225 0.089836 0.419066 0.011117 -0.007075 0.000490 -0.719707 0.694242
1776830833.14891 0.089766 0.419279 0.011275 -0.007036 0.000506 -0.719706 0.694243
1776830833.31556 0.089951 0.419443 0.011495 -0.006993 0.000555 -0.719722 0.694227
1776830833.48224 0.090085 0.419486 0.011446 -0.006998 0.000552 -0.719727 0.694221
1776830833.64890 0.089977 0.419279 0.011569 -0.006987 0.000559 -0.719731 0.694218
1776830833.81557 0.089980 0.419027 0.011702 -0.006959 0.000576 -0.719751 0.694197
1776830833.98226 0.089708 0.418654 0.011693 -0.006954 0.000552 -0.719746 0.694202
1776830834.14892 0.089392 0.418135 0.011637 -0.006910 0.000549 -0.719746 0.694203
1776830834.31559 0.089430 0.418325 0.011802 -0.006907 0.000574 -0.719751 0.694198
1776830834.48226 0.089611 0.418590 0.011757 -0.006915 0.000554 -0.719761 0.694188
1776830834.64893 0.089820 0.418613 0.011992 -0.006904 0.000576 -0.719772 0.694176
1776830834.81559 0.090307 0.418927 0.011996 -0.006878 0.000553 -0.719810 0.694137
1776830834.98225 0.090382 0.419062 0.011992 -0.006929 0.000535 -0.719821 0.694125
1776830835.14892 0.090275 0.418911 0.011970 -0.006941 0.000522 -0.719840 0.694105
1776830835.31557 0.090088 0.418531 0.012084 -0.006875 0.000547 -0.719845 0.694100
1776830835.48225 0.090033 0.418396 0.012093 -0.006877 0.000538 -0.719865 0.694080
1776830835.64893 0.090226 0.418536 0.011927 -0.006915 0.000534 -0.719873 0.694071
1776830835.81559 0.090627 0.418826 0.011715 -0.007006 0.000486 -0.719876 0.694067
1776830835.98226 0.090664 0.418964 0.011609 -0.007019 0.000428 -0.719895 0.694047
1776830836.14894 0.090640 0.419319 0.011493 -0.007059 0.000404 -0.719889 0.694053
1776830836.31558 0.090555 0.419409 0.011369 -0.007094 0.000390 -0.719894 0.694048
1776830836.48226 0.090669 0.419382 0.011477 -0.007024 0.000435 -0.719890 0.694052
1776830836.64891 0.090419 0.419038 0.011485 -0.007015 0.000399 -0.719888 0.694055
1776830836.81559 0.090724 0.419332 0.011587 -0.007005 0.000450 -0.719894 0.694048
1776830836.98228 0.090811 0.419739 0.011840 -0.006970 0.000487 -0.719880 0.694063
1776830837.14897 0.090803 0.419515 0.012328 -0.006850 0.000562 -0.719901 0.694042
1776830837.31563 0.090845 0.419462 0.012479 -0.006814 0.000596 -0.719910 0.694034
1776830837.48230 0.091265 0.419776 0.012545 -0.006826 0.000602 -0.719943 0.693999
1776830837.64896 0.091374 0.419809 0.012670 -0.006834 0.000554 -0.719976 0.693966
1776830837.81563 0.091553 0.419729 0.012528 -0.006827 0.000535 -0.719992 0.693949
1776830837.98231 0.091588 0.419775 0.012539 -0.006787 0.000510 -0.720013 0.693927
1776830838.14896 0.091395 0.419220 0.012707 -0.006698 0.000513 -0.720042 0.693898
1776830838.31559 0.091679 0.419184 0.012649 -0.006714 0.000469 -0.720097 0.693841
1776830838.48228 0.092006 0.419567 0.012746 -0.006707 0.000471 -0.720139 0.693797
1776830838.64893 0.092228 0.419607 0.012592 -0.006745 0.000452 -0.720182 0.693752
1776830838.81563 0.092566 0.419849 0.012577 -0.006812 0.000433 -0.720199 0.693734
1776830838.98230 0.092850 0.420261 0.012297 -0.006905 0.000384 -0.720214 0.693718
1776830839.14897 0.093309 0.420605 0.012418 -0.006895 0.000413 -0.720260 0.693670
1776830839.31563 0.093563 0.420858 0.012462 -0.006888 0.000437 -0.720279 0.693650
1776830839.48231 0.093908 0.421096 0.012520 -0.006892 0.000418 -0.720308 0.693620
1776830839.64893 0.094088 0.421226 0.012807 -0.006824 0.000456 -0.720320 0.693608
1776830839.81560 0.094445 0.421364 0.012949 -0.006814 0.000474 -0.720341 0.693586
1776830839.98229 0.094333 0.421167 0.013128 -0.006765 0.000451 -0.720346 0.693582
1776830840.14896 0.094432 0.421199 0.013231 -0.006748 0.000464 -0.720353 0.693575
1776830840.31562 0.094565 0.421215 0.013221 -0.006730 0.000451 -0.720385 0.693541
1776830840.48228 0.094391 0.421339 0.013329 -0.006688 0.000462 -0.720344 0.693584
1776830840.64895 0.094681 0.421581 0.013361 -0.006734 0.000412 -0.720369 0.693558
1776830840.81562 0.094697 0.421421 0.013213 -0.006736 0.000426 -0.720398 0.693528
1776830840.98229 0.094742 0.421276 0.013254 -0.006713 0.000455 -0.720420 0.693506
1776830841.14896 0.094840 0.421239 0.013178 -0.006713 0.000450 -0.720450 0.693474
1776830841.31559 0.094795 0.420799 0.013340 -0.006675 0.000487 -0.720477 0.693446
1776830841.48227 0.095016 0.420867 0.013422 -0.006660 0.000522 -0.720486 0.693438
1776830841.64895 0.095198 0.420827 0.013438 -0.006689 0.000529 -0.720501 0.693422
1776830841.81559 0.095479 0.421001 0.013329 -0.006693 0.000528 -0.720525 0.693396
1776830841.98228 0.095657 0.421061 0.013349 -0.006750 0.000478 -0.720543 0.693377
1776830842.14895 0.095796 0.421328 0.013308 -0.006737 0.000487 -0.720558 0.693362
1776830842.31560 0.095892 0.421253 0.013273 -0.006722 0.000491 -0.720575 0.693345
1776830842.48225 0.095820 0.420909 0.013240 -0.006706 0.000475 -0.720585 0.693334
1776830842.64893 0.095835 0.420849 0.013069 -0.006688 0.000485 -0.720606 0.693312
1776830842.81559 0.096231 0.420931 0.013170 -0.006708 0.000514 -0.720631 0.693286
1776830842.98225 0.096363 0.421169 0.013073 -0.006732 0.000467 -0.720661 0.693255
1776830843.14890 0.096320 0.421180 0.013264 -0.006701 0.000517 -0.720663 0.693253
1776830843.31559 0.096864 0.421548 0.013239 -0.006759 0.000496 -0.720693 0.693221
1776830843.48225 0.096733 0.421627 0.013154 -0.006788 0.000474 -0.720671 0.693244
1776830843.64891 0.096739 0.421371 0.013287 -0.006759 0.000528 -0.720679 0.693235
1776830843.81557 0.096979 0.421576 0.013149 -0.006806 0.000505 -0.720712 0.693202
1776830843.98223 0.097291 0.421761 0.013047 -0.006848 0.000467 -0.720724 0.693188
1776830844.14891 0.097438 0.421832 0.012947 -0.006851 0.000454 -0.720758 0.693153
1776830844.31556 0.097710 0.421876 0.012881 -0.006887 0.000451 -0.720780 0.693129
1776830844.48222 0.097588 0.421839 0.012937 -0.006883 0.000488 -0.720767 0.693143
1776830844.64889 0.097719 0.421972 0.013052 -0.006868 0.000519 -0.720761 0.693150
1776830844.81554 0.097870 0.422331 0.013101 -0.006859 0.000526 -0.720766 0.693145
1776830844.98222 0.097941 0.422483 0.013016 -0.006880 0.000515 -0.720771 0.693139
1776830845.14888 0.097894 0.422274 0.013113 -0.006841 0.000534 -0.720752 0.693159
1776830845.31553 0.097631 0.422028 0.013139 -0.006814 0.000487 -0.720750 0.693162
1776830845.48220 0.097356 0.421781 0.013031 -0.006812 0.000452 -0.720742 0.693170
1776830845.64886 0.097193 0.421959 0.012903 -0.006861 0.000426 -0.720716 0.693196
1776830845.81550 0.097074 0.422086 0.012827 -0.006887 0.000418 -0.720698 0.693215
1776830845.98217 0.096980 0.421884 0.012688 -0.006907 0.000426 -0.720694 0.693219
1776830846.14885 0.097022 0.422026 0.012539 -0.006950 0.000449 -0.720704 0.693207
1776830846.31549 0.097290 0.422187 0.012412 -0.006977 0.000463 -0.720727 0.693184
1776830846.48220 0.097220 0.422076 0.012448 -0.006954 0.000502 -0.720714 0.693198
1776830846.64889 0.097426 0.422103 0.012653 -0.006934 0.000527 -0.720714 0.693197
1776830846.81554 0.097521 0.422119 0.012760 -0.006882 0.000569 -0.720724 0.693188
1776830846.98221 0.097626 0.422179 0.012951 -0.006815 0.000598 -0.720741 0.693171
1776830847.14889 0.097859 0.422432 0.012984 -0.006869 0.000565 -0.720756 0.693154
1776830847.31554 0.097952 0.422538 0.013005 -0.006865 0.000493 -0.720778 0.693132
1776830847.48221 0.098116 0.422831 0.012942 -0.006848 0.000504 -0.720786 0.693124
1776830847.64886 0.098345 0.423075 0.012805 -0.006880 0.000476 -0.720804 0.693105
1776830847.81552 0.098522 0.423151 0.013007 -0.006857 0.000470 -0.720833 0.693074
1776830847.98217 0.098533 0.423163 0.013090 -0.006836 0.000487 -0.720840 0.693068
1776830848.14885 0.098512 0.422946 0.013151 -0.006816 0.000483 -0.720841 0.693067
1776830848.31552 0.098346 0.422486 0.013235 -0.006747 0.000470 -0.720872 0.693036
1776830848.48217 0.098233 0.422431 0.013288 -0.006720 0.000508 -0.720881 0.693026
1776830848.64884 0.098390 0.422392 0.013223 -0.006736 0.000467 -0.720906 0.693000
1776830848.81550 0.098472 0.422442 0.013382 -0.006701 0.000476 -0.720916 0.692990
1776830848.98217 0.098484 0.422170 0.013394 -0.006706 0.000455 -0.720959 0.692945
1776830849.14883 0.098750 0.422479 0.013374 -0.006754 0.000451 -0.720978 0.692925
1776830849.31550 0.099025 0.422851 0.013198 -0.006823 0.000405 -0.720988 0.692914
1776830849.48219 0.099382 0.423543 0.012971 -0.006928 0.000377 -0.720998 0.692903
1776830849.64884 0.099813 0.424015 0.012990 -0.006921 0.000408 -0.721008 0.692892
1776830849.81551 0.099782 0.423591 0.013360 -0.006815 0.000477 -0.721035 0.692865
1776830849.98221 0.099870 0.423456 0.013687 -0.006753 0.000556 -0.721043 0.692858
1776830850.14888 0.099972 0.423346 0.013856 -0.006709 0.000571 -0.721069 0.692831
1776830850.31554 0.099984 0.423361 0.013718 -0.006736 0.000515 -0.721076 0.692823
1776830850.48220 0.099951 0.423438 0.013657 -0.006723 0.000550 -0.721090 0.692809
1776830850.64886 0.100146 0.423549 0.013551 -0.006733 0.000529 -0.721126 0.692771
1776830850.81552 0.100218 0.423246 0.013596 -0.006751 0.000532 -0.721144 0.692752
1776830850.98220 0.100430 0.423141 0.013573 -0.006754 0.000549 -0.721169 0.692726
1776830851.14888 0.100517 0.423211 0.013458 -0.006802 0.000529 -0.721180 0.692714
1776830851.31553 0.100573 0.423218 0.013346 -0.006837 0.000514 -0.721187 0.692706
1776830851.48219 0.100599 0.423205 0.013208 -0.006841 0.000482 -0.721187 0.692707
1776830851.64885 0.100423 0.423148 0.013204 -0.006836 0.000480 -0.721201 0.692692
1776830851.81551 0.100380 0.422827 0.013436 -0.006770 0.000546 -0.721223 0.692670
1776830851.98222 0.100653 0.423025 0.013496 -0.006806 0.000548 -0.721231 0.692660
1776830852.14888 0.100888 0.423316 0.013430 -0.006825 0.000522 -0.721255 0.692636
1776830852.31554 0.100974 0.423313 0.013415 -0.006795 0.000541 -0.721283 0.692606
1776830852.48220 0.101447 0.423458 0.013732 -0.006809 0.000603 -0.721308 0.692581
1776830852.64886 0.101446 0.423254 0.013638 -0.006770 0.000581 -0.721328 0.692561
1776830852.81553 0.101304 0.423181 0.013683 -0.006786 0.000542 -0.721330 0.692558
1776830852.98219 0.101401 0.423199 0.013690 -0.006770 0.000553 -0.721347 0.692541
1776830853.14886 0.101651 0.423495 0.013565 -0.006827 0.000537 -0.721366 0.692520
1776830853.31552 0.101962 0.424007 0.013544 -0.006911 0.000550 -0.721369 0.692516
1776830853.48219 0.101590 0.423683 0.013612 -0.006867 0.000553 -0.721352 0.692534
1776830853.64885 0.101920 0.423793 0.013656 -0.006870 0.000564 -0.721388 0.692496
1776830853.81553 0.101859 0.423324 0.013812 -0.006770 0.000608 -0.721410 0.692475
1776830853.98220 0.101762 0.422732 0.013866 -0.006783 0.000566 -0.721443 0.692440
1776830854.14887 0.101906 0.422714 0.013616 -0.006849 0.000523 -0.721482 0.692399
1776830854.31553 0.101907 0.422227 0.013523 -0.006836 0.000515 -0.721528 0.692352
1776830854.48218 0.102123 0.422132 0.013377 -0.006838 0.000515 -0.721571 0.692306
1776830854.64885 0.102386 0.422325 0.013059 -0.006912 0.000451 -0.721602 0.692273
1776830854.81552 0.102573 0.422596 0.012957 -0.006920 0.000432 -0.721627 0.692248
1776830854.98219 0.102868 0.422750 0.013119 -0.006909 0.000465 -0.721644 0.692230
1776830855.14886 0.102916 0.422917 0.013210 -0.006916 0.000426 -0.721657 0.692216
1776830855.31551 0.102895 0.422620 0.013242 -0.006873 0.000410 -0.721668 0.692205
1776830855.48219 0.102732 0.422501 0.013293 -0.006853 0.000391 -0.721680 0.692192
1776830855.64885 0.102692 0.422508 0.013254 -0.006833 0.000402 -0.721690 0.692182
1776830855.81552 0.103007 0.422706 0.013214 -0.006819 0.000415 -0.721720 0.692151
1776830855.98218 0.103114 0.422804 0.013240 -0.006821 0.000402 -0.721734 0.692137
1776830856.14884 0.102924 0.422711 0.013457 -0.006796 0.000410 -0.721728 0.692143
1776830856.31550 0.102880 0.422440 0.013560 -0.006765 0.000431 -0.721732 0.692139
1776830856.48217 0.103235 0.422833 0.013371 -0.006815 0.000366 -0.721753 0.692117
1776830856.64883 0.103265 0.422820 0.013409 -0.006789 0.000390 -0.721763 0.692107
1776830856.81549 0.103603 0.423050 0.013250 -0.006823 0.000381 -0.721775 0.692094
1776830856.98215 0.103532 0.422910 0.013214 -0.006842 0.000368 -0.721764 0.692105
1776830857.14883 0.103588 0.423224 0.013273 -0.006867 0.000363 -0.721733 0.692138
1776830857.31548 0.103536 0.423484 0.013239 -0.006862 0.000350 -0.721697 0.692175
1776830857.48215 0.103487 0.423604 0.013409 -0.006829 0.000366 -0.721688 0.692185
1776830857.64879 0.103325 0.423862 0.013556 -0.006801 0.000350 -0.721668 0.692206
1776830857.81547 0.103423 0.424126 0.013677 -0.006817 0.000386 -0.721650 0.692224
1776830857.98215 0.103450 0.424424 0.013614 -0.006826 0.000379 -0.721622 0.692253
1776830858.14880 0.103815 0.424711 0.013703 -0.006825 0.000364 -0.721619 0.692257
1776830858.31544 0.104327 0.425736 0.013777 -0.006863 0.000387 -0.721585 0.692292
1776830858.48213 0.104482 0.426220 0.013869 -0.006861 0.000347 -0.721567 0.692310
1776830858.64879 0.104676 0.426721 0.013903 -0.006890 0.000303 -0.721546 0.692332
1776830858.81546 0.104758 0.427237 0.014148 -0.006879 0.000310 -0.721504 0.692376
1776830858.98212 0.104800 0.427535 0.014265 -0.006854 0.000343 -0.721504 0.692377
1776830859.14878 0.104821 0.427467 0.014431 -0.006800 0.000398 -0.721499 0.692382
1776830859.31544 0.104905 0.427781 0.014531 -0.006802 0.000406 -0.721463 0.692419
1776830859.48212 0.104883 0.427669 0.014816 -0.006791 0.000414 -0.721455 0.692428
1776830859.64880 0.104752 0.427523 0.014841 -0.006724 0.000440 -0.721453 0.692431
1776830859.81547 0.104604 0.427317 0.015058 -0.006672 0.000416 -0.721435 0.692449
1776830859.98213 0.104675 0.427358 0.015175 -0.006658 0.000473 -0.721423 0.692462
1776830860.14881 0.103983 0.426614 0.015341 -0.006596 0.000436 -0.721383 0.692505
1776830860.31545 0.103473 0.425794 0.015359 -0.006540 0.000420 -0.721387 0.692501
1776830860.48210 0.103061 0.425129 0.015297 -0.006498 0.000403 -0.721388 0.692501
1776830860.64876 0.103058 0.425499 0.014796 -0.006624 0.000286 -0.721378 0.692510
1776830860.81545 0.102944 0.425595 0.014369 -0.006679 0.000251 -0.721368 0.692520
1776830860.98212 0.102787 0.425484 0.014199 -0.006681 0.000253 -0.721357 0.692531
1776830861.14880 0.102723 0.425237 0.014169 -0.006698 0.000279 -0.721361 0.692527
1776830861.31548 0.102923 0.425457 0.013840 -0.006811 0.000228 -0.721368 0.692518
1776830861.48212 0.103091 0.425447 0.013742 -0.006801 0.000234 -0.721392 0.692494
1776830861.64879 0.103150 0.425065 0.013724 -0.006737 0.000207 -0.721439 0.692445
1776830861.81546 0.103430 0.425306 0.013684 -0.006765 0.000147 -0.721450 0.692433
1776830861.98213 0.103732 0.425522 0.013398 -0.006835 0.000073 -0.721482 0.692399
1776830862.14881 0.103923 0.426251 0.013208 -0.006937 0.000030 -0.721487 0.692393
1776830862.31545 0.103494 0.427086 0.013054 -0.007009 0.000024 -0.721443 0.692438
1776830862.48209 0.103006 0.427189 0.013299 -0.006956 0.000110 -0.721407 0.692477
1776830862.64878 0.102582 0.427172 0.013696 -0.006872 0.000180 -0.721390 0.692495
1776830862.81548 0.102317 0.426980 0.014108 -0.006793 0.000264 -0.721358 0.692529
1776830862.98217 0.102352 0.427195 0.014207 -0.006788 0.000309 -0.721322 0.692566
1776830863.14887 0.102092 0.426740 0.014364 -0.006778 0.000337 -0.721298 0.692592
1776830863.31555 0.101883 0.426643 0.014397 -0.006786 0.000325 -0.721255 0.692636
1776830863.48219 0.101601 0.426412 0.014628 -0.006713 0.000395 -0.721223 0.692671
1776830863.64885 0.101570 0.426429 0.014551 -0.006711 0.000386 -0.721211 0.692683
1776830863.81550 0.101511 0.426515 0.014594 -0.006692 0.000447 -0.721172 0.692724
1776830863.98218 0.101452 0.426639 0.014669 -0.006719 0.000450 -0.721126 0.692771
1776830864.14883 0.101164 0.426313 0.014782 -0.006715 0.000460 -0.721103 0.692795
1776830864.31549 0.100945 0.426287 0.014700 -0.006724 0.000447 -0.721087 0.692812
1776830864.48213 0.100783 0.426314 0.014402 -0.006756 0.000434 -0.721061 0.692838
1776830864.64880 0.100615 0.426289 0.014311 -0.006804 0.000468 -0.721033 0.692867
1776830864.81547 0.100529 0.426284 0.014096 -0.006822 0.000480 -0.720998 0.692903
1776830864.98214 0.101407 0.427986 0.013987 -0.006956 0.000413 -0.720958 0.692944
1776830865.14880 0.101271 0.428260 0.013963 -0.006993 0.000407 -0.720924 0.692978
1776830865.31545 0.101356 0.428521 0.014032 -0.006934 0.000419 -0.720909 0.692995
1776830865.48213 0.101092 0.428563 0.013939 -0.006957 0.000373 -0.720855 0.693051
1776830865.64879 0.100781 0.428588 0.013874 -0.006997 0.000318 -0.720814 0.693093
1776830865.81546 0.100238 0.428031 0.013974 -0.006925 0.000386 -0.720772 0.693137
1776830865.98213 0.099939 0.427793 0.013973 -0.006892 0.000405 -0.720749 0.693162
1776830866.14880 0.099534 0.427221 0.014182 -0.006840 0.000413 -0.720726 0.693186
1776830866.31546 0.099710 0.427599 0.014122 -0.006857 0.000459 -0.720690 0.693223
1776830866.48212 0.099209 0.427538 0.014188 -0.006851 0.000467 -0.720634 0.693282
1776830866.64879 0.099115 0.427686 0.014144 -0.006899 0.000475 -0.720604 0.693312
1776830866.81546 0.099136 0.427957 0.014060 -0.006908 0.000478 -0.720579 0.693338
1776830866.98213 0.098988 0.428077 0.014097 -0.006899 0.000451 -0.720557 0.693361
1776830867.14877 0.098789 0.427709 0.014187 -0.006843 0.000428 -0.720557 0.693362
1776830867.31542 0.098662 0.427167 0.014383 -0.006799 0.000438 -0.720550 0.693370
1776830867.48210 0.098151 0.426586 0.014571 -0.006737 0.000440 -0.720532 0.693389
1776830867.64877 0.097915 0.426153 0.014713 -0.006627 0.000499 -0.720529 0.693393
1776830867.81544 0.097414 0.425955 0.014502 -0.006626 0.000491 -0.720496 0.693427
1776830867.98212 0.097327 0.426174 0.014289 -0.006716 0.000453 -0.720473 0.693450
1776830868.14876 0.097088 0.426134 0.014200 -0.006758 0.000398 -0.720458 0.693465
1776830868.31545 0.096962 0.425888 0.014113 -0.006749 0.000475 -0.720433 0.693492
1776830868.48211 0.096944 0.425742 0.013914 -0.006764 0.000450 -0.720420 0.693505
1776830868.64878 0.096566 0.425510 0.013809 -0.006783 0.000493 -0.720388 0.693538
1776830868.81545 0.096421 0.425438 0.013616 -0.006837 0.000473 -0.720372 0.693554
1776830868.98212 0.096281 0.425320 0.013369 -0.006873 0.000492 -0.720337 0.693590
1776830869.14879 0.095984 0.424987 0.013373 -0.006887 0.000542 -0.720304 0.693624
1776830869.31545 0.095518 0.424588 0.013259 -0.006945 0.000508 -0.720267 0.693662
1776830869.48214 0.095641 0.424787 0.013172 -0.006986 0.000545 -0.720259 0.693670
1776830869.64879 0.095412 0.424639 0.013011 -0.006994 0.000608 -0.720234 0.693696
1776830869.81546 0.095142 0.424328 0.012953 -0.006998 0.000643 -0.720208 0.693723
1776830869.98214 0.094639 0.423571 0.012818 -0.007000 0.000644 -0.720191 0.693740
1776830870.14879 0.094267 0.423028 0.012707 -0.007023 0.000662 -0.720180 0.693751
1776830870.31548 0.094504 0.423354 0.012749 -0.006999 0.000710 -0.720172 0.693760
1776830870.48213 0.094200 0.423157 0.012658 -0.007001 0.000720 -0.720150 0.693782
1776830870.64880 0.094180 0.423000 0.012543 -0.007041 0.000709 -0.720145 0.693787
1776830870.81546 0.094061 0.422737 0.012361 -0.007071 0.000679 -0.720138 0.693795
1776830870.98213 0.094428 0.423325 0.012344 -0.007096 0.000682 -0.720119 0.693814
1776831243.64863 0.100353 0.420979 0.009133 -0.007041 0.000977 -0.720125 0.693808
1776831243.81530 0.100685 0.413460 0.010375 -0.007065 0.000967 -0.720085 0.693850
1776831243.98197 0.100715 0.413321 0.010202 -0.007066 0.000940 -0.720115 0.693818
1776831244.14865 0.100306 0.412941 0.010116 -0.007058 0.000880 -0.720139 0.693793
1776831244.31530 0.099752 0.412411 0.010143 -0.007040 0.000816 -0.720149 0.693783
1776831244.48197 0.098968 0.411857 0.010182 -0.007006 0.000811 -0.720148 0.693785
1776831244.64865 0.098327 0.411149 0.010021 -0.007037 0.000756 -0.720150 0.693782
1776831244.81530 0.097743 0.410449 0.009833 -0.007041 0.000783 -0.720157 0.693775
1776831244.98197 0.097337 0.409632 0.009618 -0.007123 0.000731 -0.720164 0.693767
1776831245.14865 0.112310 0.448920 0.012715 -0.007440 0.000801 -0.719419 0.694537
1776831245.31362 0.112489 0.451271 0.013882 -0.007141 0.000717 -0.719337 0.694624
1776831245.48082 0.112087 0.452154 0.014596 -0.007054 0.000674 -0.719196 0.694771
1776831245.64782 0.111855 0.452011 0.014954 -0.006925 0.000838 -0.719133 0.694837
1776831245.81438 0.112223 0.451095 0.014619 -0.007026 0.000970 -0.719331 0.694631
1776831245.98121 0.112255 0.450732 0.014458 -0.007029 0.000990 -0.719309 0.694654
1776831246.14791 0.112327 0.450571 0.014274 -0.007077 0.000977 -0.719339 0.694623
1776831246.31457 0.112337 0.450545 0.014321 -0.007093 0.001002 -0.719337 0.694624
1776831246.48123 0.112285 0.450573 0.014258 -0.007126 0.001003 -0.719317 0.694645
1776831246.64790 0.112256 0.450516 0.014297 -0.007118 0.000983 -0.719299 0.694663
1776831246.81458 0.112196 0.450556 0.014315 -0.007106 0.000962 -0.719282 0.694681
1776831246.98150 0.112198 0.450684 0.014361 -0.007122 0.000949 -0.719290 0.694673
1776831247.14818 0.112188 0.450534 0.014313 -0.007098 0.000967 -0.719271 0.694693
1776831247.31485 0.112136 0.450646 0.014329 -0.007087 0.000938 -0.719241 0.694724
1776831247.48156 0.112112 0.450716 0.014430 -0.007075 0.000934 -0.719239 0.694726
1776831247.64824 0.112112 0.450720 0.014441 -0.007081 0.000959 -0.719225 0.694741
1776831247.81493 0.112087 0.450957 0.014631 -0.007082 0.000978 -0.719212 0.694754
1776831247.98165 0.111919 0.451226 0.014822 -0.007068 0.001007 -0.719163 0.694805
1776831248.14835 0.111920 0.451175 0.014874 -0.007071 0.001054 -0.719162 0.694805
1776831248.31503 0.111883 0.451209 0.014926 -0.007053 0.001074 -0.719141 0.694827
1776831248.48171 0.111807 0.451289 0.015071 -0.007023 0.001083 -0.719106 0.694864
1776831248.64841 0.111700 0.451376 0.015162 -0.007015 0.001073 -0.719067 0.694905
1776831248.81509 0.111609 0.451550 0.015215 -0.007051 0.001057 -0.719034 0.694939
1776831248.98179 0.111547 0.451704 0.015201 -0.007070 0.000986 -0.719024 0.694948
1776831249.14848 0.111506 0.451856 0.015281 -0.007038 0.000993 -0.718983 0.694991
1776831249.31514 0.111440 0.451839 0.015327 -0.007002 0.001027 -0.718944 0.695031
1776831249.48185 0.111423 0.451788 0.015462 -0.006967 0.001069 -0.718931 0.695045
1776831249.64850 0.111320 0.451772 0.015406 -0.006966 0.001028 -0.718904 0.695074
1776831249.81522 0.111338 0.451875 0.015502 -0.006958 0.001034 -0.718927 0.695050
1776831249.98190 0.111318 0.451912 0.015588 -0.006914 0.001077 -0.718911 0.695067
1776831250.14860 0.111277 0.452027 0.015592 -0.006944 0.001044 -0.718910 0.695068
1776831250.31526 0.111215 0.452145 0.015677 -0.006958 0.001070 -0.718889 0.695089
1776831250.48194 0.111251 0.452221 0.015612 -0.007017 0.001018 -0.718902 0.695075
1776831250.64919 0.111373 0.452435 0.015682 -0.006997 0.001035 -0.718870 0.695108
1776831250.81586 0.111358 0.452500 0.015736 -0.007006 0.001066 -0.718865 0.695114
1776831250.98259 0.111350 0.452451 0.015688 -0.007017 0.001057 -0.718861 0.695118
1776831251.14928 0.111412 0.452393 0.015644 -0.007032 0.001056 -0.718856 0.695123
1776831251.31596 0.111433 0.452256 0.015564 -0.007018 0.001071 -0.718872 0.695107
1776831251.48264 0.111404 0.452364 0.015538 -0.007027 0.001027 -0.718860 0.695118
1776831251.64934 0.111388 0.452300 0.015495 -0.007058 0.001057 -0.718829 0.695150
1776831251.81604 0.111324 0.452374 0.015719 -0.007033 0.001105 -0.718801 0.695180
1776831251.98273 0.111249 0.452523 0.015780 -0.007053 0.001086 -0.718774 0.695207
1776831252.14943 0.111213 0.452632 0.015879 -0.007043 0.001078 -0.718773 0.695208
1776831252.31616 0.111232 0.452639 0.015928 -0.007057 0.001144 -0.718768 0.695213
1776831252.48281 0.111192 0.452713 0.015953 -0.007071 0.001170 -0.718729 0.695254
1776831252.64945 0.111168 0.452832 0.016098 -0.007034 0.001196 -0.718743 0.695239
1776831252.81613 0.111201 0.452823 0.016042 -0.007034 0.001132 -0.718771 0.695211
1776831252.98283 0.111190 0.452742 0.016083 -0.007010 0.001176 -0.718765 0.695216
1776831253.14952 0.111293 0.452709 0.016149 -0.006959 0.001206 -0.718793 0.695188
1776831253.31622 0.111255 0.452754 0.016261 -0.006947 0.001263 -0.718780 0.695201
1776831253.48285 0.111270 0.452584 0.016208 -0.006950 0.001299 -0.718783 0.695199
1776831253.64953 0.111245 0.452569 0.016197 -0.006950 0.001276 -0.718787 0.695195
1776831253.81623 0.111224 0.452723 0.016250 -0.006969 0.001262 -0.718743 0.695240
1776831253.98292 0.111120 0.452842 0.016299 -0.006979 0.001237 -0.718733 0.695250
1776831254.14960 0.111050 0.452974 0.016382 -0.006980 0.001250 -0.718701 0.695283
1776831254.31627 0.111048 0.452944 0.016403 -0.006938 0.001279 -0.718695 0.695289
1776831254.48292 0.111135 0.452896 0.016412 -0.006941 0.001287 -0.718717 0.695267
1776831254.64958 0.111123 0.452839 0.016353 -0.006937 0.001254 -0.718729 0.695255
1776831254.81626 0.111115 0.452753 0.016332 -0.006958 0.001244 -0.718729 0.695255
1776831254.98293 0.111108 0.452738 0.016349 -0.006973 0.001261 -0.718704 0.695280
1776831255.14956 0.111022 0.452806 0.016371 -0.006964 0.001271 -0.718671 0.695314
1776831255.31624 0.110939 0.453003 0.016456 -0.006990 0.001264 -0.718646 0.695340
1776831255.48289 0.110984 0.452956 0.016434 -0.007000 0.001276 -0.718667 0.695318
1776831255.64955 0.110970 0.453110 0.016458 -0.006996 0.001261 -0.718658 0.695327
1776831255.81622 0.110871 0.453138 0.016452 -0.006987 0.001213 -0.718634 0.695353
1776831255.98289 0.110837 0.453078 0.016505 -0.006985 0.001256 -0.718618 0.695369
1776831256.14954 0.110790 0.453141 0.016453 -0.007026 0.001182 -0.718616 0.695371
1776831256.31620 0.110785 0.453148 0.016469 -0.007014 0.001207 -0.718598 0.695389
1776831256.48286 0.110649 0.453230 0.016492 -0.007016 0.001156 -0.718580 0.695408
1776831256.64953 0.110629 0.453259 0.016468 -0.007050 0.001139 -0.718577 0.695410
1776831256.81618 0.110702 0.453235 0.016454 -0.007069 0.001158 -0.718602 0.695385
1776831256.98284 0.110804 0.453206 0.016478 -0.007058 0.001174 -0.718608 0.695378
1776831257.14951 0.110795 0.453264 0.016417 -0.007100 0.001106 -0.718603 0.695384
1776831257.31615 0.110698 0.453226 0.016348 -0.007062 0.001065 -0.718600 0.695387
1776831257.48283 0.110666 0.453240 0.016465 -0.007041 0.001130 -0.718582 0.695406
1776831257.64947 0.110655 0.453220 0.016487 -0.007011 0.001184 -0.718562 0.695427
1776831257.81613 0.110662 0.453195 0.016516 -0.007044 0.001164 -0.718580 0.695408
1776831257.98278 0.110722 0.453205 0.016467 -0.007065 0.001153 -0.718575 0.695412
1776831258.14945 0.110782 0.453095 0.016438 -0.007034 0.001168 -0.718588 0.695399
1776831258.31611 0.110675 0.453141 0.016404 -0.007059 0.001122 -0.718574 0.695413
1776831258.48279 0.110707 0.453183 0.016385 -0.007039 0.001120 -0.718583 0.695405
1776831258.64946 0.110710 0.453189 0.016357 -0.007042 0.001119 -0.718590 0.695397
1776831258.81610 0.110710 0.453106 0.016307 -0.007066 0.001083 -0.718612 0.695375
1776831258.98277 0.110626 0.453097 0.016368 -0.007013 0.001144 -0.718578 0.695410
1776831259.14942 0.110592 0.453126 0.016333 -0.007022 0.001119 -0.718555 0.695434
1776831259.31607 0.110581 0.453154 0.016334 -0.007080 0.001117 -0.718546 0.695442
1776831259.48273 0.110437 0.453295 0.016391 -0.007063 0.001112 -0.718502 0.695488
1776831259.64938 0.110411 0.453282 0.016410 -0.007034 0.001112 -0.718493 0.695497
1776831259.81609 0.110395 0.453372 0.016486 -0.007045 0.001135 -0.718470 0.695521
1776831259.98277 0.110466 0.453285 0.016426 -0.007075 0.001150 -0.718482 0.695509
1776831260.14942 0.110405 0.453272 0.016446 -0.007052 0.001164 -0.718448 0.695544
1776831260.31608 0.110390 0.453179 0.016505 -0.006992 0.001206 -0.718443 0.695550
1776831260.48275 0.110325 0.453345 0.016551 -0.007037 0.001171 -0.718418 0.695575
1776831260.64943 0.110259 0.453413 0.016537 -0.007043 0.001140 -0.718394 0.695600
1776831260.81610 0.110290 0.453352 0.016496 -0.007043 0.001113 -0.718407 0.695586
1776831260.98276 0.110207 0.453466 0.016521 -0.007041 0.001075 -0.718407 0.695587
1776831261.14943 0.110163 0.453505 0.016471 -0.007066 0.001026 -0.718388 0.695606
1776831261.31608 0.110082 0.453554 0.016575 -0.007019 0.001064 -0.718375 0.695619
1776831261.48273 0.110232 0.453392 0.016474 -0.007013 0.001047 -0.718428 0.695565
1776831261.64939 0.110183 0.453423 0.016464 -0.007016 0.001034 -0.718409 0.695585
1776831261.81605 0.110161 0.453418 0.016440 -0.007049 0.001009 -0.718401 0.695593
1776831261.98271 0.110143 0.453487 0.016385 -0.007053 0.000980 -0.718413 0.695580
1776831262.14937 0.110221 0.453352 0.016403 -0.007002 0.000998 -0.718432 0.695561
1776831262.31597 0.110206 0.453456 0.016477 -0.007008 0.000971 -0.718438 0.695555
1776831262.48265 0.110227 0.453321 0.016408 -0.007021 0.000957 -0.718415 0.695579
1776831262.64929 0.110170 0.453390 0.016484 -0.006981 0.000974 -0.718421 0.695573
1776831262.81593 0.110120 0.453520 0.016554 -0.007010 0.000957 -0.718408 0.695586
1776831262.98260 0.110048 0.453585 0.016642 -0.007003 0.000953 -0.718377 0.695618
1776831263.14924 0.109993 0.453638 0.016694 -0.006977 0.000993 -0.718378 0.695617
1776831263.31589 0.109952 0.453666 0.016750 -0.006965 0.001036 -0.718354 0.695642
1776831263.48254 0.109976 0.453609 0.016808 -0.006971 0.001088 -0.718351 0.695645
1776831263.64922 0.110214 0.452920 0.016571 -0.007087 0.001265 -0.718300 0.695696
1776831263.81579 0.110110 0.452925 0.016542 -0.007118 0.001240 -0.718279 0.695717
1776831263.98257 0.109778 0.453705 0.016832 -0.007087 0.001161 -0.718266 0.695732
1776831264.14909 0.109924 0.453294 0.016701 -0.007135 0.001211 -0.718261 0.695736
1776831264.31577 0.110014 0.452934 0.016526 -0.007158 0.001240 -0.718258 0.695738
1776831264.48231 0.110110 0.453167 0.016564 -0.007130 0.001247 -0.718349 0.695645
1776831264.64900 0.110013 0.453353 0.016627 -0.007105 0.001173 -0.718338 0.695657
1776831264.81562 0.109996 0.453567 0.016698 -0.007055 0.001213 -0.718348 0.695647
1776831264.98227 0.109960 0.453499 0.016670 -0.007050 0.001199 -0.718315 0.695681
1776831265.14892 0.109856 0.453772 0.016807 -0.007067 0.001215 -0.718315 0.695682
1776831265.31556 0.109856 0.453766 0.016739 -0.007141 0.001163 -0.718284 0.695713
1776831265.48221 0.109819 0.453787 0.016705 -0.007144 0.001156 -0.718264 0.695733
1776831265.64886 0.109683 0.453980 0.016925 -0.007037 0.001211 -0.718258 0.695740
1776831265.81551 0.109748 0.453890 0.016921 -0.007077 0.001204 -0.718244 0.695754
1776831265.98217 0.109649 0.454036 0.017039 -0.007044 0.001219 -0.718262 0.695736
1776831266.14881 0.109697 0.453807 0.016862 -0.007098 0.001221 -0.718226 0.695773
1776831266.31546 0.109703 0.453693 0.016747 -0.007145 0.001171 -0.718230 0.695768
1776831266.48235 0.109772 0.453613 0.016734 -0.007087 0.001176 -0.718224 0.695774
1776831266.64903 0.109743 0.453605 0.016701 -0.007085 0.001141 -0.718201 0.695799
1776831266.81576 0.109484 0.454240 0.017134 -0.007124 0.001204 -0.718117 0.695885
1776831266.98230 0.109585 0.454257 0.017213 -0.007053 0.001278 -0.718182 0.695818
1776831267.14902 0.109475 0.454792 0.017474 -0.007051 0.001271 -0.718207 0.695793
1776831267.31570 0.109545 0.454641 0.017636 -0.006997 0.001318 -0.718230 0.695769
1776831267.48235 0.109468 0.454823 0.017803 -0.006988 0.001297 -0.718212 0.695788
1776831267.64903 0.109540 0.454480 0.017608 -0.007002 0.001311 -0.718184 0.695816
1776831267.81568 0.109668 0.454299 0.017487 -0.006950 0.001370 -0.718219 0.695781
1776831267.98234 0.109762 0.453946 0.017385 -0.006950 0.001394 -0.718200 0.695801
1776831268.14897 0.109717 0.453950 0.017532 -0.006897 0.001463 -0.718207 0.695794
1776831268.31567 0.109647 0.453959 0.017478 -0.006974 0.001442 -0.718179 0.695822
1776831268.48234 0.109739 0.453904 0.017441 -0.006982 0.001450 -0.718210 0.695789
1776831268.64898 0.109793 0.453707 0.017242 -0.007022 0.001431 -0.718207 0.695793
1776831268.81561 0.109728 0.453845 0.017376 -0.006958 0.001443 -0.718203 0.695797
1776831268.98228 0.109730 0.453737 0.017473 -0.006903 0.001498 -0.718225 0.695775
1776831269.14889 0.109748 0.453797 0.017529 -0.006889 0.001519 -0.718242 0.695758
1776831269.31551 0.109819 0.453737 0.017605 -0.006829 0.001544 -0.718289 0.695710
1776831269.48216 0.109814 0.453781 0.017622 -0.006816 0.001543 -0.718295 0.695704
1776831269.64881 0.109823 0.453738 0.017644 -0.006814 0.001579 -0.718297 0.695701
1776831269.81545 0.109812 0.453691 0.017641 -0.006814 0.001616 -0.718276 0.695724
1776831269.98210 0.109824 0.453629 0.017611 -0.006826 0.001639 -0.718275 0.695724
1776831270.14875 0.109811 0.453835 0.017696 -0.006857 0.001641 -0.718245 0.695755
1776831270.31540 0.109683 0.453828 0.017725 -0.006860 0.001657 -0.718222 0.695778
1776831270.48205 0.109660 0.453838 0.017668 -0.006919 0.001645 -0.718207 0.695793
1776831270.64873 0.109694 0.453759 0.017725 -0.006878 0.001695 -0.718195 0.695806
1776831270.81534 0.109611 0.453820 0.017835 -0.006838 0.001670 -0.718163 0.695839
1776831270.98198 0.109618 0.453815 0.017823 -0.006835 0.001658 -0.718174 0.695828
1776831271.14868 0.109537 0.453951 0.017852 -0.006880 0.001655 -0.718153 0.695849
1776831271.31537 0.109585 0.453940 0.017831 -0.006911 0.001669 -0.718149 0.695853
1776831271.48196 0.109516 0.453964 0.017875 -0.006885 0.001641 -0.718148 0.695854
1776831271.64861 0.109711 0.453614 0.017606 -0.006902 0.001547 -0.718228 0.695772
1776831271.81527 0.109629 0.453777 0.017711 -0.006884 0.001526 -0.718206 0.695795
1776831271.98192 0.109609 0.453871 0.017754 -0.006886 0.001544 -0.718203 0.695798
1776831272.14853 0.109475 0.453931 0.017822 -0.006853 0.001558 -0.718181 0.695821
1776831272.31518 0.109562 0.453756 0.017834 -0.006866 0.001598 -0.718203 0.695798
1776831272.48179 0.109505 0.453865 0.017840 -0.006870 0.001643 -0.718189 0.695812
1776831272.64844 0.109573 0.453886 0.017809 -0.006914 0.001608 -0.718205 0.695795
1776831272.81507 0.109556 0.453829 0.017913 -0.006851 0.001652 -0.718217 0.695784
1776831272.98171 0.109487 0.453941 0.018041 -0.006875 0.001634 -0.718191 0.695810
1776831273.14838 0.109492 0.453959 0.017957 -0.006894 0.001617 -0.718194 0.695807
1776831273.31504 0.109472 0.453954 0.018030 -0.006837 0.001682 -0.718168 0.695835
1776831273.48167 0.109492 0.453867 0.017959 -0.006862 0.001627 -0.718182 0.695820
1776831273.64828 0.109489 0.453867 0.017988 -0.006830 0.001699 -0.718169 0.695833
1776831273.81494 0.109482 0.453890 0.017871 -0.006844 0.001686 -0.718176 0.695826
1776831273.98158 0.109398 0.453880 0.017961 -0.006825 0.001702 -0.718132 0.695871
1776831274.14819 0.109332 0.453961 0.018105 -0.006813 0.001733 -0.718095 0.695909
1776831274.31483 0.109312 0.454133 0.018103 -0.006830 0.001691 -0.718116 0.695888
1776831274.48149 0.109304 0.454067 0.018072 -0.006835 0.001691 -0.718110 0.695894
1776831274.64815 0.109326 0.453989 0.018165 -0.006802 0.001728 -0.718128 0.695876
1776831274.81477 0.109403 0.453701 0.017985 -0.006823 0.001713 -0.718158 0.695844
1776831274.98140 0.109444 0.453579 0.017922 -0.006833 0.001681 -0.718169 0.695833
1776831275.14808 0.109332 0.453738 0.017952 -0.006849 0.001606 -0.718176 0.695826
1776831275.31472 0.109453 0.453645 0.017873 -0.006839 0.001636 -0.718199 0.695802
1776831275.48135 0.109477 0.453548 0.017723 -0.006860 0.001603 -0.718196 0.695806
1776831275.64800 0.109282 0.453684 0.017884 -0.006848 0.001607 -0.718134 0.695869
1776831275.81461 0.109213 0.453706 0.017923 -0.006847 0.001631 -0.718109 0.695895
1776831275.98126 0.109197 0.453819 0.017940 -0.006843 0.001664 -0.718119 0.695885
1776831276.14790 0.109224 0.453759 0.018041 -0.006820 0.001692 -0.718116 0.695888
1776831276.31450 0.109155 0.453778 0.018043 -0.006812 0.001662 -0.718104 0.695901
1776831276.48117 0.109182 0.453583 0.018032 -0.006784 0.001676 -0.718143 0.695861
1776831276.64781 0.109184 0.453604 0.017982 -0.006816 0.001669 -0.718146 0.695857
1776831276.81448 0.109038 0.453951 0.018127 -0.006869 0.001612 -0.718146 0.695857
1776831276.98113 0.109282 0.453424 0.017935 -0.006966 0.001783 -0.718117 0.695885
1776831277.14765 0.109309 0.453339 0.017813 -0.006994 0.001714 -0.718137 0.695864
1776831277.31430 0.109404 0.453025 0.017666 -0.007081 0.001751 -0.718128 0.695873
1776831277.48092 0.109484 0.452745 0.017443 -0.007139 0.001798 -0.718144 0.695855
1776831277.64753 0.109599 0.452523 0.017273 -0.007172 0.001839 -0.718164 0.695834
1776831277.81423 0.109426 0.452801 0.017373 -0.007145 0.001792 -0.718149 0.695850
1776831277.98100 0.109396 0.452898 0.017544 -0.007110 0.001782 -0.718184 0.695815
1776831278.14768 0.109343 0.453246 0.017714 -0.007104 0.001786 -0.718139 0.695861
1776831278.31427 0.109353 0.453177 0.017721 -0.007103 0.001815 -0.718133 0.695867
1776831278.48091 0.109268 0.453259 0.017756 -0.007072 0.001779 -0.718117 0.695884
1776831278.64758 0.109280 0.453202 0.017663 -0.007084 0.001771 -0.718139 0.695861
1776831278.81423 0.109271 0.453216 0.017726 -0.007070 0.001771 -0.718159 0.695841
1776831278.98086 0.109282 0.453215 0.017714 -0.007052 0.001771 -0.718207 0.695792
1776831279.14750 0.109264 0.453241 0.017765 -0.007059 0.001773 -0.718162 0.695838
1776831279.31407 0.109192 0.453298 0.017887 -0.007036 0.001807 -0.718143 0.695857
1776831279.48074 0.109242 0.453336 0.017978 -0.007016 0.001845 -0.718143 0.695857
1776831279.64738 0.109132 0.453327 0.017949 -0.007036 0.001783 -0.718174 0.695826
1776831279.81409 0.109178 0.453319 0.017893 -0.007055 0.001789 -0.718169 0.695831
1776831279.98075 0.109333 0.453144 0.017704 -0.007095 0.001747 -0.718233 0.695764
1776831280.14736 0.109328 0.452900 0.017539 -0.007102 0.001706 -0.718256 0.695741
1776831280.31402 0.109430 0.452854 0.017521 -0.007144 0.001717 -0.718285 0.695710
1776831280.48065 0.109414 0.452864 0.017437 -0.007183 0.001690 -0.718291 0.695704
1776831280.64728 0.109533 0.452739 0.017258 -0.007225 0.001637 -0.718323 0.695670
1776831280.81394 0.109599 0.452723 0.017151 -0.007250 0.001601 -0.718377 0.695615
1776831280.98064 0.109505 0.452654 0.017084 -0.007253 0.001534 -0.718385 0.695606
1776831281.14730 0.109512 0.452786 0.017137 -0.007224 0.001515 -0.718387 0.695605
1776831281.31392 0.109532 0.452856 0.017160 -0.007241 0.001465 -0.718395 0.695596
1776831281.48058 0.109426 0.453134 0.017317 -0.007196 0.001441 -0.718383 0.695609
1776831281.64723 0.109413 0.453258 0.017342 -0.007219 0.001380 -0.718371 0.695621
1776831281.81391 0.109366 0.453378 0.017338 -0.007207 0.001342 -0.718374 0.695618
1776831281.98058 0.109233 0.453390 0.017381 -0.007231 0.001325 -0.718336 0.695657
1776831282.14721 0.109214 0.453519 0.017464 -0.007229 0.001345 -0.718329 0.695665
1776831282.31388 0.109197 0.453415 0.017362 -0.007244 0.001304 -0.718336 0.695658
1776831282.48055 0.109237 0.453347 0.017149 -0.007337 0.001294 -0.718346 0.695646
1776831282.64719 0.109141 0.453449 0.017229 -0.007303 0.001296 -0.718312 0.695682
1776831282.81387 0.109027 0.453630 0.017329 -0.007272 0.001263 -0.718323 0.695670
1776831282.98055 0.108951 0.453763 0.017523 -0.007242 0.001282 -0.718312 0.695682
1776831283.14721 0.108981 0.453791 0.017562 -0.007279 0.001278 -0.718319 0.695675
1776831283.31384 0.109014 0.453708 0.017521 -0.007258 0.001248 -0.718337 0.695656
1776831283.48051 0.109073 0.453598 0.017450 -0.007273 0.001256 -0.718327 0.695666
1776831283.64716 0.109144 0.453468 0.017427 -0.007273 0.001305 -0.718328 0.695665
1776831283.81382 0.109122 0.453344 0.017388 -0.007293 0.001302 -0.718344 0.695648
1776831283.98047 0.109136 0.453356 0.017371 -0.007271 0.001321 -0.718335 0.695658
1776831284.14713 0.109094 0.453422 0.017512 -0.007254 0.001326 -0.718343 0.695650
1776831284.31379 0.109172 0.453308 0.017513 -0.007238 0.001382 -0.718364 0.695629
1776831284.48043 0.109215 0.453329 0.017479 -0.007258 0.001356 -0.718409 0.695582
1776831284.64710 0.109246 0.453448 0.017515 -0.007225 0.001350 -0.718428 0.695563
1776831284.81379 0.109350 0.453308 0.017460 -0.007231 0.001402 -0.718479 0.695509
1776831284.98045 0.109337 0.453328 0.017512 -0.007223 0.001396 -0.718480 0.695508
1776831285.14714 0.109434 0.453240 0.017501 -0.007195 0.001438 -0.718520 0.695467
1776831285.31380 0.109408 0.453235 0.017383 -0.007242 0.001338 -0.718528 0.695459
1776831285.48047 0.109444 0.453081 0.017476 -0.007210 0.001468 -0.718513 0.695474
1776831285.64711 0.109441 0.453072 0.017402 -0.007285 0.001439 -0.718506 0.695481
1776831285.81375 0.109296 0.453339 0.017580 -0.007254 0.001434 -0.718486 0.695503
1776831285.98042 0.109294 0.453479 0.017709 -0.007237 0.001475 -0.718465 0.695524
1776831286.14707 0.109142 0.453605 0.017776 -0.007251 0.001460 -0.718430 0.695560
1776831286.31375 0.109141 0.453545 0.017747 -0.007255 0.001502 -0.718423 0.695567
1776831286.48039 0.109184 0.453611 0.017732 -0.007254 0.001478 -0.718427 0.695563
1776831286.64705 0.109168 0.453458 0.017571 -0.007237 0.001476 -0.718417 0.695574
1776831286.81370 0.109134 0.453323 0.017584 -0.007235 0.001510 -0.718394 0.695598
1776831286.98035 0.109027 0.453508 0.017710 -0.007214 0.001480 -0.718369 0.695623
1776831287.14699 0.109139 0.453466 0.017600 -0.007299 0.001371 -0.718417 0.695573
1776831287.31362 0.109015 0.453573 0.017526 -0.007338 0.001283 -0.718420 0.695570
1776831287.48025 0.109081 0.453708 0.017438 -0.007373 0.001246 -0.718436 0.695553
1776831287.64687 0.109080 0.453752 0.017489 -0.007355 0.001233 -0.718449 0.695540
1776831287.81351 0.108992 0.453871 0.017451 -0.007397 0.001163 -0.718431 0.695557
1776831287.98018 0.109029 0.453891 0.017559 -0.007360 0.001218 -0.718449 0.695540
1776831288.14685 0.108989 0.453830 0.017549 -0.007332 0.001220 -0.718441 0.695548
1776831288.31350 0.108990 0.453807 0.017492 -0.007377 0.001163 -0.718443 0.695546
1776831288.48013 0.108963 0.453834 0.017396 -0.007385 0.001120 -0.718431 0.695559
1776831288.64679 0.109021 0.453767 0.017429 -0.007360 0.001189 -0.718435 0.695555
1776831288.81344 0.108996 0.453729 0.017444 -0.007391 0.001170 -0.718427 0.695562
1776831288.98012 0.108996 0.453723 0.017462 -0.007375 0.001178 -0.718422 0.695568
1776831289.14673 0.108966 0.453759 0.017427 -0.007374 0.001124 -0.718416 0.695574
1776831289.31337 0.108902 0.453793 0.017470 -0.007379 0.001136 -0.718406 0.695584
1776831289.48002 0.108898 0.453749 0.017469 -0.007364 0.001141 -0.718403 0.695587
1776831289.64668 0.108882 0.453634 0.017508 -0.007340 0.001155 -0.718383 0.695608
1776831289.81331 0.108843 0.453687 0.017461 -0.007341 0.001139 -0.718390 0.695601
1776831289.97996 0.108876 0.453774 0.017519 -0.007347 0.001190 -0.718408 0.695582
1776831290.14661 0.108890 0.453803 0.017601 -0.007331 0.001201 -0.718394 0.695596
1776831290.31326 0.108847 0.453802 0.017632 -0.007345 0.001207 -0.718404 0.695586
1776831290.47989 0.108804 0.453928 0.017698 -0.007317 0.001222 -0.718384 0.695607
1776831290.64655 0.108700 0.454022 0.017896 -0.007238 0.001286 -0.718359 0.695634
1776831290.81322 0.108759 0.453955 0.017884 -0.007291 0.001291 -0.718358 0.695634
1776831290.97987 0.108751 0.453868 0.017878 -0.007254 0.001265 -0.718364 0.695628
1776831291.14653 0.108804 0.453745 0.017701 -0.007290 0.001270 -0.718356 0.695636
1776831291.31315 0.108733 0.453787 0.017720 -0.007289 0.001236 -0.718370 0.695622
1776831291.47980 0.108697 0.453812 0.017749 -0.007284 0.001230 -0.718373 0.695619
1776831291.64645 0.108667 0.453790 0.017702 -0.007269 0.001164 -0.718392 0.695600
1776831291.81311 0.108660 0.453815 0.017661 -0.007289 0.001123 -0.718402 0.695589
1776831291.97975 0.108676 0.453808 0.017630 -0.007260 0.001111 -0.718406 0.695585
1776831292.14639 0.108629 0.453875 0.017605 -0.007257 0.001061 -0.718402 0.695590
1776831292.31304 0.108630 0.453898 0.017613 -0.007264 0.001053 -0.718403 0.695588
1776831292.47971 0.108604 0.454060 0.017811 -0.007220 0.001084 -0.718383 0.695610
1776831292.64634 0.108527 0.454022 0.017900 -0.007193 0.001122 -0.718371 0.695622
1776831292.81299 0.108577 0.453820 0.017833 -0.007198 0.001137 -0.718393 0.695600
1776831292.97965 0.108635 0.453651 0.017783 -0.007185 0.001171 -0.718411 0.695581
1776831293.14630 0.108602 0.453767 0.017712 -0.007226 0.001125 -0.718411 0.695580
1776831293.31293 0.108626 0.453800 0.017743 -0.007331 0.001159 -0.718439 0.695551
1776831293.47955 0.108480 0.454036 0.017849 -0.007381 0.001163 -0.718417 0.695573
1776831293.64619 0.108595 0.453918 0.017683 -0.007474 0.001168 -0.718435 0.695553
1776831293.81283 0.108679 0.453901 0.017742 -0.007439 0.001280 -0.718432 0.695556
1776831293.97948 0.108613 0.453932 0.017837 -0.007448 0.001307 -0.718427 0.695561
1776831294.14616 0.108656 0.453866 0.017717 -0.007491 0.001287 -0.718427 0.695561
1776831294.31280 0.108645 0.453697 0.017604 -0.007423 0.001248 -0.718399 0.695590
1776831294.47943 0.108772 0.453562 0.017540 -0.007474 0.001273 -0.718443 0.695544
1776831294.64610 0.108776 0.453538 0.017415 -0.007566 0.001239 -0.718458 0.695528
1776831294.81273 0.108817 0.453472 0.017395 -0.007605 0.001266 -0.718484 0.695501
1776831294.97940 0.108785 0.453525 0.017328 -0.007620 0.001253 -0.718481 0.695504
1776831295.14603 0.108818 0.453395 0.017289 -0.007636 0.001243 -0.718502 0.695482
1776831295.31269 0.108857 0.453445 0.017271 -0.007631 0.001262 -0.718497 0.695487
1776831295.47932 0.108901 0.453511 0.017302 -0.007637 0.001224 -0.718512 0.695472
1776831295.64599 0.108948 0.453355 0.017270 -0.007598 0.001250 -0.718554 0.695428
1776831295.81261 0.108995 0.453275 0.017173 -0.007650 0.001246 -0.718573 0.695409
1776831295.97927 0.109067 0.453261 0.017177 -0.007650 0.001237 -0.718613 0.695367
1776831296.14592 0.109034 0.453385 0.017236 -0.007632 0.001244 -0.718610 0.695370
1776831296.31253 0.109025 0.453351 0.017261 -0.007626 0.001247 -0.718612 0.695368
1776831296.47917 0.109135 0.452935 0.017123 -0.007617 0.001356 -0.718604 0.695377
1776831296.64585 0.109227 0.452566 0.016851 -0.007655 0.001369 -0.718600 0.695380
1776831296.81245 0.109266 0.452245 0.016694 -0.007667 0.001383 -0.718608 0.695372
1776831296.97908 0.109408 0.452018 0.016481 -0.007704 0.001377 -0.718617 0.695362
1776831297.14571 0.109504 0.451763 0.016331 -0.007583 0.001356 -0.718630 0.695350
1776831297.31246 0.109544 0.451749 0.016268 -0.007639 0.001307 -0.718683 0.695295
1776831297.47917 0.109556 0.451750 0.016122 -0.007747 0.001222 -0.718711 0.695264
1776831297.64583 0.109584 0.451882 0.016161 -0.007777 0.001231 -0.718708 0.695268
1776831297.81243 0.109547 0.451881 0.016098 -0.007790 0.001176 -0.718710 0.695265
1776831297.97914 0.109679 0.451690 0.015902 -0.007862 0.001152 -0.718737 0.695236
1776831298.14576 0.109754 0.451657 0.015808 -0.007870 0.001136 -0.718791 0.695181
1776831298.31243 0.109806 0.451645 0.015921 -0.007828 0.001194 -0.718814 0.695157
1776831298.47914 0.109822 0.451703 0.015890 -0.007856 0.001189 -0.718815 0.695156
1776831298.64579 0.109919 0.451541 0.015878 -0.007880 0.001205 -0.718840 0.695130
1776831298.81250 0.109962 0.451432 0.015802 -0.007902 0.001155 -0.718868 0.695101
1776831298.97916 0.110003 0.451306 0.015610 -0.007928 0.001127 -0.718871 0.695097
1776831299.14583 0.109929 0.451359 0.015673 -0.007873 0.001134 -0.718879 0.695090
1776831299.31255 0.109921 0.451386 0.015682 -0.007871 0.001121 -0.718868 0.695101
1776831299.47922 0.110012 0.451443 0.015660 -0.007909 0.001157 -0.718889 0.695079
1776831299.64588 0.109989 0.451431 0.015669 -0.007902 0.001171 -0.718889 0.695079
1776831299.81256 0.109898 0.451548 0.015746 -0.007930 0.001091 -0.718884 0.695084
1776831299.97923 0.109988 0.451383 0.015608 -0.007915 0.001094 -0.718905 0.695062
1776831300.14592 0.110013 0.451265 0.015461 -0.007928 0.001071 -0.718920 0.695047
1776831300.31259 0.110097 0.451211 0.015370 -0.007922 0.001052 -0.718952 0.695014
1776831300.47925 0.110103 0.451233 0.015471 -0.007897 0.001052 -0.718953 0.695013
1776831300.64592 0.110039 0.451399 0.015544 -0.007913 0.001052 -0.718952 0.695014
1776831300.81258 0.109989 0.451488 0.015569 -0.007950 0.001069 -0.718926 0.695040
1776831300.97923 0.109958 0.451403 0.015563 -0.007951 0.001065 -0.718894 0.695073
1776831301.14595 0.109919 0.451429 0.015642 -0.007924 0.001065 -0.718904 0.695063
1776831301.31262 0.109998 0.451296 0.015510 -0.007916 0.001091 -0.718915 0.695052
1776831301.47927 0.110012 0.451445 0.015633 -0.007911 0.001120 -0.718899 0.695068
1776831301.64594 0.109862 0.451573 0.015741 -0.007880 0.001119 -0.718868 0.695101
1776831301.81263 0.109883 0.451543 0.015699 -0.007910 0.001055 -0.718890 0.695078
1776831301.97928 0.109827 0.451633 0.015763 -0.007901 0.001060 -0.718876 0.695093
1776831302.14596 0.109882 0.451585 0.015679 -0.007914 0.001071 -0.718884 0.695085
1776831302.31261 0.109856 0.451730 0.015792 -0.007875 0.001084 -0.718881 0.695087
1776831302.47923 0.109836 0.451694 0.015849 -0.007848 0.001088 -0.718874 0.695095
1776831302.64592 0.109744 0.451843 0.015994 -0.007794 0.001117 -0.718839 0.695132
1776831302.81256 0.109724 0.451839 0.016047 -0.007768 0.001151 -0.718833 0.695139
1776831302.97921 0.109735 0.451819 0.016036 -0.007789 0.001134 -0.718822 0.695150
1776831303.14588 0.109740 0.451749 0.015965 -0.007792 0.001112 -0.718843 0.695128
1776831303.31253 0.109693 0.451843 0.015937 -0.007853 0.001076 -0.718827 0.695143
1776831303.47917 0.109596 0.451769 0.016005 -0.007788 0.001127 -0.718818 0.695153
1776831303.64586 0.109578 0.451870 0.016061 -0.007830 0.001178 -0.718789 0.695183
1776831303.81250 0.109670 0.451848 0.015977 -0.007889 0.001126 -0.718796 0.695176
1776831303.97914 0.109696 0.451714 0.015806 -0.007903 0.001070 -0.718818 0.695152
1776831304.14584 0.109671 0.451799 0.015874 -0.007879 0.001060 -0.718834 0.695136
1776831304.31252 0.109659 0.451766 0.015976 -0.007836 0.001117 -0.718823 0.695148
1776831304.47922 0.109609 0.451823 0.015955 -0.007902 0.001103 -0.718793 0.695178
1776831304.64586 0.109591 0.451893 0.016033 -0.007833 0.001149 -0.718783 0.695190
1776831304.81251 0.109592 0.451869 0.016001 -0.007854 0.001122 -0.718780 0.695192
1776831304.97917 0.109567 0.451984 0.015991 -0.007829 0.001052 -0.718800 0.695172
1776831305.14586 0.109476 0.452143 0.016045 -0.007801 0.001072 -0.718774 0.695199
1776831305.31249 0.109476 0.451978 0.016048 -0.007801 0.001101 -0.718759 0.695214
1776831305.47917 0.109489 0.451964 0.015962 -0.007848 0.001064 -0.718773 0.695200
1776831305.64581 0.109511 0.451889 0.015909 -0.007854 0.001089 -0.718773 0.695199
1776831305.81247 0.109497 0.451930 0.015982 -0.007875 0.001133 -0.718751 0.695222
1776831305.97911 0.109544 0.451929 0.015999 -0.007871 0.001124 -0.718763 0.695209
1776831306.14581 0.109561 0.451911 0.015950 -0.007891 0.001090 -0.718784 0.695188
1776831306.31245 0.109514 0.451839 0.015878 -0.007863 0.001099 -0.718802 0.695170
1776831306.47912 0.109508 0.451865 0.015855 -0.007920 0.001082 -0.718784 0.695188
1776831306.64574 0.109578 0.451752 0.015680 -0.007966 0.001073 -0.718787 0.695184
1776831306.81240 0.109531 0.451739 0.015728 -0.007913 0.001088 -0.718766 0.695206
1776831306.97909 0.109516 0.451712 0.015724 -0.007900 0.001108 -0.718762 0.695210
1776831307.14576 0.109454 0.451824 0.015767 -0.007876 0.001091 -0.718752 0.695221
1776831307.31239 0.109518 0.451857 0.015805 -0.007890 0.001081 -0.718774 0.695199
1776831307.47904 0.109565 0.451862 0.015871 -0.007876 0.001097 -0.718775 0.695197
1776831307.64569 0.109489 0.452098 0.015914 -0.007945 0.001100 -0.718754 0.695218
1776831307.81236 0.109564 0.451991 0.015737 -0.007978 0.001039 -0.718789 0.695182
1776831307.97901 0.109503 0.451958 0.015687 -0.007972 0.001029 -0.718779 0.695192
1776831308.14570 0.109547 0.452034 0.015882 -0.007954 0.001097 -0.718780 0.695191
1776831308.31239 0.109565 0.451984 0.015875 -0.007969 0.001113 -0.718795 0.695176
1776831308.47909 0.109589 0.451898 0.015811 -0.007984 0.001146 -0.718783 0.695188
1776831308.64576 0.109555 0.451884 0.015744 -0.008004 0.001116 -0.718781 0.695190
1776831308.81242 0.109633 0.451719 0.015582 -0.008052 0.001065 -0.718808 0.695161
1776831308.97907 0.109669 0.451807 0.015707 -0.008021 0.001123 -0.718815 0.695155
1776831309.14574 0.109670 0.451752 0.015645 -0.008029 0.001142 -0.718823 0.695146
1776831309.31237 0.109718 0.451668 0.015515 -0.008069 0.001144 -0.718831 0.695137
1776831309.47901 0.109771 0.451516 0.015502 -0.008062 0.001165 -0.718846 0.695122
1776831309.64571 0.109774 0.451454 0.015465 -0.008083 0.001178 -0.718856 0.695111
1776831309.81241 0.109806 0.451468 0.015434 -0.008100 0.001158 -0.718838 0.695129
1776831309.97906 0.109797 0.451456 0.015430 -0.008076 0.001125 -0.718847 0.695121
1776831310.14575 0.109769 0.451518 0.015374 -0.008031 0.001099 -0.718858 0.695109
1776831310.31243 0.109803 0.451520 0.015467 -0.007991 0.001155 -0.718868 0.695100
1776831310.47908 0.109731 0.451469 0.015500 -0.007977 0.001140 -0.718848 0.695121
1776831310.64572 0.109722 0.451501 0.015622 -0.007994 0.001180 -0.718848 0.695120
1776831310.81236 0.109745 0.451479 0.015633 -0.007966 0.001201 -0.718850 0.695118
1776831310.97903 0.109686 0.451462 0.015561 -0.007965 0.001154 -0.718848 0.695121
1776831311.14567 0.109668 0.451478 0.015586 -0.007981 0.001171 -0.718838 0.695131
1776831311.31227 0.109692 0.451530 0.015577 -0.007977 0.001162 -0.718851 0.695118
1776831311.47892 0.109704 0.451399 0.015573 -0.007979 0.001180 -0.718873 0.695095
1776831311.64560 0.109777 0.451314 0.015531 -0.007970 0.001174 -0.718891 0.695076
1776831311.81225 0.109816 0.451349 0.015500 -0.007964 0.001128 -0.718919 0.695048
1776831311.97890 0.109695 0.451436 0.015508 -0.007972 0.001089 -0.718890 0.695078
1776831312.14562 0.109771 0.451343 0.015488 -0.008042 0.001136 -0.718888 0.695079
1776831312.31224 0.109748 0.451434 0.015586 -0.007994 0.001162 -0.718886 0.695081
1776831312.47892 0.109713 0.451454 0.015669 -0.007992 0.001231 -0.718849 0.695119
1776831312.64558 0.109563 0.451568 0.015762 -0.007964 0.001204 -0.718829 0.695140
1776831312.81227 0.109632 0.451496 0.015724 -0.007979 0.001190 -0.718847 0.695122
1776831312.97888 0.109617 0.451518 0.015753 -0.007973 0.001191 -0.718843 0.695126
1776831313.14554 0.109615 0.451500 0.015708 -0.007949 0.001172 -0.718852 0.695116
1776831313.31220 0.109677 0.451453 0.015608 -0.007991 0.001195 -0.718852 0.695117
1776831313.47880 0.109682 0.451479 0.015539 -0.008029 0.001170 -0.718844 0.695124
1776831313.64551 0.109769 0.450929 0.015219 -0.008072 0.001184 -0.718837 0.695131
1776831313.81222 0.109671 0.451201 0.015356 -0.008107 0.001173 -0.718822 0.695145
1776831313.97884 0.109693 0.451232 0.015340 -0.008145 0.001123 -0.718842 0.695125
1776831314.14547 0.109713 0.451383 0.015406 -0.008088 0.001153 -0.718846 0.695121
1776831314.31216 0.109718 0.451336 0.015519 -0.008045 0.001217 -0.718854 0.695114
1776831314.47885 0.109748 0.451290 0.015485 -0.008030 0.001224 -0.718867 0.695100
1776831314.64552 0.109695 0.451287 0.015557 -0.007997 0.001213 -0.718886 0.695081
1776831314.81220 0.109727 0.451156 0.015409 -0.008025 0.001171 -0.718913 0.695053
1776831314.97885 0.109723 0.451208 0.015353 -0.008064 0.001144 -0.718886 0.695081
1776831315.14548 0.109748 0.451210 0.015311 -0.008066 0.001140 -0.718897 0.695069
1776831315.31210 0.109766 0.451135 0.015360 -0.008032 0.001176 -0.718899 0.695068
1776831315.47875 0.109711 0.451227 0.015426 -0.008048 0.001151 -0.718887 0.695080
1776831315.64545 0.109714 0.451221 0.015501 -0.008028 0.001188 -0.718872 0.695095
1776831315.81211 0.109659 0.451128 0.015474 -0.008006 0.001210 -0.718858 0.695109
1776831315.97879 0.109581 0.451232 0.015567 -0.008000 0.001218 -0.718858 0.695110
1776831316.14545 0.109689 0.451259 0.015644 -0.008013 0.001247 -0.718876 0.695091
1776831316.31208 0.109713 0.451247 0.015630 -0.008022 0.001220 -0.718895 0.695071
1776831316.47875 0.109611 0.451407 0.015626 -0.008046 0.001194 -0.718884 0.695082
1776831316.64542 0.109630 0.451292 0.015502 -0.008061 0.001174 -0.718867 0.695100
1776831316.81214 0.109601 0.451264 0.015522 -0.008054 0.001138 -0.718853 0.695114
1776831316.97878 0.109640 0.451178 0.015454 -0.008070 0.001132 -0.718844 0.695123
1776831317.14546 0.109634 0.451171 0.015389 -0.008092 0.001091 -0.718854 0.695113
1776831317.31215 0.109639 0.451000 0.015268 -0.008084 0.001106 -0.718869 0.695097
1776831317.47881 0.109682 0.451097 0.015198 -0.008109 0.001084 -0.718877 0.695089
1776831317.64546 0.109725 0.450853 0.015083 -0.008127 0.001089 -0.718901 0.695064
1776831317.81212 0.109748 0.450893 0.015116 -0.008122 0.001064 -0.718917 0.695047
1776831317.97879 0.109707 0.450921 0.015231 -0.008088 0.001107 -0.718925 0.695039
1776831318.14548 0.109781 0.450817 0.015110 -0.008143 0.001087 -0.718938 0.695026
1776831318.31216 0.109788 0.450783 0.015041 -0.008154 0.001088 -0.718964 0.694998
1776831318.47881 0.109928 0.450713 0.014929 -0.008219 0.001066 -0.718969 0.694992
1776831318.64549 0.109961 0.450714 0.014785 -0.008242 0.001024 -0.718979 0.694982
1776831318.81220 0.109838 0.450901 0.014934 -0.008224 0.001028 -0.718968 0.694994
1776831318.97890 0.109789 0.450937 0.015020 -0.008194 0.001058 -0.718938 0.695025
1776831319.14555 0.109632 0.451094 0.015125 -0.008212 0.001055 -0.718881 0.695084
1776831319.31224 0.109687 0.451099 0.015129 -0.008208 0.001088 -0.718896 0.695069
1776831319.47888 0.109685 0.451136 0.015278 -0.008191 0.001127 -0.718890 0.695075
1776831319.64554 0.109565 0.451167 0.015225 -0.008269 0.001109 -0.718838 0.695127
1776831319.81220 0.109610 0.451121 0.015237 -0.008224 0.001152 -0.718849 0.695117
1776831319.97887 0.109511 0.451210 0.015330 -0.008198 0.001175 -0.718822 0.695145
1776831320.14556 0.109517 0.451222 0.015389 -0.008199 0.001221 -0.718818 0.695148
1776831320.31217 0.109379 0.451273 0.015560 -0.008121 0.001252 -0.718788 0.695181
1776831320.47884 0.109413 0.451231 0.015537 -0.008135 0.001223 -0.718798 0.695170
1776831320.64547 0.109510 0.451009 0.015405 -0.008160 0.001223 -0.718808 0.695160
1776831320.81215 0.109514 0.451013 0.015292 -0.008180 0.001189 -0.718798 0.695170
1776831320.97880 0.109414 0.450996 0.015307 -0.008148 0.001165 -0.718776 0.695193
1776831321.14552 0.109408 0.451016 0.015398 -0.008113 0.001198 -0.718762 0.695207
1776831321.31218 0.109402 0.451148 0.015399 -0.008183 0.001147 -0.718755 0.695215
1776831321.47883 0.109284 0.451313 0.015429 -0.008187 0.001110 -0.718735 0.695235
1776831321.64547 0.109286 0.451339 0.015500 -0.008177 0.001177 -0.718733 0.695237
1776831321.81208 0.109267 0.451314 0.015604 -0.008167 0.001217 -0.718733 0.695237
1776831321.97874 0.109284 0.451333 0.015628 -0.008144 0.001272 -0.718732 0.695238
1776831322.14541 0.109132 0.451412 0.015671 -0.008169 0.001241 -0.718696 0.695275
1776831322.31209 0.109161 0.451348 0.015614 -0.008173 0.001268 -0.718705 0.695266
1776831322.47872 0.109244 0.451313 0.015677 -0.008117 0.001349 -0.718713 0.695258
1776831322.64536 0.109316 0.451372 0.015688 -0.008134 0.001313 -0.718709 0.695262
1776831322.81204 0.109239 0.451415 0.015630 -0.008161 0.001298 -0.718697 0.695274
1776831322.97873 0.109158 0.451419 0.015687 -0.008183 0.001270 -0.718685 0.695286
1776831323.14542 0.109174 0.451257 0.015580 -0.008217 0.001259 -0.718708 0.695262
1776831323.31205 0.109209 0.451089 0.015402 -0.008267 0.001244 -0.718712 0.695258
1776831323.47868 0.109253 0.451117 0.015307 -0.008290 0.001251 -0.718704 0.695266
1776831323.64533 0.109308 0.451186 0.015302 -0.008299 0.001263 -0.718708 0.695262
1776831323.81197 0.109263 0.451215 0.015221 -0.008288 0.001192 -0.718711 0.695259
1776831323.97864 0.109204 0.451227 0.015216 -0.008299 0.001139 -0.718704 0.695266
1776831324.14535 0.109157 0.451267 0.015317 -0.008290 0.001172 -0.718686 0.695284
1776831324.31201 0.109197 0.451196 0.015332 -0.008325 0.001182 -0.718700 0.695269
1776831324.47862 0.109200 0.451001 0.015192 -0.008333 0.001180 -0.718682 0.695288
1776831324.64522 0.109221 0.451106 0.015314 -0.008297 0.001220 -0.718678 0.695293
1776831324.81184 0.109141 0.451119 0.015269 -0.008321 0.001201 -0.718673 0.695297
1776831324.97851 0.109036 0.451175 0.015350 -0.008329 0.001195 -0.718653 0.695318
1776831325.14519 0.108995 0.451362 0.015417 -0.008333 0.001220 -0.718650 0.695321
1776831325.31180 0.109051 0.451294 0.015362 -0.008371 0.001204 -0.718644 0.695327
1776831325.47840 0.109086 0.451259 0.015363 -0.008377 0.001249 -0.718657 0.695313
1776831325.64508 0.108962 0.451213 0.015334 -0.008367 0.001229 -0.718649 0.695321
1776831325.81176 0.109025 0.451188 0.015301 -0.008346 0.001250 -0.718646 0.695325
1776831325.97843 0.108941 0.451209 0.015233 -0.008357 0.001187 -0.718632 0.695340
1776831326.14513 0.108974 0.451146 0.015199 -0.008369 0.001191 -0.718645 0.695326
1776831326.31180 0.109014 0.451071 0.015168 -0.008390 0.001214 -0.718630 0.695341
1776831326.47842 0.108946 0.451189 0.015248 -0.008369 0.001225 -0.718611 0.695361
1776831326.64508 0.108944 0.451294 0.015247 -0.008392 0.001227 -0.718614 0.695357
1776831326.81169 0.108948 0.451311 0.015324 -0.008366 0.001222 -0.718619 0.695353
1776831326.97839 0.108946 0.451308 0.015380 -0.008375 0.001246 -0.718627 0.695344
1776831327.14504 0.108927 0.451276 0.015425 -0.008360 0.001309 -0.718611 0.695361
1776831327.31169 0.108877 0.451207 0.015426 -0.008366 0.001314 -0.718596 0.695376
1776831327.47833 0.108864 0.451148 0.015440 -0.008363 0.001315 -0.718586 0.695387
1776831327.64499 0.108881 0.451038 0.015428 -0.008384 0.001347 -0.718573 0.695399
1776831327.81160 0.108887 0.451100 0.015424 -0.008407 0.001291 -0.718569 0.695404
1776831327.97830 0.108852 0.451086 0.015372 -0.008396 0.001268 -0.718576 0.695396
1776831328.14498 0.108737 0.451171 0.015371 -0.008406 0.001293 -0.718556 0.695417
1776831328.31159 0.108635 0.451278 0.015513 -0.008392 0.001293 -0.718508 0.695467
1776831328.47822 0.108731 0.451160 0.015433 -0.008436 0.001308 -0.718535 0.695438
1776831328.64483 0.108708 0.451247 0.015407 -0.008434 0.001309 -0.718535 0.695438
1776831328.81149 0.108695 0.451206 0.015471 -0.008408 0.001306 -0.718517 0.695457
1776831328.97816 0.108645 0.451217 0.015511 -0.008431 0.001307 -0.718516 0.695458
1776831329.14481 0.108732 0.451022 0.015325 -0.008469 0.001252 -0.718553 0.695419
1776831329.31149 0.108794 0.451019 0.015436 -0.008392 0.001348 -0.718571 0.695402
1776831329.47812 0.108818 0.450987 0.015426 -0.008359 0.001376 -0.718575 0.695398
1776831329.64477 0.108811 0.451109 0.015440 -0.008392 0.001347 -0.718564 0.695409
1776831329.81138 0.108710 0.451185 0.015596 -0.008373 0.001366 -0.718530 0.695445
1776831329.97806 0.108635 0.451180 0.015588 -0.008383 0.001338 -0.718511 0.695464
1776831330.14475 0.108630 0.451177 0.015539 -0.008396 0.001343 -0.718492 0.695484
1776831330.31136 0.108566 0.451070 0.015453 -0.008430 0.001321 -0.718507 0.695468
1776831330.47799 0.108648 0.450990 0.015386 -0.008465 0.001340 -0.718506 0.695468
1776831330.64458 0.108635 0.450990 0.015489 -0.008417 0.001378 -0.718480 0.695496
1776831330.81126 0.108616 0.450933 0.015611 -0.008380 0.001383 -0.718484 0.695492
1776831330.97793 0.108685 0.450804 0.015477 -0.008431 0.001344 -0.718508 0.695466
1776831331.14459 0.108682 0.450875 0.015458 -0.008438 0.001319 -0.718515 0.695459
1776831331.31126 0.108696 0.450761 0.015288 -0.008476 0.001293 -0.718522 0.695452
1776831331.47791 0.108706 0.450626 0.015278 -0.008455 0.001330 -0.718520 0.695454
1776831331.64458 0.108673 0.450627 0.015236 -0.008474 0.001327 -0.718501 0.695473
1776831331.81123 0.108725 0.450655 0.015299 -0.008410 0.001385 -0.718534 0.695440
1776831331.97785 0.108760 0.450684 0.015429 -0.008404 0.001437 -0.718592 0.695380
1776831332.14455 0.108791 0.450637 0.015506 -0.008419 0.001446 -0.718573 0.695399
1776831332.31119 0.108739 0.450604 0.015367 -0.008451 0.001413 -0.718542 0.695431
1776831332.47786 0.108714 0.450628 0.015276 -0.008458 0.001364 -0.718540 0.695433
1776831332.64453 0.108711 0.450584 0.015240 -0.008481 0.001341 -0.718540 0.695432
1776831332.81120 0.108698 0.450550 0.015195 -0.008460 0.001347 -0.718515 0.695459
1776831332.97786 0.108782 0.450479 0.015087 -0.008506 0.001313 -0.718543 0.695429
1776831333.14456 0.108765 0.450519 0.015095 -0.008508 0.001289 -0.718570 0.695401
1776831333.31124 0.108841 0.450370 0.015049 -0.008501 0.001333 -0.718608 0.695362
1776831333.47789 0.108865 0.450359 0.015194 -0.008463 0.001353 -0.718600 0.695371
1776831333.64452 0.108905 0.450309 0.015150 -0.008438 0.001332 -0.718612 0.695359
1776831333.81116 0.108934 0.450244 0.015159 -0.008426 0.001314 -0.718643 0.695327
1776831333.97787 0.108848 0.450298 0.015298 -0.008382 0.001392 -0.718643 0.695327
1776831334.14452 0.108791 0.450297 0.015268 -0.008417 0.001411 -0.718624 0.695347
1776831334.31115 0.108772 0.450189 0.015244 -0.008439 0.001451 -0.718609 0.695362
1776831334.47777 0.108790 0.450202 0.015347 -0.008442 0.001482 -0.718603 0.695368
1776831334.64443 0.108867 0.450162 0.015145 -0.008484 0.001441 -0.718617 0.695353
1776831334.81107 0.108993 0.450003 0.015133 -0.008480 0.001486 -0.718671 0.695297
1776831334.97774 0.109069 0.449943 0.015067 -0.008515 0.001470 -0.718686 0.695281
1776831335.14442 0.109024 0.449969 0.015028 -0.008537 0.001467 -0.718651 0.695317
1776831335.31112 0.108946 0.450131 0.015155 -0.008516 0.001464 -0.718651 0.695317
1776831335.47774 0.108913 0.450094 0.015211 -0.008508 0.001508 -0.718617 0.695353
1776831335.64441 0.108827 0.450115 0.015211 -0.008504 0.001491 -0.718599 0.695371
1776831335.81108 0.108865 0.450026 0.015258 -0.008479 0.001550 -0.718626 0.695344
1776831335.97769 0.108819 0.450143 0.015290 -0.008520 0.001533 -0.718602 0.695368
1776831336.14432 0.108790 0.450132 0.015409 -0.008482 0.001559 -0.718587 0.695383
1776831336.31097 0.108843 0.450141 0.015464 -0.008489 0.001544 -0.718587 0.695383
1776831336.47768 0.108644 0.449997 0.014924 -0.008595 0.001587 -0.718503 0.695469
1776831336.64433 0.108772 0.449732 0.015039 -0.008572 0.001570 -0.718533 0.695438
1776831336.81094 0.108781 0.449850 0.015223 -0.008596 0.001578 -0.718512 0.695460
1776831336.97761 0.108747 0.450052 0.015412 -0.008572 0.001574 -0.718500 0.695473
1776831337.14429 0.108687 0.450230 0.015548 -0.008532 0.001590 -0.718506 0.695466
1776831337.31101 0.108619 0.450361 0.015634 -0.008562 0.001580 -0.718512 0.695460
1776831337.47765 0.108665 0.450320 0.015544 -0.008573 0.001578 -0.718507 0.695465
1776831337.64432 0.108729 0.450051 0.015477 -0.008512 0.001618 -0.718551 0.695420
1776831337.81102 0.108804 0.449885 0.015400 -0.008521 0.001605 -0.718579 0.695391
1776831337.97765 0.108816 0.449762 0.015368 -0.008498 0.001665 -0.718596 0.695374
1776831338.14427 0.108770 0.449814 0.015319 -0.008538 0.001623 -0.718578 0.695392
1776831338.31093 0.108798 0.449879 0.015339 -0.008557 0.001611 -0.718574 0.695396
1776831338.47755 0.108639 0.450083 0.015442 -0.008565 0.001577 -0.718497 0.695476
1776831338.64420 0.108543 0.450256 0.015520 -0.008584 0.001548 -0.718456 0.695518
1776831338.81088 0.108466 0.450225 0.015615 -0.008554 0.001569 -0.718437 0.695537
1776831338.97757 0.108407 0.450177 0.015554 -0.008558 0.001565 -0.718410 0.695565
1776831339.14419 0.108411 0.450181 0.015508 -0.008550 0.001552 -0.718395 0.695581
1776831339.31078 0.108332 0.450255 0.015521 -0.008543 0.001511 -0.718380 0.695596
1776831339.47744 0.108425 0.450053 0.015458 -0.008560 0.001489 -0.718416 0.695559
1776831339.64414 0.108470 0.449766 0.015392 -0.008544 0.001495 -0.718470 0.695504
1776831339.81079 0.108497 0.449588 0.015189 -0.008599 0.001456 -0.718488 0.695484
1776831339.97744 0.108638 0.449494 0.015090 -0.008647 0.001439 -0.718549 0.695421
1776831340.14406 0.108803 0.449416 0.014842 -0.008667 0.001397 -0.718620 0.695348
1776831340.31070 0.108929 0.449344 0.014919 -0.008596 0.001503 -0.718654 0.695313
1776831340.47737 0.108887 0.449445 0.015029 -0.008609 0.001502 -0.718626 0.695342
1776831340.64404 0.108779 0.449500 0.015228 -0.008544 0.001502 -0.718620 0.695349
1776831340.81072 0.108792 0.449551 0.015148 -0.008610 0.001473 -0.718622 0.695346
1776831340.97735 0.108787 0.449533 0.015156 -0.008565 0.001482 -0.718603 0.695366
1776831341.14398 0.108757 0.449528 0.015101 -0.008588 0.001434 -0.718596 0.695373
1776831341.31064 0.108773 0.449463 0.015032 -0.008622 0.001400 -0.718619 0.695349
1776831341.47730 0.108702 0.449614 0.015198 -0.008605 0.001424 -0.718601 0.695368
1776831341.64396 0.108702 0.449490 0.015165 -0.008607 0.001447 -0.718600 0.695369
1776831341.81060 0.108757 0.449333 0.015143 -0.008569 0.001523 -0.718612 0.695357
1776831341.97727 0.108717 0.449440 0.015119 -0.008566 0.001530 -0.718580 0.695390
1776831342.14394 0.108711 0.449578 0.015153 -0.008601 0.001534 -0.718580 0.695390
1776831342.31055 0.108655 0.449691 0.015200 -0.008606 0.001489 -0.718566 0.695404
1776831342.47723 0.108607 0.449695 0.015121 -0.008602 0.001473 -0.718549 0.695422
1776831342.64388 0.108556 0.449659 0.015086 -0.008653 0.001468 -0.718509 0.695462
1776831342.81053 0.108589 0.449525 0.015038 -0.008642 0.001471 -0.718515 0.695456
1776831342.97720 0.108622 0.449491 0.014906 -0.008718 0.001435 -0.718529 0.695441
1776831343.14384 0.108547 0.449553 0.014971 -0.008695 0.001434 -0.718512 0.695459
1776831343.31049 0.108514 0.449513 0.014986 -0.008666 0.001455 -0.718510 0.695461
1776831343.47716 0.108530 0.449448 0.014987 -0.008709 0.001479 -0.718520 0.695451
1776831343.64378 0.108534 0.449520 0.014994 -0.008740 0.001456 -0.718521 0.695449
1776831343.81042 0.108655 0.449480 0.014938 -0.008749 0.001491 -0.718538 0.695431
1776831343.97704 0.108629 0.449507 0.014889 -0.008731 0.001490 -0.718529 0.695441
1776831344.14372 0.108630 0.449447 0.014894 -0.008762 0.001509 -0.718505 0.695465
1776831344.31037 0.108608 0.449225 0.014775 -0.008722 0.001472 -0.718468 0.695503
1776831344.47706 0.108667 0.449002 0.014601 -0.008620 0.001393 -0.718506 0.695466
1776831344.64375 0.108530 0.449030 0.014675 -0.008561 0.001417 -0.718426 0.695550
1776831344.81041 0.108465 0.448945 0.014705 -0.008500 0.001287 -0.718465 0.695510
1776831344.97712 0.108369 0.449054 0.014779 -0.008483 0.001349 -0.718395 0.695583
1776831345.14371 0.108340 0.449010 0.014845 -0.008459 0.001437 -0.718381 0.695597
1776831345.31033 0.108297 0.449032 0.014938 -0.008453 0.001444 -0.718355 0.695624
1776831345.47693 0.108408 0.448787 0.014741 -0.008473 0.001508 -0.718370 0.695608
1776831345.64360 0.108316 0.448776 0.014811 -0.008463 0.001470 -0.718349 0.695630
1776831345.81026 0.108356 0.448699 0.014643 -0.008479 0.001309 -0.718420 0.695557
1776831345.97693 0.108325 0.448644 0.014734 -0.008440 0.001416 -0.718389 0.695589
1776831346.14356 0.108430 0.448642 0.014740 -0.008444 0.001499 -0.718391 0.695586
1776831346.31017 0.108356 0.448866 0.014923 -0.008430 0.001502 -0.718379 0.695599
1776831346.47685 0.108285 0.449044 0.014961 -0.008474 0.001502 -0.718353 0.695626
1776831346.64350 0.108310 0.448988 0.014744 -0.008496 0.001342 -0.718405 0.695572
1776831346.81017 0.108273 0.449054 0.014829 -0.008414 0.001288 -0.718450 0.695526
1776831346.97684 0.108401 0.448944 0.014671 -0.008453 0.001204 -0.718496 0.695479
1776831347.14350 0.108472 0.448857 0.014528 -0.008459 0.001139 -0.718532 0.695442
1776831347.31012 0.108550 0.448780 0.014483 -0.008444 0.001114 -0.718549 0.695424
1776831347.47678 0.108564 0.448849 0.014391 -0.008483 0.001047 -0.718573 0.695399
1776831347.64346 0.108601 0.448994 0.014427 -0.008440 0.001042 -0.718579 0.695393
1776831347.81015 0.108582 0.448996 0.014427 -0.008457 0.000993 -0.718594 0.695377
1776831347.97683 0.108576 0.448971 0.014274 -0.008492 0.000909 -0.718611 0.695360
1776831348.14349 0.108649 0.448932 0.014279 -0.008480 0.000940 -0.718634 0.695336
1776831348.31015 0.108685 0.448903 0.014324 -0.008455 0.000989 -0.718649 0.695321
1776831348.47682 0.108767 0.448855 0.014184 -0.008499 0.000928 -0.718670 0.695299
1776831348.64350 0.108746 0.448768 0.014258 -0.008481 0.000936 -0.718679 0.695290
1776831348.81018 0.108786 0.448747 0.014220 -0.008482 0.000907 -0.718686 0.695283
1776831348.97684 0.108779 0.448775 0.014210 -0.008472 0.000886 -0.718687 0.695282
1776831349.14349 0.108751 0.448804 0.014198 -0.008432 0.000897 -0.718678 0.695291
1776831349.31016 0.108778 0.448696 0.014096 -0.008448 0.000887 -0.718680 0.695289
1776831349.47680 0.108770 0.448742 0.014167 -0.008462 0.000895 -0.718661 0.695308
1776831349.64348 0.108712 0.448743 0.014164 -0.008484 0.000850 -0.718650 0.695319
1776831349.81015 0.108679 0.448828 0.014067 -0.008499 0.000814 -0.718651 0.695318
1776831349.97679 0.108599 0.448817 0.014052 -0.008512 0.000775 -0.718622 0.695349
1776831350.14349 0.108611 0.448704 0.014001 -0.008498 0.000798 -0.718621 0.695350
1776831350.31014 0.108643 0.448812 0.014065 -0.008489 0.000800 -0.718609 0.695362
1776831350.47681 0.108598 0.448837 0.014156 -0.008417 0.000817 -0.718624 0.695348
1776831350.64347 0.108512 0.449002 0.014215 -0.008448 0.000769 -0.718620 0.695351
1776831350.81015 0.108553 0.449009 0.014322 -0.008437 0.000799 -0.718611 0.695361
1776831350.97681 0.108585 0.449115 0.014305 -0.008448 0.000788 -0.718637 0.695334
1776831351.14347 0.108584 0.449102 0.014216 -0.008479 0.000755 -0.718636 0.695334
1776831351.31013 0.108525 0.449076 0.014311 -0.008441 0.000836 -0.718619 0.695352
1776831351.47680 0.108508 0.449127 0.014263 -0.008442 0.000797 -0.718623 0.695348
1776831351.64349 0.108551 0.448920 0.014107 -0.008447 0.000763 -0.718652 0.695319
1776831351.81014 0.108655 0.448843 0.014048 -0.008462 0.000754 -0.718675 0.695295
1776831351.97681 0.108652 0.448713 0.013977 -0.008458 0.000743 -0.718684 0.695285
1776831352.14346 0.108646 0.448600 0.014055 -0.008449 0.000876 -0.718655 0.695315
1776831352.31011 0.108536 0.448694 0.014164 -0.008462 0.000984 -0.718574 0.695399
1776831352.47677 0.108588 0.448637 0.014192 -0.008470 0.000969 -0.718610 0.695361
1776831352.64342 0.108545 0.448608 0.014251 -0.008499 0.001075 -0.718560 0.695412
1776831352.81010 0.108545 0.448557 0.014241 -0.008467 0.001038 -0.718604 0.695367
1776831352.97673 0.108654 0.448511 0.014103 -0.008513 0.000999 -0.718639 0.695330
1776831353.14340 0.108744 0.448377 0.013975 -0.008524 0.000956 -0.718673 0.695296
1776831353.31005 0.108766 0.448318 0.013903 -0.008530 0.000939 -0.718681 0.695287
1776831353.47671 0.108837 0.448291 0.013808 -0.008565 0.000918 -0.718702 0.695265
1776831353.64337 0.108809 0.448398 0.013790 -0.008611 0.000892 -0.718706 0.695260
1776831353.81002 0.108806 0.448345 0.013708 -0.008637 0.000845 -0.718721 0.695245
1776831353.97669 0.108840 0.448215 0.013669 -0.008635 0.000845 -0.718701 0.695265
1776831354.14337 0.108860 0.448338 0.013733 -0.008628 0.000821 -0.718704 0.695262
1776831354.31001 0.108844 0.448353 0.013682 -0.008624 0.000801 -0.718700 0.695266
1776831354.47671 0.108852 0.448343 0.013740 -0.008584 0.000838 -0.718712 0.695254
1776831354.64338 0.108849 0.448240 0.013672 -0.008584 0.000837 -0.718720 0.695247
1776831354.81002 0.108778 0.448384 0.013859 -0.008595 0.000998 -0.718644 0.695324
1776831354.97665 0.108691 0.448490 0.014006 -0.008617 0.001069 -0.718586 0.695383
1776831355.14333 0.108713 0.448344 0.013907 -0.008627 0.000969 -0.718618 0.695351
1776831355.30999 0.108706 0.448276 0.013867 -0.008652 0.001023 -0.718589 0.695380
1776831355.47663 0.108594 0.448409 0.013953 -0.008657 0.001029 -0.718540 0.695431
1776831355.64327 0.108611 0.448459 0.014012 -0.008718 0.001116 -0.718527 0.695444
1776831355.80992 0.108546 0.448566 0.014155 -0.008678 0.001169 -0.718516 0.695456
1776831355.97657 0.108493 0.448498 0.014155 -0.008704 0.001199 -0.718479 0.695493
1776831356.14320 0.108514 0.448549 0.014181 -0.008720 0.001245 -0.718470 0.695502
1776831356.30984 0.108626 0.448300 0.014132 -0.008687 0.001254 -0.718506 0.695465
1776831356.47652 0.108746 0.448050 0.013950 -0.008714 0.001260 -0.718540 0.695430
1776831356.64316 0.108704 0.448064 0.013917 -0.008745 0.001232 -0.718535 0.695434
1776831356.80982 0.108720 0.447873 0.013756 -0.008719 0.001234 -0.718550 0.695420
1776831356.97646 0.108742 0.447886 0.013752 -0.008739 0.001232 -0.718555 0.695414
1776831357.14309 0.108863 0.447743 0.013678 -0.008722 0.001285 -0.718558 0.695411
1776831357.30971 0.108861 0.447645 0.013585 -0.008745 0.001236 -0.718579 0.695389
1776831357.47637 0.108869 0.447619 0.013643 -0.008733 0.001266 -0.718596 0.695371
1776831357.64303 0.108939 0.447638 0.013632 -0.008754 0.001255 -0.718627 0.695339
1776831357.80965 0.108935 0.447566 0.013666 -0.008740 0.001325 -0.718622 0.695345
1776831357.97632 0.108908 0.447587 0.013644 -0.008754 0.001330 -0.718621 0.695346
1776831358.14300 0.109036 0.447461 0.013544 -0.008808 0.001376 -0.718674 0.695290
1776831358.30963 0.109055 0.447429 0.013404 -0.008836 0.001315 -0.718658 0.695307
1776831358.47625 0.109105 0.447480 0.013396 -0.008864 0.001267 -0.718674 0.695289
1776831358.64290 0.109174 0.447362 0.013390 -0.008841 0.001279 -0.718694 0.695269
1776831358.80958 0.109062 0.447277 0.013400 -0.008859 0.001284 -0.718666 0.695298
1776831358.97625 0.109101 0.447211 0.013373 -0.008827 0.001344 -0.718667 0.695297
1776831359.14286 0.109023 0.447228 0.013371 -0.008822 0.001343 -0.718647 0.695318
1776831359.30952 0.109101 0.447167 0.013386 -0.008811 0.001333 -0.718683 0.695280
1776831359.47617 0.109168 0.447080 0.013439 -0.008795 0.001339 -0.718704 0.695259
1776831359.64280 0.109233 0.447081 0.013437 -0.008832 0.001337 -0.718729 0.695233
1776831359.80946 0.109292 0.446928 0.013291 -0.008802 0.001360 -0.718745 0.695217
1776831359.97610 0.109223 0.447203 0.013384 -0.008807 0.001191 -0.718748 0.695214
1776831360.14275 0.109046 0.447278 0.013255 -0.008816 0.000996 -0.718740 0.695223
1776831360.30939 0.109000 0.447463 0.013255 -0.008816 0.000950 -0.718752 0.695210
1776831360.47602 0.109042 0.447425 0.013213 -0.008792 0.000930 -0.718760 0.695202
1776831360.64269 0.109078 0.447331 0.013133 -0.008792 0.000865 -0.718764 0.695198
1776831360.80934 0.109058 0.447388 0.013162 -0.008749 0.000807 -0.718776 0.695186
1776831360.97601 0.109027 0.447425 0.013140 -0.008737 0.000771 -0.718780 0.695182
1776831361.14266 0.109063 0.447432 0.013123 -0.008711 0.000762 -0.718783 0.695179
1776831361.30932 0.109069 0.447493 0.013078 -0.008740 0.000724 -0.718783 0.695180
1776831361.47596 0.109063 0.447435 0.013040 -0.008697 0.000725 -0.718775 0.695188
1776831361.64265 0.109022 0.447351 0.013081 -0.008687 0.000760 -0.718771 0.695193
1776831361.80926 0.109002 0.447431 0.013114 -0.008699 0.000762 -0.718785 0.695178
1776831361.97592 0.109034 0.447379 0.013046 -0.008727 0.000734 -0.718787 0.695175
1776831362.14257 0.109086 0.447330 0.013011 -0.008706 0.000753 -0.718816 0.695146
1776831362.30923 0.109117 0.447387 0.012909 -0.008801 0.000719 -0.718799 0.695161
1776831362.47587 0.109107 0.447436 0.012953 -0.008760 0.000718 -0.718805 0.695156
1776831362.64255 0.109161 0.447185 0.012885 -0.008768 0.000857 -0.718820 0.695140
1776831362.80924 0.109283 0.446921 0.012921 -0.008758 0.000979 -0.718859 0.695100
1776831362.97590 0.109397 0.446720 0.012967 -0.008787 0.001119 -0.718857 0.695102
1776831363.14258 0.109442 0.446658 0.012949 -0.008778 0.001113 -0.718880 0.695078
1776831363.30923 0.109493 0.446591 0.012746 -0.008853 0.001075 -0.718900 0.695057
1776831363.47585 0.109607 0.446407 0.012676 -0.008878 0.001067 -0.718940 0.695015
1776831363.64255 0.109603 0.446378 0.012689 -0.008888 0.001088 -0.718932 0.695023
1776831363.80925 0.109644 0.446285 0.012561 -0.008883 0.001054 -0.718940 0.695015
1776831363.97589 0.109715 0.446274 0.012474 -0.008929 0.001021 -0.718955 0.694998
1776831364.14257 0.109580 0.446529 0.012509 -0.008954 0.000934 -0.718939 0.695015
1776831364.30927 0.109428 0.446837 0.012612 -0.008928 0.000872 -0.718910 0.695046
1776831364.47585 0.109330 0.447145 0.012759 -0.008915 0.000831 -0.718885 0.695071
1776831364.64255 0.109471 0.446905 0.012703 -0.008932 0.000910 -0.718949 0.695005
1776831364.80923 0.109415 0.447022 0.012768 -0.008907 0.000843 -0.718928 0.695027
1776831364.97592 0.109573 0.446618 0.012466 -0.008931 0.000864 -0.718978 0.694975
1776831365.14260 0.109707 0.446434 0.012413 -0.008953 0.000956 -0.718999 0.694953
1776831365.30925 0.109795 0.446299 0.012436 -0.008945 0.001006 -0.719016 0.694936
1776831365.47591 0.109769 0.446430 0.012463 -0.008982 0.000994 -0.719024 0.694926
1776831365.64259 0.109746 0.446464 0.012398 -0.008996 0.000968 -0.719029 0.694921
1776831365.80928 0.109734 0.446366 0.012420 -0.008971 0.001006 -0.719032 0.694919
1776831365.97613 0.109764 0.446558 0.012496 -0.008996 0.001053 -0.718993 0.694958
1776831366.14281 0.109740 0.446570 0.012502 -0.008994 0.001030 -0.718982 0.694969
1776831366.30948 0.109777 0.446425 0.012468 -0.008997 0.001060 -0.718974 0.694978
1776831366.47618 0.109848 0.446356 0.012434 -0.009009 0.001082 -0.718984 0.694967
1776831366.64287 0.109787 0.446512 0.012526 -0.009001 0.001088 -0.718976 0.694976
1776831366.80954 0.109754 0.446514 0.012588 -0.008972 0.001109 -0.718954 0.694999
1776831366.97623 0.109604 0.446740 0.012656 -0.009022 0.001083 -0.718937 0.695016
1776831367.14289 0.109442 0.447175 0.012824 -0.009044 0.000969 -0.718883 0.695072
1776831367.30954 0.109377 0.447466 0.012968 -0.009047 0.000946 -0.718838 0.695118
1776831367.47621 0.109311 0.447739 0.012998 -0.009056 0.000855 -0.718801 0.695156
1776831367.64294 0.109248 0.447834 0.013008 -0.009069 0.000835 -0.718781 0.695176
1776831367.80964 0.109180 0.447786 0.012980 -0.009028 0.000805 -0.718760 0.695199
1776831367.97639 0.109163 0.447793 0.013028 -0.009002 0.000809 -0.718759 0.695201
1776831368.14306 0.109099 0.447855 0.013043 -0.009035 0.000782 -0.718754 0.695205
1776831368.30968 0.109431 0.447051 0.012590 -0.008969 0.000721 -0.718902 0.695053
1776831368.47639 0.109476 0.447190 0.012619 -0.009029 0.000783 -0.718889 0.695066
1776831368.64305 0.109332 0.447482 0.012766 -0.009026 0.000741 -0.718837 0.695120
1776831368.80972 0.109247 0.447547 0.012768 -0.009057 0.000695 -0.718805 0.695153
1776831368.97644 0.109189 0.447666 0.012859 -0.009037 0.000716 -0.718778 0.695181
1776831369.14315 0.109022 0.447903 0.012942 -0.009088 0.000658 -0.718760 0.695198
1776831369.30976 0.108995 0.447957 0.012905 -0.009120 0.000635 -0.718727 0.695232
1776831369.47643 0.108942 0.447967 0.012871 -0.009108 0.000643 -0.718707 0.695253
1776831369.64313 0.109000 0.447934 0.012891 -0.009124 0.000648 -0.718717 0.695243
1776831369.80982 0.108965 0.448040 0.012943 -0.009097 0.000650 -0.718720 0.695240
1776831369.97649 0.108926 0.448030 0.012966 -0.009086 0.000626 -0.718710 0.695251
1776831370.14319 0.108986 0.448089 0.012998 -0.009074 0.000703 -0.718737 0.695222
1776831370.30983 0.109014 0.448050 0.013031 -0.009045 0.000718 -0.718747 0.695213
1776831370.47649 0.109025 0.448016 0.013006 -0.009051 0.000709 -0.718741 0.695219
1776831370.64317 0.109044 0.447930 0.013026 -0.009067 0.000702 -0.718737 0.695223
1776831370.80985 0.108980 0.448040 0.013104 -0.009060 0.000689 -0.718736 0.695223
1776831370.97649 0.108994 0.448025 0.013021 -0.009093 0.000648 -0.718736 0.695223
1776831371.14313 0.109038 0.447967 0.012965 -0.009110 0.000640 -0.718737 0.695222
1776831371.30979 0.109057 0.447947 0.012902 -0.009103 0.000626 -0.718750 0.695209
1776831371.47645 0.109082 0.447790 0.012727 -0.009138 0.000597 -0.718745 0.695214
1776831371.64312 0.109136 0.447803 0.012733 -0.009123 0.000634 -0.718748 0.695211
1776831371.80980 0.109069 0.447894 0.012725 -0.009136 0.000574 -0.718752 0.695206
1776831371.97646 0.109017 0.447894 0.012822 -0.009113 0.000595 -0.718749 0.695209
1776831372.14315 0.109034 0.447953 0.012846 -0.009120 0.000615 -0.718747 0.695211
1776831372.30978 0.109054 0.448009 0.012832 -0.009143 0.000590 -0.718757 0.695201
1776831372.47648 0.109079 0.447900 0.012774 -0.009115 0.000590 -0.718753 0.695205
1776831372.64318 0.109068 0.447943 0.012850 -0.009084 0.000612 -0.718771 0.695187
1776831372.80987 0.109068 0.447984 0.012854 -0.009125 0.000620 -0.718770 0.695188
1776831372.97653 0.109013 0.448064 0.012887 -0.009167 0.000650 -0.718750 0.695208
1776831373.14317 0.109026 0.448164 0.012940 -0.009156 0.000640 -0.718753 0.695205
1776831373.30983 0.109057 0.448144 0.013035 -0.009101 0.000698 -0.718761 0.695197
1776831373.47650 0.109034 0.448205 0.013065 -0.009068 0.000695 -0.718760 0.695199
1776831373.64316 0.109030 0.448157 0.013024 -0.009110 0.000675 -0.718749 0.695210
1776831373.80981 0.109005 0.448176 0.013007 -0.009097 0.000661 -0.718739 0.695220
1776831373.97640 0.109147 0.447460 0.012726 -0.009096 0.000735 -0.718743 0.695216
1776831374.14308 0.109088 0.447515 0.012677 -0.009106 0.000658 -0.718748 0.695211
1776831374.30977 0.109090 0.447727 0.012725 -0.009123 0.000640 -0.718769 0.695188
1776831374.47641 0.109060 0.447781 0.012666 -0.009148 0.000591 -0.718785 0.695172
1776831374.64309 0.109112 0.447826 0.012670 -0.009177 0.000592 -0.718799 0.695157
1776831374.80973 0.109141 0.447907 0.012792 -0.009152 0.000648 -0.718825 0.695130
1776831374.97638 0.109125 0.447972 0.012841 -0.009171 0.000651 -0.718832 0.695123
1776831375.14305 0.109091 0.447885 0.012847 -0.009171 0.000656 -0.718829 0.695126
1776831375.30972 0.109145 0.447681 0.012721 -0.009184 0.000658 -0.718821 0.695134
1776831375.47642 0.109154 0.447752 0.012639 -0.009214 0.000604 -0.718829 0.695125
1776831375.64305 0.109175 0.447844 0.012697 -0.009226 0.000614 -0.718842 0.695112
1776831375.80974 0.109193 0.447753 0.012632 -0.009215 0.000600 -0.718833 0.695121
1776831375.97642 0.109212 0.447786 0.012716 -0.009177 0.000631 -0.718834 0.695120
1776831376.14307 0.109180 0.447784 0.012751 -0.009188 0.000624 -0.718819 0.695137
1776831376.30975 0.109142 0.447846 0.012737 -0.009200 0.000614 -0.718823 0.695132
1776831376.47637 0.109140 0.447970 0.012825 -0.009169 0.000629 -0.718828 0.695127
1776831376.64303 0.109022 0.448113 0.012990 -0.009132 0.000668 -0.718756 0.695202
1776831376.80968 0.108967 0.448141 0.013067 -0.009109 0.000667 -0.718767 0.695191
1776831376.97635 0.108930 0.448180 0.013028 -0.009126 0.000634 -0.718767 0.695190
1776831377.14299 0.108826 0.448207 0.013038 -0.009086 0.000665 -0.718699 0.695261
1776831377.30966 0.108732 0.448222 0.013134 -0.009047 0.000697 -0.718633 0.695331
1776831377.47634 0.108666 0.448308 0.013180 -0.009057 0.000706 -0.718600 0.695364
1776831377.64300 0.108592 0.448377 0.013394 -0.009025 0.000788 -0.718570 0.695395
1776831377.80968 0.108535 0.448434 0.013392 -0.009018 0.000765 -0.718540 0.695427
1776831377.97632 0.108448 0.448448 0.013476 -0.008997 0.000818 -0.718500 0.695468
1776831378.14300 0.108427 0.448342 0.013529 -0.008959 0.000864 -0.718477 0.695492
1776831378.30966 0.108418 0.448340 0.013458 -0.008952 0.000850 -0.718467 0.695503
1776831378.47632 0.108373 0.448354 0.013397 -0.008994 0.000827 -0.718456 0.695513
1776831378.64297 0.108341 0.448355 0.013475 -0.009003 0.000847 -0.718446 0.695524
1776831378.80965 0.108316 0.448438 0.013603 -0.008994 0.000893 -0.718437 0.695533
1776831378.97630 0.108336 0.448474 0.013622 -0.008984 0.000900 -0.718435 0.695535
1776831379.14298 0.108315 0.448526 0.013596 -0.009006 0.000883 -0.718424 0.695547
1776831379.30964 0.108231 0.448529 0.013667 -0.008993 0.000885 -0.718411 0.695560
1776831379.47630 0.108252 0.448538 0.013594 -0.008980 0.000901 -0.718394 0.695578
1776831379.64297 0.108172 0.448499 0.013665 -0.008924 0.000924 -0.718377 0.695596
1776831379.80961 0.108197 0.448490 0.013684 -0.008943 0.000961 -0.718372 0.695601
1776831379.97626 0.108180 0.448518 0.013653 -0.008976 0.000928 -0.718379 0.695593
1776831380.14293 0.108192 0.448579 0.013606 -0.009006 0.000916 -0.718412 0.695559
1776831380.30956 0.108226 0.448457 0.013513 -0.009036 0.000901 -0.718395 0.695576
1776831380.47622 0.108190 0.448412 0.013435 -0.009057 0.000849 -0.718394 0.695577
1776831380.64289 0.108253 0.448431 0.013543 -0.009013 0.000941 -0.718408 0.695563
1776831380.80958 0.108234 0.448373 0.013615 -0.008982 0.000940 -0.718388 0.695584
1776831380.97623 0.108299 0.448244 0.013607 -0.008977 0.000942 -0.718400 0.695572
1776831381.14291 0.108202 0.448408 0.013621 -0.008976 0.000892 -0.718390 0.695582
1776831381.30956 0.108141 0.448514 0.013707 -0.008992 0.000920 -0.718374 0.695598
1776831381.47621 0.108090 0.448446 0.013719 -0.008962 0.000920 -0.718353 0.695620
1776831381.64289 0.108110 0.448408 0.013826 -0.008947 0.000966 -0.718366 0.695608
1776831381.80955 0.108137 0.448374 0.013719 -0.008958 0.000972 -0.718374 0.695599
1776831381.97622 0.108154 0.448304 0.013684 -0.009019 0.000967 -0.718365 0.695607
1776831382.14289 0.108172 0.448337 0.013725 -0.008993 0.000985 -0.718369 0.695603
1776831382.30955 0.108173 0.448353 0.013709 -0.008987 0.000997 -0.718363 0.695610
1776831382.47622 0.108165 0.448411 0.013747 -0.008982 0.000968 -0.718371 0.695602
1776831382.64289 0.108199 0.448375 0.013729 -0.008999 0.000973 -0.718377 0.695595
1776831382.80955 0.108259 0.448418 0.013664 -0.009036 0.000942 -0.718393 0.695578
1776831382.97620 0.108275 0.448352 0.013554 -0.009073 0.000891 -0.718403 0.695567
1776831383.14285 0.108286 0.448411 0.013626 -0.009034 0.000944 -0.718420 0.695550
1776831383.30951 0.108271 0.448315 0.013555 -0.009041 0.000921 -0.718419 0.695552
1776831383.47619 0.108287 0.448360 0.013598 -0.009068 0.000900 -0.718425 0.695545
1776831383.64284 0.108273 0.448307 0.013565 -0.009061 0.000925 -0.718409 0.695561
1776831383.80951 0.108264 0.448373 0.013558 -0.009084 0.000896 -0.718409 0.695561
1776831383.97618 0.108259 0.448346 0.013550 -0.009049 0.000912 -0.718426 0.695544
1776831384.14285 0.108322 0.448286 0.013480 -0.009074 0.000882 -0.718424 0.695546
1776831384.30949 0.108335 0.448364 0.013529 -0.009105 0.000907 -0.718439 0.695530
1776831384.47614 0.108335 0.448198 0.013448 -0.009093 0.000906 -0.718435 0.695534
1776831384.64282 0.108322 0.448229 0.013536 -0.009060 0.000940 -0.718441 0.695528
1776831384.80948 0.108258 0.448372 0.013692 -0.009045 0.000966 -0.718432 0.695538
1776831384.97612 0.108222 0.448469 0.013690 -0.009083 0.000955 -0.718416 0.695554
1776831385.14277 0.108218 0.448472 0.013715 -0.009081 0.000964 -0.718383 0.695588
1776831385.30941 0.108181 0.448544 0.013767 -0.009065 0.000954 -0.718371 0.695601
1776831385.47608 0.108163 0.448512 0.013710 -0.009096 0.000909 -0.718358 0.695613
1776831385.64277 0.108130 0.448534 0.013715 -0.009087 0.000915 -0.718349 0.695623
1776831385.80941 0.108079 0.448616 0.013726 -0.009114 0.000900 -0.718354 0.695618
1776831385.97606 0.108038 0.448717 0.013740 -0.009156 0.000884 -0.718353 0.695618
1776831386.14273 0.108039 0.448736 0.013733 -0.009152 0.000899 -0.718335 0.695637
1776831386.30938 0.108060 0.448758 0.013800 -0.009155 0.000934 -0.718337 0.695635
1776831386.47605 0.108055 0.448761 0.013781 -0.009167 0.000951 -0.718326 0.695646
1776831386.64273 0.108042 0.448755 0.013788 -0.009188 0.000937 -0.718323 0.695649
1776831386.80938 0.108064 0.448713 0.013693 -0.009214 0.000939 -0.718317 0.695655
1776831386.97604 0.108062 0.448755 0.013734 -0.009182 0.000970 -0.718309 0.695663
1776831387.14271 0.108101 0.448628 0.013692 -0.009210 0.000944 -0.718317 0.695654
1776831387.30937 0.108096 0.448645 0.013671 -0.009186 0.000943 -0.718311 0.695661
1776831387.47604 0.108064 0.448693 0.013647 -0.009223 0.000892 -0.718311 0.695660
1776831387.64268 0.108021 0.448725 0.013667 -0.009179 0.000886 -0.718306 0.695666
1776831387.80935 0.108097 0.448797 0.013600 -0.009232 0.000849 -0.718327 0.695643
1776831387.97600 0.108039 0.448766 0.013577 -0.009248 0.000826 -0.718326 0.695644
1776831388.14269 0.108074 0.448676 0.013538 -0.009219 0.000879 -0.718329 0.695642
1776831388.30931 0.108106 0.448571 0.013508 -0.009228 0.000880 -0.718320 0.695651
1776831388.47599 0.108094 0.448681 0.013615 -0.009209 0.000906 -0.718321 0.695650
1776831388.64267 0.108134 0.448768 0.013656 -0.009216 0.000918 -0.718313 0.695658
1776831388.80930 0.108106 0.448738 0.013585 -0.009206 0.000912 -0.718310 0.695661
1776831388.97595 0.108020 0.448685 0.013629 -0.009189 0.000905 -0.718292 0.695680
1776831389.14263 0.108020 0.448637 0.013661 -0.009152 0.000970 -0.718300 0.695672
1776831389.30928 0.108026 0.448631 0.013586 -0.009197 0.000936 -0.718292 0.695680
1776831389.47596 0.108025 0.448597 0.013558 -0.009187 0.000944 -0.718288 0.695685
1776831389.64257 0.108014 0.448558 0.013577 -0.009216 0.000912 -0.718282 0.695691
1776831389.80922 0.107972 0.448650 0.013578 -0.009236 0.000912 -0.718259 0.695714
1776831389.97591 0.107979 0.448678 0.013506 -0.009257 0.000888 -0.718266 0.695706
1776831390.14257 0.108373 0.448925 0.013497 -0.009322 0.000911 -0.718286 0.695685
1776831390.30921 0.109012 0.449208 0.013731 -0.009358 0.000979 -0.718325 0.695644
1776831390.47579 0.107925 0.448750 0.013671 -0.009263 0.000905 -0.718249 0.695724
1776831390.64262 0.107900 0.448798 0.013641 -0.009283 0.000913 -0.718242 0.695731
1776831390.80929 0.107886 0.448801 0.013493 -0.009333 0.000875 -0.718235 0.695737
1776831390.97594 0.107860 0.448917 0.013560 -0.009321 0.000855 -0.718238 0.695735
1776831391.14261 0.107891 0.448991 0.013439 -0.009336 0.000822 -0.718244 0.695728
1776831391.30928 0.108368 0.449405 0.013399 -0.009385 0.000836 -0.718269 0.695702
1776831391.47596 0.108985 0.449909 0.013624 -0.009373 0.000900 -0.718284 0.695686
1776831391.64261 0.109612 0.450058 0.013873 -0.009371 0.000942 -0.718340 0.695629
1776831391.80927 0.109967 0.450220 0.014242 -0.009387 0.000937 -0.718367 0.695601
1776831391.97596 0.110257 0.450175 0.014356 -0.009320 0.000947 -0.718402 0.695565
1776831392.14267 0.110584 0.450072 0.014654 -0.009306 0.001013 -0.718443 0.695523
1776831392.30936 0.110792 0.450146 0.014755 -0.009251 0.001005 -0.718474 0.695492
1776831392.47606 0.110979 0.449955 0.014928 -0.009201 0.001010 -0.718500 0.695465
1776831392.64274 0.110995 0.449994 0.014968 -0.009176 0.000996 -0.718527 0.695437
1776831392.80943 0.111257 0.449988 0.015002 -0.009130 0.001029 -0.718555 0.695409
1776831392.97612 0.111565 0.449941 0.015316 -0.009054 0.001116 -0.718604 0.695360
1776831393.14279 0.111546 0.449774 0.015747 -0.008989 0.001121 -0.718584 0.695381
1776831393.30945 0.111837 0.449584 0.015897 -0.008928 0.001136 -0.718601 0.695365
1776831393.47611 0.111834 0.449351 0.015855 -0.008873 0.001124 -0.718590 0.695376
1776831393.64279 0.111589 0.449241 0.015926 -0.008780 0.001153 -0.718577 0.695391
1776831393.80946 0.111464 0.448937 0.015966 -0.008720 0.001181 -0.718552 0.695417
1776831393.97613 0.111211 0.448655 0.016119 -0.008715 0.001173 -0.718531 0.695440
1776831394.14281 0.111091 0.448695 0.016118 -0.008731 0.001168 -0.718504 0.695467
1776831394.30947 0.110820 0.448623 0.016024 -0.008721 0.001161 -0.718476 0.695496
1776831394.47615 0.110545 0.448476 0.015967 -0.008721 0.001138 -0.718453 0.695520
1776831394.64284 0.110456 0.448576 0.015825 -0.008770 0.001096 -0.718435 0.695537
1776831394.80950 0.110389 0.448590 0.015851 -0.008780 0.001105 -0.718398 0.695576
1776831394.97617 0.110306 0.448659 0.015837 -0.008753 0.001143 -0.718363 0.695613
1776831395.14287 0.109985 0.448682 0.015884 -0.008766 0.001098 -0.718359 0.695617
1776831395.30953 0.109798 0.448374 0.015953 -0.008765 0.001098 -0.718350 0.695626
1776831395.47619 0.109621 0.448286 0.015779 -0.008801 0.001094 -0.718310 0.695667
1776831395.64287 0.109421 0.448183 0.015597 -0.008815 0.001081 -0.718275 0.695702
1776831395.80954 0.109275 0.448117 0.015617 -0.008821 0.001061 -0.718267 0.695711
1776831395.97621 0.109069 0.448036 0.015537 -0.008814 0.001060 -0.718222 0.695757
1776831396.14288 0.109023 0.448084 0.015325 -0.008845 0.001042 -0.718225 0.695754
1776831396.30952 0.109096 0.448038 0.015528 -0.008848 0.001008 -0.718203 0.695776
1776831396.47619 0.109015 0.447900 0.015457 -0.008864 0.000997 -0.718179 0.695802
1776831396.64287 0.108958 0.448075 0.015485 -0.008856 0.000985 -0.718169 0.695812
1776831396.80954 0.108487 0.447928 0.015522 -0.008833 0.000969 -0.718121 0.695861
1776831396.97621 0.108249 0.447976 0.015423 -0.008838 0.000950 -0.718110 0.695873
1776831397.14288 0.108046 0.447970 0.015256 -0.008892 0.000945 -0.718071 0.695912
1776831397.30956 0.107248 0.448665 0.013642 -0.009148 0.000793 -0.717950 0.696034
1776831397.47605 0.107155 0.449161 0.013739 -0.009175 0.000797 -0.717926 0.696058
1776831397.64285 0.107150 0.449197 0.013845 -0.009193 0.000811 -0.717931 0.696053
1776831397.80955 0.107111 0.449260 0.013972 -0.009127 0.000841 -0.717941 0.696044
1776831397.97623 0.107154 0.449310 0.014046 -0.009155 0.000848 -0.717945 0.696040
1776831398.14290 0.107094 0.449335 0.014091 -0.009164 0.000887 -0.717932 0.696053
1776831398.30957 0.107115 0.449293 0.014063 -0.009185 0.000896 -0.717899 0.696086
1776831398.47624 0.107048 0.449139 0.014030 -0.009153 0.000884 -0.717900 0.696085
1776831398.64291 0.107098 0.449082 0.014043 -0.009169 0.000933 -0.717894 0.696092
1776831398.80956 0.107095 0.449149 0.013958 -0.009227 0.000868 -0.717900 0.696084
1776831398.97619 0.107148 0.448980 0.013902 -0.009166 0.000907 -0.717911 0.696073
1776831399.14287 0.107150 0.448969 0.013798 -0.009143 0.000910 -0.717901 0.696084
1776831399.30953 0.107127 0.448995 0.013784 -0.009123 0.000873 -0.717908 0.696077
1776831399.47621 0.107173 0.448953 0.013779 -0.009164 0.000839 -0.717934 0.696050
1776831399.64286 0.107130 0.449044 0.014011 -0.009102 0.000858 -0.717936 0.696049
1776831399.80953 0.107113 0.448921 0.013976 -0.009100 0.000853 -0.717932 0.696053
1776831399.97619 0.107089 0.448843 0.013859 -0.009100 0.000817 -0.717913 0.696073
1776831400.14286 0.107078 0.448764 0.013821 -0.009127 0.000820 -0.717919 0.696066
1776831400.30950 0.107129 0.448729 0.013735 -0.009183 0.000819 -0.717912 0.696073
1776831400.47616 0.107121 0.448771 0.013724 -0.009193 0.000805 -0.717923 0.696062
1776831400.64284 0.107204 0.448686 0.013703 -0.009199 0.000821 -0.717939 0.696044
1776831400.80951 0.107106 0.448784 0.013833 -0.009162 0.000831 -0.717919 0.696065
1776831400.97620 0.107056 0.448906 0.013882 -0.009202 0.000818 -0.717901 0.696084
1776831401.14287 0.107101 0.448926 0.013900 -0.009192 0.000835 -0.717921 0.696064
1776831401.30949 0.107120 0.448845 0.013890 -0.009194 0.000822 -0.717928 0.696056
1776831401.47614 0.107076 0.448933 0.013885 -0.009218 0.000776 -0.717940 0.696043
1776831401.64280 0.107089 0.448844 0.013782 -0.009241 0.000787 -0.717926 0.696057
1776831401.80948 0.107122 0.448803 0.013770 -0.009259 0.000790 -0.717923 0.696060
1776831401.97613 0.107037 0.448897 0.013777 -0.009241 0.000796 -0.717921 0.696062
1776831402.14280 0.107062 0.448946 0.013683 -0.009297 0.000806 -0.717916 0.696067
1776831402.30943 0.107054 0.449005 0.013777 -0.009258 0.000840 -0.717908 0.696076
1776831402.47609 0.107026 0.448896 0.013860 -0.009203 0.000846 -0.717899 0.696086
1776831402.64277 0.107072 0.448808 0.013800 -0.009169 0.000853 -0.717904 0.696081
1776831402.80943 0.107027 0.448817 0.013833 -0.009179 0.000830 -0.717905 0.696081
1776831402.97609 0.107011 0.448809 0.013821 -0.009180 0.000778 -0.717904 0.696081
1776831403.14276 0.106959 0.448924 0.013898 -0.009184 0.000803 -0.717889 0.696096
1776831403.30940 0.106970 0.448937 0.013848 -0.009177 0.000809 -0.717910 0.696075
1776831403.47607 0.107002 0.448910 0.013828 -0.009186 0.000808 -0.717919 0.696066
1776831403.64273 0.106949 0.448934 0.013880 -0.009183 0.000776 -0.717916 0.696069
1776831403.80939 0.106929 0.448966 0.013952 -0.009178 0.000863 -0.717877 0.696109
1776831403.97606 0.107152 0.449009 0.013896 -0.009244 0.000812 -0.717868 0.696118
1776831404.14273 0.107556 0.449153 0.014002 -0.009266 0.000859 -0.717866 0.696119
1776831404.30940 0.107762 0.449306 0.014125 -0.009276 0.000847 -0.717893 0.696091
1776831404.47605 0.107831 0.449127 0.014396 -0.009183 0.000847 -0.717922 0.696063
1776831404.64273 0.107536 0.448710 0.014559 -0.009124 0.000820 -0.717935 0.696050
1776831404.80940 0.107363 0.448398 0.014861 -0.009086 0.000813 -0.717934 0.696051
1776831404.97603 0.106962 0.448642 0.013603 -0.009206 0.000716 -0.717883 0.696102
1776831405.14267 0.107110 0.449013 0.013377 -0.009254 0.000692 -0.717884 0.696101
1776831405.30932 0.107388 0.449389 0.013526 -0.009243 0.000704 -0.717897 0.696088
1776831405.47597 0.107639 0.449378 0.013834 -0.009194 0.000747 -0.717921 0.696063
1776831405.64263 0.107689 0.449079 0.014442 -0.009066 0.000817 -0.717941 0.696044
1776831405.80930 0.107492 0.448747 0.014931 -0.009007 0.000841 -0.717943 0.696043
1776831405.97597 0.107528 0.448477 0.015363 -0.008917 0.000898 -0.717956 0.696031
1776831406.14265 0.107600 0.448274 0.015734 -0.008834 0.000916 -0.717960 0.696027
1776831406.30930 0.107506 0.448094 0.015970 -0.008788 0.000917 -0.717971 0.696017
1776831406.47596 0.107461 0.448132 0.015873 -0.008806 0.000879 -0.717974 0.696014
1776831406.64262 0.107477 0.448130 0.015930 -0.008811 0.000905 -0.717984 0.696003
1776831406.80930 0.107587 0.448196 0.015706 -0.008859 0.000876 -0.717993 0.695993
1776831406.97597 0.106825 0.448912 0.013895 -0.009112 0.000730 -0.717877 0.696110
1776831407.14258 0.106953 0.449451 0.013635 -0.009187 0.000752 -0.717859 0.696128
1776831407.30915 0.106757 0.449174 0.013902 -0.009124 0.000810 -0.717853 0.696134
1776831407.47586 0.106890 0.449370 0.013815 -0.009194 0.000767 -0.717832 0.696155
1776831407.64258 0.107298 0.449509 0.014143 -0.009183 0.000816 -0.717830 0.696158
1776831407.80928 0.107506 0.449565 0.014518 -0.009150 0.000833 -0.717853 0.696134
1776831407.97598 0.107701 0.449508 0.015122 -0.009090 0.000905 -0.717868 0.696119
1776831408.14266 0.107643 0.449511 0.015397 -0.009026 0.000907 -0.717881 0.696107
1776831408.30932 0.107776 0.449722 0.015719 -0.009022 0.000912 -0.717887 0.696101
1776831408.47598 0.107943 0.449775 0.015971 -0.008975 0.000936 -0.717880 0.696108
1776831408.64265 0.108022 0.449554 0.016302 -0.008897 0.000996 -0.717888 0.696101
1776831408.80932 0.107894 0.449451 0.016207 -0.008851 0.000987 -0.717908 0.696081
1776831408.97599 0.107910 0.449425 0.016246 -0.008789 0.000997 -0.717912 0.696078
1776831409.14266 0.108021 0.449253 0.016365 -0.008763 0.001013 -0.717921 0.696069
1776831409.30932 0.106489 0.449138 0.014445 -0.008970 0.000858 -0.717750 0.696243
1776831409.47591 0.106467 0.449211 0.014261 -0.009088 0.000854 -0.717735 0.696257
1776831409.64257 0.106606 0.449028 0.014047 -0.009146 0.000835 -0.717766 0.696223
1776831409.80923 0.106619 0.448936 0.013995 -0.009140 0.000825 -0.717781 0.696208
1776831409.97588 0.106658 0.448845 0.013945 -0.009178 0.000814 -0.717777 0.696213
1776831410.14253 0.106701 0.448845 0.013794 -0.009213 0.000750 -0.717775 0.696214
1776831410.30918 0.106690 0.449016 0.013870 -0.009223 0.000761 -0.717793 0.696195
1776831410.47582 0.106668 0.449022 0.013936 -0.009238 0.000801 -0.717781 0.696208
1776831410.64250 0.106626 0.449096 0.013991 -0.009244 0.000794 -0.717776 0.696212
1776831410.80916 0.106647 0.449176 0.013763 -0.009325 0.000716 -0.717770 0.696218
1776831410.97582 0.106887 0.449402 0.013707 -0.009333 0.000751 -0.717782 0.696205
1776831411.14250 0.107346 0.449563 0.013798 -0.009389 0.000730 -0.717812 0.696174
1776831411.30911 0.106737 0.448933 0.013705 -0.009312 0.000726 -0.717804 0.696183
1776831411.47581 0.106776 0.448969 0.013613 -0.009331 0.000722 -0.717813 0.696173
1776831411.64248 0.106806 0.448906 0.013639 -0.009342 0.000757 -0.717812 0.696174
1776831411.80913 0.106796 0.448884 0.013674 -0.009363 0.000783 -0.717819 0.696166
1776831411.97580 0.106993 0.449053 0.013751 -0.009388 0.000791 -0.717840 0.696145
1776831412.14243 0.106812 0.448893 0.013599 -0.009367 0.000736 -0.717827 0.696158
1776831412.30908 0.106866 0.448771 0.013341 -0.009405 0.000698 -0.717834 0.696151
1776831412.47573 0.107070 0.449026 0.013254 -0.009425 0.000733 -0.717845 0.696139
1776831412.64239 0.107296 0.449389 0.013369 -0.009453 0.000715 -0.717858 0.696125
1776831412.80904 0.107542 0.449393 0.013503 -0.009391 0.000763 -0.717886 0.696097
1776831412.97570 0.107513 0.449267 0.013990 -0.009295 0.000795 -0.717916 0.696068
1776831413.14237 0.107525 0.448823 0.014327 -0.009257 0.000857 -0.717929 0.696054
1776831413.30904 0.107535 0.448575 0.014618 -0.009213 0.000887 -0.717941 0.696042
1776831413.47570 0.107500 0.448316 0.014855 -0.009151 0.000898 -0.717944 0.696040
1776831413.64237 0.107434 0.448256 0.014727 -0.009136 0.000846 -0.717952 0.696033
1776831413.80903 0.107232 0.447972 0.014898 -0.009050 0.000864 -0.717956 0.696029
1776831413.97570 0.107354 0.447884 0.015060 -0.009007 0.000898 -0.717973 0.696013
1776831414.14237 0.107446 0.447887 0.015146 -0.008989 0.000889 -0.717987 0.695997
1776831414.30903 0.107462 0.447860 0.015173 -0.008962 0.000882 -0.717987 0.695999
1776831414.47568 0.107448 0.447807 0.015183 -0.008920 0.000897 -0.718006 0.695979
1776831414.64234 0.107529 0.447668 0.015463 -0.008872 0.000949 -0.718018 0.695967
1776831414.80902 0.107934 0.447699 0.015602 -0.008849 0.000971 -0.718051 0.695933
1776831414.97568 0.108155 0.447528 0.015809 -0.008792 0.001018 -0.718089 0.695895
1776831415.14235 0.108073 0.447386 0.015652 -0.008824 0.000973 -0.718094 0.695889
1776831415.30901 0.108276 0.447531 0.015710 -0.008873 0.000939 -0.718113 0.695870
1776831415.47568 0.108398 0.447678 0.015578 -0.008888 0.000912 -0.718132 0.695849
1776831415.64235 0.108437 0.447773 0.015554 -0.008935 0.000916 -0.718143 0.695837
1776831415.80903 0.109767 0.448822 0.015182 -0.008952 0.000913 -0.718276 0.695700
1776831415.97571 0.110704 0.449309 0.015434 -0.008949 0.000934 -0.718373 0.695599
1776831416.14238 0.111411 0.449788 0.015438 -0.008975 0.000932 -0.718451 0.695519
1776831416.30905 0.112060 0.450135 0.015526 -0.008974 0.000945 -0.718526 0.695442
1776831416.47572 0.112688 0.450374 0.015595 -0.008951 0.000970 -0.718592 0.695374
1776831416.64241 0.113210 0.450521 0.015837 -0.008914 0.000995 -0.718661 0.695303
1776831416.80907 0.113223 0.450361 0.016076 -0.008836 0.001020 -0.718685 0.695279
1776831416.97575 0.113653 0.450361 0.016297 -0.008794 0.001099 -0.718737 0.695226
1776831417.14242 0.113889 0.450479 0.016528 -0.008729 0.001138 -0.718766 0.695196
1776831417.30909 0.113961 0.450453 0.016826 -0.008680 0.001172 -0.718800 0.695162
1776831417.47576 0.114233 0.450506 0.016928 -0.008685 0.001165 -0.718850 0.695110
1776831417.64246 0.114461 0.450556 0.016805 -0.008717 0.001154 -0.718865 0.695094
1776831417.80914 0.114651 0.450465 0.016721 -0.008740 0.001121 -0.718889 0.695069
1776831417.97582 0.114565 0.450318 0.016625 -0.008758 0.001108 -0.718890 0.695068
1776831418.14250 0.114734 0.450540 0.016350 -0.008809 0.001078 -0.718933 0.695023
1776831418.30920 0.115081 0.450710 0.016429 -0.008840 0.001100 -0.718949 0.695006
1776831418.47587 0.115233 0.450911 0.016415 -0.008843 0.001074 -0.718935 0.695020
1776831418.64254 0.115198 0.451002 0.016230 -0.008912 0.001027 -0.718930 0.695025
1776831418.80920 0.115295 0.451128 0.016120 -0.008910 0.001035 -0.718940 0.695014
1776831418.97588 0.115449 0.451209 0.016151 -0.008910 0.001058 -0.718964 0.694989
1776831419.14256 0.115590 0.451295 0.016362 -0.008900 0.001077 -0.718978 0.694975
1776831419.30921 0.115498 0.451063 0.016581 -0.008894 0.001094 -0.718956 0.694998
1776831419.47587 0.115458 0.451166 0.016569 -0.008887 0.001110 -0.718955 0.694999
1776831419.64254 0.115431 0.451151 0.016328 -0.008967 0.001060 -0.718951 0.695002
1776831419.80921 0.115573 0.451387 0.016134 -0.008948 0.001075 -0.718950 0.695004
1776831419.97588 0.115528 0.451399 0.016150 -0.008952 0.001048 -0.718961 0.694992
1776831420.14257 0.115722 0.451701 0.016245 -0.008930 0.001065 -0.718970 0.694983
1776831420.30921 0.115834 0.451712 0.016332 -0.008944 0.001053 -0.718970 0.694983
1776831420.47590 0.115631 0.451679 0.016420 -0.008911 0.001042 -0.718964 0.694990
1776831420.64257 0.115613 0.451365 0.016396 -0.008938 0.001060 -0.718949 0.695005
1776831420.80924 0.115736 0.451407 0.016333 -0.008968 0.001051 -0.718944 0.695010
1776831420.97591 0.115486 0.451518 0.016322 -0.008934 0.001043 -0.718942 0.695012
1776831421.14258 0.115539 0.451510 0.016538 -0.008889 0.001089 -0.718945 0.695009
1776831421.30924 0.115545 0.451558 0.016521 -0.008932 0.001034 -0.718958 0.694996
1776831421.47592 0.115587 0.451708 0.016453 -0.008961 0.001020 -0.718960 0.694992
1776831421.64259 0.115630 0.451796 0.016225 -0.008970 0.001012 -0.718965 0.694988
1776831421.80927 0.115582 0.451876 0.016246 -0.008956 0.001009 -0.718977 0.694975
1776831421.97594 0.115653 0.451715 0.016409 -0.008906 0.001041 -0.718986 0.694966
1776831422.14259 0.112809 0.452763 0.016654 -0.008805 0.000848 -0.718617 0.695350
1776831422.30918 0.112379 0.452058 0.016854 -0.008712 0.000917 -0.718573 0.695397
1776831422.47588 0.112766 0.451614 0.016979 -0.008692 0.001005 -0.718588 0.695381
1776831422.64255 0.113175 0.451521 0.016983 -0.008716 0.000977 -0.718635 0.695332
1776831422.80923 0.112853 0.450886 0.017314 -0.008642 0.000967 -0.718626 0.695342
1776831422.97586 0.113178 0.450782 0.017029 -0.008706 0.000966 -0.718664 0.695302
1776831423.14253 0.113550 0.450863 0.016754 -0.008760 0.000973 -0.718724 0.695240
1776831423.30920 0.113839 0.450815 0.016706 -0.008782 0.000969 -0.718749 0.695214
1776831423.47589 0.113370 0.450444 0.017127 -0.008700 0.000984 -0.718731 0.695233
1776831423.64255 0.113188 0.450426 0.017263 -0.008649 0.000972 -0.718720 0.695245
1776831423.80924 0.112526 0.450569 0.017349 -0.008604 0.000902 -0.718667 0.695301
1776831423.97591 0.112573 0.451392 0.017202 -0.008647 0.000870 -0.718649 0.695319
1776831424.14261 0.111612 0.451631 0.017032 -0.008618 0.000787 -0.718544 0.695427
1776831424.30928 0.111899 0.452005 0.016919 -0.008682 0.000833 -0.718525 0.695446
1776831424.47593 0.110768 0.452326 0.017418 -0.008578 0.000768 -0.718398 0.695579
1776831424.64250 0.110649 0.451503 0.017772 -0.008507 0.000897 -0.718339 0.695641
1776831424.80928 0.110466 0.450596 0.018160 -0.008412 0.000993 -0.718313 0.695668
1776831424.97594 0.111143 0.450705 0.017740 -0.008472 0.000981 -0.718364 0.695615
1776831425.14262 0.111796 0.450621 0.017407 -0.008476 0.001008 -0.718423 0.695554
1776831425.30930 0.112132 0.450617 0.017091 -0.008524 0.001013 -0.718461 0.695514
1776831425.47598 0.112268 0.450480 0.016997 -0.008547 0.000980 -0.718514 0.695459
1776831425.64266 0.112479 0.450477 0.016775 -0.008596 0.000989 -0.718558 0.695413
1776831425.80934 0.112751 0.450592 0.016583 -0.008640 0.000966 -0.718612 0.695357
1776831425.97601 0.113109 0.450717 0.016249 -0.008746 0.000916 -0.718649 0.695318
1776831426.14269 0.113489 0.450932 0.016230 -0.008807 0.000909 -0.718683 0.695281
1776831426.30936 0.113788 0.451218 0.016360 -0.008796 0.000946 -0.718721 0.695242
1776831426.47603 0.114125 0.451401 0.016620 -0.008775 0.000967 -0.718757 0.695205
1776831426.64271 0.114703 0.451569 0.016680 -0.008839 0.000950 -0.718803 0.695157
1776831426.80938 0.114876 0.451835 0.016635 -0.008849 0.000947 -0.718832 0.695127
1776831426.97605 0.114941 0.451822 0.016658 -0.008877 0.000949 -0.718835 0.695124
1776831427.14273 0.115225 0.452106 0.016690 -0.008864 0.000988 -0.718840 0.695118
1776831427.30938 0.114971 0.452058 0.016928 -0.008834 0.001012 -0.718833 0.695126
1776831427.47604 0.115289 0.452404 0.017100 -0.008849 0.001001 -0.718857 0.695101
1776831427.64272 0.115431 0.452290 0.017166 -0.008819 0.001052 -0.718871 0.695086
1776831427.80939 0.115497 0.452196 0.017185 -0.008800 0.001061 -0.718885 0.695073
1776831427.97606 0.115692 0.452322 0.017261 -0.008799 0.001062 -0.718901 0.695056
1776831428.14273 0.115553 0.452199 0.017366 -0.008811 0.001063 -0.718882 0.695076
1776831428.30939 0.115323 0.451997 0.017168 -0.008801 0.001031 -0.718878 0.695080
1776831428.47606 0.115344 0.451999 0.017242 -0.008775 0.001060 -0.718886 0.695072
1776831428.64274 0.115435 0.452224 0.016941 -0.008855 0.001007 -0.718891 0.695065
1776831428.80941 0.115860 0.452342 0.017057 -0.008862 0.001072 -0.718917 0.695038
1776831428.97607 0.115733 0.452305 0.017027 -0.008851 0.001094 -0.718904 0.695052
1776831429.14274 0.116067 0.452587 0.017184 -0.008859 0.001124 -0.718919 0.695036
1776831429.30942 0.116054 0.452698 0.017006 -0.008919 0.001061 -0.718916 0.695039
1776831429.47608 0.115859 0.452558 0.017071 -0.008904 0.001081 -0.718904 0.695051
1776831429.64275 0.115942 0.452357 0.016916 -0.008923 0.001084 -0.718903 0.695052
1776831429.80941 0.116012 0.452511 0.016876 -0.008939 0.001097 -0.718913 0.695042
1776831429.97608 0.116161 0.452579 0.017186 -0.008900 0.001110 -0.718921 0.695034
1776831430.14276 0.116206 0.452647 0.017001 -0.008918 0.001096 -0.718928 0.695027
1776831430.30942 0.116008 0.452518 0.016826 -0.008916 0.001061 -0.718903 0.695053
1776831430.47609 0.116099 0.452577 0.016766 -0.008904 0.001040 -0.718911 0.695044
1776831430.64277 0.116055 0.452522 0.016714 -0.008879 0.001023 -0.718908 0.695048
1776831430.80944 0.116153 0.452619 0.016829 -0.008849 0.001014 -0.718924 0.695031
1776831430.97610 0.116038 0.452570 0.016871 -0.008885 0.000975 -0.718909 0.695047
1776831431.14277 0.115984 0.452486 0.016773 -0.008927 0.000955 -0.718907 0.695048
1776831431.30944 0.115692 0.452222 0.016516 -0.008964 0.000889 -0.718891 0.695065
1776831431.47612 0.115603 0.452426 0.016411 -0.009012 0.000884 -0.718876 0.695080
1776831431.64280 0.115573 0.452491 0.016428 -0.009008 0.000901 -0.718888 0.695067
1776831431.80947 0.115798 0.452749 0.016354 -0.009000 0.000881 -0.718902 0.695053
1776831431.97615 0.115879 0.452810 0.016631 -0.008999 0.000921 -0.718902 0.695053
1776831432.14282 0.115900 0.452783 0.016633 -0.009018 0.000884 -0.718911 0.695043
1776831432.30948 0.116108 0.452982 0.016454 -0.009024 0.000842 -0.718926 0.695028
1776831432.47616 0.116318 0.453064 0.016921 -0.008984 0.000892 -0.718937 0.695017
1776831432.64282 0.116131 0.452941 0.016951 -0.008943 0.000916 -0.718917 0.695038
1776831432.80948 0.116177 0.452964 0.017209 -0.008911 0.000924 -0.718929 0.695025
1776831432.97615 0.116111 0.452808 0.017131 -0.008882 0.000941 -0.718910 0.695046
1776831433.14282 0.115833 0.452840 0.017159 -0.008838 0.000909 -0.718889 0.695068
1776831433.30948 0.116014 0.452848 0.017092 -0.008872 0.000883 -0.718899 0.695058
1776831433.47615 0.116024 0.452752 0.017112 -0.008831 0.000900 -0.718898 0.695059
1776831433.64282 0.115882 0.452780 0.016937 -0.008875 0.000847 -0.718882 0.695075
1776831433.80949 0.115723 0.452812 0.016806 -0.008897 0.000812 -0.718881 0.695076
1776831433.97616 0.115998 0.453085 0.016990 -0.008923 0.000822 -0.718904 0.695052
1776831434.14283 0.116221 0.453531 0.016733 -0.008977 0.000781 -0.718912 0.695043
1776831434.30948 0.116173 0.453763 0.016618 -0.008993 0.000729 -0.718896 0.695059
1776831434.47615 0.116204 0.453834 0.016622 -0.008952 0.000741 -0.718889 0.695067
1776831434.64282 0.116142 0.453720 0.016794 -0.008919 0.000789 -0.718874 0.695082
1776831434.80951 0.116107 0.453698 0.017015 -0.008888 0.000817 -0.718875 0.695082
1776831434.97617 0.116001 0.453706 0.017228 -0.008877 0.000845 -0.718859 0.695098
1776831435.14284 0.115881 0.453428 0.017579 -0.008821 0.000889 -0.718849 0.695110
1776831435.30951 0.115800 0.453340 0.017725 -0.008781 0.000902 -0.718858 0.695101
1776831435.47618 0.115963 0.453322 0.017832 -0.008777 0.000948 -0.718873 0.695086
1776831435.64286 0.115979 0.453373 0.017920 -0.008757 0.000947 -0.718848 0.695112
1776831435.80953 0.116120 0.453594 0.017706 -0.008792 0.000929 -0.718846 0.695113
1776831435.97619 0.116158 0.453721 0.017447 -0.008853 0.000909 -0.718839 0.695120
1776831436.14288 0.116380 0.453858 0.017311 -0.008849 0.000888 -0.718866 0.695092
1776831436.30953 0.116516 0.453763 0.017470 -0.008847 0.000917 -0.718887 0.695070
1776831436.47620 0.116303 0.453564 0.017604 -0.008803 0.000946 -0.718887 0.695071
1776831436.64286 0.116327 0.453479 0.017651 -0.008807 0.000965 -0.718884 0.695074
1776831436.80953 0.116292 0.453508 0.017781 -0.008787 0.000989 -0.718874 0.695084
1776831436.97621 0.116238 0.453536 0.017511 -0.008833 0.000951 -0.718860 0.695098
1776831437.14288 0.116221 0.453654 0.017550 -0.008831 0.000995 -0.718859 0.695099
1776831437.30954 0.116499 0.453771 0.017635 -0.008865 0.000992 -0.718876 0.695081
1776831437.47621 0.116465 0.453770 0.017716 -0.008903 0.000987 -0.718872 0.695084
1776831437.64288 0.116405 0.453659 0.017650 -0.008886 0.001011 -0.718866 0.695091
1776831437.80954 0.116368 0.453631 0.017533 -0.008887 0.000967 -0.718875 0.695082
1776831437.97620 0.116481 0.453580 0.017680 -0.008880 0.000963 -0.718892 0.695064
1776831438.14287 0.116606 0.453765 0.017811 -0.008897 0.000931 -0.718912 0.695044
1776831438.30954 0.117005 0.453864 0.017679 -0.008916 0.000937 -0.718939 0.695015
1776831438.47620 0.116743 0.453763 0.017986 -0.008880 0.000923 -0.718940 0.695015
1776831438.64287 0.116808 0.453819 0.017999 -0.008840 0.000955 -0.718949 0.695006
1776831438.80954 0.116897 0.453802 0.018214 -0.008843 0.000997 -0.718943 0.695012
1776831438.97619 0.116981 0.453950 0.018027 -0.008876 0.000997 -0.718944 0.695011
1776831439.14286 0.117134 0.454077 0.018089 -0.008881 0.001020 -0.718956 0.694998
1776831439.30952 0.116897 0.453958 0.018213 -0.008829 0.001058 -0.718920 0.695036
1776831439.47619 0.116860 0.454156 0.018000 -0.008857 0.001003 -0.718915 0.695041
1776831439.64286 0.116712 0.453964 0.017985 -0.008863 0.000972 -0.718907 0.695049
1776831439.80954 0.116615 0.453916 0.017716 -0.008896 0.000920 -0.718899 0.695057
1776831439.97621 0.116765 0.454076 0.017706 -0.008918 0.000924 -0.718908 0.695047
1776831440.14286 0.116457 0.453863 0.017554 -0.008945 0.000899 -0.718897 0.695059
1776831440.30954 0.116361 0.453838 0.017416 -0.008952 0.000876 -0.718881 0.695075
1776831440.47619 0.116366 0.453814 0.017200 -0.008981 0.000889 -0.718888 0.695067
1776831440.64287 0.116537 0.453831 0.017468 -0.008992 0.000930 -0.718899 0.695056
1776831440.80955 0.116712 0.454067 0.017474 -0.009001 0.000906 -0.718914 0.695040
1776831440.97621 0.116933 0.453924 0.017591 -0.008997 0.000939 -0.718941 0.695012
1776831441.14288 0.116863 0.453809 0.017628 -0.008938 0.000967 -0.718931 0.695023
1776831441.30956 0.116592 0.453637 0.017478 -0.008913 0.000960 -0.718932 0.695023
1776831441.47621 0.116637 0.453657 0.017584 -0.008894 0.000966 -0.718929 0.695026
1776831441.64279 0.116910 0.453741 0.017693 -0.008876 0.000931 -0.718968 0.694986
1776831441.80946 0.116874 0.453607 0.017756 -0.008806 0.000974 -0.718978 0.694976
1776831441.97613 0.116784 0.453519 0.017761 -0.008798 0.000952 -0.718964 0.694991
1776831442.14280 0.116966 0.453577 0.017704 -0.008833 0.000944 -0.718973 0.694981
1776831442.30946 0.117099 0.453749 0.017419 -0.008842 0.000922 -0.718974 0.694980
1776831442.47613 0.116973 0.453862 0.017569 -0.008887 0.000869 -0.718972 0.694982
1776831442.64280 0.117033 0.454042 0.017653 -0.008892 0.000885 -0.718971 0.694983
1776831442.80947 0.117049 0.454043 0.017530 -0.008905 0.000884 -0.718973 0.694981
1776831442.97613 0.117170 0.454220 0.017520 -0.008903 0.000881 -0.718976 0.694977
1776831443.14281 0.117135 0.454250 0.017767 -0.008849 0.000951 -0.718958 0.694997
1776831443.30947 0.116846 0.453993 0.017937 -0.008792 0.000967 -0.718939 0.695017
1776831443.47614 0.116891 0.453831 0.018282 -0.008727 0.001024 -0.718945 0.695011
1776831443.64281 0.116950 0.453677 0.018294 -0.008730 0.001034 -0.718965 0.694991
1776831443.80948 0.116760 0.453778 0.018122 -0.008761 0.000991 -0.718961 0.694995
1776831443.97616 0.116803 0.453842 0.017981 -0.008770 0.000986 -0.718962 0.694993
1776831444.14283 0.116822 0.453706 0.017930 -0.008767 0.000989 -0.718964 0.694991
1776831444.30950 0.116954 0.453730 0.017769 -0.008813 0.000971 -0.718960 0.694995
1776831444.47617 0.116841 0.453851 0.017541 -0.008865 0.000943 -0.718954 0.695000
1776831444.64285 0.116656 0.453739 0.017465 -0.008856 0.000930 -0.718932 0.695023
1776831444.80953 0.116434 0.453625 0.017059 -0.008891 0.000860 -0.718912 0.695044
1776831444.97619 0.116448 0.453690 0.016965 -0.008912 0.000829 -0.718918 0.695037
1776831445.14287 0.116329 0.453776 0.017006 -0.008880 0.000834 -0.718930 0.695026
1776831445.30953 0.116364 0.453640 0.017206 -0.008872 0.000888 -0.718936 0.695019
1776831445.47621 0.116294 0.453497 0.017365 -0.008844 0.000914 -0.718916 0.695040
1776831445.64288 0.116090 0.453588 0.017211 -0.008887 0.000884 -0.718893 0.695063
1776831445.80954 0.116333 0.453841 0.017175 -0.008911 0.000885 -0.718911 0.695044
1776831445.97621 0.116357 0.453834 0.017242 -0.008909 0.000899 -0.718913 0.695042
1776831446.14289 0.116577 0.453912 0.017297 -0.008917 0.000906 -0.718920 0.695036
1776831446.30955 0.116626 0.453947 0.017143 -0.008947 0.000899 -0.718929 0.695026
1776831446.47621 0.116643 0.453936 0.017091 -0.008959 0.000880 -0.718923 0.695031
1776831446.64288 0.116616 0.454088 0.017028 -0.008953 0.000888 -0.718908 0.695047
1776831446.80954 0.116432 0.454044 0.017078 -0.008949 0.000867 -0.718885 0.695070
1776831446.97621 0.116335 0.454025 0.017110 -0.008919 0.000868 -0.718879 0.695078
1776831447.14288 0.116364 0.454071 0.017259 -0.008920 0.000860 -0.718878 0.695078
1776831447.30954 0.116372 0.454050 0.017378 -0.008862 0.000901 -0.718874 0.695083
1776831447.47620 0.116487 0.454150 0.017683 -0.008805 0.000978 -0.718878 0.695080
1776831447.64288 0.116329 0.453838 0.017768 -0.008773 0.001022 -0.718865 0.695094
1776831447.80954 0.116132 0.453893 0.017805 -0.008762 0.001003 -0.718841 0.695119
1776831447.97620 0.115705 0.453856 0.017711 -0.008781 0.000951 -0.718807 0.695154
1776831448.14287 0.115692 0.453991 0.017766 -0.008805 0.000924 -0.718783 0.695178
1776831448.30957 0.115712 0.454121 0.017366 -0.008860 0.000895 -0.718767 0.695194
1776831448.47623 0.115377 0.454140 0.017162 -0.008845 0.000862 -0.718731 0.695232
1776831448.64290 0.115311 0.454345 0.016981 -0.008898 0.000821 -0.718718 0.695245
1776831448.80956 0.115222 0.454164 0.017120 -0.008907 0.000828 -0.718704 0.695259
1776831448.97624 0.115321 0.454341 0.017022 -0.008913 0.000811 -0.718694 0.695269
1776831449.14291 0.115334 0.454473 0.016922 -0.008916 0.000822 -0.718691 0.695272
1776831449.30955 0.115484 0.454632 0.017008 -0.008910 0.000867 -0.718684 0.695279
1776831449.47622 0.115431 0.454550 0.017037 -0.008907 0.000869 -0.718668 0.695296
1776831449.64290 0.115505 0.454806 0.017170 -0.008937 0.000868 -0.718646 0.695318
1776831449.80955 0.115695 0.455106 0.017195 -0.008955 0.000860 -0.718645 0.695319
1776831449.97622 0.115654 0.455077 0.017221 -0.008957 0.000856 -0.718621 0.695344
1776831450.14289 0.115571 0.455302 0.017269 -0.008976 0.000838 -0.718605 0.695360
1776831450.30956 0.115622 0.455409 0.017311 -0.008979 0.000854 -0.718596 0.695369
1776831450.47623 0.115336 0.455269 0.017202 -0.008956 0.000847 -0.718582 0.695384
1776831450.64290 0.115407 0.455214 0.017369 -0.008921 0.000877 -0.718579 0.695388
1776831450.80957 0.115251 0.455099 0.017144 -0.008946 0.000848 -0.718569 0.695398
1776831450.97625 0.115680 0.455317 0.017330 -0.009009 0.000866 -0.718602 0.695363
1776831451.14293 0.115668 0.455326 0.017183 -0.008998 0.000855 -0.718607 0.695357
1776831451.30961 0.115573 0.455310 0.017377 -0.008930 0.000837 -0.718600 0.695366
1776831451.47628 0.115541 0.455284 0.017480 -0.008903 0.000811 -0.718606 0.695360
1776831451.64295 0.115608 0.455376 0.017402 -0.008921 0.000769 -0.718626 0.695339
1776831451.80962 0.115659 0.455517 0.017312 -0.008942 0.000740 -0.718650 0.695314
1776831451.97628 0.115913 0.455615 0.017486 -0.008929 0.000754 -0.718661 0.695303
1776831452.14296 0.115986 0.455578 0.017489 -0.008892 0.000775 -0.718644 0.695321
1776831452.30963 0.115871 0.455596 0.017645 -0.008884 0.000721 -0.718645 0.695320
1776831452.47630 0.115891 0.455781 0.017689 -0.008918 0.000713 -0.718651 0.695314
1776831452.64297 0.116099 0.456000 0.017740 -0.008905 0.000758 -0.718649 0.695316
1776831452.80964 0.116212 0.456174 0.017929 -0.008896 0.000803 -0.718652 0.695312
1776831452.97631 0.116601 0.456365 0.017896 -0.008929 0.000831 -0.718657 0.695307
1776831453.14297 0.116662 0.456399 0.017910 -0.008931 0.000823 -0.718660 0.695303
1776831453.30964 0.116777 0.456526 0.018100 -0.008930 0.000811 -0.718668 0.695296
1776831453.47630 0.116996 0.456843 0.018190 -0.008971 0.000810 -0.718685 0.695278
1776831453.64297 0.116796 0.456600 0.018203 -0.008952 0.000793 -0.718691 0.695272
1776831453.80964 0.116885 0.456748 0.018395 -0.008955 0.000803 -0.718708 0.695254
1776831453.97631 0.117000 0.456724 0.018336 -0.008927 0.000841 -0.718723 0.695239
1776831454.14300 0.117160 0.456558 0.018094 -0.008920 0.000878 -0.718733 0.695229
1776831454.30964 0.117288 0.456617 0.018050 -0.008917 0.000896 -0.718743 0.695219
1776831454.47632 0.117241 0.456705 0.017896 -0.008939 0.000808 -0.718754 0.695206
1776831454.64298 0.117217 0.456574 0.017760 -0.008953 0.000748 -0.718768 0.695192
1776831454.80964 0.117316 0.456605 0.017614 -0.008986 0.000725 -0.718780 0.695179
1776831454.97631 0.117105 0.456673 0.017643 -0.008969 0.000712 -0.718789 0.695170
1776831455.14296 0.117085 0.456394 0.017770 -0.008932 0.000719 -0.718804 0.695155
1776831455.30962 0.117256 0.456383 0.017660 -0.008949 0.000686 -0.718811 0.695147
1776831455.47629 0.116868 0.456279 0.017573 -0.008925 0.000676 -0.718797 0.695162
1776831455.64296 0.116792 0.456233 0.017582 -0.008893 0.000677 -0.718785 0.695175
1776831455.80962 0.116781 0.456336 0.017651 -0.008894 0.000649 -0.718786 0.695174
1776831455.97627 0.116595 0.456225 0.017690 -0.008839 0.000694 -0.718762 0.695200
1776831456.14295 0.116434 0.456021 0.017872 -0.008808 0.000732 -0.718747 0.695216
1776831456.30962 0.116350 0.455937 0.018050 -0.008776 0.000751 -0.718725 0.695239
1776831456.47628 0.116034 0.456017 0.017873 -0.008802 0.000693 -0.718686 0.695278
1776831456.64293 0.115988 0.456163 0.017852 -0.008809 0.000645 -0.718675 0.695290
1776831456.80961 0.115863 0.456135 0.017887 -0.008765 0.000655 -0.718644 0.695322
1776831456.97629 0.115710 0.456212 0.017768 -0.008775 0.000610 -0.718622 0.695345
1776831457.14295 0.115615 0.456173 0.017607 -0.008778 0.000566 -0.718617 0.695351
1776831457.30959 0.116361 0.456024 0.018537 -0.008616 0.000707 -0.718722 0.695244
1776831457.47627 0.116111 0.455744 0.018650 -0.008577 0.000700 -0.718723 0.695243
1776831457.64293 0.116136 0.455651 0.018583 -0.008572 0.000689 -0.718719 0.695248
1776831457.80961 0.116059 0.455537 0.018505 -0.008565 0.000678 -0.718729 0.695237
1776831457.97628 0.115979 0.455565 0.018364 -0.008597 0.000588 -0.718726 0.695240
1776831458.14294 0.115947 0.455535 0.018316 -0.008592 0.000604 -0.718716 0.695251
1776831458.30961 0.115841 0.455558 0.018312 -0.008584 0.000639 -0.718709 0.695257
1776831458.47625 0.115840 0.455555 0.018296 -0.008609 0.000629 -0.718727 0.695238
1776831458.64294 0.115736 0.455517 0.018073 -0.008645 0.000591 -0.718714 0.695251
1776831458.80964 0.115777 0.455501 0.017995 -0.008662 0.000620 -0.718699 0.695268
1776831458.97630 0.115807 0.455514 0.017954 -0.008656 0.000582 -0.718708 0.695258
1776831459.14298 0.115603 0.455418 0.017955 -0.008654 0.000583 -0.718684 0.695283
1776831459.30964 0.115645 0.455412 0.018044 -0.008660 0.000556 -0.718702 0.695264
1776831459.47630 0.115559 0.455415 0.017992 -0.008623 0.000554 -0.718700 0.695266
1776831459.64297 0.115453 0.455267 0.018094 -0.008606 0.000532 -0.718688 0.695280
1776831459.80962 0.115204 0.455251 0.017941 -0.008615 0.000553 -0.718657 0.695311
1776831459.97629 0.115247 0.455335 0.017892 -0.008589 0.000542 -0.718666 0.695303
1776831460.14297 0.115197 0.455286 0.017867 -0.008579 0.000518 -0.718669 0.695299
1776831460.30963 0.115054 0.455220 0.017821 -0.008577 0.000486 -0.718652 0.695317
1776831460.47630 0.114980 0.455187 0.017679 -0.008581 0.000451 -0.718667 0.695301
1776831460.64297 0.114681 0.455109 0.017614 -0.008582 0.000400 -0.718669 0.695299
1776831460.80964 0.114657 0.455013 0.017485 -0.008613 0.000356 -0.718667 0.695301
1776831460.97631 0.114797 0.455102 0.017443 -0.008620 0.000349 -0.718666 0.695302
1776831461.14299 0.114767 0.454952 0.017391 -0.008625 0.000363 -0.718658 0.695310
1776831461.30965 0.114689 0.455157 0.017231 -0.008652 0.000321 -0.718657 0.695311
1776831461.47628 0.114626 0.455140 0.017402 -0.008599 0.000357 -0.718631 0.695339
1776831461.64293 0.114707 0.455346 0.017255 -0.008636 0.000346 -0.718619 0.695350
1776831461.80960 0.114684 0.455528 0.017244 -0.008667 0.000307 -0.718596 0.695374
1776831461.97627 0.114599 0.455439 0.017375 -0.008661 0.000310 -0.718568 0.695403
1776831462.14294 0.114533 0.455446 0.017301 -0.008638 0.000311 -0.718564 0.695407
1776831462.30977 0.114673 0.457142 0.018391 -0.008504 0.000302 -0.718584 0.695388
1776831462.47637 0.113429 0.457969 0.018030 -0.008514 0.000144 -0.718444 0.695533
1776831462.64292 0.112109 0.457695 0.017820 -0.008490 0.000181 -0.718276 0.695707
1776831462.80984 0.111223 0.457191 0.017726 -0.008462 0.000261 -0.718120 0.695868
1776831462.97652 0.109744 0.457518 0.017360 -0.008458 0.000145 -0.717945 0.696048
1776831463.14316 0.108169 0.457609 0.017078 -0.008452 0.000062 -0.717748 0.696252
1776831463.30971 0.107518 0.457092 0.017275 -0.008423 0.000178 -0.717602 0.696402
1776831463.47659 0.107212 0.456455 0.017261 -0.008440 0.000225 -0.717526 0.696481
1776831463.64342 0.107429 0.455160 0.017151 -0.008426 0.000292 -0.717530 0.696477
1776831463.81020 0.108893 0.454149 0.018005 -0.008344 0.000506 -0.717684 0.696319
1776831463.97691 0.109980 0.452886 0.018170 -0.008321 0.000633 -0.717847 0.696151
1776831464.14361 0.110938 0.452676 0.018277 -0.008331 0.000630 -0.717997 0.695996
1776831464.31024 0.112218 0.452558 0.018344 -0.008352 0.000663 -0.718169 0.695818
1776831464.47691 0.113251 0.452637 0.018483 -0.008303 0.000699 -0.718338 0.695645
1776831464.64371 0.113958 0.453290 0.018282 -0.008420 0.000562 -0.718478 0.695498
1776831464.81046 0.113975 0.454113 0.017530 -0.008529 0.000378 -0.718499 0.695476
1776831464.97709 0.114082 0.454282 0.017567 -0.008523 0.000444 -0.718516 0.695458
1776831465.14383 0.114437 0.454223 0.017567 -0.008572 0.000499 -0.718544 0.695428
1776831465.31054 0.114610 0.454373 0.017504 -0.008591 0.000482 -0.718561 0.695411
1776831465.47719 0.114722 0.454354 0.017477 -0.008593 0.000498 -0.718581 0.695390
1776831465.64386 0.114841 0.454544 0.017417 -0.008602 0.000461 -0.718582 0.695389
1776831465.81054 0.114945 0.454657 0.017668 -0.008569 0.000442 -0.718589 0.695382
1776831465.97714 0.115746 0.454268 0.018166 -0.008572 0.000555 -0.718654 0.695315
1776831466.14384 0.116117 0.454483 0.018189 -0.008568 0.000573 -0.718708 0.695259
1776831466.31046 0.116622 0.454434 0.018107 -0.008547 0.000593 -0.718760 0.695205
1776831466.47710 0.117638 0.453968 0.018202 -0.008545 0.000666 -0.718892 0.695068
1776831466.64372 0.118136 0.454463 0.018241 -0.008550 0.000570 -0.718984 0.694974
1776831466.81038 0.118181 0.454483 0.018215 -0.008532 0.000585 -0.719002 0.694955
1776831466.97706 0.118010 0.454844 0.018152 -0.008530 0.000561 -0.719006 0.694951
1776831467.14373 0.118006 0.454948 0.018190 -0.008529 0.000598 -0.719008 0.694950
1776831467.31033 0.117003 0.456072 0.017777 -0.008596 0.000329 -0.718925 0.695034
1776831467.47688 0.116206 0.456687 0.017426 -0.008625 0.000277 -0.718799 0.695164
1776831467.64360 0.115638 0.456976 0.017440 -0.008623 0.000293 -0.718678 0.695289
1776831467.81038 0.115175 0.456615 0.017473 -0.008607 0.000328 -0.718607 0.695363
1776831467.97715 0.115149 0.456262 0.017586 -0.008578 0.000350 -0.718585 0.695386
1776831468.14385 0.115097 0.455890 0.017536 -0.008585 0.000342 -0.718583 0.695388
1776831468.31053 0.115076 0.455850 0.017469 -0.008585 0.000342 -0.718579 0.695392
1776831468.47719 0.115057 0.455534 0.017594 -0.008576 0.000386 -0.718574 0.695398
1776831468.64384 0.114842 0.455206 0.017354 -0.008584 0.000318 -0.718566 0.695405
1776831468.81049 0.114844 0.455092 0.017112 -0.008626 0.000307 -0.718574 0.695397
1776831468.97718 0.114785 0.455304 0.017144 -0.008610 0.000328 -0.718576 0.695395
1776831469.14385 0.114787 0.455291 0.016990 -0.008649 0.000300 -0.718591 0.695379
1776831469.31050 0.114887 0.455373 0.016884 -0.008664 0.000291 -0.718598 0.695372
1776831469.47718 0.115150 0.455745 0.016627 -0.008760 0.000230 -0.718609 0.695360
1776831469.64384 0.115204 0.455775 0.016730 -0.008767 0.000234 -0.718619 0.695349
1776831469.81052 0.115186 0.455883 0.016537 -0.008797 0.000194 -0.718615 0.695352
1776831469.97717 0.115185 0.455947 0.016479 -0.008790 0.000180 -0.718613 0.695354
1776831470.14385 0.115269 0.455968 0.016601 -0.008769 0.000188 -0.718604 0.695364
1776831470.31052 0.115517 0.456037 0.016501 -0.008777 0.000164 -0.718617 0.695351
1776831470.47719 0.115409 0.455934 0.016725 -0.008744 0.000178 -0.718612 0.695356
1776831470.64384 0.115445 0.455992 0.016752 -0.008736 0.000172 -0.718628 0.695340
1776831470.81049 0.115732 0.456012 0.016864 -0.008676 0.000236 -0.718647 0.695321
1776831470.97718 0.115625 0.455896 0.016970 -0.008635 0.000237 -0.718662 0.695306
1776831471.14385 0.115655 0.455996 0.017017 -0.008610 0.000227 -0.718675 0.695293
1776831471.31053 0.115929 0.455939 0.017211 -0.008577 0.000265 -0.718695 0.695273
1776831471.47720 0.115986 0.455853 0.017177 -0.008589 0.000251 -0.718707 0.695260
1776831471.64387 0.115973 0.455649 0.017268 -0.008548 0.000265 -0.718705 0.695263
1776831471.81053 0.115907 0.455467 0.017359 -0.008506 0.000298 -0.718701 0.695267
1776831471.97718 0.115876 0.455192 0.017331 -0.008498 0.000286 -0.718708 0.695260
1776831472.14386 0.115927 0.455190 0.017272 -0.008501 0.000268 -0.718730 0.695237
1776831472.31051 0.115963 0.455315 0.017222 -0.008494 0.000280 -0.718751 0.695215
1776831472.47719 0.116032 0.455247 0.017225 -0.008508 0.000283 -0.718761 0.695205
1776831472.64386 0.116024 0.455271 0.017335 -0.008481 0.000275 -0.718780 0.695186
1776831472.81053 0.116245 0.455362 0.017108 -0.008553 0.000212 -0.718795 0.695169
1776831472.97719 0.116249 0.455331 0.017037 -0.008540 0.000198 -0.718810 0.695154
1776831473.14385 0.116184 0.455409 0.017036 -0.008532 0.000201 -0.718798 0.695167
1776831473.31052 0.116591 0.455712 0.017137 -0.008555 0.000211 -0.718827 0.695137
1776831473.47719 0.116707 0.455736 0.017156 -0.008562 0.000198 -0.718832 0.695131
1776831473.64385 0.116556 0.455696 0.017207 -0.008553 0.000217 -0.718826 0.695137
1776831473.81053 0.116399 0.455650 0.017229 -0.008521 0.000227 -0.718828 0.695136
1776831473.97717 0.116510 0.455587 0.017264 -0.008503 0.000251 -0.718826 0.695138
1776831474.14386 0.116665 0.455648 0.017367 -0.008498 0.000259 -0.718829 0.695135
1776831474.31052 0.116690 0.455692 0.017265 -0.008532 0.000224 -0.718828 0.695135
1776831474.47718 0.116774 0.456004 0.017115 -0.008542 0.000195 -0.718848 0.695114
1776831474.64383 0.116926 0.455951 0.017038 -0.008551 0.000179 -0.718860 0.695102
1776831474.81053 0.117218 0.456108 0.017105 -0.008559 0.000200 -0.718874 0.695087
1776831474.97720 0.117245 0.456053 0.017166 -0.008521 0.000211 -0.718881 0.695081
1776831475.14387 0.117340 0.456166 0.017207 -0.008498 0.000203 -0.718915 0.695046
1776831475.31051 0.117426 0.456223 0.017237 -0.008529 0.000184 -0.718926 0.695034
1776831475.47718 0.117716 0.456250 0.017217 -0.008538 0.000182 -0.718936 0.695024
1776831475.64385 0.117588 0.456272 0.017206 -0.008546 0.000194 -0.718933 0.695027
1776831475.81053 0.117908 0.456538 0.017081 -0.008569 0.000180 -0.718952 0.695007
1776831475.97720 0.118108 0.456879 0.017113 -0.008588 0.000176 -0.718972 0.694986
1776831476.14386 0.118329 0.457116 0.017143 -0.008605 0.000187 -0.718992 0.694965
1776831476.31053 0.117994 0.457073 0.017191 -0.008597 0.000187 -0.718982 0.694975
1776831476.47719 0.118373 0.457225 0.017442 -0.008573 0.000203 -0.719022 0.694934
1776831476.64386 0.118897 0.457549 0.017716 -0.008532 0.000239 -0.719068 0.694887
1776831476.81052 0.119323 0.457754 0.017928 -0.008517 0.000244 -0.719106 0.694849
1776831476.97721 0.119400 0.457550 0.018110 -0.008463 0.000243 -0.719145 0.694809
1776831477.14387 0.119560 0.457757 0.018193 -0.008471 0.000238 -0.719164 0.694788
1776831477.31053 0.119845 0.457983 0.018225 -0.008482 0.000255 -0.719207 0.694744
1776831477.47718 0.120113 0.458061 0.018029 -0.008504 0.000226 -0.719244 0.694706
1776831477.64383 0.120285 0.457979 0.017898 -0.008554 0.000208 -0.719247 0.694702
1776831477.81050 0.120133 0.457667 0.018092 -0.008485 0.000201 -0.719266 0.694682
1776831477.97717 0.120285 0.457579 0.018163 -0.008472 0.000200 -0.719300 0.694648
1776831478.14385 0.120353 0.457514 0.018107 -0.008448 0.000209 -0.719323 0.694625
1776831478.31048 0.120534 0.457410 0.018034 -0.008452 0.000208 -0.719363 0.694582
1776831478.47715 0.120421 0.457228 0.018106 -0.008411 0.000212 -0.719361 0.694585
1776831478.64381 0.120632 0.457446 0.018176 -0.008465 0.000207 -0.719385 0.694560
1776831478.81048 0.120649 0.457615 0.017984 -0.008537 0.000166 -0.719395 0.694548
1776831478.97717 0.120728 0.457689 0.017994 -0.008561 0.000133 -0.719392 0.694551
1776831479.14383 0.120768 0.457705 0.017697 -0.008609 0.000088 -0.719404 0.694539
1776831479.31049 0.120896 0.457723 0.017547 -0.008580 0.000092 -0.719411 0.694532
1776831479.47716 0.121023 0.457829 0.017425 -0.008618 0.000073 -0.719425 0.694517
1776831479.64384 0.121263 0.457820 0.017578 -0.008600 0.000130 -0.719449 0.694492
1776831479.81052 0.121313 0.457928 0.017643 -0.008593 0.000171 -0.719448 0.694493
1776831479.97720 0.121398 0.457968 0.017662 -0.008585 0.000205 -0.719451 0.694490
1776831480.14385 0.121381 0.457926 0.017932 -0.008537 0.000263 -0.719430 0.694512
1776831480.31051 0.121535 0.458004 0.018019 -0.008542 0.000278 -0.719454 0.694488
1776831480.47717 0.121514 0.458089 0.017934 -0.008584 0.000252 -0.719453 0.694488
1776831480.64384 0.121749 0.458319 0.017984 -0.008632 0.000255 -0.719463 0.694478
1776831480.81051 0.122028 0.458526 0.017857 -0.008676 0.000225 -0.719490 0.694449
1776831480.97719 0.122289 0.458530 0.017843 -0.008668 0.000264 -0.719501 0.694437
1776831481.14387 0.122345 0.458602 0.017873 -0.008658 0.000244 -0.719524 0.694414
1776831481.31052 0.122147 0.458602 0.017752 -0.008678 0.000192 -0.719521 0.694417
1776831481.47718 0.122221 0.458520 0.017793 -0.008663 0.000246 -0.719523 0.694414
1776831481.64385 0.122357 0.458751 0.017785 -0.008657 0.000202 -0.719535 0.694402
1776831481.81050 0.122531 0.458898 0.017855 -0.008660 0.000221 -0.719555 0.694381
1776831481.97716 0.122731 0.458932 0.017799 -0.008664 0.000155 -0.719587 0.694348
1776831482.14384 0.122794 0.458954 0.017690 -0.008652 0.000127 -0.719605 0.694329
1776831482.31048 0.122695 0.458837 0.017558 -0.008695 0.000094 -0.719603 0.694332
1776831482.47717 0.122723 0.458688 0.017554 -0.008671 0.000105 -0.719615 0.694319
1776831482.64384 0.122631 0.458645 0.017193 -0.008741 0.000008 -0.719616 0.694317
1776831482.81052 0.122826 0.458689 0.016942 -0.008791 -0.000036 -0.719632 0.694300
1776831482.97717 0.123027 0.458775 0.016749 -0.008821 -0.000023 -0.719657 0.694274
1776831483.14384 0.122706 0.458695 0.016647 -0.008800 -0.000055 -0.719657 0.694274
1776831483.31044 0.123042 0.458608 0.017122 -0.008715 0.000051 -0.719674 0.694258
1776831483.47713 0.122992 0.458567 0.017298 -0.008644 0.000068 -0.719686 0.694246
1776831483.64378 0.123112 0.458477 0.017460 -0.008584 0.000077 -0.719716 0.694216
1776831483.81047 0.123330 0.458379 0.017803 -0.008519 0.000126 -0.719758 0.694173
1776831483.97714 0.123305 0.458447 0.017841 -0.008520 0.000126 -0.719765 0.694166
1776831484.14383 0.123585 0.458708 0.017838 -0.008558 0.000132 -0.719767 0.694163
1776831484.31047 0.123699 0.458585 0.018020 -0.008515 0.000207 -0.719769 0.694161
1776831484.47717 0.123888 0.458850 0.017925 -0.008570 0.000143 -0.719779 0.694151
1776831484.64384 0.123889 0.459082 0.017754 -0.008596 0.000111 -0.719778 0.694151
1776831484.81050 0.124033 0.459169 0.017989 -0.008597 0.000123 -0.719792 0.694136
1776831484.97718 0.124073 0.459178 0.018149 -0.008532 0.000172 -0.719799 0.694131
1776831485.14384 0.124070 0.458992 0.018319 -0.008509 0.000182 -0.719805 0.694124
1776831485.31052 0.124173 0.458972 0.018306 -0.008505 0.000180 -0.719833 0.694095
1776831485.47719 0.124235 0.458960 0.018319 -0.008502 0.000160 -0.719867 0.694060
1776831485.64386 0.124283 0.458806 0.018281 -0.008499 0.000132 -0.719905 0.694021
1776831485.81056 0.124661 0.458921 0.018570 -0.008473 0.000183 -0.719929 0.693996
1776831485.97724 0.125144 0.459105 0.018377 -0.008557 0.000147 -0.719990 0.693932
1776831486.14392 0.125451 0.459381 0.018325 -0.008584 0.000137 -0.720013 0.693908
1776831486.31059 0.126021 0.459847 0.018826 -0.008563 0.000210 -0.720061 0.693858
1776831486.47727 0.126660 0.460182 0.018928 -0.008585 0.000237 -0.720109 0.693808
1776831486.64394 0.126770 0.460287 0.019058 -0.008582 0.000225 -0.720122 0.693795
1776831486.81061 0.126911 0.460721 0.018921 -0.008641 0.000178 -0.720124 0.693792
1776831486.97727 0.127188 0.461023 0.019153 -0.008631 0.000234 -0.720143 0.693772
1776831487.14393 0.127081 0.460882 0.019015 -0.008609 0.000212 -0.720142 0.693773
1776831487.31060 0.127363 0.460928 0.019091 -0.008558 0.000234 -0.720179 0.693736
1776831487.47728 0.127346 0.460982 0.019097 -0.008515 0.000217 -0.720185 0.693730
1776831487.64394 0.127352 0.460875 0.019347 -0.008451 0.000185 -0.720208 0.693707
1776831487.81061 0.127376 0.460923 0.019549 -0.008422 0.000188 -0.720209 0.693706
1776831487.97729 0.127400 0.461046 0.019478 -0.008453 0.000133 -0.720214 0.693701
1776831488.14395 0.127372 0.460720 0.019249 -0.008439 0.000097 -0.720235 0.693679
1776831488.31063 0.127376 0.460536 0.019289 -0.008363 0.000115 -0.720242 0.693672
1776831488.47728 0.127204 0.460305 0.019270 -0.008343 0.000090 -0.720253 0.693662
1776831488.64395 0.127461 0.460317 0.019212 -0.008355 0.000082 -0.720309 0.693604
1776831488.81064 0.127396 0.459984 0.019103 -0.008313 0.000098 -0.720321 0.693591
1776831488.97730 0.127442 0.459866 0.019105 -0.008272 0.000111 -0.720349 0.693563
1776831489.14397 0.127314 0.459584 0.019087 -0.008274 0.000087 -0.720360 0.693551
1776831489.31061 0.127489 0.459579 0.018968 -0.008306 0.000060 -0.720375 0.693535
1776831489.47728 0.127406 0.459542 0.018973 -0.008315 0.000077 -0.720379 0.693531
1776831489.64397 0.127892 0.459887 0.019011 -0.008380 0.000100 -0.720412 0.693496
1776831489.81064 0.128034 0.459884 0.018959 -0.008365 0.000115 -0.720426 0.693481
1776831489.97734 0.128056 0.459856 0.018923 -0.008368 0.000084 -0.720437 0.693470
1776831490.14400 0.128172 0.459919 0.018873 -0.008378 0.000104 -0.720445 0.693461
1776831490.31065 0.128257 0.459910 0.018772 -0.008415 0.000089 -0.720452 0.693454
1776831490.47733 0.128418 0.460105 0.018657 -0.008443 0.000048 -0.720465 0.693440
1776831490.64400 0.128345 0.460265 0.018745 -0.008433 0.000058 -0.720469 0.693436
1776831490.81068 0.128622 0.460475 0.018692 -0.008484 0.000091 -0.720477 0.693427
1776831490.97735 0.128610 0.460629 0.018709 -0.008508 0.000084 -0.720464 0.693440
1776831491.14404 0.128429 0.460740 0.018505 -0.008561 0.000049 -0.720435 0.693469
1776831491.31069 0.128241 0.460697 0.018565 -0.008556 0.000056 -0.720411 0.693495
1776831491.47735 0.128333 0.460902 0.018350 -0.008609 0.000025 -0.720402 0.693504
1776831491.64403 0.128019 0.460771 0.018109 -0.008602 -0.000019 -0.720364 0.693543
1776831491.81070 0.127688 0.460717 0.018281 -0.008537 0.000005 -0.720334 0.693575
1776831491.97735 0.127506 0.460685 0.018413 -0.008508 0.000030 -0.720316 0.693594
1776831492.14402 0.127406 0.460626 0.018367 -0.008543 -0.000003 -0.720315 0.693595
1776831492.31067 0.127535 0.460585 0.018410 -0.008570 -0.000008 -0.720298 0.693612
1776831492.47734 0.127693 0.460772 0.018280 -0.008599 -0.000016 -0.720298 0.693611
1776831492.64402 0.127486 0.460959 0.018432 -0.008546 0.000054 -0.720275 0.693636
1776831492.81070 0.127439 0.461016 0.018414 -0.008567 0.000052 -0.720248 0.693663
1776831492.97736 0.127458 0.461275 0.018370 -0.008609 0.000039 -0.720229 0.693683
1776831493.14404 0.127615 0.461544 0.018378 -0.008628 0.000033 -0.720218 0.693694
1776831493.31071 0.127704 0.461657 0.018444 -0.008618 0.000038 -0.720216 0.693696
1776831493.47738 0.127614 0.461904 0.018472 -0.008636 0.000052 -0.720185 0.693729
1776831493.64404 0.127849 0.462116 0.018547 -0.008647 0.000062 -0.720178 0.693735
1776831493.81071 0.127532 0.462094 0.018659 -0.008603 0.000086 -0.720173 0.693742
1776831493.97737 0.127476 0.462181 0.018742 -0.008612 0.000127 -0.720151 0.693764
1776831494.14405 0.127736 0.462247 0.018728 -0.008605 0.000129 -0.720145 0.693770
1776831494.31072 0.127590 0.461994 0.018801 -0.008546 0.000119 -0.720147 0.693769
1776831494.47737 0.127484 0.462059 0.018923 -0.008485 0.000127 -0.720133 0.693785
1776831494.64405 0.127242 0.462077 0.018809 -0.008520 0.000067 -0.720110 0.693807
1776831494.81071 0.127201 0.461959 0.018799 -0.008494 0.000062 -0.720113 0.693805
1776831494.97737 0.127406 0.462122 0.018689 -0.008518 0.000034 -0.720122 0.693796
1776831495.14406 0.127490 0.462235 0.018772 -0.008479 0.000070 -0.720121 0.693797
1776831495.31073 0.127617 0.462083 0.019003 -0.008439 0.000078 -0.720151 0.693766
1776831495.47738 0.127618 0.462066 0.019154 -0.008393 0.000098 -0.720153 0.693764
1776831495.64407 0.127840 0.462272 0.018996 -0.008436 0.000057 -0.720167 0.693749
1776831495.81074 0.127948 0.462372 0.018887 -0.008458 0.000016 -0.720168 0.693748
1776831495.97740 0.127957 0.462642 0.018603 -0.008489 -0.000057 -0.720175 0.693740
1776831496.14406 0.128261 0.462653 0.018737 -0.008471 0.000020 -0.720201 0.693714
1776831496.31073 0.128312 0.462759 0.018816 -0.008485 0.000028 -0.720201 0.693713
1776831496.47741 0.128421 0.462905 0.018784 -0.008536 -0.000003 -0.720198 0.693716
1776831496.64408 0.127643 0.462575 0.018957 -0.008531 0.000050 -0.720151 0.693765
1776831496.81074 0.128333 0.462903 0.018753 -0.008568 0.000031 -0.720173 0.693741
1776831496.97742 0.128454 0.463037 0.018722 -0.008551 0.000011 -0.720176 0.693738
1776831497.14410 0.128574 0.463101 0.018960 -0.008488 0.000038 -0.720186 0.693729
1776831497.31076 0.128630 0.463360 0.019178 -0.008482 0.000072 -0.720195 0.693720
1776831497.47744 0.128557 0.463379 0.019256 -0.008451 0.000087 -0.720182 0.693733
1776831497.64411 0.128596 0.463197 0.019433 -0.008424 0.000126 -0.720180 0.693736
1776831497.81078 0.128578 0.463285 0.019274 -0.008450 0.000098 -0.720190 0.693726
1776831497.97745 0.128644 0.463390 0.019243 -0.008479 0.000102 -0.720178 0.693737
1776831498.14412 0.128640 0.463431 0.019307 -0.008474 0.000099 -0.720181 0.693735
1776831498.31078 0.128752 0.463573 0.019285 -0.008464 0.000088 -0.720192 0.693723
1776831498.47745 0.128825 0.463666 0.019360 -0.008460 0.000109 -0.720187 0.693728
1776831498.64415 0.129046 0.463931 0.019412 -0.008438 0.000081 -0.720205 0.693710
1776831498.81079 0.129225 0.464005 0.019476 -0.008451 0.000103 -0.720219 0.693695
1776831498.97745 0.129144 0.464110 0.019385 -0.008480 0.000067 -0.720199 0.693715
1776831499.14415 0.129080 0.464024 0.019425 -0.008477 0.000060 -0.720200 0.693715
1776831499.31079 0.129177 0.463962 0.019642 -0.008446 0.000069 -0.720209 0.693706
1776831499.47748 0.129473 0.464261 0.019407 -0.008503 0.000021 -0.720224 0.693689
1776831499.64415 0.129505 0.464296 0.019329 -0.008500 -0.000013 -0.720246 0.693667
1776831499.81080 0.129619 0.464379 0.019421 -0.008476 0.000028 -0.720269 0.693643
1776831499.97748 0.129604 0.464335 0.019685 -0.008433 0.000066 -0.720270 0.693643
1776831500.14418 0.129813 0.464194 0.019674 -0.008430 0.000068 -0.720296 0.693615
1776831500.31082 0.129905 0.464214 0.019998 -0.008366 0.000123 -0.720307 0.693605
1776831500.47750 0.129779 0.464287 0.020025 -0.008349 0.000106 -0.720308 0.693604
1776831500.64416 0.129968 0.464301 0.020137 -0.008374 0.000144 -0.720313 0.693599
1776831500.81085 0.129996 0.464373 0.020046 -0.008361 0.000118 -0.720317 0.693594
1776831500.97752 0.130025 0.464533 0.019917 -0.008391 0.000067 -0.720306 0.693605
1776831501.14420 0.130114 0.464301 0.019998 -0.008386 0.000074 -0.720313 0.693598
1776831501.31085 0.130110 0.464455 0.019991 -0.008384 0.000075 -0.720315 0.693597
1776831501.47751 0.130068 0.464553 0.020228 -0.008307 0.000135 -0.720300 0.693613
1776831501.64418 0.130298 0.464979 0.020097 -0.008386 0.000072 -0.720308 0.693604
1776831501.81083 0.130323 0.465011 0.019857 -0.008443 0.000009 -0.720303 0.693608
1776831501.97753 0.130623 0.465318 0.019629 -0.008515 -0.000031 -0.720311 0.693599
1776831502.14419 0.130731 0.465462 0.019571 -0.008500 -0.000022 -0.720310 0.693600
1776831502.31086 0.130958 0.465940 0.019720 -0.008481 0.000011 -0.720304 0.693606
1776831502.47753 0.130955 0.466280 0.020035 -0.008427 0.000011 -0.720295 0.693617
1776831502.64421 0.131096 0.466435 0.020061 -0.008441 -0.000010 -0.720292 0.693620
1776831502.81086 0.131106 0.466896 0.020055 -0.008469 -0.000035 -0.720271 0.693641
1776831502.97753 0.131106 0.467149 0.020157 -0.008471 -0.000016 -0.720267 0.693645
1776831503.14421 0.131153 0.467172 0.020517 -0.008389 0.000037 -0.720265 0.693648
1776831503.31088 0.131050 0.467156 0.020587 -0.008367 0.000080 -0.720246 0.693668
1776831503.47756 0.131297 0.467228 0.020759 -0.008381 0.000083 -0.720261 0.693653
1776831503.64423 0.131200 0.467243 0.020680 -0.008348 0.000072 -0.720244 0.693671
1776831503.81091 0.131142 0.467140 0.020481 -0.008395 0.000042 -0.720254 0.693659
1776831503.97759 0.131109 0.466947 0.020595 -0.008367 0.000068 -0.720269 0.693644
1776831504.14427 0.130812 0.466756 0.020618 -0.008338 0.000066 -0.720250 0.693665
1776831504.31093 0.130899 0.466898 0.020387 -0.008385 0.000035 -0.720252 0.693662
1776831504.47757 0.130059 0.466096 0.020528 -0.008377 0.000064 -0.720212 0.693703
1776831504.64424 0.129449 0.465561 0.020317 -0.008444 0.000057 -0.720166 0.693750
1776831504.81091 0.128859 0.465046 0.019984 -0.008497 0.000057 -0.720125 0.693792
1776831504.97758 0.128524 0.464912 0.019678 -0.008553 0.000052 -0.720083 0.693836
1776831505.14425 0.128485 0.464844 0.019586 -0.008567 0.000042 -0.720077 0.693842
1776831505.31092 0.128526 0.464841 0.019438 -0.008597 0.000011 -0.720069 0.693849
1776831505.47758 0.128171 0.464768 0.019163 -0.008628 -0.000044 -0.720044 0.693875
1776831505.64426 0.127845 0.464413 0.019156 -0.008584 -0.000030 -0.720031 0.693889
1776831505.81091 0.127899 0.464444 0.019168 -0.008604 -0.000019 -0.720017 0.693904
1776831505.97759 0.127979 0.464518 0.019321 -0.008584 0.000031 -0.720004 0.693917
1776831506.14426 0.127778 0.464403 0.019058 -0.008630 -0.000009 -0.719987 0.693934
1776831506.31091 0.127715 0.464614 0.018956 -0.008658 -0.000052 -0.719971 0.693950
1776831506.47758 0.127916 0.464794 0.019064 -0.008702 -0.000037 -0.719964 0.693957
1776831506.64424 0.128221 0.465169 0.019082 -0.008706 -0.000011 -0.719973 0.693948
1776831506.81093 0.128471 0.465453 0.019186 -0.008748 0.000004 -0.719968 0.693952
1776831506.97759 0.128803 0.465574 0.019361 -0.008754 0.000081 -0.719962 0.693958
1776831507.14426 0.128992 0.465791 0.019630 -0.008736 0.000130 -0.719972 0.693948
1776831507.31092 0.129022 0.465967 0.019962 -0.008708 0.000195 -0.719962 0.693959
1776831507.47759 0.128808 0.465866 0.020116 -0.008672 0.000214 -0.719969 0.693952
1776831507.64428 0.128957 0.465948 0.019610 -0.008749 0.000188 -0.719945 0.693976
1776831507.81094 0.128828 0.466006 0.019445 -0.008744 0.000172 -0.719933 0.693989
1776831507.97759 0.128878 0.466022 0.019498 -0.008735 0.000164 -0.719923 0.693999
1776831508.14426 0.128704 0.465834 0.019407 -0.008743 0.000146 -0.719914 0.694008
1776831508.31093 0.128780 0.465948 0.019213 -0.008774 0.000115 -0.719919 0.694002
1776831508.47759 0.128705 0.465910 0.019166 -0.008756 0.000109 -0.719919 0.694002
1776831508.64429 0.128677 0.466111 0.019404 -0.008712 0.000171 -0.719900 0.694024
1776831508.81095 0.128872 0.466178 0.019493 -0.008712 0.000180 -0.719916 0.694006
1776831508.97760 0.128781 0.466013 0.019855 -0.008666 0.000206 -0.719923 0.694000
1776831509.14426 0.128796 0.465898 0.019940 -0.008668 0.000230 -0.719937 0.693985
1776831509.31093 0.129076 0.465913 0.019994 -0.008700 0.000252 -0.719967 0.693954
1776831509.47759 0.129147 0.465847 0.019852 -0.008682 0.000262 -0.719986 0.693934
1776831509.64416 0.129931 0.466558 0.019525 -0.008743 0.000114 -0.720111 0.693804
1776831509.81076 0.129971 0.466984 0.019606 -0.008766 0.000157 -0.720101 0.693814
1776831509.97742 0.129784 0.467143 0.019907 -0.008721 0.000177 -0.720063 0.693853
1776831510.14413 0.130031 0.467197 0.020276 -0.008702 0.000252 -0.720045 0.693873
1776831510.31080 0.130195 0.467256 0.020452 -0.008680 0.000291 -0.720037 0.693881
1776831510.47747 0.130298 0.467165 0.020584 -0.008661 0.000315 -0.720035 0.693883
1776831510.64416 0.130158 0.467116 0.020408 -0.008662 0.000263 -0.720017 0.693902
1776831510.81082 0.130002 0.466905 0.020623 -0.008608 0.000276 -0.720018 0.693902
1776831510.97749 0.129952 0.466988 0.020439 -0.008635 0.000238 -0.720003 0.693917
1776831511.14416 0.131826 0.465324 0.020779 -0.008619 0.000469 -0.720221 0.693691
1776831511.31076 0.132190 0.464488 0.021001 -0.008571 0.000474 -0.720336 0.693572
1776831511.47748 0.133093 0.465175 0.020594 -0.008655 0.000367 -0.720457 0.693445
1776831511.64409 0.133390 0.464316 0.020867 -0.008630 0.000451 -0.720518 0.693383
1776831511.81076 0.133305 0.464234 0.020912 -0.008614 0.000428 -0.720538 0.693362
1776831511.97749 0.133683 0.465440 0.020523 -0.008716 0.000299 -0.720592 0.693304
1776831512.14428 0.133520 0.466829 0.020253 -0.008782 0.000210 -0.720555 0.693342
1776831512.31093 0.133886 0.467733 0.020381 -0.008853 0.000246 -0.720525 0.693372
1776831512.47767 0.134751 0.467348 0.020819 -0.008817 0.000427 -0.720575 0.693321
1776831512.64427 0.135074 0.467465 0.020898 -0.008779 0.000449 -0.720599 0.693296
1776831512.81099 0.135907 0.465935 0.021608 -0.008686 0.000670 -0.720706 0.693186
1776831512.97765 0.137505 0.465429 0.021995 -0.008687 0.000715 -0.720832 0.693055
1776831513.14436 0.139022 0.464458 0.022249 -0.008631 0.000778 -0.721012 0.692868
1776831513.31107 0.140649 0.464596 0.022059 -0.008759 0.000663 -0.721167 0.692706
1776831513.47806 0.139794 0.465473 0.021667 -0.008744 0.000472 -0.721240 0.692630
1776831513.64507 0.138072 0.467149 0.020989 -0.008773 0.000276 -0.721149 0.692725
1776831513.81181 0.137254 0.468284 0.020975 -0.008798 0.000229 -0.721081 0.692794
1776831513.97843 0.134662 0.470421 0.019707 -0.008927 -0.000024 -0.720746 0.693142
1776831514.14508 0.133849 0.471049 0.019678 -0.008974 -0.000009 -0.720546 0.693349
1776831514.31197 0.132372 0.470554 0.019687 -0.008876 0.000052 -0.720320 0.693585
1776831514.47871 0.131332 0.470299 0.019735 -0.008809 0.000073 -0.720143 0.693770
1776831514.64543 0.130556 0.470233 0.020195 -0.008735 0.000102 -0.720013 0.693905
1776831514.81209 0.130748 0.468858 0.020833 -0.008640 0.000301 -0.719976 0.693945
1776831514.97888 0.131209 0.467475 0.021574 -0.008501 0.000492 -0.720024 0.693897
1776831515.14550 0.130949 0.467282 0.021324 -0.008532 0.000313 -0.720065 0.693854
1776831515.31224 0.130758 0.466938 0.021177 -0.008558 0.000265 -0.720075 0.693844
1776831515.47899 0.130681 0.467206 0.020970 -0.008549 0.000212 -0.720089 0.693830
1776831515.64564 0.130643 0.466922 0.020931 -0.008571 0.000248 -0.720077 0.693841
1776831515.81227 0.130090 0.468169 0.020456 -0.008665 0.000047 -0.720022 0.693897
1776831515.97885 0.130429 0.468776 0.020251 -0.008754 0.000064 -0.719977 0.693943
1776831516.14552 0.129108 0.470212 0.019867 -0.008766 -0.000146 -0.719826 0.694100
1776831516.31202 0.128883 0.470111 0.020203 -0.008701 -0.000025 -0.719753 0.694176
1776831516.47877 0.128981 0.469282 0.020520 -0.008658 0.000074 -0.719730 0.694200
1776831516.64554 0.129094 0.468347 0.020610 -0.008575 0.000131 -0.719743 0.694187
1776831516.81220 0.128932 0.467744 0.020645 -0.008548 0.000161 -0.719766 0.694164
1776831516.97888 0.128700 0.467166 0.020424 -0.008582 0.000139 -0.719784 0.694145
1776831517.14555 0.128763 0.466639 0.020458 -0.008571 0.000161 -0.719813 0.694115
1776831517.31221 0.129022 0.466604 0.020098 -0.008646 0.000092 -0.719852 0.694073
1776831517.47887 0.129202 0.466500 0.020020 -0.008692 0.000079 -0.719876 0.694048
1776831517.64555 0.129194 0.466450 0.019859 -0.008718 0.000063 -0.719893 0.694030
1776831517.81221 0.129492 0.466705 0.019688 -0.008770 0.000060 -0.719929 0.693993
1776831517.97888 0.129685 0.466999 0.019668 -0.008803 0.000043 -0.719949 0.693971
1776831518.14556 0.130048 0.467348 0.019759 -0.008813 0.000019 -0.719987 0.693932
1776831518.31223 0.130353 0.467772 0.019825 -0.008830 0.000053 -0.719998 0.693919
1776831518.47891 0.130559 0.467834 0.019998 -0.008792 0.000084 -0.720012 0.693906
1776831518.64557 0.130639 0.468078 0.019924 -0.008807 0.000053 -0.720007 0.693911
1776831518.81226 0.130724 0.468119 0.020019 -0.008829 0.000038 -0.720018 0.693899
1776831518.97893 0.130887 0.468246 0.019986 -0.008882 -0.000000 -0.720023 0.693893
1776831519.14559 0.130734 0.468138 0.019833 -0.008876 -0.000028 -0.720037 0.693879
1776831519.31225 0.130847 0.468066 0.019876 -0.008822 0.000024 -0.720043 0.693873
1776831519.47893 0.131001 0.467964 0.020116 -0.008775 0.000094 -0.720082 0.693834
1776831519.64561 0.131484 0.467978 0.020172 -0.008809 0.000086 -0.720117 0.693796
1776831519.81227 0.131654 0.468114 0.020237 -0.008830 0.000067 -0.720135 0.693778
1776831519.97895 0.131674 0.468100 0.020282 -0.008826 0.000067 -0.720147 0.693765
1776831520.14563 0.131928 0.468129 0.020277 -0.008844 0.000096 -0.720167 0.693745
1776831520.31228 0.132011 0.468102 0.020188 -0.008864 0.000073 -0.720183 0.693728
1776831520.47896 0.131925 0.467833 0.020286 -0.008788 0.000096 -0.720177 0.693735
1776831520.64565 0.131828 0.467600 0.020246 -0.008787 0.000041 -0.720207 0.693704
1776831520.81230 0.131989 0.467671 0.019987 -0.008807 0.000016 -0.720212 0.693698
1776831520.97897 0.132357 0.467846 0.019846 -0.008820 0.000028 -0.720241 0.693668
1776831521.14564 0.132255 0.467458 0.019906 -0.008794 0.000057 -0.720258 0.693650
1776831521.31228 0.132207 0.467409 0.020061 -0.008780 0.000077 -0.720252 0.693657
1776831521.47895 0.132113 0.467241 0.020164 -0.008755 0.000060 -0.720274 0.693635
1776831521.64562 0.132074 0.466903 0.020074 -0.008772 0.000051 -0.720301 0.693606
1776831521.81229 0.132265 0.466960 0.020043 -0.008777 0.000043 -0.720330 0.693576
1776831521.97895 0.132332 0.467030 0.019970 -0.008805 -0.000007 -0.720363 0.693541
1776831522.14562 0.132244 0.467130 0.019795 -0.008842 -0.000029 -0.720353 0.693552
1776831522.31228 0.132347 0.467104 0.020002 -0.008800 0.000040 -0.720357 0.693548
1776831522.47895 0.132443 0.467070 0.020019 -0.008771 0.000072 -0.720363 0.693542
1776831522.64562 0.132401 0.466925 0.020091 -0.008760 0.000071 -0.720351 0.693554
1776831522.81229 0.132404 0.466863 0.020011 -0.008786 0.000062 -0.720360 0.693545
1776831522.97896 0.132630 0.467115 0.019859 -0.008822 0.000044 -0.720364 0.693540
1776831523.14563 0.132674 0.467199 0.019990 -0.008772 0.000069 -0.720389 0.693514
1776831523.31230 0.132797 0.467397 0.020083 -0.008762 0.000096 -0.720401 0.693503
1776831523.47895 0.132813 0.467551 0.020167 -0.008733 0.000058 -0.720401 0.693503
1776831523.64565 0.132587 0.467363 0.020494 -0.008704 0.000061 -0.720391 0.693513
1776831523.81233 0.132711 0.467280 0.020543 -0.008694 0.000102 -0.720409 0.693495
1776831523.97899 0.132629 0.467082 0.020367 -0.008725 0.000080 -0.720403 0.693501
1776831524.14568 0.132399 0.466997 0.020453 -0.008717 0.000058 -0.720388 0.693516
1776831524.31233 0.132237 0.466932 0.020391 -0.008695 0.000059 -0.720384 0.693521
1776831524.47901 0.132459 0.466945 0.020338 -0.008691 0.000075 -0.720384 0.693521
1776831524.64568 0.132492 0.466861 0.020301 -0.008688 0.000093 -0.720377 0.693529
1776831524.81232 0.132180 0.466604 0.020312 -0.008695 0.000093 -0.720367 0.693539
1776831524.97899 0.132341 0.466611 0.020177 -0.008708 0.000087 -0.720367 0.693538
1776831525.14566 0.132386 0.466623 0.020002 -0.008720 0.000039 -0.720359 0.693546
1776831525.31232 0.132445 0.466571 0.020082 -0.008761 0.000018 -0.720390 0.693514
1776831525.47899 0.132364 0.466652 0.019907 -0.008781 -0.000043 -0.720383 0.693521
1776831525.64565 0.132174 0.466661 0.019887 -0.008824 -0.000065 -0.720389 0.693515
1776831525.81230 0.131978 0.466099 0.019925 -0.008761 -0.000013 -0.720391 0.693513
1776831525.97898 0.131927 0.466148 0.019923 -0.008737 0.000015 -0.720390 0.693514
1776831526.14565 0.132155 0.466195 0.019867 -0.008760 -0.000001 -0.720410 0.693493
1776831526.31232 0.132246 0.466188 0.019983 -0.008777 0.000016 -0.720422 0.693481
1776831526.47898 0.132334 0.466091 0.019983 -0.008795 0.000017 -0.720435 0.693467
1776831526.64565 0.132252 0.465799 0.019945 -0.008770 0.000040 -0.720444 0.693458
1776831526.81232 0.132149 0.465640 0.019995 -0.008761 -0.000008 -0.720449 0.693452
1776831526.97898 0.132209 0.465619 0.019960 -0.008740 0.000001 -0.720467 0.693434
1776831527.14565 0.132556 0.465889 0.019809 -0.008802 -0.000018 -0.720490 0.693410
1776831527.31230 0.132466 0.465754 0.019849 -0.008806 -0.000005 -0.720474 0.693426
1776831527.47897 0.132756 0.465848 0.019941 -0.008803 0.000017 -0.720491 0.693408
1776831527.64563 0.132715 0.465889 0.020069 -0.008794 0.000047 -0.720474 0.693426
1776831527.81230 0.132672 0.465975 0.020065 -0.008809 0.000034 -0.720470 0.693430
1776831527.97897 0.132718 0.465844 0.020233 -0.008808 0.000044 -0.720473 0.693427
1776831528.14563 0.132756 0.465967 0.020036 -0.008857 0.000013 -0.720475 0.693424
1776831528.31230 0.133172 0.466240 0.019872 -0.008915 0.000048 -0.720513 0.693384
1776831528.47897 0.133758 0.466879 0.019884 -0.008934 0.000029 -0.720552 0.693343
1776831528.64565 0.134027 0.467045 0.019935 -0.008898 0.000014 -0.720585 0.693309
1776831528.81231 0.134378 0.467400 0.020120 -0.008912 0.000001 -0.720609 0.693285
1776831528.97897 0.134398 0.467666 0.019940 -0.008879 -0.000021 -0.720634 0.693258
1776831529.14564 0.134697 0.467852 0.019977 -0.008867 -0.000013 -0.720637 0.693255
1776831529.31234 0.134515 0.467457 0.020276 -0.008827 0.000008 -0.720633 0.693260
1776831529.47900 0.134522 0.467362 0.020421 -0.008824 0.000016 -0.720635 0.693259
1776831529.64568 0.134554 0.467309 0.020345 -0.008789 -0.000035 -0.720633 0.693261
1776831529.81235 0.134267 0.467134 0.020606 -0.008759 -0.000050 -0.720619 0.693276
1776831529.97902 0.134466 0.467395 0.020330 -0.008830 -0.000130 -0.720631 0.693263
1776831530.14569 0.134331 0.467220 0.020298 -0.008775 -0.000100 -0.720647 0.693246
1776831530.31238 0.134304 0.467403 0.020153 -0.008807 -0.000158 -0.720641 0.693253
1776831530.47903 0.134253 0.467244 0.020171 -0.008814 -0.000151 -0.720635 0.693259
1776831530.64570 0.134036 0.467035 0.020355 -0.008799 -0.000136 -0.720612 0.693282
1776831530.81237 0.134182 0.467403 0.020276 -0.008841 -0.000144 -0.720611 0.693283
1776831530.97904 0.134046 0.467285 0.020095 -0.008849 -0.000138 -0.720588 0.693307
1776831531.14571 0.134068 0.467436 0.019907 -0.008873 -0.000153 -0.720588 0.693307
1776831531.31237 0.133763 0.467233 0.019928 -0.008858 -0.000124 -0.720590 0.693305
1776831531.47905 0.133811 0.467182 0.019939 -0.008843 -0.000121 -0.720601 0.693294
1776831531.64573 0.133982 0.467124 0.019905 -0.008868 -0.000117 -0.720618 0.693275
1776831531.81236 0.134380 0.467274 0.020023 -0.008855 -0.000075 -0.720637 0.693256
1776831531.97904 0.134391 0.467453 0.020084 -0.008836 -0.000066 -0.720635 0.693259
1776831532.14572 0.134484 0.467367 0.020013 -0.008866 -0.000078 -0.720642 0.693250
1776831532.31236 0.134620 0.467507 0.019953 -0.008899 -0.000082 -0.720636 0.693257
1776831532.47903 0.134812 0.467583 0.019926 -0.008888 -0.000073 -0.720645 0.693247
1776831532.64570 0.134965 0.467648 0.020007 -0.008882 -0.000058 -0.720667 0.693225
1776831532.81238 0.135237 0.467922 0.020185 -0.008883 -0.000028 -0.720699 0.693191
1776831532.97903 0.135379 0.468342 0.020163 -0.008858 -0.000030 -0.720710 0.693180
1776831533.14570 0.135707 0.468596 0.020174 -0.008850 -0.000036 -0.720735 0.693154
1776831533.31238 0.132264 0.467187 0.020973 -0.008670 0.000024 -0.720518 0.693382
1776831533.47900 0.134599 0.467807 0.021557 -0.008837 0.000185 -0.720610 0.693284
1776831533.64566 0.136492 0.468517 0.021637 -0.008969 0.000205 -0.720722 0.693166
1776831533.81231 0.137865 0.469323 0.021681 -0.009054 0.000198 -0.720811 0.693072
1776831533.97900 0.139527 0.470844 0.021451 -0.009069 0.000121 -0.720937 0.692942
1776831534.14571 0.140280 0.471304 0.021487 -0.008971 0.000087 -0.721007 0.692870
1776831534.31227 0.140603 0.471491 0.021669 -0.008894 0.000092 -0.721063 0.692812
1776831534.47898 0.141046 0.471565 0.021837 -0.008832 0.000109 -0.721121 0.692753
1776831534.64565 0.141753 0.472219 0.021725 -0.008841 0.000070 -0.721189 0.692682
1776831534.81232 0.142306 0.472838 0.021524 -0.008887 -0.000005 -0.721250 0.692618
1776831534.97899 0.143000 0.473364 0.021634 -0.008909 0.000012 -0.721319 0.692546
1776831535.14567 0.143575 0.473719 0.022061 -0.008845 0.000075 -0.721374 0.692489
1776831535.31233 0.144010 0.473770 0.022342 -0.008779 0.000117 -0.721430 0.692431
1776831535.47902 0.143991 0.473287 0.022908 -0.008686 0.000190 -0.721469 0.692392
1776831535.64569 0.144168 0.473231 0.022925 -0.008710 0.000187 -0.721478 0.692383
1776831535.81237 0.144288 0.473146 0.022716 -0.008779 0.000140 -0.721510 0.692348
1776831535.97905 0.144634 0.473217 0.022531 -0.008814 0.000135 -0.721553 0.692304
1776831536.14569 0.144733 0.473388 0.022386 -0.008856 0.000128 -0.721571 0.692284
1776831536.31235 0.144861 0.473377 0.022540 -0.008832 0.000171 -0.721589 0.692265
1776831536.47903 0.144954 0.473342 0.022442 -0.008870 0.000147 -0.721611 0.692242
1776831536.64568 0.145321 0.473671 0.022139 -0.008961 0.000102 -0.721637 0.692214
1776831536.81235 0.145534 0.473824 0.022202 -0.008943 0.000124 -0.721669 0.692180
1776831536.97903 0.145868 0.474089 0.022137 -0.009011 0.000104 -0.721690 0.692158
1776831537.14569 0.145772 0.473922 0.022009 -0.009010 0.000094 -0.721693 0.692154
1776831537.31236 0.145948 0.473885 0.022014 -0.009022 0.000112 -0.721707 0.692140
1776831537.47903 0.146292 0.474137 0.021941 -0.009020 0.000127 -0.721717 0.692129
1776831537.64569 0.146850 0.474886 0.021751 -0.009091 0.000085 -0.721744 0.692100
1776831537.81233 0.146961 0.475095 0.022087 -0.009015 0.000110 -0.721764 0.692081
1776831537.97902 0.147041 0.475233 0.022532 -0.008984 0.000134 -0.721764 0.692081
1776831538.14571 0.146844 0.475052 0.022942 -0.008957 0.000138 -0.721747 0.692099
1776831538.31237 0.146693 0.474788 0.022765 -0.008943 0.000115 -0.721736 0.692110
1776831538.47906 0.146187 0.474231 0.022679 -0.008923 0.000106 -0.721715 0.692133
1776831538.64573 0.145603 0.473491 0.022580 -0.008925 0.000088 -0.721701 0.692148
1776831538.81240 0.145412 0.473311 0.022108 -0.009009 0.000014 -0.721702 0.692146
1776831538.97906 0.145366 0.473299 0.021799 -0.009033 0.000011 -0.721716 0.692130
1776831539.14573 0.145335 0.473243 0.021782 -0.009028 0.000013 -0.721721 0.692125
1776831539.31240 0.145809 0.473677 0.021701 -0.009076 0.000019 -0.721752 0.692092
1776831539.47906 0.146262 0.474031 0.021584 -0.009122 -0.000016 -0.721795 0.692047
1776831539.64572 0.146354 0.474125 0.021655 -0.009120 -0.000031 -0.721791 0.692051
1776831539.81242 0.146208 0.473946 0.021700 -0.009103 -0.000047 -0.721782 0.692060
1776831539.97905 0.146481 0.474343 0.021782 -0.009105 -0.000027 -0.721787 0.692055
1776831540.14571 0.146747 0.474749 0.021956 -0.009111 -0.000039 -0.721781 0.692061
1776831540.31237 0.146776 0.474916 0.022209 -0.009081 -0.000018 -0.721776 0.692067
1776831540.47907 0.146657 0.474638 0.022530 -0.009037 0.000023 -0.721751 0.692094
1776831540.64575 0.146659 0.474451 0.022610 -0.009042 -0.000000 -0.721756 0.692089
1776831540.81241 0.146305 0.474041 0.022464 -0.009038 -0.000019 -0.721727 0.692118
1776831540.97909 0.145976 0.474160 0.022110 -0.009074 -0.000067 -0.721707 0.692140
1776831541.14576 0.145895 0.474266 0.022187 -0.009056 -0.000014 -0.721688 0.692159
1776831541.31242 0.145769 0.474374 0.022093 -0.009103 -0.000032 -0.721654 0.692194
1776831541.47909 0.145672 0.474470 0.022359 -0.009066 0.000006 -0.721626 0.692223
1776831541.64576 0.145474 0.474418 0.022425 -0.009043 0.000028 -0.721584 0.692268
1776831541.81242 0.145710 0.475043 0.022292 -0.009110 0.000013 -0.721557 0.692295
1776831541.97908 0.145639 0.475128 0.022584 -0.009096 0.000035 -0.721513 0.692341
1776831542.14575 0.145358 0.475107 0.022464 -0.009098 0.000035 -0.721461 0.692395
1776831542.31242 0.145343 0.475320 0.022325 -0.009115 -0.000026 -0.721440 0.692416
1776831542.47908 0.145524 0.475526 0.022410 -0.009105 -0.000001 -0.721445 0.692412
1776831542.64572 0.145274 0.475522 0.022578 -0.009095 -0.000031 -0.721413 0.692445
1776831542.81240 0.145119 0.475414 0.022621 -0.009041 -0.000051 -0.721401 0.692459
1776831542.97906 0.144956 0.475228 0.022319 -0.009058 -0.000065 -0.721385 0.692475
1776831543.14573 0.144707 0.475300 0.022562 -0.009017 -0.000027 -0.721353 0.692508
1776831543.31240 0.144555 0.475357 0.022859 -0.008986 -0.000037 -0.721361 0.692501
1776831543.47905 0.144379 0.474952 0.022916 -0.008932 -0.000017 -0.721356 0.692507
1776831543.64572 0.144733 0.475175 0.022503 -0.009000 -0.000046 -0.721381 0.692479
1776831543.81238 0.144916 0.475440 0.022315 -0.009039 -0.000052 -0.721379 0.692481
1776831543.97904 0.145259 0.475620 0.022641 -0.009000 -0.000002 -0.721400 0.692460
1776831544.14570 0.145558 0.476039 0.022235 -0.009074 -0.000072 -0.721414 0.692444
1776831544.31236 0.145911 0.476632 0.022342 -0.009065 -0.000044 -0.721432 0.692425
1776831544.47900 0.146167 0.476844 0.022305 -0.009058 -0.000028 -0.721448 0.692410
1776831544.64568 0.146083 0.477069 0.022441 -0.009041 -0.000050 -0.721459 0.692398
1776831544.81237 0.146607 0.477347 0.022532 -0.009059 -0.000016 -0.721476 0.692380
1776831544.97903 0.146715 0.477261 0.022640 -0.009054 -0.000006 -0.721497 0.692359
1776831545.14570 0.146727 0.477138 0.022567 -0.009075 -0.000023 -0.721511 0.692344
1776831545.31236 0.146574 0.476808 0.022646 -0.009067 -0.000034 -0.721519 0.692335
1776831545.47900 0.146441 0.476668 0.022746 -0.009074 -0.000036 -0.721525 0.692329
1776831545.64568 0.146358 0.476572 0.022694 -0.009058 -0.000009 -0.721525 0.692329
1776831545.81234 0.146626 0.476764 0.022462 -0.009151 -0.000029 -0.721527 0.692325
1776831545.97899 0.146688 0.476896 0.022342 -0.009179 -0.000067 -0.721527 0.692326
1776831546.14565 0.146733 0.476825 0.022242 -0.009185 -0.000064 -0.721536 0.692316
1776831546.31230 0.146645 0.476802 0.022120 -0.009183 -0.000058 -0.721537 0.692315
1776831546.47895 0.146679 0.476921 0.022221 -0.009184 -0.000074 -0.721543 0.692308
1776831546.64562 0.146849 0.476885 0.022345 -0.009149 0.000010 -0.721559 0.692292
1776831546.81229 0.146928 0.476971 0.022500 -0.009144 0.000029 -0.721564 0.692287
1776831546.97896 0.147079 0.477360 0.022485 -0.009185 -0.000015 -0.721558 0.692293
1776831547.14562 0.146794 0.477342 0.022474 -0.009176 -0.000049 -0.721539 0.692313
1776831547.31227 0.146836 0.477236 0.022527 -0.009127 -0.000012 -0.721552 0.692300
1776831547.47894 0.146616 0.476960 0.022265 -0.009161 -0.000064 -0.721546 0.692306
1776831547.64561 0.147039 0.477245 0.022248 -0.009154 -0.000068 -0.721591 0.692259
1776831547.81231 0.146740 0.476944 0.022407 -0.009104 -0.000030 -0.721582 0.692269
1776831547.97898 0.146260 0.476423 0.022214 -0.009135 -0.000093 -0.721571 0.692281
1776831548.14565 0.145656 0.475981 0.022152 -0.009121 -0.000092 -0.721538 0.692315
1776831548.31230 0.145778 0.476078 0.022028 -0.009183 -0.000113 -0.721542 0.692310
1776831548.47897 0.145895 0.476252 0.022026 -0.009181 -0.000130 -0.721535 0.692317
1776831548.64563 0.146049 0.476231 0.021954 -0.009192 -0.000135 -0.721540 0.692312
1776831548.81227 0.146035 0.476152 0.022029 -0.009126 -0.000113 -0.721541 0.692311
1776831548.97898 0.146053 0.476211 0.022181 -0.009154 -0.000127 -0.721558 0.692294
1776831549.14565 0.146187 0.476211 0.022146 -0.009198 -0.000140 -0.721555 0.692296
1776831549.31232 0.146151 0.476054 0.022163 -0.009176 -0.000120 -0.721569 0.692282
1776831549.47897 0.146302 0.476007 0.021868 -0.009240 -0.000150 -0.721601 0.692248
1776831549.64565 0.146399 0.475830 0.021850 -0.009206 -0.000152 -0.721630 0.692218
1776831549.81231 0.146642 0.475978 0.021515 -0.009285 -0.000224 -0.721678 0.692167
1776831549.97896 0.146939 0.476151 0.021714 -0.009234 -0.000187 -0.721690 0.692154
1776831550.14562 0.146930 0.476252 0.021842 -0.009206 -0.000232 -0.721706 0.692138
1776831550.31228 0.147312 0.476398 0.022228 -0.009174 -0.000195 -0.721735 0.692109
1776831550.47896 0.147228 0.476514 0.022168 -0.009153 -0.000222 -0.721743 0.692101
1776831550.64562 0.147272 0.476691 0.022118 -0.009182 -0.000245 -0.721759 0.692084
1776831550.81228 0.147487 0.476886 0.022009 -0.009187 -0.000231 -0.721754 0.692088
1776831550.97893 0.147533 0.477183 0.022094 -0.009192 -0.000232 -0.721744 0.692099
1776831551.14560 0.147574 0.477311 0.022196 -0.009199 -0.000233 -0.721726 0.692118
1776831551.31226 0.147782 0.477425 0.022415 -0.009186 -0.000203 -0.721736 0.692108
1776831551.47894 0.147754 0.477552 0.022452 -0.009172 -0.000206 -0.721739 0.692104
1776831551.64561 0.147669 0.477373 0.022529 -0.009178 -0.000196 -0.721744 0.692099
1776831551.81228 0.147367 0.477003 0.022431 -0.009156 -0.000192 -0.721732 0.692112
1776831551.97895 0.147134 0.476556 0.022621 -0.009105 -0.000174 -0.721757 0.692087
1776831552.14562 0.147000 0.476309 0.022472 -0.009117 -0.000165 -0.721744 0.692101
1776831552.31229 0.147067 0.476270 0.022310 -0.009147 -0.000167 -0.721743 0.692101
1776831552.47895 0.147239 0.476245 0.022584 -0.009112 -0.000139 -0.721750 0.692093
1776831552.64562 0.147107 0.476484 0.022353 -0.009147 -0.000207 -0.721736 0.692108
1776831552.81230 0.146993 0.476345 0.022354 -0.009136 -0.000159 -0.721723 0.692122
1776831552.97895 0.147144 0.476444 0.022247 -0.009167 -0.000149 -0.721731 0.692113
1776831553.14561 0.147335 0.476743 0.022153 -0.009248 -0.000175 -0.721714 0.692129
1776831553.31227 0.147219 0.476699 0.022116 -0.009243 -0.000183 -0.721716 0.692127
1776831553.47893 0.147117 0.476665 0.022049 -0.009285 -0.000192 -0.721707 0.692136
1776831553.64560 0.147176 0.476651 0.021998 -0.009311 -0.000186 -0.721703 0.692140
1776831553.81226 0.147254 0.476971 0.021665 -0.009387 -0.000226 -0.721690 0.692153
1776831553.97892 0.147441 0.477208 0.021622 -0.009418 -0.000195 -0.721708 0.692133
1776831554.14558 0.147644 0.477362 0.021620 -0.009451 -0.000197 -0.721695 0.692146
1776831554.31225 0.147659 0.477444 0.021878 -0.009429 -0.000131 -0.721699 0.692143
1776831554.47891 0.147830 0.477493 0.021985 -0.009398 -0.000079 -0.721712 0.692129
1776831554.64557 0.147910 0.477545 0.022084 -0.009404 -0.000066 -0.721707 0.692134
1776831554.81226 0.147961 0.477285 0.022103 -0.009380 -0.000069 -0.721717 0.692124
1776831554.97893 0.147917 0.477336 0.022089 -0.009391 -0.000118 -0.721715 0.692127
1776831555.14560 0.148099 0.477616 0.022168 -0.009360 -0.000108 -0.721735 0.692106
1776831555.31227 0.148201 0.477616 0.022162 -0.009377 -0.000147 -0.721747 0.692093
1776831555.47893 0.148109 0.477521 0.022133 -0.009371 -0.000161 -0.721745 0.692095
1776831555.64560 0.147856 0.477345 0.022028 -0.009409 -0.000217 -0.721730 0.692111
1776831555.81227 0.147853 0.477277 0.021935 -0.009373 -0.000192 -0.721726 0.692115
1776831555.97894 0.147744 0.477243 0.022015 -0.009331 -0.000187 -0.721712 0.692130
1776831556.14560 0.147835 0.477461 0.022002 -0.009367 -0.000233 -0.721709 0.692134
1776831556.31224 0.147892 0.477665 0.022043 -0.009397 -0.000226 -0.721693 0.692150
1776831556.47891 0.147735 0.477601 0.022134 -0.009366 -0.000218 -0.721662 0.692183
1776831556.64558 0.147722 0.477760 0.022085 -0.009395 -0.000248 -0.721657 0.692186
1776831556.81225 0.147596 0.477892 0.022019 -0.009410 -0.000281 -0.721643 0.692202
1776831556.97891 0.147725 0.477948 0.022112 -0.009400 -0.000258 -0.721634 0.692211
1776831557.14558 0.147739 0.477854 0.022186 -0.009368 -0.000231 -0.721622 0.692224
1776831557.31225 0.147607 0.477686 0.022127 -0.009377 -0.000246 -0.721633 0.692213
1776831557.47892 0.147483 0.477597 0.022114 -0.009367 -0.000258 -0.721612 0.692234
1776831557.64560 0.147322 0.477715 0.022163 -0.009358 -0.000249 -0.721588 0.692260
1776831557.81225 0.147427 0.477831 0.022210 -0.009371 -0.000243 -0.721589 0.692258
1776831557.97900 0.147097 0.477208 0.022406 -0.009248 -0.000115 -0.721505 0.692348
1776831558.14569 0.147691 0.476524 0.022886 -0.009186 0.000020 -0.721577 0.692273
1776831558.31238 0.148729 0.475219 0.023374 -0.009126 0.000189 -0.721713 0.692132
1776831558.47902 0.150974 0.474964 0.023543 -0.009218 0.000326 -0.721920 0.691915
1776831558.64572 0.152114 0.475212 0.023530 -0.009277 0.000257 -0.722075 0.691753
1776831558.81270 0.152230 0.475216 0.023552 -0.009283 0.000178 -0.722167 0.691656
1776831558.97962 0.152633 0.476128 0.022984 -0.009397 0.000089 -0.722238 0.691581
1776831559.14640 0.152318 0.477351 0.022548 -0.009493 -0.000098 -0.722244 0.691573
1776831559.31306 0.151840 0.477808 0.022277 -0.009480 -0.000108 -0.722208 0.691611
1776831559.47975 0.151859 0.478076 0.022182 -0.009517 -0.000078 -0.722186 0.691634
1776831559.64653 0.151938 0.477302 0.022548 -0.009499 0.000048 -0.722179 0.691641
1776831559.81322 0.152824 0.477180 0.022584 -0.009553 0.000072 -0.722220 0.691597
1776831559.97978 0.152703 0.477722 0.022530 -0.009536 -0.000076 -0.722217 0.691601
1776831560.14655 0.153269 0.478286 0.022663 -0.009555 -0.000081 -0.722245 0.691571
1776831560.31325 0.153700 0.478983 0.022886 -0.009586 -0.000097 -0.722267 0.691548
1776831560.47984 0.153131 0.477078 0.022865 -0.009446 0.000009 -0.722256 0.691561
1776831560.64645 0.153339 0.477227 0.022794 -0.009503 -0.000044 -0.722296 0.691519
1776831560.81310 0.153037 0.476787 0.022624 -0.009489 -0.000078 -0.722307 0.691507
1776831560.97980 0.152903 0.476669 0.022582 -0.009467 -0.000065 -0.722322 0.691492
1776831561.14647 0.153198 0.475917 0.022833 -0.009491 0.000039 -0.722371 0.691441
1776831561.31306 0.153539 0.475759 0.022961 -0.009529 -0.000003 -0.722438 0.691370
1776831561.47971 0.153909 0.475052 0.023206 -0.009489 0.000096 -0.722483 0.691324
1776831561.64635 0.154066 0.474493 0.023467 -0.009438 0.000168 -0.722535 0.691270
1776831561.81305 0.154706 0.474686 0.023470 -0.009485 0.000158 -0.722624 0.691176
1776831561.97976 0.155019 0.475136 0.023326 -0.009532 0.000100 -0.722681 0.691116
1776831562.14648 0.155020 0.475595 0.023385 -0.009525 0.000107 -0.722693 0.691103
1776831562.31319 0.154602 0.476793 0.023311 -0.009523 -0.000007 -0.722637 0.691162
1776831562.47992 0.152885 0.478072 0.022783 -0.009562 -0.000280 -0.722470 0.691336
1776831562.64655 0.152247 0.478545 0.022701 -0.009528 -0.000272 -0.722365 0.691446
1776831562.81326 0.151784 0.479109 0.022753 -0.009508 -0.000275 -0.722246 0.691571
1776831562.98005 0.151569 0.478483 0.022935 -0.009467 -0.000210 -0.722189 0.691631
1776831563.14677 0.151662 0.478084 0.022973 -0.009477 -0.000170 -0.722170 0.691651
1776831563.31344 0.151778 0.477919 0.022858 -0.009487 -0.000162 -0.722158 0.691663
1776831563.48012 0.151662 0.478036 0.022901 -0.009510 -0.000210 -0.722103 0.691721
1776831563.64682 0.151721 0.478285 0.022678 -0.009525 -0.000197 -0.722110 0.691713
1776831563.81347 0.151149 0.478778 0.022482 -0.009560 -0.000310 -0.722036 0.691789
1776831563.98014 0.150627 0.479004 0.022626 -0.009520 -0.000310 -0.721956 0.691874
1776831564.14683 0.150309 0.479234 0.022810 -0.009484 -0.000276 -0.721881 0.691953
1776831564.31349 0.149998 0.479426 0.022837 -0.009499 -0.000280 -0.721812 0.692024
1776831564.48014 0.149584 0.479490 0.022857 -0.009477 -0.000285 -0.721728 0.692112
1776831564.64679 0.149403 0.479929 0.022931 -0.009477 -0.000244 -0.721640 0.692203
1776831564.81346 0.148873 0.479736 0.022823 -0.009493 -0.000238 -0.721559 0.692287
1776831564.98012 0.148484 0.479923 0.022585 -0.009554 -0.000297 -0.721473 0.692377
1776831565.14677 0.148240 0.480050 0.022570 -0.009549 -0.000265 -0.721412 0.692440
1776831565.31342 0.147922 0.479894 0.022785 -0.009533 -0.000276 -0.721371 0.692483
1776831565.48009 0.147727 0.479589 0.022818 -0.009474 -0.000270 -0.721328 0.692528
1776831565.64677 0.147101 0.479196 0.022800 -0.009448 -0.000326 -0.721290 0.692568
1776831565.81344 0.146577 0.478858 0.022877 -0.009417 -0.000338 -0.721259 0.692601
1776831565.98012 0.146149 0.478520 0.022770 -0.009406 -0.000318 -0.721225 0.692637
1776831566.14678 0.145787 0.478323 0.022533 -0.009434 -0.000307 -0.721181 0.692683
1776831566.31344 0.145669 0.478527 0.022583 -0.009454 -0.000311 -0.721135 0.692730
1776831566.48010 0.145596 0.478605 0.022637 -0.009460 -0.000305 -0.721105 0.692761
1776831566.64678 0.145550 0.478753 0.022453 -0.009481 -0.000309 -0.721068 0.692799
1776831566.81344 0.145312 0.478898 0.022208 -0.009512 -0.000355 -0.721021 0.692848
1776831566.98009 0.145311 0.479193 0.022130 -0.009530 -0.000334 -0.720982 0.692889
1776831567.14674 0.145198 0.479427 0.022215 -0.009528 -0.000335 -0.720947 0.692925
1776831567.31341 0.145151 0.479515 0.022089 -0.009565 -0.000359 -0.720941 0.692931
1776831567.48008 0.145206 0.479590 0.021935 -0.009626 -0.000362 -0.720946 0.692924
1776831567.64674 0.145070 0.479645 0.021781 -0.009693 -0.000385 -0.720923 0.692947
1776831567.81340 0.144687 0.479333 0.021786 -0.009629 -0.000383 -0.720907 0.692965
1776831567.98006 0.144604 0.479155 0.021835 -0.009645 -0.000373 -0.720884 0.692988
1776831568.14672 0.144184 0.478773 0.021593 -0.009649 -0.000416 -0.720861 0.693012
1776831568.31339 0.143605 0.478242 0.021426 -0.009633 -0.000426 -0.720824 0.693051
1776831568.48005 0.143259 0.477801 0.021157 -0.009602 -0.000414 -0.720815 0.693061
1776831568.64671 0.142979 0.477648 0.021256 -0.009551 -0.000421 -0.720783 0.693094
1776831568.81339 0.142761 0.477619 0.021094 -0.009615 -0.000460 -0.720764 0.693113
1776831568.98004 0.142466 0.477397 0.021204 -0.009577 -0.000492 -0.720730 0.693149
1776831569.14671 0.142257 0.476978 0.021183 -0.009556 -0.000505 -0.720732 0.693148
1776831569.31336 0.142337 0.477162 0.021115 -0.009529 -0.000514 -0.720734 0.693146
1776831569.48002 0.142406 0.477194 0.021139 -0.009531 -0.000504 -0.720752 0.693127
1776831569.64670 0.142817 0.476148 0.020935 -0.009502 -0.000456 -0.720876 0.692999
1776831569.81336 0.142573 0.476571 0.021127 -0.009522 -0.000463 -0.720846 0.693030
1776831569.98003 0.142864 0.476992 0.021118 -0.009562 -0.000459 -0.720857 0.693018
1776831570.14668 0.142671 0.476976 0.021214 -0.009542 -0.000435 -0.720840 0.693036
1776831570.31335 0.142622 0.477292 0.020978 -0.009608 -0.000481 -0.720815 0.693061
1776831570.48001 0.142748 0.477343 0.020821 -0.009617 -0.000460 -0.720821 0.693055
1776831570.64664 0.142677 0.477119 0.020909 -0.009598 -0.000458 -0.720818 0.693058
1776831570.81334 0.142722 0.477062 0.021045 -0.009537 -0.000399 -0.720842 0.693033
1776831570.98004 0.143063 0.477175 0.021229 -0.009514 -0.000332 -0.720862 0.693013
1776831571.14670 0.142831 0.477013 0.021125 -0.009528 -0.000369 -0.720863 0.693012
1776831571.31335 0.143164 0.477155 0.021263 -0.009536 -0.000379 -0.720882 0.692992
1776831571.48002 0.143369 0.477327 0.021133 -0.009544 -0.000391 -0.720906 0.692967
1776831571.64666 0.143416 0.477352 0.021258 -0.009525 -0.000390 -0.720905 0.692968
1776831571.81332 0.143374 0.477531 0.021196 -0.009514 -0.000406 -0.720912 0.692961
1776831571.98000 0.143434 0.477548 0.021378 -0.009497 -0.000360 -0.720900 0.692974
1776831572.14667 0.143457 0.477684 0.021619 -0.009480 -0.000325 -0.720899 0.692975
1776831572.31333 0.143394 0.477675 0.021515 -0.009506 -0.000345 -0.720877 0.692998
1776831572.48000 0.143550 0.477871 0.021603 -0.009497 -0.000331 -0.720872 0.693003
1776831572.64665 0.143461 0.478141 0.021543 -0.009519 -0.000357 -0.720847 0.693028
1776831572.81331 0.143585 0.478255 0.021385 -0.009552 -0.000359 -0.720839 0.693036
1776831572.97996 0.143791 0.478314 0.021157 -0.009589 -0.000436 -0.720868 0.693006
1776831573.14663 0.143502 0.478286 0.021322 -0.009557 -0.000441 -0.720842 0.693034
1776831573.31329 0.143500 0.478405 0.021344 -0.009531 -0.000391 -0.720833 0.693043
1776831573.47995 0.143362 0.478295 0.021492 -0.009498 -0.000365 -0.720823 0.693054
1776831573.64662 0.143179 0.478247 0.021497 -0.009512 -0.000355 -0.720781 0.693098
1776831573.81329 0.143162 0.478554 0.021331 -0.009580 -0.000372 -0.720746 0.693133
1776831573.97995 0.143035 0.478598 0.021181 -0.009660 -0.000408 -0.720734 0.693144
1776831574.14661 0.143158 0.478826 0.021005 -0.009713 -0.000409 -0.720726 0.693151
1776831574.31327 0.143286 0.478954 0.021031 -0.009696 -0.000350 -0.720743 0.693135
1776831574.47993 0.143137 0.478768 0.021314 -0.009656 -0.000328 -0.720737 0.693141
1776831574.64660 0.143181 0.478718 0.021306 -0.009668 -0.000344 -0.720738 0.693140
1776831574.81327 0.143233 0.478820 0.021402 -0.009656 -0.000307 -0.720724 0.693154
1776831574.97993 0.143121 0.478942 0.021372 -0.009665 -0.000348 -0.720716 0.693163
1776831575.14661 0.143292 0.478952 0.021399 -0.009666 -0.000313 -0.720722 0.693156
1776831575.31325 0.143092 0.479052 0.021529 -0.009639 -0.000289 -0.720687 0.693193
1776831575.47990 0.143159 0.479397 0.021483 -0.009673 -0.000315 -0.720669 0.693212
1776831575.64658 0.143104 0.479492 0.021233 -0.009710 -0.000356 -0.720646 0.693235
1776831575.81324 0.142934 0.479424 0.021220 -0.009676 -0.000340 -0.720637 0.693245
1776831575.97989 0.142933 0.479434 0.021381 -0.009635 -0.000303 -0.720630 0.693252
1776831576.14657 0.142895 0.479185 0.021438 -0.009608 -0.000273 -0.720623 0.693260
1776831576.31323 0.142865 0.478994 0.021341 -0.009614 -0.000281 -0.720627 0.693256
1776831576.47989 0.142566 0.478826 0.021348 -0.009582 -0.000280 -0.720610 0.693275
1776831576.64655 0.142591 0.478796 0.021428 -0.009544 -0.000240 -0.720601 0.693285
1776831576.81323 0.142427 0.478525 0.021411 -0.009558 -0.000242 -0.720613 0.693272
1776831576.97988 0.142237 0.478267 0.021345 -0.009556 -0.000276 -0.720598 0.693288
1776831577.14654 0.142403 0.478293 0.021557 -0.009540 -0.000225 -0.720594 0.693292
1776831577.31321 0.142272 0.478538 0.021623 -0.009566 -0.000262 -0.720574 0.693312
1776831577.47987 0.142349 0.478691 0.021612 -0.009549 -0.000253 -0.720555 0.693332
1776831577.64653 0.142495 0.478913 0.021653 -0.009559 -0.000252 -0.720558 0.693328
1776831577.81319 0.142658 0.479194 0.021571 -0.009569 -0.000284 -0.720565 0.693321
1776831577.97985 0.142929 0.479295 0.021748 -0.009575 -0.000268 -0.720576 0.693310
1776831578.14651 0.142949 0.479378 0.021671 -0.009582 -0.000285 -0.720578 0.693307
1776831578.31317 0.143059 0.479572 0.021761 -0.009567 -0.000297 -0.720586 0.693299
1776831578.47982 0.143084 0.479425 0.021943 -0.009522 -0.000284 -0.720605 0.693281
1776831578.64649 0.143043 0.479316 0.021768 -0.009527 -0.000337 -0.720614 0.693271
1776831578.81314 0.142856 0.479173 0.021841 -0.009496 -0.000361 -0.720617 0.693268
1776831578.97982 0.142707 0.479002 0.021796 -0.009506 -0.000389 -0.720608 0.693278
1776831579.14648 0.142714 0.478931 0.021812 -0.009490 -0.000378 -0.720615 0.693270
1776831579.31313 0.142644 0.478758 0.021714 -0.009503 -0.000389 -0.720618 0.693267
1776831579.47979 0.142687 0.478893 0.021390 -0.009570 -0.000437 -0.720624 0.693260
1776831579.64645 0.142797 0.479057 0.021264 -0.009597 -0.000436 -0.720618 0.693266
1776831579.81310 0.142954 0.479446 0.020924 -0.009670 -0.000495 -0.720604 0.693279
1776831579.97974 0.142914 0.480015 0.020902 -0.009689 -0.000554 -0.720589 0.693294
1776831580.14640 0.143272 0.480241 0.020846 -0.009721 -0.000540 -0.720614 0.693268
1776831580.31306 0.143292 0.480247 0.021130 -0.009679 -0.000537 -0.720628 0.693254
1776831580.47975 0.143777 0.480530 0.021255 -0.009672 -0.000504 -0.720654 0.693227
1776831580.64641 0.143846 0.480636 0.021201 -0.009680 -0.000531 -0.720657 0.693224
1776831580.81308 0.144159 0.480686 0.021080 -0.009685 -0.000553 -0.720696 0.693184
1776831580.97972 0.144314 0.480975 0.021204 -0.009692 -0.000559 -0.720694 0.693185
1776831581.14642 0.144222 0.481037 0.021213 -0.009711 -0.000576 -0.720682 0.693198
1776831581.31307 0.144400 0.481642 0.021312 -0.009730 -0.000657 -0.720671 0.693208
1776831581.47973 0.144050 0.481178 0.021276 -0.009679 -0.000620 -0.720659 0.693222
1776831581.64640 0.143728 0.481189 0.021365 -0.009657 -0.000728 -0.720630 0.693252
1776831581.81305 0.143654 0.481234 0.021368 -0.009636 -0.000775 -0.720626 0.693256
1776831581.97973 0.143152 0.480328 0.021237 -0.009618 -0.000669 -0.720619 0.693265
1776831582.14640 0.143043 0.480337 0.021256 -0.009624 -0.000743 -0.720600 0.693284
1776831582.31304 0.142680 0.479889 0.021227 -0.009601 -0.000647 -0.720565 0.693320
1776831582.47975 0.142658 0.480281 0.021086 -0.009620 -0.000745 -0.720554 0.693331
1776831582.64643 0.142561 0.480670 0.020824 -0.009622 -0.000676 -0.720528 0.693359
1776831582.81308 0.142523 0.480832 0.021208 -0.009574 -0.000695 -0.720504 0.693384
1776831582.97976 0.142462 0.481198 0.021321 -0.009574 -0.000787 -0.720475 0.693415
1776831583.14641 0.142433 0.480613 0.021189 -0.009598 -0.000710 -0.720508 0.693379
1776831583.31308 0.143078 0.481313 0.021061 -0.009680 -0.000778 -0.720526 0.693360
1776831583.47976 0.143246 0.481686 0.021211 -0.009623 -0.000795 -0.720535 0.693351
1776831583.64642 0.143304 0.482304 0.021352 -0.009597 -0.000860 -0.720536 0.693351
1776831583.81306 0.143660 0.483245 0.021355 -0.009633 -0.000909 -0.720522 0.693364
1776831583.97972 0.143805 0.483496 0.021549 -0.009602 -0.000877 -0.720532 0.693354
1776831584.14642 0.143748 0.483478 0.021587 -0.009582 -0.000889 -0.720520 0.693367
1776831584.31307 0.143389 0.483350 0.021779 -0.009553 -0.000902 -0.720510 0.693378
1776831584.47974 0.143378 0.483427 0.021627 -0.009585 -0.000920 -0.720494 0.693394
1776831584.64643 0.143627 0.483684 0.021605 -0.009583 -0.000893 -0.720495 0.693393
1776831584.81310 0.143552 0.483814 0.021564 -0.009604 -0.000947 -0.720483 0.693406
1776831584.97972 0.142640 0.479291 0.022447 -0.009277 -0.000601 -0.720555 0.693336
1776831585.14630 0.142580 0.479226 0.022182 -0.009261 -0.000711 -0.720583 0.693307
1776831585.31297 0.142427 0.479705 0.021853 -0.009325 -0.000891 -0.720579 0.693310
1776831585.47966 0.142188 0.480281 0.021471 -0.009373 -0.000981 -0.720589 0.693299
1776831585.64624 0.142668 0.481123 0.021303 -0.009443 -0.000939 -0.720578 0.693309
1776831585.81294 0.143067 0.482183 0.021308 -0.009503 -0.000956 -0.720580 0.693306
1776831585.97962 0.143058 0.482273 0.021173 -0.009552 -0.000977 -0.720557 0.693329
1776831586.14628 0.143521 0.483065 0.021025 -0.009622 -0.000996 -0.720538 0.693348
1776831586.31297 0.143757 0.483803 0.020944 -0.009684 -0.001061 -0.720511 0.693375
1776831586.47964 0.143629 0.484072 0.021117 -0.009665 -0.001049 -0.720494 0.693393
1776831586.64630 0.143788 0.484378 0.021149 -0.009668 -0.001040 -0.720473 0.693415
1776831586.81296 0.143821 0.484752 0.021200 -0.009684 -0.001052 -0.720456 0.693432
1776831586.97963 0.143972 0.484957 0.021076 -0.009720 -0.001116 -0.720452 0.693436
1776831587.14632 0.144185 0.485056 0.020938 -0.009759 -0.001154 -0.720456 0.693431
1776831587.31294 0.144231 0.485268 0.021103 -0.009721 -0.001146 -0.720452 0.693436
1776831587.47962 0.144463 0.483482 0.020513 -0.009724 -0.001045 -0.720573 0.693310
1776831587.64633 0.144736 0.483642 0.020414 -0.009740 -0.001110 -0.720606 0.693276
1776831587.81302 0.144411 0.484358 0.020145 -0.009771 -0.001294 -0.720566 0.693316
1776831587.97965 0.144428 0.484912 0.020039 -0.009832 -0.001340 -0.720546 0.693336
1776831588.14629 0.144460 0.485714 0.020282 -0.009839 -0.001364 -0.720510 0.693374
1776831588.31302 0.144585 0.486254 0.020607 -0.009844 -0.001371 -0.720469 0.693416
1776831588.47967 0.144965 0.486841 0.020857 -0.009864 -0.001350 -0.720465 0.693420
1776831588.64637 0.145302 0.487159 0.020976 -0.009850 -0.001330 -0.720474 0.693411
1776831588.81307 0.145316 0.486997 0.020897 -0.009865 -0.001361 -0.720493 0.693390
1776831588.97974 0.145385 0.487047 0.020802 -0.009857 -0.001394 -0.720519 0.693363
1776831589.14643 0.145078 0.486486 0.020627 -0.009849 -0.001402 -0.720517 0.693366
1776831589.31306 0.145505 0.487044 0.020603 -0.009891 -0.001454 -0.720504 0.693379
1776831589.47975 0.145698 0.487336 0.020640 -0.009904 -0.001483 -0.720523 0.693359
1776831589.64642 0.145945 0.487358 0.020561 -0.009883 -0.001458 -0.720552 0.693329
1776831589.81310 0.145457 0.484341 0.020538 -0.009734 -0.001261 -0.720611 0.693270
1776831589.97984 0.144987 0.484216 0.020593 -0.009629 -0.001347 -0.720612 0.693270
1776831590.14641 0.145582 0.484613 0.020531 -0.009747 -0.001283 -0.720614 0.693267
1776831590.31309 0.145787 0.484373 0.020712 -0.009698 -0.001221 -0.720638 0.693243
1776831590.47975 0.146178 0.484447 0.020860 -0.009697 -0.001227 -0.720677 0.693202
1776831590.64643 0.145733 0.484052 0.020970 -0.009614 -0.001301 -0.720710 0.693169
1776831590.81309 0.145106 0.483951 0.021081 -0.009548 -0.001377 -0.720687 0.693193
1776831590.97975 0.144586 0.485099 0.020743 -0.009584 -0.001572 -0.720627 0.693255
1776831591.14645 0.144384 0.488070 0.020151 -0.009763 -0.001862 -0.720473 0.693412
1776831591.31292 0.144521 0.490322 0.019691 -0.009943 -0.001794 -0.720308 0.693581
1776831591.47974 0.143707 0.491401 0.019454 -0.010019 -0.001819 -0.720091 0.693804
1776831591.64669 0.143121 0.491455 0.019443 -0.010032 -0.001671 -0.719925 0.693978
1776831591.81353 0.143506 0.493116 0.019458 -0.010176 -0.001713 -0.719817 0.694087
1776831591.98029 0.144401 0.494469 0.019857 -0.010309 -0.001686 -0.719747 0.694158
1776831592.14704 0.145085 0.495162 0.020376 -0.010274 -0.001582 -0.719736 0.694170
1776831592.31375 0.144723 0.493872 0.020925 -0.010141 -0.001538 -0.719748 0.694160
1776831592.48040 0.144664 0.492595 0.021239 -0.010042 -0.001471 -0.719791 0.694116
1776831592.64710 0.144372 0.491791 0.021094 -0.010001 -0.001533 -0.719809 0.694098
1776831592.81380 0.144005 0.490924 0.020923 -0.009962 -0.001575 -0.719864 0.694042
1776831592.98047 0.144033 0.490550 0.020930 -0.009954 -0.001570 -0.719921 0.693983
1776831593.14715 0.144283 0.490331 0.020678 -0.009991 -0.001539 -0.719955 0.693947
1776831593.31381 0.144488 0.490212 0.020736 -0.010004 -0.001535 -0.720023 0.693877
1776831593.48047 0.144489 0.489588 0.020668 -0.010024 -0.001527 -0.720070 0.693827
1776831593.64715 0.144543 0.489731 0.020419 -0.010070 -0.001568 -0.720082 0.693814
1776831593.81384 0.144737 0.489551 0.020196 -0.010095 -0.001548 -0.720118 0.693776
1776831593.98049 0.144844 0.489756 0.020432 -0.010051 -0.001504 -0.720107 0.693788
1776831594.14718 0.144663 0.489657 0.020590 -0.010039 -0.001532 -0.720134 0.693761
1776831594.31384 0.144666 0.489426 0.020648 -0.010008 -0.001494 -0.720153 0.693742
1776831594.48048 0.144592 0.489402 0.020505 -0.010045 -0.001475 -0.720139 0.693756
1776831594.64725 0.144805 0.489631 0.020608 -0.010078 -0.001478 -0.720120 0.693775
1776831594.81394 0.144873 0.489661 0.020595 -0.010039 -0.001479 -0.720148 0.693746
1776831594.98057 0.144839 0.489399 0.020715 -0.010055 -0.001482 -0.720156 0.693737
1776831595.14722 0.144944 0.489732 0.020670 -0.010066 -0.001505 -0.720172 0.693721
1776831595.31384 0.145131 0.490074 0.020922 -0.010016 -0.001451 -0.720141 0.693754
1776831595.48054 0.144748 0.489642 0.020805 -0.010004 -0.001486 -0.720144 0.693751
1776831595.64722 0.144866 0.489599 0.020872 -0.010016 -0.001480 -0.720158 0.693736
1776831595.81389 0.144896 0.489701 0.020837 -0.009993 -0.001467 -0.720138 0.693757
1776831595.98057 0.145075 0.489537 0.020590 -0.010063 -0.001500 -0.720178 0.693715
1776831596.14726 0.145343 0.489851 0.020370 -0.010115 -0.001542 -0.720202 0.693689
1776831596.31387 0.145488 0.490368 0.020350 -0.010140 -0.001555 -0.720177 0.693715
1776831596.48053 0.145547 0.490575 0.020356 -0.010147 -0.001566 -0.720172 0.693720
1776831596.64721 0.145850 0.491039 0.020637 -0.010095 -0.001520 -0.720171 0.693722
1776831596.81389 0.145930 0.491185 0.020664 -0.010119 -0.001535 -0.720168 0.693724
1776831596.98056 0.146013 0.491299 0.020581 -0.010157 -0.001585 -0.720161 0.693731
1776831597.14722 0.145812 0.491751 0.020888 -0.010091 -0.001630 -0.720079 0.693817
1776831597.31391 0.145724 0.491946 0.021030 -0.010059 -0.001634 -0.720057 0.693840
1776831597.48055 0.145882 0.493081 0.021126 -0.010079 -0.001692 -0.719967 0.693933
1776831597.64723 0.145993 0.493552 0.021041 -0.010097 -0.001767 -0.719948 0.693952
1776831597.81381 0.145943 0.494164 0.021078 -0.010085 -0.001823 -0.719890 0.694013
1776831597.98048 0.145988 0.494559 0.021421 -0.010026 -0.001809 -0.719894 0.694009
1776831598.14722 0.146147 0.494886 0.021493 -0.010082 -0.001825 -0.719868 0.694036
1776831598.31390 0.146450 0.495887 0.021237 -0.010121 -0.001925 -0.719793 0.694112
1776831598.48057 0.146471 0.496021 0.021345 -0.010085 -0.001905 -0.719792 0.694114
1776831598.64723 0.146381 0.496204 0.021536 -0.010049 -0.001898 -0.719796 0.694110
1776831598.81395 0.146285 0.495664 0.021784 -0.009987 -0.001869 -0.719814 0.694093
1776831598.98060 0.146085 0.495161 0.021905 -0.009906 -0.001811 -0.719826 0.694081
1776831599.14728 0.145857 0.494300 0.021920 -0.009840 -0.001737 -0.719828 0.694081
1776831599.31398 0.145167 0.492920 0.021920 -0.009753 -0.001704 -0.719848 0.694061
1776831599.48069 0.145013 0.492215 0.021841 -0.009751 -0.001680 -0.719883 0.694025
1776831599.64733 0.145113 0.491943 0.021741 -0.009764 -0.001682 -0.719913 0.693994
1776831599.81399 0.144699 0.491498 0.021791 -0.009713 -0.001701 -0.719928 0.693978
1776831599.98064 0.144815 0.491306 0.021872 -0.009694 -0.001629 -0.719954 0.693952
1776831600.14736 0.144801 0.491125 0.021911 -0.009707 -0.001629 -0.719978 0.693927
1776831600.31406 0.144983 0.490932 0.021787 -0.009708 -0.001634 -0.720003 0.693901
1776831600.48067 0.144924 0.490756 0.021485 -0.009752 -0.001669 -0.720013 0.693890
1776831600.64732 0.145084 0.490810 0.021359 -0.009781 -0.001684 -0.720046 0.693855
1776831600.81396 0.145293 0.490607 0.021253 -0.009794 -0.001648 -0.720074 0.693826
1776831600.98068 0.145359 0.490628 0.021274 -0.009796 -0.001680 -0.720095 0.693805
1776831601.14734 0.145379 0.490474 0.021383 -0.009730 -0.001684 -0.720117 0.693782
1776831601.31398 0.145484 0.490484 0.021538 -0.009684 -0.001694 -0.720142 0.693757
1776831601.48064 0.146132 0.491138 0.021474 -0.009753 -0.001695 -0.720173 0.693723
1776831601.64729 0.146303 0.491441 0.021653 -0.009732 -0.001690 -0.720186 0.693710
1776831601.81396 0.146542 0.491434 0.021665 -0.009789 -0.001682 -0.720208 0.693688
1776831601.98064 0.146721 0.491534 0.021665 -0.009813 -0.001664 -0.720236 0.693658
1776831602.14732 0.147040 0.491817 0.021505 -0.009849 -0.001694 -0.720259 0.693634
1776831602.31398 0.147192 0.491743 0.021585 -0.009816 -0.001635 -0.720286 0.693606
1776831602.48064 0.147375 0.491613 0.021535 -0.009833 -0.001648 -0.720309 0.693582
1776831602.64730 0.147379 0.491711 0.021745 -0.009802 -0.001674 -0.720309 0.693582
1776831602.81395 0.147181 0.491457 0.021961 -0.009762 -0.001648 -0.720303 0.693589
1776831602.98060 0.147633 0.491776 0.022045 -0.009756 -0.001586 -0.720312 0.693580
1776831603.14728 0.147546 0.491758 0.022225 -0.009692 -0.001573 -0.720317 0.693575
1776831603.31397 0.147640 0.491992 0.022294 -0.009690 -0.001579 -0.720316 0.693576
1776831603.48063 0.147652 0.492366 0.022228 -0.009745 -0.001645 -0.720300 0.693592
1776831603.64730 0.147545 0.491897 0.022142 -0.009733 -0.001629 -0.720311 0.693581
1776831603.81395 0.147831 0.492295 0.021983 -0.009746 -0.001652 -0.720307 0.693585
1776831603.98060 0.147916 0.492637 0.022124 -0.009742 -0.001678 -0.720303 0.693589
1776831604.14726 0.148008 0.492550 0.022189 -0.009727 -0.001646 -0.720312 0.693580
1776831604.31393 0.148208 0.492900 0.022406 -0.009690 -0.001658 -0.720323 0.693569
1776831604.48060 0.148066 0.492749 0.022566 -0.009673 -0.001663 -0.720313 0.693580
1776831604.64727 0.147414 0.492392 0.022437 -0.009706 -0.001670 -0.720294 0.693599
1776831604.81392 0.146568 0.491524 0.022234 -0.009715 -0.001614 -0.720261 0.693633
1776831604.98060 0.145765 0.490437 0.022176 -0.009683 -0.001520 -0.720252 0.693644
1776831605.14729 0.146922 0.491574 0.021714 -0.009826 -0.001572 -0.720251 0.693642
1776831605.31397 0.146287 0.490951 0.021633 -0.009800 -0.001557 -0.720224 0.693671
1776831605.48066 0.145569 0.490111 0.021935 -0.009718 -0.001472 -0.720211 0.693686
1776831605.64732 0.144886 0.489275 0.021710 -0.009757 -0.001461 -0.720206 0.693690
1776831605.81398 0.144785 0.489010 0.021485 -0.009827 -0.001411 -0.720181 0.693715
1776831605.98067 0.144463 0.488325 0.021329 -0.009867 -0.001364 -0.720175 0.693720
1776831606.14733 0.144268 0.487988 0.020981 -0.009908 -0.001342 -0.720149 0.693747
1776831606.31399 0.144186 0.488430 0.020773 -0.009988 -0.001410 -0.720123 0.693773
1776831606.48064 0.144153 0.488389 0.020569 -0.010008 -0.001415 -0.720112 0.693785
1776831606.64731 0.144231 0.488378 0.020437 -0.010061 -0.001424 -0.720110 0.693786
1776831606.81397 0.144585 0.488868 0.020274 -0.010112 -0.001451 -0.720089 0.693807
1776831606.98065 0.144965 0.489461 0.020298 -0.010126 -0.001450 -0.720071 0.693825
1776831607.14731 0.145158 0.490198 0.020279 -0.010136 -0.001506 -0.720066 0.693830
1776831607.31398 0.145082 0.490476 0.020538 -0.010092 -0.001488 -0.720064 0.693833
1776831607.48061 0.145560 0.490678 0.020504 -0.010144 -0.001449 -0.720063 0.693833
1776831607.64731 0.145741 0.491002 0.020759 -0.010120 -0.001436 -0.720080 0.693816
1776831607.81397 0.145813 0.491505 0.021042 -0.010087 -0.001435 -0.720069 0.693828
1776831607.98062 0.145868 0.491404 0.021125 -0.010076 -0.001387 -0.720074 0.693823
1776831608.14730 0.146003 0.491510 0.021185 -0.010102 -0.001393 -0.720073 0.693824
1776831608.31398 0.146485 0.491974 0.021169 -0.010117 -0.001412 -0.720096 0.693799
1776831608.48066 0.146612 0.491980 0.021097 -0.010169 -0.001491 -0.720102 0.693792
1776831608.64733 0.146652 0.492369 0.021151 -0.010166 -0.001498 -0.720102 0.693792
1776831608.81400 0.146667 0.492473 0.021304 -0.010116 -0.001508 -0.720082 0.693813
1776831608.98067 0.146876 0.492788 0.021312 -0.010113 -0.001526 -0.720076 0.693820
1776831609.14734 0.146611 0.492726 0.021522 -0.010020 -0.001493 -0.720068 0.693830
1776831609.31400 0.146565 0.492743 0.021690 -0.009969 -0.001489 -0.720070 0.693828
1776831609.48067 0.146368 0.492383 0.021609 -0.009992 -0.001525 -0.720064 0.693834
1776831609.64734 0.146513 0.492578 0.021469 -0.010007 -0.001552 -0.720068 0.693829
1776831609.81403 0.146701 0.492684 0.021502 -0.010044 -0.001577 -0.720079 0.693818
1776831609.98068 0.146623 0.492948 0.021419 -0.010048 -0.001619 -0.720050 0.693848
1776831610.14735 0.146569 0.492773 0.021201 -0.010058 -0.001653 -0.720047 0.693850
1776831610.31400 0.146512 0.493087 0.020938 -0.010117 -0.001735 -0.720059 0.693837
1776831610.48063 0.146537 0.493026 0.021058 -0.010095 -0.001687 -0.720049 0.693848
1776831610.64736 0.146452 0.493245 0.021088 -0.010100 -0.001722 -0.720040 0.693857
1776831610.81402 0.146543 0.493048 0.020934 -0.010137 -0.001660 -0.720031 0.693866
1776831610.98070 0.146267 0.491740 0.020277 -0.010239 -0.001707 -0.720113 0.693779
1776831611.14739 0.146108 0.491236 0.019939 -0.010310 -0.001765 -0.720148 0.693741
1776831611.31405 0.146307 0.490912 0.019645 -0.010406 -0.001763 -0.720185 0.693701
1776831611.48073 0.146532 0.491042 0.019411 -0.010473 -0.001764 -0.720223 0.693661
1776831611.64736 0.146711 0.491325 0.019146 -0.010531 -0.001789 -0.720243 0.693640
1776831611.81407 0.147003 0.491713 0.019036 -0.010621 -0.001822 -0.720233 0.693649
1776831611.98070 0.147024 0.492320 0.018840 -0.010676 -0.001867 -0.720194 0.693688
1776831612.14731 0.147266 0.492889 0.018598 -0.010733 -0.001902 -0.720176 0.693706
1776831612.31407 0.147464 0.493278 0.018959 -0.010686 -0.001868 -0.720169 0.693714
1776831612.48072 0.147533 0.493894 0.018841 -0.010751 -0.001964 -0.720135 0.693748
1776831612.64739 0.147507 0.494199 0.018894 -0.010757 -0.001997 -0.720125 0.693758
1776831612.81396 0.147475 0.494321 0.018818 -0.010728 -0.001979 -0.720091 0.693794
1776831612.98069 0.147686 0.495052 0.018925 -0.010759 -0.002009 -0.720073 0.693812
1776831613.14742 0.148115 0.495679 0.018974 -0.010791 -0.001984 -0.720041 0.693845
1776831613.31419 0.148065 0.496624 0.019288 -0.010764 -0.002061 -0.719968 0.693921
1776831613.48080 0.147860 0.496437 0.019218 -0.010736 -0.002057 -0.719976 0.693913
1776831613.64748 0.147689 0.496075 0.019217 -0.010700 -0.001992 -0.719967 0.693923
1776831613.81420 0.147745 0.496087 0.019380 -0.010722 -0.002001 -0.719947 0.693943
1776831613.98083 0.147435 0.496018 0.019337 -0.010707 -0.002026 -0.719916 0.693976
1776831614.14751 0.147292 0.496413 0.019459 -0.010667 -0.002050 -0.719859 0.694035
1776831614.31419 0.147278 0.496743 0.019524 -0.010691 -0.002081 -0.719813 0.694082
1776831614.48092 0.147278 0.497076 0.019498 -0.010685 -0.002062 -0.719772 0.694125
1776831614.64756 0.147223 0.497106 0.019762 -0.010649 -0.001995 -0.719719 0.694181
1776831614.81424 0.147339 0.497746 0.019969 -0.010608 -0.001972 -0.719694 0.694207
1776831614.98092 0.147228 0.497877 0.020036 -0.010562 -0.001935 -0.719674 0.694229
1776831615.14761 0.147219 0.497915 0.020679 -0.010472 -0.001849 -0.719666 0.694239
1776831615.31427 0.146920 0.497361 0.020906 -0.010405 -0.001761 -0.719664 0.694242
1776831615.48092 0.147269 0.497602 0.021320 -0.010379 -0.001709 -0.719671 0.694236
1776831615.64759 0.146966 0.497091 0.021240 -0.010365 -0.001713 -0.719689 0.694217
1776831615.81427 0.146768 0.496538 0.021053 -0.010367 -0.001709 -0.719699 0.694206
1776831615.98095 0.146512 0.496236 0.021177 -0.010343 -0.001673 -0.719693 0.694213
1776831616.14762 0.146413 0.496214 0.021084 -0.010323 -0.001660 -0.719690 0.694217
1776831616.31427 0.146453 0.496136 0.020969 -0.010337 -0.001668 -0.719697 0.694209
1776831616.48093 0.146403 0.495797 0.020939 -0.010324 -0.001630 -0.719707 0.694199
1776831616.64761 0.146663 0.495975 0.021255 -0.010282 -0.001591 -0.719719 0.694188
1776831616.81427 0.146876 0.496324 0.021329 -0.010267 -0.001591 -0.719734 0.694173
1776831616.98093 0.146894 0.496244 0.021494 -0.010235 -0.001587 -0.719737 0.694169
1776831617.14759 0.147220 0.496463 0.021672 -0.010252 -0.001548 -0.719735 0.694171
1776831617.31428 0.147343 0.496576 0.021575 -0.010261 -0.001588 -0.719744 0.694162
1776831617.48091 0.147151 0.496232 0.021600 -0.010229 -0.001608 -0.719756 0.694149
1776831617.64757 0.147009 0.495752 0.021469 -0.010196 -0.001560 -0.719784 0.694122
1776831617.81425 0.146583 0.494880 0.021381 -0.010164 -0.001535 -0.719782 0.694124
1776831617.98093 0.146360 0.494649 0.021331 -0.010206 -0.001593 -0.719787 0.694119
1776831618.14758 0.146156 0.494733 0.021202 -0.010223 -0.001614 -0.719759 0.694147
1776831618.31424 0.146174 0.494984 0.021460 -0.010185 -0.001565 -0.719724 0.694184
1776831618.48092 0.146096 0.495124 0.021267 -0.010225 -0.001595 -0.719700 0.694208
1776831618.64757 0.146049 0.495082 0.021144 -0.010276 -0.001579 -0.719688 0.694220
1776831618.81423 0.145939 0.494746 0.020786 -0.010316 -0.001605 -0.719681 0.694226
1776831618.98085 0.145840 0.489254 0.021986 -0.009910 -0.001391 -0.720113 0.693785
1776831619.14755 0.146071 0.489097 0.021991 -0.009898 -0.001293 -0.720131 0.693766
1776831619.31418 0.146409 0.491104 0.021070 -0.010041 -0.001581 -0.720136 0.693758
1776831619.48087 0.146972 0.493134 0.020434 -0.010244 -0.001687 -0.720078 0.693816
1776831619.64746 0.146390 0.493491 0.020402 -0.010208 -0.001639 -0.719987 0.693911
1776831619.81417 0.146042 0.493065 0.020824 -0.010152 -0.001451 -0.719907 0.693995
1776831619.98101 0.146880 0.492845 0.021077 -0.010217 -0.001251 -0.719935 0.693965
1776831620.14760 0.146400 0.492280 0.021312 -0.010125 -0.001338 -0.719933 0.693969
1776831620.31420 0.147580 0.492366 0.021112 -0.010244 -0.001192 -0.720011 0.693886
1776831620.48089 0.147474 0.492822 0.020877 -0.010242 -0.001389 -0.720050 0.693845
1776831620.64772 0.146672 0.493373 0.020681 -0.010203 -0.001532 -0.719976 0.693922
1776831620.81421 0.146724 0.492287 0.021082 -0.010194 -0.001274 -0.719978 0.693921
1776831620.98077 0.146608 0.492152 0.021136 -0.010174 -0.001292 -0.719978 0.693921
1776831621.14739 0.146530 0.492508 0.020908 -0.010207 -0.001393 -0.719962 0.693937
1776831621.31405 0.146729 0.493094 0.020859 -0.010264 -0.001438 -0.719937 0.693962
1776831621.48071 0.146702 0.493751 0.020825 -0.010263 -0.001473 -0.719913 0.693987
1776831621.64738 0.146727 0.493965 0.020841 -0.010281 -0.001493 -0.719885 0.694016
1776831621.81406 0.146522 0.493991 0.020796 -0.010301 -0.001541 -0.719862 0.694039
1776831621.98071 0.146760 0.494528 0.020754 -0.010345 -0.001534 -0.719840 0.694061
1776831622.14744 0.148883 0.491211 0.021221 -0.010258 -0.001126 -0.720257 0.693630
1776831622.31398 0.148891 0.490400 0.021571 -0.010180 -0.001189 -0.720405 0.693478
1776831622.48069 0.149360 0.490044 0.021794 -0.010104 -0.001128 -0.720514 0.693365
1776831622.64743 0.149548 0.490158 0.021669 -0.010096 -0.001247 -0.720590 0.693287
1776831622.81415 0.149515 0.490752 0.021625 -0.010140 -0.001348 -0.720577 0.693300
1776831622.98084 0.149256 0.491347 0.021329 -0.010172 -0.001458 -0.720525 0.693353
1776831623.14750 0.149246 0.492047 0.021071 -0.010229 -0.001498 -0.720473 0.693405
1776831623.31416 0.149017 0.492148 0.020923 -0.010207 -0.001470 -0.720431 0.693450
1776831623.48082 0.148831 0.492427 0.020886 -0.010255 -0.001499 -0.720382 0.693500
1776831623.64749 0.148713 0.492797 0.020836 -0.010288 -0.001497 -0.720346 0.693537
1776831623.81416 0.148525 0.492546 0.020519 -0.010331 -0.001539 -0.720309 0.693575
1776831623.98084 0.148302 0.492508 0.020410 -0.010329 -0.001551 -0.720262 0.693623
1776831624.14750 0.148022 0.492514 0.020211 -0.010350 -0.001594 -0.720226 0.693661
1776831624.31415 0.148039 0.492851 0.020139 -0.010359 -0.001631 -0.720218 0.693668
1776831624.48081 0.147694 0.492605 0.019924 -0.010374 -0.001661 -0.720188 0.693699
1776831624.64748 0.147775 0.493054 0.020024 -0.010414 -0.001685 -0.720166 0.693721
1776831624.81415 0.147905 0.493479 0.019884 -0.010470 -0.001703 -0.720131 0.693757
1776831624.98081 0.148083 0.493921 0.019757 -0.010500 -0.001753 -0.720120 0.693767
1776831625.14749 0.148149 0.494167 0.019741 -0.010547 -0.001769 -0.720114 0.693773
1776831625.31415 0.148130 0.494283 0.019692 -0.010580 -0.001782 -0.720110 0.693777
1776831625.48083 0.147952 0.494343 0.019835 -0.010536 -0.001745 -0.720089 0.693800
1776831625.64751 0.147758 0.494321 0.019951 -0.010498 -0.001692 -0.720048 0.693843
1776831625.81417 0.147432 0.494298 0.019896 -0.010525 -0.001718 -0.720007 0.693885
1776831625.98084 0.147346 0.494281 0.019876 -0.010524 -0.001743 -0.719974 0.693919
1776831626.14751 0.147392 0.494398 0.019594 -0.010570 -0.001759 -0.719980 0.693912
1776831626.31419 0.146956 0.493822 0.019560 -0.010542 -0.001715 -0.719935 0.693959
1776831626.48087 0.147271 0.494456 0.019726 -0.010568 -0.001702 -0.719911 0.693984
1776831626.64754 0.147260 0.495246 0.019629 -0.010607 -0.001768 -0.719856 0.694040
1776831626.81421 0.148175 0.496714 0.019686 -0.010701 -0.001797 -0.719847 0.694048
1776831626.98089 0.148446 0.496902 0.019648 -0.010672 -0.001762 -0.719860 0.694035
1776831627.14755 0.148431 0.497086 0.019983 -0.010626 -0.001755 -0.719851 0.694045
1776831627.31422 0.148420 0.497172 0.020033 -0.010622 -0.001770 -0.719842 0.694054
1776831627.48089 0.148493 0.497615 0.020225 -0.010625 -0.001803 -0.719833 0.694064
1776831627.64756 0.148296 0.497764 0.020293 -0.010595 -0.001803 -0.719806 0.694092
1776831627.81424 0.148200 0.497611 0.020294 -0.010581 -0.001769 -0.719821 0.694077
1776831627.98091 0.147989 0.497413 0.020249 -0.010555 -0.001714 -0.719797 0.694102
1776831628.14758 0.147917 0.497341 0.020300 -0.010529 -0.001727 -0.719786 0.694114
1776831628.31425 0.147565 0.497233 0.020381 -0.010482 -0.001738 -0.719746 0.694156
1776831628.48093 0.147413 0.497291 0.020404 -0.010473 -0.001717 -0.719714 0.694189
1776831628.64759 0.147343 0.497092 0.020445 -0.010442 -0.001672 -0.719700 0.694204
1776831628.81428 0.147256 0.497314 0.020656 -0.010431 -0.001665 -0.719675 0.694230
1776831628.98094 0.147119 0.496981 0.020767 -0.010403 -0.001647 -0.719681 0.694225
1776831629.14763 0.147190 0.497112 0.020907 -0.010363 -0.001638 -0.719676 0.694231
1776831629.31430 0.147215 0.497196 0.021058 -0.010371 -0.001656 -0.719655 0.694252
1776831629.48095 0.147533 0.497650 0.020998 -0.010395 -0.001692 -0.719654 0.694253
1776831629.64762 0.145589 0.494006 0.020287 -0.010325 -0.001527 -0.719569 0.694343
1776831629.81436 0.146057 0.493080 0.020601 -0.010315 -0.001405 -0.719637 0.694272
1776831629.98106 0.146785 0.493294 0.020470 -0.010400 -0.001514 -0.719718 0.694187
1776831630.14790 0.146642 0.494186 0.020096 -0.010414 -0.001763 -0.719759 0.694144
1776831630.31455 0.146984 0.495056 0.019648 -0.010524 -0.001803 -0.719773 0.694128
1776831630.48121 0.146841 0.495694 0.019841 -0.010481 -0.001786 -0.719755 0.694147
1776831630.64787 0.146979 0.496505 0.019994 -0.010526 -0.001789 -0.719719 0.694183
1776831630.81456 0.147337 0.497295 0.020177 -0.010554 -0.001774 -0.719693 0.694210
1776831630.98123 0.147735 0.497846 0.020460 -0.010553 -0.001762 -0.719683 0.694220
1776831631.14791 0.148001 0.498544 0.020594 -0.010538 -0.001733 -0.719660 0.694245
1776831631.31456 0.147950 0.498749 0.020843 -0.010481 -0.001686 -0.719641 0.694265
1776831631.48123 0.147818 0.498809 0.020930 -0.010470 -0.001721 -0.719610 0.694297
1776831631.64789 0.147629 0.498686 0.021063 -0.010443 -0.001740 -0.719606 0.694302
1776831631.81456 0.147580 0.498698 0.021146 -0.010422 -0.001730 -0.719593 0.694316
1776831631.98123 0.147202 0.492550 0.020455 -0.010378 -0.001483 -0.719922 0.693976
1776831632.14796 0.149199 0.492726 0.020446 -0.010504 -0.001355 -0.720121 0.693768
1776831632.31461 0.149244 0.492776 0.020367 -0.010448 -0.001527 -0.720234 0.693651
1776831632.48136 0.149480 0.495132 0.019418 -0.010622 -0.001803 -0.720208 0.693674
1776831632.64815 0.149254 0.497493 0.018818 -0.010751 -0.002005 -0.720095 0.693789
1776831632.81475 0.149383 0.499245 0.019059 -0.010805 -0.001962 -0.719963 0.693926
1776831632.98152 0.150098 0.500800 0.019638 -0.010816 -0.001875 -0.719893 0.693998
1776831633.14822 0.150765 0.502146 0.020262 -0.010835 -0.001821 -0.719837 0.694056
1776831633.31492 0.151432 0.503224 0.020882 -0.010789 -0.001771 -0.719810 0.694085
1776831633.48158 0.151648 0.503689 0.021437 -0.010698 -0.001774 -0.719787 0.694110
1776831633.64827 0.151882 0.503749 0.021548 -0.010677 -0.001756 -0.719778 0.694120
1776831633.81495 0.151856 0.503967 0.021910 -0.010596 -0.001736 -0.719753 0.694147
1776831633.98161 0.151863 0.504003 0.022144 -0.010524 -0.001733 -0.719762 0.694139
1776831634.14830 0.151771 0.503562 0.022324 -0.010471 -0.001695 -0.719765 0.694136
1776831634.31498 0.151747 0.503946 0.022389 -0.010485 -0.001744 -0.719746 0.694156
1776831634.48163 0.151799 0.504144 0.022616 -0.010432 -0.001735 -0.719748 0.694155
1776831634.64830 0.151880 0.504291 0.022671 -0.010444 -0.001759 -0.719742 0.694160
1776831634.81497 0.152157 0.504588 0.022887 -0.010442 -0.001776 -0.719752 0.694150
1776831634.98165 0.151938 0.504543 0.022819 -0.010416 -0.001796 -0.719760 0.694142
1776831635.14832 0.151885 0.504413 0.023088 -0.010357 -0.001782 -0.719765 0.694139
1776831635.31499 0.151674 0.503869 0.022914 -0.010359 -0.001774 -0.719767 0.694136
1776831635.48164 0.151628 0.503677 0.022738 -0.010344 -0.001781 -0.719768 0.694135
1776831635.64833 0.151566 0.503274 0.022526 -0.010366 -0.001828 -0.719784 0.694119
1776831635.81499 0.151679 0.503397 0.022784 -0.010364 -0.001819 -0.719793 0.694109
1776831635.98166 0.151615 0.503266 0.022574 -0.010376 -0.001852 -0.719801 0.694101
1776831636.14832 0.151513 0.503267 0.022477 -0.010365 -0.001850 -0.719801 0.694101
1776831636.31498 0.151488 0.503067 0.022475 -0.010345 -0.001839 -0.719808 0.694094
1776831636.48165 0.151791 0.503676 0.022620 -0.010378 -0.001844 -0.719808 0.694093
1776831636.64833 0.151970 0.503719 0.022596 -0.010368 -0.001836 -0.719830 0.694071
1776831636.81498 0.151558 0.503384 0.022569 -0.010363 -0.001862 -0.719807 0.694095
1776831636.98163 0.151506 0.503203 0.022386 -0.010383 -0.001845 -0.719799 0.694103
1776831637.14828 0.151553 0.503484 0.022286 -0.010437 -0.001888 -0.719791 0.694110
1776831637.31496 0.151915 0.503670 0.022525 -0.010440 -0.001793 -0.719791 0.694110
1776831637.48163 0.152177 0.503740 0.022180 -0.010516 -0.001823 -0.719809 0.694090
1776831637.64829 0.152277 0.503810 0.022159 -0.010515 -0.001786 -0.719809 0.694090
1776831637.81498 0.152527 0.504264 0.022185 -0.010521 -0.001783 -0.719809 0.694090
1776831637.98165 0.152390 0.504459 0.022066 -0.010536 -0.001817 -0.719812 0.694087
1776831638.14829 0.152684 0.504430 0.022003 -0.010597 -0.001837 -0.719829 0.694068
1776831638.31494 0.152472 0.504191 0.022016 -0.010571 -0.001861 -0.719846 0.694051
1776831638.48161 0.152543 0.504074 0.021891 -0.010588 -0.001851 -0.719844 0.694053
1776831638.64829 0.152531 0.504254 0.021867 -0.010596 -0.001845 -0.719849 0.694047
1776831638.81495 0.152936 0.504516 0.022012 -0.010567 -0.001806 -0.719861 0.694035
1776831638.98164 0.152979 0.504576 0.022053 -0.010568 -0.001846 -0.719868 0.694029
1776831639.14833 0.152951 0.504598 0.021817 -0.010590 -0.001852 -0.719869 0.694027
1776831639.31497 0.153027 0.504505 0.022004 -0.010546 -0.001842 -0.719874 0.694023
1776831639.48164 0.153193 0.504809 0.022086 -0.010582 -0.001889 -0.719861 0.694035
1776831639.64830 0.153099 0.504470 0.022006 -0.010563 -0.001887 -0.719860 0.694037
1776831639.81498 0.153005 0.504496 0.022053 -0.010553 -0.001876 -0.719871 0.694026
1776831639.98166 0.152921 0.504592 0.022174 -0.010512 -0.001876 -0.719877 0.694019
1776831640.14835 0.153092 0.504743 0.022158 -0.010541 -0.001854 -0.719886 0.694010
1776831640.31500 0.153059 0.504671 0.022012 -0.010586 -0.001889 -0.719869 0.694027
1776831640.48168 0.153270 0.504762 0.022042 -0.010573 -0.001902 -0.719890 0.694005
1776831640.64836 0.153274 0.505039 0.021964 -0.010576 -0.001934 -0.719884 0.694011
1776831640.81501 0.152962 0.504395 0.022081 -0.010508 -0.001815 -0.719888 0.694009
1776831640.98168 0.153027 0.504293 0.022201 -0.010502 -0.001848 -0.719898 0.693998
1776831641.14835 0.153247 0.504717 0.022293 -0.010557 -0.001890 -0.719899 0.693996
1776831641.31501 0.153276 0.504947 0.022201 -0.010583 -0.001939 -0.719905 0.693989
1776831641.48169 0.153541 0.505123 0.022001 -0.010602 -0.001944 -0.719908 0.693986
1776831641.64835 0.153498 0.505216 0.021776 -0.010652 -0.001976 -0.719892 0.694002
1776831641.81502 0.153351 0.505211 0.021539 -0.010662 -0.001984 -0.719885 0.694009
1776831641.98169 0.153263 0.505249 0.021613 -0.010681 -0.001987 -0.719876 0.694018
1776831642.14838 0.153231 0.505477 0.021464 -0.010722 -0.001977 -0.719859 0.694035
1776831642.31503 0.152984 0.504724 0.021536 -0.010673 -0.001942 -0.719868 0.694027
1776831642.48171 0.153178 0.504945 0.021338 -0.010758 -0.001945 -0.719850 0.694044
1776831642.64836 0.153345 0.505246 0.021113 -0.010831 -0.001968 -0.719845 0.694047
1776831642.81507 0.153305 0.505348 0.021212 -0.010827 -0.001948 -0.719850 0.694043
1776831642.98174 0.153343 0.505532 0.021266 -0.010833 -0.001950 -0.719833 0.694060
1776831643.14839 0.153083 0.504951 0.020884 -0.010839 -0.001948 -0.719830 0.694063
1776831643.31509 0.153267 0.505188 0.020873 -0.010891 -0.001960 -0.719831 0.694061
1776831643.48171 0.153349 0.505413 0.020997 -0.010865 -0.001926 -0.719829 0.694063
1776831643.64839 0.153457 0.505734 0.021300 -0.010823 -0.001884 -0.719808 0.694087
1776831643.81510 0.153481 0.505750 0.021259 -0.010844 -0.001938 -0.719806 0.694088
1776831643.98175 0.153699 0.505850 0.021759 -0.010759 -0.001897 -0.719821 0.694073
1776831644.14840 0.153769 0.506071 0.021926 -0.010722 -0.001892 -0.719818 0.694077
1776831644.31503 0.153996 0.506649 0.022045 -0.010695 -0.001884 -0.719822 0.694074
1776831644.48191 0.151912 0.503128 0.021995 -0.010406 -0.001757 -0.719756 0.694147
1776831644.64858 0.151981 0.503511 0.021840 -0.010430 -0.001813 -0.719759 0.694143
1776831644.81523 0.152182 0.503360 0.021767 -0.010496 -0.001762 -0.719774 0.694127
1776831644.98189 0.152465 0.503544 0.021659 -0.010539 -0.001800 -0.719818 0.694080
1776831645.14857 0.152504 0.504938 0.021274 -0.010666 -0.001997 -0.719772 0.694126
1776831645.31513 0.152959 0.505370 0.021207 -0.010725 -0.001918 -0.719766 0.694132
1776831645.48175 0.152706 0.506135 0.020852 -0.010773 -0.002022 -0.719702 0.694197
1776831645.64835 0.152396 0.506078 0.020709 -0.010793 -0.002025 -0.719642 0.694259
1776831645.81507 0.152171 0.506063 0.020791 -0.010836 -0.002000 -0.719594 0.694308
1776831645.98176 0.152500 0.506174 0.020567 -0.010939 -0.001966 -0.719584 0.694317
1776831646.14851 0.153296 0.505702 0.020701 -0.010925 -0.001771 -0.719638 0.694262
1776831646.31518 0.153392 0.505395 0.020883 -0.010891 -0.001779 -0.719686 0.694212
1776831646.48188 0.153846 0.505680 0.020729 -0.010933 -0.001879 -0.719745 0.694149
1776831646.64860 0.153464 0.506051 0.020637 -0.010926 -0.002012 -0.719738 0.694157
1776831646.81525 0.153525 0.506931 0.020572 -0.010992 -0.002085 -0.719691 0.694204
1776831646.98191 0.153532 0.507500 0.020888 -0.010966 -0.002083 -0.719669 0.694227
1776831647.14856 0.153573 0.507841 0.021274 -0.010937 -0.002034 -0.719641 0.694257
1776831647.31525 0.153420 0.507733 0.021568 -0.010893 -0.001979 -0.719625 0.694275
1776831647.48191 0.153434 0.507937 0.021623 -0.010898 -0.001990 -0.719615 0.694285
1776831647.64859 0.153638 0.507599 0.021493 -0.010863 -0.001907 -0.719620 0.694280
1776831647.81526 0.153412 0.507411 0.021729 -0.010844 -0.001920 -0.719618 0.694283
1776831647.98194 0.153509 0.507527 0.021474 -0.010896 -0.001953 -0.719624 0.694276
1776831648.14860 0.153125 0.507014 0.021437 -0.010863 -0.001919 -0.719609 0.694292
1776831648.31528 0.152760 0.506227 0.021483 -0.010829 -0.001855 -0.719607 0.694295
1776831648.48195 0.152902 0.506625 0.021428 -0.010883 -0.001895 -0.719598 0.694303
1776831648.64861 0.152747 0.506706 0.021294 -0.010912 -0.001915 -0.719582 0.694319
1776831648.81527 0.152640 0.506820 0.021062 -0.010972 -0.001955 -0.719574 0.694327
1776831648.98194 0.152981 0.507281 0.020927 -0.011008 -0.001952 -0.719570 0.694330
1776831649.14859 0.153338 0.507871 0.020966 -0.011018 -0.001944 -0.719568 0.694332
1776831649.31525 0.153578 0.508133 0.021077 -0.011001 -0.001918 -0.719559 0.694341
1776831649.48194 0.153690 0.508264 0.021045 -0.011009 -0.001967 -0.719564 0.694336
1776831649.64860 0.153719 0.508274 0.021085 -0.011016 -0.001993 -0.719587 0.694312
1776831649.81527 0.153703 0.508303 0.021042 -0.010997 -0.001974 -0.719585 0.694315
1776831649.98191 0.153961 0.508418 0.021099 -0.010999 -0.001984 -0.719583 0.694316
1776831650.14861 0.154146 0.508485 0.021298 -0.010967 -0.001944 -0.719603 0.694296
1776831650.31527 0.153989 0.508221 0.021185 -0.010953 -0.001972 -0.719609 0.694290
1776831650.48196 0.154010 0.508115 0.021081 -0.010978 -0.001990 -0.719614 0.694285
1776831650.64860 0.154393 0.508639 0.021010 -0.010999 -0.001986 -0.719627 0.694271
1776831650.81524 0.154394 0.508660 0.021207 -0.010955 -0.001960 -0.719621 0.694278
1776831650.98193 0.154294 0.508448 0.021365 -0.010917 -0.001983 -0.719642 0.694256
1776831651.14860 0.154144 0.508155 0.021104 -0.010921 -0.002025 -0.719646 0.694253
1776831651.31526 0.154111 0.508177 0.021287 -0.010934 -0.002044 -0.719647 0.694251
1776831651.48193 0.154263 0.508514 0.021050 -0.010972 -0.002069 -0.719660 0.694237
1776831651.64859 0.154134 0.508535 0.020938 -0.010999 -0.002076 -0.719649 0.694248
1776831651.81522 0.154133 0.508425 0.020907 -0.010986 -0.002065 -0.719653 0.694244
1776831651.98191 0.153865 0.507857 0.020929 -0.010947 -0.002049 -0.719668 0.694229
1776831652.14860 0.153833 0.507485 0.020939 -0.010919 -0.001969 -0.719670 0.694228
1776831652.31524 0.153824 0.507296 0.021184 -0.010885 -0.001951 -0.719688 0.694209
1776831652.48190 0.153888 0.507584 0.020882 -0.010974 -0.002004 -0.719678 0.694218
1776831652.64856 0.154118 0.507704 0.020832 -0.011001 -0.002011 -0.719693 0.694203
1776831652.81523 0.153907 0.507772 0.020833 -0.010985 -0.001985 -0.719691 0.694205
1776831652.98187 0.153963 0.507515 0.021011 -0.010959 -0.001963 -0.719723 0.694172
1776831653.14857 0.153912 0.507240 0.020952 -0.010967 -0.001961 -0.719735 0.694159
1776831653.31525 0.154187 0.507743 0.020832 -0.011014 -0.001980 -0.719722 0.694173
1776831653.48192 0.154641 0.508348 0.020603 -0.011099 -0.002027 -0.719718 0.694175
1776831653.64855 0.154499 0.508277 0.020519 -0.011085 -0.002021 -0.719708 0.694186
1776831653.81522 0.154798 0.508785 0.020387 -0.011157 -0.002025 -0.719706 0.694186
1776831653.98190 0.154603 0.508570 0.020538 -0.011159 -0.002050 -0.719695 0.694197
1776831654.14857 0.154465 0.508728 0.020438 -0.011184 -0.002098 -0.719680 0.694213
1776831654.31523 0.154435 0.508606 0.020536 -0.011179 -0.002098 -0.719671 0.694222
1776831654.48191 0.154725 0.508892 0.020446 -0.011167 -0.002085 -0.719685 0.694208
1776831654.64861 0.154650 0.508515 0.020556 -0.011113 -0.002062 -0.719694 0.694200
1776831654.81527 0.154963 0.508617 0.020556 -0.011110 -0.002031 -0.719715 0.694178
1776831654.98195 0.154801 0.508472 0.020452 -0.011126 -0.002091 -0.719711 0.694182
1776831655.14861 0.154822 0.508441 0.020242 -0.011136 -0.002119 -0.719715 0.694177
1776831655.31529 0.154786 0.508209 0.020331 -0.011077 -0.002114 -0.719738 0.694154
1776831655.48197 0.155107 0.508765 0.020336 -0.011132 -0.002148 -0.719739 0.694152
1776831655.64864 0.155054 0.508753 0.020525 -0.011091 -0.002119 -0.719731 0.694161
1776831655.81532 0.155612 0.509795 0.020593 -0.011138 -0.002113 -0.719725 0.694167
1776831655.98198 0.155687 0.510189 0.020514 -0.011157 -0.002107 -0.719716 0.694176
1776831656.14863 0.155802 0.510676 0.020595 -0.011148 -0.002125 -0.719694 0.694199
1776831656.31527 0.155708 0.510988 0.020902 -0.011134 -0.002115 -0.719670 0.694223
1776831656.48196 0.155714 0.510954 0.020953 -0.011126 -0.002080 -0.719652 0.694242
1776831656.64863 0.155777 0.511072 0.020781 -0.011170 -0.002079 -0.719652 0.694242
1776831656.81532 0.155732 0.511019 0.020782 -0.011144 -0.002089 -0.719649 0.694246
1776831656.98199 0.155709 0.511005 0.020596 -0.011179 -0.002148 -0.719666 0.694227
1776831657.14864 0.155835 0.511121 0.020339 -0.011240 -0.002182 -0.719656 0.694236
1776831657.31533 0.155940 0.511268 0.020148 -0.011262 -0.002234 -0.719656 0.694236
1776831657.48197 0.155913 0.511394 0.020171 -0.011263 -0.002246 -0.719642 0.694250
1776831657.64864 0.155519 0.510954 0.020309 -0.011161 -0.002249 -0.719655 0.694239
1776831657.81532 0.155480 0.510908 0.020412 -0.011123 -0.002187 -0.719636 0.694259
1776831657.98200 0.154840 0.510193 0.020379 -0.011092 -0.002175 -0.719610 0.694286
1776831658.14871 0.154541 0.509988 0.020392 -0.011097 -0.002204 -0.719596 0.694301
1776831658.31538 0.154562 0.510185 0.020110 -0.011178 -0.002227 -0.719579 0.694317
1776831658.48205 0.154439 0.510250 0.019855 -0.011215 -0.002236 -0.719559 0.694337
1776831658.64870 0.154555 0.510457 0.019872 -0.011230 -0.002228 -0.719546 0.694350
1776831658.81538 0.155005 0.510837 0.020067 -0.011241 -0.002182 -0.719550 0.694346
1776831658.98204 0.155047 0.511117 0.020146 -0.011267 -0.002223 -0.719544 0.694352
1776831659.14852 0.155165 0.510829 0.020261 -0.011244 -0.002187 -0.719545 0.694352
1776831659.31536 0.155387 0.511107 0.020290 -0.011243 -0.002164 -0.719552 0.694345
1776831659.48207 0.155090 0.510815 0.020249 -0.011225 -0.002176 -0.719554 0.694342
1776831659.64872 0.155293 0.510941 0.020068 -0.011270 -0.002195 -0.719566 0.694329
1776831659.81536 0.155493 0.511093 0.020017 -0.011280 -0.002224 -0.719569 0.694326
1776831659.98203 0.155641 0.510992 0.019941 -0.011285 -0.002260 -0.719603 0.694290
1776831660.14871 0.155850 0.511623 0.020077 -0.011275 -0.002283 -0.719587 0.694306
1776831660.31538 0.155567 0.511326 0.020263 -0.011216 -0.002291 -0.719599 0.694295
1776831660.48205 0.155615 0.511470 0.020029 -0.011272 -0.002345 -0.719598 0.694295
1776831660.64872 0.155843 0.511651 0.019929 -0.011299 -0.002340 -0.719620 0.694272
1776831660.81540 0.156149 0.512017 0.019775 -0.011328 -0.002364 -0.719627 0.694265
1776831660.98207 0.156212 0.512116 0.019787 -0.011306 -0.002358 -0.719627 0.694265
1776831661.14874 0.156475 0.512337 0.019998 -0.011307 -0.002358 -0.719633 0.694258
1776831661.31539 0.156324 0.512146 0.020386 -0.011217 -0.002314 -0.719637 0.694256
1776831661.48207 0.156385 0.512108 0.020447 -0.011222 -0.002344 -0.719654 0.694238
1776831661.64874 0.156352 0.512197 0.020404 -0.011227 -0.002367 -0.719669 0.694222
1776831661.81542 0.156444 0.512138 0.020341 -0.011228 -0.002357 -0.719679 0.694212
1776831661.98208 0.156194 0.512073 0.020491 -0.011184 -0.002368 -0.719668 0.694224
1776831662.14876 0.156340 0.511948 0.020431 -0.011182 -0.002316 -0.719672 0.694220
1776831662.31545 0.156309 0.511938 0.020326 -0.011219 -0.002375 -0.719673 0.694218
1776831662.48211 0.156653 0.512002 0.020273 -0.011284 -0.002407 -0.719697 0.694192
1776831662.64880 0.156665 0.512013 0.020146 -0.011308 -0.002465 -0.719717 0.694171
1776831662.81544 0.156845 0.512041 0.019831 -0.011317 -0.002459 -0.719728 0.694159
1776831662.98212 0.156960 0.512246 0.019816 -0.011282 -0.002451 -0.719736 0.694152
1776831663.14878 0.156728 0.511791 0.019823 -0.011258 -0.002446 -0.719741 0.694147
1776831663.31544 0.156991 0.511600 0.019707 -0.011289 -0.002480 -0.719765 0.694122
1776831663.48212 0.156980 0.511775 0.019659 -0.011300 -0.002517 -0.719781 0.694105
1776831663.64880 0.156959 0.511544 0.019451 -0.011345 -0.002556 -0.719794 0.694090
1776831663.81549 0.156992 0.511483 0.019579 -0.011356 -0.002562 -0.719805 0.694078
1776831663.98215 0.157376 0.511814 0.019516 -0.011367 -0.002504 -0.719816 0.694067
1776831664.14882 0.157094 0.511667 0.019476 -0.011321 -0.002508 -0.719802 0.694082
1776831664.31549 0.156889 0.511751 0.019509 -0.011320 -0.002525 -0.719781 0.694104
1776831664.48213 0.156971 0.511631 0.019627 -0.011329 -0.002486 -0.719788 0.694097
1776831664.64881 0.156999 0.511978 0.019453 -0.011368 -0.002563 -0.719787 0.694097
1776831664.81548 0.157282 0.512314 0.019622 -0.011354 -0.002512 -0.719787 0.694098
1776831664.98216 0.157388 0.512379 0.019659 -0.011359 -0.002544 -0.719792 0.694093
1776831665.14883 0.157376 0.512501 0.019621 -0.011383 -0.002582 -0.719772 0.694112
1776831665.31549 0.157217 0.512406 0.019531 -0.011352 -0.002610 -0.719769 0.694116
1776831665.48217 0.157303 0.512433 0.019363 -0.011400 -0.002640 -0.719769 0.694115
1776831665.64885 0.157333 0.512917 0.019369 -0.011420 -0.002651 -0.719750 0.694134
1776831665.81545 0.157128 0.512932 0.019387 -0.011406 -0.002655 -0.719737 0.694148
1776831665.98216 0.157062 0.513028 0.019224 -0.011431 -0.002645 -0.719739 0.694146
1776831666.14886 0.157171 0.512820 0.019273 -0.011422 -0.002607 -0.719739 0.694145
1776831666.31551 0.157367 0.512729 0.019450 -0.011387 -0.002611 -0.719747 0.694138
1776831666.48220 0.157534 0.512586 0.019340 -0.011378 -0.002619 -0.719770 0.694114
1776831666.64889 0.157200 0.512662 0.019324 -0.011409 -0.002716 -0.719764 0.694120
1776831666.81552 0.157423 0.513069 0.019391 -0.011410 -0.002738 -0.719749 0.694135
1776831666.98219 0.157258 0.512636 0.019468 -0.011337 -0.002694 -0.719758 0.694128
1776831667.14884 0.157293 0.512520 0.019573 -0.011319 -0.002633 -0.719760 0.694125
1776831667.31551 0.157092 0.512518 0.019580 -0.011328 -0.002661 -0.719754 0.694131
1776831667.48221 0.157293 0.512754 0.019584 -0.011322 -0.002654 -0.719752 0.694134
1776831667.64886 0.157567 0.512925 0.019595 -0.011349 -0.002630 -0.719757 0.694128
1776831667.81556 0.157862 0.512818 0.019907 -0.011275 -0.002548 -0.719783 0.694103
1776831667.98223 0.157749 0.512959 0.019861 -0.011288 -0.002615 -0.719781 0.694104
1776831668.14888 0.157469 0.512697 0.019814 -0.011262 -0.002622 -0.719764 0.694123
1776831668.31553 0.157456 0.512211 0.019771 -0.011239 -0.002592 -0.719783 0.694103
1776831668.48221 0.157750 0.512670 0.019678 -0.011310 -0.002631 -0.719791 0.694094
1776831668.64885 0.157811 0.512666 0.019619 -0.011322 -0.002665 -0.719797 0.694087
1776831668.81554 0.158012 0.512874 0.019498 -0.011364 -0.002702 -0.719805 0.694078
1776831668.98224 0.158064 0.512788 0.019330 -0.011359 -0.002737 -0.719800 0.694083
1776831669.14886 0.158129 0.512995 0.019296 -0.011380 -0.002803 -0.719808 0.694074
1776831669.31553 0.157835 0.512544 0.018977 -0.011383 -0.002831 -0.719825 0.694056
1776831669.48219 0.157322 0.513267 0.018984 -0.011411 -0.002863 -0.719783 0.694099
1776831669.64886 0.157371 0.513971 0.018903 -0.011481 -0.002771 -0.719747 0.694136
1776831669.81554 0.157172 0.514121 0.018937 -0.011507 -0.002689 -0.719705 0.694179
1776831669.98226 0.157104 0.514047 0.019170 -0.011492 -0.002599 -0.719677 0.694209
1776831670.14893 0.157114 0.514405 0.019232 -0.011524 -0.002574 -0.719625 0.694263
1776831670.31560 0.157398 0.514632 0.019237 -0.011581 -0.002520 -0.719595 0.694293
1776831670.48235 0.157660 0.511423 0.018415 -0.011625 -0.002333 -0.719771 0.694110
1776831670.64913 0.158060 0.510780 0.018796 -0.011554 -0.002302 -0.719794 0.694087
1776831670.81583 0.158769 0.512508 0.018099 -0.011650 -0.002522 -0.719870 0.694007
1776831670.98264 0.158716 0.513895 0.017812 -0.011732 -0.002654 -0.719833 0.694043
1776831671.14931 0.157861 0.514819 0.017893 -0.011665 -0.002716 -0.719716 0.694165
1776831671.31594 0.157785 0.516204 0.018307 -0.011704 -0.002670 -0.719600 0.694285
1776831671.48267 0.157976 0.517146 0.018884 -0.011723 -0.002601 -0.719519 0.694368
1776831671.64942 0.158039 0.517510 0.019745 -0.011665 -0.002495 -0.719458 0.694434
1776831671.81611 0.158360 0.517972 0.020004 -0.011646 -0.002432 -0.719420 0.694474
1776831671.98279 0.157992 0.517657 0.020063 -0.011613 -0.002437 -0.719383 0.694512
1776831672.14946 0.157643 0.517427 0.020143 -0.011608 -0.002484 -0.719347 0.694549
1776831672.31613 0.154785 0.515724 0.018581 -0.011599 -0.002642 -0.719147 0.694756
1776831672.48275 0.154561 0.515900 0.018504 -0.011661 -0.002573 -0.719064 0.694842
1776831672.64945 0.154520 0.516106 0.018457 -0.011662 -0.002529 -0.718994 0.694913
1776831672.81620 0.154863 0.514577 0.018908 -0.011613 -0.002261 -0.719045 0.694863
1776831672.98275 0.154410 0.515258 0.018564 -0.011612 -0.002646 -0.718992 0.694917
1776831673.14959 0.153158 0.516408 0.018080 -0.011604 -0.002902 -0.718878 0.695033
1776831673.31606 0.152527 0.516561 0.018017 -0.011627 -0.002834 -0.718770 0.695145
1776831673.48276 0.152463 0.517328 0.018275 -0.011672 -0.002767 -0.718675 0.695243
1776831673.64953 0.152933 0.517992 0.018506 -0.011690 -0.002689 -0.718621 0.695298
1776831673.81625 0.153334 0.518281 0.018881 -0.011692 -0.002610 -0.718603 0.695317
1776831673.98293 0.153317 0.518633 0.019149 -0.011673 -0.002610 -0.718583 0.695338
1776831674.14961 0.153338 0.518404 0.019285 -0.011656 -0.002608 -0.718572 0.695350
1776831674.31623 0.153334 0.518328 0.019282 -0.011640 -0.002553 -0.718571 0.695352
1776831674.48292 0.153229 0.518204 0.019223 -0.011639 -0.002530 -0.718569 0.695354
1776831674.64957 0.153180 0.517923 0.019309 -0.011599 -0.002472 -0.718570 0.695354
1776831674.81625 0.153329 0.517765 0.019367 -0.011633 -0.002476 -0.718596 0.695326
1776831674.98292 0.153332 0.517684 0.019217 -0.011637 -0.002500 -0.718608 0.695314
1776831675.14960 0.153046 0.517283 0.019216 -0.011608 -0.002502 -0.718606 0.695317
1776831675.31630 0.153176 0.517099 0.019208 -0.011634 -0.002503 -0.718631 0.695290
1776831675.48296 0.153341 0.517222 0.019301 -0.011635 -0.002496 -0.718659 0.695261
1776831675.64962 0.153529 0.517420 0.019279 -0.011702 -0.002523 -0.718677 0.695241
1776831675.81629 0.153906 0.517492 0.019162 -0.011714 -0.002503 -0.718712 0.695205
1776831675.98294 0.154359 0.517805 0.019262 -0.011749 -0.002494 -0.718751 0.695164
1776831676.14961 0.155241 0.517203 0.019298 -0.011771 -0.002527 -0.718848 0.695063
1776831676.31628 0.155656 0.516969 0.019194 -0.011761 -0.002619 -0.718922 0.694986
1776831676.48297 0.156110 0.516904 0.019134 -0.011736 -0.002673 -0.718999 0.694907
1776831676.64964 0.155787 0.517525 0.019132 -0.011692 -0.002731 -0.719006 0.694900
1776831676.81630 0.155729 0.517820 0.019165 -0.011712 -0.002701 -0.719019 0.694887
1776831676.98297 0.155979 0.517701 0.019026 -0.011752 -0.002636 -0.719042 0.694862
1776831677.14964 0.156058 0.518068 0.019021 -0.011762 -0.002655 -0.719056 0.694848
1776831677.31630 0.155820 0.517513 0.018930 -0.011747 -0.002640 -0.719051 0.694853
1776831677.48296 0.155772 0.517252 0.019011 -0.011722 -0.002646 -0.719065 0.694839
1776831677.64964 0.156057 0.517758 0.018948 -0.011780 -0.002685 -0.719080 0.694822
1776831677.81634 0.156010 0.517800 0.018766 -0.011807 -0.002681 -0.719056 0.694846
1776831677.98299 0.156178 0.517662 0.018706 -0.011836 -0.002638 -0.719055 0.694847
1776831678.14966 0.155840 0.517668 0.018449 -0.011853 -0.002691 -0.719052 0.694849
1776831678.31633 0.155708 0.517597 0.018373 -0.011882 -0.002689 -0.719043 0.694859
1776831678.48297 0.155694 0.517627 0.018119 -0.011935 -0.002704 -0.719045 0.694856
1776831678.64964 0.155433 0.517724 0.018097 -0.011959 -0.002733 -0.719000 0.694902
1776831678.81633 0.155667 0.517768 0.017941 -0.011986 -0.002705 -0.718994 0.694907
1776831678.98299 0.155829 0.517760 0.017999 -0.011976 -0.002655 -0.718986 0.694916
1776831679.14970 0.155575 0.517771 0.018128 -0.011904 -0.002648 -0.718983 0.694921
1776831679.31631 0.155494 0.517450 0.018331 -0.011853 -0.002595 -0.718982 0.694923
1776831679.48297 0.155653 0.517593 0.018517 -0.011857 -0.002538 -0.718973 0.694933
1776831679.64966 0.155541 0.517864 0.018609 -0.011842 -0.002562 -0.718967 0.694939
1776831679.81633 0.155978 0.518479 0.018682 -0.011878 -0.002565 -0.718967 0.694938
1776831679.98299 0.155948 0.518647 0.018742 -0.011882 -0.002567 -0.718959 0.694947
1776831680.14966 0.155745 0.518252 0.018650 -0.011887 -0.002583 -0.718960 0.694945
1776831680.31633 0.156043 0.518193 0.018457 -0.011894 -0.002582 -0.718978 0.694927
1776831680.48299 0.156067 0.518339 0.018671 -0.011873 -0.002601 -0.718983 0.694921
1776831680.64968 0.156299 0.518293 0.018998 -0.011817 -0.002513 -0.718992 0.694914
1776831680.81635 0.156442 0.518572 0.019027 -0.011824 -0.002578 -0.719008 0.694896
1776831680.98301 0.157029 0.517515 0.019388 -0.011751 -0.002538 -0.719118 0.694784
1776831681.14965 0.157524 0.517821 0.019396 -0.011771 -0.002623 -0.719170 0.694729
1776831681.31633 0.158178 0.518291 0.019388 -0.011771 -0.002671 -0.719240 0.694657
1776831681.48299 0.158865 0.518559 0.019528 -0.011793 -0.002711 -0.719308 0.694586
1776831681.64971 0.159065 0.518690 0.019510 -0.011778 -0.002771 -0.719362 0.694530
1776831681.81634 0.159682 0.518948 0.019693 -0.011791 -0.002791 -0.719430 0.694459
1776831681.98300 0.159869 0.518997 0.019440 -0.011817 -0.002879 -0.719480 0.694407
1776831682.14967 0.159823 0.518457 0.019520 -0.011722 -0.002855 -0.719540 0.694346
1776831682.31634 0.160278 0.518639 0.019473 -0.011741 -0.002855 -0.719575 0.694309
1776831682.48303 0.160494 0.518392 0.019307 -0.011761 -0.002882 -0.719612 0.694270
1776831682.64969 0.160313 0.518010 0.019328 -0.011700 -0.002889 -0.719651 0.694232
1776831682.81637 0.160182 0.518012 0.019424 -0.011656 -0.002889 -0.719672 0.694211
1776831682.98304 0.160440 0.518096 0.019223 -0.011725 -0.002933 -0.719687 0.694194
1776831683.14970 0.160451 0.517842 0.019237 -0.011737 -0.002930 -0.719716 0.694163
1776831683.31637 0.160471 0.517704 0.019041 -0.011770 -0.002950 -0.719730 0.694148
1776831683.48300 0.160511 0.517697 0.019048 -0.011740 -0.002909 -0.719741 0.694137
1776831683.64961 0.160807 0.517775 0.018929 -0.011768 -0.002924 -0.719769 0.694108
1776831683.81634 0.160683 0.517246 0.018883 -0.011748 -0.002932 -0.719794 0.694083
1776831683.98301 0.160483 0.516922 0.018847 -0.011724 -0.002965 -0.719806 0.694070
1776831684.14966 0.160548 0.517130 0.018672 -0.011755 -0.002962 -0.719808 0.694067
1776831684.31634 0.160666 0.517117 0.018681 -0.011745 -0.002955 -0.719824 0.694051
1776831684.48300 0.160685 0.516843 0.018859 -0.011681 -0.002926 -0.719837 0.694039
1776831684.64964 0.160888 0.517336 0.018893 -0.011728 -0.003009 -0.719850 0.694024
1776831684.81628 0.161177 0.517148 0.018907 -0.011716 -0.002944 -0.719888 0.693985
1776831684.98300 0.161434 0.517122 0.018905 -0.011743 -0.002972 -0.719920 0.693952
1776831685.14969 0.161520 0.517199 0.018853 -0.011755 -0.002990 -0.719926 0.693945
1776831685.31629 0.161536 0.517400 0.018844 -0.011737 -0.003001 -0.719928 0.693943
1776831685.48299 0.160991 0.517706 0.019047 -0.011685 -0.002963 -0.719895 0.693978
1776831685.64964 0.160666 0.517826 0.019065 -0.011726 -0.002944 -0.719841 0.694033
1776831685.81631 0.160558 0.517572 0.018972 -0.011761 -0.002835 -0.719826 0.694049
1776831685.98299 0.160368 0.517648 0.018619 -0.011854 -0.002860 -0.719786 0.694089
1776831686.14968 0.160294 0.517628 0.018433 -0.011908 -0.002825 -0.719764 0.694111
1776831686.31631 0.161036 0.517225 0.018338 -0.011934 -0.002818 -0.719821 0.694052
1776831686.48301 0.161104 0.516763 0.018121 -0.011941 -0.002878 -0.719852 0.694019
1776831686.64970 0.161606 0.517071 0.017941 -0.012006 -0.002964 -0.719898 0.693970
1776831686.81638 0.161863 0.517055 0.017669 -0.012035 -0.003040 -0.719927 0.693939
1776831686.98302 0.162518 0.517581 0.017586 -0.012046 -0.003048 -0.719970 0.693894
1776831687.14967 0.162729 0.518012 0.017624 -0.012052 -0.003120 -0.719998 0.693865
1776831687.31636 0.163190 0.518409 0.017715 -0.012063 -0.003133 -0.720026 0.693835
1776831687.48304 0.163361 0.518709 0.017742 -0.012077 -0.003187 -0.720048 0.693812
1776831687.64968 0.163212 0.518048 0.017682 -0.012041 -0.003164 -0.720084 0.693775
1776831687.81639 0.162690 0.518737 0.017826 -0.012033 -0.003153 -0.720032 0.693829
1776831687.98304 0.162437 0.518876 0.017918 -0.012055 -0.003091 -0.720008 0.693855
1776831688.14971 0.162188 0.518932 0.018134 -0.012045 -0.002990 -0.719960 0.693905
1776831688.31640 0.161837 0.518405 0.018072 -0.012025 -0.002913 -0.719946 0.693920
1776831688.48311 0.161542 0.518103 0.017917 -0.012046 -0.002873 -0.719928 0.693939
1776831688.64977 0.161493 0.518230 0.017940 -0.012056 -0.002858 -0.719892 0.693975
1776831688.81647 0.161466 0.517790 0.017761 -0.012088 -0.002815 -0.719890 0.693977
1776831688.98312 0.161113 0.517160 0.017637 -0.012101 -0.002819 -0.719879 0.693989
1776831689.14978 0.160771 0.517201 0.017493 -0.012124 -0.002836 -0.719849 0.694020
1776831689.31646 0.160683 0.517305 0.017436 -0.012120 -0.002784 -0.719811 0.694059
1776831689.48315 0.160776 0.517524 0.017529 -0.012122 -0.002765 -0.719798 0.694073
1776831689.64983 0.160781 0.517524 0.017488 -0.012165 -0.002769 -0.719772 0.694099
1776831689.81650 0.160896 0.517742 0.017412 -0.012170 -0.002775 -0.719757 0.694114
1776831689.98317 0.160876 0.518150 0.017542 -0.012166 -0.002788 -0.719720 0.694152
1776831690.14983 0.160952 0.518460 0.017539 -0.012213 -0.002842 -0.719707 0.694164
1776831690.31648 0.160460 0.517939 0.017297 -0.012204 -0.002801 -0.719680 0.694193
1776831690.48313 0.160633 0.518312 0.017131 -0.012229 -0.002845 -0.719678 0.694194
1776831690.64982 0.160502 0.518251 0.016978 -0.012248 -0.002872 -0.719664 0.694209
1776831690.81653 0.160256 0.517972 0.017022 -0.012232 -0.002842 -0.719646 0.694228
1776831690.98321 0.159760 0.517824 0.017043 -0.012202 -0.002871 -0.719614 0.694261
1776831691.14991 0.159907 0.517909 0.017102 -0.012225 -0.002823 -0.719597 0.694279
1776831691.31657 0.159900 0.518005 0.016940 -0.012231 -0.002851 -0.719586 0.694290
1776831691.48323 0.160103 0.518493 0.016707 -0.012316 -0.002917 -0.719575 0.694299
1776831691.64987 0.160129 0.518494 0.016658 -0.012324 -0.002894 -0.719571 0.694304
1776831691.81657 0.160560 0.517501 0.016986 -0.012267 -0.002856 -0.719627 0.694247
1776831691.98326 0.161245 0.517634 0.017064 -0.012247 -0.002884 -0.719679 0.694193
1776831692.14992 0.161713 0.518108 0.017128 -0.012225 -0.002934 -0.719729 0.694141
1776831692.31661 0.161866 0.518795 0.017368 -0.012207 -0.003053 -0.719769 0.694099
1776831692.48332 0.161517 0.519237 0.017315 -0.012224 -0.003048 -0.719740 0.694129
1776831692.64994 0.161963 0.518987 0.017250 -0.012241 -0.003046 -0.719785 0.694083
1776831692.81664 0.161839 0.519375 0.017227 -0.012257 -0.003069 -0.719761 0.694107
1776831692.98331 0.161392 0.519565 0.017287 -0.012241 -0.003043 -0.719717 0.694153
1776831693.15001 0.161232 0.519511 0.017219 -0.012260 -0.003007 -0.719696 0.694174
1776831693.31665 0.160752 0.519117 0.017295 -0.012223 -0.002975 -0.719670 0.694202
1776831693.48332 0.160732 0.519134 0.017184 -0.012263 -0.002965 -0.719643 0.694229
1776831693.65002 0.160783 0.519262 0.017113 -0.012291 -0.002949 -0.719635 0.694238
1776831693.81670 0.160845 0.519473 0.016940 -0.012361 -0.002951 -0.719607 0.694265
1776831693.98338 0.160490 0.519284 0.017123 -0.012314 -0.002913 -0.719579 0.694295
1776831694.15007 0.160497 0.519267 0.017038 -0.012347 -0.002903 -0.719566 0.694308
1776831694.31673 0.159944 0.518432 0.016984 -0.012306 -0.002857 -0.719544 0.694332
1776831694.48339 0.160052 0.519038 0.017032 -0.012354 -0.002921 -0.719517 0.694359
1776831694.65002 0.159782 0.518941 0.016839 -0.012340 -0.002960 -0.719496 0.694380
1776831694.81670 0.159900 0.519036 0.017019 -0.012313 -0.002896 -0.719482 0.694396
1776831694.98338 0.159992 0.519352 0.017195 -0.012295 -0.002862 -0.719470 0.694409
1776831695.15007 0.160148 0.519479 0.017168 -0.012339 -0.002884 -0.719462 0.694417
1776831695.31673 0.159792 0.519441 0.016999 -0.012339 -0.002974 -0.719448 0.694430
1776831695.48337 0.159752 0.519542 0.017219 -0.012304 -0.002920 -0.719422 0.694458
1776831695.65003 0.159727 0.519799 0.017162 -0.012320 -0.002931 -0.719408 0.694472
1776831695.81671 0.159988 0.519937 0.017269 -0.012320 -0.002850 -0.719391 0.694490
1776831695.98339 0.159835 0.519995 0.017320 -0.012303 -0.002864 -0.719391 0.694490
1776831696.15007 0.159717 0.519840 0.017310 -0.012324 -0.002859 -0.719387 0.694494
1776831696.31674 0.159802 0.519902 0.017166 -0.012354 -0.002875 -0.719368 0.694513
1776831696.48339 0.159942 0.519963 0.017066 -0.012369 -0.002874 -0.719354 0.694528
1776831696.65004 0.159984 0.520442 0.017262 -0.012354 -0.002888 -0.719332 0.694551
1776831696.81672 0.160044 0.520640 0.017461 -0.012342 -0.002887 -0.719347 0.694536
1776831696.98337 0.160192 0.520892 0.017518 -0.012342 -0.002859 -0.719331 0.694552
1776831697.15006 0.160163 0.521330 0.017601 -0.012355 -0.002901 -0.719308 0.694576
1776831697.31672 0.160445 0.521435 0.017574 -0.012389 -0.002912 -0.719319 0.694563
1776831697.48338 0.160165 0.520963 0.017486 -0.012364 -0.002916 -0.719311 0.694572
1776831697.65005 0.159778 0.520450 0.017397 -0.012349 -0.002919 -0.719302 0.694581
1776831697.81675 0.160049 0.520798 0.017131 -0.012426 -0.002965 -0.719312 0.694569
1776831697.98342 0.160068 0.521003 0.016726 -0.012468 -0.003032 -0.719304 0.694577
1776831698.15002 0.159753 0.520799 0.016881 -0.012415 -0.003037 -0.719299 0.694583
1776831698.31673 0.160022 0.520676 0.016688 -0.012462 -0.003023 -0.719315 0.694566
1776831698.48341 0.160191 0.520911 0.016590 -0.012511 -0.003054 -0.719316 0.694564
1776831698.65009 0.160281 0.521283 0.016482 -0.012548 -0.003138 -0.719313 0.694566
1776831698.81674 0.160079 0.521288 0.016422 -0.012572 -0.003165 -0.719294 0.694585
1776831698.98341 0.160052 0.521295 0.016266 -0.012595 -0.003173 -0.719279 0.694600
1776831699.15003 0.159893 0.521056 0.016388 -0.012544 -0.003139 -0.719271 0.694609
1776831699.31673 0.159721 0.521299 0.016348 -0.012551 -0.003191 -0.719269 0.694611
1776831699.48340 0.159990 0.521325 0.016113 -0.012615 -0.003196 -0.719274 0.694605
1776831699.65007 0.160247 0.521682 0.015842 -0.012652 -0.003234 -0.719274 0.694604
1776831699.81673 0.160410 0.522098 0.015756 -0.012691 -0.003282 -0.719292 0.694584
1776831699.98341 0.160274 0.521884 0.015674 -0.012653 -0.003239 -0.719289 0.694588
1776831700.15007 0.160083 0.521520 0.015728 -0.012610 -0.003246 -0.719297 0.694581
1776831700.31673 0.160024 0.521776 0.015851 -0.012613 -0.003264 -0.719285 0.694593
1776831700.48343 0.160121 0.522343 0.015958 -0.012634 -0.003288 -0.719275 0.694602
1776831700.65006 0.160240 0.522168 0.015974 -0.012635 -0.003235 -0.719289 0.694589
1776831700.81671 0.160541 0.522321 0.016153 -0.012597 -0.003167 -0.719296 0.694582
1776831700.98341 0.160162 0.521574 0.016242 -0.012557 -0.003152 -0.719304 0.694574
1776831701.15011 0.160254 0.521332 0.016217 -0.012557 -0.003091 -0.719320 0.694559
1776831701.31681 0.160510 0.521620 0.015942 -0.012607 -0.003123 -0.719328 0.694550
1776831701.48345 0.160716 0.521733 0.016058 -0.012568 -0.003121 -0.719344 0.694534
1776831701.65013 0.160685 0.522218 0.016129 -0.012577 -0.003161 -0.719331 0.694546
1776831701.81682 0.160769 0.522467 0.016342 -0.012592 -0.003167 -0.719331 0.694547
1776831701.98344 0.160545 0.521819 0.016441 -0.012522 -0.003051 -0.719318 0.694561
1776831702.15010 0.160250 0.521350 0.016485 -0.012519 -0.003044 -0.719324 0.694555
1776831702.31679 0.160191 0.521181 0.016438 -0.012502 -0.003022 -0.719329 0.694550
1776831702.48346 0.160437 0.521394 0.016337 -0.012565 -0.003048 -0.719327 0.694552
1776831702.65014 0.160681 0.521441 0.016528 -0.012541 -0.003036 -0.719341 0.694538
1776831702.81684 0.160453 0.521016 0.016492 -0.012517 -0.003047 -0.719332 0.694547
1776831702.98350 0.160471 0.521140 0.016233 -0.012607 -0.003109 -0.719338 0.694538
1776831703.15014 0.160363 0.521064 0.015988 -0.012628 -0.003119 -0.719345 0.694531
1776831703.31678 0.160388 0.521095 0.015915 -0.012634 -0.003102 -0.719343 0.694533
1776831703.48345 0.160493 0.521167 0.016111 -0.012615 -0.003106 -0.719348 0.694528
1776831703.65015 0.160599 0.521317 0.016087 -0.012616 -0.003096 -0.719346 0.694530
1776831703.81684 0.160503 0.521296 0.016048 -0.012630 -0.003096 -0.719338 0.694538
1776831703.98351 0.160489 0.521461 0.016159 -0.012629 -0.003095 -0.719344 0.694532
1776831704.15015 0.160422 0.521096 0.016134 -0.012623 -0.003056 -0.719359 0.694518
1776831704.31682 0.160519 0.520865 0.016184 -0.012652 -0.003039 -0.719374 0.694501
1776831704.48349 0.160430 0.520846 0.016453 -0.012595 -0.002992 -0.719358 0.694519
1776831704.65015 0.160602 0.521093 0.016524 -0.012620 -0.002976 -0.719359 0.694518
1776831704.81683 0.160642 0.521192 0.016479 -0.012641 -0.002994 -0.719369 0.694506
1776831704.98351 0.160750 0.521481 0.016267 -0.012676 -0.003055 -0.719376 0.694498
1776831705.15019 0.160895 0.521395 0.016254 -0.012687 -0.003079 -0.719394 0.694480
1776831705.31685 0.161092 0.521531 0.016038 -0.012724 -0.003124 -0.719395 0.694477
1776831705.48351 0.160838 0.521664 0.015788 -0.012737 -0.003174 -0.719374 0.694498
1776831705.65018 0.160855 0.522089 0.015849 -0.012749 -0.003193 -0.719360 0.694514
1776831705.81685 0.160888 0.522255 0.015721 -0.012785 -0.003229 -0.719355 0.694517
1776831705.98350 0.160846 0.522401 0.015509 -0.012812 -0.003260 -0.719348 0.694524
1776831706.15020 0.161032 0.522508 0.015410 -0.012852 -0.003273 -0.719363 0.694508
1776831706.31687 0.160861 0.522063 0.015540 -0.012800 -0.003183 -0.719358 0.694514
1776831706.48357 0.160548 0.521520 0.015726 -0.012732 -0.003140 -0.719346 0.694528
1776831706.65026 0.160537 0.521506 0.015822 -0.012731 -0.003140 -0.719344 0.694530
1776831706.81694 0.160573 0.521632 0.015811 -0.012740 -0.003160 -0.719344 0.694530
1776831706.98358 0.160726 0.521877 0.015595 -0.012800 -0.003188 -0.719327 0.694547
1776831707.15027 0.160278 0.521519 0.015465 -0.012788 -0.003228 -0.719309 0.694565
1776831707.31693 0.160363 0.521713 0.015259 -0.012822 -0.003228 -0.719304 0.694570
1776831707.48358 0.160558 0.521834 0.015270 -0.012810 -0.003213 -0.719330 0.694543
1776831707.65029 0.160608 0.521862 0.015447 -0.012789 -0.003173 -0.719339 0.694534
1776831707.81697 0.160544 0.521715 0.015428 -0.012803 -0.003171 -0.719348 0.694525
1776831707.98365 0.160544 0.521524 0.015546 -0.012773 -0.003120 -0.719365 0.694508
1776831708.15029 0.160892 0.521542 0.015611 -0.012777 -0.003103 -0.719377 0.694495
1776831708.31695 0.160808 0.521653 0.015662 -0.012757 -0.003079 -0.719364 0.694509
1776831708.48363 0.160773 0.521801 0.015767 -0.012735 -0.003056 -0.719363 0.694511
1776831708.65030 0.160972 0.521715 0.016016 -0.012728 -0.003003 -0.719372 0.694502
1776831708.81702 0.160995 0.521857 0.015942 -0.012766 -0.003057 -0.719361 0.694512
1776831708.98367 0.160894 0.521709 0.015710 -0.012781 -0.003083 -0.719363 0.694510
1776831709.15033 0.161054 0.521722 0.015595 -0.012791 -0.003086 -0.719372 0.694500
1776831709.31701 0.160526 0.521273 0.015454 -0.012796 -0.003120 -0.719377 0.694494
1776831709.48366 0.160719 0.521258 0.015298 -0.012775 -0.003081 -0.719400 0.694471
1776831709.65035 0.160541 0.521023 0.015250 -0.012793 -0.003082 -0.719396 0.694476
1776831709.81703 0.160572 0.521145 0.015217 -0.012852 -0.003121 -0.719384 0.694486
1776831709.98370 0.160493 0.521217 0.015135 -0.012849 -0.003135 -0.719381 0.694490
1776831710.15038 0.160286 0.520789 0.014832 -0.012870 -0.003151 -0.719377 0.694493
1776831710.31704 0.160212 0.520627 0.014791 -0.012862 -0.003144 -0.719379 0.694492
1776831710.48371 0.160286 0.520480 0.014654 -0.012892 -0.003140 -0.719396 0.694474
1776831710.65038 0.160286 0.520730 0.014642 -0.012916 -0.003180 -0.719384 0.694486
1776831710.81704 0.160446 0.520862 0.014728 -0.012908 -0.003164 -0.719381 0.694489
1776831710.98372 0.160524 0.521192 0.014707 -0.012911 -0.003180 -0.719357 0.694513
1776831711.15039 0.160473 0.521073 0.014839 -0.012899 -0.003203 -0.719353 0.694518
1776831711.31706 0.160547 0.521452 0.014958 -0.012878 -0.003207 -0.719340 0.694532
1776831711.48374 0.160571 0.521275 0.014905 -0.012895 -0.003173 -0.719358 0.694513
1776831711.65042 0.160959 0.521599 0.014913 -0.012931 -0.003198 -0.719368 0.694501
1776831711.81707 0.160962 0.522028 0.015020 -0.012898 -0.003202 -0.719358 0.694512
1776831711.98372 0.161054 0.521838 0.015063 -0.012917 -0.003192 -0.719370 0.694500
1776831712.15042 0.160657 0.521424 0.014986 -0.012912 -0.003216 -0.719364 0.694506
1776831712.31708 0.160590 0.521402 0.014845 -0.012915 -0.003238 -0.719362 0.694508
1776831712.48376 0.160534 0.521522 0.014683 -0.012944 -0.003287 -0.719357 0.694512
1776831712.65039 0.160440 0.521099 0.014551 -0.012905 -0.003269 -0.719380 0.694489
1776831712.81709 0.160456 0.521076 0.014901 -0.012822 -0.003197 -0.719384 0.694487
1776831712.98379 0.160430 0.521074 0.014982 -0.012808 -0.003186 -0.719381 0.694490
1776831713.15048 0.160839 0.520869 0.015091 -0.012849 -0.003136 -0.719399 0.694471
1776831713.31709 0.160966 0.520730 0.014958 -0.012855 -0.003114 -0.719416 0.694454
1776831713.48377 0.160856 0.520568 0.014974 -0.012870 -0.003125 -0.719411 0.694458
1776831713.65041 0.161075 0.520797 0.014953 -0.012857 -0.003093 -0.719425 0.694444
1776831713.81716 0.161240 0.520845 0.015063 -0.012880 -0.003104 -0.719459 0.694409
1776831713.98385 0.161184 0.520557 0.014871 -0.012905 -0.003079 -0.719476 0.694390
1776831714.15051 0.161355 0.520984 0.014873 -0.012977 -0.003142 -0.719478 0.694387
1776831714.31714 0.161469 0.520750 0.014539 -0.013000 -0.003114 -0.719479 0.694386
1776831714.48380 0.161469 0.520913 0.014471 -0.013005 -0.003132 -0.719481 0.694383
1776831714.65048 0.161130 0.520704 0.014252 -0.013015 -0.003142 -0.719466 0.694399
1776831714.81714 0.161378 0.521020 0.014109 -0.013073 -0.003156 -0.719460 0.694403
1776831714.98383 0.161249 0.521000 0.014132 -0.013064 -0.003143 -0.719458 0.694406
1776831715.15050 0.161485 0.521176 0.014145 -0.013097 -0.003136 -0.719461 0.694403
1776831715.31717 0.161612 0.521184 0.013949 -0.013146 -0.003170 -0.719461 0.694401
1776831715.48384 0.161754 0.521225 0.013991 -0.013129 -0.003190 -0.719477 0.694384
1776831715.65051 0.161788 0.521619 0.013784 -0.013180 -0.003264 -0.719479 0.694381
1776831715.81716 0.161899 0.521921 0.013826 -0.013174 -0.003263 -0.719486 0.694375
1776831715.98381 0.162108 0.522194 0.014116 -0.013141 -0.003233 -0.719491 0.694370
1776831716.15049 0.162377 0.522389 0.014281 -0.013138 -0.003172 -0.719486 0.694375
1776831716.31715 0.162056 0.521780 0.014198 -0.013070 -0.003141 -0.719506 0.694356
1776831716.48385 0.161610 0.521365 0.014269 -0.013010 -0.003100 -0.719488 0.694376
1776831716.65055 0.161588 0.521109 0.014475 -0.012997 -0.003083 -0.719500 0.694364
1776831716.81722 0.161562 0.520790 0.014592 -0.012983 -0.003053 -0.719497 0.694367
1776831716.98389 0.161823 0.521309 0.014597 -0.013045 -0.003086 -0.719488 0.694375
1776831717.15055 0.161706 0.521209 0.014327 -0.013094 -0.003131 -0.719487 0.694375
1776831717.31723 0.161738 0.521348 0.014160 -0.013116 -0.003131 -0.719485 0.694378
1776831717.48393 0.160379 0.518711 0.013956 -0.013048 -0.003125 -0.719498 0.694365
1776831717.65057 0.160516 0.518609 0.013738 -0.013108 -0.003106 -0.719499 0.694363
1776831717.81728 0.160358 0.518300 0.013337 -0.013185 -0.003162 -0.719503 0.694357
1776831717.98391 0.160122 0.517920 0.013397 -0.013185 -0.003176 -0.719523 0.694336
1776831718.15055 0.160115 0.517658 0.013315 -0.013174 -0.003156 -0.719534 0.694325
1776831718.31723 0.160419 0.517992 0.013273 -0.013219 -0.003174 -0.719549 0.694309
1776831718.48394 0.160596 0.518213 0.013390 -0.013239 -0.003178 -0.719579 0.694277
1776831718.65056 0.160471 0.517714 0.013277 -0.013202 -0.003135 -0.719596 0.694260
1776831718.81727 0.160592 0.517481 0.013569 -0.013131 -0.003112 -0.719617 0.694240
1776831718.98395 0.160537 0.517047 0.013586 -0.013103 -0.003087 -0.719645 0.694212
1776831719.15060 0.160556 0.516936 0.013390 -0.013147 -0.003132 -0.719640 0.694216
1776831719.31727 0.160577 0.517116 0.013425 -0.013134 -0.003135 -0.719636 0.694220
1776831719.48396 0.160631 0.516996 0.013382 -0.013148 -0.003162 -0.719655 0.694200
1776831719.65062 0.160437 0.517023 0.013190 -0.013156 -0.003210 -0.719653 0.694202
1776831719.81726 0.160557 0.516984 0.013395 -0.013143 -0.003185 -0.719662 0.694193
1776831719.98397 0.160817 0.516931 0.013186 -0.013183 -0.003159 -0.719685 0.694169
1776831720.15062 0.160919 0.517065 0.013408 -0.013172 -0.003139 -0.719695 0.694158
1776831720.31729 0.161034 0.517313 0.013345 -0.013150 -0.003146 -0.719706 0.694148
1776831720.48399 0.161535 0.517831 0.013516 -0.013205 -0.003128 -0.719712 0.694140
1776831720.65065 0.161778 0.517968 0.013446 -0.013194 -0.003098 -0.719731 0.694120
1776831720.81723 0.161856 0.518097 0.013581 -0.013186 -0.003132 -0.719735 0.694116
1776831720.98398 0.161968 0.518618 0.013696 -0.013239 -0.003200 -0.719734 0.694116
1776831721.15066 0.162023 0.518792 0.013627 -0.013250 -0.003244 -0.719735 0.694115
1776831721.31732 0.162648 0.519092 0.013637 -0.013234 -0.003216 -0.719754 0.694096
1776831721.48396 0.162535 0.519119 0.013702 -0.013221 -0.003226 -0.719765 0.694084
1776831721.65065 0.162987 0.519994 0.014153 -0.013192 -0.003203 -0.719759 0.694092
1776831721.81731 0.163030 0.519908 0.014372 -0.013174 -0.003180 -0.719761 0.694089
1776831721.98398 0.163073 0.519966 0.014262 -0.013166 -0.003189 -0.719771 0.694080
1776831722.15069 0.162978 0.519530 0.014183 -0.013115 -0.003138 -0.719773 0.694079
1776831722.31730 0.162729 0.519402 0.014272 -0.013081 -0.003141 -0.719760 0.694093
1776831722.48403 0.162748 0.519335 0.014179 -0.013120 -0.003150 -0.719763 0.694089
1776831722.65069 0.162759 0.519369 0.014001 -0.013170 -0.003189 -0.719773 0.694078
1776831722.81732 0.162791 0.519430 0.013858 -0.013196 -0.003219 -0.719770 0.694080
1776831722.98398 0.162754 0.519365 0.013728 -0.013228 -0.003231 -0.719767 0.694083
1776831723.15068 0.162670 0.519442 0.013488 -0.013269 -0.003248 -0.719750 0.694099
1776831723.31739 0.162591 0.519221 0.013322 -0.013294 -0.003238 -0.719764 0.694084
1776831723.48406 0.162571 0.519316 0.013139 -0.013337 -0.003260 -0.719758 0.694089
1776831723.65071 0.162790 0.519847 0.013195 -0.013353 -0.003241 -0.719735 0.694113
1776831723.81739 0.162951 0.520076 0.013401 -0.013373 -0.003215 -0.719741 0.694106
1776831723.98405 0.163219 0.520566 0.013205 -0.013451 -0.003286 -0.719739 0.694107
1776831724.15072 0.163389 0.520664 0.013330 -0.013421 -0.003213 -0.719732 0.694115
1776831724.31737 0.163648 0.520764 0.013289 -0.013389 -0.003183 -0.719750 0.694097
1776831724.48401 0.163522 0.521032 0.013788 -0.013317 -0.003194 -0.719742 0.694106
1776831724.65069 0.163468 0.520925 0.013887 -0.013319 -0.003189 -0.719743 0.694106
1776831724.81738 0.163302 0.520531 0.013972 -0.013300 -0.003167 -0.719745 0.694104
1776831724.98404 0.163257 0.520399 0.013709 -0.013295 -0.003206 -0.719747 0.694102
1776831725.15073 0.163371 0.520586 0.013867 -0.013267 -0.003209 -0.719759 0.694090
1776831725.31743 0.163440 0.520541 0.013744 -0.013299 -0.003238 -0.719768 0.694079
1776831725.48406 0.163610 0.520284 0.013873 -0.013307 -0.003201 -0.719787 0.694060
1776831725.65076 0.163677 0.520696 0.013991 -0.013323 -0.003245 -0.719804 0.694042
1776831725.81742 0.163629 0.520482 0.013794 -0.013341 -0.003272 -0.719832 0.694012
1776831725.98411 0.163970 0.520512 0.013739 -0.013340 -0.003226 -0.719847 0.693997
1776831726.15078 0.164108 0.520302 0.013791 -0.013340 -0.003206 -0.719859 0.693984
1776831726.31745 0.164004 0.520090 0.013738 -0.013318 -0.003178 -0.719860 0.693984
1776831726.48408 0.163811 0.519873 0.013841 -0.013271 -0.003165 -0.719866 0.693979
1776831726.65079 0.163471 0.519528 0.013873 -0.013256 -0.003167 -0.719865 0.693980
1776831726.81746 0.163874 0.520030 0.013954 -0.013323 -0.003139 -0.719867 0.693977
1776831726.98413 0.164053 0.520047 0.013996 -0.013327 -0.003136 -0.719869 0.693975
1776831727.15079 0.164085 0.520022 0.013935 -0.013337 -0.003183 -0.719871 0.693972
1776831727.31747 0.164461 0.520895 0.013952 -0.013349 -0.003212 -0.719873 0.693970
1776831727.48411 0.164364 0.520624 0.013859 -0.013344 -0.003210 -0.719883 0.693960
1776831727.65079 0.164176 0.520295 0.014244 -0.013299 -0.003200 -0.719885 0.693959
1776831727.81746 0.163735 0.519657 0.014005 -0.013243 -0.003193 -0.719904 0.693940
1776831727.98413 0.164011 0.519539 0.013781 -0.013305 -0.003152 -0.719927 0.693915
1776831728.15082 0.164314 0.519785 0.014116 -0.013283 -0.003109 -0.719951 0.693891
1776831728.31748 0.164576 0.519902 0.014111 -0.013291 -0.003107 -0.719956 0.693886
1776831728.48412 0.164750 0.520225 0.014247 -0.013316 -0.003103 -0.719948 0.693893
1776831728.65080 0.164714 0.520208 0.014223 -0.013328 -0.003113 -0.719943 0.693898
1776831728.81748 0.164870 0.520470 0.014254 -0.013356 -0.003134 -0.719940 0.693901
1776831728.98414 0.164769 0.520604 0.014222 -0.013385 -0.003169 -0.719924 0.693917
1776831729.15081 0.164873 0.520748 0.013979 -0.013422 -0.003202 -0.719940 0.693899
1776831729.31748 0.164985 0.520839 0.013503 -0.013479 -0.003262 -0.719940 0.693897
1776831729.48411 0.164850 0.520713 0.013619 -0.013418 -0.003222 -0.719948 0.693891
1776831729.65083 0.165002 0.520850 0.013949 -0.013426 -0.003255 -0.719966 0.693872
1776831729.81748 0.165395 0.521118 0.013755 -0.013465 -0.003212 -0.719959 0.693878
1776831729.98412 0.165172 0.520955 0.013813 -0.013435 -0.003221 -0.719966 0.693872
1776831730.15084 0.164639 0.520569 0.013745 -0.013418 -0.003222 -0.719954 0.693885
1776831730.31751 0.164809 0.521086 0.013575 -0.013462 -0.003248 -0.719957 0.693881
1776831730.48412 0.164561 0.520568 0.013402 -0.013460 -0.003239 -0.719950 0.693887
1776831730.65076 0.164388 0.520144 0.013102 -0.013484 -0.003263 -0.719939 0.693899
1776831730.81746 0.164575 0.520694 0.013018 -0.013529 -0.003278 -0.719932 0.693905
1776831730.98411 0.164618 0.520708 0.012970 -0.013547 -0.003268 -0.719934 0.693902
1776831731.15080 0.164890 0.520906 0.012986 -0.013552 -0.003245 -0.719950 0.693886
1776831731.31752 0.164661 0.520754 0.013359 -0.013493 -0.003235 -0.719924 0.693914
1776831731.48418 0.164756 0.520868 0.013313 -0.013500 -0.003237 -0.719932 0.693906
1776831731.65083 0.164708 0.520952 0.013551 -0.013458 -0.003187 -0.719919 0.693920
1776831731.81743 0.165012 0.521226 0.013755 -0.013472 -0.003180 -0.719923 0.693915
1776831731.98411 0.164736 0.520961 0.013198 -0.013527 -0.003230 -0.719917 0.693921
1776831732.15076 0.164572 0.520980 0.012740 -0.013570 -0.003267 -0.719903 0.693934
1776831732.31741 0.164055 0.520195 0.012699 -0.013510 -0.003231 -0.719892 0.693948
1776831732.48412 0.163542 0.519051 0.012519 -0.013449 -0.003185 -0.719887 0.693954
1776831732.65088 0.163484 0.518795 0.012644 -0.013407 -0.003167 -0.719896 0.693945
1776831732.81767 0.161820 0.516041 0.011446 -0.013408 -0.003211 -0.719903 0.693937
1776831732.98436 0.161991 0.516322 0.011552 -0.013407 -0.003179 -0.719889 0.693952
1776831733.15102 0.162097 0.516599 0.011733 -0.013425 -0.003179 -0.719855 0.693987
1776831733.31770 0.162103 0.516870 0.011589 -0.013460 -0.003232 -0.719829 0.694013
1776831733.48434 0.162078 0.517353 0.011408 -0.013467 -0.003266 -0.719815 0.694028
1776831733.65096 0.162264 0.517849 0.011222 -0.013526 -0.003281 -0.719786 0.694056
1776831733.81762 0.162244 0.518043 0.011551 -0.013458 -0.003251 -0.719767 0.694078
1776831733.98430 0.162549 0.518728 0.012147 -0.013428 -0.003192 -0.719762 0.694084
1776831734.15101 0.163326 0.520157 0.012918 -0.013466 -0.003213 -0.719758 0.694087
1776831734.31771 0.163859 0.520976 0.013540 -0.013439 -0.003180 -0.719751 0.694095
1776831734.48440 0.163930 0.521183 0.013699 -0.013383 -0.003177 -0.719757 0.694089
1776831734.65104 0.163643 0.520788 0.013763 -0.013359 -0.003181 -0.719749 0.694098
1776831734.81769 0.163712 0.520780 0.013988 -0.013308 -0.003103 -0.719746 0.694103
1776831734.98438 0.163402 0.520173 0.014046 -0.013297 -0.003068 -0.719738 0.694112
1776831735.15105 0.163706 0.520618 0.013944 -0.013327 -0.003081 -0.719751 0.694097
1776831735.31772 0.163674 0.520713 0.013795 -0.013379 -0.003163 -0.719742 0.694105
1776831735.48439 0.163669 0.520773 0.013373 -0.013438 -0.003229 -0.719721 0.694125
1776831735.65104 0.163638 0.520612 0.013179 -0.013464 -0.003257 -0.719731 0.694115
1776831735.81772 0.163830 0.521046 0.013113 -0.013482 -0.003268 -0.719733 0.694113
1776831735.98440 0.164414 0.521940 0.013202 -0.013520 -0.003304 -0.719744 0.694100
1776831736.15111 0.164749 0.522725 0.013164 -0.013531 -0.003335 -0.719757 0.694087
1776831736.31777 0.164947 0.523267 0.013329 -0.013541 -0.003341 -0.719751 0.694092
1776831736.48443 0.165236 0.522990 0.013122 -0.013595 -0.003367 -0.719775 0.694066
1776831736.65107 0.164820 0.522330 0.012963 -0.013604 -0.003412 -0.719775 0.694065
1776831736.81771 0.165039 0.522756 0.013164 -0.013584 -0.003363 -0.719781 0.694060
1776831736.98438 0.164907 0.522402 0.013070 -0.013583 -0.003360 -0.719787 0.694054
1776831737.15106 0.164852 0.522357 0.013011 -0.013562 -0.003357 -0.719789 0.694053
1776831737.31772 0.164839 0.522574 0.012751 -0.013582 -0.003386 -0.719786 0.694055
1776831737.48438 0.164857 0.522273 0.012708 -0.013570 -0.003348 -0.719783 0.694058
1776831737.65108 0.164781 0.522476 0.012937 -0.013560 -0.003341 -0.719758 0.694084
1776831737.81773 0.164797 0.522128 0.012840 -0.013568 -0.003284 -0.719762 0.694081
1776831737.98442 0.165089 0.522424 0.012915 -0.013595 -0.003275 -0.719777 0.694064
1776831738.15109 0.165363 0.522775 0.013134 -0.013602 -0.003250 -0.719775 0.694066
1776831738.31778 0.165478 0.523210 0.013537 -0.013557 -0.003236 -0.719770 0.694073
1776831738.48443 0.165795 0.523384 0.013636 -0.013572 -0.003206 -0.719765 0.694077
1776831738.65113 0.165547 0.523249 0.013562 -0.013581 -0.003251 -0.719763 0.694079
1776831738.81779 0.166163 0.523874 0.013695 -0.013574 -0.003215 -0.719773 0.694069
1776831738.98444 0.166014 0.523703 0.013605 -0.013530 -0.003219 -0.719774 0.694069
1776831739.15108 0.165722 0.523264 0.013773 -0.013495 -0.003222 -0.719778 0.694066
1776831739.31776 0.165228 0.522452 0.013753 -0.013462 -0.003224 -0.719776 0.694068
1776831739.48445 0.165390 0.522506 0.013430 -0.013530 -0.003243 -0.719768 0.694075
1776831739.65111 0.165352 0.522808 0.013036 -0.013568 -0.003331 -0.719778 0.694064
1776831739.81781 0.165670 0.523397 0.013082 -0.013583 -0.003312 -0.719780 0.694061
1776831739.98446 0.165761 0.523338 0.012956 -0.013595 -0.003292 -0.719769 0.694073
1776831740.15113 0.165409 0.522812 0.012983 -0.013578 -0.003277 -0.719780 0.694062
1776831740.31779 0.165213 0.522697 0.013012 -0.013562 -0.003293 -0.719776 0.694066
1776831740.48447 0.165353 0.522567 0.013101 -0.013578 -0.003243 -0.719779 0.694062
1776831740.65115 0.165711 0.522873 0.013080 -0.013582 -0.003239 -0.719805 0.694035
1776831740.81782 0.165887 0.522991 0.013133 -0.013640 -0.003274 -0.719805 0.694035
1776831740.98449 0.166130 0.523319 0.012785 -0.013703 -0.003328 -0.719807 0.694031
1776831741.15116 0.166171 0.523422 0.012700 -0.013700 -0.003325 -0.719806 0.694032
1776831741.31780 0.165977 0.523446 0.012881 -0.013667 -0.003304 -0.719788 0.694052
1776831741.48446 0.165560 0.523079 0.012837 -0.013639 -0.003316 -0.719773 0.694068
1776831741.65113 0.165602 0.523270 0.012966 -0.013623 -0.003338 -0.719774 0.694067
1776831741.81781 0.165791 0.523613 0.013020 -0.013644 -0.003321 -0.719767 0.694074
1776831741.98448 0.165624 0.523416 0.012982 -0.013611 -0.003290 -0.719757 0.694084
1776831742.15113 0.165846 0.524002 0.013034 -0.013658 -0.003298 -0.719744 0.694098
1776831742.31780 0.165729 0.523687 0.012821 -0.013670 -0.003304 -0.719734 0.694107
1776831742.48446 0.166202 0.524174 0.012885 -0.013699 -0.003323 -0.719745 0.694095
1776831742.65115 0.166557 0.524800 0.012939 -0.013726 -0.003349 -0.719762 0.694077
1776831742.81782 0.166837 0.525595 0.013185 -0.013732 -0.003408 -0.719754 0.694085
1776831742.98449 0.167177 0.525986 0.013227 -0.013765 -0.003404 -0.719754 0.694084
1776831743.15113 0.167225 0.525813 0.013098 -0.013775 -0.003408 -0.719756 0.694082
1776831743.31777 0.167335 0.526050 0.013151 -0.013744 -0.003372 -0.719786 0.694052
1776831743.48444 0.167355 0.525982 0.013359 -0.013724 -0.003331 -0.719791 0.694047
1776831743.65116 0.167378 0.525822 0.013462 -0.013700 -0.003278 -0.719789 0.694050
1776831743.81784 0.167403 0.525837 0.013245 -0.013747 -0.003306 -0.719793 0.694045
1776831743.98449 0.167254 0.525568 0.013455 -0.013728 -0.003294 -0.719804 0.694033
1776831744.15118 0.167178 0.525432 0.013193 -0.013763 -0.003290 -0.719800 0.694038
1776831744.31785 0.167265 0.525480 0.012973 -0.013787 -0.003314 -0.719815 0.694022
1776831744.48451 0.167250 0.525182 0.012916 -0.013793 -0.003295 -0.719829 0.694006
1776831744.65119 0.167018 0.524914 0.012844 -0.013795 -0.003342 -0.719831 0.694004
1776831744.81788 0.167457 0.525540 0.012582 -0.013863 -0.003384 -0.719835 0.693998
1776831744.98449 0.168013 0.525973 0.012931 -0.013851 -0.003337 -0.719849 0.693984
1776831745.15117 0.168322 0.526307 0.012881 -0.013882 -0.003368 -0.719864 0.693969
1776831745.31782 0.168159 0.525924 0.012671 -0.013866 -0.003374 -0.719877 0.693955
1776831745.48447 0.168331 0.526007 0.012628 -0.013893 -0.003358 -0.719876 0.693955
1776831745.65116 0.168307 0.526223 0.012673 -0.013855 -0.003370 -0.719875 0.693958
1776831745.81785 0.168345 0.526168 0.012859 -0.013830 -0.003357 -0.719887 0.693946
1776831745.98451 0.167811 0.525517 0.012850 -0.013786 -0.003337 -0.719872 0.693962
1776831746.15121 0.168069 0.526112 0.012766 -0.013838 -0.003371 -0.719850 0.693983
1776831746.31782 0.167993 0.526104 0.012905 -0.013830 -0.003354 -0.719862 0.693971
1776831746.48450 0.168155 0.525862 0.012953 -0.013839 -0.003337 -0.719878 0.693954
1776831746.65115 0.168175 0.525759 0.012974 -0.013821 -0.003334 -0.719889 0.693944
1776831746.81783 0.168281 0.525425 0.012887 -0.013811 -0.003329 -0.719912 0.693920
1776831746.98451 0.168706 0.525868 0.013076 -0.013822 -0.003314 -0.719935 0.693896
1776831747.15121 0.168914 0.525655 0.013010 -0.013803 -0.003315 -0.719953 0.693878
1776831747.31782 0.168937 0.525876 0.013229 -0.013804 -0.003370 -0.719974 0.693855
1776831747.48450 0.168604 0.525471 0.013330 -0.013717 -0.003320 -0.719968 0.693863
1776831747.65121 0.168852 0.525345 0.013259 -0.013735 -0.003263 -0.719983 0.693848
1776831747.81787 0.168836 0.525176 0.012904 -0.013772 -0.003326 -0.719997 0.693833
1776831747.98455 0.169137 0.525697 0.013235 -0.013745 -0.003286 -0.720002 0.693829
1776831748.15122 0.169240 0.525671 0.013221 -0.013767 -0.003312 -0.720018 0.693811
1776831748.31789 0.169483 0.525778 0.013052 -0.013816 -0.003345 -0.720045 0.693782
1776831748.48455 0.169235 0.525444 0.012926 -0.013843 -0.003341 -0.720035 0.693791
1776831748.65121 0.169244 0.525542 0.012705 -0.013906 -0.003385 -0.720043 0.693782
1776831748.81787 0.169648 0.526237 0.012461 -0.013956 -0.003460 -0.720060 0.693763
1776831748.98455 0.169880 0.525767 0.012371 -0.013919 -0.003407 -0.720101 0.693721
1776831749.15124 0.169853 0.525692 0.012424 -0.013891 -0.003398 -0.720105 0.693718
1776831749.31790 0.170096 0.526080 0.012702 -0.013888 -0.003375 -0.720112 0.693711
1776831749.48456 0.170233 0.526379 0.012529 -0.013928 -0.003397 -0.720127 0.693694
1776831749.65124 0.170350 0.526318 0.012728 -0.013927 -0.003408 -0.720137 0.693684
1776831749.81794 0.170198 0.526273 0.012641 -0.013880 -0.003403 -0.720143 0.693678
1776831749.98461 0.170325 0.526126 0.012494 -0.013878 -0.003393 -0.720165 0.693655
1776831750.15124 0.170732 0.526307 0.012592 -0.013897 -0.003389 -0.720188 0.693631
1776831750.31794 0.170624 0.526354 0.012407 -0.013891 -0.003390 -0.720175 0.693645
1776831750.48460 0.170443 0.526065 0.012385 -0.013900 -0.003392 -0.720177 0.693643
1776831750.65130 0.170507 0.526022 0.012332 -0.013939 -0.003371 -0.720165 0.693654
1776831750.81794 0.170412 0.525792 0.012283 -0.013926 -0.003343 -0.720163 0.693657
1776831750.98464 0.170637 0.526229 0.012280 -0.013963 -0.003390 -0.720160 0.693659
1776831751.15130 0.170451 0.526175 0.011937 -0.014024 -0.003477 -0.720153 0.693665
1776831751.31797 0.170444 0.526429 0.011992 -0.014023 -0.003492 -0.720150 0.693668
1776831751.48462 0.170698 0.526698 0.012110 -0.014054 -0.003464 -0.720143 0.693674
1776831751.65130 0.170568 0.526616 0.011934 -0.014021 -0.003427 -0.720143 0.693676
1776831751.81800 0.170171 0.525944 0.011792 -0.014015 -0.003443 -0.720140 0.693679
1776831751.98468 0.170221 0.525990 0.011649 -0.014059 -0.003457 -0.720131 0.693687
1776831752.15133 0.170283 0.526156 0.011630 -0.014053 -0.003439 -0.720125 0.693694
1776831752.31804 0.169928 0.526212 0.011462 -0.014043 -0.003471 -0.720095 0.693725
1776831752.48470 0.170199 0.526713 0.011608 -0.014053 -0.003428 -0.720092 0.693728
1776831752.65135 0.170536 0.526587 0.011350 -0.014104 -0.003458 -0.720118 0.693700
1776831752.81802 0.170659 0.526471 0.011316 -0.014088 -0.003470 -0.720124 0.693694
1776831752.98468 0.170875 0.526725 0.011343 -0.014087 -0.003465 -0.720127 0.693690
1776831753.15138 0.171071 0.527510 0.011427 -0.014111 -0.003533 -0.720135 0.693681
1776831753.31804 0.171404 0.527949 0.011836 -0.014087 -0.003505 -0.720133 0.693684
1776831753.48472 0.171710 0.528639 0.012137 -0.014091 -0.003498 -0.720121 0.693697
1776831753.65140 0.172059 0.529076 0.012437 -0.014082 -0.003475 -0.720118 0.693700
1776831753.81806 0.172196 0.529203 0.012345 -0.014082 -0.003487 -0.720130 0.693687
1776831753.98471 0.172212 0.529134 0.012457 -0.014068 -0.003510 -0.720134 0.693684
1776831754.15140 0.172091 0.528853 0.012527 -0.014037 -0.003519 -0.720138 0.693680
1776831754.31808 0.172263 0.529107 0.012712 -0.014017 -0.003485 -0.720143 0.693675
1776831754.48476 0.172308 0.529006 0.012971 -0.013937 -0.003466 -0.720153 0.693666
1776831754.65144 0.172454 0.529450 0.013114 -0.013914 -0.003502 -0.720167 0.693652
1776831754.81811 0.172875 0.529819 0.013356 -0.013920 -0.003473 -0.720195 0.693623
1776831754.98479 0.172983 0.529362 0.013351 -0.013894 -0.003405 -0.720214 0.693605
1776831755.15145 0.172350 0.528470 0.013491 -0.013794 -0.003423 -0.720231 0.693588
1776831755.31813 0.172480 0.528335 0.013286 -0.013813 -0.003441 -0.720248 0.693571
1776831755.48480 0.172184 0.527740 0.013193 -0.013768 -0.003402 -0.720241 0.693579
1776831755.65145 0.171939 0.527434 0.012974 -0.013782 -0.003433 -0.720254 0.693565
1776831755.81813 0.171736 0.527141 0.012962 -0.013783 -0.003411 -0.720269 0.693550
1776831755.98479 0.171922 0.527568 0.012700 -0.013868 -0.003480 -0.720264 0.693553
1776831756.15147 0.171972 0.527670 0.012559 -0.013917 -0.003521 -0.720255 0.693561
1776831756.31814 0.171816 0.527645 0.012209 -0.013919 -0.003516 -0.720250 0.693566
1776831756.48480 0.172096 0.528006 0.012148 -0.013961 -0.003499 -0.720246 0.693570
1776831756.65149 0.172084 0.528032 0.012040 -0.013957 -0.003476 -0.720233 0.693583
1776831756.81815 0.172110 0.528295 0.012096 -0.013946 -0.003491 -0.720233 0.693583
1776831756.98482 0.172373 0.528773 0.011782 -0.013978 -0.003528 -0.720214 0.693602
1776831757.15145 0.172186 0.528738 0.011885 -0.013966 -0.003561 -0.720211 0.693606
1776831757.31812 0.172027 0.528959 0.011865 -0.013958 -0.003593 -0.720175 0.693643
1776831757.48480 0.171681 0.528930 0.011826 -0.013978 -0.003628 -0.720140 0.693679
1776831757.65147 0.171675 0.528738 0.011509 -0.014025 -0.003646 -0.720141 0.693676
1776831757.81814 0.171501 0.528945 0.011460 -0.014048 -0.003687 -0.720115 0.693703
1776831757.98481 0.171823 0.529552 0.011520 -0.014061 -0.003631 -0.720097 0.693721
1776831758.15147 0.171623 0.529529 0.011771 -0.014031 -0.003653 -0.720086 0.693733
1776831758.31815 0.171392 0.529466 0.011836 -0.014039 -0.003678 -0.720069 0.693751
1776831758.48486 0.172155 0.530496 0.011785 -0.014126 -0.003624 -0.720052 0.693766
1776831758.65153 0.172531 0.530883 0.011769 -0.014146 -0.003617 -0.720044 0.693774
1776831758.81817 0.172540 0.531419 0.011860 -0.014138 -0.003685 -0.720018 0.693802
1776831758.98484 0.172366 0.531280 0.011625 -0.014120 -0.003724 -0.720004 0.693817
1776831759.15147 0.172814 0.531825 0.011984 -0.014148 -0.003717 -0.720002 0.693818
1776831759.31812 0.173324 0.532957 0.012477 -0.014157 -0.003738 -0.719984 0.693836
1776831759.48481 0.173268 0.533176 0.012779 -0.014147 -0.003727 -0.719964 0.693857
1776831759.65151 0.173518 0.533984 0.013036 -0.014126 -0.003725 -0.719942 0.693880
1776831759.81819 0.173648 0.534504 0.013295 -0.014120 -0.003735 -0.719905 0.693919
1776831759.98487 0.174000 0.534931 0.013258 -0.014140 -0.003722 -0.719904 0.693919
1776831760.15154 0.174314 0.535320 0.013124 -0.014182 -0.003745 -0.719904 0.693919
1776831760.31820 0.172408 0.527970 0.012677 -0.013854 -0.003349 -0.720017 0.693810
1776831760.48476 0.172139 0.528181 0.012662 -0.013832 -0.003500 -0.720053 0.693772
1776831760.65143 0.172700 0.528328 0.012825 -0.013813 -0.003378 -0.720093 0.693732
1776831760.81816 0.172837 0.529553 0.012489 -0.013861 -0.003557 -0.720105 0.693717
1776831760.98473 0.173008 0.529350 0.012703 -0.013850 -0.003455 -0.720111 0.693712
1776831761.15140 0.173437 0.529988 0.012477 -0.013908 -0.003516 -0.720125 0.693696
1776831761.31801 0.173702 0.530870 0.012229 -0.013993 -0.003633 -0.720132 0.693687
1776831761.48463 0.173367 0.530738 0.012352 -0.013936 -0.003600 -0.720111 0.693710
1776831761.65130 0.173778 0.531031 0.012512 -0.013954 -0.003540 -0.720108 0.693713
1776831761.81795 0.173776 0.531714 0.012310 -0.013957 -0.003631 -0.720088 0.693732
1776831761.98460 0.174028 0.532765 0.012360 -0.014033 -0.003757 -0.720061 0.693759
1776831762.15125 0.174021 0.533693 0.012742 -0.014029 -0.003778 -0.720018 0.693804
1776831762.31794 0.174586 0.535128 0.012985 -0.014080 -0.003807 -0.719991 0.693830
1776831762.48463 0.174904 0.536206 0.013197 -0.014125 -0.003869 -0.719963 0.693858
1776831762.65124 0.175323 0.537073 0.013422 -0.014120 -0.003866 -0.719950 0.693872
1776831762.81792 0.175341 0.537175 0.013570 -0.014061 -0.003805 -0.719932 0.693891
1776831762.98458 0.175618 0.537669 0.013912 -0.014021 -0.003785 -0.719931 0.693893
1776831763.15129 0.175786 0.538160 0.014006 -0.014075 -0.003823 -0.719894 0.693931
1776831763.31787 0.174957 0.534239 0.012213 -0.014081 -0.003711 -0.720025 0.693795
1776831763.48458 0.175028 0.535130 0.012279 -0.014144 -0.003839 -0.720003 0.693816
1776831763.65129 0.175167 0.536373 0.012627 -0.014149 -0.003881 -0.719971 0.693849
1776831763.81799 0.174146 0.536548 0.011564 -0.014200 -0.004018 -0.719876 0.693946
1776831763.98455 0.174143 0.537944 0.011861 -0.014258 -0.004047 -0.719798 0.694025
1776831764.15122 0.173702 0.537222 0.011409 -0.014307 -0.003978 -0.719723 0.694103
1776831764.31797 0.173078 0.537681 0.011015 -0.014344 -0.004083 -0.719641 0.694186
1776831764.48462 0.173313 0.539274 0.011195 -0.014431 -0.004146 -0.719569 0.694259
1776831764.65125 0.173919 0.540582 0.011796 -0.014448 -0.004110 -0.719518 0.694311
1776831764.81791 0.174688 0.541585 0.012653 -0.014427 -0.004072 -0.719509 0.694321
1776831764.98462 0.175002 0.542041 0.013311 -0.014426 -0.004068 -0.719503 0.694328
1776831765.15127 0.174961 0.542204 0.013422 -0.014395 -0.004063 -0.719496 0.694336
1776831765.31792 0.175576 0.542794 0.013527 -0.014409 -0.004044 -0.719502 0.694329
1776831765.48459 0.175708 0.542573 0.013893 -0.014341 -0.004001 -0.719520 0.694312
1776831765.65129 0.175695 0.541964 0.014082 -0.014232 -0.003925 -0.719546 0.694288
1776831765.81793 0.175413 0.541623 0.014310 -0.014118 -0.003884 -0.719575 0.694261
1776831765.98463 0.175751 0.541789 0.014507 -0.014132 -0.003927 -0.719607 0.694227
1776831766.15130 0.175546 0.541146 0.014660 -0.014063 -0.003911 -0.719629 0.694205
1776831766.31792 0.176006 0.541423 0.014895 -0.014063 -0.003857 -0.719634 0.694201
1776831766.48461 0.176021 0.541373 0.014902 -0.014059 -0.003851 -0.719655 0.694178
1776831766.65128 0.176139 0.541331 0.015145 -0.013999 -0.003792 -0.719680 0.694154
1776831766.81793 0.176865 0.541985 0.015866 -0.013930 -0.003758 -0.719717 0.694118
1776831766.98461 0.177198 0.541711 0.015918 -0.013880 -0.003687 -0.719755 0.694080
1776831767.15128 0.177500 0.541996 0.016124 -0.013927 -0.003762 -0.719780 0.694052
1776831767.31793 0.177484 0.542077 0.016146 -0.013942 -0.003796 -0.719789 0.694043
1776831767.48462 0.177592 0.542197 0.015646 -0.014032 -0.003886 -0.719805 0.694024
1776831767.65126 0.177492 0.541945 0.015267 -0.014075 -0.003910 -0.719813 0.694014
1776831767.81792 0.177627 0.541792 0.015071 -0.014035 -0.003886 -0.719830 0.693997
1776831767.98460 0.177750 0.542444 0.015104 -0.014049 -0.003959 -0.719838 0.693988
1776831768.15126 0.177618 0.542006 0.014606 -0.014110 -0.004007 -0.719843 0.693981
1776831768.31789 0.177676 0.541880 0.014678 -0.014121 -0.004021 -0.719842 0.693983
1776831768.48456 0.177248 0.541218 0.014488 -0.014081 -0.003996 -0.719855 0.693970
1776831768.65126 0.176606 0.540461 0.014241 -0.014060 -0.003997 -0.719850 0.693975
1776831768.81799 0.176387 0.540022 0.014072 -0.014061 -0.003986 -0.719863 0.693962
1776831768.98464 0.176387 0.540093 0.014094 -0.014062 -0.004005 -0.719871 0.693954
1776831769.15128 0.176642 0.540103 0.014254 -0.014068 -0.003970 -0.719869 0.693956
1776831769.31795 0.176453 0.539628 0.014140 -0.014050 -0.003976 -0.719868 0.693958
1776831769.48460 0.176477 0.539810 0.013902 -0.014078 -0.003975 -0.719871 0.693954
1776831769.65134 0.177039 0.541085 0.014180 -0.014110 -0.004004 -0.719849 0.693976
1776831769.81800 0.177115 0.541482 0.014345 -0.014146 -0.004019 -0.719844 0.693980
1776831769.98466 0.177549 0.541563 0.014399 -0.014155 -0.004074 -0.719861 0.693962
1776831770.15131 0.177991 0.542117 0.014660 -0.014164 -0.004134 -0.719852 0.693970
1776831770.31797 0.178724 0.542983 0.014375 -0.014208 -0.004224 -0.719863 0.693958
1776831770.48467 0.179030 0.543264 0.014521 -0.014148 -0.004218 -0.719878 0.693943
1776831770.65128 0.179558 0.544600 0.014602 -0.014147 -0.004263 -0.719888 0.693933
1776831770.81795 0.179013 0.544582 0.014940 -0.014101 -0.004226 -0.719879 0.693943
1776831770.98466 0.178291 0.543830 0.014960 -0.014105 -0.004231 -0.719884 0.693938
1776831771.15136 0.178281 0.543345 0.014724 -0.014141 -0.004239 -0.719898 0.693923
1776831771.31808 0.178247 0.543007 0.014417 -0.014141 -0.004162 -0.719890 0.693932
1776831771.48475 0.178557 0.543037 0.014228 -0.014209 -0.004176 -0.719905 0.693914
1776831771.65140 0.178574 0.542684 0.014152 -0.014200 -0.004122 -0.719914 0.693905
1776831771.81813 0.178134 0.542144 0.014217 -0.014198 -0.004138 -0.719918 0.693902
1776831771.98480 0.177924 0.541828 0.014145 -0.014206 -0.004058 -0.719912 0.693908
1776831772.15153 0.177647 0.541512 0.014205 -0.014197 -0.004071 -0.719906 0.693914
1776831772.31816 0.175497 0.538346 0.011626 -0.014354 -0.004222 -0.719873 0.693945
1776831772.48486 0.175627 0.539716 0.011526 -0.014457 -0.004288 -0.719793 0.694025
1776831772.65149 0.176245 0.540850 0.010875 -0.014614 -0.004304 -0.719775 0.694040
1776831772.81811 0.176668 0.541603 0.010642 -0.014689 -0.004266 -0.719741 0.694074
1776831772.98482 0.176432 0.541476 0.010679 -0.014692 -0.004217 -0.719712 0.694105
1776831773.15148 0.176332 0.542381 0.011190 -0.014707 -0.004268 -0.719669 0.694148
1776831773.31822 0.176747 0.543548 0.011803 -0.014703 -0.004281 -0.719625 0.694194
1776831773.48486 0.177461 0.544848 0.012347 -0.014689 -0.004278 -0.719607 0.694213
1776831773.65155 0.178283 0.545533 0.012707 -0.014649 -0.004266 -0.719603 0.694218
1776831773.81826 0.179099 0.546443 0.013176 -0.014600 -0.004264 -0.719616 0.694205
1776831773.98492 0.178875 0.546344 0.013577 -0.014534 -0.004329 -0.719614 0.694208
1776831774.15156 0.176842 0.540497 0.011439 -0.014482 -0.004247 -0.719749 0.694070
1776831774.31836 0.176828 0.539960 0.011439 -0.014449 -0.004157 -0.719783 0.694037
1776831774.48507 0.176481 0.538697 0.011854 -0.014400 -0.004060 -0.719806 0.694014
1776831774.65183 0.177379 0.537859 0.012204 -0.014376 -0.003870 -0.719906 0.693912
1776831774.81850 0.177706 0.537681 0.012257 -0.014306 -0.003892 -0.719983 0.693833
1776831774.98518 0.177748 0.537343 0.012489 -0.014251 -0.003935 -0.720063 0.693751
1776831775.15180 0.177728 0.536129 0.012697 -0.014201 -0.003866 -0.720127 0.693686
1776831775.31848 0.179202 0.536223 0.012637 -0.014278 -0.003785 -0.720268 0.693538
1776831775.48511 0.179520 0.536282 0.012430 -0.014270 -0.003876 -0.720356 0.693447
1776831775.65176 0.180386 0.536089 0.012330 -0.014309 -0.003793 -0.720464 0.693335
1776831775.81842 0.180362 0.535512 0.012586 -0.014256 -0.003826 -0.720544 0.693252
1776831775.98511 0.180426 0.535961 0.012560 -0.014278 -0.003957 -0.720595 0.693198
1776831776.15175 0.180715 0.536326 0.012671 -0.014283 -0.003952 -0.720644 0.693147
1776831776.31841 0.181039 0.535731 0.012777 -0.014228 -0.003804 -0.720658 0.693135
1776831776.48504 0.181411 0.536623 0.012653 -0.014227 -0.003922 -0.720667 0.693125
1776831776.65165 0.181657 0.538067 0.012700 -0.014268 -0.004076 -0.720650 0.693140
1776831776.81831 0.182289 0.539798 0.012845 -0.014319 -0.004165 -0.720618 0.693172
1776831776.98499 0.181828 0.540672 0.013103 -0.014299 -0.004188 -0.720559 0.693234
1776831777.15168 0.181868 0.541509 0.013284 -0.014306 -0.004168 -0.720531 0.693262
1776831777.31833 0.181499 0.541556 0.013706 -0.014300 -0.004142 -0.720488 0.693308
1776831777.48503 0.181462 0.541229 0.013705 -0.014302 -0.004077 -0.720462 0.693335
1776831777.65175 0.181476 0.541252 0.013490 -0.014330 -0.004073 -0.720431 0.693367
1776831777.81839 0.181324 0.541258 0.013451 -0.014332 -0.004052 -0.720380 0.693419
1776831777.98509 0.181239 0.541563 0.013319 -0.014371 -0.004108 -0.720330 0.693470
1776831778.15176 0.181111 0.541615 0.013100 -0.014391 -0.004194 -0.720309 0.693492
1776831778.31844 0.181064 0.542032 0.012937 -0.014447 -0.004262 -0.720278 0.693522
1776831778.48509 0.180941 0.542184 0.012712 -0.014474 -0.004306 -0.720252 0.693549
1776831778.65175 0.180652 0.542215 0.012867 -0.014391 -0.004262 -0.720222 0.693581
1776831778.81841 0.180625 0.542669 0.012898 -0.014395 -0.004257 -0.720186 0.693618
1776831778.98506 0.180662 0.542655 0.012981 -0.014382 -0.004186 -0.720162 0.693644
1776831779.15175 0.180646 0.542630 0.012930 -0.014385 -0.004206 -0.720153 0.693653
1776831779.31840 0.180912 0.543051 0.013018 -0.014376 -0.004188 -0.720159 0.693647
1776831779.48513 0.180804 0.543045 0.013369 -0.014353 -0.004169 -0.720131 0.693677
1776831779.65183 0.180471 0.542597 0.013369 -0.014340 -0.004164 -0.720118 0.693690
1776831779.81847 0.179784 0.541819 0.013513 -0.014284 -0.004155 -0.720099 0.693712
1776831779.98510 0.179613 0.541649 0.013519 -0.014274 -0.004133 -0.720086 0.693725
1776831780.15178 0.179100 0.541204 0.013376 -0.014264 -0.004135 -0.720051 0.693762
1776831780.31849 0.178680 0.540710 0.013390 -0.014282 -0.004165 -0.720029 0.693785
1776831780.48514 0.178629 0.541114 0.013107 -0.014333 -0.004222 -0.720025 0.693787
1776831780.65182 0.178978 0.541636 0.012866 -0.014391 -0.004210 -0.720009 0.693803
1776831780.81846 0.179372 0.541926 0.012901 -0.014419 -0.004185 -0.720013 0.693798
1776831780.98513 0.179460 0.541819 0.012893 -0.014416 -0.004188 -0.720005 0.693807
1776831781.15180 0.179762 0.542521 0.013053 -0.014405 -0.004208 -0.719991 0.693821
1776831781.31846 0.180069 0.539717 0.013192 -0.014289 -0.004036 -0.720198 0.693609
1776831781.48513 0.180567 0.541177 0.013106 -0.014344 -0.004156 -0.720189 0.693617
1776831781.65181 0.180756 0.542355 0.013265 -0.014329 -0.004152 -0.720139 0.693669
1776831781.81844 0.180917 0.543415 0.013647 -0.014279 -0.004128 -0.720091 0.693720
1776831781.98517 0.180628 0.543461 0.013743 -0.014271 -0.004168 -0.720047 0.693766
1776831782.15180 0.180069 0.543127 0.013801 -0.014216 -0.004155 -0.720010 0.693806
1776831782.31849 0.179641 0.542888 0.013772 -0.014258 -0.004185 -0.719981 0.693835
1776831782.48518 0.178992 0.542265 0.013536 -0.014266 -0.004170 -0.719951 0.693866
1776831782.65183 0.178707 0.541740 0.013272 -0.014242 -0.004133 -0.719935 0.693884
1776831782.81850 0.178529 0.541509 0.013072 -0.014280 -0.004110 -0.719918 0.693901
1776831782.98517 0.178583 0.541627 0.012825 -0.014352 -0.004140 -0.719919 0.693897
1776831783.15187 0.178501 0.541556 0.012737 -0.014345 -0.004134 -0.719912 0.693905
1776831783.31850 0.178293 0.541301 0.012658 -0.014372 -0.004153 -0.719894 0.693923
1776831783.48517 0.177586 0.540580 0.012707 -0.014312 -0.004154 -0.719875 0.693943
1776831783.65185 0.179698 0.537556 0.013517 -0.014233 -0.003824 -0.720234 0.693575
1776831783.81847 0.179686 0.537730 0.013595 -0.014208 -0.003937 -0.720311 0.693495
1776831783.98514 0.180060 0.538931 0.013245 -0.014245 -0.004028 -0.720298 0.693507
1776831784.15181 0.179990 0.539584 0.012888 -0.014303 -0.004116 -0.720275 0.693529
1776831784.31845 0.180036 0.540543 0.012731 -0.014343 -0.004171 -0.720217 0.693588
1776831784.48511 0.179636 0.540894 0.012470 -0.014350 -0.004205 -0.720167 0.693639
1776831784.65179 0.179664 0.541349 0.012255 -0.014395 -0.004200 -0.720128 0.693679
1776831784.81847 0.179781 0.542132 0.012106 -0.014436 -0.004218 -0.720089 0.693719
1776831784.98513 0.180089 0.542689 0.012229 -0.014486 -0.004226 -0.720060 0.693748
1776831785.15187 0.180493 0.543531 0.012618 -0.014502 -0.004217 -0.720013 0.693796
1776831785.31850 0.180447 0.543903 0.012774 -0.014518 -0.004250 -0.719986 0.693823
1776831785.48517 0.180643 0.544714 0.012768 -0.014554 -0.004286 -0.719974 0.693835
1776831785.65185 0.180799 0.545102 0.012833 -0.014596 -0.004269 -0.719951 0.693858
1776831785.81850 0.180687 0.545317 0.012770 -0.014634 -0.004329 -0.719935 0.693874
1776831785.98519 0.180690 0.545544 0.012726 -0.014643 -0.004335 -0.719916 0.693893
1776831786.15185 0.181015 0.546324 0.012733 -0.014675 -0.004318 -0.719889 0.693921
1776831786.31856 0.180940 0.546326 0.013033 -0.014648 -0.004291 -0.719871 0.693940
1776831786.48519 0.181159 0.546735 0.013057 -0.014638 -0.004284 -0.719847 0.693966
1776831786.65185 0.180850 0.546709 0.013211 -0.014583 -0.004278 -0.719837 0.693977
1776831786.81858 0.180547 0.546230 0.013511 -0.014572 -0.004299 -0.719833 0.693981
1776831786.98528 0.180424 0.546445 0.013566 -0.014549 -0.004349 -0.719822 0.693992
1776831787.15192 0.180311 0.545937 0.013302 -0.014536 -0.004288 -0.719834 0.693981
1776831787.31855 0.180231 0.546118 0.013187 -0.014536 -0.004274 -0.719830 0.693985
1776831787.48524 0.180148 0.546102 0.013165 -0.014541 -0.004243 -0.719810 0.694006
1776831787.65192 0.180016 0.546234 0.013157 -0.014568 -0.004266 -0.719784 0.694032
1776831787.81862 0.179792 0.546059 0.013028 -0.014563 -0.004279 -0.719770 0.694046
1776831787.98529 0.179536 0.545325 0.013158 -0.014522 -0.004206 -0.719756 0.694063
1776831788.15197 0.179118 0.545060 0.012921 -0.014572 -0.004284 -0.719733 0.694084
1776831788.31861 0.179745 0.545865 0.012752 -0.014678 -0.004348 -0.719733 0.694082
1776831788.48527 0.181527 0.542370 0.013203 -0.014574 -0.003999 -0.720103 0.693703
1776831788.65200 0.182042 0.541629 0.014249 -0.014404 -0.003877 -0.720206 0.693600
1776831788.81871 0.183444 0.542960 0.014563 -0.014523 -0.003947 -0.720226 0.693577
1776831788.98538 0.183036 0.542288 0.014931 -0.014329 -0.003907 -0.720274 0.693531
1776831789.15208 0.183569 0.543552 0.014808 -0.014331 -0.004001 -0.720322 0.693480
1776831789.31877 0.183511 0.544576 0.014854 -0.014324 -0.004078 -0.720300 0.693503
1776831789.48542 0.183214 0.545371 0.014730 -0.014351 -0.004214 -0.720256 0.693547
1776831789.65209 0.182966 0.545803 0.014478 -0.014371 -0.004238 -0.720211 0.693593
1776831789.81876 0.182497 0.545706 0.014208 -0.014378 -0.004247 -0.720160 0.693646
1776831789.98545 0.182265 0.545713 0.013828 -0.014404 -0.004264 -0.720121 0.693686
1776831790.15214 0.182359 0.546370 0.013319 -0.014505 -0.004302 -0.720080 0.693726
1776831790.31881 0.182328 0.546698 0.012886 -0.014576 -0.004331 -0.720049 0.693757
1776831790.48548 0.182259 0.546734 0.012738 -0.014631 -0.004355 -0.720024 0.693781
1776831790.65216 0.182169 0.546600 0.012733 -0.014638 -0.004359 -0.720002 0.693804
1776831790.81882 0.182398 0.547341 0.012543 -0.014676 -0.004410 -0.719983 0.693822
1776831790.98547 0.182694 0.547877 0.012501 -0.014698 -0.004416 -0.719939 0.693867
1776831791.15212 0.182563 0.548274 0.012595 -0.014713 -0.004460 -0.719922 0.693885
1776831791.31879 0.182798 0.549150 0.012665 -0.014723 -0.004477 -0.719889 0.693918
1776831791.48549 0.182874 0.549547 0.012943 -0.014694 -0.004448 -0.719875 0.693934
1776831791.65216 0.182766 0.549658 0.013198 -0.014672 -0.004437 -0.719850 0.693961
1776831791.81883 0.182378 0.549408 0.013347 -0.014660 -0.004451 -0.719827 0.693985
1776831791.98551 0.182014 0.549163 0.013278 -0.014674 -0.004472 -0.719812 0.694000
1776831792.15219 0.182150 0.549523 0.012975 -0.014695 -0.004505 -0.719796 0.694016
1776831792.31888 0.182610 0.550216 0.013176 -0.014712 -0.004457 -0.719780 0.694032
1776831792.48551 0.182604 0.550124 0.013374 -0.014657 -0.004439 -0.719763 0.694051
1776831792.65225 0.182213 0.550289 0.013563 -0.014634 -0.004471 -0.719730 0.694085
1776831792.81892 0.182473 0.550634 0.013551 -0.014665 -0.004460 -0.719717 0.694099
1776831792.98557 0.182273 0.550861 0.013478 -0.014695 -0.004487 -0.719685 0.694131
1776831793.15232 0.182083 0.551120 0.013484 -0.014651 -0.004468 -0.719671 0.694146
1776831793.31892 0.182311 0.551164 0.013499 -0.014666 -0.004427 -0.719674 0.694144
1776831793.48555 0.182654 0.551391 0.013466 -0.014666 -0.004376 -0.719664 0.694153
1776831793.65230 0.182541 0.551026 0.013599 -0.014637 -0.004371 -0.719676 0.694142
1776831793.81897 0.182441 0.550818 0.013626 -0.014649 -0.004384 -0.719658 0.694160
1776831793.98562 0.182427 0.551228 0.013493 -0.014672 -0.004421 -0.719649 0.694169
1776831794.15231 0.182529 0.551558 0.013499 -0.014686 -0.004418 -0.719647 0.694170
1776831794.31898 0.182324 0.551428 0.013709 -0.014636 -0.004404 -0.719629 0.694191
1776831794.48566 0.181978 0.551027 0.013792 -0.014620 -0.004422 -0.719609 0.694211
1776831794.65233 0.182313 0.551579 0.013546 -0.014670 -0.004456 -0.719602 0.694217
1776831794.81897 0.182316 0.551818 0.013520 -0.014692 -0.004501 -0.719591 0.694228
1776831794.98565 0.182241 0.552024 0.013199 -0.014737 -0.004560 -0.719565 0.694253
1776831795.15229 0.182019 0.551901 0.012869 -0.014745 -0.004563 -0.719560 0.694259
1776831795.31894 0.182440 0.552940 0.012608 -0.014796 -0.004575 -0.719540 0.694278
1776831795.48559 0.179000 0.546741 0.013666 -0.014295 -0.004377 -0.719563 0.694266
1776831795.65231 0.178967 0.547022 0.013463 -0.014339 -0.004405 -0.719537 0.694292
1776831795.81903 0.179074 0.547181 0.013328 -0.014346 -0.004362 -0.719525 0.694304
1776831795.98560 0.179084 0.546999 0.013805 -0.014289 -0.004344 -0.719522 0.694309
1776831796.15227 0.179132 0.547292 0.013709 -0.014305 -0.004350 -0.719532 0.694298
1776831796.31889 0.179144 0.547289 0.013997 -0.014255 -0.004328 -0.719519 0.694313
1776831796.48557 0.179040 0.547407 0.014009 -0.014253 -0.004331 -0.719511 0.694321
1776831796.65224 0.179051 0.547587 0.013943 -0.014312 -0.004366 -0.719503 0.694328
1776831796.81890 0.179070 0.547727 0.013695 -0.014307 -0.004386 -0.719490 0.694341
1776831796.98555 0.179036 0.547822 0.013817 -0.014267 -0.004358 -0.719465 0.694368
1776831797.15222 0.178925 0.547960 0.013696 -0.014302 -0.004396 -0.719465 0.694367
1776831797.31890 0.178933 0.547928 0.013533 -0.014322 -0.004370 -0.719449 0.694384
1776831797.48556 0.179102 0.547715 0.013670 -0.014340 -0.004344 -0.719440 0.694393
1776831797.65226 0.179149 0.547663 0.014505 -0.014229 -0.004302 -0.719469 0.694366
1776831797.81896 0.179247 0.547653 0.014814 -0.014171 -0.004316 -0.719473 0.694363
1776831797.98565 0.179282 0.547820 0.014657 -0.014141 -0.004389 -0.719507 0.694328
1776831798.15234 0.179029 0.548320 0.014229 -0.014190 -0.004414 -0.719456 0.694379
1776831798.31900 0.178754 0.548697 0.013659 -0.014290 -0.004413 -0.719404 0.694431
1776831798.48564 0.178878 0.548674 0.013586 -0.014353 -0.004407 -0.719399 0.694434
1776831798.65238 0.178818 0.548780 0.013592 -0.014361 -0.004393 -0.719400 0.694434
1776831798.81903 0.178966 0.548729 0.013692 -0.014368 -0.004358 -0.719392 0.694442
1776831798.98575 0.179049 0.548509 0.014140 -0.014304 -0.004281 -0.719400 0.694436
1776831799.15243 0.179103 0.548631 0.013897 -0.014322 -0.004332 -0.719402 0.694432
1776831799.31902 0.179318 0.548383 0.014237 -0.014304 -0.004282 -0.719403 0.694432
1776831799.48567 0.179213 0.548527 0.014072 -0.014357 -0.004345 -0.719391 0.694443
1776831799.65235 0.179334 0.548594 0.013664 -0.014411 -0.004381 -0.719403 0.694429
1776831799.81902 0.179384 0.548609 0.013345 -0.014467 -0.004414 -0.719411 0.694420
1776831799.98565 0.179392 0.548547 0.013753 -0.014406 -0.004372 -0.719416 0.694416
1776831800.15233 0.179577 0.548449 0.014085 -0.014388 -0.004337 -0.719411 0.694422
1776831800.31902 0.179511 0.548575 0.014062 -0.014423 -0.004422 -0.719423 0.694409
1776831800.48566 0.179514 0.548580 0.014297 -0.014385 -0.004451 -0.719415 0.694417
1776831800.65233 0.179473 0.548636 0.014175 -0.014411 -0.004475 -0.719424 0.694408
1776831800.81899 0.179620 0.548582 0.014084 -0.014398 -0.004418 -0.719431 0.694400
1776831800.98567 0.179451 0.548869 0.013687 -0.014420 -0.004455 -0.719421 0.694411
1776831801.15232 0.179456 0.549094 0.013738 -0.014338 -0.004419 -0.719464 0.694367
1776831801.31899 0.179561 0.549106 0.014047 -0.014271 -0.004325 -0.719483 0.694350
1776831801.48570 0.179698 0.548854 0.014815 -0.014194 -0.004238 -0.719494 0.694341
1776831801.65231 0.181562 0.546912 0.013688 -0.014527 -0.003975 -0.719675 0.694147
1776831801.81895 0.181815 0.546956 0.013488 -0.014497 -0.003907 -0.719719 0.694103
1776831801.98563 0.181737 0.547438 0.013357 -0.014481 -0.003952 -0.719743 0.694078
1776831802.15224 0.182427 0.546868 0.013238 -0.014530 -0.003739 -0.719782 0.694038
1776831802.31892 0.182483 0.546928 0.013467 -0.014458 -0.003723 -0.719819 0.694001
1776831802.48565 0.182170 0.547470 0.013471 -0.014468 -0.003891 -0.719834 0.693984
1776831802.65234 0.182117 0.547618 0.013602 -0.014455 -0.003857 -0.719819 0.694001
1776831802.81900 0.181624 0.548199 0.013783 -0.014426 -0.003983 -0.719790 0.694031
1776831802.98567 0.181051 0.549139 0.013538 -0.014437 -0.004203 -0.719746 0.694074
1776831803.15231 0.180593 0.549561 0.013928 -0.014374 -0.004249 -0.719680 0.694144
1776831803.31900 0.180939 0.549217 0.014056 -0.014342 -0.004122 -0.719670 0.694156
1776831803.48568 0.180406 0.549783 0.013642 -0.014495 -0.004372 -0.719565 0.694260
1776831803.65235 0.180117 0.550197 0.013711 -0.014433 -0.004356 -0.719527 0.694300
1776831803.81903 0.180171 0.549936 0.013789 -0.014381 -0.004288 -0.719493 0.694337
1776831803.98572 0.180315 0.549760 0.014213 -0.014301 -0.004215 -0.719500 0.694333
1776831804.15242 0.182005 0.547931 0.014290 -0.014340 -0.003844 -0.719672 0.694156
1776831804.31905 0.182692 0.547359 0.014304 -0.014361 -0.003753 -0.719761 0.694063
1776831804.48574 0.183647 0.546527 0.014483 -0.014350 -0.003582 -0.719885 0.693936
1776831804.65242 0.184223 0.546268 0.014623 -0.014360 -0.003551 -0.720001 0.693816
1776831804.81918 0.184293 0.546369 0.014730 -0.014338 -0.003631 -0.720063 0.693751
1776831804.98596 0.184180 0.546668 0.014609 -0.014294 -0.003773 -0.720105 0.693707
1776831805.15270 0.183808 0.547272 0.014614 -0.014263 -0.003914 -0.720089 0.693724
1776831805.31935 0.183678 0.547677 0.014412 -0.014233 -0.003970 -0.720062 0.693752
1776831805.48602 0.183700 0.548266 0.013959 -0.014274 -0.004009 -0.720046 0.693768
1776831805.65270 0.183974 0.549404 0.013511 -0.014425 -0.004108 -0.720019 0.693792
1776831805.81936 0.183040 0.548788 0.014439 -0.014212 -0.004104 -0.719962 0.693855
1776831805.98604 0.182858 0.549149 0.014595 -0.014190 -0.004125 -0.719916 0.693903
1776831806.15271 0.182861 0.549203 0.014817 -0.014137 -0.004130 -0.719905 0.693916
1776831806.31938 0.182677 0.549438 0.014901 -0.014144 -0.004188 -0.719871 0.693951
1776831806.48605 0.182532 0.549770 0.015111 -0.014107 -0.004188 -0.719836 0.693988
1776831806.65272 0.182443 0.549893 0.015048 -0.014103 -0.004235 -0.719806 0.694019
1776831806.81940 0.182301 0.550201 0.015314 -0.014100 -0.004189 -0.719761 0.694066
1776831806.98607 0.182201 0.550475 0.015142 -0.014104 -0.004195 -0.719730 0.694098
1776831807.15275 0.182149 0.550605 0.014721 -0.014170 -0.004234 -0.719733 0.694093
1776831807.31942 0.182243 0.550952 0.014283 -0.014195 -0.004167 -0.719707 0.694120
1776831807.48607 0.182361 0.550709 0.015035 -0.014128 -0.004115 -0.719710 0.694119
1776831807.65276 0.182256 0.550716 0.015135 -0.014120 -0.004148 -0.719689 0.694140
1776831807.81943 0.182206 0.550927 0.014816 -0.014146 -0.004165 -0.719662 0.694168
1776831807.98610 0.182146 0.551197 0.014512 -0.014169 -0.004202 -0.719649 0.694181
1776831808.15274 0.182151 0.551350 0.014674 -0.014170 -0.004217 -0.719642 0.694188
1776831808.31942 0.182025 0.551584 0.014726 -0.014206 -0.004236 -0.719618 0.694212
1776831808.48608 0.182041 0.551735 0.014522 -0.014223 -0.004229 -0.719615 0.694215
1776831808.65274 0.182033 0.551884 0.014536 -0.014235 -0.004177 -0.719588 0.694242
1776831808.81942 0.182016 0.552184 0.014208 -0.014307 -0.004240 -0.719560 0.694270
1776831808.98609 0.181972 0.552384 0.013968 -0.014299 -0.004218 -0.719534 0.694297
1776831809.15278 0.181885 0.552436 0.014215 -0.014263 -0.004176 -0.719503 0.694330
1776831809.31942 0.181753 0.552730 0.013583 -0.014354 -0.004238 -0.719460 0.694372
1776831809.48619 0.182004 0.553439 0.014009 -0.014497 -0.004100 -0.719440 0.694391
1776831809.65284 0.181575 0.553707 0.013985 -0.014479 -0.004147 -0.719383 0.694451
1776831809.81949 0.181304 0.554064 0.013591 -0.014527 -0.004175 -0.719312 0.694522
1776831809.98614 0.181244 0.554129 0.013385 -0.014552 -0.004161 -0.719290 0.694545
1776831810.15283 0.181432 0.553884 0.013335 -0.014535 -0.004104 -0.719292 0.694544
1776831810.31954 0.181519 0.553807 0.013409 -0.014563 -0.004113 -0.719303 0.694532
1776831810.48621 0.181674 0.553652 0.013403 -0.014570 -0.004127 -0.719296 0.694538
1776831810.65289 0.181748 0.553703 0.013409 -0.014597 -0.004202 -0.719306 0.694528
1776831810.81954 0.181792 0.553595 0.013495 -0.014588 -0.004244 -0.719325 0.694508
1776831810.98622 0.181700 0.553947 0.013251 -0.014623 -0.004314 -0.719330 0.694501
1776831811.15285 0.181846 0.553805 0.013273 -0.014609 -0.004315 -0.719342 0.694489
1776831811.31952 0.181745 0.553753 0.014113 -0.014446 -0.004318 -0.719347 0.694487
1776831811.48616 0.181339 0.554010 0.014052 -0.014376 -0.004485 -0.719310 0.694526
1776831811.65278 0.181612 0.553850 0.013984 -0.014360 -0.004335 -0.719286 0.694552
1776831811.81936 0.180911 0.554667 0.013835 -0.014347 -0.004586 -0.719236 0.694602
1776831811.98586 0.181147 0.554891 0.013519 -0.014449 -0.004455 -0.719194 0.694645
1776831812.15265 0.181548 0.554720 0.013599 -0.014520 -0.004304 -0.719197 0.694641
1776831812.31932 0.181679 0.554714 0.013512 -0.014533 -0.004302 -0.719191 0.694647
1776831812.48598 0.181588 0.554908 0.013212 -0.014560 -0.004288 -0.719180 0.694658
1776831812.65262 0.181654 0.555129 0.012885 -0.014653 -0.004221 -0.719148 0.694689
1776831812.81930 0.181851 0.555842 0.013022 -0.014702 -0.004266 -0.719128 0.694709
1776831812.98589 0.181856 0.555488 0.012953 -0.014774 -0.004095 -0.719114 0.694723
1776831813.15259 0.182278 0.555006 0.013201 -0.014757 -0.003952 -0.719157 0.694680
1776831813.31927 0.183461 0.555081 0.013410 -0.014805 -0.003900 -0.719230 0.694603
1776831813.48595 0.184389 0.555938 0.013205 -0.014847 -0.004123 -0.719323 0.694505
1776831813.65276 0.184805 0.557297 0.012840 -0.014873 -0.004378 -0.719356 0.694468
1776831813.81938 0.185813 0.558645 0.012609 -0.014946 -0.004386 -0.719388 0.694434
1776831813.98606 0.186716 0.559581 0.012280 -0.015044 -0.004421 -0.719423 0.694395
1776831814.15271 0.187383 0.560538 0.012090 -0.015112 -0.004511 -0.719441 0.694374
1776831814.31933 0.187746 0.561515 0.011936 -0.015130 -0.004613 -0.719434 0.694380
1776831814.48602 0.188373 0.562167 0.011935 -0.015145 -0.004575 -0.719458 0.694355
1776831814.65271 0.188614 0.562591 0.011796 -0.015190 -0.004643 -0.719479 0.694332
1776831814.81939 0.188259 0.562499 0.011879 -0.015158 -0.004741 -0.719472 0.694340
1776831814.98604 0.188942 0.562912 0.011753 -0.015266 -0.004696 -0.719479 0.694330
1776831815.15278 0.189173 0.563441 0.011644 -0.015259 -0.004729 -0.719482 0.694328
1776831815.31944 0.189407 0.563564 0.011718 -0.015259 -0.004705 -0.719508 0.694301
1776831815.48609 0.189410 0.563735 0.011699 -0.015276 -0.004736 -0.719498 0.694310
1776831815.65278 0.189206 0.564112 0.011630 -0.015255 -0.004861 -0.719469 0.694340
1776831815.81942 0.189223 0.564697 0.011551 -0.015276 -0.004898 -0.719438 0.694371
1776831815.98609 0.189825 0.564785 0.011532 -0.015300 -0.004752 -0.719449 0.694360
1776831816.15279 0.189721 0.564683 0.011592 -0.015258 -0.004810 -0.719466 0.694344
1776831816.31952 0.189480 0.564495 0.011722 -0.015242 -0.004837 -0.719451 0.694359
1776831816.48615 0.188959 0.564786 0.011661 -0.015182 -0.004922 -0.719407 0.694406
1776831816.65276 0.188926 0.564605 0.011636 -0.015216 -0.004821 -0.719376 0.694438
1776831816.81947 0.188932 0.564331 0.011670 -0.015209 -0.004771 -0.719385 0.694429
1776831816.98617 0.189205 0.564629 0.011710 -0.015208 -0.004738 -0.719382 0.694432
1776831817.15286 0.189004 0.564538 0.011792 -0.015221 -0.004765 -0.719378 0.694436
1776831817.31951 0.188417 0.564836 0.011619 -0.015229 -0.004920 -0.719324 0.694491
1776831817.48613 0.188264 0.565267 0.011482 -0.015247 -0.004930 -0.719251 0.694566
1776831817.65281 0.188032 0.565147 0.011592 -0.015229 -0.004910 -0.719190 0.694630
1776831817.81953 0.188037 0.564948 0.011633 -0.015208 -0.004855 -0.719183 0.694638
1776831817.98621 0.187239 0.563895 0.011856 -0.015162 -0.004915 -0.719111 0.694713
1776831818.15290 0.186954 0.563702 0.011924 -0.015160 -0.004956 -0.719073 0.694751
1776831818.31954 0.187318 0.564129 0.011916 -0.015231 -0.004967 -0.719052 0.694771
1776831818.48627 0.187401 0.564242 0.011993 -0.015206 -0.005006 -0.719043 0.694781
1776831818.65288 0.188197 0.565346 0.011855 -0.015249 -0.005054 -0.719061 0.694761
1776831818.81956 0.188122 0.566094 0.011697 -0.015199 -0.005165 -0.719033 0.694790
1776831818.98617 0.188288 0.566249 0.011679 -0.015201 -0.005089 -0.719043 0.694780
1776831819.15293 0.188512 0.566414 0.011619 -0.015232 -0.005115 -0.719051 0.694771
1776831819.31961 0.187973 0.566246 0.011563 -0.015247 -0.005214 -0.719039 0.694783
1776831819.48621 0.188243 0.566378 0.011433 -0.015323 -0.005189 -0.719020 0.694801
1776831819.65289 0.188254 0.566640 0.011374 -0.015314 -0.005210 -0.719012 0.694809
1776831819.81957 0.188117 0.566946 0.011338 -0.015310 -0.005256 -0.718999 0.694822
1776831819.98621 0.188472 0.567086 0.011416 -0.015320 -0.005179 -0.718991 0.694831
1776831820.15296 0.188275 0.567424 0.011457 -0.015279 -0.005277 -0.718965 0.694858
1776831820.31960 0.188074 0.567839 0.011347 -0.015297 -0.005377 -0.718914 0.694909
1776831820.48617 0.186794 0.568451 0.011164 -0.015197 -0.005564 -0.718816 0.695012
1776831820.65272 0.186204 0.568634 0.011117 -0.015208 -0.005477 -0.718704 0.695128
1776831820.81948 0.185723 0.569218 0.011083 -0.015236 -0.005377 -0.718619 0.695216
1776831820.98639 0.185644 0.569273 0.011099 -0.015273 -0.005156 -0.718567 0.695271
1776831821.15319 0.185554 0.568284 0.011431 -0.015270 -0.005061 -0.718508 0.695332
1776831821.31953 0.186347 0.568128 0.011427 -0.015328 -0.004960 -0.718552 0.695287
1776831821.48616 0.186838 0.568964 0.011052 -0.015411 -0.005009 -0.718520 0.695317
1776831821.65268 0.187140 0.569292 0.010964 -0.015471 -0.005039 -0.718528 0.695308
1776831821.81927 0.188337 0.570067 0.010863 -0.015557 -0.004994 -0.718574 0.695258
1776831821.98595 0.188280 0.568554 0.011204 -0.015499 -0.004957 -0.718650 0.695182
1776831822.15264 0.188275 0.569283 0.010861 -0.015470 -0.005211 -0.718714 0.695114
1776831822.31923 0.188837 0.570438 0.010728 -0.015494 -0.005125 -0.718768 0.695058
1776831822.48594 0.188091 0.569105 0.011030 -0.015419 -0.005162 -0.718773 0.695054
1776831822.65264 0.188559 0.568860 0.011314 -0.015424 -0.005071 -0.718806 0.695021
1776831822.81940 0.189138 0.568812 0.011400 -0.015409 -0.005027 -0.718878 0.694947
1776831822.98614 0.189271 0.568296 0.011691 -0.015361 -0.005027 -0.718939 0.694886
1776831823.15272 0.189097 0.568091 0.011856 -0.015275 -0.005090 -0.718957 0.694868
1776831823.31936 0.188794 0.567901 0.011903 -0.015231 -0.005149 -0.718956 0.694869
1776831823.48599 0.188943 0.568184 0.011659 -0.015254 -0.005178 -0.718961 0.694864
1776831823.65269 0.189178 0.568515 0.011608 -0.015295 -0.005132 -0.718961 0.694863
1776831823.81943 0.189153 0.568533 0.011677 -0.015314 -0.005189 -0.718969 0.694854
1776831823.98612 0.189146 0.569001 0.011588 -0.015301 -0.005241 -0.718960 0.694863
1776831824.15274 0.188843 0.569160 0.011535 -0.015292 -0.005299 -0.718936 0.694888
1776831824.31946 0.188524 0.569588 0.011424 -0.015324 -0.005383 -0.718876 0.694948
1776831824.48614 0.188803 0.570026 0.011342 -0.015369 -0.005352 -0.718841 0.694984
1776831824.65283 0.188733 0.570135 0.011523 -0.015337 -0.005310 -0.718821 0.695006
1776831824.81941 0.188437 0.570136 0.011696 -0.015297 -0.005298 -0.718800 0.695028
1776831824.98605 0.188244 0.569364 0.011895 -0.015262 -0.005197 -0.718782 0.695049
1776831825.15287 0.188752 0.568815 0.012068 -0.015222 -0.005001 -0.718805 0.695028
1776831825.31957 0.188541 0.569270 0.011985 -0.015189 -0.005215 -0.718809 0.695023
1776831825.48609 0.188243 0.569076 0.011979 -0.015199 -0.005242 -0.718779 0.695053
1776831825.65271 0.188341 0.568750 0.011933 -0.015260 -0.005242 -0.718804 0.695025
1776831825.81940 0.188264 0.569346 0.011576 -0.015295 -0.005363 -0.718807 0.695021
1776831825.98599 0.188842 0.570252 0.011419 -0.015350 -0.005319 -0.718799 0.695028
1776831826.15278 0.189219 0.570616 0.011450 -0.015362 -0.005281 -0.718819 0.695008
1776831826.31943 0.189848 0.570759 0.011502 -0.015381 -0.005199 -0.718829 0.694997
1776831826.48611 0.190026 0.570686 0.011517 -0.015326 -0.005186 -0.718870 0.694956
1776831826.65277 0.189846 0.571032 0.011483 -0.015303 -0.005316 -0.718870 0.694956
1776831826.81940 0.189679 0.571192 0.011583 -0.015249 -0.005317 -0.718844 0.694984
1776831826.98609 0.189738 0.571682 0.011480 -0.015254 -0.005330 -0.718818 0.695010
1776831827.15279 0.189647 0.571513 0.011442 -0.015265 -0.005289 -0.718774 0.695056
1776831827.31947 0.189324 0.572067 0.011550 -0.015244 -0.005426 -0.718745 0.695086
1776831827.48611 0.189488 0.573169 0.011740 -0.015310 -0.005517 -0.718699 0.695131
1776831827.65276 0.189619 0.573557 0.012112 -0.015310 -0.005523 -0.718685 0.695145
1776831827.81947 0.190025 0.574159 0.012743 -0.015270 -0.005505 -0.718699 0.695131
1776831827.98624 0.190230 0.574344 0.013054 -0.015276 -0.005529 -0.718726 0.695104
1776831828.15291 0.190226 0.574234 0.012932 -0.015311 -0.005583 -0.718749 0.695079
1776831828.31959 0.190559 0.574327 0.012825 -0.015304 -0.005578 -0.718788 0.695038
1776831828.48623 0.191172 0.574953 0.013041 -0.015315 -0.005579 -0.718814 0.695012
1776831828.65285 0.190901 0.574254 0.013380 -0.015236 -0.005539 -0.718843 0.694983
1776831828.81960 0.190721 0.573366 0.013215 -0.015201 -0.005543 -0.718878 0.694947
1776831828.98630 0.190716 0.573300 0.013382 -0.015200 -0.005550 -0.718888 0.694937
1776831829.15295 0.190721 0.573195 0.013360 -0.015211 -0.005557 -0.718906 0.694918
1776831829.31960 0.190980 0.573876 0.013361 -0.015274 -0.005593 -0.718922 0.694900
1776831829.48629 0.191431 0.573805 0.013274 -0.015277 -0.005545 -0.718957 0.694865
1776831829.65293 0.191648 0.573355 0.013474 -0.015256 -0.005444 -0.718969 0.694854
1776831829.81967 0.192725 0.571655 0.011652 -0.015537 -0.005091 -0.718944 0.694875
1776831829.98643 0.193860 0.572362 0.011567 -0.015641 -0.005080 -0.719047 0.694767
1776831830.15324 0.193512 0.573609 0.011401 -0.015616 -0.005368 -0.719061 0.694751
1776831830.31993 0.193254 0.575206 0.011669 -0.015577 -0.005449 -0.719071 0.694741
1776831830.48647 0.193212 0.577040 0.012158 -0.015551 -0.005420 -0.719018 0.694796
1776831830.65301 0.193449 0.578332 0.012983 -0.015525 -0.005401 -0.718982 0.694834
1776831830.81966 0.193917 0.579238 0.013590 -0.015492 -0.005337 -0.718974 0.694843
1776831830.98633 0.194782 0.582669 0.014026 -0.015509 -0.005262 -0.718944 0.694875
1776831831.15303 0.196307 0.586221 0.014459 -0.015563 -0.005148 -0.718917 0.694903
1776831831.31968 0.197623 0.589479 0.015188 -0.015622 -0.005089 -0.718876 0.694944
1776831831.48637 0.199234 0.592657 0.015574 -0.015673 -0.005041 -0.718835 0.694985
1776831831.65305 0.200777 0.595657 0.016039 -0.015675 -0.004952 -0.718797 0.695025
1776831831.81970 0.201890 0.598062 0.016630 -0.015672 -0.004921 -0.718736 0.695089
1776831831.98637 0.203441 0.600313 0.016930 -0.015711 -0.004839 -0.718714 0.695111
1776831832.15305 0.203918 0.601205 0.017273 -0.015676 -0.004782 -0.718667 0.695161
1776831832.31968 0.204804 0.602479 0.017565 -0.015680 -0.004749 -0.718637 0.695192
1776832013.64864 0.204401 0.602671 0.025788 -0.007111 0.000862 -0.718691 0.695293
1776832013.81530 0.211829 0.596263 0.026902 -0.007193 0.000806 -0.718640 0.695344
1776832013.98199 0.211649 0.595346 0.026570 -0.007197 0.000810 -0.718636 0.695349
1776832014.14864 0.211113 0.594643 0.026350 -0.007177 0.000792 -0.718635 0.695350
1776832014.31530 0.210130 0.593845 0.026087 -0.007119 0.000780 -0.718627 0.695359
1776832014.48197 0.209264 0.592991 0.025787 -0.007140 0.000702 -0.718629 0.695357
1776832014.64863 0.208499 0.591972 0.025116 -0.007214 0.000627 -0.718628 0.695357
1776832014.81532 0.208110 0.591078 0.024893 -0.007180 0.000696 -0.718639 0.695346
1776832014.98197 0.207071 0.589407 0.024643 -0.007171 0.000732 -0.718638 0.695347
1776832015.14864 0.206782 0.588756 0.024230 -0.007213 0.000719 -0.718660 0.695324
1776832015.31531 0.206002 0.587610 0.023931 -0.007248 0.000700 -0.718653 0.695331
1776832015.48197 0.209363 0.593865 0.024934 -0.007287 0.000757 -0.718633 0.695351
1776832015.64865 0.209999 0.594759 0.024617 -0.007373 0.000707 -0.718632 0.695352
1776832015.81529 0.209524 0.594290 0.024992 -0.007290 0.000771 -0.718573 0.695413
1776832015.98197 0.209134 0.593377 0.024838 -0.007245 0.000833 -0.718586 0.695400
1776832016.14865 0.208956 0.593230 0.024873 -0.007283 0.000799 -0.718569 0.695417
1776832016.31530 0.208913 0.593343 0.025004 -0.007244 0.000821 -0.718570 0.695416
1776832016.48197 0.208953 0.593061 0.024876 -0.007255 0.000831 -0.718562 0.695425
1776832016.64863 0.208848 0.593171 0.025038 -0.007231 0.000867 -0.718525 0.695463
1776832016.81530 0.208817 0.593112 0.024982 -0.007214 0.000887 -0.718508 0.695481
1776832016.98196 0.208847 0.593282 0.025185 -0.007188 0.000921 -0.718496 0.695493
1776832017.14862 0.208605 0.593018 0.025153 -0.007137 0.000964 -0.718478 0.695512
1776832017.31530 0.208603 0.593099 0.025301 -0.007154 0.000954 -0.718474 0.695517
1776832017.48196 0.208634 0.593149 0.025298 -0.007161 0.000922 -0.718448 0.695543
1776832017.64863 0.208499 0.593142 0.025229 -0.007182 0.000858 -0.718436 0.695556
1776832017.81531 0.208266 0.593040 0.025028 -0.007200 0.000831 -0.718423 0.695568
1776832017.98197 0.208385 0.593245 0.025004 -0.007199 0.000837 -0.718438 0.695553
1776832018.14864 0.208390 0.593617 0.025149 -0.007195 0.000834 -0.718408 0.695584
1776832018.31531 0.208551 0.594023 0.025503 -0.007208 0.000826 -0.718397 0.695596
1776832018.48199 0.208482 0.593972 0.025454 -0.007198 0.000828 -0.718390 0.695603
1776832018.64864 0.208641 0.594163 0.025516 -0.007193 0.000819 -0.718366 0.695627
1776832018.81530 0.208301 0.594084 0.025460 -0.007163 0.000810 -0.718316 0.695680
1776832018.98196 0.208220 0.594435 0.025595 -0.007176 0.000777 -0.718266 0.695731
1776832019.14863 0.208321 0.594752 0.025789 -0.007212 0.000767 -0.718253 0.695745
1776832019.31528 0.208500 0.595103 0.025786 -0.007228 0.000780 -0.718244 0.695754
1776832019.48196 0.208672 0.595761 0.025990 -0.007234 0.000753 -0.718205 0.695793
1776832019.64862 0.208687 0.595832 0.025912 -0.007232 0.000776 -0.718186 0.695813
1776832019.81529 0.208557 0.596014 0.026013 -0.007238 0.000748 -0.718176 0.695823
1776832019.98196 0.208388 0.595762 0.026143 -0.007188 0.000775 -0.718172 0.695828
1776832020.14863 0.208251 0.595275 0.026009 -0.007166 0.000799 -0.718173 0.695827
1776832020.31530 0.208209 0.594889 0.025947 -0.007137 0.000814 -0.718198 0.695802
1776832020.48197 0.208010 0.594713 0.025829 -0.007166 0.000808 -0.718176 0.695824
1776832020.64865 0.207827 0.594704 0.025676 -0.007175 0.000801 -0.718174 0.695826
1776832020.81531 0.208249 0.594913 0.025900 -0.007160 0.000878 -0.718193 0.695807
1776832020.98197 0.208298 0.595047 0.026038 -0.007145 0.000898 -0.718182 0.695818
1776832021.14864 0.208047 0.594574 0.026025 -0.007131 0.000922 -0.718181 0.695820
1776832021.31532 0.208162 0.594793 0.026112 -0.007118 0.000932 -0.718194 0.695805
1776832021.48198 0.207996 0.594473 0.025977 -0.007117 0.000926 -0.718194 0.695806
1776832021.64864 0.208517 0.595070 0.026059 -0.007125 0.000911 -0.718192 0.695808
1776832021.81531 0.208445 0.595093 0.026230 -0.007109 0.000868 -0.718206 0.695794
1776832021.98197 0.208394 0.595087 0.026414 -0.007107 0.000918 -0.718178 0.695823
1776832022.14864 0.208248 0.595358 0.026528 -0.007082 0.000919 -0.718147 0.695854
1776832022.31530 0.207980 0.595074 0.026519 -0.007031 0.000966 -0.718139 0.695864
1776832022.48196 0.207864 0.595188 0.026589 -0.007045 0.000965 -0.718103 0.695901
1776832022.64863 0.207915 0.594971 0.026565 -0.007031 0.000981 -0.718106 0.695897
1776832022.81530 0.207565 0.594796 0.026473 -0.007036 0.000946 -0.718083 0.695921
1776832022.98193 0.207280 0.595125 0.026314 -0.007062 0.000912 -0.718045 0.695960
1776832023.14862 0.207404 0.595592 0.026536 -0.007104 0.000955 -0.718016 0.695990
1776832023.31528 0.207510 0.595657 0.026570 -0.007094 0.000990 -0.717997 0.696009
1776832023.48195 0.207188 0.595552 0.026564 -0.007062 0.000942 -0.717962 0.696046
1776832023.64862 0.207165 0.595183 0.026466 -0.007052 0.000928 -0.717972 0.696035
1776832023.81527 0.207275 0.595491 0.026445 -0.007054 0.000898 -0.717964 0.696044
1776832023.98194 0.207455 0.595697 0.026581 -0.007052 0.000878 -0.717978 0.696030
1776832024.14861 0.206932 0.596212 0.026878 -0.006960 0.000853 -0.717921 0.696089
1776832024.31525 0.207209 0.596311 0.027057 -0.006968 0.000924 -0.717896 0.696115
1776832024.48192 0.206893 0.596101 0.026908 -0.007026 0.000856 -0.717855 0.696157
1776832024.64859 0.207387 0.596381 0.026784 -0.007080 0.000859 -0.717888 0.696122
1776832024.81526 0.207194 0.595932 0.026651 -0.007018 0.000888 -0.717895 0.696115
1776832024.98193 0.207173 0.595796 0.026715 -0.006985 0.000885 -0.717896 0.696114
1776832025.14860 0.207277 0.595819 0.026951 -0.006947 0.000924 -0.717909 0.696102
1776832025.31526 0.207021 0.595783 0.026937 -0.006923 0.000909 -0.717912 0.696099
1776832025.48190 0.207183 0.595669 0.026725 -0.006989 0.000910 -0.717912 0.696098
1776832025.64857 0.207094 0.595488 0.026526 -0.007032 0.000853 -0.717921 0.696088
1776832025.81524 0.206960 0.595248 0.026375 -0.007063 0.000824 -0.717933 0.696076
1776832025.98190 0.207188 0.594997 0.026140 -0.007089 0.000866 -0.717941 0.696068
1776832026.14859 0.207220 0.594976 0.026008 -0.007093 0.000866 -0.717939 0.696069
1776832026.31524 0.207390 0.595096 0.026051 -0.007117 0.000855 -0.717944 0.696064
1776832026.48192 0.207663 0.595244 0.025861 -0.007180 0.000791 -0.717978 0.696029
1776832026.64859 0.207616 0.595213 0.025788 -0.007168 0.000774 -0.717994 0.696012
1776832026.81526 0.207811 0.595412 0.025788 -0.007184 0.000793 -0.718028 0.695977
1776832026.98193 0.207670 0.595319 0.025837 -0.007169 0.000779 -0.718006 0.695999
1776832027.14860 0.207511 0.595030 0.025969 -0.007152 0.000812 -0.717991 0.696015
1776832027.31525 0.207615 0.595142 0.026096 -0.007120 0.000799 -0.718008 0.695998
1776832027.48191 0.207682 0.595216 0.026026 -0.007128 0.000818 -0.717976 0.696030
1776832027.64859 0.207801 0.596052 0.026040 -0.007169 0.000708 -0.717957 0.696050
1776832027.81525 0.208054 0.596367 0.026192 -0.007142 0.000762 -0.717967 0.696040
1776832027.98192 0.208058 0.596675 0.026328 -0.007184 0.000769 -0.717946 0.696062
1776832028.14859 0.208108 0.596519 0.026340 -0.007172 0.000790 -0.717970 0.696037
1776832028.31525 0.208129 0.596532 0.026374 -0.007144 0.000842 -0.717939 0.696069
1776832028.48192 0.208070 0.596472 0.026486 -0.007161 0.000794 -0.717936 0.696072
1776832028.64859 0.207978 0.596623 0.026547 -0.007124 0.000790 -0.717917 0.696092
1776832028.81525 0.208169 0.596850 0.026584 -0.007128 0.000780 -0.717921 0.696088
1776832028.98192 0.208378 0.596647 0.026605 -0.007122 0.000812 -0.717937 0.696071
1776832029.14859 0.208194 0.596237 0.026448 -0.007098 0.000824 -0.717934 0.696074
1776832029.31526 0.208165 0.596514 0.026513 -0.007122 0.000801 -0.717909 0.696101
1776832029.48191 0.208136 0.596987 0.026687 -0.007164 0.000739 -0.717877 0.696133
1776832029.64859 0.207688 0.597215 0.026739 -0.007129 0.000729 -0.717843 0.696168
1776832029.81526 0.207728 0.597291 0.026747 -0.007130 0.000723 -0.717825 0.696186
1776832029.98192 0.207684 0.597572 0.026964 -0.007081 0.000741 -0.717798 0.696215
1776832030.14859 0.207427 0.597908 0.026768 -0.007087 0.000737 -0.717737 0.696278
1776832030.31524 0.207241 0.597946 0.026782 -0.007077 0.000758 -0.717670 0.696347
1776832030.48191 0.206555 0.597625 0.026897 -0.007006 0.000772 -0.717608 0.696412
1776832030.64857 0.206231 0.597911 0.026960 -0.006992 0.000754 -0.717568 0.696453
1776832030.81525 0.206535 0.597265 0.026846 -0.007053 0.000812 -0.717583 0.696436
1776832030.98192 0.206793 0.597189 0.026751 -0.007088 0.000807 -0.717583 0.696436
1776832031.14859 0.206733 0.596972 0.026488 -0.007082 0.000788 -0.717592 0.696427
1776832031.31525 0.206683 0.596766 0.026514 -0.007045 0.000805 -0.717596 0.696423
1776832031.48192 0.206631 0.596878 0.026799 -0.007034 0.000780 -0.717589 0.696431
1776832031.64858 0.206839 0.597017 0.026778 -0.007065 0.000754 -0.717613 0.696406
1776832031.81525 0.207022 0.597295 0.026804 -0.007073 0.000738 -0.717598 0.696422
1776832031.98192 0.206848 0.596996 0.026813 -0.007028 0.000764 -0.717609 0.696410
1776832032.14858 0.207185 0.596923 0.026815 -0.007052 0.000763 -0.717658 0.696359
1776832032.31525 0.207293 0.596859 0.026615 -0.007075 0.000744 -0.717671 0.696346
1776832032.48191 0.207123 0.596436 0.026641 -0.007011 0.000770 -0.717680 0.696337
1776832032.64858 0.207240 0.596340 0.026806 -0.006992 0.000822 -0.717678 0.696339
1776832032.81524 0.206817 0.595995 0.026660 -0.007025 0.000768 -0.717686 0.696331
1776832032.98190 0.206951 0.595871 0.026523 -0.007016 0.000787 -0.717706 0.696311
1776832033.14857 0.206910 0.595998 0.026400 -0.007030 0.000764 -0.717692 0.696325
1776832033.31523 0.207088 0.596308 0.026398 -0.007069 0.000760 -0.717686 0.696331
1776832033.48190 0.207131 0.596505 0.026441 -0.007059 0.000780 -0.717700 0.696316
1776832033.64857 0.207557 0.596495 0.026572 -0.007059 0.000831 -0.717722 0.696294
1776832033.81525 0.207802 0.596512 0.026716 -0.007090 0.000812 -0.717744 0.696270
1776832033.98191 0.208105 0.596679 0.026503 -0.007103 0.000791 -0.717765 0.696249
1776832034.14857 0.208392 0.597114 0.026566 -0.007168 0.000711 -0.717781 0.696231
1776832034.31523 0.208544 0.597149 0.026545 -0.007171 0.000737 -0.717803 0.696209
1776832034.48189 0.208478 0.596867 0.026533 -0.007188 0.000763 -0.717807 0.696205
1776832034.64856 0.208585 0.596808 0.026391 -0.007203 0.000767 -0.717815 0.696196
1776832034.81524 0.208512 0.596624 0.026312 -0.007188 0.000735 -0.717810 0.696202
1776832034.98190 0.208555 0.596893 0.026287 -0.007156 0.000719 -0.717806 0.696206
1776832035.14857 0.208657 0.596860 0.026391 -0.007167 0.000723 -0.717822 0.696190
1776832035.31522 0.208831 0.596820 0.026552 -0.007168 0.000746 -0.717856 0.696155
1776832035.48189 0.209021 0.597207 0.026728 -0.007151 0.000758 -0.717862 0.696148
1776832035.64856 0.209400 0.597604 0.026859 -0.007157 0.000765 -0.717869 0.696141
1776832035.81522 0.209335 0.597317 0.026741 -0.007134 0.000783 -0.717877 0.696133
1776832035.98189 0.209563 0.597654 0.026639 -0.007219 0.000723 -0.717881 0.696128
1776832036.14856 0.209372 0.597506 0.026673 -0.007203 0.000677 -0.717899 0.696109
1776832036.31522 0.209299 0.597378 0.026433 -0.007214 0.000711 -0.717897 0.696111
1776832036.48190 0.209539 0.597412 0.026389 -0.007179 0.000756 -0.717905 0.696103
1776832036.64856 0.209582 0.597596 0.026448 -0.007213 0.000705 -0.717890 0.696119
1776832036.81524 0.209585 0.597592 0.026392 -0.007233 0.000662 -0.717910 0.696098
1776832036.98189 0.209539 0.597477 0.026470 -0.007196 0.000767 -0.717895 0.696113
1776832037.14856 0.209591 0.597350 0.026450 -0.007204 0.000720 -0.717911 0.696097
1776832037.31523 0.209458 0.597148 0.026474 -0.007180 0.000748 -0.717911 0.696097
1776832037.48191 0.209316 0.596685 0.026189 -0.007205 0.000725 -0.717920 0.696088
1776832037.64857 0.209108 0.596581 0.026292 -0.007126 0.000778 -0.717904 0.696105
1776832037.81524 0.209334 0.596665 0.026366 -0.007175 0.000761 -0.717911 0.696097
1776832037.98191 0.209032 0.596327 0.026401 -0.007160 0.000708 -0.717923 0.696085
1776832038.14857 0.209146 0.596701 0.026280 -0.007201 0.000665 -0.717910 0.696099
1776832038.31523 0.209055 0.596463 0.026347 -0.007158 0.000701 -0.717901 0.696108
1776832038.48190 0.208965 0.596521 0.026216 -0.007188 0.000663 -0.717910 0.696099
1776832038.64858 0.209313 0.596576 0.026106 -0.007201 0.000699 -0.717925 0.696083
1776832038.81523 0.209394 0.597263 0.026427 -0.007223 0.000768 -0.717889 0.696120
1776832038.98189 0.209213 0.597023 0.026316 -0.007239 0.000767 -0.717891 0.696117
1776832039.14855 0.208982 0.596376 0.026281 -0.007188 0.000848 -0.717887 0.696122
1776832039.31521 0.209038 0.596354 0.026152 -0.007225 0.000849 -0.717878 0.696131
1776832039.48188 0.208932 0.596268 0.026087 -0.007246 0.000827 -0.717883 0.696126
1776832039.64854 0.209046 0.596292 0.026211 -0.007230 0.000810 -0.717903 0.696105
1776832039.81521 0.209169 0.596313 0.026173 -0.007229 0.000794 -0.717906 0.696102
1776832039.98187 0.209254 0.596373 0.026072 -0.007253 0.000767 -0.717912 0.696096
1776832040.14853 0.209456 0.596575 0.026332 -0.007284 0.000748 -0.717930 0.696077
1776832040.31520 0.209539 0.596691 0.026181 -0.007261 0.000790 -0.717923 0.696084
1776832040.48186 0.209509 0.596576 0.026237 -0.007192 0.000807 -0.717915 0.696093
1776832040.64851 0.209328 0.596685 0.026367 -0.007216 0.000782 -0.717912 0.696096
1776832040.81519 0.209352 0.596770 0.026452 -0.007234 0.000773 -0.717921 0.696086
1776832040.98186 0.209462 0.596664 0.026550 -0.007251 0.000788 -0.717934 0.696073
1776832041.14850 0.209457 0.596877 0.026330 -0.007294 0.000782 -0.717892 0.696116
1776832041.31516 0.209494 0.597116 0.026391 -0.007318 0.000758 -0.717900 0.696107
1776832041.48185 0.209596 0.597158 0.026280 -0.007318 0.000798 -0.717906 0.696101
1776832041.64850 0.209882 0.597447 0.026633 -0.007304 0.000828 -0.717907 0.696101
1776832041.81519 0.209873 0.597235 0.026533 -0.007289 0.000765 -0.717950 0.696056
1776832041.98186 0.209920 0.597627 0.026575 -0.007291 0.000709 -0.717921 0.696086
1776832042.14852 0.209917 0.597630 0.026680 -0.007233 0.000758 -0.717909 0.696099
1776832042.31517 0.209859 0.597542 0.026769 -0.007215 0.000776 -0.717897 0.696111
1776832042.48186 0.209924 0.597763 0.026809 -0.007196 0.000755 -0.717916 0.696092
1776832042.64851 0.209940 0.597632 0.026834 -0.007216 0.000737 -0.717917 0.696091
1776832042.81517 0.209907 0.597753 0.026791 -0.007235 0.000717 -0.717886 0.696122
1776832042.98185 0.210156 0.598218 0.026914 -0.007187 0.000745 -0.717881 0.696128
1776832043.14851 0.210199 0.598270 0.027094 -0.007130 0.000797 -0.717880 0.696130
1776832043.31516 0.210366 0.598408 0.027263 -0.007104 0.000785 -0.717890 0.696120
1776832043.48182 0.210275 0.598210 0.027314 -0.007127 0.000792 -0.717892 0.696117
1776832043.64848 0.210083 0.598027 0.027283 -0.007122 0.000828 -0.717878 0.696132
1776832043.81515 0.210000 0.598084 0.027259 -0.007123 0.000824 -0.717864 0.696146
1776832043.98181 0.209944 0.597896 0.027152 -0.007125 0.000803 -0.717863 0.696148
1776832044.14848 0.209847 0.597461 0.027083 -0.007129 0.000843 -0.717876 0.696134
1776832044.31515 0.209899 0.597480 0.027112 -0.007130 0.000810 -0.717876 0.696134
1776832044.48182 0.209607 0.597115 0.026838 -0.007152 0.000808 -0.717848 0.696162
1776832044.64849 0.209596 0.596847 0.026501 -0.007176 0.000804 -0.717841 0.696169
1776832044.81515 0.209319 0.597080 0.026527 -0.007168 0.000764 -0.717799 0.696213
1776832044.98184 0.209581 0.597332 0.026693 -0.007161 0.000784 -0.717813 0.696199
1776832045.14850 0.209268 0.596997 0.026388 -0.007150 0.000755 -0.717803 0.696209
1776832045.31517 0.209053 0.596842 0.026606 -0.007087 0.000784 -0.717776 0.696238
1776832045.48182 0.209061 0.597039 0.026673 -0.007101 0.000810 -0.717762 0.696252
1776832045.64849 0.208736 0.596902 0.026591 -0.007114 0.000774 -0.717729 0.696286
1776832045.81517 0.208743 0.596870 0.026674 -0.007126 0.000753 -0.717726 0.696289
1776832045.98184 0.208850 0.596710 0.026797 -0.007104 0.000806 -0.717729 0.696286
1776832046.14852 0.209083 0.596973 0.026854 -0.007101 0.000835 -0.717747 0.696267
1776832046.31514 0.209054 0.596710 0.026754 -0.007105 0.000840 -0.717744 0.696270
1776832046.48184 0.209110 0.596655 0.026733 -0.007115 0.000820 -0.717752 0.696262
1776832046.64851 0.208891 0.596472 0.026616 -0.007144 0.000810 -0.717742 0.696272
1776832046.81517 0.209133 0.596730 0.026644 -0.007179 0.000819 -0.717775 0.696237
1776832046.98184 0.209187 0.596658 0.026696 -0.007158 0.000846 -0.717804 0.696208
1776832047.14851 0.209257 0.596567 0.026739 -0.007162 0.000844 -0.717824 0.696187
1776832047.31516 0.209176 0.596275 0.026542 -0.007150 0.000840 -0.717827 0.696184
1776832047.48184 0.209199 0.596064 0.026473 -0.007128 0.000857 -0.717830 0.696182
1776832047.64849 0.209286 0.596432 0.026796 -0.007100 0.000833 -0.717816 0.696196
1776832047.81517 0.209352 0.596506 0.026930 -0.007092 0.000856 -0.717817 0.696195
1776832047.98183 0.209330 0.596417 0.026897 -0.007068 0.000840 -0.717836 0.696176
1776832048.14850 0.209231 0.596375 0.026899 -0.007055 0.000831 -0.717837 0.696175
1776832048.31515 0.209300 0.596311 0.026607 -0.007120 0.000788 -0.717836 0.696176
1776832048.48184 0.209523 0.596557 0.026624 -0.007151 0.000780 -0.717860 0.696150
1776832048.64853 0.209545 0.596432 0.026902 -0.007110 0.000818 -0.717844 0.696168
1776832048.81519 0.209195 0.596282 0.026861 -0.007074 0.000777 -0.717830 0.696182
1776832048.98184 0.208561 0.595860 0.026786 -0.007028 0.000793 -0.717768 0.696247
1776832049.14851 0.208340 0.595854 0.026636 -0.007057 0.000788 -0.717731 0.696285
1776832049.31517 0.208316 0.596004 0.026599 -0.007053 0.000804 -0.717711 0.696305
1776832049.48183 0.208103 0.595802 0.026499 -0.007057 0.000835 -0.717688 0.696329
1776832049.64851 0.207923 0.595847 0.026458 -0.007076 0.000810 -0.717649 0.696368
1776832049.81518 0.208004 0.595953 0.026652 -0.007055 0.000856 -0.717627 0.696391
1776832049.98185 0.207664 0.595540 0.026561 -0.007020 0.000874 -0.717607 0.696412
1776832050.14852 0.207475 0.595289 0.026381 -0.007051 0.000869 -0.717583 0.696437
1776832050.31516 0.207545 0.595560 0.026619 -0.007013 0.000928 -0.717559 0.696462
1776832050.48183 0.207374 0.595535 0.026496 -0.007012 0.000900 -0.717528 0.696494
1776832050.64851 0.206847 0.595223 0.026516 -0.006958 0.000875 -0.717464 0.696561
1776832050.81518 0.206722 0.595357 0.026694 -0.006985 0.000862 -0.717483 0.696540
1776832050.98183 0.206676 0.595058 0.026456 -0.007010 0.000890 -0.717482 0.696541
1776832051.14850 0.206575 0.595076 0.026458 -0.006983 0.000918 -0.717468 0.696555
1776832051.31515 0.206478 0.594788 0.026320 -0.006998 0.000940 -0.717454 0.696571
1776832051.48181 0.206755 0.595104 0.026242 -0.007028 0.000919 -0.717468 0.696555
1776832051.64848 0.206956 0.595471 0.026479 -0.007028 0.000911 -0.717484 0.696539
1776832051.81515 0.207222 0.595356 0.026428 -0.007040 0.000909 -0.717528 0.696494
1776832051.98183 0.207630 0.595566 0.026460 -0.007087 0.000896 -0.717558 0.696462
1776832052.14850 0.207413 0.595320 0.026449 -0.007095 0.000876 -0.717538 0.696483
1776832052.31515 0.207493 0.595185 0.026353 -0.007110 0.000861 -0.717576 0.696444
1776832052.48183 0.207547 0.595263 0.026434 -0.007080 0.000901 -0.717587 0.696432
1776832052.64849 0.207707 0.595360 0.026521 -0.007059 0.000912 -0.717597 0.696422
1776832052.81516 0.207627 0.595577 0.026555 -0.007030 0.000917 -0.717586 0.696434
1776832052.98183 0.207967 0.595941 0.026799 -0.007028 0.000953 -0.717582 0.696438
1776832053.14851 0.208040 0.596021 0.026882 -0.007025 0.000947 -0.717607 0.696412
1776832053.31517 0.208026 0.595728 0.026883 -0.007039 0.000980 -0.717612 0.696407
1776832053.48184 0.208345 0.595902 0.026990 -0.007040 0.000981 -0.717655 0.696363
1776832053.64850 0.208833 0.596406 0.027296 -0.007030 0.000986 -0.717697 0.696320
1776832053.81518 0.209226 0.596757 0.027352 -0.007084 0.000905 -0.717743 0.696271
1776832053.98184 0.209668 0.596897 0.027511 -0.007115 0.000834 -0.717801 0.696211
1776832054.14851 0.208292 0.595790 0.027190 -0.007016 0.000777 -0.717696 0.696320
1776832054.31517 0.207756 0.595333 0.026884 -0.007009 0.000819 -0.717645 0.696374
1776832054.48182 0.207803 0.595509 0.027177 -0.006959 0.000913 -0.717646 0.696373
1776832054.64848 0.208001 0.595765 0.027175 -0.006979 0.000918 -0.717637 0.696382
1776832054.81515 0.207731 0.595356 0.027255 -0.006949 0.000961 -0.717649 0.696370
1776832054.98181 0.208005 0.595578 0.027329 -0.006988 0.000976 -0.717645 0.696373
1776832055.14849 0.208415 0.595957 0.027349 -0.007006 0.000941 -0.717687 0.696329
1776832055.31515 0.208741 0.596166 0.027361 -0.007012 0.000921 -0.717740 0.696275
1776832055.48182 0.208681 0.596085 0.027369 -0.007009 0.000886 -0.717747 0.696268
1776832055.64849 0.208708 0.596017 0.027296 -0.007007 0.000874 -0.717778 0.696237
1776832055.81517 0.208438 0.595854 0.027338 -0.006960 0.000878 -0.717768 0.696247
1776832055.98183 0.208212 0.595601 0.027447 -0.006935 0.000883 -0.717762 0.696254
1776832056.14850 0.208306 0.595406 0.027217 -0.006986 0.000897 -0.717774 0.696241
1776832056.31516 0.208516 0.595624 0.026862 -0.007056 0.000903 -0.717787 0.696227
1776832056.48184 0.208647 0.596065 0.026766 -0.007124 0.000807 -0.717803 0.696209
1776832056.64852 0.209076 0.596424 0.026834 -0.007143 0.000773 -0.717830 0.696181
1776832056.81520 0.209501 0.597312 0.026891 -0.007173 0.000716 -0.717867 0.696143
1776832056.98186 0.209768 0.597573 0.027112 -0.007156 0.000689 -0.717893 0.696117
1776832057.14853 0.210243 0.598085 0.027223 -0.007165 0.000707 -0.717934 0.696074
1776832057.31520 0.210819 0.598677 0.027628 -0.007148 0.000723 -0.717973 0.696034
1776832057.48185 0.211372 0.599192 0.028297 -0.007104 0.000789 -0.717986 0.696021
1776832057.64853 0.211897 0.599807 0.028928 -0.007060 0.000816 -0.717996 0.696011
1776832057.81520 0.212232 0.600115 0.029359 -0.007007 0.000824 -0.718014 0.695993
1776832057.98187 0.212113 0.600191 0.029581 -0.007001 0.000803 -0.718010 0.695997
1776832058.14855 0.212092 0.600273 0.029452 -0.006990 0.000743 -0.718013 0.695994
1776832058.31520 0.212337 0.600540 0.029498 -0.006995 0.000767 -0.718017 0.695990
1776832058.48187 0.212183 0.600518 0.029535 -0.006960 0.000775 -0.718001 0.696007
1776832058.64856 0.212048 0.600304 0.029381 -0.006934 0.000807 -0.718007 0.696001
1776832058.81522 0.212278 0.600306 0.029604 -0.006893 0.000862 -0.718025 0.695983
1776832058.98188 0.212258 0.600226 0.029677 -0.006901 0.000825 -0.718043 0.695964
1776832059.14854 0.212434 0.600039 0.029691 -0.006901 0.000882 -0.718055 0.695951
1776832059.31521 0.212190 0.599554 0.029807 -0.006865 0.000877 -0.718061 0.695946
1776832059.48188 0.212512 0.599393 0.029953 -0.006842 0.000918 -0.718073 0.695934
1776832059.64855 0.212358 0.599519 0.030054 -0.006787 0.000865 -0.718078 0.695929
1776832059.81521 0.212429 0.599661 0.029836 -0.006837 0.000838 -0.718071 0.695935
1776832059.98188 0.212628 0.599700 0.029779 -0.006894 0.000820 -0.718098 0.695907
1776832060.14855 0.212503 0.599457 0.029627 -0.006879 0.000800 -0.718119 0.695886
1776832060.31523 0.212265 0.599514 0.029554 -0.006910 0.000728 -0.718105 0.695900
1776832060.48189 0.212190 0.599402 0.029505 -0.006935 0.000713 -0.718118 0.695887
1776832060.64858 0.212371 0.599414 0.029428 -0.006932 0.000735 -0.718116 0.695888
1776832060.81525 0.212453 0.599394 0.029235 -0.006945 0.000733 -0.718129 0.695875
1776832060.98192 0.212563 0.599438 0.029233 -0.006954 0.000740 -0.718141 0.695863
1776832061.14860 0.212923 0.599280 0.029046 -0.006969 0.000767 -0.718171 0.695832
1776832061.31521 0.213135 0.598890 0.029067 -0.007057 0.000847 -0.718199 0.695801
1776832061.48189 0.213549 0.599290 0.029114 -0.007063 0.000812 -0.718221 0.695778
1776832061.64856 0.213448 0.599287 0.029285 -0.007006 0.000781 -0.718217 0.695784
1776832061.81526 0.213194 0.599278 0.029297 -0.006958 0.000713 -0.718222 0.695779
1776832061.98190 0.212907 0.598866 0.029448 -0.006904 0.000784 -0.718217 0.695785
1776832062.14856 0.212888 0.599063 0.029212 -0.006947 0.000711 -0.718241 0.695759
1776832062.31523 0.212842 0.598736 0.029166 -0.006921 0.000713 -0.718226 0.695775
1776832062.48189 0.212809 0.598816 0.029117 -0.006970 0.000597 -0.718244 0.695756
1776832062.64856 0.212722 0.598915 0.028937 -0.006938 0.000556 -0.718269 0.695731
1776832062.81523 0.211248 0.598017 0.029393 -0.006753 0.000681 -0.718094 0.695913
1776832062.98190 0.210356 0.597771 0.029545 -0.006671 0.000763 -0.717977 0.696034
1776832063.14855 0.209888 0.597617 0.029697 -0.006628 0.000829 -0.717902 0.696113
1776832063.31521 0.209571 0.597225 0.029755 -0.006613 0.000892 -0.717836 0.696180
1776832063.48190 0.209769 0.597484 0.029271 -0.006716 0.000781 -0.717877 0.696137
1776832063.64860 0.209662 0.597394 0.029536 -0.006616 0.000877 -0.717854 0.696162
1776832063.81527 0.209350 0.597344 0.029848 -0.006603 0.000841 -0.717813 0.696204
1776832063.98194 0.209596 0.597498 0.029744 -0.006694 0.000841 -0.717795 0.696222
1776832064.14862 0.209745 0.597346 0.029927 -0.006668 0.000871 -0.717820 0.696197
1776832064.31527 0.209919 0.597637 0.029970 -0.006631 0.000930 -0.717816 0.696201
1776832064.48194 0.209544 0.597127 0.030180 -0.006545 0.000922 -0.717801 0.696217
1776832064.64858 0.209380 0.597031 0.030092 -0.006558 0.000927 -0.717760 0.696259
1776832064.81526 0.209100 0.596868 0.030141 -0.006492 0.000948 -0.717758 0.696262
1776832064.98192 0.209686 0.597374 0.029999 -0.006563 0.000947 -0.717789 0.696229
1776832065.14860 0.209422 0.596907 0.029937 -0.006517 0.000968 -0.717766 0.696254
1776832065.31528 0.209760 0.597608 0.030328 -0.006512 0.000966 -0.717753 0.696267
1776832065.48191 0.209936 0.597921 0.030534 -0.006520 0.000989 -0.717760 0.696259
1776832065.64861 0.210413 0.597989 0.030526 -0.006574 0.001037 -0.717803 0.696215
1776832065.81529 0.210778 0.598288 0.030556 -0.006602 0.001020 -0.717831 0.696186
1776832065.98193 0.211163 0.598519 0.030727 -0.006603 0.001049 -0.717860 0.696155
1776832066.14862 0.210908 0.598278 0.030868 -0.006534 0.001098 -0.717825 0.696192
1776832066.31528 0.210296 0.597994 0.030752 -0.006524 0.001030 -0.717786 0.696232
1776832066.48195 0.209989 0.597949 0.030897 -0.006480 0.001106 -0.717742 0.696278
1776832066.64860 0.209469 0.597502 0.030855 -0.006463 0.001091 -0.717702 0.696319
1776832066.81524 0.210023 0.597896 0.030762 -0.006573 0.001119 -0.717710 0.696310
1776832066.98195 0.210304 0.598125 0.030769 -0.006622 0.001152 -0.717733 0.696286
1776832067.14863 0.210297 0.598059 0.030743 -0.006632 0.001168 -0.717716 0.696304
1776832067.31530 0.210462 0.598339 0.030997 -0.006609 0.001196 -0.717705 0.696315
1776832067.48199 0.210917 0.598755 0.030786 -0.006668 0.001112 -0.717762 0.696256
1776832067.64869 0.211605 0.599164 0.030513 -0.006694 0.001092 -0.717829 0.696186
1776832067.81537 0.212132 0.599291 0.030471 -0.006719 0.001056 -0.717910 0.696103
1776832067.98204 0.212781 0.599899 0.030413 -0.006770 0.001002 -0.717981 0.696029
1776832068.14872 0.212918 0.599549 0.030311 -0.006801 0.000975 -0.718057 0.695951
1776832068.31538 0.213869 0.599950 0.030625 -0.006821 0.001081 -0.718079 0.695928
1776832068.48202 0.214282 0.600172 0.030708 -0.006865 0.001067 -0.718111 0.695894
1776832068.64869 0.214889 0.600435 0.031097 -0.006889 0.001117 -0.718127 0.695877
1776832068.81538 0.215671 0.601072 0.031201 -0.006959 0.001078 -0.718174 0.695828
1776832068.98205 0.216088 0.601462 0.031550 -0.006936 0.001121 -0.718183 0.695819
1776832069.14868 0.216425 0.601734 0.031797 -0.006941 0.001171 -0.718204 0.695797
1776832069.31536 0.214645 0.600785 0.031819 -0.006772 0.001151 -0.718030 0.695978
1776832069.48202 0.215130 0.601177 0.031926 -0.006807 0.001191 -0.718073 0.695934
1776832069.64866 0.215586 0.601360 0.031947 -0.006834 0.001268 -0.718099 0.695906
1776832069.81532 0.215747 0.601328 0.031998 -0.006834 0.001257 -0.718139 0.695865
1776832069.98195 0.216168 0.601487 0.032121 -0.006858 0.001286 -0.718175 0.695827
1776832070.14864 0.216454 0.601819 0.032113 -0.006905 0.001255 -0.718191 0.695811
1776832070.31531 0.216731 0.602100 0.032019 -0.006923 0.001229 -0.718232 0.695768
1776832070.48200 0.216735 0.602119 0.032134 -0.006880 0.001269 -0.718235 0.695766
1776832070.64867 0.217121 0.602375 0.032298 -0.006840 0.001331 -0.718261 0.695738
1776832070.81531 0.217379 0.602477 0.032573 -0.006865 0.001366 -0.718259 0.695740
1776832070.98201 0.217324 0.602895 0.032441 -0.006874 0.001262 -0.718271 0.695728
1776832071.14872 0.217092 0.602557 0.032486 -0.006828 0.001295 -0.718307 0.695692
1776832071.31539 0.217569 0.602864 0.032780 -0.006834 0.001373 -0.718305 0.695694
1776832071.48199 0.217427 0.602481 0.032742 -0.006816 0.001330 -0.718351 0.695646
1776832071.64866 0.217474 0.602611 0.032821 -0.006792 0.001294 -0.718348 0.695650
1776832071.81539 0.217438 0.602516 0.033026 -0.006754 0.001346 -0.718364 0.695634
1776832071.98202 0.217949 0.602898 0.032932 -0.006805 0.001346 -0.718351 0.695647
1776832072.14867 0.218032 0.603001 0.032929 -0.006835 0.001315 -0.718337 0.695660
1776832072.31534 0.217910 0.602875 0.032992 -0.006867 0.001326 -0.718355 0.695641
1776832072.48204 0.218213 0.602931 0.032954 -0.006920 0.001367 -0.718375 0.695620
1776832072.64870 0.218307 0.603052 0.032862 -0.006953 0.001395 -0.718390 0.695605
1776832072.81540 0.218674 0.603368 0.032827 -0.007026 0.001393 -0.718403 0.695590
1776832072.98205 0.218695 0.603316 0.032881 -0.007005 0.001467 -0.718390 0.695604
1776832073.14868 0.218696 0.603248 0.033030 -0.007008 0.001514 -0.718385 0.695609
1776832073.31538 0.218835 0.603514 0.032929 -0.007025 0.001534 -0.718388 0.695605
1776832073.48208 0.218702 0.603329 0.033088 -0.006970 0.001553 -0.718380 0.695615
1776832073.64876 0.218803 0.603287 0.033101 -0.006992 0.001568 -0.718384 0.695610
1776832073.81540 0.218758 0.603198 0.033094 -0.006969 0.001581 -0.718401 0.695592
1776832073.98206 0.218894 0.603101 0.033192 -0.006972 0.001588 -0.718417 0.695576
1776832074.14875 0.219044 0.603172 0.033214 -0.007025 0.001554 -0.718422 0.695571
1776832074.31542 0.218998 0.603070 0.033189 -0.007010 0.001568 -0.718421 0.695572
1776832074.48207 0.219234 0.603259 0.033043 -0.006987 0.001553 -0.718439 0.695553
1776832074.64875 0.219347 0.603355 0.033392 -0.006959 0.001593 -0.718434 0.695558
1776832074.81540 0.219397 0.603105 0.033335 -0.006938 0.001607 -0.718455 0.695537
1776832074.98212 0.219284 0.603140 0.033351 -0.006904 0.001550 -0.718471 0.695521
1776832075.14878 0.219355 0.603244 0.033410 -0.006900 0.001564 -0.718471 0.695521
1776832075.31546 0.219471 0.603255 0.033322 -0.006931 0.001534 -0.718484 0.695508
1776832075.48211 0.219683 0.603277 0.033402 -0.006908 0.001552 -0.718497 0.695494
1776832075.64880 0.219926 0.603381 0.033416 -0.006917 0.001516 -0.718521 0.695469
1776832075.81546 0.219970 0.603294 0.033408 -0.006930 0.001480 -0.718545 0.695444
1776832075.98216 0.219849 0.603217 0.033474 -0.006906 0.001500 -0.718550 0.695440
1776832076.14882 0.219921 0.603057 0.033274 -0.006918 0.001439 -0.718564 0.695425
1776832076.31547 0.220040 0.602922 0.033053 -0.006953 0.001382 -0.718592 0.695396
1776832076.48210 0.219951 0.602924 0.032753 -0.006974 0.001318 -0.718595 0.695392
1776832076.64881 0.219922 0.602630 0.032838 -0.006982 0.001310 -0.718616 0.695371
1776832076.81549 0.219750 0.602467 0.032790 -0.006934 0.001348 -0.718610 0.695377
1776832076.98215 0.219626 0.602519 0.032584 -0.006956 0.001311 -0.718617 0.695370
1776832077.14884 0.219548 0.602417 0.032471 -0.006929 0.001343 -0.718603 0.695385
1776832077.31551 0.219445 0.602656 0.032341 -0.006938 0.001288 -0.718591 0.695398
1776832077.48218 0.219568 0.602712 0.032155 -0.006982 0.001268 -0.718607 0.695380
1776832077.64885 0.219337 0.602520 0.032119 -0.006975 0.001269 -0.718602 0.695385
1776832077.81550 0.219297 0.602575 0.032166 -0.006973 0.001286 -0.718581 0.695407
1776832077.98214 0.219317 0.602556 0.032301 -0.006955 0.001309 -0.718568 0.695421
1776832078.14877 0.219099 0.602306 0.032546 -0.006906 0.001344 -0.718538 0.695453
1776832078.31544 0.218966 0.602404 0.032740 -0.006896 0.001389 -0.718517 0.695474
1776832078.48211 0.219220 0.602523 0.032827 -0.006932 0.001414 -0.718518 0.695472
1776832078.64877 0.216791 0.601661 0.032647 -0.006837 0.001274 -0.718250 0.695751
1776832078.81553 0.215574 0.601369 0.032615 -0.006798 0.001307 -0.718061 0.695945
1776832078.98217 0.215146 0.601451 0.032558 -0.006816 0.001306 -0.717979 0.696031
1776832079.14884 0.214893 0.601470 0.032353 -0.006851 0.001291 -0.717933 0.696078
1776832079.31550 0.215279 0.601939 0.032369 -0.006852 0.001319 -0.717967 0.696043
1776832079.48218 0.215864 0.602241 0.032401 -0.006860 0.001382 -0.718012 0.695996
1776832079.64886 0.216457 0.602728 0.032689 -0.006883 0.001378 -0.718051 0.695955
1776832079.81555 0.217337 0.603491 0.032916 -0.006907 0.001370 -0.718107 0.695897
1776832079.98224 0.217656 0.603857 0.033100 -0.006853 0.001354 -0.718148 0.695855
1776832080.14892 0.217831 0.604110 0.033117 -0.006850 0.001283 -0.718185 0.695818
1776832080.31561 0.217883 0.604296 0.033126 -0.006857 0.001237 -0.718208 0.695794
1776832080.48230 0.217984 0.604224 0.033039 -0.006875 0.001240 -0.718228 0.695773
1776832080.64897 0.218144 0.604215 0.032855 -0.006893 0.001215 -0.718244 0.695757
1776832080.81562 0.218413 0.604193 0.032758 -0.006874 0.001209 -0.718263 0.695736
1776832080.98228 0.218674 0.604234 0.033046 -0.006848 0.001236 -0.718301 0.695697
1776832081.14892 0.218659 0.604295 0.033031 -0.006830 0.001208 -0.718324 0.695674
1776832081.31559 0.218743 0.604288 0.033159 -0.006819 0.001224 -0.718327 0.695671
1776832081.48228 0.218832 0.604090 0.033358 -0.006808 0.001214 -0.718371 0.695626
1776832081.64892 0.218897 0.604230 0.033222 -0.006824 0.001186 -0.718392 0.695604
1776832081.81557 0.218939 0.604032 0.033158 -0.006835 0.001206 -0.718395 0.695600
1776832081.98225 0.218883 0.603939 0.033271 -0.006821 0.001203 -0.718403 0.695593
1776832082.14891 0.218834 0.603800 0.033003 -0.006847 0.001184 -0.718408 0.695587
1776832082.31558 0.218644 0.603821 0.032838 -0.006838 0.001176 -0.718394 0.695602
1776832082.48225 0.218745 0.603945 0.032638 -0.006859 0.001106 -0.718410 0.695585
1776832082.64891 0.218585 0.603725 0.032414 -0.006843 0.001034 -0.718423 0.695572
1776832082.81560 0.218799 0.604076 0.032470 -0.006838 0.001004 -0.718438 0.695556
1776832082.98226 0.219063 0.604178 0.032526 -0.006909 0.000973 -0.718454 0.695539
1776832083.14892 0.219257 0.604537 0.032727 -0.006885 0.000943 -0.718463 0.695531
1776832083.31558 0.219493 0.604763 0.032745 -0.006896 0.000912 -0.718490 0.695503
1776832083.48228 0.219263 0.604778 0.032345 -0.006872 0.000800 -0.718492 0.695500
1776832083.64893 0.219489 0.604592 0.032478 -0.006882 0.000843 -0.718522 0.695470
1776832083.81560 0.219594 0.604424 0.032792 -0.006821 0.000902 -0.718536 0.695455
1776832083.98227 0.219556 0.604181 0.032849 -0.006794 0.000891 -0.718546 0.695445
1776832084.14893 0.219523 0.603980 0.033011 -0.006798 0.000917 -0.718546 0.695445
1776832084.31562 0.219311 0.603819 0.032859 -0.006773 0.000881 -0.718562 0.695429
1776832084.48227 0.219173 0.603649 0.032806 -0.006727 0.000887 -0.718569 0.695423
1776832084.64892 0.219353 0.603895 0.032821 -0.006771 0.000917 -0.718549 0.695442
1776832084.81557 0.219517 0.603968 0.032787 -0.006812 0.000883 -0.718566 0.695425
1776832084.98228 0.219534 0.603961 0.032772 -0.006814 0.000863 -0.718575 0.695415
1776832085.14893 0.219995 0.604014 0.032865 -0.006801 0.000907 -0.718594 0.695397
1776832085.31560 0.220288 0.604167 0.032780 -0.006869 0.000869 -0.718628 0.695361
1776832085.48226 0.220695 0.604372 0.032810 -0.006881 0.000899 -0.718652 0.695336
1776832085.64893 0.220722 0.604361 0.032766 -0.006881 0.000860 -0.718668 0.695319
1776832085.81560 0.221040 0.604539 0.032745 -0.006893 0.000851 -0.718677 0.695309
1776832085.98227 0.221206 0.604811 0.032765 -0.006924 0.000850 -0.718688 0.695298
1776832086.14893 0.221082 0.604574 0.032786 -0.006891 0.000880 -0.718709 0.695277
1776832086.31559 0.221102 0.604668 0.032871 -0.006877 0.000880 -0.718716 0.695269
1776832086.48225 0.221242 0.604799 0.032825 -0.006898 0.000906 -0.718728 0.695256
1776832086.64892 0.221401 0.604767 0.032853 -0.006898 0.000925 -0.718747 0.695237
1776832086.81559 0.221561 0.604842 0.032751 -0.006901 0.000912 -0.718748 0.695235
1776832086.98227 0.219605 0.603886 0.032654 -0.006801 0.000809 -0.718565 0.695426
1776832087.14892 0.218937 0.603714 0.032591 -0.006786 0.000795 -0.718471 0.695523
1776832087.31559 0.218615 0.603933 0.032548 -0.006801 0.000801 -0.718394 0.695603
1776832087.48225 0.218486 0.603932 0.032461 -0.006846 0.000800 -0.718365 0.695633
1776832087.64893 0.218648 0.604233 0.032477 -0.006889 0.000814 -0.718345 0.695652
1776832087.81561 0.218930 0.604608 0.032614 -0.006916 0.000834 -0.718332 0.695666
1776832087.98230 0.219461 0.605042 0.032709 -0.006964 0.000870 -0.718347 0.695649
1776832088.14897 0.219758 0.605393 0.032704 -0.006987 0.000870 -0.718361 0.695635
1776832088.31563 0.220102 0.605756 0.032807 -0.007036 0.000875 -0.718357 0.695639
1776832088.48229 0.220321 0.605963 0.032945 -0.007023 0.000924 -0.718365 0.695630
1776832088.64897 0.220772 0.606651 0.032860 -0.007007 0.000843 -0.718304 0.695694
1776832088.81564 0.220864 0.607026 0.033233 -0.006899 0.000796 -0.718285 0.695715
1776832088.98230 0.221012 0.607466 0.033471 -0.006861 0.000787 -0.718271 0.695729
1776832089.14897 0.220974 0.607688 0.033608 -0.006795 0.000757 -0.718259 0.695743
1776832089.31563 0.220765 0.607724 0.033630 -0.006763 0.000677 -0.718267 0.695735
1776832089.48229 0.220760 0.607970 0.033583 -0.006726 0.000610 -0.718265 0.695736
1776832089.64894 0.220611 0.607845 0.033739 -0.006671 0.000641 -0.718279 0.695723
1776832089.81563 0.220407 0.607686 0.033785 -0.006613 0.000652 -0.718265 0.695738
1776832089.98230 0.220298 0.607652 0.033927 -0.006567 0.000666 -0.718274 0.695729
1776832090.14897 0.220322 0.607306 0.034052 -0.006535 0.000674 -0.718309 0.695694
1776832090.31566 0.220500 0.607307 0.034160 -0.006605 0.000643 -0.718320 0.695682
1776832090.48233 0.220503 0.607306 0.034124 -0.006662 0.000648 -0.718340 0.695660
1776832090.64904 0.220564 0.607331 0.033969 -0.006667 0.000653 -0.718341 0.695659
1776832090.81572 0.220695 0.607281 0.033948 -0.006648 0.000705 -0.718361 0.695639
1776832090.98240 0.220631 0.607295 0.034021 -0.006636 0.000681 -0.718351 0.695649
1776832091.14906 0.220686 0.607519 0.034080 -0.006690 0.000697 -0.718328 0.695672
1776832091.31574 0.220879 0.607521 0.033988 -0.006711 0.000746 -0.718324 0.695676
1776832091.48243 0.221189 0.607851 0.034161 -0.006771 0.000758 -0.718313 0.695687
1776832091.64908 0.221099 0.607773 0.033999 -0.006774 0.000763 -0.718298 0.695702
1776832091.81575 0.221191 0.607666 0.033969 -0.006788 0.000777 -0.718320 0.695679
1776832091.98241 0.221179 0.607416 0.033907 -0.006826 0.000792 -0.718340 0.695659
1776832092.14906 0.221745 0.607493 0.033906 -0.006856 0.000855 -0.718369 0.695627
1776832092.31575 0.221970 0.607648 0.033744 -0.006868 0.000860 -0.718397 0.695598
1776832092.48242 0.222298 0.607927 0.033803 -0.006863 0.000888 -0.718401 0.695595
1776832092.64910 0.222561 0.607973 0.034012 -0.006815 0.000907 -0.718428 0.695568
1776832092.81576 0.222518 0.608072 0.034397 -0.006735 0.000959 -0.718419 0.695578
1776832092.98241 0.222559 0.608292 0.034646 -0.006697 0.000964 -0.718397 0.695600
1776832093.14909 0.222618 0.608360 0.034702 -0.006687 0.000931 -0.718389 0.695609
1776832093.31574 0.222584 0.608228 0.034633 -0.006678 0.000899 -0.718394 0.695603
1776832093.48240 0.222343 0.607962 0.034850 -0.006619 0.000882 -0.718404 0.695594
1776832093.64909 0.222004 0.607749 0.034553 -0.006599 0.000781 -0.718411 0.695587
1776832093.81575 0.221757 0.607477 0.034373 -0.006570 0.000787 -0.718414 0.695584
1776832093.98242 0.221587 0.607200 0.033925 -0.006577 0.000737 -0.718424 0.695574
1776832094.14908 0.221385 0.607010 0.033682 -0.006605 0.000680 -0.718432 0.695566
1776832094.31575 0.221527 0.607195 0.033532 -0.006597 0.000665 -0.718473 0.695523
1776832094.48242 0.221593 0.607010 0.033490 -0.006620 0.000665 -0.718490 0.695505
1776832094.64909 0.221564 0.606931 0.033526 -0.006625 0.000655 -0.718500 0.695495
1776832094.81577 0.221834 0.607001 0.033473 -0.006633 0.000641 -0.718525 0.695469
1776832094.98247 0.222056 0.607383 0.033424 -0.006643 0.000610 -0.718542 0.695452
1776832095.14913 0.222184 0.607494 0.033420 -0.006645 0.000595 -0.718554 0.695439
1776832095.31578 0.222653 0.609216 0.034490 -0.006560 0.000541 -0.718490 0.695506
1776832095.48243 0.222617 0.608952 0.034803 -0.006460 0.000603 -0.718481 0.695516
1776832095.64910 0.222223 0.608485 0.034884 -0.006449 0.000611 -0.718470 0.695528
1776832095.81576 0.222289 0.608364 0.034896 -0.006430 0.000634 -0.718474 0.695524
1776832095.98241 0.222316 0.608328 0.034936 -0.006418 0.000627 -0.718482 0.695516
1776832096.14909 0.222264 0.608423 0.034931 -0.006416 0.000658 -0.718474 0.695524
1776832096.31575 0.222413 0.608335 0.034759 -0.006425 0.000675 -0.718481 0.695517
1776832096.48242 0.222091 0.608058 0.034840 -0.006382 0.000701 -0.718469 0.695529
1776832096.64890 0.221486 0.609987 0.034362 -0.006513 0.000538 -0.718289 0.695714
1776832096.81551 0.221343 0.609596 0.034463 -0.006494 0.000548 -0.718274 0.695730
1776832096.98217 0.221045 0.609456 0.034447 -0.006447 0.000468 -0.718269 0.695736
1776832097.14884 0.221547 0.609069 0.034506 -0.006516 0.000560 -0.718287 0.695717
1776832097.31558 0.221594 0.608633 0.034592 -0.006478 0.000569 -0.718313 0.695690
1776832097.48230 0.221664 0.608293 0.034678 -0.006462 0.000610 -0.718335 0.695667
1776832097.64889 0.221916 0.608098 0.034707 -0.006432 0.000664 -0.718376 0.695625
1776832097.81554 0.222058 0.607925 0.034709 -0.006449 0.000708 -0.718391 0.695609
1776832097.98217 0.222139 0.607461 0.034770 -0.006482 0.000734 -0.718410 0.695589
1776832098.14886 0.221842 0.607856 0.034842 -0.006445 0.000719 -0.718382 0.695618
1776832098.31546 0.221842 0.607894 0.034761 -0.006437 0.000716 -0.718387 0.695614
1776832098.48217 0.222127 0.607953 0.034611 -0.006467 0.000759 -0.718393 0.695607
1776832098.64885 0.222232 0.608223 0.034706 -0.006435 0.000739 -0.718427 0.695572
1776832098.81547 0.222391 0.608250 0.034811 -0.006432 0.000787 -0.718439 0.695560
1776832098.98214 0.222631 0.608333 0.034952 -0.006425 0.000829 -0.718456 0.695543
1776832099.14880 0.222361 0.608112 0.034872 -0.006415 0.000810 -0.718450 0.695548
1776832099.31546 0.222272 0.607951 0.034679 -0.006445 0.000791 -0.718432 0.695566
1776832099.48213 0.222178 0.607491 0.034529 -0.006426 0.000802 -0.718446 0.695553
1776832099.64879 0.222097 0.607411 0.034419 -0.006445 0.000770 -0.718449 0.695550
1776832099.81545 0.222030 0.607193 0.034248 -0.006458 0.000760 -0.718438 0.695561
1776832099.98212 0.222146 0.607531 0.034244 -0.006467 0.000681 -0.718453 0.695545
1776832100.14879 0.222267 0.607762 0.034227 -0.006479 0.000638 -0.718482 0.695515
1776832100.31544 0.222221 0.607556 0.034140 -0.006471 0.000673 -0.718470 0.695528
1776832100.48212 0.222034 0.607282 0.034017 -0.006547 0.000652 -0.718462 0.695536
1776832100.64877 0.222031 0.607329 0.033809 -0.006597 0.000616 -0.718464 0.695532
1776832100.81545 0.221877 0.607284 0.033621 -0.006609 0.000598 -0.718453 0.695544
1776832100.98212 0.222038 0.607159 0.033419 -0.006669 0.000619 -0.718462 0.695534
1776832101.14878 0.221870 0.607350 0.033569 -0.006683 0.000629 -0.718453 0.695544
1776832101.31545 0.221812 0.607451 0.033548 -0.006642 0.000620 -0.718452 0.695545
1776832101.48211 0.221854 0.607658 0.033666 -0.006632 0.000587 -0.718466 0.695530
1776832101.64878 0.221932 0.607878 0.033821 -0.006605 0.000570 -0.718449 0.695548
1776832101.81544 0.222317 0.608305 0.033897 -0.006644 0.000572 -0.718455 0.695541
1776832101.98210 0.222103 0.608333 0.033986 -0.006624 0.000536 -0.718455 0.695542
1776832102.14873 0.221977 0.608257 0.034113 -0.006566 0.000584 -0.718446 0.695552
1776832102.31539 0.221784 0.608136 0.034329 -0.006514 0.000597 -0.718434 0.695564
1776832102.48205 0.221754 0.608215 0.034456 -0.006455 0.000652 -0.718397 0.695604
1776832102.64872 0.221746 0.608061 0.034626 -0.006470 0.000623 -0.718383 0.695618
1776832102.81540 0.221658 0.608229 0.034600 -0.006464 0.000572 -0.718374 0.695627
1776832102.98207 0.221419 0.608271 0.034606 -0.006466 0.000539 -0.718352 0.695649
1776832103.14874 0.221137 0.608114 0.034596 -0.006446 0.000516 -0.718335 0.695667
1776832103.31538 0.221071 0.608123 0.034551 -0.006489 0.000524 -0.718312 0.695691
1776832103.48205 0.220971 0.608198 0.034395 -0.006536 0.000487 -0.718306 0.695697
1776832103.64871 0.220629 0.608188 0.034393 -0.006522 0.000520 -0.718277 0.695727
1776832103.81538 0.220507 0.608317 0.034330 -0.006583 0.000483 -0.718250 0.695754
1776832103.98203 0.220616 0.608007 0.034283 -0.006593 0.000546 -0.718231 0.695773
1776832104.14874 0.220890 0.607876 0.034200 -0.006619 0.000549 -0.718238 0.695766
1776832104.31540 0.220797 0.608009 0.034027 -0.006670 0.000460 -0.718252 0.695751
1776832104.48205 0.221034 0.608340 0.033836 -0.006728 0.000467 -0.718265 0.695737
1776832104.64869 0.221240 0.608300 0.033635 -0.006805 0.000445 -0.718297 0.695703
1776832104.81537 0.221174 0.608579 0.033525 -0.006841 0.000393 -0.718277 0.695723
1776832104.98204 0.221389 0.608941 0.033393 -0.006880 0.000363 -0.718300 0.695700
1776832105.14869 0.221712 0.609112 0.033550 -0.006841 0.000447 -0.718313 0.695687
1776832105.31535 0.221696 0.608897 0.033546 -0.006809 0.000453 -0.718321 0.695679
1776832105.48205 0.221850 0.608825 0.033599 -0.006828 0.000460 -0.718355 0.695644
1776832105.64870 0.221934 0.608770 0.033597 -0.006826 0.000446 -0.718344 0.695654
1776832105.81539 0.222338 0.608841 0.033444 -0.006858 0.000438 -0.718356 0.695642
1776832105.98205 0.222363 0.608940 0.033363 -0.006875 0.000372 -0.718384 0.695612
1776832106.14868 0.222388 0.608391 0.033308 -0.006831 0.000440 -0.718416 0.695580
1776832106.31534 0.222308 0.608223 0.033313 -0.006839 0.000432 -0.718425 0.695571
1776832106.48201 0.221944 0.607975 0.033286 -0.006824 0.000436 -0.718420 0.695576
1776832106.64867 0.222152 0.608015 0.033149 -0.006855 0.000477 -0.718428 0.695567
1776832106.81536 0.222142 0.608036 0.033120 -0.006838 0.000465 -0.718422 0.695573
1776832106.98200 0.222404 0.608134 0.032954 -0.006871 0.000489 -0.718469 0.695525
1776832107.14870 0.222368 0.608111 0.032815 -0.006914 0.000401 -0.718467 0.695527
1776832107.31536 0.222200 0.608375 0.032855 -0.006862 0.000316 -0.718469 0.695525
1776832107.48201 0.222184 0.608735 0.032822 -0.006894 0.000269 -0.718460 0.695534
1776832107.64863 0.222575 0.609215 0.032677 -0.006871 0.000292 -0.718509 0.695483
1776832107.81532 0.222618 0.609269 0.032810 -0.006807 0.000339 -0.718517 0.695476
1776832107.98200 0.222542 0.608919 0.032877 -0.006820 0.000308 -0.718494 0.695500
1776832108.14871 0.222474 0.609014 0.032848 -0.006825 0.000230 -0.718485 0.695509
1776832108.31536 0.222335 0.609077 0.032955 -0.006794 0.000191 -0.718463 0.695532
1776832108.48198 0.222699 0.609309 0.033014 -0.006776 0.000215 -0.718474 0.695521
1776832108.64866 0.222884 0.609713 0.032926 -0.006806 0.000149 -0.718485 0.695509
1776832108.81534 0.223051 0.609741 0.033179 -0.006748 0.000189 -0.718494 0.695500
1776832108.98205 0.223410 0.609825 0.033374 -0.006758 0.000247 -0.718497 0.695497
1776832109.14870 0.223734 0.609503 0.033432 -0.006741 0.000304 -0.718528 0.695465
1776832109.31537 0.223954 0.609282 0.033501 -0.006727 0.000322 -0.718572 0.695420
1776832109.48203 0.223825 0.609128 0.033666 -0.006666 0.000363 -0.718576 0.695416
1776832109.64867 0.223877 0.609166 0.033541 -0.006670 0.000384 -0.718585 0.695407
1776832109.81535 0.223831 0.608960 0.033545 -0.006658 0.000408 -0.718577 0.695415
1776832109.98200 0.223871 0.609023 0.033603 -0.006659 0.000443 -0.718564 0.695429
1776832110.14869 0.223796 0.609013 0.033405 -0.006675 0.000426 -0.718556 0.695437
1776832110.31536 0.223804 0.609016 0.033384 -0.006708 0.000417 -0.718567 0.695426
1776832110.48203 0.223286 0.608894 0.033350 -0.006675 0.000405 -0.718521 0.695473
1776832110.64862 0.224473 0.608661 0.033517 -0.006801 0.000656 -0.718551 0.695441
1776832110.81524 0.224096 0.608740 0.033283 -0.006771 0.000521 -0.718557 0.695435
1776832110.98192 0.223974 0.609046 0.033189 -0.006768 0.000432 -0.718579 0.695413
1776832111.14856 0.224137 0.609188 0.033211 -0.006766 0.000467 -0.718582 0.695409
1776832111.31524 0.223995 0.609109 0.033408 -0.006696 0.000529 -0.718565 0.695428
1776832111.48191 0.224936 0.608175 0.033552 -0.006815 0.000782 -0.718620 0.695369
1776832111.64858 0.225137 0.607710 0.033375 -0.006861 0.000818 -0.718659 0.695328
1776832111.81525 0.225066 0.608075 0.033049 -0.006879 0.000723 -0.718675 0.695312
1776832111.98194 0.224544 0.608061 0.032955 -0.006860 0.000619 -0.718644 0.695344
1776832112.14858 0.224943 0.608427 0.033499 -0.006897 0.000718 -0.718622 0.695366
1776832112.31525 0.224833 0.608089 0.033575 -0.006885 0.000795 -0.718604 0.695385
1776832112.48189 0.224327 0.608049 0.033565 -0.006806 0.000693 -0.718620 0.695369
1776832112.64856 0.223900 0.608212 0.033390 -0.006762 0.000645 -0.718602 0.695388
1776832112.81523 0.223552 0.608058 0.033277 -0.006748 0.000644 -0.718563 0.695429
1776832112.98190 0.223325 0.608252 0.033256 -0.006776 0.000626 -0.718546 0.695447
1776832113.14858 0.223280 0.608178 0.032836 -0.006833 0.000548 -0.718538 0.695454
1776832113.31523 0.223110 0.608510 0.032901 -0.006836 0.000497 -0.718523 0.695469
1776832113.48190 0.223240 0.608561 0.032869 -0.006851 0.000515 -0.718518 0.695474
1776832113.64861 0.223878 0.608357 0.032995 -0.006915 0.000617 -0.718530 0.695461
1776832113.81527 0.223797 0.608606 0.032888 -0.006901 0.000565 -0.718541 0.695450
1776832113.98192 0.223413 0.608768 0.032716 -0.006913 0.000492 -0.718493 0.695499
1776832114.14856 0.224305 0.608854 0.032958 -0.007007 0.000639 -0.718509 0.695482
1776832114.31520 0.224086 0.609002 0.032912 -0.006966 0.000578 -0.718513 0.695479
1776832114.48186 0.223916 0.609383 0.032912 -0.006973 0.000495 -0.718489 0.695503
1776832114.64852 0.223588 0.609814 0.032996 -0.006908 0.000461 -0.718444 0.695550
1776832114.81517 0.223932 0.610265 0.033129 -0.006928 0.000456 -0.718453 0.695541
1776832114.98185 0.223744 0.610191 0.033051 -0.006936 0.000400 -0.718416 0.695579
1776832115.14854 0.223708 0.609640 0.032957 -0.006916 0.000511 -0.718383 0.695614
1776832115.31525 0.224050 0.609358 0.033163 -0.006919 0.000661 -0.718384 0.695612
1776832115.48195 0.224644 0.609175 0.033600 -0.006872 0.000764 -0.718413 0.695582
1776832115.64864 0.224326 0.608880 0.033649 -0.006803 0.000749 -0.718390 0.695607
1776832115.81533 0.224079 0.608620 0.033920 -0.006767 0.000777 -0.718373 0.695625
1776832115.98201 0.223760 0.609078 0.033965 -0.006749 0.000705 -0.718370 0.695628
1776832116.14871 0.223301 0.609875 0.033934 -0.006713 0.000582 -0.718367 0.695631
1776832116.31529 0.223612 0.609368 0.033637 -0.006773 0.000721 -0.718352 0.695646
1776832116.48200 0.223503 0.609080 0.033411 -0.006781 0.000725 -0.718358 0.695640
1776832116.64865 0.222962 0.608739 0.033354 -0.006723 0.000688 -0.718360 0.695639
1776832116.81531 0.223326 0.608957 0.033516 -0.006752 0.000707 -0.718360 0.695638
1776832116.98197 0.223117 0.608747 0.033516 -0.006724 0.000676 -0.718358 0.695641
1776832117.14864 0.223070 0.608654 0.033284 -0.006726 0.000629 -0.718380 0.695618
1776832117.31530 0.222990 0.608563 0.033231 -0.006693 0.000603 -0.718390 0.695608
1776832117.48198 0.222908 0.608534 0.033400 -0.006651 0.000635 -0.718398 0.695601
1776832117.64864 0.223333 0.609243 0.033783 -0.006671 0.000603 -0.718419 0.695579
1776832117.81531 0.222780 0.609537 0.033599 -0.006583 0.000482 -0.718389 0.695611
1776832117.98194 0.222425 0.609369 0.033673 -0.006495 0.000471 -0.718384 0.695616
1776832118.14858 0.222447 0.609338 0.033543 -0.006526 0.000434 -0.718402 0.695598
1776832118.31529 0.222633 0.609078 0.033661 -0.006501 0.000484 -0.718404 0.695596
1776832118.48199 0.222788 0.608459 0.033775 -0.006512 0.000532 -0.718425 0.695574
1776832118.64866 0.222750 0.608234 0.033604 -0.006497 0.000548 -0.718426 0.695572
1776832118.81531 0.222771 0.609615 0.033947 -0.006480 0.000404 -0.718378 0.695622
1776832118.98191 0.222706 0.609565 0.033915 -0.006470 0.000403 -0.718363 0.695638
1776832119.14857 0.222774 0.609252 0.033769 -0.006495 0.000430 -0.718366 0.695635
1776832119.31523 0.222632 0.608800 0.033715 -0.006494 0.000453 -0.718375 0.695626
1776832119.48192 0.222315 0.608779 0.033623 -0.006509 0.000385 -0.718365 0.695636
1776832119.64858 0.222367 0.609086 0.033502 -0.006551 0.000381 -0.718366 0.695634
1776832119.81525 0.221930 0.608910 0.033382 -0.006582 0.000425 -0.718387 0.695613
1776832119.98190 0.222167 0.609080 0.033152 -0.006678 0.000508 -0.718434 0.695563
1776832120.14859 0.222258 0.609109 0.032805 -0.006788 0.000501 -0.718475 0.695520
1776832120.31528 0.222781 0.609047 0.032516 -0.006804 0.000533 -0.718433 0.695563
1776832120.48198 0.223395 0.609988 0.032720 -0.006804 0.000456 -0.718415 0.695581
1776832120.64864 0.223565 0.610494 0.032737 -0.006782 0.000359 -0.718437 0.695559
1776832120.81531 0.223196 0.610808 0.032689 -0.006689 0.000233 -0.718409 0.695589
1776832120.98194 0.223122 0.610437 0.032868 -0.006693 0.000335 -0.718460 0.695536
1776832121.14864 0.223381 0.610192 0.033057 -0.006728 0.000384 -0.718505 0.695489
1776832121.31536 0.223762 0.608599 0.032793 -0.006803 0.000570 -0.718551 0.695441
1776832121.48199 0.223654 0.608298 0.032517 -0.006839 0.000533 -0.718607 0.695383
1776832121.64863 0.223934 0.608217 0.032430 -0.006848 0.000590 -0.718656 0.695332
1776832121.81536 0.223422 0.609262 0.032350 -0.006834 0.000382 -0.718683 0.695304
1776832121.98193 0.223305 0.609262 0.032533 -0.006836 0.000416 -0.718670 0.695318
1776832122.14860 0.222992 0.610124 0.032624 -0.006821 0.000312 -0.718646 0.695343
1776832122.31525 0.223148 0.610220 0.032838 -0.006837 0.000402 -0.718596 0.695394
1776832122.48195 0.223196 0.610627 0.032649 -0.006791 0.000355 -0.718585 0.695406
1776832122.64865 0.223108 0.610632 0.032231 -0.006782 0.000268 -0.718587 0.695404
1776832122.81532 0.222969 0.610599 0.032071 -0.006729 0.000185 -0.718593 0.695398
1776832122.98198 0.222578 0.611917 0.031551 -0.006796 0.000146 -0.718537 0.695455
1776832123.14857 0.222635 0.612873 0.031040 -0.006887 0.000233 -0.718443 0.695552
1776832123.31526 0.222949 0.614203 0.030742 -0.006986 0.000324 -0.718367 0.695629
1776832123.48195 0.223126 0.614762 0.030506 -0.007100 0.000434 -0.718301 0.695697
1776832123.64864 0.223686 0.616179 0.030207 -0.007217 0.000443 -0.718263 0.695735
1776832123.81530 0.223041 0.615599 0.030593 -0.007181 0.000493 -0.718216 0.695783
1776832123.98201 0.223380 0.614325 0.030887 -0.007171 0.000733 -0.718213 0.695786
1776832124.14868 0.223447 0.613763 0.030806 -0.007212 0.000712 -0.718232 0.695766
1776832124.31539 0.223325 0.611437 0.031886 -0.007070 0.000613 -0.718335 0.695662
1776832124.48207 0.223372 0.611699 0.032238 -0.006941 0.000373 -0.718399 0.695597
1776832124.64860 0.224051 0.611143 0.032692 -0.006939 0.000452 -0.718436 0.695559
1776832124.81527 0.224592 0.610441 0.032846 -0.006933 0.000452 -0.718501 0.695491
1776832124.98193 0.225111 0.610161 0.032718 -0.006852 0.000431 -0.718493 0.695500
1776832125.14861 0.225502 0.610383 0.032774 -0.006807 0.000371 -0.718527 0.695466
1776832125.31528 0.225340 0.610592 0.033070 -0.006708 0.000292 -0.718525 0.695468
1776832125.48191 0.225354 0.610989 0.033306 -0.006663 0.000235 -0.718528 0.695466
1776832125.64856 0.225278 0.610939 0.033239 -0.006629 0.000195 -0.718528 0.695466
1776832125.81522 0.225416 0.611139 0.033291 -0.006625 0.000183 -0.718558 0.695435
1776832125.98192 0.225674 0.611361 0.033213 -0.006630 0.000182 -0.718577 0.695415
1776832126.14862 0.225751 0.611428 0.033273 -0.006611 0.000154 -0.718569 0.695425
1776832126.31529 0.225449 0.611250 0.033357 -0.006553 0.000145 -0.718555 0.695440
1776832126.48196 0.225080 0.611792 0.033100 -0.006513 -0.000010 -0.718555 0.695439
1776832126.64853 0.225133 0.611817 0.033488 -0.006457 0.000042 -0.718554 0.695441
1776832126.81521 0.224538 0.611413 0.033038 -0.006419 -0.000047 -0.718545 0.695451
1776832126.98183 0.224473 0.611323 0.033144 -0.006461 -0.000052 -0.718511 0.695486
1776832127.14855 0.224534 0.611019 0.033319 -0.006440 0.000018 -0.718502 0.695495
1776832127.31522 0.224332 0.610535 0.033319 -0.006459 0.000097 -0.718569 0.695426
1776832127.48188 0.224836 0.610315 0.033211 -0.006484 0.000183 -0.718584 0.695410
1776832127.64858 0.225215 0.610347 0.033192 -0.006517 0.000167 -0.718605 0.695388
1776832127.81527 0.225139 0.609873 0.032974 -0.006531 0.000162 -0.718631 0.695361
1776832127.98192 0.224930 0.610256 0.033106 -0.006505 0.000095 -0.718613 0.695380
1776832128.14854 0.224793 0.610276 0.033190 -0.006460 0.000084 -0.718611 0.695382
1776832128.31518 0.224619 0.609776 0.033216 -0.006425 0.000112 -0.718605 0.695389
1776832128.48187 0.224501 0.609720 0.033512 -0.006350 0.000207 -0.718602 0.695393
1776832128.64854 0.224283 0.609390 0.033583 -0.006403 0.000241 -0.718670 0.695322
1776832128.81520 0.223064 0.610239 0.033219 -0.006367 0.000044 -0.718671 0.695321
1776832128.98177 0.222301 0.610605 0.033071 -0.006442 0.000190 -0.718622 0.695371
1776832129.14842 0.221942 0.611449 0.032641 -0.006528 0.000268 -0.718539 0.695456
1776832129.31514 0.222172 0.612711 0.031913 -0.006721 0.000321 -0.718473 0.695522
1776832129.48184 0.222385 0.615640 0.031196 -0.006870 0.000273 -0.718365 0.695632
1776832129.64848 0.222834 0.618295 0.030660 -0.007062 0.000317 -0.718216 0.695784
1776832129.81512 0.223662 0.619505 0.030562 -0.007196 0.000487 -0.718115 0.695887
1776832129.98193 0.224588 0.619949 0.030483 -0.007291 0.000614 -0.718059 0.695944
1776832130.14864 0.225615 0.619881 0.030299 -0.007420 0.000652 -0.718080 0.695921
1776832130.31531 0.225682 0.620354 0.030192 -0.007376 0.000596 -0.718066 0.695936
1776832130.48203 0.224952 0.619815 0.030323 -0.007317 0.000589 -0.718057 0.695946
1776832130.64870 0.225039 0.619589 0.030463 -0.007336 0.000644 -0.718058 0.695945
1776832130.81543 0.224313 0.620466 0.030610 -0.007319 0.000557 -0.717997 0.696008
1776832130.98204 0.224831 0.620151 0.030821 -0.007327 0.000739 -0.717982 0.696023
1776832131.14860 0.224971 0.622520 0.030653 -0.007385 0.000568 -0.717925 0.696081
1776832131.31524 0.225731 0.623620 0.030355 -0.007539 0.000596 -0.717878 0.696128
1776832131.48195 0.225917 0.623420 0.030092 -0.007554 0.000656 -0.717856 0.696150
1776832131.64871 0.226441 0.621163 0.030218 -0.007557 0.000853 -0.717929 0.696074
1776832131.81525 0.226508 0.620682 0.030345 -0.007517 0.000759 -0.717978 0.696025
1776832131.98195 0.226363 0.619195 0.030466 -0.007478 0.000728 -0.718043 0.695958
1776832132.14866 0.226801 0.619323 0.030659 -0.007402 0.000504 -0.718049 0.695953
1776832132.31540 0.226796 0.620030 0.030884 -0.007333 0.000270 -0.718042 0.695961
1776832132.48211 0.227030 0.620618 0.031394 -0.007292 0.000290 -0.718114 0.695888
1776832132.64880 0.226903 0.621291 0.031994 -0.007222 0.000352 -0.718120 0.695882
1776832132.81545 0.226895 0.621849 0.032838 -0.007233 0.000438 -0.718107 0.695895
1776832132.98214 0.227261 0.622645 0.033216 -0.007237 0.000490 -0.718093 0.695909
1776832133.14879 0.227188 0.623117 0.033495 -0.007234 0.000486 -0.718077 0.695926
1776832133.31546 0.227131 0.623094 0.033614 -0.007234 0.000534 -0.718065 0.695938
1776832133.48213 0.227045 0.622870 0.033594 -0.007186 0.000568 -0.718067 0.695937
1776832133.64880 0.226941 0.622515 0.033472 -0.007187 0.000591 -0.718062 0.695942
1776832133.81545 0.226569 0.621885 0.033652 -0.007156 0.000633 -0.718061 0.695943
1776832133.98212 0.226559 0.621440 0.033337 -0.007201 0.000620 -0.718063 0.695940
1776832134.14880 0.226427 0.621039 0.033410 -0.007169 0.000655 -0.718073 0.695930
1776832134.31545 0.226545 0.621206 0.033220 -0.007218 0.000656 -0.718077 0.695926
1776832134.48212 0.226342 0.620569 0.033248 -0.007162 0.000704 -0.718082 0.695922
1776832134.64878 0.226188 0.620433 0.033155 -0.007149 0.000678 -0.718095 0.695908
1776832134.81546 0.226446 0.620614 0.033105 -0.007175 0.000669 -0.718112 0.695890
1776832134.98211 0.226390 0.619887 0.032928 -0.007235 0.000636 -0.718123 0.695879
1776832135.14879 0.226449 0.620122 0.032715 -0.007234 0.000626 -0.718125 0.695876
1776832135.31545 0.226072 0.619733 0.032852 -0.007140 0.000627 -0.718127 0.695875
1776832135.48216 0.226050 0.619700 0.032975 -0.007118 0.000639 -0.718147 0.695854
1776832135.64882 0.226061 0.619400 0.032994 -0.007127 0.000669 -0.718157 0.695844
1776832135.81549 0.225704 0.618620 0.032897 -0.007095 0.000705 -0.718165 0.695837
1776832135.98214 0.225549 0.618269 0.032838 -0.007115 0.000663 -0.718175 0.695826
1776832136.14881 0.225494 0.622039 0.031983 -0.007192 0.000552 -0.717996 0.696009
1776832136.31549 0.225206 0.622040 0.032186 -0.007214 0.000584 -0.717945 0.696062
1776832136.48214 0.225346 0.622211 0.032200 -0.007285 0.000566 -0.717910 0.696098
1776832136.64882 0.225300 0.621876 0.032561 -0.007243 0.000672 -0.717876 0.696133
1776832136.81550 0.225532 0.622260 0.032644 -0.007270 0.000663 -0.717875 0.696134
1776832136.98217 0.225638 0.622417 0.032769 -0.007287 0.000644 -0.717855 0.696154
1776832137.14881 0.225557 0.622202 0.032725 -0.007288 0.000607 -0.717858 0.696151
1776832137.31548 0.226269 0.623084 0.033009 -0.007294 0.000643 -0.717860 0.696149
1776832137.48215 0.225917 0.622473 0.033099 -0.007250 0.000616 -0.717874 0.696135
1776832137.64882 0.225170 0.624347 0.031751 -0.007263 0.000515 -0.717809 0.696202
1776832137.81553 0.224978 0.625767 0.031469 -0.007305 0.000519 -0.717725 0.696288
1776832137.98222 0.224740 0.625295 0.031399 -0.007323 0.000638 -0.717674 0.696341
1776832138.14896 0.224992 0.624297 0.031507 -0.007350 0.000801 -0.717665 0.696349
1776832138.31560 0.224830 0.623750 0.031410 -0.007345 0.000764 -0.717691 0.696322
1776832138.48227 0.224740 0.622320 0.031403 -0.007319 0.000841 -0.717739 0.696273
1776832138.64895 0.224116 0.621179 0.031704 -0.007232 0.000770 -0.717777 0.696235
1776832138.81567 0.223833 0.620315 0.032031 -0.007205 0.000786 -0.717810 0.696201
1776832138.98233 0.224430 0.619460 0.032371 -0.007198 0.000872 -0.717884 0.696124
1776832139.14900 0.224655 0.619582 0.032456 -0.007252 0.000751 -0.717921 0.696087
1776832139.31568 0.224421 0.618926 0.032218 -0.007266 0.000680 -0.717953 0.696054
1776832139.48241 0.224198 0.619772 0.032073 -0.007281 0.000568 -0.717931 0.696076
1776832139.64906 0.224462 0.619986 0.032035 -0.007328 0.000574 -0.717925 0.696082
1776832139.81574 0.225040 0.620106 0.031826 -0.007361 0.000600 -0.717960 0.696045
1776832139.98244 0.225282 0.619990 0.031949 -0.007334 0.000607 -0.717975 0.696030
1776832140.14908 0.225078 0.619398 0.032047 -0.007320 0.000572 -0.717999 0.696006
1776832140.31574 0.224907 0.619201 0.032314 -0.007272 0.000569 -0.718009 0.695995
1776832140.48243 0.224807 0.619759 0.032423 -0.007268 0.000495 -0.718006 0.695999
1776832140.64909 0.225149 0.620526 0.032318 -0.007315 0.000471 -0.717994 0.696011
1776832140.81578 0.225588 0.622745 0.031355 -0.007414 0.000395 -0.717958 0.696047
1776832140.98244 0.226076 0.623987 0.031086 -0.007464 0.000452 -0.717915 0.696090
1776832141.14913 0.226751 0.624588 0.031208 -0.007516 0.000541 -0.717864 0.696143
1776832141.31581 0.227362 0.625339 0.031171 -0.007548 0.000577 -0.717857 0.696149
1776832141.48249 0.227664 0.623648 0.031569 -0.007525 0.000734 -0.717866 0.696141
1776832141.64915 0.227196 0.621775 0.032168 -0.007342 0.000800 -0.717917 0.696090
1776832141.81592 0.227485 0.620630 0.032783 -0.007264 0.000879 -0.718026 0.695978
1776832141.98266 0.227808 0.620734 0.032940 -0.007264 0.000814 -0.718106 0.695896
1776832142.14944 0.227360 0.621395 0.032834 -0.007237 0.000655 -0.718112 0.695890
1776832142.31596 0.227280 0.618690 0.033472 -0.007169 0.000848 -0.718169 0.695832
1776832142.48268 0.227178 0.615809 0.034085 -0.007112 0.000906 -0.718275 0.695722
1776832142.64931 0.227300 0.614871 0.033901 -0.007073 0.000845 -0.718393 0.695601
1776832142.81597 0.227388 0.612148 0.034759 -0.006971 0.000930 -0.718520 0.695470
1776832142.98261 0.226398 0.610256 0.034378 -0.006873 0.000826 -0.718617 0.695371
1776832143.14935 0.225359 0.609160 0.033771 -0.006831 0.000773 -0.718677 0.695310
1776832143.31604 0.224275 0.608158 0.033104 -0.006816 0.000755 -0.718687 0.695300
1776832143.48273 0.223586 0.607713 0.032555 -0.006807 0.000764 -0.718703 0.695283
1776832143.64940 0.223303 0.607389 0.032093 -0.006913 0.000735 -0.718697 0.695289
1776832143.81607 0.223283 0.607511 0.031907 -0.006973 0.000781 -0.718699 0.695286
1776832143.98276 0.223863 0.608826 0.031625 -0.007098 0.000745 -0.718682 0.695303
1776832144.14942 0.223821 0.609055 0.031213 -0.007153 0.000718 -0.718677 0.695307
1776832144.31609 0.224185 0.609503 0.031021 -0.007173 0.000716 -0.718676 0.695307
1776832144.48276 0.224372 0.610033 0.030981 -0.007224 0.000714 -0.718666 0.695318
1776832144.64945 0.225307 0.611828 0.031114 -0.007289 0.000696 -0.718653 0.695331
1776832144.81611 0.225539 0.612470 0.031056 -0.007348 0.000677 -0.718630 0.695354
1776832144.98281 0.227804 0.614115 0.033560 -0.007355 0.000762 -0.718571 0.695414
1776832145.14945 0.228352 0.613946 0.034257 -0.007272 0.000752 -0.718612 0.695373
1776832145.31612 0.228876 0.614482 0.034667 -0.007178 0.000716 -0.718670 0.695314
1776832145.48281 0.229160 0.614421 0.035032 -0.007108 0.000723 -0.718713 0.695271
1776832145.64955 0.228926 0.613669 0.035197 -0.007033 0.000700 -0.718739 0.695244
1776832145.81623 0.228715 0.613730 0.035189 -0.006967 0.000637 -0.718751 0.695233
1776832145.98291 0.228497 0.614621 0.034883 -0.006967 0.000554 -0.718727 0.695257
1776832146.14958 0.228203 0.614311 0.034707 -0.006974 0.000574 -0.718717 0.695268
1776832146.31625 0.227818 0.613682 0.034797 -0.006905 0.000660 -0.718701 0.695284
1776832146.48291 0.227544 0.613415 0.034842 -0.006943 0.000624 -0.718711 0.695274
1776832146.64956 0.227321 0.613902 0.034061 -0.006972 0.000568 -0.718700 0.695285
1776832146.81622 0.226778 0.614153 0.033308 -0.006990 0.000547 -0.718694 0.695291
1776832146.98288 0.226198 0.614153 0.032625 -0.007026 0.000514 -0.718672 0.695314
1776832147.14955 0.227155 0.616818 0.033510 -0.007130 0.000537 -0.718569 0.695419
1776832147.31624 0.227605 0.617080 0.033683 -0.007177 0.000640 -0.718498 0.695491
1776832147.48293 0.228406 0.617466 0.033688 -0.007243 0.000709 -0.718504 0.695485
1776832147.64957 0.228225 0.618268 0.033637 -0.007203 0.000614 -0.718503 0.695486
1776832147.81628 0.228056 0.619555 0.033336 -0.007238 0.000554 -0.718452 0.695538
1776832147.98292 0.228475 0.620597 0.033075 -0.007307 0.000582 -0.718421 0.695570
1776832148.14963 0.228234 0.619474 0.033473 -0.007237 0.000725 -0.718389 0.695604
1776832148.31623 0.228243 0.620528 0.033414 -0.007232 0.000676 -0.718381 0.695612
1776832148.48293 0.228082 0.620856 0.033326 -0.007247 0.000646 -0.718322 0.695673
1776832148.64956 0.228184 0.618435 0.033915 -0.007181 0.000791 -0.718360 0.695634
1776832148.81626 0.228313 0.616804 0.034237 -0.007167 0.000810 -0.718413 0.695580
1776832148.98292 0.228363 0.615450 0.034634 -0.007086 0.000803 -0.718498 0.695492
1776832149.14964 0.228027 0.615168 0.034893 -0.007012 0.000692 -0.718555 0.695435
1776832149.31633 0.227777 0.614537 0.035240 -0.006972 0.000702 -0.718582 0.695407
1776832149.48301 0.227056 0.613982 0.035014 -0.006900 0.000671 -0.718593 0.695397
1776832149.64966 0.227055 0.614368 0.035588 -0.006870 0.000708 -0.718598 0.695392
1776832149.81632 0.226546 0.613862 0.035869 -0.006788 0.000785 -0.718594 0.695396
1776832149.98299 0.226478 0.613501 0.036063 -0.006817 0.000813 -0.718573 0.695417
1776832150.14966 0.226429 0.612475 0.036096 -0.006836 0.000856 -0.718589 0.695400
1776832150.31628 0.226632 0.614164 0.035599 -0.006941 0.000631 -0.718592 0.695397
1776832150.48295 0.226558 0.614980 0.035281 -0.006967 0.000647 -0.718561 0.695428
1776832150.64968 0.226798 0.615708 0.034506 -0.007030 0.000699 -0.718551 0.695438
1776832150.81636 0.226591 0.615813 0.033967 -0.007041 0.000760 -0.718534 0.695456
1776832150.98304 0.226624 0.615860 0.033510 -0.007101 0.000754 -0.718499 0.695491
1776832151.14969 0.227032 0.616133 0.032992 -0.007172 0.000720 -0.718496 0.695494
1776832151.31635 0.226791 0.615912 0.032518 -0.007190 0.000663 -0.718492 0.695498
1776832151.48303 0.226529 0.615678 0.032185 -0.007182 0.000654 -0.718482 0.695508
1776832151.64972 0.226638 0.615999 0.032040 -0.007229 0.000652 -0.718490 0.695500
1776832151.81640 0.226802 0.616318 0.031998 -0.007262 0.000697 -0.718475 0.695514
1776832151.98307 0.226852 0.616597 0.032125 -0.007289 0.000702 -0.718464 0.695525
1776832152.14974 0.226774 0.616521 0.032014 -0.007301 0.000678 -0.718441 0.695549
1776832152.31640 0.226824 0.616997 0.031947 -0.007324 0.000682 -0.718434 0.695556
1776832152.48307 0.226899 0.617307 0.032009 -0.007342 0.000689 -0.718420 0.695571
1776832152.64974 0.227175 0.618065 0.031981 -0.007335 0.000687 -0.718402 0.695590
1776832152.81640 0.226770 0.617810 0.032093 -0.007280 0.000685 -0.718391 0.695602
1776832152.98308 0.226503 0.617469 0.032375 -0.007269 0.000714 -0.718392 0.695601
1776832153.14976 0.226326 0.617293 0.032323 -0.007277 0.000693 -0.718387 0.695605
1776832153.31643 0.226350 0.617452 0.032229 -0.007310 0.000631 -0.718362 0.695631
1776832153.48310 0.226419 0.617587 0.032256 -0.007345 0.000639 -0.718358 0.695634
1776832153.64977 0.226866 0.618234 0.032369 -0.007359 0.000692 -0.718342 0.695651
1776832153.81644 0.227193 0.618804 0.032564 -0.007332 0.000698 -0.718327 0.695667
1776832153.98310 0.227251 0.619102 0.032713 -0.007314 0.000693 -0.718317 0.695677
1776832154.14977 0.226978 0.618597 0.032705 -0.007280 0.000686 -0.718313 0.695681
1776832154.31644 0.226815 0.618911 0.032900 -0.007286 0.000657 -0.718289 0.695707
1776832154.48312 0.226844 0.619141 0.032823 -0.007309 0.000640 -0.718280 0.695716
1776832154.64979 0.226874 0.619212 0.032960 -0.007299 0.000686 -0.718261 0.695735
1776832154.81646 0.226612 0.619122 0.033063 -0.007268 0.000677 -0.718242 0.695755
1776832154.98318 0.226753 0.625892 0.032935 -0.007307 0.000659 -0.717908 0.696099
1776832155.14978 0.226948 0.625149 0.033126 -0.007300 0.000769 -0.717888 0.696120
1776832155.31641 0.226737 0.626161 0.033185 -0.007276 0.000699 -0.717825 0.696185
1776832155.48310 0.226405 0.627727 0.033216 -0.007249 0.000643 -0.717740 0.696273
1776832155.64977 0.225863 0.628062 0.033384 -0.007208 0.000648 -0.717658 0.696358
1776832155.81643 0.225347 0.630140 0.033174 -0.007213 0.000486 -0.717555 0.696464
1776832155.98308 0.225743 0.631186 0.033130 -0.007249 0.000592 -0.717465 0.696557
1776832156.14979 0.225905 0.630358 0.033183 -0.007286 0.000723 -0.717434 0.696588
1776832156.31649 0.226277 0.629901 0.033625 -0.007290 0.000791 -0.717423 0.696599
1776832156.48321 0.226562 0.629300 0.034051 -0.007306 0.000785 -0.717431 0.696590
1776832156.64987 0.226747 0.629005 0.034302 -0.007352 0.000755 -0.717427 0.696594
1776832156.81655 0.226719 0.628274 0.034462 -0.007341 0.000727 -0.717421 0.696601
1776832156.98326 0.225847 0.624805 0.034141 -0.007216 0.000822 -0.717532 0.696487
1776832157.14993 0.225737 0.624024 0.034553 -0.007221 0.000845 -0.717546 0.696473
1776832157.31665 0.225785 0.624022 0.034660 -0.007200 0.000837 -0.717574 0.696444
1776832157.48338 0.225366 0.625002 0.034686 -0.007161 0.000746 -0.717559 0.696460
1776832157.65006 0.225945 0.626023 0.034630 -0.007227 0.000779 -0.717544 0.696475
1776832157.81674 0.226479 0.626294 0.034540 -0.007297 0.000822 -0.717544 0.696474
1776832157.98339 0.226603 0.625868 0.034539 -0.007331 0.000818 -0.717563 0.696454
1776832158.15005 0.226689 0.625902 0.034578 -0.007338 0.000801 -0.717572 0.696445
1776832158.31669 0.226414 0.626186 0.034582 -0.007278 0.000799 -0.717543 0.696476
1776832158.48337 0.226486 0.625756 0.034599 -0.007270 0.000860 -0.717572 0.696446
1776832158.65001 0.226482 0.626140 0.034686 -0.007251 0.000862 -0.717560 0.696458
1776832158.81669 0.226407 0.626653 0.034509 -0.007252 0.000833 -0.717567 0.696452
1776832158.98336 0.226132 0.626393 0.034665 -0.007242 0.000827 -0.717549 0.696470
1776832159.15004 0.226513 0.626720 0.034705 -0.007262 0.000880 -0.717547 0.696472
1776832159.31670 0.226592 0.626001 0.034744 -0.007228 0.000923 -0.717571 0.696447
1776832159.48335 0.226366 0.625548 0.035028 -0.007157 0.000971 -0.717579 0.696440
1776832159.65002 0.226751 0.625152 0.035054 -0.007176 0.001024 -0.717611 0.696407
1776832159.81669 0.226734 0.623773 0.035221 -0.007125 0.001090 -0.717655 0.696362
1776832159.98337 0.227320 0.622240 0.035201 -0.007175 0.001138 -0.717747 0.696266
1776832160.15002 0.227983 0.621256 0.035330 -0.007202 0.001151 -0.717825 0.696185
1776832160.31669 0.228174 0.620001 0.035543 -0.007179 0.001162 -0.717904 0.696104
1776832160.48338 0.228145 0.618974 0.035863 -0.007107 0.001171 -0.717978 0.696028
1776832160.65007 0.227655 0.619197 0.035922 -0.007048 0.001045 -0.717994 0.696013
1776832160.81681 0.227869 0.619445 0.035740 -0.007063 0.001024 -0.718034 0.695971
1776832160.98348 0.227477 0.618727 0.035609 -0.007066 0.000987 -0.718070 0.695934
1776832161.15016 0.227517 0.618714 0.035412 -0.007118 0.000968 -0.718085 0.695919
1776832161.31681 0.227417 0.618486 0.035369 -0.007127 0.001004 -0.718092 0.695911
1776832161.48345 0.227100 0.618154 0.035237 -0.007100 0.000986 -0.718099 0.695904
1776832161.65012 0.227075 0.617273 0.035278 -0.007140 0.001038 -0.718124 0.695878
1776832161.81679 0.227001 0.617084 0.035352 -0.007132 0.001054 -0.718137 0.695864
1776832161.98344 0.226832 0.616274 0.035512 -0.007109 0.001118 -0.718146 0.695856
1776832162.15010 0.226619 0.616488 0.035448 -0.007112 0.001047 -0.718145 0.695856
1776832162.31677 0.226769 0.616561 0.035511 -0.007138 0.001059 -0.718130 0.695872
1776832162.48344 0.226822 0.617521 0.035450 -0.007139 0.001018 -0.718128 0.695874
1776832162.65011 0.227351 0.617631 0.035521 -0.007169 0.001099 -0.718134 0.695867
1776832162.81676 0.226830 0.617591 0.035677 -0.007116 0.001062 -0.718103 0.695899
1776832162.98342 0.226346 0.617363 0.035760 -0.007078 0.001101 -0.718085 0.695918
1776832163.15009 0.226618 0.617579 0.035626 -0.007109 0.001110 -0.718064 0.695940
1776832163.31676 0.226926 0.617601 0.035516 -0.007156 0.001127 -0.718060 0.695944
1776832163.48338 0.227030 0.617333 0.035563 -0.007169 0.001134 -0.718081 0.695922
1776832163.65005 0.227074 0.616657 0.035775 -0.007120 0.001230 -0.718084 0.695919
1776832163.81670 0.227361 0.616741 0.035754 -0.007172 0.001153 -0.718114 0.695888
1776832163.98337 0.228069 0.616018 0.035941 -0.007174 0.001298 -0.718186 0.695813
1776832164.15002 0.228184 0.615855 0.036120 -0.007117 0.001282 -0.718215 0.695784
1776832164.31670 0.228267 0.616312 0.036217 -0.007094 0.001226 -0.718232 0.695767
1776832164.48341 0.228147 0.615755 0.036338 -0.007058 0.001267 -0.718249 0.695749
1776832164.65009 0.228079 0.615653 0.036442 -0.007041 0.001281 -0.718293 0.695704
1776832164.81676 0.227651 0.616223 0.036425 -0.007009 0.001178 -0.718272 0.695727
1776832164.98344 0.228230 0.616221 0.036288 -0.007059 0.001224 -0.718287 0.695710
1776832165.15009 0.228523 0.614923 0.036515 -0.007061 0.001339 -0.718317 0.695679
1776832165.31667 0.228036 0.615428 0.036417 -0.007037 0.001236 -0.718317 0.695679
1776832165.48335 0.227837 0.615728 0.036374 -0.007010 0.001241 -0.718314 0.695682
1776832165.65002 0.227648 0.615332 0.036389 -0.007031 0.001232 -0.718303 0.695694
1776832165.81670 0.227405 0.616031 0.036468 -0.007000 0.001209 -0.718286 0.695712
1776832165.98338 0.227404 0.616588 0.036342 -0.007021 0.001194 -0.718260 0.695738
1776832166.15005 0.227790 0.617174 0.036157 -0.007073 0.001219 -0.718257 0.695741
1776832166.31671 0.227567 0.617599 0.036197 -0.007039 0.001235 -0.718207 0.695792
1776832166.48337 0.227611 0.618155 0.036125 -0.007090 0.001241 -0.718190 0.695810
1776832166.65004 0.227137 0.618076 0.036385 -0.007018 0.001293 -0.718131 0.695871
1776832166.81668 0.226930 0.618159 0.036463 -0.007028 0.001303 -0.718112 0.695890
1776832166.98334 0.226587 0.618112 0.036637 -0.006972 0.001310 -0.718074 0.695931
1776832167.14999 0.226551 0.619001 0.036505 -0.006971 0.001269 -0.718035 0.695971
1776832167.31670 0.226364 0.619615 0.036212 -0.006992 0.001207 -0.717992 0.696015
1776832167.48337 0.226029 0.620379 0.036000 -0.007043 0.001124 -0.717933 0.696076
1776832167.65007 0.225930 0.621520 0.035909 -0.007032 0.001114 -0.717866 0.696145
1776832167.81673 0.225958 0.622393 0.035804 -0.007033 0.001124 -0.717816 0.696196
1776832167.98341 0.226651 0.623591 0.035650 -0.007084 0.001170 -0.717780 0.696233
1776832168.15007 0.226725 0.623916 0.035585 -0.007120 0.001141 -0.717749 0.696265
1776832168.31672 0.227066 0.624472 0.035343 -0.007158 0.001106 -0.717754 0.696259
1776832168.48337 0.227155 0.625503 0.035452 -0.007154 0.001072 -0.717723 0.696291
1776832168.65005 0.227391 0.626125 0.035535 -0.007150 0.001094 -0.717686 0.696330
1776832168.81670 0.227409 0.625762 0.035710 -0.007128 0.001137 -0.717669 0.696347
1776832168.98336 0.227382 0.626153 0.035625 -0.007138 0.001095 -0.717654 0.696363
1776832169.15003 0.227316 0.626056 0.035537 -0.007161 0.001105 -0.717650 0.696367
1776832169.31670 0.227104 0.626006 0.035524 -0.007122 0.001093 -0.717635 0.696382
1776832169.48337 0.226897 0.625717 0.035823 -0.007104 0.001111 -0.717622 0.696396
1776832169.65002 0.226552 0.626077 0.035696 -0.007081 0.001084 -0.717605 0.696414
1776832169.81671 0.226267 0.625952 0.035516 -0.007111 0.001083 -0.717588 0.696430
1776832169.98338 0.225534 0.627382 0.035343 -0.007065 0.000981 -0.717508 0.696514
1776832170.15005 0.225436 0.627711 0.035422 -0.007060 0.001066 -0.717475 0.696548
1776832170.31671 0.225638 0.628487 0.035432 -0.007065 0.001081 -0.717428 0.696596
1776832170.48338 0.225720 0.628794 0.035429 -0.007141 0.001085 -0.717390 0.696635
1776832170.65003 0.225454 0.629201 0.035573 -0.007133 0.001061 -0.717345 0.696681
1776832170.81668 0.225616 0.630795 0.035252 -0.007162 0.001025 -0.717297 0.696730
1776832170.98337 0.225458 0.631812 0.035142 -0.007168 0.000997 -0.717236 0.696793
1776832171.15001 0.225677 0.632826 0.035106 -0.007191 0.000989 -0.717178 0.696853
1776832171.31667 0.226103 0.633623 0.034909 -0.007280 0.000971 -0.717150 0.696880
1776832171.48334 0.226082 0.633845 0.035072 -0.007261 0.001023 -0.717112 0.696919
1776832171.65000 0.226335 0.633551 0.035264 -0.007260 0.001086 -0.717115 0.696916
1776832171.81667 0.226456 0.633244 0.035369 -0.007241 0.001124 -0.717095 0.696937
1776832171.98333 0.226020 0.632539 0.035559 -0.007186 0.001132 -0.717077 0.696956
1776832172.14999 0.226393 0.632603 0.035635 -0.007196 0.001166 -0.717099 0.696934
1776832172.31666 0.226233 0.632738 0.035711 -0.007190 0.001099 -0.717106 0.696926
1776832172.48334 0.226437 0.632190 0.035665 -0.007233 0.001117 -0.717130 0.696901
1776832172.65000 0.226743 0.631456 0.035609 -0.007242 0.001148 -0.717172 0.696858
1776832172.81666 0.226160 0.631575 0.035746 -0.007191 0.001092 -0.717167 0.696864
1776832172.98335 0.226000 0.631187 0.035851 -0.007201 0.001101 -0.717154 0.696876
1776832173.15000 0.226253 0.631734 0.035643 -0.007237 0.001094 -0.717170 0.696860
1776832173.31667 0.226150 0.633085 0.035536 -0.007205 0.001043 -0.717138 0.696893
1776832173.48334 0.226268 0.632911 0.035568 -0.007191 0.001097 -0.717132 0.696899
1776832173.64999 0.226249 0.633307 0.035644 -0.007194 0.001064 -0.717108 0.696924
1776832173.81664 0.225855 0.633642 0.035532 -0.007173 0.000990 -0.717071 0.696962
1776832173.98330 0.226161 0.633049 0.035950 -0.007203 0.001113 -0.717059 0.696975
1776832174.14998 0.226604 0.632422 0.036420 -0.007195 0.001192 -0.717060 0.696974
1776832174.31657 0.225661 0.634097 0.036302 -0.007102 0.001068 -0.716989 0.697048
1776832174.48327 0.225476 0.635011 0.036024 -0.007114 0.001002 -0.716967 0.697070
1776832174.64991 0.225621 0.633891 0.036003 -0.007150 0.001091 -0.716974 0.697063
1776832174.81657 0.225736 0.633442 0.035573 -0.007211 0.001028 -0.716987 0.697049
1776832174.98324 0.226049 0.632468 0.035480 -0.007243 0.001040 -0.717030 0.697004
1776832175.14988 0.226078 0.632474 0.034888 -0.007326 0.000929 -0.717035 0.696998
1776832175.31655 0.226153 0.632873 0.034427 -0.007381 0.000813 -0.717037 0.696996
1776832175.48322 0.226357 0.633575 0.033947 -0.007457 0.000719 -0.717026 0.697006
1776832175.64988 0.226393 0.633679 0.033613 -0.007554 0.000662 -0.717049 0.696982
1776832175.81655 0.227011 0.634288 0.033332 -0.007648 0.000679 -0.717057 0.696973
1776832175.98322 0.227065 0.633598 0.033547 -0.007633 0.000765 -0.717077 0.696951
1776832176.14986 0.227306 0.635051 0.033214 -0.007720 0.000629 -0.717064 0.696964
1776832176.31651 0.227146 0.635662 0.032775 -0.007761 0.000576 -0.717043 0.696985
1776832176.48318 0.227534 0.636206 0.032693 -0.007813 0.000563 -0.717031 0.696997
1776832176.64987 0.228191 0.635063 0.033154 -0.007780 0.000762 -0.717070 0.696957
1776832176.81652 0.228264 0.635032 0.033134 -0.007794 0.000713 -0.717099 0.696927
1776832176.98319 0.228461 0.635071 0.033253 -0.007781 0.000702 -0.717118 0.696908
1776832177.14988 0.228583 0.635713 0.033194 -0.007771 0.000623 -0.717123 0.696903
1776832177.31657 0.228371 0.636297 0.032955 -0.007808 0.000563 -0.717106 0.696920
1776832177.48322 0.228771 0.636335 0.033002 -0.007849 0.000587 -0.717109 0.696916
1776832177.64990 0.228872 0.636719 0.032858 -0.007867 0.000572 -0.717090 0.696936
1776832177.81660 0.228839 0.637519 0.032633 -0.007893 0.000497 -0.717079 0.696947
1776832177.98326 0.230042 0.639456 0.032934 -0.007983 0.000498 -0.717090 0.696935
1776832178.14993 0.231812 0.642225 0.033388 -0.008065 0.000532 -0.717101 0.696922
1776832178.31656 0.233625 0.645453 0.034060 -0.008128 0.000541 -0.717103 0.696919
1776832178.48323 0.236084 0.649254 0.034817 -0.008197 0.000561 -0.717108 0.696913
1776832178.64990 0.238489 0.653374 0.035523 -0.008266 0.000541 -0.717094 0.696928
1776832178.81657 0.240791 0.657479 0.036239 -0.008315 0.000515 -0.717089 0.696932
1776832178.98325 0.242664 0.661277 0.036925 -0.008324 0.000519 -0.717058 0.696964
1776832179.14990 0.244742 0.665000 0.037615 -0.008307 0.000569 -0.717034 0.696989
1776832179.31651 0.232518 0.641383 0.033461 -0.007917 0.000788 -0.717106 0.696919
1776832179.48346 0.231826 0.638515 0.034110 -0.007802 0.000910 -0.717137 0.696888
1776832179.65025 0.231467 0.636602 0.034688 -0.007716 0.000947 -0.717210 0.696814
1776832179.81697 0.231108 0.633871 0.035422 -0.007610 0.001054 -0.717295 0.696727
1776832179.98369 0.230855 0.631512 0.036392 -0.007478 0.001121 -0.717397 0.696623
1776832180.15045 0.231180 0.632052 0.036016 -0.007521 0.000876 -0.717488 0.696530
1776832180.31727 0.231928 0.632838 0.035770 -0.007608 0.000758 -0.717563 0.696451
1776832180.48396 0.232169 0.633134 0.035392 -0.007616 0.000734 -0.717615 0.696398
1776832180.65063 0.232792 0.633037 0.035520 -0.007625 0.000795 -0.717679 0.696332
1776832180.81725 0.233542 0.634769 0.035145 -0.007706 0.000687 -0.717739 0.696269
1776832180.98390 0.233531 0.634770 0.035094 -0.007662 0.000780 -0.717761 0.696247
1776832181.15055 0.233991 0.636157 0.034700 -0.007719 0.000716 -0.717766 0.696241
1776832181.31719 0.234111 0.635588 0.034790 -0.007701 0.000852 -0.717769 0.696239
1776832181.48381 0.234235 0.636395 0.034540 -0.007690 0.000807 -0.717759 0.696249
1776832181.65048 0.234261 0.636064 0.034714 -0.007702 0.000808 -0.717751 0.696257
1776832181.81716 0.234878 0.635838 0.035003 -0.007730 0.000871 -0.717780 0.696227
1776832181.98381 0.234573 0.635630 0.035131 -0.007678 0.000838 -0.717805 0.696201
1776832182.15046 0.234380 0.634514 0.035501 -0.007613 0.000942 -0.717825 0.696181
1776832182.31713 0.234255 0.634063 0.035935 -0.007569 0.000947 -0.717853 0.696153
1776832182.48382 0.233760 0.633659 0.035791 -0.007534 0.000925 -0.717854 0.696152
1776832182.65048 0.233910 0.633068 0.035902 -0.007543 0.000981 -0.717885 0.696120
1776832182.81714 0.233466 0.632925 0.035282 -0.007569 0.000872 -0.717889 0.696116
1776832182.98382 0.233595 0.633331 0.035359 -0.007534 0.000890 -0.717896 0.696109
1776832183.15050 0.233518 0.633765 0.035035 -0.007582 0.000843 -0.717895 0.696109
1776832183.31716 0.233823 0.633762 0.035428 -0.007560 0.000919 -0.717900 0.696105
1776832183.48380 0.233895 0.634345 0.035307 -0.007601 0.000820 -0.717897 0.696108
1776832183.65045 0.233995 0.634386 0.035167 -0.007645 0.000839 -0.717894 0.696110
1776832183.81713 0.234291 0.633925 0.035621 -0.007623 0.000941 -0.717905 0.696099
1776832183.98378 0.234766 0.634546 0.035460 -0.007639 0.000928 -0.717930 0.696073
1776832184.15043 0.235028 0.633164 0.036111 -0.007569 0.001103 -0.717966 0.696037
1776832184.31706 0.235504 0.632495 0.036752 -0.007550 0.001128 -0.718021 0.695979
1776832184.48371 0.234663 0.629444 0.037515 -0.007394 0.001234 -0.718071 0.695930
1776832184.65038 0.233871 0.627593 0.037620 -0.007271 0.001201 -0.718134 0.695866
1776832184.81715 0.232857 0.626004 0.037590 -0.007162 0.001133 -0.718187 0.695812
1776832184.98399 0.232682 0.627174 0.036957 -0.007213 0.000857 -0.718236 0.695761
1776832185.15075 0.233230 0.629041 0.036295 -0.007346 0.000738 -0.718258 0.695738
1776832185.31737 0.233121 0.628689 0.036089 -0.007383 0.000841 -0.718246 0.695749
1776832185.48413 0.232437 0.626728 0.036453 -0.007278 0.001045 -0.718258 0.695738
1776832185.65073 0.232537 0.626728 0.035924 -0.007292 0.001039 -0.718277 0.695719
1776832185.81737 0.232592 0.626919 0.035166 -0.007394 0.000936 -0.718274 0.695720
1776832185.98403 0.232324 0.627186 0.034478 -0.007479 0.000863 -0.718264 0.695730
1776832186.15070 0.232172 0.627706 0.033948 -0.007575 0.000791 -0.718225 0.695769
1776832186.31735 0.232165 0.628335 0.033670 -0.007630 0.000792 -0.718210 0.695784
1776832186.48401 0.232519 0.629058 0.033303 -0.007720 0.000793 -0.718178 0.695817
1776832186.65068 0.232716 0.629691 0.033000 -0.007811 0.000778 -0.718141 0.695854
1776832186.81734 0.233134 0.630601 0.032826 -0.007878 0.000773 -0.718113 0.695881
1776832186.98400 0.233302 0.631147 0.032844 -0.007896 0.000806 -0.718084 0.695911
1776832636.81528 0.237405 0.625173 0.047702 -0.007162 0.000819 -0.718119 0.695883
1776832636.98195 0.238011 0.624183 0.049853 -0.007178 0.000806 -0.718114 0.695888
1776832637.14862 0.238617 0.623163 0.052019 -0.007191 0.000814 -0.718119 0.695883
1776832637.31527 0.239268 0.622127 0.054192 -0.007183 0.000838 -0.718115 0.695887
1776832637.48194 0.239947 0.621114 0.056365 -0.007191 0.000833 -0.718110 0.695891
1776832637.64861 0.240635 0.620122 0.058492 -0.007227 0.000795 -0.718112 0.695890
1776832637.81528 0.241374 0.619141 0.060638 -0.007261 0.000784 -0.718115 0.695886
1776832637.98194 0.242158 0.618177 0.062781 -0.007290 0.000767 -0.718111 0.695890
1776832638.14861 0.242990 0.617287 0.064900 -0.007337 0.000754 -0.718113 0.695887
1776832638.31527 0.243886 0.616506 0.066994 -0.007379 0.000715 -0.718119 0.695880
1776832638.48195 0.247383 0.637069 0.047311 -0.007295 0.000540 -0.718115 0.695886
1776832638.64908 0.248330 0.631038 0.047213 -0.006995 0.001295 -0.718258 0.695741
1776832638.81555 0.247659 0.629872 0.046636 -0.006918 0.001278 -0.718255 0.695744
1776832638.98219 0.246391 0.629030 0.045840 -0.006892 0.001094 -0.718255 0.695745
1776832639.14886 0.245198 0.628258 0.044927 -0.006899 0.000968 -0.718268 0.695732
1776832639.31554 0.244020 0.627412 0.043969 -0.006869 0.000914 -0.718281 0.695719
1776832639.48221 0.242932 0.626140 0.042943 -0.006873 0.000878 -0.718282 0.695717
1776832639.64888 0.242122 0.624652 0.041731 -0.006903 0.000911 -0.718282 0.695717
1776832639.81556 0.241072 0.622877 0.040773 -0.006870 0.000933 -0.718289 0.695710
1776832639.98222 0.240087 0.620990 0.039700 -0.006863 0.000960 -0.718286 0.695714
1776832640.14890 0.238977 0.618996 0.038548 -0.006839 0.000985 -0.718286 0.695714
1776832936.64862 0.238259 0.618942 0.039668 -0.007104 0.000884 -0.718253 0.695745
1776832936.81529 0.238133 0.618822 0.039970 -0.007115 0.000875 -0.718256 0.695742
1776832936.98196 0.237988 0.618677 0.040295 -0.007129 0.000874 -0.718249 0.695749
1776832937.14862 0.237837 0.618515 0.040721 -0.007114 0.000903 -0.718242 0.695756
1776832937.31529 0.237676 0.618327 0.041167 -0.007124 0.000869 -0.718237 0.695762
1776832937.48195 0.237560 0.618119 0.041704 -0.007094 0.000900 -0.718234 0.695765
1776832937.64862 0.237449 0.617859 0.042342 -0.007052 0.000969 -0.718232 0.695767
1776832937.81529 0.237355 0.617548 0.042906 -0.007075 0.000942 -0.718224 0.695775
1776832937.98196 0.242597 0.616796 0.041691 -0.007072 0.000841 -0.718192 0.695808
1776832938.14863 0.243468 0.618564 0.041582 -0.007110 0.000840 -0.718222 0.695777
1776832938.31528 0.243200 0.618411 0.041427 -0.007162 0.000771 -0.718215 0.695784
1776832938.48196 0.243508 0.618766 0.041621 -0.007186 0.000764 -0.718215 0.695784
1776832938.64862 0.243959 0.619262 0.041606 -0.007204 0.000773 -0.718207 0.695792
1776832938.81529 0.244788 0.620504 0.041606 -0.007208 0.000803 -0.718208 0.695791
1776832938.98196 0.244962 0.620516 0.041915 -0.007178 0.000845 -0.718206 0.695793
1776832939.14863 0.245033 0.620725 0.042001 -0.007133 0.000885 -0.718202 0.695798
1776832939.31529 0.245676 0.621809 0.042352 -0.007142 0.000873 -0.718199 0.695800
1776832939.48195 0.246622 0.623576 0.042782 -0.007171 0.000840 -0.718205 0.695794
1776832939.64863 0.247088 0.624599 0.043150 -0.007188 0.000822 -0.718201 0.695798
1776833378.31527 0.239350 0.621030 0.068911 -0.007206 0.000751 -0.718220 0.695779
1776833378.48194 0.238193 0.620482 0.072679 -0.007242 0.000770 -0.718223 0.695775
1776833378.64861 0.237060 0.619948 0.076425 -0.007246 0.000741 -0.718231 0.695766
1776833378.81528 0.235908 0.619432 0.080240 -0.007216 0.000749 -0.718235 0.695763
1776833378.98195 0.234736 0.618949 0.084076 -0.007237 0.000744 -0.718231 0.695767
1776833379.14861 0.233553 0.618519 0.087918 -0.007244 0.000777 -0.718232 0.695766
1776833379.31528 0.232354 0.618129 0.091745 -0.007239 0.000765 -0.718236 0.695761
1776833379.48196 0.231176 0.617758 0.095576 -0.007267 0.000756 -0.718223 0.695775
1776833379.64861 0.230005 0.617387 0.099391 -0.007295 0.000719 -0.718213 0.695784
1776833379.81528 0.228845 0.617063 0.103265 -0.007291 0.000723 -0.718218 0.695779
1776833379.98194 0.227663 0.616794 0.107176 -0.007264 0.000716 -0.718217 0.695781
1776833380.14854 0.237872 0.617716 0.063788 -0.007092 0.000826 -0.718194 0.695807
1776833424.98195 0.238915 0.617709 0.064908 -0.007190 0.000808 -0.718181 0.695819
1776833425.14860 0.239142 0.617683 0.065213 -0.007179 0.000840 -0.718177 0.695823
1776833425.31527 0.239420 0.617629 0.065584 -0.007126 0.000876 -0.718173 0.695828
1776833425.48193 0.239739 0.617530 0.065960 -0.007107 0.000888 -0.718169 0.695832
1776833425.64860 0.240083 0.617388 0.066350 -0.007117 0.000858 -0.718170 0.695831
1776833425.81526 0.240388 0.617205 0.066810 -0.007118 0.000848 -0.718168 0.695833
1776833425.98194 0.240663 0.616975 0.067374 -0.007097 0.000877 -0.718173 0.695828
1776833426.14860 0.240929 0.616674 0.068000 -0.007076 0.000912 -0.718175 0.695826
1776833426.31526 0.241219 0.616306 0.068632 -0.007060 0.000926 -0.718175 0.695826
1776833595.14859 0.242062 0.616069 0.068691 -0.007204 0.000760 -0.718181 0.695819
1776833595.31525 0.242275 0.616043 0.068697 -0.007205 0.000770 -0.718192 0.695807
1776833595.48192 0.242482 0.616033 0.068670 -0.007206 0.000763 -0.718195 0.695804
1776833595.64859 0.242679 0.616015 0.068568 -0.007251 0.000747 -0.718202 0.695796
1776833595.81526 0.242847 0.616053 0.068461 -0.007241 0.000739 -0.718209 0.695790
1776833595.98192 0.243004 0.616135 0.068347 -0.007242 0.000747 -0.718210 0.695789
1776833596.14859 0.243164 0.616266 0.068208 -0.007213 0.000772 -0.718207 0.695792
1776833596.31525 0.243342 0.616394 0.067992 -0.007191 0.000765 -0.718204 0.695795
1776833596.48192 0.243499 0.616536 0.067772 -0.007150 0.000787 -0.718203 0.695797
1776833596.64859 0.243624 0.616660 0.067492 -0.007198 0.000763 -0.718203 0.695796
1776834245.48190 0.243230 0.617386 0.067813 -0.007173 0.000781 -0.718203 0.695796
1776834245.64857 0.243107 0.617385 0.067840 -0.007203 0.000750 -0.718206 0.695793
1776834245.81524 0.242979 0.617389 0.067883 -0.007237 0.000745 -0.718204 0.695795
1776834245.98191 0.242822 0.617380 0.067956 -0.007246 0.000732 -0.718205 0.695794
1776834246.14860 0.242662 0.617344 0.068025 -0.007246 0.000714 -0.718205 0.695793
1776834246.31524 0.242486 0.617271 0.068136 -0.007256 0.000703 -0.718204 0.695795
1776834246.48191 0.242288 0.617240 0.068301 -0.007257 0.000683 -0.718202 0.695797
1776834246.64858 0.242065 0.617261 0.068485 -0.007226 0.000695 -0.718208 0.695791
1776834246.81524 0.241775 0.617317 0.068623 -0.007266 0.000656 -0.718207 0.695791
1776834284.64857 0.241569 0.616350 0.068287 -0.007226 0.000782 -0.718209 0.695789
1776834284.81524 0.241548 0.616182 0.068314 -0.007221 0.000799 -0.718215 0.695784
1776834284.98191 0.241520 0.615968 0.068343 -0.007251 0.000764 -0.718216 0.695782
1776834285.14858 0.241513 0.615740 0.068393 -0.007272 0.000750 -0.718196 0.695802
1776834285.31524 0.241603 0.615527 0.068531 -0.007220 0.000760 -0.718207 0.695792
1776834285.48190 0.241696 0.615316 0.068650 -0.007245 0.000738 -0.718202 0.695796
1776834285.64857 0.241801 0.615104 0.068750 -0.007281 0.000704 -0.718202 0.695796
1776834285.81524 0.241898 0.614932 0.068970 -0.007206 0.000766 -0.718201 0.695798
1776834285.98191 0.242018 0.614787 0.069136 -0.007209 0.000764 -0.718199 0.695800
1776834829.98189 0.242496 0.614659 0.069683 -0.007258 0.000714 -0.718204 0.695794
1776834830.14857 0.242615 0.614723 0.069772 -0.007256 0.000705 -0.718202 0.695796
1776834830.31523 0.242714 0.614732 0.069912 -0.007228 0.000734 -0.718192 0.695807
1776834830.48189 0.242835 0.614744 0.069993 -0.007244 0.000737 -0.718195 0.695804
1776834830.64856 0.243000 0.614742 0.070080 -0.007226 0.000729 -0.718198 0.695800
1776834830.81523 0.243183 0.614718 0.070183 -0.007216 0.000747 -0.718198 0.695801
1776834830.98190 0.243340 0.614677 0.070311 -0.007216 0.000758 -0.718190 0.695809
1776834831.14857 0.243519 0.614622 0.070399 -0.007232 0.000753 -0.718184 0.695815
1776834831.31523 0.243709 0.614564 0.070419 -0.007244 0.000726 -0.718188 0.695811
1776834831.48188 0.243884 0.614518 0.070432 -0.007235 0.000743 -0.718180 0.695819
1776834831.64856 0.241588 0.603559 0.060548 -0.007274 0.000637 -0.718180 0.695819
1776835018.64860 0.241790 0.603233 0.060347 -0.007240 0.000731 -0.718194 0.695805
1776835018.81527 0.242672 0.607330 0.056334 -0.007208 0.000763 -0.718189 0.695810
1776835018.98194 0.243337 0.607939 0.056713 -0.007204 0.000737 -0.718192 0.695808
1776835019.14860 0.243442 0.607943 0.057046 -0.007159 0.000753 -0.718187 0.695813
1776835019.31526 0.243364 0.607899 0.057140 -0.007134 0.000732 -0.718184 0.695817
1776835019.48193 0.243305 0.607778 0.057198 -0.007154 0.000738 -0.718180 0.695820
1776835019.64860 0.243135 0.607485 0.057300 -0.007152 0.000771 -0.718176 0.695824
1776835019.81527 0.243091 0.607474 0.057229 -0.007175 0.000742 -0.718180 0.695820
1776835019.98193 0.243042 0.607483 0.057121 -0.007202 0.000745 -0.718170 0.695830
1776835020.14860 0.242901 0.607410 0.057025 -0.007195 0.000726 -0.718176 0.695824
1776835279.98195 0.242860 0.604774 0.065029 -0.007296 0.000690 -0.718162 0.695837
1776835280.14860 0.242896 0.604487 0.066193 -0.007313 0.000687 -0.718161 0.695838
1776835280.31526 0.242892 0.604190 0.067391 -0.007274 0.000703 -0.718155 0.695844
1776835280.48193 0.242912 0.603883 0.068552 -0.007259 0.000697 -0.718155 0.695845
1776835280.64860 0.242916 0.603567 0.069772 -0.007234 0.000698 -0.718162 0.695838
1776835280.81526 0.242887 0.603247 0.070978 -0.007230 0.000715 -0.718168 0.695832
1776835280.98194 0.242849 0.602878 0.072197 -0.007195 0.000730 -0.718176 0.695823
1776835281.14860 0.242784 0.602465 0.073472 -0.007151 0.000778 -0.718179 0.695821
1776835281.31526 0.247492 0.603427 0.053554 -0.007020 0.000810 -0.718171 0.695831
1776835281.48193 0.246626 0.603149 0.053430 -0.007046 0.000703 -0.718171 0.695831
1776836088.98194 0.249846 0.601708 0.050674 -0.007265 0.000680 -0.718116 0.695886
1776836089.14860 0.250331 0.601410 0.050231 -0.007314 0.000637 -0.718115 0.695886
1776836089.31526 0.250827 0.601123 0.049856 -0.007322 0.000627 -0.718121 0.695879
1776836089.48193 0.251315 0.600874 0.049461 -0.007338 0.000620 -0.718129 0.695871
1776836089.64859 0.251803 0.600717 0.049052 -0.007358 0.000592 -0.718129 0.695871
1776836089.81526 0.252286 0.600704 0.048680 -0.007349 0.000610 -0.718136 0.695864
1776836089.98194 0.252772 0.600771 0.048294 -0.007366 0.000601 -0.718127 0.695873
1776836090.14860 0.253270 0.600925 0.047909 -0.007389 0.000579 -0.718134 0.695866
1776836090.31527 0.253841 0.601143 0.047646 -0.007344 0.000625 -0.718138 0.695862
1776836090.48193 0.254424 0.601404 0.047323 -0.007385 0.000564 -0.718140 0.695859
1776836090.64860 0.255055 0.601761 0.047078 -0.007401 0.000548 -0.718150 0.695848
1776836090.81527 0.250603 0.601747 0.050020 -0.007426 0.000505 -0.718155 0.695843
1776836090.98193 0.250878 0.601877 0.050296 -0.007395 0.000571 -0.718167 0.695832
1776836091.14860 0.250931 0.601513 0.050119 -0.007395 0.000576 -0.718165 0.695833
1776836091.31526 0.250892 0.601211 0.050047 -0.007371 0.000591 -0.718166 0.695832
1776836091.48193 0.250987 0.600983 0.049849 -0.007362 0.000615 -0.718173 0.695826
1776836091.64860 0.250889 0.600516 0.049681 -0.007352 0.000613 -0.718178 0.695820
1776836091.81527 0.250229 0.599743 0.049609 -0.007276 0.000645 -0.718173 0.695827
1776836091.98193 0.249520 0.598868 0.048737 -0.007300 0.000622 -0.718174 0.695825
1776836092.14860 0.249526 0.598808 0.048624 -0.007334 0.000621 -0.718174 0.695825
1776836092.31528 0.252779 0.599650 0.049818 -0.007330 0.000652 -0.718036 0.695967
1776836092.48195 0.252712 0.599234 0.049672 -0.007293 0.000698 -0.717956 0.696050
1776836092.64862 0.252822 0.598838 0.049423 -0.007286 0.000666 -0.717899 0.696109
1776836092.81529 0.252833 0.598563 0.049160 -0.007238 0.000637 -0.717900 0.696109
1776836092.98196 0.252851 0.598386 0.049084 -0.007202 0.000655 -0.717903 0.696106
1776836093.14863 0.252758 0.598204 0.048810 -0.007194 0.000627 -0.717883 0.696126
1776836093.31530 0.252638 0.598138 0.048695 -0.007193 0.000608 -0.717870 0.696140
1776836093.48196 0.252596 0.598049 0.048628 -0.007183 0.000631 -0.717854 0.696156
1776836093.64864 0.252574 0.597939 0.048588 -0.007190 0.000651 -0.717851 0.696160
1776836093.81530 0.252527 0.597929 0.048488 -0.007194 0.000637 -0.717850 0.696160
1776836093.98196 0.252440 0.597910 0.048489 -0.007188 0.000654 -0.717836 0.696175
1776836094.14862 0.252393 0.597805 0.048491 -0.007132 0.000731 -0.717836 0.696175
1776836094.31528 0.252400 0.597762 0.048405 -0.007163 0.000728 -0.717825 0.696186
1776836094.48195 0.252422 0.597640 0.048298 -0.007160 0.000721 -0.717819 0.696193
1776836094.64862 0.252526 0.597503 0.048261 -0.007167 0.000755 -0.717831 0.696180
1776836094.81529 0.252483 0.597422 0.048177 -0.007147 0.000731 -0.717832 0.696180
1776836094.98196 0.252443 0.597397 0.048054 -0.007201 0.000686 -0.717826 0.696185
1776836095.14862 0.252480 0.597461 0.048003 -0.007208 0.000695 -0.717821 0.696190
1776836095.31529 0.252457 0.597386 0.047986 -0.007201 0.000716 -0.717816 0.696195
1776836095.48195 0.252472 0.597385 0.048029 -0.007168 0.000768 -0.717789 0.696224
1776836095.64863 0.252420 0.597415 0.048103 -0.007171 0.000748 -0.717792 0.696220
1776836095.81530 0.252277 0.597425 0.048024 -0.007192 0.000673 -0.717778 0.696234
1776836095.98196 0.252247 0.597464 0.047947 -0.007223 0.000674 -0.717786 0.696226
1776836096.14864 0.252240 0.597501 0.047857 -0.007232 0.000657 -0.717771 0.696241
1776836096.31530 0.252254 0.597484 0.047815 -0.007241 0.000657 -0.717785 0.696227
1776836096.48197 0.252258 0.597451 0.047857 -0.007218 0.000682 -0.717775 0.696238
1776836096.64863 0.252292 0.597409 0.047850 -0.007186 0.000691 -0.717780 0.696233
1776836096.81530 0.252267 0.597241 0.047803 -0.007191 0.000692 -0.717755 0.696258
1776836096.98196 0.252281 0.597264 0.047755 -0.007201 0.000658 -0.717750 0.696264
1776836097.14862 0.252273 0.597222 0.047628 -0.007212 0.000617 -0.717752 0.696261
1776836097.31529 0.252352 0.596981 0.047527 -0.007235 0.000640 -0.717751 0.696262
1776836097.48196 0.252385 0.596839 0.047488 -0.007203 0.000681 -0.717737 0.696276
1776836097.64863 0.252385 0.596859 0.047556 -0.007181 0.000689 -0.717741 0.696273
1776836097.81530 0.252370 0.596829 0.047541 -0.007201 0.000678 -0.717742 0.696272
1776836097.98197 0.252379 0.596867 0.047550 -0.007205 0.000684 -0.717735 0.696278
1776836098.14863 0.252370 0.596935 0.047604 -0.007176 0.000699 -0.717733 0.696281
1776836098.31530 0.252352 0.596975 0.047566 -0.007203 0.000676 -0.717745 0.696269
1776836098.48197 0.252350 0.596908 0.047523 -0.007208 0.000705 -0.717720 0.696294
1776836098.64864 0.252330 0.596773 0.047410 -0.007238 0.000714 -0.717719 0.696295
1776836098.81531 0.252282 0.596809 0.047386 -0.007256 0.000708 -0.717712 0.696302
1776836098.98198 0.252341 0.596809 0.047379 -0.007256 0.000717 -0.717715 0.696299
1776836099.14865 0.252325 0.596995 0.047412 -0.007258 0.000697 -0.717713 0.696301
1776836099.31531 0.252267 0.597077 0.047380 -0.007261 0.000637 -0.717700 0.696315
1776836099.48198 0.252203 0.597267 0.047586 -0.007199 0.000685 -0.717681 0.696334
1776836099.64864 0.252115 0.597460 0.047679 -0.007217 0.000678 -0.717671 0.696345
1776836099.81532 0.252086 0.597501 0.047710 -0.007205 0.000712 -0.717642 0.696374
1776836099.98199 0.252053 0.597466 0.047789 -0.007117 0.000754 -0.717639 0.696378
1776836100.14866 0.252040 0.597379 0.047771 -0.007166 0.000745 -0.717604 0.696414
1776836100.31533 0.252024 0.597423 0.047779 -0.007132 0.000764 -0.717609 0.696409
1776836100.48199 0.251964 0.597457 0.047825 -0.007121 0.000770 -0.717601 0.696418
1776836100.64866 0.251953 0.597382 0.047725 -0.007129 0.000737 -0.717602 0.696417
1776836100.81533 0.251886 0.597560 0.047768 -0.007123 0.000764 -0.717594 0.696425
1776836100.98200 0.251866 0.597545 0.047759 -0.007113 0.000728 -0.717600 0.696419
1776836101.14867 0.251895 0.597508 0.047694 -0.007136 0.000693 -0.717599 0.696419
1776836101.31533 0.251843 0.597603 0.047802 -0.007120 0.000729 -0.717582 0.696437
1776836101.48200 0.251810 0.597674 0.047705 -0.007151 0.000663 -0.717592 0.696426
1776836101.64866 0.251775 0.597693 0.047673 -0.007195 0.000630 -0.717578 0.696441
1776836101.81532 0.251727 0.597892 0.047726 -0.007194 0.000627 -0.717576 0.696443
1776836101.98200 0.251614 0.598145 0.047806 -0.007188 0.000617 -0.717568 0.696451
1776836102.14867 0.251558 0.598206 0.047831 -0.007163 0.000613 -0.717543 0.696477
1776836102.31533 0.251485 0.598193 0.047945 -0.007068 0.000687 -0.717531 0.696490
1776836102.48199 0.251483 0.598180 0.047856 -0.007116 0.000639 -0.717527 0.696494
1776836102.64866 0.251565 0.597996 0.047787 -0.007126 0.000673 -0.717520 0.696501
1776836102.81532 0.251644 0.597814 0.047679 -0.007131 0.000697 -0.717522 0.696499
1776836102.98198 0.251701 0.597761 0.047688 -0.007102 0.000748 -0.717527 0.696494
1776836103.14866 0.251723 0.597548 0.047441 -0.007142 0.000661 -0.717543 0.696477
1776836103.31530 0.251746 0.597519 0.047424 -0.007163 0.000712 -0.717538 0.696482
1776836103.48197 0.251804 0.597468 0.047361 -0.007187 0.000694 -0.717541 0.696479
1776836103.64864 0.251816 0.597492 0.047451 -0.007155 0.000711 -0.717535 0.696486
1776836103.81530 0.251803 0.597358 0.047456 -0.007129 0.000718 -0.717550 0.696470
1776836103.98196 0.251846 0.597376 0.047348 -0.007155 0.000700 -0.717533 0.696488
1776836104.14863 0.251843 0.597419 0.047427 -0.007141 0.000726 -0.717540 0.696480
1776836104.31530 0.251856 0.597377 0.047411 -0.007170 0.000731 -0.717541 0.696479
1776836104.48198 0.251850 0.597242 0.047360 -0.007158 0.000732 -0.717543 0.696477
1776836104.64863 0.251824 0.597401 0.047250 -0.007224 0.000646 -0.717553 0.696466
1776836104.81530 0.251800 0.597347 0.047300 -0.007163 0.000696 -0.717537 0.696483
1776836104.98197 0.251813 0.597215 0.047217 -0.007168 0.000647 -0.717540 0.696480
1776836105.14865 0.251749 0.597167 0.047191 -0.007144 0.000613 -0.717544 0.696477
1776836105.31531 0.251811 0.597125 0.047203 -0.007114 0.000684 -0.717564 0.696456
1776836105.48198 0.251810 0.596930 0.047017 -0.007160 0.000637 -0.717554 0.696466
1776836105.64865 0.251832 0.596731 0.046986 -0.007157 0.000658 -0.717560 0.696459
1776836105.81531 0.251824 0.596893 0.047012 -0.007187 0.000671 -0.717561 0.696458
1776836105.98198 0.251863 0.597007 0.047036 -0.007189 0.000670 -0.717557 0.696462
1776836106.14866 0.251897 0.596939 0.046968 -0.007230 0.000641 -0.717555 0.696464
1776836106.31531 0.251950 0.596952 0.046992 -0.007180 0.000706 -0.717560 0.696460
1776836106.48198 0.251977 0.596889 0.046965 -0.007195 0.000716 -0.717550 0.696469
1776836106.64865 0.251967 0.596886 0.046994 -0.007180 0.000727 -0.717558 0.696461
1776836106.81532 0.251956 0.596859 0.047006 -0.007193 0.000686 -0.717572 0.696447
1776836106.98199 0.251945 0.596838 0.047015 -0.007181 0.000718 -0.717556 0.696464
1776836107.14865 0.252048 0.596756 0.046948 -0.007208 0.000706 -0.717580 0.696438
1776836107.31532 0.252062 0.596871 0.046938 -0.007223 0.000674 -0.717582 0.696436
1776836107.48199 0.252075 0.596749 0.046955 -0.007160 0.000683 -0.717586 0.696433
1776836107.64865 0.252109 0.596687 0.046960 -0.007139 0.000695 -0.717588 0.696430
1776836107.81532 0.252049 0.596565 0.046921 -0.007149 0.000648 -0.717608 0.696410
1776836107.98197 0.252164 0.596342 0.046801 -0.007146 0.000671 -0.717606 0.696412
1776836108.14865 0.252192 0.596327 0.046767 -0.007128 0.000689 -0.717619 0.696399
1776836108.31532 0.252175 0.596220 0.046865 -0.007066 0.000764 -0.717602 0.696418
1776836108.48198 0.252180 0.596076 0.046807 -0.007069 0.000750 -0.717600 0.696419
1776836108.64865 0.252159 0.595798 0.046758 -0.007047 0.000765 -0.717592 0.696428
1776836108.81531 0.252239 0.595484 0.046566 -0.007107 0.000744 -0.717593 0.696426
1776836108.98198 0.252205 0.595536 0.046545 -0.007077 0.000760 -0.717609 0.696410
1776836109.14866 0.252317 0.595465 0.046456 -0.007119 0.000766 -0.717621 0.696397
1776836109.31533 0.252364 0.595416 0.046396 -0.007168 0.000720 -0.717639 0.696378
1776836109.48200 0.252389 0.595364 0.046328 -0.007180 0.000717 -0.717624 0.696393
1776836109.64867 0.252300 0.595419 0.046283 -0.007176 0.000671 -0.717613 0.696405
1776836109.81533 0.252262 0.595430 0.046284 -0.007162 0.000677 -0.717617 0.696400
1776836109.98200 0.252283 0.595387 0.046283 -0.007140 0.000727 -0.717615 0.696403
1776836110.14868 0.252220 0.595477 0.046359 -0.007117 0.000762 -0.717607 0.696412
1776836110.31534 0.252124 0.595533 0.046349 -0.007156 0.000708 -0.717599 0.696420
1776836110.48201 0.252101 0.595573 0.046424 -0.007145 0.000713 -0.717601 0.696418
1776836110.64867 0.252076 0.595641 0.046478 -0.007155 0.000701 -0.717598 0.696420
1776836110.81535 0.252082 0.595631 0.046390 -0.007167 0.000666 -0.717610 0.696407
1776836110.98202 0.252025 0.595645 0.046425 -0.007136 0.000708 -0.717613 0.696405
1776836111.14869 0.252098 0.595607 0.046490 -0.007122 0.000745 -0.717624 0.696394
1776836111.31535 0.252173 0.595587 0.046479 -0.007100 0.000753 -0.717633 0.696385
1776836111.48202 0.252172 0.595498 0.046490 -0.007092 0.000747 -0.717628 0.696390
1776836111.64869 0.252121 0.595461 0.046415 -0.007118 0.000707 -0.717628 0.696390
1776836111.81538 0.252146 0.595381 0.046367 -0.007146 0.000740 -0.717627 0.696390
1776836111.98203 0.252176 0.595318 0.046434 -0.007121 0.000769 -0.717622 0.696396
1776836112.14870 0.252173 0.595190 0.046304 -0.007131 0.000738 -0.717613 0.696405
1776836112.31536 0.252174 0.595179 0.046229 -0.007136 0.000736 -0.717592 0.696427
1776836112.48202 0.252074 0.595266 0.046243 -0.007169 0.000727 -0.717571 0.696448
1776836112.64869 0.252089 0.595144 0.046133 -0.007188 0.000688 -0.717577 0.696441
1776836112.81536 0.252024 0.595275 0.046206 -0.007127 0.000677 -0.717592 0.696427
1776836112.98202 0.251997 0.595337 0.046287 -0.007108 0.000705 -0.717590 0.696429
1776836113.14869 0.251991 0.595205 0.046340 -0.007117 0.000717 -0.717609 0.696409
1776836113.31535 0.251930 0.595262 0.046448 -0.007082 0.000744 -0.717608 0.696411
1776836113.48202 0.251852 0.595207 0.046450 -0.007079 0.000743 -0.717592 0.696428
1776836113.64869 0.251834 0.595374 0.046449 -0.007088 0.000737 -0.717591 0.696428
1776836113.81538 0.251775 0.595532 0.046382 -0.007113 0.000690 -0.717571 0.696448
1776836113.98206 0.251655 0.595793 0.046472 -0.007137 0.000658 -0.717558 0.696462
1776836114.14872 0.251620 0.595903 0.046471 -0.007133 0.000670 -0.717548 0.696472
1776836114.31538 0.251568 0.595752 0.046434 -0.007125 0.000650 -0.717533 0.696487
1776836114.48204 0.251637 0.595721 0.046485 -0.007118 0.000675 -0.717546 0.696475
1776836114.64871 0.251732 0.595597 0.046380 -0.007097 0.000672 -0.717549 0.696472
1776836114.81539 0.251714 0.595614 0.046403 -0.007055 0.000707 -0.717573 0.696448
1776836114.98207 0.251686 0.595651 0.046518 -0.007028 0.000758 -0.717537 0.696485
1776836115.14873 0.251589 0.595731 0.046641 -0.007021 0.000742 -0.717535 0.696487
1776836115.31540 0.251498 0.595707 0.046577 -0.007041 0.000699 -0.717515 0.696507
1776836115.48206 0.251461 0.595909 0.046629 -0.007071 0.000729 -0.717509 0.696513
1776836115.64877 0.251363 0.596186 0.046768 -0.007083 0.000741 -0.717499 0.696524
1776836115.81540 0.251373 0.596103 0.046758 -0.007065 0.000743 -0.717486 0.696537
1776836115.98208 0.251316 0.596092 0.046790 -0.007046 0.000767 -0.717473 0.696550
1776836116.14875 0.251327 0.596011 0.046715 -0.007037 0.000724 -0.717473 0.696550
1776836116.31538 0.251330 0.596177 0.046662 -0.007055 0.000706 -0.717476 0.696547
1776836116.48205 0.251336 0.596185 0.046619 -0.007054 0.000722 -0.717473 0.696550
1776836116.64872 0.251298 0.596237 0.046562 -0.007057 0.000709 -0.717481 0.696542
1776836116.81539 0.251408 0.595971 0.046478 -0.007073 0.000710 -0.717489 0.696534
1776836116.98206 0.251414 0.596036 0.046564 -0.007077 0.000727 -0.717485 0.696537
1776836117.14873 0.251420 0.596114 0.046549 -0.007085 0.000686 -0.717494 0.696529
1776836117.31541 0.251356 0.596127 0.046525 -0.007080 0.000646 -0.717481 0.696541
1776836117.48207 0.251211 0.596097 0.046539 -0.007034 0.000666 -0.717468 0.696555
1776836117.64875 0.251126 0.596052 0.046467 -0.007063 0.000665 -0.717456 0.696568
1776836117.81541 0.251052 0.596128 0.046463 -0.007066 0.000674 -0.717450 0.696574
1776836117.98208 0.251006 0.596072 0.046381 -0.007092 0.000644 -0.717433 0.696591
1776836118.14876 0.251061 0.595858 0.046342 -0.007069 0.000678 -0.717421 0.696603
1776836118.31543 0.251080 0.595847 0.046225 -0.007062 0.000665 -0.717440 0.696584
1776836118.48210 0.251025 0.595739 0.046309 -0.006985 0.000728 -0.717417 0.696609
1776836118.64878 0.250932 0.595969 0.046525 -0.006932 0.000785 -0.717403 0.696624
1776836118.81545 0.250900 0.596049 0.046497 -0.006938 0.000763 -0.717405 0.696622
1776836118.98212 0.250845 0.596075 0.046534 -0.006935 0.000758 -0.717386 0.696641
1776836119.14878 0.250731 0.596083 0.046571 -0.006928 0.000771 -0.717394 0.696633
1776836119.31542 0.250723 0.596035 0.046488 -0.006975 0.000764 -0.717371 0.696656
1776836119.48211 0.250735 0.595954 0.046459 -0.006975 0.000803 -0.717358 0.696669
1776836119.64877 0.250701 0.595942 0.046436 -0.007026 0.000791 -0.717374 0.696652
1776836119.81545 0.250787 0.595831 0.046338 -0.007024 0.000808 -0.717376 0.696651
1776836119.98211 0.250822 0.595714 0.046300 -0.006996 0.000818 -0.717396 0.696630
1776836120.14878 0.250837 0.595631 0.046305 -0.006965 0.000840 -0.717389 0.696637
1776836120.31542 0.250864 0.595526 0.046205 -0.006944 0.000837 -0.717395 0.696631
1776836120.48209 0.250764 0.595447 0.046183 -0.006933 0.000817 -0.717387 0.696640
1776836120.64877 0.250833 0.595368 0.045984 -0.006963 0.000805 -0.717406 0.696620
1776836120.81544 0.250775 0.595495 0.045959 -0.006986 0.000763 -0.717391 0.696635
1776836120.98212 0.250731 0.595672 0.046066 -0.006989 0.000767 -0.717409 0.696617
1776836121.14879 0.250677 0.595811 0.046188 -0.006964 0.000765 -0.717398 0.696628
1776836121.31545 0.250493 0.595992 0.046275 -0.006961 0.000708 -0.717387 0.696639
1776836121.48211 0.250513 0.595926 0.046211 -0.006939 0.000716 -0.717395 0.696632
1776836121.64878 0.250449 0.596096 0.046202 -0.006983 0.000695 -0.717385 0.696642
1776836121.81545 0.250376 0.596214 0.046185 -0.006950 0.000666 -0.717390 0.696637
1776836121.98211 0.250321 0.596143 0.046171 -0.006956 0.000671 -0.717380 0.696647
1776836122.14877 0.250299 0.595983 0.046150 -0.006908 0.000707 -0.717391 0.696636
1776836122.31542 0.250422 0.595747 0.046075 -0.006899 0.000748 -0.717404 0.696623
1776836122.48209 0.250369 0.595770 0.046084 -0.006925 0.000722 -0.717401 0.696626
1776836122.64876 0.250351 0.595659 0.046048 -0.006908 0.000758 -0.717388 0.696639
1776836122.81543 0.250289 0.595541 0.046044 -0.006854 0.000774 -0.717382 0.696646
1776836122.98208 0.250253 0.595528 0.045983 -0.006865 0.000778 -0.717373 0.696655
1776836123.14877 0.250193 0.595621 0.046004 -0.006844 0.000793 -0.717372 0.696656
1776836123.31544 0.250188 0.595492 0.046015 -0.006844 0.000794 -0.717368 0.696660
1776836123.48209 0.250111 0.595370 0.045932 -0.006835 0.000770 -0.717353 0.696676
1776836123.64875 0.250155 0.595227 0.045765 -0.006874 0.000764 -0.717340 0.696689
1776836123.81543 0.250113 0.595130 0.045660 -0.006867 0.000723 -0.717337 0.696693
1776836123.98209 0.250070 0.595295 0.045704 -0.006870 0.000742 -0.717338 0.696691
1776836124.14877 0.250090 0.595175 0.045731 -0.006819 0.000812 -0.717323 0.696706
1776836124.31541 0.250062 0.595070 0.045702 -0.006815 0.000817 -0.717325 0.696705
1776836124.48208 0.250095 0.594923 0.045606 -0.006820 0.000819 -0.717335 0.696694
1776836124.64876 0.250075 0.594939 0.045589 -0.006845 0.000809 -0.717343 0.696687
1776836124.81545 0.249985 0.595003 0.045557 -0.006874 0.000760 -0.717322 0.696707
1776836124.98211 0.249943 0.595165 0.045557 -0.006900 0.000719 -0.717342 0.696687
1776836125.14880 0.249892 0.595074 0.045502 -0.006846 0.000709 -0.717320 0.696710
1776836125.31544 0.249835 0.595182 0.045613 -0.006829 0.000750 -0.717303 0.696728
1776836125.48213 0.249774 0.595290 0.045637 -0.006835 0.000715 -0.717296 0.696735
1776836125.64881 0.249722 0.595321 0.045667 -0.006813 0.000731 -0.717288 0.696743
1776836125.81546 0.249673 0.595311 0.045613 -0.006806 0.000722 -0.717272 0.696759
1776836125.98213 0.249689 0.595027 0.045449 -0.006795 0.000723 -0.717281 0.696750
1776836126.14880 0.249668 0.595164 0.045321 -0.006830 0.000709 -0.717274 0.696757
1776836126.31546 0.249571 0.595119 0.045374 -0.006817 0.000705 -0.717248 0.696785
1776836126.48211 0.249478 0.595155 0.045352 -0.006819 0.000656 -0.717249 0.696783
1776836126.64879 0.249448 0.594913 0.045299 -0.006815 0.000682 -0.717256 0.696776
1776836126.81546 0.249422 0.594855 0.045296 -0.006804 0.000712 -0.717251 0.696781
1776836126.98216 0.249436 0.594830 0.045299 -0.006822 0.000741 -0.717245 0.696788
1776836127.14882 0.249457 0.594775 0.045238 -0.006819 0.000749 -0.717248 0.696785
1776836127.31547 0.249371 0.594856 0.045219 -0.006830 0.000708 -0.717245 0.696787
1776836127.48213 0.249267 0.594903 0.045158 -0.006842 0.000686 -0.717234 0.696798
1776836127.64882 0.249226 0.594886 0.045206 -0.006822 0.000729 -0.717225 0.696808
1776836127.81548 0.249168 0.594726 0.045153 -0.006799 0.000750 -0.717213 0.696820
1776836127.98214 0.249150 0.594898 0.045210 -0.006812 0.000760 -0.717215 0.696819
1776836128.14884 0.249120 0.594991 0.045226 -0.006828 0.000740 -0.717210 0.696824
1776836128.31552 0.249111 0.594999 0.045257 -0.006806 0.000748 -0.717218 0.696815
1776836128.48215 0.249086 0.595023 0.045248 -0.006791 0.000754 -0.717226 0.696807
1776836128.64881 0.249020 0.594981 0.045291 -0.006744 0.000814 -0.717212 0.696822
1776836128.81546 0.248934 0.595010 0.045305 -0.006729 0.000794 -0.717197 0.696838
1776836128.98214 0.248890 0.594984 0.045302 -0.006728 0.000817 -0.717209 0.696825
1776836129.14881 0.248908 0.594864 0.045198 -0.006776 0.000805 -0.717191 0.696843
1776836129.31547 0.248919 0.594823 0.045111 -0.006746 0.000796 -0.717187 0.696847
1776836129.48212 0.248947 0.594784 0.045033 -0.006715 0.000772 -0.717186 0.696849
1776836129.64876 0.248830 0.594883 0.045096 -0.006715 0.000751 -0.717175 0.696860
1776836129.81540 0.248808 0.594830 0.045039 -0.006740 0.000732 -0.717190 0.696845
1776836129.98207 0.248888 0.594493 0.044901 -0.006728 0.000782 -0.717206 0.696828
1776836130.14874 0.248893 0.594470 0.044810 -0.006757 0.000784 -0.717203 0.696831
1776836130.31542 0.248947 0.594280 0.044614 -0.006797 0.000747 -0.717198 0.696835
1776836130.48211 0.249016 0.594133 0.044581 -0.006781 0.000780 -0.717218 0.696816
1776836130.64876 0.249074 0.593881 0.044320 -0.006749 0.000732 -0.717243 0.696791
1776836130.81540 0.248997 0.593821 0.044411 -0.006682 0.000759 -0.717239 0.696794
1776836130.98208 0.249019 0.593683 0.044351 -0.006693 0.000761 -0.717259 0.696774
1776836131.14876 0.249027 0.593523 0.044291 -0.006663 0.000743 -0.717279 0.696754
1776836131.31543 0.249040 0.593576 0.044157 -0.006713 0.000703 -0.717302 0.696730
1776836131.48211 0.249000 0.593694 0.044152 -0.006717 0.000728 -0.717308 0.696724
1776836131.64879 0.248983 0.593599 0.044162 -0.006718 0.000747 -0.717316 0.696715
1776836131.81546 0.249011 0.593532 0.044280 -0.006685 0.000861 -0.717306 0.696725
1776836131.98213 0.249000 0.593629 0.044370 -0.006671 0.000872 -0.717300 0.696732
1776836132.14880 0.249004 0.593516 0.044331 -0.006666 0.000847 -0.717289 0.696744
1776836132.31545 0.249058 0.593503 0.044305 -0.006694 0.000848 -0.717286 0.696746
1776836132.48214 0.248975 0.593597 0.044275 -0.006691 0.000796 -0.717297 0.696735
1776836132.64878 0.248964 0.593578 0.044074 -0.006717 0.000753 -0.717284 0.696748
1776836132.81535 0.248983 0.592690 0.043948 -0.006795 0.000864 -0.717352 0.696677
1776836132.98201 0.248997 0.592439 0.043839 -0.006778 0.000844 -0.717365 0.696664
1776836133.14866 0.248931 0.592588 0.043890 -0.006794 0.000799 -0.717378 0.696651
1776836133.31532 0.248880 0.592710 0.044013 -0.006758 0.000832 -0.717392 0.696637
1776836133.48198 0.248792 0.592735 0.044044 -0.006721 0.000823 -0.717404 0.696625
1776836133.64867 0.248800 0.592822 0.044104 -0.006714 0.000801 -0.717413 0.696615
1776836133.81534 0.248694 0.592876 0.044122 -0.006689 0.000799 -0.717412 0.696617
1776836133.98200 0.248652 0.592873 0.044069 -0.006717 0.000772 -0.717407 0.696622
1776836134.14867 0.248639 0.592755 0.043999 -0.006697 0.000759 -0.717395 0.696634
1776836134.31533 0.248595 0.592737 0.043971 -0.006681 0.000760 -0.717373 0.696656
1776836134.48200 0.248585 0.592844 0.044040 -0.006704 0.000749 -0.717358 0.696672
1776836134.64867 0.248506 0.592900 0.044064 -0.006692 0.000726 -0.717354 0.696676
1776836134.81532 0.248399 0.593061 0.044132 -0.006667 0.000720 -0.717340 0.696691
1776836134.98199 0.248307 0.593049 0.044136 -0.006655 0.000714 -0.717330 0.696702
1776836135.14866 0.248205 0.593023 0.044160 -0.006621 0.000750 -0.717297 0.696736
1776836135.31531 0.248203 0.592878 0.044072 -0.006652 0.000711 -0.717294 0.696738
1776836135.48199 0.248073 0.593078 0.044115 -0.006663 0.000645 -0.717297 0.696736
1776836135.64866 0.248014 0.592864 0.044089 -0.006599 0.000659 -0.717285 0.696748
1776836135.81529 0.247952 0.592808 0.044141 -0.006558 0.000696 -0.717282 0.696752
1776836135.98196 0.247846 0.592817 0.044090 -0.006556 0.000672 -0.717249 0.696786
1776836136.14867 0.247826 0.592855 0.044115 -0.006566 0.000654 -0.717251 0.696784
1776836136.31534 0.247804 0.592709 0.044017 -0.006542 0.000635 -0.717239 0.696796
1776836136.48202 0.247748 0.592711 0.043923 -0.006563 0.000595 -0.717236 0.696799
1776836136.64870 0.247590 0.592847 0.043895 -0.006558 0.000592 -0.717215 0.696821
1776836136.81536 0.247550 0.592760 0.043953 -0.006552 0.000655 -0.717222 0.696814
1776836136.98204 0.247522 0.592611 0.043927 -0.006544 0.000681 -0.717217 0.696819
1776836137.14873 0.247496 0.592691 0.044060 -0.006528 0.000710 -0.717200 0.696836
1776836137.31541 0.247489 0.592620 0.043977 -0.006547 0.000633 -0.717201 0.696835
1776836137.48208 0.247434 0.592591 0.043891 -0.006529 0.000620 -0.717196 0.696840
1776836137.64874 0.247421 0.592416 0.043803 -0.006532 0.000623 -0.717192 0.696845
1776836137.81540 0.247403 0.592403 0.043695 -0.006522 0.000626 -0.717197 0.696839
1776836137.98207 0.247324 0.592594 0.043791 -0.006535 0.000666 -0.717194 0.696843
1776836138.14875 0.247282 0.592537 0.043785 -0.006513 0.000646 -0.717202 0.696835
1776836138.31538 0.247195 0.592603 0.043901 -0.006508 0.000645 -0.717198 0.696838
1776836138.48206 0.247147 0.592817 0.044109 -0.006499 0.000682 -0.717204 0.696833
1776836138.64875 0.247101 0.592821 0.044218 -0.006423 0.000736 -0.717186 0.696852
1776836138.81543 0.247029 0.592667 0.044185 -0.006401 0.000747 -0.717179 0.696860
1776836138.98213 0.246983 0.592667 0.044198 -0.006417 0.000755 -0.717166 0.696873
1776836139.14881 0.247047 0.592495 0.044140 -0.006387 0.000816 -0.717183 0.696855
1776836139.31547 0.247034 0.592458 0.043992 -0.006412 0.000774 -0.717162 0.696877
1776836139.48216 0.246889 0.592730 0.044107 -0.006402 0.000767 -0.717158 0.696881
1776836139.64884 0.246772 0.592742 0.044085 -0.006384 0.000756 -0.717164 0.696875
1776836139.81548 0.246728 0.592645 0.044053 -0.006393 0.000735 -0.717173 0.696866
1776836139.98214 0.246715 0.592457 0.043929 -0.006402 0.000757 -0.717148 0.696891
1776836140.14881 0.246739 0.592324 0.043895 -0.006386 0.000752 -0.717147 0.696892
1776836140.31551 0.246690 0.592273 0.043896 -0.006336 0.000767 -0.717161 0.696878
1776836140.48217 0.246731 0.592252 0.043855 -0.006333 0.000802 -0.717145 0.696894
1776836140.64886 0.246710 0.592227 0.043804 -0.006363 0.000768 -0.717153 0.696886
1776836140.81552 0.246627 0.592276 0.043656 -0.006406 0.000674 -0.717155 0.696884
1776836140.98219 0.246599 0.592080 0.043617 -0.006391 0.000675 -0.717175 0.696864
1776836141.14884 0.246591 0.592068 0.043515 -0.006430 0.000664 -0.717177 0.696861
1776836141.31555 0.246651 0.592039 0.043652 -0.006408 0.000751 -0.717207 0.696830
1776836141.48221 0.246704 0.591979 0.043560 -0.006429 0.000750 -0.717196 0.696842
1776836141.64887 0.246678 0.591743 0.043508 -0.006398 0.000786 -0.717189 0.696849
1776836141.81553 0.246657 0.591773 0.043497 -0.006390 0.000823 -0.717208 0.696829
1776836141.98219 0.246762 0.591395 0.043423 -0.006371 0.000892 -0.717204 0.696834
1776836142.14886 0.246699 0.591286 0.043347 -0.006394 0.000897 -0.717184 0.696853
1776836142.31551 0.246724 0.591282 0.043191 -0.006447 0.000827 -0.717192 0.696845
1776836142.48222 0.246735 0.591171 0.042989 -0.006486 0.000782 -0.717203 0.696833
1776836142.64887 0.246701 0.591013 0.042890 -0.006440 0.000762 -0.717190 0.696847
1776836142.81555 0.246619 0.591070 0.042938 -0.006459 0.000737 -0.717180 0.696858
1776836142.98223 0.246566 0.591149 0.043020 -0.006469 0.000743 -0.717176 0.696861
1776836143.14891 0.246531 0.591230 0.043067 -0.006454 0.000783 -0.717180 0.696857
1776836143.31559 0.246434 0.591315 0.043144 -0.006423 0.000825 -0.717164 0.696874
1776836143.48228 0.246411 0.591374 0.043109 -0.006391 0.000783 -0.717170 0.696868
1776836143.64896 0.246380 0.591357 0.043077 -0.006402 0.000757 -0.717169 0.696870
1776836143.81561 0.246333 0.591353 0.042985 -0.006393 0.000731 -0.717162 0.696877
1776836143.98233 0.246247 0.591239 0.043012 -0.006331 0.000750 -0.717158 0.696882
1776836144.14898 0.246203 0.591203 0.042991 -0.006327 0.000760 -0.717169 0.696870
1776836144.31565 0.246217 0.590922 0.042959 -0.006285 0.000834 -0.717160 0.696879
1776836144.48231 0.246152 0.590748 0.042824 -0.006323 0.000816 -0.717147 0.696892
1776836144.64900 0.246169 0.590750 0.042830 -0.006376 0.000807 -0.717148 0.696892
1776836144.81570 0.246115 0.590708 0.042762 -0.006346 0.000822 -0.717136 0.696903
1776836144.98233 0.246056 0.590829 0.042834 -0.006334 0.000793 -0.717130 0.696910
1776836145.14907 0.246017 0.590849 0.042872 -0.006321 0.000807 -0.717143 0.696897
1776836145.31570 0.245979 0.590974 0.042992 -0.006286 0.000859 -0.717147 0.696893
1776836145.48236 0.245908 0.590917 0.042973 -0.006294 0.000774 -0.717128 0.696912
1776836145.64904 0.245892 0.590938 0.042937 -0.006295 0.000785 -0.717125 0.696916
1776836145.81568 0.245891 0.590896 0.042996 -0.006241 0.000834 -0.717113 0.696929
1776836145.98236 0.245849 0.590728 0.042931 -0.006241 0.000864 -0.717121 0.696921
1776836146.14900 0.245846 0.590810 0.042898 -0.006298 0.000813 -0.717127 0.696913
1776836146.31568 0.245870 0.590654 0.042862 -0.006263 0.000842 -0.717138 0.696902
1776836146.48234 0.245732 0.590951 0.042870 -0.006358 0.000812 -0.717132 0.696908
1776836146.64910 0.245776 0.590775 0.042850 -0.006268 0.000879 -0.717111 0.696930
1776836146.81579 0.245710 0.591009 0.042935 -0.006387 0.000827 -0.717106 0.696935
1776836146.98249 0.245695 0.590923 0.042930 -0.006346 0.000849 -0.717113 0.696928
1776836147.14915 0.245768 0.590848 0.042806 -0.006364 0.000803 -0.717121 0.696919
1776836147.31582 0.245789 0.590634 0.042697 -0.006328 0.000791 -0.717111 0.696930
1776836147.48248 0.245710 0.590573 0.042625 -0.006287 0.000783 -0.717100 0.696941
1776836147.64915 0.245609 0.590852 0.042804 -0.006385 0.000779 -0.717104 0.696937
1776836147.81587 0.245555 0.590771 0.042821 -0.006318 0.000766 -0.717081 0.696960
1776836147.98255 0.245478 0.590732 0.042745 -0.006304 0.000751 -0.717071 0.696972
1776836148.14922 0.245475 0.590675 0.042535 -0.006449 0.000703 -0.717086 0.696955
1776836148.31590 0.245495 0.590668 0.042407 -0.006615 0.000661 -0.717108 0.696930
1776836148.48259 0.245470 0.590810 0.042530 -0.006618 0.000726 -0.717115 0.696923
1776836148.64929 0.245534 0.590759 0.042381 -0.006714 0.000728 -0.717113 0.696924
1776836148.81598 0.245538 0.590964 0.042496 -0.006712 0.000745 -0.717132 0.696905
1776836148.98262 0.245555 0.590797 0.042425 -0.006699 0.000770 -0.717132 0.696905
1776836149.14930 0.245521 0.590637 0.042351 -0.006740 0.000704 -0.717140 0.696896
1776836149.31595 0.245542 0.590505 0.042307 -0.006762 0.000689 -0.717146 0.696890
1776836149.48261 0.245570 0.590595 0.042248 -0.006798 0.000688 -0.717158 0.696877
1776836204.81528 0.241770 0.594183 0.047167 -0.007224 0.000767 -0.717168 0.696862
1776836204.98195 0.241158 0.594653 0.048126 -0.007206 0.000771 -0.717164 0.696867
1776836205.14862 0.240532 0.595111 0.049133 -0.007197 0.000763 -0.717167 0.696864
1776836205.31527 0.239866 0.595573 0.050173 -0.007213 0.000762 -0.717162 0.696869
1776836205.48194 0.239200 0.595997 0.051309 -0.007153 0.000816 -0.717158 0.696874
1776836205.64861 0.238526 0.596329 0.052415 -0.007163 0.000806 -0.717161 0.696870
1776836205.81528 0.237867 0.596594 0.053551 -0.007188 0.000786 -0.717160 0.696871
1776836205.98195 0.237219 0.596834 0.054783 -0.007184 0.000785 -0.717167 0.696864
1776836206.14862 0.236547 0.597020 0.056076 -0.007186 0.000801 -0.717159 0.696872
1776836206.31528 0.235871 0.597157 0.057396 -0.007200 0.000764 -0.717165 0.696866
1776836206.48194 0.247250 0.600234 0.048973 -0.007262 0.000742 -0.717129 0.696902
1776836249.81528 0.247945 0.601457 0.049718 -0.007223 0.000737 -0.717113 0.696919
1776836249.98195 0.248069 0.601640 0.049970 -0.007206 0.000761 -0.717111 0.696922
1776836250.14862 0.248197 0.601793 0.050234 -0.007202 0.000764 -0.717112 0.696920
1776836250.31527 0.248319 0.601885 0.050496 -0.007209 0.000785 -0.717101 0.696932
1776836250.48195 0.248477 0.601944 0.050835 -0.007197 0.000808 -0.717096 0.696936
1776836250.64861 0.248623 0.601988 0.051231 -0.007164 0.000839 -0.717092 0.696942
1776836250.81528 0.248772 0.601958 0.051576 -0.007172 0.000800 -0.717084 0.696949
1776836250.98194 0.248911 0.601895 0.051917 -0.007204 0.000761 -0.717083 0.696950
1776836251.14861 0.249033 0.601840 0.052238 -0.007248 0.000726 -0.717083 0.696950
1776836310.14861 0.248662 0.601736 0.052963 -0.007211 0.000750 -0.717106 0.696926
1776836310.31527 0.248614 0.601753 0.053122 -0.007203 0.000758 -0.717106 0.696926
1776836310.48194 0.248528 0.601779 0.053334 -0.007169 0.000775 -0.717107 0.696926
1776836310.64862 0.248452 0.601757 0.053474 -0.007186 0.000778 -0.717107 0.696925
1776836310.81528 0.248391 0.601663 0.053634 -0.007150 0.000806 -0.717118 0.696914
1776836310.98194 0.248306 0.601486 0.053794 -0.007106 0.000839 -0.717126 0.696906
1776836311.14862 0.248219 0.601166 0.053994 -0.007054 0.000925 -0.717126 0.696907
1776836311.31528 0.248175 0.600710 0.054192 -0.007042 0.000942 -0.717127 0.696906
1776836311.48195 0.248119 0.600117 0.054386 -0.007023 0.000939 -0.717117 0.696917
1776836311.64862 0.248064 0.599377 0.054583 -0.006973 0.000974 -0.717123 0.696911
1776836440.31526 0.248547 0.597371 0.053280 -0.007209 0.000727 -0.717120 0.696912
1776836440.48193 0.248634 0.596921 0.053229 -0.007167 0.000741 -0.717114 0.696918
1776836440.64860 0.248747 0.596378 0.053111 -0.007190 0.000702 -0.717109 0.696923
1776836440.81526 0.248835 0.595788 0.053028 -0.007165 0.000713 -0.717116 0.696917
1776836440.98193 0.248873 0.595172 0.052845 -0.007154 0.000706 -0.717114 0.696918
1776836441.14860 0.248859 0.594531 0.052603 -0.007188 0.000676 -0.717116 0.696916
1776836441.31526 0.248855 0.593866 0.052342 -0.007204 0.000694 -0.717125 0.696907
1776836441.48193 0.248822 0.593194 0.052049 -0.007194 0.000680 -0.717125 0.696907
1776836441.64860 0.247921 0.599586 0.053390 -0.007240 0.000659 -0.717127 0.696904
1776836441.81526 0.247926 0.599567 0.053315 -0.007280 0.000625 -0.717127 0.696904
1776836831.81522 0.248069 0.598037 0.053653 -0.007281 0.000642 -0.717156 0.696874
1776836831.98189 0.248030 0.597708 0.053666 -0.007267 0.000608 -0.717145 0.696886
1776836832.14855 0.247988 0.597457 0.053702 -0.007251 0.000631 -0.717138 0.696894
1776836832.31522 0.247914 0.597230 0.053688 -0.007282 0.000581 -0.717143 0.696887
1776836832.48189 0.247756 0.597069 0.053667 -0.007317 0.000547 -0.717130 0.696901
1776836832.64855 0.247572 0.596970 0.053674 -0.007276 0.000563 -0.717134 0.696897
1776836832.81522 0.247356 0.596881 0.053679 -0.007252 0.000576 -0.717136 0.696895
1776836832.98188 0.247094 0.596843 0.053677 -0.007270 0.000582 -0.717129 0.696903
1776836833.14856 0.246801 0.596821 0.053737 -0.007229 0.000603 -0.717131 0.696900
1776836833.31522 0.246474 0.596814 0.053771 -0.007252 0.000608 -0.717132 0.696900
1776837138.81527 0.245168 0.596844 0.054930 -0.007254 0.000645 -0.717125 0.696907
1776837138.98194 0.244956 0.596817 0.055125 -0.007298 0.000619 -0.717121 0.696910
1776837139.14861 0.244730 0.596803 0.055328 -0.007286 0.000612 -0.717112 0.696919
1776837139.31526 0.244490 0.596818 0.055467 -0.007311 0.000602 -0.717115 0.696916
1776837139.48193 0.244208 0.596879 0.055569 -0.007297 0.000635 -0.717117 0.696915
1776837139.64860 0.243911 0.597009 0.055583 -0.007336 0.000597 -0.717126 0.696905
1776837139.81526 0.243638 0.597203 0.055544 -0.007363 0.000597 -0.717129 0.696901
1776837139.98193 0.243400 0.597467 0.055445 -0.007340 0.000592 -0.717133 0.696897
1776837140.14860 0.243149 0.597835 0.055301 -0.007335 0.000614 -0.717138 0.696892
1776837626.31531 0.243045 0.598237 0.055684 -0.007223 0.000755 -0.717136 0.696896
1776837626.48196 0.243046 0.598351 0.055808 -0.007213 0.000731 -0.717132 0.696900
1776837626.64863 0.243042 0.598447 0.055821 -0.007285 0.000655 -0.717140 0.696890
1776837626.81530 0.242998 0.598579 0.055840 -0.007303 0.000652 -0.717145 0.696886
1776837626.98197 0.242935 0.598815 0.055793 -0.007327 0.000596 -0.717153 0.696877
1776837627.14863 0.242800 0.599167 0.055752 -0.007365 0.000586 -0.717150 0.696880
1776837627.31530 0.242645 0.599632 0.055714 -0.007364 0.000559 -0.717152 0.696877
1776837627.48196 0.242432 0.600216 0.055630 -0.007379 0.000544 -0.717145 0.696885
1776837627.64863 0.242165 0.600970 0.055582 -0.007381 0.000553 -0.717145 0.696885
1776837627.81530 0.241860 0.601825 0.055519 -0.007382 0.000522 -0.717147 0.696882
1776837921.14863 0.242284 0.600509 0.055620 -0.007192 0.000827 -0.717153 0.696878
1776837921.31529 0.242336 0.600357 0.055663 -0.007219 0.000815 -0.717145 0.696886
1776837921.48195 0.242439 0.600237 0.055752 -0.007199 0.000814 -0.717141 0.696891
1776837921.64862 0.242519 0.600123 0.055832 -0.007183 0.000800 -0.717146 0.696885
1776837921.81529 0.242544 0.600061 0.055920 -0.007163 0.000818 -0.717141 0.696891
1776837921.98197 0.242586 0.599993 0.055929 -0.007195 0.000798 -0.717139 0.696893
1776837922.14863 0.242613 0.599957 0.055987 -0.007196 0.000793 -0.717142 0.696890
1776837922.31529 0.242600 0.599920 0.056045 -0.007236 0.000742 -0.717136 0.696896
1776837922.48196 0.242544 0.599914 0.056173 -0.007237 0.000720 -0.717136 0.696895
1776838160.31527 0.241602 0.602148 0.056494 -0.007177 0.000829 -0.717146 0.696885
1776838160.48195 0.241333 0.602584 0.056549 -0.007188 0.000808 -0.717140 0.696892
1776838160.64860 0.241095 0.603091 0.056626 -0.007193 0.000787 -0.717146 0.696885
1776838160.81528 0.240838 0.603634 0.056727 -0.007193 0.000797 -0.717147 0.696884
1776838160.98195 0.240572 0.604162 0.056823 -0.007166 0.000813 -0.717151 0.696880
1776838161.14861 0.240275 0.604669 0.056831 -0.007169 0.000798 -0.717157 0.696874
1776838161.31528 0.239957 0.605194 0.056818 -0.007184 0.000772 -0.717161 0.696870
1776838161.48194 0.239620 0.605753 0.056795 -0.007213 0.000755 -0.717160 0.696871
1776838161.64861 0.253012 0.589076 0.054498 -0.007259 0.000758 -0.717427 0.696596
1776838161.81528 0.253274 0.589084 0.054646 -0.007180 0.000715 -0.717523 0.696497
1776838161.98193 0.253275 0.589405 0.054720 -0.007210 0.000617 -0.717550 0.696469
1776838162.14860 0.253227 0.589721 0.054782 -0.007186 0.000597 -0.717560 0.696459
1776838243.64861 0.252661 0.590288 0.055024 -0.007135 0.000860 -0.717576 0.696443
1776838243.81528 0.252576 0.590334 0.055006 -0.007144 0.000852 -0.717574 0.696445
1776838243.98194 0.252465 0.590365 0.054998 -0.007147 0.000859 -0.717572 0.696447
1776838244.14862 0.252338 0.590361 0.054972 -0.007142 0.000853 -0.717564 0.696456
1776838244.31527 0.252215 0.590354 0.054925 -0.007143 0.000860 -0.717561 0.696459
1776838244.48196 0.252020 0.590343 0.054888 -0.007126 0.000900 -0.717551 0.696469
1776838244.64861 0.251847 0.590329 0.054784 -0.007150 0.000873 -0.717544 0.696476
1776838244.81528 0.251683 0.590318 0.054766 -0.007106 0.000886 -0.717537 0.696483
1776838244.98194 0.251509 0.590300 0.054765 -0.007080 0.000908 -0.717537 0.696484
1776838342.31526 0.251540 0.589124 0.055050 -0.007146 0.000862 -0.717504 0.696517
1776838342.48193 0.251498 0.588969 0.055083 -0.007136 0.000867 -0.717503 0.696518
1776838342.64860 0.251428 0.588809 0.055147 -0.007113 0.000900 -0.717508 0.696513
1776838342.81527 0.251323 0.588561 0.055110 -0.007142 0.000866 -0.717510 0.696511
1776838342.98193 0.251174 0.588308 0.055076 -0.007109 0.000891 -0.717517 0.696504
1776838343.14860 0.251011 0.588064 0.054888 -0.007203 0.000787 -0.717514 0.696506
1776838343.31526 0.250844 0.587867 0.054725 -0.007235 0.000740 -0.717503 0.696517
1776838343.48193 0.250665 0.587711 0.054614 -0.007205 0.000773 -0.717511 0.696510
1776838343.64861 0.250443 0.587616 0.054393 -0.007215 0.000766 -0.717513 0.696507
1776839012.81528 0.249624 0.589131 0.051902 -0.007191 0.000773 -0.717536 0.696484
1776839012.98194 0.249437 0.589426 0.051540 -0.007146 0.000794 -0.717544 0.696477
1776839013.14861 0.249230 0.589700 0.051138 -0.007112 0.000786 -0.717549 0.696472
1776839013.31527 0.249007 0.589923 0.050744 -0.007072 0.000796 -0.717552 0.696469
1776839013.48195 0.248714 0.590155 0.050301 -0.007042 0.000796 -0.717548 0.696473
1776839013.64861 0.248375 0.590360 0.049776 -0.007091 0.000784 -0.717547 0.696473
1776839013.81528 0.247991 0.590523 0.049205 -0.007147 0.000742 -0.717543 0.696477
1776839013.98195 0.247517 0.590641 0.048655 -0.007190 0.000691 -0.717537 0.696483
1776839014.14862 0.256684 0.578492 0.046171 -0.007286 0.000535 -0.717534 0.696486
1776839301.81528 0.257243 0.578962 0.046528 -0.007180 0.000828 -0.717535 0.696485
1776839301.98194 0.257432 0.579014 0.046562 -0.007219 0.000803 -0.717545 0.696475
1776839302.14861 0.257643 0.579068 0.046686 -0.007205 0.000830 -0.717552 0.696467
1776839302.31527 0.280863 0.562953 0.053701 -0.007237 0.000763 -0.717419 0.696604
1776839302.48194 0.283454 0.561462 0.054503 -0.007244 0.000750 -0.717416 0.696607
1776839302.64861 0.286032 0.560065 0.055269 -0.007271 0.000710 -0.717411 0.696612
1776839302.81528 0.288603 0.558806 0.056040 -0.007277 0.000712 -0.717413 0.696610
1776839302.98194 0.291168 0.557650 0.056736 -0.007310 0.000669 -0.717419 0.696603
1776839303.14861 0.293730 0.556612 0.057420 -0.007309 0.000639 -0.717423 0.696599
1776839745.14863 0.294214 0.555859 0.057853 -0.007101 0.000899 -0.717427 0.696597
1776839745.31528 0.294295 0.555746 0.057894 -0.007085 0.000908 -0.717419 0.696606
1776839745.48195 0.294393 0.555619 0.057989 -0.007058 0.000944 -0.717415 0.696609
1776839745.64862 0.294504 0.555446 0.058143 -0.007056 0.000965 -0.717412 0.696612
1776839745.81530 0.294610 0.555162 0.058327 -0.007082 0.000950 -0.717404 0.696620
1776839745.98196 0.294747 0.554811 0.058586 -0.007096 0.000925 -0.717389 0.696636
1776839746.14862 0.294924 0.554408 0.058920 -0.007095 0.000941 -0.717387 0.696638
1776839746.31528 0.295087 0.553921 0.059273 -0.007084 0.000954 -0.717381 0.696644
1776839746.48195 0.295275 0.553317 0.059590 -0.007119 0.000941 -0.717381 0.696644
1776839746.64862 0.297451 0.552493 0.055448 -0.007059 0.000850 -0.717348 0.696678
1776839746.81528 0.295492 0.558169 0.055174 -0.007096 0.000847 -0.717244 0.696785
1776839746.98196 0.303703 0.575932 0.048765 -0.007867 0.001143 -0.716990 0.697039
1776839747.14864 0.305854 0.578474 0.048875 -0.007884 0.001128 -0.716972 0.697056
1776839747.31513 0.294097 0.559331 0.055388 -0.007004 0.001130 -0.716933 0.697106
1776839747.48185 0.293832 0.559118 0.055481 -0.007003 0.001113 -0.716905 0.697135
1776839747.64853 0.293557 0.559317 0.055535 -0.007060 0.001095 -0.716851 0.697190
1776839747.81523 0.293152 0.559844 0.055505 -0.007075 0.001001 -0.716832 0.697209
1776839747.98194 0.292872 0.560657 0.055598 -0.007098 0.000953 -0.716807 0.697235
1776839748.14863 0.292970 0.560912 0.055578 -0.007114 0.000992 -0.716793 0.697249
1776839748.31530 0.292883 0.561170 0.055706 -0.007082 0.001029 -0.716789 0.697254
1776839748.48197 0.292493 0.561657 0.056158 -0.007003 0.001003 -0.716773 0.697271
1776839748.64864 0.292373 0.562020 0.056416 -0.007040 0.000974 -0.716739 0.697306
1776839748.81530 0.292351 0.562017 0.056380 -0.007037 0.000938 -0.716733 0.697311
1776839748.98197 0.292139 0.562197 0.056451 -0.006992 0.000891 -0.716738 0.697307
1776839749.14863 0.292153 0.562164 0.056671 -0.006954 0.000962 -0.716722 0.697324
1776839749.31529 0.292344 0.561681 0.056527 -0.006950 0.000999 -0.716717 0.697329
1776839749.48196 0.292391 0.561629 0.056508 -0.006986 0.000972 -0.716685 0.697362
1776839749.64862 0.292403 0.561639 0.056450 -0.007012 0.000927 -0.716673 0.697373
1776839749.81529 0.292315 0.561609 0.056302 -0.007049 0.000851 -0.716673 0.697373
1776839749.98197 0.292225 0.561687 0.056184 -0.007036 0.000840 -0.716683 0.697364
1776839750.14862 0.292355 0.561478 0.055804 -0.007119 0.000781 -0.716700 0.697345
1776839750.31528 0.292955 0.560673 0.055449 -0.007131 0.000940 -0.716712 0.697333
1776839750.48195 0.293520 0.559900 0.055358 -0.007227 0.001062 -0.716685 0.697358
1776839750.64857 0.293533 0.559891 0.055361 -0.007251 0.001040 -0.716690 0.697353
1776839750.81525 0.293269 0.560350 0.055316 -0.007245 0.000939 -0.716706 0.697338
1776839750.98194 0.293242 0.560380 0.055196 -0.007277 0.000902 -0.716695 0.697348
1776839751.14860 0.293188 0.560514 0.055009 -0.007276 0.000885 -0.716698 0.697345
1776839751.31526 0.293334 0.560387 0.054912 -0.007229 0.000958 -0.716718 0.697325
1776839751.48189 0.293093 0.560853 0.055234 -0.007193 0.000914 -0.716705 0.697339
1776839751.64798 0.293210 0.561070 0.056101 -0.006963 0.001033 -0.716701 0.697345
1776839751.81463 0.293003 0.561061 0.055897 -0.006915 0.001014 -0.716743 0.697303
1776839751.98125 0.292766 0.561089 0.055685 -0.007009 0.000949 -0.716750 0.697294
1776839752.14792 0.292987 0.560947 0.055477 -0.007077 0.000943 -0.716768 0.697276
1776839752.31458 0.293066 0.561110 0.055415 -0.007135 0.000874 -0.716768 0.697275
1776839752.48124 0.292967 0.561623 0.055396 -0.007149 0.000798 -0.716766 0.697277
1776839752.64793 0.292847 0.561979 0.055294 -0.007144 0.000719 -0.716783 0.697259
1776839752.81452 0.293629 0.561141 0.055932 -0.007041 0.000779 -0.716988 0.697049
1776839752.98118 0.293369 0.561459 0.056002 -0.007064 0.000718 -0.716963 0.697075
1776839753.14786 0.293231 0.561662 0.055925 -0.006994 0.000742 -0.716959 0.697079
1776839753.31451 0.293516 0.561285 0.055855 -0.007012 0.000831 -0.716956 0.697083
1776839753.48121 0.293991 0.560717 0.055677 -0.007065 0.000931 -0.716977 0.697061
1776839753.64789 0.294228 0.560312 0.055546 -0.007128 0.000939 -0.716967 0.697070
1776839753.81455 0.294317 0.560048 0.055217 -0.007154 0.000893 -0.716980 0.697056
1776839753.98121 0.294342 0.559898 0.054961 -0.007161 0.000841 -0.716989 0.697047
1776839754.14792 0.294139 0.560133 0.055037 -0.007187 0.000756 -0.716989 0.697047
1776839754.31460 0.293888 0.560457 0.055222 -0.007154 0.000724 -0.716987 0.697050
1776839754.48128 0.293573 0.561041 0.055375 -0.007124 0.000699 -0.716981 0.697056
1776839754.64792 0.293818 0.560871 0.055408 -0.007165 0.000811 -0.716984 0.697053
1776839754.81459 0.293797 0.560976 0.055201 -0.007200 0.000750 -0.716985 0.697051
1776839754.98125 0.293543 0.561412 0.055116 -0.007211 0.000655 -0.716987 0.697049
1776839755.14792 0.293815 0.561035 0.055085 -0.007168 0.000737 -0.717008 0.697028
1776839755.31459 0.294064 0.560783 0.055151 -0.007174 0.000807 -0.717005 0.697030
1776839755.48127 0.294105 0.560569 0.055075 -0.007149 0.000864 -0.717011 0.697024
1776839755.64794 0.294094 0.560299 0.055029 -0.007129 0.000864 -0.717011 0.697025
1776839755.81462 0.293951 0.560415 0.054726 -0.007108 0.000744 -0.717043 0.696992
1776839755.98128 0.293911 0.560404 0.054792 -0.007096 0.000746 -0.717048 0.696988
1776839756.14795 0.293935 0.560518 0.054743 -0.007085 0.000755 -0.717072 0.696963
1776839756.31463 0.293615 0.561042 0.054704 -0.007046 0.000664 -0.717092 0.696943
1776839756.48127 0.293926 0.560730 0.054651 -0.007030 0.000788 -0.717110 0.696924
1776839756.64795 0.293791 0.560892 0.054625 -0.006968 0.000771 -0.717140 0.696894
1776839756.81463 0.293868 0.560834 0.054683 -0.006982 0.000809 -0.717140 0.696893
1776839756.98131 0.293906 0.560671 0.055011 -0.006996 0.000859 -0.717133 0.696901
1776839757.14799 0.294141 0.560525 0.055098 -0.007026 0.000913 -0.717121 0.696913
1776839757.31464 0.293778 0.560989 0.055258 -0.007016 0.000842 -0.717105 0.696929
1776839757.48132 0.293693 0.561369 0.055348 -0.007049 0.000828 -0.717105 0.696929
1776839757.64799 0.293714 0.561203 0.055195 -0.007054 0.000816 -0.717101 0.696933
1776839757.81466 0.293788 0.561328 0.055233 -0.007048 0.000844 -0.717084 0.696951
1776839757.98132 0.293034 0.562272 0.055472 -0.006967 0.000666 -0.717074 0.696962
1776839758.14799 0.292748 0.562691 0.055730 -0.006955 0.000658 -0.717055 0.696982
1776839758.31466 0.292726 0.562451 0.055937 -0.006931 0.000718 -0.717033 0.697004
1776839758.48135 0.292645 0.562549 0.055947 -0.006925 0.000680 -0.717030 0.697007
1776839758.64805 0.292700 0.562381 0.055989 -0.006974 0.000722 -0.717004 0.697034
1776839758.81471 0.292593 0.562630 0.056157 -0.006938 0.000710 -0.716980 0.697059
1776839758.98140 0.292261 0.562937 0.056229 -0.006900 0.000640 -0.716968 0.697072
1776839759.14805 0.292345 0.562667 0.056378 -0.006883 0.000729 -0.716942 0.697099
1776839759.31473 0.292424 0.562408 0.056274 -0.006870 0.000752 -0.716943 0.697098
1776839759.48141 0.292415 0.562325 0.056264 -0.006843 0.000785 -0.716941 0.697100
1776839759.64809 0.292443 0.562252 0.056227 -0.006791 0.000828 -0.716950 0.697091
1776839759.81477 0.292125 0.562571 0.056266 -0.006796 0.000727 -0.716954 0.697087
1776839759.98143 0.292208 0.562312 0.056293 -0.006785 0.000797 -0.716956 0.697085
1776839760.14813 0.292139 0.562319 0.056097 -0.006799 0.000760 -0.716969 0.697072
1776839760.31479 0.292128 0.562060 0.055972 -0.006814 0.000699 -0.716992 0.697048
1776839760.48147 0.292198 0.561945 0.055960 -0.006815 0.000736 -0.716983 0.697057
1776839760.64814 0.292447 0.561804 0.055777 -0.006880 0.000762 -0.716981 0.697058
1776839760.81483 0.292719 0.561400 0.055465 -0.006922 0.000825 -0.716992 0.697046
1776839760.98150 0.292681 0.561302 0.055340 -0.006902 0.000752 -0.717005 0.697034
1776839761.14818 0.293070 0.561029 0.055181 -0.007005 0.000774 -0.717009 0.697028
1776839761.31483 0.293094 0.561260 0.055386 -0.007047 0.000745 -0.717000 0.697037
1776839761.48151 0.292868 0.561602 0.055256 -0.007019 0.000681 -0.716986 0.697052
1776839761.64817 0.292708 0.561863 0.055369 -0.006982 0.000681 -0.717000 0.697037
1776839761.81484 0.292670 0.561902 0.055480 -0.007005 0.000691 -0.716991 0.697047
1776839761.98152 0.292468 0.562056 0.055470 -0.006979 0.000682 -0.716997 0.697041
1776839762.14820 0.292548 0.562023 0.055440 -0.006985 0.000749 -0.716996 0.697042
1776839762.31488 0.292576 0.561969 0.055595 -0.006956 0.000793 -0.716999 0.697039
1776839762.48155 0.292911 0.561471 0.055370 -0.006955 0.000861 -0.716996 0.697042
1776839762.64819 0.292440 0.561961 0.055400 -0.006933 0.000713 -0.717001 0.697038
1776839762.81483 0.292579 0.561781 0.055215 -0.006965 0.000734 -0.717009 0.697029
1776839762.98151 0.292534 0.561935 0.055310 -0.006997 0.000725 -0.717014 0.697023
1776839763.14820 0.291794 0.562803 0.055219 -0.006915 0.000506 -0.717038 0.696999
1776839763.31486 0.291564 0.563176 0.055394 -0.006856 0.000522 -0.717043 0.696995
1776839763.48155 0.291462 0.563517 0.055734 -0.006871 0.000518 -0.717032 0.697006
1776839763.64826 0.291199 0.563898 0.056014 -0.006857 0.000465 -0.717013 0.697026
1776839763.81498 0.290964 0.564225 0.056140 -0.006784 0.000443 -0.717015 0.697024
1776839763.98170 0.290939 0.564107 0.056242 -0.006726 0.000476 -0.717017 0.697023
1776839764.14840 0.290978 0.564010 0.056273 -0.006694 0.000478 -0.717002 0.697039
1776839764.31509 0.290683 0.564234 0.056283 -0.006662 0.000446 -0.716996 0.697045
1776839764.48179 0.290521 0.564120 0.056079 -0.006616 0.000422 -0.717007 0.697035
1776839764.64846 0.290602 0.564161 0.056596 -0.006659 0.000493 -0.716988 0.697054
1776839764.81536 0.291688 0.559818 0.056455 -0.006791 0.000846 -0.717103 0.696933
1776839764.98202 0.291975 0.559515 0.056180 -0.006813 0.000891 -0.717088 0.696949
1776839765.14870 0.292184 0.559383 0.055759 -0.006879 0.000870 -0.717073 0.696963
1776839765.31537 0.292247 0.559241 0.055412 -0.006944 0.000837 -0.717076 0.696960
1776839765.48203 0.292353 0.559095 0.055104 -0.007008 0.000795 -0.717079 0.696956
1776839765.64870 0.292557 0.559083 0.054817 -0.007040 0.000791 -0.717092 0.696942
1776839765.81537 0.292548 0.559118 0.054875 -0.007064 0.000811 -0.717089 0.696945
1776839765.98205 0.292637 0.559069 0.054736 -0.007043 0.000854 -0.717091 0.696944
1776839766.14870 0.292550 0.559252 0.054707 -0.007104 0.000791 -0.717079 0.696955
1776839766.31537 0.292479 0.559336 0.054828 -0.007091 0.000821 -0.717080 0.696954
1776839916.48194 0.292265 0.558428 0.053838 -0.007122 0.000825 -0.717099 0.696934
1776839916.64862 0.292120 0.558242 0.053737 -0.007152 0.000830 -0.717088 0.696945
1776839916.81529 0.291981 0.558065 0.053682 -0.007114 0.000868 -0.717088 0.696946
1776839916.98195 0.291821 0.557855 0.053543 -0.007143 0.000841 -0.717072 0.696962
1776839917.14862 0.291711 0.557624 0.053463 -0.007139 0.000836 -0.717070 0.696965
1776839917.31528 0.291567 0.557399 0.053399 -0.007166 0.000828 -0.717066 0.696968
1776839917.48195 0.291384 0.557220 0.053376 -0.007200 0.000836 -0.717058 0.696976
1776839917.64862 0.291246 0.557070 0.053358 -0.007214 0.000816 -0.717054 0.696979
1776839917.81528 0.291115 0.556911 0.053362 -0.007236 0.000792 -0.717041 0.696993
1776840149.14860 0.290119 0.556626 0.053157 -0.007167 0.000858 -0.717046 0.696988
1776840149.31526 0.289898 0.556549 0.053070 -0.007135 0.000888 -0.717048 0.696987
1776840149.48193 0.289663 0.556426 0.052871 -0.007129 0.000870 -0.717048 0.696987
1776840149.64860 0.289388 0.556231 0.052620 -0.007111 0.000896 -0.717033 0.697002
1776840149.81527 0.289135 0.555963 0.052267 -0.007117 0.000884 -0.717042 0.696993
1776840149.98193 0.288907 0.555630 0.051825 -0.007137 0.000912 -0.717046 0.696989
1776840150.14860 0.288676 0.555277 0.051292 -0.007120 0.000911 -0.717050 0.696985
1776840150.31527 0.288432 0.554931 0.050648 -0.007167 0.000841 -0.717044 0.696991
1776840150.48193 0.288222 0.554568 0.049975 -0.007176 0.000864 -0.717046 0.696988
1776840150.64860 0.288035 0.554198 0.049157 -0.007183 0.000845 -0.717042 0.696993
1776840150.81527 0.287895 0.553845 0.048261 -0.007157 0.000862 -0.717043 0.696991
1776840197.14861 0.268760 0.569039 0.053559 -0.007165 0.000813 -0.717132 0.696900
1776840197.31527 0.271901 0.575020 0.053993 -0.007109 0.000876 -0.716891 0.697148
1776840197.48195 0.273724 0.578644 0.054925 -0.007065 0.000949 -0.716741 0.697303
1776840197.64861 0.276148 0.581772 0.055859 -0.007024 0.001078 -0.716632 0.697415
1776840197.81528 0.278641 0.584347 0.056671 -0.007041 0.001211 -0.716552 0.697497
1776840197.98194 0.281647 0.586848 0.056902 -0.007069 0.001333 -0.716493 0.697557
1776840198.14862 0.283896 0.588797 0.057276 -0.007034 0.001421 -0.716453 0.697598
1776840198.31527 0.285584 0.590371 0.057827 -0.007043 0.001475 -0.716425 0.697627
1776840198.48194 0.287082 0.592072 0.058111 -0.007041 0.001476 -0.716397 0.697655
1776840198.64861 0.288381 0.593677 0.058429 -0.006998 0.001483 -0.716370 0.697684
1776840385.64861 0.288191 0.594787 0.058052 -0.007151 0.000893 -0.716341 0.697713
1776840385.81528 0.288189 0.594955 0.058068 -0.007143 0.000933 -0.716341 0.697713
1776840385.98194 0.288248 0.595069 0.058042 -0.007139 0.000938 -0.716343 0.697712
1776840386.14862 0.288340 0.595105 0.057974 -0.007159 0.000901 -0.716340 0.697714
1776840386.31528 0.288439 0.595138 0.057982 -0.007131 0.000924 -0.716340 0.697714
1776840386.48194 0.288567 0.595104 0.057963 -0.007129 0.000945 -0.716343 0.697711
1776840386.64861 0.288683 0.594983 0.057941 -0.007133 0.000947 -0.716339 0.697715
1776840386.81528 0.288824 0.594791 0.057918 -0.007164 0.000932 -0.716346 0.697707
1776840386.98195 0.293687 0.598162 0.049239 -0.007051 0.001042 -0.716345 0.697710
1776840560.64860 0.293331 0.598127 0.048465 -0.007224 0.000801 -0.716349 0.697705
1776840560.81526 0.311006 0.584056 0.062242 -0.007329 0.000749 -0.716190 0.697867
1776840560.98194 0.313291 0.582446 0.063865 -0.007328 0.000745 -0.716187 0.697870
1776840561.14860 0.315586 0.580922 0.065478 -0.007348 0.000724 -0.716183 0.697873
1776840561.31526 0.317921 0.579488 0.067071 -0.007349 0.000712 -0.716184 0.697873
1776840561.48194 0.320251 0.578133 0.068581 -0.007349 0.000699 -0.716183 0.697873
1776840561.64862 0.322588 0.576910 0.070114 -0.007361 0.000662 -0.716176 0.697881
1776840561.81528 0.324945 0.575828 0.071671 -0.007390 0.000635 -0.716174 0.697883
1776840561.98193 0.327332 0.574872 0.073229 -0.007386 0.000625 -0.716174 0.697883
1776840562.14861 0.329680 0.574067 0.074772 -0.007402 0.000580 -0.716174 0.697883
1776840562.31527 0.331990 0.573402 0.076340 -0.007422 0.000578 -0.716171 0.697885
1776840562.48194 0.334305 0.572909 0.077913 -0.007421 0.000555 -0.716180 0.697876
1776840562.64860 0.336581 0.572611 0.079472 -0.007427 0.000537 -0.716177 0.697879
1776840562.81521 0.302109 0.572121 0.042524 -0.007501 0.000343 -0.716263 0.697790
1776840562.98180 0.303191 0.571179 0.042510 -0.007571 0.000375 -0.716279 0.697773
1776840563.14843 0.303880 0.570829 0.042490 -0.007653 0.000413 -0.716297 0.697754
1776840563.31512 0.304660 0.570553 0.042715 -0.007720 0.000502 -0.716315 0.697734
1776840563.48179 0.305365 0.570409 0.043180 -0.007796 0.000553 -0.716335 0.697713
1776840797.48194 0.305539 0.570173 0.042926 -0.007200 0.000827 -0.716345 0.697709
1776840797.64861 0.305479 0.570244 0.042959 -0.007184 0.000866 -0.716341 0.697713
1776840797.81527 0.305483 0.570312 0.042958 -0.007178 0.000846 -0.716331 0.697724
1776840797.98194 0.305524 0.570374 0.042948 -0.007218 0.000873 -0.716335 0.697719
1776840798.14861 0.305576 0.570463 0.042956 -0.007234 0.000862 -0.716327 0.697726
1776840798.31528 0.305673 0.570601 0.042962 -0.007246 0.000868 -0.716330 0.697724
1776840798.48194 0.305834 0.570724 0.042958 -0.007257 0.000868 -0.716337 0.697716
1776840798.64861 0.306037 0.570858 0.042907 -0.007289 0.000832 -0.716332 0.697721
1776840798.81529 0.306266 0.571047 0.042914 -0.007304 0.000827 -0.716332 0.697721
1776840798.98194 0.306558 0.571300 0.043007 -0.007318 0.000820 -0.716330 0.697722
1776841110.81527 0.307218 0.572233 0.043457 -0.007169 0.000869 -0.716343 0.697711
1776841110.98193 0.307387 0.572359 0.043540 -0.007129 0.000861 -0.716342 0.697713
1776841111.14859 0.307535 0.572484 0.043583 -0.007087 0.000923 -0.716339 0.697715
1776841111.31525 0.307679 0.572568 0.043469 -0.007110 0.000866 -0.716332 0.697723
1776841111.48192 0.307787 0.572639 0.043338 -0.007091 0.000862 -0.716335 0.697720
1776841111.64859 0.307851 0.572717 0.043092 -0.007118 0.000870 -0.716335 0.697720
1776841111.81526 0.307937 0.572751 0.042769 -0.007165 0.000832 -0.716329 0.697725
1776841111.98192 0.308031 0.572745 0.042437 -0.007154 0.000847 -0.716320 0.697735
1776841112.14859 0.308116 0.572761 0.041962 -0.007187 0.000811 -0.716313 0.697742
1776841331.81524 0.308456 0.573672 0.041129 -0.007152 0.000834 -0.716322 0.697732
1776841331.98191 0.308534 0.573799 0.041133 -0.007125 0.000868 -0.716327 0.697728
1776841332.14858 0.308642 0.573874 0.041116 -0.007114 0.000843 -0.716327 0.697728
1776841332.31524 0.308794 0.573942 0.041145 -0.007081 0.000867 -0.716330 0.697725
1776841332.48190 0.308959 0.573987 0.041194 -0.007059 0.000855 -0.716319 0.697736
1776841332.64857 0.309120 0.573970 0.041281 -0.007047 0.000876 -0.716319 0.697737
1776841332.81524 0.309247 0.573930 0.041428 -0.007008 0.000898 -0.716324 0.697732
1776841332.98191 0.309332 0.573811 0.041586 -0.007031 0.000886 -0.716325 0.697731
1776841333.14858 0.309362 0.573657 0.041855 -0.006986 0.000914 -0.716330 0.697726
1776841695.64859 0.309153 0.574353 0.042653 -0.007201 0.000752 -0.716338 0.697716
1776841695.81526 0.309062 0.574465 0.042867 -0.007189 0.000739 -0.716334 0.697720
1776841695.98192 0.308969 0.574569 0.043143 -0.007153 0.000782 -0.716339 0.697715
1776841696.14859 0.308852 0.574638 0.043438 -0.007168 0.000819 -0.716337 0.697717
1776841696.31525 0.308757 0.574713 0.043714 -0.007186 0.000795 -0.716328 0.697727
1776841696.48192 0.308735 0.574805 0.044043 -0.007192 0.000814 -0.716333 0.697721
1776841696.64858 0.308721 0.574898 0.044400 -0.007173 0.000850 -0.716338 0.697716
1776841696.81526 0.308720 0.574989 0.044770 -0.007173 0.000861 -0.716339 0.697715
1776841696.98192 0.308717 0.575050 0.045228 -0.007118 0.000896 -0.716338 0.697717
1776841697.14859 0.314758 0.569813 0.052222 -0.007100 0.000910 -0.716307 0.697748
1776842127.81527 0.314943 0.569797 0.052545 -0.007225 0.000820 -0.716310 0.697744
1776842127.98193 0.314973 0.569768 0.052704 -0.007226 0.000813 -0.716312 0.697742
1776842128.14860 0.315056 0.569781 0.052883 -0.007208 0.000814 -0.716310 0.697744
1776842128.31526 0.315197 0.569782 0.053049 -0.007203 0.000783 -0.716309 0.697746
1776842128.48193 0.315341 0.569819 0.053260 -0.007173 0.000805 -0.716305 0.697750
1776842128.64860 0.315465 0.569875 0.053468 -0.007169 0.000823 -0.716307 0.697748
1776842128.81526 0.315591 0.569933 0.053675 -0.007219 0.000791 -0.716315 0.697739
1776842128.98193 0.315660 0.569968 0.053886 -0.007274 0.000755 -0.716310 0.697744
1776842129.14861 0.315699 0.570025 0.054153 -0.007236 0.000784 -0.716306 0.697748
1776842129.31526 0.315727 0.570120 0.054427 -0.007176 0.000832 -0.716304 0.697751
1776842504.31523 0.316610 0.569893 0.055178 -0.007197 0.000783 -0.716302 0.697753
1776842504.48188 0.316708 0.569870 0.055312 -0.007242 0.000740 -0.716295 0.697760
1776842504.64856 0.316815 0.569857 0.055502 -0.007212 0.000746 -0.716299 0.697756
1776842504.81523 0.316896 0.569879 0.055710 -0.007211 0.000753 -0.716297 0.697758
1776842504.98189 0.316969 0.569939 0.055986 -0.007174 0.000783 -0.716288 0.697768
1776842505.14856 0.317037 0.569981 0.056254 -0.007128 0.000816 -0.716282 0.697774
1776842505.31523 0.317083 0.569978 0.056543 -0.007078 0.000869 -0.716283 0.697773
1776842505.48189 0.317124 0.569902 0.056849 -0.007036 0.000921 -0.716278 0.697779
1776842505.64856 0.317136 0.569684 0.057128 -0.007013 0.000940 -0.716269 0.697789
1776843157.31519 0.316666 0.570028 0.058117 -0.007214 0.000778 -0.716236 0.697821
1776843157.48185 0.316606 0.570081 0.058310 -0.007230 0.000789 -0.716235 0.697821
1776843157.64852 0.316570 0.570140 0.058501 -0.007209 0.000829 -0.716233 0.697823
1776843157.81520 0.316492 0.570156 0.058662 -0.007173 0.000836 -0.716234 0.697823
1776843157.98186 0.316400 0.570131 0.058714 -0.007217 0.000812 -0.716219 0.697837
1776843158.14853 0.316307 0.570122 0.058726 -0.007278 0.000750 -0.716222 0.697834
1776843158.31519 0.316194 0.570142 0.058757 -0.007306 0.000700 -0.716224 0.697831
1776843158.48186 0.316076 0.570246 0.058769 -0.007306 0.000671 -0.716235 0.697821
1776843158.64853 0.315930 0.570386 0.058778 -0.007303 0.000676 -0.716239 0.697816
1776843158.81519 0.315762 0.570578 0.058756 -0.007307 0.000662 -0.716249 0.697806
1776843999.81519 0.315488 0.571262 0.059712 -0.007299 0.000709 -0.716266 0.697789
1776843999.98185 0.315403 0.571314 0.059809 -0.007289 0.000712 -0.716264 0.697791
1776844000.14852 0.315258 0.571384 0.059916 -0.007257 0.000750 -0.716261 0.697794
1776844000.31518 0.315084 0.571446 0.059990 -0.007232 0.000760 -0.716264 0.697791
1776844000.48185 0.314904 0.571501 0.060041 -0.007237 0.000755 -0.716269 0.697786
1776844000.64852 0.314681 0.571501 0.060068 -0.007258 0.000747 -0.716267 0.697789
1776844000.81518 0.314447 0.571450 0.060086 -0.007254 0.000722 -0.716276 0.697779
1776844000.98185 0.314148 0.571428 0.060099 -0.007252 0.000743 -0.716279 0.697776
1776844001.14852 0.313863 0.571418 0.060048 -0.007271 0.000722 -0.716277 0.697778
1776844001.31518 0.313599 0.571400 0.059995 -0.007280 0.000697 -0.716279 0.697775
1776844001.48185 0.313310 0.571404 0.059929 -0.007296 0.000673 -0.716282 0.697772
1776844066.98187 0.312866 0.571452 0.060217 -0.007226 0.000807 -0.716304 0.697750
1776844067.14855 0.312808 0.571410 0.060333 -0.007205 0.000826 -0.716310 0.697745
1776844067.31520 0.312756 0.571245 0.060443 -0.007228 0.000822 -0.716313 0.697742
1776844067.48187 0.312684 0.570992 0.060610 -0.007233 0.000825 -0.716317 0.697737
1776844067.64854 0.312633 0.570647 0.060833 -0.007240 0.000828 -0.716321 0.697732
1776844067.81521 0.312592 0.570255 0.061068 -0.007273 0.000815 -0.716331 0.697722
1776844067.98187 0.312554 0.569830 0.061363 -0.007296 0.000819 -0.716337 0.697715
1776844068.14855 0.312584 0.569355 0.061713 -0.007285 0.000856 -0.716346 0.697707
1776844068.31520 0.312674 0.568791 0.062048 -0.007310 0.000815 -0.716345 0.697708
1776844068.48187 0.312798 0.568150 0.062449 -0.007328 0.000753 -0.716335 0.697718
1776844297.98188 0.313336 0.567795 0.063592 -0.007294 0.000740 -0.716321 0.697733
1776844298.14856 0.313406 0.567772 0.063757 -0.007305 0.000737 -0.716328 0.697726
1776844298.31522 0.313449 0.567782 0.063963 -0.007317 0.000709 -0.716325 0.697728
1776844298.48188 0.313486 0.567808 0.064228 -0.007279 0.000702 -0.716325 0.697728
1776844298.64855 0.313504 0.567795 0.064531 -0.007230 0.000750 -0.716324 0.697730
1776844298.81522 0.313566 0.567781 0.064775 -0.007257 0.000720 -0.716330 0.697723
1776844298.98189 0.313630 0.567784 0.065097 -0.007243 0.000728 -0.716334 0.697720
1776844299.14856 0.313680 0.567767 0.065467 -0.007243 0.000745 -0.716348 0.697705
1776844299.31522 0.320823 0.554165 0.067857 -0.007180 0.000465 -0.716301 0.697754
1776844299.48188 0.319958 0.553035 0.067184 -0.007186 0.000493 -0.716306 0.697749
1776844299.64856 0.319239 0.552397 0.067034 -0.007177 0.000520 -0.716307 0.697748
1776844299.81512 0.321366 0.549476 0.066127 -0.007279 0.000757 -0.716596 0.697451
1776844299.98186 0.322884 0.547545 0.066488 -0.007309 0.000884 -0.716725 0.697317
1776844300.14840 0.323305 0.545040 0.067146 -0.007074 0.000885 -0.716879 0.697161
1776844300.31508 0.323639 0.543058 0.067526 -0.007037 0.000884 -0.716963 0.697075
1776845413.31484 0.329914 0.539191 0.075770 -0.007309 0.000683 -0.716932 0.697104
1776845413.48150 0.330841 0.538738 0.077028 -0.007306 0.000670 -0.716928 0.697108
1776845413.64818 0.331820 0.538301 0.078288 -0.007312 0.000669 -0.716924 0.697113
1776845413.81484 0.332796 0.537880 0.079547 -0.007294 0.000690 -0.716925 0.697111
1776845413.98151 0.333786 0.537438 0.080746 -0.007306 0.000673 -0.716922 0.697115
1776845414.14818 0.334744 0.537003 0.081965 -0.007313 0.000687 -0.716911 0.697126
1776845414.31483 0.335698 0.536553 0.083180 -0.007332 0.000661 -0.716903 0.697134
1776845414.48150 0.336657 0.536142 0.084462 -0.007314 0.000693 -0.716904 0.697133
1776845414.64817 0.337571 0.535723 0.085734 -0.007357 0.000674 -0.716899 0.697138
1776845414.81484 0.338461 0.535268 0.087100 -0.007316 0.000712 -0.716900 0.697137
1776846339.31494 0.338237 0.537071 0.088703 -0.007335 0.000619 -0.716899 0.697139
1776846339.48161 0.338188 0.537409 0.088871 -0.007333 0.000636 -0.716901 0.697136
1776846339.64828 0.338185 0.537732 0.088959 -0.007290 0.000664 -0.716898 0.697140
1776846339.81496 0.338179 0.538020 0.088885 -0.007303 0.000662 -0.716900 0.697138
1776846339.98161 0.338159 0.538269 0.088673 -0.007349 0.000660 -0.716898 0.697139
1776846340.14828 0.338145 0.538487 0.088376 -0.007312 0.000701 -0.716881 0.697156
1776846340.31494 0.338168 0.538675 0.087976 -0.007284 0.000757 -0.716875 0.697163
1776846340.48161 0.338219 0.538803 0.087416 -0.007259 0.000757 -0.716877 0.697161
1776846340.64829 0.338237 0.538864 0.086729 -0.007280 0.000742 -0.716867 0.697171
1776846340.81495 0.338277 0.538855 0.085922 -0.007263 0.000753 -0.716860 0.697179
1776846590.98163 0.338634 0.538777 0.084271 -0.007367 0.000608 -0.716846 0.697193
1776846591.14829 0.347451 0.535081 0.105259 -0.007394 0.000651 -0.716812 0.697227
1776846591.31495 0.348728 0.534556 0.107701 -0.007348 0.000709 -0.716806 0.697233
1776846591.48162 0.350033 0.534003 0.110068 -0.007348 0.000728 -0.716801 0.697238
1776846591.64829 0.351402 0.533356 0.112404 -0.007332 0.000751 -0.716795 0.697245
1776846591.81495 0.352828 0.532592 0.114655 -0.007325 0.000729 -0.716793 0.697247
1776846591.98163 0.354282 0.531705 0.116871 -0.007295 0.000777 -0.716797 0.697243
1776846592.14829 0.355763 0.530718 0.118976 -0.007286 0.000757 -0.716786 0.697254
1776846592.31496 0.360001 0.546132 0.108118 -0.007107 0.000581 -0.716775 0.697268
1776846592.48162 0.359767 0.547683 0.107102 -0.007097 0.000491 -0.716770 0.697273
1776846592.64829 0.359782 0.548566 0.106899 -0.007141 0.000383 -0.716754 0.697289
1776846909.98166 0.359871 0.548011 0.106938 -0.007331 0.000676 -0.716761 0.697280
1776846910.14832 0.359951 0.547818 0.107106 -0.007280 0.000708 -0.716765 0.697276
1776846910.31499 0.360065 0.547536 0.107314 -0.007287 0.000707 -0.716767 0.697274
1776846910.48166 0.360166 0.547184 0.107559 -0.007273 0.000705 -0.716761 0.697281
1776846910.64833 0.360304 0.546740 0.107854 -0.007250 0.000705 -0.716767 0.697275
1776846910.81500 0.360458 0.546206 0.108219 -0.007215 0.000719 -0.716770 0.697272
1776846910.98166 0.360629 0.545541 0.108613 -0.007181 0.000738 -0.716774 0.697269
1776846911.14833 0.360793 0.544702 0.109033 -0.007175 0.000747 -0.716778 0.697264
1776846911.31499 0.359634 0.546881 0.107183 -0.007581 0.000564 -0.716718 0.697322
1776846911.48166 0.359674 0.547098 0.107216 -0.007664 0.000501 -0.716708 0.697331
1776846911.64832 0.359771 0.547477 0.107424 -0.007672 0.000523 -0.716707 0.697332
1776846911.81499 0.359914 0.548034 0.107628 -0.007707 0.000460 -0.716695 0.697344
1776846911.98167 0.360092 0.548768 0.107883 -0.007726 0.000456 -0.716693 0.697345
1776846912.14833 0.360352 0.549692 0.108226 -0.007741 0.000483 -0.716694 0.697344
1776846912.31501 0.360689 0.550770 0.108622 -0.007731 0.000494 -0.716686 0.697353
1776846912.48166 0.361137 0.552039 0.109080 -0.007693 0.000544 -0.716687 0.697353
1776846912.64832 0.361704 0.553425 0.109480 -0.007710 0.000514 -0.716689 0.697350
1776846912.81499 0.362378 0.554935 0.109904 -0.007706 0.000509 -0.716686 0.697354
1776847279.98169 0.362967 0.554966 0.111189 -0.007411 0.000547 -0.716705 0.697337
1776847280.14835 0.363081 0.555035 0.111384 -0.007407 0.000505 -0.716702 0.697340
1776847280.31501 0.363196 0.555100 0.111515 -0.007449 0.000468 -0.716699 0.697343
1776847280.48168 0.363298 0.555195 0.111660 -0.007473 0.000453 -0.716707 0.697335
1776847280.64835 0.363379 0.555320 0.111832 -0.007485 0.000449 -0.716711 0.697330
1776847280.81504 0.363452 0.555584 0.112014 -0.007443 0.000459 -0.716712 0.697329
1776847280.98169 0.363508 0.555941 0.112137 -0.007448 0.000439 -0.716713 0.697328
1776847281.14836 0.363489 0.556365 0.112274 -0.007477 0.000412 -0.716706 0.697335
1776847281.31502 0.363473 0.556899 0.112422 -0.007504 0.000377 -0.716703 0.697338
1776847281.48168 0.363443 0.557551 0.112610 -0.007476 0.000364 -0.716698 0.697343
1776848364.14841 0.363675 0.554895 0.114470 -0.007480 0.000467 -0.716695 0.697346
1776848364.31508 0.366855 0.550007 0.105596 -0.007532 0.000403 -0.716700 0.697341
1776848364.48174 0.366719 0.550396 0.105803 -0.007542 0.000379 -0.716702 0.697338
1776848364.64840 0.366496 0.550879 0.105995 -0.007550 0.000324 -0.716708 0.697332
1776848364.81508 0.366303 0.551220 0.106138 -0.007572 0.000268 -0.716701 0.697339
1776848364.98174 0.366182 0.551582 0.106279 -0.007604 0.000240 -0.716702 0.697338
1776848365.14841 0.366078 0.551807 0.106482 -0.007566 0.000301 -0.716702 0.697339
1776848365.31507 0.366004 0.552009 0.106731 -0.007517 0.000368 -0.716709 0.697332
1776848365.48174 0.365966 0.552117 0.106900 -0.007491 0.000399 -0.716700 0.697341
1776848365.64841 0.365944 0.552131 0.106911 -0.007518 0.000421 -0.716701 0.697340
1776848365.81507 0.365967 0.551998 0.106986 -0.007440 0.000503 -0.716670 0.697373
1776848369.48174 0.365421 0.553055 0.115188 -0.007395 0.000622 -0.716700 0.697343
1776848369.64841 0.365426 0.553070 0.117276 -0.007361 0.000657 -0.716702 0.697340
1776848369.81507 0.365476 0.553052 0.119583 -0.007357 0.000678 -0.716706 0.697336
1776848369.98174 0.365548 0.553002 0.122135 -0.007317 0.000712 -0.716707 0.697335
1776848370.14841 0.365657 0.552881 0.124835 -0.007364 0.000701 -0.716713 0.697329
1776848370.31509 0.365799 0.552701 0.127785 -0.007359 0.000692 -0.716721 0.697320
1776848370.48176 0.365986 0.552480 0.130989 -0.007375 0.000697 -0.716719 0.697322
1776848370.64841 0.366216 0.552218 0.134503 -0.007354 0.000729 -0.716718 0.697324
1776848370.81508 0.366524 0.551898 0.138228 -0.007360 0.000716 -0.716715 0.697327
1776849075.98168 0.366138 0.552503 0.136277 -0.007378 0.000556 -0.716718 0.697324
1776849076.14833 0.366155 0.552473 0.135906 -0.007416 0.000534 -0.716731 0.697310
1776849076.31500 0.366197 0.552427 0.135543 -0.007439 0.000550 -0.716737 0.697304
1776849076.48166 0.366256 0.552337 0.135145 -0.007499 0.000490 -0.716734 0.697307
1776849076.64834 0.366351 0.552222 0.134844 -0.007521 0.000501 -0.716733 0.697307
1776849076.81501 0.366533 0.552134 0.134571 -0.007528 0.000492 -0.716738 0.697301
1776849076.98168 0.366753 0.552055 0.134270 -0.007569 0.000455 -0.716738 0.697301
1776849077.14834 0.367022 0.552009 0.134043 -0.007579 0.000453 -0.716737 0.697303
1776849077.31500 0.367354 0.552078 0.133828 -0.007576 0.000467 -0.716741 0.697299
1776849077.48167 0.367778 0.552241 0.133677 -0.007532 0.000539 -0.716742 0.697298
1776849077.64833 0.368303 0.552420 0.133540 -0.007487 0.000570 -0.716750 0.697290
1776849373.48163 0.368440 0.551389 0.134364 -0.007406 0.000519 -0.716760 0.697280
1776849373.64831 0.368422 0.551233 0.134539 -0.007398 0.000522 -0.716759 0.697281
1776849373.81496 0.368371 0.551058 0.134696 -0.007409 0.000515 -0.716760 0.697280
1776849373.98163 0.368290 0.550872 0.134937 -0.007396 0.000537 -0.716752 0.697288
1776849374.14830 0.368253 0.550677 0.135238 -0.007369 0.000565 -0.716755 0.697286
1776849374.31497 0.368218 0.550386 0.135599 -0.007338 0.000587 -0.716752 0.697289
1776849374.48164 0.368189 0.549990 0.136051 -0.007329 0.000610 -0.716749 0.697292
1776849374.64835 0.368176 0.549555 0.136554 -0.007337 0.000629 -0.716751 0.697291
1776849374.81497 0.368150 0.549102 0.137042 -0.007391 0.000600 -0.716750 0.697291
1776850078.31491 0.367530 0.549987 0.138932 -0.007406 0.000489 -0.716766 0.697274
1776850078.48158 0.367408 0.550109 0.139336 -0.007427 0.000498 -0.716758 0.697282
1776850078.64825 0.367296 0.550238 0.139808 -0.007387 0.000537 -0.716753 0.697288
1776850078.81492 0.367208 0.550322 0.140263 -0.007398 0.000541 -0.716749 0.697292
1776850078.98159 0.367097 0.550370 0.140822 -0.007393 0.000578 -0.716753 0.697288
1776850079.14825 0.367009 0.550362 0.141360 -0.007429 0.000541 -0.716747 0.697293
1776850079.31490 0.366934 0.550317 0.142017 -0.007407 0.000565 -0.716741 0.697300
1776850079.48158 0.366906 0.550240 0.142748 -0.007367 0.000630 -0.716745 0.697297
1776850079.64825 0.366926 0.550090 0.143499 -0.007346 0.000620 -0.716734 0.697308
1776851612.98097 0.366787 0.549948 0.144099 -0.007553 0.000352 -0.716739 0.697301
1776851613.14764 0.366763 0.550149 0.144292 -0.007619 0.000299 -0.716734 0.697305
1776851613.31430 0.366767 0.550431 0.144554 -0.007647 0.000284 -0.716732 0.697307
1776851613.48097 0.366748 0.550852 0.144888 -0.007638 0.000299 -0.716735 0.697304
1776851613.64763 0.366734 0.551395 0.145125 -0.007679 0.000257 -0.716732 0.697307
1776851613.81430 0.366715 0.552070 0.145407 -0.007693 0.000241 -0.716732 0.697306
1776851613.98097 0.366646 0.552918 0.145807 -0.007677 0.000267 -0.716731 0.697307
1776851614.14764 0.366578 0.553920 0.146245 -0.007635 0.000298 -0.716727 0.697312
1776851614.31430 0.366491 0.555044 0.146705 -0.007632 0.000326 -0.716724 0.697315
1776853243.47926 0.366341 0.555626 0.148108 -0.007456 0.000422 -0.716720 0.697321
1776853243.64593 0.366303 0.555629 0.148288 -0.007458 0.000412 -0.716723 0.697318
1776853243.81260 0.366230 0.555644 0.148419 -0.007478 0.000381 -0.716721 0.697319
1776853243.97927 0.366118 0.555666 0.148616 -0.007452 0.000405 -0.716722 0.697319
1776853244.14594 0.365948 0.555673 0.148757 -0.007506 0.000376 -0.716715 0.697326
1776853244.31259 0.365786 0.555726 0.148891 -0.007547 0.000364 -0.716708 0.697333
1776853244.47926 0.365629 0.555821 0.149070 -0.007510 0.000370 -0.716709 0.697332
1776853244.64593 0.365485 0.556007 0.149221 -0.007484 0.000414 -0.716705 0.697336
1776853244.81260 0.365350 0.556220 0.149368 -0.007445 0.000417 -0.716703 0.697339
1776853244.97927 0.365252 0.556426 0.149474 -0.007468 0.000393 -0.716696 0.697346
1776853245.14593 0.364833 0.562365 0.149629 -0.007036 0.000397 -0.717323 0.696705
1776853245.31259 0.364646 0.561958 0.149537 -0.007040 0.000400 -0.717340 0.696687
1776853245.47927 0.364308 0.561401 0.149429 -0.007033 0.000413 -0.717358 0.696669
1776853245.64594 0.363847 0.560677 0.149318 -0.006993 0.000419 -0.717369 0.696658
1776853245.81260 0.363223 0.559757 0.149162 -0.007000 0.000402 -0.717367 0.696661
1776853245.97927 0.362430 0.558661 0.149003 -0.007001 0.000371 -0.717380 0.696646
1776853246.14595 0.361435 0.557445 0.148825 -0.006998 0.000358 -0.717384 0.696643
1776853246.31260 0.360235 0.556141 0.148623 -0.006986 0.000370 -0.717388 0.696639
1776853246.47926 0.358852 0.554662 0.148400 -0.006995 0.000353 -0.717400 0.696626
1776853246.64593 0.357268 0.553013 0.148193 -0.007022 0.000322 -0.717409 0.696617
1776854525.97702 0.357881 0.553817 0.149001 -0.007469 0.000455 -0.717408 0.696613
1776854526.14369 0.358019 0.553878 0.149145 -0.007439 0.000476 -0.717417 0.696604
1776854526.31034 0.358181 0.553929 0.149152 -0.007495 0.000399 -0.717417 0.696603
1776854526.47701 0.358362 0.553994 0.149188 -0.007503 0.000401 -0.717419 0.696601
1776854526.64368 0.358590 0.554029 0.149169 -0.007549 0.000387 -0.717414 0.696606
1776854526.81035 0.358885 0.554091 0.149227 -0.007493 0.000477 -0.717413 0.696608
1776854526.97701 0.359247 0.554083 0.149284 -0.007429 0.000561 -0.717420 0.696601
1776854527.14368 0.359637 0.553983 0.149313 -0.007435 0.000546 -0.717411 0.696610
1776854527.31035 0.360042 0.553815 0.149370 -0.007434 0.000554 -0.717405 0.696616
1776854975.13868 0.360674 0.556008 0.151163 -0.007566 0.000398 -0.717405 0.696615
1776854975.30535 0.360867 0.556387 0.151720 -0.007559 0.000391 -0.717398 0.696622
1776854975.47201 0.361095 0.556786 0.152343 -0.007565 0.000386 -0.717397 0.696624
1776854975.63868 0.361321 0.557217 0.153022 -0.007588 0.000334 -0.717406 0.696614
1776854975.80535 0.361551 0.557716 0.153818 -0.007610 0.000344 -0.717406 0.696614
1776854975.97201 0.361785 0.558292 0.154692 -0.007642 0.000293 -0.717398 0.696621
1776854976.13869 0.362027 0.558998 0.155717 -0.007642 0.000282 -0.717405 0.696615
1776854976.30534 0.362263 0.559810 0.156822 -0.007642 0.000285 -0.717419 0.696600
1776854976.47201 0.362509 0.560718 0.157967 -0.007671 0.000242 -0.717424 0.696595
1776854976.63868 0.361552 0.549943 0.143558 -0.007627 0.000233 -0.717414 0.696605
1776854976.80534 0.361515 0.550301 0.143693 -0.007630 0.000211 -0.717411 0.696609
1776854976.97200 0.361420 0.550652 0.143982 -0.007587 0.000244 -0.717419 0.696600
1776854977.13868 0.361317 0.550816 0.144105 -0.007590 0.000182 -0.717413 0.696607
