# .PCD v0.7 - Point Cloud Data file format
VERSION 0.7
FIELDS x y z rgb label
SIZE 4 4 4 4 4
TYPE F F F F U
COUNT 1 1 1 1 1
WIDTH 2605
HEIGHT 1
VIEWPOINT 0 0 0 1 0 0 0
POINTS 2605
DATA ascii
-0.452394 0.0706098 1.77953 2.30454e-39 3
-0.423641 0.0706098 1.77953 2.02867e-39 3
0.20659 0.155342 3.91496 4.51939e-39 3
0.269846 0.155342 3.91496 5.53392e-39 3
0.350633 0.163517 4.12101 4.79635e-39 3
0.452979 0.177533 4.47424 4.24281e-39 3
0.448402 0.151553 3.81947 4.14989e-39 3
-3.23712 0.208188 3.72853 2.30454e-39 3
-2.88252 0.257173 4.60584 4.24136e-39 3
-2.6521 0.242886 4.34996 3.4116e-39 3
-2.58485 0.257173 4.60584 2.95063e-39 3
-2.51043 0.257173 4.60584 2.85843e-39 3
-0.808706 0.128587 2.30292 3.78039e-39 3
-0.819716 0.136623 2.44685 3.0439e-39 3
-0.780181 0.136623 2.44685 4.05697e-39 3
-0.740646 0.136623 2.44685 4.33285e-39 3
-0.701111 0.136623 2.44685 3.41089e-39 3
-0.60487 0.124913 2.23712 3.31869e-39 3
-0.452394 0.0993624 1.77953 2.67404e-39 3
-0.372804 0.0874389 1.56598 3.22721e-39 3
-0.327832 0.0824895 1.47734 2.85843e-39 3
-0.303962 0.0824895 1.47734 4.05626e-39 3
-0.231951 0.0683116 1.22343 3.4116e-39 3
-0.384833 0.136623 2.44685 3.68819e-39 3
-0.345298 0.136623 2.44685 4.05626e-39 3
-0.305764 0.136623 2.44685 4.05697e-39 3
-0.0626789 0.124913 2.23712 4.24244e-39 3
0.0744919 0.203346 3.64182 4.05841e-39 3
0.14701 0.224202 4.01534 5.34879e-39 3
0.20659 0.218597 3.91496 5.53354e-39 3
0.276765 0.224202 4.01534 5.7201e-39 3
0.380687 0.249825 4.47424 5.44279e-39 3
0.510681 0.242886 4.34996 4.14917e-39 3
-3.23712 0.268431 3.72853 3.50308e-39 3
-3.70636 0.31317 4.34996 3.50308e-39 3
-3.14175 0.352316 4.8937 2.85843e-39 3
-3.06268 0.352316 4.8937 3.4116e-39 3
-2.80811 0.331592 4.60584 4.05697e-39 3
-2.73369 0.331592 4.60584 4.42575e-39 3
-2.65927 0.331592 4.60584 4.33356e-39 3
-2.58485 0.331592 4.60584 4.42576e-39 3
-0.805348 0.181841 2.52578 4.51795e-39 3
-0.764538 0.181841 2.52578 4.61015e-39 3
-0.701111 0.176158 2.44685 5.07113e-39 3
-0.661577 0.176158 2.44685 4.88637e-39 3
-0.537982 0.152353 2.11619 4.24136e-39 3
-0.372804 0.112741 1.56598 4.33464e-39 3
-0.315911 0.102492 1.42362 4.33464e-39 3
-0.277759 0.0971906 1.34999 4.79382e-39 3
-0.305764 0.176158 2.44685 5.34807e-39 3
-0.266229 0.176158 2.44685 4.97965e-39 3
-0.0843754 0.21681 3.01151 4.88781e-39 3
-0.0357173 0.21681 3.01151 4.88673e-39 3
0.0129409 0.21681 3.01151 5.44135e-39 3
0.0727989 0.25623 3.55905 5.34915e-39 3
0.154956 0.304706 4.23239 5.80977e-39 3
0.236103 0.322118 4.47424 6.45514e-39 3
0.376417 0.0593374 0.824202 5.25552e-39 3
0.389734 0.0593374 0.824202 5.25659e-39 3
0.398852 0.0587193 0.815617 4.98037e-39 3
0.412031 0.0587193 0.815617 5.2566e-39 3
0.425209 0.0587193 0.815617 5.16332e-39 3
0.438387 0.0587193 0.815617 4.42576e-39 3
0.48167 0.062634 0.869991 5.6243e-39 3
0.54409 0.0687446 0.954868 5.34807e-39 3
-3.23712 0.328675 3.72853 3.96478e-39 3
-3.51129 0.363272 4.12101 4.24137e-39 3
-3.77431 0.431386 4.8937 3.96441e-39 3
-3.69524 0.431386 4.8937 3.68747e-39 3
-3.5371 0.431386 4.8937 4.88709e-39 3
-3.14175 0.431386 4.8937 4.79561e-39 3
-3.06268 0.431386 4.8937 4.88781e-39 3
-2.80811 0.40601 4.60584 4.61122e-39 3
-2.73369 0.40601 4.60584 5.0722e-39 3
-2.51153 0.383454 4.34996 4.61123e-39 3
-2.44125 0.383454 4.34996 4.98001e-39 3
-2.37096 0.383454 4.34996 4.79561e-39 3
-0.780181 0.215693 2.44685 7.00831e-39 3
-0.740646 0.215693 2.44685 5.71757e-39 3
-0.659869 0.203005 2.30292 6.36186e-39 3
-0.588068 0.191727 2.17498 6.26967e-39 3
-0.473937 0.164337 1.86427 6.17855e-39 3
-0.365495 0.135337 1.53528 5.90196e-39 3
-0.315911 0.125494 1.42362 4.61123e-39 3
-0.277759 0.119003 1.34999 5.5321e-39 3
-0.269907 0.125494 1.42362 5.80869e-39 3
-0.345298 0.215693 2.44685 4.61123e-39 3
-0.296498 0.209157 2.3727 5.62538e-39 3
-0.258161 0.209157 2.3727 5.99416e-39 3
-0.219825 0.209157 2.3727 5.71757e-39 3
-0.181488 0.209157 2.3727 7.28382e-39 3
-0.131222 0.191727 2.17498 7.00831e-39 3
-0.098825 0.197205 2.23712 6.63953e-39 3
-0.0707665 0.222651 2.52578 6.36294e-39 3
-0.0422113 0.313735 3.55905 7.00723e-39 3
0.0842935 0.363272 4.12101 6.82392e-39 3
0.388691 0.0750236 0.851078 6.72956e-39 3
0.398115 0.0742169 0.841927 6.26967e-39 3
0.407339 0.0734273 0.83297 6.36258e-39 3
0.420797 0.0734273 0.83297 5.90088e-39 3
0.434256 0.0734273 0.83297 6.17675e-39 3
0.467613 0.0766908 0.869991 5.34771e-39 3
0.516075 0.0821687 0.932133 5.25551e-39 3
0.682707 0.0726544 0.824202 5.62286e-39 3
-3.20499 0.37124 3.55905 4.24173e-39 3
-2.73369 0.480428 4.60584 6.54733e-39 3
-2.51153 0.453738 4.34996 6.17891e-39 3
-2.44125 0.453738 4.34996 6.08671e-39 3
-2.24618 0.429857 4.12101 5.25695e-39 3
-0.846158 0.263461 2.52578 6.91539e-39 3
-0.780181 0.255228 2.44685 6.73207e-39 3
-0.697079 0.240214 2.30292 7.00831e-39 3
-0.62321 0.226869 2.17498 6.91611e-39 3
-0.504058 0.194459 1.86427 6.45406e-39 3
-0.442341 0.181495 1.73998 5.99416e-39 3
-0.388338 0.170152 1.63123 6.73244e-39 3
-0.315911 0.148496 1.42362 6.825e-39 3
-0.292909 0.148496 1.42362 7.37601e-39 3
-0.309268 0.170152 1.63123 6.08635e-39 3
-0.367021 0.220737 2.11619 7.46929e-39 3
-0.362196 0.240214 2.30292 7.19342e-39 3
-0.324987 0.240214 2.30292 7.74624e-39 3
-0.287778 0.240214 2.30292 6.45658e-39 3
-0.258161 0.247493 2.3727 6.4555e-39 3
-0.219825 0.247493 2.3727 6.54733e-39 3
-0.17615 0.240214 2.30292 7.7448e-39 3
-0.131222 0.226869 2.17498 9.12881e-39 3
-0.101732 0.240214 2.30292 9.49759e-39 3
-0.0707665 0.263461 2.52578 8.85222e-39 3
0.41103 0.0938768 0.899991 8.94118e-39 3
0.416008 0.0917672 0.879766 9.4036e-39 3
0.425443 0.0907476 0.869991 8.29725e-39 3
0.439499 0.0907476 0.869991 7.83555e-39 3
0.469196 0.0938768 0.899991 7.09799e-39 3
0.501014 0.0972295 0.932133 8.94226e-39 3
0.528662 0.099601 0.954868 8.20469e-39 3
0.603691 0.107464 1.03025 6.73028e-39 3
0.675596 0.0850759 0.815617 6.63629e-39 3
-2.31276 0.496442 4.12101 5.80976e-39 3
-2.24618 0.496442 4.12101 6.27254e-39 3
-0.819716 0.294762 2.44685 7.83734e-39 3
-0.734288 0.277423 2.30292 8.48344e-39 3
-0.697079 0.277423 2.30292 8.85222e-39 3
-0.521757 0.219358 1.82091 7.46929e-39 3
-0.470454 0.209609 1.73998 7.93062e-39 3
-0.442341 0.209609 1.73998 9.22172e-39 3
-0.405222 0.205052 1.70216 8.57599e-39 3
-0.361981 0.196508 1.63123 9.40539e-39 3
-0.335625 0.196508 1.63123 1.06029e-38 3
-0.322715 0.205052 1.70216 1.00508e-38 3
-0.339494 0.23581 1.95748 8.85222e-39 3
-0.362196 0.277423 2.30292 8.94442e-39 3
-0.334835 0.28583 2.3727 9.03733e-39 3
-0.296498 0.28583 2.3727 9.59087e-39 3
-0.258161 0.28583 2.3727 9.03661e-39 3
-0.219825 0.28583 2.3727 8.39124e-39 3
-0.181488 0.28583 2.3727 8.57491e-39 3
-0.138941 0.277423 2.30292 9.12736e-39 3
-0.111577 0.304271 2.52578 9.40395e-39 3
-0.0953809 0.410104 3.40431 9.40467e-39 3
0.41103 0.108418 0.899991 8.20325e-39 3
0.425572 0.108418 0.899991 8.38764e-39 3
0.440113 0.108418 0.899991 8.48056e-39 3
0.470892 0.11229 0.932133 8.01958e-39 3
0.485953 0.11229 0.932133 8.11177e-39 3
0.50705 0.113643 0.943364 8.38836e-39 3
0.528662 0.115029 0.954868 9.49363e-39 3
0.550807 0.116449 0.966657 1.01394e-38 3
0.573506 0.117905 0.97874 1.06925e-38 3
0.620337 0.12411 1.03025 1.00472e-38 3
-0.658765 0.225211 1.6484 7.56076e-39 3
-0.632131 0.225211 1.6484 8.57491e-39 3
-0.625242 0.232554 1.70216 8.48272e-39 3
-0.85925 0.334297 2.44685 7.83734e-39 3
-0.819716 0.334297 2.44685 8.94369e-39 3
-0.734288 0.314633 2.30292 8.29761e-39 3
-0.551178 0.248779 1.82091 9.40395e-39 3
-0.498568 0.237722 1.73998 9.03517e-39 3
-0.470454 0.237722 1.73998 8.94297e-39 3
-0.414227 0.237722 1.73998 8.85114e-39 3
-0.394889 0.243125 1.77953 8.3898e-39 3
-0.392927 0.260915 1.90974 9.21957e-39 3
-0.36207 0.260915 1.90974 9.31248e-39 3
-0.367021 0.289122 2.11619 1.02337e-38 3
-0.362196 0.314633 2.30292 9.49615e-39 3
-0.345298 0.334297 2.44685 9.31284e-39 3
-0.305764 0.334297 2.44685 9.4054e-39 3
-0.266229 0.334297 2.44685 8.94442e-39 3
-0.226694 0.334297 2.44685 9.12809e-39 3
-0.187159 0.334297 2.44685 9.77274e-39 3
-0.162896 0.36888 2.69997 1.03248e-38 3
-0.150386 0.465109 3.40431 1.01404e-38 3
0.401099 0.12439 0.910456 1.3364e-38 3
0.41103 0.12296 0.899991 1.2535e-38 3
0.43052 0.12439 0.910456 1.17982e-38 3
0.461323 0.128886 0.943364 1.12457e-38 3
0.476566 0.128886 0.943364 1.17985e-38 3
0.491808 0.128886 0.943364 1.29974e-38 3
0.50705 0.128886 0.943364 1.20755e-38 3
0.522293 0.128886 0.943364 1.07847e-38 3
0.54409 0.130457 0.954868 9.58583e-39 3
0.559518 0.130457 0.954868 8.01886e-39 3
0.574947 0.130457 0.954868 8.11106e-39 3
0.590375 0.130457 0.954868 8.01958e-39 3
0.584422 0.125853 0.921167 8.94226e-39 3
0.599305 0.125853 0.921167 9.67946e-39 3
-0.704616 0.249221 1.63123 8.57491e-39 3
-0.67826 0.249221 1.63123 9.12808e-39 3
-0.651903 0.249221 1.63123 1.06021e-38 3
-0.625547 0.249221 1.63123 9.95641e-39 3
-0.611939 0.254524 1.66594 9.49615e-39 3
-0.591312 0.257261 1.68385 9.77273e-39 3
-0.749454 0.341789 2.23712 9.49615e-39 3
-0.594423 0.284824 1.86427 9.67982e-39 3
-0.526682 0.265836 1.73998 9.58798e-39 3
-0.498568 0.265836 1.73998 9.40359e-39 3
-0.470454 0.265836 1.73998 1.01412e-38 3
-0.443815 0.284824 1.86427 9.95568e-39 3
-0.445516 0.306734 2.00767 1.10631e-38 3
-0.435405 0.323314 2.11619 9.67946e-39 3
-0.42414 0.341789 2.23712 1.05103e-38 3
-0.411508 0.362504 2.3727 1.03248e-38 3
-0.384833 0.373832 2.44685 1.08784e-38 3
-0.345298 0.373832 2.44685 1.01415e-38 3
-0.305764 0.373832 2.44685 9.68198e-39 3
-0.266229 0.373832 2.44685 9.95785e-39 3
-0.234007 0.385891 2.52578 1.06025e-38 3
-0.213896 0.427236 2.7964 1.17074e-38 3
0.357305 0.12863 0.841927 1.27194e-38 3
0.383272 0.132918 0.869991 1.32726e-38 3
0.397329 0.132918 0.869991 1.23506e-38 3
0.446081 0.144128 0.943364 1.18896e-38 3
0.472714 0.147687 0.966657 1.1706e-38 3
0.488333 0.147687 0.966657 1.15212e-38 3
0.497806 0.145886 0.954868 1.17978e-38 3
0.513234 0.145886 0.954868 1.15212e-38 3
0.528662 0.145886 0.954868 1.11524e-38 3
0.54409 0.145886 0.954868 1.04159e-38 3
0.552777 0.144128 0.943364 1.04159e-38 3
0.56802 0.144128 0.943364 1.07847e-38 3
0.590375 0.145886 0.954868 1.03238e-38 3
0.545888 0.131457 0.860431 9.2174e-39 3
0.547752 0.12863 0.841927 8.84899e-39 3
0.561356 0.12863 0.841927 9.6791e-39 3
0.562855 0.125922 0.824202 1.06929e-38 3
0.57017 0.124611 0.815617 1.189e-38 3
0.583348 0.124611 0.815617 1.09691e-38 3
2.57665 0.346743 2.26954 5.62322e-39 3
-0.716055 0.269954 1.59794 1.02334e-38 3
-0.704616 0.275578 1.63123 1.00493e-38 3
-0.67826 0.275578 1.63123 1.12482e-38 3
-0.651903 0.275578 1.63123 1.14308e-38 3
-0.625547 0.275578 1.63123 1.17996e-38 3
-0.605497 0.278479 1.6484 1.14312e-38 3
-0.578863 0.278479 1.6484 1.21695e-38 3
-0.708943 0.357506 2.11619 1.23542e-38 3
-0.594423 0.314946 1.86427 1.27216e-38 3
-0.538652 0.30063 1.77953 1.25368e-38 3
-0.498568 0.29395 1.73998 1.23528e-38 3
-0.492336 0.307622 1.82091 1.21684e-38 3
-0.477954 0.339173 2.00767 1.29056e-38 3
-0.469598 0.357506 2.11619 1.29981e-38 3
-0.460286 0.377935 2.23712 1.31818e-38 3
-0.449845 0.40084 2.3727 1.2629e-38 3
-0.424368 0.413367 2.44685 1.20758e-38 3
-0.384833 0.413367 2.44685 1.16152e-38 3
-0.345298 0.413367 2.44685 1.08791e-38 3
-0.305764 0.413367 2.44685 1.0511e-38 3
0.821298 0.314946 1.86427 1.35495e-38 3
0.777383 0.287559 1.70216 1.30878e-38 3
0.804885 0.287559 1.70216 1.29031e-38 3
0.503814 0.174049 1.03025 1.2996e-38 3
0.52046 0.174049 1.03025 1.29953e-38 3
0.510251 0.165347 0.97874 1.34566e-38 3
0.526065 0.165347 0.97874 1.35492e-38 3
0.535189 0.163305 0.966657 1.2535e-38 3
0.54409 0.161314 0.954868 1.1245e-38 3
0.539771 0.15562 0.921167 1.08773e-38 3
0.529726 0.148626 0.879766 1.11532e-38 3
0.537897 0.146975 0.869991 1.11539e-38 3
0.534149 0.142234 0.841927 1.17992e-38 3
0.547752 0.142234 0.841927 1.17989e-38 3
0.555384 0.140721 0.83297 1.12457e-38 3
0.562855 0.139239 0.824202 1.189e-38 3
0.57017 0.137789 0.815617 1.09677e-38 3
0.697389 0.142234 0.841927 9.03302e-39 3
2.53984 0.377935 2.23712 5.80797e-39 3
2.64828 0.377935 2.23712 4.97857e-39 3
-0.767692 0.295772 1.59794 1.17056e-38 3
-0.719838 0.286987 1.55048 1.18904e-38 3
-0.708822 0.292785 1.5818 1.07854e-38 3
-0.697352 0.298822 1.61442 1.02337e-38 3
-0.671267 0.298822 1.61442 1.08794e-38 3
-0.651903 0.301934 1.63123 1.06933e-38 3
-0.625547 0.301934 1.63123 1.13379e-38 3
-0.605497 0.305113 1.6484 1.10613e-38 3
-0.578863 0.305113 1.6484 1.07847e-38 3
-0.624545 0.345068 1.86427 1.07851e-38 3
-0.567404 0.329383 1.77953 1.15216e-38 3
-0.538652 0.329383 1.77953 1.29038e-38 3
-0.521757 0.337043 1.82091 1.32726e-38 3
-0.542832 0.371611 2.00767 1.31804e-38 3
-0.517784 0.402579 2.17498 1.31811e-38 3
-0.482642 0.402579 2.17498 1.34588e-38 3
-0.473823 0.42626 2.30292 1.35495e-38 3
-0.449845 0.439177 2.3727 1.26276e-38 3
-0.411508 0.439177 2.3727 1.26276e-38 3
-0.373172 0.439177 2.3727 1.13379e-38 3
-0.315701 0.414081 2.23712 1.09709e-38 3
-0.305764 0.452901 2.44685 1.02337e-38 3
0.624554 0.391698 2.11619 1.05067e-38 3
0.641411 0.381391 2.06051 1.13365e-38 3
0.692938 0.391698 2.11619 1.19811e-38 3
0.747329 0.402579 2.17498 1.24421e-38 3
0.665922 0.301934 1.63123 1.20733e-38 3
0.692279 0.301934 1.63123 1.17052e-38 3
0.733926 0.308358 1.66594 1.12443e-38 3
0.777383 0.315062 1.70216 1.11521e-38 3
0.804885 0.315062 1.70216 1.30875e-38 3
0.832388 0.315062 1.70216 1.50236e-38 3
0.58169 0.21313 1.15146 1.35484e-38 3
0.537106 0.190695 1.03025 1.19822e-38 3
0.553752 0.190695 1.03025 1.21662e-38 3
0.767262 0.256511 1.38583 1.2351e-38 3
0.550807 0.178924 0.966657 1.33651e-38 3
0.546197 0.172534 0.932133 1.26286e-38 3
0.529726 0.162841 0.879766 1.16145e-38 3
0.537897 0.161032 0.869991 1.1062e-38 3
0.539955 0.157531 0.851078 1.17074e-38 3
0.547752 0.155837 0.841927 1.23528e-38 3
1.22838 0.341008 1.84233 1.28138e-38 3
0.677467 0.157531 0.851078 1.29052e-38 3
0.785087 0.178924 0.966657 1.07847e-38 3
0.767541 0.171513 0.926618 1.05081e-38 3
2.27274 0.381391 2.06051 6.08491e-39 3
2.30603 0.381391 2.06051 5.62394e-39 3
2.46929 0.402579 2.17498 5.53174e-39 3
2.50443 0.402579 2.17498 5.53138e-39 3
2.57534 0.408249 2.20561 6.08527e-39 3
-0.892159 0.350177 1.73998 1.25343e-38 3
-0.810042 0.328291 1.63123 1.26272e-38 3
-0.752338 0.315159 1.56598 1.2351e-38 3
-0.727036 0.315159 1.56598 1.15223e-38 3
-0.701734 0.315159 1.56598 1.11546e-38 3
-0.690236 0.321591 1.59794 1.12479e-38 3
-0.664418 0.321591 1.59794 1.09716e-38 3
-0.651903 0.328291 1.63123 1.22606e-38 3
-0.625547 0.328291 1.63123 1.19833e-38 3
-0.625242 0.342564 1.70216 1.19833e-38 3
-0.624909 0.358135 1.77953 1.18904e-38 3
-0.596157 0.358135 1.77953 1.19818e-38 3
-0.531187 0.335276 1.66594 1.26261e-38 3
-0.526682 0.350177 1.73998 1.26258e-38 3
-0.53418 0.375189 1.86427 1.26258e-38 3
-0.557117 0.414683 2.06051 1.35477e-38 3
-0.517784 0.437721 2.17498 1.40094e-38 3
-0.496432 0.450227 2.23712 1.37335e-38 3
-0.473823 0.463469 2.30292 1.2996e-38 3
-0.449845 0.477514 2.3727 1.35492e-38 3
-0.411508 0.477514 2.3727 1.40098e-38 3
-0.32407 0.414683 2.06051 1.27194e-38 3
-0.256966 0.366464 1.82091 1.18904e-38 3
-0.208179 0.335276 1.66594 1.27219e-38 3
-0.177486 0.328291 1.63123 1.32747e-38 3
-0.131895 0.286508 1.42362 1.4103e-38 3
-0.106002 0.278902 1.38583 1.41023e-38 3
-0.0787331 0.262633 1.30499 1.41016e-38 3
0.52008 0.375189 1.86427 1.35499e-38 3
0.513522 0.350177 1.73998 1.44711e-38 3
0.553945 0.358135 1.77953 1.29041e-38 3
0.582698 0.358135 1.77953 1.27187e-38 3
0.62567 0.366464 1.82091 1.19811e-38 3
0.655092 0.366464 1.82091 1.06911e-38 3
0.639871 0.342564 1.70216 1.24435e-38 3
0.639566 0.328291 1.63123 1.33655e-38 3
0.665922 0.328291 1.63123 1.42874e-38 3
0.692279 0.328291 1.63123 1.41952e-38 3
0.733926 0.335276 1.66594 1.4103e-38 3
0.760843 0.335276 1.66594 1.42874e-38 3
0.78776 0.335276 1.66594 1.62221e-38 3
0.781425 0.321591 1.59794 1.67746e-38 3
0.659249 0.262633 1.30499 1.68675e-38 3
0.591595 0.228376 1.13477 1.65913e-38 3
0.60993 0.228376 1.13477 1.54856e-38 3
0.753918 0.274051 1.36173 1.39183e-38 3
0.77592 0.274051 1.36173 1.29974e-38 3
0.804921 0.276455 1.37367 1.18914e-38 3
0.78576 0.262633 1.30499 1.1523e-38 3
0.605134 0.196974 0.97874 1.1523e-38 3
0.96458 0.30598 1.52037 1.13397e-38 3
1.02911 0.318343 1.5818 1.0049e-38 3
1.21409 0.366464 1.82091 9.49471e-39 3
1.27312 0.375189 1.86427 9.12593e-39 3
0.820092 0.207342 1.03025 1.09698e-38 3
0.836738 0.207342 1.03025 1.16152e-38 3
0.790941 0.19217 0.954868 1.18918e-38 3
0.816325 0.194543 0.966657 1.17074e-38 3
2.46167 0.492436 2.44685 8.38945e-39 3
2.5012 0.492436 2.44685 7.92919e-39 3
1.84998 0.342564 1.70216 7.92846e-39 3
1.87748 0.342564 1.70216 6.45369e-39 3
2.08641 0.375189 1.86427 5.71613e-39 3
2.14203 0.37971 1.88673 6.17711e-39 3
2.47012 0.431725 2.14518 6.17711e-39 3
2.53957 0.437721 2.17498 5.71649e-39 3
2.64828 0.450227 2.23712 4.79454e-39 3
2.68442 0.450227 2.23712 4.79454e-39 3
-0.948386 0.37829 1.73998 1.41016e-38 3
-0.881112 0.362193 1.66594 1.37335e-38 3
-0.854194 0.362193 1.66594 1.41023e-38 3
-0.810042 0.354647 1.63123 1.37339e-38 3
-0.767692 0.34741 1.59794 1.29981e-38 3
-0.741873 0.34741 1.59794 1.29067e-38 3
-0.716055 0.34741 1.59794 1.21691e-38 3
-0.697352 0.350991 1.61442 1.1801e-38 3
-0.671267 0.350991 1.61442 1.13404e-38 3
-0.645182 0.350991 1.61442 1.18918e-38 3
-0.619098 0.350991 1.61442 1.22606e-38 3
-0.611939 0.362193 1.66594 1.29981e-38 3
-0.572834 0.354647 1.63123 1.19826e-38 3
-0.546477 0.354647 1.63123 1.27194e-38 3
-0.520121 0.354647 1.63123 1.2719e-38 3
-0.50427 0.362193 1.66594 1.29956e-38 3
-0.496432 0.486373 2.23712 1.40087e-38 3
-0.460286 0.486373 2.23712 1.33648e-38 3
-0.286387 0.395885 1.82091 1.22573e-38 3
-0.230199 0.354647 1.63123 1.2074e-38 3
-0.195689 0.340461 1.56598 1.09691e-38 3
-0.163833 0.327367 1.50575 1.24432e-38 3
-0.119904 0.281373 1.2942 1.28116e-38 3
-0.0981819 0.279067 1.28359 1.39165e-38 3
-0.0743935 0.26808 1.23306 1.45626e-38 3
-0.0562418 0.276798 1.27316 1.62221e-38 3
-0.0348216 0.270207 1.24284 1.73277e-38 3
0.282339 0.370067 1.70216 1.59441e-38 3
0.233651 0.279067 1.28359 1.5208e-38 3
0.248285 0.272369 1.25279 1.43786e-38 3
0.447354 0.370067 1.70216 1.56704e-38 3
0.45507 0.354647 1.63123 1.58548e-38 3
0.502358 0.370067 1.70216 1.58548e-38 3
0.529861 0.370067 1.70216 1.53016e-38 3
0.569749 0.37829 1.73998 1.53923e-38 3
0.611451 0.386888 1.77953 1.57615e-38 3
0.599339 0.362193 1.66594 1.53016e-38 3
0.555359 0.32119 1.47734 1.43807e-38 3
0.495148 0.274566 1.26289 1.32747e-38 3
0.507369 0.270207 1.24284 1.34588e-38 3
0.527451 0.270207 1.24284 1.27212e-38 3
0.556363 0.274566 1.26289 1.44718e-38 3
0.616545 0.293501 1.34999 1.50261e-38 3
0.638357 0.293501 1.34999 1.6315e-38 3
0.638164 0.283718 1.30499 1.63129e-38 3
0.613255 0.263924 1.21394 1.54845e-38 3
0.591595 0.246711 1.13477 1.54856e-38 3
0.60993 0.246711 1.13477 1.5209e-38 3
0.741031 0.290993 1.33845 1.4196e-38 3
0.579421 0.221079 1.01687 1.33666e-38 3
0.777636 0.288527 1.32711 1.27216e-38 3
0.772879 0.279067 1.28359 1.32747e-38 3
0.834668 0.293501 1.34999 1.32758e-38 3
0.863928 0.296053 1.36173 1.2446e-38 3
0.856151 0.286102 1.31595 1.27226e-38 3
0.80317 0.261893 1.2046 1.16163e-38 3
0.835487 0.265985 1.22343 1.15241e-38 3
0.81696 0.254076 1.16864 1.13393e-38 3
0.746686 0.226974 1.04399 1.11542e-38 3
0.734186 0.218244 1.00384 1.18918e-38 3
0.763273 0.212788 0.97874 1.14308e-38 3
0.831026 0.226974 1.04399 1.14308e-38 3
0.847894 0.226974 1.04399 1.17996e-38 3
0.800706 0.210161 0.966657 1.16152e-38 3
0.816325 0.210161 0.966657 1.14308e-38 3
2.32872 0.472863 2.17498 9.03517e-39 3
1.81062 0.362193 1.66594 9.21884e-39 3
1.79925 0.354647 1.63123 7.56004e-39 3
1.86445 0.362193 1.66594 7.09906e-39 3
2.09163 0.400543 1.84233 6.45369e-39 3
2.43674 0.460083 2.11619 6.4537e-39 3
2.47093 0.460083 2.11619 7.00723e-39 3
2.61098 0.479523 2.20561 4.98001e-39 3
-0.934946 0.38911 1.66594 1.18893e-38 3
-0.908029 0.38911 1.66594 1.26272e-38 3
-0.862755 0.381004 1.63123 1.13368e-38 3
-0.637256 0.290289 1.24284 1.11524e-38 3
-0.810042 0.381004 1.63123 1.05078e-38 3
-0.783686 0.381004 1.63123 9.86349e-39 3
-0.757329 0.381004 1.63123 9.86421e-39 3
-0.730973 0.381004 1.63123 9.49615e-39 3
-0.704616 0.381004 1.63123 9.21992e-39 3
-0.67826 0.381004 1.63123 1.02334e-38 3
-0.651903 0.381004 1.63123 1.05099e-38 3
-0.625547 0.381004 1.63123 9.58727e-39 3
-0.575222 0.365764 1.56598 1.03245e-38 3
-0.539137 0.358592 1.53528 1.10613e-38 3
-0.50444 0.351696 1.50575 1.13368e-38 3
-0.423149 0.309969 1.32711 1.17052e-38 3
-0.493764 0.381004 1.63123 1.35477e-38 3
-0.53418 0.435433 1.86427 1.38236e-38 3
-0.572174 0.494275 2.11619 1.20722e-38 3
-0.256555 0.381004 1.63123 1.37321e-38 3
-0.216658 0.358592 1.53528 1.40087e-38 3
-0.177899 0.332512 1.42362 1.40083e-38 3
-0.133114 0.285753 1.22343 1.39165e-38 3
-0.113347 0.285753 1.22343 1.39165e-38 3
-0.0928542 0.283538 1.21394 1.44693e-38 3
-0.0721219 0.279209 1.19541 1.41005e-38 3
-0.0536259 0.283538 1.21394 1.46537e-38 3
-0.0332388 0.277094 1.18635 1.47455e-38 3
-0.0143977 0.283538 1.21394 1.49299e-38 3
0.00505961 0.27501 1.17743 1.48381e-38 3
0.0227174 0.259407 1.11063 1.52984e-38 3
0.0403759 0.25758 1.10281 1.87092e-38 3
0.0677344 0.299806 1.28359 1.68653e-38 3
0.088474 0.299806 1.28359 1.82475e-38 3
0.125699 0.34506 1.47734 1.84312e-38 3
0.213136 0.332512 1.42362 1.88929e-38 3
0.188226 0.265046 1.13477 1.70508e-38 3
0.206561 0.265046 1.13477 1.60381e-38 3
0.224896 0.265046 1.13477 1.63147e-38 3
0.245006 0.266981 1.14305 1.50246e-38 3
0.263475 0.266981 1.14305 1.42874e-38 3
0.284017 0.268944 1.15146 1.45647e-38 3
0.300413 0.266981 1.14305 1.45655e-38 3
0.316571 0.265046 1.13477 1.41041e-38 3
0.391669 0.309969 1.32711 1.37353e-38 3
0.443156 0.332512 1.42362 1.36435e-38 3
0.466158 0.332512 1.42362 1.41945e-38 3
0.48916 0.332512 1.42362 1.41027e-38 3
0.485671 0.315313 1.34999 1.41034e-38 3
0.467207 0.290289 1.24284 1.40123e-38 3
0.458196 0.272958 1.16864 1.39205e-38 3
0.466632 0.266981 1.14305 1.33669e-38 3
0.474706 0.26126 1.11856 1.36428e-38 3
0.489284 0.259407 1.11063 1.41963e-38 3
0.476795 0.243842 1.04399 1.32744e-38 3
0.500334 0.247138 1.0581 1.3458e-38 3
0.554925 0.265046 1.13477 1.41949e-38 3
0.594811 0.27501 1.17743 1.46548e-38 3
0.647938 0.290289 1.24284 1.40105e-38 3
0.601217 0.26126 1.11856 1.31818e-38 3
0.541879 0.228602 0.97874 1.31825e-38 3
0.557693 0.228602 0.97874 1.31825e-38 3
0.746025 0.297369 1.27316 1.29981e-38 3
0.73665 0.285753 1.22343 1.32751e-38 3
0.628711 0.237509 1.01687 1.29992e-38 3
0.814358 0.299806 1.28359 1.33684e-38 3
0.828308 0.297369 1.27316 1.27216e-38 3
0.791001 0.277094 1.18635 1.1984e-38 3
0.644231 0.22034 0.943364 1.20762e-38 3
0.81696 0.272958 1.16864 1.1984e-38 3
0.746686 0.243842 1.04399 1.25372e-38 3
0.743721 0.237509 1.01687 1.25372e-38 3
0.750406 0.234464 1.00384 1.22606e-38 3
0.766625 0.234464 1.00384 1.1984e-38 3
0.763273 0.228602 0.97874 1.24443e-38 3
0.831026 0.243842 1.04399 1.17067e-38 3
0.865198 0.248819 1.0653 1.17067e-38 3
0.800706 0.22578 0.966657 1.18911e-38 3
0.816325 0.22578 0.966657 1.14308e-38 3
0.842343 0.228602 0.97874 1.06932e-38 3
0.869019 0.231496 0.991129 1.06933e-38 3
1.81062 0.38911 1.66594 8.66567e-39 3
1.83753 0.38911 1.66594 8.57419e-39 3
1.86445 0.38911 1.66594 7.74443e-39 3
1.89137 0.38911 1.66594 7.09906e-39 3
1.91829 0.38911 1.66594 7.19126e-39 3
2.12615 0.425307 1.82091 6.82248e-39 3
2.4392 0.481268 2.06051 6.63809e-39 3
-0.627608 0.287548 1.15146 9.58619e-39 3
-0.609004 0.287548 1.15146 9.58619e-39 3
-0.599211 0.29184 1.16864 9.40252e-39 3
-0.810042 0.40736 1.63123 9.40324e-39 3
-0.704616 0.40736 1.63123 9.21956e-39 3
-0.67826 0.40736 1.63123 9.127e-39 3
-0.651903 0.40736 1.63123 9.77129e-39 3
-0.58875 0.383398 1.53528 1.06011e-38 3
-0.532613 0.362098 1.44999 1.18907e-38 3
-0.429625 0.30552 1.22343 1.17978e-38 3
-0.409858 0.30552 1.22343 1.25346e-38 3
-0.378269 0.296262 1.18635 1.32719e-38 3
-0.359101 0.296262 1.18635 1.32719e-38 3
-0.367796 0.320546 1.28359 1.39161e-38 3
-0.197313 0.349166 1.3982 1.53898e-38 3
-0.147134 0.294035 1.17743 1.7327e-38 3
-0.127154 0.29184 1.16864 1.78802e-38 3
-0.109912 0.296262 1.18635 1.71426e-38 3
-0.0914366 0.298524 1.19541 1.54831e-38 3
-0.0710374 0.294035 1.17743 1.59434e-38 3
-0.0528072 0.298524 1.19541 1.5482e-38 3
-0.0327427 0.29184 1.16864 1.3547e-38 3
-0.0137578 0.289678 1.15999 1.4469e-38 3
0.00484121 0.281342 1.12661 1.48367e-38 3
0.0217902 0.266031 1.0653 1.62192e-38 3
0.0390026 0.266031 1.0653 1.93532e-38 3
0.0550907 0.260711 1.04399 1.89851e-38 3
0.0719588 0.260711 1.04399 1.70501e-38 3
0.0876582 0.25728 1.03025 1.60345e-38 3
0.104995 0.258984 1.03708 1.59412e-38 3
0.120951 0.25728 1.03025 1.79699e-38 3
0.136698 0.255599 1.02352 1.72327e-38 3
0.15224 0.253939 1.01687 1.6588e-38 3
0.16867 0.253939 1.01687 1.65887e-38 3
0.187536 0.25728 1.03025 1.54838e-38 3
0.206904 0.260711 1.04399 1.51161e-38 3
0.233096 0.271574 1.08749 1.49321e-38 3
0.256001 0.277352 1.11063 1.40109e-38 3
0.277887 0.281342 1.12661 1.34588e-38 3
0.298236 0.283381 1.13477 1.29981e-38 3
0.312048 0.279333 1.11856 1.27216e-38 3
0.32778 0.277352 1.11063 1.25372e-38 3
0.345725 0.277352 1.11063 1.25386e-38 3
0.382667 0.29184 1.16864 1.33666e-38 3
0.40155 0.29184 1.16864 1.30903e-38 3
0.426802 0.296262 1.18635 1.32747e-38 3
0.432854 0.287548 1.15146 1.25382e-38 3
0.432383 0.275399 1.10281 1.19851e-38 3
0.443948 0.271574 1.08749 1.16152e-38 3
0.443058 0.260711 1.04399 1.17074e-38 3
0.447981 0.253939 1.01687 1.23521e-38 3
0.461414 0.252301 1.01031 1.31825e-38 3
0.468667 0.24751 0.991129 1.38279e-38 3
0.554925 0.283381 1.13477 1.53012e-38 3
0.590372 0.29184 1.16864 1.49325e-38 3
0.642836 0.307926 1.23306 1.45637e-38 3
0.668019 0.31037 1.24284 1.29974e-38 3
0.661836 0.298524 1.19541 1.2813e-38 3
0.675991 0.296262 1.18635 1.26294e-38 3
0.705854 0.30082 1.2046 1.26294e-38 3
0.703666 0.29184 1.16864 1.27216e-38 3
0.672371 0.271574 1.08749 1.23528e-38 3
0.709655 0.279333 1.11856 1.29981e-38 3
0.749132 0.287548 1.15146 1.29052e-38 3
0.791001 0.296262 1.18635 1.26286e-38 3
0.66839 0.244416 0.97874 1.26286e-38 3
0.659473 0.235582 0.943364 1.17989e-38 3
0.746686 0.260711 1.04399 1.38261e-38 3
0.743721 0.253939 1.01687 1.45648e-38 3
0.750406 0.250683 1.00384 1.42878e-38 3
0.766625 0.250683 1.00384 1.20755e-38 3
0.772935 0.24751 0.991129 1.20751e-38 3
0.809441 0.253939 1.01687 1.18911e-38 3
0.853585 0.26246 1.051 1.14301e-38 3
0.810715 0.244416 0.97874 1.16145e-38 3
0.826529 0.244416 0.97874 1.17989e-38 3
0.842343 0.244416 0.97874 1.18911e-38 3
0.858157 0.244416 0.97874 1.08769e-38 3
0.885034 0.24751 0.991129 1.10613e-38 3
0.822922 0.22605 0.905193 1.09691e-38 3
1.54144 0.416028 1.66594 1.13386e-38 3
1.56836 0.416028 1.66594 1.12461e-38 3
0.856665 0.2197 0.879766 1.10617e-38 3
0.85174 0.214871 0.860431 1.12461e-38 3
1.86445 0.416028 1.66594 8.1125e-39 3
1.89137 0.416028 1.66594 8.20469e-39 3
1.83999 0.399047 1.59794 6.36078e-39 3
2.12615 0.454728 1.82091 7.37493e-39 3
-0.62775 0.297406 1.11856 9.86349e-39 3
-0.614063 0.299545 1.12661 1.06007e-38 3
-0.59586 0.299545 1.12661 1.00486e-38 3
-0.439241 0.270369 1.01687 9.49543e-39 3
-0.417391 0.266903 1.00384 1.26286e-38 3
-0.411728 0.273926 1.03025 1.26286e-38 3
-0.428946 0.297406 1.11856 1.29963e-38 3
-0.410873 0.297406 1.11856 1.50247e-38 3
-0.371568 0.28133 1.0581 1.39176e-38 3
-0.388606 0.308421 1.15999 1.19808e-38 3
-0.378269 0.31543 1.18635 1.26265e-38 3
-0.359101 0.31543 1.18635 1.17967e-38 3
-0.342528 0.317838 1.19541 1.14283e-38 3
-0.323213 0.317838 1.19541 1.48381e-38 3
-0.221339 0.265203 0.997442 1.53906e-38 3
-0.205223 0.265203 0.997442 1.52998e-38 3
-0.189107 0.265203 0.997442 1.48392e-38 3
-0.172991 0.265203 0.997442 1.51158e-38 3
-0.15788 0.266903 1.00384 1.64976e-38 3
-0.144439 0.272136 1.02352 1.6866e-38 3
-0.138786 0.295297 1.11063 1.63129e-38 3
-0.12258 0.299545 1.12661 1.56675e-38 3
-0.105901 0.303918 1.14305 1.4469e-38 3
-0.0874321 0.303918 1.14305 1.43768e-38 3
-0.0684636 0.301716 1.13477 1.64958e-38 3
-0.0501286 0.301716 1.13477 1.56661e-38 3
-0.0315649 0.299545 1.12661 1.43757e-38 3
-0.0129881 0.291167 1.09509 1.42846e-38 3
0.00451629 0.279442 1.051 1.42835e-38 3
0.0213544 0.277579 1.04399 1.58504e-38 3
0.0377196 0.273926 1.03025 1.68639e-38 3
0.0547258 0.275741 1.03708 1.59426e-38 3
0.0714823 0.275741 1.03708 1.62199e-38 3
0.0876582 0.273926 1.03025 1.64033e-38 3
0.103623 0.272136 1.02352 1.6494e-38 3
0.12016 0.272136 1.02352 1.64018e-38 3
0.13581 0.270369 1.01687 1.72316e-38 3
0.15224 0.270369 1.01687 1.73249e-38 3
0.16867 0.270369 1.01687 1.64036e-38 3
0.1851 0.270369 1.01687 1.45601e-38 3
0.202847 0.272136 1.02352 1.40998e-38 3
0.225274 0.279442 1.051 1.45615e-38 3
0.250667 0.289145 1.08749 1.54849e-38 3
0.272016 0.293217 1.10281 1.52094e-38 3
0.289835 0.293217 1.10281 1.5486e-38 3
0.30338 0.289145 1.08749 1.438e-38 3
0.314401 0.283244 1.0653 1.40119e-38 3
0.331614 0.283244 1.0653 1.34591e-38 3
0.34185 0.277579 1.04399 1.38279e-38 3
0.356342 0.275741 1.03708 1.29981e-38 3
0.373099 0.275741 1.03708 1.28152e-38 3
0.389855 0.275741 1.03708 1.18932e-38 3
0.406611 0.275741 1.03708 1.30911e-38 3
0.423368 0.275741 1.03708 1.44744e-38 3
0.434371 0.272136 1.02352 1.53952e-38 3
0.447981 0.270369 1.01687 1.40123e-38 3
0.452653 0.263524 0.991129 1.26304e-38 3
0.462809 0.26023 0.97874 1.29989e-38 3
0.539293 0.293217 1.10281 1.29059e-38 3
0.57326 0.301716 1.13477 1.31818e-38 3
0.604742 0.308421 1.15999 1.30896e-38 3
0.63286 0.313059 1.17743 1.20758e-38 3
0.647019 0.310723 1.16864 1.18911e-38 3
0.557693 0.26023 0.97874 1.33662e-38 3
0.573506 0.26023 0.97874 1.22602e-38 3
0.59678 0.263524 0.991129 1.20755e-38 3
0.645477 0.277579 1.04399 1.25365e-38 3
0.689942 0.289145 1.08749 1.32729e-38 3
0.738275 0.301716 1.13477 1.29963e-38 3
0.767736 0.306153 1.15146 1.24432e-38 3
0.689951 0.268625 1.01031 1.34573e-38 3
0.675757 0.257017 0.966657 1.32726e-38 3
0.691375 0.257017 0.966657 1.28112e-38 3
0.72951 0.265203 0.997442 1.24425e-38 3
0.745626 0.265203 0.997442 1.189e-38 3
0.761742 0.265203 0.997442 1.17989e-38 3
0.772935 0.263524 0.991129 1.15212e-38 3
0.804219 0.268625 1.01031 1.0968e-38 3
0.853585 0.279442 1.051 1.08759e-38 3
0.810715 0.26023 0.97874 1.25354e-38 3
0.826529 0.26023 0.97874 1.32729e-38 3
0.842343 0.26023 0.97874 1.16134e-38 3
0.858157 0.26023 0.97874 1.11524e-38 3
0.873971 0.26023 0.97874 1.07837e-38 3
0.822922 0.240675 0.905193 1.07837e-38 3
0.814021 0.233915 0.879766 1.00472e-38 3
0.898939 0.253883 0.954868 9.40216e-39 3
0.914367 0.253883 0.954868 8.84863e-39 3
0.837837 0.228774 0.860431 1.06007e-38 3
0.833423 0.223854 0.841927 1.08773e-38 3
0.851474 0.221472 0.83297 9.95462e-39 3
0.878959 0.225064 0.846478 9.86314e-39 3
0.938282 0.236573 0.889764 8.84899e-39 3
0.963608 0.239292 0.899991 8.48128e-39 3
1.01308 0.247838 0.932133 8.20469e-39 3
1.18307 0.285184 1.07259 8.1125e-39 3
-0.589356 0.272636 0.966657 8.57275e-39 3
-0.623795 0.296423 1.051 9.5869e-39 3
-0.636727 0.311035 1.10281 1.01401e-38 3
-0.62775 0.315479 1.11856 9.58763e-39 3
-0.605353 0.313241 1.11063 9.77202e-39 3
-0.583271 0.311035 1.10281 1.05096e-38 3
-0.472101 0.286799 1.01687 1.08784e-38 3
-0.455671 0.286799 1.01687 1.15237e-38 3
-0.43361 0.283122 1.00384 1.43807e-38 3
-0.417391 0.283122 1.00384 1.22602e-38 3
-0.401171 0.283122 1.00384 1.18911e-38 3
-0.384952 0.283122 1.00384 1.27208e-38 3
-0.378436 0.290573 1.03025 1.189e-38 3
-0.36179 0.290573 1.03025 1.18893e-38 3
-0.366866 0.30886 1.09509 1.21652e-38 3
-0.367144 0.324758 1.15146 1.29949e-38 3
-0.351121 0.327163 1.15999 1.32722e-38 3
-0.332379 0.327163 1.15999 1.4102e-38 3
-0.309058 0.322387 1.14305 1.52072e-38 3
-0.278396 0.30886 1.09509 1.40094e-38 3
-0.250204 0.296423 1.051 1.35488e-38 3
-0.221339 0.281319 0.997442 1.37336e-38 3
-0.205223 0.281319 0.997442 1.28116e-38 3
-0.18791 0.279538 0.991129 1.24432e-38 3
-0.171896 0.279538 0.991129 1.29042e-38 3
-0.156875 0.281319 0.997442 1.29963e-38 3
-0.141661 0.283122 1.00384 1.32719e-38 3
-0.128743 0.290573 1.03025 1.37328e-38 3
-0.114353 0.296423 1.051 1.31797e-38 3
-0.100058 0.3046 1.07999 1.41005e-38 3
-0.0831819 0.306716 1.08749 1.45626e-38 3
-0.0660697 0.30886 1.09509 1.47445e-38 3
-0.0483759 0.30886 1.09509 1.52969e-38 3
-0.0298471 0.300456 1.0653 1.58508e-38 3
-0.0124651 0.296423 1.051 1.54831e-38 3
0.00442716 0.290573 1.03025 1.65895e-38 3
0.0207997 0.286799 1.01687 1.61274e-38 3
0.0372297 0.286799 1.01687 1.76022e-38 3
0.0540105 0.288673 1.02352 1.68653e-38 3
0.0705479 0.288673 1.02352 1.64965e-38 3
0.0870853 0.288673 1.02352 1.58497e-38 3
0.10295 0.286799 1.01687 1.67699e-38 3
0.11861 0.284949 1.01031 1.90748e-38 3
0.134934 0.284949 1.01031 1.75082e-38 3
0.151258 0.284949 1.01031 1.67717e-38 3
0.167582 0.284949 1.01031 1.59419e-38 3
0.183906 0.284949 1.01031 1.48352e-38 3
0.20153 0.286799 1.01687 1.48352e-38 3
0.223772 0.294447 1.04399 1.53891e-38 3
0.247233 0.302514 1.07259 1.49299e-38 3
0.268238 0.306716 1.08749 1.4747e-38 3
0.289835 0.311035 1.10281 1.4747e-38 3
0.305502 0.30886 1.09509 1.49321e-38 3
0.320951 0.306716 1.08749 1.51168e-38 3
0.338522 0.306716 1.08749 1.4196e-38 3
0.346469 0.298426 1.0581 1.48413e-38 3
0.358718 0.294447 1.04399 1.36435e-38 3
0.378107 0.296423 1.051 1.29067e-38 3
0.389855 0.292497 1.03708 1.24464e-38 3
0.406611 0.292497 1.03708 1.2262e-38 3
0.423368 0.292497 1.03708 1.23539e-38 3
0.423304 0.281319 0.997442 1.37368e-38 3
0.436639 0.279538 0.991129 1.32747e-38 3
0.436093 0.269311 0.954868 1.24457e-38 3
0.438162 0.261343 0.926618 1.18003e-38 3
0.478623 0.276044 0.97874 1.16152e-38 3
0.494437 0.276044 0.97874 1.21677e-38 3
0.510251 0.276044 0.97874 1.27212e-38 3
0.46503 0.244017 0.865185 1.31822e-38 3
0.471199 0.240038 0.851078 1.36428e-38 3
0.557693 0.276044 0.97874 1.45648e-38 3
0.566426 0.272636 0.966657 1.43804e-38 3
0.506942 0.237457 0.841927 1.33662e-38 3
0.63282 0.288673 1.02352 1.30885e-38 3
0.657958 0.292497 1.03708 1.34573e-38 3
0.661571 0.286799 1.01687 1.30885e-38 3
0.65668 0.27778 0.984896 1.34573e-38 3
0.672594 0.27778 0.984896 1.27198e-38 3
0.671611 0.270963 0.960726 1.25357e-38 3
0.678805 0.267679 0.949081 1.25347e-38 3
0.706994 0.272636 0.966657 1.28105e-38 3
0.71818 0.270963 0.960726 1.24428e-38 3
0.729229 0.269311 0.954868 1.17974e-38 3
0.73128 0.264473 0.937715 1.189e-38 3
0.746431 0.264473 0.937715 1.03223e-38 3
0.794901 0.276044 0.97874 1.04149e-38 3
0.810715 0.276044 0.97874 1.08762e-38 3
0.816325 0.272636 0.966657 1.06915e-38 3
0.811897 0.266066 0.943364 1.09673e-38 3
0.817292 0.262899 0.932133 1.00457e-38 3
0.832353 0.262899 0.932133 1.10595e-38 3
0.808895 0.250949 0.889764 1.10595e-38 3
0.814021 0.248129 0.879766 1.11524e-38 3
0.805606 0.24135 0.855729 1.10613e-38 3
0.837744 0.246743 0.874851 8.66495e-39 3
0.815435 0.236187 0.837425 7.55825e-39 3
0.824557 0.234931 0.83297 8.66459e-39 3
0.838015 0.234931 0.83297 1.02319e-38 3
0.856027 0.236187 0.837425 1.1061e-38 3
0.878959 0.238741 0.846478 8.75608e-39 3
0.907349 0.242676 0.860431 9.30997e-39 3
0.947276 0.249531 0.884737 9.86314e-39 3
0.983803 0.255301 0.905193 7.92811e-39 3
-0.650098 0.262344 0.879766 9.8617e-39 3
-0.635883 0.262344 0.879766 9.77058e-39 3
-0.650923 0.27469 0.921167 9.40144e-39 3
-0.639803 0.276315 0.926618 8.47949e-39 3
-0.547519 0.260879 0.874851 9.12593e-39 3
-0.53042 0.259429 0.869991 9.95605e-39 3
-0.615532 0.309253 1.03708 1.02334e-38 3
-0.606813 0.313404 1.051 1.06011e-38 3
-0.589832 0.313404 1.051 1.03245e-38 3
-0.57285 0.313404 1.051 9.12665e-39 3
-0.552163 0.311315 1.04399 9.58763e-39 3
-0.524799 0.305211 1.02352 1.00486e-38 3
-0.504961 0.303229 1.01687 1.03252e-38 3
-0.485379 0.301273 1.01031 1.16163e-38 3
-0.454397 0.291858 0.97874 1.29989e-38 3
-0.438584 0.291858 0.97874 1.22602e-38 3
-0.425429 0.293693 0.984896 1.13386e-38 3
-0.414732 0.297435 0.997442 1.08784e-38 3
-0.398616 0.297435 0.997442 1.13397e-38 3
-0.384952 0.299341 1.00384 1.17078e-38 3
-0.368732 0.299341 1.00384 1.13386e-38 3
-0.357091 0.303229 1.01687 1.26286e-38 3
-0.345143 0.307219 1.03025 1.19826e-38 3
-0.361823 0.338386 1.13477 1.13379e-38 3
-0.345995 0.340856 1.14305 1.20755e-38 3
-0.329935 0.343362 1.15146 1.22588e-38 3
-0.309058 0.340856 1.14305 1.17974e-38 3
-0.278396 0.326554 1.09509 1.15209e-38 3
-0.250204 0.313404 1.051 1.16138e-38 3
-0.218555 0.293693 0.984896 1.2629e-38 3
-0.202641 0.293693 0.984896 1.25365e-38 3
-0.184409 0.290045 0.972661 1.08769e-38 3
-0.167652 0.288255 0.966657 1.13383e-38 3
-0.152033 0.288255 0.966657 1.14308e-38 3
-0.137261 0.290045 0.972661 1.1339e-38 3
-0.123854 0.295552 0.991129 1.17989e-38 3
-0.110641 0.303229 1.01687 1.27198e-38 3
-0.0960823 0.309253 1.03708 1.35488e-38 3
-0.0793258 0.309253 1.03708 1.31804e-38 3
-0.0617515 0.305211 1.02352 1.42849e-38 3
-0.0455115 0.307219 1.03025 1.4653e-38 3
-0.0281251 0.299341 1.00384 1.5298e-38 3
-0.0119058 0.299341 1.00384 1.73259e-38 3
0.00425904 0.295552 0.991129 1.63129e-38 3
0.0198954 0.290045 0.972661 1.67728e-38 3
0.036059 0.293693 0.984896 1.72337e-38 3
0.0529718 0.299341 1.00384 1.58512e-38 3
0.0691912 0.299341 1.00384 1.55742e-38 3
0.0865198 0.303229 1.01687 1.70483e-38 3
0.102286 0.301273 1.01031 1.87982e-38 3
0.117099 0.297435 0.997442 1.89829e-38 3
0.133215 0.297435 0.997442 1.76e-38 3
0.148386 0.295552 0.991129 1.8061e-38 3
0.163366 0.293693 0.984896 1.67706e-38 3
0.179279 0.293693 0.984896 1.67703e-38 3
0.197679 0.297435 0.997442 1.69539e-38 3
0.219385 0.305211 1.02352 1.70461e-38 3
0.240641 0.311315 1.04399 1.77848e-38 3
0.264564 0.319844 1.07259 1.7327e-38 3
0.29609 0.335952 1.12661 1.55764e-38 3
0.321226 0.343362 1.15146 1.54845e-38 3
0.304059 0.307219 1.03025 1.46555e-38 3
0.31654 0.303229 1.01687 1.46559e-38 3
0.33297 0.303229 1.01687 1.57619e-38 3
0.3494 0.303229 1.01687 1.4564e-38 3
0.368221 0.305211 1.02352 1.42882e-38 3
0.384759 0.305211 1.02352 1.37354e-38 3
0.391072 0.297435 0.997442 1.30911e-38 3
0.407188 0.297435 0.997442 1.29985e-38 3
0.400354 0.281309 0.943364 1.32747e-38 3
0.405818 0.27469 0.921167 1.309e-38 3
0.413406 0.269926 0.905193 1.26301e-38 3
0.42314 0.266842 0.894848 1.22617e-38 3
0.430223 0.262344 0.879766 1.21691e-38 3
0.441955 0.260879 0.874851 1.2445e-38 3
0.453556 0.259429 0.869991 1.29067e-38 3
0.457448 0.253789 0.851078 1.29067e-38 3
0.466132 0.251061 0.841927 1.309e-38 3
0.479735 0.251061 0.841927 1.37346e-38 3
0.485508 0.247075 0.828563 1.45648e-38 3
0.49627 0.245775 0.824202 1.36424e-38 3
0.506919 0.244488 0.819887 1.34584e-38 3
0.63687 0.299341 1.00384 1.31818e-38 3
0.653089 0.299341 1.00384 1.20755e-38 3
0.607047 0.271496 0.910456 1.15223e-38 3
0.632795 0.276315 0.926618 1.20755e-38 3
0.66347 0.283014 0.949081 1.22595e-38 3
0.670676 0.279624 0.937715 1.19829e-38 3
0.685827 0.279624 0.937715 1.19818e-38 3
0.696805 0.27796 0.932133 1.18889e-38 3
0.711866 0.27796 0.932133 1.15209e-38 3
0.710022 0.271496 0.910456 1.12446e-38 3
0.708261 0.265325 0.889764 1.1061e-38 3
0.785087 0.288255 0.966657 1.17067e-38 3
0.790941 0.284739 0.954868 1.14305e-38 3
0.78717 0.27796 0.932133 1.10613e-38 3
0.774568 0.268375 0.899991 1.08769e-38 3
0.78911 0.268375 0.899991 1.14294e-38 3
0.808297 0.269926 0.905193 1.29967e-38 3
0.799806 0.262344 0.879766 1.30896e-38 3
0.814021 0.262344 0.879766 1.25365e-38 3
0.819033 0.259429 0.869991 1.18914e-38 3
0.84721 0.263826 0.884737 1.03252e-38 3
0.837837 0.256578 0.860431 9.3114e-39 3
0.842482 0.253789 0.851078 8.29725e-39 3
0.856233 0.253789 0.851078 7.92847e-39 3
0.851474 0.24839 0.83297 8.75823e-39 3
0.855828 0.245775 0.824202 7.92847e-39 3
0.878391 0.24839 0.83297 7.92847e-39 3
0.931488 0.259429 0.869991 8.1125e-39 3
-0.646784 0.2813 0.894848 9.40216e-39 3
-0.632326 0.2813 0.894848 9.86242e-39 3
-0.617867 0.2813 0.894848 1.04156e-38 3
-0.593239 0.276559 0.879766 1.06925e-38 3
-0.566298 0.270481 0.860431 1.10613e-38 3
-0.549377 0.269003 0.855729 1.02319e-38 3
-0.53264 0.267541 0.851078 1.0694e-38 3
-0.516084 0.266095 0.846478 1.06011e-38 3
-0.510689 0.270481 0.860431 1.08776e-38 3
-0.587112 0.319659 1.01687 1.00479e-38 3
-0.570682 0.319659 1.01687 9.77129e-39 3
-0.561544 0.323865 1.03025 1.06011e-38 3
-0.544898 0.323865 1.03025 1.01408e-38 3
-0.508192 0.311566 0.991129 9.40359e-39 3
-0.486025 0.307672 0.97874 1.0049e-38 3
-0.470211 0.307672 0.97874 9.31104e-39 3
-0.443315 0.300168 0.954868 9.77202e-39 3
-0.430511 0.302009 0.960726 1.03252e-38 3
-0.420144 0.305761 0.972661 1.12471e-38 3
-0.412107 0.311566 0.991129 1.16166e-38 3
-0.396093 0.311566 0.991129 1.17088e-38 3
-0.387435 0.317597 1.01031 1.15245e-38 3
-0.364065 0.311566 0.991129 1.13401e-38 3
-0.357091 0.319659 1.01687 1.18918e-38 3
-0.340661 0.319659 1.01687 1.1523e-38 3
-0.328497 0.323865 1.03025 1.22606e-38 3
-0.311851 0.323865 1.03025 1.30896e-38 3
-0.29716 0.32601 1.03708 1.31818e-38 3
-0.261364 0.303873 0.966657 1.24442e-38 3
-0.239823 0.296551 0.943364 1.17056e-38 3
-0.224581 0.296551 0.943364 1.15223e-38 3
-0.211892 0.300168 0.954868 1.1984e-38 3
-0.194096 0.296551 0.943364 1.15223e-38 3
-0.177783 0.294775 0.937715 1.11535e-38 3
-0.162632 0.294775 0.937715 1.23528e-38 3
-0.148369 0.296551 0.943364 1.23535e-38 3
-0.134751 0.300168 0.954868 1.2262e-38 3
-0.119322 0.300168 0.954868 1.27216e-38 3
-0.102642 0.296551 0.943364 1.31807e-38 3
-0.0879298 0.298348 0.949081 1.36406e-38 3
-0.0748637 0.307672 0.97874 1.43775e-38 3
-0.0572604 0.298348 0.949081 1.43771e-38 3
-0.0419257 0.298348 0.949081 1.43768e-38 3
-0.025809 0.289573 0.921167 1.47455e-38 3
-0.0107982 0.286206 0.910456 1.49289e-38 3
0.00398182 0.291287 0.926618 1.64051e-38 3
0.0191806 0.294775 0.937715 1.75118e-38 3
0.0345384 0.296551 0.943364 1.79728e-38 3
0.0494827 0.294775 0.937715 1.64987e-38 3
0.0646337 0.294775 0.937715 1.6865e-38 3
0.0817427 0.302009 0.960726 1.78777e-38 3
0.0972655 0.302009 0.960726 1.72323e-38 3
0.11075 0.296551 0.943364 1.65877e-38 3
0.125992 0.296551 0.943364 1.70486e-38 3
0.140389 0.294775 0.937715 1.7233e-38 3
0.15554 0.294775 0.937715 1.74167e-38 3
0.170691 0.294775 0.937715 1.78766e-38 3
0.186962 0.296551 0.943364 1.7967e-38 3
0.20467 0.300168 0.954868 1.79674e-38 3
0.220098 0.300168 0.954868 1.77837e-38 3
0.249202 0.317597 1.01031 1.71408e-38 3
0.298236 0.356721 1.13477 1.7327e-38 3
0.318881 0.359325 1.14305 1.6682e-38 3
0.296263 0.315561 1.00384 1.72363e-38 3
0.300909 0.303873 0.966657 1.56697e-38 3
0.260291 0.249886 0.794916 1.52083e-38 3
0.271756 0.248624 0.790901 1.52083e-38 3
0.284535 0.248624 0.790901 1.61306e-38 3
0.298823 0.249886 0.794916 1.65916e-38 3
0.311667 0.249886 0.794916 1.687e-38 3
0.385112 0.296551 0.943364 1.43807e-38 3
0.373364 0.276559 0.879766 1.3552e-38 3
0.346678 0.247374 0.786927 1.29989e-38 3
0.384512 0.264664 0.841927 1.3645e-38 3
0.398115 0.264664 0.841927 1.19854e-38 3
0.409517 0.263249 0.837425 1.29074e-38 3
0.425322 0.264664 0.841927 1.26304e-38 3
0.438925 0.264664 0.841927 1.19851e-38 3
0.452529 0.264664 0.841927 1.21691e-38 3
0.463639 0.263249 0.837425 1.18925e-38 3
0.47717 0.263249 0.837425 1.33677e-38 3
0.482953 0.259092 0.824202 1.30911e-38 3
0.49627 0.259092 0.824202 1.18e-38 3
0.49652 0.252449 0.803069 1.20769e-38 3
0.59492 0.294775 0.937715 1.29067e-38 3
0.592337 0.286206 0.910456 1.33666e-38 3
0.586585 0.276559 0.879766 1.23524e-38 3
0.618164 0.284552 0.905193 1.20758e-38 3
0.63279 0.284552 0.905193 1.23524e-38 3
0.670676 0.294775 0.937715 1.23524e-38 3
0.685827 0.294775 0.937715 1.19829e-38 3
0.692682 0.291287 0.926618 1.26272e-38 3
0.703491 0.289573 0.921167 1.24439e-38 3
0.714174 0.28788 0.91578 1.17985e-38 3
0.688696 0.271975 0.865185 1.20758e-38 3
0.748142 0.289573 0.921167 1.18914e-38 3
0.745485 0.282917 0.899991 1.09706e-38 3
0.760027 0.282917 0.899991 1.15234e-38 3
0.724596 0.264664 0.841927 1.01404e-38 3
0.738199 0.264664 0.841927 1.05085e-38 3
0.768326 0.270481 0.860431 1.00475e-38 3
0.79092 0.273486 0.869991 1.05081e-38 3
0.804976 0.273486 0.869991 1.11539e-38 3
0.828236 0.276559 0.879766 1.12472e-38 3
0.84721 0.278121 0.884737 1.01415e-38 3
0.837837 0.270481 0.860431 8.85114e-39 3
0.833423 0.264664 0.841927 9.12773e-39 3
0.820557 0.256393 0.815617 8.75895e-39 3
0.82514 0.25375 0.807208 7.56041e-39 3
0.838182 0.25375 0.807208 8.11323e-39 3
0.768082 0.228965 0.728365 7.83664e-39 3
-0.63581 0.284383 0.860431 8.94154e-39 3
-0.621908 0.284383 0.860431 8.1125e-39 3
-0.608005 0.284383 0.860431 8.84827e-39 3
-0.594103 0.284383 0.860431 9.58583e-39 3
-0.57703 0.282829 0.855729 9.58619e-39 3
-0.55412 0.278267 0.841927 9.30996e-39 3
-0.537626 0.276779 0.837425 9.58655e-39 3
-0.524095 0.276779 0.837425 1.02316e-38 3
-0.507849 0.275307 0.83297 1.02316e-38 3
-0.49439 0.275307 0.83297 1.08758e-38 3
-0.496787 0.284383 0.860431 1.07851e-38 3
-0.513947 0.302677 0.91578 1.06922e-38 3
-0.526881 0.319492 0.966657 1.03245e-38 3
-0.517653 0.323486 0.97874 9.21777e-39 3
-0.495644 0.319492 0.966657 1.08787e-38 3
-0.474171 0.315596 0.954868 1.11553e-38 3
-0.458743 0.315596 0.954868 1.06018e-38 3
-0.440628 0.313683 0.949081 1.0417e-38 3
-0.438584 0.323486 0.97874 1.07869e-38 3
-0.425429 0.32552 0.984896 1.08787e-38 3
-0.414732 0.329667 0.997442 1.11557e-38 3
-0.401171 0.33178 1.00384 1.07869e-38 3
-0.384952 0.33178 1.00384 1.09709e-38 3
-0.355076 0.319492 0.966657 1.07862e-38 3
-0.335317 0.315596 0.954868 1.1523e-38 3
-0.314142 0.309926 0.937715 1.09691e-38 3
-0.293715 0.304457 0.921167 1.21666e-38 3
-0.28384 0.309926 0.937715 1.34573e-38 3
-0.273604 0.315596 0.954868 1.40105e-38 3
-0.258176 0.315596 0.954868 1.33655e-38 3
-0.239823 0.311793 0.943364 1.39172e-38 3
-0.221907 0.308082 0.932133 1.62225e-38 3
-0.206847 0.308082 0.932133 1.29042e-38 3
-0.188421 0.302677 0.91578 1.17978e-38 3
-0.173624 0.302677 0.91578 1.39179e-38 3
-0.159762 0.304457 0.921167 1.45637e-38 3
-0.148369 0.311793 0.943364 1.36428e-38 3
-0.134751 0.315596 0.954868 1.3552e-38 3
-0.120054 0.317532 0.960726 1.45655e-38 3
-0.103265 0.313683 0.949081 1.59459e-38 3
-0.0874001 0.311793 0.943364 1.55757e-38 3
-0.0700479 0.302677 0.91578 1.6498e-38 3
-0.0533784 0.292416 0.884737 1.64054e-38 3
-0.0373932 0.279771 0.846478 1.64051e-38 3
-0.0235888 0.278267 0.841927 1.56675e-38 3
-0.0101492 0.282829 0.855729 1.59441e-38 3
0.0036772 0.282829 0.855729 1.75114e-38 3
0.018623 0.300917 0.910456 1.56689e-38 3
0.0341272 0.308082 0.932133 1.49325e-38 3
0.0488971 0.306259 0.926618 1.51168e-38 3
0.0631218 0.302677 0.91578 1.60366e-38 3
0.0783768 0.304457 0.921167 1.52987e-38 3
0.0960865 0.313683 0.949081 1.49296e-38 3
0.109432 0.308082 0.932133 1.41016e-38 3
0.124492 0.308082 0.932133 1.42853e-38 3
0.138728 0.306259 0.926618 1.51136e-38 3
0.153699 0.306259 0.926618 1.58505e-38 3
0.168671 0.306259 0.926618 1.62182e-38 3
0.183643 0.306259 0.926618 1.7878e-38 3
0.197446 0.304457 0.921167 1.76007e-38 3
0.206263 0.295758 0.894848 1.66799e-38 3
0.213405 0.285954 0.865185 1.71426e-38 3
0.254053 0.319492 0.966657 1.67749e-38 3
0.269671 0.319492 0.966657 1.59452e-38 3
0.233419 0.261403 0.790901 1.64991e-38 3
0.242523 0.257501 0.779097 1.567e-38 3
0.255112 0.257501 0.779097 1.45648e-38 3
0.266375 0.256226 0.77524 1.48403e-38 3
0.2789 0.256226 0.77524 1.45637e-38 3
0.292876 0.257501 0.779097 1.41945e-38 3
0.302455 0.254964 0.771421 1.44718e-38 3
0.316478 0.256226 0.77524 1.42885e-38 3
0.325778 0.253714 0.767639 1.4013e-38 3
0.336532 0.252477 0.763895 1.36442e-38 3
0.364894 0.26407 0.798972 1.36442e-38 3
0.377803 0.26407 0.798972 1.2723e-38 3
0.394741 0.266792 0.807208 1.28148e-38 3
0.407783 0.266792 0.807208 1.23546e-38 3
0.416531 0.26407 0.798972 1.31836e-38 3
0.433868 0.266792 0.807208 1.29992e-38 3
0.437882 0.261403 0.790901 1.20773e-38 3
0.446154 0.258789 0.782992 1.29996e-38 3
0.452025 0.254964 0.771421 1.29074e-38 3
0.471456 0.258789 0.782992 1.28148e-38 3
0.484107 0.258789 0.782992 1.25383e-38 3
0.551954 0.287543 0.869991 1.16163e-38 3
0.57237 0.290774 0.879766 1.15237e-38 3
0.576863 0.285954 0.865185 1.18003e-38 3
0.594124 0.287543 0.869991 1.20769e-38 3
0.608181 0.287543 0.869991 1.26301e-38 3
0.670676 0.309926 0.937715 1.24464e-38 3
0.67771 0.306259 0.926618 1.21688e-38 3
0.688608 0.304457 0.921167 1.31811e-38 3
0.687319 0.297458 0.899991 1.29971e-38 3
0.714174 0.302677 0.91578 1.24446e-38 3
0.663053 0.275307 0.83297 1.17081e-38 3
0.655589 0.266792 0.807208 1.14315e-38 3
0.668631 0.266792 0.807208 1.09709e-38 3
0.681673 0.266792 0.807208 1.15241e-38 3
0.694716 0.266792 0.807208 1.08787e-38 3
0.707758 0.266792 0.807208 1.04178e-38 3
0.735975 0.272409 0.824202 1.0694e-38 3
0.773726 0.281292 0.851078 9.77094e-39 3
0.862475 0.308082 0.932133 9.77094e-39 3
0.810033 0.284383 0.860431 9.77202e-39 3
0.806216 0.278267 0.841927 8.57384e-39 3
0.80256 0.272409 0.824202 8.94406e-39 3
0.790901 0.26407 0.798972 8.66783e-39 3
0.726022 0.238515 0.721652 9.31285e-39 3
0.737682 0.238515 0.721652 9.49724e-39 3
0.749343 0.238515 0.721652 8.85223e-39 3
-0.705974 0.287238 0.828563 7.74299e-39 3
-0.692586 0.287238 0.828563 6.54373e-39 3
-0.654942 0.276979 0.798972 6.81924e-39 3
-0.669353 0.288766 0.83297 7.2813e-39 3
-0.64265 0.295043 0.851078 9.30996e-39 3
-0.628899 0.295043 0.851078 9.49435e-39 3
-0.615148 0.295043 0.851078 9.86242e-39 3
-0.601397 0.295043 0.851078 9.21633e-39 3
-0.584469 0.293448 0.846478 1.24428e-38 3
-0.567723 0.291871 0.841927 1.23506e-38 3
-0.545324 0.287238 0.828563 1.0968e-38 3
-0.526367 0.28423 0.819887 1.14301e-38 3
-0.51312 0.28423 0.819887 1.07847e-38 3
-0.494692 0.281285 0.811391 1.07837e-38 3
-0.4791 0.279835 0.807208 1.03237e-38 3
-0.483504 0.29031 0.837425 1.05089e-38 3
-0.480246 0.296655 0.855729 1.09691e-38 3
-0.511106 0.325077 0.937715 1.1429e-38 3
-0.501967 0.329018 0.949081 9.3096e-39 3
-0.486632 0.329018 0.949081 9.5869e-39 3
-0.468458 0.327036 0.943364 9.6791e-39 3
-0.453216 0.327036 0.943364 1.01401e-38 3
-0.427668 0.319341 0.921167 9.95569e-39 3
-0.422731 0.327036 0.943364 1.0049e-38 3
-0.409958 0.329018 0.949081 1.16163e-38 3
-0.409515 0.341434 0.984896 1.16163e-38 3
-0.393602 0.341434 0.984896 1.16163e-38 3
-0.377688 0.341434 0.984896 1.17989e-38 3
-0.340368 0.32123 0.926618 1.189e-38 3
-0.319721 0.315628 0.910456 1.22591e-38 3
-0.286676 0.296655 0.855729 1.27194e-38 3
-0.268449 0.291871 0.841927 1.29953e-38 3
-0.254846 0.291871 0.841927 1.37328e-38 3
-0.260879 0.315628 0.910456 1.31804e-38 3
-0.232642 0.298285 0.860431 1.36406e-38 3
-0.21874 0.298285 0.860431 1.47452e-38 3
-0.1983 0.288766 0.83297 1.47459e-38 3
-0.169513 0.264819 0.763895 1.51158e-38 3
-0.171383 0.288766 0.83297 1.6037e-38 3
-0.166796 0.304988 0.879766 1.55757e-38 3
-0.159762 0.319341 0.921167 1.60384e-38 3
-0.147481 0.325077 0.937715 1.47499e-38 3
-0.133934 0.329018 0.949081 1.3552e-38 3
-0.120054 0.333055 0.960726 1.40116e-38 3
-0.102642 0.327036 0.943364 1.53927e-38 3
-0.0843513 0.315628 0.910456 1.50232e-38 3
-0.0650989 0.295043 0.851078 1.43771e-38 3
-0.0513477 0.295043 0.851078 1.43771e-38 3
-0.0366018 0.287238 0.828563 1.49303e-38 3
-0.0227333 0.281285 0.811391 1.53002e-38 3
-0.00993207 0.29031 0.837425 1.56697e-38 3
0.00350483 0.28275 0.815617 1.56697e-38 3
0.0166831 0.28275 0.815617 1.53934e-38 3
0.0298613 0.28275 0.815617 1.47491e-38 3
0.0430396 0.28275 0.815617 1.47491e-38 3
0.049513 0.249027 0.718341 1.59455e-38 3
0.0611195 0.249027 0.718341 1.53924e-38 3
0.0730612 0.250175 0.721652 1.43793e-38 3
0.0847212 0.250175 0.721652 1.40123e-38 3
0.0950669 0.246763 0.711811 1.49335e-38 3
0.105608 0.24454 0.705398 1.53005e-38 3
0.119152 0.249027 0.718341 1.53005e-38 3
0.163824 0.312 0.899991 1.52076e-38 3
0.18044 0.315628 0.910456 1.51158e-38 3
0.194022 0.313803 0.905193 1.52987e-38 3
0.197246 0.296655 0.855729 1.54831e-38 3
0.206558 0.29031 0.837425 1.60377e-38 3
0.207861 0.274181 0.790901 1.60388e-38 3
0.218434 0.27144 0.782992 1.60399e-38 3
0.231085 0.27144 0.782992 1.54867e-38 3
0.242523 0.270089 0.779097 1.52105e-38 3
0.253849 0.268752 0.77524 1.54864e-38 3
0.266375 0.268752 0.77524 1.41956e-38 3
0.2789 0.268752 0.77524 1.41034e-38 3
0.291426 0.268752 0.77524 1.39197e-38 3
0.300972 0.266117 0.767639 1.43807e-38 3
0.307349 0.261 0.752877 1.46573e-38 3
0.312013 0.254873 0.735204 1.39208e-38 3
0.323892 0.254873 0.735204 1.37364e-38 3
0.352311 0.267428 0.771421 1.36442e-38 3
0.364776 0.267428 0.771421 1.38286e-38 3
0.382898 0.27144 0.782992 1.2907e-38 3
0.397537 0.272804 0.786927 1.25383e-38 3
0.410252 0.272804 0.786927 1.22624e-38 3
0.425103 0.274181 0.790901 1.254e-38 3
0.435681 0.272804 0.786927 1.26312e-38 3
0.431067 0.262261 0.756514 1.37368e-38 3
0.441159 0.261 0.752877 1.28156e-38 3
0.451154 0.259751 0.749275 1.19858e-38 3
0.456705 0.256075 0.738672 1.18014e-38 3
0.49184 0.268752 0.77524 1.23546e-38 3
0.480575 0.256075 0.738672 1.17088e-38 3
0.487907 0.253682 0.731768 1.08791e-38 3
0.495104 0.251333 0.724993 1.12475e-38 3
0.506818 0.251333 0.724993 1.08784e-38 3
0.484861 0.235013 0.677915 1.07858e-38 3
0.54025 0.256075 0.738672 1.05096e-38 3
0.57384 0.266117 0.767639 1.05092e-38 3
0.586243 0.266117 0.767639 1.16156e-38 3
0.592834 0.263534 0.760186 1.10631e-38 3
0.58799 0.256075 0.738672 1.11553e-38 3
0.588816 0.251333 0.724993 1.051e-38 3
0.579082 0.242357 0.6991 1.03256e-38 3
0.590378 0.242357 0.6991 9.68019e-39 3
0.647956 0.261 0.752877 9.86458e-39 3
0.700536 0.276979 0.798972 1.02334e-38 3
0.7208 0.279835 0.807208 1.051e-38 3
0.741487 0.28275 0.815617 9.67983e-39 3
0.754665 0.28275 0.815617 1.01408e-38 3
0.767844 0.28275 0.815617 9.31141e-39 3
0.781022 0.28275 0.815617 8.29725e-39 3
0.683796 0.243444 0.702235 8.94334e-39 3
0.662464 0.232 0.669224 9.58871e-39 3
0.679081 0.234 0.674993 8.66748e-39 3
0.699027 0.237065 0.683836 9.22065e-39 3
0.716332 0.239154 0.689861 9.77347e-39 3
-0.606961 0.253653 0.6991 7.09763e-39 3
-0.644584 0.274484 0.756514 6.91359e-39 3
-0.692586 0.300625 0.828563 6.8214e-39 3
-0.641843 0.284091 0.782992 7.19018e-39 3
-0.658839 0.297477 0.819887 8.0203e-39 3
-0.652424 0.300625 0.828563 9.03445e-39 3
-0.649343 0.305474 0.841927 9.30996e-39 3
-0.639176 0.307125 0.846478 9.21777e-39 3
-0.6255 0.307125 0.846478 9.4018e-39 3
-0.615148 0.308794 0.851078 8.84862e-39 3
-0.598146 0.307125 0.846478 1.10602e-38 3
-0.587645 0.308794 0.851078 1.189e-38 3
-0.561684 0.302224 0.83297 1.22584e-38 3
-0.515331 0.284091 0.782992 1.189e-38 3
-0.497703 0.281278 0.77524 1.17982e-38 3
-0.492492 0.285518 0.786927 1.29956e-38 3
-0.479777 0.285518 0.786927 1.28112e-38 3
-0.460126 0.281278 0.77524 1.1429e-38 3
-0.45896 0.288417 0.794916 1.04167e-38 3
-0.457734 0.295928 0.815617 1.0784e-38 3
-0.454014 0.302224 0.83297 9.95317e-39 3
-0.498943 0.342278 0.943364 1.0968e-38 3
-0.4837 0.342278 0.943364 1.09691e-38 3
-0.462881 0.338203 0.932133 1.19833e-38 3
-0.432378 0.326541 0.899991 1.09691e-38 3
-0.417837 0.326541 0.899991 1.18904e-38 3
-0.407985 0.330338 0.910456 1.28123e-38 3
-0.393274 0.330338 0.910456 1.29045e-38 3
-0.374212 0.326541 0.899991 1.27201e-38 3
-0.351588 0.319203 0.879766 1.22591e-38 3
-0.337373 0.319203 0.879766 1.21659e-38 3
-0.312621 0.308794 0.851078 1.40087e-38 3
-0.254593 0.263047 0.724993 1.36403e-38 3
-0.253439 0.274484 0.756514 1.51147e-38 3
-0.241215 0.274484 0.756514 1.55746e-38 3
-0.225721 0.270563 0.745707 1.53909e-38 3
-0.207737 0.263047 0.724993 1.50221e-38 3
-0.196023 0.263047 0.724993 1.60359e-38 3
-0.185166 0.264271 0.728365 1.66802e-38 3
-0.175026 0.266752 0.735204 1.52065e-38 3
-0.160139 0.261835 0.721652 1.4469e-38 3
-0.148479 0.261835 0.721652 1.45615e-38 3
-0.137453 0.263047 0.724993 1.56679e-38 3
-0.128718 0.26928 0.742173 1.49314e-38 3
-0.116727 0.26928 0.742173 1.35506e-38 3
-0.104735 0.26928 0.742173 1.41041e-38 3
-0.0927435 0.26928 0.742173 1.45637e-38 3
-0.0835228 0.27852 0.767639 1.48392e-38 3
-0.0711197 0.27852 0.767639 1.56682e-38 3
-0.0587167 0.27852 0.767639 1.5575e-38 3
-0.047717 0.28696 0.790901 1.54828e-38 3
-0.0345887 0.284091 0.782992 1.47459e-38 3
-0.0214025 0.277162 0.763895 1.3641e-38 3
-0.00855897 0.261835 0.721652 1.45637e-38 3
0.00305876 0.258264 0.711811 1.49325e-38 3
0.0142362 0.252525 0.695993 1.47484e-38 3
0.0251464 0.249202 0.686835 1.52105e-38 3
0.0362439 0.249202 0.686835 1.51179e-38 3
0.0467265 0.245966 0.677915 1.58551e-38 3
0.0581836 0.248114 0.683836 1.48417e-38 3
0.0710954 0.25479 0.702235 1.53956e-38 3
0.0824417 0.25479 0.702235 1.53963e-38 3
0.0913307 0.248114 0.683836 1.50272e-38 3
0.10238 0.248114 0.683836 1.53949e-38 3
0.114934 0.251408 0.692913 1.58555e-38 3
0.131361 0.261835 0.721652 1.52101e-38 3
0.150658 0.275816 0.760186 1.38265e-38 3
0.178542 0.302224 0.83297 1.34577e-38 3
0.184164 0.289889 0.798972 1.43793e-38 3
0.192171 0.282677 0.779097 1.41038e-38 3
0.203745 0.281278 0.77524 1.39201e-38 3
0.214151 0.27852 0.767639 1.29985e-38 3
0.229935 0.282677 0.779097 1.39205e-38 3
0.240134 0.279892 0.771421 1.42896e-38 3
0.252598 0.279892 0.771421 1.57637e-38 3
0.263763 0.27852 0.767639 1.49339e-38 3
0.276166 0.27852 0.767639 1.43811e-38 3
0.288569 0.27852 0.767639 1.42896e-38 3
0.295184 0.273164 0.752877 1.41967e-38 3
0.295965 0.263047 0.724993 1.41974e-38 3
0.306262 0.261835 0.721652 1.30911e-38 3
0.309368 0.25479 0.702235 1.31833e-38 3
0.332648 0.264271 0.728365 1.3552e-38 3
0.34765 0.266752 0.735204 1.32755e-38 3
0.356185 0.264271 0.728365 1.2907e-38 3
0.371408 0.266752 0.735204 1.31836e-38 3
0.38692 0.26928 0.742173 1.22624e-38 3
0.418758 0.282677 0.779097 1.2539e-38 3
0.42293 0.277162 0.763895 1.2262e-38 3
0.411202 0.261835 0.721652 1.22617e-38 3
0.42482 0.263047 0.724993 1.19858e-38 3
0.442682 0.266752 0.735204 1.23546e-38 3
0.448248 0.263047 0.724993 1.21702e-38 3
0.439609 0.251408 0.692913 1.21702e-38 3
0.435393 0.242813 0.669224 1.15248e-38 3
0.440558 0.239739 0.660753 1.15248e-38 3
0.443744 0.23576 0.649786 1.15245e-38 3
0.463867 0.240755 0.663553 1.13401e-38 3
0.474588 0.240755 0.663553 1.04181e-38 3
0.487375 0.241779 0.666376 9.95678e-39 3
0.498142 0.241779 0.666376 1.0049e-38 3
0.508909 0.241779 0.666376 9.77239e-39 3
0.54037 0.251408 0.692913 9.7731e-39 3
0.58799 0.26801 0.738672 1.08791e-38 3
0.557825 0.249202 0.686835 1.04185e-38 3
0.545018 0.238732 0.657977 1.05103e-38 3
0.54922 0.227273 0.626394 1.09709e-38 3
0.678812 0.275816 0.760186 1.01412e-38 3
0.691095 0.275816 0.760186 1.00486e-38 3
0.598743 0.234786 0.647101 9.67983e-39 3
0.609198 0.234786 0.647101 9.86458e-39 3
0.624817 0.236742 0.652493 9.31141e-39 3
0.640699 0.238732 0.657977 8.85043e-39 3
0.65133 0.238732 0.657977 9.03518e-39 3
0.661962 0.238732 0.657977 9.8653e-39 3
0.678293 0.240755 0.663553 1.00501e-38 3
-0.60741 0.2603 0.686835 7.00543e-39 3
-0.596312 0.2603 0.686835 7.65152e-39 3
-0.609265 0.270997 0.715061 7.74407e-39 3
-0.664461 0.301261 0.794916 7.00687e-39 3
-0.645068 0.298233 0.786927 8.02102e-39 3
-0.642032 0.302798 0.798972 8.94226e-39 3
-0.645592 0.310725 0.819887 9.21884e-39 3
-0.642435 0.315683 0.83297 9.40216e-39 3
-0.639176 0.320802 0.846478 9.3096e-39 3
-0.622137 0.319077 0.841927 1.01383e-38 3
-0.608533 0.319077 0.841927 1.06915e-38 3
-0.585487 0.314013 0.828563 1.10606e-38 3
-0.569088 0.31236 0.824202 1.07837e-38 3
-0.507676 0.285329 0.752877 1.08758e-38 3
-0.481618 0.277329 0.731768 1.1429e-38 3
-0.44485 0.262603 0.692913 1.16145e-38 3
-0.471182 0.285329 0.752877 1.17056e-38 3
-0.459017 0.285329 0.752877 1.20737e-38 3
-0.438422 0.279945 0.738672 1.08762e-38 3
-0.430548 0.282611 0.745707 1.09691e-38 3
-0.410677 0.277329 0.731768 1.19822e-38 3
-0.396999 0.276039 0.728365 1.32722e-38 3
-0.431378 0.309106 0.815617 1.27198e-38 3
-0.347594 0.256919 0.677915 1.25364e-38 3
-0.385568 0.32609 0.860431 1.33648e-38 3
-0.289073 0.253626 0.669224 1.37335e-38 3
-0.275902 0.251476 0.663553 1.32726e-38 3
-0.267447 0.253626 0.669224 1.2996e-38 3
-0.259967 0.256919 0.677915 1.3825e-38 3
-0.252291 0.2603 0.686835 1.44697e-38 3
-0.2455 0.264948 0.6991 1.37314e-38 3
-0.234204 0.264948 0.6991 1.41002e-38 3
-0.226962 0.269765 0.711811 1.54813e-38 3
-0.215461 0.269765 0.711811 1.51132e-38 3
-0.20396 0.269765 0.711811 1.48377e-38 3
-0.192459 0.269765 0.711811 1.50211e-38 3
-0.180958 0.269765 0.711811 1.52051e-38 3
-0.17023 0.270997 0.715061 1.54831e-38 3
-0.158677 0.270997 0.715061 1.41016e-38 3
-0.147123 0.270997 0.715061 1.40094e-38 3
-0.13557 0.270997 0.715061 1.46548e-38 3
-0.126323 0.276039 0.728365 1.48403e-38 3
-0.11509 0.277329 0.731768 1.4196e-38 3
-0.102311 0.274761 0.724993 1.38279e-38 3
-0.0905966 0.274761 0.724993 1.35495e-38 3
-0.0788826 0.274761 0.724993 1.32722e-38 3
-0.0671686 0.274761 0.724993 1.47466e-38 3
-0.0559729 0.277329 0.731768 1.54835e-38 3
-0.0441494 0.277329 0.731768 1.52062e-38 3
-0.0320266 0.274761 0.724993 1.35474e-38 3
-0.0200343 0.270997 0.715061 1.52087e-38 3
-0.00800559 0.255812 0.674993 1.42878e-38 3
0.00290055 0.255812 0.674993 1.32747e-38 3
0.0137474 0.254714 0.672096 1.46577e-38 3
0.0245016 0.253626 0.669224 1.50257e-38 3
0.0354661 0.254714 0.672096 1.54867e-38 3
0.0461275 0.253626 0.669224 1.58559e-38 3
0.0574313 0.255812 0.674993 1.48431e-38 3
0.0689316 0.258036 0.680863 1.46591e-38 3
0.0795866 0.256919 0.677915 1.44754e-38 3
0.0893792 0.253626 0.669224 1.53967e-38 3
0.0997658 0.252546 0.666376 1.47513e-38 3
0.111005 0.253626 0.669224 1.41052e-38 3
0.122341 0.254714 0.672096 1.37364e-38 3
0.1332 0.254714 0.672096 1.33677e-38 3
0.139858 0.247285 0.652493 1.3368e-38 3
0.167111 0.274761 0.724993 1.38297e-38 3
0.183935 0.282611 0.745707 1.30921e-38 3
0.199789 0.288099 0.760186 1.22624e-38 3
0.212072 0.288099 0.760186 1.19858e-38 3
0.22767 0.292357 0.771421 1.29996e-38 3
0.238957 0.290923 0.767639 1.34606e-38 3
0.250134 0.289504 0.763895 1.3645e-38 3
0.258691 0.285329 0.752877 1.37372e-38 3
0.267004 0.281272 0.742173 1.36453e-38 3
0.27768 0.279945 0.738672 1.35531e-38 3
0.2741 0.264948 0.6991 1.37368e-38 3
0.273199 0.253626 0.669224 1.23539e-38 3
0.284012 0.253626 0.669224 1.20773e-38 3
0.29357 0.252546 0.666376 1.21691e-38 3
0.306949 0.254714 0.672096 1.3552e-38 3
0.327652 0.262603 0.692913 1.36442e-38 3
0.338848 0.262603 0.692913 1.32762e-38 3
0.356351 0.267335 0.705398 1.2723e-38 3
0.367748 0.267335 0.705398 1.27223e-38 3
0.382593 0.269765 0.711811 1.29074e-38 3
0.388792 0.266136 0.702235 1.18929e-38 3
0.394827 0.262603 0.692913 1.18929e-38 3
0.397234 0.256919 0.677915 1.2078e-38 3
0.420943 0.264948 0.6991 1.21702e-38 3
0.387286 0.237394 0.626394 1.21702e-38 3
0.397407 0.237394 0.626394 1.29999e-38 3
0.412477 0.240277 0.634002 1.27237e-38 3
0.42444 0.241254 0.636579 1.20783e-38 3
0.434725 0.241254 0.636579 1.15252e-38 3
0.454243 0.246259 0.649786 1.07873e-38 3
0.472586 0.250415 0.660753 1.03256e-38 3
0.483262 0.250415 0.660753 1.04178e-38 3
0.491862 0.249363 0.657977 1.17085e-38 3
0.492154 0.244232 0.644438 1.14319e-38 3
0.488495 0.237394 0.626394 1.10638e-38 3
0.492703 0.234579 0.618966 1.06029e-38 3
0.491059 0.229144 0.604627 1.07873e-38 3
0.500828 0.229144 0.604627 1.06025e-38 3
0.508633 0.228263 0.602302 1.05096e-38 3
0.522383 0.230033 0.606971 1.06021e-38 3
0.534261 0.230928 0.609332 1.07865e-38 3
0.546232 0.23183 0.611713 1.15245e-38 3
0.54756 0.228263 0.602302 1.04178e-38 3
0.565999 0.23183 0.611713 9.58799e-39 3
0.587354 0.236448 0.623898 9.4036e-39 3
0.595064 0.235509 0.621422 9.95606e-39 3
0.617354 0.240277 0.634002 1.09709e-38 3
0.627598 0.240277 0.634002 1.11553e-38 3
0.640434 0.241254 0.636579 1.06021e-38 3
-0.602648 0.264439 0.669224 7.28201e-39 3
-0.591835 0.264439 0.669224 8.20397e-39 3
-0.581022 0.264439 0.669224 9.12665e-39 3
-0.560626 0.259994 0.657977 8.20541e-39 3
-0.667851 0.315707 0.798972 8.48128e-39 3
-0.648326 0.312518 0.790901 8.85006e-39 3
-0.645325 0.317326 0.803069 9.31032e-39 3
-0.64899 0.325677 0.824202 9.6791e-39 3
-0.639036 0.3274 0.828563 8.84862e-39 3
-0.622356 0.325677 0.824202 9.4018e-39 3
-0.590395 0.315707 0.798972 1.07836e-38 3
-0.549452 0.300382 0.760186 1.05993e-38 3
-0.526938 0.29466 0.745707 1.05993e-38 3
-0.49828 0.285155 0.721652 1.07836e-38 3
-0.473527 0.277483 0.702235 9.95389e-39 3
-0.450071 0.270212 0.683836 1.05996e-38 3
-0.435221 0.267873 0.677915 1.07854e-38 3
-0.427973 0.270212 0.683836 1.10613e-38 3
-0.437962 0.283847 0.718341 1.12446e-38 3
-0.426355 0.283847 0.718341 1.11535e-38 3
-0.414748 0.283847 0.718341 1.14301e-38 3
-0.397669 0.279994 0.70859 1.12446e-38 3
-0.379354 0.275016 0.695993 1.05985e-38 3
-0.357002 0.266718 0.674993 1.17052e-38 3
-0.343138 0.264439 0.669224 1.12457e-38 3
-0.329509 0.262197 0.663553 1.11524e-38 3
-0.316108 0.259994 0.657977 1.18896e-38 3
-0.304199 0.258906 0.655223 1.26265e-38 3
-0.293612 0.258906 0.655223 1.27194e-38 3
-0.283026 0.258906 0.655223 1.14294e-38 3
-0.272439 0.258906 0.655223 1.17056e-38 3
-0.264062 0.261091 0.660753 1.24432e-38 3
-0.255542 0.263313 0.666376 1.2719e-38 3
-0.245822 0.264439 0.669224 1.3364e-38 3
-0.238061 0.267873 0.677915 1.46541e-38 3
-0.228095 0.269037 0.680863 1.37318e-38 3
-0.220936 0.273799 0.692913 1.52051e-38 3
-0.20974 0.273799 0.692913 1.51143e-38 3
-0.201216 0.277483 0.702235 1.50225e-38 3
-0.189022 0.276244 0.6991 1.61281e-38 3
-0.179327 0.278732 0.705398 1.56668e-38 3
-0.169457 0.281266 0.711811 1.51147e-38 3
-0.157241 0.279994 0.70859 1.37339e-38 3
-0.145792 0.279994 0.70859 1.29971e-38 3
-0.134343 0.279994 0.70859 1.30889e-38 3
-0.125739 0.286475 0.724993 1.33666e-38 3
-0.114025 0.286475 0.724993 1.31836e-38 3
-0.101372 0.283847 0.718341 1.29989e-38 3
-0.0893556 0.282551 0.715061 1.37357e-38 3
-0.0774484 0.281266 0.711811 1.33662e-38 3
-0.0659474 0.281266 0.711811 1.36417e-38 3
-0.0549459 0.283847 0.718341 1.37332e-38 3
-0.0429453 0.281266 0.711811 1.53909e-38 3
-0.031161 0.278732 0.705398 1.54835e-38 3
-0.0195872 0.276244 0.6991 1.49325e-38 3
-0.00793717 0.264439 0.669224 1.45655e-38 3
0.0028881 0.265573 0.672096 1.36442e-38 3
0.0136887 0.264439 0.669224 1.29056e-38 3
0.024294 0.262197 0.663553 1.40116e-38 3
0.0350153 0.262197 0.663553 1.438e-38 3
0.0451625 0.258906 0.655223 1.47495e-38 3
0.0564578 0.262197 0.663553 1.41056e-38 3
0.0677533 0.264439 0.669224 1.40137e-38 3
0.0779004 0.262197 0.663553 1.3645e-38 3
0.0860688 0.254644 0.644438 1.37371e-38 3
0.0960859 0.253601 0.641797 1.34602e-38 3
0.10559 0.251539 0.636579 1.38286e-38 3
0.117306 0.254644 0.644438 1.33673e-38 3
0.126676 0.252566 0.639177 1.33677e-38 3
0.134803 0.248508 0.628909 1.34609e-38 3
0.143809 0.246528 0.623898 1.36464e-38 3
0.172439 0.276244 0.6991 1.35531e-38 3
0.198824 0.29893 0.756514 1.26319e-38 3
0.211047 0.29893 0.756514 1.3001e-38 3
0.225449 0.301847 0.763895 1.29999e-38 3
0.234362 0.297493 0.752877 1.17092e-38 3
0.243021 0.293264 0.742173 1.10638e-38 3
0.251438 0.289152 0.731768 1.21702e-38 3
0.242836 0.266718 0.674993 1.24468e-38 3
0.247345 0.259994 0.657977 1.20791e-38 3
0.244615 0.246528 0.623898 1.28156e-38 3
0.256741 0.248508 0.628909 1.35524e-38 3
0.27126 0.252566 0.639177 1.30914e-38 3
0.280443 0.251539 0.636579 1.38286e-38 3
0.294318 0.254644 0.644438 1.41974e-38 3
0.307259 0.256758 0.649786 1.38286e-38 3
0.325871 0.263313 0.666376 1.23542e-38 3
0.336638 0.263313 0.666376 1.2723e-38 3
0.345933 0.262197 0.663553 1.29985e-38 3
0.356654 0.262197 0.663553 1.30914e-38 3
0.370515 0.264439 0.669224 1.28148e-38 3
0.379706 0.263313 0.666376 1.26304e-38 3
0.374535 0.252566 0.639177 1.24468e-38 3
0.37868 0.248508 0.628909 1.19858e-38 3
0.382694 0.244579 0.618966 1.19858e-38 3
0.395824 0.246528 0.623898 1.18014e-38 3
0.409164 0.248508 0.628909 1.18018e-38 3
0.422721 0.250521 0.634002 1.1433e-38 3
0.432965 0.250521 0.634002 1.16174e-38 3
0.448658 0.253601 0.641797 1.22624e-38 3
0.464742 0.256758 0.649786 1.1617e-38 3
0.479218 0.258906 0.655223 1.07873e-38 3
0.48574 0.256758 0.649786 1.02341e-38 3
0.484184 0.250521 0.634002 1.07869e-38 3
0.492434 0.249511 0.631445 1.03263e-38 3
0.494659 0.24555 0.621422 1.01419e-38 3
0.492962 0.23984 0.606971 1.06029e-38 3
0.502769 0.23984 0.606971 1.01415e-38 3
0.506684 0.237083 0.599994 1.06018e-38 3
0.514408 0.236178 0.597704 1.03256e-38 3
0.526073 0.237083 0.599994 1.0049e-38 3
0.539905 0.238914 0.604627 1.01415e-38 3
0.541314 0.23528 0.595431 1.05107e-38 3
0.550934 0.23528 0.595431 1.04178e-38 3
0.562695 0.236178 0.597704 1.01404e-38 3
0.572352 0.236178 0.597704 9.86386e-39 3
0.584239 0.237083 0.599994 9.21885e-39 3
0.593934 0.237083 0.599994 9.21957e-39 3
-0.597541 0.272919 0.663553 9.49399e-39 3
-0.581022 0.275251 0.669224 8.48056e-39 3
-0.52948 0.255591 0.621422 9.03445e-39 3
-0.501528 0.246777 0.599994 9.49507e-39 3
-0.489956 0.245835 0.597704 8.75787e-39 3
-0.474862 0.243052 0.590937 9.21812e-39 3
-0.550483 0.287539 0.6991 9.58655e-39 3
-0.539187 0.287539 0.6991 1.04159e-38 3
-0.527891 0.287539 0.6991 1.10602e-38 3
-0.516596 0.287539 0.6991 1.1429e-38 3
-0.5053 0.287539 0.6991 1.08769e-38 3
-0.487476 0.283739 0.689861 1.06925e-38 3
-0.47424 0.282495 0.686835 1.05081e-38 3
-0.457128 0.278826 0.677915 8.2958e-39 3
-0.442345 0.276433 0.672096 1.01397e-38 3
-0.431485 0.276433 0.672096 1.06933e-38 3
-0.424268 0.278826 0.677915 9.5869e-39 3
-0.418753 0.282495 0.686835 1.00472e-38 3
-0.407655 0.282495 0.686835 9.49399e-39 3
-0.398305 0.283739 0.689861 9.95317e-39 3
-0.382108 0.280038 0.680863 9.21633e-39 3
-0.367908 0.277624 0.674993 1.00461e-38 3
-0.352445 0.27408 0.666376 1.06003e-38 3
-0.338794 0.271767 0.660753 9.49435e-39 3
-0.322672 0.267257 0.649786 1.11524e-38 3
-0.310884 0.266152 0.647101 1.2074e-38 3
-0.300428 0.266152 0.647101 1.22584e-38 3
-0.291176 0.267257 0.649786 1.19818e-38 3
-0.283026 0.269493 0.655223 1.17056e-38 3
-0.273584 0.270625 0.657977 1.22588e-38 3
-0.265181 0.272919 0.663553 1.29052e-38 3
-0.257736 0.276433 0.672096 1.37343e-38 3
-0.246877 0.276433 0.672096 1.47477e-38 3
-0.238061 0.278826 0.677915 1.46555e-38 3
-0.228095 0.280038 0.680863 1.29953e-38 3
-0.220936 0.284995 0.692913 1.37321e-38 3
-0.20974 0.284995 0.692913 1.40083e-38 3
-0.201216 0.288829 0.702235 1.49321e-38 3
-0.189022 0.287539 0.6991 1.39176e-38 3
-0.177726 0.287539 0.6991 1.39172e-38 3
-0.16793 0.29013 0.705398 1.34566e-38 3
-0.156533 0.29013 0.705398 1.29052e-38 3
-0.145135 0.29013 0.705398 1.32758e-38 3
-0.133738 0.29013 0.705398 1.29067e-38 3
-0.123452 0.292767 0.711811 1.29067e-38 3
-0.112463 0.294104 0.715061 1.2262e-38 3
-0.0995455 0.29013 0.705398 1.13401e-38 3
-0.0881481 0.29013 0.705398 1.18003e-38 3
-0.0753922 0.284995 0.692913 1.24457e-38 3
-0.0647697 0.287539 0.6991 1.25368e-38 3
-0.0537139 0.288829 0.702235 1.42871e-38 3
-0.0414385 0.282495 0.686835 1.55771e-38 3
-0.0298179 0.277624 0.674993 1.47477e-38 3
-0.0189117 0.277624 0.674993 1.40116e-38 3
-0.00780377 0.270625 0.657977 1.35513e-38 3
0.00282743 0.270625 0.657977 1.30911e-38 3
0.0134586 0.270625 0.657977 1.32744e-38 3
0.0236916 0.266152 0.647101 1.36432e-38 3
0.0341471 0.266152 0.647101 1.36424e-38 3
0.0438773 0.261825 0.636579 1.36432e-38 3
0.053726 0.259713 0.631445 1.38286e-38 3
0.0639285 0.259713 0.631445 1.39215e-38 3
0.0741311 0.259713 0.631445 1.41985e-38 3
0.0836589 0.257635 0.626394 1.31847e-38 3
0.0937798 0.257635 0.626394 1.33691e-38 3
0.103901 0.257635 0.626394 1.42903e-38 3
0.113567 0.256609 0.623898 1.35528e-38 3
0.123648 0.256609 0.623898 1.3184e-38 3
0.1301 0.249647 0.606971 1.32765e-38 3
0.138831 0.247726 0.602302 1.29999e-38 3
0.146868 0.244901 0.595431 1.27244e-38 3
0.154724 0.242138 0.588716 1.19869e-38 3
0.194189 0.270625 0.657977 1.26322e-38 3
0.179218 0.236797 0.575729 1.30921e-38 3
0.18852 0.236797 0.575729 1.2078e-38 3
0.199288 0.238551 0.579994 1.16188e-38 3
0.231764 0.253578 0.616529 1.20791e-38 3
0.242681 0.25458 0.618966 1.11571e-38 3
0.252682 0.25458 0.618966 1.14326e-38 3
0.265835 0.257635 0.626394 1.12479e-38 3
0.275956 0.257635 0.626394 1.23546e-38 3
0.288384 0.259713 0.631445 1.28152e-38 3
0.299795 0.260765 0.634002 1.37372e-38 3
0.313851 0.263971 0.641797 1.3184e-38 3
0.324221 0.263971 0.641797 1.28152e-38 3
0.334591 0.263971 0.641797 1.19847e-38 3
0.339397 0.259713 0.631445 1.19847e-38 3
0.358267 0.266152 0.647101 1.19854e-38 3
0.364207 0.262893 0.639177 1.2262e-38 3
0.368518 0.25867 0.628909 1.24471e-38 3
0.372693 0.25458 0.618966 1.27237e-38 3
0.373828 0.248683 0.604627 1.22627e-38 3
0.389614 0.252584 0.614111 1.22627e-38 3
0.404293 0.255591 0.621422 1.20791e-38 3
0.417649 0.257635 0.626394 1.15252e-38 3
0.429487 0.25867 0.628909 1.11557e-38 3
0.446827 0.262893 0.639177 1.09713e-38 3
0.460917 0.265057 0.644438 1.23542e-38 3
0.475241 0.267257 0.649786 1.25386e-38 3
0.483733 0.266152 0.647101 1.14315e-38 3
0.484184 0.260765 0.634002 1.13393e-38 3
0.492434 0.259713 0.631445 1.08791e-38 3
0.492703 0.25458 0.618966 1.02337e-38 3
0.48917 0.247726 0.602302 9.67983e-39 3
0.498902 0.247726 0.602302 1.07865e-38 3
0.504775 0.241232 0.586511 1.03256e-38 3
0.512332 0.240331 0.584322 9.95678e-39 3
0.529679 0.243973 0.593176 1.01412e-38 3
0.533204 0.241232 0.586511 1.01412e-38 3
0.546776 0.243052 0.590937 9.58799e-39 3
0.556324 0.243052 0.590937 1.01404e-38 3
0.565872 0.243052 0.590937 9.31069e-39 3
0.57542 0.243052 0.590937 9.21885e-39 3
-0.511222 0.256472 0.599994 8.38908e-39 3
-0.492101 0.251651 0.588716 9.95569e-39 3
-0.482588 0.251651 0.588716 8.94153e-39 3
-0.469546 0.249773 0.584322 1.03245e-38 3
-0.456697 0.247922 0.579994 9.86313e-39 3
-0.447325 0.247922 0.579994 9.86349e-39 3
-0.442875 0.250708 0.586511 9.77094e-39 3
-0.482156 0.278913 0.652493 9.49399e-39 3
-0.483706 0.286064 0.669224 8.75715e-39 3
-0.481117 0.291039 0.680863 7.83519e-39 3
-0.466064 0.28853 0.674993 8.94153e-39 3
-0.451267 0.286064 0.669224 9.03373e-39 3
-0.43858 0.284847 0.666376 9.5869e-39 3
-0.429641 0.286064 0.669224 8.8497e-39 3
-0.418828 0.286064 0.669224 8.75714e-39 3
-0.409767 0.287292 0.672096 8.94117e-39 3
-0.398907 0.287292 0.672096 9.3096e-39 3
-0.38639 0.286064 0.669224 8.66387e-39 3
-0.375577 0.286064 0.669224 1.05081e-38 3
-0.361673 0.28364 0.663553 1.05085e-38 3
-0.348002 0.281257 0.657977 9.77129e-39 3
-0.335959 0.28008 0.655223 9.03373e-39 3
-0.321339 0.276608 0.647101 9.7695e-39 3
-0.309604 0.275469 0.644438 1.11521e-38 3
-0.299192 0.275469 0.644438 1.16138e-38 3
-0.292389 0.278913 0.652493 1.13368e-38 3
-0.283026 0.28008 0.655223 1.21666e-38 3
-0.273584 0.281257 0.657977 1.25364e-38 3
-0.265181 0.28364 0.663553 1.29974e-38 3
-0.256635 0.286064 0.669224 1.27208e-38 3
-0.246877 0.287292 0.672096 1.29049e-38 3
-0.237035 0.28853 0.674993 1.21669e-38 3
-0.227107 0.289779 0.677915 1.2351e-38 3
-0.218042 0.29231 0.683836 1.26265e-38 3
-0.207901 0.293592 0.686835 1.21659e-38 3
-0.200318 0.298835 0.6991 1.2351e-38 3
-0.187349 0.296191 0.692913 1.21666e-38 3
-0.176153 0.296191 0.692913 1.21666e-38 3
-0.167177 0.300175 0.702235 1.27198e-38 3
-0.155831 0.300175 0.702235 1.25372e-38 3
-0.145135 0.301527 0.705398 1.21695e-38 3
-0.133738 0.301527 0.705398 1.24457e-38 3
-0.123452 0.304268 0.711811 1.2262e-38 3
-0.111951 0.304268 0.711811 1.20776e-38 3
-0.0995455 0.301527 0.705398 1.2539e-38 3
-0.0877528 0.300175 0.702235 1.1801e-38 3
-0.0750601 0.294886 0.689861 1.24468e-38 3
-0.0636334 0.293592 0.686835 1.26304e-38 3
-0.052536 0.293592 0.686835 1.34588e-38 3
-0.0400338 0.28364 0.663553 1.4564e-38 3
-0.0293125 0.28364 0.663553 1.53027e-38 3
-0.0185912 0.28364 0.663553 1.40123e-38 3
-0.00754999 0.27211 0.636579 1.36446e-38 3
0.00273548 0.27211 0.636579 1.45662e-38 3
0.0130209 0.27211 0.636579 1.31833e-38 3
0.0231185 0.269916 0.631445 1.2629e-38 3
0.033321 0.269916 0.631445 1.25368e-38 3
0.0431753 0.267756 0.626394 1.22613e-38 3
0.0528732 0.265631 0.621422 1.22617e-38 3
0.0629138 0.265631 0.621422 1.19854e-38 3
0.073245 0.26669 0.623898 1.28159e-38 3
0.0826669 0.264581 0.618966 1.34613e-38 3
0.0930355 0.265631 0.621422 1.4291e-38 3
0.103076 0.265631 0.621422 1.44747e-38 3
0.112226 0.26354 0.616529 1.40137e-38 3
0.121233 0.261481 0.611713 1.3184e-38 3
0.1357 0.251651 0.588716 1.35528e-38 3
0.144668 0.250708 0.586511 1.38304e-38 3
0.150757 0.245198 0.573621 1.2817e-38 3
0.159441 0.244303 0.571527 1.25397e-38 3
0.169293 0.245198 0.573621 1.18018e-38 3
0.177263 0.243415 0.569449 1.21702e-38 3
0.184451 0.240788 0.563304 1.09716e-38 3
0.192859 0.239925 0.561285 1.13422e-38 3
0.204865 0.243415 0.569449 1.24486e-38 3
0.222144 0.2526 0.590937 1.33698e-38 3
0.235243 0.256472 0.599994 1.32769e-38 3
0.244937 0.256472 0.599994 1.2262e-38 3
0.264776 0.26669 0.623898 1.22617e-38 3
0.274857 0.26669 0.623898 1.22624e-38 3
0.287226 0.268832 0.628909 1.2262e-38 3
0.299795 0.271008 0.634002 1.24464e-38 3
0.3113 0.27211 0.636579 1.29074e-38 3
0.321585 0.27211 0.636579 1.35528e-38 3
0.33187 0.27211 0.636579 1.32755e-38 3
0.321261 0.255493 0.597704 1.21691e-38 3
0.337995 0.253557 0.593176 1.1801e-38 3
0.34758 0.253557 0.593176 1.28159e-38 3
0.357164 0.253557 0.593176 1.26315e-38 3
0.366748 0.253557 0.593176 1.18936e-38 3
0.376332 0.253557 0.593176 1.14326e-38 3
0.387384 0.254521 0.595431 1.18018e-38 3
0.406273 0.260463 0.609332 1.24471e-38 3
0.424375 0.265631 0.621422 1.2262e-38 3
0.445011 0.27211 0.636579 1.29996e-38 3
0.459028 0.27434 0.641797 1.27226e-38 3
0.473277 0.276608 0.647101 1.29985e-38 3
0.481742 0.275469 0.644438 1.34598e-38 3
0.484184 0.271008 0.634002 1.17992e-38 3
0.490457 0.268832 0.628909 1.13393e-38 3
0.485035 0.260463 0.609332 1.10628e-38 3
0.48359 0.254521 0.595431 1.07862e-38 3
0.487988 0.247008 0.577854 1.07865e-38 3
0.492133 0.239925 0.561285 1.04178e-38 3
0.513955 0.241657 0.565337 1.04181e-38 3
0.532705 0.2461 0.575729 1.04181e-38 3
0.544007 0.247008 0.577854 9.58763e-39 3
0.555393 0.247922 0.579994 9.86422e-39 3
0.568979 0.249773 0.584322 9.67983e-39 3
-0.499734 0.260185 0.586511 8.75787e-39 3
-0.477733 0.253538 0.571527 8.66567e-39 3
-0.465103 0.2517 0.567386 8.75822e-39 3
-0.452656 0.24989 0.563304 7.74407e-39 3
-0.443554 0.24989 0.563304 8.20541e-39 3
-0.43135 0.248105 0.55928 8.29761e-39 3
-0.422313 0.248105 0.55928 8.20469e-39 3
-0.408895 0.245475 0.553351 9.21812e-39 3
-0.464063 0.298151 0.672096 9.3114e-39 3
-0.453204 0.298151 0.672096 7.83626e-39 3
-0.440454 0.296877 0.669224 8.66602e-39 3
-0.429641 0.296877 0.669224 8.48164e-39 3
-0.418828 0.296877 0.669224 8.75822e-39 3
-0.408015 0.296877 0.669224 1.03245e-38 3
-0.398907 0.298151 0.672096 1.07854e-38 3
-0.38639 0.296877 0.669224 1.14308e-38 3
-0.375577 0.296877 0.669224 1.1062e-38 3
-0.361673 0.294361 0.663553 9.3114e-39 3
-0.350951 0.294361 0.663553 1.0049e-38 3
-0.338794 0.293119 0.660753 9.86349e-39 3
-0.325373 0.290666 0.655223 1.06918e-38 3
-0.312174 0.288254 0.649786 1.16138e-38 3
-0.300428 0.287063 0.647101 1.14305e-38 3
-0.291176 0.288254 0.649786 1.26286e-38 3
-0.281846 0.289455 0.652493 1.25368e-38 3
-0.270178 0.288254 0.649786 1.17067e-38 3
-0.262953 0.291888 0.657977 1.17074e-38 3
-0.256635 0.296877 0.669224 1.17996e-38 3
-0.245822 0.296877 0.669224 1.1523e-38 3
-0.236017 0.298151 0.672096 1.14305e-38 3
-0.226128 0.299437 0.674993 1.19836e-38 3
-0.216154 0.300733 0.677915 1.25357e-38 3
-0.20974 0.307386 0.692913 1.34577e-38 3
-0.200318 0.310131 0.6991 1.2168e-38 3
-0.187349 0.307386 0.692913 1.13372e-38 3
-0.176153 0.307386 0.692913 1.15216e-38 3
-0.164231 0.306032 0.689861 1.22606e-38 3
-0.155135 0.310131 0.6991 1.26301e-38 3
-0.144484 0.311521 0.702235 1.23542e-38 3
-0.132544 0.310131 0.6991 1.21698e-38 3
-0.124585 0.318666 0.718341 1.18932e-38 3
-0.111951 0.315769 0.711811 1.22627e-38 3
-0.10045 0.315769 0.711811 1.24471e-38 3
-0.0893556 0.317211 0.715061 1.26312e-38 3
-0.0764065 0.311521 0.702235 1.30932e-38 3
-0.0636334 0.30469 0.686835 1.27248e-38 3
-0.052536 0.30469 0.686835 1.35531e-38 3
-0.0288239 0.289455 0.652493 1.43822e-38 3
-0.0181303 0.287063 0.647101 1.3829e-38 3
0.00268099 0.27677 0.623898 1.41059e-38 3
0.0126108 0.273501 0.616529 1.28145e-38 3
0.0222224 0.269261 0.606971 1.27223e-38 3
0.0320295 0.269261 0.606971 1.34598e-38 3
0.041675 0.268221 0.604627 1.3184e-38 3
0.0512464 0.26719 0.602302 1.2539e-38 3
0.060978 0.26719 0.602302 1.26315e-38 3
0.0709826 0.268221 0.604627 1.32762e-38 3
0.0807518 0.268221 0.604627 1.29081e-38 3
0.0908719 0.269261 0.606971 1.30003e-38 3
0.100679 0.269261 0.606971 1.3184e-38 3
0.109216 0.266166 0.599994 1.35528e-38 3
0.118006 0.264142 0.595431 1.38286e-38 3
0.123404 0.255402 0.575729 1.3552e-38 3
0.130311 0.250792 0.565337 1.32762e-38 3
0.138944 0.24989 0.563304 1.2539e-38 3
0.156024 0.248105 0.55928 1.31847e-38 3
0.165061 0.248105 0.55928 1.33684e-38 3
0.174097 0.248105 0.55928 1.28152e-38 3
0.182482 0.247222 0.55729 1.2078e-38 3
0.190807 0.246345 0.555314 1.22642e-38 3
0.200491 0.247222 0.55729 1.2172e-38 3
0.209495 0.247222 0.55729 1.18025e-38 3
0.226562 0.256344 0.577854 1.18018e-38 3
0.262316 0.264142 0.595431 1.25386e-38 3
0.277206 0.269261 0.606971 1.20776e-38 3
0.298586 0.280118 0.631445 1.2262e-38 3
0.314068 0.259214 0.584322 1.2446e-38 3
0.32351 0.259214 0.584322 1.2262e-38 3
0.330484 0.257294 0.579994 1.21698e-38 3
0.342392 0.259214 0.584322 1.30925e-38 3
0.354478 0.261163 0.588716 1.24471e-38 3
0.363991 0.261163 0.588716 1.17096e-38 3
0.373503 0.261163 0.588716 1.04188e-38 3
0.380156 0.259214 0.584322 1.08791e-38 3
0.397004 0.264142 0.595431 1.13401e-38 3
0.412905 0.268221 0.604627 1.08791e-38 3
0.445011 0.282395 0.636579 1.17081e-38 3
0.460917 0.285882 0.644438 1.24457e-38 3
0.479218 0.290666 0.655223 1.21691e-38 3
0.483733 0.287063 0.647101 1.14305e-38 3
0.486152 0.282395 0.636579 1.17992e-38 3
0.490457 0.278993 0.628909 1.13393e-38 3
0.483155 0.269261 0.606971 1.0694e-38 3
0.476345 0.260185 0.586511 1.08784e-38 3
0.487648 0.261163 0.588716 1.03252e-38 3
0.472302 0.248105 0.55928 9.77238e-39 3
0.479626 0.247222 0.55729 9.95677e-39 3
0.486897 0.246345 0.555314 8.94262e-39 3
0.49587 0.246345 0.555314 9.31141e-39 3
0.504842 0.246345 0.555314 9.12737e-39 3
0.515643 0.247222 0.55729 9.12737e-39 3
0.526521 0.248105 0.55928 9.95677e-39 3
0.535558 0.248105 0.55928 1.00486e-38 3
-0.485196 0.261816 0.569449 8.20433e-39 3
-0.472559 0.259926 0.565337 7.09906e-39 3
-0.461757 0.258991 0.563304 7.46784e-39 3
-0.451033 0.258063 0.561285 7.56004e-39 3
-0.438819 0.256226 0.55729 7.65223e-39 3
-0.42829 0.255317 0.555314 7.74443e-39 3
-0.417836 0.254415 0.553351 7.92846e-39 3
-0.393597 0.244896 0.532648 8.75714e-39 3
-0.38499 0.244896 0.532648 8.20541e-39 3
-0.435221 0.311686 0.677915 8.94261e-39 3
-0.420626 0.309011 0.672096 9.40251e-39 3
-0.408015 0.30769 0.669224 9.77129e-39 3
-0.398907 0.309011 0.672096 1.05085e-38 3
-0.310884 0.297519 0.647101 1.16138e-38 3
-0.297966 0.29508 0.641797 1.15216e-38 3
-0.286422 0.293876 0.639177 1.22602e-38 3
-0.278367 0.296294 0.644438 1.13383e-38 3
-0.270178 0.298753 0.649786 1.14305e-38 3
-0.261852 0.301253 0.655223 1.16152e-38 3
-0.256635 0.30769 0.669224 1.05099e-38 3
-0.246877 0.309011 0.672096 1.08776e-38 3
-0.238061 0.311686 0.677915 1.23524e-38 3
-0.227107 0.311686 0.677915 1.38265e-38 3
-0.216154 0.311686 0.677915 1.2629e-38 3
-0.206093 0.313041 0.680863 1.22602e-38 3
-0.195092 0.313041 0.680863 1.11539e-38 3
-0.184091 0.313041 0.680863 1.32744e-38 3
-0.17309 0.313041 0.680863 1.29978e-38 3
-0.162089 0.313041 0.680863 1.28137e-38 3
-0.132544 0.321426 0.6991 1.25386e-38 3
-0.121248 0.321426 0.6991 1.23542e-38 3
-0.109952 0.321426 0.6991 1.1894e-38 3
-0.0977836 0.318582 0.692913 1.19861e-38 3
-0.085082 0.313041 0.680863 1.33684e-38 3
-0.0728147 0.30769 0.669224 1.29999e-38 3
-0.0280071 0.291496 0.634002 1.36449e-38 3
-0.0174802 0.286851 0.623898 1.43822e-38 3
-0.00717103 0.27799 0.604627 1.3645e-38 3
0.00259818 0.27799 0.604627 1.37368e-38 3
0.0121793 0.273762 0.595431 1.41052e-38 3
0.0217173 0.272725 0.593176 1.39215e-38 3
0.0313015 0.272725 0.593176 1.23542e-38 3
0.0408857 0.272725 0.593176 1.24468e-38 3
0.0504699 0.272725 0.593176 1.30918e-38 3
0.0602824 0.273762 0.595431 1.40123e-38 3
0.0704387 0.27586 0.599994 1.37364e-38 3
0.0798272 0.274807 0.597704 1.3184e-38 3
0.0894846 0.274807 0.597704 1.29996e-38 3
0.0991419 0.274807 0.597704 1.34606e-38 3
0.114523 0.265681 0.577854 1.30911e-38 3
0.119878 0.257141 0.55928 1.29985e-38 3
0.127099 0.253519 0.551403 1.32762e-38 3
0.136008 0.253519 0.551403 1.33684e-38 3
0.145429 0.254415 0.553351 1.37375e-38 3
0.155469 0.256226 0.55729 1.33684e-38 3
0.164473 0.256226 0.55729 1.28152e-38 3
0.173478 0.256226 0.55729 1.19854e-38 3
0.181835 0.255317 0.555314 1.1617e-38 3
0.190133 0.254415 0.553351 1.16181e-38 3
0.19978 0.255317 0.555314 1.1527e-38 3
0.208752 0.255317 0.555314 1.20791e-38 3
0.218499 0.256226 0.55729 1.32762e-38 3
0.227504 0.256226 0.55729 1.18932e-38 3
0.236508 0.256226 0.55729 1.27223e-38 3
0.253636 0.264704 0.575729 1.42896e-38 3
0.257263 0.258991 0.563304 1.3184e-38 3
0.263521 0.256226 0.55729 1.25386e-38 3
0.272526 0.256226 0.55729 1.19862e-38 3
0.280532 0.255317 0.555314 1.16174e-38 3
0.291572 0.257141 0.55928 1.15245e-38 3
0.302771 0.258991 0.563304 1.1801e-38 3
0.315275 0.261816 0.569449 1.21698e-38 3
0.324476 0.261816 0.569449 1.27237e-38 3
0.338602 0.265681 0.577854 1.26315e-38 3
0.350525 0.267656 0.58215 1.26315e-38 3
0.355961 0.264704 0.575729 1.24471e-38 3
0.365264 0.264704 0.575729 1.21705e-38 3
0.365168 0.258063 0.561285 1.18018e-38 3
0.374237 0.258063 0.561285 1.16166e-38 3
0.379228 0.255317 0.555314 1.18925e-38 3
0.421063 0.270675 0.588716 1.1155e-38 3
0.483733 0.297519 0.647101 1.10617e-38 3
0.484184 0.291496 0.634002 1.16145e-38 3
0.477046 0.281248 0.611713 1.14305e-38 3
0.483155 0.279068 0.606971 1.05085e-38 3
0.476345 0.269661 0.586511 1.10617e-38 3
0.480424 0.266665 0.579994 1.14308e-38 3
0.472302 0.257141 0.55928 1.03238e-38 3
0.477925 0.255317 0.555314 1.08773e-38 3
0.485177 0.254415 0.553351 1.0694e-38 3
0.492378 0.253519 0.551403 1.02337e-38 3
0.496047 0.250869 0.545639 9.31176e-39 3
0.506629 0.251747 0.547547 9.40324e-39 3
0.52094 0.254415 0.553351 9.31104e-39 3
-0.473152 0.26429 0.555314 6.54517e-39 3
-0.46418 0.26429 0.555314 6.73028e-39 3
-0.453599 0.263356 0.553351 8.11321e-39 3
-0.446235 0.26429 0.555314 8.11321e-39 3
-0.435718 0.263356 0.553351 7.92882e-39 3
-0.4223 0.260594 0.547547 8.2976e-39 3
-0.410582 0.258784 0.543745 7.65187e-39 3
-0.379823 0.2501 0.525498 8.11321e-39 3
-0.359276 0.24198 0.508436 8.57419e-39 3
-0.351061 0.24198 0.508436 8.94298e-39 3
-0.33845 0.238877 0.501918 9.21884e-39 3
-0.429641 0.318503 0.669224 8.29616e-39 3
-0.422439 0.321249 0.674993 9.21812e-39 3
-0.408015 0.318503 0.669224 1.02323e-38 3
-0.305156 0.258784 0.543745 9.31032e-39 3
-0.290322 0.253503 0.532648 9.40359e-39 3
-0.277226 0.30545 0.641797 1.18918e-38 3
-0.271304 0.310541 0.652493 1.16152e-38 3
-0.262953 0.31315 0.657977 1.04167e-38 3
-0.261098 0.324042 0.680863 1.04177e-38 3
-0.247941 0.321249 0.674993 1.14308e-38 3
-0.235009 0.318503 0.669224 1.23524e-38 3
-0.163432 0.23218 0.487846 1.17992e-38 3
-0.156036 0.232905 0.48937 1.23524e-38 3
-0.121248 0.332722 0.6991 1.34606e-38 3
-0.109952 0.332722 0.6991 1.33691e-38 3
-0.0650129 0.247607 0.520261 1.1894e-38 3
-0.0566068 0.247607 0.520261 1.23549e-38 3
-0.0480411 0.246787 0.518538 1.21713e-38 3
-0.0399273 0.248432 0.521995 1.05121e-38 3
-0.0317046 0.2501 0.525498 1.17106e-38 3
-0.0233708 0.25179 0.529049 1.26308e-38 3
-0.0149235 0.253503 0.532648 1.3368e-38 3
-0.00631734 0.253503 0.532648 1.26308e-38 3
0.00238627 0.26429 0.555314 1.28145e-38 3
0.0113587 0.26429 0.555314 1.3645e-38 3
0.0203311 0.26429 0.555314 1.24464e-38 3
0.0294078 0.26523 0.55729 1.31843e-38 3
0.0398296 0.275017 0.577854 1.30925e-38 3
0.0499028 0.279138 0.586511 1.2723e-38 3
0.0593793 0.279138 0.586511 1.39201e-38 3
0.069903 0.283383 0.595431 1.36435e-38 3
0.0792225 0.28231 0.593176 1.29067e-38 3
0.0884715 0.281244 0.590937 1.33676e-38 3
0.0980195 0.281244 0.590937 1.30911e-38 3
0.103656 0.271017 0.569449 1.25382e-38 3
0.108516 0.260594 0.547547 1.23528e-38 3
0.116548 0.258784 0.543745 1.31836e-38 3
0.122776 0.253503 0.532648 1.32758e-38 3
0.131382 0.253503 0.532648 1.20773e-38 3
0.14241 0.257888 0.541863 1.17088e-38 3
0.153287 0.261508 0.549468 1.21698e-38 3
0.163311 0.263356 0.553351 1.29992e-38 3
0.171645 0.262429 0.551403 1.44747e-38 3
0.179921 0.261508 0.549468 1.43825e-38 3
0.188139 0.260594 0.547547 1.23546e-38 3
0.198373 0.262429 0.551403 1.24486e-38 3
0.206555 0.261508 0.549468 1.18025e-38 3
0.214679 0.260594 0.547547 1.16174e-38 3
0.224311 0.261508 0.549468 1.24464e-38 3
0.233189 0.261508 0.549468 1.32755e-38 3
0.244642 0.26429 0.555314 1.36442e-38 3
0.250945 0.261508 0.549468 1.40137e-38 3
0.258914 0.260594 0.547547 1.29996e-38 3
0.267761 0.260594 0.547547 1.22627e-38 3
0.275644 0.259686 0.545639 1.20783e-38 3
0.285455 0.260594 0.547547 1.17088e-38 3
0.300608 0.266178 0.55928 1.16159e-38 3
0.310755 0.267132 0.561285 1.15237e-38 3
0.319824 0.267132 0.561285 1.15252e-38 3
0.332467 0.270035 0.567386 1.27237e-38 3
0.341635 0.270035 0.567386 1.19861e-38 3
0.350802 0.270035 0.567386 1.18018e-38 3
0.35748 0.261508 0.549468 1.12486e-38 3
0.366358 0.261508 0.549468 1.10635e-38 3
0.3675 0.256116 0.538139 1.12472e-38 3
0.371094 0.252643 0.530842 1.17992e-38 3
0.380962 0.253503 0.532648 1.13393e-38 3
0.394152 0.250942 0.527267 1.18914e-38 3
0.46565 0.262429 0.551403 1.05081e-38 3
0.471241 0.260594 0.547547 1.06007e-38 3
0.480088 0.260594 0.547547 1.04174e-38 3
0.488935 0.260594 0.547547 9.95713e-39 3
0.487553 0.255239 0.536296 9.21956e-39 3
0.496218 0.255239 0.536296 9.49615e-39 3
-0.456949 0.263904 0.536296 7.19198e-39 3
-0.448283 0.263904 0.536296 7.37565e-39 3
-0.436628 0.262109 0.532648 7.74443e-39 3
-0.426571 0.26122 0.530842 8.02102e-39 3
-0.416581 0.260338 0.529049 7.19126e-39 3
-0.405295 0.25859 0.525498 8.20541e-39 3
-0.396804 0.25859 0.525498 7.74407e-39 3
-0.37449 0.249385 0.506791 7.92738e-39 3
-0.366302 0.249385 0.506791 7.83663e-39 3
-0.35581 0.247781 0.503532 7.65296e-39 3
-0.337369 0.246198 0.500314 8.38872e-39 3
-0.328237 0.245414 0.498721 9.03337e-39 3
-0.31516 0.241567 0.490904 8.94153e-39 3
-0.31113 0.244635 0.497138 8.48055e-39 3
-0.303097 0.244635 0.497138 8.75678e-39 3
-0.295065 0.244635 0.497138 1.00464e-38 3
-0.285221 0.243091 0.494001 1.05071e-38 3
-0.28627 0.25101 0.510093 9.40251e-39 3
-0.279852 0.252656 0.513437 9.40359e-39 3
-0.210042 0.248581 0.505156 1.1062e-38 3
-0.199308 0.245414 0.498721 1.06932e-38 3
-0.188252 0.241567 0.490904 1.06932e-38 3
-0.180321 0.241567 0.490904 1.17085e-38 3
-0.17185 0.240812 0.48937 1.27223e-38 3
-0.164457 0.241567 0.490904 1.22609e-38 3
-0.156525 0.241567 0.490904 1.15241e-38 3
-0.149061 0.242327 0.492448 1.21691e-38 3
-0.142902 0.245414 0.498721 1.16159e-38 3
-0.109966 0.263003 0.534466 1.22627e-38 3
-0.0899323 0.255165 0.518538 1.29996e-38 3
-0.0794494 0.248581 0.505156 1.11564e-38 3
-0.0710582 0.247781 0.503532 1.15248e-38 3
-0.0633297 0.249385 0.506791 1.07883e-38 3
-0.0553203 0.250195 0.508436 1.08805e-38 3
-0.0469528 0.249385 0.506791 1.19869e-38 3
-0.0387644 0.249385 0.506791 1.11575e-38 3
-0.030977 0.252656 0.513437 1.06043e-38 3
-0.0228308 0.254323 0.516826 1.13401e-38 3
-0.014674 0.257726 0.523741 1.21691e-38 3
-0.00617042 0.256013 0.520261 1.32762e-38 3
0.00224309 0.256867 0.521995 1.34606e-38 3
0.0108215 0.260338 0.529049 1.34606e-38 3
0.0195678 0.263003 0.534466 1.26315e-38 3
0.028793 0.268502 0.545639 1.33691e-38 3
0.038276 0.273262 0.555314 1.30925e-38 3
0.0477565 0.276201 0.561285 1.29989e-38 3
0.0570298 0.277194 0.563304 1.33666e-38 3
0.0683439 0.286468 0.58215 1.29981e-38 3
0.077462 0.285407 0.579994 1.29974e-38 3
0.0849455 0.279203 0.567386 1.34584e-38 3
0.095018 0.256867 0.521995 1.28134e-38 3
0.103452 0.256867 0.521995 1.32736e-38 3
0.110778 0.254323 0.516826 1.37353e-38 3
0.118348 0.252656 0.513437 1.36431e-38 3
0.12706 0.253487 0.515126 1.30903e-38 3
0.138109 0.25859 0.525498 1.35524e-38 3
0.14759 0.260338 0.529049 1.31836e-38 3
0.157201 0.262109 0.532648 1.30914e-38 3
0.166942 0.263904 0.536296 1.29989e-38 3
0.175008 0.263003 0.534466 1.38279e-38 3
0.183644 0.263003 0.534466 1.34606e-38 3
0.190976 0.26122 0.530842 1.22635e-38 3
0.198209 0.259461 0.527267 1.22635e-38 3
0.206035 0.25859 0.525498 1.25393e-38 3
0.215975 0.260338 0.529049 1.26315e-38 3
0.224523 0.260338 0.529049 1.2723e-38 3
0.234656 0.262109 0.532648 1.32762e-38 3
0.242438 0.26122 0.530842 1.28145e-38 3
0.251015 0.26122 0.530842 1.3368e-38 3
0.260475 0.262109 0.532648 1.29074e-38 3
0.268169 0.26122 0.530842 1.29996e-38 3
0.277687 0.262109 0.532648 1.28148e-38 3
0.295335 0.270386 0.549468 1.18e-38 3
0.306362 0.272297 0.553351 1.12471e-38 3
0.315303 0.272297 0.553351 1.16166e-38 3
0.327718 0.275214 0.55928 1.15255e-38 3
0.337961 0.276201 0.561285 1.1433e-38 3
0.34703 0.276201 0.561285 1.11564e-38 3
0.354827 0.275214 0.55928 1.07876e-38 3
0.354989 0.268502 0.545639 1.06032e-38 3
0.362542 0.267569 0.543745 1.07869e-38 3
0.364991 0.263003 0.534466 1.03252e-38 3
0.367358 0.25859 0.525498 1.11539e-38 3
0.375848 0.25859 0.525498 1.15237e-38 3
0.376753 0.253487 0.515126 1.20769e-38 3
0.383814 0.252656 0.513437 1.24453e-38 3
0.384545 0.247781 0.503532 1.18918e-38 3
0.392681 0.247781 0.503532 1.18003e-38 3
0.390765 0.241567 0.490904 1.20769e-38 3
0.394982 0.239317 0.48633 1.16159e-38 3
0.435283 0.25859 0.525498 1.18e-38 3
0.445268 0.259461 0.527267 1.17074e-38 3
0.45532 0.260338 0.529049 1.09698e-38 3
0.470223 0.263904 0.536296 1.00486e-38 3
0.478888 0.263904 0.536296 9.68018e-39 3
0.489513 0.260338 0.529049 9.77274e-39 3
-0.443286 0.264419 0.520261 5.90124e-39 3
-0.43344 0.263544 0.518538 5.62393e-39 3
-0.418139 0.259251 0.510093 6.1771e-39 3
-0.396489 0.255917 0.503532 7.65223e-39 3
-0.388353 0.255917 0.503532 7.46784e-39 3
-0.381444 0.256743 0.505156 7.28273e-39 3
-0.370889 0.255097 0.501918 8.01958e-39 3
-0.362779 0.255097 0.501918 9.31176e-39 3
-0.353537 0.254282 0.500314 7.83699e-39 3
-0.347674 0.255917 0.503532 9.31176e-39 3
-0.327195 0.252667 0.497138 9.40215e-39 3
-0.308393 0.244142 0.480363 9.03337e-39 3
-0.300631 0.244142 0.480363 9.77093e-39 3
-0.282509 0.241915 0.475983 1.10606e-38 3
-0.273985 0.241182 0.474541 1.18904e-38 3
-0.268761 0.243395 0.478894 1.08776e-38 3
-0.261024 0.243395 0.478894 9.2192e-39 3
-0.213385 0.251073 0.494001 9.03517e-39 3
-0.205404 0.251073 0.494001 9.95568e-39 3
-0.194356 0.247175 0.48633 1.08773e-38 3
-0.184777 0.244893 0.481841 1.06011e-38 3
-0.177538 0.245649 0.483328 1.19851e-38 3
-0.171315 0.247945 0.487846 1.23542e-38 3
-0.164457 0.249499 0.490904 1.14322e-38 3
-0.157018 0.250284 0.492448 1.15244e-38 3
-0.149061 0.250284 0.492448 1.14322e-38 3
-0.141997 0.251868 0.495565 1.11553e-38 3
-0.13399 0.251868 0.495565 1.07865e-38 3
-0.0989659 0.265301 0.521995 1.29999e-38 3
-0.0887567 0.260099 0.51176 1.27233e-38 3
-0.0794494 0.256743 0.505156 1.28159e-38 3
-0.0708304 0.255097 0.501918 1.21705e-38 3
-0.0631254 0.256743 0.505156 1.16184e-38 3
-0.0547866 0.255917 0.503532 1.07887e-38 3
-0.0381471 0.253472 0.498721 1.14344e-38 3
-0.0300891 0.253472 0.498721 1.17106e-38 3
-0.0219611 0.252667 0.497138 1.1801e-38 3
-0.00595288 0.255097 0.501918 1.33684e-38 3
0.00215682 0.255097 0.501918 1.47513e-38 3
0.0105367 0.26181 0.515126 1.30003e-38 3
0.0192395 0.267081 0.525498 1.31843e-38 3
0.0280122 0.269797 0.530842 1.27244e-38 3
0.0369652 0.272569 0.536296 1.23542e-38 3
0.0456303 0.272569 0.536296 1.26304e-38 3
0.055629 0.279264 0.549468 1.55789e-38 3
0.0651933 0.282235 0.555314 1.65005e-38 3
0.0739036 0.281237 0.553351 1.64076e-38 3
0.0857267 0.262674 0.516826 1.42874e-38 3
0.0916572 0.255917 0.503532 1.39187e-38 3
0.0994732 0.255097 0.501918 1.46559e-38 3
0.107583 0.255097 0.501918 1.42874e-38 3
0.115693 0.255097 0.501918 1.41041e-38 3
0.124601 0.256743 0.505156 1.50261e-38 3
0.134498 0.260099 0.51176 1.41056e-38 3
0.144181 0.262674 0.516826 1.37368e-38 3
0.154057 0.265301 0.521995 1.36446e-38 3
0.164686 0.268886 0.529049 1.31833e-38 3
0.173235 0.268886 0.529049 1.32744e-38 3
0.180563 0.267081 0.525498 1.32755e-38 3
0.187169 0.264419 0.520261 1.3001e-38 3
0.190512 0.257573 0.506791 1.33698e-38 3
0.198059 0.256743 0.505156 1.29081e-38 3
0.206221 0.256743 0.505156 1.31847e-38 3
0.215077 0.257573 0.506791 1.29081e-38 3
0.229963 0.265301 0.521995 1.33684e-38 3
0.236819 0.263544 0.518538 1.42896e-38 3
0.247657 0.266188 0.523741 1.35517e-38 3
0.258715 0.268886 0.529049 1.25379e-38 3
0.265469 0.267081 0.525498 1.24464e-38 3
0.27396 0.267081 0.525498 1.29989e-38 3
0.292258 0.276355 0.543745 1.25372e-38 3
0.305284 0.280247 0.551403 1.18918e-38 3
0.314193 0.280247 0.551403 1.20776e-38 3
0.326552 0.283239 0.55729 1.16174e-38 3
0.340402 0.287329 0.565337 1.15252e-38 3
0.349536 0.287329 0.565337 1.16174e-38 3
0.354827 0.284251 0.55928 1.10642e-38 3
0.35748 0.279264 0.549468 1.11564e-38 3
0.362542 0.276355 0.543745 1.09713e-38 3
0.338425 0.251868 0.495565 1.09706e-38 3
0.357754 0.260099 0.51176 1.14305e-38 3
0.366022 0.260099 0.51176 1.18003e-38 3
0.377623 0.256743 0.505156 1.17081e-38 3
0.392681 0.255917 0.503532 1.06018e-38 3
0.390765 0.249499 0.490904 1.08791e-38 3
0.394982 0.247175 0.48633 1.05103e-38 3
0.440815 0.265301 0.521995 1.11553e-38 3
0.449249 0.265301 0.521995 1.01412e-38 3
0.460755 0.267081 0.525498 1.1062e-38 3
0.470826 0.26798 0.527267 9.67875e-39 3
0.471409 0.263544 0.518538 9.49615e-39 3
-0.434622 0.267493 0.510093 8.11393e-39 3
-0.410123 0.262366 0.500314 9.31104e-39 3
-0.402039 0.262366 0.500314 8.85042e-39 3
-0.387761 0.25824 0.492448 8.75858e-39 3
-0.379805 0.25824 0.492448 8.38944e-39 3
-0.371848 0.25824 0.492448 9.12701e-39 3
-0.366194 0.259875 0.495565 9.68018e-39 3
-0.359324 0.2607 0.497138 9.58798e-39 3
-0.35018 0.259875 0.495565 9.68054e-39 3
-0.342173 0.259875 0.495565 8.20541e-39 3
-0.326924 0.254243 0.484825 8.57275e-39 3
-0.317127 0.252678 0.481841 9.40107e-39 3
-0.305581 0.249606 0.475983 9.95532e-39 3
-0.29789 0.249606 0.475983 9.77093e-39 3
-0.28932 0.24885 0.474541 1.06929e-38 3
-0.280802 0.248098 0.473107 1.09695e-38 3
-0.272335 0.247351 0.471682 1.05081e-38 3
-0.265513 0.248098 0.473107 1.00479e-38 3
-0.257093 0.247351 0.471682 9.95676e-39 3
-0.249471 0.247351 0.471682 9.03552e-39 3
-0.241124 0.246608 0.470266 9.77237e-39 3
-0.234229 0.247351 0.471682 1.01415e-38 3
-0.222335 0.251133 0.478894 8.8515e-39 3
-0.213943 0.250367 0.477434 9.68126e-39 3
-0.20686 0.251133 0.478894 1.02337e-38 3
-0.200347 0.252678 0.481841 1.07854e-38 3
-0.191971 0.251903 0.480363 1.11546e-38 3
-0.18253 0.249606 0.475983 1.15241e-38 3
-0.17484 0.249606 0.475983 1.30914e-38 3
-0.167659 0.250367 0.477434 1.19851e-38 3
-0.160926 0.251903 0.480363 1.0694e-38 3
-0.15411 0.253458 0.483328 1.11557e-38 3
-0.1463 0.253458 0.483328 1.08787e-38 3
-0.140662 0.257431 0.490904 1.13397e-38 3
-0.13273 0.257431 0.490904 1.10638e-38 3
-0.108485 0.2765 0.527267 1.14333e-38 3
-0.0983105 0.271922 0.518538 1.18018e-38 3
-0.087895 0.265762 0.506791 1.13404e-38 3
-0.0789401 0.263206 0.501918 1.14326e-38 3
-0.0706041 0.262366 0.500314 1.13408e-38 3
-0.0625204 0.262366 0.500314 1.18954e-38 3
-0.054611 0.263206 0.501918 1.18036e-38 3
-0.0465014 0.263206 0.501918 1.13437e-38 3
-0.0374319 0.256626 0.48937 1.15277e-38 3
-0.0298986 0.259875 0.495565 1.14341e-38 3
-0.0218916 0.259875 0.495565 1.21702e-38 3
-0.00575015 0.254243 0.484825 1.19854e-38 3
0.0020642 0.251903 0.480363 1.30914e-38 3
0.0103328 0.264905 0.505156 1.28159e-38 3
0.0187365 0.268367 0.51176 1.18939e-38 3
0.0277302 0.275572 0.525498 1.13401e-38 3
0.0363429 0.2765 0.527267 1.18007e-38 3
0.0448621 0.2765 0.527267 1.32754e-38 3
0.0539261 0.279321 0.532648 1.44722e-38 3
0.0625323 0.279321 0.532648 1.41027e-38 3
0.0711385 0.279321 0.532648 1.33662e-38 3
0.0766175 0.268367 0.51176 1.50243e-38 3
0.0846097 0.267493 0.510093 1.59459e-38 3
0.0913635 0.263206 0.501918 1.61306e-38 3
0.0991554 0.262366 0.500314 1.5486e-38 3
0.107239 0.262366 0.500314 1.38275e-38 3
0.115323 0.262366 0.500314 1.41041e-38 3
0.1242 0.264053 0.503532 1.38286e-38 3
0.132763 0.264905 0.505156 1.3829e-38 3
0.141381 0.265762 0.506791 1.32758e-38 3
0.150055 0.266625 0.508436 1.36442e-38 3
0.161951 0.272825 0.520261 1.34602e-38 3
0.169793 0.271922 0.518538 1.31833e-38 3
0.1747 0.266625 0.508436 1.3184e-38 3
0.182915 0.266625 0.508436 1.29081e-38 3
0.18868 0.263206 0.501918 1.1895e-38 3
0.195536 0.26153 0.498721 1.21716e-38 3
0.199154 0.255827 0.487846 1.27248e-38 3
0.205755 0.254243 0.484825 1.26315e-38 3
0.215591 0.256626 0.48937 1.24471e-38 3
0.243584 0.270133 0.515126 1.26308e-38 3
0.251907 0.270133 0.515126 1.26308e-38 3
0.264582 0.27465 0.523741 1.28152e-38 3
0.272134 0.273735 0.521995 1.2907e-38 3
0.343674 0.307567 0.586511 1.14323e-38 3
0.297032 0.239418 0.456555 1.1433e-38 3
0.303524 0.238722 0.455228 1.12493e-38 3
0.310879 0.238722 0.455228 1.26308e-38 3
0.317312 0.23803 0.453908 1.19851e-38 3
0.414423 0.262366 0.500314 1.00493e-38 3
0.429366 0.266625 0.508436 1.02337e-38 3
0.437581 0.266625 0.508436 9.86493e-39 3
0.463031 0.271922 0.518538 1.00486e-38 3
-0.447748 0.284063 0.525498 8.02102e-39 3
-0.37941 0.260464 0.481841 8.66639e-39 3
-0.359415 0.257297 0.475983 9.3114e-39 3
-0.350659 0.256517 0.474541 8.94261e-39 3
-0.345083 0.258081 0.477434 9.03481e-39 3
-0.337369 0.258081 0.477434 7.28345e-39 3
-0.329655 0.258081 0.477434 8.20541e-39 3
-0.313271 0.257297 0.475983 1.00475e-38 3
-0.304655 0.256517 0.474541 9.49506e-39 3
-0.296987 0.256517 0.474541 1.00479e-38 3
-0.28932 0.256517 0.474541 1.00479e-38 3
-0.280802 0.255742 0.473107 1.11542e-38 3
-0.272335 0.254972 0.471682 1.14308e-38 3
-0.265513 0.255742 0.473107 9.58762e-39 3
-0.255553 0.253445 0.468858 8.85113e-39 3
-0.247978 0.253445 0.468858 9.31211e-39 3
-0.238971 0.251936 0.466067 9.86493e-39 3
-0.232131 0.252688 0.467458 1.04181e-38 3
-0.226608 0.254972 0.471682 9.22028e-39 3
-0.220984 0.257297 0.475983 9.58906e-39 3
-0.213293 0.257297 0.475983 9.95784e-39 3
-0.20686 0.25887 0.478894 1.06025e-38 3
-0.199122 0.25887 0.478894 1.08787e-38 3
-0.179798 0.253445 0.468858 1.1617e-38 3
-0.173783 0.255742 0.473107 1.1156e-38 3
-0.166139 0.255742 0.473107 1.05107e-38 3
-0.159945 0.258081 0.477434 1.08794e-38 3
-0.152696 0.25887 0.478894 1.04185e-38 3
-0.144958 0.25887 0.478894 1.03255e-38 3
-0.138491 0.261267 0.483328 1.12475e-38 3
-0.13028 0.260464 0.481841 1.13404e-38 3
-0.122119 0.259665 0.480363 1.01422e-38 3
-0.104951 0.275735 0.510093 1.11567e-38 3
-0.0867717 0.270449 0.500314 1.08794e-38 3
-0.0786879 0.270449 0.500314 1.08794e-38 3
-0.0701559 0.268732 0.497138 1.13419e-38 3
-0.0613444 0.265363 0.490904 1.11578e-38 3
-0.052106 0.25887 0.478894 1.16192e-38 3
-0.0439649 0.256517 0.474541 1.18968e-38 3
-0.0359706 0.254206 0.470266 1.19887e-38 3
-0.0282873 0.253445 0.468858 1.19869e-38 3
-0.0205885 0.251936 0.466067 1.21705e-38 3
-0.0129045 0.248972 0.460584 1.29077e-38 3
-0.00552767 0.251936 0.466067 1.18014e-38 3
0.0020208 0.254206 0.470266 1.2078e-38 3
0.00964805 0.254972 0.471682 1.26315e-38 3
0.0270938 0.277543 0.513437 1.18014e-38 3
0.0353896 0.277543 0.513437 1.23538e-38 3
0.0438291 0.278456 0.515126 1.36435e-38 3
0.0528476 0.282169 0.521995 1.39201e-38 3
0.0612817 0.282169 0.521995 1.33662e-38 3
0.0714785 0.258081 0.477434 1.53009e-38 3
0.081683 0.266197 0.492448 1.54849e-38 3
0.0896396 0.266197 0.492448 1.5209e-38 3
0.0975963 0.266197 0.492448 1.4103e-38 3
0.106221 0.267882 0.495565 1.32744e-38 3
0.114591 0.268732 0.497138 1.38283e-38 3
0.123014 0.269588 0.498721 1.40126e-38 3
0.166073 0.261267 0.483328 1.40137e-38 3
0.173347 0.260464 0.481841 1.53052e-38 3
0.185493 0.255742 0.473107 1.1895e-38 3
0.191403 0.253445 0.468858 1.22638e-38 3
0.197794 0.251936 0.466067 1.24482e-38 3
0.203507 0.249707 0.461942 1.20794e-38 3
0.209734 0.248242 0.459233 1.30925e-38 3
0.217792 0.248972 0.460584 1.35535e-38 3
0.225234 0.248972 0.460584 1.39215e-38 3
0.236149 0.252688 0.467458 1.25386e-38 3
0.243702 0.252688 0.467458 1.26308e-38 3
0.24829 0.249707 0.461942 1.37361e-38 3
0.274102 0.246077 0.455228 1.18929e-38 3
0.281458 0.246077 0.455228 1.1801e-38 3
0.288813 0.246077 0.455228 1.15245e-38 3
0.293608 0.24395 0.451292 1.1433e-38 3
0.3009 0.24395 0.451292 1.1894e-38 3
0.303814 0.240485 0.444882 1.18018e-38 3
0.308374 0.238452 0.441122 1.2262e-38 3
0.397897 0.259665 0.480363 1.06951e-38 3
0.405658 0.259665 0.480363 1.03266e-38 3
0.426503 0.267882 0.495565 1.05103e-38 3
0.427742 0.263709 0.487846 9.40395e-39 3
-0.366988 0.259467 0.466067 8.2976e-39 3
-0.358391 0.258697 0.464684 7.92882e-39 3
-0.347787 0.256414 0.460584 7.74443e-39 3
-0.337369 0.254172 0.456555 8.02102e-39 3
-0.331927 0.255662 0.459233 7.37565e-39 3
-0.324507 0.255662 0.459233 8.02137e-39 3
-0.31802 0.256414 0.460584 8.57455e-39 3
-0.311494 0.257171 0.461942 8.66602e-39 3
-0.306745 0.259467 0.466067 9.68018e-39 3
-0.301006 0.261021 0.468858 9.58798e-39 3
-0.295198 0.262593 0.471682 9.5887e-39 3
-0.285855 0.261021 0.468858 9.95712e-39 3
-0.277449 0.260241 0.467458 1.0049e-38 3
-0.268294 0.258697 0.464684 8.20505e-39 3
-0.258485 0.256414 0.460584 8.48199e-39 3
-0.250307 0.255662 0.459233 8.94369e-39 3
-0.242887 0.255662 0.459233 1.01433e-38 3
-0.234094 0.254172 0.456555 1.05114e-38 3
-0.22738 0.254915 0.45789 9.49794e-39 3
-0.221276 0.256414 0.460584 1.00511e-38 3
-0.215738 0.258697 0.464684 1.02359e-38 3
-0.209473 0.260241 0.467458 1.06032e-38 3
-0.204979 0.264184 0.474541 1.14323e-38 3
-0.197312 0.264184 0.474541 1.14319e-38 3
-0.186814 0.260241 0.467458 1.03263e-38 3
-0.174571 0.253433 0.455228 1.04185e-38 3
-0.166731 0.252698 0.453908 1.08798e-38 3
-0.160327 0.254172 0.456555 1.13408e-38 3
-0.15295 0.254172 0.456555 1.0972e-38 3
-0.146858 0.256414 0.460584 1.04185e-38 3
-0.141497 0.260241 0.467458 1.05099e-38 3
-0.135973 0.264184 0.474541 1.29067e-38 3
-0.128306 0.264184 0.474541 1.1617e-38 3
-0.119552 0.261804 0.470266 1.06036e-38 3
-0.111618 0.261021 0.468858 1.06965e-38 3
-0.104669 0.262593 0.471682 1.12497e-38 3
-0.0976363 0.264184 0.474541 1.125e-38 3
-0.0905176 0.265795 0.477434 1.00511e-38 3
-0.0828035 0.265795 0.477434 1.09724e-38 3
-0.0774507 0.274154 0.492448 1.06958e-38 3
-0.0686307 0.270748 0.48633 9.95928e-39 3
-0.0602119 0.268249 0.481841 1.13426e-38 3
-0.0511671 0.261804 0.470266 1.24493e-38 3
-0.0429243 0.257932 0.463309 1.18046e-38 3
-0.035024 0.254915 0.45789 1.18965e-38 3
-0.0275451 0.254172 0.456555 1.23564e-38 3
-0.0200514 0.252698 0.453908 1.31847e-38 3
-0.0126807 0.251968 0.452597 1.28155e-38 3
-0.00538347 0.252698 0.453908 1.24475e-38 3
0.00196189 0.254172 0.456555 1.20783e-38 3
0.00936594 0.254915 0.45789 1.19869e-38 3
0.017013 0.258697 0.464684 1.26315e-38 3
0.0245211 0.258697 0.464684 1.39212e-38 3
0.0344851 0.278533 0.500314 1.44736e-38 3
0.0406221 0.265795 0.477434 1.52112e-38 3
0.0490844 0.26991 0.484825 1.48424e-38 3
0.0622462 0.259467 0.466067 1.29067e-38 3
0.0685525 0.254915 0.45789 1.41034e-38 3
0.0791926 0.265795 0.477434 1.49328e-38 3
0.0869067 0.265795 0.477434 1.43804e-38 3
0.0949102 0.266608 0.478894 1.43804e-38 3
0.102963 0.267426 0.480363 1.36439e-38 3
0.111065 0.268249 0.481841 1.34595e-38 3
0.120331 0.271591 0.487846 1.3829e-38 3
0.11969 0.238852 0.429037 1.41985e-38 3
0.12697 0.239508 0.430215 1.40141e-38 3
0.133921 0.239508 0.430215 1.34613e-38 3
0.142043 0.241498 0.433791 1.28148e-38 3
0.149052 0.241498 0.433791 1.22624e-38 3
0.175203 0.259467 0.466067 1.30014e-38 3
0.180054 0.255662 0.459233 1.2356e-38 3
0.185839 0.253433 0.455228 1.2356e-38 3
0.194894 0.255662 0.459233 1.25408e-38 3
0.201722 0.254915 0.45789 1.30017e-38 3
0.207905 0.253433 0.455228 1.27248e-38 3
0.21526 0.253433 0.455228 1.27244e-38 3
0.22197 0.252698 0.453908 1.29999e-38 3
0.229304 0.252698 0.453908 1.25386e-38 3
0.235954 0.251968 0.452597 1.22627e-38 3
0.236434 0.24489 0.439883 1.28148e-38 3
0.243541 0.24489 0.439883 1.40112e-38 3
0.256316 0.243522 0.437426 1.28138e-38 3
0.26265 0.242844 0.436207 1.20769e-38 3
0.271209 0.244204 0.438651 1.22617e-38 3
0.285493 0.25052 0.449995 1.23542e-38 3
0.289437 0.247673 0.444882 1.19861e-38 3
0.296239 0.241498 0.433791 1.1894e-38 3
0.303248 0.241498 0.433791 1.1894e-38 3
0.308548 0.240168 0.431401 1.14326e-38 3
0.315518 0.240168 0.431401 1.2078e-38 3
0.318974 0.23755 0.426699 1.21702e-38 3
0.327653 0.238852 0.429037 1.2078e-38 3
0.414692 0.268249 0.481841 1.03277e-38 3
