# .PCD v0.7 - Point Cloud Data file format
VERSION 0.7
FIELDS x y z rgb label
SIZE 4 4 4 4 4
TYPE F F F F U
COUNT 1 1 1 1 1
WIDTH 3346
HEIGHT 1
VIEWPOINT 0 0 0 1 0 0 0
POINTS 3346
DATA ascii
-0.703176 -0.783068 1.75953 1.93539e-39 1
1.28964 -0.754078 1.98226 3.78002e-39 1
1.37384 -0.783844 2.06051 3.68783e-39 1
1.40714 -0.783844 2.06051 3.41124e-39 1
1.45963 -0.794296 2.08798 3.5038e-39 1
1.27352 -0.713024 1.95748 4.05661e-39 1
1.39216 -0.760559 2.08798 4.14881e-39 1
1.37678 -0.736645 2.11619 3.68783e-39 1
1.4303 -0.746736 2.14518 3.5038e-39 1
1.4259 -0.726823 2.08798 3.22721e-39 1
1.44043 -0.71726 2.06051 4.14989e-39 1
1.45017 -0.721965 2.17498 3.78038e-39 1
1.4259 -0.693087 2.08798 3.87258e-39 1
1.44043 -0.683967 2.06051 3.596e-39 1
1.37106 -0.633991 2.00767 4.60978e-39 1
-1.43845 -0.320983 1.72086 1.106e-39 1
-1.42632 -0.32455 1.73998 2.21235e-39 1
-1.3982 -0.32455 1.73998 1.65845e-39 1
-1.44234 -0.299767 1.75953 1.38187e-39 1
-1.41391 -0.299767 1.75953 1.28967e-39 1
-1.37009 -0.296436 1.73998 9.21603e-40 1
-1.38825 -0.306658 1.79998 1.01452e-39 1
-1.34372 -0.303173 1.77953 1.75208e-39 1
-1.45873 -0.274421 1.77953 1.84284e-39 1
-1.41391 -0.271337 1.75953 1.19675e-39 1
-1.38548 -0.271337 1.75953 1.19819e-39 1
-1.35705 -0.271337 1.75953 1.38294e-39 1
-1.29942 -0.265374 1.72086 1.106e-39 1
-1.45873 -0.245668 1.77953 1.47334e-39 1
-1.3982 -0.240209 1.73998 2.2109e-39 1
-1.38548 -0.242908 1.75953 2.39637e-39 1
-1.35705 -0.242908 1.75953 9.21243e-40 1
-0.193852 -0.0564689 1.37367 3.13465e-39 3
-0.174722 -0.0574773 1.3982 3.31832e-39 3
-0.154897 -0.0585224 1.42362 2.58076e-39 3
-0.136872 -0.0607308 1.47734 3.22613e-39 3
-0.108893 -0.0585224 1.42362 2.85735e-39 3
-0.0891318 -0.0607308 1.47734 3.13465e-39 3
-0.0720599 -0.0670569 1.63123 2.58112e-39 3
0.00764691 -0.073153 1.77953 3.31904e-39 3
0.0390628 -0.0785056 1.90974 3.50343e-39 3
-0.299571 -0.0336831 1.34999 3.04246e-39 3
-0.2685 -0.0325603 1.30499 2.58184e-39 3
-0.251608 -0.0331122 1.32711 2.49072e-39 3
-0.22633 -0.0325603 1.30499 3.32012e-39 3
-0.216047 -0.034274 1.37367 3.50415e-39 3
-0.197313 -0.034886 1.3982 3.68819e-39 3
-0.177899 -0.0355203 1.42362 3.13465e-39 3
-0.157765 -0.0361781 1.44999 4.241e-39 3
-0.139504 -0.0375696 1.50575 3.04246e-39 3
-0.113002 -0.0368607 1.47734 3.96441e-39 3
-0.0908459 -0.0375696 1.50575 3.04246e-39 3
-0.0720599 -0.0407004 1.63123 3.04282e-39 3
-0.0447706 -0.0398697 1.59794 3.04282e-39 3
0.00747697 -0.0434137 1.73998 3.50415e-39 3
0.0363995 -0.0444004 1.77953 3.50415e-39 3
-0.499927 -0.0125183 1.42362 5.07076e-39 3
-0.423079 -0.0111049 1.26289 4.60978e-39 3
-0.396282 -0.0109287 1.24284 4.05589e-39 3
-0.376201 -0.0109287 1.24284 3.68711e-39 3
-0.350556 -0.0107579 1.22343 3.78003e-39 3
-0.330788 -0.0107579 1.22343 4.14989e-39 3
-0.311021 -0.0107579 1.22343 4.3332e-39 3
-0.31067 -0.0114751 1.30499 6.45369e-39 3
-0.299571 -0.0118708 1.34999 4.6105e-39 3
-0.292909 -0.0125183 1.42362 5.90088e-39 3
-0.269907 -0.0125183 1.42362 4.70342e-39 3
-0.256222 -0.0129907 1.47734 4.98e-39 3
-0.241464 -0.0135001 1.53528 5.53246e-39 3
-0.220991 -0.0137701 1.56598 5.71685e-39 3
-0.203842 -0.0143439 1.63123 5.71613e-39 3
-0.193621 -0.0156478 1.77953 6.82247e-39 3
-0.168703 -0.0160117 1.82091 6.3615e-39 3
-0.142598 -0.016393 1.86427 6.54589e-39 3
-0.112476 -0.016393 1.86427 6.45441e-39 3
-0.0804389 -0.0160117 1.82091 6.54625e-39 3
-0.0498582 -0.0156478 1.77953 5.44098e-39 3
-0.0211056 -0.0156478 1.77953 6.63988e-39 3
0.00764691 -0.0156478 1.77953 6.27002e-39 3
0.0410661 -0.017654 2.00767 6.17783e-39 3
0.0735048 -0.017654 2.00767 4.88709e-39 3
0.105944 -0.017654 2.00767 5.25587e-39 3
0.138382 -0.017654 2.00767 6.08491e-39 3
0.15141 -0.0156478 1.77953 5.62465e-39 3
0.172329 -0.0149675 1.70216 4.51795e-39 3
0.199832 -0.0149675 1.70216 4.79561e-39 3
0.217862 -0.0143439 1.63123 4.60978e-39 3
0.244218 -0.0143439 1.63123 3.59563e-39 3
0.270575 -0.0143439 1.63123 4.14952e-39 3
0.296931 -0.0143439 1.63123 4.42683e-39 3
0.323288 -0.0143439 1.63123 4.97856e-39 3
0.349644 -0.0143439 1.63123 4.97856e-39 3
0.384001 -0.014649 1.66594 4.70197e-39 3
0.429181 -0.0153001 1.73998 4.1488e-39 3
0.457295 -0.0153001 1.73998 5.62393e-39 3
0.49644 -0.0156478 1.77953 4.79417e-39 3
0.537407 -0.0160117 1.82091 4.51759e-39 3
0.566828 -0.0160117 1.82091 5.43954e-39 3
0.610446 -0.016393 1.86427 5.16224e-39 3
0.72713 -0.0186082 2.11619 4.42467e-39 3
0.880279 -0.0215158 2.44685 5.16152e-39 3
1.13208 -0.026481 3.01151 5.71469e-39 3
1.46186 -0.032786 3.72853 4.886e-39 3
1.77579 -0.0382503 4.34996 5.62357e-39 3
2.07684 -0.0430316 4.8937 4.70126e-39 3
2.15591 -0.0430316 4.8937 4.60942e-39 3
-0.652744 0.0125349 1.70216 3.87293e-39 3
-0.542663 0.0108794 1.47734 4.97928e-39 3
-0.458267 0.00961012 1.30499 4.70198e-39 3
-0.423079 0.00930012 1.26289 4.97856e-39 3
-0.39009 0.00900949 1.22343 5.62322e-39 3
-0.370323 0.00900949 1.22343 5.71613e-39 3
-0.345162 0.00887088 1.2046 5.99272e-39 3
-0.325699 0.00887088 1.2046 5.34807e-39 3
-0.306236 0.00887088 1.2046 5.1626e-39 3
-0.291254 0.00900949 1.22343 6.08491e-39 3
-0.284838 0.00945258 1.28359 5.07076e-39 3
-0.273051 0.00977301 1.32711 5.90088e-39 3
-0.255946 0.00994151 1.34999 6.36186e-39 3
-0.246905 0.0104838 1.42362 6.82319e-39 3
-0.232352 0.0108794 1.47734 5.71721e-39 3
-0.212491 0.0110886 1.50575 6.6388e-39 3
-0.195689 0.0115321 1.56598 6.73028e-39 3
-0.177486 0.0120127 1.63123 7.09978e-39 3
-0.154345 0.0122682 1.66594 6.91539e-39 3
-0.136116 0.0131047 1.77953 5.99416e-39 3
-0.10986 0.0134095 1.82091 5.90196e-39 3
-0.0804389 0.0134095 1.82091 6.27074e-39 3
-0.0498582 0.0131047 1.77953 6.91611e-39 3
-0.0206366 0.0128135 1.73998 5.07255e-39 3
0.00747697 0.0128135 1.73998 5.62573e-39 3
0.0381328 0.0137287 1.86427 5.99451e-39 3
0.0735048 0.0147848 2.00767 5.80904e-39 3
0.105944 0.0147848 2.00767 6.54625e-39 3
0.138382 0.0147848 2.00767 7.1927e-39 3
0.15862 0.0137287 1.86427 6.73208e-39 3
0.180162 0.0131047 1.77953 6.36329e-39 3
0.199832 0.0125349 1.70216 5.99451e-39 3
0.217862 0.0120127 1.63123 7.46929e-39 3
0.244218 0.0120127 1.63123 7.19126e-39 3
0.270575 0.0120127 1.63123 6.63809e-39 3
0.296931 0.0120127 1.63123 5.53174e-39 3
0.323288 0.0120127 1.63123 6.2693e-39 3
0.349644 0.0120127 1.63123 6.26966e-39 3
0.376001 0.0120127 1.63123 7.65187e-39 3
0.419851 0.0125349 1.70216 6.17639e-39 3
0.467688 0.0131047 1.77953 5.53102e-39 3
0.507985 0.0134095 1.82091 5.25479e-39 3
0.537407 0.0134095 1.82091 6.36078e-39 3
0.580324 0.0137287 1.86427 6.91395e-39 3
0.692938 0.015584 2.11619 7.46713e-39 3
0.791289 0.016959 2.30292 6.91323e-39 3
0.938965 0.0192202 2.60997 6.35934e-39 3
1.27974 0.0250699 3.40431 6.17387e-39 3
1.53496 0.0288304 3.91496 6.82068e-39 3
1.77579 0.0320337 4.34996 5.80761e-39 3
2.07684 0.036038 4.8937 6.54517e-39 3
-0.680247 0.0400374 1.70216 5.71757e-39 3
-0.600525 0.0368344 1.56598 5.53317e-39 3
-0.563944 0.0361122 1.53528 5.80904e-39 3
-0.499927 0.0334858 1.42362 6.82284e-39 3
-0.437182 0.0306953 1.30499 6.54589e-39 3
-0.39009 0.0287769 1.22343 6.17711e-39 3
-0.370323 0.0287769 1.22343 6.08491e-39 3
-0.350556 0.0287769 1.22343 6.17783e-39 3
-0.325699 0.0283342 1.2046 7.56076e-39 3
-0.306236 0.0283342 1.2046 9.31176e-39 3
-0.291254 0.0287769 1.22343 8.3898e-39 3
-0.280244 0.0297052 1.26289 7.83735e-39 3
-0.264098 0.0301921 1.28359 6.73064e-39 3
-0.247415 0.0306953 1.30499 6.6388e-39 3
-0.234134 0.0317538 1.34999 7.00758e-39 3
-0.223903 0.0334858 1.42362 7.00759e-39 3
-0.204621 0.0341059 1.44999 6.27002e-39 3
-0.184612 0.0347494 1.47734 7.28345e-39 3
-0.167046 0.0361122 1.53528 7.92882e-39 3
-0.145084 0.0368344 1.56598 7.65295e-39 3
-0.124773 0.0383692 1.63123 7.56076e-39 3
-0.102695 0.0400374 1.70216 7.00759e-39 3
-0.0768639 0.0409271 1.73998 7.92954e-39 3
-0.0487502 0.0409271 1.73998 7.83734e-39 3
-0.0206366 0.0409271 1.73998 7.09942e-39 3
0.00747697 0.0409271 1.73998 7.74479e-39 3
0.0363995 0.0418573 1.77953 8.20577e-39 3
0.0682545 0.0438505 1.86427 9.31247e-39 3
0.105944 0.0472236 2.00767 8.02102e-39 3
0.134923 0.046043 1.95748 8.02102e-39 3
0.166551 0.046043 1.95748 7.74515e-39 3
0.188741 0.0438505 1.86427 8.48271e-39 3
0.208915 0.0418573 1.77953 7.65295e-39 3
0.227334 0.0400374 1.70216 7.74515e-39 3
0.244218 0.0383692 1.63123 7.28345e-39 3
0.270575 0.0383692 1.63123 9.12593e-39 3
0.296931 0.0383692 1.63123 8.94261e-39 3
0.323288 0.0383692 1.63123 8.20505e-39 3
0.349644 0.0383692 1.63123 8.20505e-39 3
0.384001 0.0391855 1.66594 9.03337e-39 3
0.419851 0.0400374 1.70216 8.66495e-39 3
0.467688 0.0418573 1.77953 1.03245e-38 3
0.507985 0.0428307 1.82091 9.95569e-39 3
0.550202 0.0438505 1.86427 8.84934e-39 3
0.677044 0.0511589 2.17498 8.11177e-39 3
0.75408 0.0541682 2.30292 8.94153e-39 3
0.896794 0.0613907 2.60997 7.6508e-39 3
1.22474 0.0800748 3.40431 7.83483e-39 3
1.4717 0.092086 3.91496 7.74155e-39 3
1.70551 0.102318 4.34996 7.00507e-39 3
2.4756 0.108336 4.60584 7.00543e-39 3
2.55002 0.108336 4.60584 7.46641e-39 3
3.18147 0.102318 4.34996 4.9811e-39 3
2.92658 0.092086 3.91496 6.274e-39 3
2.21469 0.0682118 2.89997 5.26056e-39 3
2.26155 0.0682118 2.89997 4.33788e-39 3
2.39719 0.0708354 3.01151 4.9818e-39 3
2.76487 0.0800748 3.40431 5.62501e-39 3
-0.680247 0.0675398 1.70216 5.3495e-39 3
-0.625547 0.0647257 1.63123 6.45549e-39 3
-0.575222 0.0621366 1.56598 6.45513e-39 3
-0.518793 0.0586195 1.47734 6.63881e-39 3
-0.519424 0.0615214 1.55048 6.54697e-39 3
-0.430445 0.0535661 1.34999 7.19162e-39 3
-0.388536 0.0509317 1.28359 7.65296e-39 3
-0.35612 0.0493148 1.24284 7.92954e-39 3
-0.330788 0.0485443 1.22343 7.46964e-39 3
-0.311021 0.0485443 1.22343 7.46856e-39 3
-0.291254 0.0485443 1.22343 7.37637e-39 3
-0.280244 0.0501102 1.26289 6.08599e-39 3
-0.264098 0.0509317 1.28359 5.99416e-39 3
-0.247415 0.0517805 1.30499 7.56184e-39 3
-0.238242 0.0545058 1.37367 6.36329e-39 3
-0.228049 0.0575339 1.44999 7.65368e-39 3
-0.204621 0.0575339 1.44999 8.11465e-39 3
-0.188162 0.0597468 1.50575 7.9299e-39 3
-0.167046 0.0609183 1.53528 8.66639e-39 3
-0.142239 0.0609183 1.53528 8.482e-39 3
-0.118596 0.0615214 1.55048 8.94226e-39 3
-0.0984164 0.0647257 1.63123 8.66639e-39 3
-0.0720599 0.0647257 1.63123 8.94297e-39 3
-0.0466758 0.0661028 1.66594 8.57419e-39 3
-0.0197585 0.0661028 1.66594 7.56039e-39 3
0.00731443 0.0675398 1.70216 8.20541e-39 3
0.0355906 0.0690407 1.73998 9.31176e-39 3
0.065152 0.0706098 1.77953 9.127e-39 3
0.0983762 0.0739722 1.86427 9.58798e-39 3
0.134923 0.0776708 1.95748 9.68089e-39 3
0.166551 0.0776708 1.95748 9.31211e-39 3
0.20326 0.0796624 2.00767 9.77309e-39 3
0.235699 0.0796624 2.00767 8.57455e-39 3
0.243194 0.0722519 1.82091 7.46856e-39 3
0.254836 0.0675398 1.70216 9.127e-39 3
0.276332 0.0661028 1.66594 1.13379e-38 3
0.296931 0.0647257 1.63123 9.67838e-39 3
0.323288 0.0647257 1.63123 1.04163e-38 3
0.349644 0.0647257 1.63123 1.05074e-38 3
0.392349 0.0675398 1.70216 1.08758e-38 3
0.429181 0.0690407 1.73998 1.06911e-38 3
0.478564 0.0722519 1.82091 1.00461e-38 3
0.507985 0.0722519 1.82091 9.7695e-39 3
0.660242 0.0887666 2.23712 9.95389e-39 3
1.35409 0.172602 4.34996 9.6773e-39 3
1.28194 0.155342 3.91496 8.66351e-39 3
1.49466 0.172602 4.34996 1.06925e-38 3
1.56494 0.172602 4.34996 1.06e-38 3
1.83963 0.194177 4.8937 1.08762e-38 3
2.40118 0.182755 4.60584 7.3735e-39 3
2.21501 0.163517 4.12101 7.74299e-39 3
2.16751 0.155342 3.91496 8.48056e-39 3
3.18381 0.194177 4.8937 7.6508e-39 3
2.90034 0.172602 4.34996 7.92775e-39 3
2.81427 0.163517 4.12101 5.8998e-39 3
3.04091 0.172602 4.34996 5.71577e-39 3
2.94744 0.163517 4.12101 5.71578e-39 3
1.27259 0.0690407 1.73998 5.34771e-39 3
1.3007 0.0690407 1.73998 5.53174e-39 3
1.32882 0.0690407 1.73998 5.80905e-39 3
1.35693 0.0690407 1.73998 5.71685e-39 3
1.36982 0.068282 1.72086 5.99343e-39 3
1.44527 0.0706098 1.77953 7.28381e-39 3
1.52605 0.0731019 1.84233 7.0987e-39 3
-1.20579 0.161924 2.89997 7.09978e-39 3
-0.695363 0.0971543 1.73998 9.31355e-39 3
-0.652744 0.0950423 1.70216 9.12916e-39 3
-0.59919 0.0910822 1.63123 8.11465e-39 3
-0.572834 0.0910822 1.63123 7.65295e-39 3
-0.552229 0.0920409 1.6484 8.11322e-39 3
-0.514758 0.0901432 1.61442 8.7593e-39 3
-0.478801 0.0883221 1.5818 7.46929e-39 3
-0.435642 0.0848921 1.52037 7.37709e-39 3
-0.347057 0.0716712 1.28359 7.37781e-39 3
-0.315958 0.069396 1.24284 6.36222e-39 3
-0.300649 0.0705152 1.26289 8.94298e-39 3
-0.284838 0.0716712 1.28359 8.48272e-39 3
-0.282632 0.0767008 1.37367 8.48344e-39 3
-0.265087 0.0780704 1.3982 8.48415e-39 3
-0.277138 0.0892234 1.59794 7.47e-39 3
-0.25132 0.0892234 1.59794 9.12953e-39 3
-0.216658 0.0857244 1.53528 8.48344e-39 3
-0.191852 0.0857244 1.53528 8.8515e-39 3
-0.170386 0.0874389 1.56598 9.21956e-39 3
-0.145084 0.0874389 1.56598 9.68018e-39 3
-0.122227 0.0892234 1.59794 8.94261e-39 3
-0.0964079 0.0892234 1.59794 9.58691e-39 3
-0.0705893 0.0892234 1.59794 9.40359e-39 3
-0.0447706 0.0892234 1.59794 9.77273e-39 3
-0.0193468 0.0910822 1.63123 9.77237e-39 3
0.00700966 0.0910822 1.63123 9.31139e-39 3
0.0340761 0.0930201 1.66594 1.01412e-38 3
0.0637042 0.0971543 1.73998 1.13397e-38 3
0.0983762 0.104094 1.86427 1.16163e-38 3
0.134923 0.109299 1.95748 1.22606e-38 3
0.170821 0.112101 2.00767 1.06943e-38 3
0.214247 0.118161 2.11619 8.57383e-39 3
0.25534 0.121443 2.17498 9.58726e-39 3
0.275194 0.115051 2.06051 1.18e-38 3
0.300576 0.112101 2.00767 1.23528e-38 3
0.288613 0.0971543 1.73998 1.11524e-38 3
0.303249 0.0930201 1.66594 1.2074e-38 3
0.330166 0.0930201 1.66594 1.18889e-38 3
0.357084 0.0930201 1.66594 1.17052e-38 3
0.401068 0.0971543 1.73998 1.16145e-38 3
0.459837 0.104094 1.86427 1.19822e-38 3
0.514457 0.109299 1.95748 1.22584e-38 3
0.992881 0.198725 3.55905 1.19811e-38 3
1.2838 0.242886 4.34996 1.21655e-38 3
1.52335 0.273247 4.8937 1.1245e-38 3
1.50816 0.257173 4.60584 1.09677e-38 3
1.68149 0.273247 4.8937 1.06911e-38 3
1.76056 0.273247 4.8937 1.06e-38 3
2.47218 0.273247 4.8937 1.03227e-38 3
2.26778 0.242886 4.34996 8.29545e-39 3
2.00406 0.208188 3.72853 8.75715e-39 3
1.8848 0.190085 3.40431 9.03445e-39 3
1.9398 0.190085 3.40431 9.21884e-39 3
1.9948 0.190085 3.40431 8.66567e-39 3
2.04981 0.190085 3.40431 8.29689e-39 3
2.20049 0.198725 3.55905 8.11106e-39 3
2.75977 0.242886 4.34996 7.2813e-39 3
2.6811 0.230102 4.12101 7.09691e-39 3
1.1865 0.0993624 1.77953 6.91323e-39 3
1.18825 0.0971543 1.73998 7.37493e-39 3
1.17712 0.0940203 1.68385 6.4537e-39 3
1.12003 0.0874389 1.56598 4.51759e-39 3
1.24492 0.0950423 1.70216 5.80833e-39 3
1.27243 0.0950423 1.70216 4.97856e-39 3
1.29993 0.0950423 1.70216 5.25515e-39 3
1.35693 0.0971543 1.73998 5.53174e-39 3
1.35493 0.0950423 1.70216 6.45369e-39 3
1.44527 0.0993624 1.77953 7.0065e-39 3
1.52605 0.102869 1.84233 6.54589e-39 3
1.52005 0.100504 1.79998 6.2693e-39 3
3.94622 0.230102 4.12101 5.3495e-39 3
4.23573 0.242886 4.34996 5.53318e-39 3
4.55931 0.257173 4.60584 4.79489e-39 3
-2.2304 0.31317 4.34996 6.45441e-39 3
-2.16011 0.31317 4.34996 7.37637e-39 3
-2.08983 0.31317 4.34996 7.46856e-39 3
-2.01954 0.31317 4.34996 7.37637e-39 3
-1.59485 0.25623 3.55905 7.83842e-39 3
-1.25265 0.20878 2.89997 7.74587e-39 3
-0.879904 0.152353 2.11619 8.20685e-39 3
-0.695363 0.125268 1.73998 8.2994e-39 3
-0.682414 0.128115 1.77953 7.93062e-39 3
-0.639136 0.125268 1.73998 8.20721e-39 3
-0.611022 0.125268 1.73998 7.28417e-39 3
-0.576503 0.123891 1.72086 8.75858e-39 3
-0.542734 0.122545 1.70216 9.12808e-39 3
-0.658352 0.156585 2.17498 9.12916e-39 3
-0.439913 0.110531 1.53528 7.65403e-39 3
-0.411077 0.109457 1.52037 7.83842e-39 3
-0.390301 0.110531 1.53528 8.11393e-39 3
-0.392426 0.118675 1.6484 8.48379e-39 3
-0.482642 0.156585 2.17498 7.83842e-39 3
-0.374651 0.131094 1.82091 8.57599e-39 3
-0.329886 0.125268 1.73998 8.48415e-39 3
-0.295212 0.122545 1.70216 8.94477e-39 3
-0.262014 0.119937 1.66594 9.68234e-39 3
-0.230199 0.117439 1.63123 9.95785e-39 3
-0.203842 0.117439 1.63123 9.49579e-39 3
-0.173864 0.115042 1.59794 9.95677e-39 3
-0.148045 0.115042 1.59794 1.05089e-38 3
-0.122227 0.115042 1.59794 1.16152e-38 3
-0.0964079 0.115042 1.59794 1.11535e-38 3
-0.0705893 0.115042 1.59794 1.06011e-38 3
-0.0438752 0.112741 1.56598 1.08787e-38 3
-0.018952 0.115042 1.59794 1.17085e-38 3
0.00700966 0.117439 1.63123 1.21684e-38 3
0.0333662 0.117439 1.63123 9.95568e-39 3
0.0637042 0.125268 1.73998 9.5869e-39 3
0.116389 0.15879 2.20561 1.01401e-38 3
0.131632 0.137489 1.90974 1.1062e-38 3
0.180055 0.152353 2.11619 1.03245e-38 3
0.22649 0.161059 2.23712 1.1523e-38 3
0.262636 0.161059 2.23712 1.33651e-38 3
0.30757 0.165796 2.30292 1.42871e-38 3
0.308486 0.148344 2.06051 1.35499e-38 3
0.333015 0.14454 2.00767 1.33651e-38 3
0.316727 0.125268 1.73998 1.31797e-38 3
0.330166 0.119937 1.66594 1.27187e-38 3
0.339049 0.11388 1.5818 1.22584e-38 3
0.364607 0.11388 1.5818 8.66423e-39 3
0.935376 0.25623 3.55905 1.1613e-38 3
1.2849 0.331592 4.60584 1.21655e-38 3
1.35932 0.331592 4.60584 1.14279e-38 3
1.52335 0.352316 4.8937 1.05989e-38 3
1.60242 0.352316 4.8937 1.0506e-38 3
2.47218 0.352316 4.8937 1.26276e-38 3
2.041 0.281853 3.91496 1.1429e-38 3
1.91296 0.25623 3.55905 1.05089e-38 3
1.80626 0.234877 3.26247 9.77237e-39 3
1.71598 0.21681 3.01151 8.85042e-39 3
1.69928 0.20878 2.89997 8.20505e-39 3
1.57152 0.187902 2.60997 8.57383e-39 3
1.51284 0.176158 2.44685 9.95497e-39 3
1.21161 0.137489 1.90974 9.67874e-39 3
1.03961 0.115042 1.59794 9.95497e-39 3
1.05467 0.11388 1.5818 9.03373e-39 3
1.14992 0.121227 1.68385 8.1125e-39 3
1.17712 0.121227 1.68385 8.482e-39 3
1.12003 0.112741 1.56598 8.20541e-39 3
1.24492 0.122545 1.70216 8.20541e-39 3
1.27243 0.122545 1.70216 7.56004e-39 3
1.29993 0.122545 1.70216 7.74443e-39 3
1.34202 0.123891 1.72086 8.11322e-39 3
1.35493 0.122545 1.70216 8.11285e-39 3
1.41316 0.125268 1.73998 6.54444e-39 3
1.35119 0.117439 1.63123 5.53101e-39 3
1.37755 0.117439 1.63123 6.2693e-39 3
1.27146 0.10636 1.47734 6.54589e-39 3
3.68565 0.281853 3.91496 5.44098e-39 3
3.48735 0.262189 3.64182 5.5339e-39 3
4.23573 0.31317 4.34996 5.71757e-39 3
4.30602 0.31317 4.34996 5.80904e-39 3
4.63373 0.331592 4.60584 6.17782e-39 3
-1.91177 0.328675 3.72853 6.54661e-39 3
-1.85152 0.328675 3.72853 6.17783e-39 3
-1.79128 0.328675 3.72853 5.71757e-39 3
-1.45407 0.276087 3.13197 7.56148e-39 3
-1.20989 0.238006 2.69997 7.28525e-39 3
-0.914097 0.186545 2.11619 7.83807e-39 3
-0.73992 0.156867 1.77953 8.57635e-39 3
-0.695363 0.153382 1.73998 6.82499e-39 3
-0.682414 0.156867 1.77953 7.19341e-39 3
-0.661175 0.158671 1.79998 8.02281e-39 3
-0.617888 0.155105 1.75953 8.75966e-39 3
-0.576503 0.151696 1.72086 8.85078e-39 3
-0.548699 0.151696 1.72086 8.66818e-39 3
-0.509692 0.148434 1.68385 7.65295e-39 3
-0.444269 0.136677 1.55048 9.22028e-39 3
-0.419217 0.136677 1.55048 9.86565e-39 3
-0.398107 0.138043 1.56598 9.95892e-39 3
-0.388338 0.143795 1.63123 9.31355e-39 3
-0.482642 0.191727 2.17498 9.68233e-39 3
-0.413077 0.176979 2.00767 9.95892e-39 3
-0.329886 0.153382 1.73998 1.02344e-38 3
-0.288931 0.146855 1.66594 1.01422e-38 3
-0.256555 0.143795 1.63123 1.1156e-38 3
-0.230199 0.143795 1.63123 1.13401e-38 3
-0.197665 0.139438 1.5818 1.20762e-38 3
-0.167046 0.135337 1.53528 1.18918e-38 3
-0.140858 0.134023 1.52037 1.13383e-38 3
-0.117433 0.135337 1.53528 1.12461e-38 3
-0.0964079 0.140861 1.59794 1.16134e-38 3
-0.0691775 0.138043 1.56598 1.18918e-38 3
-0.0438752 0.138043 1.56598 1.13397e-38 3
-0.018573 0.138043 1.56598 1.0878e-38 3
0.00686661 0.140861 1.59794 1.17992e-38 3
0.0330222 0.142313 1.61442 1.13383e-38 3
0.0623193 0.150047 1.70216 1.38265e-38 3
0.0898218 0.150047 1.70216 1.22591e-38 3
0.128498 0.164337 1.86427 1.20744e-38 3
0.175316 0.181636 2.06051 1.30889e-38 3
0.22649 0.197205 2.23712 1.39176e-38 3
0.262636 0.197205 2.23712 1.43786e-38 3
0.30757 0.203005 2.30292 1.38254e-38 3
0.334928 0.197205 2.23712 1.48392e-38 3
0.371074 0.197205 2.23712 1.53002e-38 3
0.316727 0.153382 1.73998 1.47463e-38 3
0.301317 0.134023 1.52037 1.37335e-38 3
1.28614 0.431386 4.8937 1.18889e-38 3
1.36521 0.431386 4.8937 1.23492e-38 3
1.44428 0.431386 4.8937 1.26258e-38 3
1.52335 0.431386 4.8937 1.30882e-38 3
1.60242 0.431386 4.8937 1.29956e-38 3
2.47218 0.431386 4.8937 1.10599e-38 3
1.94381 0.328675 3.72853 9.49435e-39 3
1.75355 0.28759 3.26247 9.40251e-39 3
1.66732 0.265468 3.01151 8.94261e-39 3
1.65242 0.255636 2.89997 1.0049e-38 3
1.52935 0.230072 2.60997 9.127e-39 3
1.4733 0.215693 2.44685 8.94297e-39 3
1.21027 0.172554 1.95748 9.86277e-39 3
1.01379 0.140861 1.59794 1.08769e-38 3
1.03961 0.140861 1.59794 1.03237e-38 3
1.01371 0.134023 1.52037 9.6791e-39 3
1.04845 0.135337 1.53528 8.75787e-39 3
1.06284 0.134023 1.52037 8.3898e-39 3
1.08741 0.134023 1.52037 9.40359e-39 3
1.14533 0.138043 1.56598 9.127e-39 3
1.17063 0.138043 1.56598 8.66567e-39 3
1.24577 0.143795 1.63123 7.55932e-39 3
1.29919 0.146855 1.66594 7.37493e-39 3
1.32611 0.146855 1.66594 8.48056e-39 3
1.38244 0.150047 1.70216 9.40251e-39 3
1.44127 0.153382 1.73998 7.83627e-39 3
1.36335 0.142313 1.61442 8.38944e-39 3
1.27146 0.13023 1.47734 7.92882e-39 3
1.24823 0.125494 1.42362 7.65223e-39 3
3.78015 0.353957 4.01534 6.54733e-39 3
4.16545 0.383454 4.34996 7.00831e-39 3
3.63063 0.328675 3.72853 7.65368e-39 3
3.69087 0.328675 3.72853 6.73172e-39 3
3.75112 0.328675 3.72853 5.62465e-39 3
4.00193 0.345108 3.91496 5.90088e-39 3
-1.59278 0.314126 3.01151 6.08491e-39 3
-1.54412 0.314126 3.01151 7.65295e-39 3
-1.49546 0.314126 3.01151 7.74515e-39 3
-1.4468 0.314126 3.01151 7.83878e-39 3
-1.13599 0.255228 2.44685 8.11609e-39 3
-0.948289 0.220737 2.11619 8.76038e-39 3
-0.768672 0.18562 1.77953 8.94442e-39 3
-0.692691 0.173772 1.66594 8.48523e-39 3
-0.651903 0.170152 1.63123 8.85473e-39 3
-0.682414 0.18562 1.77953 7.56328e-39 3
-0.653662 0.18562 1.77953 8.57635e-39 3
-0.624909 0.18562 1.77953 8.3916e-39 3
-0.589458 0.183534 1.75953 8.39052e-39 3
-0.548699 0.179501 1.72086 9.31355e-39 3
-0.483687 0.166679 1.59794 9.95784e-39 3
-0.431453 0.157063 1.50575 9.77345e-39 3
-0.407124 0.157063 1.50575 1.01419e-38 3
-0.382795 0.157063 1.50575 1.08802e-38 3
-0.396601 0.173772 1.66594 1.06032e-38 3
-0.394889 0.18562 1.77953 1.07869e-38 3
-0.366136 0.18562 1.77953 1.04177e-38 3
-0.315849 0.173772 1.66594 1.00497e-38 3
-0.282912 0.170152 1.63123 1.06943e-38 3
-0.256555 0.170152 1.63123 1.06021e-38 3
-0.225501 0.166679 1.59794 1.18918e-38 3
-0.173176 0.144554 1.38583 1.26308e-38 3
-0.156318 0.149858 1.43668 1.18925e-38 3
-0.129539 0.145844 1.3982 1.23528e-38 3
-0.107912 0.147158 1.4108 1.11539e-38 3
-0.0964079 0.166679 1.59794 1.11528e-38 3
-0.0691775 0.163346 1.56598 1.19836e-38 3
-0.0438752 0.163346 1.56598 1.07858e-38 3
-0.0182088 0.160143 1.53528 1.18e-38 3
0.00672928 0.163346 1.56598 1.29978e-38 3
0.0323551 0.164996 1.5818 1.41034e-38 3
0.0579129 0.164996 1.5818 1.46555e-38 3
0.0860792 0.170152 1.63123 1.48392e-38 3
0.119931 0.181495 1.73998 1.37328e-38 3
0.15862 0.194459 1.86427 1.34544e-38 3
0.208609 0.214928 2.06051 1.36395e-38 3
0.262636 0.233351 2.23712 1.26268e-38 3
0.298782 0.233351 2.23712 1.1429e-38 3
0.300576 0.209418 2.00767 1.18896e-38 3
0.249761 0.157063 1.50575 1.27194e-38 3
0.27409 0.157063 1.50575 1.24428e-38 3
1.94381 0.388918 3.72853 1.10617e-38 3
1.61866 0.314126 3.01151 1.14308e-38 3
1.60557 0.302492 2.89997 1.04177e-38 3
1.53846 0.28163 2.69997 1.08787e-38 3
1.48002 0.263461 2.52578 1.00493e-38 3
1.4733 0.255228 2.44685 1.0049e-38 3
1.27397 0.214928 2.06051 9.77093e-39 3
1.03491 0.170152 1.63123 1.06007e-38 3
1.01882 0.163346 1.56598 1.02316e-38 3
0.98502 0.1541 1.47734 1.00479e-38 3
1.00889 0.1541 1.47734 9.12701e-39 3
1.0426 0.155567 1.49141 8.94298e-39 3
1.07695 0.157063 1.50575 9.31139e-39 3
1.12287 0.160143 1.53528 9.95676e-39 3
1.14768 0.160143 1.53528 1.0049e-38 3
1.19594 0.163346 1.56598 9.03445e-39 3
1.23357 0.164996 1.5818 9.12665e-39 3
1.28509 0.168398 1.61442 9.86313e-39 3
1.35302 0.173772 1.66594 9.67874e-39 3
1.42543 0.179501 1.72086 9.12593e-39 3
1.34943 0.166679 1.59794 9.31032e-39 3
1.37525 0.166679 1.59794 9.03481e-39 3
1.20443 0.143286 1.37367 8.02102e-39 3
4.09517 0.453738 4.34996 6.36294e-39 3
3.94622 0.429857 4.12101 6.73172e-39 3
3.4656 0.37124 3.55905 6.82428e-39 3
2.87068 0.302492 2.89997 6.3633e-39 3
2.91753 0.302492 2.89997 5.99416e-39 3
2.96439 0.302492 2.89997 6.82392e-39 3
3.53494 0.355099 3.40431 5.90197e-39 3
3.58995 0.355099 3.40431 5.53318e-39 3
-1.42258 0.314413 2.60997 1.03266e-38 3
-1.38041 0.314413 2.60997 9.58906e-39 3
-1.33824 0.314413 2.60997 9.12808e-39 3
-1.29607 0.314413 2.60997 8.29976e-39 3
-1.04491 0.262011 2.17498 9.77597e-39 3
-0.865519 0.224581 1.86427 8.29976e-39 3
-0.762754 0.205052 1.70216 8.57599e-39 3
-0.704616 0.196508 1.63123 8.48415e-39 3
-0.67826 0.196508 1.63123 8.11645e-39 3
-0.651903 0.196508 1.63123 9.13132e-39 3
-0.625547 0.196508 1.63123 9.86744e-39 3
-0.59919 0.196508 1.63123 9.77453e-39 3
-0.604308 0.207305 1.72086 1.04199e-38 3
-0.570237 0.205052 1.70216 1.0143e-38 3
-0.536899 0.202847 1.68385 1.11575e-38 3
-0.464719 0.184949 1.53528 1.13408e-38 3
-0.423312 0.17797 1.47734 1.15245e-38 3
-0.399442 0.17797 1.47734 1.13397e-38 3
-0.375572 0.17797 1.47734 1.17085e-38 3
-0.380413 0.192498 1.59794 1.20765e-38 3
-0.361981 0.196508 1.63123 1.19843e-38 3
-0.335625 0.196508 1.63123 1.15226e-38 3
-0.309268 0.196508 1.63123 1.17074e-38 3
-0.282912 0.196508 1.63123 1.16163e-38 3
-0.25132 0.192498 1.59794 1.19851e-38 3
-0.225501 0.192498 1.59794 1.16152e-38 3
-0.171657 0.165481 1.37367 9.03408e-39 3
-0.153501 0.169953 1.4108 1.0878e-38 3
-0.127267 0.165481 1.37367 1.00475e-38 3
-0.10326 0.162627 1.34999 1.24446e-38 3
-0.0851169 0.169953 1.4108 1.23524e-38 3
-0.0691775 0.188648 1.56598 1.21669e-38 3
-0.0438752 0.188648 1.56598 1.25361e-38 3
-0.016583 0.168436 1.3982 1.13393e-38 3
0.00600828 0.168436 1.3982 1.25372e-38 3
0.0310986 0.183153 1.52037 1.25354e-38 3
0.0579129 0.190553 1.5818 1.28112e-38 3
0.0860792 0.196508 1.63123 1.30864e-38 3
0.114828 0.200689 1.66594 1.29023e-38 3
0.148045 0.209609 1.73998 1.47459e-38 3
0.180162 0.214373 1.77953 1.51143e-38 3
0.208915 0.214373 1.77953 1.36399e-38 3
0.209147 0.188648 1.56598 1.38243e-38 3
0.217083 0.174674 1.44999 1.30882e-38 3
0.240511 0.174674 1.44999 1.19825e-38 3
0.263939 0.174674 1.44999 1.21669e-38 3
0.277104 0.168436 1.3982 1.05085e-38 3
0.299695 0.168436 1.3982 1.14301e-38 3
0.328146 0.171498 1.42362 1.19836e-38 3
0.35437 0.173071 1.43668 1.19822e-38 3
0.37078 0.169953 1.4108 1.29034e-38 3
1.41599 0.496442 4.12101 1.27201e-38 3
1.94381 0.449162 3.72853 1.03248e-38 3
1.55871 0.349348 2.89997 9.95712e-39 3
1.49484 0.325255 2.69997 1.0695e-38 3
1.43921 0.304271 2.52578 1.06021e-38 3
1.43377 0.294762 2.44685 1.1062e-38 3
1.38664 0.277423 2.30292 1.12464e-38 3
1.27397 0.248221 2.06051 1.09698e-38 3
0.96458 0.183153 1.52037 1.11542e-38 3
0.989145 0.183153 1.52037 1.09709e-38 3
0.975815 0.176306 1.46354 1.04159e-38 3
0.999461 0.176306 1.46354 1.05081e-38 3
1.03276 0.17797 1.47734 9.21812e-39 3
1.07695 0.181392 1.50575 1.02334e-38 3
1.11197 0.183153 1.52037 1.05096e-38 3
1.13654 0.183153 1.52037 1.12479e-38 3
1.18409 0.18678 1.55048 1.06947e-38 3
1.20915 0.18678 1.55048 1.00479e-38 3
1.24654 0.188648 1.56598 1.05089e-38 3
1.31118 0.194482 1.61442 1.06925e-38 3
1.40994 0.205052 1.70216 1.09691e-38 3
1.30935 0.18678 1.55048 1.01401e-38 3
1.18224 0.165481 1.37367 9.2192e-39 3
1.20443 0.165481 1.37367 7.46784e-39 3
3.87963 0.496442 4.12101 7.37781e-39 3
3.4081 0.428745 3.55905 6.27075e-39 3
2.72297 0.336871 2.7964 5.2566e-39 3
2.6727 0.325255 2.69997 5.34915e-39 3
2.54108 0.304271 2.52578 6.64133e-39 3
2.58189 0.304271 2.52578 5.99488e-39 3
2.80357 0.325255 2.69997 5.34879e-39 3
2.94888 0.336871 2.7964 5.2566e-39 3
-1.28575 0.237722 1.73998 6.36365e-39 3
-1.25764 0.237722 1.73998 7.28525e-39 3
-0.628243 0.137148 1.00384 7.28525e-39 3
-0.604276 0.135411 0.991129 6.82463e-39 3
-1.7577 0.4279 3.13197 9.03697e-39 3
-1.33367 0.334297 2.44685 7.28525e-39 3
-1.29413 0.334297 2.44685 8.11393e-39 3
-1.21658 0.324167 2.3727 7.83734e-39 3
-1.05087 0.289122 2.11619 7.00866e-39 3
-0.85493 0.243125 1.77953 9.22172e-39 3
-0.790256 0.232554 1.70216 9.03697e-39 3
-0.730973 0.222865 1.63123 9.40575e-39 3
-0.650415 0.205721 1.50575 9.77453e-39 3
-0.626086 0.205721 1.50575 1.1527e-38 3
-0.601757 0.205721 1.50575 9.95964e-39 3
-0.58875 0.209755 1.53528 1.10653e-38 3
-0.575222 0.21395 1.56598 1.15262e-38 3
-0.561143 0.218316 1.59794 1.12486e-38 3
-0.546477 0.222865 1.63123 1.11567e-38 3
-0.509506 0.218316 1.59794 1.09724e-38 3
-0.447183 0.20184 1.47734 1.11567e-38 3
-0.423312 0.20184 1.47734 1.10631e-38 3
-0.399442 0.20184 1.47734 1.12475e-38 3
-0.375572 0.20184 1.47734 1.25375e-38 3
-0.345189 0.198102 1.44999 1.26297e-38 3
-0.334137 0.205721 1.50575 1.309e-38 3
-0.315882 0.209755 1.53528 1.37353e-38 3
-0.296898 0.21395 1.56598 1.16156e-38 3
-0.271595 0.21395 1.56598 1.0049e-38 3
-0.246293 0.21395 1.56598 1.15241e-38 3
-0.220991 0.21395 1.56598 1.25368e-38 3
-0.195689 0.21395 1.56598 1.38265e-38 3
-0.154897 0.1945 1.42362 1.42871e-38 3
-0.127267 0.187676 1.37367 1.41949e-38 3
-0.10326 0.18444 1.34999 1.44715e-38 3
-0.0926272 0.209755 1.53528 1.29963e-38 3
-0.067821 0.209755 1.53528 1.41949e-38 3
-0.0430149 0.209755 1.53528 1.4102e-38 3
-0.0152237 0.175369 1.28359 1.35499e-38 3
0.00542684 0.17254 1.26289 1.29045e-38 3
0.0258319 0.17254 1.26289 1.4102e-38 3
0.045503 0.169802 1.24284 1.59441e-38 3
0.0661088 0.17116 1.25279 1.5943e-38 3
0.0830294 0.164577 1.2046 1.47459e-38 3
0.102493 0.164577 1.2046 1.56679e-38 3
0.158543 0.21395 1.56598 1.45604e-38 3
0.183845 0.21395 1.56598 1.38229e-38 3
0.209147 0.21395 1.56598 1.5114e-38 3
0.195375 0.178292 1.30499 1.36403e-38 3
0.220129 0.181314 1.32711 1.41038e-38 3
0.241571 0.181314 1.32711 1.33666e-38 3
0.263014 0.181314 1.32711 1.309e-38 3
0.289361 0.18444 1.34999 1.32751e-38 3
0.316632 0.187676 1.37367 1.41963e-38 3
0.344878 0.191027 1.3982 1.41027e-38 3
0.364217 0.189336 1.38583 1.38261e-38 3
0.386608 0.189336 1.38583 1.38254e-38 3
0.409 0.189336 1.38583 1.41931e-38 3
0.416643 0.182863 1.33845 1.30878e-38 3
0.438269 0.182863 1.33845 1.26279e-38 3
0.430461 0.17116 1.25279 1.24439e-38 3
0.447126 0.169802 1.24284 1.42885e-38 3
0.470945 0.17116 1.25279 1.36439e-38 3
0.454802 0.158482 1.15999 1.34602e-38 3
0.477079 0.159664 1.16864 1.17085e-38 3
1.70084 0.445729 3.26247 1.14319e-38 3
1.45121 0.36888 2.69997 1.15244e-38 3
1.3547 0.334297 2.44685 1.1156e-38 3
1.35198 0.324167 2.3727 1.07865e-38 3
1.34943 0.314633 2.30292 1.04167e-38 3
1.24067 0.281513 2.06051 1.06932e-38 3
1.15264 0.254703 1.86427 1.08776e-38 3
0.96458 0.207719 1.52037 1.11542e-38 3
0.989145 0.207719 1.52037 1.1062e-38 3
0.95791 0.196285 1.43668 1.15226e-38 3
0.981123 0.196285 1.43668 1.22588e-38 3
0.995206 0.1945 1.42362 1.13379e-38 3
1.05663 0.20184 1.47734 1.04177e-38 3
1.10128 0.205721 1.50575 1.11546e-38 3
1.10437 0.20184 1.47734 1.13397e-38 3
1.1611 0.207719 1.52037 1.44747e-38 3
1.18567 0.207719 1.52037 1.09698e-38 3
1.21023 0.207719 1.52037 1.05089e-38 3
1.2469 0.209755 1.53528 1.15223e-38 3
1.37994 0.227607 1.66594 1.11535e-38 3
1.22449 0.198102 1.44999 1.1062e-38 3
1.24792 0.198102 1.44999 1.03255e-38 3
3.35059 0.48625 3.55905 7.74659e-39 3
2.34307 0.334297 2.44685 1.11571e-38 3
2.3826 0.334297 2.44685 1.10649e-38 3
2.42214 0.334297 2.44685 5.90233e-39 3
2.46167 0.334297 2.44685 6.73316e-39 3
2.58189 0.345081 2.52578 6.27111e-39 3
2.80357 0.36888 2.69997 6.3633e-39 3
-1.7254 0.341789 2.23712 7.1005e-39 3
-1.23175 0.249221 1.63123 6.27146e-39 3
-1.20539 0.249221 1.63123 6.08707e-39 3
-1.17903 0.249221 1.63123 6.17926e-39 3
-1.15268 0.249221 1.63123 6.36329e-39 3
-0.661421 0.157403 1.03025 7.47e-39 3
-0.612537 0.149533 0.97874 8.20792e-39 3
-0.596723 0.149533 0.97874 9.31391e-39 3
-1.33367 0.373832 2.44685 1.05121e-38 3
-1.29413 0.373832 2.44685 9.95892e-39 3
-1.08506 0.323314 2.11619 1.00511e-38 3
-0.864045 0.265836 1.73998 1.03284e-38 3
-0.767692 0.244135 1.59794 1.05128e-38 3
-0.673181 0.22153 1.44999 1.0972e-38 3
-0.59469 0.202756 1.32711 1.15255e-38 3
-0.47636 0.168488 1.10281 1.27237e-38 3
-0.458542 0.168488 1.10281 1.21705e-38 3
-0.504699 0.192945 1.26289 1.13419e-38 3
-0.492233 0.196109 1.28359 9.59014e-39 3
-0.479352 0.199377 1.30499 9.77345e-39 3
-0.458267 0.199377 1.30499 8.85113e-39 3
-0.397438 0.181252 1.18635 1.04188e-38 3
-0.378269 0.181252 1.18635 1.10645e-38 3
-0.345995 0.174637 1.14305 1.2078e-38 3
-0.339933 0.181252 1.18635 1.23538e-38 3
-0.341459 0.192945 1.26289 1.31829e-38 3
-0.315958 0.189883 1.24284 1.34595e-38 3
-0.315936 0.202756 1.32711 1.22602e-38 3
-0.304826 0.209871 1.37367 1.13383e-38 3
-0.298333 0.22153 1.44999 1.24435e-38 3
-0.285479 0.23005 1.50575 1.17985e-38 3
-0.261149 0.23005 1.50575 1.35509e-38 3
-0.23682 0.23005 1.50575 1.42878e-38 3
-0.208482 0.22571 1.47734 1.46541e-38 3
-0.154086 0.188388 1.23306 1.70508e-38 3
-0.144395 0.202756 1.32711 1.61288e-38 3
-0.12192 0.201052 1.31595 1.63132e-38 3
-0.100657 0.201052 1.31595 1.5576e-38 3
-0.0874812 0.22153 1.44999 1.447e-38 3
-0.0640532 0.22153 1.44999 1.44693e-38 3
-0.0365627 0.199377 1.30499 1.49306e-38 3
-0.0152237 0.196109 1.28359 1.50232e-38 3
0.00538342 0.191402 1.25279 1.60373e-38 3
0.0256252 0.191402 1.25279 1.58522e-38 3
0.0444448 0.185467 1.21394 1.64043e-38 3
0.0640589 0.185467 1.21394 1.58508e-38 3
0.0811566 0.179889 1.17743 1.40987e-38 3
0.100181 0.179889 1.17743 1.38239e-38 3
0.116576 0.175921 1.15146 1.52058e-38 3
0.132263 0.172124 1.12661 1.55735e-38 3
0.174289 0.199377 1.30499 1.53887e-38 3
0.18756 0.191402 1.25279 1.47448e-38 3
0.212911 0.196109 1.28359 1.40105e-38 3
0.233651 0.196109 1.28359 1.309e-38 3
0.25863 0.199377 1.30499 1.30907e-38 3
0.282066 0.201052 1.31595 1.26297e-38 3
0.303328 0.201052 1.31595 1.34595e-38 3
0.332985 0.206252 1.34999 1.3458e-38 3
0.354798 0.206252 1.34999 1.37353e-38 3
0.37661 0.206252 1.34999 1.37346e-38 3
0.398422 0.206252 1.34999 1.53005e-38 3
0.40964 0.201052 1.31595 1.53931e-38 3
0.427312 0.199377 1.30499 1.59466e-38 3
0.427045 0.189883 1.24284 1.63161e-38 3
0.420432 0.178547 1.16864 1.55793e-38 3
0.439314 0.178547 1.16864 1.41978e-38 3
0.444915 0.173371 1.13477 1.23546e-38 3
0.466632 0.174637 1.14305 1.19858e-38 3
0.492287 0.177224 1.15999 1.25386e-38 3
0.538977 0.186916 1.22343 1.26304e-38 3
0.533726 0.178547 1.16864 1.33687e-38 3
0.528925 0.170895 1.11856 1.20787e-38 3
0.539293 0.168488 1.10281 1.28163e-38 3
0.557112 0.168488 1.10281 1.2078e-38 3
1.31678 0.385891 2.52578 1.13397e-38 3
1.31516 0.373832 2.44685 1.14326e-38 3
1.31365 0.362504 2.3727 1.15252e-38 3
1.23932 0.332295 2.17498 1.1617e-38 3
1.17642 0.306734 2.00767 1.24453e-38 3
1.12251 0.284824 1.86427 1.42892e-38 3
1.00856 0.249221 1.63123 1.33673e-38 3
0.946207 0.227859 1.49141 1.18921e-38 3
0.943351 0.22153 1.44999 1.23524e-38 3
0.94065 0.215543 1.4108 1.25357e-38 3
0.963445 0.215543 1.4108 1.29034e-38 3
0.951936 0.208046 1.36173 1.25354e-38 3
0.982481 0.209871 1.37367 1.1984e-38 3
1.01357 0.211728 1.38583 1.08784e-38 3
1.07397 0.219498 1.43668 9.68054e-39 3
1.14994 0.23005 1.50575 1.01415e-38 3
1.17427 0.23005 1.50575 1.11542e-38 3
1.21023 0.232284 1.52037 1.06011e-38 3
1.2348 0.232284 1.52037 1.08773e-38 3
1.24725 0.23005 1.50575 1.11539e-38 3
1.24759 0.22571 1.47734 1.12457e-38 3
1.56836 0.254524 1.66594 7.93098e-39 3
1.56204 0.249221 1.63123 8.29905e-39 3
1.5884 0.249221 1.63123 8.48236e-39 3
1.68496 0.260057 1.70216 6.54733e-39 3
1.71247 0.260057 1.70216 6.45658e-39 3
1.73997 0.260057 1.70216 7.00975e-39 3
2.6227 0.385891 2.52578 6.91756e-39 3
-1.3128 0.287559 1.70216 6.08671e-39 3
-1.18248 0.264555 1.56598 7.37817e-39 3
-1.11267 0.254379 1.50575 7.9317e-39 3
-1.08834 0.254379 1.50575 8.30012e-39 3
-1.06401 0.254379 1.50575 9.31391e-39 3
-1.08127 0.264555 1.56598 8.66926e-39 3
-0.62835 0.165347 0.97874 8.85329e-39 3
-0.597597 0.161314 0.954868 9.4983e-39 3
-0.589356 0.163305 0.966657 8.94513e-39 3
-1.33367 0.413367 2.44685 1.05121e-38 3
-1.29413 0.413367 2.44685 1.07887e-38 3
-0.892159 0.29395 1.73998 1.08809e-38 3
-0.793511 0.269954 1.59794 1.13419e-38 3
-0.696609 0.244958 1.44999 1.15255e-38 3
-0.616132 0.224199 1.32711 1.23553e-38 3
-0.474144 0.178753 1.0581 1.15252e-38 3
-0.466504 0.182451 1.07999 1.01422e-38 3
-0.445979 0.181202 1.07259 9.03588e-39 3
-0.434602 0.183719 1.08749 9.58942e-39 3
-0.428946 0.188968 1.11856 1.13415e-38 3
-0.449393 0.206683 1.22343 1.13404e-38 3
-0.429625 0.206683 1.22343 1.16166e-38 3
-0.380158 0.191706 1.13477 1.19858e-38 3
-0.361823 0.191706 1.13477 1.16174e-38 3
-0.343488 0.191706 1.13477 1.17092e-38 3
-0.327526 0.193106 1.14305 1.17088e-38 3
-0.304611 0.190327 1.12661 1.18929e-38 3
-0.311021 0.206683 1.22343 1.29059e-38 3
-0.295877 0.209964 1.24284 1.33662e-38 3
-0.289585 0.220462 1.30499 1.37346e-38 3
-0.273051 0.224199 1.32711 1.48406e-38 3
-0.274905 0.244958 1.44999 1.57622e-38 3
-0.256222 0.24958 1.47734 1.567e-38 3
-0.232352 0.24958 1.47734 1.61299e-38 3
-0.204621 0.244958 1.44999 1.74188e-38 3
-0.143889 0.194525 1.15146 1.61274e-38 3
-0.141989 0.220462 1.30499 1.52054e-38 3
-0.120904 0.220462 1.30499 1.55739e-38 3
-0.0998183 0.220462 1.30499 1.52976e-38 3
-0.0793947 0.222315 1.31595 1.62196e-38 3
-0.0581323 0.222315 1.31595 1.62196e-38 3
-0.0353832 0.213351 1.26289 1.61277e-38 3
-0.0147405 0.209964 1.24284 1.55757e-38 3
0.00525725 0.206683 1.22343 1.52065e-38 3
0.0250246 0.206683 1.22343 1.59437e-38 3
0.0431081 0.198913 1.17743 1.55739e-38 3
0.0621324 0.198913 1.17743 1.5665e-38 3
0.0799543 0.195966 1.15999 1.55735e-38 3
0.0986967 0.195966 1.15999 1.49288e-38 3
0.115725 0.193106 1.14305 1.66806e-38 3
0.131318 0.188968 1.11856 1.59412e-38 3
0.154924 0.195966 1.15999 1.76e-38 3
0.173666 0.195966 1.15999 1.6772e-38 3
0.204529 0.208311 1.23306 1.50232e-38 3
0.224452 0.208311 1.23306 1.48406e-38 3
0.256493 0.21864 1.2942 1.38272e-38 3
0.282066 0.222315 1.31595 1.33662e-38 3
0.303328 0.222315 1.31595 1.36439e-38 3
0.327342 0.224199 1.32711 1.44722e-38 3
0.351765 0.226115 1.33845 1.36431e-38 3
0.37661 0.228064 1.34999 1.38261e-38 3
0.391669 0.224199 1.32711 1.41945e-38 3
0.393123 0.213351 1.26289 1.53012e-38 3
0.406964 0.209964 1.24284 1.59466e-38 3
0.410745 0.20195 1.19541 1.53019e-38 3
0.417318 0.195966 1.15999 1.38283e-38 3
0.429694 0.193106 1.14305 1.34606e-38 3
0.423437 0.182451 1.07999 1.22627e-38 3
0.437867 0.181202 1.07259 1.32762e-38 3
0.437229 0.174049 1.03025 1.41052e-38 3
0.453875 0.174049 1.03025 1.32751e-38 3
0.510852 0.188968 1.11856 1.2262e-38 3
0.521475 0.186306 1.10281 1.29996e-38 3
0.539293 0.186306 1.10281 1.27237e-38 3
0.557112 0.186306 1.10281 1.26311e-38 3
0.57493 0.186306 1.10281 1.21698e-38 3
0.914895 0.287559 1.70216 1.11567e-38 3
0.942398 0.287559 1.70216 1.06036e-38 3
0.929487 0.275578 1.63123 1.28155e-38 3
0.91761 0.264555 1.56598 1.15244e-38 3
0.88954 0.24958 1.47734 1.27223e-38 3
0.896495 0.244958 1.44999 1.39205e-38 3
0.93728 0.24958 1.47734 1.21684e-38 3
0.943351 0.244958 1.44999 1.28123e-38 3
0.915896 0.232065 1.37367 1.30885e-38 3
0.929934 0.230048 1.36173 1.318e-38 3
0.919938 0.222315 1.31595 1.20737e-38 3
0.9412 0.222315 1.31595 1.25364e-38 3
0.946554 0.21864 1.2942 1.0694e-38 3
1.00917 0.228064 1.34999 1.00493e-38 3
1.12824 0.24958 1.47734 1.08787e-38 3
1.16308 0.251957 1.49141 1.12464e-38 3
1.2221 0.259367 1.53528 1.11542e-38 3
1.22292 0.254379 1.50575 1.09695e-38 3
1.24725 0.254379 1.50575 1.00479e-38 3
1.54144 0.281441 1.66594 9.03661e-39 3
1.47426 0.264555 1.56598 8.48416e-39 3
1.44189 0.254379 1.50575 7.93026e-39 3
1.41191 0.244958 1.44999 8.39089e-39 3
1.46242 0.24958 1.47734 8.29905e-39 3
1.38199 0.232065 1.37367 7.47073e-39 3
1.2506 0.206683 1.22343 6.73389e-39 3
1.27037 0.206683 1.22343 6.54949e-39 3
1.00423 0.153811 0.910456 7.74587e-39 3
-1.16133 0.278709 1.50575 8.20685e-39 3
-1.11554 0.27345 1.47734 8.76074e-39 3
-1.07146 0.268386 1.44999 8.94621e-39 3
-1.02897 0.263506 1.42362 8.57706e-39 3
-1.00597 0.263506 1.42362 9.59086e-39 3
-1.02006 0.27345 1.47734 9.5905e-39 3
-0.669262 0.188219 1.01687 8.6689e-39 3
-0.644462 0.185806 1.00384 9.95892e-39 3
-0.657757 0.194535 1.051 1.02355e-38 3
-0.649494 0.197182 1.0653 1.11575e-38 3
-1.29413 0.452901 2.44685 1.12486e-38 3
-0.819329 0.295772 1.59794 1.0972e-38 3
-0.733623 0.27345 1.47734 1.04188e-38 3
-0.648567 0.249877 1.34999 1.07872e-38 3
-0.475187 0.189449 1.02352 1.01419e-38 3
-0.458649 0.189449 1.02352 1.00497e-38 3
-0.445021 0.190695 1.03025 1.08794e-38 3
-0.431211 0.191958 1.03708 1.18939e-38 3
-0.420018 0.194535 1.051 1.20783e-38 3
-0.411318 0.198532 1.07259 1.12489e-38 3
-0.396705 0.199901 1.07999 1.18007e-38 3
-0.379255 0.199901 1.07999 1.20765e-38 3
-0.366866 0.202697 1.09509 1.17088e-38 3
-0.349172 0.202697 1.09509 1.08791e-38 3
-0.338581 0.207041 1.11856 1.30907e-38 3
-0.320508 0.207041 1.11856 1.29063e-38 3
-0.294034 0.20129 1.08749 1.45651e-38 3
-0.280357 0.204125 1.10281 1.57629e-38 3
-0.291254 0.226451 1.22343 1.55785e-38 3
-0.271486 0.226451 1.22343 1.33666e-38 3
-0.228511 0.205572 1.11063 1.2629e-38 3
-0.206179 0.20129 1.08749 1.35495e-38 3
-0.251477 0.268386 1.44999 1.22581e-38 3
-0.172233 0.202697 1.09509 1.28105e-38 3
-0.157851 0.207041 1.11856 1.53905e-38 3
-0.139778 0.207041 1.11856 1.59426e-38 3
-0.135227 0.230045 1.24284 1.65876e-38 3
-0.115146 0.230045 1.24284 1.66798e-38 3
-0.100657 0.243577 1.31595 1.77862e-38 3
-0.0761933 0.233756 1.26289 1.64022e-38 3
-0.0557883 0.233756 1.26289 1.66788e-38 3
-0.0329889 0.217938 1.17743 1.73241e-38 3
-0.0137578 0.214709 1.15999 1.63118e-38 3
0.00498465 0.214709 1.15999 1.53902e-38 3
0.0235526 0.21313 1.15146 1.55742e-38 3
0.0415462 0.210041 1.13477 1.55735e-38 3
0.0598812 0.210041 1.13477 1.5849e-38 3
0.0770988 0.207041 1.11856 1.631e-38 3
0.0958565 0.20853 1.12661 1.5388e-38 3
0.112442 0.205572 1.11063 1.75085e-38 3
0.129468 0.204125 1.10281 1.85212e-38 3
0.147287 0.204125 1.10281 2.07336e-38 3
0.169891 0.210041 1.13477 1.85227e-38 3
0.1896 0.211574 1.14305 1.56678e-38 3
0.212727 0.216311 1.16864 1.44697e-38 3
0.236913 0.221265 1.19541 1.51154e-38 3
0.268527 0.231886 1.25279 1.45622e-38 3
0.288769 0.231886 1.25279 1.48399e-38 3
0.30901 0.231886 1.25279 1.37335e-38 3
0.340137 0.239551 1.2942 1.64991e-38 3
0.367116 0.243577 1.31595 1.64983e-38 3
0.385141 0.241547 1.30499 1.71437e-38 3
0.393123 0.233756 1.26289 1.696e-38 3
0.374288 0.211574 1.14305 1.75139e-38 3
0.392757 0.211574 1.14305 1.55785e-38 3
0.408245 0.210041 1.13477 1.53027e-38 3
0.411665 0.202697 1.09509 1.53963e-38 3
0.406611 0.191958 1.03708 1.43836e-38 3
0.417834 0.189449 1.02352 1.49353e-38 3
0.428766 0.187004 1.01031 1.44729e-38 3
0.442237 0.185806 1.00384 1.41048e-38 3
0.464411 0.188219 1.01687 1.34606e-38 3
0.514232 0.20129 1.08749 1.38293e-38 3
0.539293 0.204125 1.10281 1.24471e-38 3
0.557112 0.204125 1.10281 1.34613e-38 3
0.57493 0.204125 1.10281 1.32765e-38 3
0.605542 0.20853 1.12661 1.18943e-38 3
0.623745 0.20853 1.12661 1.22627e-38 3
0.564752 0.183454 0.991129 1.21702e-38 3
0.562951 0.177826 0.960726 1.18007e-38 3
0.73665 0.226451 1.22343 1.18918e-38 3
0.756418 0.226451 1.22343 1.29056e-38 3
0.776185 0.226451 1.22343 1.24435e-38 3
0.926199 0.263506 1.42362 1.34577e-38 3
0.892412 0.247741 1.33845 1.31804e-38 3
0.906291 0.245641 1.32711 1.3457e-38 3
0.882844 0.233756 1.26289 1.39179e-38 3
0.875022 0.226451 1.22343 1.34584e-38 3
0.854724 0.216311 1.16864 1.29992e-38 3
0.886843 0.219589 1.18635 1.27226e-38 3
0.781657 0.189449 1.02352 1.29059e-38 3
0.798194 0.189449 1.02352 1.12461e-38 3
0.814732 0.189449 1.02352 1.2168e-38 3
1.19985 0.27345 1.47734 1.22606e-38 3
1.51453 0.308358 1.66594 1.06025e-38 3
1.39323 0.278709 1.50575 8.11465e-39 3
1.36506 0.268386 1.44999 8.29976e-39 3
1.38848 0.268386 1.44999 7.93026e-39 3
1.38624 0.263506 1.42362 8.76003e-39 3
1.33635 0.249877 1.34999 7.65368e-39 3
1.23083 0.226451 1.22343 6.73209e-39 3
1.15998 0.210041 1.13477 8.30049e-39 3
1.14512 0.204125 1.10281 8.66927e-39 3
1.16294 0.204125 1.10281 7.65584e-39 3
1.00423 0.168521 0.910456 7.83807e-39 3
-1.07837 0.281392 1.3982 7.65368e-39 3
-1.05578 0.281392 1.3982 8.66891e-39 3
-1.03319 0.281392 1.3982 8.76074e-39 3
-1.02897 0.286508 1.42362 9.40575e-39 3
-0.907024 0.258327 1.28359 9.59014e-39 3
-0.69312 0.202025 1.00384 1.00511e-38 3
-0.621156 0.185388 0.921167 1.00511e-38 3
-0.606272 0.185388 0.921167 1.05125e-38 3
-0.594888 0.186485 0.926618 1.12486e-38 3
-0.576505 0.185388 0.921167 1.10642e-38 3
-0.568307 0.187595 0.932133 1.13408e-38 3
-0.56674 0.19217 0.954868 1.11564e-38 3
-0.787199 0.30898 1.53528 1.16166e-38 3
-0.67038 0.271689 1.34999 1.06943e-38 3
-0.637575 0.267084 1.32711 1.18929e-38 3
-0.567997 0.246218 1.22343 1.20762e-38 3
-0.444135 0.199468 0.991129 1.23535e-38 3
-0.430848 0.200738 0.997442 1.23538e-38 3
-0.422811 0.204649 1.01687 1.12471e-38 3
-0.406381 0.204649 1.01687 1.18925e-38 3
-0.3925 0.205986 1.02352 1.02337e-38 3
-0.373521 0.204649 1.01687 1.15234e-38 3
-0.357091 0.204649 1.01687 1.30893e-38 3
-0.347429 0.208715 1.03708 1.4564e-38 3
-0.330673 0.208715 1.03708 1.51172e-38 3
-0.322458 0.214394 1.0653 1.46559e-38 3
-0.307336 0.215862 1.07259 1.53012e-38 3
-0.284167 0.211516 1.051 1.53016e-38 3
-0.270821 0.214394 1.0653 1.41027e-38 3
-0.253608 0.214394 1.0653 1.38261e-38 3
-0.233223 0.211516 1.051 1.4564e-38 3
-0.219184 0.214394 1.0653 1.3735e-38 3
-0.197932 0.210106 1.04399 1.4931e-38 3
-0.181064 0.210106 1.04399 1.55749e-38 3
-0.164195 0.210106 1.04399 1.66802e-38 3
-0.147327 0.210106 1.04399 1.84312e-38 3
-0.130459 0.210106 1.04399 1.73238e-38 3
-0.112839 0.208715 1.03708 1.6494e-38 3
-0.102172 0.221943 1.10281 1.68624e-38 3
-0.0777805 0.204649 1.01687 1.58483e-38 3
-0.0613505 0.204649 1.01687 1.68624e-38 3
-0.0449204 0.204649 1.01687 1.86134e-38 3
-0.0294465 0.211516 1.051 1.75071e-38 3
-0.0124651 0.211516 1.051 1.67702e-38 3
0.00457774 0.214394 1.0653 1.69557e-38 3
0.0227174 0.223517 1.11063 1.64033e-38 3
0.0400936 0.220391 1.09509 1.83386e-38 3
0.0577874 0.220391 1.09509 2.01818e-38 3
0.0754813 0.220391 1.09509 2.07339e-38 3
0.09189 0.217351 1.07999 2.04573e-38 3
0.107852 0.214394 1.0653 2.02729e-38 3
0.125065 0.214394 1.0653 2.0918e-38 3
0.142277 0.214394 1.0653 2.00882e-38 3
0.168669 0.226733 1.12661 2.00896e-38 3
0.1896 0.230043 1.14305 1.77869e-38 3
0.212727 0.235193 1.16864 1.76943e-38 3
0.233351 0.236962 1.17743 1.81553e-38 3
0.258199 0.24243 1.2046 1.88933e-38 3
0.277662 0.24243 1.2046 1.89862e-38 3
0.294857 0.24058 1.19541 1.76951e-38 3
0.314172 0.24058 1.19541 1.74178e-38 3
0.355177 0.256227 1.27316 1.83401e-38 3
0.350129 0.238757 1.18635 1.77891e-38 3
0.36109 0.233451 1.15999 1.75132e-38 3
0.366267 0.225114 1.11856 1.62232e-38 3
0.38434 0.225114 1.11856 1.54856e-38 3
0.405308 0.226733 1.12661 1.55785e-38 3
0.392454 0.210106 1.04399 1.56718e-38 3
0.39869 0.204649 1.01687 1.57636e-38 3
0.409798 0.202025 1.00384 1.49339e-38 3
0.41798 0.198213 0.984896 1.71462e-38 3
0.436639 0.199468 0.991129 1.53027e-38 3
0.461414 0.203328 1.01031 1.50272e-38 3
0.493663 0.210106 1.04399 1.45669e-38 3
0.531803 0.218861 1.08749 1.37375e-38 3
0.569136 0.226733 1.12661 1.26315e-38 3
0.628001 0.24243 1.2046 1.14326e-38 3
0.63286 0.236962 1.17743 1.28159e-38 3
0.578004 0.210106 1.04399 1.18014e-38 3
0.557693 0.196974 0.97874 1.30914e-38 3
0.552777 0.189855 0.943364 1.24446e-38 3
0.673509 0.225114 1.11856 1.2629e-38 3
0.701605 0.228376 1.13477 1.18904e-38 3
0.71994 0.228376 1.13477 1.35499e-38 3
0.738275 0.228376 1.13477 1.3457e-38 3
0.75661 0.228376 1.13477 1.36421e-38 3
0.822634 0.24243 1.2046 1.28123e-38 3
0.823102 0.236962 1.17743 1.29045e-38 3
0.777797 0.218861 1.08749 1.2629e-38 3
0.734186 0.202025 1.00384 1.14319e-38 3
0.731645 0.196974 0.97874 1.13397e-38 3
0.747459 0.196974 0.97874 1.33673e-38 3
0.772935 0.199468 0.991129 1.34588e-38 3
0.788949 0.199468 0.991129 1.29056e-38 3
0.804963 0.199468 0.991129 1.37343e-38 3
1.45662 0.328291 1.63123 1.15245e-38 3
1.34307 0.29732 1.47734 1.0511e-38 3
1.36694 0.29732 1.47734 1.00508e-38 3
1.36506 0.291814 1.44999 9.86709e-39 3
1.38848 0.291814 1.44999 9.6827e-39 3
1.25013 0.254161 1.26289 9.58979e-39 3
1.23083 0.246218 1.22343 9.03733e-39 3
1.15998 0.228376 1.13477 8.39196e-39 3
1.14512 0.221943 1.10281 8.94549e-39 3
1.16294 0.221943 1.10281 8.20793e-39 3
1.19763 0.225114 1.11856 7.6544e-39 3
1.2157 0.225114 1.11856 7.00903e-39 3
1.10723 0.202025 1.00384 6.82392e-39 3
-0.865559 0.212788 0.97874 6.91539e-39 3
-0.849745 0.212788 0.97874 7.92954e-39 3
-0.883636 0.225471 1.03708 7.83699e-39 3
-0.866879 0.225471 1.03708 9.03589e-39 3
-0.861534 0.228498 1.051 9.31283e-39 3
-0.886185 0.239762 1.10281 8.75966e-39 3
-0.978636 0.270207 1.24284 9.12808e-39 3
-0.958555 0.270207 1.24284 1.01422e-38 3
-0.938473 0.270207 1.24284 9.86673e-39 3
-0.790407 0.243187 1.11856 1.01422e-38 3
-0.69312 0.218244 1.00384 1.15252e-38 3
-0.617523 0.1991 0.91578 1.12489e-38 3
-0.602727 0.1991 0.91578 1.1433e-38 3
-0.584512 0.197943 0.910456 1.13404e-38 3
-0.569801 0.197943 0.910456 1.03263e-38 3
-0.555091 0.197943 0.910456 1.06947e-38 3
-0.549973 0.201456 0.926618 1.13401e-38 3
-0.541408 0.203869 0.937715 1.08787e-38 3
-0.5425 0.210161 0.966657 1.14319e-38 3
-0.508064 0.202656 0.932133 1.13386e-38 3
-0.487203 0.200271 0.921167 1.16156e-38 3
-0.692192 0.293501 1.34999 1.15234e-38 3
-0.67038 0.293501 1.34999 1.25372e-38 3
-0.637575 0.288527 1.32711 1.32747e-38 3
-0.559258 0.261893 1.2046 1.29974e-38 3
-0.438584 0.212788 0.97874 1.10617e-38 3
-0.436407 0.219653 1.01031 1.0784e-38 3
-0.425575 0.222524 1.02352 1.2351e-38 3
-0.409037 0.222524 1.02352 1.3457e-38 3
-0.3925 0.222524 1.02352 1.49332e-38 3
-0.373521 0.221079 1.01687 1.50246e-38 3
-0.357091 0.221079 1.01687 1.55757e-38 3
-0.347429 0.225471 1.03708 1.6682e-38 3
-0.332877 0.226974 1.04399 1.5576e-38 3
-0.322458 0.231606 1.0653 1.6592e-38 3
-0.303183 0.230041 1.0581 1.46559e-38 3
-0.284167 0.228498 1.051 1.40109e-38 3
-0.267186 0.228498 1.051 1.47481e-38 3
-0.248536 0.226974 1.04399 1.42871e-38 3
-0.231668 0.226974 1.04399 1.46551e-38 3
-0.2148 0.226974 1.04399 1.64061e-38 3
-0.195327 0.223988 1.03025 1.86167e-38 3
-0.178681 0.223988 1.03025 1.84298e-38 3
-0.162035 0.223988 1.03025 1.97191e-38 3
-0.144439 0.222524 1.02352 1.85202e-38 3
-0.127071 0.221079 1.01687 1.89822e-38 3
-0.10784 0.215482 0.991129 1.69539e-38 3
-0.0918255 0.215482 0.991129 1.75071e-38 3
-0.0753346 0.214127 0.984896 1.87056e-38 3
-0.0586831 0.211467 0.972661 1.95354e-38 3
-0.0424402 0.208872 0.960726 1.82439e-38 3
-0.0277691 0.215482 0.991129 1.86124e-38 3
-0.011755 0.215482 0.991129 1.75064e-38 3
0.00425904 0.215482 0.991129 1.70468e-38 3
0.0206655 0.219653 1.01031 1.70475e-38 3
0.0379694 0.225471 1.03708 1.85223e-38 3
0.0566 0.233193 1.07259 1.93521e-38 3
0.0734274 0.231606 1.0653 1.96272e-38 3
0.0894232 0.228498 1.051 2.00889e-38 3
0.106405 0.228498 1.051 1.98131e-38 3
0.12422 0.230041 1.0581 1.92588e-38 3
0.139432 0.226974 1.04399 1.83379e-38 3
0.158412 0.230041 1.0581 1.87074e-38 3
0.185537 0.243187 1.11856 1.8156e-38 3
0.211151 0.252194 1.15999 1.91695e-38 3
0.231609 0.254076 1.16864 2.00904e-38 3
0.254287 0.257925 1.18635 1.9907e-38 3
0.275543 0.259894 1.19541 2.0645e-38 3
0.292623 0.257925 1.18635 2.13818e-38 3
0.307138 0.254076 1.16864 2.12882e-38 3
0.299224 0.233193 1.07259 2.01833e-38 3
0.30011 0.221079 1.01687 1.67749e-38 3
0.322829 0.225471 1.03708 1.62232e-38 3
0.328701 0.218244 1.00384 1.50239e-38 3
0.324142 0.205097 0.943364 1.76061e-38 3
0.33336 0.201456 0.926618 1.67764e-38 3
0.348332 0.201456 0.926618 1.62239e-38 3
0.365466 0.202656 0.932133 1.54863e-38 3
0.382806 0.203869 0.937715 1.60388e-38 3
0.397957 0.203869 0.937715 1.53931e-38 3
0.415596 0.205097 0.943364 1.66849e-38 3
0.430839 0.205097 0.943364 1.52112e-38 3
0.471653 0.216854 0.997442 1.47509e-38 3
0.490895 0.218244 1.00384 1.47516e-38 3
0.507115 0.218244 1.00384 1.48438e-38 3
0.523334 0.218244 1.00384 1.29077e-38 3
0.63286 0.255986 1.17743 1.24471e-38 3
0.555773 0.218244 1.00384 1.28155e-38 3
0.540793 0.20634 0.949081 1.22613e-38 3
0.549467 0.203869 0.937715 1.53927e-38 3
0.554654 0.200271 0.921167 1.66838e-38 3
0.636983 0.223988 1.03025 1.39179e-38 3
0.65363 0.223988 1.03025 1.25357e-38 3
0.679213 0.226974 1.04399 1.27197e-38 3
0.686922 0.223988 1.03025 1.29049e-38 3
0.703568 0.223988 1.03025 1.22595e-38 3
0.701747 0.218244 1.00384 1.27212e-38 3
0.708879 0.215482 0.991129 1.23528e-38 3
0.715832 0.212788 0.97874 1.17085e-38 3
0.700978 0.203869 0.937715 1.15241e-38 3
0.716129 0.203869 0.937715 1.18e-38 3
0.73128 0.203869 0.937715 1.18e-38 3
0.746431 0.203869 0.937715 1.14305e-38 3
0.804963 0.215482 0.991129 1.22591e-38 3
0.820977 0.215482 0.991129 1.28116e-38 3
1.10471 0.279067 1.28359 1.5209e-38 3
1.25013 0.274566 1.26289 9.12881e-39 3
1.15843 0.250339 1.15146 8.94442e-39 3
1.1273 0.239762 1.10281 9.95857e-39 3
1.14512 0.239762 1.10281 9.49794e-39 3
1.16294 0.239762 1.10281 8.76074e-39 3
1.19763 0.243187 1.11856 8.39196e-39 3
1.23332 0.246711 1.13477 7.93098e-39 3
-0.870492 0.22578 0.966657 7.83734e-39 3
-0.854873 0.22578 0.966657 8.39088e-39 3
-0.849745 0.228602 0.97874 7.93026e-39 3
-0.877822 0.240634 1.03025 8.11393e-39 3
-0.861176 0.240634 1.03025 8.20685e-39 3
-0.861534 0.245479 1.051 9.40502e-39 3
-0.873877 0.254003 1.08749 1.02341e-38 3
-0.822054 0.243842 1.04399 1.04185e-38 3
-0.816067 0.247138 1.0581 1.0511e-38 3
-0.83273 0.25758 1.10281 9.49723e-39 3
-0.70934 0.234464 1.00384 1.04181e-38 3
-0.63232 0.213897 0.91578 1.07872e-38 3
-0.613933 0.212653 0.910456 1.05107e-38 3
-0.599223 0.212653 0.910456 1.00493e-38 3
-0.581133 0.211424 0.905193 1.05103e-38 3
-0.566508 0.211424 0.905193 1.05103e-38 3
-0.551882 0.211424 0.905193 1.05103e-38 3
-0.546738 0.215155 0.921167 1.05089e-38 3
-0.535001 0.216428 0.926618 1.21684e-38 3
-0.526257 0.21902 0.937715 1.20755e-38 3
-0.505058 0.216428 0.926618 1.27198e-38 3
-0.484354 0.213897 0.91578 1.19829e-38 3
-0.464129 0.211424 0.905193 1.22581e-38 3
-0.422662 0.205485 0.879766 1.30875e-38 3
-0.401677 0.202079 0.865185 1.07833e-38 3
-0.387698 0.202079 0.865185 1.36421e-38 3
-0.41755 0.22578 0.966657 1.52998e-38 3
-0.414732 0.23297 0.997442 1.60352e-38 3
-0.401171 0.234464 1.00384 1.65884e-38 3
-0.387435 0.235977 1.01031 1.64054e-38 3
-0.368732 0.234464 1.00384 1.62196e-38 3
-0.354787 0.235977 1.01031 1.52973e-38 3
-0.342888 0.239061 1.02352 1.64043e-38 3
-0.332877 0.243842 1.04399 1.66824e-38 3
-0.322458 0.248819 1.0653 1.41942e-38 3
-0.303183 0.247138 1.0581 1.48402e-38 3
-0.284167 0.245479 1.051 1.4564e-38 3
-0.265404 0.243842 1.04399 1.53005e-38 3
-0.237455 0.23297 0.997442 1.6037e-38 3
-0.221339 0.23297 0.997442 1.93542e-38 3
-0.202641 0.23004 0.984896 1.93521e-38 3
-0.190319 0.234464 1.00384 1.99042e-38 3
-0.172991 0.23297 0.997442 2.05488e-38 3
-0.156875 0.23297 0.997442 1.91644e-38 3
-0.138988 0.23004 0.984896 1.93488e-38 3
-0.117885 0.22034 0.943364 1.91662e-38 3
-0.102028 0.21902 0.937715 1.81517e-38 3
-0.0868768 0.21902 0.937715 1.89811e-38 3
-0.0721578 0.22034 0.943364 1.79673e-38 3
-0.0569155 0.22034 0.943364 1.93514e-38 3
-0.0414236 0.21902 0.937715 1.99031e-38 3
-0.0267532 0.223027 0.954868 1.98095e-38 3
-0.0113945 0.224395 0.960726 1.99953e-38 3
0.00410322 0.223027 0.954868 1.9351e-38 3
0.0192961 0.22034 0.943364 1.95368e-38 3
0.0337257 0.215155 0.921167 1.76944e-38 3
0.0486094 0.215155 0.921167 1.9906e-38 3
0.0631218 0.213897 0.91578 2.03662e-38 3
0.0793098 0.217716 0.932133 1.88915e-38 3
0.0990892 0.228602 0.97874 1.78784e-38 3
0.121752 0.242228 1.03708 1.67728e-38 3
0.137597 0.240634 1.03025 1.76954e-38 3
0.1563 0.243842 1.04399 1.74196e-38 3
0.180383 0.254003 1.08749 1.76036e-38 3
0.208069 0.266981 1.14305 1.88943e-38 3
0.228203 0.268944 1.15146 1.79724e-38 3
0.250491 0.272958 1.16864 1.82493e-38 3
0.271399 0.27501 1.17743 1.55767e-38 3
0.286121 0.270936 1.15999 1.54845e-38 3
0.298236 0.265046 1.13477 1.8249e-38 3
0.2932 0.245479 1.051 1.82504e-38 3
0.298174 0.235977 1.01031 1.54874e-38 3
0.308527 0.231496 0.991129 1.50279e-38 3
0.312667 0.223027 0.954868 1.58566e-38 3
0.312835 0.212653 0.910456 1.56718e-38 3
0.325652 0.211424 0.905193 1.55782e-38 3
0.340278 0.211424 0.905193 1.52083e-38 3
0.359055 0.213897 0.91578 1.40098e-38 3
0.378275 0.216428 0.926618 1.44715e-38 3
0.393247 0.216428 0.926618 1.47488e-38 3
0.410649 0.217716 0.932133 1.55793e-38 3
0.428259 0.21902 0.937715 1.50268e-38 3
0.451521 0.223027 0.954868 1.46595e-38 3
0.466949 0.223027 0.954868 1.41066e-38 3
0.459941 0.212653 0.910456 1.4291e-38 3
0.471908 0.211424 0.905193 1.41992e-38 3
0.486534 0.211424 0.905193 1.40137e-38 3
0.513021 0.216428 0.926618 1.42885e-38 3
0.531136 0.217716 0.932133 1.44718e-38 3
0.536614 0.213897 0.91578 1.56697e-38 3
0.551411 0.213897 0.91578 1.54849e-38 3
0.605134 0.228602 0.97874 1.69604e-38 3
0.620948 0.228602 0.97874 1.79745e-38 3
0.644822 0.231496 0.991129 1.5854e-38 3
0.652576 0.228602 0.97874 1.52083e-38 3
0.66839 0.228602 0.97874 1.5209e-38 3
0.675757 0.22578 0.966657 1.38275e-38 3
0.691375 0.22578 0.966657 1.29981e-38 3
0.698372 0.223027 0.954868 1.2445e-38 3
0.7138 0.223027 0.954868 1.27226e-38 3
0.675669 0.206646 0.884737 1.22624e-38 3
0.689965 0.206646 0.884737 1.13397e-38 3
0.741988 0.217716 0.932133 1.25372e-38 3
0.757049 0.217716 0.932133 1.17992e-38 3
0.701159 0.19771 0.846478 1.15205e-38 3
0.699707 0.193526 0.828563 1.19822e-38 3
0.698315 0.189515 0.811391 1.10613e-38 3
0.707758 0.188538 0.807208 1.21684e-38 3
1.31723 0.332512 1.42362 1.0143e-38 3
1.22973 0.294971 1.26289 9.03733e-39 3
0.861204 0.203202 0.869991 9.6827e-39 3
0.783815 0.181972 0.779097 7.83807e-39 3
0.796403 0.181972 0.779097 9.03661e-39 3
1.08405 0.243842 1.04399 8.57563e-39 3
1.16294 0.25758 1.10281 8.11465e-39 3
1.21498 0.265046 1.13477 9.49759e-39 3
1.25146 0.268944 1.15146 9.3132e-39 3
-0.859876 0.238455 0.954868 7.74515e-39 3
-0.814644 0.230039 0.921167 8.66639e-39 3
-0.839254 0.241399 0.966657 8.11321e-39 3
-0.833931 0.244416 0.97874 8.66639e-39 3
-0.818117 0.244416 0.97874 8.85041e-39 3
-0.812459 0.24751 0.991129 8.94261e-39 3
-0.796445 0.24751 0.991129 1.01412e-38 3
-0.811237 0.25728 1.03025 9.95677e-39 3
-0.794591 0.25728 1.03025 9.77238e-39 3
-0.777945 0.25728 1.03025 9.03517e-39 3
-0.674738 0.238455 0.954868 1.01401e-38 3
-0.651366 0.235582 0.943364 1.04167e-38 3
-0.606877 0.224751 0.899991 1.04167e-38 3
-0.595759 0.22605 0.905193 1.07854e-38 3
-0.581133 0.22605 0.905193 1.1062e-38 3
-0.566508 0.22605 0.905193 1.11542e-38 3
-0.551882 0.22605 0.905193 1.1984e-38 3
-0.546738 0.230039 0.921167 1.31807e-38 3
-0.535001 0.2314 0.926618 1.25357e-38 3
-0.520029 0.2314 0.926618 1.23499e-38 3
-0.502087 0.230039 0.921167 1.2257e-38 3
-0.478754 0.22605 0.905193 1.29945e-38 3
-0.456217 0.222197 0.889764 1.26261e-38 3
-0.441841 0.222197 0.889764 1.42846e-38 3
-0.415656 0.216058 0.865185 1.37307e-38 3
-0.397287 0.213697 0.855729 1.43768e-38 3
-0.381377 0.212536 0.851078 1.49299e-38 3
-0.371666 0.214871 0.860431 1.64029e-38 3
-0.39703 0.238455 0.954868 1.64933e-38 3
-0.381602 0.238455 0.954868 1.63089e-38 3
-0.372997 0.242898 0.972661 1.55735e-38 3
-0.355076 0.241399 0.966657 1.70479e-38 3
-0.339457 0.241399 0.966657 1.73256e-38 3
-0.338463 0.252301 1.01031 1.50221e-38 3
-0.324231 0.253939 1.01687 1.5576e-38 3
-0.303855 0.250683 1.00384 1.5115e-38 3
-0.283994 0.24751 0.991129 1.62217e-38 3
-0.262987 0.242898 0.972661 1.66824e-38 3
-0.247271 0.242898 0.972661 1.80639e-38 3
-0.218014 0.228694 0.91578 1.94464e-38 3
-0.196329 0.220941 0.884737 2.01811e-38 3
-0.174162 0.211387 0.846478 2.1102e-38 3
-0.158769 0.209126 0.837425 2.04566e-38 3
-0.145238 0.209126 0.837425 1.93488e-38 3
-0.131708 0.209126 0.837425 1.85187e-38 3
-0.118177 0.209126 0.837425 1.80574e-38 3
-0.104646 0.209126 0.837425 1.89811e-38 3
-0.0911158 0.209126 0.837425 1.94421e-38 3
-0.0810526 0.218473 0.874851 1.96254e-38 3
-0.0676734 0.220941 0.884737 1.81503e-38 3
-0.0555763 0.230039 0.921167 1.70439e-38 3
-0.0404547 0.228694 0.91578 2.10988e-38 3
-0.0261162 0.232777 0.932133 2.03608e-38 3
-0.0111885 0.235582 0.943364 2.07325e-38 3
0.00402951 0.234171 0.937715 1.93521e-38 3
0.0187319 0.228694 0.91578 1.62192e-38 3
0.0327622 0.223466 0.894848 1.40083e-38 3
0.0464247 0.2197 0.879766 1.31786e-38 3
0.0606395 0.2197 0.879766 1.46523e-38 3
0.0740225 0.217259 0.869991 1.39151e-38 3
0.0875927 0.216058 0.865185 1.48377e-38 3
0.0993757 0.211387 0.846478 1.6037e-38 3
0.129103 0.241399 0.966657 1.48392e-38 3
0.144722 0.241399 0.966657 1.46544e-38 3
0.160341 0.241399 0.966657 1.65905e-38 3
0.209599 0.287548 1.15146 1.42864e-38 3
0.228203 0.287548 1.15146 1.51176e-38 3
0.248636 0.289678 1.15999 1.6409e-38 3
0.271399 0.294035 1.17743 1.50275e-38 3
0.286121 0.289678 1.15999 1.65948e-38 3
0.263824 0.250683 1.00384 1.56722e-38 3
0.256981 0.230039 0.921167 1.50282e-38 3
0.271865 0.230039 0.921167 1.44758e-38 3
0.240134 0.192643 0.771421 1.53055e-38 3
0.250134 0.190764 0.763895 1.57654e-38 3
0.261202 0.189838 0.760186 1.66874e-38 3
0.273485 0.189838 0.760186 1.54874e-38 3
0.33072 0.2197 0.879766 1.6686e-38 3
0.352864 0.224751 0.899991 1.69615e-38 3
0.369529 0.22605 0.905193 1.60395e-38 3
0.386388 0.227364 0.910456 1.45651e-38 3
0.401099 0.227364 0.910456 1.63168e-38 3
0.418241 0.228694 0.91578 1.429e-38 3
0.440771 0.232777 0.932133 1.29081e-38 3
0.453134 0.2314 0.926618 1.41988e-38 3
0.432295 0.213697 0.855729 1.48438e-38 3
0.448572 0.214871 0.860431 1.47517e-38 3
0.467613 0.217259 0.869991 1.41048e-38 3
0.489834 0.220941 0.884737 1.48406e-38 3
0.515785 0.22605 0.905193 1.60384e-38 3
0.524349 0.223466 0.894848 1.53002e-38 3
0.538807 0.223466 0.894848 1.53002e-38 3
0.553266 0.223466 0.894848 1.55775e-38 3
0.605803 0.238455 0.954868 1.48406e-38 3
0.621231 0.238455 0.954868 1.54849e-38 3
0.628989 0.235582 0.943364 1.61303e-38 3
0.636562 0.232777 0.932133 1.5854e-38 3
0.651623 0.232777 0.932133 1.56704e-38 3
0.65884 0.230039 0.921167 1.37357e-38 3
0.673724 0.230039 0.921167 1.31836e-38 3
0.6806 0.227364 0.910456 1.36446e-38 3
0.646451 0.211387 0.846478 1.3368e-38 3
0.710022 0.227364 0.910456 1.30914e-38 3
0.663053 0.208014 0.83297 1.27226e-38 3
0.680129 0.209126 0.837425 1.29052e-38 3
0.69366 0.209126 0.837425 1.29963e-38 3
0.671292 0.198511 0.794916 1.32729e-38 3
0.680681 0.197508 0.790901 1.18911e-38 3
0.689975 0.196516 0.786927 1.09709e-38 3
0.685467 0.191699 0.767639 1.12479e-38 3
0.69787 0.191699 0.767639 1.005e-38 3
0.710273 0.191699 0.767639 9.49759e-39 3
0.708779 0.188012 0.752877 1.01437e-38 3
0.720943 0.188012 0.752877 9.86709e-39 3
0.754883 0.193597 0.77524 9.03733e-39 3
0.767409 0.193597 0.77524 8.29905e-39 3
0.768521 0.190764 0.763895 9.221e-39 3
0.780864 0.190764 0.763895 8.57456e-39 3
1.00375 0.241399 0.966657 8.94442e-39 3
1.04517 0.24751 0.991129 8.48344e-39 3
1.21498 0.283381 1.13477 8.39124e-39 3
1.25146 0.287548 1.15146 8.48344e-39 3
-0.829527 0.244922 0.921167 8.20541e-39 3
-0.75266 0.226287 0.851078 8.29689e-39 3
-0.79976 0.244922 0.921167 9.40251e-39 3
-0.813591 0.253883 0.954868 8.38764e-39 3
-0.818117 0.26023 0.97874 9.30995e-39 3
-0.812459 0.263524 0.991129 1.04163e-38 3
-0.796445 0.263524 0.991129 1.02319e-38 3
-0.61654 0.208184 0.782992 1.04167e-38 3
-0.603889 0.208184 0.782992 8.48128e-39 3
-0.579645 0.204102 0.767639 9.40252e-39 3
-0.567242 0.204102 0.767639 1.01394e-38 3
-0.554839 0.204102 0.767639 1.1245e-38 3
-0.601397 0.226287 0.851078 1.10599e-38 3
-0.594103 0.228774 0.860431 1.21662e-38 3
-0.580201 0.228774 0.860431 1.15209e-38 3
-0.569427 0.230038 0.865185 1.11521e-38 3
-0.564809 0.233915 0.879766 1.22584e-38 3
-0.556851 0.236573 0.889764 1.22588e-38 3
-0.542475 0.236573 0.889764 1.20744e-38 3
-0.54354 0.24349 0.91578 1.29953e-38 3
-0.531854 0.244922 0.921167 1.15198e-38 3
-0.520029 0.246372 0.926618 1.19797e-38 3
-0.496248 0.242074 0.910456 1.24392e-38 3
-0.473283 0.237925 0.894848 1.33612e-38 3
-0.451091 0.233915 0.879766 1.26243e-38 3
-0.434436 0.232608 0.874851 1.50207e-38 3
-0.411114 0.227524 0.855729 1.59412e-38 3
-0.392992 0.225064 0.846478 1.631e-38 3
-0.381377 0.226287 0.851078 1.77851e-38 3
-0.365639 0.225064 0.846478 1.7783e-38 3
-0.351962 0.225064 0.846478 1.85198e-38 3
-0.365981 0.24349 0.91578 1.70457e-38 3
-0.351184 0.24349 0.91578 1.69554e-38 3
-0.34652 0.250824 0.943364 1.63096e-38 3
-0.331277 0.250824 0.943364 1.56657e-38 3
-0.323838 0.257017 0.966657 1.49296e-38 3
-0.304461 0.253883 0.954868 1.57593e-38 3
-0.292601 0.257017 0.966657 1.72341e-38 3
-0.270308 0.250824 0.943364 1.751e-38 3
-0.261364 0.257017 0.966657 1.85227e-38 3
-0.224919 0.235236 0.884737 1.83376e-38 3
-0.189241 0.211354 0.794916 1.72301e-38 3
-0.181938 0.217994 0.819887 1.85209e-38 3
-0.172299 0.222657 0.837425 1.80588e-38 3
-0.152255 0.213522 0.803069 1.82421e-38 3
-0.13928 0.213522 0.803069 1.9992e-38 3
-0.127613 0.215735 0.811391 2.0914e-38 3
-0.112751 0.212433 0.798972 1.95314e-38 3
-0.0998412 0.212433 0.798972 1.77815e-38 3
-0.0878281 0.214623 0.807208 1.85198e-38 3
-0.0775851 0.222657 0.837425 1.80581e-38 3
-0.0643989 0.223854 0.841927 1.82407e-38 3
-0.052782 0.232608 0.874851 1.94389e-38 3
-0.0380096 0.228774 0.860431 2.15594e-38 3
-0.0243751 0.231316 0.869991 2.13753e-38 3
-0.0107982 0.242074 0.910456 2.15633e-38 3
0.00391237 0.242074 0.910456 1.70493e-38 3
0.0175036 0.227524 0.855729 1.70519e-38 3
0.0304967 0.221472 0.83297 1.69611e-38 3
0.0439553 0.221472 0.83297 1.57629e-38 3
0.0589827 0.227524 0.855729 1.73281e-38 3
0.0716347 0.223854 0.841927 2.17528e-38 3
0.0847822 0.222657 0.837425 1.88954e-38 3
0.0957526 0.216858 0.815617 1.73285e-38 3
0.108366 0.215735 0.811391 1.85274e-38 3
0.12085 0.214623 0.807208 1.75143e-38 3
0.132526 0.212433 0.798972 1.73299e-38 3
0.143967 0.210287 0.790901 1.69618e-38 3
0.159157 0.213522 0.803069 1.63183e-38 3
0.21796 0.270369 1.01687 1.72413e-38 3
0.23439 0.270369 1.01687 1.82565e-38 3
0.197073 0.212433 0.798972 1.66892e-38 3
0.207861 0.210287 0.790901 1.65041e-38 3
0.218434 0.208184 0.782992 1.56754e-38 3
0.229935 0.207148 0.779097 1.55839e-38 3
0.236637 0.20212 0.760186 1.65963e-38 3
0.247717 0.201144 0.756514 1.47524e-38 3
0.258691 0.200177 0.752877 1.56743e-38 3
0.270855 0.200177 0.752877 1.6319e-38 3
0.288569 0.204102 0.767639 1.51201e-38 3
0.337353 0.228774 0.860431 1.55814e-38 3
0.355159 0.231316 0.869991 1.55811e-38 3
0.371278 0.232608 0.874851 1.68718e-38 3
0.359318 0.216858 0.815617 1.43825e-38 3
0.372496 0.216858 0.815617 1.54896e-38 3
0.385674 0.216858 0.815617 1.44765e-38 3
0.416194 0.226287 0.851078 1.43843e-38 3
0.429945 0.226287 0.851078 1.45673e-38 3
0.448572 0.228774 0.860431 1.49353e-38 3
0.457448 0.226287 0.851078 1.47495e-38 3
0.461173 0.221472 0.83297 1.56697e-38 3
0.474632 0.221472 0.83297 1.50228e-38 3
0.488091 0.221472 0.83297 1.3825e-38 3
0.512452 0.226287 0.851078 1.45626e-38 3
0.537897 0.231316 0.869991 1.42871e-38 3
0.551954 0.231316 0.869991 1.44726e-38 3
0.566011 0.231316 0.869991 1.4196e-38 3
0.580068 0.231316 0.869991 1.5025e-38 3
0.581209 0.226287 0.851078 1.40109e-38 3
0.588562 0.223854 0.841927 1.52101e-38 3
0.589489 0.219141 0.824202 1.39208e-38 3
0.602805 0.219141 0.824202 1.28148e-38 3
0.616122 0.219141 0.824202 1.3368e-38 3
0.592047 0.206123 0.77524 1.44733e-38 3
0.649594 0.221472 0.83297 1.34602e-38 3
0.63599 0.212433 0.798972 1.37371e-38 3
0.635921 0.208184 0.782992 1.29981e-38 3
0.648572 0.208184 0.782992 1.29052e-38 3
0.654676 0.206123 0.77524 1.36424e-38 3
0.663916 0.205107 0.771421 1.37357e-38 3
0.669781 0.203106 0.763895 1.31833e-38 3
0.678812 0.20212 0.760186 1.11564e-38 3
0.687756 0.201144 0.756514 1.07883e-38 3
0.693281 0.199219 0.749275 1.17103e-38 3
0.695406 0.1964 0.738672 1.00508e-38 3
0.70402 0.195478 0.735204 9.03661e-39 3
0.719276 0.1964 0.738672 9.77418e-39 3
0.731211 0.1964 0.738672 1.00508e-38 3
0.732776 0.19366 0.728365 9.49651e-39 3
0.748024 0.194565 0.731768 1.04185e-38 3
0.759847 0.194565 0.731768 8.29905e-39 3
0.971397 0.244922 0.921167 7.37709e-39 3
1.11779 0.277579 1.04399 7.37709e-39 3
1.0772 0.263524 0.991129 8.11466e-39 3
-0.766411 0.240038 0.851078 7.83519e-39 3
-0.744567 0.237457 0.841927 8.66495e-39 3
-0.738909 0.240038 0.851078 1.00468e-38 3
-0.725158 0.240038 0.851078 1.05074e-38 3
-0.654494 0.220835 0.782992 1.06907e-38 3
-0.610436 0.218649 0.77524 1.00464e-38 3
-0.59791 0.218649 0.77524 1.00468e-38 3
-0.585384 0.218649 0.77524 1.17978e-38 3
-0.581495 0.221945 0.786927 1.11517e-38 3
-0.56878 0.221945 0.786927 1.12436e-38 3
-0.582405 0.232458 0.824202 1.28098e-38 3
-0.575142 0.234931 0.83297 1.31789e-38 3
-0.567723 0.237457 0.841927 1.29945e-38 3
-0.55412 0.237457 0.841927 1.41927e-38 3
-0.552396 0.242676 0.860431 1.19811e-38 3
-0.547519 0.246743 0.874851 1.22577e-38 3
-0.533383 0.246743 0.874851 1.17045e-38 3
-0.537257 0.255301 0.905193 1.18875e-38 3
-0.52567 0.256785 0.910456 1.28098e-38 3
-0.513947 0.258287 0.91578 1.38225e-38 3
-0.487741 0.252383 0.894848 1.42813e-38 3
-0.465306 0.248129 0.879766 1.37285e-38 3
-0.443615 0.244017 0.865185 1.46512e-38 3
-0.427275 0.242676 0.860431 1.55731e-38 3
-0.40232 0.236187 0.837425 1.52948e-38 3
-0.388789 0.236187 0.837425 1.64933e-38 3
-0.375259 0.236187 0.837425 1.60327e-38 3
-0.359804 0.234931 0.83297 1.78744e-38 3
-0.335634 0.227665 0.807208 1.62138e-38 3
-0.322591 0.227665 0.807208 1.57547e-38 3
-0.30639 0.225342 0.798972 1.5849e-38 3
-0.344445 0.264473 0.937715 1.49278e-38 3
-0.329294 0.264473 0.937715 1.52966e-38 3
-0.316035 0.266066 0.943364 1.69564e-38 3
-0.298991 0.264473 0.937715 1.70483e-38 3
-0.292601 0.272636 0.966657 1.89829e-38 3
-0.199721 0.208335 0.738672 1.96258e-38 3
-0.187786 0.208335 0.738672 1.90722e-38 3
-0.178375 0.211326 0.749275 1.50164e-38 3
-0.167875 0.213367 0.756514 1.74127e-38 3
-0.158719 0.217572 0.771421 1.71358e-38 3
-0.146979 0.218649 0.77524 2.05456e-38 3
-0.13648 0.221945 0.786927 2.06374e-38 3
-0.125022 0.224198 0.794916 2.08218e-38 3
-0.111612 0.223066 0.790901 2.07296e-38 3
-0.0988327 0.223066 0.790901 2.03623e-38 3
-0.0869319 0.225342 0.798972 1.95329e-38 3
-0.0755647 0.230037 0.815617 1.95329e-38 3
-0.0620632 0.228845 0.811391 1.80559e-38 3
-0.0482039 0.225342 0.798972 2.03608e-38 3
-0.0345887 0.220835 0.782992 2.07293e-38 3
-0.0219376 0.220835 0.782992 1.93485e-38 3
-0.00914925 0.217572 0.771421 1.61249e-38 3
0.00326664 0.214403 0.760186 1.59452e-38 3
0.0157791 0.217572 0.771421 1.74224e-38 3
0.0298613 0.230037 0.815617 1.75157e-38 3
0.0430396 0.230037 0.815617 1.54863e-38 3
0.0565122 0.231241 0.819887 1.91702e-38 3
0.0697594 0.231241 0.819887 2.11063e-38 3
0.0825744 0.230037 0.815617 1.80657e-38 3
0.0937985 0.225342 0.798972 1.85277e-38 3
0.106708 0.225342 0.798972 1.77905e-38 3
0.118409 0.223066 0.790901 1.52097e-38 3
0.130529 0.221945 0.786927 1.56718e-38 3
0.143243 0.221945 0.786927 1.5764e-38 3
0.156746 0.223066 0.790901 1.78845e-38 3
0.169525 0.223066 0.790901 1.54892e-38 3
0.182303 0.223066 0.790901 1.56751e-38 3
0.193132 0.220835 0.782992 1.59509e-38 3
0.204759 0.219737 0.779097 1.54892e-38 3
0.215206 0.217572 0.771421 1.63197e-38 3
0.225449 0.215449 0.763895 1.51212e-38 3
0.231029 0.209322 0.742173 1.54899e-38 3
0.240739 0.207357 0.735204 1.56743e-38 3
0.252618 0.207357 0.735204 1.56754e-38 3
0.265745 0.208335 0.738672 1.58587e-38 3
0.276376 0.207357 0.735204 1.59509e-38 3
0.290987 0.209322 0.742173 1.42918e-38 3
0.326166 0.225342 0.798972 1.3924e-38 3
0.342571 0.227665 0.807208 1.45687e-38 3
0.336532 0.215449 0.763895 1.40155e-38 3
0.348874 0.215449 0.763895 1.48453e-38 3
0.356007 0.212342 0.752877 1.58591e-38 3
0.368172 0.212342 0.752877 1.44765e-38 3
0.384029 0.214403 0.760186 1.4936e-38 3
0.420825 0.227665 0.807208 1.41056e-38 3
0.433868 0.227665 0.807208 1.50261e-38 3
0.395893 0.201676 0.715061 1.47473e-38 3
0.407447 0.201676 0.715061 1.61292e-38 3
0.420922 0.202601 0.718341 1.58523e-38 3
0.481078 0.225342 0.798972 1.44704e-38 3
0.504278 0.230037 0.815617 1.39183e-38 3
0.517457 0.230037 0.815617 1.46577e-38 3
0.530635 0.230037 0.815617 1.31833e-38 3
0.543813 0.230037 0.815617 1.2445e-38 3
0.556992 0.230037 0.815617 1.20762e-38 3
0.547363 0.220835 0.782992 1.13397e-38 3
0.554469 0.218649 0.77524 1.1801e-38 3
0.566995 0.218649 0.77524 1.18003e-38 3
0.579521 0.218649 0.77524 1.21695e-38 3
0.592047 0.218649 0.77524 1.29981e-38 3
0.616786 0.223066 0.790901 1.29059e-38 3
0.62327 0.220835 0.782992 1.20762e-38 3
0.635921 0.220835 0.782992 1.25372e-38 3
0.648572 0.220835 0.782992 1.1984e-38 3
0.654676 0.218649 0.77524 1.16145e-38 3
0.654247 0.214403 0.760186 1.25372e-38 3
0.660121 0.212342 0.752877 1.09713e-38 3
0.669068 0.211326 0.749275 1.06951e-38 3
0.668383 0.207357 0.735204 1.14333e-38 3
0.673934 0.205428 0.728365 1.06039e-38 3
0.685702 0.205428 0.728365 1.0143e-38 3
0.694242 0.204477 0.724993 1.04185e-38 3
0.705956 0.204477 0.724993 1.04195e-38 3
0.714362 0.203535 0.721652 1.03274e-38 3
0.726022 0.203535 0.721652 8.39017e-39 3
0.737682 0.203535 0.721652 8.57456e-39 3
0.749343 0.203535 0.721652 8.94369e-39 3
0.897487 0.240038 0.851078 8.94442e-39 3
0.963608 0.253834 0.899991 7.56148e-39 3
0.978149 0.253834 0.899991 7.74587e-39 3
-0.734477 0.243215 0.815617 9.40071e-39 3
-0.708121 0.243215 0.815617 9.2156e-39 3
-0.650873 0.227792 0.763895 9.86133e-39 3
-0.592827 0.224506 0.752877 9.95281e-39 3
-0.567032 0.219236 0.735204 1.03209e-38 3
-0.555153 0.219236 0.735204 1.09666e-38 3
-0.581495 0.23466 0.786927 1.12421e-38 3
-0.56878 0.23466 0.786927 1.16109e-38 3
-0.576338 0.243215 0.815617 1.31782e-38 3
-0.56316 0.243215 0.815617 1.29938e-38 3
-0.549982 0.243215 0.815617 1.24403e-38 3
-0.536804 0.243215 0.815617 1.25321e-38 3
-0.546392 0.253789 0.851078 1.22563e-38 3
-0.541469 0.257996 0.865185 1.24406e-38 3
-0.52749 0.257996 0.865185 1.29009e-38 3
-0.534169 0.268375 0.899991 1.30849e-38 3
-0.522631 0.269926 0.905193 1.30849e-38 3
-0.5022 0.266842 0.894848 1.37282e-38 3
-0.476842 0.260879 0.874851 1.51089e-38 3
-0.457594 0.257996 0.865185 1.55706e-38 3
-0.438767 0.255176 0.855729 1.70472e-38 3
-0.392748 0.235845 0.790901 1.61249e-38 3
-0.376169 0.233486 0.782992 1.59401e-38 3
-0.363518 0.233486 0.782992 1.61245e-38 3
-0.369334 0.245775 0.824202 1.6216e-38 3
-0.334867 0.231175 0.77524 1.61231e-38 3
-0.322341 0.231175 0.77524 1.70443e-38 3
-0.2884 0.215195 0.721652 1.769e-38 3
-0.276739 0.215195 0.721652 1.6216e-38 3
-0.265079 0.215195 0.721652 1.64007e-38 3
-0.251105 0.21323 0.715061 1.66773e-38 3
-0.238463 0.21226 0.711811 1.72298e-38 3
-0.215461 0.21226 0.711811 1.85202e-38 3
-0.204891 0.21323 0.715061 2.03626e-38 3
-0.195119 0.215195 0.721652 2.03612e-38 3
-0.183459 0.215195 0.721652 1.89783e-38 3
-0.174208 0.218212 0.731768 1.88871e-38 3
-0.163147 0.219236 0.735204 1.80577e-38 3
-0.154904 0.224506 0.752877 1.86091e-38 3
-0.145538 0.228908 0.767639 2.02676e-38 3
-0.134453 0.231175 0.77524 2.0453e-38 3
-0.123147 0.233486 0.782992 2.15594e-38 3
-0.110495 0.233486 0.782992 2.08218e-38 3
-0.0978444 0.233486 0.782992 1.87949e-38 3
-0.0856213 0.23466 0.786927 1.87024e-38 3
-0.0740226 0.238251 0.798972 1.77797e-38 3
-0.0611133 0.238251 0.798972 1.89783e-38 3
-0.0482039 0.238251 0.798972 1.86098e-38 3
-0.0332584 0.224506 0.752877 1.7412e-38 3
-0.0214025 0.227792 0.763895 1.83358e-38 3
-0.00888659 0.223432 0.749275 1.88911e-38 3
0.00315929 0.219236 0.735204 1.91716e-38 3
0.014968 0.218212 0.731768 1.63168e-38 3
0.0271724 0.221314 0.742173 1.5119e-38 3
0.0419472 0.237042 0.794916 1.81582e-38 3
0.055353 0.239473 0.803069 1.78773e-38 3
0.0672932 0.235845 0.790901 1.67724e-38 3
0.0800721 0.235845 0.790901 1.74203e-38 3
0.092851 0.235845 0.790901 1.69615e-38 3
0.10563 0.235845 0.790901 1.80689e-38 3
0.118409 0.235845 0.790901 1.6225e-38 3
0.130529 0.23466 0.786927 1.58569e-38 3
0.143243 0.23466 0.786927 1.48435e-38 3
0.156746 0.235845 0.790901 1.55814e-38 3
0.169525 0.235845 0.790901 1.57662e-38 3
0.182303 0.235845 0.790901 1.63197e-38 3
0.191219 0.231175 0.77524 1.80711e-38 3
0.203745 0.231175 0.77524 1.78859e-38 3
0.213106 0.227792 0.763895 1.72406e-38 3
0.22327 0.225591 0.756514 1.7425e-38 3
0.22886 0.219236 0.735204 1.65952e-38 3
0.239614 0.218212 0.731768 1.51204e-38 3
0.249109 0.216191 0.724993 1.5029e-38 3
0.260823 0.216191 0.724993 1.60431e-38 3
0.271282 0.215195 0.721652 1.56736e-38 3
0.27782 0.2113 0.70859 1.59506e-38 3
0.30155 0.22027 0.738672 1.60442e-38 3
0.31647 0.222368 0.745707 1.60438e-38 3
0.326962 0.221314 0.742173 1.42003e-38 3
0.338954 0.221314 0.742173 1.47538e-38 3
0.34765 0.219236 0.735204 1.61364e-38 3
0.359529 0.219236 0.735204 1.52123e-38 3
0.364562 0.215195 0.721652 1.4935e-38 3
0.374496 0.214208 0.718341 1.48421e-38 3
0.386103 0.214208 0.718341 1.52108e-38 3
0.385336 0.207543 0.695993 1.6315e-38 3
0.400138 0.209405 0.702235 1.68668e-38 3
0.420922 0.214208 0.718341 1.54845e-38 3
0.434522 0.215195 0.721652 1.567e-38 3
0.448248 0.216191 0.724993 1.41048e-38 3
0.487018 0.228908 0.767639 1.45662e-38 3
0.499421 0.228908 0.767639 1.30918e-38 3
0.478955 0.214208 0.718341 1.2907e-38 3
0.509249 0.222368 0.745707 1.20762e-38 3
0.506818 0.216191 0.724993 1.23535e-38 3
0.518532 0.216191 0.724993 1.23542e-38 3
0.530246 0.216191 0.724993 1.19854e-38 3
0.552185 0.22027 0.738672 1.09709e-38 3
0.566794 0.221314 0.742173 1.1984e-38 3
0.598646 0.228908 0.767639 1.26286e-38 3
0.614059 0.230036 0.771421 1.22599e-38 3
0.632757 0.232325 0.779097 1.14308e-38 3
0.645345 0.232325 0.779097 1.18914e-38 3
0.654676 0.231175 0.77524 1.20755e-38 3
0.654247 0.226686 0.760186 1.20762e-38 3
0.660121 0.224506 0.752877 1.16163e-38 3
0.669068 0.223432 0.749275 1.13401e-38 3
0.668383 0.219236 0.735204 1.02344e-38 3
0.673934 0.217197 0.728365 1.0143e-38 3
0.685702 0.217197 0.728365 1.00508e-38 3
0.694242 0.216191 0.724993 9.77454e-39 3
0.69312 0.21226 0.711811 9.49759e-39 3
0.714362 0.215195 0.721652 9.4054e-39 3
0.726022 0.215195 0.721652 9.03661e-39 3
0.737682 0.215195 0.721652 9.03661e-39 3
0.855828 0.245775 0.824202 9.77382e-39 3
0.887836 0.251061 0.841927 9.95857e-39 3
0.911238 0.253789 0.851078 8.94442e-39 3
-0.708121 0.256393 0.815617 9.86061e-39 3
-0.567032 0.231115 0.735204 1.20708e-38 3
-0.54492 0.226855 0.721652 1.14254e-38 3
-0.590395 0.251161 0.798972 1.18864e-38 3
-0.583439 0.25375 0.807208 1.25318e-38 3
-0.570397 0.25375 0.807208 1.17942e-38 3
-0.56316 0.256393 0.815617 1.1702e-38 3
-0.538758 0.251161 0.798972 1.18857e-38 3
-0.520537 0.248624 0.790901 1.26236e-38 3
-0.495252 0.2425 0.771421 1.30849e-38 3
-0.466695 0.234417 0.745707 1.21626e-38 3
-0.461235 0.237814 0.756514 1.13325e-38 3
-0.434324 0.230035 0.731768 1.10552e-38 3
-0.438909 0.238968 0.760186 1.43735e-38 3
-0.426626 0.238968 0.760186 1.54781e-38 3
-0.414343 0.238968 0.760186 1.55699e-38 3
-0.390682 0.232205 0.738672 1.63997e-38 3
-0.361686 0.221745 0.705398 1.5755e-38 3
-0.338105 0.214033 0.680863 1.64011e-38 3
-0.331427 0.216861 0.689861 1.59401e-38 3
-0.32028 0.216861 0.689861 1.66777e-38 3
-0.317527 0.222749 0.70859 1.7139e-38 3
-0.306078 0.222749 0.70859 1.77826e-38 3
-0.298683 0.225814 0.718341 1.75975e-38 3
-0.2884 0.226855 0.721652 1.71372e-38 3
-0.276739 0.226855 0.721652 1.70458e-38 3
-0.265079 0.226855 0.721652 1.75982e-38 3
-0.252257 0.225814 0.718341 1.7044e-38 3
-0.238463 0.223761 0.711811 1.75046e-38 3
-0.226962 0.223761 0.711811 1.73202e-38 3
-0.215461 0.223761 0.711811 1.88868e-38 3
-0.204891 0.224783 0.715061 1.96233e-38 3
-0.195119 0.226855 0.721652 2.23888e-38 3
-0.183459 0.226855 0.721652 2.19278e-38 3
-0.174208 0.230035 0.731768 2.03605e-38 3
-0.163147 0.231115 0.735204 2.00832e-38 3
-0.153429 0.234417 0.745707 2.06363e-38 3
-0.143429 0.237814 0.756514 2.13739e-38 3
-0.132486 0.240134 0.763895 2.08215e-38 3
-0.121927 0.2437 0.77524 1.96236e-38 3
-0.108863 0.2425 0.771421 1.87949e-38 3
-0.0954579 0.240134 0.763895 1.98091e-38 3
-0.0851932 0.246137 0.782992 1.77797e-38 3
-0.0732749 0.248624 0.790901 1.84251e-38 3
-0.0601919 0.247374 0.786927 1.98095e-38 3
-0.0458639 0.238968 0.760186 1.86127e-38 3
-0.0323259 0.230035 0.731768 1.64937e-38 3
-0.0212987 0.238968 0.760186 1.97209e-38 3
-0.00880236 0.233306 0.742173 1.74156e-38 3
0.00308682 0.225814 0.718341 1.82475e-38 3
0.0146934 0.225814 0.718341 1.67756e-38 3
0.0264211 0.226855 0.721652 1.55778e-38 3
0.038615 0.230035 0.731768 1.75118e-38 3
0.0509143 0.232205 0.738672 1.99049e-38 3
0.0622619 0.230035 0.731768 1.75096e-38 3
0.077717 0.241311 0.767639 1.6315e-38 3
0.0914652 0.244913 0.779097 1.82529e-38 3
0.105099 0.247374 0.786927 1.77005e-38 3
0.117814 0.247374 0.786927 1.84388e-38 3
0.127329 0.241311 0.767639 1.65956e-38 3
0.139732 0.241311 0.767639 1.64115e-38 3
0.142365 0.225814 0.718341 1.77019e-38 3
0.142228 0.208591 0.663553 1.78867e-38 3
0.152949 0.208591 0.663553 1.82551e-38 3
0.178825 0.227905 0.724993 1.69622e-38 3
0.188791 0.225814 0.718341 1.68689e-38 3
0.200398 0.225814 0.718341 1.72377e-38 3
0.212004 0.225814 0.718341 1.55793e-38 3
0.22886 0.231115 0.735204 1.59488e-38 3
0.234143 0.224783 0.715061 1.44751e-38 3
0.245697 0.224783 0.715061 1.5213e-38 3
0.258431 0.225814 0.718341 1.51208e-38 3
0.268804 0.224783 0.715061 1.62264e-38 3
0.269291 0.21591 0.686835 1.63193e-38 3
0.281624 0.216861 0.689861 1.58584e-38 3
0.285231 0.211277 0.672096 1.48453e-38 3
0.297366 0.212187 0.674993 1.53063e-38 3
0.325087 0.223761 0.711811 1.46609e-38 3
0.330578 0.219766 0.6991 1.59498e-38 3
0.343407 0.220751 0.702235 1.6225e-38 3
0.346973 0.21591 0.686835 1.51168e-38 3
0.354957 0.214033 0.680863 1.55789e-38 3
0.364374 0.213106 0.677915 1.76079e-38 3
0.370515 0.210374 0.669224 1.36421e-38 3
0.368722 0.203419 0.647101 1.59444e-38 3
0.393824 0.211277 0.672096 1.53913e-38 3
0.436534 0.227905 0.724993 1.51165e-38 3
0.448248 0.227905 0.724993 1.38279e-38 3
0.459962 0.227905 0.724993 1.37368e-38 3
0.458928 0.221745 0.705398 1.34602e-38 3
0.470325 0.221745 0.705398 1.29059e-38 3
0.473196 0.217821 0.692913 1.84377e-38 3
0.482258 0.216861 0.689861 1.3552e-38 3
0.495588 0.217821 0.692913 1.20776e-38 3
0.515915 0.221745 0.705398 1.2723e-38 3
0.527312 0.221745 0.705398 1.29067e-38 3
0.558848 0.230035 0.731768 1.27216e-38 3
0.570672 0.230035 0.731768 1.36428e-38 3
0.58523 0.231115 0.735204 1.36428e-38 3
0.597109 0.231115 0.735204 1.19836e-38 3
0.61476 0.233306 0.742173 1.1707e-38 3
0.626752 0.233306 0.742173 1.35506e-38 3
0.621082 0.226855 0.721652 1.12464e-38 3
0.632742 0.226855 0.721652 9.77238e-39 3
0.650397 0.228965 0.728365 1.09713e-38 3
0.6591 0.227905 0.724993 9.68126e-39 3
0.664659 0.225814 0.718341 9.31248e-39 3
0.673178 0.224783 0.715061 1.00508e-38 3
0.669447 0.219766 0.6991 9.58979e-39 3
0.680743 0.219766 0.6991 9.49759e-39 3
0.701433 0.222749 0.70859 8.20685e-39 3
0.712882 0.222749 0.70859 8.29905e-39 3
0.734299 0.225814 0.718341 9.58979e-39 3
0.855828 0.259092 0.824202 9.4054e-39 3
0.897487 0.267541 0.851078 9.4054e-39 3
-0.629051 0.269571 0.815617 1.15165e-38 3
-0.590395 0.26407 0.798972 1.2624e-38 3
-0.577486 0.26407 0.798972 1.25328e-38 3
-0.564576 0.26407 0.798972 1.23485e-38 3
-0.551667 0.26407 0.798972 1.18871e-38 3
-0.527983 0.258789 0.782992 1.2163e-38 3
-0.49314 0.247645 0.749275 1.08715e-38 3
-0.465445 0.239619 0.724993 1.06868e-38 3
-0.447515 0.236337 0.715061 1.39136e-38 3
-0.43398 0.235262 0.711811 1.44661e-38 3
-0.402361 0.224059 0.677915 1.33594e-38 3
-0.412855 0.236337 0.715061 1.56625e-38 3
-0.399477 0.235262 0.711811 1.5294e-38 3
-0.387976 0.235262 0.711811 1.52018e-38 3
-0.374771 0.234198 0.70859 1.50167e-38 3
-0.35063 0.226016 0.683836 1.62153e-38 3
-0.338105 0.225034 0.680863 1.6216e-38 3
-0.331427 0.228008 0.689861 1.64004e-38 3
-0.32028 0.228008 0.689861 1.76922e-38 3
-0.311882 0.230034 0.695993 1.67702e-38 3
-0.301978 0.231061 0.6991 1.64004e-38 3
-0.294629 0.234198 0.70859 1.63075e-38 3
-0.285766 0.236337 0.715061 1.62153e-38 3
-0.270507 0.233143 0.705398 1.63089e-38 3
-0.259109 0.233143 0.705398 1.80599e-38 3
-0.248833 0.234198 0.70859 1.80585e-38 3
-0.230096 0.227008 0.686835 1.78734e-38 3
-0.219963 0.228008 0.689861 1.73198e-38 3
-0.210673 0.230034 0.695993 1.8518e-38 3
-0.202122 0.233143 0.705398 1.95322e-38 3
-0.193337 0.236337 0.715061 2.10073e-38 3
-0.181784 0.236337 0.715061 1.9624e-38 3
-0.172595 0.239619 0.724993 2.06371e-38 3
-0.161629 0.240734 0.728365 2.00832e-38 3
-0.150561 0.241858 0.731768 1.98988e-38 3
-0.14138 0.246465 0.745707 1.98066e-38 3
-0.129331 0.246465 0.745707 1.824e-38 3
-0.110943 0.233143 0.705398 1.82418e-38 3
-0.0995455 0.233143 0.705398 1.82425e-38 3
-0.0839866 0.222136 0.672096 1.944e-38 3
-0.0728147 0.221187 0.669224 1.9347e-38 3
-0.0614764 0.219312 0.663553 1.88861e-38 3
-0.0507551 0.219312 0.663553 1.66759e-38 3
-0.0398649 0.218387 0.660753 1.76e-38 3
-0.0294372 0.220246 0.666376 1.80624e-38 3
-0.0192435 0.227008 0.686835 1.77848e-38 3
-0.0085986 0.239619 0.724993 2.00871e-38 3
0.00292577 0.225034 0.680863 1.99957e-38 3
0.0139268 0.225034 0.680863 1.83401e-38 3
0.0250366 0.226016 0.683836 1.66834e-38 3
0.0359287 0.225034 0.680863 1.91709e-38 3
0.0469297 0.225034 0.680863 1.89851e-38 3
0.0569404 0.221187 0.669224 1.81571e-38 3
0.0714157 0.233143 0.705398 1.8344e-38 3
0.0835659 0.235262 0.711811 1.65938e-38 3
0.0942105 0.233143 0.705398 1.53963e-38 3
0.104665 0.231061 0.6991 1.63186e-38 3
0.110064 0.219312 0.663553 1.76101e-38 3
0.1213 0.220246 0.666376 1.77034e-38 3
0.129856 0.216559 0.655223 1.69647e-38 3
0.138702 0.213875 0.647101 1.77019e-38 3
0.149157 0.213875 0.647101 1.91763e-38 3
0.160275 0.214762 0.649786 1.87128e-38 3
0.168674 0.212122 0.641797 1.78806e-38 3
0.189942 0.225034 0.680863 1.86185e-38 3
0.206326 0.231061 0.6991 1.80671e-38 3
0.217621 0.231061 0.6991 1.58562e-38 3
0.230979 0.233143 0.705398 1.43825e-38 3
0.238087 0.229016 0.692913 1.4291e-38 3
0.247096 0.227008 0.686835 1.60428e-38 3
0.258193 0.227008 0.686835 1.38293e-38 3
0.261269 0.220246 0.666376 1.50279e-38 3
0.269741 0.218387 0.660753 1.48446e-38 3
0.274623 0.213875 0.647101 1.45676e-38 3
0.287454 0.215657 0.652493 1.44754e-38 3
0.308273 0.223094 0.674993 1.54892e-38 3
0.32056 0.224059 0.677915 1.53963e-38 3
0.332955 0.225034 0.680863 1.53027e-38 3
0.342467 0.224059 0.677915 1.55771e-38 3
0.354957 0.225034 0.680863 1.5209e-38 3
0.356654 0.219312 0.663553 1.30903e-38 3
0.361252 0.215657 0.652493 1.42882e-38 3
0.361258 0.209545 0.634002 1.57601e-38 3
0.37607 0.212122 0.641797 1.67724e-38 3
0.396182 0.217469 0.657977 1.45612e-38 3
0.419141 0.224059 0.677915 1.30885e-38 3
0.42824 0.223094 0.674993 1.44722e-38 3
0.442965 0.225034 0.680863 1.38286e-38 3
0.457948 0.227008 0.686835 1.41045e-38 3
0.466997 0.226016 0.683836 1.33662e-38 3
0.478046 0.226016 0.683836 1.36432e-38 3
0.486969 0.225034 0.680863 1.45669e-38 3
0.506783 0.229016 0.692913 1.39215e-38 3
0.513435 0.227008 0.686835 1.22613e-38 3
0.478374 0.207031 0.626394 1.26294e-38 3
0.488495 0.207031 0.626394 1.31818e-38 3
0.506723 0.210397 0.636579 1.27208e-38 3
0.517009 0.210397 0.636579 1.2168e-38 3
0.527294 0.210397 0.636579 1.15227e-38 3
0.553325 0.216559 0.655223 1.14301e-38 3
0.56867 0.218387 0.660753 1.22606e-38 3
0.579346 0.218387 0.660753 1.14315e-38 3
0.595044 0.220246 0.666376 1.00493e-38 3
0.611011 0.222136 0.672096 1.06947e-38 3
0.629982 0.225034 0.680863 1.06029e-38 3
0.640983 0.225034 0.680863 1.06951e-38 3
0.669447 0.231061 0.6991 9.68091e-39 3
0.680743 0.231061 0.6991 1.06039e-38 3
0.692039 0.231061 0.6991 9.86637e-39 3
0.684986 0.225034 0.680863 1.0143e-38 3
0.727623 0.235262 0.711811 1.00508e-38 3
0.855828 0.272409 0.824202 9.7749e-39 3
-0.590395 0.276979 0.798972 1.10574e-38 3
-0.577486 0.276979 0.798972 1.15183e-38 3
-0.564576 0.276979 0.798972 1.11514e-38 3
-0.502915 0.252502 0.728365 9.49075e-39 3
-0.491147 0.252502 0.728365 1.18864e-38 3
-0.468483 0.246763 0.711811 1.27147e-38 3
-0.452865 0.24454 0.705398 1.5204e-38 3
-0.426112 0.236035 0.680863 1.50189e-38 3
-0.415111 0.236035 0.680863 1.49267e-38 3
-0.398907 0.232995 0.672096 1.52026e-38 3
-0.391408 0.235013 0.677915 1.50189e-38 3
-0.380454 0.235013 0.677915 1.52026e-38 3
-0.381048 0.242357 0.6991 1.47405e-38 3
-0.364866 0.239154 0.689861 1.48323e-38 3
-0.349106 0.236035 0.680863 1.55699e-38 3
-0.333751 0.232995 0.672096 1.67684e-38 3
-0.325688 0.235013 0.677915 1.65848e-38 3
-0.313378 0.234 0.674993 1.56639e-38 3
-0.302471 0.234 0.674993 1.58483e-38 3
-0.292827 0.235013 0.677915 1.60316e-38 3
-0.2831 0.236035 0.680863 1.60312e-38 3
-0.273287 0.237065 0.683836 1.63096e-38 3
-0.258847 0.234 0.674993 1.61238e-38 3
-0.247941 0.234 0.674993 1.67684e-38 3
-0.239096 0.236035 0.680863 1.63068e-38 3
-0.227107 0.235013 0.677915 1.7228e-38 3
-0.217094 0.236035 0.680863 1.75057e-38 3
-0.207901 0.238105 0.686835 1.92563e-38 3
-0.199427 0.24128 0.695993 1.93474e-38 3
-0.189022 0.242357 0.6991 1.82414e-38 3
-0.178523 0.243444 0.702235 1.8057e-38 3
-0.16869 0.245647 0.70859 1.86091e-38 3
-0.157956 0.246763 0.711811 1.89775e-38 3
-0.141938 0.239154 0.689861 1.88846e-38 3
-0.126879 0.232 0.669224 1.87006e-38 3
-0.115083 0.230034 0.663553 1.89772e-38 3
-0.103485 0.228101 0.657977 1.8518e-38 3
-0.0913186 0.22433 0.647101 1.85187e-38 3
-0.0808631 0.22433 0.647101 1.83343e-38 3
-0.0701179 0.223407 0.644438 1.8701e-38 3
-0.0597054 0.223407 0.644438 1.81503e-38 3
-0.0497021 0.225261 0.649786 1.69546e-38 3
-0.0392032 0.225261 0.649786 1.80617e-38 3
-0.0289445 0.227146 0.655223 1.75078e-38 3
-0.0186703 0.231013 0.666376 1.97183e-38 3
-0.00797123 0.232995 0.672096 1.84262e-38 3
0.00282743 0.228101 0.657977 2.07311e-38 3
0.0134586 0.228101 0.657977 1.82454e-38 3
0.0243974 0.231013 0.666376 1.80649e-38 3
0.0353145 0.232 0.669224 1.90787e-38 3
0.0461275 0.232 0.669224 1.91709e-38 3
0.0566981 0.231013 0.666376 1.81589e-38 3
0.0683374 0.234 0.674993 1.91752e-38 3
0.0802817 0.237065 0.683836 1.6042e-38 3
0.0917313 0.238105 0.686835 1.64105e-38 3
0.101056 0.234 0.674993 1.85313e-38 3
0.110064 0.230034 0.663553 1.79799e-38 3
0.120786 0.230034 0.663553 1.70569e-38 3
0.129315 0.2262 0.652493 1.88997e-38 3
0.137565 0.222492 0.641797 1.85313e-38 3
0.147935 0.222492 0.641797 1.87143e-38 3
0.157017 0.220683 0.636579 1.92635e-38 3
0.166626 0.219789 0.634002 1.97216e-38 3
0.172675 0.214577 0.618966 1.99071e-38 3
0.180535 0.212062 0.611713 1.78809e-38 3
0.190419 0.212062 0.611713 1.61317e-38 3
0.20188 0.213732 0.616529 1.63183e-38 3
0.214373 0.216287 0.623898 1.4936e-38 3
0.224454 0.216287 0.623898 1.54896e-38 3
0.245284 0.2262 0.652493 1.51201e-38 3
0.249587 0.220683 0.636579 1.41059e-38 3
0.256741 0.218024 0.628909 1.57655e-38 3
0.264776 0.216287 0.623898 1.53048e-38 3
0.272684 0.214577 0.618966 1.53048e-38 3
0.282685 0.214577 0.618966 1.49357e-38 3
0.299795 0.219789 0.634002 1.5303e-38 3
0.323121 0.229063 0.660753 1.6592e-38 3
0.329625 0.2262 0.652493 1.5486e-38 3
0.340167 0.2262 0.652493 1.45637e-38 3
0.339397 0.218903 0.631445 1.51179e-38 3
0.349599 0.218903 0.631445 1.45637e-38 3
0.356923 0.217152 0.626394 1.43782e-38 3
0.365582 0.216287 0.623898 1.70494e-38 3
0.374172 0.215428 0.621422 1.57586e-38 3
0.42458 0.232 0.669224 1.56689e-38 3
0.437261 0.232995 0.672096 1.47481e-38 3
0.452001 0.235013 0.677915 1.43793e-38 3
0.462954 0.235013 0.677915 1.40116e-38 3
0.452366 0.22433 0.647101 1.5303e-38 3
0.448011 0.217152 0.626394 1.43818e-38 3
0.4527 0.214577 0.618966 1.42896e-38 3
0.453734 0.210418 0.606971 1.43818e-38 3
0.461751 0.209606 0.604627 1.38286e-38 3
0.473348 0.210418 0.606971 1.25372e-38 3
0.48693 0.212062 0.611713 1.25372e-38 3
0.498761 0.212894 0.614111 1.19833e-38 3
0.512705 0.214577 0.618966 1.26276e-38 3
0.526871 0.216287 0.623898 1.22599e-38 3
0.541264 0.218024 0.628909 1.18914e-38 3
0.558151 0.220683 0.636579 1.13393e-38 3
0.568436 0.220683 0.636579 1.15245e-38 3
0.588287 0.22433 0.647101 1.05103e-38 3
0.586622 0.219789 0.634002 1.08798e-38 3
0.596866 0.219789 0.634002 1.09716e-38 3
0.651983 0.236035 0.680863 1.04195e-38 3
0.662984 0.236035 0.680863 9.95677e-39 3
0.673985 0.236035 0.680863 9.95677e-39 3
0.620263 0.213732 0.616529 9.31212e-39 3
0.622868 0.211237 0.609332 9.21993e-39 3
-0.488627 0.234786 0.647101 9.21489e-39 3
-0.472316 0.231911 0.639177 9.76806e-39 3
-0.466907 0.239739 0.660753 1.03205e-38 3
-0.454314 0.238732 0.657977 1.17027e-38 3
-0.443683 0.238732 0.657977 1.36381e-38 3
-0.442345 0.243855 0.672096 1.42828e-38 3
-0.433345 0.244906 0.674993 1.4282e-38 3
-0.420626 0.243855 0.672096 1.52036e-38 3
-0.409767 0.243855 0.672096 1.52033e-38 3
-0.395512 0.241779 0.666376 1.48345e-38 3
-0.388048 0.243855 0.672096 1.46508e-38 3
-0.378814 0.244906 0.674993 1.46494e-38 3
-0.367908 0.244906 0.674993 1.49249e-38 3
-0.357002 0.244906 0.674993 1.56628e-38 3
-0.343138 0.242813 0.669224 1.58476e-38 3
-0.330911 0.241779 0.666376 1.59398e-38 3
-0.321512 0.242813 0.669224 1.63089e-38 3
-0.310699 0.242813 0.669224 1.54791e-38 3
-0.299886 0.242813 0.669224 1.4281e-38 3
-0.289073 0.242813 0.669224 1.4465e-38 3
-0.277076 0.241779 0.666376 1.55713e-38 3
-0.261852 0.237733 0.655223 1.52033e-38 3
-0.244116 0.230968 0.636579 1.4926e-38 3
-0.23383 0.230968 0.636579 1.55706e-38 3
-0.219092 0.226367 0.623898 1.57543e-38 3
-0.209011 0.226367 0.623898 1.62146e-38 3
-0.209797 0.238732 0.657977 1.66763e-38 3
-0.206993 0.248114 0.683836 1.73213e-38 3
-0.198545 0.251408 0.692913 1.81492e-38 3
-0.186524 0.2503 0.689861 1.7873e-38 3
-0.175377 0.2503 0.689861 1.79656e-38 3
-0.163511 0.249202 0.686835 1.76886e-38 3
-0.151748 0.248114 0.683836 1.87013e-38 3
-0.137692 0.242813 0.669224 1.84247e-38 3
-0.122685 0.234786 0.647101 1.8885e-38 3
-0.110405 0.230968 0.636579 1.76872e-38 3
-0.10094 0.232861 0.641797 1.87942e-38 3
-0.0891093 0.229106 0.631445 1.82414e-38 3
-0.0789067 0.229106 0.631445 1.68585e-38 3
-0.0684283 0.228185 0.628909 1.83322e-38 3
-0.0580337 0.227273 0.626394 1.69532e-38 3
-0.0484947 0.230033 0.634002 1.71405e-38 3
-0.0382509 0.230033 0.634002 1.66784e-38 3
-0.0281209 0.230968 0.636579 1.97187e-38 3
-0.0179816 0.232861 0.641797 2.10988e-38 3
-0.00761187 0.232861 0.641797 2.11906e-38 3
0.00274664 0.231911 0.639177 2.04545e-38 3
0.0130741 0.231911 0.639177 1.85209e-38 3
0.024294 0.240755 0.663553 1.77873e-38 3
0.0353145 0.242813 0.669224 1.82493e-38 3
0.0461275 0.242813 0.669224 1.76972e-38 3
0.0579307 0.247035 0.680863 1.6592e-38 3
0.0701517 0.251408 0.692913 1.67792e-38 3
0.0820737 0.253653 0.6991 1.54889e-38 3
0.093788 0.25479 0.702235 1.68714e-38 3
0.103282 0.2503 0.689861 1.69647e-38 3
0.111481 0.243855 0.672096 1.77945e-38 3
0.119771 0.238732 0.657977 1.65952e-38 3
0.127195 0.232861 0.641797 1.8438e-38 3
0.136447 0.230968 0.636579 1.76083e-38 3
0.146732 0.230968 0.636579 1.79749e-38 3
0.156382 0.230033 0.634002 1.87085e-38 3
0.171995 0.223694 0.616529 2.08265e-38 3
0.177758 0.218531 0.602302 1.82479e-38 3
0.187489 0.218531 0.602302 1.58544e-38 3
0.197982 0.219375 0.604627 1.5303e-38 3
0.206953 0.218531 0.602302 1.59495e-38 3
0.216684 0.218531 0.602302 1.5858e-38 3
0.252682 0.224578 0.618966 1.53952e-38 3
0.257592 0.220225 0.606971 1.64105e-38 3
0.266367 0.219375 0.604627 1.54889e-38 3
0.284806 0.218531 0.602302 1.71462e-38 3
0.294537 0.218531 0.602302 1.53005e-38 3
0.33534 0.226367 0.623898 1.41027e-38 3
0.345421 0.226367 0.623898 1.45637e-38 3
0.352691 0.224578 0.618966 1.48392e-38 3
0.359847 0.222816 0.614111 1.68646e-38 3
0.36547 0.220225 0.606971 1.84309e-38 3
0.376737 0.221082 0.609332 1.71405e-38 3
0.392694 0.224578 0.618966 1.58515e-38 3
0.409164 0.228185 0.628909 1.55757e-38 3
0.414334 0.225469 0.621422 1.52083e-38 3
0.424375 0.225469 0.621422 1.55778e-38 3
0.429304 0.222816 0.614111 1.4196e-38 3
0.439227 0.222816 0.614111 1.51186e-38 3
0.438824 0.217694 0.599994 1.49343e-38 3
0.445107 0.216039 0.595431 1.4658e-38 3
0.454728 0.216039 0.595431 1.47502e-38 3
0.464349 0.216039 0.595431 1.37357e-38 3
0.475778 0.216863 0.597704 1.41967e-38 3
0.492962 0.220225 0.606971 1.31822e-38 3
0.502769 0.220225 0.606971 1.39194e-38 3
0.518606 0.222816 0.614111 1.22606e-38 3
0.532707 0.224578 0.618966 1.3551e-38 3
0.551426 0.228185 0.628909 1.32755e-38 3
0.561588 0.228185 0.628909 1.2907e-38 3
0.571749 0.228185 0.628909 1.1801e-38 3
0.577274 0.226367 0.623898 1.1801e-38 3
0.582711 0.224578 0.618966 1.1156e-38 3
0.640699 0.238732 0.657977 1.08791e-38 3
0.673985 0.247035 0.680863 1.07869e-38 3
0.608289 0.219375 0.604627 1.02348e-38 3
0.618058 0.219375 0.604627 9.77418e-39 3
-0.578237 0.267335 0.705398 7.46353e-39 3
-0.533213 0.251476 0.663553 9.39964e-39 3
-0.515933 0.24832 0.655223 9.30636e-39 3
-0.494991 0.243231 0.641797 9.39964e-39 3
-0.478735 0.240277 0.634002 9.12341e-39 3
-0.468492 0.240277 0.634002 9.95317e-39 3
-0.450945 0.236448 0.623898 1.06904e-38 3
-0.440864 0.236448 0.623898 1.198e-38 3
-0.425696 0.233655 0.616529 1.39158e-38 3
-0.412486 0.23183 0.611713 1.38225e-38 3
-0.405773 0.233655 0.616529 1.48367e-38 3
-0.395811 0.233655 0.616529 1.47437e-38 3
-0.390462 0.236448 0.623898 1.29002e-38 3
-0.380381 0.236448 0.623898 1.28069e-38 3
-0.3703 0.236448 0.623898 1.37289e-38 3
-0.352445 0.252546 0.666376 1.5755e-38 3
-0.34023 0.251476 0.663553 1.53877e-38 3
-0.32674 0.249363 0.657977 1.52033e-38 3
-0.318787 0.251476 0.663553 1.48345e-38 3
-0.309377 0.252546 0.666376 1.48345e-38 3
-0.29861 0.252546 0.666376 1.54792e-38 3
-0.285414 0.250415 0.660753 1.50196e-38 3
-0.248344 0.235509 0.621422 1.47434e-38 3
-0.2355 0.232739 0.614111 1.49267e-38 3
-0.222954 0.230033 0.606971 1.58479e-38 3
-0.211508 0.228263 0.602302 1.63082e-38 3
-0.199474 0.225659 0.595431 1.65841e-38 3
-0.188421 0.223956 0.590937 1.67692e-38 3
-0.176871 0.221449 0.584322 1.71369e-38 3
-0.156818 0.219809 0.579994 1.81499e-38 3
-0.147995 0.220626 0.58215 1.769e-38 3
-0.144498 0.230033 0.606971 1.71365e-38 3
-0.137353 0.234579 0.618966 1.75046e-38 3
-0.12888 0.237394 0.626394 1.72273e-38 3
-0.118759 0.237394 0.626394 1.86091e-38 3
-0.108638 0.237394 0.626394 1.79638e-38 3
-0.0997139 0.240277 0.634002 1.92545e-38 3
-0.0880442 0.236448 0.623898 1.86091e-38 3
-0.0779636 0.236448 0.623898 1.83336e-38 3
-0.0678831 0.236448 0.623898 1.98077e-38 3
-0.0575731 0.235509 0.621422 1.87053e-38 3
-0.0477219 0.236448 0.623898 1.76926e-38 3
-0.0376413 0.236448 0.623898 1.81521e-38 3
-0.0275607 0.236448 0.623898 2.01775e-38 3
-0.0176916 0.239308 0.631445 2.07285e-38 3
-0.00745902 0.238347 0.628909 2.23895e-38 3
0.00270252 0.238347 0.628909 1.95347e-38 3
0.0128641 0.238347 0.628909 1.76926e-38 3
0.0240898 0.249363 0.657977 1.78802e-38 3
0.0353145 0.253626 0.669224 1.62228e-38 3
0.0465251 0.255812 0.674993 1.62243e-38 3
0.0581836 0.259163 0.683836 1.64101e-38 3
0.0701517 0.262603 0.692913 1.81633e-38 3
0.080989 0.261447 0.689861 1.65959e-38 3
0.0917313 0.2603 0.686835 1.43832e-38 3
0.102829 0.2603 0.686835 1.69647e-38 3
0.109139 0.249363 0.657977 1.82547e-38 3
0.11828 0.246259 0.649786 1.77923e-38 3
0.126676 0.242238 0.639177 1.88969e-38 3
0.135894 0.240277 0.634002 1.75129e-38 3
0.146138 0.240277 0.634002 1.98138e-38 3
0.156382 0.240277 0.634002 2.17467e-38 3
0.166626 0.240277 0.634002 2.16523e-38 3
0.17336 0.235509 0.621422 2.0547e-38 3
0.179833 0.230928 0.609332 1.70472e-38 3
0.189678 0.230928 0.609332 1.64976e-38 3
0.203482 0.235509 0.621422 1.54867e-38 3
0.252682 0.234579 0.618966 1.71452e-38 3
0.257592 0.230033 0.606971 1.79764e-38 3
0.265342 0.228263 0.602302 1.59491e-38 3
0.270906 0.224805 0.593176 1.4935e-38 3
0.278381 0.223114 0.588716 1.49335e-38 3
0.287894 0.223114 0.588716 1.61299e-38 3
0.301946 0.226521 0.597704 1.50221e-38 3
0.311604 0.226521 0.597704 1.32719e-38 3
0.321261 0.226521 0.597704 1.46555e-38 3
0.338674 0.23183 0.611713 1.62228e-38 3
0.348558 0.23183 0.611713 1.53002e-38 3
0.35429 0.229144 0.604627 1.52973e-38 3
0.35989 0.226521 0.597704 1.66791e-38 3
0.371573 0.211204 0.55729 1.62196e-38 3
0.383306 0.212718 0.561285 1.5208e-38 3
0.39664 0.21503 0.567386 1.44726e-38 3
0.413295 0.218998 0.577854 1.40123e-38 3
0.425773 0.220626 0.58215 1.41967e-38 3
0.435179 0.220626 0.58215 1.47499e-38 3
0.444585 0.220626 0.58215 1.36435e-38 3
0.457392 0.222279 0.586511 1.29981e-38 3
0.465127 0.221449 0.584322 1.35513e-38 3
0.47994 0.223956 0.590937 1.41967e-38 3
0.493211 0.225659 0.595431 1.29067e-38 3
0.502831 0.225659 0.595431 1.34591e-38 3
0.510511 0.224805 0.593176 1.22602e-38 3
0.542708 0.234579 0.618966 1.24457e-38 3
0.559341 0.237394 0.626394 1.25379e-38 3
0.567193 0.236448 0.623898 1.06018e-38 3
0.568219 0.232739 0.614111 1.06025e-38 3
0.614575 0.243231 0.641797 1.15248e-38 3
-0.532109 0.251539 0.636579 8.10926e-39 3
-0.521823 0.251539 0.636579 9.76878e-39 3
-0.509467 0.250521 0.634002 8.84646e-39 3
-0.499223 0.250521 0.634002 9.67622e-39 3
-0.487008 0.249511 0.631445 9.67623e-39 3
-0.47489 0.248508 0.628909 9.86098e-39 3
-0.46287 0.247514 0.626394 1.18889e-38 3
-0.44738 0.244579 0.618966 1.26258e-38 3
-0.432254 0.241713 0.611713 1.29016e-38 3
-0.414279 0.237083 0.599994 1.3086e-38 3
-0.40304 0.236178 0.597704 1.29927e-38 3
-0.393383 0.236178 0.597704 1.2624e-38 3
-0.385196 0.237083 0.599994 1.2531e-38 3
-0.376946 0.237995 0.602302 1.31764e-38 3
-0.365807 0.237083 0.599994 1.40055e-38 3
-0.354753 0.236178 0.597704 1.36367e-38 3
-0.345096 0.236178 0.597704 1.3637e-38 3
-0.335439 0.236178 0.597704 1.41891e-38 3
-0.333417 0.241713 0.611713 1.46487e-38 3
-0.325373 0.258906 0.655223 1.37289e-38 3
-0.314786 0.258906 0.655223 1.382e-38 3
-0.306766 0.261091 0.660753 1.49263e-38 3
-0.293612 0.258906 0.655223 1.42813e-38 3
-0.25635 0.243617 0.616529 1.41909e-38 3
-0.238865 0.236178 0.597704 1.42824e-38 3
-0.227471 0.234389 0.593176 1.4559e-38 3
-0.219551 0.236178 0.597704 1.49267e-38 3
-0.208303 0.234389 0.593176 1.48338e-38 3
-0.197969 0.233504 0.590937 1.59394e-38 3
-0.186312 0.23089 0.584322 1.63082e-38 3
-0.174913 0.228334 0.577854 1.65841e-38 3
-0.16199 0.223388 0.565337 1.7044e-38 3
-0.152855 0.223388 0.565337 1.68592e-38 3
-0.144242 0.224198 0.567386 1.65841e-38 3
-0.138589 0.230032 0.58215 1.64911e-38 3
-0.13163 0.234389 0.593176 1.92567e-38 3
-0.122977 0.236178 0.597704 1.8795e-38 3
-0.115976 0.241713 0.611713 1.86098e-38 3
-0.106508 0.242661 0.614111 1.70418e-38 3
-0.0985173 0.247514 0.626394 1.94389e-38 3
-0.0870043 0.243617 0.616529 1.63964e-38 3
-0.0758483 0.23984 0.606971 1.92549e-38 3
-0.0660413 0.23984 0.606971 1.88871e-38 3
-0.0558016 0.237995 0.602302 1.769e-38 3
-0.0464271 0.23984 0.606971 1.9073e-38 3
-0.036061 0.236178 0.597704 1.99939e-38 3
-0.0264036 0.236178 0.597704 2.12828e-38 3
-0.0174108 0.24555 0.621422 2.22044e-38 3
-0.00739959 0.246528 0.623898 1.99031e-38 3
0.0248198 0.267873 0.677915 1.68675e-38 3
0.0441194 0.204896 0.518538 1.53974e-38 3
0.052672 0.205577 0.520261 1.70576e-38 3
0.134803 0.248508 0.628909 1.95376e-38 3
0.144384 0.247514 0.626394 2.15619e-38 3
0.15389 0.246528 0.623898 2.14665e-38 3
0.178444 0.238914 0.604627 1.97187e-38 3
0.188213 0.238914 0.604627 1.76947e-38 3
0.248749 0.240773 0.609332 1.80664e-38 3
0.256598 0.238914 0.604627 1.59473e-38 3
0.270906 0.234389 0.593176 1.48424e-38 3
0.278381 0.232626 0.588716 1.5209e-38 3
0.293276 0.215605 0.545639 1.4747e-38 3
0.300002 0.214113 0.541863 1.50243e-38 3
0.311996 0.216359 0.547547 1.51158e-38 3
0.323102 0.217882 0.551403 1.64973e-38 3
0.334366 0.219428 0.555314 1.66799e-38 3
0.342125 0.218652 0.553351 1.65869e-38 3
0.351066 0.218652 0.553351 1.6126e-38 3
0.362569 0.220209 0.55729 1.51114e-38 3
0.370256 0.219428 0.555314 1.59426e-38 3
0.377888 0.218652 0.553351 1.43771e-38 3
0.388201 0.219428 0.555314 1.47484e-38 3
0.397173 0.219428 0.555314 1.52101e-38 3
0.407591 0.220209 0.55729 1.41038e-38 3
0.416595 0.220209 0.55729 1.39194e-38 3
0.428651 0.221787 0.561285 1.27208e-38 3
0.442477 0.224198 0.567386 1.35506e-38 3
0.451645 0.224198 0.567386 1.18918e-38 3
0.471052 0.22918 0.579994 1.29989e-38 3
0.487648 0.232626 0.588716 1.29989e-38 3
0.49716 0.232626 0.588716 1.29996e-38 3
0.499166 0.22918 0.579994 1.36442e-38 3
0.504798 0.227495 0.575729 1.2168e-38 3
0.512217 0.226662 0.573621 1.2629e-38 3
0.521485 0.226662 0.573621 1.12471e-38 3
0.521208 0.222585 0.563304 1.14315e-38 3
0.524648 0.220209 0.55729 1.09713e-38 3
0.614575 0.253601 0.641797 1.06947e-38 3
-0.618256 0.287539 0.6991 1.0968e-38 3
-0.581022 0.275251 0.669224 1.06915e-38 3
-0.51517 0.248683 0.604627 9.6773e-39 3
-0.521509 0.256609 0.623898 8.84682e-39 3
-0.517615 0.259713 0.631445 9.58439e-39 3
-0.503353 0.257635 0.626394 1.00457e-38 3
-0.495213 0.25867 0.628909 9.95281e-39 3
-0.485052 0.25867 0.628909 1.11514e-38 3
-0.471106 0.256609 0.623898 1.17967e-38 3
-0.457381 0.25458 0.618966 1.198e-38 3
-0.43871 0.249647 0.606971 1.23488e-38 3
-0.423973 0.246777 0.599994 1.21641e-38 3
-0.409571 0.243973 0.593176 1.21641e-38 3
-0.398477 0.243052 0.590937 1.23485e-38 3
-0.388929 0.243052 0.590937 1.22552e-38 3
-0.379381 0.243052 0.590937 1.2624e-38 3
-0.371234 0.243973 0.593176 1.29927e-38 3
-0.360285 0.243052 0.590937 1.25314e-38 3
-0.350737 0.243052 0.590937 1.33604e-38 3
-0.341189 0.243052 0.590937 1.31761e-38 3
-0.296749 0.262893 0.639177 1.4098e-38 3
-0.280694 0.257635 0.626394 1.36367e-38 3
-0.254298 0.242138 0.588716 1.33601e-38 3
-0.242055 0.239438 0.58215 1.36367e-38 3
-0.232649 0.239438 0.58215 1.47434e-38 3
-0.215242 0.230856 0.561285 1.49278e-38 3
-0.210704 0.23593 0.573621 1.58479e-38 3
-0.202923 0.237671 0.577854 1.59394e-38 3
-0.193586 0.237671 0.577854 1.61245e-38 3
-0.184932 0.238551 0.579994 1.6033e-38 3
-0.173631 0.23593 0.573621 1.62167e-38 3
-0.16199 0.232523 0.565337 1.63997e-38 3
-0.152855 0.232523 0.565337 1.64908e-38 3
-0.143721 0.232523 0.565337 1.58465e-38 3
-0.135074 0.233365 0.567386 1.73216e-38 3
-0.126826 0.235069 0.571527 1.71372e-38 3
-0.117164 0.234214 0.569449 1.71372e-38 3
-0.11332 0.245835 0.597704 1.63068e-38 3
-0.103662 0.245835 0.597704 2.07311e-38 3
-0.0947282 0.247726 0.602302 1.72269e-38 3
-0.0843477 0.245835 0.597704 1.82403e-38 3
-0.0744064 0.244901 0.595431 1.87932e-38 3
-0.0647857 0.244901 0.595431 2.10984e-38 3
-0.0551651 0.244901 0.595431 1.92556e-38 3
-0.0448622 0.241232 0.586511 1.84276e-38 3
-0.0344816 0.235069 0.571527 2.12839e-38 3
0.00225815 0.216137 0.525498 1.88007e-38 3
0.0107488 0.216137 0.525498 1.76036e-38 3
0.0299406 0.233365 0.567386 1.61328e-38 3
0.0349315 0.208443 0.506791 1.33691e-38 3
0.0436854 0.211177 0.513437 1.63201e-38 3
0.0524976 0.213274 0.518538 1.56751e-38 3
0.0608758 0.213274 0.518538 1.58584e-38 3
0.0694841 0.213983 0.520261 1.5213e-38 3
0.0784112 0.215414 0.523741 1.64108e-38 3
0.0953358 0.215414 0.523741 1.79745e-38 3
0.103108 0.213983 0.520261 1.83401e-38 3
0.206953 0.247726 0.602302 1.6409e-38 3
0.295906 0.219825 0.534466 1.33648e-38 3
0.307692 0.222099 0.539995 1.3641e-38 3
0.319725 0.224421 0.545639 1.60366e-38 3
0.332011 0.226792 0.551403 1.74178e-38 3
0.339724 0.225996 0.549468 1.58505e-38 3
0.348602 0.225996 0.549468 1.60352e-38 3
0.360007 0.227593 0.553351 1.49281e-38 3
0.368948 0.227593 0.553351 1.33612e-38 3
0.377888 0.227593 0.553351 1.45622e-38 3
0.385467 0.226792 0.551403 1.41942e-38 3
0.394376 0.226792 0.551403 1.55789e-38 3
0.403285 0.226792 0.551403 1.53023e-38 3
0.409312 0.225206 0.547547 1.41967e-38 3
0.419626 0.225996 0.549468 1.39201e-38 3
0.437719 0.230856 0.561285 1.42889e-38 3
0.446788 0.230856 0.561285 1.34591e-38 3
0.459149 0.232523 0.565337 1.26301e-38 3
0.480424 0.238551 0.579994 1.33676e-38 3
0.491616 0.239438 0.58215 1.30911e-38 3
0.491879 0.235069 0.571527 1.25379e-38 3
0.492133 0.230856 0.561285 1.34588e-38 3
0.499412 0.230032 0.55928 1.14305e-38 3
0.510271 0.230856 0.561285 1.2629e-38 3
0.515643 0.229213 0.55729 1.15237e-38 3
0.522787 0.2284 0.555314 1.15245e-38 3
0.630068 0.270625 0.657977 1.10642e-38 3
-0.629552 0.298835 0.6991 1.02305e-38 3
-0.58682 0.28364 0.663553 1.14287e-38 3
-0.576098 0.28364 0.663553 1.04145e-38 3
-0.513188 0.257458 0.602302 1.02301e-38 3
-0.51944 0.265631 0.621422 1.04142e-38 3
-0.517615 0.269916 0.631445 1.00454e-38 3
-0.503353 0.267756 0.626394 1.08755e-38 3
-0.493232 0.267756 0.626394 1.10592e-38 3
-0.481187 0.26669 0.623898 1.10592e-38 3
-0.465542 0.26354 0.616529 1.07826e-38 3
-0.448517 0.259454 0.606971 1.17038e-38 3
-0.432012 0.255493 0.597704 1.17956e-38 3
-0.417573 0.2526 0.590937 1.17953e-38 3
-0.404969 0.250708 0.586511 1.20719e-38 3
-0.395493 0.250708 0.586511 1.17031e-38 3
-0.384576 0.249773 0.584322 1.20708e-38 3
-0.375135 0.249773 0.584322 1.20708e-38 3
-0.367063 0.250708 0.586511 1.2624e-38 3
-0.357587 0.250708 0.586511 1.31768e-38 3
-0.349419 0.251651 0.588716 1.30839e-38 3
-0.336116 0.248844 0.58215 1.38214e-38 3
-0.323106 0.2461 0.575729 1.49278e-38 3
-0.311514 0.244303 0.571527 1.52044e-38 3
-0.296862 0.239925 0.561285 1.40987e-38 3
-0.287793 0.239925 0.561285 1.38221e-38 3
-0.280737 0.241657 0.565337 1.41906e-38 3
-0.275582 0.245198 0.573621 1.35452e-38 3
-0.268279 0.247008 0.577854 1.37289e-38 3
-0.248842 0.237373 0.555314 1.32679e-38 3
-0.239022 0.236534 0.553351 1.502e-38 3
-0.230081 0.236534 0.553351 1.53888e-38 3
-0.22114 0.236534 0.553351 1.51122e-38 3
-0.2122 0.236534 0.553351 1.51111e-38 3
-0.20398 0.237373 0.555314 1.50182e-38 3
-0.197104 0.239925 0.561285 1.54795e-38 3
-0.188711 0.240788 0.563304 1.56643e-38 3
-0.180911 0.242533 0.567386 1.51111e-38 3
-0.171124 0.241657 0.565337 1.55713e-38 3
-0.160254 0.239068 0.55928 1.59398e-38 3
-0.151217 0.239068 0.55928 1.64e-38 3
-0.141675 0.238217 0.55729 1.58469e-38 3
-0.131733 0.236534 0.553351 1.58472e-38 3
-0.122792 0.236534 0.553351 1.62164e-38 3
-0.113451 0.235701 0.551403 1.58476e-38 3
-0.104541 0.235701 0.551403 1.55703e-38 3
-0.0956322 0.235701 0.551403 1.80592e-38 3
-0.0617342 0.242533 0.567386 2.0269e-38 3
0.00220632 0.219472 0.513437 1.73274e-38 3
0.0345956 0.214548 0.501918 1.55821e-38 3
0.0432599 0.217335 0.508436 1.59513e-38 3
0.0521522 0.220194 0.515126 1.64115e-38 3
0.0606749 0.220921 0.516826 1.65037e-38 3
0.0692541 0.221653 0.518538 1.55811e-38 3
0.0778902 0.222389 0.520261 1.69636e-38 3
0.087165 0.224628 0.525498 1.71466e-38 3
0.095018 0.22313 0.521995 1.61292e-38 3
0.168676 0.220194 0.515126 1.83401e-38 3
0.176999 0.220194 0.515126 1.65931e-38 3
0.184111 0.218755 0.51176 1.55789e-38 3
0.288042 0.222389 0.520261 1.33648e-38 3
0.30044 0.225384 0.527267 1.41027e-38 3
0.310003 0.226145 0.529049 1.3641e-38 3
0.324025 0.230031 0.538139 1.49299e-38 3
0.335022 0.231623 0.541863 1.55742e-38 3
0.346173 0.233237 0.545639 1.50211e-38 3
0.360007 0.236534 0.553351 1.33622e-38 3
0.368948 0.236534 0.553351 1.3086e-38 3
0.377888 0.236534 0.553351 1.39169e-38 3
0.386829 0.236534 0.553351 1.38254e-38 3
0.39577 0.236534 0.553351 1.40116e-38 3
0.39907 0.233237 0.545639 1.29978e-38 3
0.402279 0.230031 0.538139 1.43811e-38 3
0.410974 0.230031 0.538139 1.34591e-38 3
0.437719 0.239925 0.561285 1.42889e-38 3
0.446788 0.239925 0.561285 1.31825e-38 3
0.476891 0.2461 0.575729 1.31833e-38 3
0.487988 0.247008 0.577854 1.29989e-38 3
0.49009 0.243415 0.569449 1.27223e-38 3
0.493903 0.240788 0.563304 1.29063e-38 3
0.499412 0.239068 0.55928 1.24461e-38 3
0.510271 0.239925 0.561285 1.22613e-38 3
0.624686 0.28364 0.663553 1.13408e-38 3
-0.613129 0.30204 0.680863 9.58475e-39 3
-0.58682 0.294361 0.663553 1.01383e-38 3
-0.576098 0.294361 0.663553 1.07829e-38 3
-0.503506 0.262148 0.590937 1.11517e-38 3
-0.495829 0.263141 0.593176 1.02298e-38 3
-0.507386 0.274582 0.618966 1.09673e-38 3
-0.491556 0.271364 0.611713 9.95353e-39 3
-0.479798 0.270309 0.609332 1.04138e-38 3
-0.46453 0.26719 0.602302 1.08748e-38 3
-0.453056 0.266166 0.599994 1.15201e-38 3
-0.43999 0.264142 0.595431 1.15194e-38 3
-0.425516 0.261163 0.588716 1.15194e-38 3
-0.414446 0.260185 0.586511 1.14265e-38 3
-0.400469 0.257294 0.579994 1.06889e-38 3
-0.392552 0.25825 0.58215 1.10577e-38 3
-0.381727 0.257294 0.579994 1.16098e-38 3
-0.372356 0.257294 0.579994 1.28087e-38 3
-0.362985 0.257294 0.579994 1.23477e-38 3
-0.353613 0.257294 0.579994 1.31768e-38 3
-0.345522 0.25825 0.58215 1.40058e-38 3
-0.333635 0.256344 0.577854 1.35448e-38 3
-0.319582 0.252616 0.569449 1.2531e-38 3
-0.30814 0.250792 0.565337 1.26236e-38 3
-0.284731 0.246345 0.555314 1.28084e-38 3
-0.275759 0.246345 0.555314 1.30849e-38 3
-0.264908 0.24461 0.551403 1.33608e-38 3
-0.255999 0.24461 0.551403 1.33608e-38 3
-0.241146 0.238726 0.538139 1.32683e-38 3
-0.231655 0.237909 0.536296 1.42824e-38 3
-0.221473 0.23629 0.532648 1.47434e-38 3
-0.213593 0.237097 0.534466 1.4098e-38 3
-0.205659 0.237909 0.536296 1.32668e-38 3
-0.199039 0.240378 0.541863 1.4465e-38 3
-0.190945 0.241213 0.543745 1.4927e-38 3
-0.182794 0.242053 0.545639 1.51125e-38 3
-0.174586 0.2429 0.547547 1.49267e-38 3
-0.166321 0.243752 0.549468 1.50189e-38 3
-0.156892 0.2429 0.547547 1.49267e-38 3
-0.148045 0.2429 0.547547 1.43728e-38 3
-0.138713 0.242053 0.545639 1.56628e-38 3
-0.128998 0.240378 0.541863 1.56628e-38 3
-0.120243 0.240378 0.541863 1.58483e-38 3
-0.109592 0.23629 0.532648 1.52962e-38 3
-0.100986 0.23629 0.532648 1.52026e-38 3
-0.0902311 0.230795 0.520261 1.87968e-38 3
-0.0706041 0.221947 0.500314 1.99027e-38 3
-0.0621234 0.220537 0.497138 2.01782e-38 3
-0.0608523 0.248105 0.55928 1.88904e-38 3
0.00214308 0.22124 0.498721 1.62232e-38 3
0.0109697 0.237909 0.536296 1.57633e-38 3
0.0180864 0.219146 0.494001 1.53041e-38 3
0.0262337 0.220537 0.497138 1.5213e-38 3
0.0342661 0.220537 0.497138 1.57662e-38 3
0.0428426 0.223374 0.503532 1.65037e-38 3
0.0514749 0.22555 0.508436 1.6964e-38 3
0.0600801 0.227024 0.51176 1.81629e-38 3
0.0683488 0.227024 0.51176 1.6687e-38 3
0.0771215 0.228517 0.515126 1.72391e-38 3
0.0937678 0.228517 0.515126 1.76029e-38 3
0.100115 0.224094 0.505156 1.75085e-38 3
0.116439 0.224094 0.505156 1.87017e-38 3
0.129017 0.217772 0.490904 1.82421e-38 3
0.136949 0.217772 0.490904 1.9257e-38 3
0.146256 0.21984 0.495565 1.92577e-38 3
0.154753 0.220537 0.497138 1.76926e-38 3
0.162785 0.220537 0.497138 1.75107e-38 3
0.170277 0.21984 0.495565 1.62243e-38 3
0.242341 0.21984 0.495565 1.55753e-38 3
0.261667 0.222658 0.501918 1.6955e-38 3
0.27878 0.223374 0.503532 1.4747e-38 3
0.285996 0.222658 0.501918 1.36428e-38 3
0.295052 0.223374 0.503532 1.30885e-38 3
0.316414 0.233118 0.525498 1.26265e-38 3
0.392992 0.243752 0.549468 1.26286e-38 3
0.396825 0.235489 0.530842 1.1523e-38 3
0.399978 0.232339 0.523741 1.35513e-38 3
0.488315 0.2517 0.567386 1.27226e-38 3
0.506639 0.247222 0.55729 1.11557e-38 3
0.513815 0.246345 0.555314 1.10635e-38 3
-0.613129 0.313041 0.680863 9.67622e-39 3
-0.591835 0.30769 0.669224 1.06904e-38 3
-0.576098 0.305083 0.663553 1.0322e-38 3
-0.499734 0.269661 0.586511 1.00457e-38 3
-0.492101 0.270675 0.588716 1.02301e-38 3
-0.48441 0.271696 0.590937 1.04145e-38 3
-0.480299 0.274807 0.597704 1.03216e-38 3
-0.452352 0.269661 0.586511 1.15201e-38 3
-0.442875 0.269661 0.586511 1.14279e-38 3
-0.431781 0.268655 0.584322 1.17045e-38 3
-0.419212 0.266665 0.579994 1.0506e-38 3
-0.408328 0.265681 0.577854 1.08733e-38 3
-0.391764 0.260868 0.567386 1.10577e-38 3
-0.385389 0.262772 0.571527 1.23474e-38 3
-0.376154 0.262772 0.571527 1.33612e-38 3
-0.303097 0.22857 0.497138 1.33612e-38 3
-0.295065 0.22857 0.497138 1.29924e-38 3
-0.286124 0.227847 0.495565 1.28073e-38 3
-0.278117 0.227847 0.495565 1.22552e-38 3
-0.304838 0.257141 0.55928 1.22555e-38 3
-0.287585 0.249998 0.543745 1.2625e-38 3
-0.276877 0.248274 0.539995 1.24399e-38 3
-0.264504 0.244896 0.532648 1.31771e-38 3
-0.255897 0.244896 0.532648 1.2808e-38 3
-0.246453 0.244066 0.530842 1.31768e-38 3
-0.237876 0.244066 0.530842 1.4282e-38 3
-0.227755 0.242423 0.527267 1.43746e-38 3
-0.2185 0.241609 0.525498 1.3637e-38 3
-0.210009 0.241609 0.525498 1.44654e-38 3
-0.201518 0.241609 0.525498 1.4282e-38 3
-0.193678 0.242423 0.527267 1.41873e-38 3
-0.185158 0.242423 0.527267 1.47427e-38 3
-0.175458 0.240801 0.523741 1.46523e-38 3
-0.165336 0.238409 0.518538 1.51111e-38 3
-0.160683 0.244066 0.530842 1.41891e-38 3
-0.152623 0.244896 0.532648 1.49267e-38 3
-0.144017 0.244896 0.532648 1.57572e-38 3
-0.135873 0.245732 0.534466 1.6955e-38 3
-0.126804 0.244896 0.532648 1.52022e-38 3
-0.118198 0.244896 0.532648 1.5571e-38 3
-0.108851 0.243242 0.529049 1.41899e-38 3
-0.0999656 0.242423 0.527267 1.61263e-38 3
-0.0884676 0.234526 0.510093 1.86145e-38 3
-0.0784373 0.229298 0.498721 1.8245e-38 3
-0.0701559 0.22857 0.497138 1.76926e-38 3
-0.0619268 0.227847 0.495565 1.67717e-38 3
-0.0537497 0.227128 0.494001 1.4192e-38 3
0.00217073 0.232256 0.505156 1.41985e-38 3
0.0178055 0.223601 0.48633 1.53055e-38 3
0.0261506 0.227847 0.495565 1.48442e-38 3
0.0341577 0.227847 0.495565 1.65959e-38 3
0.0428426 0.23151 0.503532 1.43832e-38 3
0.0514749 0.233765 0.508436 1.50282e-38 3
0.0600801 0.235293 0.51176 1.48438e-38 3
0.0681261 0.234526 0.510093 1.63172e-38 3
0.0763679 0.234526 0.510093 1.66856e-38 3
0.084335 0.233765 0.508436 1.65913e-38 3
0.0937632 0.217521 0.473107 1.86145e-38 3
0.101407 0.217521 0.473107 1.79673e-38 3
0.109052 0.217521 0.473107 1.80588e-38 3
0.117763 0.219511 0.477434 1.73213e-38 3
0.125477 0.219511 0.477434 1.65848e-38 3
0.134421 0.221537 0.481841 1.69546e-38 3
0.143531 0.223601 0.48633 1.85238e-38 3
0.149531 0.220857 0.480363 1.72337e-38 3
0.157293 0.220857 0.480363 1.59444e-38 3
0.228548 0.222221 0.483328 1.64058e-38 3
0.234189 0.220182 0.478894 1.58526e-38 3
0.241189 0.219511 0.477434 1.59444e-38 3
0.248903 0.219511 0.477434 1.76018e-38 3
0.272643 0.226414 0.492448 1.47455e-38 3
0.276256 0.222909 0.484825 1.51165e-38 3
0.281476 0.220857 0.480363 1.5209e-38 3
0.288159 0.214284 0.466067 1.51147e-38 3
0.492378 0.253519 0.551403 1.00493e-38 3
-0.613129 0.324042 0.680863 1.02294e-38 3
-0.591835 0.318503 0.669224 1.02294e-38 3
-0.576098 0.315804 0.663553 9.58475e-39 3
-0.499734 0.279138 0.586511 9.76914e-39 3
-0.490258 0.279138 0.586511 9.76914e-39 3
-0.477206 0.277062 0.58215 1.11514e-38 3
-0.469546 0.278096 0.584322 1.04138e-38 3
-0.456697 0.276036 0.579994 1.03205e-38 3
-0.436021 0.26906 0.565337 1.12428e-38 3
-0.425351 0.268093 0.563304 1.10584e-38 3
-0.41625 0.268093 0.563304 1.06897e-38 3
-0.410099 0.270035 0.567386 1.26258e-38 3
-0.400931 0.270035 0.567386 1.11499e-38 3
-0.387551 0.267132 0.561285 1.18871e-38 3
-0.378482 0.267132 0.561285 1.24396e-38 3
-0.309167 0.23511 0.494001 1.25321e-38 3
-0.301185 0.23511 0.494001 1.27165e-38 3
-0.294131 0.235854 0.495565 1.25321e-38 3
-0.286124 0.235854 0.495565 1.29002e-38 3
-0.278117 0.235854 0.495565 1.24396e-38 3
-0.278028 0.242768 0.510093 1.23485e-38 3
-0.275164 0.247607 0.520261 1.32697e-38 3
-0.267648 0.248432 0.521995 1.29009e-38 3
-0.250852 0.240418 0.505156 1.29009e-38 3
-0.240364 0.238114 0.500314 1.37299e-38 3
-0.235287 0.241197 0.506791 1.34534e-38 3
-0.227098 0.241197 0.506791 1.28991e-38 3
-0.220336 0.242768 0.510093 1.33604e-38 3
-0.213485 0.24436 0.513437 1.3637e-38 3
-0.205189 0.24436 0.513437 1.52033e-38 3
-0.198849 0.246787 0.518538 1.39136e-38 3
-0.191741 0.248432 0.521995 1.46487e-38 3
-0.182093 0.246787 0.518538 1.45593e-38 3
-0.171444 0.243561 0.51176 1.45604e-38 3
-0.16107 0.240418 0.505156 1.40058e-38 3
-0.154906 0.243561 0.51176 1.49278e-38 3
-0.14858 0.246787 0.518538 1.65869e-38 3
-0.141136 0.248432 0.521995 1.55731e-38 3
-0.132702 0.248432 0.521995 1.36363e-38 3
-0.124268 0.248432 0.521995 1.59412e-38 3
-0.116221 0.249263 0.523741 1.44654e-38 3
-0.106689 0.246787 0.518538 1.52044e-38 3
-0.0973435 0.24436 0.513437 1.54817e-38 3
-0.0781883 0.236602 0.497138 1.50207e-38 3
-0.0701559 0.236602 0.497138 1.38236e-38 3
-0.0619268 0.235854 0.495565 1.39172e-38 3
-0.0537497 0.23511 0.494001 1.31804e-38 3
-0.0457679 0.23511 0.494001 1.35513e-38 3
-0.038026 0.236602 0.497138 1.29999e-38 3
0.0173739 0.225848 0.474541 1.43832e-38 3
0.0254265 0.229322 0.481841 1.46598e-38 3
0.0332118 0.229322 0.481841 1.61349e-38 3
0.0845858 0.221156 0.464684 1.52065e-38 3
0.0920938 0.221156 0.464684 1.64958e-38 3
0.0993073 0.220502 0.463309 1.66791e-38 3
0.10493 0.216656 0.455228 1.76922e-38 3
0.113607 0.219205 0.460584 1.58472e-38 3
0.11999 0.217288 0.456555 1.62185e-38 3
0.12849 0.219205 0.460584 1.59426e-38 3
0.137551 0.221815 0.466067 1.63129e-38 3
0.14595 0.223143 0.468858 1.49314e-38 3
0.155386 0.225848 0.474541 1.4103e-38 3
0.161585 0.223813 0.470266 1.36446e-38 3
0.168676 0.223143 0.468858 1.49353e-38 3
0.176252 0.223143 0.468858 1.55782e-38 3
0.183827 0.223143 0.468858 1.41949e-38 3
0.192556 0.224487 0.471682 1.35492e-38 3
0.192634 0.216028 0.453908 1.40094e-38 3
0.199968 0.216028 0.453908 1.52987e-38 3
0.223917 0.217923 0.45789 1.68668e-38 3
0.231315 0.217923 0.45789 1.52072e-38 3
0.241539 0.220502 0.463309 1.57586e-38 3
0.252764 0.223813 0.470266 1.73259e-38 3
0.261935 0.225165 0.473107 1.67742e-38 3
0.268767 0.224487 0.471682 1.71451e-38 3
0.276389 0.224487 0.471682 1.45647e-38 3
0.281466 0.222477 0.467458 1.47481e-38 3
0.283104 0.217923 0.45789 1.44704e-38 3
0.292764 0.214166 0.449995 1.2625e-38 3
0.309245 0.210536 0.442368 1.27198e-38 3
0.316392 0.210536 0.442368 1.38261e-38 3
0.322628 0.209943 0.441122 1.45637e-38 3
0.387694 0.236602 0.497138 1.25364e-38 3
-0.613129 0.335043 0.680863 9.76842e-39 3
-0.591835 0.329316 0.669224 1.01372e-38 3
-0.576098 0.326525 0.663553 9.76914e-39 3
-0.488751 0.282271 0.573621 9.67694e-39 3
-0.481245 0.283309 0.575729 1.09677e-38 3
-0.470214 0.282271 0.573621 1.03216e-38 3
-0.451033 0.276201 0.561285 9.95173e-39 3
-0.440386 0.275214 0.55928 1.13343e-38 3
-0.42829 0.273262 0.555314 1.13343e-38 3
-0.412013 0.268502 0.545639 1.09655e-38 3
-0.407456 0.271338 0.551403 1.15187e-38 3
-0.401373 0.273262 0.555314 1.17034e-38 3
-0.392401 0.273262 0.555314 1.20711e-38 3
-0.372851 0.265724 0.539995 1.20711e-38 3
-0.329285 0.246198 0.500314 1.28094e-38 3
-0.318152 0.243861 0.495565 1.2625e-38 3
-0.308194 0.242327 0.492448 1.17953e-38 3
-0.300238 0.242327 0.492448 1.25328e-38 3
-0.291365 0.241567 0.490904 1.27172e-38 3
-0.283433 0.241567 0.490904 1.29935e-38 3
-0.276368 0.242327 0.492448 1.22566e-38 3
-0.27011 0.243861 0.495565 1.23495e-38 3
-0.262103 0.243861 0.495565 1.29931e-38 3
-0.254096 0.243861 0.495565 1.23477e-38 3
-0.243774 0.241567 0.490904 1.29931e-38 3
-0.236584 0.242327 0.492448 1.34534e-38 3
-0.230805 0.244635 0.497138 1.29002e-38 3
-0.222773 0.244635 0.497138 1.33604e-38 3
-0.216112 0.246198 0.500314 1.40058e-38 3
-0.210042 0.248581 0.505156 1.47434e-38 3
-0.20188 0.248581 0.505156 1.37285e-38 3
-0.195611 0.25101 0.510093 1.42828e-38 3
-0.189218 0.253487 0.515126 1.42813e-38 3
-0.179712 0.25183 0.51176 1.31775e-38 3
-0.170331 0.250195 0.508436 1.2625e-38 3
-0.160037 0.246987 0.501918 1.52976e-38 3
-0.151927 0.246987 0.501918 1.45597e-38 3
-0.143818 0.246987 0.501918 1.72327e-38 3
-0.137026 0.249385 0.506791 1.29909e-38 3
-0.129255 0.250195 0.508436 1.76007e-38 3
-0.12104 0.250195 0.508436 1.56646e-38 3
-0.11431 0.253487 0.515126 1.64944e-38 3
-0.104272 0.249385 0.506791 1.44682e-38 3
-0.0954655 0.247781 0.503532 1.54835e-38 3
-0.0859479 0.243861 0.495565 1.61288e-38 3
-0.077695 0.243091 0.494001 1.44718e-38 3
-0.069494 0.242327 0.492448 1.28145e-38 3
-0.0609622 0.240062 0.487846 1.26308e-38 3
-0.0525884 0.237839 0.483328 1.29077e-38 3
-0.0443683 0.235657 0.478894 1.29088e-38 3
-0.0366306 0.235657 0.478894 1.37397e-38 3
-0.0127175 0.223362 0.453908 1.35545e-38 3
-0.00538347 0.223362 0.453908 1.44772e-38 3
0.00953319 0.229345 0.466067 1.47535e-38 3
0.0170636 0.229345 0.466067 1.54907e-38 3
0.0250412 0.233515 0.474541 1.53977e-38 3
0.032808 0.234225 0.475983 1.63197e-38 3
0.0845858 0.228665 0.464684 1.5854e-38 3
0.0910136 0.225982 0.459233 1.79731e-38 3
0.0981458 0.225322 0.45789 1.5298e-38 3
0.104324 0.222717 0.452597 1.71408e-38 3
0.112286 0.224012 0.455228 1.66798e-38 3
0.119294 0.223362 0.453908 1.47448e-38 3
0.126628 0.223362 0.453908 1.42853e-38 3
0.133962 0.223362 0.453908 1.52087e-38 3
0.142536 0.225322 0.45789 1.43807e-38 3
0.151708 0.227988 0.463309 1.44733e-38 3
0.159194 0.227988 0.463309 1.31836e-38 3
0.16668 0.227988 0.463309 1.45662e-38 3
0.174166 0.227988 0.463309 1.53938e-38 3
0.180054 0.225982 0.459233 1.59459e-38 3
0.186926 0.225322 0.45789 1.39179e-38 3
0.191524 0.222075 0.451292 1.44715e-38 3
0.198244 0.221437 0.449995 1.46551e-38 3
0.205515 0.221437 0.449995 1.63136e-38 3
0.212786 0.221437 0.449995 1.5115e-38 3
0.220691 0.222075 0.451292 1.41938e-38 3
0.228641 0.222717 0.452597 1.53005e-38 3
0.237326 0.224012 0.455228 1.56693e-38 3
0.24756 0.226647 0.460584 1.48388e-38 3
0.254254 0.225982 0.459233 1.53924e-38 3
0.260909 0.225322 0.45789 1.51165e-38 3
0.269885 0.226647 0.460584 1.58558e-38 3
0.277327 0.226647 0.460584 1.62232e-38 3
0.280642 0.223362 0.453908 1.56689e-38 3
0.285493 0.221437 0.449995 1.37317e-38 3
0.289437 0.21892 0.444882 1.36392e-38 3
0.295785 0.2183 0.443622 1.2625e-38 3
0.3004 0.216461 0.439883 1.36406e-38 3
0.307507 0.216461 0.439883 1.34573e-38 3
0.314615 0.216461 0.439883 1.49325e-38 3
0.320821 0.215854 0.438651 1.47484e-38 3
0.324275 0.213463 0.433791 1.46569e-38 3
0.376925 0.237839 0.483328 1.29041e-38 3
-0.602648 0.340129 0.669224 1.0045e-38 3
-0.513188 0.306116 0.602302 1.00457e-38 3
-0.423739 0.273506 0.538139 1.2163e-38 3
-0.415044 0.273506 0.538139 1.2163e-38 3
-0.399485 0.268886 0.529049 1.18864e-38 3
-0.392262 0.269797 0.530842 1.21633e-38 3
-0.38499 0.270715 0.532648 1.21633e-38 3
-0.376384 0.270715 0.532648 1.17938e-38 3
-0.321079 0.247945 0.487846 1.15187e-38 3
-0.309342 0.244893 0.481841 1.14272e-38 3
-0.303424 0.246409 0.484825 1.19804e-38 3
-0.296508 0.247175 0.48633 1.25336e-38 3
-0.287757 0.246409 0.484825 1.24414e-38 3
-0.279059 0.245649 0.483328 1.16116e-38 3
-0.272935 0.247175 0.48633 1.20726e-38 3
-0.265903 0.247945 0.487846 1.2718e-38 3
-0.255631 0.245649 0.483328 1.24399e-38 3
-0.246301 0.244142 0.480363 1.27165e-38 3
-0.239274 0.244893 0.481841 1.27165e-38 3
-0.235843 0.249499 0.490904 1.20704e-38 3
-0.228628 0.250284 0.492448 1.38221e-38 3
-0.220671 0.250284 0.492448 1.41902e-38 3
-0.213385 0.251073 0.494001 1.40055e-38 3
-0.208028 0.254282 0.500314 1.35448e-38 3
-0.199945 0.254282 0.500314 1.56646e-38 3
-0.193095 0.255917 0.503532 1.51125e-38 3
-0.184959 0.255917 0.503532 1.41906e-38 3
-0.176823 0.255917 0.503532 1.22563e-38 3
-0.168147 0.255097 0.501918 1.25328e-38 3
-0.158513 0.252667 0.497138 1.34541e-38 3
-0.15048 0.252667 0.497138 1.43757e-38 3
-0.142448 0.252667 0.497138 1.52966e-38 3
-0.135274 0.254282 0.500314 1.68632e-38 3
-0.127598 0.255097 0.501918 1.61256e-38 3
-0.119873 0.255917 0.503532 1.61256e-38 3
-0.112097 0.256743 0.505156 1.55735e-38 3
-0.103601 0.255917 0.503532 1.59434e-38 3
-0.0957735 0.256743 0.505156 1.4564e-38 3
-0.0769666 0.248719 0.48937 1.41967e-38 3
-0.0688445 0.247945 0.487846 1.20783e-38 3
-0.0603978 0.245649 0.483328 1.27248e-38 3
-0.0519471 0.242653 0.477434 1.36467e-38 3
-0.0437001 0.239729 0.471682 1.4846e-38 3
-0.0126442 0.229367 0.451292 1.38311e-38 3
-0.00535244 0.229367 0.451292 1.44765e-38 3
0.00194488 0.230029 0.452597 1.53081e-38 3
0.00931149 0.231367 0.455228 1.58605e-38 3
0.0168629 0.234089 0.460584 1.57676e-38 3
0.0247413 0.238294 0.468858 1.57665e-38 3
0.0325115 0.239729 0.471682 1.54899e-38 3
0.0902198 0.231367 0.455228 1.63147e-38 3
0.0953575 0.226108 0.444882 1.66809e-38 3
0.102546 0.226108 0.444882 1.65876e-38 3
0.110361 0.227401 0.447424 1.64036e-38 3
0.11759 0.227401 0.447424 1.5759e-38 3
0.125537 0.228707 0.449995 1.51154e-38 3
0.13319 0.229367 0.451292 1.48399e-38 3
0.141296 0.230696 0.453908 1.45655e-38 3
0.149934 0.23272 0.45789 1.5303e-38 3
0.157794 0.233402 0.459233 1.46577e-38 3
0.165214 0.233402 0.459233 1.61313e-38 3
0.172129 0.23272 0.45789 1.68678e-38 3
0.178484 0.231367 0.455228 1.61303e-38 3
0.1853 0.230696 0.453908 1.54853e-38 3
0.190426 0.228052 0.448706 1.48417e-38 3
0.197111 0.227401 0.447424 1.43796e-38 3
0.204341 0.227401 0.447424 1.66831e-38 3
0.21157 0.227401 0.447424 1.57604e-38 3
0.218799 0.227401 0.447424 1.48399e-38 3
0.226676 0.228052 0.448706 1.40109e-38 3
0.235274 0.229367 0.451292 1.50261e-38 3
0.244681 0.231367 0.455228 1.51172e-38 3
0.25058 0.230029 0.452597 1.41945e-38 3
0.25864 0.230696 0.453908 1.36428e-38 3
0.265974 0.230696 0.453908 1.42889e-38 3
0.273308 0.230696 0.453908 1.42882e-38 3
0.278223 0.228707 0.449995 1.46555e-38 3
0.282249 0.226108 0.444882 1.447e-38 3
0.286185 0.223568 0.439883 1.50214e-38 3
0.293293 0.223568 0.439883 1.57597e-38 3
0.298722 0.222319 0.437426 1.55767e-38 3
0.305789 0.222319 0.437426 1.66838e-38 3
0.312857 0.222319 0.437426 1.46559e-38 3
0.319034 0.2217 0.436207 1.5486e-38 3
0.323379 0.219862 0.432592 1.65923e-38 3
0.330369 0.219862 0.432592 1.53016e-38 3
-0.432009 0.271024 0.516826 1.02294e-38 3
-0.413942 0.270133 0.515126 1.22548e-38 3
-0.406957 0.271024 0.516826 1.2163e-38 3
-0.403939 0.27465 0.523741 1.18864e-38 3
-0.391549 0.271922 0.518538 1.25318e-38 3
-0.381906 0.271024 0.516826 1.18868e-38 3
-0.373555 0.271024 0.516826 1.25318e-38 3
-0.359276 0.266625 0.508436 1.22552e-38 3
-0.322925 0.251133 0.478894 1.1519e-38 3
-0.30745 0.251133 0.478894 1.2257e-38 3
-0.299712 0.251133 0.478894 1.17038e-38 3
-0.29287 0.251903 0.480363 1.16116e-38 3
-0.285109 0.251903 0.480363 1.1612e-38 3
-0.276499 0.251133 0.478894 1.18882e-38 3
-0.268761 0.251133 0.478894 1.18875e-38 3
-0.260228 0.250367 0.477434 1.23485e-38 3
-0.248722 0.246608 0.470266 1.19786e-38 3
-0.237557 0.24296 0.463309 1.23477e-38 3
-0.234937 0.248098 0.473107 1.2624e-38 3
-0.232203 0.253458 0.483328 1.45594e-38 3
-0.225089 0.254243 0.484825 1.42831e-38 3
-0.219292 0.256626 0.48937 1.44657e-38 3
-0.212714 0.25824 0.492448 1.40058e-38 3
-0.206708 0.2607 0.497138 1.54817e-38 3
-0.197422 0.259055 0.494001 1.57579e-38 3
-0.18944 0.259055 0.494001 1.60345e-38 3
-0.182032 0.259875 0.495565 1.29938e-38 3
-0.169728 0.253458 0.483328 1.31797e-38 3
-0.161919 0.253458 0.483328 1.36399e-38 3
-0.130061 0.23803 0.453908 1.65876e-38 3
-0.122727 0.23803 0.453908 1.45597e-38 3
-0.115393 0.23803 0.453908 1.53895e-38 3
-0.107436 0.236658 0.451292 1.78773e-38 3
-0.0248631 0.216106 0.412101 1.37389e-38 3
-0.0182046 0.216106 0.412101 1.41999e-38 3
-0.00517353 0.228748 0.436207 1.34642e-38 3
0.00187969 0.229387 0.437426 1.53992e-38 3
0.00904845 0.231979 0.442368 1.53985e-38 3
0.0167154 0.239418 0.456555 1.51208e-38 3
0.0243764 0.242243 0.461942 1.64112e-38 3
0.0889273 0.235302 0.448706 1.67749e-38 3
0.0937594 0.229387 0.437426 1.61288e-38 3
0.100827 0.229387 0.437426 1.73256e-38 3
0.107895 0.229387 0.437426 1.65876e-38 3
0.115608 0.230675 0.439883 1.75085e-38 3
0.124819 0.23463 0.447424 1.6127e-38 3
0.132427 0.235302 0.448706 1.51147e-38 3
0.140482 0.236658 0.451292 1.5486e-38 3
0.149062 0.238722 0.455228 1.51172e-38 3
0.156874 0.239418 0.456555 1.49332e-38 3
0.170139 0.237342 0.452597 1.8066e-38 3
0.175926 0.235302 0.448706 1.75114e-38 3
0.179072 0.230029 0.438651 1.66831e-38 3
0.185639 0.229387 0.437426 1.55789e-38 3
0.192707 0.229387 0.437426 1.52105e-38 3
0.200334 0.230029 0.438651 1.51168e-38 3
0.207421 0.230029 0.438651 1.56693e-38 3
0.214509 0.230029 0.438651 1.40098e-38 3
0.222219 0.230675 0.439883 1.43789e-38 3
0.231932 0.233297 0.444882 1.4841e-38 3
0.239802 0.233961 0.446149 1.55782e-38 3
0.246308 0.233297 0.444882 1.52094e-38 3
0.254945 0.23463 0.447424 1.49321e-38 3
0.262174 0.23463 0.447424 1.5854e-38 3
0.268636 0.233961 0.446149 1.38265e-38 3
0.275061 0.233297 0.444882 1.44708e-38 3
0.279078 0.230675 0.439883 1.52069e-38 3
0.283794 0.228748 0.436207 1.41002e-38 3
0.291654 0.229387 0.437426 1.41931e-38 3
0.298722 0.229387 0.437426 1.42867e-38 3
0.305789 0.229387 0.437426 1.567e-38 3
0.311119 0.228112 0.434996 1.55789e-38 3
0.317266 0.22748 0.433791 1.41041e-38 3
0.317245 0.222549 0.424386 1.50257e-38 3
0.322226 0.216677 0.413188 1.49325e-38 3
0.326319 0.214975 0.409943 1.44726e-38 3
0.331209 0.213855 0.407808 1.36446e-38 3
0.337798 0.213855 0.407808 1.21698e-38 3
-0.411818 0.261267 0.483328 1.17045e-38 3
-0.411438 0.271316 0.501918 1.20719e-38 3
-0.404625 0.272189 0.503532 1.25318e-38 3
-0.396489 0.272189 0.503532 1.27162e-38 3
-0.388353 0.272189 0.503532 1.19797e-38 3
-0.380217 0.272189 0.503532 1.15187e-38 3
-0.370889 0.271316 0.501918 1.16112e-38 3
-0.359324 0.268732 0.497138 1.1519e-38 3
-0.31616 0.247516 0.45789 1.21644e-38 3
-0.308762 0.247516 0.45789 1.23492e-38 3
-0.307661 0.252688 0.467458 1.21648e-38 3
-0.300108 0.252688 0.467458 1.18882e-38 3
-0.293431 0.253445 0.468858 1.12428e-38 3
-0.288446 0.255742 0.473107 1.19804e-38 3
-0.279956 0.254972 0.471682 1.2257e-38 3
-0.271517 0.254206 0.470266 1.13343e-38 3
-0.260786 0.251189 0.464684 1.16109e-38 3
-0.240071 0.245364 0.453908 1.31775e-38 3
-0.232737 0.245364 0.453908 1.50207e-38 3
-0.225403 0.245364 0.453908 1.44675e-38 3
-0.227981 0.256517 0.474541 1.46519e-38 3
-0.222335 0.25887 0.478894 1.43753e-38 3
-0.215918 0.260464 0.481841 1.45593e-38 3
-0.209422 0.262076 0.484825 1.38221e-38 3
-0.201588 0.262076 0.484825 1.54824e-38 3
-0.193156 0.261267 0.483328 1.52976e-38 3
-0.165294 0.243249 0.449995 1.11506e-38 3
-0.15757 0.242552 0.448706 1.28112e-38 3
-0.150752 0.243249 0.449995 1.3641e-38 3
-0.143482 0.243249 0.449995 1.45629e-38 3
-0.135047 0.24117 0.446149 1.54838e-38 3
-0.126398 0.238452 0.441122 1.51132e-38 3
-0.118935 0.237783 0.439883 1.31786e-38 3
-0.111828 0.237783 0.439883 1.3363e-38 3
-0.106212 0.24117 0.446149 1.60366e-38 3
-0.0984042 0.306705 0.567386 1.31843e-38 3
-0.0889145 0.305598 0.565337 1.39233e-38 3
-0.0385862 0.225135 0.416485 1.29106e-38 3
-0.0315216 0.222765 0.412101 1.43854e-38 3
-0.0248631 0.222765 0.412101 1.33702e-38 3
-0.0182046 0.222765 0.412101 1.57676e-38 3
-0.0116072 0.223943 0.414282 1.52144e-38 3
-0.00491348 0.223943 0.414282 1.32787e-38 3
0.00178023 0.223943 0.414282 1.47531e-38 3
0.00892243 0.235796 0.436207 1.58587e-38 3
0.0159704 0.235796 0.436207 1.59502e-38 3
0.099165 0.232557 0.430215 2.25804e-38 3
0.106116 0.232557 0.430215 1.81528e-38 3
0.113692 0.233842 0.432592 1.84287e-38 3
0.122716 0.237783 0.439883 1.72305e-38 3
0.130926 0.239804 0.443622 1.65876e-38 3
0.139278 0.241859 0.447424 1.62196e-38 3
0.14863 0.245364 0.453908 1.6682e-38 3
0.155964 0.245364 0.453908 1.63132e-38 3
0.168195 0.241859 0.447424 1.88947e-38 3
0.161575 0.222765 0.412101 1.7143e-38 3
0.183588 0.233842 0.432592 1.73292e-38 3
0.190577 0.233842 0.432592 1.49339e-38 3
0.199218 0.235796 0.436207 1.49339e-38 3
0.205693 0.235141 0.434996 1.66838e-38 3
0.212721 0.235141 0.434996 1.51161e-38 3
0.220362 0.235796 0.436207 1.53005e-38 3
0.228045 0.236454 0.437426 1.66838e-38 3
0.235113 0.236454 0.437426 1.55775e-38 3
0.24218 0.236454 0.437426 1.54853e-38 3
0.249248 0.236454 0.437426 1.54845e-38 3
0.257034 0.237117 0.438651 1.51165e-38 3
0.26192 0.235141 0.434996 1.41952e-38 3
0.268949 0.235141 0.434996 1.57618e-38 3
0.273696 0.233197 0.431401 1.48395e-38 3
0.279129 0.23192 0.429037 1.45619e-38 3
0.303531 0.229406 0.424386 1.33662e-38 3
0.308061 0.222765 0.412101 1.32744e-38 3
0.312255 0.22102 0.408873 1.31825e-38 3
0.318031 0.220444 0.407808 1.39194e-38 3
0.322103 0.218735 0.404647 1.42889e-38 3
0.327794 0.218172 0.403604 1.41978e-38 3
0.333456 0.217611 0.402567 1.2262e-38 3
0.342939 0.215396 0.398469 1.21695e-38 3
0.349377 0.215396 0.398469 1.21695e-38 3
-0.389006 0.254172 0.456555 1.18889e-38 3
-0.38958 0.259467 0.466067 1.1335e-38 3
-0.391367 0.265795 0.477434 1.18864e-38 3
-0.403328 0.279426 0.501918 1.13332e-38 3
-0.393956 0.278533 0.500314 1.13343e-38 3
-0.383422 0.276765 0.497138 1.14265e-38 3
-0.373021 0.275018 0.494001 1.15187e-38 3
-0.36049 0.271591 0.487846 1.17956e-38 3
-0.3472 0.267426 0.480363 1.16116e-38 3
-0.327387 0.257932 0.463309 1.15198e-38 3
-0.307862 0.254172 0.456555 1.17038e-38 3
-0.301363 0.254915 0.45789 1.18882e-38 3
-0.293965 0.254915 0.45789 1.13343e-38 3
-0.283254 0.251968 0.452597 1.15187e-38 3
-0.275941 0.251968 0.452597 1.18875e-38 3
-0.267854 0.251242 0.451292 1.19797e-38 3
-0.261316 0.251968 0.452597 1.22555e-38 3
-0.253271 0.251242 0.451292 1.37303e-38 3
-0.243176 0.248379 0.446149 1.35463e-38 3
-0.235297 0.247673 0.444882 1.43753e-38 3
-0.229412 0.249088 0.447424 1.41909e-38 3
-0.22282 0.249802 0.448706 1.34534e-38 3
-0.216189 0.25052 0.449995 1.3269e-38 3
-0.208918 0.25052 0.449995 1.44682e-38 3
-0.203992 0.253433 0.455228 1.30842e-38 3
-0.202524 0.261021 0.468858 1.28084e-38 3
-0.194949 0.261021 0.468858 1.20722e-38 3
-0.189645 0.264184 0.474541 1.37317e-38 3
-0.176107 0.255662 0.459233 1.21648e-38 3
-0.164349 0.249088 0.447424 1.09677e-38 3
-0.155345 0.246274 0.442368 1.36417e-38 3
-0.148197 0.246274 0.442368 1.58537e-38 3
-0.140257 0.24489 0.439883 1.34573e-38 3
-0.132777 0.244204 0.438651 1.39168e-38 3
-0.124642 0.242169 0.434996 1.52069e-38 3
-0.117288 0.241498 0.433791 1.28105e-38 3
-0.057851 0.228222 0.409943 1.27266e-38 3
-0.051497 0.229423 0.412101 1.42017e-38 3
-0.0447209 0.228821 0.411019 1.37411e-38 3
-0.0380798 0.228821 0.411019 1.35563e-38 3
-0.0312747 0.227626 0.408873 1.39244e-38 3
-0.0246683 0.227626 0.408873 1.34627e-38 3
-0.0179682 0.226444 0.406749 1.41084e-38 3
-0.0113962 0.226444 0.406749 1.51219e-38 3
-0.00481165 0.225857 0.405695 1.41992e-38 3
0.00173883 0.225274 0.404647 1.48446e-38 3
0.00827688 0.225274 0.404647 1.5858e-38 3
0.014626 0.2224 0.399486 1.52123e-38 3
0.0210806 0.2224 0.399486 1.45662e-38 3
0.0275353 0.2224 0.399486 1.4658e-38 3
0.0340769 0.222969 0.400507 1.67753e-38 3
0.110044 0.233104 0.418712 2.0825e-38 3
0.1176 0.221834 0.398469 1.93521e-38 3
0.124039 0.221834 0.398469 1.84319e-38 3
0.137105 0.233104 0.418712 1.75103e-38 3
0.133187 0.215794 0.38762 1.74181e-38 3
0.145713 0.215794 0.38762 1.6682e-38 3
0.150118 0.213156 0.382881 1.70515e-38 3
0.20177 0.23755 0.426699 1.54863e-38 3
0.206972 0.235624 0.423239 1.74196e-38 3
0.216147 0.238199 0.427865 1.53916e-38 3
0.22615 0.241498 0.433791 1.55767e-38 3
0.230604 0.238852 0.429037 1.50236e-38 3
0.237536 0.238852 0.429037 1.51154e-38 3
0.24514 0.239508 0.430215 1.59448e-38 3
0.254186 0.241498 0.433791 1.58533e-38 3
0.252792 0.233729 0.419835 1.41023e-38 3
0.258881 0.233104 0.418712 1.4103e-38 3
0.264938 0.232482 0.417596 1.61306e-38 3
0.269529 0.230637 0.414282 1.59448e-38 3
0.277692 0.231864 0.416485 1.50239e-38 3
0.298674 0.232482 0.417596 1.31811e-38 3
0.302198 0.230029 0.413188 1.42885e-38 3
0.302489 0.225274 0.404647 1.44736e-38 3
0.30665 0.223541 0.401534 1.37371e-38 3
0.312337 0.222969 0.400507 1.38286e-38 3
0.318808 0.222969 0.400507 1.39212e-38 3
0.325279 0.222969 0.400507 1.29074e-38 3
0.33175 0.222969 0.400507 1.28152e-38 3
0.342939 0.221834 0.398469 1.1156e-38 3
