# .PCD v0.7 - Point Cloud Data file format
VERSION 0.7
FIELDS x y z rgb label
SIZE 4 4 4 4 4
TYPE F F F F U
COUNT 1 1 1 1 1
WIDTH 2685
HEIGHT 1
VIEWPOINT 0 0 0 1 0 0 0
POINTS 2685
DATA ascii
0.191609 -0.216892 0.686835 1.35448e-38 5
0.159717 -0.207615 0.692913 1.6217e-38 5
0.170913 -0.207615 0.692913 2.10958e-38 5
0.178941 -0.204005 0.680863 2.19252e-38 5
0.189942 -0.204005 0.680863 1.95325e-38 5
0.199211 -0.202246 0.674993 6.54227e-39 5
-1.43383 -0.792693 2.7964 1.74957e-39 1
-1.38864 -0.792693 2.7964 1.19855e-39 1
-1.2539 -0.739847 2.60997 1.93612e-39 1
-1.25351 -0.765359 2.69997 1.84284e-39 1
0.0365646 -0.19642 0.692913 1.87031e-38 5
0.0469297 -0.193004 0.680863 1.48337e-38 5
0.145938 -0.193004 0.680863 1.49281e-38 5
0.156939 -0.193004 0.680863 2.14671e-38 5
0.158305 -0.18193 0.641797 2.10944e-38 5
0.170068 -0.183433 0.647101 2.15557e-38 5
0.184332 -0.187303 0.660753 2.20196e-38 5
0.199211 -0.19134 0.674993 1.22559e-38 5
-1.38438 -0.721735 2.69997 2.02724e-39 1
-1.34076 -0.721735 2.69997 1.28967e-39 1
-1.21345 -0.675171 2.52578 2.21162e-39 1
-1.17264 -0.675171 2.52578 1.38222e-39 1
0.0251464 -0.183599 0.686835 1.91655e-38 5
0.0359287 -0.182003 0.680863 1.92523e-38 5
0.0465251 -0.180434 0.674993 1.92523e-38 5
0.0579307 -0.182003 0.680863 1.79651e-38 5
0.123937 -0.182003 0.680863 3.87077e-39 5
0.134938 -0.182003 0.680863 1.09659e-38 5
0.137565 -0.17156 0.641797 2.08239e-38 5
0.147331 -0.17086 0.639177 2.10043e-38 5
0.158305 -0.17156 0.641797 2.09093e-38 5
0.169368 -0.172266 0.644438 2.03557e-38 5
0.179781 -0.172266 0.644438 2.05441e-38 5
0.191772 -0.173695 0.649786 1.2625e-38 5
-1.33824 -0.655506 2.60997 1.75065e-39 1
-1.17553 -0.614537 2.44685 1.28895e-39 1
-1.13599 -0.614537 2.44685 2.30417e-39 1
0.0140489 -0.172502 0.686835 6.26463e-39 5
0.0250366 -0.171748 0.683836 2.02697e-38 5
0.0357732 -0.170261 0.677915 2.17394e-38 5
0.0469297 -0.171002 0.680863 2.00799e-38 5
0.0574313 -0.169528 0.674993 1.98061e-38 5
0.0683374 -0.169528 0.674993 1.62167e-38 5
0.0782319 -0.167363 0.666376 1.03234e-38 5
0.0901497 -0.169528 0.674993 1.38293e-38 5
0.100192 -0.168079 0.669224 1.46591e-38 5
0.112936 -0.171002 0.680863 1.73313e-38 5
0.121818 -0.168079 0.669224 1.52094e-38 5
0.132631 -0.168079 0.669224 1.52972e-38 5
0.137565 -0.16119 0.641797 1.89796e-38 5
0.147935 -0.16119 0.641797 2.32228e-38 5
0.157658 -0.160532 0.639177 2.30341e-38 5
0.167986 -0.160532 0.639177 2.03593e-38 5
0.177588 -0.15988 0.636579 2.11012e-38 5
0.189414 -0.16119 0.641797 8.47837e-39 5
0.202271 -0.163197 0.649786 3.87186e-39 5
-1.42801 -0.634485 2.69997 1.29075e-39 1
-1.33824 -0.613336 2.60997 1.75065e-39 1
0.0251464 -0.161404 0.686835 1.69513e-38 5
0.0359287 -0.160001 0.680863 2.10029e-38 5
0.0469297 -0.160001 0.680863 2.27564e-38 5
0.0574313 -0.158621 0.674993 1.62116e-38 5
0.0680441 -0.157941 0.672096 1.43735e-38 5
0.0775717 -0.155275 0.660753 2.10177e-38 5
0.0886217 -0.155933 0.663553 2.27723e-38 5
0.101056 -0.158621 0.674993 2.32333e-38 5
0.111962 -0.158621 0.674993 2.32311e-38 5
0.120276 -0.155275 0.660753 2.31375e-38 5
0.129315 -0.153334 0.652493 2.33204e-38 5
0.137565 -0.15082 0.641797 1.93509e-38 5
0.147935 -0.15082 0.641797 1.95324e-38 5
0.157658 -0.150205 0.639177 1.96254e-38 5
0.167303 -0.149594 0.636579 2.35019e-38 5
0.177588 -0.149594 0.636579 1.97233e-38 5
0.188641 -0.150205 0.639177 4.79237e-39 5
-1.76807 -0.634628 2.89997 1.56553e-39 1
-1.65974 -0.611963 2.7964 1.56697e-39 1
-1.61456 -0.611963 2.7964 2.48821e-39 1
-1.47901 -0.611963 2.7964 1.47514e-39 1
-1.38438 -0.590861 2.69997 1.84284e-39 1
0.0253689 -0.151637 0.692913 1.42806e-38 5
0.0362439 -0.150307 0.686835 1.92519e-38 5
0.0471346 -0.14965 0.683836 1.81456e-38 5
0.0579307 -0.149 0.680863 1.8241e-38 5
0.0680441 -0.147081 0.672096 1.90776e-38 5
0.0775717 -0.144599 0.660753 1.07858e-38 5
0.0882478 -0.144599 0.660753 8.66603e-39 5
0.0997658 -0.14583 0.666376 1.89912e-38 5
0.110533 -0.14583 0.666376 2.33237e-38 5
0.117306 -0.141029 0.644438 2.09248e-38 5
0.127719 -0.141029 0.644438 1.47473e-38 5
0.137003 -0.139877 0.639177 2.26739e-38 5
0.147935 -0.140451 0.641797 2.0736e-38 5
0.158305 -0.140451 0.641797 2.34126e-38 5
0.167986 -0.139877 0.639177 2.29523e-38 5
0.177588 -0.139309 0.636579 1.17056e-38 5
0.188641 -0.139877 0.639177 5.34591e-39 5
-1.83607 -0.610379 3.01151 1.65773e-39 1
-1.72121 -0.587772 2.89997 1.65773e-39 1
-1.61456 -0.566781 2.7964 1.65845e-39 1
-1.6901 -0.610379 3.01151 1.56626e-39 1
-1.58064 -0.587772 2.89997 8.2869e-40 1
-1.59278 -0.610379 3.01151 1.28895e-39 1
-1.48693 -0.587772 2.89997 1.28967e-39 1
0.0253689 -0.140441 0.692913 7.92378e-39 5
0.0362439 -0.139209 0.686835 2.00849e-38 5
0.0471346 -0.138601 0.683836 2.13731e-38 5
0.0581836 -0.138601 0.683836 1.99016e-38 5
0.0689316 -0.137999 0.680863 1.17949e-38 5
0.0775717 -0.133923 0.660753 7.28166e-39 5
0.0875093 -0.132802 0.655223 8.02104e-39 5
0.098096 -0.132802 0.655223 1.45666e-38 5
0.109139 -0.13336 0.657977 2.00054e-38 5
0.116825 -0.130081 0.641797 2.2217e-38 5
0.127195 -0.130081 0.641797 2.30464e-38 5
0.137003 -0.12955 0.639177 2.14797e-38 5
0.148544 -0.130616 0.644438 2.33236e-38 5
0.158305 -0.130081 0.641797 2.34166e-38 5
0.167986 -0.12955 0.639177 1.74239e-38 5
0.178313 -0.12955 0.639177 5.43882e-39 5
0.188641 -0.12955 0.639177 5.43954e-39 5
-1.81492 -0.540916 2.89997 1.93325e-39 1
-1.83607 -0.561721 3.01151 2.11799e-39 1
-1.78741 -0.561721 3.01151 2.2109e-39 1
-1.61456 -0.521598 2.7964 1.84284e-39 1
-1.6901 -0.561721 3.01151 1.84212e-39 1
-1.64144 -0.561721 3.01151 1.74993e-39 1
-1.59278 -0.561721 3.01151 1.56482e-39 1
-1.54412 -0.561721 3.01151 1.84213e-39 1
-1.62008 -0.608531 3.26247 1.74957e-39 1
-1.4468 -0.561721 3.01151 1.74957e-39 1
0.0252572 -0.128676 0.689861 4.14809e-39 5
0.0360856 -0.127552 0.683836 1.22555e-38 5
0.0469297 -0.126998 0.680863 2.21157e-38 5
0.0576799 -0.126448 0.677915 2.01829e-38 5
0.0683374 -0.125903 0.674993 1.44715e-38 5
0.0769226 -0.122215 0.655223 1.21691e-38 5
0.0864245 -0.1207 0.647101 1.16163e-38 5
0.09688 -0.1207 0.647101 1.28148e-38 5
0.106456 -0.119711 0.641797 2.27716e-38 5
0.115406 -0.118257 0.634002 2.29564e-38 5
0.126161 -0.118738 0.636579 2.32319e-38 5
0.136447 -0.118738 0.636579 2.314e-38 5
0.147935 -0.119711 0.641797 2.30482e-38 5
0.157658 -0.119222 0.639177 2.29567e-38 5
0.167303 -0.118738 0.636579 1.3184e-38 5
0.178313 -0.119222 0.639177 5.71578e-39 5
-1.61456 -0.476415 2.7964 1.84177e-39 1
-1.6275 -0.49406 2.89997 1.84212e-39 1
-1.58064 -0.49406 2.89997 2.2109e-39 1
-1.59278 -0.513063 3.01151 2.30274e-39 1
-1.48693 -0.49406 2.89997 9.19812e-40 1
-1.55528 -0.533585 3.13197 2.11836e-39 1
-1.50468 -0.533585 3.13197 1.56626e-39 1
0.0253689 -0.11805 0.692913 4.42504e-39 5
0.0362439 -0.117014 0.686835 4.88457e-39 5
0.0469297 -0.115997 0.680863 1.97263e-38 5
0.0576799 -0.115495 0.677915 2.19397e-38 5
0.0666146 -0.112098 0.657977 1.98213e-38 5
0.0762842 -0.110702 0.649786 1.16167e-38 5
0.0839949 -0.107146 0.628909 8.29726e-39 5
0.0941564 -0.107146 0.628909 2.28642e-38 5
0.103901 -0.106717 0.626394 2.25879e-38 5
0.125144 -0.107578 0.631445 2.28645e-38 5
0.135894 -0.108013 0.634002 2.28645e-38 5
0.147331 -0.108895 0.639177 2.28645e-38 5
0.157658 -0.108895 0.639177 2.28645e-38 5
0.167303 -0.108452 0.636579 2.15734e-38 5
0.178313 -0.108895 0.639177 7.09871e-39 5
-1.70492 -0.431233 2.7964 1.47298e-39 1
-1.72121 -0.447204 2.89997 2.11835e-39 1
-1.55888 -0.416363 2.69997 1.38151e-39 1
-1.6275 -0.447204 2.89997 2.39566e-39 1
-1.64144 -0.464405 3.01151 2.39601e-39 1
-1.59278 -0.464405 3.01151 1.65809e-39 1
-1.54412 -0.464405 3.01151 2.48714e-39 1
-1.55528 -0.482981 3.13197 2.11836e-39 1
-1.4468 -0.464405 3.01151 2.11943e-39 1
0.0253689 -0.106854 0.692913 4.88637e-39 5
0.0360856 -0.105454 0.683836 4.88601e-39 5
0.0467265 -0.104541 0.677915 1.83466e-38 5
0.0574313 -0.104091 0.674993 2.314e-38 5
0.0668957 -0.101895 0.660753 2.28645e-38 5
0.0750388 -0.0985675 0.639177 2.29564e-38 5
0.0839949 -0.0969841 0.628909 1.82544e-38 5
0.103487 -0.0962113 0.623898 2.30489e-38 5
0.124143 -0.0965961 0.626394 2.28645e-38 5
0.135346 -0.0973751 0.631445 2.28645e-38 5
0.146732 -0.0981668 0.636579 2.28645e-38 5
0.157017 -0.0981668 0.636579 2.28645e-38 5
0.167303 -0.0981668 0.636579 2.28645e-38 5
0.178313 -0.0985675 0.639177 8.57421e-39 5
-1.39115 -0.254339 1.84233 1.65738e-39 1
-1.39419 -0.260468 1.88673 1.6581e-39 1
-1.55051 -0.296148 2.14518 1.01273e-39 1
-1.70492 -0.38605 2.7964 1.38187e-39 1
-1.72121 -0.400348 2.89997 1.84177e-39 1
-1.55888 -0.372738 2.69997 1.19748e-39 1
-1.6901 -0.415746 3.01151 2.58112e-39 1
-1.65649 -0.432376 3.13197 1.47406e-39 1
-1.54412 -0.415746 3.01151 1.93396e-39 1
-1.55528 -0.432376 3.13197 2.02616e-39 1
-1.50468 -0.432376 3.13197 1.93504e-39 1
0.0251464 -0.0948193 0.686835 3.87258e-39 5
0.0463254 -0.0927846 0.672096 2.27727e-38 5
0.0569404 -0.0923881 0.669224 2.27723e-38 5
0.0663359 -0.0904553 0.655223 2.27723e-38 5
0.124143 -0.0864752 0.626394 2.26801e-38 5
0.134803 -0.0868225 0.628909 2.28645e-38 5
0.146138 -0.0875255 0.634002 2.28645e-38 5
0.156382 -0.0875255 0.634002 2.28645e-38 5
0.166626 -0.0875255 0.634002 2.30489e-38 5
0.178313 -0.08824 0.639177 8.38946e-39 5
1.3984 -0.34869 2.52578 2.30382e-39 1
1.43921 -0.34869 2.52578 2.67261e-39 1
-1.53568 -0.247904 2.03375 2.02616e-39 1
-1.48356 -0.244725 2.00767 1.47263e-39 1
-1.55051 -0.261487 2.14518 1.6581e-39 1
-1.5369 -0.265119 2.17498 1.19748e-39 1
-1.50176 -0.265119 2.17498 1.19748e-39 1
-1.94848 -0.389563 3.19589 1.84284e-39 1
-1.72121 -0.353492 2.89997 1.93432e-39 1
-1.55888 -0.329114 2.69997 1.93468e-39 1
-1.6901 -0.367088 3.01151 1.8432e-39 1
-1.70709 -0.381772 3.13197 1.93611e-39 1
-1.65649 -0.381772 3.13197 1.93576e-39 1
-1.43383 -0.340868 2.7964 2.21127e-39 1
-1.49546 -0.367088 3.01151 1.9336e-39 1
0.0249277 -0.0829938 0.680863 5.07041e-39 5
0.0357732 -0.0826346 0.677915 5.34628e-39 5
0.0457366 -0.0808838 0.663553 2.2956e-38 5
0.0557492 -0.0798686 0.655223 2.30482e-38 5
0.0647113 -0.0779126 0.639177 2.29564e-38 5
0.073538 -0.0763543 0.626394 2.2956e-38 5
0.0826669 -0.0754489 0.618966 2.29567e-38 5
0.0912255 -0.0742747 0.609332 2.28645e-38 5
0.111786 -0.0748572 0.614111 1.7331e-38 5
0.123157 -0.0757484 0.621422 2.28638e-38 5
0.134263 -0.0763543 0.626394 2.28645e-38 5
0.145549 -0.0769701 0.631445 2.28645e-38 5
0.166626 -0.0772817 0.634002 2.28652e-38 5
0.177588 -0.0775959 0.636579 7.92956e-39 5
1.3984 -0.30788 2.52578 2.11943e-39 1
1.43921 -0.30788 2.52578 2.11943e-39 1
-1.62982 -0.233216 2.20561 2.39423e-39 1
-1.59419 -0.233216 2.20561 1.47371e-39 1
-2.44809 -0.424573 4.01534 9.1981e-40 1
-2.32363 -0.413959 3.91496 1.56518e-39 1
-2.26038 -0.413959 3.91496 1.74957e-39 1
-1.70709 -0.331167 3.13197 1.28967e-39 1
-1.59278 -0.31843 3.01151 1.75065e-39 1
-1.38864 -0.295685 2.7964 1.84177e-39 1
0.0241915 -0.0698665 0.660753 4.70162e-39 5
0.0348675 -0.0698665 0.660753 6.17604e-39 5
0.044237 -0.0678621 0.641797 2.23113e-38 5
0.0539435 -0.0670379 0.634002 2.29567e-38 5
0.0634171 -0.0662334 0.626394 2.27723e-38 5
0.072666 -0.0654481 0.618966 2.28645e-38 5
0.0813803 -0.0644294 0.609332 2.29567e-38 5
0.0894846 -0.0631998 0.597704 2.30489e-38 5
0.100679 -0.0641797 0.606971 2.30489e-38 5
0.110916 -0.0644294 0.609332 2.28645e-38 5
0.134263 -0.0662334 0.626394 2.28645e-38 5
0.165954 -0.0667676 0.631445 2.25879e-38 5
0.176869 -0.0670379 0.634002 7.65297e-39 5
1.29796 -0.28065 2.65421 2.48893e-39 1
1.3185 -0.275973 2.60997 2.39709e-39 1
1.40284 -0.275973 2.60997 2.11943e-39 1
1.3547 -0.258724 2.44685 1.84356e-39 1
-2.32867 -0.34215 3.81947 2.21055e-39 1
-2.16152 -0.326236 3.64182 1.74957e-39 1
-1.51526 -0.241864 2.69997 1.65773e-39 1
-1.52419 -0.250502 2.7964 1.56626e-39 1
-1.53379 -0.25978 2.89997 2.39602e-39 1
0.0243974 -0.0596942 0.666376 6.17315e-39 5
0.034721 -0.0589417 0.657977 1.2168e-38 5
0.0528732 -0.0556672 0.621422 2.28645e-38 5
0.0612134 -0.0541627 0.604627 2.28645e-38 5
0.069903 -0.0533389 0.595431 2.27723e-38 5
0.0795237 -0.0533389 0.595431 2.25879e-38 5
0.0884715 -0.0529364 0.590937 2.26801e-38 5
0.165954 -0.0565651 0.631445 2.30482e-38 5
0.176156 -0.0565651 0.631445 1.07883e-38 5
1.3435 -0.246108 2.74734 2.58112e-39 1
1.3185 -0.233802 2.60997 2.58076e-39 1
1.36067 -0.233802 2.60997 3.40981e-39 1
1.37984 -0.229969 2.56719 2.39602e-39 1
1.3984 -0.22626 2.52578 2.02759e-39 1
-2.51252 -0.302577 4.12101 2.3953e-39 1
-1.58064 -0.212924 2.89997 2.02723e-39 1
-0.0503286 -0.0483105 0.657977 2.18431e-38 5
-0.0396974 -0.0483105 0.657977 2.21211e-38 5
-0.0293125 -0.04872 0.663553 2.08297e-38 5
-0.0187501 -0.0491364 0.669224 1.99048e-38 5
-0.00793717 -0.0491364 0.669224 1.92598e-38 5
0.00292577 -0.0499909 0.680863 1.5294e-38 5
0.0243974 -0.0489273 0.666376 1.72315e-38 5
0.0341471 -0.047512 0.647101 2.11996e-38 5
0.0520471 -0.0449137 0.611713 2.28645e-38 5
0.0605125 -0.0438852 0.597704 2.28645e-38 5
0.0691147 -0.0432252 0.588716 2.28645e-38 5
0.0786268 -0.0432252 0.588716 2.28645e-38 5
0.0884715 -0.0433883 0.590937 2.28645e-38 5
0.166626 -0.0465502 0.634002 2.33251e-38 5
0.176869 -0.0465502 0.634002 1.9731e-38 5
1.3435 -0.201718 2.74734 2.58076e-39 1
-2.6521 -0.249102 4.34996 2.76443e-39 1
-0.135326 -0.049273 0.860431 1.88849e-38 5
-0.121424 -0.049273 0.860431 2.11891e-38 5
-0.105209 -0.0482134 0.841927 2.10998e-38 5
-0.0860538 -0.0452913 0.790901 2.33161e-38 5
-0.0581466 -0.0435325 0.760186 2.23077e-38 5
-0.0458639 -0.0435325 0.760186 2.33225e-38 5
-0.0192435 -0.039332 0.686835 2.17498e-38 5
-0.00800559 -0.0386538 0.674993 2.20239e-38 5
0.00290055 -0.0386538 0.674993 2.1193e-38 5
0.0137474 -0.0384879 0.672096 2.11001e-38 5
0.0340066 -0.0369041 0.644438 2.25832e-38 5
0.176869 -0.0363064 0.634002 1.41074e-38 5
0.187874 -0.036454 0.636579 8.76041e-39 5
-0.142945 -0.0338814 0.824202 2.13753e-38 5
-0.133855 -0.0349862 0.851078 2.11891e-38 5
-0.120104 -0.0349862 0.851078 2.14671e-38 5
-0.105209 -0.03461 0.841927 2.32235e-38 5
-0.0851932 -0.0321873 0.782992 2.32271e-38 5
-0.069752 -0.0309493 0.752877 2.33222e-38 5
-0.0581466 -0.0312498 0.760186 2.31385e-38 5
-0.0458639 -0.0312498 0.760186 2.35087e-38 5
-0.0329417 -0.0306546 0.745707 2.35073e-38 5
-0.0080752 -0.027989 0.680863 2.25785e-38 5
0.00290055 -0.0277477 0.674993 2.15636e-38 5
0.0137474 -0.0276286 0.672096 2.27611e-38 5
0.0338672 -0.026383 0.641797 2.33222e-38 5
0.176869 -0.0260626 0.634002 9.95858e-39 5
0.187113 -0.0260626 0.634002 8.57602e-39 5
-0.168693 -0.0242685 0.972661 2.23894e-38 5
-0.145736 -0.0231197 0.926618 2.29437e-38 5
-0.126281 -0.0223271 0.894848 2.22093e-38 5
-0.10409 -0.0207832 0.83297 2.35062e-38 5
-0.0851932 -0.0195362 0.782992 2.3508e-38 5
-0.069752 -0.0187848 0.752877 2.34169e-38 5
-0.0578657 -0.0188755 0.756514 2.35087e-38 5
-0.0445659 -0.0184304 0.738672 2.33218e-38 5
-0.0326309 -0.0184304 0.738672 2.2858e-38 5
-0.00821813 -0.0172887 0.692913 2.26732e-38 5
0.0028881 -0.0167692 0.672096 2.25817e-38 5
0.0137474 -0.0167692 0.672096 2.23055e-38 5
0.0340066 -0.0160792 0.644438 2.31385e-38 5
0.176869 -0.0158188 0.634002 9.12882e-39 5
-0.209339 -0.00829524 0.943364 1.71404e-38 5
-0.189529 -0.00810006 0.921167 1.8425e-38 5
-0.174646 -0.00810006 0.921167 2.20207e-38 5
-0.159762 -0.00810006 0.921167 2.28515e-38 5
-0.144878 -0.00810006 0.921167 2.24856e-38 5
-0.125563 -0.00782392 0.889764 2.29494e-38 5
-0.106934 -0.00752465 0.855729 2.31385e-38 5
-0.0869319 -0.00702556 0.798972 2.33247e-38 5
-0.0714701 -0.0067833 0.771421 2.23106e-38 5
-0.0584302 -0.00671712 0.763895 2.24009e-38 5
-0.0454229 -0.00662024 0.752877 2.18431e-38 5
-0.0329417 -0.00655719 0.745707 2.10112e-38 5
-0.0209929 -0.00658857 0.749275 2.12881e-38 5
-0.00821813 -0.00609297 0.692913 2.27661e-38 5
0.00297756 -0.00609297 0.692913 2.35087e-38 5
0.0139268 -0.005987 0.680863 2.35087e-38 5
0.0247128 -0.00593539 0.674993 2.2308e-38 5
0.0350153 -0.00583479 0.663553 2.23076e-38 5
0.176869 -0.00557494 0.634002 1.00508e-38 5
-0.233003 0.00720759 0.97874 2.05578e-38 5
-0.193057 0.00640675 0.869991 2.17495e-38 5
-0.188421 0.00674395 0.91578 2.0731e-38 5
-0.173624 0.00674395 0.91578 2.17452e-38 5
-0.158828 0.00674395 0.91578 2.22108e-38 5
-0.140739 0.0065898 0.894848 2.18445e-38 5
-0.122094 0.00637135 0.865185 2.30445e-38 5
-0.101921 0.00600633 0.815617 2.33244e-38 5
-0.0869319 0.00588375 0.798972 2.31407e-38 5
-0.0721812 0.00573739 0.779097 2.24017e-38 5
-0.0590059 0.00568086 0.771421 2.17549e-38 5
-0.0465417 0.00568086 0.771421 2.22137e-38 5
-0.0339105 0.00565301 0.767639 2.3226e-38 5
-0.0211958 0.00557109 0.756514 2.33175e-38 5
-0.00884427 0.0054915 0.745707 2.29537e-38 5
0.00303121 0.00519466 0.705398 2.31403e-38 5
0.0141732 0.00510272 0.692913 2.31414e-38 5
0.0249277 0.00501398 0.680863 2.33243e-38 5
0.0359287 0.00501398 0.680863 2.16615e-38 5
0.176869 0.00466889 0.634002 9.77455e-39 5
-0.223655 0.0206935 0.879766 1.09709e-38 5
-0.204838 0.0202387 0.860431 2.24957e-38 5
-0.189892 0.0201281 0.855729 2.1017e-38 5
-0.179 0.0204636 0.869991 2.21194e-38 5
-0.165865 0.0205779 0.874851 2.35052e-38 5
-0.152582 0.0206935 0.879766 2.34159e-38 5
-0.134586 0.0201281 0.855729 2.32311e-38 5
-0.117548 0.0195928 0.83297 2.32315e-38 5
-0.101393 0.0190852 0.811391 2.2956e-38 5
-0.0860538 0.0186032 0.790901 2.29563e-38 5
-0.0721812 0.0183256 0.779097 2.32326e-38 5
-0.059298 0.0182349 0.77524 2.35088e-38 5
-0.0467721 0.0182349 0.77524 2.24002e-38 5
-0.0340776 0.018145 0.771421 2.13832e-38 5
-0.0212987 0.0178808 0.760186 2.28579e-38 5
-0.00892931 0.0177088 0.752877 2.35069e-38 5
0.00314452 0.0172123 0.731768 2.29562e-38 5
0.0144939 0.0166671 0.70859 2.30495e-38 5
0.0255954 0.0164439 0.6991 2.35094e-38 5
0.0368911 0.0164439 0.6991 2.15704e-38 5
0.176869 0.0149127 0.634002 9.682e-39 5
1.07579 0.0409271 1.73998 3.2265e-39 3
1.10391 0.0409271 1.73998 3.1343e-39 3
1.13202 0.0409271 1.73998 3.59492e-39 3
1.21409 0.0428307 1.82091 3.50272e-39 3
1.40714 0.0484663 2.06051 3.68675e-39 3
-0.223655 0.0349082 0.879766 8.85043e-39 5
-0.204838 0.034141 0.860431 1.80707e-38 5
-0.189892 0.0339545 0.855729 2.12028e-38 5
-0.178011 0.0343296 0.865185 2.32311e-38 5
-0.164943 0.0345204 0.869991 2.2956e-38 5
-0.149228 0.034141 0.860431 2.2773e-38 5
-0.131007 0.0330514 0.83297 2.29563e-38 5
-0.116926 0.0328765 0.828563 2.28645e-38 5
-0.100353 0.0318649 0.803069 2.28645e-38 5
-0.0860538 0.0313821 0.790901 2.2773e-38 5
-0.0721812 0.0309138 0.779097 2.2773e-38 5
-0.059298 0.0307607 0.77524 2.29563e-38 5
-0.0467721 0.0307607 0.77524 2.314e-38 5
-0.0340776 0.0306092 0.771421 2.29534e-38 5
-0.0212987 0.0301634 0.760186 2.20307e-38 5
-0.00892931 0.0298734 0.752877 2.23094e-38 5
0.00315929 0.0291721 0.735204 2.16662e-38 5
0.0146263 0.0283729 0.715061 2.26804e-38 5
0.0260608 0.0282439 0.711811 2.268e-38 5
0.0373919 0.0281161 0.70859 2.31381e-38 5
0.176869 0.0251565 0.634002 9.40505e-39 5
0.91761 0.0621366 1.56598 4.24136e-39 3
0.942912 0.0621366 1.56598 4.33356e-39 3
1.00856 0.0647257 1.63123 3.59528e-39 3
1.05693 0.0661028 1.66594 3.77967e-39 3
1.10741 0.0675398 1.70216 4.60871e-39 3
1.1865 0.0706098 1.77953 4.14809e-39 3
4.00193 0.155342 3.91496 2.85771e-39 3
4.17282 0.147944 3.72853 2.94955e-39 3
5.5559 0.194177 4.8937 2.30454e-39 3
-0.246168 0.0508366 0.910456 4.97785e-39 3
-0.222406 0.0488485 0.874851 1.36446e-38 5
-0.201516 0.0472643 0.846478 2.25879e-38 5
-0.187839 0.0472643 0.846478 2.28645e-38 5
-0.174162 0.0472643 0.846478 2.28645e-38 5
-0.162239 0.0477808 0.855729 2.28645e-38 5
-0.146808 0.0472643 0.846478 2.28645e-38 5
-0.130314 0.046264 0.828563 2.25879e-38 5
-0.114503 0.0453051 0.811391 2.28645e-38 5
-0.0998412 0.0446117 0.798972 2.30489e-38 5
-0.0860538 0.0441611 0.790901 2.28645e-38 5
-0.0729066 0.0439391 0.786927 2.30489e-38 5
-0.059593 0.0435019 0.779097 2.27723e-38 5
-0.0340776 0.0430733 0.771421 2.314e-38 5
-0.0214025 0.0426531 0.763895 2.3324e-38 5
-0.00888659 0.0418368 0.749275 2.23109e-38 5
0.00315929 0.0410511 0.735204 2.22194e-38 5
0.0146934 0.0401096 0.718341 2.3141e-38 5
0.0262999 0.0401096 0.718341 2.27733e-38 5
0.0377333 0.0399264 0.715061 2.33232e-38 5
0.176869 0.0354004 0.634002 9.49652e-39 5
0.962156 0.0892234 1.59794 3.96478e-39 3
0.987974 0.0892234 1.59794 4.33356e-39 3
1.03491 0.0910822 1.63123 3.87186e-39 3
1.06127 0.0910822 1.63123 3.87186e-39 3
1.13491 0.0950423 1.70216 3.68783e-39 3
1.16242 0.0950423 1.70216 3.87222e-39 3
4.21255 0.230102 4.12101 3.78002e-39 3
4.27914 0.230102 4.12101 3.04318e-39 3
4.34572 0.230102 4.12101 2.21306e-39 3
4.19169 0.218597 3.91496 2.21378e-39 3
4.25495 0.218597 3.91496 2.12159e-39 3
4.11258 0.208188 3.72853 2.3049e-39 3
4.38146 0.218597 3.91496 2.67404e-39 3
4.67865 0.230102 4.12101 3.41089e-39 3
-0.289033 0.0687446 0.954868 8.1107e-39 3
-0.26709 0.0671078 0.932133 7.37386e-39 3
-0.249064 0.0663183 0.921167 4.51723e-39 3
-0.222406 0.0629839 0.874851 1.58577e-38 5
-0.204838 0.0619457 0.860431 2.27723e-38 5
-0.187839 0.0609412 0.846478 2.28645e-38 5
-0.174162 0.0609412 0.846478 2.28645e-38 5
-0.162239 0.0616072 0.855729 2.28645e-38 5
-0.145238 0.0602894 0.837425 2.28645e-38 5
-0.126955 0.058114 0.807208 2.28645e-38 5
-0.112751 0.057521 0.798972 2.28645e-38 5
-0.0993344 0.057229 0.794916 1.6042e-38 5
-0.0860538 0.05694 0.790901 9.31176e-39 5
-0.0729066 0.0566538 0.786927 1.3184e-38 5
-0.0211958 0.0544643 0.756514 2.30482e-38 5
-0.00884427 0.0536863 0.745707 2.30485e-38 5
0.00314452 0.0526828 0.731768 2.29563e-38 5
0.0146934 0.0517161 0.718341 2.33244e-38 5
0.0261798 0.05148 0.715061 2.32332e-38 5
0.0377333 0.05148 0.715061 2.15715e-38 5
0.962156 0.115042 1.59794 4.79454e-39 3
0.987974 0.115042 1.59794 5.34771e-39 3
1.03491 0.117439 1.63123 5.34699e-39 3
1.06127 0.117439 1.63123 4.88637e-39 3
1.08763 0.117439 1.63123 4.33356e-39 3
1.16242 0.122545 1.70216 4.24136e-39 3
1.24401 0.128115 1.77953 4.88673e-39 3
4.44892 0.352316 4.8937 3.68711e-39 3
4.26164 0.331592 4.60584 3.41089e-39 3
3.68565 0.281853 3.91496 3.59528e-39 3
3.7489 0.281853 3.91496 3.77967e-39 3
3.81216 0.281853 3.91496 2.95026e-39 3
4.07939 0.296687 4.12101 2.95026e-39 3
4.3763 0.31317 4.34996 3.13465e-39 3
4.21255 0.296687 4.12101 3.31905e-39 3
4.27914 0.296687 4.12101 3.13466e-39 3
4.34572 0.296687 4.12101 3.04246e-39 3
3.81063 0.25623 3.55905 3.41233e-39 3
3.86814 0.25623 3.55905 3.13574e-39 3
4.11258 0.268431 3.72853 3.31941e-39 3
4.38146 0.281853 3.91496 3.13502e-39 3
-0.273604 0.0841728 0.954868 8.01923e-39 3
-0.247608 0.0807271 0.91578 5.43919e-39 3
-0.22749 0.0788819 0.894848 1.91767e-38 5
-0.211821 0.0784337 0.889764 2.27723e-38 5
-0.194135 0.0771192 0.874851 2.26801e-38 5
-0.177033 0.075848 0.860431 2.29567e-38 5
-0.162239 0.0754336 0.855729 1.11557e-38 5
-0.144466 0.0734273 0.83297 2.32333e-38 5
-0.126955 0.0711564 0.807208 2.28645e-38 5
-0.112178 0.0700728 0.794916 2.27723e-38 5
-0.0210939 0.066367 0.752877 2.27727e-38 5
-0.00876084 0.0651148 0.738672 2.2773e-38 5
0.0031299 0.0642062 0.728365 2.2773e-38 5
0.0146934 0.0633227 0.718341 2.2956e-38 5
0.0260608 0.062747 0.711811 2.31407e-38 5
0.168674 0.0565752 0.641797 1.07873e-38 5
1.03002 0.146855 1.66594 5.16367e-39 3
1.05693 0.146855 1.66594 5.71613e-39 3
1.06127 0.143795 1.63123 5.80833e-39 3
1.13491 0.150047 1.70216 5.25551e-39 3
1.21525 0.156867 1.77953 5.80869e-39 3
1.24401 0.156867 1.77953 5.25659e-39 3
1.27276 0.156867 1.77953 4.97893e-39 3
4.18722 0.40601 4.60584 3.96478e-39 3
4.26164 0.40601 4.60584 4.14917e-39 3
3.68565 0.345108 3.91496 3.96478e-39 3
3.57039 0.328675 3.72853 4.14917e-39 3
4.3763 0.383454 4.34996 3.78002e-39 3
4.21255 0.363272 4.12101 3.68783e-39 3
4.27914 0.363272 4.12101 3.04282e-39 3
3.93185 0.328675 3.72853 4.05697e-39 3
3.81063 0.313735 3.55905 3.96586e-39 3
3.86814 0.313735 3.55905 3.41268e-39 3
4.11258 0.328675 3.72853 3.13502e-39 3
4.38146 0.345108 3.91496 2.95063e-39 3
-1.37759 0.194459 1.86427 7.74227e-39 3
-0.247907 0.0902462 0.865185 7.74264e-39 3
-0.240573 0.09281 0.889764 6.36115e-39 3
-0.226197 0.09281 0.889764 2.18504e-38 5
-0.211821 0.09281 0.889764 2.25879e-38 5
-0.195226 0.0917672 0.879766 2.28645e-38 5
-0.177033 0.0897503 0.860431 1.37371e-38 5
-0.162239 0.0892599 0.855729 1.09713e-38 5
-0.144466 0.086886 0.83297 2.29567e-38 5
-0.126304 0.083767 0.803069 2.29567e-38 5
-0.112178 0.0829166 0.794916 2.27723e-38 5
-0.0467721 0.0808642 0.77524 1.15248e-38 5
-0.0335813 0.079294 0.760186 2.29574e-38 5
-0.0209929 0.0781558 0.749275 2.28645e-38 5
-0.00876084 0.0770498 0.738672 2.2956e-38 5
0.0146263 0.0745871 0.715061 2.29563e-38 5
0.0253689 0.0722768 0.692913 2.26805e-38 5
0.168674 0.0669449 0.641797 1.03263e-38 3
0.179044 0.0669449 0.641797 1.04185e-38 3
0.188641 0.0666717 0.639177 1.00497e-38 3
1.24246 0.199202 1.90974 6.91467e-39 3
1.243 0.194459 1.86427 6.73064e-39 3
1.27312 0.194459 1.86427 6.45514e-39 3
1.24401 0.18562 1.77953 6.27146e-39 3
1.27276 0.18562 1.77953 5.16332e-39 3
4.21255 0.429857 4.12101 4.24136e-39 3
4.27914 0.429857 4.12101 3.4116e-39 3
3.93185 0.388918 3.72853 3.87258e-39 3
3.86814 0.37124 3.55905 3.68927e-39 3
4.31821 0.408364 3.91496 3.96478e-39 3
-0.246545 0.103653 0.860431 9.49615e-39 3
-0.23787 0.105982 0.879766 1.14312e-38 3
-0.223655 0.105982 0.879766 2.27716e-38 3
-0.209441 0.105982 0.879766 2.28645e-38 5
-0.193057 0.104804 0.869991 2.31411e-38 5
-0.175109 0.102526 0.851078 1.10635e-38 5
-0.161357 0.102526 0.851078 1.005e-38 5
-0.144466 0.100345 0.83297 1.20783e-38 5
-0.12566 0.0962489 0.798972 2.26805e-38 5
-0.112751 0.0962489 0.798972 2.29574e-38 5
-0.0747857 0.0972412 0.807208 1.06947e-38 5
-0.059298 0.09339 0.77524 1.04185e-38 5
-0.0467721 0.09339 0.77524 1.00508e-38 5
-0.0335813 0.0915767 0.760186 1.08798e-38 5
-0.020893 0.0898323 0.745707 1.08802e-38 5
-0.00876084 0.0889849 0.738672 1.44747e-38 5
0.0252572 0.0831048 0.689861 2.32333e-38 5
0.0360856 0.082379 0.683836 2.29567e-38 5
0.0471346 0.082379 0.683836 2.15748e-38 5
0.179044 0.0773147 0.641797 9.4054e-39 3
0.187874 0.0766861 0.636579 9.22137e-39 3
1.49826 0.277423 2.30292 6.73065e-39 3
1.33862 0.241856 2.00767 7.28382e-39 3
1.27312 0.224581 1.86427 6.08635e-39 3
1.24401 0.214373 1.77953 7.00831e-39 3
1.21742 0.205052 1.70216 6.36186e-39 3
1.24492 0.205052 1.70216 6.82284e-39 3
4.27914 0.496442 4.12101 4.70234e-39 3
4.31821 0.47162 3.91496 3.87294e-39 3
-0.238676 0.113803 0.83297 1.11571e-38 3
-0.233928 0.118204 0.865185 1.38301e-38 3
-0.22117 0.118861 0.869991 2.27723e-38 3
-0.175109 0.116277 0.851078 1.59498e-38 5
-0.161357 0.116277 0.851078 1.0511e-38 3
-0.146019 0.115027 0.841927 1.06032e-38 3
-0.127613 0.110855 0.811391 1.15252e-38 3
-0.059298 0.105916 0.77524 1.11571e-38 5
-0.0467721 0.105916 0.77524 1.13415e-38 5
-0.0337451 0.104366 0.763895 1.00508e-38 5
-0.020893 0.101881 0.745707 1.0972e-38 5
0.0359287 0.0930218 0.680863 1.41981e-38 5
0.0469297 0.0930218 0.680863 2.28645e-38 5
0.179781 0.0880453 0.644438 1.15259e-38 3
0.187874 0.0869716 0.636579 1.13415e-38 3
1.54367 0.324167 2.3727 7.09943e-39 3
1.37384 0.281513 2.06051 7.5604e-39 3
1.27312 0.254703 1.86427 8.20613e-39 3
1.18992 0.232554 1.70216 8.39052e-39 3
1.19152 0.227607 1.66594 6.91539e-39 3
1.21844 0.227607 1.66594 6.73064e-39 3
1.27243 0.232554 1.70216 6.63845e-39 3
3.29309 0.48625 3.55905 5.07148e-39 3
-0.239953 0.127942 0.837425 1.08809e-38 3
-0.232642 0.131457 0.860431 1.13419e-38 3
-0.219948 0.132184 0.865185 1.46598e-38 3
-0.205969 0.132184 0.865185 1.96384e-38 3
-0.190935 0.131457 0.860431 1.59506e-38 3
-0.176066 0.130739 0.855729 1.30925e-38 3
-0.0470048 0.119031 0.779097 1.2633e-38 3
-0.0337451 0.116708 0.763895 1.15259e-38 3
-0.020893 0.11393 0.745707 1.18025e-38 3
0.0357732 0.103572 0.677915 1.11553e-38 5
0.0469297 0.104023 0.680863 2.28645e-38 5
0.168674 0.0980543 0.641797 1.24471e-38 3
0.180524 0.0988646 0.647101 1.21702e-38 3
0.187874 0.0972571 0.636579 1.14337e-38 3
1.54367 0.362504 2.3727 7.46821e-39 3
1.4916 0.341789 2.23712 7.7448e-39 3
1.37106 0.306734 2.00767 8.11393e-39 3
1.21636 0.265836 1.73998 7.56004e-39 3
1.21742 0.260057 1.70216 7.74515e-39 3
1.24492 0.260057 1.70216 7.56076e-39 3
1.27243 0.260057 1.70216 7.37601e-39 3
2.29988 0.460101 3.01151 7.28417e-39 3
2.59696 0.498442 3.26247 7.09978e-39 3
2.41493 0.398754 2.60997 4.79489e-39 3
-0.241243 0.142234 0.841927 1.24475e-38 3
-0.230114 0.14378 0.851078 1.31843e-38 3
-0.217545 0.144565 0.855729 1.34613e-38 3
-0.204838 0.14536 0.860431 1.30003e-38 3
-0.020893 0.125978 0.745707 1.16181e-38 3
-0.00871971 0.124204 0.735204 1.14337e-38 3
0.00314452 0.123624 0.731768 1.16174e-38 5
0.168674 0.108424 0.641797 1.22624e-38 3
0.180524 0.10932 0.647101 1.18018e-38 3
0.187113 0.107107 0.634002 1.24471e-38 3
1.59191 0.413367 2.44685 7.7448e-39 3
1.582 0.40084 2.3727 7.46821e-39 3
1.52775 0.377935 2.23712 8.20541e-39 3
1.40349 0.339173 2.00767 7.83663e-39 3
1.21742 0.287559 1.70216 7.56004e-39 3
1.24492 0.287559 1.70216 6.82284e-39 3
1.27243 0.287559 1.70216 7.00723e-39 3
2.41095 0.456129 2.69997 5.99416e-39 3
2.45458 0.456129 2.69997 6.36294e-39 3
2.33703 0.426701 2.52578 6.82355e-39 3
2.30353 0.413367 2.44685 6.82391e-39 3
-0.707227 0.214709 1.15999 9.76985e-39 3
-0.688484 0.214709 1.15999 1.04163e-38 3
-0.659965 0.211574 1.14305 1.07854e-38 3
-0.54622 0.197182 1.0653 9.12593e-39 3
-0.525433 0.195849 1.0581 1.14312e-38 3
-0.511795 0.197182 1.0653 1.26304e-38 3
-0.49797 0.198532 1.07259 1.09709e-38 3
-0.474144 0.195849 1.0581 1.18007e-38 3
-0.460157 0.197182 1.0653 1.18007e-38 3
-0.449055 0.199901 1.07999 1.2262e-38 3
-0.390014 0.205572 1.11063 1.24435e-38 3
-0.237413 0.153363 0.828563 1.36453e-38 3
-0.22887 0.156679 0.846478 1.34609e-38 3
-0.215193 0.156679 0.846478 1.33687e-38 3
-0.00880236 0.137373 0.742173 7.92919e-39 3
0.00318923 0.137373 0.742173 9.21956e-39 5
0.0368911 0.1294 0.6991 1.34609e-38 5
0.159613 0.119776 0.647101 1.50293e-38 3
0.170068 0.119776 0.647101 1.34609e-38 3
0.181273 0.120273 0.649786 1.32769e-38 3
1.62034 0.439177 2.3727 9.49615e-39 3
1.56389 0.414081 2.23712 1.04177e-38 3
1.24448 0.322063 1.73998 9.12737e-39 3
1.27259 0.322063 1.73998 9.12737e-39 3
2.33059 0.483095 2.60997 6.63953e-39 3
2.37276 0.483095 2.60997 6.91683e-39 3
2.264 0.452901 2.44685 7.10122e-39 3
2.30353 0.452901 2.44685 6.82392e-39 3
-0.615148 0.171282 0.851078 1.05099e-38 3
-0.598146 0.170356 0.846478 1.16148e-38 3
-0.581327 0.16944 0.841927 1.13372e-38 3
-0.765671 0.246218 1.22343 1.1245e-38 3
-0.702027 0.231735 1.15146 1.06007e-38 3
-0.668672 0.226733 1.12661 1.06936e-38 3
-0.528252 0.207342 1.03025 1.26304e-38 3
-0.511606 0.207342 1.03025 1.29999e-38 3
-0.501559 0.210106 1.04399 1.26312e-38 3
-0.484691 0.210106 1.04399 1.22624e-38 3
-0.474144 0.212945 1.0581 1.2262e-38 3
-0.450954 0.210106 1.04399 1.22613e-38 3
-0.434086 0.210106 1.04399 1.24464e-38 3
-0.422856 0.212945 1.0581 1.2262e-38 3
-0.425904 0.223517 1.11063 1.27219e-38 3
-0.407959 0.223517 1.11063 1.40112e-38 3
-0.38456 0.220391 1.09509 1.40101e-38 3
-0.312273 0.187595 0.932133 1.31807e-38 3
-0.25218 0.159171 0.790901 1.31818e-38 3
-0.252135 0.167638 0.83297 1.29985e-38 3
-0.238676 0.167638 0.83297 1.41985e-38 3
-0.226422 0.168534 0.837425 1.53048e-38 3
-0.212891 0.168534 0.837425 1.61346e-38 3
-0.108115 0.174121 0.865185 1.58573e-38 3
-0.0911158 0.168534 0.837425 1.53981e-38 3
-0.0775851 0.168534 0.837425 1.39241e-38 3
0.0359287 0.137026 0.680863 1.28156e-38 5
0.0469297 0.137026 0.680863 1.71484e-38 5
0.160275 0.130771 0.649786 1.4385e-38 3
0.170774 0.130771 0.649786 1.49371e-38 3
0.179781 0.129695 0.644438 1.45683e-38 3
1.1667 0.328291 1.63123 1.08784e-38 3
2.264 0.492436 2.44685 8.48416e-39 3
-0.733977 0.202656 0.932133 1.04177e-38 3
-0.710458 0.200271 0.921167 9.77237e-39 3
-0.671862 0.193444 0.889764 9.68018e-39 3
-0.632336 0.186044 0.855729 1.06936e-38 3
-0.615148 0.185033 0.851078 1.11546e-38 3
-0.598146 0.184033 0.846478 1.25354e-38 3
-0.581327 0.183044 0.841927 1.2535e-38 3
-0.745903 0.265985 1.22343 9.6791e-39 3
-0.663896 0.243187 1.11856 1.03255e-38 3
-0.602768 0.226974 1.04399 1.08798e-38 3
-0.593817 0.230041 1.0581 1.07876e-38 3
-0.565263 0.225471 1.03708 1.15255e-38 3
-0.544898 0.223988 1.03025 1.12486e-38 3
-0.528252 0.223988 1.03025 1.15245e-38 3
-0.511606 0.223988 1.03025 1.15248e-38 3
-0.501559 0.226974 1.04399 1.23553e-38 3
-0.487944 0.228498 1.051 1.30007e-38 3
-0.467822 0.226974 1.04399 1.31843e-38 3
-0.447968 0.225471 1.03708 1.25386e-38 3
-0.431211 0.225471 1.03708 1.43811e-38 3
-0.417218 0.226974 1.04399 1.40126e-38 3
-0.40576 0.230041 1.0581 1.35509e-38 3
-0.391308 0.231606 1.0653 1.44715e-38 3
-0.371568 0.230041 1.0581 1.47466e-38 3
-0.273239 0.177324 0.815617 1.41023e-38 3
-0.235526 0.160595 0.738672 1.31811e-38 3
-0.239401 0.17195 0.790901 1.36442e-38 3
-0.234927 0.178252 0.819887 1.43825e-38 3
-0.225218 0.181096 0.83297 1.41981e-38 3
-0.211759 0.181096 0.83297 1.37375e-38 3
-0.108716 0.189145 0.869991 1.58562e-38 3
-0.0936189 0.187067 0.860431 1.06018e-38 3
-0.0771725 0.181096 0.83297 9.03517e-39 3
0.0359287 0.148027 0.680863 1.78863e-38 5
0.0467265 0.147386 0.677915 1.97299e-38 5
0.162295 0.143051 0.657977 1.39248e-38 3
0.171486 0.141859 0.652493 1.42925e-38 3
0.18279 0.142452 0.655223 1.41999e-38 3
0.336466 0.17919 0.824202 1.2723e-38 3
0.349783 0.17919 0.824202 1.26315e-38 3
0.464744 0.177324 0.815617 1.03266e-38 3
0.809441 0.221079 1.01687 9.77202e-39 3
0.794901 0.212788 0.97874 8.29761e-39 3
0.810715 0.212788 0.97874 8.29761e-39 3
-0.760931 0.200969 0.860431 8.93974e-39 3
-0.738909 0.198785 0.851078 9.95497e-39 3
-0.725158 0.198785 0.851078 1.01412e-38 3
-0.779159 0.217716 0.932133 9.31068e-39 3
-0.773305 0.22034 0.943364 9.49507e-39 3
-0.758062 0.22034 0.943364 9.5869e-39 3
-0.733977 0.217716 0.932133 9.31032e-39 3
-0.686238 0.20782 0.889764 9.58726e-39 3
-0.656931 0.203202 0.869991 9.67909e-39 3
-0.642875 0.203202 0.869991 1.09695e-38 3
-0.621908 0.200969 0.860431 1.26279e-38 3
-0.59493 0.196647 0.841927 1.29963e-38 3
-0.578218 0.195596 0.837425 1.27194e-38 3
-0.663025 0.254003 1.08749 1.04181e-38 3
-0.645454 0.254003 1.08749 1.18936e-38 3
-0.598776 0.242228 1.03708 1.12486e-38 3
-0.57819 0.240634 1.03025 1.08809e-38 3
-0.550676 0.235977 1.01031 1.20794e-38 3
-0.534352 0.235977 1.01031 1.15266e-38 3
-0.524799 0.239061 1.02352 1.18018e-38 3
-0.511606 0.240634 1.03025 1.18939e-38 3
-0.498237 0.242228 1.03708 1.1895e-38 3
-0.484691 0.243842 1.04399 1.27248e-38 3
-0.464724 0.242228 1.03708 1.22624e-38 3
-0.445021 0.240634 1.03025 1.24457e-38 3
-0.428374 0.240634 1.03025 1.26294e-38 3
-0.411728 0.240634 1.03025 1.33662e-38 3
-0.375328 0.228602 0.97874 1.50243e-38 3
-0.378436 0.240634 1.03025 1.50243e-38 3
-0.331277 0.22034 0.943364 1.5209e-38 3
-0.273239 0.190502 0.815617 1.5854e-38 3
-0.244763 0.179296 0.767639 1.56704e-38 3
-0.239401 0.184729 0.790901 1.48428e-38 3
-0.227772 0.185667 0.794916 1.43832e-38 3
-0.220525 0.190502 0.815617 1.48431e-38 3
-0.210638 0.193526 0.828563 1.54885e-38 3
-0.175109 0.198785 0.851078 1.30903e-38 3
-0.164943 0.203202 0.869991 1.27216e-38 3
-0.0941362 0.202079 0.865185 1.90823e-38 3
-0.0797166 0.200969 0.860431 1.81615e-38 3
-0.064747 0.19771 0.846478 1.83462e-38 3
-0.0507955 0.196647 0.841927 1.57633e-38 3
0.0465251 0.157657 0.674993 2.23106e-38 5
0.163671 0.154985 0.663553 1.49378e-38 3
0.172203 0.153039 0.655223 1.49368e-38 3
0.352864 0.210209 0.899991 1.57654e-38 3
0.332961 0.190502 0.815617 1.49368e-38 3
0.346139 0.190502 0.815617 1.40145e-38 3
0.372914 0.19771 0.846478 1.40141e-38 3
0.384512 0.196647 0.841927 1.36464e-38 3
0.39388 0.194555 0.83297 1.35546e-38 3
0.513234 0.223027 0.954868 1.19872e-38 3
0.451565 0.190502 0.815617 1.1895e-38 3
0.512821 0.210209 0.899991 1.13415e-38 3
0.629439 0.192507 0.824202 1.05103e-38 3
0.642756 0.192507 0.824202 1.00486e-38 3
0.659545 0.193526 0.828563 9.77202e-39 3
0.794901 0.228602 0.97874 9.4036e-39 3
0.800706 0.22578 0.966657 9.12665e-39 3
0.826529 0.228602 0.97874 8.57348e-39 3
0.898499 0.243842 1.04399 8.38908e-39 3
-0.75266 0.212536 0.851078 9.95317e-39 3
-0.738909 0.212536 0.851078 1.04149e-38 3
-0.71736 0.21025 0.841927 9.77058e-39 3
-0.703757 0.21025 0.841927 9.3096e-39 3
-0.755109 0.230039 0.921167 8.84862e-39 3
-0.740225 0.230039 0.921167 9.03301e-39 3
-0.700614 0.222197 0.889764 9.12593e-39 3
-0.686238 0.222197 0.889764 1.12461e-38 3
-0.653302 0.216058 0.865185 1.17982e-38 3
-0.639323 0.216058 0.865185 1.28123e-38 3
-0.621908 0.214871 0.860431 1.189e-38 3
-0.598146 0.211387 0.846478 1.0968e-38 3
-0.578218 0.209126 0.837425 1.07836e-38 3
-0.564687 0.209126 0.837425 1.04159e-38 3
-0.761637 0.296262 1.18635 9.77058e-39 3
-0.666706 0.266031 1.0653 9.77237e-39 3
-0.632289 0.258984 1.03708 1.17092e-38 3
-0.611483 0.25728 1.03025 1.16174e-38 3
-0.583324 0.252301 1.01031 1.10653e-38 3
-0.570682 0.253939 1.01687 1.11575e-38 3
-0.550676 0.252301 1.01031 1.24489e-38 3
-0.520909 0.245953 0.984896 1.18954e-38 3
-0.524799 0.255599 1.02352 1.33705e-38 3
-0.508262 0.255599 1.02352 1.3278e-38 3
-0.498237 0.258984 1.03708 1.26319e-38 3
-0.484691 0.260711 1.04399 1.23553e-38 3
-0.461667 0.25728 1.03025 1.32762e-38 3
-0.442112 0.255599 1.02352 1.38297e-38 3
-0.420083 0.252301 1.01031 1.30914e-38 3
-0.391142 0.244416 0.97874 1.44736e-38 3
-0.370694 0.241399 0.966657 1.43811e-38 3
-0.34652 0.235582 0.943364 1.37353e-38 3
-0.331277 0.235582 0.943364 1.35502e-38 3
-0.273239 0.20368 0.815617 1.30885e-38 3
-0.26006 0.20368 0.815617 1.45637e-38 3
-0.235828 0.19456 0.779097 1.50254e-38 3
-0.226622 0.197508 0.790901 1.49339e-38 3
-0.217133 0.200547 0.803069 1.52094e-38 3
-0.173226 0.21025 0.841927 2.33241e-38 3
-0.163131 0.214871 0.860431 2.34163e-38 3
-0.151729 0.218473 0.874851 2.32319e-38 3
-0.0941362 0.216058 0.865185 1.92667e-38 3
-0.079281 0.213697 0.855729 1.89905e-38 3
-0.0650989 0.212536 0.851078 1.86232e-38 3
-0.0507955 0.21025 0.841927 2.07419e-38 3
-0.0371922 0.21025 0.841927 1.9543e-38 3
0.154919 0.167839 0.672096 1.76094e-38 3
0.178167 0.169293 0.677915 1.55811e-38 3
0.290162 0.232777 0.932133 1.97277e-38 3
0.346283 0.230039 0.921167 1.56718e-38 3
0.352864 0.224751 0.899991 1.53963e-38 3
0.353196 0.216058 0.865185 1.53045e-38 3
0.359237 0.211387 0.846478 1.46591e-38 3
0.372914 0.211387 0.846478 1.47517e-38 3
0.384512 0.21025 0.841927 1.39237e-38 3
0.39388 0.208014 0.83297 1.34627e-38 3
0.407339 0.208014 0.83297 1.2633e-38 3
0.497547 0.245953 0.984896 1.18039e-38 3
0.50086 0.239918 0.960726 1.28181e-38 3
0.516383 0.239918 0.960726 1.25408e-38 3
0.522293 0.235582 0.943364 1.2172e-38 3
0.531136 0.232777 0.932133 1.1895e-38 3
0.608711 0.212536 0.851078 1.06947e-38 3
0.609218 0.208014 0.83297 9.95713e-39 3
0.619382 0.206913 0.828563 1.01422e-38 3
0.629439 0.205824 0.824202 9.58906e-39 3
0.629504 0.20158 0.807208 9.03589e-39 3
0.652638 0.204747 0.819887 1.17088e-38 3
0.76617 0.235582 0.943364 1.06021e-38 3
0.781412 0.235582 0.943364 9.49615e-39 3
0.80637 0.238455 0.954868 9.68054e-39 3
0.842343 0.244416 0.97874 9.31176e-39 3
0.880161 0.250683 1.00384 9.12737e-39 3
0.932235 0.260711 1.04399 8.85114e-39 3
1.00257 0.275399 1.10281 8.8515e-39 3
1.02039 0.275399 1.10281 8.66711e-39 3
0.945038 0.250683 1.00384 9.12809e-39 3
0.961258 0.250683 1.00384 7.56076e-39 3
-0.75266 0.226287 0.851078 9.21561e-39 3
-0.738909 0.226287 0.851078 1.01372e-38 3
-0.709729 0.221472 0.83297 9.40035e-39 3
-0.69627 0.221472 0.83297 9.40035e-39 3
-0.668586 0.216858 0.815617 9.40071e-39 3
-0.622962 0.206123 0.77524 1.05993e-38 3
-0.635609 0.214623 0.807208 1.22599e-38 3
-0.629051 0.216858 0.815617 1.19822e-38 3
-0.628977 0.221472 0.83297 1.17056e-38 3
-0.622137 0.223854 0.841927 1.12446e-38 3
-0.608533 0.223854 0.841927 1.02305e-38 3
-0.598146 0.225064 0.846478 1.01394e-38 3
-0.569088 0.219141 0.824202 1.04159e-38 3
-0.552861 0.217994 0.819887 1.07854e-38 3
-0.523179 0.211354 0.794916 1.07862e-38 3
-0.510335 0.211354 0.794916 1.01412e-38 3
-0.590397 0.250824 0.943364 1.02341e-38 3
-0.596723 0.26023 0.97874 1.0972e-38 3
-0.580909 0.26023 0.97874 1.1894e-38 3
-0.535001 0.246372 0.926618 1.16184e-38 3
-0.513947 0.24349 0.91578 1.14348e-38 3
-0.508064 0.247838 0.932133 1.06972e-38 3
-0.476003 0.239292 0.899991 1.06057e-38 3
-0.461461 0.239292 0.899991 1.24489e-38 3
-0.511606 0.273926 1.03025 1.34624e-38 3
-0.501559 0.277579 1.04399 1.33694e-38 3
-0.487944 0.279442 1.051 1.29077e-38 3
-0.455671 0.270369 1.01687 1.22631e-38 3
-0.439241 0.270369 1.01687 1.14333e-38 3
-0.414732 0.265203 0.997442 1.22627e-38 3
-0.391142 0.26023 0.97874 1.23549e-38 3
-0.366174 0.253883 0.954868 1.29077e-38 3
-0.338366 0.244922 0.921167 1.31843e-38 3
-0.295656 0.223854 0.841927 1.33673e-38 3
-0.273239 0.216858 0.815617 1.37353e-38 3
-0.254753 0.212433 0.798972 1.37343e-38 3
-0.23466 0.206123 0.77524 1.40109e-38 3
-0.225483 0.20923 0.786927 1.46562e-38 3
-0.214928 0.211354 0.794916 1.56697e-38 3
-0.170476 0.220301 0.828563 2.30482e-38 3
-0.161357 0.226287 0.851078 2.28638e-38 3
-0.150053 0.230038 0.865185 2.28638e-38 3
-0.136074 0.230038 0.865185 2.29549e-38 3
-0.122094 0.230038 0.865185 1.91738e-38 3
-0.109323 0.232608 0.874851 1.90816e-38 3
-0.0946591 0.231316 0.869991 2.16631e-38 5
-0.0797166 0.228774 0.860431 2.20326e-38 5
-0.0637138 0.221472 0.83297 2.31393e-38 5
-0.0502552 0.221472 0.83297 2.28624e-38 5
-0.0369933 0.222657 0.837425 2.03731e-38 5
-0.0222717 0.211354 0.794916 1.78849e-38 5
-0.00892931 0.200177 0.752877 2.28638e-38 5
0.00314452 0.194565 0.731768 2.27723e-38 5
0.0142998 0.185879 0.6991 2.28645e-38 5
0.145307 0.180246 0.677915 1.54874e-38 3
0.159014 0.183422 0.689861 1.59484e-38 3
0.169414 0.182618 0.686835 1.58562e-38 3
0.178167 0.180246 0.677915 1.58555e-38 3
0.290162 0.247838 0.932133 1.70522e-38 3
0.30705 0.249322 0.937715 1.70522e-38 3
0.324142 0.250824 0.943364 1.52087e-38 3
0.337353 0.249322 0.937715 1.50243e-38 3
0.346283 0.244922 0.921167 1.56697e-38 3
0.354904 0.240675 0.905193 1.53931e-38 3
0.349336 0.227524 0.855729 1.53016e-38 3
0.363163 0.227524 0.855729 1.53027e-38 3
0.370909 0.223854 0.841927 1.49353e-38 3
0.384512 0.223854 0.841927 1.41985e-38 3
0.395986 0.222657 0.837425 1.34609e-38 3
0.409517 0.222657 0.837425 1.36464e-38 3
0.497547 0.261867 0.984896 1.42918e-38 3
0.50086 0.255441 0.960726 1.35546e-38 3
0.516383 0.255441 0.960726 1.28166e-38 3
0.525458 0.252344 0.949081 1.22635e-38 3
0.540793 0.252344 0.949081 1.28159e-38 3
0.66839 0.26023 0.97874 1.10642e-38 3
0.59496 0.226287 0.851078 1.07876e-38 3
0.598946 0.222657 0.837425 1.0511e-38 3
0.612476 0.222657 0.837425 1.15252e-38 3
0.622677 0.221472 0.83297 1.04195e-38 3
0.622883 0.216858 0.815617 1.03274e-38 3
0.626276 0.213522 0.803069 1.07883e-38 3
0.649239 0.216858 0.815617 9.4054e-39 3
0.676512 0.221472 0.83297 9.03554e-39 3
0.697389 0.223854 0.841927 9.31176e-39 3
0.78717 0.247838 0.932133 9.12736e-39 3
0.842343 0.26023 0.97874 8.66639e-39 3
0.858157 0.26023 0.97874 8.39052e-39 3
0.873971 0.26023 0.97874 8.20613e-39 3
0.889785 0.26023 0.97874 8.66711e-39 3
0.905598 0.26023 0.97874 8.57491e-39 3
0.921412 0.26023 0.97874 8.8515e-39 3
0.937226 0.26023 0.97874 8.11393e-39 3
0.977477 0.266903 1.00384 8.20541e-39 3
-0.702258 0.232458 0.824202 9.86133e-39 3
-0.667851 0.225342 0.798972 1.12435e-38 3
-0.648326 0.223066 0.790901 1.12435e-38 3
-0.610866 0.214403 0.760186 1.1429e-38 3
-0.610436 0.218649 0.77524 1.12457e-38 3
-0.609989 0.223066 0.790901 9.2174e-39 3
-0.600242 0.224198 0.794916 9.3096e-39 3
-0.615518 0.234931 0.83297 9.12521e-39 3
-0.60206 0.234931 0.83297 9.5869e-39 3
-0.598146 0.238741 0.846478 8.57276e-39 3
-0.56316 0.230037 0.815617 9.03445e-39 3
-0.544312 0.227665 0.807208 1.01408e-38 3
-0.517921 0.221945 0.786927 1.10635e-38 3
-0.492824 0.216505 0.767639 1.01422e-38 3
-0.485177 0.218649 0.77524 1.03266e-38 3
-0.487121 0.225342 0.798972 1.15252e-38 3
-0.471804 0.224198 0.794916 1.14337e-38 3
-0.483504 0.236187 0.837425 1.12497e-38 3
-0.469973 0.236187 0.837425 1.08816e-38 3
-0.474193 0.245372 0.869991 1.02359e-38 3
-0.450133 0.240038 0.851078 1.12511e-38 3
-0.389778 0.214403 0.760186 1.15266e-38 3
-0.377495 0.214403 0.760186 1.21716e-38 3
-0.395967 0.232458 0.824202 1.29085e-38 3
-0.38265 0.232458 0.824202 1.26319e-38 3
-0.422731 0.266066 0.943364 1.26319e-38 3
-0.388754 0.253834 0.899991 1.25404e-38 3
-0.392247 0.266066 0.943364 1.31858e-38 3
-0.391142 0.276044 0.97874 1.22638e-38 3
-0.361762 0.266066 0.943364 1.25404e-38 3
-0.330588 0.253834 0.899991 1.26315e-38 3
-0.279147 0.224198 0.794916 1.23546e-38 3
-0.262309 0.220835 0.782992 1.36435e-38 3
-0.249658 0.220835 0.782992 1.48417e-38 3
-0.233504 0.217572 0.771421 1.57626e-38 3
-0.222134 0.218649 0.77524 1.40109e-38 3
-0.210651 0.219737 0.779097 1.44711e-38 3
-0.198063 0.219737 0.779097 1.50243e-38 3
-0.175506 0.223066 0.790901 1.72381e-38 3
-0.162727 0.223066 0.790901 2.33241e-38 3
-0.157089 0.233688 0.828563 2.28642e-38 3
-0.147606 0.240038 0.851078 2.32322e-38 3
-0.133855 0.240038 0.851078 2.12028e-38 3
-0.121424 0.242676 0.860431 2.22163e-38 3
-0.108716 0.245372 0.869991 2.33226e-38 3
-0.0946591 0.245372 0.869991 1.87125e-38 5
-0.080157 0.244017 0.865185 1.76994e-38 5
-0.0637138 0.234931 0.83297 2.30471e-38 5
-0.0487009 0.227665 0.807208 2.10185e-38 5
-0.0354756 0.226498 0.803069 1.65931e-38 5
-0.0218285 0.219737 0.779097 1.48424e-38 5
-0.00884427 0.210319 0.745707 2.26794e-38 5
0.00314452 0.206388 0.731768 2.29567e-38 3
0.0142362 0.196298 0.695993 2.28645e-38 3
0.0247128 0.190375 0.674993 2.2956e-38 3
0.0350153 0.187148 0.663553 2.30482e-38 3
0.143683 0.204477 0.724993 1.6315e-38 3
0.153269 0.201676 0.715061 1.60392e-38 3
0.165578 0.202601 0.718341 1.5209e-38 3
0.173992 0.198951 0.705398 1.51168e-38 3
0.18539 0.198951 0.705398 1.49325e-38 3
0.275101 0.262899 0.932133 1.56697e-38 3
0.288445 0.261343 0.926618 1.57601e-38 3
0.30705 0.264473 0.937715 1.76965e-38 3
0.322201 0.264473 0.937715 1.62214e-38 3
0.329461 0.258287 0.91578 1.44693e-38 3
0.344258 0.258287 0.91578 1.45615e-38 3
0.344934 0.248129 0.879766 1.51143e-38 3
0.343702 0.237457 0.841927 1.43771e-38 3
0.357305 0.237457 0.841927 1.55771e-38 3
0.366963 0.234931 0.83297 1.47481e-38 3
0.380421 0.234931 0.83297 1.45651e-38 3
0.39388 0.234931 0.83297 1.38293e-38 3
0.411719 0.237457 0.841927 1.43822e-38 3
0.485337 0.270963 0.960726 1.48439e-38 3
0.497806 0.269311 0.954868 1.41985e-38 3
0.513234 0.269311 0.954868 1.29078e-38 3
0.528662 0.269311 0.954868 1.29074e-38 3
0.54409 0.269311 0.954868 1.26308e-38 3
0.566426 0.272636 0.966657 1.2723e-38 3
0.652576 0.276044 0.97874 1.14337e-38 3
0.6008 0.248129 0.879766 1.12497e-38 3
0.582301 0.234931 0.83297 1.10646e-38 3
0.592608 0.233688 0.828563 9.95785e-39 3
0.605995 0.233688 0.828563 9.49759e-39 3
0.616122 0.232458 0.824202 1.02352e-38 3
0.6133 0.226498 0.803069 9.6827e-39 3
0.619917 0.224198 0.794916 9.59015e-39 3
0.645875 0.228845 0.811391 9.6827e-39 3
0.676512 0.234931 0.83297 1.05107e-38 3
0.70497 0.240038 0.851078 1.01422e-38 3
0.760027 0.253834 0.899991 8.66639e-39 3
0.783575 0.256785 0.910456 8.94369e-39 3
0.817292 0.262899 0.932133 8.29869e-39 3
0.822561 0.259806 0.921167 7.93027e-39 3
0.837444 0.259806 0.921167 7.56076e-39 3
0.883511 0.269311 0.954868 6.6388e-39 3
0.910037 0.272636 0.966657 7.65295e-39 3
0.925656 0.272636 0.966657 7.83735e-39 3
0.965104 0.279538 0.991129 7.46821e-39 3
-0.693669 0.238251 0.798972 1.05982e-38 3
-0.647714 0.226686 0.760186 1.08748e-38 3
-0.635431 0.226686 0.760186 1.12425e-38 3
-0.617156 0.224506 0.752877 1.08748e-38 3
-0.582585 0.216191 0.724993 1.08758e-38 3
-0.581642 0.22027 0.738672 9.6791e-39 3
-0.5863 0.226686 0.760186 9.12593e-39 3
-0.576818 0.227792 0.763895 1.00468e-38 3
-0.559021 0.225591 0.756514 8.66423e-39 3
-0.546798 0.225591 0.756514 9.3114e-39 3
-0.553285 0.233486 0.782992 1.03263e-38 3
-0.489261 0.2113 0.70859 1.03266e-38 3
-0.469318 0.207543 0.695993 9.58835e-39 3
-0.468483 0.21226 0.711811 1.08791e-38 3
-0.4633 0.215195 0.721652 1.10642e-38 3
-0.480421 0.228908 0.767639 9.95784e-39 3
-0.477378 0.233486 0.782992 1.06043e-38 3
-0.464727 0.233486 0.782992 1.15262e-38 3
-0.461302 0.238251 0.798972 1.23549e-38 3
-0.448393 0.238251 0.798972 1.21716e-38 3
-0.406451 0.222368 0.745707 1.2817e-38 3
-0.38703 0.218212 0.731768 1.14341e-38 3
-0.37002 0.215195 0.721652 1.18947e-38 3
-0.35836 0.215195 0.721652 1.22638e-38 3
-0.3467 0.215195 0.721652 1.25404e-38 3
-0.338156 0.217197 0.728365 1.25404e-38 3
-0.329452 0.219236 0.735204 1.31865e-38 3
-0.319071 0.22027 0.738672 1.30943e-38 3
-0.319428 0.24839 0.83297 1.34627e-38 3
-0.287611 0.233486 0.782992 1.3001e-38 3
-0.272238 0.231175 0.77524 1.28159e-38 3
-0.257166 0.228908 0.767639 1.2723e-38 3
-0.245968 0.230036 0.771421 1.3829e-38 3
-0.227891 0.224506 0.752877 1.37364e-38 3
-0.215727 0.224506 0.752877 1.33666e-38 3
-0.206541 0.227792 0.763895 1.33669e-38 3
-0.193256 0.226686 0.760186 1.42889e-38 3
-0.181856 0.227792 0.763895 1.40119e-38 3
-0.171183 0.230036 0.771421 1.53945e-38 3
-0.159505 0.231175 0.77524 1.58562e-38 3
-0.146979 0.231175 0.77524 1.77927e-38 3
-0.135122 0.232325 0.779097 1.83444e-38 3
-0.123765 0.23466 0.786927 1.8159e-38 3
-0.113329 0.239473 0.803069 1.7882e-38 3
-0.105778 0.252418 0.846478 1.77902e-38 3
-0.0926013 0.253789 0.851078 1.71455e-38 3
-0.079281 0.255176 0.855729 1.73299e-38 3
-0.0630431 0.245775 0.824202 1.76065e-38 3
-0.0470048 0.232325 0.779097 2.18475e-38 3
-0.0342463 0.231175 0.77524 1.93589e-38 3
-0.0215075 0.228908 0.767639 1.43807e-38 3
-0.00871971 0.219236 0.735204 1.88072e-38 3
0.00311541 0.216191 0.724993 2.27723e-38 3
0.0141108 0.205715 0.689861 2.14809e-38 3
0.0246068 0.200417 0.672096 2.16649e-38 3
0.0348675 0.197035 0.660753 2.08348e-38 3
0.155397 0.216191 0.724993 1.66831e-38 3
0.167111 0.216191 0.724993 1.64065e-38 3
0.178825 0.216191 0.724993 1.59452e-38 3
0.270275 0.273083 0.91578 1.58519e-38 3
0.285071 0.273083 0.91578 1.59441e-38 3
0.301632 0.27469 0.921167 1.49292e-38 3
0.318388 0.276315 0.926618 1.54824e-38 3
0.329461 0.273083 0.91578 1.57593e-38 3
0.340278 0.269926 0.905193 1.52058e-38 3
0.341102 0.259429 0.869991 1.4837e-38 3
0.341864 0.249718 0.837425 1.40062e-38 3
0.355395 0.249718 0.837425 1.44675e-38 3
0.365021 0.247075 0.828563 1.41002e-38 3
0.376417 0.245775 0.824202 1.41938e-38 3
0.391796 0.247075 0.828563 1.44718e-38 3
0.407339 0.24839 0.83297 1.42889e-38 3
0.479454 0.283014 0.949081 1.4013e-38 3
0.494789 0.283014 0.949081 1.33684e-38 3
0.50705 0.281309 0.943364 1.29996e-38 3
0.522293 0.281309 0.943364 1.33684e-38 3
0.534316 0.279624 0.937715 1.33684e-38 3
0.566426 0.288255 0.966657 1.2262e-38 3
0.621501 0.27796 0.932133 1.08809e-38 3
0.581209 0.253789 0.851078 1.10649e-38 3
0.573155 0.244488 0.819887 1.12493e-38 3
0.577334 0.240708 0.807208 1.04185e-38 3
0.590376 0.240708 0.807208 1.06958e-38 3
0.600325 0.239473 0.803069 1.05117e-38 3
0.604008 0.235845 0.790901 9.77454e-39 3
0.616786 0.235845 0.790901 9.4054e-39 3
0.632761 0.237042 0.794916 8.57564e-39 3
0.655589 0.240708 0.807208 9.49759e-39 3
0.68997 0.24839 0.83297 1.03274e-38 3
0.69238 0.244488 0.819887 1.08798e-38 3
0.694716 0.240708 0.807208 9.68162e-39 3
0.78911 0.268375 0.899991 9.49759e-39 3
0.751803 0.251061 0.841927 7.93027e-39 3
0.765406 0.251061 0.841927 8.29797e-39 3
0.79613 0.256578 0.860431 8.66747e-39 3
0.910037 0.288255 0.966657 8.94369e-39 3
0.925656 0.288255 0.966657 8.20613e-39 3
0.95304 0.291858 0.97874 7.74587e-39 3
0.993697 0.299341 1.00384 7.2849e-39 3
-0.551359 0.203419 0.647101 1.08758e-38 3
-0.540904 0.203419 0.647101 1.0322e-38 3
-0.558124 0.214033 0.680863 1.12446e-38 3
-0.57724 0.225814 0.718341 1.10613e-38 3
-0.578911 0.231115 0.735204 8.66567e-39 3
-0.577885 0.235538 0.749275 8.94226e-39 3
-0.568498 0.236671 0.752877 1.02323e-38 3
-0.545837 0.232205 0.738672 9.6791e-39 3
-0.5216 0.226855 0.721652 9.77274e-39 3
-0.485338 0.21591 0.686835 9.58871e-39 3
-0.47424 0.21591 0.686835 8.7593e-39 3
-0.451267 0.210374 0.669224 9.86493e-39 3
-0.444251 0.212187 0.674993 1.10635e-38 3
-0.44289 0.216861 0.689861 1.09713e-38 3
-0.449568 0.225814 0.718341 1.11564e-38 3
-0.444073 0.228965 0.728365 1.16174e-38 3
-0.432304 0.228965 0.728365 1.11575e-38 3
-0.424484 0.231115 0.735204 1.1433e-38 3
-0.412605 0.231115 0.735204 1.21705e-38 3
-0.396999 0.228965 0.728365 1.10649e-38 3
-0.38168 0.226855 0.721652 1.17103e-38 3
-0.368322 0.225814 0.718341 1.29999e-38 3
-0.35836 0.226855 0.721652 1.29081e-38 3
-0.3467 0.226855 0.721652 1.26326e-38 3
-0.336591 0.227905 0.724993 1.40159e-38 3
-0.324877 0.227905 0.724993 1.36464e-38 3
-0.313163 0.227905 0.724993 1.2817e-38 3
-0.302851 0.228965 0.728365 1.32776e-38 3
-0.287077 0.225814 0.718341 1.3462e-38 3
-0.27547 0.225814 0.718341 1.20798e-38 3
-0.267545 0.228965 0.728365 1.33705e-38 3
-0.260626 0.233306 0.742173 1.39233e-38 3
-0.248634 0.233306 0.742173 1.30014e-38 3
-0.241215 0.237814 0.756514 1.3278e-38 3
-0.223591 0.232205 0.738672 1.24482e-38 3
-0.211656 0.232205 0.738672 1.37379e-38 3
-0.202588 0.235538 0.749275 1.48446e-38 3
-0.187786 0.232205 0.738672 1.45676e-38 3
-0.174208 0.230035 0.731768 1.45669e-38 3
-0.163916 0.232205 0.738672 1.47509e-38 3
-0.153429 0.234417 0.745707 1.46573e-38 3
-0.14138 0.234417 0.745707 1.42885e-38 3
-0.128111 0.232205 0.738672 1.77909e-38 3
-0.11841 0.236671 0.752877 1.96337e-38 3
-0.107277 0.238968 0.760186 1.66835e-38 3
-0.0968756 0.2437 0.77524 1.57619e-38 3
-0.0843497 0.2437 0.77524 1.31811e-38 3
-0.0721812 0.244913 0.779097 1.51161e-38 3
-0.059593 0.244913 0.779097 1.76976e-38 3
-0.0449903 0.234417 0.745707 1.77905e-38 3
-0.0329417 0.234417 0.745707 2.05568e-38 3
-0.0206959 0.232205 0.738672 2.30471e-38 3
-0.00851971 0.225814 0.718341 1.6409e-38 3
0.00308682 0.225814 0.718341 2.28638e-38 3
0.0141108 0.216861 0.689861 2.0282e-38 3
0.0245016 0.210374 0.669224 1.69622e-38 3
0.0353145 0.210374 0.669224 1.76994e-38 3
0.178825 0.227905 0.724993 1.73277e-38 3
0.187929 0.224783 0.715061 1.64973e-38 3
0.199483 0.224783 0.715061 1.58519e-38 3
0.210077 0.223761 0.711811 1.70494e-38 3
0.251274 0.25375 0.807208 1.66806e-38 3
0.26707 0.256393 0.815617 1.66802e-38 3
0.311027 0.284552 0.905193 1.64033e-38 3
0.327546 0.286206 0.910456 1.59423e-38 3
0.328872 0.275014 0.874851 1.60345e-38 3
0.323149 0.259092 0.824202 1.61267e-38 3
0.336466 0.259092 0.824202 1.59412e-38 3
0.351634 0.260463 0.828563 1.57568e-38 3
0.361199 0.257736 0.819887 1.57583e-38 3
0.370566 0.255065 0.811391 1.60348e-38 3
0.385674 0.256393 0.815617 1.48374e-38 3
0.403051 0.259092 0.824202 1.42864e-38 3
0.465352 0.289573 0.921167 1.34588e-38 3
0.480236 0.289573 0.921167 1.32755e-38 3
0.49512 0.289573 0.921167 1.29067e-38 3
0.510003 0.289573 0.921167 1.22613e-38 3
0.521818 0.28788 0.91578 1.27223e-38 3
0.530411 0.284552 0.905193 1.33677e-38 3
0.582045 0.303873 0.966657 1.30911e-38 3
0.533413 0.257736 0.819887 1.2262e-38 3
0.54666 0.257736 0.819887 1.20776e-38 3
0.559908 0.257736 0.819887 1.08791e-38 3
0.564292 0.25375 0.807208 1.15245e-38 3
0.571443 0.251161 0.798972 1.14323e-38 3
0.581386 0.249886 0.794916 1.12479e-38 3
0.591229 0.248624 0.790901 1.09716e-38 3
0.597968 0.246137 0.782992 1.03263e-38 3
0.610619 0.246137 0.782992 9.7731e-39 3
0.62327 0.246137 0.782992 9.49652e-39 3
0.635921 0.246137 0.782992 9.03553e-39 3
0.651831 0.247374 0.786927 9.12773e-39 3
0.671292 0.249886 0.794916 9.40395e-39 3
0.684136 0.249886 0.794916 9.95785e-39 3
0.704129 0.252449 0.803069 9.31212e-39 3
0.735975 0.259092 0.824202 9.12881e-39 3
0.741487 0.256393 0.815617 9.58871e-39 3
0.754665 0.256393 0.815617 8.94334e-39 3
0.740834 0.247374 0.786927 8.66711e-39 3
0.925656 0.303873 0.966657 8.66711e-39 3
0.941274 0.303873 0.966657 7.56148e-39 3
0.968854 0.307672 0.97874 7.65368e-39 3
0.984668 0.307672 0.97874 6.73064e-39 3
-0.549091 0.212995 0.644438 7.46605e-39 3
-0.538678 0.212995 0.644438 7.1891e-39 3
-0.553313 0.223094 0.674993 8.29617e-39 3
-0.549512 0.226016 0.683836 7.74372e-39 3
-0.570871 0.239619 0.724993 8.20541e-39 3
-0.564383 0.241858 0.731768 9.58835e-39 3
-0.555153 0.242994 0.735204 1.0233e-38 3
-0.538221 0.240734 0.728365 1.05096e-38 3
-0.5053 0.231061 0.6991 1.00497e-38 3
-0.474923 0.222136 0.672096 1.00497e-38 3
-0.46208 0.221187 0.669224 1.03266e-38 3
-0.447443 0.219312 0.663553 1.10635e-38 3
-0.436722 0.219312 0.663553 1.12479e-38 3
-0.429641 0.221187 0.669224 1.29074e-38 3
-0.415279 0.219312 0.663553 1.30918e-38 3
-0.404558 0.219312 0.663553 1.10642e-38 3
-0.422479 0.235262 0.711811 1.0972e-38 3
-0.420536 0.240734 0.728365 1.18932e-38 3
-0.412605 0.242994 0.735204 1.18018e-38 3
-0.396999 0.240734 0.728365 1.22627e-38 3
-0.38168 0.238515 0.721652 1.23553e-38 3
-0.366641 0.236337 0.715061 1.22624e-38 3
-0.355087 0.236337 0.715061 1.34613e-38 3
-0.343533 0.236337 0.715061 1.35546e-38 3
-0.33198 0.236337 0.715061 1.31861e-38 3
-0.31897 0.235262 0.711811 1.30932e-38 3
-0.307469 0.235262 0.711811 1.30932e-38 3
-0.290683 0.231061 0.6991 1.3001e-38 3
-0.281904 0.233143 0.705398 1.254e-38 3
-0.270507 0.233143 0.705398 1.10656e-38 3
-0.247941 0.223094 0.674993 1.125e-38 3
-0.2455 0.231061 0.6991 1.20798e-38 3
-0.242879 0.239619 0.724993 1.2634e-38 3
-0.236643 0.245297 0.742173 1.22642e-38 3
-0.218439 0.238515 0.721652 1.26322e-38 3
-0.208703 0.240734 0.728365 1.27244e-38 3
-0.198784 0.242994 0.735204 1.28159e-38 3
-0.184309 0.239619 0.724993 1.26312e-38 3
-0.172595 0.239619 0.724993 1.41074e-38 3
-0.161629 0.240734 0.728365 1.3923e-38 3
-0.150561 0.241858 0.731768 1.39219e-38 3
-0.138737 0.241858 0.731768 1.37372e-38 3
-0.126914 0.241858 0.731768 1.45658e-38 3
-0.117282 0.246465 0.745707 1.63165e-38 3
-0.105234 0.246465 0.745707 1.50254e-38 3
-0.0968756 0.256226 0.77524 1.52105e-38 3
-0.0847694 0.257501 0.779097 1.65002e-38 3
-0.0729066 0.260089 0.786927 1.79742e-38 3
-0.0578657 0.250037 0.756514 1.92642e-38 3
-0.0447771 0.245297 0.742173 1.75132e-38 3
-0.0327855 0.245297 0.742173 1.82519e-38 3
-0.0204071 0.240734 0.728365 2.33233e-38 3
-0.00840406 0.234198 0.70859 2.23096e-38 3
0.00303121 0.233143 0.705398 1.80693e-38 3
0.0141732 0.229016 0.692913 1.7054e-38 3
0.0251464 0.227008 0.686835 1.59477e-38 3
0.0353145 0.221187 0.669224 1.67767e-38 3
0.0941564 0.207862 0.628909 1.687e-38 3
0.10559 0.210397 0.636579 1.73295e-38 3
0.167889 0.240734 0.728365 1.49321e-38 3
0.178825 0.239619 0.724993 1.53002e-38 3
0.181306 0.228008 0.689861 1.67746e-38 3
0.191609 0.227008 0.686835 1.74199e-38 3
0.210077 0.235262 0.711811 1.7327e-38 3
0.24871 0.26407 0.798972 1.66817e-38 3
0.264317 0.266792 0.807208 1.69568e-38 3
0.277359 0.266792 0.807208 1.77866e-38 3
0.329461 0.302677 0.91578 1.62196e-38 3
0.328872 0.289149 0.874851 1.52051e-38 3
0.318126 0.268175 0.811391 1.6127e-38 3
0.329529 0.266792 0.807208 1.65873e-38 3
0.342571 0.266792 0.807208 1.70476e-38 3
0.355613 0.266792 0.807208 1.58497e-38 3
0.368656 0.266792 0.807208 1.52984e-38 3
0.385674 0.269571 0.815617 1.52062e-38 3
0.403051 0.272409 0.824202 1.57604e-38 3
0.468106 0.306259 0.926618 1.42874e-38 3
0.477428 0.302677 0.91578 1.41052e-38 3
0.489362 0.300917 0.910456 1.39208e-38 3
0.501159 0.299178 0.905193 1.30914e-38 3
0.498496 0.289149 0.874851 1.37361e-38 3
0.498701 0.281292 0.851078 1.26297e-38 3
0.506942 0.278267 0.841927 1.23535e-38 3
0.49908 0.266792 0.807208 1.21698e-38 3
0.501776 0.261403 0.790901 1.21698e-38 3
0.511969 0.260089 0.786927 1.2262e-38 3
0.549538 0.272409 0.824202 1.15245e-38 3
0.554106 0.268175 0.811391 1.14323e-38 3
0.558534 0.26407 0.798972 1.15245e-38 3
0.562828 0.260089 0.786927 1.04174e-38 3
0.575543 0.260089 0.786927 1.10628e-38 3
0.579521 0.256226 0.77524 1.1801e-38 3
0.589131 0.254964 0.771421 1.13401e-38 3
0.601595 0.254964 0.771421 1.14319e-38 3
0.614059 0.254964 0.771421 1.06943e-38 3
0.629625 0.256226 0.77524 9.95713e-39 3
0.645345 0.257501 0.779097 9.68054e-39 3
0.667902 0.261403 0.790901 9.03517e-39 3
0.684136 0.262729 0.794916 8.85078e-39 3
0.700536 0.26407 0.798972 9.12773e-39 3
0.70269 0.260089 0.786927 9.21993e-39 3
0.711828 0.258789 0.782992 9.58799e-39 3
0.717306 0.256226 0.77524 9.21957e-39 3
0.729832 0.256226 0.77524 8.5742e-39 3
0.861817 0.297458 0.899991 8.75858e-39 3
0.918593 0.311793 0.943364 7.7448e-39 3
0.933835 0.311793 0.943364 6.82392e-39 3
0.937779 0.308082 0.932133 7.7448e-39 3
0.919983 0.297458 0.899991 8.11358e-39 3
-0.544608 0.221583 0.639177 8.1125e-39 3
-0.532109 0.220683 0.636579 7.55968e-39 3
-0.546249 0.231013 0.666376 7.92811e-39 3
-0.540079 0.232995 0.672096 7.37565e-39 3
-0.540825 0.238105 0.686835 8.66639e-39 3
-0.534415 0.240212 0.692913 1.03252e-38 3
-0.527891 0.242357 0.6991 1.07865e-38 3
-0.516596 0.242357 0.6991 1.10635e-38 3
-0.492118 0.236035 0.680863 1.08791e-38 3
-0.472893 0.232 0.669224 1.06025e-38 3
-0.458164 0.230034 0.663553 1.10631e-38 3
-0.43816 0.225261 0.649786 1.10635e-38 3
-0.425894 0.22433 0.647101 1.09709e-38 3
-0.412033 0.222492 0.641797 1.07865e-38 3
-0.401663 0.222492 0.641797 1.05103e-38 3
-0.381902 0.217152 0.626394 1.05103e-38 3
-0.367373 0.214577 0.618966 1.00497e-38 3
-0.407276 0.24454 0.705398 1.06029e-38 3
-0.406875 0.251333 0.724993 1.25386e-38 3
-0.395161 0.251333 0.724993 1.18936e-38 3
-0.376475 0.246763 0.711811 1.17092e-38 3
-0.363322 0.245647 0.70859 1.12493e-38 3
-0.351873 0.245647 0.70859 1.24478e-38 3
-0.340425 0.245647 0.70859 1.24482e-38 3
-0.327494 0.24454 0.705398 1.23557e-38 3
-0.310502 0.240212 0.692913 1.36453e-38 3
-0.291565 0.234 0.674993 1.28156e-38 3
-0.28811 0.240212 0.692913 1.26322e-38 3
-0.276915 0.240212 0.692913 1.26322e-38 3
-0.265719 0.240212 0.692913 1.08809e-38 3
-0.236717 0.223407 0.644438 1.06979e-38 3
-0.229133 0.2262 0.652493 1.18965e-38 3
-0.219505 0.227146 0.655223 1.23564e-38 3
-0.218042 0.237065 0.683836 1.2356e-38 3
-0.207901 0.238105 0.686835 1.22642e-38 3
-0.198545 0.240212 0.692913 1.30939e-38 3
-0.196023 0.251333 0.724993 1.28159e-38 3
-0.184309 0.251333 0.724993 1.16167e-38 3
-0.172595 0.251333 0.724993 1.22635e-38 3
-0.161629 0.252502 0.728365 1.33698e-38 3
-0.150561 0.253682 0.731768 1.36453e-38 3
-0.170631 0.312 0.899991 1.34609e-38 3
-0.121248 0.242357 0.6991 1.29992e-38 3
-0.0783656 0.19251 0.555314 1.59481e-38 3
-0.0689045 0.191155 0.551403 1.67778e-38 3
-0.0599952 0.191155 0.551403 1.57637e-38 3
-0.0755647 0.28275 0.815617 1.51179e-38 3
-0.0578657 0.262261 0.756514 1.57626e-38 3
-0.0443567 0.254873 0.735204 1.62236e-38 3
-0.0324777 0.254873 0.735204 1.59463e-38 3
-0.0201262 0.249027 0.718341 1.59463e-38 3
-0.0083662 0.24454 0.705398 2.23088e-38 3
0.00300414 0.242357 0.6991 1.82526e-38 3
0.0141732 0.240212 0.692913 1.75161e-38 3
0.0252572 0.239154 0.689861 1.69629e-38 3
0.0353145 0.232 0.669224 1.75161e-38 3
0.0455436 0.229063 0.660753 1.68711e-38 3
0.0937798 0.217152 0.626394 1.59484e-38 3
0.103487 0.216287 0.623898 1.44726e-38 3
0.117306 0.223407 0.644438 1.47491e-38 3
0.129856 0.227146 0.655223 1.48421e-38 3
0.142833 0.231013 0.666376 1.53952e-38 3
0.155587 0.234 0.674993 1.67774e-38 3
0.16507 0.232 0.669224 1.75139e-38 3
0.174392 0.230034 0.663553 1.7053e-38 3
0.174747 0.217152 0.626394 1.74214e-38 3
0.176401 0.207206 0.597704 1.81582e-38 3
0.185351 0.206418 0.595431 1.74196e-38 3
0.26162 0.276979 0.798972 1.66817e-38 3
0.223833 0.206418 0.595431 1.63111e-38 3
0.306992 0.27144 0.782992 1.631e-38 3
0.319643 0.27144 0.782992 1.57568e-38 3
0.337354 0.275573 0.794916 1.64029e-38 3
0.351985 0.276979 0.798972 1.63114e-38 3
0.361208 0.274181 0.790901 1.57579e-38 3
0.377803 0.276979 0.798972 1.53895e-38 3
0.394741 0.279835 0.807208 1.37321e-38 3
0.468106 0.32123 0.926618 1.46552e-38 3
0.477428 0.317473 0.91578 1.49325e-38 3
0.483738 0.312 0.899991 1.44726e-38 3
0.433503 0.27144 0.782992 1.43811e-38 3
0.441737 0.268752 0.77524 1.34598e-38 3
0.458805 0.27144 0.782992 1.32755e-38 3
0.476218 0.274181 0.790901 1.18925e-38 3
0.488997 0.274181 0.790901 1.28145e-38 3
0.494287 0.270089 0.779097 1.17088e-38 3
0.499421 0.266117 0.767639 1.11557e-38 3
0.543813 0.28275 0.815617 1.15245e-38 3
0.551249 0.279835 0.807208 1.16159e-38 3
0.558534 0.276979 0.798972 1.12471e-38 3
0.571443 0.276979 0.798972 1.12461e-38 3
0.564202 0.267428 0.771421 1.13393e-38 3
0.57104 0.264819 0.763895 1.09706e-38 3
0.586243 0.266117 0.767639 9.58835e-39 3
0.598646 0.266117 0.767639 1.04181e-38 3
0.614059 0.267428 0.771421 1.06947e-38 3
0.632757 0.270089 0.779097 1.06025e-38 3
0.651831 0.272804 0.786927 1.08791e-38 3
0.671292 0.275573 0.794916 1.04174e-38 3
0.684136 0.275573 0.794916 9.12665e-39 3
0.700536 0.276979 0.798972 8.66567e-39 3
0.70269 0.272804 0.786927 9.03446e-39 3
0.691095 0.263534 0.760186 8.02067e-39 3
0.693281 0.259751 0.749275 9.95713e-39 3
0.698701 0.257289 0.742173 9.49615e-39 3
0.797639 0.288766 0.83297 9.03589e-39 3
0.876359 0.312 0.899991 8.8515e-39 3
0.911863 0.319341 0.921167 8.48272e-39 3
0.926746 0.319341 0.921167 7.83735e-39 3
0.879544 0.298285 0.860431 7.37601e-39 3
0.893447 0.298285 0.860431 6.91504e-39 3
-0.53802 0.229106 0.631445 7.83627e-39 3
-0.525698 0.228185 0.628909 8.02102e-39 3
-0.515536 0.228185 0.628909 8.20541e-39 3
-0.509467 0.230033 0.634002 8.57419e-39 3
-0.509538 0.234786 0.647101 9.95713e-39 3
-0.503241 0.236742 0.652493 1.06025e-38 3
-0.498935 0.239739 0.660753 9.86421e-39 3
-0.492415 0.241779 0.666376 9.67982e-39 3
-0.485782 0.243855 0.672096 1.06018e-38 3
-0.470881 0.241779 0.666376 1.04177e-38 3
-0.454314 0.238732 0.657977 1.01401e-38 3
-0.436349 0.234786 0.647101 1.04167e-38 3
-0.420679 0.231911 0.639177 1.06007e-38 3
-0.407029 0.230033 0.634002 1.00479e-38 3
-0.375888 0.223694 0.616529 1.13397e-38 3
-0.353405 0.216039 0.595431 1.21698e-38 3
-0.341189 0.214408 0.590937 1.13404e-38 3
-0.331641 0.214408 0.590937 1.12482e-38 3
-0.379354 0.252525 0.695993 1.14326e-38 3
-0.37141 0.25479 0.702235 1.14326e-38 3
-0.358457 0.253653 0.6991 1.18014e-38 3
-0.344089 0.251408 0.692913 1.20783e-38 3
-0.331427 0.2503 0.689861 1.28159e-38 3
-0.310699 0.242813 0.669224 1.33691e-38 3
-0.248344 0.225469 0.621422 1.16177e-38 3
-0.24021 0.227273 0.626394 1.1895e-38 3
-0.231945 0.229106 0.631445 1.19876e-38 3
-0.223545 0.230968 0.636579 1.16199e-38 3
-0.212396 0.230033 0.634002 1.13419e-38 3
-0.202974 0.230968 0.636579 1.14341e-38 3
-0.191134 0.229106 0.631445 1.1711e-38 3
-0.198545 0.251408 0.692913 1.06969e-38 3
-0.192459 0.258264 0.711811 1.1894e-38 3
-0.181784 0.259444 0.715061 1.15245e-38 3
-0.190206 0.289889 0.798972 1.24468e-38 3
-0.179125 0.292877 0.807208 1.32765e-38 3
-0.0933318 0.195251 0.538139 1.28156e-38 3
-0.0849287 0.195925 0.539995 1.37375e-38 3
-0.0775407 0.199362 0.549468 1.41056e-38 3
-0.0681842 0.197973 0.545639 1.47509e-38 3
-0.0593681 0.197973 0.545639 1.49353e-38 3
-0.0581466 0.275816 0.760186 1.42893e-38 3
-0.00844226 0.258264 0.711811 1.58551e-38 3
0.00307273 0.259444 0.715061 1.63176e-38 3
0.0148294 0.263047 0.724993 1.57647e-38 3
0.0261798 0.259444 0.715061 1.64098e-38 3
0.035619 0.244906 0.674993 1.62254e-38 3
0.0457366 0.240755 0.663553 1.61342e-38 3
0.103487 0.226367 0.623898 1.6225e-38 3
0.114022 0.227273 0.626394 1.6686e-38 3
0.124143 0.227273 0.626394 1.63179e-38 3
0.134803 0.228185 0.628909 1.65945e-38 3
0.144384 0.227273 0.626394 1.66863e-38 3
0.154505 0.227273 0.626394 1.65931e-38 3
0.16332 0.225469 0.621422 1.81607e-38 3
0.172675 0.224578 0.618966 1.7792e-38 3
0.184648 0.21522 0.593176 1.6776e-38 3
0.203817 0.21522 0.593176 1.71444e-38 3
0.212596 0.214408 0.590937 1.61292e-38 3
0.222985 0.21522 0.593176 1.66817e-38 3
0.231692 0.214408 0.590937 1.69575e-38 3
0.244937 0.217694 0.599994 1.64965e-38 3
0.250788 0.214408 0.590937 1.61278e-38 3
0.258386 0.212802 0.586511 1.5943e-38 3
0.325087 0.258264 0.711811 1.56664e-38 3
0.339676 0.260634 0.718341 1.55753e-38 3
0.368172 0.273164 0.752877 1.48388e-38 3
0.454655 0.326541 0.899991 1.51161e-38 3
0.466515 0.324675 0.894848 1.45637e-38 3
0.454975 0.307125 0.846478 1.43796e-38 3
0.401392 0.263047 0.724993 1.38275e-38 3
0.413106 0.263047 0.724993 1.37357e-38 3
0.430803 0.266752 0.735204 1.39208e-38 3
0.462212 0.27852 0.767639 1.4013e-38 3
0.474615 0.27852 0.767639 1.34602e-38 3
0.487018 0.27852 0.767639 1.25386e-38 3
0.489817 0.273164 0.752877 1.25386e-38 3
0.543813 0.295928 0.815617 1.11557e-38 3
0.540113 0.28696 0.790901 1.11553e-38 3
0.552892 0.28696 0.790901 1.2262e-38 3
0.560014 0.284091 0.782992 1.12475e-38 3
0.566995 0.281278 0.77524 1.16159e-38 3
0.562804 0.273164 0.752877 1.14319e-38 3
0.577746 0.274484 0.756514 9.86494e-39 3
0.58997 0.274484 0.756514 1.05103e-38 3
0.602193 0.274484 0.756514 1.05103e-38 3
0.623452 0.27852 0.767639 9.77274e-39 3
0.642151 0.281278 0.77524 1.03259e-38 3
0.664546 0.285518 0.786927 9.3114e-39 3
0.677261 0.285518 0.786927 9.49579e-39 3
0.69346 0.28696 0.790901 1.0049e-38 3
0.641446 0.260634 0.718341 1.00486e-38 3
0.647116 0.258264 0.711811 9.40324e-39 3
0.619213 0.242813 0.669224 8.57384e-39 3
0.676266 0.260634 0.718341 8.66639e-39 3
0.765083 0.289889 0.798972 9.40396e-39 3
0.811098 0.302224 0.83297 9.68019e-39 3
0.8909 0.326541 0.899991 8.11358e-39 3
0.91597 0.330338 0.910456 8.66675e-39 3
0.889317 0.315656 0.869991 8.29761e-39 3
-0.51517 0.229144 0.604627 8.11393e-39 3
-0.505401 0.229144 0.604627 7.65295e-39 3
-0.488093 0.225659 0.595431 9.58942e-39 3
-0.483994 0.228263 0.602302 9.22028e-39 3
-0.485465 0.233655 0.616529 1.01415e-38 3
-0.483112 0.237394 0.626394 9.95713e-39 3
-0.476805 0.239308 0.631445 1.00486e-38 3
-0.476203 0.244232 0.644438 1.03245e-38 3
-0.475576 0.249363 0.657977 9.86277e-39 3
-0.463 0.24832 0.655223 1.05089e-38 3
-0.441334 0.242238 0.639177 1.08769e-38 3
-0.429254 0.241254 0.636579 1.14301e-38 3
-0.412265 0.237394 0.626394 1.0968e-38 3
-0.398953 0.235509 0.621422 1.00475e-38 3
-0.38585 0.233655 0.616529 1.06932e-38 3
-0.368632 0.229144 0.604627 1.06011e-38 3
-0.352066 0.224805 0.593176 1.03255e-38 3
-0.339907 0.223114 0.588716 1.15237e-38 3
-0.323106 0.218193 0.575729 1.15237e-38 3
-0.290612 0.20824 0.549468 1.15237e-38 3
-0.33519 0.255812 0.674993 1.3184e-38 3
-0.264908 0.208973 0.551403 1.2723e-38 3
-0.258732 0.211204 0.55729 1.20776e-38 3
-0.269898 0.228263 0.602302 1.2262e-38 3
-0.263203 0.230928 0.609332 1.29996e-38 3
-0.251401 0.229144 0.604627 1.04181e-38 3
-0.241632 0.229144 0.604627 9.49687e-39 3
-0.237362 0.234579 0.618966 1.08798e-38 3
-0.231013 0.238347 0.628909 1.04203e-38 3
-0.223545 0.241254 0.636579 1.10656e-38 3
-0.21154 0.239308 0.631445 1.08805e-38 3
-0.200528 0.238347 0.628909 1.18025e-38 3
-0.18885 0.236448 0.623898 1.20794e-38 3
-0.17806 0.235509 0.621422 1.08812e-38 3
-0.164112 0.230033 0.606971 1.1894e-38 3
-0.176153 0.262603 0.692913 1.18936e-38 3
-0.110342 0.203248 0.536296 1.14323e-38 3
-0.100986 0.201865 0.532648 1.21698e-38 3
-0.0930121 0.203248 0.536296 1.29996e-38 3
-0.0849287 0.20465 0.539995 1.40137e-38 3
-0.076733 0.206071 0.543745 1.38293e-38 3
-0.0677124 0.205358 0.541863 1.32765e-38 3
-0.058552 0.203946 0.538139 1.28148e-38 3
0.11267 0.234579 0.618966 1.49357e-38 3
0.12267 0.234579 0.618966 1.48435e-38 3
0.132671 0.234579 0.618966 1.48439e-38 3
0.141553 0.232739 0.614111 1.50279e-38 3
0.151476 0.232739 0.614111 1.49357e-38 3
0.158294 0.228263 0.602302 1.58576e-38 3
0.173097 0.222279 0.586511 1.6042e-38 3
0.181216 0.220626 0.58215 1.55807e-38 3
0.19205 0.222279 0.586511 1.61335e-38 3
0.201527 0.222279 0.586511 1.47506e-38 3
0.211003 0.222279 0.586511 1.49335e-38 3
0.221309 0.223114 0.588716 1.52083e-38 3
0.230821 0.223114 0.588716 1.5392e-38 3
0.243074 0.225659 0.595431 1.54846e-38 3
0.250788 0.223956 0.590937 1.59445e-38 3
0.257422 0.221449 0.584322 1.65895e-38 3
0.266863 0.221449 0.584322 1.57601e-38 3
0.330578 0.264948 0.6991 1.52076e-38 3
0.341874 0.264948 0.6991 1.55771e-38 3
0.353169 0.264948 0.6991 1.53927e-38 3
0.32656 0.237394 0.626394 1.54849e-38 3
0.331379 0.233655 0.616529 1.54849e-38 3
0.346802 0.237394 0.626394 1.46559e-38 3
0.367205 0.244232 0.644438 1.41038e-38 3
0.406022 0.262603 0.692913 1.26301e-38 3
0.420943 0.264948 0.6991 1.29989e-38 3
0.432239 0.264948 0.6991 1.34598e-38 3
0.443534 0.264948 0.6991 1.3368e-38 3
0.480575 0.279945 0.738672 1.21695e-38 3
0.54666 0.310725 0.819887 1.22617e-38 3
0.524227 0.290923 0.767639 1.13404e-38 3
0.53663 0.290923 0.767639 1.15248e-38 3
0.543703 0.288099 0.760186 1.21691e-38 3
0.54025 0.279945 0.738672 1.29074e-38 3
0.549593 0.278631 0.735204 1.06947e-38 3
0.561472 0.278631 0.735204 1.02341e-38 3
0.570672 0.277329 0.731768 1.05107e-38 3
0.582495 0.277329 0.731768 1.06951e-38 3
0.597109 0.278631 0.735204 1.00497e-38 3
0.608988 0.278631 0.735204 9.95749e-39 3
0.601112 0.269765 0.711811 1.05107e-38 3
0.612613 0.269765 0.711811 9.21885e-39 3
0.618491 0.267335 0.705398 1.00486e-38 3
0.582647 0.247285 0.652493 1.06007e-38 3
0.600698 0.250415 0.660753 1.01404e-38 3
0.616578 0.252546 0.666376 8.75787e-39 3
0.652327 0.262603 0.692913 8.85007e-39 3
0.687872 0.27224 0.718341 9.40396e-39 3
0.777992 0.302798 0.798972 9.12701e-39 3
0.87088 0.333418 0.879766 8.85043e-39 3
0.91597 0.345049 0.910456 8.5742e-39 3
-0.486967 0.225834 0.571527 6.82392e-39 3
-0.477733 0.225834 0.571527 6.91647e-39 3
-0.463424 0.223388 0.565337 7.56148e-39 3
-0.45429 0.223388 0.565337 7.46892e-39 3
-0.470642 0.236178 0.597704 8.482e-39 3
-0.466324 0.238914 0.604627 9.31176e-39 3
-0.471106 0.246528 0.623898 8.94226e-39 3
-0.468492 0.250521 0.634002 8.66495e-39 3
-0.454567 0.248508 0.628909 1.06925e-38 3
-0.451661 0.252566 0.639177 1.17985e-38 3
-0.434244 0.248508 0.628909 1.1061e-38 3
-0.424082 0.248508 0.628909 1.11524e-38 3
-0.39489 0.237083 0.599994 1.01383e-38 3
-0.379381 0.233504 0.590937 1.09695e-38 3
-0.369833 0.233504 0.590937 1.06007e-38 3
-0.360285 0.233504 0.590937 9.77094e-39 3
-0.346811 0.23089 0.584322 1.05089e-38 3
-0.333635 0.228334 0.577854 1.13397e-38 3
-0.316133 0.222585 0.563304 1.18929e-38 3
-0.301607 0.218652 0.553351 1.16163e-38 3
-0.290612 0.217118 0.549468 1.18007e-38 3
-0.280749 0.216359 0.547547 1.18003e-38 3
-0.270014 0.214856 0.543745 1.24457e-38 3
-0.261229 0.214856 0.543745 1.25379e-38 3
-0.255999 0.217882 0.551403 1.25379e-38 3
-0.251517 0.221787 0.561285 1.28145e-38 3
-0.25053 0.22918 0.579994 1.1801e-38 3
-0.241159 0.22918 0.579994 9.68054e-39 3
-0.233518 0.23089 0.584322 1.13408e-38 3
-0.236427 0.243617 0.616529 1.25393e-38 3
-0.226466 0.243617 0.616529 1.12493e-38 3
-0.219968 0.247514 0.626394 1.14341e-38 3
-0.202555 0.238914 0.604627 1.09727e-38 3
-0.190579 0.236178 0.597704 1.13415e-38 3
-0.180233 0.23528 0.595431 1.04199e-38 3
-0.171264 0.236178 0.597704 1.06969e-38 3
-0.157988 0.23089 0.584322 1.12486e-38 3
-0.142691 0.221787 0.561285 1.1617e-38 3
-0.131733 0.218652 0.553351 1.15237e-38 3
-0.122792 0.218652 0.553351 1.28141e-38 3
-0.0852226 0.214113 0.541863 1.33677e-38 3
-0.076733 0.214856 0.543745 1.26297e-38 3
-0.0674789 0.213375 0.539995 1.28148e-38 3
-0.0581524 0.21119 0.534466 1.3184e-38 3
0.110059 0.238914 0.604627 1.56733e-38 3
0.119829 0.238914 0.604627 1.46595e-38 3
0.129598 0.238914 0.604627 1.41067e-38 3
0.138299 0.237083 0.599994 1.53048e-38 3
0.147993 0.237083 0.599994 1.48449e-38 3
0.155308 0.233504 0.590937 1.47517e-38 3
0.164236 0.232626 0.588716 1.45673e-38 3
0.168675 0.225834 0.571527 1.38297e-38 3
0.177263 0.225013 0.569449 1.44751e-38 3
0.187144 0.225834 0.571527 1.4384e-38 3
0.197822 0.227495 0.575729 1.45676e-38 3
0.207889 0.228334 0.577854 1.55807e-38 3
0.21803 0.22918 0.579994 1.55789e-38 3
0.228247 0.230032 0.58215 1.58541e-38 3
0.239433 0.231755 0.586511 1.55771e-38 3
0.248909 0.231755 0.586511 1.48392e-38 3
0.256465 0.230032 0.58215 1.50229e-38 3
0.266863 0.23089 0.584322 1.45626e-38 3
0.279432 0.233504 0.590937 1.40098e-38 3
0.323969 0.24555 0.621422 1.51158e-38 3
0.32879 0.241713 0.611713 1.52998e-38 3
0.338674 0.241713 0.611713 1.51168e-38 3
0.35409 0.24555 0.621422 1.38261e-38 3
0.530635 0.322284 0.815617 1.34602e-38 3
0.543813 0.322284 0.815617 1.26304e-38 3
0.504445 0.29188 0.738672 1.18014e-38 3
0.53142 0.300382 0.760186 1.1156e-38 3
0.528315 0.29188 0.738672 1.08791e-38 3
0.532712 0.287807 0.728365 1.07869e-38 3
0.532106 0.281266 0.711811 1.04181e-38 3
0.538709 0.278732 0.705398 1.04185e-38 3
0.550107 0.278732 0.705398 9.8653e-39 3
0.579786 0.287807 0.728365 1.00497e-38 3
0.588816 0.286475 0.724993 1.03263e-38 3
0.59502 0.283847 0.718341 9.31212e-39 3
0.601112 0.281266 0.711811 9.40432e-39 3
0.591118 0.271397 0.686835 9.49544e-39 3
0.596979 0.269037 0.680863 9.58763e-39 3
0.60798 0.269037 0.680863 9.58655e-39 3
0.595672 0.258906 0.655223 9.95534e-39 3
0.619213 0.264439 0.669224 9.21849e-39 3
0.630026 0.264439 0.669224 8.75787e-39 3
0.651983 0.269037 0.680863 7.09871e-39 3
0.69312 0.281266 0.711811 8.48165e-39 3
0.807378 0.322284 0.815617 8.02067e-39 3
-0.45384 0.219078 0.532648 6.91539e-39 3
-0.445234 0.219078 0.532648 8.7593e-39 3
-0.439618 0.220578 0.536296 8.20577e-39 3
-0.430953 0.220578 0.536296 7.65224e-39 3
-0.417994 0.218335 0.530842 9.03517e-39 3
-0.478735 0.260765 0.634002 8.20469e-39 3
-0.468492 0.260765 0.634002 9.3096e-39 3
-0.442137 0.251597 0.611713 1.06915e-38 3
-0.383987 0.234214 0.569449 1.00461e-38 3
-0.374787 0.234214 0.569449 1.04152e-38 3
-0.362946 0.232523 0.565337 1.02308e-38 3
-0.355094 0.233365 0.567386 1.02301e-38 3
-0.349728 0.23593 0.573621 1.05067e-38 3
-0.336759 0.233365 0.567386 1.0968e-38 3
-0.326409 0.232523 0.565337 1.08769e-38 3
-0.313875 0.230032 0.55928 1.22599e-38 3
-0.298443 0.225206 0.547547 1.19833e-38 3
-0.288587 0.224421 0.545639 1.25364e-38 3
-0.2788 0.223642 0.543745 1.1984e-38 3
-0.270955 0.224421 0.545639 1.18003e-38 3
-0.261229 0.223642 0.543745 1.04174e-38 3
-0.253323 0.224421 0.545639 1.13393e-38 3
-0.246222 0.225996 0.549468 1.13393e-38 3
-0.242449 0.230856 0.561285 1.04188e-38 3
-0.228466 0.225996 0.549468 1.01422e-38 3
-0.218058 0.224421 0.545639 1.23542e-38 3
-0.208516 0.223642 0.543745 1.16166e-38 3
-0.20398 0.2284 0.555314 1.18018e-38 3
-0.1964 0.230032 0.55928 1.08798e-38 3
-0.188711 0.231686 0.563304 1.0972e-38 3
-0.184249 0.237671 0.577854 1.23546e-38 3
-0.176213 0.239438 0.58215 1.02352e-38 3
-0.16743 0.240331 0.584322 1.04195e-38 3
-0.155095 0.23593 0.573621 1.08805e-38 3
-0.129897 0.224421 0.545639 1.19836e-38 3
-0.121081 0.224421 0.545639 1.17989e-38 3
-0.0846368 0.221336 0.538139 1.15237e-38 3
-0.0754235 0.219825 0.534466 1.10628e-38 3
-0.0665608 0.219078 0.532648 1.14319e-38 3
-0.0577581 0.218335 0.530842 1.13397e-38 3
-0.0193774 0.180417 0.438651 1.40137e-38 3
-0.0123245 0.180924 0.439883 1.43822e-38 3
0.0416377 0.201278 0.48937 1.58559e-38 3
0.0495446 0.201278 0.48937 1.4935e-38 3
0.0701699 0.245835 0.597704 1.53963e-38 3
0.108799 0.245835 0.597704 1.47509e-38 3
0.118457 0.245835 0.597704 1.43829e-38 3
0.128114 0.245835 0.597704 1.36453e-38 3
0.137247 0.244901 0.595431 1.40141e-38 3
0.146868 0.244901 0.595431 1.46605e-38 3
0.154724 0.242138 0.588716 1.41074e-38 3
0.16301 0.240331 0.584322 1.38315e-38 3
0.167453 0.233365 0.567386 1.31861e-38 3
0.175983 0.232523 0.565337 1.3923e-38 3
0.185788 0.233365 0.567386 1.36464e-38 3
0.196378 0.235069 0.571527 1.37386e-38 3
0.205613 0.235069 0.571527 1.40152e-38 3
0.214847 0.235069 0.571527 1.30918e-38 3
0.225729 0.236797 0.575729 1.39194e-38 3
0.235899 0.237671 0.577854 1.44729e-38 3
0.245235 0.237671 0.577854 1.41963e-38 3
0.250869 0.234214 0.569449 1.35506e-38 3
0.261019 0.235069 0.571527 1.36428e-38 3
0.276304 0.240331 0.584322 1.30896e-38 3
0.317666 0.250618 0.609332 1.34573e-38 3
0.321261 0.245835 0.597704 1.37332e-38 3
0.32966 0.244901 0.595431 1.41942e-38 3
0.320843 0.225206 0.547547 1.36428e-38 3
0.330846 0.225996 0.549468 1.25368e-38 3
0.34456 0.229213 0.55729 1.29067e-38 3
0.481722 0.29013 0.705398 1.17092e-38 3
0.502168 0.295453 0.718341 1.10649e-38 3
0.509104 0.292767 0.711811 1.09727e-38 3
0.506783 0.284995 0.692913 1.06947e-38 3
0.513435 0.282495 0.686835 1.00486e-38 3
0.519972 0.280038 0.680863 9.77274e-39 3
0.526395 0.277624 0.674993 9.58871e-39 3
0.532709 0.275251 0.669224 9.95749e-39 3
0.543522 0.275251 0.669224 1.03263e-38 3
0.561562 0.26837 0.652493 9.12773e-39 3
0.553649 0.259713 0.631445 8.94262e-39 3
0.570756 0.262893 0.639177 9.12665e-39 3
0.574055 0.259713 0.631445 8.75787e-39 3
0.584257 0.259713 0.631445 8.94226e-39 3
0.651651 0.275251 0.669224 7.65189e-39 3
-0.449256 0.225384 0.527267 8.39052e-39 3
-0.440737 0.225384 0.527267 9.31248e-39 3
-0.432217 0.225384 0.527267 8.20577e-39 3
-0.423698 0.225384 0.527267 7.83663e-39 3
-0.406957 0.220921 0.516826 8.94262e-39 3
-0.394699 0.218755 0.51176 8.66567e-39 3
-0.387697 0.219472 0.513437 8.66495e-39 3
-0.380649 0.220194 0.515126 8.75643e-39 3
-0.366302 0.216631 0.506791 9.30852e-39 3
-0.35467 0.214548 0.501918 1.02316e-38 3
-0.345453 0.213863 0.500314 1.10613e-38 3
-0.370514 0.234874 0.549468 1.11524e-38 3
-0.365483 0.237373 0.555314 9.58546e-39 3
-0.355251 0.236534 0.553351 1.06911e-38 3
-0.34631 0.236534 0.553351 1.1612e-38 3
-0.342207 0.239925 0.561285 1.21651e-38 3
-0.295909 0.225384 0.527267 1.22573e-38 3
-0.288361 0.226145 0.529049 1.19815e-38 3
-0.280761 0.226912 0.530842 1.25346e-38 3
-0.27311 0.227684 0.532648 1.13379e-38 3
-0.265406 0.228461 0.534466 1.1339e-38 3
-0.256771 0.228461 0.534466 1.08784e-38 3
-0.248985 0.229243 0.536296 8.94262e-39 3
-0.2395 0.228461 0.534466 9.21956e-39 3
-0.228524 0.226145 0.529049 1.08798e-38 3
-0.2185 0.224628 0.525498 1.16174e-38 3
-0.210009 0.224628 0.525498 1.2446e-38 3
-0.202197 0.225384 0.527267 1.18932e-38 3
-0.195654 0.227684 0.532648 1.11557e-38 3
-0.189628 0.230824 0.539995 1.07869e-38 3
-0.182159 0.232427 0.543745 1.14323e-38 3
-0.176437 0.236534 0.553351 1.03259e-38 3
-0.169291 0.239068 0.55928 1.07869e-38 3
-0.151217 0.239068 0.55928 1.06951e-38 3
-0.138713 0.233237 0.545639 1.05103e-38 3
-0.126804 0.227684 0.532648 9.86314e-39 3
-0.118198 0.227684 0.532648 1.01383e-38 3
-0.0749122 0.226912 0.530842 1.31822e-38 3
-0.0661111 0.226145 0.529049 1.45662e-38 3
-0.0566068 0.222389 0.520261 1.30918e-38 3
-0.0194866 0.188561 0.441122 1.32755e-38 3
-0.0123592 0.188561 0.441122 1.34606e-38 3
0.0408713 0.205335 0.480363 1.54882e-38 3
0.0487824 0.205966 0.481841 1.46584e-38 3
0.0565677 0.205966 0.481841 1.3829e-38 3
0.07804 0.249773 0.584322 1.56725e-38 3
0.0878088 0.250708 0.586511 1.54878e-38 3
0.097651 0.251651 0.588716 1.51197e-38 3
0.108799 0.255493 0.597704 1.49357e-38 3
0.118457 0.255493 0.597704 1.37379e-38 3
0.128114 0.255493 0.597704 1.40145e-38 3
0.137247 0.254521 0.595431 1.33698e-38 3
0.146312 0.253557 0.593176 1.35546e-38 3
0.151869 0.247008 0.577854 1.3462e-38 3
0.160025 0.245198 0.573621 1.31861e-38 3
0.165652 0.239925 0.561285 1.31872e-38 3
0.174097 0.239068 0.55928 1.37393e-38 3
0.18379 0.239925 0.561285 1.3462e-38 3
0.193553 0.240788 0.563304 1.33702e-38 3
0.202654 0.240788 0.563304 1.33702e-38 3
0.210997 0.239925 0.561285 1.30007e-38 3
0.220857 0.240788 0.563304 1.32765e-38 3
0.229959 0.240788 0.563304 1.21702e-38 3
0.237353 0.239068 0.55928 1.28159e-38 3
0.245512 0.238217 0.55729 1.29074e-38 3
0.253614 0.237373 0.555314 1.32755e-38 3
0.266365 0.240788 0.563304 1.26297e-38 3
0.276461 0.241657 0.565337 1.25375e-38 3
0.287672 0.243415 0.569449 1.30907e-38 3
0.304627 0.249773 0.584322 1.29978e-38 3
0.307191 0.244303 0.571527 1.4196e-38 3
0.311996 0.234053 0.547547 1.33651e-38 3
0.31533 0.230031 0.538139 1.38261e-38 3
0.326267 0.231623 0.541863 1.35506e-38 3
0.335022 0.231623 0.541863 1.27212e-38 3
0.49312 0.301527 0.705398 1.00497e-38 3
0.504517 0.301527 0.705398 1.04195e-38 3
0.502338 0.293592 0.686835 1.03259e-38 3
0.508971 0.291039 0.680863 1.06018e-38 3
0.410046 0.220194 0.515126 9.21992e-39 3
0.581084 0.273221 0.639177 8.85078e-39 3
0.586622 0.271008 0.634002 8.75859e-39 3
0.596866 0.271008 0.634002 7.92883e-39 3
-0.447748 0.233118 0.525498 8.2976e-39 3
-0.439258 0.233118 0.525498 9.12737e-39 3
-0.432217 0.233903 0.527267 9.40395e-39 3
-0.423698 0.233903 0.527267 8.66567e-39 3
-0.401655 0.226284 0.510093 8.20469e-39 3
-0.392136 0.22555 0.508436 8.94154e-39 3
-0.383921 0.22555 0.508436 9.12593e-39 3
-0.370889 0.222658 0.501918 9.58619e-39 3
-0.360469 0.22124 0.498721 1.05081e-38 3
-0.347978 0.218457 0.492448 1.06003e-38 3
-0.335797 0.215743 0.48633 1.03237e-38 3
-0.324912 0.213752 0.481841 9.49327e-39 3
-0.326159 0.21984 0.495565 1.0323e-38 3
-0.318152 0.21984 0.495565 1.18893e-38 3
-0.314121 0.222658 0.501918 1.23485e-38 3
-0.306012 0.222658 0.501918 1.34541e-38 3
-0.303743 0.227024 0.51176 1.39158e-38 3
-0.296443 0.227768 0.513437 1.36392e-38 3
-0.2835 0.224094 0.505156 1.40087e-38 3
-0.276229 0.22482 0.506791 1.30875e-38 3
-0.270668 0.227024 0.51176 1.27194e-38 3
-0.267648 0.231564 0.521995 1.20755e-38 3
-0.262716 0.234694 0.529049 1.23528e-38 3
-0.25503 0.235489 0.530842 1.12471e-38 3
-0.246453 0.235489 0.530842 1.06947e-38 3
-0.236274 0.233903 0.527267 1.06954e-38 3
-0.22251 0.228517 0.515126 1.03277e-38 3
-0.214187 0.228517 0.515126 1.06036e-38 3
-0.205189 0.227768 0.513437 1.10631e-38 3
-0.198849 0.230031 0.518538 1.00486e-38 3
-0.192382 0.232339 0.523741 1.0233e-38 3
-0.185158 0.233903 0.527267 1.14315e-38 3
-0.177837 0.235489 0.530842 1.25375e-38 3
-0.171586 0.238726 0.538139 1.04163e-38 3
-0.166906 0.24461 0.551403 9.95641e-39 3
-0.158555 0.245475 0.553351 8.75859e-39 3
-0.149088 0.24461 0.551403 8.75895e-39 3
-0.136806 0.238726 0.538139 1.01415e-38 3
-0.126374 0.235489 0.530842 1.05089e-38 3
-0.117399 0.234694 0.529049 9.86098e-39 3
-0.108485 0.233903 0.527267 1.0045e-38 3
-0.0826487 0.233118 0.525498 1.04167e-38 3
-0.074158 0.233118 0.525498 1.19847e-38 3
-0.0547866 0.223374 0.503532 1.21687e-38 3
-0.0197087 0.197918 0.446149 1.1984e-38 3
-0.0124292 0.196797 0.443622 1.22613e-38 3
0.0407463 0.212444 0.478894 1.49353e-38 3
0.0486328 0.213096 0.480363 1.45666e-38 3
0.0563942 0.213096 0.480363 1.41056e-38 3
0.0653585 0.217092 0.48937 1.43825e-38 3
0.0840321 0.248994 0.561285 1.43829e-38 3
0.0934359 0.24989 0.563304 1.43825e-38 3
0.106762 0.260185 0.586511 1.39215e-38 3
0.117116 0.262148 0.590937 1.29081e-38 3
0.126664 0.262148 0.590937 1.20791e-38 3
0.131258 0.252616 0.569449 1.30939e-38 3
0.147514 0.248994 0.561285 1.2633e-38 3
0.164473 0.247222 0.55729 1.30028e-38 3
0.172862 0.246345 0.555314 1.31861e-38 3
0.181835 0.246345 0.555314 1.35542e-38 3
0.191486 0.247222 0.55729 1.32791e-38 3
0.200491 0.247222 0.55729 1.28181e-38 3
0.208752 0.246345 0.555314 1.2817e-38 3
0.216955 0.245475 0.553351 1.27234e-38 3
0.226697 0.246345 0.555314 1.3462e-38 3
0.23401 0.24461 0.551403 1.30939e-38 3
0.242919 0.24461 0.551403 1.28166e-38 3
0.250945 0.243752 0.549468 1.27234e-38 3
0.260738 0.24461 0.551403 1.22624e-38 3
0.269647 0.24461 0.551403 1.29081e-38 3
0.27954 0.245475 0.553351 1.19862e-38 3
0.287465 0.24461 0.551403 1.19847e-38 3
0.297422 0.245475 0.553351 1.17081e-38 3
0.304213 0.243752 0.549468 1.28138e-38 3
0.306635 0.238726 0.538139 1.2813e-38 3
0.31425 0.237909 0.536296 1.32729e-38 3
0.324025 0.238726 0.538139 1.27194e-38 3
0.335022 0.240378 0.541863 1.27208e-38 3
0.49312 0.312925 0.705398 9.49615e-39 3
0.504517 0.312925 0.705398 9.58979e-39 3
0.380871 0.22124 0.498721 9.40395e-39 3
0.390172 0.221947 0.500314 9.58906e-39 3
0.403411 0.22482 0.506791 9.03589e-39 3
0.411599 0.22482 0.506791 8.39052e-39 3
0.441205 0.23629 0.532648 8.39052e-39 3
0.451347 0.237097 0.534466 8.29905e-39 3
0.452265 0.233118 0.525498 7.46965e-39 3
0.451661 0.228517 0.515126 8.76039e-39 3
0.581084 0.283548 0.639177 7.46821e-39 3
0.596866 0.281252 0.634002 7.56004e-39 3
-0.44036 0.237622 0.516826 7.65223e-39 3
-0.432009 0.237622 0.516826 7.74515e-39 3
-0.432217 0.242423 0.527267 9.21956e-39 3
-0.420864 0.240801 0.523741 8.1125e-39 3
-0.399055 0.233008 0.506791 8.29617e-39 3
-0.389606 0.232256 0.505156 8.84826e-39 3
-0.368527 0.229298 0.498721 8.75643e-39 3
-0.358187 0.227847 0.495565 8.84934e-39 3
-0.345803 0.224998 0.48937 9.31032e-39 3
-0.332698 0.221537 0.481841 9.40215e-39 3
-0.321941 0.219511 0.477434 1.00464e-38 3
-0.316154 0.220857 0.480363 1.16138e-38 3
-0.308393 0.220857 0.480363 1.30878e-38 3
-0.304366 0.223601 0.48633 1.32711e-38 3
-0.298361 0.224998 0.48937 1.3547e-38 3
-0.295065 0.22857 0.497138 1.39158e-38 3
-0.288866 0.23003 0.500314 1.45611e-38 3
-0.279888 0.229298 0.498721 1.28094e-38 3
-0.27183 0.229298 0.498721 1.16113e-38 3
-0.264615 0.23003 0.500314 1.318e-38 3
-0.256531 0.23003 0.500314 1.22599e-38 3
-0.248447 0.23003 0.500314 1.10617e-38 3
-0.240364 0.23003 0.500314 1.04174e-38 3
-0.23228 0.23003 0.500314 9.77273e-39 3
-0.224915 0.230768 0.501918 9.49686e-39 3
-0.208028 0.23003 0.500314 1.06025e-38 3
-0.199945 0.23003 0.500314 1.07869e-38 3
-0.193718 0.232256 0.505156 9.31032e-39 3
-0.186156 0.233008 0.506791 9.77202e-39 3
-0.179127 0.234526 0.510093 1.07862e-38 3
-0.174873 0.239998 0.521995 9.2192e-39 3
-0.16812 0.242423 0.527267 9.40324e-39 3
-0.16014 0.243242 0.529049 9.31104e-39 3
-0.152105 0.244066 0.530842 9.77274e-39 3
-0.145003 0.246574 0.536296 9.31176e-39 3
-0.13541 0.244896 0.532648 1.05103e-38 3
-0.125947 0.243242 0.529049 1.11542e-38 3
-0.117004 0.242423 0.527267 1.06915e-38 3
-0.108121 0.241609 0.525498 1.15209e-38 3
-0.0992969 0.240801 0.523741 1.18911e-38 3
-0.0908346 0.240801 0.523741 1.14308e-38 3
-0.081554 0.238409 0.518538 1.30911e-38 3
-0.0722193 0.235293 0.51176 1.28145e-38 3
-0.0629224 0.23151 0.503532 1.20762e-38 3
-0.0529151 0.223601 0.48633 1.12475e-38 3
-0.0349219 0.209911 0.456555 1.27216e-38 3
-0.0272276 0.207491 0.451292 1.36421e-38 3
-0.0198216 0.206302 0.448706 1.27216e-38 3
-0.0125001 0.205127 0.446149 1.34598e-38 3
-0.00523182 0.202816 0.441122 1.40141e-38 3
0.00915186 0.205713 0.447424 1.34606e-38 3
0.016428 0.206302 0.448706 1.29074e-38 3
0.0246675 0.214924 0.467458 1.40141e-38 3
0.0326097 0.217521 0.473107 1.51208e-38 3
0.0407463 0.220182 0.478894 1.40148e-38 3
0.048484 0.220182 0.478894 1.36453e-38 3
0.0563942 0.220857 0.480363 1.33687e-38 3
0.0645516 0.222221 0.483328 1.25393e-38 3
0.0746654 0.229298 0.498721 1.26322e-38 3
0.0889561 0.246574 0.536296 1.31843e-38 3
0.108516 0.251747 0.547547 1.32765e-38 3
0.117363 0.251747 0.547547 1.20791e-38 3
0.12236 0.244066 0.530842 1.21713e-38 3
0.131382 0.244896 0.532648 1.23564e-38 3
0.139042 0.243242 0.529049 1.254e-38 3
0.150126 0.247421 0.538139 1.2634e-38 3
0.160476 0.249998 0.543745 1.32794e-38 3
0.169261 0.249998 0.543745 1.23564e-38 3
0.179292 0.251747 0.547547 1.19876e-38 3
0.188799 0.25263 0.549468 1.26326e-38 3
0.197677 0.25263 0.549468 1.22649e-38 3
0.206555 0.25263 0.549468 1.18961e-38 3
0.213189 0.249998 0.543745 1.27252e-38 3
0.223526 0.251747 0.547547 1.30017e-38 3
0.229961 0.249133 0.541863 1.36468e-38 3
0.238716 0.249133 0.541863 1.2356e-38 3
0.246618 0.248274 0.539995 1.19869e-38 3
0.257116 0.249998 0.543745 1.23557e-38 3
0.265902 0.249998 0.543745 1.29077e-38 3
0.275644 0.250869 0.545639 1.30918e-38 3
0.28446 0.250869 0.545639 1.2539e-38 3
0.294302 0.251747 0.547547 1.1894e-38 3
0.303149 0.251747 0.547547 1.20769e-38 3
0.306635 0.247421 0.538139 1.07854e-38 3
0.313178 0.245732 0.534466 1.13383e-38 3
0.322915 0.246574 0.536296 1.1707e-38 3
0.372813 0.229298 0.498721 9.49615e-39 3
0.380871 0.229298 0.498721 9.58835e-39 3
0.388929 0.229298 0.498721 9.40395e-39 3
0.400817 0.23151 0.503532 8.85078e-39 3
0.408952 0.23151 0.503532 8.57491e-39 3
0.432381 0.239998 0.521995 9.03589e-39 3
0.443774 0.241609 0.525498 8.11466e-39 3
0.450752 0.240801 0.523741 9.03626e-39 3
0.453152 0.237622 0.516826 9.03698e-39 3
-0.427657 0.238877 0.501918 7.83662e-39 3
-0.419547 0.238877 0.501918 7.65224e-39 3
-0.432217 0.250942 0.527267 6.73028e-39 3
-0.412585 0.24436 0.513437 6.82176e-39 3
-0.393956 0.238114 0.500314 7.09762e-39 3
-0.385872 0.238114 0.500314 9.49399e-39 3
-0.377788 0.238114 0.500314 9.67874e-39 3
-0.365039 0.23511 0.494001 9.49399e-39 3
-0.354819 0.233636 0.490904 9.58618e-39 3
-0.342591 0.230742 0.484825 8.388e-39 3
-0.330663 0.22792 0.478894 8.66458e-39 3
-0.320962 0.226534 0.475983 1.01386e-38 3
-0.316154 0.228619 0.480363 1.06918e-38 3
-0.308393 0.228619 0.480363 1.29956e-38 3
-0.302487 0.23003 0.483328 1.34555e-38 3
-0.29559 0.230742 0.484825 1.46533e-38 3
-0.292281 0.23437 0.492448 1.30867e-38 3
-0.287032 0.236602 0.497138 1.26261e-38 3
-0.278117 0.235854 0.495565 1.24414e-38 3
-0.270967 0.236602 0.497138 1.26254e-38 3
-0.262935 0.236602 0.497138 1.25346e-38 3
-0.254096 0.235854 0.495565 1.13368e-38 3
-0.245312 0.23511 0.494001 1.07847e-38 3
-0.237331 0.23511 0.494001 9.12593e-39 3
-0.228628 0.23437 0.492448 8.66602e-39 3
-0.222068 0.235854 0.495565 9.77309e-39 3
-0.214061 0.235854 0.495565 1.04177e-38 3
-0.206708 0.236602 0.497138 1.18007e-38 3
-0.199308 0.237356 0.498721 1.12461e-38 3
-0.193095 0.239645 0.503532 1.03238e-38 3
-0.185556 0.240418 0.505156 1.03245e-38 3
-0.177394 0.240418 0.505156 1.03245e-38 3
-0.172572 0.245164 0.515126 9.77237e-39 3
-0.166995 0.249263 0.523741 1.03245e-38 3
-0.158533 0.249263 0.523741 1.06933e-38 3
-0.150574 0.2501 0.525498 1.14315e-38 3
-0.142562 0.250942 0.527267 1.09706e-38 3
-0.134496 0.25179 0.529049 1.09706e-38 3
-0.125523 0.250942 0.527267 1.26286e-38 3
-0.116221 0.249263 0.523741 1.29041e-38 3
-0.1074 0.248432 0.521995 1.29041e-38 3
-0.0986371 0.247607 0.520261 1.17074e-38 3
-0.0896355 0.245973 0.516826 1.13386e-38 3
-0.080488 0.243561 0.51176 1.2907e-38 3
-0.071984 0.242768 0.510093 1.32758e-38 3
-0.0532458 0.232905 0.48937 1.30911e-38 3
-0.0438321 0.225165 0.473107 1.30911e-38 3
-0.035024 0.217923 0.45789 1.19833e-38 3
-0.027465 0.216656 0.455228 1.35495e-38 3
-0.0199935 0.215404 0.452597 1.40116e-38 3
-0.00527641 0.211732 0.444882 1.4291e-38 3
0.00912579 0.212335 0.446149 1.39223e-38 3
0.0163344 0.212335 0.446149 1.32776e-38 3
0.0243764 0.219852 0.461942 1.41996e-38 3
0.0325115 0.224487 0.471682 1.24478e-38 3
0.0406221 0.227225 0.477434 1.23557e-38 3
0.048484 0.22792 0.478894 1.30921e-38 3
0.0562217 0.22792 0.478894 1.36453e-38 3
0.0641556 0.228619 0.480363 1.31854e-38 3
0.0734951 0.233636 0.490904 1.28166e-38 3
0.0827235 0.237356 0.498721 1.27234e-38 3
0.0940772 0.245973 0.516826 1.18018e-38 3
0.101424 0.243561 0.51176 1.24479e-38 3
0.110052 0.24436 0.513437 1.3001e-38 3
0.117577 0.242768 0.510093 1.24478e-38 3
0.125819 0.242768 0.510093 1.18954e-38 3
0.13583 0.245973 0.516826 1.14344e-38 3
0.145139 0.247607 0.520261 1.23575e-38 3
0.156668 0.252643 0.530842 1.28184e-38 3
0.165807 0.253503 0.532648 1.29095e-38 3
0.175608 0.255239 0.536296 1.2172e-38 3
0.184273 0.255239 0.536296 1.24482e-38 3
0.192938 0.255239 0.536296 1.24493e-38 3
0.201603 0.255239 0.536296 1.18039e-38 3
0.209551 0.254368 0.534466 1.1711e-38 3
0.218933 0.255239 0.536296 1.14344e-38 3
0.226822 0.254368 0.534466 1.21713e-38 3
0.235457 0.254368 0.534466 1.17106e-38 3
0.242438 0.252643 0.530842 1.10649e-38 3
0.253594 0.255239 0.536296 1.12493e-38 3
0.262259 0.255239 0.536296 1.15252e-38 3
0.274687 0.258784 0.543745 1.1617e-38 3
0.281518 0.256999 0.539995 1.12493e-38 3
0.293276 0.259686 0.545639 1.18018e-38 3
0.307449 0.26429 0.555314 1.1801e-38 3
0.310909 0.259686 0.545639 1.23535e-38 3
0.313178 0.254368 0.534466 1.27223e-38 3
0.298353 0.223813 0.470266 1.07862e-38 3
0.371861 0.24198 0.508436 1.03259e-38 3
0.370453 0.235854 0.495565 1.03259e-38 3
0.379662 0.236602 0.497138 9.58835e-39 3
0.388929 0.237356 0.498721 9.77274e-39 3
0.399532 0.238877 0.501918 9.77274e-39 3
0.407642 0.238877 0.501918 9.58906e-39 3
0.430945 0.247607 0.520261 9.03589e-39 3
0.443774 0.2501 0.525498 8.11466e-39 3
0.450752 0.249263 0.523741 8.29905e-39 3
0.459214 0.249263 0.523741 8.85187e-39 3
-0.426291 0.246198 0.500314 7.92846e-39 3
-0.418207 0.246198 0.500314 8.11285e-39 3
-0.412761 0.247781 0.503532 6.82176e-39 3
-0.400759 0.245414 0.498721 8.48056e-39 3
-0.386546 0.241567 0.490904 9.2174e-39 3
-0.378614 0.241567 0.490904 7.65008e-39 3
-0.368373 0.240062 0.487846 7.83483e-39 3
-0.357153 0.237839 0.483328 8.9401e-39 3
-0.349343 0.237839 0.483328 9.95389e-39 3
-0.339439 0.23638 0.480363 9.40071e-39 3
-0.331677 0.23638 0.480363 1.03223e-38 3
-0.311257 0.238576 0.484825 1.29034e-38 3
-0.303424 0.238576 0.484825 1.38247e-38 3
-0.29559 0.238576 0.484825 1.29945e-38 3
-0.292281 0.242327 0.492448 1.14279e-38 3
-0.284324 0.242327 0.492448 1.15205e-38 3
-0.275501 0.241567 0.490904 1.21651e-38 3
-0.26757 0.241567 0.490904 1.33633e-38 3
-0.259638 0.241567 0.490904 1.3457e-38 3
-0.250138 0.240062 0.487846 1.13365e-38 3
-0.240756 0.238576 0.484825 1.10599e-38 3
-0.232203 0.237839 0.483328 1.08766e-38 3
-0.224394 0.237839 0.483328 1.13386e-38 3
-0.217255 0.238576 0.484825 1.17074e-38 3
-0.210072 0.239317 0.48633 1.21673e-38 3
-0.204758 0.242327 0.492448 1.15219e-38 3
-0.197422 0.243091 0.494001 1.15209e-38 3
-0.190643 0.244635 0.497138 1.17052e-38 3
-0.183192 0.245414 0.498721 1.11524e-38 3
-0.174578 0.244635 0.497138 1.03237e-38 3
-0.168147 0.246987 0.501918 1.05089e-38 3
-0.161591 0.249385 0.506791 1.16141e-38 3
-0.154906 0.25183 0.51176 1.23517e-38 3
-0.147118 0.252656 0.513437 1.18904e-38 3
-0.139739 0.254323 0.516826 1.17992e-38 3
-0.132261 0.256013 0.520261 1.11524e-38 3
-0.123855 0.256013 0.520261 1.26268e-38 3
-0.115067 0.255165 0.518538 1.29953e-38 3
-0.106337 0.254323 0.516826 1.2351e-38 3
-0.0973435 0.252656 0.513437 1.21684e-38 3
-0.0887567 0.25183 0.51176 1.17074e-38 3
-0.0802258 0.25101 0.510093 1.21691e-38 3
-0.0715181 0.249385 0.506791 1.26304e-38 3
-0.0532458 0.240812 0.48937 1.18929e-38 3
-0.0439649 0.233515 0.474541 1.18e-38 3
-0.03523 0.226647 0.460584 1.2812e-38 3
-0.0273063 0.222717 0.452597 1.30878e-38 3
-0.0199935 0.222717 0.452597 1.24432e-38 3
0.00190093 0.217684 0.442368 1.30007e-38 3
0.00904845 0.217684 0.442368 1.30007e-38 3
0.016196 0.217684 0.442368 1.30014e-38 3
0.0240221 0.224012 0.455228 1.39237e-38 3
0.0316535 0.225982 0.459233 1.35542e-38 3
0.0404986 0.234225 0.475983 1.21713e-38 3
0.048484 0.235657 0.478894 1.22627e-38 3
0.0565677 0.237108 0.481841 1.27237e-38 3
0.0645516 0.237839 0.483328 1.26322e-38 3
0.0730372 0.240062 0.487846 1.254e-38 3
0.0824609 0.244635 0.497138 1.24478e-38 3
0.0916572 0.247781 0.503532 1.2817e-38 3
0.099793 0.247781 0.503532 1.24478e-38 3
0.106898 0.245414 0.498721 1.22635e-38 3
0.132336 0.247781 0.503532 1.24493e-38 3
0.173235 0.260338 0.529049 1.18954e-38 3
0.181171 0.259461 0.527267 1.17106e-38 3
0.189053 0.25859 0.525498 1.26337e-38 3
0.191753 0.25101 0.510093 1.27262e-38 3
0.199345 0.250195 0.508436 1.19876e-38 3
0.238397 0.256867 0.521995 1.24479e-38 3
0.283628 0.285407 0.579994 1.13415e-38 3
0.287304 0.228665 0.464684 1.20776e-38 3
0.292211 0.226647 0.460584 1.18925e-38 3
0.300537 0.227316 0.461942 1.15245e-38 3
0.371629 0.244635 0.497138 1.05103e-38 3
0.379662 0.244635 0.497138 1.00493e-38 3
0.390172 0.246198 0.500314 9.95713e-39 3
0.398255 0.246198 0.500314 8.75858e-39 3
0.407642 0.246987 0.501918 9.03589e-39 3
0.426692 0.253487 0.515126 8.94369e-39 3
0.440815 0.256867 0.521995 9.22028e-39 3
0.450752 0.257726 0.523741 8.29797e-39 3
-0.422244 0.251868 0.495565 7.28309e-39 3
-0.406518 0.247175 0.48633 6.36149e-39 3
-0.40623 0.251868 0.495565 8.0203e-39 3
-0.381759 0.246409 0.484825 7.83447e-39 3
-0.366092 0.246409 0.484825 8.94082e-39 3
-0.357153 0.245649 0.483328 9.21632e-39 3
-0.349343 0.245649 0.483328 1.02301e-38 3
-0.338401 0.243395 0.478894 1.05982e-38 3
-0.286868 0.245649 0.483328 1.23506e-38 3
-0.279059 0.245649 0.483328 1.17056e-38 3
-0.27125 0.245649 0.483328 1.21655e-38 3
-0.26263 0.244893 0.481841 1.12435e-38 3
-0.254845 0.244893 0.481841 1.15209e-38 3
-0.246301 0.244142 0.480363 1.17971e-38 3
-0.237811 0.243395 0.478894 1.21662e-38 3
-0.229371 0.242653 0.477434 1.19825e-38 3
-0.220984 0.241915 0.475983 1.29978e-38 3
-0.213293 0.241915 0.475983 1.33658e-38 3
-0.206229 0.242653 0.477434 1.31807e-38 3
-0.199733 0.244142 0.480363 1.25343e-38 3
-0.191971 0.244142 0.480363 1.16123e-38 3
-0.184777 0.244893 0.481841 1.15201e-38 3
-0.178087 0.246409 0.484825 1.09677e-38 3
-0.170254 0.246409 0.484825 1.07836e-38 3
-0.162925 0.247175 0.48633 1.08776e-38 3
-0.157018 0.250284 0.492448 1.16138e-38 3
-0.150004 0.251868 0.495565 1.21662e-38 3
-0.142902 0.253472 0.498721 1.29038e-38 3
-0.135274 0.254282 0.500314 1.2812e-38 3
-0.128009 0.255917 0.503532 1.22577e-38 3
-0.120649 0.257573 0.506791 1.29938e-38 3
-0.11246 0.257573 0.506791 1.35484e-38 3
-0.105294 0.260099 0.51176 1.34573e-38 3
-0.0960834 0.257573 0.506791 1.23528e-38 3
-0.0876114 0.256743 0.505156 1.21684e-38 3
-0.079194 0.255917 0.503532 1.17085e-38 3
-0.0710582 0.255917 0.503532 1.15241e-38 3
-0.0617315 0.251073 0.494001 1.26304e-38 3
-0.0529151 0.247175 0.48633 1.18929e-38 3
-0.0439649 0.241182 0.474541 1.16152e-38 3
-0.0353339 0.234779 0.461942 1.2996e-38 3
-0.0200514 0.230696 0.453908 1.27194e-38 3
0.00190093 0.224831 0.442368 1.29996e-38 3
0.00904845 0.224831 0.442368 1.17088e-38 3
0.016196 0.224831 0.442368 1.26308e-38 3
0.0236779 0.228052 0.448706 1.39219e-38 3
0.0311061 0.229367 0.451292 1.37389e-38 3
0.0395372 0.236173 0.464684 1.30014e-38 3
0.048484 0.243395 0.478894 1.29081e-38 3
0.0565677 0.244893 0.481841 1.30925e-38 3
0.0645516 0.245649 0.483328 1.28166e-38 3
0.072585 0.246409 0.484825 1.35542e-38 3
0.0809196 0.247945 0.487846 1.33705e-38 3
0.0896396 0.250284 0.492448 1.35549e-38 3
0.0979042 0.251073 0.494001 1.28166e-38 3
0.10328 0.244893 0.481841 1.31854e-38 3
0.110386 0.243395 0.478894 1.2817e-38 3
0.120707 0.248719 0.48937 1.27252e-38 3
0.173573 0.256743 0.505156 1.18028e-38 3
0.185704 0.251073 0.494001 1.09745e-38 3
0.193686 0.251073 0.494001 1.20794e-38 3
0.283934 0.233402 0.459233 1.07872e-38 3
0.289655 0.232041 0.456555 1.10635e-38 3
0.2979 0.23272 0.45789 1.1433e-38 3
0.365729 0.243395 0.478894 1.01415e-38 3
0.356154 0.227401 0.447424 1.04181e-38 3
0.362348 0.226753 0.446149 9.31212e-39 3
0.369557 0.226753 0.446149 9.03589e-39 3
-0.414376 0.255032 0.48633 7.74299e-39 3
-0.327077 0.217826 0.41538 7.83447e-39 3
-0.321218 0.218405 0.416485 8.57239e-39 3
-0.314488 0.218405 0.416485 9.21776e-39 3
-0.306943 0.217826 0.41538 9.49327e-39 3
-0.300231 0.217826 0.41538 1.04145e-38 3
-0.29352 0.217826 0.41538 1.07829e-38 3
-0.293026 0.222549 0.424386 1.04149e-38 3
-0.286169 0.222549 0.424386 1.02301e-38 3
-0.279312 0.222549 0.424386 9.95424e-39 3
-0.272455 0.222549 0.424386 1.06911e-38 3
-0.26632 0.223153 0.425539 1.09673e-38 3
-0.259445 0.223153 0.425539 1.0506e-38 3
-0.276499 0.251133 0.478894 1.19818e-38 3
-0.268761 0.251133 0.478894 1.17971e-38 3
-0.261024 0.251133 0.478894 1.15205e-38 3
-0.253286 0.251133 0.478894 1.17052e-38 3
-0.237086 0.250367 0.477434 1.21659e-38 3
-0.226608 0.247351 0.471682 1.17971e-38 3
-0.217675 0.24587 0.468858 1.30885e-38 3
-0.2101 0.24587 0.468858 1.32722e-38 3
-0.203133 0.246608 0.470266 1.2719e-38 3
-0.197912 0.249606 0.475983 1.34562e-38 3
-0.190801 0.250367 0.477434 1.30871e-38 3
-0.183087 0.250367 0.477434 1.28101e-38 3
-0.176992 0.252678 0.481841 1.25346e-38 3
-0.169206 0.252678 0.481841 1.25346e-38 3
-0.160926 0.251903 0.480363 1.1706e-38 3
-0.15411 0.253458 0.483328 1.23503e-38 3
-0.146753 0.254243 0.484825 1.26265e-38 3
-0.140222 0.256626 0.48937 1.22584e-38 3
-0.133147 0.25824 0.492448 1.3457e-38 3
-0.126383 0.2607 0.497138 1.43775e-38 3
-0.119873 0.264053 0.503532 1.53916e-38 3
-0.11246 0.265762 0.506791 1.49314e-38 3
-0.105294 0.268367 0.51176 1.37335e-38 3
-0.0957735 0.264905 0.505156 1.29967e-38 3
-0.0876114 0.264905 0.505156 1.23524e-38 3
-0.0789401 0.263206 0.501918 1.23528e-38 3
-0.0706041 0.262366 0.500314 1.18014e-38 3
-0.0615373 0.25824 0.492448 1.29059e-38 3
-0.0524266 0.252678 0.481841 1.28134e-38 3
-0.0439649 0.24885 0.474541 1.30889e-38 3
-0.0357558 0.245136 0.467458 1.36414e-38 3
-0.0200514 0.23803 0.453908 1.30878e-38 3
-0.0127175 0.23803 0.453908 1.27197e-38 3
-0.00533706 0.235978 0.449995 1.20762e-38 3
0.00191173 0.233297 0.444882 1.17085e-38 3
0.00909987 0.233297 0.444882 1.23538e-38 3
0.016288 0.233297 0.444882 1.26304e-38 3
0.023543 0.233961 0.446149 1.3368e-38 3
0.0307516 0.233961 0.446149 1.33684e-38 3
0.0383978 0.236658 0.451292 1.36457e-38 3
0.0476104 0.246608 0.470266 1.34613e-38 3
0.0562217 0.251133 0.478894 1.46591e-38 3
0.0639594 0.251133 0.478894 1.4568e-38 3
0.0716971 0.251133 0.478894 1.41074e-38 3
0.0794348 0.251133 0.478894 1.32783e-38 3
0.0869067 0.250367 0.477434 1.28173e-38 3
0.0946208 0.250367 0.477434 1.26326e-38 3
0.101102 0.247351 0.471682 1.22635e-38 3
0.108072 0.24587 0.468858 1.34627e-38 3
0.160242 0.256626 0.48937 1.29088e-38 3
0.166587 0.254243 0.484825 1.22645e-38 3
0.180025 0.251133 0.478894 1.11596e-38 3
0.193138 0.248098 0.473107 1.06969e-38 3
0.198978 0.24587 0.468858 1.11578e-38 3
0.204715 0.243681 0.464684 1.18032e-38 3
0.209734 0.240822 0.459233 1.18025e-38 3
0.221329 0.237342 0.452597 1.14344e-38 3
0.226028 0.23463 0.447424 1.12511e-38 3
0.229972 0.231325 0.441122 1.13422e-38 3
0.235113 0.229387 0.437426 1.10649e-38 3
0.254945 0.23463 0.447424 1.10649e-38 3
0.262174 0.23463 0.447424 1.07883e-38 3
0.264863 0.230675 0.439883 1.11571e-38 3
0.279831 0.237342 0.452597 1.12486e-38 3
0.287976 0.23803 0.453908 1.10642e-38 3
0.296168 0.238722 0.455228 1.14323e-38 3
0.301769 0.237342 0.452597 1.11567e-38 3
0.321034 0.240822 0.459233 9.95785e-39 3
0.336862 0.241531 0.460584 9.40396e-39 3
0.344304 0.241531 0.460584 9.58835e-39 3
0.34465 0.236658 0.451292 1.00493e-38 3
0.346942 0.233297 0.444882 8.94369e-39 3
0.350152 0.230675 0.439883 9.31248e-39 3
0.357259 0.230675 0.439883 9.77346e-39 3
0.364366 0.230675 0.439883 9.49759e-39 3
0.37252 0.231325 0.441122 9.31248e-39 3
0.386174 0.235302 0.448706 9.77346e-39 3
0.395692 0.236658 0.451292 9.31176e-39 3
0.407683 0.239418 0.456555 8.94334e-39 3
-0.424933 0.269588 0.498721 8.48055e-39 3
-0.330284 0.22218 0.411019 8.01921e-39 3
-0.321115 0.220444 0.407808 9.03301e-39 3
-0.318675 0.223353 0.413188 7.83482e-39 3
-0.313654 0.224538 0.41538 9.58546e-39 3
-0.306943 0.224538 0.41538 9.49327e-39 3
-0.300231 0.224538 0.41538 9.95353e-39 3
-0.292743 0.223943 0.414282 1.05985e-38 3
-0.289884 0.226945 0.419835 1.01379e-38 3
-0.283862 0.227555 0.420963 9.86205e-39 3
-0.27706 0.227555 0.420963 1.05074e-38 3
-0.270987 0.228169 0.422098 1.06911e-38 3
-0.264167 0.228169 0.422098 1.06907e-38 3
-0.257347 0.228169 0.422098 1.07833e-38 3
-0.251204 0.228786 0.423239 1.03241e-38 3
-0.244365 0.228786 0.423239 1.05993e-38 3
-0.237527 0.228786 0.423239 1.06915e-38 3
-0.233849 0.23192 0.429037 1.17978e-38 3
-0.234779 0.247516 0.45789 1.20737e-38 3
-0.219341 0.246795 0.456555 1.17052e-38 3
-0.210735 0.245364 0.453908 1.19822e-38 3
-0.203401 0.245364 0.453908 1.13368e-38 3
-0.196067 0.245364 0.453908 1.24428e-38 3
-0.188188 0.244655 0.452597 1.34562e-38 3
-0.18461 0.249707 0.461942 1.18893e-38 3
-0.160434 0.25887 0.478894 1.17052e-38 3
-0.152696 0.25887 0.478894 1.23506e-38 3
-0.144958 0.25887 0.478894 1.29956e-38 3
-0.138491 0.261267 0.483328 1.2996e-38 3
-0.130682 0.261267 0.483328 1.41023e-38 3
-0.123253 0.262076 0.484825 1.34555e-38 3
-0.103601 0.272189 0.503532 1.44711e-38 3
-0.0867717 0.270449 0.500314 1.29045e-38 3
-0.0786879 0.270449 0.500314 1.31825e-38 3
-0.0703793 0.269588 0.498721 1.3368e-38 3
-0.0603978 0.261267 0.483328 1.29981e-38 3
-0.0437001 0.254972 0.471682 1.31811e-38 3
-0.0356494 0.251936 0.466067 1.31804e-38 3
-0.0276256 0.247516 0.45789 1.32718e-38 3
-0.0201684 0.246795 0.456555 1.26268e-38 3
-0.0127916 0.246795 0.456555 1.33644e-38 3
0.00191717 0.24117 0.446149 1.22599e-38 3
0.00907409 0.239804 0.443622 1.2445e-38 3
0.016196 0.239126 0.442368 1.31829e-38 3
0.0230827 0.236454 0.437426 1.31829e-38 3
0.0370113 0.235141 0.434996 1.2539e-38 3
0.0667947 0.24117 0.446149 1.36457e-38 3
0.0748564 0.24395 0.451292 1.3278e-38 3
0.081212 0.24117 0.446149 1.26326e-38 3
0.0871787 0.237783 0.439883 1.27248e-38 3
0.0981458 0.247516 0.45789 1.27248e-38 3
0.105236 0.246795 0.456555 1.23564e-38 3
0.166587 0.262076 0.484825 1.28174e-38 3
0.172129 0.247516 0.45789 1.27262e-38 3
0.182191 0.251189 0.464684 1.32783e-38 3
0.186926 0.247516 0.45789 1.11575e-38 3
0.193757 0.246795 0.456555 1.13422e-38 3
0.200549 0.246077 0.455228 1.16188e-38 3
0.207302 0.245364 0.453908 1.18947e-38 3
0.213399 0.24395 0.451292 1.10656e-38 3
0.21694 0.239804 0.443622 1.09734e-38 3
0.22615 0.234489 0.433791 1.11589e-38 3
0.232515 0.233842 0.432592 1.1711e-38 3
0.239504 0.233842 0.432592 1.14337e-38 3
0.247863 0.235141 0.434996 1.06954e-38 3
0.255602 0.235796 0.436207 1.10649e-38 3
0.26265 0.235796 0.436207 1.10649e-38 3
0.271209 0.237117 0.438651 1.16174e-38 3
0.286316 0.24395 0.451292 1.0972e-38 3
0.294456 0.244655 0.452597 1.16174e-38 3
0.3009 0.24395 0.451292 1.11571e-38 3
0.308191 0.24395 0.451292 1.06961e-38 3
0.316395 0.244655 0.452597 1.04188e-38 3
0.323708 0.244655 0.452597 1.03259e-38 3
0.33102 0.244655 0.452597 1.10635e-38 3
0.339314 0.245364 0.453908 1.10635e-38 3
0.334996 0.237117 0.438651 8.57419e-39 3
0.341128 0.236454 0.437426 9.21956e-39 3
0.347225 0.235796 0.436207 9.40395e-39 3
0.354273 0.235796 0.436207 9.12809e-39 3
0.362331 0.236454 0.437426 1.06032e-38 3
0.370433 0.237117 0.438651 9.58906e-39 3
0.382883 0.240485 0.444882 8.85114e-39 3
0.3923 0.241859 0.447424 9.12809e-39 3
-0.430416 0.281229 0.505156 8.388e-39 3
-0.324326 0.224693 0.403604 9.03337e-39 3
-0.317836 0.229423 0.412101 1.05996e-38 3
-0.311999 0.230029 0.413188 1.05996e-38 3
-0.305323 0.230029 0.413188 1.01386e-38 3
-0.298647 0.230029 0.413188 9.30887e-39 3
-0.291203 0.229423 0.412101 9.9546e-39 3
-0.28605 0.230637 0.414282 9.77021e-39 3
-0.280842 0.231864 0.416485 9.95496e-39 3
-0.274112 0.231864 0.416485 1.12461e-38 3
-0.268096 0.232482 0.417596 1.32726e-38 3
-0.261349 0.232482 0.417596 1.24424e-38 3
-0.254602 0.232482 0.417596 1.10602e-38 3
-0.247854 0.232482 0.417596 1.03245e-38 3
-0.241107 0.232482 0.417596 1.01401e-38 3
-0.233737 0.231864 0.416485 1.00472e-38 3
-0.228221 0.233104 0.418712 9.95425e-39 3
-0.221456 0.233104 0.418712 1.09677e-38 3
-0.214691 0.233104 0.418712 1.15208e-38 3
-0.208483 0.233729 0.419835 1.2074e-38 3
-0.201954 0.242169 0.434996 1.12453e-38 3
-0.196564 0.244204 0.438651 1.13372e-38 3
-0.158975 0.264184 0.474541 1.33637e-38 3
-0.151308 0.264184 0.474541 1.39176e-38 3
-0.144077 0.264987 0.475983 1.318e-38 3
-0.136802 0.265795 0.477434 1.26272e-38 3
-0.129088 0.265795 0.477434 1.29038e-38 3
-0.121005 0.264987 0.475983 1.33637e-38 3
-0.113314 0.264987 0.475983 1.28101e-38 3
-0.100687 0.27244 0.48937 1.30882e-38 3
-0.0922043 0.270748 0.48633 1.34573e-38 3
-0.0502615 0.257171 0.461942 1.27201e-38 3
-0.0425467 0.255662 0.459233 1.26279e-38 3
-0.0351267 0.255662 0.459233 1.29956e-38 3
-0.0273063 0.251968 0.452597 1.51158e-38 3
-0.0199935 0.251968 0.452597 1.54835e-38 3
-0.0127544 0.253433 0.455228 1.4931e-38 3
0.00191173 0.247673 0.444882 1.47484e-38 3
0.00902297 0.24558 0.441122 1.27205e-38 3
0.0160599 0.244204 0.438651 1.27205e-38 3
0.0292516 0.236262 0.424386 1.33666e-38 3
0.0354363 0.231864 0.416485 1.27226e-38 3
0.0421656 0.231864 0.416485 1.28163e-38 3
0.0554767 0.231249 0.41538 1.41985e-38 3
0.0621882 0.231249 0.41538 1.38297e-38 3
0.0690829 0.231864 0.416485 1.37379e-38 3
0.0789623 0.241498 0.433791 1.32769e-38 3
0.0852627 0.239508 0.430215 1.29081e-38 3
0.0899889 0.233729 0.419835 1.20783e-38 3
0.112942 0.254915 0.45789 1.2817e-38 3
0.120341 0.254915 0.45789 1.28173e-38 3
0.149934 0.254915 0.45789 1.29103e-38 3
0.157332 0.254915 0.45789 1.25408e-38 3
0.156061 0.241498 0.433791 1.31861e-38 3
0.168677 0.249802 0.448706 1.30021e-38 3
0.17694 0.251242 0.451292 1.2172e-38 3
0.184232 0.251242 0.451292 1.30939e-38 3
0.191524 0.251242 0.451292 1.25408e-38 3
0.198816 0.251242 0.451292 1.2172e-38 3
0.205515 0.25052 0.449995 1.13415e-38 3
0.210967 0.248379 0.446149 1.125e-38 3
0.216739 0.238852 0.429037 1.10667e-38 3
0.222453 0.23755 0.426699 1.11596e-38 3
0.229347 0.23755 0.426699 1.16199e-38 3
0.236887 0.238199 0.427865 1.1895e-38 3
0.24514 0.239508 0.430215 1.24471e-38 3
0.253484 0.240831 0.432592 1.16174e-38 3
0.260473 0.240831 0.432592 1.1433e-38 3
0.268204 0.241498 0.433791 1.19876e-38 3
0.279078 0.24489 0.439883 1.1895e-38 3
0.290262 0.248379 0.446149 1.21705e-38 3
0.29832 0.249088 0.447424 1.10649e-38 3
0.30555 0.249088 0.447424 1.09734e-38 3
0.316395 0.251968 0.452597 1.07883e-38 3
0.322775 0.251242 0.451292 1.06947e-38 3
0.328175 0.249802 0.448706 1.07869e-38 3
0.334467 0.249088 0.447424 1.03259e-38 3
0.331284 0.241498 0.433791 1.04181e-38 3
0.338293 0.241498 0.433791 9.12736e-39 3
0.345302 0.241498 0.433791 8.57419e-39 3
0.351337 0.240831 0.432592 8.94298e-39 3
0.360318 0.242169 0.434996 9.49651e-39 3
0.369398 0.243522 0.437426 9.6809e-39 3
0.379647 0.24558 0.441122 9.6809e-39 3
