# .PCD v0.7 - Point Cloud Data file format
VERSION 0.7
FIELDS x y z rgb label
SIZE 4 4 4 4 4
TYPE F F F F U
COUNT 1 1 1 1 1
WIDTH 2907
HEIGHT 1
VIEWPOINT 0 0 0 1 0 0 0
POINTS 2907
DATA ascii
0.0735048 -0.0500928 2.00767 3.04245e-39 3
-1.28263 -0.0129907 1.47734 3.31941e-39 3
-1.25876 -0.0129907 1.47734 2.76552e-39 3
-1.23489 -0.0129907 1.47734 3.04139e-39 3
-1.47329 0.0122682 1.66594 3.22649e-39 3
-1.35959 0.0115321 1.56598 2.85771e-39 3
-1.33429 0.0115321 1.56598 3.04139e-39 3
-1.3357 0.0117675 1.59794 3.04103e-39 3
-1.10649 0.0137287 1.86427 3.31869e-39 3
-1.50532 0.0400374 1.70216 3.96406e-39 3
-1.44637 0.0391855 1.66594 3.50308e-39 3
-1.38989 0.0383692 1.63123 4.0559e-39 3
-1.3357 0.0375861 1.59794 3.77931e-39 3
-1.30988 0.0375861 1.59794 4.14809e-39 3
-1.25838 0.0368344 1.56598 3.78002e-39 3
-1.23308 0.0368344 1.56598 3.13465e-39 3
-1.1841 0.0361122 1.53528 4.24065e-39 3
-1.18248 0.0368344 1.56598 4.33284e-39 3
-1.18079 0.0375861 1.59794 3.87114e-39 3
-1.1396 0.0428307 1.82091 3.22685e-39 3
-1.11018 0.0428307 1.82091 4.05661e-39 3
-1.08076 0.0428307 1.82091 4.88637e-39 3
-1.05134 0.0428307 1.82091 3.59563e-39 3
2.4583 0.0603843 2.56719 1.75065e-39 3
2.31368 0.0549767 2.33729 1.38258e-39 3
2.35145 0.0549767 2.33729 3.31869e-39 3
2.5012 0.0575537 2.44685 2.58076e-39 3
-1.53877 0.0690407 1.73998 3.68783e-39 3
-1.47782 0.0675398 1.70216 3.87186e-39 3
-1.41946 0.0661028 1.66594 4.05589e-39 3
-1.36353 0.0647257 1.63123 3.78003e-39 3
-1.30988 0.0634047 1.59794 3.41124e-39 3
-1.25838 0.0621366 1.56598 4.14952e-39 3
-1.2089 0.0609183 1.53528 4.24136e-39 3
-1.1841 0.0609183 1.53528 3.96406e-39 3
-1.18248 0.0621366 1.56598 4.05625e-39 3
-1.18079 0.0634047 1.59794 4.42468e-39 3
-1.15497 0.0634047 1.59794 4.42468e-39 3
-1.08487 0.0609183 1.53528 4.51723e-39 3
-1.19686 0.0739722 1.86427 4.51759e-39 3
-1.1137 0.0706098 1.77953 3.96441e-39 3
-1.11018 0.0722519 1.82091 4.241e-39 3
-1.08076 0.0722519 1.82091 3.87222e-39 3
-1.05134 0.0722519 1.82091 4.97821e-39 3
-0.0299564 0.10022 2.52578 7.09799e-39 3
0.0108537 0.10022 2.52578 6.45369e-39 3
0.0500493 0.0970885 2.44685 6.63809e-39 3
0.0868694 0.0941464 2.3727 5.53246e-39 3
0.0983762 0.0739722 1.86427 6.36258e-39 3
0.121279 0.0698165 1.75953 5.5321e-39 3
0.138792 0.0647257 1.63123 5.53173e-39 3
2.31368 0.0927413 2.33729 1.93576e-39 3
2.35145 0.0927413 2.33729 1.56697e-39 3
2.5012 0.0970885 2.44685 1.93432e-39 3
-1.42632 0.0971543 1.73998 3.31941e-39 3
-1.09278 0.0950423 1.70216 5.25587e-39 3
-1.06528 0.0950423 1.70216 5.71685e-39 3
-0.134971 0.124913 2.23712 6.3615e-39 3
-0.098825 0.124913 2.23712 7.28309e-39 3
-0.0696432 0.138792 2.48569 7.37529e-39 3
-0.0299564 0.14103 2.52578 7.74299e-39 3
0.0108537 0.14103 2.52578 7.5586e-39 3
0.0500493 0.136623 2.44685 8.66495e-39 3
0.0868694 0.132483 2.3727 8.85006e-39 3
0.0983762 0.104094 1.86427 8.482e-39 3
0.121279 0.098246 1.75953 8.29689e-39 3
0.141745 0.0930201 1.66594 8.48164e-39 3
0.165149 0.0910822 1.63123 7.74335e-39 3
0.191505 0.0910822 1.63123 6.91323e-39 3
0.217862 0.0910822 1.63123 8.38836e-39 3
0.239234 0.0892234 1.59794 6.63737e-39 3
0.282339 0.0950423 1.70216 6.54589e-39 3
0.285054 0.0874389 1.56598 7.19054e-39 3
0.337344 0.0950423 1.70216 6.54517e-39 3
0.364846 0.0950423 1.70216 6.72956e-39 3
0.410183 0.0993624 1.77953 6.63809e-39 3
0.613116 0.138792 2.48569 6.4537e-39 3
0.734938 0.156141 2.7964 5.99272e-39 3
0.780121 0.156141 2.7964 5.80796e-39 3
0.825303 0.156141 2.7964 5.99271e-39 3
0.840469 0.150757 2.69997 5.43954e-39 3
0.80121 0.136623 2.44685 7.09942e-39 3
0.815267 0.132483 2.3727 6.2693e-39 3
2.09482 0.118161 2.11619 2.67225e-39 3
2.12901 0.118161 2.11619 2.857e-39 3
2.1632 0.118161 2.11619 2.94919e-39 3
-1.20989 0.194381 2.69997 7.6508e-39 3
-0.131222 0.156585 2.17498 9.31067e-39 3
-0.0960798 0.156585 2.17498 9.49471e-39 3
-0.0609378 0.156585 2.17498 9.95497e-39 3
-0.0290203 0.176158 2.44685 1.02319e-38 3
0.0105145 0.176158 2.44685 1.04145e-38 3
0.0438788 0.15444 2.14518 1.14294e-38 3
0.0785394 0.15444 2.14518 1.11539e-38 3
0.0983762 0.134216 1.86427 1.12468e-38 3
0.124067 0.129588 1.79998 1.11539e-38 3
0.141745 0.119937 1.66594 1.11535e-38 3
0.165149 0.117439 1.63123 1.17989e-38 3
0.191505 0.117439 1.63123 1.13372e-38 3
0.227334 0.122545 1.70216 1.11528e-38 3
0.260499 0.125268 1.73998 1.0323e-38 3
0.295172 0.128115 1.77953 1.04163e-38 3
0.316727 0.125268 1.73998 9.4018e-39 3
0.352678 0.128115 1.77953 9.21776e-39 3
0.38143 0.128115 1.77953 9.58691e-39 3
0.46277 0.14454 2.00767 8.66495e-39 3
0.613116 0.178954 2.48569 8.1125e-39 3
0.709595 0.194381 2.69997 8.84934e-39 3
0.780121 0.201323 2.7964 9.03301e-39 3
0.825303 0.201323 2.7964 8.01922e-39 3
0.886313 0.204984 2.84724 8.8497e-39 3
0.854624 0.187902 2.60997 8.57311e-39 3
0.882093 0.184822 2.56719 8.75714e-39 3
0.504278 0.0587193 0.815617 6.73172e-39 3
0.517457 0.0587193 0.815617 7.28382e-39 3
2.09482 0.152353 2.11619 3.50309e-39 3
2.18815 0.156585 2.17498 3.50309e-39 3
2.22329 0.156585 2.17498 4.14845e-39 3
2.25844 0.156585 2.17498 3.596e-39 3
2.29358 0.156585 2.17498 3.32013e-39 3
-1.85552 0.181636 2.06051 4.97785e-39 3
-1.82223 0.181636 2.06051 5.16295e-39 3
-1.74307 0.176979 2.00767 4.79417e-39 3
-1.58844 0.164337 1.86427 4.33391e-39 3
-1.55832 0.164337 1.86427 4.88637e-39 3
-1.39531 0.150047 1.70216 5.34735e-39 3
-1.21345 0.222651 2.52578 8.20397e-39 3
-1.13599 0.215693 2.44685 8.94153e-39 3
-1.09646 0.215693 2.44685 8.8479e-39 3
-1.05692 0.215693 2.44685 8.57167e-39 3
-0.298457 0.151696 1.72086 1.15226e-38 3
-0.207263 0.197205 2.23712 1.29038e-38 3
-0.161868 0.186545 2.11619 1.19818e-38 3
-0.124315 0.181636 2.06051 1.20744e-38 3
-0.091023 0.181636 2.06051 1.11521e-38 3
-0.0609378 0.191727 2.17498 1.17049e-38 3
-0.0250986 0.186545 2.11619 1.25343e-38 3
0.00909362 0.186545 2.11619 1.1796e-38 3
0.0410661 0.176979 2.00767 1.0506e-38 3
0.0725744 0.174738 1.98226 9.49255e-39 3
0.0995615 0.166317 1.88673 1.12446e-38 3
0.126986 0.162404 1.84233 1.12446e-38 3
0.156754 0.162404 1.84233 1.15209e-38 3
0.168663 0.146855 1.66594 1.11521e-38 3
0.19558 0.146855 1.66594 1.14279e-38 3
0.232386 0.153382 1.73998 1.23492e-38 3
0.260499 0.153382 1.73998 1.12435e-38 3
0.295172 0.156867 1.77953 1.07833e-38 3
0.323925 0.156867 1.77953 1.2074e-38 3
0.378483 0.168346 1.90974 1.22584e-38 3
0.399593 0.164337 1.86427 1.04149e-38 3
0.451201 0.172554 1.95748 9.67694e-39 3
0.515017 0.184058 2.08798 9.49399e-39 3
0.556169 0.186545 2.11619 9.30852e-39 3
0.794305 0.250988 2.84724 1.00457e-38 3
0.85587 0.255636 2.89997 1.06911e-38 3
0.870486 0.246506 2.7964 1.04149e-38 3
0.899604 0.242181 2.74734 1.08762e-38 3
0.927718 0.238006 2.69997 1.02308e-38 3
1.00603 0.246506 2.7964 1.02305e-38 3
1.09015 0.255636 2.89997 1.06907e-38 3
1.13701 0.255636 2.89997 9.86169e-39 3
1.18386 0.255636 2.89997 9.03193e-39 3
1.23072 0.255636 2.89997 9.03301e-39 3
1.27757 0.255636 2.89997 9.67838e-39 3
0.993323 0.191727 2.17498 8.66423e-39 3
1.02846 0.191727 2.17498 7.55824e-39 3
0.4911 0.0718976 0.815617 6.91539e-39 3
2.42042 0.219117 2.48569 3.68855e-39 3
2.0132 0.179277 2.03375 3.04247e-39 3
2.46167 0.215693 2.44685 4.14881e-39 3
2.5012 0.215693 2.44685 3.41161e-39 3
2.54074 0.215693 2.44685 3.78039e-39 3
-1.82223 0.214928 2.06051 5.71648e-39 3
-1.74307 0.209418 2.00767 5.90087e-39 3
-1.58844 0.194459 1.86427 5.99343e-39 3
-1.55832 0.194459 1.86427 6.54517e-39 3
-2.14292 0.302492 2.89997 6.91467e-39 3
-1.9515 0.28163 2.69997 7.19161e-39 3
-1.72902 0.255228 2.44685 7.19126e-39 3
-1.46117 0.220737 2.11619 7.37565e-39 3
-1.19996 0.18562 1.77953 8.11177e-39 3
-1.17121 0.18562 1.77953 8.57239e-39 3
-1.25492 0.247493 2.3727 1.14294e-38 3
-1.14706 0.233351 2.23712 1.11524e-38 3
-1.11091 0.233351 2.23712 1.11524e-38 3
-1.01667 0.220737 2.11619 1.16134e-38 3
-0.956626 0.214928 2.06051 1.0968e-38 3
-0.923334 0.214928 2.06051 1.05067e-38 3
-0.914097 0.220737 2.11619 9.58474e-39 3
-1.01739 0.255228 2.44685 9.58475e-39 3
-0.326261 0.179501 1.72086 1.01379e-38 3
-0.298457 0.179501 1.72086 1.00464e-38 3
-0.270652 0.179501 1.72086 1.1245e-38 3
-0.245546 0.181495 1.73998 1.1613e-38 3
-0.219875 0.183534 1.75953 1.30864e-38 3
-0.189318 0.181495 1.73998 1.35474e-38 3
-0.161205 0.181495 1.73998 1.32711e-38 3
-0.157608 0.214928 2.06051 1.33633e-38 3
-0.124315 0.214928 2.06051 1.32711e-38 3
-0.091023 0.214928 2.06051 1.27176e-38 3
-0.0577306 0.214928 2.06051 1.24406e-38 3
-0.0250986 0.220737 2.11619 1.29013e-38 3
0.00909362 0.220737 2.11619 1.17024e-38 3
0.0410661 0.209418 2.00767 1.22559e-38 3
0.0682545 0.194459 1.86427 1.2902e-38 3
0.0972188 0.192171 1.84233 1.05056e-38 3
0.12551 0.189937 1.82091 1.03212e-38 3
0.156754 0.192171 1.84233 1.17038e-38 3
0.172329 0.17755 1.70216 1.18882e-38 3
0.204272 0.181495 1.73998 1.2441e-38 3
0.30757 0.240214 2.30292 1.27165e-38 3
0.26642 0.18562 1.77953 1.3086e-38 3
0.295172 0.18562 1.77953 1.2902e-38 3
0.33935 0.194459 1.86427 1.23485e-38 3
0.369472 0.194459 1.86427 1.2257e-38 3
0.414393 0.201661 1.93331 1.17967e-38 3
0.451201 0.204182 1.95748 1.17049e-38 3
0.515017 0.217794 2.08798 1.15201e-38 3
0.58795 0.233351 2.23712 1.10592e-38 3
0.740453 0.276857 2.65421 1.09662e-38 3
0.796844 0.28163 2.69997 1.09662e-38 3
0.840469 0.28163 2.69997 1.17052e-38 3
0.854624 0.272243 2.60997 1.15205e-38 3
0.896794 0.272243 2.60997 1.07829e-38 3
0.954879 0.276857 2.65421 1.10588e-38 3
1.05122 0.291689 2.7964 1.21644e-38 3
1.0964 0.291689 2.7964 1.12436e-38 3
1.18386 0.302492 2.89997 1.05982e-38 3
1.23072 0.302492 2.89997 1.04138e-38 3
1.07795 0.255228 2.44685 9.95353e-39 3
0.993323 0.226869 2.17498 1.05982e-38 3
0.841471 0.18562 1.77953 1.09673e-38 3
0.870224 0.18562 1.77953 1.11524e-38 3
0.580766 0.103383 0.991129 9.12593e-39 3
0.501549 0.086886 0.83297 8.75751e-39 3
0.509587 0.0859714 0.824202 7.92811e-39 3
0.545888 0.0897503 0.860431 8.85042e-39 3
4.09517 0.453738 4.34996 4.51723e-39 3
2.67779 0.291689 2.7964 4.70342e-39 3
2.45946 0.263461 2.52578 3.78111e-39 3
1.91379 0.201661 1.93331 3.22794e-39 3
2.46167 0.255228 2.44685 2.76696e-39 3
3.25215 0.326691 3.13197 3.22793e-39 3
-1.82223 0.248221 2.06051 5.90052e-39 3
-1.61856 0.224581 1.86427 6.17674e-39 3
-1.58844 0.224581 1.86427 6.36006e-39 3
-1.88715 0.294762 2.44685 7.28417e-39 3
-2.18977 0.349348 2.89997 7.09906e-39 3
-1.80808 0.294762 2.44685 6.73028e-39 3
-1.76855 0.294762 2.44685 8.11285e-39 3
-1.58081 0.269497 2.23712 7.92739e-39 3
-1.38624 0.241856 2.00767 7.74227e-39 3
-1.19996 0.214373 1.77953 9.03193e-39 3
-1.06185 0.241856 2.00767 1.05989e-38 3
-1.02941 0.241856 2.00767 1.03209e-38 3
-0.996975 0.241856 2.00767 1.02287e-38 3
-0.85493 0.214373 1.77953 1.198e-38 3
-0.773443 0.200689 1.66594 1.16116e-38 3
-0.746525 0.200689 1.66594 1.12421e-38 3
-0.719608 0.200689 1.66594 1.16116e-38 3
-0.707749 0.205052 1.70216 1.11517e-38 3
-0.845712 0.25493 2.11619 1.11517e-38 3
-0.319245 0.202847 1.68385 1.15208e-38 3
-0.292038 0.202847 1.68385 1.22591e-38 3
-0.264831 0.202847 1.68385 1.18907e-38 3
-0.240208 0.205052 1.70216 1.19822e-38 3
-0.215043 0.207305 1.72086 1.22581e-38 3
-0.183211 0.202847 1.68385 1.19804e-38 3
-0.156005 0.202847 1.68385 1.21641e-38 3
-0.133091 0.209609 1.73998 1.25321e-38 3
-0.111153 0.221939 1.84233 1.39147e-38 3
-0.0823541 0.224581 1.86427 1.31775e-38 3
-0.0577306 0.248221 2.06051 1.30853e-38 3
-0.0250986 0.25493 2.11619 1.32708e-38 3
0.00909362 0.25493 2.11619 1.47448e-38 3
0.0410661 0.241856 2.00767 1.53902e-38 3
0.0666672 0.219358 1.82091 1.58512e-38 3
0.0960884 0.219358 1.82091 1.51132e-38 3
0.133257 0.232899 1.93331 1.48374e-38 3
0.170821 0.241856 2.00767 1.37318e-38 3
0.20326 0.241856 2.00767 1.33644e-38 3
0.262636 0.269497 2.23712 1.29945e-38 3
0.31216 0.281564 2.33729 1.3547e-38 3
0.349925 0.281564 2.33729 1.41913e-38 3
0.365848 0.265701 2.20561 1.32704e-38 3
0.335358 0.221939 1.84233 1.34548e-38 3
0.365125 0.221939 1.84233 1.41916e-38 3
0.404408 0.227287 1.88673 1.33615e-38 3
0.434893 0.227287 1.88673 1.27172e-38 3
0.459837 0.224581 1.86427 1.23481e-38 3
0.514457 0.23581 1.95748 1.22563e-38 3
0.590361 0.25493 2.11619 1.29938e-38 3
0.783339 0.319742 2.65421 1.21644e-38 3
0.696389 0.269497 2.23712 1.17956e-38 3
0.813927 0.299441 2.48569 1.13357e-38 3
0.85409 0.299441 2.48569 1.21648e-38 3
0.938965 0.314413 2.60997 1.16109e-38 3
1.01497 0.325255 2.69997 1.20719e-38 3
1.05859 0.325255 2.69997 1.24421e-38 3
1.06548 0.314413 2.60997 1.22577e-38 3
1.03842 0.294762 2.44685 1.17045e-38 3
0.985557 0.269497 2.23712 1.19811e-38 3
0.993323 0.262011 2.17498 1.15191e-38 3
0.822772 0.209609 1.73998 1.11503e-38 3
0.814677 0.200689 1.66594 1.0967e-38 3
0.824061 0.196508 1.63123 1.02294e-38 3
0.588212 0.120928 1.00384 1.04152e-38 3
0.582045 0.116449 0.966657 1.05067e-38 3
0.543941 0.105982 0.879766 1.07837e-38 3
0.741431 0.140782 1.16864 1.05085e-38 3
-0.911115 0.140757 1.03025 6.73028e-39 3
-1.51066 0.237722 1.73998 7.92738e-39 3
-1.80808 0.334297 2.44685 8.01958e-39 3
-1.76855 0.334297 2.44685 8.20397e-39 3
-1.41868 0.274295 2.00767 8.38692e-39 3
-1.20141 0.237722 1.73998 8.84754e-39 3
-1.09996 0.222865 1.63123 9.21525e-39 3
-1.07361 0.222865 1.63123 9.21452e-39 3
-0.986006 0.254703 1.86427 1.15205e-38 3
-0.912435 0.243125 1.77953 1.19804e-38 3
-0.845261 0.232554 1.70216 1.31789e-38 3
-0.783686 0.222865 1.63123 1.32708e-38 3
-0.727036 0.21395 1.56598 1.30867e-38 3
-0.701734 0.21395 1.56598 1.30857e-38 3
-0.676431 0.21395 1.56598 1.2902e-38 3
-0.591936 0.1945 1.42362 1.25346e-38 3
-0.512973 0.175369 1.28359 1.33633e-38 3
-0.46916 0.167149 1.22343 1.30875e-38 3
-0.449393 0.167149 1.22343 1.26265e-38 3
-0.416363 0.169802 1.24284 1.34555e-38 3
-0.306236 0.164577 1.2046 1.4102e-38 3
-0.351702 0.20184 1.47734 1.39176e-38 3
-0.334137 0.205721 1.50575 1.35488e-38 3
-0.328775 0.218316 1.59794 1.38243e-38 3
-0.315849 0.227607 1.66594 1.23495e-38 3
-0.292038 0.230054 1.68385 1.27194e-38 3
-0.264831 0.230054 1.68385 1.35488e-38 3
-0.240208 0.232554 1.70216 1.37325e-38 3
-0.215043 0.23511 1.72086 1.41927e-38 3
-0.183211 0.230054 1.68385 1.46533e-38 3
-0.156005 0.230054 1.68385 1.51136e-38 3
-0.133091 0.237722 1.73998 1.5298e-38 3
-0.10986 0.248779 1.82091 1.53891e-38 3
-0.0843628 0.260915 1.90974 1.52976e-38 3
-0.0577306 0.281513 2.06051 1.53898e-38 3
-0.0250986 0.289122 2.11619 1.58512e-38 3
0.00909362 0.289122 2.11619 1.58512e-38 3
0.0410661 0.274295 2.00767 1.60356e-38 3
0.065152 0.243125 1.77953 1.56668e-38 3
0.0939046 0.243125 1.77953 1.52973e-38 3
0.122657 0.243125 1.77953 1.49285e-38 3
0.193102 0.310073 2.26954 1.48367e-38 3
0.233151 0.314633 2.30292 1.41927e-38 3
0.282838 0.329154 2.40921 1.43768e-38 3
0.31216 0.319329 2.33729 1.44675e-38 3
0.344779 0.314633 2.30292 1.42835e-38 3
0.3288 0.270823 1.98226 1.46526e-38 3
0.335358 0.251706 1.84233 1.4376e-38 3
0.356731 0.24592 1.79998 1.41909e-38 3
0.385814 0.24592 1.79998 1.42835e-38 3
0.419722 0.248779 1.82091 1.44679e-38 3
0.449143 0.248779 1.82091 1.43757e-38 3
0.489959 0.254703 1.86427 1.41913e-38 3
0.52008 0.254703 1.86427 1.46523e-38 3
0.810824 0.375351 2.74734 1.45601e-38 3
0.749957 0.329154 2.40921 1.38229e-38 3
0.788884 0.329154 2.40921 1.36396e-38 3
0.791289 0.314633 2.30292 1.35463e-38 3
0.908675 0.345081 2.52578 1.31775e-38 3
0.981135 0.356584 2.60997 1.24406e-38 3
0.990296 0.345081 2.52578 1.15194e-38 3
0.968614 0.324167 2.3727 1.18889e-38 3
0.949411 0.305643 2.23712 1.15201e-38 3
0.884474 0.274295 2.00767 1.14279e-38 3
0.777383 0.232554 1.70216 1.14269e-38 3
0.771348 0.222865 1.63123 1.24406e-38 3
0.765797 0.21395 1.56598 1.2257e-38 3
0.681982 0.18444 1.34999 1.30867e-38 3
0.703794 0.18444 1.34999 1.28101e-38 3
0.668019 0.169802 1.24284 1.2257e-38 3
0.637504 0.157316 1.15146 1.17038e-38 3
0.637363 0.152822 1.11856 1.19804e-38 3
0.655436 0.152822 1.11856 1.23492e-38 3
0.698454 0.158482 1.15999 1.18882e-38 3
0.733496 0.162083 1.18635 1.15187e-38 3
0.776185 0.167149 1.22343 1.07826e-38 3
0.863406 0.181314 1.32711 1.07833e-38 3
-0.940131 0.159502 1.04399 7.09762e-39 3
-0.899282 0.155359 1.01687 8.48019e-39 3
-0.882852 0.155359 1.01687 9.03229e-39 3
-1.41868 0.306734 2.00767 9.12305e-39 3
-1.10333 0.244135 1.59794 1.05982e-38 3
-0.977746 0.22153 1.44999 9.95173e-39 3
-0.858886 0.199377 1.30499 1.3086e-38 3
-0.773354 0.18404 1.2046 1.34544e-38 3
-0.644775 0.157403 1.03025 1.20719e-38 3
-0.881112 0.254524 1.66594 1.24406e-38 3
-0.854194 0.254524 1.66594 1.27172e-38 3
-0.747731 0.23005 1.50575 1.07811e-38 3
-0.723402 0.23005 1.50575 1.22563e-38 3
-0.484691 0.159502 1.04399 1.1519e-38 3
-0.63794 0.217502 1.42362 1.12414e-38 3
-0.573247 0.202756 1.32711 1.1519e-38 3
-0.525104 0.192945 1.26289 1.25332e-38 3
-0.488927 0.186916 1.22343 1.26258e-38 3
-0.46916 0.186916 1.22343 1.31789e-38 3
-0.435775 0.181252 1.18635 1.34566e-38 3
-0.416606 0.181252 1.18635 1.46541e-38 3
-0.403552 0.18404 1.2046 1.48385e-38 3
-0.396282 0.189883 1.24284 1.46526e-38 3
-0.376201 0.189883 1.24284 1.4376e-38 3
-0.35612 0.189883 1.24284 1.45611e-38 3
-0.330788 0.186916 1.22343 1.32704e-38 3
-0.306236 0.18404 1.2046 1.2718e-38 3
-0.327021 0.209871 1.37367 1.2718e-38 3
-0.330954 0.227859 1.49141 1.34552e-38 3
-0.325455 0.241669 1.5818 1.49292e-38 3
-0.312524 0.251845 1.6484 1.52058e-38 3
-0.292038 0.257261 1.68385 1.49303e-38 3
-0.259256 0.251845 1.6484 1.55757e-38 3
-0.235097 0.254524 1.66594 1.47448e-38 3
-0.205988 0.251845 1.6484 1.5021e-38 3
-0.175656 0.246652 1.61442 1.52973e-38 3
-0.145084 0.239252 1.56598 1.52973e-38 3
-0.118596 0.236884 1.55048 1.49285e-38 3
-0.0984164 0.249221 1.63123 1.51114e-38 3
-0.0720599 0.249221 1.63123 1.57579e-38 3
-0.0457034 0.249221 1.63123 1.60345e-38 3
-0.0206366 0.265836 1.73998 1.55742e-38 3
0.00764691 0.271878 1.77953 1.52983e-38 3
0.0363995 0.271878 1.77953 1.55742e-38 3
0.0466128 0.194514 1.27316 1.55739e-38 3
0.0671838 0.194514 1.27316 1.59423e-38 3
0.122657 0.271878 1.77953 1.59426e-38 3
0.20188 0.362504 2.3727 1.62199e-38 3
0.240216 0.362504 2.3727 1.64976e-38 3
0.296524 0.385891 2.52578 1.69582e-38 3
0.31216 0.357093 2.33729 1.70497e-38 3
0.349925 0.357093 2.33729 1.64965e-38 3
0.302037 0.2782 1.82091 1.6127e-38 3
0.323925 0.271878 1.77953 1.47441e-38 3
0.34484 0.265836 1.73998 1.51122e-38 3
0.349644 0.249221 1.63123 1.56653e-38 3
0.376001 0.249221 1.63123 1.59426e-38 3
0.394146 0.244135 1.59794 1.57583e-38 3
0.478564 0.2782 1.82091 1.56661e-38 3
0.408287 0.2236 1.46354 1.58504e-38 3
0.592525 0.306734 2.00767 1.60348e-38 3
0.624964 0.306734 2.00767 1.65873e-38 3
0.712187 0.332295 2.17498 1.52973e-38 3
0.779821 0.346743 2.26954 1.49285e-38 3
0.828498 0.351842 2.30292 1.36377e-38 3
0.891941 0.362504 2.3727 1.39151e-38 3
0.930278 0.362504 2.3727 1.43757e-38 3
0.863899 0.323314 2.11619 1.41913e-38 3
0.772776 0.2782 1.82091 1.23485e-38 3
0.703969 0.244135 1.59794 1.17038e-38 3
0.67471 0.22571 1.47734 1.15187e-38 3
0.673177 0.217502 1.42362 1.18868e-38 3
0.66017 0.206252 1.34999 1.15187e-38 3
0.637983 0.192945 1.26289 1.2625e-38 3
0.663741 0.194514 1.27316 1.28094e-38 3
0.628137 0.178547 1.16864 1.31782e-38 3
0.637504 0.175921 1.15146 1.37314e-38 3
0.641948 0.172124 1.12661 1.39158e-38 3
0.660151 0.172124 1.12661 1.37314e-38 3
0.725317 0.18404 1.2046 1.35463e-38 3
0.787166 0.194514 1.27316 1.32697e-38 3
0.807737 0.194514 1.27316 1.32704e-38 3
0.863406 0.202756 1.32711 1.25343e-38 3
0.900105 0.206252 1.34999 1.29956e-38 3
1.48531 0.332295 2.17498 1.29956e-38 3
-0.894468 0.174049 1.03025 8.93973e-39 3
-1.12915 0.269954 1.59794 1.198e-38 3
-1.06007 0.259367 1.53528 1.17034e-38 3
-0.977746 0.244958 1.44999 1.18871e-38 3
-0.83118 0.213351 1.26289 1.3547e-38 3
-0.744712 0.195966 1.15999 1.27169e-38 3
-0.695077 0.187627 1.11063 1.21637e-38 3
-0.628129 0.174049 1.03025 1.2902e-38 3
-0.711289 0.220462 1.30499 1.12425e-38 3
-0.726531 0.232065 1.37367 1.12421e-38 3
-0.704336 0.232065 1.37367 1.19797e-38 3
-0.682141 0.232065 1.37367 1.20719e-38 3
-0.537384 0.188968 1.11856 1.09659e-38 3
-0.49797 0.181202 1.07259 1.16112e-38 3
-0.508503 0.191706 1.13477 1.20715e-38 3
-0.5048 0.197429 1.16864 1.18875e-38 3
-0.516769 0.209964 1.24284 1.23488e-38 3
-0.488927 0.206683 1.22343 1.32704e-38 3
-0.465523 0.205081 1.21394 1.34552e-38 3
-0.442479 0.203504 1.2046 1.37317e-38 3
-0.423016 0.203504 1.2046 1.39165e-38 3
-0.403552 0.203504 1.2046 1.37317e-38 3
-0.39009 0.206683 1.22343 1.38236e-38 3
-0.370323 0.206683 1.22343 1.5298e-38 3
-0.350556 0.206683 1.22343 1.45608e-38 3
-0.325699 0.203504 1.2046 1.48367e-38 3
-0.306236 0.203504 1.2046 1.50228e-38 3
-0.305577 0.216848 1.28359 1.44693e-38 3
-0.31027 0.236209 1.3982 1.5482e-38 3
-0.31901 0.261935 1.55048 1.52973e-38 3
-0.312524 0.278479 1.6484 1.60345e-38 3
-0.292038 0.284467 1.68385 1.55742e-38 3
-0.253911 0.272737 1.61442 1.65884e-38 3
-0.223223 0.267227 1.5818 1.73245e-38 3
-0.195689 0.264555 1.56598 1.75082e-38 3
-0.163833 0.254379 1.50575 1.67706e-38 3
-0.138175 0.251957 1.49141 1.6126e-38 3
-0.113002 0.24958 1.47734 1.55731e-38 3
-0.0891318 0.24958 1.47734 1.57579e-38 3
-0.0634656 0.242711 1.43668 1.50192e-38 3
-0.0406252 0.244958 1.44999 1.56646e-38 3
-0.0160112 0.228064 1.34999 1.49274e-38 3
0.00570278 0.224199 1.32711 1.57582e-38 3
0.0266929 0.220462 1.30499 1.60345e-38 3
0.0462369 0.213351 1.26289 1.62181e-38 3
0.0645594 0.206683 1.22343 1.68642e-38 3
0.114828 0.281441 1.66594 1.71415e-38 3
0.154931 0.307622 1.82091 1.55757e-38 3
0.184352 0.307622 1.82091 1.4747e-38 3
0.213773 0.307622 1.82091 1.42853e-38 3
0.237667 0.30063 1.77953 1.37325e-38 3
0.190609 0.215085 1.27316 1.42846e-38 3
0.214671 0.21864 1.2942 1.69568e-38 3
0.27148 0.251957 1.49141 1.6588e-38 3
0.298419 0.254379 1.50575 1.64955e-38 3
0.319675 0.251957 1.49141 1.69554e-38 3
0.343772 0.251957 1.49141 1.69557e-38 3
0.364399 0.24958 1.47734 1.63103e-38 3
0.391967 0.251957 1.49141 1.66791e-38 3
0.416064 0.251957 1.49141 1.6126e-38 3
0.563622 0.322628 1.90974 1.52033e-38 3
0.580324 0.314946 1.86427 1.65862e-38 3
0.569749 0.29395 1.73998 1.52958e-38 3
0.584866 0.287559 1.70216 1.46501e-38 3
0.574876 0.269954 1.59794 1.57572e-38 3
0.600695 0.269954 1.59794 1.52051e-38 3
0.472295 0.203504 1.2046 1.49285e-38 3
0.480666 0.198913 1.17743 1.45597e-38 3
0.485101 0.193106 1.14305 1.5298e-38 3
0.49992 0.191706 1.13477 1.60363e-38 3
0.522038 0.193106 1.14305 1.59426e-38 3
0.540507 0.193106 1.14305 1.60345e-38 3
0.543118 0.187627 1.11063 1.49292e-38 3
0.561063 0.187627 1.11063 1.37317e-38 3
0.587339 0.190327 1.12661 1.40083e-38 3
0.592749 0.186306 1.10281 1.40083e-38 3
0.597935 0.182451 1.07999 1.34559e-38 3
0.615385 0.182451 1.07999 1.34555e-38 3
0.655436 0.188968 1.11856 1.36392e-38 3
0.792363 0.222315 1.31595 1.327e-38 3
0.827534 0.226115 1.33845 1.33622e-38 3
0.84916 0.226115 1.33845 1.36392e-38 3
0.90161 0.234119 1.38583 1.2718e-38 3
0.884849 0.224199 1.32711 1.2257e-38 3
1.48531 0.367437 2.17498 1.24425e-38 3
2.77697 0.489916 2.89997 8.38765e-39 3
2.72297 0.472419 2.7964 8.20326e-39 3
2.87068 0.489916 2.89997 7.46641e-39 3
-0.899282 0.188219 1.01687 1.02319e-38 3
-0.849745 0.181161 0.97874 9.86205e-39 3
-0.818117 0.181161 0.97874 1.10599e-38 3
-0.953939 0.249877 1.34999 1.2257e-38 3
-0.858886 0.241547 1.30499 1.25328e-38 3
-0.688603 0.198532 1.07259 1.25325e-38 3
-0.644775 0.190695 1.03025 1.19797e-38 3
-0.628129 0.190695 1.03025 1.24406e-38 3
-0.611483 0.190695 1.03025 1.24406e-38 3
-0.695501 0.222967 1.2046 1.22555e-38 3
-0.676038 0.222967 1.2046 1.16102e-38 3
-0.656575 0.222967 1.2046 1.19789e-38 3
-0.647066 0.226451 1.22343 1.35463e-38 3
-0.627299 0.226451 1.22343 1.45601e-38 3
-0.607532 0.226451 1.22343 1.49292e-38 3
-0.526111 0.202697 1.09509 1.46526e-38 3
-0.534585 0.21313 1.15146 1.55746e-38 3
-0.515981 0.21313 1.15146 1.73263e-38 3
-0.5048 0.216311 1.16864 1.58512e-38 3
-0.49328 0.219589 1.18635 1.53902e-38 3
-0.463576 0.214709 1.15999 1.53902e-38 3
-0.454943 0.219589 1.18635 1.61278e-38 3
-0.435775 0.219589 1.18635 1.54831e-38 3
-0.407348 0.214709 1.15999 1.6221e-38 3
-0.385749 0.21313 1.15146 1.61278e-38 3
-0.361823 0.210041 1.13477 1.64965e-38 3
-0.341017 0.20853 1.12661 1.52058e-38 3
-0.325153 0.210041 1.13477 1.6588e-38 3
-0.306818 0.210041 1.13477 1.58504e-38 3
-0.290589 0.211574 1.14305 1.55757e-38 3
-0.278212 0.216311 1.16864 1.69571e-38 3
-0.271486 0.226451 1.22343 1.82461e-38 3
-0.301121 0.270894 1.46354 1.76e-38 3
-0.293958 0.286987 1.55048 1.85227e-38 3
-0.268906 0.286987 1.55048 1.69564e-38 3
-0.23682 0.278709 1.50575 1.70475e-38 3
-0.208482 0.27345 1.47734 1.75071e-38 3
-0.177899 0.263506 1.42362 1.75993e-38 3
-0.152131 0.258801 1.3982 1.68617e-38 3
-0.129539 0.258801 1.3982 1.67702e-38 3
-0.105072 0.25426 1.37367 1.70472e-38 3
-0.0858907 0.263506 1.42362 1.72316e-38 3
-0.061219 0.256511 1.38583 1.82446e-38 3
-0.0359633 0.237588 1.28359 1.71383e-38 3
-0.0149782 0.233756 1.26289 1.7139e-38 3
0.00542684 0.233756 1.26289 1.75085e-38 3
0.0258319 0.233756 1.26289 1.71394e-38 3
0.0462369 0.233756 1.26289 1.63085e-38 3
0.0645594 0.226451 1.22343 1.43739e-38 3
0.0963735 0.258801 1.3982 1.44679e-38 3
0.10171 0.221265 1.19541 1.40083e-38 3
0.118316 0.216311 1.16864 1.56686e-38 3
0.138229 0.217938 1.17743 1.38247e-38 3
0.15608 0.216311 1.16864 1.39161e-38 3
0.177613 0.219589 1.18635 1.47448e-38 3
0.207801 0.231886 1.25279 1.62192e-38 3
0.239541 0.243577 1.31595 1.65873e-38 3
0.287367 0.268386 1.44999 1.70475e-38 3
0.310795 0.268386 1.44999 1.78773e-38 3
0.334223 0.268386 1.44999 1.79695e-38 3
0.35437 0.265924 1.43668 1.76e-38 3
0.38464 0.270894 1.46354 1.75082e-38 3
0.397152 0.263506 1.42362 1.7139e-38 3
0.420154 0.263506 1.42362 1.80599e-38 3
0.541636 0.322063 1.73998 1.82439e-38 3
0.420307 0.237588 1.28359 1.90737e-38 3
0.427045 0.230045 1.24284 1.84283e-38 3
0.450703 0.231886 1.25279 1.89822e-38 3
0.459907 0.226451 1.22343 1.62178e-38 3
0.472295 0.222967 1.2046 1.6033e-38 3
0.480666 0.217938 1.17743 1.53888e-38 3
0.495961 0.216311 1.16864 1.52973e-38 3
0.51103 0.214709 1.15999 1.57586e-38 3
0.541812 0.219589 1.18635 1.59423e-38 3
0.552608 0.216311 1.16864 1.65873e-38 3
0.550933 0.20853 1.12661 1.60348e-38 3
0.565071 0.207041 1.11856 1.56668e-38 3
0.587339 0.20853 1.12661 1.39147e-38 3
0.592749 0.204125 1.10281 1.28084e-38 3
0.5898 0.197182 1.0653 1.27172e-38 3
0.607012 0.197182 1.0653 1.24406e-38 3
0.655436 0.207041 1.11856 1.28084e-38 3
0.792363 0.243577 1.31595 1.29931e-38 3
0.827534 0.247741 1.33845 1.33619e-38 3
0.84916 0.247741 1.33845 1.36388e-38 3
0.88593 0.252049 1.36173 1.32704e-38 3
0.855837 0.237588 1.28359 1.2902e-38 3
0.876577 0.237588 1.28359 1.17045e-38 3
1.47936 0.391698 2.11619 1.19811e-38 3
1.51355 0.391698 2.11619 1.28112e-38 3
1.27259 0.322063 1.73998 1.24425e-38 3
1.19452 0.295772 1.59794 9.4922e-39 3
1.22034 0.295772 1.59794 1.17971e-38 3
1.24616 0.295772 1.59794 1.19815e-38 3
1.8887 0.439177 2.3727 1.21652e-38 3
2.58545 0.499753 2.69997 9.12413e-39 3
2.45946 0.467511 2.52578 9.21741e-39 3
2.27966 0.42626 2.30292 8.84863e-39 3
-0.679298 0.212945 1.0581 1.16109e-38 3
-0.628243 0.202025 1.00384 1.24406e-38 3
-0.624024 0.205986 1.02352 1.4192e-38 3
-0.588262 0.199468 0.991129 1.40994e-38 3
-0.579584 0.202025 1.00384 1.53902e-38 3
-0.552736 0.198213 0.984896 1.50214e-38 3
-0.543661 0.200738 0.997442 1.45604e-38 3
-0.537821 0.204649 1.01687 1.38229e-38 3
-0.53175 0.208715 1.03708 1.4376e-38 3
-0.518427 0.210106 1.04399 1.47445e-38 3
-0.488531 0.204649 1.01687 1.44679e-38 3
-0.466049 0.202025 1.00384 1.48367e-38 3
-0.452731 0.203328 1.01031 1.53902e-38 3
-0.5048 0.235193 1.16864 1.4837e-38 3
-0.478771 0.231735 1.15146 1.51136e-38 3
-0.456808 0.230043 1.14305 1.53902e-38 3
-0.441562 0.231735 1.15146 1.46526e-38 3
-0.422958 0.231735 1.15146 1.52065e-38 3
-0.404353 0.231735 1.15146 1.47459e-38 3
-0.385749 0.231735 1.15146 1.49285e-38 3
-0.361823 0.228376 1.13477 1.49278e-38 3
-0.343488 0.228376 1.13477 1.64951e-38 3
-0.325153 0.228376 1.13477 1.68639e-38 3
-0.309058 0.230043 1.14305 1.59419e-38 3
-0.290589 0.230043 1.14305 1.61267e-38 3
-0.27212 0.230043 1.14305 1.74163e-38 3
-0.253651 0.230043 1.14305 1.70461e-38 3
-0.251719 0.246218 1.22343 1.62171e-38 3
-0.291076 0.30898 1.53528 1.64937e-38 3
-0.263685 0.30598 1.52037 1.64011e-38 3
-0.23682 0.303038 1.50575 1.82443e-38 3
-0.197313 0.281392 1.3982 1.91655e-38 3
-0.174722 0.281392 1.3982 1.75982e-38 3
-0.148162 0.274051 1.36173 1.80592e-38 3
-0.124004 0.269367 1.33845 1.71376e-38 3
-0.100657 0.26484 1.31595 1.6677e-38 3
-0.0787331 0.262633 1.30499 1.67692e-38 3
-0.0557883 0.254161 1.26289 1.74138e-38 3
-0.0348216 0.250126 1.24284 1.8151e-38 3
-0.0147405 0.250126 1.24284 1.95354e-38 3
0.0053407 0.250126 1.24284 1.88907e-38 3
0.0254218 0.250126 1.24284 1.88897e-38 3
0.0444448 0.244309 1.21394 1.98109e-38 3
0.062603 0.238757 1.18635 1.89815e-38 3
0.0817714 0.238757 1.18635 1.89826e-38 3
0.0994332 0.235193 1.16864 1.77851e-38 3
0.116576 0.231735 1.15146 1.751e-38 3
0.136182 0.233451 1.15999 1.76036e-38 3
0.152662 0.230043 1.14305 1.68657e-38 3
0.172389 0.231735 1.15146 1.56664e-38 3
0.195302 0.236962 1.17743 1.52051e-38 3
0.229882 0.254161 1.26289 1.68642e-38 3
0.277104 0.281392 1.3982 1.74163e-38 3
0.305144 0.286508 1.42362 1.66798e-38 3
0.328146 0.286508 1.42362 1.7049e-38 3
0.344878 0.281392 1.3982 1.72319e-38 3
0.37415 0.286508 1.42362 1.74163e-38 3
0.39006 0.281392 1.3982 1.79688e-38 3
0.409 0.278902 1.38583 1.78755e-38 3
0.507783 0.328291 1.63123 1.82439e-38 3
0.397499 0.244309 1.21394 1.82432e-38 3
0.407634 0.238757 1.18635 1.8151e-38 3
0.433368 0.24243 1.2046 1.83358e-38 3
0.44597 0.238757 1.18635 1.78759e-38 3
0.465139 0.238757 1.18635 1.68624e-38 3
0.477079 0.235193 1.16864 1.67702e-38 3
0.495961 0.235193 1.16864 1.66784e-38 3
0.522644 0.238757 1.18635 1.63107e-38 3
0.545948 0.24058 1.19541 1.55735e-38 3
0.556763 0.236962 1.17743 1.57575e-38 3
0.567257 0.233451 1.15999 1.63107e-38 3
0.569136 0.226733 1.12661 1.62192e-38 3
0.591595 0.228376 1.13477 1.59423e-38 3
0.596953 0.223517 1.11063 1.52047e-38 3
0.5898 0.214394 1.0653 1.5021e-38 3
0.607012 0.214394 1.0653 1.35459e-38 3
0.660151 0.226733 1.12661 1.22552e-38 3
0.78576 0.262633 1.30499 1.29005e-38 3
0.820521 0.267084 1.32711 1.26243e-38 3
0.841964 0.267084 1.32711 1.37307e-38 3
0.870786 0.269367 1.33845 1.3547e-38 3
0.81572 0.246218 1.22343 1.3547e-38 3
0.835487 0.246218 1.22343 1.4653e-38 3
0.855255 0.246218 1.22343 1.37318e-38 3
0.741741 0.208715 1.03708 1.36396e-38 3
0.768678 0.211516 1.051 1.46544e-38 3
1.00917 0.271689 1.34999 1.39169e-38 3
1.04907 0.276455 1.37367 1.35488e-38 3
1.07126 0.276455 1.37367 1.18893e-38 3
1.1542 0.291814 1.44999 1.069e-38 3
1.92703 0.477514 2.3727 1.19808e-38 3
2.27966 0.463469 2.30292 1.00461e-38 3
0.977145 0.186485 0.926618 7.55825e-39 3
0.992117 0.186485 0.926618 7.83447e-39 3
0.983803 0.182173 0.905193 8.01886e-39 3
0.987018 0.180091 0.894848 7.2813e-39 3
0.922413 0.165873 0.824202 8.01922e-39 3
-0.696394 0.230041 1.0581 1.31786e-38 3
-0.64862 0.219653 1.01031 1.47455e-38 3
-0.616389 0.214127 0.984896 1.41002e-38 3
-0.600476 0.214127 0.984896 1.42831e-38 3
-0.573737 0.210161 0.966657 1.41906e-38 3
-0.572248 0.215482 0.991129 1.35456e-38 3
-0.552736 0.214127 0.984896 1.41909e-38 3
-0.54022 0.215482 0.991129 1.48363e-38 3
-0.530926 0.218244 1.00384 1.54817e-38 3
-0.524799 0.222524 1.02352 1.59426e-38 3
-0.514994 0.225471 1.03708 1.64036e-38 3
-0.476163 0.215482 0.991129 1.62192e-38 3
-0.460149 0.215482 0.991129 1.54813e-38 3
-0.452731 0.219653 1.01031 1.46523e-38 3
-0.447968 0.225471 1.03708 1.4469e-38 3
-0.449055 0.234801 1.07999 1.51143e-38 3
-0.453498 0.246711 1.13477 1.51143e-38 3
-0.435163 0.246711 1.13477 1.60356e-38 3
-0.422958 0.250339 1.15146 1.43768e-38 3
-0.407348 0.252194 1.15999 1.63121e-38 3
-0.388606 0.252194 1.15999 1.57579e-38 3
-0.367144 0.250339 1.15146 1.70468e-38 3
-0.348539 0.250339 1.15146 1.68628e-38 3
-0.327526 0.248512 1.14305 1.67706e-38 3
-0.309058 0.248512 1.14305 1.69561e-38 3
-0.290589 0.248512 1.14305 1.85238e-38 3
-0.262538 0.239762 1.10281 1.85227e-38 3
-0.238015 0.233193 1.07259 1.77844e-38 3
-0.220685 0.233193 1.07259 1.76e-38 3
-0.231951 0.265985 1.22343 1.71379e-38 3
-0.166623 0.208872 0.960726 1.91655e-38 3
-0.1511 0.208872 0.960726 2.09165e-38 3
-0.172649 0.265985 1.22343 2.02708e-38 3
-0.152882 0.265985 1.22343 1.88871e-38 3
-0.12258 0.244936 1.12661 1.87953e-38 3
-0.102897 0.241462 1.11063 1.88882e-38 3
-0.0849518 0.241462 1.11063 1.84269e-38 3
-0.0670069 0.241462 1.11063 1.86116e-38 3
-0.0524072 0.257925 1.18635 1.99938e-38 3
-0.0332388 0.257925 1.18635 2.06396e-38 3
-0.0140704 0.257925 1.18635 2.10098e-38 3
0.00502185 0.254076 1.16864 2.0918e-38 3
0.0239041 0.254076 1.16864 2.20236e-38 3
0.0434347 0.257925 1.18635 2.02704e-38 3
0.0616687 0.254076 1.16864 2.19299e-38 3
0.0793664 0.250339 1.15146 2.13775e-38 3
0.097971 0.250339 1.15146 2.04555e-38 3
0.114886 0.246711 1.13477 2.05485e-38 3
0.133221 0.246711 1.13477 2.06435e-38 3
0.150466 0.244936 1.12661 1.96312e-38 3
0.169891 0.246711 1.13477 1.80635e-38 3
0.190994 0.250339 1.15146 1.64033e-38 3
0.212727 0.254076 1.16864 1.49281e-38 3
0.25439 0.279067 1.28359 1.44675e-38 3
0.291877 0.296053 1.36173 1.49299e-38 3
0.328146 0.30951 1.42362 1.5115e-38 3
0.351148 0.30951 1.42362 1.63121e-38 3
0.38464 0.318188 1.46354 1.72337e-38 3
0.400796 0.31235 1.43668 1.7694e-38 3
0.424009 0.31235 1.43668 1.77844e-38 3
0.451363 0.315242 1.44999 1.75989e-38 3
0.391431 0.259894 1.19541 1.83358e-38 3
0.407634 0.257925 1.18635 1.73213e-38 3
0.44014 0.265985 1.22343 1.66762e-38 3
0.452832 0.261893 1.2046 1.62163e-38 3
0.46869 0.259894 1.19541 1.52937e-38 3
0.477079 0.254076 1.16864 1.63082e-38 3
0.492287 0.252194 1.15999 1.65855e-38 3
0.518714 0.255986 1.17743 1.6494e-38 3
0.537739 0.255986 1.17743 1.58494e-38 3
0.552608 0.254076 1.16864 1.57572e-38 3
0.550933 0.244936 1.12661 1.5665e-38 3
0.561063 0.241462 1.11063 1.60338e-38 3
0.587339 0.244936 1.12661 1.58494e-38 3
0.596953 0.241462 1.11063 1.53884e-38 3
0.5898 0.231606 1.0653 1.54813e-38 3
0.607012 0.231606 1.0653 1.54817e-38 3
0.689933 0.255986 1.17743 1.58504e-38 3
0.78576 0.283718 1.30499 1.53895e-38 3
0.813626 0.286102 1.31595 1.40065e-38 3
0.827931 0.283718 1.30499 1.19782e-38 3
0.856151 0.286102 1.31595 1.17024e-38 3
0.80317 0.261893 1.2046 1.24396e-38 3
0.798077 0.254076 1.16864 1.32693e-38 3
0.781947 0.243187 1.11856 1.46519e-38 3
0.741741 0.225471 1.03708 1.59434e-38 3
0.894789 0.265985 1.22343 1.54828e-38 3
0.914557 0.265985 1.22343 1.46534e-38 3
0.996613 0.283718 1.30499 1.42857e-38 3
1.0177 0.283718 1.30499 1.38254e-38 3
1.02175 0.279067 1.28359 1.36403e-38 3
1.04249 0.279067 1.28359 1.32704e-38 3
1.20106 0.315242 1.44999 1.1334e-38 3
0.9869 0.254076 1.16864 1.18871e-38 3
0.949119 0.239762 1.10281 1.16105e-38 3
2.03969 0.447975 2.06051 1.00454e-38 3
0.893447 0.187067 0.860431 8.38657e-39 3
0.949066 0.195667 0.899991 7.83339e-39 3
0.974813 0.197943 0.910456 6.91144e-39 3
0.97256 0.194549 0.894848 7.74048e-39 3
0.987018 0.194549 0.894848 7.83339e-39 3
0.922413 0.17919 0.824202 7.09619e-39 3
0.93573 0.17919 0.824202 6.26679e-39 3
-0.60986 0.216428 0.926618 1.2625e-38 3
-0.620593 0.22578 0.966657 1.33615e-38 3
-0.590397 0.22034 0.943364 1.41909e-38 3
-0.575154 0.22034 0.943364 1.51125e-38 3
-0.556559 0.21902 0.937715 1.59405e-38 3
-0.565095 0.228602 0.97874 1.57568e-38 3
-0.549281 0.228602 0.97874 1.54809e-38 3
-0.536822 0.23004 0.984896 1.502e-38 3
-0.530926 0.234464 1.00384 1.43753e-38 3
-0.528252 0.240634 1.03025 1.49285e-38 3
-0.514994 0.242228 1.03708 1.44675e-38 3
-0.470211 0.228602 0.97874 1.45597e-38 3
-0.454397 0.228602 0.97874 1.52054e-38 3
-0.438584 0.228602 0.97874 1.51143e-38 3
-0.42277 0.228602 0.97874 1.53906e-38 3
-0.425575 0.239061 1.02352 1.52987e-38 3
-0.417218 0.243842 1.04399 1.50232e-38 3
-0.419947 0.255779 1.09509 1.57604e-38 3
-0.413829 0.263139 1.12661 1.43775e-38 3
-0.395626 0.263139 1.12661 1.60356e-38 3
-0.380158 0.265046 1.13477 1.72319e-38 3
-0.361823 0.265046 1.13477 1.77837e-38 3
-0.343488 0.265046 1.13477 1.83376e-38 3
-0.320508 0.26126 1.11856 1.70472e-38 3
-0.298175 0.25758 1.10281 1.65873e-38 3
-0.274556 0.252251 1.07999 1.66784e-38 3
-0.24689 0.242228 1.03708 1.6033e-38 3
-0.227126 0.239061 1.02352 1.67706e-38 3
-0.210588 0.239061 1.02352 1.78769e-38 3
-0.189107 0.23297 0.997442 1.6494e-38 3
-0.162632 0.21902 0.937715 1.89808e-38 3
-0.147481 0.21902 0.937715 1.97162e-38 3
-0.137261 0.227182 0.972661 2.0824e-38 3
-0.143889 0.268944 1.15146 1.99949e-38 3
-0.118324 0.254003 1.08749 1.97187e-38 3
-0.100753 0.254003 1.08749 1.95336e-38 3
-0.0826083 0.252251 1.07999 2.00864e-38 3
-0.0638376 0.247138 1.0581 2.16537e-38 3
-0.0470595 0.248819 1.0653 2.02704e-38 3
-0.0300515 0.250523 1.07259 1.98095e-38 3
-0.0121392 0.239061 1.02352 1.96261e-38 3
0.00436966 0.237509 1.01687 1.91666e-38 3
0.0239041 0.272958 1.16864 1.96265e-38 3
0.0427864 0.272958 1.16864 1.98084e-38 3
0.0612119 0.270936 1.15999 2.09144e-38 3
0.0787871 0.266981 1.14305 2.01772e-38 3
0.097971 0.268944 1.15146 2.07314e-38 3
0.114886 0.265046 1.13477 2.07318e-38 3
0.132263 0.263139 1.12661 2.04566e-38 3
0.148331 0.259407 1.11063 2.01804e-38 3
0.166276 0.259407 1.11063 1.97191e-38 3
0.1896 0.266981 1.14305 2.0457e-38 3
0.209599 0.268944 1.15146 1.87986e-38 3
0.221683 0.26126 1.11856 1.63125e-38 3
0.239756 0.26126 1.11856 1.59459e-38 3
0.261566 0.265046 1.13477 1.49328e-38 3
0.288256 0.272958 1.16864 1.49321e-38 3
0.307138 0.272958 1.16864 1.48385e-38 3
0.341303 0.285753 1.22343 1.53902e-38 3
0.378828 0.299806 1.28359 1.58497e-38 3
0.399567 0.299806 1.28359 1.71379e-38 3
0.388465 0.277094 1.18635 1.67692e-38 3
0.407634 0.277094 1.18635 1.79673e-38 3
0.450703 0.292611 1.25279 1.83358e-38 3
0.470945 0.292611 1.25279 1.81517e-38 3
0.479674 0.285753 1.22343 1.71376e-38 3
0.488004 0.279209 1.19541 1.67692e-38 3
0.49969 0.27501 1.17743 1.60316e-38 3
0.518714 0.27501 1.17743 1.59405e-38 3
0.537739 0.27501 1.17743 1.5294e-38 3
0.548514 0.270936 1.15999 1.58479e-38 3
0.546998 0.26126 1.11856 1.66784e-38 3
0.557112 0.25758 1.10281 1.62185e-38 3
0.583144 0.26126 1.11856 1.65859e-38 3
0.588604 0.255779 1.09509 1.63096e-38 3
0.602087 0.254003 1.08749 1.62182e-38 3
0.619658 0.254003 1.08749 1.63107e-38 3
0.746025 0.297369 1.27316 1.59416e-38 3
0.78576 0.304803 1.30499 1.52966e-38 3
0.787166 0.297369 1.27316 1.53895e-38 3
0.807737 0.297369 1.27316 1.55739e-38 3
0.828308 0.297369 1.27316 1.51122e-38 3
0.779195 0.272958 1.16864 1.35452e-38 3
0.763874 0.26126 1.11856 1.16091e-38 3
0.701747 0.234464 1.00384 1.03191e-38 3
0.717967 0.234464 1.00384 1.08715e-38 3
0.743721 0.237509 1.01687 1.1886e-38 3
0.780422 0.243842 1.04399 1.40076e-38 3
0.980275 0.299806 1.28359 1.37318e-38 3
0.860026 0.25758 1.10281 1.3363e-38 3
0.859682 0.252251 1.07999 1.32708e-38 3
0.853585 0.245479 1.051 1.3363e-38 3
0.968018 0.272958 1.16864 1.31786e-38 3
0.918365 0.254003 1.08749 1.2441e-38 3
0.886677 0.240634 1.03025 1.15191e-38 3
0.886549 0.212653 0.910456 1.17971e-38 3
0.87088 0.205485 0.879766 1.11517e-38 3
0.829194 0.192507 0.824202 1.01379e-38 3
0.792461 0.181071 0.77524 1.00447e-38 3
0.804987 0.181071 0.77524 9.67659e-39 3
0.805549 0.178421 0.763895 8.93938e-39 3
0.90144 0.196647 0.841927 8.2011e-39 3
0.905309 0.194555 0.83297 8.66244e-39 3
0.909096 0.192507 0.824202 8.75427e-39 3
0.922413 0.192507 0.824202 8.20146e-39 3
0.945684 0.194555 0.83297 6.63485e-39 3
0.990763 0.200969 0.860431 5.6207e-39 3
1.06308 0.212653 0.910456 5.62034e-39 3
-0.517089 0.182741 0.731768 1.21641e-38 3
-0.510032 0.184465 0.738672 1.18882e-38 3
-0.57703 0.213697 0.855729 1.27169e-38 3
-0.566298 0.214871 0.860431 1.45597e-38 3
-0.602012 0.234171 0.937715 1.40069e-38 3
-0.579916 0.2314 0.926618 1.44675e-38 3
-0.564945 0.2314 0.926618 1.4559e-38 3
-0.553246 0.232777 0.932133 1.45579e-38 3
-0.558118 0.241399 0.966657 1.47423e-38 3
-0.552736 0.245953 0.984896 1.40058e-38 3
-0.54022 0.24751 0.991129 1.40058e-38 3
-0.530926 0.250683 1.00384 1.34534e-38 3
-0.53175 0.258984 1.03708 1.37299e-38 3
-0.514994 0.258984 1.03708 1.41909e-38 3
-0.464406 0.241399 0.966657 1.52054e-38 3
-0.443315 0.238455 0.954868 1.37303e-38 3
-0.410371 0.228694 0.91578 1.26254e-38 3
-0.395574 0.228694 0.91578 1.34548e-38 3
-0.380777 0.228694 0.91578 1.39158e-38 3
-0.370312 0.2314 0.926618 1.41927e-38 3
-0.366174 0.238455 0.954868 1.37317e-38 3
-0.396705 0.269701 1.07999 1.5482e-38 3
-0.38456 0.273473 1.09509 1.66802e-38 3
-0.369449 0.275399 1.10281 1.76922e-38 3
-0.341997 0.267853 1.07259 1.85202e-38 3
-0.324667 0.267853 1.07259 1.85205e-38 3
-0.303183 0.264234 1.0581 1.63093e-38 3
-0.282273 0.260711 1.04399 1.62174e-38 3
-0.2602 0.255599 1.02352 1.60323e-38 3
-0.230126 0.241399 0.966657 1.64937e-38 3
-0.214508 0.241399 0.966657 1.80599e-38 3
-0.200124 0.242898 0.972661 1.70454e-38 3
-0.18327 0.241399 0.966657 2.3408e-38 3
-0.161664 0.232777 0.932133 2.19307e-38 3
-0.144878 0.230039 0.921167 2.09144e-38 3
-0.13233 0.234171 0.937715 1.99942e-38 3
-0.118599 0.23701 0.949081 1.87964e-38 3
-0.104532 0.239918 0.960726 1.8151e-38 3
-0.0954501 0.25728 1.03025 1.97176e-38 3
-0.0793258 0.258984 1.03708 1.83347e-38 3
-0.0625694 0.258984 1.03708 1.92566e-38 3
-0.0461183 0.260711 1.04399 1.99935e-38 3
-0.0294465 0.26246 1.051 2.12842e-38 3
-0.0121392 0.255599 1.02352 1.9902e-38 3
0.00436966 0.253939 1.01687 1.91652e-38 3
0.0206655 0.252301 1.01031 1.95329e-38 3
0.0374731 0.255599 1.02352 2.19285e-38 3
0.0536598 0.253939 1.01687 2.11906e-38 3
0.0700898 0.253939 1.01687 2.17441e-38 3
0.0870853 0.255599 1.02352 2.10076e-38 3
0.10295 0.253939 1.01687 2.11006e-38 3
0.11938 0.253939 1.01687 2.01793e-38 3
0.134934 0.252301 1.01031 1.98109e-38 3
0.154243 0.25728 1.03025 2.04552e-38 3
0.16867 0.253939 1.01687 1.97183e-38 3
0.178159 0.244416 0.97874 1.94428e-38 3
0.193973 0.244416 0.97874 1.57586e-38 3
0.205925 0.239918 0.960726 1.51165e-38 3
0.218764 0.23701 0.949081 1.46559e-38 3
0.234099 0.23701 0.949081 1.55775e-38 3
0.237899 0.22605 0.905193 1.65909e-38 3
0.253993 0.227364 0.910456 1.63129e-38 3
0.278416 0.235582 0.943364 1.67717e-38 3
0.300909 0.241399 0.966657 1.7139e-38 3
0.337351 0.25728 1.03025 1.87971e-38 3
0.371087 0.269701 1.07999 1.71376e-38 3
0.383251 0.266031 1.0653 1.7322e-38 3
0.414564 0.275399 1.10281 1.7783e-38 3
0.458196 0.29184 1.16864 1.81514e-38 3
0.491758 0.30082 1.2046 1.82436e-38 3
0.495961 0.29184 1.16864 1.81525e-38 3
0.514843 0.29184 1.16864 1.72298e-38 3
0.529772 0.289678 1.15999 1.80592e-38 3
0.53659 0.283381 1.13477 1.6861e-38 3
0.539293 0.275399 1.10281 1.42806e-38 3
0.549374 0.271574 1.08749 1.33594e-38 3
0.579008 0.277352 1.11063 1.54799e-38 3
0.580485 0.269701 1.07999 1.63093e-38 3
0.597935 0.269701 1.07999 1.66781e-38 3
0.607012 0.266031 1.0653 1.73238e-38 3
0.716883 0.30552 1.22343 1.74153e-38 3
0.792363 0.328627 1.31595 1.68621e-38 3
0.787166 0.31794 1.27316 1.70468e-38 3
0.807737 0.31794 1.27316 1.631e-38 3
0.795953 0.30552 1.22343 1.54799e-38 3
0.75661 0.283381 1.13477 1.44664e-38 3
0.742655 0.271574 1.08749 1.43742e-38 3
0.720214 0.25728 1.03025 1.44672e-38 3
0.736861 0.25728 1.03025 1.40984e-38 3
0.758497 0.258984 1.03708 1.40062e-38 3
0.790968 0.264234 1.0581 1.01343e-38 3
0.813561 0.266031 1.0653 1.24403e-38 3
0.860026 0.275399 1.10281 1.24403e-38 3
0.853794 0.267853 1.07259 1.20715e-38 3
0.842279 0.258984 1.03708 1.05042e-38 3
0.926531 0.279333 1.11856 1.02276e-38 3
0.858731 0.253939 1.01687 1.07808e-38 3
0.863941 0.250683 1.00384 1.14269e-38 3
0.892596 0.232777 0.932133 1.14283e-38 3
0.856665 0.2197 0.879766 1.16127e-38 3
0.85174 0.214871 0.860431 1.07829e-38 3
0.829194 0.205824 0.824202 1.05985e-38 3
0.788557 0.192643 0.771421 1.05978e-38 3
0.801021 0.192643 0.771421 1.0229e-38 3
0.805549 0.190764 0.763895 1.0322e-38 3
0.90144 0.21025 0.841927 9.21561e-39 3
0.863949 0.198511 0.794916 9.21597e-39 3
0.885786 0.200547 0.803069 8.75463e-39 3
0.932226 0.208014 0.83297 8.47805e-39 3
0.976861 0.214871 0.860431 8.57024e-39 3
1.00177 0.217259 0.869991 7.64828e-39 3
1.03892 0.222197 0.889764 7.3717e-39 3
1.09047 0.230039 0.921167 7.09547e-39 3
-0.560333 0.206123 0.77524 1.32693e-38 3
-0.517089 0.194565 0.731768 1.33615e-38 3
-0.510032 0.1964 0.738672 1.39154e-38 3
-0.567723 0.223854 0.841927 1.42831e-38 3
-0.548225 0.221472 0.83297 1.53873e-38 3
-0.523625 0.216858 0.815617 1.46508e-38 3
-0.524095 0.222657 0.837425 1.37296e-38 3
-0.521725 0.227524 0.855729 1.26229e-38 3
-0.507898 0.227524 0.855729 1.34516e-38 3
-0.54467 0.250824 0.943364 1.40973e-38 3
-0.529427 0.250824 0.943364 1.55728e-38 3
-0.514185 0.250824 0.943364 1.54806e-38 3
-0.493003 0.247838 0.932133 1.64958e-38 3
-0.477942 0.247838 0.932133 1.70497e-38 3
-0.489082 0.261867 0.984896 1.5943e-38 3
-0.464406 0.257017 0.966657 1.42846e-38 3
-0.425167 0.24349 0.91578 1.42846e-38 3
-0.403295 0.239292 0.899991 1.41927e-38 3
-0.388754 0.239292 0.899991 1.49289e-38 3
-0.376375 0.240675 0.905193 1.49281e-38 3
-0.368133 0.244922 0.921167 1.57586e-38 3
-0.35325 0.244922 0.921167 1.62196e-38 3
-0.368732 0.266903 1.00384 1.7049e-38 3
-0.369074 0.279442 1.051 1.75082e-38 3
-0.356883 0.283244 1.0653 1.77822e-38 3
-0.335111 0.279442 1.051 1.74124e-38 3
-0.31813 0.279442 1.051 1.77819e-38 3
-0.301148 0.279442 1.051 1.69532e-38 3
-0.271416 0.266903 1.00384 1.6955e-38 3
-0.255197 0.266903 1.00384 1.87989e-38 3
-0.22732 0.253883 0.954868 2.04584e-38 3
-0.211892 0.253883 0.954868 2.19318e-38 3
-0.196463 0.253883 0.954868 2.09169e-38 3
-0.181035 0.253883 0.954868 1.93492e-38 3
-0.159762 0.244922 0.921167 2.10069e-38 3
-0.141548 0.239292 0.899991 1.90712e-38 3
-0.12774 0.240675 0.905193 1.83343e-38 3
-0.109937 0.233915 0.879766 1.8612e-38 3
-0.0957227 0.233915 0.879766 1.79666e-38 3
-0.0833817 0.239292 0.899991 1.7228e-38 3
-0.0739395 0.257017 0.966657 1.9902e-38 3
-0.0576096 0.253883 0.954868 2.12846e-38 3
-0.0443445 0.266903 1.00384 1.99031e-38 3
-0.0288653 0.273926 1.03025 2.01808e-38 3
-0.0119058 0.266903 1.00384 1.86142e-38 3
0.00431364 0.266903 1.00384 1.75082e-38 3
0.0202731 0.263524 0.991129 2.06421e-38 3
0.0362872 0.263524 0.991129 1.98109e-38 3
0.0523013 0.263524 0.991129 1.91659e-38 3
0.065816 0.253883 0.954868 2.00893e-38 3
0.0802654 0.250824 0.943364 1.88918e-38 3
0.0949358 0.249322 0.937715 1.89833e-38 3
0.109432 0.247838 0.932133 1.83369e-38 3
0.123028 0.244922 0.921167 1.80606e-38 3
0.142091 0.252344 0.949081 1.87971e-38 3
0.157425 0.252344 0.949081 1.87975e-38 3
0.17276 0.252344 0.949081 1.73234e-38 3
0.191578 0.257017 0.966657 1.61267e-38 3
0.205925 0.255441 0.960726 1.6221e-38 3
0.218764 0.252344 0.949081 1.64987e-38 3
0.234099 0.252344 0.949081 1.64054e-38 3
0.263824 0.266903 1.00384 1.50225e-38 3
0.252525 0.240675 0.905193 1.6404e-38 3
0.278416 0.250824 0.943364 1.74163e-38 3
0.353241 0.301716 1.13477 1.6677e-38 3
0.371576 0.301716 1.13477 1.63075e-38 3
0.371087 0.28715 1.07999 1.71376e-38 3
0.385876 0.285184 1.07259 1.80599e-38 3
0.38226 0.270369 1.01687 1.7045e-38 3
0.39869 0.270369 1.01687 1.71372e-38 3
0.417834 0.272136 1.02352 1.62153e-38 3
0.481585 0.301716 1.13477 1.58461e-38 3
0.514843 0.310723 1.16864 1.7044e-38 3
0.525877 0.306153 1.15146 1.71365e-38 3
0.53659 0.301716 1.13477 1.66759e-38 3
0.539293 0.293217 1.10281 1.67688e-38 3
0.541849 0.285184 1.07259 1.64933e-38 3
0.57091 0.291167 1.09509 1.49263e-38 3
0.568719 0.28133 1.0581 1.38196e-38 3
0.610567 0.293217 1.10281 1.47412e-38 3
0.623992 0.291167 1.09509 1.54788e-38 3
0.679711 0.308421 1.15999 1.67688e-38 3
0.708957 0.313059 1.17743 1.74145e-38 3
0.733496 0.31543 1.18635 1.76915e-38 3
0.741431 0.310723 1.16864 1.74153e-38 3
0.738275 0.301716 1.13477 1.70465e-38 3
0.725084 0.289145 1.08749 1.67703e-38 3
0.742655 0.289145 1.08749 1.59405e-38 3
0.724984 0.275741 1.03708 1.44664e-38 3
0.741741 0.275741 1.03708 1.382e-38 3
0.758497 0.275741 1.03708 1.37289e-38 3
0.812939 0.289145 1.08749 1.35452e-38 3
0.842208 0.293217 1.10281 1.29006e-38 3
0.854012 0.291167 1.09509 1.19782e-38 3
0.836604 0.279442 1.051 1.05031e-38 3
0.825871 0.270369 1.01687 1.00421e-38 3
0.847807 0.272136 1.02352 1.04109e-38 3
0.853191 0.268625 1.01031 7.46065e-39 3
0.847641 0.261867 0.984896 7.73868e-39 3
0.892596 0.247838 0.932133 1.069e-38 3
0.837837 0.228774 0.860431 1.11517e-38 3
0.833423 0.223854 0.841927 1.05985e-38 3
0.833581 0.220301 0.828563 1.04142e-38 3
0.796403 0.207148 0.779097 1.05978e-38 3
0.817122 0.20923 0.786927 1.14269e-38 3
0.817513 0.206123 0.77524 1.0229e-38 3
0.90144 0.223854 0.841927 9.30781e-39 3
0.846756 0.207148 0.779097 8.84683e-39 3
0.850878 0.205107 0.771421 8.47769e-39 3
-0.635609 0.227665 0.807208 1.24396e-38 3
-0.622566 0.227665 0.807208 1.33608e-38 3
-0.609524 0.227665 0.807208 1.37296e-38 3
-0.572859 0.218649 0.77524 1.22545e-38 3
-0.560333 0.218649 0.77524 1.23474e-38 3
-0.532005 0.212342 0.752877 1.2163e-38 3
-0.510032 0.208335 0.738672 1.23474e-38 3
-0.522755 0.218649 0.77524 1.36363e-38 3
-0.510229 0.218649 0.77524 1.40962e-38 3
-0.497703 0.218649 0.77524 1.45586e-38 3
-0.492492 0.221945 0.786927 1.40055e-38 3
-0.502503 0.232458 0.824202 1.32679e-38 3
-0.49439 0.234931 0.83297 1.39133e-38 3
-0.496787 0.242676 0.860431 1.52955e-38 3
-0.482884 0.242676 0.860431 1.5665e-38 3
-0.458896 0.237457 0.841927 1.53884e-38 3
-0.445293 0.237457 0.841927 1.48359e-38 3
-0.456217 0.250949 0.889764 1.4837e-38 3
-0.379337 0.215449 0.763895 1.42835e-38 3
-0.365213 0.214403 0.760186 1.50221e-38 3
-0.358146 0.217572 0.771421 1.65895e-38 3
-0.379316 0.238741 0.846478 1.5482e-38 3
-0.363673 0.237457 0.841927 1.66799e-38 3
-0.350069 0.237457 0.841927 1.66791e-38 3
-0.357615 0.252383 0.894848 1.66788e-38 3
-0.333625 0.245372 0.869991 1.58497e-38 3
-0.330588 0.253834 0.899991 1.73238e-38 3
-0.364186 0.292497 1.03708 1.68614e-38 3
-0.345143 0.290573 1.03025 1.71365e-38 3
-0.316023 0.279538 0.991129 1.79648e-38 3
-0.296258 0.276044 0.97874 2.03626e-38 3
-0.280445 0.276044 0.97874 1.78755e-38 3
-0.258176 0.269311 0.954868 1.73241e-38 3
-0.236968 0.262899 0.932133 1.63111e-38 3
-0.216747 0.256785 0.910456 1.82468e-38 3
-0.196329 0.249531 0.884737 1.88907e-38 3
-0.186243 0.255301 0.905193 1.97187e-38 3
-0.176725 0.262899 0.932133 2.00861e-38 3
-0.150053 0.244017 0.865185 1.99006e-38 3
-0.132416 0.237457 0.841927 1.93474e-38 3
-0.119455 0.238741 0.846478 1.86109e-38 3
-0.106353 0.240038 0.851078 2.00861e-38 3
-0.0931074 0.24135 0.855729 1.9718e-38 3
-0.0797166 0.242676 0.860431 2.01782e-38 3
-0.0658143 0.242676 0.860431 2.17456e-38 3
-0.0549301 0.256785 0.910456 2.10091e-38 3
-0.0402195 0.256785 0.910456 1.71394e-38 3
-0.025809 0.259806 0.921167 1.46526e-38 3
-0.0111885 0.266066 0.943364 1.50225e-38 3
0.00405378 0.266066 0.943364 1.54831e-38 3
0.0191806 0.264473 0.937715 1.63118e-38 3
0.0343316 0.264473 0.937715 1.54813e-38 3
0.0494827 0.264473 0.937715 1.42835e-38 3
0.0634931 0.259806 0.921167 1.36399e-38 3
0.0779184 0.258287 0.91578 1.34555e-38 3
0.092176 0.256785 0.910456 1.38236e-38 3
0.106887 0.256785 0.910456 1.47455e-38 3
0.118162 0.249531 0.884737 1.4837e-38 3
0.131713 0.248129 0.879766 1.64036e-38 3
0.141941 0.24135 0.855729 1.67728e-38 3
0.153255 0.237457 0.841927 1.57583e-38 3
0.165966 0.236187 0.837425 1.77855e-38 3
0.187519 0.246743 0.874851 1.69572e-38 3
0.19833 0.242676 0.860431 1.76036e-38 3
0.207668 0.237457 0.841927 1.79702e-38 3
0.213246 0.228845 0.811391 1.63111e-38 3
0.226356 0.228845 0.811391 1.63114e-38 3
0.238232 0.227665 0.807208 1.64933e-38 3
0.24871 0.225342 0.798972 1.81514e-38 3
0.378927 0.311035 1.10281 1.72298e-38 3
0.343524 0.269311 0.954868 1.61238e-38 3
0.358952 0.269311 0.954868 1.56621e-38 3
0.369869 0.266066 0.943364 1.51093e-38 3
0.382806 0.264473 0.937715 1.60309e-38 3
0.393247 0.261343 0.926618 1.62146e-38 3
0.401099 0.256785 0.910456 1.69521e-38 3
0.397329 0.245372 0.869991 1.62142e-38 3
0.406865 0.242676 0.860431 1.54766e-38 3
0.427819 0.246743 0.874851 1.59383e-38 3
0.446949 0.249531 0.884737 1.53859e-38 3
0.461244 0.249531 0.884737 1.58479e-38 3
0.483738 0.253834 0.899991 1.56636e-38 3
0.602087 0.306716 1.08749 1.50182e-38 3
0.615385 0.3046 1.07999 1.47412e-38 3
0.679711 0.327163 1.15999 1.40037e-38 3
0.678354 0.317748 1.12661 1.34505e-38 3
0.696557 0.317748 1.12661 1.34512e-38 3
0.680491 0.302514 1.07259 1.4004e-38 3
0.679213 0.294447 1.04399 1.52948e-38 3
0.632801 0.267679 0.949081 1.64933e-38 3
0.640373 0.264473 0.937715 1.69546e-38 3
0.647767 0.261343 0.926618 1.59405e-38 3
0.651179 0.256785 0.910456 1.45576e-38 3
0.639849 0.246743 0.874851 1.34512e-38 3
0.646758 0.244017 0.865185 1.31764e-38 3
0.646451 0.238741 0.846478 1.26232e-38 3
0.653068 0.236187 0.837425 1.35452e-38 3
0.755479 0.267679 0.949081 1.31764e-38 3
0.770813 0.267679 0.949081 1.18857e-38 3
0.790941 0.269311 0.954868 1.14247e-38 3
0.836991 0.279538 0.991129 1.06875e-38 3
0.837111 0.274329 0.972661 1.15183e-38 3
1.04136 0.306716 1.08749 6.35683e-39 3
0.837837 0.242676 0.860431 7.55609e-39 3
0.824557 0.234931 0.83297 8.20146e-39 3
0.803811 0.225342 0.798972 8.01707e-39 3
0.792461 0.218649 0.77524 7.64757e-39 3
0.817122 0.221945 0.786927 7.64685e-39 3
0.829837 0.221945 0.786927 8.56845e-39 3
0.842552 0.221945 0.786927 9.58368e-39 3
0.855266 0.221945 0.786927 7.92452e-39 3
-0.683904 0.253789 0.851078 1.30857e-38 3
-0.64223 0.243215 0.815617 1.15173e-38 3
-0.622566 0.240708 0.807208 1.25314e-38 3
-0.59721 0.235845 0.790901 1.2808e-38 3
-0.572859 0.231175 0.77524 1.28076e-38 3
-0.560333 0.231175 0.77524 1.2992e-38 3
-0.521967 0.22027 0.738672 1.29006e-38 3
-0.510032 0.22027 0.738672 1.43742e-38 3
-0.507676 0.224506 0.752877 1.34512e-38 3
-0.500322 0.226686 0.760186 1.45576e-38 3
-0.488039 0.226686 0.760186 1.4743e-38 3
-0.480421 0.228908 0.767639 1.3914e-38 3
-0.468018 0.228908 0.767639 1.3914e-38 3
-0.469421 0.235845 0.790901 1.42817e-38 3
-0.456642 0.235845 0.790901 1.45594e-38 3
-0.410677 0.218212 0.731768 1.45586e-38 3
-0.400726 0.219236 0.735204 1.40984e-38 3
-0.392533 0.221314 0.742173 1.45594e-38 3
-0.376968 0.219236 0.735204 1.49289e-38 3
-0.365089 0.219236 0.735204 1.34548e-38 3
-0.35321 0.219236 0.735204 1.33633e-38 3
-0.342941 0.22027 0.738672 1.46537e-38 3
-0.342309 0.227792 0.763895 1.63118e-38 3
-0.333217 0.230036 0.771421 1.6494e-38 3
-0.322341 0.231175 0.77524 1.60323e-38 3
-0.324263 0.241955 0.811391 1.63089e-38 3
-0.311153 0.241955 0.811391 1.77833e-38 3
-0.310931 0.252418 0.846478 1.90726e-38 3
-0.272238 0.231175 0.77524 1.96247e-38 3
-0.259712 0.231175 0.77524 2.03637e-38 3
-0.247186 0.231175 0.77524 1.87035e-38 3
-0.233504 0.230036 0.771421 1.6861e-38 3
-0.222134 0.231175 0.77524 1.43753e-38 3
-0.209608 0.231175 0.77524 1.34548e-38 3
-0.197083 0.231175 0.77524 1.46544e-38 3
-0.184557 0.231175 0.77524 1.50225e-38 3
-0.170344 0.228908 0.767639 1.59426e-38 3
-0.173226 0.251061 0.841927 1.76e-38 3
-0.170631 0.268375 0.899991 1.93496e-38 3
-0.150886 0.259429 0.869991 1.99935e-38 3
-0.131708 0.249718 0.837425 1.89793e-38 3
-0.118812 0.251061 0.841927 1.90712e-38 3
-0.105209 0.251061 0.841927 1.92559e-38 3
-0.0916056 0.251061 0.841927 1.96244e-38 3
-0.0780023 0.251061 0.841927 1.90712e-38 3
-0.0640545 0.249718 0.837425 1.99924e-38 3
-0.0510701 0.252418 0.846478 1.73216e-38 3
-0.0378019 0.255176 0.855729 1.66798e-38 3
-0.0241073 0.256578 0.860431 1.55782e-38 3
-0.0106131 0.266842 0.894848 1.50272e-38 3
0.00369741 0.256578 0.860431 1.53956e-38 3
0.0175997 0.256578 0.860431 1.59484e-38 3
0.0341272 0.27796 0.932133 1.50257e-38 3
0.0488971 0.276315 0.926618 1.49324e-38 3
0.0634931 0.27469 0.921167 1.5764e-38 3
0.0748542 0.262344 0.879766 1.6225e-38 3
0.0880793 0.259429 0.869991 1.687e-38 3
0.101014 0.256578 0.860431 1.60406e-38 3
0.110078 0.245775 0.824202 1.66842e-38 3
0.123394 0.245775 0.824202 1.67764e-38 3
0.130529 0.23466 0.786927 1.55771e-38 3
0.141818 0.232325 0.779097 1.55767e-38 3
0.155178 0.233486 0.782992 1.54828e-38 3
0.167829 0.233486 0.782992 1.60366e-38 3
0.183229 0.237042 0.794916 1.55746e-38 3
0.196073 0.237042 0.794916 1.61263e-38 3
0.208916 0.237042 0.794916 1.64025e-38 3
0.225189 0.240708 0.807208 1.66784e-38 3
0.238232 0.240708 0.807208 1.70458e-38 3
0.247448 0.237042 0.794916 1.73209e-38 3
0.260291 0.237042 0.794916 1.73202e-38 3
0.271756 0.235845 0.790901 1.67681e-38 3
0.309549 0.256578 0.860431 1.5939e-38 3
0.338322 0.268375 0.899991 1.57547e-38 3
0.359055 0.273083 0.91578 1.57557e-38 3
0.367405 0.268375 0.899991 1.59383e-38 3
0.377607 0.265325 0.889764 1.54759e-38 3
0.381155 0.257996 0.865185 1.56607e-38 3
0.388691 0.253789 0.851078 1.57525e-38 3
0.398115 0.251061 0.841927 1.62142e-38 3
0.411719 0.251061 0.841927 1.59383e-38 3
0.427621 0.252418 0.846478 1.59398e-38 3
0.441298 0.252418 0.846478 1.52959e-38 3
0.452529 0.251061 0.841927 1.54802e-38 3
0.528662 0.284739 0.954868 1.54799e-38 3
0.557693 0.291858 0.97874 1.54802e-38 3
0.649809 0.313404 1.051 1.54788e-38 3
0.591379 0.27796 0.932133 1.47412e-38 3
0.60644 0.27796 0.932133 1.37278e-38 3
0.603538 0.269926 0.905193 1.37278e-38 3
0.614611 0.268375 0.899991 1.4465e-38 3
0.615015 0.262344 0.879766 1.45572e-38 3
0.612037 0.255176 0.855729 1.36356e-38 3
0.622462 0.253789 0.851078 1.40973e-38 3
0.622677 0.24839 0.83297 1.43739e-38 3
0.63277 0.247075 0.828563 1.41906e-38 3
0.653068 0.249718 0.837425 1.32686e-38 3
0.677467 0.253789 0.851078 1.26233e-38 3
0.730944 0.268375 0.899991 1.26233e-38 3
0.749794 0.269926 0.905193 1.29924e-38 3
0.796654 0.281309 0.943364 1.25314e-38 3
0.807035 0.279624 0.937715 1.04124e-38 3
1.02763 0.331186 1.11063 9.95389e-39 3
1.01322 0.315522 1.0581 8.47769e-39 3
1.00984 0.309253 1.03708 7.46354e-39 3
0.833423 0.251061 0.841927 9.49256e-39 3
0.865642 0.256578 0.860431 9.76987e-39 3
0.879544 0.256578 0.860431 9.21705e-39 3
0.883735 0.253789 0.851078 7.83339e-39 3
0.860091 0.243215 0.815617 6.6345e-39 3
0.87327 0.243215 0.815617 6.26536e-39 3
-0.638773 0.249886 0.794916 1.19793e-38 3
-0.625929 0.249886 0.794916 1.17939e-38 3
-0.622566 0.25375 0.807208 1.15173e-38 3
-0.585384 0.2437 0.77524 1.1886e-38 3
-0.572859 0.2437 0.77524 1.19775e-38 3
-0.554839 0.241311 0.767639 1.28076e-38 3
-0.524441 0.233306 0.742173 1.40991e-38 3
-0.514889 0.234417 0.745707 1.44668e-38 3
-0.505247 0.235538 0.749275 1.43732e-38 3
-0.49314 0.235538 0.749275 1.36367e-38 3
-0.481034 0.235538 0.749275 1.35452e-38 3
-0.471182 0.236671 0.752877 1.33608e-38 3
-0.459017 0.236671 0.752877 1.42828e-38 3
-0.453392 0.240134 0.763895 1.4559e-38 3
-0.434688 0.236671 0.752877 1.43746e-38 3
-0.401301 0.224783 0.715061 1.3269e-38 3
-0.395161 0.227905 0.724993 1.32693e-38 3
-0.383447 0.227905 0.724993 1.41913e-38 3
-0.371733 0.227905 0.724993 1.34552e-38 3
-0.361693 0.228965 0.728365 1.45626e-38 3
-0.349925 0.228965 0.728365 1.49317e-38 3
-0.339736 0.230035 0.731768 1.5208e-38 3
-0.332575 0.233306 0.742173 1.48363e-38 3
-0.326778 0.237814 0.756514 1.54795e-38 3
-0.317624 0.240134 0.763895 1.55703e-38 3
-0.309815 0.2437 0.77524 1.61231e-38 3
-0.297289 0.2437 0.77524 1.62146e-38 3
-0.284764 0.2437 0.77524 1.90715e-38 3
-0.265662 0.237814 0.756514 1.76886e-38 3
-0.248634 0.233306 0.742173 1.73209e-38 3
-0.208703 0.228965 0.728365 1.40094e-38 3
-0.196934 0.228965 0.728365 1.46569e-38 3
-0.186905 0.231115 0.735204 1.50257e-38 3
-0.180973 0.238968 0.760186 1.55789e-38 3
-0.165477 0.234417 0.745707 1.71441e-38 3
-0.167812 0.256393 0.815617 1.86156e-38 3
-0.156262 0.259092 0.824202 1.79677e-38 3
-0.142945 0.259092 0.824202 1.78741e-38 3
-0.115099 0.256393 0.815617 1.89779e-38 3
-0.0998412 0.251161 0.798972 1.95322e-38 3
-0.0882831 0.255065 0.811391 1.94389e-38 3
-0.0740226 0.251161 0.798972 2.04516e-38 3
-0.0604959 0.248624 0.790901 1.96233e-38 3
-0.047717 0.248624 0.790901 1.81514e-38 3
-0.0356585 0.25375 0.807208 1.57586e-38 3
-0.0226161 0.25375 0.807208 1.53952e-38 3
-0.00855897 0.226855 0.721652 1.65037e-38 3
0.00291311 0.213106 0.677915 1.53052e-38 3
0.0137474 0.211277 0.672096 1.52126e-38 3
0.0248198 0.213106 0.677915 1.63193e-38 3
0.035619 0.212187 0.674993 1.6042e-38 3
0.0467265 0.213106 0.677915 1.70562e-38 3
0.0579307 0.214033 0.680863 1.61339e-38 3
0.0710954 0.220751 0.702235 1.58573e-38 3
0.0839475 0.224783 0.715061 1.52123e-38 3
0.0963812 0.226855 0.721652 1.49353e-38 3
0.114926 0.241311 0.767639 1.72391e-38 3
0.127329 0.241311 0.767639 1.60402e-38 3
0.139732 0.241311 0.767639 1.7699e-38 3
0.153642 0.2437 0.77524 1.76983e-38 3
0.166994 0.244913 0.779097 1.53927e-38 3
0.182303 0.248624 0.790901 1.46551e-38 3
0.195082 0.248624 0.790901 1.57593e-38 3
0.208916 0.249886 0.794916 1.54806e-38 3
0.225189 0.25375 0.807208 1.59405e-38 3
0.238232 0.25375 0.807208 1.63997e-38 3
0.247448 0.249886 0.794916 1.76886e-38 3
0.260291 0.249886 0.794916 1.9163e-38 3
0.269038 0.246137 0.782992 1.64904e-38 3
0.2789 0.2437 0.77524 1.56614e-38 3
0.291426 0.2437 0.77524 1.53859e-38 3
0.311667 0.249886 0.794916 1.52944e-38 3
0.336466 0.259092 0.824202 1.42788e-38 3
0.346139 0.256393 0.815617 1.39079e-38 3
0.368925 0.263249 0.837425 1.42763e-38 3
0.382456 0.263249 0.837425 1.51075e-38 3
0.389734 0.259092 0.824202 1.54777e-38 3
0.403051 0.259092 0.824202 1.41884e-38 3
0.418571 0.260463 0.828563 1.20697e-38 3
0.436578 0.263249 0.837425 1.1057e-38 3
0.443002 0.259092 0.824202 1.18871e-38 3
0.44235 0.251161 0.798972 1.23478e-38 3
0.439561 0.2425 0.771421 1.39144e-38 3
0.44329 0.237814 0.756514 1.46519e-38 3
0.457725 0.238968 0.760186 1.44668e-38 3
0.476953 0.2425 0.771421 1.44661e-38 3
0.545888 0.270481 0.860431 1.4281e-38 3
0.559791 0.270481 0.860431 1.40966e-38 3
0.570558 0.269003 0.855729 1.34512e-38 3
0.584385 0.269003 0.855729 1.30824e-38 3
0.598211 0.269003 0.855729 1.35434e-38 3
0.608711 0.267541 0.851078 1.40977e-38 3
0.619098 0.266095 0.846478 1.35441e-38 3
0.619382 0.260463 0.828563 1.38207e-38 3
0.629439 0.259092 0.824202 1.42821e-38 3
0.653068 0.263249 0.837425 1.30842e-38 3
0.663053 0.261848 0.83297 1.38214e-38 3
0.694995 0.269003 0.855729 1.38214e-38 3
0.716654 0.271975 0.865185 1.20704e-38 3
0.782513 0.291287 0.926618 1.24399e-38 3
0.792793 0.289573 0.921167 1.25321e-38 3
0.996643 0.321748 1.02352 8.29438e-39 3
0.956893 0.303873 0.966657 7.46426e-39 3
0.885095 0.276559 0.879766 5.25264e-39 3
0.889317 0.273486 0.869991 5.43703e-39 3
0.898383 0.271975 0.865185 6.54338e-39 3
0.869145 0.259092 0.824202 5.99056e-39 3
-0.61654 0.258789 0.782992 1.29002e-38 3
-0.5863 0.251251 0.760186 1.25314e-38 3
-0.574018 0.251251 0.760186 1.24392e-38 3
-0.561735 0.251251 0.760186 1.3914e-38 3
-0.533902 0.24414 0.738672 1.36374e-38 3
-0.521967 0.24414 0.738672 1.47437e-38 3
-0.512449 0.245297 0.742173 1.40977e-38 3
-0.498097 0.24414 0.738672 1.37292e-38 3
-0.481618 0.241858 0.731768 1.3914e-38 3
-0.469795 0.241858 0.731768 1.2625e-38 3
-0.457971 0.241858 0.731768 1.373e-38 3
-0.446148 0.241858 0.731768 1.2991e-38 3
-0.42832 0.238515 0.721652 1.36374e-38 3
-0.41666 0.238515 0.721652 1.28084e-38 3
-0.388871 0.229016 0.692913 1.32697e-38 3
-0.391535 0.237421 0.718341 1.25336e-38 3
-0.383447 0.239619 0.724993 1.19815e-38 3
-0.371733 0.239619 0.724993 1.29038e-38 3
-0.360019 0.239619 0.724993 1.29971e-38 3
-0.3467 0.238515 0.721652 1.37339e-38 3
-0.33504 0.238515 0.721652 1.43782e-38 3
-0.326388 0.240734 0.728365 1.48377e-38 3
-0.313163 0.239619 0.724993 1.59423e-38 3
-0.302851 0.240734 0.728365 1.57557e-38 3
-0.295201 0.24414 0.738672 1.64e-38 3
-0.283266 0.24414 0.738672 1.75975e-38 3
-0.271331 0.24414 0.738672 1.77822e-38 3
-0.254593 0.239619 0.724993 1.66759e-38 3
-0.24065 0.237421 0.718341 1.52029e-38 3
-0.220936 0.229016 0.692913 1.39133e-38 3
-0.207901 0.227008 0.686835 1.54824e-38 3
-0.19258 0.222136 0.672096 1.44704e-38 3
-0.187349 0.229016 0.692913 1.44704e-38 3
-0.187786 0.24414 0.738672 1.51165e-38 3
-0.164958 0.229016 0.692913 1.55785e-38 3
-0.153762 0.229016 0.692913 1.61306e-38 3
-0.141316 0.227008 0.686835 1.71419e-38 3
-0.127973 0.223094 0.674993 1.7877e-38 3
-0.116565 0.222136 0.672096 1.80592e-38 3
-0.105705 0.222136 0.672096 1.81478e-38 3
-0.096083 0.225034 0.680863 1.82396e-38 3
-0.0839866 0.222136 0.672096 1.81499e-38 3
-0.0731272 0.222136 0.672096 2.02686e-38 3
-0.069752 0.248835 0.752877 1.94375e-38 3
-0.0565009 0.24414 0.738672 2.06378e-38 3
-0.0437406 0.239619 0.724993 1.92577e-38 3
-0.0320266 0.239619 0.724993 1.96308e-38 3
-0.0203126 0.239619 0.724993 1.6686e-38 3
-0.00840406 0.234198 0.70859 1.54896e-38 3
0.00291311 0.224059 0.677915 1.56736e-38 3
0.0136304 0.220246 0.666376 1.64112e-38 3
0.0246068 0.222136 0.672096 1.62282e-38 3
0.0354661 0.222136 0.672096 1.57655e-38 3
0.0463254 0.222136 0.672096 1.58576e-38 3
0.0571848 0.222136 0.672096 1.69626e-38 3
0.0692327 0.226016 0.683836 1.81611e-38 3
0.0820737 0.231061 0.6991 1.70562e-38 3
0.095501 0.236337 0.715061 1.73328e-38 3
0.111643 0.246465 0.745707 1.61335e-38 3
0.123691 0.246465 0.745707 1.52105e-38 3
0.137707 0.250037 0.756514 1.56715e-38 3
0.150658 0.251251 0.760186 1.57644e-38 3
0.164538 0.253714 0.767639 1.52112e-38 3
0.178693 0.256226 0.77524 1.47488e-38 3
0.192171 0.257501 0.779097 1.4931e-38 3
0.205783 0.258789 0.782992 1.54813e-38 3
0.219531 0.260089 0.786927 1.63093e-38 3
0.232246 0.260089 0.786927 1.8796e-38 3
0.242523 0.257501 0.779097 1.64894e-38 3
0.255112 0.257501 0.779097 1.67649e-38 3
0.261202 0.251251 0.760186 1.69496e-38 3
0.264497 0.242994 0.735204 1.72273e-38 3
0.275085 0.241858 0.731768 1.63075e-38 3
0.286908 0.241858 0.731768 1.57554e-38 3
0.307349 0.248835 0.752877 1.63993e-38 3
0.319513 0.248835 0.752877 1.7411e-38 3
0.343229 0.257501 0.779097 1.72255e-38 3
0.374446 0.270983 0.819887 1.52926e-38 3
0.385674 0.269571 0.815617 1.26207e-38 3
0.398852 0.269571 0.815617 1.37296e-38 3
0.412031 0.269571 0.815617 1.47452e-38 3
0.431958 0.27385 0.828563 1.38265e-38 3
0.429441 0.26407 0.798972 1.2812e-38 3
0.437882 0.261403 0.790901 1.28113e-38 3
0.435272 0.252477 0.763895 1.1151e-38 3
0.434886 0.245297 0.742173 1.08741e-38 3
0.453323 0.248835 0.752877 1.26251e-38 3
0.4723 0.252477 0.763895 1.27169e-38 3
0.489417 0.254964 0.771421 1.27151e-38 3
0.550713 0.279771 0.846478 1.28988e-38 3
0.549538 0.272409 0.824202 1.33597e-38 3
0.568842 0.275307 0.83297 1.41895e-38 3
0.585415 0.276779 0.837425 1.38207e-38 3
0.598946 0.276779 0.837425 1.40062e-38 3
0.612476 0.276779 0.837425 1.29917e-38 3
0.600325 0.265424 0.803069 1.38207e-38 3
0.607074 0.262729 0.794916 1.37278e-38 3
0.626276 0.265424 0.803069 1.30839e-38 3
0.629565 0.261403 0.790901 1.32683e-38 3
0.642344 0.261403 0.790901 1.31761e-38 3
0.658449 0.262729 0.794916 1.25314e-38 3
0.726619 0.284383 0.860431 1.17946e-38 3
0.752932 0.289149 0.874851 1.244e-38 3
0.754423 0.284383 0.860431 1.21634e-38 3
0.768326 0.284383 0.860431 1.18875e-38 3
1.44189 0.49767 1.50575 1.02301e-38 3
0.770133 0.261403 0.790901 1.00447e-38 3
0.692039 0.231061 0.6991 9.86063e-39 3
0.87526 0.287543 0.869991 9.76843e-39 3
0.879544 0.284383 0.860431 8.38622e-39 3
0.893447 0.284383 0.860431 8.47949e-39 3
-0.666467 0.266117 0.767639 1.25318e-38 3
-0.593577 0.256075 0.738672 1.23488e-38 3
-0.493232 0.217152 0.626394 1.20715e-38 3
-0.477383 0.214577 0.618966 1.15183e-38 3
-0.463716 0.212894 0.614111 1.06893e-38 3
-0.457381 0.214577 0.618966 1.10581e-38 3
-0.450945 0.216287 0.623898 1.23474e-38 3
-0.440864 0.216287 0.623898 1.21623e-38 3
-0.505265 0.253682 0.731768 1.17935e-38 3
-0.491147 0.252502 0.728365 1.22545e-38 3
-0.477159 0.251333 0.724993 1.23481e-38 3
-0.465445 0.251333 0.724993 1.35459e-38 3
-0.453731 0.251333 0.724993 1.42828e-38 3
-0.442017 0.251333 0.724993 1.33608e-38 3
-0.407655 0.238105 0.686835 1.3269e-38 3
-0.388048 0.232995 0.672096 1.35474e-38 3
-0.377189 0.232995 0.672096 1.26268e-38 3
-0.376012 0.239154 0.689861 1.2351e-38 3
-0.364866 0.239154 0.689861 1.19822e-38 3
-0.364974 0.246763 0.711811 1.25364e-38 3
-0.353473 0.246763 0.711811 1.17989e-38 3
-0.345109 0.249027 0.718341 1.21677e-38 3
-0.33504 0.250175 0.721652 1.32726e-38 3
-0.32338 0.250175 0.721652 1.37325e-38 3
-0.31172 0.250175 0.721652 1.41906e-38 3
-0.298683 0.249027 0.718341 1.40962e-38 3
-0.289735 0.251333 0.724993 1.7322e-38 3
-0.262238 0.237065 0.683836 1.87042e-38 3
-0.244776 0.231013 0.666376 1.76897e-38 3
-0.231059 0.228101 0.657977 1.61234e-38 3
-0.220428 0.228101 0.657977 1.38211e-38 3
-0.209797 0.228101 0.657977 1.40977e-38 3
-0.200006 0.229063 0.660753 1.59416e-38 3
-0.18933 0.229063 0.660753 1.51122e-38 3
-0.180944 0.232 0.669224 1.64973e-38 3
-0.168689 0.230034 0.663553 1.47481e-38 3
-0.157968 0.230034 0.663553 1.51179e-38 3
-0.152413 0.238105 0.686835 1.76976e-38 3
-0.12965 0.237065 0.683836 1.79699e-38 3
-0.116066 0.232 0.669224 1.99953e-38 3
-0.105254 0.232 0.669224 1.9991e-38 3
-0.0952547 0.234 0.674993 1.94389e-38 3
-0.0839866 0.232995 0.672096 1.7689e-38 3
-0.0728147 0.232 0.669224 1.80552e-38 3
-0.062807 0.235013 0.677915 1.84237e-38 3
-0.0514086 0.232995 0.672096 1.91637e-38 3
-0.0393666 0.2262 0.652493 1.89826e-38 3
-0.0285857 0.22433 0.647101 1.79709e-38 3
-0.0183578 0.227146 0.655223 1.74217e-38 3
-0.00770663 0.225261 0.649786 1.65952e-38 3
0.0027579 0.222492 0.641797 1.53045e-38 3
0.0131817 0.223407 0.644438 1.59498e-38 3
0.0240898 0.228101 0.657977 1.57654e-38 3
0.0350153 0.230034 0.663553 1.59498e-38 3
0.0459312 0.231013 0.666376 1.77016e-38 3
0.0566981 0.231013 0.666376 1.76079e-38 3
0.0680441 0.232995 0.672096 1.81604e-38 3
0.0792435 0.234 0.674993 1.62264e-38 3
0.0921354 0.239154 0.689861 1.76086e-38 3
0.108041 0.250175 0.721652 1.79764e-38 3
0.119701 0.250175 0.721652 1.61324e-38 3
0.133828 0.254873 0.735204 1.7054e-38 3
0.145707 0.254873 0.735204 1.58569e-38 3
0.160602 0.259751 0.749275 1.51194e-38 3
0.175224 0.263534 0.760186 1.64083e-38 3
0.187506 0.263534 0.760186 1.55771e-38 3
0.200764 0.264819 0.763895 1.68646e-38 3
0.215206 0.267428 0.771421 1.73231e-38 3
0.22767 0.267428 0.771421 1.92567e-38 3
0.231029 0.257289 0.742173 1.85177e-38 3
0.241875 0.256075 0.738672 1.87924e-38 3
0.250268 0.252502 0.728365 1.83318e-38 3
0.259622 0.250175 0.721652 1.85166e-38 3
0.271282 0.250175 0.721652 1.75049e-38 3
0.284252 0.251333 0.724993 1.69529e-38 3
0.297342 0.252502 0.728365 1.75057e-38 3
0.30768 0.251333 0.724993 1.74117e-38 3
0.319394 0.251333 0.724993 1.65801e-38 3
0.361208 0.274181 0.790901 1.66755e-38 3
0.373987 0.274181 0.790901 1.52026e-38 3
0.388729 0.275573 0.794916 1.36385e-38 3
0.401573 0.275573 0.794916 1.29038e-38 3
0.414417 0.275573 0.794916 1.36424e-38 3
0.422967 0.272804 0.786927 1.37368e-38 3
0.427096 0.267428 0.771421 1.34606e-38 3
0.433159 0.263534 0.760186 1.41971e-38 3
0.434886 0.257289 0.742173 1.46562e-38 3
0.446878 0.257289 0.742173 1.31804e-38 3
0.470007 0.263534 0.760186 1.3457e-38 3
0.484642 0.264819 0.763895 1.27183e-38 3
0.50941 0.27144 0.782992 1.45608e-38 3
0.530011 0.275573 0.794916 1.60345e-38 3
0.545624 0.276979 0.798972 1.37285e-38 3
0.552892 0.274181 0.790901 1.39122e-38 3
0.562828 0.272804 0.786927 1.39136e-38 3
0.575543 0.272804 0.786927 1.3637e-38 3
0.582404 0.270089 0.779097 1.32683e-38 3
0.589131 0.267428 0.771421 1.28998e-38 3
0.601595 0.267428 0.771421 1.32683e-38 3
0.611049 0.266117 0.767639 1.34527e-38 3
0.620411 0.264819 0.763895 1.30839e-38 3
0.635855 0.266117 0.767639 1.33612e-38 3
0.648258 0.266117 0.767639 1.28995e-38 3
0.701952 0.28275 0.815617 1.24389e-38 3
0.666529 0.263534 0.760186 1.23463e-38 3
0.672285 0.261 0.752877 1.25321e-38 3
0.674718 0.257289 0.742173 1.18868e-38 3
0.731797 0.274181 0.790901 1.18875e-38 3
0.682528 0.251333 0.724993 1.2257e-38 3
0.6606 0.239154 0.689861 1.1428e-38 3
0.677717 0.24128 0.695993 1.1796e-38 3
0.704621 0.246763 0.711811 1.1335e-38 3
0.865642 0.298285 0.860431 1.04124e-38 3
0.874738 0.296655 0.855729 1.01358e-38 3
0.888565 0.296655 0.855729 9.30601e-39 3
-0.580126 0.247035 0.680863 1.12425e-38 3
-0.574117 0.249202 0.686835 1.04138e-38 3
-0.56302 0.249202 0.686835 1.13361e-38 3
-0.551922 0.249202 0.686835 1.19808e-38 3
-0.470642 0.216863 0.597704 1.18882e-38 3
-0.460984 0.216863 0.597704 1.04134e-38 3
-0.451327 0.216863 0.597704 1.04138e-38 3
-0.443362 0.217694 0.599994 1.00454e-38 3
-0.433667 0.217694 0.599994 1.14265e-38 3
-0.423973 0.217694 0.599994 1.34548e-38 3
-0.415872 0.218531 0.602302 1.29931e-38 3
-0.465183 0.2503 0.689861 1.17949e-38 3
-0.431485 0.243855 0.672096 1.20722e-38 3
-0.413314 0.245966 0.677915 1.21626e-38 3
-0.387272 0.236742 0.652493 1.19793e-38 3
-0.369042 0.231911 0.639177 1.23503e-38 3
-0.361666 0.23382 0.644438 1.25354e-38 3
-0.358633 0.238732 0.657977 1.27198e-38 3
-0.34947 0.239739 0.660753 1.22588e-38 3
-0.344611 0.243855 0.672096 1.30882e-38 3
-0.333751 0.243855 0.672096 1.18893e-38 3
-0.334373 0.252525 0.695993 1.30875e-38 3
-0.327494 0.255938 0.705398 1.31797e-38 3
-0.317527 0.257096 0.70859 1.45615e-38 3
-0.300636 0.252525 0.695993 1.60345e-38 3
-0.279455 0.243855 0.672096 1.55717e-38 3
-0.267447 0.242813 0.669224 1.5387e-38 3
-0.253386 0.239739 0.660753 1.58472e-38 3
-0.234785 0.231911 0.639177 1.53862e-38 3
-0.22264 0.230033 0.634002 1.54802e-38 3
-0.212396 0.230033 0.634002 1.31768e-38 3
-0.203802 0.231911 0.639177 1.71408e-38 3
-0.195067 0.23382 0.644438 1.64951e-38 3
-0.185418 0.234786 0.647101 1.7971e-38 3
-0.177159 0.237733 0.655223 1.75114e-38 3
-0.167978 0.239739 0.660753 1.50239e-38 3
-0.162384 0.265505 0.731768 1.57611e-38 3
-0.118085 0.247035 0.680863 1.82436e-38 3
-0.106161 0.244906 0.674993 2.10988e-38 3
-0.0952547 0.244906 0.674993 1.87024e-38 3
-0.0839866 0.243855 0.672096 1.81496e-38 3
-0.0728147 0.242813 0.669224 1.83325e-38 3
-0.0630801 0.247035 0.680863 1.92552e-38 3
-0.052536 0.249202 0.686835 1.86142e-38 3
-0.0414385 0.249202 0.686835 1.751e-38 3
-0.0300772 0.247035 0.680863 1.63129e-38 3
-0.0180556 0.23382 0.644438 1.6315e-38 3
-0.00745902 0.228185 0.628909 1.54881e-38 3
0.00270252 0.228185 0.628909 1.5396e-38 3
0.0130741 0.231911 0.639177 1.53959e-38 3
0.0237899 0.23576 0.649786 1.60413e-38 3
0.0344317 0.236742 0.652493 1.40137e-38 3
0.0453522 0.238732 0.657977 1.54881e-38 3
0.0559834 0.238732 0.657977 1.54863e-38 3
0.0668957 0.239739 0.660753 1.51179e-38 3
0.0782319 0.241779 0.666376 1.55807e-38 3
0.0897628 0.243855 0.672096 1.53041e-38 3
0.101935 0.247035 0.680863 1.53034e-38 3
0.112936 0.247035 0.680863 1.54871e-38 3
0.132583 0.264271 0.728365 1.51183e-38 3
0.144352 0.264271 0.728365 1.52116e-38 3
0.158329 0.26801 0.738672 1.54871e-38 3
0.173539 0.273164 0.752877 1.73288e-38 3
0.185703 0.273164 0.752877 1.73281e-38 3
0.197868 0.273164 0.752877 1.7694e-38 3
0.213106 0.277162 0.763895 1.8061e-38 3
0.225449 0.277162 0.763895 1.96262e-38 3
0.226731 0.264271 0.728365 2.04538e-38 3
0.237395 0.263047 0.724993 1.89768e-38 3
0.24458 0.258264 0.711811 1.86081e-38 3
0.256081 0.258264 0.711811 1.83322e-38 3
0.267582 0.258264 0.711811 1.81503e-38 3
0.284252 0.263047 0.724993 1.70461e-38 3
0.294602 0.261835 0.721652 1.6677e-38 3
0.304857 0.260634 0.718341 1.62149e-38 3
0.316463 0.260634 0.718341 1.56614e-38 3
0.32807 0.260634 0.718341 1.59387e-38 3
0.352616 0.270563 0.745707 1.57568e-38 3
0.36641 0.271857 0.749275 1.64044e-38 3
0.369672 0.265505 0.731768 1.52094e-38 3
0.377964 0.263047 0.724993 1.48424e-38 3
0.39149 0.264271 0.728365 1.42907e-38 3
0.407045 0.266752 0.735204 1.37382e-38 3
0.416966 0.265505 0.731768 1.44747e-38 3
0.426795 0.264271 0.728365 1.29989e-38 3
0.436534 0.263047 0.724993 1.33669e-38 3
0.450332 0.264271 0.728365 1.34591e-38 3
0.46644 0.266752 0.735204 1.39194e-38 3
0.478319 0.266752 0.735204 1.37328e-38 3
0.506855 0.275816 0.760186 1.14269e-38 3
0.519138 0.275816 0.760186 1.18875e-38 3
0.528853 0.274484 0.756514 1.35459e-38 3
0.541076 0.274484 0.756514 1.41909e-38 3
0.555986 0.275816 0.760186 1.3914e-38 3
0.562804 0.273164 0.752877 1.2992e-38 3
0.56412 0.26801 0.738672 1.17931e-38 3
0.576055 0.26801 0.738672 1.17017e-38 3
0.599298 0.273164 0.752877 1.11492e-38 3
0.605639 0.270563 0.745707 1.20704e-38 3
0.61476 0.26928 0.742173 1.20704e-38 3
0.620867 0.266752 0.735204 1.22548e-38 3
0.632746 0.266752 0.735204 1.25307e-38 3
0.638628 0.264271 0.728365 1.24396e-38 3
0.650397 0.264271 0.728365 1.1518e-38 3
0.662165 0.264271 0.728365 1.14258e-38 3
0.658617 0.258264 0.711811 1.10577e-38 3
0.679382 0.261835 0.721652 1.16116e-38 3
0.742357 0.281278 0.77524 1.11506e-38 3
0.754883 0.281278 0.77524 1.07819e-38 3
0.767409 0.281278 0.77524 1.1335e-38 3
0.860912 0.310482 0.855729 1.14265e-38 3
0.874738 0.310482 0.855729 1.17031e-38 3
-0.473152 0.210455 0.555314 9.58439e-39 3
-0.459294 0.20824 0.549468 9.21668e-39 3
-0.453599 0.209712 0.553351 8.57095e-39 3
-0.444658 0.209712 0.553351 1.16134e-38 3
-0.467076 0.224805 0.593176 1.08755e-38 3
-0.459231 0.225659 0.595431 1.10595e-38 3
-0.449611 0.225659 0.595431 1.06003e-38 3
-0.44167 0.226521 0.597704 1.08769e-38 3
-0.433667 0.227388 0.599994 1.13361e-38 3
-0.422355 0.226521 0.597704 1.10599e-38 3
-0.412697 0.226521 0.597704 1.04145e-38 3
-0.412486 0.23183 0.611713 1.17045e-38 3
-0.386016 0.222279 0.586511 1.12435e-38 3
-0.377955 0.223114 0.588716 1.09677e-38 3
-0.364334 0.220626 0.58215 1.26258e-38 3
-0.356252 0.221449 0.584322 1.28098e-38 3
-0.349419 0.223114 0.588716 1.13354e-38 3
-0.355965 0.233655 0.616529 1.15205e-38 3
-0.354375 0.239308 0.631445 1.11517e-38 3
-0.344172 0.239308 0.631445 1.27187e-38 3
-0.338059 0.242238 0.639177 1.35484e-38 3
-0.334559 0.247285 0.652493 1.36396e-38 3
-0.325373 0.24832 0.655223 1.27176e-38 3
-0.324284 0.255812 0.674993 1.40076e-38 3
-0.313378 0.255812 0.674993 1.39154e-38 3
-0.290314 0.254714 0.672096 1.56657e-38 3
-0.267954 0.244232 0.644438 1.59416e-38 3
-0.254401 0.241254 0.636579 1.35452e-38 3
-0.243127 0.240277 0.634002 1.27154e-38 3
-0.219092 0.236448 0.623898 1.2902e-38 3
-0.206542 0.233655 0.616529 1.44708e-38 3
-0.198931 0.236448 0.623898 1.50225e-38 3
-0.191134 0.239308 0.631445 1.76033e-38 3
-0.181664 0.240277 0.634002 1.54831e-38 3
-0.171421 0.240277 0.634002 1.48399e-38 3
-0.161177 0.240277 0.634002 1.47477e-38 3
-0.145627 0.23183 0.611713 1.53009e-38 3
-0.116318 0.214254 0.565337 1.6404e-38 3
-0.109556 0.218998 0.577854 1.66799e-38 3
-0.0954625 0.230033 0.606971 1.82439e-38 3
-0.0818781 0.24832 0.655223 1.75067e-38 3
-0.0507551 0.251476 0.663553 1.67738e-38 3
-0.0400338 0.251476 0.663553 1.66838e-38 3
-0.0288239 0.247285 0.652493 1.68675e-38 3
-0.00700867 0.223956 0.590937 1.60406e-38 3
0.00253935 0.223956 0.590937 1.66867e-38 3
0.0120874 0.223956 0.590937 1.53023e-38 3
0.0234015 0.242238 0.639177 1.53012e-38 3
0.0341471 0.245241 0.647101 1.52116e-38 3
0.0451625 0.24832 0.655223 1.58569e-38 3
0.0555169 0.247285 0.652493 1.48413e-38 3
0.0657854 0.246259 0.649786 1.46559e-38 3
0.0772458 0.249363 0.657977 1.38286e-38 3
0.0882478 0.250415 0.660753 1.42903e-38 3
0.097282 0.246259 0.649786 1.42896e-38 3
0.106894 0.244232 0.644438 1.43822e-38 3
0.114022 0.237394 0.626394 1.51183e-38 3
0.124143 0.237394 0.626394 1.49343e-38 3
0.132671 0.234579 0.618966 1.47491e-38 3
0.138299 0.227388 0.599994 1.60381e-38 3
0.148563 0.228263 0.602302 1.77884e-38 3
0.18561 0.238347 0.628909 1.76007e-38 3
0.198159 0.241254 0.636579 1.82432e-38 3
0.209296 0.242238 0.639177 1.74113e-38 3
0.219623 0.242238 0.639177 1.75031e-38 3
0.234741 0.247285 0.652493 1.7044e-38 3
0.250503 0.252546 0.666376 1.65848e-38 3
0.261269 0.252546 0.666376 1.67717e-38 3
0.272036 0.252546 0.666376 1.61263e-38 3
0.284012 0.253626 0.669224 1.53888e-38 3
0.298654 0.256919 0.677915 1.44675e-38 3
0.312311 0.259163 0.683836 1.57583e-38 3
0.321954 0.258036 0.680863 1.55739e-38 3
0.338848 0.262603 0.692913 1.49292e-38 3
0.353169 0.264948 0.6991 1.49328e-38 3
0.361239 0.262603 0.692913 1.48424e-38 3
0.379146 0.267335 0.705398 1.32758e-38 3
0.399542 0.273495 0.721652 1.31843e-38 3
0.411202 0.273495 0.721652 1.40137e-38 3
0.422862 0.273495 0.721652 1.45669e-38 3
0.436534 0.274761 0.724993 1.34602e-38 3
0.448248 0.274761 0.724993 1.28148e-38 3
0.459962 0.274761 0.724993 1.26304e-38 3
0.465214 0.270997 0.715061 1.18922e-38 3
0.478955 0.27224 0.718341 1.23521e-38 3
0.495104 0.274761 0.724993 1.32737e-38 3
0.502168 0.27224 0.718341 1.18893e-38 3
0.513774 0.27224 0.718341 1.07829e-38 3
0.527802 0.273495 0.721652 1.21652e-38 3
0.536987 0.27224 0.718341 1.34548e-38 3
0.551122 0.273495 0.721652 1.35463e-38 3
0.562782 0.273495 0.721652 1.32704e-38 3
0.577102 0.274761 0.724993 1.23485e-38 3
0.588816 0.274761 0.724993 1.1979e-38 3
0.603323 0.276039 0.728365 1.22548e-38 3
0.612244 0.274761 0.724993 1.21626e-38 3
0.623958 0.274761 0.724993 1.1979e-38 3
0.632742 0.273495 0.721652 1.17946e-38 3
0.647386 0.274761 0.724993 1.17031e-38 3
0.6591 0.274761 0.724993 1.22556e-38 3
0.632733 0.259163 0.683836 1.14258e-38 3
0.643782 0.259163 0.683836 1.11492e-38 3
0.735079 0.290923 0.767639 1.10577e-38 3
0.660114 0.256919 0.677915 1.07822e-38 3
0.767409 0.293804 0.77524 1.07822e-38 3
0.779935 0.293804 0.77524 1.13343e-38 3
-0.471481 0.218652 0.553351 8.93974e-39 3
-0.460911 0.217882 0.551403 9.12557e-39 3
-0.453599 0.218652 0.553351 1.10613e-38 3
-0.444658 0.218652 0.553351 1.06003e-38 3
-0.446768 0.224198 0.567386 1.04149e-38 3
-0.448988 0.230032 0.58215 9.49399e-39 3
-0.441223 0.23089 0.584322 9.7713e-39 3
-0.43667 0.233504 0.590937 9.7713e-39 3
-0.428739 0.234389 0.593176 1.00472e-38 3
-0.420749 0.23528 0.595431 1.01394e-38 3
-0.409571 0.234389 0.593176 9.95389e-39 3
-0.398477 0.233504 0.590937 9.40035e-39 3
-0.380318 0.228334 0.577854 9.40071e-39 3
-0.372356 0.22918 0.579994 1.17049e-38 3
-0.358996 0.226662 0.573621 1.12436e-38 3
-0.348451 0.225834 0.571527 1.05056e-38 3
-0.339217 0.225834 0.571527 1.11517e-38 3
-0.338634 0.231755 0.586511 1.2073e-38 3
-0.338019 0.237995 0.602302 1.13347e-38 3
-0.330832 0.23984 0.606971 1.0873e-38 3
-0.321025 0.23984 0.606971 1.12418e-38 3
-0.314879 0.242661 0.614111 1.32701e-38 3
-0.309817 0.246528 0.623898 1.48367e-38 3
-0.27968 0.230032 0.58215 1.47441e-38 3
-0.261524 0.222585 0.563304 1.47445e-38 3
-0.263615 0.250521 0.634002 1.46508e-38 3
-0.242147 0.249511 0.631445 1.29928e-38 3
-0.230089 0.247514 0.626394 1.52076e-38 3
-0.21736 0.244579 0.618966 1.55778e-38 3
-0.20334 0.23984 0.606971 1.30896e-38 3
-0.190579 0.236178 0.597704 1.37339e-38 3
-0.182313 0.237995 0.602302 1.29034e-38 3
-0.17192 0.237083 0.599994 1.31804e-38 3
-0.16285 0.237995 0.602302 1.36428e-38 3
-0.15612 0.242661 0.614111 1.35517e-38 3
-0.136558 0.226662 0.573621 1.36424e-38 3
-0.125907 0.224198 0.567386 1.47473e-38 3
-0.115484 0.221787 0.561285 1.52065e-38 3
-0.107572 0.224198 0.567386 1.5114e-38 3
-0.0885947 0.222585 0.563304 1.54809e-38 3
-0.0792082 0.221787 0.561285 1.63111e-38 3
-0.065033 0.236178 0.597704 1.7139e-38 3
-0.00698232 0.232626 0.588716 1.58555e-38 3
0.0025298 0.232626 0.588716 1.57637e-38 3
0.0120874 0.233504 0.590937 1.59462e-38 3
0.0231185 0.249511 0.631445 1.48399e-38 3
0.0335919 0.251539 0.636579 1.41967e-38 3
0.044237 0.253601 0.641797 1.56718e-38 3
0.0546068 0.253601 0.641797 1.73303e-38 3
0.0644483 0.251539 0.636579 1.82515e-38 3
0.0747337 0.251539 0.636579 1.43814e-38 3
0.0857161 0.253601 0.641797 1.50279e-38 3
0.0945361 0.249511 0.631445 1.39215e-38 3
0.103487 0.246528 0.623898 1.4013e-38 3
0.111786 0.242661 0.614111 1.39208e-38 3
0.120761 0.240773 0.609332 1.49335e-38 3
0.130606 0.240773 0.609332 1.5209e-38 3
0.138831 0.237995 0.602302 1.53924e-38 3
0.147993 0.237083 0.599994 1.51143e-38 3
0.158906 0.238914 0.604627 1.5943e-38 3
0.172675 0.244579 0.618966 1.52058e-38 3
0.184868 0.247514 0.626394 1.48367e-38 3
0.195772 0.248508 0.628909 1.62171e-38 3
0.205933 0.248508 0.628909 1.75971e-38 3
0.215231 0.247514 0.626394 1.77819e-38 3
0.227169 0.249511 0.631445 1.7322e-38 3
0.240278 0.252566 0.639177 1.61263e-38 3
0.250605 0.252566 0.639177 1.6682e-38 3
0.255714 0.247514 0.626394 1.62218e-38 3
0.264776 0.246528 0.623898 1.59459e-38 3
0.288657 0.258906 0.655223 1.50239e-38 3
0.301769 0.261091 0.660753 1.55771e-38 3
0.302243 0.252566 0.639177 1.51147e-38 3
0.31257 0.252566 0.639177 1.41927e-38 3
0.335211 0.262197 0.663553 1.28116e-38 3
0.347405 0.263313 0.666376 1.38276e-38 3
0.359702 0.264439 0.669224 1.29978e-38 3
0.375327 0.267873 0.677915 1.25375e-38 3
0.398352 0.276244 0.6991 1.35531e-38 3
0.415208 0.279994 0.70859 1.37364e-38 3
0.424735 0.278732 0.705398 1.30914e-38 3
0.430318 0.275016 0.695993 1.25386e-38 3
0.430094 0.267873 0.677915 1.18014e-38 3
0.442965 0.269037 0.680863 1.22624e-38 3
0.446206 0.264439 0.669224 1.26308e-38 3
0.460959 0.266718 0.674993 1.29063e-38 3
0.471865 0.266718 0.674993 1.31822e-38 3
0.486969 0.269037 0.680863 1.31818e-38 3
0.509036 0.275016 0.695993 1.28127e-38 3
0.515697 0.272593 0.689861 1.14283e-38 3
0.526844 0.272593 0.689861 1.11514e-38 3
0.550107 0.278732 0.705398 1.18889e-38 3
0.569196 0.282551 0.715061 1.19808e-38 3
0.58075 0.282551 0.715061 1.27173e-38 3
0.589611 0.281266 0.711811 1.27165e-38 3
0.603857 0.282551 0.715061 1.24399e-38 3
0.61541 0.282551 0.715061 1.16102e-38 3
0.618491 0.278732 0.705398 1.14265e-38 3
0.605348 0.267873 0.677915 1.14265e-38 3
0.650071 0.282551 0.715061 1.18871e-38 3
0.586622 0.250521 0.634002 1.14258e-38 3
0.596866 0.250521 0.634002 1.07804e-38 3
0.622225 0.256758 0.649786 1.04116e-38 3
0.632724 0.256758 0.649786 1.02287e-38 3
0.645903 0.257828 0.652493 1.03212e-38 3
-0.466535 0.225206 0.547547 8.48056e-39 3
-0.45451 0.223642 0.543745 9.03373e-39 3
-0.444182 0.222868 0.541863 9.95497e-39 3
-0.436939 0.223642 0.543745 9.77058e-39 3
-0.435718 0.227593 0.553351 9.03373e-39 3
-0.432896 0.230856 0.561285 9.40395e-39 3
-0.426887 0.232523 0.565337 9.31176e-39 3
-0.430176 0.239438 0.58215 9.95677e-39 3
-0.428739 0.243973 0.593176 9.6791e-39 3
-0.419155 0.243973 0.593176 9.31032e-39 3
-0.409571 0.243973 0.593176 9.2174e-39 3
-0.396979 0.242138 0.588716 9.58618e-39 3
-0.373429 0.233365 0.567386 1.06003e-38 3
-0.365586 0.234214 0.569449 1.09673e-38 3
-0.353812 0.232523 0.565337 1.05063e-38 3
-0.342207 0.230856 0.561285 1.08744e-38 3
-0.330767 0.229213 0.55729 1.18886e-38 3
-0.326409 0.232523 0.565337 1.18878e-38 3
-0.324299 0.237671 0.577854 1.25328e-38 3
-0.313804 0.236797 0.575729 1.08723e-38 3
-0.286765 0.230032 0.55928 1.37296e-38 3
-0.27674 0.229213 0.55729 1.40977e-38 3
-0.266787 0.2284 0.555314 1.44672e-38 3
-0.256903 0.227593 0.553351 1.43764e-38 3
-0.245361 0.225206 0.547547 1.54828e-38 3
-0.233252 0.222099 0.539995 1.31771e-38 3
-0.219976 0.217597 0.529049 1.23481e-38 3
-0.226466 0.253578 0.616529 1.33666e-38 3
-0.210697 0.246777 0.599994 1.30911e-38 3
-0.186312 0.240331 0.584322 1.26286e-38 3
-0.176871 0.240331 0.584322 1.35506e-38 3
-0.166189 0.238551 0.579994 1.34598e-38 3
-0.156818 0.238551 0.579994 1.36432e-38 3
-0.147995 0.239438 0.58215 1.36432e-38 3
-0.133622 0.230856 0.561285 1.41956e-38 3
-0.124108 0.230032 0.55928 1.43786e-38 3
-0.114662 0.229213 0.55729 1.4286e-38 3
-0.106035 0.230032 0.55928 1.41938e-38 3
-0.0966532 0.229213 0.55729 1.39176e-38 3
-0.087338 0.2284 0.555314 1.41023e-38 3
-0.0780887 0.227593 0.553351 1.37328e-38 3
-0.069148 0.227593 0.553351 1.42849e-38 3
-0.0593681 0.224421 0.545639 1.47459e-38 3
-0.050552 0.224421 0.545639 1.43786e-38 3
-0.0335034 0.2284 0.555314 1.54853e-38 3
0.00258818 0.247726 0.602302 1.48417e-38 3
0.0334559 0.260765 0.634002 1.44733e-38 3
0.0438773 0.261825 0.636579 1.39201e-38 3
0.0539435 0.260765 0.634002 1.47491e-38 3
0.0639285 0.259713 0.631445 1.53945e-38 3
0.0741311 0.259713 0.631445 1.63179e-38 3
0.0843336 0.259713 0.631445 1.64105e-38 3
0.0934062 0.256609 0.623898 1.45669e-38 3
0.103076 0.255591 0.621422 1.45673e-38 3
0.111349 0.251597 0.611713 1.47506e-38 3
0.121233 0.251597 0.611713 1.42889e-38 3
0.130606 0.250618 0.609332 1.29052e-38 3
0.139367 0.248683 0.604627 1.32729e-38 3
0.149136 0.248683 0.604627 1.46551e-38 3
0.158906 0.248683 0.604627 1.47481e-38 3
0.17336 0.255591 0.621422 1.47481e-38 3
0.184868 0.257635 0.626394 1.44708e-38 3
0.194989 0.257635 0.626394 1.45626e-38 3
0.20511 0.257635 0.626394 1.447e-38 3
0.214373 0.256609 0.623898 1.57593e-38 3
0.225352 0.257635 0.626394 1.54817e-38 3
0.237371 0.259713 0.631445 1.44704e-38 3
0.245593 0.257635 0.626394 1.46559e-38 3
0.254695 0.256609 0.623898 1.41034e-38 3
0.264776 0.256609 0.623898 1.41963e-38 3
0.279308 0.260765 0.634002 1.43818e-38 3
0.289552 0.260765 0.634002 1.29056e-38 3
0.298586 0.259713 0.631445 1.31815e-38 3
0.307549 0.25867 0.628909 1.41956e-38 3
0.320283 0.260765 0.634002 1.45651e-38 3
0.330527 0.260765 0.634002 1.48428e-38 3
0.34496 0.263971 0.641797 1.39208e-38 3
0.365825 0.271767 0.660753 1.33677e-38 3
0.381328 0.275251 0.669224 1.29063e-38 3
0.388818 0.272919 0.663553 1.41049e-38 3
0.399539 0.272919 0.663553 1.33666e-38 3
0.393583 0.261825 0.636579 1.32751e-38 3
0.403869 0.261825 0.636579 1.2539e-38 3
0.405904 0.256609 0.623898 1.18007e-38 3
0.417649 0.257635 0.626394 1.19851e-38 3
0.42777 0.257635 0.626394 1.22617e-38 3
0.459969 0.270625 0.657977 1.18929e-38 3
0.480699 0.276433 0.672096 1.21695e-38 3
0.500144 0.281261 0.683836 1.20769e-38 3
0.508971 0.280038 0.680863 1.29056e-38 3
0.519972 0.280038 0.680863 1.26283e-38 3
0.54037 0.284995 0.692913 1.11521e-38 3
0.549136 0.283739 0.689861 1.16131e-38 3
0.562762 0.284995 0.692913 1.13358e-38 3
0.566438 0.281261 0.683836 1.15198e-38 3
0.572488 0.278826 0.677915 1.17953e-38 3
0.588536 0.281261 0.683836 1.14265e-38 3
0.579346 0.271767 0.660753 1.07822e-38 3
0.590022 0.271767 0.660753 1.09666e-38 3
0.56271 0.25458 0.618966 1.069e-38 3
0.570456 0.253578 0.616529 1.07811e-38 3
0.580417 0.253578 0.616529 1.1979e-38 3
0.602234 0.25867 0.628909 1.14276e-38 3
0.612395 0.25867 0.628909 1.10588e-38 3
-0.458519 0.230031 0.538139 8.11214e-39 3
-0.446753 0.228461 0.534466 9.49471e-39 3
-0.438118 0.228461 0.534466 8.47984e-39 3
-0.430953 0.229243 0.536296 9.58655e-39 3
-0.431147 0.234053 0.547547 9.40324e-39 3
-0.43135 0.239068 0.55928 9.31248e-39 3
-0.422313 0.239068 0.55928 9.95749e-39 3
-0.41625 0.240788 0.563304 1.04177e-38 3
-0.42234 0.249773 0.584322 9.40323e-39 3
-0.416004 0.251651 0.588716 1.07865e-38 3
-0.404969 0.250708 0.586511 1.01408e-38 3
-0.385389 0.244303 0.571527 9.12557e-39 3
-0.369413 0.239925 0.561285 1.00472e-38 3
-0.360344 0.239925 0.561285 1.12446e-38 3
-0.347538 0.237373 0.555314 1.0322e-38 3
-0.338566 0.237373 0.555314 1.15201e-38 3
-0.323852 0.233237 0.545639 1.2441e-38 3
-0.318363 0.235701 0.551403 1.20708e-38 3
-0.310548 0.236534 0.553351 1.27154e-38 3
-0.302676 0.237373 0.555314 1.3637e-38 3
-0.290612 0.234874 0.549468 1.38211e-38 3
-0.281734 0.234874 0.549468 1.38211e-38 3
-0.271902 0.234053 0.547547 1.41899e-38 3
-0.263978 0.234874 0.549468 1.40062e-38 3
-0.254208 0.234053 0.547547 1.25325e-38 3
-0.242814 0.231623 0.541863 1.36399e-38 3
-0.231655 0.229243 0.536296 1.24414e-38 3
-0.219235 0.225384 0.527267 1.13358e-38 3
-0.210009 0.224628 0.525498 1.17063e-38 3
-0.202197 0.225384 0.527267 1.20758e-38 3
-0.194332 0.226145 0.529049 1.18e-38 3
-0.186414 0.226912 0.530842 1.19854e-38 3
-0.186697 0.238217 0.55729 1.26301e-38 3
-0.180258 0.241657 0.565337 1.40116e-38 3
-0.171744 0.242533 0.567386 1.44726e-38 3
-0.160254 0.239068 0.55928 1.2445e-38 3
-0.150679 0.238217 0.55729 1.36421e-38 3
-0.142181 0.239068 0.55928 1.44718e-38 3
-0.131733 0.236534 0.553351 1.45637e-38 3
-0.121931 0.234874 0.549468 1.36417e-38 3
-0.112657 0.234053 0.547547 1.41023e-38 3
-0.10381 0.234053 0.547547 1.37339e-38 3
-0.0952967 0.234874 0.549468 1.33666e-38 3
-0.0861165 0.234053 0.547547 1.36439e-38 3
-0.0770003 0.233237 0.545639 1.51183e-38 3
-0.0677124 0.231623 0.541863 1.52098e-38 3
-0.0583515 0.229243 0.536296 1.46573e-38 3
-0.0496864 0.229243 0.536296 1.57637e-38 3
-0.0410212 0.229243 0.536296 1.50268e-38 3
-0.0323561 0.229243 0.536296 1.45647e-38 3
-0.0239368 0.231623 0.541863 1.53931e-38 3
-0.015341 0.234053 0.547547 1.46551e-38 3
-0.00656289 0.236534 0.553351 1.50257e-38 3
0.00258818 0.257458 0.602302 1.49339e-38 3
0.0334559 0.271008 0.634002 1.2907e-38 3
0.0440564 0.273221 0.639177 1.41052e-38 3
0.0541628 0.27211 0.636579 1.38279e-38 3
0.0639285 0.269916 0.631445 1.28138e-38 3
0.0741311 0.269916 0.631445 1.3552e-38 3
0.0850192 0.27211 0.636579 1.41059e-38 3
0.103901 0.267756 0.626394 1.48439e-38 3
0.112226 0.26354 0.616529 1.37371e-38 3
0.122188 0.26354 0.616529 1.48431e-38 3
0.130606 0.260463 0.609332 1.41974e-38 3
0.139367 0.258452 0.604627 1.35513e-38 3
0.149136 0.258452 0.604627 1.32744e-38 3
0.159521 0.259454 0.606971 1.35513e-38 3
0.17336 0.265631 0.621422 1.29985e-38 3
0.184868 0.267756 0.626394 1.35513e-38 3
0.194989 0.267756 0.626394 1.31829e-38 3
0.204293 0.26669 0.623898 1.42892e-38 3
0.213522 0.265631 0.621422 1.44729e-38 3
0.225352 0.267756 0.626394 1.34573e-38 3
0.235472 0.267756 0.626394 1.36428e-38 3
0.243644 0.265631 0.621422 1.42896e-38 3
0.252682 0.264581 0.618966 1.41059e-38 3
0.259605 0.261481 0.611713 1.38293e-38 3
0.273766 0.265631 0.621422 1.28163e-38 3
0.286077 0.267756 0.626394 1.34606e-38 3
0.296198 0.267756 0.626394 1.4013e-38 3
0.305098 0.26669 0.623898 1.34602e-38 3
0.31644 0.267756 0.626394 1.3368e-38 3
0.330527 0.271008 0.634002 1.33669e-38 3
0.343552 0.273221 0.639177 1.43807e-38 3
0.364288 0.281257 0.657977 1.43804e-38 3
0.376501 0.282443 0.660753 1.41949e-38 3
0.370004 0.269916 0.631445 1.32726e-38 3
0.366892 0.260463 0.609332 1.29964e-38 3
0.373503 0.251651 0.588716 1.25383e-38 3
0.383015 0.251651 0.588716 1.1801e-38 3
0.394008 0.2526 0.590937 1.15245e-38 3
0.408177 0.255493 0.597704 1.1617e-38 3
0.441422 0.269916 0.631445 1.17099e-38 3
0.476608 0.284847 0.666376 1.12493e-38 3
0.500144 0.29231 0.683836 1.13411e-38 3
0.506767 0.289779 0.677915 1.17089e-38 3
0.517721 0.289779 0.677915 1.13393e-38 3
0.533291 0.29231 0.683836 1.0878e-38 3
0.54434 0.29231 0.683836 9.95605e-39 3
0.552975 0.291039 0.680863 9.95498e-39 3
0.553325 0.28008 0.655223 1.07833e-38 3
0.563911 0.28008 0.655223 1.06915e-38 3
0.579346 0.282443 0.660753 1.10599e-38 3
0.557113 0.26669 0.623898 1.06911e-38 3
0.556115 0.261481 0.611713 9.86098e-39 3
0.559443 0.258452 0.604627 1.03209e-38 3
0.567023 0.257458 0.602302 9.58296e-39 3
0.578981 0.258452 0.604627 9.76843e-39 3
0.593332 0.260463 0.609332 9.67659e-39 3
-0.45384 0.23629 0.532648 1.01408e-38 3
-0.443725 0.235489 0.530842 8.94154e-39 3
-0.435148 0.235489 0.530842 9.12593e-39 3
-0.430953 0.237909 0.536296 8.48056e-39 3
-0.429645 0.242053 0.545639 9.40395e-39 3
-0.426777 0.245475 0.553351 9.68198e-39 3
-0.416365 0.24461 0.551403 9.95785e-39 3
-0.410345 0.246345 0.555314 1.03259e-38 3
-0.414446 0.260185 0.586511 9.21956e-39 3
-0.400469 0.257294 0.579994 8.94297e-39 3
-0.374456 0.246345 0.555314 1.04167e-38 3
-0.356631 0.240378 0.541863 1.26276e-38 3
-0.356511 0.246345 0.555314 1.2351e-38 3
-0.34388 0.243752 0.549468 1.22584e-38 3
-0.331513 0.241213 0.543745 1.1335e-38 3
-0.318306 0.237909 0.536296 1.22563e-38 3
-0.315035 0.242053 0.545639 1.27158e-38 3
-0.306219 0.242053 0.545639 1.35456e-38 3
-0.297403 0.242053 0.545639 1.41906e-38 3
-0.290612 0.243752 0.549468 1.31764e-38 3
-0.281734 0.243752 0.549468 1.29006e-38 3
-0.270955 0.242053 0.545639 1.40069e-38 3
-0.263055 0.2429 0.547547 1.21641e-38 3
-0.253323 0.242053 0.545639 1.08751e-38 3
-0.241977 0.239549 0.539995 1.06915e-38 3
-0.230864 0.237097 0.534466 1.11524e-38 3
-0.219235 0.233903 0.527267 1.22599e-38 3
-0.210009 0.233118 0.525498 1.17088e-38 3
-0.201518 0.233118 0.525498 1.23539e-38 3
-0.193028 0.233118 0.525498 1.2262e-38 3
-0.184537 0.233118 0.525498 1.21705e-38 3
-0.179664 0.237909 0.536296 1.23542e-38 3
-0.178327 0.248105 0.55928 1.41038e-38 3
-0.169291 0.248105 0.55928 1.3735e-38 3
-0.159117 0.246345 0.555314 1.29052e-38 3
-0.149614 0.245475 0.553351 1.32722e-38 3
-0.142181 0.248105 0.55928 1.4563e-38 3
-0.131269 0.24461 0.551403 1.43786e-38 3
-0.12066 0.241213 0.543745 1.32729e-38 3
-0.111875 0.241213 0.543745 1.40116e-38 3
-0.102733 0.240378 0.541863 1.33662e-38 3
-0.0939777 0.240378 0.541863 1.3551e-38 3
-0.0849287 0.239549 0.539995 1.44747e-38 3
-0.0759419 0.238726 0.538139 1.5396e-38 3
-0.066788 0.237097 0.534466 1.45662e-38 3
-0.0579546 0.23629 0.532648 1.28145e-38 3
-0.0493484 0.23629 0.532648 1.31833e-38 3
-0.032136 0.23629 0.532648 1.43804e-38 3
-0.0235298 0.23629 0.532648 1.41952e-38 3
-0.0149745 0.237097 0.534466 1.42864e-38 3
-0.00636061 0.237909 0.536296 1.45637e-38 3
0.033729 0.283548 0.639177 1.32758e-38 3
0.044237 0.28471 0.641797 1.40134e-38 3
0.0546068 0.28471 0.641797 1.34591e-38 3
0.0744312 0.281252 0.634002 1.33684e-38 3
0.084675 0.281252 0.634002 1.32765e-38 3
0.161398 0.272429 0.614111 1.29992e-38 3
0.174051 0.27677 0.623898 1.27226e-38 3
0.184868 0.277877 0.626394 1.33684e-38 3
0.194989 0.277877 0.626394 1.30918e-38 3
0.204293 0.27677 0.623898 1.32758e-38 3
0.211841 0.273501 0.616529 1.25383e-38 3
0.221803 0.273501 0.616529 1.26308e-38 3
0.23268 0.274582 0.618966 1.37372e-38 3
0.235243 0.266166 0.599994 1.40137e-38 3
0.244937 0.266166 0.599994 1.26308e-38 3
0.28813 0.270309 0.609332 1.29078e-38 3
0.297975 0.270309 0.609332 1.25401e-38 3
0.334591 0.28471 0.641797 1.23546e-38 3
0.34638 0.285882 0.644438 1.29996e-38 3
0.373709 0.299437 0.674993 1.31818e-38 3
0.378097 0.294361 0.663553 1.49321e-38 3
0.388818 0.294361 0.663553 1.5853e-38 3
0.359931 0.25825 0.58215 1.32722e-38 3
0.35997 0.2517 0.567386 1.23535e-38 3
0.369137 0.2517 0.567386 1.14323e-38 3
0.379681 0.252616 0.569449 1.16167e-38 3
0.384685 0.24989 0.563304 1.08805e-38 3
0.49797 0.30204 0.680863 1.00508e-38 3
0.506767 0.300733 0.677915 9.95749e-39 3
0.486193 0.255402 0.575729 8.48021e-39 3
0.499166 0.257294 0.579994 9.21777e-39 3
0.516185 0.261163 0.588716 9.49399e-39 3
0.537828 0.26719 0.602302 8.84862e-39 3
0.539263 0.263141 0.593176 9.58546e-39 3
0.548848 0.263141 0.593176 1.05067e-38 3
0.558432 0.263141 0.593176 9.58439e-39 3
0.568016 0.263141 0.593176 9.49256e-39 3
-0.434622 0.234526 0.510093 8.48056e-39 3
-0.42638 0.234526 0.510093 9.49399e-39 3
-0.420847 0.245732 0.534466 9.40395e-39 3
-0.413623 0.246574 0.536296 8.57599e-39 3
-0.406349 0.247421 0.538139 8.48235e-39 3
-0.396293 0.246574 0.536296 1.0049e-38 3
-0.35568 0.236841 0.515126 9.12664e-39 3
-0.348503 0.237622 0.516826 9.21704e-39 3
-0.340153 0.237622 0.516826 1.09673e-38 3
-0.3408 0.244066 0.530842 1.29949e-38 3
-0.329986 0.242423 0.527267 1.19804e-38 3
-0.324747 0.244896 0.532648 1.18875e-38 3
-0.312947 0.242423 0.527267 1.24407e-38 3
-0.307535 0.244896 0.532648 1.27162e-38 3
-0.303052 0.248274 0.539995 1.32693e-38 3
-0.289338 0.244066 0.530842 1.2624e-38 3
-0.28659 0.249133 0.541863 1.25318e-38 3
-0.277835 0.249133 0.541863 1.18871e-38 3
-0.268152 0.248274 0.539995 1.24414e-38 3
-0.261229 0.249998 0.543745 1.02301e-38 3
-0.249841 0.247421 0.538139 1.02326e-38 3
-0.238685 0.244896 0.532648 1.11539e-38 3
-0.212094 0.234526 0.510093 1.07865e-38 3
-0.203852 0.234526 0.510093 1.02344e-38 3
-0.195611 0.234526 0.510093 1.06021e-38 3
-0.187981 0.235293 0.51176 1.06951e-38 3
-0.179712 0.235293 0.51176 1.11571e-38 3
-0.176046 0.241609 0.525498 1.20783e-38 3
-0.170415 0.245732 0.534466 1.16156e-38 3
-0.166321 0.25263 0.549468 1.23528e-38 3
-0.157997 0.253519 0.551403 1.32737e-38 3
-0.149088 0.253519 0.551403 1.40105e-38 3
-0.143204 0.258991 0.563304 1.4102e-38 3
-0.119828 0.248274 0.539995 1.41935e-38 3
-0.100303 0.243242 0.529049 1.42882e-38 3
-0.0917552 0.243242 0.529049 1.3551e-38 3
-0.0834892 0.244066 0.530842 1.4474e-38 3
-0.0749122 0.244066 0.530842 1.34606e-38 3
-0.0663352 0.244066 0.530842 1.26308e-38 3
-0.0579546 0.244896 0.532648 1.24468e-38 3
-0.0493484 0.244896 0.532648 1.31843e-38 3
-0.0404669 0.243242 0.529049 1.48435e-38 3
-0.0319188 0.243242 0.529049 1.50257e-38 3
-0.02345 0.244066 0.530842 1.40116e-38 3
-0.0149235 0.244896 0.532648 1.38261e-38 3
0.00240331 0.257141 0.55928 1.45637e-38 3
0.184868 0.287998 0.626394 1.24464e-38 3
0.194989 0.287998 0.626394 1.26308e-38 3
0.203482 0.285712 0.621422 1.19854e-38 3
0.21101 0.282351 0.614111 1.19854e-38 3
0.22007 0.281248 0.611713 1.20776e-38 3
0.229954 0.281248 0.611713 1.2723e-38 3
0.233454 0.273762 0.595431 1.36453e-38 3
0.217898 0.236064 0.513437 1.19869e-38 3
0.230732 0.240801 0.523741 1.254e-38 3
0.259823 0.25263 0.549468 1.1894e-38 3
0.28153 0.256226 0.55729 1.24468e-38 3
0.361279 0.261816 0.569449 1.33666e-38 3
0.371832 0.262772 0.571527 1.27223e-38 3
0.383868 0.264704 0.575729 1.21698e-38 3
0.393171 0.264704 0.575729 1.13404e-38 3
0.453734 0.279068 0.606971 9.68199e-39 3
0.402672 0.242423 0.527267 9.58907e-39 3
0.411191 0.242423 0.527267 1.05114e-38 3
0.431329 0.249133 0.541863 1.00508e-38 3
0.4757 0.258991 0.563304 9.21957e-39 3
0.49009 0.261816 0.569449 8.48128e-39 3
0.510428 0.267656 0.58215 8.85006e-39 3
0.525697 0.270675 0.588716 8.29616e-39 3
0.531215 0.268655 0.584322 8.75678e-39 3
0.540656 0.268655 0.584322 9.2174e-39 3
0.552157 0.269661 0.586511 9.77022e-39 3
-0.423584 0.236602 0.497138 8.94154e-39 3
-0.415552 0.236602 0.497138 9.40359e-39 3
-0.40623 0.235854 0.495565 9.49579e-39 3
-0.39202 0.23218 0.487846 8.3898e-39 3
-0.384137 0.23218 0.487846 7.65296e-39 3
-0.376255 0.23218 0.487846 6.6388e-39 3
-0.34656 0.238877 0.501918 9.49399e-39 3
-0.33845 0.238877 0.501918 1.00461e-38 3
-0.330341 0.238877 0.501918 1.13357e-38 3
-0.315131 0.239645 0.503532 1.23485e-38 3
-0.310995 0.242768 0.510093 1.31786e-38 3
-0.280761 0.252643 0.530842 1.14265e-38 3
-0.256771 0.254368 0.534466 1.12457e-38 3
-0.234694 0.249263 0.523741 9.67982e-39 3
-0.220336 0.242768 0.510093 9.40324e-39 3
-0.208695 0.238877 0.501918 8.02102e-39 3
-0.200586 0.238877 0.501918 1.01426e-38 3
-0.192476 0.238877 0.501918 1.02337e-38 3
-0.184366 0.238877 0.501918 9.95749e-39 3
-0.177394 0.240418 0.505156 1.0143e-38 3
-0.171444 0.243561 0.51176 1.06954e-38 3
-0.165886 0.247607 0.520261 1.11557e-38 3
-0.161779 0.254368 0.534466 1.36435e-38 3
-0.153144 0.254368 0.534466 1.26286e-38 3
-0.144508 0.254368 0.534466 1.31818e-38 3
-0.140178 0.262429 0.551403 1.41027e-38 3
-0.10792 0.231459 0.48633 1.53005e-38 3
-0.102286 0.236602 0.497138 1.46559e-38 3
-0.0936586 0.23511 0.494001 1.3274e-38 3
-0.0862208 0.236602 0.497138 1.3551e-38 3
-0.0820977 0.248432 0.521995 1.42896e-38 3
-0.057563 0.25179 0.529049 1.29081e-38 3
-0.0490149 0.25179 0.529049 1.36457e-38 3
-0.039402 0.245164 0.515126 1.41981e-38 3
-0.0221014 0.238114 0.500314 1.53945e-38 3
-0.013973 0.237356 0.498721 1.51179e-38 3
-0.00587752 0.235854 0.495565 1.49321e-38 3
0.00211613 0.23437 0.492448 1.40105e-38 3
0.0181436 0.235854 0.495565 1.31825e-38 3
0.0425689 0.238114 0.500314 1.1984e-38 3
0.0506526 0.238114 0.500314 1.2446e-38 3
0.0585494 0.237356 0.498721 1.28152e-38 3
0.0832538 0.238877 0.501918 1.48453e-38 3
0.0899224 0.23511 0.494001 1.38311e-38 3
0.194989 0.298119 0.626394 1.24464e-38 3
0.204293 0.296931 0.623898 1.18932e-38 3
0.21101 0.292273 0.614111 1.20776e-38 3
0.219214 0.289999 0.609332 1.25386e-38 3
0.228171 0.288875 0.606971 1.2723e-38 3
0.205558 0.239645 0.503532 1.30918e-38 3
0.212328 0.238114 0.500314 1.21705e-38 3
0.22472 0.242768 0.510093 1.26315e-38 3
0.232962 0.242768 0.510093 1.22627e-38 3
0.254465 0.256116 0.538139 1.16174e-38 3
0.290075 0.28231 0.593176 1.19858e-38 3
0.274687 0.258784 0.543745 1.28156e-38 3
0.28055 0.256116 0.538139 1.19862e-38 3
0.40132 0.2501 0.525498 1.06036e-38 3
0.408441 0.249263 0.523741 1.02348e-38 3
0.42544 0.254368 0.534466 1.05117e-38 3
0.438566 0.256999 0.539995 9.68091e-39 3
0.451967 0.259686 0.545639 8.39017e-39 3
0.464016 0.261508 0.549468 9.0359e-39 3
0.477925 0.26429 0.555314 1.0049e-38 3
0.490375 0.266178 0.55928 1.04174e-38 3
0.508492 0.271017 0.569449 8.9419e-39 3
0.517693 0.271017 0.569449 8.66495e-39 3
0.532705 0.274006 0.575729 9.12629e-39 3
-0.414376 0.239317 0.48633 9.58798e-39 3
-0.406518 0.239317 0.48633 9.12736e-39 3
-0.39866 0.239317 0.48633 7.92882e-39 3
-0.384827 0.235657 0.478894 7.92918e-39 3
-0.372532 0.23281 0.473107 8.29832e-39 3
-0.355229 0.226647 0.460584 9.127e-39 3
-0.342747 0.223362 0.453908 1.00486e-38 3
-0.33348 0.222075 0.451292 1.02308e-38 3
-0.323392 0.220171 0.447424 1.05993e-38 3
-0.316163 0.220171 0.447424 1.00468e-38 3
-0.322082 0.240812 0.48937 1.27176e-38 3
-0.324523 0.255165 0.518538 1.28094e-38 3
-0.219341 0.224665 0.456555 1.14315e-38 3
-0.211964 0.224665 0.456555 1.06029e-38 3
-0.206392 0.226647 0.460584 8.66675e-39 3
-0.209422 0.238576 0.484825 8.29796e-39 3
-0.201588 0.238576 0.484825 8.48271e-39 3
-0.196184 0.241567 0.490904 1.22631e-38 3
-0.187664 0.240812 0.48937 1.06029e-38 3
-0.181458 0.243091 0.494001 1.07883e-38 3
-0.175693 0.246198 0.500314 1.1711e-38 3
-0.168687 0.247781 0.503532 1.13419e-38 3
-0.160552 0.247781 0.503532 1.22627e-38 3
-0.141104 0.242327 0.492448 1.14319e-38 3
-0.138232 0.267569 0.543745 1.41045e-38 3
-0.0991384 0.237108 0.481841 1.34584e-38 3
-0.0913531 0.237108 0.481841 1.33669e-38 3
-0.0828035 0.234939 0.477434 1.36439e-38 3
-0.0535806 0.242327 0.492448 1.24478e-38 3
-0.036856 0.237108 0.481841 1.41063e-38 3
-0.0291604 0.237839 0.483328 1.52123e-38 3
-0.0213511 0.237839 0.483328 1.49353e-38 3
-0.0135417 0.237839 0.483328 1.41045e-38 3
-0.00564528 0.234225 0.475983 1.41038e-38 3
0.0178055 0.239317 0.48633 1.27219e-38 3
0.0337307 0.240812 0.48937 1.18925e-38 3
0.0418995 0.242327 0.492448 1.29059e-38 3
0.0500135 0.243091 0.494001 1.45651e-38 3
0.0576317 0.241567 0.490904 1.39205e-38 3
0.0657696 0.242327 0.492448 1.34606e-38 3
0.0739588 0.243091 0.494001 1.35535e-38 3
0.081683 0.242327 0.492448 1.37382e-38 3
0.0879796 0.237839 0.483328 1.36464e-38 3
0.0943332 0.234225 0.475983 1.33694e-38 3
0.102024 0.234225 0.475983 1.40144e-38 3
0.110049 0.234939 0.477434 1.25393e-38 3
0.117049 0.233515 0.474541 1.24471e-38 3
0.124717 0.233515 0.474541 1.39223e-38 3
0.132384 0.233515 0.474541 1.30925e-38 3
0.142206 0.237108 0.481841 1.29999e-38 3
0.149991 0.237108 0.481841 1.25393e-38 3
0.156334 0.234939 0.477434 1.15252e-38 3
0.166587 0.238576 0.484825 1.19858e-38 3
0.176608 0.241567 0.490904 1.21698e-38 3
0.184539 0.241567 0.490904 1.2446e-38 3
0.193077 0.242327 0.492448 1.18929e-38 3
0.204245 0.246198 0.500314 1.28148e-38 3
0.211652 0.245414 0.498721 1.34602e-38 3
0.22183 0.247781 0.503532 1.28152e-38 3
0.229965 0.247781 0.503532 1.26308e-38 3
0.250167 0.260338 0.529049 1.31843e-38 3
0.40132 0.25859 0.525498 9.68235e-39 3
0.404383 0.255165 0.518538 9.86602e-39 3
0.421128 0.260338 0.529049 1.02352e-38 3
0.431133 0.26122 0.530842 1.04185e-38 3
0.444227 0.263904 0.536296 8.94334e-39 3
0.457594 0.266643 0.541863 8.02139e-39 3
0.471241 0.26944 0.547547 8.66675e-39 3
0.485177 0.272297 0.553351 8.75895e-39 3
0.503005 0.277194 0.563304 1.02341e-38 3
0.512106 0.277194 0.563304 8.75895e-39 3
0.530754 0.282271 0.573621 9.31176e-39 3
-0.397869 0.241915 0.475983 8.02066e-39 3
-0.390178 0.241915 0.475983 8.38944e-39 3
-0.376761 0.238294 0.468858 8.48163e-39 3
-0.364817 0.235474 0.463309 8.38944e-39 3
-0.351098 0.231367 0.455228 1.02323e-38 3
-0.341756 0.230029 0.452597 1.00475e-38 3
-0.332521 0.228707 0.449995 1.06911e-38 3
-0.320644 0.225468 0.443622 1.10595e-38 3
-0.314366 0.226108 0.444882 1.2351e-38 3
-0.304582 0.224198 0.441122 1.38254e-38 3
-0.294962 0.222319 0.437426 1.3547e-38 3
-0.291148 0.224831 0.442368 1.40073e-38 3
-0.280827 0.222319 0.437426 1.27162e-38 3
-0.270469 0.225468 0.443622 1.20722e-38 3
-0.263301 0.225468 0.443622 1.14279e-38 3
-0.252543 0.228707 0.449995 1.13361e-38 3
-0.245979 0.229367 0.451292 1.07829e-38 3
-0.240071 0.230696 0.453908 1.17049e-38 3
-0.233414 0.231367 0.455228 1.00472e-38 3
-0.225403 0.230696 0.453908 1.01408e-38 3
-0.218069 0.230696 0.453908 9.86493e-39 3
-0.210735 0.230696 0.453908 9.49687e-39 3
-0.203992 0.231367 0.455228 9.03589e-39 3
-0.197787 0.23272 0.45789 1.005e-38 3
-0.195534 0.23901 0.470266 1.06036e-38 3
-0.189645 0.241182 0.474541 1.20787e-38 3
-0.181977 0.241182 0.474541 1.15255e-38 3
-0.173783 0.240454 0.473107 1.20794e-38 3
-0.167149 0.241915 0.475983 1.20798e-38 3
-0.159458 0.241915 0.475983 1.10649e-38 3
-0.145999 0.23272 0.45789 1.00508e-38 3
-0.13582 0.228052 0.448706 1.08805e-38 3
-0.128571 0.228052 0.448706 1.19862e-38 3
-0.114071 0.228052 0.448706 1.26301e-38 3
-0.107128 0.228707 0.449995 1.21684e-38 3
-0.099857 0.228707 0.449995 1.2813e-38 3
-0.0933913 0.230696 0.453908 1.40116e-38 3
-0.0868122 0.23272 0.45789 1.36435e-38 3
-0.0810733 0.237583 0.467458 1.22613e-38 3
-0.0519471 0.242653 0.477434 1.25408e-38 3
-0.0437001 0.239729 0.471682 1.33702e-38 3
-0.0359706 0.23901 0.470266 1.40145e-38 3
-0.0283723 0.23901 0.470266 1.30925e-38 3
-0.020774 0.23901 0.470266 1.35528e-38 3
-0.0132154 0.239729 0.471682 1.31836e-38 3
-0.00547875 0.234779 0.461942 1.42885e-38 3
0.0411236 0.245649 0.483328 1.29978e-38 3
0.0490844 0.246409 0.484825 1.34577e-38 3
0.056918 0.246409 0.484825 1.45651e-38 3
0.0649526 0.247175 0.48633 1.41963e-38 3
0.0732655 0.248719 0.48937 1.29063e-38 3
0.0811724 0.248719 0.48937 1.26304e-38 3
0.0879796 0.245649 0.483328 1.37375e-38 3
0.101715 0.241182 0.474541 1.37382e-38 3
0.109382 0.241182 0.474541 1.34613e-38 3
0.116344 0.239729 0.471682 1.31847e-38 3
0.123965 0.239729 0.471682 1.28159e-38 3
0.131587 0.239729 0.471682 1.26315e-38 3
0.140905 0.242653 0.477434 1.19861e-38 3
0.14862 0.242653 0.477434 1.29081e-38 3
0.155858 0.241915 0.475983 1.29092e-38 3
0.164549 0.243395 0.478894 1.24471e-38 3
0.173347 0.244893 0.481841 1.25386e-38 3
0.181133 0.244893 0.481841 1.37368e-38 3
0.18719 0.242653 0.477434 1.50264e-38 3
0.1961 0.244142 0.480363 1.37357e-38 3
0.206394 0.247175 0.48633 1.39212e-38 3
0.434076 0.271639 0.534466 9.95749e-39 3
0.444227 0.272569 0.536296 9.95749e-39 3
0.452893 0.272569 0.536296 9.31212e-39 3
0.461558 0.272569 0.536296 9.49759e-39 3
0.470223 0.272569 0.536296 9.86638e-39 3
0.49065 0.279264 0.549468 9.22101e-39 3
0.503058 0.281237 0.553351 9.58979e-39 3
-0.401895 0.247351 0.471682 8.20541e-39 3
-0.390743 0.245136 0.467458 8.20541e-39 3
-0.377555 0.241531 0.460584 8.66602e-39 3
-0.367948 0.240118 0.45789 9.5869e-39 3
-0.358454 0.238722 0.455228 9.40251e-39 3
-0.348063 0.236658 0.451292 1.00472e-38 3
-0.33785 0.23463 0.447424 1.17052e-38 3
-0.331569 0.235302 0.448706 1.11517e-38 3
-0.320644 0.232636 0.443622 1.11517e-38 3
-0.313476 0.232636 0.443622 1.23506e-38 3
-0.302876 0.230029 0.438651 1.23499e-38 3
-0.293324 0.228112 0.434996 1.34541e-38 3
-0.287895 0.229387 0.437426 1.32693e-38 3
-0.277724 0.226852 0.432592 1.29938e-38 3
-0.268509 0.224987 0.429037 1.18878e-38 3
-0.263745 0.226852 0.432592 1.15201e-38 3
-0.256755 0.226852 0.432592 1.10599e-38 3
-0.250458 0.22748 0.433791 1.11524e-38 3
-0.244805 0.228748 0.436207 1.12457e-38 3
-0.239089 0.230029 0.438651 1.19833e-38 3
-0.237319 0.235302 0.448706 1.11542e-38 3
-0.23007 0.235302 0.448706 1.06943e-38 3
-0.22282 0.235302 0.448706 1.05099e-38 3
-0.216189 0.235978 0.449995 9.68054e-39 3
-0.20952 0.236658 0.451292 9.77346e-39 3
-0.202229 0.236658 0.451292 1.06965e-38 3
-0.194937 0.236658 0.451292 1.03266e-38 3
-0.189282 0.238722 0.455228 9.9582e-39 3
-0.18299 0.240118 0.45789 1.01437e-38 3
-0.176107 0.240822 0.459233 1.19879e-38 3
-0.168194 0.240118 0.45789 1.10653e-38 3
-0.161267 0.240822 0.459233 1.06047e-38 3
-0.154299 0.241531 0.460584 1.0605e-38 3
-0.132406 0.229387 0.437426 1.18025e-38 3
-0.125338 0.229387 0.437426 1.254e-38 3
-0.118271 0.229387 0.437426 1.24471e-38 3
-0.111514 0.230029 0.438651 1.13401e-38 3
-0.10561 0.232636 0.443622 1.1984e-38 3
-0.0984426 0.232636 0.443622 1.2813e-38 3
-0.0917949 0.233961 0.446149 1.1984e-38 3
-0.0845862 0.233961 0.446149 1.15245e-38 3
-0.0782696 0.236658 0.451292 1.24464e-38 3
-0.071183 0.237342 0.452597 1.24471e-38 3
-0.0495309 0.238722 0.455228 1.25393e-38 3
-0.0424223 0.240118 0.45789 1.34613e-38 3
-0.0349219 0.239418 0.456555 1.4291e-38 3
-0.0273063 0.237342 0.452597 1.28152e-38 3
-0.019765 0.23463 0.447424 1.28159e-38 3
-0.0126078 0.235978 0.449995 1.3645e-38 3
-0.00527641 0.233297 0.444882 1.40126e-38 3
0.00191173 0.233297 0.444882 1.45651e-38 3
0.0314689 0.239418 0.456555 1.34595e-38 3
0.039304 0.242243 0.461942 1.40123e-38 3
0.0480433 0.24885 0.474541 1.40119e-38 3
0.072585 0.254243 0.484825 1.40123e-38 3
0.0801703 0.253458 0.483328 1.37361e-38 3
0.0874399 0.251903 0.480363 1.36449e-38 3
0.0940474 0.24885 0.474541 1.21705e-38 3
0.101407 0.248098 0.473107 1.27233e-38 3
0.109052 0.248098 0.473107 1.30929e-38 3
0.115995 0.246608 0.470266 1.34613e-38 3
0.123593 0.246608 0.470266 1.31847e-38 3
0.130799 0.24587 0.468858 1.29088e-38 3
0.140051 0.24885 0.474541 1.28166e-38 3
0.147719 0.24885 0.474541 1.29099e-38 3
0.155386 0.24885 0.474541 1.34613e-38 3
0.163549 0.249606 0.475983 1.29077e-38 3
0.172287 0.251133 0.478894 1.2907e-38 3
0.180577 0.251903 0.480363 1.29981e-38 3
0.177452 0.237342 0.452597 1.41041e-38 3
0.191105 0.22748 0.433791 1.41045e-38 3
0.198665 0.228112 0.434996 1.34595e-38 3
0.206842 0.229387 0.437426 1.32758e-38 3
0.24914 0.235978 0.449995 1.17103e-38 3
0.269094 0.240822 0.459233 1.07876e-38 3
0.291354 0.240822 0.459233 1.06979e-38 3
0.2979 0.240118 0.45789 1.04195e-38 3
-0.399488 0.253445 0.468858 8.11285e-39 3
-0.38958 0.251936 0.466067 9.31031e-39 3
-0.378668 0.249707 0.461942 8.94153e-39 3
-0.367948 0.247516 0.45789 8.94117e-39 3
-0.358454 0.246077 0.455228 9.86313e-39 3
-0.348063 0.24395 0.451292 9.95425e-39 3
-0.33785 0.241859 0.447424 1.09673e-38 3
-0.330621 0.241859 0.447424 1.11517e-38 3
-0.317942 0.237783 0.439883 1.04141e-38 3
-0.308237 0.235796 0.436207 1.16138e-38 3
-0.298693 0.233842 0.432592 1.28112e-38 3
-0.288515 0.231286 0.427865 1.29942e-38 3
-0.281602 0.231286 0.427865 1.25328e-38 3
-0.270258 0.227555 0.420963 1.20722e-38 3
-0.262048 0.226339 0.418712 1.17967e-38 3
-0.255967 0.226945 0.419835 1.06911e-38 3
-0.248517 0.226339 0.418712 1.08758e-38 3
-0.2424 0.226945 0.419835 1.04159e-38 3
-0.237527 0.228786 0.423239 9.95497e-39 3
-0.235137 0.233197 0.431401 1.02323e-38 3
-0.230709 0.235796 0.436207 1.0878e-38 3
-0.223661 0.235796 0.436207 9.127e-39 3
-0.216613 0.235796 0.436207 9.86493e-39 3
-0.212525 0.239126 0.442368 9.40467e-39 3
-0.206544 0.240485 0.444882 9.95892e-39 3
-0.199356 0.240485 0.444882 1.04199e-38 3
-0.191624 0.239804 0.443622 1.0511e-38 3
-0.18498 0.240485 0.444882 1.02348e-38 3
-0.179835 0.243249 0.449995 1.05132e-38 3
-0.16964 0.239126 0.442368 1.14348e-38 3
-0.162492 0.239126 0.442368 1.00511e-38 3
-0.152332 0.234489 0.433791 1.06047e-38 3
-0.144523 0.233197 0.431401 1.18036e-38 3
-0.136799 0.23192 0.429037 1.05128e-38 3
-0.129867 0.23192 0.429037 1.18954e-38 3
-0.124297 0.234489 0.433791 1.08805e-38 3
-0.117288 0.234489 0.433791 1.14337e-38 3
-0.110585 0.235141 0.434996 1.08798e-38 3
-0.104135 0.236454 0.437426 1.27226e-38 3
-0.0973396 0.237117 0.438651 1.30903e-38 3
-0.0912748 0.239804 0.443622 1.18007e-38 3
-0.0838694 0.239126 0.442368 1.12486e-38 3
-0.0778211 0.242552 0.448706 1.24471e-38 3
-0.0705711 0.242552 0.448706 1.26315e-38 3
-0.0631403 0.241859 0.447424 1.27237e-38 3
-0.0560713 0.242552 0.448706 1.30921e-38 3
-0.0491027 0.24395 0.451292 1.26315e-38 3
-0.041811 0.24395 0.451292 1.29081e-38 3
-0.0346191 0.244655 0.452597 1.40141e-38 3
-0.0266892 0.239126 0.442368 1.33691e-38 3
-0.0191627 0.234489 0.433791 1.24482e-38 3
-0.0122556 0.236454 0.437426 1.25397e-38 3
-0.00517353 0.235796 0.436207 1.36446e-38 3
0.00187445 0.235796 0.436207 1.40119e-38 3
0.00897242 0.237117 0.438651 1.44733e-38 3
0.0160599 0.237117 0.438651 1.44747e-38 3
0.0231473 0.237117 0.438651 1.53974e-38 3
0.0302348 0.237117 0.438651 1.50279e-38 3
0.037218 0.236454 0.437426 1.47502e-38 3
0.0494207 0.227555 0.420963 1.40123e-38 3
0.0554767 0.224538 0.41538 1.35499e-38 3
0.0843355 0.250446 0.463309 1.32747e-38 3
0.0912813 0.248972 0.460584 1.21687e-38 3
0.0990143 0.249707 0.461942 1.23542e-38 3
0.106793 0.250446 0.463309 1.28155e-38 3
0.114279 0.250446 0.463309 1.22627e-38 3
0.122126 0.251189 0.464684 1.21705e-38 3
0.129251 0.250446 0.463309 1.27237e-38 3
0.137551 0.251936 0.466067 1.29088e-38 3
0.145081 0.251936 0.466067 1.3278e-38 3
0.152159 0.251189 0.464684 1.30925e-38 3
0.160142 0.251936 0.466067 1.24468e-38 3
0.168676 0.253445 0.468858 1.30914e-38 3
0.169161 0.243249 0.449995 1.31825e-38 3
0.176598 0.233842 0.432592 1.48406e-38 3
0.183588 0.233842 0.432592 1.46562e-38 3
0.190052 0.233197 0.431401 1.41945e-38 3
0.197567 0.233842 0.432592 1.41952e-38 3
0.205123 0.234489 0.433791 1.34588e-38 3
0.212132 0.234489 0.433791 1.2907e-38 3
0.21975 0.235141 0.434996 1.29077e-38 3
0.226778 0.235141 0.434996 1.16184e-38 3
0.249248 0.236454 0.437426 1.09727e-38 3
0.257034 0.237117 0.438651 1.15252e-38 3
0.271733 0.24395 0.451292 1.06039e-38 3
0.279831 0.244655 0.452597 1.10649e-38 3
0.289655 0.246795 0.456555 1.18954e-38 3
0.297032 0.246795 0.456555 1.22638e-38 3
-0.398295 0.260241 0.467458 9.58654e-39 3
-0.38958 0.259467 0.466067 9.31031e-39 3
-0.376447 0.255662 0.459233 9.21704e-39 3
-0.357495 0.247673 0.444882 9.86205e-39 3
-0.353318 0.249802 0.448706 9.76949e-39 3
-0.34118 0.246274 0.442368 9.95388e-39 3
-0.329381 0.242844 0.436207 1.08751e-38 3
-0.322333 0.242844 0.436207 1.17049e-38 3
-0.31181 0.240168 0.431401 1.15212e-38 3
-0.299883 0.236262 0.424386 1.13372e-38 3
-0.290663 0.234357 0.420963 1.13368e-38 3
-0.280842 0.231864 0.416485 1.29031e-38 3
-0.274112 0.231864 0.416485 1.19818e-38 3
-0.267383 0.231864 0.416485 1.12443e-38 3
-0.260654 0.231864 0.416485 1.17974e-38 3
-0.254602 0.232482 0.417596 1.16134e-38 3
-0.247854 0.232482 0.417596 1.16145e-38 3
-0.241752 0.233104 0.418712 1.06933e-38 3
-0.235616 0.233729 0.419835 1.01412e-38 3
-0.231314 0.236262 0.424386 1.06021e-38 3
-0.228797 0.240831 0.432592 1.15244e-38 3
-0.221807 0.240831 0.432592 1.05107e-38 3
-0.215413 0.241498 0.433791 1.01419e-38 3
-0.21015 0.243522 0.437426 9.49759e-39 3
-0.203652 0.244204 0.438651 9.03732e-39 3
-0.197116 0.24489 0.439883 9.49794e-39 3
-0.189477 0.244204 0.438651 1.02355e-38 3
-0.181373 0.242844 0.436207 1.05124e-38 3
-0.173841 0.242169 0.434996 1.11596e-38 3
-0.165891 0.240831 0.432592 1.11593e-38 3
-0.158463 0.240168 0.431401 9.96036e-39 3
-0.14903 0.236262 0.424386 1.10656e-38 3
-0.140648 0.233729 0.419835 1.125e-38 3
-0.133151 0.232482 0.417596 1.03284e-38 3
-0.126404 0.232482 0.417596 1.0789e-38 3
-0.116642 0.240168 0.431401 1.19872e-38 3
-0.110279 0.241498 0.433791 1.1895e-38 3
-0.103557 0.242169 0.434996 1.29077e-38 3
-0.0967973 0.242844 0.436207 1.24464e-38 3
-0.0902521 0.244204 0.438651 1.20783e-38 3
-0.0833982 0.24489 0.439883 1.29088e-38 3
-0.0769392 0.246971 0.443622 1.30929e-38 3
-0.0697714 0.246971 0.443622 1.29085e-38 3
-0.0627815 0.247673 0.444882 1.26308e-38 3
-0.0559111 0.249088 0.447424 1.32758e-38 3
-0.0491027 0.251242 0.451292 1.29074e-38 3
-0.0412171 0.247673 0.444882 1.2539e-38 3
-0.0191627 0.241498 0.433791 1.22645e-38 3
-0.0122556 0.243522 0.437426 1.30936e-38 3
-0.00517353 0.242844 0.436207 1.37375e-38 3
0.00187445 0.242844 0.436207 1.44736e-38 3
0.00897242 0.244204 0.438651 1.56722e-38 3
0.016015 0.243522 0.437426 1.52123e-38 3
0.0230827 0.243522 0.437426 1.34613e-38 3
0.0300664 0.242844 0.436207 1.42914e-38 3
0.0416123 0.228821 0.411019 1.42892e-38 3
0.048127 0.228222 0.409943 1.40116e-38 3
0.0546076 0.227626 0.408873 1.44733e-38 3
0.0615353 0.228821 0.411019 1.38275e-38 3
0.0676437 0.227033 0.407808 1.43803e-38 3
0.0746215 0.228222 0.409943 1.41041e-38 3
0.0814583 0.228821 0.411019 1.31825e-38 3
0.0981458 0.254915 0.45789 1.29063e-38 3
0.105544 0.254915 0.45789 1.2078e-38 3
0.112942 0.254915 0.45789 1.20787e-38 3
0.121049 0.256414 0.460584 1.26312e-38 3
0.127739 0.254915 0.45789 1.24471e-38 3
0.135137 0.254915 0.45789 1.27237e-38 3
0.14212 0.254172 0.456555 1.23553e-38 3
0.149062 0.253433 0.455228 1.35538e-38 3
0.155513 0.251968 0.452597 1.32765e-38 3
0.162357 0.251242 0.451292 1.32754e-38 3
0.167755 0.238199 0.427865 1.42889e-38 3
0.174668 0.238199 0.427865 1.49339e-38 3
0.182079 0.238852 0.429037 1.55782e-38 3
0.18953 0.239508 0.430215 1.58544e-38 3
0.197023 0.240168 0.431401 1.47484e-38 3
0.204556 0.240831 0.432592 1.45647e-38 3
0.211546 0.240831 0.432592 1.40126e-38 3
0.219141 0.241498 0.433791 1.27226e-38 3
0.226778 0.242169 0.434996 1.30003e-38 3
0.239504 0.240831 0.432592 1.18028e-38 3
0.246494 0.240831 0.432592 1.125e-38 3
0.254186 0.241498 0.433791 1.13415e-38 3
0.26265 0.242844 0.436207 1.15259e-38 3
0.268949 0.242169 0.434996 1.11571e-38 3
0.278296 0.244204 0.438651 1.10649e-38 3
0.289437 0.247673 0.444882 1.19876e-38 3
