# .PCD v0.7 - Point Cloud Data file format
VERSION 0.7
FIELDS x y z rgb label
SIZE 4 4 4 4 4
TYPE F F F F U
COUNT 1 1 1 1 1
WIDTH 2705
HEIGHT 1
VIEWPOINT 0 0 0 1 0 0 0
POINTS 2705
DATA ascii
-1.47782 -0.0149675 1.70216 2.02867e-39 3
-1.45032 -0.0149675 1.70216 2.58112e-39 3
-1.55832 -0.016393 1.86427 2.12015e-39 3
-1.73471 -0.0186082 2.11619 3.31869e-39 3
-2.02965 -0.0222098 2.52578 3.41124e-39 3
-2.37131 -0.026481 3.01151 2.94954e-39 3
-3.01945 -0.0344253 3.91496 2.76552e-39 3
-3.5371 -0.0430316 4.8937 3.68711e-39 3
-3.45803 -0.0430316 4.8937 3.4098e-39 3
-0.179 -0.00765006 0.869991 2.7648e-39 3
-3.91721 0.0320337 4.34996 2.94991e-39 3
-1.53877 0.0128135 1.73998 2.85771e-39 3
-1.47782 0.0125349 1.70216 2.67404e-39 3
-1.41946 0.0122682 1.66594 2.95063e-39 3
-1.55832 0.0137287 1.86427 2.48965e-39 3
-3.56579 0.0320337 4.34996 2.39745e-39 3
-3.49551 0.0320337 4.34996 2.95062e-39 3
-3.0827 0.0288304 3.91496 2.95062e-39 3
-3.01945 0.0288304 3.91496 3.50308e-39 3
-2.95619 0.0288304 3.91496 2.76552e-39 3
-3.21437 0.0320337 4.34996 2.76552e-39 3
-3.32904 0.0339181 4.60584 2.94991e-39 3
-3.45803 0.036038 4.8937 2.95026e-39 3
-0.164943 0.00640675 0.869991 3.87079e-39 3
-0.147606 0.00626747 0.851078 3.13358e-39 3
-0.116311 0.00606955 0.824202 3.31941e-39 3
-0.102994 0.00606955 0.824202 3.41017e-39 3
-0.425966 0.0288304 3.91496 3.22613e-39 3
-4.40686 0.115107 4.8937 2.39673e-39 3
-3.84693 0.102318 4.34996 4.05625e-39 3
-3.77664 0.102318 4.34996 3.87258e-39 3
-4.09059 0.115107 4.8937 2.21306e-39 3
-4.01152 0.115107 4.8937 3.4116e-39 3
-3.49551 0.102318 4.34996 3.13501e-39 3
-3.24495 0.0969326 4.12101 2.85843e-39 3
-3.01945 0.092086 3.91496 3.5038e-39 3
-2.95619 0.092086 3.91496 3.04246e-39 3
-2.89294 0.092086 3.91496 3.96478e-39 3
-3.32904 0.108336 4.60584 3.5038e-39 3
-3.25462 0.108336 4.60584 3.31905e-39 3
-0.489222 0.092086 3.91496 4.79382e-39 3
-4.3278 0.194177 4.8937 3.04246e-39 3
-3.77555 0.182755 4.60584 3.0439e-39 3
-3.31153 0.163517 4.12101 3.50488e-39 3
-2.93591 0.147944 3.72853 3.22829e-39 3
-2.41556 0.124273 3.13197 3.13538e-39 3
-2.18977 0.115068 2.89997 3.78003e-39 3
-2.89294 0.155342 3.91496 3.87258e-39 3
-3.25462 0.182755 4.60584 4.14881e-39 3
-0.695004 0.124273 3.13197 4.51759e-39 3
-0.6444 0.124273 3.13197 4.79417e-39 3
-0.489222 0.155342 3.91496 3.96441e-39 3
-0.31553 0.115068 2.89997 3.78002e-39 3
-0.362711 0.155342 3.91496 3.78039e-39 3
0.336466 0.0327035 0.824202 2.58148e-39 3
0.349783 0.0327035 0.824202 1.84391e-39 3
-4.01152 0.273247 4.8937 3.87258e-39 3
-3.31153 0.230102 4.12101 4.51795e-39 3
-2.37131 0.168152 3.01151 4.70234e-39 3
-1.94803 0.14103 2.52578 4.79418e-39 3
-1.90722 0.14103 2.52578 4.33356e-39 3
-2.82968 0.218597 3.91496 3.87222e-39 3
-1.24532 0.257173 4.60584 4.24279e-39 3
-1.04765 0.230102 4.12101 5.71613e-39 3
-0.810444 0.190085 3.40431 6.2693e-39 3
-0.695004 0.174878 3.13197 6.82247e-39 3
-0.575357 0.156141 2.7964 5.53173e-39 3
-0.478867 0.14103 2.52578 5.25515e-39 3
-0.384833 0.136623 2.44685 7.92954e-39 3
-0.324987 0.128587 2.30292 7.37709e-39 3
-0.287778 0.128587 2.30292 4.79417e-39 3
-0.31553 0.161924 2.89997 6.45441e-39 3
0.482377 0.0533164 0.954868 2.8577e-39 3
0.497806 0.0533164 0.954868 3.41052e-39 3
-3.62671 0.331592 4.60584 4.33356e-39 3
-1.94803 0.181841 2.52578 3.68819e-39 3
-1.90722 0.181841 2.52578 4.05697e-39 3
-1.86641 0.181841 2.52578 4.24136e-39 3
-3.22082 0.352316 4.8937 4.33356e-39 3
-3.14175 0.352316 4.8937 5.34807e-39 3
-1.24532 0.331592 4.60584 7.19269e-39 3
-1.10585 0.31317 4.34996 7.19198e-39 3
-0.810444 0.245089 3.40431 7.74515e-39 3
-0.668274 0.21681 3.01151 7.19161e-39 3
-0.555517 0.194381 2.69997 7.28345e-39 3
-0.463903 0.176158 2.44685 8.11321e-39 3
-0.424368 0.176158 2.44685 7.92954e-39 3
-0.373172 0.17082 2.3727 7.19197e-39 3
-0.324987 0.165796 2.30292 6.73172e-39 3
-0.279555 0.161059 2.23712 6.08527e-39 3
-0.243409 0.161059 2.23712 8.57563e-39 3
-0.219825 0.17082 2.3727 5.90196e-39 3
0.472714 0.0695933 0.966657 5.34735e-39 3
0.482377 0.0687446 0.954868 4.97856e-39 3
0.497806 0.0687446 0.954868 5.16296e-39 3
0.539554 0.07227 1.00384 4.79417e-39 3
-1.32315 0.431386 4.8937 7.56184e-39 3
-1.10585 0.383454 4.34996 7.37745e-39 3
-0.847283 0.313735 3.55905 7.46964e-39 3
-0.668274 0.265468 3.01151 8.29832e-39 3
-0.619615 0.265468 3.01151 7.46784e-39 3
-0.463903 0.215693 2.44685 8.39016e-39 3
-0.424368 0.215693 2.44685 7.83734e-39 3
-0.373172 0.209157 2.3727 7.28417e-39 3
-0.315701 0.197205 2.23712 6.63952e-39 3
-0.279555 0.197205 2.23712 7.19198e-39 3
-0.243409 0.197205 2.23712 7.46929e-39 3
-0.213359 0.203005 2.30292 6.63953e-39 3
-0.17615 0.203005 2.30292 5.99272e-39 3
0.446995 0.0862771 0.97874 7.83699e-39 3
0.462809 0.0862771 0.97874 8.20613e-39 3
0.478623 0.0862771 0.97874 7.92954e-39 3
0.488333 0.085212 0.966657 7.37637e-39 3
0.503951 0.085212 0.966657 7.09978e-39 3
0.532724 0.0873692 0.991129 7.37637e-39 3
0.562991 0.0896386 1.01687 6.45441e-39 3
4.7652 0.431386 4.8937 4.05661e-39 3
4.84427 0.431386 4.8937 3.68819e-39 3
1.59245 0.116986 1.32711 2.11979e-39 3
-0.638856 0.173772 1.66594 7.56112e-39 3
-0.59919 0.170152 1.63123 8.94369e-39 3
-0.624909 0.18562 1.77953 8.20577e-39 3
-0.995267 0.408364 3.91496 4.5201e-39 3
-0.745609 0.326691 3.13197 7.00902e-39 3
-0.62054 0.291689 2.7964 7.28453e-39 3
-0.519677 0.263461 2.52578 8.57347e-39 3
-0.463903 0.255228 2.44685 7.00722e-39 3
-0.411508 0.247493 2.3727 7.92954e-39 3
-0.362196 0.240214 2.30292 7.28417e-39 3
-0.315701 0.233351 2.23712 8.11465e-39 3
-0.279555 0.233351 2.23712 8.20721e-39 3
-0.236648 0.226869 2.17498 8.48344e-39 3
-0.213359 0.240214 2.30292 7.37709e-39 3
-0.161868 0.220737 2.11619 8.85078e-39 3
-0.104977 0.181495 1.73998 1.10635e-38 3
-0.0760192 0.179501 1.72086 7.83698e-39 3
0.462809 0.102091 0.97874 7.56076e-39 3
0.478623 0.102091 0.97874 6.73207e-39 3
0.482377 0.099601 0.954868 7.28525e-39 3
0.503951 0.100831 0.966657 7.28561e-39 3
0.51957 0.100831 0.966657 7.1927e-39 3
0.548738 0.103383 0.991129 6.36329e-39 3
0.579421 0.106069 1.01687 5.99343e-39 3
1.74886 0.1541 1.47734 3.0421e-39 3
1.70827 0.148496 1.42362 3.0421e-39 3
1.7966 0.1541 1.47734 2.48893e-39 3
-0.651903 0.196508 1.63123 8.94297e-39 3
-0.625547 0.196508 1.63123 8.11321e-39 3
-0.59919 0.196508 1.63123 8.02102e-39 3
-0.585021 0.200689 1.66594 8.02102e-39 3
-0.596157 0.214373 1.77953 7.83663e-39 3
-0.995267 0.47162 3.91496 1.41088e-38 3
-0.690379 0.349348 2.89997 1.12536e-38 3
-0.62054 0.336871 2.7964 4.70412e-39 3
-0.503437 0.294762 2.44685 3.135e-39 3
-0.449845 0.28583 2.3727 5.07291e-39 3
-0.387994 0.269497 2.23712 8.94477e-39 3
-0.241464 0.184949 1.53528 9.12809e-39 3
-0.216658 0.184949 1.53528 8.66711e-39 3
-0.195689 0.188648 1.56598 8.2994e-39 3
-0.175656 0.194482 1.61442 8.29905e-39 3
-0.149571 0.194482 1.61442 1.03259e-38 3
-0.126086 0.198577 1.6484 8.57419e-39 3
-0.0994523 0.198577 1.6484 1.12475e-38 3
-0.0720599 0.196508 1.63123 1.005e-38 3
-0.0452322 0.194482 1.61442 1.03273e-38 3
1.23416 0.314413 2.60997 8.48271e-39 3
0.478623 0.117905 0.97874 7.93026e-39 3
0.488333 0.116449 0.966657 6.63952e-39 3
0.503951 0.116449 0.966657 6.27146e-39 3
0.51957 0.116449 0.966657 6.36366e-39 3
0.528662 0.115029 0.954868 7.19305e-39 3
0.564752 0.119397 0.991129 7.74515e-39 3
0.684784 0.140782 1.16864 7.65224e-39 3
1.77369 0.28583 2.3727 7.83735e-39 3
1.86865 0.294762 2.44685 7.46856e-39 3
1.74886 0.17797 1.47734 2.39637e-39 3
1.7399 0.174674 1.44999 3.41052e-39 3
-0.820718 0.205721 1.50575 7.28417e-39 3
-0.73992 0.243125 1.77953 1.08791e-38 3
-0.651903 0.222865 1.63123 9.31175e-39 3
-0.625547 0.222865 1.63123 8.11321e-39 3
-0.59919 0.222865 1.63123 7.56004e-39 3
-0.597739 0.232554 1.70216 7.28417e-39 3
-0.690379 0.396204 2.89997 1.44804e-38 3
-0.526519 0.324167 2.3727 1.49389e-38 3
-0.315882 0.209755 1.53528 1.20787e-38 3
-0.291076 0.209755 1.53528 1.14344e-38 3
-0.26627 0.209755 1.53528 1.02355e-38 3
-0.241464 0.209755 1.53528 9.86565e-39 3
-0.216658 0.209755 1.53528 9.68126e-39 3
-0.195689 0.21395 1.56598 9.49759e-39 3
-0.175656 0.220567 1.61442 8.76002e-39 3
-0.149571 0.220567 1.61442 9.49615e-39 3
-0.124773 0.222865 1.63123 1.08791e-38 3
-0.0984164 0.222865 1.63123 1.18014e-38 3
-0.071317 0.220567 1.61442 8.85113e-39 3
-0.0434408 0.211832 1.55048 8.39159e-39 3
-0.0178586 0.205721 1.50575 9.31355e-39 3
0.296524 0.345081 2.52578 9.68125e-39 3
0.31689 0.324167 2.3727 1.01422e-38 3
0.334928 0.305643 2.23712 1.00497e-38 3
0.371074 0.305643 2.23712 1.02344e-38 3
1.23416 0.356584 2.60997 9.22136e-39 3
1.23516 0.345081 2.52578 9.40611e-39 3
1.27597 0.345081 2.52578 7.47e-39 3
1.27563 0.334297 2.44685 7.74659e-39 3
0.501014 0.127351 0.932133 7.37781e-39 3
0.528662 0.130457 0.954868 8.02281e-39 3
0.557693 0.133719 0.97874 7.83734e-39 3
0.580766 0.135411 0.991129 8.11322e-39 3
1.63619 0.305643 2.23712 6.91539e-39 3
1.67233 0.305643 2.23712 7.28417e-39 3
1.81202 0.324167 2.3727 7.56076e-39 3
1.90818 0.334297 2.44685 6.91504e-39 3
1.94772 0.334297 2.44685 6.45442e-39 3
-0.915468 0.249221 1.63123 8.66711e-39 3
-0.836811 0.234561 1.53528 8.02174e-39 3
-0.812005 0.234561 1.53528 9.40395e-39 3
-0.597094 0.189883 1.24284 7.46748e-39 3
-0.550785 0.181252 1.18635 8.48164e-39 3
-0.701734 0.239252 1.56598 8.94333e-39 3
-0.704616 0.249221 1.63123 8.20541e-39 3
-0.67826 0.249221 1.63123 7.09978e-39 3
-0.711167 0.271878 1.77953 8.11393e-39 3
-0.638856 0.254524 1.66594 1.05103e-38 3
-0.59919 0.249221 1.63123 1.00493e-38 3
-0.597739 0.260057 1.70216 1.06954e-38 3
-0.351702 0.22571 1.47734 1.10678e-38 3
-0.337381 0.232284 1.52037 1.55825e-38 3
-0.315882 0.234561 1.53528 1.18014e-38 3
-0.291076 0.234561 1.53528 1.10656e-38 3
-0.26627 0.234561 1.53528 1.11575e-38 3
-0.241464 0.234561 1.53528 1.08802e-38 3
-0.218803 0.236884 1.55048 1.12486e-38 3
-0.195689 0.239252 1.56598 1.06961e-38 3
-0.177486 0.249221 1.63123 1.06039e-38 3
-0.149571 0.246652 1.61442 1.08791e-38 3
-0.124773 0.249221 1.63123 1.18932e-38 3
-0.0984164 0.249221 1.63123 9.31211e-39 3
-0.071317 0.246652 1.61442 1.13419e-38 3
-0.0434408 0.236884 1.55048 1.18036e-38 3
-0.0178586 0.23005 1.50575 1.1895e-38 3
0.00634837 0.22571 1.47734 1.11564e-38 3
0.248439 0.323314 2.11619 9.77489e-39 3
0.275194 0.314806 2.06051 1.01422e-38 3
0.293062 0.299066 1.95748 1.03266e-38 3
0.32469 0.299066 1.95748 1.10642e-38 3
0.316727 0.265836 1.73998 1.11557e-38 3
0.337344 0.260057 1.70216 1.08798e-38 3
0.364846 0.260057 1.70216 1.05121e-38 3
1.23309 0.412504 2.69997 1.03288e-38 3
1.23416 0.398754 2.60997 1.04206e-38 3
1.27633 0.398754 2.60997 9.31499e-39 3
1.3185 0.398754 2.60997 8.94621e-39 3
0.580766 0.151426 0.991129 8.11322e-39 3
1.60004 0.341789 2.23712 6.73172e-39 3
1.63619 0.341789 2.23712 7.28489e-39 3
1.67233 0.341789 2.23712 6.54733e-39 3
1.74462 0.341789 2.23712 6.731e-39 3
1.36982 0.262915 1.72086 6.731e-39 3
1.35302 0.254524 1.66594 6.6388e-39 3
1.77273 0.22571 1.47734 3.41124e-39 3
-0.955271 0.287559 1.70216 8.39052e-39 3
-0.836811 0.259367 1.53528 8.39052e-39 3
-0.796389 0.254379 1.50575 8.75894e-39 3
-0.757493 0.24958 1.47734 7.28381e-39 3
-0.627129 0.213351 1.26289 6.72992e-39 3
-0.587764 0.206683 1.22343 8.29581e-39 3
-0.550785 0.20042 1.18635 9.40359e-39 3
-0.584778 0.220462 1.30499 9.03553e-39 3
-0.690236 0.269954 1.59794 1.01422e-38 3
-0.67826 0.275578 1.63123 1.00508e-38 3
-0.695363 0.29395 1.73998 1.0511e-38 3
-0.645725 0.284467 1.68385 1.08794e-38 3
-0.563944 0.259367 1.53528 1.06032e-38 3
-0.523734 0.251957 1.49141 1.04192e-38 3
-0.355452 0.236209 1.3982 1.15262e-38 3
-0.338913 0.240504 1.42362 1.15262e-38 3
-0.321761 0.244958 1.44999 1.28155e-38 3
-0.306857 0.251957 1.49141 1.16166e-38 3
-0.285479 0.254379 1.50575 1.1433e-38 3
-0.263685 0.256849 1.52037 1.18014e-38 3
-0.23912 0.256849 1.52037 1.15241e-38 3
-0.223223 0.267227 1.5818 1.10638e-38 3
-0.197665 0.267227 1.5818 1.0788e-38 3
-0.181262 0.281441 1.66594 1.15255e-38 3
-0.154345 0.281441 1.66594 1.13401e-38 3
-0.128798 0.284467 1.68385 1.18932e-38 3
-0.101591 0.284467 1.68385 1.13401e-38 3
-0.0720599 0.275578 1.63123 1.25393e-38 3
-0.0434408 0.261935 1.55048 1.1434e-38 3
-0.0182088 0.259367 1.53528 1.17106e-38 3
0.00634837 0.24958 1.47734 1.15259e-38 3
0.0302184 0.24958 1.47734 1.19869e-38 3
0.0530868 0.244958 1.44999 1.24471e-38 3
0.0758129 0.242711 1.43668 1.28155e-38 3
0.0963735 0.236209 1.3982 1.28155e-38 3
0.118965 0.236209 1.3982 1.20798e-38 3
0.135507 0.226115 1.33845 1.10667e-38 3
0.191505 0.275578 1.63123 1.1711e-38 3
0.227334 0.287559 1.70216 1.24471e-38 3
0.260499 0.29395 1.73998 1.23549e-38 3
0.288613 0.29395 1.73998 1.2078e-38 3
0.309841 0.287559 1.70216 1.18936e-38 3
0.330166 0.281441 1.66594 1.09713e-38 3
0.342509 0.269954 1.59794 1.14326e-38 3
0.334223 0.244958 1.44999 1.10646e-38 3
0.316609 0.216848 1.28359 1.08805e-38 3
0.331907 0.213351 1.26289 1.09731e-38 3
0.39006 0.236209 1.3982 1.08812e-38 3
0.412652 0.236209 1.3982 9.40575e-39 3
0.406227 0.220462 1.30499 9.12916e-39 3
0.420307 0.216848 1.28359 1.00511e-38 3
0.448397 0.220462 1.30499 1.01437e-38 3
1.18947 0.456129 2.69997 1.00515e-38 3
1.19199 0.440924 2.60997 1.07898e-38 3
1.23416 0.440924 2.60997 1.0605e-38 3
1.27633 0.440924 2.60997 1.05128e-38 3
1.3185 0.440924 2.60997 1.0883e-38 3
0.559518 0.161314 0.954868 8.20577e-39 3
0.574947 0.161314 0.954868 6.82284e-39 3
1.56389 0.377935 2.23712 8.8515e-39 3
1.60004 0.377935 2.23712 9.4054e-39 3
1.59074 0.367437 2.17498 7.1927e-39 3
1.62588 0.367437 2.17498 7.56148e-39 3
1.39062 0.307622 1.82091 7.37709e-39 3
1.74462 0.377935 2.23712 7.56148e-39 3
1.38504 0.29395 1.73998 8.29869e-39 3
1.36757 0.284467 1.68385 7.83807e-39 3
2.31633 0.472419 2.7964 7.37709e-39 3
2.44897 0.489916 2.89997 7.28417e-39 3
2.45188 0.472419 2.7964 6.63845e-39 3
2.49706 0.472419 2.7964 5.99344e-39 3
2.54224 0.472419 2.7964 5.90233e-39 3
2.68325 0.489916 2.89997 5.62573e-39 3
-0.932115 0.298822 1.61442 9.12773e-39 3
-0.90603 0.298822 1.61442 8.66711e-39 3
-0.862169 0.292785 1.5818 8.85114e-39 3
-0.781363 0.27345 1.47734 8.85113e-39 3
-0.692192 0.249877 1.34999 8.75966e-39 3
-0.659017 0.245641 1.32711 1.13397e-38 3
-0.606724 0.233756 1.26289 1.14308e-38 3
-0.605863 0.241547 1.30499 1.08791e-38 3
-0.63794 0.263506 1.42362 9.49615e-39 3
-0.690236 0.295772 1.59794 1.11564e-38 3
-0.608532 0.270894 1.46354 1.04195e-38 3
-0.596026 0.276054 1.49141 1.0972e-38 3
-0.58875 0.284173 1.53528 1.02341e-38 3
-0.558468 0.281414 1.52037 1.005e-38 3
-0.513944 0.270894 1.46354 1.06032e-38 3
-0.476925 0.263506 1.42362 1.23549e-38 3
-0.340262 0.247741 1.33845 1.11564e-38 3
-0.324178 0.252049 1.36173 1.16163e-38 3
-0.31027 0.258801 1.3982 1.26294e-38 3
-0.298333 0.268386 1.44999 1.22617e-38 3
-0.28276 0.276054 1.49141 1.38297e-38 3
-0.261149 0.278709 1.50575 1.27216e-38 3
-0.23912 0.281414 1.52037 1.27198e-38 3
-0.230199 0.301934 1.63123 1.23528e-38 3
-0.203842 0.301934 1.63123 1.16174e-38 3
-0.185203 0.315062 1.70216 1.11564e-38 3
-0.1577 0.315062 1.70216 1.19854e-38 3
-0.131629 0.318524 1.72086 1.31836e-38 3
-0.102695 0.315062 1.70216 1.25372e-38 3
-0.0728184 0.305113 1.6484 1.22624e-38 3
-0.0438752 0.289857 1.56598 1.30929e-38 3
-0.0176885 0.276054 1.49141 1.38297e-38 3
0.00628904 0.270894 1.46354 1.13422e-38 3
0.029936 0.270894 1.46354 1.13419e-38 3
0.0525998 0.265924 1.43668 1.37382e-38 3
0.0751237 0.263506 1.42362 1.47513e-38 3
0.0955206 0.256511 1.38583 1.58573e-38 3
0.115861 0.252049 1.36173 1.37379e-38 3
0.133229 0.243577 1.31595 1.31876e-38 3
0.148262 0.233756 1.26289 1.21716e-38 3
0.193655 0.268386 1.44999 1.45676e-38 3
0.244218 0.301934 1.63123 1.44751e-38 3
0.270575 0.301934 1.63123 1.55807e-38 3
0.290871 0.295772 1.59794 1.29981e-38 3
0.298419 0.278709 1.50575 1.21695e-38 3
0.305144 0.263506 1.42362 1.26308e-38 3
0.295869 0.237588 1.28359 1.10642e-38 3
0.306558 0.230045 1.24284 1.12497e-38 3
0.321535 0.226451 1.22343 9.68198e-39 3
0.352313 0.233756 1.26289 9.31319e-39 3
0.372718 0.233756 1.26289 1.15266e-38 3
0.393123 0.233756 1.26289 1.14344e-38 3
0.420307 0.237588 1.28359 1.15277e-38 3
0.441046 0.237588 1.28359 1.03291e-38 3
0.458032 0.235656 1.27316 9.96072e-39 3
1.14584 0.499753 2.69997 1.09734e-38 3
1.14982 0.483095 2.60997 1.06047e-38 3
1.19199 0.483095 2.60997 1.05125e-38 3
1.27633 0.483095 2.60997 1.18028e-38 3
1.36067 0.483095 2.60997 1.11589e-38 3
0.559518 0.176742 0.954868 1.04195e-38 3
0.574947 0.176742 0.954868 1.03273e-38 3
0.576318 0.172534 0.932133 9.95785e-39 3
1.37384 0.381391 2.06051 8.29833e-39 3
1.30418 0.353484 1.90974 8.8515e-39 3
1.44043 0.381391 2.06051 9.6809e-39 3
1.47372 0.381391 2.06051 9.58979e-39 3
1.43166 0.362321 1.95748 8.85222e-39 3
1.46329 0.362321 1.95748 8.76002e-39 3
1.49492 0.362321 1.95748 7.65368e-39 3
1.56569 0.371611 2.00767 7.74587e-39 3
1.38504 0.322063 1.73998 7.65368e-39 3
1.38244 0.315062 1.70216 7.46929e-39 3
1.37994 0.308358 1.66594 8.66783e-39 3
1.40686 0.308358 1.66594 8.29833e-39 3
2.17379 0.467511 2.52578 8.20613e-39 3
2.2146 0.467511 2.52578 7.37601e-39 3
2.25541 0.467511 2.52578 7.19162e-39 3
2.29622 0.467511 2.52578 7.56149e-39 3
2.4571 0.483095 2.60997 6.64132e-39 3
2.49927 0.483095 2.60997 6.36474e-39 3
2.6727 0.499753 2.69997 5.25804e-39 3
-0.938842 0.318343 1.5818 8.11358e-39 3
-0.913285 0.318343 1.5818 8.7593e-39 3
-0.896785 0.321591 1.59794 8.02174e-39 3
-0.836811 0.30898 1.53528 9.03589e-39 3
-0.781363 0.29732 1.47734 9.95784e-39 3
-0.692192 0.271689 1.34999 1.02344e-38 3
-0.67038 0.271689 1.34999 1.00493e-38 3
-0.648567 0.271689 1.34999 1.11553e-38 3
-0.649139 0.281392 1.3982 1.13401e-38 3
-0.662013 0.29732 1.47734 1.17088e-38 3
-0.663168 0.30898 1.53528 9.77346e-39 3
-0.664418 0.321591 1.59794 9.86637e-39 3
-0.638599 0.321591 1.59794 9.95749e-39 3
-0.556041 0.291814 1.44999 9.8653e-39 3
-0.532613 0.291814 1.44999 1.06951e-38 3
-0.478191 0.274051 1.36173 1.09713e-38 3
-0.448391 0.269367 1.33845 1.02337e-38 3
-0.423149 0.267084 1.32711 1.07865e-38 3
-0.401706 0.267084 1.32711 1.14319e-38 3
-0.383514 0.269367 1.33845 1.22609e-38 3
-0.361888 0.269367 1.33845 1.26283e-38 3
-0.340262 0.269367 1.33845 1.25357e-38 3
-0.321383 0.271689 1.34999 1.29956e-38 3
-0.299571 0.271689 1.34999 1.49321e-38 3
-0.280174 0.274051 1.36173 1.39197e-38 3
-0.269907 0.286508 1.42362 1.33669e-38 3
-0.253828 0.294541 1.46354 1.79742e-38 3
-0.234565 0.300152 1.49141 1.96312e-38 3
-0.230199 0.328291 1.63123 1.49314e-38 3
-0.208179 0.335276 1.66594 1.32751e-38 3
-0.185203 0.342564 1.70216 1.41056e-38 3
-0.159433 0.346329 1.72086 1.41978e-38 3
-0.133091 0.350177 1.73998 1.63172e-38 3
-0.107363 0.358135 1.77953 1.59452e-38 3
-0.0720599 0.328291 1.63123 1.34584e-38 3
-0.0434408 0.312039 1.55048 1.46595e-38 3
-0.0173579 0.294541 1.46354 1.18936e-38 3
0.00617365 0.289137 1.43668 1.10663e-38 3
0.0293867 0.289137 1.43668 1.30946e-38 3
0.0516521 0.283927 1.4108 1.26329e-38 3
0.0731292 0.278902 1.38583 1.0788e-38 3
0.0930502 0.271689 1.34999 1.12486e-38 3
0.112916 0.267084 1.32711 9.68161e-39 3
0.133229 0.26484 1.31595 1.16192e-38 3
0.14476 0.248157 1.23306 1.06968e-38 3
0.177243 0.267084 1.32711 9.77453e-39 3
0.195375 0.262633 1.30499 1.0972e-38 3
0.212911 0.258327 1.28359 1.32754e-38 3
0.226233 0.250126 1.24284 1.51179e-38 3
0.246314 0.250126 1.24284 1.30911e-38 3
0.270692 0.254161 1.26289 1.35528e-38 3
0.282001 0.246218 1.22343 1.29081e-38 3
0.301768 0.246218 1.22343 1.15262e-38 3
0.316589 0.24243 1.2046 1.2356e-38 3
0.341303 0.246218 1.22343 1.26326e-38 3
0.372718 0.254161 1.26289 1.20798e-38 3
0.393123 0.254161 1.26289 1.20798e-38 3
0.413528 0.254161 1.26289 1.15277e-38 3
0.427045 0.250126 1.24284 1.09752e-38 3
0.443605 0.248157 1.23306 1.34649e-38 3
0.459907 0.246218 1.22343 1.24489e-38 3
0.465139 0.238757 1.18635 1.18028e-38 3
0.484307 0.238757 1.18635 1.13419e-38 3
0.603892 0.24058 1.19541 1.19869e-38 3
0.623207 0.24058 1.19541 1.08812e-38 3
0.642522 0.24058 1.19541 1.16181e-38 3
0.651884 0.236962 1.17743 1.06965e-38 3
0.670908 0.236962 1.17743 1.04206e-38 3
0.674713 0.231735 1.15146 1.09745e-38 3
0.574947 0.19217 0.954868 1.05125e-38 3
0.590375 0.19217 0.954868 1.0143e-38 3
0.680491 0.215862 1.07259 9.40432e-39 3
1.01882 0.315159 1.56598 9.68126e-39 3
1.27332 0.38434 1.90974 9.77346e-39 3
1.27312 0.375189 1.86427 8.29833e-39 3
1.44043 0.414683 2.06051 9.58871e-39 3
1.40004 0.393949 1.95748 8.66783e-39 3
1.21844 0.335276 1.66594 7.65368e-39 3
1.21941 0.328291 1.63123 7.93026e-39 3
1.24577 0.328291 1.63123 8.20685e-39 3
1.29919 0.335276 1.66594 8.66855e-39 3
1.36982 0.346329 1.72086 8.39196e-39 3
1.38244 0.342564 1.70216 8.57635e-39 3
1.36541 0.331746 1.6484 8.57671e-39 3
1.39205 0.331746 1.6484 8.76003e-39 3
1.98198 0.463469 2.30292 8.20685e-39 3
2.14539 0.492436 2.44685 8.39017e-39 3
2.18493 0.492436 2.44685 7.92919e-39 3
2.22446 0.492436 2.44685 8.20686e-39 3
2.264 0.492436 2.44685 8.20685e-39 3
2.23373 0.477514 2.3727 8.02318e-39 3
2.20524 0.463469 2.30292 7.5622e-39 3
2.24245 0.463469 2.30292 7.10267e-39 3
2.42214 0.492436 2.44685 6.64097e-39 3
-0.929454 0.340461 1.56598 1.06947e-38 3
-0.904152 0.340461 1.56598 1.01415e-38 3
-0.944999 0.366087 1.68385 1.04181e-38 3
-0.820718 0.327367 1.50575 1.03266e-38 3
-0.739504 0.303983 1.3982 1.06954e-38 3
-0.692192 0.293501 1.34999 1.01422e-38 3
-0.67038 0.293501 1.34999 9.95785e-39 3
-0.648567 0.293501 1.34999 1.03266e-38 3
-0.649139 0.303983 1.3982 1.01415e-38 3
-0.626548 0.303983 1.3982 1.06947e-38 3
-0.549944 0.276798 1.27316 1.21702e-38 3
-0.538123 0.281373 1.2942 1.18025e-38 3
-0.521522 0.283718 1.30499 1.1617e-38 3
-0.513269 0.290993 1.33845 1.29078e-38 3
-0.491643 0.290993 1.33845 1.29078e-38 3
-0.458267 0.283718 1.30499 1.28152e-38 3
-0.433569 0.281373 1.2942 1.30914e-38 3
-0.416096 0.283718 1.30499 1.41045e-38 3
-0.395011 0.283718 1.30499 1.2445e-38 3
-0.377068 0.286102 1.31595 1.4103e-38 3
-0.361888 0.290993 1.33845 1.46541e-38 3
-0.340262 0.290993 1.33845 1.42849e-38 3
-0.321383 0.293501 1.34999 1.58519e-38 3
-0.29701 0.290993 1.33845 1.50228e-38 3
-0.275385 0.290993 1.33845 1.41952e-38 3
-0.260437 0.29865 1.37367 1.43807e-38 3
-0.238242 0.29865 1.37367 1.63129e-38 3
-0.232352 0.32119 1.47734 1.73238e-38 3
-0.230199 0.354647 1.63123 1.55742e-38 3
-0.181262 0.362193 1.66594 1.58555e-38 3
-0.0879298 0.20634 0.949081 1.48413e-38 3
-0.166364 0.472863 2.17498 1.64058e-38 3
-0.107363 0.386888 1.77953 2.03659e-38 3
-0.071317 0.350991 1.61442 1.54831e-38 3
-0.0425973 0.330545 1.52037 1.37371e-38 3
-0.0162921 0.29865 1.37367 1.13415e-38 3
0.0058011 0.293501 1.34999 1.17131e-38 3
0.0278535 0.296053 1.36173 1.21741e-38 3
0.0494257 0.293501 1.34999 1.18046e-38 3
0.071238 0.293501 1.34999 1.28177e-38 3
0.0922549 0.290993 1.33845 1.2079e-38 3
0.112916 0.288527 1.32711 1.63197e-38 3
0.132119 0.283718 1.30499 1.39237e-38 3
0.149467 0.276798 1.27316 1.2633e-38 3
0.163396 0.265985 1.22343 1.24482e-38 3
0.174962 0.254076 1.16864 1.31847e-38 3
0.188226 0.246711 1.13477 1.30925e-38 3
0.192604 0.230041 1.0581 1.18932e-38 3
0.204182 0.223988 1.03025 1.31836e-38 3
0.223772 0.226974 1.04399 1.41059e-38 3
0.242256 0.228498 1.051 1.26315e-38 3
0.268238 0.236432 1.08749 1.24482e-38 3
0.279976 0.231606 1.0653 1.27248e-38 3
0.301288 0.234801 1.07999 1.3278e-38 3
0.330121 0.243187 1.11856 1.35549e-38 3
0.369297 0.257925 1.18635 1.27252e-38 3
0.397499 0.263924 1.21394 1.32798e-38 3
0.413905 0.261893 1.2046 1.07916e-38 3
0.43006 0.259894 1.19541 1.27277e-38 3
0.44597 0.257925 1.18635 1.11578e-38 3
0.458196 0.254076 1.16864 1.19872e-38 3
0.477079 0.254076 1.16864 1.1895e-38 3
0.471339 0.241462 1.11063 1.05117e-38 3
0.492779 0.243187 1.11856 1.14337e-38 3
0.514527 0.244936 1.12661 1.0789e-38 3
0.53659 0.246711 1.13477 1.1433e-38 3
0.567257 0.252194 1.15999 1.33684e-38 3
0.585999 0.252194 1.15999 1.31843e-38 3
0.604742 0.252194 1.15999 1.11571e-38 3
0.628137 0.254076 1.16864 1.16181e-38 3
0.651884 0.255986 1.17743 1.19872e-38 3
0.670908 0.255986 1.17743 1.11593e-38 3
0.679711 0.252194 1.15999 1.03299e-38 3
0.58932 0.212788 0.97874 1.08823e-38 3
0.605134 0.212788 0.97874 1.13415e-38 3
0.680491 0.233193 1.07259 1.12482e-38 3
1.01882 0.340461 1.56598 1.15248e-38 3
1.19152 0.362193 1.66594 1.0143e-38 3
1.19305 0.354647 1.63123 9.49831e-39 3
1.14768 0.333786 1.53528 9.86709e-39 3
1.17249 0.333786 1.53528 8.57635e-39 3
1.24616 0.34741 1.59794 8.85294e-39 3
1.34037 0.366087 1.68385 7.6544e-39 3
1.36757 0.366087 1.68385 8.85294e-39 3
1.37994 0.362193 1.66594 7.93098e-39 3
1.3358 0.3439 1.5818 7.74767e-39 3
1.72788 0.436489 2.00767 7.10122e-39 3
-0.899136 0.335563 1.43668 8.39052e-39 3
-0.884034 0.33867 1.44999 8.482e-39 3
-0.876843 0.34506 1.47734 8.20541e-39 3
-0.861097 0.348346 1.49141 9.68126e-39 3
-0.829103 0.34506 1.47734 1.0695e-38 3
-0.762096 0.326575 1.3982 8.94369e-39 3
-0.690204 0.304803 1.30499 1.07876e-38 3
-0.627299 0.285753 1.22343 8.8515e-39 3
-0.607532 0.285753 1.22343 1.0511e-38 3
-0.597094 0.290289 1.24284 1.06032e-38 3
-0.577013 0.290289 1.24284 1.10642e-38 3
-0.519803 0.270936 1.15999 1.09716e-38 3
-0.53685 0.290289 1.24284 1.06961e-38 3
-0.529373 0.297369 1.27316 1.15259e-38 3
-0.512973 0.299806 1.28359 1.1433e-38 3
-0.504643 0.307364 1.31595 1.06961e-38 3
-0.487477 0.309969 1.32711 1.15248e-38 3
-0.450754 0.299806 1.28359 1.34602e-38 3
-0.433569 0.302284 1.2942 1.32755e-38 3
-0.471053 0.34506 1.47734 1.40137e-38 3
-0.270865 0.209008 0.894848 1.44726e-38 3
-0.256406 0.209008 0.894848 1.57601e-38 3
-0.432725 0.397569 1.70216 1.61274e-38 3
-0.396601 0.38911 1.66594 1.60356e-38 3
-0.289585 0.304803 1.30499 1.65898e-38 3
-0.259839 0.294971 1.26289 1.52087e-38 3
-0.243359 0.299806 1.28359 1.55771e-38 3
-0.219029 0.294971 1.26289 1.73256e-38 3
-0.197035 0.292611 1.25279 1.80613e-38 3
-0.190509 0.315313 1.34999 1.61274e-38 3
-0.103894 0.223027 0.954868 1.53916e-38 3
-0.0879298 0.221675 0.949081 1.60388e-38 3
-0.0725951 0.221675 0.949081 1.76951e-38 3
-0.057963 0.224395 0.960726 2.04566e-38 3
-0.0424402 0.224395 0.960726 1.75103e-38 3
-0.0269173 0.224395 0.960726 1.44736e-38 3
-0.0160112 0.315313 1.34999 1.35549e-38 3
0.00575152 0.312618 1.33845 1.28202e-38 3
0.0276134 0.315313 1.34999 1.41113e-38 3
0.0494257 0.315313 1.34999 1.36496e-38 3
0.0706291 0.312618 1.33845 1.30035e-38 3
0.0922549 0.312618 1.33845 1.49382e-38 3
0.112916 0.309969 1.32711 1.33705e-38 3
0.133229 0.307364 1.31595 1.22645e-38 3
0.147076 0.292611 1.25279 1.28173e-38 3
0.157254 0.27501 1.17743 1.245e-38 3
0.158412 0.247138 1.0581 1.26344e-38 3
0.175508 0.247138 1.0581 1.27252e-38 3
0.188778 0.242228 1.03708 1.31851e-38 3
0.205534 0.242228 1.03708 1.30929e-38 3
0.22229 0.242228 1.03708 1.40137e-38 3
0.239047 0.242228 1.03708 1.31843e-38 3
0.255803 0.242228 1.03708 1.27248e-38 3
0.27256 0.242228 1.03708 1.56754e-38 3
0.291245 0.243842 1.04399 1.29092e-38 3
0.316555 0.250523 1.07259 1.254e-38 3
0.355819 0.266981 1.14305 1.30003e-38 3
0.385545 0.27501 1.17743 1.2172e-38 3
0.40155 0.272958 1.16864 1.18057e-38 3
0.420432 0.272958 1.16864 1.15295e-38 3
0.442617 0.27501 1.17743 1.20798e-38 3
0.448163 0.266981 1.14305 1.19876e-38 3
0.466632 0.266981 1.14305 1.12504e-38 3
0.458336 0.252251 1.07999 1.18954e-38 3
0.472527 0.250523 1.07259 1.15259e-38 3
0.493236 0.252251 1.07999 1.15259e-38 3
0.514232 0.254003 1.08749 1.09727e-38 3
0.558976 0.266981 1.14305 1.10649e-38 3
0.577445 0.266981 1.14305 1.16166e-38 3
0.595913 0.266981 1.14305 1.20773e-38 3
0.614382 0.266981 1.14305 1.15245e-38 3
0.651884 0.27501 1.17743 1.10653e-38 3
0.670908 0.27501 1.17743 1.05135e-38 3
0.679711 0.270936 1.15999 1.01451e-38 3
0.58932 0.228602 0.97874 1.04213e-38 3
0.605134 0.228602 0.97874 1.10653e-38 3
0.662345 0.243842 1.04399 1.07883e-38 3
0.979634 0.351696 1.50575 1.07876e-38 3
1.12287 0.358592 1.53528 1.08805e-38 3
1.08392 0.33867 1.44999 1.07883e-38 3
1.14994 0.351696 1.50575 1.06047e-38 3
1.17427 0.351696 1.50575 1.03277e-38 3
1.24654 0.365764 1.56598 9.12917e-39 3
1.27184 0.365764 1.56598 7.83807e-39 3
1.29714 0.365764 1.56598 7.65368e-39 3
1.29652 0.358592 1.53528 8.66783e-39 3
1.29591 0.351696 1.50575 7.37781e-39 3
1.32024 0.351696 1.50575 7.1005e-39 3
-0.79505 0.287548 1.15146 9.03517e-39 3
-0.776445 0.287548 1.15146 8.57491e-39 3
-0.880909 0.334244 1.33845 8.20613e-39 3
-0.90573 0.352312 1.4108 8.66711e-39 3
-0.875052 0.349166 1.3982 9.31176e-39 3
-0.852461 0.349166 1.3982 1.00493e-38 3
-0.85271 0.358776 1.43668 1.00493e-38 3
-0.837177 0.362098 1.44999 9.31176e-39 3
-0.70875 0.315376 1.26289 9.86493e-39 3
-0.656575 0.30082 1.2046 1.05103e-38 3
-0.600177 0.283381 1.13477 1.17088e-38 3
-0.542529 0.264234 1.0581 1.005e-38 3
-0.511606 0.25728 1.03025 1.09716e-38 3
-0.470211 0.244416 0.97874 1.0788e-38 3
-0.460149 0.24751 0.991129 1.18021e-38 3
-0.497683 0.277352 1.11063 1.18936e-38 3
-0.50106 0.289678 1.15999 1.14337e-38 3
-0.500869 0.30082 1.2046 1.04195e-38 3
-0.500662 0.312853 1.25279 1.17096e-38 3
-0.484294 0.315376 1.26289 1.10642e-38 3
-0.47539 0.323195 1.2942 1.26312e-38 3
-0.439936 0.312853 1.25279 1.27223e-38 3
-0.416363 0.31037 1.24284 1.41052e-38 3
-0.283702 0.222197 0.889764 1.36428e-38 3
-0.273996 0.22605 0.905193 1.43786e-38 3
-0.259371 0.22605 0.905193 1.64051e-38 3
-0.244745 0.22605 0.905193 1.54817e-38 3
-0.216747 0.227364 0.910456 1.47455e-38 3
-0.205623 0.2314 0.926618 1.22566e-38 3
-0.226901 0.275399 1.10281 1.36396e-38 3
-0.223231 0.294035 1.17743 1.49299e-38 3
-0.201182 0.289678 1.15999 1.47434e-38 3
-0.175924 0.279333 1.11856 1.26229e-38 3
-0.147327 0.260711 1.04399 1.11499e-38 3
-0.122305 0.244416 0.97874 9.76914e-39 3
-0.103265 0.23701 0.949081 1.09673e-38 3
-0.0874001 0.235582 0.943364 1.08769e-38 3
-0.0717257 0.234171 0.937715 1.26247e-38 3
-0.0565747 0.234171 0.937715 1.45575e-38 3
-0.0414236 0.234171 0.937715 1.29931e-38 3
-0.0262726 0.234171 0.937715 1.16148e-38 3
-0.0145101 0.30552 1.22343 1.05124e-38 3
0.00570278 0.331412 1.32711 1.39258e-38 3
0.0271454 0.331412 1.32711 1.30042e-38 3
0.0485879 0.331412 1.32711 1.18046e-38 3
0.0706291 0.334244 1.33845 1.17117e-38 3
0.0914731 0.331412 1.32711 1.36464e-38 3
0.111034 0.325888 1.30499 1.33694e-38 3
0.126834 0.312853 1.25279 1.30936e-38 3
0.139277 0.296262 1.18635 1.24482e-38 3
0.141316 0.264234 1.0581 1.34642e-38 3
0.157349 0.26246 1.051 1.42017e-38 3
0.170889 0.25728 1.03025 1.49378e-38 3
0.187536 0.25728 1.03025 1.30939e-38 3
0.204182 0.25728 1.03025 1.30932e-38 3
0.220828 0.25728 1.03025 1.40145e-38 3
0.237474 0.25728 1.03025 1.429e-38 3
0.25412 0.25728 1.03025 1.33684e-38 3
0.268997 0.255599 1.02352 1.44754e-38 3
0.287413 0.25728 1.03025 1.38311e-38 3
0.306073 0.258984 1.03708 1.30014e-38 3
0.336188 0.269701 1.07999 1.34616e-38 3
0.371576 0.283381 1.13477 1.19872e-38 3
0.395645 0.287548 1.15146 1.33727e-38 3
0.417318 0.289678 1.15999 1.14369e-38 3
0.44597 0.296262 1.18635 1.14358e-38 3
0.441715 0.281342 1.12661 1.18043e-38 3
0.456632 0.279333 1.11856 1.22642e-38 3
0.452101 0.266031 1.0653 1.18032e-38 3
0.466142 0.264234 1.0581 1.21713e-38 3
0.483238 0.264234 1.0581 1.13415e-38 3
0.496976 0.26246 1.051 1.15266e-38 3
0.550933 0.281342 1.12661 1.18947e-38 3
0.565071 0.279333 1.11856 1.08791e-38 3
0.587339 0.281342 1.12661 1.1801e-38 3
0.596953 0.277352 1.11063 1.13401e-38 3
0.642227 0.289678 1.15999 1.12493e-38 3
0.660969 0.289678 1.15999 1.18954e-38 3
0.674713 0.287548 1.15146 1.11578e-38 3
0.574947 0.238455 0.954868 9.95929e-39 3
0.605134 0.244416 0.97874 1.06039e-38 3
0.662345 0.260711 1.04399 1.04195e-38 3
0.628901 0.241399 0.966657 1.1433e-38 3
0.82355 0.287548 1.15146 1.03263e-38 3
0.842155 0.287548 1.15146 1.06947e-38 3
0.944059 0.315376 1.26289 1.10649e-38 3
1.0678 0.349166 1.3982 1.10649e-38 3
1.13078 0.362098 1.44999 1.06961e-38 3
1.22372 0.36893 1.47734 8.48236e-39 3
1.14004 0.337126 1.34999 8.57564e-39 3
1.05293 0.30552 1.22343 8.29905e-39 3
1.0096 0.287548 1.15146 8.29905e-39 3
0.998824 0.279333 1.11856 7.74515e-39 3
0.961929 0.264234 1.0581 7.37601e-39 3
0.965972 0.260711 1.04399 8.85114e-39 3
0.98284 0.260711 1.04399 7.83663e-39 3
1.54024 0.320546 1.28359 4.79454e-39 3
-0.79505 0.306153 1.15146 9.95713e-39 3
-0.788034 0.310723 1.16864 9.03517e-39 3
-0.873443 0.352854 1.32711 9.68126e-39 3
-0.897644 0.371757 1.3982 9.40395e-39 3
-0.8597 0.365235 1.37367 1.02337e-38 3
-0.844917 0.368467 1.38583 9.31176e-39 3
-0.82987 0.371757 1.3982 1.08798e-38 3
-0.684963 0.31543 1.18635 1.00493e-38 3
-0.655858 0.310723 1.16864 1.34606e-38 3
-0.609677 0.297406 1.11856 1.08791e-38 3
-0.534352 0.268625 1.01031 1.05103e-38 3
-0.498722 0.258614 0.972661 1.07876e-38 3
-0.465653 0.249322 0.937715 9.49686e-39 3
-0.453216 0.250824 0.943364 1.10642e-38 3
-0.437973 0.250824 0.943364 1.06029e-38 3
-0.48064 0.285184 1.07259 1.03263e-38 3
-0.497376 0.306153 1.15146 1.24479e-38 3
-0.49328 0.31543 1.18635 1.06039e-38 3
-0.500662 0.333095 1.25279 1.04188e-38 3
-0.48042 0.333095 1.25279 1.17096e-38 3
-0.47539 0.344106 1.2942 1.18932e-38 3
-0.335317 0.253883 0.954868 1.4013e-38 3
-0.319889 0.253883 0.954868 1.309e-38 3
-0.285323 0.237925 0.894848 9.7695e-39 3
-0.272422 0.239292 0.899991 1.01376e-38 3
-0.259371 0.240675 0.905193 9.12305e-39 3
-0.244745 0.240675 0.905193 9.03013e-39 3
-0.231457 0.242074 0.910456 8.47732e-39 3
-0.216747 0.242074 0.910456 9.67623e-39 3
-0.203218 0.24349 0.91578 9.0305e-39 3
-0.189529 0.244922 0.921167 9.49183e-39 3
-0.175679 0.246372 0.926618 1.09666e-38 3
-0.191264 0.293217 1.10281 1.41005e-38 3
-0.162035 0.273926 1.03025 1.34537e-38 3
-0.139868 0.263524 0.991129 1.21648e-38 3
-0.120054 0.255441 0.960726 1.11521e-38 3
-0.102028 0.249322 0.937715 1.12443e-38 3
-0.0863597 0.247838 0.932133 1.7054e-38 3
-0.0712988 0.247838 0.932133 1.22591e-38 3
-0.0559052 0.246372 0.926618 1.29949e-38 3
-0.0409334 0.246372 0.926618 1.17978e-38 3
-0.0259617 0.246372 0.926618 9.40323e-39 3
-0.0109253 0.244922 0.921167 1.14333e-38 3
0.00502185 0.310723 1.16864 1.13429e-38 3
0.0264723 0.344106 1.2942 1.07897e-38 3
0.0469949 0.341285 1.28359 1.06961e-38 3
0.0688634 0.346973 1.30499 1.30006e-38 3
0.0892052 0.344106 1.2942 1.43832e-38 3
0.108326 0.338511 1.27316 1.34609e-38 3
0.125828 0.330451 1.24284 1.23549e-38 3
0.120951 0.273926 1.03025 1.20783e-38 3
0.137597 0.273926 1.03025 1.53063e-38 3
0.153235 0.272136 1.02352 1.45687e-38 3
0.16867 0.270369 1.01687 1.53063e-38 3
0.1851 0.270369 1.01687 1.44765e-38 3
0.202847 0.272136 1.02352 1.26337e-38 3
0.220828 0.273926 1.03025 1.34613e-38 3
0.235922 0.272136 1.02352 1.66867e-38 3
0.25412 0.273926 1.03025 1.53952e-38 3
0.268997 0.272136 1.02352 1.47509e-38 3
0.285534 0.272136 1.02352 1.32776e-38 3
0.304059 0.273926 1.03025 1.20801e-38 3
0.324981 0.277579 1.04399 1.49375e-38 3
0.346469 0.28133 1.0581 1.17106e-38 3
0.389911 0.301716 1.13477 1.34649e-38 3
0.408245 0.301716 1.13477 1.45719e-38 3
0.423512 0.299545 1.12661 1.14358e-38 3
0.432383 0.293217 1.10281 1.25418e-38 3
0.450201 0.293217 1.10281 1.30017e-38 3
0.449046 0.28133 1.0581 1.09734e-38 3
0.463013 0.279442 1.051 1.08809e-38 3
0.476795 0.277579 1.04399 1.14344e-38 3
0.487167 0.273926 1.03025 1.16188e-38 3
0.510531 0.277579 1.04399 1.14344e-38 3
0.527399 0.277579 1.04399 1.18018e-38 3
0.52671 0.268625 1.01031 1.21698e-38 3
0.55742 0.275741 1.03708 1.25386e-38 3
0.501159 0.240675 0.905193 1.13404e-38 3
0.515785 0.240675 0.905193 1.18014e-38 3
0.552777 0.250824 0.943364 1.02352e-38 3
0.509682 0.225064 0.846478 1.06039e-38 3
0.550122 0.236573 0.889764 1.12493e-38 3
0.564498 0.236573 0.889764 1.19869e-38 3
0.585528 0.239292 0.899991 1.01419e-38 3
0.636659 0.253883 0.954868 1.06951e-38 3
0.66839 0.26023 0.97874 1.0511e-38 3
0.684204 0.26023 0.97874 9.95749e-39 3
0.736861 0.273926 1.03025 1.03259e-38 3
0.773872 0.28133 1.0581 1.01419e-38 3
0.801803 0.285184 1.07259 9.03553e-39 3
0.892489 0.310723 1.16864 8.39124e-39 3
0.911371 0.310723 1.16864 8.29905e-39 3
1.01727 0.320283 1.2046 8.75895e-39 3
0.990992 0.306153 1.15146 8.48236e-39 3
0.994964 0.301716 1.13477 7.92919e-39 3
0.944833 0.28133 1.0581 7.46929e-39 3
0.949103 0.277579 1.04399 7.56076e-39 3
0.940882 0.270369 1.01687 8.11393e-39 3
0.933076 0.263524 0.991129 8.02102e-39 3
0.914367 0.253883 0.954868 7.00687e-39 3
-0.665043 0.253834 0.899991 1.01415e-38 3
-0.650501 0.253834 0.899991 1.06943e-38 3
-0.643354 0.256785 0.910456 9.58763e-39 3
-0.761456 0.311035 1.10281 1.03252e-38 3
-0.754261 0.315479 1.11856 9.58835e-39 3
-0.780805 0.334599 1.18635 8.57419e-39 3
-0.852001 0.374297 1.32711 9.58799e-39 3
-0.830558 0.374297 1.32711 1.07869e-38 3
-0.823066 0.38075 1.34999 1.005e-38 3
-0.683422 0.324758 1.15146 1.0511e-38 3
-0.655182 0.320051 1.13477 1.13401e-38 3
-0.51697 0.259806 0.921167 1.09706e-38 3
-0.496248 0.256785 0.910456 1.18925e-38 3
-0.487203 0.259806 0.921167 1.17081e-38 3
-0.486632 0.267679 0.949081 1.15245e-38 3
-0.452117 0.256785 0.910456 1.08798e-38 3
-0.420301 0.246743 0.874851 1.08798e-38 3
-0.427668 0.259806 0.921167 9.49651e-39 3
-0.417699 0.262899 0.932133 9.31212e-39 3
-0.402638 0.262899 0.932133 1.00508e-38 3
-0.387577 0.262899 0.932133 8.48344e-39 3
-0.406381 0.286799 1.01687 8.7593e-39 3
-0.335489 0.246743 0.874851 1.01415e-38 3
-0.323159 0.248129 0.879766 1.02337e-38 3
-0.303823 0.244017 0.865185 1.27223e-38 3
-0.294729 0.248129 0.879766 1.02319e-38 3
-0.285323 0.252383 0.894848 1.06915e-38 3
-0.272422 0.253834 0.899991 1.07829e-38 3
-0.25788 0.253834 0.899991 1.15212e-38 3
-0.241948 0.252383 0.894848 1.18904e-38 3
-0.22749 0.252383 0.894848 1.30896e-38 3
-0.214255 0.253834 0.899991 1.21677e-38 3
-0.199714 0.253834 0.899991 1.0968e-38 3
-0.186243 0.255301 0.905193 9.4e-39 3
-0.173624 0.258287 0.91578 4.88313e-39 3
-0.160707 0.261343 0.926618 6.54229e-39 3
-0.1511 0.270963 0.960726 5.8962e-39 3
-0.136414 0.272636 0.966657 6.07987e-39 3
-0.118599 0.267679 0.949081 1.44697e-38 3
-0.101421 0.262899 0.932133 1.72352e-38 3
-0.0853437 0.259806 0.921167 1.63164e-38 3
-0.07046 0.259806 0.921167 1.71473e-38 3
-0.0549301 0.256785 0.910456 1.46587e-38 3
-0.0402195 0.256785 0.910456 1.05103e-38 3
-0.025658 0.258287 0.91578 1.08784e-38 3
-0.0107982 0.256785 0.910456 1.08798e-38 3
0.00382345 0.250949 0.889764 1.47542e-38 3
0.0181997 0.250949 0.889764 1.47527e-38 3
0.0331409 0.255301 0.905193 1.0972e-38 3
0.0469523 0.250949 0.889764 1.28152e-38 3
0.0609821 0.249531 0.884737 1.08791e-38 3
0.0900274 0.298426 1.0581 1.18936e-38 3
0.0905959 0.252383 0.894848 1.37371e-38 3
0.105054 0.252383 0.894848 1.45676e-38 3
0.119513 0.252383 0.894848 1.48438e-38 3
0.136308 0.256785 0.910456 1.47517e-38 3
0.152795 0.259806 0.921167 1.54885e-38 3
0.17276 0.267679 0.949081 1.40137e-38 3
0.190403 0.270963 0.960726 1.45694e-38 3
0.212442 0.279538 0.991129 1.64115e-38 3
0.227019 0.27778 0.984896 1.44744e-38 3
0.238434 0.272636 0.966657 1.73303e-38 3
0.268997 0.288673 1.02352 1.53949e-38 3
0.285534 0.288673 1.02352 1.45676e-38 3
0.304059 0.290573 1.03025 1.23582e-38 3
0.327162 0.296423 1.051 1.00511e-38 3
0.346469 0.298426 1.0581 1.30017e-38 3
0.358718 0.294447 1.04399 1.41099e-38 3
0.375586 0.294447 1.04399 1.40184e-38 3
0.38226 0.286799 1.01687 1.55854e-38 3
0.406611 0.292497 1.03708 1.23575e-38 3
0.41512 0.286799 1.01687 1.30017e-38 3
0.431551 0.286799 1.01687 1.29095e-38 3
0.453875 0.290573 1.03025 1.22635e-38 3
0.464411 0.286799 1.01687 1.2172e-38 3
0.477738 0.284949 1.01031 1.20798e-38 3
0.494062 0.284949 1.01031 1.20798e-38 3
0.482377 0.269311 0.954868 1.26315e-38 3
0.497806 0.269311 0.954868 1.11557e-38 3
0.513234 0.269311 0.954868 1.20776e-38 3
0.48167 0.245372 0.869991 1.14326e-38 3
0.495727 0.245372 0.869991 1.10638e-38 3
0.498701 0.240038 0.851078 1.07873e-38 3
0.506942 0.237457 0.841927 1.22624e-38 3
0.520546 0.237457 0.841927 1.21713e-38 3
0.545888 0.242676 0.860431 1.18947e-38 3
0.559791 0.242676 0.860431 1.15248e-38 3
0.573693 0.242676 0.860431 1.07873e-38 3
0.652088 0.269311 0.954868 1.07873e-38 3
0.667516 0.269311 0.954868 1.04185e-38 3
0.700018 0.276044 0.97874 1.02337e-38 3
0.743721 0.286799 1.01687 1.01415e-38 3
0.770153 0.290573 1.03025 1.08794e-38 3
0.808064 0.298426 1.0581 1.10642e-38 3
0.872312 0.315479 1.11856 8.29905e-39 3
0.733258 0.259806 0.921167 7.74515e-39 3
0.748142 0.259806 0.921167 8.85114e-39 3
0.758564 0.258287 0.91578 9.31176e-39 3
1.01727 0.339746 1.2046 9.03482e-39 3
0.990992 0.324758 1.15146 1.0049e-38 3
0.994964 0.320051 1.13477 7.6526e-39 3
0.957776 0.302514 1.07259 8.29905e-39 3
0.949103 0.294447 1.04399 8.7593e-39 3
0.940882 0.286799 1.01687 8.11358e-39 3
0.898939 0.269311 0.954868 8.75894e-39 3
0.861817 0.253834 0.899991 8.0203e-39 3
0.847147 0.245372 0.869991 7.56004e-39 3
0.861204 0.245372 0.869991 7.00687e-39 3
0.865642 0.242676 0.860431 6.26931e-39 3
0.879544 0.242676 0.860431 7.74443e-39 3
0.967901 0.262899 0.932133 6.36186e-39 3
0.960102 0.256785 0.910456 6.73065e-39 3
-0.673884 0.235845 0.790901 8.02102e-39 3
-0.661105 0.235845 0.790901 7.74372e-39 3
-0.638649 0.232325 0.779097 9.21957e-39 3
-0.655408 0.243215 0.815617 8.29869e-39 3
-0.64223 0.243215 0.815617 7.56041e-39 3
-0.646466 0.260879 0.874851 7.37565e-39 3
-0.632331 0.260879 0.874851 8.02102e-39 3
-0.628733 0.265325 0.889764 7.09907e-39 3
-0.614357 0.265325 0.889764 7.00687e-39 3
-0.586647 0.259429 0.869991 7.83663e-39 3
-0.563204 0.255176 0.855729 8.02102e-39 3
-0.750269 0.348487 1.16864 9.03517e-39 3
-0.731387 0.348487 1.16864 8.20578e-39 3
-0.702027 0.343362 1.15146 9.86637e-39 3
-0.636727 0.328854 1.10281 8.85078e-39 3
-0.493736 0.262344 0.879766 1.01415e-38 3
-0.458896 0.251061 0.841927 1.07862e-38 3
-0.438225 0.247075 0.828563 1.04174e-38 3
-0.434023 0.252418 0.846478 1.00493e-38 3
-0.444366 0.266842 0.894848 1.0511e-38 3
-0.413373 0.256578 0.860431 1.06954e-38 3
-0.427668 0.27469 0.921167 9.3132e-39 3
-0.412785 0.27469 0.921167 1.1617e-38 3
-0.397901 0.27469 0.921167 1.06029e-38 3
-0.376375 0.269926 0.905193 1.1433e-38 3
-0.357615 0.266842 0.894848 1.21705e-38 3
-0.341207 0.265325 0.889764 1.34609e-38 3
-0.324984 0.263826 0.884737 1.25386e-38 3
-0.303823 0.257996 0.865185 1.31833e-38 3
-0.291454 0.259429 0.869991 1.23524e-38 3
-0.280514 0.262344 0.879766 1.2906e-38 3
-0.264812 0.260879 0.874851 1.55789e-38 3
-0.250677 0.260879 0.874851 1.20751e-38 3
-0.233928 0.257996 0.865185 1.2168e-38 3
-0.222406 0.260879 0.874851 1.34598e-38 3
-0.208271 0.260879 0.874851 1.18007e-38 3
-0.194135 0.260879 0.874851 1.09706e-38 3
-0.18 0.260879 0.874851 9.21777e-39 3
-0.168692 0.265325 0.889764 1.26297e-38 3
-0.156992 0.269926 0.905193 1.87139e-38 3
-0.144031 0.273083 0.91578 1.53012e-38 3
-0.129995 0.27469 0.921167 1.64072e-38 3
-0.106934 0.255176 0.855729 1.65887e-38 3
-0.0973637 0.266842 0.894848 1.68621e-38 3
-0.0829053 0.266842 0.894848 1.5759e-38 3
-0.0684468 0.266842 0.894848 1.34587e-38 3
-0.0536817 0.265325 0.889764 9.12771e-39 3
-0.03953 0.266842 0.894848 1.24453e-38 3
-0.0255088 0.271496 0.910456 9.86384e-39 3
-0.0107982 0.271496 0.910456 7.37599e-39 3
0.00382345 0.265325 0.889764 1.77966e-38 3
0.0181997 0.265325 0.889764 1.24478e-38 3
0.0327622 0.266842 0.894848 1.29996e-38 3
0.0469523 0.265325 0.889764 1.4936e-38 3
0.0606395 0.262344 0.879766 9.31247e-39 3
0.0748542 0.262344 0.879766 1.36453e-38 3
0.0895722 0.263826 0.884737 1.4935e-38 3
0.103867 0.263826 0.884737 1.45651e-38 3
0.118162 0.263826 0.884737 1.53949e-38 3
0.13321 0.265325 0.889764 1.59473e-38 3
0.150146 0.269926 0.905193 1.49328e-38 3
0.165729 0.271496 0.910456 1.47491e-38 3
0.181495 0.273083 0.91578 1.63197e-38 3
0.198615 0.276315 0.926618 1.5213e-38 3
0.217446 0.281309 0.943364 1.72391e-38 3
0.234099 0.283014 0.949081 1.5576e-38 3
0.258846 0.293693 0.984896 1.59455e-38 3
0.26004 0.27796 0.932133 1.37368e-38 3
0.275101 0.27796 0.932133 1.35563e-38 3
0.324981 0.311315 1.04399 1.30014e-38 3
0.34185 0.311315 1.04399 1.4846e-38 3
0.336298 0.291858 0.97874 1.45698e-38 3
0.352112 0.291858 0.97874 1.78899e-38 3
0.367926 0.291858 0.97874 1.42939e-38 3
0.38374 0.291858 0.97874 1.24496e-38 3
0.402066 0.293693 0.984896 1.2633e-38 3
0.415367 0.291858 0.97874 1.29088e-38 3
0.418115 0.283014 0.949081 1.25393e-38 3
0.455536 0.297435 0.997442 1.22635e-38 3
0.451521 0.284739 0.954868 1.18947e-38 3
0.455831 0.27796 0.932133 1.19862e-38 3
0.427621 0.252418 0.846478 1.24468e-38 3
0.438925 0.251061 0.841927 1.14323e-38 3
0.450109 0.249718 0.837425 1.26308e-38 3
0.458733 0.247075 0.828563 1.1156e-38 3
0.472121 0.247075 0.828563 1.15248e-38 3
0.488091 0.24839 0.83297 1.12482e-38 3
0.501549 0.24839 0.83297 1.16174e-38 3
0.515008 0.24839 0.83297 1.1156e-38 3
0.520166 0.244488 0.819887 1.17092e-38 3
0.533413 0.244488 0.819887 1.15252e-38 3
0.552445 0.247075 0.828563 1.05107e-38 3
0.614611 0.268375 0.899991 1.04185e-38 3
0.629153 0.268375 0.899991 1.0327e-38 3
0.65884 0.27469 0.921167 1.05107e-38 3
0.706994 0.288255 0.966657 1.04185e-38 3
0.731645 0.291858 0.97874 1.07869e-38 3
0.776581 0.303229 1.01687 1.0511e-38 3
0.710022 0.271496 0.910456 1.02352e-38 3
0.720543 0.269926 0.905193 9.03661e-39 3
0.743767 0.273083 0.91578 9.7731e-39 3
0.758564 0.273083 0.91578 9.77274e-39 3
1.01727 0.35921 1.2046 8.57384e-39 3
1.00578 0.348487 1.16864 8.57384e-39 3
0.994964 0.338386 1.13477 8.94334e-39 3
0.957776 0.319844 1.07259 8.39124e-39 3
0.961929 0.315522 1.0581 8.57456e-39 3
0.940882 0.303229 1.01687 8.57456e-39 3
0.898939 0.284739 0.954868 8.11358e-39 3
0.83309 0.259429 0.869991 7.74444e-39 3
0.837837 0.256578 0.860431 8.02138e-39 3
0.824557 0.24839 0.83297 7.00723e-39 3
0.829194 0.245775 0.824202 7.6526e-39 3
0.842511 0.245775 0.824202 7.28346e-39 3
0.967901 0.27796 0.932133 7.19198e-39 3
0.954552 0.269926 0.905193 6.82392e-39 3
0.936691 0.260879 0.874851 6.91576e-39 3
-0.629497 0.223761 0.711811 6.72992e-39 3
-0.632368 0.228965 0.728365 7.46748e-39 3
-0.6206 0.228965 0.728365 7.37493e-39 3
-0.614548 0.231115 0.735204 6.3615e-39 3
-0.608382 0.233306 0.742173 6.91504e-39 3
-0.613845 0.240134 0.763895 8.39125e-39 3
-0.64223 0.256393 0.815617 5.53174e-39 3
-0.6255 0.266095 0.846478 9.77274e-39 3
-0.611823 0.266095 0.846478 9.95713e-39 3
-0.601397 0.267541 0.851078 8.20577e-39 3
-0.575142 0.261848 0.83297 1.02341e-38 3
-0.533316 0.248624 0.790901 8.94298e-39 3
-0.517921 0.247374 0.786927 8.38981e-39 3
-0.728522 0.356721 1.13477 9.03517e-39 3
-0.720631 0.361967 1.15146 9.8653e-39 3
-0.702027 0.361967 1.15146 8.02246e-39 3
-0.445395 0.2425 0.771421 1.17088e-38 3
-0.435074 0.2437 0.77524 1.16166e-38 3
-0.426774 0.246137 0.782992 8.66567e-39 3
-0.431378 0.256393 0.815617 1.25379e-38 3
-0.429381 0.263249 0.837425 1.38293e-38 3
-0.420346 0.266095 0.846478 1.17088e-38 3
-0.406669 0.266095 0.846478 1.11564e-38 3
-0.392992 0.266095 0.846478 9.77346e-39 3
-0.39203 0.275014 0.874851 1.11557e-38 3
-0.388754 0.282917 0.899991 1.00493e-38 3
-0.36996 0.279702 0.889764 1.1801e-38 3
-0.355583 0.279702 0.889764 1.32762e-38 3
-0.341207 0.279702 0.889764 1.24464e-38 3
-0.321353 0.275014 0.874851 1.32762e-38 3
-0.300503 0.269003 0.855729 1.15245e-38 3
-0.286676 0.269003 0.855729 1.06018e-38 3
-0.27285 0.269003 0.855729 1.28152e-38 3
-0.254846 0.264664 0.841927 1.41045e-38 3
-0.242547 0.266095 0.846478 1.25368e-38 3
-0.227639 0.264664 0.841927 1.37364e-38 3
-0.217545 0.269003 0.855729 1.31847e-38 3
-0.203718 0.269003 0.855729 1.36457e-38 3
-0.189892 0.269003 0.855729 1.04181e-38 3
-0.176066 0.269003 0.855729 1.3184e-38 3
-0.162239 0.269003 0.855729 1.5397e-38 3
-0.148413 0.269003 0.855729 1.43825e-38 3
-0.134586 0.269003 0.855729 1.49343e-38 3
-0.118177 0.263249 0.837425 1.35495e-38 3
-0.103539 0.260463 0.828563 1.60363e-38 3
-0.0911158 0.263249 0.837425 1.97191e-38 3
-0.0788501 0.267541 0.851078 2.01822e-38 3
-0.0654546 0.269003 0.855729 1.41967e-38 3
-0.0519119 0.270481 0.860431 1.57654e-38 3
-0.0384319 0.273486 0.869991 1.57636e-38 3
-0.0252156 0.282917 0.899991 1.687e-38 3
-0.0106741 0.282917 0.899991 1.53956e-38 3
0.00382345 0.279702 0.889764 1.96387e-38 3
0.0181997 0.279702 0.889764 1.7426e-38 3
0.032392 0.278121 0.884737 1.10631e-38 3
0.0464247 0.276559 0.879766 1.11557e-38 3
0.0603007 0.275014 0.874851 1.41988e-38 3
0.0748542 0.276559 0.879766 1.44744e-38 3
0.0895722 0.278121 0.884737 1.53934e-38 3
0.103867 0.278121 0.884737 1.64062e-38 3
0.118162 0.278121 0.884737 1.8249e-38 3
0.133971 0.2813 0.894848 1.68664e-38 3
0.150146 0.284552 0.905193 1.59452e-38 3
0.164771 0.284552 0.905193 1.46548e-38 3
0.177346 0.2813 0.894848 1.64094e-38 3
0.192907 0.282917 0.899991 1.77001e-38 3
0.21233 0.289573 0.921167 1.69604e-38 3
0.234099 0.298348 0.949081 1.79713e-38 3
0.254053 0.303873 0.966657 1.75103e-38 3
0.26004 0.293021 0.932133 1.58544e-38 3
0.256761 0.273486 0.869991 1.47531e-38 3
0.270818 0.273486 0.869991 1.58605e-38 3
0.298125 0.286206 0.910456 1.77037e-38 3
0.312835 0.286206 0.910456 1.45687e-38 3
0.331399 0.289573 0.921167 1.83487e-38 3
0.346283 0.289573 0.921167 1.48464e-38 3
0.326587 0.261848 0.83297 1.39248e-38 3
0.37605 0.289573 0.921167 1.24486e-38 3
0.357305 0.264664 0.841927 1.3462e-38 3
0.366963 0.261848 0.83297 1.30003e-38 3
0.378409 0.260463 0.828563 1.25404e-38 3
0.375886 0.249886 0.794916 1.33687e-38 3
0.386766 0.248624 0.790901 1.30921e-38 3
0.401573 0.249886 0.794916 1.17085e-38 3
0.416531 0.251161 0.798972 1.1801e-38 3
0.425103 0.248624 0.790901 1.2723e-38 3
0.435681 0.247374 0.786927 1.14326e-38 3
0.452948 0.249886 0.794916 1.09716e-38 3
0.480424 0.257736 0.819887 1.09716e-38 3
0.488556 0.255065 0.811391 1.01419e-38 3
0.501666 0.255065 0.811391 1.06029e-38 3
0.501776 0.248624 0.790901 1.02341e-38 3
0.511969 0.247374 0.786927 1.13404e-38 3
0.535447 0.252449 0.803069 1.10649e-38 3
0.556992 0.256393 0.815617 1.05117e-38 3
0.601498 0.270481 0.860431 1.01433e-38 3
0.592608 0.260463 0.828563 9.4054e-39 3
0.612476 0.263249 0.837425 8.85223e-39 3
0.632774 0.266095 0.846478 8.39125e-39 3
0.649965 0.267541 0.851078 9.221e-39 3
0.671009 0.270481 0.860431 9.95929e-39 3
0.681169 0.269003 0.855729 9.12881e-39 3
0.718555 0.278121 0.884737 8.57564e-39 3
0.73285 0.278121 0.884737 8.20685e-39 3
1.01727 0.378673 1.2046 9.68091e-39 3
1.00578 0.367369 1.16864 7.92955e-39 3
0.994964 0.356721 1.13477 7.83699e-39 3
0.957776 0.337175 1.07259 9.49759e-39 3
0.924452 0.319659 1.01687 9.68091e-39 3
0.917062 0.311566 0.991129 8.29797e-39 3
0.877536 0.293021 0.932133 9.31212e-39 3
0.83309 0.273486 0.869991 9.4958e-39 3
0.7942 0.256393 0.815617 8.02139e-39 3
0.782912 0.248624 0.790901 8.02139e-39 3
0.779935 0.2437 0.77524 7.92919e-39 3
0.792461 0.2437 0.77524 7.46785e-39 3
0.962174 0.291287 0.926618 7.19162e-39 3
0.949066 0.282917 0.899991 7.56041e-39 3
-0.629552 0.231061 0.6991 6.45333e-39 3
-0.618256 0.231061 0.6991 7.46784e-39 3
-0.617996 0.235262 0.711811 7.92811e-39 3
-0.617727 0.239619 0.724993 7.46749e-39 3
-0.611677 0.241858 0.731768 6.63737e-39 3
-0.608382 0.245297 0.742173 6.54698e-39 3
-0.613845 0.252477 0.763895 4.05841e-39 3
-0.607429 0.254964 0.771421 5.44099e-39 3
-0.606924 0.260089 0.786927 5.1626e-39 3
-0.594209 0.260089 0.786927 7.56004e-39 3
-0.572859 0.256226 0.77524 1.04181e-38 3
-0.56312 0.257501 0.779097 9.95713e-39 3
-0.576338 0.269571 0.815617 9.49651e-39 3
-0.535281 0.256226 0.77524 9.68091e-39 3
-0.515105 0.252477 0.763895 1.04181e-38 3
-0.502762 0.252477 0.763895 1.04174e-38 3
-0.500179 0.257501 0.779097 1.18932e-38 3
-0.457859 0.254964 0.771421 1.09713e-38 3
-0.44105 0.252477 0.763895 1.23542e-38 3
-0.426626 0.251251 0.760186 1.16166e-38 3
-0.422548 0.256226 0.77524 1.18925e-38 3
-0.424741 0.265424 0.803069 1.32755e-38 3
-0.427097 0.275307 0.83297 1.06018e-38 3
-0.420346 0.279771 0.846478 1.09713e-38 3
-0.404483 0.278267 0.841927 1.23542e-38 3
-0.392992 0.279771 0.846478 1.22627e-38 3
-0.381377 0.281292 0.851078 1.18932e-38 3
-0.371666 0.284383 0.860431 1.23542e-38 3
-0.357763 0.284383 0.860431 1.1801e-38 3
-0.341982 0.282829 0.855729 1.00493e-38 3
-0.328156 0.282829 0.855729 1.1801e-38 3
-0.310931 0.279771 0.846478 1.34606e-38 3
-0.292511 0.275307 0.83297 1.37371e-38 3
-0.280544 0.276779 0.837425 1.29074e-38 3
-0.267014 0.276779 0.837425 1.22624e-38 3
-0.249481 0.272409 0.824202 1.4935e-38 3
-0.236164 0.272409 0.824202 1.38286e-38 3
-0.222847 0.272409 0.824202 1.47513e-38 3
-0.214036 0.278267 0.841927 1.26308e-38 3
-0.200432 0.278267 0.841927 1.22624e-38 3
-0.186829 0.278267 0.841927 1.26312e-38 3
-0.174162 0.279771 0.846478 1.30918e-38 3
-0.159622 0.278267 0.841927 1.46598e-38 3
-0.146019 0.278267 0.841927 1.4291e-38 3
-0.131708 0.276779 0.837425 1.44747e-38 3
-0.116926 0.27385 0.828563 1.40137e-38 3
-0.102994 0.272409 0.824202 1.47502e-38 3
-0.0906311 0.275307 0.83297 1.40094e-38 3
-0.0771725 0.275307 0.83297 1.28119e-38 3
-0.0643989 0.278267 0.841927 1.40126e-38 3
-0.0513477 0.281292 0.851078 1.45658e-38 3
-0.0375964 0.281292 0.851078 1.26286e-38 3
-0.0242405 0.285954 0.865185 1.2351e-38 3
-0.0106131 0.295758 0.894848 1.38268e-38 3
0.00388976 0.299178 0.905193 1.69636e-38 3
0.0202731 0.32758 0.991129 1.72395e-38 3
0.0337257 0.304457 0.921167 1.3735e-38 3
0.0486094 0.304457 0.921167 1.40127e-38 3
0.0613286 0.294078 0.889764 1.3552e-38 3
0.0752771 0.292416 0.884737 1.54867e-38 3
0.0895722 0.292416 0.884737 1.75129e-38 3
0.103867 0.292416 0.884737 1.46519e-38 3
0.118834 0.294078 0.889764 1.50207e-38 3
0.133971 0.295758 0.894848 1.47459e-38 3
0.149283 0.297458 0.899991 1.52076e-38 3
0.163824 0.297458 0.899991 1.6682e-38 3
0.176339 0.294078 0.889764 1.86185e-38 3
0.191805 0.295758 0.894848 1.39165e-38 3
0.196174 0.281292 0.851078 1.56682e-38 3
0.205459 0.275307 0.83297 1.81557e-38 3
0.218918 0.275307 0.83297 1.71416e-38 3
0.232376 0.275307 0.83297 1.5854e-38 3
0.251179 0.281292 0.851078 1.4568e-38 3
0.26493 0.281292 0.851078 1.72427e-38 3
0.284875 0.287543 0.869991 1.53977e-38 3
0.309239 0.297458 0.899991 1.48442e-38 3
0.323781 0.297458 0.899991 1.82569e-38 3
0.311471 0.27385 0.828563 1.52144e-38 3
0.328333 0.276779 0.837425 1.29103e-38 3
0.341864 0.276779 0.837425 1.27252e-38 3
0.351634 0.27385 0.828563 1.38308e-38 3
0.355613 0.266792 0.807208 1.33694e-38 3
0.361208 0.261403 0.790901 1.32769e-38 3
0.366581 0.256226 0.77524 1.38297e-38 3
0.379107 0.256226 0.77524 1.39212e-38 3
0.391633 0.256226 0.77524 1.3368e-38 3
0.40617 0.257501 0.779097 1.33684e-38 3
0.416685 0.256226 0.77524 1.23542e-38 3
0.429211 0.256226 0.77524 1.31843e-38 3
0.439561 0.254964 0.771421 1.24468e-38 3
0.458805 0.258789 0.782992 1.18014e-38 3
0.478636 0.262729 0.794916 1.24468e-38 3
0.49148 0.262729 0.794916 1.15248e-38 3
0.49184 0.256226 0.77524 1.02341e-38 3
0.504366 0.256226 0.77524 1.06951e-38 3
0.527334 0.261403 0.790901 1.04196e-38 3
0.545624 0.26407 0.798972 9.40612e-39 3
0.576172 0.272409 0.824202 9.40684e-39 3
0.589489 0.272409 0.824202 1.11571e-38 3
0.609218 0.275307 0.83297 1.04196e-38 3
0.629372 0.278267 0.841927 1.11571e-38 3
0.646451 0.279771 0.846478 9.4054e-39 3
0.667343 0.282829 0.855729 8.85222e-39 3
0.677467 0.281292 0.851078 8.94442e-39 3
0.702675 0.285954 0.865185 9.3132e-39 3
0.724661 0.289149 0.874851 8.11538e-39 3
0.9869 0.386252 1.16864 8.02139e-39 3
0.976629 0.375056 1.13477 8.39017e-39 3
0.927737 0.349714 1.0581 9.49687e-39 3
0.908021 0.336089 1.01687 9.03553e-39 3
0.901048 0.32758 0.991129 9.7731e-39 3
0.872866 0.311793 0.943364 9.95749e-39 3
0.819033 0.287543 0.869991 8.66675e-39 3
0.781022 0.269571 0.815617 8.29725e-39 3
0.740225 0.251251 0.760186 8.94334e-39 3
0.724377 0.241858 0.731768 8.39017e-39 3
0.729384 0.239619 0.724993 8.39017e-39 3
0.741098 0.239619 0.724993 8.66639e-39 3
0.683224 0.217469 0.657977 9.12737e-39 3
-0.618507 0.238105 0.686835 6.91503e-39 3
-0.60741 0.238105 0.686835 7.83627e-39 3
-0.606961 0.242357 0.6991 6.72849e-39 3
-0.609265 0.24789 0.715061 5.34663e-39 3
-0.60322 0.250175 0.721652 3.13502e-39 3
-0.605512 0.256075 0.738672 4.33356e-39 3
-0.610866 0.263534 0.760186 6.26967e-39 3
-0.604451 0.266117 0.767639 8.29797e-39 3
-0.600885 0.270089 0.779097 8.75895e-39 3
-0.588297 0.270089 0.779097 9.95749e-39 3
-0.570037 0.267428 0.771421 9.31176e-39 3
-0.560333 0.268752 0.77524 1.00493e-38 3
-0.576338 0.28275 0.815617 9.03553e-39 3
-0.522351 0.262261 0.756514 1.05103e-38 3
-0.488873 0.251333 0.724993 1.09706e-38 3
-0.477159 0.251333 0.724993 1.12472e-38 3
-0.469795 0.253682 0.731768 1.1156e-38 3
-0.457971 0.253682 0.731768 1.09716e-38 3
-0.456821 0.259751 0.749275 1.12482e-38 3
-0.451191 0.263534 0.760186 1.05107e-38 3
-0.436788 0.262261 0.756514 1.20783e-38 3
-0.420502 0.259751 0.749275 1.14323e-38 3
-0.420467 0.267428 0.771421 1.1155e-38 3
-0.424741 0.2784 0.803069 1.0694e-38 3
-0.427097 0.288766 0.83297 1.21695e-38 3
-0.420346 0.293448 0.846478 1.26304e-38 3
-0.404483 0.291871 0.841927 1.12479e-38 3
-0.39088 0.291871 0.841927 1.17088e-38 3
-0.379316 0.293448 0.846478 1.15252e-38 3
-0.375795 0.3016 0.869991 1.03259e-38 3
-0.361738 0.3016 0.869991 1.1801e-38 3
-0.316074 0.274181 0.790901 1.26301e-38 3
-0.319428 0.288766 0.83297 1.30911e-38 3
-0.305969 0.288766 0.83297 1.31833e-38 3
-0.277737 0.274181 0.790901 1.32762e-38 3
-0.267662 0.276979 0.798972 1.29074e-38 3
-0.256059 0.2784 0.803069 1.18925e-38 3
-0.246882 0.28275 0.815617 1.30911e-38 3
-0.233704 0.28275 0.815617 1.37364e-38 3
-0.220525 0.28275 0.815617 1.33684e-38 3
-0.210638 0.287238 0.828563 1.17096e-38 3
-0.197251 0.287238 0.828563 1.3645e-38 3
-0.184842 0.288766 0.83297 1.41056e-38 3
-0.172299 0.29031 0.837425 1.28148e-38 3
-0.158769 0.29031 0.837425 1.20783e-38 3
-0.145238 0.29031 0.837425 1.3001e-38 3
-0.131007 0.288766 0.83297 1.38301e-38 3
-0.116926 0.287238 0.828563 1.4291e-38 3
-0.102994 0.285726 0.824202 1.43818e-38 3
-0.0901516 0.287238 0.828563 1.4013e-38 3
-0.0767641 0.287238 0.828563 1.08787e-38 3
-0.0637138 0.288766 0.83297 1.21691e-38 3
-0.0505239 0.29031 0.837425 1.23539e-38 3
-0.0369933 0.29031 0.837425 1.27216e-38 3
-0.0234627 0.29031 0.837425 1.34584e-38 3
-0.0103183 0.3016 0.869991 1.39194e-38 3
0.00415387 0.335111 0.966657 1.53949e-38 3
0.0197725 0.335111 0.966657 1.18911e-38 3
0.0341272 0.323142 0.932133 1.3274e-38 3
0.0454044 0.298285 0.860431 1.33662e-38 3
0.0593067 0.298285 0.860431 1.30885e-38 3
0.074436 0.303285 0.874851 1.28112e-38 3
0.0895722 0.306712 0.884737 1.47452e-38 3
0.103867 0.306712 0.884737 1.86149e-38 3
0.118834 0.308454 0.889764 1.42824e-38 3
0.13321 0.308454 0.889764 1.46537e-38 3
0.149283 0.312 0.899991 1.53002e-38 3
0.163824 0.312 0.899991 1.64054e-38 3
0.176339 0.308454 0.889764 1.86167e-38 3
0.187519 0.303285 0.874851 1.98131e-38 3
0.194065 0.291871 0.841927 1.84323e-38 3
0.201179 0.28275 0.815617 1.5208e-38 3
0.214357 0.28275 0.815617 1.49314e-38 3
0.227535 0.28275 0.815617 1.53027e-38 3
0.245835 0.288766 0.83297 1.56743e-38 3
0.284875 0.3016 0.869991 7.56111e-39 3
0.331399 0.319341 0.921167 1.56743e-38 3
0.314803 0.29031 0.837425 1.3185e-38 3
0.328333 0.29031 0.837425 1.18032e-38 3
0.341864 0.29031 0.837425 1.34627e-38 3
0.337354 0.275573 0.794916 1.27248e-38 3
0.348429 0.274181 0.790901 1.29081e-38 3
0.355817 0.270089 0.779097 1.25393e-38 3
0.361217 0.264819 0.763895 1.32762e-38 3
0.371746 0.263534 0.760186 1.4013e-38 3
0.384029 0.263534 0.760186 1.40119e-38 3
0.398245 0.264819 0.763895 1.40119e-38 3
0.408594 0.263534 0.760186 1.31833e-38 3
0.420877 0.263534 0.760186 1.35524e-38 3
0.428994 0.261 0.752877 1.27234e-38 3
0.445442 0.263534 0.760186 1.23546e-38 3
0.464489 0.267428 0.771421 1.17103e-38 3
0.474615 0.266117 0.767639 1.17106e-38 3
0.48229 0.263534 0.760186 1.17092e-38 3
0.494572 0.263534 0.760186 1.1156e-38 3
0.522061 0.27144 0.782992 1.12482e-38 3
0.537399 0.272804 0.786927 1.07887e-38 3
0.564292 0.279835 0.807208 1.01444e-38 3
0.577334 0.279835 0.807208 1.05117e-38 3
0.599649 0.28423 0.819887 1.00508e-38 3
0.612897 0.28423 0.819887 1.09727e-38 3
0.56412 0.256075 0.738672 1.02352e-38 3
0.565388 0.251333 0.724993 8.76039e-39 3
0.577102 0.251333 0.724993 1.03281e-38 3
0.893545 0.36681 1.0581 8.94442e-39 3
0.875161 0.352519 1.01687 8.39125e-39 3
0.869019 0.343595 0.991129 9.03554e-39 3
0.873971 0.3393 0.97874 8.57456e-39 3
0.868082 0.331024 0.954868 7.83772e-39 3
0.804976 0.3016 0.869991 8.75895e-39 3
0.767844 0.28275 0.815617 1.02334e-38 3
0.727943 0.263534 0.760186 9.0341e-39 3
0.712553 0.253682 0.731768 8.57384e-39 3
0.71767 0.251333 0.724993 8.66604e-39 3
0.716122 0.246763 0.711811 8.57384e-39 3
0.721068 0.24454 0.705398 8.66639e-39 3
0.671931 0.22433 0.647101 8.75787e-39 3
-0.613129 0.247035 0.680863 7.46784e-39 3
-0.602128 0.247035 0.680863 7.55968e-39 3
-0.60159 0.251408 0.692913 6.45226e-39 3
-0.601031 0.255938 0.705398 4.97821e-39 3
-0.589634 0.255938 0.705398 4.05697e-39 3
-0.59156 0.261835 0.721652 8.11358e-39 3
-0.59079 0.266752 0.735204 9.68055e-39 3
-0.587181 0.270563 0.745707 9.31176e-39 3
-0.5863 0.275816 0.760186 1.06029e-38 3
-0.576818 0.277162 0.763895 9.03553e-39 3
-0.564475 0.277162 0.763895 9.58835e-39 3
-0.554839 0.27852 0.767639 1.09713e-38 3
-0.521967 0.26801 0.738672 9.12809e-39 3
-0.502915 0.264271 0.728365 9.40324e-39 3
-0.482176 0.259444 0.715061 1.02323e-38 3
-0.460117 0.253653 0.6991 1.06018e-38 3
-0.429641 0.242813 0.669224 9.49615e-39 3
-0.417046 0.241779 0.666376 1.14323e-38 3
-0.422458 0.251408 0.692913 1.29996e-38 3
-0.411263 0.251408 0.692913 1.12479e-38 3
-0.403639 0.253653 0.6991 1.24468e-38 3
-0.395878 0.255938 0.705398 1.1801e-38 3
-0.414343 0.275816 0.760186 1.14323e-38 3
-0.416203 0.285518 0.786927 1.14319e-38 3
-0.424837 0.300625 0.828563 1.17085e-38 3
-0.41145 0.300625 0.828563 1.38293e-38 3
-0.389813 0.294395 0.811391 1.10635e-38 3
-0.35293 0.275816 0.760186 1.0972e-38 3
-0.343987 0.27852 0.767639 1.12486e-38 3
-0.341632 0.28696 0.790901 1.15245e-38 3
-0.328853 0.28696 0.790901 1.23542e-38 3
-0.279387 0.253653 0.6991 1.33677e-38 3
-0.270507 0.255938 0.705398 1.30914e-38 3
-0.299595 0.295928 0.815617 1.12479e-38 3
-0.286417 0.295928 0.815617 1.1801e-38 3
-0.259712 0.281278 0.77524 1.19858e-38 3
-0.25218 0.28696 0.790901 1.17088e-38 3
-0.239401 0.28696 0.790901 1.34598e-38 3
-0.226622 0.28696 0.790901 1.39208e-38 3
-0.216025 0.289889 0.798972 1.40145e-38 3
-0.204157 0.291375 0.803069 1.46598e-38 3
-0.191182 0.291375 0.803069 1.37371e-38 3
-0.179125 0.292877 0.807208 1.37368e-38 3
-0.168691 0.297477 0.819887 1.2907e-38 3
-0.155444 0.297477 0.819887 1.37379e-38 3
-0.142945 0.299043 0.824202 1.35538e-38 3
-0.129628 0.299043 0.824202 1.48442e-38 3
-0.116311 0.299043 0.824202 1.42907e-38 3
-0.102455 0.297477 0.819887 1.41981e-38 3
-0.0887429 0.295928 0.815617 1.43825e-38 3
-0.0759603 0.297477 0.819887 1.28152e-38 3
-0.0623864 0.295928 0.815617 1.48435e-38 3
-0.0489532 0.294395 0.811391 1.48435e-38 3
-0.0354756 0.291375 0.803069 1.34595e-38 3
-0.0222717 0.288417 0.794916 1.49339e-38 3
-0.00938029 0.28696 0.790901 1.53952e-38 3
0.00317419 0.26801 0.738672 1.41967e-38 3
0.0168587 0.299043 0.824202 1.55796e-38 3
0.0315021 0.312188 0.860431 1.39194e-38 3
0.0434926 0.299043 0.824202 1.42882e-38 3
0.0562178 0.295928 0.815617 1.53934e-38 3
0.0693961 0.295928 0.815617 1.56686e-38 3
0.0825744 0.295928 0.815617 1.93535e-38 3
0.102707 0.31742 0.874851 1.92585e-38 3
0.116842 0.31742 0.874851 1.99045e-38 3
0.131713 0.319203 0.879766 1.61281e-38 3
0.147586 0.32283 0.889764 1.42874e-38 3
0.162888 0.324675 0.894848 1.4564e-38 3
0.173383 0.31742 0.874851 1.56679e-38 3
0.174822 0.295928 0.815617 1.69564e-38 3
0.189979 0.299043 0.824202 1.59444e-38 3
0.201179 0.295928 0.815617 1.60388e-38 3
0.216613 0.299043 0.824202 1.24428e-38 3
0.22993 0.299043 0.824202 1.29981e-38 3
0.256761 0.315656 0.869991 1.71491e-38 3
0.350405 0.338203 0.932133 8.29867e-39 3
0.361167 0.334224 0.921167 7.37744e-39 3
0.367405 0.326541 0.899991 1.20794e-38 3
0.357305 0.305474 0.841927 1.23553e-38 3
0.344945 0.284091 0.782992 1.06947e-38 3
0.342197 0.271857 0.749275 1.00497e-38 3
0.34929 0.26801 0.738672 1.08791e-38 3
0.361225 0.26801 0.738672 1.18925e-38 3
0.37316 0.26801 0.738672 1.43807e-38 3
0.385095 0.26801 0.738672 1.438e-38 3
0.395166 0.266752 0.735204 1.47491e-38 3
0.407045 0.266752 0.735204 1.39201e-38 3
0.418924 0.266752 0.735204 1.31833e-38 3
0.430803 0.266752 0.735204 1.18007e-38 3
0.442682 0.266752 0.735204 1.15248e-38 3
0.450332 0.264271 0.728365 1.17103e-38 3
0.46644 0.266752 0.735204 1.08795e-38 3
0.482853 0.26928 0.742173 1.09716e-38 3
0.514346 0.279892 0.771421 1.15245e-38 3
0.504445 0.26801 0.738672 1.03274e-38 3
0.51638 0.26801 0.738672 1.07887e-38 3
0.528315 0.26801 0.738672 1.09727e-38 3
0.590376 0.292877 0.807208 1.16181e-38 3
0.603419 0.292877 0.807208 1.06039e-38 3
0.538709 0.255938 0.705398 1.10649e-38 3
0.545195 0.253653 0.6991 1.02352e-38 3
0.556491 0.253653 0.6991 9.3132e-39 3
0.557825 0.249202 0.686835 9.77382e-39 3
0.561534 0.245966 0.677915 1.06951e-38 3
0.842343 0.355114 0.97874 9.77382e-39 3
0.847562 0.350729 0.966657 9.31212e-39 3
0.852654 0.346452 0.954868 8.94262e-39 3
0.837444 0.334224 0.921167 9.12773e-39 3
0.804976 0.315656 0.869991 8.20506e-39 3
0.767844 0.295928 0.815617 8.2047e-39 3
0.714077 0.270563 0.745707 9.21778e-39 3
0.705956 0.263047 0.724993 8.94191e-39 3
0.704621 0.258264 0.711811 8.94191e-39 3
0.709671 0.255938 0.705398 8.57348e-39 3
0.721068 0.255938 0.705398 8.38909e-39 3
-0.602648 0.253626 0.669224 6.26859e-39 3
-0.591835 0.253626 0.669224 5.06896e-39 3
-0.591127 0.258036 0.680863 5.1626e-39 3
-0.587793 0.261447 0.689861 5.1626e-39 3
-0.574117 0.2603 0.686835 7.28382e-39 3
-0.575644 0.266136 0.702235 9.21957e-39 3
-0.574604 0.270997 0.715061 7.7448e-39 3
-0.570871 0.274761 0.724993 8.20577e-39 3
-0.561758 0.276039 0.728365 9.95749e-39 3
-0.560415 0.281272 0.742173 9.12773e-39 3
-0.559021 0.286707 0.756514 1.02337e-38 3
-0.552133 0.289504 0.763895 8.57419e-39 3
-0.517089 0.277329 0.731768 9.03517e-39 3
-0.487057 0.267335 0.705398 9.12665e-39 3
-0.47566 0.267335 0.705398 1.06933e-38 3
-0.412265 0.237394 0.626394 1.13386e-38 3
-0.403759 0.238347 0.628909 9.12737e-39 3
-0.393598 0.238347 0.628909 1.06947e-38 3
-0.377374 0.234579 0.618966 1.20776e-38 3
-0.361655 0.230928 0.609332 1.07869e-38 3
-0.355965 0.233655 0.616529 9.31176e-39 3
-0.382108 0.258036 0.680863 9.21956e-39 3
-0.381048 0.264948 0.6991 1.13408e-38 3
-0.369752 0.264948 0.6991 1.01422e-38 3
-0.361686 0.267335 0.705398 1.17088e-38 3
-0.350288 0.267335 0.705398 1.18932e-38 3
-0.320144 0.252546 0.666376 1.12486e-38 3
-0.310699 0.253626 0.669224 1.11564e-38 3
-0.299886 0.253626 0.669224 1.18018e-38 3
-0.289073 0.253626 0.669224 1.07869e-38 3
-0.290683 0.264948 0.6991 1.15245e-38 3
-0.279387 0.264948 0.6991 1.27223e-38 3
-0.261098 0.258036 0.680863 1.1801e-38 3
-0.263864 0.27224 0.718341 1.23542e-38 3
-0.256972 0.277329 0.731768 1.23546e-38 3
-0.264959 0.299739 0.790901 1.24468e-38 3
-0.25218 0.299739 0.790901 1.22627e-38 3
-0.239401 0.299739 0.790901 1.25386e-38 3
-0.226622 0.299739 0.790901 1.29996e-38 3
-0.214928 0.301261 0.794916 1.27237e-38 3
-0.202085 0.301261 0.794916 1.21709e-38 3
-0.189241 0.301261 0.794916 1.30918e-38 3
-0.176397 0.301261 0.794916 1.17085e-38 3
-0.166082 0.30592 0.807208 1.16163e-38 3
-0.15304 0.30592 0.807208 1.30003e-38 3
-0.140723 0.307505 0.811391 1.54896e-38 3
-0.128278 0.309106 0.815617 1.42903e-38 3
-0.115702 0.310725 0.819887 1.40137e-38 3
-0.101921 0.309106 0.815617 1.44747e-38 3
-0.0887429 0.309106 0.815617 1.59498e-38 3
-0.0759603 0.310725 0.819887 1.46591e-38 3
-0.0623864 0.309106 0.815617 1.54889e-38 3
-0.0489532 0.307505 0.811391 1.49361e-38 3
-0.0352946 0.302798 0.798972 1.66874e-38 3
-0.0221592 0.299739 0.790901 1.59491e-38 3
-0.00876084 0.279945 0.738672 1.53041e-38 3
0.00314452 0.277329 0.731768 1.51197e-38 3
0.0148294 0.274761 0.724993 1.40119e-38 3
0.0262999 0.27224 0.718341 1.67778e-38 3
0.0379064 0.27224 0.718341 1.55789e-38 3
0.0529109 0.290923 0.767639 1.59466e-38 3
0.065314 0.290923 0.767639 1.69582e-38 3
0.0784865 0.293804 0.77524 1.82461e-38 3
0.0910124 0.293804 0.77524 1.92581e-38 3
0.104574 0.296742 0.782992 1.77837e-38 3
0.118409 0.299739 0.790901 1.51147e-38 3
0.129876 0.296742 0.782992 1.44736e-38 3
0.141116 0.293804 0.77524 1.40123e-38 3
0.126161 0.241254 0.636579 1.43796e-38 3
0.136447 0.241254 0.636579 1.36392e-38 3
0.146138 0.240277 0.634002 1.17052e-38 3
0.178825 0.274761 0.724993 1.03248e-38 3
0.287413 0.39045 1.03025 1.32762e-38 3
0.271865 0.349108 0.921167 1.44747e-38 3
0.339385 0.35752 0.943364 1.83476e-38 3
0.354627 0.35752 0.943364 1.77023e-38 3
0.365466 0.353264 0.932133 1.64112e-38 3
0.355159 0.329713 0.869991 1.32765e-38 3
0.349783 0.31236 0.824202 9.03552e-39 3
0.351985 0.302798 0.798972 9.21956e-39 3
0.347181 0.288099 0.760186 1.32762e-38 3
0.352616 0.282611 0.745707 1.58569e-38 3
0.359529 0.278631 0.735204 1.41963e-38 3
0.369672 0.277329 0.731768 1.33662e-38 3
0.381496 0.277329 0.731768 1.39197e-38 3
0.389678 0.274761 0.724993 1.22602e-38 3
0.401392 0.274761 0.724993 1.39197e-38 3
0.413106 0.274761 0.724993 1.41963e-38 3
0.422862 0.273495 0.721652 1.29989e-38 3
0.432529 0.27224 0.718341 1.14319e-38 3
0.444135 0.27224 0.718341 1.11571e-38 3
0.431964 0.258036 0.680863 1.23546e-38 3
0.478319 0.278631 0.735204 1.18014e-38 3
0.509328 0.289504 0.763895 1.48439e-38 3
0.504445 0.279945 0.738672 1.38297e-38 3
0.488717 0.264948 0.6991 1.13404e-38 3
0.500013 0.264948 0.6991 1.10649e-38 3
0.511308 0.264948 0.6991 1.13415e-38 3
0.522604 0.264948 0.6991 1.18947e-38 3
0.529175 0.262603 0.692913 1.06961e-38 3
0.54037 0.262603 0.692913 1.04196e-38 3
0.523756 0.249363 0.657977 9.21993e-39 3
0.545855 0.254714 0.672096 1.03263e-38 3
0.556714 0.254714 0.672096 1.06951e-38 3
0.831944 0.366348 0.966657 1.03263e-38 3
0.847562 0.366348 0.966657 9.68019e-39 3
0.852654 0.36188 0.954868 1.01412e-38 3
0.837444 0.349108 0.921167 7.46785e-39 3
0.823271 0.337207 0.889764 8.01995e-39 3
0.767844 0.309106 0.815617 8.57205e-39 3
0.714077 0.282611 0.745707 1.01387e-38 3
0.705956 0.274761 0.724993 9.58548e-39 3
0.704621 0.269765 0.711811 9.86207e-39 3
0.709671 0.267335 0.705398 9.67803e-39 3
-0.59252 0.259994 0.657977 6.17567e-39 3
-0.581888 0.259994 0.657977 5.06897e-39 3
-0.571257 0.259994 0.657977 5.07005e-39 3
-0.582659 0.270212 0.683836 6.73065e-39 3
-0.57161 0.270212 0.683836 8.57456e-39 3
-0.570527 0.275016 0.695993 7.92919e-39 3
-0.564297 0.277483 0.702235 8.20577e-39 3
-0.540825 0.271397 0.686835 7.28382e-39 3
-0.529728 0.271397 0.686835 8.39017e-39 3
-0.51863 0.271397 0.686835 9.49651e-39 3
-0.507533 0.271397 0.686835 9.58835e-39 3
-0.496435 0.271397 0.686835 1.01415e-38 3
-0.468885 0.262197 0.663553 9.21956e-39 3
-0.409571 0.234389 0.593176 1.05089e-38 3
-0.399987 0.234389 0.593176 1.34584e-38 3
-0.396409 0.237995 0.602302 1.06933e-38 3
-0.391191 0.240773 0.609332 1.0878e-38 3
-0.384337 0.242661 0.614111 9.12665e-39 3
-0.370061 0.23984 0.606971 1.1155e-38 3
-0.357482 0.237995 0.602302 1.07862e-38 3
-0.350446 0.23984 0.606971 1.06025e-38 3
-0.346004 0.243617 0.616529 1.0972e-38 3
-0.340059 0.246528 0.623898 1.14326e-38 3
-0.357002 0.266718 0.674993 1.06961e-38 3
-0.329075 0.253601 0.641797 1.18014e-38 3
-0.32674 0.259994 0.657977 1.29081e-38 3
-0.317442 0.261091 0.660753 1.26315e-38 3
-0.309377 0.263313 0.666376 1.18947e-38 3
-0.29861 0.263313 0.666376 1.1894e-38 3
-0.289073 0.264439 0.669224 1.17088e-38 3
-0.275902 0.262197 0.663553 1.2723e-38 3
-0.262953 0.259994 0.657977 1.41052e-38 3
-0.246117 0.253601 0.641797 1.46591e-38 3
-0.228263 0.24555 0.621422 1.05107e-38 3
-0.218222 0.24555 0.621422 1.09716e-38 3
-0.208182 0.24555 0.621422 1.13415e-38 3
-0.244763 0.303327 0.767639 1.34613e-38 3
-0.235828 0.307854 0.779097 1.30918e-38 3
-0.223239 0.307854 0.779097 1.33687e-38 3
-0.211704 0.309393 0.782992 1.33694e-38 3
-0.199053 0.309393 0.782992 1.39223e-38 3
-0.185475 0.307854 0.779097 1.29074e-38 3
-0.173751 0.309393 0.782992 1.2907e-38 3
-0.163553 0.314105 0.794916 1.26304e-38 3
-0.151478 0.315707 0.798972 1.51208e-38 3
-0.13928 0.317326 0.803069 1.50282e-38 3
-0.126955 0.318962 0.807208 1.41981e-38 3
-0.115099 0.322284 0.815617 1.46584e-38 3
-0.101921 0.322284 0.815617 1.33684e-38 3
-0.0878281 0.318962 0.807208 1.43829e-38 3
-0.0747857 0.318962 0.807208 1.44751e-38 3
-0.0617433 0.318962 0.807208 1.53048e-38 3
-0.0487009 0.318962 0.807208 1.45676e-38 3
-0.0349381 0.312518 0.790901 1.48435e-38 3
-0.0221592 0.312518 0.790901 1.59491e-38 3
-0.00928649 0.309393 0.782992 1.49357e-38 3
0.00314452 0.289152 0.731768 1.42903e-38 3
0.0146934 0.283847 0.718341 1.4013e-38 3
0.0259429 0.279994 0.70859 1.40119e-38 3
0.0365646 0.273799 0.692913 1.52101e-38 3
0.0473414 0.271397 0.686835 1.59459e-38 3
0.0579307 0.269037 0.680863 1.7327e-38 3
0.0754966 0.29466 0.745707 1.52969e-38 3
0.0859089 0.289152 0.731768 1.64026e-38 3
0.0959391 0.283847 0.718341 1.63107e-38 3
0.0937798 0.247514 0.626394 1.48399e-38 3
0.103901 0.247514 0.626394 1.76097e-38 3
0.11448 0.248508 0.628909 1.91752e-38 3
0.125144 0.249511 0.631445 1.39187e-38 3
0.135894 0.250521 0.634002 1.3641e-38 3
0.146138 0.250521 0.634002 1.29056e-38 3
0.157658 0.252566 0.639177 1.3184e-38 3
0.304059 0.407096 1.03025 1.42899e-38 3
0.343524 0.377309 0.954868 1.55814e-38 3
0.354627 0.372763 0.943364 1.29999e-38 3
0.369869 0.372763 0.943364 1.33684e-38 3
0.355159 0.34377 0.869991 1.06947e-38 3
0.339075 0.315707 0.798972 1.37364e-38 3
0.34153 0.30633 0.77524 1.50275e-38 3
0.343842 0.297493 0.752877 1.29996e-38 3
0.352616 0.29466 0.745707 1.23535e-38 3
0.359529 0.29051 0.735204 1.28134e-38 3
0.367953 0.287807 0.728365 1.3551e-38 3
0.379721 0.287807 0.728365 1.17074e-38 3
0.382593 0.281266 0.711811 1.22613e-38 3
0.394094 0.281266 0.711811 1.23539e-38 3
0.38796 0.269037 0.680863 1.3274e-38 3
0.398961 0.269037 0.680863 1.29056e-38 3
0.402954 0.264439 0.669224 1.06021e-38 3
0.408529 0.261091 0.660753 1.05114e-38 3
0.407179 0.253601 0.641797 1.07873e-38 3
0.417549 0.253601 0.641797 1.15245e-38 3
0.426172 0.252566 0.639177 1.2539e-38 3
0.436499 0.252566 0.639177 1.38301e-38 3
0.443209 0.250521 0.634002 1.18936e-38 3
0.449811 0.248508 0.628909 1.10649e-38 3
0.458132 0.247514 0.626394 1.12493e-38 3
0.466388 0.246528 0.623898 1.06039e-38 3
0.474577 0.24555 0.621422 1.14337e-38 3
0.492434 0.249511 0.631445 1.18025e-38 3
0.515099 0.255697 0.647101 1.12482e-38 3
0.536642 0.261091 0.660753 1.09716e-38 3
0.556714 0.265573 0.672096 1.09709e-38 3
0.842343 0.386741 0.97874 1.02334e-38 3
0.858157 0.386741 0.97874 1.0049e-38 3
0.868082 0.377309 0.954868 9.67947e-39 3
0.842417 0.359759 0.910456 9.67947e-39 3
0.767844 0.322284 0.815617 1.00468e-38 3
0.694242 0.286475 0.724993 9.40109e-39 3
0.69312 0.281266 0.711811 9.49221e-39 3
0.698273 0.278732 0.705398 1.0045e-38 3
-0.582726 0.266152 0.647101 6.26751e-39 3
-0.56758 0.263971 0.641797 7.65152e-39 3
-0.55721 0.263971 0.641797 6.36115e-39 3
-0.52948 0.255591 0.621422 6.91504e-39 3
-0.511323 0.251597 0.611713 7.7448e-39 3
-0.50144 0.251597 0.611713 8.29797e-39 3
-0.528732 0.270625 0.657977 7.46785e-39 3
-0.49721 0.259713 0.631445 8.57419e-39 3
-0.525121 0.280038 0.680863 8.57491e-39 3
-0.51863 0.282495 0.686835 8.11393e-39 3
-0.507533 0.282495 0.686835 9.31176e-39 3
-0.479607 0.272919 0.663553 1.06947e-38 3
-0.397525 0.236797 0.575729 9.95569e-39 3
-0.389655 0.237671 0.577854 1.00479e-38 3
-0.380318 0.237671 0.577854 1.24442e-38 3
-0.377955 0.242138 0.588716 9.7713e-39 3
-0.371234 0.243973 0.593176 9.77202e-39 3
-0.365807 0.246777 0.599994 1.0694e-38 3
-0.356113 0.246777 0.599994 1.05103e-38 3
-0.347751 0.247726 0.602302 9.31176e-39 3
-0.347371 0.25458 0.618966 1.01415e-38 3
-0.340059 0.256609 0.623898 1.07876e-38 3
-0.332628 0.25867 0.628909 1.17096e-38 3
-0.325078 0.260765 0.634002 1.07883e-38 3
-0.322672 0.267257 0.649786 1.18025e-38 3
-0.314786 0.269493 0.655223 1.0511e-38 3
-0.305477 0.270625 0.657977 1.22627e-38 3
-0.29609 0.271767 0.660753 1.17088e-38 3
-0.284215 0.270625 0.657977 1.15245e-38 3
-0.273584 0.270625 0.657977 1.1801e-38 3
-0.256486 0.263971 0.641797 1.13401e-38 3
-0.238303 0.255591 0.621422 1.32762e-38 3
-0.209935 0.235069 0.571527 1.07869e-38 3
-0.218222 0.255591 0.621422 1.08794e-38 3
-0.208182 0.255591 0.621422 1.1894e-38 3
-0.230104 0.312664 0.760186 1.35531e-38 3
-0.22104 0.317285 0.771421 1.48438e-38 3
-0.208576 0.317285 0.771421 1.4752e-38 3
-0.196112 0.317285 0.771421 1.40141e-38 3
-0.183648 0.317285 0.771421 1.13401e-38 3
-0.171183 0.317285 0.771421 1.34606e-38 3
-0.160298 0.320442 0.779097 1.15252e-38 3
-0.150709 0.326948 0.794916 1.51197e-38 3
-0.137866 0.326948 0.794916 1.34609e-38 3
-0.12566 0.328617 0.798972 1.39219e-38 3
-0.115099 0.335463 0.815617 1.25386e-38 3
-0.101393 0.333725 0.811391 1.4013e-38 3
-0.0873777 0.330302 0.803069 1.48435e-38 3
-0.0744022 0.330302 0.803069 1.54896e-38 3
-0.0620632 0.333725 0.811391 1.53974e-38 3
-0.0489532 0.333725 0.811391 1.51201e-38 3
-0.0349381 0.325297 0.790901 1.53967e-38 3
-0.0220478 0.323662 0.786927 1.44747e-38 3
-0.00977525 0.338994 0.824202 1.51194e-38 3
0.00314452 0.300976 0.731768 1.50279e-38 3
0.0148294 0.298189 0.724993 1.44747e-38 3
0.0259429 0.291443 0.70859 1.41974e-38 3
0.0368911 0.287539 0.6991 1.62243e-38 3
0.0473414 0.282495 0.686835 1.59459e-38 3
0.0579307 0.280038 0.680863 1.5392e-38 3
0.0701517 0.284995 0.692913 1.50225e-38 3
0.0792435 0.277624 0.674993 1.53005e-38 3
0.0839949 0.25867 0.628909 1.41945e-38 3
0.0934062 0.256609 0.623898 1.2445e-38 3
0.103487 0.256609 0.623898 1.40141e-38 3
0.114022 0.257635 0.626394 1.78849e-38 3
0.125144 0.259713 0.631445 1.74214e-38 3
0.135894 0.260765 0.634002 1.41027e-38 3
0.146138 0.260765 0.634002 1.43811e-38 3
0.157658 0.262893 0.639177 1.55807e-38 3
0.339831 0.473594 1.15146 2.32336e-38 3
0.352112 0.402555 0.97874 1.10635e-38 3
0.358952 0.392737 0.954868 1.14322e-38 3
0.37438 0.392737 0.954868 1.08791e-38 3
0.355159 0.357827 0.869991 1.41048e-38 3
0.329004 0.318856 0.77524 1.5764e-38 3
0.331678 0.309658 0.752877 1.50264e-38 3
0.332648 0.299576 0.728365 1.52119e-38 3
0.344416 0.299576 0.728365 1.45651e-38 3
0.354536 0.298189 0.724993 1.40119e-38 3
0.364562 0.296815 0.721652 1.28152e-38 3
0.364465 0.287539 0.6991 1.31833e-38 3
0.369168 0.282495 0.686835 1.28152e-38 3
0.370515 0.275251 0.669224 1.24464e-38 3
0.374919 0.270625 0.657977 1.18914e-38 3
0.394524 0.269493 0.655223 1.38286e-38 3
0.396809 0.263971 0.641797 1.35528e-38 3
0.402234 0.260765 0.634002 1.13404e-38 3
0.412477 0.260765 0.634002 1.18936e-38 3
0.422721 0.260765 0.634002 1.2539e-38 3
0.434725 0.261825 0.636579 1.2078e-38 3
0.443209 0.260765 0.634002 1.23557e-38 3
0.453453 0.260765 0.634002 1.29074e-38 3
0.461827 0.259713 0.631445 1.26312e-38 3
0.468253 0.257635 0.626394 1.07883e-38 3
0.478374 0.257635 0.626394 1.10649e-38 3
0.494428 0.260765 0.634002 1.20791e-38 3
0.508792 0.262893 0.639177 1.12482e-38 3
0.519119 0.262893 0.639177 1.00497e-38 3
0.527294 0.261825 0.636579 1.04181e-38 3
0.553325 0.269493 0.655223 1.02334e-38 3
0.831944 0.397585 0.966657 1.07865e-38 3
0.858157 0.402555 0.97874 1.08787e-38 3
0.754665 0.335463 0.815617 1.07851e-38 3
0.664081 0.29013 0.705398 1.13365e-38 3
0.669447 0.287539 0.6991 1.12436e-38 3
0.680743 0.287539 0.6991 1.15194e-38 3
-0.577949 0.27434 0.641797 7.55932e-39 3
-0.562965 0.27211 0.636579 7.74444e-39 3
-0.539521 0.265631 0.621422 6.54589e-39 3
-0.521207 0.261481 0.611713 6.36115e-39 3
-0.499614 0.255493 0.597704 7.74444e-39 3
-0.482588 0.251651 0.588716 7.28346e-39 3
-0.473076 0.251651 0.588716 1.01415e-38 3
-0.481672 0.261481 0.611713 8.20541e-39 3
-0.487008 0.269916 0.631445 8.11322e-39 3
-0.442137 0.261481 0.611713 8.38908e-39 3
-0.398047 0.240788 0.563304 8.48164e-39 3
-0.387551 0.239925 0.561285 8.20505e-39 3
-0.382596 0.242533 0.567386 1.23528e-38 3
-0.386016 0.250708 0.586511 1.13386e-38 3
-0.379381 0.2526 0.590937 9.31104e-39 3
-0.369833 0.2526 0.590937 1.26301e-38 3
-0.363025 0.254521 0.595431 1.11557e-38 3
-0.353405 0.254521 0.595431 1.1801e-38 3
-0.346418 0.256472 0.599994 9.40431e-39 3
-0.34875 0.265631 0.621422 1.10642e-38 3
-0.341419 0.267756 0.626394 1.0511e-38 3
-0.332628 0.268832 0.628909 1.14341e-38 3
-0.337371 0.281257 0.657977 1.21709e-38 3
-0.321339 0.276608 0.647101 1.02344e-38 3
-0.308335 0.27434 0.641797 1.29999e-38 3
-0.300428 0.276608 0.647101 1.19854e-38 3
-0.292389 0.278913 0.652493 1.29996e-38 3
-0.277226 0.27434 0.641797 1.12479e-38 3
-0.266856 0.27434 0.641797 1.12486e-38 3
-0.248344 0.265631 0.621422 1.14333e-38 3
-0.23458 0.261481 0.611713 1.20776e-38 3
-0.206173 0.239925 0.561285 1.3645e-38 3
-0.198527 0.241657 0.565337 1.36453e-38 3
-0.188711 0.240788 0.563304 1.0511e-38 3
-0.178966 0.239925 0.561285 1.26308e-38 3
-0.198545 0.296191 0.692913 1.26315e-38 3
-0.189022 0.298835 0.6991 1.40141e-38 3
-0.193256 0.324947 0.760186 1.22627e-38 3
-0.182747 0.328133 0.767639 1.26312e-38 3
-0.171183 0.329749 0.771421 1.33691e-38 3
-0.166082 0.345047 0.807208 1.33691e-38 3
-0.150709 0.339792 0.794916 1.23538e-38 3
-0.13648 0.336377 0.786927 1.4013e-38 3
-0.125022 0.339792 0.794916 1.29989e-38 3
-0.112751 0.341526 0.798972 1.3184e-38 3
-0.0998412 0.341526 0.798972 1.35528e-38 3
-0.0623864 0.348641 0.815617 1.49364e-38 3
-0.0492082 0.348641 0.815617 1.44754e-38 3
-0.0360299 0.348641 0.815617 1.51208e-38 3
-0.0222717 0.339792 0.794916 1.55811e-38 3
-0.0095737 0.345047 0.807208 1.52123e-38 3
0.00311541 0.309903 0.724993 1.3645e-38 3
0.0144286 0.301527 0.705398 1.41059e-38 3
0.0249277 0.291039 0.680863 1.47513e-38 3
0.0359287 0.291039 0.680863 1.40119e-38 3
0.0467265 0.289779 0.677915 1.50239e-38 3
0.0555169 0.278913 0.652493 1.54846e-38 3
0.0629138 0.265631 0.621422 1.36417e-38 3
0.073538 0.267756 0.626394 1.36439e-38 3
0.0833256 0.26669 0.623898 1.17996e-38 3
0.0926678 0.264581 0.618966 1.25379e-38 3
0.103076 0.265631 0.621422 1.34602e-38 3
0.114022 0.267756 0.626394 1.35517e-38 3
0.125144 0.269916 0.631445 1.37346e-38 3
0.135894 0.271008 0.634002 1.50261e-38 3
0.144964 0.268832 0.628909 1.39208e-38 3
0.379002 0.413204 0.966657 1.35531e-38 3
0.389808 0.408165 0.954868 1.36439e-38 3
0.319513 0.321822 0.752877 1.32733e-38 3
0.279308 0.271008 0.634002 1.29045e-38 3
0.289552 0.271008 0.634002 1.33666e-38 3
0.341242 0.308475 0.721652 1.34577e-38 3
0.351283 0.30706 0.718341 1.41034e-38 3
0.361232 0.305658 0.715061 1.37364e-38 3
0.358071 0.293592 0.686835 1.24461e-38 3
0.359702 0.286064 0.669224 1.26308e-38 3
0.364288 0.281257 0.657977 1.35528e-38 3
0.39125 0.277755 0.649786 1.19854e-38 3
0.39199 0.271008 0.634002 1.10635e-38 3
0.399003 0.268832 0.628909 1.12479e-38 3
0.412477 0.271008 0.634002 1.19854e-38 3
0.422721 0.271008 0.634002 1.20776e-38 3
0.434725 0.27211 0.636579 1.19858e-38 3
0.441422 0.269916 0.631445 1.22624e-38 3
0.451624 0.269916 0.631445 1.21698e-38 3
0.461827 0.269916 0.631445 1.1156e-38 3
0.453734 0.259454 0.606971 1.18014e-38 3
0.458213 0.256472 0.599994 1.07883e-38 3
0.480802 0.26354 0.616529 1.13404e-38 3
0.508737 0.267756 0.626394 9.77274e-39 3
0.51679 0.26669 0.623898 9.21957e-39 3
0.535403 0.271008 0.634002 1.09706e-38 3
0.575961 0.286064 0.669224 1.08784e-38 3
0.521774 0.249773 0.584322 1.13379e-38 3
0.521485 0.245198 0.573621 1.08759e-38 3
0.521208 0.240788 0.563304 1.14283e-38 3
0.530309 0.240788 0.563304 1.15194e-38 3
0.640699 0.281257 0.657977 1.27162e-38 3
-0.577949 0.28471 0.641797 8.66639e-39 3
-0.553958 0.277877 0.626394 6.91467e-39 3
-0.531091 0.271364 0.611713 7.37565e-39 3
-0.509271 0.26515 0.597704 8.38981e-39 3
-0.488428 0.259214 0.584322 9.31104e-39 3
-0.461757 0.24989 0.563304 9.67983e-39 3
-0.449423 0.248105 0.55928 9.58835e-39 3
-0.446768 0.2517 0.567386 8.11322e-39 3
-0.46453 0.26719 0.602302 8.3898e-39 3
-0.40424 0.248105 0.55928 9.6791e-39 3
-0.39662 0.248994 0.561285 7.65223e-39 3
-0.388945 0.24989 0.563304 9.31104e-39 3
-0.382596 0.2517 0.567386 1.05099e-38 3
-0.376154 0.253538 0.571527 1.06021e-38 3
-0.36692 0.253538 0.571527 9.40359e-39 3
-0.352539 0.24989 0.563304 8.57419e-39 3
-0.340984 0.248105 0.55928 1.14323e-38 3
-0.331948 0.248105 0.55928 1.03266e-38 3
-0.339907 0.261163 0.588716 1.13408e-38 3
-0.338019 0.26719 0.602302 1.13404e-38 3
-0.341419 0.277877 0.626394 1.08809e-38 3
-0.348002 0.291888 0.657977 1.15262e-38 3
-0.337371 0.291888 0.657977 1.1433e-38 3
-0.321339 0.287063 0.647101 1.19861e-38 3
-0.308335 0.28471 0.641797 1.10635e-38 3
-0.295543 0.282395 0.636579 1.21702e-38 3
-0.285258 0.282395 0.636579 1.08791e-38 3
-0.272755 0.280118 0.631445 1.19854e-38 3
-0.260452 0.277877 0.626394 1.15262e-38 3
-0.244464 0.271364 0.611713 1.2172e-38 3
-0.209242 0.242053 0.545639 1.29081e-38 3
-0.200426 0.242053 0.545639 1.23542e-38 3
-0.192954 0.243752 0.549468 1.32769e-38 3
-0.166995 0.232339 0.523741 1.30003e-38 3
-0.156958 0.230031 0.518538 1.26315e-38 3
-0.14858 0.230031 0.518538 1.21705e-38 3
-0.137918 0.226284 0.510093 1.16184e-38 3
-0.129676 0.226284 0.510093 1.40145e-38 3
-0.121435 0.226284 0.510093 1.35535e-38 3
-0.15304 0.358089 0.807208 1.36453e-38 3
-0.134453 0.343907 0.77524 1.39204e-38 3
-0.0722099 0.256344 0.577854 1.26308e-38 3
-0.0633407 0.25825 0.58215 1.254e-38 3
-0.0539347 0.25825 0.58215 1.27252e-38 3
-0.0435571 0.252616 0.569449 1.42918e-38 3
-0.0341082 0.250792 0.565337 1.47527e-38 3
-0.015449 0.24461 0.551403 1.34609e-38 3
-0.00640447 0.239549 0.539995 1.38293e-38 3
0.00232044 0.239549 0.539995 1.41981e-38 3
0.0110074 0.238726 0.538139 1.43832e-38 3
0.0198387 0.240378 0.541863 1.53974e-38 3
0.0526642 0.274582 0.618966 1.42889e-38 3
0.0602824 0.264142 0.595431 1.27216e-38 3
0.0709826 0.268221 0.604627 1.34613e-38 3
0.0816982 0.271364 0.611713 1.37371e-38 3
0.0912255 0.270309 0.609332 1.37364e-38 3
0.101863 0.272429 0.614111 1.37364e-38 3
0.11267 0.274582 0.618966 1.36435e-38 3
0.124641 0.278993 0.628909 1.58562e-38 3
0.325778 0.340536 0.767639 1.39183e-38 3
0.27161 0.273501 0.616529 1.50243e-38 3
0.279372 0.271364 0.611713 1.31804e-38 3
0.319179 0.299437 0.674993 1.26268e-38 3
0.332955 0.30204 0.680863 1.34573e-38 3
0.343956 0.30204 0.680863 1.36439e-38 3
0.354957 0.30204 0.680863 1.33684e-38 3
0.359702 0.296877 0.669224 1.30003e-38 3
0.38644 0.28471 0.641797 1.1801e-38 3
0.399003 0.278993 0.628909 1.07869e-38 3
0.409164 0.278993 0.628909 1.18925e-38 3
0.432965 0.281252 0.634002 1.14323e-38 3
0.43789 0.277877 0.626394 1.13404e-38 3
0.444456 0.275672 0.621422 1.14323e-38 3
0.443927 0.269261 0.606971 1.12479e-38 3
0.453006 0.263141 0.593176 1.08794e-38 3
0.466121 0.26515 0.597704 1.03259e-38 3
0.48917 0.26719 0.602302 1.15245e-38 3
0.506697 0.271364 0.611713 1.08784e-38 3
0.497635 0.247222 0.55729 1.14283e-38 3
0.506639 0.247222 0.55729 1.14276e-38 3
0.515643 0.247222 0.55729 1.27172e-38 3
0.522787 0.246345 0.555314 1.31768e-38 3
0.53176 0.246345 0.555314 1.33605e-38 3
-0.553958 0.287998 0.626394 7.6526e-39 3
-0.518928 0.274807 0.597704 7.28346e-39 3
-0.494181 0.266665 0.579994 1.25386e-38 3
-0.467496 0.257141 0.55928 1.23535e-38 3
-0.448841 0.251747 0.547547 1.05103e-38 3
-0.439994 0.251747 0.547547 9.03589e-39 3
-0.428153 0.249998 0.543745 7.74443e-39 3
-0.419368 0.249998 0.543745 8.57419e-39 3
-0.40775 0.248274 0.539995 9.95641e-39 3
-0.399026 0.248274 0.539995 8.20469e-39 3
-0.390301 0.248274 0.539995 8.20541e-39 3
-0.384226 0.249998 0.543745 6.2693e-39 3
-0.386167 0.257141 0.55928 1.00493e-38 3
-0.374456 0.255317 0.555314 9.77273e-39 3
-0.365483 0.255317 0.555314 7.55968e-39 3
-0.354 0.253519 0.551403 8.20613e-39 3
-0.340298 0.249998 0.543745 1.10635e-38 3
-0.329226 0.248274 0.539995 1.14323e-38 3
-0.320501 0.248274 0.539995 1.18014e-38 3
-0.322911 0.257141 0.55928 1.12493e-38 3
-0.338019 0.276921 0.602302 1.10653e-38 3
-0.358633 0.302519 0.657977 9.49794e-39 3
-0.348002 0.302519 0.657977 1.18028e-38 3
-0.343138 0.30769 0.669224 1.08798e-38 3
-0.324017 0.299998 0.652493 1.10638e-38 3
-0.305829 0.292681 0.636579 1.1894e-38 3
-0.29316 0.290321 0.631445 1.13408e-38 3
-0.270573 0.287998 0.626394 9.86565e-39 3
-0.260452 0.287998 0.626394 1.19861e-38 3
-0.199039 0.249133 0.541863 1.17088e-38 3
-0.190945 0.249998 0.543745 1.25386e-38 3
-0.17905 0.245732 0.534466 1.26308e-38 3
-0.166995 0.240801 0.523741 1.31847e-38 3
-0.156958 0.238409 0.518538 1.1894e-38 3
-0.14858 0.238409 0.518538 1.14337e-38 3
-0.137026 0.233008 0.506791 1.19872e-38 3
-0.128837 0.233008 0.506791 1.45683e-38 3
-0.12104 0.233765 0.508436 1.28159e-38 3
-0.11246 0.233008 0.506791 1.04188e-38 3
-0.104272 0.233008 0.506791 1.34624e-38 3
-0.0960834 0.233008 0.506791 1.81636e-38 3
-0.0884676 0.234526 0.510093 1.96377e-38 3
-0.0794494 0.232256 0.505156 1.52105e-38 3
-0.0712874 0.232256 0.505156 1.34606e-38 3
-0.0624126 0.263734 0.573621 1.4752e-38 3
-0.0531444 0.263734 0.573621 1.38308e-38 3
-0.043087 0.258991 0.563304 1.28174e-38 3
-0.0336227 0.256226 0.55729 1.48442e-38 3
-0.0244443 0.254415 0.553351 1.41063e-38 3
-0.0153948 0.25263 0.549468 1.37375e-38 3
-0.00640447 0.248274 0.539995 1.50286e-38 3
0.00232044 0.248274 0.539995 1.37371e-38 3
0.0110454 0.248274 0.539995 1.44747e-38 3
0.0198387 0.249133 0.541863 1.45669e-38 3
0.0285938 0.249133 0.541863 1.42903e-38 3
0.0807518 0.27799 0.604627 1.23542e-38 3
0.090521 0.27799 0.604627 1.14323e-38 3
0.161758 0.227128 0.494001 1.17085e-38 3
0.168676 0.225704 0.490904 1.15244e-38 3
0.176056 0.224998 0.48937 1.08794e-38 3
0.325778 0.352939 0.767639 1.309e-38 3
0.268869 0.270675 0.588716 1.26272e-38 3
0.278381 0.270675 0.588716 1.45626e-38 3
0.330085 0.310343 0.674993 1.26265e-38 3
0.425773 0.267656 0.58215 1.07869e-38 3
0.435179 0.267656 0.58215 1.06947e-38 3
0.446244 0.268655 0.584322 1.04181e-38 3
0.49587 0.255317 0.555314 1.16109e-38 3
0.503058 0.254415 0.553351 1.24399e-38 3
0.510196 0.253519 0.551403 1.25321e-38 3
0.517284 0.25263 0.549468 1.28073e-38 3
-0.528586 0.284465 0.597704 6.91467e-39 3
-0.485569 0.266178 0.55928 7.65224e-39 3
-0.416966 0.232905 0.48937 9.12665e-39 3
-0.457688 0.260594 0.547547 8.38908e-39 3
-0.445724 0.258784 0.543745 8.20541e-39 3
-0.430953 0.255239 0.536296 7.28417e-39 3
-0.422288 0.255239 0.536296 9.86493e-39 3
-0.405295 0.2501 0.525498 8.482e-39 3
-0.391549 0.246787 0.518538 8.75787e-39 3
-0.38317 0.246787 0.518538 7.83519e-39 3
-0.367491 0.24198 0.508436 8.482e-39 3
-0.364003 0.245164 0.515126 8.2976e-39 3
-0.35568 0.245164 0.515126 9.21956e-39 3
-0.354351 0.2501 0.525498 9.95713e-39 3
-0.34586 0.2501 0.525498 7.56004e-39 3
-0.33512 0.248432 0.521995 1.14344e-38 3
-0.316148 0.240418 0.505156 1.13401e-38 3
-0.304062 0.237356 0.498721 1.13401e-38 3
-0.290454 0.232905 0.48937 1.15252e-38 3
-0.282547 0.232905 0.48937 1.02355e-38 3
-0.338019 0.286653 0.602302 9.68198e-39 3
-0.367908 0.321249 0.674993 1.13419e-38 3
-0.357002 0.321249 0.674993 1.254e-38 3
-0.349106 0.324042 0.680863 9.77346e-39 3
-0.332325 0.318503 0.669224 1.08798e-38 3
-0.305829 0.302966 0.636579 1.20783e-38 3
-0.283998 0.291132 0.611713 8.94369e-39 3
-0.197422 0.23511 0.494001 1.18018e-38 3
-0.18944 0.23511 0.494001 1.15252e-38 3
-0.175693 0.238114 0.500314 1.10646e-38 3
-0.168687 0.239645 0.503532 1.13408e-38 3
-0.160552 0.239645 0.503532 1.0511e-38 3
-0.153402 0.241197 0.506791 1.12486e-38 3
-0.14616 0.242768 0.510093 1.40152e-38 3
-0.136144 0.239645 0.503532 1.14341e-38 3
-0.128009 0.239645 0.503532 1.38304e-38 3
-0.111023 0.238114 0.500314 1.52134e-38 3
-0.103269 0.238877 0.501918 1.67814e-38 3
-0.0954655 0.239645 0.503532 1.8348e-38 3
-0.0881803 0.24198 0.508436 1.70562e-38 3
-0.0797065 0.241197 0.506791 1.91756e-38 3
-0.0715181 0.241197 0.506791 1.30918e-38 3
-0.0650129 0.247607 0.520261 1.1894e-38 3
-0.0589573 0.257888 0.541863 1.41066e-38 3
-0.0518158 0.266178 0.55928 1.45683e-38 3
-0.0333851 0.263356 0.553351 1.51204e-38 3
-0.0241879 0.260594 0.547547 1.53052e-38 3
-0.015341 0.260594 0.547547 1.36457e-38 3
-0.00638246 0.256116 0.538139 1.36457e-38 3
0.00231247 0.256116 0.538139 1.63186e-38 3
0.0110074 0.256116 0.538139 1.45669e-38 3
0.0197703 0.256999 0.539995 1.37371e-38 3
0.0284952 0.256999 0.539995 1.42903e-38 3
0.0364656 0.25179 0.529049 1.41059e-38 3
0.0450137 0.25179 0.529049 1.38293e-38 3
0.0537433 0.252643 0.530842 1.16166e-38 3
0.161758 0.23511 0.494001 1.2446e-38 3
0.168676 0.233636 0.490904 1.26312e-38 3
0.174962 0.231459 0.48633 1.34609e-38 3
0.18282 0.231459 0.48633 1.27226e-38 3
0.261019 0.272006 0.571527 1.2351e-38 3
0.267327 0.26906 0.565337 1.25343e-38 3
0.254373 0.239645 0.503532 1.35506e-38 3
0.262508 0.239645 0.503532 1.29074e-38 3
0.268915 0.238114 0.500314 1.33684e-38 3
0.276999 0.238114 0.500314 1.13401e-38 3
0.286916 0.239645 0.503532 1.18932e-38 3
0.3274 0.258784 0.543745 1.1801e-38 3
0.350874 0.238877 0.501918 1.04181e-38 3
0.356697 0.237356 0.498721 1.15245e-38 3
0.362446 0.235854 0.495565 1.15245e-38 3
0.494118 0.263356 0.553351 1.34545e-38 3
0.497782 0.260594 0.547547 1.25318e-38 3
0.50311 0.258784 0.543745 1.27158e-38 3
-0.44674 0.248581 0.505156 6.91467e-39 3
-0.435767 0.246987 0.501918 8.48128e-39 3
-0.405559 0.234225 0.475983 8.66567e-39 3
-0.399082 0.234939 0.477434 9.31104e-39 3
-0.416781 0.250195 0.508436 9.03517e-39 3
-0.416683 0.255165 0.518538 8.8515e-39 3
-0.408305 0.255165 0.518538 9.58835e-39 3
-0.384643 0.245414 0.498721 7.92774e-39 3
-0.371848 0.242327 0.492448 8.20361e-39 3
-0.361617 0.240812 0.48937 1.03245e-38 3
-0.35371 0.240812 0.48937 1.07869e-38 3
-0.343655 0.239317 0.48633 1.05103e-38 3
-0.331677 0.23638 0.480363 9.21956e-39 3
-0.318062 0.232108 0.471682 1.08798e-38 3
-0.287093 0.214652 0.436207 1.08805e-38 3
-0.280045 0.214652 0.436207 1.07887e-38 3
-0.274526 0.215854 0.438651 9.31176e-39 3
-0.26819 0.216461 0.439883 9.68054e-39 3
-0.27177 0.225322 0.45789 1.1156e-38 3
-0.262835 0.224012 0.455228 1.0972e-38 3
-0.255479 0.224012 0.455228 1.005e-38 3
-0.358633 0.323781 0.657977 1.1433e-38 3
-0.353951 0.329316 0.669224 1.08798e-38 3
-0.349106 0.335043 0.680863 1.04188e-38 3
-0.306158 0.303386 0.616529 1.16174e-38 3
-0.238082 0.243861 0.495565 1.16174e-38 3
-0.230075 0.243861 0.495565 1.08798e-38 3
-0.217255 0.238576 0.484825 1.00504e-38 3
-0.209422 0.238576 0.484825 1.16177e-38 3
-0.202844 0.240062 0.487846 1.15252e-38 3
-0.195571 0.240812 0.48937 1.21705e-38 3
-0.188252 0.241567 0.490904 1.29085e-38 3
-0.180888 0.242327 0.492448 1.05114e-38 3
-0.172931 0.242327 0.492448 1.19865e-38 3
-0.166018 0.243861 0.495565 1.22635e-38 3
-0.159526 0.246198 0.500314 1.1434e-38 3
-0.151442 0.246198 0.500314 1.41077e-38 3
-0.135708 0.246987 0.501918 1.29081e-38 3
-0.126383 0.244635 0.497138 1.26315e-38 3
-0.118351 0.244635 0.497138 1.13401e-38 3
-0.106596 0.23638 0.480363 1.21698e-38 3
-0.101962 0.243861 0.495565 1.3001e-38 3
-0.0945534 0.245414 0.498721 1.54896e-38 3
-0.0876114 0.248581 0.505156 1.5397e-38 3
-0.0794494 0.248581 0.505156 1.78859e-38 3
-0.071984 0.25101 0.510093 1.35528e-38 3
-0.0650129 0.256013 0.520261 1.39223e-38 3
-0.0573692 0.259461 0.527267 1.5213e-38 3
-0.0498571 0.264811 0.538139 1.38301e-38 3
-0.041591 0.267569 0.543745 1.30921e-38 3
-0.0328055 0.267569 0.543745 1.28148e-38 3
-0.0237723 0.264811 0.538139 1.43825e-38 3
-0.0151817 0.266643 0.541863 1.37379e-38 3
-0.0063389 0.263003 0.534466 1.33694e-38 3
0.00231247 0.264811 0.538139 1.41988e-38 3
0.0110074 0.264811 0.538139 1.48442e-38 3
0.0197703 0.265724 0.539995 1.30925e-38 3
0.0284952 0.265724 0.539995 1.58584e-38 3
0.0364656 0.260338 0.529049 1.40145e-38 3
0.0448621 0.259461 0.527267 1.46598e-38 3
0.0535617 0.260338 0.529049 1.41988e-38 3
0.0612817 0.256867 0.521995 1.33691e-38 3
0.0697158 0.256867 0.521995 1.34616e-38 3
0.0776323 0.255165 0.518538 1.30003e-38 3
0.161758 0.243091 0.494001 1.29059e-38 3
0.168676 0.241567 0.490904 1.34606e-38 3
0.174962 0.239317 0.48633 1.31847e-38 3
0.18282 0.239317 0.48633 1.41988e-38 3
0.190088 0.238576 0.484825 1.34613e-38 3
0.197921 0.238576 0.484825 1.36446e-38 3
0.205755 0.238576 0.484825 1.42889e-38 3
0.219013 0.244635 0.497138 1.4564e-38 3
0.239195 0.257726 0.523741 1.38272e-38 3
0.247657 0.257726 0.523741 1.44711e-38 3
0.25026 0.25183 0.51176 1.50243e-38 3
0.254373 0.247781 0.503532 1.29974e-38 3
0.268915 0.246198 0.500314 1.2723e-38 3
0.276116 0.245414 0.498721 1.24464e-38 3
0.285082 0.246198 0.500314 1.12479e-38 3
0.286753 0.240812 0.48937 1.21698e-38 3
0.29466 0.240812 0.48937 1.21698e-38 3
0.355143 0.262109 0.532648 1.06032e-38 3
0.348639 0.245414 0.498721 1.08794e-38 3
0.353321 0.243091 0.494001 1.07869e-38 3
0.352409 0.237108 0.481841 1.12479e-38 3
0.365823 0.240812 0.48937 1.04181e-38 3
0.483859 0.266643 0.541863 1.3269e-38 3
0.484236 0.262109 0.532648 1.29924e-38 3
0.494525 0.263003 0.534466 1.29924e-38 3
-0.454902 0.256743 0.505156 7.65223e-39 3
-0.438258 0.251868 0.495565 7.65187e-39 3
-0.424873 0.248719 0.48937 9.3114e-39 3
-0.401895 0.239729 0.471682 8.84934e-39 3
-0.394273 0.239729 0.471682 8.20469e-39 3
-0.386652 0.239729 0.471682 9.03517e-39 3
-0.380176 0.240454 0.473107 1.0327e-38 3
-0.373661 0.241182 0.474541 8.3898e-39 3
-0.365994 0.241182 0.474541 9.12593e-39 3
-0.356168 0.239729 0.471682 8.38764e-39 3
-0.350659 0.241182 0.474541 1.16152e-38 3
-0.340925 0.239729 0.471682 9.86493e-39 3
-0.325462 0.234089 0.460584 1.0049e-38 3
-0.312505 0.230029 0.452597 9.31176e-39 3
-0.294962 0.222319 0.437426 9.95784e-39 3
-0.285502 0.220471 0.433791 1.07887e-38 3
-0.277724 0.219862 0.432592 8.94477e-39 3
-0.272238 0.221084 0.434996 8.57419e-39 3
-0.265949 0.2217 0.436207 9.77274e-39 3
-0.264049 0.226108 0.444882 1.06951e-38 3
-0.256861 0.226108 0.444882 9.95749e-39 3
-0.249673 0.226108 0.444882 9.12737e-39 3
-0.241115 0.224831 0.442368 1.12479e-38 3
-0.233968 0.224831 0.442368 1.16166e-38 3
-0.22682 0.224831 0.442368 1.06032e-38 3
-0.22346 0.228707 0.449995 1.12486e-38 3
-0.227981 0.241182 0.474541 1.11564e-38 3
-0.220314 0.241182 0.474541 1.17096e-38 3
-0.213293 0.241915 0.475983 1.15252e-38 3
-0.208133 0.244893 0.481841 1.23549e-38 3
-0.202214 0.247175 0.48633 1.19861e-38 3
-0.195571 0.248719 0.48937 1.34613e-38 3
-0.188252 0.249499 0.490904 1.20791e-38 3
-0.180888 0.250284 0.492448 1.31854e-38 3
-0.172931 0.250284 0.492448 1.34624e-38 3
-0.166018 0.251868 0.495565 1.2356e-38 3
-0.159018 0.253472 0.498721 1.35545e-38 3
-0.15096 0.253472 0.498721 1.06961e-38 3
-0.142902 0.253472 0.498721 1.36453e-38 3
-0.130682 0.245649 0.483328 1.22627e-38 3
-0.121745 0.243395 0.478894 1.36457e-38 3
-0.113314 0.241915 0.475983 1.13401e-38 3
-0.104986 0.240454 0.473107 1.33687e-38 3
-0.0976363 0.241182 0.474541 1.34613e-38 3
-0.0907944 0.243395 0.478894 1.35531e-38 3
-0.0867717 0.254282 0.500314 1.24471e-38 3
-0.0786879 0.254282 0.500314 1.4291e-38 3
-0.0715181 0.257573 0.506791 1.40145e-38 3
-0.0652296 0.265301 0.521995 1.30925e-38 3
-0.0571767 0.267081 0.525498 1.36457e-38 3
-0.0493484 0.270715 0.532648 1.41059e-38 3
-0.0407422 0.270715 0.532648 1.41059e-38 3
-0.0328055 0.276355 0.543745 1.20769e-38 3
-0.0235298 0.270715 0.532648 1.52123e-38 3
-0.0149235 0.270715 0.532648 1.48442e-38 3
-0.0063389 0.271639 0.534466 1.41077e-38 3
0.00228887 0.270715 0.532648 1.41066e-38 3
0.0108951 0.270715 0.532648 1.48442e-38 3
0.0195013 0.270715 0.532648 1.46598e-38 3
0.0281075 0.270715 0.532648 1.53974e-38 3
0.0357412 0.263544 0.518538 1.50286e-38 3
0.0438291 0.26181 0.515126 1.44754e-38 3
0.0521522 0.26181 0.515126 1.51208e-38 3
0.0604753 0.26181 0.515126 1.46598e-38 3
0.0690255 0.262674 0.516826 1.48442e-38 3
0.0773761 0.262674 0.516826 1.37379e-38 3
0.153777 0.251073 0.494001 1.44747e-38 3
0.160242 0.248719 0.48937 1.30903e-38 3
0.167625 0.247945 0.487846 1.35528e-38 3
0.173882 0.245649 0.483328 1.34624e-38 3
0.181692 0.245649 0.483328 1.36467e-38 3
0.189501 0.245649 0.483328 1.39223e-38 3
0.196703 0.244893 0.481841 1.37371e-38 3
0.204489 0.244893 0.481841 1.43811e-38 3
0.219013 0.252667 0.497138 1.44726e-38 3
0.228496 0.254282 0.500314 1.46573e-38 3
0.246832 0.265301 0.521995 1.48399e-38 3
0.25026 0.260099 0.51176 1.40101e-38 3
0.254373 0.255917 0.503532 1.35513e-38 3
0.260831 0.254282 0.500314 1.17088e-38 3
0.268915 0.254282 0.500314 1.25386e-38 3
0.276116 0.253472 0.498721 1.28152e-38 3
0.284175 0.253472 0.498721 1.26308e-38 3
0.28586 0.247945 0.487846 1.19854e-38 3
0.291923 0.246409 0.484825 1.23542e-38 3
0.296998 0.244142 0.480363 1.16174e-38 3
0.30476 0.244142 0.480363 1.24468e-38 3
0.312521 0.244142 0.480363 1.13408e-38 3
0.342516 0.243395 0.478894 1.2262e-38 3
0.34707 0.241182 0.474541 1.12479e-38 3
0.3526 0.239729 0.471682 1.00493e-38 3
0.47563 0.270715 0.532648 1.4559e-38 3
0.469853 0.262674 0.516826 1.37292e-38 3
-0.43278 0.256626 0.48937 8.02102e-39 3
-0.419627 0.253458 0.483328 9.21956e-39 3
-0.393596 0.242243 0.461942 9.127e-39 3
-0.38958 0.244406 0.466067 9.86493e-39 3
-0.382049 0.244406 0.466067 8.66639e-39 3
-0.376761 0.24587 0.468858 1.03252e-38 3
-0.369186 0.24587 0.468858 8.94261e-39 3
-0.351098 0.238722 0.455228 9.49435e-39 3
-0.341756 0.237342 0.452597 1.08776e-38 3
-0.334443 0.237342 0.452597 1.08787e-38 3
-0.325251 0.235978 0.449995 9.58834e-39 3
-0.313476 0.232636 0.443622 1.06947e-38 3
-0.30203 0.229387 0.437426 9.03517e-39 3
-0.284714 0.226852 0.432592 1.13408e-38 3
-0.276959 0.226227 0.431401 9.58906e-39 3
-0.269989 0.226227 0.431401 9.31283e-39 3
-0.264475 0.22748 0.433791 1.01419e-38 3
-0.261083 0.230675 0.439883 1.04185e-38 3
-0.25541 0.231979 0.442368 9.12737e-39 3
-0.248263 0.231979 0.442368 9.49615e-39 3
-0.241115 0.231979 0.442368 1.0972e-38 3
-0.232653 0.230675 0.439883 1.0511e-38 3
-0.225546 0.230675 0.439883 1.06954e-38 3
-0.22282 0.235302 0.448706 1.11564e-38 3
-0.212525 0.231979 0.442368 1.1156e-38 3
-0.205377 0.231979 0.442368 1.22631e-38 3
-0.20107 0.235302 0.448706 1.08794e-38 3
-0.207494 0.251903 0.480363 1.07876e-38 3
-0.201588 0.254243 0.484825 1.22638e-38 3
-0.194962 0.255827 0.487846 1.33691e-38 3
-0.187664 0.256626 0.48937 1.23542e-38 3
-0.180888 0.25824 0.492448 1.08791e-38 3
-0.172931 0.25824 0.492448 1.27248e-38 3
-0.165495 0.259055 0.494001 1.1895e-38 3
-0.157513 0.259055 0.494001 1.36467e-38 3
-0.149531 0.259055 0.494001 1.2817e-38 3
-0.119194 0.24587 0.468858 1.0972e-38 3
-0.111618 0.24587 0.468858 1.20783e-38 3
-0.103732 0.245136 0.467458 1.44747e-38 3
-0.0970482 0.247351 0.471682 1.33694e-38 3
-0.0902425 0.249606 0.475983 1.32772e-38 3
-0.0862208 0.2607 0.497138 1.37382e-38 3
-0.0781883 0.2607 0.497138 1.21705e-38 3
-0.0708304 0.263206 0.501918 1.37379e-38 3
-0.0647976 0.271922 0.518538 1.41063e-38 3
-0.0564194 0.271922 0.518538 1.41059e-38 3
-0.0453388 0.256626 0.48937 1.38293e-38 3
-0.0379057 0.259875 0.495565 1.38293e-38 3
-0.0314932 0.273735 0.521995 1.47506e-38 3
-0.0233708 0.277434 0.529049 1.39212e-38 3
-0.0148227 0.277434 0.529049 1.41988e-38 3
-0.00640447 0.283174 0.539995 1.37393e-38 3
0.00230455 0.281234 0.536296 1.41074e-38 3
0.0106772 0.273735 0.521995 1.44765e-38 3
0.0264859 0.263206 0.501918 1.48442e-38 3
0.0345956 0.263206 0.501918 1.4291e-38 3
0.0428426 0.264053 0.503532 1.40144e-38 3
0.0513083 0.265762 0.506791 1.43843e-38 3
0.0593048 0.264905 0.505156 1.51219e-38 3
0.0674669 0.264905 0.505156 1.41992e-38 3
0.07612 0.266625 0.508436 1.54896e-38 3
0.084335 0.266625 0.508436 1.44758e-38 3
0.09255 0.266625 0.508436 1.44743e-38 3
0.102428 0.271024 0.516826 1.48406e-38 3
0.152813 0.257431 0.490904 1.42903e-38 3
0.158264 0.253458 0.483328 1.29074e-38 3
0.165562 0.252678 0.481841 1.3645e-38 3
0.172816 0.251903 0.480363 1.46598e-38 3
0.180577 0.251903 0.480363 1.41077e-38 3
0.188338 0.251903 0.480363 1.40155e-38 3
0.196703 0.252678 0.481841 1.3278e-38 3
0.204489 0.252678 0.481841 1.39223e-38 3
0.220412 0.262366 0.500314 1.26308e-38 3
0.227768 0.26153 0.498721 1.19858e-38 3
0.246832 0.273735 0.521995 1.31825e-38 3
0.25026 0.268367 0.51176 1.30889e-38 3
0.251942 0.26153 0.498721 1.28148e-38 3
0.26 0.26153 0.498721 1.2723e-38 3
0.266362 0.259875 0.495565 1.16166e-38 3
0.273503 0.259055 0.494001 1.17088e-38 3
0.282376 0.259875 0.495565 1.2723e-38 3
0.283213 0.253458 0.483328 1.1894e-38 3
0.289237 0.251903 0.480363 1.24471e-38 3
0.295187 0.250367 0.477434 1.26315e-38 3
0.301981 0.249606 0.475983 1.24468e-38 3
0.308733 0.24885 0.474541 1.1894e-38 3
0.315445 0.248098 0.473107 1.15252e-38 3
0.319231 0.245136 0.467458 1.19862e-38 3
0.326784 0.245136 0.467458 1.1617e-38 3
0.336345 0.246608 0.470266 1.1894e-38 3
0.34189 0.245136 0.467458 1.0972e-38 3
0.344304 0.241531 0.460584 1.13408e-38 3
0.366851 0.251903 0.480363 1.05114e-38 3
0.374336 0.246608 0.470266 1.07854e-38 3
0.381934 0.246608 0.470266 1.11524e-38 3
0.398327 0.247351 0.471682 1.34548e-38 3
0.405948 0.247351 0.471682 1.38222e-38 3
0.41357 0.247351 0.471682 1.45594e-38 3
-0.411998 0.256517 0.474541 9.77129e-39 3
-0.389006 0.246795 0.456555 9.40324e-39 3
-0.384996 0.248972 0.460584 1.01415e-38 3
-0.377555 0.248972 0.460584 8.29761e-39 3
-0.370113 0.248972 0.460584 9.12665e-39 3
-0.361607 0.248242 0.459233 9.31104e-39 3
-0.351098 0.246077 0.455228 1.28138e-38 3
-0.335931 0.240485 0.444882 9.5869e-39 3
-0.328743 0.240485 0.444882 9.95677e-39 3
-0.321555 0.240485 0.444882 9.49615e-39 3
-0.306529 0.234489 0.433791 1.07865e-38 3
-0.29787 0.233197 0.431401 9.58834e-39 3
-0.2909 0.233197 0.431401 1.02341e-38 3
-0.282373 0.23192 0.429037 1.07876e-38 3
-0.274689 0.231286 0.427865 9.95748e-39 3
-0.267776 0.231286 0.427865 1.02344e-38 3
-0.263745 0.233842 0.432592 9.58906e-39 3
-0.259624 0.236454 0.437426 9.95821e-39 3
-0.252556 0.236454 0.437426 1.17088e-38 3
-0.245489 0.236454 0.437426 1.08791e-38 3
-0.242485 0.240485 0.444882 1.15252e-38 3
-0.235297 0.240485 0.444882 9.95784e-39 3
-0.228109 0.240485 0.444882 1.10642e-38 3
-0.22155 0.24117 0.446149 1.13408e-38 3
-0.211331 0.237783 0.439883 1.19861e-38 3
-0.203083 0.236454 0.437426 9.86565e-39 3
-0.196015 0.236454 0.437426 1.04185e-38 3
-0.1955 0.244655 0.452597 1.30925e-38 3
-0.201588 0.262076 0.484825 1.30014e-38 3
-0.194356 0.26289 0.48633 1.18018e-38 3
-0.186498 0.26289 0.48633 1.21702e-38 3
-0.179197 0.263709 0.487846 1.25393e-38 3
-0.170783 0.26289 0.48633 1.18028e-38 3
-0.162925 0.26289 0.48633 1.22642e-38 3
-0.154587 0.262076 0.484825 1.2817e-38 3
-0.130061 0.245364 0.453908 1.11564e-38 3
-0.124167 0.248242 0.459233 1.11564e-38 3
-0.116405 0.247516 0.45789 1.2356e-38 3
-0.109007 0.247516 0.45789 1.37379e-38 3
-0.105946 0.258081 0.477434 1.36446e-38 3
-0.0988344 0.259665 0.480363 1.35531e-38 3
-0.0907944 0.25887 0.478894 1.29999e-38 3
-0.0779409 0.267882 0.495565 1.28159e-38 3
-0.0682071 0.261267 0.483328 1.41066e-38 3
-0.0603978 0.261267 0.483328 1.5029e-38 3
-0.0522658 0.259665 0.480363 1.36457e-38 3
-0.0445044 0.259665 0.480363 1.33691e-38 3
-0.0365189 0.258081 0.477434 1.51208e-38 3
-0.0288048 0.258081 0.477434 1.53048e-38 3
-0.0223875 0.27395 0.506791 1.47517e-38 3
-0.0141991 0.27395 0.506791 1.43832e-38 3
-0.00627465 0.285982 0.529049 1.53063e-38 3
0.00225815 0.284063 0.525498 1.41988e-38 3
0.0101687 0.268732 0.497138 1.48442e-38 3
0.0180864 0.267037 0.494001 1.51208e-38 3
0.0261506 0.267882 0.495565 1.34609e-38 3
0.0343752 0.269588 0.498721 1.38297e-38 3
0.0427053 0.271316 0.501918 1.38301e-38 3
0.0509784 0.272189 0.503532 1.41988e-38 3
0.0591142 0.272189 0.503532 1.46609e-38 3
0.0672499 0.272189 0.503532 1.43832e-38 3
0.074904 0.270449 0.500314 1.31847e-38 3
0.0821999 0.267882 0.495565 1.33687e-38 3
0.0890794 0.264533 0.48937 1.63172e-38 3
0.0954942 0.260464 0.481841 1.63157e-38 3
0.156812 0.25887 0.478894 1.46591e-38 3
0.163549 0.257297 0.475983 1.38301e-38 3
0.17124 0.257297 0.475983 1.55829e-38 3
0.17893 0.257297 0.475983 1.35549e-38 3
0.22399 0.27484 0.508436 1.5213e-38 3
0.228496 0.270449 0.500314 1.27241e-38 3
0.243584 0.278456 0.515126 1.29999e-38 3
0.241926 0.25887 0.478894 1.23542e-38 3
0.25043 0.259665 0.480363 1.20783e-38 3
0.257402 0.25887 0.478894 1.27237e-38 3
0.265139 0.25887 0.478894 1.14323e-38 3
0.273714 0.259665 0.480363 1.17088e-38 3
0.276389 0.254972 0.471682 1.19861e-38 3
0.283157 0.254206 0.470266 1.25393e-38 3
0.285609 0.249707 0.461942 1.26315e-38 3
0.291354 0.248242 0.459233 1.08798e-38 3
0.298774 0.248242 0.459233 1.24471e-38 3
0.307095 0.248972 0.460584 1.27237e-38 3
0.311785 0.246795 0.456555 1.15248e-38 3
0.319162 0.246795 0.456555 1.1617e-38 3
0.327494 0.247516 0.45789 1.18936e-38 3
0.334892 0.247516 0.45789 1.09716e-38 3
0.345646 0.244655 0.452597 1.1894e-38 3
0.364485 0.247516 0.45789 1.11553e-38 3
0.371884 0.247516 0.45789 1.11535e-38 3
0.38377 0.250446 0.463309 1.05985e-38 3
0.395942 0.253445 0.468858 1.198e-38 3
0.404729 0.254206 0.470266 1.30857e-38 3
0.41357 0.254972 0.471682 1.37296e-38 3
-0.37906 0.247673 0.444882 9.6791e-39 3
-0.373996 0.249088 0.447424 9.03517e-39 3
-0.367818 0.249802 0.448706 7.37565e-39 3
-0.364749 0.252698 0.453908 9.12665e-39 3
-0.34063 0.240831 0.432592 1.0049e-38 3
-0.335494 0.242169 0.434996 1.12475e-38 3
-0.328466 0.242169 0.434996 1.00493e-38 3
-0.321437 0.242169 0.434996 1.01412e-38 3
-0.314409 0.242169 0.434996 1.04177e-38 3
-0.30317 0.238852 0.429037 1.02334e-38 3
-0.291447 0.234989 0.422098 9.31139e-39 3
-0.284627 0.234989 0.422098 1.12486e-38 3
-0.279312 0.236262 0.424386 1.18936e-38 3
-0.270258 0.234357 0.420963 1.0972e-38 3
-0.263457 0.234357 0.420963 1.14326e-38 3
-0.260152 0.23755 0.426699 8.29832e-39 3
-0.256755 0.240831 0.432592 1.03266e-38 3
-0.249766 0.240831 0.432592 1.15245e-38 3
-0.242776 0.240831 0.432592 9.95713e-39 3
-0.23976 0.24489 0.439883 1.11564e-38 3
-0.233968 0.246274 0.442368 1.19861e-38 3
-0.22682 0.246274 0.442368 1.13408e-38 3
-0.219054 0.24558 0.441122 1.18939e-38 3
-0.21015 0.243522 0.437426 1.15252e-38 3
-0.203083 0.243522 0.437426 1.10645e-38 3
-0.196015 0.243522 0.437426 1.1156e-38 3
-0.18686 0.240831 0.432592 1.20783e-38 3
-0.186037 0.249088 0.447424 1.19872e-38 3
-0.178808 0.249088 0.447424 1.20787e-38 3
-0.170604 0.247673 0.444882 1.30003e-38 3
-0.163415 0.247673 0.444882 1.22635e-38 3
-0.156227 0.247673 0.444882 1.05128e-38 3
-0.146541 0.243522 0.437426 1.37404e-38 3
-0.139474 0.243522 0.437426 1.29092e-38 3
-0.130582 0.240168 0.431401 1.21716e-38 3
-0.126398 0.24558 0.441122 1.1894e-38 3
-0.121669 0.25052 0.449995 1.38301e-38 3
-0.114398 0.25052 0.449995 1.26326e-38 3
-0.108373 0.253433 0.455228 1.30929e-38 3
-0.104669 0.262593 0.471682 1.3368e-38 3
-0.0976363 0.264184 0.474541 1.4658e-38 3
-0.089969 0.264184 0.474541 1.29992e-38 3
-0.0828035 0.265795 0.477434 1.39219e-38 3
-0.0760164 0.269077 0.483328 1.33694e-38 3
-0.0682071 0.269077 0.483328 1.46609e-38 3
-0.0600272 0.267426 0.480363 1.41992e-38 3
-0.0516323 0.264184 0.474541 1.48442e-38 3
-0.0439649 0.264184 0.474541 1.46598e-38 3
-0.035024 0.254915 0.45789 1.56743e-38 3
-0.0269942 0.249088 0.447424 1.54892e-38 3
-0.0196527 0.247673 0.444882 1.54892e-38 3
-0.0124646 0.247673 0.444882 1.43832e-38 3
-0.00549496 0.257932 0.463309 1.49364e-38 3
0.00212952 0.275889 0.495565 1.58576e-38 3
0.0101046 0.275018 0.494001 1.40141e-38 3
0.017861 0.271591 0.487846 1.41978e-38 3
0.0261506 0.275889 0.495565 1.38293e-38 3
0.0343752 0.277646 0.498721 1.41985e-38 3
0.0427053 0.279426 0.501918 1.5858e-38 3
0.0514749 0.283055 0.508436 1.77945e-38 3
0.0593048 0.281229 0.505156 1.51208e-38 3
0.0672499 0.280324 0.503532 1.41992e-38 3
0.0741929 0.275889 0.495565 1.58587e-38 3
0.0794348 0.266608 0.478894 1.55811e-38 3
0.0943332 0.264987 0.475983 1.60392e-38 3
0.100497 0.261021 0.468858 1.5948e-38 3
0.124911 0.235624 0.423239 1.35545e-38 3
0.143487 0.232482 0.417596 1.40141e-38 3
0.146713 0.227033 0.407808 1.45687e-38 3
0.152508 0.225857 0.405695 1.39237e-38 3
0.223265 0.282139 0.506791 1.39244e-38 3
0.235954 0.251968 0.452597 1.22627e-38 3
0.244681 0.253433 0.455228 1.23556e-38 3
0.273098 0.259467 0.466067 1.24471e-38 3
0.278145 0.257171 0.461942 1.22627e-38 3
0.281458 0.253433 0.455228 1.21702e-38 3
0.287976 0.252698 0.453908 1.21705e-38 3
0.29531 0.252698 0.453908 1.15259e-38 3
0.302644 0.252698 0.453908 1.16181e-38 3
0.309082 0.251968 0.452597 1.24479e-38 3
0.316395 0.251968 0.452597 1.13415e-38 3
0.323708 0.251968 0.452597 1.2078e-38 3
0.33198 0.252698 0.453908 1.18932e-38 3
0.338333 0.251968 0.452597 1.14326e-38 3
0.343659 0.25052 0.449995 1.04188e-38 3
0.35093 0.25052 0.449995 1.16174e-38 3
0.359233 0.251242 0.451292 1.21695e-38 3
0.367584 0.251968 0.452597 1.2629e-38 3
0.375984 0.252698 0.453908 1.36414e-38 3
0.387814 0.255662 0.459233 1.30878e-38 3
0.396397 0.256414 0.460584 1.31786e-38 3
