# .PCD v0.7 - Point Cloud Data file format
VERSION 0.7
FIELDS x y z rgb label
SIZE 4 4 4 4 4
TYPE F F F F U
COUNT 1 1 1 1 1
WIDTH 2844
HEIGHT 1
VIEWPOINT 0 0 0 1 0 0 0
POINTS 2844
DATA ascii
0.227334 -0.372499 1.70216 1.74992e-39 1
0.252096 -0.368494 1.68385 2.57969e-39 1
0.220155 -0.334102 1.6484 1.93432e-39 1
0.246789 -0.334102 1.6484 1.19675e-39 1
-2.35106 -0.754657 4.8937 4.51724e-39 1
-2.21276 -0.635847 4.60584 5.62323e-39 1
-2.13834 -0.635847 4.60584 3.68784e-39 1
-2.19292 -0.675588 4.8937 4.33213e-39 1
-2.5092 -0.596518 4.8937 5.99272e-39 1
-2.43013 -0.596518 4.8937 4.88602e-39 1
-2.08983 -0.530238 4.34996 4.24029e-39 1
-2.01954 -0.530238 4.34996 4.60908e-39 1
-2.06392 -0.561429 4.60584 5.71542e-39 1
-2.21299 -0.394247 3.72853 4.05697e-39 1
-2.15274 -0.394247 3.72853 4.24101e-39 1
-2.0925 -0.394247 3.72853 5.07185e-39 1
-2.08182 -0.403862 3.81947 4.98001e-39 1
-1.92615 -0.385078 3.64182 4.60979e-39 1
-2.3616 -0.487011 4.60584 6.45371e-39 1
-2.28718 -0.487011 4.60584 6.5459e-39 1
-2.08983 -0.459954 4.34996 5.53175e-39 1
-1.91325 -0.435746 4.12101 6.08493e-39 1
-1.84667 -0.435746 4.12101 6.63702e-39 1
-2.21299 -0.334003 3.72853 7.37565e-39 1
-2.15274 -0.334003 3.72853 7.09943e-39 1
-2.0925 -0.334003 3.72853 6.91611e-39 1
-2.08182 -0.34215 3.81947 7.00831e-39 1
-1.92615 -0.326236 3.64182 7.37602e-39 1
-1.78432 -0.311736 3.47996 8.48236e-39 1
-1.72809 -0.311736 3.47996 8.57456e-39 1
-1.70986 -0.318821 3.55905 7.37602e-39 1
-1.61564 -0.311736 3.47996 5.34736e-39 1
-1.43211 -0.286288 3.19589 6.26824e-39 1
-1.40923 -0.292253 3.26247 5.53103e-39 1
-1.38538 -0.298471 3.33188 3.59528e-39 1
-2.16152 -0.267393 3.64182 6.82248e-39 1
-2.10268 -0.267393 3.64182 7.09943e-39 1
-2.04384 -0.267393 3.64182 6.91612e-39 1
-2.03226 -0.27376 3.72853 7.10015e-39 1
-1.92615 -0.267393 3.64182 1.08791e-38 1
-1.78432 -0.255509 3.47996 1.29078e-38 1
-1.72809 -0.255509 3.47996 1.17092e-38 1
-1.70986 -0.261316 3.55905 1.08795e-38 1
-1.65235 -0.261316 3.55905 1.02337e-38 1
-1.59485 -0.261316 3.55905 8.94228e-39 1
-1.5731 -0.267393 3.64182 8.20471e-39 1
-1.51425 -0.267393 3.64182 7.56006e-39 1
-1.52641 -0.280437 3.81947 6.91469e-39 1
-2.05489 -0.203811 3.55905 6.45406e-39 1
-1.93988 -0.203811 3.55905 8.6664e-39 1
-1.70986 -0.203811 3.55905 1.89909e-38 1
-1.65235 -0.203811 3.55905 1.16156e-38 1
-1.63194 -0.208551 3.64182 1.00483e-38 1
-1.61055 -0.213516 3.72853 9.31142e-39 1
-1.55031 -0.213516 3.72853 9.2185e-39 1
-1.52641 -0.218724 3.81947 8.02032e-39 1
-1.54843 -0.0500928 2.00767 6.2693e-39 3
-1.516 -0.0500928 2.00767 6.73028e-39 3
-1.88365 -0.0814007 3.26247 6.82248e-39 3
-1.6275 -0.0723562 2.89997 7.74408e-39 3
-1.61047 -0.0737214 2.95469 7.3753e-39 3
-1.59278 -0.0751391 3.01151 9.4958e-39 3
-1.54412 -0.0751391 3.01151 1.08791e-38 3
-1.52479 -0.0766125 3.07056 9.95714e-39 3
-1.53538 -0.0797395 3.19589 8.75824e-39 3
-1.54689 -0.0831327 3.33188 6.91397e-39 3
-1.59485 -0.0888008 3.55905 5.71579e-39 3
-1.5731 -0.0908659 3.64182 5.34736e-39 3
-1.55031 -0.0930294 3.72853 5.16225e-39 3
-1.52641 -0.0952984 3.81947 4.79382e-39 3
-1.62304 -0.105601 4.23239 4.14773e-39 3
-1.5226 -0.0181186 2.06051 7.92919e-39 3
-2.00923 -0.0306002 3.47996 1.45673e-38 3
-1.6275 -0.0255002 2.89997 1.43829e-38 3
-1.61047 -0.0259813 2.95469 1.3184e-38 3
-1.59278 -0.026481 3.01151 1.22624e-38 3
-1.54412 -0.026481 3.01151 9.40397e-39 3
-1.58702 -0.0281022 3.19589 8.02103e-39 3
-1.56737 -0.0286877 3.26247 7.19127e-39 3
-1.54689 -0.0292981 3.33188 6.82177e-39 3
-1.59485 -0.0312957 3.55905 5.4392e-39 3
-1.5731 -0.0320235 3.64182 4.88639e-39 3
-1.55031 -0.032786 3.72853 5.2548e-39 3
-1.49006 -0.032786 3.72853 4.42468e-39 3
-1.46469 -0.0335856 3.81947 3.87258e-39 3
0.0889765 -0.0382503 4.34996 4.05589e-39 3
0.136509 -0.032786 3.72853 3.68711e-39 3
0.165272 -0.0275402 3.13197 4.14844e-39 3
0.215877 -0.0275402 3.13197 3.68854e-39 3
0.23793 -0.0245895 2.7964 3.4116e-39 3
0.283112 -0.0245895 2.7964 3.41124e-39 3
0.306408 -0.0229502 2.60997 4.42503e-39 3
0.348579 -0.0229502 2.60997 3.8715e-39 3
0.344779 -0.0202501 2.30292 3.68711e-39 3
0.309228 -0.016393 1.86427 3.59563e-39 3
0.33935 -0.016393 1.86427 3.41124e-39 3
0.408363 -0.0181186 2.06051 3.04246e-39 3
0.487785 -0.0186082 2.11619 3.68783e-39 3
0.521977 -0.0186082 2.11619 3.13465e-39 3
0.514457 -0.0172126 1.95748 3.7793e-39 3
0.52008 -0.016393 1.86427 3.31976e-39 3
0.550202 -0.016393 1.86427 2.85878e-39 3
0.761675 -0.0215158 2.44685 3.78002e-39 3
0.80121 -0.0215158 2.44685 3.87222e-39 3
-1.5429 0.0153762 2.08798 1.0972e-38 3
-1.92373 0.0245365 3.33188 6.08491e-39 3
-1.6275 0.0213558 2.89997 6.73065e-39 3
-1.61047 0.0217588 2.95469 7.19235e-39 3
-1.59278 0.0221772 3.01151 7.10015e-39 3
-1.54412 0.0221772 3.01151 7.19235e-39 3
-1.58702 0.023535 3.19589 6.91576e-39 3
-1.56737 0.0240253 3.26247 5.99308e-39 3
-1.54689 0.0245365 3.33188 6.17712e-39 3
-1.63194 0.0268189 3.64182 5.53104e-39 3
-1.61055 0.0274575 3.72853 5.43919e-39 3
-1.55031 0.0274575 3.72853 4.88673e-39 3
-1.49006 0.0274575 3.72853 5.44026e-39 3
-1.46469 0.0281272 3.81947 4.88673e-39 3
-1.69183 0.0339181 4.60584 4.79454e-39 3
-0.0580405 0.036038 4.8937 4.14881e-39 3
0.0889765 0.0320337 4.34996 5.07076e-39 3
0.136509 0.0274575 3.72853 4.14988e-39 3
0.147564 0.0205931 2.7964 4.7027e-39 3
0.179897 0.0192202 2.60997 4.33391e-39 3
0.214904 0.0186002 2.52578 4.24172e-39 3
0.255714 0.0186002 2.52578 4.33319e-39 3
0.306408 0.0192202 2.60997 4.33319e-39 3
0.348579 0.0192202 2.60997 4.05661e-39 3
0.344779 0.016959 2.30292 4.51651e-39 3
0.360766 0.0160169 2.17498 4.24028e-39 3
0.356318 0.0144152 1.95748 4.70054e-39 3
0.408363 0.0151739 2.06051 4.24064e-39 3
0.441656 0.0151739 2.06051 4.1488e-39 3
0.474948 0.0151739 2.06051 4.05661e-39 3
0.495209 0.0147848 2.00767 4.3332e-39 3
0.527648 0.0147848 2.00767 3.78002e-39 3
0.560087 0.0147848 2.00767 3.59563e-39 3
0.72214 0.018019 2.44685 4.14952e-39 3
0.761675 0.018019 2.44685 3.41232e-39 3
0.80121 0.018019 2.44685 4.24028e-39 3
0.840745 0.018019 2.44685 3.96441e-39 3
0.938965 0.0192202 2.60997 3.68783e-39 3
2.16751 0.0288304 3.91496 3.50343e-39 3
-1.60719 0.0511589 2.17498 6.27003e-39 3
-2.10268 0.0856614 3.64182 5.80869e-39 3
-1.6901 0.0708354 3.01151 6.73065e-39 3
-1.70709 0.0736688 3.13197 6.27039e-39 3
-1.65649 0.0736688 3.13197 5.99381e-39 3
-1.60589 0.0736688 3.13197 6.1782e-39 3
-1.62008 0.0767383 3.26247 5.9938e-39 3
-1.60072 0.0783711 3.33188 4.51903e-39 3
-1.61564 0.0818542 3.47996 5.25516e-39 3
-1.67079 0.0877009 3.72853 5.43884e-39 3
-1.61055 0.0877009 3.72853 5.71578e-39 3
-1.55031 0.0877009 3.72853 5.71649e-39 3
-1.49006 0.0877009 3.72853 5.16367e-39 3
-1.46469 0.08984 3.81947 4.97893e-39 3
-1.79757 0.115107 4.8937 5.25551e-39 3
-0.914479 0.0969326 4.12101 5.07076e-39 3
-0.847895 0.0969326 4.12101 5.43883e-39 3
-0.674768 0.0837145 3.55905 5.34663e-39 3
-0.543191 0.0736688 3.13197 5.16224e-39 3
-0.342074 0.0511589 2.17498 5.34699e-39 3
-0.19216 0.102318 4.34996 5.07004e-39 3
-0.13711 0.115107 4.8937 5.07076e-39 3
-0.0580405 0.115107 4.8937 5.16296e-39 3
0.0889765 0.102318 4.34996 5.34735e-39 3
0.136509 0.0877009 3.72853 5.25587e-39 3
0.147564 0.0657757 2.7964 5.34807e-39 3
0.179897 0.0613907 2.60997 5.25587e-39 3
0.214904 0.0594103 2.52578 5.07148e-39 3
0.264238 0.0613907 2.60997 5.07076e-39 3
0.306408 0.0613907 2.60997 5.16296e-39 3
0.348579 0.0613907 2.60997 5.62393e-39 3
0.366327 0.0575537 2.44685 5.80832e-39 3
0.381988 0.0541682 2.30292 5.53102e-39 3
0.395908 0.0511589 2.17498 5.43882e-39 3
0.4194 0.0497762 2.11619 4.88637e-39 3
0.441656 0.0484663 2.06051 4.51758e-39 3
0.474948 0.0484663 2.06051 5.71613e-39 3
0.482829 0.046043 1.95748 5.80832e-39 3
0.514457 0.046043 1.95748 5.25515e-39 3
0.546084 0.046043 1.95748 4.97856e-39 3
0.72214 0.0575537 2.44685 4.33391e-39 3
0.761675 0.0575537 2.44685 4.05733e-39 3
0.80121 0.0575537 2.44685 4.60906e-39 3
0.867865 0.0594103 2.52578 4.51759e-39 3
-2.20525 0.151553 3.81947 6.36151e-39 3
-1.79357 0.126809 3.19589 6.08564e-39 3
-1.85554 0.13508 3.40431 6.086e-39 3
-1.80053 0.13508 3.40431 6.73137e-39 3
-1.70839 0.132206 3.33188 5.62394e-39 3
-1.69052 0.13508 3.40431 5.9938e-39 3
-1.63552 0.13508 3.40431 5.16476e-39 3
-1.65235 0.14122 3.55905 5.71578e-39 3
-1.67079 0.147944 3.72853 6.26895e-39 3
-1.61055 0.147944 3.72853 5.90017e-39 3
-1.55031 0.147944 3.72853 7.09943e-39 3
-1.49006 0.147944 3.72853 6.36186e-39 3
-1.46469 0.151553 3.81947 4.88781e-39 3
-1.51374 0.163517 4.12101 4.88781e-39 3
-1.52756 0.172602 4.34996 5.25551e-39 3
-1.58975 0.188293 4.74541 4.97929e-39 3
-1.08594 0.194177 4.8937 5.25515e-39 3
-0.785854 0.151553 3.81947 4.97785e-39 3
-0.674768 0.14122 3.55905 5.43918e-39 3
-0.522299 0.119494 3.01151 5.80833e-39 3
-0.337388 0.0851187 2.14518 5.53138e-39 3
-0.266254 0.0748634 1.88673 5.90088e-39 3
-0.217432 0.0690407 1.73998 6.73028e-39 3
-0.262444 0.172602 4.34996 7.1909e-39 3
-0.150386 0.13508 3.40431 6.54589e-39 3
-0.0843754 0.119494 3.01151 7.00687e-39 3
0.196752 0.147944 3.72853 6.82319e-39 3
0.256996 0.147944 3.72853 7.19197e-39 3
0.317239 0.147944 3.72853 6.82319e-39 3
0.377483 0.147944 3.72853 6.73028e-39 3
0.437726 0.147944 3.72853 5.53174e-39 3
0.402206 0.119494 3.01151 6.08527e-39 3
0.404223 0.107132 2.69997 7.19162e-39 3
0.405862 0.0970885 2.44685 7.65223e-39 3
0.445397 0.0970885 2.44685 7.09942e-39 3
0.484932 0.0970885 2.44685 6.08563e-39 3
0.479512 0.0887666 2.23712 6.6388e-39 3
0.487785 0.0839684 2.11619 5.99343e-39 3
0.521977 0.0839684 2.11619 5.90088e-39 3
0.527648 0.0796624 2.00767 6.2693e-39 3
0.560087 0.0796624 2.00767 6.45369e-39 3
0.72214 0.0970885 2.44685 6.45441e-39 3
0.827055 0.10022 2.52578 5.16224e-39 3
-4.24873 0.273247 4.8937 4.97821e-39 3
-4.16966 0.273247 4.8937 5.1626e-39 3
-3.84996 0.257173 4.60584 4.88566e-39 3
-1.80265 0.130506 2.33729 3.96406e-39 3
-1.71373 0.126723 2.26954 5.71578e-39 3
-1.67706 0.126723 2.26954 5.43991e-39 3
-1.64039 0.126723 2.26954 6.17747e-39 3
-1.5369 0.121443 2.17498 5.80869e-39 3
-2.73369 0.257173 4.60584 5.90197e-39 3
-2.26038 0.218597 3.91496 5.80869e-39 3
-1.91054 0.190085 3.40431 6.17747e-39 3
-2.03226 0.208188 3.72853 5.99308e-39 3
-1.92615 0.203346 3.64182 6.36187e-39 3
-1.67186 0.194309 3.47996 5.62538e-39 3
-1.69078 0.203346 3.64182 5.34735e-39 3
-1.71155 0.213266 3.81947 6.26895e-39 3
-1.61055 0.208188 3.72853 6.17675e-39 3
-1.55031 0.208188 3.72853 6.17747e-39 3
-1.49006 0.208188 3.72853 5.6243e-39 3
-1.42982 0.208188 3.72853 5.53174e-39 3
-1.43806 0.218597 3.91496 5.6243e-39 3
-1.44716 0.230102 4.12101 5.90088e-39 3
-1.41789 0.236321 4.23239 5.71649e-39 3
-1.08594 0.273247 4.8937 6.8232e-39 3
-0.947647 0.257173 4.60584 6.6388e-39 3
-0.674768 0.198725 3.55905 6.54589e-39 3
-0.522299 0.168152 3.01151 6.63809e-39 3
-0.384833 0.136623 2.44685 7.37565e-39 3
-0.266254 0.105348 1.88673 7.19126e-39 3
-0.217432 0.0971543 1.73998 7.46785e-39 3
-0.230252 0.118161 2.11619 7.00687e-39 3
-0.268674 0.161924 2.89997 7.56004e-39 3
-0.272232 0.198725 3.55905 7.46784e-39 3
-0.205391 0.190085 3.40431 7.00759e-39 3
-0.128106 0.161924 2.89997 8.11393e-39 3
-0.0783486 0.156141 2.7964 7.28381e-39 3
0.299829 0.242886 4.34996 7.56075e-39 3
0.350633 0.230102 4.12101 7.56075e-39 3
0.440397 0.242886 4.34996 8.02137e-39 3
0.510681 0.242886 4.34996 7.65187e-39 3
0.522868 0.218597 3.91496 8.39052e-39 3
0.509673 0.190085 3.40431 7.74515e-39 3
0.463842 0.156141 2.7964 7.92954e-39 3
0.491472 0.150757 2.69997 7.74515e-39 3
0.484932 0.136623 2.44685 7.56076e-39 3
0.524466 0.136623 2.44685 6.91647e-39 3
0.54691 0.132483 2.3727 7.37637e-39 3
0.536476 0.121443 2.17498 7.92954e-39 3
0.556169 0.118161 2.11619 6.91504e-39 3
0.590361 0.118161 2.11619 7.00759e-39 3
-3.84996 0.331592 4.60584 4.24029e-39 3
-3.77555 0.331592 4.60584 4.42432e-39 3
-3.93245 0.352316 4.8937 4.51652e-39 3
-2.37131 0.21681 3.01151 4.42432e-39 3
-2.01296 0.187902 2.60997 4.79382e-39 3
-1.93849 0.184822 2.56719 5.53138e-39 3
-2.89294 0.281853 3.91496 5.99308e-39 3
-2.76066 0.274978 3.81947 5.25552e-39 3
-2.69895 0.274978 3.81947 6.36186e-39 3
-2.70317 0.281853 3.91496 6.36186e-39 3
-3.29989 0.352316 4.8937 6.08528e-39 3
-3.03136 0.331592 4.60584 6.08564e-39 3
-2.71719 0.304706 4.23239 5.99381e-39 3
-2.72238 0.31317 4.34996 5.90161e-39 3
-2.58042 0.304706 4.23239 6.54698e-39 3
-2.65558 0.322118 4.47424 6.54698e-39 3
-2.65927 0.331592 4.60584 7.19162e-39 3
-1.99739 0.25623 3.55905 6.54626e-39 3
-2.08182 0.274978 3.81947 6.26967e-39 3
-2.02011 0.274978 3.81947 7.09943e-39 3
-1.74962 0.262189 3.64182 6.73172e-39 3
-1.73104 0.268431 3.72853 6.17711e-39 3
-1.71155 0.274978 3.81947 6.4537e-39 3
-1.61055 0.268431 3.72853 6.63809e-39 3
-1.58812 0.274978 3.81947 9.49651e-39 3
-1.49006 0.268431 3.72853 5.6243e-39 3
-1.42982 0.268431 3.72853 5.62465e-39 3
-1.40298 0.274978 3.81947 5.62465e-39 3
-1.3748 0.281853 3.91496 6.08563e-39 3
-1.34517 0.28908 4.01534 6.17783e-39 3
-1.2803 0.28908 4.01534 6.08527e-39 3
-1.21542 0.28908 4.01534 5.34735e-39 3
-1.28203 0.322118 4.47424 5.99272e-39 3
-1.08594 0.352316 4.8937 6.63808e-39 3
-1.00687 0.352316 4.8937 7.00687e-39 3
-0.78131 0.296687 4.12101 7.46785e-39 3
-0.502955 0.20878 2.89997 7.19126e-39 3
-0.384833 0.176158 2.44685 6.82248e-39 3
-0.269501 0.137489 1.90974 8.02102e-39 3
-0.232963 0.134216 1.86427 7.46785e-39 3
-0.230252 0.152353 2.11619 8.02102e-39 3
-0.26379 0.204984 2.84724 7.56004e-39 3
-0.217785 0.204984 2.84724 6.91467e-39 3
-0.171781 0.204984 2.84724 7.46856e-39 3
-0.125777 0.204984 2.84724 8.20613e-39 3
-0.0783486 0.201323 2.7964 7.46784e-39 3
0.350633 0.296687 4.12101 8.02173e-39 3
0.440397 0.31317 4.34996 7.74479e-39 3
0.510681 0.31317 4.34996 7.65187e-39 3
0.580965 0.31317 4.34996 7.28381e-39 3
0.689557 0.331592 4.60584 7.376e-39 3
0.491472 0.194381 2.69997 7.00722e-39 3
0.535097 0.194381 2.69997 7.46856e-39 3
0.541385 0.181841 2.52578 7.46856e-39 3
0.564001 0.176158 2.44685 7.46856e-39 3
0.585247 0.17082 2.3727 8.02174e-39 3
0.571618 0.156585 2.17498 8.11465e-39 3
0.60676 0.156585 2.17498 7.28489e-39 3
1.10765 0.187902 2.60997 7.37565e-39 3
1.16931 0.191087 2.65421 7.56004e-39 3
1.25472 0.197791 2.74734 6.91504e-39 3
1.29911 0.197791 2.74734 7.56004e-39 3
-4.3278 0.431386 4.8937 4.33284e-39 3
-3.9988 0.40601 4.60584 4.42432e-39 3
-3.70636 0.383454 4.34996 4.70091e-39 3
-2.97497 0.313735 3.55905 4.42324e-39 3
-3.37812 0.363272 4.12101 4.79203e-39 3
-2.62163 0.28759 3.26247 5.89837e-39 3
-2.24197 0.250988 2.84724 5.80618e-39 3
-2.23663 0.255636 2.89997 6.08384e-39 3
-2.95619 0.345108 3.91496 5.53067e-39 3
-2.89294 0.345108 3.91496 5.34699e-39 3
-2.82968 0.345108 3.91496 5.62358e-39 3
-2.76642 0.345108 3.91496 5.6243e-39 3
-2.70317 0.345108 3.91496 5.16297e-39 3
-2.85396 0.37309 4.23239 4.5176e-39 3
-2.78558 0.37309 4.23239 6.82213e-39 3
-2.5134 0.345108 3.91496 5.90053e-39 3
-2.51297 0.353957 4.01534 7.37531e-39 3
-2.38689 0.345108 3.91496 1.24461e-38 3
-2.32363 0.345108 3.91496 1.09713e-38 3
-2.20525 0.336691 3.81947 6.73064e-39 3
-1.86989 0.293709 3.33188 7.56076e-39 3
-1.98499 0.321031 3.64182 6.73064e-39 3
-1.92615 0.321031 3.64182 7.5604e-39 3
-1.82487 0.313735 3.55905 7.46785e-39 3
-1.76736 0.313735 3.55905 7.00759e-39 3
-1.79128 0.328675 3.72853 6.6388e-39 3
-1.77326 0.336691 3.81947 6.91395e-39 3
-1.89658 0.37309 4.23239 6.63808e-39 3
-1.69108 0.345108 3.91496 6.2693e-39 3
-1.66956 0.353957 4.01534 6.45441e-39 3
-1.52641 0.336691 3.81947 5.80869e-39 3
-1.46469 0.336691 3.81947 6.3615e-39 3
-1.43806 0.345108 3.91496 7.28345e-39 3
-1.41005 0.353957 4.01534 7.37565e-39 3
-1.34517 0.353957 4.01534 7.19126e-39 3
-1.3495 0.37309 4.23239 7.28417e-39 3
-1.28112 0.37309 4.23239 6.91504e-39 3
-1.28203 0.39441 4.47424 7.28346e-39 3
-1.08594 0.431386 4.8937 6.26966e-39 3
-1.00687 0.431386 4.8937 7.37564e-39 3
-0.873229 0.40601 4.60584 6.17746e-39 3
-0.468268 0.238006 2.69997 8.3898e-39 3
-0.384833 0.215693 2.44685 9.03517e-39 3
-0.294655 0.184058 2.08798 8.94297e-39 3
-0.287778 0.203005 2.30292 8.57419e-39 3
-0.258161 0.209157 2.3727 8.482e-39 3
-0.26379 0.250988 2.84724 7.92882e-39 3
-0.217785 0.250988 2.84724 7.83698e-39 3
-0.171781 0.250988 2.84724 7.56075e-39 3
-0.125777 0.250988 2.84724 8.39052e-39 3
-0.0783486 0.246506 2.7964 8.57419e-39 3
-0.030955 0.230072 2.60997 9.21992e-39 3
0.333101 0.345108 3.91496 8.02137e-39 3
0.417218 0.363272 4.12101 8.94261e-39 3
0.483803 0.363272 4.12101 9.2192e-39 3
0.550388 0.363272 4.12101 9.86528e-39 3
0.689557 0.40601 4.60584 9.12772e-39 3
0.500575 0.222651 2.52578 8.48235e-39 3
0.524466 0.215693 2.44685 9.31211e-39 3
0.54691 0.209157 2.3727 9.31247e-39 3
0.585247 0.209157 2.3727 7.83734e-39 3
0.428714 0.143795 1.63123 7.65403e-39 3
0.45507 0.143795 1.63123 7.83842e-39 3
0.481427 0.143795 1.63123 8.29832e-39 3
1.16594 0.242181 2.74734 6.82319e-39 3
1.21033 0.242181 2.74734 7.74515e-39 3
1.30035 0.250988 2.84724 7.00759e-39 3
1.23516 0.222651 2.52578 8.3898e-39 3
0.959601 0.0766908 0.869991 4.24136e-39 3
0.973658 0.0766908 0.869991 3.59563e-39 3
1.40231 0.103017 1.16864 3.77931e-39 3
-3.46224 0.408364 3.91496 4.70127e-39 3
-3.39898 0.408364 3.91496 4.23993e-39 3
-2.96509 0.36299 3.47996 6.5441e-39 3
-2.72706 0.340303 3.26247 1.06004e-38 3
-2.3772 0.302492 2.89997 1.25365e-38 3
-2.28797 0.296992 2.84724 1.31818e-38 3
-2.126 0.28163 2.69997 1.29052e-38 3
-2.27883 0.308199 2.95469 9.67912e-39 3
-2.95619 0.408364 3.91496 6.36043e-39 3
-2.75518 0.388918 3.72853 5.53103e-39 3
-2.69493 0.388918 3.72853 5.99236e-39 3
-2.57342 0.379874 3.64182 6.26895e-39 3
-2.77248 0.418835 4.01534 5.99201e-39 3
-2.7076 0.418835 4.01534 5.347e-39 3
-1.66236 0.263461 2.52578 6.54519e-39 3
-1.62155 0.263461 2.52578 8.94228e-39 3
-2.04179 0.340303 3.26247 1.26301e-38 3
-2.1699 0.37124 3.55905 1.47506e-38 3
-2.16152 0.379874 3.64182 8.94263e-39 3
-2.00923 0.36299 3.47996 7.74515e-39 3
-1.72323 0.320286 3.07056 7.56112e-39 3
-1.81606 0.347544 3.33188 7.46856e-39 3
-1.84054 0.36299 3.47996 7.74479e-39 3
-1.54412 0.314126 3.01151 7.92954e-39 3
-1.49546 0.314126 3.01151 7.74443e-39 3
-1.67186 0.36299 3.47996 8.48164e-39 3
-1.77326 0.398404 3.81947 7.65187e-39 3
-1.94926 0.453738 4.34996 7.74478e-39 3
-1.73444 0.418835 4.01534 8.39016e-39 3
-1.66956 0.418835 4.01534 8.7593e-39 3
-1.56457 0.408364 3.91496 8.20613e-39 3
-1.50131 0.408364 3.91496 7.65224e-39 3
-1.47493 0.418835 4.01534 7.74443e-39 3
-1.41005 0.418835 4.01534 8.66639e-39 3
-1.38057 0.429857 4.12101 7.74443e-39 3
-1.38699 0.453738 4.34996 8.02173e-39 3
-1.39416 0.480428 4.60584 8.02174e-39 3
-1.31974 0.480428 4.60584 7.83663e-39 3
-0.555517 0.28163 2.69997 9.21955e-39 3
-0.49483 0.272243 2.60997 9.40431e-39 3
-0.468268 0.28163 2.69997 8.75894e-39 3
-0.373172 0.247493 2.3727 9.31211e-39 3
-0.334835 0.247493 2.3727 9.12772e-39 3
-0.287778 0.240214 2.30292 8.85078e-39 3
-0.258161 0.247493 2.3727 8.85078e-39 3
-0.226694 0.255228 2.44685 8.39016e-39 3
-0.187159 0.255228 2.44685 8.66674e-39 3
-0.171781 0.296992 2.84724 9.22063e-39 3
-0.125777 0.296992 2.84724 9.31247e-39 3
-0.0783486 0.291689 2.7964 8.66639e-39 3
-0.033166 0.291689 2.7964 8.11357e-39 3
0.0116022 0.28163 2.69997 7.92918e-39 3
0.0471052 0.240214 2.30292 8.85113e-39 3
0.333101 0.408364 3.91496 1.02333e-38 3
0.417218 0.429857 4.12101 9.31139e-39 3
0.483803 0.429857 4.12101 9.77273e-39 3
0.418295 0.326691 3.13197 1.03259e-38 3
0.404223 0.28163 2.69997 1.03259e-38 3
0.447848 0.28163 2.69997 1.03252e-38 3
0.445397 0.255228 2.44685 9.31139e-39 3
0.4194 0.220737 2.11619 8.94189e-39 3
0.390301 0.189937 1.82091 9.40359e-39 3
0.368327 0.166679 1.59794 1.05107e-38 3
0.378689 0.160143 1.53528 9.58906e-39 3
0.381079 0.151246 1.44999 8.76038e-39 3
0.364056 0.136121 1.30499 9.03697e-39 3
0.366801 0.129639 1.24284 8.57527e-39 3
1.20834 0.296992 2.84724 9.68126e-39 3
1.27757 0.302492 2.89997 8.39051e-39 3
1.37537 0.314126 3.01151 8.20721e-39 3
0.923905 0.09281 0.889764 4.05661e-39 3
0.927739 0.0917672 0.879766 4.51759e-39 3
0.952658 0.09281 0.889764 4.14917e-39 3
0.956169 0.0917672 0.879766 4.24136e-39 3
0.959601 0.0907476 0.869991 4.1488e-39 3
0.973658 0.0907476 0.869991 4.88637e-39 3
0.955853 0.0878202 0.841927 4.60978e-39 3
0.969456 0.0878202 0.841927 3.96441e-39 3
1.28767 0.115032 1.10281 3.96406e-39 3
1.36308 0.120107 1.15146 3.96406e-39 3
1.40231 0.1219 1.16864 3.68783e-39 3
-3.52549 0.47162 3.91496 5.34628e-39 3
-2.76979 0.377296 3.13197 9.2185e-39 3
-2.71918 0.377296 3.13197 1.27209e-38 3
-2.96509 0.419218 3.47996 1.53938e-38 3
-2.90886 0.419218 3.47996 1.6131e-38 5
-2.42205 0.355939 2.95469 1.7053e-38 5
-2.28797 0.342996 2.84724 1.82515e-38 5
-2.126 0.325255 2.69997 1.80682e-38 5
-2.23663 0.349348 2.89997 1.5486e-38 3
-2.95619 0.47162 3.91496 1.11528e-38 3
-2.46207 0.401379 3.33188 7.098e-39 3
-2.30994 0.384996 3.19589 7.2831e-39 3
-2.25831 0.384996 3.19589 7.0058e-39 3
-2.70317 0.47162 3.91496 7.098e-39 3
-2.63991 0.47162 3.91496 7.00617e-39 3
-2.45396 0.449162 3.72853 9.77204e-39 3
-1.86178 0.349348 2.89997 9.86388e-39 3
-2.04179 0.393016 3.26247 1.23528e-38 3
-2.27323 0.449162 3.72853 1.43815e-38 3
-2.16152 0.438716 3.64182 8.85008e-39 3
-1.96555 0.410104 3.40431 8.57419e-39 3
-1.65821 0.355939 2.95469 8.11393e-39 3
-1.58064 0.349348 2.89997 8.29833e-39 3
-1.76222 0.401379 3.33188 7.74587e-39 3
-1.51499 0.355939 2.95469 7.00831e-39 3
-1.21506 0.294762 2.44685 7.83807e-39 3
-1.15744 0.290228 2.40921 7.83735e-39 3
-1.65235 0.428745 3.55905 8.66639e-39 3
-1.4705 0.410104 3.40431 7.92918e-39 3
-1.66956 0.483713 4.01534 8.20648e-39 3
-1.52641 0.460117 3.81947 9.12808e-39 3
-1.42982 0.449162 3.72853 9.40467e-39 3
-1.30732 0.428745 3.55905 8.94369e-39 3
-1.3748 0.47162 3.91496 7.65295e-39 3
-1.31154 0.47162 3.91496 7.83662e-39 3
-1.2803 0.483713 4.01534 9.12808e-39 3
-0.709188 0.384996 3.19589 9.68017e-39 3
-0.555517 0.325255 2.69997 1.19851e-38 3
-0.486718 0.309259 2.56719 1.10631e-38 3
-0.445238 0.309259 2.56719 1.03255e-38 3
-0.373172 0.28583 2.3727 1.07865e-38 3
-0.345298 0.294762 2.44685 1.05099e-38 3
-0.287778 0.277423 2.30292 1.04185e-38 3
-0.250568 0.277423 2.30292 1.06029e-38 3
-0.219825 0.28583 2.3727 1.12475e-38 3
-0.187159 0.294762 2.44685 1.14322e-38 3
-0.147625 0.294762 2.44685 1.04181e-38 3
-0.115296 0.314413 2.60997 1.12482e-38 3
-0.0812504 0.349348 2.89997 1.04185e-38 3
-0.033769 0.342996 2.84724 9.49506e-39 3
0.0120166 0.336871 2.7964 1.06021e-38 3
0.0471052 0.277423 2.30292 1.06032e-38 3
0.355227 0.28583 2.3727 1.01415e-38 3
0.351016 0.25493 2.11619 1.1617e-38 3
0.323925 0.214373 1.77953 1.06028e-38 3
0.323288 0.196508 1.63123 9.21991e-39 3
0.329077 0.184949 1.53528 1.0788e-38 3
0.340529 0.17797 1.47734 1.06965e-38 3
0.338827 0.165481 1.37367 1.04188e-38 3
0.342971 0.157207 1.30499 1.0511e-38 3
0.352313 0.152135 1.26289 9.31247e-39 3
0.339831 0.138712 1.15146 1.02348e-38 3
0.358435 0.138712 1.15146 1.02348e-38 3
0.388465 0.142915 1.18635 9.68161e-39 3
1.20834 0.342996 2.84724 9.58906e-39 3
1.32671 0.362784 3.01151 9.31247e-39 3
1.37537 0.362784 3.01151 9.77273e-39 3
1.45195 0.369898 3.07056 1.04181e-38 3
0.986281 0.110969 0.921167 4.1488e-39 3
0.989523 0.109679 0.910456 4.14917e-39 3
1.00423 0.109679 0.910456 3.96441e-39 3
0.973658 0.104804 0.869991 3.59563e-39 3
1.07102 0.113643 0.943364 4.241e-39 3
1.28799 0.134748 1.11856 4.88637e-39 3
1.38522 0.142915 1.18635 4.88602e-39 3
1.40439 0.142915 1.18635 3.96406e-39 3
1.42356 0.142915 1.18635 3.59528e-39 3
-2.61148 0.396204 2.89997 1.42871e-38 3
-2.30816 0.356584 2.60997 1.60388e-38 3
-2.42784 0.382054 2.7964 1.77902e-38 5
-2.83891 0.455213 3.33188 1.93582e-38 5
-2.6714 0.436633 3.19589 2.10185e-38 5
-2.33397 0.389 2.84724 2.25858e-38 5
-2.28797 0.389 2.84724 2.28624e-38 5
-2.1633 0.375351 2.74734 2.26791e-38 5
-2.6911 0.497558 3.64182 9.58727e-39 3
-2.22036 0.497558 3.64182 8.57278e-39 3
-2.06545 0.475445 3.47996 8.20434e-39 3
-1.8083 0.4279 3.13197 9.12737e-39 3
-1.6275 0.396204 2.89997 9.21956e-39 3
-1.47163 0.36888 2.69997 9.12737e-39 3
-1.53379 0.396204 2.89997 8.66639e-39 3
-1.2546 0.334297 2.44685 9.31248e-39 3
-1.00992 0.277857 2.03375 9.03625e-39 3
-0.917486 0.260915 1.90974 8.3898e-39 3
-0.886629 0.260915 1.90974 8.02102e-39 3
-0.845462 0.257771 1.88673 9.21992e-39 3
-0.856242 0.270823 1.98226 8.11357e-39 3
-0.824214 0.270823 1.98226 8.85149e-39 3
-0.845712 0.289122 2.11619 9.31247e-39 3
-0.822637 0.293082 2.14518 9.21992e-39 3
-0.942988 0.350738 2.56719 9.40467e-39 3
-0.665754 0.285267 2.08798 8.94405e-39 3
-0.632018 0.285267 2.08798 9.86565e-39 3
-0.75544 0.465109 3.40431 1.12482e-38 3
-0.700435 0.465109 3.40431 1.10635e-38 3
-0.549811 0.396204 2.89997 1.05107e-38 3
-0.468268 0.36888 2.69997 1.18936e-38 3
-0.356947 0.310073 2.26954 1.1156e-38 3
-0.306932 0.297153 2.17498 1.13404e-38 3
-0.287778 0.314633 2.30292 1.16177e-38 3
-0.243409 0.305643 2.23712 1.0695e-38 3
-0.207263 0.305643 2.23712 1.04185e-38 3
-0.171117 0.305643 2.23712 9.68053e-39 3
-0.134971 0.305643 2.23712 1.06932e-38 3
-0.128106 0.396204 2.89997 1.17999e-38 3
-0.0827834 0.40368 2.95469 1.23531e-38 3
-0.0350433 0.40368 2.95469 1.25372e-38 3
0.0126967 0.40368 2.95469 1.21687e-38 3
0.0593176 0.396204 2.89997 1.2262e-38 3
0.241901 0.281513 2.06051 1.14319e-38 3
0.261434 0.267438 1.95748 1.22617e-38 3
0.260499 0.237722 1.73998 1.1617e-38 3
0.262376 0.216111 1.5818 1.07872e-38 3
0.287933 0.216111 1.5818 1.1156e-38 3
0.298419 0.205721 1.50575 1.1156e-38 3
0.310795 0.198102 1.44999 1.10645e-38 3
0.316632 0.187676 1.37367 1.10645e-38 3
0.332985 0.18444 1.34999 1.16174e-38 3
0.342971 0.178292 1.30499 1.08798e-38 3
0.34672 0.169802 1.24284 1.14326e-38 3
0.350129 0.162083 1.18635 9.03624e-39 3
0.369297 0.162083 1.18635 9.9582e-39 3
0.388465 0.162083 1.18635 1.08809e-38 3
1.43727 0.445729 3.26247 1.005e-38 3
1.43038 0.4279 3.13197 1.02341e-38 3
0.767844 0.111432 0.815617 5.62465e-39 3
0.938282 0.121563 0.889764 4.42539e-39 3
0.952658 0.121563 0.889764 4.79454e-39 3
0.956169 0.120197 0.879766 5.34771e-39 3
1.01605 0.125853 0.921167 5.25515e-39 3
-2.20343 0.373832 2.44685 1.85281e-38 5
-2.09833 0.362504 2.3727 2.00958e-38 5
-2.26599 0.398754 2.60997 2.11103e-38 5
-2.51753 0.45142 2.95469 2.29549e-38 5
-2.42405 0.44306 2.89997 2.2956e-38 5
-2.25208 0.419741 2.74734 2.2956e-38 5
-2.28797 0.435004 2.84724 2.2956e-38 5
-2.1633 0.419741 2.74734 2.28645e-38 5
-1.59995 0.362504 2.3727 7.74337e-39 3
-1.56161 0.362504 2.3727 8.38838e-39 3
-1.57088 0.373832 2.44685 8.29619e-39 3
-1.58074 0.385891 2.52578 7.55862e-39 3
-1.78741 0.460101 3.01151 1.05096e-38 3
-1.50692 0.398754 2.60997 1.01415e-38 3
-1.46475 0.398754 2.60997 9.86493e-39 3
-1.31315 0.368081 2.40921 1.08784e-38 3
-0.910159 0.262915 1.72086 9.67982e-39 3
-0.882355 0.262915 1.72086 9.03517e-39 3
-0.873753 0.268823 1.75953 9.31176e-39 3
-0.845324 0.268823 1.75953 9.86493e-39 3
-0.845391 0.2782 1.82091 1.01419e-38 3
-0.815969 0.2782 1.82091 1.06947e-38 3
-0.795802 0.281473 1.84233 9.31211e-39 3
-0.775154 0.284824 1.86427 9.68125e-39 3
-0.792186 0.302851 1.98226 9.77345e-39 3
-0.779902 0.310717 2.03375 9.40431e-39 3
-0.787976 0.327743 2.14518 8.94369e-39 3
-1.01837 0.44306 2.89997 8.48379e-39 3
-0.718655 0.327743 2.14518 8.6689e-39 3
-0.648462 0.310717 2.03375 1.02348e-38 3
-0.60771 0.306734 2.00767 9.40467e-39 3
-0.547209 0.291771 1.90974 9.31247e-39 3
-0.498128 0.281473 1.84233 1.02344e-38 3
-0.447311 0.268823 1.75953 9.866e-39 3
-0.723963 0.498442 3.26247 1.03273e-38 3
-0.502955 0.44306 2.89997 1.1617e-38 3
-0.424643 0.412504 2.69997 1.17092e-38 3
-0.356437 0.385891 2.52578 1.1156e-38 3
-0.279555 0.341789 2.23712 1.19865e-38 3
-0.224193 0.314806 2.06051 1.11567e-38 3
-0.1909 0.314806 2.06051 1.1617e-38 3
-0.157608 0.314806 2.06051 1.22624e-38 3
-0.082877 0.209871 1.37367 1.30907e-38 3
-0.060682 0.209871 1.37367 1.22609e-38 3
-0.0592908 0.323314 2.11619 1.21687e-38 3
-0.0357173 0.460101 3.01151 1.21673e-38 3
0.0126967 0.45142 2.95469 1.2445e-38 3
0.0444882 0.332295 2.17498 1.26297e-38 3
0.176159 0.265836 1.73998 1.23549e-38 3
0.204272 0.265836 1.73998 1.21698e-38 3
0.217862 0.249221 1.63123 1.27237e-38 3
0.239234 0.244135 1.59794 1.22624e-38 3
0.25718 0.236884 1.55048 1.14326e-38 3
0.279465 0.234561 1.53528 1.23542e-38 3
0.295577 0.227859 1.49141 1.10635e-38 3
0.294437 0.209871 1.37367 1.18936e-38 3
0.311173 0.206252 1.34999 1.15255e-38 3
0.321886 0.199377 1.30499 1.29999e-38 3
0.337349 0.196109 1.28359 1.16163e-38 3
0.34672 0.189883 1.24284 1.15248e-38 3
0.355515 0.18404 1.2046 1.10645e-38 3
0.369297 0.181252 1.18635 1.20798e-38 3
0.488356 0.227859 1.49141 1.09731e-38 3
0.507619 0.22571 1.47734 1.11575e-38 3
0.47744 0.202756 1.32711 1.13408e-38 3
0.516387 0.209871 1.37367 1.12482e-38 3
-2.09833 0.40084 2.3727 2.29553e-38 5
-2.42784 0.472419 2.7964 2.30482e-38 5
-2.42405 0.489916 2.89997 2.28645e-38 5
-2.25208 0.464131 2.74734 2.28645e-38 5
-1.80211 0.440924 2.60997 9.40253e-39 3
-1.59995 0.40084 2.3727 8.84936e-39 3
-1.51568 0.389051 2.30292 8.75716e-39 3
-1.39633 0.367437 2.17498 7.28132e-39 3
-1.36119 0.367437 2.17498 6.26788e-39 3
-1.53993 0.426701 2.52578 6.82106e-39 3
-1.49912 0.426701 2.52578 8.57384e-39 3
-1.41274 0.413367 2.44685 1.03259e-38 3
-0.845048 0.254379 1.50575 1.03248e-38 3
-0.820718 0.254379 1.50575 1.00475e-38 3
-0.828245 0.264555 1.56598 1.02323e-38 3
-0.811053 0.267227 1.5818 1.04177e-38 3
-0.810042 0.275578 1.63123 1.06025e-38 3
-0.826745 0.290719 1.72086 1.01415e-38 3
-0.826177 0.30063 1.77953 9.77273e-39 3
-0.80659 0.304086 1.79998 1.01415e-38 3
-0.777507 0.304086 1.79998 9.95712e-39 3
-0.766034 0.311241 1.84233 1.05114e-38 3
-0.754008 0.318741 1.88673 1.01426e-38 3
-0.732347 0.322628 1.90974 1.08794e-38 3
-0.756872 0.348098 2.06051 1.05103e-38 3
-0.733227 0.35274 2.08798 1.0327e-38 3
-0.699491 0.35274 2.08798 1.01437e-38 3
-0.632045 0.334879 1.98226 1.14333e-38 3
-0.571101 0.318741 1.88673 1.02344e-38 3
-0.521757 0.307622 1.82091 1.05117e-38 3
-0.486677 0.304086 1.79998 1.04195e-38 3
-0.406231 0.269954 1.59794 9.95963e-39 3
-0.596667 0.489916 2.89997 1.06965e-38 3
-0.397247 0.426701 2.52578 1.25393e-38 3
-0.345298 0.413367 2.44685 1.19861e-38 3
-0.257485 0.348098 2.06051 1.20787e-38 3
-0.143182 0.222315 1.31595 1.15255e-38 3
-0.12192 0.222315 1.31595 1.16174e-38 3
-0.10151 0.224199 1.32711 1.18014e-38 3
-0.0787331 0.220462 1.30499 1.22617e-38 3
-0.0601543 0.230048 1.36173 1.28148e-38 3
-0.0381524 0.230048 1.36173 1.15244e-38 3
-0.0160112 0.228064 1.34999 1.26304e-38 3
0.00575152 0.226115 1.33845 1.3552e-38 3
0.0260419 0.215085 1.27316 1.47502e-38 3
0.0521216 0.240504 1.42362 1.52108e-38 3
0.125699 0.24958 1.47734 1.53037e-38 3
0.155434 0.259367 1.53528 1.27233e-38 3
0.182025 0.261935 1.55048 1.26315e-38 3
0.205046 0.259367 1.53528 1.30003e-38 3
0.225432 0.254379 1.50575 1.34609e-38 3
0.245049 0.24958 1.47734 1.46591e-38 3
0.261517 0.242711 1.43668 1.39208e-38 3
0.282142 0.240504 1.42362 1.22616e-38 3
0.291877 0.230048 1.36173 1.32754e-38 3
0.295869 0.216848 1.28359 1.22627e-38 3
0.316609 0.216848 1.28359 1.15248e-38 3
0.326639 0.209964 1.24284 1.2539e-38 3
0.341303 0.206683 1.22343 1.19861e-38 3
0.36107 0.206683 1.22343 1.15255e-38 3
0.374978 0.203504 1.2046 1.08805e-38 3
0.400605 0.206683 1.22343 1.16195e-38 3
0.433933 0.213351 1.26289 1.11571e-38 3
0.461786 0.216848 1.28359 1.12486e-38 3
0.49469 0.222315 1.31595 1.10638e-38 3
0.515952 0.222315 1.31595 1.13408e-38 3
0.541767 0.224199 1.32711 1.1617e-38 3
0.56321 0.224199 1.32711 1.0511e-38 3
1.67097 0.413367 2.44685 9.40467e-39 3
1.82454 0.440924 2.60997 9.12807e-39 3
2.00005 0.472419 2.7964 9.49722e-39 3
2.08242 0.481008 2.84724 9.77381e-39 3
2.16784 0.489916 2.89997 9.58906e-39 3
2.21469 0.489916 2.89997 9.49722e-39 3
0.838015 0.140721 0.83297 4.88781e-39 3
-1.55289 0.42626 2.30292 9.95571e-39 3
-0.290567 0.0837737 0.452597 8.3873e-39 3
-0.283254 0.0837737 0.452597 7.28204e-39 3
-0.275941 0.0837737 0.452597 6.72886e-39 3
-0.829103 0.27345 1.47734 1.01401e-38 3
-0.790321 0.268386 1.44999 1.02319e-38 3
-0.766893 0.268386 1.44999 9.95569e-39 3
-0.757493 0.27345 1.47734 1.06943e-38 3
-0.827277 0.308358 1.66594 1.07865e-38 3
-0.80036 0.308358 1.66594 1.10635e-38 3
-0.816894 0.325682 1.75953 1.08791e-38 3
-0.797425 0.329383 1.77953 1.10635e-38 3
-0.777507 0.333169 1.79998 1.02341e-38 3
-0.757127 0.337043 1.82091 1.06036e-38 3
-0.745032 0.345068 1.86427 1.10645e-38 3
-0.723524 0.349225 1.88673 1.23539e-38 3
-0.72813 0.366907 1.98226 1.05103e-38 3
-0.714182 0.376438 2.03375 1.04188e-38 3
-0.664073 0.366907 1.98226 1.1895e-38 3
-0.632045 0.366907 1.98226 1.19865e-38 3
-0.623702 0.381391 2.06051 1.23549e-38 3
-0.521757 0.337043 1.82091 1.2817e-38 3
-0.481147 0.329383 1.77953 1.16184e-38 3
-0.365495 0.284173 1.53528 1.22645e-38 3
-0.292909 0.263506 1.42362 1.27248e-38 3
-0.235633 0.230045 1.24284 1.1434e-38 3
-0.210539 0.224695 1.21394 1.15255e-38 3
-0.186586 0.219589 1.18635 1.19861e-38 3
-0.166159 0.217938 1.17743 1.29999e-38 3
-0.147134 0.217938 1.17743 1.20787e-38 3
-0.137408 0.233756 1.26289 1.11567e-38 3
-0.120904 0.241547 1.30499 1.07876e-38 3
-0.0998183 0.241547 1.30499 1.2539e-38 3
-0.0787331 0.241547 1.30499 1.31836e-38 3
-0.0596358 0.249877 1.34999 1.2262e-38 3
-0.0378235 0.249877 1.34999 1.37379e-38 3
-0.0160112 0.249877 1.34999 1.35531e-38 3
0.00575152 0.247741 1.33845 1.35538e-38 3
0.0269172 0.243577 1.31595 1.48446e-38 3
0.0494257 0.249877 1.34999 1.34613e-38 3
0.121128 0.263506 1.42362 1.1433e-38 3
0.14413 0.263506 1.42362 1.31854e-38 3
0.167132 0.263506 1.42362 1.38308e-38 3
0.203056 0.281414 1.52037 1.34616e-38 3
0.217083 0.268386 1.44999 1.48438e-38 3
0.234011 0.261132 1.4108 1.45673e-38 3
0.261517 0.265924 1.43668 1.46591e-38 3
0.272242 0.25426 1.37367 1.41974e-38 3
0.291877 0.252049 1.36173 1.41981e-38 3
0.308513 0.247741 1.33845 1.39219e-38 3
0.306558 0.230045 1.24284 1.37375e-38 3
0.321535 0.226451 1.22343 1.42907e-38 3
0.341303 0.226451 1.22343 1.41059e-38 3
0.36107 0.226451 1.22343 1.64101e-38 3
0.380838 0.226451 1.22343 1.32762e-38 3
0.438269 0.247741 1.33845 1.30006e-38 3
0.433933 0.233756 1.26289 1.21709e-38 3
0.454338 0.233756 1.26289 1.33687e-38 3
0.482525 0.237588 1.28359 1.44743e-38 3
0.483451 0.228234 1.23306 1.41981e-38 3
0.470063 0.21313 1.15146 1.44754e-38 3
0.488667 0.21313 1.15146 1.34613e-38 3
0.507272 0.21313 1.15146 1.30006e-38 3
0.606095 0.245641 1.32711 1.18943e-38 3
1.67097 0.452901 2.44685 1.04192e-38 3
1.65868 0.439177 2.3727 1.0327e-38 3
1.69701 0.439177 2.3727 1.05114e-38 3
1.07112 0.207041 1.11856 8.02174e-39 3
1.07385 0.204125 1.10281 8.02174e-39 3
0.993697 0.185806 1.00384 6.8232e-39 3
1.00992 0.185806 1.00384 6.63953e-39 3
-0.292511 0.0873017 0.433791 1.30907e-38 3
-0.284714 0.0870605 0.432592 1.15223e-38 3
-0.290567 0.0910865 0.452597 9.95499e-39 3
-0.284075 0.0913505 0.453908 8.11107e-39 3
-0.277545 0.091616 0.455228 7.83556e-39 3
-0.27177 0.0921518 0.45789 1.23531e-38 3
-0.934946 0.335276 1.66594 1.07854e-38 3
-0.790321 0.291814 1.44999 1.15226e-38 3
-0.766893 0.291814 1.44999 1.1062e-38 3
-0.757493 0.29732 1.47734 1.10631e-38 3
-0.74061 0.300152 1.49141 9.77237e-39 3
-0.716513 0.300152 1.49141 1.01415e-38 3
-0.816894 0.354111 1.75953 1.02337e-38 3
-0.797425 0.358135 1.77953 1.06029e-38 3
-0.768672 0.358135 1.77953 1.14326e-38 3
-0.748424 0.362252 1.79998 1.12489e-38 3
-0.736267 0.370775 1.84233 1.17096e-38 3
-0.71491 0.375189 1.86427 1.14323e-38 3
-0.701491 0.38434 1.90974 1.14323e-38 3
-0.6874 0.393949 1.95748 1.18018e-38 3
-0.647676 0.389085 1.93331 1.11564e-38 3
-0.594423 0.375189 1.86427 1.23553e-38 3
-0.557663 0.370775 1.84233 1.19861e-38 3
-0.521757 0.366464 1.82091 1.22627e-38 3
-0.641529 0.477514 2.3727 1.19865e-38 3
-0.564855 0.477514 2.3727 1.17114e-38 3
-0.265269 0.24058 1.19541 1.35549e-38 3
-0.242256 0.236962 1.17743 1.18954e-38 3
-0.230153 0.244309 1.21394 1.11567e-38 3
-0.207325 0.24058 1.19541 1.23553e-38 3
-0.186586 0.238757 1.18635 1.31843e-38 3
-0.164919 0.235193 1.16864 1.21702e-38 3
-0.147134 0.236962 1.17743 1.23553e-38 3
-0.134163 0.248157 1.23306 1.16177e-38 3
-0.117955 0.256227 1.27316 1.11567e-38 3
-0.0998183 0.262633 1.30499 1.17096e-38 3
-0.0787331 0.262633 1.30499 1.41059e-38 3
-0.058625 0.267084 1.32711 1.45676e-38 3
-0.0371824 0.267084 1.32711 1.38311e-38 3
-0.0158743 0.269367 1.33845 1.32769e-38 3
0.00565485 0.26484 1.31595 1.28181e-38 3
0.0266929 0.262633 1.30499 1.34641e-38 3
0.0477781 0.262633 1.30499 1.30024e-38 3
0.0688634 0.262633 1.30499 1.25411e-38 3
0.0914731 0.267084 1.32711 1.30946e-38 3
0.114863 0.271689 1.34999 1.41088e-38 3
0.136675 0.271689 1.34999 1.34634e-38 3
0.158487 0.271689 1.34999 1.25415e-38 3
0.180299 0.271689 1.34999 1.41084e-38 3
0.213136 0.286508 1.42362 1.37382e-38 3
0.22201 0.269367 1.33845 1.46595e-38 3
0.222698 0.246218 1.22343 1.41988e-38 3
0.242466 0.246218 1.22343 1.45669e-38 3
0.284456 0.267084 1.32711 1.41059e-38 3
0.305899 0.267084 1.32711 1.30918e-38 3
0.301768 0.246218 1.22343 1.39222e-38 3
0.321535 0.246218 1.22343 1.40137e-38 3
0.341303 0.246218 1.22343 1.45665e-38 3
0.391669 0.267084 1.32711 1.63172e-38 3
0.399567 0.258327 1.28359 1.3368e-38 3
0.406964 0.250126 1.24284 1.43825e-38 3
0.441046 0.258327 1.28359 1.32762e-38 3
0.436728 0.244309 1.21394 1.32751e-38 3
0.452832 0.24243 1.2046 1.52112e-38 3
0.454802 0.233451 1.15999 1.41974e-38 3
0.46325 0.228376 1.13477 1.36449e-38 3
0.481585 0.228376 1.13477 1.37371e-38 3
0.49992 0.228376 1.13477 1.32769e-38 3
1.45017 0.437721 2.17498 9.95892e-39 3
1.48531 0.437721 2.17498 1.07876e-38 3
1.86865 0.492436 2.44685 9.58942e-39 3
1.90818 0.492436 2.44685 1.04199e-38 3
1.0683 0.228376 1.13477 9.49687e-39 3
1.07112 0.225114 1.11856 8.29833e-39 3
1.07385 0.221943 1.10281 8.02174e-39 3
0.993697 0.202025 1.00384 8.20577e-39 3
0.984668 0.196974 0.97874 7.1927e-39 3
1.28902 0.235193 1.16864 5.71757e-39 3
-0.337368 0.0877478 0.403604 2.28645e-38 5
-0.330847 0.0877478 0.403604 2.28645e-38 5
-0.327704 0.0886618 0.407808 2.28645e-38 5
-0.322796 0.089126 0.409943 2.28645e-38 5
-0.300352 0.0945726 0.434996 2.33251e-38 5
-0.293324 0.0945726 0.434996 1.83459e-38 3
-0.286295 0.0945726 0.434996 1.71462e-38 3
-0.290567 0.0983992 0.452597 1.65002e-38 3
-0.284075 0.0986845 0.453908 1.52101e-38 3
-0.277545 0.0989713 0.455228 1.74228e-38 3
-0.27177 0.0995501 0.45789 1.92671e-38 3
-0.264372 0.0995501 0.45789 1.07869e-38 3
-0.806284 0.31235 1.43668 1.17074e-38 3
-0.783071 0.31235 1.43668 1.08773e-38 3
-0.746167 0.306722 1.4108 1.1062e-38 3
-0.743465 0.315242 1.44999 1.04177e-38 3
-0.726767 0.318188 1.46354 1.02334e-38 3
-0.70312 0.318188 1.46354 1.10635e-38 3
-0.781759 0.366087 1.68385 1.02337e-38 3
-0.788465 0.382541 1.75953 1.09716e-38 3
-0.760035 0.382541 1.75953 1.1801e-38 3
-0.731606 0.382541 1.75953 9.77381e-39 3
-0.711167 0.386888 1.77953 1.0511e-38 3
-0.690258 0.391335 1.79998 1.21705e-38 3
-0.676732 0.400543 1.84233 1.1894e-38 3
-0.654667 0.405311 1.86427 1.27237e-38 3
-0.647676 0.420323 1.93331 1.20783e-38 3
-0.531187 0.362193 1.66594 1.26319e-38 3
-0.483687 0.34741 1.59794 1.29085e-38 3
-0.439913 0.333786 1.53528 1.33687e-38 3
-0.415107 0.333786 1.53528 1.29077e-38 3
-0.321054 0.274566 1.26289 1.29077e-38 3
-0.291254 0.265985 1.22343 1.32776e-38 3
-0.255516 0.250339 1.15146 1.22624e-38 3
-0.226901 0.239762 1.10281 1.39222e-38 3
-0.215143 0.246711 1.13477 1.39222e-38 3
-0.198245 0.248512 1.14305 1.35531e-38 3
-0.182439 0.252194 1.15999 1.40141e-38 3
-0.164919 0.254076 1.16864 1.41066e-38 3
-0.147134 0.255986 1.17743 1.24475e-38 3
-0.132083 0.263924 1.21394 1.35538e-38 3
-0.115146 0.270207 1.24284 1.19872e-38 3
-0.0958256 0.272369 1.25279 1.34624e-38 3
-0.0694704 0.250339 1.15146 1.43836e-38 3
-0.0532134 0.261893 1.2046 1.36457e-38 3
-0.0368699 0.286102 1.31595 1.33709e-38 3
-0.0147405 0.270207 1.24284 1.39244e-38 3
0.0053407 0.270207 1.24284 1.17124e-38 3
0.0254218 0.270207 1.24284 1.23578e-38 3
0.045503 0.270207 1.24284 1.43861e-38 3
0.0655841 0.270207 1.24284 1.33727e-38 3
0.0856653 0.270207 1.24284 1.53081e-38 3
0.0865198 0.221079 1.01687 1.39255e-38 3
0.104304 0.223988 1.03025 1.47542e-38 3
0.120951 0.223988 1.03025 1.44772e-38 3
0.136698 0.222524 1.02352 1.4662e-38 3
0.151258 0.219653 1.01031 1.46609e-38 3
0.166508 0.218244 1.00384 1.52126e-38 3
0.183906 0.219653 1.01031 1.59509e-38 3
0.20153 0.221079 1.01687 1.53048e-38 3
0.246808 0.250339 1.15146 1.69636e-38 3
0.269374 0.254076 1.16864 1.40134e-38 3
0.292623 0.257925 1.18635 1.50275e-38 3
0.311792 0.257925 1.18635 1.44747e-38 3
0.364056 0.283718 1.30499 1.56722e-38 3
0.385141 0.283718 1.30499 1.41974e-38 3
0.399567 0.279067 1.28359 1.47513e-38 3
0.406964 0.270207 1.24284 1.4935e-38 3
0.427045 0.270207 1.24284 1.39201e-38 3
0.43006 0.259894 1.19541 1.309e-38 3
0.44597 0.257925 1.18635 1.2629e-38 3
0.448163 0.248512 1.14305 1.35513e-38 3
0.459918 0.244936 1.12661 1.34595e-38 3
0.464747 0.238085 1.09509 1.30907e-38 3
0.49992 0.246711 1.13477 1.27226e-38 3
0.518255 0.246711 1.13477 1.3368e-38 3
0.51957 0.210161 0.966657 1.19861e-38 3
0.538513 0.211467 0.972661 1.17106e-38 3
0.550807 0.210161 0.966657 1.11575e-38 3
0.566426 0.210161 0.966657 1.11564e-38 3
0.541904 0.195667 0.899991 1.06043e-38 3
0.550122 0.193444 0.889764 1.06043e-38 3
1.27374 0.436489 2.00767 9.95928e-39 3
1.37678 0.460083 2.11619 1.04199e-38 3
1.45017 0.472863 2.17498 9.86673e-39 3
1.48531 0.472863 2.17498 1.07876e-38 3
1.67233 0.486373 2.23712 1.10642e-38 3
1.70848 0.486373 2.23712 1.10645e-38 3
1.09512 0.261893 1.2046 9.68198e-39 3
1.04997 0.246711 1.13477 8.39124e-39 3
1.03821 0.239762 1.10281 8.39052e-39 3
0.999708 0.226974 1.04399 9.31248e-39 3
1.0032 0.223988 1.03025 8.11358e-39 3
0.968854 0.212788 0.97874 9.21993e-39 3
0.984668 0.212788 0.97874 9.77418e-39 3
-0.34038 0.0933071 0.399486 2.28645e-38 5
-0.335638 0.0937856 0.401534 2.28645e-38 5
-0.331702 0.0945126 0.404647 2.28645e-38 5
-0.326853 0.0950035 0.406749 2.28645e-38 5
-0.321115 0.0952509 0.407808 2.28645e-38 5
-0.317836 0.0962536 0.412101 2.28645e-38 5
-0.313654 0.0970195 0.41538 2.28645e-38 5
-0.31275 0.098855 0.423239 2.28645e-38 5
-0.308412 0.0996631 0.426699 2.28645e-38 5
-0.305682 0.10104 0.432592 2.28638e-38 5
-0.298693 0.10104 0.432592 2.2956e-38 5
-0.293324 0.101601 0.434996 2.18497e-38 5
-0.289512 0.102743 0.439883 2.29553e-38 5
-0.292256 0.106327 0.455228 2.33233e-38 3
-0.285731 0.106637 0.456555 2.06497e-38 3
-0.279168 0.106948 0.45789 2.29556e-38 3
-0.272567 0.107262 0.459233 1.18003e-38 3
-0.265147 0.107262 0.459233 9.58691e-39 3
-0.261562 0.108858 0.466067 9.95677e-39 3
-0.783071 0.335563 1.43668 1.08787e-38 3
-0.739504 0.326575 1.3982 1.05103e-38 3
-0.729948 0.332512 1.42362 1.08794e-38 3
-0.713432 0.335563 1.43668 1.02341e-38 3
-0.683944 0.332512 1.42362 1.06029e-38 3
-0.685883 0.34506 1.47734 9.77309e-39 3
-0.730973 0.381004 1.63123 1.18932e-38 3
-0.735252 0.397569 1.70216 1.0511e-38 3
-0.723477 0.406404 1.73998 1.18939e-38 3
-0.782284 0.457205 1.95748 1.12486e-38 3
-0.790164 0.481268 2.06051 1.16177e-38 3
-0.756872 0.481268 2.06051 1.22635e-38 3
-0.705026 0.468928 2.00767 1.21702e-38 3
-0.624545 0.435433 1.86427 1.25393e-38 3
-0.509506 0.373228 1.59794 1.39223e-38 3
-0.455782 0.351696 1.50575 1.30921e-38 3
-0.367796 0.299806 1.28359 1.2078e-38 3
-0.341459 0.294971 1.26289 1.33684e-38 3
-0.299328 0.27501 1.17743 1.27237e-38 3
-0.278212 0.272958 1.16864 1.28155e-38 3
-0.239657 0.252251 1.07999 1.37368e-38 3
-0.213377 0.242228 1.03708 1.38293e-38 3
-0.196621 0.242228 1.03708 1.41981e-38 3
-0.181064 0.243842 1.04399 1.39219e-38 3
-0.163108 0.242228 1.03708 1.48438e-38 3
-0.152408 0.252251 1.07999 1.37371e-38 3
-0.123854 0.231496 0.991129 1.40137e-38 3
-0.121705 0.26126 1.11856 1.44751e-38 3
-0.0942105 0.237509 1.01687 1.44754e-38 3
-0.0809338 0.247138 1.0581 1.3646e-38 3
-0.0660697 0.255779 1.09509 1.4936e-38 3
-0.0483759 0.255779 1.09509 1.24468e-38 3
-0.0332388 0.277094 1.18635 1.30017e-38 3
-0.0145101 0.285753 1.22343 1.53077e-38 3
0.00525725 0.285753 1.22343 1.28181e-38 3
0.0250246 0.285753 1.22343 1.33712e-38 3
0.044792 0.285753 1.22343 1.49393e-38 3
0.0540105 0.239061 1.02352 1.39251e-38 3
0.0696376 0.235977 1.01031 1.4017e-38 3
0.0859616 0.235977 1.01031 1.55847e-38 3
0.10295 0.237509 1.01687 1.42939e-38 3
0.11938 0.237509 1.01687 1.51237e-38 3
0.134934 0.235977 1.01031 1.43857e-38 3
0.149331 0.23297 0.997442 1.46616e-38 3
0.163366 0.23004 0.984896 1.21716e-38 3
0.180414 0.231496 0.991129 1.42907e-38 3
0.197679 0.23297 0.997442 1.29077e-38 3
0.213795 0.23297 0.997442 1.35531e-38 3
0.229911 0.23297 0.997442 1.42907e-38 3
0.247605 0.234464 1.00384 1.34606e-38 3
0.285809 0.254003 1.08749 1.41063e-38 3
0.341303 0.285753 1.22343 1.40141e-38 3
0.325472 0.25758 1.10281 1.35531e-38 3
0.348194 0.26126 1.11856 1.44747e-38 3
0.371576 0.265046 1.13477 1.37361e-38 3
0.407634 0.277094 1.18635 1.46569e-38 3
0.426802 0.277094 1.18635 1.57629e-38 3
0.44597 0.277094 1.18635 1.41967e-38 3
0.441715 0.263139 1.12661 1.4197e-38 3
0.447053 0.255779 1.09509 1.29049e-38 3
0.443058 0.243842 1.04399 1.567e-38 3
0.436639 0.231496 0.991129 1.47484e-38 3
0.446995 0.228602 0.97874 1.3458e-38 3
0.477738 0.235977 1.01031 1.33669e-38 3
0.487769 0.23297 0.997442 1.33687e-38 3
0.500696 0.231496 0.991129 1.29999e-38 3
0.507082 0.227182 0.972661 1.2446e-38 3
0.51957 0.22578 0.966657 1.19854e-38 3
0.541879 0.228602 0.97874 1.20783e-38 3
0.550807 0.22578 0.966657 1.24478e-38 3
0.566426 0.22578 0.966657 1.18021e-38 3
0.535746 0.20782 0.889764 1.27237e-38 3
0.543941 0.205485 0.879766 1.15248e-38 3
0.570987 0.210209 0.899991 1.20794e-38 3
1.06127 0.381004 1.63123 1.17106e-38 3
1.08763 0.381004 1.63123 1.13408e-38 3
1.27312 0.435433 1.86427 1.03255e-38 3
1.51355 0.494275 2.11619 1.04181e-38 3
0.847894 0.243842 1.04399 1.04199e-38 3
0.842301 0.237509 1.01687 1.07883e-38 3
1.07566 0.281357 1.2046 8.94442e-39 3
1.0169 0.26126 1.11856 9.77489e-39 3
0.992437 0.250523 1.07259 8.20757e-39 3
0.98284 0.243842 1.04399 9.12881e-39 3
0.986554 0.240634 1.03025 9.31284e-39 3
0.990172 0.237509 1.01687 9.49651e-39 3
0.968854 0.228602 0.97874 7.5604e-39 3
0.949078 0.22034 0.943364 7.83807e-39 3
0.94163 0.215155 0.921167 9.12881e-39 3
2.53908 0.481268 2.06051 5.99452e-39 3
2.57237 0.481268 2.06051 5.62537e-39 3
-0.336942 0.098754 0.395451 2.28645e-38 5
-0.335638 0.100273 0.401534 2.28645e-38 5
-0.333425 0.101576 0.406749 2.28645e-38 5
-0.32856 0.102106 0.408873 2.28645e-38 5
-0.323643 0.102642 0.411019 2.28645e-38 5
-0.318675 0.103184 0.413188 2.28645e-38 5
-0.313654 0.103731 0.41538 2.28645e-38 5
-0.309405 0.104563 0.418712 2.28645e-38 5
-0.305087 0.105409 0.422098 2.28645e-38 5
-0.304003 0.107436 0.430215 2.2956e-38 5
-0.298693 0.108029 0.432592 2.31404e-38 5
-0.292511 0.108328 0.433791 2.2956e-38 5
-0.301363 0.114347 0.45789 2.2956e-38 5
-0.295694 0.115019 0.460584 2.30471e-38 3
-0.288252 0.115019 0.460584 2.22184e-38 3
-0.281639 0.115359 0.461942 1.08784e-38 3
-0.274986 0.1157 0.463309 9.12737e-39 3
-0.266711 0.115359 0.461942 1.02334e-38 3
-0.798954 0.355514 1.42362 1.00493e-38 3
-0.783071 0.358776 1.43668 1.01415e-38 3
-0.73296 0.346076 1.38583 1.03266e-38 3
-0.710569 0.346076 1.38583 1.00497e-38 3
-0.688177 0.346076 1.38583 1.06947e-38 3
-0.659946 0.34304 1.37367 1.15245e-38 3
-0.626755 0.337126 1.34999 1.09713e-38 3
-0.730973 0.40736 1.63123 1.05114e-38 3
-0.735252 0.425072 1.70216 1.17088e-38 3
-0.723477 0.434518 1.73998 1.21702e-38 3
-0.654667 0.465555 1.86427 1.35524e-38 3
-0.610021 0.454728 1.82091 1.40123e-38 3
-0.489525 0.383398 1.53528 1.29996e-38 3
-0.373239 0.307926 1.23306 1.33687e-38 3
-0.339933 0.296262 1.18635 1.33687e-38 3
-0.318353 0.294035 1.17743 1.37371e-38 3
-0.292726 0.287548 1.15146 1.38293e-38 3
-0.258892 0.271574 1.08749 1.40134e-38 3
-0.22862 0.25728 1.03025 1.36435e-38 3
-0.210588 0.255599 1.02352 1.42892e-38 3
-0.191547 0.252301 1.01031 1.47499e-38 3
-0.1741 0.250683 1.00384 1.43825e-38 3
-0.154901 0.245953 0.984896 1.40137e-38 3
-0.139868 0.24751 0.991129 1.39197e-38 3
-0.123854 0.24751 0.991129 1.48402e-38 3
-0.113591 0.260711 1.04399 1.53019e-38 3
-0.0912479 0.245953 0.984896 1.38283e-38 3
-0.0793258 0.258984 1.03708 1.41985e-38 3
-0.0625694 0.258984 1.03708 1.46595e-38 3
-0.0470595 0.266031 1.0653 1.46598e-38 3
-0.0294465 0.26246 1.051 1.5029e-38 3
-0.0124651 0.26246 1.051 1.38304e-38 3
0.00487629 0.283381 1.13477 1.43836e-38 3
0.0232113 0.283381 1.13477 1.46613e-38 3
0.0409527 0.279333 1.11856 1.30939e-38 3
0.0543658 0.25728 1.03025 1.3924e-38 3
0.0696376 0.252301 1.01031 1.49375e-38 3
0.0843294 0.24751 0.991129 1.54907e-38 3
0.102286 0.252301 1.01031 1.48453e-38 3
0.11861 0.252301 1.01031 1.49382e-38 3
0.133215 0.249087 0.997442 1.37397e-38 3
0.145621 0.242898 0.972661 1.49378e-38 3
0.159357 0.239918 0.960726 1.44754e-38 3
0.17488 0.239918 0.960726 1.4936e-38 3
0.190403 0.239918 0.960726 1.40137e-38 3
0.203429 0.23701 0.949081 1.33684e-38 3
0.220098 0.238455 0.954868 1.26308e-38 3
0.24447 0.24751 0.991129 1.3185e-38 3
0.263824 0.250683 1.00384 1.28163e-38 3
0.323606 0.289678 1.15999 1.20783e-38 3
0.342348 0.289678 1.15999 1.19865e-38 3
0.36109 0.289678 1.15999 1.22624e-38 3
0.379833 0.289678 1.15999 1.45658e-38 3
0.40155 0.29184 1.16864 1.5948e-38 3
0.420432 0.29184 1.16864 1.62239e-38 3
0.43606 0.289678 1.15999 1.56715e-38 3
0.409322 0.260711 1.04399 1.48417e-38 3
0.42619 0.260711 1.04399 1.51172e-38 3
0.420625 0.24751 0.991129 1.59459e-38 3
0.431181 0.244416 0.97874 1.50243e-38 3
0.436093 0.238455 0.954868 1.39187e-38 3
0.451521 0.238455 0.954868 1.3551e-38 3
0.47565 0.242898 0.972661 1.31829e-38 3
0.494437 0.244416 0.97874 1.21687e-38 3
0.507082 0.242898 0.972661 1.1984e-38 3
0.522797 0.242898 0.972661 1.25372e-38 3
0.545287 0.245953 0.984896 1.17085e-38 3
0.554229 0.242898 0.972661 1.21702e-38 3
0.569944 0.242898 0.972661 1.24468e-38 3
0.564618 0.234171 0.937715 1.23538e-38 3
0.550122 0.222197 0.889764 1.28138e-38 3
0.570987 0.224751 0.899991 1.18932e-38 3
0.60644 0.232777 0.932133 1.22627e-38 3
0.625222 0.234171 0.937715 1.17085e-38 3
0.685528 0.250683 1.00384 1.1984e-38 3
0.720214 0.25728 1.03025 1.11542e-38 3
0.736861 0.25728 1.03025 1.10631e-38 3
0.872312 0.279333 1.11856 9.40467e-39 3
0.831026 0.260711 1.04399 1.07876e-38 3
0.825871 0.253939 1.01687 1.04188e-38 3
0.810715 0.244416 0.97874 9.95784e-39 3
0.80637 0.238455 0.954868 9.95784e-39 3
0.811897 0.235582 0.943364 9.68126e-39 3
0.837226 0.238455 0.954868 9.68126e-39 3
0.873971 0.244416 0.97874 9.68198e-39 3
0.949103 0.260711 1.04399 8.57563e-39 3
0.965972 0.260711 1.04399 9.95857e-39 3
0.957312 0.253939 1.01687 1.02352e-38 3
0.973742 0.253939 1.01687 1.01419e-38 3
0.95304 0.244416 0.97874 8.48236e-39 3
0.8909 0.224751 0.899991 8.57456e-39 3
0.949078 0.235582 0.943364 6.82392e-39 3
0.96432 0.235582 0.943364 7.00831e-39 3
0.991508 0.238455 0.954868 6.45441e-39 3
1.01937 0.241399 0.966657 6.54625e-39 3
-0.333572 0.104092 0.391496 2.28645e-38 5
-0.335638 0.106761 0.401534 2.28645e-38 5
-0.331702 0.107589 0.404647 2.28645e-38 5
-0.32856 0.108712 0.408873 2.28645e-38 5
-0.324495 0.109571 0.412101 2.28645e-38 5
-0.318675 0.10986 0.413188 2.28645e-38 5
-0.313654 0.110442 0.41538 2.28645e-38 5
-0.309405 0.111328 0.418712 2.28645e-38 5
-0.305087 0.112229 0.422098 2.28645e-38 5
-0.302341 0.113762 0.427865 2.28645e-38 5
-0.29787 0.114702 0.431401 2.28645e-38 5
-0.293324 0.115658 0.434996 2.28645e-38 5
-0.30493 0.123186 0.463309 2.28645e-38 5
-0.301006 0.124661 0.468858 2.2956e-38 3
-0.292555 0.124289 0.467458 1.34598e-38 3
-0.285855 0.124661 0.468858 1.01415e-38 3
-0.279115 0.125035 0.470266 1.01415e-38 3
-0.272335 0.125412 0.471682 9.68054e-39 3
-0.798954 0.378516 1.42362 1.00504e-38 3
-0.783071 0.381989 1.43668 1.0972e-38 3
-0.720213 0.362059 1.36173 1.14341e-38 3
-0.686276 0.35587 1.33845 1.005e-38 3
-0.659017 0.352854 1.32711 1.0972e-38 3
-0.632217 0.349889 1.31595 9.77346e-39 3
-0.605863 0.346973 1.30499 1.0511e-38 3
-0.723477 0.462631 1.73998 1.29992e-38 3
-0.654667 0.495676 1.86427 1.42885e-38 3
-0.370323 0.325288 1.22343 1.40126e-38 3
-0.339933 0.31543 1.18635 1.24453e-38 3
-0.315977 0.310723 1.16864 1.39197e-38 3
-0.292726 0.306153 1.15146 1.47502e-38 3
-0.253608 0.283244 1.0653 1.35513e-38 3
-0.230134 0.275741 1.03708 1.4196e-38 3
-0.213377 0.275741 1.03708 1.29978e-38 3
-0.191547 0.268625 1.01031 1.53949e-38 3
-0.172991 0.265203 0.997442 1.42892e-38 3
-0.150179 0.253883 0.954868 1.41041e-38 3
-0.133934 0.252344 0.949081 1.48403e-38 3
-0.117179 0.249322 0.937715 1.53913e-38 3
-0.102028 0.249322 0.937715 1.55771e-38 3
-0.0890087 0.255441 0.960726 1.4103e-38 3
-0.0753346 0.261867 0.984896 1.52101e-38 3
-0.0594212 0.261867 0.984896 1.42892e-38 3
-0.0449204 0.270369 1.01687 1.25372e-38 3
-0.0281251 0.266903 1.00384 1.4842e-38 3
-0.0116081 0.26023 0.97874 1.55792e-38 3
0.00412839 0.255441 0.960726 1.69629e-38 3
0.0187319 0.24349 0.91578 1.51186e-38 3
0.0327622 0.237925 0.894848 1.54885e-38 3
0.0480442 0.242074 0.910456 1.52115e-38 3
0.0646337 0.249322 0.937715 1.64105e-38 3
0.0807518 0.252344 0.949081 1.56736e-38 3
0.0966724 0.253883 0.954868 1.5029e-38 3
0.114189 0.258614 0.972661 1.41077e-38 3
0.129103 0.257017 0.966657 1.41077e-38 3
0.142091 0.252344 0.949081 1.44765e-38 3
0.15554 0.249322 0.937715 1.35535e-38 3
0.171719 0.250824 0.943364 1.6042e-38 3
0.188095 0.252344 0.949081 1.37375e-38 3
0.199797 0.247838 0.932133 1.3645e-38 3
0.214858 0.247838 0.932133 1.49364e-38 3
0.232689 0.250824 0.943364 1.18028e-38 3
0.240681 0.24349 0.91578 1.30939e-38 3
0.273042 0.26023 0.97874 1.1895e-38 3
0.296263 0.266903 1.00384 1.20794e-38 3
0.312482 0.266903 1.00384 1.18021e-38 3
0.37704 0.306153 1.15146 1.26312e-38 3
0.40155 0.310723 1.16864 1.25382e-38 3
0.408245 0.301716 1.13477 1.25372e-38 3
0.38729 0.273926 1.03025 1.29992e-38 3
0.393579 0.266903 1.00384 1.33684e-38 3
0.404611 0.263524 0.991129 1.29978e-38 3
0.415367 0.26023 0.97874 1.46555e-38 3
0.420665 0.253883 0.954868 1.6315e-38 3
0.436093 0.253883 0.954868 1.44711e-38 3
0.446081 0.250824 0.943364 1.5209e-38 3
0.461323 0.250824 0.943364 1.42885e-38 3
0.476566 0.250824 0.943364 1.39187e-38 3
0.510251 0.26023 0.97874 1.4102e-38 3
0.522797 0.258614 0.972661 1.24442e-38 3
0.538513 0.258614 0.972661 1.2629e-38 3
0.547428 0.255441 0.960726 1.14308e-38 3
0.562951 0.255441 0.960726 1.21684e-38 3
0.564618 0.249322 0.937715 1.23524e-38 3
0.576318 0.247838 0.932133 1.30885e-38 3
0.570987 0.239292 0.899991 1.2812e-38 3
0.610071 0.249322 0.937715 1.20758e-38 3
0.625222 0.249322 0.937715 1.27198e-38 3
0.67685 0.263524 0.991129 1.32722e-38 3
0.710861 0.270369 1.01687 1.20744e-38 3
0.736861 0.273926 1.03025 1.26279e-38 3
0.763554 0.277579 1.04399 1.35492e-38 3
0.860759 0.306153 1.15146 1.2535e-38 3
0.879364 0.306153 1.15146 1.12468e-38 3
0.872312 0.297406 1.11856 1.15245e-38 3
0.842256 0.28133 1.0581 1.06947e-38 3
0.847894 0.277579 1.04399 9.77273e-39 3
0.810715 0.26023 0.97874 1.03263e-38 3
0.80637 0.253883 0.954868 9.77309e-39 3
0.802231 0.247838 0.932133 9.95713e-39 3
0.827139 0.250824 0.943364 1.005e-38 3
0.842381 0.250824 0.943364 1.04185e-38 3
0.878799 0.257017 0.966657 9.49687e-39 3
0.917062 0.263524 0.991129 9.22028e-39 3
0.933076 0.263524 0.991129 8.39017e-39 3
0.83309 0.231316 0.869991 8.48344e-39 3
0.847147 0.231316 0.869991 8.48344e-39 3
0.968854 0.26023 0.97874 8.85222e-39 3
0.984668 0.26023 0.97874 7.7448e-39 3
0.97608 0.253883 0.954868 7.92919e-39 3
0.991508 0.253883 0.954868 7.83735e-39 3
1.01937 0.257017 0.966657 6.54661e-39 3
1.18076 0.293217 1.10281 5.80904e-39 3
1.19858 0.293217 1.10281 6.54589e-39 3
-0.313654 0.117154 0.41538 2.28645e-38 5
-0.30858 0.117779 0.417596 2.28645e-38 5
-0.30264 0.118094 0.418712 2.28645e-38 5
-0.298267 0.119049 0.422098 2.28645e-38 5
-0.296238 0.121006 0.429037 2.28645e-38 5
-0.29999 0.125475 0.444882 2.28645e-38 5
-0.308582 0.132237 0.468858 2.28645e-38 5
-0.303734 0.133435 0.473107 2.30489e-38 3
-0.295198 0.133033 0.471682 1.06025e-38 3
-0.288446 0.133435 0.473107 1.06947e-38 3
-0.281653 0.13384 0.474541 9.49651e-39 3
-0.274818 0.134246 0.475983 9.77346e-39 3
-0.647534 0.356186 1.26289 1.10642e-38 3
-0.607532 0.345055 1.22343 1.22627e-38 3
-0.587764 0.345055 1.22343 1.08794e-38 3
-0.472101 0.286799 1.01687 1.09716e-38 3
-0.446964 0.281319 0.997442 1.08795e-38 3
-0.334859 0.329605 1.16864 1.45633e-38 3
-0.31133 0.324758 1.15146 1.53934e-38 3
-0.292726 0.324758 1.15146 1.4564e-38 3
-0.266289 0.315479 1.11856 1.43793e-38 3
-0.239657 0.3046 1.07999 1.29052e-38 3
-0.219184 0.300456 1.0653 1.29967e-38 3
-0.190319 0.283122 1.00384 1.29967e-38 3
-0.171896 0.279538 0.991129 1.32733e-38 3
-0.145736 0.261343 0.926618 1.41956e-38 3
-0.129995 0.259806 0.921167 1.51165e-38 3
-0.111822 0.252383 0.894848 1.65902e-38 3
-0.0973637 0.252383 0.894848 1.56682e-38 3
-0.0863597 0.262899 0.932133 1.56693e-38 3
-0.0739395 0.272636 0.966657 1.45629e-38 3
-0.0590498 0.276044 0.97874 1.42871e-38 3
-0.0437832 0.279538 0.991129 1.45637e-38 3
-0.0272517 0.274329 0.972661 1.54849e-38 3
-0.011325 0.269311 0.954868 1.68671e-38 3
0.00407835 0.267679 0.949081 1.59462e-38 3
0.0177953 0.245372 0.869991 1.53012e-38 3
0.0313299 0.24135 0.855729 1.62232e-38 3
0.0446681 0.238741 0.846478 1.51165e-38 3
0.0627548 0.256785 0.910456 1.51183e-38 3
0.0797847 0.264473 0.937715 1.42892e-38 3
0.0949358 0.264473 0.937715 1.41978e-38 3
0.111421 0.267679 0.949081 1.48446e-38 3
0.126756 0.267679 0.949081 1.61349e-38 3
0.141235 0.266066 0.943364 1.5674e-38 3
0.15554 0.264473 0.937715 1.32769e-38 3
0.173813 0.269311 0.954868 1.49357e-38 3
0.189242 0.269311 0.954868 1.61339e-38 3
0.196292 0.258287 0.91578 1.53045e-38 3
0.211088 0.258287 0.91578 1.33691e-38 3
0.232689 0.266066 0.943364 1.33702e-38 3
0.23518 0.252383 0.894848 1.36471e-38 3
0.266383 0.269311 0.954868 1.18954e-38 3
0.288856 0.276044 0.97874 1.22638e-38 3
0.30467 0.276044 0.97874 1.18028e-38 3
0.324541 0.279538 0.991129 1.1434e-38 3
0.340555 0.279538 0.991129 1.28163e-38 3
0.356569 0.279538 0.991129 1.2539e-38 3
0.372583 0.279538 0.991129 1.29081e-38 3
0.38374 0.276044 0.97874 1.32769e-38 3
0.399553 0.276044 0.97874 1.34602e-38 3
0.405236 0.269311 0.954868 1.18911e-38 3
0.415596 0.266066 0.943364 1.26276e-38 3
0.430839 0.266066 0.943364 1.47477e-38 3
0.440771 0.262899 0.932133 1.43786e-38 3
0.455831 0.262899 0.932133 1.43793e-38 3
0.470892 0.262899 0.932133 1.38257e-38 3
0.485953 0.262899 0.932133 1.30878e-38 3
0.49512 0.259806 0.921167 1.29963e-38 3
0.531905 0.270963 0.960726 1.2351e-38 3
0.54409 0.269311 0.954868 1.36428e-38 3
0.559518 0.269311 0.954868 1.33666e-38 3
0.564618 0.264473 0.937715 1.2535e-38 3
0.576318 0.262899 0.932133 1.21655e-38 3
0.591379 0.262899 0.932133 1.32715e-38 3
0.613747 0.266066 0.943364 1.26254e-38 3
0.632801 0.267679 0.949081 1.34555e-38 3
0.648136 0.267679 0.949081 1.27172e-38 3
0.729817 0.294447 1.04399 1.26265e-38 3
0.746686 0.294447 1.04399 1.3825e-38 3
0.842155 0.324758 1.15146 1.41924e-38 3
0.860759 0.324758 1.15146 1.32708e-38 3
0.879364 0.324758 1.15146 1.31807e-38 3
0.872312 0.315479 1.11856 1.27216e-38 3
0.865652 0.306716 1.08749 1.12461e-38 3
0.847894 0.294447 1.04399 1.0049e-38 3
0.831503 0.283122 1.00384 1.10631e-38 3
0.826529 0.276044 0.97874 1.01419e-38 3
0.716888 0.234931 0.83297 9.40431e-39 3
0.726482 0.233688 0.828563 9.49687e-39 3
0.743805 0.234931 0.83297 9.03589e-39 3
0.753257 0.233688 0.828563 1.03259e-38 3
0.770722 0.234931 0.83297 9.77274e-39 3
0.784181 0.234931 0.83297 9.7731e-39 3
0.810574 0.238741 0.846478 8.48236e-39 3
0.95304 0.276044 0.97874 8.85222e-39 3
0.968854 0.276044 0.97874 8.02246e-39 3
1.10949 0.311035 1.10281 7.92919e-39 3
1.1273 0.311035 1.10281 8.20577e-39 3
1.08405 0.294447 1.04399 5.90088e-39 3
1.10092 0.294447 1.04399 7.92954e-39 3
1.19763 0.315479 1.11856 7.00759e-39 3
1.19858 0.311035 1.10281 7.56004e-39 3
-0.306943 0.123865 0.41538 2.28645e-38 5
-0.300231 0.123865 0.41538 2.28645e-38 5
-0.29352 0.123865 0.41538 2.28645e-38 5
-0.287571 0.124195 0.416485 2.28645e-38 5
-0.295789 0.130805 0.438651 2.28645e-38 5
-0.311379 0.141079 0.473107 2.31411e-38 3
-0.304655 0.141507 0.474541 1.2539e-38 3
-0.298798 0.14237 0.477434 9.86529e-39 3
-0.291084 0.14237 0.477434 1.03263e-38 3
-0.284237 0.142805 0.478894 1.06029e-38 3
-0.279059 0.144127 0.483328 1.12479e-38 3
-0.45476 0.273083 0.91578 1.2539e-38 3
-0.445171 0.276315 0.926618 1.01422e-38 3
-0.440628 0.283014 0.949081 1.10649e-38 3
-0.314329 0.255176 0.855729 1.29034e-38 3
-0.29887 0.253789 0.851078 1.56679e-38 3
-0.283577 0.252418 0.846478 1.4008e-38 3
-0.2699 0.252418 0.846478 1.48381e-38 3
-0.256223 0.252418 0.846478 1.62221e-38 3
-0.292726 0.343362 1.15146 1.47459e-38 3
-0.270148 0.338386 1.13477 1.45615e-38 3
-0.251813 0.338386 1.13477 1.90802e-38 3
-0.217703 0.315522 1.0581 1.32722e-38 3
-0.178854 0.281309 0.943364 1.447e-38 3
-0.147606 0.253789 0.851078 1.49303e-38 3
-0.129628 0.245775 0.824202 1.49317e-38 3
-0.128483 0.271496 0.910456 1.41945e-38 3
-0.111822 0.266842 0.894848 1.49314e-38 3
-0.0962635 0.263826 0.884737 1.61306e-38 3
-0.0788501 0.253789 0.851078 1.60388e-38 3
-0.059298 0.231175 0.77524 1.59462e-38 3
-0.0465417 0.230036 0.771421 1.53934e-38 3
-0.0424402 0.286486 0.960726 1.52094e-38 3
-0.0249291 0.265325 0.889764 1.52998e-38 3
-0.0112563 0.283014 0.949081 1.55739e-38 3
0.00369741 0.256578 0.860431 1.53898e-38 3
0.0167704 0.244488 0.819887 1.64061e-38 3
0.0295535 0.240708 0.807208 1.71419e-38 3
0.0419472 0.237042 0.794916 1.73256e-38 3
0.057721 0.249718 0.837425 1.61288e-38 3
0.0740225 0.259429 0.869991 1.60395e-38 3
0.0880793 0.259429 0.869991 1.62239e-38 3
0.103284 0.262344 0.879766 1.49346e-38 3
0.127529 0.284739 0.954868 1.5397e-38 3
0.142091 0.283014 0.949081 1.46591e-38 3
0.15554 0.279624 0.937715 1.46591e-38 3
0.161963 0.265325 0.889764 1.57651e-38 3
0.176339 0.265325 0.889764 1.65949e-38 3
0.192907 0.268375 0.899991 1.44747e-38 3
0.207449 0.268375 0.899991 1.51204e-38 3
0.197073 0.238251 0.798972 1.30932e-38 3
0.209982 0.238251 0.798972 1.37393e-38 3
0.224035 0.239473 0.803069 1.37389e-38 3
0.234604 0.237042 0.794916 1.33709e-38 3
0.244961 0.23466 0.786927 1.30943e-38 3
0.257675 0.23466 0.786927 1.29092e-38 3
0.286211 0.24839 0.83297 1.34613e-38 3
0.290401 0.240708 0.807208 1.29999e-38 3
0.303444 0.240708 0.807208 1.26319e-38 3
0.316486 0.240708 0.807208 1.27241e-38 3
0.332961 0.243215 0.815617 1.34613e-38 3
0.381947 0.268375 0.899991 1.31836e-38 3
0.401099 0.271496 0.910456 1.34595e-38 3
0.415809 0.271496 0.910456 1.10617e-38 3
0.435585 0.27469 0.921167 1.24446e-38 3
0.445231 0.271496 0.910456 1.21677e-38 3
0.454655 0.268375 0.899991 1.36421e-38 3
0.469196 0.268375 0.899991 1.41942e-38 3
0.483738 0.268375 0.899991 1.36406e-38 3
0.510003 0.27469 0.921167 1.37328e-38 3
0.464744 0.243215 0.815617 1.29963e-38 3
0.552777 0.281309 0.943364 1.29963e-38 3
0.501549 0.24839 0.83297 1.4747e-38 3
0.520546 0.251061 0.841927 1.57586e-38 3
0.539955 0.253789 0.851078 1.62182e-38 3
0.588913 0.269926 0.905193 1.55724e-38 3
0.621501 0.27796 0.932133 1.4098e-38 3
0.636562 0.27796 0.932133 1.29924e-38 3
0.73968 0.315522 1.0581 1.25328e-38 3
0.788752 0.328854 1.10281 1.23474e-38 3
0.854724 0.348487 1.16864 1.29924e-38 3
0.873607 0.348487 1.16864 1.26247e-38 3
0.879364 0.343362 1.15146 1.22577e-38 3
0.872312 0.333552 1.11856 1.24428e-38 3
0.877845 0.328854 1.10281 1.26276e-38 3
0.847894 0.311315 1.04399 1.19833e-38 3
0.831503 0.299341 1.00384 1.16152e-38 3
0.826529 0.291858 0.97874 1.01401e-38 3
0.842343 0.291858 0.97874 1.04174e-38 3
0.847562 0.288255 0.966657 9.40323e-39 3
0.739869 0.247075 0.828563 8.48164e-39 3
0.797639 0.24839 0.83297 1.02337e-38 3
0.811098 0.24839 0.83297 9.49615e-39 3
1.09167 0.328854 1.10281 8.94298e-39 3
1.17572 0.348487 1.16864 9.03517e-39 3
1.14341 0.333552 1.11856 8.5742e-39 3
1.16148 0.333552 1.11856 7.83663e-39 3
1.16294 0.328854 1.10281 6.82248e-39 3
1.21498 0.338386 1.13477 7.19234e-39 3
-0.299437 0.130231 0.414282 2.28645e-38 5
-0.291203 0.129546 0.412101 2.28645e-38 5
-0.283797 0.129206 0.411019 2.28645e-38 5
-0.282344 0.131624 0.418712 2.29567e-38 5
-0.314227 0.150084 0.477434 1.84391e-38 3
-0.30745 0.150543 0.478894 1.05103e-38 3
-0.300631 0.151005 0.480363 1.07869e-38 3
-0.293771 0.151469 0.481841 1.14323e-38 3
-0.287757 0.152407 0.484825 1.00493e-38 3
-0.285221 0.155292 0.494001 1.09713e-38 3
-0.444366 0.2813 0.894848 1.08791e-38 3
-0.437406 0.286206 0.910456 1.26308e-38 3
-0.427668 0.289573 0.921167 1.17092e-38 3
-0.400991 0.2813 0.894848 1.24464e-38 3
-0.380018 0.276559 0.879766 1.3735e-38 3
-0.365803 0.276559 0.879766 1.26276e-38 3
-0.343861 0.270481 0.860431 1.43796e-38 3
-0.328156 0.269003 0.855729 1.21677e-38 3
-0.312621 0.267541 0.851078 1.28112e-38 3
-0.29887 0.267541 0.851078 2.11074e-38 3
-0.283577 0.266095 0.846478 1.3363e-38 3
-0.268449 0.264664 0.841927 1.53924e-38 3
-0.254846 0.264664 0.841927 1.44708e-38 3
-0.242547 0.266095 0.846478 1.4286e-38 3
-0.226422 0.263249 0.837425 1.3086e-38 3
-0.288483 0.356721 1.13477 1.53895e-38 3
-0.251895 0.332618 1.0581 1.45601e-38 3
-0.234799 0.332618 1.0581 1.52987e-38 3
-0.146455 0.223761 0.711811 1.55735e-38 3
-0.134343 0.222749 0.70859 1.52047e-38 3
-0.128111 0.232205 0.738672 1.50207e-38 3
-0.108499 0.216861 0.689861 1.52065e-38 3
-0.109401 0.2437 0.77524 1.47459e-38 3
-0.0998412 0.251161 0.798972 1.50236e-38 3
-0.0878281 0.25375 0.807208 1.34573e-38 3
-0.0707728 0.240134 0.763895 1.39197e-38 3
-0.0584302 0.240134 0.763895 1.46573e-38 3
-0.0454229 0.236671 0.752877 1.46573e-38 3
-0.0335813 0.238968 0.760186 1.47488e-38 3
-0.0212987 0.238968 0.760186 1.57615e-38 3
-0.00905999 0.240134 0.763895 1.67728e-38 3
0.00328257 0.240134 0.763895 1.6588e-38 3
0.0157791 0.2425 0.771421 1.6866e-38 3
0.0285243 0.244913 0.779097 1.82457e-38 3
0.0411125 0.244913 0.779097 1.80592e-38 3
0.0562178 0.256393 0.815617 1.87078e-38 3
0.0708726 0.261848 0.83297 1.63143e-38 3
0.0834436 0.259092 0.824202 1.7882e-38 3
0.088814 0.237814 0.756514 1.70529e-38 3
0.101037 0.237814 0.756514 1.42882e-38 3
0.112177 0.235538 0.749275 1.4103e-38 3
0.138166 0.261848 0.83297 1.5948e-38 3
0.151624 0.261848 0.83297 1.54874e-38 3
0.151393 0.240134 0.763895 1.6686e-38 3
0.163736 0.240134 0.763895 1.65949e-38 3
0.177813 0.2425 0.771421 1.63183e-38 3
0.189345 0.241311 0.767639 1.34602e-38 3
0.202742 0.2425 0.771421 1.44754e-38 3
0.217347 0.244913 0.779097 1.40145e-38 3
0.228797 0.2437 0.77524 1.53063e-38 3
0.241323 0.2437 0.77524 1.34624e-38 3
0.25136 0.241311 0.767639 1.33702e-38 3
0.265062 0.2425 0.771421 1.34613e-38 3
0.277526 0.2425 0.771421 1.24471e-38 3
0.280324 0.234417 0.745707 1.254e-38 3
0.289615 0.232205 0.738672 1.30017e-38 3
0.30155 0.232205 0.738672 1.43847e-38 3
0.313485 0.232205 0.738672 1.40152e-38 3
0.396489 0.282917 0.899991 1.37375e-38 3
0.41103 0.282917 0.899991 1.16167e-38 3
0.425572 0.282917 0.899991 1.19851e-38 3
0.435112 0.279702 0.889764 1.21691e-38 3
0.429945 0.267541 0.851078 1.23524e-38 3
0.434256 0.261848 0.83297 1.07847e-38 3
0.39703 0.232205 0.738672 1.13361e-38 3
0.44691 0.25375 0.807208 1.14283e-38 3
0.459953 0.25375 0.807208 1.19822e-38 3
0.472995 0.25375 0.807208 1.29974e-38 3
0.486037 0.25375 0.807208 1.318e-38 3
0.512283 0.260463 0.828563 1.60352e-38 3
0.52567 0.260463 0.828563 1.64937e-38 3
0.541925 0.261848 0.83297 1.67699e-38 3
0.607047 0.286206 0.910456 1.77844e-38 3
0.67685 0.311566 0.991129 1.59423e-38 3
0.73968 0.332618 1.0581 1.49289e-38 3
0.848506 0.372936 1.18635 1.54813e-38 3
0.894789 0.38459 1.22343 1.51125e-38 3
0.914557 0.38459 1.22343 1.40984e-38 3
0.934324 0.38459 1.22343 1.36388e-38 3
0.897969 0.361967 1.15146 1.22577e-38 3
0.877845 0.346672 1.10281 1.24425e-38 3
0.836738 0.323865 1.03025 1.05993e-38 3
0.810715 0.307672 0.97874 1.03238e-38 3
0.826529 0.307672 0.97874 1.05071e-38 3
0.842343 0.307672 0.97874 1.17974e-38 3
0.858157 0.307672 0.97874 1.17989e-38 3
0.873971 0.307672 0.97874 9.95497e-39 3
0.883511 0.300168 0.954868 9.31032e-39 3
0.898939 0.300168 0.954868 9.77094e-39 3
0.914367 0.300168 0.954868 1.01408e-38 3
1.19354 0.372936 1.18635 8.1125e-39 3
1.21271 0.372936 1.18635 7.55933e-39 3
1.21349 0.367369 1.16864 8.0203e-39 3
1.19665 0.356721 1.13477 7.74336e-39 3
-0.2943 0.137653 0.416485 2.28645e-38 5
-0.289109 0.13839 0.418712 2.28645e-38 5
-0.284627 0.139509 0.422098 2.30489e-38 5
-0.30493 0.153129 0.463309 1.18932e-38 3
-0.30745 0.15828 0.478894 1.00486e-38 3
-0.301556 0.159255 0.481841 1.06018e-38 3
-0.294678 0.159746 0.483328 1.10628e-38 3
-0.290454 0.161743 0.48937 1.07862e-38 3
-0.287032 0.16431 0.497138 1.06025e-38 3
-0.281683 0.16589 0.501918 9.40395e-39 3
-0.45364 0.292416 0.884737 1.11542e-38 3
-0.439345 0.292416 0.884737 1.17081e-38 3
-0.422662 0.290774 0.879766 1.29063e-38 3
-0.408447 0.290774 0.879766 1.06021e-38 3
-0.383461 0.282829 0.855729 1.08773e-38 3
-0.365639 0.279771 0.846478 1.43793e-38 3
-0.351962 0.279771 0.846478 1.35488e-38 3
-0.338285 0.279771 0.846478 1.41031e-38 3
-0.322863 0.278267 0.841927 1.38275e-38 3
-0.310931 0.279771 0.846478 1.33659e-38 3
-0.29887 0.281292 0.851078 1.42864e-38 3
-0.283577 0.279771 0.846478 1.43789e-38 3
-0.2699 0.279771 0.846478 1.53005e-38 3
-0.256223 0.279771 0.846478 1.51176e-38 3
-0.242547 0.279771 0.846478 1.38261e-38 3
-0.227639 0.278267 0.841927 1.53909e-38 3
-0.210638 0.27385 0.828563 1.66795e-38 3
-0.188285 0.261403 0.790901 1.51125e-38 3
-0.172031 0.256226 0.77524 1.47455e-38 3
-0.14986 0.240734 0.728365 1.49267e-38 3
-0.137453 0.239619 0.724993 1.72312e-38 3
-0.12234 0.233143 0.705398 1.62185e-38 3
-0.109464 0.230034 0.695993 1.61281e-38 3
-0.0982182 0.230034 0.695993 1.51154e-38 3
-0.0881481 0.233143 0.705398 1.6315e-38 3
-0.0757273 0.230034 0.695993 1.438e-38 3
-0.0659474 0.235262 0.711811 1.41045e-38 3
-0.0565009 0.24414 0.738672 1.51186e-38 3
-0.0441494 0.241858 0.731768 1.55782e-38 3
-0.0326309 0.24414 0.738672 1.66838e-38 3
-0.0207939 0.245297 0.742173 1.53934e-38 3
-0.00901601 0.251251 0.760186 1.5576e-38 3
0.00326664 0.251251 0.760186 1.70508e-38 3
0.0159361 0.257501 0.779097 1.53927e-38 3
0.0286669 0.258789 0.782992 1.80628e-38 3
0.0415256 0.260089 0.786927 1.75082e-38 3
0.0516451 0.247645 0.749275 1.66802e-38 3
0.0608404 0.236337 0.715061 1.64051e-38 3
0.072394 0.236337 0.715061 1.74174e-38 3
0.0847212 0.238515 0.721652 1.79709e-38 3
0.0972778 0.240734 0.728365 1.66827e-38 3
0.109556 0.241858 0.731768 1.69597e-38 3
0.121379 0.241858 0.731768 1.65916e-38 3
0.135097 0.245297 0.742173 1.68686e-38 3
0.147088 0.245297 0.742173 1.5764e-38 3
0.161374 0.248835 0.752877 1.47499e-38 3
0.175224 0.251251 0.760186 1.52108e-38 3
0.185703 0.248835 0.752877 1.58562e-38 3
0.197868 0.248835 0.752877 1.53038e-38 3
0.212072 0.251251 0.760186 1.52123e-38 3
0.220081 0.246465 0.745707 1.55818e-38 3
0.231029 0.245297 0.742173 1.35546e-38 3
0.2385 0.240734 0.728365 1.38315e-38 3
0.251438 0.241858 0.731768 1.44765e-38 3
0.263261 0.241858 0.731768 1.39223e-38 3
0.268804 0.236337 0.715061 1.38308e-38 3
0.279083 0.235262 0.711811 1.50293e-38 3
0.290584 0.235262 0.711811 1.32776e-38 3
0.302085 0.235262 0.711811 1.26312e-38 3
0.313586 0.235262 0.711811 1.33687e-38 3
0.354056 0.256226 0.77524 1.39219e-38 3
0.366581 0.256226 0.77524 1.43829e-38 3
0.371746 0.251251 0.760186 1.2262e-38 3
0.37316 0.24414 0.738672 1.3645e-38 3
0.374496 0.237421 0.718341 1.27223e-38 3
0.382593 0.235262 0.711811 1.63168e-38 3
0.394094 0.235262 0.711811 1.57629e-38 3
0.396581 0.230034 0.695993 1.26286e-38 3
0.411484 0.232097 0.702235 1.11535e-38 3
0.476218 0.261403 0.790901 1.22588e-38 3
0.49652 0.265424 0.803069 1.30875e-38 3
0.512122 0.266792 0.807208 1.4192e-38 3
0.480575 0.24414 0.738672 1.54824e-38 3
0.474601 0.235262 0.711811 1.56668e-38 3
0.486102 0.235262 0.711811 1.49296e-38 3
0.73968 0.349714 1.0581 1.5575e-38 3
0.756776 0.349714 1.0581 1.45608e-38 3
0.860026 0.364491 1.10281 1.23488e-38 3
0.810715 0.323486 0.97874 1.02305e-38 3
0.826529 0.323486 0.97874 1.04149e-38 3
0.842343 0.323486 0.97874 1.07847e-38 3
0.880161 0.33178 1.00384 1.03238e-38 3
0.89638 0.33178 1.00384 1.17067e-38 3
0.889785 0.323486 0.97874 1.03238e-38 3
0.883511 0.315596 0.954868 1.04163e-38 3
0.877536 0.308082 0.932133 9.4018e-39 3
0.882095 0.304457 0.921167 9.58619e-39 3
0.896979 0.304457 0.921167 9.58691e-39 3
1.17437 0.392104 1.18635 9.67875e-39 3
1.23083 0.404357 1.22343 8.94118e-39 3
1.2506 0.404357 1.22343 8.29581e-39 3
1.27037 0.404357 1.22343 8.85007e-39 3
-0.290663 0.145935 0.420963 2.30489e-38 5
-0.286169 0.147122 0.424386 2.30482e-38 3
-0.296168 0.156 0.449995 1.07862e-38 3
-0.306512 0.165512 0.477434 1.18003e-38 3
-0.300631 0.166527 0.480363 1.04174e-38 3
-0.293771 0.16704 0.481841 1.08784e-38 3
-0.28865 0.168596 0.48633 1.0049e-38 3
-0.287946 0.172892 0.498721 1.1155e-38 3
-0.281683 0.174 0.501918 1.12471e-38 3
-0.474193 0.3016 0.869991 1.14312e-38 3
-0.443615 0.299933 0.865185 1.06018e-38 3
-0.429636 0.299933 0.865185 1.17074e-38 3
-0.387803 0.279835 0.807208 1.2445e-38 3
-0.330471 0.246763 0.711811 1.22595e-38 3
-0.324877 0.251333 0.724993 1.4563e-38 3
-0.338216 0.27144 0.782992 1.51154e-38 3
-0.332209 0.276979 0.798972 1.31797e-38 3
-0.325952 0.28275 0.815617 1.40116e-38 3
-0.321136 0.29031 0.837425 1.29978e-38 3
-0.307606 0.29031 0.837425 1.34584e-38 3
-0.297254 0.293448 0.846478 1.45637e-38 3
-0.282053 0.291871 0.841927 1.47491e-38 3
-0.2699 0.293448 0.846478 1.33651e-38 3
-0.256223 0.293448 0.846478 1.41038e-38 3
-0.241243 0.291871 0.841927 1.31818e-38 3
-0.226422 0.29031 0.837425 1.41938e-38 3
-0.20953 0.285726 0.824202 1.51136e-38 3
-0.187339 0.272804 0.786927 1.41924e-38 3
-0.171183 0.267428 0.771421 1.55746e-38 3
-0.14986 0.252502 0.728365 1.54806e-38 3
-0.134954 0.246763 0.711811 1.68635e-38 3
-0.120175 0.240212 0.692913 1.49289e-38 3
-0.108979 0.240212 0.692913 1.64054e-38 3
-0.0977836 0.240212 0.692913 1.47459e-38 3
-0.0869728 0.24128 0.695993 1.53916e-38 3
-0.0747309 0.238105 0.686835 1.50239e-38 3
-0.0641966 0.240212 0.692913 1.41967e-38 3
-0.0534741 0.242357 0.6991 1.47499e-38 3
-0.0418052 0.240212 0.692913 1.4564e-38 3
-0.0310213 0.243444 0.702235 1.46555e-38 3
-0.019675 0.243444 0.702235 1.52087e-38 3
-0.00876084 0.256075 0.738672 1.47477e-38 3
0.00317419 0.256075 0.738672 1.49325e-38 3
0.0163426 0.276979 0.798972 1.47491e-38 3
0.0286669 0.27144 0.782992 1.43793e-38 3
0.0409089 0.268752 0.77524 1.48392e-38 3
0.0534348 0.268752 0.77524 1.51158e-38 3
0.0608404 0.24789 0.715061 1.56679e-38 3
0.072394 0.24789 0.715061 1.67724e-38 3
0.0839475 0.24789 0.715061 1.76022e-38 3
0.0963812 0.250175 0.721652 1.71426e-38 3
0.108041 0.250175 0.721652 1.63136e-38 3
0.119701 0.250175 0.721652 1.64065e-38 3
0.131361 0.250175 0.721652 1.74217e-38 3
0.143021 0.250175 0.721652 1.57636e-38 3
0.155397 0.251333 0.724993 1.48421e-38 3
0.167111 0.251333 0.724993 1.50264e-38 3
0.179657 0.252502 0.728365 1.6592e-38 3
0.191426 0.252502 0.728365 1.52101e-38 3
0.203194 0.252502 0.728365 1.6225e-38 3
0.213967 0.251333 0.724993 1.64094e-38 3
0.225681 0.251333 0.724993 1.34606e-38 3
0.233079 0.246763 0.711811 1.34624e-38 3
0.243474 0.245647 0.70859 1.41999e-38 3
0.249283 0.240212 0.692913 1.55825e-38 3
0.255948 0.236035 0.680863 1.41985e-38 3
0.263512 0.232995 0.672096 1.51215e-38 3
0.272036 0.231013 0.666376 1.4384e-38 3
0.280417 0.229063 0.660753 1.35531e-38 3
0.292326 0.230034 0.663553 1.19858e-38 3
0.306949 0.232995 0.672096 1.26315e-38 3
0.342822 0.251333 0.724993 1.33687e-38 3
0.348089 0.246763 0.711811 1.35528e-38 3
0.35959 0.246763 0.711811 1.23539e-38 3
0.372786 0.24789 0.715061 1.2723e-38 3
0.382593 0.246763 0.711811 1.47506e-38 3
0.39231 0.245647 0.70859 1.29978e-38 3
0.393087 0.239154 0.689861 1.46566e-38 3
0.400703 0.237065 0.683836 1.32744e-38 3
0.449006 0.258514 0.745707 1.309e-38 3
0.456705 0.256075 0.738672 1.31822e-38 3
0.46864 0.256075 0.738672 1.21684e-38 3
0.415845 0.221583 0.639177 1.10613e-38 3
0.426172 0.221583 0.639177 1.21659e-38 3
0.445593 0.2262 0.652493 1.27183e-38 3
0.467832 0.232 0.669224 1.37314e-38 3
0.484861 0.235013 0.677915 1.32704e-38 3
0.513435 0.238105 0.686835 1.30864e-38 3
0.524533 0.238105 0.686835 1.41927e-38 3
0.53563 0.238105 0.686835 1.36406e-38 3
0.551566 0.240212 0.692913 1.25343e-38 3
0.555389 0.237065 0.683836 1.21659e-38 3
0.880161 0.348 1.00384 1.19833e-38 3
0.89638 0.348 1.00384 1.15223e-38 3
0.889785 0.3393 0.97874 1.16134e-38 3
0.883511 0.331024 0.954868 1.09691e-38 3
0.877536 0.323142 0.932133 1.11535e-38 3
0.871838 0.315628 0.910456 1.06007e-38 3
0.7942 0.28275 0.815617 1.02316e-38 3
0.807378 0.28275 0.815617 9.86278e-39 3
1.23083 0.424125 1.22343 1.07847e-38 3
-0.291703 0.156956 0.432592 1.29063e-38 3
-0.297021 0.163741 0.451292 9.58691e-39 3
-0.297444 0.168101 0.463309 9.31032e-39 3
-0.29789 0.1727 0.475983 1.06936e-38 3
-0.291084 0.173226 0.477434 1.05096e-38 3
-0.286868 0.175365 0.483328 1.18925e-38 3
-0.287946 0.18095 0.498721 9.95605e-39 3
-0.280783 0.181528 0.500314 9.67982e-39 3
-0.358633 0.238732 0.657977 9.77202e-39 3
-0.422574 0.289889 0.798972 1.08791e-38 3
-0.401471 0.284091 0.782992 1.29067e-38 3
-0.347161 0.253653 0.6991 1.31829e-38 3
-0.338891 0.255938 0.705398 1.12464e-38 3
-0.327494 0.255938 0.705398 1.07851e-38 3
-0.31897 0.258264 0.711811 1.2812e-38 3
-0.31172 0.261835 0.721652 1.32726e-38 3
-0.313043 0.273164 0.752877 1.31804e-38 3
-0.317679 0.288417 0.794916 1.31818e-38 3
-0.309549 0.292877 0.807208 1.25379e-38 3
-0.302749 0.299043 0.824202 1.41963e-38 3
-0.290963 0.300625 0.828563 1.39194e-38 3
-0.274669 0.297477 0.819887 1.44729e-38 3
-0.262798 0.299043 0.824202 1.35517e-38 3
-0.250801 0.300625 0.828563 1.32758e-38 3
-0.236164 0.299043 0.824202 1.25382e-38 3
-0.220525 0.295928 0.815617 1.2168e-38 3
-0.203116 0.289889 0.798972 1.25354e-38 3
-0.182747 0.27852 0.767639 1.20744e-38 3
-0.167068 0.273164 0.752877 1.27198e-38 3
-0.146455 0.258264 0.711811 1.42853e-38 3
-0.134343 0.257096 0.70859 1.45612e-38 3
-0.118601 0.248114 0.683836 1.51154e-38 3
-0.107552 0.248114 0.683836 1.49325e-38 3
-0.0965026 0.248114 0.683836 1.41023e-38 3
-0.0854536 0.248114 0.683836 1.53005e-38 3
-0.0740811 0.247035 0.680863 1.43793e-38 3
-0.0630801 0.247035 0.680863 1.39197e-38 3
-0.0523065 0.248114 0.683836 1.43811e-38 3
-0.0412575 0.248114 0.683836 1.46573e-38 3
-0.030341 0.249202 0.686835 1.47484e-38 3
-0.0188306 0.243855 0.672096 1.48403e-38 3
-0.00867896 0.265505 0.731768 1.53012e-38 3
0.00336464 0.284091 0.782992 1.58555e-38 3
0.0160158 0.284091 0.782992 1.57647e-38 3
0.0273018 0.270563 0.745707 1.45662e-38 3
0.0379064 0.260634 0.718341 1.48417e-38 3
0.049513 0.260634 0.718341 1.43804e-38 3
0.0616854 0.263047 0.724993 1.47477e-38 3
0.0695363 0.249202 0.686835 1.61296e-38 3
0.0789034 0.243855 0.672096 1.4931e-38 3
0.095501 0.259444 0.715061 1.62225e-38 3
0.107546 0.260634 0.718341 1.60384e-38 3
0.119152 0.260634 0.718341 1.60388e-38 3
0.130759 0.260634 0.718341 1.66849e-38 3
0.142365 0.260634 0.718341 1.57636e-38 3
0.154681 0.261835 0.721652 1.53952e-38 3
0.166341 0.261835 0.721652 1.53952e-38 3
0.178001 0.261835 0.721652 1.67764e-38 3
0.189661 0.261835 0.721652 1.59466e-38 3
0.201321 0.261835 0.721652 1.56704e-38 3
0.212004 0.260634 0.718341 1.51176e-38 3
0.221578 0.258264 0.711811 1.49343e-38 3
0.230979 0.255938 0.705398 1.52119e-38 3
0.239145 0.252525 0.695993 1.3829e-38 3
0.246017 0.248114 0.683836 1.46591e-38 3
0.251573 0.242813 0.669224 1.5397e-38 3
0.261269 0.241779 0.666376 1.43832e-38 3
0.270884 0.240755 0.663553 1.40145e-38 3
0.280417 0.239739 0.660753 1.32765e-38 3
0.29357 0.241779 0.666376 1.29078e-38 3
0.309607 0.245966 0.677915 1.46595e-38 3
0.327652 0.251408 0.692913 1.4291e-38 3
0.344953 0.255938 0.705398 1.44751e-38 3
0.354753 0.25479 0.702235 1.45673e-38 3
0.369412 0.257096 0.70859 1.30921e-38 3
0.37409 0.252525 0.695993 1.21702e-38 3
0.380266 0.249202 0.686835 1.29989e-38 3
0.38796 0.247035 0.680863 1.28141e-38 3
0.383937 0.237733 0.655223 1.22606e-38 3
0.38644 0.232861 0.641797 1.25375e-38 3
0.396809 0.232861 0.641797 1.23528e-38 3
0.400612 0.229106 0.631445 1.24453e-38 3
0.409164 0.228185 0.628909 1.25375e-38 3
0.417649 0.227273 0.626394 1.14312e-38 3
0.431219 0.229106 0.631445 1.11539e-38 3
0.467832 0.242813 0.669224 1.1429e-38 3
0.482771 0.244906 0.674993 1.12443e-38 3
0.495814 0.245966 0.677915 1.19811e-38 3
0.511193 0.248114 0.683836 1.15201e-38 3
0.522242 0.248114 0.683836 1.16123e-38 3
0.53563 0.249202 0.686835 1.17053e-38 3
0.554018 0.252525 0.695993 1.19818e-38 3
0.562762 0.251408 0.692913 1.22591e-38 3
0.561534 0.245966 0.677915 1.23517e-38 3
0.553325 0.237733 0.655223 1.08769e-38 3
0.556921 0.234786 0.647101 1.07847e-38 3
0.591832 0.244906 0.674993 1.08773e-38 3
0.602738 0.244906 0.674993 1.06007e-38 3
0.847414 0.338203 0.932133 1.05081e-38 3
0.928819 0.364219 1.00384 1.01397e-38 3
0.877536 0.338203 0.932133 1.05085e-38 3
0.781022 0.295928 0.815617 9.49435e-39 3
0.705956 0.263047 0.724993 8.20433e-39 3
0.643223 0.23576 0.649786 8.9419e-39 3
0.676167 0.243855 0.672096 8.75751e-39 3
0.68409 0.242813 0.669224 8.66531e-39 3
-0.293324 0.164857 0.434996 9.67803e-39 3
-0.296987 0.179844 0.474541 1.04159e-38 3
-0.291084 0.18094 0.477434 9.6791e-39 3
-0.285986 0.18261 0.481841 1.00486e-38 3
-0.287946 0.189008 0.498721 9.21884e-39 3
-0.280783 0.189611 0.500314 1.07858e-38 3
-0.302676 0.210455 0.555314 1.19847e-38 3
-0.357002 0.255812 0.674993 1.11557e-38 3
-0.353719 0.261447 0.689861 1.16166e-38 3
-0.342573 0.261447 0.689861 1.3552e-38 3
-0.335865 0.264948 0.6991 1.22617e-38 3
-0.32457 0.264948 0.6991 1.15227e-38 3
-0.317527 0.268545 0.70859 1.24457e-38 3
-0.307469 0.269765 0.711811 1.25368e-38 3
-0.297319 0.270997 0.715061 1.35502e-38 3
-0.285766 0.270997 0.715061 1.36432e-38 3
-0.276739 0.273495 0.721652 1.43825e-38 3
-0.263864 0.27224 0.718341 1.28141e-38 3
-0.253419 0.273495 0.721652 1.06929e-38 3
-0.262309 0.296742 0.782992 1.15241e-38 3
-0.254753 0.302798 0.798972 1.33687e-38 3
-0.245603 0.307505 0.811391 1.19862e-38 3
-0.231294 0.30592 0.807208 1.1894e-38 3
-0.216025 0.302798 0.798972 1.19861e-38 3
-0.202085 0.301261 0.794916 1.05096e-38 3
-0.180973 0.288099 0.760186 1.3552e-38 3
-0.159405 0.27224 0.718341 1.34606e-38 3
-0.1432 0.263771 0.695993 1.31833e-38 3
-0.129086 0.258036 0.680863 1.31825e-38 3
-0.117574 0.256919 0.677915 1.40123e-38 3
-0.10662 0.256919 0.677915 1.27226e-38 3
-0.0956671 0.256919 0.677915 1.3919e-38 3
-0.0847137 0.256919 0.677915 1.41952e-38 3
-0.0731272 0.254714 0.672096 1.35506e-38 3
-0.0622679 0.254714 0.672096 1.50257e-38 3
-0.0516302 0.255812 0.674993 1.43811e-38 3
-0.0405492 0.254714 0.672096 1.31825e-38 3
-0.029563 0.253626 0.669224 1.49339e-38 3
-0.0186703 0.252546 0.666376 1.46562e-38 3
-0.0085986 0.274761 0.724993 1.5854e-38 3
0.00314452 0.277329 0.731768 1.39183e-38 3
0.014968 0.277329 0.731768 1.3552e-38 3
0.0262999 0.27224 0.718341 1.53967e-38 3
0.0375618 0.269765 0.711811 1.52119e-38 3
0.0481867 0.264948 0.6991 1.45665e-38 3
0.0581836 0.259163 0.683836 1.59484e-38 3
0.0680441 0.254714 0.672096 1.65934e-38 3
0.0789034 0.254714 0.672096 1.48413e-38 3
0.0950669 0.269765 0.711811 1.45647e-38 3
0.105608 0.267335 0.705398 1.50257e-38 3
0.117535 0.268545 0.70859 1.54867e-38 3
0.12957 0.269765 0.711811 1.5303e-38 3
0.141071 0.269765 0.711811 1.53945e-38 3
0.153269 0.270997 0.715061 1.49342e-38 3
0.164822 0.270997 0.715061 1.50264e-38 3
0.177185 0.27224 0.718341 1.53934e-38 3
0.188791 0.27224 0.718341 1.71441e-38 3
0.200398 0.27224 0.718341 1.54849e-38 3
0.211036 0.270997 0.715061 1.55767e-38 3
0.221578 0.269765 0.711811 1.47481e-38 3
0.230979 0.267335 0.705398 1.47481e-38 3
0.239145 0.263771 0.695993 1.41038e-38 3
0.246017 0.259163 0.683836 1.30903e-38 3
0.251573 0.253626 0.669224 1.45655e-38 3
0.252668 0.244232 0.644438 1.45669e-38 3
0.26308 0.244232 0.644438 1.62264e-38 3
0.270158 0.241254 0.636579 1.35528e-38 3
0.275956 0.237394 0.626394 1.34609e-38 3
0.284937 0.236448 0.623898 1.43825e-38 3
0.292686 0.234579 0.618966 1.35535e-38 3
0.344953 0.267335 0.705398 1.22635e-38 3
0.354753 0.266136 0.702235 1.29095e-38 3
0.369412 0.268545 0.70859 1.29088e-38 3
0.370795 0.261447 0.689861 1.50293e-38 3
0.375327 0.256919 0.677915 1.37375e-38 3
0.379706 0.252546 0.666376 1.11557e-38 3
0.37607 0.243231 0.641797 1.28152e-38 3
0.380207 0.239308 0.631445 1.35528e-38 3
0.390409 0.239308 0.631445 1.2723e-38 3
0.397407 0.237394 0.626394 1.2262e-38 3
0.402695 0.234579 0.618966 1.3184e-38 3
0.412696 0.234579 0.618966 1.20776e-38 3
0.422697 0.234579 0.618966 1.26308e-38 3
0.443209 0.240277 0.634002 1.15245e-38 3
0.474588 0.251476 0.663553 1.2168e-38 3
0.491558 0.254714 0.672096 1.15227e-38 3
0.506767 0.256919 0.677915 1.18914e-38 3
0.517721 0.256919 0.677915 1.17992e-38 3
0.533291 0.259163 0.683836 1.08773e-38 3
0.551566 0.262603 0.692913 1.01408e-38 3
0.557825 0.2603 0.686835 1.06007e-38 3
0.547318 0.250415 0.660753 9.58655e-39 3
0.533244 0.239308 0.631445 1.14305e-38 3
0.543447 0.239308 0.631445 1.2168e-38 3
0.570456 0.233655 0.616529 9.49471e-39 3
0.597435 0.236448 0.623898 9.95641e-39 3
0.609946 0.237394 0.626394 8.02102e-39 3
0.622557 0.238347 0.628909 8.20541e-39 3
0.703334 0.264948 0.6991 8.5742e-39 3
-0.284237 0.189231 0.478894 1.1155e-38 3
-0.292606 0.200254 0.506791 1.25379e-38 3
-0.288147 0.202881 0.513437 1.14315e-38 3
-0.326081 0.243617 0.616529 1.08791e-38 3
-0.316119 0.243617 0.616529 1.13401e-38 3
-0.33519 0.266718 0.674993 1.18932e-38 3
-0.325688 0.267873 0.677915 1.18007e-38 3
-0.317483 0.270212 0.683836 1.21691e-38 3
-0.309134 0.272593 0.689861 1.25382e-38 3
-0.297987 0.272593 0.689861 1.14315e-38 3
-0.281874 0.267873 0.677915 1.1984e-38 3
-0.267447 0.264439 0.669224 1.07862e-38 3
-0.261098 0.269037 0.680863 1.03263e-38 3
-0.244776 0.263313 0.666376 1.01415e-38 3
-0.234009 0.263313 0.666376 1.08784e-38 3
-0.221358 0.261091 0.660753 1.06025e-38 3
-0.202974 0.251539 0.636579 1.13404e-38 3
-0.192688 0.251539 0.636579 1.18014e-38 3
-0.182403 0.251539 0.636579 1.06954e-38 3
-0.211704 0.309393 0.782992 1.27244e-38 3
-0.197083 0.30633 0.77524 1.29996e-38 3
-0.179233 0.297493 0.752877 1.3645e-38 3
-0.156533 0.278732 0.705398 1.21702e-38 3
-0.136525 0.262197 0.663553 1.29996e-38 3
-0.127424 0.265573 0.672096 1.40141e-38 3
-0.116066 0.264439 0.669224 1.37379e-38 3
-0.105254 0.264439 0.669224 1.37371e-38 3
-0.0944406 0.264439 0.669224 1.33676e-38 3
-0.0839866 0.265573 0.672096 1.47499e-38 3
-0.0725049 0.263313 0.666376 1.36432e-38 3
-0.061738 0.263313 0.666376 1.61321e-38 3
-0.050971 0.263313 0.666376 1.45655e-38 3
-0.0402041 0.263313 0.666376 1.35524e-38 3
-0.0293125 0.262197 0.663553 1.37357e-38 3
-0.0185128 0.261091 0.660753 1.30889e-38 3
-0.00770663 0.256758 0.649786 1.49324e-38 3
0.00300414 0.276244 0.6991 1.83433e-38 3
0.0145598 0.281266 0.711811 1.36435e-38 3
0.0255954 0.276244 0.6991 1.44747e-38 3
0.0368911 0.276244 0.6991 1.51201e-38 3
0.0481867 0.276244 0.6991 1.40134e-38 3
0.0594824 0.276244 0.6991 1.51186e-38 3
0.0714157 0.278732 0.705398 1.48413e-38 3
0.0828131 0.278732 0.705398 1.51186e-38 3
0.0950669 0.281266 0.711811 1.46587e-38 3
0.105608 0.278732 0.705398 1.47499e-38 3
0.115961 0.276244 0.6991 1.35513e-38 3
0.127256 0.276244 0.6991 1.38279e-38 3
0.138552 0.276244 0.6991 1.39197e-38 3
0.151882 0.279994 0.70859 1.42889e-38 3
0.163331 0.279994 0.70859 1.51186e-38 3
0.176376 0.282551 0.715061 1.35495e-38 3
0.187929 0.282551 0.715061 1.52998e-38 3
0.198576 0.281266 0.711811 1.71426e-38 3
0.207251 0.277483 0.702235 1.52069e-38 3
0.215696 0.273799 0.692913 1.55771e-38 3
0.222945 0.269037 0.680863 1.4102e-38 3
0.215231 0.247514 0.626394 1.49321e-38 3
0.225352 0.247514 0.626394 1.58544e-38 3
0.236418 0.248508 0.628909 1.34588e-38 3
0.24658 0.248508 0.628909 1.2907e-38 3
0.256741 0.248508 0.628909 1.32762e-38 3
0.265835 0.247514 0.626394 1.35528e-38 3
0.273766 0.24555 0.621422 1.29078e-38 3
0.280468 0.242661 0.614111 1.24464e-38 3
0.284806 0.237995 0.602302 1.36457e-38 3
0.321763 0.259994 0.657977 1.25404e-38 3
0.332395 0.259994 0.657977 1.38315e-38 3
0.366099 0.277483 0.702235 1.1711e-38 3
0.367375 0.262197 0.663553 1.23549e-38 3
0.367205 0.254644 0.644438 1.30918e-38 3
0.371502 0.250521 0.634002 1.07873e-38 3
0.377165 0.247514 0.626394 1.12482e-38 3
0.387286 0.247514 0.626394 1.21702e-38 3
0.392694 0.244579 0.618966 1.22627e-38 3
0.393366 0.238914 0.604627 1.16167e-38 3
0.403136 0.238914 0.604627 1.13401e-38 3
0.412905 0.238914 0.604627 1.11557e-38 3
0.432698 0.244579 0.618966 1.06025e-38 3
0.440956 0.243617 0.616529 1.08791e-38 3
0.450918 0.243617 0.616529 1.07869e-38 3
0.48574 0.256758 0.649786 1.03259e-38 3
0.496239 0.256758 0.649786 1.04181e-38 3
0.519675 0.263313 0.666376 1.18007e-38 3
0.528195 0.262197 0.663553 1.02334e-38 3
0.543522 0.264439 0.669224 1.09706e-38 3
0.554335 0.264439 0.669224 1.12464e-38 3
0.522706 0.244579 0.618966 1.02319e-38 3
0.534821 0.24555 0.621422 1.09695e-38 3
0.561611 0.23984 0.606971 9.03373e-39 3
0.571419 0.23984 0.606971 8.38909e-39 3
0.585766 0.241713 0.611713 8.57312e-39 3
0.605105 0.24555 0.621422 7.37565e-39 3
0.685914 0.273799 0.692913 7.65224e-39 3
-0.289103 0.189997 0.461942 1.12457e-38 3
-0.285002 0.192265 0.467458 1.11542e-38 3
-0.279956 0.194003 0.471682 1.09706e-38 3
-0.334724 0.252584 0.614111 1.06936e-38 3
-0.324802 0.252584 0.614111 1.03259e-38 3
-0.316119 0.253578 0.616529 1.14323e-38 3
-0.309817 0.256609 0.623898 1.16166e-38 3
-0.303362 0.259713 0.631445 1.29074e-38 3
-0.300428 0.266152 0.647101 1.12479e-38 3
-0.305102 0.280038 0.680863 1.09716e-38 3
-0.294101 0.280038 0.680863 1.06947e-38 3
-0.24169 0.270625 0.657977 1.26308e-38 3
-0.224457 0.262893 0.639177 1.005e-38 3
-0.213259 0.261825 0.636579 1.17092e-38 3
-0.199726 0.257635 0.626394 1.16174e-38 3
-0.157979 0.255591 0.621422 1.11571e-38 3
-0.147938 0.255591 0.621422 1.18014e-38 3
-0.138447 0.256609 0.623898 1.18932e-38 3
-0.128367 0.256609 0.623898 1.30921e-38 3
-0.12069 0.261825 0.636579 1.16184e-38 3
-0.11131 0.263971 0.641797 1.21716e-38 3
-0.101774 0.266152 0.647101 1.1433e-38 3
-0.0932451 0.271767 0.660753 1.20776e-38 3
-0.0829189 0.272919 0.663553 1.23542e-38 3
-0.071893 0.271767 0.660753 1.28145e-38 3
-0.0609598 0.270625 0.657977 1.33669e-38 3
-0.0503286 0.270625 0.657977 1.41978e-38 3
-0.0395313 0.269493 0.655223 1.29074e-38 3
-0.0285857 0.266152 0.647101 1.21695e-38 3
-0.0179083 0.262893 0.639177 1.34588e-38 3
-0.00754999 0.261825 0.636579 1.37332e-38 3
0.00273548 0.261825 0.636579 1.76058e-38 3
0.0136887 0.275251 0.669224 1.42889e-38 3
0.0245016 0.275251 0.669224 1.45665e-38 3
0.0353145 0.275251 0.669224 1.44744e-38 3
0.0461275 0.275251 0.669224 1.41978e-38 3
0.0579307 0.280038 0.680863 1.30914e-38 3
0.0689316 0.280038 0.680863 1.43822e-38 3
0.0799326 0.280038 0.680863 1.5396e-38 3
0.162595 0.29013 0.705398 1.3645e-38 3
0.187075 0.292767 0.711811 1.5486e-38 3
0.197678 0.291443 0.70859 1.50228e-38 3
0.206326 0.287539 0.6991 1.48377e-38 3
0.1935 0.243052 0.590937 1.56697e-38 3
0.203048 0.243052 0.590937 1.54845e-38 3
0.219214 0.250618 0.609332 1.50243e-38 3
0.231764 0.253578 0.616529 1.45651e-38 3
0.243644 0.255591 0.621422 1.31836e-38 3
0.254695 0.256609 0.623898 1.31836e-38 3
0.264776 0.256609 0.623898 1.29074e-38 3
0.273766 0.255591 0.621422 1.32762e-38 3
0.278285 0.250618 0.609332 1.29996e-38 3
0.283714 0.246777 0.599994 1.2723e-38 3
0.297406 0.242138 0.588716 1.35549e-38 3
0.304627 0.240331 0.584322 1.3923e-38 3
0.31643 0.242138 0.588716 1.33698e-38 3
0.34405 0.255591 0.621422 1.35535e-38 3
0.35429 0.248683 0.604627 1.3184e-38 3
0.364059 0.248683 0.604627 1.18014e-38 3
0.378209 0.251597 0.611713 1.18014e-38 3
0.386582 0.250618 0.609332 1.14326e-38 3
0.388862 0.245835 0.597704 1.06947e-38 3
0.39852 0.245835 0.597704 1.06029e-38 3
0.406625 0.244901 0.595431 1.21702e-38 3
0.417834 0.245835 0.597704 1.15259e-38 3
0.422652 0.243052 0.590937 1.0972e-38 3
0.4322 0.243052 0.590937 1.12486e-38 3
0.440087 0.242138 0.588716 1.09716e-38 3
0.451296 0.243052 0.590937 1.02337e-38 3
0.470392 0.243052 0.590937 1.10635e-38 3
0.502769 0.249647 0.606971 1.10631e-38 3
0.512576 0.249647 0.606971 1.08784e-38 3
0.532707 0.25458 0.618966 9.31105e-39 3
0.542708 0.25458 0.618966 1.05103e-38 3
0.544106 0.250618 0.609332 1.06947e-38 3
0.54756 0.247726 0.602302 9.03517e-39 3
0.557291 0.247726 0.602302 9.3114e-39 3
0.564851 0.246777 0.599994 9.31104e-39 3
0.572352 0.245835 0.597704 8.01923e-39 3
-0.284075 0.194026 0.453908 1.10613e-38 3
-0.281639 0.19746 0.461942 1.16152e-38 3
-0.277449 0.199818 0.467458 1.08784e-38 3
-0.343784 0.254521 0.595431 1.08784e-38 3
-0.338019 0.257458 0.602302 1.04177e-38 3
-0.330832 0.259454 0.606971 1.03252e-38 3
-0.323533 0.261481 0.611713 1.10635e-38 3
-0.314879 0.262506 0.614111 1.14323e-38 3
-0.308587 0.265631 0.621422 1.08791e-38 3
-0.299736 0.26669 0.623898 1.20776e-38 3
-0.290814 0.267756 0.626394 1.05103e-38 3
-0.238463 0.304268 0.711811 1.18025e-38 3
-0.17806 0.265631 0.621422 1.22638e-38 3
-0.166696 0.26354 0.616529 1.28166e-38 3
-0.156735 0.26354 0.616529 1.40152e-38 3
-0.146773 0.26354 0.616529 1.28159e-38 3
-0.137353 0.264581 0.618966 1.17096e-38 3
-0.127352 0.264581 0.618966 1.18947e-38 3
-0.119236 0.268832 0.628909 1.06043e-38 3
-0.109074 0.268832 0.628909 1.10653e-38 3
-0.0989129 0.268832 0.628909 1.13419e-38 3
-0.0891093 0.269916 0.631445 1.03277e-38 3
-0.0795483 0.27211 0.636579 1.19865e-38 3
-0.0701179 0.275469 0.644438 1.21698e-38 3
-0.0594607 0.27434 0.641797 1.32758e-38 3
-0.0497021 0.277755 0.649786 1.2723e-38 3
-0.0392032 0.277755 0.649786 1.17096e-38 3
-0.0284681 0.275469 0.644438 1.19861e-38 3
-0.0177632 0.271008 0.634002 1.38275e-38 3
0.00273548 0.27211 0.636579 1.29052e-38 3
0.0384122 0.238217 0.55729 1.41981e-38 3
0.0469157 0.235701 0.551403 1.33684e-38 3
0.0560222 0.236534 0.553351 1.36446e-38 3
0.138109 0.224628 0.525498 1.36435e-38 3
0.145139 0.222389 0.520261 1.38272e-38 3
0.183952 0.2526 0.590937 1.36417e-38 3
0.192772 0.251651 0.588716 1.4563e-38 3
0.202284 0.251651 0.588716 1.4563e-38 3
0.216684 0.257458 0.602302 1.34562e-38 3
0.22729 0.258452 0.604627 1.32733e-38 3
0.237978 0.259454 0.606971 1.32747e-38 3
0.251687 0.26354 0.616529 1.34602e-38 3
0.262683 0.264581 0.618966 1.29074e-38 3
0.272684 0.264581 0.618966 1.28152e-38 3
0.278285 0.260463 0.609332 1.3184e-38 3
0.281557 0.254521 0.595431 1.3184e-38 3
0.295186 0.249773 0.584322 1.24475e-38 3
0.296873 0.243415 0.569449 1.18018e-38 3
0.307191 0.244303 0.571527 1.36457e-38 3
0.321113 0.247922 0.579994 1.25393e-38 3
0.330484 0.247922 0.579994 1.22627e-38 3
0.343674 0.250708 0.586511 1.19862e-38 3
0.358522 0.254521 0.595431 1.13408e-38 3
0.373828 0.258452 0.604627 1.13415e-38 3
0.382122 0.257458 0.602302 1.21713e-38 3
0.395501 0.253557 0.593176 1.1617e-38 3
0.402039 0.251651 0.588716 1.21702e-38 3
0.411551 0.251651 0.588716 1.16181e-38 3
0.417921 0.249773 0.584322 1.05117e-38 3
0.424196 0.247922 0.579994 1.15255e-38 3
0.433568 0.247922 0.579994 1.06951e-38 3
0.442939 0.247922 0.579994 1.04185e-38 3
0.455686 0.249773 0.584322 1.10635e-38 3
0.465127 0.249773 0.584322 1.06947e-38 3
0.474568 0.249773 0.584322 9.77274e-39 3
0.478651 0.247008 0.577854 9.58799e-39 3
0.499036 0.2526 0.590937 1.0049e-38 3
0.516379 0.256472 0.599994 9.03482e-39 3
0.528096 0.257458 0.602302 8.66675e-39 3
0.535767 0.256472 0.599994 9.12773e-39 3
0.545462 0.256472 0.599994 8.85114e-39 3
0.555156 0.256472 0.599994 8.94369e-39 3
0.562695 0.255493 0.597704 8.94297e-39 3
0.565872 0.2526 0.590937 9.77238e-39 3
-0.281626 0.199624 0.449995 1.11535e-38 3
-0.276741 0.20136 0.453908 9.95569e-39 3
-0.342482 0.263141 0.593176 1.0694e-38 3
-0.334163 0.264142 0.595431 1.02326e-38 3
-0.32703 0.266166 0.599994 9.3114e-39 3
-0.318556 0.26719 0.602302 9.5887e-39 3
-0.310016 0.268221 0.604627 9.77273e-39 3
-0.303766 0.271364 0.611713 9.49615e-39 3
-0.295035 0.272429 0.614111 1.19854e-38 3
-0.285112 0.272429 0.614111 8.66639e-39 3
-0.23338 0.248994 0.561285 1.19876e-38 3
-0.222714 0.247222 0.55729 1.06047e-38 3
-0.2122 0.245475 0.553351 9.31248e-39 3
-0.203259 0.245475 0.553351 1.07876e-38 3
-0.188101 0.275672 0.621422 1.19872e-38 3
-0.17806 0.275672 0.621422 1.1895e-38 3
-0.166696 0.273501 0.616529 1.09727e-38 3
-0.15612 0.272429 0.614111 1.03281e-38 3
-0.146198 0.272429 0.614111 1.19872e-38 3
-0.136812 0.273501 0.616529 1.06954e-38 3
-0.12685 0.273501 0.616529 1.1895e-38 3
-0.118286 0.27677 0.623898 1.08816e-38 3
-0.108205 0.27677 0.623898 1.16192e-38 3
-0.0973491 0.274582 0.618966 1.16202e-38 3
-0.0873482 0.274582 0.618966 1.09745e-38 3
-0.0779636 0.27677 0.623898 1.16188e-38 3
-0.0678831 0.27677 0.623898 1.22631e-38 3
-0.0575731 0.275672 0.621422 1.09713e-38 3
-0.0477219 0.27677 0.623898 1.01422e-38 3
-0.0382509 0.281252 0.634002 1.11564e-38 3
-0.0282357 0.283548 0.639177 1.15248e-38 3
-0.00658616 0.246345 0.555314 1.28138e-38 3
0.00237784 0.245475 0.553351 1.25364e-38 3
0.0202593 0.245475 0.553351 1.32772e-38 3
0.0292 0.245475 0.553351 1.26308e-38 3
0.0381407 0.245475 0.553351 1.3646e-38 3
0.0467511 0.243752 0.549468 1.24471e-38 3
0.0560222 0.245475 0.553351 1.32762e-38 3
0.0642815 0.2429 0.547547 1.47506e-38 3
0.138109 0.233118 0.525498 1.36442e-38 3
0.183952 0.262148 0.590937 1.38279e-38 3
0.1935 0.262148 0.590937 1.38275e-38 3
0.203048 0.262148 0.590937 1.43807e-38 3
0.214212 0.264142 0.595431 1.41949e-38 3
0.224687 0.26515 0.597704 1.31818e-38 3
0.233454 0.264142 0.595431 1.30907e-38 3
0.244002 0.26515 0.597704 1.26304e-38 3
0.254631 0.266166 0.599994 1.3645e-38 3
0.264326 0.266166 0.599994 1.21698e-38 3
0.271936 0.264142 0.595431 1.2262e-38 3
0.277339 0.260185 0.586511 1.17088e-38 3
0.300608 0.248105 0.55928 1.37379e-38 3
0.309645 0.248105 0.55928 1.28159e-38 3
0.318681 0.248105 0.55928 1.12497e-38 3
0.333676 0.252616 0.569449 1.25393e-38 3
0.351833 0.259214 0.584322 1.20794e-38 3
0.362627 0.260185 0.586511 1.16184e-38 3
0.372104 0.260185 0.586511 1.06968e-38 3
0.373194 0.254466 0.573621 1.07876e-38 3
0.382462 0.254466 0.573621 1.04188e-38 3
0.393171 0.255402 0.575729 1.21702e-38 3
0.403958 0.256344 0.577854 1.07883e-38 3
0.410267 0.254466 0.573621 1.03273e-38 3
0.418004 0.253538 0.571527 1.02352e-38 3
0.427238 0.253538 0.571527 9.77418e-39 3
0.436473 0.253538 0.571527 8.94334e-39 3
0.45231 0.257294 0.579994 9.77346e-39 3
0.456608 0.254466 0.573621 9.86529e-39 3
0.465876 0.254466 0.573621 9.40467e-39 3
0.464926 0.248994 0.561285 9.31212e-39 3
0.482191 0.239549 0.539995 9.3132e-39 3
0.519582 0.253538 0.571527 8.66783e-39 3
0.540656 0.259214 0.584322 8.39196e-39 3
0.550097 0.259214 0.584322 9.22028e-39 3
0.537477 0.248994 0.561285 8.57491e-39 3
-0.284805 0.203965 0.443622 1.09684e-38 3
-0.280017 0.205713 0.447424 1.18911e-38 3
-0.275146 0.207491 0.451292 1.01397e-38 3
-0.338634 0.269661 0.586511 1.08776e-38 3
-0.330395 0.270675 0.588716 1.06933e-38 3
-0.324543 0.273762 0.595431 1.07865e-38 3
-0.316124 0.274807 0.597704 1.12482e-38 3
-0.307641 0.27586 0.599994 9.12772e-39 3
-0.299092 0.276921 0.602302 7.09942e-39 3
-0.230897 0.255317 0.555314 1.15266e-38 3
-0.219588 0.25263 0.549468 1.16188e-38 3
-0.209974 0.251747 0.547547 1.08794e-38 3
-0.201832 0.25263 0.549468 1.05117e-38 3
-0.18885 0.286851 0.623898 1.00511e-38 3
-0.17806 0.285712 0.621422 1.1711e-38 3
-0.166043 0.282351 0.614111 1.08805e-38 3
-0.153118 0.276921 0.602302 1.10649e-38 3
-0.143386 0.276921 0.602302 1.16174e-38 3
-0.135743 0.281248 0.611713 1.06025e-38 3
-0.125859 0.281248 0.611713 1.26326e-38 3
-0.117817 0.285712 0.621422 1.06961e-38 3
-0.107776 0.285712 0.621422 1.18028e-38 3
-0.0958339 0.280154 0.609332 1.21734e-38 3
-0.0846709 0.27586 0.599994 1.25418e-38 3
-0.0749765 0.27586 0.599994 1.21716e-38 3
-0.0655333 0.276921 0.602302 1.28159e-38 3
-0.0562342 0.279068 0.606971 1.29081e-38 3
-0.04607 0.276921 0.602302 1.25404e-38 3
-0.0380967 0.290321 0.631445 1.28159e-38 3
-0.0153948 0.25263 0.549468 1.29074e-38 3
-0.00649405 0.251747 0.547547 1.29059e-38 3
0.00235289 0.251747 0.547547 1.25379e-38 3
0.0111998 0.251747 0.547547 1.2446e-38 3
0.0200468 0.251747 0.547547 1.25386e-38 3
0.0289951 0.25263 0.549468 1.30007e-38 3
0.0377407 0.251747 0.547547 1.32769e-38 3
0.0464253 0.250869 0.545639 1.12486e-38 3
0.055629 0.25263 0.549468 1.30914e-38 3
0.0629606 0.246574 0.536296 1.41967e-38 3
0.096302 0.243242 0.529049 1.36449e-38 3
0.110842 0.257141 0.55928 1.36442e-38 3
0.138574 0.242423 0.527267 1.37371e-38 3
0.14184 0.233765 0.508436 1.21698e-38 3
0.155246 0.229298 0.498721 1.24457e-38 3
0.214212 0.273762 0.595431 1.38279e-38 3
0.230821 0.270675 0.588716 1.22606e-38 3
0.238716 0.249133 0.541863 1.20776e-38 3
0.252718 0.254415 0.553351 1.26308e-38 3
0.257116 0.249998 0.543745 1.25386e-38 3
0.308543 0.256226 0.55729 1.30918e-38 3
0.317547 0.256226 0.55729 1.31847e-38 3
0.327718 0.257141 0.55928 1.16174e-38 3
0.339177 0.258991 0.563304 1.15252e-38 3
0.348279 0.258991 0.563304 1.06961e-38 3
0.356099 0.258063 0.561285 1.08805e-38 3
0.362569 0.256226 0.55729 1.04199e-38 3
0.371573 0.256226 0.55729 1.04199e-38 3
0.384685 0.258991 0.563304 1.16181e-38 3
0.393786 0.258991 0.563304 1.04195e-38 3
0.401444 0.258063 0.561285 1.02352e-38 3
0.409047 0.257141 0.55928 9.03733e-39 3
0.418083 0.257141 0.55928 9.22172e-39 3
0.4256 0.256226 0.55729 9.03662e-39 3
0.434604 0.256226 0.55729 9.40539e-39 3
0.438922 0.253519 0.551403 9.12916e-39 3
0.438566 0.248274 0.539995 9.49686e-39 3
0.440815 0.239998 0.521995 9.68126e-39 3
0.443338 0.236841 0.515126 1.00497e-38 3
0.453152 0.237622 0.516826 9.03661e-39 3
0.463031 0.238409 0.518538 9.12881e-39 3
0.474552 0.239998 0.521995 9.77489e-39 3
0.484601 0.240801 0.523741 8.66818e-39 3
-0.287895 0.208184 0.437426 1.02319e-38 3
-0.281614 0.208767 0.438651 1.05074e-38 3
-0.276073 0.209943 0.441122 1.09691e-38 3
-0.271238 0.211732 0.444882 1.03245e-38 3
-0.334871 0.276036 0.579994 1.03255e-38 3
-0.3255 0.276036 0.579994 9.49579e-39 3
-0.323313 0.28231 0.593176 9.86457e-39 3
-0.314922 0.283383 0.595431 9.58834e-39 3
-0.307641 0.285555 0.599994 7.56039e-39 3
-0.296809 0.284465 0.597704 7.65259e-39 3
-0.23569 0.259686 0.545639 9.86673e-39 3
-0.224527 0.256999 0.539995 1.09734e-38 3
-0.215802 0.256999 0.539995 1.20791e-38 3
-0.207794 0.257888 0.541863 9.77346e-39 3
-0.187357 0.294584 0.618966 8.85329e-39 3
-0.173248 0.28776 0.604627 1.18032e-38 3
-0.16285 0.286653 0.602302 1.12493e-38 3
-0.150798 0.28231 0.593176 1.08809e-38 3
-0.140681 0.281244 0.590937 1.24471e-38 3
-0.122045 0.28231 0.593176 1.21705e-38 3
-0.111616 0.280187 0.588716 1.0788e-38 3
-0.0919005 0.278096 0.584322 1.12515e-38 3
-0.0818485 0.276036 0.579994 9.59158e-39 3
-0.0724773 0.276036 0.579994 1.21716e-38 3
-0.0450308 0.280187 0.588716 1.25404e-38 3
-0.0331508 0.261508 0.549468 1.30936e-38 3
-0.0236909 0.255239 0.536296 1.29081e-38 3
-0.0150258 0.255239 0.536296 1.31843e-38 3
-0.00636061 0.255239 0.536296 1.30914e-38 3
0.00231247 0.256116 0.538139 1.2539e-38 3
0.0110454 0.256999 0.539995 1.22624e-38 3
0.0198387 0.257888 0.541863 1.08791e-38 3
0.0288937 0.260594 0.547547 1.22627e-38 3
0.0376092 0.259686 0.545639 1.4752e-38 3
0.0462641 0.258784 0.543745 1.20783e-38 3
0.0552414 0.259686 0.545639 1.2539e-38 3
0.0625323 0.253503 0.532648 1.20773e-38 3
0.12706 0.245164 0.515126 1.40137e-38 3
0.135383 0.245164 0.515126 1.32762e-38 3
0.140925 0.240418 0.505156 1.37371e-38 3
0.148131 0.238877 0.501918 1.31836e-38 3
0.154753 0.236602 0.497138 1.2446e-38 3
0.168676 0.233636 0.490904 1.13397e-38 3
0.252728 0.254368 0.534466 1.21698e-38 3
0.274171 0.242768 0.510093 1.28152e-38 3
0.282412 0.242768 0.510093 1.2262e-38 3
0.325394 0.26429 0.555314 1.18018e-38 3
0.335556 0.26523 0.55729 1.03266e-38 3
0.345791 0.266178 0.55928 1.11571e-38 3
0.353565 0.26523 0.55729 1.06039e-38 3
0.356231 0.260594 0.547547 1.08809e-38 3
0.365077 0.260594 0.547547 1.09731e-38 3
0.379228 0.26429 0.555314 1.09727e-38 3
0.389582 0.26523 0.55729 1.17103e-38 3
0.397173 0.26429 0.555314 1.06951e-38 3
0.394942 0.256999 0.539995 1.0143e-38 3
0.409312 0.260594 0.547547 9.03769e-39 3
0.413818 0.257888 0.541863 9.77418e-39 3
0.415387 0.253503 0.532648 9.86637e-39 3
0.418302 0.2501 0.525498 8.76038e-39 3
0.416997 0.24436 0.513437 8.66818e-39 3
0.426692 0.245164 0.515126 9.58871e-39 3
0.432172 0.243561 0.51176 8.94334e-39 3
0.437581 0.24198 0.508436 8.75895e-39 3
0.447248 0.242768 0.510093 8.66783e-39 3
0.454011 0.24198 0.508436 8.29905e-39 3
0.462226 0.24198 0.508436 8.02318e-39 3
0.471973 0.242768 0.510093 8.76074e-39 3
-0.287093 0.214652 0.436207 1.08773e-38 3
-0.281614 0.215854 0.438651 1.06925e-38 3
-0.276853 0.217684 0.442368 1.04163e-38 3
-0.272787 0.220171 0.447424 9.86421e-39 3
-0.333138 0.276201 0.561285 9.77238e-39 3
-0.327591 0.279203 0.567386 9.40467e-39 3
-0.318424 0.279203 0.567386 9.40395e-39 3
-0.323313 0.291894 0.593176 8.94333e-39 3
-0.231655 0.263904 0.536296 1.19872e-38 3
-0.221473 0.262109 0.532648 1.06965e-38 3
-0.213593 0.263003 0.534466 1.04185e-38 3
-0.204957 0.263003 0.534466 1.08802e-38 3
-0.182159 0.267569 0.543745 9.7756e-39 3
-0.160254 0.275214 0.55928 1.16206e-38 3
-0.148547 0.287537 0.584322 9.31463e-39 3
-0.138589 0.286468 0.58215 1.11567e-38 3
-0.122045 0.291894 0.593176 1.1433e-38 3
-0.105283 0.273262 0.555314 9.12844e-39 3
-0.0800692 0.279203 0.567386 1.0883e-38 3
-0.0703916 0.277194 0.563304 1.26326e-38 3
-0.0612901 0.277194 0.563304 1.25393e-38 3
-0.0423258 0.272297 0.553351 1.21716e-38 3
-0.032136 0.262109 0.532648 1.36464e-38 3
-0.0148227 0.260338 0.529049 1.24478e-38 3
-0.00627465 0.260338 0.529049 1.21709e-38 3
0.00228111 0.26122 0.530842 1.17103e-38 3
0.0108951 0.262109 0.532648 1.30007e-38 3
0.0195678 0.263003 0.534466 1.18014e-38 3
0.0283973 0.264811 0.538139 1.34613e-38 3
0.0372201 0.265724 0.539995 1.31847e-38 3
0.0585494 0.245414 0.498721 1.24471e-38 3
0.0763679 0.25101 0.510093 1.23546e-38 3
0.0835215 0.247781 0.503532 1.1801e-38 3
0.0916572 0.247781 0.503532 1.23542e-38 3
0.0988396 0.245414 0.498721 1.32758e-38 3
0.107929 0.247781 0.503532 1.32758e-38 3
0.123802 0.246987 0.501918 1.2723e-38 3
0.131912 0.246987 0.501918 1.29074e-38 3
0.147188 0.245414 0.498721 1.18007e-38 3
0.153777 0.243091 0.494001 1.21695e-38 3
0.159743 0.240062 0.487846 1.17085e-38 3
0.167625 0.240062 0.487846 1.2262e-38 3
0.173882 0.237839 0.483328 1.06951e-38 3
0.266363 0.259461 0.527267 1.20776e-38 3
0.27123 0.256013 0.520261 1.28148e-38 3
0.27328 0.250195 0.508436 1.19851e-38 3
0.282376 0.243861 0.495565 1.1801e-38 3
0.289467 0.243091 0.494001 1.21698e-38 3
0.345791 0.275214 0.55928 1.18018e-38 3
0.352311 0.273262 0.555314 1.14333e-38 3
0.351317 0.265724 0.539995 1.15252e-38 3
0.356355 0.263003 0.534466 1.03266e-38 3
0.364991 0.263003 0.534466 1.12486e-38 3
0.372356 0.262109 0.532648 1.08798e-38 3
0.394942 0.265724 0.539995 1.00508e-38 3
0.399978 0.257726 0.523741 1.06969e-38 3
0.407079 0.256867 0.521995 1.04199e-38 3
0.408952 0.247781 0.503532 9.68269e-39 3
0.418434 0.248581 0.505156 9.12952e-39 3
0.427976 0.249385 0.506791 9.49759e-39 3
0.436165 0.249385 0.506791 9.12881e-39 3
0.444353 0.249385 0.506791 7.93098e-39 3
0.451082 0.248581 0.505156 7.83843e-39 3
0.459244 0.248581 0.505156 8.57707e-39 3
0.464409 0.246987 0.501918 7.37781e-39 3
-0.285502 0.220471 0.433791 1.06932e-38 3
-0.280045 0.2217 0.436207 1.02316e-38 3
-0.283254 0.230029 0.452597 9.21812e-39 3
-0.280811 0.234089 0.460584 9.95641e-39 3
-0.333138 0.285269 0.561285 9.86493e-39 3
-0.327591 0.28837 0.567386 9.77381e-39 3
-0.316133 0.286296 0.563304 8.8515e-39 3
-0.262935 0.252667 0.497138 1.08794e-38 3
-0.249361 0.247175 0.48633 1.04181e-38 3
-0.233024 0.255097 0.501918 9.77309e-39 3
-0.219976 0.268886 0.529049 9.95784e-39 3
-0.210716 0.26798 0.527267 1.03263e-38 3
-0.202197 0.26798 0.527267 1.02337e-38 3
-0.193678 0.26798 0.527267 1.0144e-38 3
-0.18392 0.266188 0.523741 9.03876e-39 3
-0.173715 0.263544 0.518538 9.31462e-39 3
-0.165336 0.263544 0.518538 1.00518e-38 3
-0.15748 0.264419 0.520261 8.48558e-39 3
-0.147602 0.26181 0.515126 1.11593e-38 3
-0.00619099 0.265301 0.521995 1.37397e-38 3
0.0194352 0.269797 0.530842 1.24471e-38 3
0.0579953 0.251073 0.494001 1.23553e-38 3
0.0666074 0.253472 0.498721 1.21716e-38 3
0.074904 0.254282 0.500314 1.18939e-38 3
0.0824609 0.252667 0.497138 1.31843e-38 3
0.0904933 0.252667 0.497138 1.35531e-38 3
0.0966842 0.247945 0.487846 1.34602e-38 3
0.103919 0.246409 0.484825 1.41059e-38 3
0.111753 0.246409 0.484825 1.32765e-38 3
0.119217 0.245649 0.483328 1.25386e-38 3
0.129423 0.250284 0.492448 1.23546e-38 3
0.138688 0.252667 0.497138 1.24468e-38 3
0.145795 0.251073 0.494001 1.34602e-38 3
0.15186 0.247945 0.487846 1.43822e-38 3
0.158264 0.245649 0.483328 1.30914e-38 3
0.166073 0.245649 0.483328 1.28155e-38 3
0.170721 0.241182 0.474541 1.20783e-38 3
0.177849 0.240454 0.473107 1.26326e-38 3
0.184379 0.23901 0.470266 1.21716e-38 3
0.191978 0.23901 0.470266 1.06958e-38 3
0.263032 0.248719 0.48937 1.09709e-38 3
0.262729 0.241182 0.474541 1.30914e-38 3
0.269579 0.240454 0.473107 1.16166e-38 3
0.277224 0.240454 0.473107 1.12479e-38 3
0.28401 0.239729 0.471682 1.17088e-38 3
0.289885 0.238294 0.468858 1.18018e-38 3
0.348911 0.272569 0.536296 1.07869e-38 3
0.358867 0.267081 0.525498 1.07869e-38 3
0.367358 0.267081 0.525498 1.08791e-38 3
0.59576 0.423352 0.83297 1.01415e-38 3
0.3934 0.26181 0.515126 9.40611e-39 3
0.412761 0.263544 0.518538 9.12916e-39 3
0.406339 0.254282 0.500314 9.49866e-39 3
0.413103 0.253472 0.498721 9.68378e-39 3
0.423861 0.255097 0.501918 9.31355e-39 3
0.431971 0.255097 0.501918 9.86709e-39 3
0.44008 0.255097 0.501918 9.12953e-39 3
0.445335 0.253472 0.498721 9.13025e-39 3
0.453393 0.253472 0.498721 7.93171e-39 3
-0.283862 0.220754 0.420963 1.06003e-38 3
-0.284714 0.226852 0.432592 9.77237e-39 3
-0.280045 0.228748 0.436207 1.05089e-38 3
-0.287407 0.240822 0.459233 1.01412e-38 3
-0.333138 0.294338 0.561285 1.06954e-38 3
-0.324069 0.294338 0.561285 1.02344e-38 3
-0.264615 0.262366 0.500314 1.08798e-38 3
-0.25092 0.256626 0.48937 1.11557e-38 3
-0.236584 0.25824 0.492448 8.94405e-39 3
-0.228628 0.25824 0.492448 1.08802e-38 3
-0.222068 0.259875 0.495565 1.13404e-38 3
-0.216322 0.272825 0.520261 9.86565e-39 3
-0.208609 0.273735 0.521995 1.00511e-38 3
-0.200175 0.273735 0.521995 1.06968e-38 3
-0.191104 0.272825 0.520261 9.86744e-39 3
-0.181492 0.271024 0.516826 9.40682e-39 3
-0.171444 0.268367 0.51176 1.0421e-38 3
-0.164249 0.270133 0.515126 9.8678e-39 3
-0.15644 0.271024 0.516826 9.13023e-39 3
-0.146638 0.268367 0.51176 1.20801e-38 3
-0.11431 0.270133 0.515126 1.23549e-38 3
-0.0958928 0.244406 0.466067 1.13408e-38 3
-0.0823017 0.24885 0.474541 1.16188e-38 3
-0.0746343 0.24885 0.474541 1.21727e-38 3
-0.0598436 0.251133 0.478894 1.19872e-38 3
-0.00536791 0.237342 0.452597 1.27255e-38 3
0.00193927 0.236658 0.451292 1.18961e-38 3
0.00917809 0.235302 0.448706 1.19876e-38 3
0.0163344 0.233961 0.446149 1.33694e-38 3
0.0236103 0.23463 0.447424 1.32765e-38 3
0.0308395 0.23463 0.447424 1.30918e-38 3
0.0417682 0.257431 0.490904 1.30014e-38 3
0.0492369 0.255032 0.48633 1.1711e-38 3
0.0570947 0.255032 0.48633 1.18943e-38 3
0.0946208 0.250367 0.477434 1.30007e-38 3
0.109715 0.249606 0.475983 1.39219e-38 3
0.116696 0.248098 0.473107 1.36453e-38 3
0.125096 0.249606 0.475983 1.30914e-38 3
0.134008 0.251903 0.480363 1.36446e-38 3
0.142645 0.253458 0.483328 1.42889e-38 3
0.149991 0.252678 0.481841 1.34595e-38 3
0.156812 0.251133 0.478894 1.29992e-38 3
0.164048 0.250367 0.477434 1.30925e-38 3
0.170205 0.248098 0.473107 1.24471e-38 3
0.177314 0.247351 0.471682 1.14348e-38 3
0.183279 0.245136 0.467458 1.18943e-38 3
0.190831 0.245136 0.467458 1.05114e-38 3
0.197794 0.244406 0.466067 1.1433e-38 3
0.205324 0.244406 0.466067 1.19854e-38 3
0.252037 0.238722 0.455228 1.07869e-38 3
0.261674 0.240822 0.459233 1.13397e-38 3
0.271482 0.24296 0.463309 1.15248e-38 3
0.276514 0.240822 0.459233 1.18939e-38 3
0.283104 0.240118 0.45789 1.19858e-38 3
0.292211 0.241531 0.460584 1.22624e-38 3
0.358805 0.282201 0.538139 1.11557e-38 3
0.36375 0.279321 0.532648 1.12479e-38 3
0.407907 0.25824 0.492448 8.209e-39 3
0.418496 0.259875 0.495565 8.20793e-39 3
0.429078 0.256626 0.48937 7.56328e-39 3
0.426327 0.250367 0.477434 7.83951e-39 3
-0.279356 0.223943 0.414282 9.77129e-39 3
-0.273385 0.224538 0.41538 9.31139e-39 3
-0.290567 0.244655 0.452597 9.86349e-39 3
-0.290819 0.251189 0.464684 1.09709e-38 3
-0.264615 0.270449 0.500314 1.05107e-38 3
-0.25092 0.264533 0.48937 1.02341e-38 3
-0.242256 0.263709 0.487846 1.02341e-38 3
-0.232922 0.262076 0.484825 1.0327e-38 3
-0.228628 0.266197 0.492448 1.06958e-38 3
-0.221367 0.267037 0.494001 1.10638e-38 3
-0.211406 0.27484 0.508436 9.58942e-39 3
-0.202533 0.27395 0.506791 7.93062e-39 3
-0.194976 0.27484 0.508436 1.0605e-38 3
-0.186156 0.27395 0.506791 9.68305e-39 3
-0.177968 0.27395 0.506791 1.09741e-38 3
-0.169232 0.273067 0.505156 1.07898e-38 3
-0.16107 0.273067 0.505156 1.21727e-38 3
-0.152908 0.273067 0.505156 9.8678e-39 3
-0.144746 0.273067 0.505156 1.08819e-38 3
-0.102611 0.269588 0.498721 1.18021e-38 3
-0.0818059 0.254972 0.471682 1.17106e-38 3
-0.0744088 0.255742 0.473107 1.25404e-38 3
-0.0673753 0.258081 0.477434 1.28181e-38 3
-0.0594799 0.257297 0.475983 1.26322e-38 3
-0.0514763 0.255742 0.473107 1.0789e-38 3
-0.0437001 0.254972 0.471682 1.18954e-38 3
-0.0125717 0.242552 0.448706 1.32787e-38 3
-0.00530656 0.241859 0.447424 1.26333e-38 3
0.00192265 0.241859 0.447424 1.20805e-38 3
0.00915186 0.241859 0.447424 1.30024e-38 3
0.016288 0.240485 0.444882 1.26319e-38 3
0.0234761 0.240485 0.444882 1.15252e-38 3
0.0308395 0.241859 0.447424 1.25397e-38 3
0.0483362 0.258081 0.477434 1.31868e-38 3
0.0560503 0.258081 0.477434 1.19865e-38 3
0.0835936 0.248242 0.459233 1.22638e-38 3
0.0899583 0.245364 0.453908 1.0789e-38 3
0.0990143 0.249707 0.461942 1.32772e-38 3
0.106793 0.250446 0.463309 1.34609e-38 3
0.113942 0.249707 0.461942 1.35531e-38 3
0.122126 0.251189 0.464684 1.3368e-38 3
0.130799 0.253445 0.468858 1.29992e-38 3
0.14177 0.259665 0.480363 1.36446e-38 3
0.14862 0.258081 0.477434 1.40134e-38 3
0.154917 0.255742 0.473107 1.27226e-38 3
0.163053 0.256517 0.474541 1.29081e-38 3
0.169692 0.254972 0.471682 1.22627e-38 3
0.176781 0.254206 0.470266 1.14344e-38 3
0.183279 0.252688 0.467458 1.28166e-38 3
0.190264 0.251936 0.466067 1.19869e-38 3
0.197207 0.251189 0.464684 1.24475e-38 3
0.203507 0.249707 0.461942 1.1617e-38 3
0.209121 0.247516 0.45789 1.10631e-38 3
0.215888 0.246795 0.456555 1.10631e-38 3
0.223264 0.246795 0.456555 1.18014e-38 3
0.25058 0.244655 0.452597 1.12479e-38 3
0.260148 0.246795 0.456555 1.1156e-38 3
0.267525 0.246795 0.456555 1.18932e-38 3
0.274102 0.246077 0.455228 1.14326e-38 3
0.281458 0.246077 0.455228 1.18014e-38 3
0.289655 0.246795 0.456555 1.18014e-38 3
0.360042 0.291899 0.539995 1.13397e-38 3
-0.280849 0.226444 0.406749 9.58762e-39 3
-0.275709 0.227626 0.408873 8.85041e-39 3
-0.269103 0.227626 0.408873 1.05107e-38 3
-0.293965 0.254915 0.45789 1.01412e-38 3
-0.294312 0.261804 0.470266 1.06947e-38 3
-0.288446 0.263386 0.473107 9.95784e-39 3
-0.259638 0.273294 0.490904 1.06028e-38 3
-0.247059 0.268249 0.481841 1.01419e-38 3
-0.225788 0.270748 0.48633 1.13411e-38 3
-0.21793 0.270748 0.48633 1.07872e-38 3
-0.212047 0.273294 0.490904 1.05114e-38 3
-0.207366 0.277646 0.498721 9.03624e-39 3
-0.199945 0.278533 0.500314 8.94512e-39 3
-0.192476 0.279426 0.501918 9.86744e-39 3
-0.160037 0.279426 0.501918 1.02366e-38 3
-0.148129 0.27244 0.48937 1.17117e-38 3
-0.102508 0.257171 0.461942 1.19872e-38 3
-0.0947647 0.256414 0.460584 1.19883e-38 3
-0.0886262 0.260241 0.467458 1.14333e-38 3
-0.0818059 0.262593 0.471682 1.33698e-38 3
-0.0673753 0.265795 0.477434 1.32776e-38 3
-0.0596612 0.265795 0.477434 1.30017e-38 3
-0.0514763 0.263386 0.473107 1.24486e-38 3
-0.0435688 0.261804 0.470266 1.28173e-38 3
-0.0356494 0.259467 0.466067 1.22642e-38 3
-0.0276256 0.254915 0.45789 1.22649e-38 3
-0.0199359 0.251242 0.451292 1.23567e-38 3
-0.0125001 0.248379 0.446149 1.3372e-38 3
-0.00527641 0.247673 0.444882 1.26344e-38 3
0.00191173 0.247673 0.444882 1.19894e-38 3
0.00907409 0.246971 0.443622 1.31868e-38 3
0.0162419 0.246971 0.443622 1.27251e-38 3
0.0234761 0.247673 0.444882 1.4107e-38 3
0.0308395 0.249088 0.447424 1.35545e-38 3
0.0381778 0.249802 0.448706 1.29102e-38 3
0.0458216 0.251968 0.452597 1.31868e-38 3
0.052829 0.25052 0.449995 1.18954e-38 3
0.0595861 0.248379 0.446149 1.20801e-38 3
0.0667947 0.248379 0.446149 1.26333e-38 3
0.0819121 0.25052 0.449995 1.30946e-38 3
0.0891828 0.25052 0.449995 1.24496e-38 3
0.0972923 0.252698 0.453908 1.31865e-38 3
0.105854 0.255662 0.459233 1.19865e-38 3
0.112286 0.253433 0.455228 1.37371e-38 3
0.119641 0.253433 0.455228 1.41056e-38 3
0.126996 0.253433 0.455228 1.41056e-38 3
0.142536 0.254915 0.45789 1.28159e-38 3
0.148201 0.251968 0.452597 1.29996e-38 3
0.155964 0.252698 0.453908 1.29074e-38 3
0.166188 0.257171 0.461942 1.28155e-38 3
0.174683 0.258697 0.464684 1.25393e-38 3
0.181652 0.257932 0.463309 1.27244e-38 3
0.189138 0.257932 0.463309 1.28163e-38 3
0.196044 0.257171 0.461942 1.30007e-38 3
0.202314 0.255662 0.459233 1.27233e-38 3
0.208511 0.254172 0.456555 1.22617e-38 3
0.21526 0.253433 0.455228 1.20773e-38 3
0.221329 0.251968 0.452597 1.13404e-38 3
0.240835 0.242169 0.434996 1.15252e-38 3
0.249248 0.243522 0.437426 1.18014e-38 3
0.255602 0.242844 0.436207 1.22617e-38 3
0.261195 0.241498 0.433791 1.17085e-38 3
0.272737 0.24558 0.441122 1.21691e-38 3
0.279078 0.24489 0.439883 1.22617e-38 3
