# .PCD v0.7 - Point Cloud Data file format
VERSION 0.7
FIELDS x y z rgb label
SIZE 4 4 4 4 4
TYPE F F F F U
COUNT 1 1 1 1 1
WIDTH 2746
HEIGHT 1
VIEWPOINT 0 0 0 1 0 0 0
POINTS 2746
DATA ascii
-1.31154 -0.730237 3.91496 5.16224e-39 1
-1.18885 -0.695464 3.72853 4.51652e-39 1
-1.18503 -0.730237 3.91496 2.94919e-39 1
-1.24909 -0.63522 3.72853 3.0421e-39 1
-1.18885 -0.63522 3.72853 4.33212e-39 1
-1.18503 -0.666981 3.91496 4.51652e-39 1
-1.0198 -0.606347 3.55905 3.22578e-39 1
-0.962293 -0.606347 3.55905 3.13358e-39 1
-1.50131 -0.603726 3.91496 6.63737e-39 1
-1.51374 -0.635501 4.12101 5.99236e-39 1
-1.24982 -0.548842 3.55905 5.71578e-39 1
-1.22004 -0.561605 3.64182 4.79382e-39 1
-1.18885 -0.574977 3.72853 4.97785e-39 1
-1.1286 -0.574977 3.72853 5.34663e-39 1
-1.12178 -0.603726 3.91496 3.50308e-39 1
-1.05852 -0.603726 3.91496 4.14845e-39 1
-0.932011 -0.603726 3.91496 4.69947e-39 1
-1.50131 -0.54047 3.91496 6.91468e-39 1
-1.51374 -0.568916 4.12101 6.36151e-39 1
-1.22204 -0.480418 3.47996 6.63774e-39 1
-1.16582 -0.480418 3.47996 5.80725e-39 1
-1.10959 -0.480418 3.47996 4.42504e-39 1
-1.1286 -0.514734 3.72853 5.90017e-39 1
-1.12178 -0.54047 3.91496 3.96406e-39 1
-1.05852 -0.54047 3.91496 3.2265e-39 1
-1.02079 -0.554329 4.01534 4.23849e-39 1
-1.00758 -0.584292 4.23239 4.69947e-39 1
-0.78131 -0.568916 4.12101 2.85843e-39 1
-1.46469 -0.465575 3.81947 1.01422e-38 1
-1.27827 -0.424191 3.47996 1.06021e-38 1
-1.19548 -0.414969 3.40431 9.86386e-39 1
-1.16582 -0.424191 3.47996 9.1263e-39 1
-1.10959 -0.424191 3.47996 7.65153e-39 1
-1.0773 -0.433831 3.55905 7.83556e-39 1
-1.06836 -0.45449 3.72853 6.36043e-39 1
-1.05852 -0.477215 3.91496 5.99201e-39 1
-1.02079 -0.489451 4.01534 7.65009e-39 1
-0.981064 -0.502331 4.12101 4.97569e-39 1
-0.827386 -0.45449 3.72853 4.42323e-39 1
-0.895 -0.530238 4.34996 3.50308e-39 1
-0.78131 -0.502331 4.12101 2.85843e-39 1
-1.46469 -0.403862 3.81947 2.34173e-38 1
-1.30732 -0.376326 3.55905 2.20344e-38 1
-1.22204 -0.367964 3.47996 1.27219e-38 1
-1.19231 -0.376326 3.55905 9.3107e-39 1
-1.1612 -0.385078 3.64182 9.03447e-39 1
-1.1286 -0.394247 3.72853 8.75788e-39 1
-1.12178 -0.413959 3.91496 8.29619e-39 1
-1.11423 -0.435746 4.12101 8.20255e-39 1
-1.07596 -0.447523 4.23239 6.63161e-39 1
-1.03557 -0.459954 4.34996 7.55284e-39 1
-0.939195 -0.447523 4.23239 5.43378e-39 1
-0.895 -0.459954 4.34996 4.23884e-39 1
-0.78131 -0.435746 4.12101 2.85735e-39 1
1.14965 -0.435746 4.12101 1.38258e-39 1
1.1004 -0.394247 3.72853 1.93576e-39 1
1.10789 -0.376326 3.55905 2.48749e-39 1
1.22089 -0.394247 3.72853 2.11871e-39 1
-1.95571 -0.438379 4.8937 1.27223e-38 3
-1.50131 -0.350703 3.91496 2.2034e-38 3
-1.33773 -0.326236 3.64182 1.86224e-38 3
-1.27888 -0.326236 3.64182 1.26297e-38 3
-1.22004 -0.326236 3.64182 1.2445e-38 3
-1.1612 -0.326236 3.64182 8.48094e-39 3
-1.1286 -0.334003 3.72853 9.86423e-39 1
-1.12178 -0.350703 3.91496 8.94048e-39 1
-1.08566 -0.359696 4.01534 6.1728e-39 1
-1.04765 -0.369161 4.12101 8.01165e-39 1
-1.00758 -0.379139 4.23239 8.01093e-39 1
-0.914479 -0.369161 4.12101 6.63124e-39 1
-0.847895 -0.369161 4.12101 4.88313e-39 1
-0.761276 -0.359696 4.01534 3.502e-39 1
-0.696399 -0.359696 4.01534 3.22649e-39 1
1.14324 -0.38967 4.34996 2.02759e-39 1
1.21352 -0.38967 4.34996 1.38258e-39 1
1.05039 -0.318821 3.55905 1.47478e-39 1
1.1654 -0.318821 3.55905 1.84248e-39 1
-2.03478 -0.35931 4.8937 9.21884e-39 3
-1.95571 -0.35931 4.8937 8.75823e-39 3
-1.66812 -0.319386 4.34996 9.12558e-39 3
-1.36958 -0.27376 3.72853 9.86386e-39 3
-1.27888 -0.267393 3.64182 8.38837e-39 3
-1.22004 -0.267393 3.64182 4.88602e-39 3
-1.1612 -0.267393 3.64182 5.62358e-39 3
-1.0773 -0.261316 3.55905 7.28311e-39 3
-1.09442 -0.280437 3.81947 6.08349e-39 3
-1.05852 -0.287448 3.91496 4.14629e-39 3
-1.02079 -0.294818 4.01534 7.18477e-39 3
-0.981064 -0.302577 4.12101 5.70965e-39 3
-0.914479 -0.302577 4.12101 5.43558e-39 3
-0.826154 -0.294818 4.01534 4.23849e-39 3
-0.761276 -0.294818 4.01534 4.60799e-39 3
1.21049 -0.338174 4.60584 2.48857e-39 1
1.21352 -0.319386 4.34996 2.12015e-39 1
1.1004 -0.27376 3.72853 2.12015e-39 1
1.10789 -0.261316 3.55905 2.57968e-39 1
1.1654 -0.261316 3.55905 2.2109e-39 1
-2.35106 -0.28024 4.8937 1.43825e-38 3
-1.91509 -0.263755 4.60584 1.21695e-38 3
-1.52641 -0.218724 3.81947 1.09706e-38 3
-1.42982 -0.213516 3.72853 8.29689e-39 3
-1.30732 -0.203811 3.55905 6.36114e-39 3
-1.19548 -0.19495 3.40431 5.53066e-39 3
-1.16582 -0.199282 3.47996 4.51759e-39 3
-1.13481 -0.203811 3.55905 4.42539e-39 3
-1.05336 -0.199282 3.47996 4.51723e-39 3
-1.06836 -0.213516 3.72853 3.68676e-39 3
-1.0327 -0.218724 3.81947 4.42432e-39 3
-0.970992 -0.218724 3.81947 4.60799e-39 3
-0.932011 -0.224192 3.91496 3.96262e-39 3
-0.891031 -0.229941 4.01534 4.05482e-39 3
-0.8055 -0.224192 3.91496 3.87042e-39 3
-0.761276 -0.229941 4.01534 4.3314e-39 3
-0.714725 -0.235992 4.12101 3.41052e-39 3
1.08307 -0.235992 4.12101 2.85591e-39 1
1.14965 -0.235992 4.12101 2.58076e-39 1
1.1004 -0.213516 3.72853 1.75172e-39 1
-2.27199 -0.201171 4.8937 5.25479e-39 3
-1.78008 -0.169407 4.12101 6.17639e-39 3
-1.7135 -0.169407 4.12101 5.62321e-39 3
-1.52641 -0.157011 3.81947 5.34663e-39 3
-1.42982 -0.153273 3.72853 5.53102e-39 3
-1.30732 -0.146306 3.55905 5.43883e-39 3
-1.22204 -0.143055 3.47996 5.99272e-39 3
-1.19231 -0.146306 3.55905 4.88637e-39 3
-1.13481 -0.146306 3.55905 4.97857e-39 3
-1.0773 -0.146306 3.55905 5.2548e-39 3
-1.06836 -0.153273 3.72853 4.51616e-39 3
-1.0327 -0.157011 3.81947 4.70126e-39 3
-0.970992 -0.157011 3.81947 4.33248e-39 3
-0.932011 -0.160937 3.91496 5.25443e-39 3
-0.891031 -0.165063 4.01534 4.42467e-39 3
-0.826154 -0.165063 4.01534 4.60907e-39 3
-0.742244 -0.160937 3.91496 4.05589e-39 3
-0.678989 -0.160937 3.91496 4.70126e-39 3
-1.76736 -0.0888008 3.55905 5.34735e-39 3
-1.70986 -0.0888008 3.55905 5.8998e-39 3
-1.91325 -0.102822 4.12101 5.34663e-39 3
-1.75433 -0.0976809 3.91496 5.07041e-39 3
-1.69108 -0.0976809 3.91496 6.2693e-39 3
-1.91509 -0.114919 4.60584 5.71613e-39 3
-1.64691 -0.102822 4.12101 5.90052e-39 3
-1.50131 -0.0976809 3.91496 6.08455e-39 3
-1.40298 -0.0952984 3.81947 5.25515e-39 3
-1.30933 -0.0930294 3.72853 4.97857e-39 3
-1.24909 -0.0930294 3.72853 5.16332e-39 3
-1.18885 -0.0930294 3.72853 5.2548e-39 3
-1.1286 -0.0930294 3.72853 5.43919e-39 3
-1.09442 -0.0952984 3.81947 5.25408e-39 3
-1.0327 -0.0952984 3.81947 5.07004e-39 3
-0.995267 -0.0976809 3.91496 5.16296e-39 3
-0.932011 -0.0976809 3.91496 4.79417e-39 3
-0.891031 -0.100186 4.01534 5.43954e-39 3
-0.826154 -0.100186 4.01534 4.79418e-39 3
-0.724141 -0.0952984 3.81947 4.70234e-39 3
-0.662428 -0.0952984 3.81947 4.60978e-39 3
-2.07061 -0.0344253 3.91496 5.53173e-39 3
-1.6728 -0.0286877 3.26247 6.26931e-39 3
-1.49546 -0.026481 3.01151 5.80833e-39 3
-1.4468 -0.026481 3.01151 5.8998e-39 3
-2.01954 -0.0382503 4.34996 5.80725e-39 3
-1.58033 -0.0362371 4.12101 5.90052e-39 3
-1.43806 -0.0344253 3.91496 5.62394e-39 3
-1.30933 -0.032786 3.72853 5.99308e-39 3
-1.24909 -0.032786 3.72853 4.88673e-39 3
-1.1612 -0.0320235 3.64182 4.70162e-39 3
-1.10236 -0.0320235 3.64182 4.97821e-39 3
-1.09442 -0.0335856 3.81947 5.34628e-39 3
-1.0327 -0.0335856 3.81947 5.34663e-39 3
-0.970992 -0.0335856 3.81947 5.43954e-39 3
-0.909279 -0.0335856 3.81947 4.97928e-39 3
-0.868756 -0.0344253 3.91496 5.53246e-39 3
-0.826154 -0.035308 4.01534 5.25551e-39 3
-0.724141 -0.0335856 3.81947 4.70342e-39 3
-0.696399 -0.035308 4.01534 5.6243e-39 3
-2.07061 0.0288304 3.91496 5.07148e-39 3
-1.54412 0.0221772 3.01151 5.80833e-39 3
-1.49546 0.0221772 3.01151 5.62394e-39 3
-1.74962 0.0268189 3.64182 5.90052e-39 3
-1.81759 0.0288304 3.91496 5.90052e-39 3
-2.12647 0.0349459 4.74541 5.80833e-39 3
-1.78008 0.0303478 4.12101 5.53066e-39 3
-1.7135 0.0303478 4.12101 5.99236e-39 3
-1.64691 0.0303478 4.12101 5.99308e-39 3
-1.24982 0.0262094 3.55905 5.07076e-39 3
-1.19231 0.0262094 3.55905 5.34699e-39 3
-1.13481 0.0262094 3.55905 5.1626e-39 3
-1.0773 0.0262094 3.55905 5.80797e-39 3
-1.06836 0.0274575 3.72853 5.34699e-39 3
-1.00812 0.0274575 3.72853 6.17675e-39 3
-0.947873 0.0274575 3.72853 5.34735e-39 3
-0.88763 0.0274575 3.72853 5.90088e-39 3
-0.847566 0.0281272 3.81947 4.97893e-39 3
-0.785854 0.0281272 3.81947 4.88781e-39 3
-0.69046 0.0268189 3.64182 4.70342e-39 3
-0.646656 0.0274575 3.72853 5.6243e-39 3
-0.586412 0.0274575 3.72853 5.16296e-39 3
1.60242 0.036038 4.8937 2.67332e-39 3
1.41599 0.0303478 4.12101 2.02759e-39 3
1.40845 0.0288304 3.91496 2.67188e-39 3
-2.65927 0.108336 4.60584 4.7027e-39 3
-2.58485 0.108336 4.60584 5.80904e-39 3
-2.03226 0.0877009 3.72853 4.97928e-39 3
-1.72551 0.0767383 3.26247 5.34807e-39 3
-1.5744 0.0722243 3.07056 4.88673e-39 3
-1.76736 0.0837145 3.55905 5.25551e-39 3
-1.74962 0.0856614 3.64182 5.6243e-39 3
-1.69078 0.0856614 3.64182 5.90052e-39 3
-1.71155 0.08984 3.81947 5.71613e-39 3
-1.5731 0.0856614 3.64182 6.45298e-39 3
-1.55031 0.0877009 3.72853 5.80761e-39 3
-1.49006 0.0877009 3.72853 5.90088e-39 3
-1.3345 0.0818542 3.47996 7.00759e-39 3
-1.25048 0.0800748 3.40431 6.63809e-39 3
-1.19548 0.0800748 3.40431 6.08491e-39 3
-1.16582 0.0818542 3.47996 6.26931e-39 3
-1.13481 0.0837145 3.55905 5.53066e-39 3
-1.0773 0.0837145 3.55905 5.90052e-39 3
-1.06836 0.0877009 3.72853 5.62394e-39 3
-1.00812 0.0877009 3.72853 5.71613e-39 3
-0.947873 0.0877009 3.72853 6.17711e-39 3
-0.88763 0.0877009 3.72853 6.54589e-39 3
-0.827386 0.0877009 3.72853 6.08563e-39 3
-0.767143 0.0877009 3.72853 6.36222e-39 3
-0.69046 0.0856614 3.64182 5.53318e-39 3
-0.631617 0.0856614 3.64182 5.25551e-39 3
-0.547318 0.0818542 3.47996 5.62393e-39 3
1.44428 0.115107 4.8937 3.2265e-39 3
1.43374 0.108336 4.60584 2.7648e-39 3
1.50816 0.108336 4.60584 3.22578e-39 3
1.41599 0.0969326 4.12101 3.2247e-39 3
1.40845 0.092086 3.91496 3.40945e-39 3
1.4717 0.092086 3.91496 2.94991e-39 3
1.53496 0.092086 3.91496 2.30454e-39 3
1.59821 0.092086 3.91496 2.76624e-39 3
1.95467 0.108336 4.60584 2.85951e-39 3
-4.3278 0.194177 4.8937 4.79417e-39 3
-3.9988 0.182755 4.60584 5.16296e-39 3
-3.61617 0.194177 4.8937 5.43954e-39 3
-3.5371 0.194177 4.8937 5.34807e-39 3
-3.14175 0.194177 4.8937 5.5321e-39 3
-2.45015 0.155342 3.91496 4.70234e-39 3
-1.83607 0.119494 3.01151 5.99343e-39 3
-1.54909 0.103561 2.60997 5.90123e-39 3
-1.50692 0.103561 2.60997 5.90088e-39 3
-1.46475 0.103561 2.60997 6.08563e-39 3
-1.47163 0.107132 2.69997 6.36222e-39 3
-1.53379 0.115068 2.89997 6.45441e-39 3
-1.43383 0.110958 2.7964 5.90088e-39 3
-1.80847 0.144504 3.64182 6.17783e-39 3
-1.74962 0.144504 3.64182 5.44026e-39 3
-1.69078 0.144504 3.64182 6.63845e-39 3
-1.67079 0.147944 3.72853 6.73028e-39 3
-1.5731 0.144504 3.64182 6.26858e-39 3
-1.55031 0.147944 3.72853 6.72956e-39 3
-1.45541 0.144504 3.64182 7.09978e-39 3
-1.30549 0.13508 3.40431 6.17783e-39 3
-1.19838 0.129451 3.26247 6.82284e-39 3
-1.14567 0.129451 3.26247 6.63809e-39 3
-1.16582 0.138081 3.47996 6.91396e-39 3
-1.10959 0.138081 3.47996 7.28237e-39 3
-1.05336 0.138081 3.47996 6.54553e-39 3
-1.0198 0.14122 3.55905 7.09906e-39 3
-1.00812 0.147944 3.72853 6.54625e-39 3
-0.947873 0.147944 3.72853 6.63809e-39 3
-0.88763 0.147944 3.72853 5.80832e-39 3
-0.827386 0.147944 3.72853 6.08491e-39 3
-0.749302 0.144504 3.64182 6.17746e-39 3
-0.674768 0.14122 3.55905 6.63952e-39 3
-0.603545 0.138081 3.47996 5.90124e-39 3
-0.456099 0.115068 2.89997 6.73028e-39 3
-0.409243 0.115068 2.89997 6.6388e-39 3
-0.611527 0.194177 4.8937 7.28345e-39 3
-0.532458 0.194177 4.8937 7.09906e-39 3
-0.453388 0.194177 4.8937 7.00687e-39 3
-0.3523 0.182755 4.60584 7.28346e-39 3
-0.181692 0.119494 3.01151 7.46785e-39 3
-0.0934831 0.0839684 2.11619 7.56004e-39 3
0.185056 0.0863009 2.17498 5.16367e-39 3
0.188741 0.0739722 1.86427 4.97893e-39 3
0.191505 0.0647257 1.63123 4.241e-39 3
0.205046 0.0609183 1.53528 4.79454e-39 3
1.04893 0.194177 4.8937 3.9637e-39 3
1.128 0.194177 4.8937 3.50237e-39 3
1.20707 0.194177 4.8937 4.23922e-39 3
1.21049 0.182755 4.60584 4.14594e-39 3
1.14965 0.163517 4.12101 2.94884e-39 3
1.21624 0.163517 4.12101 4.79347e-39 3
1.21868 0.155342 3.91496 2.67368e-39 3
1.34941 0.163517 4.12101 3.77788e-39 3
1.41599 0.163517 4.12101 4.05447e-39 3
1.48258 0.163517 4.12101 3.40909e-39 3
1.73141 0.182755 4.60584 3.68747e-39 3
1.80583 0.182755 4.60584 3.04247e-39 3
1.88025 0.182755 4.60584 2.49001e-39 3
2.07684 0.194177 4.8937 3.596e-39 3
3.89544 0.194177 4.8937 3.87258e-39 3
3.74071 0.182755 4.60584 4.60978e-39 3
3.81513 0.182755 4.60584 4.42467e-39 3
-4.3278 0.273247 4.8937 4.60907e-39 3
-3.9988 0.257173 4.60584 5.34735e-39 3
-3.92438 0.257173 4.60584 5.25515e-39 3
-3.47787 0.257173 4.60584 5.62394e-39 3
-3.21437 0.242886 4.34996 5.43954e-39 3
-3.32904 0.257173 4.60584 5.62465e-39 3
-3.14175 0.273247 4.8937 5.53174e-39 3
-2.27921 0.203346 3.64182 6.91467e-39 3
-1.80143 0.164979 2.95469 6.2693e-39 3
-1.68992 0.15898 2.84724 6.54589e-39 3
-1.50692 0.145731 2.60997 5.62429e-39 3
-1.46475 0.145731 2.60997 6.27002e-39 3
-1.47163 0.150757 2.69997 6.3615e-39 3
-1.56273 0.164979 2.95469 6.45369e-39 3
-1.43383 0.156141 2.7964 7.37637e-39 3
-1.44007 0.161924 2.89997 6.36186e-39 3
-1.70986 0.198725 3.55905 6.731e-39 3
-1.65235 0.198725 3.55905 7.83734e-39 3
-1.63194 0.203346 3.64182 7.00687e-39 3
-1.5731 0.203346 3.64182 6.3615e-39 3
-1.55031 0.208188 3.72853 6.63808e-39 3
-1.45541 0.203346 3.64182 6.91539e-39 3
-1.30549 0.190085 3.40431 6.54733e-39 3
-1.19838 0.182164 3.26247 7.09943e-39 3
-1.14567 0.182164 3.26247 7.56004e-39 3
-1.16582 0.194309 3.47996 7.92882e-39 3
-1.10959 0.194309 3.47996 7.55968e-39 3
-1.03046 0.190085 3.40431 8.75822e-39 3
-0.997136 0.194309 3.47996 8.02102e-39 3
-0.984672 0.203346 3.64182 8.66639e-39 3
-0.947873 0.208188 3.72853 8.11322e-39 3
-0.955909 0.224202 4.01534 8.482e-39 3
-0.847566 0.213266 3.81947 8.20541e-39 3
-0.785854 0.213266 3.81947 8.1125e-39 3
-0.742244 0.218597 3.91496 7.46784e-39 3
-0.678989 0.218597 3.91496 6.82247e-39 3
-0.524028 0.18604 3.33188 7.74443e-39 3
-0.470194 0.18604 3.33188 7.37565e-39 3
-0.54358 0.242886 4.34996 7.92846e-39 3
-0.448385 0.230102 4.12101 6.91395e-39 3
-0.345439 0.208188 3.72853 7.83663e-39 3
-0.239564 0.174878 3.13197 7.09906e-39 3
-0.127675 0.118161 2.11619 6.72992e-39 3
-0.0843628 0.106633 1.90974 7.28345e-39 3
-0.0498582 0.0993624 1.77953 8.57419e-39 3
-0.0215965 0.101673 1.82091 8.39052e-39 3
0.0868694 0.132483 2.3727 7.19162e-39 3
0.114772 0.121443 2.17498 6.73172e-39 3
0.142024 0.115051 2.06051 6.63952e-39 3
0.175316 0.115051 2.06051 6.54733e-39 3
0.168663 0.0930201 1.66594 5.71757e-39 3
0.183845 0.0874389 1.56598 5.07004e-39 3
0.205046 0.0857244 1.53528 4.97893e-39 3
0.23445 0.0874389 1.56598 3.5038e-39 3
1.04893 0.273247 4.8937 4.79419e-39 3
1.06165 0.257173 4.60584 7.19056e-39 3
1.13607 0.257173 4.60584 7.74302e-39 3
1.08307 0.230102 4.12101 6.63559e-39 3
1.14965 0.230102 4.12101 5.34449e-39 3
1.15542 0.218597 3.91496 7.65118e-39 3
1.21868 0.218597 3.91496 2.15738e-38 3
1.34941 0.230102 4.12101 5.62287e-39 3
1.49466 0.242886 4.34996 7.00508e-39 3
1.657 0.257173 4.60584 7.09764e-39 3
1.83963 0.273247 4.8937 5.99273e-39 3
1.9187 0.273247 4.8937 3.22794e-39 3
1.99777 0.273247 4.8937 3.22686e-39 3
2.17793 0.257173 4.60584 4.51723e-39 3
2.12721 0.242886 4.34996 5.99308e-39 3
2.1975 0.242886 4.34996 5.80832e-39 3
3.66629 0.257173 4.60584 4.70198e-39 3
3.1796 0.218597 3.91496 4.42539e-39 3
3.08844 0.208188 3.72853 4.14809e-39 3
3.30612 0.218597 3.91496 2.95026e-39 3
2.75995 0.150757 2.69997 3.13394e-39 3
2.80357 0.150757 2.69997 3.22614e-39 3
2.94888 0.156141 2.7964 3.22649e-39 3
-4.3278 0.352316 4.8937 5.16224e-39 3
-3.9988 0.331592 4.60584 5.16296e-39 3
-3.69524 0.352316 4.8937 5.62393e-39 3
-3.40345 0.331592 4.60584 6.08491e-39 3
-3.5371 0.352316 4.8937 5.53245e-39 3
-2.39372 0.268431 3.72853 6.08491e-39 3
-2.27921 0.262189 3.64182 7.46784e-39 3
-1.98908 0.234877 3.26247 6.73028e-39 3
-1.78741 0.21681 3.01151 6.91503e-39 3
-1.58623 0.197791 2.74734 6.73028e-39 3
-1.56937 0.201323 2.7964 6.36114e-39 3
-1.61047 0.212719 2.95469 8.48056e-39 3
-1.6903 0.230084 3.19589 1.03255e-38 3
-1.63866 0.230084 3.19589 7.09906e-39 3
-1.44007 0.20878 2.89997 7.46785e-39 3
-1.4468 0.21681 3.01151 7.56004e-39 3
-1.58051 0.245089 3.40431 7.83698e-39 3
-1.52551 0.245089 3.40431 8.48163e-39 3
-1.4705 0.245089 3.40431 7.83591e-39 3
-1.38538 0.239875 3.33188 8.66639e-39 3
-1.33155 0.239875 3.33188 7.19198e-39 3
-1.1775 0.221061 3.07056 7.19198e-39 3
-1.1062 0.21681 3.01151 7.00759e-39 3
-1.05754 0.21681 3.01151 7.56004e-39 3
-1.04924 0.225482 3.13197 7.28345e-39 3
-0.998631 0.225482 3.13197 7.83626e-39 3
-0.948027 0.225482 3.13197 8.02102e-39 3
-0.954705 0.239875 3.33188 8.02102e-39 3
-0.962293 0.25623 3.55905 8.7593e-39 3
-0.92583 0.262189 3.64182 8.57491e-39 3
-0.955909 0.28908 4.01534 8.85078e-39 3
-0.868756 0.281853 3.91496 9.58834e-39 3
-0.826154 0.28908 4.01534 8.57419e-39 3
-0.824716 0.31317 4.34996 8.85041e-39 3
-0.848736 0.352316 4.8937 8.85041e-39 3
-0.684148 0.31317 4.34996 9.40359e-39 3
-0.613864 0.31317 4.34996 9.68018e-39 3
-0.51497 0.296687 4.12101 8.94261e-39 3
-0.405682 0.268431 3.72853 8.57347e-39 3
-0.329737 0.25623 3.55905 9.03517e-39 3
-0.239564 0.225482 3.13197 9.21956e-39 3
-0.143151 0.17082 2.3727 9.31175e-39 3
-0.091023 0.148344 2.06051 9.86457e-39 3
-0.0510177 0.131094 1.82091 9.12737e-39 3
-0.0206366 0.125268 1.73998 9.68054e-39 3
0.00747697 0.125268 1.73998 8.3898e-39 3
0.037246 0.131094 1.82091 8.66639e-39 3
0.0716672 0.140926 1.95748 7.46821e-39 3
0.105944 0.14454 2.00767 6.82284e-39 3
0.138382 0.14454 2.00767 5.71685e-39 3
0.170821 0.14454 2.00767 4.79561e-39 3
0.176159 0.125268 1.73998 4.88709e-39 3
0.19558 0.119937 1.66594 5.25443e-39 3
0.217862 0.117439 1.63123 4.24136e-39 3
0.260499 0.125268 1.73998 3.31941e-39 3
0.811724 0.352316 4.8937 3.2265e-39 3
1.04893 0.352316 4.8937 1.07858e-38 3
1.06165 0.331592 4.60584 1.01405e-38 3
1.13607 0.331592 4.60584 8.75753e-39 3
1.08307 0.296687 4.12101 8.11072e-39 3
1.14965 0.296687 4.12101 7.83486e-39 3
1.15542 0.281853 3.91496 7.65154e-39 3
1.21868 0.281853 3.91496 1.14323e-38 3
1.42437 0.31317 4.34996 1.39205e-38 3
1.58258 0.331592 4.60584 1.03245e-38 3
1.76056 0.352316 4.8937 7.28275e-39 3
2.10351 0.331592 4.60584 4.88494e-39 3
1.94867 0.296687 4.12101 5.07041e-39 3
1.91449 0.281853 3.91496 5.25587e-39 3
1.97775 0.281853 3.91496 5.99272e-39 3
2.041 0.281853 3.91496 6.2693e-39 3
3.1796 0.281853 3.91496 4.70198e-39 3
2.31633 0.201323 2.7964 4.79418e-39 3
2.06632 0.176158 2.44685 4.05697e-39 3
1.87187 0.156585 2.17498 3.96441e-39 3
2.87068 0.20878 2.89997 3.59492e-39 3
2.71633 0.194381 2.69997 4.24028e-39 3
2.58189 0.181841 2.52578 4.14809e-39 3
2.6227 0.181841 2.52578 3.22649e-39 3
2.66351 0.181841 2.52578 3.41089e-39 3
2.79446 0.187902 2.60997 3.68819e-39 3
3.86814 0.25623 3.55905 3.4116e-39 3
-4.3278 0.431386 4.8937 6.82176e-39 3
-4.24873 0.431386 4.8937 6.82248e-39 3
-3.5371 0.431386 4.8937 6.36221e-39 3
-3.45803 0.431386 4.8937 6.27002e-39 3
-2.22741 0.313735 3.55905 7.28345e-39 3
-1.49181 0.215693 2.44685 7.00722e-39 3
-1.36684 0.203005 2.30292 6.63772e-39 3
-1.29165 0.197205 2.23712 7.0065e-39 3
-1.59791 0.250988 2.84724 1.06925e-38 3
-1.64144 0.265468 3.01151 9.58618e-39 3
-1.6903 0.281721 3.19589 1.06011e-38 3
-1.63866 0.281721 3.19589 9.86457e-39 3
-1.62008 0.28759 3.26247 6.36114e-39 3
-1.4468 0.265468 3.01151 8.20469e-39 3
-1.58051 0.300094 3.40431 8.48163e-39 3
-1.29951 0.255636 2.89997 8.85005e-39 3
-1.20791 0.246506 2.7964 9.21884e-39 3
-1.16273 0.246506 2.7964 7.83663e-39 3
-1.15894 0.255636 2.89997 8.7593e-39 3
-1.09186 0.250988 2.84724 8.20541e-39 3
-1.02718 0.246506 2.7964 9.31176e-39 3
-0.982 0.246506 2.7964 9.68089e-39 3
-0.953851 0.250988 2.84724 9.03552e-39 3
-0.924659 0.255636 2.89997 8.57455e-39 3
-0.911564 0.265468 3.01151 8.94333e-39 3
-1.0198 0.313735 3.55905 9.03588e-39 3
-0.830214 0.270673 3.07056 8.48271e-39 3
-0.904788 0.313735 3.55905 9.03589e-39 3
-0.932011 0.345108 3.91496 8.20613e-39 3
-1.08594 0.431386 4.8937 9.31176e-39 3
-0.826154 0.353957 4.01534 8.94297e-39 3
-0.927805 0.431386 4.8937 8.57383e-39 3
-0.684148 0.383454 4.34996 1.02323e-38 3
-0.581555 0.363272 4.12101 1.05089e-38 3
-0.465926 0.328675 3.72853 1.12475e-38 3
-0.387242 0.313735 3.55905 1.16163e-38 3
-0.3154 0.300094 3.40431 1.10635e-38 3
-0.239564 0.276087 3.13197 1.02341e-38 3
-0.143151 0.209157 2.3727 9.77201e-39 3
-0.0743844 0.148434 1.68385 9.68017e-39 3
-0.0510177 0.160516 1.82091 1.0049e-38 3
-0.0206366 0.153382 1.73998 1.04185e-38 3
0.00747697 0.153382 1.73998 1.04174e-38 3
0.0348169 0.150047 1.70216 1.08784e-38 3
0.0666672 0.160516 1.82091 9.77202e-39 3
0.0960884 0.160516 1.82091 8.75859e-39 3
0.134923 0.172554 1.95748 4.33319e-39 3
0.15862 0.164337 1.86427 4.14952e-39 3
0.184352 0.160516 1.82091 6.73065e-39 3
0.204272 0.153382 1.73998 4.88565e-39 3
0.232386 0.153382 1.73998 4.88602e-39 3
0.272616 0.160516 1.82091 3.41125e-39 3
0.447848 0.238006 2.69997 3.04175e-39 3
0.987231 0.40601 4.60584 1.05089e-38 3
1.06165 0.40601 4.60584 1.17078e-38 5
1.01648 0.363272 4.12101 1.07858e-38 3
1.02891 0.345108 3.91496 1.04171e-38 3
1.09217 0.345108 3.91496 6.91362e-39 3
1.15542 0.345108 3.91496 5.80727e-39 3
1.21868 0.345108 3.91496 5.90018e-39 3
1.28194 0.345108 3.91496 9.86387e-39 3
1.49466 0.383454 4.34996 8.84972e-39 3
1.76056 0.431386 4.8937 9.49509e-39 3
1.91636 0.383454 4.34996 5.71434e-39 3
1.88208 0.363272 4.12101 6.08312e-39 3
1.85124 0.345108 3.91496 6.3615e-39 3
1.91449 0.345108 3.91496 7.28417e-39 3
1.88357 0.328675 3.72853 7.56004e-39 3
1.94381 0.328675 3.72853 8.57419e-39 3
2.00406 0.328675 3.72853 8.3898e-39 3
2.31633 0.246506 2.7964 4.51795e-39 3
2.06632 0.215693 2.44685 4.51759e-39 3
1.87187 0.191727 2.17498 4.97857e-39 3
2.82382 0.255636 2.89997 3.8715e-39 3
2.87068 0.255636 2.89997 3.8715e-39 3
2.91753 0.255636 2.89997 3.50272e-39 3
2.5012 0.215693 2.44685 3.59491e-39 3
2.54074 0.215693 2.44685 4.14881e-39 3
2.58027 0.215693 2.44685 3.68783e-39 3
3.81063 0.313735 3.55905 3.31941e-39 3
5.00582 0.40601 4.60584 3.68819e-39 3
5.08024 0.40601 4.60584 3.68747e-39 3
-0.907024 0.13389 1.28359 7.56076e-39 3
-0.87199 0.13173 1.26289 7.74515e-39 3
-0.812281 0.12565 1.2046 7.65296e-39 3
-0.888503 0.140815 1.34999 8.66711e-39 3
-2.13056 0.355099 3.40431 7.8377e-39 3
-1.40405 0.240214 2.30292 8.11357e-39 3
-1.22297 0.214928 2.06051 8.66602e-39 3
-1.18967 0.214928 2.06051 9.21884e-39 3
-1.15638 0.214928 2.06051 8.57275e-39 3
-1.12309 0.214928 2.06051 7.83518e-39 3
-1.56273 0.308199 2.95469 9.21992e-39 3
-1.51499 0.308199 2.95469 8.29724e-39 3
-1.38864 0.291689 2.7964 9.12628e-39 3
-1.34346 0.291689 2.7964 8.94153e-39 3
-1.58051 0.355099 3.40431 9.21847e-39 3
-1.18938 0.276857 2.65421 1.03248e-38 3
-1.0096 0.243799 2.33729 1.07858e-38 3
-0.971835 0.243799 2.33729 9.127e-39 3
-1.06072 0.276857 2.65421 1.05107e-38 3
-1.03539 0.28163 2.69997 1.06021e-38 3
-0.958704 0.272243 2.60997 1.08787e-38 3
-0.948138 0.28163 2.69997 1.06029e-38 3
-0.920382 0.286571 2.74734 1.00497e-38 3
-0.875992 0.286571 2.74734 1.00497e-38 3
-1.0773 0.37124 3.55905 9.95784e-39 3
-1.12178 0.408364 3.91496 9.12808e-39 3
-1.17614 0.453738 4.34996 1.04195e-38 3
-1.1709 0.480428 4.60584 1.03277e-38 3
-1.09648 0.480428 4.60584 1.03266e-38 3
-1.02207 0.480428 4.60584 1.005e-38 3
-0.947647 0.480428 4.60584 9.5887e-39 3
-0.873229 0.480428 4.60584 9.68089e-39 3
-0.754432 0.453738 4.34996 8.94333e-39 3
-0.64814 0.429857 4.12101 1.07872e-38 3
-0.552477 0.408364 3.91496 1.07869e-38 3
-0.444747 0.37124 3.55905 1.07865e-38 3
-0.387242 0.37124 3.55905 1.06943e-38 3
-0.3154 0.355099 3.40431 9.95748e-39 3
-0.206521 0.28163 2.69997 1.0695e-38 3
-0.101591 0.17564 1.68385 1.03245e-38 3
-0.0743844 0.17564 1.68385 1.10624e-38 3
-0.0487502 0.181495 1.73998 1.01412e-38 3
-0.0206366 0.181495 1.73998 1.07865e-38 3
0.00715881 0.173772 1.66594 1.07854e-38 3
0.0333662 0.170152 1.63123 1.11542e-38 3
0.0609934 0.173772 1.66594 9.21813e-39 3
0.0918178 0.181495 1.73998 9.95641e-39 3
0.12551 0.189937 1.82091 8.85006e-39 3
0.15862 0.194459 1.86427 6.54589e-39 3
0.188741 0.194459 1.86427 1.2078e-38 3
0.213773 0.189937 1.82091 6.54589e-39 3
0.243194 0.189937 1.82091 5.34699e-39 3
0.272616 0.189937 1.82091 3.87151e-39 3
0.360766 0.226869 2.17498 7.74338e-39 3
0.674688 0.355099 3.40431 9.77062e-39 3
0.729692 0.355099 3.40431 1.20759e-38 3
0.721922 0.326691 3.13197 1.27216e-38 3
0.772526 0.326691 3.13197 1.29067e-38 3
0.823131 0.326691 3.13197 1.17082e-38 3
0.910141 0.340303 3.26247 7.46715e-39 3
0.888788 0.314126 3.01151 8.20508e-39 3
1.01557 0.340303 3.26247 1.00483e-38 3
1.06828 0.340303 3.26247 1.20773e-38 3
1.34519 0.408364 3.91496 1.09706e-38 3
1.40845 0.408364 3.91496 9.86424e-39 3
1.73141 0.480428 4.60584 9.77168e-39 3
1.88025 0.480428 4.60584 7.92777e-39 3
1.84608 0.453738 4.34996 7.09764e-39 3
1.8155 0.429857 4.12101 8.20326e-39 3
1.62544 0.37124 3.55905 6.26751e-39 3
1.68294 0.37124 3.55905 7.2831e-39 3
1.82333 0.388918 3.72853 7.83735e-39 3
1.88357 0.388918 3.72853 7.65224e-39 3
1.85546 0.37124 3.55905 9.31176e-39 3
1.91296 0.37124 3.55905 8.48199e-39 3
2.0643 0.388918 3.72853 7.56075e-39 3
2.82382 0.302492 2.89997 4.60978e-39 3
2.91753 0.302492 2.89997 4.24065e-39 3
2.5012 0.255228 2.44685 3.31905e-39 3
2.54074 0.255228 2.44685 3.78002e-39 3
5.00582 0.480428 4.60584 2.76623e-39 3
5.08024 0.480428 4.60584 3.22685e-39 3
5.15466 0.480428 4.60584 3.31905e-39 3
-1.10968 0.184949 1.53528 8.94369e-39 3
-0.907024 0.154629 1.28359 8.8515e-39 3
-0.87199 0.152135 1.26289 8.66711e-39 3
-0.812281 0.145114 1.2046 9.03589e-39 3
-0.805205 0.147381 1.22343 7.74515e-39 3
-0.897644 0.168436 1.3982 7.92954e-39 3
-1.06528 0.205052 1.70216 9.12808e-39 3
-1.03778 0.205052 1.70216 9.49615e-39 3
-0.988781 0.200689 1.66594 8.29796e-39 3
-0.961864 0.200689 1.66594 6.82211e-39 3
-1.02192 0.219358 1.82091 7.0065e-39 3
-0.992497 0.219358 1.82091 8.11357e-39 3
-1.06185 0.241856 2.00767 7.92918e-39 3
-1.02941 0.241856 2.00767 9.40359e-39 3
-1.05087 0.25493 2.11619 1.06021e-38 3
-1.21345 0.304271 2.52578 1.18e-38 3
-1.65235 0.428745 3.55905 1.09702e-38 3
-1.67079 0.449162 3.72853 1.06929e-38 3
-1.4705 0.410104 3.40431 1.1062e-38 3
-1.20579 0.349348 2.89997 1.08794e-38 3
-1.07901 0.325255 2.69997 1.04177e-38 3
-1.11208 0.349348 2.89997 9.77237e-39 3
-1.25048 0.410104 3.40431 9.21848e-39 3
-1.09984 0.377296 3.13197 1.16145e-38 3
-1.09295 0.393016 3.26247 1.11546e-38 3
-1.04024 0.393016 3.26247 1.17078e-38 3
-1.0773 0.428745 3.55905 1.09709e-38 3
-1.18082 0.496442 4.12101 1.13397e-38 3
-0.847895 0.496442 4.12101 1.01426e-38 3
-0.742244 0.47162 3.91496 1.00504e-38 3
-0.646656 0.449162 3.72853 9.9582e-39 3
-0.586412 0.449162 3.72853 9.12808e-39 3
-0.502252 0.428745 3.55905 8.94369e-39 3
-0.444747 0.428745 3.55905 9.40395e-39 3
-0.370405 0.410104 3.40431 8.482e-39 3
-0.302259 0.393016 3.26247 1.14323e-38 3
-0.187159 0.294762 2.44685 1.17092e-38 3
-0.10051 0.200689 1.66594 1.09716e-38 3
-0.0735931 0.200689 1.66594 1.2078e-38 3
-0.0487502 0.209609 1.73998 1.07872e-38 3
-0.0193468 0.196508 1.63123 1.09716e-38 3
0.00672928 0.188648 1.56598 1.16163e-38 3
0.0320315 0.188648 1.56598 1.12461e-38 3
0.0585039 0.192498 1.59794 2.21255e-38 3
0.0860792 0.196508 1.63123 1.03252e-38 3
0.114828 0.200689 1.66594 1.00493e-38 3
0.15141 0.214373 1.77953 1.94533e-38 3
0.188741 0.224581 1.86427 7.83663e-39 3
0.218863 0.224581 1.86427 5.99236e-39 3
0.243194 0.219358 1.82091 5.1626e-39 3
0.308486 0.248221 2.06051 4.1481e-39 3
0.360766 0.262011 2.17498 9.67949e-39 3
0.62159 0.349348 2.89997 1.3367e-38 3
0.694155 0.362784 3.01151 1.29063e-38 3
0.772526 0.377296 3.13197 1.33673e-38 3
0.823131 0.377296 3.13197 1.11543e-38 3
0.873735 0.377296 3.13197 1.36439e-38 3
0.888788 0.362784 3.01151 1.02334e-38 3
0.786245 0.304271 2.52578 1.1155e-38 3
0.80121 0.294762 2.44685 1.08784e-38 3
0.840745 0.294762 2.44685 1.08788e-38 3
1.40845 0.47162 3.91496 1.0233e-38 3
1.44476 0.410104 3.40431 9.77168e-39 3
1.18947 0.325255 2.69997 8.85008e-39 3
1.11749 0.294762 2.44685 1.15234e-38 3
1.15702 0.294762 2.44685 7.74408e-39 3
1.19656 0.294762 2.44685 7.92954e-39 3
1.27597 0.304271 2.52578 8.11465e-39 3
1.77479 0.410104 3.40431 8.75858e-39 3
2.00406 0.449162 3.72853 8.48271e-39 3
2.28159 0.496442 4.12101 9.03589e-39 3
0.722584 0.127465 1.0581 7.65296e-39 3
0.770934 0.132851 1.10281 8.11393e-39 3
-1.12067 0.211832 1.55048 8.29832e-39 3
-1.09561 0.211832 1.55048 7.92918e-39 3
-1.07056 0.211832 1.55048 8.94333e-39 3
-0.824973 0.167149 1.22343 8.39015e-39 3
-0.817986 0.169802 1.24284 9.58834e-39 3
-0.86669 0.18444 1.34999 8.02173e-39 3
-0.890962 0.1945 1.42362 7.65259e-39 3
-0.994538 0.222865 1.63123 7.28381e-39 3
-0.911229 0.209755 1.53528 8.94333e-39 3
-0.793116 0.187676 1.37367 8.7593e-39 3
-0.784687 0.191027 1.3982 9.40503e-39 3
-0.775952 0.1945 1.42362 9.03696e-39 3
-0.766893 0.198102 1.44999 9.95892e-39 3
-0.669119 0.178292 1.30499 9.49686e-39 3
-0.642678 0.176818 1.2942 9.4965e-39 3
-0.80036 0.227607 1.66594 1.08787e-38 3
-1.10157 0.324167 2.3727 9.77237e-39 3
-1.4705 0.465109 3.40431 1.01412e-38 3
-1.12264 0.36888 2.69997 1.07872e-38 3
-1.0094 0.345081 2.52578 1.12475e-38 3
-0.968588 0.345081 2.52578 1.25375e-38 3
-1.06523 0.396204 2.89997 1.22591e-38 3
-1.05754 0.411443 3.01151 1.24428e-38 3
-1.00888 0.411443 3.01151 1.25357e-38 3
-1.04024 0.445729 3.26247 1.09702e-38 3
-0.502252 0.48625 3.55905 1.0788e-38 3
-0.362386 0.396204 2.89997 1.02344e-38 3
-0.29377 0.36888 2.69997 9.03625e-39 3
-0.226694 0.334297 2.44685 1.05114e-38 3
-0.119782 0.21395 1.56598 1.20787e-38 3
-0.0944797 0.21395 1.56598 1.12489e-38 3
-0.071317 0.220567 1.61442 1.15255e-38 3
-0.0447706 0.218316 1.59794 1.13411e-38 3
-0.0168845 0.1945 1.42362 1.14333e-38 3
0.00560773 0.178292 1.30499 1.24468e-38 3
0.0266929 0.178292 1.30499 1.68711e-38 3
0.0530868 0.198102 1.44999 1.60413e-38 3
0.082636 0.21395 1.56598 1.05103e-38 3
0.112436 0.222865 1.63123 9.95784e-39 3
0.148045 0.237722 1.73998 1.16166e-38 3
0.193345 0.260915 1.90974 5.34735e-39 3
0.235699 0.274295 2.00767 4.70198e-39 3
0.275194 0.281513 2.06051 4.60907e-39 3
0.325624 0.297153 2.17498 5.06969e-39 3
0.360766 0.297153 2.17498 1.65016e-38 3
0.40722 0.305643 2.23712 1.51187e-38 3
0.470237 0.324167 2.3727 1.41045e-38 3
0.62159 0.396204 2.89997 1.42886e-38 3
0.694155 0.411443 3.01151 1.41049e-38 3
0.839702 0.465109 3.40431 1.33673e-38 3
0.894707 0.465109 3.40431 1.29056e-38 3
0.910141 0.445729 3.26247 1.75161e-38 3
0.888788 0.411443 3.01151 1.66874e-38 3
0.786245 0.345081 2.52578 1.0233e-38 3
0.80121 0.334297 2.44685 1.18922e-38 3
1.44476 0.465109 3.40431 1.00486e-38 3
1.07795 0.334297 2.44685 9.95679e-39 3
0.993323 0.297153 2.17498 1.49343e-38 3
1.00067 0.289122 2.11619 8.20506e-39 3
1.03486 0.289122 2.11619 7.65224e-39 3
1.06905 0.289122 2.11619 9.5887e-39 3
1.31678 0.345081 2.52578 1.0511e-38 3
1.82979 0.465109 3.40431 1.04185e-38 3
1.52935 0.356584 2.60997 9.68233e-39 3
1.0249 0.232554 1.70216 9.31355e-39 3
0.660836 0.135411 0.991129 8.7593e-39 3
0.67685 0.135411 0.991129 7.92954e-39 3
0.701747 0.137148 1.00384 8.48271e-39 3
0.788752 0.150669 1.10281 8.29832e-39 3
-1.07146 0.22153 1.44999 8.20576e-39 3
-1.08834 0.23005 1.50575 9.86529e-39 3
-1.11775 0.241669 1.5818 9.12772e-39 3
-1.06007 0.234561 1.53528 7.46819e-39 3
-0.926285 0.209871 1.37367 8.48235e-39 3
-0.896229 0.208046 1.36173 8.48235e-39 3
-0.897644 0.213618 1.3982 8.02137e-39 3
-0.890962 0.217502 1.42362 9.12772e-39 3
-0.900713 0.22571 1.47734 9.21992e-39 3
-0.801253 0.206252 1.34999 9.49686e-39 3
-0.793116 0.209871 1.37367 8.6671e-39 3
-0.764217 0.208046 1.36173 9.40467e-39 3
-0.742215 0.208046 1.36173 9.68233e-39 3
-0.696004 0.201052 1.31595 9.49794e-39 3
-0.647534 0.192945 1.26289 9.9582e-39 3
-0.598185 0.18404 1.2046 1.04192e-38 3
-0.569953 0.181252 1.18635 1.10638e-38 3
-0.550785 0.181252 1.18635 9.77273e-39 3
-0.575192 0.196109 1.28359 1.06021e-38 3
-0.890041 0.314806 2.06051 1.14326e-38 3
-1.01739 0.373832 2.44685 1.13404e-38 3
-0.977855 0.373832 2.44685 1.20773e-38 3
-0.93832 0.373832 2.44685 1.29985e-38 3
-0.927778 0.385891 2.52578 1.30889e-38 3
-0.916534 0.398754 2.60997 1.45633e-38 3
-0.971515 0.44306 2.89997 1.40112e-38 3
-0.960223 0.460101 3.01151 1.26308e-38 3
-0.315627 0.385891 2.52578 1.08794e-38 3
-0.193621 0.271878 1.77953 1.28163e-38 3
-0.1577 0.260057 1.70216 1.38304e-38 3
-0.116293 0.232284 1.52037 1.41992e-38 3
-0.0917279 0.232284 1.52037 1.32772e-38 3
-0.0671626 0.232284 1.52037 1.32772e-38 3
-0.0447706 0.244135 1.59794 1.25397e-38 3
-0.0154775 0.199377 1.30499 1.20787e-38 3
0.00517637 0.18404 1.2046 1.17099e-38 3
0.0239041 0.178547 1.16864 1.19854e-38 3
0.0427864 0.178547 1.16864 1.14323e-38 3
0.0765148 0.22153 1.44999 1.19861e-38 3
0.101829 0.22571 1.47734 1.0972e-38 3
0.138792 0.249221 1.63123 6.82284e-39 3
0.198178 0.299066 1.95748 1.86235e-38 3
0.25534 0.332295 2.17498 9.58798e-39 3
0.761675 0.373832 2.44685 1.06944e-38 3
0.712187 0.332295 2.17498 1.26298e-38 3
0.670689 0.284824 1.86427 1.28145e-38 3
0.993323 0.332295 2.17498 1.16152e-38 3
0.881541 0.284824 1.86427 1.43818e-38 3
0.797705 0.249221 1.63123 9.58835e-39 3
0.74632 0.22571 1.47734 1.02341e-38 3
0.77019 0.22571 1.47734 1.13404e-38 3
0.728262 0.189883 1.24284 1.05124e-38 3
0.748343 0.189883 1.24284 1.14337e-38 3
0.793619 0.196109 1.28359 9.95892e-39 3
0.835098 0.196109 1.28359 9.68126e-39 3
0.735297 0.168488 1.10281 9.49687e-39 3
0.685528 0.153367 1.00384 8.66711e-39 3
0.701747 0.153367 1.00384 7.65295e-39 3
1.83673 0.332295 2.17498 8.20541e-39 3
0.901048 0.151426 0.991129 5.90196e-39 3
0.917062 0.151426 0.991129 5.44098e-39 3
0.933076 0.151426 0.991129 5.99416e-39 3
0.94909 0.151426 0.991129 6.08563e-39 3
2.08788 0.265836 1.73998 3.77931e-39 3
-1.23175 0.275578 1.63123 1.01415e-38 3
-1.09167 0.24958 1.47734 9.58834e-39 3
-1.0678 0.24958 1.47734 9.86565e-39 3
-1.07434 0.256849 1.52037 1.01419e-38 3
-0.886285 0.216848 1.28359 1.03259e-38 3
-0.942826 0.236209 1.3982 8.85077e-39 3
-0.90409 0.232065 1.37367 9.40287e-39 3
-0.913964 0.240504 1.42362 8.94225e-39 3
-0.8597 0.232065 1.37367 9.86421e-39 3
-0.79563 0.220462 1.30499 1.02337e-38 3
-0.737662 0.209964 1.24284 1.02341e-38 3
-0.695501 0.203504 1.2046 1.00497e-38 3
-0.676038 0.203504 1.2046 9.86529e-39 3
-0.651563 0.20195 1.19541 9.12808e-39 3
-0.637111 0.203504 1.2046 1.12486e-38 3
-0.60829 0.20042 1.18635 1.0788e-38 3
-0.580329 0.197429 1.16864 1.04188e-38 3
-0.565668 0.198913 1.17743 9.49758e-39 3
-0.550785 0.20042 1.18635 1.08802e-38 3
-0.539795 0.203504 1.2046 1.1156e-38 3
-0.524365 0.205081 1.21394 1.06958e-38 3
-0.614273 0.24958 1.47734 1.06958e-38 3
-0.823456 0.348098 2.06051 1.06032e-38 3
-0.834062 0.367437 2.17498 1.17088e-38 3
-0.79892 0.367437 2.17498 1.21691e-38 3
-0.85925 0.413367 2.44685 1.34591e-38 3
-0.819716 0.413367 2.44685 1.33669e-38 3
-0.832193 0.440924 2.60997 1.20783e-38 3
-0.877803 0.489916 2.89997 1.18014e-38 3
-0.356437 0.426701 2.52578 1.36442e-38 3
-0.159097 0.215085 1.27316 1.33687e-38 3
-0.177486 0.275578 1.63123 1.39219e-38 3
-0.148045 0.269954 1.59794 1.39219e-38 3
-0.116293 0.256849 1.52037 1.36449e-38 3
-0.0917279 0.256849 1.52037 1.40141e-38 3
-0.0665168 0.254379 1.50575 1.33698e-38 3
-0.0398866 0.240504 1.42362 1.37389e-38 3
-0.0142869 0.203504 1.2046 1.33698e-38 3
0.00502185 0.197429 1.16864 1.3462e-38 3
0.0228797 0.188968 1.11856 1.32769e-38 3
0.0382225 0.17637 1.04399 1.29996e-38 3
0.0607618 0.194525 1.15146 1.36453e-38 3
0.0999428 0.244958 1.44999 9.40431e-39 3
0.119772 0.0650011 0.384763 1.24457e-38 3
0.131238 0.0645255 0.381947 1.6041e-38 3
0.155325 0.0698033 0.413188 1.44737e-38 3
0.166391 0.071695 0.424386 1.41971e-38 3
0.174192 0.0720857 0.426699 1.39212e-38 3
0.534526 0.178753 1.0581 1.10627e-38 3
0.559179 0.181202 1.07259 1.14312e-38 3
0.580485 0.182451 1.07999 1.14315e-38 3
0.59384 0.181202 1.07259 1.15241e-38 3
0.615385 0.182451 1.07999 1.04185e-38 3
0.637229 0.183719 1.08749 1.12493e-38 3
0.714328 0.20042 1.18635 1.14337e-38 3
0.756418 0.206683 1.22343 1.11571e-38 3
0.788506 0.209964 1.24284 1.06958e-38 3
0.771833 0.20042 1.18635 1.11564e-38 3
0.735297 0.186306 1.10281 1.11564e-38 3
0.722584 0.178753 1.0581 1.12482e-38 3
0.710861 0.171789 1.01687 1.10638e-38 3
0.727291 0.171789 1.01687 1.01422e-38 3
1.67348 0.348098 2.06051 7.00686e-39 3
1.7529 0.357506 2.11619 7.56039e-39 3
1.83673 0.367437 2.17498 8.02102e-39 3
1.87187 0.367437 2.17498 7.28345e-39 3
0.933076 0.16744 0.991129 6.36294e-39 3
0.986554 0.174049 1.03025 6.17855e-39 3
1.08919 0.188968 1.11856 6.17711e-39 3
1.19858 0.186306 1.10281 5.34771e-39 3
2.40591 0.348098 2.06051 4.24029e-39 3
2.15557 0.307622 1.82091 4.05554e-39 3
2.08788 0.29395 1.73998 4.51651e-39 3
2.07 0.287559 1.70216 3.68639e-39 3
2.0975 0.287559 1.70216 3.04066e-39 3
2.125 0.287559 1.70216 3.31797e-39 3
2.15251 0.287559 1.70216 4.14809e-39 3
2.18001 0.287559 1.70216 3.68783e-39 3
-1.37497 0.337043 1.82091 9.31211e-39 3
-1.20539 0.301934 1.63123 9.5887e-39 3
-1.0989 0.281414 1.52037 1.04181e-38 3
-1.07434 0.281414 1.52037 1.04177e-38 3
-0.87199 0.233756 1.26289 1.01412e-38 3
-0.851585 0.233756 1.26289 1.09702e-38 3
-0.858886 0.241547 1.30499 1.09702e-38 3
-0.745903 0.226451 1.22343 1.06936e-38 3
-0.683422 0.21313 1.15146 9.86384e-39 3
-0.627883 0.20129 1.08749 1.09702e-38 3
-0.610312 0.20129 1.08749 1.11553e-38 3
-0.623027 0.211574 1.14305 1.09709e-38 3
-0.613515 0.214709 1.15999 1.21702e-38 3
-0.590399 0.21313 1.15146 1.13408e-38 3
-0.567621 0.211574 1.14305 1.25393e-38 3
-0.55319 0.21313 1.15146 1.14341e-38 3
-0.542564 0.216311 1.16864 1.10653e-38 3
-0.539795 0.222967 1.2046 1.04203e-38 3
-0.524365 0.224695 1.21394 1.0144e-38 3
-0.508695 0.226451 1.22343 1.06965e-38 3
-0.590403 0.27345 1.47734 1.06043e-38 3
-0.698285 0.337043 1.82091 1.07887e-38 3
-0.668863 0.337043 1.82091 1.14333e-38 3
-0.639442 0.337043 1.82091 1.11567e-38 3
-0.582909 0.322063 1.73998 1.27233e-38 3
-0.509506 0.295772 1.59794 1.0511e-38 3
-0.401706 0.245641 1.32711 1.22631e-38 3
-0.325153 0.210041 1.13477 1.3368e-38 3
-0.294034 0.20129 1.08749 1.42892e-38 3
-0.276463 0.20129 1.08749 1.46566e-38 3
-0.262538 0.204125 1.10281 1.47488e-38 3
-0.25933 0.216311 1.16864 1.36435e-38 3
-0.240448 0.216311 1.16864 1.41048e-38 3
-0.218307 0.21313 1.15146 1.39215e-38 3
-0.201182 0.214709 1.15999 1.33673e-38 3
-0.182439 0.214709 1.15999 1.4197e-38 3
-0.168695 0.221265 1.19541 1.66856e-38 3
-0.15053 0.222967 1.2046 1.39205e-38 3
-0.167046 0.284173 1.53528 1.39204e-38 3
-0.142239 0.284173 1.53528 1.40123e-38 3
-0.116293 0.281414 1.52037 1.36439e-38 3
-0.0917279 0.281414 1.52037 1.32751e-38 3
-0.0665168 0.278709 1.50575 1.5674e-38 3
-0.0342775 0.226451 1.22343 1.41992e-38 3
-0.0138604 0.216311 1.16864 1.53974e-38 3
0.00480663 0.207041 1.11856 1.51212e-38 3
0.0213544 0.193238 1.04399 1.49368e-38 3
0.0358336 0.181161 0.97874 1.44747e-38 3
0.0516475 0.181161 0.97874 9.77273e-39 3
0.107075 0.0710434 0.38382 1.47509e-38 3
0.112724 0.0706968 0.381947 1.1155e-38 3
0.118606 0.0705248 0.381018 1.0878e-38 3
0.124763 0.0705248 0.381018 1.14308e-38 3
0.130601 0.0703536 0.380093 1.54878e-38 3
0.136411 0.0701833 0.379173 2.33251e-38 3
0.169141 0.0798504 0.431401 1.63179e-38 3
0.176112 0.0798504 0.431401 1.44748e-38 3
0.527399 0.193238 1.04399 1.25372e-38 3
0.544267 0.193238 1.04399 1.19851e-38 3
0.568719 0.195849 1.0581 1.25382e-38 3
0.597935 0.199901 1.07999 1.18929e-38 3
0.632843 0.205572 1.11063 1.15248e-38 3
0.655436 0.207041 1.11856 1.21709e-38 3
0.673509 0.207041 1.11856 1.15266e-38 3
0.744781 0.222967 1.2046 1.14333e-38 3
0.764244 0.222967 1.2046 1.07876e-38 3
0.771833 0.219589 1.18635 1.10642e-38 3
0.75661 0.210041 1.13477 1.15252e-38 3
0.753115 0.204125 1.10281 1.15245e-38 3
0.73968 0.195849 1.0581 1.11557e-38 3
0.736861 0.190695 1.03025 1.04188e-38 3
0.743721 0.188219 1.01687 1.06032e-38 3
0.731645 0.181161 0.97874 1.12486e-38 3
1.67348 0.381391 2.06051 9.86529e-39 3
1.7529 0.391698 2.11619 9.21992e-39 3
1.78709 0.391698 2.11619 8.482e-39 3
1.82128 0.391698 2.11619 7.00686e-39 3
1.90701 0.402579 2.17498 5.99343e-39 3
0.940882 0.188219 1.01687 7.37709e-39 3
0.933076 0.183454 0.991129 6.82392e-39 3
0.973742 0.188219 1.01687 6.27074e-39 3
1.0032 0.190695 1.03025 6.27002e-39 3
1.0765 0.20129 1.08749 6.17783e-39 3
1.14164 0.210041 1.13477 5.99451e-39 3
1.17704 0.21313 1.15146 6.1789e-39 3
1.19564 0.21313 1.15146 7.37637e-39 3
1.21425 0.21313 1.15146 6.45441e-39 3
1.16436 0.20129 1.08749 6.73028e-39 3
1.06374 0.181161 0.97874 6.73028e-39 3
2.57598 0.414081 2.23712 5.89981e-39 3
2.12615 0.337043 1.82091 5.62358e-39 3
2.10658 0.329383 1.77953 5.16224e-39 3
2.0425 0.315062 1.70216 4.05589e-39 3
2.07 0.315062 1.70216 5.25336e-39 3
2.14411 0.322063 1.73998 4.51687e-39 3
2.17222 0.322063 1.73998 5.53102e-39 3
2.20034 0.322063 1.73998 4.70126e-39 3
-1.37497 0.366464 1.82091 8.85113e-39 3
-1.20539 0.328291 1.63123 1.03263e-38 3
-1.17903 0.328291 1.63123 1.00493e-38 3
-1.08487 0.30898 1.53528 1.03255e-38 3
-0.63604 0.185388 0.921167 1.17078e-38 3
-0.851585 0.254161 1.26289 1.12468e-38 3
-0.700042 0.225114 1.11856 1.17985e-38 3
-0.57171 0.188718 0.937715 1.17063e-38 3
-0.615532 0.208715 1.03708 1.14297e-38 3
-0.606813 0.211516 1.051 1.15219e-38 3
-0.601952 0.215862 1.07259 1.14297e-38 3
-0.584621 0.215862 1.07259 1.18914e-38 3
-0.587408 0.223517 1.11063 1.29063e-38 3
-0.581843 0.228376 1.13477 1.30921e-38 3
-0.559454 0.226733 1.12661 1.17096e-38 3
-0.545173 0.228376 1.13477 1.07887e-38 3
-0.530683 0.230043 1.14305 1.125e-38 3
-0.501238 0.225114 1.11856 1.15277e-38 3
-0.483165 0.225114 1.11856 1.23574e-38 3
-0.471833 0.228376 1.13477 1.24489e-38 3
-0.460167 0.231735 1.15146 1.28177e-38 3
-0.492233 0.258327 1.28359 1.2633e-38 3
-0.553098 0.303038 1.50575 1.25408e-38 3
-0.509185 0.291814 1.44999 1.27248e-38 3
-0.444591 0.267084 1.32711 1.08809e-38 3
-0.300793 0.189855 0.943364 1.23553e-38 3
-0.333812 0.221943 1.10281 1.15255e-38 3
-0.303183 0.212945 1.0581 1.15248e-38 3
-0.274941 0.204649 1.01687 1.21695e-38 3
-0.276463 0.218861 1.08749 1.41048e-38 3
-0.262538 0.221943 1.10281 1.39201e-38 3
-0.25933 0.235193 1.16864 1.40123e-38 3
-0.240448 0.235193 1.16864 1.41045e-38 3
-0.218307 0.231735 1.15146 1.45658e-38 3
-0.198245 0.230043 1.14305 1.45658e-38 3
-0.177189 0.226733 1.12661 1.438e-38 3
-0.158986 0.226733 1.12661 1.41027e-38 3
-0.146036 0.235193 1.16864 1.56697e-38 3
-0.160742 0.29732 1.47734 1.47484e-38 3
-0.136872 0.29732 1.47734 1.55785e-38 3
-0.110909 0.291814 1.44999 1.46577e-38 3
-0.0882988 0.294541 1.46354 1.47498e-38 3
-0.0646518 0.294541 1.46354 1.47509e-38 3
-0.0327427 0.235193 1.16864 1.5674e-38 3
-0.0132664 0.225114 1.11856 1.52126e-38 3
0.00454681 0.212945 1.0581 1.48446e-38 3
0.0190664 0.187595 0.932133 1.40148e-38 3
0.0341272 0.187595 0.932133 9.40431e-39 3
0.0491881 0.187595 0.932133 1.38297e-38 3
0.0814583 0.0827189 0.411019 2.30482e-38 3
0.106553 0.0768681 0.381947 2.29564e-38 3
0.112177 0.0764949 0.380093 1.27223e-38 3
0.118032 0.0763097 0.379173 1.11543e-38 3
0.123859 0.0761254 0.378257 1.31829e-38 3
0.12997 0.0761254 0.378257 2.04664e-38 3
0.135754 0.075942 0.377346 2.28642e-38 3
0.143231 0.0766811 0.381018 2.28642e-38 3
0.497271 0.204649 1.01687 1.17078e-38 3
0.513701 0.204649 1.01687 1.17081e-38 3
0.537106 0.207342 1.03025 1.18929e-38 3
0.55742 0.208715 1.03708 1.29992e-38 3
0.5898 0.214394 1.0653 1.28155e-38 3
0.637363 0.225114 1.11856 1.24468e-38 3
0.664935 0.228376 1.13477 1.20794e-38 3
0.68327 0.228376 1.13477 1.18028e-38 3
0.733496 0.238757 1.18635 1.19872e-38 3
0.752664 0.238757 1.18635 1.22624e-38 3
0.771833 0.238757 1.18635 1.19861e-38 3
0.779195 0.235193 1.16864 1.0511e-38 3
0.763874 0.225114 1.11856 1.04181e-38 3
0.729817 0.210106 1.04399 1.09713e-38 3
0.727291 0.204649 1.01687 1.1894e-38 3
0.715832 0.196974 0.97874 1.0972e-38 3
0.731645 0.196974 0.97874 1.07876e-38 3
0.747459 0.196974 0.97874 1.13408e-38 3
1.67348 0.414683 2.06051 1.10638e-38 3
1.7529 0.425891 2.11619 1.1156e-38 3
1.78709 0.425891 2.11619 1.06025e-38 3
1.82128 0.425891 2.11619 1.05103e-38 3
1.80665 0.414683 2.06051 1.01422e-38 3
0.969908 0.207342 1.03025 8.02246e-39 3
0.986554 0.207342 1.03025 7.56148e-39 3
1.01658 0.210106 1.04399 7.56076e-39 3
1.03344 0.210106 1.04399 7.56148e-39 3
1.09408 0.218861 1.08749 6.36294e-39 3
1.11165 0.218861 1.08749 5.3495e-39 3
1.12922 0.218861 1.08749 4.98072e-39 3
1.14679 0.218861 1.08749 6.2711e-39 3
1.13289 0.212945 1.0581 7.37637e-39 3
1.0772 0.199468 0.991129 7.28345e-39 3
2.37262 0.414683 2.06051 6.63737e-39 3
2.07783 0.358135 1.77953 6.17675e-39 3
2.05977 0.350177 1.73998 6.26859e-39 3
2.0425 0.342564 1.70216 5.07004e-39 3
2.07 0.342564 1.70216 5.06896e-39 3
2.0975 0.342564 1.70216 4.14808e-39 3
2.17222 0.350177 1.73998 4.24064e-39 3
-0.793326 0.20634 0.949081 8.76038e-39 3
-0.773305 0.205097 0.943364 8.85185e-39 3
-1.5226 0.447975 2.06051 8.3898e-39 3
-1.48931 0.447975 2.06051 9.40324e-39 3
-0.63604 0.200271 0.921167 9.58726e-39 3
-0.621156 0.200271 0.921167 1.08773e-38 3
-0.606272 0.200271 0.921167 1.10617e-38 3
-0.718115 0.243187 1.11856 1.22591e-38 3
-0.700042 0.243187 1.11856 1.35495e-38 3
-0.593016 0.211467 0.972661 1.32729e-38 3
-0.615532 0.225471 1.03708 1.27194e-38 3
-0.606813 0.228498 1.051 1.34559e-38 3
-0.597857 0.231606 1.0653 1.23506e-38 3
-0.57285 0.228498 1.051 1.33658e-38 3
-0.567291 0.233193 1.07259 1.38275e-38 3
-0.569463 0.241462 1.11063 1.27226e-38 3
-0.547634 0.239762 1.10281 1.18936e-38 3
-0.526111 0.238085 1.09509 1.24482e-38 3
-0.494582 0.231606 1.0653 1.18028e-38 3
-0.464724 0.225471 1.03708 1.2634e-38 3
-0.447968 0.225471 1.03708 1.2633e-38 3
-0.428374 0.223988 1.03025 1.18954e-38 3
-0.440723 0.239762 1.10281 1.13419e-38 3
-0.435163 0.246711 1.13477 1.13422e-38 3
-0.416828 0.246711 1.13477 1.11578e-38 3
-0.339457 0.210161 0.966657 1.2356e-38 3
-0.32585 0.211467 0.972661 1.2817e-38 3
-0.304461 0.207598 0.954868 1.30928e-38 3
-0.289033 0.207598 0.954868 1.42914e-38 3
-0.273604 0.207598 0.954868 1.29999e-38 3
-0.271416 0.218244 1.00384 1.19858e-38 3
-0.292726 0.250339 1.15146 1.34606e-38 3
-0.27212 0.248512 1.14305 1.36449e-38 3
-0.253651 0.248512 1.14305 1.36449e-38 3
-0.235182 0.248512 1.14305 1.56732e-38 3
-0.218307 0.250339 1.15146 1.44736e-38 3
-0.195392 0.244936 1.12661 1.45655e-38 3
-0.168694 0.233193 1.07259 1.62232e-38 3
-0.148316 0.228498 1.051 1.696e-38 3
-0.127071 0.221079 1.01687 1.63136e-38 3
-0.105177 0.210161 0.966657 1.60373e-38 3
-0.108272 0.254076 1.16864 1.62232e-38 3
-0.0893895 0.254076 1.16864 1.62239e-38 3
-0.0594212 0.214127 0.984896 1.55785e-38 3
-0.0424402 0.208872 0.960726 1.85306e-38 3
-0.0264309 0.205097 0.943364 1.71491e-38 3
-0.0111885 0.205097 0.943364 1.51197e-38 3
0.00398182 0.201456 0.926618 1.59506e-38 3
0.0181997 0.193444 0.889764 1.55821e-38 3
0.03203 0.190202 0.874851 1.4936e-38 3
0.0994119 0.082237 0.378257 2.31411e-38 3
0.104764 0.0816454 0.375536 2.24028e-38 3
0.11004 0.0810622 0.372853 2.17575e-38 3
0.115789 0.0808697 0.371968 1.26301e-38 3
0.121799 0.0808697 0.371968 1.18918e-38 3
0.128419 0.0812557 0.373743 1.7608e-38 3
0.134138 0.0810622 0.372853 2.28642e-38 3
0.140833 0.0814501 0.374637 2.28642e-38 3
0.484681 0.215482 0.991129 1.21695e-38 3
0.497547 0.214127 0.984896 1.21691e-38 3
0.530131 0.221079 1.01687 1.29074e-38 3
0.546561 0.221079 1.01687 1.19854e-38 3
0.570399 0.223988 1.03025 1.12479e-38 3
0.583208 0.222524 1.02352 1.19861e-38 3
0.588212 0.218244 1.00384 1.05125e-38 3
0.608331 0.219653 1.01031 1.13426e-38 3
0.624655 0.219653 1.01031 1.08809e-38 3
0.752664 0.257925 1.18635 1.06954e-38 3
0.771833 0.257925 1.18635 1.10642e-38 3
0.779195 0.254076 1.16864 1.01422e-38 3
0.763874 0.243187 1.11856 1.11557e-38 3
0.729817 0.226974 1.04399 1.15245e-38 3
0.727291 0.221079 1.01687 1.15245e-38 3
0.724893 0.215482 0.991129 1.1801e-38 3
0.731645 0.212788 0.97874 1.07869e-38 3
0.747459 0.212788 0.97874 1.04181e-38 3
0.763273 0.212788 0.97874 1.06947e-38 3
0.799064 0.218244 1.00384 1.12479e-38 3
0.825871 0.221079 1.01687 9.86493e-39 3
0.864763 0.226974 1.04399 1.03259e-38 3
1.74006 0.447975 2.06051 1.06025e-38 3
1.77335 0.447975 2.06051 9.31176e-39 3
1.56028 0.386888 1.77953 9.40467e-39 3
0.992437 0.233193 1.07259 1.00508e-38 3
0.98284 0.226974 1.04399 9.03661e-39 3
0.986554 0.223988 1.03025 7.56148e-39 3
1.01658 0.226974 1.04399 7.93026e-39 3
1.03344 0.226974 1.04399 7.83807e-39 3
1.03649 0.223988 1.03025 7.83879e-39 3
1.06718 0.226974 1.04399 7.28561e-39 3
1.08405 0.226974 1.04399 6.91791e-39 3
1.11579 0.230041 1.0581 7.28561e-39 3
1.13289 0.230041 1.0581 7.37637e-39 3
2.31178 0.436489 2.00767 4.42539e-39 3
2.34422 0.436489 2.00767 6.08456e-39 3
2.10658 0.386888 1.77953 5.34663e-39 3
2.08788 0.37829 1.73998 6.26859e-39 3
2.116 0.37829 1.73998 6.36006e-39 3
2.14411 0.37829 1.73998 6.17639e-39 3
-0.906395 0.243842 1.04399 8.3898e-39 3
-0.813591 0.223027 0.954868 8.57491e-39 3
-0.788547 0.22034 0.943364 8.57491e-39 3
-0.755109 0.215155 0.921167 8.57491e-39 3
-0.703007 0.204337 0.874851 8.85113e-39 3
-1.5226 0.481268 2.06051 1.06021e-38 3
-1.15497 0.373228 1.59794 1.02333e-38 3
-0.614761 0.203202 0.869991 1.0417e-38 3
-0.63232 0.213897 0.91578 1.03237e-38 3
-0.617523 0.213897 0.91578 1.16141e-38 3
-0.602727 0.213897 0.91578 1.16138e-38 3
-0.581133 0.211424 0.905193 1.13383e-38 3
-0.573134 0.213897 0.91578 1.15219e-38 3
-0.57171 0.21902 0.937715 1.25361e-38 3
-0.595804 0.234464 1.00384 1.26279e-38 3
-0.587112 0.237509 1.01687 1.21666e-38 3
-0.5859 0.243842 1.04399 1.21666e-38 3
-0.547146 0.234464 1.00384 1.20751e-38 3
-0.548507 0.242228 1.03708 1.31818e-38 3
-0.549961 0.250523 1.07259 1.32744e-38 3
-0.53263 0.250523 1.07259 1.24453e-38 3
-0.501559 0.243842 1.04399 1.32765e-38 3
-0.472101 0.237509 1.01687 1.26319e-38 3
-0.425293 0.221675 0.949081 1.3646e-38 3
-0.41755 0.22578 0.966657 1.25404e-38 3
-0.412107 0.231496 0.991129 1.34627e-38 3
-0.396093 0.231496 0.991129 1.42918e-38 3
-0.361762 0.22034 0.943364 1.31858e-38 3
-0.34652 0.22034 0.943364 1.37393e-38 3
-0.331277 0.22034 0.943364 1.3278e-38 3
-0.32585 0.227182 0.972661 1.26329e-38 3
-0.306329 0.224395 0.960726 1.24475e-38 3
-0.290806 0.224395 0.960726 1.21709e-38 3
-0.273604 0.223027 0.954868 1.16177e-38 3
-0.253538 0.21902 0.937715 1.43836e-38 3
-0.248817 0.228602 0.97874 1.22631e-38 3
-0.233003 0.228602 0.97874 1.29081e-38 3
-0.246455 0.259407 1.11063 1.18939e-38 3
-0.226901 0.25758 1.10281 1.34609e-38 3
-0.203355 0.250523 1.07259 1.3368e-38 3
-0.18351 0.247138 1.0581 1.29067e-38 3
-0.160976 0.239061 1.02352 1.27216e-38 3
-0.144439 0.239061 1.02352 1.42882e-38 3
-0.120796 0.22578 0.966657 1.62225e-38 3
-0.0996412 0.213897 0.91578 1.53927e-38 3
-0.0848446 0.213897 0.91578 1.69604e-38 3
-0.0692381 0.211424 0.905193 1.58537e-38 3
-0.057963 0.224395 0.960726 1.55785e-38 3
-0.0421814 0.223027 0.954868 1.687e-38 3
-0.0261162 0.217716 0.932133 1.55796e-38 3
-0.0107982 0.212653 0.910456 1.47499e-38 3
0.00380185 0.206646 0.884737 1.76083e-38 3
0.0180969 0.206646 0.884737 1.63183e-38 3
0.0851925 0.0928334 0.397458 2.28645e-38 3
0.0900152 0.0912129 0.39052 2.28645e-38 3
0.0942105 0.0892106 0.381947 2.28645e-38 3
0.0972968 0.0864689 0.370209 2.22191e-38 3
0.102792 0.086062 0.368467 2.32329e-38 3
0.108236 0.0856589 0.366741 1.83466e-38 3
0.11363 0.0852596 0.365031 2.04667e-38 3
0.12037 0.08586 0.367602 1.96366e-38 3
0.126309 0.08586 0.367602 1.84381e-38 3
0.13256 0.086062 0.368467 2.30486e-38 3
0.138513 0.086062 0.368467 2.24028e-38 3
0.183176 0.104803 0.448706 2.20351e-38 3
0.192077 0.105712 0.452597 1.77012e-38 3
0.464119 0.221675 0.949081 1.1801e-38 3
0.468106 0.216428 0.926618 1.20776e-38 3
0.485953 0.217716 0.932133 1.34613e-38 3
0.522797 0.227182 0.972661 1.30925e-38 3
0.552233 0.23297 0.997442 1.25404e-38 3
0.575683 0.235977 1.01031 1.10653e-38 3
0.573506 0.228602 0.97874 1.11578e-38 3
0.561257 0.217716 0.932133 1.15277e-38 3
0.586797 0.221675 0.949081 1.14344e-38 3
0.65363 0.240634 1.03025 1.33684e-38 3
0.760313 0.272958 1.16864 1.18018e-38 3
0.779195 0.272958 1.16864 1.18028e-38 3
0.753115 0.25758 1.10281 9.31355e-39 3
0.720214 0.240634 1.03025 1.02348e-38 3
0.708879 0.231496 0.991129 1.01426e-38 3
0.715832 0.228602 0.97874 1.03266e-38 3
0.731645 0.228602 0.97874 8.48236e-39 3
0.742817 0.227182 0.972661 1.03259e-38 3
0.763273 0.228602 0.97874 1.04181e-38 3
0.793974 0.23297 0.997442 1.08791e-38 3
0.785087 0.22578 0.966657 1.10635e-38 3
0.800706 0.22578 0.966657 1.06025e-38 3
0.87003 0.240634 1.03025 1.04181e-38 3
0.886677 0.240634 1.03025 1.04181e-38 3
1.1073 0.294971 1.26289 9.40467e-39 3
1.42689 0.373228 1.59794 9.68126e-39 3
1.14811 0.294971 1.26289 9.12881e-39 3
0.972455 0.245479 1.051 9.221e-39 3
0.98284 0.243842 1.04399 8.85258e-39 3
1.11079 0.270936 1.15999 8.85258e-39 3
1.12953 0.270936 1.15999 8.3898e-39 3
1.14827 0.270936 1.15999 8.39016e-39 3
1.00992 0.234464 1.00384 7.83807e-39 3
1.02614 0.234464 1.00384 7.6544e-39 3
1.04235 0.234464 1.00384 7.1023e-39 3
1.07232 0.237509 1.01687 7.37781e-39 3
2.20615 0.481268 2.06051 6.82427e-39 3
2.31178 0.468928 2.00767 4.79417e-39 3
-0.860501 0.24751 0.991129 9.58834e-39 3
-0.803789 0.235582 0.943364 8.85149e-39 3
-0.769993 0.230039 0.921167 8.8515e-39 3
-0.746329 0.227364 0.910456 8.2976e-39 3
-0.699102 0.217259 0.869991 8.85078e-39 3
-0.662947 0.21025 0.841927 9.4965e-39 3
-0.642435 0.208014 0.83297 9.49615e-39 3
-0.628977 0.208014 0.83297 9.58798e-39 3
-0.60585 0.204747 0.819887 9.2192e-39 3
-0.583439 0.20158 0.807208 1.05092e-38 3
-0.588601 0.208014 0.83297 1.01397e-38 3
-0.60406 0.218473 0.874851 1.00475e-38 3
-0.59998 0.222197 0.889764 1.06929e-38 3
-0.592335 0.224751 0.899991 1.04163e-38 3
-0.571228 0.222197 0.889764 1.11539e-38 3
-0.566508 0.22605 0.905193 1.14304e-38 3
-0.564945 0.2314 0.926618 1.26293e-38 3
-0.549973 0.2314 0.926618 1.17996e-38 3
-0.579584 0.250683 1.00384 1.17996e-38 3
-0.563365 0.250683 1.00384 1.20762e-38 3
-0.536822 0.245953 0.984896 1.23524e-38 3
-0.517653 0.244416 0.97874 1.24446e-38 3
-0.501839 0.244416 0.97874 1.25368e-38 3
-0.486025 0.244416 0.97874 1.29985e-38 3
-0.482268 0.250683 1.00384 1.29981e-38 3
-0.437973 0.235582 0.943364 1.35524e-38 3
-0.415227 0.2314 0.926618 1.3368e-38 3
-0.402638 0.232777 0.932133 1.47513e-38 3
-0.385284 0.2314 0.926618 1.44754e-38 3
-0.365981 0.228694 0.91578 1.54892e-38 3
-0.351184 0.228694 0.91578 1.45676e-38 3
-0.334432 0.227364 0.910456 1.29081e-38 3
-0.321591 0.228694 0.91578 1.37389e-38 3
-0.310425 0.2314 0.926618 1.39233e-38 3
-0.295453 0.2314 0.926618 1.13419e-38 3
-0.28384 0.234171 0.937715 1.29092e-38 3
-0.270308 0.235582 0.943364 1.39233e-38 3
-0.250538 0.2314 0.926618 1.38311e-38 3
-0.235566 0.2314 0.926618 1.38304e-38 3
-0.230126 0.241399 0.966657 1.35538e-38 3
-0.24472 0.275399 1.10281 1.36453e-38 3
-0.225315 0.273473 1.09509 1.38297e-38 3
-0.200607 0.264234 1.0581 1.71487e-38 3
-0.18351 0.264234 1.0581 1.41063e-38 3
-0.153933 0.244416 0.97874 1.53963e-38 3
-0.131542 0.232777 0.932133 1.56722e-38 3
-0.115111 0.230039 0.921167 1.5119e-38 3
-0.0936189 0.214871 0.860431 1.34595e-38 3
-0.0797166 0.214871 0.860431 1.64097e-38 3
-0.064747 0.211387 0.846478 1.46555e-38 3
-0.0521987 0.216058 0.865185 1.52105e-38 3
-0.0382196 0.216058 0.865185 1.50261e-38 3
-0.0252156 0.224751 0.899991 1.2168e-38 3
-0.0102049 0.214871 0.860431 1.48417e-38 3
0.00369741 0.214871 0.860431 1.62253e-38 3
0.0177953 0.217259 0.869991 1.65952e-38 3
0.0847623 0.098754 0.395451 2.28645e-38 3
0.0910998 0.0922325 0.369336 2.29567e-38 3
0.0950497 0.0903155 0.361659 2.27723e-38 3
0.100199 0.089694 0.359171 2.26801e-38 3
0.105518 0.0892844 0.357531 2.01905e-38 3
0.111041 0.0890811 0.356716 2.20344e-38 3
0.117072 0.0892844 0.357531 2.29564e-38 3
0.123412 0.089694 0.359171 2.20341e-38 3
0.129512 0.0899002 0.359996 1.88994e-38 3
0.136269 0.0905245 0.362496 1.97288e-38 3
0.1405 0.0894888 0.358349 2.12965e-38 3
0.181101 0.110784 0.443622 1.98217e-38 3
0.189882 0.111733 0.447424 2.01912e-38 3
0.197676 0.112053 0.448706 2.185e-38 3
0.465352 0.230039 0.921167 1.2723e-38 3
0.474652 0.227364 0.910456 1.36457e-38 3
0.49512 0.230039 0.921167 1.37379e-38 3
0.513021 0.2314 0.926618 1.31858e-38 3
0.518784 0.227364 0.910456 1.31858e-38 3
0.498701 0.212536 0.851078 1.2634e-38 3
0.49627 0.205824 0.824202 1.07908e-38 3
0.504278 0.20368 0.815617 1.05135e-38 3
0.574287 0.22605 0.905193 1.25404e-38 3
0.578875 0.222197 0.889764 1.14337e-38 3
0.678001 0.253939 1.01687 1.254e-38 3
0.618164 0.22605 0.905193 1.21716e-38 3
0.640191 0.228694 0.91578 1.13422e-38 3
0.651179 0.227364 0.910456 1.00511e-38 3
0.66589 0.227364 0.910456 1.13419e-38 3
0.692682 0.2314 0.926618 1.12486e-38 3
0.707654 0.2314 0.926618 9.40467e-39 3
0.722626 0.2314 0.926618 8.48272e-39 3
0.774248 0.242898 0.972661 8.85186e-39 3
0.804963 0.24751 0.991129 7.65224e-39 3
0.831503 0.250683 1.00384 9.12737e-39 3
0.847722 0.250683 1.00384 8.20541e-39 3
0.863941 0.250683 1.00384 1.06025e-38 3
0.847562 0.241399 0.966657 9.95784e-39 3
0.873971 0.244416 0.97874 9.6809e-39 3
0.918487 0.252301 1.01031 9.77346e-39 3
0.934811 0.252301 1.01031 8.02174e-39 3
0.989436 0.26246 1.051 9.58906e-39 3
1.11908 0.29184 1.16864 8.66711e-39 3
1.13796 0.29184 1.16864 8.66639e-39 3
0.968854 0.244416 0.97874 8.66639e-39 3
0.972512 0.241399 0.966657 8.20613e-39 3
1.01315 0.24751 0.991129 7.65368e-39 3
1.04235 0.250683 1.00384 7.19342e-39 3
2.03789 0.454728 1.82091 7.65296e-39 3
-0.805171 0.242074 0.910456 8.75858e-39 3
-0.790461 0.242074 0.910456 8.75858e-39 3
-0.784876 0.244922 0.921167 8.39016e-39 3
-0.752292 0.239292 0.899991 7.83663e-39 3
-0.717143 0.232608 0.874851 8.482e-39 3
-0.672932 0.222657 0.837425 9.31176e-39 3
-0.659402 0.222657 0.837425 9.58906e-39 3
-0.635673 0.219141 0.824202 8.66567e-39 3
-0.622356 0.219141 0.824202 9.58798e-39 3
-0.599572 0.215735 0.811391 9.6791e-39 3
-0.577486 0.212433 0.798972 1.00482e-38 3
-0.567472 0.213522 0.803069 9.40215e-39 3
-0.587645 0.226287 0.851078 1.05085e-38 3
-0.586647 0.231316 0.869991 1.06932e-38 3
-0.585604 0.236573 0.889764 1.07854e-38 3
-0.564809 0.233915 0.879766 1.04167e-38 3
-0.556851 0.236573 0.889764 1.14319e-38 3
-0.542475 0.236573 0.889764 1.15244e-38 3
-0.537257 0.240675 0.905193 1.13397e-38 3
-0.486103 0.223854 0.841927 1.16159e-38 3
-0.4725 0.223854 0.841927 1.12468e-38 3
-0.451612 0.220301 0.828563 1.12471e-38 3
-0.438225 0.220301 0.828563 1.22602e-38 3
-0.427097 0.221472 0.83297 1.25368e-38 3
-0.418086 0.223854 0.841927 1.309e-38 3
-0.404483 0.223854 0.841927 1.30889e-38 3
-0.39947 0.228774 0.860431 1.40109e-38 3
-0.398712 0.236573 0.889764 1.25368e-38 3
-0.377895 0.232608 0.874851 1.31822e-38 3
-0.374212 0.239292 0.899991 1.19836e-38 3
-0.353575 0.235236 0.884737 1.3368e-38 3
-0.337373 0.233915 0.879766 1.3829e-38 3
-0.317802 0.230038 0.865185 1.42903e-38 3
-0.303823 0.230038 0.865185 1.25393e-38 3
-0.294729 0.233915 0.879766 1.23549e-38 3
-0.283702 0.236573 0.889764 1.39233e-38 3
-0.269326 0.236573 0.889764 1.36467e-38 3
-0.26551 0.246372 0.926618 1.26326e-38 3
-0.246168 0.242074 0.910456 1.31858e-38 3
-0.231457 0.242074 0.910456 1.37389e-38 3
-0.211821 0.236573 0.889764 1.46609e-38 3
-0.209339 0.250824 0.943364 1.37382e-38 3
-0.187326 0.242074 0.910456 1.33691e-38 3
-0.165865 0.232608 0.874851 1.38301e-38 3
-0.150053 0.230038 0.865185 1.4291e-38 3
-0.139939 0.236573 0.889764 1.38301e-38 3
-0.123459 0.232608 0.874851 1.47517e-38 3
-0.108115 0.230038 0.865185 1.54896e-38 3
-0.0911158 0.222657 0.837425 1.46598e-38 3
-0.0767641 0.220301 0.828563 1.4752e-38 3
-0.0633767 0.220301 0.828563 1.58576e-38 3
-0.0499893 0.220301 0.828563 1.50279e-38 3
-0.0352946 0.212433 0.798972 1.51197e-38 3
-0.0223853 0.212433 0.798972 1.51186e-38 3
-0.00982697 0.220301 0.828563 1.62246e-38 3
0.00363745 0.225064 0.846478 1.59491e-38 3
0.0755125 0.101306 0.381018 2.28645e-38 3
0.0857389 0.0988998 0.371968 2.28645e-38 3
0.0894127 0.0963815 0.362496 2.28645e-38 3
0.0992881 0.0946291 0.355906 2.28645e-38 3
0.104563 0.0942009 0.354295 2.28645e-38 3
0.110288 0.0942009 0.354295 2.26801e-38 3
0.116012 0.0942009 0.354295 2.29567e-38 3
0.12229 0.0946291 0.355906 2.28645e-38 3
0.128332 0.0948447 0.356716 2.11124e-38 3
0.135019 0.0954973 0.359171 1.81618e-38 3
0.1405 0.0952788 0.358349 1.88994e-38 3
0.189882 0.118962 0.447424 2.27727e-38 3
0.197111 0.118962 0.447424 2.28645e-38 3
0.470892 0.247838 0.932133 1.28152e-38 3
0.477428 0.24349 0.91578 1.37375e-38 3
0.489362 0.242074 0.910456 1.35535e-38 3
0.504073 0.242074 0.910456 1.35542e-38 3
0.490279 0.228774 0.860431 1.34624e-38 3
0.488091 0.221472 0.83297 1.28173e-38 3
0.4911 0.216858 0.815617 1.24496e-38 3
0.501666 0.215735 0.811391 1.32794e-38 3
0.52567 0.220301 0.828563 1.14341e-38 3
0.541925 0.221472 0.83297 1.18018e-38 3
0.555384 0.221472 0.83297 1.16181e-38 3
0.584385 0.227524 0.855729 1.125e-38 3
0.601498 0.228774 0.860431 1.07901e-38 3
0.622238 0.231316 0.869991 1.13422e-38 3
0.636295 0.231316 0.869991 1.03281e-38 3
0.646758 0.230038 0.865185 9.49831e-39 3
0.695311 0.242074 0.910456 1.0143e-38 3
0.705917 0.240675 0.905193 1.07883e-38 3
0.779087 0.26023 0.97874 1.03263e-38 3
0.794901 0.26023 0.97874 9.31248e-39 3
0.820977 0.263524 0.991129 9.12737e-39 3
0.836991 0.263524 0.991129 8.57419e-39 3
0.842343 0.26023 0.97874 7.46784e-39 3
0.832152 0.252344 0.949081 7.46856e-39 3
0.852654 0.253883 0.954868 7.46856e-39 3
0.895381 0.261867 0.984896 8.11393e-39 3
0.911294 0.261867 0.984896 9.03589e-39 3
0.945038 0.266903 1.00384 8.57491e-39 3
0.937226 0.26023 0.97874 7.09978e-39 3
0.941274 0.257017 0.966657 7.83663e-39 3
0.824557 0.221472 0.83297 8.94297e-39 3
0.772289 0.204102 0.767639 7.28345e-39 3
0.930681 0.242074 0.910456 7.37565e-39 3
1.0163 0.26023 0.97874 7.83771e-39 3
1.04517 0.263524 0.991129 6.27074e-39 3
-0.805171 0.256785 0.910456 7.37565e-39 3
-0.790461 0.256785 0.910456 9.03517e-39 3
-0.77575 0.256785 0.910456 8.85077e-39 3
-0.735386 0.248129 0.879766 8.66603e-39 3
-0.709218 0.244017 0.865185 8.482e-39 3
-0.669353 0.234931 0.83297 8.85114e-39 3
-0.652424 0.233688 0.828563 9.58871e-39 3
-0.629051 0.230037 0.815617 9.67982e-39 3
-0.609524 0.227665 0.807208 9.68018e-39 3
-0.590395 0.225342 0.798972 9.49471e-39 3
-0.574554 0.224198 0.794916 1.06936e-38 3
-0.56171 0.224198 0.794916 1.04163e-38 3
-0.578218 0.236187 0.837425 1.08776e-38 3
-0.57703 0.24135 0.855729 1.06932e-38 3
-0.579024 0.248129 0.879766 1.0049e-38 3
-0.558534 0.245372 0.869991 9.86421e-39 3
-0.544477 0.245372 0.869991 1.19851e-38 3
-0.53042 0.245372 0.869991 1.13404e-38 3
-0.553246 0.262899 0.932133 1.06958e-38 3
-0.480932 0.234931 0.83297 1.12482e-38 3
-0.467473 0.234931 0.83297 1.17085e-38 3
-0.444556 0.230037 0.815617 1.14308e-38 3
-0.431378 0.230037 0.815617 1.18e-38 3
-0.413888 0.227665 0.807208 1.24446e-38 3
-0.400846 0.227665 0.807208 1.40109e-38 3
-0.385814 0.226498 0.803069 1.3457e-38 3
-0.386721 0.234931 0.83297 1.26272e-38 3
-0.377276 0.237457 0.841927 1.33644e-38 3
-0.363673 0.237457 0.841927 1.35492e-38 3
-0.350069 0.237457 0.841927 1.37335e-38 3
-0.351588 0.248129 0.879766 1.32747e-38 3
-0.335489 0.246743 0.874851 1.40123e-38 3
-0.314329 0.24135 0.855729 1.17085e-38 3
-0.300503 0.24135 0.855729 1.13401e-38 3
-0.289844 0.244017 0.865185 1.21705e-38 3
-0.275865 0.244017 0.865185 1.46609e-38 3
-0.260447 0.242676 0.860431 1.40159e-38 3
-0.263948 0.259806 0.921167 1.38315e-38 3
-0.246168 0.256785 0.910456 1.51226e-38 3
-0.231457 0.256785 0.910456 1.44765e-38 3
-0.207114 0.245372 0.869991 1.36467e-38 3
-0.193057 0.245372 0.869991 1.50297e-38 3
-0.179 0.245372 0.869991 1.4291e-38 3
-0.160485 0.238741 0.846478 1.31847e-38 3
-0.145238 0.236187 0.837425 1.41999e-38 3
-0.132416 0.237457 0.841927 1.40152e-38 3
-0.118177 0.236187 0.837425 1.40152e-38 3
-0.102994 0.232458 0.824202 1.41996e-38 3
-0.0882831 0.228845 0.811391 1.41077e-38 3
-0.0747857 0.227665 0.807208 1.503e-38 3
-0.0617433 0.227665 0.807208 1.63201e-38 3
-0.0492082 0.230037 0.815617 1.65967e-38 3
-0.0347625 0.221945 0.786927 1.59509e-38 3
-0.0219376 0.220835 0.782992 1.6135e-38 3
-0.00924028 0.219737 0.779097 1.62261e-38 3
0.0702104 0.108786 0.38571 2.28645e-38 3
0.0742479 0.105663 0.374637 2.28645e-38 3
0.0803011 0.105663 0.374637 2.28645e-38 3
0.0847326 0.103678 0.367602 2.28645e-38 3
0.0883897 0.101069 0.358349 2.28645e-38 3
0.0935376 0.10038 0.355906 2.28645e-38 3
0.0988388 0.0999254 0.354295 2.28645e-38 3
0.104327 0.0996999 0.353495 2.29567e-38 3
0.109791 0.0994753 0.352699 2.28645e-38 3
0.11549 0.0994753 0.352699 2.28645e-38 3
0.121737 0.0999254 0.354295 2.29567e-38 3
0.12775 0.100152 0.355098 2.29567e-38 3
0.134096 0.100608 0.356716 2.2772e-38 3
0.13986 0.100608 0.356716 2.31404e-38 3
0.197111 0.126192 0.447424 2.28645e-38 3
0.206703 0.12765 0.452597 2.25879e-38 3
0.468106 0.261343 0.926618 1.32762e-38 3
0.469196 0.253834 0.899991 1.37375e-38 3
0.472867 0.248129 0.879766 1.34609e-38 3
0.473774 0.24135 0.855729 1.28163e-38 3
0.474632 0.234931 0.83297 1.36464e-38 3
0.477922 0.230037 0.815617 1.38308e-38 3
0.486037 0.227665 0.807208 1.27248e-38 3
0.493987 0.225342 0.798972 1.31858e-38 3
0.512122 0.227665 0.807208 1.24471e-38 3
0.527886 0.228845 0.811391 1.22627e-38 3
0.540996 0.228845 0.811391 1.13411e-38 3
0.565833 0.233688 0.828563 1.30017e-38 3
0.57922 0.233688 0.828563 1.23575e-38 3
0.598946 0.236187 0.837425 1.03291e-38 3
0.706994 0.272636 0.966657 1.19876e-38 3
0.722613 0.272636 0.966657 1.21723e-38 3
0.729229 0.269311 0.954868 1.14344e-38 3
0.744657 0.269311 0.954868 1.11578e-38 3
0.760085 0.269311 0.954868 1.07883e-38 3
0.76617 0.266066 0.943364 1.24471e-38 3
0.790941 0.269311 0.954868 9.86493e-39 3
0.816325 0.272636 0.966657 7.37601e-39 3
0.831944 0.272636 0.966657 9.68054e-39 3
0.817292 0.262899 0.932133 1.03263e-38 3
0.832353 0.262899 0.932133 9.49687e-39 3
0.889785 0.276044 0.97874 8.66639e-39 3
0.872866 0.266066 0.943364 8.29797e-39 3
0.921412 0.276044 0.97874 9.12736e-39 3
0.925656 0.272636 0.966657 8.66639e-39 3
0.918593 0.266066 0.943364 8.66639e-39 3
0.815877 0.232458 0.824202 6.82247e-39 3
0.776093 0.217572 0.771421 7.56004e-39 3
0.755081 0.208335 0.738672 7.37565e-39 3
0.923905 0.250949 0.889764 7.00723e-39 3
1.03211 0.276044 0.97874 7.37637e-39 3
-0.824342 0.27796 0.932133 7.46785e-39 3
-0.790461 0.271496 0.910456 8.3898e-39 3
-0.758119 0.265325 0.889764 9.49615e-39 3
-0.715294 0.255176 0.855729 8.2976e-39 3
-0.701467 0.255176 0.855729 8.7593e-39 3
-0.680207 0.252418 0.846478 9.95749e-39 3
-0.635609 0.240708 0.807208 9.58835e-39 3
-0.622566 0.240708 0.807208 9.49543e-39 3
-0.606398 0.239473 0.803069 8.94261e-39 3
-0.587398 0.237042 0.794916 9.77129e-39 3
-0.565936 0.233486 0.782992 1.22606e-38 3
-0.558874 0.235845 0.790901 1.12464e-38 3
-0.560242 0.241955 0.811391 1.08769e-38 3
-0.558712 0.247075 0.828563 1.09695e-38 3
-0.557115 0.252418 0.846478 1.18918e-38 3
-0.540516 0.251061 0.841927 1.07865e-38 3
-0.529761 0.252418 0.846478 1.18007e-38 3
-0.516084 0.252418 0.846478 1.09713e-38 3
-0.489186 0.245775 0.824202 1.01422e-38 3
-0.45896 0.237042 0.794916 1.06947e-38 3
-0.443863 0.235845 0.790901 1.15248e-38 3
-0.428918 0.23466 0.786927 1.14319e-38 3
-0.416203 0.23466 0.786927 1.1984e-38 3
-0.403489 0.23466 0.786927 1.35499e-38 3
-0.38882 0.233486 0.782992 1.38257e-38 3
-0.374298 0.232325 0.779097 1.25343e-38 3
-0.38265 0.245775 0.824202 1.37325e-38 3
-0.369334 0.245775 0.824202 1.49317e-38 3
-0.356017 0.245775 0.824202 1.40091e-38 3
-0.3427 0.245775 0.824202 1.39176e-38 3
-0.325952 0.243215 0.815617 1.309e-38 3
-0.30639 0.238251 0.798972 1.36435e-38 3
-0.293481 0.238251 0.798972 1.36428e-38 3
-0.302154 0.256578 0.860431 1.29063e-38 3
-0.288252 0.256578 0.860431 1.23542e-38 3
-0.27285 0.255176 0.855729 1.36457e-38 3
-0.254846 0.251061 0.841927 1.27244e-38 3
-0.249284 0.259429 0.869991 1.47531e-38 3
-0.235227 0.259429 0.869991 1.47535e-38 3
-0.217545 0.255176 0.855729 1.4291e-38 3
-0.201516 0.252418 0.846478 1.45691e-38 3
-0.187839 0.252418 0.846478 1.38326e-38 3
-0.173226 0.251061 0.841927 1.51226e-38 3
-0.157089 0.247075 0.828563 1.51219e-38 3
-0.139998 0.240708 0.807208 1.43843e-38 3
-0.127613 0.241955 0.811391 1.42918e-38 3
-0.113913 0.240708 0.807208 1.45683e-38 3
-0.0998412 0.238251 0.798972 1.63201e-38 3
-0.0864906 0.237042 0.794916 1.41074e-38 3
-0.0740226 0.238251 0.798972 1.60435e-38 3
-0.0614267 0.239473 0.803069 1.59513e-38 3
-0.0487009 0.240708 0.807208 1.69647e-38 3
-0.0347625 0.23466 0.786927 1.61357e-38 3
-0.0218285 0.232325 0.779097 1.61357e-38 3
-0.00914925 0.230036 0.771421 1.58584e-38 3
0.0696954 0.114174 0.382881 2.2956e-38 3
0.0740707 0.111449 0.373743 2.28645e-38 3
0.0789785 0.109876 0.368467 2.28645e-38 3
0.08414 0.108851 0.365031 2.28645e-38 3
0.0881879 0.106615 0.357531 2.28645e-38 3
0.0933255 0.105889 0.355098 2.28645e-38 3
0.0986157 0.105411 0.353495 2.28645e-38 3
0.109299 0.104702 0.351118 2.28645e-38 3
0.114972 0.104702 0.351118 2.28645e-38 3
0.121188 0.105174 0.352699 2.28645e-38 3
0.127461 0.10565 0.354295 2.28645e-38 3
0.133791 0.10613 0.355906 2.28645e-38 3
0.139542 0.10613 0.355906 2.28645e-38 3
0.197111 0.133421 0.447424 2.28645e-38 3
0.480236 0.27469 0.921167 1.43825e-38 3
0.462474 0.256578 0.860431 1.28156e-38 3
0.458733 0.247075 0.828563 1.27234e-38 3
0.464744 0.243215 0.815617 1.28155e-38 3
0.463439 0.235845 0.790901 1.4752e-38 3
0.481078 0.238251 0.798972 1.32769e-38 3
0.493987 0.238251 0.798972 1.33691e-38 3
0.506896 0.238251 0.798972 1.33687e-38 3
0.519806 0.238251 0.798972 1.2262e-38 3
0.527334 0.235845 0.790901 1.34613e-38 3
0.540113 0.235845 0.790901 1.37386e-38 3
0.552892 0.235845 0.790901 1.11578e-38 3
0.562828 0.23466 0.786927 1.17103e-38 3
0.66589 0.271496 0.910456 1.11571e-38 3
0.672777 0.268375 0.899991 1.06961e-38 3
0.687319 0.268375 0.899991 1.15263e-38 3
0.678465 0.259429 0.869991 1.04195e-38 3
0.692522 0.259429 0.869991 1.08809e-38 3
0.691218 0.253789 0.851078 1.23549e-38 3
0.720636 0.259429 0.869991 1.07872e-38 3
0.742947 0.262344 0.879766 1.19862e-38 3
0.797484 0.276315 0.926618 1.10646e-38 3
0.817292 0.27796 0.932133 9.77417e-39 3
0.832353 0.27796 0.932133 8.48343e-39 3
0.857624 0.281309 0.943364 9.21993e-39 3
0.872866 0.281309 0.943364 9.95749e-39 3
0.888108 0.281309 0.943364 8.8515e-39 3
0.892596 0.27796 0.932133 8.66711e-39 3
0.876359 0.268375 0.899991 9.58906e-39 3
0.771227 0.232325 0.779097 9.03589e-39 3
0.761096 0.225591 0.756514 7.28346e-39 3
0.748024 0.218212 0.731768 6.73029e-39 3
0.855828 0.245775 0.824202 7.09978e-39 3
0.869145 0.245775 0.824202 6.08563e-39 3
-0.790461 0.286206 0.910456 8.20613e-39 3
-0.758119 0.279702 0.889764 9.12737e-39 3
-0.703757 0.264664 0.841927 8.94298e-39 3
-0.661694 0.25375 0.807208 8.8515e-39 3
-0.642032 0.251161 0.798972 8.8515e-39 3
-0.629123 0.251161 0.798972 9.68054e-39 3
-0.629051 0.256393 0.815617 9.68018e-39 3
-0.615873 0.256393 0.815617 9.68018e-39 3
-0.602695 0.256393 0.815617 1.07854e-38 3
-0.56878 0.247374 0.786927 1.09698e-38 3
-0.570397 0.25375 0.807208 1.13386e-38 3
-0.566109 0.257736 0.819887 1.12457e-38 3
-0.558712 0.260463 0.828563 1.02308e-38 3
-0.548225 0.261848 0.83297 1.13379e-38 3
-0.534766 0.261848 0.83297 1.22613e-38 3
-0.524095 0.263249 0.837425 1.10628e-38 3
-0.510565 0.263249 0.837425 1.03259e-38 3
-0.476643 0.252449 0.803069 1.16174e-38 3
-0.414748 0.225814 0.718341 1.16166e-38 3
-0.399477 0.223761 0.711811 1.12482e-38 3
-0.381048 0.219766 0.6991 1.29992e-38 3
-0.376475 0.223761 0.711811 1.29981e-38 3
-0.380542 0.233306 0.742173 1.29963e-38 3
-0.372077 0.235538 0.749275 1.51161e-38 3
-0.354877 0.232205 0.738672 1.47477e-38 3
-0.342941 0.232205 0.738672 1.43782e-38 3
-0.327913 0.230035 0.731768 1.43775e-38 3
-0.31029 0.225814 0.718341 1.29945e-38 3
-0.295968 0.223761 0.711811 1.49317e-38 3
-0.281904 0.221745 0.705398 1.39179e-38 3
-0.268091 0.219766 0.6991 1.41023e-38 3
-0.287611 0.246137 0.782992 1.41945e-38 3
-0.302154 0.270481 0.860431 1.31811e-38 3
-0.289844 0.271975 0.865185 1.36428e-38 3
-0.27285 0.269003 0.855729 1.37361e-38 3
-0.256223 0.266095 0.846478 1.59495e-38 3
-0.226622 0.248624 0.790901 1.6042e-38 3
-0.230114 0.267541 0.851078 1.4752e-38 3
-0.215193 0.266095 0.846478 1.32769e-38 3
-0.199361 0.263249 0.837425 1.51219e-38 3
-0.18583 0.263249 0.837425 1.44779e-38 3
-0.172299 0.263249 0.837425 1.37393e-38 3
-0.15304 0.25375 0.807208 1.33702e-38 3
-0.13648 0.247374 0.786927 1.34624e-38 3
-0.123765 0.247374 0.786927 1.53059e-38 3
-0.110495 0.246137 0.782992 1.54903e-38 3
-0.0978444 0.246137 0.782992 1.52137e-38 3
-0.0847694 0.244913 0.779097 1.57669e-38 3
-0.0732749 0.248624 0.790901 1.6781e-38 3
-0.0604959 0.248624 0.790901 1.68732e-38 3
-0.047717 0.248624 0.790901 1.65959e-38 3
-0.0347625 0.247374 0.786927 1.50293e-38 3
-0.0216134 0.2425 0.771421 1.55825e-38 3
-0.00876084 0.232205 0.738672 1.77023e-38 3
0.0695254 0.120067 0.381947 2.2956e-38 3
0.0737188 0.11693 0.371968 2.28645e-38 3
0.0787931 0.115557 0.367602 2.28645e-38 3
0.0837496 0.114217 0.363337 2.28645e-38 3
0.0885924 0.112907 0.359171 2.28645e-38 3
0.0983936 0.110873 0.352699 2.2956e-38 3
0.103626 0.110376 0.351118 2.26794e-38 3
0.109054 0.110129 0.350332 2.28638e-38 3
0.114715 0.110129 0.350332 2.26794e-38 3
0.120916 0.110624 0.351907 2.2956e-38 3
0.127174 0.111123 0.353495 2.28645e-38 3
0.133488 0.111627 0.355098 2.28645e-38 3
0.139225 0.111627 0.355098 2.28645e-38 3
0.145623 0.112136 0.356716 2.28645e-38 3
0.443696 0.267541 0.851078 1.45669e-38 3
0.457448 0.267541 0.851078 1.3645e-38 3
0.431346 0.244913 0.779097 1.29996e-38 3
0.446154 0.246137 0.782992 1.3184e-38 3
0.452025 0.2425 0.771421 1.29074e-38 3
0.466788 0.2437 0.77524 1.2262e-38 3
0.481699 0.244913 0.779097 1.37371e-38 3
0.499255 0.247374 0.786927 1.33684e-38 3
0.511969 0.247374 0.786927 1.32762e-38 3
0.522061 0.246137 0.782992 1.33684e-38 3
0.532052 0.244913 0.779097 1.27237e-38 3
0.547363 0.246137 0.782992 1.29999e-38 3
0.554469 0.2437 0.77524 1.20773e-38 3
0.564202 0.2425 0.771421 1.11557e-38 3
0.565523 0.237814 0.756514 1.1156e-38 3
0.629439 0.259092 0.824202 1.0972e-38 3
0.636061 0.256393 0.815617 1.06032e-38 3
0.649239 0.256393 0.815617 1.10642e-38 3
0.66939 0.259092 0.824202 1.13401e-38 3
0.682707 0.259092 0.824202 1.17088e-38 3
0.703429 0.261848 0.83297 1.14326e-38 3
0.792793 0.289573 0.921167 1.06961e-38 3
0.817292 0.293021 0.932133 1.13415e-38 3
0.832353 0.293021 0.932133 8.94549e-39 3
0.868082 0.300168 0.954868 8.57563e-39 3
0.832734 0.282917 0.899991 8.20685e-39 3
0.819033 0.273486 0.869991 7.93027e-39 3
0.789243 0.259092 0.824202 8.20685e-39 3
0.777992 0.251161 0.798972 8.94442e-39 3
0.679898 0.21591 0.686835 9.03589e-39 3
0.694039 0.216861 0.689861 8.29797e-39 3
0.705185 0.216861 0.689861 7.56004e-39 3
0.729181 0.220751 0.702235 7.7448e-39 3
0.757512 0.225814 0.718341 7.28382e-39 3
-0.805171 0.300917 0.910456 8.76003e-39 3
-0.790461 0.300917 0.910456 8.29833e-39 3
-0.758119 0.294078 0.889764 7.19126e-39 3
-0.69627 0.275307 0.83297 7.37565e-39 3
-0.661694 0.266792 0.807208 7.83699e-39 3
-0.635547 0.261403 0.790901 7.19198e-39 3
-0.635609 0.266792 0.807208 9.68054e-39 3
-0.615873 0.269571 0.815617 8.48163e-39 3
-0.602695 0.269571 0.815617 1.14308e-38 3
-0.589517 0.269571 0.815617 1.06933e-38 3
-0.582405 0.272409 0.824202 1.05081e-38 3
-0.569088 0.272409 0.824202 1.11524e-38 3
-0.558712 0.27385 0.828563 1.21666e-38 3
-0.515331 0.258789 0.782992 1.10613e-38 3
-0.497703 0.256226 0.77524 9.95533e-39 3
-0.435582 0.230034 0.695993 1.17081e-38 3
-0.406279 0.220246 0.666376 1.26308e-38 3
-0.397203 0.221187 0.669224 1.26319e-38 3
-0.391408 0.224059 0.677915 1.26308e-38 3
-0.382108 0.225034 0.680863 1.30921e-38 3
-0.371107 0.225034 0.680863 1.29992e-38 3
-0.361679 0.226016 0.683836 1.2445e-38 3
-0.356863 0.230034 0.695993 1.4563e-38 3
-0.345618 0.230034 0.695993 1.41945e-38 3
-0.341972 0.235262 0.711811 1.45637e-38 3
-0.326025 0.232097 0.702235 1.29038e-38 3
-0.317527 0.234198 0.70859 1.29949e-38 3
-0.308873 0.236337 0.715061 1.42853e-38 3
-0.294629 0.234198 0.70859 1.40087e-38 3
-0.281904 0.233143 0.705398 1.35488e-38 3
-0.268091 0.231061 0.6991 1.41005e-38 3
-0.260282 0.234198 0.70859 1.41934e-38 3
-0.272238 0.256226 0.77524 1.47473e-38 3
-0.294729 0.290774 0.879766 1.42864e-38 3
-0.275865 0.285954 0.865185 1.47488e-38 3
-0.257616 0.281292 0.851078 1.48417e-38 3
-0.217821 0.251251 0.760186 1.45665e-38 3
-0.205538 0.251251 0.760186 1.51204e-38 3
-0.208433 0.270983 0.819887 1.50279e-38 3
-0.190206 0.26407 0.798972 1.39223e-38 3
-0.177297 0.26407 0.798972 1.34624e-38 3
-0.164388 0.26407 0.798972 1.3278e-38 3
-0.144125 0.251251 0.760186 1.38311e-38 3
-0.135798 0.258789 0.782992 1.41077e-38 3
-0.121927 0.256226 0.77524 1.45683e-38 3
-0.105737 0.247645 0.749275 1.53981e-38 3
-0.0927435 0.245297 0.742173 1.5858e-38 3
-0.0799936 0.242994 0.735204 1.50283e-38 3
-0.0681147 0.242994 0.735204 1.50286e-38 3
-0.059891 0.258789 0.782992 1.69644e-38 3
-0.0472399 0.258789 0.782992 1.63193e-38 3
-0.0342463 0.256226 0.77524 1.65045e-38 3
-0.020893 0.246465 0.745707 1.53981e-38 3
-0.00840406 0.234198 0.70859 1.63193e-38 3
0.0742479 0.123822 0.374637 2.28645e-38 3
0.0787931 0.121497 0.367602 2.28645e-38 3
0.0843366 0.120929 0.365884 2.28645e-38 3
0.0983936 0.116571 0.352699 2.33237e-38 3
0.103626 0.116049 0.351118 2.08344e-38 3
0.109299 0.116049 0.351118 2.03734e-38 3
0.114972 0.116049 0.351118 2.01891e-38 3
0.120916 0.116309 0.351907 2.30471e-38 3
0.133488 0.117364 0.355098 2.28645e-38 3
0.139225 0.117364 0.355098 2.28645e-38 3
0.145623 0.117899 0.356716 2.28645e-38 3
0.152428 0.11871 0.359171 2.28645e-38 3
0.386103 0.237421 0.718341 1.33676e-38 3
0.397709 0.237421 0.718341 1.39208e-38 3
0.435272 0.252477 0.763895 1.34602e-38 3
0.430803 0.242994 0.735204 1.29074e-38 3
0.451154 0.247645 0.749275 1.33684e-38 3
0.465488 0.248835 0.752877 1.29996e-38 3
0.487018 0.253714 0.767639 1.20776e-38 3
0.504366 0.256226 0.77524 1.28152e-38 3
0.516892 0.256226 0.77524 1.25386e-38 3
0.534712 0.258789 0.782992 1.34606e-38 3
0.547363 0.258789 0.782992 1.07862e-38 3
0.565671 0.261403 0.790901 1.04174e-38 3
0.561437 0.253714 0.767639 1.21695e-38 3
0.57384 0.253714 0.767639 1.1801e-38 3
0.586243 0.253714 0.767639 1.15248e-38 3
0.570672 0.241858 0.731768 1.04185e-38 3
0.582495 0.241858 0.731768 1.15252e-38 3
0.594319 0.241858 0.731768 1.17088e-38 3
0.61476 0.245297 0.742173 1.03259e-38 3
0.609422 0.238515 0.721652 1.17088e-38 3
0.701952 0.269571 0.815617 1.07869e-38 3
0.722658 0.272409 0.824202 1.07876e-38 3
0.743805 0.275307 0.83297 1.09727e-38 3
0.757263 0.275307 0.83297 1.0143e-38 3
0.770722 0.275307 0.83297 1.07883e-38 3
0.744576 0.261403 0.790901 8.48344e-39 3
0.643589 0.222136 0.672096 8.20686e-39 3
0.6688 0.227008 0.686835 7.37709e-39 3
0.668175 0.223094 0.674993 7.00831e-39 3
0.679081 0.223094 0.674993 6.63845e-39 3
0.689987 0.223094 0.674993 7.46821e-39 3
0.71319 0.227008 0.686835 7.46821e-39 3
-0.781375 0.312 0.899991 7.5604e-39 3
-0.766833 0.312 0.899991 7.46785e-39 3
-0.752292 0.312 0.899991 9.22028e-39 3
-0.682811 0.288766 0.83297 8.94369e-39 3
-0.629192 0.27144 0.782992 8.57491e-39 3
-0.61654 0.27144 0.782992 9.12808e-39 3
-0.615873 0.28275 0.815617 9.77129e-39 3
-0.602695 0.28275 0.815617 9.49291e-39 3
-0.589517 0.28275 0.815617 1.05993e-38 3
-0.576338 0.28275 0.815617 1.07847e-38 3
-0.575142 0.288766 0.83297 1.1429e-38 3
-0.533316 0.274181 0.790901 1.189e-38 3
-0.510229 0.268752 0.77524 9.6791e-39 3
-0.424203 0.229063 0.660753 9.86422e-39 3
-0.413527 0.229063 0.660753 1.12472e-38 3
-0.39948 0.227146 0.655223 1.11557e-38 3
-0.390527 0.228101 0.657977 1.17088e-38 3
-0.384745 0.231013 0.666376 1.0694e-38 3
-0.377189 0.232995 0.672096 1.17088e-38 3
-0.367908 0.234 0.674993 1.08791e-38 3
-0.357002 0.234 0.674993 1.21684e-38 3
-0.349106 0.236035 0.680863 1.48403e-38 3
-0.339581 0.237065 0.683836 1.49328e-38 3
-0.332893 0.240212 0.692913 1.35506e-38 3
-0.318875 0.238105 0.686835 1.24432e-38 3
-0.307778 0.238105 0.686835 1.56697e-38 3
-0.306078 0.245647 0.70859 1.54845e-38 3
-0.291986 0.243444 0.702235 1.25336e-38 3
-0.28064 0.243444 0.702235 1.49292e-38 3
-0.265719 0.240212 0.692913 1.5021e-38 3
-0.254523 0.240212 0.692913 1.50221e-38 3
-0.261867 0.258514 0.745707 1.41009e-38 3
-0.25222 0.261 0.752877 1.58526e-38 3
-0.237769 0.258514 0.745707 1.57615e-38 3
-0.199165 0.228101 0.657977 1.52087e-38 3
-0.190132 0.230034 0.663553 1.54871e-38 3
-0.173528 0.222492 0.641797 1.51186e-38 3
-0.159882 0.218024 0.628909 1.34606e-38 3
-0.147938 0.215428 0.621422 1.429e-38 3
-0.137898 0.215428 0.621422 1.41978e-38 3
-0.127857 0.215428 0.621422 1.34606e-38 3
-0.117817 0.215428 0.621422 1.53052e-38 3
-0.124585 0.249027 0.718341 1.24478e-38 3
-0.114025 0.251333 0.724993 1.53066e-38 3
-0.100909 0.24789 0.715061 1.3462e-38 3
-0.087361 0.242357 0.6991 1.54903e-38 3
-0.0750601 0.239154 0.689861 1.48449e-38 3
-0.062807 0.235013 0.677915 1.52137e-38 3
-0.0514086 0.232995 0.672096 1.47527e-38 3
-0.0400338 0.230034 0.663553 1.50279e-38 3
-0.0293125 0.230034 0.663553 1.64115e-38 3
-0.0189117 0.234 0.674993 1.70566e-38 3
-0.00797123 0.232995 0.672096 1.50293e-38 3
0.0463086 0.136745 0.394454 1.60413e-38 3
0.052815 0.137091 0.395451 1.54882e-38 3
0.104092 0.12227 0.352699 1.78831e-38 3
0.109544 0.121995 0.351907 1.76976e-38 3
0.11523 0.121995 0.351907 1.75143e-38 3
0.120916 0.121995 0.351907 1.59477e-38 3
0.139542 0.123382 0.355906 2.28645e-38 3
0.145292 0.123382 0.355906 2.28645e-38 3
0.152428 0.124514 0.359171 2.28645e-38 3
0.159328 0.125376 0.361659 2.28645e-38 3
0.394094 0.246763 0.711811 1.41059e-38 3
0.411202 0.250175 0.721652 1.35528e-38 3
0.422862 0.250175 0.721652 1.4013e-38 3
0.436534 0.251333 0.724993 1.3552e-38 3
0.448248 0.251333 0.724993 1.37372e-38 3
0.451599 0.246763 0.711811 1.20773e-38 3
0.4631 0.246763 0.711811 1.18932e-38 3
0.474601 0.246763 0.711811 1.24464e-38 3
0.490561 0.249027 0.718341 1.30911e-38 3
0.502168 0.249027 0.718341 1.14315e-38 3
0.509104 0.246763 0.711811 1.21698e-38 3
0.518249 0.245647 0.70859 1.15237e-38 3
0.529698 0.245647 0.70859 1.12472e-38 3
0.546089 0.24789 0.715061 1.10617e-38 3
0.557643 0.24789 0.715061 1.1155e-38 3
0.574442 0.250175 0.721652 1.12479e-38 3
0.586102 0.250175 0.721652 1.09706e-38 3
0.606142 0.253682 0.731768 1.03255e-38 3
0.609422 0.250175 0.721652 1.16152e-38 3
0.607094 0.24454 0.705398 1.04174e-38 3
0.610245 0.24128 0.695993 9.68019e-39 3
0.62149 0.24128 0.695993 1.0511e-38 3
0.613644 0.234 0.674993 1.11564e-38 3
0.717306 0.268752 0.77524 1.08794e-38 3
0.658152 0.242357 0.6991 1.02352e-38 3
0.643589 0.232995 0.672096 8.20685e-39 3
0.662984 0.236035 0.680863 7.93027e-39 3
0.665308 0.232995 0.672096 7.19234e-39 3
0.670412 0.231013 0.666376 7.7448e-39 3
0.68409 0.232 0.669224 8.02102e-39 3
0.732465 0.24454 0.705398 8.66604e-39 3
-0.566839 0.255938 0.705398 9.86565e-39 3
-0.522492 0.240755 0.663553 7.37601e-39 3
-0.520594 0.244906 0.674993 6.91503e-39 3
-0.51412 0.247035 0.680863 9.03373e-39 3
-0.488259 0.239739 0.660753 1.28134e-38 3
-0.565936 0.284091 0.782992 1.02319e-38 3
-0.570397 0.292877 0.807208 1.00472e-38 3
-0.454314 0.238732 0.657977 1.00472e-38 3
-0.427516 0.230033 0.634002 1.03241e-38 3
-0.413921 0.228185 0.628909 1.05089e-38 3
-0.412033 0.232861 0.641797 1.09706e-38 3
-0.401663 0.232861 0.641797 1.08787e-38 3
-0.391294 0.232861 0.641797 1.09713e-38 3
-0.384072 0.234786 0.647101 1.06025e-38 3
-0.37673 0.236742 0.652493 1.18925e-38 3
-0.372394 0.240755 0.663553 1.09713e-38 3
-0.361673 0.240755 0.663553 1.1801e-38 3
-0.353951 0.242813 0.669224 1.08784e-38 3
-0.344611 0.243855 0.672096 1.23524e-38 3
-0.333751 0.243855 0.672096 1.27212e-38 3
-0.327104 0.247035 0.680863 1.27216e-38 3
-0.317483 0.248114 0.683836 1.33658e-38 3
-0.307778 0.249202 0.686835 1.29049e-38 3
-0.304699 0.255938 0.705398 1.40101e-38 3
-0.291986 0.25479 0.702235 1.40098e-38 3
-0.28064 0.25479 0.702235 1.30871e-38 3
-0.262238 0.248114 0.683836 1.47459e-38 3
-0.251189 0.248114 0.683836 1.52069e-38 3
-0.189605 0.227273 0.626394 1.41945e-38 3
-0.17806 0.225469 0.621422 1.4103e-38 3
-0.168019 0.225469 0.621422 1.43807e-38 3
-0.157354 0.224578 0.618966 1.41045e-38 3
-0.144498 0.220225 0.606971 1.41967e-38 3
-0.133143 0.217694 0.599994 1.47499e-38 3
-0.124402 0.219375 0.604627 1.45658e-38 3
-0.114632 0.219375 0.604627 1.62257e-38 3
-0.120175 0.251408 0.692913 1.26315e-38 3
-0.114025 0.263047 0.724993 1.53063e-38 3
-0.0999959 0.257096 0.70859 1.54903e-38 3
-0.0854536 0.248114 0.683836 1.49368e-38 3
-0.0740811 0.247035 0.680863 1.4568e-38 3
-0.0622679 0.243855 0.672096 1.57665e-38 3
-0.0507551 0.240755 0.663553 1.48446e-38 3
-0.0393666 0.236742 0.652493 1.63186e-38 3
-0.0285857 0.234786 0.647101 1.55818e-38 3
-0.0183578 0.237733 0.655223 1.49361e-38 3
-0.00780377 0.238732 0.657977 1.53059e-38 3
0.046543 0.143843 0.396452 1.56729e-38 3
0.0529487 0.143843 0.396452 1.63176e-38 3
0.104327 0.128258 0.353495 1.70537e-38 3
0.109544 0.127681 0.351907 1.70533e-38 3
0.11523 0.127681 0.351907 1.71462e-38 3
0.120916 0.127681 0.351907 1.64094e-38 3
0.144635 0.128548 0.354295 2.28645e-38 3
0.152779 0.130616 0.359996 2.28645e-38 3
0.160067 0.131829 0.363337 2.28645e-38 3
0.165554 0.131524 0.362496 2.30489e-38 3
0.405595 0.258264 0.711811 1.33684e-38 3
0.419 0.259444 0.715061 1.36442e-38 3
0.430554 0.259444 0.715061 1.31833e-38 3
0.428414 0.251408 0.692913 1.37372e-38 3
0.439609 0.251408 0.692913 1.3184e-38 3
0.446851 0.249202 0.686835 1.29996e-38 3
0.462001 0.251408 0.692913 1.25386e-38 3
0.473196 0.251408 0.692913 1.21691e-38 3
0.484392 0.251408 0.692913 1.26301e-38 3
0.495588 0.251408 0.692913 1.20776e-38 3
0.500144 0.248114 0.683836 1.32755e-38 3
0.511193 0.248114 0.683836 1.18925e-38 3
0.522242 0.248114 0.683836 1.10617e-38 3
0.533291 0.248114 0.683836 1.17996e-38 3
0.546728 0.249202 0.686835 1.2168e-38 3
0.557825 0.249202 0.686835 1.17067e-38 3
0.573958 0.251408 0.692913 1.24439e-38 3
0.577487 0.248114 0.683836 1.05089e-38 3
0.583441 0.245966 0.677915 1.09695e-38 3
0.596979 0.247035 0.680863 1.06018e-38 3
0.610635 0.248114 0.683836 1.04174e-38 3
0.613644 0.244906 0.674993 1.06943e-38 3
0.664659 0.260634 0.718341 1.07869e-38 3
0.658152 0.253653 0.6991 1.12479e-38 3
0.654831 0.248114 0.683836 9.21993e-39 3
0.66588 0.248114 0.683836 9.12773e-39 3
0.665308 0.243855 0.672096 9.31212e-39 3
0.667571 0.240755 0.663553 9.40432e-39 3
0.681179 0.241779 0.666376 9.58835e-39 3
-0.542407 0.255812 0.674993 6.91539e-39 3
-0.488979 0.240277 0.634002 8.0203e-39 3
-0.47489 0.238347 0.628909 1.21684e-38 3
-0.46287 0.237394 0.626394 1.44733e-38 3
-0.435995 0.239308 0.631445 1.03252e-38 3
-0.420703 0.236448 0.623898 1.05103e-38 3
-0.408993 0.235509 0.621422 1.01408e-38 3
-0.403759 0.238347 0.628909 1.01415e-38 3
-0.396785 0.240277 0.634002 1.04181e-38 3
-0.386541 0.240277 0.634002 1.00493e-38 3
-0.379369 0.242238 0.639177 1.07865e-38 3
-0.373616 0.245241 0.647101 1.11557e-38 3
-0.369264 0.249363 0.657977 1.0511e-38 3
-0.360147 0.250415 0.660753 1.06954e-38 3
-0.352445 0.252546 0.666376 1.16163e-38 3
-0.344611 0.254714 0.672096 1.10631e-38 3
-0.333751 0.254714 0.672096 1.13401e-38 3
-0.324284 0.255812 0.674993 1.18932e-38 3
-0.310699 0.253626 0.669224 1.25372e-38 3
-0.297345 0.251476 0.663553 1.19847e-38 3
-0.284215 0.249363 0.657977 1.15241e-38 3
-0.219972 0.217393 0.573621 1.30882e-38 3
-0.205437 0.211959 0.55928 1.2996e-38 3
-0.1964 0.211959 0.55928 1.50243e-38 3
-0.194286 0.230928 0.609332 1.4102e-38 3
-0.184441 0.230928 0.609332 1.30878e-38 3
-0.173248 0.229144 0.604627 1.48399e-38 3
-0.163478 0.229144 0.604627 1.35492e-38 3
-0.154305 0.230033 0.606971 1.55782e-38 3
-0.142837 0.227388 0.599994 1.32726e-38 3
-0.13213 0.225659 0.595431 1.51165e-38 3
-0.122977 0.226521 0.597704 1.44718e-38 3
-0.112889 0.225659 0.595431 1.39201e-38 3
-0.103268 0.225659 0.595431 1.53045e-38 3
-0.107084 0.258036 0.680863 1.40152e-38 3
-0.096083 0.258036 0.680863 1.47527e-38 3
-0.0858284 0.2603 0.686835 1.36457e-38 3
-0.0753922 0.262603 0.692913 1.4291e-38 3
-0.0620018 0.253626 0.669224 1.4752e-38 3
-0.0505409 0.250415 0.660753 1.62271e-38 3
-0.0393666 0.247285 0.652493 1.41981e-38 3
-0.0288239 0.247285 0.652493 1.58584e-38 3
-0.0183578 0.24832 0.655223 1.50283e-38 3
-0.00770663 0.246259 0.649786 1.56747e-38 3
0.00276925 0.244232 0.644438 1.73331e-38 3
0.046543 0.150249 0.396452 1.56736e-38 3
0.0532181 0.151014 0.398469 1.47506e-38 3
0.104327 0.133969 0.353495 1.65941e-38 3
0.109544 0.133367 0.351907 1.54867e-38 3
0.11523 0.133367 0.351907 1.6041e-38 3
0.120645 0.133068 0.351118 1.58569e-38 3
0.144963 0.134577 0.355098 2.28645e-38 3
0.15208 0.135809 0.358349 2.28645e-38 3
0.161567 0.138989 0.366741 2.28645e-38 3
0.166324 0.13802 0.364182 2.27727e-38 3
0.398352 0.264948 0.6991 1.23535e-38 3
0.409647 0.264948 0.6991 1.24457e-38 3
0.413558 0.2603 0.686835 1.21691e-38 3
0.413767 0.253626 0.669224 1.24464e-38 3
0.42458 0.253626 0.669224 1.28152e-38 3
0.435393 0.253626 0.669224 1.25386e-38 3
0.446206 0.253626 0.669224 1.14323e-38 3
0.457019 0.253626 0.669224 1.16159e-38 3
0.467832 0.253626 0.669224 1.18003e-38 3
0.478645 0.253626 0.669224 1.2723e-38 3
0.489457 0.253626 0.669224 1.29989e-38 3
0.50027 0.253626 0.669224 1.19847e-38 3
0.513277 0.254714 0.672096 1.17996e-38 3
0.521896 0.253626 0.669224 1.12461e-38 3
0.530442 0.252546 0.666376 1.12457e-38 3
0.543522 0.253626 0.669224 1.12457e-38 3
0.556714 0.254714 0.672096 1.15212e-38 3
0.57002 0.255812 0.674993 1.20755e-38 3
0.57351 0.252546 0.666376 1.17989e-38 3
0.591832 0.255812 0.674993 1.04156e-38 3
0.602738 0.255812 0.674993 1.04156e-38 3
0.611011 0.254714 0.672096 1.05085e-38 3
0.641132 0.262603 0.692913 1.06929e-38 3
0.646605 0.2603 0.686835 1.10628e-38 3
0.640839 0.253626 0.669224 1.0694e-38 3
0.651651 0.253626 0.669224 1.04174e-38 3
0.654079 0.250415 0.660753 8.94298e-39 3
0.645684 0.243231 0.641797 8.75859e-39 3
-0.543934 0.262197 0.663553 7.00831e-39 3
-0.489318 0.24555 0.621422 8.94297e-39 3
-0.479277 0.24555 0.621422 7.09835e-39 3
-0.467382 0.244579 0.618966 1.11539e-38 3
-0.453794 0.242661 0.614111 1.23524e-38 3
-0.42237 0.241713 0.611713 1.05099e-38 3
-0.409289 0.23984 0.606971 9.58906e-39 3
-0.399482 0.23984 0.606971 1.07869e-38 3
-0.392719 0.241713 0.611713 1.07869e-38 3
-0.388912 0.24555 0.621422 1.05103e-38 3
-0.383436 0.248508 0.628909 1.02334e-38 3
-0.376297 0.250521 0.634002 1.01412e-38 3
-0.367541 0.251539 0.636579 1.03259e-38 3
-0.363161 0.255697 0.647101 1.0511e-38 3
-0.352705 0.255697 0.647101 1.15252e-38 3
-0.346546 0.258906 0.655223 1.14319e-38 3
-0.34023 0.262197 0.663553 1.16174e-38 3
-0.325373 0.258906 0.655223 1.26315e-38 3
-0.273322 0.232626 0.588716 1.09702e-38 3
-0.261841 0.23089 0.584322 1.06025e-38 3
-0.240269 0.228334 0.577854 1.16159e-38 3
-0.230083 0.227495 0.575729 1.18911e-38 3
-0.218373 0.225013 0.569449 1.16159e-38 3
-0.205437 0.220995 0.55928 1.18929e-38 3
-0.195701 0.220209 0.55729 1.21684e-38 3
-0.186697 0.220209 0.55729 1.29056e-38 3
-0.188421 0.233504 0.590937 1.34566e-38 3
-0.182313 0.237995 0.602302 1.46551e-38 3
-0.171264 0.236178 0.597704 1.3364e-38 3
-0.161606 0.236178 0.597704 1.51158e-38 3
-0.151949 0.236178 0.597704 1.49314e-38 3
-0.141214 0.234389 0.593176 1.44697e-38 3
-0.131133 0.233504 0.590937 1.37332e-38 3
-0.121585 0.233504 0.590937 1.28116e-38 3
-0.112037 0.233504 0.590937 1.50257e-38 3
-0.100591 0.22918 0.579994 1.57647e-38 3
-0.0912197 0.22918 0.579994 1.46602e-38 3
-0.0728147 0.264439 0.669224 1.45669e-38 3
-0.0620018 0.264439 0.669224 1.35528e-38 3
-0.0499092 0.257828 0.652493 1.32762e-38 3
-0.0390412 0.255697 0.647101 1.47513e-38 3
-0.0285857 0.255697 0.647101 1.48446e-38 3
-0.0182813 0.257828 0.652493 1.57658e-38 3
-0.00761187 0.253601 0.641797 1.45684e-38 3
0.0472609 0.159071 0.402567 1.6319e-38 3
0.0537654 0.159071 0.402567 1.61339e-38 3
0.104092 0.139366 0.352699 1.57644e-38 3
0.109544 0.139053 0.351907 1.48424e-38 3
0.11523 0.139053 0.351907 1.45666e-38 3
0.120375 0.138431 0.350332 1.48424e-38 3
0.126036 0.138431 0.350332 1.47502e-38 3
0.131696 0.138431 0.350332 1.47502e-38 3
0.13705 0.138122 0.34955 2.28645e-38 3
0.150359 0.139997 0.354295 2.28645e-38 3
0.16271 0.14594 0.369336 2.28645e-38 3
0.325394 0.219428 0.555314 1.3368e-38 3
0.332011 0.217882 0.551403 1.34598e-38 3
0.438706 0.259994 0.657977 1.16166e-38 3
0.449338 0.259994 0.657977 1.08787e-38 3
0.459969 0.259994 0.657977 1.15237e-38 3
0.4706 0.259994 0.657977 1.18932e-38 3
0.477221 0.257828 0.652493 1.26304e-38 3
0.422539 0.205577 0.520261 1.04163e-38 3
0.601673 0.276244 0.6991 1.29974e-38 3
0.612969 0.276244 0.6991 1.23517e-38 3
0.585085 0.258906 0.655223 1.15219e-38 3
0.590728 0.256758 0.649786 1.04156e-38 3
0.601227 0.256758 0.649786 1.1061e-38 3
0.630026 0.264439 0.669224 1.12457e-38 3
0.640839 0.264439 0.669224 1.17989e-38 3
0.657269 0.266718 0.674993 1.1523e-38 3
0.654079 0.261091 0.660753 1.18003e-38 3
-0.481672 0.251597 0.611713 8.1125e-39 3
-0.471789 0.251597 0.611713 8.84934e-39 3
-0.451327 0.245835 0.597704 1.17088e-38 3
-0.44167 0.245835 0.597704 8.3898e-39 3
-0.417573 0.243052 0.590937 1.05103e-38 3
-0.408025 0.243052 0.590937 9.12737e-39 3
-0.398477 0.243052 0.590937 9.58763e-39 3
-0.390403 0.243973 0.593176 9.12665e-39 3
-0.379381 0.243052 0.590937 1.07869e-38 3
-0.369833 0.243052 0.590937 1.01412e-38 3
-0.372952 0.251597 0.611713 9.95569e-39 3
-0.368831 0.255591 0.621422 1.09698e-38 3
-0.361661 0.257635 0.626394 1.06025e-38 3
-0.354375 0.259713 0.631445 1.12486e-38 3
-0.344172 0.259713 0.631445 1.19854e-38 3
-0.33397 0.259713 0.631445 1.07869e-38 3
-0.272298 0.241232 0.586511 1.02337e-38 3
-0.259901 0.238551 0.579994 1.1433e-38 3
-0.25818 0.245835 0.597704 1.08791e-38 3
-0.235065 0.232523 0.565337 1.32762e-38 3
-0.215242 0.230856 0.561285 1.1433e-38 3
-0.204705 0.229213 0.55729 1.1801e-38 3
-0.195701 0.229213 0.55729 1.26304e-38 3
-0.186697 0.229213 0.55729 1.23531e-38 3
-0.183572 0.236797 0.575729 1.31811e-38 3
-0.180233 0.244901 0.595431 1.47477e-38 3
-0.169966 0.243973 0.593176 1.36414e-38 3
-0.129665 0.240331 0.584322 1.41016e-38 3
-0.120224 0.240331 0.584322 1.39176e-38 3
-0.109962 0.238551 0.579994 1.37335e-38 3
-0.0984042 0.233365 0.567386 1.41967e-38 3
-0.0609598 0.270625 0.657977 1.83462e-38 3
-0.049293 0.265057 0.644438 1.47513e-38 3
-0.0385632 0.262893 0.639177 1.47527e-38 3
-0.0282357 0.262893 0.639177 1.48439e-38 3
-0.0179083 0.262893 0.639177 1.39215e-38 3
-0.00751942 0.260765 0.634002 1.41985e-38 3
0.120375 0.144091 0.350332 1.43822e-38 3
0.125754 0.14377 0.34955 1.429e-38 3
0.131402 0.14377 0.34955 1.3368e-38 3
0.136745 0.14345 0.348772 1.59495e-38 3
0.142698 0.14377 0.34955 2.26801e-38 3
0.15002 0.145392 0.353495 2.28645e-38 3
0.303149 0.225206 0.547547 1.3184e-38 3
0.319725 0.224421 0.545639 1.34588e-38 3
0.324025 0.221336 0.538139 1.38275e-38 3
0.33272 0.221336 0.538139 1.30911e-38 3
0.344971 0.223642 0.543745 1.25379e-38 3
0.388915 0.213983 0.520261 1.22613e-38 3
0.394698 0.21257 0.516826 1.25379e-38 3
0.400406 0.211177 0.513437 1.13383e-38 3
0.407366 0.210486 0.51176 1.12464e-38 3
0.418369 0.211871 0.515126 1.22599e-38 3
0.426692 0.211871 0.515126 1.18911e-38 3
0.436451 0.21257 0.516826 1.17989e-38 3
0.581084 0.262893 0.639177 1.11521e-38 3
0.591411 0.262893 0.639177 9.86134e-39 3
0.624817 0.26837 0.652493 1.21666e-38 3
0.646129 0.272919 0.663553 1.12457e-38 3
-0.442875 0.250708 0.586511 7.92918e-39 3
-0.400931 0.242533 0.567386 9.58835e-39 3
-0.390349 0.241657 0.565337 1.00493e-38 3
-0.3868 0.245198 0.573621 1.0049e-38 3
-0.387467 0.251651 0.588716 1.06947e-38 3
-0.375135 0.249773 0.584322 9.12736e-39 3
-0.365693 0.249773 0.584322 1.06943e-38 3
-0.36165 0.253557 0.593176 1.02323e-38 3
-0.347751 0.257458 0.602302 1.07876e-38 3
-0.338019 0.257458 0.602302 1.15252e-38 3
-0.322093 0.2526 0.590937 1.07869e-38 3
-0.310204 0.250708 0.586511 1.06947e-38 3
-0.299605 0.249773 0.584322 9.86565e-39 3
-0.232546 0.239068 0.55928 1.24471e-38 3
-0.222714 0.238217 0.55729 1.15248e-38 3
-0.211452 0.235701 0.551403 1.17096e-38 3
-0.202543 0.235701 0.551403 1.20783e-38 3
-0.195007 0.237373 0.555314 1.22624e-38 3
-0.186035 0.237373 0.555314 1.33684e-38 3
-0.177692 0.238217 0.55729 1.24453e-38 3
-0.170508 0.240788 0.563304 1.40123e-38 3
-0.16199 0.241657 0.565337 1.24435e-38 3
-0.152855 0.241657 0.565337 1.40098e-38 3
-0.143721 0.241657 0.565337 1.51147e-38 3
-0.1322 0.237373 0.555314 1.40087e-38 3
-0.124553 0.239925 0.561285 1.54835e-38 3
-0.116318 0.241657 0.565337 1.35477e-38 3
-0.106798 0.240788 0.563304 1.37325e-38 3
-0.0976962 0.240788 0.563304 1.35495e-38 3
-0.0280071 0.271008 0.634002 1.34598e-38 3
-0.00742919 0.267756 0.626394 1.44747e-38 3
0.136745 0.149085 0.348772 1.78856e-38 3
0.29794 0.230031 0.538139 1.36457e-38 3
0.306635 0.230031 0.538139 1.37375e-38 3
0.31533 0.230031 0.538139 1.22617e-38 3
0.320719 0.227684 0.532648 1.37361e-38 3
0.328208 0.226912 0.530842 1.31833e-38 3
0.340246 0.229243 0.536296 1.31833e-38 3
0.373627 0.228461 0.534466 1.27223e-38 3
0.375848 0.224628 0.525498 1.14315e-38 3
0.379249 0.221653 0.518538 1.18003e-38 3
0.387627 0.221653 0.518538 1.21691e-38 3
0.3934 0.220194 0.515126 1.23535e-38 3
0.400406 0.219472 0.513437 1.18003e-38 3
0.407366 0.218755 0.51176 1.17081e-38 3
0.415635 0.218755 0.51176 1.24446e-38 3
0.423903 0.218755 0.51176 1.21677e-38 3
0.433589 0.219472 0.513437 1.18914e-38 3
0.441885 0.219472 0.513437 1.05085e-38 3
0.528096 0.257458 0.602302 9.86278e-39 3
0.513955 0.241657 0.565337 1.08759e-38 3
0.523089 0.241657 0.565337 1.06915e-38 3
0.530309 0.240788 0.563304 9.67731e-39 3
-0.391651 0.240378 0.541863 9.95749e-39 3
-0.380264 0.238726 0.538139 8.75859e-39 3
-0.367778 0.23629 0.532648 9.40395e-39 3
-0.369219 0.2429 0.547547 9.95677e-39 3
-0.355094 0.2517 0.567386 1.02333e-38 3
-0.345926 0.2517 0.567386 1.13397e-38 3
-0.29793 0.24989 0.563304 1.10638e-38 3
-0.288828 0.24989 0.563304 9.95748e-39 3
-0.220362 0.24461 0.551403 1.14337e-38 3
-0.209242 0.242053 0.545639 1.17092e-38 3
-0.200426 0.242053 0.545639 1.11564e-38 3
-0.190284 0.240378 0.541863 1.20791e-38 3
-0.179664 0.237909 0.536296 1.33702e-38 3
-0.170415 0.237097 0.534466 1.21705e-38 3
-0.160683 0.235489 0.530842 1.2262e-38 3
-0.151081 0.233903 0.527267 1.38272e-38 3
-0.143044 0.234694 0.529049 1.44704e-38 3
-0.135873 0.237097 0.534466 1.35477e-38 3
-0.127237 0.237097 0.534466 1.43775e-38 3
-0.121081 0.242053 0.545639 1.46533e-38 3
-0.113451 0.24461 0.551403 1.36392e-38 3
-0.104541 0.24461 0.551403 1.45601e-38 3
-0.0963105 0.246345 0.555314 1.4286e-38 3
-0.0152875 0.242053 0.545639 1.41045e-38 3
0.00243814 0.2517 0.567386 1.3645e-38 3
0.0540432 0.179507 0.404647 1.54896e-38 3
0.295906 0.237097 0.534466 1.23557e-38 3
0.303506 0.23629 0.532648 1.32769e-38 3
0.312112 0.23629 0.532648 1.22624e-38 3
0.318552 0.234694 0.529049 1.30918e-38 3
0.325998 0.233903 0.527267 1.24464e-38 3
0.335648 0.234694 0.529049 1.15237e-38 3
0.341886 0.233118 0.525498 1.10628e-38 3
0.358867 0.233118 0.525498 1.28145e-38 3
0.367358 0.233118 0.525498 1.12471e-38 3
0.373343 0.231564 0.521995 1.07865e-38 3
0.375518 0.227768 0.513437 1.05096e-38 3
0.380076 0.22555 0.508436 1.05096e-38 3
0.387034 0.22482 0.506791 1.14315e-38 3
0.393947 0.224094 0.505156 1.22613e-38 3
0.399532 0.222658 0.501918 1.06018e-38 3
0.407642 0.222658 0.501918 1.04174e-38 3
0.415751 0.222658 0.501918 1.15227e-38 3
0.423861 0.222658 0.501918 1.20769e-38 3
0.429219 0.22124 0.498721 1.25368e-38 3
0.587543 0.291888 0.657977 1.17989e-38 3
0.513955 0.250792 0.565337 1.05993e-38 3
0.523089 0.250792 0.565337 1.17978e-38 3
0.530309 0.24989 0.563304 1.12446e-38 3
-0.375108 0.244066 0.530842 7.74444e-39 3
-0.366531 0.244066 0.530842 1.08791e-38 3
-0.207077 0.248274 0.539995 1.13404e-38 3
-0.197671 0.247421 0.538139 1.16181e-38 3
-0.185784 0.243242 0.529049 1.17103e-38 3
-0.176046 0.241609 0.525498 1.25408e-38 3
-0.166439 0.239998 0.521995 1.19869e-38 3
-0.156958 0.238409 0.518538 1.20783e-38 3
-0.14858 0.238409 0.518538 1.29981e-38 3
-0.140667 0.239201 0.520261 1.31804e-38 3
-0.126804 0.244896 0.532648 1.52987e-38 3
-0.118198 0.244896 0.532648 1.41002e-38 3
-0.111103 0.248274 0.539995 1.37317e-38 3
-0.102027 0.247421 0.538139 1.54817e-38 3
-0.0150774 0.247421 0.538139 1.46569e-38 3
-0.00640447 0.248274 0.539995 1.51197e-38 3
0.00236115 0.25263 0.549468 1.41978e-38 3
0.0111608 0.250869 0.545639 1.52108e-38 3
0.0534904 0.184142 0.400507 1.52123e-38 3
0.183205 0.172248 0.374637 1.254e-38 3
0.303506 0.244896 0.532648 1.21713e-38 3
0.324904 0.241609 0.525498 1.1894e-38 3
0.33228 0.240801 0.523741 1.24471e-38 3
0.337357 0.238409 0.518538 1.21698e-38 3
0.341216 0.235293 0.51176 1.1617e-38 3
0.354114 0.238409 0.518538 1.2262e-38 3
0.362492 0.238409 0.518538 1.15245e-38 3
0.367222 0.236064 0.513437 1.06947e-38 3
0.373072 0.234526 0.510093 1.13401e-38 3
0.377623 0.232256 0.505156 1.12479e-38 3
0.385785 0.232256 0.505156 1.13393e-38 3
0.392681 0.23151 0.503532 1.11546e-38 3
0.398255 0.23003 0.500314 1.18918e-38 3
0.406339 0.23003 0.500314 1.17989e-38 3
0.411792 0.22857 0.497138 1.15237e-38 3
0.418496 0.227847 0.495565 1.1062e-38 3
0.42382 0.226414 0.492448 1.12464e-38 3
0.426413 0.223601 0.48633 1.27216e-38 3
0.521208 0.258991 0.563304 1.11524e-38 3
0.526521 0.257141 0.55928 1.24432e-38 3
-0.373841 0.25179 0.529049 7.09978e-39 3
-0.263772 0.237356 0.498721 1.08791e-38 3
-0.239274 0.229322 0.481841 1.09713e-38 3
-0.231489 0.229322 0.481841 1.03263e-38 3
-0.223703 0.229322 0.481841 1.13408e-38 3
-0.21891 0.241197 0.506791 1.02355e-38 3
-0.210721 0.241197 0.506791 1.06954e-38 3
-0.206544 0.245973 0.516826 1.13408e-38 3
-0.200844 0.249263 0.523741 1.18018e-38 3
-0.193028 0.2501 0.525498 1.20791e-38 3
-0.183307 0.248432 0.521995 1.08809e-38 3
-0.172572 0.245164 0.515126 1.27248e-38 3
-0.162115 0.24198 0.508436 1.27248e-38 3
-0.153402 0.241197 0.506791 1.15252e-38 3
-0.145214 0.241197 0.506791 1.23538e-38 3
-0.137026 0.241197 0.506791 1.37343e-38 3
-0.0150258 0.255239 0.536296 1.55775e-38 3
-0.00631734 0.253503 0.532648 1.41045e-38 3
0.00231247 0.256116 0.538139 1.48424e-38 3
0.0109697 0.255239 0.536296 1.48417e-38 3
0.0532181 0.189643 0.398469 1.51194e-38 3
0.0596564 0.189643 0.398469 1.62257e-38 3
0.331172 0.248432 0.521995 1.32769e-38 3
0.332947 0.243561 0.51176 1.26315e-38 3
0.337903 0.241197 0.506791 1.13404e-38 3
0.351784 0.245164 0.515126 1.1617e-38 3
0.357754 0.243561 0.51176 1.23542e-38 3
0.360138 0.239645 0.503532 1.11564e-38 3
0.368273 0.239645 0.503532 1.20776e-38 3
0.374004 0.238114 0.500314 1.06025e-38 3
0.382088 0.238114 0.500314 1.06943e-38 3
0.388929 0.237356 0.498721 9.86421e-39 3
0.39323 0.23511 0.494001 1.09698e-38 3
0.401212 0.23511 0.494001 1.2445e-38 3
0.407907 0.23437 0.492448 1.16159e-38 3
0.409426 0.230742 0.484825 1.14308e-38 3
0.414692 0.229322 0.481841 1.11542e-38 3
0.417341 0.226534 0.475983 1.08776e-38 3
0.423743 0.225848 0.474541 1.06936e-38 3
-0.382389 0.260338 0.529049 9.3132e-39 3
-0.372582 0.259461 0.527267 9.22064e-39 3
-0.359225 0.256013 0.520261 9.221e-39 3
-0.257219 0.239317 0.48633 9.40431e-39 3
-0.236365 0.234225 0.475983 1.07872e-38 3
-0.228674 0.234225 0.475983 1.05107e-38 3
-0.220984 0.234225 0.475983 9.31283e-39 3
-0.216805 0.246987 0.501918 1.09724e-38 3
-0.208695 0.246987 0.501918 1.0788e-38 3
-0.201231 0.247781 0.503532 1.2078e-38 3
-0.193095 0.247781 0.503532 1.09716e-38 3
-0.185556 0.248581 0.505156 1.18936e-38 3
-0.176823 0.247781 0.503532 1.12493e-38 3
-0.168147 0.246987 0.501918 1.12497e-38 3
-0.159526 0.246198 0.500314 1.25404e-38 3
-0.151442 0.246198 0.500314 1.18018e-38 3
-0.14428 0.247781 0.503532 1.25379e-38 3
-0.126383 0.244635 0.497138 1.21673e-38 3
-0.0801167 0.227316 0.461942 1.58512e-38 3
-0.0733016 0.229345 0.466067 1.41942e-38 3
-0.0657711 0.229345 0.466067 1.41023e-38 3
0.0453938 0.190272 0.386663 1.48417e-38 3
0.0526819 0.194106 0.394454 1.54871e-38 3
0.0589069 0.193618 0.393463 1.53027e-38 3
0.319543 0.254323 0.516826 1.27248e-38 3
0.320489 0.248581 0.505156 1.254e-38 3
0.33573 0.247781 0.503532 1.16188e-38 3
0.347216 0.250195 0.508436 1.16181e-38 3
0.348918 0.240062 0.487846 1.17092e-38 3
0.363597 0.244635 0.497138 1.03263e-38 3
0.369285 0.243091 0.494001 1.10635e-38 3
0.377267 0.243091 0.494001 1.06025e-38 3
0.384037 0.242327 0.492448 1.07869e-38 3
0.38833 0.240062 0.487846 1.07865e-38 3
0.394982 0.239317 0.48633 1.08776e-38 3
0.401593 0.238576 0.484825 1.10631e-38 3
0.404418 0.235657 0.478894 1.0694e-38 3
0.40965 0.234225 0.475983 9.40324e-39 3
0.414819 0.23281 0.473107 1.06018e-38 3
0.419926 0.231411 0.470266 1.05096e-38 3
0.42245 0.228665 0.464684 1.01404e-38 3
0.428686 0.227988 0.463309 1.07858e-38 3
-0.365205 0.262674 0.516826 7.93062e-39 3
-0.349925 0.257573 0.506791 9.49794e-39 3
-0.336295 0.253472 0.498721 8.85257e-39 3
-0.304655 0.241182 0.474541 1.10642e-38 3
-0.296987 0.241182 0.474541 1.16177e-38 3
-0.290199 0.241915 0.475983 1.11567e-38 3
-0.284237 0.243395 0.478894 1.10645e-38 3
-0.276499 0.243395 0.478894 1.01422e-38 3
-0.27125 0.245649 0.483328 1.07876e-38 3
-0.261824 0.244142 0.480363 1.05107e-38 3
-0.254845 0.244893 0.481841 1.05107e-38 3
-0.244056 0.241915 0.475983 1.01419e-38 3
-0.235649 0.241182 0.474541 1.0695e-38 3
-0.227981 0.241182 0.474541 1.12482e-38 3
-0.220314 0.241182 0.474541 9.866e-39 3
-0.21474 0.252667 0.497138 1.18943e-38 3
-0.206708 0.252667 0.497138 1.13404e-38 3
-0.198047 0.251868 0.495565 1.22624e-38 3
-0.188252 0.249499 0.490904 1.26312e-38 3
-0.179197 0.247945 0.487846 1.2078e-38 3
-0.172389 0.249499 0.490904 1.29085e-38 3
-0.166018 0.251868 0.495565 1.18021e-38 3
-0.158513 0.252667 0.497138 1.16184e-38 3
-0.15096 0.253472 0.498721 1.28159e-38 3
-0.143818 0.255097 0.501918 1.27233e-38 3
-0.136144 0.255917 0.503532 1.27219e-38 3
-0.0933913 0.230696 0.453908 1.48402e-38 3
-0.0858086 0.230029 0.452597 1.53913e-38 3
-0.0787233 0.230696 0.453908 1.36399e-38 3
-0.0724392 0.234089 0.460584 1.33648e-38 3
-0.0649973 0.234089 0.460584 1.44718e-38 3
-0.0577253 0.234779 0.461942 1.4564e-38 3
0.0458466 0.198479 0.39052 1.49339e-38 3
0.0526819 0.200479 0.394454 1.53016e-38 3
0.0589069 0.199975 0.393463 1.56704e-38 3
0.103035 0.187713 0.369336 1.36457e-38 3
0.108491 0.186831 0.367602 1.35542e-38 3
0.113366 0.185093 0.364182 1.37386e-38 3
0.119528 0.185525 0.365031 1.46598e-38 3
0.127205 0.188156 0.370209 1.39223e-38 3
0.324261 0.247175 0.48633 1.25408e-38 3
0.341472 0.242653 0.477434 1.18025e-38 3
0.352409 0.244893 0.481841 1.21702e-38 3
0.360195 0.244893 0.481841 1.05107e-38 3
0.369116 0.245649 0.483328 1.11557e-38 3
0.378092 0.246409 0.484825 1.09713e-38 3
0.382374 0.244142 0.480363 1.15241e-38 3
0.390136 0.244142 0.480363 1.16163e-38 3
0.39668 0.243395 0.478894 1.06025e-38 3
0.399531 0.240454 0.473107 1.09713e-38 3
0.407175 0.240454 0.473107 9.77274e-39 3
0.412328 0.23901 0.470266 9.40395e-39 3
0.414942 0.236173 0.464684 9.49615e-39 3
0.418722 0.234089 0.460584 1.0694e-38 3
-0.316165 0.229387 0.437426 8.94549e-39 3
-0.345453 0.262366 0.500314 9.5905e-39 3
-0.323916 0.251903 0.480363 1.05121e-38 3
-0.300108 0.245136 0.467458 1.06032e-38 3
-0.294312 0.246608 0.470266 1.07876e-38 3
-0.288446 0.248098 0.473107 1.14333e-38 3
-0.269586 0.251903 0.480363 1.17088e-38 3
-0.261024 0.251133 0.478894 8.94333e-39 3
-0.255631 0.253458 0.483328 9.68089e-39 3
-0.244056 0.249606 0.475983 1.04185e-38 3
-0.234937 0.248098 0.473107 1.06028e-38 3
-0.227981 0.24885 0.474541 1.04185e-38 3
-0.220314 0.24885 0.474541 1.09716e-38 3
-0.205602 0.249606 0.475983 1.18932e-38 3
-0.198515 0.250367 0.477434 1.19854e-38 3
-0.191971 0.251903 0.480363 1.2723e-38 3
-0.185347 0.253458 0.483328 1.21702e-38 3
-0.177538 0.253458 0.483328 1.20773e-38 3
-0.171315 0.255827 0.487846 1.26304e-38 3
-0.165495 0.259055 0.494001 1.12486e-38 3
-0.158011 0.259875 0.495565 1.20783e-38 3
-0.150004 0.259875 0.495565 1.37375e-38 3
-0.114728 0.236658 0.451292 1.18003e-38 3
-0.108373 0.238722 0.455228 1.32765e-38 3
-0.101018 0.238722 0.455228 1.24453e-38 3
-0.0933913 0.23803 0.453908 1.39187e-38 3
-0.0858086 0.237342 0.452597 1.36406e-38 3
-0.0784958 0.237342 0.452597 1.44707e-38 3
-0.0720156 0.240118 0.45789 1.48402e-38 3
-0.0648067 0.240822 0.459233 1.42874e-38 3
-0.0573867 0.240822 0.459233 1.37335e-38 3
-0.0511671 0.246608 0.470266 1.41942e-38 3
0.046543 0.2079 0.396452 1.64076e-38 3
0.052815 0.207375 0.395451 1.55771e-38 3
0.0592044 0.207375 0.395451 1.54845e-38 3
0.102792 0.193225 0.368467 1.50297e-38 3
0.107481 0.190978 0.364182 1.47531e-38 3
0.11258 0.189655 0.361659 1.4384e-38 3
0.12037 0.192771 0.367602 1.48442e-38 3
0.127506 0.194598 0.371086 1.43829e-38 3
0.134458 0.195991 0.373743 1.41066e-38 3
0.323708 0.237342 0.452597 1.20791e-38 3
0.33102 0.237342 0.452597 1.18025e-38 3
0.337358 0.236658 0.451292 1.18936e-38 3
0.373467 0.251133 0.478894 1.1894e-38 3
0.378887 0.249606 0.475983 1.15252e-38 3
0.386578 0.249606 0.475983 1.09716e-38 3
0.394269 0.249606 0.475983 1.07869e-38 3
0.398327 0.247351 0.471682 1.06032e-38 3
0.403518 0.24587 0.468858 1.08802e-38 3
0.407433 0.243681 0.464684 1.10638e-38 3
0.41128 0.241531 0.460584 1.10635e-38 3
-0.303199 0.217053 0.401534 9.86672e-39 3
-0.297474 0.217611 0.402567 1.03281e-38 3
-0.295528 0.22102 0.408873 9.22172e-39 3
-0.291203 0.222765 0.412101 1.01437e-38 3
-0.285295 0.223353 0.413188 9.77489e-39 3
-0.308762 0.247516 0.45789 9.03696e-39 3
-0.301363 0.247516 0.45789 8.94513e-39 3
-0.293108 0.246795 0.456555 1.02344e-38 3
-0.285731 0.246795 0.456555 1.08798e-38 3
-0.278355 0.246795 0.456555 1.0511e-38 3
-0.254063 0.259665 0.480363 1.14326e-38 3
-0.243316 0.256517 0.474541 1.04185e-38 3
-0.232826 0.253445 0.468858 1.17092e-38 3
-0.226608 0.254972 0.471682 1.09716e-38 3
-0.218987 0.254972 0.471682 1.21698e-38 3
-0.204979 0.256517 0.474541 1.29074e-38 3
-0.196123 0.254972 0.471682 1.2629e-38 3
-0.18421 0.259665 0.480363 1.26297e-38 3
-0.17484 0.257297 0.475983 1.24442e-38 3
-0.142559 0.230029 0.425539 1.17078e-38 3
-0.133507 0.226339 0.418712 1.24457e-38 3
-0.126742 0.226339 0.418712 1.35524e-38 3
-0.120621 0.227555 0.420963 1.18e-38 3
-0.116002 0.23192 0.429037 1.12475e-38 3
-0.111203 0.236454 0.437426 1.1617e-38 3
-0.107436 0.24395 0.451292 1.19858e-38 3
-0.100434 0.244655 0.452597 1.25382e-38 3
-0.0931214 0.244655 0.452597 1.28134e-38 3
-0.0858086 0.244655 0.452597 1.52097e-38 3
-0.0784958 0.244655 0.452597 1.43793e-38 3
-0.0720156 0.247516 0.45789 1.32736e-38 3
-0.0648067 0.248242 0.459233 1.39187e-38 3
0.0470192 0.216498 0.400507 1.60366e-38 3
0.0530831 0.214849 0.397458 1.56679e-38 3
0.059505 0.214849 0.397458 1.54824e-38 3
0.0972968 0.20012 0.370209 1.45673e-38 3
0.103035 0.199648 0.369336 1.44758e-38 3
0.107232 0.196405 0.363337 1.44754e-38 3
0.12151 0.200594 0.371086 1.51201e-38 3
0.128113 0.201549 0.372853 1.48435e-38 3
0.135103 0.202999 0.375536 1.41988e-38 3
0.142538 0.204965 0.379173 1.37379e-38 3
0.175058 0.20012 0.370209 1.3278e-38 3
0.181039 0.20012 0.370209 1.29092e-38 3
0.314576 0.243249 0.449995 1.2172e-38 3
0.316392 0.239126 0.442368 1.11571e-38 3
0.324456 0.239804 0.443622 1.13415e-38 3
0.332566 0.240485 0.444882 1.10649e-38 3
0.385407 0.256517 0.474541 1.11564e-38 3
0.393074 0.256517 0.474541 1.05103e-38 3
0.39476 0.252688 0.467458 1.06954e-38 3
-0.324163 0.220154 0.395451 8.39016e-39 3
-0.317774 0.220154 0.395451 8.75966e-39 3
-0.311384 0.220154 0.395451 8.57562e-39 3
-0.307323 0.221834 0.398469 8.76074e-39 3
-0.300885 0.221834 0.398469 9.59086e-39 3
-0.294446 0.221834 0.398469 7.93098e-39 3
-0.292473 0.225274 0.404647 1.00526e-38 3
-0.289678 0.228222 0.409943 9.6827e-39 3
-0.284544 0.229423 0.412101 1.02359e-38 3
-0.306077 0.252698 0.453908 9.31355e-39 3
-0.298743 0.252698 0.453908 8.85258e-39 3
-0.290567 0.251968 0.452597 9.22028e-39 3
-0.281626 0.25052 0.449995 1.03266e-38 3
-0.2325 0.230637 0.414282 8.57527e-39 3
-0.22521 0.230029 0.413188 9.95892e-39 3
-0.132797 0.231864 0.416485 1.07858e-38 3
-0.126067 0.231864 0.416485 1.14308e-38 3
-0.119976 0.233104 0.418712 1.22609e-38 3
-0.114126 0.234989 0.422098 1.33684e-38 3
-0.109974 0.240831 0.432592 1.28155e-38 3
-0.105015 0.24558 0.441122 1.16177e-38 3
-0.0990035 0.248379 0.446149 1.26319e-38 3
-0.0923209 0.249802 0.448706 1.34606e-38 3
-0.085071 0.249802 0.448706 1.31822e-38 3
-0.0778211 0.249802 0.448706 1.2445e-38 3
-0.0709779 0.251242 0.451292 1.29981e-38 3
-0.051497 0.229423 0.412101 1.31814e-38 3
-0.0448385 0.229423 0.412101 1.36417e-38 3
-0.0379802 0.228222 0.409943 1.48395e-38 3
-0.0313565 0.228222 0.409943 1.4931e-38 3
-0.0247978 0.228821 0.411019 1.43778e-38 3
-0.0182526 0.230029 0.413188 1.54842e-38 3
0.0150878 0.229423 0.412101 1.75078e-38 3
0.0352488 0.230637 0.414282 1.6861e-38 3
0.0415033 0.228222 0.409943 1.67695e-38 3
0.047752 0.226444 0.406749 1.60337e-38 3
0.0537654 0.224115 0.402567 1.53887e-38 3
0.0944408 0.213156 0.382881 1.50261e-38 3
0.097759 0.20708 0.371968 1.54889e-38 3
0.103769 0.20708 0.371968 1.46591e-38 3
0.12356 0.210074 0.377346 1.44736e-38 3
0.129657 0.210074 0.377346 1.429e-38 3
0.136742 0.211604 0.380093 1.48435e-38 3
0.143581 0.212636 0.381947 1.44751e-38 3
0.175058 0.206101 0.370209 1.43843e-38 3
0.181039 0.206101 0.370209 1.35546e-38 3
0.309245 0.246274 0.442368 1.16199e-38 3
0.312857 0.243522 0.437426 1.2172e-38 3
0.35213 0.246274 0.442368 1.10649e-38 3
0.340976 0.233729 0.419835 1.14333e-38 3
