# .PCD v0.7 - Point Cloud Data file format
VERSION 0.7
FIELDS x y z rgb label
SIZE 4 4 4 4 4
TYPE F F F F U
COUNT 1 1 1 1 1
WIDTH 3351
HEIGHT 1
VIEWPOINT 0 0 0 1 0 0 0
POINTS 3351
DATA ascii
-1.4729 -0.38707 1.90974 2.02615e-39 1
-1.43783 -0.347732 1.86427 1.74957e-39 1
-1.40771 -0.347732 1.86427 1.84177e-39 1
-1.43783 -0.31761 1.86427 1.84248e-39 1
-1.40771 -0.31761 1.86427 1.47226e-39 1
-1.46478 -0.337712 1.98226 1.65738e-39 1
-1.43275 -0.337712 1.98226 1.47335e-39 1
-1.47543 -0.355723 2.08798 2.02724e-39 1
-0.892159 -0.296436 1.73998 2.02616e-39 1
-0.827277 -0.283822 1.66594 1.56518e-39 1
-0.877167 -0.333491 1.95748 1.56374e-39 1
-0.86722 -0.342042 2.00767 2.02365e-39 1
-0.883125 -0.392342 2.30292 6.16924e-39 1
-0.845915 -0.392342 2.30292 3.68247e-39 1
-0.749454 -0.381132 2.23712 2.39422e-39 1
-0.912435 -0.274421 1.77953 1.74921e-39 1
-0.883682 -0.274421 1.77953 1.19568e-39 1
-0.908795 -0.301863 1.95748 2.21019e-39 1
-0.899659 -0.309603 2.00767 1.38042e-39 1
-0.86722 -0.309603 2.00767 2.85413e-39 1
-0.869204 -0.335403 2.17498 3.12928e-39 1
-0.883125 -0.355133 2.30292 5.52387e-39 1
-0.821746 -0.344986 2.23712 5.06469e-39 1
-0.7856 -0.344986 2.23712 1.9329e-39 1
-0.728636 -0.335403 2.17498 1.38007e-39 1
0.167132 -0.219537 1.42362 7.54995e-39 5
-0.933654 -0.251381 1.82091 1.65666e-39 1
-0.904233 -0.251381 1.82091 2.30203e-39 1
-0.874812 -0.251381 1.82091 1.38042e-39 1
-0.932097 -0.277164 2.00767 2.57897e-39 1
-0.923334 -0.284458 2.06051 1.47334e-39 1
-0.879904 -0.292146 2.11619 1.93252e-39 1
-0.869204 -0.300261 2.17498 2.94488e-39 1
-0.845809 -0.30449 2.20561 3.12713e-39 1
-0.787976 -0.296148 2.14518 4.60298e-39 1
-0.753315 -0.296148 2.14518 2.11656e-39 1
-0.738899 -0.30449 2.20561 1.56518e-39 1
-0.703262 -0.30449 2.20561 7.36494e-40 1
-0.790022 -0.360314 2.60997 1.56697e-39 1
0.128116 -0.207873 1.50575 4.23776e-39 5
0.149569 -0.203951 1.47734 1.42828e-38 5
0.173439 -0.203951 1.47734 1.58479e-38 5
0.197309 -0.203951 1.47734 1.57539e-38 5
0.225432 -0.207873 1.50575 1.36377e-38 5
0.265053 -0.2206 1.59794 4.14701e-39 5
-0.925762 -0.227245 1.86427 1.65701e-39 1
-0.866338 -0.235662 1.93331 1.65773e-39 1
-0.824916 -0.232788 1.90974 2.02616e-39 1
-0.868172 -0.254514 2.08798 2.30203e-39 1
-0.845712 -0.257954 2.11619 2.57646e-39 1
-0.845809 -0.268853 2.20561 3.95725e-39 1
-0.787976 -0.261487 2.14518 7.46104e-39 1
-0.763778 -0.265119 2.17498 3.12999e-39 1
-0.738899 -0.268853 2.20561 2.30274e-39 1
-0.764538 -0.30788 2.52578 1.84356e-39 1
0.0810157 -0.187143 1.53528 1.13394e-38 5
0.107938 -0.190886 1.56598 1.77005e-38 5
0.130628 -0.187143 1.53528 1.76969e-38 5
0.155434 -0.187143 1.53528 1.8616e-38 5
0.17849 -0.185326 1.52037 2.00914e-38 5
0.205046 -0.187143 1.53528 1.89844e-38 5
0.232128 -0.188996 1.55048 1.80657e-38 5
0.265053 -0.194781 1.59794 1.55804e-38 5
-0.972051 -0.206979 1.95748 1.93432e-39 1
-0.877167 -0.206979 1.95748 1.74957e-39 1
-0.878482 -0.215044 2.03375 1.47406e-39 1
-0.904346 -0.229977 2.17498 1.56518e-39 1
-0.869204 -0.229977 2.17498 2.02437e-39 1
-0.857892 -0.236548 2.23712 3.40407e-39 1
-0.821746 -0.236548 2.23712 8.01277e-39 1
-0.763778 -0.229977 2.17498 3.22038e-39 1
-0.738899 -0.233216 2.20561 1.74921e-39 1
-0.693494 -0.229977 2.17498 1.29039e-39 1
-0.764538 -0.26707 2.52578 1.65917e-39 1
-0.80127 -0.295685 2.7964 1.84392e-39 1
0.0810157 -0.162337 1.53528 5.99022e-39 5
0.105822 -0.162337 1.53528 1.64058e-38 5
0.130628 -0.162337 1.53528 1.77891e-38 5
0.148171 -0.154751 1.46354 2.06475e-38 5
0.171818 -0.154751 1.46354 2.05568e-38 5
0.203056 -0.160761 1.52037 2.05557e-38 5
0.227621 -0.160761 1.52037 2.0372e-38 5
0.252186 -0.160761 1.52037 2.00972e-38 5
0.290871 -0.168963 1.59794 1.23531e-38 5
-0.857892 -0.200402 2.23712 3.77286e-39 1
-0.833656 -0.203306 2.26954 7.18265e-39 1
-0.790022 -0.233802 2.60997 2.21235e-39 1
-0.80127 -0.250502 2.7964 1.84321e-39 1
0.0794577 -0.134886 1.50575 5.4374e-39 5
0.103787 -0.134886 1.50575 1.53005e-38 5
0.116878 -0.123054 1.37367 1.60388e-38 5
0.146799 -0.12989 1.44999 1.8253e-38 5
0.170227 -0.12989 1.44999 2.00058e-38 5
0.195465 -0.131104 1.46354 2.01902e-38 5
0.221179 -0.132341 1.47734 2.02823e-38 5
0.245049 -0.132341 1.47734 1.94526e-38 5
0.268919 -0.132341 1.47734 1.56718e-38 5
0.0955206 -0.101751 1.38583 2.67188e-39 5
0.117912 -0.101751 1.38583 2.76337e-39 5
0.146799 -0.106462 1.44999 1.17074e-38 5
0.170227 -0.106462 1.44999 1.97292e-38 5
0.195465 -0.107457 1.46354 1.97292e-38 5
0.221179 -0.108471 1.47734 2.0282e-38 5
0.242759 -0.107457 1.46354 2.0004e-38 5
0.266406 -0.107457 1.46354 1.74207e-38 5
0.301317 -0.11163 1.52037 9.02976e-39 5
0.124524 -0.0838101 1.46354 2.48714e-39 5
0.148171 -0.0838101 1.46354 1.41964e-38 5
0.171818 -0.0838101 1.46354 1.8992e-38 5
0.195465 -0.0838101 1.46354 2.02813e-38 5
0.221179 -0.0846008 1.47734 1.98214e-38 5
0.245049 -0.0846008 1.47734 1.98181e-38 5
0.266406 -0.0838101 1.46354 1.68631e-38 5
0.301317 -0.0870649 1.52037 1.29884e-38 5
0.124524 -0.0601632 1.46354 6.35899e-39 5
0.148171 -0.0601632 1.46354 1.8159e-38 5
0.171818 -0.0601632 1.46354 2.07422e-38 5
0.195465 -0.0601632 1.46354 2.0466e-38 5
0.221179 -0.0607308 1.47734 1.97284e-38 5
0.245049 -0.0607308 1.47734 1.8617e-38 5
0.298419 -0.0618987 1.50575 1.41851e-38 5
0.319675 -0.0613091 1.49141 1.38192e-38 5
0.353883 -0.0631124 1.53528 8.29364e-39 5
0.124524 -0.0365162 1.46354 6.72705e-39 5
0.148171 -0.0365162 1.46354 1.64065e-38 5
0.171818 -0.0365162 1.46354 2.01883e-38 5
0.195465 -0.0365162 1.46354 2.03738e-38 5
0.221179 -0.0368607 1.47734 1.9727e-38 5
0.245049 -0.0368607 1.47734 1.76918e-38 5
0.268919 -0.0368607 1.47734 1.59368e-38 5
0.295577 -0.0372118 1.49141 1.45546e-38 5
0.316659 -0.0368607 1.47734 1.41888e-38 5
-1.18548 -0.0191251 2.17498 9.78063e-39 3
-1.16654 -0.0193945 2.20561 9.87175e-39 3
-0.892159 -0.0153001 1.73998 7.10372e-39 3
-0.883682 -0.0156478 1.77953 9.12951e-39 3
-1.01667 -0.0186082 2.11619 9.77164e-39 3
-0.908795 -0.0172126 1.95748 1.02301e-38 3
-0.923334 -0.0181186 2.06051 1.03223e-38 3
-0.914097 -0.0186082 2.11619 7.64646e-39 3
-0.917083 -0.0193945 2.20561 5.437e-39 3
-0.894038 -0.0196716 2.23712 9.23103e-39 3
-0.870326 -0.0199567 2.26954 9.97328e-39 3
-0.845915 -0.0202501 2.30292 7.84525e-39 3
-0.808706 -0.0202501 2.30292 5.53606e-39 3
-0.771497 -0.0202501 2.30292 6.00422e-39 3
-0.846298 -0.0233392 2.65421 5.08011e-39 3
-0.846453 -0.0245895 2.7964 2.85987e-39 3
-0.862906 -0.026481 3.01151 3.77967e-39 3
-0.262444 -0.0382503 4.34996 4.51759e-39 3
-0.14412 -0.0286877 3.26247 4.70126e-39 3
-0.0577306 -0.0181186 2.06051 4.4236e-39 3
-0.0193468 -0.0143439 1.63123 4.42539e-39 3
0.00700966 -0.0143439 1.63123 4.24172e-39 3
0.0333662 -0.0143439 1.63123 3.87222e-39 3
0.0556639 -0.013369 1.52037 3.77931e-39 3
0.101829 -0.0129907 1.47734 3.8715e-39 5
0.125699 -0.0129907 1.47734 5.25227e-39 5
0.148171 -0.0128693 1.46354 1.43779e-38 5
0.173439 -0.0129907 1.47734 1.98188e-38 5
0.195465 -0.0128693 1.46354 2.06508e-38 5
0.219112 -0.0128693 1.46354 1.91745e-38 5
0.245049 -0.0129907 1.47734 1.64933e-38 5
0.268919 -0.0129907 1.47734 1.53848e-38 5
0.295577 -0.0131144 1.49141 1.49263e-38 5
0.316659 -0.0129907 1.47734 1.64047e-38 5
0.343772 -0.0131144 1.49141 1.31818e-38 5
0.375013 -0.013369 1.52037 3.78002e-39 5
0.403495 -0.0135001 1.53528 4.51722e-39 3
0.428301 -0.0135001 1.53528 4.14844e-39 3
0.405412 -0.012079 1.37367 4.51722e-39 3
0.340555 -0.00871525 0.991129 3.8715e-39 3
0.344934 -0.00773601 0.879766 3.31904e-39 3
0.359149 -0.00773601 0.879766 3.13465e-39 3
0.395588 -0.00819649 0.932133 3.41124e-39 3
0.410649 -0.00819649 0.932133 3.68747e-39 3
0.474676 -0.00882699 1.00384 3.59491e-39 3
0.554925 -0.00997833 1.13477 3.13394e-39 3
-2.26374 0.0230643 3.13197 3.04102e-39 3
-1.72902 0.018019 2.44685 3.4098e-39 3
-1.5901 0.016959 2.30292 4.14701e-39 3
-1.38943 0.0151739 2.06051 4.05589e-39 3
-1.22698 0.0137287 1.86427 3.41089e-39 3
-1.18278 0.0135672 1.84233 3.41089e-39 3
-1.1396 0.0134095 1.82091 3.59492e-39 3
-0.915468 0.0120127 1.63123 4.70414e-39 3
-1.18548 0.0160169 2.17498 5.35165e-39 3
-1.20035 0.0167133 2.26954 4.61409e-39 3
-1.02941 0.0147848 2.00767 4.98108e-39 3
-0.996975 0.0147848 2.00767 4.79453e-39 3
-0.964536 0.0147848 2.00767 5.16151e-39 3
-1.00977 0.0160169 2.17498 5.16151e-39 3
-1.03196 0.016959 2.30292 5.16115e-39 3
-0.966331 0.0164745 2.23712 5.15936e-39 3
-0.943666 0.0167133 2.26954 3.96441e-39 3
-0.906996 0.0167133 2.26954 5.26018e-39 3
-0.870326 0.0167133 2.26954 4.89463e-39 3
-0.845915 0.016959 2.30292 4.43006e-39 3
-0.808706 0.016959 2.30292 4.88781e-39 3
-0.771497 0.016959 2.30292 4.6141e-39 3
-0.894365 0.0217588 2.95469 4.33356e-39 3
-1.24642 0.0320337 4.34996 5.16296e-39 3
-0.236199 0.0288304 3.91496 5.99272e-39 3
-0.123531 0.0205931 2.7964 5.53174e-39 3
-0.0577306 0.0151739 2.06051 5.34735e-39 3
-0.018952 0.0117675 1.59794 4.88637e-39 3
0.00686661 0.0117675 1.59794 5.43954e-39 3
0.0337174 0.0121391 1.6484 5.62394e-39 3
0.0579129 0.0116486 1.5818 5.62214e-39 3
0.0802292 0.0111963 1.52037 5.71362e-39 3
0.103787 0.0110886 1.50575 5.62286e-39 3
0.128116 0.0110886 1.50575 8.29437e-39 5
0.149569 0.0108794 1.47734 1.54838e-38 5
0.173439 0.0108794 1.47734 1.81597e-38 5
0.197309 0.0108794 1.47734 1.88987e-38 5
0.219112 0.0107777 1.46354 1.76983e-38 5
0.245049 0.0108794 1.47734 1.7788e-38 5
0.27148 0.010983 1.49141 1.64025e-38 5
0.298419 0.0110886 1.50575 1.71426e-38 5
0.322749 0.0110886 1.50575 1.64994e-38 5
0.353883 0.011306 1.53528 9.31177e-39 3
0.36787 0.010983 1.49141 5.43954e-39 3
0.403495 0.011306 1.53528 5.53102e-39 3
0.404507 0.0106779 1.44999 4.97785e-39 3
0.391669 0.00977301 1.32711 5.25443e-39 3
0.413112 0.00977301 1.32711 5.53102e-39 3
0.37704 0.00847952 1.15146 5.25371e-39 3
0.368546 0.00789873 1.07259 5.25371e-39 3
0.385876 0.00789873 1.07259 5.34591e-39 3
0.365466 0.00686437 0.932133 4.79346e-39 3
0.380527 0.00686437 0.932133 4.60907e-39 3
0.395588 0.00686437 0.932133 4.88529e-39 3
0.431181 0.00720759 0.97874 3.8715e-39 3
0.507188 0.00789873 1.07259 4.33248e-39 3
0.554925 0.00835663 1.13477 4.05589e-39 3
-3.61617 0.115107 4.8937 3.41124e-39 3
-2.09606 0.0682118 2.89997 3.13394e-39 3
-1.72902 0.0575537 2.44685 3.31796e-39 3
-1.54467 0.0526206 2.23712 3.68711e-39 3
-1.38943 0.0484663 2.06051 3.50308e-39 3
-1.22698 0.0438505 1.86427 3.87186e-39 3
-1.16902 0.0428307 1.82091 4.14845e-39 3
-1.1396 0.0428307 1.82091 3.68747e-39 3
-1.06084 0.0409271 1.73998 4.60943e-39 3
-1.03273 0.0409271 1.73998 4.60978e-39 3
-0.982774 0.0400374 1.70216 4.05697e-39 3
-1.07177 0.04492 1.90974 4.24244e-39 3
-1.21935 0.0526206 2.23712 4.51938e-39 3
-1.25492 0.0558097 2.3727 4.6105e-39 3
-1.1152 0.0511589 2.17498 4.6105e-39 3
-1.08006 0.0511589 2.17498 4.79417e-39 3
-1.04491 0.0511589 2.17498 4.24028e-39 3
-1.06917 0.0541682 2.30292 5.06932e-39 3
-1.11386 0.0584673 2.48569 4.79273e-39 3
-1.0737 0.0584673 2.48569 4.51759e-39 3
-0.943666 0.0533832 2.26954 4.70342e-39 3
-0.93407 0.0549767 2.33729 5.34771e-39 3
-0.883125 0.0541682 2.30292 4.70198e-39 3
-0.845915 0.0541682 2.30292 4.51903e-39 3
-0.808706 0.0541682 2.30292 5.34879e-39 3
-0.771497 0.0541682 2.30292 5.62393e-39 3
-0.832193 0.0613907 2.60997 4.97785e-39 3
-0.894365 0.0694989 2.95469 6.08491e-39 3
-1.24642 0.102318 4.34996 5.43954e-39 3
-0.690597 0.115107 4.8937 5.992e-39 3
-0.611527 0.115107 4.8937 7.00687e-39 3
-0.501137 0.108336 4.60584 6.82248e-39 3
-0.426718 0.108336 4.60584 6.3615e-39 3
-0.3523 0.108336 4.60584 5.99272e-39 3
-0.181692 0.0708354 3.01151 6.45369e-39 3
-0.111577 0.0594103 2.52578 5.80796e-39 3
-0.0562503 0.0472236 2.00767 6.17711e-39 3
-0.018952 0.0375861 1.59794 7.37565e-39 3
0.00659733 0.0361122 1.53528 7.09906e-39 3
0.0314035 0.0361122 1.53528 7.37565e-39 3
0.0579129 0.0372065 1.5818 7.00615e-39 3
0.0810157 0.0361122 1.53528 5.99092e-39 3
0.104794 0.0357616 1.52037 7.00615e-39 3
0.128116 0.0354177 1.50575 1.27201e-38 3
0.149569 0.0347494 1.47734 1.96341e-38 5
0.173439 0.0347494 1.47734 1.48417e-38 5
0.197309 0.0347494 1.47734 1.25379e-38 5
0.219112 0.0344247 1.46354 1.34595e-38 5
0.245049 0.0347494 1.47734 1.66853e-38 5
0.27148 0.0350804 1.49141 1.99103e-38 5
0.304271 0.0361122 1.53528 1.38247e-38 5
0.329077 0.0361122 1.53528 1.49346e-38 5
0.350447 0.0357616 1.52037 1.1156e-38 3
0.36787 0.0350804 1.49141 5.90124e-39 3
0.377583 0.033793 1.43668 5.80761e-39 3
0.37661 0.0317538 1.34999 5.71541e-39 3
0.427935 0.0341059 1.44999 6.08419e-39 3
0.393123 0.0297052 1.26289 5.71541e-39 3
0.382667 0.0274884 1.16864 5.80796e-39 3
0.40155 0.0274884 1.16864 5.34698e-39 3
0.37736 0.0236118 1.00384 5.43883e-39 3
0.388597 0.0233129 0.991129 4.60943e-39 3
0.399553 0.0230215 0.97874 5.25515e-39 3
0.415367 0.0230215 0.97874 4.97856e-39 3
0.453875 0.0242332 1.03025 4.70198e-39 3
0.503657 0.0259397 1.10281 5.53102e-39 3
0.53659 0.0266916 1.13477 4.97785e-39 3
-2.69493 0.147944 3.72853 3.59563e-39 3
-1.78479 0.10022 2.52578 3.96441e-39 3
-1.5901 0.0913774 2.30292 3.41089e-39 3
-1.38943 0.0817587 2.06051 3.50308e-39 3
-1.25691 0.0757764 1.90974 3.96406e-39 3
-1.14246 0.0706098 1.77953 3.96406e-39 3
-1.1137 0.0706098 1.77953 2.95063e-39 3
-1.13661 0.0739722 1.86427 3.78038e-39 3
-1.13348 0.0757764 1.90974 3.96549e-39 3
-1.10262 0.0757764 1.90974 4.05697e-39 3
-1.22062 0.0863009 2.17498 4.79382e-39 3
-1.25522 0.0913774 2.30292 4.70198e-39 3
-1.25492 0.0941464 2.3727 4.42575e-39 3
-1.14706 0.0887666 2.23712 4.42539e-39 3
-1.11091 0.0887666 2.23712 4.97928e-39 3
-1.21345 0.10022 2.52578 4.5183e-39 3
-1.15403 0.0986296 2.48569 4.97785e-39 3
-1.13183 0.10022 2.52578 4.79381e-39 3
-1.09102 0.10022 2.52578 4.97856e-39 3
-0.957543 0.0913774 2.30292 5.1626e-39 3
-0.93407 0.0927413 2.33729 5.1626e-39 3
-0.883125 0.0913774 2.30292 5.07041e-39 3
-0.845915 0.0913774 2.30292 5.71685e-39 3
-0.808706 0.0913774 2.30292 5.44027e-39 3
-0.771497 0.0913774 2.30292 5.62501e-39 3
-0.81855 0.101863 2.56719 5.53102e-39 3
-0.894365 0.117239 2.95469 5.992e-39 3
-1.28203 0.177533 4.47424 5.99236e-39 3
-1.00687 0.194177 4.8937 7.19054e-39 3
-0.78131 0.163517 4.12101 7.19162e-39 3
-0.714725 0.163517 4.12101 5.71614e-39 3
-0.526169 0.147944 3.72853 5.34699e-39 3
-0.376324 0.119494 3.01151 6.08492e-39 3
-0.288791 0.105316 2.65421 5.90052e-39 3
-0.245905 0.105316 2.65421 5.16296e-39 3
-0.206521 0.107132 2.69997 5.25515e-39 3
-0.157466 0.103561 2.60997 6.45333e-39 3
-0.111577 0.10022 2.52578 5.90016e-39 3
-0.0562503 0.0796624 2.00767 5.80796e-39 3
-0.0193468 0.0647257 1.63123 6.82176e-39 3
0.00659733 0.0609183 1.53528 7.37565e-39 3
0.0314035 0.0609183 1.53528 7.65224e-39 3
0.0585039 0.0634047 1.59794 7.74443e-39 3
0.0810157 0.0609183 1.53528 7.00687e-39 3
0.104794 0.0603268 1.52037 9.49615e-39 3
0.128116 0.0597468 1.50575 1.64094e-38 3
0.149569 0.0586195 1.47734 1.76076e-38 3
0.17509 0.0591778 1.49141 1.07862e-38 3
0.197309 0.0586195 1.47734 7.09871e-39 3
0.219112 0.0580716 1.46354 7.83556e-39 3
0.245049 0.0586195 1.47734 1.64098e-38 3
0.27409 0.0597468 1.50575 1.92671e-38 3
0.307283 0.0615214 1.55048 1.14301e-38 3
0.353325 0.065407 1.6484 8.66604e-39 3
0.38813 0.0668136 1.68385 7.00867e-39 3
0.402357 0.0647257 1.63123 6.54625e-39 3
0.495862 0.0748634 1.88673 6.45369e-39 3
0.436868 0.0621366 1.56598 5.53174e-39 3
0.444394 0.0597468 1.50575 6.08491e-39 3
0.399567 0.0509317 1.28359 5.80832e-39 3
0.388465 0.0470732 1.18635 5.62357e-39 3
0.395645 0.0456887 1.15146 5.80761e-39 3
0.408245 0.0450266 1.13477 5.80761e-39 3
0.420486 0.0443833 1.11856 5.53066e-39 3
0.438559 0.0443833 1.11856 4.70162e-39 3
0.399553 0.0388354 0.97874 4.70234e-39 3
0.415367 0.0388354 0.97874 4.61014e-39 3
0.453875 0.0408794 1.03025 4.61014e-39 3
0.503657 0.0437582 1.10281 3.78002e-39 3
-1.97602 0.156141 2.7964 3.59528e-39 3
-1.74398 0.14103 2.52578 3.59528e-39 3
-1.64995 0.136623 2.44685 4.24029e-39 3
-1.39279 0.118161 2.11619 4.97821e-39 3
-1.32284 0.115051 2.06051 5.34735e-39 3
-1.28955 0.115051 2.06051 5.25551e-39 3
-1.22405 0.112101 2.00767 3.8733e-39 3
-1.29091 0.121443 2.17498 4.1506e-39 3
-1.25577 0.121443 2.17498 4.79561e-39 3
-1.22062 0.121443 2.17498 4.51795e-39 3
-1.23702 0.126723 2.26954 4.70198e-39 3
-1.25492 0.132483 2.3727 4.61014e-39 3
-1.19842 0.130506 2.33729 5.62465e-39 3
-1.17824 0.132483 2.3727 6.17783e-39 3
-1.15744 0.134521 2.40921 5.90052e-39 3
-1.10157 0.132483 2.3727 6.3615e-39 3
-1.04736 0.130506 2.33729 5.62358e-39 3
-0.994752 0.128587 2.30292 6.72957e-39 3
-0.943666 0.126723 2.26954 6.26859e-39 3
-0.906996 0.126723 2.26954 5.80869e-39 3
-0.870326 0.126723 2.26954 4.88602e-39 3
-0.845915 0.128587 2.30292 5.90017e-39 3
-0.796986 0.126723 2.26954 5.25443e-39 3
-0.771497 0.128587 2.30292 6.45298e-39 3
-0.756539 0.132483 2.3727 6.82176e-39 3
-0.764538 0.14103 2.52578 6.35971e-39 3
-0.830947 0.161924 2.89997 7.09727e-39 3
-1.32315 0.273247 4.8937 7.1891e-39 3
-1.24408 0.273247 4.8937 7.37349e-39 3
-0.78131 0.230102 4.12101 6.26967e-39 3
-0.646656 0.208188 3.72853 6.63845e-39 3
-0.586412 0.208188 3.72853 6.3615e-39 3
-0.526169 0.208188 3.72853 7.19091e-39 3
-0.326148 0.145731 2.60997 7.65224e-39 3
-0.288791 0.148202 2.65421 7.28382e-39 3
-0.250145 0.150757 2.69997 8.02138e-39 3
-0.210144 0.153402 2.74734 8.66567e-39 3
-0.157466 0.145731 2.60997 9.03373e-39 3
-0.113406 0.143342 2.56719 9.31032e-39 3
-0.0577306 0.115051 2.06051 9.67982e-39 3
-0.0193468 0.0910822 1.63123 8.94298e-39 3
0.00672928 0.0874389 1.56598 8.38908e-39 3
0.0314035 0.0857244 1.53528 8.11358e-39 3
0.0562096 0.0857244 1.53528 8.02138e-39 3
0.0677344 0.0716712 1.28359 8.02138e-39 3
0.104794 0.0848921 1.52037 7.92882e-39 3
0.125699 0.0824895 1.47734 8.94298e-39 3
0.148171 0.0817186 1.46354 9.12665e-39 3
0.173439 0.0824895 1.47734 9.03445e-39 3
0.197309 0.0824895 1.47734 9.95713e-39 3
0.219112 0.0817186 1.46354 1.01408e-38 3
0.245049 0.0824895 1.47734 1.23524e-38 3
0.276751 0.0848921 1.52037 1.46573e-38 3
0.310356 0.0874389 1.56598 1.0049e-38 3
0.357084 0.0930201 1.66594 7.5604e-39 3
0.38813 0.0940203 1.68385 7.00831e-39 3
0.419851 0.0950423 1.70216 7.00831e-39 3
0.501909 0.106633 1.90974 6.91467e-39 3
0.45507 0.0910822 1.63123 7.09906e-39 3
0.46217 0.0874389 1.56598 6.45369e-39 3
0.406227 0.0728657 1.30499 6.45369e-39 3
0.394442 0.0672607 1.2046 7.1909e-39 3
0.395645 0.0642933 1.15146 5.90052e-39 3
0.408245 0.0633615 1.13477 6.63809e-39 3
0.420486 0.0624564 1.11856 5.99236e-39 3
0.403936 0.0575256 1.03025 6.63809e-39 3
0.399553 0.0546493 0.97874 6.36186e-39 3
0.415367 0.0546493 0.97874 5.16332e-39 3
0.447981 0.0567785 1.01687 5.16475e-39 3
0.476795 0.0582926 1.04399 6.08635e-39 3
-2.07936 0.21681 3.01151 4.24065e-39 3
-1.82063 0.194381 2.69997 3.96406e-39 3
-1.61041 0.176158 2.44685 4.51759e-39 3
-1.39633 0.156585 2.17498 4.33319e-39 3
-1.36119 0.156585 2.17498 5.25515e-39 3
-1.36394 0.161059 2.23712 4.97928e-39 3
-1.32779 0.161059 2.23712 5.44026e-39 3
-1.25577 0.156585 2.17498 6.17855e-39 3
-1.23782 0.15879 2.20561 5.34842e-39 3
-1.21935 0.161059 2.23712 5.62393e-39 3
-1.23619 0.16827 2.33729 6.36222e-39 3
-1.1808 0.165796 2.30292 5.25587e-39 3
-1.16066 0.16827 2.33729 5.80832e-39 3
-1.13991 0.17082 2.3727 5.80832e-39 3
-1.08513 0.16827 2.33729 5.71541e-39 3
-1.03196 0.165796 2.30292 5.53102e-39 3
-0.980335 0.163393 2.26954 6.17639e-39 3
-0.930185 0.161059 2.23712 5.99236e-39 3
-0.894038 0.161059 2.23712 6.1764e-39 3
-0.857892 0.161059 2.23712 5.62358e-39 3
-0.833656 0.163393 2.26954 6.54554e-39 3
-0.796986 0.163393 2.26954 7.19054e-39 3
-0.771497 0.165796 2.30292 8.38909e-39 3
-0.745247 0.16827 2.33729 8.0203e-39 3
-0.718202 0.17082 2.3727 9.31141e-39 3
-0.679865 0.17082 2.3727 8.01922e-39 3
-0.814248 0.21681 3.01151 7.83519e-39 3
-1.24408 0.352316 4.8937 6.72884e-39 3
-0.79881 0.331592 4.60584 8.11393e-39 3
-0.684148 0.31317 4.34996 7.37565e-39 3
-0.613864 0.31317 4.34996 8.02102e-39 3
-0.305764 0.176158 2.44685 8.38909e-39 3
-0.274817 0.181841 2.52578 8.11322e-39 3
-0.250145 0.194381 2.69997 8.66639e-39 3
-0.210144 0.197791 2.74734 8.75715e-39 3
-0.214727 0.25623 3.55905 9.12593e-39 3
-0.115296 0.187902 2.60997 8.84934e-39 3
-0.0609378 0.156585 2.17498 8.29689e-39 3
-0.0197585 0.119937 1.66594 8.57419e-39 3
0.00672928 0.112741 1.56598 8.48164e-39 3
0.0314035 0.110531 1.53528 8.57491e-39 3
0.0562096 0.110531 1.53528 8.76002e-39 3
0.0810157 0.110531 1.53528 8.8515e-39 3
0.088474 0.0924108 1.28359 8.482e-39 3
0.125699 0.10636 1.47734 9.31104e-39 3
0.149569 0.10636 1.47734 9.49543e-39 3
0.173439 0.10636 1.47734 9.40252e-39 3
0.197309 0.10636 1.47734 9.5869e-39 3
0.221179 0.10636 1.47734 1.00479e-38 3
0.247383 0.107373 1.49141 9.86349e-39 3
0.290871 0.115042 1.59794 9.40216e-39 3
0.330166 0.119937 1.66594 9.21957e-39 3
0.368856 0.123891 1.72086 9.12773e-39 3
0.401068 0.125268 1.73998 8.76003e-39 3
0.438935 0.128115 1.77953 8.39124e-39 3
0.508105 0.139187 1.93331 7.83699e-39 3
0.552997 0.14271 1.98226 7.83663e-39 3
0.481427 0.117439 1.63123 6.73028e-39 3
0.487472 0.112741 1.56598 6.82248e-39 3
0.427312 0.093951 1.30499 7.37565e-39 3
0.413905 0.086724 1.2046 7.56004e-39 3
0.408245 0.0816965 1.13477 6.54589e-39 3
0.42658 0.0816965 1.13477 6.91468e-39 3
0.432383 0.0793952 1.10281 6.63809e-39 3
0.420583 0.0741718 1.03025 6.3615e-39 3
0.426018 0.07227 1.00384 6.17783e-39 3
0.447981 0.0732085 1.01687 5.80904e-39 3
0.476795 0.0751608 1.04399 5.71685e-39 3
1.95739 0.117439 1.63123 3.31905e-39 3
-2.76642 0.345108 3.91496 5.16296e-39 3
-2.57445 0.328675 3.72853 5.71578e-39 3
-2.5142 0.328675 3.72853 5.80797e-39 3
-1.84047 0.246506 2.7964 5.99272e-39 3
-1.52327 0.209157 2.3727 6.54589e-39 3
-1.48494 0.209157 2.3727 6.3615e-39 3
-1.40405 0.203005 2.30292 6.08491e-39 3
-1.32779 0.197205 2.23712 6.17783e-39 3
-1.29165 0.197205 2.23712 4.88781e-39 3
-1.27369 0.200063 2.26954 5.43954e-39 3
-1.27395 0.206035 2.33729 5.71541e-39 3
-1.23619 0.206035 2.33729 5.80832e-39 3
-1.1808 0.203005 2.30292 6.17711e-39 3
-1.16066 0.206035 2.33729 6.54589e-39 3
-1.13991 0.209157 2.3727 6.54517e-39 3
-1.06917 0.203005 2.30292 7.46713e-39 3
-1.03196 0.203005 2.30292 7.65152e-39 3
-0.95272 0.194427 2.20561 7.65152e-39 3
-0.917083 0.194427 2.20561 8.75787e-39 3
-0.881446 0.194427 2.20561 7.65152e-39 3
-0.845809 0.194427 2.20561 8.20469e-39 3
-0.821746 0.197205 2.23712 9.58763e-39 3
-0.7856 0.197205 2.23712 8.48128e-39 3
-0.760316 0.200063 2.26954 8.29689e-39 3
-0.723646 0.200063 2.26954 7.74371e-39 3
-0.697079 0.203005 2.30292 7.92811e-39 3
-0.669718 0.206035 2.33729 7.46785e-39 3
-0.784091 0.255636 2.89997 7.37565e-39 3
-1.04765 0.363272 4.12101 6.91431e-39 3
-0.724392 0.40601 4.60584 8.11322e-39 3
-0.324987 0.203005 2.30292 8.38981e-39 3
-0.296498 0.209157 2.3727 8.85006e-39 3
-0.270455 0.219117 2.48569 8.94298e-39 3
-0.250145 0.238006 2.69997 9.49615e-39 3
-0.285195 0.328675 3.72853 9.21812e-39 3
-0.205391 0.300094 3.40431 7.92738e-39 3
-0.115296 0.230072 2.60997 7.83627e-39 3
-0.068555 0.215693 2.44685 8.3898e-39 3
-0.0232162 0.172554 1.95748 8.29833e-39 3
0.00700966 0.143795 1.63123 8.66639e-39 3
0.0314035 0.135337 1.53528 8.7593e-39 3
0.0562096 0.135337 1.53528 8.85222e-39 3
0.0843225 0.140861 1.59794 9.77274e-39 3
0.10687 0.136677 1.55048 1.0049e-38 3
0.12936 0.134023 1.52037 1.00486e-38 3
0.150993 0.13147 1.49141 1.01401e-38 3
0.176774 0.132734 1.50575 9.95569e-39 3
0.199188 0.13147 1.49141 1.06011e-38 3
0.225432 0.132734 1.50575 1.05089e-38 3
0.252186 0.134023 1.52037 1.00479e-38 3
0.296931 0.143795 1.63123 8.94154e-39 3
0.326691 0.145309 1.6484 8.11393e-39 3
0.368856 0.151696 1.72086 8.48344e-39 3
0.401068 0.153382 1.73998 7.83735e-39 3
0.438935 0.156867 1.77953 7.74515e-39 3
0.508105 0.170424 1.93331 8.11393e-39 3
0.552997 0.174738 1.98226 8.29833e-39 3
0.502358 0.150047 1.70216 7.56076e-39 3
0.541636 0.153382 1.73998 8.02174e-39 3
1.1654 0.313735 3.55905 8.29832e-39 3
1.16973 0.300094 3.40431 7.92954e-39 3
0.938965 0.230072 2.60997 7.92882e-39 3
0.981135 0.230072 2.60997 7.83663e-39 3
0.807873 0.181636 2.06051 7.46749e-39 3
0.456632 0.0986024 1.11856 8.3898e-39 3
0.46802 0.0972137 1.10281 8.3898e-39 3
1.95739 0.143795 1.63123 3.41124e-39 3
2.02596 0.146855 1.66594 3.13502e-39 3
-2.75518 0.388918 3.72853 4.70162e-39 3
-2.57244 0.37124 3.55905 4.70198e-39 3
-2.63469 0.388918 3.72853 4.79417e-39 3
-2.57445 0.388918 3.72853 5.16296e-39 3
-2.63991 0.408364 3.91496 4.1488e-39 3
-2.45396 0.388918 3.72853 5.16295e-39 3
-1.79529 0.291689 2.7964 5.34698e-39 3
-1.48494 0.247493 2.3727 5.0704e-39 3
-1.40405 0.240214 2.30292 5.34735e-39 3
-1.32779 0.233351 2.23712 5.80833e-39 3
-1.36993 0.247493 2.3727 6.27002e-39 3
-1.35208 0.251301 2.40921 6.3615e-39 3
-1.31315 0.251301 2.40921 5.71577e-39 3
-1.29413 0.255228 2.44685 6.82247e-39 3
-1.21658 0.247493 2.3727 7.28345e-39 3
-1.17824 0.247493 2.3727 7.37493e-39 3
-1.15744 0.251301 2.40921 6.72956e-39 3
-1.06917 0.240214 2.30292 8.29581e-39 3
-1.01701 0.236733 2.26954 7.65152e-39 3
-0.95272 0.230064 2.20561 7.74336e-39 3
-0.917083 0.230064 2.20561 8.11142e-39 3
-0.881446 0.230064 2.20561 8.20397e-39 3
-0.845809 0.230064 2.20561 7.92703e-39 3
-0.821746 0.233351 2.23712 7.92811e-39 3
-0.774535 0.230064 2.20561 7.65152e-39 3
-0.749454 0.233351 2.23712 8.02102e-39 3
-0.713308 0.233351 2.23712 8.3898e-39 3
-0.667625 0.230064 2.20561 8.66639e-39 3
-0.631988 0.230064 2.20561 8.94369e-39 3
-0.596351 0.230064 2.20561 9.58906e-39 3
-0.737235 0.302492 2.89997 9.77309e-39 3
-1.09648 0.480428 4.60584 9.95713e-39 3
-0.684148 0.453738 4.34996 9.95713e-39 3
-0.324987 0.240214 2.30292 1.01415e-38 3
-0.287778 0.240214 2.30292 7.7448e-39 3
-0.262133 0.251301 2.40921 7.2849e-39 3
-0.329737 0.37124 3.55905 7.37709e-39 3
-0.260396 0.355099 3.40431 8.48236e-39 3
-0.168714 0.291689 2.7964 8.29724e-39 3
-0.111577 0.263461 2.52578 9.31176e-39 3
-0.0645224 0.240214 2.30292 8.7593e-39 3
-0.0238115 0.209418 2.00767 8.8515e-39 3
0.00715881 0.173772 1.66594 9.31247e-39 3
0.0314035 0.160143 1.53528 8.94477e-39 3
0.0585039 0.166679 1.59794 9.68126e-39 3
0.082636 0.163346 1.56598 1.02337e-38 3
0.10687 0.161728 1.55048 1.06021e-38 3
0.12936 0.158588 1.52037 1.1062e-38 3
0.153925 0.158588 1.52037 1.02323e-38 3
0.17849 0.158588 1.52037 1.10613e-38 3
0.201103 0.157063 1.50575 1.1523e-38 3
0.227621 0.158588 1.52037 1.04174e-38 3
0.252186 0.158588 1.52037 9.95713e-39 3
0.300057 0.171943 1.6484 9.6809e-39 3
0.326691 0.171943 1.6484 8.94441e-39 3
0.364846 0.17755 1.70216 8.48379e-39 3
0.39666 0.179501 1.72086 8.94333e-39 3
0.429181 0.181495 1.73998 9.03589e-39 3
0.501909 0.199202 1.90974 8.48272e-39 3
0.532765 0.199202 1.90974 8.39052e-39 3
0.513522 0.181495 1.73998 7.56076e-39 3
0.902726 0.302492 2.89997 7.92954e-39 3
1.1654 0.37124 3.55905 7.19305e-39 3
1.16973 0.355099 3.40431 7.46964e-39 3
1.00603 0.291689 2.7964 7.56076e-39 3
0.981135 0.272243 2.60997 8.57419e-39 3
0.974577 0.259279 2.48569 9.3114e-39 3
0.915367 0.108897 1.04399 5.16296e-39 3
0.932235 0.108897 1.04399 5.07076e-39 3
1.95739 0.170152 1.63123 3.59636e-39 3
-2.27399 0.362784 3.01151 3.96513e-39 3
-1.92862 0.314413 2.60997 3.13537e-39 3
-2.17668 0.362784 3.01151 4.61013e-39 3
-2.51493 0.428745 3.55905 5.53029e-39 3
-2.57445 0.449162 3.72853 5.99127e-39 3
-2.63991 0.47162 3.91496 6.54552e-39 3
-2.34242 0.428745 3.55905 6.82211e-39 3
-1.79529 0.336871 2.7964 7.5586e-39 3
-1.48494 0.28583 2.3727 7.5586e-39 3
-1.40405 0.277423 2.30292 7.74299e-39 3
-1.36684 0.277423 2.30292 8.1125e-39 3
-1.45831 0.304271 2.52578 9.86314e-39 3
-1.33159 0.28583 2.3727 1.01408e-38 3
-1.29325 0.28583 2.3727 9.127e-39 3
-1.25492 0.28583 2.3727 8.57419e-39 3
-1.19842 0.281564 2.33729 7.74443e-39 3
-1.16066 0.281564 2.33729 8.02102e-39 3
-1.12289 0.281564 2.33729 8.11322e-39 3
-1.05368 0.273403 2.26954 7.37493e-39 3
-1.00248 0.269497 2.23712 7.09906e-39 3
-0.95272 0.265701 2.20561 7.92882e-39 3
-0.917083 0.265701 2.20561 7.92811e-39 3
-0.869204 0.262011 2.17498 8.57347e-39 3
-0.834062 0.262011 2.17498 7.74372e-39 3
-0.810172 0.265701 2.20561 7.65152e-39 3
-0.763778 0.262011 2.17498 8.29724e-39 3
-0.738899 0.265701 2.20561 8.94226e-39 3
-0.683994 0.258422 2.14518 9.49543e-39 3
-0.649334 0.258422 2.14518 1.01408e-38 3
-0.606366 0.25493 2.11619 9.77273e-39 3
-0.572174 0.25493 2.11619 1.02337e-38 3
-0.686391 0.325255 2.69997 1.04185e-38 3
-0.690379 0.349348 2.89997 1.01419e-38 3
-0.231951 0.147381 1.22343 1.06029e-38 3
-0.362196 0.277423 2.30292 9.31247e-39 3
-0.320277 0.273403 2.26954 9.03589e-39 3
-0.283607 0.273403 2.26954 9.58835e-39 3
-0.250568 0.277423 2.30292 9.95857e-39 3
-0.279008 0.362784 3.01151 9.40611e-39 3
-0.213896 0.336871 2.7964 9.40467e-39 3
-0.147625 0.294762 2.44685 9.31176e-39 3
-0.101732 0.277423 2.30292 1.00497e-38 3
-0.0592908 0.25493 2.11619 1.07865e-38 3
-0.0215965 0.219358 1.82091 9.95676e-39 3
0.00715881 0.200689 1.66594 1.09709e-38 3
0.0320315 0.188648 1.56598 1.18007e-38 3
0.0585039 0.192498 1.59794 1.17088e-38 3
0.0818179 0.18678 1.55048 1.09716e-38 3
0.10687 0.18678 1.55048 1.11553e-38 3
0.130628 0.184949 1.53528 1.12475e-38 3
0.155434 0.184949 1.53528 1.17085e-38 3
0.17849 0.183153 1.52037 1.12479e-38 3
0.203056 0.183153 1.52037 1.01415e-38 3
0.227621 0.183153 1.52037 9.49615e-39 3
0.252186 0.183153 1.52037 8.57491e-39 3
0.296931 0.196508 1.63123 9.03696e-39 3
0.323288 0.196508 1.63123 9.58978e-39 3
0.357084 0.200689 1.66594 1.00511e-38 3
0.392349 0.205052 1.70216 9.86673e-39 3
0.424465 0.207305 1.72086 9.40467e-39 3
0.473064 0.216837 1.79998 9.12737e-39 3
0.49644 0.214373 1.77953 8.02174e-39 3
0.513522 0.209609 1.73998 8.94442e-39 3
0.761675 0.294762 2.44685 9.58871e-39 3
0.915668 0.336871 2.7964 9.58835e-39 3
0.896794 0.314413 2.60997 9.21956e-39 3
0.828498 0.277423 2.30292 9.12736e-39 3
0.840973 0.269497 2.23712 8.57419e-39 3
0.902917 0.277423 2.30292 9.03517e-39 3
0.913265 0.269497 2.23712 8.3898e-39 3
0.949411 0.269497 2.23712 9.40395e-39 3
0.985557 0.269497 2.23712 9.77274e-39 3
1.06745 0.281564 2.33729 9.58835e-39 3
1.10522 0.281564 2.33729 8.57456e-39 3
1.14298 0.281564 2.33729 7.56148e-39 3
1.16338 0.277423 2.30292 6.73209e-39 3
0.964464 0.152135 1.26289 6.82392e-39 3
0.954092 0.147381 1.22343 5.16476e-39 3
0.877845 0.132851 1.10281 5.62574e-39 3
0.804963 0.119397 0.991129 6.17855e-39 3
0.800706 0.116449 0.966657 5.90089e-39 3
0.80637 0.115029 0.954868 6.08527e-39 3
0.853005 0.119397 0.991129 4.97893e-39 3
0.915367 0.125765 1.04399 5.16332e-39 3
1.0282 0.138712 1.15146 5.43991e-39 3
1.11223 0.147381 1.22343 5.25587e-39 3
1.132 0.147381 1.22343 5.62465e-39 3
-1.7254 0.305643 2.23712 7.28345e-39 3
-1.79163 0.324167 2.3727 7.56076e-39 3
-1.80808 0.334297 2.44685 7.28417e-39 3
-1.88645 0.356584 2.60997 8.38944e-39 3
-2.0492 0.396204 2.89997 8.57239e-39 3
-2.45743 0.48625 3.55905 9.30995e-39 3
-2.39992 0.48625 3.55905 9.77058e-39 3
-2.24057 0.465109 3.40431 9.5869e-39 3
-1.6756 0.356584 2.60997 8.85006e-39 3
-1.53134 0.334297 2.44685 9.31104e-39 3
-1.40405 0.314633 2.30292 9.58763e-39 3
-1.36684 0.314633 2.30292 1.05099e-38 3
-1.36993 0.324167 2.3727 9.49543e-39 3
-1.27369 0.310073 2.26954 8.20469e-39 3
-1.25522 0.314633 2.30292 7.83663e-39 3
-1.23619 0.319329 2.33729 8.75858e-39 3
-1.16369 0.310073 2.26954 8.11393e-39 3
-1.11091 0.305643 2.23712 8.11393e-39 3
-1.07477 0.305643 2.23712 8.66639e-39 3
-1.03862 0.305643 2.23712 8.57419e-39 3
-0.988357 0.301338 2.20561 1.05103e-38 3
-0.939488 0.297153 2.17498 9.95713e-39 3
-0.904346 0.297153 2.17498 1.04177e-38 3
-0.869204 0.297153 2.17498 1.07869e-38 3
-0.834062 0.297153 2.17498 1.11553e-38 3
-0.810172 0.301338 2.20561 1.10631e-38 3
-0.763778 0.297153 2.17498 1.14319e-38 3
-0.728636 0.297153 2.17498 1.0233e-38 3
-0.674751 0.289122 2.11619 9.86421e-39 3
-0.640559 0.289122 2.11619 9.2192e-39 3
-0.575271 0.274295 2.00767 9.21956e-39 3
-0.504058 0.254703 1.86427 9.31176e-39 3
-0.457594 0.24592 1.79998 1.04185e-38 3
-0.428511 0.24592 1.79998 9.77309e-39 3
-0.542972 0.334297 2.44685 9.86493e-39 3
-0.411508 0.324167 2.3727 9.95784e-39 3
-0.356947 0.310073 2.26954 1.05114e-38 3
-0.320277 0.310073 2.26954 1.08802e-38 3
-0.283607 0.310073 2.26954 1.09731e-38 3
-0.230252 0.289122 2.11619 1.11575e-38 3
-0.168703 0.248779 1.82091 1.14341e-38 3
-0.139281 0.248779 1.82091 1.17096e-38 3
-0.10051 0.227607 1.66594 1.21702e-38 3
-0.0720599 0.222865 1.63123 1.21695e-38 3
-0.0510177 0.248779 1.82091 1.20773e-38 3
-0.0206366 0.237722 1.73998 1.23531e-38 3
0.00700966 0.222865 1.63123 1.22606e-38 3
0.0333662 0.222865 1.63123 1.27216e-38 3
0.0585039 0.218316 1.59794 1.22606e-38 3
0.0834707 0.216111 1.5818 1.21684e-38 3
0.107938 0.21395 1.56598 1.14319e-38 3
0.131921 0.211832 1.55048 1.17085e-38 3
0.156973 0.211832 1.55048 1.14323e-38 3
0.18024 0.209755 1.53528 1.0511e-38 3
0.203056 0.207719 1.52037 1.03266e-38 3
0.229852 0.209755 1.53528 1.005e-38 3
0.254659 0.209755 1.53528 9.86673e-39 3
0.296931 0.222865 1.63123 9.6827e-39 3
0.323288 0.222865 1.63123 9.49759e-39 3
0.353325 0.225211 1.6484 9.77489e-39 3
0.38813 0.230054 1.68385 9.5905e-39 3
0.419851 0.232554 1.70216 9.68125e-39 3
0.462433 0.240393 1.75953 9.49687e-39 3
0.485408 0.237722 1.73998 9.77453e-39 3
0.502358 0.232554 1.70216 9.95857e-39 3
0.535684 0.23511 1.72086 1.08791e-38 3
0.576151 0.240393 1.75953 1.10631e-38 3
0.597863 0.237722 1.73998 1.11553e-38 3
0.625976 0.237722 1.73998 1.05099e-38 3
0.661439 0.240393 1.75953 1.03255e-38 3
0.682204 0.237722 1.73998 1.04177e-38 3
0.702512 0.23511 1.72086 1.06943e-38 3
0.772776 0.248779 1.82091 9.95641e-39 3
0.985557 0.305643 2.23712 9.58763e-39 3
1.05175 0.314633 2.30292 9.40359e-39 3
1.08896 0.314633 2.30292 9.21956e-39 3
1.14298 0.319329 2.33729 8.11358e-39 3
1.16338 0.314633 2.30292 9.03661e-39 3
1.04667 0.274295 2.00767 9.31392e-39 3
0.959535 0.175369 1.28359 7.6526e-39 3
0.949155 0.169802 1.24284 7.28417e-39 3
0.92518 0.162083 1.18635 5.90196e-39 3
0.903289 0.155036 1.13477 6.45514e-39 3
0.847894 0.142633 1.04399 6.36294e-39 3
0.820977 0.135411 0.991129 6.45406e-39 3
0.816325 0.132068 0.966657 5.90088e-39 3
0.842343 0.133719 0.97874 6.36186e-39 3
0.880161 0.137148 1.00384 6.08527e-39 3
0.998824 0.152822 1.11856 5.80977e-39 3
1.11223 0.167149 1.22343 5.62394e-39 3
1.132 0.167149 1.22343 5.99343e-39 3
1.15177 0.167149 1.22343 6.17783e-39 3
1.17153 0.167149 1.22343 5.16332e-39 3
-1.76154 0.341789 2.23712 8.11321e-39 3
-1.43783 0.284824 1.86427 8.20505e-39 3
-1.68925 0.341789 2.23712 8.57419e-39 3
-1.65311 0.341789 2.23712 9.21992e-39 3
-1.71496 0.362504 2.3727 9.68017e-39 3
-1.84428 0.398754 2.60997 1.04163e-38 3
-2.07936 0.460101 3.01151 1.09691e-38 3
-1.6756 0.398754 2.60997 9.86493e-39 3
-1.53134 0.373832 2.44685 1.01415e-38 3
-1.4466 0.362504 2.3727 9.86385e-39 3
-1.32779 0.341789 2.23712 9.58763e-39 3
-1.32963 0.351842 2.30292 9.67982e-39 3
-1.27369 0.346743 2.26954 1.06025e-38 3
-1.23702 0.346743 2.26954 9.40395e-39 3
-1.23619 0.357093 2.33729 9.40467e-39 3
-1.1808 0.351842 2.30292 9.58906e-39 3
-1.12702 0.346743 2.26954 9.77346e-39 3
-1.07477 0.341789 2.23712 1.01422e-38 3
-1.00977 0.332295 2.17498 1.1156e-38 3
-0.97463 0.332295 2.17498 1.1156e-38 3
-0.914097 0.323314 2.11619 1.0695e-38 3
-0.879904 0.323314 2.11619 1.12475e-38 3
-0.834436 0.319003 2.08798 1.07869e-38 3
-0.8007 0.319003 2.08798 1.14319e-38 3
-0.777328 0.323314 2.11619 1.29992e-38 3
-0.733227 0.319003 2.08798 1.31836e-38 3
-0.699491 0.319003 2.08798 1.23539e-38 3
-0.648462 0.310717 2.03375 1.29981e-38 3
-0.615602 0.310717 2.03375 1.27216e-38 3
-0.53418 0.284824 1.86427 1.18007e-38 3
-0.481147 0.271878 1.77953 1.23539e-38 3
-0.432725 0.260057 1.70216 1.13401e-38 3
-0.423641 0.271878 1.77953 9.12736e-39 3
-0.340688 0.234561 1.53528 8.85114e-39 3
-0.298333 0.22153 1.44999 9.49759e-39 3
-0.260437 0.209871 1.37367 9.95857e-39 3
-0.331214 0.291771 1.90974 9.58978e-39 3
-0.304066 0.295373 1.93331 1.0511e-38 3
-0.283322 0.306734 2.00767 1.04188e-38 3
-0.250883 0.306734 2.00767 1.12497e-38 3
-0.205285 0.288256 1.88673 1.16174e-38 3
-0.159433 0.262915 1.72086 1.12475e-38 3
-0.128798 0.257261 1.68385 1.2446e-38 3
-0.10051 0.254524 1.66594 1.2907e-38 3
-0.0720599 0.249221 1.63123 1.25382e-38 3
-0.0438752 0.239252 1.56598 1.35517e-38 3
-0.018952 0.244135 1.59794 1.38283e-38 3
0.00686661 0.244135 1.59794 1.44729e-38 3
0.0333662 0.249221 1.63123 1.37346e-38 3
0.0579129 0.241669 1.5818 1.35499e-38 3
0.082636 0.239252 1.56598 1.35502e-38 3
0.107938 0.239252 1.56598 1.25372e-38 3
0.131921 0.236884 1.55048 1.13401e-38 3
0.156973 0.236884 1.55048 1.07887e-38 3
0.18024 0.234561 1.53528 1.05125e-38 3
0.205046 0.234561 1.53528 1.10656e-38 3
0.229852 0.234561 1.53528 1.14344e-38 3
0.254659 0.234561 1.53528 1.08812e-38 3
0.296931 0.249221 1.63123 1.01437e-38 3
0.319955 0.246652 1.61442 9.95929e-39 3
0.34604 0.246652 1.61442 8.94513e-39 3
0.38813 0.257261 1.68385 8.94513e-39 3
0.415337 0.257261 1.68385 9.77489e-39 3
0.45227 0.262915 1.72086 9.68234e-39 3
0.459861 0.251845 1.6484 9.86709e-39 3
0.476464 0.246652 1.61442 1.01433e-38 3
0.502548 0.246652 1.61442 1.15245e-38 3
0.55137 0.257261 1.68385 1.29059e-38 3
0.566396 0.251845 1.6484 1.27216e-38 3
0.580803 0.246652 1.61442 1.2445e-38 3
0.606888 0.246652 1.61442 1.17996e-38 3
0.632972 0.246652 1.61442 1.16163e-38 3
0.659057 0.246652 1.61442 1.2446e-38 3
0.639027 0.23005 1.50575 1.26301e-38 3
0.547532 0.189883 1.24284 1.00482e-38 3
0.715192 0.239252 1.56598 9.68018e-39 3
0.771348 0.249221 1.63123 9.58835e-39 3
1.10985 0.346743 2.26954 8.39052e-39 3
0.988874 0.299066 1.95748 8.57564e-39 3
1.16629 0.341789 2.23712 9.58978e-39 3
0.980275 0.196109 1.28359 7.65296e-39 3
0.954092 0.186916 1.22343 8.75895e-39 3
0.903289 0.173371 1.13477 8.11358e-39 3
0.847894 0.159502 1.04399 8.20577e-39 3
0.831503 0.153367 1.00384 7.46929e-39 3
0.836991 0.151426 0.991129 6.91504e-39 3
0.863941 0.153367 1.00384 6.17747e-39 3
0.980751 0.170895 1.11856 6.91612e-39 3
1.07566 0.18404 1.2046 6.73209e-39 3
1.11223 0.186916 1.22343 6.82392e-39 3
1.132 0.186916 1.22343 6.08635e-39 3
1.17005 0.189883 1.24284 6.27074e-39 3
1.22915 0.196109 1.28359 4.88781e-39 3
-1.58918 0.348098 2.06051 8.75858e-39 3
-1.59794 0.357506 2.11619 9.12736e-39 3
-1.65311 0.377935 2.23712 9.95712e-39 3
-1.71496 0.40084 2.3727 1.01415e-38 3
-1.67662 0.40084 2.3727 1.04174e-38 3
-1.86425 0.456129 2.69997 1.04174e-38 3
-1.6756 0.440924 2.60997 9.12773e-39 3
-1.53134 0.413367 2.44685 9.6809e-39 3
-1.49181 0.413367 2.44685 9.77238e-39 3
-1.40826 0.40084 2.3727 1.03259e-38 3
-1.32963 0.389051 2.30292 1.01415e-38 3
-1.29243 0.389051 2.30292 9.31212e-39 3
-1.39926 0.433696 2.56719 9.31211e-39 3
-1.38041 0.440924 2.60997 9.22028e-39 3
-1.29507 0.426701 2.52578 9.95892e-39 3
-1.11091 0.377935 2.23712 1.03266e-38 3
-0.808966 0.284467 1.68385 1.11557e-38 3
-0.719838 0.261935 1.55048 1.1617e-38 3
-0.97463 0.367437 2.17498 1.15252e-38 3
-0.914097 0.357506 2.11619 1.0511e-38 3
-0.879904 0.357506 2.11619 1.0972e-38 3
-0.792186 0.334879 1.98226 1.10635e-38 3
-0.769903 0.339173 2.00767 1.19854e-38 3
-0.747042 0.343577 2.03375 1.21698e-38 3
-0.6874 0.330693 1.95748 1.24464e-38 3
-0.655772 0.330693 1.95748 1.30914e-38 3
-0.594423 0.314946 1.86427 1.33669e-38 3
-0.557663 0.311241 1.84233 1.21684e-38 3
-0.50417 0.297252 1.75953 1.08787e-38 3
-0.460227 0.287559 1.70216 1.08787e-38 3
-0.406231 0.269954 1.59794 1.18007e-38 3
-0.372804 0.264555 1.56598 1.26312e-38 3
-0.340688 0.259367 1.53528 1.23557e-38 3
-0.29027 0.238338 1.4108 1.19872e-38 3
-0.260437 0.232065 1.37367 1.18965e-38 3
-0.301773 0.29395 1.73998 1.20801e-38 3
-0.289757 0.311241 1.84233 1.16188e-38 3
-0.256966 0.307622 1.82091 1.18018e-38 3
-0.230222 0.311241 1.84233 1.23549e-38 3
-0.198124 0.307622 1.82091 1.22613e-38 3
-0.1577 0.287559 1.70216 1.22606e-38 3
-0.127428 0.281441 1.66594 1.30903e-38 3
-0.0994523 0.278479 1.6484 1.22606e-38 3
-0.0705893 0.269954 1.59794 1.11549e-38 3
-0.0438752 0.264555 1.56598 1.11549e-38 3
-0.0191474 0.272737 1.61442 1.12471e-38 3
0.0069374 0.272737 1.61442 1.22606e-38 3
0.0333662 0.275578 1.63123 1.36417e-38 3
0.0585039 0.269954 1.59794 1.41016e-38 3
0.082636 0.264555 1.56598 1.49324e-38 3
0.107938 0.264555 1.56598 1.36431e-38 3
0.133241 0.264555 1.56598 1.18932e-38 3
0.158543 0.264555 1.56598 1.15266e-38 3
0.182025 0.261935 1.55048 1.08823e-38 3
0.205046 0.259367 1.53528 1.00526e-38 3
0.229852 0.259367 1.53528 1.04213e-38 3
0.254659 0.259367 1.53528 1.04217e-38 3
0.296931 0.275578 1.63123 1.0605e-38 3
0.319955 0.272737 1.61442 1.0144e-38 3
0.34604 0.272737 1.61442 1.0421e-38 3
0.38813 0.284467 1.68385 1.0882e-38 3
0.415337 0.284467 1.68385 1.06043e-38 3
0.45227 0.290719 1.72086 1.06965e-38 3
0.44128 0.267227 1.5818 1.0789e-38 3
0.457594 0.261935 1.55048 1.10653e-38 3
0.482646 0.261935 1.55048 1.14323e-38 3
0.528633 0.272737 1.61442 1.2445e-38 3
0.549058 0.269954 1.59794 1.29978e-38 3
0.557801 0.261935 1.55048 1.27212e-38 3
0.582852 0.261935 1.55048 1.309e-38 3
0.601944 0.259367 1.53528 1.18929e-38 3
0.62675 0.259367 1.53528 1.26304e-38 3
0.62697 0.24958 1.47734 1.30914e-38 3
0.547532 0.209964 1.24284 1.29063e-38 3
0.715192 0.264555 1.56598 1.10628e-38 3
0.771348 0.275578 1.63123 1.07865e-38 3
1.21555 0.419928 2.48569 1.03259e-38 3
1.19863 0.40084 2.3727 9.49651e-39 3
1.16629 0.377935 2.23712 9.31284e-39 3
2.01833 0.456129 2.69997 8.5742e-39 3
2.06196 0.456129 2.69997 8.02174e-39 3
1.32743 0.287559 1.70216 7.56004e-39 3
1.78077 0.377935 2.23712 7.46785e-39 3
1.81692 0.377935 2.23712 7.5604e-39 3
1.1073 0.213351 1.26289 7.1927e-39 3
1.09246 0.206683 1.22343 5.71793e-39 3
1.11223 0.206683 1.22343 6.82428e-39 3
1.132 0.206683 1.22343 6.2711e-39 3
1.18892 0.213351 1.26289 5.99416e-39 3
1.27082 0.224199 1.32711 5.25624e-39 3
-1.67747 0.402579 2.17498 8.94297e-39 3
-1.55589 0.381391 2.06051 9.21956e-39 3
-1.5226 0.381391 2.06051 1.00493e-38 3
-1.61696 0.414081 2.23712 9.12736e-39 3
-1.58081 0.414081 2.23712 8.57491e-39 3
-1.74398 0.467511 2.52578 8.02174e-39 3
-1.62155 0.467511 2.52578 9.49651e-39 3
-1.53134 0.452901 2.44685 8.94442e-39 3
-1.49181 0.452901 2.44685 8.66711e-39 3
-1.40826 0.439177 2.3727 1.01422e-38 3
-1.36993 0.439177 2.3727 9.86565e-39 3
-1.29243 0.42626 2.30292 1.07876e-38 3
-1.25522 0.42626 2.30292 1.0972e-38 3
-1.21801 0.42626 2.30292 1.11564e-38 3
-1.14706 0.414081 2.23712 1.03266e-38 3
-1.08006 0.402579 2.17498 1.10642e-38 3
-0.808966 0.311674 1.68385 1.06947e-38 3
-1.00977 0.402579 2.17498 1.06029e-38 3
-0.948289 0.391698 2.11619 1.0972e-38 3
-0.86722 0.371611 2.00767 1.11564e-38 3
-0.775154 0.345068 1.86427 1.16174e-38 3
-0.651903 0.301934 1.63123 1.20787e-38 3
-0.577428 0.278709 1.50575 1.29085e-38 3
-0.553098 0.278709 1.50575 1.15255e-38 3
-0.419786 0.221265 1.19541 1.26315e-38 3
-0.485757 0.268386 1.44999 1.24464e-38 3
-0.567404 0.329383 1.77953 1.33684e-38 3
-0.515232 0.315062 1.70216 1.29077e-38 3
-0.472328 0.305113 1.6484 1.21702e-38 3
-0.419217 0.286987 1.55048 1.22627e-38 3
-0.361915 0.263506 1.42362 1.1895e-38 3
-0.365495 0.284173 1.53528 1.2172e-38 3
-0.318809 0.265924 1.43668 1.27262e-38 3
-0.280174 0.252049 1.36173 1.20809e-38 3
-0.253759 0.247741 1.33845 1.20812e-38 3
-0.295212 0.315062 1.70216 1.1989e-38 3
-0.279879 0.329383 1.77953 1.2172e-38 3
-0.254013 0.333169 1.79998 1.36453e-38 3
-0.227545 0.337043 1.82091 1.49346e-38 3
-0.195847 0.333169 1.79998 1.55796e-38 3
-0.159433 0.318524 1.72086 1.53941e-38 3
-0.131629 0.318524 1.72086 1.58558e-38 3
-0.103824 0.318524 1.72086 1.59488e-38 3
-0.0705893 0.295772 1.59794 1.46587e-38 3
-0.0457034 0.301934 1.63123 1.46602e-38 3
-0.018952 0.295772 1.59794 1.4936e-38 3
0.00679725 0.292785 1.5818 1.54874e-38 3
0.0320315 0.289857 1.56598 1.55782e-38 3
0.0567661 0.286987 1.55048 1.44704e-38 3
0.0810157 0.284173 1.53528 1.34577e-38 3
0.105822 0.284173 1.53528 1.30903e-38 3
0.130628 0.284173 1.53528 1.21698e-38 3
0.156973 0.286987 1.55048 1.22645e-38 3
0.18024 0.284173 1.53528 1.16206e-38 3
0.203056 0.281414 1.52037 1.16206e-38 3
0.227621 0.281414 1.52037 1.14358e-38 3
0.252186 0.281414 1.52037 1.18975e-38 3
0.290871 0.295772 1.59794 1.10674e-38 3
0.313491 0.292785 1.5818 1.03295e-38 3
0.339049 0.292785 1.5818 1.06065e-38 3
0.376001 0.301934 1.63123 1.10667e-38 3
0.406593 0.305113 1.6484 1.13422e-38 3
0.442543 0.311674 1.68385 1.17114e-38 3
0.432542 0.286987 1.55048 1.18032e-38 3
0.448709 0.281414 1.52037 1.125e-38 3
0.473274 0.281414 1.52037 1.18018e-38 3
0.50272 0.284173 1.53528 1.2907e-38 3
0.538077 0.289857 1.56598 1.2629e-38 3
0.552332 0.284173 1.53528 1.28134e-38 3
0.577138 0.284173 1.53528 1.28137e-38 3
0.601944 0.284173 1.53528 1.14319e-38 3
0.581169 0.263506 1.42362 1.14319e-38 3
0.478121 0.20853 1.12661 1.12475e-38 3
0.503569 0.211574 1.14305 1.06021e-38 3
0.522038 0.211574 1.14305 1.03255e-38 3
0.755607 0.295772 1.59794 1.07862e-38 3
1.29796 0.491283 2.65421 1.09702e-38 3
0.919883 0.337043 1.82091 1.04174e-38 3
1.04667 0.371611 2.00767 1.05103e-38 3
1.45121 0.499753 2.69997 1.005e-38 3
2.01833 0.499753 2.69997 9.40432e-39 3
1.1277 0.233756 1.26289 8.11466e-39 3
1.11223 0.226451 1.22343 7.5622e-39 3
1.14997 0.230045 1.24284 7.28562e-39 3
1.20841 0.237588 1.28359 6.17855e-39 3
-1.64233 0.437721 2.17498 8.11393e-39 3
-1.56375 0.425891 2.11619 9.03589e-39 3
-1.52956 0.425891 2.11619 8.8515e-39 3
-1.58081 0.450227 2.23712 8.11501e-39 3
-1.57088 0.492436 2.44685 9.12953e-39 3
-1.1137 0.358135 1.77953 1.00508e-38 3
-1.08495 0.358135 1.77953 9.86673e-39 3
-1.40826 0.477514 2.3727 1.10642e-38 3
-1.41274 0.492436 2.44685 1.13408e-38 3
-1.33159 0.477514 2.3727 1.11564e-38 3
-1.29325 0.477514 2.3727 1.12486e-38 3
-1.18321 0.450227 2.23712 1.13408e-38 3
-1.1152 0.437721 2.17498 1.10638e-38 3
-1.05087 0.425891 2.11619 1.09713e-38 3
-0.895641 0.375189 1.86427 1.07869e-38 3
-0.865519 0.375189 1.86427 1.10638e-38 3
-0.779704 0.350177 1.73998 1.13408e-38 3
-0.638143 0.29732 1.47734 1.08798e-38 3
-0.591936 0.286508 1.42362 1.14341e-38 3
-0.477731 0.24058 1.19541 1.15262e-38 3
-0.451522 0.236962 1.17743 1.15262e-38 3
-0.429271 0.235193 1.16864 1.19876e-38 3
-0.410388 0.235193 1.16864 1.14326e-38 3
-0.382933 0.230043 1.14305 1.19861e-38 3
-0.423149 0.267084 1.32711 1.20783e-38 3
-0.401706 0.267084 1.32711 1.13415e-38 3
-0.462589 0.324906 1.61442 1.12497e-38 3
-0.419217 0.312039 1.55048 1.125e-38 3
-0.337379 0.267084 1.32711 1.18957e-38 3
-0.345189 0.291814 1.44999 1.23578e-38 3
-0.294493 0.267084 1.32711 1.16202e-38 3
-0.270756 0.26484 1.31595 1.16202e-38 3
-0.249494 0.26484 1.31595 1.29106e-38 3
-0.282912 0.328291 1.63123 1.30032e-38 3
-0.256555 0.328291 1.63123 1.38311e-38 3
-0.235097 0.335276 1.66594 1.55811e-38 3
-0.22493 0.362252 1.79998 1.66852e-38 3
-0.191445 0.354111 1.75953 1.59469e-38 3
-0.163016 0.354111 1.75953 1.65008e-38 3
-0.131629 0.346329 1.72086 1.63172e-38 3
-0.104977 0.350177 1.73998 1.55814e-38 3
-0.0705893 0.321591 1.59794 1.4752e-38 3
-0.0447706 0.321591 1.59794 1.43836e-38 3
-0.018952 0.321591 1.59794 1.46595e-38 3
0.00686661 0.321591 1.59794 1.65941e-38 3
0.0320315 0.315159 1.56598 1.88972e-38 3
0.0556639 0.30598 1.52037 1.81597e-38 3
0.0802292 0.30598 1.52037 1.48424e-38 3
0.104794 0.30598 1.52037 1.32776e-38 3
0.128116 0.303038 1.50575 1.36467e-38 3
0.152445 0.303038 1.50575 1.39237e-38 3
0.176774 0.303038 1.50575 1.37411e-38 3
0.201103 0.303038 1.50575 1.34645e-38 3
0.225432 0.303038 1.50575 1.25426e-38 3
0.249761 0.303038 1.50575 1.28199e-38 3
0.287933 0.318343 1.5818 1.26355e-38 3
0.310356 0.315159 1.56598 1.30965e-38 3
0.335659 0.315159 1.56598 1.30957e-38 3
0.360961 0.315159 1.56598 1.26348e-38 3
0.382439 0.312039 1.55048 1.26348e-38 3
0.395736 0.303038 1.50575 1.28191e-38 3
0.416064 0.300152 1.49141 1.26348e-38 3
0.412652 0.281392 1.3982 1.24496e-38 3
0.431391 0.278902 1.38583 1.26319e-38 3
0.461959 0.283927 1.4108 1.3368e-38 3
0.512454 0.300152 1.49141 1.33673e-38 3
0.531489 0.29732 1.47734 1.33666e-38 3
0.540074 0.289137 1.43668 1.32744e-38 3
0.495148 0.254161 1.26289 1.22617e-38 3
0.46325 0.228376 1.13477 1.23539e-38 3
0.485101 0.230043 1.14305 1.25382e-38 3
0.507272 0.231735 1.15146 1.23539e-38 3
0.522038 0.230043 1.14305 1.14319e-38 3
0.548514 0.233451 1.15999 1.13386e-38 3
0.72245 0.29732 1.47734 1.1523e-38 3
0.637983 0.254161 1.26289 1.22599e-38 3
0.653121 0.252127 1.25279 1.21677e-38 3
1.07911 0.40405 2.00767 1.09706e-38 3
1.1073 0.254161 1.26289 5.5321e-39 3
1.09246 0.246218 1.22343 6.54733e-39 3
1.11223 0.246218 1.22343 6.45514e-39 3
1.14997 0.250126 1.24284 7.1927e-39 3
1.22855 0.262633 1.30499 7.00831e-39 3
1.31541 0.276455 1.37367 7.56077e-39 3
-1.52956 0.460083 2.11619 8.76002e-39 3
-1.35614 0.447975 2.06051 1.00508e-38 3
-1.09278 0.370067 1.70216 1.03266e-38 3
-1.06528 0.370067 1.70216 1.08798e-38 3
-0.936035 0.333786 1.53528 1.07876e-38 3
-1.03273 0.37829 1.73998 1.0695e-38 3
-1.22183 0.460083 2.11619 1.08798e-38 3
-1.18763 0.460083 2.11619 1.11564e-38 3
-1.15344 0.460083 2.11619 1.10642e-38 3
-1.15034 0.472863 2.17498 1.0972e-38 3
-1.08506 0.460083 2.11619 1.11553e-38 3
-0.925762 0.405311 1.86427 1.15241e-38 3
-0.696609 0.315242 1.44999 1.12479e-38 3
-0.616132 0.288527 1.32711 1.18014e-38 3
-0.575192 0.279067 1.28359 1.20783e-38 3
-0.528462 0.265985 1.22343 1.30003e-38 3
-0.500869 0.261893 1.2046 1.27248e-38 3
-0.470547 0.255986 1.17743 1.16188e-38 3
-0.444833 0.252194 1.15999 1.20794e-38 3
-0.426091 0.252194 1.15999 1.125e-38 3
-0.407348 0.252194 1.15999 1.11575e-38 3
-0.382933 0.248512 1.14305 1.16184e-38 3
-0.364464 0.248512 1.14305 1.11582e-38 3
-0.388536 0.279067 1.28359 1.1527e-38 3
-0.439913 0.333786 1.53528 1.21734e-38 3
-0.347057 0.279067 1.28359 1.27266e-38 3
-0.337379 0.288527 1.32711 1.20812e-38 3
-0.305577 0.279067 1.28359 1.1528e-38 3
-0.280244 0.274566 1.26289 1.12515e-38 3
-0.2685 0.283718 1.30499 1.27266e-38 3
-0.249494 0.286102 1.31595 1.2911e-38 3
-0.271595 0.340461 1.56598 1.31876e-38 3
-0.256555 0.354647 1.63123 1.5029e-38 3
-0.230199 0.354647 1.63123 1.54881e-38 3
-0.199682 0.34741 1.59794 1.62239e-38 3
-0.173864 0.34741 1.59794 1.53019e-38 3
-0.164868 0.386888 1.77953 1.44733e-38 3
-0.122227 0.34741 1.59794 1.44754e-38 3
-0.0964079 0.34741 1.59794 1.55836e-38 3
-0.0705893 0.34741 1.59794 1.55836e-38 3
-0.0447706 0.34741 1.59794 1.43847e-38 3
-0.018952 0.34741 1.59794 1.42914e-38 3
0.00672928 0.340461 1.56598 1.55807e-38 3
0.0320315 0.340461 1.56598 1.6225e-38 3
0.0573338 0.340461 1.56598 1.55796e-38 3
0.082636 0.340461 1.56598 1.45687e-38 3
0.103787 0.327367 1.50575 1.41099e-38 3
0.125699 0.32119 1.47734 1.42014e-38 3
0.149569 0.32119 1.47734 1.36471e-38 3
0.170227 0.315242 1.44999 1.32801e-38 3
0.199188 0.324249 1.49141 1.33723e-38 3
0.223285 0.324249 1.49141 1.33723e-38 3
0.247383 0.324249 1.49141 1.35574e-38 3
0.282232 0.33709 1.55048 1.37422e-38 3
0.310356 0.340461 1.56598 1.25433e-38 3
0.329077 0.333786 1.53528 1.24511e-38 3
0.340529 0.32119 1.47734 1.27277e-38 3
0.332985 0.293501 1.34999 1.25433e-38 3
0.260484 0.215482 0.991129 1.25433e-38 3
0.28185 0.219653 1.01031 1.19901e-38 3
0.302072 0.222524 1.02352 1.26348e-38 3
0.380838 0.265985 1.22343 1.4291e-38 3
0.400605 0.265985 1.22343 1.40141e-38 3
0.427045 0.270207 1.24284 1.4658e-38 3
0.498565 0.301293 1.38583 1.42889e-38 3
0.459907 0.265985 1.22343 1.3551e-38 3
0.448163 0.248512 1.14305 1.36442e-38 3
0.46325 0.246711 1.13477 1.40137e-38 3
0.478121 0.244936 1.12661 1.43825e-38 3
0.503569 0.248512 1.14305 1.5397e-38 3
0.522038 0.248512 1.14305 1.55796e-38 3
0.544481 0.250339 1.15146 1.43811e-38 3
0.580149 0.257925 1.18635 1.42882e-38 3
0.627856 0.270207 1.24284 1.49325e-38 3
0.637814 0.265985 1.22343 1.47481e-38 3
0.637654 0.257925 1.18635 1.18918e-38 3
0.468652 0.184033 0.846478 1.1801e-38 3
0.479735 0.183044 0.841927 1.16188e-38 3
0.598504 0.205097 0.943364 1.00511e-38 3
0.613747 0.205097 0.943364 9.4054e-39 3
0.644519 0.210161 0.966657 9.68198e-39 3
0.656088 0.208872 0.960726 9.3132e-39 3
0.713394 0.216854 0.997442 9.95857e-39 3
0.898499 0.226974 1.04399 1.02334e-38 3
0.994964 0.246711 1.13477 9.7731e-39 3
1.04355 0.254076 1.16864 8.29797e-39 3
1.06243 0.254076 1.16864 7.28454e-39 3
0.953261 0.223988 1.03025 8.48309e-39 3
1.22855 0.283718 1.30499 7.7448e-39 3
1.27082 0.288527 1.32711 7.09907e-39 3
-1.07361 0.381004 1.63123 1.10642e-38 3
-1.04725 0.381004 1.63123 1.14323e-38 3
-0.726136 0.285753 1.22343 1.05107e-38 3
-0.695501 0.281357 1.2046 9.58834e-39 3
-0.676038 0.281357 1.2046 1.09713e-38 3
-0.666834 0.285753 1.22343 1.16166e-38 3
-0.657337 0.290289 1.24284 1.12479e-38 3
-0.637256 0.290289 1.24284 1.2446e-38 3
-0.706946 0.332512 1.42362 1.30918e-38 3
-0.637575 0.309969 1.32711 1.21702e-38 3
-0.577013 0.290289 1.24284 1.21702e-38 3
-0.556931 0.290289 1.24284 1.28155e-38 3
-0.528462 0.285753 1.22343 1.29999e-38 3
-0.508695 0.285753 1.22343 1.19872e-38 3
-0.488927 0.285753 1.22343 1.20798e-38 3
-0.46916 0.285753 1.22343 1.22642e-38 3
-0.422958 0.268944 1.15146 1.19876e-38 3
-0.404353 0.268944 1.15146 1.2172e-38 3
-0.382933 0.266981 1.14305 1.25404e-38 3
-0.35922 0.263139 1.12661 1.21723e-38 3
-0.341017 0.263139 1.12661 1.1989e-38 3
-0.332379 0.270936 1.15999 1.22663e-38 3
-0.320764 0.277094 1.18635 1.23578e-38 3
-0.315958 0.290289 1.24284 1.21741e-38 3
-0.282428 0.277094 1.18635 1.19901e-38 3
-0.25933 0.272958 1.16864 1.28191e-38 3
-0.247846 0.281357 1.2046 1.33709e-38 3
-0.233778 0.288003 1.23306 1.33709e-38 3
-0.199703 0.268944 1.15146 1.51219e-38 3
-0.228049 0.33867 1.44999 1.56736e-38 3
-0.204621 0.33867 1.44999 1.55796e-38 3
-0.195689 0.365764 1.56598 1.54867e-38 3
-0.170386 0.365764 1.56598 1.51186e-38 3
-0.166763 0.420418 1.79998 1.44747e-38 3
-0.124773 0.381004 1.63123 1.43839e-38 3
-0.127675 0.494275 2.11619 1.47552e-38 3
-0.0691775 0.365764 1.56598 1.40166e-38 3
-0.0421877 0.351696 1.50575 1.46602e-38 3
-0.0171972 0.33867 1.44999 1.52126e-38 3
0.0688634 0.304803 1.30499 1.48449e-38 3
0.0899486 0.304803 1.30499 1.48457e-38 3
0.111034 0.304803 1.30499 1.48457e-38 3
0.132119 0.304803 1.30499 1.40163e-38 3
0.151938 0.302284 1.2942 1.40166e-38 3
0.180299 0.315313 1.34999 1.45691e-38 3
0.198686 0.309969 1.32711 1.37407e-38 3
0.234011 0.329517 1.4108 1.34649e-38 3
0.279465 0.358592 1.53528 1.37411e-38 3
0.307283 0.362142 1.55048 1.2727e-38 3
0.284456 0.309969 1.32711 1.23589e-38 3
0.300801 0.304803 1.30499 1.19901e-38 3
0.249202 0.235977 1.01031 1.27284e-38 3
0.262143 0.23297 0.997442 1.28206e-38 3
0.280043 0.234464 1.00384 1.27277e-38 3
0.30011 0.237509 1.01687 1.34642e-38 3
0.353241 0.265046 1.13477 1.39241e-38 3
0.394442 0.281357 1.2046 1.46602e-38 3
0.413905 0.281357 1.2046 1.44736e-38 3
0.473428 0.307364 1.31595 1.438e-38 3
0.439314 0.272958 1.16864 1.43807e-38 3
0.448163 0.266981 1.14305 1.39212e-38 3
0.46325 0.265046 1.13477 1.29077e-38 3
0.478121 0.263139 1.12661 1.22627e-38 3
0.49992 0.265046 1.13477 1.29999e-38 3
0.518255 0.265046 1.13477 1.31836e-38 3
0.544481 0.268944 1.15146 1.34588e-38 3
0.598279 0.285753 1.22343 1.41938e-38 3
0.599317 0.277094 1.18635 1.48392e-38 3
0.454975 0.19771 0.846478 1.32729e-38 3
0.471199 0.198785 0.851078 1.20769e-38 3
0.482329 0.19771 0.846478 1.18947e-38 3
0.496006 0.19771 0.846478 1.14355e-38 3
0.509682 0.19771 0.846478 1.17106e-38 3
0.526204 0.198785 0.851078 1.06965e-38 3
0.555037 0.204337 0.874851 1.08823e-38 3
0.602852 0.216428 0.926618 1.06979e-38 3
0.632801 0.221675 0.949081 1.06043e-38 3
0.652088 0.223027 0.954868 1.04192e-38 3
0.675757 0.22578 0.966657 1.02359e-38 3
0.708879 0.231496 0.991129 1.03277e-38 3
0.715832 0.228602 0.97874 1.05121e-38 3
0.696805 0.217716 0.932133 1.05107e-38 3
0.968018 0.272958 1.16864 1.14323e-38 3
0.893545 0.247138 1.0581 1.07869e-38 3
0.898499 0.243842 1.04399 9.58835e-39 3
0.915367 0.243842 1.04399 8.85115e-39 3
1.0133 0.265046 1.13477 9.03554e-39 3
0.936615 0.240634 1.03025 9.40432e-39 3
0.953261 0.240634 1.03025 8.02103e-39 3
1.18892 0.294971 1.26289 8.94262e-39 3
1.24963 0.304803 1.30499 9.03482e-39 3
1.31454 0.315313 1.34999 9.03482e-39 3
-0.691507 0.228694 0.91578 8.94369e-39 3
-0.668887 0.22605 0.905193 9.58906e-39 3
-0.635883 0.2197 0.879766 9.95713e-39 3
-0.611364 0.216058 0.865185 1.02337e-38 3
-0.590857 0.213697 0.855729 1.05103e-38 3
-0.57703 0.213697 0.855729 1.06025e-38 3
-0.673517 0.283381 1.13477 1.13404e-38 3
-0.655182 0.283381 1.13477 1.08791e-38 3
-0.5859 0.260711 1.04399 1.04177e-38 3
-0.569031 0.260711 1.04399 1.08787e-38 3
-0.544898 0.25728 1.03025 1.15241e-38 3
-0.501839 0.244416 0.97874 1.25386e-38 3
-0.486025 0.244416 0.97874 1.22617e-38 3
-0.597094 0.31037 1.24284 1.23546e-38 3
-0.577013 0.31037 1.24284 1.26308e-38 3
-0.539795 0.30082 1.2046 1.18014e-38 3
-0.393274 0.227364 0.910456 1.22627e-38 3
-0.485917 0.29184 1.16864 1.24482e-38 3
-0.453498 0.283381 1.13477 1.30939e-38 3
-0.435163 0.283381 1.13477 1.29106e-38 3
-0.407348 0.289678 1.15999 1.10656e-38 3
-0.382933 0.28545 1.14305 1.2172e-38 3
-0.364464 0.28545 1.14305 1.36471e-38 3
-0.343488 0.283381 1.13477 1.26348e-38 3
-0.325153 0.283381 1.13477 1.2266e-38 3
-0.306818 0.283381 1.13477 1.28177e-38 3
-0.286408 0.281342 1.12661 1.23578e-38 3
-0.260702 0.273473 1.09509 1.25429e-38 3
-0.248216 0.279333 1.11856 1.34642e-38 3
-0.235182 0.28545 1.14305 1.49375e-38 3
-0.216714 0.28545 1.14305 1.49375e-38 3
-0.181064 0.260711 1.04399 1.51208e-38 3
-0.155882 0.24751 0.991129 1.53048e-38 3
-0.138119 0.244416 0.97874 1.48435e-38 3
-0.120796 0.241399 0.966657 1.5119e-38 3
-0.163833 0.376025 1.50575 1.52123e-38 3
-0.145084 0.391066 1.56598 1.45691e-38 3
-0.122227 0.399047 1.59794 1.39258e-38 3
-0.0944797 0.391066 1.56598 1.32798e-38 3
-0.051625 0.29184 1.16864 1.41088e-38 3
-0.0288653 0.25728 1.03025 1.46609e-38 3
-0.0116081 0.244416 0.97874 1.5397e-38 3
0.0042058 0.244416 0.97874 1.4752e-38 3
0.0198954 0.242898 0.972661 1.41066e-38 3
0.0358336 0.244416 0.97874 1.47527e-38 3
0.0497807 0.235582 0.943364 1.44765e-38 3
0.0634931 0.230039 0.921167 1.36464e-38 3
0.0900274 0.264234 1.0581 1.36467e-38 3
0.114886 0.283381 1.13477 1.46609e-38 3
0.13518 0.287548 1.15146 1.55821e-38 3
0.154924 0.289678 1.15999 1.47513e-38 3
0.172389 0.287548 1.15146 1.45691e-38 3
0.181645 0.273473 1.09509 1.4017e-38 3
0.196589 0.269701 1.07999 1.29106e-38 3
0.196428 0.24751 0.991129 1.20809e-38 3
0.205925 0.239918 0.960726 1.24504e-38 3
0.217446 0.235582 0.943364 1.30957e-38 3
0.235526 0.238455 0.954868 1.28195e-38 3
0.252494 0.239918 0.960726 1.27273e-38 3
0.266383 0.238455 0.954868 1.26348e-38 3
0.294376 0.249087 0.997442 1.23564e-38 3
0.318609 0.255599 1.02352 1.22638e-38 3
0.335147 0.255599 1.02352 1.28155e-38 3
0.356342 0.258984 1.03708 1.33666e-38 3
0.35884 0.249087 0.997442 1.41027e-38 3
0.420486 0.279333 1.11856 1.38265e-38 3
0.432383 0.275399 1.10281 1.35513e-38 3
0.447053 0.273473 1.09509 1.33684e-38 3
0.458336 0.269701 1.07999 1.37379e-38 3
0.466142 0.264234 1.0581 1.40145e-38 3
0.486525 0.266031 1.0653 1.40141e-38 3
0.552608 0.29184 1.16864 1.49339e-38 3
0.57149 0.29184 1.16864 1.44711e-38 3
0.443696 0.212536 0.851078 1.31797e-38 3
0.459947 0.213697 0.855729 1.27198e-38 3
0.476377 0.214871 0.860431 1.22606e-38 3
0.4876 0.213697 0.855729 1.17088e-38 3
0.496006 0.211387 0.846478 1.16188e-38 3
0.504231 0.209126 0.837425 1.16188e-38 3
0.520546 0.21025 0.841927 1.06057e-38 3
0.548904 0.216058 0.865185 1.04217e-38 3
0.625042 0.239918 0.960726 1.00522e-38 3
0.640565 0.239918 0.960726 1.04213e-38 3
0.656088 0.239918 0.960726 1.0789e-38 3
0.671611 0.239918 0.960726 1.06969e-38 3
0.717967 0.250683 1.00384 1.09734e-38 3
0.681744 0.232777 0.932133 1.13422e-38 3
0.688608 0.230039 0.921167 1.20791e-38 3
0.711866 0.232777 0.932133 1.29078e-38 3
0.954092 0.30552 1.22343 1.14326e-38 3
0.993626 0.30552 1.22343 9.31213e-39 3
0.968018 0.29184 1.16864 9.58871e-39 3
0.893545 0.264234 1.0581 9.12737e-39 3
0.847641 0.245953 0.984896 9.49651e-39 3
0.927737 0.264234 1.0581 9.68127e-39 3
0.890671 0.249087 0.997442 9.95857e-39 3
0.901048 0.24751 0.991129 9.40432e-39 3
0.917062 0.24751 0.991129 8.94334e-39 3
1.17005 0.31037 1.24284 8.11286e-39 3
1.22915 0.320546 1.28359 6.82212e-39 3
1.29226 0.331412 1.32711 8.20541e-39 3
-0.629497 0.189258 0.711811 8.11393e-39 3
-0.617996 0.189258 0.711811 8.20613e-39 3
-0.691507 0.24349 0.91578 9.31176e-39 3
-0.657485 0.236573 0.889764 9.77274e-39 3
-0.625344 0.230038 0.865185 9.77202e-39 3
-0.604683 0.227524 0.855729 9.95641e-39 3
-0.584469 0.225064 0.846478 9.95641e-39 3
-0.564687 0.222657 0.837425 9.03445e-39 3
-0.654545 0.293217 1.10281 1.15241e-38 3
-0.602768 0.277579 1.04399 1.18007e-38 3
-0.570682 0.270369 1.01687 1.18929e-38 3
-0.547146 0.266903 1.00384 1.18007e-38 3
-0.493003 0.247838 0.932133 1.25382e-38 3
-0.480804 0.249322 0.937715 1.33669e-38 3
-0.465653 0.249322 0.937715 1.30903e-38 3
-0.501559 0.277579 1.04399 1.21695e-38 3
-0.550785 0.31543 1.18635 1.25382e-38 3
-0.39646 0.235236 0.884737 1.23546e-38 3
-0.367626 0.226287 0.851078 1.19861e-38 3
-0.346345 0.221472 0.83297 1.17106e-38 3
-0.329383 0.219141 0.824202 1.19876e-38 3
-0.311153 0.215735 0.811391 1.09745e-38 3
-0.294986 0.213522 0.803069 1.06057e-38 3
-0.276342 0.20923 0.786927 1.21731e-38 3
-0.259712 0.206123 0.77524 1.23564e-38 3
-0.302435 0.297406 1.11856 1.24489e-38 3
-0.256843 0.268625 1.01031 1.35553e-38 3
-0.270148 0.301716 1.13477 1.37404e-38 3
-0.248216 0.297406 1.11856 1.4846e-38 3
-0.242256 0.313059 1.17743 1.4752e-38 3
-0.233778 0.327849 1.23306 1.4291e-38 3
-0.171896 0.263524 0.991129 1.5213e-38 3
-0.153933 0.26023 0.97874 1.47517e-38 3
-0.134751 0.253883 0.954868 1.50282e-38 3
-0.0959258 0.204102 0.767639 1.48446e-38 3
-0.0835228 0.204102 0.767639 1.41074e-38 3
-0.0711197 0.204102 0.767639 1.30035e-38 3
-0.0581466 0.20212 0.760186 1.30042e-38 3
-0.0456424 0.201144 0.756514 1.35571e-38 3
-0.0342463 0.206123 0.77524 1.38329e-38 3
-0.0249291 0.236573 0.889764 1.42921e-38 3
-0.0112563 0.252344 0.949081 1.41066e-38 3
0.00400552 0.247838 0.932133 1.41992e-38 3
0.0190664 0.247838 0.932133 1.38311e-38 3
0.0337257 0.244922 0.921167 1.37389e-38 3
0.0480442 0.242074 0.910456 1.33702e-38 3
0.0599657 0.231316 0.869991 1.36464e-38 3
0.072809 0.227524 0.855729 1.4291e-38 3
0.100344 0.263524 0.991129 1.47513e-38 3
0.137198 0.310723 1.16864 1.44736e-38 3
0.157254 0.313059 1.17743 1.68711e-38 3
0.169891 0.301716 1.13477 1.49361e-38 3
0.185537 0.297406 1.11856 1.29092e-38 3
0.196589 0.28715 1.07999 1.40159e-38 3
0.197679 0.265203 0.997442 1.62286e-38 3
0.208484 0.258614 0.972661 1.50311e-38 3
0.217446 0.250824 0.943364 1.3556e-38 3
0.235526 0.253883 0.954868 1.37411e-38 3
0.252494 0.255441 0.960726 1.38333e-38 3
0.264768 0.252344 0.949081 1.3556e-38 3
0.280103 0.252344 0.949081 1.49375e-38 3
0.308527 0.263524 0.991129 1.53052e-38 3
0.3225 0.261867 0.984896 1.53963e-38 3
0.342724 0.265203 0.997442 1.53938e-38 3
0.329461 0.24349 0.91578 1.47473e-38 3
0.344258 0.24349 0.91578 1.43789e-38 3
0.39869 0.270369 1.01687 1.43804e-38 3
0.42619 0.277579 1.04399 1.37368e-38 3
0.443058 0.277579 1.04399 1.30003e-38 3
0.391983 0.236573 0.889764 1.30925e-38 3
0.399549 0.232608 0.874851 1.3645e-38 3
0.425572 0.239292 0.899991 1.51186e-38 3
0.458561 0.249322 0.937715 1.56697e-38 3
0.441955 0.232608 0.874851 1.5854e-38 3
0.448572 0.228774 0.860431 1.45626e-38 3
0.467613 0.231316 0.869991 1.31804e-38 3
0.495432 0.237925 0.894848 1.22591e-38 3
0.50989 0.237925 0.894848 1.26286e-38 3
0.506967 0.230038 0.865185 1.26304e-38 3
0.509682 0.225064 0.846478 1.2078e-38 3
0.523359 0.225064 0.846478 1.19876e-38 3
0.551954 0.231316 0.869991 1.18043e-38 3
0.613747 0.250824 0.943364 1.08823e-38 3
0.640565 0.255441 0.960726 1.06979e-38 3
0.656088 0.255441 0.960726 1.0237e-38 3
0.729817 0.277579 1.04399 1.01437e-38 3
0.717967 0.266903 1.00384 1.10656e-38 3
0.724893 0.263524 0.991129 1.16192e-38 3
0.740907 0.263524 0.991129 1.11578e-38 3
0.592047 0.206123 0.77524 1.15263e-38 3
0.97834 0.320283 1.2046 9.86602e-39 3
0.968018 0.310723 1.16864 9.22101e-39 3
0.821395 0.258614 0.972661 9.12773e-39 3
0.831944 0.257017 0.966657 9.7731e-39 3
0.927737 0.28133 1.0581 8.39125e-39 3
0.885034 0.263524 0.991129 8.20686e-39 3
0.878799 0.257017 0.966657 7.56149e-39 3
0.888931 0.255441 0.960726 7.93027e-39 3
1.17005 0.330451 1.24284 8.39017e-39 3
1.24963 0.346973 1.30499 8.39017e-39 3
1.65746 0.452574 1.70216 7.92847e-39 3
-0.677979 0.212342 0.752877 7.28382e-39 3
-0.629497 0.200759 0.711811 7.56076e-39 3
-0.623666 0.202601 0.718341 8.48271e-39 3
-0.642032 0.225342 0.798972 7.92882e-39 3
-0.7211 0.258287 0.91578 9.58763e-39 3
-0.727578 0.266066 0.943364 9.49507e-39 3
-0.691507 0.258287 0.91578 9.40395e-39 3
-0.657485 0.250949 0.889764 9.77202e-39 3
-0.618509 0.24135 0.855729 1.00486e-38 3
-0.576338 0.230037 0.815617 9.21884e-39 3
-0.56316 0.230037 0.815617 8.75787e-39 3
-0.538758 0.225342 0.798972 9.86421e-39 3
-0.619636 0.294447 1.04399 1.05099e-38 3
-0.587112 0.286799 1.01687 1.08787e-38 3
-0.549281 0.276044 0.97874 1.13397e-38 3
-0.533467 0.276044 0.97874 1.21695e-38 3
-0.481538 0.256785 0.910456 1.25372e-38 3
-0.427097 0.234931 0.83297 1.29981e-38 3
-0.427275 0.242676 0.860431 1.33669e-38 3
-0.372445 0.218649 0.77524 1.17085e-38 3
-0.38265 0.232458 0.824202 1.13397e-38 3
-0.373263 0.234931 0.83297 1.18932e-38 3
-0.361728 0.236187 0.837425 1.26315e-38 3
-0.346345 0.234931 0.83297 1.2356e-38 3
-0.324263 0.228845 0.811391 1.21723e-38 3
-0.311153 0.228845 0.811391 1.11589e-38 3
-0.294986 0.226498 0.803069 1.19887e-38 3
-0.276342 0.221945 0.786927 1.19887e-38 3
-0.261004 0.219737 0.779097 1.1711e-38 3
-0.248416 0.219737 0.779097 1.21738e-38 3
-0.235828 0.219737 0.779097 1.19894e-38 3
-0.212659 0.209322 0.742173 1.18972e-38 3
-0.201623 0.210319 0.745707 1.22645e-38 3
-0.191397 0.212342 0.752877 1.27255e-38 3
-0.231668 0.294447 1.04399 1.30943e-38 3
-0.206538 0.283122 1.00384 1.40144e-38 3
-0.18791 0.279538 0.991129 1.46591e-38 3
-0.132486 0.215449 0.763895 1.41981e-38 3
-0.11956 0.214403 0.760186 1.34609e-38 3
-0.104735 0.209322 0.742173 1.33691e-38 3
-0.0945356 0.213367 0.756514 1.35545e-38 3
-0.0823123 0.213367 0.756514 1.40162e-38 3
-0.0690877 0.210319 0.745707 1.4385e-38 3
-0.0565009 0.208335 0.738672 1.48471e-38 3
-0.0449903 0.210319 0.745707 1.46627e-38 3
-0.0335813 0.214403 0.760186 1.42939e-38 3
-0.0212987 0.214403 0.760186 1.39237e-38 3
-0.00914925 0.217572 0.771421 1.31847e-38 3
0.00354172 0.232458 0.824202 1.31858e-38 3
0.017038 0.234931 0.83297 1.33702e-38 3
0.0309912 0.238741 0.846478 1.41077e-38 3
0.0446681 0.238741 0.846478 1.44765e-38 3
0.058345 0.238741 0.846478 1.46598e-38 3
0.0708726 0.234931 0.83297 1.50279e-38 3
0.0843313 0.234931 0.83297 1.59491e-38 3
0.113485 0.272636 0.966657 1.7792e-38 3
0.15608 0.329605 1.16864 1.90827e-38 3
0.169891 0.320051 1.13477 1.81625e-38 3
0.182924 0.311035 1.10281 1.55829e-38 3
0.199338 0.30886 1.09509 1.41074e-38 3
0.197679 0.281319 0.997442 1.36471e-38 3
0.209787 0.276044 0.97874 1.4385e-38 3
0.2256 0.276044 0.97874 1.38326e-38 3
0.241414 0.276044 0.97874 1.34634e-38 3
0.250954 0.269311 0.954868 1.30025e-38 3
0.240037 0.242676 0.860431 1.33705e-38 3
0.253939 0.242676 0.860431 1.37386e-38 3
0.293658 0.266066 0.943364 1.43829e-38 3
0.30705 0.264473 0.937715 1.52119e-38 3
0.314665 0.258287 0.91578 1.51172e-38 3
0.311259 0.244017 0.865185 1.58526e-38 3
0.327045 0.245372 0.869991 1.58526e-38 3
0.341102 0.245372 0.869991 1.44715e-38 3
0.361178 0.249531 0.884737 1.40123e-38 3
0.365158 0.242676 0.860431 1.32772e-38 3
0.376989 0.24135 0.855729 1.3001e-38 3
0.397329 0.245372 0.869991 1.33691e-38 3
0.425572 0.253834 0.899991 1.34602e-38 3
0.458561 0.264473 0.937715 1.44729e-38 3
0.449488 0.250949 0.889764 1.59466e-38 3
0.453556 0.245372 0.869991 1.5854e-38 3
0.472867 0.248129 0.879766 1.50236e-38 3
0.489834 0.249531 0.884737 1.4563e-38 3
0.501297 0.248129 0.879766 1.42871e-38 3
0.504181 0.242676 0.860431 1.43793e-38 3
0.506942 0.237457 0.841927 1.30911e-38 3
0.515008 0.234931 0.83297 1.28159e-38 3
0.531292 0.236187 0.837425 1.20791e-38 3
0.599305 0.259806 0.921167 1.18032e-38 3
0.678001 0.286799 1.01687 1.09745e-38 3
0.703568 0.290573 1.03025 9.77634e-39 3
0.729817 0.294447 1.04399 9.59051e-39 3
0.746686 0.294447 1.04399 9.31392e-39 3
0.673724 0.259806 0.921167 9.49795e-39 3
0.688608 0.259806 0.921167 9.95929e-39 3
0.594993 0.219737 0.779097 9.59051e-39 3
0.718375 0.259806 0.921167 1.01426e-38 3
0.97834 0.339746 1.2046 9.77383e-39 3
0.997803 0.339746 1.2046 9.49759e-39 3
0.811317 0.270963 0.960726 1.00497e-38 3
0.811897 0.266066 0.943364 1.02341e-38 3
0.832152 0.267679 0.949081 8.94442e-39 3
0.863181 0.272636 0.966657 8.57564e-39 3
0.868082 0.269311 0.954868 8.57564e-39 3
0.872866 0.266066 0.943364 7.83771e-39 3
1.15177 0.345055 1.22343 8.02139e-39 3
1.20932 0.356186 1.26289 7.92919e-39 3
1.65746 0.480076 1.70216 7.92847e-39 3
-0.698117 0.231175 0.77524 7.37709e-39 3
-0.665815 0.224506 0.752877 7.65368e-39 3
-0.65365 0.224506 0.752877 7.74515e-39 3
-0.617727 0.216191 0.724993 7.65296e-39 3
-0.654942 0.238251 0.798972 8.66567e-39 3
-0.642032 0.238251 0.798972 9.58762e-39 3
-0.7211 0.273083 0.91578 1.02323e-38 3
-0.710458 0.27469 0.921167 9.67982e-39 3
-0.679584 0.268375 0.899991 1.0233e-38 3
-0.653771 0.263826 0.884737 9.86421e-39 3
-0.615148 0.253789 0.851078 9.40359e-39 3
-0.576338 0.243215 0.815617 1.05085e-38 3
-0.551667 0.238251 0.798972 1.01401e-38 3
-0.530636 0.23466 0.786927 1.06933e-38 3
-0.517921 0.23466 0.786927 1.13386e-38 3
-0.803327 0.382764 1.28359 1.13397e-38 3
-0.489619 0.239473 0.803069 1.12475e-38 3
-0.611483 0.307219 1.03025 1.15241e-38 3
-0.565095 0.291858 0.97874 1.16163e-38 3
-0.477636 0.253789 0.851078 1.16163e-38 3
-0.431084 0.235845 0.790901 1.28137e-38 3
-0.418306 0.235845 0.790901 1.34588e-38 3
-0.407585 0.237042 0.794916 1.41041e-38 3
-0.386886 0.232325 0.779097 1.51186e-38 3
-0.37061 0.230036 0.771421 1.43822e-38 3
-0.358146 0.230036 0.771421 1.32762e-38 3
-0.345682 0.230036 0.771421 1.27237e-38 3
-0.341632 0.235845 0.790901 1.17099e-38 3
-0.332209 0.238251 0.798972 1.11578e-38 3
-0.319299 0.238251 0.798972 1.05128e-38 3
-0.304835 0.237042 0.794916 1.06057e-38 3
-0.289057 0.23466 0.786927 1.11589e-38 3
-0.273592 0.232325 0.779097 1.15277e-38 3
-0.258433 0.230036 0.771421 1.18965e-38 3
-0.244763 0.228908 0.767639 1.19894e-38 3
-0.231226 0.227792 0.763895 1.18043e-38 3
-0.210663 0.219236 0.735204 1.20798e-38 3
-0.198784 0.219236 0.735204 1.29092e-38 3
-0.186031 0.218212 0.731768 1.41077e-38 3
-0.144125 0.226686 0.760186 1.31847e-38 3
-0.131842 0.226686 0.760186 1.41063e-38 3
-0.11956 0.226686 0.760186 1.41066e-38 3
-0.105234 0.222368 0.745707 1.41988e-38 3
-0.0945356 0.225591 0.756514 1.44769e-38 3
-0.0823123 0.225591 0.756514 1.47535e-38 3
-0.068436 0.22027 0.738672 1.41081e-38 3
-0.0562357 0.219236 0.735204 1.39233e-38 3
-0.0445659 0.22027 0.738672 1.4385e-38 3
-0.0327855 0.221314 0.742173 1.40162e-38 3
-0.0205024 0.218212 0.731768 1.42921e-38 3
-0.00876084 0.22027 0.738672 1.50297e-38 3
0.00333133 0.231175 0.77524 1.50286e-38 3
0.0159361 0.232325 0.779097 1.53985e-38 3
0.0285243 0.232325 0.779097 1.60431e-38 3
0.0411125 0.232325 0.779097 1.59498e-38 3
0.0565122 0.244488 0.819887 1.54878e-38 3
0.0679799 0.238251 0.798972 1.65934e-38 3
0.0800721 0.235845 0.790901 1.65931e-38 3
0.088814 0.225591 0.756514 1.65023e-38 3
0.158412 0.315522 1.0581 1.62264e-38 3
0.166508 0.299341 1.00384 1.47531e-38 3
0.182727 0.299341 1.00384 1.40159e-38 3
0.183935 0.222368 0.745707 1.43847e-38 3
0.197868 0.224506 0.752877 1.44769e-38 3
0.214151 0.228908 0.767639 1.48453e-38 3
0.245835 0.24839 0.83297 1.53974e-38 3
0.281776 0.269926 0.905193 1.59502e-38 3
0.296401 0.269926 0.905193 1.53963e-38 3
0.294031 0.255176 0.855729 1.45651e-38 3
0.307857 0.255176 0.855729 1.48385e-38 3
0.321684 0.255176 0.855729 1.52065e-38 3
0.331883 0.252418 0.846478 1.4747e-38 3
0.34556 0.252418 0.846478 1.31818e-38 3
0.355395 0.249718 0.837425 1.24464e-38 3
0.370909 0.251061 0.841927 1.3001e-38 3
0.388691 0.253789 0.851078 1.36457e-38 3
0.402443 0.253789 0.851078 1.39215e-38 3
0.427819 0.260879 0.874851 1.44733e-38 3
0.441955 0.260879 0.874851 1.44726e-38 3
0.453556 0.259429 0.869991 1.438e-38 3
0.462474 0.256578 0.860431 1.41949e-38 3
0.476377 0.256578 0.860431 1.40101e-38 3
0.490279 0.256578 0.860431 1.37332e-38 3
0.496006 0.252418 0.846478 1.38258e-38 3
0.481078 0.238251 0.798972 1.35506e-38 3
0.488997 0.235845 0.790901 1.38286e-38 3
0.496758 0.233486 0.782992 1.29996e-38 3
0.506875 0.232325 0.779097 1.17106e-38 3
0.555384 0.24839 0.83297 1.07901e-38 3
0.568842 0.24839 0.83297 1.06979e-38 3
0.541944 0.231175 0.77524 9.86709e-39 3
0.557228 0.232325 0.779097 9.6827e-39 3
0.566995 0.231175 0.77524 9.49831e-39 3
0.576666 0.230036 0.771421 9.77526e-39 3
0.592047 0.231175 0.77524 9.6827e-39 3
0.601595 0.230036 0.771421 9.68235e-39 3
0.605116 0.226686 0.760186 9.68235e-39 3
0.953782 0.343362 1.15146 9.03698e-39 3
0.796654 0.281309 0.943364 9.03662e-39 3
0.807035 0.279624 0.937715 1.00508e-38 3
0.837226 0.284739 0.954868 9.3132e-39 3
0.857885 0.286486 0.960726 8.39124e-39 3
0.862821 0.283014 0.949081 7.7448e-39 3
0.940882 0.303229 1.01687 8.02138e-39 3
0.957312 0.303229 1.01687 8.48236e-39 3
0.961258 0.299341 1.00384 8.57456e-39 3
0.977477 0.299341 1.00384 7.28382e-39 3
0.968854 0.291858 0.97874 7.37602e-39 3
0.847026 0.251061 0.841927 7.74408e-39 3
0.833735 0.243215 0.815617 7.46749e-39 3
0.846913 0.243215 0.815617 7.09943e-39 3
-0.698117 0.2437 0.77524 6.54661e-39 3
-0.665815 0.236671 0.752877 7.83735e-39 3
-0.65365 0.236671 0.752877 8.11322e-39 3
-0.6206 0.228965 0.728365 9.49615e-39 3
-0.608831 0.228965 0.728365 9.40324e-39 3
-0.597063 0.228965 0.728365 1.05089e-38 3
-0.58803 0.230035 0.731768 9.86349e-39 3
-0.629123 0.251161 0.798972 1.04159e-38 3
-0.702197 0.286206 0.910456 1.07854e-38 3
-0.671862 0.279702 0.889764 1.08776e-38 3
-0.639323 0.271975 0.865185 1.04167e-38 3
-0.560333 0.2437 0.77524 1.11542e-38 3
-0.553285 0.246137 0.782992 1.17989e-38 3
-0.557354 0.25375 0.807208 1.15223e-38 3
-0.541521 0.252449 0.803069 1.14308e-38 3
-0.525848 0.251161 0.798972 1.18918e-38 3
-0.531937 0.260463 0.828563 1.16163e-38 3
-0.505185 0.25375 0.807208 1.23539e-38 3
-0.489619 0.252449 0.803069 1.23535e-38 3
-0.476643 0.252449 0.803069 1.15241e-38 3
-0.491387 0.267541 0.851078 1.17085e-38 3
-0.465 0.260463 0.828563 1.15241e-38 3
-0.426774 0.246137 0.782992 1.21698e-38 3
-0.414122 0.246137 0.782992 1.33684e-38 3
-0.401471 0.246137 0.782992 1.29992e-38 3
-0.384971 0.2437 0.77524 1.22613e-38 3
-0.368793 0.241311 0.767639 1.10638e-38 3
-0.349537 0.236671 0.752877 1.12486e-38 3
-0.326388 0.228965 0.728365 1.10649e-38 3
-0.31172 0.226855 0.721652 1.10649e-38 3
-0.30006 0.226855 0.721652 1.11575e-38 3
-0.308289 0.2425 0.771421 1.16188e-38 3
-0.295825 0.2425 0.771421 1.07901e-38 3
-0.280596 0.240134 0.763895 1.15277e-38 3
-0.266952 0.238968 0.760186 1.19887e-38 3
-0.254669 0.238968 0.760186 1.19887e-38 3
-0.240056 0.236671 0.752877 1.1989e-38 3
-0.225721 0.234417 0.745707 1.17121e-38 3
-0.208703 0.228965 0.728365 1.28174e-38 3
-0.196934 0.228965 0.728365 1.3278e-38 3
-0.183459 0.226855 0.721652 1.36467e-38 3
-0.171799 0.226855 0.721652 1.33691e-38 3
-0.157956 0.223761 0.711811 1.35535e-38 3
-0.147798 0.225814 0.718341 1.35528e-38 3
-0.137453 0.227905 0.724993 1.38293e-38 3
-0.125159 0.226855 0.721652 1.39223e-38 3
-0.114555 0.228965 0.728365 1.40145e-38 3
-0.102786 0.228965 0.728365 1.52141e-38 3
-0.0918726 0.231115 0.735204 1.45687e-38 3
-0.0799936 0.231115 0.735204 1.4384e-38 3
-0.067481 0.228965 0.728365 1.57662e-38 3
-0.0554546 0.227905 0.724993 1.59506e-38 3
-0.0437406 0.227905 0.724993 1.46609e-38 3
-0.0320266 0.227905 0.724993 1.44765e-38 3
-0.0200343 0.224783 0.715061 1.42921e-38 3
-0.00848081 0.224783 0.715061 1.52141e-38 3
0.00305876 0.223761 0.711811 1.40145e-38 3
0.0147611 0.226855 0.721652 1.42918e-38 3
0.0273018 0.234417 0.745707 1.48439e-38 3
0.0401146 0.238968 0.760186 1.52123e-38 3
0.0565122 0.257736 0.819887 1.61332e-38 3
0.0679799 0.251161 0.798972 1.54874e-38 3
0.0800721 0.248624 0.790901 1.46577e-38 3
0.0875452 0.234417 0.745707 1.53038e-38 3
0.0981912 0.231115 0.735204 1.44751e-38 3
0.146531 0.307672 0.97874 1.48449e-38 3
0.166508 0.315561 1.00384 1.48457e-38 3
0.178825 0.227905 0.724993 1.36464e-38 3
0.191426 0.228965 0.728365 1.37386e-38 3
0.203194 0.228965 0.728365 1.38301e-38 3
0.221134 0.235538 0.749275 1.53045e-38 3
0.23324 0.235538 0.749275 1.50275e-38 3
0.269881 0.259092 0.824202 1.47509e-38 3
0.278796 0.255065 0.811391 1.53012e-38 3
0.298084 0.260463 0.828563 1.54835e-38 3
0.309832 0.259092 0.824202 1.55753e-38 3
0.324859 0.260463 0.828563 1.52069e-38 3
0.338246 0.260463 0.828563 1.37339e-38 3
0.337354 0.249886 0.794916 1.29989e-38 3
0.348429 0.248624 0.790901 1.25386e-38 3
0.359393 0.247374 0.786927 1.25393e-38 3
0.370247 0.246137 0.782992 1.30003e-38 3
0.382898 0.246137 0.782992 1.37371e-38 3
0.364562 0.226855 0.721652 1.3552e-38 3
0.425209 0.256393 0.815617 1.32747e-38 3
0.457448 0.267541 0.851078 1.41045e-38 3
0.471199 0.267541 0.851078 1.47491e-38 3
0.464744 0.256393 0.815617 1.33655e-38 3
0.461111 0.247374 0.786927 1.28112e-38 3
0.464489 0.2425 0.771421 1.33651e-38 3
0.470007 0.238968 0.760186 1.309e-38 3
0.477652 0.236671 0.752877 1.2723e-38 3
0.485152 0.234417 0.745707 1.31854e-38 3
0.501981 0.236671 0.752877 1.34624e-38 3
0.519138 0.238968 0.760186 1.29103e-38 3
0.526311 0.236671 0.752877 1.19883e-38 3
0.546355 0.240134 0.763895 1.07883e-38 3
0.561437 0.241311 0.767639 1.09727e-38 3
0.57384 0.241311 0.767639 1.05117e-38 3
0.586243 0.241311 0.767639 1.00508e-38 3
0.592834 0.238968 0.760186 9.86638e-39 3
0.602193 0.237814 0.756514 9.95857e-39 3
0.611462 0.236671 0.752877 9.95857e-39 3
0.635855 0.241311 0.767639 9.49759e-39 3
0.710993 0.264664 0.841927 9.03698e-39 3
0.724596 0.264664 0.841927 8.02283e-39 3
0.936615 0.323865 1.03025 8.48344e-39 3
0.921412 0.307672 0.97874 8.29797e-39 3
0.925656 0.303873 0.966657 9.31141e-39 3
0.896979 0.289573 0.921167 8.11358e-39 3
0.833423 0.264664 0.841927 8.482e-39 3
0.820557 0.256393 0.815617 7.74408e-39 3
0.833735 0.256393 0.815617 9.0341e-39 3
0.838182 0.25375 0.807208 8.38909e-39 3
-0.698117 0.256226 0.77524 7.56076e-39 3
-0.653252 0.24414 0.738672 7.83735e-39 3
-0.641317 0.24414 0.738672 7.74443e-39 3
-0.6206 0.240734 0.728365 8.3898e-39 3
-0.608831 0.240734 0.728365 9.21812e-39 3
-0.597063 0.240734 0.728365 9.7713e-39 3
-0.58803 0.241858 0.731768 1.05081e-38 3
-0.56824 0.238515 0.721652 1.11535e-38 3
-0.706303 0.302677 0.91578 1.17996e-38 3
-0.668066 0.292416 0.884737 1.16152e-38 3
-0.567242 0.253714 0.767639 1.1062e-38 3
-0.533902 0.24414 0.738672 1.14308e-38 3
-0.521967 0.24414 0.738672 1.189e-38 3
-0.560242 0.268175 0.811391 1.16145e-38 3
-0.536023 0.262729 0.794916 1.16152e-38 3
-0.523179 0.262729 0.794916 1.22617e-38 3
-0.510335 0.262729 0.794916 1.17088e-38 3
-0.50003 0.26407 0.798972 1.11557e-38 3
-0.477378 0.258789 0.782992 1.12479e-38 3
-0.451191 0.251251 0.760186 1.1801e-38 3
-0.436788 0.250037 0.756514 1.18014e-38 3
-0.416516 0.245297 0.742173 1.15248e-38 3
-0.408396 0.247645 0.749275 1.16177e-38 3
-0.396289 0.247645 0.749275 1.1617e-38 3
-0.380542 0.245297 0.742173 1.12479e-38 3
-0.36855 0.245297 0.742173 1.09713e-38 3
-0.349925 0.240734 0.728365 1.06954e-38 3
-0.338156 0.240734 0.728365 1.10649e-38 3
-0.321896 0.237421 0.718341 1.09727e-38 3
-0.31172 0.238515 0.721652 1.14337e-38 3
-0.30006 0.238515 0.721652 1.14341e-38 3
-0.291082 0.240734 0.728365 1.16184e-38 3
-0.287332 0.247645 0.749275 1.13426e-38 3
-0.276549 0.248835 0.752877 1.14355e-38 3
-0.264385 0.248835 0.752877 1.14355e-38 3
-0.25222 0.248835 0.752877 1.11589e-38 3
-0.237769 0.246465 0.745707 1.18965e-38 3
-0.223591 0.24414 0.738672 1.27252e-38 3
-0.206779 0.238515 0.721652 1.3462e-38 3
-0.195119 0.238515 0.721652 1.44754e-38 3
-0.180958 0.235262 0.711811 1.4107e-38 3
-0.167177 0.232097 0.702235 1.44758e-38 3
-0.153762 0.229016 0.692913 1.42907e-38 3
-0.142566 0.229016 0.692913 1.38293e-38 3
-0.134954 0.235262 0.711811 1.43825e-38 3
-0.120709 0.230034 0.695993 1.41981e-38 3
-0.110445 0.232097 0.702235 1.48439e-38 3
-0.0995455 0.233143 0.705398 1.44765e-38 3
-0.0893556 0.236337 0.715061 1.4568e-38 3
-0.0785191 0.238515 0.721652 1.46598e-38 3
-0.0659474 0.235262 0.711811 1.50283e-38 3
-0.0544464 0.235262 0.711811 1.51201e-38 3
-0.0431414 0.236337 0.715061 1.50286e-38 3
-0.0314443 0.235262 0.711811 1.47531e-38 3
-0.0197636 0.233143 0.705398 1.39233e-38 3
-0.0083662 0.233143 0.705398 1.33709e-38 3
0.00300414 0.231061 0.6991 1.34624e-38 3
0.0144939 0.234198 0.70859 1.27255e-38 3
0.0261798 0.236337 0.715061 1.24486e-38 3
0.0373919 0.234198 0.70859 1.22635e-38 3
0.0488408 0.234198 0.70859 1.32769e-38 3
0.0676348 0.262729 0.794916 1.3645e-38 3
0.077717 0.253714 0.767639 1.40137e-38 3
0.0835659 0.235262 0.711811 1.48446e-38 3
0.092543 0.229016 0.692913 1.46613e-38 3
0.1042 0.230034 0.695993 1.41081e-38 3
0.163331 0.234198 0.70859 1.3556e-38 3
0.177185 0.237421 0.718341 1.36464e-38 3
0.188791 0.237421 0.718341 1.36464e-38 3
0.201321 0.238515 0.721652 1.35535e-38 3
0.212004 0.237421 0.718341 1.41981e-38 3
0.231029 0.245297 0.742173 1.40134e-38 3
0.257675 0.260089 0.786927 1.44733e-38 3
0.271756 0.261403 0.790901 1.48399e-38 3
0.287438 0.26407 0.798972 1.52062e-38 3
0.303444 0.266792 0.807208 1.60352e-38 3
0.316486 0.266792 0.807208 1.54824e-38 3
0.326166 0.26407 0.798972 1.51161e-38 3
0.333964 0.260089 0.786927 1.37354e-38 3
0.343229 0.257501 0.779097 1.30918e-38 3
0.347181 0.251251 0.760186 1.37375e-38 3
0.339676 0.237421 0.718341 1.39219e-38 3
0.351283 0.237421 0.718341 1.35531e-38 3
0.357963 0.234198 0.70859 1.32762e-38 3
0.367748 0.233143 0.705398 1.35528e-38 3
0.380861 0.234198 0.70859 1.29067e-38 3
0.407045 0.242994 0.735204 1.34584e-38 3
0.4209 0.24414 0.738672 1.39183e-38 3
0.432835 0.24414 0.738672 1.37339e-38 3
0.451154 0.247645 0.749275 1.3735e-38 3
0.45887 0.245297 0.742173 1.24453e-38 3
0.46644 0.242994 0.735204 1.2262e-38 3
0.471676 0.239619 0.724993 1.18014e-38 3
0.487907 0.241858 0.731768 1.20794e-38 3
0.502077 0.242994 0.735204 1.20805e-38 3
0.51638 0.24414 0.738672 1.13429e-38 3
0.538475 0.248835 0.752877 1.07883e-38 3
0.5533 0.250037 0.756514 1.09727e-38 3
0.568268 0.251251 0.760186 1.14337e-38 3
0.583383 0.252477 0.763895 1.12493e-38 3
0.587133 0.248835 0.752877 1.06039e-38 3
0.599298 0.248835 0.752877 1.06961e-38 3
0.599925 0.24414 0.738672 1.07883e-38 3
0.61186 0.24414 0.738672 1.06039e-38 3
0.617966 0.241858 0.731768 1.01433e-38 3
0.566281 0.217469 0.657977 9.22137e-39 3
0.910037 0.319492 0.966657 9.12773e-39 3
0.882095 0.304457 0.921167 9.03517e-39 3
0.80256 0.272409 0.824202 8.75823e-39 3
0.807378 0.269571 0.815617 8.48129e-39 3
0.803811 0.26407 0.798972 8.29654e-39 3
0.80847 0.261403 0.790901 8.20434e-39 3
0.813037 0.258789 0.782992 8.94119e-39 3
-0.665187 0.256075 0.738672 7.09978e-39 3
-0.629497 0.246763 0.711811 7.83663e-39 3
-0.612429 0.24454 0.705398 8.20541e-39 3
-0.603751 0.245647 0.70859 9.12665e-39 3
-0.594994 0.246763 0.711811 9.40324e-39 3
-0.588847 0.249027 0.718341 1.08776e-38 3
-0.57724 0.249027 0.718341 1.09698e-38 3
-0.563051 0.24789 0.715061 1.09691e-38 3
-0.592048 0.266117 0.767639 1.11542e-38 3
-0.653302 0.299933 0.865185 1.14308e-38 3
-0.545837 0.256075 0.738672 1.13386e-38 3
-0.533902 0.256075 0.738672 1.17074e-38 3
-0.507601 0.249027 0.718341 1.25364e-38 3
-0.495994 0.249027 0.718341 1.28138e-38 3
-0.48662 0.250175 0.721652 1.22617e-38 3
-0.472781 0.249027 0.718341 1.18932e-38 3
-0.461175 0.249027 0.718341 1.12479e-38 3
-0.437526 0.242357 0.6991 1.10635e-38 3
-0.442017 0.251333 0.724993 1.17088e-38 3
-0.430303 0.251333 0.724993 1.17088e-38 3
-0.41666 0.250175 0.721652 1.1801e-38 3
-0.388871 0.240212 0.692913 1.21705e-38 3
-0.377676 0.240212 0.692913 1.13408e-38 3
-0.373083 0.24454 0.705398 1.12493e-38 3
-0.35063 0.237065 0.683836 1.14337e-38 3
-0.333751 0.232995 0.672096 1.11571e-38 3
-0.329973 0.238105 0.686835 1.14337e-38 3
-0.318875 0.238105 0.686835 1.16181e-38 3
-0.316096 0.24454 0.705398 1.18025e-38 3
-0.303332 0.243444 0.702235 1.16188e-38 3
-0.291986 0.243444 0.702235 1.19876e-38 3
-0.28064 0.243444 0.702235 1.27262e-38 3
-0.272966 0.246763 0.711811 1.25426e-38 3
-0.266307 0.251333 0.724993 1.29103e-38 3
-0.255777 0.252502 0.728365 1.28184e-38 3
-0.244008 0.252502 0.728365 1.30017e-38 3
-0.23224 0.252502 0.728365 1.29106e-38 3
-0.219451 0.251333 0.724993 1.30939e-38 3
-0.20396 0.246763 0.711811 1.38301e-38 3
-0.192459 0.246763 0.711811 1.45676e-38 3
-0.176936 0.24128 0.695993 1.51208e-38 3
-0.162797 0.237065 0.683836 1.42903e-38 3
-0.150434 0.235013 0.677915 1.43825e-38 3
-0.138283 0.232995 0.672096 1.40137e-38 3
-0.128527 0.235013 0.677915 1.50272e-38 3
-0.116565 0.232995 0.672096 1.55814e-38 3
-0.105705 0.232995 0.672096 1.52137e-38 3
-0.0948459 0.232995 0.672096 1.64115e-38 3
-0.0847137 0.235013 0.677915 1.67796e-38 3
-0.0767507 0.24454 0.705398 1.59498e-38 3
-0.0644819 0.24128 0.695993 1.51201e-38 3
-0.0534741 0.242357 0.6991 1.49357e-38 3
-0.042751 0.245647 0.70859 1.49364e-38 3
-0.031161 0.24454 0.705398 1.42921e-38 3
-0.0195872 0.242357 0.6991 1.40159e-38 3
-0.00829151 0.242357 0.6991 1.42925e-38 3
0.00295144 0.238105 0.686835 1.35563e-38 3
0.0141108 0.239154 0.689861 1.36482e-38 3
0.0254817 0.24128 0.695993 1.30947e-38 3
0.0359287 0.236035 0.680863 1.28184e-38 3
0.0469297 0.236035 0.680863 1.29095e-38 3
0.0581836 0.237065 0.683836 1.26322e-38 3
0.0677533 0.232 0.669224 1.34624e-38 3
0.0792435 0.234 0.674993 1.42014e-38 3
0.0901497 0.234 0.674993 1.45701e-38 3
0.103282 0.239154 0.689861 1.47535e-38 3
0.117005 0.24454 0.705398 1.47535e-38 3
0.12957 0.246763 0.711811 1.34638e-38 3
0.140433 0.245647 0.70859 1.374e-38 3
0.152572 0.246763 0.711811 1.42932e-38 3
0.162595 0.24454 0.705398 1.37404e-38 3
0.173212 0.243444 0.702235 1.36464e-38 3
0.184558 0.243444 0.702235 1.35542e-38 3
0.195905 0.243444 0.702235 1.38308e-38 3
0.206326 0.242357 0.6991 1.54896e-38 3
0.220576 0.245647 0.70859 1.61342e-38 3
0.229944 0.243444 0.702235 1.68704e-38 3
0.27039 0.272804 0.786927 1.6592e-38 3
0.281689 0.27144 0.782992 1.78798e-38 3
0.280324 0.258514 0.745707 1.84316e-38 3
0.289615 0.256075 0.738672 1.71408e-38 3
0.30155 0.256075 0.738672 1.59437e-38 3
0.325778 0.266117 0.767639 1.49317e-38 3
0.316463 0.249027 0.718341 1.40119e-38 3
0.320714 0.243444 0.702235 1.45662e-38 3
0.330578 0.242357 0.6991 1.49357e-38 3
0.341874 0.242357 0.6991 1.37375e-38 3
0.350044 0.240212 0.692913 1.34609e-38 3
0.359648 0.239154 0.689861 1.38301e-38 3
0.370795 0.239154 0.689861 1.3645e-38 3
0.397709 0.249027 0.718341 1.28145e-38 3
0.411202 0.250175 0.721652 1.27212e-38 3
0.426795 0.252502 0.728365 1.33669e-38 3
0.44477 0.256075 0.738672 1.30911e-38 3
0.454561 0.254873 0.735204 1.18932e-38 3
0.462101 0.252502 0.728365 1.18014e-38 3
0.467348 0.249027 0.718341 1.17092e-38 3
0.48339 0.251333 0.724993 1.17092e-38 3
0.497406 0.252502 0.728365 1.19869e-38 3
0.509175 0.252502 0.728365 1.1895e-38 3
0.530819 0.257289 0.742173 1.27241e-38 3
0.545395 0.258514 0.745707 1.29074e-38 3
0.557444 0.258514 0.745707 1.16177e-38 3
0.580551 0.263534 0.760186 1.15255e-38 3
0.578785 0.257289 0.742173 1.10649e-38 3
0.590777 0.257289 0.742173 1.07883e-38 3
0.591554 0.252502 0.728365 1.06039e-38 3
0.606142 0.253682 0.731768 1.08802e-38 3
0.567573 0.232995 0.672096 1.00511e-38 3
0.56867 0.229063 0.660753 1.06043e-38 3
0.579346 0.229063 0.660753 9.86674e-39 3
0.590022 0.229063 0.660753 9.31356e-39 3
0.600698 0.229063 0.660753 8.76039e-39 3
0.598743 0.22433 0.647101 9.22065e-39 3
0.719276 0.256075 0.738672 8.75823e-39 3
0.731211 0.256075 0.738672 8.75823e-39 3
0.69711 0.240212 0.692913 9.21777e-39 3
0.702093 0.238105 0.686835 9.67768e-39 3
0.71319 0.238105 0.686835 9.40181e-39 3
-0.640999 0.258264 0.711811 7.83663e-39 3
-0.618256 0.253653 0.6991 7.92882e-39 3
-0.606961 0.253653 0.6991 8.85042e-39 3
-0.601031 0.255938 0.705398 9.03445e-39 3
-0.581772 0.252525 0.695993 9.7713e-39 3
-0.583493 0.258264 0.711811 1.09698e-38 3
-0.571992 0.258264 0.711811 1.12461e-38 3
-0.573526 0.264271 0.728365 1.07851e-38 3
-0.659988 0.310482 0.855729 1.05085e-38 3
-0.649712 0.312188 0.860431 1.08773e-38 3
-0.540736 0.265505 0.731768 1.1523e-38 3
-0.528912 0.265505 0.731768 1.16152e-38 3
-0.50071 0.257096 0.70859 1.17996e-38 3
-0.482709 0.253653 0.6991 1.13393e-38 3
-0.457128 0.245966 0.677915 1.09713e-38 3
-0.429443 0.236742 0.652493 1.09716e-38 3
-0.424203 0.239739 0.660753 1.06951e-38 3
-0.411789 0.238732 0.657977 1.09716e-38 3
-0.406279 0.241779 0.666376 1.1617e-38 3
-0.413091 0.252525 0.695993 1.18014e-38 3
-0.405449 0.25479 0.702235 1.1433e-38 3
-0.378814 0.244906 0.674993 1.18018e-38 3
-0.367908 0.244906 0.674993 1.12493e-38 3
-0.35547 0.243855 0.672096 1.11571e-38 3
-0.344611 0.243855 0.672096 1.08812e-38 3
-0.330911 0.241779 0.666376 1.13419e-38 3
-0.324284 0.244906 0.674993 1.18947e-38 3
-0.313378 0.244906 0.674993 1.16181e-38 3
-0.303781 0.245966 0.677915 1.05117e-38 3
-0.291565 0.244906 0.674993 1.06969e-38 3
-0.281874 0.245966 0.677915 1.15262e-38 3
-0.270921 0.245966 0.677915 1.17121e-38 3
-0.261098 0.247035 0.680863 1.16202e-38 3
-0.247941 0.244906 0.674993 1.22649e-38 3
-0.243328 0.251408 0.692913 1.25411e-38 3
-0.236314 0.255938 0.705398 1.30939e-38 3
-0.225935 0.257096 0.70859 1.35553e-38 3
-0.214486 0.257096 0.70859 1.37389e-38 3
-0.19767 0.2503 0.689861 1.36457e-38 3
-0.185706 0.249202 0.686835 1.41066e-38 3
-0.172341 0.245966 0.677915 1.37379e-38 3
-0.160002 0.243855 0.672096 1.36457e-38 3
-0.145398 0.237733 0.655223 1.38297e-38 3
-0.130976 0.230968 0.636579 1.39223e-38 3
-0.120202 0.230033 0.634002 1.40137e-38 3
-0.109958 0.230033 0.634002 1.41063e-38 3
-0.101774 0.234786 0.647101 1.41996e-38 3
-0.0913186 0.234786 0.647101 1.38301e-38 3
-0.0825691 0.239739 0.660753 1.47513e-38 3
-0.0731272 0.243855 0.672096 1.50279e-38 3
-0.0630801 0.247035 0.680863 1.48435e-38 3
-0.0527674 0.2503 0.689861 1.54889e-38 3
-0.0421784 0.253653 0.6991 1.45676e-38 3
-0.0306095 0.251408 0.692913 1.31858e-38 3
-0.0193283 0.2503 0.689861 1.33705e-38 3
-0.00818193 0.2503 0.689861 1.31872e-38 3
0.00292577 0.247035 0.680863 1.33716e-38 3
0.0138665 0.245966 0.677915 1.42014e-38 3
0.0248198 0.245966 0.677915 1.39248e-38 3
0.0353145 0.242813 0.669224 1.39248e-38 3
0.0461275 0.242813 0.669224 1.35556e-38 3
0.0562196 0.239739 0.660753 1.39237e-38 3
0.0660595 0.236742 0.652493 1.42925e-38 3
0.0772458 0.238732 0.657977 1.3095e-38 3
0.0882478 0.239739 0.660753 1.34638e-38 3
0.100192 0.242813 0.669224 1.47535e-38 3
0.114934 0.251408 0.692913 1.54907e-38 3
0.127256 0.253653 0.6991 1.46613e-38 3
0.139173 0.25479 0.702235 1.3739e-38 3
0.151198 0.255938 0.705398 1.33716e-38 3
0.161143 0.253653 0.6991 1.39248e-38 3
0.170913 0.251408 0.692913 1.48457e-38 3
0.181306 0.2503 0.689861 1.47527e-38 3
0.191609 0.249202 0.686835 1.4384e-38 3
0.198356 0.243855 0.672096 1.48435e-38 3
0.209215 0.243855 0.672096 1.50275e-38 3
0.217277 0.240755 0.663553 1.54867e-38 3
0.227037 0.239739 0.660753 1.63157e-38 3
0.234741 0.236742 0.652493 1.81564e-38 3
0.244266 0.23576 0.649786 1.88004e-38 3
0.254765 0.23576 0.649786 1.82472e-38 3
0.272036 0.241779 0.666376 1.74178e-38 3
0.294065 0.251408 0.692913 1.7143e-38 3
0.298654 0.245966 0.677915 1.6315e-38 3
0.309607 0.245966 0.677915 1.53945e-38 3
0.32056 0.245966 0.677915 1.56725e-38 3
0.332955 0.247035 0.680863 1.6042e-38 3
0.343956 0.247035 0.680863 1.44747e-38 3
0.35342 0.245966 0.677915 1.41059e-38 3
0.365958 0.247035 0.680863 1.4013e-38 3
0.39231 0.257096 0.70859 1.35513e-38 3
0.407447 0.259444 0.715061 1.33659e-38 3
0.419 0.259444 0.715061 1.29059e-38 3
0.438564 0.264271 0.728365 1.28138e-38 3
0.450332 0.264271 0.728365 1.28145e-38 3
0.457842 0.261835 0.721652 1.29989e-38 3
0.465214 0.259444 0.715061 1.24468e-38 3
0.481162 0.261835 0.721652 1.16181e-38 3
0.497406 0.264271 0.728365 1.13419e-38 3
0.509175 0.264271 0.728365 1.15273e-38 3
0.520943 0.264271 0.728365 1.10653e-38 3
0.532712 0.264271 0.728365 1.14333e-38 3
0.54196 0.263047 0.724993 1.22631e-38 3
0.561472 0.266752 0.735204 1.22631e-38 3
0.565388 0.263047 0.724993 1.14337e-38 3
0.577102 0.263047 0.724993 1.07883e-38 3
0.588816 0.263047 0.724993 1.06036e-38 3
0.554335 0.242813 0.669224 1.13411e-38 3
0.565148 0.242813 0.669224 1.16181e-38 3
0.56867 0.239739 0.660753 1.17107e-38 3
0.576912 0.238732 0.657977 1.14351e-38 3
0.590022 0.239739 0.660753 1.04214e-38 3
0.600698 0.239739 0.660753 9.49868e-39 3
0.598743 0.234786 0.647101 9.31356e-39 3
0.604205 0.232861 0.641797 9.03662e-39 3
0.630068 0.238732 0.657977 9.58871e-39 3
0.651651 0.242813 0.669224 8.6664e-39 3
0.654079 0.239739 0.660753 9.4036e-39 3
0.664755 0.239739 0.660753 1.0694e-38 3
0.656054 0.232861 0.641797 1.11542e-38 3
-0.629552 0.264948 0.6991 7.46784e-39 3
-0.612785 0.262603 0.692913 8.48164e-39 3
-0.586031 0.255812 0.674993 9.40359e-39 3
-0.572657 0.254714 0.672096 1.06011e-38 3
-0.561797 0.254714 0.672096 1.11542e-38 3
-0.553313 0.255812 0.674993 1.11535e-38 3
-0.566839 0.267335 0.705398 1.10617e-38 3
-0.570871 0.274761 0.724993 1.06918e-38 3
-0.656401 0.322546 0.851078 1.01386e-38 3
-0.64265 0.322546 0.851078 1.07851e-38 3
-0.525988 0.269765 0.711811 1.16152e-38 3
-0.514487 0.269765 0.711811 1.11553e-38 3
-0.427247 0.229144 0.604627 1.17081e-38 3
-0.417478 0.229144 0.604627 1.00493e-38 3
-0.407709 0.229144 0.604627 1.08798e-38 3
-0.404182 0.232739 0.614111 1.02355e-38 3
-0.395811 0.233655 0.616529 1.02355e-38 3
-0.404983 0.245241 0.647101 1.06043e-38 3
-0.396164 0.246259 0.649786 1.07887e-38 3
-0.400627 0.255812 0.674993 1.08805e-38 3
-0.391408 0.256919 0.677915 1.06961e-38 3
-0.375577 0.253626 0.669224 1.13415e-38 3
-0.361673 0.251476 0.663553 1.18025e-38 3
-0.346546 0.24832 0.655223 1.13422e-38 3
-0.335959 0.24832 0.655223 1.01448e-38 3
-0.320017 0.244232 0.644438 9.96037e-39 3
-0.314786 0.24832 0.655223 1.11578e-38 3
-0.305477 0.249363 0.657977 1.11571e-38 3
-0.297345 0.251476 0.663553 1.03273e-38 3
-0.285414 0.250415 0.660753 1.08812e-38 3
-0.277076 0.252546 0.666376 1.19876e-38 3
-0.267447 0.253626 0.669224 1.10667e-38 3
-0.257736 0.254714 0.672096 1.17124e-38 3
-0.24271 0.250415 0.660753 1.24489e-38 3
-0.237035 0.255812 0.674993 1.30939e-38 3
-0.228095 0.258036 0.680863 1.34624e-38 3
-0.218042 0.259163 0.683836 1.41988e-38 3
-0.206993 0.259163 0.683836 1.39219e-38 3
-0.190132 0.251476 0.663553 1.34609e-38 3
-0.179411 0.251476 0.663553 1.29085e-38 3
-0.163158 0.243231 0.641797 1.35545e-38 3
-0.149721 0.238347 0.628909 1.32776e-38 3
-0.139001 0.237394 0.626394 1.3462e-38 3
-0.128367 0.236448 0.623898 1.35542e-38 3
-0.118286 0.236448 0.623898 1.36464e-38 3
-0.108205 0.236448 0.623898 1.32776e-38 3
-0.0997139 0.240277 0.634002 1.32783e-38 3
-0.08947 0.240277 0.634002 1.35535e-38 3
-0.0811986 0.246259 0.649786 1.4291e-38 3
-0.0725049 0.252546 0.666376 1.44754e-38 3
-0.062807 0.256919 0.677915 1.31847e-38 3
-0.0520791 0.258036 0.680863 1.40141e-38 3
-0.0412575 0.259163 0.683836 1.48449e-38 3
-0.0300772 0.258036 0.680863 1.44772e-38 3
-0.0189936 0.256919 0.677915 1.46623e-38 3
-0.00811047 0.259163 0.683836 1.38333e-38 3
0.00290055 0.255812 0.674993 1.32794e-38 3
0.0137474 0.254714 0.672096 1.36482e-38 3
0.0243974 0.252546 0.666376 1.43858e-38 3
0.034721 0.249363 0.657977 1.43858e-38 3
0.0453522 0.249363 0.657977 1.4478e-38 3
0.0550581 0.245241 0.647101 1.51222e-38 3
0.0647113 0.242238 0.639177 1.39237e-38 3
0.0750388 0.242238 0.639177 1.43861e-38 3
0.0853662 0.242238 0.639177 1.39255e-38 3
0.099343 0.251476 0.663553 1.33705e-38 3
0.134938 0.258036 0.680863 1.44762e-38 3
0.145938 0.258036 0.680863 1.39237e-38 3
0.155587 0.255812 0.674993 1.41092e-38 3
0.166493 0.255812 0.674993 1.4017e-38 3
0.175883 0.253626 0.669224 1.48457e-38 3
0.185113 0.251476 0.663553 1.50286e-38 3
0.194189 0.249363 0.657977 1.54881e-38 3
0.20482 0.249363 0.657977 1.60406e-38 3
0.21455 0.24832 0.655223 1.52101e-38 3
0.221431 0.244232 0.644438 1.6592e-38 3
0.228089 0.240277 0.634002 1.85256e-38 3
0.238332 0.240277 0.634002 1.83394e-38 3
0.248576 0.240277 0.634002 1.87064e-38 3
0.25882 0.240277 0.634002 1.88918e-38 3
0.270158 0.241254 0.636579 1.80635e-38 3
0.285078 0.245241 0.647101 1.69582e-38 3
0.299244 0.24832 0.655223 1.62225e-38 3
0.316451 0.253626 0.669224 1.53023e-38 3
0.330085 0.255812 0.674993 1.44736e-38 3
0.340991 0.255812 0.674993 1.51194e-38 3
0.345933 0.251476 0.663553 1.61321e-38 3
0.355149 0.250415 0.660753 1.62243e-38 3
0.375327 0.256919 0.677915 1.47491e-38 3
0.384616 0.255812 0.674993 1.34584e-38 3
0.395522 0.255812 0.674993 1.3735e-38 3
0.420943 0.264948 0.6991 1.39194e-38 3
0.438106 0.268545 0.70859 1.35506e-38 3
0.439609 0.262603 0.692913 1.30896e-38 3
0.446851 0.2603 0.686835 1.2445e-38 3
0.455948 0.259163 0.683836 1.19854e-38 3
0.471112 0.261447 0.689861 1.15259e-38 3
0.484392 0.262603 0.692913 1.16185e-38 3
0.484861 0.256919 0.677915 1.15273e-38 3
0.49797 0.258036 0.680863 1.15263e-38 3
0.455499 0.230928 0.609332 1.05114e-38 3
0.459975 0.228263 0.602302 1.08802e-38 3
0.480802 0.233655 0.616529 1.02352e-38 3
0.490764 0.233655 0.616529 9.77454e-39 3
0.508737 0.237394 0.626394 1.04199e-38 3
0.538234 0.246259 0.649786 9.77455e-39 3
0.560359 0.251476 0.663553 9.95822e-39 3
0.566281 0.249363 0.657977 1.03274e-38 3
0.572105 0.247285 0.652493 9.03878e-39 3
0.585085 0.24832 0.655223 9.50011e-39 3
0.595672 0.24832 0.655223 1.00529e-38 3
0.596279 0.244232 0.644438 9.77562e-39 3
0.601739 0.242238 0.639177 1.00508e-38 3
0.619654 0.245241 0.647101 9.86458e-39 3
0.646129 0.251476 0.663553 9.49651e-39 3
0.645903 0.247285 0.652493 9.12773e-39 3
0.65102 0.245241 0.647101 9.40432e-39 3
-0.629552 0.276244 0.6991 8.85042e-39 3
-0.612785 0.273799 0.692913 9.77237e-39 3
-0.586031 0.266718 0.674993 1.05089e-38 3
-0.555954 0.257828 0.652493 1.08776e-38 3
-0.556807 0.273799 0.692913 1.08773e-38 3
-0.545611 0.273799 0.692913 1.06918e-38 3
-0.564383 0.289152 0.731768 9.86205e-39 3
-0.552559 0.289152 0.731768 1.08773e-38 3
-0.435028 0.232626 0.588716 1.08776e-38 3
-0.425516 0.232626 0.588716 1.08787e-38 3
-0.414446 0.231755 0.586511 1.08791e-38 3
-0.403458 0.23089 0.584322 1.0972e-38 3
-0.392552 0.230032 0.58215 1.06043e-38 3
-0.388929 0.233504 0.590937 9.77489e-39 3
-0.377955 0.232626 0.588716 1.00511e-38 3
-0.374068 0.236178 0.597704 1.02355e-38 3
-0.381902 0.247514 0.626394 9.86673e-39 3
-0.390527 0.259994 0.657977 1.07883e-38 3
-0.378306 0.258906 0.655223 1.07883e-38 3
-0.360184 0.253601 0.641797 1.14337e-38 3
-0.349814 0.253601 0.641797 1.09734e-38 3
-0.336685 0.251539 0.636579 9.5905e-39 3
-0.326399 0.251539 0.636579 8.57743e-39 3
-0.314834 0.250521 0.634002 9.68378e-39 3
-0.30459 0.250521 0.634002 1.05125e-38 3
-0.295543 0.251539 0.636579 1.19869e-38 3
-0.287596 0.253601 0.641797 1.22635e-38 3
-0.277226 0.253601 0.641797 1.125e-38 3
-0.265767 0.252566 0.639177 1.14344e-38 3
-0.230089 0.247514 0.626394 1.21723e-38 3
-0.219968 0.247514 0.626394 1.30021e-38 3
-0.204316 0.266718 0.674993 1.36446e-38 3
-0.181664 0.250521 0.634002 1.37368e-38 3
-0.168019 0.24555 0.621422 1.34609e-38 3
-0.157979 0.24555 0.621422 1.2817e-38 3
-0.146773 0.243617 0.616529 1.28166e-38 3
-0.135743 0.241713 0.611713 1.27244e-38 3
-0.126353 0.242661 0.614111 1.24478e-38 3
-0.116889 0.243617 0.616529 1.32776e-38 3
-0.106927 0.243617 0.616529 1.32783e-38 3
-0.0985173 0.247514 0.626394 1.27252e-38 3
-0.0883964 0.247514 0.626394 1.37379e-38 3
-0.0792262 0.250521 0.634002 1.41066e-38 3
-0.0701179 0.254644 0.644438 1.44751e-38 3
-0.0620018 0.264439 0.669224 1.37375e-38 3
-0.0516302 0.266718 0.674993 1.35535e-38 3
-0.040724 0.266718 0.674993 1.35542e-38 3
-0.029563 0.264439 0.669224 1.37393e-38 3
-0.0187501 0.264439 0.669224 1.42006e-38 3
-0.00797123 0.265573 0.672096 1.44783e-38 3
0.00285139 0.262197 0.663553 1.46623e-38 3
0.0134586 0.259994 0.657977 1.46623e-38 3
0.0237899 0.256758 0.649786 1.42936e-38 3
0.0338672 0.253601 0.641797 1.46623e-38 3
0.0438773 0.251539 0.636579 1.46631e-38 3
0.0539435 0.250521 0.634002 1.47545e-38 3
0.0639285 0.249511 0.631445 1.47538e-38 3
0.0738333 0.248508 0.628909 1.42939e-38 3
0.0823414 0.243617 0.616529 1.43861e-38 3
0.0937732 0.223388 0.565337 1.48439e-38 3
0.10328 0.224198 0.567386 1.49364e-38 3
0.112042 0.223388 0.565337 1.48449e-38 3
0.121176 0.223388 0.565337 1.35549e-38 3
0.131738 0.225834 0.571527 1.29106e-38 3
0.157017 0.251539 0.636579 1.31872e-38 3
0.167986 0.252566 0.639177 1.38315e-38 3
0.178313 0.252566 0.639177 1.49368e-38 3
0.188641 0.252566 0.639177 1.50272e-38 3
0.199784 0.253601 0.641797 1.55793e-38 3
0.209296 0.252566 0.639177 1.63165e-38 3
0.21873 0.251539 0.636579 1.71452e-38 3
0.222679 0.244579 0.618966 1.77884e-38 3
0.235472 0.247514 0.626394 1.751e-38 3
0.245593 0.247514 0.626394 1.80617e-38 3
0.254695 0.246528 0.623898 1.98131e-38 3
0.263725 0.24555 0.621422 1.8616e-38 3
0.273766 0.24555 0.621422 1.79713e-38 3
0.286077 0.247514 0.626394 1.74196e-38 3
0.307259 0.256758 0.649786 1.7698e-38 3
0.319082 0.257828 0.652493 1.72388e-38 3
0.322898 0.252566 0.639177 1.60406e-38 3
0.330527 0.250521 0.634002 1.58551e-38 3
0.338034 0.248508 0.628909 1.57622e-38 3
0.346802 0.247514 0.626394 1.60388e-38 3
0.355501 0.246528 0.623898 1.53945e-38 3
0.357047 0.240773 0.609332 1.47488e-38 3
0.368325 0.241713 0.611713 1.52101e-38 3
0.381187 0.243617 0.616529 1.53942e-38 3
0.394253 0.24555 0.621422 1.44718e-38 3
0.405904 0.246528 0.623898 1.37339e-38 3
0.421017 0.249511 0.631445 1.26286e-38 3
0.429487 0.248508 0.628909 1.19851e-38 3
0.436146 0.246528 0.623898 1.10649e-38 3
0.43078 0.237995 0.602302 1.13429e-38 3
0.433837 0.234389 0.593176 1.12508e-38 3
0.443422 0.234389 0.593176 1.08809e-38 3
0.454728 0.23528 0.595431 1.08802e-38 3
0.469707 0.237995 0.602302 9.95857e-39 3
0.477601 0.237083 0.599994 9.59015e-39 3
0.48917 0.237995 0.602302 9.95893e-39 3
0.51679 0.246528 0.623898 9.8671e-39 3
0.522706 0.244579 0.618966 9.49724e-39 3
0.559232 0.256758 0.649786 1.02355e-38 3
0.555891 0.250521 0.634002 1.04217e-38 3
0.570756 0.252566 0.639177 9.31572e-39 3
0.583465 0.253601 0.641797 9.7767e-39 3
0.591411 0.252566 0.639177 9.96037e-39 3
0.601739 0.252566 0.639177 9.86638e-39 3
0.614575 0.253601 0.641797 1.02334e-38 3
0.640699 0.259994 0.657977 1.00497e-38 3
0.640565 0.255697 0.647101 9.58871e-39 3
-0.629552 0.287539 0.6991 9.6791e-39 3
-0.591835 0.275251 0.669224 9.40251e-39 3
-0.581022 0.275251 0.669224 1.08769e-38 3
-0.556807 0.284995 0.692913 1.13372e-38 3
-0.555442 0.29013 0.705398 1.09684e-38 3
-0.423922 0.241232 0.586511 1.05103e-38 3
-0.411364 0.239438 0.58215 1.02344e-38 3
-0.397525 0.236797 0.575729 1.005e-38 3
-0.3868 0.23593 0.573621 9.77489e-39 3
-0.386016 0.241232 0.586511 9.68413e-39 3
-0.37654 0.241232 0.586511 9.77453e-39 3
-0.371234 0.243973 0.593176 1.07887e-38 3
-0.377374 0.25458 0.618966 1.06043e-38 3
-0.371782 0.257635 0.626394 1.05125e-38 3
-0.363113 0.25867 0.628909 1.07883e-38 3
-0.34279 0.25867 0.628909 9.58978e-39 3
-0.332628 0.25867 0.628909 9.95929e-39 3
-0.323767 0.259713 0.631445 9.96037e-39 3
-0.313565 0.259713 0.631445 1.00526e-38 3
-0.303362 0.259713 0.631445 1.18032e-38 3
-0.294347 0.260765 0.634002 1.18028e-38 3
-0.285258 0.261825 0.636579 1.19872e-38 3
-0.237056 0.243973 0.593176 1.26326e-38 3
-0.228336 0.244901 0.595431 1.26326e-38 3
-0.219551 0.245835 0.597704 1.37389e-38 3
-0.209893 0.245835 0.597704 1.30014e-38 3
-0.201003 0.246777 0.599994 1.2817e-38 3
-0.190579 0.245835 0.597704 1.30003e-38 3
-0.180921 0.245835 0.597704 1.31836e-38 3
-0.169966 0.243973 0.593176 1.3368e-38 3
-0.160382 0.243973 0.593176 1.30921e-38 3
-0.150798 0.243973 0.593176 1.2356e-38 3
-0.141214 0.243973 0.593176 1.39233e-38 3
-0.13213 0.244901 0.595431 1.37386e-38 3
-0.123448 0.246777 0.599994 1.30925e-38 3
-0.114632 0.248683 0.604627 1.29088e-38 3
-0.104863 0.248683 0.604627 1.254e-38 3
-0.0965856 0.252584 0.614111 1.36464e-38 3
-0.0863246 0.251597 0.611713 1.4384e-38 3
-0.0770428 0.253578 0.616529 1.39215e-38 3
-0.0684283 0.25867 0.628909 1.38301e-38 3
-0.0604518 0.26837 0.652493 1.33694e-38 3
-0.0503286 0.270625 0.657977 1.2356e-38 3
-0.0402041 0.27408 0.666376 1.24486e-38 3
-0.0288239 0.26837 0.652493 1.41996e-38 3
-0.0179816 0.263971 0.641797 1.60435e-38 3
-0.00754999 0.261825 0.636579 1.58609e-38 3
0.00271342 0.259713 0.631445 1.50322e-38 3
0.0128126 0.257635 0.626394 1.39248e-38 3
0.0232121 0.260765 0.634002 1.30021e-38 3
0.033321 0.259713 0.631445 1.37407e-38 3
0.0428327 0.255591 0.621422 1.54921e-38 3
0.0516436 0.249647 0.606971 1.45691e-38 3
0.0619308 0.251597 0.611713 1.46609e-38 3
0.0704387 0.246777 0.599994 1.45701e-38 3
0.0840321 0.230856 0.561285 1.55832e-38 3
0.0927685 0.230032 0.55928 1.5397e-38 3
0.101443 0.229213 0.55729 1.40152e-38 3
0.111639 0.231686 0.563304 1.34609e-38 3
0.12074 0.231686 0.563304 1.33705e-38 3
0.130783 0.233365 0.567386 1.34645e-38 3
0.140972 0.235069 0.571527 1.3556e-38 3
0.152998 0.239438 0.58215 1.37393e-38 3
0.171174 0.238551 0.579994 1.72399e-38 3
0.18326 0.242138 0.588716 1.66853e-38 3
0.192772 0.242138 0.588716 1.52101e-38 3
0.202284 0.242138 0.588716 1.54856e-38 3
0.211797 0.242138 0.588716 1.59455e-38 3
0.223833 0.244901 0.595431 1.74196e-38 3
0.233454 0.244901 0.595431 1.85238e-38 3
0.243074 0.244901 0.595431 1.82475e-38 3
0.249845 0.242138 0.588716 1.68664e-38 3
0.259357 0.242138 0.588716 1.7143e-38 3
0.269884 0.243052 0.590937 1.66824e-38 3
0.287013 0.249647 0.606971 1.65916e-38 3
0.295674 0.248683 0.604627 1.73306e-38 3
0.303103 0.246777 0.599994 1.71462e-38 3
0.314 0.247726 0.602302 1.64079e-38 3
0.323732 0.247726 0.602302 1.66838e-38 3
0.333464 0.247726 0.602302 1.64069e-38 3
0.340576 0.245835 0.597704 1.567e-38 3
0.358522 0.244901 0.595431 1.3641e-38 3
0.368142 0.244901 0.595431 1.42849e-38 3
0.376332 0.243973 0.593176 1.41013e-38 3
0.385916 0.243973 0.593176 1.447e-38 3
0.395501 0.243973 0.593176 1.38254e-38 3
0.405085 0.243973 0.593176 1.26286e-38 3
0.413104 0.243052 0.590937 1.2078e-38 3
0.419486 0.241232 0.586511 1.15263e-38 3
0.428963 0.241232 0.586511 1.13419e-38 3
0.440087 0.242138 0.588716 1.10664e-38 3
0.4496 0.242138 0.588716 1.07894e-38 3
0.46259 0.243973 0.593176 1.09731e-38 3
0.481758 0.243973 0.593176 1.0421e-38 3
0.495093 0.245835 0.597704 1.06972e-38 3
0.541997 0.249647 0.606971 9.40756e-39 3
0.583465 0.263971 0.641797 9.13169e-39 3
0.593835 0.263971 0.641797 8.85438e-39 3
0.640839 0.275251 0.669224 1.01419e-38 3
0.651651 0.275251 0.669224 1.01419e-38 3
-0.412899 0.249773 0.584322 9.86601e-39 3
-0.396069 0.245198 0.573621 9.86637e-39 3
-0.385389 0.244303 0.571527 1.01433e-38 3
-0.384576 0.249773 0.584322 1.00518e-38 3
-0.375135 0.249773 0.584322 1.01433e-38 3
-0.367063 0.250708 0.586511 1.06043e-38 3
-0.365807 0.256472 0.599994 1.09731e-38 3
-0.356113 0.256472 0.599994 1.06968e-38 3
-0.354569 0.262506 0.614111 1.00508e-38 3
-0.339324 0.258452 0.604627 1.03273e-38 3
-0.330832 0.259454 0.606971 1.07883e-38 3
-0.321025 0.259454 0.606971 1.13422e-38 3
-0.312429 0.260463 0.609332 1.13433e-38 3
-0.304957 0.262506 0.614111 1.13422e-38 3
-0.298547 0.265631 0.621422 1.10649e-38 3
-0.291982 0.268832 0.628909 1.18939e-38 3
-0.282957 0.269916 0.631445 1.19872e-38 3
-0.266312 0.26354 0.616529 1.20791e-38 3
-0.233518 0.249773 0.584322 1.32765e-38 3
-0.224076 0.249773 0.584322 1.37375e-38 3
-0.217065 0.2526 0.590937 1.34613e-38 3
-0.207517 0.2526 0.590937 1.30921e-38 3
-0.198719 0.253557 0.593176 1.29081e-38 3
-0.189135 0.253557 0.593176 1.28155e-38 3
-0.178873 0.2526 0.590937 1.3368e-38 3
-0.16743 0.249773 0.584322 1.3368e-38 3
-0.157401 0.248844 0.58215 1.30003e-38 3
-0.147447 0.247922 0.579994 1.27251e-38 3
-0.138076 0.247922 0.579994 1.38311e-38 3
-0.129183 0.248844 0.58215 1.41074e-38 3
-0.122045 0.253557 0.593176 1.4752e-38 3
-0.112889 0.254521 0.595431 1.37389e-38 3
-0.103268 0.254521 0.595431 1.35546e-38 3
-0.0943652 0.256472 0.599994 1.31858e-38 3
-0.0843477 0.255493 0.597704 1.3278e-38 3
-0.0741245 0.253557 0.593176 1.34606e-38 3
-0.0638152 0.250708 0.586511 1.29081e-38 3
-0.0512665 0.236534 0.553351 1.30925e-38 3
-0.0424759 0.237373 0.555314 1.35546e-38 3
-0.0336227 0.238217 0.55729 1.43847e-38 3
-0.0246183 0.238217 0.55729 1.41077e-38 3
-0.015614 0.238217 0.55729 1.40152e-38 3
-0.00680329 0.245198 0.573621 1.38326e-38 3
0.00248313 0.247008 0.577854 1.3372e-38 3
0.0114808 0.239925 0.561285 1.33716e-38 3
0.0218831 0.255493 0.597704 1.42928e-38 3
0.0325339 0.26354 0.616529 1.41095e-38 3
0.0411978 0.255493 0.597704 1.38326e-38 3
0.0558249 0.235701 0.551403 1.374e-38 3
0.0642815 0.234053 0.547547 1.36489e-38 3
0.0736434 0.235701 0.551403 1.45705e-38 3
0.0825526 0.235701 0.551403 1.46616e-38 3
0.0914619 0.235701 0.551403 1.45683e-38 3
0.100019 0.234874 0.549468 1.4384e-38 3
0.109667 0.236534 0.553351 1.46613e-38 3
0.118607 0.236534 0.553351 1.42014e-38 3
0.128456 0.238217 0.55729 1.35567e-38 3
0.136489 0.236534 0.553351 1.31872e-38 3
0.145429 0.236534 0.553351 1.29099e-38 3
0.152219 0.233237 0.545639 1.37389e-38 3
0.161035 0.233237 0.545639 1.42907e-38 3
0.170445 0.234053 0.547547 1.42892e-38 3
0.176211 0.230031 0.538139 1.53959e-38 3
0.188139 0.234053 0.547547 1.62246e-38 3
0.197677 0.234874 0.549468 1.68686e-38 3
0.209495 0.238217 0.55729 1.696e-38 3
0.221655 0.241657 0.565337 1.7604e-38 3
0.229959 0.240788 0.563304 1.80653e-38 3
0.23906 0.240788 0.563304 1.60381e-38 3
0.249058 0.241657 0.565337 1.54849e-38 3
0.263909 0.247008 0.577854 1.61299e-38 3
0.275277 0.248844 0.58215 1.62235e-38 3
0.280512 0.245198 0.573621 1.54874e-38 3
0.28978 0.245198 0.573621 1.55796e-38 3
0.303495 0.248844 0.58215 1.63168e-38 3
0.315245 0.250708 0.586511 1.70526e-38 3
0.324721 0.250708 0.586511 1.69597e-38 3
0.329265 0.247008 0.577854 1.59459e-38 3
0.341119 0.248844 0.58215 1.47481e-38 3
0.351833 0.249773 0.584322 1.47473e-38 3
0.361274 0.249773 0.584322 1.49303e-38 3
0.370715 0.249773 0.584322 1.48374e-38 3
0.371832 0.244303 0.571527 1.52976e-38 3
0.379681 0.243415 0.569449 1.51136e-38 3
0.383306 0.239925 0.561285 1.4286e-38 3
0.398082 0.243415 0.569449 1.30896e-38 3
0.407283 0.243415 0.569449 1.23539e-38 3
0.424196 0.247922 0.579994 1.17096e-38 3
0.433568 0.247922 0.579994 1.18028e-38 3
0.446244 0.249773 0.584322 1.15266e-38 3
0.459112 0.251651 0.588716 1.13426e-38 3
0.465127 0.249773 0.584322 1.0882e-38 3
0.462488 0.243415 0.569449 1.14351e-38 3
0.461617 0.238217 0.55729 1.12518e-38 3
0.448287 0.226912 0.530842 1.09742e-38 3
0.456864 0.226912 0.530842 1.01444e-38 3
0.463868 0.226145 0.529049 9.40755e-39 3
0.474018 0.226912 0.530842 8.76218e-39 3
0.480965 0.226145 0.529049 8.85474e-39 3
0.598743 0.276608 0.647101 9.4072e-39 3
0.630026 0.286064 0.669224 9.59015e-39 3
0.643589 0.287292 0.672096 9.49687e-39 3
0.654448 0.287292 0.672096 9.21993e-39 3
-0.456949 0.237909 0.536296 1.04138e-38 3
-0.405337 0.254466 0.573621 1.0143e-38 3
-0.390349 0.250792 0.565337 1.06961e-38 3
-0.375788 0.247222 0.55729 1.08805e-38 3
-0.370742 0.24989 0.563304 1.0143e-38 3
-0.364261 0.2517 0.567386 9.86637e-39 3
-0.358996 0.254466 0.573621 1.02352e-38 3
-0.340984 0.248105 0.55928 1.01433e-38 3
-0.333138 0.248994 0.561285 1.02359e-38 3
-0.319488 0.245475 0.553351 1.05121e-38 3
-0.310548 0.245475 0.553351 1.07887e-38 3
-0.309256 0.2517 0.567386 1.08809e-38 3
-0.30118 0.252616 0.569449 1.08812e-38 3
-0.296289 0.256344 0.577854 1.125e-38 3
-0.286952 0.256344 0.577854 1.09731e-38 3
-0.282834 0.261163 0.588716 1.12486e-38 3
-0.273322 0.261163 0.588716 1.2078e-38 3
-0.236515 0.2429 0.547547 1.27237e-38 3
-0.230081 0.245475 0.553351 1.2539e-38 3
-0.22114 0.245475 0.553351 1.28148e-38 3
-0.216796 0.250792 0.565337 1.32758e-38 3
-0.210704 0.254466 0.573621 1.3829e-38 3
-0.202923 0.256344 0.577854 1.41978e-38 3
-0.194303 0.257294 0.579994 1.429e-38 3
-0.184249 0.256344 0.577854 1.40134e-38 3
-0.173631 0.254466 0.573621 1.4197e-38 3
-0.16199 0.250792 0.565337 1.49353e-38 3
-0.151759 0.248994 0.561285 1.45676e-38 3
-0.141675 0.247222 0.55729 1.40162e-38 3
-0.133144 0.248105 0.55928 1.41999e-38 3
-0.124553 0.248994 0.561285 1.47531e-38 3
-0.117164 0.252616 0.569449 1.44754e-38 3
-0.111198 0.260185 0.586511 1.41077e-38 3
-0.101721 0.260185 0.586511 1.39233e-38 3
-0.0932929 0.263141 0.593176 1.37389e-38 3
-0.0711595 0.252616 0.569449 1.34606e-38 3
-0.0608523 0.248105 0.55928 1.41988e-38 3
-0.0509067 0.243752 0.549468 1.32769e-38 3
-0.0417359 0.242053 0.545639 1.36467e-38 3
-0.0331508 0.243752 0.549468 1.39241e-38 3
-0.0242728 0.243752 0.549468 1.37389e-38 3
-0.0155036 0.245475 0.553351 1.37389e-38 3
-0.00658616 0.246345 0.555314 1.29106e-38 3
0.00241193 0.248994 0.561285 1.3095e-38 3
0.0113991 0.247222 0.55729 1.34627e-38 3
0.0203311 0.246345 0.555314 1.40162e-38 3
0.0293036 0.246345 0.555314 1.36486e-38 3
0.0462641 0.241213 0.543745 1.37404e-38 3
0.0548591 0.240378 0.541863 1.36482e-38 3
0.0625323 0.23629 0.532648 1.42946e-38 3
0.0708974 0.235489 0.530842 1.50322e-38 3
0.0802909 0.237909 0.536296 1.47542e-38 3
0.0892618 0.238726 0.538139 1.39237e-38 3
0.0979567 0.238726 0.538139 1.42925e-38 3
0.106652 0.238726 0.538139 1.51233e-38 3
0.115744 0.239549 0.539995 1.45705e-38 3
0.125334 0.241213 0.543745 1.32805e-38 3
0.13183 0.237097 0.534466 1.3556e-38 3
0.140466 0.237097 0.534466 1.23575e-38 3
0.14759 0.234694 0.529049 1.35549e-38 3
0.155613 0.233903 0.527267 1.44762e-38 3
0.163581 0.233118 0.525498 1.46591e-38 3
0.172072 0.233118 0.525498 1.48428e-38 3
0.181171 0.233903 0.527267 1.52119e-38 3
0.201603 0.237909 0.536296 1.66856e-38 3
0.216191 0.24461 0.551403 1.53012e-38 3
0.225101 0.24461 0.551403 1.55778e-38 3
0.234837 0.245475 0.553351 1.52101e-38 3
0.245512 0.247222 0.55729 1.52094e-38 3
0.257263 0.24989 0.563304 1.5208e-38 3
0.270253 0.253538 0.571527 1.5025e-38 3
0.282535 0.248105 0.55928 1.43822e-38 3
0.291572 0.248105 0.55928 1.58573e-38 3
0.303864 0.250792 0.565337 1.69622e-38 3
0.314133 0.2517 0.567386 1.66842e-38 3
0.318681 0.248105 0.55928 1.62232e-38 3
0.332467 0.2517 0.567386 1.46562e-38 3
0.345389 0.254466 0.573621 1.3274e-38 3
0.352078 0.252616 0.569449 1.41942e-38 3
0.35867 0.250792 0.565337 1.42842e-38 3
0.375236 0.243752 0.549468 1.56679e-38 3
0.388201 0.246345 0.555314 1.49325e-38 3
0.40001 0.248105 0.55928 1.3552e-38 3
0.416484 0.252616 0.569449 1.19851e-38 3
0.425685 0.252616 0.569449 1.20791e-38 3
0.436473 0.253538 0.571527 1.18954e-38 3
0.448984 0.255402 0.575729 1.14355e-38 3
0.450014 0.250792 0.565337 1.09742e-38 3
0.425365 0.232339 0.523741 1.07905e-38 3
0.433827 0.232339 0.523741 1.08827e-38 3
0.44229 0.232339 0.523741 1.01444e-38 3
0.450752 0.232339 0.523741 1.06057e-38 3
0.457684 0.231564 0.521995 1.03291e-38 3
0.469246 0.233118 0.525498 1.03292e-38 3
0.477737 0.233118 0.525498 8.94658e-39 3
0.654831 0.303359 0.683836 9.12881e-39 3
-0.45384 0.244896 0.532648 1.05989e-38 3
-0.448283 0.246574 0.536296 1.08758e-38 3
-0.439618 0.246574 0.536296 1.06925e-38 3
-0.436939 0.249998 0.543745 9.67946e-39 3
-0.431147 0.251747 0.547547 8.85042e-39 3
-0.419368 0.249998 0.543745 9.31176e-39 3
-0.400839 0.244066 0.530842 9.22028e-39 3
-0.388945 0.258991 0.563304 1.07873e-38 3
-0.365483 0.255317 0.555314 1.01422e-38 3
-0.355251 0.254415 0.553351 9.3132e-39 3
-0.348775 0.256226 0.55729 9.58978e-39 3
-0.33737 0.254415 0.553351 9.86709e-39 3
-0.329594 0.255317 0.555314 9.77525e-39 3
-0.310705 0.247421 0.538139 1.08802e-38 3
-0.297915 0.244066 0.530842 1.09731e-38 3
-0.289338 0.244066 0.530842 1.05132e-38 3
-0.294749 0.256226 0.55729 1.10656e-38 3
-0.285745 0.256226 0.55729 1.16188e-38 3
-0.27674 0.256226 0.55729 1.2356e-38 3
-0.270625 0.258991 0.563304 1.30007e-38 3
-0.261524 0.258991 0.563304 1.29999e-38 3
-0.236515 0.251747 0.547547 1.31843e-38 3
-0.227668 0.251747 0.547547 1.35524e-38 3
-0.216549 0.249133 0.541863 1.40126e-38 3
-0.209974 0.251747 0.547547 1.3829e-38 3
-0.201127 0.251747 0.547547 1.40137e-38 3
-0.194318 0.254415 0.553351 1.41048e-38 3
-0.185377 0.254415 0.553351 1.40126e-38 3
-0.176437 0.254415 0.553351 1.37357e-38 3
-0.168688 0.256226 0.55729 1.429e-38 3
-0.159117 0.255317 0.555314 1.44751e-38 3
-0.148565 0.25263 0.549468 1.41063e-38 3
-0.139687 0.25263 0.549468 1.40152e-38 3
-0.129446 0.249998 0.543745 1.41988e-38 3
-0.122792 0.254415 0.553351 1.37375e-38 3
-0.113852 0.254415 0.553351 1.41978e-38 3
-0.0809491 0.263734 0.573621 1.41067e-38 3
-0.0693932 0.255317 0.555314 1.38293e-38 3
-0.0599952 0.253519 0.551403 1.43825e-38 3
-0.050552 0.250869 0.545639 1.41067e-38 3
-0.041447 0.249133 0.541863 1.35535e-38 3
-0.0331508 0.25263 0.549468 1.33705e-38 3
-0.0242728 0.25263 0.549468 1.27252e-38 3
-0.0155036 0.254415 0.553351 1.23564e-38 3
-0.00656289 0.254415 0.553351 1.30028e-38 3
0.00239476 0.256226 0.55729 1.3095e-38 3
0.0113186 0.254415 0.553351 1.25418e-38 3
0.0201879 0.253519 0.551403 1.20812e-38 3
0.0283973 0.247421 0.538139 1.33723e-38 3
0.0370922 0.247421 0.538139 1.41095e-38 3
0.0454746 0.245732 0.534466 1.36486e-38 3
0.0541102 0.245732 0.534466 1.30035e-38 3
0.0619007 0.242423 0.527267 1.35564e-38 3
0.07042 0.242423 0.527267 1.32805e-38 3
0.0792059 0.243242 0.529049 1.34642e-38 3
0.0880514 0.244066 0.530842 1.48467e-38 3
0.0966285 0.244066 0.530842 1.48457e-38 3
0.104146 0.241609 0.525498 1.4478e-38 3
0.113016 0.242423 0.527267 1.41099e-38 3
0.121946 0.243242 0.529049 1.37404e-38 3
0.129618 0.241609 0.525498 1.42936e-38 3
0.138574 0.242423 0.527267 1.45705e-38 3
0.1466 0.241609 0.525498 1.41081e-38 3
0.154572 0.240801 0.523741 1.44765e-38 3
0.162491 0.239998 0.521995 1.44765e-38 3
0.169232 0.237622 0.516826 1.44747e-38 3
0.177583 0.237622 0.516826 1.51201e-38 3
0.187793 0.239998 0.521995 1.51197e-38 3
0.190512 0.233008 0.506791 1.39212e-38 3
0.206035 0.241609 0.525498 1.43804e-38 3
0.220443 0.248274 0.539995 1.43804e-38 3
0.234837 0.254415 0.553351 1.32736e-38 3
0.245512 0.256226 0.55729 1.36432e-38 3
0.258192 0.259926 0.565337 1.46562e-38 3
0.274257 0.266665 0.579994 1.36431e-38 3
0.28153 0.256226 0.55729 1.3184e-38 3
0.287465 0.253519 0.551403 1.34602e-38 3
0.296374 0.253519 0.551403 1.36435e-38 3
0.309645 0.257141 0.55928 1.43804e-38 3
0.327893 0.237622 0.516826 1.40098e-38 3
0.336244 0.237622 0.516826 1.39154e-38 3
0.344595 0.237622 0.516826 1.4192e-38 3
0.361292 0.243242 0.529049 1.43775e-38 3
0.372356 0.244896 0.532648 1.3641e-38 3
0.390254 0.250869 0.545639 1.35506e-38 3
0.409047 0.257141 0.55928 1.27226e-38 3
0.419582 0.258063 0.561285 1.17099e-38 3
0.42712 0.257141 0.55928 1.125e-38 3
0.40211 0.232256 0.505156 1.18043e-38 3
0.411599 0.233008 0.506791 1.11589e-38 3
0.422522 0.234526 0.510093 1.13437e-38 3
0.429366 0.233765 0.508436 1.03292e-38 3
0.441885 0.236064 0.513437 1.06979e-38 3
0.450181 0.236064 0.513437 1.04213e-38 3
0.464569 0.239201 0.520261 1.03292e-38 3
0.476139 0.240801 0.523741 1.03292e-38 3
-0.446753 0.254368 0.534466 9.58618e-39 3
-0.439618 0.255239 0.536296 9.5869e-39 3
-0.435427 0.257888 0.541863 1.0049e-38 3
-0.426672 0.257888 0.541863 9.40395e-39 3
-0.413623 0.255239 0.536296 8.94369e-39 3
-0.396804 0.2501 0.525498 9.95785e-39 3
-0.348796 0.240418 0.505156 1.02341e-38 3
-0.340634 0.240418 0.505156 1.0511e-38 3
-0.343554 0.248432 0.521995 1.01422e-38 3
-0.338505 0.250942 0.527267 9.86709e-39 3
-0.333353 0.253503 0.532648 1.0789e-38 3
-0.324747 0.253503 0.532648 1.06047e-38 3
-0.31722 0.254368 0.534466 1.02359e-38 3
-0.29393 0.249263 0.523741 1.02359e-38 3
-0.284516 0.248432 0.521995 1.06979e-38 3
-0.279812 0.25179 0.529049 1.14344e-38 3
-0.27311 0.253503 0.532648 1.24482e-38 3
-0.266315 0.255239 0.536296 1.30925e-38 3
-0.264908 0.262429 0.551403 1.30914e-38 3
-0.256903 0.263356 0.553351 1.35509e-38 3
-0.236515 0.260594 0.547547 1.31829e-38 3
-0.222989 0.255239 0.536296 1.29063e-38 3
-0.210716 0.250942 0.527267 1.2813e-38 3
-0.201518 0.2501 0.525498 1.27216e-38 3
-0.193028 0.2501 0.525498 1.33673e-38 3
-0.185784 0.25179 0.529049 1.4842e-38 3
-0.176046 0.2501 0.525498 1.48417e-38 3
-0.15048 0.236602 0.497138 1.48431e-38 3
-0.140202 0.246787 0.518538 1.48438e-38 3
-0.133146 0.249263 0.523741 1.46598e-38 3
-0.125523 0.250942 0.527267 1.4291e-38 3
-0.117797 0.252643 0.530842 1.33684e-38 3
-0.10922 0.252643 0.530842 1.39212e-38 3
-0.0491811 0.252643 0.530842 1.48442e-38 3
-0.0406041 0.252643 0.530842 1.44765e-38 3
-0.0324673 0.256116 0.538139 1.40159e-38 3
-0.0238543 0.256999 0.539995 1.37393e-38 3
-0.015449 0.262429 0.551403 1.38326e-38 3
-0.00656289 0.263356 0.553351 1.42936e-38 3
0.00239476 0.26523 0.55729 1.4017e-38 3
0.0112787 0.262429 0.551403 1.20809e-38 3
0.0201171 0.261508 0.549468 1.1805e-38 3
0.0532023 0.2501 0.525498 1.1805e-38 3
0.0606749 0.245973 0.516826 1.34642e-38 3
0.0676852 0.241197 0.506791 1.36493e-38 3
0.0773761 0.245973 0.516826 1.24504e-38 3
0.0865839 0.248432 0.521995 1.19887e-38 3
0.0947023 0.247607 0.520261 1.40159e-38 3
0.102428 0.245973 0.516826 1.3556e-38 3
0.110414 0.245164 0.515126 1.32801e-38 3
0.121128 0.2501 0.525498 1.36482e-38 3
0.128754 0.248432 0.521995 1.30028e-38 3
0.138109 0.2501 0.525498 1.32794e-38 3
0.14611 0.249263 0.523741 1.38326e-38 3
0.153545 0.247607 0.520261 1.49378e-38 3
0.159827 0.24436 0.513437 1.48453e-38 3
0.165411 0.240418 0.505156 1.51208e-38 3
0.173573 0.240418 0.505156 1.47513e-38 3
0.182915 0.24198 0.508436 1.41056e-38 3
0.195536 0.237356 0.498721 1.38272e-38 3
0.203594 0.237356 0.498721 1.36428e-38 3
0.232373 0.260594 0.547547 1.34584e-38 3
0.245512 0.26523 0.55729 1.34584e-38 3
0.258192 0.26906 0.565337 1.39187e-38 3
0.28813 0.289999 0.609332 1.32744e-38 3
0.28153 0.26523 0.55729 1.31836e-38 3
0.28055 0.256116 0.538139 1.3368e-38 3
0.285323 0.252643 0.530842 1.30914e-38 3
0.298431 0.249263 0.523741 1.27223e-38 3
0.303844 0.246787 0.518538 1.27216e-38 3
0.312223 0.246787 0.518538 1.28148e-38 3
0.315379 0.242768 0.510093 1.30903e-38 3
0.321527 0.241197 0.506791 1.27198e-38 3
0.329715 0.241197 0.506791 1.29034e-38 3
0.336813 0.240418 0.505156 1.30878e-38 3
0.347216 0.24198 0.508436 1.33644e-38 3
0.362492 0.246787 0.518538 1.32722e-38 3
0.373343 0.248432 0.521995 1.29042e-38 3
0.373072 0.242768 0.510093 1.20769e-38 3
0.39211 0.24436 0.513437 1.20798e-38 3
0.391422 0.238877 0.501918 1.14344e-38 3
0.390765 0.233636 0.490904 1.19876e-38 3
0.402482 0.235854 0.495565 1.15277e-38 3
0.415751 0.238877 0.501918 1.14355e-38 3
0.425224 0.239645 0.503532 1.12511e-38 3
0.436165 0.241197 0.506791 1.07901e-38 3
0.444353 0.241197 0.506791 1.08823e-38 3
0.459985 0.245164 0.515126 1.0237e-38 3
-0.387875 0.224012 0.455228 9.127e-39 3
-0.428021 0.262109 0.532648 9.95748e-39 3
-0.417994 0.26122 0.530842 9.12808e-39 3
-0.388972 0.253487 0.515126 9.221e-39 3
-0.380649 0.253487 0.515126 1.00508e-38 3
-0.367491 0.250195 0.508436 1.01437e-38 3
-0.35018 0.243861 0.495565 1.0143e-38 3
-0.341094 0.243091 0.494001 1.0143e-38 3
-0.334166 0.243861 0.495565 9.68198e-39 3
-0.331403 0.247781 0.503532 9.12881e-39 3
-0.317148 0.243091 0.494001 9.6827e-39 3
-0.309167 0.243091 0.494001 9.77489e-39 3
-0.324747 0.262109 0.532648 1.06043e-38 3
-0.31722 0.263003 0.534466 1.03277e-38 3
-0.29295 0.256867 0.521995 1.125e-38 3
-0.282632 0.255165 0.518538 1.18028e-38 3
-0.275164 0.256013 0.520261 1.11571e-38 3
-0.264998 0.254323 0.516826 1.18932e-38 3
-0.251664 0.249385 0.506791 1.3368e-38 3
-0.243475 0.249385 0.506791 1.44729e-38 3
-0.23682 0.25101 0.510093 1.53009e-38 3
-0.210042 0.248581 0.505156 1.31822e-38 3
-0.201231 0.247781 0.503532 1.29981e-38 3
-0.193095 0.247781 0.503532 1.37357e-38 3
-0.184959 0.247781 0.503532 1.43814e-38 3
-0.177968 0.249385 0.506791 1.38279e-38 3
-0.168687 0.247781 0.503532 1.45651e-38 3
-0.154587 0.238576 0.484825 1.40123e-38 3
-0.1463 0.237839 0.483328 1.429e-38 3
-0.123855 0.256013 0.520261 1.41059e-38 3
-0.116611 0.25859 0.525498 1.42892e-38 3
-0.108121 0.25859 0.525498 1.48417e-38 3
-0.0322456 0.263003 0.534466 1.37389e-38 3
-0.0236101 0.263003 0.534466 1.39233e-38 3
-0.0151817 0.266643 0.541863 1.33716e-38 3
-0.00647142 0.268502 0.545639 1.32801e-38 3
0.00236946 0.271338 0.551403 1.3556e-38 3
0.0111608 0.268502 0.545639 1.32798e-38 3
0.0197703 0.265724 0.539995 1.2266e-38 3
0.0511428 0.248581 0.505156 1.35574e-38 3
0.0581788 0.243861 0.495565 1.33727e-38 3
0.0649526 0.239317 0.48633 1.29124e-38 3
0.0732655 0.240812 0.48937 1.23585e-38 3
0.0821999 0.243861 0.495565 1.28191e-38 3
0.090207 0.243861 0.495565 1.2634e-38 3
0.0985258 0.244635 0.497138 1.27269e-38 3
0.105886 0.243091 0.494001 1.30035e-38 3
0.116065 0.247781 0.503532 1.2634e-38 3
0.1242 0.247781 0.503532 1.22653e-38 3
0.13406 0.25101 0.510093 1.32801e-38 3
0.144181 0.254323 0.516826 1.42017e-38 3
0.150055 0.250195 0.508436 1.41088e-38 3
0.157249 0.248581 0.505156 1.40155e-38 3
0.163826 0.246198 0.500314 1.38311e-38 3
0.171909 0.246198 0.500314 1.4384e-38 3
0.18057 0.246987 0.501918 1.42907e-38 3
0.186883 0.244635 0.497138 1.33684e-38 3
0.193077 0.242327 0.492448 1.32744e-38 3
0.197921 0.238576 0.484825 1.34588e-38 3
0.280584 0.249385 0.506791 1.40141e-38 3
0.288773 0.249385 0.506791 1.33691e-38 3
0.296961 0.249385 0.506791 1.31843e-38 3
0.304165 0.248581 0.505156 1.28166e-38 3
0.310325 0.246987 0.501918 1.37375e-38 3
0.318435 0.246987 0.501918 1.38286e-38 3
0.326545 0.246987 0.501918 1.31829e-38 3
0.332523 0.245414 0.498721 1.29059e-38 3
0.340581 0.245414 0.498721 1.24446e-38 3
0.348639 0.245414 0.498721 1.25357e-38 3
0.360138 0.247781 0.503532 1.21677e-38 3
0.363551 0.239317 0.48633 1.13415e-38 3
0.36798 0.237108 0.481841 1.16188e-38 3
0.381637 0.240812 0.48937 1.14341e-38 3
0.384734 0.237839 0.483328 1.1711e-38 3
0.39995 0.242327 0.492448 1.06047e-38 3
0.414423 0.246198 0.500314 1.06979e-38 3
0.423861 0.246987 0.501918 1.09745e-38 3
0.436165 0.249385 0.506791 1.06057e-38 3
0.444353 0.249385 0.506791 1.11589e-38 3
0.459985 0.253487 0.515126 1.09742e-38 3
-0.384522 0.229367 0.451292 8.94369e-39 3
-0.37723 0.229367 0.451292 8.8515e-39 3
-0.366767 0.227401 0.447424 8.8515e-39 3
-0.358514 0.226753 0.446149 9.40467e-39 3
-0.35018 0.251868 0.495565 9.86709e-39 3
-0.334758 0.246409 0.484825 9.6827e-39 3
-0.326924 0.246409 0.484825 1.00515e-38 3
-0.302819 0.239729 0.471682 1.03291e-38 3
-0.291684 0.236876 0.466067 1.01448e-38 3
-0.284154 0.236876 0.466067 1.06965e-38 3
-0.290724 0.255917 0.503532 1.15266e-38 3
-0.281683 0.255097 0.501918 1.11589e-38 3
-0.274452 0.255917 0.503532 1.1711e-38 3
-0.262103 0.251868 0.495565 1.18018e-38 3
-0.252498 0.250284 0.492448 1.16174e-38 3
-0.241503 0.247175 0.48633 1.29992e-38 3
-0.230073 0.243395 0.478894 1.46573e-38 3
-0.220984 0.241915 0.475983 1.58537e-38 3
-0.210731 0.23901 0.470266 1.55785e-38 3
-0.200128 0.235474 0.463309 1.44729e-38 3
-0.196123 0.239729 0.471682 1.32751e-38 3
-0.193156 0.245649 0.483328 1.28152e-38 3
-0.18944 0.251073 0.494001 1.23538e-38 3
-0.182032 0.251868 0.495565 1.37371e-38 3
-0.174025 0.251868 0.495565 1.48424e-38 3
-0.165495 0.251073 0.494001 1.45658e-38 3
-0.14364 0.241182 0.474541 1.41985e-38 3
-0.133149 0.236173 0.464684 1.45673e-38 3
-0.126391 0.237583 0.467458 1.45665e-38 3
-0.117436 0.234779 0.461942 1.36446e-38 3
-0.107759 0.266188 0.523741 1.63168e-38 3
-0.0443683 0.243395 0.478894 1.30014e-38 3
-0.036856 0.244893 0.481841 1.30943e-38 3
-0.0226811 0.260951 0.513437 1.40155e-38 3
-0.014873 0.269797 0.530842 1.38326e-38 3
-0.0063389 0.271639 0.534466 1.40177e-38 3
0.0109323 0.271639 0.534466 1.22656e-38 3
0.0193695 0.268886 0.529049 1.25426e-38 3
0.0270052 0.260099 0.51176 1.38333e-38 3
0.0342661 0.252667 0.497138 1.37415e-38 3
0.048484 0.243395 0.478894 1.41106e-38 3
0.055375 0.239729 0.471682 1.31886e-38 3
0.0629962 0.239729 0.471682 1.15302e-38 3
0.0710453 0.241182 0.474541 1.25433e-38 3
0.0791926 0.242653 0.477434 1.39255e-38 3
0.0871725 0.243395 0.478894 1.35563e-38 3
0.0954942 0.244893 0.481841 1.30957e-38 3
0.103919 0.246409 0.484825 1.32801e-38 3
0.113868 0.251073 0.494001 1.29106e-38 3
0.12185 0.251073 0.494001 1.18965e-38 3
0.132336 0.255917 0.503532 1.1805e-38 3
0.141381 0.257573 0.506791 1.19894e-38 3
0.154263 0.251868 0.495565 1.19876e-38 3
0.161758 0.251073 0.494001 1.18954e-38 3
0.16974 0.251073 0.494001 1.22638e-38 3
0.177722 0.251073 0.494001 1.39219e-38 3
0.18339 0.247945 0.487846 1.41978e-38 3
0.188338 0.244142 0.480363 1.29985e-38 3
0.200782 0.240454 0.473107 1.33658e-38 3
0.206107 0.229367 0.451292 1.38257e-38 3
0.213399 0.229367 0.451292 1.37332e-38 3
0.228045 0.222319 0.437426 1.34588e-38 3
0.23912 0.226108 0.444882 1.44729e-38 3
0.249858 0.229367 0.451292 1.47509e-38 3
0.285996 0.255097 0.501918 1.44754e-38 3
0.294106 0.255097 0.501918 1.44765e-38 3
0.30125 0.254282 0.500314 1.36471e-38 3
0.308349 0.253472 0.498721 1.28173e-38 3
0.316407 0.253472 0.498721 1.31847e-38 3
0.324465 0.253472 0.498721 1.34598e-38 3
0.330418 0.251868 0.495565 1.33676e-38 3
0.335243 0.249499 0.490904 1.27223e-38 3
0.342102 0.248719 0.48937 1.27223e-38 3
0.35221 0.250284 0.492448 1.31818e-38 3
0.359038 0.249499 0.490904 1.26301e-38 3
0.364614 0.242653 0.477434 1.25408e-38 3
0.374613 0.244142 0.480363 1.21713e-38 3
0.381205 0.243395 0.478894 1.18025e-38 3
0.392544 0.245649 0.483328 1.0789e-38 3
0.404095 0.247945 0.487846 1.08812e-38 3
-0.381226 0.23463 0.447424 8.94369e-39 3
-0.371872 0.233297 0.444882 8.8515e-39 3
-0.360586 0.230675 0.439883 9.12808e-39 3
-0.352488 0.230029 0.438651 9.86673e-39 3
-0.347347 0.231325 0.441122 9.12916e-39 3
-0.330663 0.251133 0.478894 9.95892e-39 3
-0.321941 0.250367 0.477434 9.86709e-39 3
-0.290567 0.237342 0.452597 1.06961e-38 3
-0.280017 0.23463 0.447424 1.06043e-38 3
-0.272787 0.23463 0.447424 1.05121e-38 3
-0.277347 0.251903 0.480363 1.10642e-38 3
-0.266733 0.256626 0.48937 1.11575e-38 3
-0.251746 0.249606 0.475983 1.12482e-38 3
-0.244056 0.249606 0.475983 1.19851e-38 3
-0.237811 0.251133 0.478894 1.27216e-38 3
-0.196123 0.247351 0.471682 1.19854e-38 3
-0.192562 0.252678 0.481841 1.21698e-38 3
-0.188844 0.25824 0.492448 1.2262e-38 3
-0.182032 0.259875 0.495565 1.35524e-38 3
-0.172931 0.25824 0.492448 1.429e-38 3
-0.164974 0.25824 0.492448 1.47502e-38 3
-0.143206 0.248098 0.473107 1.41988e-38 3
-0.132755 0.24296 0.463309 1.39219e-38 3
-0.125641 0.243681 0.464684 1.37361e-38 3
-0.117436 0.242243 0.461942 1.38275e-38 3
-0.110624 0.243681 0.464684 1.41041e-38 3
-0.105624 0.249606 0.475983 1.46562e-38 3
-0.0994444 0.253458 0.483328 1.57618e-38 3
-0.0435688 0.246608 0.470266 1.43829e-38 3
-0.0354385 0.24296 0.463309 1.37375e-38 3
-0.0121538 0.22748 0.433791 1.42021e-38 3
-0.00508849 0.224987 0.429037 1.39248e-38 3
0.00181382 0.221349 0.422098 1.41092e-38 3
0.00861062 0.220754 0.420963 1.32794e-38 3
0.0153299 0.219573 0.418712 1.39251e-38 3
0.0221544 0.220162 0.419835 1.41092e-38 3
0.0550434 0.24587 0.468858 1.27277e-38 3
0.0626189 0.24587 0.468858 1.26362e-38 3
0.0706173 0.247351 0.471682 1.33727e-38 3
0.0791926 0.250367 0.477434 1.31879e-38 3
0.0869067 0.250367 0.477434 1.30954e-38 3
0.0949102 0.251133 0.478894 1.30039e-38 3
0.10328 0.252678 0.481841 1.36489e-38 3
0.111065 0.252678 0.481841 1.34645e-38 3
0.118123 0.251133 0.478894 1.24504e-38 3
0.125861 0.251133 0.478894 1.23582e-38 3
0.133962 0.23803 0.453908 1.36482e-38 3
0.140888 0.237342 0.452597 1.30943e-38 3
0.148201 0.237342 0.452597 1.30021e-38 3
0.164048 0.250367 0.477434 1.30014e-38 3
0.171762 0.250367 0.477434 1.35531e-38 3
0.178388 0.24885 0.474541 1.41056e-38 3
0.183827 0.24587 0.468858 1.45658e-38 3
0.190831 0.245136 0.467458 1.44736e-38 3
0.197111 0.23463 0.447424 1.41956e-38 3
0.201463 0.231325 0.441122 1.50246e-38 3
0.20859 0.231325 0.441122 1.47477e-38 3
0.215717 0.231325 0.441122 1.45633e-38 3
0.220362 0.228748 0.436207 1.438e-38 3
0.22615 0.22748 0.433791 1.4841e-38 3
0.233159 0.22748 0.433791 1.46573e-38 3
0.243541 0.230675 0.439883 1.53041e-38 3
0.250648 0.230675 0.439883 1.5397e-38 3
0.29466 0.256626 0.48937 1.41066e-38 3
0.300688 0.255032 0.48633 1.36457e-38 3
0.308546 0.255032 0.48633 1.35535e-38 3
0.317389 0.255827 0.487846 1.35528e-38 3
0.32226 0.253458 0.483328 1.30918e-38 3
0.327041 0.251133 0.478894 1.30914e-38 3
0.340434 0.249606 0.475983 1.38279e-38 3
0.348125 0.249606 0.475983 1.3368e-38 3
0.353665 0.248098 0.473107 1.32765e-38 3
0.354877 0.243681 0.464684 1.30014e-38 3
0.362385 0.243681 0.464684 1.21713e-38 3
0.367711 0.242243 0.461942 1.16181e-38 3
0.375175 0.242243 0.461942 1.18032e-38 3
-0.38014 0.24117 0.446149 9.22028e-39 3
-0.370818 0.239804 0.443622 9.77345e-39 3
-0.361602 0.238452 0.441122 9.22028e-39 3
-0.358514 0.24117 0.446149 8.85258e-39 3
-0.351305 0.24117 0.446149 8.85258e-39 3
-0.348063 0.24395 0.451292 8.75895e-39 3
-0.357244 0.255742 0.473107 8.29833e-39 3
-0.352797 0.258081 0.477434 8.76002e-39 3
-0.325683 0.254972 0.471682 9.77453e-39 3
-0.297021 0.24395 0.451292 1.01437e-38 3
-0.277724 0.233842 0.432592 9.58978e-39 3
-0.271484 0.234489 0.433791 1.06965e-38 3
-0.263018 0.233197 0.431401 1.12486e-38 3
-0.247854 0.225735 0.417596 1.18014e-38 3
-0.261024 0.25887 0.478894 1.12497e-38 3
-0.247978 0.253445 0.468858 1.19858e-38 3
-0.191509 0.248972 0.460584 1.27237e-38 3
-0.188252 0.265363 0.490904 1.2539e-38 3
-0.180321 0.265363 0.490904 1.33687e-38 3
-0.161421 0.260464 0.481841 1.43822e-38 3
-0.149496 0.253445 0.468858 1.41056e-38 3
-0.140241 0.250446 0.463309 1.5397e-38 3
-0.12202 0.24395 0.451292 1.59473e-38 3
-0.114071 0.242552 0.448706 1.52097e-38 3
-0.10591 0.240485 0.444882 1.50246e-38 3
-0.101907 0.248242 0.459233 1.54849e-38 3
-0.0970482 0.254972 0.471682 1.54838e-38 3
-0.0421756 0.246077 0.455228 1.62268e-38 3
-0.0345193 0.24395 0.451292 1.51204e-38 3
-0.0270716 0.242552 0.448706 1.47517e-38 3
-0.0121202 0.233842 0.432592 1.39237e-38 3
-0.00507458 0.231286 0.427865 1.31872e-38 3
0.00180895 0.227555 0.420963 1.39248e-38 3
0.00861062 0.227555 0.420963 1.3556e-38 3
0.0153299 0.226339 0.418712 1.41095e-38 3
0.0221544 0.226945 0.419835 1.37404e-38 3
0.0290939 0.228169 0.422098 1.37404e-38 3
0.0359139 0.228169 0.422098 1.34645e-38 3
0.0620615 0.251189 0.464684 1.32816e-38 3
0.0689557 0.248972 0.460584 1.39262e-38 3
0.0780035 0.254206 0.470266 1.40177e-38 3
0.086119 0.255742 0.473107 1.31876e-38 3
0.0940474 0.256517 0.474541 1.28195e-38 3
0.102648 0.25887 0.478894 1.35571e-38 3
0.109715 0.257297 0.475983 1.39251e-38 3
0.118607 0.24395 0.451292 1.26348e-38 3
0.123409 0.239126 0.442368 1.27269e-38 3
0.130556 0.239126 0.442368 1.34638e-38 3
0.138486 0.240485 0.444882 1.34627e-38 3
0.145262 0.239804 0.443622 1.34631e-38 3
0.15462 0.243249 0.449995 1.38319e-38 3
0.16189 0.243249 0.449995 1.43832e-38 3
0.170632 0.245364 0.453908 1.39219e-38 3
0.179004 0.246795 0.456555 1.40137e-38 3
0.186381 0.246795 0.456555 1.43814e-38 3
0.189341 0.24117 0.446149 1.52108e-38 3
0.197023 0.233197 0.431401 1.438e-38 3
0.205123 0.234489 0.433791 1.49328e-38 3
0.212721 0.235141 0.434996 1.47484e-38 3
0.218536 0.233842 0.432592 1.49335e-38 3
0.223672 0.23192 0.429037 1.51176e-38 3
0.230604 0.23192 0.429037 1.5948e-38 3
0.240835 0.235141 0.434996 1.58573e-38 3
0.247177 0.234489 0.433791 1.55814e-38 3
0.254186 0.234489 0.433791 1.54899e-38 3
0.263383 0.236454 0.437426 1.4107e-38 3
0.276633 0.241859 0.447424 1.39219e-38 3
0.312521 0.259665 0.480363 1.31847e-38 3
0.317362 0.257297 0.475983 1.33684e-38 3
0.320187 0.253445 0.468858 1.3645e-38 3
0.326784 0.252688 0.467458 1.31836e-38 3
0.32942 0.248972 0.460584 1.37368e-38 3
0.333916 0.246795 0.456555 1.43822e-38 3
0.344982 0.239126 0.442368 1.28166e-38 3
0.351337 0.233842 0.432592 1.13422e-38 3
0.35734 0.233197 0.431401 1.14344e-38 3
-0.376918 0.246274 0.442368 9.58906e-39 3
-0.369771 0.246274 0.442368 9.40467e-39 3
-0.360586 0.24489 0.439883 9.12808e-39 3
-0.359538 0.249088 0.447424 8.3916e-39 3
-0.352309 0.249088 0.447424 8.20721e-39 3
-0.34508 0.249088 0.447424 8.94298e-39 3
-0.341756 0.251968 0.452597 9.03589e-39 3
-0.334443 0.251968 0.452597 9.58906e-39 3
-0.291703 0.240831 0.432592 1.02348e-38 3
-0.285502 0.241498 0.433791 1.00511e-38 3
-0.277724 0.240831 0.432592 1.08798e-38 3
-0.271484 0.241498 0.433791 1.10642e-38 3
-0.263018 0.240168 0.431401 1.1617e-38 3
-0.247854 0.232482 0.417596 1.2078e-38 3
-0.2424 0.233729 0.419835 1.1617e-38 3
-0.233117 0.231249 0.41538 1.16174e-38 3
-0.178008 0.229423 0.412101 1.27241e-38 3
-0.172713 0.231249 0.41538 1.29085e-38 3
-0.165563 0.230637 0.414282 1.29085e-38 3
-0.145573 0.254172 0.456555 1.45665e-38 3
-0.138196 0.254172 0.456555 1.44747e-38 3
-0.117614 0.242169 0.434996 1.49324e-38 3
-0.110585 0.242169 0.434996 1.5392e-38 3
-0.102985 0.240831 0.432592 1.63136e-38 3
-0.0570521 0.254172 0.456555 1.52094e-38 3
-0.0495309 0.253433 0.455228 1.4841e-38 3
-0.0419319 0.251968 0.452597 1.48417e-38 3
-0.0345193 0.251242 0.451292 1.47506e-38 3
-0.0270716 0.249802 0.448706 1.55796e-38 3
-0.019597 0.246971 0.443622 1.5397e-38 3
-0.00507458 0.238199 0.427865 1.42003e-38 3
0.00181382 0.234989 0.422098 1.45691e-38 3
0.00858754 0.233729 0.419835 1.47531e-38 3
0.015289 0.232482 0.417596 1.46616e-38 3
0.0220363 0.232482 0.417596 1.42003e-38 3
0.0287835 0.232482 0.417596 1.36467e-38 3
0.0773071 0.259467 0.466067 1.52162e-38 3
0.0833491 0.254915 0.45789 1.42939e-38 3
0.0907474 0.254915 0.45789 1.36493e-38 3
0.101102 0.262593 0.471682 1.30954e-38 3
0.111315 0.251242 0.451292 1.34634e-38 3
0.117255 0.248379 0.446149 1.29106e-38 3
0.122372 0.244204 0.438651 1.2634e-38 3
0.129459 0.244204 0.438651 1.2634e-38 3
0.136547 0.244204 0.438651 1.33716e-38 3
0.143233 0.243522 0.437426 1.3556e-38 3
0.150301 0.243522 0.437426 1.41084e-38 3
0.156494 0.242169 0.434996 1.41992e-38 3
0.16307 0.241498 0.433791 1.41985e-38 3
0.167298 0.23755 0.426699 1.42903e-38 3
0.176112 0.240168 0.431401 1.40137e-38 3
0.183082 0.240168 0.431401 1.53034e-38 3
0.18953 0.239508 0.430215 1.55796e-38 3
0.193819 0.236262 0.424386 1.55796e-38 3
0.203433 0.239508 0.430215 1.49335e-38 3
0.212132 0.241498 0.433791 1.56704e-38 3
0.217934 0.240168 0.431401 1.58555e-38 3
0.221848 0.236905 0.425539 1.53941e-38 3
0.226874 0.234989 0.422098 1.48417e-38 3
0.235599 0.236905 0.425539 1.50275e-38 3
0.244468 0.238852 0.429037 1.50282e-38 3
0.252091 0.239508 0.430215 1.41985e-38 3
0.259756 0.240168 0.431401 1.41985e-38 3
0.268204 0.241498 0.433791 1.39219e-38 3
0.277519 0.243522 0.437426 1.40137e-38 3
0.291925 0.249802 0.448706 1.37379e-38 3
0.3009 0.251242 0.451292 1.37379e-38 3
0.30555 0.249088 0.447424 1.3645e-38 3
0.312779 0.249088 0.447424 1.38293e-38 3
0.320925 0.249802 0.448706 1.3829e-38 3
0.321722 0.24489 0.439883 1.34602e-38 3
0.337358 0.251242 0.451292 1.30918e-38 3
0.340722 0.248379 0.446149 1.34606e-38 3
0.341128 0.243522 0.437426 1.28159e-38 3
0.347225 0.242844 0.436207 1.26312e-38 3
0.349407 0.239508 0.430215 1.19869e-38 3
0.354411 0.238199 0.427865 1.13415e-38 3
0.363309 0.239508 0.430215 1.13419e-38 3
0.368237 0.238199 0.427865 1.13415e-38 3
