# .PCD v0.7 - Point Cloud Data file format
VERSION 0.7
FIELDS x y z rgb label
SIZE 4 4 4 4 4
TYPE F F F F U
COUNT 1 1 1 1 1
WIDTH 2692
HEIGHT 1
VIEWPOINT 0 0 0 1 0 0 0
POINTS 2692
DATA ascii
-3.33265 -0.789446 4.23239 6.17782e-39 1
-3.40104 -0.721061 4.23239 6.45441e-39 1
-3.42522 -0.741091 4.34996 5.90124e-39 1
-3.55229 -0.784684 4.60584 6.17747e-39 1
-3.35638 -0.619206 4.01534 7.37602e-39 1
-3.2915 -0.619206 4.01534 7.46821e-39 1
-3.22662 -0.619206 4.01534 5.5321e-39 1
-3.33265 -0.652677 4.23239 6.54625e-39 1
-3.19265 -0.527288 3.81947 5.90196e-39 1
-3.05639 -0.514734 3.72853 5.90196e-39 1
-2.99615 -0.514734 3.72853 5.80976e-39 1
-2.11385 -0.596518 4.8937 5.62394e-39 1
-2.11385 -0.517449 4.8937 7.46786e-39 1
-3.35638 -0.359696 4.01534 1.01444e-38 5
-2.42205 -0.264682 2.95469 9.77488e-39 5
-1.9895 -0.412592 4.60584 1.14316e-38 1
-2.03478 -0.438379 4.8937 9.95678e-39 1
-1.95571 -0.438379 4.8937 7.74445e-39 1
-1.76625 -0.412592 4.60584 7.28311e-39 1
-1.7431 -0.425095 4.74541 6.82213e-39 1
-3.35638 -0.294818 4.01534 7.65438e-39 5
-2.66734 -0.35931 4.8937 5.90053e-39 1
-2.58827 -0.35931 4.8937 5.53139e-39 1
-1.97984 -0.302577 4.12101 7.09871e-39 1
-1.91325 -0.302577 4.12101 1.07865e-38 1
-1.79932 -0.294818 4.01534 2.01898e-38 1
-1.64983 -0.280437 3.81947 2.30478e-38 1
-1.73841 -0.319386 4.34996 1.14316e-38 1
-1.62304 -0.310754 4.23239 9.67948e-39 1
-1.64349 -0.328512 4.47424 8.8508e-39 1
-1.61741 -0.338174 4.60584 7.56006e-39 1
-2.66734 -0.28024 4.8937 4.79346e-39 1
-2.58827 -0.28024 4.8937 5.25372e-39 1
-1.89668 -0.218724 3.81947 5.80869e-39 1
-1.79128 -0.213516 3.72853 7.37601e-39 1
-1.73104 -0.213516 3.72853 1.34602e-38 1
-1.63194 -0.208551 3.64182 2.32322e-38 1
-1.64691 -0.235992 4.12101 1.18003e-38 1
-1.58033 -0.235992 4.12101 9.40253e-39 1
-1.64349 -0.25622 4.47424 9.588e-39 1
-1.61741 -0.263755 4.60584 9.67984e-39 1
-2.66734 -0.201171 4.8937 7.65188e-39 5
-2.58827 -0.201171 4.8937 7.55897e-39 5
-1.9584 -0.157011 3.81947 7.56004e-39 5
-1.76736 -0.146306 3.55905 7.6526e-39 5
-1.63552 -0.139945 3.40431 7.65296e-39 5
-1.61564 -0.143055 3.47996 8.94262e-39 5
-1.55941 -0.143055 3.47996 1.14312e-38 5
-1.43922 -0.136967 3.33188 1.05096e-38 5
-1.55031 -0.153273 3.72853 8.75752e-39 5
-1.60468 -0.165063 4.01534 6.82249e-39 5
-1.58033 -0.169407 4.12101 5.43884e-39 5
-2.66734 -0.122101 4.8937 1.46591e-38 5
-2.05883 -0.100186 4.01534 1.31843e-38 5
-1.72809 -0.0868274 3.47996 1.29077e-38 5
-1.53538 -0.0797395 3.19589 1.08795e-38 5
-1.48375 -0.0797395 3.19589 1.1155e-38 5
-1.43211 -0.0797395 3.19589 1.06018e-38 5
-1.38047 -0.0797395 3.19589 8.57349e-39 5
-1.44695 -0.0868274 3.47996 6.91469e-39 5
-1.45541 -0.0908659 3.64182 7.09908e-39 5
-1.58033 -0.102822 4.12101 5.62395e-39 5
-1.55466 -0.105601 4.23239 4.88638e-39 5
-1.52756 -0.108534 4.34996 4.51724e-39 5
-1.9584 -0.0335856 3.81947 6.17747e-39 5
-1.69052 -0.029935 3.40431 6.36187e-39 5
-1.50468 -0.0275402 3.13197 6.36151e-39 5
-1.48375 -0.0281022 3.19589 6.91397e-39 5
-1.43211 -0.0281022 3.19589 7.46679e-39 5
-1.38047 -0.0281022 3.19589 6.36116e-39 5
-1.4155 -0.029935 3.40431 6.6381e-39 5
-1.39073 -0.0306002 3.47996 6.27075e-39 5
-1.53981 -0.035308 4.01534 5.80834e-39 5
-1.51374 -0.0362371 4.12101 5.80762e-39 5
-1.44716 -0.0362371 4.12101 6.26896e-39 3
-1.45727 -0.0382503 4.34996 5.34699e-39 3
-1.51308 -0.0417276 4.74541 4.79454e-39 3
-0.754432 -0.0382503 4.34996 4.88673e-39 3
-0.684148 -0.0382503 4.34996 4.5183e-39 3
-1.86731 0.0268189 3.64182 4.88746e-39 5
-1.55528 0.0230643 3.13197 5.43956e-39 5
-1.47517 0.0226121 3.07056 7.09801e-39 5
-1.48375 0.023535 3.19589 1.17071e-38 5
-1.46195 0.0240253 3.26247 1.31808e-38 5
-1.38047 0.023535 3.19589 1.1061e-38 5
-1.44695 0.025627 3.47996 6.26789e-39 5
-1.42233 0.0262094 3.55905 5.80799e-39 5
-1.58033 0.0303478 4.12101 5.80798e-39 5
-1.51374 0.0303478 4.12101 8.66605e-39 5
-1.44716 0.0303478 4.12101 9.3125e-39 3
-1.45727 0.0320337 4.34996 5.71649e-39 3
-1.42662 0.032949 4.47424 5.71685e-39 3
-1.48129 0.036038 4.8937 5.25552e-39 3
-0.927805 0.036038 4.8937 4.79418e-39 3
-0.367021 0.015584 2.11619 5.25551e-39 3
-0.332829 0.015584 2.11619 5.44026e-39 3
-0.381019 0.019883 2.69997 4.79453e-39 3
0.0053407 0.0091525 1.24284 5.34735e-39 3
0.0250246 0.00900949 1.22343 4.79417e-39 3
0.044792 0.00900949 1.22343 5.07076e-39 3
0.0645594 0.00900949 1.22343 4.88672e-39 3
0.0843268 0.00900949 1.22343 4.60978e-39 3
0.105746 0.0091525 1.24284 4.88637e-39 3
-1.52479 0.0722243 3.07056 1.18e-38 5
-1.63552 0.0800748 3.40431 1.31804e-38 5
-1.61564 0.0818542 3.47996 1.61289e-38 5
-1.59485 0.0837145 3.55905 1.76958e-38 5
-1.43922 0.0783711 3.33188 1.83419e-38 5
-1.51425 0.0856614 3.64182 1.51158e-38 5
-1.45541 0.0856614 3.64182 6.1739e-39 5
-1.58033 0.0969326 4.12101 7.37423e-39 5
-1.47493 0.0944472 4.01534 1.2261e-38 5
-1.3748 0.092086 3.91496 9.86495e-39 3
-1.38057 0.0969326 4.12101 5.43991e-39 3
-1.31399 0.0969326 4.12101 4.97893e-39 3
-1.39416 0.108336 4.60584 5.90089e-39 3
-0.406709 0.0504581 2.14518 4.42504e-39 3
-0.372049 0.0504581 2.14518 4.97857e-39 3
-0.337388 0.0504581 2.14518 5.90052e-39 3
-0.345298 0.0575537 2.44685 5.71613e-39 3
-0.326148 0.0613907 2.60997 6.08456e-39 3
-0.0145101 0.0287769 1.22343 6.08491e-39 3
0.00525725 0.0287769 1.22343 5.53246e-39 3
0.0250246 0.0287769 1.22343 6.08563e-39 3
0.044792 0.0287769 1.22343 5.90124e-39 3
0.0645594 0.0287769 1.22343 5.99343e-39 3
0.0843268 0.0287769 1.22343 5.62465e-39 3
0.102493 0.0283342 1.2046 5.90052e-39 3
0.121956 0.0283342 1.2046 5.62394e-39 3
0.141419 0.0283342 1.2046 5.43882e-39 3
0.160883 0.0283342 1.2046 5.43918e-39 3
0.938965 0.0613907 2.60997 4.6105e-39 3
0.919814 0.0575537 2.44685 3.68783e-39 3
-3.06268 0.194177 4.8937 4.79311e-39 5
-2.98361 0.194177 4.8937 6.08421e-39 5
-1.86731 0.144504 3.64182 1.62232e-38 5
-1.65455 0.132206 3.33188 1.67746e-38 5
-1.74962 0.144504 3.64182 1.71427e-38 5
-1.69078 0.144504 3.64182 1.89855e-38 5
-1.63194 0.144504 3.64182 2.02762e-38 5
-1.55031 0.147944 3.72853 2.02784e-38 5
-1.45541 0.144504 3.64182 1.51165e-38 5
-1.62304 0.167937 4.23239 6.17425e-39 5
-1.47493 0.159325 4.01534 7.46643e-39 5
-1.41005 0.159325 4.01534 6.17712e-39 3
-1.38057 0.163517 4.12101 5.90089e-39 3
-1.31399 0.163517 4.12101 5.80869e-39 3
-1.35432 0.177533 4.47424 5.53282e-39 3
-1.35973 0.188293 4.74541 6.17711e-39 3
-1.00687 0.194177 4.8937 6.36186e-39 3
-0.406709 0.0851187 2.14518 6.17675e-39 3
-0.372049 0.0851187 2.14518 6.08491e-39 3
-0.337388 0.0851187 2.14518 7.09906e-39 3
-0.345298 0.0970885 2.44685 6.4537e-39 3
-0.305764 0.0970885 2.44685 6.26931e-39 3
-0.283977 0.103561 2.60997 7.00687e-39 3
-0.0145101 0.0485443 1.22343 6.27002e-39 3
0.00525725 0.0485443 1.22343 5.71685e-39 3
0.0250246 0.0485443 1.22343 5.90124e-39 3
0.044792 0.0485443 1.22343 6.36221e-39 3
0.0635662 0.0477974 1.2046 6.08562e-39 3
0.0830294 0.0477974 1.2046 6.08563e-39 3
0.102493 0.0477974 1.2046 6.08563e-39 3
0.121956 0.0477974 1.2046 6.4537e-39 3
0.141419 0.0477974 1.2046 6.45369e-39 3
0.160883 0.0477974 1.2046 6.91467e-39 3
-3.14175 0.273247 4.8937 6.08385e-39 5
-2.88252 0.257173 4.60584 5.53032e-39 5
-2.6521 0.242886 4.34996 5.25445e-39 5
-2.58182 0.242886 4.34996 7.46751e-39 5
-2.82547 0.273247 4.8937 7.09872e-39 5
-2.02011 0.213266 3.81947 1.68668e-38 5
-1.86731 0.203346 3.64182 2.03702e-38 5
-1.76736 0.198725 3.55905 2.09234e-38 5
-1.74962 0.203346 3.64182 2.0739e-38 5
-1.69078 0.203346 3.64182 2.08305e-38 5
-1.55031 0.208188 3.72853 2.18461e-38 5
-1.52641 0.213266 3.81947 2.02787e-38 5
-1.58033 0.230102 4.12101 1.27187e-38 5
-1.43806 0.218597 3.91496 6.35935e-39 3
-1.3748 0.218597 3.91496 7.09943e-39 3
-1.38057 0.230102 4.12101 6.91504e-39 3
-1.31399 0.230102 4.12101 6.91612e-39 3
-1.28112 0.236321 4.23239 7.46929e-39 3
-1.24642 0.242886 4.34996 7.09943e-39 3
-1.17614 0.242886 4.34996 6.54589e-39 3
-0.847895 0.230102 4.12101 6.63809e-39 3
-0.406709 0.119779 2.14518 5.89945e-39 3
-0.387994 0.124913 2.23712 7.09835e-39 3
-0.351847 0.124913 2.23712 6.82176e-39 3
-0.334835 0.132483 2.3727 6.17639e-39 3
-0.296498 0.132483 2.3727 6.91395e-39 3
-0.274817 0.14103 2.52578 7.00615e-39 3
-0.241807 0.145731 2.60997 7.19198e-39 3
0.00525725 0.0683116 1.22343 6.63916e-39 3
0.0250246 0.0683116 1.22343 8.29832e-39 3
0.0434347 0.0662416 1.18635 7.92954e-39 3
0.062603 0.0662416 1.18635 7.46856e-39 3
0.0817714 0.0662416 1.18635 7.56076e-39 3
0.102493 0.0672607 1.2046 7.28345e-39 3
0.121956 0.0672607 1.2046 6.73028e-39 3
-3.61617 0.352316 4.8937 7.74373e-39 5
-3.32904 0.331592 4.60584 6.2686e-39 5
-3.45803 0.352316 4.8937 6.2686e-39 5
-3.37896 0.352316 4.8937 5.71542e-39 5
-3.29989 0.352316 4.8937 6.17641e-39 5
-3.22082 0.352316 4.8937 6.2686e-39 5
-2.79267 0.31317 4.34996 7.46678e-39 5
-2.72238 0.31317 4.34996 8.02032e-39 5
-2.6521 0.31317 4.34996 7.19056e-39 5
-2.58182 0.31317 4.34996 7.55935e-39 5
-2.65927 0.331592 4.60584 8.11216e-39 5
-2.02011 0.274978 3.81947 2.06468e-38 5
-1.86731 0.262189 3.64182 2.26765e-38 5
-1.80847 0.262189 3.64182 2.32304e-38 5
-1.83497 0.274978 3.81947 2.32304e-38 5
-1.77326 0.274978 3.81947 2.31382e-38 5
-1.71155 0.274978 3.81947 2.22156e-38 5
-1.64983 0.274978 3.81947 2.29538e-38 5
-1.58812 0.274978 3.81947 2.30471e-38 5
-1.56457 0.281853 3.91496 2.19397e-38 5
-1.62304 0.304706 4.23239 1.76973e-38 5
-1.40298 0.274978 3.81947 8.84864e-39 3
-1.30933 0.268431 3.72853 8.11286e-39 3
-1.31154 0.281853 3.91496 7.19234e-39 3
-1.24829 0.281853 3.91496 6.9154e-39 3
-1.2474 0.296687 4.12101 7.37601e-39 3
-1.15054 0.28908 4.01534 7.5604e-39 3
-1.08566 0.28908 4.01534 7.19126e-39 3
-1.10585 0.31317 4.34996 6.73028e-39 3
-1.03557 0.31317 4.34996 7.74443e-39 3
-0.827386 0.268431 3.72853 8.11321e-39 3
-0.685532 0.239875 3.33188 8.11322e-39 3
-0.486718 0.184822 2.56719 9.31104e-39 3
-0.438057 0.181841 2.52578 8.85006e-39 3
-0.397247 0.181841 2.52578 9.12665e-39 3
-0.345298 0.176158 2.44685 9.77237e-39 3
-0.296498 0.17082 2.3727 9.03445e-39 3
-0.266229 0.176158 2.44685 8.85078e-39 3
-0.234007 0.181841 2.52578 8.48271e-39 3
-0.193197 0.181841 2.52578 8.6671e-39 3
0.0434347 0.08541 1.18635 8.57419e-39 3
0.062603 0.08541 1.18635 7.83663e-39 3
0.0817714 0.08541 1.18635 7.28417e-39 3
0.102493 0.086724 1.2046 7.28345e-39 3
-3.69524 0.431386 4.8937 5.34665e-39 5
-2.89294 0.345108 3.91496 6.3608e-39 5
-2.17668 0.265468 3.01151 5.62323e-39 5
-1.97602 0.246506 2.7964 6.63738e-39 5
-2.35058 0.300094 3.40431 6.63739e-39 5
-2.93324 0.383454 4.34996 6.91397e-39 5
-3.22082 0.431386 4.8937 6.91362e-39 5
-2.79267 0.383454 4.34996 8.75788e-39 5
-3.06268 0.431386 4.8937 7.55934e-39 5
-1.89668 0.336691 3.81947 2.2956e-38 5
-2.14954 0.39441 4.47424 2.29563e-38 5
-2.07725 0.39441 4.47424 2.2956e-38 5
-2.12647 0.418313 4.74541 2.2956e-38 5
-1.93266 0.39441 4.47424 2.26801e-38 5
-1.7135 0.363272 4.12101 2.27723e-38 5
-1.69142 0.37309 4.23239 2.30482e-38 5
-1.62304 0.37309 4.23239 2.07412e-38 5
-1.36958 0.328675 3.72853 1.67782e-38 3
-1.30933 0.328675 3.72853 9.03517e-39 3
-1.27956 0.336691 3.81947 9.03517e-39 3
-1.24829 0.345108 3.91496 8.85078e-39 3
-1.21542 0.353957 4.01534 8.39017e-39 3
-1.15054 0.353957 4.01534 7.92882e-39 3
-1.05852 0.345108 3.91496 8.20541e-39 3
-1.04765 0.363272 4.12101 7.65295e-39 3
-0.955909 0.353957 4.01534 7.92954e-39 3
-0.681377 0.270673 3.07056 7.74515e-39 3
-0.575357 0.246506 2.7964 7.56076e-39 3
-0.486718 0.226301 2.56719 8.11322e-39 3
-0.431104 0.219117 2.48569 8.482e-39 3
-0.397247 0.222651 2.52578 8.57419e-39 3
-0.345298 0.215693 2.44685 8.3898e-39 3
-0.296498 0.209157 2.3727 8.11322e-39 3
-0.266229 0.215693 2.44685 8.66639e-39 3
-0.234007 0.222651 2.52578 9.12772e-39 3
-0.193197 0.222651 2.52578 9.22063e-39 3
0.0994332 0.103017 1.16864 8.57419e-39 3
0.360961 0.138043 1.56598 7.74515e-39 3
0.449143 0.160516 1.82091 7.37637e-39 3
0.478564 0.160516 1.82091 8.02102e-39 3
0.52008 0.164337 1.86427 8.11321e-39 3
0.550202 0.164337 1.86427 8.482e-39 3
0.518587 0.146855 1.66594 9.12736e-39 3
2.17793 0.40601 4.60584 6.6388e-39 3
2.25234 0.40601 4.60584 6.731e-39 3
0.57017 0.0718976 0.815617 5.34771e-39 3
-0.429326 0.0546307 0.523741 3.78003e-39 5
-2.89294 0.408364 3.91496 7.92848e-39 5
-2.17668 0.314126 3.01151 8.48166e-39 5
-1.97602 0.291689 2.7964 7.6519e-39 5
-2.00235 0.302492 2.89997 9.6802e-39 5
-2.93324 0.453738 4.34996 9.21923e-39 5
-2.04979 0.494987 4.74541 2.27723e-38 5
-1.7135 0.429857 4.12101 2.28645e-38 5
-1.69142 0.441475 4.23239 2.30478e-38 5
-1.62304 0.441475 4.23239 2.32315e-38 5
-1.40298 0.398404 3.81947 1.63179e-38 3
-1.34127 0.398404 3.81947 9.86493e-39 3
-1.31154 0.408364 3.91496 9.49543e-39 3
-1.24829 0.408364 3.91496 9.3114e-39 3
-1.21542 0.418835 4.01534 9.12737e-39 3
-1.15054 0.418835 4.01534 9.49615e-39 3
-1.08566 0.418835 4.01534 9.95713e-39 3
-0.995267 0.408364 3.91496 9.31247e-39 3
-0.810444 0.355099 3.40431 8.85149e-39 3
-0.569676 0.26778 2.56719 1.04188e-38 3
-0.519677 0.263461 2.52578 9.68126e-39 3
-0.49483 0.272243 2.60997 9.68054e-39 3
-0.399405 0.240214 2.30292 9.21956e-39 3
-0.410489 0.272243 2.60997 9.68054e-39 3
-0.334835 0.247493 2.3727 9.4965e-39 3
-0.279555 0.233351 2.23712 8.94369e-39 3
-0.243409 0.233351 2.23712 9.21992e-39 3
-0.187159 0.255228 2.44685 1.00497e-38 3
-0.025809 0.0960857 0.921167 9.31176e-39 3
0.401068 0.181495 1.73998 8.94333e-39 3
0.429181 0.181495 1.73998 9.40431e-39 3
0.447354 0.17755 1.70216 9.12772e-39 3
0.49644 0.18562 1.77953 9.4965e-39 3
0.502358 0.17755 1.70216 8.57455e-39 3
0.518587 0.173772 1.66594 8.39016e-39 3
0.512774 0.163346 1.56598 7.83698e-39 3
1.72473 0.408364 3.91496 7.74694e-39 3
2.10351 0.480428 4.60584 8.11393e-39 3
2.17793 0.480428 4.60584 8.57491e-39 3
2.25234 0.480428 4.60584 7.65296e-39 3
0.583348 0.0850759 0.815617 5.53318e-39 3
0.619098 0.0882949 0.846478 5.71685e-39 3
0.632774 0.0882949 0.846478 5.90124e-39 3
0.639537 0.0873506 0.837425 5.80868e-39 3
-0.427895 0.0628826 0.521995 3.13466e-39 5
-2.17668 0.362784 3.01151 1.10631e-38 5
-2.12802 0.362784 3.01151 1.12475e-38 5
-0.336116 0.0701293 0.58215 1.9082e-38 5
-0.323106 0.0693558 0.575729 2.24014e-38 5
-0.313804 0.0693558 0.575729 2.2956e-38 5
-0.312545 0.0711879 0.590937 2.28645e-38 5
-0.355087 0.0861406 0.715061 2.28645e-38 5
-0.343533 0.0861406 0.715061 2.28645e-38 5
-0.333503 0.0865357 0.718341 2.28645e-38 5
-1.2803 0.483713 4.01534 9.68054e-39 3
-1.2474 0.496442 4.12101 9.03517e-39 3
-0.865449 0.410104 3.40431 9.68126e-39 3
-0.573545 0.290228 2.40921 9.77453e-39 3
-0.560487 0.304271 2.52578 1.0972e-38 3
-0.511429 0.299441 2.48569 1.12486e-38 3
-0.49483 0.314413 2.60997 1.07872e-38 3
-0.452659 0.314413 2.60997 1.07872e-38 3
-0.410489 0.314413 2.60997 1.09716e-38 3
-0.334835 0.28583 2.3727 1.11557e-38 3
-0.279555 0.269497 2.23712 1.04181e-38 3
-0.166364 0.262011 2.17498 1.07883e-38 3
0.392349 0.205052 1.70216 1.08787e-38 3
0.419851 0.205052 1.70216 1.02333e-38 3
0.447354 0.205052 1.70216 1.00497e-38 3
0.474856 0.205052 1.70216 9.49578e-39 3
0.502358 0.205052 1.70216 1.17085e-38 3
0.416643 0.161238 1.33845 1.08787e-38 3
1.37129 0.349348 2.89997 8.66711e-39 3
1.1603 0.28583 2.3727 9.68126e-39 3
1.19863 0.28583 2.3727 7.46964e-39 3
1.16629 0.269497 2.23712 7.93062e-39 3
0.895429 0.200689 1.66594 8.39124e-39 3
0.922347 0.200689 1.66594 8.29869e-39 3
0.9699 0.205052 1.70216 8.57491e-39 3
0.612037 0.103086 0.855729 6.91683e-39 3
0.625864 0.103086 0.855729 5.80976e-39 3
0.632774 0.101972 0.846478 5.34806e-39 3
0.639537 0.100881 0.837425 7.46784e-39 3
0.646157 0.0998137 0.828563 6.82211e-39 3
-0.430767 0.0717954 0.525498 4.05626e-39 5
-0.413942 0.0703783 0.515126 6.82178e-39 5
-0.408033 0.0722805 0.529049 6.26825e-39 5
-0.33737 0.0798321 0.584322 2.2956e-38 5
-0.32671 0.0795354 0.58215 2.2956e-38 5
-0.317304 0.0795354 0.58215 2.28645e-38 5
-0.313729 0.0810417 0.593176 2.28645e-38 5
-0.312429 0.0832491 0.609332 2.28645e-38 5
-0.339581 0.093428 0.683836 2.28645e-38 5
-0.337371 0.0959418 0.702235 2.28645e-38 5
-0.330471 0.0972501 0.711811 2.28645e-38 5
-0.31897 0.0972501 0.711811 2.28645e-38 5
-0.308873 0.0976941 0.715061 2.28645e-38 5
-0.298683 0.0981423 0.718341 2.28645e-38 5
-0.960223 0.411443 3.01151 9.58906e-39 3
-1.0198 0.48625 3.55905 1.05103e-38 3
-0.814248 0.411443 3.01151 1.06947e-38 3
-0.622042 0.334297 2.44685 1.1433e-38 3
-0.573545 0.329154 2.40921 1.11564e-38 3
-0.542972 0.334297 2.44685 1.21702e-38 3
-0.519677 0.345081 2.52578 1.17092e-38 3
-0.49483 0.356584 2.60997 1.23538e-38 3
-0.452659 0.356584 2.60997 1.22617e-38 3
-0.410489 0.356584 2.60997 1.13397e-38 3
-0.356437 0.345081 2.52578 1.13397e-38 3
-0.27179 0.297153 2.17498 1.22617e-38 3
-0.161868 0.289122 2.11619 1.22627e-38 3
0.112436 0.222865 1.63123 1.08812e-38 3
0.392349 0.232554 1.70216 1.22617e-38 3
0.410918 0.227607 1.66594 1.15244e-38 3
0.437835 0.227607 1.66594 1.09706e-38 3
0.474856 0.232554 1.70216 1.04177e-38 3
0.481427 0.222865 1.63123 1.18e-38 3
0.416643 0.182863 1.33845 1.08773e-38 3
0.50272 0.209755 1.53528 1.11549e-38 3
0.507619 0.20184 1.47734 1.10627e-38 3
0.90775 0.281513 2.06051 8.48271e-39 3
0.941042 0.281513 2.06051 9.12808e-39 3
0.974335 0.281513 2.06051 8.29832e-39 3
1.00763 0.281513 2.06051 8.02281e-39 3
0.898976 0.243125 1.77953 9.49794e-39 3
0.868512 0.227607 1.66594 9.31247e-39 3
0.876774 0.222865 1.63123 9.58906e-39 3
0.903131 0.222865 1.63123 8.7593e-39 3
0.949264 0.227607 1.66594 8.6671e-39 3
0.997402 0.232554 1.70216 9.03588e-39 3
0.625864 0.116913 0.855729 7.1005e-39 3
0.632774 0.115649 0.846478 6.45513e-39 3
0.639537 0.114412 0.837425 6.8232e-39 3
0.646157 0.113201 0.828563 6.3615e-39 3
-0.46254 0.0845415 0.553351 3.31869e-39 5
-0.433677 0.0808285 0.529049 3.59492e-39 5
-0.418068 0.0794858 0.520261 5.62251e-39 5
-0.411027 0.0797508 0.521995 6.36008e-39 5
-0.403939 0.0800175 0.523741 1.03241e-38 5
-0.399485 0.0808285 0.529049 9.77168e-39 5
-0.393597 0.0813784 0.532648 8.57385e-39 5
-0.387627 0.0819357 0.536296 8.66605e-39 5
-0.382896 0.0827863 0.541863 1.04171e-38 5
-0.372851 0.0825008 0.539995 1.26298e-38 5
-0.365386 0.0827863 0.541863 1.26298e-38 5
-0.349419 0.0899445 0.588716 2.28645e-38 5
-0.339907 0.0899445 0.588716 2.28645e-38 5
-0.330395 0.0899445 0.588716 2.28645e-38 5
-0.320882 0.0899445 0.588716 2.28645e-38 5
-0.316124 0.0913177 0.597704 2.28645e-38 5
-0.31365 0.093458 0.611713 2.28645e-38 5
-0.313565 0.0964727 0.631445 2.28645e-38 5
-0.327104 0.104023 0.680863 2.28645e-38 5
-0.321697 0.105864 0.692913 2.28645e-38 5
-0.313274 0.106809 0.6991 2.28645e-38 5
-0.306078 0.108259 0.70859 2.28645e-38 5
-0.295968 0.108751 0.711811 2.28645e-38 5
-0.293815 0.112325 0.735204 2.28645e-38 5
-0.288714 0.115025 0.752877 2.29567e-38 5
-0.283361 0.117858 0.771421 1.16166e-38 3
-0.832193 0.398754 2.60997 1.12486e-38 3
-0.790022 0.398754 2.60997 1.13408e-38 3
-0.747852 0.398754 2.60997 1.0511e-38 3
-0.682918 0.385891 2.52578 1.18932e-38 3
-0.622042 0.373832 2.44685 1.23542e-38 3
-0.582507 0.373832 2.44685 1.23542e-38 3
-0.542972 0.373832 2.44685 1.37368e-38 3
-0.503437 0.373832 2.44685 1.23535e-38 3
-0.478867 0.385891 2.52578 1.34602e-38 3
-0.438057 0.385891 2.52578 1.26304e-38 3
-0.397247 0.385891 2.52578 1.36442e-38 3
-0.324987 0.351842 2.30292 1.26304e-38 3
-0.27179 0.332295 2.17498 1.24453e-38 3
-0.218444 0.306734 2.00767 1.24453e-38 3
-0.0284904 0.155359 1.01687 1.23549e-38 3
0.0585039 0.244135 1.59794 1.22627e-38 3
0.0843225 0.244135 1.59794 1.21712e-38 3
0.112436 0.249221 1.63123 1.30007e-38 3
0.364846 0.260057 1.70216 1.01419e-38 3
0.384001 0.254524 1.66594 1.02341e-38 3
0.410918 0.254524 1.66594 1.18018e-38 3
0.437835 0.254524 1.66594 1.25393e-38 3
0.45507 0.249221 1.63123 1.28155e-38 3
0.471602 0.244135 1.59794 1.2262e-38 3
0.423889 0.208046 1.36173 1.24453e-38 3
0.442047 0.206252 1.34999 1.33673e-38 3
0.459894 0.204489 1.33845 1.25382e-38 3
0.485671 0.206252 1.34999 1.16163e-38 3
0.467207 0.189883 1.24284 1.22624e-38 3
0.558167 0.217502 1.42362 1.08798e-38 3
0.665922 0.249221 1.63123 1.07872e-38 3
0.722378 0.260057 1.70216 1.15248e-38 3
0.74988 0.260057 1.70216 1.18929e-38 3
0.777383 0.260057 1.70216 1.06943e-38 3
0.771348 0.249221 1.63123 1.14319e-38 3
0.797705 0.249221 1.63123 8.57455e-39 3
0.775587 0.234561 1.53528 8.48235e-39 3
0.785001 0.23005 1.50575 9.40431e-39 3
0.80933 0.23005 1.50575 9.68089e-39 3
0.867006 0.239252 1.56598 1.01415e-38 3
0.892308 0.239252 1.56598 9.68125e-39 3
0.91761 0.239252 1.56598 9.40467e-39 3
0.942912 0.239252 1.56598 9.68125e-39 3
0.968215 0.239252 1.56598 7.65439e-39 3
1.91061 0.460101 3.01151 7.93062e-39 3
1.95927 0.460101 3.01151 7.37781e-39 3
1.21742 0.260057 1.70216 7.74587e-39 3
0.636295 0.132918 0.869991 7.93026e-39 3
0.632774 0.129326 0.846478 7.74587e-39 3
-0.432217 0.0890756 0.527267 7.74408e-39 5
-0.418068 0.0878919 0.520261 1.23535e-38 5
-0.411027 0.0881849 0.521995 1.25361e-38 5
-0.403939 0.0884798 0.523741 1.28131e-38 5
-0.39814 0.0890756 0.527267 1.07844e-38 5
-0.392262 0.0896795 0.530842 1.00472e-38 5
-0.386304 0.0902917 0.534466 1.00475e-38 5
-0.382896 0.0915414 0.541863 1.14308e-38 5
-0.372851 0.0912257 0.539995 1.32751e-38 5
-0.365386 0.0915414 0.541863 1.65949e-38 5
-0.365483 0.0938137 0.555314 2.22184e-38 5
-0.365586 0.0962017 0.569449 2.27723e-38 5
-0.364334 0.0983474 0.58215 2.27723e-38 5
-0.351013 0.0972627 0.575729 2.28645e-38 5
-0.34811 0.0990841 0.586511 2.29567e-38 5
-0.341189 0.0998319 0.590937 2.28645e-38 5
-0.331641 0.0998319 0.590937 2.28645e-38 5
-0.320882 0.0994566 0.588716 2.28645e-38 5
-0.314922 0.100591 0.595431 2.28645e-38 5
-0.31365 0.103342 0.611713 2.28645e-38 5
-0.313565 0.106675 0.631445 2.28645e-38 5
-0.322892 0.113543 0.672096 2.28645e-38 5
-0.32028 0.116544 0.689861 2.28645e-38 5
-0.311882 0.11758 0.695993 2.28645e-38 5
-0.304699 0.119169 0.705398 2.27723e-38 5
-0.295968 0.120252 0.711811 2.27723e-38 5
-0.292443 0.123624 0.731768 2.29567e-38 5
-0.285964 0.125978 0.745707 2.23113e-38 3
-0.281972 0.129684 0.767639 1.17092e-38 3
-0.269569 0.129684 0.767639 1.12486e-38 3
-0.740646 0.413367 2.44685 1.1433e-38 3
-0.679865 0.40084 2.3727 1.10642e-38 3
-0.641529 0.40084 2.3727 1.18936e-38 3
-0.568724 0.377935 2.23712 1.26304e-38 3
-0.517784 0.367437 2.17498 1.29074e-38 3
-0.45724 0.348098 2.06051 1.32758e-38 3
-0.423947 0.348098 2.06051 1.33669e-38 3
-0.42414 0.377935 2.23712 1.43825e-38 3
-0.438057 0.426701 2.52578 1.41059e-38 3
-0.397247 0.426701 2.52578 1.30918e-38 3
-0.324987 0.389051 2.30292 1.39212e-38 3
-0.264444 0.357506 2.11619 1.44736e-38 3
-0.207788 0.322628 1.90974 1.36439e-38 3
-0.0386466 0.147796 0.874851 1.31832e-38 3
-0.0284904 0.171789 1.01687 1.34613e-38 3
-0.0132664 0.188968 1.11856 1.30928e-38 3
0.00525725 0.206683 1.22343 1.33684e-38 3
0.0302184 0.24958 1.47734 1.39212e-38 3
0.0521216 0.240504 1.42362 1.44747e-38 3
0.0765148 0.244958 1.44999 1.38297e-38 3
0.0999428 0.244958 1.44999 1.47516e-38 3
0.349644 0.275578 1.63123 1.09731e-38 3
0.368327 0.269954 1.59794 1.10656e-38 3
0.394146 0.269954 1.59794 1.11582e-38 3
0.419965 0.269954 1.59794 1.11582e-38 3
0.436868 0.264555 1.56598 1.16184e-38 3
0.412652 0.236209 1.3982 1.25393e-38 3
0.439164 0.238338 1.4108 1.27233e-38 3
0.453783 0.234119 1.38583 1.41052e-38 3
0.476174 0.234119 1.38583 1.40134e-38 3
0.503017 0.236209 1.3982 1.23538e-38 3
0.530343 0.238338 1.4108 1.23542e-38 3
0.487288 0.209964 1.24284 1.17096e-38 3
0.560777 0.232065 1.37367 1.18018e-38 3
0.651557 0.259367 1.53528 1.11553e-38 3
0.68989 0.264555 1.56598 1.17081e-38 3
0.715192 0.264555 1.56598 1.20758e-38 3
0.712014 0.254379 1.50575 1.29056e-38 3
0.709071 0.244958 1.44999 1.18922e-38 3
0.608538 0.203504 1.2046 1.21687e-38 3
0.623207 0.20195 1.19541 1.16159e-38 3
0.642522 0.20195 1.19541 1.12475e-38 3
0.802783 0.244958 1.44999 1.06947e-38 3
0.719603 0.213351 1.26289 1.07876e-38 3
0.746025 0.215085 1.27316 9.22028e-39 3
0.766596 0.215085 1.27316 1.03266e-38 3
0.787166 0.215085 1.27316 1.02355e-38 3
0.827931 0.220462 1.30499 9.59014e-39 3
0.835098 0.216848 1.28359 8.94477e-39 3
0.932251 0.236209 1.3982 1.02355e-38 3
1.16242 0.287559 1.70216 9.31284e-39 3
-0.429326 0.0969421 0.523741 7.09907e-39 5
-0.416683 0.0959791 0.518538 1.5396e-38 5
-0.409661 0.096298 0.520261 1.74221e-38 5
-0.402593 0.096619 0.521995 1.69611e-38 5
-0.395477 0.0969421 0.523741 1.63147e-38 5
-0.389621 0.0975949 0.527267 1.46541e-38 5
-0.38499 0.0985908 0.532648 1.62229e-38 5
-0.382896 0.100297 0.541863 1.91738e-38 5
-0.374141 0.100297 0.541863 2.24028e-38 5
-0.367932 0.100995 0.545639 2.27723e-38 5
-0.365483 0.102786 0.555314 2.30489e-38 5
-0.360344 0.103891 0.561285 2.28645e-38 5
-0.358996 0.106175 0.573621 2.28645e-38 5
-0.349728 0.106175 0.573621 2.28645e-38 5
-0.34811 0.108561 0.586511 2.28645e-38 5
-0.339907 0.108969 0.588716 2.28645e-38 5
-0.330395 0.108969 0.588716 2.28645e-38 5
-0.320882 0.108969 0.588716 2.28645e-38 5
-0.313729 0.109794 0.593176 2.28645e-38 5
-0.307641 0.111056 0.599994 2.28645e-38 5
-0.311056 0.115943 0.626394 2.28645e-38 5
-0.318787 0.122821 0.663553 2.28645e-38 5
-0.317483 0.126575 0.683836 2.28645e-38 5
-0.309134 0.12769 0.689861 2.26801e-38 5
-0.30006 0.133575 0.721652 2.29567e-38 5
-0.291082 0.134817 0.728365 2.28645e-38 5
-0.283266 0.136725 0.738672 1.48435e-38 3
-0.279234 0.140707 0.760186 1.20769e-38 3
-0.269569 0.142087 0.767639 1.27226e-38 3
-0.259712 0.143494 0.77524 1.19861e-38 3
-0.718202 0.439177 2.3727 1.28159e-38 3
-0.679865 0.439177 2.3727 1.38301e-38 3
-0.641529 0.439177 2.3727 1.33691e-38 3
-0.568724 0.414081 2.23712 1.45665e-38 3
-0.490532 0.381391 2.06051 1.41985e-38 3
-0.394889 0.329383 1.77953 1.40145e-38 3
-0.335625 0.301934 1.63123 1.47517e-38 3
-0.309268 0.301934 1.63123 1.45669e-38 3
-0.377216 0.402579 2.17498 1.34609e-38 3
-0.351847 0.414081 2.23712 1.27237e-38 3
-0.298636 0.391698 2.11619 1.32762e-38 3
-0.238645 0.353484 1.90974 1.07865e-38 3
-0.177486 0.301934 1.63123 1.29999e-38 3
-0.151129 0.301934 1.63123 1.29999e-38 3
-0.124773 0.301934 1.63123 1.41074e-38 3
-0.0524887 0.161032 0.869991 1.38297e-38 3
-0.0382196 0.160142 0.865185 1.38297e-38 3
-0.030898 0.204125 1.10281 1.38297e-38 3
-0.0154775 0.241547 1.30499 1.4107e-38 3
0.00565485 0.243577 1.31595 1.35531e-38 3
0.0269172 0.243577 1.31595 1.40141e-38 3
0.0466128 0.235656 1.27316 1.31847e-38 3
0.066642 0.233756 1.26289 1.43832e-38 3
0.0863506 0.231886 1.25279 1.45669e-38 3
0.104094 0.226451 1.22343 1.53967e-38 3
0.183164 0.226451 1.22343 1.42914e-38 3
0.202931 0.226451 1.22343 1.41077e-38 3
0.27409 0.278709 1.50575 1.44761e-38 3
0.287367 0.268386 1.44999 1.39226e-38 3
0.316659 0.27345 1.47734 1.36467e-38 3
0.334223 0.268386 1.44999 1.23571e-38 3
0.338827 0.25426 1.37367 1.30954e-38 3
0.354798 0.249877 1.34999 1.30028e-38 3
0.37661 0.249877 1.34999 1.20812e-38 3
0.398422 0.249877 1.34999 1.21727e-38 3
0.399567 0.237588 1.28359 1.1711e-38 3
0.420307 0.237588 1.28359 1.18014e-38 3
0.484754 0.261132 1.4108 1.18014e-38 3
0.507548 0.261132 1.4108 1.23546e-38 3
0.530343 0.261132 1.4108 1.21691e-38 3
0.495148 0.233756 1.26289 1.2078e-38 3
0.532738 0.241547 1.30499 1.27233e-38 3
0.582972 0.25426 1.37367 1.43814e-38 3
0.615973 0.258801 1.3982 1.53949e-38 3
0.650175 0.263506 1.42362 1.42874e-38 3
0.673177 0.263506 1.42362 1.35499e-38 3
0.66017 0.249877 1.34999 1.29045e-38 3
0.599317 0.219589 1.18635 1.28123e-38 3
0.623207 0.221265 1.19541 1.32744e-38 3
0.642522 0.221265 1.19541 1.28141e-38 3
0.677348 0.226451 1.22343 1.13397e-38 3
0.708181 0.230045 1.24284 1.18936e-38 3
0.746025 0.235656 1.27316 1.1156e-38 3
0.766596 0.235656 1.27316 1.09716e-38 3
0.787166 0.235656 1.27316 1.1433e-38 3
0.821088 0.239551 1.2942 1.09731e-38 3
0.849016 0.241547 1.30499 1.06961e-38 3
0.870101 0.241547 1.30499 9.58978e-39 3
0.876577 0.237588 1.28359 1.03266e-38 3
0.897316 0.237588 1.28359 9.22028e-39 3
1.01821 0.263506 1.42362 9.86494e-39 3
1.19305 0.301934 1.63123 9.31248e-39 3
2.28008 0.499753 2.69997 7.46856e-39 3
2.54126 0.475175 2.56719 7.28346e-39 3
2.54108 0.467511 2.52578 5.80869e-39 3
2.58189 0.467511 2.52578 5.80904e-39 3
2.58107 0.46009 2.48569 6.82248e-39 3
2.58027 0.452901 2.44685 6.73028e-39 3
-0.429326 0.105404 0.523741 4.79418e-39 5
-0.416683 0.104357 0.518538 1.24457e-38 5
-0.411027 0.105053 0.521995 1.73296e-38 5
-0.402593 0.105053 0.521995 1.80657e-38 5
-0.396804 0.105758 0.525498 1.96323e-38 5
-0.389621 0.106114 0.527267 1.80643e-38 5
-0.38499 0.107197 0.532648 2.05543e-38 5
-0.381576 0.108676 0.539995 2.31375e-38 5
-0.37544 0.10943 0.543745 2.30471e-38 5
-0.369219 0.110196 0.547547 2.28645e-38 5
-0.365483 0.111759 0.555314 2.28645e-38 5
-0.359057 0.112557 0.55928 2.28645e-38 5
-0.357686 0.115022 0.571527 2.28645e-38 5
-0.348451 0.115022 0.571527 2.28645e-38 5
-0.346811 0.117597 0.584322 2.28645e-38 5
-0.339907 0.118481 0.588716 2.28645e-38 5
-0.330395 0.118481 0.588716 2.28645e-38 5
-0.320882 0.118481 0.588716 2.28645e-38 5
-0.313729 0.119378 0.593176 2.28645e-38 5
-0.309134 0.138837 0.689861 1.15237e-38 5
-0.291082 0.146586 0.728365 2.2956e-38 5
-0.278021 0.145907 0.724993 1.41978e-38 3
-0.272617 0.149365 0.742173 1.42889e-38 3
-0.264385 0.151519 0.752877 1.5303e-38 3
-0.257166 0.15449 0.767639 1.52119e-38 3
-0.241215 0.152251 0.756514 1.40144e-38 3
-0.679865 0.477514 2.3727 1.41992e-38 3
-0.641529 0.477514 2.3727 1.47524e-38 3
-0.321383 0.271689 1.34999 1.17096e-38 3
-0.263259 0.238757 1.18635 9.77489e-39 3
-0.244091 0.238757 1.18635 1.19872e-38 3
-0.224923 0.238757 1.18635 1.19865e-38 3
-0.207325 0.24058 1.19541 1.20794e-38 3
-0.189456 0.24243 1.2046 1.18036e-38 3
-0.172649 0.246218 1.22343 1.36467e-38 3
-0.148249 0.238757 1.18635 1.28159e-38 3
-0.133114 0.246218 1.22343 1.34624e-38 3
-0.10668 0.231735 1.15146 1.30939e-38 3
-0.0867985 0.228376 1.13477 1.25411e-38 3
-0.0542987 0.181126 0.899991 1.1711e-38 3
-0.0494125 0.225114 1.11856 1.18954e-38 3
-0.0313394 0.225114 1.11856 1.37382e-38 3
-0.0153496 0.260462 1.2942 1.38304e-38 3
0.00556139 0.260462 1.2942 1.34616e-38 3
0.0264723 0.260462 1.2942 1.46602e-38 3
0.0466128 0.256227 1.27316 1.47524e-38 3
0.0661088 0.252127 1.25279 1.40148e-38 3
0.0849908 0.248157 1.23306 1.4568e-38 3
0.103287 0.244309 1.21394 1.48435e-38 3
0.121025 0.24058 1.19541 1.35535e-38 3
0.14034 0.24058 1.19541 1.53055e-38 3
0.159654 0.24058 1.19541 1.50279e-38 3
0.181744 0.244309 1.21394 1.49368e-38 3
0.199809 0.24243 1.2046 1.42003e-38 3
0.217598 0.24058 1.19541 1.55825e-38 3
0.236913 0.24058 1.19541 1.41992e-38 3
0.254287 0.238757 1.18635 1.40144e-38 3
0.273455 0.238757 1.18635 1.30939e-38 3
0.311502 0.254161 1.26289 1.34634e-38 3
0.307138 0.235193 1.16864 1.41095e-38 3
0.314293 0.226733 1.12661 1.37407e-38 3
0.372718 0.254161 1.26289 1.2911e-38 3
0.386883 0.250126 1.24284 1.30954e-38 3
0.413528 0.254161 1.26289 1.26326e-38 3
0.433933 0.254161 1.26289 1.28163e-38 3
0.507548 0.283927 1.4108 1.34609e-38 3
0.535165 0.286508 1.42362 1.29999e-38 3
0.495148 0.254161 1.26289 1.24475e-38 3
0.515553 0.254161 1.26289 1.26312e-38 3
0.553823 0.262633 1.30499 1.2446e-38 3
0.594733 0.271689 1.34999 1.36442e-38 3
0.616545 0.271689 1.34999 1.36435e-38 3
0.617079 0.262633 1.30499 1.51183e-38 3
0.546998 0.225114 1.11856 1.4103e-38 3
0.58169 0.231735 1.15146 1.43786e-38 3
0.613836 0.236962 1.17743 1.32736e-38 3
0.63286 0.236962 1.17743 1.37357e-38 3
0.666928 0.24243 1.2046 1.16163e-38 3
0.697116 0.246218 1.22343 1.2078e-38 3
0.740008 0.254161 1.26289 1.17092e-38 3
0.760413 0.254161 1.26289 1.1156e-38 3
0.787166 0.256227 1.27316 1.12486e-38 3
0.814358 0.258327 1.28359 1.10642e-38 3
0.841999 0.260462 1.2942 1.06032e-38 3
0.870101 0.262633 1.30499 1.0511e-38 3
0.862438 0.254161 1.26289 1.03259e-38 3
0.855255 0.246218 1.22343 1.12479e-38 3
1.01821 0.286508 1.42362 9.95713e-39 3
1.81692 0.450227 2.23712 7.10086e-39 3
1.88921 0.450227 2.23712 7.9299e-39 3
1.16185 0.271689 1.34999 6.731e-39 3
2.17328 0.456752 2.26954 7.65224e-39 3
2.54074 0.492436 2.44685 6.26894e-39 3
-0.430767 0.114249 0.525498 5.62502e-39 5
-0.418068 0.11311 0.520261 5.16225e-39 5
-0.412402 0.113867 0.523741 1.41024e-38 5
-0.402593 0.113487 0.521995 1.80646e-38 5
-0.395477 0.113867 0.523741 2.02759e-38 5
-0.388313 0.114249 0.525498 2.06439e-38 5
-0.382389 0.115021 0.529049 1.88933e-38 5
-0.378962 0.116596 0.536296 2.15691e-38 5
-0.372851 0.1174 0.539995 2.32308e-38 5
-0.366655 0.118216 0.543745 2.28645e-38 5
-0.361636 0.11946 0.549468 2.28645e-38 5
-0.355251 0.120304 0.553351 2.28645e-38 5
-0.351275 0.122029 0.561285 2.28645e-38 5
-0.343437 0.122468 0.563304 2.28645e-38 5
-0.342972 0.125632 0.577854 2.28645e-38 5
-0.336116 0.126566 0.58215 2.28645e-38 5
-0.329157 0.127514 0.586511 2.28645e-38 5
-0.319681 0.127514 0.586511 2.28645e-38 5
-0.312545 0.128476 0.590937 2.28645e-38 5
-0.27547 0.156175 0.718341 2.18489e-38 3
-0.270057 0.159841 0.735204 1.54867e-38 3
-0.264385 0.163683 0.752877 1.52105e-38 3
-0.255911 0.166079 0.763895 1.47509e-38 3
-0.229044 0.156175 0.718341 1.47517e-38 3
-0.302435 0.243187 1.11856 1.3646e-38 3
-0.292726 0.250339 1.15146 1.28163e-38 3
-0.280304 0.255986 1.17743 1.48453e-38 3
-0.265269 0.259894 1.19541 1.35563e-38 3
-0.245954 0.259894 1.19541 1.39251e-38 3
-0.226639 0.259894 1.19541 1.28181e-38 3
-0.205754 0.257925 1.18635 1.34642e-38 3
-0.185183 0.255986 1.17743 1.30954e-38 3
-0.169993 0.261893 1.2046 1.09734e-38 3
-0.146036 0.254076 1.16864 1.11582e-38 3
-0.125284 0.250339 1.15146 1.4385e-38 3
-0.100058 0.234801 1.07999 1.25426e-38 3
-0.0831819 0.236432 1.08749 1.1805e-38 3
-0.0576096 0.207598 0.954868 1.21727e-38 3
-0.0494125 0.243187 1.11856 1.374e-38 3
-0.0332388 0.257925 1.18635 1.38311e-38 3
-0.0147405 0.270207 1.24284 1.22634e-38 3
0.0055158 0.279067 1.28359 1.30017e-38 3
0.0260419 0.276798 1.27316 1.24486e-38 3
0.0466128 0.276798 1.27316 1.2817e-38 3
0.0661088 0.272369 1.25279 1.29092e-38 3
0.0849908 0.26808 1.23306 1.3646e-38 3
0.104914 0.26808 1.23306 1.41992e-38 3
0.123862 0.265985 1.22343 1.53055e-38 3
0.142516 0.263924 1.21394 1.47524e-38 3
0.160883 0.261893 1.2046 1.41985e-38 3
0.184606 0.26808 1.23306 1.42914e-38 3
0.201358 0.263924 1.21394 1.30007e-38 3
0.214326 0.255986 1.17743 1.42907e-38 3
0.231609 0.254076 1.16864 1.45673e-38 3
0.250491 0.254076 1.16864 1.53055e-38 3
0.261566 0.246711 1.13477 1.48456e-38 3
0.277887 0.244936 1.12661 1.33712e-38 3
0.289835 0.239762 1.10281 1.34631e-38 3
0.295181 0.230041 1.0581 1.35553e-38 3
0.306073 0.225471 1.03708 1.3924e-38 3
0.31654 0.221079 1.01687 1.33709e-38 3
0.337351 0.223988 1.03025 1.41084e-38 3
0.353998 0.223988 1.03025 1.36467e-38 3
0.370644 0.223988 1.03025 1.42914e-38 3
0.459907 0.265985 1.22343 1.29077e-38 3
0.487288 0.270207 1.24284 1.27248e-38 3
0.515553 0.274566 1.26289 1.29092e-38 3
0.535958 0.274566 1.26289 1.24475e-38 3
0.47909 0.236432 1.08749 1.21709e-38 3
0.493236 0.234801 1.07999 1.16174e-38 3
0.517828 0.238085 1.09509 1.28155e-38 3
0.539293 0.239762 1.10281 1.26304e-38 3
0.569136 0.244936 1.12661 1.2445e-38 3
0.600295 0.250339 1.15146 1.17085e-38 3
0.6189 0.250339 1.15146 1.27226e-38 3
0.651884 0.255986 1.17743 1.2078e-38 3
0.681151 0.259894 1.19541 1.18021e-38 3
0.722528 0.26808 1.23306 1.23546e-38 3
0.742451 0.26808 1.23306 1.21698e-38 3
0.780818 0.274566 1.26289 1.13401e-38 3
0.807737 0.276798 1.27316 1.13408e-38 3
0.835098 0.279067 1.28359 1.10642e-38 3
0.842034 0.274566 1.26289 1.13408e-38 3
0.835487 0.265985 1.22343 1.03259e-38 3
0.787573 0.244936 1.12661 1.14323e-38 3
0.788752 0.239762 1.10281 1.08784e-38 3
0.806571 0.239762 1.10281 9.68054e-39 3
1.27227 0.362193 1.66594 1.10653e-38 3
1.32743 0.370067 1.70216 1.00511e-38 3
1.32611 0.362193 1.66594 8.75966e-39 3
1.27184 0.340461 1.56598 1.00497e-38 3
1.20106 0.315242 1.44999 8.20578e-39 3
1.06649 0.274566 1.26289 7.65296e-39 3
1.08689 0.274566 1.26289 8.29833e-39 3
1.12545 0.279067 1.28359 9.03553e-39 3
1.39297 0.274566 1.26289 6.82248e-39 3
1.36921 0.265985 1.22343 6.45369e-39 3
-0.420864 0.122329 0.523741 3.77895e-39 5
-0.412402 0.122329 0.523741 9.21527e-39 5
-0.403939 0.122329 0.523741 1.78813e-38 5
-0.395477 0.122329 0.523741 2.09209e-38 5
-0.388313 0.122739 0.525498 2.13808e-38 5
-0.381102 0.123153 0.527267 2.1751e-38 5
-0.376384 0.124409 0.532648 2.14773e-38 5
-0.370297 0.125262 0.536296 1.99125e-38 5
-0.361632 0.125262 0.536296 2.26801e-38 5
-0.355401 0.126125 0.539995 2.29571e-38 5
-0.349084 0.127001 0.543745 2.2773e-38 5
-0.34631 0.129245 0.553351 2.2773e-38 5
-0.338566 0.129703 0.555314 2.28645e-38 5
-0.334336 0.13157 0.563304 2.28645e-38 5
-0.329982 0.13349 0.571527 2.2956e-38 5
-0.32671 0.135972 0.58215 2.21266e-38 5
-0.266307 0.169335 0.724993 1.47509e-38 3
-0.261867 0.174173 0.745707 1.49353e-38 3
-0.251013 0.175007 0.749275 1.44743e-38 3
-0.231165 0.169335 0.724993 1.38297e-38 3
-0.305815 0.235977 1.01031 1.39226e-38 3
-0.305246 0.248819 1.0653 1.40152e-38 3
-0.298175 0.25758 1.10281 1.41059e-38 3
-0.290589 0.266981 1.14305 1.47517e-38 3
-0.278212 0.272958 1.16864 1.2817e-38 3
-0.263259 0.277094 1.18635 1.34642e-38 3
-0.245954 0.279209 1.19541 1.49378e-38 3
-0.226639 0.279209 1.19541 1.34627e-38 3
-0.205754 0.277094 1.18635 1.42925e-38 3
-0.185183 0.27501 1.17743 1.30943e-38 3
-0.164919 0.272958 1.16864 1.36475e-38 3
-0.135895 0.254003 1.08749 1.52159e-38 3
-0.118324 0.254003 1.08749 1.52159e-38 3
-0.0912479 0.23004 0.984896 1.33727e-38 3
-0.0753346 0.23004 0.984896 1.32808e-38 3
-0.0576096 0.223027 0.954868 1.34645e-38 3
-0.0487165 0.25758 1.10281 1.39244e-38 3
-0.0322612 0.268944 1.15146 1.50304e-38 3
-0.0147405 0.290289 1.24284 1.35553e-38 3
0.00547096 0.297369 1.27316 1.38311e-38 3
0.0258319 0.294971 1.26289 1.41077e-38 3
0.045867 0.292611 1.25279 1.37393e-38 3
0.0650677 0.288003 1.23306 1.52144e-38 3
0.0836731 0.283538 1.21394 1.5491e-38 3
0.103287 0.283538 1.21394 1.39237e-38 3
0.121956 0.281357 1.2046 1.43836e-38 3
0.142516 0.283538 1.21394 1.46598e-38 3
0.16213 0.283538 1.21394 1.46598e-38 3
0.184606 0.288003 1.23306 1.43847e-38 3
0.199809 0.281357 1.2046 1.53981e-38 3
0.212727 0.272958 1.16864 1.43829e-38 3
0.228203 0.268944 1.15146 1.41059e-38 3
0.243231 0.265046 1.13477 1.42907e-38 3
0.254198 0.25758 1.10281 1.4568e-38 3
0.266388 0.252251 1.07999 1.40148e-38 3
0.279976 0.248819 1.0653 1.38311e-38 3
0.291245 0.243842 1.04399 1.35535e-38 3
0.306073 0.242228 1.03708 1.4568e-38 3
0.31654 0.237509 1.01687 1.42907e-38 3
0.337351 0.240634 1.03025 1.55825e-38 3
0.353998 0.240634 1.03025 1.4568e-38 3
0.370644 0.240634 1.03025 1.33702e-38 3
0.392454 0.243842 1.04399 1.26326e-38 3
0.479674 0.285753 1.22343 1.26326e-38 3
0.420583 0.240634 1.03025 1.33709e-38 3
0.437229 0.240634 1.03025 1.3372e-38 3
0.456881 0.242228 1.03708 1.26326e-38 3
0.473637 0.242228 1.03708 1.30007e-38 3
0.487167 0.240634 1.03025 1.20783e-38 3
0.510531 0.243842 1.04399 1.16177e-38 3
0.549374 0.254003 1.08749 1.18947e-38 3
0.591595 0.265046 1.13477 1.18018e-38 3
0.614382 0.266981 1.14305 1.14326e-38 3
0.642227 0.270936 1.15999 1.22627e-38 3
0.681151 0.279209 1.19541 1.19869e-38 3
0.728262 0.290289 1.24284 1.18936e-38 3
0.742451 0.288003 1.23306 1.08802e-38 3
0.780818 0.294971 1.26289 1.01422e-38 3
0.807737 0.297369 1.27316 1.06965e-38 3
0.835098 0.299806 1.28359 1.06961e-38 3
0.828668 0.290289 1.24284 1.10642e-38 3
0.804078 0.27501 1.17743 1.06954e-38 3
0.781947 0.26126 1.11856 1.1156e-38 3
0.772433 0.252251 1.07999 1.06029e-38 3
0.789883 0.252251 1.07999 1.02341e-38 3
0.836166 0.26126 1.11856 1.11557e-38 3
0.934324 0.285753 1.22343 9.49615e-39 3
1.11022 0.332512 1.42362 9.49687e-39 3
1.13322 0.332512 1.42362 9.95785e-39 3
1.07783 0.309969 1.32711 9.86565e-39 3
1.02948 0.290289 1.24284 9.31212e-39 3
1.01727 0.281357 1.2046 9.22028e-39 3
1.00578 0.272958 1.16864 8.7593e-39 3
0.980751 0.26126 1.11856 8.7593e-39 3
2.1591 0.457205 1.95748 7.46784e-39 3
1.41337 0.294971 1.26289 6.54589e-39 3
1.74303 0.358592 1.53528 5.99272e-39 3
1.76783 0.358592 1.53528 5.25515e-39 3
-0.448283 0.133927 0.536296 8.85115e-39 3
-0.433677 0.132117 0.529049 6.17747e-39 3
-0.422276 0.13123 0.525498 4.42504e-39 3
-0.413786 0.13123 0.525498 1.19826e-38 5
-0.403939 0.130791 0.523741 2.32279e-38 5
-0.396804 0.13123 0.525498 2.20265e-38 5
-0.388313 0.13123 0.525498 2.35016e-38 5
-0.379823 0.13123 0.525498 2.23045e-38 5
-0.376384 0.133016 0.532648 1.17967e-38 5
-0.369033 0.13347 0.534466 6.91288e-39 5
-0.360398 0.13347 0.534466 7.09906e-39 5
-0.352967 0.133927 0.536296 2.06518e-38 5
-0.346676 0.13485 0.539995 2.28645e-38 5
-0.341484 0.13626 0.545639 2.28645e-38 5
-0.333831 0.136736 0.547547 2.33248e-38 5
-0.328429 0.138186 0.553351 2.26794e-38 5
-0.321762 0.139169 0.55729 1.23528e-38 5
-0.324299 0.144305 0.577854 1.2445e-38 5
-0.262659 0.178569 0.715061 1.21695e-38 3
-0.255777 0.181891 0.728365 1.04177e-38 3
-0.24065 0.179388 0.718341 1.30914e-38 3
-0.231165 0.181049 0.724993 1.35531e-38 3
-0.298122 0.245953 0.984896 1.37375e-38 3
-0.299141 0.260711 1.04399 1.35531e-38 3
-0.298175 0.275399 1.10281 1.4658e-38 3
-0.290589 0.28545 1.14305 1.41056e-38 3
-0.278212 0.29184 1.16864 1.38304e-38 3
-0.25933 0.29184 1.16864 1.2817e-38 3
-0.242256 0.294035 1.17743 1.3646e-38 3
-0.221565 0.29184 1.16864 1.26319e-38 3
-0.201182 0.289678 1.15999 1.48453e-38 3
-0.181098 0.287548 1.15146 1.65977e-38 3
-0.144439 0.255599 1.02352 1.65055e-38 3
-0.120796 0.241399 0.966657 1.56758e-38 3
-0.101421 0.232777 0.932133 1.4846e-38 3
-0.0895582 0.241399 0.966657 1.52148e-38 3
-0.0753346 0.245953 0.984896 1.44776e-38 3
-0.0576096 0.238455 0.954868 1.5491e-38 3
-0.0487165 0.275399 1.10281 1.42925e-38 3
-0.030898 0.275399 1.10281 1.31858e-38 3
-0.0136566 0.287548 1.15146 1.42928e-38 3
0.00502185 0.29184 1.16864 1.43847e-38 3
0.0242663 0.296262 1.18635 1.51219e-38 3
0.0437662 0.298524 1.19541 1.41077e-38 3
0.0635662 0.30082 1.2046 1.45691e-38 3
0.0823956 0.298524 1.19541 1.42925e-38 3
0.103287 0.303152 1.21394 1.42003e-38 3
0.121956 0.30082 1.2046 1.2356e-38 3
0.141419 0.30082 1.2046 1.31847e-38 3
0.159654 0.298524 1.19541 1.42914e-38 3
0.178969 0.298524 1.19541 1.44765e-38 3
0.196782 0.296262 1.18635 1.44765e-38 3
0.209599 0.287548 1.15146 1.65034e-38 3
0.224896 0.283381 1.13477 1.56736e-38 3
0.239756 0.279333 1.11856 1.43829e-38 3
0.247233 0.267853 1.07259 1.38297e-38 3
0.259237 0.26246 1.051 1.3185e-38 3
0.274377 0.260711 1.04399 1.28159e-38 3
0.289316 0.258984 1.03708 1.27237e-38 3
0.306073 0.258984 1.03708 1.35531e-38 3
0.310492 0.249087 0.997442 1.42907e-38 3
0.326608 0.249087 0.997442 1.44751e-38 3
0.347146 0.252301 1.01031 1.39219e-38 3
0.36347 0.252301 1.01031 1.33694e-38 3
0.379794 0.252301 1.01031 1.32772e-38 3
0.396118 0.252301 1.01031 1.25393e-38 3
0.409798 0.250683 1.00384 1.27248e-38 3
0.428766 0.252301 1.01031 1.26333e-38 3
0.44509 0.252301 1.01031 1.24482e-38 3
0.464411 0.253939 1.01687 1.35545e-38 3
0.477738 0.252301 1.01031 1.16184e-38 3
0.500521 0.255599 1.02352 1.16188e-38 3
0.52046 0.25728 1.03025 1.18954e-38 3
0.54792 0.26246 1.051 1.21713e-38 3
0.605542 0.281342 1.12661 1.15266e-38 3
0.623745 0.281342 1.12661 1.14344e-38 3
0.656109 0.287548 1.15146 1.09745e-38 3
0.711326 0.303152 1.21394 1.14341e-38 3
0.73094 0.303152 1.21394 1.19865e-38 3
0.774572 0.312853 1.25279 1.06043e-38 3
0.807737 0.31794 1.27316 9.77453e-39 3
0.835098 0.320546 1.28359 1.06039e-38 3
0.822143 0.307926 1.23306 9.86637e-39 3
0.798077 0.29184 1.16864 1.06032e-38 3
0.749812 0.267853 1.07259 9.58906e-39 3
0.767143 0.267853 1.07259 1.0511e-38 3
0.784473 0.267853 1.07259 9.31247e-39 3
0.836166 0.279333 1.11856 9.58906e-39 3
0.86662 0.283381 1.13477 1.005e-38 3
0.884955 0.283381 1.13477 9.58871e-39 3
0.958877 0.30082 1.2046 9.22028e-39 3
0.993626 0.30552 1.22343 8.39017e-39 3
1.01339 0.30552 1.22343 9.40432e-39 3
1.00185 0.296262 1.18635 1.02337e-38 3
0.962677 0.279333 1.11856 9.21957e-39 3
0.953507 0.271574 1.08749 7.09906e-39 3
1.0133 0.283381 1.13477 7.37565e-39 3
1.09512 0.30082 1.2046 7.92882e-39 3
1.50933 0.40736 1.63123 8.20541e-39 3
1.99157 0.444393 1.77953 6.2693e-39 3
1.74303 0.383398 1.53528 6.08491e-39 3
1.76783 0.383398 1.53528 6.26931e-39 3
1.90468 0.40736 1.63123 5.53174e-39 3
-0.468172 0.146094 0.549468 8.3898e-39 3
-0.446753 0.142105 0.534466 9.21957e-39 3
-0.433677 0.140665 0.529049 9.49615e-39 3
-0.422276 0.139721 0.525498 6.72993e-39 3
-0.413786 0.139721 0.525498 1.48414e-38 5
-0.403939 0.139254 0.523741 2.26748e-38 5
-0.396804 0.139721 0.525498 2.30396e-38 5
-0.388313 0.139721 0.525498 2.23006e-38 5
-0.379823 0.139721 0.525498 1.60341e-38 5
-0.376384 0.141622 0.532648 1.08755e-38 5
-0.367778 0.141622 0.532648 9.95641e-39 5
-0.359172 0.141622 0.532648 8.11322e-39 5
-0.351762 0.142105 0.534466 2.15734e-38 5
-0.344302 0.142592 0.536296 2.28638e-38 5
-0.339121 0.144072 0.541863 2.2956e-38 5
-0.331513 0.144572 0.543745 2.32315e-38 5
-0.327273 0.146609 0.551403 2.32311e-38 5
-0.259109 0.187553 0.705398 1.35528e-38 3
-0.251105 0.190122 0.715061 1.36453e-38 3
-0.24065 0.190995 0.718341 1.47517e-38 3
-0.231165 0.192763 0.724993 1.22617e-38 3
-0.300009 0.263524 0.991129 1.43825e-38 3
-0.29716 0.275741 1.03708 1.47502e-38 3
-0.29609 0.291167 1.09509 1.5025e-38 3
-0.292726 0.306153 1.15146 1.47488e-38 3
-0.276151 0.308421 1.15999 1.48421e-38 3
-0.25933 0.310723 1.16864 1.5303e-38 3
-0.240448 0.310723 1.16864 1.42896e-38 3
-0.221565 0.310723 1.16864 1.45662e-38 3
-0.201182 0.308421 1.15999 1.6687e-38 3
-0.173446 0.293217 1.10281 1.63193e-38 3
-0.145389 0.273926 1.03025 1.48449e-38 3
-0.116481 0.247838 0.932133 1.50297e-38 3
-0.0996412 0.24349 0.91578 1.42921e-38 3
-0.0863597 0.247838 0.932133 1.48446e-38 3
-0.0725951 0.252344 0.949081 1.55821e-38 3
-0.0565747 0.249322 0.937715 1.40148e-38 3
-0.0414236 0.249322 0.937715 1.40148e-38 3
-0.0262726 0.249322 0.937715 1.44765e-38 3
-0.011755 0.263524 0.991129 1.19879e-38 3
0.00442716 0.273926 1.03025 1.29099e-38 3
0.0235526 0.306153 1.15146 1.19879e-38 3
0.0427864 0.310723 1.16864 1.33712e-38 3
0.062603 0.31543 1.18635 1.47538e-38 3
0.0817714 0.31543 1.18635 1.4385e-38 3
0.0951718 0.297406 1.11856 1.34631e-38 3
0.113245 0.297406 1.11856 1.54907e-38 3
0.106887 0.242074 0.910456 1.47531e-38 3
0.149391 0.297406 1.11856 1.41999e-38 3
0.162812 0.289145 1.08749 1.46616e-38 3
0.170889 0.273926 1.03025 1.40162e-38 3
0.187536 0.273926 1.03025 1.26319e-38 3
0.221683 0.297406 1.11856 1.4291e-38 3
0.238056 0.295297 1.11063 1.39223e-38 3
0.243892 0.28133 1.0581 1.43829e-38 3
0.257509 0.277579 1.04399 1.39219e-38 3
0.274377 0.277579 1.04399 1.30003e-38 3
0.289316 0.275741 1.03708 1.3184e-38 3
0.302072 0.272136 1.02352 1.18936e-38 3
0.310492 0.265203 0.997442 1.37371e-38 3
0.324541 0.263524 0.991129 1.34602e-38 3
0.342724 0.265203 0.997442 1.36446e-38 3
0.35884 0.265203 0.997442 1.36453e-38 3
0.374956 0.265203 0.997442 1.38301e-38 3
0.386153 0.261867 0.984896 1.33684e-38 3
0.404611 0.263524 0.991129 1.31847e-38 3
0.420625 0.263524 0.991129 1.18954e-38 3
0.428503 0.258614 0.972661 1.21716e-38 3
0.43345 0.252344 0.949081 1.21716e-38 3
0.446081 0.250824 0.943364 1.20791e-38 3
0.47565 0.258614 0.972661 1.18947e-38 3
0.503885 0.265203 0.997442 1.06047e-38 3
0.52671 0.268625 1.01031 1.12493e-38 3
0.561136 0.277579 1.04399 1.01437e-38 3
0.578004 0.277579 1.04399 1.13422e-38 3
0.583208 0.272136 1.02352 1.05135e-38 3
0.599745 0.272136 1.02352 9.77418e-39 3
0.641437 0.283244 1.0653 1.14337e-38 3
0.756418 0.325288 1.22343 1.08805e-38 3
0.591379 0.247838 0.932133 1.03281e-38 3
0.599305 0.244922 0.921167 9.86709e-39 3
0.610597 0.24349 0.91578 9.95857e-39 3
0.632795 0.246372 0.926618 9.86637e-39 3
0.647767 0.246372 0.926618 1.00497e-38 3
0.727291 0.270369 1.01687 9.86565e-39 3
0.768678 0.279442 1.051 9.68126e-39 3
0.780422 0.277579 1.04399 8.8515e-39 3
0.79201 0.275741 1.03708 8.39052e-39 3
0.830774 0.283244 1.0653 8.02174e-39 3
0.877845 0.293217 1.10281 8.48236e-39 3
0.949136 0.310723 1.16864 8.75895e-39 3
0.997803 0.320283 1.2046 7.92919e-39 3
0.972387 0.306153 1.15146 7.55969e-39 3
0.962677 0.297406 1.11856 8.29761e-39 3
0.966937 0.293217 1.10281 9.31176e-39 3
1.0133 0.301716 1.13477 8.2976e-39 3
1.07853 0.31543 1.18635 8.66639e-39 3
1.18767 0.341285 1.28359 7.65223e-39 3
1.47426 0.416368 1.56598 7.74515e-39 3
-0.46982 0.155518 0.551403 9.68054e-39 3
-0.448283 0.151257 0.536296 8.57384e-39 3
-0.433677 0.149213 0.529049 9.68054e-39 3
-0.422276 0.148212 0.525498 9.31141e-39 3
-0.413786 0.148212 0.525498 1.01394e-38 5
-0.403939 0.147716 0.523741 1.80639e-38 5
-0.396804 0.148212 0.525498 2.01812e-38 5
-0.388313 0.148212 0.525498 2.05478e-38 5
-0.379823 0.148212 0.525498 1.66799e-38 5
-0.373841 0.149213 0.529049 1.20751e-38 5
-0.365293 0.149213 0.529049 1.13393e-38 5
-0.356745 0.149213 0.529049 1.00493e-38 5
-0.349377 0.149719 0.530842 1.17081e-38 5
-0.341959 0.150228 0.532648 2.17575e-38 5
-0.334491 0.150741 0.534466 2.29549e-38 5
-0.329226 0.1523 0.539995 2.31386e-38 5
-0.257947 0.198058 0.702235 1.46591e-38 3
-0.248833 0.199851 0.70859 1.41063e-38 3
-0.239552 0.201676 0.715061 1.37375e-38 3
-0.222909 0.197174 0.6991 1.38279e-38 3
-0.292601 0.272636 0.966657 1.41967e-38 3
-0.280445 0.276044 0.97874 1.45651e-38 3
-0.294034 0.306716 1.08749 1.46551e-38 3
-0.290589 0.322387 1.14305 1.44707e-38 3
-0.276151 0.327163 1.15999 1.4747e-38 3
-0.225651 0.286799 1.01687 1.50239e-38 3
-0.240448 0.329605 1.16864 1.57618e-38 3
-0.219924 0.327163 1.15999 1.65923e-38 3
-0.178681 0.290573 1.03025 1.5486e-38 3
-0.166414 0.298426 1.0581 1.50268e-38 3
-0.138119 0.276044 0.97874 1.51201e-38 3
-0.115792 0.261343 0.926618 1.52126e-38 3
-0.100227 0.259806 0.921167 1.43825e-38 3
-0.0853437 0.259806 0.921167 1.30921e-38 3
-0.0712988 0.262899 0.932133 1.41985e-38 3
-0.0559052 0.261343 0.926618 1.57658e-38 3
-0.0406926 0.259806 0.921167 1.48442e-38 3
-0.0259617 0.261343 0.926618 1.63193e-38 3
-0.0111885 0.266066 0.943364 1.60438e-38 3
0.0042058 0.276044 0.97874 1.35553e-38 3
0.0200197 0.276044 0.97874 1.43847e-38 3
0.0362872 0.279538 0.991129 1.52148e-38 3
0.0529718 0.283122 1.00384 1.65977e-38 3
0.0700898 0.286799 1.01687 1.53992e-38 3
0.0716347 0.237457 0.841927 1.41084e-38 3
0.0866354 0.24135 0.855729 1.41999e-38 3
0.101014 0.242676 0.860431 1.41999e-38 3
0.115551 0.244017 0.865185 1.41077e-38 3
0.137911 0.259806 0.921167 1.33705e-38 3
0.150146 0.255301 0.905193 1.31865e-38 3
0.165729 0.256785 0.910456 1.34613e-38 3
0.218561 0.311035 1.10281 1.43832e-38 3
0.239756 0.315479 1.11856 1.51208e-38 3
0.240641 0.294447 1.04399 1.51208e-38 3
0.25412 0.290573 1.03025 1.4936e-38 3
0.270767 0.290573 1.03025 1.38293e-38 3
0.285534 0.288673 1.02352 1.32762e-38 3
0.30011 0.286799 1.01687 1.34609e-38 3
0.308527 0.279538 0.991129 1.29992e-38 3
0.324541 0.279538 0.991129 1.25382e-38 3
0.342724 0.281319 0.997442 1.2446e-38 3
0.35884 0.281319 0.997442 1.34598e-38 3
0.374956 0.281319 0.997442 1.38297e-38 3
0.38374 0.276044 0.97874 1.30914e-38 3
0.399553 0.276044 0.97874 1.43825e-38 3
0.415367 0.276044 0.97874 1.24478e-38 3
0.415596 0.266066 0.943364 1.25408e-38 3
0.423191 0.261343 0.926618 1.30925e-38 3
0.435585 0.259806 0.921167 1.19858e-38 3
0.453134 0.261343 0.926618 1.21698e-38 3
0.476566 0.266066 0.943364 1.14337e-38 3
0.50086 0.270963 0.960726 1.17092e-38 3
0.550133 0.288673 1.02352 1.19869e-38 3
0.562991 0.286799 1.01687 1.09727e-38 3
0.571992 0.283122 1.00384 1.14344e-38 3
0.584465 0.281319 0.997442 1.0143e-38 3
0.58566 0.274329 0.972661 9.3132e-39 3
0.579769 0.264473 0.937715 1.06047e-38 3
0.581004 0.258287 0.91578 1.09734e-38 3
0.592337 0.256785 0.910456 1.06965e-38 3
0.596641 0.252383 0.894848 1.03274e-38 3
0.614611 0.253834 0.899991 1.06039e-38 3
0.63279 0.255301 0.905193 9.95857e-39 3
0.727291 0.286799 1.01687 9.86565e-39 3
0.768678 0.296423 1.051 1.03266e-38 3
0.780422 0.294447 1.04399 1.03266e-38 3
0.79729 0.294447 1.04399 9.03553e-39 3
0.830774 0.300456 1.0653 9.21993e-39 3
0.842256 0.298426 1.0581 8.85114e-39 3
0.853585 0.296423 1.051 7.09907e-39 3
0.953782 0.324758 1.15146 8.39017e-39 3
0.972387 0.324758 1.15146 7.3753e-39 3
0.962677 0.315479 1.11856 7.46785e-39 3
0.980751 0.315479 1.11856 6.82248e-39 3
1.0133 0.320051 1.13477 8.11321e-39 3
1.04681 0.324758 1.15146 7.46784e-39 3
1.0977 0.334599 1.18635 7.56076e-39 3
1.15177 0.345055 1.22343 8.29833e-39 3
-0.468172 0.16385 0.549468 8.482e-39 3
-0.451375 0.161025 0.539995 9.67983e-39 3
-0.423698 0.15723 0.527267 1.00493e-38 3
-0.415179 0.15723 0.527267 9.77059e-39 3
-0.405295 0.156702 0.525498 1.45619e-38 3
-0.396804 0.156702 0.525498 1.87997e-38 5
-0.387015 0.156178 0.523741 1.81536e-38 5
-0.378552 0.156178 0.523741 1.66824e-38 5
-0.371332 0.156702 0.525498 1.22609e-38 3
-0.362841 0.156702 0.525498 1.05099e-38 3
-0.351988 0.155658 0.521995 9.86457e-39 3
-0.343554 0.155658 0.521995 1.01412e-38 3
-0.339649 0.157761 0.529049 1.19836e-38 3
-0.257947 0.209405 0.702235 1.36439e-38 3
-0.248833 0.2113 0.70859 1.52112e-38 3
-0.237384 0.2113 0.70859 1.48428e-38 3
-0.223908 0.209405 0.702235 1.53027e-38 3
-0.272422 0.268375 0.899991 1.41038e-38 3
-0.239953 0.249718 0.837425 1.5209e-38 3
-0.181938 0.244488 0.819887 1.65905e-38 3
-0.142945 0.245775 0.824202 1.696e-38 3
-0.152033 0.288255 0.966657 1.62225e-38 3
-0.136414 0.288255 0.966657 1.55764e-38 3
-0.119322 0.284739 0.954868 1.50254e-38 3
-0.10082 0.276315 0.926618 1.42882e-38 3
-0.0858487 0.276315 0.926618 1.42889e-38 3
-0.0712988 0.27796 0.932133 1.42885e-38 3
-0.0555763 0.27469 0.921167 1.42896e-38 3
-0.0402195 0.271496 0.910456 1.73321e-38 3
-0.025658 0.273083 0.91578 1.67807e-38 3
-0.0109253 0.27469 0.921167 1.49378e-38 3
0.0039584 0.27469 0.921167 1.55821e-38 3
0.0195314 0.284739 0.954868 1.47527e-38 3
0.0345384 0.281309 0.943364 1.54907e-38 3
0.0439553 0.24839 0.83297 1.53063e-38 3
0.0571102 0.247075 0.828563 1.53988e-38 3
0.0704976 0.247075 0.828563 1.39233e-38 3
0.0847822 0.249718 0.837425 1.42914e-38 3
0.0988414 0.251061 0.841927 1.41066e-38 3
0.112445 0.251061 0.841927 1.33698e-38 3
0.126048 0.251061 0.841927 1.44769e-38 3
0.142721 0.256578 0.860431 1.42003e-38 3
0.154083 0.252418 0.846478 1.40155e-38 3
0.16776 0.252418 0.846478 1.26315e-38 3
0.176662 0.245775 0.824202 1.34624e-38 3
0.190985 0.247075 0.828563 1.29092e-38 3
0.205459 0.24839 0.83297 1.30925e-38 3
0.250954 0.284739 0.954868 1.36446e-38 3
0.273042 0.291858 0.97874 1.38301e-38 3
0.287062 0.290045 0.972661 1.31847e-38 3
0.295438 0.283014 0.949081 1.3184e-38 3
0.314585 0.286486 0.960726 1.32765e-38 3
0.330108 0.286486 0.960726 1.35524e-38 3
0.343524 0.284739 0.954868 1.36435e-38 3
0.358952 0.284739 0.954868 1.30914e-38 3
0.369869 0.281309 0.943364 1.29989e-38 3
0.385112 0.281309 0.943364 1.18007e-38 3
0.400354 0.281309 0.943364 1.2078e-38 3
0.401099 0.271496 0.910456 1.06032e-38 3
0.415809 0.271496 0.910456 1.14323e-38 3
0.428032 0.269926 0.905193 1.19858e-38 3
0.447834 0.273083 0.91578 1.14326e-38 3
0.465352 0.27469 0.921167 1.22624e-38 3
0.483078 0.276315 0.926618 1.24468e-38 3
0.498049 0.276315 0.926618 1.16167e-38 3
0.525458 0.283014 0.949081 1.23553e-38 3
0.540793 0.283014 0.949081 1.11568e-38 3
0.549467 0.279624 0.937715 1.14333e-38 3
0.557936 0.276315 0.926618 1.15255e-38 3
0.559662 0.269926 0.905193 1.18943e-38 3
0.574287 0.269926 0.905193 1.09724e-38 3
0.585528 0.268375 0.899991 1.03263e-38 3
0.589899 0.263826 0.884737 1.08798e-38 3
0.604194 0.263826 0.884737 1.11564e-38 3
0.629153 0.268375 0.899991 1.05114e-38 3
0.751697 0.313404 1.051 1.03259e-38 3
0.768678 0.313404 1.051 1.04188e-38 3
0.78566 0.313404 1.051 1.03266e-38 3
0.808064 0.315522 1.0581 9.03661e-39 3
0.819622 0.313404 1.051 9.58906e-39 3
0.836604 0.313404 1.051 9.31248e-39 3
0.836738 0.307219 1.03025 9.49651e-39 3
0.842301 0.303229 1.01687 8.66675e-39 3
0.831727 0.293693 0.984896 9.4036e-39 3
0.949119 0.328854 1.10281 8.02102e-39 3
0.966937 0.328854 1.10281 8.20541e-39 3
0.984756 0.328854 1.10281 7.28345e-39 3
1.0169 0.333552 1.11856 6.91467e-39 3
1.06541 0.343362 1.15146 7.37565e-39 3
1.10019 0.348487 1.16864 7.46856e-39 3
1.22915 0.382764 1.28359 7.00759e-39 3
-0.468172 0.172728 0.549468 8.66639e-39 3
-0.451375 0.16975 0.539995 8.94226e-39 3
-0.438118 0.168012 0.534466 9.95713e-39 3
-0.426571 0.166873 0.530842 1.05107e-38 3
-0.416581 0.166309 0.529049 9.58799e-39 3
-0.406659 0.165749 0.527267 1.05074e-38 3
-0.39814 0.165749 0.527267 1.17045e-38 3
-0.388313 0.165193 0.525498 1.16116e-38 3
-0.379823 0.165193 0.525498 1.17985e-38 3
-0.371332 0.165193 0.525498 1.04181e-38 3
-0.362841 0.165193 0.525498 1.04188e-38 3
-0.354351 0.165193 0.525498 1.05103e-38 3
-0.269294 0.220751 0.702235 1.39194e-38 3
-0.259109 0.221745 0.705398 1.45647e-38 3
-0.249964 0.223761 0.711811 1.48403e-38 3
-0.237384 0.222749 0.70859 1.52094e-38 3
-0.226962 0.223761 0.711811 1.44711e-38 3
-0.252135 0.261848 0.83297 1.45626e-38 3
-0.239953 0.263249 0.837425 1.58526e-38 3
-0.249064 0.289573 0.921167 1.74178e-38 3
-0.216362 0.267541 0.851078 1.6588e-38 3
-0.196213 0.259092 0.824202 1.54831e-38 3
-0.182896 0.259092 0.824202 1.67753e-38 3
-0.169579 0.259092 0.824202 1.54845e-38 3
-0.156262 0.259092 0.824202 1.53924e-38 3
-0.159762 0.289573 0.921167 1.64054e-38 3
-0.148369 0.296551 0.943364 1.61274e-38 3
-0.133127 0.296551 0.943364 1.64036e-38 3
-0.109937 0.276559 0.879766 1.89847e-38 3
-0.0990619 0.286206 0.910456 1.69575e-38 3
-0.0843513 0.286206 0.910456 1.70508e-38 3
-0.0700479 0.28788 0.91578 1.65902e-38 3
-0.0549301 0.286206 0.910456 1.54853e-38 3
-0.03953 0.2813 0.894848 1.59466e-38 3
-0.024649 0.276559 0.879766 1.58562e-38 3
-0.0104343 0.276559 0.879766 1.63186e-38 3
0.0038674 0.282917 0.899991 1.71473e-38 3
0.0181997 0.279702 0.889764 1.6041e-38 3
0.0298613 0.256393 0.815617 1.59502e-38 3
0.0425959 0.25375 0.807208 1.69647e-38 3
0.0565122 0.257736 0.819887 1.60428e-38 3
0.0697594 0.257736 0.819887 1.55814e-38 3
0.0843313 0.261848 0.83297 1.41066e-38 3
0.0983128 0.263249 0.837425 1.41988e-38 3
0.11066 0.260463 0.828563 1.63186e-38 3
0.122748 0.257736 0.819887 1.46605e-38 3
0.137435 0.260463 0.828563 1.43847e-38 3
0.149243 0.257736 0.819887 1.36467e-38 3
0.157541 0.249886 0.794916 1.43843e-38 3
0.169525 0.248624 0.790901 1.28173e-38 3
0.182303 0.248624 0.790901 1.39237e-38 3
0.196073 0.249886 0.794916 1.46598e-38 3
0.209982 0.251161 0.798972 1.39215e-38 3
0.256981 0.289573 0.921167 1.34613e-38 3
0.275101 0.293021 0.932133 1.11575e-38 3
0.290162 0.293021 0.932133 1.31847e-38 3
0.314585 0.302009 0.960726 1.37371e-38 3
0.330108 0.302009 0.960726 1.34598e-38 3
0.343524 0.300168 0.954868 1.3274e-38 3
0.358952 0.300168 0.954868 1.34591e-38 3
0.367655 0.294775 0.937715 1.36432e-38 3
0.380527 0.293021 0.932133 1.41041e-38 3
0.390934 0.289573 0.921167 1.37364e-38 3
0.394223 0.2813 0.894848 1.35528e-38 3
0.401793 0.276559 0.879766 1.15241e-38 3
0.411386 0.273486 0.869991 1.17081e-38 3
0.423092 0.271975 0.865185 1.14315e-38 3
0.437071 0.271975 0.865185 1.27223e-38 3
0.458652 0.276559 0.879766 1.29067e-38 3
0.483738 0.282917 0.899991 1.31833e-38 3
0.510003 0.289573 0.921167 1.17081e-38 3
0.534316 0.294775 0.937715 1.26308e-38 3
0.539771 0.289573 0.921167 1.1801e-38 3
0.554654 0.289573 0.921167 1.24464e-38 3
0.553266 0.2813 0.894848 1.34606e-38 3
0.567724 0.2813 0.894848 1.25386e-38 3
0.578875 0.279702 0.889764 1.1617e-38 3
0.580068 0.273486 0.869991 1.03263e-38 3
0.587595 0.270481 0.860431 1.04188e-38 3
0.601498 0.270481 0.860431 1.01422e-38 3
0.622238 0.273486 0.869991 1.03259e-38 3
0.636295 0.273486 0.869991 1.04192e-38 3
0.6806 0.286206 0.910456 1.07876e-38 3
0.802641 0.330386 1.051 8.76002e-39 3
0.814158 0.328183 1.04399 9.49794e-39 3
0.831026 0.328183 1.04399 9.3132e-39 3
0.836738 0.323865 1.03025 8.66675e-39 3
0.810715 0.307672 0.97874 8.48164e-39 3
0.811317 0.302009 0.960726 8.94262e-39 3
0.783575 0.286206 0.910456 8.02102e-39 3
1.0096 0.361967 1.15146 8.66639e-39 3
0.984756 0.346672 1.10281 9.40395e-39 3
0.769543 0.266095 0.846478 8.57419e-39 3
0.823935 0.270481 0.860431 7.83699e-39 3
-0.468172 0.181606 0.549468 9.58835e-39 3
-0.452937 0.179092 0.541863 9.40324e-39 3
-0.438118 0.176647 0.534466 8.66639e-39 3
-0.428021 0.176047 0.532648 1.03266e-38 3
-0.419415 0.176047 0.532648 1.06029e-38 3
-0.408033 0.174857 0.529049 1.18922e-38 3
-0.399485 0.174857 0.529049 1.17074e-38 3
-0.389621 0.174268 0.527267 1.07862e-38 3
-0.381102 0.174268 0.527267 1.06951e-38 3
-0.372582 0.174268 0.527267 1.06039e-38 3
-0.269294 0.232097 0.702235 1.40116e-38 3
-0.259109 0.233143 0.705398 1.567e-38 3
-0.248833 0.234198 0.70859 1.54853e-38 3
-0.236314 0.233143 0.705398 1.59455e-38 3
-0.225935 0.234198 0.70859 2.02776e-38 3
-0.230104 0.251251 0.760186 1.65895e-38 3
-0.238676 0.275307 0.83297 1.6865e-38 3
-0.230114 0.281292 0.851078 1.7878e-38 3
-0.216362 0.281292 0.851078 1.68628e-38 3
-0.196213 0.272409 0.824202 1.49289e-38 3
-0.184842 0.275307 0.83297 1.58537e-38 3
-0.173226 0.278267 0.841927 1.52069e-38 3
-0.164943 0.287543 0.869991 1.36406e-38 3
-0.150886 0.287543 0.869991 1.56679e-38 3
-0.144878 0.304457 0.921167 1.64036e-38 3
-0.131542 0.308082 0.932133 1.73231e-38 3
-0.115111 0.304457 0.921167 2.25771e-38 3
-0.0979233 0.297458 0.899991 1.87975e-38 3
-0.0819685 0.292416 0.884737 1.77848e-38 3
-0.0676734 0.292416 0.884737 1.69561e-38 3
-0.0530785 0.290774 0.879766 1.78805e-38 3
-0.0384319 0.287543 0.869991 1.6498e-38 3
-0.0235888 0.278267 0.841927 1.66831e-38 3
-0.00977525 0.272409 0.824202 1.64065e-38 3
0.00354172 0.272409 0.824202 1.81571e-38 3
0.0168587 0.272409 0.824202 1.85266e-38 3
0.0294019 0.265424 0.803069 1.78838e-38 3
0.0423774 0.265424 0.803069 1.63175e-38 3
0.0562178 0.269571 0.815617 1.54881e-38 3
0.0693961 0.269571 0.815617 1.52119e-38 3
0.0847822 0.276779 0.837425 1.31843e-38 3
0.0977899 0.275307 0.83297 1.49357e-38 3
0.108931 0.269571 0.815617 1.41974e-38 3
0.122109 0.269571 0.815617 1.4291e-38 3
0.134586 0.268175 0.811391 1.58591e-38 3
0.146182 0.265424 0.803069 1.39233e-38 3
0.155178 0.258789 0.782992 1.4384e-38 3
0.166994 0.257501 0.779097 1.53988e-38 3
0.179582 0.257501 0.779097 1.39237e-38 3
0.192171 0.257501 0.779097 1.42918e-38 3
0.204759 0.257501 0.779097 1.48442e-38 3
0.217347 0.257501 0.779097 1.41996e-38 3
0.228797 0.256226 0.77524 1.254e-38 3
0.241323 0.256226 0.77524 1.29081e-38 3
0.253849 0.256226 0.77524 1.32762e-38 3
0.295646 0.284383 0.860431 1.29981e-38 3
0.302892 0.278267 0.841927 1.39194e-38 3
0.316495 0.278267 0.841927 1.35506e-38 3
0.286908 0.241858 0.731768 1.43804e-38 3
0.29325 0.237421 0.718341 1.47491e-38 3
0.365158 0.284383 0.860431 1.43807e-38 3
0.376989 0.282829 0.855729 1.37364e-38 3
0.390815 0.282829 0.855729 1.29056e-38 3
0.404642 0.282829 0.855729 1.28134e-38 3
0.413944 0.279771 0.846478 1.37357e-38 3
0.427621 0.279771 0.846478 1.28138e-38 3
0.448572 0.284383 0.860431 1.29052e-38 3
0.46503 0.285954 0.865185 1.26283e-38 3
0.466132 0.278267 0.841927 1.25372e-38 3
0.474632 0.275307 0.83297 1.32747e-38 3
0.527362 0.297458 0.899991 1.14315e-38 3
0.541904 0.297458 0.899991 1.23535e-38 3
0.547014 0.292416 0.884737 1.18925e-38 3
0.561309 0.292416 0.884737 1.25379e-38 3
0.57237 0.290774 0.879766 1.13397e-38 3
0.576863 0.285954 0.865185 1.11557e-38 3
0.568842 0.275307 0.83297 1.01415e-38 3
0.591744 0.279771 0.846478 1.10635e-38 3
0.598946 0.276779 0.837425 1.00493e-38 3
0.612476 0.276779 0.837425 1.03266e-38 3
0.57104 0.252477 0.763895 1.06954e-38 3
0.574969 0.248835 0.752877 1.05117e-38 3
0.663716 0.281292 0.851078 9.95892e-39 3
0.574442 0.238515 0.721652 9.40575e-39 3
0.57811 0.235262 0.711811 1.07876e-38 3
0.763026 0.304457 0.921167 9.68054e-39 3
0.796654 0.311793 0.943364 9.03482e-39 3
0.833423 0.278267 0.841927 7.28382e-39 3
0.824853 0.270983 0.819887 8.11358e-39 3
0.833735 0.269571 0.815617 7.6526e-39 3
0.846913 0.269571 0.815617 7.7448e-39 3
-0.474836 0.193196 0.55729 9.86349e-39 3
-0.46254 0.19183 0.553351 9.86421e-39 3
-0.447277 0.189157 0.545639 1.04181e-38 3
-0.433925 0.1872 0.539995 9.77274e-39 3
-0.422288 0.185918 0.536296 9.95749e-39 3
-0.412211 0.185283 0.534466 1.01415e-38 3
-0.390937 0.183405 0.529049 1.06032e-38 3
-0.383685 0.184027 0.530842 1.09727e-38 3
-0.307778 0.238105 0.686835 1.33669e-38 3
-0.300636 0.24128 0.695993 1.51179e-38 3
-0.268091 0.242357 0.6991 1.567e-38 3
-0.257947 0.243444 0.702235 1.41023e-38 3
-0.246601 0.243444 0.702235 1.53005e-38 3
-0.232132 0.240212 0.692913 1.54845e-38 3
-0.219963 0.239154 0.689861 1.46537e-38 3
-0.215461 0.246763 0.711811 1.65887e-38 3
-0.187745 0.227146 0.655223 1.64955e-38 3
-0.178654 0.229063 0.660753 1.6955e-38 3
-0.168689 0.230034 0.663553 1.58483e-38 3
-0.157301 0.229063 0.660753 1.55731e-38 3
-0.179125 0.279835 0.807208 1.65898e-38 3
-0.166082 0.279835 0.807208 1.57622e-38 3
-0.154634 0.28275 0.815617 1.67774e-38 3
-0.141456 0.28275 0.815617 1.74207e-38 3
-0.13683 0.3016 0.869991 1.85238e-38 3
-0.128483 0.315628 0.910456 1.80606e-38 3
-0.0946591 0.3016 0.869991 1.87964e-38 3
-0.0780023 0.291871 0.841927 1.77826e-38 3
-0.0637138 0.288766 0.83297 1.78762e-38 3
-0.047717 0.274181 0.790901 1.91695e-38 3
-0.0349381 0.274181 0.790901 1.90773e-38 3
-0.0219376 0.27144 0.782992 1.83383e-38 3
-0.00855897 0.250175 0.721652 2.03677e-38 3
0.00333133 0.268752 0.77524 1.80617e-38 3
0.0158572 0.268752 0.77524 1.96305e-38 3
0.0286669 0.27144 0.782992 1.6498e-38 3
0.0417354 0.274181 0.790901 1.6776e-38 3
0.0550705 0.276979 0.798972 1.66856e-38 3
0.0686807 0.279835 0.807208 1.64094e-38 3
0.0838851 0.287238 0.828563 1.57651e-38 3
0.0967605 0.285726 0.824202 1.51208e-38 3
0.107808 0.279835 0.807208 1.41981e-38 3
0.12085 0.279835 0.807208 1.53048e-38 3
0.132526 0.276979 0.798972 1.4384e-38 3
0.143967 0.274181 0.790901 1.41996e-38 3
0.154406 0.270089 0.779097 1.42003e-38 3
0.166994 0.270089 0.779097 1.29095e-38 3
0.178693 0.268752 0.77524 1.31861e-38 3
0.191219 0.268752 0.77524 1.46613e-38 3
0.202742 0.267428 0.771421 1.46598e-38 3
0.212072 0.263534 0.760186 1.5674e-38 3
0.221134 0.259751 0.749275 1.46595e-38 3
0.23324 0.259751 0.749275 1.44751e-38 3
0.244178 0.258514 0.745707 1.44747e-38 3
0.250268 0.252502 0.728365 1.27212e-38 3
0.260823 0.251333 0.724993 1.34581e-38 3
0.272537 0.251333 0.724993 1.309e-38 3
0.282942 0.250175 0.721652 1.34581e-38 3
0.29325 0.249027 0.718341 1.29038e-38 3
0.304857 0.249027 0.718341 1.39194e-38 3
0.37494 0.295043 0.851078 1.33677e-38 3
0.388691 0.295043 0.851078 1.3551e-38 3
0.402443 0.295043 0.851078 1.24457e-38 3
0.407339 0.288766 0.83297 1.28145e-38 3
0.418571 0.287238 0.828563 1.35506e-38 3
0.438925 0.291871 0.841927 1.29981e-38 3
0.454975 0.293448 0.846478 1.32747e-38 3
0.458733 0.287238 0.828563 1.34591e-38 3
0.474632 0.288766 0.83297 1.30903e-38 3
0.509783 0.3016 0.869991 1.27208e-38 3
0.529726 0.304988 0.879766 1.17067e-38 3
0.504278 0.28275 0.815617 1.14308e-38 3
0.555037 0.303285 0.874851 1.16152e-38 3
0.569173 0.303285 0.874851 1.04181e-38 3
0.580068 0.3016 0.869991 1.08791e-38 3
0.559908 0.28423 0.819887 1.09713e-38 3
0.576172 0.285726 0.824202 1.14323e-38 3
0.589489 0.285726 0.824202 1.08791e-38 3
0.564202 0.267428 0.771421 1.05103e-38 3
0.547025 0.253682 0.731768 1.00493e-38 3
0.553674 0.251333 0.724993 9.49615e-39 3
0.557643 0.24789 0.715061 1.08794e-38 3
0.569196 0.24789 0.715061 1.03259e-38 3
0.57811 0.246763 0.711811 9.68054e-39 3
0.697389 0.291871 0.841927 1.06947e-38 3
0.796654 0.327036 0.943364 9.21957e-39 3
0.731797 0.274181 0.790901 6.63845e-39 3
0.748355 0.275573 0.794916 7.7448e-39 3
0.753549 0.272804 0.786927 7.28382e-39 3
0.770133 0.274181 0.790901 8.02102e-39 3
0.794957 0.2784 0.803069 7.56004e-39 3
0.803811 0.276979 0.798972 6.91504e-39 3
0.812574 0.275573 0.794916 6.73028e-39 3
0.821249 0.274181 0.790901 6.82392e-39 3
-0.455208 0.201483 0.555314 9.68054e-39 3
-0.444658 0.200771 0.553351 9.12737e-39 3
-0.429645 0.197973 0.545639 9.58871e-39 3
-0.419368 0.197285 0.543745 1.04185e-38 3
-0.40775 0.195925 0.539995 1.06951e-38 3
-0.393597 0.193259 0.532648 1.005e-38 3
-0.38499 0.193259 0.532648 1.06032e-38 3
-0.316103 0.247035 0.680863 1.25372e-38 3
-0.307778 0.249202 0.686835 1.17996e-38 3
-0.299306 0.251408 0.692913 1.26294e-38 3
-0.268091 0.253653 0.6991 1.31811e-38 3
-0.256796 0.253653 0.6991 1.39183e-38 3
-0.2455 0.253653 0.6991 1.3457e-38 3
-0.229091 0.248114 0.683836 1.4102e-38 3
-0.216154 0.245966 0.677915 1.72363e-38 3
-0.20257 0.242813 0.669224 1.6682e-38 3
-0.184655 0.23382 0.644438 1.77862e-38 3
-0.175688 0.23576 0.649786 2.0274e-38 3
-0.166572 0.237733 0.655223 2.02726e-38 3
-0.155985 0.237733 0.655223 1.76926e-38 3
-0.146625 0.239739 0.660753 1.70508e-38 3
-0.135949 0.239739 0.660753 1.62225e-38 3
-0.125804 0.240755 0.663553 1.54849e-38 3
-0.113165 0.236742 0.652493 1.70519e-38 3
-0.0997139 0.230033 0.634002 1.84323e-38 3
-0.0883964 0.227273 0.626394 1.6955e-38 3
-0.0782755 0.227273 0.626394 1.65844e-38 3
-0.0681546 0.227273 0.626394 1.89804e-38 3
-0.0594607 0.232861 0.641797 1.75975e-38 3
-0.0507551 0.240755 0.663553 1.6861e-38 3
-0.0429453 0.258264 0.711811 1.6772e-38 3
-0.0304747 0.2503 0.689861 1.69561e-38 3
-0.0189936 0.245966 0.677915 1.70465e-38 3
-0.00804025 0.245966 0.677915 1.77844e-38 3
0.00300414 0.253653 0.6991 1.70475e-38 3
0.0136304 0.241779 0.666376 1.90766e-38 3
0.0237899 0.23576 0.649786 1.85241e-38 3
0.0372234 0.255938 0.705398 1.7511e-38 3
0.0490629 0.258264 0.711811 1.72366e-38 3
0.0646799 0.275816 0.760186 1.65001e-38 3
0.0808892 0.289889 0.798972 1.64094e-38 3
0.0933223 0.288417 0.794916 1.51201e-38 3
0.104574 0.284091 0.782992 1.55811e-38 3
0.117225 0.284091 0.782992 1.62264e-38 3
0.12859 0.281278 0.77524 1.63186e-38 3
0.141818 0.282677 0.779097 1.56736e-38 3
0.153642 0.281278 0.77524 1.49371e-38 3
0.166168 0.281278 0.77524 1.46605e-38 3
0.176942 0.27852 0.767639 1.37386e-38 3
0.188421 0.277162 0.763895 1.18947e-38 3
0.199789 0.275816 0.760186 1.28159e-38 3
0.20607 0.26801 0.738672 1.38301e-38 3
0.215967 0.265505 0.731768 1.36453e-38 3
0.227791 0.265505 0.731768 1.28156e-38 3
0.2385 0.264271 0.728365 1.35528e-38 3
0.247962 0.261835 0.721652 1.34588e-38 3
0.259622 0.261835 0.721652 1.28127e-38 3
0.271282 0.261835 0.721652 1.25368e-38 3
0.282942 0.261835 0.721652 1.2813e-38 3
0.29325 0.260634 0.718341 1.27205e-38 3
0.303465 0.259444 0.715061 1.39194e-38 3
0.315018 0.259444 0.715061 1.37361e-38 3
0.376417 0.299043 0.824202 1.38286e-38 3
0.389734 0.299043 0.824202 1.36442e-38 3
0.403051 0.299043 0.824202 1.28145e-38 3
0.412031 0.295928 0.815617 1.26294e-38 3
0.431958 0.300625 0.828563 1.34584e-38 3
0.450109 0.30384 0.837425 1.30896e-38 3
0.451565 0.295928 0.815617 1.36428e-38 3
0.452948 0.288417 0.794916 1.33666e-38 3
0.468169 0.289889 0.798972 1.34588e-38 3
0.481078 0.289889 0.798972 1.34591e-38 3
0.493987 0.289889 0.798972 1.24457e-38 3
0.548904 0.313913 0.865185 1.23535e-38 3
0.562884 0.313913 0.865185 1.1801e-38 3
0.580068 0.315656 0.869991 1.06947e-38 3
0.556992 0.295928 0.815617 1.01415e-38 3
0.57017 0.295928 0.815617 1.13401e-38 3
0.589489 0.299043 0.824202 1.06947e-38 3
0.548005 0.271857 0.749275 1.03259e-38 3
0.547025 0.265505 0.731768 1.06947e-38 3
0.548594 0.260634 0.718341 9.86493e-39 3
0.552596 0.257096 0.70859 8.94297e-39 3
0.564045 0.257096 0.70859 1.03259e-38 3
0.575494 0.257096 0.70859 1.04181e-38 3
0.592303 0.259444 0.715061 9.77274e-39 3
0.609422 0.261835 0.721652 1.06018e-38 3
0.663916 0.279892 0.771421 9.86458e-39 3
0.679728 0.281278 0.77524 9.03517e-39 3
0.708286 0.282677 0.779097 8.66639e-39 3
0.720874 0.282677 0.779097 8.02102e-39 3
0.740834 0.285518 0.786927 7.56004e-39 3
0.749781 0.284091 0.782992 7.37565e-39 3
0.770133 0.28696 0.790901 7.00687e-39 3
0.786887 0.288417 0.794916 7.37565e-39 3
0.79973 0.288417 0.794916 7.37601e-39 3
0.812574 0.288417 0.794916 7.83663e-39 3
-0.461757 0.213483 0.563304 9.31176e-39 3
-0.444658 0.209712 0.553351 9.40395e-39 3
-0.434183 0.208973 0.551403 9.9582e-39 3
-0.425274 0.208973 0.551403 9.12772e-39 3
-0.412013 0.206789 0.545639 9.95784e-39 3
-0.39494 0.202554 0.534466 1.06032e-38 3
-0.386304 0.202554 0.534466 9.21956e-39 3
-0.347594 0.256919 0.677915 1.10638e-38 3
-0.33519 0.255812 0.674993 1.24464e-38 3
-0.325688 0.256919 0.677915 1.19854e-38 3
-0.316103 0.258036 0.680863 1.1155e-38 3
-0.306434 0.259163 0.683836 1.37357e-38 3
-0.297987 0.261447 0.689861 1.32758e-38 3
-0.257947 0.266136 0.702235 1.24442e-38 3
-0.247712 0.267335 0.705398 1.3274e-38 3
-0.228095 0.258036 0.680863 1.49325e-38 3
-0.216154 0.256919 0.677915 1.44715e-38 3
-0.20257 0.253626 0.669224 1.49317e-38 3
-0.186187 0.246259 0.649786 1.73259e-38 3
-0.175688 0.246259 0.649786 1.9445e-38 3
-0.165878 0.247285 0.652493 1.85209e-38 3
-0.155335 0.247285 0.652493 1.83372e-38 3
-0.146009 0.249363 0.657977 1.59441e-38 3
-0.135378 0.249363 0.657977 1.62221e-38 3
-0.124747 0.249363 0.657977 1.50236e-38 3
-0.11223 0.245241 0.647101 1.70508e-38 3
-0.0997139 0.240277 0.634002 1.74181e-38 3
-0.0883964 0.237394 0.626394 1.631e-38 3
-0.0782755 0.237394 0.626394 1.94436e-38 3
-0.0681546 0.237394 0.626394 1.9535e-38 3
-0.059218 0.242238 0.639177 1.99035e-38 3
-0.050118 0.24832 0.655223 1.89822e-38 3
-0.040376 0.253626 0.669224 1.91702e-38 3
-0.0298179 0.255812 0.674993 1.67721e-38 3
-0.0189117 0.255812 0.674993 1.88911e-38 3
-0.0080752 0.258036 0.680863 1.81532e-38 3
0.00295144 0.2603 0.686835 1.72316e-38 3
0.0136304 0.252546 0.666376 1.72327e-38 3
0.0233064 0.241254 0.636579 1.66795e-38 3
0.0334559 0.240277 0.634002 1.74171e-38 3
0.0435235 0.239308 0.631445 1.73263e-38 3
0.053726 0.239308 0.631445 1.75128e-38 3
0.0631645 0.236448 0.623898 1.67774e-38 3
0.0729544 0.235509 0.621422 1.54881e-38 3
0.116064 0.293804 0.77524 1.45669e-38 3
0.127957 0.292357 0.771421 1.46584e-38 3
0.141818 0.295266 0.779097 1.56725e-38 3
0.153642 0.293804 0.77524 1.65037e-38 3
0.166168 0.293804 0.77524 1.46595e-38 3
0.176942 0.290923 0.767639 1.52126e-38 3
0.188421 0.289504 0.763895 1.51212e-38 3
0.198824 0.286707 0.756514 1.26315e-38 3
0.202253 0.274761 0.724993 1.37379e-38 3
0.213967 0.274761 0.724993 1.32762e-38 3
0.224641 0.273495 0.721652 1.34609e-38 3
0.236301 0.273495 0.721652 1.30911e-38 3
0.246824 0.27224 0.718341 1.43804e-38 3
0.257251 0.270997 0.715061 1.54864e-38 3
0.271282 0.273495 0.721652 1.30911e-38 3
0.282942 0.273495 0.721652 1.4013e-38 3
0.29325 0.27224 0.718341 1.52105e-38 3
0.303465 0.270997 0.715061 1.37354e-38 3
0.312167 0.268545 0.70859 1.43818e-38 3
0.320714 0.266136 0.702235 1.38286e-38 3
0.366581 0.293804 0.77524 1.29996e-38 3
0.379107 0.293804 0.77524 1.32762e-38 3
0.384029 0.288099 0.760186 1.33669e-38 3
0.396311 0.288099 0.760186 1.39201e-38 3
0.400811 0.282611 0.745707 1.11542e-38 3
0.41286 0.282611 0.745707 1.16152e-38 3
0.379706 0.252546 0.666376 1.35513e-38 3
0.415208 0.268545 0.70859 1.41045e-38 3
0.457725 0.288099 0.760186 1.26304e-38 3
0.470007 0.288099 0.760186 1.2446e-38 3
0.49184 0.293804 0.77524 1.21691e-38 3
0.514555 0.299739 0.790901 1.21698e-38 3
0.532715 0.302798 0.798972 1.16167e-38 3
0.534712 0.296742 0.782992 1.13401e-38 3
0.564292 0.30592 0.807208 1.06947e-38 3
0.583348 0.309106 0.815617 1.09713e-38 3
0.54025 0.279945 0.738672 9.31176e-39 3
0.539462 0.273495 0.721652 1.00493e-38 3
0.546089 0.270997 0.715061 1.00493e-38 3
0.555108 0.269765 0.711811 9.68019e-39 3
0.566609 0.269765 0.711811 9.95641e-39 3
0.58075 0.270997 0.715061 1.08784e-38 3
0.59502 0.27224 0.718341 1.10628e-38 3
0.606627 0.27224 0.718341 1.17078e-38 3
0.651086 0.286707 0.756514 9.77202e-39 3
0.669781 0.289504 0.763895 9.86422e-39 3
0.685467 0.290923 0.767639 9.68054e-39 3
0.70478 0.293804 0.77524 7.65224e-39 3
0.720874 0.295266 0.779097 8.20541e-39 3
0.733463 0.295266 0.779097 8.75859e-39 3
0.746051 0.295266 0.779097 8.482e-39 3
0.762432 0.296742 0.782992 6.82248e-39 3
0.778978 0.298233 0.786927 7.09907e-39 3
0.787734 0.296742 0.782992 6.82176e-39 3
-0.468498 0.225834 0.571527 9.86493e-39 3
-0.451033 0.221787 0.561285 8.85078e-39 3
-0.438819 0.220209 0.55729 9.58906e-39 3
-0.42829 0.219428 0.555314 9.40503e-39 3
-0.416365 0.217882 0.551403 1.0972e-38 3
-0.396293 0.211913 0.536296 1.06954e-38 3
-0.387627 0.211913 0.536296 1.02337e-38 3
-0.380264 0.212641 0.538139 1.10638e-38 3
-0.356745 0.209049 0.529049 9.68126e-39 3
-0.319582 0.225013 0.569449 1.0789e-38 3
-0.32703 0.237083 0.599994 1.04195e-38 3
-0.346096 0.266718 0.674993 1.15248e-38 3
-0.332325 0.264439 0.669224 1.43829e-38 3
-0.322892 0.265573 0.672096 1.12479e-38 3
-0.313378 0.266718 0.674993 1.14323e-38 3
-0.307778 0.271397 0.686835 1.20769e-38 3
-0.299306 0.273799 0.692913 1.15234e-38 3
-0.286841 0.272593 0.689861 1.21698e-38 3
-0.276915 0.273799 0.692913 1.25386e-38 3
-0.268091 0.276244 0.6991 1.23535e-38 3
-0.256796 0.276244 0.6991 1.13386e-38 3
-0.2455 0.276244 0.6991 1.3735e-38 3
-0.227107 0.267873 0.677915 1.40116e-38 3
-0.214299 0.265573 0.672096 1.21677e-38 3
-0.200006 0.261091 0.660753 1.39179e-38 3
-0.188534 0.259994 0.657977 1.45612e-38 3
-0.17642 0.257828 0.652493 1.55728e-38 3
-0.165878 0.257828 0.652493 1.68606e-38 3
-0.155335 0.257828 0.652493 1.75071e-38 3
-0.145398 0.258906 0.655223 1.50211e-38 3
-0.13425 0.257828 0.652493 1.53913e-38 3
-0.121679 0.253601 0.641797 1.67742e-38 3
-0.110405 0.251539 0.636579 1.54828e-38 3
-0.0873482 0.244579 0.618966 1.69564e-38 3
-0.0773473 0.244579 0.618966 1.64951e-38 3
-0.0676137 0.24555 0.621422 1.59412e-38 3
-0.0589773 0.251539 0.636579 1.65859e-38 3
-0.0497021 0.256758 0.649786 1.75078e-38 3
-0.0405492 0.265573 0.672096 1.47456e-38 3
-0.030341 0.271397 0.686835 1.59437e-38 3
-0.0192435 0.271397 0.686835 1.70479e-38 3
-0.00832869 0.277483 0.702235 1.76933e-38 3
0.00292577 0.269037 0.680863 1.6404e-38 3
0.0136304 0.263313 0.666376 1.5943e-38 3
0.0231185 0.249511 0.631445 1.64955e-38 3
0.0330544 0.247514 0.626394 1.7877e-38 3
0.0431753 0.247514 0.626394 1.80631e-38 3
0.0530839 0.246528 0.623898 1.66816e-38 3
0.0624184 0.243617 0.616529 1.74217e-38 3
0.0723799 0.243617 0.616529 1.45658e-38 3
0.0810648 0.23984 0.606971 1.59498e-38 3
0.0908719 0.23984 0.606971 1.60413e-38 3
0.102264 0.243617 0.616529 1.52105e-38 3
0.110916 0.240773 0.609332 1.56718e-38 3
0.132631 0.264439 0.669224 1.74243e-38 3
0.166168 0.30633 0.77524 1.57655e-38 3
0.177813 0.304821 0.771421 1.44747e-38 3
0.189345 0.303327 0.767639 1.45669e-38 3
0.199789 0.300382 0.760186 1.34613e-38 3
0.199483 0.282551 0.715061 1.50286e-38 3
0.211036 0.282551 0.715061 1.34609e-38 3
0.220576 0.279994 0.70859 1.2539e-38 3
0.229944 0.277483 0.702235 1.27223e-38 3
0.238087 0.273799 0.692913 1.29052e-38 3
0.246017 0.270212 0.683836 1.25361e-38 3
0.258193 0.271397 0.686835 1.22617e-38 3
0.270477 0.272593 0.689861 1.32762e-38 3
0.279164 0.270212 0.683836 1.36442e-38 3
0.285231 0.265573 0.672096 1.3551e-38 3
0.294825 0.264439 0.669224 1.34598e-38 3
0.304337 0.263313 0.666376 1.32751e-38 3
0.342822 0.286475 0.724993 1.35528e-38 3
0.357849 0.289152 0.731768 1.38293e-38 3
0.369672 0.289152 0.731768 1.31836e-38 3
0.33187 0.251539 0.636579 1.29992e-38 3
0.339397 0.249511 0.631445 1.17088e-38 3
0.356792 0.254644 0.644438 1.14323e-38 3
0.367205 0.254644 0.644438 1.11557e-38 3
0.383937 0.258906 0.655223 1.21691e-38 3
0.397853 0.261091 0.660753 1.23539e-38 3
0.444135 0.283847 0.718341 1.26304e-38 3
0.459962 0.286475 0.724993 1.29996e-38 3
0.485152 0.29466 0.745707 1.08791e-38 3
0.506855 0.300382 0.760186 1.14323e-38 3
0.519138 0.300382 0.760186 1.11557e-38 3
0.53663 0.303327 0.767639 1.14323e-38 3
0.565671 0.312518 0.790901 1.08791e-38 3
0.57845 0.312518 0.790901 1.04181e-38 3
0.529698 0.279994 0.70859 1.11557e-38 3
0.531527 0.275016 0.695993 1.10635e-38 3
0.53799 0.272593 0.689861 1.09706e-38 3
0.554018 0.275016 0.695993 1.07862e-38 3
0.567787 0.276244 0.6991 1.04174e-38 3
0.584299 0.278732 0.705398 9.95641e-39 3
0.595697 0.278732 0.705398 9.86314e-39 3
0.629789 0.289152 0.731768 9.31068e-39 3
0.650735 0.293264 0.742173 9.49543e-39 3
0.672285 0.297493 0.752877 9.95677e-39 3
0.69787 0.303327 0.767639 1.05096e-38 3
0.710273 0.303327 0.767639 8.48128e-39 3
0.719151 0.301847 0.763895 7.83627e-39 3
0.731494 0.301847 0.763895 8.1125e-39 3
0.751165 0.304821 0.771421 7.74444e-39 3
0.763629 0.304821 0.771421 7.92883e-39 3
-0.501613 0.242138 0.588716 9.7713e-39 3
-0.492101 0.242138 0.588716 9.31104e-39 3
-0.473685 0.237671 0.577854 9.40324e-39 3
-0.452656 0.231686 0.563304 9.68054e-39 3
-0.441965 0.230856 0.561285 9.95713e-39 3
-0.393011 0.223642 0.543745 9.77273e-39 3
-0.382896 0.222868 0.541863 8.94369e-39 3
-0.356745 0.217597 0.529049 9.86565e-39 3
-0.348197 0.217597 0.529049 1.12486e-38 3
-0.321762 0.229213 0.55729 9.3132e-39 3
-0.315 0.230856 0.561285 9.03661e-39 3
-0.317304 0.239438 0.58215 9.31392e-39 3
-0.307898 0.239438 0.58215 1.08812e-38 3
-0.34023 0.272919 0.663553 1.06029e-38 3
-0.322672 0.267257 0.649786 1.15245e-38 3
-0.305829 0.261825 0.636579 1.1801e-38 3
-0.294347 0.260765 0.634002 1.16159e-38 3
-0.305102 0.280038 0.680863 1.12479e-38 3
-0.295385 0.281261 0.683836 1.24464e-38 3
-0.284336 0.281261 0.683836 1.20776e-38 3
-0.275695 0.283739 0.689861 1.06025e-38 3
-0.2669 0.286261 0.695993 1.18003e-38 3
-0.254523 0.284995 0.692913 1.33676e-38 3
-0.241193 0.282495 0.686835 1.41045e-38 3
-0.207359 0.25458 0.618966 1.37357e-38 3
-0.193533 0.249647 0.606971 1.34588e-38 3
-0.193475 0.262893 0.639177 1.34573e-38 3
-0.184655 0.265057 0.644438 1.42849e-38 3
-0.175688 0.267257 0.649786 1.76018e-38 3
-0.163158 0.263971 0.641797 1.63093e-38 3
-0.152789 0.263971 0.641797 1.53888e-38 3
-0.143005 0.265057 0.644438 1.47445e-38 3
-0.0837087 0.243973 0.593176 1.51132e-38 3
-0.0749765 0.246777 0.599994 1.56682e-38 3
-0.0652822 0.246777 0.599994 1.54831e-38 3
-0.0288239 0.26837 0.652493 1.55757e-38 3
-0.0187501 0.275251 0.669224 1.59441e-38 3
-0.00840406 0.291443 0.70859 1.67738e-38 3
0.00285139 0.272919 0.663553 1.58533e-38 3
0.0132911 0.267257 0.649786 1.71433e-38 3
0.0226616 0.25458 0.618966 1.55753e-38 3
0.0326625 0.25458 0.618966 1.79709e-38 3
0.0428327 0.255591 0.621422 1.60363e-38 3
0.0526642 0.25458 0.618966 1.53916e-38 3
0.0616898 0.250618 0.609332 1.5209e-38 3
0.0709826 0.248683 0.604627 1.5764e-38 3
0.0801331 0.246777 0.599994 1.53952e-38 3
0.0901729 0.247726 0.602302 1.51186e-38 3
0.101863 0.252584 0.614111 1.62243e-38 3
0.110486 0.249647 0.606971 1.72384e-38 3
0.121233 0.251597 0.611713 1.52108e-38 3
0.146732 0.261825 0.636579 1.51201e-38 3
0.170068 0.266152 0.647101 1.4013e-38 3
0.180524 0.266152 0.647101 1.44754e-38 3
0.197508 0.275251 0.669224 1.44762e-38 3
0.213804 0.282495 0.686835 1.32765e-38 3
0.223919 0.281261 0.683836 1.3645e-38 3
0.234968 0.281261 0.683836 1.34598e-38 3
0.244947 0.280038 0.680863 1.41052e-38 3
0.255948 0.280038 0.680863 1.60413e-38 3
0.266949 0.280038 0.680863 1.3552e-38 3
0.270884 0.272919 0.663553 1.29996e-38 3
0.281605 0.272919 0.663553 1.25386e-38 3
0.291093 0.271767 0.660753 1.28156e-38 3
0.294318 0.265057 0.644438 1.25386e-38 3
0.36625 0.298189 0.724993 1.41988e-38 3
0.325259 0.256609 0.623898 1.3184e-38 3
0.33534 0.256609 0.623898 1.25386e-38 3
0.352441 0.261825 0.636579 1.09709e-38 3
0.362727 0.261825 0.636579 1.10635e-38 3
0.374535 0.262893 0.639177 1.11553e-38 3
0.38803 0.265057 0.644438 1.12479e-38 3
0.398442 0.265057 0.644438 1.17088e-38 3
0.44753 0.29013 0.705398 1.21705e-38 3
0.467348 0.295453 0.718341 1.18932e-38 3
0.48339 0.298189 0.724993 1.14323e-38 3
0.495104 0.298189 0.724993 1.10635e-38 3
0.506818 0.298189 0.724993 1.10638e-38 3
0.518532 0.298189 0.724993 1.11557e-38 3
0.522604 0.287539 0.6991 1.10635e-38 3
0.524533 0.282495 0.686835 1.08787e-38 3
0.533291 0.281261 0.683836 1.10631e-38 3
0.549136 0.283739 0.689861 1.08784e-38 3
0.565263 0.286261 0.695993 1.07862e-38 3
0.579082 0.287539 0.6991 1.07862e-38 3
0.595697 0.29013 0.705398 9.95533e-39 3
0.62686 0.299576 0.728365 1.03241e-38 3
0.644625 0.302389 0.735204 1.02319e-38 3
0.6596 0.303815 0.738672 9.77094e-39 3
0.681175 0.308176 0.749275 9.21741e-39 3
0.68671 0.305255 0.742173 8.29545e-39 3
0.695406 0.303815 0.738672 8.29689e-39 3
0.707341 0.303815 0.738672 6.82248e-39 3
0.726126 0.306709 0.745707 6.82284e-39 3
-0.499734 0.250708 0.586511 9.6791e-39 3
-0.490258 0.250708 0.586511 1.04167e-38 3
-0.470214 0.245198 0.573621 1.03255e-38 3
-0.452656 0.240788 0.563304 9.95713e-39 3
-0.441965 0.239925 0.561285 9.86565e-39 3
-0.429814 0.238217 0.55729 9.95713e-39 3
-0.42081 0.238217 0.55729 9.21956e-39 3
-0.407456 0.235701 0.551403 9.21956e-39 3
-0.397148 0.234874 0.549468 9.12736e-39 3
-0.385564 0.233237 0.545639 9.03589e-39 3
-0.374141 0.231623 0.541863 9.03589e-39 3
-0.359172 0.227684 0.532648 9.31247e-39 3
-0.349377 0.226912 0.530842 9.49687e-39 3
-0.321762 0.238217 0.55729 1.04185e-38 3
-0.313875 0.239068 0.55928 1.06032e-38 3
-0.307031 0.240788 0.563304 1.12493e-38 3
-0.29793 0.240788 0.563304 1.03274e-38 3
-0.34023 0.28364 0.663553 1.0511e-38 3
-0.322672 0.277755 0.649786 1.18014e-38 3
-0.305829 0.27211 0.636579 1.11557e-38 3
-0.279629 0.257458 0.602302 1.10635e-38 3
-0.302471 0.28853 0.674993 1.05099e-38 3
-0.294101 0.291039 0.680863 1.2907e-38 3
-0.245709 0.2526 0.590937 1.23539e-38 3
-0.236161 0.2526 0.590937 1.13397e-38 3
-0.229208 0.255493 0.597704 1.2723e-38 3
-0.219551 0.255493 0.597704 1.36442e-38 3
-0.208303 0.253557 0.593176 1.38279e-38 3
-0.198719 0.253557 0.593176 1.3274e-38 3
-0.188421 0.2526 0.590937 1.43811e-38 3
-0.187357 0.264581 0.618966 1.45644e-38 3
-0.176658 0.26354 0.616529 1.58533e-38 3
-0.118022 0.245198 0.573621 1.62196e-38 3
-0.108754 0.245198 0.573621 1.63118e-38 3
-0.0994855 0.245198 0.573621 1.77873e-38 3
-0.0892367 0.242533 0.567386 1.48374e-38 3
-0.0803604 0.243415 0.569449 1.42849e-38 3
-0.0735672 0.251651 0.588716 1.41016e-38 3
-0.0642968 0.2526 0.590937 1.5392e-38 3
-0.0182813 0.278913 0.652493 1.50243e-38 3
0.0320295 0.259454 0.606971 1.57604e-38 3
0.0419993 0.260463 0.609332 1.50228e-38 3
0.0518446 0.260463 0.609332 1.53927e-38 3
0.0605125 0.255493 0.597704 1.48406e-38 3
0.069903 0.254521 0.595431 1.53023e-38 3
0.0795237 0.254521 0.595431 1.55796e-38 3
0.0901729 0.257458 0.602302 1.44729e-38 3
0.0999045 0.257458 0.602302 1.54867e-38 3
0.108386 0.254521 0.595431 1.53938e-38 3
0.11891 0.256472 0.599994 1.58555e-38 3
0.128605 0.256472 0.599994 1.45644e-38 3
0.137771 0.255493 0.597704 1.53941e-38 3
0.146312 0.253557 0.593176 1.40123e-38 3
0.155896 0.253557 0.593176 1.52119e-38 3
0.171995 0.26354 0.616529 1.54889e-38 3
0.194189 0.281257 0.657977 1.52134e-38 3
0.210117 0.28853 0.674993 1.43829e-38 3
0.22198 0.289779 0.677915 1.46595e-38 3
0.23193 0.28853 0.674993 1.38297e-38 3
0.243887 0.289779 0.677915 1.33687e-38 3
0.25484 0.289779 0.677915 1.37375e-38 3
0.262386 0.286064 0.669224 1.40137e-38 3
0.274623 0.276608 0.647101 1.25393e-38 3
0.290729 0.27211 0.636579 1.11564e-38 3
0.299139 0.261481 0.611713 1.20791e-38 3
0.318907 0.261481 0.611713 1.18943e-38 3
0.32879 0.261481 0.611713 1.28159e-38 3
0.34269 0.264581 0.618966 1.26312e-38 3
0.352691 0.264581 0.618966 1.07873e-38 3
0.367044 0.267756 0.626394 1.15248e-38 3
0.377165 0.267756 0.626394 1.12486e-38 3
0.388841 0.268832 0.628909 9.86565e-39 3
0.413965 0.278913 0.652493 1.03266e-38 3
0.435393 0.286064 0.669224 9.58943e-39 3
0.446206 0.286064 0.669224 1.02348e-38 3
0.40471 0.236534 0.553351 9.95749e-39 3
0.545195 0.298835 0.6991 1.02337e-38 3
0.556491 0.298835 0.6991 1.11553e-38 3
0.565263 0.297507 0.695993 1.07865e-38 3
0.563976 0.291039 0.680863 1.05085e-38 3
0.574977 0.291039 0.680863 1.08773e-38 3
0.585978 0.291039 0.680863 1.06929e-38 3
0.638628 0.311344 0.728365 1.06929e-38 3
0.650397 0.311344 0.728365 1.08773e-38 3
0.671535 0.31575 0.738672 1.04163e-38 3
0.680262 0.314268 0.735204 9.95497e-39 3
0.688906 0.312799 0.731768 8.84934e-39 3
0.697471 0.311344 0.728365 9.40288e-39 3
0.662984 0.291039 0.680863 7.56004e-39 3
-0.494181 0.257294 0.579994 1.02316e-38 3
-0.483021 0.256344 0.577854 9.58618e-39 3
-0.463424 0.250792 0.565337 9.31032e-39 3
-0.438819 0.247222 0.55729 8.66711e-39 3
-0.42829 0.246345 0.555314 1.00493e-38 3
-0.416365 0.24461 0.551403 9.49615e-39 3
-0.403197 0.242053 0.545639 9.40395e-39 3
-0.391651 0.240378 0.541863 9.95713e-39 3
-0.380264 0.238726 0.538139 9.95784e-39 3
-0.355544 0.233903 0.527267 9.68126e-39 3
-0.347025 0.233903 0.527267 9.77345e-39 3
-0.344302 0.237909 0.536296 9.68233e-39 3
-0.320621 0.246345 0.555314 1.0972e-38 3
-0.312758 0.247222 0.55729 1.10642e-38 3
-0.304838 0.248105 0.55928 1.06958e-38 3
-0.293704 0.246345 0.555314 9.40539e-39 3
-0.318705 0.28471 0.641797 1.12486e-38 3
-0.265808 0.263141 0.593176 1.01408e-38 3
-0.255257 0.262148 0.590937 1.27223e-38 3
-0.245709 0.262148 0.590937 1.34598e-38 3
-0.236161 0.262148 0.590937 1.24457e-38 3
-0.226613 0.262148 0.590937 1.19854e-38 3
-0.217065 0.262148 0.590937 1.2723e-38 3
-0.205194 0.259214 0.584322 1.34591e-38 3
-0.180911 0.2517 0.567386 1.33669e-38 3
-0.157997 0.24461 0.551403 1.64072e-38 3
-0.115071 0.248105 0.55928 1.55753e-38 3
-0.106035 0.248105 0.55928 1.45611e-38 3
-0.0966532 0.247222 0.55729 1.37318e-38 3
-0.087338 0.246345 0.555314 1.48381e-38 3
-0.0780887 0.245475 0.553351 1.59455e-38 3
-0.069148 0.245475 0.553351 1.53005e-38 3
-0.0579546 0.23629 0.532648 1.53009e-38 3
-0.0488499 0.233903 0.527267 1.48403e-38 3
-0.0401953 0.233118 0.525498 1.44715e-38 3
-0.0314932 0.231564 0.521995 1.42871e-38 3
-0.0229064 0.230031 0.518538 1.35506e-38 3
0.00223564 0.230795 0.520261 1.38279e-38 3
0.0106417 0.230795 0.520261 1.51183e-38 3
0.0514442 0.268221 0.604627 1.7882e-38 3
0.0600541 0.263141 0.593176 1.59462e-38 3
0.0696383 0.263141 0.593176 1.5486e-38 3
0.0798272 0.26515 0.597704 1.58562e-38 3
0.0901729 0.26719 0.602302 1.44729e-38 3
0.108386 0.264142 0.595431 1.60392e-38 3
0.118457 0.26515 0.597704 1.51172e-38 3
0.127627 0.264142 0.595431 1.51161e-38 3
0.136212 0.262148 0.590937 1.62214e-38 3
0.140972 0.253538 0.571527 1.53938e-38 3
0.14966 0.252616 0.569449 1.49342e-38 3
0.184868 0.277877 0.626394 1.41988e-38 3
0.206556 0.294361 0.663553 1.3645e-38 3
0.217277 0.294361 0.663553 1.41981e-38 3
0.226083 0.291888 0.657977 1.35528e-38 3
0.236714 0.291888 0.657977 1.52123e-38 3
0.24631 0.290666 0.655223 1.40137e-38 3
0.24658 0.278993 0.628909 1.38301e-38 3
0.261649 0.273501 0.616529 1.28159e-38 3
0.279432 0.262148 0.590937 1.2356e-38 3
0.294537 0.26719 0.602302 1.18028e-38 3
0.320039 0.264142 0.595431 1.07887e-38 3
0.348558 0.271364 0.611713 1.11571e-38 3
0.362692 0.274582 0.618966 1.12493e-38 3
0.374172 0.275672 0.621422 1.09727e-38 3
0.378209 0.271364 0.611713 1.1433e-38 3
0.387472 0.2517 0.567386 9.31392e-39 3
0.397173 0.246345 0.555314 8.94405e-39 3
0.40471 0.245475 0.553351 8.48236e-39 3
0.415118 0.246345 0.555314 8.02138e-39 3
0.4256 0.247222 0.55729 8.57456e-39 3
0.437719 0.248994 0.561285 8.75859e-39 3
0.626964 0.317211 0.715061 1.09691e-38 3
0.638517 0.317211 0.715061 1.06003e-38 3
0.6084 0.296877 0.669224 1.03238e-38 3
0.613965 0.294361 0.663553 9.77058e-39 3
0.624686 0.294361 0.663553 9.3096e-39 3
0.630068 0.291888 0.657977 9.7695e-39 3
-0.485196 0.261816 0.569449 9.40179e-39 3
-0.475996 0.261816 0.569449 1.00461e-38 3
-0.460102 0.258063 0.561285 9.95569e-39 3
-0.438461 0.250869 0.545639 9.21992e-39 3
-0.431147 0.251747 0.547547 9.58906e-39 3
-0.420829 0.250869 0.545639 9.31176e-39 3
-0.412013 0.250869 0.545639 9.12736e-39 3
-0.397654 0.247421 0.538139 1.01426e-38 3
-0.38499 0.244896 0.532648 9.12809e-39 3
-0.375108 0.244066 0.530842 1.05103e-38 3
-0.364063 0.242423 0.527267 1.07872e-38 3
-0.351988 0.239998 0.521995 9.22028e-39 3
-0.343554 0.239998 0.521995 9.22028e-39 3
-0.339649 0.243242 0.529049 9.31355e-39 3
-0.341484 0.250869 0.545639 8.39231e-39 3
-0.335002 0.25263 0.549468 8.66818e-39 3
-0.328429 0.254415 0.553351 9.77453e-39 3
-0.318363 0.253519 0.551403 9.86565e-39 3
-0.309454 0.253519 0.551403 1.03266e-38 3
-0.301607 0.254415 0.553351 9.40539e-39 3
-0.288587 0.250869 0.545639 9.77418e-39 3
-0.277835 0.249133 0.541863 8.76038e-39 3
-0.237957 0.273762 0.595431 1.15237e-38 3
-0.217065 0.271696 0.590937 1.21698e-38 3
-0.205194 0.268655 0.584322 1.3368e-38 3
-0.194303 0.266665 0.579994 1.38279e-38 3
-0.155803 0.249998 0.543745 1.41038e-38 3
-0.121504 0.251747 0.547547 1.40094e-38 3
-0.112657 0.251747 0.547547 1.47463e-38 3
-0.104175 0.25263 0.549468 1.42849e-38 3
-0.0946326 0.250869 0.545639 1.41938e-38 3
-0.0849287 0.248274 0.539995 1.3641e-38 3
-0.0756818 0.246574 0.536296 1.50236e-38 3
-0.0560482 0.236841 0.515126 1.3641e-38 3
-0.0477251 0.236841 0.515126 1.35506e-38 3
-0.039532 0.237622 0.516826 1.38286e-38 3
-0.030977 0.236064 0.513437 1.30903e-38 3
-0.022607 0.235293 0.51176 1.38279e-38 3
-0.0142916 0.234526 0.510093 1.47499e-38 3
-0.0060696 0.235293 0.51176 1.42889e-38 3
0.00221358 0.236841 0.515126 1.51176e-38 3
0.0105021 0.236064 0.513437 1.58551e-38 3
0.018922 0.237622 0.516826 1.44722e-38 3
0.0319058 0.27799 0.604627 1.57615e-38 3
0.0418365 0.279068 0.606971 1.7143e-38 3
0.0512464 0.276921 0.602302 1.7882e-38 3
0.0600541 0.272725 0.593176 1.52094e-38 3
0.0670967 0.262772 0.571527 1.66845e-38 3
0.0881389 0.270675 0.588716 1.35499e-38 3
0.111639 0.258991 0.563304 1.53927e-38 3
0.136489 0.254415 0.553351 1.56693e-38 3
0.144409 0.25263 0.549468 1.41041e-38 3
0.150126 0.247421 0.538139 1.4013e-38 3
0.174097 0.257141 0.55928 1.31833e-38 3
0.215451 0.302519 0.657977 1.30914e-38 3
0.226083 0.302519 0.657977 1.39212e-38 3
0.244615 0.286851 0.623898 1.37379e-38 3
0.267862 0.269661 0.586511 1.31858e-38 3
0.278381 0.270675 0.588716 1.35546e-38 3
0.314068 0.268655 0.584322 9.77525e-39 3
0.32351 0.268655 0.584322 1.00515e-38 3
0.384685 0.258991 0.563304 8.29977e-39 3
0.393786 0.258991 0.563304 8.76075e-39 3
0.397173 0.255317 0.555314 1.02352e-38 3
0.406146 0.255317 0.555314 1.04195e-38 3
0.416595 0.256226 0.55729 9.58871e-39 3
0.4256 0.256226 0.55729 9.4036e-39 3
0.436156 0.257141 0.55928 9.49615e-39 3
0.443608 0.256226 0.55729 1.07869e-38 3
0.447832 0.253519 0.551403 1.14312e-38 3
0.456741 0.253519 0.551403 1.17992e-38 3
0.481772 0.25263 0.549468 1.11539e-38 3
0.494118 0.254415 0.553351 9.86314e-39 3
-0.47824 0.267132 0.561285 1.03237e-38 3
-0.472559 0.26906 0.565337 9.4018e-39 3
-0.458459 0.266178 0.55928 9.58727e-39 3
-0.429482 0.254368 0.534466 1.02344e-38 3
-0.423739 0.256116 0.538139 9.58906e-39 3
-0.413623 0.255239 0.536296 1.05103e-38 3
-0.404958 0.255239 0.536296 9.49615e-39 3
-0.393597 0.253503 0.532648 9.22064e-39 3
-0.381102 0.250942 0.527267 9.58906e-39 3
-0.372582 0.250942 0.527267 1.01419e-38 3
-0.362841 0.2501 0.525498 1.01422e-38 3
-0.347357 0.245164 0.515126 9.03589e-39 3
-0.339034 0.245164 0.515126 8.76038e-39 3
-0.337369 0.2501 0.525498 9.31391e-39 3
-0.335636 0.255239 0.536296 9.59014e-39 3
-0.330365 0.257888 0.541863 9.86673e-39 3
-0.323852 0.259686 0.545639 1.06954e-38 3
-0.313942 0.258784 0.543745 9.40467e-39 3
-0.3041 0.257888 0.541863 9.58906e-39 3
-0.296371 0.258784 0.543745 1.12493e-38 3
-0.285602 0.256999 0.539995 1.02352e-38 3
-0.274042 0.254368 0.534466 1.06043e-38 3
-0.225761 0.280187 0.588716 1.19854e-38 3
-0.214635 0.278096 0.584322 1.11557e-38 3
-0.201436 0.273003 0.573621 1.34598e-38 3
-0.190079 0.270035 0.567386 1.36435e-38 3
-0.151592 0.25179 0.529049 1.29059e-38 3
-0.144508 0.254368 0.534466 1.2446e-38 3
-0.136806 0.256116 0.538139 1.18929e-38 3
-0.127673 0.255239 0.536296 1.24442e-38 3
-0.119008 0.255239 0.536296 1.42867e-38 3
-0.111488 0.257888 0.541863 1.46548e-38 3
-0.102733 0.257888 0.541863 1.54845e-38 3
-0.0923794 0.253503 0.532648 1.50243e-38 3
-0.0834892 0.252643 0.530842 1.43793e-38 3
-0.07391 0.249263 0.523741 1.38265e-38 3
-0.0637423 0.242768 0.510093 1.28116e-38 3
-0.0547866 0.239645 0.503532 1.1706e-38 3
-0.0468014 0.240418 0.505156 1.2445e-38 3
-0.0390169 0.242768 0.510093 1.28148e-38 3
-0.0304773 0.240418 0.505156 1.41045e-38 3
-0.0222436 0.239645 0.503532 1.35513e-38 3
-0.0141078 0.239645 0.503532 1.46577e-38 3
-0.00599128 0.240418 0.505156 1.45655e-38 3
0.00217073 0.240418 0.505156 1.49328e-38 3
0.0103328 0.240418 0.505156 1.55785e-38 3
0.0185546 0.241197 0.506791 1.41949e-38 3
0.0268299 0.24198 0.508436 1.45619e-38 3
0.135057 0.260594 0.547547 1.6037e-38 3
0.139988 0.253503 0.532648 1.47477e-38 3
0.151531 0.24436 0.513437 1.41045e-38 3
0.163581 0.2501 0.525498 1.40123e-38 3
0.182399 0.252643 0.530842 1.38279e-38 3
0.187793 0.248432 0.521995 1.41045e-38 3
0.223016 0.2501 0.525498 1.3368e-38 3
0.230732 0.249263 0.523741 1.30003e-38 3
0.257263 0.268093 0.563304 1.36467e-38 3
0.300148 0.274006 0.575729 1.25404e-38 3
0.30945 0.274006 0.575729 1.13422e-38 3
0.318752 0.274006 0.575729 1.15266e-38 3
0.330484 0.276036 0.579994 1.00522e-38 3
0.384685 0.268093 0.563304 9.77418e-39 3
0.393786 0.268093 0.563304 8.66855e-39 3
0.398587 0.26523 0.55729 9.86637e-39 3
0.407591 0.26523 0.55729 1.0143e-38 3
0.418083 0.266178 0.55928 1.04188e-38 3
0.428651 0.267132 0.561285 9.31212e-39 3
0.436156 0.266178 0.55928 8.66675e-39 3
0.443608 0.26523 0.55729 8.02102e-39 3
0.447832 0.262429 0.551403 9.21885e-39 3
0.456741 0.262429 0.551403 9.49435e-39 3
0.464016 0.261508 0.549468 1.22602e-38 3
0.471241 0.260594 0.547547 1.00479e-38 3
0.481772 0.261508 0.549468 1.09695e-38 3
0.494118 0.263356 0.553351 1.08784e-38 3
0.517485 0.266178 0.55928 9.86349e-39 3
-0.474836 0.274235 0.55729 8.66459e-39 3
-0.472559 0.278195 0.565337 9.03373e-39 3
-0.429482 0.263003 0.534466 8.66711e-39 3
-0.422288 0.263904 0.536296 9.86565e-39 3
-0.412211 0.263003 0.534466 1.01415e-38 3
-0.389621 0.259461 0.527267 9.21992e-39 3
-0.378552 0.257726 0.523741 9.68161e-39 3
-0.371332 0.25859 0.525498 1.005e-38 3
-0.362841 0.25859 0.525498 1.03273e-38 3
-0.341736 0.249385 0.506791 8.48379e-39 3
-0.335636 0.263904 0.536296 9.68161e-39 3
-0.328095 0.264811 0.538139 9.03589e-39 3
-0.323852 0.268502 0.545639 9.68162e-39 3
-0.313942 0.267569 0.543745 9.03517e-39 3
-0.303052 0.265724 0.539995 1.1617e-38 3
-0.287585 0.267569 0.543745 1.11567e-38 3
-0.150071 0.257726 0.523741 1.24468e-38 3
-0.143528 0.26122 0.530842 1.18014e-38 3
-0.13541 0.262109 0.532648 1.19861e-38 3
-0.100643 0.26122 0.530842 1.35506e-38 3
-0.087895 0.249385 0.506791 1.1984e-38 3
-0.0794494 0.248581 0.505156 1.27226e-38 3
-0.0623212 0.245414 0.498721 1.27219e-38 3
-0.0540909 0.244635 0.497138 1.30907e-38 3
-0.0462052 0.245414 0.498721 1.29992e-38 3
-0.0300891 0.245414 0.498721 1.33676e-38 3
-0.022031 0.245414 0.498721 1.29981e-38 3
-0.0140176 0.246198 0.500314 1.35513e-38 3
-0.00593386 0.246198 0.500314 1.39201e-38 3
0.00216375 0.247781 0.503532 1.68693e-38 3
0.0102995 0.247781 0.503532 1.46559e-38 3
0.0184948 0.248581 0.505156 1.48406e-38 3
0.0268299 0.250195 0.508436 1.51147e-38 3
0.12236 0.26122 0.530842 1.5482e-38 3
0.129618 0.25859 0.525498 1.41005e-38 3
0.138109 0.25859 0.525498 1.54831e-38 3
0.145139 0.256013 0.520261 1.46541e-38 3
0.150055 0.250195 0.508436 1.48399e-38 3
0.159827 0.252656 0.513437 1.50246e-38 3
0.170357 0.256013 0.520261 1.54849e-38 3
0.181783 0.260338 0.529049 1.44715e-38 3
0.18969 0.259461 0.527267 1.44718e-38 3
0.200915 0.263003 0.534466 1.438e-38 3
0.212451 0.266643 0.541863 1.39194e-38 3
0.221206 0.266643 0.541863 1.48413e-38 3
0.223767 0.259461 0.527267 1.49335e-38 3
0.258192 0.278195 0.565337 1.22624e-38 3
0.268295 0.279203 0.567386 1.26315e-38 3
0.276461 0.278195 0.565337 1.22627e-38 3
0.285595 0.278195 0.565337 1.31851e-38 3
0.296873 0.280218 0.569449 1.30014e-38 3
0.307191 0.281241 0.571527 1.22638e-38 3
0.315275 0.280218 0.569449 1.24482e-38 3
0.3233 0.279203 0.567386 1.32783e-38 3
0.354657 0.282271 0.573621 1.04195e-38 3
0.35738 0.277194 0.563304 9.77381e-39 3
0.358739 0.271338 0.551403 1.02344e-38 3
0.368948 0.272297 0.553351 9.95749e-39 3
0.380578 0.274235 0.55729 1.02352e-38 3
0.389582 0.274235 0.55729 9.49759e-39 3
0.397173 0.273262 0.555314 9.03661e-39 3
0.40471 0.272297 0.553351 1.00508e-38 3
0.413651 0.272297 0.553351 9.58978e-39 3
0.422592 0.272297 0.553351 8.20721e-39 3
0.431533 0.272297 0.553351 8.94514e-39 3
0.438922 0.271338 0.551403 9.12845e-39 3
0.440084 0.266643 0.541863 9.95749e-39 3
0.450397 0.267569 0.543745 8.66603e-39 3
0.459183 0.267569 0.543745 8.01994e-39 3
0.469599 0.268502 0.545639 1.00486e-38 3
0.478415 0.268502 0.545639 9.58799e-39 3
0.488935 0.26944 0.547547 8.482e-39 3
0.499528 0.270386 0.549468 8.66675e-39 3
0.504863 0.268502 0.545639 9.12701e-39 3
-0.474836 0.283239 0.55729 9.12592e-39 3
-0.472559 0.287329 0.565337 8.94261e-39 3
-0.422288 0.272569 0.536296 8.94369e-39 3
-0.395477 0.266188 0.523741 8.2976e-39 3
-0.381906 0.262674 0.516826 9.49686e-39 3
-0.377291 0.265301 0.521995 9.866e-39 3
-0.336295 0.253472 0.498721 9.59014e-39 3
-0.341959 0.270715 0.532648 9.95892e-39 3
-0.333353 0.270715 0.532648 9.77345e-39 3
-0.324747 0.270715 0.532648 9.68126e-39 3
-0.32161 0.275399 0.541863 1.02337e-38 3
-0.313942 0.276355 0.543745 1.09713e-38 3
-0.305156 0.276355 0.543745 1.17088e-38 3
-0.14957 0.265301 0.521995 1.1433e-38 3
-0.141136 0.265301 0.521995 1.20794e-38 3
-0.0784373 0.253472 0.498721 1.23549e-38 3
-0.0697132 0.251073 0.494001 1.30921e-38 3
-0.0615373 0.250284 0.492448 1.33684e-38 3
-0.0532458 0.248719 0.48937 1.3368e-38 3
-0.0454809 0.249499 0.490904 1.28155e-38 3
-0.0371994 0.247175 0.48633 1.39219e-38 3
-0.0293415 0.247175 0.48633 1.42892e-38 3
-0.0215506 0.247945 0.487846 1.41041e-38 3
-0.013711 0.248719 0.48937 1.41963e-38 3
-0.00585898 0.251073 0.494001 1.45651e-38 3
0.00212952 0.251868 0.495565 1.5209e-38 3
0.0101687 0.252667 0.497138 1.49324e-38 3
0.0182012 0.252667 0.497138 1.53009e-38 3
0.0263172 0.253472 0.498721 1.63132e-38 3
0.0587492 0.223568 0.439883 1.55764e-38 3
0.0658566 0.223568 0.439883 1.53005e-38 3
0.0742148 0.227401 0.447424 1.65912e-38 3
0.081212 0.226753 0.446149 1.52087e-38 3
0.0884206 0.226753 0.446149 1.52987e-38 3
0.0961772 0.228052 0.448706 1.56661e-38 3
0.120723 0.266188 0.523741 1.41909e-38 3
0.129185 0.266188 0.523741 1.47459e-38 3
0.137647 0.266188 0.523741 1.6588e-38 3
0.144181 0.262674 0.516826 1.4837e-38 3
0.150055 0.25841 0.508436 1.6037e-38 3
0.159827 0.260951 0.513437 1.57615e-38 3
0.170357 0.264419 0.520261 1.62214e-38 3
0.182399 0.269797 0.530842 1.52998e-38 3
0.192279 0.271639 0.534466 1.4102e-38 3
0.200915 0.271639 0.534466 1.53927e-38 3
0.212451 0.275399 0.541863 1.53012e-38 3
0.221206 0.275399 0.541863 1.53934e-38 3
0.233189 0.279264 0.549468 1.54856e-38 3
0.247272 0.285269 0.561285 1.67778e-38 3
0.259128 0.28837 0.567386 1.29074e-38 3
0.268295 0.28837 0.567386 1.21702e-38 3
0.314133 0.28837 0.567386 1.254e-38 3
0.328893 0.285269 0.561285 1.15277e-38 3
0.337961 0.285269 0.561285 9.96037e-39 3
0.34703 0.285269 0.561285 8.94513e-39 3
0.34983 0.280247 0.551403 1.06043e-38 3
0.356231 0.278287 0.547547 1.03263e-38 3
0.358805 0.273506 0.538139 9.58906e-39 3
0.370043 0.275399 0.541863 9.58906e-39 3
0.385467 0.280247 0.551403 9.221e-39 3
0.392992 0.279264 0.549468 9.221e-39 3
0.400465 0.278287 0.547547 9.86637e-39 3
0.407886 0.277318 0.545639 9.12953e-39 3
0.424041 0.276355 0.543745 9.12953e-39 3
0.428364 0.273506 0.538139 9.22208e-39 3
0.431133 0.269797 0.530842 9.40467e-39 3
0.43971 0.269797 0.530842 8.20613e-39 3
0.448287 0.269797 0.530842 9.68055e-39 3
0.458418 0.270715 0.532648 8.75859e-39 3
0.470223 0.272569 0.536296 9.12737e-39 3
0.478888 0.272569 0.536296 8.02138e-39 3
0.480965 0.268886 0.529049 8.11466e-39 3
-0.452302 0.278374 0.530842 8.38944e-39 3
-0.44265 0.283174 0.539995 8.2976e-39 3
-0.422288 0.281234 0.536296 9.68054e-39 3
-0.327657 0.24885 0.474541 8.94369e-39 3
-0.318062 0.247351 0.471682 9.03697e-39 3
-0.309508 0.246608 0.470266 8.85258e-39 3
-0.300108 0.245136 0.467458 9.86565e-39 3
-0.295198 0.247351 0.471682 9.21992e-39 3
-0.28932 0.24885 0.474541 9.68126e-39 3
-0.308584 0.280274 0.534466 9.95784e-39 3
-0.149496 0.24587 0.468858 1.18018e-38 3
-0.142775 0.247351 0.471682 1.07887e-38 3
-0.134748 0.246608 0.470266 1.24482e-38 3
-0.0902425 0.249606 0.475983 1.24475e-38 3
-0.0682071 0.253458 0.483328 1.36453e-38 3
-0.0603978 0.253458 0.483328 1.31843e-38 3
-0.0524266 0.252678 0.481841 1.2078e-38 3
-0.0446413 0.252678 0.481841 1.17092e-38 3
-0.0366306 0.251133 0.478894 1.30914e-38 3
-0.0288048 0.250367 0.477434 1.30903e-38 3
-0.0210907 0.250367 0.477434 1.53009e-38 3
-0.0134175 0.251133 0.478894 1.53941e-38 3
-0.00569723 0.251903 0.480363 1.44733e-38 3
0.0020642 0.251903 0.480363 1.44707e-38 3
0.00988627 0.253458 0.483328 1.57608e-38 3
0.0177504 0.254243 0.484825 1.80649e-38 3
0.0439177 0.22748 0.433791 1.64969e-38 3
0.0510681 0.228112 0.434996 1.53916e-38 3
0.0585847 0.230029 0.438651 1.59444e-38 3
0.0658566 0.230675 0.439883 1.65891e-38 3
0.0740034 0.233961 0.446149 1.55753e-38 3
0.081212 0.233961 0.446149 1.50239e-38 3
0.0884206 0.233961 0.446149 1.54849e-38 3
0.0961772 0.235302 0.448706 1.52976e-38 3
0.119129 0.271024 0.516826 1.5943e-38 3
0.12706 0.270133 0.515126 1.51129e-38 3
0.135383 0.270133 0.515126 1.73234e-38 3
0.142302 0.267493 0.510093 1.83394e-38 3
0.14957 0.265762 0.506791 1.64047e-38 3
0.15827 0.266625 0.508436 1.49306e-38 3
0.167573 0.268367 0.51176 1.63129e-38 3
0.179959 0.27465 0.523741 1.65898e-38 3
0.189053 0.275572 0.525498 1.50228e-38 3
0.198879 0.277434 0.529049 1.5854e-38 3
0.208838 0.279321 0.532648 1.64987e-38 3
0.216707 0.278374 0.530842 1.5853e-38 3
0.22227 0.27465 0.523741 1.53927e-38 3
0.214772 0.246608 0.470266 1.50254e-38 3
0.222371 0.246608 0.470266 1.18914e-38 3
0.22928 0.24587 0.468858 1.40126e-38 3
0.235446 0.244406 0.466067 1.38293e-38 3
0.243702 0.245136 0.467458 1.26308e-38 3
0.251255 0.245136 0.467458 1.2723e-38 3
0.257272 0.243681 0.464684 1.26315e-38 3
0.26478 0.243681 0.464684 1.22638e-38 3
0.272288 0.243681 0.464684 1.26326e-38 3
0.282309 0.24587 0.468858 1.14344e-38 3
0.290755 0.246608 0.470266 1.10656e-38 3
0.366241 0.281234 0.536296 1.04188e-38 3
0.376194 0.282201 0.538139 9.31248e-39 3
0.387553 0.284154 0.541863 1.00508e-38 3
0.396308 0.284154 0.541863 9.12953e-39 3
0.405063 0.284154 0.541863 1.00515e-38 3
0.408169 0.280274 0.534466 9.2228e-39 3
0.421116 0.283174 0.539995 9.12953e-39 3
0.42544 0.280274 0.534466 9.40611e-39 3
0.42823 0.2765 0.527267 8.85222e-39 3
0.436749 0.2765 0.527267 8.66746e-39 3
0.44229 0.27465 0.523741 9.03589e-39 3
-0.449256 0.285019 0.527267 8.38836e-39 3
-0.30403 0.249707 0.461942 9.59014e-39 3
-0.295694 0.248972 0.460584 9.59014e-39 3
-0.289103 0.249707 0.461942 1.00511e-38 3
-0.28331 0.251189 0.464684 1.00511e-38 3
-0.272567 0.248242 0.459233 1.09731e-38 3
-0.265927 0.248972 0.460584 1.0788e-38 3
-0.258485 0.248972 0.460584 9.49687e-39 3
-0.148165 0.251189 0.464684 1.17106e-38 3
-0.140657 0.251189 0.464684 1.20794e-38 3
-0.132363 0.249707 0.461942 1.18028e-38 3
-0.124899 0.249707 0.461942 1.27248e-38 3
-0.118133 0.251189 0.464684 1.16174e-38 3
-0.109648 0.248972 0.460584 1.27237e-38 3
-0.101907 0.248242 0.459233 1.18018e-38 3
-0.0942105 0.247516 0.45789 1.16177e-38 3
-0.0863075 0.246077 0.455228 1.27248e-38 3
-0.0787233 0.245364 0.453908 1.33702e-38 3
-0.0675813 0.25887 0.478894 1.20787e-38 3
-0.0587654 0.254206 0.470266 1.30007e-38 3
-0.0513212 0.254972 0.471682 1.26322e-38 3
-0.0438321 0.255742 0.473107 1.30921e-38 3
-0.0359706 0.254206 0.470266 1.23546e-38 3
-0.0283723 0.254206 0.470266 1.29996e-38 3
-0.0208995 0.255742 0.473107 1.55782e-38 3
-0.0132955 0.256517 0.474541 1.64072e-38 3
-0.00566249 0.258081 0.477434 1.56707e-38 3
0.00205161 0.258081 0.477434 1.6776e-38 3
0.0220952 0.226339 0.418712 1.83394e-38 3
0.0289379 0.226945 0.419835 1.61259e-38 3
0.0364045 0.231286 0.427865 1.81553e-38 3
0.0436757 0.233197 0.431401 1.751e-38 3
0.0507859 0.233842 0.432592 1.64962e-38 3
0.0580965 0.235141 0.434996 1.67731e-38 3
0.0653063 0.235796 0.436207 1.60352e-38 3
0.0727596 0.237117 0.438651 1.5943e-38 3
0.0798471 0.237117 0.438651 1.42853e-38 3
0.0871787 0.237783 0.439883 1.56686e-38 3
0.0945517 0.238452 0.441122 1.66798e-38 3
0.12541 0.27484 0.508436 1.62196e-38 3
0.133193 0.27395 0.506791 1.72319e-38 3
0.140472 0.272189 0.503532 1.98145e-38 3
0.148608 0.272189 0.503532 1.71419e-38 3
0.157249 0.273067 0.505156 1.70508e-38 3
0.164879 0.272189 0.503532 1.62199e-38 3
0.186291 0.267882 0.495565 1.60366e-38 3
0.206035 0.284063 0.525498 1.6682e-38 3
0.214525 0.284063 0.525498 1.76961e-38 3
0.220062 0.2803 0.518538 1.63139e-38 3
0.211595 0.250446 0.463309 1.54856e-38 3
0.219081 0.250446 0.463309 1.39183e-38 3
0.240826 0.249707 0.461942 1.32758e-38 3
0.24829 0.249707 0.461942 1.33687e-38 3
0.261146 0.254972 0.471682 1.34613e-38 3
0.265568 0.251936 0.466067 1.26326e-38 3
0.273914 0.252688 0.467458 1.39223e-38 3
0.282309 0.253445 0.468858 1.22638e-38 3
0.290755 0.254206 0.470266 1.14344e-38 3
0.300156 0.255742 0.473107 1.20794e-38 3
0.3078 0.255742 0.473107 1.18018e-38 3
0.326288 0.264533 0.48937 1.0972e-38 3
0.384889 0.290896 0.538139 9.77418e-39 3
0.392236 0.289899 0.536296 1.06047e-38 3
0.400902 0.289899 0.536296 9.49831e-39 3
0.397321 0.281231 0.520261 8.94621e-39 3
0.41258 0.285982 0.529049 9.77598e-39 3
0.416903 0.283112 0.523741 9.96037e-39 3
0.412936 0.27484 0.508436 9.68198e-39 3
0.417088 0.272189 0.503532 8.3916e-39 3
0.410899 0.258081 0.477434 8.39017e-39 3
0.417341 0.257297 0.475983 9.21993e-39 3
-0.307661 0.260241 0.467458 9.49794e-39 3
-0.298327 0.258697 0.464684 9.40575e-39 3
-0.290819 0.258697 0.464684 9.86673e-39 3
-0.28331 0.258697 0.464684 9.95892e-39 3
-0.273369 0.256414 0.460584 1.03277e-38 3
-0.265927 0.256414 0.460584 9.49794e-39 3
-0.258485 0.256414 0.460584 1.02355e-38 3
-0.156736 0.23755 0.426699 1.11575e-38 3
-0.149842 0.23755 0.426699 1.15262e-38 3
-0.142948 0.23755 0.426699 1.05117e-38 3
-0.139007 0.255662 0.459233 1.18036e-38 3
-0.13082 0.254172 0.456555 1.24489e-38 3
-0.123443 0.254172 0.456555 1.26333e-38 3
-0.116066 0.254172 0.456555 1.23549e-38 3
-0.108373 0.253433 0.455228 1.2356e-38 3
-0.101018 0.253433 0.455228 1.30014e-38 3
-0.092853 0.251242 0.451292 1.19879e-38 3
-0.0855613 0.251242 0.451292 1.16195e-38 3
-0.0780447 0.25052 0.449995 1.15262e-38 3
-0.0568863 0.253433 0.455228 1.1434e-38 3
-0.0492446 0.251968 0.452597 1.29085e-38 3
-0.0419319 0.251968 0.452597 1.33694e-38 3
-0.0348203 0.253433 0.455228 1.24468e-38 3
-0.027465 0.253433 0.455228 1.33691e-38 3
-0.0201684 0.254172 0.456555 1.4748e-38 3
-0.0129045 0.256414 0.460584 1.62214e-38 3
-0.00556077 0.261021 0.468858 1.55782e-38 3
0.00201475 0.261021 0.468858 1.696e-38 3
0.0220363 0.232482 0.417596 1.69557e-38 3
0.0287835 0.232482 0.417596 1.62178e-38 3
0.0363053 0.23755 0.426699 1.72319e-38 3
0.0435557 0.239508 0.430215 1.70475e-38 3
0.0507859 0.240831 0.432592 1.64951e-38 3
0.0580965 0.242169 0.434996 1.68631e-38 3
0.0653063 0.242844 0.436207 1.81539e-38 3
0.0723543 0.242844 0.436207 1.81553e-38 3
0.0794022 0.242844 0.436207 1.6221e-38 3
0.0864502 0.242844 0.436207 1.64061e-38 3
0.0934982 0.242844 0.436207 1.86149e-38 3
0.208511 0.254172 0.456555 1.67746e-38 3
0.21526 0.253433 0.455228 1.65909e-38 3
0.220691 0.251242 0.451292 1.48406e-38 3
0.227982 0.251242 0.451292 1.52105e-38 3
0.236638 0.252698 0.453908 1.45658e-38 3
0.245395 0.254172 0.456555 1.41978e-38 3
0.260362 0.261804 0.470266 1.33684e-38 3
0.265568 0.259467 0.466067 1.25393e-38 3
0.273914 0.260241 0.467458 1.19858e-38 3
0.282309 0.261021 0.468858 1.18018e-38 3
0.289885 0.261021 0.468858 1.1895e-38 3
0.298353 0.261804 0.470266 1.27248e-38 3
0.305036 0.261021 0.468858 1.21702e-38 3
0.3164 0.264184 0.474541 1.12489e-38 3
0.333154 0.271591 0.487846 1.25393e-38 3
0.341036 0.271591 0.487846 1.0511e-38 3
0.385785 0.281229 0.505156 8.94621e-39 3
0.401723 0.286779 0.515126 6.64169e-39 3
0.406039 0.283977 0.510093 8.48595e-39 3
0.387207 0.260241 0.467458 8.57635e-39 3
0.398327 0.262593 0.471682 8.48271e-39 3
0.404729 0.261804 0.470266 8.48236e-39 3
