# .PCD v0.7 - Point Cloud Data file format
VERSION 0.7
FIELDS x y z rgb label
SIZE 4 4 4 4 4
TYPE F F F F U
COUNT 1 1 1 1 1
WIDTH 2967
HEIGHT 1
VIEWPOINT 0 0 0 1 0 0 0
POINTS 2967
DATA ascii
-1.47847 -0.652806 2.30292 1.74921e-39 1
-1.39633 -0.581397 2.17498 1.47262e-39 1
-1.39633 -0.546255 2.17498 2.57968e-39 1
-1.62155 -0.593551 2.52578 2.21198e-39 1
-1.58074 -0.593551 2.52578 2.1187e-39 1
-1.4466 -0.557578 2.3727 1.56553e-39 1
-1.32136 -0.439358 2.00767 1.93504e-39 1
-1.28892 -0.439358 2.00767 2.02759e-39 1
-1.58074 -0.552741 2.52578 1.28967e-39 1
-1.4466 -0.519241 2.3727 1.84284e-39 1
-1.15344 -0.463107 2.11619 1.84212e-39 1
-1.25691 -0.38707 1.90974 1.93396e-39 1
-1.2567 -0.396746 1.95748 1.01308e-39 1
-1.25649 -0.406919 2.00767 9.20165e-40 1
-1.11018 -0.369066 1.82091 2.2109e-39 1
-1.36684 -0.46676 2.30292 2.11799e-39 1
-1.09429 -0.406919 2.00767 1.93432e-39 1
-1.25691 -0.356213 1.90974 1.84177e-39 1
-1.2567 -0.365119 1.95748 1.93504e-39 1
-1.1137 -0.331926 1.77953 1.74993e-39 1
-1.08495 -0.331926 1.77953 1.74921e-39 1
-1.08076 -0.339645 1.82091 2.3013e-39 1
-1.07637 -0.347732 1.86427 1.65845e-39 1
-1.04625 -0.347732 1.86427 1.19747e-39 1
-1.06693 -0.365119 1.95748 2.11943e-39 1
-0.986006 -0.347732 1.86427 1.1964e-39 1
-0.912435 -0.331926 1.77953 1.75065e-39 1
-1.22698 -0.31761 1.86427 1.65773e-39 1
-1.22605 -0.325357 1.90974 1.751e-39 1
-1.1137 -0.303173 1.77953 1.47334e-39 1
-1.08495 -0.303173 1.77953 1.9336e-39 1
-1.08076 -0.310224 1.82091 2.11799e-39 1
-1.05134 -0.310224 1.82091 1.93504e-39 1
-1.04625 -0.31761 1.86427 1.93396e-39 1
-1.01613 -0.31761 1.86427 2.02544e-39 1
-0.920272 -0.296436 1.73998 1.84212e-39 1
-0.892159 -0.296436 1.73998 1.47227e-39 1
-1.19845 -0.280803 1.82091 2.21055e-39 1
-1.19686 -0.287489 1.86427 1.65881e-39 1
-1.08895 -0.268323 1.73998 2.48713e-39 1
-1.06084 -0.268323 1.73998 1.56374e-39 1
-1.02745 -0.274421 1.77953 1.84284e-39 1
-1.04625 -0.287489 1.86427 1.01201e-39 1
-1.01613 -0.287489 1.86427 1.28823e-39 1
-0.900266 -0.262489 1.70216 2.3953e-39 1
-0.872764 -0.262489 1.70216 1.93324e-39 1
-1.19845 -0.251381 1.82091 1.56518e-39 1
-1.16902 -0.251381 1.82091 1.93432e-39 1
-1.1396 -0.251381 1.82091 2.48569e-39 1
-1.03778 -0.234987 1.70216 1.84032e-39 1
-1.01028 -0.234987 1.70216 2.21018e-39 1
-1.19686 -0.227245 1.86427 1.84105e-39 1
-1.1396 -0.22196 1.82091 2.11691e-39 1
-1.01028 -0.207485 1.70216 1.74921e-39 1
-2.1699 -0.0312957 3.55905 3.22613e-39 3
-2.58182 -0.0382503 4.34996 3.40945e-39 3
-0.54358 -0.0382503 4.34996 3.22685e-39 3
-0.473296 -0.0382503 4.34996 3.50343e-39 3
-1.97842 0.0164745 2.23712 3.596e-39 3
-2.27323 0.0274575 3.72853 4.23849e-39 3
-2.44593 0.0303478 4.12101 4.05481e-39 3
-0.416964 0.0217588 2.95469 4.88674e-39 3
-0.369224 0.0217588 2.95469 5.6243e-39 3
-0.473296 0.0320337 4.34996 5.71613e-39 3
-2.79267 0.102318 4.34996 4.79418e-39 3
-1.81492 0.0682118 2.89997 3.8715e-39 3
-1.76807 0.0682118 2.89997 4.05516e-39 3
-2.44593 0.0969326 4.12101 4.60906e-39 3
-0.615733 0.092086 3.91496 7.28346e-39 3
-0.409243 0.0682118 2.89997 5.80869e-39 3
-0.369224 0.0694989 2.95469 5.6243e-39 3
-0.321484 0.0694989 2.95469 6.3615e-39 3
-0.345439 0.0877009 3.72853 5.71613e-39 3
-1.95861 0.0863009 2.17498 4.51687e-39 3
-1.81804 0.0863009 2.17498 3.59563e-39 3
-1.7829 0.0863009 2.17498 3.04246e-39 3
-1.35503 0.068282 1.72086 3.78002e-39 3
-1.29869 0.0668136 1.68385 3.8715e-39 3
-1.25795 0.0661028 1.66594 3.50344e-39 3
-1.32136 0.0796624 2.00767 4.24064e-39 3
-2.33347 0.147944 3.72853 7.65187e-39 3
-2.27323 0.147944 3.72853 1.42903e-38 3
-0.79881 0.182755 4.60584 7.28381e-39 3
-0.615733 0.155342 3.91496 7.56004e-39 3
-0.416964 0.117239 2.95469 6.73064e-39 3
-0.343314 0.109012 2.74734 6.27074e-39 3
-0.283977 0.103561 2.60997 7.65295e-39 3
-1.95861 0.121443 2.17498 4.1488e-39 3
-1.92346 0.121443 2.17498 4.97856e-39 3
-1.44637 0.0930201 1.66594 4.79525e-39 3
-1.41946 0.0930201 1.66594 4.05733e-39 3
-1.67819 0.112101 2.00767 4.42575e-39 3
-1.41064 0.0960867 1.72086 3.68854e-39 3
-1.41391 0.098246 1.75953 3.87258e-39 3
-1.35503 0.0960867 1.72086 4.24136e-39 3
-1.29869 0.0940203 1.68385 3.1343e-39 3
-1.27148 0.0940203 1.68385 3.41052e-39 3
-1.28776 0.106633 1.90974 5.53173e-39 3
-1.30464 0.110682 1.98226 6.26894e-39 3
-0.61278 0.0892234 1.59794 7.37637e-39 3
-0.714725 0.230102 4.12101 7.00687e-39 3
-0.64814 0.230102 4.12101 7.00759e-39 3
-0.539002 0.213266 3.81947 7.7448e-39 3
-0.337394 0.150757 2.69997 7.37709e-39 3
-0.283977 0.145731 2.60997 7.56076e-39 3
-0.226694 0.136623 2.44685 6.82319e-39 3
-1.95861 0.156585 2.17498 5.43954e-39 3
-1.47329 0.119937 1.66594 5.53174e-39 3
-1.44637 0.119937 1.66594 5.34807e-39 3
-1.41946 0.119937 1.66594 5.25551e-39 3
-1.39254 0.119937 1.66594 5.44026e-39 3
-1.56547 0.137489 1.90974 4.88745e-39 3
-1.44642 0.129588 1.79998 5.5321e-39 3
-1.35503 0.123891 1.72086 5.25551e-39 3
-1.7254 0.161059 2.23712 5.80797e-39 3
-1.68925 0.161059 2.23712 5.90052e-39 3
-1.37138 0.146417 2.03375 9.31176e-39 3
-1.33852 0.146417 2.03375 6.63844e-39 3
-2.37096 0.31317 4.34996 6.91539e-39 3
-2.30068 0.31317 4.34996 6.82319e-39 3
-2.5092 0.352316 4.8937 7.92882e-39 3
-2.43013 0.352316 4.8937 6.91539e-39 3
-0.61278 0.115042 1.59794 7.46856e-39 3
-0.656994 0.148344 2.06051 7.28346e-39 3
-0.515232 0.122545 1.70216 7.00723e-39 3
-0.48773 0.122545 1.70216 7.46929e-39 3
-0.460227 0.122545 1.70216 8.57527e-39 3
-0.714725 0.296687 4.12101 8.02102e-39 3
-0.64814 0.296687 4.12101 8.20541e-39 3
-0.337394 0.194381 2.69997 8.20577e-39 3
-0.29377 0.194381 2.69997 7.37637e-39 3
-0.164868 0.128115 1.77953 6.91539e-39 3
-0.127428 0.119937 1.66594 7.46856e-39 3
-0.0944797 0.112741 1.56598 6.63809e-39 3
-0.0438752 0.112741 1.56598 9.12772e-39 3
-0.018952 0.115042 1.59794 8.29761e-39 3
0.0860792 0.117439 1.63123 7.56076e-39 3
-1.46895 0.143795 1.63123 5.53173e-39 3
-1.35774 0.135337 1.53528 5.53173e-39 3
-1.38734 0.140861 1.59794 5.90124e-39 3
-1.36152 0.140861 1.59794 5.80904e-39 3
-1.36353 0.143795 1.63123 5.25587e-39 3
-1.36562 0.146855 1.66594 5.80904e-39 3
-1.44642 0.158671 1.79998 5.80869e-39 3
-1.41733 0.158671 1.79998 6.36186e-39 3
-1.67747 0.191727 2.17498 6.2693e-39 3
-1.68925 0.197205 2.23712 6.08563e-39 3
-1.65311 0.197205 2.23712 6.17783e-39 3
-1.61696 0.197205 2.23712 7.28381e-39 3
-1.58081 0.197205 2.23712 6.08563e-39 3
-1.42272 0.181636 2.06051 6.17782e-39 3
-1.38943 0.181636 2.06051 5.62465e-39 3
-1.37422 0.184058 2.08798 6.54624e-39 3
-1.37721 0.189101 2.14518 6.731e-39 3
-1.42037 0.200063 2.26954 7.37673e-39 3
-1.4466 0.209157 2.3727 7.37636e-39 3
-1.40826 0.209157 2.3727 6.17782e-39 3
-1.52419 0.246506 2.7964 6.27002e-39 3
-1.47901 0.246506 2.7964 6.91503e-39 3
-2.2304 0.383454 4.34996 5.99271e-39 3
-2.43013 0.431386 4.8937 7.00758e-39 3
-2.35106 0.431386 4.8937 7.19305e-39 3
-1.42982 0.328675 3.72853 7.56076e-39 3
-1.25048 0.300094 3.40431 8.11393e-39 3
-0.833212 0.209157 2.3727 7.92882e-39 3
-0.570237 0.150047 1.70216 7.74443e-39 3
-0.542734 0.150047 1.70216 7.19198e-39 3
-0.50427 0.146855 1.66594 7.10122e-39 3
-0.448711 0.138043 1.56598 8.57599e-39 3
-0.423409 0.138043 1.56598 9.03588e-39 3
-0.368617 0.127818 1.44999 8.57491e-39 3
-0.351702 0.13023 1.47734 8.85114e-39 3
-0.327832 0.13023 1.47734 8.57419e-39 3
-0.332165 0.142313 1.61442 8.66639e-39 3
-0.315849 0.146855 1.66594 8.57455e-39 3
-0.323328 0.164337 1.86427 8.48163e-39 3
-0.293206 0.164337 1.86427 9.2192e-39 3
-0.315701 0.197205 2.23712 8.84898e-39 3
-0.193621 0.156867 1.77953 7.74515e-39 3
-0.1577 0.150047 1.70216 9.03697e-39 3
-0.124773 0.143795 1.63123 1.01422e-38 3
-0.0964079 0.140861 1.59794 8.11321e-39 3
-0.0705893 0.140861 1.59794 8.6671e-39 3
-0.0447706 0.140861 1.59794 9.12772e-39 3
-0.018952 0.140861 1.59794 8.85078e-39 3
0.00686661 0.140861 1.59794 9.21992e-39 3
0.0333662 0.143795 1.63123 9.40431e-39 3
0.0597227 0.143795 1.63123 9.40395e-39 3
0.0860792 0.143795 1.63123 9.68054e-39 3
0.114828 0.146855 1.66594 8.29832e-39 3
0.385674 0.0718976 0.815617 7.37637e-39 3
0.398852 0.0718976 0.815617 6.36222e-39 3
0.412031 0.0718976 0.815617 5.71757e-39 3
0.425209 0.0718976 0.815617 6.36294e-39 3
0.466132 0.0742169 0.841927 5.07112e-39 3
-1.38255 0.160143 1.53528 4.97856e-39 3
-1.33163 0.157063 1.50575 5.43954e-39 3
-1.33293 0.160143 1.53528 5.62465e-39 3
-1.33429 0.163346 1.56598 5.25587e-39 3
-1.30899 0.163346 1.56598 5.71685e-39 3
-1.41064 0.179501 1.72086 5.99343e-39 3
-1.42998 0.18562 1.77953 5.43991e-39 3
-1.41733 0.187754 1.79998 5.90088e-39 3
-1.63213 0.220737 2.11619 5.44062e-39 3
-1.64233 0.226869 2.17498 4.88745e-39 3
-1.60719 0.226869 2.17498 5.90124e-39 3
-1.43275 0.206767 1.98226 5.53246e-39 3
-1.4371 0.212137 2.03375 5.4399e-39 3
-1.42272 0.214928 2.06051 6.08562e-39 3
-1.40795 0.217794 2.08798 6.36257e-39 3
-1.39279 0.220737 2.11619 6.54696e-39 3
-2.18557 0.355099 3.40431 5.53353e-39 3
-1.42037 0.236733 2.26954 6.63988e-39 3
-1.4466 0.247493 2.3727 6.82319e-39 3
-2.13387 0.408364 3.91496 7.65259e-39 3
-2.07061 0.408364 3.91496 7.83626e-39 3
-2.2304 0.453738 4.34996 8.29761e-39 3
-1.42982 0.388918 3.72853 7.9299e-39 3
-1.25048 0.355099 3.40431 8.57491e-39 3
-0.982 0.291689 2.7964 8.48235e-39 3
-0.728636 0.226869 2.17498 8.20613e-39 3
-0.640148 0.209418 2.00767 9.40503e-39 3
-0.515232 0.17755 1.70216 1.00515e-38 3
-0.477352 0.173772 1.66594 1.03284e-38 3
-0.441051 0.170152 1.63123 1.02355e-38 3
-0.375572 0.1541 1.47734 1.01433e-38 3
-0.358466 0.157063 1.50575 1.03266e-38 3
-0.340688 0.160143 1.53528 1.03266e-38 3
-0.325455 0.164996 1.5818 1.0695e-38 3
-0.315849 0.173772 1.66594 1.15244e-38 3
-0.295212 0.17755 1.70216 1.09709e-38 3
-0.270652 0.179501 1.72086 1.05089e-38 3
-0.256966 0.189937 1.82091 1.0784e-38 3
-0.575555 0.480428 4.60584 9.95569e-39 3
-0.198124 0.189937 1.82091 1.08791e-38 3
-0.161205 0.181495 1.73998 9.49831e-39 3
-0.127428 0.173772 1.66594 8.85258e-39 3
-0.0984164 0.170152 1.63123 1.06943e-38 3
-0.0705893 0.166679 1.59794 1.10627e-38 3
-0.0447706 0.166679 1.59794 1.07865e-38 3
-0.018952 0.166679 1.59794 1.06021e-38 3
0.00686661 0.166679 1.59794 1.01419e-38 3
0.0333662 0.170152 1.63123 1.15241e-38 3
0.0597227 0.170152 1.63123 1.13386e-38 3
0.0879107 0.173772 1.66594 1.13401e-38 3
0.12551 0.189937 1.82091 1.06032e-38 3
0.184352 0.189937 1.82091 1.05103e-38 3
0.208915 0.18562 1.77953 1.05103e-38 3
0.37906 0.0897503 0.860431 7.37565e-39 3
0.372496 0.0850759 0.815617 6.63808e-39 3
0.385674 0.0850759 0.815617 7.19198e-39 3
0.398852 0.0850759 0.815617 5.80904e-39 3
0.412031 0.0850759 0.815617 5.90196e-39 3
0.434256 0.086886 0.83297 6.17855e-39 3
0.452529 0.0878202 0.841927 6.63952e-39 3
-1.33163 0.181392 1.50575 7.74443e-39 3
-1.3073 0.181392 1.50575 6.73028e-39 3
-1.64727 0.232899 1.93331 7.09906e-39 3
-1.30899 0.188648 1.56598 7.65223e-39 3
-1.23431 0.181392 1.50575 5.99271e-39 3
-1.3982 0.209609 1.73998 5.99343e-39 3
-1.40123 0.214373 1.77953 6.6388e-39 3
-1.50972 0.23581 1.95748 6.63809e-39 3
-1.59794 0.25493 2.11619 7.19198e-39 3
-1.56375 0.25493 2.11619 6.54589e-39 3
-1.48931 0.248221 2.06051 7.19161e-39 3
-1.47543 0.251531 2.08798 7.65295e-39 3
-1.44169 0.251531 2.08798 7.09978e-39 3
-1.37138 0.244997 2.03375 7.28417e-39 3
-1.61041 0.294762 2.44685 7.00758e-39 3
-2.64569 0.496442 4.12101 7.00758e-39 3
-2.5791 0.496442 4.12101 7.83734e-39 3
-2.13387 0.47162 3.91496 8.85149e-39 3
-2.17959 0.496442 4.12101 9.03552e-39 3
-2.11301 0.496442 4.12101 8.66674e-39 3
-1.97984 0.496442 4.12101 7.65295e-39 3
-1.49006 0.449162 3.72853 1.0511e-38 3
-1.30549 0.410104 3.40431 8.94369e-39 3
-1.06523 0.349348 2.89997 8.48271e-39 3
-0.85925 0.294762 2.44685 1.02344e-38 3
-0.708943 0.25493 2.11619 1.03266e-38 3
-0.640148 0.241856 2.00767 1.12497e-38 3
-0.526682 0.209609 1.73998 1.06046e-38 3
-0.467407 0.196508 1.63123 1.06965e-38 3
-0.392045 0.174674 1.44999 1.01433e-38 3
-0.368617 0.174674 1.44999 1.03266e-38 3
-0.345189 0.174674 1.44999 9.49794e-39 3
-0.334137 0.181392 1.50575 1.01433e-38 3
-0.335625 0.196508 1.63123 1.06025e-38 3
-0.315849 0.200689 1.66594 1.16166e-38 3
-0.288931 0.200689 1.66594 1.43822e-38 3
-0.26771 0.205052 1.70216 1.32747e-38 3
-0.245546 0.209609 1.73998 1.31822e-38 3
-0.168703 0.219358 1.82091 1.07905e-38 3
-0.133091 0.209609 1.73998 1.2078e-38 3
-0.10051 0.200689 1.66594 1.12464e-38 3
-0.0720599 0.196508 1.63123 1.05099e-38 3
-0.0457034 0.196508 1.63123 1.04177e-38 3
-0.0193468 0.196508 1.63123 1.05103e-38 3
0.00700966 0.196508 1.63123 1.08787e-38 3
0.0333662 0.196508 1.63123 1.09709e-38 3
0.0597227 0.196508 1.63123 1.05099e-38 3
0.0879107 0.200689 1.66594 1.14308e-38 3
0.122657 0.214373 1.77953 1.05096e-38 3
0.154931 0.219358 1.82091 9.40467e-39 3
0.184352 0.219358 1.82091 9.22064e-39 3
0.199832 0.205052 1.70216 9.31211e-39 3
0.229832 0.207305 1.72086 9.12737e-39 3
0.313246 0.207305 1.72086 7.55968e-39 3
0.330166 0.200689 1.66594 8.482e-39 3
0.41103 0.108418 0.899991 7.28345e-39 3
0.398115 0.101424 0.841927 7.74443e-39 3
0.407339 0.100345 0.83297 7.83735e-39 3
0.420797 0.100345 0.83297 7.46856e-39 3
0.443696 0.102526 0.851078 7.00866e-39 3
0.50705 0.113643 0.943364 5.80904e-39 3
-1.33163 0.205721 1.50575 7.56004e-39 3
-1.3073 0.205721 1.50575 6.82247e-39 3
-1.68897 0.270823 1.98226 6.91467e-39 3
-1.53999 0.251706 1.84233 5.90052e-39 3
-1.16699 0.1945 1.42362 6.91467e-39 3
-1.16517 0.198102 1.44999 6.54661e-39 3
-1.40123 0.243125 1.77953 6.27002e-39 3
-1.23243 0.218316 1.59794 5.62573e-39 3
-1.2853 0.232554 1.70216 7.74515e-39 3
-1.50282 0.277857 2.03375 6.91539e-39 3
-1.46996 0.277857 2.03375 7.376e-39 3
-1.49536 0.289122 2.11619 7.19198e-39 3
-1.46117 0.289122 2.11619 7.74515e-39 3
-1.28776 0.260915 1.90974 7.09978e-39 3
-0.991022 0.205721 1.50575 8.02174e-39 3
-0.922349 0.196285 1.43668 8.29832e-39 3
-0.890962 0.1945 1.42362 9.22028e-39 3
-0.86796 0.1945 1.42362 9.68125e-39 3
-0.822526 0.189336 1.38583 9.03589e-39 3
-0.786219 0.186044 1.36173 8.7593e-39 3
-1.4175 0.345081 2.52578 9.21992e-39 3
-0.488531 0.138929 1.01687 9.95784e-39 3
-0.454397 0.133719 0.97874 9.03732e-39 3
-0.438584 0.133719 0.97874 9.77381e-39 3
-0.490168 0.155036 1.13477 9.40502e-39 3
-1.30549 0.465109 3.40431 1.02344e-38 3
-1.06523 0.396204 2.89997 1.03266e-38 3
-0.85925 0.334297 2.44685 1.04188e-38 3
-0.708943 0.289122 2.11619 9.95892e-39 3
-0.567404 0.243125 1.77953 1.11575e-38 3
-0.515232 0.232554 1.70216 1.07887e-38 3
-0.457869 0.218316 1.59794 1.01433e-38 3
-0.371411 0.187676 1.37367 1.12497e-38 3
-0.349216 0.187676 1.37367 1.08809e-38 3
-0.332861 0.191027 1.3982 1.1895e-38 3
-0.318809 0.196285 1.43668 1.18936e-38 3
-0.342766 0.227607 1.66594 1.13401e-38 3
-0.309268 0.222865 1.63123 9.77274e-39 3
-0.288931 0.227607 1.66594 1.18929e-38 3
-0.262014 0.227607 1.66594 1.16163e-38 3
-0.245546 0.237722 1.73998 1.09698e-38 3
-0.222374 0.243125 1.77953 1.12471e-38 3
-0.176932 0.260915 1.90974 1.03284e-38 3
-0.107363 0.243125 1.77953 1.32758e-38 3
-0.0735931 0.227607 1.66594 1.30914e-38 3
-0.0457034 0.222865 1.63123 9.86493e-39 3
-0.0193468 0.222865 1.63123 1.08791e-38 3
0.00700966 0.222865 1.63123 1.05103e-38 3
0.0333662 0.222865 1.63123 9.58834e-39 3
0.0597227 0.222865 1.63123 1.07865e-38 3
0.0879107 0.227607 1.66594 8.38944e-39 3
0.119931 0.237722 1.73998 9.127e-39 3
0.15141 0.243125 1.77953 9.03588e-39 3
0.172329 0.232554 1.70216 9.4983e-39 3
0.19558 0.227607 1.66594 9.31283e-39 3
0.229832 0.23511 1.72086 8.11393e-39 3
0.252096 0.230054 1.68385 1.02344e-38 3
0.279303 0.230054 1.68385 1.14323e-38 3
0.296931 0.222865 1.63123 9.77345e-39 3
0.777383 0.232554 1.70216 8.85078e-39 3
0.43052 0.12439 0.910456 8.3898e-39 3
0.445231 0.12439 0.910456 8.02174e-39 3
0.470892 0.127351 0.932133 8.57491e-39 3
0.491808 0.128886 0.943364 8.8515e-39 3
1.13744 0.289122 2.11619 9.95749e-39 3
1.39423 0.334297 2.44685 9.12736e-39 3
2.39187 0.4279 3.13197 6.91539e-39 3
3.0949 0.465109 3.40431 4.14917e-39 3
1.17211 0.137148 1.00384 3.77931e-39 3
1.18833 0.137148 1.00384 3.22613e-39 3
-1.23545 0.22153 1.44999 6.63808e-39 3
-1.21203 0.22153 1.44999 7.376e-39 3
-1.10663 0.206252 1.34999 6.45405e-39 3
-1.16517 0.22153 1.44999 7.28417e-39 3
-1.16328 0.22571 1.47734 7.8377e-39 3
-1.16133 0.23005 1.50575 7.74623e-39 3
-1.40771 0.284824 1.86427 7.37708e-39 3
-1.23104 0.254524 1.66594 8.20612e-39 3
-1.20412 0.254524 1.66594 8.39052e-39 3
-1.31734 0.284824 1.86427 7.09978e-39 3
-1.40424 0.310717 2.03375 7.9299e-39 3
-0.977746 0.22153 1.44999 8.94333e-39 3
-0.896229 0.208046 1.36173 9.68126e-39 3
-0.874227 0.208046 1.36173 8.20613e-39 3
-0.830558 0.202756 1.32711 9.95784e-39 3
-0.830223 0.208046 1.36173 9.31247e-39 3
-0.81531 0.209871 1.37367 8.57491e-39 3
-0.793116 0.209871 1.37367 9.77273e-39 3
-0.798954 0.217502 1.42362 1.09713e-38 3
-0.836811 0.234561 1.53528 9.68125e-39 3
-0.578722 0.18404 1.2046 1.0511e-38 3
-0.472101 0.155359 1.01687 1.06043e-38 3
-0.444135 0.151426 0.991129 1.08809e-38 3
-0.490168 0.173371 1.13477 1.06965e-38 3
-0.500869 0.18404 1.2046 1.05121e-38 3
-1.06523 0.44306 2.89997 1.15248e-38 3
-0.85925 0.373832 2.44685 1.13408e-38 3
-0.596157 0.271878 1.77953 1.04199e-38 3
-0.515232 0.260057 1.70216 1.1434e-38 3
-0.448711 0.239252 1.56598 1.13419e-38 3
-0.384917 0.217502 1.42362 1.1895e-38 3
-0.361915 0.217502 1.42362 1.2356e-38 3
-0.33586 0.215543 1.4108 1.19865e-38 3
-0.318809 0.219498 1.43668 1.28155e-38 3
-0.350217 0.260057 1.70216 1.38301e-38 3
-0.309268 0.249221 1.63123 1.23546e-38 3
-0.288931 0.254524 1.66594 1.19858e-38 3
-0.262014 0.254524 1.66594 1.2262e-38 3
-0.216658 0.234561 1.53528 1.19854e-38 3
-0.217432 0.265836 1.73998 1.17088e-38 3
-0.193621 0.271878 1.77953 1.0972e-38 3
-0.176932 0.291771 1.90974 1.11571e-38 3
-0.146076 0.291771 1.90974 1.23546e-38 3
-0.0851169 0.215543 1.4108 1.20773e-38 3
-0.0596358 0.206252 1.34999 1.18932e-38 3
-0.0365627 0.199377 1.30499 1.25386e-38 3
-0.0154775 0.199377 1.30499 1.30925e-38 3
0.00565485 0.201052 1.31595 1.30921e-38 3
0.0266929 0.199377 1.30499 1.28155e-38 3
0.0597227 0.249221 1.63123 1.27233e-38 3
0.0879107 0.254524 1.66594 1.28148e-38 3
0.119931 0.265836 1.73998 1.18007e-38 3
0.148045 0.265836 1.73998 1.42914e-38 3
0.168663 0.254524 1.66594 1.19872e-38 3
0.191505 0.249221 1.63123 1.32783e-38 3
0.22489 0.257261 1.68385 1.31847e-38 3
0.254836 0.260057 1.70216 1.36457e-38 3
0.273423 0.251845 1.6484 1.19861e-38 3
0.287933 0.241669 1.5818 1.23546e-38 3
0.301317 0.232284 1.52037 1.30911e-38 3
0.3137 0.2236 1.46354 1.34609e-38 3
0.563379 0.239252 1.56598 1.14323e-38 3
0.588681 0.239252 1.56598 1.16166e-38 3
0.613983 0.239252 1.56598 1.10638e-38 3
0.665922 0.249221 1.63123 1.04185e-38 3
0.722378 0.260057 1.70216 1.06025e-38 3
0.74988 0.260057 1.70216 1.02337e-38 3
0.777383 0.260057 1.70216 1.00493e-38 3
0.755607 0.244135 1.59794 9.86493e-39 3
0.750781 0.234561 1.53528 9.58906e-39 3
0.74632 0.22571 1.47734 1.06954e-38 3
0.762992 0.2236 1.46354 1.13408e-38 3
0.779355 0.22153 1.44999 9.95748e-39 3
0.802783 0.22153 1.44999 9.77309e-39 3
1.39423 0.373832 2.44685 1.04177e-38 3
1.43377 0.373832 2.44685 1.08787e-38 3
1.4733 0.373832 2.44685 9.31175e-39 3
1.4916 0.341789 2.23712 1.0788e-38 3
1.84731 0.385891 2.52578 7.28345e-39 3
2.01833 0.412504 2.69997 6.731e-39 3
2.29988 0.460101 3.01151 7.28417e-39 3
2.68914 0.460101 3.01151 6.08528e-39 3
2.6364 0.44306 2.89997 5.6243e-39 3
2.89791 0.478505 3.13197 5.5321e-39 3
1.18733 0.155359 1.01687 3.31797e-39 3
1.18833 0.153367 1.00384 3.50236e-39 3
1.1893 0.151426 0.991129 3.77967e-39 3
1.19025 0.149533 0.97874 3.96406e-39 3
-1.09368 0.216848 1.28359 7.83663e-39 3
-1.07294 0.216848 1.28359 7.92882e-39 3
-1.08787 0.224199 1.32711 8.11357e-39 3
-1.56086 0.334879 1.98226 7.28453e-39 3
-1.50972 0.330693 1.95748 6.91647e-39 3
-1.4781 0.330693 1.95748 8.2072e-39 3
-1.39419 0.318741 1.88673 7.56112e-39 3
-1.3637 0.318741 1.88673 8.66674e-39 3
-1.31734 0.314946 1.86427 8.8515e-39 3
-1.36869 0.334879 1.98226 9.40467e-39 3
-0.851585 0.213351 1.26289 9.6809e-39 3
-0.880909 0.226115 1.33845 9.86565e-39 3
-0.86669 0.228064 1.34999 9.95821e-39 3
-0.830558 0.224199 1.32711 1.04188e-38 3
-0.830223 0.230048 1.36173 1.12486e-38 3
-0.822526 0.234119 1.38583 1.13404e-38 3
-0.786219 0.230048 1.36173 9.58798e-39 3
-0.757629 0.228064 1.34999 1.09716e-38 3
-0.748726 0.232065 1.37367 1.00508e-38 3
-0.577013 0.209964 1.24284 9.95928e-39 3
-0.539795 0.203504 1.2046 1.06965e-38 3
-0.520332 0.203504 1.2046 1.01433e-38 3
-0.500869 0.203504 1.2046 1.08809e-38 3
-0.488927 0.206683 1.22343 1.13419e-38 3
-0.500437 0.220462 1.30499 1.07872e-38 3
-0.898785 0.413367 2.44685 1.0695e-38 3
-0.7856 0.377935 2.23712 1.12489e-38 3
-0.493764 0.275578 1.63123 1.13419e-38 3
-0.384917 0.240504 1.42362 1.20798e-38 3
-0.361915 0.240504 1.42362 1.12504e-38 3
-0.338913 0.240504 1.42362 1.24471e-38 3
-0.324768 0.247247 1.46354 1.18936e-38 3
-0.350217 0.287559 1.70216 1.11567e-38 3
-0.309268 0.275578 1.63123 1.29088e-38 3
-0.298457 0.290719 1.72086 1.43832e-38 3
-0.262014 0.281441 1.66594 1.24471e-38 3
-0.214554 0.256849 1.52037 1.27234e-38 3
-0.188162 0.254379 1.50575 1.34609e-38 3
-0.160742 0.24958 1.47734 1.38293e-38 3
-0.129539 0.236209 1.3982 1.30003e-38 3
-0.107912 0.238338 1.4108 1.42907e-38 3
-0.0836104 0.234119 1.38583 1.48431e-38 3
-0.0581323 0.222315 1.31595 1.53045e-38 3
-0.0362605 0.21864 1.2942 1.40141e-38 3
-0.0154775 0.220462 1.30499 1.39223e-38 3
0.00565485 0.222315 1.31595 1.39223e-38 3
0.0266929 0.220462 1.30499 1.36453e-38 3
0.0477781 0.220462 1.30499 1.36453e-38 3
0.0860792 0.275578 1.63123 1.34606e-38 3
0.114828 0.281441 1.66594 1.5397e-38 3
0.141745 0.281441 1.66594 1.56743e-38 3
0.165149 0.275578 1.63123 1.41992e-38 3
0.187597 0.269954 1.59794 1.47527e-38 3
0.213416 0.269954 1.59794 1.29092e-38 3
0.23445 0.264555 1.56598 1.32765e-38 3
0.245049 0.24958 1.47734 1.34613e-38 3
0.266406 0.247247 1.46354 1.34616e-38 3
0.284731 0.242711 1.43668 1.34609e-38 3
0.282066 0.222315 1.31595 1.25393e-38 3
0.293464 0.215085 1.27316 1.23556e-38 3
0.299429 0.205081 1.21394 1.25404e-38 3
0.316589 0.203504 1.2046 1.18032e-38 3
0.538077 0.264555 1.56598 1.29077e-38 3
0.552332 0.259367 1.53528 1.13404e-38 3
0.588681 0.264555 1.56598 1.2539e-38 3
0.639566 0.275578 1.63123 1.10638e-38 3
0.672932 0.278479 1.6484 1.23549e-38 3
0.692279 0.275578 1.63123 1.09716e-38 3
0.733926 0.281441 1.66594 1.13401e-38 3
0.744992 0.275578 1.63123 1.22624e-38 3
0.712014 0.254379 1.50575 1.12486e-38 3
0.72933 0.251957 1.49141 1.1433e-38 3
0.739345 0.247247 1.46354 1.0511e-38 3
0.762992 0.247247 1.46354 1.11557e-38 3
0.779355 0.244958 1.44999 1.06947e-38 3
0.810286 0.247247 1.46354 1.03263e-38 3
0.818631 0.242711 1.43668 1.10624e-38 3
1.39032 0.40084 2.3727 1.05096e-38 3
1.3096 0.367437 2.17498 1.05099e-38 3
1.27397 0.348098 2.06051 1.05103e-38 3
1.4916 0.377935 2.23712 1.09727e-38 3
1.82911 0.413367 2.44685 8.7593e-39 3
1.86865 0.413367 2.44685 8.94369e-39 3
1.90818 0.413367 2.44685 8.39016e-39 3
2.14921 0.456129 2.69997 8.11322e-39 3
2.25541 0.426701 2.52578 6.54697e-39 3
2.29622 0.426701 2.52578 6.73064e-39 3
2.33703 0.426701 2.52578 6.36186e-39 3
2.54183 0.456129 2.69997 6.4537e-39 3
2.3826 0.413367 2.44685 5.34844e-39 3
1.18733 0.171789 1.01687 3.04103e-39 3
1.18833 0.169586 1.00384 4.97677e-39 3
1.20455 0.169586 1.00384 4.14809e-39 3
1.23662 0.171789 1.01687 3.1343e-39 3
-1.56086 0.366907 1.98226 8.66783e-39 3
-1.52883 0.366907 1.98226 8.11501e-39 3
-1.42467 0.349225 1.88673 9.77345e-39 3
-1.36138 0.341008 1.84233 8.7593e-39 3
-1.33161 0.341008 1.84233 1.00504e-38 3
-1.30185 0.341008 1.84233 1.03266e-38 3
-1.36869 0.366907 1.98226 9.5887e-39 3
-0.851585 0.233756 1.26289 9.86493e-39 3
-0.866103 0.243577 1.31595 1.0511e-38 3
-0.852001 0.245641 1.32711 8.94441e-39 3
-0.809966 0.239551 1.2942 1.01422e-38 3
-0.802316 0.243577 1.31595 9.68125e-39 3
-0.801253 0.249877 1.34999 1.02344e-38 3
-0.76623 0.245641 1.32711 9.95676e-39 3
-0.744788 0.245641 1.32711 1.02348e-38 3
-0.748726 0.25426 1.37367 1.04206e-38 3
-0.739504 0.258801 1.3982 9.22136e-39 3
-0.648567 0.249877 1.34999 1.02355e-38 3
-0.595931 0.237588 1.28359 1.08809e-38 3
-0.565914 0.233756 1.26289 1.13419e-38 3
-0.545509 0.233756 1.26289 7.74622e-39 3
-0.500869 0.222967 1.2046 1.08809e-38 3
-0.481405 0.222967 1.2046 1.11575e-38 3
-0.46916 0.226451 1.22343 1.0511e-38 3
-0.463889 0.233756 1.26289 1.02344e-38 3
-0.54992 0.289857 1.56598 1.19872e-38 3
-0.384917 0.263506 1.42362 1.33709e-38 3
-0.361915 0.263506 1.42362 1.29092e-38 3
-0.332861 0.258801 1.3982 1.44754e-38 3
-0.31027 0.258801 1.3982 1.20787e-38 3
-0.366136 0.329383 1.77953 1.21716e-38 3
-0.349291 0.341008 1.84233 1.21723e-38 3
-0.357362 0.381391 2.06051 1.20794e-38 3
-0.262014 0.308358 1.66594 1.0972e-38 3
-0.223223 0.292785 1.5818 1.22627e-38 3
-0.203842 0.301934 1.63123 1.30007e-38 3
-0.177486 0.301934 1.63123 1.27237e-38 3
-0.129539 0.258801 1.3982 1.28159e-38 3
-0.106948 0.258801 1.3982 1.30003e-38 3
-0.082877 0.25426 1.37367 1.32758e-38 3
-0.0571715 0.239551 1.2942 1.41059e-38 3
-0.0362605 0.239551 1.2942 1.48438e-38 3
-0.0153496 0.239551 1.2942 1.45673e-38 3
0.00560773 0.241547 1.30499 1.32765e-38 3
0.0260419 0.235656 1.27316 1.40137e-38 3
0.0466128 0.235656 1.27316 1.43829e-38 3
0.082636 0.289857 1.56598 1.34609e-38 3
0.110141 0.295772 1.59794 1.34616e-38 3
0.13596 0.295772 1.59794 1.42914e-38 3
0.158543 0.289857 1.56598 1.43832e-38 3
0.18024 0.284173 1.53528 1.48446e-38 3
0.197309 0.27345 1.47734 1.36457e-38 3
0.221179 0.27345 1.47734 1.42907e-38 3
0.212911 0.237588 1.28359 1.38297e-38 3
0.233651 0.237588 1.28359 1.4107e-38 3
0.25439 0.237588 1.28359 1.37371e-38 3
0.272893 0.235656 1.27316 1.38304e-38 3
0.288769 0.231886 1.25279 1.27248e-38 3
0.301768 0.226451 1.22343 1.2172e-38 3
0.316589 0.222967 1.2046 1.38319e-38 3
0.338657 0.224695 1.21394 1.21716e-38 3
0.444394 0.278709 1.50575 1.26315e-38 3
0.50272 0.284173 1.53528 1.28155e-38 3
0.527526 0.284173 1.53528 1.30921e-38 3
0.552332 0.284173 1.53528 1.23549e-38 3
0.594627 0.292785 1.5818 1.18018e-38 3
0.639566 0.301934 1.63123 1.26312e-38 3
0.665922 0.301934 1.63123 1.23553e-38 3
0.651557 0.284173 1.53528 1.15255e-38 3
0.657038 0.276054 1.49141 1.17092e-38 3
0.668404 0.270894 1.46354 1.11564e-38 3
0.692051 0.270894 1.46354 1.16174e-38 3
0.702566 0.265924 1.43668 1.15252e-38 3
0.719181 0.263506 1.42362 1.2078e-38 3
0.742183 0.263506 1.42362 1.07869e-38 3
0.772205 0.265924 1.43668 1.13408e-38 3
0.802783 0.268386 1.44999 1.02344e-38 3
0.949264 0.308358 1.66594 1.02333e-38 3
0.955844 0.301934 1.63123 1.1801e-38 3
0.942912 0.289857 1.56598 1.07869e-38 3
0.968215 0.289857 1.56598 1.09713e-38 3
1.03491 0.301934 1.63123 1.0511e-38 3
1.06127 0.301934 1.63123 9.49794e-39 3
1.54031 0.381391 2.06051 8.7593e-39 3
1.35902 0.329383 1.77953 9.95784e-39 3
1.29919 0.308358 1.66594 9.12737e-39 3
1.02175 0.237588 1.28359 8.20541e-39 3
1.32484 0.301934 1.63123 7.19198e-39 3
2.24625 0.483095 2.60997 7.56004e-39 3
2.08038 0.439177 2.3727 7.74444e-39 3
2.11872 0.439177 2.3727 8.20685e-39 3
2.22446 0.452901 2.44685 8.11393e-39 3
2.264 0.452901 2.44685 8.66711e-39 3
2.30353 0.452901 2.44685 7.00723e-39 3
2.34307 0.452901 2.44685 5.99416e-39 3
2.17838 0.414081 2.23712 6.9154e-39 3
2.21452 0.414081 2.23712 6.73065e-39 3
1.26985 0.204125 1.10281 3.40981e-39 3
1.20295 0.190695 1.03025 3.40945e-39 3
1.2196 0.190695 1.03025 2.48821e-39 3
1.22019 0.188219 1.01687 2.48821e-39 3
1.23662 0.188219 1.01687 3.77967e-39 3
1.35894 0.204125 1.10281 3.96406e-39 3
-1.58087 0.40405 2.00767 8.76002e-39 3
-1.54843 0.40405 2.00767 1.01422e-38 3
-1.42467 0.37971 1.88673 9.40467e-39 3
-1.36138 0.370775 1.84233 8.94369e-39 3
-1.31613 0.366464 1.82091 9.68126e-39 3
-1.34948 0.38434 1.90974 9.86565e-39 3
-0.932127 0.271689 1.34999 1.06947e-38 3
-0.910315 0.271689 1.34999 1.10642e-38 3
-0.866103 0.26484 1.31595 9.49794e-39 3
-0.837801 0.262633 1.30499 1.03273e-38 3
-0.803327 0.258327 1.28359 1.02355e-38 3
-0.79563 0.262633 1.30499 9.12844e-39 3
-0.774545 0.262633 1.30499 9.86565e-39 3
-0.76623 0.267084 1.32711 1.11564e-38 3
-0.744788 0.267084 1.32711 1.09731e-38 3
-0.748726 0.276455 1.37367 1.18957e-38 3
-0.739504 0.281392 1.3982 1.04199e-38 3
-0.77206 0.303038 1.50575 1.06043e-38 3
-0.67038 0.271689 1.34999 1.01433e-38 3
-0.648567 0.271689 1.34999 1.18947e-38 3
-0.595931 0.258327 1.28359 1.21716e-38 3
-0.575192 0.258327 1.28359 1.09724e-38 3
-0.545509 0.254161 1.26289 1.15259e-38 3
-0.516769 0.250126 1.24284 1.20794e-38 3
-0.481405 0.24243 1.2046 1.19879e-38 3
-0.454943 0.238757 1.18635 1.18028e-38 3
-0.449393 0.246218 1.22343 1.30014e-38 3
-0.436445 0.250126 1.24284 1.30943e-38 3
-0.347429 0.208715 1.03708 1.26333e-38 3
-0.313916 0.208715 1.03708 1.29092e-38 3
-0.293275 0.205986 1.02352 1.35538e-38 3
-0.374698 0.278902 1.38583 1.3278e-38 3
-0.355452 0.281392 1.3982 1.2539e-38 3
-0.327021 0.276455 1.37367 1.24475e-38 3
-0.31027 0.281392 1.3982 1.32783e-38 3
-0.3222 0.315159 1.56598 1.30024e-38 3
-0.309268 0.328291 1.63123 1.3279e-38 3
-0.282912 0.328291 1.63123 1.18961e-38 3
-0.256555 0.328291 1.63123 1.25404e-38 3
-0.225501 0.321591 1.59794 1.31858e-38 3
-0.195689 0.315159 1.56598 1.43832e-38 3
-0.163833 0.303038 1.50575 1.29081e-38 3
-0.125073 0.271689 1.34999 1.39226e-38 3
-0.105072 0.276455 1.37367 1.33698e-38 3
-0.082877 0.276455 1.37367 1.49364e-38 3
-0.058625 0.267084 1.32711 1.4291e-38 3
-0.0359633 0.258327 1.28359 1.50282e-38 3
-0.0152237 0.258327 1.28359 1.41063e-38 3
0.00611753 0.286508 1.42362 1.52126e-38 3
0.0254218 0.250126 1.24284 1.5858e-38 3
0.0451447 0.248157 1.23306 1.53055e-38 3
0.0650677 0.248157 1.23306 1.41992e-38 3
0.0843268 0.246218 1.22343 1.52133e-38 3
0.114863 0.271689 1.34999 1.49371e-38 3
0.141556 0.281392 1.3982 1.38301e-38 3
0.153204 0.262633 1.30499 1.41988e-38 3
0.171432 0.258327 1.28359 1.40144e-38 3
0.190609 0.256227 1.27316 1.40141e-38 3
0.21118 0.256227 1.27316 1.51197e-38 3
0.233651 0.258327 1.28359 1.32765e-38 3
0.25439 0.258327 1.28359 1.38297e-38 3
0.270692 0.254161 1.26289 1.39223e-38 3
0.286477 0.250126 1.24284 1.34624e-38 3
0.304144 0.248157 1.23306 1.28177e-38 3
0.319043 0.244309 1.21394 1.38319e-38 3
0.33096 0.238757 1.18635 1.20794e-38 3
0.420154 0.286508 1.42362 1.41988e-38 3
0.468723 0.303038 1.50575 1.34609e-38 3
0.493052 0.303038 1.50575 1.3646e-38 3
0.527526 0.30898 1.53528 1.30007e-38 3
0.552332 0.30898 1.53528 1.30929e-38 3
0.63299 0.338881 1.68385 1.31858e-38 3
0.646298 0.331746 1.6484 1.33691e-38 3
0.639286 0.315159 1.56598 1.27241e-38 3
0.632941 0.300152 1.49141 1.24475e-38 3
0.632927 0.289137 1.43668 1.24471e-38 3
0.650175 0.286508 1.42362 1.04199e-38 3
0.673177 0.286508 1.42362 1.14341e-38 3
0.671752 0.276455 1.37367 1.20783e-38 3
0.693947 0.276455 1.37367 1.12486e-38 3
0.722479 0.278902 1.38583 1.29074e-38 3
0.758291 0.283927 1.4108 1.19865e-38 3
0.781086 0.283927 1.4108 1.12497e-38 3
0.782726 0.276455 1.37367 1.15255e-38 3
0.882318 0.303038 1.50575 1.19854e-38 3
0.906647 0.303038 1.50575 9.86493e-39 3
0.930976 0.303038 1.50575 1.03266e-38 3
0.974036 0.30898 1.53528 1.15252e-38 3
1.01882 0.315159 1.56598 1.08805e-38 3
1.06543 0.321591 1.59794 1.1895e-38 3
1.43166 0.393949 1.95748 1.06032e-38 3
1.19452 0.321591 1.59794 1.0511e-38 3
1.19594 0.315159 1.56598 9.40467e-39 3
1.03495 0.267084 1.32711 1.03266e-38 3
1.0302 0.260462 1.2942 9.68126e-39 3
1.05111 0.260462 1.2942 9.12809e-39 3
1.09927 0.267084 1.32711 9.49687e-39 3
1.19139 0.283927 1.4108 8.482e-39 3
1.16185 0.271689 1.34999 8.85078e-39 3
1.34613 0.30898 1.53528 7.5604e-39 3
1.79276 0.40405 2.00767 7.83807e-39 3
1.87323 0.414683 2.06051 8.57527e-39 3
2.264 0.492436 2.44685 8.20613e-39 3
2.30353 0.492436 2.44685 8.75895e-39 3
2.34307 0.492436 2.44685 8.48236e-39 3
2.24245 0.463469 2.30292 8.94298e-39 3
2.21452 0.450227 2.23712 7.56041e-39 3
1.38707 0.24243 1.2046 5.90017e-39 3
1.30607 0.225114 1.11856 5.99165e-39 3
1.30549 0.221943 1.10281 5.25408e-39 3
1.34221 0.225114 1.11856 3.0421e-39 3
1.34113 0.221943 1.10281 3.41089e-39 3
1.4189 0.231735 1.15146 3.31869e-39 3
-1.25825 0.34741 1.59794 8.20685e-39 3
-1.23243 0.34741 1.59794 9.31176e-39 3
-1.4781 0.425577 1.95748 9.86565e-39 3
-1.36138 0.400543 1.84233 1.005e-38 3
-1.31613 0.395885 1.82091 8.66818e-39 3
-1.00597 0.30951 1.42362 9.68126e-39 3
-0.965417 0.303983 1.3982 9.22028e-39 3
-0.942826 0.303983 1.3982 9.68126e-39 3
-0.873443 0.288527 1.32711 1.0789e-38 3
-0.837801 0.283718 1.30499 1.04203e-38 3
-0.803327 0.279067 1.28359 1.00511e-38 3
-0.809115 0.288527 1.32711 1.06043e-38 3
-0.787673 0.288527 1.32711 1.12497e-38 3
-0.76623 0.288527 1.32711 1.14341e-38 3
-0.744788 0.288527 1.32711 1.14348e-38 3
-0.748726 0.29865 1.37367 1.13426e-38 3
-0.726531 0.29865 1.37367 1.11571e-38 3
-0.68046 0.288527 1.32711 1.125e-38 3
-0.648034 0.283718 1.30499 1.06965e-38 3
-0.637575 0.288527 1.32711 1.27248e-38 3
-0.605863 0.283718 1.30499 1.58584e-38 3
-0.565914 0.274566 1.26289 1.32765e-38 3
-0.53685 0.270207 1.24284 1.17099e-38 3
-0.508695 0.265985 1.22343 1.25404e-38 3
-0.474111 0.257925 1.18635 1.18957e-38 3
-0.448153 0.254076 1.16864 1.15259e-38 3
-0.429271 0.254076 1.16864 1.25404e-38 3
-0.410388 0.254076 1.16864 1.18957e-38 3
-0.347429 0.225471 1.03708 1.30943e-38 3
-0.32635 0.222524 1.02352 1.18972e-38 3
-0.309813 0.222524 1.02352 1.31861e-38 3
-0.293275 0.222524 1.02352 1.46602e-38 3
-0.374698 0.301293 1.38583 1.31847e-38 3
-0.352307 0.301293 1.38583 1.49353e-38 3
-0.329915 0.301293 1.38583 1.17099e-38 3
-0.321761 0.315242 1.44999 1.36482e-38 3
-0.251719 0.265985 1.22343 1.27266e-38 3
-0.231951 0.265985 1.22343 1.18972e-38 3
-0.186024 0.233193 1.07259 1.26344e-38 3
-0.163108 0.225471 1.03708 1.34631e-38 3
-0.146352 0.225471 1.03708 1.34631e-38 3
-0.165838 0.288527 1.32711 1.38311e-38 3
-0.144395 0.288527 1.32711 1.35545e-38 3
-0.122953 0.288527 1.32711 1.46609e-38 3
-0.0998183 0.283718 1.30499 1.45687e-38 3
-0.0800676 0.288527 1.32711 1.45687e-38 3
-0.0567028 0.279067 1.28359 1.48442e-38 3
-0.0351002 0.272369 1.25279 1.4107e-38 3
-0.0148584 0.272369 1.25279 1.41063e-38 3
0.00560773 0.283718 1.30499 1.47506e-38 3
0.0246396 0.261893 1.2046 1.41981e-38 3
0.0441029 0.261893 1.2046 1.56743e-38 3
0.0635662 0.261893 1.2046 1.44769e-38 3
0.0823956 0.259894 1.19541 1.62275e-38 3
0.114863 0.293501 1.34999 1.4568e-38 3
0.132119 0.283718 1.30499 1.54896e-38 3
0.150693 0.279067 1.28359 1.33687e-38 3
0.168667 0.274566 1.26289 1.29999e-38 3
0.186071 0.270207 1.24284 1.45665e-38 3
0.202931 0.265985 1.22343 1.35524e-38 3
0.222698 0.265985 1.22343 1.52126e-38 3
0.252322 0.276798 1.27316 1.29077e-38 3
0.272893 0.276798 1.27316 1.41992e-38 3
0.284221 0.26808 1.23306 1.33702e-38 3
0.301768 0.265985 1.22343 1.25411e-38 3
0.321535 0.265985 1.22343 1.32787e-38 3
0.326021 0.254076 1.16864 1.36467e-38 3
0.420154 0.30951 1.42362 1.4107e-38 3
0.459879 0.32119 1.47734 1.33687e-38 3
0.493052 0.327367 1.50575 1.32772e-38 3
0.517381 0.327367 1.50575 1.24475e-38 3
0.552332 0.333786 1.53528 1.35545e-38 3
0.63299 0.366087 1.68385 1.30936e-38 3
0.646298 0.35838 1.6484 1.31847e-38 3
0.645743 0.3439 1.5818 1.34616e-38 3
0.645231 0.330545 1.52037 1.33709e-38 3
0.644757 0.318188 1.46354 1.2817e-38 3
0.644317 0.306722 1.4108 1.36475e-38 3
0.667112 0.306722 1.4108 1.09731e-38 3
0.66591 0.296053 1.36173 1.21716e-38 3
0.681982 0.293501 1.34999 1.18028e-38 3
0.697779 0.290993 1.33845 1.19854e-38 3
0.725606 0.293501 1.34999 1.1895e-38 3
0.753918 0.296053 1.36173 1.12504e-38 3
0.769231 0.293501 1.34999 1.42921e-38 3
0.695159 0.257925 1.18635 1.32769e-38 3
0.714328 0.257925 1.18635 1.26315e-38 3
0.733496 0.257925 1.18635 1.17096e-38 3
0.602131 0.20634 0.949081 1.06965e-38 3
0.932251 0.303983 1.3982 1.11571e-38 3
0.954843 0.303983 1.3982 1.17103e-38 3
0.943729 0.293501 1.34999 1.24478e-38 3
0.933357 0.283718 1.30499 1.21705e-38 3
0.970619 0.288527 1.32711 1.22627e-38 3
0.992062 0.288527 1.32711 1.29081e-38 3
0.996613 0.283718 1.30499 1.13408e-38 3
1.00929 0.281373 1.2942 1.14337e-38 3
1.01345 0.276798 1.27316 1.07876e-38 3
1.03402 0.276798 1.27316 1.00497e-38 3
1.07202 0.281373 1.2942 9.86493e-39 3
1.1113 0.286102 1.31595 8.85078e-39 3
1.08689 0.274566 1.26289 7.28345e-39 3
1.1636 0.288527 1.32711 1.02341e-38 3
1.18504 0.288527 1.32711 8.39124e-39 3
1.22729 0.293501 1.34999 8.29905e-39 3
1.90652 0.447975 2.06051 8.29905e-39 3
1.45418 0.274566 1.26289 5.80869e-39 3
1.40653 0.261893 1.2046 5.80798e-39 3
1.36308 0.250339 1.15146 5.62358e-39 3
1.38169 0.250339 1.15146 5.62358e-39 3
1.40029 0.250339 1.15146 4.79418e-39 3
1.48438 0.261893 1.2046 4.97893e-39 3
-1.23243 0.373228 1.59794 9.49615e-39 3
-1.49681 0.462992 1.98226 8.20613e-39 3
-1.08834 0.351696 1.50575 9.95892e-39 3
-1.04393 0.34506 1.47734 8.66746e-39 3
-0.98297 0.332512 1.42362 9.5887e-39 3
-0.959968 0.332512 1.42362 1.05125e-38 3
-0.936966 0.332512 1.42362 1.08816e-38 3
-0.913964 0.332512 1.42362 9.68306e-39 3
-0.890962 0.332512 1.42362 1.05125e-38 3
-0.86796 0.332512 1.42362 1.03277e-38 3
-0.801253 0.315313 1.34999 1.03263e-38 3
-0.76623 0.309969 1.32711 1.1434e-38 3
-0.744788 0.309969 1.32711 1.11582e-38 3
-0.723345 0.309969 1.32711 1.15262e-38 3
-0.678889 0.299806 1.28359 1.14333e-38 3
-0.647534 0.294971 1.26289 9.68234e-39 3
-0.617175 0.290289 1.24284 1.18957e-38 3
-0.606724 0.294971 1.26289 1.2356e-38 3
-0.567997 0.285753 1.22343 1.09731e-38 3
-0.539795 0.281357 1.2046 1.25393e-38 3
-0.520332 0.281357 1.2046 1.06958e-38 3
-0.500869 0.281357 1.2046 1.27248e-38 3
-0.467035 0.272958 1.16864 1.2356e-38 3
-0.435163 0.265046 1.13477 1.2356e-38 3
-0.416828 0.265046 1.13477 1.28173e-38 3
-0.371568 0.247138 1.0581 1.19876e-38 3
-0.338463 0.235977 1.01031 1.37389e-38 3
-0.320074 0.234464 1.00384 1.31868e-38 3
-0.303855 0.234464 1.00384 1.41081e-38 3
-0.285803 0.23297 0.997442 1.3185e-38 3
-0.269687 0.23297 0.997442 1.24468e-38 3
-0.331756 0.304803 1.30499 1.18936e-38 3
-0.300649 0.294971 1.26289 1.22638e-38 3
-0.271486 0.285753 1.22343 1.21723e-38 3
-0.217703 0.247138 1.0581 1.13426e-38 3
-0.196621 0.242228 1.03708 1.25418e-38 3
-0.181064 0.243842 1.04399 1.19879e-38 3
-0.162035 0.240634 1.03025 1.43843e-38 3
-0.144439 0.239061 1.02352 1.34631e-38 3
-0.15053 0.281357 1.2046 1.37386e-38 3
-0.133114 0.285753 1.22343 1.51222e-38 3
-0.113347 0.285753 1.22343 1.46613e-38 3
-0.0935797 0.285753 1.22343 1.29103e-38 3
-0.0749839 0.290289 1.24284 1.39226e-38 3
-0.0549028 0.290289 1.24284 1.58598e-38 3
-0.0348216 0.290289 1.24284 1.17114e-38 3
-0.0147405 0.290289 1.24284 1.52144e-38 3
0.0055158 0.299806 1.28359 1.65034e-38 3
0.0262553 0.299806 1.28359 1.72406e-38 3
0.045503 0.290289 1.24284 1.50282e-38 3
0.0677344 0.299806 1.28359 1.51204e-38 3
0.088474 0.299806 1.28359 1.40148e-38 3
0.111034 0.304803 1.30499 1.3185e-38 3
0.136675 0.315313 1.34999 1.44751e-38 3
0.153204 0.304803 1.30499 1.5397e-38 3
0.16599 0.290289 1.24284 1.32765e-38 3
0.183164 0.285753 1.22343 1.46587e-38 3
0.202931 0.285753 1.22343 1.41978e-38 3
0.222698 0.285753 1.22343 1.4107e-38 3
0.252322 0.297369 1.27316 1.32769e-38 3
0.272893 0.297369 1.27316 1.26326e-38 3
0.282001 0.285753 1.22343 1.36467e-38 3
0.299429 0.283538 1.21394 1.5307e-38 3
0.324067 0.288003 1.23306 1.32794e-38 3
0.312048 0.26126 1.11856 1.32787e-38 3
0.350129 0.277094 1.18635 1.35535e-38 3
0.459879 0.34506 1.47734 1.42903e-38 3
0.493052 0.351696 1.50575 1.37371e-38 3
0.538077 0.365764 1.56598 1.4936e-38 3
0.563379 0.365764 1.56598 1.33694e-38 3
0.63299 0.393294 1.68385 1.38301e-38 3
0.667373 0.397569 1.70216 1.2262e-38 3
0.672932 0.385014 1.6484 1.3368e-38 3
0.671301 0.369458 1.5818 1.41985e-38 3
0.65084 0.34506 1.47734 1.37389e-38 3
0.67471 0.34506 1.47734 1.38315e-38 3
0.685643 0.33867 1.44999 1.30936e-38 3
0.696179 0.332512 1.42362 1.28173e-38 3
0.687912 0.318055 1.36173 1.1711e-38 3
0.691865 0.309969 1.32711 1.25404e-38 3
0.713308 0.309969 1.32711 1.31858e-38 3
0.610567 0.25758 1.10281 1.28173e-38 3
0.571992 0.234464 1.00384 1.22645e-38 3
0.556127 0.221675 0.949081 1.21716e-38 3
0.56802 0.22034 0.943364 1.19872e-38 3
0.586797 0.221675 0.949081 1.2356e-38 3
0.60952 0.224395 0.960726 1.17103e-38 3
0.621231 0.223027 0.954868 1.14344e-38 3
0.632801 0.221675 0.949081 1.10653e-38 3
0.862438 0.294971 1.26289 1.09727e-38 3
0.882844 0.294971 1.26289 1.11575e-38 3
0.881912 0.288003 1.23306 1.13408e-38 3
0.923654 0.294971 1.26289 1.24471e-38 3
0.951734 0.297369 1.27316 1.18018e-38 3
0.988376 0.302284 1.2942 1.24471e-38 3
1.00101 0.299806 1.28359 1.1894e-38 3
1.00527 0.294971 1.26289 1.16174e-38 3
1.02568 0.294971 1.26289 1.14326e-38 3
1.05459 0.297369 1.27316 1.04181e-38 3
1.08397 0.299806 1.28359 1.05103e-38 3
1.08689 0.294971 1.26289 1.06954e-38 3
1.14421 0.304803 1.30499 1.02344e-38 3
1.16529 0.304803 1.30499 9.03661e-39 3
1.20649 0.309969 1.32711 7.74515e-39 3
1.22793 0.309969 1.32711 8.11393e-39 3
1.45418 0.294971 1.26289 4.88817e-39 3
1.42851 0.285753 1.22343 4.33321e-39 3
1.44828 0.285753 1.22343 5.6243e-39 3
1.46804 0.285753 1.22343 5.80869e-39 3
1.46492 0.281357 1.2046 5.99343e-39 3
1.53151 0.290289 1.24284 5.25587e-39 3
-1.10657 0.391066 1.56598 9.40467e-39 3
-1.02006 0.36893 1.47734 9.95784e-39 3
-0.996194 0.36893 1.47734 1.02355e-38 3
-0.936966 0.355514 1.42362 9.221e-39 3
-0.913964 0.355514 1.42362 1.00508e-38 3
-0.844878 0.337126 1.34999 9.77418e-39 3
-0.823066 0.337126 1.34999 9.77453e-39 3
-0.737662 0.31037 1.24284 9.95784e-39 3
-0.717581 0.31037 1.24284 9.68233e-39 3
-0.6975 0.31037 1.24284 9.49794e-39 3
-0.677418 0.31037 1.24284 9.40575e-39 3
-0.647066 0.30552 1.22343 9.49794e-39 3
-0.565453 0.275399 1.10281 9.5905e-39 3
-0.563508 0.283381 1.13477 1.02359e-38 3
-0.561446 0.29184 1.16864 1.00508e-38 3
-0.542564 0.29184 1.16864 1.08809e-38 3
-0.523682 0.29184 1.16864 1.16174e-38 3
-0.512448 0.296262 1.18635 1.15252e-38 3
-0.49328 0.296262 1.18635 1.27248e-38 3
-0.460167 0.287548 1.15146 1.31858e-38 3
-0.435163 0.283381 1.13477 1.21716e-38 3
-0.388664 0.264234 1.0581 1.33702e-38 3
-0.36179 0.25728 1.03025 1.30936e-38 3
-0.327886 0.244416 0.97874 1.1895e-38 3
-0.30822 0.241399 0.966657 1.29092e-38 3
-0.28384 0.234171 0.937715 1.25408e-38 3
-0.268689 0.234171 0.937715 1.23553e-38 3
-0.253538 0.234171 0.937715 1.21702e-38 3
-0.306236 0.30082 1.2046 1.26315e-38 3
-0.214255 0.224751 0.899991 1.15262e-38 3
-0.196329 0.220941 0.884737 1.16192e-38 3
-0.189529 0.230039 0.921167 1.24489e-38 3
-0.18791 0.24751 0.991129 1.29106e-38 3
-0.176361 0.253939 1.01687 1.31858e-38 3
-0.156875 0.249087 0.997442 1.35535e-38 3
-0.138119 0.244416 0.97874 1.33702e-38 3
-0.132222 0.264234 1.0581 1.26326e-38 3
-0.123468 0.283381 1.13477 1.51219e-38 3
-0.10668 0.287548 1.15146 1.37397e-38 3
-0.0893895 0.29184 1.16864 1.3924e-38 3
-0.0726767 0.30082 1.2046 1.62275e-38 3
-0.0540449 0.30552 1.22343 1.40152e-38 3
-0.0348216 0.31037 1.24284 1.42006e-38 3
-0.0147405 0.31037 1.24284 1.36471e-38 3
0.0055158 0.320546 1.28359 1.50282e-38 3
0.0254218 0.31037 1.24284 1.35531e-38 3
0.0469949 0.320546 1.28359 1.41985e-38 3
0.066642 0.315376 1.26289 1.6319e-38 3
0.0899486 0.325888 1.30499 1.37386e-38 3
0.111034 0.325888 1.30499 1.3278e-38 3
0.16599 0.31037 1.24284 1.48442e-38 3
0.183164 0.30552 1.22343 1.41063e-38 3
0.202931 0.30552 1.22343 1.47517e-38 3
0.219272 0.30082 1.2046 1.61353e-38 3
0.231609 0.29184 1.16864 1.42907e-38 3
0.243231 0.283381 1.13477 1.33691e-38 3
0.250667 0.271574 1.08749 1.51219e-38 3
0.257509 0.260711 1.04399 1.40155e-38 3
0.257228 0.244416 0.97874 1.33709e-38 3
0.266383 0.238455 0.954868 1.2817e-38 3
0.268703 0.227364 0.910456 1.35535e-38 3
0.270818 0.217259 0.869991 1.39219e-38 3
0.474791 0.362098 1.44999 1.48431e-38 3
0.527526 0.383398 1.53528 1.41063e-38 3
0.563379 0.391066 1.56598 1.35531e-38 3
0.653174 0.416028 1.66594 1.46591e-38 3
0.680091 0.416028 1.66594 1.40134e-38 3
0.678151 0.399047 1.59794 1.32758e-38 3
0.65084 0.36893 1.47734 1.31847e-38 3
0.67471 0.36893 1.47734 1.16166e-38 3
0.692051 0.365482 1.46354 1.20776e-38 3
0.696179 0.355514 1.42362 1.22627e-38 3
0.687912 0.340057 1.36173 1.30003e-38 3
0.628001 0.30082 1.2046 1.26315e-38 3
0.592749 0.275399 1.10281 1.22627e-38 3
0.516075 0.232777 0.932133 1.19872e-38 3
0.537535 0.235582 0.943364 1.25404e-38 3
0.552777 0.235582 0.943364 1.24482e-38 3
0.56802 0.235582 0.943364 1.21716e-38 3
0.579769 0.234171 0.937715 1.21713e-38 3
0.602131 0.23701 0.949081 1.20791e-38 3
0.613747 0.235582 0.943364 1.16181e-38 3
0.628989 0.235582 0.943364 1.11571e-38 3
0.636562 0.232777 0.932133 1.22627e-38 3
0.855255 0.30552 1.22343 1.13408e-38 3
0.875022 0.30552 1.22343 1.12486e-38 3
0.916264 0.312853 1.25279 9.49687e-39 3
1.00054 0.334244 1.33845 1.0972e-38 3
1.04907 0.34304 1.37367 1.20783e-38 3
1.07126 0.34304 1.37367 1.08798e-38 3
1.08395 0.340057 1.36173 1.0511e-38 3
1.09642 0.337126 1.34999 1.005e-38 3
1.07202 0.323195 1.2942 1.16166e-38 3
1.04956 0.31037 1.24284 1.14323e-38 3
1.06964 0.31037 1.24284 1.07869e-38 3
1.02466 0.29184 1.16864 1.005e-38 3
1.11868 0.312853 1.25279 9.77346e-39 3
1.16693 0.320546 1.28359 9.68126e-39 3
1.18767 0.320546 1.28359 9.68126e-39 3
1.24937 0.331412 1.32711 1.04188e-38 3
1.0315 0.23701 0.949081 4.70342e-39 3
1.04684 0.23701 0.949081 5.43991e-39 3
1.16839 0.260711 1.04399 4.88673e-39 3
1.23464 0.271574 1.08749 4.61123e-39 3
1.4311 0.31037 1.24284 4.70342e-39 3
1.45118 0.31037 1.24284 4.14917e-39 3
1.44828 0.30552 1.22343 4.88673e-39 3
1.46804 0.30552 1.22343 5.25551e-39 3
1.51143 0.31037 1.24284 6.08563e-39 3
1.58172 0.320546 1.28359 4.97928e-39 3
-1.12632 0.433717 1.63123 1.01422e-38 3
-1.05597 0.416368 1.56598 9.49687e-39 3
-0.991022 0.400354 1.50575 8.94334e-39 3
-0.966693 0.400354 1.50575 9.68126e-39 3
-0.875052 0.371757 1.3982 1.07876e-38 3
-0.782587 0.341285 1.28359 1.06954e-38 3
-0.595804 0.266903 1.00384 1.06043e-38 3
-0.565095 0.26023 0.97874 1.00511e-38 3
-0.549281 0.26023 0.97874 1.00508e-38 3
-0.533467 0.26023 0.97874 1.08809e-38 3
-0.530926 0.266903 1.00384 1.10656e-38 3
-0.514707 0.266903 1.00384 1.125e-38 3
-0.540028 0.289145 1.08749 1.07894e-38 3
-0.529816 0.293217 1.10281 1.08809e-38 3
-0.519311 0.297406 1.11856 1.05125e-38 3
-0.523682 0.310723 1.16864 1.09731e-38 3
-0.5048 0.310723 1.16864 1.12497e-38 3
-0.345761 0.230038 0.865185 1.31847e-38 3
-0.428946 0.297406 1.11856 1.15255e-38 3
-0.378436 0.273926 1.03025 1.35538e-38 3
-0.329294 0.249322 0.937715 1.43836e-38 3
-0.314142 0.249322 0.937715 1.23553e-38 3
-0.298991 0.249322 0.937715 1.33694e-38 3
-0.278831 0.244922 0.921167 1.30007e-38 3
-0.260879 0.242074 0.910456 1.24471e-38 3
-0.244745 0.240675 0.905193 1.22631e-38 3
-0.228797 0.239292 0.899991 1.35535e-38 3
-0.211821 0.236573 0.889764 1.40159e-38 3
-0.194135 0.232608 0.874851 1.07894e-38 3
-0.184114 0.237925 0.894848 1.09731e-38 3
-0.172615 0.242074 0.910456 1.16192e-38 3
-0.163612 0.250824 0.943364 1.26322e-38 3
-0.145736 0.246372 0.926618 1.16174e-38 3
-0.131542 0.247838 0.932133 1.35546e-38 3
-0.123854 0.263524 0.991129 1.38311e-38 3
-0.109222 0.266903 1.00384 1.53992e-38 3
-0.0954501 0.273926 1.03025 1.32787e-38 3
-0.0831819 0.289145 1.08749 1.1989e-38 3
-0.0674855 0.297406 1.11856 1.41999e-38 3
-0.0508658 0.306153 1.15146 1.36467e-38 3
-0.0322612 0.306153 1.15146 1.53066e-38 3
-0.0136566 0.306153 1.15146 1.34624e-38 3
0.00487629 0.301716 1.13477 1.45687e-38 3
0.0228797 0.297406 1.11856 1.40155e-38 3
0.0308246 0.223854 0.841927 1.40155e-38 3
0.044428 0.223854 0.841927 1.20794e-38 3
0.0580313 0.223854 0.841927 1.22649e-38 3
0.0704976 0.220301 0.828563 1.4385e-38 3
0.212727 0.310723 1.16864 1.42907e-38 3
0.218561 0.293217 1.10281 1.39215e-38 3
0.233096 0.289145 1.08749 1.43832e-38 3
0.23439 0.270369 1.01687 1.4752e-38 3
0.203296 0.219141 0.824202 1.44765e-38 3
0.218918 0.221472 0.83297 1.41999e-38 3
0.234875 0.223854 0.841927 1.46609e-38 3
0.252552 0.227524 0.855729 1.43829e-38 3
0.267842 0.228774 0.860431 1.33694e-38 3
0.281744 0.228774 0.860431 1.34602e-38 3
0.295646 0.228774 0.860431 1.30914e-38 3
0.311259 0.230038 0.865185 1.35531e-38 3
0.663356 0.400354 1.50575 1.26304e-38 3
0.687685 0.400354 1.50575 1.32744e-38 3
0.617079 0.346973 1.30499 1.41052e-38 3
0.607775 0.330451 1.24284 1.34598e-38 3
0.468106 0.246372 0.926618 1.32762e-38 3
0.483078 0.246372 0.926618 1.1801e-38 3
0.498049 0.246372 0.926618 1.2723e-38 3
0.513021 0.246372 0.926618 1.1894e-38 3
0.534316 0.249322 0.937715 1.19861e-38 3
0.552777 0.250824 0.943364 1.21705e-38 3
0.564618 0.249322 0.937715 1.30925e-38 3
0.556445 0.239292 0.899991 1.24471e-38 3
0.570987 0.239292 0.899991 1.21702e-38 3
0.575604 0.235236 0.884737 1.21713e-38 3
0.589899 0.235236 0.884737 1.19858e-38 3
0.604194 0.235236 0.884737 1.2539e-38 3
0.770934 0.293217 1.10281 1.23549e-38 3
0.651179 0.242074 0.910456 1.16177e-38 3
0.66589 0.242074 0.910456 1.08802e-38 3
0.6806 0.242074 0.910456 9.77346e-39 3
0.934324 0.325288 1.22343 9.22028e-39 3
1.11022 0.378516 1.42362 8.7593e-39 3
1.16499 0.389129 1.46354 1.00504e-38 3
1.17763 0.385526 1.44999 1.00497e-38 3
1.02948 0.330451 1.24284 1.07869e-38 3
1.04956 0.330451 1.24284 1.15237e-38 3
1.06964 0.330451 1.24284 1.03259e-38 3
1.02466 0.310723 1.16864 1.04181e-38 3
1.07566 0.320283 1.2046 9.40503e-39 3
1.12989 0.330451 1.24284 9.40432e-39 3
1.18767 0.341285 1.28359 1.03263e-38 3
1.24937 0.352854 1.32711 1.03263e-38 3
0.968854 0.26023 0.97874 9.03553e-39 3
0.87526 0.231316 0.869991 7.83699e-39 3
0.919983 0.239292 0.899991 7.19162e-39 3
0.985499 0.252344 0.949081 7.37601e-39 3
0.988848 0.249322 0.937715 7.56076e-39 3
1.004 0.249322 0.937715 8.20613e-39 3
1.02529 0.250824 0.943364 8.20613e-39 3
1.04684 0.252344 0.949081 7.65224e-39 3
-0.844878 0.38075 1.34999 1.08791e-38 3
-0.612023 0.283122 1.00384 9.95785e-39 3
-0.573737 0.272636 0.966657 9.49651e-39 3
-0.551312 0.269311 0.954868 1.07876e-38 3
-0.535884 0.269311 0.954868 1.0511e-38 3
-0.520456 0.269311 0.954868 9.95857e-39 3
-0.511262 0.272636 0.966657 9.86709e-39 3
-0.495644 0.272636 0.966657 1.05125e-38 3
-0.480025 0.272636 0.966657 1.06969e-38 3
-0.476163 0.279538 0.991129 1.13419e-38 3
-0.511997 0.311035 1.10281 1.20794e-38 3
-0.417031 0.306716 1.08749 1.18018e-38 3
-0.368732 0.283122 1.00384 1.17099e-38 3
-0.339457 0.272636 0.966657 1.20787e-38 3
-0.312273 0.262899 0.932133 1.30003e-38 3
-0.295453 0.261343 0.926618 1.40145e-38 3
-0.272422 0.253834 0.899991 1.27237e-38 3
-0.256406 0.252383 0.894848 1.40144e-38 3
-0.240573 0.250949 0.889764 1.25393e-38 3
-0.223655 0.248129 0.879766 1.30936e-38 3
-0.208271 0.246743 0.874851 1.35553e-38 3
-0.193057 0.245372 0.869991 1.23564e-38 3
-0.182034 0.249531 0.884737 1.33698e-38 3
-0.171617 0.255301 0.905193 1.33702e-38 3
-0.158828 0.258287 0.91578 1.14341e-38 3
-0.144878 0.259806 0.921167 1.21705e-38 3
-0.131542 0.262899 0.932133 1.38301e-38 3
-0.122305 0.276044 0.97874 1.39233e-38 3
-0.109222 0.283122 1.00384 1.27255e-38 3
-0.0954501 0.290573 1.03025 1.30943e-38 3
-0.0777805 0.286799 1.01687 1.22645e-38 3
-0.0656109 0.306716 1.08749 1.59516e-38 3
-0.0494125 0.315479 1.11856 1.26326e-38 3
-0.0317936 0.320051 1.13477 1.42918e-38 3
-0.0134587 0.320051 1.13477 1.38311e-38 3
0.00480663 0.315479 1.11856 1.37379e-38 3
0.0216429 0.298426 1.0581 1.50297e-38 3
0.0308246 0.237457 0.841927 1.3278e-38 3
0.044428 0.237457 0.841927 1.31858e-38 3
0.0580313 0.237457 0.841927 1.25411e-38 3
0.0701266 0.232458 0.824202 1.43847e-38 3
0.0821465 0.228845 0.811391 1.29081e-38 3
0.0972725 0.233688 0.828563 1.48435e-38 3
0.109501 0.231241 0.819887 1.48442e-38 3
0.12085 0.227665 0.807208 1.42921e-38 3
0.131188 0.223066 0.790901 1.48453e-38 3
0.144697 0.224198 0.794916 1.71487e-38 3
0.166858 0.237457 0.841927 1.53967e-38 3
0.182423 0.240038 0.851078 1.52123e-38 3
0.196174 0.240038 0.851078 1.44754e-38 3
0.195082 0.223066 0.790901 1.44754e-38 3
0.214357 0.230037 0.815617 1.40155e-38 3
0.231147 0.233688 0.828563 1.38311e-38 3
0.251179 0.240038 0.851078 1.48442e-38 3
0.266378 0.24135 0.855729 1.41992e-38 3
0.281744 0.242676 0.860431 1.41059e-38 3
0.294031 0.24135 0.855729 1.51197e-38 3
0.307857 0.24135 0.855729 1.52119e-38 3
0.327045 0.245372 0.869991 1.34606e-38 3
0.346883 0.249531 0.884737 1.41978e-38 3
0.369529 0.255301 0.905193 1.48421e-38 3
0.386388 0.256785 0.910456 1.50257e-38 3
0.428032 0.255301 0.905193 1.37354e-38 3
0.442657 0.255301 0.905193 1.33666e-38 3
0.462631 0.258287 0.91578 1.26301e-38 3
0.483078 0.261343 0.926618 1.21695e-38 3
0.504014 0.264473 0.937715 1.16166e-38 3
0.522293 0.266066 0.943364 1.41059e-38 3
0.568349 0.281319 0.997442 1.32762e-38 3
0.584465 0.281319 0.997442 1.22627e-38 3
0.578474 0.270963 0.960726 1.29081e-38 3
0.562916 0.256785 0.910456 1.18936e-38 3
0.551954 0.245372 0.869991 1.30921e-38 3
0.559791 0.242676 0.860431 1.24479e-38 3
0.567457 0.240038 0.851078 1.23546e-38 3
0.581209 0.240038 0.851078 1.2078e-38 3
0.598211 0.24135 0.855729 1.20776e-38 3
0.612037 0.24135 0.855729 1.06951e-38 3
0.647079 0.249531 0.884737 1.1433e-38 3
0.661374 0.249531 0.884737 1.0972e-38 3
0.86662 0.320051 1.13477 1.10642e-38 3
0.82516 0.298426 1.0581 1.18018e-38 3
0.716402 0.253834 0.899991 1.03266e-38 3
0.735169 0.255301 0.905193 1.12486e-38 3
0.737014 0.250949 0.889764 8.94298e-39 3
1.00578 0.329605 1.16864 9.03445e-39 3
1.02466 0.329605 1.16864 9.49615e-39 3
1.06745 0.337153 1.19541 9.77274e-39 3
1.11223 0.345055 1.22343 9.49651e-39 3
1.18767 0.362025 1.28359 9.49651e-39 3
0.95304 0.276044 0.97874 8.75895e-39 3
0.85174 0.242676 0.860431 8.48236e-39 3
0.865642 0.242676 0.860431 8.85115e-39 3
0.879544 0.242676 0.860431 8.11358e-39 3
0.903374 0.245372 0.869991 6.08527e-39 3
0.949066 0.253834 0.899991 7.92954e-39 3
0.986281 0.259806 0.921167 6.08563e-39 3
1.00709 0.261343 0.926618 6.731e-39 3
-0.589634 0.210348 0.705398 8.94441e-39 3
-0.573074 0.20847 0.6991 7.56184e-39 3
-0.566839 0.210348 0.705398 8.76002e-39 3
-0.628243 0.299341 1.00384 1.06018e-38 3
-0.589356 0.288255 0.966657 9.77274e-39 3
-0.546738 0.27469 0.921167 9.68054e-39 3
-0.531854 0.27469 0.921167 1.07869e-38 3
-0.499346 0.265325 0.889764 9.86565e-39 3
-0.468982 0.256578 0.860431 1.0143e-38 3
-0.45508 0.256578 0.860431 1.10656e-38 3
-0.441177 0.256578 0.860431 9.77418e-39 3
-0.422631 0.253789 0.851078 1.13415e-38 3
-0.408879 0.253789 0.851078 1.13419e-38 3
-0.369054 0.237042 0.794916 1.22638e-38 3
-0.5048 0.348487 1.16864 1.11575e-38 3
-0.485917 0.348487 1.16864 1.21716e-38 3
-0.467035 0.348487 1.16864 1.21713e-38 3
-0.417031 0.324287 1.08749 1.29999e-38 3
-0.355076 0.288255 0.966657 1.29999e-38 3
-0.323482 0.27469 0.921167 1.18939e-38 3
-0.30501 0.271496 0.910456 1.25393e-38 3
-0.286963 0.268375 0.899991 1.25386e-38 3
-0.272422 0.268375 0.899991 1.2262e-38 3
-0.249284 0.259429 0.869991 1.25393e-38 3
-0.235227 0.259429 0.869991 1.24471e-38 3
-0.216362 0.253789 0.851078 1.30003e-38 3
-0.205969 0.257996 0.865185 1.40159e-38 3
-0.190935 0.256578 0.860431 1.26326e-38 3
-0.18 0.260879 0.874851 1.27234e-38 3
-0.170631 0.268375 0.899991 1.46598e-38 3
-0.167652 0.288255 0.966657 1.35546e-38 3
-0.152033 0.288255 0.966657 1.25393e-38 3
-0.0613505 0.303229 1.01687 1.42918e-38 3
-0.0494125 0.333552 1.11856 1.20787e-38 3
-0.0322612 0.343362 1.15146 1.4752e-38 3
-0.0136566 0.343362 1.15146 1.24471e-38 3
0.00480663 0.333552 1.11856 1.41985e-38 3
0.0197725 0.288255 0.966657 1.45687e-38 3
0.0308246 0.251061 0.841927 1.19879e-38 3
0.044428 0.251061 0.841927 1.50297e-38 3
0.0562178 0.243215 0.815617 1.45687e-38 3
0.0693961 0.243215 0.815617 1.54907e-38 3
0.081304 0.239473 0.803069 1.45683e-38 3
0.0962539 0.244488 0.819887 1.4568e-38 3
0.108366 0.241955 0.811391 1.5858e-38 3
0.119617 0.238251 0.798972 1.63204e-38 3
0.131188 0.235845 0.790901 1.50293e-38 3
0.144697 0.237042 0.794916 1.5858e-38 3
0.156746 0.235845 0.790901 1.53045e-38 3
0.169525 0.235845 0.790901 1.46595e-38 3
0.179582 0.232325 0.779097 1.5213e-38 3
0.192171 0.232325 0.779097 1.48442e-38 3
0.212147 0.240708 0.807208 1.48453e-38 3
0.227535 0.243215 0.815617 1.44765e-38 3
0.251179 0.253789 0.851078 1.45676e-38 3
0.267842 0.256578 0.860431 1.53048e-38 3
0.283301 0.257996 0.865185 1.41063e-38 3
0.292433 0.253789 0.851078 1.39215e-38 3
0.306184 0.253789 0.851078 1.34602e-38 3
0.319935 0.253789 0.851078 1.48424e-38 3
0.341102 0.259429 0.869991 1.43825e-38 3
0.36323 0.265325 0.889764 1.3829e-38 3
0.369215 0.259429 0.869991 1.33673e-38 3
0.383272 0.259429 0.869991 1.29056e-38 3
0.397329 0.259429 0.869991 1.45651e-38 3
0.425572 0.268375 0.899991 1.41041e-38 3
0.442657 0.269926 0.905193 1.33669e-38 3
0.494437 0.291858 0.97874 1.39208e-38 3
0.510251 0.291858 0.97874 1.32762e-38 3
0.539554 0.299341 1.00384 1.18932e-38 3
0.555773 0.299341 1.00384 1.31833e-38 3
0.594872 0.311315 1.04399 1.26297e-38 3
0.61174 0.311315 1.04399 1.13401e-38 3
0.59678 0.295552 0.991129 1.18936e-38 3
0.562916 0.271496 0.910456 1.2262e-38 3
0.539955 0.253789 0.851078 1.12486e-38 3
0.550713 0.252418 0.846478 1.15252e-38 3
0.555384 0.24839 0.83297 1.1156e-38 3
0.571884 0.249718 0.837425 1.24468e-38 3
0.588562 0.251061 0.841927 1.2078e-38 3
0.602166 0.251061 0.841927 1.10638e-38 3
0.632779 0.257996 0.865185 1.15248e-38 3
0.650352 0.259429 0.869991 1.06032e-38 3
0.756921 0.295552 0.991129 1.03273e-38 3
0.686088 0.262344 0.879766 1.0972e-38 3
0.70426 0.263826 0.884737 1.14326e-38 3
0.722637 0.265325 0.889764 1.06951e-38 3
0.724661 0.260879 0.874851 1.12482e-38 3
1.00578 0.348487 1.16864 8.94226e-39 3
1.02466 0.348487 1.16864 9.68054e-39 3
1.04355 0.348487 1.16864 9.95713e-39 3
1.06243 0.348487 1.16864 9.58799e-39 3
1.11458 0.35921 1.2046 9.86458e-39 3
0.837837 0.256578 0.860431 9.12737e-39 3
0.85174 0.256578 0.860431 8.94298e-39 3
0.856233 0.253789 0.851078 9.03518e-39 3
0.869984 0.253789 0.851078 9.03518e-39 3
0.883735 0.253789 0.851078 8.20469e-39 3
0.938282 0.265325 0.889764 6.45298e-39 3
0.974813 0.271496 0.910456 6.82212e-39 3
-0.595665 0.219766 0.6991 8.20685e-39 3
-0.579198 0.217821 0.692913 6.54733e-39 3
-0.568002 0.217821 0.692913 7.65296e-39 3
-0.561778 0.219766 0.6991 8.85114e-39 3
-0.628243 0.315561 1.00384 1.10631e-38 3
-0.561621 0.289573 0.921167 1.14323e-38 3
-0.499706 0.264664 0.841927 1.12479e-38 3
-0.480932 0.261848 0.83297 1.10635e-38 3
-0.457734 0.256393 0.815617 1.03266e-38 3
-0.444556 0.256393 0.815617 1.23557e-38 3
-0.431378 0.256393 0.815617 1.22642e-38 3
-0.418199 0.256393 0.815617 1.14337e-38 3
-0.381196 0.241311 0.767639 1.10649e-38 3
-0.37061 0.2425 0.771421 1.06961e-38 3
-0.35639 0.241311 0.767639 1.00508e-38 3
-0.340647 0.238968 0.760186 1.14337e-38 3
-0.292939 0.240134 0.763895 1.35535e-38 3
-0.273915 0.234417 0.745707 1.23542e-38 3
-0.302154 0.270481 0.860431 1.24468e-38 3
-0.288252 0.270481 0.860431 1.2907e-38 3
-0.274349 0.270481 0.860431 1.31836e-38 3
-0.260447 0.270481 0.860431 1.37364e-38 3
-0.238676 0.261848 0.83297 1.35528e-38 3
-0.225218 0.261848 0.83297 1.51201e-38 3
-0.211759 0.261848 0.83297 1.39223e-38 3
-0.1983 0.261848 0.83297 1.38293e-38 3
-0.190935 0.270481 0.860431 1.32755e-38 3
-0.178011 0.271975 0.865185 1.41974e-38 3
-0.165865 0.275014 0.874851 1.30003e-38 3
-0.156992 0.284552 0.905193 1.32769e-38 3
-0.150179 0.300168 0.954868 1.42921e-38 3
-0.134751 0.300168 0.954868 1.4384e-38 3
-0.0364092 0.259092 0.824202 1.41067e-38 3
-0.0313394 0.351625 1.11856 1.44754e-38 3
-0.0136566 0.361967 1.15146 1.35535e-38 3
0.00410322 0.300168 0.954868 1.74257e-38 3
0.0172212 0.264664 0.841927 1.39233e-38 3
0.0303353 0.260463 0.828563 1.45687e-38 3
0.0421612 0.251161 0.798972 1.50286e-38 3
0.0550705 0.251161 0.798972 1.31847e-38 3
0.0693961 0.256393 0.815617 1.30003e-38 3
0.081304 0.252449 0.803069 1.45676e-38 3
0.0942795 0.252449 0.803069 1.25393e-38 3
0.107255 0.252449 0.803069 1.45669e-38 3
0.119617 0.251161 0.798972 1.46598e-38 3
0.131854 0.249886 0.794916 1.40145e-38 3
0.144697 0.249886 0.794916 1.429e-38 3
0.156746 0.248624 0.790901 1.55803e-38 3
0.168673 0.247374 0.786927 1.56725e-38 3
0.178693 0.2437 0.77524 1.57658e-38 3
0.191219 0.2437 0.77524 1.45683e-38 3
0.214357 0.256393 0.815617 1.48449e-38 3
0.227535 0.256393 0.815617 1.42918e-38 3
0.243247 0.259092 0.824202 1.47513e-38 3
0.269322 0.271975 0.865185 1.41974e-38 3
0.284875 0.273486 0.869991 1.46591e-38 3
0.292433 0.267541 0.851078 1.42903e-38 3
0.306184 0.267541 0.851078 1.40137e-38 3
0.319935 0.267541 0.851078 1.4013e-38 3
0.333687 0.267541 0.851078 1.3645e-38 3
0.332961 0.256393 0.815617 1.40137e-38 3
0.346139 0.256393 0.815617 1.47513e-38 3
0.355613 0.25375 0.807208 1.39208e-38 3
0.364894 0.251161 0.798972 1.41963e-38 3
0.377803 0.251161 0.798972 1.38286e-38 3
0.461323 0.296551 0.943364 1.33677e-38 3
0.476566 0.296551 0.943364 1.38293e-38 3
0.510251 0.307672 0.97874 1.29074e-38 3
0.526065 0.307672 0.97874 1.29989e-38 3
0.541879 0.307672 0.97874 1.34602e-38 3
0.557693 0.307672 0.97874 1.37364e-38 3
0.573506 0.307672 0.97874 1.3645e-38 3
0.548205 0.286206 0.910456 1.3184e-38 3
0.504278 0.256393 0.815617 1.20776e-38 3
0.517457 0.256393 0.815617 1.2078e-38 3
0.506875 0.244913 0.779097 1.18943e-38 3
0.519463 0.244913 0.779097 1.08794e-38 3
0.529418 0.2437 0.77524 1.19858e-38 3
0.550114 0.247374 0.786927 1.22624e-38 3
0.583348 0.256393 0.815617 1.08787e-38 3
0.629302 0.270481 0.860431 1.07869e-38 3
0.650352 0.273486 0.869991 1.08794e-38 3
0.66812 0.275014 0.874851 1.20783e-38 3
0.682255 0.275014 0.874851 1.1156e-38 3
0.712308 0.2813 0.894848 1.14326e-38 3
0.722637 0.279702 0.889764 1.09709e-38 3
0.728733 0.276559 0.879766 1.04178e-38 3
0.734692 0.273486 0.869991 1.17071e-38 3
0.740521 0.270481 0.860431 1.06007e-38 3
0.754423 0.270481 0.860431 8.94226e-39 3
0.768326 0.270481 0.860431 9.58763e-39 3
0.757263 0.261848 0.83297 1.11553e-38 3
0.728119 0.247374 0.786927 9.67983e-39 3
0.729832 0.2437 0.77524 1.05096e-38 3
0.738701 0.2425 0.771421 9.77094e-39 3
0.754883 0.2437 0.77524 9.494e-39 3
0.820194 0.260463 0.828563 9.21777e-39 3
0.838015 0.261848 0.83297 9.21777e-39 3
0.86063 0.264664 0.841927 9.31033e-39 3
0.883735 0.267541 0.851078 8.29581e-39 3
0.907349 0.270481 0.860431 8.5724e-39 3
-0.596312 0.227008 0.686835 6.54625e-39 3
-0.575125 0.223094 0.674993 8.48236e-39 3
-0.564219 0.223094 0.674993 9.86637e-39 3
-0.553313 0.223094 0.674993 9.6809e-39 3
-0.561778 0.231061 0.6991 1.04181e-38 3
-0.62835 0.323486 0.97874 1.00486e-38 3
-0.576505 0.304457 0.921167 1.01412e-38 3
-0.502503 0.272409 0.824202 1.05103e-38 3
-0.451191 0.251251 0.760186 1.14323e-38 3
-0.434688 0.248835 0.752877 1.05103e-38 3
-0.422524 0.248835 0.752877 1.11557e-38 3
-0.414343 0.251251 0.760186 1.18025e-38 3
-0.406002 0.253714 0.767639 1.08809e-38 3
-0.393599 0.253714 0.767639 1.10638e-38 3
-0.366812 0.24414 0.738672 1.07869e-38 3
-0.35321 0.242994 0.735204 1.15252e-38 3
-0.344567 0.245297 0.742173 1.1433e-38 3
-0.331006 0.24414 0.738672 1.16181e-38 3
-0.314619 0.240734 0.728365 1.005e-38 3
-0.302851 0.240734 0.728365 1.21705e-38 3
-0.292443 0.241858 0.731768 1.23542e-38 3
-0.281936 0.242994 0.735204 1.26312e-38 3
-0.271331 0.24414 0.738672 1.23542e-38 3
-0.292511 0.275307 0.83297 1.29992e-38 3
-0.279052 0.275307 0.83297 1.18918e-38 3
-0.265593 0.275307 0.83297 1.61335e-38 3
-0.252135 0.275307 0.83297 1.36442e-38 3
-0.233704 0.269571 0.815617 1.2723e-38 3
-0.220525 0.269571 0.815617 1.19854e-38 3
-0.207347 0.269571 0.815617 1.57655e-38 3
-0.194169 0.269571 0.815617 1.49343e-38 3
-0.174624 0.260089 0.786927 1.46569e-38 3
-0.16191 0.260089 0.786927 1.31822e-38 3
-0.150709 0.262729 0.794916 1.41059e-38 3
-0.148413 0.282829 0.855729 1.27237e-38 3
-0.144878 0.304457 0.921167 1.45687e-38 3
-0.129995 0.304457 0.921167 1.37386e-38 3
-0.0472399 0.258789 0.782992 1.46591e-38 3
-0.0339105 0.253714 0.767639 1.29999e-38 3
-0.0206959 0.24414 0.738672 1.5858e-38 3
-0.00851971 0.237421 0.718341 1.37386e-38 3
0.00329867 0.253714 0.767639 1.48439e-38 3
0.0157017 0.253714 0.767639 1.38308e-38 3
0.0281048 0.253714 0.767639 1.3462e-38 3
0.0368911 0.231061 0.6991 1.51201e-38 3
0.0481867 0.231061 0.6991 1.45662e-38 3
0.0697594 0.270983 0.819887 1.51194e-38 3
0.081304 0.265424 0.803069 1.73328e-38 3
0.0933223 0.262729 0.794916 1.44754e-38 3
0.106166 0.262729 0.794916 1.429e-38 3
0.11901 0.262729 0.794916 1.42907e-38 3
0.132526 0.26407 0.798972 1.37372e-38 3
0.144697 0.262729 0.794916 1.3829e-38 3
0.156746 0.261403 0.790901 1.43811e-38 3
0.168673 0.260089 0.786927 1.48428e-38 3
0.18048 0.258789 0.782992 1.54889e-38 3
0.195082 0.261403 0.790901 1.48449e-38 3
0.209982 0.26407 0.798972 1.48449e-38 3
0.225189 0.266792 0.807208 1.51204e-38 3
0.240713 0.269571 0.815617 1.48435e-38 3
0.266378 0.282829 0.855729 1.57637e-38 3
0.280205 0.282829 0.855729 1.40137e-38 3
0.280248 0.269571 0.815617 1.43829e-38 3
0.301272 0.276779 0.837425 1.32762e-38 3
0.306605 0.269571 0.815617 1.47513e-38 3
0.310093 0.261403 0.790901 1.29999e-38 3
0.319643 0.258789 0.782992 1.32765e-38 3
0.322615 0.251251 0.760186 1.22624e-38 3
0.334898 0.251251 0.760186 1.23549e-38 3
0.337355 0.24414 0.738672 1.3552e-38 3
0.34929 0.24414 0.738672 1.29063e-38 3
0.361225 0.24414 0.738672 1.33684e-38 3
0.391633 0.256226 0.77524 1.32762e-38 3
0.491808 0.311793 0.943364 1.35531e-38 3
0.416685 0.256226 0.77524 1.34609e-38 3
0.390543 0.233143 0.705398 1.26304e-38 3
0.391363 0.227008 0.686835 1.38293e-38 3
0.402461 0.227008 0.686835 1.31833e-38 3
0.419072 0.230034 0.695993 1.25375e-38 3
0.438106 0.234198 0.70859 1.29996e-38 3
0.48229 0.251251 0.760186 1.08791e-38 3
0.501881 0.254964 0.771421 1.28159e-38 3
0.511824 0.253714 0.767639 1.29078e-38 3
0.519138 0.251251 0.760186 1.14326e-38 3
0.534013 0.252477 0.763895 1.10638e-38 3
0.554469 0.256226 0.77524 1.14315e-38 3
0.629302 0.284383 0.860431 1.23539e-38 3
0.650352 0.287543 0.869991 1.1801e-38 3
0.664408 0.287543 0.869991 1.05107e-38 3
0.678465 0.287543 0.869991 1.05107e-38 3
0.708261 0.294078 0.889764 1.09716e-38 3
0.706579 0.287543 0.869991 1.18003e-38 3
0.712716 0.284383 0.860431 1.12461e-38 3
0.726619 0.284383 0.860431 1.15216e-38 3
0.740521 0.284383 0.860431 1.20751e-38 3
0.754423 0.284383 0.860431 1.14301e-38 3
0.757263 0.275307 0.83297 1.07862e-38 3
0.728119 0.260089 0.786927 9.67947e-39 3
0.722676 0.253714 0.767639 1.00475e-38 3
0.727943 0.251251 0.760186 1.13376e-38 3
0.740225 0.251251 0.760186 1.06e-38 3
0.811605 0.270983 0.819887 9.30961e-39 3
0.838015 0.275307 0.83297 9.58583e-39 3
0.869984 0.281292 0.851078 9.95462e-39 3
0.883735 0.281292 0.851078 1.06929e-38 3
-0.596312 0.238105 0.686835 7.37601e-39 3
-0.570209 0.232 0.669224 8.75895e-39 3
-0.552315 0.229063 0.660753 8.7593e-39 3
-0.539364 0.228101 0.657977 9.86493e-39 3
-0.528912 0.253682 0.731768 1.07855e-38 3
-0.517089 0.253682 0.731768 1.05089e-38 3
-0.510032 0.256075 0.738672 1.01394e-38 3
-0.493442 0.253682 0.731768 1.08773e-38 3
-0.46761 0.252502 0.728365 1.01412e-38 3
-0.464483 0.257289 0.742173 9.58799e-39 3
-0.452491 0.257289 0.742173 1.09713e-38 3
-0.434324 0.253682 0.731768 9.95713e-39 3
-0.41666 0.250175 0.721652 1.03259e-38 3
-0.403142 0.249027 0.718341 1.11568e-38 3
-0.398854 0.253682 0.731768 1.06039e-38 3
-0.390682 0.256075 0.738672 1.13415e-38 3
-0.378747 0.256075 0.738672 1.03263e-38 3
-0.360019 0.251333 0.724993 1.13408e-38 3
-0.3467 0.250175 0.721652 1.23549e-38 3
-0.339736 0.253682 0.731768 1.04199e-38 3
-0.326388 0.252502 0.728365 1.27244e-38 3
-0.31172 0.250175 0.721652 1.19862e-38 3
-0.298683 0.249027 0.718341 1.35528e-38 3
-0.289735 0.251333 0.724993 1.31833e-38 3
-0.280619 0.253682 0.731768 1.20769e-38 3
-0.279234 0.263534 0.760186 1.25386e-38 3
-0.27496 0.27144 0.782992 1.26297e-38 3
-0.270422 0.279835 0.807208 1.3274e-38 3
-0.257379 0.279835 0.807208 1.309e-38 3
-0.244337 0.279835 0.807208 1.42885e-38 3
-0.231294 0.279835 0.807208 1.3551e-38 3
-0.218252 0.279835 0.807208 1.34584e-38 3
-0.192322 0.262261 0.756514 1.52105e-38 3
-0.179233 0.261 0.752877 1.45637e-38 3
-0.167068 0.261 0.752877 1.34566e-38 3
-0.158719 0.267428 0.771421 1.2813e-38 3
-0.157924 0.288766 0.83297 1.23542e-38 3
-0.149228 0.298285 0.860431 1.2539e-38 3
-0.139939 0.308454 0.889764 1.37379e-38 3
-0.125563 0.308454 0.889764 1.41067e-38 3
-0.111187 0.308454 0.889764 1.40137e-38 3
-0.0454229 0.261 0.752877 1.37375e-38 3
-0.0320266 0.251333 0.724993 1.33687e-38 3
-0.0191595 0.237065 0.683836 1.67796e-38 3
-0.0080752 0.236035 0.680863 1.6135e-38 3
0.00295144 0.238105 0.686835 1.40137e-38 3
0.0141732 0.240212 0.692913 1.38293e-38 3
0.0254817 0.24128 0.695993 1.37357e-38 3
0.0364035 0.239154 0.689861 1.59477e-38 3
0.0479726 0.24128 0.695993 1.50261e-38 3
0.0646799 0.263534 0.760186 1.62261e-38 3
0.0792714 0.27144 0.782992 1.68718e-38 3
0.0919225 0.27144 0.782992 1.79778e-38 3
0.103538 0.268752 0.77524 1.54889e-38 3
0.116064 0.268752 0.77524 1.52123e-38 3
0.120255 0.251333 0.724993 1.41974e-38 3
0.131969 0.251333 0.724993 1.38293e-38 3
0.145026 0.253682 0.731768 1.71477e-38 3
0.161374 0.261 0.752877 1.5209e-38 3
0.176942 0.266117 0.767639 1.62261e-38 3
0.191219 0.268752 0.77524 1.48457e-38 3
0.205783 0.27144 0.782992 1.30017e-38 3
0.218434 0.27144 0.782992 1.32776e-38 3
0.231085 0.27144 0.782992 1.34606e-38 3
0.246198 0.274181 0.790901 1.77008e-38 3
0.256387 0.27144 0.782992 1.30918e-38 3
0.266375 0.268752 0.77524 1.37371e-38 3
0.2789 0.268752 0.77524 1.32762e-38 3
0.298823 0.275573 0.794916 1.3552e-38 3
0.281644 0.249027 0.718341 1.39215e-38 3
0.290584 0.246763 0.711811 1.37375e-38 3
0.296691 0.242357 0.6991 1.26312e-38 3
0.307987 0.242357 0.6991 1.40141e-38 3
0.319282 0.242357 0.6991 1.31833e-38 3
0.330578 0.242357 0.6991 1.30914e-38 3
0.341874 0.242357 0.6991 1.45669e-38 3
0.353169 0.242357 0.6991 1.42907e-38 3
0.364465 0.242357 0.6991 1.34609e-38 3
0.369168 0.238105 0.686835 1.34609e-38 3
0.373709 0.234 0.674993 1.32765e-38 3
0.38796 0.236035 0.680863 1.20773e-38 3
0.402461 0.238105 0.686835 1.21691e-38 3
0.413558 0.238105 0.686835 1.2262e-38 3
0.432239 0.242357 0.6991 1.41981e-38 3
0.451599 0.246763 0.711811 1.29081e-38 3
0.467348 0.249027 0.718341 1.09716e-38 3
0.49251 0.256075 0.738672 1.2078e-38 3
0.497406 0.252502 0.728365 1.13401e-38 3
0.509175 0.252502 0.728365 1.29996e-38 3
0.528315 0.256075 0.738672 1.19851e-38 3
0.561437 0.266117 0.767639 1.07865e-38 3
0.579521 0.268752 0.77524 1.13397e-38 3
0.597968 0.27144 0.782992 1.09709e-38 3
0.636061 0.28275 0.815617 1.05107e-38 3
0.656073 0.285726 0.824202 1.10638e-38 3
0.683786 0.291871 0.841927 1.11553e-38 3
0.70497 0.295043 0.851078 1.1155e-38 3
0.718721 0.295043 0.851078 1.04145e-38 3
0.732472 0.295043 0.851078 1.03234e-38 3
0.70073 0.253682 0.731768 9.76987e-39 3
0.677717 0.24128 0.695993 9.95498e-39 3
0.704621 0.246763 0.711811 9.49364e-39 3
0.829194 0.285726 0.824202 9.12378e-39 3
0.851474 0.288766 0.83297 9.30781e-39 3
0.883735 0.295043 0.851078 8.38621e-39 3
-0.586031 0.244906 0.674993 6.63845e-39 3
-0.555954 0.236742 0.652493 8.85114e-39 3
-0.538678 0.23382 0.644438 8.20613e-39 3
-0.519711 0.230033 0.634002 7.92882e-39 3
-0.509467 0.230033 0.634002 9.95713e-39 3
-0.540736 0.265505 0.731768 7.74227e-39 3
-0.528912 0.265505 0.731768 9.49435e-39 3
-0.517089 0.265505 0.731768 1.10613e-38 3
-0.510032 0.26801 0.738672 8.75679e-39 3
-0.493442 0.265505 0.731768 7.19018e-39 3
-0.479378 0.264271 0.728365 8.38945e-39 3
-0.46761 0.264271 0.728365 9.77274e-39 3
-0.462292 0.26801 0.738672 1.05103e-38 3
-0.452491 0.26928 0.742173 9.49615e-39 3
-0.42832 0.261835 0.721652 9.21956e-39 3
-0.41666 0.261835 0.721652 1.06954e-38 3
-0.403142 0.260634 0.718341 9.31248e-39 3
-0.398854 0.265505 0.731768 9.40467e-39 3
-0.390682 0.26801 0.738672 9.12809e-39 3
-0.373462 0.264271 0.728365 1.14326e-38 3
-0.35836 0.261835 0.721652 1.07876e-38 3
-0.345109 0.260634 0.718341 1.41067e-38 3
-0.33504 0.261835 0.721652 1.15248e-38 3
-0.324877 0.263047 0.724993 1.17096e-38 3
-0.308873 0.259444 0.715061 1.21702e-38 3
-0.293301 0.255938 0.705398 1.22617e-38 3
-0.281904 0.255938 0.705398 1.3829e-38 3
-0.272966 0.258264 0.711811 1.27223e-38 3
-0.263864 0.260634 0.718341 1.23542e-38 3
-0.252257 0.260634 0.718341 1.28145e-38 3
-0.254669 0.275816 0.760186 1.2813e-38 3
-0.242386 0.275816 0.760186 1.56715e-38 3
-0.23466 0.281278 0.77524 1.40119e-38 3
-0.224356 0.284091 0.782992 1.27212e-38 3
-0.211704 0.284091 0.782992 1.13383e-38 3
-0.199053 0.284091 0.782992 1.38275e-38 3
-0.190206 0.289889 0.798972 1.50247e-38 3
-0.179125 0.292877 0.807208 1.15205e-38 3
-0.158719 0.279892 0.771421 1.41038e-38 3
-0.154634 0.295928 0.815617 1.28152e-38 3
-0.142945 0.299043 0.824202 1.51208e-38 3
-0.129628 0.299043 0.824202 1.45676e-38 3
-0.115099 0.295928 0.815617 1.45676e-38 3
-0.0978444 0.284091 0.782992 1.57655e-38 3
-0.0851932 0.284091 0.782992 1.44747e-38 3
-0.0554546 0.263047 0.724993 1.48435e-38 3
-0.0425584 0.255938 0.705398 1.32765e-38 3
-0.0308828 0.253653 0.6991 1.39215e-38 3
-0.0192435 0.249202 0.686835 1.46591e-38 3
-0.00814604 0.249202 0.686835 1.62271e-38 3
0.00295144 0.249202 0.686835 1.53048e-38 3
0.0141732 0.251408 0.692913 1.71484e-38 3
0.0255954 0.253653 0.6991 1.41963e-38 3
0.0379064 0.260634 0.718341 1.71462e-38 3
0.0513992 0.270563 0.745707 1.62243e-38 3
0.0640579 0.273164 0.752877 1.60402e-38 3
0.0769625 0.275816 0.760186 1.5396e-38 3
0.0867193 0.26801 0.738672 1.79763e-38 3
0.0986544 0.26801 0.738672 1.58569e-38 3
0.106568 0.258264 0.711811 1.76079e-38 3
0.117005 0.255938 0.705398 1.61321e-38 3
0.127256 0.253653 0.6991 1.64094e-38 3
0.138552 0.253653 0.6991 1.66867e-38 3
0.149848 0.253653 0.6991 1.78827e-38 3
0.161143 0.253653 0.6991 1.62257e-38 3
0.173992 0.255938 0.705398 1.38308e-38 3
0.197868 0.273164 0.752877 1.40141e-38 3
0.212072 0.275816 0.760186 1.38293e-38 3
0.224354 0.275816 0.760186 1.37368e-38 3
0.236637 0.275816 0.760186 1.44744e-38 3
0.241875 0.26801 0.738672 1.36453e-38 3
0.249109 0.263047 0.724993 1.31843e-38 3
0.258431 0.260634 0.718341 1.32762e-38 3
0.262804 0.253653 0.6991 1.26308e-38 3
0.242681 0.224578 0.618966 1.36457e-38 3
0.252682 0.224578 0.618966 1.28156e-38 3
0.262683 0.224578 0.618966 1.35531e-38 3
0.302583 0.249202 0.686835 1.39219e-38 3
0.313681 0.249202 0.686835 1.28145e-38 3
0.327652 0.251408 0.692913 1.40134e-38 3
0.338848 0.251408 0.692913 1.29996e-38 3
0.350044 0.251408 0.692913 1.2539e-38 3
0.358071 0.249202 0.686835 1.37375e-38 3
0.362803 0.244906 0.674993 1.41059e-38 3
0.373709 0.244906 0.674993 1.42896e-38 3
0.384616 0.244906 0.674993 1.41978e-38 3
0.397234 0.245966 0.677915 1.34584e-38 3
0.411752 0.248114 0.683836 1.34588e-38 3
0.424656 0.249202 0.686835 1.42892e-38 3
0.441563 0.252525 0.695993 1.20769e-38 3
0.45687 0.25479 0.702235 1.21684e-38 3
0.474601 0.258264 0.711811 1.21684e-38 3
0.477421 0.253653 0.6991 1.30903e-38 3
0.480143 0.249202 0.686835 1.24457e-38 3
0.486969 0.247035 0.680863 1.22613e-38 3
0.49797 0.247035 0.680863 1.26301e-38 3
0.511193 0.248114 0.683836 1.24457e-38 3
0.500391 0.237733 0.655223 1.21691e-38 3
0.504643 0.234786 0.647101 1.15245e-38 3
0.512979 0.23382 0.644438 1.06025e-38 3
0.635921 0.284091 0.782992 1.03252e-38 3
0.648572 0.284091 0.782992 1.0233e-38 3
0.548733 0.23576 0.649786 1.07844e-38 3
0.556921 0.234786 0.647101 1.13365e-38 3
0.569731 0.23576 0.649786 1.2074e-38 3
0.585085 0.237733 0.655223 1.1245e-38 3
0.590728 0.23576 0.649786 1.00468e-38 3
0.596279 0.23382 0.644438 1.06925e-38 3
0.611726 0.23576 0.649786 1.0323e-38 3
0.638111 0.241779 0.666376 1.04152e-38 3
0.654448 0.243855 0.672096 9.40181e-39 3
0.704621 0.258264 0.711811 9.86242e-39 3
0.729384 0.263047 0.724993 1.02308e-38 3
0.741098 0.263047 0.724993 1.03223e-38 3
-0.55721 0.243231 0.641797 7.2831e-39 3
-0.54684 0.243231 0.641797 7.00651e-39 3
-0.532109 0.241254 0.636579 6.8232e-39 3
-0.505375 0.238347 0.628909 7.37565e-39 3
-0.495213 0.238347 0.628909 6.91395e-39 3
-0.527891 0.264948 0.6991 7.55788e-39 3
-0.516596 0.264948 0.6991 7.92667e-39 3
-0.524015 0.274761 0.724993 8.0203e-39 3
-0.512301 0.274761 0.724993 9.30996e-39 3
-0.505265 0.277329 0.731768 7.19054e-39 3
-0.491147 0.276039 0.728365 7.83663e-39 3
-0.479378 0.276039 0.728365 8.39052e-39 3
-0.448822 0.264948 0.6991 1.00486e-38 3
-0.441468 0.267335 0.705398 9.49543e-39 3
-0.437962 0.27224 0.718341 1.03259e-38 3
-0.424408 0.270997 0.715061 9.86529e-39 3
-0.412855 0.270997 0.715061 9.12809e-39 3
-0.403142 0.27224 0.718341 1.08794e-38 3
-0.395161 0.274761 0.724993 9.86494e-39 3
-0.38703 0.277329 0.731768 1.09709e-38 3
-0.37002 0.273495 0.721652 1.06029e-38 3
-0.356716 0.27224 0.718341 1.0511e-38 3
-0.338891 0.267335 0.705398 1.05103e-38 3
-0.333503 0.27224 0.718341 1.23539e-38 3
-0.313274 0.264948 0.6991 1.18018e-38 3
-0.294101 0.258036 0.680863 1.11557e-38 3
-0.293301 0.267335 0.705398 1.29067e-38 3
-0.279387 0.264948 0.6991 1.29981e-38 3
-0.268091 0.264948 0.6991 1.14315e-38 3
-0.256796 0.264948 0.6991 1.29996e-38 3
-0.247712 0.267335 0.705398 1.19847e-38 3
-0.236314 0.267335 0.705398 1.41038e-38 3
-0.224917 0.267335 0.705398 1.38276e-38 3
-0.21352 0.267335 0.705398 1.55793e-38 3
-0.200318 0.264948 0.6991 1.34588e-38 3
-0.189022 0.264948 0.6991 1.38276e-38 3
-0.199053 0.296742 0.782992 1.56715e-38 3
-0.188285 0.299739 0.790901 1.62232e-38 3
-0.175506 0.299739 0.790901 1.8343e-38 3
-0.162727 0.299739 0.790901 1.3274e-38 3
-0.126879 0.253626 0.669224 1.3645e-38 3
-0.116066 0.253626 0.669224 1.40137e-38 3
-0.100119 0.241254 0.636579 1.37371e-38 3
-0.0883964 0.237394 0.626394 1.39215e-38 3
-0.0782755 0.237394 0.626394 1.43814e-38 3
-0.0681546 0.237394 0.626394 1.38286e-38 3
-0.0585017 0.239308 0.631445 1.41981e-38 3
-0.0482992 0.239308 0.631445 1.45673e-38 3
-0.0380967 0.239308 0.631445 1.34609e-38 3
-0.0278941 0.239308 0.631445 1.33684e-38 3
-0.0191595 0.259163 0.683836 1.46584e-38 3
-0.00814604 0.2603 0.686835 1.50279e-38 3
0.00292577 0.258036 0.680863 1.66878e-38 3
0.0131277 0.243231 0.641797 1.70558e-38 3
0.0234974 0.243231 0.641797 1.51183e-38 3
0.0338672 0.243231 0.641797 1.56711e-38 3
0.0465251 0.255812 0.674993 1.53945e-38 3
0.0640579 0.285329 0.752877 1.53952e-38 3
0.0769625 0.288099 0.760186 1.66867e-38 3
0.0843326 0.27224 0.718341 1.58562e-38 3
0.0857161 0.243231 0.641797 1.50257e-38 3
0.0960859 0.243231 0.641797 1.64076e-38 3
0.109139 0.249363 0.657977 1.64998e-38 3
0.119771 0.249363 0.657977 1.60399e-38 3
0.127195 0.243231 0.641797 1.53038e-38 3
0.135346 0.239308 0.631445 1.66838e-38 3
0.144384 0.237394 0.626394 1.7331e-38 3
0.154505 0.237394 0.626394 1.53963e-38 3
0.164626 0.237394 0.626394 1.31833e-38 3
0.182028 0.247285 0.652493 1.42893e-38 3
0.212004 0.27224 0.718341 1.2907e-38 3
0.223611 0.27224 0.718341 1.40137e-38 3
0.228917 0.264948 0.6991 1.36464e-38 3
0.235998 0.2603 0.686835 1.33698e-38 3
0.244947 0.258036 0.680863 1.30921e-38 3
0.234534 0.236448 0.623898 1.43829e-38 3
0.239837 0.23183 0.611713 1.36457e-38 3
0.248749 0.230928 0.609332 1.31843e-38 3
0.258594 0.230928 0.609332 1.33687e-38 3
0.269488 0.23183 0.611713 1.30921e-38 3
0.284937 0.236448 0.623898 1.41052e-38 3
0.305989 0.245241 0.647101 1.48431e-38 3
0.32449 0.251476 0.663553 1.32762e-38 3
0.338077 0.253626 0.669224 1.43829e-38 3
0.351897 0.255812 0.674993 1.38293e-38 3
0.362803 0.255812 0.674993 1.33684e-38 3
0.367375 0.251476 0.663553 1.25368e-38 3
0.384616 0.255812 0.674993 1.33659e-38 3
0.395522 0.255812 0.674993 1.30885e-38 3
0.411752 0.259163 0.683836 1.33644e-38 3
0.426526 0.261447 0.689861 1.29045e-38 3
0.437673 0.261447 0.689861 1.2351e-38 3
0.450805 0.262603 0.692913 1.30885e-38 3
0.462001 0.262603 0.692913 1.29034e-38 3
0.460959 0.255812 0.674993 1.34573e-38 3
0.469839 0.254714 0.672096 1.31818e-38 3
0.472586 0.250415 0.660753 1.20762e-38 3
0.491558 0.254714 0.672096 1.28134e-38 3
0.50027 0.253626 0.669224 1.18914e-38 3
0.500391 0.24832 0.655223 1.17996e-38 3
0.504643 0.245241 0.647101 1.20769e-38 3
0.512979 0.244232 0.644438 1.18925e-38 3
0.523392 0.244232 0.644438 1.08784e-38 3
0.533804 0.244232 0.644438 9.67947e-39 3
0.548733 0.246259 0.649786 1.02312e-38 3
0.556921 0.245241 0.647101 1.03234e-38 3
0.574498 0.24832 0.655223 1.05989e-38 3
0.587543 0.249363 0.657977 1.04149e-38 3
0.59319 0.247285 0.652493 1.07833e-38 3
0.596279 0.244232 0.644438 9.76915e-39 3
0.606691 0.244232 0.644438 1.05078e-38 3
0.635408 0.251476 0.663553 1.03234e-38 3
0.651651 0.253626 0.669224 8.20326e-39 3
0.679898 0.2603 0.686835 9.03266e-39 3
0.703334 0.264948 0.6991 9.58584e-39 3
-0.536781 0.23984 0.606971 6.73029e-39 3
-0.531091 0.241713 0.611713 5.71578e-39 3
-0.53159 0.246528 0.623898 6.91432e-39 3
-0.521509 0.246528 0.623898 6.63845e-39 3
-0.505388 0.243617 0.616529 5.62393e-39 3
-0.493484 0.242661 0.614111 5.25515e-39 3
-0.483561 0.242661 0.614111 7.37493e-39 3
-0.479277 0.24555 0.621422 1.14308e-38 3
-0.469237 0.24555 0.621422 9.58619e-39 3
-0.459196 0.24555 0.621422 8.5724e-39 3
-0.452749 0.247514 0.626394 1.05096e-38 3
-0.440864 0.246528 0.623898 1.05089e-38 3
-0.427378 0.244579 0.618966 8.94262e-39 3
-0.417378 0.244579 0.618966 9.22028e-39 3
-0.408993 0.24555 0.621422 7.92954e-39 3
-0.402144 0.247514 0.626394 9.40251e-39 3
-0.392023 0.247514 0.626394 9.31104e-39 3
-0.381902 0.247514 0.626394 9.58835e-39 3
-0.371782 0.247514 0.626394 9.58906e-39 3
-0.403639 0.276244 0.6991 1.07873e-38 3
-0.403142 0.283847 0.718341 9.95713e-39 3
-0.395161 0.286475 0.724993 8.48164e-39 3
-0.38703 0.289152 0.731768 1.19847e-38 3
-0.371733 0.286475 0.724993 1.22627e-38 3
-0.360019 0.286475 0.724993 1.07876e-38 3
-0.331427 0.272593 0.689861 9.31176e-39 3
-0.327494 0.278732 0.705398 1.18007e-38 3
-0.313274 0.276244 0.6991 1.06943e-38 3
-0.299306 0.273799 0.692913 1.06947e-38 3
-0.285583 0.271397 0.686835 1.18925e-38 3
-0.258606 0.255697 0.647101 1.21684e-38 3
-0.261098 0.269037 0.680863 9.86422e-39 3
-0.252291 0.271397 0.686835 1.13401e-38 3
-0.241193 0.271397 0.686835 1.12472e-38 3
-0.230096 0.271397 0.686835 1.01394e-38 3
-0.215222 0.266718 0.674993 1.25368e-38 3
-0.181614 0.237083 0.599994 1.37354e-38 3
-0.16743 0.23089 0.584322 1.41963e-38 3
-0.156818 0.22918 0.579994 1.29056e-38 3
-0.136558 0.226662 0.573621 1.37339e-38 3
-0.126826 0.225834 0.571527 1.73288e-38 3
-0.118022 0.226662 0.573621 1.38272e-38 3
-0.115976 0.241713 0.611713 1.29074e-38 3
-0.106092 0.241713 0.611713 1.29996e-38 3
-0.0977354 0.24555 0.621422 1.3645e-38 3
-0.0870043 0.243617 0.616529 1.33684e-38 3
-0.0776543 0.24555 0.621422 1.53956e-38 3
-0.0670813 0.243617 0.616529 1.31833e-38 3
-0.0571198 0.243617 0.616529 1.39215e-38 3
-0.0467898 0.241713 0.611713 1.30925e-38 3
-0.03662 0.23984 0.606971 1.28156e-38 3
-0.026813 0.23984 0.606971 1.43818e-38 3
-0.0170059 0.23984 0.606971 1.39208e-38 3
-0.0080752 0.269037 0.680863 1.43825e-38 3
0.00295144 0.271397 0.686835 1.47517e-38 3
0.0125123 0.241713 0.611713 1.56729e-38 3
0.022396 0.241713 0.611713 1.41967e-38 3
0.0322797 0.241713 0.611713 1.96355e-38 3
0.0421634 0.241713 0.611713 1.61328e-38 3
0.0512464 0.237995 0.602302 1.59498e-38 3
0.060978 0.237995 0.602302 1.57655e-38 3
0.0707096 0.237995 0.602302 1.4935e-38 3
0.07804 0.23089 0.584322 1.53945e-38 3
0.0874812 0.23089 0.584322 1.53009e-38 3
0.101466 0.241713 0.611713 1.70519e-38 3
0.111349 0.241713 0.611713 1.61306e-38 3
0.123157 0.24555 0.621422 1.5948e-38 3
0.131117 0.241713 0.611713 1.71452e-38 3
0.133196 0.228334 0.577854 1.55793e-38 3
0.141488 0.226662 0.573621 1.52119e-38 3
0.150757 0.226662 0.573621 1.76994e-38 3
0.156024 0.220995 0.55928 1.65012e-38 3
0.164473 0.220209 0.55729 1.3829e-38 3
0.208321 0.264439 0.669224 1.35531e-38 3
0.219134 0.264439 0.669224 1.41074e-38 3
0.226083 0.259994 0.657977 1.33698e-38 3
0.229059 0.240773 0.609332 1.41989e-38 3
0.236147 0.237995 0.602302 1.34609e-38 3
0.257592 0.23984 0.606971 1.32765e-38 3
0.269488 0.241713 0.611713 1.29999e-38 3
0.283806 0.24555 0.621422 1.29992e-38 3
0.356654 0.262197 0.663553 1.26301e-38 3
0.367375 0.262197 0.663553 1.25365e-38 3
0.378097 0.262197 0.663553 1.32729e-38 3
0.388818 0.262197 0.663553 1.447e-38 3
0.404683 0.265573 0.672096 1.41935e-38 3
0.426526 0.272593 0.689861 1.25343e-38 3
0.439609 0.273799 0.692913 1.21659e-38 3
0.442965 0.269037 0.680863 1.34559e-38 3
0.452001 0.267873 0.677915 1.34559e-38 3
0.443744 0.256758 0.649786 1.20733e-38 3
0.452366 0.255697 0.647101 1.25354e-38 3
0.459028 0.253601 0.641797 1.17996e-38 3
0.479218 0.258906 0.655223 1.13383e-38 3
0.493938 0.261091 0.660753 1.13383e-38 3
0.494188 0.255697 0.647101 1.17071e-38 3
0.498464 0.252566 0.639177 1.10617e-38 3
0.504672 0.250521 0.634002 1.22606e-38 3
0.519119 0.252566 0.639177 1.23535e-38 3
0.529447 0.252566 0.639177 1.20769e-38 3
0.539774 0.252566 0.639177 1.12461e-38 3
0.552356 0.253601 0.641797 1.02319e-38 3
0.567376 0.255697 0.647101 1.03234e-38 3
0.582647 0.257828 0.652493 1.06003e-38 3
0.588287 0.255697 0.647101 1.08751e-38 3
0.589007 0.251539 0.636579 1.05989e-38 3
0.599293 0.251539 0.636579 9.77023e-39 3
0.619654 0.255697 0.647101 1.04156e-38 3
0.662984 0.269037 0.680863 9.67768e-39 3
0.679898 0.271397 0.686835 9.21777e-39 3
-0.532652 0.247726 0.602302 6.91432e-39 3
-0.526974 0.249647 0.606971 5.5321e-39 3
-0.517167 0.249647 0.606971 6.45406e-39 3
-0.505401 0.248683 0.604627 7.92991e-39 3
-0.488093 0.244901 0.595431 6.73064e-39 3
-0.478473 0.244901 0.595431 7.46785e-39 3
-0.468852 0.244901 0.595431 8.38909e-39 3
-0.459231 0.244901 0.595431 9.31032e-39 3
-0.44454 0.242138 0.588716 6.91396e-39 3
-0.433399 0.241232 0.586511 9.58835e-39 3
-0.425516 0.242138 0.588716 9.68091e-39 3
-0.422355 0.245835 0.597704 9.7731e-39 3
-0.414279 0.246777 0.599994 8.66639e-39 3
-0.409289 0.249647 0.606971 8.75858e-39 3
-0.407377 0.25458 0.618966 8.66567e-39 3
-0.398953 0.255591 0.621422 9.77129e-39 3
-0.388912 0.255591 0.621422 8.57383e-39 3
-0.377374 0.25458 0.618966 9.58834e-39 3
-0.364492 0.252584 0.614111 9.12809e-39 3
-0.400067 0.284995 0.692913 1.10638e-38 3
-0.408767 0.299576 0.728365 1.04185e-38 3
-0.400726 0.302389 0.735204 1.07865e-38 3
-0.383447 0.298189 0.724993 9.03517e-39 3
-0.371733 0.298189 0.724993 9.31248e-39 3
-0.353473 0.292767 0.711811 9.49687e-39 3
-0.317442 0.271767 0.660753 1.08791e-38 3
-0.296749 0.262893 0.639177 1.03252e-38 3
-0.278466 0.255591 0.621422 1.18932e-38 3
-0.266312 0.253578 0.616529 1.07862e-38 3
-0.25635 0.253578 0.616529 1.1339e-38 3
-0.247362 0.25458 0.618966 1.14308e-38 3
-0.236427 0.253578 0.616529 1.33684e-38 3
-0.224696 0.251597 0.611713 1.04185e-38 3
-0.215655 0.252584 0.614111 9.95713e-39 3
-0.220428 0.270625 0.657977 1.0233e-38 3
-0.196581 0.253578 0.616529 1.29996e-38 3
-0.16743 0.240331 0.584322 1.15245e-38 3
-0.156818 0.238551 0.579994 1.29989e-38 3
-0.146363 0.236797 0.575729 1.29056e-38 3
-0.13706 0.236797 0.575729 1.35492e-38 3
-0.12729 0.23593 0.573621 1.64076e-38 3
-0.118022 0.23593 0.573621 1.18003e-38 3
-0.112461 0.243973 0.593176 1.33677e-38 3
-0.10446 0.247726 0.602302 1.0694e-38 3
-0.0954625 0.249647 0.606971 1.44744e-38 3
-0.0856554 0.249647 0.606971 1.28145e-38 3
-0.0758483 0.249647 0.606971 1.25382e-38 3
-0.0660413 0.249647 0.606971 1.23542e-38 3
-0.0562342 0.249647 0.606971 1.37375e-38 3
-0.04607 0.247726 0.602302 1.27226e-38 3
-0.036061 0.245835 0.597704 1.39215e-38 3
-0.0264036 0.245835 0.597704 1.43825e-38 3
-0.0167463 0.245835 0.597704 1.42903e-38 3
-0.00811047 0.281261 0.683836 1.2723e-38 3
0.00293855 0.281261 0.683836 1.31829e-38 3
0.0123198 0.247726 0.602302 1.43818e-38 3
0.0220515 0.247726 0.602302 1.43822e-38 3
0.0317831 0.247726 0.602302 1.56715e-38 3
0.0411978 0.245835 0.597704 1.39208e-38 3
0.0497166 0.240331 0.584322 1.25386e-38 3
0.057443 0.233365 0.567386 1.32765e-38 3
0.0661313 0.231686 0.563304 1.41981e-38 3
0.0755044 0.232523 0.565337 1.50257e-38 3
0.0852544 0.234214 0.569449 1.47488e-38 3
0.0947999 0.235069 0.571527 1.64047e-38 3
0.105968 0.239438 0.58215 1.76958e-38 3
0.114947 0.238551 0.579994 1.53934e-38 3
0.123859 0.237671 0.577854 1.53023e-38 3
0.133196 0.237671 0.577854 1.47513e-38 3
0.14306 0.238551 0.579994 1.429e-38 3
0.152998 0.239438 0.58215 1.50261e-38 3
0.159441 0.235069 0.571527 1.37354e-38 3
0.168675 0.235069 0.571527 1.35524e-38 3
0.177263 0.234214 0.569449 1.23546e-38 3
0.212596 0.243052 0.590937 1.26312e-38 3
0.222144 0.243052 0.590937 1.37368e-38 3
0.231692 0.243052 0.590937 1.20791e-38 3
0.253659 0.245835 0.597704 1.22627e-38 3
0.263317 0.245835 0.597704 1.19858e-38 3
0.275074 0.247726 0.602302 1.35524e-38 3
0.329265 0.237671 0.577854 1.48395e-38 3
0.342392 0.240331 0.584322 1.46537e-38 3
0.351833 0.240331 0.584322 1.54835e-38 3
0.361274 0.240331 0.584322 1.42849e-38 3
0.370715 0.240331 0.584322 1.31797e-38 3
0.380156 0.240331 0.584322 1.35484e-38 3
0.414334 0.255591 0.621422 1.42842e-38 3
0.431219 0.259713 0.631445 1.4192e-38 3
0.443209 0.260765 0.634002 1.26268e-38 3
0.453453 0.260765 0.634002 1.17067e-38 3
0.463697 0.260765 0.634002 1.20762e-38 3
0.475867 0.261825 0.636579 1.20758e-38 3
0.484184 0.260765 0.634002 1.0694e-38 3
0.492434 0.259713 0.631445 1.09706e-38 3
0.541974 0.280038 0.680863 1.1339e-38 3
0.552975 0.280038 0.680863 1.06929e-38 3
0.525159 0.260765 0.634002 1.10617e-38 3
0.590378 0.287539 0.6991 1.1155e-38 3
0.552356 0.263971 0.641797 1.15237e-38 3
0.562726 0.263971 0.641797 1.10617e-38 3
0.575454 0.265057 0.644438 9.67803e-39 3
0.585866 0.265057 0.644438 9.95389e-39 3
0.589007 0.261825 0.636579 9.7695e-39 3
0.599293 0.261825 0.636579 9.95354e-39 3
0.612066 0.262893 0.639177 9.67695e-39 3
0.622394 0.262893 0.639177 9.49328e-39 3
-0.534165 0.253557 0.593176 6.54589e-39 3
-0.494605 0.239068 0.55928 6.54554e-39 3
-0.490828 0.241657 0.565337 6.73065e-39 3
-0.481693 0.241657 0.565337 7.28417e-39 3
-0.475996 0.243415 0.569449 8.39052e-39 3
-0.468498 0.244303 0.571527 7.00687e-39 3
-0.466068 0.247922 0.579994 8.482e-39 3
-0.461828 0.250708 0.586511 8.38944e-39 3
-0.450664 0.249773 0.584322 7.92846e-39 3
-0.434734 0.2461 0.575729 8.02066e-39 3
-0.419266 0.242533 0.567386 9.31176e-39 3
-0.41159 0.243415 0.569449 7.5604e-39 3
-0.407709 0.258452 0.604627 8.3898e-39 3
-0.404182 0.262506 0.614111 9.2192e-39 3
-0.398953 0.265631 0.621422 1.0049e-38 3
-0.387375 0.264581 0.618966 9.95713e-39 3
-0.377374 0.264581 0.618966 9.12736e-39 3
-0.361655 0.260463 0.609332 9.40395e-39 3
-0.383115 0.28364 0.663553 8.75967e-39 3
-0.378814 0.28853 0.674993 1.09716e-38 3
-0.371107 0.291039 0.680863 8.02139e-39 3
-0.373083 0.301527 0.705398 1.07869e-38 3
-0.361686 0.301527 0.705398 9.22028e-39 3
-0.290164 0.249773 0.584322 1.04181e-38 3
-0.288252 0.256472 0.599994 1.09713e-38 3
-0.280709 0.258452 0.604627 1.02334e-38 3
-0.269898 0.257458 0.602302 1.08791e-38 3
-0.25818 0.255493 0.597704 1.06947e-38 3
-0.248523 0.255493 0.597704 9.86457e-39 3
-0.241632 0.258452 0.604627 1.05099e-38 3
-0.231863 0.258452 0.604627 9.8653e-39 3
-0.221239 0.257458 0.602302 9.86529e-39 3
-0.211508 0.257458 0.602302 1.07873e-38 3
-0.185162 0.261481 0.611713 1.1894e-38 3
-0.16743 0.249773 0.584322 1.29996e-38 3
-0.156239 0.247008 0.577854 1.23542e-38 3
-0.146363 0.2461 0.575729 1.21691e-38 3
-0.13706 0.2461 0.575729 1.18e-38 3
-0.127758 0.2461 0.575729 1.27212e-38 3
-0.118022 0.245198 0.573621 1.10635e-38 3
-0.110783 0.249773 0.584322 1.30918e-38 3
-0.0998513 0.2461 0.575729 1.19851e-38 3
-0.0892367 0.242533 0.567386 1.25382e-38 3
-0.0789253 0.239068 0.55928 1.19851e-38 3
-0.0698888 0.239068 0.55928 1.26301e-38 3
-0.0626421 0.2461 0.575729 1.24464e-38 3
-0.0533398 0.2461 0.575729 1.30925e-38 3
-0.0440375 0.2461 0.575729 1.41981e-38 3
-0.0344816 0.244303 0.571527 1.3645e-38 3
-0.0247062 0.239068 0.55928 1.30918e-38 3
-0.0156697 0.239068 0.55928 1.43825e-38 3
-0.0066332 0.239068 0.55928 1.29074e-38 3
0.00240331 0.239068 0.55928 1.37364e-38 3
0.0115221 0.240788 0.563304 1.48431e-38 3
0.0210786 0.2461 0.575729 1.43818e-38 3
0.0306059 0.247922 0.579994 1.31833e-38 3
0.0399771 0.247922 0.579994 1.43818e-38 3
0.0482756 0.242533 0.567386 1.44747e-38 3
0.0570298 0.240788 0.563304 1.41059e-38 3
0.0651933 0.237373 0.555314 1.41967e-38 3
0.0749632 0.239925 0.561285 1.41038e-38 3
0.0840321 0.239925 0.561285 1.53931e-38 3
0.0927685 0.239068 0.55928 1.92617e-38 3
0.102908 0.241657 0.565337 1.58508e-38 3
0.112448 0.242533 0.567386 1.49321e-38 3
0.122952 0.245198 0.573621 1.36435e-38 3
0.133196 0.247008 0.577854 1.3645e-38 3
0.144128 0.249773 0.584322 1.34609e-38 3
0.154144 0.250708 0.586511 1.3552e-38 3
0.160613 0.2461 0.575729 1.26301e-38 3
0.169915 0.2461 0.575729 1.3645e-38 3
0.179879 0.247008 0.577854 1.44751e-38 3
0.223833 0.254521 0.595431 1.31843e-38 3
0.232569 0.253557 0.593176 1.24479e-38 3
0.275074 0.257458 0.602302 1.3645e-38 3
0.292289 0.255493 0.597704 1.24471e-38 3
0.282492 0.231623 0.541863 1.26315e-38 3
0.291247 0.231623 0.541863 1.24464e-38 3
0.306362 0.236534 0.553351 1.28134e-38 3
0.318681 0.239068 0.55928 1.33659e-38 3
0.334894 0.244303 0.571527 1.34562e-38 3
0.346659 0.2461 0.575729 1.34559e-38 3
0.357275 0.247008 0.577854 1.29953e-38 3
0.362597 0.244303 0.571527 1.27187e-38 3
0.369137 0.242533 0.567386 1.32719e-38 3
0.408177 0.255493 0.597704 1.29024e-38 3
0.434119 0.259454 0.606971 1.2813e-38 3
0.443927 0.259454 0.606971 1.16145e-38 3
0.445107 0.254521 0.595431 1.10613e-38 3
0.454728 0.254521 0.595431 1.08773e-38 3
0.466121 0.255493 0.597704 1.07862e-38 3
0.563976 0.291039 0.680863 1.06007e-38 3
0.58002 0.293592 0.686835 1.07851e-38 3
0.566281 0.281257 0.657977 1.10617e-38 3
0.581084 0.273221 0.639177 9.2174e-39 3
0.584257 0.269916 0.631445 9.4018e-39 3
0.59446 0.269916 0.631445 9.49399e-39 3
0.602234 0.268832 0.628909 9.58583e-39 3
-0.503642 0.248105 0.55928 6.54589e-39 3
-0.487639 0.24461 0.551403 7.28346e-39 3
-0.47873 0.24461 0.551403 8.57456e-39 3
-0.473152 0.246345 0.555314 6.36222e-39 3
-0.470859 0.24989 0.563304 7.09906e-39 3
-0.465103 0.2517 0.567386 5.80832e-39 3
-0.462641 0.255402 0.575729 7.09906e-39 3
-0.455011 0.256344 0.577854 9.40395e-39 3
-0.44241 0.254466 0.573621 9.03589e-39 3
-0.426887 0.250792 0.565337 8.48271e-39 3
-0.41625 0.24989 0.563304 6.8232e-39 3
-0.405689 0.248994 0.561285 8.85078e-39 3
-0.3868 0.254466 0.573621 9.31176e-39 3
-0.380318 0.256344 0.577854 8.57383e-39 3
-0.383725 0.26515 0.597704 8.85078e-39 3
-0.374068 0.26515 0.597704 9.58834e-39 3
-0.367214 0.26719 0.602302 9.49615e-39 3
-0.356113 0.266166 0.599994 9.49615e-39 3
-0.343784 0.264142 0.595431 1.07876e-38 3
-0.300545 0.24461 0.551403 1.04185e-38 3
-0.291636 0.24461 0.551403 9.58871e-39 3
-0.311218 0.269261 0.606971 9.77274e-39 3
-0.28381 0.253538 0.571527 9.95713e-39 3
-0.292739 0.270309 0.609332 8.482e-39 3
-0.280709 0.268221 0.604627 1.04181e-38 3
-0.269898 0.26719 0.602302 1.00486e-38 3
-0.25818 0.26515 0.597704 8.75858e-39 3
-0.248523 0.26515 0.597704 1.2262e-38 3
-0.238865 0.26515 0.597704 9.49651e-39 3
-0.230086 0.266166 0.599994 9.95785e-39 3
-0.16199 0.250792 0.565337 1.33691e-38 3
-0.152855 0.250792 0.565337 1.26308e-38 3
-0.143721 0.250792 0.565337 1.11553e-38 3
-0.135074 0.2517 0.567386 1.28148e-38 3
-0.127758 0.255402 0.575729 1.23542e-38 3
-0.118022 0.254466 0.573621 1.11557e-38 3
-0.109154 0.255402 0.575729 1.33684e-38 3
-0.0969984 0.248105 0.55928 1.29074e-38 3
-0.0861165 0.2429 0.547547 1.08791e-38 3
-0.0756818 0.237909 0.536296 1.41059e-38 3
-0.0670167 0.237909 0.536296 1.59491e-38 3
-0.059162 0.241213 0.543745 1.29074e-38 3
-0.0514483 0.246345 0.555314 1.23549e-38 3
-0.0427793 0.248105 0.55928 1.16166e-38 3
-0.0335034 0.246345 0.555314 1.40137e-38 3
-0.02402 0.241213 0.543745 1.2262e-38 3
-0.0152345 0.241213 0.543745 1.17088e-38 3
-0.00644895 0.241213 0.543745 1.40134e-38 3
0.00233655 0.241213 0.543745 1.27212e-38 3
0.0111221 0.241213 0.543745 1.58541e-38 3
0.0206237 0.24989 0.563304 1.46555e-38 3
0.0299406 0.2517 0.567386 1.53949e-38 3
0.0391081 0.2517 0.567386 1.48428e-38 3
0.0475859 0.248105 0.55928 1.42903e-38 3
0.0562208 0.246345 0.555314 1.42892e-38 3
0.0642815 0.2429 0.547547 1.53023e-38 3
0.0746955 0.248105 0.55928 1.39201e-38 3
0.083732 0.248105 0.55928 1.42885e-38 3
0.0917851 0.245475 0.553351 2.00925e-38 3
0.111639 0.24989 0.563304 1.45637e-38 3
0.121176 0.250792 0.565337 1.31833e-38 3
0.131258 0.252616 0.569449 1.41988e-38 3
0.14306 0.257294 0.579994 1.22624e-38 3
0.152998 0.25825 0.58215 1.4013e-38 3
0.159441 0.253538 0.571527 1.41974e-38 3
0.168062 0.252616 0.569449 1.52123e-38 3
0.251785 0.253538 0.571527 1.30925e-38 3
0.254517 0.247222 0.55729 1.41981e-38 3
0.261659 0.245475 0.553351 1.45669e-38 3
0.26316 0.238726 0.538139 1.32769e-38 3
0.271855 0.238726 0.538139 1.20783e-38 3
0.282492 0.240378 0.541863 1.1801e-38 3
0.291247 0.240378 0.541863 1.19854e-38 3
0.303149 0.2429 0.547547 1.22613e-38 3
0.311996 0.2429 0.547547 1.1523e-38 3
0.324244 0.245475 0.553351 1.25368e-38 3
0.335556 0.247222 0.55729 1.22602e-38 3
0.350802 0.2517 0.567386 1.24442e-38 3
0.35867 0.250792 0.565337 1.17978e-38 3
0.392527 0.261163 0.588716 1.1429e-38 3
0.360075 0.233903 0.527267 1.17978e-38 3
0.366129 0.232339 0.523741 1.10602e-38 3
0.374591 0.232339 0.523741 1.16134e-38 3
0.421077 0.255402 0.575729 1.20744e-38 3
0.444585 0.25825 0.58215 1.13379e-38 3
0.457392 0.260185 0.586511 9.67983e-39 3
0.464176 0.253538 0.571527 1.04163e-38 3
0.463266 0.248105 0.55928 1.08776e-38 3
-0.484229 0.251747 0.547547 6.73028e-39 3
-0.465614 0.246574 0.536296 7.74443e-39 3
-0.452302 0.244066 0.530842 7.09906e-39 3
-0.443725 0.244066 0.530842 6.82248e-39 3
-0.455208 0.255317 0.555314 8.11321e-39 3
-0.452656 0.258991 0.563304 8.20541e-39 3
-0.443554 0.258991 0.563304 8.02102e-39 3
-0.43135 0.257141 0.55928 8.20649e-39 3
-0.419318 0.255317 0.555314 8.57491e-39 3
-0.406026 0.25263 0.549468 8.94333e-39 3
-0.397148 0.25263 0.549468 8.20541e-39 3
-0.384226 0.249998 0.543745 9.03517e-39 3
-0.367778 0.244896 0.532648 9.58834e-39 3
-0.371819 0.253519 0.551403 8.94298e-39 3
-0.364192 0.254415 0.553351 8.75787e-39 3
-0.35778 0.256226 0.55729 8.48164e-39 3
-0.347538 0.255317 0.555314 8.66603e-39 3
-0.333831 0.251747 0.547547 9.86493e-39 3
-0.324984 0.251747 0.547547 9.77273e-39 3
-0.311776 0.248274 0.539995 7.37601e-39 3
-0.291313 0.245732 0.534466 9.31212e-39 3
-0.281716 0.244896 0.532648 9.86565e-39 3
-0.290921 0.260868 0.567386 9.86493e-39 3
-0.279727 0.258991 0.563304 1.07869e-38 3
-0.272586 0.260868 0.567386 8.39052e-39 3
-0.277495 0.274807 0.597704 1.0511e-38 3
-0.266819 0.273762 0.595431 9.49615e-39 3
-0.24664 0.272725 0.593176 1.13401e-38 3
-0.237056 0.272725 0.593176 1.10635e-38 3
-0.227471 0.272725 0.593176 9.95749e-39 3
-0.215439 0.269661 0.586511 1.23553e-38 3
-0.205194 0.268655 0.584322 1.17096e-38 3
-0.189393 0.259926 0.565337 1.18018e-38 3
-0.178327 0.257141 0.55928 1.15259e-38 3
-0.170508 0.258991 0.563304 1.254e-38 3
-0.161407 0.258991 0.563304 1.0788e-38 3
-0.152855 0.259926 0.565337 1.19862e-38 3
-0.143721 0.259926 0.565337 1.06947e-38 3
-0.135565 0.261816 0.569449 1.23542e-38 3
-0.12823 0.265681 0.577854 1.29996e-38 3
-0.118022 0.263734 0.573621 1.21698e-38 3
-0.106035 0.257141 0.55928 1.2445e-38 3
-0.0923794 0.244896 0.532648 1.18932e-38 3
-0.0789401 0.230768 0.501918 1.26312e-38 3
-0.0699339 0.227847 0.495565 1.30003e-38 3
-0.0619268 0.227847 0.495565 1.2262e-38 3
-0.0553203 0.233765 0.508436 1.2262e-38 3
-0.0496864 0.246574 0.536296 1.38293e-38 3
-0.0413041 0.248274 0.539995 1.33684e-38 3
-0.0325792 0.248274 0.539995 1.37364e-38 3
-0.0236909 0.246574 0.536296 1.30918e-38 3
-0.0149235 0.244896 0.532648 1.37372e-38 3
-0.00631734 0.244896 0.532648 1.41052e-38 3
0.00228887 0.244896 0.532648 1.32733e-38 3
0.0108951 0.244896 0.532648 1.65913e-38 3
0.0199076 0.249998 0.543745 1.53005e-38 3
0.0288937 0.251747 0.547547 1.53027e-38 3
0.038276 0.255317 0.555314 1.51194e-38 3
0.0472484 0.255317 0.555314 1.45662e-38 3
0.0554345 0.251747 0.547547 1.3274e-38 3
0.0638351 0.249998 0.543745 1.53012e-38 3
0.131738 0.262772 0.571527 1.34609e-38 3
0.140972 0.262772 0.571527 1.2539e-38 3
0.151311 0.264704 0.575729 1.34606e-38 3
0.157714 0.259926 0.565337 1.52119e-38 3
0.165652 0.258063 0.561285 1.50264e-38 3
0.251785 0.262772 0.571527 1.30918e-38 3
0.262587 0.255317 0.555314 1.26304e-38 3
0.266828 0.250869 0.545639 1.3184e-38 3
0.273737 0.249133 0.541863 1.24471e-38 3
0.282492 0.249133 0.541863 1.17088e-38 3
0.292258 0.249998 0.543745 1.15244e-38 3
0.303149 0.251747 0.547547 1.04181e-38 3
0.308757 0.249133 0.541863 1.04181e-38 3
0.31425 0.246574 0.536296 1.06018e-38 3
0.321813 0.245732 0.534466 1.06936e-38 3
0.349485 0.235293 0.51176 1.06929e-38 3
0.356588 0.234526 0.510093 1.10617e-38 3
0.362469 0.233008 0.506791 1.08769e-38 3
0.454229 0.257141 0.55928 1.11542e-38 3
0.455138 0.25263 0.549468 1.2445e-38 3
0.457594 0.249133 0.541863 1.05089e-38 3
0.456864 0.244066 0.530842 9.95569e-39 3
0.463868 0.243242 0.529049 9.95569e-39 3
0.474018 0.244066 0.530842 9.30996e-39 3
-0.459322 0.25179 0.529049 5.90052e-39 3
-0.441818 0.246787 0.518538 7.19126e-39 3
-0.43344 0.246787 0.518538 8.3898e-39 3
-0.439618 0.255239 0.536296 8.85078e-39 3
-0.446235 0.26429 0.555314 8.57419e-39 3
-0.434183 0.262429 0.551403 8.2976e-39 3
-0.403576 0.254368 0.534466 7.92954e-39 3
-0.39494 0.254368 0.534466 8.85078e-39 3
-0.38499 0.253503 0.532648 9.40395e-39 3
-0.365293 0.25179 0.529049 7.92882e-39 3
-0.362875 0.256116 0.538139 8.75858e-39 3
-0.359116 0.259686 0.545639 9.03517e-39 3
-0.352758 0.261508 0.549468 8.48164e-39 3
-0.342678 0.260594 0.547547 1.10635e-38 3
-0.328095 0.256116 0.538139 9.68054e-39 3
-0.3194 0.256116 0.538139 8.57491e-39 3
-0.308584 0.254368 0.534466 7.37601e-39 3
-0.298928 0.253503 0.532648 7.09907e-39 3
-0.289338 0.252643 0.530842 1.06954e-38 3
-0.277005 0.249263 0.523741 1.02344e-38 3
-0.2788 0.258784 0.543745 9.49615e-39 3
-0.275759 0.26429 0.555314 1.06025e-38 3
-0.268692 0.266178 0.55928 1.23549e-38 3
-0.272298 0.279138 0.586511 1.13408e-38 3
-0.264805 0.281244 0.590937 9.95677e-39 3
-0.255257 0.281244 0.590937 1.1801e-38 3
-0.245709 0.281244 0.590937 1.3645e-38 3
-0.235273 0.280187 0.588716 1.04188e-38 3
-0.225761 0.280187 0.588716 9.95785e-39 3
-0.212259 0.275017 0.577854 1.1894e-38 3
-0.199246 0.270035 0.567386 1.1433e-38 3
-0.187364 0.266178 0.55928 1.29081e-38 3
-0.178327 0.266178 0.55928 1.16184e-38 3
-0.169291 0.266178 0.55928 1.07887e-38 3
-0.168688 0.280187 0.588716 1.06954e-38 3
-0.165394 0.291132 0.611713 1.30925e-38 3
-0.15551 0.291132 0.611713 1.2262e-38 3
-0.145627 0.291132 0.611713 1.29074e-38 3
-0.132634 0.284465 0.597704 1.10624e-38 3
-0.120224 0.278096 0.584322 1.12472e-38 3
-0.100986 0.253503 0.532648 1.17992e-38 3
-0.0870498 0.238877 0.501918 1.17088e-38 3
-0.0774507 0.23437 0.492448 1.17096e-38 3
-0.0690597 0.232905 0.48937 1.20783e-38 3
-0.0611527 0.232905 0.48937 1.30918e-38 3
-0.0532458 0.232905 0.48937 1.24464e-38 3
-0.0459127 0.235854 0.495565 1.38293e-38 3
-0.0381471 0.237356 0.498721 1.25386e-38 3
-0.0304773 0.240418 0.505156 1.29992e-38 3
-0.022607 0.243561 0.51176 1.34606e-38 3
-0.0143383 0.243561 0.51176 1.59498e-38 3
-0.0060696 0.243561 0.51176 1.36432e-38 3
0.00218483 0.24198 0.508436 1.41016e-38 3
0.0103998 0.24198 0.508436 1.59452e-38 3
0.0184948 0.240418 0.505156 1.6314e-38 3
0.0264859 0.238877 0.501918 1.49325e-38 3
0.0345956 0.238877 0.501918 1.45648e-38 3
0.0427053 0.238877 0.501918 1.49335e-38 3
0.0511428 0.240418 0.505156 1.48403e-38 3
0.0600801 0.243561 0.51176 1.59466e-38 3
0.103598 0.23003 0.483328 1.40134e-38 3
0.116344 0.224487 0.471682 1.30003e-38 3
0.12249 0.221815 0.466067 1.39215e-38 3
0.130799 0.223143 0.468858 1.43822e-38 3
0.268701 0.261508 0.549468 1.06032e-38 3
0.273737 0.257888 0.541863 1.15252e-38 3
0.281518 0.256999 0.539995 1.10635e-38 3
0.290243 0.256999 0.539995 1.07869e-38 3
0.300002 0.257888 0.541863 1.20776e-38 3
0.306635 0.256116 0.538139 1.06947e-38 3
0.313178 0.254368 0.534466 1.12479e-38 3
0.350874 0.238877 0.501918 1.06007e-38 3
0.356697 0.237356 0.498721 1.11535e-38 3
0.363597 0.236602 0.497138 1.06925e-38 3
0.372565 0.23218 0.487846 1.09691e-38 3
0.376925 0.23003 0.483328 1.01401e-38 3
0.449414 0.263356 0.553351 1.06933e-38 3
0.447291 0.256999 0.539995 9.95569e-39 3
0.451347 0.254368 0.534466 1.01401e-38 3
0.453787 0.250942 0.527267 1.03245e-38 3
0.460755 0.2501 0.525498 1.06011e-38 3
0.469246 0.2501 0.525498 1.01397e-38 3
-0.450196 0.255165 0.518538 6.91503e-39 3
-0.433211 0.250195 0.508436 8.66675e-39 3
-0.427774 0.25183 0.51176 8.11321e-39 3
-0.433677 0.260338 0.529049 7.65223e-39 3
-0.435427 0.266643 0.541863 9.40395e-39 3
-0.422288 0.263904 0.536296 9.77273e-39 3
-0.409416 0.26122 0.530842 8.66675e-39 3
-0.399485 0.260338 0.529049 7.19126e-39 3
-0.390937 0.260338 0.529049 8.94262e-39 3
-0.379823 0.25859 0.525498 8.38908e-39 3
-0.371332 0.25859 0.525498 8.57419e-39 3
-0.359225 0.256013 0.520261 9.12736e-39 3
-0.355544 0.259461 0.527267 8.66711e-39 3
-0.350566 0.262109 0.532648 1.06958e-38 3
-0.341959 0.262109 0.532648 7.83663e-39 3
-0.333353 0.262109 0.532648 9.58834e-39 3
-0.323646 0.26122 0.530842 9.40503e-39 3
-0.316141 0.262109 0.532648 1.03266e-38 3
-0.306492 0.26122 0.530842 9.40503e-39 3
-0.297915 0.26122 0.530842 1.10642e-38 3
-0.289338 0.26122 0.530842 9.86493e-39 3
-0.272449 0.253487 0.515126 1.12479e-38 3
-0.25092 0.240812 0.48937 1.19851e-38 3
-0.243013 0.240812 0.48937 1.28145e-38 3
-0.235106 0.240812 0.48937 1.23542e-38 3
-0.225788 0.239317 0.48633 1.24464e-38 3
-0.217255 0.238576 0.484825 1.11553e-38 3
-0.209422 0.238576 0.484825 1.14323e-38 3
-0.210042 0.248581 0.505156 1.2539e-38 3
-0.20188 0.248581 0.505156 9.95856e-39 3
-0.193718 0.248581 0.505156 1.1894e-38 3
-0.189218 0.253487 0.515126 1.04188e-38 3
-0.182093 0.255165 0.518538 1.19861e-38 3
-0.174873 0.256867 0.521995 1.25393e-38 3
-0.169835 0.262109 0.532648 1.04199e-38 3
-0.164588 0.267569 0.543745 1.03277e-38 3
-0.175278 0.301015 0.611713 1.13408e-38 3
-0.17642 0.321083 0.652493 1.31847e-38 3
-0.165878 0.321083 0.652493 1.26308e-38 3
-0.145627 0.301015 0.611713 1.15237e-38 3
-0.148505 0.329316 0.669224 1.08773e-38 3
-0.120224 0.287537 0.584322 1.32733e-38 3
-0.0963954 0.250195 0.508436 1.4196e-38 3
-0.0854074 0.242327 0.492448 1.55803e-38 3
-0.0769666 0.240812 0.48937 1.21716e-38 3
-0.0686307 0.239317 0.48633 1.17106e-38 3
-0.0607729 0.239317 0.48633 1.24471e-38 3
-0.0524266 0.237108 0.481841 1.4291e-38 3
-0.0446413 0.237108 0.481841 1.16174e-38 3
-0.0374319 0.240812 0.48937 1.2539e-38 3
-0.0295249 0.240812 0.48937 1.23542e-38 3
-0.0218916 0.243861 0.495565 1.65956e-38 3
-0.013973 0.245414 0.498721 1.33684e-38 3
-0.00591496 0.245414 0.498721 1.35506e-38 3
0.00214308 0.245414 0.498721 1.76036e-38 3
0.0102011 0.245414 0.498721 1.61292e-38 3
0.0182592 0.245414 0.498721 1.37332e-38 3
0.0259862 0.242327 0.492448 1.47477e-38 3
0.0337307 0.240812 0.48937 1.53934e-38 3
0.0416377 0.240812 0.48937 1.48392e-38 3
0.0495446 0.240812 0.48937 1.48385e-38 3
0.102648 0.235657 0.478894 1.3184e-38 3
0.109052 0.23281 0.473107 1.33691e-38 3
0.115302 0.23003 0.467458 1.27237e-38 3
0.121049 0.226647 0.460584 1.21702e-38 3
0.129251 0.227988 0.463309 1.34613e-38 3
0.266828 0.268502 0.545639 1.21705e-38 3
0.272793 0.265724 0.539995 1.30003e-38 3
0.279589 0.263904 0.536296 1.15248e-38 3
0.289245 0.264811 0.538139 1.24468e-38 3
0.29794 0.264811 0.538139 1.29999e-38 3
0.302477 0.26122 0.530842 1.05121e-38 3
0.304854 0.256013 0.520261 1.11564e-38 3
0.30737 0.244635 0.497138 1.15245e-38 3
0.312427 0.242327 0.492448 1.18932e-38 3
0.319379 0.241567 0.490904 1.2723e-38 3
0.330418 0.243861 0.495565 1.16166e-38 3
0.340581 0.245414 0.498721 1.04181e-38 3
0.348639 0.245414 0.498721 1.14323e-38 3
0.355565 0.244635 0.497138 1.0694e-38 3
0.361303 0.243091 0.494001 1.14312e-38 3
0.370453 0.243861 0.495565 1.21684e-38 3
0.372565 0.240062 0.487846 1.14301e-38 3
0.378092 0.238576 0.484825 1.14301e-38 3
0.38833 0.240062 0.487846 1.06929e-38 3
0.437059 0.264811 0.538139 9.95533e-39 3
0.441205 0.262109 0.532648 1.00479e-38 3
0.449249 0.256867 0.521995 1.05081e-38 3
0.457684 0.256867 0.521995 9.86277e-39 3
0.466118 0.256867 0.521995 1.09691e-38 3
0.474552 0.256867 0.521995 1.06011e-38 3
0.482986 0.256867 0.521995 9.7713e-39 3
-0.441426 0.25841 0.508436 6.731e-39 3
-0.430416 0.256743 0.505156 7.28417e-39 3
-0.422254 0.256743 0.505156 7.37565e-39 3
-0.423659 0.262674 0.516826 6.08491e-39 3
-0.422276 0.267081 0.525498 1.03259e-38 3
-0.408305 0.263544 0.518538 7.74443e-39 3
-0.402593 0.265301 0.521995 8.482e-39 3
-0.392849 0.264419 0.520261 8.29761e-39 3
-0.38317 0.263544 0.518538 8.75787e-39 3
-0.373555 0.262674 0.516826 7.46713e-39 3
-0.36281 0.260951 0.513437 8.85042e-39 3
-0.349925 0.257573 0.506791 7.83663e-39 3
-0.341736 0.257573 0.506791 9.31248e-39 3
-0.34586 0.267081 0.525498 8.76002e-39 3
-0.338505 0.26798 0.527267 7.37637e-39 3
-0.331101 0.268886 0.529049 9.95784e-39 3
-0.321467 0.26798 0.527267 9.49687e-39 3
-0.314005 0.268886 0.529049 1.00511e-38 3
-0.300383 0.264419 0.520261 8.66711e-39 3
-0.291977 0.264419 0.520261 1.08798e-38 3
-0.261824 0.244142 0.480363 1.07865e-38 3
-0.254063 0.244142 0.480363 1.1984e-38 3
-0.243316 0.241182 0.474541 1.22617e-38 3
-0.235649 0.241182 0.474541 1.22617e-38 3
-0.229371 0.242653 0.477434 1.15241e-38 3
-0.221657 0.242653 0.477434 1.25386e-38 3
-0.213943 0.242653 0.477434 1.1523e-38 3
-0.20686 0.243395 0.478894 1.58573e-38 3
-0.203478 0.248719 0.48937 1.28155e-38 3
-0.193156 0.245649 0.483328 1.03281e-38 3
-0.183087 0.242653 0.477434 9.86565e-39 3
-0.175373 0.242653 0.477434 1.02344e-38 3
-0.167659 0.242653 0.477434 1.21705e-38 3
-0.159945 0.242653 0.477434 1.11564e-38 3
-0.0927805 0.248719 0.48937 1.31807e-38 3
-0.0843464 0.247175 0.48633 1.25379e-38 3
-0.0764886 0.247175 0.48633 1.24482e-38 3
-0.0682071 0.245649 0.483328 1.29095e-38 3
-0.0596612 0.242653 0.477434 1.31847e-38 3
-0.0519471 0.242653 0.477434 1.41066e-38 3
-0.0445044 0.244142 0.480363 1.24471e-38 3
-0.0369697 0.245649 0.483328 1.40145e-38 3
-0.0292507 0.246409 0.484825 1.35535e-38 3
-0.0214837 0.247175 0.48633 1.41988e-38 3
-0.0136258 0.247175 0.48633 1.43825e-38 3
-0.00580405 0.248719 0.48937 1.69618e-38 3
0.00211613 0.250284 0.492448 1.63132e-38 3
0.0100728 0.250284 0.492448 1.59455e-38 3
0.0179168 0.248719 0.48937 1.5486e-38 3
0.0258238 0.248719 0.48937 1.47481e-38 3
0.0335212 0.247175 0.48633 1.5854e-38 3
0.041379 0.247175 0.48633 1.59448e-38 3
0.0486328 0.244142 0.480363 1.52054e-38 3
0.0570947 0.247175 0.48633 1.57611e-38 3
0.0879796 0.245649 0.483328 1.40141e-38 3
0.092921 0.238294 0.468858 1.32758e-38 3
0.102024 0.241915 0.475983 1.32769e-38 3
0.108723 0.239729 0.471682 1.26326e-38 3
0.113942 0.234779 0.461942 1.28159e-38 3
0.11999 0.232041 0.456555 1.31843e-38 3
0.128869 0.234779 0.461942 1.40148e-38 3
0.20318 0.226108 0.444882 1.36457e-38 3
0.210967 0.226753 0.446149 1.2817e-38 3
0.218799 0.227401 0.447424 1.23549e-38 3
0.286294 0.270715 0.532648 1.16174e-38 3
0.2949 0.270715 0.532648 1.30936e-38 3
0.297925 0.25841 0.508436 1.22638e-38 3
0.306397 0.251868 0.495565 1.2539e-38 3
0.309507 0.247945 0.487846 1.18014e-38 3
0.317389 0.247945 0.487846 1.27237e-38 3
0.327311 0.249499 0.490904 1.21705e-38 3
0.335243 0.249499 0.490904 1.1433e-38 3
0.345339 0.251073 0.494001 1.15252e-38 3
0.351106 0.249499 0.490904 1.14323e-38 3
0.354591 0.246409 0.484825 1.17081e-38 3
0.360195 0.244893 0.481841 1.13386e-38 3
0.366851 0.244142 0.480363 1.11535e-38 3
0.375765 0.244893 0.481841 1.16134e-38 3
0.385926 0.246409 0.484825 1.11535e-38 3
0.406339 0.254282 0.500314 1.11535e-38 3
0.432381 0.265301 0.521995 1.01401e-38 3
0.437896 0.263544 0.518538 9.67874e-39 3
0.440441 0.260099 0.51176 9.2174e-39 3
0.447248 0.259251 0.510093 9.95497e-39 3
0.45549 0.259251 0.510093 1.06003e-38 3
0.46073 0.257573 0.506791 9.40252e-39 3
-0.432991 0.26153 0.498721 6.6388e-39 3
-0.422244 0.259875 0.495565 7.56076e-39 3
-0.415552 0.2607 0.497138 7.56004e-39 3
-0.410123 0.262366 0.500314 7.92882e-39 3
-0.393245 0.256626 0.48937 7.55968e-39 3
-0.392701 0.26153 0.498721 8.29689e-39 3
-0.389606 0.264905 0.505156 7.19126e-39 3
-0.383921 0.266625 0.508436 7.65224e-39 3
-0.37449 0.265762 0.506791 8.75858e-39 3
-0.36512 0.264905 0.505156 1.14323e-38 3
-0.35581 0.264053 0.503532 9.77274e-39 3
-0.34656 0.263206 0.501918 8.20541e-39 3
-0.337369 0.262366 0.500314 1.04185e-38 3
-0.34586 0.275572 0.525498 8.66675e-39 3
-0.339649 0.277434 0.529049 9.12737e-39 3
-0.332223 0.278374 0.530842 8.48272e-39 3
-0.322553 0.277434 0.529049 1.0972e-38 3
-0.312947 0.2765 0.527267 8.94297e-39 3
-0.282547 0.256626 0.48937 9.21992e-39 3
-0.280783 0.262366 0.500314 1.11557e-38 3
-0.260228 0.250367 0.477434 9.12521e-39 3
-0.247978 0.24587 0.468858 1.4564e-38 3
-0.240402 0.24587 0.468858 1.2629e-38 3
-0.228047 0.240822 0.459233 1.20773e-38 3
-0.22391 0.244406 0.466067 1.13397e-38 3
-0.218329 0.246608 0.470266 1.18932e-38 3
-0.210731 0.246608 0.470266 1.20762e-38 3
-0.204979 0.24885 0.474541 1.26304e-38 3
-0.198515 0.250367 0.477434 1.13404e-38 3
-0.188502 0.247351 0.471682 1.06043e-38 3
-0.176625 0.241531 0.460584 1.07872e-38 3
-0.167216 0.238722 0.455228 1.09713e-38 3
-0.158936 0.237342 0.452597 1.19854e-38 3
-0.100434 0.237342 0.452597 1.1429e-38 3
-0.0931214 0.237342 0.452597 1.17978e-38 3
-0.0858086 0.237342 0.452597 1.50261e-38 3
-0.0752342 0.22748 0.433791 1.15245e-38 3
-0.0689897 0.230029 0.438651 1.24482e-38 3
-0.0620761 0.230675 0.439883 1.15262e-38 3
-0.0549687 0.230675 0.439883 1.29999e-38 3
-0.0488213 0.235302 0.448706 1.54896e-38 3
-0.0365189 0.250367 0.477434 1.26326e-38 3
-0.0286302 0.24885 0.474541 1.29095e-38 3
-0.0212201 0.251903 0.480363 1.37389e-38 3
-0.0134587 0.251903 0.480363 1.41981e-38 3
-0.00569723 0.251903 0.480363 1.60413e-38 3
0.00208984 0.255032 0.48633 1.5209e-38 3
0.0100099 0.256626 0.48937 1.47495e-38 3
0.0179168 0.256626 0.48937 1.36442e-38 3
0.0258238 0.256626 0.48937 1.43804e-38 3
0.0335212 0.255032 0.48633 1.59455e-38 3
0.0406221 0.250367 0.477434 1.61278e-38 3
0.0480433 0.24885 0.474541 1.80631e-38 3
0.0560503 0.250367 0.477434 1.57597e-38 3
0.071917 0.251903 0.480363 1.33666e-38 3
0.0796785 0.251903 0.480363 1.35524e-38 3
0.08638 0.24885 0.474541 1.27233e-38 3
0.092921 0.24587 0.468858 1.31843e-38 3
0.0972923 0.23803 0.453908 1.26312e-38 3
0.105854 0.240822 0.459233 1.19861e-38 3
0.11196 0.23803 0.453908 1.25393e-38 3
0.118607 0.236658 0.451292 1.25397e-38 3
0.125537 0.235978 0.449995 1.26319e-38 3
0.132049 0.23463 0.447424 1.30003e-38 3
0.198244 0.235978 0.449995 1.39215e-38 3
0.204341 0.23463 0.447424 1.3462e-38 3
0.21157 0.23463 0.447424 1.27251e-38 3
0.218799 0.23463 0.447424 1.19872e-38 3
0.226028 0.23463 0.447424 1.18028e-38 3
0.233926 0.235302 0.448706 1.20783e-38 3
0.241176 0.235302 0.448706 1.25404e-38 3
0.262444 0.241531 0.460584 1.18032e-38 3
0.315424 0.254243 0.484825 1.30003e-38 3
0.323257 0.254243 0.484825 1.15255e-38 3
0.330069 0.253458 0.483328 1.29996e-38 3
0.339977 0.255032 0.48633 1.24464e-38 3
0.346758 0.254243 0.484825 1.1156e-38 3
0.352409 0.252678 0.481841 1.16166e-38 3
0.357992 0.251133 0.478894 1.13397e-38 3
0.366851 0.251903 0.480363 1.07854e-38 3
0.375765 0.252678 0.481841 1.13379e-38 3
0.385926 0.254243 0.484825 1.1613e-38 3
0.397451 0.256626 0.48937 1.11521e-38 3
0.419788 0.265762 0.506791 1.15216e-38 3
0.429366 0.266625 0.508436 1.06011e-38 3
0.43336 0.264053 0.503532 1.02316e-38 3
0.441495 0.264053 0.503532 1.02316e-38 3
-0.430251 0.267882 0.495565 8.02174e-39 3
-0.416966 0.264533 0.48937 6.45369e-39 3
-0.406518 0.26289 0.48633 8.29761e-39 3
-0.396199 0.261267 0.483328 8.3898e-39 3
-0.38839 0.261267 0.483328 9.68054e-39 3
-0.385338 0.264533 0.48937 8.94226e-39 3
-0.382208 0.267882 0.495565 9.31176e-39 3
-0.382678 0.27395 0.506791 9.95713e-39 3
-0.373282 0.273067 0.505156 8.94297e-39 3
-0.36512 0.273067 0.505156 1.29996e-38 3
-0.345453 0.270449 0.500314 8.02102e-39 3
-0.337369 0.270449 0.500314 9.68126e-39 3
-0.348197 0.285982 0.529049 8.8515e-39 3
-0.339649 0.285982 0.529049 8.48092e-39 3
-0.331101 0.285982 0.529049 1.03259e-38 3
-0.321467 0.285019 0.527267 8.57527e-39 3
-0.290454 0.264533 0.48937 9.03517e-39 3
-0.277347 0.259665 0.480363 9.86457e-39 3
-0.269586 0.259665 0.480363 1.12464e-38 3
-0.255553 0.253445 0.468858 1.07851e-38 3
-0.246501 0.251936 0.466067 1.37343e-38 3
-0.233414 0.246077 0.455228 1.23524e-38 3
-0.22346 0.243249 0.449995 1.10624e-38 3
-0.216189 0.243249 0.449995 1.10635e-38 3
-0.211348 0.246077 0.455228 1.18007e-38 3
-0.203992 0.246077 0.455228 1.25372e-38 3
-0.19895 0.248972 0.460584 1.06943e-38 3
-0.191509 0.248972 0.460584 1.01419e-38 3
-0.184067 0.248972 0.460584 9.49722e-39 3
-0.173562 0.244655 0.452597 1.05107e-38 3
-0.164349 0.241859 0.447424 1.1156e-38 3
-0.156227 0.240485 0.444882 1.14323e-38 3
-0.103557 0.235141 0.434996 1.53952e-38 3
-0.0970677 0.236454 0.437426 1.11535e-38 3
-0.0910169 0.239126 0.442368 1.29981e-38 3
-0.0813418 0.23192 0.429037 1.50275e-38 3
-0.0750264 0.233842 0.432592 1.30918e-38 3
-0.0686054 0.235796 0.436207 1.1895e-38 3
-0.0613864 0.235141 0.434996 1.2817e-38 3
-0.054358 0.235141 0.434996 1.17096e-38 3
-0.0479962 0.238452 0.441122 1.2817e-38 3
-0.041811 0.24395 0.451292 1.34624e-38 3
-0.0361879 0.255742 0.473107 1.1711e-38 3
-0.0283723 0.254206 0.470266 1.25411e-38 3
-0.0204063 0.249707 0.461942 1.30936e-38 3
-0.0127544 0.246077 0.455228 1.24471e-38 3
-0.00546264 0.248972 0.460584 1.6042e-38 3
0.00201475 0.253445 0.468858 1.43822e-38 3
0.00994768 0.26289 0.48633 1.38293e-38 3
0.0179168 0.264533 0.48937 1.53045e-38 3
0.0256634 0.26289 0.48633 1.61331e-38 3
0.0327086 0.256517 0.474541 1.50246e-38 3
0.0389592 0.247516 0.45789 1.64043e-38 3
0.0463575 0.247516 0.45789 1.68642e-38 3
0.0529813 0.24395 0.451292 1.66816e-38 3
0.0691592 0.249707 0.461942 1.47499e-38 3
0.0759508 0.247516 0.45789 1.46587e-38 3
0.0831061 0.246795 0.456555 1.32765e-38 3
0.0907474 0.247516 0.45789 1.29077e-38 3
0.0970111 0.244655 0.452597 1.27233e-38 3
0.105236 0.246795 0.456555 1.27241e-38 3
0.111315 0.24395 0.451292 1.19876e-38 3
0.118266 0.243249 0.449995 1.21716e-38 3
0.12411 0.240485 0.444882 1.21716e-38 3
0.130556 0.239126 0.442368 1.40155e-38 3
0.138094 0.239804 0.443622 1.30936e-38 3
0.198244 0.243249 0.449995 1.31847e-38 3
0.203758 0.24117 0.446149 1.32776e-38 3
0.212176 0.242552 0.448706 1.21716e-38 3
0.218799 0.241859 0.447424 1.19872e-38 3
0.224744 0.240485 0.444882 1.26326e-38 3
0.231932 0.240485 0.444882 1.16184e-38 3
0.237769 0.239126 0.442368 1.18028e-38 3
0.249858 0.24395 0.451292 1.18028e-38 3
0.25641 0.243249 0.449995 1.20794e-38 3
0.265974 0.245364 0.453908 1.24482e-38 3
0.326044 0.258081 0.477434 1.20776e-38 3
0.334779 0.25887 0.478894 1.09713e-38 3
0.343567 0.259665 0.480363 1.15245e-38 3
0.350254 0.25887 0.478894 1.08784e-38 3
0.355815 0.257297 0.475983 1.04177e-38 3
0.364614 0.258081 0.477434 1.12464e-38 3
0.375765 0.260464 0.481841 1.06929e-38 3
0.385926 0.262076 0.484825 1.19825e-38 3
0.393759 0.262076 0.484825 1.17974e-38 3
0.415751 0.271316 0.501918 1.07836e-38 3
0.425224 0.272189 0.503532 9.67838e-39 3
0.431971 0.271316 0.501918 9.77058e-39 3
0.435889 0.268732 0.497138 1.00461e-38 3
-0.406796 0.265795 0.477434 6.82212e-39 3
-0.391912 0.261021 0.468858 8.1125e-39 3
-0.377555 0.256414 0.460584 1.16163e-38 3
-0.370113 0.256414 0.460584 9.77274e-39 3
-0.364817 0.257932 0.463309 9.12737e-39 3
-0.365994 0.264184 0.474541 1.02337e-38 3
-0.364962 0.269077 0.483328 7.83663e-39 3
-0.361617 0.27244 0.48937 9.21956e-39 3
-0.35371 0.27244 0.48937 1.06025e-38 3
-0.356958 0.281229 0.505156 7.83662e-39 3
-0.335797 0.270748 0.48633 1.07869e-38 3
-0.323916 0.267426 0.480363 9.95784e-39 3
-0.312322 0.264184 0.474541 9.12809e-39 3
-0.304655 0.264184 0.474541 9.31104e-39 3
-0.295198 0.262593 0.471682 8.66639e-39 3
-0.28932 0.264184 0.474541 8.02102e-39 3
-0.28337 0.265795 0.477434 8.94297e-39 3
-0.275656 0.265795 0.477434 9.77094e-39 3
-0.266318 0.264184 0.474541 1.11535e-38 3
-0.255553 0.261021 0.468858 1.31811e-38 3
-0.240769 0.253433 0.455228 1.06922e-38 3
-0.231396 0.251242 0.451292 9.21776e-39 3
-0.22282 0.249802 0.448706 1.09702e-38 3
-0.214954 0.249088 0.447424 1.14308e-38 3
-0.211348 0.253433 0.455228 1.15237e-38 3
-0.200495 0.249088 0.447424 1.0694e-38 3
-0.1955 0.251968 0.452597 1.05103e-38 3
-0.188188 0.251968 0.452597 1.11557e-38 3
-0.180875 0.251968 0.452597 1.06954e-38 3
-0.171578 0.249088 0.447424 1.17092e-38 3
-0.163415 0.247673 0.444882 1.18014e-38 3
-0.154472 0.24489 0.439883 1.24464e-38 3
-0.145727 0.242169 0.434996 1.15245e-38 3
-0.0965284 0.242169 0.434996 1.45655e-38 3
-0.09 0.243522 0.437426 1.18929e-38 3
-0.0829323 0.243522 0.437426 1.29999e-38 3
-0.0748197 0.240168 0.431401 1.26315e-38 3
-0.0686054 0.242844 0.436207 1.18036e-38 3
-0.0613864 0.242169 0.434996 1.18028e-38 3
-0.054358 0.242169 0.434996 1.16184e-38 3
-0.0479962 0.24558 0.441122 1.2817e-38 3
-0.0411003 0.246971 0.443622 1.21723e-38 3
-0.0344201 0.25052 0.449995 1.26333e-38 3
-0.0272276 0.251242 0.451292 1.27248e-38 3
-0.0199359 0.251242 0.451292 1.20794e-38 3
-0.0125358 0.249088 0.447424 1.29085e-38 3
-0.00530656 0.249088 0.447424 1.31847e-38 3
0.00194488 0.251968 0.452597 1.30925e-38 3
0.00889765 0.242169 0.434996 1.37371e-38 3
0.0158381 0.240831 0.432592 1.41056e-38 3
0.0218614 0.230637 0.414282 1.40126e-38 3
0.0285551 0.230637 0.414282 1.49342e-38 3
0.0356258 0.233104 0.418712 1.51154e-38 3
0.0437963 0.240831 0.432592 1.54831e-38 3
0.0522287 0.247673 0.444882 1.56693e-38 3
0.0606224 0.252698 0.453908 1.43814e-38 3
0.0689557 0.256414 0.460584 1.39212e-38 3
0.0759508 0.254915 0.45789 1.34606e-38 3
0.0831061 0.254172 0.456555 1.29077e-38 3
0.0907474 0.254915 0.45789 1.13408e-38 3
0.0970111 0.251968 0.452597 1.16174e-38 3
0.105236 0.254172 0.456555 1.16188e-38 3
0.111315 0.251242 0.451292 1.33712e-38 3
0.118607 0.251242 0.451292 1.25408e-38 3
0.124464 0.248379 0.446149 1.22638e-38 3
0.130556 0.246274 0.442368 1.31858e-38 3
0.138094 0.246971 0.443622 1.3278e-38 3
0.143634 0.244204 0.438651 1.30014e-38 3
0.149466 0.242169 0.434996 1.22642e-38 3
0.156494 0.242169 0.434996 1.21723e-38 3
0.20859 0.24558 0.441122 1.29103e-38 3
0.215111 0.24489 0.439883 1.14348e-38 3
0.222219 0.24489 0.439883 1.29099e-38 3
0.229326 0.24489 0.439883 1.31865e-38 3
0.235113 0.243522 0.437426 1.18036e-38 3
0.244917 0.246274 0.442368 1.21716e-38 3
0.253497 0.247673 0.444882 1.29092e-38 3
0.262926 0.249802 0.448706 1.22627e-38 3
0.31075 0.259467 0.466067 1.29992e-38 3
0.318281 0.259467 0.466067 1.32762e-38 3
0.329737 0.262593 0.471682 1.18932e-38 3
0.339402 0.264184 0.474541 1.18925e-38 3
0.34707 0.264184 0.474541 1.17996e-38 3
0.3526 0.262593 0.471682 1.13386e-38 3
0.36131 0.263386 0.473107 1.09698e-38 3
0.374613 0.267426 0.480363 1.09702e-38 3
0.382374 0.267426 0.480363 1.11528e-38 3
0.423861 0.279426 0.501918 1.03227e-38 3
0.42382 0.274154 0.492448 1.04145e-38 3
