# .PCD v0.7 - Point Cloud Data file format
VERSION 0.7
FIELDS x y z rgb label
SIZE 4 4 4 4 4
TYPE F F F F U
COUNT 1 1 1 1 1
WIDTH 3262
HEIGHT 1
VIEWPOINT 0 0 0 1 0 0 0
POINTS 3262
DATA ascii
-0.547209 -0.633921 1.90974 3.68783e-39 1
-0.470454 -0.577572 1.73998 3.41124e-39 1
-0.442341 -0.577572 1.73998 3.68783e-39 1
-0.409675 -0.571225 1.72086 3.41089e-39 1
-0.373658 -0.558941 1.68385 3.0421e-39 1
-0.521757 -0.575015 1.82091 3.96406e-39 1
-0.460227 -0.537514 1.70216 3.22649e-39 1
-0.432725 -0.537514 1.70216 3.59528e-39 1
-0.450435 -0.49916 1.66594 3.96478e-39 1
-0.41906 -0.493906 1.6484 3.31869e-39 1
-0.481147 -0.504441 1.77953 4.24065e-39 1
-0.423518 -0.472243 1.66594 3.40981e-39 1
-0.335625 -0.462405 1.63123 3.50272e-39 1
-0.481147 -0.475689 1.77953 3.68747e-39 1
-0.432725 -0.455007 1.70216 3.77931e-39 1
-0.342766 -0.445326 1.66594 3.2265e-39 1
-0.315849 -0.445326 1.66594 2.30382e-39 1
-0.423409 -0.393304 1.56598 4.05589e-39 1
-0.342766 -0.418408 1.66594 2.76624e-39 1
-0.319245 -0.422907 1.68385 2.30382e-39 1
-0.205391 -0.689994 3.40431 2.94955e-39 1
-0.147186 -0.675313 3.33188 2.30418e-39 1
-0.285195 -0.695464 3.72853 2.67368e-39 1
-0.209955 -0.6491 3.47996 2.58112e-39 1
-0.147186 -0.621478 3.33188 2.39673e-39 1
-0.285195 -0.63522 3.72853 2.58148e-39 1
-0.214727 -0.606347 3.55905 2.21234e-39 1
-0.150386 -0.579984 3.40431 2.58112e-39 1
-0.405682 -0.574977 3.72853 2.6726e-39 1
-0.345439 -0.574977 3.72853 1.84284e-39 1
-0.272232 -0.548842 3.55905 1.93576e-39 1
-0.214727 -0.548842 3.55905 2.30454e-39 1
-0.160878 -0.561605 3.64182 2.39673e-39 1
-0.370405 -0.469974 3.40431 2.30382e-39 1
-0.29609 -0.4412 3.19589 3.31833e-39 1
-0.260396 -0.469974 3.40431 3.0421e-39 1
-0.21972 -0.502763 3.64182 2.58148e-39 1
-0.164708 -0.514734 3.72853 2.95026e-39 1
-1.02207 -0.561429 4.60584 8.38945e-39 1
-0.870811 -0.515908 4.23239 6.63773e-39 1
-0.405682 -0.45449 3.72853 3.96334e-39 1
-0.322409 -0.424191 3.47996 4.05589e-39 1
-0.266182 -0.424191 3.47996 3.0421e-39 1
-0.224952 -0.45449 3.72853 3.22649e-39 1
-0.168726 -0.465575 3.81947 3.78002e-39 1
-1.02207 -0.487011 4.60584 1.02341e-38 1
-0.870811 -0.447523 4.23239 5.99308e-39 1
-0.761276 -0.424573 4.01534 6.63737e-39 1
-0.696399 -0.424573 4.01534 6.0842e-39 1
-0.64814 -0.435746 4.12101 6.72633e-39 1
-0.597273 -0.447523 4.23239 6.08133e-39 1
-0.54358 -0.459954 4.34996 5.62323e-39 1
-0.405682 -0.394247 3.72853 3.1343e-39 1
-0.322409 -0.367964 3.47996 3.9637e-39 1
-0.266182 -0.367964 3.47996 3.31869e-39 1
-0.214727 -0.376326 3.55905 2.67332e-39 1
-1.02207 -0.412592 4.60584 7.19091e-39 3
-0.870811 -0.379139 4.23239 7.3753e-39 1
-0.78131 -0.369161 4.12101 8.84971e-39 1
-0.714725 -0.369161 4.12101 6.91396e-39 1
-0.665657 -0.379139 4.23239 6.35646e-39 1
-0.631403 -0.400804 4.47424 6.5405e-39 1
-0.592996 -0.425095 4.74541 5.34628e-39 1
-0.337405 -0.326236 3.64182 6.26787e-39 1
-0.272232 -0.318821 3.55905 3.13394e-39 1
-1.09648 -0.338174 4.60584 6.17639e-39 3
-0.992863 -0.328512 4.47424 3.68711e-39 3
-0.870811 -0.310754 4.23239 5.992e-39 3
-0.78131 -0.302577 4.12101 8.29654e-39 3
-0.714725 -0.302577 4.12101 4.05625e-39 3
-0.665657 -0.310754 4.23239 5.61961e-39 3
-0.631403 -0.328512 4.47424 5.61961e-39 1
-0.611527 -0.35931 4.8937 3.41052e-39 1
-0.486818 -0.328512 4.47424 4.2392e-39 1
-1.12971 -0.271748 4.74541 4.70234e-39 3
-1.02207 -0.263755 4.60584 3.5038e-39 3
-0.947647 -0.263755 4.60584 4.60978e-39 3
-0.824716 -0.249102 4.34996 3.68783e-39 3
-0.775987 -0.25622 4.47424 3.59491e-39 3
-0.703695 -0.25622 4.47424 4.23992e-39 3
-0.66967 -0.271748 4.74541 4.51615e-39 3
-0.403012 -0.249102 4.34996 3.50164e-39 3
-1.09648 -0.189337 4.60584 4.33356e-39 3
-1.02207 -0.189337 4.60584 3.59599e-39 3
-0.947647 -0.189337 4.60584 4.51759e-39 3
-0.848279 -0.183927 4.47424 4.3332e-39 3
-0.775987 -0.183927 4.47424 4.42539e-39 3
-0.703695 -0.183927 4.47424 4.42467e-39 3
-0.66967 -0.195075 4.74541 4.42467e-39 3
-0.426718 -0.189337 4.60584 4.33248e-39 3
-1.71578 -0.111635 4.47424 5.25552e-39 3
-1.12971 -0.118401 4.74541 4.24136e-39 3
-1.05304 -0.118401 4.74541 4.51795e-39 3
-0.947647 -0.114919 4.60584 4.51759e-39 3
-0.848279 -0.111635 4.47424 4.33356e-39 3
-0.775987 -0.111635 4.47424 4.42647e-39 3
-0.703695 -0.111635 4.47424 4.70234e-39 3
-0.649973 -0.114919 4.60584 4.42575e-39 3
-0.611527 -0.122101 4.8937 4.6105e-39 3
-0.532458 -0.122101 4.8937 5.07076e-39 3
-0.426718 -0.114919 4.60584 4.60906e-39 3
-1.84067 -0.0405003 4.60584 7.28382e-39 3
-1.71578 -0.0393431 4.47424 4.97893e-39 3
-1.16501 -0.0430316 4.8937 5.16332e-39 3
-1.05304 -0.0417276 4.74541 4.97893e-39 3
-0.947647 -0.0405003 4.60584 5.16296e-39 3
-0.848279 -0.0393431 4.47424 5.6243e-39 3
-0.775987 -0.0393431 4.47424 4.88781e-39 3
-0.684148 -0.0382503 4.34996 4.98001e-39 3
-0.649973 -0.0405003 4.60584 4.97893e-39 3
-0.575555 -0.0405003 4.60584 5.62465e-39 3
-0.516323 -0.0417276 4.74541 5.62465e-39 3
-0.426718 -0.0405003 4.60584 5.53174e-39 3
1.73141 -0.0405003 4.60584 3.78002e-39 3
1.80583 -0.0405003 4.60584 3.5038e-39 3
1.99777 -0.0430316 4.8937 3.22685e-39 3
2.07684 -0.0430316 4.8937 3.59563e-39 3
-1.84067 0.0339181 4.60584 5.99272e-39 3
-1.46469 0.0281272 3.81947 5.71649e-39 3
-1.08594 0.036038 4.8937 6.08563e-39 3
-1.00687 0.036038 4.8937 6.6388e-39 3
-0.89969 0.0349459 4.74541 6.27074e-39 3
-0.823017 0.0349459 4.74541 5.90196e-39 3
-0.724392 0.0339181 4.60584 5.25659e-39 3
-0.649973 0.0339181 4.60584 5.34879e-39 3
-0.575555 0.0339181 4.60584 5.99343e-39 3
-0.516323 0.0349459 4.74541 5.99307e-39 3
-0.426718 0.0339181 4.60584 5.53174e-39 3
-0.374319 0.036038 4.8937 6.17711e-39 3
1.56494 0.0320337 4.34996 4.70198e-39 3
1.63523 0.0320337 4.34996 4.14952e-39 3
1.9187 0.036038 4.8937 4.97893e-39 3
1.99777 0.036038 4.8937 4.51795e-39 3
-1.73841 0.102318 4.34996 6.45441e-39 3
-1.46469 0.08984 3.81947 5.62465e-39 3
-1.59784 0.102318 4.34996 6.91539e-39 3
-0.927805 0.115107 4.8937 6.8232e-39 3
-0.823017 0.111619 4.74541 6.6388e-39 3
-0.724392 0.108336 4.60584 6.91539e-39 3
-0.649973 0.108336 4.60584 6.36222e-39 3
-0.575555 0.108336 4.60584 6.731e-39 3
-0.501137 0.108336 4.60584 6.731e-39 3
-0.414526 0.105241 4.47424 6.6388e-39 3
-0.342234 0.105241 4.47424 7.00723e-39 3
1.58258 0.108336 4.60584 5.16295e-39 3
1.56494 0.102318 4.34996 5.16296e-39 3
1.63523 0.102318 4.34996 4.42575e-39 3
1.9187 0.115107 4.8937 4.33356e-39 3
0.958294 0.0266916 1.13477 3.59563e-39 3
0.976629 0.0266916 1.13477 3.78002e-39 3
0.889785 0.0230215 0.97874 3.59528e-39 3
0.894418 0.0227373 0.966657 3.50308e-39 3
0.877536 0.0219252 0.932133 2.58112e-39 3
-1.04916 0.0470732 1.18635 1.14298e-38 3
-1.55031 0.147944 3.72853 7.65223e-39 3
-1.39073 0.138081 3.47996 7.92918e-39 3
-1.30549 0.13508 3.40431 8.39052e-39 3
-1.25048 0.13508 3.40431 7.74479e-39 3
-1.22204 0.138081 3.47996 7.56004e-39 3
-1.54299 0.182755 4.60584 7.376e-39 3
-0.927805 0.194177 4.8937 7.19126e-39 3
-0.848736 0.194177 4.8937 7.28417e-39 3
-0.703695 0.177533 4.47424 7.37601e-39 3
-0.631403 0.177533 4.47424 7.83735e-39 3
-0.559111 0.177533 4.47424 8.20613e-39 3
-0.486818 0.177533 4.47424 8.39052e-39 3
-0.403012 0.172602 4.34996 6.82392e-39 3
-0.323735 0.167937 4.23239 7.56148e-39 3
-0.277882 0.182755 4.60584 8.02282e-39 3
1.58258 0.182755 4.60584 6.17746e-39 3
1.657 0.182755 4.60584 5.80832e-39 3
1.83963 0.194177 4.8937 6.17783e-39 3
0.982685 0.0470732 1.18635 4.79418e-39 3
0.881631 0.0414244 1.04399 4.51687e-39 3
0.898499 0.0414244 1.04399 4.88601e-39 3
0.880161 0.0398312 1.00384 4.14809e-39 3
0.873971 0.0388354 0.97874 4.60907e-39 3
0.889785 0.0388354 0.97874 4.0559e-39 3
0.862475 0.0369861 0.932133 4.14845e-39 3
0.847276 0.0357107 0.899991 4.14845e-39 3
0.852024 0.0353049 0.889764 3.87186e-39 3
-1.05239 0.0652529 1.16864 9.40037e-39 3
-1.0183 0.0642933 1.15146 5.71434e-39 3
-1.01462 0.0652529 1.16864 6.08491e-39 3
-1.9895 0.257173 4.60584 8.02102e-39 3
-1.4155 0.190085 3.40431 8.3898e-39 3
-1.25165 0.174878 3.13197 8.94261e-39 3
-1.1775 0.171449 3.07056 8.3898e-39 3
-1.08533 0.164979 2.95469 8.02102e-39 3
-1.03759 0.164979 2.95469 7.46748e-39 3
-1.11621 0.18604 3.33188 8.85041e-39 3
-1.24829 0.218597 3.91496 8.482e-39 3
-1.35432 0.249825 4.47424 8.57419e-39 3
-1.28306 0.264966 4.74541 8.02174e-39 3
-1.16501 0.273247 4.8937 7.92954e-39 3
-1.08594 0.273247 4.8937 8.66711e-39 3
-0.976364 0.264966 4.74541 8.48271e-39 3
-0.89969 0.264966 4.74541 8.02137e-39 3
-0.823017 0.264966 4.74541 7.74479e-39 3
-0.703695 0.249825 4.47424 7.74443e-39 3
-0.631403 0.249825 4.47424 7.92882e-39 3
-0.54358 0.242886 4.34996 7.92954e-39 3
-0.473296 0.242886 4.34996 7.28417e-39 3
-0.403012 0.242886 4.34996 8.02174e-39 3
-0.332728 0.242886 4.34996 8.48272e-39 3
-0.277882 0.257173 4.60584 8.11393e-39 3
-0.164708 0.208188 3.72853 8.57491e-39 3
-0.0997164 0.198725 3.55905 7.83842e-39 3
-0.033166 0.156141 2.7964 8.2072e-39 3
0.0120166 0.156141 2.7964 8.7593e-39 3
1.58258 0.257173 4.60584 7.09905e-39 3
1.657 0.257173 4.60584 6.36114e-39 3
1.83963 0.273247 4.8937 6.72956e-39 3
0.921624 0.0633615 1.13477 4.51903e-39 3
0.888455 0.0598897 1.07259 5.25515e-39 3
0.881631 0.0582926 1.04399 4.79381e-39 3
0.853005 0.0553411 0.991129 4.60906e-39 3
0.869019 0.0553411 0.991129 4.24028e-39 3
0.873971 0.0546493 0.97874 3.9637e-39 3
0.878799 0.0539746 0.966657 3.87115e-39 3
0.842417 0.0508366 0.910456 4.42468e-39 3
0.837648 0.0496812 0.889764 4.05625e-39 3
-1.05239 0.0841352 1.16864 7.74228e-39 3
-1.0183 0.0828979 1.15146 4.24064e-39 3
-1.01462 0.0841352 1.16864 4.88673e-39 3
-1.01083 0.08541 1.18635 5.80904e-39 3
-1.32884 0.230084 3.19589 7.65223e-39 3
-1.18081 0.212719 2.95469 7.92846e-39 3
-1.11208 0.20878 2.89997 8.66639e-39 3
-1.02718 0.201323 2.7964 8.94261e-39 3
-0.999855 0.204984 2.84724 9.86457e-39 3
-1.04924 0.225482 3.13197 9.77129e-39 3
-1.1612 0.262189 3.64182 9.03481e-39 3
-1.28112 0.304706 4.23239 9.31104e-39 3
-1.35973 0.34164 4.74541 9.68054e-39 3
-1.28306 0.34164 4.74541 1.02341e-38 3
-1.16501 0.352316 4.8937 9.31212e-39 3
-1.08594 0.352316 4.8937 8.66711e-39 3
-0.976364 0.34164 4.74541 9.03588e-39 3
-0.89969 0.34164 4.74541 8.85113e-39 3
-0.823017 0.34164 4.74541 9.40467e-39 3
-0.703695 0.322118 4.47424 8.7593e-39 3
-0.631403 0.322118 4.47424 8.66747e-39 3
-0.54358 0.31317 4.34996 7.92954e-39 3
-0.486818 0.322118 4.47424 8.7593e-39 3
-0.414526 0.322118 4.47424 9.12808e-39 3
-0.342234 0.322118 4.47424 8.94369e-39 3
-0.269942 0.322118 4.47424 8.8515e-39 3
-0.128106 0.20878 2.89997 9.58906e-39 3
-0.0707665 0.181841 2.52578 9.40575e-39 3
-0.0290203 0.176158 2.44685 9.68233e-39 3
0.00961325 0.161059 2.23712 1.005e-38 3
0.0457593 0.161059 2.23712 9.77418e-39 3
0.0843144 0.165796 2.30292 9.40611e-39 3
0.142476 0.194381 2.69997 9.3132e-39 3
0.1861 0.194381 2.69997 9.77381e-39 3
0.214904 0.181841 2.52578 8.48272e-39 3
0.220198 0.156585 2.17498 8.94369e-39 3
0.248439 0.152353 2.11619 8.6671e-39 3
0.275194 0.148344 2.06051 8.66674e-39 3
1.20707 0.352316 4.8937 8.02102e-39 3
1.28614 0.352316 4.8937 8.57491e-39 3
1.36521 0.352316 4.8937 7.92882e-39 3
1.42437 0.31317 4.34996 8.39016e-39 3
1.41599 0.296687 4.12101 8.66709e-39 3
1.56494 0.31317 4.34996 7.00722e-39 3
1.73141 0.331592 4.60584 8.02102e-39 3
0.944348 0.08541 1.18635 4.88781e-39 3
0.921624 0.0816965 1.13477 5.34879e-39 3
0.864763 0.0751608 1.04399 5.34735e-39 3
0.858731 0.0732085 1.01687 5.0704e-39 3
0.853005 0.0713552 0.991129 4.51687e-39 3
0.869019 0.0713552 0.991129 4.88529e-39 3
0.862475 0.0671078 0.932133 4.14809e-39 3
0.857128 0.0655472 0.910456 4.05625e-39 3
0.797639 0.0599687 0.83297 4.51759e-39 3
-1.06833 0.104578 1.18635 6.3615e-39 3
-1.0335 0.103017 1.16864 6.45406e-39 3
-1.01462 0.103017 1.16864 7.46929e-39 3
-1.00323 0.103792 1.17743 6.08563e-39 3
-1.00691 0.106187 1.2046 5.99343e-39 3
-1.02695 0.110435 1.25279 7.00759e-39 3
-2.85996 0.313735 3.55905 6.17783e-39 3
-3.10578 0.40601 4.60584 7.37637e-39 3
-2.78558 0.37309 4.23239 7.56076e-39 3
-1.9895 0.40601 4.60584 9.22028e-39 3
-1.32884 0.281721 3.19589 8.20541e-39 3
-1.22711 0.270673 3.07056 1.05103e-38 3
-1.11208 0.255636 2.89997 1.06943e-38 3
-1.04586 0.250988 2.84724 1.08776e-38 3
-1.01837 0.255636 2.89997 1.03245e-38 3
-1.07065 0.281721 3.19589 9.95532e-39 3
-1.1612 0.321031 3.64182 9.77165e-39 3
-1.2474 0.363272 4.12101 9.40251e-39 3
-1.35973 0.418313 4.74541 9.3114e-39 3
-1.17614 0.383454 4.34996 8.20541e-39 3
-1.10585 0.383454 4.34996 9.49578e-39 3
-0.981064 0.363272 4.12101 9.03552e-39 3
-0.914479 0.363272 4.12101 9.31211e-39 3
-0.947647 0.40601 4.60584 9.12808e-39 3
-0.927805 0.431386 4.8937 8.94369e-39 3
-0.848736 0.431386 4.8937 8.7593e-39 3
-0.746343 0.418313 4.74541 9.31247e-39 3
-0.66967 0.418313 4.74541 9.77346e-39 3
-0.592996 0.418313 4.74541 1.03266e-38 3
-0.501137 0.40601 4.60584 9.86565e-39 3
-0.315216 0.363272 4.12101 9.03588e-39 3
-0.181692 0.265468 3.01151 9.49687e-39 3
-0.123531 0.246506 2.7964 1.01422e-38 3
-0.068555 0.215693 2.44685 1.02355e-38 3
-0.0273132 0.203005 2.30292 1.01433e-38 3
0.00961325 0.197205 2.23712 1.06032e-38 3
0.0457593 0.197205 2.23712 1.04199e-38 3
0.0819054 0.197205 2.23712 1.03281e-38 3
0.121524 0.203005 2.30292 1.05121e-38 3
0.195942 0.203005 2.30292 9.58906e-39 3
0.220198 0.191727 2.17498 9.86565e-39 3
0.248439 0.186545 2.11619 9.03589e-39 3
0.275194 0.181636 2.06051 8.7593e-39 3
0.366327 0.215693 2.44685 9.31212e-39 3
1.06165 0.40601 4.60584 9.03696e-39 3
1.01648 0.363272 4.12101 8.66639e-39 3
0.709595 0.238006 2.69997 9.03589e-39 3
0.728113 0.230072 2.60997 9.31248e-39 3
0.72214 0.215693 2.44685 8.94298e-39 3
1.01557 0.28759 3.26247 8.2976e-39 3
1.28194 0.345108 3.91496 9.21992e-39 3
1.34519 0.345108 3.91496 8.29831e-39 3
1.48258 0.363272 4.12101 8.39015e-39 3
1.73141 0.40601 4.60584 8.02102e-39 3
0.935178 0.101503 1.15146 5.53318e-39 3
0.864763 0.0920289 1.04399 5.07076e-39 3
0.881631 0.0920289 1.04399 5.90016e-39 3
0.863941 0.0884894 1.00384 4.97784e-39 3
1.18733 0.0896386 1.01687 4.05625e-39 3
1.196 0.0890603 1.01031 4.24029e-39 3
1.26966 0.0932726 1.0581 3.9637e-39 3
1.22077 0.0884894 1.00384 4.05589e-39 3
-1.10172 0.127614 1.22343 5.62537e-39 3
-1.0653 0.12565 1.2046 5.62573e-39 3
-1.04584 0.12565 1.2046 5.99487e-39 3
-0.995739 0.1219 1.16864 7.00795e-39 3
-1.00691 0.12565 1.2046 7.09978e-39 3
-1.0188 0.129639 1.24284 7.19198e-39 3
-1.01483 0.13173 1.26289 7.46856e-39 3
-1.81335 0.240214 2.30292 6.91539e-39 3
-2.24057 0.355099 3.40431 9.03589e-39 3
-1.62008 0.340303 3.26247 8.30012e-39 3
-1.65235 0.37124 3.55905 9.03696e-39 3
-2.06392 0.480428 4.60584 8.94477e-39 3
-1.53734 0.37124 3.55905 1.005e-38 3
-1.47984 0.37124 3.55905 9.12808e-39 3
-1.36049 0.355099 3.40431 9.03517e-39 3
-1.05355 0.286571 2.74734 9.95568e-39 3
-1.00916 0.286571 2.74734 1.06929e-38 3
-0.964772 0.286571 2.74734 1.19836e-38 3
-0.989845 0.308199 2.95469 1.26279e-38 3
-1.01901 0.333358 3.19589 1.06007e-38 3
-1.03046 0.355099 3.40431 1.07847e-38 3
-1.15054 0.418835 4.01534 1.1062e-38 3
-1.0327 0.398404 3.81947 1.1984e-38 3
-0.970992 0.398404 3.81947 1.18921e-38 3
-0.88763 0.388918 3.72853 1.17085e-38 3
-0.827386 0.388918 3.72853 1.12482e-38 3
-0.8055 0.408364 3.91496 9.86565e-39 3
-0.873229 0.480428 4.60584 9.40611e-39 3
-0.79881 0.480428 4.60584 9.31355e-39 3
-0.724392 0.480428 4.60584 9.68233e-39 3
-0.649973 0.480428 4.60584 1.01433e-38 3
-0.575555 0.480428 4.60584 9.58906e-39 3
-0.501137 0.480428 4.60584 9.86565e-39 3
-0.285195 0.388918 3.72853 1.09724e-38 3
-0.214727 0.37124 3.55905 1.0327e-38 3
-0.128106 0.302492 2.89997 1.08802e-38 3
-0.0707665 0.263461 2.52578 1.02355e-38 3
-0.0281409 0.247493 2.3727 1.00508e-38 3
0.0101959 0.247493 2.3727 1.005e-38 3
0.0471052 0.240214 2.30292 1.08809e-38 3
0.0819054 0.233351 2.23712 1.05125e-38 3
0.118051 0.233351 2.23712 1.07887e-38 3
0.0914731 0.138429 1.32711 1.06032e-38 3
0.195942 0.240214 2.30292 1.0511e-38 3
0.233151 0.240214 2.30292 9.95785e-39 3
0.262636 0.233351 2.23712 9.68126e-39 3
0.290482 0.226869 2.17498 9.77346e-39 3
0.355227 0.247493 2.3727 1.07876e-38 3
0.405862 0.255228 2.44685 1.0511e-38 3
0.445397 0.255228 2.44685 1.30003e-38 3
0.554208 0.291689 2.7964 9.95712e-39 3
0.59939 0.291689 2.7964 9.58906e-39 3
0.564001 0.255228 2.44685 1.02355e-38 3
0.585247 0.247493 2.3727 1.01419e-38 3
0.605243 0.240214 2.30292 9.58906e-39 3
0.642452 0.240214 2.30292 8.7593e-39 3
0.679661 0.240214 2.30292 9.12809e-39 3
0.761675 0.255228 2.44685 9.31175e-39 3
1.06828 0.340303 3.26247 8.94405e-39 3
1.2229 0.37124 3.55905 9.12843e-39 3
1.34138 0.388918 3.72853 8.57526e-39 3
1.73141 0.480428 4.60584 8.57455e-39 3
0.799064 0.104709 1.00384 5.62537e-39 3
0.815283 0.104709 1.00384 4.98e-39 3
0.820977 0.103383 0.991129 5.62393e-39 3
1.11118 0.102091 0.97874 4.42576e-39 3
1.1709 0.106069 1.01687 4.42504e-39 3
1.16464 0.104042 0.997442 4.79454e-39 3
1.196 0.105384 1.01031 3.96441e-39 3
1.22019 0.106069 1.01687 4.241e-39 3
1.22864 0.105384 1.01031 4.51687e-39 3
1.20606 0.102091 0.97874 4.1488e-39 3
1.22188 0.102091 0.97874 3.78038e-39 3
1.23769 0.102091 0.97874 4.05661e-39 3
-1.1192 0.149721 1.24284 6.82392e-39 3
-1.08195 0.147381 1.22343 6.82392e-39 3
-1.06218 0.147381 1.22343 6.63988e-39 3
-0.995739 0.140782 1.16864 7.00903e-39 3
-0.999227 0.144006 1.19541 7.10122e-39 3
-0.979913 0.144006 1.19541 7.1927e-39 3
-0.975491 0.146239 1.21394 7.19198e-39 3
-1.58087 0.241856 2.00767 8.7593e-39 3
-1.77615 0.277423 2.30292 8.39124e-39 3
-1.97079 0.314413 2.60997 8.85222e-39 3
-2.29558 0.410104 3.40431 8.76038e-39 3
-2.24057 0.410104 3.40431 9.31355e-39 3
-2.28491 0.428745 3.55905 8.02318e-39 3
-2.33347 0.449162 3.72853 1.005e-38 3
-2.27323 0.449162 3.72853 9.68089e-39 3
-0.836399 0.196508 1.63123 9.40575e-39 3
-0.827277 0.200689 1.66594 9.03697e-39 3
-0.835931 0.209609 1.73998 1.00508e-38 3
-1.03862 0.269497 2.23712 9.68233e-39 3
-1.46195 0.393016 3.26247 1.03281e-38 3
-1.40923 0.393016 3.26247 1.01437e-38 3
-1.35652 0.393016 3.26247 1.02344e-38 3
-1.15894 0.349348 2.89997 1.04188e-38 3
-1.11208 0.349348 2.89997 1.01412e-38 3
-1.06523 0.349348 2.89997 1.02333e-38 3
-1.01837 0.349348 2.89997 1.07858e-38 3
-0.953851 0.342996 2.84724 1.15226e-38 3
-0.924659 0.349348 2.89997 1.18e-38 3
-0.877803 0.349348 2.89997 1.14308e-38 3
-1.0198 0.428745 3.55905 1.14308e-38 3
-0.756087 0.336871 2.7964 1.1062e-38 3
-0.710905 0.336871 2.7964 1.21687e-38 3
-0.665722 0.336871 2.7964 1.12468e-38 3
-0.75544 0.410104 3.40431 1.01412e-38 3
-0.732273 0.428745 3.55905 1.09716e-38 3
-0.742244 0.47162 3.91496 1.05121e-38 3
-0.315216 0.496442 4.12101 1.22631e-38 3
-0.224952 0.449162 3.72853 1.1156e-38 3
-0.150386 0.410104 3.40431 1.10642e-38 3
-0.0783486 0.336871 2.7964 1.11575e-38 3
-0.0290203 0.294762 2.44685 1.17096e-38 3
0.0105145 0.294762 2.44685 1.16174e-38 3
0.0471052 0.277423 2.30292 1.15252e-38 3
0.0819054 0.269497 2.23712 1.1433e-38 3
0.0724877 0.165481 1.37367 1.17092e-38 3
0.0914731 0.159871 1.32711 1.08794e-38 3
0.175316 0.248221 2.06051 1.10638e-38 3
0.22649 0.269497 2.23712 1.06954e-38 3
0.25534 0.262011 2.17498 1.0511e-38 3
0.290482 0.262011 2.17498 1.06032e-38 3
0.325624 0.262011 2.17498 1.06043e-38 3
0.393563 0.28583 2.3727 1.03277e-38 3
0.385208 0.25493 2.11619 1.06032e-38 3
0.4194 0.25493 2.11619 9.49687e-39 3
0.441656 0.248221 2.06051 9.31247e-39 3
0.474948 0.248221 2.06051 1.005e-38 3
0.495209 0.241856 2.00767 9.22135e-39 3
0.501909 0.230058 1.90974 8.76074e-39 3
0.532765 0.230058 1.90974 8.48416e-39 3
0.563622 0.230058 1.90974 9.95785e-39 3
0.641411 0.248221 2.06051 1.10635e-38 3
0.75408 0.277423 2.30292 1.0511e-38 3
0.867865 0.304271 2.52578 9.68125e-39 3
1.34138 0.449162 3.72853 1.01419e-38 3
2.35526 0.349348 2.89997 6.63809e-39 3
2.40212 0.349348 2.89997 6.63845e-39 3
2.45188 0.336871 2.7964 4.88529e-39 3
2.49706 0.336871 2.7964 5.80761e-39 3
1.28938 0.142915 1.18635 3.68819e-39 3
1.30855 0.142915 1.18635 4.70234e-39 3
1.1163 0.120158 0.997442 4.33356e-39 3
1.11118 0.117905 0.97874 5.34699e-39 3
1.14853 0.120158 0.997442 3.1343e-39 3
1.17967 0.121708 1.01031 3.87186e-39 3
1.18833 0.120928 1.00384 3.68747e-39 3
1.21232 0.121708 1.01031 3.59491e-39 3
1.21299 0.120158 0.997442 4.79346e-39 3
1.20606 0.117905 0.97874 4.05481e-39 3
1.22188 0.117905 0.97874 4.14809e-39 3
1.23769 0.117905 0.97874 4.33248e-39 3
1.2535 0.117905 0.97874 4.05661e-39 3
-1.1192 0.169802 1.24284 7.83807e-39 3
-1.08195 0.167149 1.22343 7.83807e-39 3
-1.06218 0.167149 1.22343 7.83915e-39 3
-0.988363 0.158482 1.15999 7.83879e-39 3
-0.984201 0.160865 1.17743 7.74659e-39 3
-0.965177 0.160865 1.17743 7.74515e-39 3
-0.967987 0.164577 1.2046 8.02102e-39 3
-1.43382 0.248779 1.82091 9.12809e-39 3
-1.54843 0.274295 2.00767 8.57527e-39 3
-2.25264 0.445729 3.26247 9.03625e-39 3
-1.88565 0.382054 2.7964 8.94369e-39 3
-1.77701 0.36888 2.69997 9.12808e-39 3
-1.73338 0.36888 2.69997 9.49723e-39 3
-1.88473 0.411443 3.01151 1.01422e-38 3
-1.98908 0.445729 3.26247 9.77309e-39 3
-2.02055 0.465109 3.40431 9.86565e-39 3
-0.862755 0.222865 1.63123 9.49866e-39 3
-0.836399 0.222865 1.63123 1.01433e-38 3
-0.810042 0.222865 1.63123 1.04199e-38 3
-0.783686 0.222865 1.63123 1.04206e-38 3
-0.757329 0.222865 1.63123 1.00518e-38 3
-0.762754 0.232554 1.70216 1.02362e-38 3
-0.735252 0.232554 1.70216 1.04206e-38 3
-0.856749 0.281513 2.06051 9.77453e-39 3
-0.894038 0.305643 2.23712 1.00511e-38 3
-0.93832 0.334297 2.44685 1.08798e-38 3
-0.958704 0.356584 2.60997 1.0788e-38 3
-1.01837 0.396204 2.89997 1.15248e-38 3
-1.09295 0.445729 3.26247 1.12479e-38 3
-1.13481 0.48625 3.55905 1.13401e-38 3
-1.0773 0.48625 3.55905 1.12482e-38 3
-0.862906 0.411443 3.01151 1.1156e-38 3
-0.756087 0.382054 2.7964 1.12482e-38 3
-0.686391 0.36888 2.69997 1.23538e-38 3
-0.642766 0.36888 2.69997 1.18932e-38 3
-0.599142 0.36888 2.69997 1.24468e-38 3
-0.619615 0.411443 3.01151 1.1156e-38 3
-0.674768 0.48625 3.55905 1.06954e-38 3
-0.157222 0.48625 3.55905 1.18943e-38 3
-0.0953809 0.465109 3.40431 1.15252e-38 3
-0.030955 0.356584 2.60997 1.19858e-38 3
0.00617365 0.196285 1.43668 1.18014e-38 3
0.0293867 0.196285 1.43668 1.22617e-38 3
0.0516521 0.192748 1.4108 1.20769e-38 3
0.071238 0.18444 1.34999 1.18003e-38 3
0.0899486 0.178292 1.30499 1.14319e-38 3
0.148045 0.237722 1.73998 1.17085e-38 3
0.136675 0.18444 1.34999 1.15241e-38 3
0.224201 0.260915 1.90974 1.18929e-38 3
0.261434 0.267438 1.95748 1.09713e-38 3
0.308486 0.281513 2.06051 1.12486e-38 3
0.341779 0.281513 2.06051 1.06043e-38 3
0.356318 0.267438 1.95748 1.07872e-38 3
0.352678 0.243125 1.77953 1.07869e-38 3
0.38143 0.243125 1.77953 1.15248e-38 3
0.410183 0.243125 1.77953 1.18018e-38 3
0.429181 0.237722 1.73998 1.15262e-38 3
0.467688 0.243125 1.77953 1.07894e-38 3
0.485408 0.237722 1.73998 1.05128e-38 3
0.513522 0.237722 1.73998 9.77453e-39 3
0.553945 0.243125 1.77953 9.95784e-39 3
0.674703 0.281513 2.06051 9.86672e-39 3
0.747329 0.297153 2.17498 1.005e-38 3
1.98725 0.334297 2.44685 7.46749e-39 3
2.02679 0.334297 2.44685 6.91395e-39 3
2.06632 0.334297 2.44685 7.09834e-39 3
2.10586 0.334297 2.44685 6.82176e-39 3
2.14539 0.334297 2.44685 6.08419e-39 3
2.18493 0.334297 2.44685 5.62322e-39 3
2.29622 0.345081 2.52578 5.80761e-39 3
2.4982 0.36888 2.69997 5.34735e-39 3
1.3099 0.167149 1.22343 3.96478e-39 3
1.32967 0.167149 1.22343 4.51795e-39 3
1.30855 0.162083 1.18635 4.60978e-39 3
1.1307 0.138032 1.01031 5.1626e-39 3
1.13241 0.136274 0.997442 4.14845e-39 3
1.1709 0.138929 1.01687 4.42432e-39 3
1.19509 0.139837 1.02352 4.33284e-39 3
1.196 0.138032 1.01031 5.07005e-39 3
1.20455 0.137148 1.00384 4.241e-39 3
1.19025 0.133719 0.97874 4.33248e-39 3
1.20606 0.133719 0.97874 3.9637e-39 3
1.22188 0.133719 0.97874 3.9637e-39 3
1.23769 0.133719 0.97874 3.8715e-39 3
-1.1192 0.189883 1.24284 7.19198e-39 3
-1.08195 0.186916 1.22343 8.48308e-39 3
-1.06218 0.186916 1.22343 8.29905e-39 3
-1.00323 0.179889 1.17743 8.02246e-39 3
-0.999227 0.182635 1.19541 8.02246e-39 3
-0.965177 0.179889 1.17743 8.66711e-39 3
-0.953321 0.181252 1.18635 7.83663e-39 3
-1.16328 0.22571 1.47734 8.94298e-39 3
-1.40439 0.2782 1.82091 9.12808e-39 3
-1.516 0.306734 2.00767 9.31247e-39 3
-1.65311 0.341789 2.23712 7.92954e-39 3
-1.76855 0.373832 2.44685 7.46892e-39 3
-1.84428 0.398754 2.60997 7.74515e-39 3
-1.80211 0.398754 2.60997 7.83734e-39 3
-1.64995 0.373832 2.44685 8.39016e-39 3
-1.56161 0.362504 2.3727 9.95712e-39 3
-1.52327 0.362504 2.3727 9.12736e-39 3
-1.53134 0.373832 2.44685 9.40431e-39 3
-1.83607 0.460101 3.01151 9.12772e-39 3
-1.78741 0.460101 3.01151 8.85257e-39 3
-0.862755 0.249221 1.63123 9.49866e-39 3
-0.836399 0.249221 1.63123 1.03277e-38 3
-0.810042 0.249221 1.63123 9.59014e-39 3
-0.767692 0.244135 1.59794 1.0144e-38 3
-0.71278 0.234561 1.53528 9.68413e-39 3
-0.674744 0.23005 1.50575 1.02373e-38 3
-0.593361 0.209871 1.37367 1.04217e-38 3
-0.533712 0.196109 1.28359 9.77525e-39 3
-0.512973 0.196109 1.28359 1.0144e-38 3
-0.508919 0.202756 1.32711 1.03288e-38 3
-0.487477 0.202756 1.32711 1.06976e-38 3
-0.499927 0.217502 1.42362 1.14344e-38 3
-0.936818 0.427236 2.7964 1.15255e-38 3
-1.04024 0.498442 3.26247 1.06958e-38 3
-0.987528 0.498442 3.26247 1.12486e-38 3
-0.747852 0.398754 2.60997 1.11567e-38 3
-0.641529 0.362504 2.3727 1.14333e-38 3
-0.603192 0.362504 2.3727 1.18014e-38 3
-0.601297 0.385891 2.52578 1.24468e-38 3
-0.57917 0.398754 2.60997 1.2539e-38 3
-0.555517 0.412504 2.69997 1.24468e-38 3
-0.570957 0.460101 3.01151 1.22624e-38 3
-0.565824 0.498442 3.26247 1.25397e-38 3
0.0288572 0.215543 1.4108 1.309e-38 3
0.0502928 0.209871 1.37367 1.41945e-38 3
0.0706291 0.204489 1.33845 1.44722e-38 3
0.088474 0.196109 1.28359 1.23531e-38 3
0.109214 0.196109 1.28359 1.34595e-38 3
0.131027 0.197729 1.2942 1.35517e-38 3
0.154492 0.201052 1.31595 1.32744e-38 3
0.181867 0.208046 1.36173 1.31822e-38 3
0.293062 0.299066 1.95748 1.28141e-38 3
0.302037 0.2782 1.82091 1.19858e-38 3
0.285054 0.239252 1.56598 1.18936e-38 3
0.310356 0.239252 1.56598 1.11542e-38 3
0.335659 0.239252 1.56598 1.19851e-38 3
0.401068 0.265836 1.73998 1.17099e-38 3
0.419851 0.260057 1.70216 1.20794e-38 3
0.457295 0.265836 1.73998 1.1527e-38 3
0.474856 0.260057 1.70216 1.18036e-38 3
0.502358 0.260057 1.70216 1.1711e-38 3
0.541636 0.265836 1.73998 1.16192e-38 3
0.610446 0.284824 1.86427 1.07883e-38 3
0.707995 0.314806 2.06051 1.09731e-38 3
0.670689 0.284824 1.86427 1.07876e-38 3
0.700811 0.284824 1.86427 1.04188e-38 3
0.652332 0.244135 1.59794 1.14326e-38 3
0.797705 0.249221 1.63123 1.06029e-38 3
2.19283 0.412504 2.69997 8.85078e-39 3
2.02679 0.373832 2.44685 8.482e-39 3
2.06632 0.373832 2.44685 7.83627e-39 3
2.04204 0.362504 2.3727 8.02066e-39 3
2.01919 0.351842 2.30292 6.45298e-39 3
1.99765 0.341789 2.23712 7.46713e-39 3
2.03379 0.341789 2.23712 7.37493e-39 3
2.264 0.373832 2.44685 7.19126e-39 3
2.37784 0.385891 2.52578 6.54589e-39 3
1.3099 0.186916 1.22343 4.61015e-39 3
1.0772 0.151426 0.991129 4.88673e-39 3
1.11438 0.154356 1.01031 4.05661e-39 3
1.1307 0.154356 1.01031 5.25515e-39 3
1.14702 0.154356 1.01031 5.07005e-39 3
1.1709 0.155359 1.01687 4.42468e-39 3
1.19509 0.156374 1.02352 4.05589e-39 3
1.21163 0.156374 1.02352 5.16224e-39 3
1.19688 0.15239 0.997442 4.42539e-39 3
1.17555 0.147687 0.966657 4.05661e-39 3
1.20606 0.149533 0.97874 5.43954e-39 3
1.22188 0.149533 0.97874 4.51759e-39 3
-1.10172 0.206683 1.22343 8.39088e-39 3
-1.08195 0.206683 1.22343 8.0221e-39 3
-1.06218 0.206683 1.22343 7.00831e-39 3
-0.995739 0.197429 1.16864 7.37673e-39 3
-0.984201 0.198913 1.17743 8.20649e-39 3
-0.957974 0.197429 1.16864 9.68054e-39 3
-0.911872 0.191706 1.13477 9.49615e-39 3
-1.02757 0.220462 1.30499 9.31212e-39 3
-1.2581 0.275578 1.63123 8.75894e-39 3
-1.25795 0.281441 1.66594 9.21992e-39 3
-1.28575 0.29395 1.73998 9.31211e-39 3
-1.52956 0.357506 2.11619 9.77309e-39 3
-1.67662 0.40084 2.3727 8.94405e-39 3
-1.63828 0.40084 2.3727 9.86564e-39 3
-1.50852 0.377935 2.23712 1.00493e-38 3
-1.35614 0.348098 2.06051 1.05096e-38 3
-1.32284 0.348098 2.06051 1.04177e-38 3
-1.3244 0.357506 2.11619 1.13401e-38 3
-1.32605 0.367437 2.17498 1.08794e-38 3
-1.29091 0.367437 2.17498 1.00518e-38 3
-1.50692 0.440924 2.60997 9.96e-39 3
-1.04625 0.314946 1.86427 1.09738e-38 3
-0.908029 0.281441 1.66594 1.02359e-38 3
-0.862755 0.275578 1.63123 1.11578e-38 3
-0.836399 0.275578 1.63123 1.09731e-38 3
-0.793511 0.269954 1.59794 1.03281e-38 3
-0.737586 0.259367 1.53528 9.49938e-39 3
-0.685883 0.24958 1.47734 1.09749e-38 3
-0.615556 0.232065 1.37367 1.03299e-38 3
-0.545509 0.213351 1.26289 1.13437e-38 3
-0.508695 0.206683 1.22343 1.00529e-38 3
-0.488927 0.206683 1.22343 1.07898e-38 3
-0.46916 0.206683 1.22343 1.11593e-38 3
-0.463889 0.213351 1.26289 1.09749e-38 3
-0.458267 0.220462 1.30499 1.11585e-38 3
-0.476925 0.240504 1.42362 1.14348e-38 3
-0.453923 0.240504 1.42362 1.21716e-38 3
-0.430921 0.240504 1.42362 1.20794e-38 3
-0.423312 0.24958 1.47734 1.08809e-38 3
-0.399442 0.24958 1.47734 1.15262e-38 3
-0.382795 0.254379 1.50575 1.17096e-38 3
-0.564855 0.40084 2.3727 1.23546e-38 3
-0.537 0.440924 2.60997 1.29077e-38 3
-0.549811 0.489916 2.89997 1.29081e-38 3
-0.0707665 0.426701 2.52578 1.30014e-38 3
-0.0170394 0.242711 1.43668 1.34613e-38 3
0.00600828 0.236209 1.3982 1.48428e-38 3
0.0285996 0.236209 1.3982 1.47495e-38 3
0.0494257 0.228064 1.34999 1.49328e-38 3
0.0706291 0.226115 1.33845 1.47495e-38 3
0.0877547 0.215085 1.27316 1.39208e-38 3
0.107452 0.213351 1.26289 1.41045e-38 3
0.127857 0.213351 1.26289 1.40119e-38 3
0.151938 0.21864 1.2942 1.38268e-38 3
0.178758 0.226115 1.33845 1.4103e-38 3
0.260499 0.29395 1.73998 1.4103e-38 3
0.288613 0.29395 1.73998 1.41045e-38 3
0.316727 0.29395 1.73998 1.36439e-38 3
0.298419 0.254379 1.50575 1.21687e-38 3
0.319675 0.251957 1.49141 1.14315e-38 3
0.340529 0.24958 1.47734 1.38297e-38 3
0.360993 0.247247 1.46354 1.24475e-38 3
0.437835 0.281441 1.66594 1.33698e-38 3
0.464753 0.281441 1.66594 1.30017e-38 3
0.502358 0.287559 1.70216 1.2817e-38 3
0.541636 0.29395 1.73998 1.22645e-38 3
0.610446 0.314946 1.86427 1.18036e-38 3
0.62567 0.307622 1.82091 1.1711e-38 3
0.586853 0.275578 1.63123 1.14344e-38 3
0.613209 0.275578 1.63123 1.19861e-38 3
0.601944 0.259367 1.53528 1.09731e-38 3
0.581169 0.240504 1.42362 1.06961e-38 3
0.604171 0.240504 1.42362 1.06958e-38 3
0.72245 0.24958 1.47734 1.12479e-38 3
0.824061 0.275578 1.63123 1.13401e-38 3
2.19283 0.456129 2.69997 9.12737e-39 3
2.16191 0.440924 2.60997 8.11357e-39 3
2.06632 0.413367 2.44685 8.11321e-39 3
2.04204 0.40084 2.3727 7.83627e-39 3
1.9615 0.377935 2.23712 7.46784e-39 3
1.94216 0.367437 2.17498 7.00651e-39 3
1.92386 0.357506 2.11619 7.37529e-39 3
2.06994 0.377935 2.23712 7.83663e-39 3
2.37784 0.426701 2.52578 6.73064e-39 3
2.41865 0.426701 2.52578 6.6388e-39 3
1.06795 0.168506 0.997442 4.70234e-39 3
1.07043 0.166387 0.984896 4.61015e-39 3
1.10723 0.169586 1.00384 4.60978e-39 3
1.12345 0.169586 1.00384 5.1626e-39 3
1.12524 0.16744 0.991129 5.25479e-39 3
1.14853 0.168506 0.997442 4.97821e-39 3
1.17211 0.169586 1.00384 4.14845e-39 3
1.196 0.17068 1.01031 4.14845e-39 3
1.13199 0.15937 0.943364 4.42575e-39 3
1.14723 0.15937 0.943364 4.05697e-39 3
1.20606 0.165347 0.97874 4.05661e-39 3
-1.10172 0.226451 1.22343 7.46929e-39 3
-1.08195 0.226451 1.22343 8.48344e-39 3
-1.04584 0.222967 1.2046 8.11393e-39 3
-0.988363 0.214709 1.15999 9.49651e-39 3
-0.976856 0.216311 1.16864 9.03517e-39 3
-1.00288 0.226451 1.22343 1.03259e-38 3
-0.81186 0.187004 1.01031 9.95784e-39 3
-0.978636 0.230045 1.24284 9.22028e-39 3
-1.11831 0.268386 1.44999 9.77309e-39 3
-1.09489 0.268386 1.44999 8.94333e-39 3
-1.05198 0.263506 1.42362 1.06029e-38 3
-1.0678 0.27345 1.47734 9.77309e-39 3
-1.22952 0.322063 1.73998 1.06036e-38 3
-1.46117 0.391698 2.11619 1.06028e-38 3
-1.38943 0.381391 2.06051 1.13401e-38 3
-1.28833 0.362321 1.95748 1.15234e-38 3
-1.22605 0.353484 1.90974 1.12475e-38 3
-1.1396 0.337043 1.82091 1.03263e-38 3
-1.11018 0.337043 1.82091 1.06043e-38 3
-1.0562 0.329383 1.77953 9.68413e-39 3
-1.02745 0.329383 1.77953 9.77525e-39 3
-0.998693 0.329383 1.77953 1.16184e-38 3
-0.908029 0.308358 1.66594 1.03277e-38 3
-0.862755 0.301934 1.63123 1.0789e-38 3
-0.819329 0.295772 1.59794 1.05128e-38 3
-0.77764 0.289857 1.56598 1.09738e-38 3
-0.709753 0.27345 1.47734 1.15273e-38 3
-0.637751 0.25426 1.37367 1.06983e-38 3
-0.565914 0.233756 1.26289 1.11593e-38 3
-0.520332 0.222967 1.2046 1.03295e-38 3
-0.49328 0.219589 1.18635 1.07905e-38 3
-0.467035 0.216311 1.16864 1.07905e-38 3
-0.448153 0.216311 1.16864 1.18046e-38 3
-0.435775 0.219589 1.18635 1.16192e-38 3
-0.423016 0.222967 1.2046 1.23571e-38 3
-0.409858 0.226451 1.22343 1.24486e-38 3
-0.39009 0.226451 1.22343 1.1895e-38 3
-0.370323 0.226451 1.22343 1.21716e-38 3
-0.350556 0.226451 1.22343 1.14344e-38 3
-0.347057 0.237588 1.28359 1.12504e-38 3
-0.343195 0.249877 1.34999 1.11564e-38 3
-0.321383 0.249877 1.34999 1.2078e-38 3
-0.503437 0.452901 2.44685 1.30925e-38 3
-0.115146 0.230045 1.24284 1.33709e-38 3
-0.0935797 0.226451 1.22343 1.20812e-38 3
-0.0726767 0.222967 1.2046 1.1528e-38 3
-0.0540449 0.226451 1.22343 1.32798e-38 3
-0.0388276 0.256511 1.38583 1.30954e-38 3
-0.0167324 0.261132 1.4108 1.30024e-38 3
0.00600828 0.258801 1.3982 1.26326e-38 3
0.0283465 0.256511 1.38583 1.3185e-38 3
0.0490032 0.247741 1.33845 1.30914e-38 3
0.0700305 0.245641 1.32711 1.28163e-38 3
0.0863506 0.231886 1.25279 1.32762e-38 3
0.105746 0.230045 1.24284 1.34606e-38 3
0.123862 0.226451 1.22343 1.43814e-38 3
0.143629 0.226451 1.22343 1.53952e-38 3
0.163396 0.226451 1.22343 1.52097e-38 3
0.183164 0.226451 1.22343 1.54871e-38 3
0.188226 0.210041 1.13477 1.48417e-38 3
0.217598 0.221265 1.19541 1.53027e-38 3
0.282142 0.263506 1.42362 1.32751e-38 3
0.316659 0.27345 1.47734 1.1801e-38 3
0.331157 0.265924 1.43668 1.32765e-38 3
0.35437 0.265924 1.43668 1.29085e-38 3
0.381079 0.268386 1.44999 1.3185e-38 3
0.412139 0.27345 1.47734 1.3185e-38 3
0.440162 0.276054 1.49141 1.26326e-38 3
0.447222 0.265924 1.43668 1.26326e-38 3
0.557363 0.315062 1.70216 1.30943e-38 3
0.507619 0.27345 1.47734 1.18046e-38 3
0.47744 0.245641 1.32711 1.11593e-38 3
0.474743 0.233756 1.26289 1.09738e-38 3
0.491187 0.231886 1.25279 1.12504e-38 3
0.488004 0.221265 1.19541 1.11582e-38 3
0.485101 0.211574 1.14305 1.14348e-38 3
0.49992 0.210041 1.13477 1.04199e-38 3
0.518255 0.210041 1.13477 9.68126e-39 3
0.638357 0.249877 1.34999 1.01422e-38 3
0.709071 0.268386 1.44999 1.14323e-38 3
0.760672 0.278709 1.50575 1.14323e-38 3
0.850418 0.301934 1.63123 1.11557e-38 3
0.747459 0.181161 0.97874 8.3916e-39 3
1.96974 0.467511 2.52578 8.48271e-39 3
2.28008 0.499753 2.69997 7.92954e-39 3
2.10586 0.452901 2.44685 7.65296e-39 3
2.08038 0.439177 2.3727 7.83735e-39 3
1.99765 0.414081 2.23712 8.11358e-39 3
1.92386 0.391698 2.11619 7.83735e-39 3
1.05451 0.1823 0.984896 6.27002e-39 3
1.06374 0.181161 0.97874 5.34771e-39 3
1.09322 0.183454 0.991129 5.62394e-39 3
1.10923 0.183454 0.991129 5.07076e-39 3
1.12524 0.183454 0.991129 4.97856e-39 3
1.14126 0.183454 0.991129 4.70198e-39 3
1.15727 0.183454 0.991129 4.241e-39 3
1.15862 0.181161 0.97874 4.42539e-39 3
1.14579 0.176742 0.954868 3.78074e-39 3
1.19025 0.181161 0.97874 3.96513e-39 3
-1.10172 0.246218 1.22343 8.2994e-39 3
-1.0653 0.24243 1.2046 9.58906e-39 3
-1.04584 0.24243 1.2046 9.12808e-39 3
-0.988363 0.233451 1.15999 8.75858e-39 3
-0.969621 0.233451 1.15999 9.4965e-39 3
-0.828184 0.203328 1.01031 1.04185e-38 3
-0.762656 0.191006 0.949081 9.77309e-39 3
-0.785402 0.200738 0.997442 9.95748e-39 3
-0.989982 0.258327 1.28359 9.95748e-39 3
-0.938473 0.250126 1.24284 1.04185e-38 3
-0.918392 0.250126 1.24284 1.0695e-38 3
-0.898311 0.250126 1.24284 9.77309e-39 3
-1.00597 0.286508 1.42362 1.01426e-38 3
-1.12632 0.328291 1.63123 1.05114e-38 3
-1.22787 0.366464 1.82091 9.95711e-39 3
-1.19845 0.366464 1.82091 1.0417e-38 3
-1.14246 0.358135 1.77953 1.11546e-38 3
-1.1137 0.358135 1.77953 1.13397e-38 3
-1.06084 0.350177 1.73998 1.08805e-38 3
-1.0562 0.358135 1.77953 9.59086e-39 3
-1.02745 0.358135 1.77953 1.10656e-38 3
-0.862755 0.328291 1.63123 1.23567e-38 3
-0.802943 0.315159 1.56598 1.25411e-38 3
-0.733623 0.29732 1.47734 1.24489e-38 3
-0.637575 0.267084 1.32711 1.17124e-38 3
-0.567997 0.246218 1.22343 1.10667e-38 3
-0.539795 0.24243 1.2046 1.06061e-38 3
-0.490168 0.228376 1.13477 1.02373e-38 3
-0.471833 0.228376 1.13477 1.09749e-38 3
-0.417218 0.210106 1.04399 1.17124e-38 3
-0.40576 0.212945 1.0581 1.28173e-38 3
-0.378436 0.207342 1.03025 1.2817e-38 3
-0.357091 0.204649 1.01687 1.19872e-38 3
-0.338463 0.203328 1.01031 1.33694e-38 3
-0.318035 0.200738 0.997442 1.22638e-38 3
-0.301919 0.200738 0.997442 1.25404e-38 3
-0.289491 0.203328 1.01031 1.23567e-38 3
-0.273167 0.203328 1.01031 1.25408e-38 3
-0.258511 0.204649 1.01687 1.34613e-38 3
-0.243663 0.205986 1.02352 1.29999e-38 3
-0.208085 0.188718 0.937715 1.30003e-38 3
-0.198889 0.194543 0.966657 1.40144e-38 3
-0.138988 0.198213 0.984896 1.39226e-38 3
-0.124642 0.200738 0.997442 1.43836e-38 3
-0.115909 0.214394 1.0653 1.30936e-38 3
-0.103632 0.225114 1.11856 1.35553e-38 3
-0.0887274 0.233451 1.15999 1.4846e-38 3
-0.0715755 0.238757 1.18635 1.43857e-38 3
-0.0532134 0.24243 1.2046 1.33727e-38 3
-0.0375002 0.269367 1.33845 1.34649e-38 3
-0.016583 0.281392 1.3982 1.36493e-38 3
0.00606241 0.283927 1.4108 1.31883e-38 3
0.0283465 0.278902 1.38583 1.25426e-38 3
0.0485879 0.267084 1.32711 1.32798e-38 3
0.069442 0.26484 1.31595 1.33709e-38 3
0.0823956 0.24058 1.19541 1.27248e-38 3
0.10094 0.238757 1.18635 1.38304e-38 3
0.118316 0.235193 1.16864 1.34609e-38 3
0.136182 0.233451 1.15999 1.36449e-38 3
0.152662 0.230043 1.14305 1.52119e-38 3
0.168669 0.226733 1.12661 1.54878e-38 3
0.184221 0.223517 1.11063 1.48424e-38 3
0.20361 0.225114 1.11856 1.42892e-38 3
0.223278 0.226733 1.12661 1.41981e-38 3
0.248636 0.233451 1.15999 1.37371e-38 3
0.291097 0.254161 1.26289 1.40141e-38 3
0.327342 0.267084 1.32711 1.34616e-38 3
0.351765 0.269367 1.33845 1.35538e-38 3
0.393574 0.283927 1.4108 1.37382e-38 3
0.427935 0.291814 1.44999 1.39219e-38 3
0.386883 0.250126 1.24284 1.41063e-38 3
0.406964 0.250126 1.24284 1.38304e-38 3
0.420372 0.246218 1.22343 1.26337e-38 3
0.44014 0.246218 1.22343 1.26344e-38 3
0.467207 0.250126 1.24284 1.27255e-38 3
0.487288 0.250126 1.24284 1.16202e-38 3
0.480666 0.236962 1.17743 1.1989e-38 3
0.485101 0.230043 1.14305 1.15284e-38 3
0.49992 0.228376 1.13477 1.1527e-38 3
0.518255 0.228376 1.13477 1.125e-38 3
0.597173 0.254161 1.26289 1.12497e-38 3
0.638164 0.262633 1.30499 9.86565e-39 3
0.681982 0.271689 1.34999 1.11557e-38 3
0.703794 0.271689 1.34999 1.12471e-38 3
0.725606 0.271689 1.34999 1.01412e-38 3
0.855255 0.246218 1.22343 1.02334e-38 3
0.875022 0.246218 1.22343 9.40359e-39 3
0.854724 0.235193 1.16864 1.01412e-38 3
0.731645 0.196974 0.97874 8.48271e-39 3
0.703491 0.185388 0.921167 8.39052e-39 3
0.70186 0.181126 0.899991 8.66818e-39 3
0.677467 0.171282 0.851078 7.56148e-39 3
1.14512 0.221943 1.10281 7.00758e-39 3
1.08643 0.207342 1.03025 6.45441e-39 3
1.004 0.188718 0.937715 6.08563e-39 3
1.03779 0.19217 0.954868 5.71685e-39 3
1.07285 0.195751 0.972661 5.80832e-39 3
1.10923 0.199468 0.991129 5.90052e-39 3
1.13241 0.200738 0.997442 5.62393e-39 3
1.15589 0.202025 1.00384 5.80832e-39 3
1.22718 0.211516 1.051 6.3615e-39 3
1.17329 0.199468 0.991129 5.34735e-39 3
1.17443 0.196974 0.97874 5.16296e-39 3
1.22077 0.202025 1.00384 4.05733e-39 3
-1.08477 0.261893 1.2046 8.29832e-39 3
-1.0653 0.261893 1.2046 8.66711e-39 3
-1.04584 0.261893 1.2046 9.12736e-39 3
-1.01083 0.257925 1.18635 8.85078e-39 3
-0.991657 0.257925 1.18635 8.66674e-39 3
-0.792398 0.210161 0.966657 9.31211e-39 3
-0.749038 0.202656 0.932133 9.68018e-39 3
-0.738372 0.203869 0.937715 9.86457e-39 3
-0.723221 0.203869 0.937715 9.40431e-39 3
-0.798971 0.230041 1.0581 9.40431e-39 3
-0.781874 0.230041 1.0581 9.95748e-39 3
-0.844681 0.254076 1.16864 1.005e-38 3
-0.87823 0.270207 1.24284 1.0327e-38 3
-1.03968 0.327367 1.50575 1.1156e-38 3
-1.07752 0.34741 1.59794 1.18007e-38 3
-1.07361 0.354647 1.63123 1.18e-38 3
-1.04725 0.354647 1.63123 1.18e-38 3
-1.04262 0.362193 1.66594 1.21698e-38 3
-1.0157 0.362193 1.66594 1.13411e-38 3
-1.01028 0.370067 1.70216 1.21727e-38 3
-0.787199 0.333786 1.53528 1.08827e-38 3
-0.607532 0.265985 1.22343 1.12515e-38 3
-0.587764 0.265985 1.22343 1.1528e-38 3
-0.534585 0.250339 1.15146 1.09752e-38 3
-0.508503 0.246711 1.13477 1.17114e-38 3
-0.469744 0.236432 1.08749 1.20801e-38 3
-0.445979 0.233193 1.07259 1.22642e-38 3
-0.417218 0.226974 1.04399 1.2172e-38 3
-0.40035 0.226974 1.04399 1.14337e-38 3
-0.378436 0.223988 1.03025 1.26315e-38 3
-0.354787 0.219653 1.01031 1.28159e-38 3
-0.336294 0.218244 1.00384 1.22624e-38 3
-0.314035 0.214127 0.984896 1.32765e-38 3
-0.294418 0.211467 0.972661 1.41063e-38 3
-0.280445 0.212788 0.97874 1.41985e-38 3
-0.258176 0.207598 0.954868 1.41985e-38 3
-0.245745 0.210161 0.966657 1.429e-38 3
-0.228714 0.208872 0.960726 1.3829e-38 3
-0.208085 0.203869 0.937715 1.40137e-38 3
-0.200124 0.211467 0.972661 1.35527e-38 3
-0.18327 0.210161 0.966657 1.46591e-38 3
-0.167652 0.210161 0.966657 1.37371e-38 3
-0.1511 0.208872 0.960726 1.41066e-38 3
-0.135577 0.208872 0.960726 1.40141e-38 3
-0.120054 0.208872 0.960726 1.4291e-38 3
-0.110641 0.221079 1.01687 1.3185e-38 3
-0.102897 0.241462 1.11063 1.3278e-38 3
-0.0874321 0.248512 1.14305 1.36475e-38 3
-0.0674855 0.243187 1.11856 1.40162e-38 3
-0.0494125 0.243187 1.11856 1.2911e-38 3
-0.0322612 0.250339 1.15146 1.35563e-38 3
-0.0130796 0.239762 1.10281 1.29113e-38 3
0.00600828 0.303983 1.3982 1.30964e-38 3
0.0273774 0.290993 1.33845 1.29121e-38 3
0.0441029 0.261893 1.2046 1.27277e-38 3
0.0671838 0.276798 1.27316 1.34642e-38 3
0.0811566 0.255986 1.17743 1.39251e-38 3
0.097971 0.250339 1.15146 1.29103e-38 3
0.114886 0.246711 1.13477 1.35549e-38 3
0.132263 0.244936 1.12661 1.32772e-38 3
0.147287 0.239762 1.10281 1.3462e-38 3
0.162812 0.236432 1.08749 1.40152e-38 3
0.176702 0.231606 1.0653 1.45673e-38 3
0.195242 0.233193 1.07259 1.39219e-38 3
0.217032 0.238085 1.09509 1.38301e-38 3
0.236379 0.239762 1.10281 1.41992e-38 3
0.25242 0.238085 1.09509 1.51212e-38 3
0.260989 0.230041 1.0581 1.45673e-38 3
0.285809 0.236432 1.08749 1.4936e-38 3
0.28185 0.219653 1.01031 1.43829e-38 3
0.312277 0.230041 1.0581 1.41978e-38 3
0.34329 0.239762 1.10281 1.3829e-38 3
0.388465 0.257925 1.18635 1.3829e-38 3
0.413905 0.261893 1.2046 1.38304e-38 3
0.44014 0.265985 1.22343 1.26333e-38 3
0.459907 0.265985 1.22343 1.2817e-38 3
0.479674 0.265985 1.22343 1.27255e-38 3
0.480666 0.255986 1.17743 1.17124e-38 3
0.485101 0.248512 1.14305 1.20801e-38 3
0.496324 0.244936 1.12661 1.2172e-38 3
0.514527 0.244936 1.12661 1.18965e-38 3
0.578511 0.265985 1.22343 1.18043e-38 3
0.617578 0.274566 1.26289 1.15262e-38 3
0.659249 0.283718 1.30499 1.18932e-38 3
0.669181 0.279067 1.28359 1.37357e-38 3
0.657581 0.265985 1.22343 1.42889e-38 3
0.677348 0.265985 1.22343 1.28148e-38 3
0.708181 0.270207 1.24284 1.21695e-38 3
0.728262 0.270207 1.24284 1.16163e-38 3
0.748343 0.270207 1.24284 1.07865e-38 3
0.780818 0.274566 1.26289 1.16163e-38 3
0.801223 0.274566 1.26289 1.12475e-38 3
0.795953 0.265985 1.22343 1.13397e-38 3
0.81572 0.265985 1.22343 1.01408e-38 3
0.835487 0.265985 1.22343 1.04167e-38 3
0.842097 0.261893 1.2046 1.1062e-38 3
0.848506 0.257925 1.18635 1.1523e-38 3
0.818093 0.243187 1.11856 1.08787e-38 3
0.740907 0.215482 0.991129 1.04185e-38 3
0.695311 0.197943 0.910456 9.40467e-39 3
0.663716 0.185033 0.851078 1.04188e-38 3
0.670183 0.183044 0.841927 9.95785e-39 3
0.676512 0.181096 0.83297 8.57456e-39 3
0.895153 0.193444 0.889764 6.27074e-39 3
0.86063 0.183044 0.841927 7.00831e-39 3
0.855828 0.17919 0.824202 6.91539e-39 3
0.922556 0.190202 0.874851 6.6388e-39 3
0.952658 0.193444 0.889764 6.6388e-39 3
1.01915 0.203869 0.937715 6.17782e-39 3
1.05968 0.208872 0.960726 5.99271e-39 3
1.10225 0.214127 0.984896 5.53173e-39 3
1.12524 0.215482 0.991129 5.99271e-39 3
1.15589 0.218244 1.00384 5.43954e-39 3
1.21899 0.226974 1.04399 5.25515e-39 3
1.20376 0.221079 1.01687 5.99235e-39 3
1.22019 0.221079 1.01687 5.25515e-39 3
1.28676 0.230041 1.0581 4.42539e-39 3
-1.0653 0.281357 1.2046 8.7593e-39 3
-1.02999 0.277094 1.18635 8.85149e-39 3
-0.995739 0.272958 1.16864 8.29796e-39 3
-0.962491 0.268944 1.15146 8.66602e-39 3
-0.792398 0.22578 0.966657 8.20541e-39 3
-0.740225 0.215155 0.921167 9.5869e-39 3
-0.712764 0.211424 0.905193 8.6653e-39 3
-0.698138 0.211424 0.905193 8.57455e-39 3
-0.695574 0.215155 0.921167 9.03588e-39 3
-0.684718 0.216428 0.926618 1.11564e-38 3
-0.754581 0.243842 1.04399 1.07872e-38 3
-0.825798 0.272958 1.16864 1.15244e-38 3
-0.98297 0.332512 1.42362 1.14326e-38 3
-1.01535 0.351696 1.50575 1.18929e-38 3
-1.0517 0.373228 1.59794 1.16163e-38 3
-1.02588 0.373228 1.59794 1.23531e-38 3
-0.942364 0.351696 1.50575 1.20776e-38 3
-0.596723 0.228602 0.97874 1.19865e-38 3
-0.580909 0.228602 0.97874 1.22631e-38 3
-0.590399 0.268944 1.15146 1.15277e-38 3
-0.563508 0.265046 1.13477 1.12515e-38 3
-0.508337 0.247138 1.0581 1.16192e-38 3
-0.484691 0.243842 1.04399 1.22645e-38 3
-0.467822 0.243842 1.04399 1.2633e-38 3
-0.447968 0.242228 1.03708 1.24486e-38 3
-0.431211 0.242228 1.03708 1.2633e-38 3
-0.411728 0.240634 1.03025 1.17106e-38 3
-0.3925 0.239061 1.02352 1.17996e-38 3
-0.375962 0.239061 1.02352 1.13393e-38 3
-0.352513 0.234464 1.00384 1.35531e-38 3
-0.332037 0.231496 0.991129 1.43829e-38 3
-0.30822 0.22578 0.966657 1.36449e-38 3
-0.287281 0.221675 0.949081 1.49342e-38 3
-0.273604 0.223027 0.954868 1.51183e-38 3
-0.252029 0.217716 0.932133 1.53952e-38 3
-0.236968 0.217716 0.932133 1.38279e-38 3
-0.228714 0.224395 0.960726 1.37353e-38 3
-0.211892 0.223027 0.954868 1.438e-38 3
-0.202641 0.23004 0.984896 1.52101e-38 3
-0.185561 0.228602 0.97874 1.40112e-38 3
-0.167652 0.22578 0.966657 1.38283e-38 3
-0.150179 0.223027 0.954868 1.33669e-38 3
-0.133934 0.221675 0.949081 1.33669e-38 3
-0.117885 0.22034 0.943364 1.40126e-38 3
-0.106492 0.228602 0.97874 1.41045e-38 3
-0.0980299 0.247138 1.0581 1.36439e-38 3
-0.0809338 0.247138 1.0581 1.37382e-38 3
-0.0670069 0.259407 1.11063 1.34631e-38 3
-0.0494125 0.26126 1.11856 1.33712e-38 3
-0.030898 0.25758 1.10281 1.29113e-38 3
-0.0120604 0.237509 1.01687 1.58616e-38 3
0.00425904 0.231496 0.991129 1.40184e-38 3
0.0202731 0.231496 0.991129 1.35585e-38 3
0.0377196 0.240634 1.03025 1.4479e-38 3
0.0621324 0.27501 1.17743 1.56758e-38 3
0.0776534 0.263139 1.12661 1.51229e-38 3
0.0958565 0.263139 1.12661 1.34641e-38 3
0.10934 0.252251 1.07999 1.27266e-38 3
0.125921 0.250523 1.07259 1.25422e-38 3
0.140367 0.245479 1.051 1.42932e-38 3
0.1563 0.243842 1.04399 1.33702e-38 3
0.173168 0.243842 1.04399 1.41077e-38 3
0.190036 0.243842 1.04399 1.3646e-38 3
0.208293 0.245479 1.051 1.41077e-38 3
0.225274 0.245479 1.051 1.36453e-38 3
0.240641 0.243842 1.04399 1.49353e-38 3
0.252459 0.239061 1.02352 1.47516e-38 3
0.26725 0.237509 1.01687 1.4936e-38 3
0.28185 0.235977 1.01031 1.50282e-38 3
0.294376 0.23297 0.997442 1.50282e-38 3
0.31654 0.237509 1.01687 1.46573e-38 3
0.361109 0.25758 1.10281 1.429e-38 3
0.407634 0.277094 1.18635 1.37368e-38 3
0.44014 0.285753 1.22343 1.3829e-38 3
0.452832 0.281357 1.2046 1.25393e-38 3
0.472295 0.281357 1.2046 1.27248e-38 3
0.473545 0.270936 1.15999 1.30014e-38 3
0.478121 0.263139 1.12661 1.21716e-38 3
0.482441 0.255779 1.09509 1.25397e-38 3
0.500134 0.255779 1.09509 1.24482e-38 3
0.578511 0.285753 1.22343 1.23567e-38 3
0.598279 0.285753 1.22343 1.11585e-38 3
0.637983 0.294971 1.26289 1.12497e-38 3
0.637814 0.285753 1.22343 1.17088e-38 3
0.657581 0.285753 1.22343 1.18932e-38 3
0.677348 0.285753 1.22343 1.23539e-38 3
0.697116 0.285753 1.22343 1.1801e-38 3
0.716883 0.285753 1.22343 1.12479e-38 3
0.73665 0.285753 1.22343 1.14323e-38 3
0.756418 0.285753 1.22343 1.07869e-38 3
0.776185 0.285753 1.22343 1.0511e-38 3
0.783707 0.281357 1.2046 1.06947e-38 3
0.80317 0.281357 1.2046 1.01415e-38 3
0.822634 0.281357 1.2046 1.08787e-38 3
0.842097 0.281357 1.2046 1.04167e-38 3
0.848506 0.277094 1.18635 1.02323e-38 3
0.854724 0.272958 1.16864 9.95604e-39 3
0.824389 0.25758 1.10281 9.5887e-39 3
0.720443 0.22034 0.943364 9.77345e-39 3
0.671009 0.200969 0.860431 8.57599e-39 3
0.670183 0.196647 0.841927 8.85186e-39 3
0.676512 0.194555 0.83297 9.49687e-39 3
0.68997 0.194555 0.83297 8.482e-39 3
0.760027 0.210209 0.899991 9.67982e-39 3
1.13405 0.281357 1.2046 7.74588e-39 3
0.972512 0.22578 0.966657 6.63952e-39 3
0.930681 0.212653 0.910456 6.36366e-39 3
0.874233 0.196647 0.841927 6.8232e-39 3
0.922556 0.204337 0.874851 7.09978e-39 3
0.952658 0.20782 0.889764 6.82319e-39 3
1.01915 0.21902 0.937715 6.36257e-39 3
1.07955 0.228602 0.97874 6.6388e-39 3
1.10923 0.231496 0.991129 6.3615e-39 3
1.12524 0.231496 0.991129 5.62393e-39 3
1.16335 0.235977 1.01031 6.45333e-39 3
1.21899 0.243842 1.04399 5.80796e-39 3
1.25256 0.247138 1.0581 5.89908e-39 3
1.26966 0.247138 1.0581 5.5303e-39 3
1.38 0.265046 1.13477 5.25443e-39 3
-1.04916 0.296262 1.18635 8.482e-39 3
-1.02999 0.296262 1.18635 9.68089e-39 3
-0.995739 0.29184 1.16864 9.86457e-39 3
-0.962491 0.287548 1.15146 9.86384e-39 3
-0.822875 0.250683 1.00384 8.84934e-39 3
-0.767307 0.238455 0.954868 1.04177e-38 3
-0.688872 0.218473 0.874851 1.0049e-38 3
-0.674737 0.218473 0.874851 1.05103e-38 3
-0.683512 0.22605 0.905193 1.07876e-38 3
-0.680691 0.230039 0.921167 1.18014e-38 3
-0.665807 0.230039 0.921167 1.14326e-38 3
-0.825798 0.29184 1.16864 1.18936e-38 3
-0.98297 0.355514 1.42362 1.2539e-38 3
-1.03526 0.383398 1.53528 1.26304e-38 3
-0.924583 0.36893 1.47734 1.15244e-38 3
-0.596723 0.244416 0.97874 1.21702e-38 3
-0.56674 0.238455 0.954868 1.23546e-38 3
-0.565095 0.244416 0.97874 1.18936e-38 3
-0.530926 0.250683 1.00384 1.22638e-38 3
-0.514707 0.250683 1.00384 1.20801e-38 3
-0.498488 0.250683 1.00384 1.19879e-38 3
-0.476163 0.24751 0.991129 1.125e-38 3
-0.460149 0.24751 0.991129 1.27252e-38 3
-0.435859 0.242898 0.972661 1.13419e-38 3
-0.428121 0.24751 0.991129 1.24471e-38 3
-0.417391 0.250683 1.00384 1.47517e-38 3
-0.398616 0.249087 0.997442 1.3368e-38 3
-0.387435 0.252301 1.01031 1.52105e-38 3
-0.366384 0.249087 0.997442 1.73313e-38 3
-0.3437 0.244416 0.97874 1.34602e-38 3
-0.319889 0.238455 0.954868 1.34606e-38 3
-0.300793 0.235582 0.943364 1.44736e-38 3
-0.28555 0.235582 0.943364 1.47491e-38 3
-0.270308 0.235582 0.943364 1.57626e-38 3
-0.249064 0.230039 0.921167 1.58558e-38 3
-0.23418 0.230039 0.921167 1.66856e-38 3
-0.230126 0.241399 0.966657 1.82511e-38 3
-0.218555 0.245953 0.984896 1.89873e-38 3
-0.202641 0.245953 0.984896 1.63147e-38 3
-0.185561 0.244416 0.97874 1.65001e-38 3
-0.167652 0.241399 0.966657 1.47502e-38 3
-0.150179 0.238455 0.954868 1.43811e-38 3
-0.133127 0.235582 0.943364 1.56696e-38 3
-0.117885 0.235582 0.943364 1.57622e-38 3
-0.102642 0.235582 0.943364 1.51168e-38 3
-0.0960823 0.258984 1.03708 1.51176e-38 3
-0.0809338 0.264234 1.0581 1.39215e-38 3
-0.0647121 0.267853 1.07259 1.3646e-38 3
-0.0467415 0.264234 1.0581 1.37382e-38 3
-0.0284904 0.253939 1.01687 1.42921e-38 3
-0.0113945 0.239918 0.960726 1.42006e-38 3
0.00393525 0.228694 0.91578 1.55854e-38 3
0.0178947 0.218473 0.874851 1.52166e-38 3
0.0327622 0.223466 0.894848 1.42946e-38 3
0.0536598 0.253939 1.01687 1.41077e-38 3
0.071012 0.25728 1.03025 1.38319e-38 3
0.0876582 0.25728 1.03025 1.28177e-38 3
0.105695 0.260711 1.04399 1.374e-38 3
0.123386 0.26246 1.051 1.39241e-38 3
0.139432 0.260711 1.04399 1.37389e-38 3
0.155265 0.258984 1.03708 1.41999e-38 3
0.172021 0.258984 1.03708 1.4291e-38 3
0.188778 0.258984 1.03708 1.40141e-38 3
0.208293 0.26246 1.051 1.39215e-38 3
0.225274 0.26246 1.051 1.50275e-38 3
0.235922 0.255599 1.02352 1.46587e-38 3
0.252459 0.255599 1.02352 1.54885e-38 3
0.263824 0.250683 1.00384 1.50275e-38 3
0.271346 0.242898 0.972661 1.39212e-38 3
0.280103 0.23701 0.949081 1.39212e-38 3
0.306586 0.245953 0.984896 1.37364e-38 3
0.351215 0.267853 1.07259 1.4197e-38 3
0.40155 0.29184 1.16864 1.41041e-38 3
0.426802 0.296262 1.18635 1.44718e-38 3
0.442617 0.294035 1.17743 1.46573e-38 3
0.458196 0.29184 1.16864 1.29999e-38 3
0.453394 0.277352 1.11063 1.24468e-38 3
0.452101 0.266031 1.0653 1.20773e-38 3
0.43942 0.249087 0.997442 1.22624e-38 3
0.441477 0.241399 0.966657 1.17106e-38 3
0.560981 0.296262 1.18635 1.2633e-38 3
0.589074 0.30082 1.2046 1.25418e-38 3
0.618046 0.30552 1.22343 1.09734e-38 3
0.637814 0.30552 1.22343 1.10642e-38 3
0.657581 0.30552 1.22343 1.11564e-38 3
0.677348 0.30552 1.22343 1.1894e-38 3
0.697116 0.30552 1.22343 1.21705e-38 3
0.716883 0.30552 1.22343 1.1894e-38 3
0.725317 0.30082 1.2046 1.13408e-38 3
0.733496 0.296262 1.18635 1.1433e-38 3
0.752664 0.296262 1.18635 1.13408e-38 3
0.771833 0.296262 1.18635 1.13408e-38 3
0.791001 0.296262 1.18635 1.10635e-38 3
0.81017 0.296262 1.18635 1.06018e-38 3
0.829338 0.296262 1.18635 1.04167e-38 3
0.848506 0.296262 1.18635 1.06932e-38 3
0.867675 0.296262 1.18635 1.06021e-38 3
0.836166 0.279333 1.11856 1.07865e-38 3
0.729229 0.238455 0.954868 1.06025e-38 3
0.671009 0.214871 0.860431 9.68054e-39 3
0.670183 0.21025 0.841927 9.12737e-39 3
0.676512 0.208014 0.83297 1.0233e-38 3
0.68997 0.208014 0.83297 8.9419e-39 3
0.710993 0.21025 0.841927 8.75715e-39 3
0.774568 0.224751 0.899991 9.7713e-39 3
0.827139 0.235582 0.943364 9.49543e-39 3
1.13405 0.30082 1.2046 7.83699e-39 3
1.10262 0.287548 1.15146 8.482e-39 3
1.10497 0.283381 1.13477 8.482e-39 3
1.10726 0.279333 1.11856 6.63845e-39 3
0.926746 0.230039 0.921167 6.17747e-39 3
0.94163 0.230039 0.921167 6.82392e-39 3
0.945391 0.227364 0.910456 6.54625e-39 3
0.878391 0.208014 0.83297 7.09978e-39 3
0.896619 0.209126 0.837425 7.83735e-39 3
0.967034 0.222197 0.889764 5.99343e-39 3
1.07955 0.244416 0.97874 6.36222e-39 3
1.10225 0.245953 0.984896 7.37565e-39 3
1.11817 0.245953 0.984896 7.00687e-39 3
1.20213 0.260711 1.04399 6.91431e-39 3
1.28767 0.275399 1.10281 6.17674e-39 3
1.36308 0.287548 1.15146 7.4664e-39 3
1.38169 0.287548 1.15146 5.25371e-39 3
1.42119 0.29184 1.16864 6.17639e-39 3
-1.0335 0.310723 1.16864 9.86457e-39 3
-0.995739 0.310723 1.16864 1.05089e-38 3
-0.861176 0.273926 1.03025 1.01397e-38 3
-0.697655 0.226287 0.851078 1.03245e-38 3
-0.683904 0.226287 0.851078 1.08787e-38 3
-0.673815 0.227524 0.855729 1.06025e-38 3
-0.659988 0.227524 0.855729 1.05103e-38 3
-0.664313 0.233915 0.879766 1.04181e-38 3
-0.665043 0.239292 0.899991 1.09709e-38 3
-0.646784 0.237925 0.894848 1.11557e-38 3
-0.63596 0.239292 0.899991 1.1617e-38 3
-0.583368 0.247838 0.932133 1.13404e-38 3
-0.568307 0.247838 0.932133 1.1156e-38 3
-0.553246 0.247838 0.932133 1.17092e-38 3
-0.538186 0.247838 0.932133 1.16163e-38 3
-0.529427 0.250824 0.943364 1.14326e-38 3
-0.520456 0.253883 0.954868 1.18936e-38 3
-0.505027 0.253883 0.954868 1.17106e-38 3
-0.495644 0.257017 0.966657 1.16184e-38 3
-0.480025 0.257017 0.966657 1.20794e-38 3
-0.464406 0.257017 0.966657 1.06047e-38 3
-0.448788 0.257017 0.966657 1.25408e-38 3
-0.427886 0.253883 0.954868 1.20791e-38 3
-0.412458 0.253883 0.954868 1.21713e-38 3
-0.389898 0.249322 0.937715 1.43829e-38 3
-0.365981 0.24349 0.91578 1.43822e-38 3
-0.363954 0.252344 0.949081 1.46577e-38 3
-0.357281 0.258614 0.972661 1.29989e-38 3
-0.333285 0.252344 0.949081 1.29996e-38 3
-0.312273 0.247838 0.932133 1.29999e-38 3
-0.297212 0.247838 0.932133 1.51197e-38 3
-0.282151 0.247838 0.932133 1.58562e-38 3
-0.26551 0.246372 0.926618 1.43807e-38 3
-0.247608 0.24349 0.91578 1.39201e-38 3
-0.232811 0.24349 0.91578 1.38275e-38 3
-0.224581 0.250824 0.943364 1.41938e-38 3
-0.21584 0.258614 0.972661 1.76944e-38 3
-0.201375 0.26023 0.97874 1.57597e-38 3
-0.18327 0.257017 0.966657 1.66834e-38 3
-0.165607 0.253883 0.954868 1.52097e-38 3
-0.148369 0.250824 0.943364 1.41045e-38 3
-0.133127 0.250824 0.943364 1.53023e-38 3
-0.116481 0.247838 0.932133 1.57622e-38 3
-0.101421 0.247838 0.932133 1.50239e-38 3
-0.0858487 0.246372 0.926618 1.53009e-38 3
-0.0721578 0.250824 0.943364 1.46555e-38 3
-0.0590498 0.26023 0.97874 1.41974e-38 3
-0.0393054 0.236573 0.889764 1.38293e-38 3
-0.0269173 0.255441 0.960726 1.44751e-38 3
-0.010376 0.232608 0.874851 1.50286e-38 3
0.0036772 0.227524 0.855729 1.43847e-38 3
0.0174084 0.226287 0.851078 1.42939e-38 3
0.0313299 0.227524 0.855729 1.27266e-38 3
0.0456553 0.230038 0.865185 1.27248e-38 3
0.0589827 0.227524 0.855729 1.34624e-38 3
0.072809 0.227524 0.855729 1.47531e-38 3
0.092176 0.242074 0.910456 1.3278e-38 3
0.116358 0.263524 0.991129 1.40155e-38 3
0.137597 0.273926 1.03025 1.51219e-38 3
0.154243 0.273926 1.03025 1.43832e-38 3
0.170889 0.273926 1.03025 1.40137e-38 3
0.187536 0.273926 1.03025 1.58562e-38 3
0.204182 0.273926 1.03025 1.68696e-38 3
0.21796 0.270369 1.01687 1.46577e-38 3
0.23439 0.270369 1.01687 1.44744e-38 3
0.246027 0.265203 0.997442 1.46577e-38 3
0.262143 0.265203 0.997442 1.48413e-38 3
0.258501 0.246372 0.926618 1.5119e-38 3
0.273473 0.246372 0.926618 1.48431e-38 3
0.291899 0.249322 0.937715 1.48421e-38 3
0.326608 0.265203 0.997442 1.50261e-38 3
0.342724 0.265203 0.997442 1.4564e-38 3
0.36347 0.268625 1.01031 1.29963e-38 3
0.384759 0.272136 1.02352 1.27201e-38 3
0.401296 0.272136 1.02352 1.3274e-38 3
0.412442 0.268625 1.01031 1.39187e-38 3
0.426018 0.266903 1.00384 1.30885e-38 3
0.423245 0.255441 0.960726 1.17085e-38 3
0.428259 0.249322 0.937715 1.18929e-38 3
0.500334 0.28133 1.0581 1.15245e-38 3
0.510531 0.277579 1.04399 1.1895e-38 3
0.541849 0.285184 1.07259 1.1895e-38 3
0.559179 0.285184 1.07259 1.10642e-38 3
0.576509 0.285184 1.07259 1.17096e-38 3
0.59384 0.285184 1.07259 1.13404e-38 3
0.628386 0.293217 1.10281 1.18014e-38 3
0.646204 0.293217 1.10281 1.18014e-38 3
0.664023 0.293217 1.10281 1.17092e-38 3
0.636983 0.273926 1.03025 1.15248e-38 3
0.662345 0.277579 1.04399 1.22627e-38 3
0.679213 0.277579 1.04399 1.18018e-38 3
0.705487 0.28133 1.0581 1.15252e-38 3
0.786341 0.306153 1.15146 1.07869e-38 3
0.81696 0.310723 1.16864 1.06936e-38 3
0.835842 0.310723 1.16864 1.10628e-38 3
0.854724 0.310723 1.16864 1.10627e-38 3
0.873607 0.310723 1.16864 1.05099e-38 3
0.738231 0.257017 0.966657 1.02334e-38 3
0.671009 0.228774 0.860431 9.12736e-39 3
0.670183 0.223854 0.841927 9.40395e-39 3
0.676512 0.221472 0.83297 9.58763e-39 3
0.68997 0.221472 0.83297 8.85006e-39 3
0.710993 0.223854 0.841927 8.57276e-39 3
0.757162 0.233915 0.879766 8.47948e-39 3
0.798285 0.242074 0.910456 8.94082e-39 3
0.812996 0.242074 0.910456 8.48128e-39 3
1.08919 0.297406 1.11856 8.75787e-39 3
0.776093 0.205107 0.771421 5.99236e-39 3
0.792461 0.206123 0.77524 6.54626e-39 3
0.808992 0.207148 0.779097 6.82284e-39 3
0.813485 0.205107 0.771421 7.00723e-39 3
0.851105 0.211354 0.794916 6.8232e-39 3
1.02529 0.250824 0.943364 6.45406e-39 3
1.07955 0.26023 0.97874 6.73064e-39 3
-0.75266 0.240038 0.851078 1.05099e-38 3
-0.738909 0.240038 0.851078 1.07854e-38 3
-0.61206 0.202601 0.718341 1.05089e-38 3
-0.600453 0.202601 0.718341 1.08773e-38 3
-0.629258 0.216505 0.767639 1.08776e-38 3
-0.635547 0.223066 0.790901 1.06021e-38 3
-0.652424 0.233688 0.828563 1.06947e-38 3
-0.642435 0.234931 0.83297 9.6809e-39 3
-0.64265 0.240038 0.851078 9.86493e-39 3
-0.642875 0.245372 0.869991 1.06943e-38 3
-0.628818 0.245372 0.869991 1.14319e-38 3
-0.621668 0.248129 0.879766 1.06025e-38 3
-0.607454 0.248129 0.879766 1.11557e-38 3
-0.593239 0.248129 0.879766 1.08784e-38 3
-0.560143 0.240038 0.851078 1.13393e-38 3
-0.523625 0.230037 0.815617 1.14323e-38 3
-0.510447 0.230037 0.815617 1.09713e-38 3
-0.497269 0.230037 0.815617 1.07872e-38 3
-0.510689 0.242676 0.860431 1.18007e-38 3
-0.519627 0.253834 0.899991 1.09709e-38 3
-0.510959 0.256785 0.910456 1.03263e-38 3
-0.502087 0.259806 0.921167 9.68125e-39 3
-0.493003 0.262899 0.932133 1.12486e-38 3
-0.477942 0.262899 0.932133 1.18943e-38 3
-0.474171 0.269311 0.954868 1.14341e-38 3
-0.458743 0.269311 0.954868 1.08812e-38 3
-0.395128 0.240038 0.851078 1.09734e-38 3
-0.379316 0.238741 0.846478 1.13433e-38 3
-0.407489 0.266066 0.943364 1.14344e-38 3
-0.350069 0.237457 0.841927 1.1433e-38 3
-0.336466 0.237457 0.841927 1.20776e-38 3
-0.349142 0.256785 0.910456 1.21698e-38 3
-0.344445 0.264473 0.937715 1.15252e-38 3
-0.331277 0.266066 0.943364 1.3001e-38 3
-0.30501 0.256785 0.910456 1.31847e-38 3
-0.291997 0.258287 0.91578 1.30925e-38 3
-0.280481 0.261343 0.926618 1.38293e-38 3
-0.260879 0.256785 0.910456 1.44743e-38 3
-0.23787 0.248129 0.879766 1.58576e-38 3
-0.222406 0.246743 0.874851 1.58566e-38 3
-0.216747 0.256785 0.910456 1.70511e-38 3
-0.205623 0.261343 0.926618 1.70497e-38 3
-0.190651 0.261343 0.926618 1.76036e-38 3
-0.175679 0.261343 0.926618 1.62214e-38 3
-0.159762 0.259806 0.921167 1.44707e-38 3
-0.144878 0.259806 0.921167 1.5303e-38 3
-0.130764 0.261343 0.926618 1.44733e-38 3
-0.113115 0.255301 0.905193 1.44729e-38 3
-0.0973637 0.252383 0.894848 1.6131e-38 3
-0.0819685 0.249531 0.884737 1.52991e-38 3
-0.0672932 0.248129 0.879766 1.53905e-38 3
-0.0492082 0.230037 0.815617 1.53012e-38 3
-0.0356585 0.227665 0.807208 1.53027e-38 3
-0.0225001 0.226498 0.803069 1.4197e-38 3
-0.00967342 0.230037 0.815617 1.32765e-38 3
0.0035794 0.234931 0.83297 1.4568e-38 3
0.017038 0.234931 0.83297 1.53063e-38 3
0.0308246 0.237457 0.841927 1.27248e-38 3
0.0454044 0.242676 0.860431 1.36464e-38 3
0.0586621 0.240038 0.851078 1.29081e-38 3
0.0724133 0.240038 0.851078 1.29081e-38 3
0.0875927 0.244017 0.865185 1.32769e-38 3
0.105658 0.253834 0.899991 1.41067e-38 3
0.123028 0.259806 0.921167 1.36467e-38 3
0.139553 0.262899 0.932133 1.5674e-38 3
0.157425 0.267679 0.949081 1.4935e-38 3
0.17276 0.267679 0.949081 1.61321e-38 3
0.185842 0.264473 0.937715 1.48395e-38 3
0.198615 0.261343 0.926618 1.41038e-38 3
0.213586 0.261343 0.926618 1.44744e-38 3
0.227214 0.259806 0.921167 1.5303e-38 3
0.240681 0.258287 0.91578 1.46569e-38 3
0.252525 0.255301 0.905193 1.51186e-38 3
0.268703 0.256785 0.910456 1.40134e-38 3
0.286748 0.259806 0.921167 1.51186e-38 3
0.303417 0.261343 0.926618 1.53949e-38 3
0.318388 0.261343 0.926618 1.4564e-38 3
0.339385 0.266066 0.943364 1.43789e-38 3
0.37024 0.27778 0.984896 1.44718e-38 3
0.386153 0.27778 0.984896 1.35506e-38 3
0.380527 0.262899 0.932133 1.44711e-38 3
0.40278 0.267679 0.949081 1.40101e-38 3
0.405818 0.259806 0.921167 1.33669e-38 3
0.399549 0.246743 0.874851 1.25368e-38 3
0.406865 0.242676 0.860431 1.29067e-38 3
0.472714 0.272636 0.966657 1.26304e-38 3
0.488333 0.272636 0.966657 1.11564e-38 3
0.503951 0.272636 0.966657 1.16174e-38 3
0.539554 0.283122 1.00384 1.1433e-38 3
0.555773 0.283122 1.00384 1.08794e-38 3
0.571992 0.283122 1.00384 1.08798e-38 3
0.580766 0.279538 0.991129 1.07873e-38 3
0.58932 0.276044 0.97874 1.09716e-38 3
0.597663 0.272636 0.966657 1.08794e-38 3
0.534149 0.237457 0.841927 1.18936e-38 3
0.544823 0.236187 0.837425 1.13415e-38 3
0.644519 0.272636 0.966657 1.0972e-38 3
0.712949 0.294447 1.04399 1.1156e-38 3
0.729817 0.294447 1.04399 1.13393e-38 3
0.854724 0.329605 1.16864 1.18007e-38 3
0.760151 0.286799 1.01687 1.11553e-38 3
0.729229 0.269311 0.954868 1.06943e-38 3
0.671009 0.242676 0.860431 9.95749e-39 3
0.670183 0.237457 0.841927 9.12809e-39 3
0.676512 0.234931 0.83297 1.00493e-38 3
0.68997 0.234931 0.83297 1.01415e-38 3
0.710993 0.237457 0.841927 1.03256e-38 3
0.732472 0.240038 0.851078 1.07858e-38 3
0.771377 0.248129 0.879766 9.7713e-39 3
0.803651 0.253834 0.899991 8.94153e-39 3
0.818193 0.253834 0.899991 8.57348e-39 3
0.896979 0.259806 0.921167 8.0203e-39 3
0.724377 0.206388 0.731768 8.48164e-39 3
0.768521 0.215449 0.763895 7.92847e-39 3
0.792461 0.218649 0.77524 7.65189e-39 3
0.808992 0.219737 0.779097 5.71649e-39 3
0.817513 0.218649 0.77524 6.45406e-39 3
0.846807 0.223066 0.790901 7.09943e-39 3
1.0506 0.272636 0.966657 6.26931e-39 3
-0.75266 0.253789 0.851078 8.85041e-39 3
-0.635323 0.218212 0.731768 8.20432e-39 3
-0.61206 0.214208 0.718341 8.29616e-39 3
-0.60322 0.215195 0.721652 9.21776e-39 3
-0.611279 0.222368 0.745707 9.2192e-39 3
-0.613845 0.227792 0.763895 9.77346e-39 3
-0.61654 0.233486 0.782992 9.31212e-39 3
-0.609989 0.235845 0.790901 9.31212e-39 3
-0.606398 0.239473 0.803069 9.68054e-39 3
-0.646466 0.260879 0.874851 1.05099e-38 3
-0.632331 0.260879 0.874851 1.1523e-38 3
-0.628733 0.265325 0.889764 1.07865e-38 3
-0.607454 0.262344 0.879766 9.95713e-39 3
-0.495758 0.219236 0.735204 1.10635e-38 3
-0.481618 0.218212 0.731768 1.00493e-38 3
-0.461175 0.214208 0.718341 1.02341e-38 3
-0.449568 0.214208 0.718341 1.12479e-38 3
-0.4822 0.235845 0.790901 1.14323e-38 3
-0.484091 0.243215 0.815617 1.08787e-38 3
-0.470912 0.243215 0.815617 1.09709e-38 3
-0.4725 0.251061 0.841927 9.95748e-39 3
-0.468982 0.256578 0.860431 1.10638e-38 3
-0.465306 0.262344 0.879766 1.13408e-38 3
-0.466827 0.271496 0.910456 1.10653e-38 3
-0.452117 0.271496 0.910456 1.19872e-38 3
-0.437406 0.271496 0.910456 1.14341e-38 3
-0.380647 0.244488 0.819887 1.11578e-38 3
-0.3674 0.244488 0.819887 1.15273e-38 3
-0.352308 0.243215 0.815617 1.20794e-38 3
-0.337373 0.241955 0.811391 1.23549e-38 3
-0.322591 0.240708 0.807208 1.20791e-38 3
-0.311153 0.241955 0.811391 1.2078e-38 3
-0.334432 0.271496 0.910456 1.32769e-38 3
-0.319721 0.271496 0.910456 1.28159e-38 3
-0.277576 0.247075 0.828563 1.36457e-38 3
-0.264188 0.247075 0.828563 1.38297e-38 3
-0.257616 0.253789 0.851078 1.38301e-38 3
-0.249284 0.259429 0.869991 1.36457e-38 3
-0.231371 0.255176 0.855729 1.47509e-38 3
-0.217545 0.255176 0.855729 1.39197e-38 3
-0.210624 0.263826 0.884737 1.6221e-38 3
-0.203218 0.273083 0.91578 1.62199e-38 3
-0.187326 0.271496 0.910456 1.60363e-38 3
-0.171617 0.269926 0.905193 1.64962e-38 3
-0.155197 0.266842 0.894848 1.68664e-38 3
-0.141548 0.268375 0.899991 1.57622e-38 3
-0.127006 0.268375 0.899991 1.49328e-38 3
-0.110559 0.263826 0.884737 1.41023e-38 3
-0.095188 0.260879 0.874851 1.44715e-38 3
-0.080157 0.257996 0.865185 1.53001e-38 3
-0.0658143 0.256578 0.860431 1.53898e-38 3
-0.0474772 0.23466 0.786927 1.55746e-38 3
-0.0347625 0.23466 0.786927 1.57615e-38 3
-0.0221592 0.235845 0.790901 1.51172e-38 3
-0.00947601 0.238251 0.798972 1.54871e-38 3
0.00350483 0.243215 0.815617 1.5119e-38 3
0.0167704 0.244488 0.819887 1.48435e-38 3
0.0303353 0.247075 0.828563 1.429e-38 3
0.0459089 0.259429 0.869991 1.41981e-38 3
0.0580313 0.251061 0.841927 1.56729e-38 3
0.0712516 0.249718 0.837425 1.44747e-38 3
0.085238 0.251061 0.841927 1.51204e-38 3
0.103284 0.262344 0.879766 1.54896e-38 3
0.117498 0.262344 0.879766 1.5029e-38 3
0.12953 0.257996 0.865185 1.41992e-38 3
0.145928 0.262344 0.879766 1.48435e-38 3
0.166698 0.273083 0.91578 1.53945e-38 3
0.17242 0.259429 0.869991 1.59462e-38 3
0.186477 0.259429 0.869991 1.76994e-38 3
0.197246 0.255176 0.855729 1.4197e-38 3
0.212232 0.256578 0.860431 1.41974e-38 3
0.227384 0.257996 0.865185 1.54867e-38 3
0.242704 0.259429 0.869991 1.55796e-38 3
0.256761 0.259429 0.869991 1.43814e-38 3
0.272331 0.260879 0.874851 1.37353e-38 3
0.284875 0.259429 0.869991 1.27212e-38 3
0.29728 0.257996 0.865185 1.44733e-38 3
0.311259 0.257996 0.865185 1.44729e-38 3
0.346283 0.27469 0.921167 1.38268e-38 3
0.369869 0.281309 0.943364 1.35513e-38 3
0.34556 0.252418 0.846478 1.40105e-38 3
0.357305 0.251061 0.841927 1.46555e-38 3
0.370909 0.251061 0.841927 1.35513e-38 3
0.384512 0.251061 0.841927 1.30911e-38 3
0.398115 0.251061 0.841927 1.309e-38 3
0.409517 0.249718 0.837425 1.26304e-38 3
0.423048 0.249718 0.837425 1.27237e-38 3
0.45105 0.257996 0.865185 1.1801e-38 3
0.486534 0.269926 0.905193 1.08791e-38 3
0.504073 0.271496 0.910456 1.08791e-38 3
0.518784 0.271496 0.910456 1.14326e-38 3
0.527362 0.268375 0.899991 1.14323e-38 3
0.532719 0.263826 0.884737 1.06029e-38 3
0.526204 0.253789 0.851078 1.06025e-38 3
0.534149 0.251061 0.841927 1.17089e-38 3
0.541925 0.24839 0.83297 1.07869e-38 3
0.552445 0.247075 0.828563 1.04188e-38 3
0.562855 0.245775 0.824202 1.12482e-38 3
0.57922 0.247075 0.828563 1.11557e-38 3
0.592608 0.247075 0.828563 1.08791e-38 3
0.609218 0.24839 0.83297 1.16167e-38 3
0.626007 0.249718 0.837425 1.10635e-38 3
0.664408 0.259429 0.869991 1.06947e-38 3
0.656579 0.251061 0.841927 1.0788e-38 3
0.670183 0.251061 0.841927 1.04185e-38 3
0.683786 0.251061 0.841927 1.04181e-38 3
0.68997 0.24839 0.83297 9.31176e-39 3
0.710993 0.251061 0.841927 9.03517e-39 3
0.716888 0.24839 0.83297 8.38981e-39 3
0.730346 0.24839 0.83297 9.3114e-39 3
0.743805 0.24839 0.83297 9.49543e-39 3
0.741487 0.243215 0.815617 9.12701e-39 3
0.754665 0.243215 0.815617 9.03482e-39 3
0.676266 0.214208 0.718341 9.21849e-39 3
0.687872 0.214208 0.718341 8.84899e-39 3
0.705956 0.216191 0.724993 8.75787e-39 3
0.721008 0.217197 0.728365 8.29689e-39 3
0.761096 0.225591 0.756514 7.2831e-39 3
0.792461 0.231175 0.77524 7.83628e-39 3
1.00375 0.288255 0.966657 6.72993e-39 3
1.01937 0.288255 0.966657 6.45334e-39 3
1.03499 0.288255 0.966657 6.91504e-39 3
-0.577039 0.205115 0.652493 8.20505e-39 3
-0.581022 0.210374 0.669224 8.75714e-39 3
-0.601031 0.221745 0.705398 9.12593e-39 3
-0.597711 0.224783 0.715061 8.94153e-39 3
-0.597063 0.228965 0.728365 9.12737e-39 3
-0.59079 0.231115 0.735204 8.11393e-39 3
-0.578911 0.231115 0.735204 9.03517e-39 3
-0.603889 0.246137 0.782992 9.58763e-39 3
-0.591238 0.246137 0.782992 1.02334e-38 3
-0.587398 0.249886 0.794916 1.02333e-38 3
-0.615148 0.267541 0.851078 9.86349e-39 3
-0.621668 0.276559 0.879766 1.03255e-38 3
-0.510032 0.232205 0.738672 1.09713e-38 3
-0.495758 0.231115 0.735204 1.04181e-38 3
-0.479378 0.228965 0.728365 1.05103e-38 3
-0.459069 0.224783 0.715061 1.01415e-38 3
-0.447515 0.224783 0.715061 9.49615e-39 3
-0.468018 0.241311 0.767639 9.31104e-39 3
-0.455615 0.241311 0.767639 9.86457e-39 3
-0.407276 0.221745 0.705398 1.04177e-38 3
-0.399477 0.223761 0.711811 1.03263e-38 3
-0.387976 0.223761 0.711811 1.00497e-38 3
-0.431378 0.256393 0.815617 1.25393e-38 3
-0.451091 0.276559 0.879766 1.34613e-38 3
-0.44692 0.282917 0.899991 1.31847e-38 3
-0.432378 0.282917 0.899991 1.14337e-38 3
-0.365345 0.247374 0.786927 1.15259e-38 3
-0.35621 0.249886 0.794916 1.15266e-38 3
-0.343366 0.249886 0.794916 1.30003e-38 3
-0.330522 0.249886 0.794916 1.18932e-38 3
-0.316074 0.248624 0.790901 1.27234e-38 3
-0.301771 0.247374 0.786927 1.31843e-38 3
-0.312621 0.267541 0.851078 1.30003e-38 3
-0.269569 0.241311 0.767639 1.35528e-38 3
-0.247461 0.232205 0.738672 1.3645e-38 3
-0.233325 0.230035 0.731768 1.32758e-38 3
-0.233504 0.2425 0.771421 1.38293e-38 3
-0.227772 0.249886 0.794916 1.41059e-38 3
-0.214928 0.249886 0.794916 1.3368e-38 3
-0.202085 0.249886 0.794916 1.53027e-38 3
-0.178375 0.235538 0.749275 1.59434e-38 3
-0.163916 0.232205 0.738672 1.60348e-38 3
-0.151981 0.232205 0.738672 1.50207e-38 3
-0.140046 0.232205 0.738672 1.63096e-38 3
-0.149228 0.270481 0.860431 1.60341e-38 3
-0.135326 0.270481 0.860431 1.5298e-38 3
-0.120104 0.267541 0.851078 1.56682e-38 3
-0.106353 0.267541 0.851078 1.50236e-38 3
-0.0916056 0.264664 0.841927 1.41949e-38 3
-0.0780023 0.264664 0.841927 1.39183e-38 3
-0.0578657 0.237814 0.756514 1.44697e-38 3
-0.0454229 0.236671 0.752877 1.5759e-38 3
-0.0335813 0.238968 0.760186 1.64051e-38 3
-0.0218285 0.244913 0.779097 1.75132e-38 3
-0.00928649 0.246137 0.782992 1.70519e-38 3
0.00339862 0.248624 0.790901 1.53927e-38 3
0.0165111 0.25375 0.807208 1.43789e-38 3
0.0308246 0.264664 0.841927 1.49325e-38 3
0.044428 0.264664 0.841927 1.54867e-38 3
0.0565122 0.257736 0.819887 1.55789e-38 3
0.0686807 0.25375 0.807208 1.56711e-38 3
0.0834436 0.259092 0.824202 1.60413e-38 3
0.0977899 0.261848 0.83297 1.55811e-38 3
0.114916 0.270481 0.860431 1.5397e-38 3
0.128818 0.270481 0.860431 1.50283e-38 3
0.141169 0.267541 0.851078 1.41981e-38 3
0.154921 0.267541 0.851078 1.48417e-38 3
0.168672 0.267541 0.851078 1.54867e-38 3
0.181437 0.266095 0.846478 1.40119e-38 3
0.195114 0.266095 0.846478 1.33684e-38 3
0.207668 0.264664 0.841927 1.3645e-38 3
0.221272 0.264664 0.841927 1.30911e-38 3
0.236145 0.266095 0.846478 1.26308e-38 3
0.249821 0.266095 0.846478 1.34606e-38 3
0.26493 0.267541 0.851078 1.3552e-38 3
0.274211 0.263249 0.837425 1.41052e-38 3
0.277359 0.25375 0.807208 1.32755e-38 3
0.285979 0.249886 0.794916 1.23535e-38 3
0.291426 0.2437 0.77524 1.31822e-38 3
0.305464 0.244913 0.779097 1.38286e-38 3
0.331236 0.255065 0.811391 1.37354e-38 3
0.339075 0.251161 0.798972 1.33666e-38 3
0.346678 0.247374 0.786927 1.43807e-38 3
0.361208 0.248624 0.790901 1.4474e-38 3
0.377803 0.251161 0.798972 1.36432e-38 3
0.384822 0.247374 0.786927 1.32744e-38 3
0.39555 0.246137 0.782992 1.24464e-38 3
0.408201 0.246137 0.782992 1.28145e-38 3
0.443002 0.259092 0.824202 1.29989e-38 3
0.479009 0.271975 0.865185 1.30918e-38 3
0.498496 0.275014 0.874851 1.23542e-38 3
0.509783 0.273486 0.869991 1.25379e-38 3
0.520946 0.271975 0.865185 1.26301e-38 3
0.526204 0.267541 0.851078 1.18925e-38 3
0.534149 0.264664 0.841927 1.13393e-38 3
0.539058 0.260463 0.828563 1.06025e-38 3
0.552445 0.260463 0.828563 1.03259e-38 3
0.556992 0.256393 0.815617 1.08784e-38 3
0.57017 0.256393 0.815617 1.1155e-38 3
0.574373 0.252449 0.803069 1.14315e-38 3
0.584352 0.251161 0.798972 1.14323e-38 3
0.597262 0.251161 0.798972 1.13401e-38 3
0.642976 0.264664 0.841927 1.1156e-38 3
0.656579 0.264664 0.841927 1.0972e-38 3
0.670183 0.264664 0.841927 1.20783e-38 3
0.683786 0.264664 0.841927 1.14323e-38 3
0.68997 0.261848 0.83297 1.08791e-38 3
0.703429 0.261848 0.83297 1.04185e-38 3
0.701952 0.256393 0.815617 8.94334e-39 3
0.715131 0.256393 0.815617 7.37601e-39 3
0.728309 0.256393 0.815617 8.02138e-39 3
0.741487 0.256393 0.815617 8.11394e-39 3
0.746885 0.25375 0.807208 8.75859e-39 3
0.679382 0.226855 0.721652 8.482e-39 3
0.687872 0.225814 0.718341 8.66567e-39 3
0.702702 0.226855 0.721652 7.65188e-39 3
0.721008 0.228965 0.728365 8.20506e-39 3
0.743146 0.232205 0.738672 8.5742e-39 3
0.96432 0.296551 0.943364 7.56004e-39 3
1.00375 0.303873 0.966657 7.46713e-39 3
1.01937 0.303873 0.966657 6.72957e-39 3
-0.577039 0.215657 0.652493 7.92846e-39 3
-0.581022 0.221187 0.669224 9.31031e-39 3
-0.587793 0.228008 0.689861 8.84934e-39 3
-0.589634 0.233143 0.705398 7.83519e-39 3
-0.59156 0.238515 0.721652 8.02102e-39 3
-0.582585 0.239619 0.724993 7.56004e-39 3
-0.56824 0.238515 0.721652 8.1125e-39 3
-0.561758 0.240734 0.728365 9.95569e-39 3
-0.565778 0.247645 0.749275 1.04167e-38 3
-0.553672 0.247645 0.749275 1.0417e-38 3
-0.589517 0.269571 0.815617 1.05089e-38 3
-0.564576 0.26407 0.798972 1.08787e-38 3
-0.51984 0.248835 0.752877 1.08791e-38 3
-0.498097 0.24414 0.738672 1.00493e-38 3
-0.479378 0.240734 0.728365 1.03259e-38 3
-0.459069 0.236337 0.715061 1.0694e-38 3
-0.445481 0.235262 0.711811 1.0233e-38 3
-0.422458 0.229016 0.692913 1.0233e-38 3
-0.411263 0.229016 0.692913 1.1062e-38 3
-0.400067 0.229016 0.692913 1.17085e-38 3
-0.3906 0.230034 0.695993 1.24468e-38 3
-0.381048 0.231061 0.6991 1.23546e-38 3
-0.376475 0.235262 0.711811 1.30003e-38 3
-0.366641 0.236337 0.715061 1.19862e-38 3
-0.356716 0.237421 0.718341 1.29081e-38 3
-0.408879 0.281292 0.851078 1.30929e-38 3
-0.354652 0.252477 0.763895 1.20791e-38 3
-0.354411 0.261403 0.790901 1.22635e-38 3
-0.359804 0.275307 0.83297 1.19862e-38 3
-0.327201 0.260089 0.786927 1.18932e-38 3
-0.312913 0.258789 0.782992 1.14326e-38 3
-0.295825 0.254964 0.771421 1.26322e-38 3
-0.268796 0.241858 0.731768 1.39223e-38 3
-0.254593 0.239619 0.724993 1.38293e-38 3
-0.242879 0.239619 0.724993 1.30914e-38 3
-0.231165 0.239619 0.724993 1.29978e-38 3
-0.222542 0.242994 0.735204 1.4935e-38 3
-0.212659 0.245297 0.742173 1.45669e-38 3
-0.206541 0.252477 0.763895 1.41056e-38 3
-0.191397 0.248835 0.752877 1.40116e-38 3
-0.172595 0.239619 0.724993 1.56668e-38 3
-0.160139 0.238515 0.721652 1.52044e-38 3
-0.148479 0.238515 0.721652 1.66799e-38 3
-0.138092 0.240734 0.728365 1.80606e-38 3
-0.126914 0.241858 0.731768 1.87975e-38 3
-0.114025 0.239619 0.724993 1.70472e-38 3
-0.103752 0.242994 0.735204 1.73263e-38 3
-0.0998412 0.26407 0.798972 1.52998e-38 3
-0.0831153 0.252477 0.763895 1.55775e-38 3
-0.0690877 0.246465 0.745707 1.5209e-38 3
-0.0565009 0.24414 0.738672 1.64072e-38 3
-0.0443567 0.242994 0.735204 1.72341e-38 3
-0.0329417 0.246465 0.745707 1.67738e-38 3
-0.0217204 0.256226 0.77524 1.65909e-38 3
-0.00924028 0.257501 0.779097 1.6498e-38 3
0.0034687 0.266792 0.807208 1.59437e-38 3
0.0165111 0.266792 0.807208 1.53905e-38 3
0.0295535 0.266792 0.807208 1.52072e-38 3
0.0425959 0.266792 0.807208 1.53005e-38 3
0.055353 0.265424 0.803069 1.66831e-38 3
0.0683285 0.265424 0.803069 1.76976e-38 3
0.0834436 0.272409 0.824202 1.53949e-38 3
0.0972725 0.27385 0.828563 1.49357e-38 3
0.113053 0.279771 0.846478 1.53041e-38 3
0.127418 0.281292 0.851078 1.45673e-38 3
0.140406 0.279771 0.846478 1.47513e-38 3
0.152435 0.276779 0.837425 1.52105e-38 3
0.163345 0.272409 0.824202 1.41038e-38 3
0.176662 0.272409 0.824202 1.37368e-38 3
0.189979 0.272409 0.824202 1.34609e-38 3
0.200136 0.268175 0.811391 1.38297e-38 3
0.212147 0.266792 0.807208 1.32762e-38 3
0.22064 0.261403 0.790901 1.32765e-38 3
0.233419 0.261403 0.790901 1.30932e-38 3
0.249986 0.265424 0.803069 1.26312e-38 3
0.257675 0.260089 0.786927 1.31847e-38 3
0.2677 0.257501 0.779097 1.22624e-38 3
0.2789 0.256226 0.77524 1.12479e-38 3
0.288569 0.253714 0.767639 1.22617e-38 3
0.299504 0.252477 0.763895 1.23539e-38 3
0.311847 0.252477 0.763895 1.24461e-38 3
0.322615 0.251251 0.760186 1.25379e-38 3
0.334898 0.251251 0.760186 1.27223e-38 3
0.350584 0.253714 0.767639 1.22617e-38 3
0.366581 0.256226 0.77524 1.22602e-38 3
0.37724 0.254964 0.771421 1.32737e-38 3
0.389704 0.254964 0.771421 1.45662e-38 3
0.402168 0.254964 0.771421 1.39201e-38 3
0.414632 0.254964 0.771421 1.36442e-38 3
0.468652 0.279771 0.846478 1.26301e-38 3
0.495727 0.287543 0.869991 1.15245e-38 3
0.506967 0.285954 0.865185 1.22609e-38 3
0.520946 0.285954 0.865185 1.22606e-38 3
0.526204 0.281292 0.851078 1.1984e-38 3
0.531292 0.276779 0.837425 1.17992e-38 3
0.536221 0.272409 0.824202 1.13393e-38 3
0.543813 0.269571 0.815617 1.18925e-38 3
0.551249 0.266792 0.807208 1.16149e-38 3
0.564292 0.266792 0.807208 1.10617e-38 3
0.571443 0.26407 0.798972 1.06929e-38 3
0.575543 0.260089 0.786927 1.01408e-38 3
0.588258 0.260089 0.786927 1.03252e-38 3
0.622883 0.269571 0.815617 1.05107e-38 3
0.616786 0.261403 0.790901 1.00493e-38 3
0.677467 0.281292 0.851078 1.02344e-38 3
0.714518 0.290774 0.879766 1.08791e-38 3
0.70497 0.281292 0.851078 1.08791e-38 3
0.696024 0.272409 0.824202 1.02341e-38 3
0.701952 0.269571 0.815617 9.95749e-39 3
0.707758 0.266792 0.807208 9.49759e-39 3
0.863181 0.319492 0.966657 7.74659e-39 3
0.787477 0.281292 0.851078 7.83699e-39 3
0.752173 0.26407 0.798972 7.83699e-39 3
0.707341 0.24414 0.738672 8.57384e-39 3
0.722685 0.245297 0.742173 8.29797e-39 3
0.759886 0.253714 0.767639 7.83735e-39 3
0.776093 0.254964 0.771421 7.83663e-39 3
0.94163 0.304457 0.921167 7.83663e-39 3
0.967901 0.308082 0.932133 7.19054e-39 3
-0.579198 0.240212 0.692913 8.94154e-39 3
-0.586158 0.24789 0.715061 7.28274e-39 3
-0.574604 0.24789 0.715061 9.68018e-39 3
-0.552951 0.243444 0.702235 1.03255e-38 3
-0.551497 0.24789 0.715061 1.06011e-38 3
-0.552559 0.253682 0.731768 1.07854e-38 3
-0.545837 0.256075 0.738672 1.07854e-38 3
-0.577486 0.276979 0.798972 1.1062e-38 3
-0.53979 0.264819 0.763895 1.08787e-38 3
-0.527448 0.264819 0.763895 1.04185e-38 3
-0.502841 0.258514 0.745707 1.06021e-38 3
-0.481618 0.253682 0.731768 1.01412e-38 3
-0.456982 0.246763 0.711811 1.07862e-38 3
-0.437526 0.242357 0.6991 1.03252e-38 3
-0.418753 0.238105 0.686835 1.10628e-38 3
-0.422479 0.246763 0.711811 1.12464e-38 3
-0.410978 0.246763 0.711811 1.13404e-38 3
-0.38546 0.238105 0.686835 1.10638e-38 3
-0.374363 0.238105 0.686835 1.12482e-38 3
-0.363265 0.238105 0.686835 1.18014e-38 3
-0.364974 0.246763 0.711811 1.20776e-38 3
-0.38882 0.27144 0.782992 1.07876e-38 3
-0.376169 0.27144 0.782992 1.10642e-38 3
-0.363518 0.27144 0.782992 1.13415e-38 3
-0.354411 0.274181 0.790901 1.27234e-38 3
-0.341632 0.274181 0.790901 1.06029e-38 3
-0.332209 0.276979 0.798972 1.06032e-38 3
-0.316074 0.274181 0.790901 1.15252e-38 3
-0.283266 0.256075 0.738672 1.29077e-38 3
-0.261465 0.246763 0.711811 1.24464e-38 3
-0.251105 0.24789 0.715061 1.41045e-38 3
-0.236314 0.24454 0.705398 1.41038e-38 3
-0.224917 0.24454 0.705398 1.53945e-38 3
-0.21352 0.24454 0.705398 1.51194e-38 3
-0.202122 0.24454 0.705398 1.44747e-38 3
-0.189022 0.242357 0.6991 1.40134e-38 3
-0.177726 0.242357 0.6991 1.55782e-38 3
-0.163511 0.238105 0.686835 1.6866e-38 3
-0.155135 0.242357 0.6991 1.75075e-38 3
-0.144484 0.243444 0.702235 1.70468e-38 3
-0.134343 0.245647 0.70859 1.65855e-38 3
-0.123452 0.246763 0.711811 1.73238e-38 3
-0.111445 0.245647 0.70859 1.69561e-38 3
-0.10045 0.246763 0.711811 1.92617e-38 3
-0.0893556 0.24789 0.715061 1.84334e-38 3
-0.0788826 0.251333 0.724993 1.59462e-38 3
-0.0671686 0.251333 0.724993 1.43818e-38 3
-0.0554546 0.251333 0.724993 1.54874e-38 3
-0.043539 0.250175 0.721652 1.60377e-38 3
-0.031879 0.250175 0.721652 1.66831e-38 3
-0.0215075 0.266117 0.767639 1.58526e-38 3
-0.0091044 0.266117 0.767639 1.61274e-38 3
0.00320442 0.258514 0.745707 1.6588e-38 3
0.0151092 0.256075 0.738672 1.52051e-38 3
0.0270442 0.256075 0.738672 1.58508e-38 3
0.0389793 0.256075 0.738672 1.70501e-38 3
0.0539691 0.27144 0.782992 1.62203e-38 3
0.0666203 0.27144 0.782992 1.65909e-38 3
0.0825744 0.28275 0.815617 1.53023e-38 3
0.0937985 0.276979 0.798972 1.48431e-38 3
0.107808 0.279835 0.807208 1.47513e-38 3
0.121476 0.281285 0.811391 1.51201e-38 3
0.134586 0.281285 0.811391 1.39215e-38 3
0.145436 0.276979 0.798972 1.43825e-38 3
0.157541 0.275573 0.794916 1.43825e-38 3
0.170385 0.275573 0.794916 1.57655e-38 3
0.183229 0.275573 0.794916 1.52126e-38 3
0.194102 0.272804 0.786927 1.43829e-38 3
0.206817 0.272804 0.786927 1.38297e-38 3
0.215206 0.267428 0.771421 1.38308e-38 3
0.22767 0.267428 0.771421 1.29088e-38 3
0.237791 0.264819 0.763895 1.31858e-38 3
0.240739 0.254873 0.735204 1.33698e-38 3
0.252618 0.254873 0.735204 1.25401e-38 3
0.269559 0.259751 0.749275 1.24475e-38 3
0.276376 0.254873 0.735204 1.18936e-38 3
0.286908 0.253682 0.731768 1.24482e-38 3
0.295965 0.251333 0.724993 1.15255e-38 3
0.30768 0.251333 0.724993 1.22617e-38 3
0.322379 0.253682 0.731768 1.29067e-38 3
0.337355 0.256075 0.738672 1.2723e-38 3
0.357727 0.262261 0.756514 1.29067e-38 3
0.371746 0.263534 0.760186 1.24457e-38 3
0.384029 0.263534 0.760186 1.1707e-38 3
0.396311 0.263534 0.760186 1.25372e-38 3
0.408594 0.263534 0.760186 1.23535e-38 3
0.435681 0.272804 0.786927 1.23535e-38 3
0.482329 0.293448 0.846478 1.14323e-38 3
0.496006 0.293448 0.846478 1.17996e-38 3
0.512452 0.295043 0.851078 1.21684e-38 3
0.520546 0.291871 0.841927 1.19833e-38 3
0.528467 0.288766 0.83297 1.24439e-38 3
0.530635 0.28275 0.815617 1.14305e-38 3
0.540996 0.281285 0.811391 1.13379e-38 3
0.548422 0.2784 0.803069 1.27208e-38 3
0.561398 0.2784 0.803069 1.19833e-38 3
0.568542 0.275573 0.794916 1.13379e-38 3
0.575543 0.272804 0.786927 1.07851e-38 3
0.582404 0.270089 0.779097 9.67983e-39 3
0.594993 0.270089 0.779097 1.0417e-38 3
0.616786 0.274181 0.790901 1.05099e-38 3
0.670183 0.291871 0.841927 9.31176e-39 3
0.714518 0.304988 0.879766 1.10624e-38 3
0.682707 0.285726 0.824202 1.08784e-38 3
0.688774 0.28275 0.815617 9.95677e-39 3
0.694716 0.279835 0.807208 8.66676e-39 3
0.715131 0.28275 0.815617 8.57528e-39 3
0.822561 0.319341 0.921167 9.03698e-39 3
0.878799 0.335111 0.966657 8.39161e-39 3
0.852328 0.319341 0.921167 7.46893e-39 3
0.810033 0.298285 0.860431 7.56149e-39 3
0.797639 0.288766 0.83297 7.56041e-39 3
0.7942 0.28275 0.815617 8.48237e-39 3
0.807378 0.28275 0.815617 8.02211e-39 3
0.816305 0.281285 0.811391 7.7448e-39 3
0.842511 0.285726 0.824202 7.19126e-39 3
0.855828 0.285726 0.824202 7.46713e-39 3
-0.568002 0.251408 0.692913 1.02334e-38 3
-0.542407 0.244906 0.674993 9.49579e-39 3
-0.529219 0.243855 0.672096 9.03481e-39 3
-0.544044 0.255938 0.705398 9.5869e-39 3
-0.576818 0.277162 0.763895 9.95568e-39 3
-0.564475 0.277162 0.763895 1.01401e-38 3
-0.577486 0.289889 0.798972 1.11549e-38 3
-0.524441 0.26928 0.742173 1.00497e-38 3
-0.512449 0.26928 0.742173 9.77309e-39 3
-0.459115 0.247035 0.680863 9.58798e-39 3
-0.429443 0.236742 0.652493 9.77237e-39 3
-0.424203 0.239739 0.660753 9.95641e-39 3
-0.406663 0.23576 0.649786 1.01408e-38 3
-0.388112 0.230968 0.636579 9.95641e-39 3
-0.393836 0.240755 0.663553 1.03259e-38 3
-0.38639 0.242813 0.669224 1.14326e-38 3
-0.378814 0.244906 0.674993 1.05107e-38 3
-0.367908 0.244906 0.674993 1.11557e-38 3
-0.336685 0.230968 0.636579 1.12479e-38 3
-0.364974 0.258264 0.711811 1.02344e-38 3
-0.356716 0.260634 0.718341 1.08798e-38 3
-0.365213 0.275816 0.760186 1.20783e-38 3
-0.35293 0.275816 0.760186 1.04192e-38 3
-0.277365 0.224578 0.618966 1.16174e-38 3
-0.266312 0.223694 0.616529 1.0972e-38 3
-0.257363 0.224578 0.618966 1.19865e-38 3
-0.248344 0.225469 0.621422 1.17096e-38 3
-0.238303 0.225469 0.621422 1.15252e-38 3
-0.229172 0.226367 0.623898 1.18932e-38 3
-0.219092 0.226367 0.623898 1.35513e-38 3
-0.224196 0.242813 0.669224 1.33662e-38 3
-0.216154 0.245966 0.677915 1.31822e-38 3
-0.205201 0.245966 0.677915 1.31833e-38 3
-0.195092 0.247035 0.680863 1.37371e-38 3
-0.183294 0.245966 0.677915 1.58569e-38 3
-0.171598 0.244906 0.674993 1.59466e-38 3
-0.160002 0.243855 0.672096 1.59441e-38 3
-0.149785 0.244906 0.674993 1.65873e-38 3
-0.137692 0.242813 0.669224 1.6771e-38 3
-0.126879 0.242813 0.669224 1.64947e-38 3
-0.118085 0.247035 0.680863 1.6772e-38 3
-0.107552 0.248114 0.683836 1.73259e-38 3
-0.0969259 0.249202 0.686835 1.64047e-38 3
-0.0862065 0.2503 0.689861 1.6037e-38 3
-0.0774484 0.258264 0.711811 1.52087e-38 3
-0.0659474 0.258264 0.711811 1.52105e-38 3
-0.054695 0.259444 0.715061 1.49335e-38 3
-0.042751 0.257096 0.70859 1.53012e-38 3
-0.029563 0.242813 0.669224 1.37346e-38 3
0.0138067 0.244906 0.674993 1.56661e-38 3
0.0255954 0.253653 0.6991 1.62192e-38 3
0.0368911 0.253653 0.6991 1.58501e-38 3
0.0511556 0.26928 0.742173 1.55742e-38 3
0.0640579 0.273164 0.752877 1.59444e-38 3
0.0747843 0.26801 0.738672 1.53927e-38 3
0.0871303 0.26928 0.742173 1.60388e-38 3
0.101037 0.274484 0.756514 1.50261e-38 3
0.110589 0.26801 0.738672 1.50268e-38 3
0.129876 0.284091 0.782992 1.41049e-38 3
0.139732 0.27852 0.767639 1.39208e-38 3
0.155178 0.284091 0.782992 1.57655e-38 3
0.171254 0.289889 0.798972 1.58577e-38 3
0.184164 0.289889 0.798972 1.49361e-38 3
0.192171 0.282677 0.779097 1.5397e-38 3
0.198824 0.274484 0.756514 1.45684e-38 3
0.203194 0.264271 0.728365 1.42918e-38 3
0.214963 0.264271 0.728365 1.33702e-38 3
0.226731 0.264271 0.728365 1.27252e-38 3
0.235218 0.260634 0.718341 1.30929e-38 3
0.246824 0.260634 0.718341 1.27241e-38 3
0.260823 0.263047 0.724993 1.31854e-38 3
0.268804 0.259444 0.715061 1.37386e-38 3
0.2741 0.253653 0.6991 1.3739e-38 3
0.284127 0.252525 0.695993 1.27244e-38 3
0.295372 0.252525 0.695993 1.13404e-38 3
0.312167 0.257096 0.70859 1.25386e-38 3
0.329582 0.261835 0.721652 1.16167e-38 3
0.344416 0.264271 0.728365 1.21698e-38 3
0.359529 0.266752 0.735204 1.23535e-38 3
0.37316 0.26801 0.738672 1.29989e-38 3
0.388763 0.270563 0.745707 1.25379e-38 3
0.402729 0.271857 0.749275 1.19851e-38 3
0.418843 0.274484 0.756514 1.23539e-38 3
0.428994 0.273164 0.752877 1.1801e-38 3
0.458805 0.284091 0.782992 1.18e-38 3
0.49627 0.299043 0.824202 1.27216e-38 3
0.517762 0.30384 0.837425 1.19833e-38 3
0.520166 0.297477 0.819887 1.18904e-38 3
0.519806 0.289889 0.798972 1.22591e-38 3
0.532715 0.289889 0.798972 1.19829e-38 3
0.545624 0.289889 0.798972 1.21662e-38 3
0.558534 0.289889 0.798972 1.16131e-38 3
0.565671 0.28696 0.790901 1.17052e-38 3
0.569816 0.282677 0.779097 1.13375e-38 3
0.579521 0.281278 0.77524 1.05996e-38 3
0.594993 0.282677 0.779097 9.58584e-39 3
0.629504 0.292877 0.807208 9.77094e-39 3
0.656073 0.299043 0.824202 8.57276e-39 3
0.66939 0.299043 0.824202 9.21812e-39 3
0.675596 0.295928 0.815617 1.00475e-38 3
0.688774 0.295928 0.815617 1.0694e-38 3
0.694716 0.292877 0.807208 9.95677e-39 3
0.715131 0.295928 0.815617 9.49652e-39 3
0.812996 0.330338 0.910456 9.77382e-39 3
0.847414 0.338203 0.932133 8.9437e-39 3
0.852328 0.334224 0.921167 8.57492e-39 3
0.857128 0.330338 0.910456 8.75895e-39 3
0.814979 0.308794 0.851078 8.48236e-39 3
0.811098 0.302224 0.83297 7.56041e-39 3
0.807378 0.295928 0.815617 7.56149e-39 3
0.820557 0.295928 0.815617 7.10051e-39 3
0.81672 0.289889 0.798972 7.19127e-39 3
-0.539364 0.249363 0.657977 7.92882e-39 3
-0.52652 0.24832 0.655223 7.46748e-39 3
-0.511652 0.246259 0.649786 9.77129e-39 3
-0.503241 0.247285 0.652493 1.09691e-38 3
-0.492699 0.247285 0.652493 1.13383e-38 3
-0.457381 0.234579 0.618966 1.03245e-38 3
-0.428903 0.230033 0.606971 9.86529e-39 3
-0.394017 0.221449 0.584322 9.86457e-39 3
-0.391887 0.225659 0.595431 8.94261e-39 3
-0.391191 0.230928 0.609332 1.00479e-38 3
-0.377374 0.234579 0.618966 9.86493e-39 3
-0.364492 0.232739 0.614111 9.77345e-39 3
-0.353184 0.23183 0.611713 1.07876e-38 3
-0.343301 0.23183 0.611713 1.04188e-38 3
-0.334724 0.232739 0.614111 1.06032e-38 3
-0.326081 0.233655 0.616529 1.01422e-38 3
-0.343138 0.253626 0.669224 9.21993e-39 3
-0.353473 0.269765 0.711811 1.08794e-38 3
-0.300935 0.237394 0.626394 1.10638e-38 3
-0.288506 0.235509 0.621422 1.15248e-38 3
-0.277365 0.234579 0.618966 1.16174e-38 3
-0.266312 0.233655 0.616529 1.11568e-38 3
-0.257363 0.234579 0.618966 1.23549e-38 3
-0.248344 0.235509 0.621422 1.10642e-38 3
-0.238303 0.235509 0.621422 1.22627e-38 3
-0.228263 0.235509 0.621422 1.32762e-38 3
-0.218222 0.235509 0.621422 1.32744e-38 3
-0.208182 0.235509 0.621422 1.31818e-38 3
-0.201337 0.239308 0.631445 1.23524e-38 3
-0.194268 0.243231 0.641797 1.34598e-38 3
-0.19258 0.254714 0.672096 1.31843e-38 3
-0.17642 0.247285 0.652493 1.28152e-38 3
-0.167978 0.250415 0.660753 1.49335e-38 3
-0.157301 0.250415 0.660753 1.52087e-38 3
-0.146625 0.250415 0.660753 1.47459e-38 3
-0.13425 0.247285 0.652493 1.51143e-38 3
-0.123194 0.246259 0.649786 1.48374e-38 3
-0.116565 0.254714 0.672096 1.64976e-38 3
-0.106161 0.255812 0.674993 1.6221e-38 3
-0.0952547 0.255812 0.674993 1.65898e-38 3
-0.0847137 0.256919 0.677915 1.59455e-38 3
-0.0757273 0.263771 0.695993 1.61306e-38 3
-0.0644819 0.263771 0.695993 1.49325e-38 3
-0.0534741 0.264948 0.6991 1.59466e-38 3
-0.040376 0.253626 0.669224 1.49335e-38 3
0.0124636 0.230928 0.609332 1.64051e-38 3
0.0217999 0.225659 0.595431 1.63129e-38 3
0.0314205 0.225659 0.595431 1.77869e-38 3
0.0410412 0.225659 0.595431 1.55753e-38 3
0.0541628 0.241254 0.636579 1.49303e-38 3
0.0695363 0.2603 0.686835 1.62221e-38 3
0.0813474 0.262603 0.692913 1.5115e-38 3
0.092543 0.262603 0.692913 1.57611e-38 3
0.1042 0.263771 0.695993 1.53012e-38 3
0.115445 0.263771 0.695993 1.54867e-38 3
0.133203 0.277329 0.731768 1.56718e-38 3
0.147789 0.282611 0.745707 1.60413e-38 3
0.161374 0.285329 0.752877 1.43825e-38 3
0.173539 0.285329 0.752877 1.27234e-38 3
0.183935 0.282611 0.745707 1.39219e-38 3
0.191426 0.276039 0.728365 1.41074e-38 3
0.198576 0.269765 0.711811 1.37393e-38 3
0.210077 0.269765 0.711811 1.30936e-38 3
0.216654 0.263771 0.695993 1.33713e-38 3
0.224901 0.2603 0.686835 1.49375e-38 3
0.234968 0.259163 0.683836 1.53985e-38 3
0.243887 0.256919 0.677915 1.374e-38 3
0.253742 0.255812 0.674993 1.35564e-38 3
0.263512 0.254714 0.672096 1.30954e-38 3
0.273199 0.253626 0.669224 1.22649e-38 3
0.285231 0.254714 0.672096 1.18947e-38 3
0.298654 0.256919 0.677915 1.2078e-38 3
0.319282 0.264948 0.6991 1.13404e-38 3
0.341242 0.273495 0.721652 1.23542e-38 3
0.359529 0.278631 0.735204 1.20776e-38 3
0.371408 0.278631 0.735204 1.20773e-38 3
0.38692 0.281272 0.742173 1.20769e-38 3
0.402729 0.283964 0.749275 1.21698e-38 3
0.418843 0.286707 0.756514 1.09713e-38 3
0.422895 0.281272 0.742173 1.10638e-38 3
0.422862 0.273495 0.721652 1.21691e-38 3
0.442682 0.278631 0.735204 1.25368e-38 3
0.454561 0.278631 0.735204 1.34581e-38 3
0.47996 0.286707 0.756514 1.32726e-38 3
0.492183 0.286707 0.756514 1.22584e-38 3
0.516892 0.293804 0.77524 1.2535e-38 3
0.529418 0.293804 0.77524 1.24425e-38 3
0.552892 0.299739 0.790901 1.26268e-38 3
0.560014 0.296742 0.782992 1.38254e-38 3
0.564202 0.292357 0.771421 1.35488e-38 3
0.57384 0.290923 0.767639 1.2074e-38 3
0.597968 0.296742 0.782992 1.05067e-38 3
0.610619 0.296742 0.782992 9.95354e-39 3
0.62327 0.296742 0.782992 9.49256e-39 3
0.635921 0.296742 0.782992 9.03194e-39 3
0.635855 0.290923 0.767639 8.84863e-39 3
0.648258 0.290923 0.767639 9.67839e-39 3
0.687627 0.302798 0.798972 1.06925e-38 3
0.715131 0.309106 0.815617 9.58763e-39 3
0.812996 0.345049 0.910456 8.48164e-39 3
0.837444 0.349108 0.921167 8.29725e-39 3
0.852328 0.349108 0.921167 7.92847e-39 3
0.857128 0.345049 0.910456 7.46821e-39 3
0.806216 0.319077 0.841927 8.85115e-39 3
0.786012 0.30592 0.807208 8.29797e-39 3
0.782912 0.299739 0.790901 8.02246e-39 3
0.787734 0.296742 0.782992 7.56185e-39 3
-0.517615 0.249511 0.631445 8.3898e-39 3
-0.507413 0.249511 0.631445 9.03481e-39 3
-0.495213 0.248508 0.628909 9.31032e-39 3
-0.485052 0.248508 0.628909 9.40215e-39 3
-0.465542 0.243617 0.616529 9.67909e-39 3
-0.445067 0.237995 0.602302 8.75714e-39 3
-0.419155 0.234389 0.593176 9.5887e-39 3
-0.394623 0.225834 0.571527 9.31247e-39 3
-0.381215 0.223388 0.565337 1.06943e-38 3
-0.386016 0.231755 0.586511 1.11553e-38 3
-0.385196 0.237083 0.599994 1.08776e-38 3
-0.378401 0.238914 0.604627 1.14315e-38 3
-0.368632 0.238914 0.604627 1.08794e-38 3
-0.358863 0.238914 0.604627 1.01422e-38 3
-0.347751 0.237995 0.602302 9.5887e-39 3
-0.336724 0.237083 0.599994 9.58906e-39 3
-0.325781 0.236178 0.597704 9.68126e-39 3
-0.316124 0.236178 0.597704 9.77346e-39 3
-0.329509 0.262197 0.663553 9.77418e-39 3
-0.341972 0.281266 0.711811 1.10638e-38 3
-0.288506 0.24555 0.621422 1.03259e-38 3
-0.27519 0.242661 0.614111 1.07872e-38 3
-0.264231 0.241713 0.611713 1.1433e-38 3
-0.255345 0.242661 0.614111 1.12486e-38 3
-0.246389 0.243617 0.616529 1.22624e-38 3
-0.236427 0.243617 0.616529 1.19861e-38 3
-0.226466 0.243617 0.616529 1.1801e-38 3
-0.216504 0.243617 0.616529 1.19844e-38 3
-0.206542 0.243617 0.616529 1.44726e-38 3
-0.199726 0.247514 0.626394 1.25368e-38 3
-0.190367 0.248508 0.628909 1.2723e-38 3
-0.190132 0.262197 0.663553 1.34613e-38 3
-0.173528 0.253601 0.641797 1.25386e-38 3
-0.164507 0.255697 0.647101 1.32751e-38 3
-0.152165 0.252566 0.639177 1.25372e-38 3
-0.141261 0.251539 0.636579 1.3735e-38 3
-0.128367 0.246528 0.623898 1.36414e-38 3
-0.117817 0.24555 0.621422 1.39176e-38 3
-0.108638 0.247514 0.626394 1.47473e-38 3
-0.103921 0.261091 0.660753 1.55771e-38 3
-0.0952547 0.266718 0.674993 1.5208e-38 3
-0.0847137 0.267873 0.677915 1.53931e-38 3
-0.0747309 0.271397 0.686835 1.49321e-38 3
-0.062807 0.267873 0.677915 1.48395e-38 3
-0.0514086 0.265573 0.672096 1.64072e-38 3
-0.0400338 0.262197 0.663553 1.49325e-38 3
-0.00719883 0.23984 0.606971 1.53927e-38 3
0.0121793 0.23528 0.595431 1.53923e-38 3
0.0216354 0.233504 0.590937 1.53002e-38 3
0.0310662 0.232626 0.588716 1.59448e-38 3
0.0410412 0.23528 0.595431 1.49307e-38 3
0.0541628 0.251539 0.636579 1.54845e-38 3
0.0652439 0.254644 0.644438 1.58533e-38 3
0.073245 0.246528 0.623898 1.64061e-38 3
0.0901497 0.266718 0.674993 1.64058e-38 3
0.101056 0.266718 0.674993 1.56697e-38 3
0.111005 0.264439 0.669224 1.52094e-38 3
0.120786 0.262197 0.663553 1.41963e-38 3
0.132631 0.264439 0.669224 1.37368e-38 3
0.149848 0.276244 0.6991 1.43825e-38 3
0.162595 0.278732 0.705398 1.38297e-38 3
0.173992 0.278732 0.705398 1.41063e-38 3
0.187075 0.281266 0.711811 1.43843e-38 3
0.190772 0.270212 0.683836 1.33705e-38 3
0.200943 0.269037 0.680863 1.36468e-38 3
0.208321 0.264439 0.669224 1.36478e-38 3
0.219134 0.264439 0.669224 1.43843e-38 3
0.228969 0.263313 0.666376 1.31858e-38 3
0.23872 0.262197 0.663553 1.23575e-38 3
0.249441 0.262197 0.663553 1.18972e-38 3
0.259065 0.261091 0.660753 1.1989e-38 3
0.267483 0.258906 0.655223 1.32791e-38 3
0.281605 0.262197 0.663553 1.2633e-38 3
0.294825 0.264439 0.669224 1.2078e-38 3
0.306949 0.265573 0.672096 1.12482e-38 3
0.32336 0.270212 0.683836 1.14326e-38 3
0.352902 0.285155 0.721652 1.14323e-38 3
0.364562 0.285155 0.721652 1.21702e-38 3
0.377964 0.286475 0.724993 1.16166e-38 3
0.39149 0.287807 0.728365 1.15245e-38 3
0.405143 0.289152 0.731768 1.11557e-38 3
0.405595 0.281266 0.711811 1.03263e-38 3
0.415208 0.279994 0.70859 1.16167e-38 3
0.41538 0.272593 0.689861 1.25379e-38 3
0.420963 0.269037 0.680863 1.23517e-38 3
0.397407 0.247514 0.626394 1.26269e-38 3
0.4631 0.281266 0.711811 1.29038e-38 3
0.419326 0.248508 0.628909 1.30896e-38 3
0.509249 0.29466 0.745707 1.24432e-38 3
0.547363 0.309393 0.782992 1.29963e-38 3
0.541076 0.29893 0.756514 1.29034e-38 3
0.542811 0.293264 0.742173 1.19822e-38 3
0.554802 0.293264 0.742173 1.18896e-38 3
0.566794 0.293264 0.742173 1.28127e-38 3
0.598646 0.303327 0.767639 1.36406e-38 3
0.566609 0.281266 0.711811 1.19811e-38 3
0.557825 0.271397 0.686835 1.14283e-38 3
0.549637 0.262197 0.663553 1.08759e-38 3
0.522706 0.244579 0.618966 9.0323e-39 3
0.532707 0.244579 0.618966 9.30924e-39 3
0.596979 0.269037 0.680863 8.57204e-39 3
0.842417 0.359759 0.910456 8.29689e-39 3
0.792613 0.332681 0.841927 7.65224e-39 3
0.749781 0.309393 0.782992 7.92955e-39 3
0.733108 0.297493 0.752877 7.83663e-39 3
0.731211 0.29188 0.738672 7.37709e-39 3
-0.507386 0.25458 0.618966 7.83663e-39 3
-0.497385 0.25458 0.618966 8.75822e-39 3
-0.483561 0.252584 0.614111 7.46748e-39 3
-0.473639 0.252584 0.614111 8.01958e-39 3
-0.449611 0.244901 0.595431 8.75642e-39 3
-0.431781 0.240331 0.584322 9.21776e-39 3
-0.393797 0.229213 0.55729 1.02344e-38 3
-0.383428 0.2284 0.555314 9.03589e-39 3
-0.371819 0.226792 0.551403 1.06947e-38 3
-0.365483 0.2284 0.555314 1.10635e-38 3
-0.380818 0.243973 0.593176 9.86457e-39 3
-0.374068 0.245835 0.597704 1.06943e-38 3
-0.364411 0.245835 0.597704 9.77309e-39 3
-0.354753 0.245835 0.597704 1.03263e-38 3
-0.345096 0.245835 0.597704 1.12475e-38 3
-0.334163 0.244901 0.595431 9.95713e-39 3
-0.27094 0.248683 0.604627 1.23549e-38 3
-0.26117 0.248683 0.604627 1.1894e-38 3
-0.252376 0.249647 0.606971 1.1433e-38 3
-0.242569 0.249647 0.606971 1.20783e-38 3
-0.232762 0.249647 0.606971 1.1433e-38 3
-0.223822 0.250618 0.609332 1.23549e-38 3
-0.213147 0.249647 0.606971 1.29074e-38 3
-0.201003 0.246777 0.599994 1.30911e-38 3
-0.192044 0.247726 0.602302 1.30918e-38 3
-0.186187 0.267257 0.649786 1.23546e-38 3
-0.143386 0.247726 0.602302 1.1984e-38 3
-0.133655 0.247726 0.602302 1.28138e-38 3
-0.122509 0.244901 0.595431 1.31818e-38 3
-0.112889 0.244901 0.595431 1.31818e-38 3
-0.103268 0.244901 0.595431 1.38272e-38 3
-0.0936476 0.244901 0.595431 1.45637e-38 3
-0.0843486 0.277624 0.674993 1.38272e-38 3
-0.071591 0.270625 0.657977 1.38257e-38 3
-0.061217 0.271767 0.660753 1.44704e-38 3
-0.050118 0.269493 0.655223 1.44704e-38 3
-0.0384064 0.261825 0.636579 1.40094e-38 3
-0.0163714 0.240331 0.584322 1.38272e-38 3
-0.00680329 0.23593 0.573621 1.38261e-38 3
0.00243814 0.233365 0.567386 1.34573e-38 3
0.0118198 0.237671 0.577854 1.41949e-38 3
0.0209247 0.235069 0.571527 1.54856e-38 3
0.0300495 0.234214 0.569449 1.35492e-38 3
0.0402755 0.240331 0.584322 1.35492e-38 3
0.05105 0.246777 0.599994 1.38257e-38 3
0.0634171 0.257635 0.626394 1.43789e-38 3
0.0729544 0.255591 0.621422 1.65902e-38 3
0.0801331 0.246777 0.599994 1.5482e-38 3
0.0884715 0.243052 0.590937 1.45626e-38 3
0.097651 0.242138 0.588716 1.4747e-38 3
0.106762 0.241232 0.586511 1.40094e-38 3
0.162295 0.270625 0.657977 1.30932e-38 3
0.177399 0.277624 0.674993 1.40159e-38 3
0.182028 0.26837 0.652493 1.42003e-38 3
0.188641 0.262893 0.639177 1.39244e-38 3
0.198159 0.261825 0.636579 1.35556e-38 3
0.207601 0.260765 0.634002 1.31865e-38 3
0.219623 0.262893 0.639177 1.38311e-38 3
0.230893 0.263971 0.641797 1.34627e-38 3
0.241263 0.263971 0.641797 1.23575e-38 3
0.251632 0.263971 0.641797 1.28195e-38 3
0.260933 0.262893 0.639177 1.28188e-38 3
0.275763 0.267257 0.649786 1.18032e-38 3
0.291093 0.271767 0.660753 1.29088e-38 3
0.301769 0.271767 0.660753 1.18014e-38 3
0.316451 0.275251 0.669224 1.10638e-38 3
0.331514 0.278826 0.677915 1.15252e-38 3
0.346973 0.282495 0.686835 1.1433e-38 3
0.356507 0.281261 0.683836 1.1801e-38 3
0.369168 0.282495 0.686835 1.12479e-38 3
0.378605 0.281261 0.683836 1.11557e-38 3
0.389654 0.281261 0.683836 1.07869e-38 3
0.380751 0.267257 0.649786 1.10635e-38 3
0.39125 0.267257 0.649786 1.07862e-38 3
0.387286 0.257635 0.626394 1.16149e-38 3
0.395824 0.256609 0.623898 1.20744e-38 3
0.407528 0.257635 0.626394 1.21666e-38 3
0.419326 0.25867 0.628909 1.27194e-38 3
0.429487 0.25867 0.628909 1.2535e-38 3
0.484392 0.284995 0.692913 1.17978e-38 3
0.525835 0.302389 0.735204 1.21666e-38 3
0.537714 0.302389 0.735204 1.21666e-38 3
0.549593 0.302389 0.735204 1.16145e-38 3
0.566794 0.305255 0.742173 1.15219e-38 3
0.555108 0.292767 0.711811 1.07833e-38 3
0.481289 0.248683 0.604627 1.03223e-38 3
0.485436 0.245835 0.597704 1.03227e-38 3
0.500828 0.248683 0.604627 1.21662e-38 3
0.510597 0.248683 0.604627 1.08751e-38 3
0.518365 0.247726 0.602302 9.49292e-39 3
0.530135 0.248683 0.604627 8.94082e-39 3
0.537828 0.247726 0.602302 8.11142e-39 3
0.653053 0.295453 0.718341 7.46569e-39 3
0.664659 0.295453 0.718341 7.92739e-39 3
0.676266 0.295453 0.718341 7.28274e-39 3
0.681619 0.292767 0.711811 7.09871e-39 3
0.69312 0.292767 0.711811 8.02067e-39 3
-0.495631 0.258452 0.604627 7.65224e-39 3
-0.485862 0.258452 0.604627 6.72992e-39 3
-0.472445 0.256472 0.599994 7.28309e-39 3
-0.46275 0.256472 0.599994 8.84934e-39 3
-0.390301 0.230824 0.539995 8.94333e-39 3
-0.377669 0.228461 0.534466 1.04181e-38 3
-0.370297 0.229243 0.536296 1.11557e-38 3
-0.361632 0.229243 0.536296 1.08791e-38 3
-0.357869 0.232427 0.543745 9.95677e-39 3
-0.356511 0.237373 0.555314 9.5869e-39 3
-0.369833 0.2526 0.590937 1.0417e-38 3
-0.352066 0.253557 0.593176 1.04181e-38 3
-0.342482 0.253557 0.593176 1.09702e-38 3
-0.332898 0.253557 0.593176 1.05099e-38 3
-0.305931 0.239925 0.561285 1.06947e-38 3
-0.287585 0.232427 0.543745 1.13408e-38 3
-0.277835 0.231623 0.541863 1.13415e-38 3
-0.26908 0.231623 0.541863 1.14337e-38 3
-0.268863 0.256472 0.599994 1.19862e-38 3
-0.259169 0.256472 0.599994 1.12486e-38 3
-0.250434 0.257458 0.602302 1.02341e-38 3
-0.240703 0.257458 0.602302 1.05103e-38 3
-0.231863 0.258452 0.604627 9.95785e-39 3
-0.222954 0.259454 0.606971 1.21705e-38 3
-0.212324 0.258452 0.604627 1.02344e-38 3
-0.200236 0.255493 0.597704 1.00497e-38 3
-0.189854 0.254521 0.595431 1.06032e-38 3
-0.161606 0.255493 0.597704 1.05117e-38 3
-0.151949 0.255493 0.597704 1.08791e-38 3
-0.138076 0.247922 0.579994 1.11557e-38 3
-0.129183 0.248844 0.58215 1.10628e-38 3
-0.119333 0.247922 0.579994 1.37361e-38 3
-0.109962 0.247922 0.579994 1.24453e-38 3
-0.0994855 0.245198 0.573621 1.25375e-38 3
-0.089888 0.244303 0.571527 1.34591e-38 3
-0.0806536 0.244303 0.571527 1.34588e-38 3
-0.0684283 0.268832 0.628909 1.38257e-38 3
-0.0587385 0.271008 0.634002 1.3825e-38 3
-0.0484947 0.271008 0.634002 1.41016e-38 3
-0.0160129 0.244303 0.571527 1.3274e-38 3
0.00245594 0.244303 0.571527 1.39201e-38 3
0.0116903 0.244303 0.571527 1.35517e-38 3
0.0205497 0.239925 0.561285 1.39208e-38 3
0.0296186 0.239925 0.561285 1.38283e-38 3
0.0384122 0.238217 0.55729 1.3274e-38 3
0.0660595 0.278913 0.652493 1.39187e-38 3
0.0766021 0.278913 0.652493 1.43782e-38 3
0.0792225 0.253557 0.593176 1.60352e-38 3
0.0874812 0.249773 0.584322 1.53909e-38 3
0.0969223 0.249773 0.584322 1.45597e-38 3
0.105576 0.247922 0.579994 1.44679e-38 3
0.113684 0.245198 0.573621 1.41038e-38 3
0.122503 0.244303 0.571527 1.40123e-38 3
0.131738 0.244303 0.571527 1.34602e-38 3
0.142008 0.2461 0.575729 1.29996e-38 3
0.154724 0.251651 0.588716 1.26322e-38 3
0.186359 0.269916 0.631445 1.26333e-38 3
0.196561 0.269916 0.631445 1.45691e-38 3
0.203482 0.265631 0.621422 1.36468e-38 3
0.215231 0.267756 0.626394 1.26322e-38 3
0.228089 0.271008 0.634002 1.3462e-38 3
0.237371 0.269916 0.631445 1.32794e-38 3
0.24658 0.268832 0.628909 1.26348e-38 3
0.255714 0.267756 0.626394 1.21731e-38 3
0.270158 0.27211 0.636579 1.22642e-38 3
0.285078 0.276608 0.647101 1.05117e-38 3
0.295534 0.276608 0.647101 1.15252e-38 3
0.307259 0.277755 0.649786 1.15255e-38 3
0.321763 0.281257 0.657977 1.12489e-38 3
0.340991 0.28853 0.674993 1.14333e-38 3
0.345933 0.28364 0.663553 1.16177e-38 3
0.355149 0.282443 0.660753 1.07869e-38 3
0.358357 0.268832 0.628909 1.07869e-38 3
0.367044 0.267756 0.626394 1.0511e-38 3
0.387286 0.267756 0.626394 1.05096e-38 3
0.397407 0.267756 0.626394 1.0417e-38 3
0.407528 0.267756 0.626394 1.1062e-38 3
0.419326 0.268832 0.628909 1.14308e-38 3
0.429487 0.268832 0.628909 1.03245e-38 3
0.439649 0.268832 0.628909 1.0233e-38 3
0.448011 0.267756 0.626394 1.12461e-38 3
0.463697 0.271008 0.634002 1.13383e-38 3
0.453734 0.259454 0.606971 1.17992e-38 3
0.458213 0.256472 0.599994 1.16149e-38 3
0.469707 0.257458 0.602302 1.0416e-38 3
0.479438 0.257458 0.602302 1.0416e-38 3
0.48359 0.254521 0.595431 1.05081e-38 3
0.498902 0.257458 0.602302 1.00472e-38 3
0.508633 0.257458 0.602302 1.11528e-38 3
0.518365 0.257458 0.602302 1.08762e-38 3
0.528096 0.257458 0.602302 1.11535e-38 3
0.533723 0.255493 0.597704 1.09695e-38 3
0.564851 0.256472 0.599994 7.92738e-39 3
0.570176 0.254521 0.595431 8.57312e-39 3
0.579796 0.254521 0.595431 7.92811e-39 3
-0.507335 0.264142 0.595431 6.63809e-39 3
-0.486244 0.263141 0.593176 8.29761e-39 3
-0.47666 0.263141 0.593176 7.0065e-39 3
-0.39814 0.233903 0.527267 8.66494e-39 3
-0.387015 0.232339 0.523741 8.29724e-39 3
-0.378552 0.232339 0.523741 9.95748e-39 3
-0.37009 0.232339 0.523741 9.40395e-39 3
-0.362841 0.233118 0.525498 1.09709e-38 3
-0.354351 0.233118 0.525498 1.03259e-38 3
-0.351762 0.237097 0.534466 1.04167e-38 3
-0.351525 0.2429 0.547547 1.01401e-38 3
-0.367063 0.260185 0.586511 1.06014e-38 3
-0.28462 0.238726 0.538139 1.11575e-38 3
-0.27311 0.23629 0.532648 1.26322e-38 3
-0.264504 0.23629 0.532648 1.14337e-38 3
-0.267837 0.26515 0.597704 1.06039e-38 3
-0.25818 0.26515 0.597704 1.16174e-38 3
-0.249475 0.266166 0.599994 1.15245e-38 3
-0.23978 0.266166 0.599994 1.14315e-38 3
-0.230086 0.266166 0.599994 9.86493e-39 3
-0.220392 0.266166 0.599994 1.16174e-38 3
-0.209095 0.264142 0.595431 1.00511e-38 3
-0.194303 0.257294 0.579994 1.03277e-38 3
-0.178327 0.248105 0.55928 1.06032e-38 3
-0.168688 0.247222 0.55729 9.68234e-39 3
-0.158555 0.245475 0.553351 9.40575e-39 3
-0.149614 0.245475 0.553351 1.03281e-38 3
-0.133144 0.248105 0.55928 9.58906e-39 3
-0.124108 0.248105 0.55928 1.06947e-38 3
-0.115071 0.248105 0.55928 1.29996e-38 3
-0.105658 0.247222 0.55729 1.29996e-38 3
-0.0963105 0.246345 0.555314 1.23542e-38 3
-0.086723 0.24461 0.551403 1.30918e-38 3
-0.0775407 0.243752 0.549468 1.41056e-38 3
-0.0689045 0.24461 0.551403 1.43804e-38 3
-0.0496864 0.237909 0.536296 1.56689e-38 3
-0.0328055 0.241213 0.543745 1.41945e-38 3
-0.02402 0.241213 0.543745 1.41949e-38 3
-0.0153948 0.243752 0.549468 1.41038e-38 3
-0.00653978 0.24461 0.551403 1.37339e-38 3
0.00237784 0.245475 0.553351 1.41045e-38 3
0.0113991 0.247222 0.55729 1.29989e-38 3
0.0203311 0.246345 0.555314 1.31833e-38 3
0.0293036 0.246345 0.555314 1.34606e-38 3
0.0381407 0.245475 0.553351 1.2445e-38 3
0.0470815 0.245475 0.553351 1.37357e-38 3
0.0564209 0.247222 0.55729 1.32744e-38 3
0.0658943 0.248994 0.561285 1.41023e-38 3
0.07804 0.259214 0.584322 1.47455e-38 3
0.0874812 0.259214 0.584322 1.50221e-38 3
0.0969223 0.259214 0.584322 1.61252e-38 3
0.105576 0.257294 0.579994 1.64958e-38 3
0.114523 0.256344 0.577854 1.54853e-38 3
0.122952 0.254466 0.573621 1.39187e-38 3
0.13222 0.254466 0.573621 1.29067e-38 3
0.142008 0.255402 0.575729 1.32769e-38 3
0.152432 0.257294 0.579994 1.3923e-38 3
0.161803 0.257294 0.579994 1.20791e-38 3
0.173097 0.260185 0.586511 1.24486e-38 3
0.183952 0.262148 0.590937 1.23564e-38 3
0.1935 0.262148 0.590937 1.35549e-38 3
0.203048 0.262148 0.590937 1.33698e-38 3
0.212596 0.262148 0.590937 1.3001e-38 3
0.230855 0.272429 0.614111 1.35549e-38 3
0.240778 0.272429 0.614111 1.27262e-38 3
0.247785 0.269261 0.606971 1.24496e-38 3
0.261649 0.273501 0.616529 1.18032e-38 3
0.279308 0.281252 0.634002 1.10656e-38 3
0.289552 0.281252 0.634002 1.11571e-38 3
0.296198 0.277877 0.626394 1.16181e-38 3
0.33187 0.282395 0.636579 1.15266e-38 3
0.332689 0.274582 0.618966 1.15259e-38 3
0.330918 0.26515 0.597704 1.06951e-38 3
0.343195 0.26719 0.602302 1.10635e-38 3
0.352927 0.26719 0.602302 9.95785e-39 3
0.372693 0.274582 0.618966 1.0511e-38 3
0.385743 0.27677 0.623898 1.03259e-38 3
0.397407 0.277877 0.626394 9.58835e-39 3
0.407528 0.277877 0.626394 9.86493e-39 3
0.417649 0.277877 0.626394 9.86493e-39 3
0.42777 0.277877 0.626394 9.77274e-39 3
0.436146 0.27677 0.623898 9.95713e-39 3
0.439227 0.272429 0.614111 1.00493e-38 3
0.435487 0.264142 0.595431 9.49543e-39 3
0.4496 0.261163 0.588716 1.00475e-38 3
0.460844 0.262148 0.590937 9.95641e-39 3
0.473969 0.264142 0.595431 9.86422e-39 3
0.48359 0.264142 0.595431 9.40324e-39 3
0.49699 0.266166 0.599994 9.40324e-39 3
0.508633 0.26719 0.602302 9.40216e-39 3
0.518365 0.26719 0.602302 9.30996e-39 3
0.528096 0.26719 0.602302 9.86314e-39 3
0.533723 0.26515 0.597704 1.00472e-38 3
0.54338 0.26515 0.597704 9.40216e-39 3
0.564851 0.266166 0.599994 8.20397e-39 3
0.570176 0.264142 0.595431 7.92666e-39 3
-0.455389 0.245732 0.534466 6.2693e-39 3
-0.452937 0.249133 0.541863 7.37565e-39 3
-0.452002 0.253519 0.551403 7.83663e-39 3
-0.443093 0.253519 0.551403 7.55932e-39 3
-0.401255 0.239201 0.520261 8.01958e-39 3
-0.38643 0.235293 0.51176 9.6791e-39 3
-0.37693 0.234526 0.510093 9.127e-39 3
-0.368688 0.234526 0.510093 8.85041e-39 3
-0.360446 0.234526 0.510093 8.85042e-39 3
-0.353355 0.235293 0.51176 8.85042e-39 3
-0.347357 0.236841 0.515126 9.31032e-39 3
-0.347025 0.242423 0.527267 9.21812e-39 3
-0.346676 0.248274 0.539995 9.77093e-39 3
-0.281716 0.244896 0.532648 1.04199e-38 3
-0.272184 0.244066 0.530842 1.21713e-38 3
-0.263607 0.244066 0.530842 9.86637e-39 3
-0.255897 0.244896 0.532648 9.86673e-39 3
-0.253323 0.250869 0.545639 9.59014e-39 3
-0.245361 0.251747 0.547547 9.95784e-39 3
-0.234392 0.269661 0.586511 1.13393e-38 3
-0.227471 0.272725 0.593176 9.95713e-39 3
-0.192954 0.25263 0.549468 1.11575e-38 3
-0.184076 0.25263 0.549468 1.08812e-38 3
-0.173978 0.250869 0.545639 1.06043e-38 3
-0.165161 0.250869 0.545639 9.03733e-39 3
-0.155803 0.249998 0.543745 9.6827e-39 3
-0.147017 0.249998 0.543745 1.11578e-38 3
-0.140178 0.253519 0.551403 1.15259e-38 3
-0.131269 0.253519 0.551403 1.0511e-38 3
-0.12236 0.253519 0.551403 1.16166e-38 3
-0.113451 0.253519 0.551403 1.18003e-38 3
-0.10381 0.251747 0.547547 1.21702e-38 3
-0.0936536 0.248274 0.539995 1.24482e-38 3
-0.0846368 0.247421 0.538139 1.29077e-38 3
-0.075167 0.244896 0.532648 1.17092e-38 3
-0.0663352 0.244066 0.530842 1.23535e-38 3
-0.0573692 0.242423 0.527267 1.33662e-38 3
-0.048686 0.241609 0.525498 1.37339e-38 3
-0.0401953 0.241609 0.525498 1.34577e-38 3
-0.0317046 0.241609 0.525498 1.47481e-38 3
-0.0233708 0.243242 0.529049 1.5209e-38 3
-0.0149235 0.244896 0.532648 1.4564e-38 3
-0.00636061 0.246574 0.536296 1.3551e-38 3
0.00231247 0.247421 0.538139 1.39194e-38 3
0.0111998 0.251747 0.547547 1.40123e-38 3
0.0199769 0.250869 0.545639 1.41056e-38 3
0.028793 0.250869 0.545639 1.37371e-38 3
0.0373489 0.249133 0.541863 1.35528e-38 3
0.0464253 0.250869 0.545639 1.36446e-38 3
0.0558249 0.253519 0.551403 1.39205e-38 3
0.0647342 0.253519 0.551403 1.4103e-38 3
0.0752328 0.258991 0.563304 1.42864e-38 3
0.0861947 0.264704 0.575729 1.46533e-38 3
0.096562 0.267656 0.58215 1.60348e-38 3
0.105576 0.266665 0.579994 1.52065e-38 3
0.114102 0.264704 0.575729 1.42867e-38 3
0.123404 0.264704 0.575729 1.36414e-38 3
0.13222 0.263734 0.573621 1.29052e-38 3
0.141488 0.263734 0.573621 1.23539e-38 3
0.150757 0.263734 0.573621 1.24471e-38 3
0.160025 0.263734 0.573621 1.31858e-38 3
0.169915 0.264704 0.575729 1.37393e-38 3
0.179879 0.265681 0.577854 1.36471e-38 3
0.190622 0.267656 0.58215 1.38301e-38 3
0.200775 0.268655 0.584322 1.29999e-38 3
0.210216 0.268655 0.584322 1.18947e-38 3
0.224687 0.274807 0.597704 1.23564e-38 3
0.236147 0.276921 0.602302 1.23571e-38 3
0.246828 0.27799 0.604627 1.14355e-38 3
0.255611 0.276921 0.602302 1.125e-38 3
0.270545 0.282351 0.614111 1.15266e-38 3
0.284806 0.276921 0.602302 1.06961e-38 3
0.29367 0.258991 0.563304 1.15259e-38 3
0.302771 0.258991 0.563304 1.19869e-38 3
0.322307 0.267656 0.58215 1.13404e-38 3
0.331713 0.267656 0.58215 1.08794e-38 3
0.343674 0.269661 0.586511 1.08798e-38 3
0.357164 0.272725 0.593176 1.06032e-38 3
0.376737 0.280154 0.609332 1.03266e-38 3
0.389614 0.282351 0.614111 1.06954e-38 3
0.404293 0.285712 0.621422 1.06025e-38 3
0.414334 0.285712 0.621422 1.0327e-38 3
0.419382 0.282351 0.614111 1.04192e-38 3
0.429304 0.282351 0.614111 1.01419e-38 3
0.424196 0.266665 0.579994 1.04174e-38 3
0.433568 0.266665 0.579994 9.77202e-39 3
0.441304 0.265681 0.577854 1.00479e-38 3
0.45231 0.266665 0.579994 9.86422e-39 3
0.465127 0.268655 0.584322 9.67983e-39 3
0.474568 0.268655 0.584322 9.77202e-39 3
0.487648 0.270675 0.588716 9.77202e-39 3
0.500927 0.272725 0.593176 9.12701e-39 3
0.512452 0.273762 0.595431 8.94226e-39 3
0.522072 0.273762 0.595431 9.68018e-39 3
0.529679 0.272725 0.593176 9.12665e-39 3
0.537228 0.271696 0.590937 8.94262e-39 3
0.546776 0.271696 0.590937 8.38909e-39 3
0.558432 0.272725 0.593176 8.38836e-39 3
-0.431809 0.241197 0.506791 7.65223e-39 3
-0.437789 0.249263 0.523741 6.82247e-39 3
-0.439618 0.255239 0.536296 6.91431e-39 3
-0.428021 0.253503 0.532648 7.92846e-39 3
-0.411027 0.248432 0.521995 7.37529e-39 3
-0.392136 0.24198 0.508436 8.94189e-39 3
-0.381444 0.240418 0.505156 8.29652e-39 3
-0.373282 0.240418 0.505156 9.03481e-39 3
-0.36512 0.240418 0.505156 9.68018e-39 3
-0.356958 0.240418 0.505156 9.127e-39 3
-0.347674 0.239645 0.503532 9.58798e-39 3
-0.342846 0.24198 0.508436 8.38836e-39 3
-0.344703 0.249263 0.523741 8.84934e-39 3
-0.338505 0.250942 0.527267 9.31031e-39 3
-0.282632 0.246787 0.518538 9.86565e-39 3
-0.274253 0.246787 0.518538 9.95892e-39 3
-0.268543 0.249263 0.523741 1.04195e-38 3
-0.26008 0.249263 0.523741 9.49759e-39 3
-0.253313 0.250942 0.527267 9.49794e-39 3
-0.250702 0.256999 0.539995 9.31355e-39 3
-0.242814 0.257888 0.541863 9.77345e-39 3
-0.214324 0.255239 0.536296 1.02337e-38 3
-0.202197 0.250942 0.527267 9.49652e-39 3
-0.191741 0.248432 0.521995 9.49687e-39 3
-0.182698 0.247607 0.520261 1.07887e-38 3
-0.174292 0.247607 0.520261 1.04199e-38 3
-0.167556 0.2501 0.525498 1.06047e-38 3
-0.1596 0.250942 0.527267 1.0789e-38 3
-0.151081 0.250942 0.527267 9.6827e-39 3
-0.143528 0.252643 0.530842 1.1711e-38 3
-0.134951 0.252643 0.530842 1.08805e-38 3
-0.127237 0.254368 0.534466 1.15252e-38 3
-0.119008 0.255239 0.536296 1.18932e-38 3
-0.110342 0.255239 0.536296 1.21698e-38 3
-0.100986 0.253503 0.532648 1.19862e-38 3
-0.0920663 0.252643 0.530842 1.30014e-38 3
-0.0834892 0.252643 0.530842 1.27248e-38 3
-0.0746591 0.25179 0.529049 1.22624e-38 3
-0.0658885 0.250942 0.527267 1.35528e-38 3
-0.0569854 0.249263 0.523741 1.32747e-38 3
-0.0483614 0.248432 0.521995 1.33655e-38 3
-0.0399273 0.248432 0.521995 1.37353e-38 3
-0.0315986 0.249263 0.523741 1.34584e-38 3
-0.0233708 0.25179 0.529049 1.40119e-38 3
-0.014873 0.252643 0.530842 1.38275e-38 3
-0.00631734 0.253503 0.532648 1.37343e-38 3
0.00229668 0.254368 0.534466 1.23521e-38 3
0.0110454 0.256999 0.539995 1.32747e-38 3
0.0197703 0.256999 0.539995 1.27226e-38 3
0.0284952 0.256999 0.539995 1.2723e-38 3
0.0369652 0.255239 0.536296 1.26308e-38 3
0.045945 0.256999 0.539995 1.2446e-38 3
0.0548591 0.257888 0.541863 1.40126e-38 3
0.0638351 0.258784 0.543745 1.36431e-38 3
0.0731284 0.260594 0.547547 1.3735e-38 3
0.083434 0.26523 0.55729 1.44711e-38 3
0.0947999 0.272006 0.571527 1.63132e-38 3
0.103656 0.271017 0.569449 1.58526e-38 3
0.112857 0.271017 0.569449 1.38254e-38 3
0.122503 0.272006 0.571527 1.47477e-38 3
0.131258 0.271017 0.569449 1.41023e-38 3
0.140459 0.271017 0.569449 1.25368e-38 3
0.150206 0.272006 0.571527 1.19851e-38 3
0.158861 0.271017 0.569449 1.16174e-38 3
0.168062 0.271017 0.569449 1.16192e-38 3
0.175983 0.26906 0.565337 1.29088e-38 3
0.185117 0.26906 0.565337 1.37379e-38 3
0.195664 0.271017 0.569449 1.37379e-38 3
0.209434 0.277062 0.58215 1.3278e-38 3
0.237978 0.288875 0.606971 1.18965e-38 3
0.247785 0.288875 0.606971 1.12511e-38 3
0.264462 0.266178 0.55928 1.0143e-38 3
0.267761 0.260594 0.547547 1.11571e-38 3
0.274687 0.258784 0.543745 1.06039e-38 3
0.282492 0.257888 0.541863 1.10649e-38 3
0.291247 0.257888 0.541863 1.10649e-38 3
0.305284 0.262429 0.551403 1.12482e-38 3
0.316421 0.26429 0.555314 1.08794e-38 3
0.330076 0.268093 0.563304 1.0972e-38 3
0.337961 0.267132 0.561285 1.02344e-38 3
0.397976 0.291132 0.611713 1.06954e-38 3
0.411989 0.268093 0.563304 9.95713e-39 3
0.424142 0.270035 0.567386 1.03252e-38 3
0.431745 0.26906 0.565337 1.04174e-38 3
0.439294 0.268093 0.563304 1.12471e-38 3
0.446788 0.267132 0.561285 1.01408e-38 3
0.457497 0.268093 0.563304 9.21885e-39 3
0.468283 0.26906 0.565337 1.01408e-38 3
0.472302 0.266178 0.55928 9.49543e-39 3
0.479626 0.26523 0.55729 1.00486e-38 3
0.485177 0.263356 0.553351 1.00482e-38 3
0.503005 0.268093 0.563304 9.21885e-39 3
0.519582 0.272006 0.571527 9.21885e-39 3
0.540656 0.278096 0.584322 9.77202e-39 3
-0.426291 0.246198 0.500314 7.46784e-39 3
-0.420896 0.247781 0.503532 6.72992e-39 3
-0.404625 0.247781 0.503532 8.20433e-39 3
-0.385872 0.246198 0.500314 9.77165e-39 3
-0.377788 0.246198 0.500314 8.84969e-39 3
-0.370889 0.246987 0.501918 9.40359e-39 3
-0.362779 0.246987 0.501918 8.57383e-39 3
-0.35467 0.246987 0.501918 8.75822e-39 3
-0.34656 0.246987 0.501918 9.2192e-39 3
-0.339539 0.247781 0.503532 8.84934e-39 3
-0.337922 0.252656 0.513437 9.12664e-39 3
-0.27464 0.240812 0.48937 9.31176e-39 3
-0.26263 0.237108 0.481841 9.68054e-39 3
-0.254845 0.237108 0.481841 9.95748e-39 3
-0.26326 0.252656 0.513437 9.58906e-39 3
-0.194962 0.240062 0.487846 9.58978e-39 3
-0.188252 0.241567 0.490904 9.77418e-39 3
-0.183777 0.246198 0.500314 9.95857e-39 3
-0.176823 0.247781 0.503532 8.6689e-39 3
-0.170331 0.250195 0.508436 9.86744e-39 3
-0.163175 0.25183 0.51176 9.95928e-39 3
-0.154402 0.25101 0.510093 1.02359e-38 3
-0.14616 0.25101 0.510093 8.85258e-39 3
-0.140202 0.255165 0.518538 1.04206e-38 3
-0.132261 0.256013 0.520261 1.10653e-38 3
-0.125102 0.25859 0.525498 1.17106e-38 3
-0.117004 0.259461 0.527267 1.22635e-38 3
-0.108485 0.259461 0.527267 1.19861e-38 3
-0.0999656 0.259461 0.527267 1.14337e-38 3
-0.0914463 0.259461 0.527267 1.13419e-38 3
-0.0826487 0.25859 0.525498 1.04203e-38 3
-0.074158 0.25859 0.525498 1.16174e-38 3
-0.0656674 0.25859 0.525498 1.27241e-38 3
-0.0567955 0.256867 0.521995 1.25382e-38 3
-0.0482007 0.256013 0.520261 1.25372e-38 3
-0.0397947 0.256013 0.520261 1.30903e-38 3
-0.0314932 0.256867 0.521995 1.26301e-38 3
-0.0232921 0.259461 0.527267 1.25372e-38 3
-0.0148227 0.260338 0.529049 1.3551e-38 3
-0.00627465 0.260338 0.529049 1.438e-38 3
0.00228887 0.262109 0.532648 1.36431e-38 3
0.0109697 0.263904 0.536296 1.36435e-38 3
0.0197023 0.264811 0.538139 1.25382e-38 3
0.0283973 0.264811 0.538139 1.28152e-38 3
0.036839 0.263003 0.534466 1.43825e-38 3
0.0457871 0.264811 0.538139 1.33687e-38 3
0.0544821 0.264811 0.538139 1.36449e-38 3
0.063177 0.264811 0.538139 1.23542e-38 3
0.0713813 0.263003 0.534466 1.26301e-38 3
0.122058 0.280218 0.569449 1.43793e-38 3
0.131258 0.280218 0.569449 1.53931e-38 3
0.140972 0.281241 0.571527 1.51172e-38 3
0.151311 0.283309 0.575729 1.45655e-38 3
0.159441 0.281241 0.571527 1.19858e-38 3
0.168062 0.280218 0.569449 1.1895e-38 3
0.177263 0.280218 0.569449 1.1895e-38 3
0.258914 0.26944 0.547547 1.04199e-38 3
0.264982 0.266643 0.541863 1.13408e-38 3
0.271855 0.264811 0.538139 1.14326e-38 3
0.278635 0.263003 0.534466 1.005e-38 3
0.287271 0.263003 0.534466 1.04188e-38 3
0.29692 0.263904 0.536296 1.07883e-38 3
0.306635 0.264811 0.538139 1.06039e-38 3
0.321968 0.270386 0.549468 1.08798e-38 3
0.330846 0.270386 0.549468 1.0511e-38 3
0.33158 0.263904 0.536296 1.03266e-38 3
0.384114 0.270386 0.549468 1.03274e-38 3
0.392992 0.270386 0.549468 9.31284e-39 3
0.409047 0.275214 0.55928 9.49723e-39 3
0.422611 0.278195 0.565337 9.40467e-39 3
0.434604 0.274235 0.55729 1.07869e-38 3
0.440473 0.272297 0.553351 1.04177e-38 3
0.44626 0.270386 0.549468 9.77238e-39 3
0.444227 0.263904 0.536296 9.4036e-39 3
0.446772 0.260338 0.529049 9.86422e-39 3
0.453787 0.259461 0.527267 1.04174e-38 3
0.457684 0.256867 0.521995 1.0049e-38 3
0.469246 0.25859 0.525498 9.77202e-39 3
0.477737 0.25859 0.525498 9.31104e-39 3
0.50311 0.267569 0.543745 9.67982e-39 3
-0.427657 0.255097 0.501918 8.02137e-39 3
-0.420896 0.255917 0.503532 7.65152e-39 3
-0.40623 0.251868 0.495565 8.66603e-39 3
-0.396966 0.251073 0.494001 1.02323e-38 3
-0.37941 0.244893 0.481841 1.0878e-38 3
-0.377431 0.248719 0.48937 9.67945e-39 3
-0.375389 0.252667 0.497138 9.12628e-39 3
-0.368527 0.253472 0.498721 9.68018e-39 3
-0.360469 0.253472 0.498721 9.49543e-39 3
-0.352411 0.253472 0.498721 1.01412e-38 3
-0.343259 0.252667 0.497138 9.31103e-39 3
-0.336295 0.253472 0.498721 1.12468e-38 3
-0.331403 0.255917 0.503532 1.11546e-38 3
-0.295198 0.239729 0.471682 9.49578e-39 3
-0.287577 0.239729 0.471682 8.57419e-39 3
-0.275656 0.242653 0.477434 1.02337e-38 3
-0.267127 0.241915 0.475983 9.77273e-39 3
-0.258651 0.241182 0.474541 1.02337e-38 3
-0.249471 0.239729 0.471682 1.05099e-38 3
-0.24185 0.239729 0.471682 1.06947e-38 3
-0.255897 0.270715 0.532648 1.02341e-38 3
-0.232362 0.263544 0.518538 9.86529e-39 3
-0.190221 0.241915 0.475983 9.77453e-39 3
-0.183647 0.243395 0.478894 9.58979e-39 3
-0.179757 0.248719 0.48937 9.49831e-39 3
-0.173476 0.251073 0.494001 9.95964e-39 3
-0.167076 0.253472 0.498721 8.94657e-39 3
-0.15096 0.253472 0.498721 1.00515e-38 3
-0.142448 0.252667 0.497138 1.05128e-38 3
-0.135274 0.254282 0.500314 1.13426e-38 3
-0.128422 0.256743 0.505156 1.00511e-38 3
-0.12026 0.256743 0.505156 9.95892e-39 3
-0.1074 0.265301 0.521995 1.11575e-38 3
-0.0986371 0.264419 0.520261 1.08805e-38 3
-0.0905318 0.265301 0.521995 1.0789e-38 3
-0.0820977 0.265301 0.521995 1.00515e-38 3
-0.0736637 0.265301 0.521995 1.23549e-38 3
-0.0652296 0.265301 0.521995 1.19872e-38 3
-0.0562332 0.262674 0.516826 1.28155e-38 3
-0.0475686 0.260951 0.513437 1.25372e-38 3
-0.0392728 0.260951 0.513437 1.2907e-38 3
-0.0310789 0.26181 0.515126 1.31836e-38 3
-0.0230592 0.265301 0.521995 1.35524e-38 3
-0.014674 0.266188 0.523741 1.37353e-38 3
-0.00625353 0.26798 0.527267 1.42878e-38 3
0.0022734 0.268886 0.529049 1.39197e-38 3
0.0108951 0.270715 0.532648 1.51186e-38 3
0.0195678 0.271639 0.534466 1.429e-38 3
0.0282034 0.271639 0.534466 1.29074e-38 3
0.0367137 0.270715 0.532648 1.34606e-38 3
0.0454746 0.271639 0.534466 1.29077e-38 3
0.0541102 0.271639 0.534466 1.25397e-38 3
0.0627457 0.271639 0.534466 1.24471e-38 3
0.0751441 0.255097 0.501918 1.27226e-38 3
0.0799236 0.244893 0.481841 1.29074e-38 3
0.08638 0.241182 0.474541 1.2723e-38 3
0.0940474 0.241182 0.474541 1.33669e-38 3
0.101715 0.241182 0.474541 1.41041e-38 3
0.109052 0.240454 0.473107 1.44722e-38 3
0.116344 0.239729 0.471682 1.36424e-38 3
0.132384 0.241182 0.474541 1.28152e-38 3
0.140051 0.241182 0.474541 1.19865e-38 3
0.147273 0.240454 0.473107 1.1433e-38 3
0.161585 0.23901 0.470266 1.21702e-38 3
0.167672 0.236876 0.466067 1.21705e-38 3
0.175726 0.237583 0.467458 1.14341e-38 3
0.184935 0.239729 0.471682 1.26326e-38 3
0.203861 0.244142 0.480363 1.30954e-38 3
0.216266 0.249499 0.490904 1.15277e-38 3
0.225613 0.251073 0.494001 1.09727e-38 3
0.251015 0.269797 0.530842 1.06043e-38 3
0.260475 0.270715 0.532648 1.08791e-38 3
0.267263 0.268886 0.529049 1.09709e-38 3
0.274883 0.26798 0.527267 1.11557e-38 3
0.282451 0.267081 0.525498 1.12486e-38 3
0.291921 0.26798 0.527267 1.11568e-38 3
0.298431 0.266188 0.523741 1.19869e-38 3
0.30587 0.265301 0.521995 1.16174e-38 3
0.3271 0.268886 0.529049 1.16174e-38 3
0.336785 0.269797 0.530842 1.06954e-38 3
0.344196 0.268886 0.529049 9.95857e-39 3
0.366241 0.272569 0.536296 9.31392e-39 3
0.381438 0.277318 0.545639 9.68198e-39 3
0.391618 0.278287 0.547547 1.05117e-38 3
0.407591 0.283239 0.55729 9.95857e-39 3
0.422611 0.287329 0.565337 9.77418e-39 3
0.430192 0.286296 0.563304 9.86565e-39 3
0.430013 0.280247 0.551403 1.05103e-38 3
0.434334 0.277318 0.545639 1.08791e-38 3
0.435562 0.272569 0.536296 1.02337e-38 3
0.442711 0.271639 0.534466 9.49615e-39 3
0.453787 0.26798 0.527267 1.01408e-38 3
0.454653 0.263544 0.518538 9.67982e-39 3
0.466118 0.265301 0.521995 1.00486e-38 3
0.472975 0.264419 0.520261 9.40324e-39 3
-0.430416 0.264905 0.505156 7.37565e-39 3
-0.422254 0.264905 0.505156 8.38908e-39 3
-0.381328 0.24885 0.474541 1.06011e-38 3
-0.369186 0.24587 0.468858 9.86384e-39 3
-0.367106 0.249606 0.475983 9.40286e-39 3
-0.367229 0.255032 0.48633 9.67945e-39 3
-0.363891 0.25824 0.492448 1.0049e-38 3
-0.35371 0.256626 0.48937 9.68018e-39 3
-0.299214 0.244406 0.466067 9.21991e-39 3
-0.289103 0.242243 0.461942 8.39015e-39 3
-0.282472 0.24296 0.463309 9.68089e-39 3
-0.280802 0.248098 0.473107 1.12486e-38 3
-0.273985 0.24885 0.474541 1.07869e-38 3
-0.265513 0.248098 0.473107 1.11557e-38 3
-0.257869 0.248098 0.473107 1.02337e-38 3
-0.247978 0.24587 0.468858 1.05107e-38 3
-0.240402 0.24587 0.468858 9.86528e-39 3
-0.234229 0.247351 0.471682 1.07872e-38 3
-0.223246 0.243681 0.464684 9.12844e-39 3
-0.21638 0.244406 0.466067 9.77381e-39 3
-0.20823 0.243681 0.464684 1.02355e-38 3
-0.203133 0.246608 0.470266 9.68233e-39 3
-0.197312 0.24885 0.474541 8.94477e-39 3
-0.189072 0.248098 0.473107 1.02362e-38 3
-0.180338 0.246608 0.470266 1.00511e-38 3
-0.17326 0.247351 0.471682 1.0788e-38 3
-0.163667 0.244406 0.466067 1.06965e-38 3
-0.152063 0.23803 0.453908 9.2228e-39 3
-0.144729 0.23803 0.453908 1.09734e-38 3
-0.138196 0.239418 0.456555 1.07887e-38 3
-0.137641 0.251903 0.480363 1.16184e-38 3
-0.133567 0.259055 0.494001 1.06965e-38 3
-0.126786 0.26153 0.498721 1.005e-38 3
-0.118728 0.26153 0.498721 1.03266e-38 3
-0.103935 0.264905 0.505156 1.06043e-38 3
-0.0960834 0.265762 0.506791 1.16174e-38 3
-0.0881803 0.266625 0.508436 1.15262e-38 3
-0.0797065 0.265762 0.506791 1.07898e-38 3
-0.0717503 0.266625 0.508436 1.15262e-38 3
-0.0635353 0.266625 0.508436 1.19865e-38 3
-0.0431798 0.244406 0.466067 1.19851e-38 3
-0.0354385 0.24296 0.463309 1.26294e-38 3
-0.0279526 0.24296 0.463309 1.23528e-38 3
-0.0207118 0.24587 0.468858 1.29059e-38 3
-0.0131363 0.24587 0.468858 1.41048e-38 3
-0.00556077 0.24587 0.468858 1.43814e-38 3
0.00203301 0.248098 0.473107 1.31836e-38 3
0.0096772 0.248098 0.473107 1.26308e-38 3
0.0341577 0.259875 0.495565 1.28159e-38 3
0.0714785 0.250367 0.477434 1.33694e-38 3
0.07777 0.24587 0.468858 1.21702e-38 3
0.0845858 0.243681 0.464684 1.29996e-38 3
0.0920938 0.243681 0.464684 1.30007e-38 3
0.0996019 0.243681 0.464684 1.29077e-38 3
0.106793 0.24296 0.463309 1.37368e-38 3
0.114279 0.24296 0.463309 1.36431e-38 3
0.12249 0.244406 0.466067 1.309e-38 3
0.131191 0.246608 0.470266 1.36449e-38 3
0.137961 0.245136 0.467458 1.26319e-38 3
0.145514 0.245136 0.467458 1.17085e-38 3
0.151261 0.242243 0.461942 1.16163e-38 3
0.158258 0.241531 0.460584 1.24468e-38 3
0.165214 0.240822 0.459233 1.30003e-38 3
0.173652 0.242243 0.461942 1.21716e-38 3
0.181116 0.242243 0.461942 1.29095e-38 3
0.202618 0.250367 0.477434 1.23567e-38 3
0.210976 0.251133 0.478894 1.15273e-38 3
0.221422 0.254243 0.484825 1.10649e-38 3
0.256119 0.27465 0.523741 1.18018e-38 3
0.257687 0.267493 0.510093 1.23542e-38 3
0.265065 0.266625 0.508436 1.27223e-38 3
0.27878 0.264053 0.503532 1.15248e-38 3
0.285082 0.262366 0.500314 1.07883e-38 3
0.292233 0.26153 0.498721 1.0511e-38 3
0.299337 0.2607 0.497138 9.77345e-39 3
0.312327 0.264905 0.505156 1.07876e-38 3
0.33228 0.27465 0.523741 1.15252e-38 3
0.376194 0.282201 0.538139 1.0143e-38 3
0.384889 0.282201 0.538139 1.08798e-38 3
0.348403 0.244406 0.466067 9.95857e-39 3
0.355933 0.244406 0.466067 9.58978e-39 3
0.422573 0.284154 0.541863 1.01437e-38 3
0.423993 0.279321 0.532648 1.00497e-38 3
0.42823 0.2765 0.527267 9.77274e-39 3
0.436749 0.2765 0.527267 9.68018e-39 3
0.446772 0.277434 0.529049 9.95713e-39 3
0.453787 0.2765 0.527267 9.77274e-39 3
0.453152 0.271024 0.516826 9.95677e-39 3
0.464569 0.272825 0.520261 9.86457e-39 3
-0.390743 0.252688 0.467458 7.92846e-39 3
-0.382049 0.251936 0.466067 8.85041e-39 3
-0.370113 0.248972 0.460584 1.02326e-38 3
-0.358454 0.246077 0.455228 9.40286e-39 3
-0.348063 0.24395 0.451292 9.49506e-39 3
-0.341756 0.244655 0.452597 1.05089e-38 3
-0.3472 0.259665 0.480363 1.01412e-38 3
-0.310441 0.254972 0.471682 8.94333e-39 3
-0.287246 0.241859 0.447424 9.86492e-39 3
-0.282438 0.24395 0.451292 1.05099e-38 3
-0.278355 0.246795 0.456555 1.12482e-38 3
-0.277449 0.252688 0.467458 9.86529e-39 3
-0.271517 0.254206 0.470266 1.05103e-38 3
-0.262343 0.252688 0.467458 1.0695e-38 3
-0.252529 0.250446 0.463309 9.68089e-39 3
-0.213834 0.248972 0.460584 9.40467e-39 3
-0.206392 0.248972 0.460584 9.68233e-39 3
-0.201319 0.251936 0.466067 9.77453e-39 3
-0.194949 0.253445 0.468858 1.02355e-38 3
-0.186258 0.251936 0.466067 1.05128e-38 3
-0.177146 0.249707 0.461942 1.20794e-38 3
-0.169682 0.249707 0.461942 1.16184e-38 3
-0.152063 0.245364 0.453908 1.18954e-38 3
-0.144729 0.245364 0.453908 1.11575e-38 3
-0.137795 0.246077 0.455228 1.07887e-38 3
-0.133944 0.252688 0.467458 1.01433e-38 3
-0.117604 0.267037 0.494001 1.15262e-38 3
-0.103269 0.271316 0.501918 9.49831e-39 3
-0.0951595 0.271316 0.501918 1.15252e-38 3
-0.0867717 0.270449 0.500314 1.15262e-38 3
-0.077695 0.267037 0.494001 1.18036e-38 3
-0.0589424 0.254972 0.471682 1.18021e-38 3
-0.0510139 0.253445 0.468858 1.1617e-38 3
-0.0430517 0.251189 0.464684 1.1617e-38 3
-0.0354385 0.250446 0.463309 1.28148e-38 3
-0.0279526 0.250446 0.463309 1.26297e-38 3
-0.0204667 0.250446 0.463309 1.28141e-38 3
-0.0129425 0.249707 0.461942 1.3184e-38 3
-0.00541486 0.246795 0.456555 1.34606e-38 3
0.0019734 0.248242 0.459233 1.23546e-38 3
0.00936594 0.247516 0.45789 1.26315e-38 3
0.0166668 0.246077 0.455228 1.28163e-38 3
0.0314689 0.246795 0.456555 1.28163e-38 3
0.0389592 0.247516 0.45789 1.12489e-38 3
0.0532884 0.245364 0.453908 1.18943e-38 3
0.062432 0.252688 0.467458 1.20794e-38 3
0.0699849 0.252688 0.467458 1.22631e-38 3
0.0768496 0.250446 0.463309 1.24475e-38 3
0.0838394 0.248972 0.460584 1.18936e-38 3
0.0912813 0.248972 0.460584 1.20794e-38 3
0.0987231 0.248972 0.460584 1.22642e-38 3
0.105854 0.248242 0.459233 1.13422e-38 3
0.113274 0.248242 0.459233 1.18936e-38 3
0.156418 0.246077 0.455228 1.3829e-38 3
0.163773 0.246077 0.455228 1.39219e-38 3
0.172129 0.247516 0.45789 1.32769e-38 3
0.179527 0.247516 0.45789 1.22638e-38 3
0.198978 0.253445 0.468858 1.18957e-38 3
0.226327 0.267882 0.495565 1.11578e-38 3
0.23658 0.270449 0.500314 1.13419e-38 3
0.248635 0.27484 0.508436 1.20783e-38 3
0.261667 0.271316 0.501918 1.3552e-38 3
0.268915 0.270449 0.500314 1.29074e-38 3
0.276999 0.270449 0.500314 1.26315e-38 3
0.284175 0.269588 0.498721 1.16181e-38 3
0.291305 0.268732 0.497138 1.1156e-38 3
0.293742 0.263709 0.487846 1.06032e-38 3
0.306397 0.267882 0.495565 1.08798e-38 3
0.31075 0.251936 0.466067 1.09727e-38 3
0.313614 0.248242 0.459233 1.12493e-38 3
0.319162 0.246795 0.456555 1.10649e-38 3
0.326539 0.246795 0.456555 1.10642e-38 3
0.337856 0.249707 0.461942 1.06954e-38 3
0.346341 0.250446 0.463309 1.06039e-38 3
0.352783 0.249707 0.461942 9.77418e-39 3
0.359187 0.248972 0.460584 1.06043e-38 3
0.425293 0.277543 0.513437 9.49615e-39 3
0.440815 0.282169 0.521995 8.8515e-39 3
0.447757 0.281231 0.520261 9.68054e-39 3
0.451661 0.278456 0.515126 9.58835e-39 3
-0.380916 0.258697 0.464684 8.94297e-39 3
-0.356382 0.251968 0.452597 9.49506e-39 3
-0.343119 0.247673 0.444882 1.02326e-38 3
-0.334033 0.246274 0.442368 1.09698e-38 3
-0.321437 0.242169 0.434996 1.06021e-38 3
-0.314409 0.242169 0.434996 1.03255e-38 3
-0.305682 0.240831 0.432592 9.31175e-39 3
-0.298693 0.240831 0.432592 9.31174e-39 3
-0.284805 0.246971 0.443622 9.95712e-39 3
-0.280819 0.249802 0.448706 1.13397e-38 3
-0.27828 0.261021 0.468858 9.95748e-39 3
-0.249575 0.254915 0.45789 9.4965e-39 3
-0.19895 0.256414 0.460584 1.10653e-38 3
-0.191509 0.256414 0.460584 1.02355e-38 3
-0.182457 0.254172 0.456555 1.0605e-38 3
-0.174065 0.252698 0.453908 1.15255e-38 3
-0.16577 0.251242 0.451292 1.06968e-38 3
-0.158478 0.251242 0.451292 1.11578e-38 3
-0.15032 0.249802 0.448706 1.13419e-38 3
-0.143482 0.25052 0.449995 1.02344e-38 3
-0.136998 0.251968 0.452597 1.03266e-38 3
-0.13082 0.254172 0.456555 1.01422e-38 3
-0.126769 0.261021 0.468858 1.02348e-38 3
-0.122872 0.269077 0.483328 1.06965e-38 3
-0.116501 0.27244 0.48937 1.04203e-38 3
-0.102286 0.276765 0.497138 1.1527e-38 3
-0.093955 0.275889 0.495565 1.19872e-38 3
-0.0846092 0.271591 0.487846 1.12497e-38 3
-0.0667646 0.263386 0.473107 1.16184e-38 3
-0.0584145 0.260241 0.467458 1.16174e-38 3
-0.0508616 0.260241 0.467458 1.18939e-38 3
-0.0429243 0.257932 0.463309 1.26315e-38 3
-0.0354385 0.257932 0.463309 1.39222e-38 3
-0.0279526 0.257932 0.463309 1.42903e-38 3
-0.0204667 0.257932 0.463309 1.25386e-38 3
-0.0128666 0.255662 0.459233 1.2078e-38 3
-0.00539912 0.253433 0.455228 1.30007e-38 3
0.00195619 0.253433 0.455228 1.22631e-38 3
0.0092845 0.252698 0.453908 1.26326e-38 3
0.0165705 0.251968 0.452597 1.24486e-38 3
0.0240221 0.253433 0.455228 1.25411e-38 3
0.0313774 0.253433 0.455228 1.31861e-38 3
0.0387327 0.253433 0.455228 1.28173e-38 3
0.0458216 0.251968 0.452597 1.28173e-38 3
0.0529813 0.251242 0.451292 1.28173e-38 3
0.06776 0.251968 0.452597 1.29092e-38 3
0.0746413 0.25052 0.449995 1.21713e-38 3
0.0833491 0.254915 0.45789 1.29085e-38 3
0.0907474 0.254915 0.45789 1.22634e-38 3
0.0984336 0.255662 0.459233 1.22649e-38 3
0.105544 0.254915 0.45789 1.17128e-38 3
0.112942 0.254915 0.45789 1.18943e-38 3
0.24042 0.283055 0.508436 1.17114e-38 3
0.25026 0.284905 0.51176 1.11575e-38 3
0.256019 0.282139 0.506791 1.12489e-38 3
0.261667 0.279426 0.501918 1.20769e-38 3
0.268915 0.278533 0.500314 1.32762e-38 3
0.276999 0.278533 0.500314 1.38301e-38 3
0.283272 0.276765 0.497138 1.28166e-38 3
0.291305 0.276765 0.497138 1.07883e-38 3
0.291022 0.269077 0.483328 1.10649e-38 3
0.297912 0.268249 0.481841 1.11575e-38 3
0.289437 0.247673 0.444882 1.06965e-38 3
0.301769 0.251968 0.452597 1.12493e-38 3
0.309082 0.251968 0.452597 1.09727e-38 3
0.314576 0.25052 0.449995 1.15259e-38 3
0.322775 0.251242 0.451292 1.18943e-38 3
0.33102 0.251968 0.452597 1.15252e-38 3
0.3403 0.253433 0.455228 1.05117e-38 3
0.348669 0.254172 0.456555 1.00508e-38 3
0.356046 0.254172 0.456555 9.59051e-39 3
0.365554 0.255662 0.459233 1.04199e-38 3
0.381934 0.261804 0.470266 9.8653e-39 3
0.391886 0.263386 0.473107 9.12773e-39 3
0.429366 0.283055 0.508436 8.39052e-39 3
0.439006 0.283977 0.510093 8.66711e-39 3
