# .PCD v0.7 - Point Cloud Data file format
VERSION 0.7
FIELDS x y z rgb label
SIZE 4 4 4 4 4
TYPE F F F F U
COUNT 1 1 1 1 1
WIDTH 2656
HEIGHT 1
VIEWPOINT 0 0 0 1 0 0 0
POINTS 2656
DATA ascii
-1.02399 -0.411401 2.20561 1.0138e-39 1
-0.988357 -0.411401 2.20561 1.56697e-39 1
-0.95272 -0.411401 2.20561 1.28859e-39 1
-0.857297 -0.40013 2.14518 1.56446e-39 1
-1.02399 -0.375764 2.20561 1.75065e-39 1
-0.988357 -0.375764 2.20561 8.29412e-40 1
-0.939488 -0.370545 2.17498 1.84105e-39 1
-0.904346 -0.370545 2.17498 2.02328e-39 1
-0.845712 -0.360531 2.11619 1.2868e-39 1
-0.81152 -0.360531 2.11619 1.84177e-39 1
-1.01667 -0.326338 2.11619 1.47334e-39 1
-0.99594 -0.330809 2.14518 1.47406e-39 1
-0.961279 -0.330809 2.14518 1.93576e-39 1
-0.879904 -0.326338 2.11619 2.30167e-39 1
-0.834436 -0.321987 2.08798 1.47227e-39 1
-0.779902 -0.313624 2.03375 1.56554e-39 1
-0.766963 -0.321987 2.08798 1.47406e-39 1
-0.753315 -0.330809 2.14518 1.93504e-39 1
-1.01667 -0.292146 2.11619 2.02472e-39 1
-0.99594 -0.296148 2.14518 1.93504e-39 1
-0.961279 -0.296148 2.14518 9.20889e-40 1
-0.914097 -0.292146 2.11619 1.38187e-39 1
-0.879904 -0.292146 2.11619 1.65846e-39 1
-0.790164 -0.284458 2.06051 2.11908e-39 1
-0.766963 -0.288251 2.08798 1.84356e-39 1
-0.774535 -0.30449 2.20561 1.65917e-39 1
-0.738899 -0.30449 2.20561 1.93432e-39 1
-0.7856 -0.272694 2.23712 2.02831e-39 1
-0.749454 -0.272694 2.23712 1.84284e-39 1
-0.771497 -0.243505 2.30292 1.751e-39 1
-0.392927 -0.201931 1.90974 1.21662e-38 5
-0.323328 -0.197123 1.86427 1.65887e-38 5
-0.300358 -0.201931 1.90974 1.44697e-38 5
-0.256966 -0.192539 1.82091 4.97606e-39 5
0.124639 -0.359964 3.40431 1.47478e-39 1
0.179644 -0.359964 3.40431 1.75137e-39 1
-0.392927 -0.171075 1.90974 1.66835e-38 5
-0.36207 -0.171075 1.90974 1.85281e-38 5
-0.323328 -0.167002 1.86427 1.83441e-38 5
-0.300358 -0.171075 1.90974 1.77923e-38 5
-0.256966 -0.163118 1.82091 1.24453e-38 5
0.121987 -0.298471 3.33188 1.65881e-39 1
0.158915 -0.269772 3.01151 1.47442e-39 1
0.207574 -0.269772 3.01151 1.84212e-39 1
0.246742 -0.25978 2.89997 2.02651e-39 1
0.293598 -0.25978 2.89997 1.47334e-39 1
-0.434378 -0.143724 1.95748 1.20737e-38 5
-0.392927 -0.140218 1.90974 1.53924e-38 5
-0.333593 -0.12919 1.75953 1.75161e-38 5
-0.301773 -0.127755 1.73998 1.79775e-38 5
-0.270652 -0.126351 1.72086 1.75165e-38 5
-0.242847 -0.126351 1.72086 1.44733e-38 5
0.110257 -0.221114 3.01151 1.19783e-39 1
0.155917 -0.216942 2.95469 1.75065e-39 1
0.199886 -0.212924 2.89997 1.93396e-39 1
0.246742 -0.212924 2.89997 2.3031e-39 1
0.293598 -0.212924 2.89997 2.48749e-39 1
-0.466006 -0.112096 1.95748 2.21163e-39 5
-0.434378 -0.112096 1.95748 4.23633e-39 5
-0.370345 -0.103077 1.79998 1.19811e-38 5
-0.333593 -0.100761 1.75953 1.61335e-38 5
-0.305163 -0.100761 1.75953 1.74254e-38 5
-0.273659 -0.0996409 1.73998 1.73321e-38 5
-0.245546 -0.0996409 1.73998 1.67782e-38 5
-0.365495 -0.0631124 1.53528 2.85592e-39 5
-0.347502 -0.0643746 1.56598 9.39821e-39 5
-0.333593 -0.072331 1.75953 1.67778e-38 5
-0.301773 -0.0715273 1.73998 1.72399e-38 5
-0.270652 -0.0707413 1.72086 1.75165e-38 5
-0.245546 -0.0715273 1.73998 1.70551e-38 5
-0.355052 -0.0372118 1.49141 6.17568e-39 5
-0.344062 -0.0386855 1.55048 1.23495e-38 5
-0.354066 -0.0429366 1.72086 1.2163e-38 5
-0.329886 -0.0434137 1.73998 1.68675e-38 5
-0.298457 -0.0429366 1.72086 1.75154e-38 5
-0.270652 -0.0429366 1.72086 1.77009e-38 5
-0.245546 -0.0434137 1.73998 1.64098e-38 5
-0.355052 -0.0131144 1.49141 8.94227e-39 5
-0.344062 -0.0136338 1.55048 1.43786e-38 5
-0.354066 -0.015132 1.72086 1.25321e-38 5
-0.333593 -0.015472 1.75953 1.40087e-38 5
-0.305163 -0.015472 1.75953 1.66842e-38 5
-0.276734 -0.015472 1.75953 1.73321e-38 5
-0.248304 -0.015472 1.75953 1.57633e-38 5
-0.219875 -0.015472 1.75953 1.01383e-38 5
-0.351702 0.0108794 1.47734 1.30904e-38 5
-0.337381 0.0111963 1.52037 1.06004e-38 5
-0.350217 0.0125349 1.70216 9.86062e-39 5
-0.333593 0.0129575 1.75953 1.41016e-38 5
-0.305163 0.0129575 1.75953 1.52094e-38 5
-0.276734 0.0129575 1.75953 1.54878e-38 5
-0.248304 0.0129575 1.75953 1.65934e-38 5
-0.219875 0.0129575 1.75953 1.38272e-38 5
-0.107363 0.0131047 1.77953 3.68747e-39 3
-0.0823541 0.0137287 1.86427 3.87186e-39 3
0.0108537 0.0186002 2.52578 4.0559e-39 3
0.0500493 0.018019 2.44685 3.50308e-39 3
0.089584 0.018019 2.44685 3.87186e-39 3
0.125206 0.017473 2.3727 3.87186e-39 3
0.163543 0.017473 2.3727 2.85843e-39 3
-0.948386 0.0409271 1.73998 3.41052e-39 3
-0.368617 0.0341059 1.44999 6.82033e-39 5
-0.348415 0.0344247 1.46354 9.40289e-39 5
-0.330954 0.0350804 1.49141 6.17532e-39 5
-0.354066 0.0404774 1.72086 1.37336e-38 5
-0.341262 0.0423384 1.79998 1.60388e-38 5
-0.312179 0.0423384 1.79998 1.02316e-38 5
-0.283096 0.0423384 1.79998 7.00617e-39 5
-0.251126 0.0418573 1.77953 1.61328e-38 5
-0.22493 0.0423384 1.79998 1.41971e-38 3
-0.200455 0.0433346 1.84233 4.88565e-39 3
-0.168703 0.0428307 1.82091 4.60978e-39 3
-0.139281 0.0428307 1.82091 3.87186e-39 3
-0.10986 0.0428307 1.82091 4.24136e-39 3
-0.0886891 0.0472236 2.00767 4.70198e-39 3
0.0108537 0.0594103 2.52578 4.33284e-39 3
0.0500493 0.0575537 2.44685 3.96406e-39 3
0.0868694 0.0558097 2.3727 3.87186e-39 3
0.125206 0.0558097 2.3727 4.14881e-39 3
-0.63574 0.0334068 0.841927 2.76587e-39 3
-0.602695 0.0323628 0.815617 2.94954e-39 3
-0.589517 0.0323628 0.815617 3.22648e-39 3
-0.582405 0.0327035 0.824202 3.31832e-39 3
-0.667449 0.038356 0.966657 3.04174e-39 3
-0.676901 0.0398312 1.00384 3.22578e-39 3
-2.11301 0.163517 4.12101 5.43847e-39 3
-0.400635 0.0554792 1.3982 8.94298e-39 3
-0.384917 0.0564879 1.42362 7.28238e-39 3
-0.372062 0.0580716 1.46354 5.71542e-39 3
-0.355052 0.0591778 1.49141 5.8998e-39 3
-0.337381 0.0603268 1.52037 6.54517e-39 3
-0.358 0.0690407 1.73998 1.1984e-38 3
-0.341262 0.0714214 1.79998 1.35517e-38 3
-0.312179 0.0714214 1.79998 7.19019e-39 3
-0.283096 0.0714214 1.79998 6.91396e-39 3
-0.251126 0.0706098 1.77953 9.21849e-39 3
-0.227545 0.0722519 1.82091 1.04178e-38 3
-0.200455 0.0731019 1.84233 7.28382e-39 3
-0.166763 0.0714214 1.79998 5.53174e-39 3
-0.13768 0.0714214 1.79998 5.90052e-39 3
-0.112476 0.0739722 1.86427 5.99236e-39 3
-0.0886891 0.0796624 2.00767 5.1626e-39 3
0.0485326 0.0941464 2.3727 5.6243e-39 3
0.0868694 0.0941464 2.3727 4.88709e-39 3
0.121524 0.0913774 2.30292 5.16331e-39 3
0.163543 0.0941464 2.3727 5.16439e-39 3
-2.87566 0.208188 3.72853 3.31904e-39 3
-2.5706 0.190085 3.40431 3.68783e-39 3
-0.602695 0.0455411 0.815617 2.67367e-39 3
-0.589517 0.0455411 0.815617 4.0566e-39 3
-0.582405 0.0460205 0.824202 4.1488e-39 3
-2.07061 0.218597 3.91496 4.42576e-39 3
-2.00736 0.218597 3.91496 4.14845e-39 3
-2.04642 0.230102 4.12101 3.50308e-39 3
-0.701111 0.136623 2.44685 5.992e-39 3
-0.445694 0.0920409 1.6484 5.80797e-39 3
-0.41906 0.0920409 1.6484 5.992e-39 3
-0.396601 0.0930201 1.66594 5.99235e-39 3
-0.390452 0.098246 1.75953 7.46748e-39 3
-0.362022 0.098246 1.75953 8.29689e-39 3
-0.341262 0.100504 1.79998 6.63809e-39 3
-0.312179 0.100504 1.79998 7.74443e-39 3
-0.279879 0.0993624 1.77953 6.91467e-39 3
-0.251126 0.0993624 1.77953 7.37565e-39 3
-0.222374 0.0993624 1.77953 7.00723e-39 3
-0.200455 0.102869 1.84233 6.54625e-39 3
-0.163016 0.098246 1.75953 7.00687e-39 3
-0.139281 0.101673 1.82091 6.91467e-39 3
-0.121128 0.112101 2.00767 6.63773e-39 3
-0.098825 0.124913 2.23712 6.82248e-39 3
0.0471052 0.128587 2.30292 5.80833e-39 3
0.0843144 0.128587 2.30292 6.27002e-39 3
0.121524 0.128587 2.30292 6.45441e-39 3
0.398115 0.0470102 0.841927 6.27111e-39 3
0.425322 0.0470102 0.841927 4.51759e-39 3
2.00371 0.132483 2.3727 2.39637e-39 3
2.04204 0.132483 2.3727 2.94954e-39 3
-3.42522 0.31317 4.34996 3.31941e-39 3
-2.87566 0.268431 3.72853 3.78003e-39 3
-2.5706 0.245089 3.40431 3.96441e-39 3
-2.5156 0.245089 3.40431 4.60978e-39 3
-2.38689 0.281853 3.91496 5.34735e-39 3
-2.44593 0.296687 4.12101 5.07076e-39 3
-2.37935 0.296687 4.12101 5.53174e-39 3
-2.07061 0.281853 3.91496 4.97893e-39 3
-1.91177 0.268431 3.72853 5.2548e-39 3
-1.9441 0.281853 3.91496 4.88602e-39 3
-1.97984 0.296687 4.12101 5.43954e-39 3
-2.13834 0.331592 4.60584 4.97856e-39 3
-0.740646 0.176158 2.44685 5.8998e-39 3
-0.701111 0.176158 2.44685 6.36042e-39 3
-0.522727 0.139187 1.93331 5.80833e-39 3
-0.49149 0.139187 1.93331 6.26858e-39 3
-0.45464 0.137489 1.90974 5.99271e-39 3
-0.408826 0.132637 1.84233 5.62321e-39 3
-0.379059 0.132637 1.84233 6.63737e-39 3
-0.349291 0.132637 1.84233 7.09835e-39 3
-0.319524 0.132637 1.84233 6.91467e-39 3
-0.283096 0.129588 1.79998 6.82247e-39 3
-0.248304 0.126675 1.75953 7.00759e-39 3
-0.222374 0.128115 1.77953 7.28382e-39 3
-0.193621 0.128115 1.77953 7.28417e-39 3
-0.164868 0.128115 1.77953 7.46856e-39 3
-0.149727 0.140926 1.95748 7.19126e-39 3
-0.121128 0.14454 2.00767 6.3615e-39 3
-0.111577 0.181841 2.52578 6.45369e-39 3
-0.0783486 0.201323 2.7964 7.37565e-39 3
0.0454044 0.0619457 0.860431 6.91539e-39 3
0.15608 0.0841352 1.16864 6.17783e-39 3
0.169891 0.0816965 1.13477 6.91539e-39 3
0.188226 0.0816965 1.13477 7.37565e-39 3
0.206561 0.0816965 1.13477 7.19126e-39 3
0.425572 0.0647938 0.899991 6.45478e-39 3
0.425443 0.062634 0.869991 5.53283e-39 3
2.00371 0.17082 2.3727 2.21198e-39 3
2.04204 0.17082 2.3727 2.02759e-39 3
2.2146 0.181841 2.52578 2.6726e-39 3
1.72987 0.119937 1.66594 3.1343e-39 3
1.68508 0.115042 1.59794 3.41089e-39 3
1.7109 0.115042 1.59794 3.31941e-39 3
1.70198 0.112741 1.56598 3.4116e-39 3
-3.62671 0.40601 4.60584 4.51795e-39 3
-3.17836 0.363272 4.12101 4.70234e-39 3
-2.5706 0.300094 3.40431 5.07112e-39 3
-2.5156 0.300094 3.40431 4.42611e-39 3
-2.71227 0.363272 4.12101 5.34735e-39 3
-2.64569 0.363272 4.12101 5.53174e-39 3
-2.5791 0.363272 4.12101 5.99272e-39 3
-2.38689 0.345108 3.91496 4.79417e-39 3
-2.44593 0.363272 4.12101 5.80832e-39 3
-2.37935 0.363272 4.12101 5.8998e-39 3
-2.37096 0.383454 4.34996 5.34735e-39 3
-2.07061 0.345108 3.91496 5.62394e-39 3
-1.82487 0.313735 3.55905 5.43991e-39 3
-1.76736 0.313735 3.55905 6.36186e-39 3
-2.21276 0.40601 4.60584 5.71649e-39 3
-0.740646 0.215693 2.44685 6.54445e-39 3
-0.701111 0.215693 2.44685 7.09762e-39 3
-0.529261 0.172554 1.95748 7.28309e-39 3
-0.503933 0.174738 1.98226 7.37529e-39 3
-0.471904 0.174738 1.98226 7.83591e-39 3
-0.429015 0.170424 1.93331 7.37493e-39 3
-0.383571 0.164337 1.86427 6.91395e-39 3
-0.35345 0.164337 1.86427 7.55932e-39 3
-0.323328 0.164337 1.86427 8.48127e-39 3
-0.286387 0.160516 1.82091 6.73028e-39 3
-0.254013 0.158671 1.79998 6.63809e-39 3
-0.227545 0.160516 1.82091 6.08491e-39 3
-0.205285 0.166317 1.88673 5.90196e-39 3
-0.1748 0.166317 1.88673 6.1789e-39 3
-0.153567 0.176979 2.00767 7.65223e-39 3
-0.1181 0.172554 1.95748 7.46749e-39 3
-0.111577 0.222651 2.52578 8.85042e-39 3
-0.0731254 0.230072 2.60997 9.127e-39 3
0.0337257 0.081202 0.921167 7.56076e-39 3
0.0491881 0.0821687 0.932133 8.11393e-39 3
0.143252 0.0945503 1.07259 8.482e-39 3
0.169891 0.100031 1.13477 8.11322e-39 3
0.188226 0.100031 1.13477 8.02102e-39 3
0.206561 0.100031 1.13477 6.8232e-39 3
0.224896 0.100031 1.13477 7.376e-39 3
0.266396 0.109558 1.24284 7.28345e-39 3
0.26707 0.0718976 0.815617 7.65368e-39 3
0.280248 0.0718976 0.815617 8.76002e-39 3
0.436093 0.0841728 0.954868 8.94334e-39 3
0.435585 0.081202 0.921167 7.56041e-39 3
0.466949 0.0841728 0.954868 6.5459e-39 3
0.494437 0.0862771 0.97874 5.43812e-39 3
2.28008 0.238006 2.69997 2.76516e-39 3
2.10586 0.215693 2.44685 2.7648e-39 3
2.2146 0.222651 2.52578 3.22578e-39 3
1.7109 0.140861 1.59794 4.33356e-39 3
1.70198 0.138043 1.56598 3.4116e-39 3
1.69341 0.135337 1.53528 3.78038e-39 3
1.71822 0.135337 1.53528 3.59599e-39 3
-3.62671 0.480428 4.60584 4.97893e-39 3
-3.17836 0.429857 4.12101 4.51795e-39 3
-2.46349 0.340303 3.26247 4.79454e-39 3
-2.41078 0.340303 3.26247 4.24136e-39 3
-2.77886 0.429857 4.12101 5.53246e-39 3
-2.34242 0.37124 3.55905 6.26966e-39 3
-2.28491 0.37124 3.55905 6.17711e-39 3
-2.5791 0.429857 4.12101 6.3615e-39 3
-2.51252 0.429857 4.12101 5.71613e-39 3
-2.37096 0.453738 4.34996 5.43918e-39 3
-2.17959 0.429857 4.12101 5.99271e-39 3
-1.82487 0.37124 3.55905 6.27002e-39 3
-1.76736 0.37124 3.55905 6.17783e-39 3
-1.06072 0.276857 2.65421 7.65224e-39 3
-0.822637 0.223761 2.14518 7.83627e-39 3
-0.756872 0.214928 2.06051 8.29724e-39 3
-0.670634 0.199202 1.90974 8.85042e-39 3
-0.639778 0.199202 1.90974 8.57383e-39 3
-0.734288 0.240214 2.30292 8.11213e-39 3
-0.697079 0.240214 2.30292 8.01886e-39 3
-0.53418 0.194459 1.86427 7.37349e-39 3
-0.510131 0.196802 1.88673 7.18982e-39 3
-0.49149 0.201661 1.93331 7.46748e-39 3
-0.460252 0.201661 1.93331 7.46713e-39 3
-0.429015 0.201661 1.93331 9.03445e-39 3
-0.388193 0.196802 1.88673 8.94261e-39 3
-0.357708 0.196802 1.88673 8.29617e-39 3
-0.327223 0.196802 1.88673 9.03481e-39 3
-0.289757 0.192171 1.84233 8.48164e-39 3
-0.256966 0.189937 1.82091 8.482e-39 3
-0.227545 0.189937 1.82091 8.20505e-39 3
-0.202841 0.194459 1.86427 7.93062e-39 3
-0.170687 0.192171 1.84233 7.19341e-39 3
-0.14092 0.192171 1.84233 7.37528e-39 3
-0.112476 0.194459 1.86427 8.11249e-39 3
-0.0864718 0.204182 1.95748 8.85041e-39 3
-0.054844 0.204182 1.95748 9.31139e-39 3
0.0341272 0.0972295 0.932133 7.92954e-39 3
0.0491881 0.0972295 0.932133 7.83735e-39 3
0.0666286 0.100831 0.966657 8.11357e-39 3
0.0854106 0.104709 1.00384 9.12772e-39 3
0.11165 0.115032 1.10281 8.85114e-39 3
0.12422 0.110369 1.0581 1.01419e-38 3
0.141316 0.110369 1.0581 8.94261e-39 3
0.1563 0.108897 1.04399 8.75858e-39 3
0.173168 0.108897 1.04399 8.94369e-39 3
0.190036 0.108897 1.04399 9.49687e-39 3
0.224896 0.118366 1.13477 1.03255e-38 3
0.254287 0.123747 1.18635 9.68053e-39 3
0.291097 0.13173 1.26289 9.6809e-39 3
0.253892 0.0850759 0.815617 9.03661e-39 3
0.26707 0.0850759 0.815617 8.2994e-39 3
0.319783 0.0850759 0.815617 8.85114e-39 3
0.340045 0.086886 0.83297 8.482e-39 3
0.373364 0.0917672 0.879766 8.66675e-39 3
0.405818 0.0960857 0.921167 9.12773e-39 3
0.436093 0.099601 0.954868 8.482e-39 3
0.451521 0.099601 0.954868 7.09871e-39 3
0.466949 0.099601 0.954868 6.3608e-39 3
0.494437 0.102091 0.97874 9.12487e-39 3
0.618486 0.123747 1.18635 1.67778e-38 3
2.36151 0.291689 2.7964 2.30491e-39 3
2.40669 0.291689 2.7964 2.21199e-39 3
2.2146 0.263461 2.52578 2.857e-39 3
2.41493 0.272243 2.60997 2.11763e-39 3
1.68508 0.166679 1.59794 4.05625e-39 3
1.7109 0.166679 1.59794 3.87258e-39 3
1.73671 0.166679 1.59794 3.5038e-39 3
1.76253 0.166679 1.59794 3.87294e-39 3
1.75258 0.163346 1.56598 4.05733e-39 3
1.77789 0.163346 1.56598 3.50488e-39 3
-1.35774 0.184949 1.53528 3.96441e-39 3
-1.25888 0.174674 1.44999 3.68783e-39 3
-0.973934 0.137699 1.14305 4.241e-39 3
-0.941718 0.135718 1.12661 5.16296e-39 3
-1.00288 0.147381 1.22343 4.241e-39 3
-1.98884 0.304271 2.52578 4.79454e-39 3
-1.7504 0.273403 2.26954 4.33284e-39 3
-1.71373 0.273403 2.26954 4.33428e-39 3
-2.22533 0.362784 3.01151 4.15096e-39 3
-2.19993 0.393016 3.26247 5.07076e-39 3
-1.98204 0.362784 3.01151 5.53174e-39 3
-2.0945 0.393016 3.26247 5.07148e-39 3
-2.5791 0.496442 4.12101 5.80832e-39 3
-2.17959 0.496442 4.12101 7.65223e-39 3
-2.11301 0.496442 4.12101 7.19161e-39 3
-1.53734 0.428745 3.55905 8.11429e-39 3
-1.47984 0.428745 3.55905 7.1927e-39 3
-0.845712 0.25493 2.11619 7.19305e-39 3
-0.769903 0.241856 2.00767 7.74479e-39 3
-0.693039 0.227287 1.88673 6.6388e-39 3
-0.632092 0.216837 1.79998 6.45369e-39 3
-0.596157 0.214373 1.77953 6.63772e-39 3
-0.548699 0.207305 1.72086 9.3096e-39 3
-0.538652 0.214373 1.77953 9.5869e-39 3
-0.509899 0.214373 1.77953 9.21812e-39 3
-0.492336 0.219358 1.82091 9.68018e-39 3
-0.473937 0.224581 1.86427 1.09709e-38 3
-0.449162 0.227287 1.88673 1.06943e-38 3
-0.418677 0.227287 1.88673 1.05096e-38 3
-0.383571 0.224581 1.86427 1.08787e-38 3
-0.35345 0.224581 1.86427 1.06933e-38 3
-0.319524 0.221939 1.84233 1.11542e-38 3
-0.286387 0.219358 1.82091 1.04167e-38 3
-0.256966 0.219358 1.82091 9.86349e-39 3
-0.22493 0.216837 1.79998 8.85042e-39 3
-0.195847 0.216837 1.79998 9.21956e-39 3
-0.166763 0.216837 1.79998 8.02174e-39 3
-0.13768 0.216837 1.79998 8.85042e-39 3
-0.102695 0.205052 1.70216 9.49506e-39 3
-0.0768639 0.209609 1.73998 1.06021e-38 3
-0.0430149 0.184949 1.53528 9.77237e-39 3
-0.0182088 0.184949 1.53528 8.85078e-39 3
0.0341272 0.11229 0.932133 1.05103e-38 3
0.0491881 0.11229 0.932133 1.08798e-38 3
0.0666286 0.116449 0.966657 9.95784e-39 3
0.0854106 0.120928 1.00384 9.22028e-39 3
0.11165 0.132851 1.10281 9.86565e-39 3
0.129468 0.132851 1.10281 1.04188e-38 3
0.149391 0.134748 1.11856 1.04181e-38 3
0.158412 0.127465 1.0581 1.01415e-38 3
0.175508 0.127465 1.0581 1.01422e-38 3
0.192604 0.127465 1.0581 1.005e-38 3
0.235118 0.142915 1.18635 1.00493e-38 3
0.270692 0.152135 1.26289 1.02341e-38 3
0.311173 0.162627 1.34999 1.06036e-38 3
0.364399 0.17797 1.47734 1.0511e-38 3
0.319783 0.0982541 0.815617 1.03273e-38 3
0.340045 0.100345 0.83297 1.005e-38 3
0.373364 0.105982 0.879766 9.86565e-39 3
0.420665 0.115029 0.954868 9.49615e-39 3
0.441477 0.116449 0.966657 8.66675e-39 3
0.462809 0.117905 0.97874 8.20506e-39 3
0.478623 0.117905 0.97874 8.3873e-39 3
0.527399 0.125765 1.04399 1.4931e-38 3
0.647938 0.149721 1.24284 2.00965e-38 3
0.779355 0.174674 1.44999 2.28638e-38 5
2.31633 0.336871 2.7964 5.07007e-39 3
2.28008 0.325255 2.69997 4.05555e-39 3
2.24625 0.314413 2.60997 2.67261e-39 3
2.264 0.294762 2.44685 2.76372e-39 3
2.23373 0.28583 2.3727 2.48821e-39 3
1.69383 0.196508 1.63123 3.59564e-39 3
1.72018 0.196508 1.63123 3.22721e-39 3
1.74654 0.196508 1.63123 3.96478e-39 3
1.7729 0.196508 1.63123 4.24136e-39 3
1.79925 0.196508 1.63123 4.1488e-39 3
1.82561 0.196508 1.63123 3.87294e-39 3
1.85197 0.196508 1.63123 4.42575e-39 3
-1.4102 0.21395 1.56598 5.53174e-39 3
-1.3065 0.20184 1.47734 4.88637e-39 3
-1.23599 0.1945 1.42362 4.60978e-39 3
-0.959921 0.153921 1.12661 4.60978e-39 3
-0.92836 0.151738 1.11063 4.51759e-39 3
-0.916918 0.152822 1.11856 4.60978e-39 3
-1.04865 0.178292 1.30499 4.51795e-39 3
-1.84042 0.319329 2.33729 4.97893e-39 3
-1.7254 0.305643 2.23712 4.79382e-39 3
-1.64233 0.297153 2.17498 4.51903e-39 3
-1.60719 0.297153 2.17498 4.51939e-39 3
-2.00235 0.396204 2.89997 5.44026e-39 3
-1.88565 0.382054 2.7964 6.45369e-39 3
-1.90864 0.396204 2.89997 6.63809e-39 3
-1.86178 0.396204 2.89997 6.54589e-39 3
-0.544477 0.118861 0.869991 6.3615e-39 3
-1.88237 0.48625 3.55905 8.29724e-39 3
-1.0249 0.324167 2.3727 7.37637e-39 3
-0.891958 0.293082 2.14518 7.46964e-39 3
-0.812762 0.277857 2.03375 7.46964e-39 3
-0.760158 0.270823 1.98226 6.73208e-39 3
-0.693039 0.257771 1.88673 7.83699e-39 3
-0.639442 0.248779 1.82091 9.40467e-39 3
-0.603009 0.24592 1.79998 9.77273e-39 3
-0.554795 0.237722 1.73998 9.21956e-39 3
-0.538652 0.243125 1.77953 1.02334e-38 3
-0.509899 0.243125 1.77953 8.57419e-39 3
-0.492336 0.248779 1.82091 9.86493e-39 3
-0.473937 0.254703 1.86427 9.77309e-39 3
-0.449162 0.257771 1.88673 9.58834e-39 3
-0.423783 0.260915 1.90974 8.85078e-39 3
-0.388193 0.257771 1.88673 9.31176e-39 3
-0.35345 0.254703 1.86427 9.127e-39 3
-0.319524 0.251706 1.84233 9.77237e-39 3
-0.286387 0.248779 1.82091 1.06943e-38 3
-0.254013 0.24592 1.79998 1.02334e-38 3
-0.222374 0.243125 1.77953 9.77129e-39 3
-0.193621 0.243125 1.77953 1.02323e-38 3
-0.163016 0.240393 1.75953 1.17996e-38 3
-0.134586 0.240393 1.75953 1.06011e-38 3
-0.10051 0.227607 1.66594 1.12468e-38 3
-0.0735931 0.227607 1.66594 1.18921e-38 3
-0.0421877 0.205721 1.50575 1.21695e-38 3
-0.0178586 0.205721 1.50575 1.22617e-38 3
0.142476 0.36888 2.69997 1.14341e-38 3
0.179897 0.356584 2.60997 1.11578e-38 3
0.130628 0.209755 1.53528 1.06047e-38 3
0.155434 0.209755 1.53528 9.77489e-39 3
0.199832 0.232554 1.70216 1.03281e-38 3
0.38731 0.396204 2.89997 1.04188e-38 3
0.434166 0.396204 2.89997 9.86565e-39 3
0.481022 0.396204 2.89997 1.03277e-38 3
0.316727 0.237722 1.73998 1.04199e-38 3
0.292789 0.20184 1.47734 1.0972e-38 3
0.305144 0.1945 1.42362 1.06954e-38 3
0.316632 0.187676 1.37367 1.12486e-38 3
0.357651 0.198102 1.44999 1.1433e-38 3
0.403495 0.209755 1.53528 1.13408e-38 3
0.428301 0.209755 1.53528 1.11564e-38 3
0.453108 0.209755 1.53528 1.0788e-38 3
0.42619 0.142633 1.04399 1.06954e-38 3
0.443058 0.142633 1.04399 1.09713e-38 3
0.447981 0.138929 1.01687 1.02337e-38 3
0.464411 0.138929 1.01687 9.7731e-39 3
0.480841 0.138929 1.01687 8.85078e-39 3
0.589074 0.164577 1.2046 1.13379e-38 3
0.632879 0.17116 1.25279 1.88973e-38 3
0.669181 0.175369 1.28359 2.30468e-38 3
0.779355 0.198102 1.44999 2.30482e-38 5
0.903131 0.222865 1.63123 2.28642e-38 5
2.19283 0.36888 2.69997 8.57423e-39 3
2.23646 0.36888 2.69997 6.08495e-39 3
2.28008 0.36888 2.69997 5.80764e-39 3
2.24625 0.356584 2.60997 3.77968e-39 3
2.10609 0.305643 2.23712 2.857e-39 3
1.74368 0.248779 1.82091 2.9492e-39 3
1.7731 0.248779 1.82091 2.02724e-39 3
1.76155 0.243125 1.77953 3.50236e-39 3
1.71247 0.232554 1.70216 2.67368e-39 3
1.66747 0.222865 1.63123 3.13465e-39 3
1.69383 0.222865 1.63123 3.22757e-39 3
1.72018 0.222865 1.63123 2.67404e-39 3
1.74654 0.222865 1.63123 2.95062e-39 3
1.81062 0.227607 1.66594 3.59599e-39 3
1.87748 0.232554 1.70216 4.33319e-39 3
1.90498 0.232554 1.70216 4.1488e-39 3
2.02033 0.243125 1.77953 4.14917e-39 3
-1.4102 0.239252 1.56598 5.16296e-39 3
-1.35774 0.234561 1.53528 5.43954e-39 3
-1.28263 0.22571 1.47734 5.07076e-39 3
-0.953064 0.170895 1.11856 4.60978e-39 3
-1.10931 0.202756 1.32711 4.51759e-39 3
-1.08787 0.202756 1.32711 4.79417e-39 3
-1.77237 0.336975 2.20561 3.78074e-39 3
-1.81335 0.351842 2.30292 4.79489e-39 3
-1.7254 0.341789 2.23712 5.43954e-39 3
-1.68925 0.341789 2.23712 5.34879e-39 3
-1.56375 0.323314 2.11619 4.98072e-39 3
-1.71496 0.362504 2.3727 4.61122e-39 3
-1.67662 0.362504 2.3727 4.70234e-39 3
-1.80211 0.398754 2.60997 5.16332e-39 3
-1.75994 0.398754 2.60997 5.71613e-39 3
-1.21801 0.351842 2.30292 8.02065e-39 3
-1.29507 0.385891 2.52578 7.83626e-39 3
-1.10157 0.362504 2.3727 8.48235e-39 3
-0.855773 0.291771 1.90974 8.3898e-39 3
-0.824916 0.291771 1.90974 8.39052e-39 3
-0.834781 0.306734 2.00767 8.02281e-39 3
-0.754008 0.288256 1.88673 8.76038e-39 3
-0.723524 0.288256 1.88673 8.94477e-39 3
-0.676732 0.281473 1.84233 9.59014e-39 3
-0.632092 0.275003 1.79998 9.68234e-39 3
-0.596157 0.271878 1.77953 8.66818e-39 3
-0.561029 0.268823 1.75953 8.48451e-39 3
-0.538652 0.271878 1.77953 9.12916e-39 3
-0.509899 0.271878 1.77953 9.59014e-39 3
-0.498128 0.281473 1.84233 9.58906e-39 3
-0.473937 0.284824 1.86427 9.68161e-39 3
-0.45464 0.291771 1.90974 8.85186e-39 3
-0.429015 0.295373 1.93331 8.48272e-39 3
-0.388193 0.288256 1.88673 9.49687e-39 3
-0.35345 0.284824 1.86427 9.77309e-39 3
-0.323328 0.284824 1.86427 1.02341e-38 3
-0.289757 0.281473 1.84233 1.02341e-38 3
-0.256966 0.2782 1.82091 9.21992e-39 3
-0.22493 0.275003 1.79998 1.06021e-38 3
-0.195847 0.275003 1.79998 1.14312e-38 3
-0.164868 0.271878 1.77953 1.11542e-38 3
-0.134586 0.268823 1.75953 1.19843e-38 3
-0.0974018 0.246652 1.61442 1.20765e-38 3
-0.0720599 0.249221 1.63123 1.15234e-38 3
-0.0421877 0.23005 1.50575 1.13393e-38 3
-0.0178586 0.23005 1.50575 1.31836e-38 3
0.00672928 0.239252 1.56598 1.3368e-38 3
0.142476 0.412504 2.69997 1.14348e-38 3
0.179897 0.398754 2.60997 1.14348e-38 3
0.195942 0.351842 2.30292 1.16192e-38 3
0.198178 0.299066 1.95748 1.0789e-38 3
0.27036 0.351842 2.30292 1.10656e-38 3
0.34484 0.265836 1.73998 1.03277e-38 3
0.329077 0.234561 1.53528 1.10649e-38 3
0.340529 0.22571 1.47734 1.1433e-38 3
0.378689 0.234561 1.53528 1.11564e-38 3
0.403495 0.234561 1.53528 1.19865e-38 3
0.428301 0.234561 1.53528 1.28159e-38 3
0.453108 0.234561 1.53528 1.20783e-38 3
0.495961 0.178547 1.16864 1.07869e-38 3
0.459927 0.159502 1.04399 1.08791e-38 3
0.470521 0.157403 1.03025 1.07869e-38 3
0.487167 0.157403 1.03025 1.05096e-38 3
0.598279 0.186916 1.22343 1.41038e-38 3
0.64317 0.194514 1.27316 2.1294e-38 3
0.669181 0.196109 1.28359 2.2956e-38 3
0.689921 0.196109 1.28359 2.28645e-38 5
0.903131 0.249221 1.63123 1.73328e-38 5
0.929487 0.249221 1.63123 1.44744e-38 5
0.955844 0.249221 1.63123 1.75165e-38 5
1.96974 0.385891 2.52578 1.16178e-38 5
2.01055 0.385891 2.52578 1.11564e-38 5
2.11974 0.398754 2.60997 1.07869e-38 5
2.23646 0.412504 2.69997 9.77314e-39 3
2.28008 0.412504 2.69997 9.2196e-39 3
2.10609 0.341789 2.23712 2.85664e-39 3
1.97311 0.314806 2.06051 2.30347e-39 3
1.7328 0.271878 1.77953 2.58006e-39 3
1.68496 0.260057 1.70216 3.59456e-39 3
1.60762 0.244135 1.59794 3.22649e-39 3
1.63344 0.244135 1.59794 3.59563e-39 3
1.69383 0.249221 1.63123 3.68819e-39 3
1.72018 0.249221 1.63123 4.05697e-39 3
1.7837 0.254524 1.66594 4.51795e-39 3
1.93407 0.271878 1.77953 4.42575e-39 3
1.96282 0.271878 1.77953 4.79454e-39 3
1.99157 0.271878 1.77953 4.70198e-39 3
-1.38255 0.259367 1.53528 4.97821e-39 3
-1.33163 0.254379 1.50575 4.05661e-39 3
-1.3073 0.254379 1.50575 4.60978e-39 3
-1.28297 0.254379 1.50575 4.33391e-39 3
-1.28332 0.259367 1.53528 5.62393e-39 3
-1.73471 0.357506 2.11619 5.90088e-39 3
-1.79769 0.377935 2.23712 6.08599e-39 3
-1.78707 0.383413 2.26954 6.26966e-39 3
-1.7011 0.372612 2.20561 6.08491e-39 3
-1.66546 0.372612 2.20561 6.91575e-39 3
-1.5226 0.348098 2.06051 5.71793e-39 3
-1.61696 0.377935 2.23712 5.71757e-39 3
-1.58081 0.377935 2.23712 5.90089e-39 3
-1.63828 0.40084 2.3727 7.19162e-39 3
-1.70317 0.426701 2.52578 7.09942e-39 3
-1.71777 0.440924 2.60997 8.29796e-39 3
-1.6756 0.440924 2.60997 8.57383e-39 3
-1.25522 0.389051 2.30292 8.66639e-39 3
-1.11925 0.357506 2.11619 9.86493e-39 3
-1.0565 0.348098 2.06051 1.0049e-38 3
-1.02321 0.348098 2.06051 9.86493e-39 3
-0.940423 0.330693 1.95748 9.77238e-39 3
-0.865519 0.314946 1.86427 9.40467e-39 3
-0.788465 0.297252 1.75953 9.40395e-39 3
-0.735252 0.287559 1.70216 9.31247e-39 3
-0.73992 0.30063 1.77953 8.85221e-39 3
-0.727706 0.307622 1.82091 9.59014e-39 3
-0.66725 0.29395 1.73998 9.221e-39 3
-0.639136 0.29395 1.73998 8.57527e-39 3
-0.624909 0.30063 1.77953 8.85294e-39 3
-0.596157 0.30063 1.77953 9.68342e-39 3
-0.561029 0.297252 1.75953 1.00526e-38 3
-0.538652 0.30063 1.77953 1.01448e-38 3
-0.509899 0.30063 1.77953 1.0605e-38 3
-0.498128 0.311241 1.84233 1.06043e-38 3
-0.468361 0.311241 1.84233 1.03281e-38 3
-0.449162 0.318741 1.88673 1.00511e-38 3
-0.423783 0.322628 1.90974 1.06032e-38 3
-0.392927 0.322628 1.90974 1.07887e-38 3
-0.357708 0.318741 1.88673 1.0143e-38 3
-0.327223 0.318741 1.88673 1.03273e-38 3
-0.289757 0.311241 1.84233 1.04195e-38 3
-0.259989 0.311241 1.84233 1.15259e-38 3
-0.22493 0.304086 1.79998 1.19865e-38 3
-0.195847 0.304086 1.79998 1.26308e-38 3
-0.1577 0.287559 1.70216 1.36449e-38 3
-0.124773 0.275578 1.63123 1.29996e-38 3
-0.0874812 0.244958 1.44999 1.3368e-38 3
-0.0705893 0.269954 1.59794 1.34595e-38 3
-0.0362605 0.21864 1.2942 1.34598e-38 3
-0.0154775 0.220462 1.30499 1.30907e-38 3
0.00565485 0.222315 1.31595 1.29067e-38 3
0.0340761 0.281441 1.66594 1.33684e-38 3
0.089584 0.413367 2.44685 1.31847e-38 3
0.129119 0.413367 2.44685 1.28173e-38 3
0.168654 0.413367 2.44685 1.26333e-38 3
0.20188 0.40084 2.3727 1.19876e-38 3
0.233151 0.389051 2.30292 1.11575e-38 3
0.262636 0.377935 2.23712 1.11578e-38 3
0.38731 0.489916 2.89997 1.15262e-38 3
0.372954 0.29395 1.73998 1.16188e-38 3
0.376001 0.275578 1.63123 1.15263e-38 3
0.378689 0.259367 1.53528 1.13411e-38 3
0.403495 0.259367 1.53528 1.14337e-38 3
0.428301 0.259367 1.53528 1.17099e-38 3
0.453108 0.259367 1.53528 1.14337e-38 3
0.477914 0.259367 1.53528 1.17103e-38 3
0.50272 0.259367 1.53528 1.23553e-38 3
0.459927 0.17637 1.04399 1.09713e-38 3
0.597173 0.213351 1.26289 1.09698e-38 3
0.60299 0.208311 1.23306 1.61321e-38 3
0.648442 0.216848 1.28359 2.20333e-38 3
0.674712 0.21864 1.2942 2.29564e-38 3
0.695623 0.21864 1.2942 2.27723e-38 5
0.218703 0.0648418 0.38382 1.11546e-38 5
0.222911 0.0625425 0.370209 1.03252e-38 5
0.527334 0.133613 0.790901 1.05103e-38 5
0.540113 0.133613 0.790901 1.10635e-38 5
0.626007 0.141473 0.837425 1.45677e-38 5
0.639537 0.141473 0.837425 1.43837e-38 5
0.62308 0.134977 0.798972 1.37383e-38 5
0.617099 0.130968 0.77524 1.28156e-38 5
2.264 0.413367 2.44685 3.3169e-39 3
1.93982 0.348098 2.06051 2.94848e-39 3
1.78519 0.314946 1.86427 1.38151e-39 3
1.7328 0.30063 1.77953 1.75066e-39 3
1.68496 0.287559 1.70216 3.41053e-39 3
1.64111 0.275578 1.63123 2.95027e-39 3
1.63344 0.269954 1.59794 3.59563e-39 3
1.65926 0.269954 1.59794 3.13501e-39 3
1.75678 0.281441 1.66594 3.78074e-39 3
1.90532 0.30063 1.77953 4.14916e-39 3
-1.38255 0.284173 1.53528 5.43882e-39 3
-1.33163 0.278709 1.50575 5.80761e-39 3
-1.33293 0.284173 1.53528 5.25515e-39 3
-1.30813 0.284173 1.53528 5.43954e-39 3
-1.30899 0.289857 1.56598 5.43954e-39 3
-1.60461 0.362321 1.95748 5.25587e-39 3
-1.72381 0.397064 2.14518 5.44026e-39 3
-1.76154 0.414081 2.23712 5.25443e-39 3
-1.7254 0.414081 2.23712 6.73028e-39 3
-1.71373 0.420082 2.26954 6.45441e-39 3
-1.65311 0.414081 2.23712 6.54733e-39 3
-1.61696 0.414081 2.23712 6.8232e-39 3
-1.5369 0.402579 2.17498 7.7448e-39 3
-1.70317 0.467511 2.52578 7.92954e-39 3
-1.66236 0.467511 2.52578 8.57491e-39 3
-1.62155 0.467511 2.52578 8.94261e-39 3
-1.58074 0.467511 2.52578 9.03517e-39 3
-1.33159 0.439177 2.3727 9.77273e-39 3
-1.18548 0.402579 2.17498 9.12736e-39 3
-1.0898 0.381391 2.06051 9.03517e-39 3
-0.955884 0.345068 1.86427 8.482e-39 3
-0.925762 0.345068 1.86427 8.85078e-39 3
-0.874812 0.337043 1.82091 9.03517e-39 3
-0.807818 0.322063 1.73998 9.77273e-39 3
-0.779704 0.322063 1.73998 9.86493e-39 3
-0.690236 0.295772 1.59794 1.00497e-38 3
-0.67826 0.301934 1.63123 1.01426e-38 3
-0.665773 0.308358 1.66594 1.0695e-38 3
-0.652744 0.315062 1.70216 1.15252e-38 3
-0.625242 0.315062 1.70216 1.18939e-38 3
-0.597739 0.315062 1.70216 1.09731e-38 3
-0.589458 0.325682 1.75953 1.08812e-38 3
-0.554795 0.322063 1.73998 1.06968e-38 3
-0.532599 0.325682 1.75953 9.86744e-39 3
-0.509899 0.329383 1.77953 8.94549e-39 3
-0.492336 0.337043 1.82091 1.04199e-38 3
-0.462915 0.337043 1.82091 1.09738e-38 3
-0.443815 0.345068 1.86427 1.18028e-38 3
-0.423783 0.353484 1.90974 1.21705e-38 3
-0.392927 0.353484 1.90974 1.2356e-38 3
-0.357708 0.349225 1.88673 1.24482e-38 3
-0.327223 0.349225 1.88673 1.18036e-38 3
-0.289757 0.341008 1.84233 1.24489e-38 3
-0.259989 0.341008 1.84233 1.21734e-38 3
-0.212705 0.315062 1.70216 1.2172e-38 3
-0.185203 0.315062 1.70216 1.2172e-38 3
-0.143648 0.286987 1.55048 1.23553e-38 3
-0.117433 0.284173 1.53528 1.30929e-38 3
-0.0780824 0.239551 1.2942 1.30914e-38 3
-0.0576479 0.241547 1.30499 1.3184e-38 3
-0.0362605 0.239551 1.2942 1.38283e-38 3
-0.0154775 0.241547 1.30499 1.38283e-38 3
0.00560773 0.241547 1.30499 1.31829e-38 3
0.0314035 0.284173 1.53528 1.36449e-38 3
0.0585039 0.295772 1.59794 1.30921e-38 3
0.118051 0.414081 2.23712 1.22642e-38 3
0.163543 0.439177 2.3727 1.2356e-38 3
0.195942 0.42626 2.30292 1.26319e-38 3
0.22649 0.414081 2.23712 1.33691e-38 3
0.248439 0.391698 2.11619 1.37375e-38 3
0.30757 0.42626 2.30292 1.36453e-38 3
0.357084 0.308358 1.66594 1.25404e-38 3
0.376001 0.301934 1.63123 1.26333e-38 3
0.378689 0.284173 1.53528 1.19876e-38 3
0.388269 0.27345 1.47734 1.18957e-38 3
0.412139 0.27345 1.47734 1.24489e-38 3
0.436009 0.27345 1.47734 1.27252e-38 3
0.459879 0.27345 1.47734 1.30939e-38 3
0.622599 0.235656 1.27316 1.68697e-38 3
0.659249 0.241547 1.30499 2.33244e-38 3
0.680334 0.241547 1.30499 2.28645e-38 5
0.205294 0.0706968 0.381947 2.27723e-38 5
0.209422 0.0700137 0.378257 2.05593e-38 5
0.213983 0.06951 0.375536 1.24454e-38 5
0.219 0.0691783 0.373743 7.46644e-39 5
0.222911 0.0685241 0.370209 7.83522e-39 5
0.229435 0.0686865 0.371086 7.46716e-39 5
0.517457 0.150967 0.815617 8.85009e-39 5
0.514555 0.146392 0.790901 9.95716e-39 5
0.522061 0.144928 0.782992 1.02338e-38 5
0.534712 0.144928 0.782992 1.24464e-38 5
0.547363 0.144928 0.782992 1.3828e-38 5
0.561437 0.142087 0.767639 1.53045e-38 5
0.57384 0.142087 0.767639 1.50287e-38 5
0.639537 0.155004 0.837425 1.51205e-38 5
0.62308 0.147886 0.798972 1.50283e-38 5
0.62327 0.144928 0.782992 1.44751e-38 5
0.623452 0.142087 0.767639 1.3922e-38 5
2.37276 0.483095 2.60997 5.07042e-39 3
2.264 0.452901 2.44685 4.97714e-39 3
1.99224 0.391698 2.11619 3.96227e-39 3
1.92252 0.371611 2.00767 2.39567e-39 3
1.7328 0.329383 1.77953 2.95028e-39 3
1.76155 0.329383 1.77953 3.41125e-39 3
1.67603 0.308358 1.66594 2.30454e-39 3
1.60077 0.289857 1.56598 3.13466e-39 3
1.59419 0.284173 1.53528 3.78038e-39 3
1.65138 0.289857 1.56598 4.14952e-39 3
1.90532 0.329383 1.77953 4.24172e-39 3
-1.38255 0.30898 1.53528 5.53066e-39 3
-1.35774 0.30898 1.53528 5.71541e-39 3
-1.33293 0.30898 1.53528 5.0704e-39 3
-1.33429 0.315159 1.56598 5.71613e-39 3
-1.3357 0.321591 1.59794 5.80832e-39 3
-1.62492 0.398936 1.98226 5.62465e-39 3
-1.70052 0.425891 2.11619 6.36222e-39 3
-1.81335 0.463469 2.30292 7.74372e-39 3
-1.79163 0.477514 2.3727 7.28381e-39 3
-1.75329 0.477514 2.3727 7.28489e-39 3
-1.71496 0.477514 2.3727 7.46856e-39 3
-1.57088 0.492436 2.44685 8.11393e-39 3
-1.53134 0.492436 2.44685 9.03589e-39 3
-1.45227 0.492436 2.44685 8.57635e-39 3
-1.29243 0.463469 2.30292 9.21992e-39 3
-1.18548 0.437721 2.17498 8.11285e-39 3
-0.986006 0.375189 1.86427 7.74371e-39 3
-0.912435 0.358135 1.77953 8.57419e-39 3
-0.883682 0.358135 1.77953 1.01415e-38 3
-0.817759 0.342564 1.70216 1.04181e-38 3
-0.757329 0.328291 1.63123 1.01415e-38 3
-0.730973 0.328291 1.63123 1.07869e-38 3
-0.676431 0.315159 1.56598 1.21702e-38 3
-0.651129 0.315159 1.56598 1.18936e-38 3
-0.651903 0.328291 1.63123 1.21705e-38 3
-0.625547 0.328291 1.63123 1.12486e-38 3
-0.611939 0.335276 1.66594 1.12486e-38 3
-0.597739 0.342564 1.70216 1.12486e-38 3
-0.570237 0.342564 1.70216 1.04203e-38 3
-0.554795 0.350177 1.73998 1.03266e-38 3
-0.526682 0.350177 1.73998 1.04188e-38 3
-0.509899 0.358135 1.77953 1.08809e-38 3
-0.492336 0.366464 1.82091 1.20794e-38 3
-0.462915 0.366464 1.82091 1.1066e-38 3
-0.449162 0.37971 1.88673 1.17106e-38 3
-0.439876 0.398936 1.98226 1.24471e-38 3
-0.392927 0.38434 1.90974 1.27244e-38 3
-0.357708 0.37971 1.88673 1.29092e-38 3
-0.319524 0.370775 1.84233 1.29099e-38 3
-0.279879 0.358135 1.77953 1.30954e-38 3
-0.245546 0.350177 1.73998 1.25429e-38 3
-0.199682 0.321591 1.59794 1.27269e-38 3
-0.170386 0.315159 1.56598 1.31868e-38 3
-0.12616 0.274051 1.36173 1.29099e-38 3
-0.0989934 0.260462 1.2942 1.21716e-38 3
-0.0761933 0.254161 1.26289 1.29088e-38 3
-0.0549028 0.250126 1.24284 1.43832e-38 3
-0.0345474 0.248157 1.23306 1.49357e-38 3
-0.0145101 0.246218 1.22343 1.558e-38 3
0.0053407 0.250126 1.24284 1.5397e-38 3
0.0262553 0.258327 1.28359 1.52126e-38 3
0.0511909 0.281392 1.3982 1.44751e-38 3
0.0810157 0.30898 1.53528 1.32765e-38 3
0.149914 0.437721 2.17498 1.33684e-38 3
0.185056 0.437721 2.17498 1.32762e-38 3
0.22649 0.450227 2.23712 1.33684e-38 3
0.248439 0.425891 2.11619 1.4197e-38 3
0.255058 0.38434 1.90974 1.47499e-38 3
0.279107 0.375189 1.86427 1.34588e-38 3
0.304271 0.30898 1.53528 1.3552e-38 3
0.284456 0.267084 1.32711 1.37371e-38 3
0.263475 0.230043 1.14305 1.35535e-38 3
0.277887 0.226733 1.12661 1.31861e-38 3
0.321535 0.246218 1.22343 1.35553e-38 3
0.341303 0.246218 1.22343 1.34631e-38 3
0.36107 0.246218 1.22343 1.30021e-38 3
0.374978 0.24243 1.2046 1.27252e-38 3
0.371576 0.228376 1.13477 1.23557e-38 3
0.205795 0.077056 0.382881 2.28645e-38 5
0.210438 0.0764949 0.380093 2.29567e-38 5
0.214497 0.0757594 0.376438 1.48428e-38 5
0.219524 0.0753969 0.374637 8.94157e-39 5
0.223439 0.0746823 0.371086 7.18985e-39 5
0.22728 0.073981 0.367602 8.20401e-39 5
0.232674 0.0738078 0.366741 1.01405e-38 5
0.494572 0.15299 0.760186 1.12479e-38 5
0.506855 0.15299 0.760186 1.2722e-38 5
0.529418 0.156019 0.77524 1.21688e-38 5
0.558534 0.160795 0.798972 1.29053e-38 5
0.561437 0.15449 0.767639 1.3551e-38 5
0.562804 0.151519 0.752877 1.4474e-38 5
0.622883 0.164145 0.815617 1.49354e-38 5
0.626276 0.16162 0.803069 1.55815e-38 5
0.617099 0.156019 0.77524 1.58581e-38 5
0.635921 0.15758 0.782992 1.53975e-38 5
2.264 0.492436 2.44685 4.42433e-39 3
2.04758 0.437721 2.17498 4.33177e-39 3
1.92252 0.40405 2.00767 3.22543e-39 3
1.81531 0.375189 1.86427 3.68784e-39 3
1.80252 0.366464 1.82091 3.04139e-39 3
1.67603 0.335276 1.66594 2.76552e-39 3
1.5392 0.303038 1.50575 3.87115e-39 3
1.53403 0.29732 1.47734 4.42468e-39 3
1.5579 0.29732 1.47734 4.42539e-39 3
-1.38255 0.333786 1.53528 5.34591e-39 3
-1.35774 0.333786 1.53528 6.36006e-39 3
-1.33293 0.333786 1.53528 5.99235e-39 3
-1.33429 0.340461 1.56598 7.37529e-39 3
-1.3357 0.34741 1.59794 5.25515e-39 3
-1.33717 0.354647 1.63123 5.99307e-39 3
-1.33871 0.362193 1.66594 6.27002e-39 3
-1.18548 0.472863 2.17498 9.68018e-39 3
-0.986006 0.405311 1.86427 1.05089e-38 3
-0.912435 0.386888 1.77953 1.06943e-38 3
-0.864045 0.37829 1.73998 9.95677e-39 3
-0.835931 0.37829 1.73998 1.06021e-38 3
-0.845391 0.395885 1.82091 1.0049e-38 3
-0.676431 0.340461 1.56598 1.10631e-38 3
-0.638362 0.333786 1.53528 1.1801e-38 3
-0.613556 0.333786 1.53528 1.1801e-38 3
-0.61278 0.34741 1.59794 1.03266e-38 3
-0.59919 0.354647 1.63123 1.07876e-38 3
-0.572834 0.354647 1.63123 1.0511e-38 3
-0.535324 0.34741 1.59794 1.02344e-38 3
-0.509506 0.34741 1.59794 1.26312e-38 3
-0.483687 0.34741 1.59794 1.34609e-38 3
-0.457869 0.34741 1.59794 1.30003e-38 3
-0.504058 0.405311 1.86427 1.28159e-38 3
-0.462915 0.395885 1.82091 1.19876e-38 3
-0.460252 0.420323 1.93331 1.2356e-38 3
-0.369683 0.362193 1.66594 1.30925e-38 3
-0.335625 0.354647 1.63123 1.37393e-38 3
-0.309268 0.354647 1.63123 1.33709e-38 3
-0.282912 0.354647 1.63123 1.34642e-38 3
-0.25132 0.34741 1.59794 1.25426e-38 3
-0.216658 0.333786 1.53528 1.30053e-38 3
-0.160401 0.279067 1.28359 1.42024e-38 3
-0.140815 0.281373 1.2942 1.42946e-38 3
-0.11424 0.26808 1.23306 1.27266e-38 3
-0.0900616 0.255986 1.17743 1.30954e-38 3
-0.0705073 0.254076 1.16864 1.27266e-38 3
-0.0512426 0.252194 1.15999 1.20805e-38 3
-0.0325002 0.252194 1.15999 1.18032e-38 3
-0.0145101 0.265985 1.22343 1.31847e-38 3
0.00525725 0.265985 1.22343 1.3646e-38 3
0.0254218 0.270207 1.24284 1.39226e-38 3
0.045503 0.270207 1.24284 1.41985e-38 3
0.0724877 0.29865 1.37367 1.41981e-38 3
0.105822 0.333786 1.53528 1.56722e-38 3
0.180055 0.460083 2.11619 1.38279e-38 3
0.26642 0.386888 1.77953 1.49332e-38 3
0.249761 0.327367 1.50575 1.55778e-38 3
0.237545 0.283718 1.30499 1.52083e-38 3
0.25863 0.283718 1.30499 1.6592e-38 3
0.252375 0.255986 1.17743 1.69607e-38 3
0.261566 0.246711 1.13477 1.6041e-38 3
0.275902 0.243187 1.11856 1.45673e-38 3
0.293975 0.243187 1.11856 1.45687e-38 3
0.336052 0.261893 1.2046 1.41999e-38 3
0.344903 0.254076 1.16864 1.41999e-38 3
0.353241 0.246711 1.13477 1.41077e-38 3
0.337351 0.223988 1.03025 1.45683e-38 3
0.324142 0.205097 0.943364 1.3923e-38 3
0.207736 0.0866314 0.398469 2.28645e-38 3
0.22728 0.0799205 0.367602 8.66498e-39 5
0.231589 0.0793616 0.365031 8.75718e-39 5
0.236935 0.0791771 0.364182 1.01405e-38 5
0.243954 0.0795471 0.365884 1.18922e-38 5
0.250451 0.0797333 0.366741 1.27212e-38 5
0.561437 0.166893 0.767639 1.61314e-38 5
0.270185 0.0753233 0.346457 1.51205e-38 5
0.635921 0.170231 0.782992 1.55822e-38 5
1.92252 0.436489 2.00767 3.50237e-39 3
1.7731 0.395885 1.82091 2.94956e-39 3
1.64911 0.362193 1.66594 2.94956e-39 3
1.31289 0.283718 1.30499 3.77895e-39 3
1.1273 0.239762 1.10281 4.42432e-39 3
0.95092 0.1991 0.91578 4.4236e-39 3
0.949066 0.195667 0.899991 4.14809e-39 3
0.952658 0.193444 0.889764 4.3332e-39 3
-1.38255 0.358592 1.53528 7.92739e-39 3
-1.33163 0.351696 1.50575 7.65044e-39 3
-1.3073 0.351696 1.50575 7.4664e-39 3
-1.28297 0.351696 1.50575 7.83626e-39 3
-1.14823 0.320845 1.37367 7.46856e-39 3
-1.10663 0.315313 1.34999 7.56076e-39 3
-1.08481 0.315313 1.34999 9.21956e-39 3
-1.28446 0.381004 1.63123 8.5742e-39 3
-0.87823 0.290289 1.24284 7.74515e-39 3
-0.84474 0.285753 1.22343 8.02174e-39 3
-0.824973 0.285753 1.22343 7.92954e-39 3
-0.805205 0.285753 1.22343 7.00831e-39 3
-0.797905 0.290289 1.24284 6.64025e-39 3
-1.15344 0.494275 2.11619 1.09702e-38 3
-0.900266 0.397569 1.70216 1.06929e-38 3
-0.872764 0.397569 1.70216 1.06014e-38 3
-0.845261 0.397569 1.70216 1.07862e-38 3
-0.817759 0.397569 1.70216 1.08787e-38 3
-0.807818 0.406404 1.73998 1.06021e-38 3
-0.626325 0.33867 1.44999 1.10635e-38 3
-0.500869 0.281357 1.2046 1.15244e-38 3
-0.481405 0.281357 1.2046 1.12479e-38 3
-0.492233 0.299806 1.28359 1.06029e-38 3
-0.487477 0.309969 1.32711 1.06032e-38 3
-0.466034 0.309969 1.32711 1.11575e-38 3
-0.444591 0.309969 1.32711 1.32769e-38 3
-0.423149 0.309969 1.32711 1.34602e-38 3
-0.395011 0.304803 1.30499 1.32754e-38 3
-0.320508 0.26126 1.11856 1.30914e-38 3
-0.298175 0.25758 1.10281 1.29081e-38 3
-0.282345 0.259407 1.11063 1.26322e-38 3
-0.2644 0.259407 1.11063 1.26326e-38 3
-0.248216 0.26126 1.11856 1.22642e-38 3
-0.233478 0.265046 1.13477 1.22645e-38 3
-0.251608 0.309969 1.32711 1.20812e-38 3
-0.222619 0.299806 1.28359 1.19897e-38 3
-0.192417 0.285753 1.22343 1.23592e-38 3
-0.172649 0.285753 1.22343 1.26358e-38 3
-0.134958 0.252251 1.07999 1.32805e-38 3
-0.117508 0.252251 1.07999 1.38336e-38 3
-0.10668 0.268944 1.15146 1.36493e-38 3
-0.0867985 0.265046 1.13477 1.25429e-38 3
-0.0684636 0.265046 1.13477 1.25422e-38 3
-0.0504945 0.266981 1.14305 1.30035e-38 3
-0.0322612 0.268944 1.15146 1.29113e-38 3
-0.0140704 0.277094 1.18635 1.41095e-38 3
0.00517637 0.281357 1.2046 1.35567e-38 3
0.0250246 0.285753 1.22343 1.36478e-38 3
0.044792 0.285753 1.22343 1.4107e-38 3
0.0645594 0.285753 1.22343 1.56729e-38 3
0.0946827 0.320845 1.37367 1.51194e-38 3
0.162488 0.446053 1.90974 1.65005e-38 3
0.237667 0.415641 1.77953 1.6225e-38 3
0.221179 0.34506 1.47734 1.74217e-38 3
0.186872 0.263139 1.12661 1.70522e-38 3
0.205075 0.263139 1.12661 1.62228e-38 3
0.221683 0.26126 1.11856 1.6499e-38 3
0.241481 0.263139 1.12661 1.66834e-38 3
0.256001 0.259407 1.11063 1.58551e-38 3
0.268238 0.254003 1.08749 1.44751e-38 3
0.281894 0.250523 1.07259 1.4291e-38 3
0.30338 0.254003 1.08749 1.4291e-38 3
0.312277 0.247138 1.0581 1.47517e-38 3
0.308527 0.231496 0.991129 1.4752e-38 3
0.318493 0.227182 0.972661 1.40137e-38 3
0.324142 0.22034 0.943364 1.38301e-38 3
0.194859 0.0930696 0.398469 1.23557e-38 3
0.198769 0.0919004 0.393463 2.30489e-38 3
0.230514 0.084864 0.363337 8.94192e-39 5
0.235838 0.0846675 0.362496 9.03448e-39 5
0.241695 0.0846675 0.362496 1.07862e-38 5
0.245845 0.0840836 0.359996 1.29985e-38 5
0.250509 0.0836988 0.358349 1.42889e-38 5
0.255132 0.0833175 0.356716 1.53942e-38 5
0.259125 0.082752 0.354295 1.50254e-38 5
0.263656 0.0823792 0.352699 1.46574e-38 5
0.268147 0.0820098 0.351118 1.31826e-38 5
0.269589 0.0807425 0.345692 1.32755e-38 5
1.99224 0.494275 2.11619 4.05591e-39 3
1.82873 0.446053 1.90974 3.2247e-39 3
1.69429 0.406404 1.73998 2.48821e-39 3
1.29181 0.304803 1.30499 3.41017e-39 3
1.06451 0.247138 1.0581 2.7648e-39 3
1.05314 0.240634 1.03025 2.11943e-39 3
0.95092 0.213897 0.91578 3.68711e-39 3
0.960102 0.212653 0.910456 4.60799e-39 3
0.958102 0.209008 0.894848 4.88565e-39 3
0.983803 0.211424 0.905193 4.7027e-39 3
0.98141 0.20782 0.889764 6.63845e-39 3
1.01305 0.211424 0.905193 6.82284e-39 3
1.0397 0.213897 0.91578 5.90161e-39 3
1.09951 0.223027 0.954868 5.53283e-39 3
-1.35596 0.376025 1.50575 7.92811e-39 3
-1.3065 0.36893 1.47734 7.00543e-39 3
-1.25888 0.362098 1.44999 7.09762e-39 3
-1.15025 0.337126 1.34999 6.82247e-39 3
-1.05564 0.315376 1.26289 6.73136e-39 3
-1.0188 0.31037 1.24284 7.28417e-39 3
-1.01483 0.315376 1.26289 6.73064e-39 3
-0.99442 0.315376 1.26289 7.37601e-39 3
-1.10805 0.358776 1.43668 7.46857e-39 3
-0.985397 0.325888 1.30499 7.46821e-39 3
-0.948503 0.320546 1.28359 6.27075e-39 3
-0.920221 0.31794 1.27316 6.45513e-39 3
-0.851207 0.30082 1.2046 7.74515e-39 3
-0.697592 0.252301 1.01031 8.11393e-39 3
-0.685692 0.253939 1.01687 7.1927e-39 3
-0.805205 0.30552 1.22343 8.20721e-39 3
-0.785438 0.30552 1.22343 8.85294e-39 3
-0.765671 0.30552 1.22343 9.49831e-39 3
-0.734428 0.30082 1.2046 9.31355e-39 3
-0.726136 0.30552 1.22343 9.31355e-39 3
-0.717581 0.31037 1.24284 9.58834e-39 3
-0.915468 0.40736 1.63123 9.77273e-39 3
-0.889112 0.40736 1.63123 1.03255e-38 3
-0.828245 0.391066 1.56598 1.07865e-38 3
-0.757493 0.36893 1.47734 1.06943e-38 3
-0.659017 0.331412 1.32711 1.06021e-38 3
-0.537384 0.279333 1.11856 9.95676e-39 3
-0.491241 0.264234 1.0581 1.03255e-38 3
-0.444135 0.24751 0.991129 1.04181e-38 3
-0.439241 0.253939 1.01687 1.09713e-38 3
-0.434086 0.260711 1.04399 1.12482e-38 3
-0.453498 0.283381 1.13477 1.01422e-38 3
-0.454943 0.296262 1.18635 1.0695e-38 3
-0.435775 0.296262 1.18635 1.15252e-38 3
-0.416606 0.296262 1.18635 1.17096e-38 3
-0.397438 0.296262 1.18635 1.24468e-38 3
-0.367144 0.287548 1.15146 1.30914e-38 3
-0.341017 0.281342 1.12661 1.33673e-38 3
-0.322814 0.281342 1.12661 1.3368e-38 3
-0.292006 0.269701 1.07999 1.29081e-38 3
-0.276463 0.271574 1.08749 1.1711e-38 3
-0.258892 0.271574 1.08749 1.1711e-38 3
-0.238015 0.267853 1.07259 1.18046e-38 3
-0.225315 0.273473 1.09509 1.19897e-38 3
-0.209083 0.275399 1.10281 1.25422e-38 3
-0.178681 0.25728 1.03025 1.21738e-38 3
-0.159931 0.253939 1.01687 1.26355e-38 3
-0.143501 0.253939 1.01687 1.4018e-38 3
-0.126251 0.252301 1.01031 1.39251e-38 3
-0.109927 0.252301 1.01031 1.45705e-38 3
-0.0901144 0.242898 0.972661 1.47549e-38 3
-0.0803906 0.26246 1.051 1.28191e-38 3
-0.0634092 0.26246 1.051 1.40177e-38 3
-0.0455115 0.25728 1.03025 1.35567e-38 3
-0.0292501 0.260711 1.04399 1.37422e-38 3
-0.0126347 0.266031 1.0653 1.50326e-38 3
0.00451629 0.26246 1.051 1.42028e-38 3
0.0235526 0.287548 1.15146 1.36489e-38 3
0.0421572 0.287548 1.15146 1.38315e-38 3
0.0607618 0.287548 1.15146 1.37389e-38 3
0.0817714 0.296262 1.18635 1.38304e-38 3
0.116878 0.34304 1.37367 1.43814e-38 3
0.11938 0.253939 1.01687 1.70547e-38 3
0.123028 0.230039 0.921167 1.70551e-38 3
0.139553 0.232777 0.932133 1.69622e-38 3
0.176702 0.266031 1.0653 1.65923e-38 3
0.199338 0.273473 1.09509 1.57618e-38 3
0.2097 0.264234 1.0581 1.58526e-38 3
0.22229 0.258984 1.03708 1.74199e-38 3
0.239047 0.258984 1.03708 1.71448e-38 3
0.25412 0.25728 1.03025 1.44729e-38 3
0.268997 0.255599 1.02352 1.3645e-38 3
0.280043 0.250683 1.00384 1.35528e-38 3
0.288856 0.244416 0.97874 1.44747e-38 3
0.30467 0.244416 0.97874 1.47513e-38 3
0.314585 0.239918 0.960726 1.47509e-38 3
0.312835 0.227364 0.910456 1.49357e-38 3
0.196863 0.100531 0.402567 1.37375e-38 3
0.211524 0.104563 0.418712 2.28645e-38 3
0.225525 0.108029 0.432592 2.28645e-38 3
0.230514 0.0907345 0.363337 1.20769e-38 5
0.235293 0.0903155 0.361659 1.14319e-38 5
0.241137 0.0903155 0.361659 1.24461e-38 5
0.244719 0.0894888 0.358349 1.38287e-38 3
0.249937 0.0892844 0.357531 1.49347e-38 3
0.259125 0.0884764 0.354295 1.46577e-38 3
0.263064 0.08788 0.351907 1.3551e-38 5
0.267547 0.0874868 0.350332 1.27223e-38 5
0.268995 0.0861379 0.34493 1.27227e-38 5
1.49496 0.383398 1.53528 3.3169e-39 3
1.19244 0.30082 1.2046 2.48714e-39 3
1.03649 0.25728 1.03025 3.68568e-39 3
1.02614 0.250683 1.00384 3.22578e-39 3
0.95092 0.228694 0.91578 3.68711e-39 3
0.965717 0.228694 0.91578 4.2392e-39 3
0.969178 0.22605 0.905193 5.43775e-39 3
0.983803 0.22605 0.905193 6.54589e-39 3
0.975866 0.220941 0.884737 6.82284e-39 3
0.995787 0.222197 0.889764 6.63845e-39 3
1.02177 0.224751 0.899991 6.63845e-39 3
1.09951 0.238455 0.954868 6.17819e-39 3
1.1287 0.241399 0.966657 6.08636e-39 3
-1.33037 0.3928 1.47734 5.62322e-39 3
-1.21482 0.365235 1.37367 6.36078e-39 3
-1.09645 0.335781 1.26289 6.72992e-39 3
-0.995739 0.310723 1.16864 5.16295e-39 3
-0.948542 0.301716 1.13477 4.88709e-39 3
-0.930207 0.301716 1.13477 6.08563e-39 3
-0.998717 0.330451 1.24284 5.44098e-39 3
-0.978636 0.330451 1.24284 6.73173e-39 3
-1.00648 0.346973 1.30499 6.91504e-39 3
-0.909597 0.320283 1.2046 6.91576e-39 3
-0.911161 0.327849 1.23306 5.80905e-39 3
-0.905498 0.333095 1.25279 6.45514e-39 3
-0.83831 0.31543 1.18635 6.91539e-39 3
-0.688705 0.265203 0.997442 7.56076e-39 3
-0.685692 0.270369 1.01687 7.93098e-39 3
-0.805205 0.325288 1.22343 7.56328e-39 3
-0.785438 0.325288 1.22343 8.20865e-39 3
-0.753891 0.320283 1.2046 8.48415e-39 3
-0.734428 0.320283 1.2046 8.57635e-39 3
-0.714965 0.320283 1.2046 8.94477e-39 3
-0.695501 0.320283 1.2046 9.49687e-39 3
-0.6975 0.330451 1.24284 1.00493e-38 3
-0.735817 0.358938 1.34999 9.77273e-39 3
-0.714004 0.358938 1.34999 9.86493e-39 3
-0.637256 0.330451 1.24284 1.005e-38 3
-0.584692 0.313059 1.17743 9.31211e-39 3
-0.522457 0.289145 1.08749 1.04177e-38 3
-0.460149 0.263524 0.991129 1.12475e-38 3
-0.444135 0.263524 0.991129 1.12475e-38 3
-0.439241 0.270369 1.01687 1.06947e-38 3
-0.420083 0.268625 1.01031 1.02344e-38 3
-0.411728 0.273926 1.03025 1.06043e-38 3
-0.422905 0.293217 1.10281 1.17096e-38 3
-0.405086 0.293217 1.10281 1.125e-38 3
-0.3928 0.297406 1.11856 1.22627e-38 3
-0.374727 0.297406 1.11856 1.36446e-38 3
-0.337375 0.28133 1.0581 1.4197e-38 3
-0.307801 0.270369 1.01687 1.39205e-38 3
-0.322814 0.299545 1.12661 1.30903e-38 3
-0.290006 0.285184 1.07259 1.31843e-38 3
-0.278396 0.291167 1.09509 1.2539e-38 3
-0.257107 0.28715 1.07999 1.30014e-38 3
-0.233223 0.279442 1.051 1.18961e-38 3
-0.220685 0.285184 1.07259 1.21738e-38 3
-0.200607 0.28133 1.0581 1.23574e-38 3
-0.171896 0.263524 0.991129 1.19894e-38 3
-0.153933 0.26023 0.97874 1.27269e-38 3
-0.131542 0.247838 0.932133 1.35563e-38 3
-0.116481 0.247838 0.932133 1.43843e-38 3
-0.103894 0.253883 0.954868 1.38319e-38 3
-0.0863597 0.247838 0.932133 1.30032e-38 3
-0.0767833 0.266903 1.00384 1.31879e-38 3
-0.0597973 0.263524 0.991129 1.42939e-38 3
-0.0443445 0.266903 1.00384 1.30032e-38 3
-0.0281251 0.266903 1.00384 1.30957e-38 3
-0.0119058 0.266903 1.00384 1.43872e-38 3
0.00425904 0.263524 0.991129 1.44794e-38 3
0.0201456 0.261867 0.984896 1.39255e-38 3
0.0353912 0.257017 0.966657 1.3556e-38 3
0.0533136 0.268625 1.01031 1.30017e-38 3
0.0691912 0.266903 1.00384 1.25404e-38 3
0.0843294 0.263524 0.991129 1.26322e-38 3
0.0997124 0.261867 0.984896 1.29081e-38 3
0.117849 0.266903 1.00384 1.34613e-38 3
0.123028 0.244922 0.921167 1.35535e-38 3
0.139553 0.247838 0.932133 1.30925e-38 3
0.170889 0.273926 1.03025 1.28152e-38 3
0.188778 0.275741 1.03708 1.45651e-38 3
0.202847 0.272136 1.02352 1.58544e-38 3
0.21796 0.270369 1.01687 1.63154e-38 3
0.232878 0.268625 1.01031 1.66838e-38 3
0.249202 0.268625 1.01031 1.687e-38 3
0.262143 0.265203 0.997442 1.61335e-38 3
0.266383 0.253883 0.954868 1.50275e-38 3
0.276748 0.249322 0.937715 1.43822e-38 3
0.286748 0.244922 0.921167 1.40134e-38 3
0.301632 0.244922 0.921167 1.34591e-38 3
0.312835 0.242074 0.910456 1.35524e-38 3
0.204556 0.115019 0.432592 1.29085e-38 3
0.215717 0.117287 0.441122 1.41985e-38 3
0.222845 0.117287 0.441122 2.26801e-38 3
0.235838 0.0963815 0.362496 2.25876e-38 5
0.240581 0.0959374 0.360826 2.2772e-38 5
0.247676 0.0942009 0.354295 1.97288e-38 3
0.252259 0.0937766 0.352699 1.77009e-38 3
0.255085 0.0927323 0.348772 1.68708e-38 3
0.257849 0.091711 0.34493 1.60417e-38 5
0.261693 0.091109 0.342666 1.5396e-38 5
0.267815 0.0913088 0.343418 1.59499e-38 5
0.270399 0.0903185 0.339693 1.65038e-38 5
1.17297 0.320283 1.2046 4.51508e-39 3
1.01985 0.273926 1.03025 3.31689e-39 3
0.997132 0.263524 0.991129 2.39529e-39 3
1.00048 0.26023 0.97874 3.8715e-39 3
0.945391 0.242074 0.910456 5.8998e-39 3
0.954552 0.240675 0.905193 5.99092e-39 3
0.947276 0.235236 0.884737 7.83483e-39 3
0.961571 0.235236 0.884737 7.55933e-39 3
0.964962 0.232608 0.874851 7.83663e-39 3
-1.23701 0.38743 1.37367 6.82248e-39 3
-1.0183 0.324758 1.15146 5.53102e-39 3
-0.860501 0.279538 0.991129 6.26894e-39 3
-0.803789 0.266066 0.943364 6.82247e-39 3
-0.779159 0.262899 0.932133 4.70234e-39 3
-0.764098 0.262899 0.932133 4.14917e-39 3
-0.967987 0.339746 1.2046 5.2566e-39 3
-0.955877 0.34238 1.21394 5.90233e-39 3
-0.875202 0.320051 1.13477 6.27075e-39 3
-0.895815 0.334599 1.18635 5.9938e-39 3
-0.876647 0.334599 1.18635 7.28454e-39 3
-0.870671 0.339746 1.2046 7.5622e-39 3
-0.647117 0.258287 0.91578 8.66711e-39 3
-0.647466 0.264473 0.937715 9.31248e-39 3
-0.632315 0.264473 0.937715 8.20757e-39 3
-0.792818 0.339746 1.2046 7.65512e-39 3
-0.761637 0.334599 1.18635 7.47072e-39 3
-0.742469 0.334599 1.18635 8.39196e-39 3
-0.7233 0.334599 1.18635 9.12952e-39 3
-0.714965 0.339746 1.2046 8.39196e-39 3
-0.695501 0.339746 1.2046 1.00504e-38 3
-0.686601 0.345055 1.22343 9.68126e-39 3
-0.688345 0.356186 1.26289 9.68126e-39 3
-0.657337 0.350532 1.24284 1.01422e-38 3
-0.632238 0.347772 1.23306 9.59014e-39 3
-0.584692 0.332083 1.17743 1.06032e-38 3
-0.533573 0.313241 1.11063 1.14323e-38 3
-0.491241 0.298426 1.0581 1.15241e-38 3
-0.461667 0.290573 1.03025 1.05099e-38 3
-0.445021 0.290573 1.03025 1.02337e-38 3
-0.420083 0.284949 1.01031 1.0511e-38 3
-0.403759 0.284949 1.01031 1.11575e-38 3
-0.389951 0.286799 1.01687 1.16184e-38 3
-0.378436 0.290573 1.03025 1.18028e-38 3
-0.366613 0.294447 1.04399 1.31847e-38 3
-0.349745 0.294447 1.04399 1.29077e-38 3
-0.320074 0.283122 1.00384 1.17996e-38 3
-0.296258 0.276044 0.97874 1.18918e-38 3
-0.315994 0.311035 1.10281 1.20762e-38 3
-0.280403 0.292497 1.03708 1.24468e-38 3
-0.267186 0.296423 1.051 1.27234e-38 3
-0.248536 0.294447 1.04399 1.32769e-38 3
-0.230134 0.292497 1.03708 1.34631e-38 3
-0.211974 0.290573 1.03025 1.24496e-38 3
-0.18791 0.279538 0.991129 1.30028e-38 3
-0.167652 0.272636 0.966657 1.31872e-38 3
-0.152033 0.272636 0.966657 1.1805e-38 3
-0.129234 0.258287 0.91578 1.27255e-38 3
-0.114438 0.258287 0.91578 1.38311e-38 3
-0.100227 0.259806 0.921167 1.37397e-38 3
-0.0853437 0.259806 0.921167 1.32798e-38 3
-0.0717257 0.264473 0.937715 1.24504e-38 3
-0.0569155 0.266066 0.943364 1.38319e-38 3
-0.0419257 0.267679 0.949081 1.37397e-38 3
-0.0272517 0.274329 0.972661 1.41095e-38 3
-0.011325 0.269311 0.954868 1.44787e-38 3
0.00405378 0.266066 0.943364 1.31879e-38 3
0.0192961 0.266066 0.943364 1.33723e-38 3
0.0345384 0.266066 0.943364 1.3279e-38 3
0.0503878 0.269311 0.954868 1.29092e-38 3
0.0650231 0.266066 0.943364 1.29095e-38 3
0.0802654 0.266066 0.943364 1.34631e-38 3
0.0949358 0.264473 0.937715 1.37407e-38 3
0.117099 0.281319 0.997442 1.23582e-38 3
0.123756 0.261343 0.926618 1.31876e-38 3
0.145621 0.274329 0.972661 1.39251e-38 3
0.1644 0.279538 0.991129 1.38319e-38 3
0.1851 0.286799 1.01687 1.39219e-38 3
0.198946 0.283122 1.00384 1.47502e-38 3
0.211106 0.27778 0.984896 1.61313e-38 3
0.222815 0.272636 0.966657 1.57626e-38 3
0.235526 0.269311 0.954868 1.46573e-38 3
0.239282 0.256785 0.910456 1.42889e-38 3
0.24406 0.246743 0.874851 1.5303e-38 3
0.255342 0.244017 0.865185 1.54878e-38 3
0.26493 0.240038 0.851078 1.47499e-38 3
0.275685 0.237457 0.841927 1.54878e-38 3
0.287741 0.236187 0.837425 1.41967e-38 3
0.207421 0.123717 0.438651 1.30921e-38 3
0.220691 0.127283 0.451292 1.39219e-38 3
0.229304 0.12802 0.453908 2.27723e-38 3
0.23213 0.103194 0.365884 2.29567e-38 5
0.236935 0.102714 0.364182 2.27723e-38 5
0.240581 0.101767 0.360826 2.27723e-38 5
0.244358 0.0985871 0.34955 2.30489e-38 3
0.248343 0.0979313 0.347225 2.27727e-38 3
0.256156 0.0966456 0.342666 2.16667e-38 5
0.260552 0.0962245 0.341173 1.94537e-38 5
0.266065 0.0962245 0.341173 1.92693e-38 5
0.269814 0.0955997 0.338958 1.90856e-38 5
0.272343 0.0945761 0.335329 1.9086e-38 5
1.03031 0.298426 1.0581 6.72813e-39 3
0.933835 0.266066 0.943364 1.04159e-38 3
0.949078 0.266066 0.943364 1.31829e-38 3
0.95284 0.262899 0.932133 9.58798e-39 3
0.95092 0.258287 0.91578 4.60906e-39 3
0.965717 0.258287 0.91578 6.17531e-39 3
0.947276 0.249531 0.884737 5.89837e-39 3
0.961571 0.249531 0.884737 6.72849e-39 3
-1.03691 0.343362 1.15146 5.53102e-39 3
-0.876515 0.295552 0.991129 5.25515e-39 3
-0.747029 0.256578 0.860431 5.80832e-39 3
-0.725158 0.253789 0.851078 5.80869e-39 3
-0.711406 0.253789 0.851078 6.63845e-39 3
-0.690153 0.251061 0.841927 5.99416e-39 3
-0.67655 0.251061 0.841927 5.99416e-39 3
-0.700614 0.265325 0.889764 6.4555e-39 3
-0.73645 0.284739 0.954868 5.71758e-39 3
-0.856867 0.338386 1.13477 7.10051e-39 3
-0.876647 0.353767 1.18635 7.37709e-39 3
-0.870671 0.35921 1.2046 8.29833e-39 3
-0.607454 0.262344 0.879766 7.92954e-39 3
-0.593239 0.262344 0.879766 8.66783e-39 3
-0.75784 0.343362 1.15146 9.12881e-39 3
-0.739236 0.343362 1.15146 9.03661e-39 3
-0.731387 0.348487 1.16864 9.49759e-39 3
-0.712505 0.348487 1.16864 9.58979e-39 3
-0.693622 0.348487 1.16864 8.94442e-39 3
-0.684963 0.353767 1.18635 1.04188e-38 3
-0.665795 0.353767 1.18635 1.06032e-38 3
-0.666834 0.364822 1.22343 1.04188e-38 3
-0.657337 0.370613 1.24284 1.04192e-38 3
-0.637256 0.370613 1.24284 1.0972e-38 3
-0.617175 0.370613 1.24284 1.10642e-38 3
-0.55319 0.343362 1.15146 1.14323e-38 3
-0.487944 0.313404 1.051 1.09713e-38 3
-0.470962 0.313404 1.051 1.15245e-38 3
-0.447968 0.309253 1.03708 1.14326e-38 3
-0.406956 0.291858 0.97874 1.0788e-38 3
-0.403759 0.301273 1.01031 1.16188e-38 3
-0.375328 0.291858 0.97874 1.15255e-38 3
-0.359514 0.291858 0.97874 1.07887e-38 3
-0.312455 0.265325 0.889764 1.04195e-38 3
-0.296394 0.263826 0.884737 1.06954e-38 3
-0.267014 0.249718 0.837425 1.15245e-38 3
-0.253483 0.249718 0.837425 1.20776e-38 3
-0.239953 0.249718 0.837425 1.2446e-38 3
-0.227639 0.251061 0.841927 1.30914e-38 3
-0.236968 0.27796 0.932133 1.30921e-38 3
-0.234468 0.293693 0.984896 1.34613e-38 3
-0.21584 0.290045 0.972661 1.32776e-38 3
-0.200124 0.290045 0.972661 1.27252e-38 3
-0.178854 0.281309 0.943364 1.27248e-38 3
-0.163612 0.281309 0.943364 1.31861e-38 3
-0.146603 0.27796 0.932133 1.28177e-38 3
-0.126281 0.266842 0.894848 1.20812e-38 3
-0.113115 0.269926 0.905193 1.26337e-38 3
-0.0996412 0.273083 0.91578 1.30943e-38 3
-0.0848446 0.273083 0.91578 1.30947e-38 3
-0.07046 0.27469 0.921167 1.4017e-38 3
-0.0559052 0.276315 0.926618 1.40159e-38 3
-0.0409334 0.276315 0.926618 1.28184e-38 3
-0.026591 0.283014 0.949081 1.31879e-38 3
-0.0111215 0.279624 0.937715 1.36478e-38 3
0.00400552 0.27796 0.932133 1.35553e-38 3
0.0188421 0.27469 0.921167 1.33712e-38 3
0.0337257 0.27469 0.921167 1.19887e-38 3
0.0486094 0.27469 0.921167 1.26319e-38 3
0.0620335 0.268375 0.899991 1.42003e-38 3
0.0752771 0.263826 0.884737 1.44783e-38 3
0.089069 0.262344 0.879766 1.48478e-38 3
0.103284 0.262344 0.879766 1.34656e-38 3
0.113053 0.252418 0.846478 1.41102e-38 3
0.126048 0.251061 0.841927 1.45712e-38 3
0.145928 0.262344 0.879766 1.42939e-38 3
0.181563 0.297435 0.997442 1.41074e-38 3
0.191578 0.288255 0.966657 1.43829e-38 3
0.19515 0.271496 0.910456 1.51186e-38 3
0.209861 0.271496 0.910456 1.51168e-38 3
0.225885 0.273083 0.91578 1.52098e-38 3
0.226135 0.256578 0.860431 1.49335e-38 3
0.237428 0.253789 0.851078 1.52101e-38 3
0.249821 0.252418 0.846478 1.47502e-38 3
0.26068 0.249718 0.837425 1.43822e-38 3
0.272752 0.24839 0.83297 1.41059e-38 3
0.284697 0.247075 0.828563 1.48435e-38 3
0.212223 0.138568 0.464684 1.3645e-38 3
0.223264 0.136144 0.456555 1.34602e-38 3
0.231315 0.136542 0.45789 1.95451e-38 3
0.236241 0.127241 0.426699 2.28645e-38 5
0.242754 0.123538 0.414282 2.28645e-38 5
0.23163 0.111716 0.374637 2.28645e-38 5
0.23322 0.109618 0.367602 2.28645e-38 5
0.238599 0.109361 0.366741 2.28645e-38 5
0.241695 0.108096 0.362496 2.28645e-38 5
0.244358 0.104235 0.34955 2.28645e-38 5
0.247794 0.103313 0.346457 2.28645e-38 5
0.25504 0.101737 0.341173 2.28645e-38 5
0.257745 0.100641 0.337497 2.27723e-38 5
0.263198 0.100641 0.337497 2.24043e-38 5
0.267498 0.100209 0.336048 1.93618e-38 5
0.274238 0.0987257 0.331075 1.71491e-38 5
0.811098 0.24839 0.83297 2.11114e-38 3
0.842482 0.253789 0.851078 1.57636e-38 3
0.905442 0.268375 0.899991 1.64094e-38 3
0.919983 0.268375 0.899991 1.72406e-38 3
0.95092 0.273083 0.91578 1.64108e-38 3
0.971397 0.27469 0.921167 1.25382e-38 3
0.958102 0.266842 0.894848 4.51652e-39 3
-0.876515 0.311566 0.991129 5.07076e-39 3
-0.738909 0.267541 0.851078 4.97893e-39 3
-0.702258 0.259092 0.824202 6.26967e-39 3
-0.674736 0.25375 0.807208 6.26967e-39 3
-0.648326 0.248624 0.790901 6.54625e-39 3
-0.629192 0.246137 0.782992 6.73173e-39 3
-0.573526 0.228965 0.728365 7.93027e-39 3
-0.561758 0.228965 0.728365 6.63953e-39 3
-0.59721 0.248624 0.790901 7.65368e-39 3
-0.612261 0.260463 0.828563 7.83699e-39 3
-0.83831 0.372936 1.18635 1.01419e-38 3
-0.593239 0.276559 0.879766 8.48236e-39 3
-0.582295 0.278121 0.884737 7.7448e-39 3
-0.67024 0.328183 1.04399 8.94334e-39 3
-0.680596 0.341858 1.08749 9.5887e-39 3
-0.663025 0.341858 1.08749 8.8515e-39 3
-0.645454 0.341858 1.08749 1.02344e-38 3
-0.645823 0.351625 1.11856 9.40467e-39 3
-0.665795 0.372936 1.18635 9.95785e-39 3
-0.666834 0.38459 1.22343 1.0972e-38 3
-0.647066 0.38459 1.22343 1.03266e-38 3
-0.617648 0.378673 1.2046 1.01422e-38 3
-0.372445 0.2437 0.77524 1.16166e-38 3
-0.35293 0.238968 0.760186 1.16163e-38 3
-0.358027 0.251161 0.798972 1.14323e-38 3
-0.359804 0.261848 0.83297 1.14323e-38 3
-0.3427 0.259092 0.824202 1.11557e-38 3
-0.329383 0.259092 0.824202 1.16174e-38 3
-0.317738 0.260463 0.828563 1.16166e-38 3
-0.305969 0.261848 0.83297 1.18018e-38 3
-0.290963 0.260463 0.828563 1.09727e-38 3
-0.276115 0.259092 0.824202 1.06954e-38 3
-0.26006 0.256393 0.815617 1.15252e-38 3
-0.246882 0.256393 0.815617 1.21705e-38 3
-0.232493 0.255065 0.811391 1.21698e-38 3
-0.218252 0.25375 0.807208 1.23546e-38 3
-0.204157 0.252449 0.803069 1.29074e-38 3
-0.190206 0.251161 0.798972 1.35528e-38 3
-0.175506 0.248624 0.790901 1.37379e-38 3
-0.160298 0.244913 0.779097 1.41067e-38 3
-0.155444 0.257736 0.819887 1.33691e-38 3
-0.159762 0.289573 0.921167 1.27244e-38 3
-0.144878 0.289573 0.921167 1.3278e-38 3
-0.12076 0.269003 0.855729 1.40159e-38 3
-0.108716 0.273486 0.869991 1.31858e-38 3
-0.0946591 0.273486 0.869991 1.34624e-38 3
-0.0806023 0.273486 0.869991 1.47531e-38 3
-0.0665455 0.273486 0.869991 1.39233e-38 3
-0.0521987 0.271975 0.865185 1.29095e-38 3
-0.0390833 0.278121 0.884737 1.23575e-38 3
-0.0255088 0.286206 0.910456 1.2633e-38 3
-0.0106741 0.282917 0.899991 1.41996e-38 3
0.00380185 0.278121 0.884737 1.48457e-38 3
0.0179952 0.276559 0.879766 1.52159e-38 3
0.0318521 0.273486 0.869991 1.43858e-38 3
0.0456553 0.271975 0.865185 1.35542e-38 3
0.0589827 0.269003 0.855729 1.503e-38 3
0.0724133 0.267541 0.851078 1.59531e-38 3
0.0856988 0.266095 0.846478 1.59538e-38 3
0.0957526 0.256393 0.815617 1.49396e-38 3
0.108366 0.255065 0.811391 1.3834e-38 3
0.120231 0.252449 0.803069 1.51244e-38 3
0.144307 0.273486 0.869991 1.52166e-38 3
0.158363 0.273486 0.869991 1.4017e-38 3
0.168672 0.267541 0.851078 1.41066e-38 3
0.182423 0.267541 0.851078 1.46591e-38 3
0.205091 0.279702 0.889764 1.48428e-38 3
0.22199 0.282917 0.899991 1.39215e-38 3
0.223677 0.267541 0.851078 1.41045e-38 3
0.237428 0.267541 0.851078 1.46577e-38 3
0.251179 0.267541 0.851078 1.47506e-38 3
0.26068 0.263249 0.837425 1.39208e-38 3
0.269881 0.259092 0.824202 1.40137e-38 3
0.277359 0.25375 0.807208 1.47513e-38 3
0.206554 0.147388 0.468858 1.3368e-38 3
0.212223 0.146076 0.464684 1.29996e-38 3
0.223264 0.14352 0.456555 1.37361e-38 3
0.243541 0.138279 0.439883 2.28645e-38 5
0.241476 0.129546 0.412101 2.28645e-38 5
0.232744 0.118335 0.376438 2.28645e-38 5
0.234874 0.116377 0.370209 2.28645e-38 5
0.240856 0.116377 0.370209 2.28645e-38 5
0.243954 0.115017 0.365884 2.28645e-38 5
0.241661 0.10867 0.345692 2.28645e-38 5
0.245083 0.107719 0.342666 2.28645e-38 5
0.248445 0.106784 0.339693 2.28645e-38 5
0.250671 0.105412 0.335329 2.28645e-38 5
0.254997 0.104963 0.333899 2.28645e-38 5
0.260948 0.105187 0.334612 2.28645e-38 5
0.266355 0.105187 0.334612 2.27727e-38 5
0.271761 0.105187 0.334612 2.25879e-38 5
0.274238 0.104075 0.331075 2.24043e-38 5
0.28501 0.106094 0.337497 2.27723e-38 5
0.28798 0.105187 0.334612 2.27723e-38 5
0.292761 0.104963 0.333899 2.27727e-38 3
0.29689 0.104517 0.332481 2.28642e-38 3
0.811098 0.261848 0.83297 2.31397e-38 3
0.842482 0.267541 0.851078 1.74235e-38 3
0.905442 0.282917 0.899991 1.29063e-38 3
0.919983 0.282917 0.899991 1.01419e-38 3
-0.876515 0.32758 0.991129 5.16332e-39 3
-0.708121 0.269571 0.815617 5.71649e-39 3
-0.66054 0.256226 0.77524 6.08636e-39 3
-0.635431 0.251251 0.760186 5.53174e-39 3
-0.605512 0.24414 0.738672 7.00723e-39 3
-0.5799 0.238515 0.721652 7.46821e-39 3
-0.573526 0.240734 0.728365 7.19162e-39 3
-0.561758 0.240734 0.728365 7.83807e-39 3
-0.547443 0.239619 0.724993 7.19162e-39 3
-0.545837 0.24414 0.738672 6.91504e-39 3
-0.744653 0.340511 1.03025 8.482e-39 3
-0.601397 0.281292 0.851078 8.94334e-39 3
-0.587645 0.281292 0.851078 8.57456e-39 3
-0.593239 0.290774 0.879766 7.56004e-39 3
-0.582295 0.292416 0.884737 8.482e-39 3
-0.577794 0.297458 0.899991 8.39017e-39 3
-0.566508 0.299178 0.905193 9.6809e-39 3
-0.545575 0.295758 0.894848 9.22028e-39 3
-0.528099 0.294078 0.889764 9.86565e-39 3
-0.502307 0.287543 0.869991 1.04181e-38 3
-0.408002 0.254964 0.771421 9.58835e-39 3
-0.393599 0.253714 0.767639 9.86493e-39 3
-0.383074 0.254964 0.771421 1.15245e-38 3
-0.368793 0.253714 0.767639 1.10628e-38 3
-0.349537 0.248835 0.752877 1.04174e-38 3
-0.349121 0.257501 0.779097 1.06018e-38 3
-0.346888 0.265424 0.803069 1.13393e-38 3
-0.332209 0.26407 0.798972 1.14315e-38 3
-0.319299 0.26407 0.798972 1.13397e-38 3
-0.30639 0.26407 0.798972 1.17081e-38 3
-0.294986 0.265424 0.803069 1.20776e-38 3
-0.279147 0.262729 0.794916 1.13415e-38 3
-0.264959 0.261403 0.790901 1.1894e-38 3
-0.25218 0.261403 0.790901 1.20783e-38 3
-0.241844 0.26407 0.798972 1.21705e-38 3
-0.227772 0.262729 0.794916 1.21698e-38 3
-0.213843 0.261403 0.790901 1.29074e-38 3
-0.199053 0.258789 0.782992 1.30918e-38 3
-0.185475 0.257501 0.779097 1.23542e-38 3
-0.172031 0.256226 0.77524 1.25386e-38 3
-0.157941 0.253714 0.767639 1.37368e-38 3
-0.144828 0.252477 0.763895 1.34606e-38 3
-0.12995 0.247645 0.749275 1.30003e-38 3
-0.11956 0.251251 0.760186 1.36457e-38 3
-0.106246 0.248835 0.752877 1.30936e-38 3
-0.0931851 0.246465 0.745707 1.45683e-38 3
-0.0882831 0.268175 0.811391 1.47527e-38 3
-0.0751732 0.268175 0.811391 1.49364e-38 3
-0.0643989 0.278267 0.841927 1.55811e-38 3
-0.0507955 0.278267 0.841927 1.44762e-38 3
-0.0382196 0.285954 0.865185 1.36468e-38 3
-0.024649 0.290774 0.879766 1.46605e-38 3
-0.0104343 0.290774 0.879766 1.52123e-38 3
0.00375937 0.289149 0.874851 1.49364e-38 3
0.0178947 0.289149 0.874851 1.27252e-38 3
0.0318521 0.287543 0.869991 1.24496e-38 3
0.0454044 0.284383 0.860431 1.42925e-38 3
0.0550705 0.26407 0.798972 1.42936e-38 3
0.0679799 0.26407 0.798972 1.40173e-38 3
0.0847822 0.276779 0.837425 1.54921e-38 3
0.0933223 0.262729 0.794916 1.54921e-38 3
0.105099 0.260089 0.786927 1.4017e-38 3
0.116064 0.256226 0.77524 1.39251e-38 3
0.133893 0.266792 0.807208 1.31876e-38 3
0.141116 0.256226 0.77524 1.34638e-38 3
0.152135 0.253714 0.767639 1.36467e-38 3
0.145307 0.224059 0.677915 1.37389e-38 3
0.176942 0.253714 0.767639 1.33698e-38 3
0.207668 0.278267 0.841927 1.33691e-38 3
0.214357 0.269571 0.815617 1.38301e-38 3
0.224035 0.265424 0.803069 1.37382e-38 3
0.235801 0.26407 0.798972 1.40145e-38 3
0.247448 0.262729 0.794916 1.38297e-38 3
0.24892 0.251251 0.760186 1.41059e-38 3
0.261202 0.251251 0.760186 1.41059e-38 3
0.204715 0.153584 0.464684 1.45666e-38 3
0.214016 0.149589 0.452597 1.3829e-38 3
0.220057 0.148729 0.449995 1.42893e-38 3
0.233305 0.124717 0.377346 2.28645e-38 5
0.236552 0.123233 0.372853 2.28645e-38 5
0.242 0.12294 0.371968 2.28645e-38 5
0.244525 0.121212 0.366741 2.28645e-38 5
0.239023 0.113008 0.341918 2.28645e-38 5
0.241385 0.111547 0.337497 2.29563e-38 5
0.244729 0.110593 0.334612 2.2956e-38 5
0.248542 0.109889 0.332481 2.2956e-38 5
0.253914 0.109889 0.332481 2.2956e-38 5
0.258737 0.109656 0.331776 2.29563e-38 5
0.264097 0.109656 0.331776 2.2956e-38 5
0.268888 0.109424 0.331075 2.28645e-38 5
0.273659 0.109193 0.330376 2.28645e-38 5
0.276662 0.10828 0.327612 2.28645e-38 5
0.281956 0.10828 0.327612 2.28645e-38 3
0.289063 0.108964 0.329681 2.28645e-38 3
0.842482 0.281292 0.851078 2.12035e-38 3
0.905442 0.297458 0.899991 1.69632e-38 3
0.919983 0.297458 0.899991 1.2446e-38 3
-0.673065 0.268752 0.77524 5.07113e-39 3
-0.647714 0.263534 0.760186 5.90052e-39 3
-0.611677 0.253682 0.731768 6.82248e-39 3
-0.578237 0.24454 0.705398 7.65224e-39 3
-0.566839 0.24454 0.705398 7.28382e-39 3
-0.56824 0.250175 0.721652 6.45406e-39 3
-0.559157 0.251333 0.724993 6.91432e-39 3
-0.535057 0.245647 0.70859 7.6526e-39 3
-0.530814 0.249027 0.718341 7.37709e-39 3
-0.565936 0.27144 0.782992 7.6526e-39 3
-0.53717 0.263534 0.760186 7.65368e-39 3
-0.572099 0.287238 0.828563 9.12881e-39 3
-0.573894 0.295043 0.851078 8.39017e-39 3
-0.566298 0.298285 0.860431 7.92847e-39 3
-0.561654 0.303285 0.874851 8.482e-39 3
-0.553705 0.306712 0.884737 8.20577e-39 3
-0.53941 0.306712 0.884737 8.66711e-39 3
-0.553246 0.323142 0.932133 8.85114e-39 3
-0.452076 0.27144 0.782992 1.02352e-38 3
-0.439425 0.27144 0.782992 9.86637e-39 3
-0.42465 0.270089 0.779097 8.85115e-39 3
-0.404022 0.264819 0.763895 9.58871e-39 3
-0.387895 0.262261 0.756514 1.08791e-38 3
-0.381196 0.266117 0.767639 1.06025e-38 3
-0.366994 0.264819 0.763895 1.06018e-38 3
-0.347864 0.259751 0.749275 1.08776e-38 3
-0.343987 0.266117 0.767639 1.13386e-38 3
-0.341632 0.274181 0.790901 1.18918e-38 3
-0.328853 0.274181 0.790901 1.13397e-38 3
-0.314486 0.272804 0.786927 1.21698e-38 3
-0.301771 0.272804 0.786927 1.20769e-38 3
-0.290516 0.274181 0.790901 1.16159e-38 3
-0.277737 0.274181 0.790901 1.21698e-38 3
-0.263627 0.272804 0.786927 1.30925e-38 3
-0.250912 0.272804 0.786927 1.28152e-38 3
-0.239401 0.274181 0.790901 1.24464e-38 3
-0.225483 0.272804 0.786927 1.29996e-38 3
-0.212768 0.272804 0.786927 1.29996e-38 3
-0.197083 0.268752 0.77524 1.24471e-38 3
-0.183648 0.267428 0.771421 1.1801e-38 3
-0.16869 0.263534 0.760186 1.2446e-38 3
-0.152701 0.257289 0.742173 1.23528e-38 3
-0.140046 0.256075 0.738672 1.18925e-38 3
-0.126323 0.252502 0.728365 1.23542e-38 3
-0.112979 0.249027 0.718341 1.18932e-38 3
-0.0999959 0.245647 0.70859 1.24471e-38 3
-0.0877528 0.243444 0.702235 1.49364e-38 3
-0.0767507 0.24454 0.705398 1.45676e-38 3
-0.0647697 0.242357 0.6991 1.30003e-38 3
-0.0534741 0.242357 0.6991 1.31843e-38 3
-0.0492082 0.28275 0.815617 1.35542e-38 3
-0.0371922 0.291871 0.841927 1.56736e-38 3
-0.0242405 0.299933 0.865185 1.9638e-38 3
-0.0104343 0.304988 0.879766 1.81625e-38 3
0.00378049 0.304988 0.879766 1.41988e-38 3
0.0180969 0.306712 0.884737 1.36482e-38 3
0.0298613 0.28275 0.815617 1.23578e-38 3
0.0421612 0.276979 0.798972 1.30954e-38 3
0.0490629 0.246763 0.711811 1.41095e-38 3
0.0579307 0.236035 0.680863 1.38329e-38 3
0.0695363 0.238105 0.686835 1.32794e-38 3
0.0824417 0.243444 0.702235 1.41092e-38 3
0.0893792 0.232 0.669224 1.5123e-38 3
0.099343 0.230034 0.663553 1.49389e-38 3
0.108683 0.227146 0.655223 1.42014e-38 3
0.119269 0.227146 0.655223 1.36478e-38 3
0.129856 0.227146 0.655223 1.28174e-38 3
0.141628 0.229063 0.660753 1.28174e-38 3
0.15103 0.227146 0.655223 1.34638e-38 3
0.162295 0.228101 0.657977 1.374e-38 3
0.195055 0.257289 0.742173 1.33705e-38 3
0.203194 0.252502 0.728365 1.33705e-38 3
0.216981 0.254873 0.735204 1.37386e-38 3
0.241323 0.268752 0.77524 1.50293e-38 3
0.240739 0.254873 0.735204 1.53048e-38 3
0.247962 0.250175 0.721652 1.54889e-38 3
0.256081 0.246763 0.711811 1.55807e-38 3
0.199968 0.157356 0.453908 1.41974e-38 3
0.206703 0.156902 0.452597 1.38286e-38 3
0.212176 0.155553 0.448706 1.3829e-38 3
0.217556 0.154227 0.444882 1.35524e-38 3
0.234435 0.131448 0.379173 2.2772e-38 5
0.23599 0.12895 0.371968 2.29567e-38 5
0.240288 0.128038 0.369336 2.28645e-38 5
0.241695 0.125667 0.362496 2.31411e-38 5
0.238502 0.118274 0.341173 2.28645e-38 5
0.238812 0.115753 0.333899 2.28645e-38 5
0.24317 0.115261 0.332481 2.28645e-38 5
0.247491 0.114774 0.331075 2.28645e-38 5
0.25284 0.114774 0.331075 2.28645e-38 5
0.257103 0.11429 0.329681 2.2956e-38 5
0.262429 0.11429 0.329681 2.27727e-38 5
0.266633 0.113811 0.328299 2.27727e-38 3
-0.721299 0.295928 0.815617 5.07113e-39 3
-0.666467 0.27852 0.767639 5.80797e-39 3
-0.6235 0.265505 0.731768 7.19126e-39 3
-0.589634 0.255938 0.705398 7.09906e-39 3
-0.578237 0.255938 0.705398 6.91468e-39 3
-0.566839 0.255938 0.705398 7.83663e-39 3
-0.560491 0.258264 0.711811 7.00687e-39 3
-0.55658 0.261835 0.721652 6.63773e-39 3
-0.535057 0.257096 0.70859 6.8232e-39 3
-0.52125 0.255938 0.705398 7.10051e-39 3
-0.524015 0.263047 0.724993 7.6526e-39 3
-0.519516 0.266752 0.735204 7.83699e-39 3
-0.540634 0.284091 0.782992 7.19162e-39 3
-0.536023 0.288417 0.794916 6.54589e-39 3
-0.548225 0.302224 0.83297 7.74443e-39 3
-0.552396 0.312188 0.860431 8.29797e-39 3
-0.550595 0.319203 0.879766 7.65296e-39 3
-0.53638 0.319203 0.879766 7.46856e-39 3
-0.420567 0.257096 0.70859 8.66711e-39 3
-0.438909 0.275816 0.760186 8.29905e-39 3
-0.430809 0.27852 0.767639 7.83807e-39 3
-0.410359 0.273164 0.752877 7.92919e-39 3
-0.388847 0.266752 0.735204 8.57456e-39 3
-0.371733 0.263047 0.724993 9.58906e-39 3
-0.360019 0.263047 0.724993 1.07869e-38 3
-0.3467 0.261835 0.721652 1.18922e-38 3
-0.33504 0.261835 0.721652 1.1523e-38 3
-0.329452 0.266752 0.735204 1.12468e-38 3
-0.333217 0.279892 0.771421 1.18925e-38 3
-0.323945 0.282677 0.779097 1.08787e-38 3
-0.309815 0.281278 0.77524 1.15245e-38 3
-0.298769 0.282677 0.779097 1.13386e-38 3
-0.28618 0.282677 0.779097 1.18925e-38 3
-0.273592 0.282677 0.779097 1.17088e-38 3
-0.259712 0.281278 0.77524 1.19862e-38 3
-0.248416 0.282677 0.779097 1.19854e-38 3
-0.235828 0.282677 0.779097 1.23542e-38 3
-0.222134 0.281278 0.77524 1.15245e-38 3
-0.208576 0.279892 0.771421 1.23542e-38 3
-0.194198 0.277162 0.763895 1.26315e-38 3
-0.180099 0.274484 0.756514 1.24471e-38 3
-0.165477 0.270563 0.745707 1.21698e-38 3
-0.150561 0.265505 0.731768 1.30907e-38 3
-0.138092 0.264271 0.728365 1.39208e-38 3
-0.125159 0.261835 0.721652 1.44747e-38 3
-0.110943 0.255938 0.705398 1.3645e-38 3
-0.0973529 0.2503 0.689861 1.39208e-38 3
-0.0862065 0.2503 0.689861 1.35528e-38 3
-0.0750601 0.2503 0.689861 1.3184e-38 3
-0.0625363 0.244906 0.674993 1.33684e-38 3
-0.0518537 0.245966 0.677915 1.39215e-38 3
-0.0492082 0.295928 0.815617 1.44751e-38 3
-0.0380096 0.312188 0.860431 1.41985e-38 3
-0.0252156 0.326541 0.899991 1.4752e-38 3
-0.0105528 0.32283 0.889764 1.43829e-38 3
0.00369741 0.312188 0.860431 1.35542e-38 3
0.0168587 0.299043 0.824202 1.31872e-38 3
0.0345757 0.237733 0.655223 1.22653e-38 3
0.0461275 0.242813 0.669224 1.28188e-38 3
0.0562196 0.239739 0.660753 1.34638e-38 3
0.067465 0.241779 0.666376 1.3556e-38 3
0.0843326 0.260634 0.718341 1.40163e-38 3
0.0889988 0.241779 0.666376 1.35553e-38 3
0.0989239 0.239739 0.660753 1.35556e-38 3
0.10823 0.236742 0.652493 1.35553e-38 3
0.118773 0.236742 0.652493 1.32787e-38 3
0.129315 0.236742 0.652493 1.37389e-38 3
0.139858 0.236742 0.652493 1.34627e-38 3
0.148544 0.23382 0.644438 1.25418e-38 3
0.158956 0.23382 0.644438 1.26337e-38 3
0.171486 0.236742 0.652493 1.3279e-38 3
0.192453 0.2503 0.689861 1.47535e-38 3
0.2045 0.251408 0.692913 1.56751e-38 3
0.219582 0.255938 0.705398 1.53059e-38 3
0.233079 0.258264 0.711811 1.44758e-38 3
0.24129 0.25479 0.702235 1.46595e-38 3
0.248184 0.2503 0.689861 1.53967e-38 3
0.198244 0.163271 0.449995 1.41974e-38 3
0.204341 0.162338 0.447424 1.37361e-38 3
0.210368 0.161415 0.444882 1.35517e-38 3
0.215717 0.160051 0.441122 1.37361e-38 3
0.233868 0.137242 0.378257 1.2907e-38 5
0.234874 0.134322 0.370209 1.52119e-38 5
0.238599 0.133064 0.366741 2.28645e-38 5
0.237984 0.123518 0.340431 2.28645e-38 5
0.237798 0.120633 0.332481 2.28645e-38 5
0.242142 0.120123 0.331075 2.28642e-38 3
0.246969 0.11987 0.330376 2.2956e-38 3
0.251776 0.119617 0.329681 2.2956e-38 3
0.254956 0.118618 0.326928 2.30475e-38 3
0.259696 0.118371 0.326247 2.2956e-38 3
-0.721299 0.309106 0.815617 5.34699e-39 3
-0.641317 0.279945 0.738672 6.17639e-39 3
-0.601031 0.267335 0.705398 7.00615e-39 3
-0.589634 0.267335 0.705398 5.53174e-39 3
-0.599853 0.277329 0.731768 6.82248e-39 3
-0.58803 0.277329 0.731768 6.82176e-39 3
-0.565633 0.27224 0.718341 7.19054e-39 3
-0.55658 0.273495 0.721652 7.83628e-39 3
-0.537489 0.269765 0.711811 6.91504e-39 3
-0.52125 0.267335 0.705398 6.82392e-39 3
-0.519207 0.27224 0.718341 6.63845e-39 3
-0.507601 0.27224 0.718341 8.11286e-39 3
-0.500587 0.274761 0.724993 7.19126e-39 3
-0.479984 0.269765 0.711811 7.83663e-39 3
-0.466363 0.268545 0.70859 8.02102e-39 3
-0.454914 0.268545 0.70859 7.74515e-39 3
-0.424336 0.263771 0.695993 8.02174e-39 3
-0.411263 0.262603 0.692913 9.22028e-39 3
-0.418589 0.274761 0.724993 8.76002e-39 3
-0.406875 0.274761 0.724993 8.39124e-39 3
-0.391535 0.27224 0.718341 9.49652e-39 3
-0.38168 0.273495 0.721652 9.58871e-39 3
-0.363322 0.268545 0.70859 1.03266e-38 3
-0.351873 0.268545 0.70859 1.01422e-38 3
-0.341972 0.269765 0.711811 1.06025e-38 3
-0.326025 0.266136 0.702235 1.08784e-38 3
-0.320426 0.270997 0.715061 1.11553e-38 3
-0.316089 0.277329 0.731768 1.06936e-38 3
-0.317624 0.289504 0.763895 1.04177e-38 3
-0.305281 0.289504 0.763895 1.08776e-38 3
-0.291517 0.288099 0.760186 1.13379e-38 3
-0.279234 0.288099 0.760186 1.1523e-38 3
-0.265662 0.286707 0.756514 1.14315e-38 3
-0.253439 0.286707 0.756514 1.06947e-38 3
-0.242386 0.288099 0.760186 1.14323e-38 3
-0.230104 0.288099 0.760186 1.18932e-38 3
-0.215727 0.285329 0.752877 1.29074e-38 3
-0.202588 0.283964 0.749275 1.25386e-38 3
-0.189575 0.282611 0.745707 1.19862e-38 3
-0.175851 0.279945 0.738672 1.26315e-38 3
-0.163147 0.278631 0.735204 1.28152e-38 3
-0.145792 0.268545 0.70859 1.27226e-38 3
-0.134343 0.268545 0.70859 1.33684e-38 3
-0.119121 0.2603 0.686835 1.38293e-38 3
-0.107552 0.259163 0.683836 1.4013e-38 3
-0.0956671 0.256919 0.677915 1.34591e-38 3
-0.0847137 0.256919 0.677915 1.30903e-38 3
-0.0731272 0.254714 0.672096 1.37357e-38 3
-0.0604518 0.247285 0.652493 1.40123e-38 3
-0.049091 0.243231 0.641797 1.41041e-38 3
-0.0472399 0.296742 0.782992 1.47513e-38 3
-0.0360299 0.309106 0.815617 1.53045e-38 3
-0.0228517 0.309106 0.815617 1.41988e-38 3
0.0232121 0.240277 0.634002 1.39255e-38 3
0.0334559 0.240277 0.634002 1.39248e-38 3
0.0461275 0.253626 0.669224 1.30028e-38 3
0.0562196 0.250415 0.660753 1.32791e-38 3
0.0701517 0.262603 0.692913 1.33705e-38 3
0.0813474 0.262603 0.692913 1.33705e-38 3
0.0886217 0.251476 0.663553 1.33705e-38 3
0.0964813 0.244232 0.644438 1.33705e-38 3
0.106894 0.244232 0.644438 1.36471e-38 3
0.116825 0.243231 0.641797 1.32783e-38 3
0.127195 0.243231 0.641797 1.24486e-38 3
0.138131 0.244232 0.644438 1.33705e-38 3
0.147331 0.242238 0.639177 1.34638e-38 3
0.157658 0.242238 0.639177 1.33716e-38 3
0.167986 0.242238 0.639177 1.3556e-38 3
0.184332 0.250415 0.660753 1.41092e-38 3
0.197508 0.253626 0.669224 1.57676e-38 3
0.209215 0.254714 0.672096 1.53985e-38 3
0.223919 0.259163 0.683836 1.44769e-38 3
0.233946 0.258036 0.680863 1.41996e-38 3
0.243887 0.256919 0.677915 1.48446e-38 3
0.197676 0.170053 0.448706 1.42896e-38 3
0.203758 0.169084 0.446149 1.54871e-38 3
0.209772 0.168126 0.443622 1.49339e-38 3
0.215717 0.167179 0.441122 1.438e-38 3
0.229979 0.144752 0.381947 1.41971e-38 5
0.231078 0.141643 0.373743 1.25375e-38 5
0.239159 0.139315 0.367602 1.25383e-38 5
0.23492 0.127357 0.336048 2.30486e-38 5
0.241122 0.124944 0.329681 2.31407e-38 3
0.245416 0.12442 0.328299 2.30478e-38 3
0.249153 0.123642 0.326247 2.28624e-38 3
-0.870492 0.381967 0.966657 6.08456e-39 3
-0.692447 0.309393 0.782992 6.72993e-39 3
-0.629441 0.286475 0.724993 7.09835e-39 3
-0.601031 0.278732 0.705398 6.72956e-39 3
-0.589634 0.278732 0.705398 6.45369e-39 3
-0.594299 0.286475 0.724993 6.82248e-39 3
-0.582585 0.286475 0.724993 6.45298e-39 3
-0.565633 0.283847 0.718341 7.28274e-39 3
-0.55658 0.285155 0.721652 6.72993e-39 3
-0.537489 0.281266 0.711811 7.19162e-39 3
-0.512024 0.273799 0.692913 7.65368e-39 3
-0.503054 0.275016 0.695993 8.11358e-39 3
-0.491809 0.275016 0.695993 7.92811e-39 3
-0.489261 0.279994 0.70859 7.74444e-39 3
-0.477812 0.279994 0.70859 7.65224e-39 3
-0.452045 0.271397 0.686835 7.19126e-39 3
-0.44485 0.273799 0.692913 7.46856e-39 3
-0.435582 0.275016 0.695993 8.48271e-39 3
-0.424336 0.275016 0.695993 9.31247e-39 3
-0.409451 0.272593 0.689861 8.02173e-39 3
-0.403639 0.276244 0.6991 7.93026e-39 3
-0.392344 0.276244 0.6991 8.76003e-39 3
-0.381048 0.276244 0.6991 9.21993e-39 3
-0.363265 0.271397 0.686835 9.7731e-39 3
-0.349106 0.269037 0.680863 9.221e-39 3
-0.336641 0.267873 0.677915 8.39052e-39 3
-0.327104 0.269037 0.680863 9.68054e-39 3
-0.316103 0.269037 0.680863 9.95641e-39 3
-0.309134 0.272593 0.689861 9.68054e-39 3
-0.303332 0.277483 0.702235 9.31104e-39 3
-0.30006 0.285155 0.721652 1.07869e-38 3
-0.291082 0.287807 0.728365 1.21684e-38 3
-0.279314 0.287807 0.728365 1.26286e-38 3
-0.267545 0.287807 0.728365 1.1984e-38 3
-0.254593 0.286475 0.724993 1.10628e-38 3
-0.24065 0.283847 0.718341 1.06025e-38 3
-0.230099 0.285155 0.721652 1.18932e-38 3
-0.217437 0.283847 0.718341 1.24464e-38 3
-0.205831 0.283847 0.718341 1.1801e-38 3
-0.195119 0.285155 0.721652 1.13401e-38 3
-0.185166 0.287807 0.728365 1.13408e-38 3
-0.163511 0.271397 0.686835 1.17096e-38 3
-0.137353 0.244579 0.618966 1.20776e-38 3
-0.128367 0.246528 0.623898 1.30918e-38 3
-0.121183 0.252566 0.639177 1.29996e-38 3
-0.110855 0.252566 0.639177 1.26308e-38 3
-0.104362 0.262197 0.663553 1.29067e-38 3
-0.0932451 0.261091 0.660753 1.28138e-38 3
-0.0825691 0.261091 0.660753 1.30896e-38 3
-0.071591 0.259994 0.657977 1.3274e-38 3
-0.0589773 0.251539 0.636579 1.42882e-38 3
-0.0484947 0.250521 0.634002 1.4196e-38 3
-0.0445659 0.29188 0.738672 1.36442e-38 3
0.00256843 0.236178 0.597704 1.35549e-38 3
0.0122258 0.236178 0.597704 1.3372e-38 3
0.021967 0.237083 0.599994 1.33727e-38 3
0.0322797 0.241713 0.611713 1.21731e-38 3
0.0431753 0.247514 0.626394 1.26337e-38 3
0.0532962 0.247514 0.626394 1.1895e-38 3
0.0677533 0.264439 0.669224 1.1711e-38 3
0.0779004 0.262197 0.663553 1.25404e-38 3
0.0843336 0.249511 0.631445 1.35549e-38 3
0.0945361 0.249511 0.631445 1.39237e-38 3
0.104739 0.249511 0.631445 1.45691e-38 3
0.114941 0.249511 0.631445 1.40159e-38 3
0.124641 0.248508 0.628909 1.36471e-38 3
0.134803 0.248508 0.628909 1.31861e-38 3
0.144384 0.247514 0.626394 1.36482e-38 3
0.153279 0.24555 0.621422 1.38326e-38 3
0.16397 0.246528 0.623898 1.3556e-38 3
0.17336 0.24555 0.621422 1.39248e-38 3
0.184868 0.247514 0.626394 1.45701e-38 3
0.195772 0.248508 0.628909 1.46609e-38 3
0.205933 0.248508 0.628909 1.51222e-38 3
0.226083 0.259994 0.657977 1.45687e-38 3
0.236714 0.259994 0.657977 1.43836e-38 3
0.198816 0.178325 0.451292 1.48428e-38 3
0.204341 0.176796 0.447424 1.41967e-38 3
0.209772 0.175294 0.443622 1.44733e-38 3
0.215717 0.174306 0.441122 1.41041e-38 3
0.229419 0.150556 0.381018 1.42882e-38 5
0.22998 0.14698 0.371968 1.29985e-38 5
0.232674 0.144915 0.366741 1.2262e-38 5
0.236935 0.143904 0.364182 1.20773e-38 5
0.233417 0.131937 0.333899 1.22617e-38 5
0.236293 0.130546 0.330376 1.21695e-38 5
0.241122 0.130271 0.329681 1.30907e-38 5
0.245416 0.129725 0.328299 1.39194e-38 3
-0.870492 0.397585 0.966657 5.80761e-39 3
-0.672279 0.312664 0.760186 6.72957e-39 3
-0.60159 0.284995 0.692913 6.17639e-39 3
-0.590394 0.284995 0.692913 6.63809e-39 3
-0.60322 0.296815 0.721652 6.45369e-39 3
-0.59156 0.296815 0.721652 6.54517e-39 3
-0.5799 0.296815 0.721652 6.17531e-39 3
-0.565633 0.295453 0.718341 6.45334e-39 3
-0.559157 0.298189 0.724993 6.26967e-39 3
-0.537489 0.292767 0.711811 6.63845e-39 3
-0.507533 0.282495 0.686835 6.54625e-39 3
-0.492118 0.280038 0.680863 6.731e-39 3
-0.481117 0.280038 0.680863 7.83663e-39 3
-0.472169 0.281261 0.683836 7.92882e-39 3
-0.459115 0.280038 0.680863 7.65295e-39 3
-0.442345 0.276433 0.672096 7.46856e-39 3
-0.427813 0.27408 0.666376 7.56004e-39 3
-0.417046 0.27408 0.666376 8.11321e-39 3
-0.404558 0.272919 0.663553 8.57491e-39 3
-0.393836 0.272919 0.663553 7.74515e-39 3
-0.369042 0.262893 0.639177 8.02246e-39 3
-0.358714 0.262893 0.639177 9.77418e-39 3
-0.366329 0.276433 0.672096 9.4054e-39 3
-0.350951 0.272919 0.663553 8.85222e-39 3
-0.338794 0.271767 0.660753 7.74623e-39 3
-0.325373 0.269493 0.655223 8.94369e-39 3
-0.313474 0.26837 0.652493 9.86529e-39 3
-0.309377 0.27408 0.666376 9.49578e-39 3
-0.29861 0.27408 0.666376 1.08784e-38 3
-0.287843 0.27408 0.666376 1.16159e-38 3
-0.27826 0.275251 0.669224 1.22613e-38 3
-0.272099 0.280038 0.680863 1.25372e-38 3
-0.261098 0.280038 0.680863 1.31818e-38 3
-0.250097 0.280038 0.680863 1.21677e-38 3
-0.238061 0.278826 0.677915 1.11542e-38 3
-0.225158 0.276433 0.672096 1.08784e-38 3
-0.214299 0.276433 0.672096 1.1801e-38 3
-0.20257 0.275251 0.669224 1.12479e-38 3
-0.190941 0.27408 0.666376 1.1801e-38 3
-0.17642 0.26837 0.652493 1.14323e-38 3
-0.16519 0.267257 0.649786 1.19861e-38 3
-0.150933 0.260765 0.634002 1.27237e-38 3
-0.137353 0.25458 0.618966 1.2262e-38 3
-0.126353 0.252584 0.614111 1.16166e-38 3
-0.117351 0.25458 0.618966 1.14323e-38 3
-0.10735 0.25458 0.618966 1.12486e-38 3
-0.0997139 0.260765 0.634002 1.23542e-38 3
-0.0898337 0.261825 0.636579 1.2445e-38 3
-0.0795483 0.261825 0.636579 1.42882e-38 3
-0.0692628 0.261825 0.636579 1.42882e-38 3
-0.0589773 0.261825 0.636579 1.39194e-38 3
-0.0473447 0.25458 0.618966 1.36435e-38 3
-0.0264036 0.245835 0.597704 1.37368e-38 3
-0.0166194 0.243973 0.593176 1.43825e-38 3
-0.00703522 0.243973 0.593176 1.3645e-38 3
0.00256843 0.245835 0.597704 1.31843e-38 3
0.0122258 0.245835 0.597704 1.3462e-38 3
0.0217173 0.243973 0.593176 1.30028e-38 3
0.0314205 0.244901 0.595431 1.2633e-38 3
0.041675 0.248683 0.604627 1.24478e-38 3
0.0514442 0.248683 0.604627 1.26322e-38 3
0.0898274 0.246777 0.599994 1.19887e-38 3
0.103076 0.255591 0.621422 1.2172e-38 3
0.114022 0.257635 0.626394 1.27252e-38 3
0.124143 0.257635 0.626394 1.34624e-38 3
0.134263 0.257635 0.626394 1.32783e-38 3
0.142672 0.25458 0.618966 1.37393e-38 3
0.152072 0.253578 0.616529 1.39248e-38 3
0.162034 0.253578 0.616529 1.37393e-38 3
0.167382 0.246777 0.599994 1.40159e-38 3
0.175064 0.243973 0.593176 1.35549e-38 3
0.186058 0.245835 0.597704 1.35549e-38 3
0.195715 0.245835 0.597704 1.37393e-38 3
0.21503 0.245835 0.597704 1.40155e-38 3
0.224687 0.245835 0.597704 1.44765e-38 3
0.198816 0.185616 0.451292 1.30918e-38 3
0.203758 0.183501 0.446149 1.3552e-38 3
0.209179 0.181946 0.442368 1.43807e-38 3
0.216327 0.181946 0.442368 1.48403e-38 3
0.23213 0.150488 0.365884 1.36439e-38 3
0.233417 0.137332 0.333899 1.16163e-38 3
0.235795 0.135598 0.329681 1.17085e-38 3
0.240616 0.135313 0.328988 1.17085e-38 3
0.245416 0.135029 0.328299 1.14312e-38 5
-0.870492 0.413204 0.966657 5.992e-39 3
-0.602128 0.291039 0.680863 6.17639e-39 3
-0.591127 0.291039 0.680863 6.26859e-39 3
-0.580126 0.291039 0.680863 6.63809e-39 3
-0.574117 0.293592 0.686835 7.00615e-39 3
-0.56302 0.293592 0.686835 6.08312e-39 3
-0.57724 0.30706 0.718341 7.37386e-39 3
-0.565633 0.30706 0.718341 7.92883e-39 3
-0.54899 0.304268 0.711811 7.83699e-39 3
-0.527891 0.298835 0.6991 6.63845e-39 3
-0.498782 0.28853 0.674993 7.00759e-39 3
-0.485782 0.287292 0.672096 7.09978e-39 3
-0.474923 0.287292 0.672096 7.65224e-39 3
-0.460114 0.284847 0.666376 8.3898e-39 3
-0.445555 0.282443 0.660753 8.29833e-39 3
-0.427661 0.277755 0.649786 7.92954e-39 3
-0.410351 0.273221 0.639177 8.11393e-39 3
-0.386541 0.271008 0.634002 7.65368e-39 3
-0.37478 0.269916 0.631445 8.11501e-39 3
-0.363113 0.268832 0.628909 8.85258e-39 3
-0.35154 0.267756 0.626394 8.02246e-39 3
-0.351254 0.275469 0.644438 7.74587e-39 3
-0.345102 0.278913 0.652493 8.11501e-39 3
-0.333171 0.277755 0.649786 7.74623e-39 3
-0.322672 0.277755 0.649786 8.20648e-39 3
-0.312174 0.277755 0.649786 9.22028e-39 3
-0.305477 0.281257 0.657977 9.68089e-39 3
-0.294846 0.281257 0.657977 9.21956e-39 3
-0.283026 0.28008 0.655223 1.05103e-38 3
-0.272439 0.28008 0.655223 1.16163e-38 3
-0.264062 0.282443 0.660753 1.09709e-38 3
-0.25446 0.28364 0.663553 1.10617e-38 3
-0.24271 0.282443 0.660753 1.05089e-38 3
-0.229133 0.278913 0.652493 1.08776e-38 3
-0.219505 0.28008 0.655223 1.05099e-38 3
-0.206329 0.276608 0.647101 1.10624e-38 3
-0.193475 0.273221 0.639177 1.12471e-38 3
-0.181664 0.271008 0.634002 1.09706e-38 3
-0.171421 0.271008 0.634002 1.1801e-38 3
-0.159882 0.268832 0.628909 1.26304e-38 3
-0.149122 0.267756 0.626394 1.22617e-38 3
-0.135743 0.261481 0.611713 1.15245e-38 3
-0.124402 0.258452 0.604627 1.1801e-38 3
-0.115077 0.259454 0.606971 1.21698e-38 3
-0.10406 0.256472 0.599994 1.19862e-38 3
-0.0947282 0.257458 0.602302 1.29074e-38 3
-0.0870043 0.26354 0.616529 1.29059e-38 3
-0.0761435 0.260463 0.609332 1.40105e-38 3
-0.0553757 0.255493 0.597704 1.39201e-38 3
-0.0458935 0.256472 0.599994 1.39208e-38 3
-0.0359238 0.254521 0.595431 1.36439e-38 3
-0.0263032 0.254521 0.595431 1.37361e-38 3
-0.0166194 0.253557 0.593176 1.34595e-38 3
-0.00703522 0.253557 0.593176 1.34595e-38 3
0.00256843 0.255493 0.597704 1.29992e-38 3
0.0213137 0.248844 0.58215 1.26326e-38 3
0.0969223 0.249773 0.584322 1.24486e-38 3
0.107568 0.2526 0.590937 1.29095e-38 3
0.118006 0.254521 0.595431 1.30939e-38 3
0.127627 0.254521 0.595431 1.30014e-38 3
0.136728 0.253557 0.593176 1.34624e-38 3
0.147993 0.256472 0.599994 1.31858e-38 3
0.157688 0.256472 0.599994 1.36468e-38 3
0.172451 0.249773 0.584322 1.3739e-38 3
0.181893 0.249773 0.584322 1.37389e-38 3
0.190622 0.248844 0.58215 1.33698e-38 3
0.196378 0.244303 0.571527 1.35542e-38 3
0.204123 0.242533 0.567386 1.37386e-38 3
0.204341 0.191254 0.447424 1.2907e-38 3
0.209772 0.189629 0.443622 1.29067e-38 3
0.21694 0.189629 0.443622 1.33669e-38 3
0.2353 0.140628 0.328988 1.19836e-38 3
0.240111 0.140333 0.328299 1.1523e-38 3
-0.602648 0.296877 0.669224 6.54517e-39 3
-0.575125 0.299437 0.674993 6.26931e-39 3
-0.561797 0.298151 0.672096 7.65045e-39 3
-0.553313 0.299437 0.674993 6.3597e-39 3
-0.547123 0.30204 0.680863 6.08312e-39 3
-0.540825 0.30469 0.686835 7.74443e-39 3
-0.525121 0.30204 0.680863 8.48272e-39 3
-0.505332 0.296877 0.669224 7.37637e-39 3
-0.472316 0.283548 0.639177 6.91539e-39 3
-0.4564 0.280118 0.631445 8.20613e-39 3
-0.442628 0.277877 0.626394 8.57419e-39 3
-0.432507 0.277877 0.626394 7.92882e-39 3
-0.422386 0.277877 0.626394 7.74515e-39 3
-0.412265 0.277877 0.626394 8.48236e-39 3
-0.400542 0.27677 0.623898 8.29905e-39 3
-0.390462 0.27677 0.623898 7.74695e-39 3
-0.381902 0.277877 0.626394 7.10122e-39 3
-0.371782 0.277877 0.626394 6.73316e-39 3
-0.355965 0.273501 0.616529 7.74659e-39 3
-0.346004 0.273501 0.616529 7.65475e-39 3
-0.338709 0.275672 0.621422 8.5767e-39 3
-0.336685 0.282395 0.636579 8.11573e-39 3
-0.329075 0.28471 0.641797 8.2072e-39 3
-0.320017 0.285882 0.644438 9.22135e-39 3
-0.310884 0.287063 0.647101 9.31355e-39 3
-0.304199 0.290666 0.655223 9.40575e-39 3
-0.294846 0.291888 0.657977 8.7593e-39 3
-0.281846 0.289455 0.652493 1.03259e-38 3
-0.271304 0.289455 0.652493 1.13401e-38 3
-0.260761 0.289455 0.652493 1.07865e-38 3
-0.248151 0.287063 0.647101 1.05089e-38 3
-0.237695 0.287063 0.647101 9.77129e-39 3
-0.223545 0.282395 0.636579 1.02323e-38 3
-0.21413 0.283548 0.639177 1.02323e-38 3
-0.202974 0.282395 0.636579 1.08769e-38 3
-0.180932 0.280118 0.631445 1.16159e-38 3
-0.170729 0.280118 0.631445 1.13401e-38 3
-0.158608 0.27677 0.623898 1.18925e-38 3
-0.134171 0.268221 0.604627 1.15241e-38 3
-0.122977 0.26515 0.597704 1.2262e-38 3
-0.112461 0.263141 0.593176 1.3184e-38 3
-0.102104 0.261163 0.588716 1.23549e-38 3
-0.0922446 0.260185 0.586511 1.17088e-38 3
-0.0821528 0.25825 0.58215 1.2445e-38 3
-0.0727467 0.25825 0.58215 1.30882e-38 3
-0.0624126 0.254466 0.573621 1.31811e-38 3
-0.0531444 0.254466 0.573621 1.27216e-38 3
-0.0164944 0.261163 0.588716 1.39197e-38 3
-0.00700867 0.262148 0.590937 1.38275e-38 3
0.00252033 0.260185 0.586511 1.32744e-38 3
0.0119968 0.260185 0.586511 1.35524e-38 3
0.0278236 0.233903 0.527267 1.20791e-38 3
0.0360998 0.232339 0.523741 1.20783e-38 3
0.0453199 0.23629 0.532648 1.21705e-38 3
0.0746955 0.248105 0.55928 1.254e-38 3
0.083732 0.248105 0.55928 1.23557e-38 3
0.0934359 0.24989 0.563304 1.22645e-38 3
0.104034 0.253538 0.571527 1.25408e-38 3
0.114523 0.256344 0.577854 1.27252e-38 3
0.123859 0.256344 0.577854 1.35542e-38 3
0.133196 0.256344 0.577854 1.30932e-38 3
0.14576 0.262148 0.590937 1.35531e-38 3
0.155308 0.262148 0.590937 1.3923e-38 3
0.164236 0.261163 0.588716 1.32776e-38 3
0.170542 0.256344 0.577854 1.33698e-38 3
0.179879 0.256344 0.577854 1.31854e-38 3
0.189216 0.256344 0.577854 1.29088e-38 3
0.194955 0.2517 0.567386 1.29088e-38 3
0.201207 0.248105 0.55928 1.35542e-38 3
0.208752 0.246345 0.555314 1.38308e-38 3
0.206107 0.2002 0.451292 1.31836e-38 3
0.21157 0.198484 0.447424 1.25386e-38 3
0.218799 0.198484 0.447424 1.26304e-38 3
-0.564219 0.310343 0.674993 7.19054e-39 3
-0.550938 0.309011 0.672096 6.72993e-39 3
-0.564297 0.322868 0.702235 6.54625e-39 3
-0.5315 0.310343 0.674993 7.1005e-39 3
-0.516145 0.30769 0.669224 6.63953e-39 3
-0.492699 0.299998 0.652493 6.63953e-39 3
-0.449156 0.285712 0.621422 7.19305e-39 3
-0.430572 0.280154 0.609332 7.28345e-39 3
-0.415872 0.276921 0.602302 7.46785e-39 3
-0.40614 0.276921 0.602302 7.37565e-39 3
-0.401036 0.280154 0.609332 7.56148e-39 3
-0.38817 0.27799 0.604627 7.83951e-39 3
-0.376946 0.276921 0.602302 6.82572e-39 3
-0.350737 0.271696 0.590937 7.00867e-39 3
-0.339907 0.270675 0.588716 7.93062e-39 3
-0.330395 0.270675 0.588716 8.76038e-39 3
-0.318488 0.268655 0.584322 9.22136e-39 3
-0.327732 0.293876 0.639177 8.39231e-39 3
-0.317404 0.293876 0.639177 9.49866e-39 3
-0.308335 0.29508 0.641797 9.31355e-39 3
-0.301675 0.298753 0.649786 9.58906e-39 3
-0.292389 0.299998 0.652493 1.03259e-38 3
-0.278367 0.296294 0.644438 1.04181e-38 3
-0.266856 0.29508 0.641797 1.06021e-38 3
-0.256486 0.29508 0.641797 1.02333e-38 3
-0.244116 0.292681 0.636579 1.06018e-38 3
-0.23383 0.292681 0.636579 1.12464e-38 3
-0.219968 0.287998 0.626394 1.14308e-38 3
-0.21154 0.290321 0.631445 1.19843e-38 3
-0.201337 0.290321 0.631445 1.17982e-38 3
-0.18885 0.286851 0.623898 1.17978e-38 3
-0.179484 0.287998 0.626394 1.08776e-38 3
-0.168689 0.286851 0.623898 1.17081e-38 3
-0.100965 0.267656 0.58215 1.28166e-38 3
-0.0915588 0.267656 0.58215 1.24471e-38 3
-0.0812467 0.264704 0.575729 1.22617e-38 3
-0.0709017 0.260868 0.567386 1.37335e-38 3
-0.0610704 0.258063 0.561285 1.40109e-38 3
-0.0520015 0.258063 0.561285 1.36442e-38 3
0.0183762 0.230768 0.501918 1.2723e-38 3
0.0265711 0.23151 0.503532 1.26315e-38 3
0.0347068 0.23151 0.503532 1.30918e-38 3
0.0439738 0.237622 0.516826 1.29996e-38 3
0.0535617 0.243242 0.529049 1.26315e-38 3
0.0633948 0.248274 0.539995 1.24478e-38 3
0.0721198 0.248274 0.539995 1.21702e-38 3
0.0825526 0.253519 0.551403 1.18014e-38 3
0.0921106 0.255317 0.555314 1.22635e-38 3
0.101443 0.256226 0.55729 1.21713e-38 3
0.110447 0.256226 0.55729 1.2633e-38 3
0.120308 0.258063 0.561285 1.3001e-38 3
0.128915 0.257141 0.55928 1.41074e-38 3
0.138944 0.258991 0.563304 1.50286e-38 3
0.149118 0.260868 0.567386 1.40152e-38 3
0.160025 0.263734 0.573621 1.33698e-38 3
0.167453 0.260868 0.567386 1.31843e-38 3
0.17662 0.260868 0.567386 1.34606e-38 3
0.184451 0.258991 0.563304 1.29078e-38 3
0.192279 0.245732 0.534466 1.30014e-38 3
0.200915 0.245732 0.534466 1.35531e-38 3
0.212786 0.206895 0.449995 1.28152e-38 3
0.220057 0.206895 0.449995 1.2262e-38 3
0.226676 0.206302 0.448706 1.34598e-38 3
-0.561797 0.31987 0.672096 6.63809e-39 3
-0.548584 0.318503 0.669224 6.54589e-39 3
-0.544755 0.32264 0.677915 7.92954e-39 3
-0.522492 0.315804 0.663553 7.1927e-39 3
-0.503241 0.310541 0.652493 6.73172e-39 3
-0.458324 0.288875 0.606971 6.54733e-39 3
-0.446785 0.28776 0.604627 7.00866e-39 3
-0.437016 0.28776 0.604627 7.83842e-39 3
-0.427247 0.28776 0.604627 7.74515e-39 3
-0.417478 0.28776 0.604627 8.02102e-39 3
-0.407709 0.28776 0.604627 7.37601e-39 3
-0.402603 0.291132 0.611713 6.45585e-39 3
-0.386677 0.286653 0.602302 7.47109e-39 3
-0.330767 0.26523 0.55729 7.47001e-39 3
-0.321762 0.26523 0.55729 7.74659e-39 3
-0.312758 0.26523 0.55729 7.74659e-39 3
-0.316124 0.284465 0.597704 9.31427e-39 3
-0.316114 0.302966 0.636579 9.77525e-39 3
-0.308335 0.30545 0.641797 9.59014e-39 3
-0.300428 0.307974 0.647101 9.68125e-39 3
-0.288779 0.306707 0.644438 9.95713e-39 3
-0.274972 0.302966 0.636579 1.00493e-38 3
-0.239253 0.296931 0.623898 1.11553e-38 3
-0.228263 0.295753 0.621422 1.15241e-38 3
-0.214813 0.291132 0.611713 1.18918e-38 3
-0.204929 0.291132 0.611713 1.22602e-38 3
-0.0566068 0.247607 0.520261 1.39197e-38 3
-0.0482007 0.247607 0.520261 1.3368e-38 3
-0.00567981 0.22792 0.478894 1.40119e-38 3
0.00207055 0.229322 0.481841 1.2445e-38 3
0.00985585 0.229322 0.481841 1.29981e-38 3
0.0180864 0.23511 0.494001 1.2907e-38 3
0.0262337 0.236602 0.497138 1.2723e-38 3
0.0344851 0.238114 0.500314 1.23539e-38 3
0.0431199 0.241197 0.506791 1.28155e-38 3
0.0521522 0.245164 0.515126 1.22624e-38 3
0.0627457 0.254368 0.534466 1.34606e-38 3
0.0713813 0.254368 0.534466 1.35528e-38 3
0.0825526 0.262429 0.551403 1.33684e-38 3
0.0917851 0.263356 0.553351 1.25393e-38 3
0.101443 0.26523 0.55729 1.18018e-38 3
0.119878 0.266178 0.55928 1.26322e-38 3
0.128456 0.26523 0.55729 1.32765e-38 3
0.158285 0.270035 0.567386 1.24471e-38 3
0.166248 0.268093 0.563304 1.3184e-38 3
0.17535 0.268093 0.563304 1.33676e-38 3
0.183134 0.266178 0.55928 1.28152e-38 3
0.185544 0.256999 0.539995 1.26322e-38 3
0.188421 0.249263 0.523741 1.30932e-38 3
0.196883 0.249263 0.523741 1.32765e-38 3
0.205346 0.249263 0.523741 1.30918e-38 3
0.218713 0.22792 0.478894 1.29999e-38 3
0.212786 0.214166 0.449995 1.3645e-38 3
0.219426 0.213552 0.448706 1.46591e-38 3
0.226028 0.212942 0.447424 1.3552e-38 3
-0.445067 0.296384 0.602302 7.56148e-39 3
-0.433667 0.295249 0.599994 7.74587e-39 3
-0.425604 0.296384 0.602302 7.74479e-39 3
-0.419096 0.298682 0.606971 8.20613e-39 3
-0.407709 0.297529 0.604627 7.37601e-39 3
-0.404182 0.302196 0.614111 6.91683e-39 3
-0.386677 0.296384 0.602302 7.0101e-39 3
-0.31722 0.263003 0.534466 8.48416e-39 3
-0.309641 0.263904 0.536296 8.57671e-39 3
-0.30201 0.264811 0.538139 7.93098e-39 3
-0.293315 0.264811 0.538139 9.22172e-39 3
-0.285602 0.265724 0.539995 9.6827e-39 3
-0.277835 0.266643 0.541863 9.86708e-39 3
-0.305829 0.313252 0.636579 1.0511e-38 3
-0.299192 0.317119 0.644438 1.05103e-38 3
-0.287596 0.31582 0.641797 9.95784e-39 3
-0.273859 0.311984 0.634002 1.02344e-38 3
-0.263615 0.311984 0.634002 1.04185e-38 3
-0.250331 0.30824 0.626394 1.09716e-38 3
-0.230971 0.296384 0.602302 1.01419e-38 3
-0.221239 0.296384 0.602302 1.08787e-38 3
-0.209893 0.294122 0.597704 1.1984e-38 3
-0.12026 0.248581 0.505156 1.22602e-38 3
-0.111379 0.246987 0.501918 1.17078e-38 3
-0.105294 0.25183 0.51176 1.23542e-38 3
-0.097986 0.254323 0.516826 1.26312e-38 3
-0.0896355 0.254323 0.516826 1.16174e-38 3
-0.0726944 0.253487 0.515126 1.27234e-38 3
-0.0643713 0.253487 0.515126 1.32744e-38 3
-0.0549634 0.248581 0.505156 1.24453e-38 3
-0.0468014 0.248581 0.505156 1.20776e-38 3
-0.038026 0.244635 0.497138 1.26304e-38 3
-0.0299936 0.244635 0.497138 1.22617e-38 3
-0.0214172 0.238576 0.484825 1.22613e-38 3
-0.0134587 0.23638 0.480363 1.2445e-38 3
-0.00569723 0.23638 0.480363 1.37361e-38 3
0.0020642 0.23638 0.480363 1.45651e-38 3
0.00982562 0.23638 0.480363 1.33669e-38 3
0.017973 0.241567 0.490904 1.30903e-38 3
0.0260681 0.243091 0.494001 1.31825e-38 3
0.0342661 0.244635 0.497138 1.33673e-38 3
0.0425689 0.246198 0.500314 1.30911e-38 3
0.050815 0.246987 0.501918 1.4197e-38 3
0.0621098 0.260338 0.529049 1.39197e-38 3
0.0706579 0.260338 0.529049 1.33669e-38 3
0.0816897 0.268502 0.545639 1.29063e-38 3
0.091141 0.270386 0.549468 1.23539e-38 3
0.100726 0.272297 0.553351 1.23539e-38 3
0.109667 0.272297 0.553351 1.2262e-38 3
0.11819 0.271338 0.551403 1.29999e-38 3
0.178284 0.243861 0.495565 1.36464e-38 3
0.188077 0.246198 0.500314 1.41059e-38 3
0.196161 0.246198 0.500314 1.32755e-38 3
0.20899 0.242327 0.492448 1.37371e-38 3
0.218046 0.234939 0.477434 1.38301e-38 3
0.212786 0.221437 0.449995 1.31847e-38 3
0.220057 0.221437 0.449995 1.32765e-38 3
0.226676 0.220802 0.448706 1.40137e-38 3
-0.446785 0.307298 0.604627 7.1005e-39 3
-0.433667 0.304943 0.599994 7.56148e-39 3
-0.423973 0.304943 0.599994 7.65368e-39 3
-0.40614 0.306116 0.602302 7.56148e-39 3
-0.334491 0.271639 0.534466 7.83987e-39 3
-0.325855 0.271639 0.534466 7.1945e-39 3
-0.314005 0.268886 0.529049 7.74659e-39 3
-0.305457 0.268886 0.529049 8.66855e-39 3
-0.297915 0.269797 0.530842 9.03841e-39 3
-0.289338 0.269797 0.530842 9.49939e-39 3
-0.279812 0.268886 0.529049 9.03841e-39 3
-0.270351 0.26798 0.527267 8.76074e-39 3
-0.261832 0.26798 0.527267 1.03277e-38 3
-0.18253 0.241915 0.475983 1.02341e-38 3
-0.175373 0.242653 0.477434 1.02333e-38 3
-0.178441 0.270715 0.532648 1.25357e-38 3
-0.149531 0.251073 0.494001 1.27201e-38 3
-0.140662 0.249499 0.490904 1.15216e-38 3
-0.128422 0.256743 0.505156 1.24428e-38 3
-0.12026 0.256743 0.505156 1.24435e-38 3
-0.111379 0.255097 0.501918 1.26294e-38 3
-0.104272 0.257573 0.506791 1.1801e-38 3
-0.0786879 0.254282 0.500314 1.12489e-38 3
-0.0706041 0.254282 0.500314 1.23546e-38 3
-0.0629224 0.255917 0.503532 1.29063e-38 3
-0.054611 0.255097 0.501918 1.22617e-38 3
-0.0465014 0.255097 0.501918 1.15248e-38 3
-0.0377861 0.251073 0.494001 1.18929e-38 3
-0.0296175 0.249499 0.490904 1.21695e-38 3
-0.0214172 0.246409 0.484825 1.18929e-38 3
-0.0134587 0.244142 0.480363 1.27219e-38 3
-0.00569723 0.244142 0.480363 1.29989e-38 3
0.0020642 0.244142 0.480363 1.34584e-38 3
0.00982562 0.244142 0.480363 1.34588e-38 3
0.0178055 0.247175 0.48633 1.38275e-38 3
0.0257433 0.247945 0.487846 1.29978e-38 3
0.0340499 0.251073 0.494001 1.27219e-38 3
0.0422986 0.252667 0.497138 1.29978e-38 3
0.050331 0.252667 0.497138 1.36431e-38 3
0.0589247 0.255097 0.501918 1.35499e-38 3
0.0674669 0.256743 0.505156 1.38272e-38 3
0.0797447 0.270715 0.532648 1.38272e-38 3
0.0892618 0.273506 0.538139 1.33669e-38 3
0.0996692 0.278287 0.547547 1.29981e-38 3
0.108897 0.279264 0.549468 1.30914e-38 3
0.116548 0.276355 0.543745 1.32762e-38 3
0.127026 0.245649 0.483328 1.31858e-38 3
0.139208 0.239729 0.471682 1.3184e-38 3
0.14595 0.238294 0.468858 1.36446e-38 3
0.155386 0.241182 0.474541 1.29996e-38 3
0.165562 0.244893 0.481841 1.32769e-38 3
0.173347 0.244893 0.481841 1.29078e-38 3
0.183963 0.248719 0.48937 1.30918e-38 3
0.193686 0.251073 0.494001 1.3552e-38 3
0.202948 0.252667 0.497138 1.32758e-38 3
0.206394 0.247175 0.48633 1.32765e-38 3
0.211623 0.244142 0.480363 1.3645e-38 3
0.214772 0.23901 0.470266 1.34613e-38 3
0.220691 0.229367 0.451292 1.23546e-38 3
0.226676 0.228052 0.448706 1.2262e-38 3
0.233258 0.227401 0.447424 1.25386e-38 3
-0.452021 0.320783 0.611713 6.36329e-39 3
-0.433667 0.314638 0.599994 8.29905e-39 3
-0.423973 0.314638 0.599994 9.31212e-39 3
-0.357686 0.29971 0.571527 7.00866e-39 3
-0.312947 0.2765 0.527267 7.74587e-39 3
-0.304428 0.2765 0.527267 8.9455e-39 3
-0.296909 0.277434 0.529049 8.48523e-39 3
-0.288361 0.277434 0.529049 9.1306e-39 3
-0.277935 0.275572 0.525498 1.02359e-38 3
-0.268543 0.27465 0.523741 1.0972e-38 3
-0.255803 0.270133 0.515126 1.11564e-38 3
-0.245862 0.268367 0.51176 1.005e-38 3
-0.197312 0.24885 0.474541 1.06032e-38 3
-0.180881 0.247351 0.471682 1.06029e-38 3
-0.17326 0.247351 0.471682 1.05107e-38 3
-0.166139 0.248098 0.473107 1.11542e-38 3
-0.158975 0.24885 0.474541 1.16148e-38 3
-0.151768 0.249606 0.475983 1.28134e-38 3
-0.144958 0.251133 0.478894 1.29978e-38 3
-0.136802 0.250367 0.477434 1.18904e-38 3
-0.129088 0.250367 0.477434 1.10606e-38 3
-0.124021 0.255827 0.487846 1.21659e-38 3
-0.0784373 0.26153 0.498721 1.1617e-38 3
-0.0703793 0.26153 0.498721 1.13404e-38 3
-0.0544366 0.262366 0.500314 1.19851e-38 3
-0.0463528 0.262366 0.500314 1.19858e-38 3
-0.0376673 0.25824 0.492448 1.19858e-38 3
-0.0296175 0.257431 0.490904 1.18014e-38 3
-0.0212854 0.252678 0.481841 1.18936e-38 3
-0.0134175 0.251133 0.478894 1.22624e-38 3
0.00205161 0.250367 0.477434 1.29985e-38 3
0.0096772 0.248098 0.473107 1.40112e-38 3
0.0176412 0.252678 0.481841 1.41949e-38 3
0.0254265 0.252678 0.481841 1.41027e-38 3
0.0336256 0.255827 0.487846 1.44722e-38 3
0.0416377 0.256626 0.48937 1.44722e-38 3
0.0493903 0.255827 0.487846 1.50254e-38 3
0.0570947 0.255032 0.48633 1.52998e-38 3
0.0657696 0.25824 0.492448 1.47477e-38 3
0.125477 0.250367 0.477434 1.27237e-38 3
0.131191 0.246608 0.470266 1.27237e-38 3
0.137551 0.244406 0.466067 1.32762e-38 3
0.14465 0.243681 0.464684 1.34602e-38 3
0.15445 0.247351 0.471682 1.30918e-38 3
0.164048 0.250367 0.477434 1.3184e-38 3
0.172287 0.251133 0.478894 1.34609e-38 3
0.181133 0.252678 0.481841 1.37375e-38 3
0.190088 0.254243 0.484825 1.32762e-38 3
0.200403 0.257431 0.490904 1.30918e-38 3
0.205755 0.254243 0.484825 1.41063e-38 3
0.217384 0.249606 0.475983 1.41052e-38 3
0.220057 0.235978 0.449995 1.3645e-38 3
0.226028 0.23463 0.447424 1.26312e-38 3
0.231932 0.233297 0.444882 1.21698e-38 3
0.251443 0.218988 0.417596 1.40137e-38 3
0.256141 0.21725 0.414282 1.41059e-38 3
0.262142 0.216677 0.413188 1.30918e-38 3
-0.44167 0.323094 0.597704 7.74587e-39 3
-0.295909 0.285019 0.527267 9.40719e-39 3
-0.28739 0.285019 0.527267 1.0237e-38 3
-0.266758 0.281231 0.520261 9.95784e-39 3
-0.251664 0.27395 0.506791 9.95784e-39 3
-0.24269 0.273067 0.505156 9.31247e-39 3
-0.230075 0.267882 0.495565 9.95784e-39 3
-0.21793 0.26289 0.48633 9.95713e-39 3
-0.205602 0.257297 0.475983 1.01422e-38 3
-0.196716 0.255742 0.473107 1.0511e-38 3
-0.187373 0.253445 0.468858 1.05121e-38 3
-0.179798 0.253445 0.468858 1.18936e-38 3
-0.171708 0.252688 0.467458 1.10638e-38 3
-0.164155 0.252688 0.467458 1.07865e-38 3
-0.157071 0.253445 0.468858 1.1523e-38 3
-0.150396 0.254972 0.471682 1.09695e-38 3
-0.144077 0.257297 0.475983 1.11539e-38 3
-0.136386 0.257297 0.475983 1.1245e-38 3
-0.128696 0.257297 0.475983 1.08755e-38 3
-0.122872 0.261267 0.483328 1.18893e-38 3
-0.116501 0.264533 0.48937 1.28119e-38 3
-0.107586 0.262076 0.484825 1.11539e-38 3
-0.101003 0.265363 0.490904 1.09709e-38 3
-0.0936586 0.267037 0.494001 1.2907e-38 3
-0.0854074 0.266197 0.492448 1.25382e-38 3
-0.0774507 0.266197 0.492448 1.16163e-38 3
-0.069494 0.266197 0.492448 1.2078e-38 3
-0.0617315 0.267037 0.494001 1.19858e-38 3
-0.0539198 0.267882 0.495565 1.1617e-38 3
-0.0454809 0.265363 0.490904 1.22624e-38 3
-0.0367429 0.259665 0.480363 1.25397e-38 3
-0.0288048 0.258081 0.477434 1.22631e-38 3
-0.0207118 0.253445 0.468858 1.22631e-38 3
-0.0130581 0.251936 0.466067 1.29999e-38 3
-0.00552767 0.251936 0.466067 1.28155e-38 3
0.00199682 0.251189 0.464684 1.34595e-38 3
0.00944883 0.249707 0.461942 1.42878e-38 3
0.0171146 0.252688 0.467458 1.46551e-38 3
0.0251173 0.257297 0.475983 1.48395e-38 3
0.0330086 0.25887 0.478894 1.52083e-38 3
0.0408713 0.259665 0.480363 1.49324e-38 3
0.048484 0.25887 0.478894 1.52079e-38 3
0.0562217 0.25887 0.478894 1.576e-38 3
0.0639594 0.25887 0.478894 1.50225e-38 3
0.0708307 0.255742 0.473107 1.53916e-38 3
0.0999891 0.234489 0.433791 1.4103e-38 3
0.107295 0.235141 0.434996 1.35524e-38 3
0.119294 0.245364 0.453908 1.35535e-38 3
0.126262 0.244655 0.452597 1.32769e-38 3
0.135137 0.247516 0.45789 1.32769e-38 3
0.142536 0.247516 0.45789 1.39215e-38 3
0.153067 0.252688 0.467458 1.41981e-38 3
0.162561 0.255742 0.473107 1.39215e-38 3
0.17124 0.257297 0.475983 1.40137e-38 3
0.17893 0.257297 0.475983 1.38297e-38 3
0.18719 0.258081 0.477434 1.41059e-38 3
0.196703 0.260464 0.481841 1.34606e-38 3
0.203861 0.259665 0.480363 1.35531e-38 3
0.202909 0.248972 0.460584 1.41059e-38 3
0.209121 0.247516 0.45789 1.43825e-38 3
0.212786 0.243249 0.449995 1.42903e-38 3
0.21694 0.239804 0.443622 1.3645e-38 3
0.221596 0.237117 0.438651 1.38293e-38 3
0.228045 0.236454 0.437426 1.28152e-38 3
0.252116 0.226339 0.418712 1.34606e-38 3
0.256821 0.224538 0.41538 1.37371e-38 3
0.259404 0.22102 0.408873 1.33684e-38 3
0.261236 0.217053 0.401534 1.32762e-38 3
-0.264998 0.287726 0.516826 1.005e-38 3
-0.227199 0.27244 0.48937 9.77345e-39 3
-0.214597 0.266608 0.478894 1.01422e-38 3
-0.20192 0.260241 0.467458 1.0511e-38 3
-0.192642 0.257932 0.463309 1.01433e-38 3
-0.184067 0.256414 0.460584 1.08809e-38 3
-0.177146 0.257171 0.461942 1.24468e-38 3
-0.170689 0.258697 0.464684 1.18014e-38 3
-0.163181 0.258697 0.464684 1.1156e-38 3
-0.156136 0.259467 0.466067 1.09716e-38 3
-0.148606 0.259467 0.466067 1.18921e-38 3
-0.142346 0.261804 0.470266 1.16156e-38 3
-0.133944 0.260241 0.467458 1.18907e-38 3
-0.126391 0.260241 0.467458 1.27194e-38 3
-0.118133 0.258697 0.464684 1.25354e-38 3
-0.10627 0.266608 0.478894 1.21673e-38 3
-0.0985321 0.266608 0.478894 1.22602e-38 3
-0.0919188 0.26991 0.484825 1.26283e-38 3
-0.0840853 0.26991 0.484825 1.29056e-38 3
-0.0767269 0.271591 0.487846 1.33673e-38 3
-0.0690597 0.27244 0.48937 1.29996e-38 3
-0.0611527 0.27244 0.48937 1.30925e-38 3
-0.0362976 0.264184 0.474541 1.24482e-38 3
-0.0285437 0.263386 0.473107 1.2356e-38 3
-0.0204667 0.257932 0.463309 1.22631e-38 3
-0.0127916 0.254172 0.456555 1.24475e-38 3
-0.00541486 0.254172 0.456555 1.30925e-38 3
0.00933864 0.254172 0.456555 1.438e-38 3
0.0243764 0.257171 0.461942 1.4931e-38 3
0.0318402 0.257171 0.461942 1.59451e-38 3
0.0403759 0.264184 0.474541 1.52998e-38 3
0.0483362 0.265795 0.477434 1.57604e-38 3
0.0550434 0.261021 0.468858 1.70493e-38 3
0.0660421 0.24558 0.441122 1.50218e-38 3
0.0711649 0.238852 0.429037 1.6221e-38 3
0.0850291 0.238852 0.429037 1.54838e-38 3
0.0919612 0.238852 0.429037 1.57597e-38 3
0.099165 0.239508 0.430215 1.58526e-38 3
0.106702 0.240831 0.432592 1.46573e-38 3
0.116261 0.246274 0.442368 1.37375e-38 3
0.123409 0.246274 0.442368 1.34613e-38 3
0.133962 0.252698 0.453908 1.32776e-38 3
0.140078 0.25052 0.449995 1.37386e-38 3
0.150374 0.255662 0.459233 1.38301e-38 3
0.162071 0.262593 0.471682 1.35535e-38 3
0.170205 0.263386 0.473107 1.33684e-38 3
0.177849 0.263386 0.473107 1.45669e-38 3
0.186056 0.264184 0.474541 1.58576e-38 3
0.1955 0.266608 0.478894 1.45669e-38 3
0.202618 0.265795 0.477434 1.35531e-38 3
0.201463 0.24558 0.441122 1.41059e-38 3
0.206842 0.243522 0.437426 1.52119e-38 3
0.21391 0.243522 0.437426 1.50275e-38 3
0.22615 0.241498 0.433791 1.42896e-38 3
0.246008 0.233729 0.419835 1.38293e-38 3
0.251443 0.232482 0.417596 1.3645e-38 3
0.256821 0.231249 0.41538 1.3184e-38 3
0.259404 0.227626 0.408873 1.32762e-38 3
0.261236 0.223541 0.401534 1.28152e-38 3
