# .PCD v0.7 - Point Cloud Data file format
VERSION 0.7
FIELDS x y z rgb label
SIZE 4 4 4 4 4
TYPE F F F F U
COUNT 1 1 1 1 1
WIDTH 2996
HEIGHT 1
VIEWPOINT 0 0 0 1 0 0 0
POINTS 2996
DATA ascii
0.666509 -0.799426 1.50575 2.2091e-39 1
0.955239 -0.799426 1.50575 2.20839e-39 1
0.979299 -0.799426 1.50575 1.83997e-39 1
0.955239 -0.775365 1.50575 1.6545e-39 1
0.979299 -0.775365 1.50575 1.65522e-39 1
0.931178 -0.703182 1.50575 2.48534e-39 1
0.955239 -0.703182 1.50575 2.02544e-39 1
0.979299 -0.703182 1.50575 2.30238e-39 1
1.00336 -0.703182 1.50575 2.67044e-39 1
1.05148 -0.606939 1.50575 2.76228e-39 1
1.07554 -0.606939 1.50575 5.15902e-39 1
-0.372024 -0.797623 2.06051 2.57897e-39 1
-0.334694 -0.787264 2.03375 2.11799e-39 1
-0.306173 -0.797623 2.06051 1.28823e-39 1
-0.362485 -0.74509 2.00767 1.84105e-39 1
-0.326221 -0.735658 1.98226 1.9336e-39 1
-0.294546 -0.735658 1.98226 1.10456e-39 1
-0.367192 -0.722269 2.03375 1.74885e-39 1
-0.330404 -0.713009 2.00767 1.47226e-39 1
-0.367192 -0.689771 2.03375 1.56518e-39 1
-0.389571 -0.640633 1.98226 1.19819e-39 1
-0.349059 -0.624815 1.93331 2.30274e-39 1
0.998501 -0.422579 1.53528 2.76336e-39 1
1.00336 -0.414452 1.50575 2.11691e-39 1
1.02742 -0.414452 1.50575 1.56302e-39 1
1.75692 -0.453716 1.6484 1.74813e-39 1
0.998501 -0.398046 1.53528 2.48642e-39 1
1.02742 -0.390392 1.50575 3.86791e-39 1
1.74089 -0.436567 1.68385 3.41017e-39 1
1.7678 -0.436567 1.68385 2.30238e-39 1
1.77561 -0.431923 1.66594 1.74741e-39 1
1.77915 -0.418664 1.72086 2.94811e-39 1
1.78701 -0.414113 1.70216 1.93252e-39 1
1.83415 -0.418664 1.72086 2.39278e-39 1
-1.8796 -0.769622 3.64182 2.11727e-39 1
-1.78001 -0.752131 3.55905 2.76264e-39 1
-1.8796 -0.711429 3.64182 2.11691e-39 1
-1.66639 -0.650881 3.33188 1.74813e-39 1
-1.64822 -0.665031 3.40431 2.02472e-39 1
-1.52741 -0.637321 3.26247 2.20983e-39 1
-1.92435 -0.668788 3.72853 2.67008e-39 1
-1.74045 -0.624202 3.47996 2.024e-39 1
0.961139 -0.212796 1.18635 8.01203e-39 5
1.00297 -0.206345 1.26289 8.93326e-39 5
0.961139 -0.193839 1.18635 1.23398e-38 5
0.965468 -0.190946 1.16864 1.14186e-38 5
1.01941 -0.189217 1.28359 8.01131e-39 5
0.975926 -0.177573 1.2046 1.15093e-38 5
0.965468 -0.172272 1.16864 1.17859e-38 5
1.01442 -0.177573 1.2046 1.23406e-38 5
1.11981 -0.19237 1.30499 1.23423e-38 5
1.14066 -0.19237 1.30499 1.13293e-38 5
1.01941 -0.168706 1.28359 5.4302e-39 5
0.991175 -0.160798 1.22343 1.12331e-38 5
0.980096 -0.155925 1.18635 1.19707e-38 5
1.04663 -0.16335 1.24284 1.28937e-38 5
1.11981 -0.171518 1.30499 1.24335e-38 5
1.12196 -0.168706 1.28359 1.1881e-38 5
1.16152 -0.171518 1.30499 1.12356e-38 5
-2.00821 -0.463585 4.01534 1.10564e-39 1
-1.89545 -0.451995 3.91496 1.1042e-39 1
-1.87989 -0.463585 4.01534 1.65701e-39 1
-1.60011 -0.475784 4.12101 1.10456e-39 1
-1.45754 -0.451995 3.91496 2.02651e-39 1
-1.54998 -0.502217 4.34996 1.65737e-39 1
1.01941 -0.148195 1.28359 3.03419e-39 5
1.00691 -0.14349 1.24284 9.48285e-39 5
1.01868 -0.142361 1.23306 1.25249e-38 5
1.055 -0.144638 1.25279 1.22484e-38 5
1.11981 -0.150665 1.30499 1.28937e-38 5
1.16 -0.153219 1.32711 1.18803e-38 5
1.21202 -0.157216 1.36173 1.15112e-38 5
1.30169 -0.16587 1.43668 1.04974e-38 5
1.31261 -0.164362 1.42362 8.93183e-39 5
-2.09473 -0.445071 4.47424 1.74993e-39 1
-1.54998 -0.432708 4.34996 2.3031e-39 1
-1.33243 -0.389437 3.91496 2.94775e-39 1
1.0717 -0.338641 3.40431 1.65701e-39 1
1.01496 -0.12462 1.25279 8.37866e-39 5
1.03498 -0.12462 1.25279 1.14193e-38 5
1.07215 -0.126646 1.27316 1.24335e-38 5
1.11981 -0.129812 1.30499 1.22498e-38 5
1.16 -0.132012 1.32711 1.22498e-38 5
1.1913 -0.133141 1.33845 1.21558e-38 5
1.28986 -0.141613 1.42362 1.0313e-38 5
1.31261 -0.141613 1.42362 9.67011e-39 5
1.38575 -0.146957 1.47734 6.99932e-39 5
-1.39498 -0.326879 3.91496 5.62034e-39 1
-1.33243 -0.326879 3.91496 6.72777e-39 1
1.0717 -0.284242 3.40431 2.21018e-39 1
1.03147 -0.106302 1.27316 4.50896e-39 5
1.06043 -0.107173 1.28359 1.03148e-38 5
1.09896 -0.10896 1.30499 1.1052e-38 5
1.12922 -0.109875 1.31595 1.19743e-38 5
1.16 -0.110806 1.32711 1.14208e-38 5
1.1812 -0.110806 1.32711 1.15115e-38 5
1.25561 -0.115709 1.38583 1.15115e-38 5
1.27776 -0.115709 1.38583 9.85342e-39 5
1.33535 -0.118865 1.42362 5.70786e-39 5
-1.39498 -0.264321 3.91496 7.1873e-39 1
-1.33243 -0.264321 3.91496 5.80546e-39 1
0.985966 -0.211456 3.13197 2.67188e-39 1
1.02315 -0.0852647 1.26289 3.95795e-39 5
1.06043 -0.0866625 1.28359 7.27411e-39 5
1.09896 -0.0881068 1.30499 9.94706e-39 5
1.12922 -0.0888472 1.31595 1.09612e-38 5
1.16 -0.0896002 1.32711 1.1514e-38 5
1.17128 -0.0888472 1.31595 1.20647e-38 5
1.23378 -0.0919376 1.36173 1.15115e-38 5
1.25554 -0.0919376 1.36173 9.9449e-39 5
1.2999 -0.0935648 1.38583 8.56484e-39 5
-0.493635 -0.218121 4.23239 2.9481e-39 1
1.06043 -0.0661516 1.28359 3.95651e-39 5
1.09896 -0.0672541 1.30499 8.74996e-39 5
1.13879 -0.068394 1.32711 1.03166e-38 5
1.15025 -0.0678193 1.31595 1.10523e-38 5
1.17128 -0.0678193 1.31595 1.16955e-38 5
1.22314 -0.0695732 1.34999 1.0681e-38 5
1.25554 -0.0701782 1.36173 1.00375e-38 5
1.2773 -0.0701782 1.36173 7.18191e-39 5
1.38325 -0.0747268 1.44999 4.88098e-39 5
1.05181 -0.0452697 1.27316 3.86503e-39 5
1.08988 -0.0460179 1.2942 4.78663e-39 5
1.11056 -0.0460179 1.2942 9.21022e-39 5
1.13124 -0.0460179 1.2942 1.04066e-38 5
1.16152 -0.0464014 1.30499 1.07736e-38 5
1.22314 -0.0480015 1.34999 1.09576e-38 5
1.25554 -0.0484189 1.36173 1.0314e-38 5
1.26628 -0.0480015 1.34999 7.92056e-39 5
1.37056 -0.0510841 1.43668 4.05122e-39 5
1.05181 -0.0249256 1.27316 2.85232e-39 5
1.09896 -0.0255487 1.30499 2.11331e-39 5
1.11981 -0.0255487 1.30499 8.19607e-39 5
1.12196 -0.0251299 1.28359 1.03126e-38 5
1.15192 -0.0253376 1.2942 1.14182e-38 5
1.21269 -0.0262038 1.33845 1.05896e-38 5
1.24471 -0.0264297 1.34999 9.85343e-39 5
1.25546 -0.0262038 1.33845 7.18299e-39 5
1.3581 -0.0278713 1.42362 4.42072e-39 5
-2.13472 -0.01761 4.8937 4.79238e-39 3
-1.75851 -0.0156533 4.34996 1.9354e-39 3
-1.60011 -0.0148294 4.12101 2.85627e-39 3
-1.45754 -0.014088 3.91496 1.84356e-39 3
-1.4684 -0.0148294 4.12101 2.58076e-39 3
-1.44046 -0.0152302 4.23239 2.76515e-39 3
-1.30243 -0.0144492 4.01534 2.8577e-39 3
-1.20731 -0.014088 3.91496 2.39529e-39 3
-1.205 -0.0148294 4.12101 2.48749e-39 3
-1.13915 -0.0148294 4.12101 2.39637e-39 3
-1.0733 -0.0148294 4.12101 2.48857e-39 3
-1.00745 -0.0148294 4.12101 2.67188e-39 3
-0.851923 -0.0134171 3.72853 2.39529e-39 3
-0.792344 -0.0134171 3.72853 2.85735e-39 3
-0.769403 -0.014088 3.91496 2.58076e-39 3
-0.831582 -0.0165741 4.60584 3.22505e-39 3
-0.805359 -0.01761 4.8937 3.77786e-39 3
-0.727161 -0.01761 4.8937 2.67152e-39 3
-0.461485 -0.0125226 3.47996 3.31688e-39 3
-0.415102 -0.0128072 3.55905 2.85591e-39 3
-0.394054 -0.014088 3.91496 3.59419e-39 3
1.04333 -0.00454451 1.26289 3.59096e-39 5
1.09896 -0.00469599 1.30499 3.86611e-39 5
1.11981 -0.00469599 1.30499 7.45886e-39 5
1.13124 -0.00465718 1.2942 9.66688e-39 5
1.16152 -0.00469599 1.30499 1.09565e-38 5
1.22314 -0.00485792 1.34999 1.06817e-38 5
1.25554 -0.00490016 1.36173 8.83963e-39 5
1.25546 -0.0048164 1.33845 7.09152e-39 5
1.37056 -0.0051699 1.43668 3.03779e-39 5
-1.82802 0.0538557 4.34996 2.30417e-39 3
-1.62324 0.049713 4.01534 1.93539e-39 3
-1.5201 0.0484702 3.91496 2.30453e-39 3
-1.38814 0.0461621 3.72853 2.94882e-39 3
-1.32856 0.0461621 3.72853 2.85806e-39 3
-1.29993 0.047288 3.81947 2.30489e-39 3
-1.2389 0.047288 3.81947 3.31832e-39 3
-1.14982 0.0461621 3.72853 3.77786e-39 3
-1.1741 0.049713 4.01534 3.77966e-39 3
-1.20244 0.0538557 4.34996 3.13465e-39 3
-1.0733 0.0510212 4.12101 2.76515e-39 3
-0.87007 0.0440638 3.55905 3.22505e-39 3
-0.745433 0.0403918 3.26247 2.58076e-39 3
-0.693301 0.0403918 3.26247 3.13394e-39 3
-0.732765 0.0461621 3.72853 3.04102e-39 3
-0.744047 0.0510212 4.12101 3.0403e-39 3
-0.757985 0.0570237 4.60584 2.76515e-39 3
-0.727161 0.0605877 4.8937 2.85735e-39 3
-0.415336 0.0387761 3.13197 2.76443e-39 3
-0.35124 0.0372847 3.01151 2.76443e-39 3
-0.328379 0.0403918 3.26247 2.67296e-39 3
-0.282124 0.0412512 3.33188 2.30417e-39 3
-0.325985 0.0587517 4.74541 2.94955e-39 3
0.975926 0.0149139 1.2046 2.94667e-39 5
1.02677 0.0153874 1.24284 3.58988e-39 5
1.08094 0.0158919 1.28359 4.1427e-39 5
1.0925 0.0157627 1.27316 6.44578e-39 5
1.11284 0.0157627 1.27316 9.85378e-39 5
1.15192 0.0160232 1.2942 1.05885e-38 5
1.20241 0.0164306 1.32711 1.10502e-38 5
1.22362 0.0164306 1.32711 8.7478e-39 5
1.23436 0.0162925 1.31595 6.99968e-39 5
1.32205 0.0171576 1.38583 3.22218e-39 5
-1.6874 0.113875 4.01534 3.41052e-39 3
-1.54406 0.10832 3.81947 3.50272e-39 3
-1.48303 0.10832 3.81947 3.22613e-39 3
-1.35585 0.103282 3.64182 3.68639e-39 3
-1.29766 0.103282 3.64182 3.04246e-39 3
-1.26898 0.105741 3.72853 2.95026e-39 3
-1.2094 0.105741 3.72853 2.85735e-39 3
-1.14982 0.105741 3.72853 3.04102e-39 3
-1.14475 0.111028 3.91496 3.41052e-39 3
-1.20244 0.123365 4.34996 3.59563e-39 3
-1.13293 0.123365 4.34996 3.22613e-39 3
-0.87007 0.100935 3.55905 2.94847e-39 3
-0.577109 0.0716312 2.52578 3.31833e-39 3
-0.504219 0.0672899 2.3727 2.76515e-39 3
-0.512935 0.0740189 2.60997 3.22541e-39 3
-0.673186 0.105741 3.72853 3.4098e-39 3
-0.715874 0.123365 4.34996 2.85735e-39 3
-0.646365 0.123365 4.34996 3.04246e-39 3
-0.451453 0.0965464 3.40431 3.59419e-39 3
-0.38051 0.0925236 3.26247 3.3176e-39 3
-0.342656 0.0965464 3.40431 3.41052e-39 3
-0.288258 0.0965464 3.40431 3.68711e-39 3
-0.256131 0.105741 3.72853 2.94954e-39 3
1.14958 0.138785 4.8937 2.67295e-39 3
1.09136 0.123365 4.34996 3.04246e-39 3
0.773913 0.0822432 2.89997 3.04103e-39 3
0.671116 0.0672899 2.3727 2.94919e-39 3
0.829019 0.0302118 1.0653 2.8552e-39 5
0.846041 0.0302118 1.0653 4.60692e-39 5
0.939781 0.0328973 1.15999 7.27987e-39 5
0.980096 0.0336449 1.18635 5.71146e-39 5
1.06351 0.0358156 1.26289 5.98697e-39 5
1.05809 0.0349695 1.23306 6.44651e-39 5
1.08635 0.0352471 1.24284 8.93363e-39 5
1.12405 0.0358156 1.26289 9.39245e-39 5
1.15353 0.0361068 1.27316 9.30025e-39 5
1.14593 0.0352471 1.24284 8.93291e-39 5
1.16579 0.0352471 1.24284 7.64469e-39 5
1.20477 0.0358156 1.26289 4.88062e-39 5
-2.45221 0.198385 4.47424 3.68639e-39 3
-2.25203 0.187661 4.23239 3.22613e-39 3
-2.37714 0.204219 4.60584 3.41015e-39 3
-2.17556 0.192874 4.34996 3.04174e-39 3
-1.99521 0.182723 4.12101 3.04174e-39 3
-1.68603 0.16532 3.72853 3.13393e-39 3
-1.53043 0.161476 3.64182 3.50343e-39 3
-1.40681 0.154299 3.47996 3.59563e-39 3
-1.38191 0.157806 3.55905 3.22685e-39 3
-1.29559 0.154299 3.47996 3.77858e-39 3
-1.23999 0.154299 3.47996 3.41124e-39 3
-1.26898 0.16532 3.72853 3.68783e-39 3
-1.2094 0.16532 3.72853 3.0421e-39 3
-1.14982 0.16532 3.72853 3.22505e-39 3
-1.1741 0.178037 4.01534 3.78002e-39 3
-1.20244 0.192874 4.34996 3.50415e-39 3
-1.13293 0.192874 4.34996 3.22649e-39 3
-0.736214 0.133528 3.01151 3.41124e-39 3
-0.542133 0.105204 2.3727 3.04282e-39 3
-0.489389 0.10211 2.30292 3.78003e-39 3
-0.480877 0.108492 2.44685 3.3176e-39 3
-0.642586 0.157806 3.55905 3.59419e-39 3
-0.678197 0.182723 4.12101 3.78002e-39 3
-0.612346 0.182723 4.12101 3.41124e-39 3
-0.471973 0.157806 3.55905 3.41052e-39 3
-0.405878 0.154299 3.47996 3.3176e-39 3
-0.358231 0.157806 3.55905 3.3176e-39 3
-0.30136 0.157806 3.55905 3.8715e-39 3
-0.250175 0.161476 3.64182 3.22685e-39 3
-0.201346 0.169353 3.81947 3.22613e-39 3
1.22778 0.216983 4.8937 3.87186e-39 3
0.773913 0.128583 2.89997 3.59456e-39 3
0.671116 0.105204 2.3727 3.31725e-39 3
0.649944 0.0964369 2.17498 3.68603e-39 3
0.704261 0.0991923 2.23712 3.68567e-39 3
0.809385 0.108492 2.44685 2.94775e-39 3
1.00561 0.128583 2.89997 3.59383e-39 3
1.32105 0.161476 3.64182 3.3176e-39 3
1.37925 0.161476 3.64182 2.94919e-39 3
1.43744 0.161476 3.64182 3.40945e-39 3
1.49563 0.161476 3.64182 2.94847e-39 3
1.59082 0.16532 3.72853 3.31618e-39 3
1.92547 0.192874 4.34996 3.96155e-39 3
2.24435 0.216983 4.8937 8.66317e-39 3
2.32255 0.216983 4.8937 7.92668e-39 3
0.834722 0.0495961 1.11856 8.75428e-39 5
0.864952 0.0503149 1.13477 1.04142e-38 5
0.812438 0.0462897 1.04399 1.03223e-38 5
0.807585 0.0450874 1.01687 1.02308e-38 5
0.939781 0.051433 1.15999 8.01708e-39 5
0.995175 0.0534112 1.2046 5.52672e-39 5
1.04663 0.0551068 1.24284 8.20039e-39 5
1.02578 0.0530035 1.19541 9.48969e-39 5
1.04488 0.0530035 1.19541 8.38191e-39 5
1.08892 0.0542458 1.22343 7.82836e-39 5
1.12607 0.0551068 1.24284 8.2879e-39 5
1.07751 0.0518169 1.16864 8.3801e-39 5
1.09619 0.0518169 1.16864 7.18264e-39 5
1.09045 0.0506822 1.14305 4.60368e-39 5
-2.25861 0.248573 4.12101 2.58076e-39 3
-2.19276 0.248573 4.12101 3.59563e-39 3
-2.24507 0.262383 4.34996 3.22685e-39 3
-2.00821 0.2422 4.01534 3.13501e-39 3
-1.84922 0.230385 3.81947 3.41124e-39 3
-1.70502 0.219669 3.64182 3.87222e-39 3
-1.60939 0.214677 3.55905 4.14809e-39 3
-1.51802 0.209906 3.47996 3.8715e-39 3
-1.43062 0.205343 3.40431 3.22613e-39 3
-1.37623 0.205343 3.40431 3.41052e-39 3
-1.3512 0.209906 3.47996 3.59563e-39 3
-1.29559 0.209906 3.47996 3.96334e-39 3
-1.26817 0.214677 3.55905 3.8715e-39 3
-1.26898 0.2249 3.72853 3.41124e-39 3
-1.2094 0.2249 3.72853 3.96441e-39 3
-1.14982 0.2249 3.72853 3.7793e-39 3
-1.34677 0.277817 4.60584 4.241e-39 3
-1.27317 0.277817 4.60584 3.87222e-39 3
-1.19957 0.277817 4.60584 3.22721e-39 3
-1.12597 0.277817 4.60584 3.68783e-39 3
-0.662607 0.174922 2.89997 3.31905e-39 3
-0.504219 0.143118 2.3727 3.50272e-39 3
-0.732765 0.2249 3.72853 3.50272e-39 3
-0.673186 0.2249 3.72853 3.77823e-39 3
-0.757985 0.277817 4.60584 4.42467e-39 3
-0.684387 0.277817 4.60584 4.42539e-39 3
-0.494448 0.2249 3.72853 4.33212e-39 3
-0.434869 0.2249 3.72853 4.79273e-39 3
-0.37529 0.2249 3.72853 3.77858e-39 3
-0.308369 0.219669 3.64182 4.42467e-39 3
-0.250175 0.219669 3.64182 3.68783e-39 3
1.30598 0.295181 4.8937 4.33248e-39 3
0.790958 0.168675 2.7964 3.9637e-39 3
0.668514 0.13494 2.23712 3.96262e-39 3
0.770286 0.14759 2.44685 4.4236e-39 3
0.84919 0.154849 2.56719 4.5158e-39 3
1.1805 0.205343 3.40431 3.87042e-39 3
1.42013 0.236145 3.91496 4.60906e-39 3
1.48269 0.236145 3.91496 4.24028e-39 3
1.50756 0.230385 3.81947 4.60907e-39 3
1.56859 0.230385 3.81947 4.14809e-39 3
1.67036 0.236145 3.91496 4.3314e-39 3
2.16615 0.295181 4.8937 4.05482e-39 3
2.24435 0.295181 4.8937 4.5158e-39 3
1.91048 0.18165 3.01151 3.31833e-39 3
0.872098 0.0704909 1.16864 9.39893e-39 5
0.877672 0.0694543 1.15146 7.55323e-39 5
0.896072 0.0694543 1.15146 7.00149e-39 5
0.812863 0.0617371 1.02352 8.84719e-39 5
0.932871 0.0694543 1.15146 9.3089e-39 5
0.980096 0.071559 1.18635 9.95391e-39 5
1.03839 0.0743762 1.23306 1.069e-38 5
1.02578 0.0721052 1.19541 1.10588e-38 5
1.05292 0.0726599 1.2046 1.11496e-38 5
1.0975 0.0743762 1.23306 1.1057e-38 5
1.10847 0.0737952 1.22343 7.6447e-39 5
1.08561 0.0710209 1.17743 6.53763e-39 5
1.10443 0.0710209 1.17743 7.36739e-39 5
1.1066 0.0699688 1.15999 5.432e-39 5
1.08495 0.0674699 1.11856 3.77356e-39 5
-2.38409 0.331892 4.34996 3.22613e-39 3
-2.25203 0.322922 4.23239 2.39709e-39 3
-2.1844 0.322922 4.23239 3.31904e-39 3
-1.8214 0.277863 3.64182 3.78074e-39 3
-1.80519 0.284479 3.72853 3.13465e-39 3
-1.70502 0.277863 3.64182 3.50344e-39 3
-1.60939 0.271548 3.55905 3.50272e-39 3
-1.51802 0.265514 3.47996 3.59491e-39 3
-1.43062 0.259742 3.40431 2.85734e-39 3
-1.37623 0.259742 3.40431 3.31832e-39 3
-1.3512 0.265514 3.47996 3.50343e-39 3
-1.29559 0.265514 3.47996 3.31905e-39 3
-1.26817 0.271548 3.55905 3.13465e-39 3
-1.26898 0.284479 3.72853 3.68783e-39 3
-1.2094 0.284479 3.72853 2.76587e-39 3
-1.17786 0.291417 3.81947 3.68746e-39 3
-0.961754 0.373378 4.8937 2.76515e-39 3
-0.831582 0.351415 4.60584 3.96262e-39 3
-0.805359 0.373378 4.8937 4.05661e-39 3
-0.646365 0.331892 4.34996 3.68782e-39 3
-0.494448 0.284479 3.72853 3.13393e-39 3
-0.434869 0.284479 3.72853 3.59491e-39 3
-0.37529 0.284479 3.72853 3.87185e-39 3
-0.308369 0.277863 3.64182 3.04174e-39 3
-0.244489 0.271548 3.55905 3.13465e-39 3
-0.179461 0.259742 3.40431 3.68711e-39 3
1.23246 0.298703 3.91496 4.70126e-39 3
0.863344 0.199135 2.60997 4.79238e-39 3
0.905049 0.199135 2.60997 4.88457e-39 3
1.42013 0.298703 3.91496 4.79345e-39 3
1.48269 0.298703 3.91496 4.88565e-39 3
1.50756 0.291417 3.81947 4.24065e-39 3
1.56859 0.291417 3.81947 4.42467e-39 3
1.67036 0.298703 3.91496 4.14809e-39 3
1.92547 0.331892 4.34996 4.88493e-39 3
2.24435 0.373378 4.8937 5.80617e-39 3
2.75958 0.331892 4.34996 3.31833e-39 3
1.9586 0.229771 3.01151 3.8715e-39 3
1.9324 0.221261 2.89997 4.05517e-39 3
2.05484 0.229771 3.01151 4.05445e-39 3
2.02508 0.221261 2.89997 4.42324e-39 3
2.15109 0.229771 3.01151 4.14665e-39 3
2.11775 0.221261 2.89997 4.0541e-39 3
0.942428 0.0963557 1.26289 9.03015e-39 5
0.877672 0.0878537 1.15146 8.75177e-39 5
0.896072 0.0878537 1.15146 7.922e-39 5
0.802375 0.0770846 1.01031 7.46283e-39 5
0.906217 0.0853436 1.11856 8.57133e-39 5
0.980096 0.090516 1.18635 1.04149e-38 5
1.02229 0.092621 1.21394 1.02305e-38 5
1.04168 0.092621 1.21394 1.12439e-38 5
1.06937 0.0933446 1.22343 1.12436e-38 5
1.0975 0.0940796 1.23306 1.13354e-38 5
1.09142 0.0919085 1.2046 1.05978e-38 5
1.08561 0.0898354 1.17743 8.66101e-39 5
1.1128 0.090516 1.18635 6.44831e-39 5
1.12324 0.0898354 1.17743 6.35576e-39 5
1.09276 0.0859576 1.12661 5.15686e-39 5
-2.4536 0.401401 4.34996 4.05517e-39 3
-2.14568 0.361261 3.91496 3.13393e-39 3
-2.13654 0.370524 4.01534 4.51722e-39 3
-2.02057 0.361261 3.91496 3.87221e-39 3
-1.78001 0.328419 3.55905 3.96513e-39 3
-1.72314 0.328419 3.55905 3.87221e-39 3
-1.66627 0.328419 3.55905 2.85806e-39 3
-1.57363 0.321121 3.47996 3.50272e-39 3
-1.51802 0.321121 3.47996 3.68711e-39 3
-1.43062 0.31414 3.40431 2.76515e-39 3
-1.37623 0.31414 3.40431 3.04174e-39 3
-1.38191 0.328419 3.55905 3.31905e-39 3
-1.32504 0.328419 3.55905 3.31905e-39 3
-1.26817 0.328419 3.55905 4.241e-39 3
-1.26898 0.344058 3.72853 4.14808e-39 3
-1.2389 0.35245 3.81947 3.13429e-39 3
-1.17786 0.35245 3.81947 3.59527e-39 3
-0.727161 0.451576 4.8937 4.42611e-39 3
-0.519171 0.361261 3.91496 4.51687e-39 3
-0.434869 0.344058 3.72853 5.34735e-39 3
-0.366562 0.336057 3.64182 4.42539e-39 3
-0.294663 0.321121 3.47996 3.68783e-39 3
-0.224115 0.301051 3.26247 4.0566e-39 3
0.863344 0.240841 2.60997 5.07005e-39 3
0.905049 0.240841 2.60997 5.25443e-39 3
1.38549 0.35245 3.81947 4.05661e-39 3
1.48269 0.361261 3.91496 4.33284e-39 3
1.50756 0.35245 3.81947 4.42504e-39 3
1.56859 0.35245 3.81947 4.88637e-39 3
1.62962 0.35245 3.81947 5.43882e-39 3
1.61202 0.336057 3.64182 4.70126e-39 3
1.99498 0.401401 4.34996 5.16224e-39 3
2.32255 0.451576 4.8937 4.51687e-39 3
2.12182 0.301051 3.26247 4.14809e-39 3
1.9324 0.267601 2.89997 3.7793e-39 3
1.90807 0.258043 2.7964 3.50272e-39 3
1.88542 0.249145 2.69997 3.59384e-39 3
1.92856 0.249145 2.69997 4.24028e-39 3
1.73271 0.218946 2.3727 4.42396e-39 3
0.957878 0.118446 1.28359 8.20183e-39 3
0.91818 0.111157 1.2046 1.23503e-38 3
0.909446 0.107839 1.16864 1.26258e-38 3
0.92812 0.107839 1.16864 1.25343e-38 3
1.09371 0.124573 1.34999 1.19826e-38 3
0.980096 0.109473 1.18635 1.17989e-38 5
1.02229 0.112019 1.21394 1.20755e-38 5
1.04168 0.112019 1.21394 1.12457e-38 5
1.08635 0.114686 1.24284 1.14301e-38 3
1.0975 0.113783 1.23306 1.08762e-38 3
1.09142 0.111157 1.2046 1.08762e-38 5
1.08561 0.10865 1.17743 9.2167e-39 5
1.12992 0.111157 1.2046 8.10963e-39 3
1.15807 0.112019 1.21394 7.55574e-39 3
1.13353 0.107839 1.16864 7.37063e-39 3
1.07969 0.101052 1.09509 6.72597e-39 3
1.04599 0.0963362 1.04399 4.05302e-39 3
1.24532 0.112894 1.22343 2.57968e-39 3
1.28494 0.114686 1.24284 2.48857e-39 3
1.24549 0.109473 1.18635 3.31833e-39 3
1.26445 0.109473 1.18635 3.22506e-39 3
1.30315 0.111157 1.2046 3.22506e-39 3
1.38639 0.116536 1.26289 3.04066e-39 3
-2.4536 0.47091 4.34996 3.50164e-39 3
-1.95062 0.38529 3.55905 4.33175e-39 3
-1.89375 0.38529 3.55905 4.42503e-39 3
-1.83688 0.38529 3.55905 4.70161e-39 3
-1.70262 0.368538 3.40431 4.24135e-39 3
-1.61315 0.360697 3.33188 4.1488e-39 3
-1.55991 0.360697 3.33188 4.241e-39 3
-1.50667 0.360697 3.33188 4.1488e-39 3
-1.45343 0.360697 3.33188 4.14844e-39 3
-1.43062 0.368538 3.40431 4.05589e-39 3
-1.37623 0.368538 3.40431 4.60907e-39 3
-1.38191 0.38529 3.55905 3.0421e-39 3
-1.32504 0.38529 3.55905 3.78039e-39 3
-1.29766 0.39425 3.64182 4.24136e-39 3
-1.26898 0.403637 3.72853 5.25479e-39 3
-1.41096 0.47091 4.34996 4.88528e-39 3
0.231527 0.423819 3.91496 5.34735e-39 3
0.294085 0.423819 3.91496 4.97857e-39 3
0.340199 0.264887 2.44685 6.6388e-39 3
0.379297 0.264887 2.44685 5.80976e-39 3
1.29502 0.423819 3.91496 5.71542e-39 3
0.890212 0.277914 2.56719 4.9782e-39 3
1.35251 0.403637 3.72853 4.88637e-39 3
1.41209 0.403637 3.72853 5.34735e-39 3
1.47166 0.403637 3.72853 4.61051e-39 3
1.49563 0.39425 3.64182 4.97857e-39 3
1.55383 0.39425 3.64182 4.33319e-39 3
1.47483 0.360697 3.33188 4.24064e-39 3
1.25999 0.297417 2.74734 5.43883e-39 3
1.09296 0.249305 2.30292 5.34699e-39 3
1.067 0.235455 2.17498 4.1488e-39 3
1.23947 0.264887 2.44685 4.42539e-39 3
1.9586 0.326015 3.01151 4.42539e-39 3
1.73916 0.282546 2.60997 3.87222e-39 3
1.66956 0.264887 2.44685 4.42504e-39 3
1.65688 0.25686 2.3727 4.70162e-39 3
1.62111 0.245692 2.26954 5.52958e-39 3
1.65737 0.245692 2.26954 4.97641e-39 3
0.973842 0.141273 1.30499 4.60799e-39 3
0.962608 0.136716 1.26289 5.06933e-39 3
0.937429 0.130406 1.2046 4.79274e-39 3
1.14099 0.15553 1.43668 4.79239e-39 3
1.15337 0.154116 1.42362 4.60907e-39 3
1.09638 0.143667 1.32711 4.42324e-39 3
1.08094 0.138957 1.28359 4.33105e-39 3
1.10145 0.138957 1.28359 5.62179e-39 3
1.11284 0.137827 1.27316 5.253e-39 3
1.11506 0.135622 1.25279 4.70018e-39 3
1.09142 0.130406 1.2046 4.88457e-39 3
1.08561 0.127464 1.17743 4.70018e-39 3
1.15661 0.133486 1.23306 4.14557e-39 3
1.19513 0.135622 1.25279 4.69803e-39 3
1.17747 0.131417 1.21394 4.88206e-39 3
1.07219 0.117728 1.08749 4.23741e-39 3
1.02548 0.110802 1.02352 3.59312e-39 3
1.24532 0.132443 1.22343 3.77859e-39 3
1.05819 0.110802 1.02352 4.42467e-39 3
1.11085 0.114546 1.0581 3.41053e-39 3
1.17541 0.119386 1.10281 3.13394e-39 3
1.22761 0.122846 1.13477 3.40981e-39 3
1.24574 0.122846 1.13477 3.68603e-39 3
1.40657 0.136716 1.26289 3.40945e-39 3
1.89502 0.176591 1.63123 2.85627e-39 3
1.84424 0.169528 1.56598 2.67224e-39 3
1.94715 0.176591 1.63123 2.39493e-39 3
-1.68289 0.381472 3.07056 5.34519e-39 3
-1.63382 0.381472 3.07056 6.17495e-39 3
-1.6838 0.405314 3.26247 4.05624e-39 3
-1.63167 0.405314 3.26247 3.78073e-39 3
-1.54731 0.397043 3.19589 4.97964e-39 3
-1.49624 0.397043 3.19589 4.70198e-39 3
-1.47528 0.405314 3.26247 5.53173e-39 3
-1.45343 0.413938 3.33188 5.07076e-39 3
-1.43062 0.422937 3.40431 6.1771e-39 3
-1.40681 0.432335 3.47996 6.45441e-39 3
-1.38191 0.442161 3.55905 5.99307e-39 3
-1.32504 0.442161 3.55905 7.28382e-39 3
-1.32856 0.463216 3.72853 6.08563e-39 3
-1.33243 0.486377 3.91496 5.90052e-39 3
0.129976 0.374136 3.01151 7.83663e-39 3
0.154351 0.324251 2.60997 7.74443e-39 3
0.178234 0.294774 2.3727 7.28417e-39 3
0.216148 0.294774 2.3727 7.46784e-39 3
0.254062 0.294774 2.3727 7.74407e-39 3
0.291976 0.294774 2.3727 6.3615e-39 3
0.311039 0.27793 2.23712 6.17711e-39 3
0.328041 0.262907 2.11619 7.09978e-39 3
0.361856 0.262907 2.11619 7.00831e-39 3
1.23335 0.463216 3.72853 6.82068e-39 3
1.13131 0.405314 3.26247 7.19054e-39 3
0.979401 0.335432 2.69997 6.0842e-39 3
1.02254 0.335432 2.69997 6.26859e-39 3
1.34369 0.422937 3.40431 3.59456e-39 3
1.21344 0.367077 2.95469 5.43883e-39 3
1.15198 0.335432 2.69997 6.54589e-39 3
1.19512 0.335432 2.69997 5.71613e-39 3
1.21728 0.329747 2.65421 6.45298e-39 3
1.06174 0.27793 2.23712 6.54589e-39 3
1.05238 0.266508 2.14518 5.07112e-39 3
1.08666 0.266508 2.14518 5.80869e-39 3
1.09105 0.259401 2.08798 4.97893e-39 3
1.10962 0.255988 2.06051 4.60907e-39 3
1.1277 0.252663 2.03375 4.79238e-39 3
1.13163 0.216168 1.73998 5.71613e-39 3
1.15944 0.216168 1.73998 4.60943e-39 3
1.31916 0.240186 1.93331 5.07005e-39 3
1.40198 0.249424 2.00767 5.53103e-39 3
1.51157 0.262907 2.11619 4.24029e-39 3
1.54539 0.262907 2.11619 4.70126e-39 3
1.0251 0.170659 1.37367 5.16224e-39 3
0.994695 0.162126 1.30499 5.43883e-39 3
1.12839 0.18014 1.44999 5.2548e-39 3
1.16232 0.181823 1.46354 5.43919e-39 3
1.15337 0.176864 1.42362 5.1626e-39 3
1.10575 0.166283 1.33845 4.79382e-39 3
1.10819 0.163488 1.31595 5.07041e-39 3
1.11981 0.162126 1.30499 4.51723e-39 3
1.12196 0.159468 1.28359 4.60907e-39 3
1.12405 0.156896 1.26289 3.68711e-39 3
1.10847 0.151993 1.22343 4.4236e-39 3
1.10219 0.148512 1.19541 4.97677e-39 3
1.16579 0.154405 1.24284 4.05481e-39 3
1.20477 0.156896 1.26289 4.2392e-39 3
1.18667 0.151993 1.22343 4.60799e-39 3
1.04322 0.131453 1.0581 4.60799e-39 3
1.01882 0.126332 1.01687 4.3314e-39 3
1.22616 0.149655 1.2046 3.59383e-39 3
0.999401 0.120093 0.966657 3.77931e-39 3
0.996396 0.11791 0.949081 4.24029e-39 3
1.02397 0.119356 0.960726 4.42468e-39 3
1.11454 0.127994 1.03025 3.59492e-39 3
1.19384 0.135105 1.08749 4.70018e-39 3
1.14746 0.127994 1.03025 3.50164e-39 3
1.11973 0.123133 0.991129 3.59383e-39 3
1.10753 0.120093 0.966657 3.50164e-39 3
1.08287 0.115804 0.932133 3.13394e-39 3
1.09776 0.115804 0.932133 2.58076e-39 3
1.83261 0.190736 1.53528 3.87042e-39 3
1.85714 0.190736 1.53528 3.77751e-39 3
-1.65052 0.422258 3.01151 7.65008e-39 3
-1.30195 0.343085 2.44685 6.54229e-39 3
-1.58476 0.430537 3.07056 5.80545e-39 3
-1.53569 0.430537 3.07056 5.80832e-39 3
-1.51636 0.439148 3.13197 6.45369e-39 3
-1.49624 0.44811 3.19589 6.17711e-39 3
-1.47528 0.457446 3.26247 6.1771e-39 3
-1.45343 0.467179 3.33188 6.3615e-39 3
-1.43062 0.477335 3.40431 6.91467e-39 3
-1.43878 0.499032 3.55905 6.63845e-39 3
-1.2113 0.499032 3.55905 7.28345e-39 3
-1.15443 0.499032 3.55905 7.09762e-39 3
0.0733868 0.378576 2.69997 7.74515e-39 3
0.105606 0.343085 2.44685 7.56076e-39 3
0.136192 0.322903 2.30292 8.39052e-39 3
0.158965 0.296722 2.11619 9.12808e-39 3
0.182894 0.281505 2.00767 8.29724e-39 3
0.204489 0.267773 1.90974 8.94153e-39 3
0.229409 0.261398 1.86427 7.46712e-39 3
0.259199 0.261398 1.86427 7.74443e-39 3
0.275853 0.249516 1.77953 7.83734e-39 3
0.291058 0.238668 1.70216 7.83807e-39 3
0.385259 0.288913 2.06051 7.65224e-39 3
1.17729 0.499032 3.55905 7.19055e-39 3
0.875854 0.354152 2.52578 7.65152e-39 3
0.916214 0.354152 2.52578 7.09907e-39 3
0.956574 0.354152 2.52578 7.65188e-39 3
1.03017 0.365957 2.60997 6.45262e-39 3
1.07187 0.365957 2.60997 4.97821e-39 3
1.11358 0.365957 2.60997 6.26931e-39 3
1.11801 0.354152 2.52578 5.62393e-39 3
1.15837 0.354152 2.52578 6.08456e-39 3
1.07712 0.318223 2.26954 5.99272e-39 3
1.05238 0.300786 2.14518 5.99308e-39 3
1.08666 0.300786 2.14518 5.43991e-39 3
1.09105 0.292765 2.08798 5.80797e-39 3
1.10962 0.288913 2.06051 4.70126e-39 3
1.1277 0.285161 2.03375 4.42467e-39 3
1.03878 0.255319 1.82091 3.96441e-39 3
0.998237 0.238668 1.70216 4.24136e-39 3
0.98271 0.228723 1.63123 3.96478e-39 3
0.880386 0.199613 1.42362 4.42504e-39 3
0.937215 0.207145 1.47734 5.80797e-39 3
1.01847 0.219574 1.56598 5.71613e-39 3
1.06479 0.224055 1.59794 5.62394e-39 3
1.11304 0.228723 1.63123 4.60943e-39 3
1.25694 0.252384 1.79998 6.0842e-39 3
1.43406 0.281505 2.00767 5.62322e-39 3
1.46614 0.281505 2.00767 5.89944e-39 3
1.3912 0.261398 1.86427 5.80761e-39 3
1.19363 0.219574 1.56598 5.8998e-39 3
1.17179 0.211129 1.50575 5.71578e-39 3
1.18446 0.209118 1.49141 5.53138e-39 3
1.1857 0.205209 1.46354 4.88602e-39 3
1.13485 0.192609 1.37367 5.07041e-39 3
1.11759 0.18608 1.32711 5.43919e-39 3
1.12922 0.184516 1.31595 5.34699e-39 3
1.13124 0.181466 1.2942 4.79346e-39 3
1.13319 0.178516 1.27316 4.51687e-39 3
1.13507 0.175659 1.25279 4.51579e-39 3
1.14593 0.174265 1.24284 4.97677e-39 3
1.19422 0.178516 1.27316 4.51579e-39 3
1.23464 0.181466 1.2942 4.60799e-39 3
1.21515 0.175659 1.25279 4.88458e-39 3
1.13526 0.161452 1.15146 4.88458e-39 3
1.22577 0.171542 1.22343 4.05481e-39 3
1.22616 0.168903 1.2046 4.14737e-39 3
0.999401 0.13554 0.966657 3.9637e-39 3
0.984463 0.131482 0.937715 3.87186e-39 3
0.999447 0.131482 0.937715 3.68711e-39 3
0.891631 0.115565 0.824202 4.24028e-39 3
0.944573 0.120645 0.860431 4.79238e-39 3
1.14746 0.144457 1.03025 4.05481e-39 3
0.972071 0.120645 0.860431 3.96262e-39 3
0.98582 0.120645 0.860431 3.40944e-39 3
0.978073 0.118051 0.841927 3.77894e-39 3
0.991526 0.118051 0.841927 3.22613e-39 3
0.999605 0.117419 0.837425 3.50164e-39 3
1.02394 0.118689 0.846478 3.40837e-39 3
1.06039 0.121312 0.865185 2.94847e-39 3
-1.30195 0.382183 2.44685 6.90927e-39 3
-1.26285 0.382183 2.44685 6.45009e-39 3
-1.22375 0.382183 2.44685 5.62249e-39 3
-1.51636 0.489195 3.13197 5.43882e-39 3
-1.49624 0.499178 3.19589 6.26931e-39 3
-1.06594 0.489195 3.13197 8.39052e-39 3
-0.907049 0.436781 2.7964 8.94261e-39 3
-0.862364 0.436781 2.7964 9.68018e-39 3
-0.0143888 0.47038 3.01151 9.03589e-39 3
0.0292351 0.407662 2.60997 8.48272e-39 3
0.0665068 0.382183 2.44685 9.68126e-39 3
0.0993935 0.359702 2.30292 8.7593e-39 3
0.128626 0.339719 2.17498 9.95784e-39 3
0.158965 0.330537 2.11619 8.75858e-39 3
0.173972 0.298289 1.90974 1.04177e-38 3
0.19962 0.291187 1.86427 1.01401e-38 3
0.229409 0.291187 1.86427 6.45333e-39 3
0.247417 0.277952 1.77953 9.40395e-39 3
0.275853 0.277952 1.77953 9.22028e-39 3
0.291058 0.265867 1.70216 9.31355e-39 3
0.332724 0.277952 1.77953 8.85078e-39 3
0.822772 0.370602 2.3727 7.2831e-39 3
0.811504 0.349425 2.23712 8.38981e-39 3
0.85953 0.354489 2.26954 6.91504e-39 3
0.90897 0.359702 2.30292 8.75823e-39 3
0.932062 0.354489 2.26954 8.02067e-39 3
1.01234 0.370602 2.3727 7.56004e-39 3
1.05026 0.370602 2.3727 5.43883e-39 3
1.12218 0.382183 2.44685 7.19054e-39 3
1.06174 0.349425 2.23712 7.19126e-39 3
1.05238 0.335065 2.14518 9.21993e-39 3
1.08666 0.335065 2.14518 8.11358e-39 3
1.09105 0.32613 2.08798 7.19126e-39 3
1.10962 0.321839 2.06051 7.28274e-39 3
1.09915 0.309617 1.98226 7.28274e-39 3
1.03878 0.284416 1.82091 7.00759e-39 3
0.956644 0.254789 1.63123 7.37637e-39 3
0.813277 0.21086 1.34999 5.99308e-39 3
0.834849 0.21086 1.34999 5.99308e-39 3
0.903135 0.222361 1.42362 5.62358e-39 3
0.960822 0.230752 1.47734 5.80833e-39 3
1.04349 0.244597 1.56598 5.07076e-39 3
1.06852 0.244597 1.56598 5.71541e-39 3
1.17585 0.263008 1.68385 5.89981e-39 3
1.31596 0.287762 1.84233 5.53138e-39 3
1.3454 0.287762 1.84233 5.80833e-39 3
1.19246 0.249589 1.59794 5.90052e-39 3
1.19363 0.244597 1.56598 6.17711e-39 3
1.18316 0.237473 1.52037 6.26931e-39 3
1.19585 0.23519 1.50575 6.17711e-39 3
1.20829 0.23295 1.49141 5.71613e-39 3
1.16552 0.220358 1.4108 5.80833e-39 3
1.12714 0.209058 1.33845 4.79418e-39 3
1.13879 0.207286 1.32711 4.51759e-39 3
1.15025 0.205544 1.31595 4.79346e-39 3
1.14248 0.20049 1.28359 4.14773e-39 3
1.15353 0.19886 1.27316 3.96297e-39 3
1.17388 0.19886 1.27316 4.51615e-39 3
1.20401 0.20049 1.28359 4.70054e-39 3
1.24493 0.203831 1.30499 4.97712e-39 3
1.26578 0.203831 1.30499 4.33248e-39 3
1.24513 0.197256 1.26289 4.70126e-39 3
1.31847 0.205544 1.31595 4.05589e-39 3
1.22616 0.188152 1.2046 4.51687e-39 3
0.999401 0.150986 0.966657 4.05589e-39 3
0.978603 0.145594 0.932133 4.79346e-39 3
0.999447 0.146465 0.937715 4.42431e-39 3
1.01443 0.146465 0.937715 4.42467e-39 3
0.904801 0.128735 0.824202 3.77858e-39 3
0.917971 0.128735 0.824202 3.87078e-39 3
0.931142 0.128735 0.824202 4.51615e-39 3
0.944312 0.128735 0.824202 4.79274e-39 3
0.978073 0.131504 0.841927 4.79238e-39 3
1.00778 0.13366 0.855729 4.05481e-39 3
1.01041 0.132215 0.846478 4.05481e-39 3
1.04082 0.134394 0.860431 3.40945e-39 3
1.06039 0.135137 0.865185 3.50272e-39 3
-1.22375 0.421282 2.44685 7.92666e-39 3
-0.986982 0.499297 2.89997 8.6671e-39 3
-0.875771 0.464863 2.69997 9.21992e-39 3
-0.832628 0.464863 2.69997 9.40395e-39 3
-0.789484 0.464863 2.69997 9.12809e-39 3
-0.173508 0.434872 2.52578 8.20577e-39 3
-0.128987 0.421282 2.44685 8.66675e-39 3
-0.0927882 0.434872 2.52578 9.03589e-39 3
-0.0524281 0.434872 2.52578 8.20613e-39 3
-0.012068 0.434872 2.52578 9.12772e-39 3
0.0274079 0.421282 2.44685 9.40431e-39 3
0.0644914 0.408516 2.3727 1.00504e-38 3
0.0965537 0.385172 2.23712 9.03625e-39 3
0.128626 0.374473 2.17498 9.58978e-39 3
0.154782 0.354764 2.06051 9.9582e-39 3
0.173972 0.328806 1.90974 1.00497e-38 3
0.194977 0.313512 1.82091 8.94297e-39 3
0.218982 0.306387 1.77953 8.94225e-39 3
0.247417 0.306387 1.77953 1.04185e-38 3
0.269723 0.299578 1.73998 8.66711e-39 3
0.291058 0.293066 1.70216 9.49723e-39 3
0.332724 0.306387 1.77953 7.83699e-39 3
0.925011 0.481465 2.7964 9.68019e-39 3
0.798573 0.396501 2.30292 8.94262e-39 3
0.747438 0.354764 2.06051 8.29761e-39 3
0.872171 0.396501 2.30292 8.482e-39 3
0.922536 0.402419 2.33729 8.94334e-39 3
0.945768 0.396501 2.30292 7.00723e-39 3
1.01234 0.408516 2.3727 8.57384e-39 3
1.05026 0.408516 2.3727 7.55968e-39 3
1.10491 0.414801 2.40921 6.82176e-39 3
1.07712 0.390755 2.26954 7.00615e-39 3
1.05238 0.369343 2.14518 5.71613e-39 3
1.08666 0.369343 2.14518 7.5604e-39 3
1.07669 0.354764 2.06051 7.00687e-39 3
1.10962 0.354764 2.06051 8.38944e-39 3
1.11325 0.345667 2.00767 8.75894e-39 3
1.05101 0.317201 1.84233 7.92954e-39 3
0.937121 0.275123 1.59794 6.45477e-39 3
0.827545 0.236509 1.37367 5.43991e-39 3
0.849495 0.236509 1.37367 6.36186e-39 3
0.887007 0.240733 1.3982 5.90017e-39 3
0.943029 0.249649 1.44999 6.63809e-39 3
0.975229 0.251982 1.46354 5.80833e-39 3
1.01764 0.256782 1.49141 5.80761e-39 3
1.05148 0.259251 1.50575 5.99236e-39 3
1.20276 0.289915 1.68385 5.90017e-39 3
1.28493 0.302945 1.75953 5.80833e-39 3
1.19246 0.275123 1.59794 5.71613e-39 3
1.14773 0.259251 1.50575 6.2693e-39 3
1.13893 0.251982 1.46354 6.63773e-39 3
1.16232 0.251982 1.46354 6.26895e-39 3
1.15337 0.24511 1.42362 5.53174e-39 3
1.11528 0.232432 1.34999 6.54589e-39 3
1.12714 0.230445 1.33845 5.25515e-39 3
1.13879 0.228492 1.32711 5.34735e-39 3
1.15025 0.226572 1.31595 4.79382e-39 3
1.15192 0.222827 1.2942 4.97785e-39 3
1.16299 0.221001 1.28359 4.97712e-39 3
1.1835 0.221001 1.28359 4.79273e-39 3
1.21396 0.222827 1.2942 4.79274e-39 3
1.27685 0.230445 1.33845 4.88457e-39 3
1.28723 0.228492 1.32711 4.24064e-39 3
1.276 0.222827 1.2942 4.05661e-39 3
1.32965 0.228492 1.32711 4.1488e-39 3
1.3395 0.226572 1.31595 4.14844e-39 3
1.22654 0.204258 1.18635 3.59491e-39 3
1.05388 0.172834 1.00384 4.33212e-39 3
1.11454 0.177382 1.03025 4.51615e-39 3
1.13849 0.178557 1.03708 4.97712e-39 3
1.15506 0.178557 1.03708 4.51615e-39 3
1.19538 0.182176 1.0581 5.16152e-39 3
1.21229 0.182176 1.0581 3.96297e-39 3
0.994107 0.147334 0.855729 4.05445e-39 3
0.960541 0.140427 0.815617 3.77859e-39 3
1.03274 0.148962 0.865185 4.05481e-39 3
1.03513 0.147334 0.855729 3.96334e-39 3
1.06628 0.149789 0.869991 4.14737e-39 3
-0.763168 0.491073 2.60997 8.57563e-39 3
-0.69819 0.475232 2.52578 7.74515e-39 3
-0.679757 0.491073 2.60997 8.7593e-39 3
-0.213868 0.475232 2.52578 8.8515e-39 3
-0.168086 0.460381 2.44685 9.6809e-39 3
-0.128987 0.460381 2.44685 8.29833e-39 3
-0.0898886 0.460381 2.44685 9.12809e-39 3
-0.0507897 0.460381 2.44685 9.03589e-39 3
-0.0116909 0.460381 2.44685 9.58835e-39 3
0.0274079 0.460381 2.44685 9.31176e-39 3
0.0665068 0.460381 2.44685 8.11465e-39 3
0.0993935 0.4333 2.30292 9.03733e-39 3
0.128626 0.409228 2.17498 9.31355e-39 3
0.154782 0.387689 2.06051 1.02344e-38 3
0.173972 0.359322 1.90974 1.01422e-38 3
0.190546 0.334823 1.77953 1.0511e-38 3
0.218982 0.334823 1.77953 1.01419e-38 3
0.247417 0.334823 1.77953 1.02344e-38 3
0.263859 0.320265 1.70216 9.49687e-39 3
0.291058 0.320265 1.70216 9.12808e-39 3
0.332724 0.334823 1.77953 9.58906e-39 3
0.784858 0.44643 2.3727 9.95713e-39 3
0.733824 0.398167 2.11619 9.58835e-39 3
0.728273 0.377749 2.00767 9.95713e-39 3
0.760354 0.377749 2.00767 1.08791e-38 3
0.950922 0.453298 2.40921 9.12809e-39 3
0.959884 0.439767 2.33729 1.04185e-38 3
1.09532 0.483023 2.56719 9.40432e-39 3
1.13634 0.483023 2.56719 9.31176e-39 3
1.21728 0.499396 2.65421 7.55933e-39 3
1.16127 0.460381 2.44685 7.83663e-39 3
1.11339 0.42702 2.26954 7.46821e-39 3
1.16656 0.4333 2.30292 8.11358e-39 3
1.10579 0.398167 2.11619 8.02102e-39 3
1.13961 0.398167 2.11619 8.482e-39 3
1.08541 0.368305 1.95748 9.12809e-39 3
1.05101 0.34664 1.84233 7.92954e-39 3
0.918378 0.294644 1.56598 8.39052e-39 3
0.827545 0.25846 1.37367 8.75894e-39 3
0.834849 0.254003 1.34999 8.85114e-39 3
0.871446 0.25846 1.37367 7.28346e-39 3
0.925883 0.267858 1.42362 7.46785e-39 3
0.940085 0.265445 1.4108 6.4537e-39 3
0.97138 0.267858 1.42362 5.992e-39 3
0.994128 0.267858 1.42362 5.62358e-39 3
1.11856 0.294644 1.56598 5.25444e-39 3
1.16693 0.300657 1.59794 5.16332e-39 3
1.19246 0.300657 1.59794 6.17747e-39 3
1.08512 0.267858 1.42362 6.73028e-39 3
1.05057 0.254003 1.34999 7.19054e-39 3
1.11043 0.263075 1.3982 6.91396e-39 3
1.10322 0.256212 1.36173 6.08491e-39 3
1.09638 0.249698 1.32711 5.53174e-39 3
1.11759 0.249698 1.32711 5.90088e-39 3
1.13879 0.249698 1.32711 4.88637e-39 3
1.15025 0.2476 1.31595 5.53174e-39 3
1.15192 0.243507 1.2942 6.26858e-39 3
1.1726 0.243507 1.2942 5.80689e-39 3
1.20322 0.245537 1.30499 4.97712e-39 3
1.24482 0.249698 1.32711 4.79238e-39 3
1.28786 0.254003 1.34999 5.34555e-39 3
1.30943 0.254003 1.34999 5.16224e-39 3
1.29745 0.2476 1.31595 5.34663e-39 3
1.34101 0.251832 1.33845 4.88565e-39 3
1.3395 0.2476 1.31595 4.88565e-39 3
1.28494 0.233844 1.24284 4.60799e-39 3
1.12192 0.195128 1.03708 5.16152e-39 3
1.15377 0.197748 1.051 4.60834e-39 3
1.17057 0.197748 1.051 4.23956e-39 3
1.22012 0.203203 1.07999 3.77858e-39 3
1.22054 0.200438 1.0653 3.87078e-39 3
1.20478 0.195128 1.03708 4.05481e-39 3
0.970652 0.155076 0.824202 3.40944e-39 3
1.07429 0.169336 0.899991 3.87042e-39 3
1.06421 0.16553 0.879766 4.51687e-39 3
-1.38908 0.40983 2.00767 6.3615e-39 3
-1.20279 0.363258 1.77953 6.2693e-39 3
-1.0765 0.332987 1.63123 6.08491e-39 3
-1.02899 0.326191 1.59794 6.73028e-39 3
-0.919055 0.298754 1.46354 7.46784e-39 3
-0.833362 0.277971 1.36173 6.26894e-39 3
-0.729174 0.24974 1.22343 6.3615e-39 3
-0.709625 0.24974 1.22343 6.82248e-39 3
-0.674272 0.244021 1.19541 6.54517e-39 3
-0.576022 0.214542 1.051 6.36006e-39 3
-0.559228 0.214542 1.051 6.91323e-39 3
-0.207185 0.49948 2.44685 9.95713e-39 3
-0.162993 0.484344 2.3727 9.31212e-39 3
-0.125079 0.484344 2.3727 8.48236e-39 3
-0.0898886 0.49948 2.44685 1.11564e-38 3
-0.0507897 0.49948 2.44685 1.06954e-38 3
0.0993935 0.470099 2.30292 1.04199e-38 3
0.128626 0.443982 2.17498 9.95784e-39 3
0.150813 0.40983 2.00767 1.08794e-38 3
0.162111 0.363258 1.77953 1.04185e-38 3
0.178384 0.340071 1.66594 1.16177e-38 3
0.205004 0.340071 1.66594 1.03266e-38 3
0.226799 0.332987 1.63123 1.02344e-38 3
0.252865 0.332987 1.63123 1.02344e-38 3
0.278931 0.332987 1.63123 1.07876e-38 3
0.318258 0.347464 1.70216 9.68126e-39 3
0.397275 0.399584 1.95748 1.0511e-38 3
0.616674 0.380556 1.86427 1.13404e-38 3
0.565656 0.332987 1.63123 1.06951e-38 3
0.477355 0.268628 1.31595 9.8653e-39 3
0.644648 0.347464 1.70216 8.85114e-39 3
0.702385 0.363258 1.77953 9.58979e-39 3
0.869084 0.431983 2.11619 1.0143e-38 3
1.2589 0.491796 2.40921 9.12737e-39 3
1.18776 0.450235 2.20561 9.31176e-39 3
1.03373 0.380556 1.86427 8.11393e-39 3
1.06352 0.380556 1.86427 8.94369e-39 3
0.918378 0.319667 1.56598 8.11393e-39 3
0.857638 0.290606 1.42362 9.22028e-39 3
0.834849 0.275575 1.34999 7.83735e-39 3
0.841905 0.270904 1.32711 7.92883e-39 3
0.893396 0.28041 1.37367 6.6388e-39 3
0.915346 0.28041 1.37367 7.00723e-39 3
0.913263 0.27322 1.33845 6.3615e-39 3
0.942708 0.275575 1.34999 6.45334e-39 3
0.947936 0.270904 1.32711 6.45226e-39 3
1.0996 0.307372 1.50575 5.80797e-39 3
0.965794 0.264188 1.2942 5.6243e-39 3
1.01155 0.270904 1.32711 5.53174e-39 3
1.00715 0.264188 1.2942 5.8998e-39 3
1.06297 0.27322 1.33845 6.54517e-39 3
1.06614 0.268628 1.31595 5.43954e-39 3
1.08717 0.268628 1.31595 6.3615e-39 3
1.10819 0.268628 1.31595 6.08527e-39 3
1.12922 0.268628 1.31595 5.99272e-39 3
1.14066 0.266389 1.30499 6.73028e-39 3
1.15192 0.264188 1.2942 5.90052e-39 3
1.16299 0.262022 1.28359 6.82176e-39 3
1.19328 0.264188 1.2942 5.53102e-39 3
1.22407 0.266389 1.30499 5.80653e-39 3
1.27685 0.27322 1.33845 5.43775e-39 3
1.30943 0.275575 1.34999 5.80761e-39 3
1.29745 0.268628 1.31595 4.70126e-39 3
1.32965 0.270904 1.32711 5.07004e-39 3
1.3395 0.268628 1.31595 5.07004e-39 3
1.17748 0.21895 1.07259 4.42467e-39 3
0.917971 0.168246 0.824202 4.42467e-39 3
0.982872 0.177593 0.869991 4.05589e-39 3
1.20416 0.214542 1.051 4.42467e-39 3
1.01068 0.177593 0.869991 4.70018e-39 3
1.0023 0.173732 0.851078 4.70018e-39 3
1.05015 0.179588 0.879766 3.77823e-39 3
-1.04518 0.265146 1.2046 4.60907e-39 3
-1.02593 0.265146 1.2046 4.4236e-39 3
-1.02242 0.269289 1.22343 8.6646e-39 3
-1.01878 0.273564 1.24284 7.19054e-39 3
-1.25967 0.391694 1.77953 5.71613e-39 3
-1.23123 0.391694 1.77953 6.08491e-39 3
-1.12602 0.366692 1.66594 6.54589e-39 3
-1.05453 0.351725 1.59794 6.45369e-39 3
-0.951333 0.32518 1.47734 7.28345e-39 3
-0.910545 0.319158 1.44999 7.56039e-39 3
-0.826177 0.297147 1.34999 6.2693e-39 3
-0.729174 0.269289 1.22343 6.73028e-39 3
-0.653467 0.247979 1.12661 4.97856e-39 3
-0.626451 0.244461 1.11063 6.63665e-39 3
-0.596023 0.239368 1.08749 8.48164e-39 3
-0.578646 0.239368 1.08749 8.8515e-39 3
-0.565193 0.241042 1.09509 6.17855e-39 3
-0.53644 0.236089 1.07259 9.12773e-39 3
-0.592328 0.269289 1.22343 7.65368e-39 3
0.150813 0.441911 2.00767 1.08791e-38 3
0.151763 0.366692 1.66594 1.10635e-38 3
0.178384 0.366692 1.66594 9.58906e-39 3
0.200733 0.359052 1.63123 8.20648e-39 3
0.226799 0.359052 1.63123 1.06032e-38 3
0.22901 0.32518 1.47734 1.06032e-38 3
0.262523 0.337932 1.53528 8.29833e-39 3
0.287056 0.337932 1.53528 1.12486e-38 3
0.353133 0.382989 1.73998 9.40575e-39 3
0.535851 0.374663 1.70216 9.86673e-39 3
0.319757 0.212772 0.966657 1.02341e-38 3
0.341528 0.216786 0.984896 1.09716e-38 3
0.402874 0.244461 1.11063 1.1156e-38 3
0.456212 0.265146 1.2046 1.03263e-38 3
0.48289 0.269289 1.22343 1.04195e-38 3
0.510415 0.273564 1.24284 1.05117e-38 3
0.92798 0.478737 2.17498 1.06039e-38 3
0.990241 0.492415 2.23712 1.0511e-38 3
1.06174 0.492415 2.23712 8.94406e-39 3
1.03816 0.465798 2.11619 8.66711e-39 3
1.13651 0.478737 2.17498 9.40395e-39 3
1.18776 0.485479 2.20561 9.49615e-39 3
0.943839 0.374663 1.70216 9.21992e-39 3
0.893355 0.34469 1.56598 8.7593e-39 3
0.866395 0.32518 1.47734 8.57491e-39 3
0.842323 0.307759 1.3982 8.94369e-39 3
0.793791 0.282533 1.28359 9.86565e-39 3
0.580964 0.201573 0.91578 9.21956e-39 3
0.808311 0.273564 1.24284 7.92954e-39 3
0.855323 0.282533 1.28359 8.29797e-39 3
0.890432 0.287242 1.30499 8.02102e-39 3
0.918942 0.289656 1.31595 7.55969e-39 3
0.924433 0.284868 1.2942 6.17532e-39 3
0.937367 0.282533 1.28359 6.36115e-39 3
0.957878 0.282533 1.28359 7.09979e-39 3
0.978389 0.282533 1.28359 6.63845e-39 3
0.990778 0.280236 1.27316 4.70126e-39 3
1.01112 0.280236 1.27316 5.07004e-39 3
1.03147 0.280236 1.27316 4.97857e-39 3
1.06043 0.282533 1.28359 6.08491e-39 3
1.08988 0.284868 1.2942 5.71613e-39 3
1.11056 0.284868 1.2942 4.70198e-39 3
1.14066 0.287242 1.30499 5.07076e-39 3
1.15192 0.284868 1.2942 5.80832e-39 3
1.1726 0.284868 1.2942 5.80904e-39 3
1.1835 0.282533 1.28359 5.90052e-39 3
1.20401 0.282533 1.28359 6.26859e-39 3
1.26603 0.292111 1.32711 5.52994e-39 3
1.29824 0.294607 1.33845 5.52994e-39 3
1.29745 0.289656 1.31595 5.89873e-39 3
1.31847 0.289656 1.31595 4.97677e-39 3
1.35085 0.292111 1.32711 6.26786e-39 3
-1.04518 0.284395 1.2046 4.60907e-39 3
-1.02593 0.284395 1.2046 6.17639e-39 3
-1.00669 0.284395 1.2046 4.60907e-39 3
-1.00287 0.288839 1.22343 5.71613e-39 3
-0.983316 0.288839 1.22343 5.53174e-39 3
-0.994856 0.298156 1.26289 5.90052e-39 3
-1.25967 0.420129 1.77953 5.71613e-39 3
-1.12863 0.385118 1.63123 6.3615e-39 3
-1.05846 0.369714 1.56598 6.1771e-39 3
-0.974939 0.348786 1.47734 5.62465e-39 3
-0.951333 0.348786 1.47734 4.70269e-39 3
-0.910545 0.342327 1.44999 6.2693e-39 3
-0.848111 0.32718 1.38583 6.3615e-39 3
-0.811602 0.32149 1.36173 5.71541e-39 3
-0.783034 0.318719 1.34999 7.19018e-39 3
-0.761462 0.318719 1.34999 6.91467e-39 3
-0.670526 0.288839 1.22343 7.46784e-39 3
-0.650976 0.288839 1.22343 8.7593e-39 3
-0.581458 0.265981 1.12661 8.94333e-39 3
-0.559431 0.264081 1.11856 8.29833e-39 3
-0.592328 0.288839 1.22343 7.74587e-39 3
-0.479187 0.241643 1.02352 6.63953e-39 3
-0.45104 0.235486 0.997442 8.11322e-39 3
-0.307847 0.224069 0.949081 8.76074e-39 3
-0.289176 0.221385 0.937715 9.31355e-39 3
-0.277516 0.224069 0.949081 1.02344e-38 3
-0.277486 0.236996 1.00384 1.03259e-38 3
-0.266571 0.241643 1.02352 1.06018e-38 3
-0.251862 0.243233 1.03025 1.07862e-38 3
-0.263094 0.271848 1.15146 1.1339e-38 3
-0.114442 0.393312 1.66594 1.01415e-38 3
-0.0550346 0.246476 1.04399 1.15248e-38 3
-0.0359554 0.231071 0.97874 1.14323e-38 3
-0.0198204 0.225435 0.954868 1.18932e-38 3
-0.00445367 0.220068 0.932133 1.00493e-38 3
0.0103183 0.217479 0.921167 1.00493e-38 3
0.0253359 0.220068 0.932133 1.07869e-38 3
0.088931 0.486465 2.06051 1.07869e-38 3
0.121856 0.486465 2.06051 1.35506e-38 3
0.136784 0.4299 1.82091 9.40324e-39 3
0.13986 0.362464 1.53528 8.85078e-39 3
0.166124 0.318719 1.34999 1.10635e-38 3
0.181439 0.308095 1.30499 1.0511e-38 3
0.202292 0.308095 1.30499 1.18018e-38 3
0.226927 0.313317 1.32711 1.0511e-38 3
0.266179 0.336103 1.42362 1.1433e-38 3
0.288927 0.336103 1.42362 1.07876e-38 3
0.30387 0.240074 1.01687 1.01433e-38 3
0.320119 0.240074 1.01687 1.005e-38 3
0.312052 0.222719 0.943364 8.94298e-39 3
0.327126 0.222719 0.943364 1.01419e-38 3
0.355033 0.231071 0.97874 9.68055e-39 3
0.385114 0.240074 1.01687 1.04185e-38 3
0.417635 0.249807 1.0581 1.03273e-38 3
0.434542 0.249807 1.0581 9.95857e-39 3
0.45145 0.249807 1.0581 9.86637e-39 3
0.468357 0.249807 1.0581 1.20791e-38 3
1.00435 0.499613 2.11619 1.08802e-38 3
1.01084 0.486465 2.06051 1.11557e-38 3
0.901434 0.420129 1.77953 1.00493e-38 3
0.92987 0.420129 1.77953 9.77346e-39 3
0.810874 0.355494 1.50575 9.49615e-39 3
0.834934 0.355494 1.50575 8.66639e-39 3
0.842788 0.348786 1.47734 8.39124e-39 3
0.548489 0.21495 0.910456 8.48344e-39 3
0.563038 0.21495 0.910456 9.40432e-39 3
0.580964 0.216207 0.91578 1.00493e-38 3
0.599101 0.217479 0.921167 9.31176e-39 3
0.778727 0.275906 1.16864 9.86458e-39 3
0.841353 0.291113 1.23306 8.85115e-39 3
0.874833 0.295771 1.25279 8.48237e-39 3
0.894852 0.295771 1.25279 8.02067e-39 3
0.893428 0.288839 1.22343 6.45334e-39 3
0.9059 0.2866 1.21394 6.82284e-39 3
0.954907 0.295771 1.25279 6.36186e-39 3
0.952076 0.288839 1.22343 5.90052e-39 3
0.971626 0.288839 1.22343 5.90052e-39 3
0.991175 0.288839 1.22343 6.17711e-39 3
1.04333 0.298156 1.26289 4.3332e-39 3
1.08094 0.303044 1.28359 5.71613e-39 3
1.10145 0.303044 1.28359 5.99272e-39 3
1.16991 0.315995 1.33845 5.99272e-39 3
1.21202 0.32149 1.36173 5.90052e-39 3
1.23378 0.32149 1.36173 5.99272e-39 3
1.16441 0.298156 1.26289 5.80797e-39 3
1.18459 0.298156 1.26289 6.45298e-39 3
1.28786 0.318719 1.34999 6.45298e-39 3
1.30943 0.318719 1.34999 5.992e-39 3
1.30844 0.313317 1.32711 5.80761e-39 3
1.30749 0.308095 1.30499 6.4519e-39 3
1.35085 0.313317 1.32711 6.35935e-39 3
1.39571 0.318719 1.34999 5.71397e-39 3
-1.06443 0.303644 1.2046 4.97857e-39 3
-1.02935 0.299043 1.18635 5.16296e-39 3
-0.99531 0.29458 1.16864 5.80833e-39 3
-0.976635 0.29458 1.16864 4.3332e-39 3
-0.957961 0.29458 1.16864 4.88637e-39 3
-0.939287 0.29458 1.16864 5.16296e-39 3
-0.920613 0.29458 1.16864 5.53173e-39 3
-0.974676 0.318336 1.26289 5.3477e-39 3
-1.2881 0.448565 1.77953 6.63808e-39 3
-1.25967 0.448565 1.77953 6.3615e-39 3
-1.15264 0.419933 1.66594 6.91467e-39 3
-1.12602 0.419933 1.66594 5.90052e-39 3
-1.03344 0.394737 1.56598 5.25587e-39 3
-0.8924 0.349325 1.38583 7.19197e-39 3
-0.870256 0.349325 1.38583 6.08563e-39 3
-0.840672 0.34626 1.37367 6.91467e-39 3
-0.804606 0.34029 1.34999 8.02102e-39 3
-0.776341 0.337382 1.33845 8.66567e-39 3
-0.754954 0.337382 1.33845 6.82248e-39 3
-0.692156 0.318336 1.26289 6.3615e-39 3
-0.671975 0.318336 1.26289 6.6388e-39 3
-0.626532 0.305998 1.21394 6.91539e-39 3
-0.58015 0.292398 1.15999 5.07076e-39 3
-0.592328 0.308388 1.22343 7.2849e-39 3
-0.479187 0.257998 1.02352 6.36294e-39 3
-0.562011 0.313283 1.24284 9.40467e-39 3
-0.357688 0.253036 1.00384 8.94369e-39 3
-0.317244 0.234962 0.932133 8.66711e-39 3
-0.30235 0.234962 0.932133 8.57599e-39 3
-0.285754 0.233572 0.926618 1.0511e-38 3
-0.27256 0.234962 0.932133 1.12479e-38 3
-0.277486 0.253036 1.00384 1.14308e-38 3
-0.263132 0.254669 1.01031 1.15212e-38 3
-0.242298 0.249833 0.991129 1.27194e-38 3
-0.232343 0.256323 1.01687 1.27187e-38 3
-0.145432 0.246711 0.97874 1.43725e-38 3
-0.129793 0.246711 0.97874 1.3359e-38 3
-0.115598 0.249833 0.991129 1.24378e-38 3
-0.0997606 0.249833 0.991129 1.26236e-38 3
-0.0839231 0.249833 0.991129 1.19808e-38 3
-0.0680856 0.249833 0.991129 1.23521e-38 3
-0.051595 0.246711 0.97874 1.14315e-38 3
-0.0350785 0.240693 0.954868 1.15237e-38 3
-0.0191208 0.232198 0.921167 1.1801e-38 3
-0.0043501 0.229498 0.910456 1.06947e-38 3
0.0101983 0.229498 0.910456 1.03259e-38 3
0.0227617 0.211089 0.837425 1.07869e-38 3
0.0361431 0.211089 0.837425 9.95713e-39 3
0.0520286 0.221762 0.879766 1.10631e-38 3
0.0660866 0.221762 0.879766 1.04181e-38 3
0.0849151 0.234962 0.932133 1.03266e-38 3
0.164393 0.386997 1.53528 1.20783e-38 3
0.157954 0.323555 1.28359 1.11564e-38 3
0.175586 0.318336 1.26289 9.77346e-39 3
0.198976 0.323555 1.28359 1.13419e-38 3
0.226927 0.334523 1.32711 1.19872e-38 3
0.248133 0.334523 1.32711 1.15259e-38 3
0.269339 0.334523 1.32711 1.08794e-38 3
0.28034 0.249833 0.991129 1.22635e-38 3
0.296177 0.249833 0.991129 1.2078e-38 3
0.312015 0.249833 0.991129 1.04188e-38 3
0.319757 0.243665 0.966657 1.03263e-38 3
0.335203 0.243665 0.966657 1.01419e-38 3
0.364136 0.253036 1.00384 1.0511e-38 3
0.385114 0.256323 1.01687 9.6809e-39 3
0.406644 0.259695 1.03025 9.3132e-39 3
0.423107 0.259695 1.03025 7.83807e-39 3
0.44543 0.263158 1.04399 9.77418e-39 3
0.462113 0.263158 1.04399 1.02352e-38 3
0.47642 0.253036 1.00384 8.76002e-39 3
0.498856 0.256323 1.01687 1.03263e-38 3
0.521883 0.259695 1.03025 9.7731e-39 3
0.576257 0.277984 1.10281 9.86565e-39 3
0.593879 0.277984 1.10281 9.68054e-39 3
0.578888 0.263158 1.04399 9.49615e-39 3
0.587734 0.259695 1.03025 8.76002e-39 3
0.515943 0.221762 0.879766 9.22208e-39 3
0.530001 0.221762 0.879766 8.94442e-39 3
0.550241 0.224282 0.889764 1.02341e-38 3
0.570947 0.22686 0.899991 9.12737e-39 3
0.588712 0.228172 0.905193 8.11322e-39 3
0.603176 0.228172 0.905193 1.01415e-38 3
0.77994 0.288129 1.14305 9.21993e-39 3
0.834764 0.301326 1.19541 9.58835e-39 3
0.853866 0.301326 1.19541 9.86458e-39 3
0.872968 0.301326 1.19541 1.06021e-38 3
0.892069 0.301326 1.19541 9.31176e-39 3
0.947329 0.313283 1.24284 8.39017e-39 3
0.944696 0.305998 1.21394 7.83663e-39 3
0.979276 0.310816 1.23306 6.73028e-39 3
1.00691 0.313283 1.24284 6.4537e-39 3
1.02677 0.313283 1.24284 6.4537e-39 3
1.06351 0.318336 1.26289 6.91396e-39 3
1.08369 0.318336 1.26289 6.63809e-39 3
1.18 0.34029 1.34999 5.62394e-39 3
1.22265 0.34626 1.37367 5.80832e-39 3
1.23378 0.343249 1.36173 5.71685e-39 3
1.16441 0.318336 1.26289 5.16296e-39 3
1.16579 0.313283 1.24284 4.24065e-39 3
1.29905 0.343249 1.36173 3.9637e-39 3
1.32081 0.343249 1.36173 3.41052e-39 3
1.34257 0.343249 1.36173 4.42467e-39 3
1.32965 0.334523 1.32711 5.71433e-39 3
1.3624 0.337382 1.33845 5.06897e-39 3
1.55676 0.379555 1.50575 5.34484e-39 3
-1.0483 0.318 1.18635 5.25515e-39 3
-0.999072 0.308647 1.15146 5.90052e-39 3
-0.952653 0.299829 1.11856 5.25515e-39 3
-0.884251 0.283622 1.0581 5.25515e-39 3
-0.855779 0.27984 1.04399 6.3615e-39 3
-0.817302 0.272572 1.01687 5.53174e-39 3
-0.780773 0.265671 0.991129 8.20576e-39 3
-0.764936 0.265671 0.991129 6.54624e-39 3
-0.780468 0.333143 1.24284 7.74515e-39 3
-0.748723 0.327938 1.22343 7.65295e-39 3
-0.790968 0.355729 1.32711 7.56004e-39 3
-0.709625 0.327938 1.22343 6.45369e-39 3
-0.748556 0.355729 1.32711 5.99272e-39 3
-0.72735 0.355729 1.32711 7.56004e-39 3
-0.661309 0.333143 1.24284 8.11393e-39 3
-0.651795 0.338516 1.26289 7.00759e-39 3
-0.62159 0.333143 1.24284 7.46785e-39 3
-0.60173 0.333143 1.24284 5.80904e-39 3
-0.58187 0.333143 1.24284 7.93026e-39 3
-0.301113 0.237153 0.884737 9.68126e-39 3
-0.286976 0.237153 0.884737 9.6809e-39 3
-0.279147 0.242636 0.905193 9.03589e-39 3
-0.261658 0.239863 0.894848 1.0694e-38 3
-0.254634 0.246918 0.921167 1.26272e-38 3
-0.239914 0.246918 0.921167 1.29016e-38 3
-0.225195 0.246918 0.921167 1.31779e-38 3
-0.17454 0.204761 0.763895 1.30849e-38 3
-0.198086 0.249857 0.932133 1.34523e-38 3
-0.157143 0.255951 0.954868 1.52008e-38 3
-0.141885 0.255951 0.954868 1.52937e-38 3
-0.12819 0.259111 0.966657 1.49263e-38 3
-0.114153 0.26235 0.97874 1.44661e-38 3
-0.0985136 0.26235 0.97874 1.35456e-38 3
-0.082874 0.26235 0.97874 1.31786e-38 3
-0.0672345 0.26235 0.97874 1.04149e-38 3
-0.050958 0.259111 0.966657 1.11539e-38 3
-0.0342433 0.249857 0.932133 1.16159e-38 3
-0.0188985 0.244047 0.910456 1.00486e-38 3
-0.0043501 0.244047 0.910456 8.29761e-39 3
0.0100811 0.241241 0.899991 8.94369e-39 3
0.0224023 0.220926 0.824202 1.04181e-38 3
0.0341351 0.212 0.790901 9.86457e-39 3
0.0482348 0.218625 0.815617 1.2723e-38 3
0.0600174 0.214163 0.798972 1.11564e-38 3
0.0750828 0.220926 0.824202 1.12486e-38 3
0.0911308 0.228131 0.851078 1.1433e-38 3
0.114705 0.249857 0.932133 1.16174e-38 3
0.136079 0.26235 0.97874 1.11571e-38 3
0.170951 0.295606 1.10281 1.19869e-38 3
0.209198 0.327938 1.22343 1.18025e-38 3
0.248133 0.355729 1.32711 1.07883e-38 3
0.269339 0.355729 1.32711 1.09716e-38 3
0.290545 0.355729 1.32711 1.13404e-38 3
0.367867 0.41976 1.56598 1.13408e-38 3
0.311973 0.27984 1.04399 1.23549e-38 3
0.316015 0.269077 1.00384 1.23553e-38 3
0.332055 0.269077 1.00384 1.31847e-38 3
0.359622 0.277987 1.03708 1.1433e-38 3
0.378702 0.27984 1.04399 1.16174e-38 3
0.380177 0.269077 1.00384 1.10642e-38 3
0.396217 0.269077 1.00384 1.2356e-38 3
0.412258 0.269077 1.00384 1.22638e-38 3
0.428299 0.269077 1.00384 1.22635e-38 3
0.444339 0.269077 1.00384 8.57564e-39 3
0.44887 0.26235 0.97874 9.40611e-39 3
0.46451 0.26235 0.97874 1.06961e-38 3
0.480149 0.26235 0.97874 1.05117e-38 3
0.502065 0.265671 0.991129 1.04185e-38 3
0.524542 0.269077 1.00384 1.0511e-38 3
0.540582 0.269077 1.00384 1.08791e-38 3
0.516864 0.249857 0.932133 1.09713e-38 3
0.513422 0.241241 0.899991 1.16181e-38 3
0.513061 0.234503 0.874851 1.1527e-38 3
0.521216 0.231912 0.865185 1.06039e-38 3
0.538014 0.2332 0.869991 1.1156e-38 3
0.551916 0.2332 0.869991 1.18932e-38 3
0.568978 0.234503 0.874851 9.49615e-39 3
0.586233 0.23582 0.879766 1.07869e-38 3
0.600291 0.23582 0.879766 1.04185e-38 3
0.650917 0.249857 0.932133 9.31212e-39 3
0.847397 0.318 1.18635 9.58871e-39 3
0.872968 0.320428 1.19541 9.68127e-39 3
0.892069 0.320428 1.19541 9.03482e-39 3
0.925298 0.325395 1.21394 9.77238e-39 3
0.944696 0.325395 1.21394 9.77274e-39 3
0.987048 0.333143 1.24284 9.77274e-39 3
0.991175 0.327938 1.22343 9.86494e-39 3
1.01072 0.327938 1.22343 7.65224e-39 3
0.999053 0.318 1.18635 8.20469e-39 3
1.00282 0.313254 1.16864 6.63737e-39 3
1.02149 0.313254 1.16864 5.99272e-39 3
1.05592 0.318 1.18635 7.19198e-39 3
1.09142 0.322892 1.2046 4.88708e-39 3
1.12802 0.327938 1.22343 5.43991e-39 3
1.14757 0.327938 1.22343 5.34699e-39 3
1.16712 0.327938 1.22343 5.07041e-39 3
1.43296 0.396 1.47734 4.05589e-39 3
1.42959 0.388667 1.44999 4.88601e-39 3
1.30749 0.3498 1.30499 5.52994e-39 3
1.35085 0.355729 1.32711 4.88458e-39 3
1.44556 0.374786 1.3982 5.62142e-39 3
1.91169 0.488093 1.82091 6.08312e-39 3
-1.01747 0.327047 1.15146 5.62393e-39 3
-0.984593 0.322307 1.13477 5.25587e-39 3
-0.952653 0.317702 1.11856 4.88673e-39 3
-0.884251 0.300529 1.0581 5.71685e-39 3
-0.833551 0.28882 1.01687 4.70198e-39 3
-0.786653 0.27799 0.97874 6.73028e-39 3
-0.771014 0.27799 0.97874 6.91503e-39 3
-0.764936 0.281509 0.991129 6.36185e-39 3
-0.758702 0.285118 1.00384 5.71648e-39 3
-0.780468 0.353003 1.24284 8.02138e-39 3
-0.715198 0.331928 1.16864 6.63844e-39 3
-0.696524 0.331928 1.16864 7.19198e-39 3
-0.701029 0.353003 1.24284 8.38981e-39 3
-0.692156 0.358696 1.26289 8.94298e-39 3
-0.671975 0.358696 1.26289 8.02174e-39 3
-0.259452 0.182288 0.641797 1.02337e-38 3
-0.249197 0.182288 0.641797 8.85078e-39 3
-0.271924 0.22693 0.798972 9.68126e-39 3
-0.259157 0.22693 0.798972 8.8515e-39 3
-0.262459 0.24173 0.851078 9.12736e-39 3
-0.248859 0.24173 0.851078 1.17996e-38 3
-0.217526 0.223509 0.786927 1.18893e-38 3
-0.202913 0.221285 0.779097 1.30849e-38 3
-0.18584 0.215914 0.760186 1.1886e-38 3
-0.169577 0.210798 0.742173 1.25318e-38 3
-0.156237 0.208818 0.735204 1.27165e-38 3
-0.144489 0.208818 0.735204 1.3636e-38 3
-0.132741 0.208818 0.735204 1.28973e-38 3
-0.10976 0.209804 0.738672 1.32679e-38 3
-0.0985136 0.27799 0.97874 1.19797e-38 3
-0.082874 0.27799 0.97874 1.05985e-38 3
-0.0672345 0.27799 0.97874 8.20217e-39 3
-0.050958 0.274558 0.966657 7.55789e-39 3
-0.0342433 0.264752 0.932133 8.01958e-39 3
-0.0188985 0.258595 0.910456 8.0203e-39 3
-0.0043001 0.255623 0.899991 8.94298e-39 3
0.00996653 0.252718 0.889764 1.0972e-38 3
0.0236469 0.247102 0.869991 9.77273e-39 3
0.0337938 0.222392 0.782992 1.34602e-38 3
0.0482348 0.231658 0.815617 1.30925e-38 3
0.0585244 0.221285 0.779097 1.01422e-38 3
0.0727844 0.22693 0.798972 1.20783e-38 3
0.0891918 0.236587 0.83297 1.26315e-38 3
0.10473 0.24173 0.851078 9.86565e-39 3
0.123709 0.252718 0.889764 1.00508e-38 3
0.139512 0.255623 0.899991 1.20791e-38 3
0.161309 0.267942 0.943364 1.10656e-38 3
0.221816 0.336957 1.18635 1.14341e-38 3
0.237179 0.331928 1.16864 1.19869e-38 3
0.182364 0.236587 0.83297 1.12482e-38 3
0.195674 0.236587 0.83297 1.1617e-38 3
0.339101 0.322307 1.13477 1.44754e-38 3
0.357234 0.322307 1.13477 1.38301e-38 3
0.352385 0.302574 1.0653 1.46595e-38 3
0.369408 0.302574 1.0653 1.27237e-38 3
0.383819 0.300529 1.0581 1.27237e-38 3
0.400727 0.300529 1.0581 1.27237e-38 3
0.386312 0.27799 0.97874 1.12497e-38 3
0.396989 0.274558 0.966657 1.18028e-38 3
0.397706 0.264752 0.932133 1.21713e-38 3
0.412601 0.264752 0.932133 1.11571e-38 3
0.417554 0.258595 0.910456 1.23557e-38 3
0.427135 0.255623 0.899991 1.17103e-38 3
0.44665 0.258595 0.910456 1.18025e-38 3
0.466625 0.261637 0.921167 1.10649e-38 3
0.487075 0.264752 0.932133 9.68126e-39 3
0.501969 0.264752 0.932133 1.08791e-38 3
0.523091 0.267942 0.943364 1.11557e-38 3
0.52243 0.260107 0.91578 9.68162e-39 3
0.515943 0.249878 0.879766 1.00508e-38 3
0.524112 0.247102 0.869991 1.06961e-38 3
0.547133 0.25129 0.884737 1.04185e-38 3
0.554999 0.248482 0.874851 1.07869e-38 3
0.568978 0.248482 0.874851 9.95713e-39 3
0.570216 0.243051 0.855729 8.75858e-39 3
0.58389 0.243051 0.855729 1.01419e-38 3
0.628472 0.255623 0.899991 1.06029e-38 3
0.822474 0.327047 1.15146 9.49651e-39 3
0.866354 0.336957 1.18635 9.21993e-39 3
0.885311 0.336957 1.18635 9.03482e-39 3
0.904268 0.336957 1.18635 8.75823e-39 3
0.923225 0.336957 1.18635 8.5742e-39 3
0.987048 0.353003 1.24284 8.38981e-39 3
0.991175 0.347487 1.22343 7.56004e-39 3
1.01072 0.347487 1.22343 9.12737e-39 3
1.03027 0.347487 1.22343 9.67983e-39 3
1.05592 0.336957 1.18635 7.65296e-39 3
1.10847 0.347487 1.22343 8.39052e-39 3
1.12802 0.347487 1.22343 7.56076e-39 3
1.14757 0.347487 1.22343 6.17747e-39 3
1.16712 0.347487 1.22343 5.2548e-39 3
1.18667 0.347487 1.22343 4.88601e-39 3
1.44295 0.415685 1.46354 4.97785e-39 3
1.22577 0.347487 1.22343 6.26751e-39 3
1.26508 0.353003 1.24284 5.80653e-39 3
1.34919 0.370653 1.30499 5.89801e-39 3
-0.999072 0.345446 1.15146 5.71613e-39 3
-0.786653 0.293629 0.97874 6.45369e-39 3
-0.780773 0.297346 0.991129 6.08526e-39 3
-0.492492 0.213548 0.711811 6.82248e-39 3
-0.485532 0.215508 0.718341 8.85078e-39 3
-0.478442 0.217503 0.724993 7.65259e-39 3
-0.466858 0.217503 0.724993 6.17782e-39 3
-0.463863 0.221607 0.738672 8.20541e-39 3
-0.499149 0.244691 0.815617 5.53173e-39 3
-0.27885 0.199071 0.663553 1.04192e-38 3
-0.267115 0.198231 0.660753 1.07876e-38 3
-0.256557 0.198231 0.660753 9.31176e-39 3
-0.2513 0.202503 0.674993 9.86493e-39 3
-0.277609 0.233735 0.779097 9.95713e-39 3
-0.269177 0.237276 0.790901 8.57419e-39 3
-0.259157 0.239697 0.798972 8.66639e-39 3
-0.251523 0.244691 0.815617 1.07869e-38 3
-0.236031 0.242168 0.807208 1.06933e-38 3
-0.217526 0.236084 0.786927 1.03227e-38 3
-0.203927 0.234903 0.782992 6.17243e-39 3
-0.18584 0.228061 0.760186 1.03209e-38 3
-0.170385 0.223717 0.745707 9.2156e-39 3
-0.156974 0.221607 0.738672 8.47804e-39 3
-0.145858 0.222657 0.742173 1.05967e-38 3
-0.133999 0.222657 0.742173 8.47697e-39 3
-0.12214 0.222657 0.742173 1.0322e-38 3
-0.100453 0.355914 1.18635 9.03445e-39 3
-0.0757572 0.33085 1.10281 9.58727e-39 3
-0.0522481 0.297346 0.991129 1.00486e-38 3
-0.0364106 0.297346 0.991129 9.3114e-39 3
-0.0191208 0.276357 0.921167 1.01415e-38 3
-0.0043001 0.270004 0.899991 1.06951e-38 3
0.00996653 0.266936 0.889764 1.2723e-38 3
0.0226406 0.249897 0.83297 1.3645e-38 3
0.0352019 0.244691 0.815617 1.33684e-38 3
0.0467732 0.237276 0.790901 1.14323e-38 3
0.0579478 0.231432 0.771421 9.77346e-39 3
0.0727844 0.239697 0.798972 9.95785e-39 3
0.088253 0.247267 0.824202 1.0972e-38 3
0.102502 0.249897 0.83297 1.1433e-38 3
0.11963 0.258136 0.860431 1.12486e-38 3
0.133379 0.258136 0.860431 1.23549e-38 3
0.147128 0.258136 0.860431 1.18947e-38 3
0.157418 0.252584 0.841927 1.21713e-38 3
0.165531 0.244691 0.815617 1.23557e-38 3
0.173153 0.237276 0.790901 1.28166e-38 3
0.183933 0.234903 0.782992 1.00508e-38 3
0.192593 0.230297 0.767639 1.18947e-38 3
0.204859 0.230297 0.767639 1.17092e-38 3
0.217126 0.230297 0.767639 1.21702e-38 3
0.362242 0.328536 1.09509 1.28159e-38 3
0.379741 0.328536 1.09509 1.28159e-38 3
0.383819 0.317437 1.0581 1.31843e-38 3
0.400727 0.317437 1.0581 1.27237e-38 3
0.363588 0.276357 0.921167 1.20791e-38 3
0.369611 0.270004 0.899991 1.21713e-38 3
0.359218 0.252584 0.841927 1.05117e-38 3
0.361026 0.244691 0.815617 1.05117e-38 3
0.374058 0.244691 0.815617 1.08794e-38 3
0.387091 0.244691 0.815617 1.08794e-38 3
0.400124 0.244691 0.815617 1.15248e-38 3
0.413157 0.244691 0.815617 1.1617e-38 3
0.42619 0.244691 0.815617 1.06032e-38 3
0.439223 0.244691 0.815617 1.19862e-38 3
0.452256 0.244691 0.815617 1.1894e-38 3
0.513422 0.270004 0.899991 1.1617e-38 3
0.533941 0.273143 0.910456 1.18014e-38 3
0.548489 0.273143 0.910456 1.1156e-38 3
0.573032 0.277992 0.926618 1.01415e-38 3
0.574247 0.271565 0.905193 1.04181e-38 3
0.585328 0.270004 0.899991 1.01415e-38 3
0.543487 0.244691 0.815617 9.77274e-39 3
0.55652 0.244691 0.815617 9.21993e-39 3
0.587925 0.252584 0.841927 1.1156e-38 3
0.690472 0.290004 0.966657 9.03553e-39 3
0.840873 0.345446 1.15146 9.58871e-39 3
0.885311 0.355914 1.18635 8.85115e-39 3
0.904268 0.355914 1.18635 8.20506e-39 3
0.923225 0.355914 1.18635 8.85078e-39 3
0.956677 0.36139 1.2046 8.29761e-39 3
0.991175 0.367036 1.22343 7.09906e-39 3
1.01072 0.367036 1.22343 8.29761e-39 3
1.06351 0.378876 1.26289 7.37493e-39 3
1.08892 0.367036 1.22343 7.46821e-39 3
1.20241 0.398141 1.32711 8.8515e-39 3
1.22362 0.398141 1.32711 7.00759e-39 3
1.24482 0.398141 1.32711 7.28346e-39 3
1.20477 0.378876 1.26289 8.29725e-39 3
1.18667 0.367036 1.22343 7.92847e-39 3
1.20622 0.367036 1.22343 7.83591e-39 3
1.20691 0.36139 1.2046 6.45298e-39 3
1.24532 0.367036 1.22343 5.25336e-39 3
1.26487 0.367036 1.22343 5.07005e-39 3
1.49459 0.427097 1.42362 5.62358e-39 3
-0.503866 0.224923 0.711811 8.11322e-39 3
-0.490263 0.223905 0.70859 8.02174e-39 3
-0.483315 0.22595 0.715061 6.3615e-39 3
-0.476238 0.228032 0.721652 7.00687e-39 3
-0.466858 0.229088 0.724993 8.02102e-39 3
-0.468281 0.235633 0.745707 8.2976e-39 3
-0.460753 0.237899 0.752877 5.90052e-39 3
-0.448722 0.237899 0.752877 8.11393e-39 3
-0.328216 0.214212 0.677915 9.40467e-39 3
-0.314659 0.212373 0.672096 9.49687e-39 3
-0.301333 0.210566 0.666376 1.0143e-38 3
-0.289453 0.209674 0.663553 9.31284e-39 3
-0.27885 0.209674 0.663553 9.77346e-39 3
-0.268247 0.209674 0.663553 1.08798e-38 3
-0.257644 0.209674 0.663553 9.77274e-39 3
-0.2513 0.213289 0.674993 6.91467e-39 3
-0.242606 0.215143 0.680863 1.06947e-38 3
-0.269177 0.249914 0.790901 8.482e-39 3
-0.260486 0.253759 0.803069 1.06025e-38 3
-0.251523 0.257724 0.815617 8.66639e-39 3
-0.236031 0.255067 0.807208 7.65224e-39 3
-0.217526 0.248658 0.786927 1.03245e-38 3
-0.203927 0.247415 0.782992 6.35934e-39 3
-0.18584 0.240209 0.760186 1.05085e-38 3
-0.168777 0.23341 0.738672 1.07854e-38 3
-0.156974 0.23341 0.738672 9.58763e-39 3
-0.145858 0.234517 0.742173 1.12457e-38 3
-0.133367 0.23341 0.738672 1.06007e-38 3
-0.121564 0.23341 0.738672 1.13393e-38 3
-0.0814964 0.374871 1.18635 1.15252e-38 3
-0.0589657 0.35345 1.11856 1.24464e-38 3
-0.0200651 0.305451 0.966657 1.29085e-38 3
-0.00440128 0.291076 0.921167 1.1433e-38 3
0.00996653 0.281153 0.889764 1.13408e-38 3
0.0221689 0.257724 0.815617 1.20783e-38 3
0.0341351 0.249914 0.790901 1.38293e-38 3
0.0449567 0.240209 0.760186 1.06947e-38 3
0.0571039 0.240209 0.760186 1.15252e-38 3
0.0706225 0.244965 0.77524 1.32769e-38 3
0.0855513 0.252464 0.798972 1.38304e-38 3
0.102502 0.263207 0.83297 1.19858e-38 3
0.11963 0.271885 0.860431 1.41988e-38 3
0.133379 0.271885 0.860431 1.25393e-38 3
0.145529 0.268929 0.851078 1.27244e-38 3
0.152498 0.257724 0.815617 1.30932e-38 3
0.163825 0.255067 0.807208 1.24482e-38 3
0.173153 0.249914 0.790901 1.2356e-38 3
0.182112 0.244965 0.77524 1.254e-38 3
0.192593 0.242564 0.767639 1.25401e-38 3
0.20287 0.240209 0.760186 1.35531e-38 3
0.21295 0.237899 0.752877 1.09716e-38 3
0.224981 0.237899 0.752877 1.23546e-38 3
0.312052 0.29809 0.943364 1.3646e-38 3
0.246832 0.224923 0.711811 1.43832e-38 3
0.330263 0.287692 0.910456 1.23546e-38 3
0.344812 0.287692 0.910456 1.36453e-38 3
0.30599 0.244965 0.77524 1.41985e-38 3
0.318377 0.244965 0.77524 1.25393e-38 3
0.327522 0.242564 0.767639 1.18018e-38 3
0.33649 0.240209 0.760186 1.36453e-38 3
0.348637 0.240209 0.760186 1.22624e-38 3
0.364321 0.242564 0.767639 1.12482e-38 3
0.376588 0.242564 0.767639 1.07873e-38 3
0.385079 0.240209 0.760186 1.26312e-38 3
0.397226 0.240209 0.760186 1.19858e-38 3
0.409373 0.240209 0.760186 1.18018e-38 3
0.429867 0.244965 0.77524 1.19862e-38 3
0.446678 0.247415 0.782992 1.30003e-38 3
0.540223 0.291076 0.921167 1.22624e-38 3
0.558226 0.292799 0.926618 1.28156e-38 3
0.583388 0.29809 0.943364 1.30003e-38 3
0.587839 0.292799 0.926618 1.15252e-38 3
0.585328 0.284385 0.899991 1.11564e-38 3
0.535125 0.253759 0.803069 1.005e-38 3
0.534259 0.247415 0.782992 1.02341e-38 3
0.54405 0.246184 0.779097 1.09716e-38 3
0.5565 0.246184 0.779097 1.02341e-38 3
0.840873 0.363846 1.15146 1.14326e-38 3
0.872098 0.369276 1.16864 9.31212e-39 3
0.890772 0.369276 1.16864 9.21921e-39 3
0.909446 0.369276 1.16864 8.75823e-39 3
0.942182 0.374871 1.18635 9.86458e-39 3
0.975926 0.380638 1.2046 9.68019e-39 3
1.04333 0.399056 1.26289 8.48164e-39 3
1.06351 0.399056 1.26289 7.74372e-39 3
1.22362 0.419347 1.32711 7.83699e-39 3
1.36008 0.458176 1.44999 8.75895e-39 3
1.26603 0.419347 1.32711 7.65188e-39 3
1.18667 0.386586 1.22343 7.19091e-39 3
1.01576 0.325546 1.03025 8.02067e-39 3
1.01882 0.321318 1.01687 8.57348e-39 3
1.03507 0.321318 1.01687 8.38909e-39 3
1.09394 0.334345 1.0581 7.46749e-39 3
1.20886 0.363846 1.15146 6.08456e-39 3
-0.506167 0.237376 0.715061 7.00723e-39 3
-0.494741 0.237376 0.715061 7.00759e-39 3
-0.483315 0.237376 0.715061 7.37637e-39 3
-0.474053 0.238465 0.718341 6.54589e-39 3
-0.464706 0.239564 0.721652 6.82248e-39 3
-0.468281 0.247549 0.745707 6.63809e-39 3
-0.456365 0.247549 0.745707 8.75858e-39 3
-0.434113 0.241792 0.728365 8.20577e-39 3
-0.434603 0.248734 0.749275 8.57456e-39 3
-0.360714 0.225045 0.677915 1.08791e-38 3
-0.351403 0.226023 0.680863 9.31139e-39 3
-0.340523 0.226023 0.680863 1.10635e-38 3
-0.326802 0.224075 0.674993 9.58834e-39 3
-0.314659 0.223113 0.672096 1.005e-38 3
-0.301333 0.221214 0.666376 9.95785e-39 3
-0.289453 0.220277 0.663553 8.20613e-39 3
-0.277674 0.219347 0.660753 1.02344e-38 3
-0.267115 0.219347 0.660753 1.08798e-38 3
-0.257644 0.220277 0.663553 1.06025e-38 3
-0.250222 0.223113 0.672096 1.07869e-38 3
-0.239482 0.223113 0.672096 1.02341e-38 3
-0.237933 0.232077 0.6991 7.56004e-39 3
-0.24188 0.247549 0.745707 1.16166e-38 3
-0.239071 0.257353 0.77524 7.65295e-39 3
-0.225567 0.256085 0.771421 1.05114e-38 3
-0.21324 0.256085 0.771421 1.2262e-38 3
-0.197988 0.252356 0.760186 1.26312e-38 3
-0.178893 0.242922 0.731768 1.0049e-38 3
-0.1672 0.242922 0.731768 1.2539e-38 3
-0.154067 0.240673 0.724993 1.19861e-38 3
-0.143814 0.242922 0.731768 1.00493e-38 3
-0.131506 0.241792 0.728365 1.16163e-38 3
-0.119867 0.241792 0.728365 1.11557e-38 3
-0.107728 0.240673 0.724993 1.12479e-38 3
-0.0965899 0.241792 0.728365 1.17096e-38 3
-0.0857488 0.244063 0.735204 9.86637e-39 3
-0.103593 0.406135 1.22343 1.06961e-38 3
-0.0814964 0.393828 1.18635 1.01422e-38 3
-0.0211074 0.337567 1.01687 1.27241e-38 3
-0.00450733 0.313165 0.943364 1.23564e-38 3
0.0100811 0.298766 0.899991 1.26326e-38 3
0.0217165 0.265231 0.798972 1.24482e-38 3
0.0331312 0.25483 0.767639 1.25393e-38 3
0.0443114 0.248734 0.749275 1.32765e-38 3
0.0560162 0.247549 0.745707 1.29077e-38 3
0.0685853 0.249929 0.752877 1.37382e-38 3
0.08023 0.248734 0.749275 1.48442e-38 3
0.101423 0.273607 0.824202 1.29999e-38 3
0.12096 0.288807 0.869991 1.30929e-38 3
0.133379 0.285634 0.860431 1.24471e-38 3
0.143964 0.279491 0.841927 1.30939e-38 3
0.152498 0.270757 0.815617 1.22638e-38 3
0.162153 0.265231 0.798972 1.52141e-38 3
0.171422 0.259927 0.782992 1.35546e-38 3
0.182112 0.257353 0.77524 1.36464e-38 3
0.192593 0.25483 0.767639 1.29088e-38 3
0.197129 0.245214 0.738672 1.30921e-38 3
0.203182 0.238465 0.718341 1.35531e-38 3
0.21466 0.238465 0.718341 1.32765e-38 3
0.222064 0.234168 0.705398 1.24468e-38 3
0.231253 0.232077 0.6991 1.23549e-38 3
0.242424 0.232077 0.6991 1.44754e-38 3
0.253595 0.232077 0.6991 1.30921e-38 3
0.264766 0.232077 0.6991 1.39219e-38 3
0.275937 0.232077 0.6991 1.36453e-38 3
0.289695 0.234168 0.705398 1.27234e-38 3
0.303703 0.236297 0.711811 1.22624e-38 3
0.317967 0.238465 0.718341 1.27237e-38 3
0.329446 0.238465 0.718341 1.29078e-38 3
0.347297 0.242922 0.731768 1.23546e-38 3
0.35899 0.242922 0.731768 1.23546e-38 3
0.363882 0.238465 0.718341 1.06029e-38 3
0.348206 0.221214 0.666376 1.17092e-38 3
0.357334 0.220277 0.663553 1.36453e-38 3
0.366385 0.219347 0.660753 1.1894e-38 3
0.376943 0.219347 0.660753 1.18014e-38 3
0.445815 0.252356 0.760186 1.33691e-38 3
0.39806 0.219347 0.660753 1.28159e-38 3
0.406901 0.218426 0.657977 1.18025e-38 3
0.496724 0.259927 0.782992 1.27248e-38 3
0.527705 0.269354 0.811391 1.16188e-38 3
0.529693 0.263885 0.794916 1.18947e-38 3
0.51371 0.249929 0.752877 1.09727e-38 3
0.520734 0.247549 0.745707 1.22624e-38 3
0.469985 0.218426 0.657977 1.14326e-38 3
0.474518 0.215707 0.649786 1.14326e-38 3
1.36214 0.490428 1.47734 6.91612e-39 3
1.38575 0.490428 1.47734 8.39053e-39 3
1.16712 0.406135 1.22343 6.26967e-39 3
0.9993 0.342009 1.03025 6.45442e-39 3
0.989718 0.333239 1.00384 7.00687e-39 3
0.980614 0.324908 0.97874 7.55969e-39 3
0.996254 0.324908 0.97874 7.19055e-39 3
1.01189 0.324908 0.97874 7.37494e-39 3
-0.50604 0.243248 0.6991 6.82284e-39 3
-0.494869 0.243248 0.6991 6.82284e-39 3
-0.49701 0.249943 0.718341 6.36186e-39 3
-0.487769 0.251095 0.721652 4.70198e-39 3
-0.482914 0.254615 0.731768 7.00615e-39 3
-0.471221 0.254615 0.731768 5.43882e-39 3
-0.472783 0.26196 0.752877 6.63737e-39 3
-0.465226 0.264503 0.760186 7.56004e-39 3
-0.416671 0.243248 0.6991 8.20541e-39 3
-0.401911 0.241096 0.692913 9.6809e-39 3
-0.351911 0.217082 0.623898 8.29833e-39 3
-0.341941 0.217082 0.623898 1.07869e-38 3
-0.338719 0.221494 0.636579 9.86493e-39 3
-0.341024 0.229906 0.660753 8.11285e-39 3
-0.331866 0.23088 0.663553 9.95712e-39 3
-0.324008 0.232853 0.669224 1.06032e-38 3
-0.314659 0.233853 0.672096 1.11564e-38 3
-0.302621 0.232853 0.669224 9.77418e-39 3
-0.289453 0.23088 0.663553 1.23557e-38 3
-0.27885 0.23088 0.663553 1.19862e-38 3
-0.268247 0.23088 0.663553 1.26308e-38 3
-0.258741 0.231862 0.666376 1.26308e-38 3
-0.252388 0.235877 0.677915 1.07869e-38 3
-0.241556 0.235877 0.677915 1.20776e-38 3
-0.231726 0.236903 0.680863 1.29999e-38 3
-0.225754 0.242167 0.695993 1.14326e-38 3
-0.216558 0.244339 0.702235 9.22063e-39 3
-0.208137 0.247671 0.711811 1.06954e-38 3
-0.204188 0.257017 0.738672 8.94298e-39 3
-0.191481 0.255811 0.735204 1.12479e-38 3
-0.177237 0.252258 0.724993 1.30921e-38 3
-0.164888 0.251095 0.721652 1.10638e-38 3
-0.153357 0.251095 0.721652 1.11557e-38 3
-0.142482 0.252258 0.724993 1.16174e-38 3
-0.130897 0.252258 0.724993 1.17088e-38 3
-0.118763 0.251095 0.721652 1.1433e-38 3
-0.106739 0.249943 0.718341 1.16181e-38 3
-0.0956996 0.251095 0.721652 1.12493e-38 3
-0.0841682 0.251095 0.721652 1.10649e-38 3
-0.0726367 0.251095 0.721652 1.19872e-38 3
0.00894953 0.277998 0.798972 1.17114e-38 3
0.0212822 0.272438 0.782992 1.2356e-38 3
0.0331312 0.267096 0.767639 1.25393e-38 3
0.0432761 0.254615 0.731768 1.17092e-38 3
0.0525152 0.243248 0.6991 1.22606e-38 3
0.0636863 0.243248 0.6991 1.27226e-38 3
0.0748574 0.243248 0.6991 1.39215e-38 3
0.128075 0.320516 0.921167 1.56736e-38 3
0.145529 0.296129 0.851078 1.46598e-38 3
0.144949 0.269741 0.77524 1.32772e-38 3
0.155794 0.267096 0.767639 1.32769e-38 3
0.16806 0.267096 0.767639 1.2078e-38 3
0.176859 0.26196 0.752877 1.45687e-38 3
0.185325 0.257017 0.738672 1.31854e-38 3
0.191703 0.249943 0.718341 1.30921e-38 3
0.199521 0.24544 0.705398 1.2539e-38 3
0.208911 0.243248 0.6991 1.4291e-38 3
0.218134 0.241096 0.692913 1.43832e-38 3
0.229206 0.241096 0.692913 1.29081e-38 3
0.238171 0.238981 0.686835 1.40141e-38 3
0.251351 0.241096 0.692913 1.29081e-38 3
0.260121 0.238981 0.686835 1.4107e-38 3
0.271096 0.238981 0.686835 1.29085e-38 3
0.279618 0.236903 0.680863 1.27237e-38 3
0.290498 0.236903 0.680863 1.30003e-38 3
0.304022 0.238981 0.686835 1.34613e-38 3
0.320622 0.243248 0.6991 1.37372e-38 3
0.331793 0.243248 0.6991 1.40141e-38 3
0.342964 0.243248 0.6991 1.22635e-38 3
0.354135 0.243248 0.6991 1.05103e-38 3
0.345268 0.229906 0.660753 1.22624e-38 3
0.354331 0.22894 0.657977 1.17096e-38 3
0.360304 0.22609 0.649786 1.30925e-38 3
0.367636 0.224229 0.644438 1.27234e-38 3
0.38107 0.22609 0.649786 1.06039e-38 3
0.391453 0.22609 0.649786 1.14337e-38 3
0.398529 0.224229 0.644438 1.21713e-38 3
0.473071 0.259465 0.745707 1.15266e-38 3
0.484986 0.259465 0.745707 1.19869e-38 3
0.496902 0.259465 0.745707 1.21713e-38 3
0.499307 0.254615 0.731768 1.19858e-38 3
0.444529 0.221494 0.636579 1.23546e-38 3
0.447426 0.217951 0.626394 1.06951e-38 3
0.457435 0.217951 0.626394 1.1156e-38 3
0.475045 0.221494 0.636579 1.13404e-38 3
0.487198 0.222399 0.639177 1.06029e-38 3
0.957637 0.34928 1.00384 9.40432e-39 3
0.973677 0.34928 1.00384 7.92919e-39 3
0.964975 0.340548 0.97874 7.09907e-39 3
0.980614 0.340548 0.97874 7.09871e-39 3
0.996254 0.340548 0.97874 8.1125e-39 3
1.01189 0.340548 0.97874 6.08456e-39 3
-0.530087 0.249956 0.686835 7.65223e-39 3
-0.519112 0.249956 0.686835 5.53174e-39 3
-0.512634 0.252168 0.692913 5.62429e-39 3
-0.50604 0.25442 0.6991 7.46821e-39 3
-0.494869 0.25442 0.6991 6.17819e-39 3
-0.483697 0.25442 0.6991 5.99308e-39 3
-0.472526 0.25442 0.6991 4.88637e-39 3
-0.482914 0.266308 0.731768 5.80761e-39 3
-0.471221 0.266308 0.731768 7.46785e-39 3
-0.442968 0.256712 0.705398 5.99272e-39 3
-0.431696 0.256712 0.705398 7.46821e-39 3
-0.354883 0.216692 0.595431 9.31212e-39 3
-0.350702 0.220038 0.604627 1.03266e-38 3
-0.342363 0.220891 0.606971 9.86565e-39 3
-0.336578 0.22349 0.614111 8.7593e-39 3
-0.331972 0.227052 0.623898 8.02102e-39 3
-0.323291 0.22796 0.626394 1.02337e-38 3
-0.322306 0.234527 0.644438 9.86493e-39 3
-0.321263 0.241483 0.663553 9.49615e-39 3
-0.313315 0.243547 0.669224 1.10642e-38 3
-0.301333 0.242511 0.666376 1.10638e-38 3
-0.28582 0.238452 0.655223 1.16166e-38 3
-0.274203 0.237458 0.652493 1.22624e-38 3
-0.262682 0.236473 0.649786 1.17088e-38 3
-0.251256 0.235496 0.647101 1.16166e-38 3
-0.260275 0.25442 0.6991 1.2262e-38 3
-0.239482 0.244592 0.672096 1.26308e-38 3
-0.228743 0.244592 0.672096 1.35528e-38 3
-0.218943 0.245646 0.674993 9.40395e-39 3
-0.208157 0.245646 0.674993 1.07876e-38 3
-0.197371 0.245646 0.674993 1.15252e-38 3
-0.189029 0.248865 0.683836 1.06032e-38 3
-0.180467 0.252168 0.692913 1.15255e-38 3
-0.173227 0.257873 0.70859 1.30929e-38 3
-0.16264 0.259045 0.711811 1.04188e-38 3
-0.151956 0.260228 0.715061 1.02344e-38 3
-0.141825 0.262627 0.721652 1.08802e-38 3
-0.130294 0.262627 0.721652 1.40141e-38 3
-0.117678 0.260228 0.715061 1.19862e-38 3
-0.106252 0.260228 0.715061 1.11564e-38 3
-0.0952606 0.261422 0.718341 1.18021e-38 3
-0.0837821 0.261422 0.718341 1.13415e-38 3
-0.0700541 0.253289 0.695993 1.17096e-38 3
-0.0581572 0.249956 0.686835 1.35528e-38 3
-0.00305395 0.232612 0.639177 1.08809e-38 3
0.00690594 0.22437 0.616529 1.10646e-38 3
0.017163 0.229798 0.631445 1.1894e-38 3
0.0296437 0.249956 0.686835 1.07869e-38 3
0.0413441 0.25442 0.6991 1.30918e-38 3
0.0525152 0.25442 0.6991 1.34606e-38 3
0.140768 0.27399 0.752877 1.33691e-38 3
0.145789 0.261422 0.718341 1.30925e-38 3
0.157268 0.261422 0.718341 1.17096e-38 3
0.162773 0.252168 0.692913 1.10653e-38 3
0.170822 0.247782 0.680863 1.254e-38 3
0.177082 0.241483 0.663553 1.27237e-38 3
0.181531 0.233565 0.641797 1.24468e-38 3
0.188693 0.229798 0.631445 1.4752e-38 3
0.197193 0.22796 0.626394 1.33691e-38 3
0.205558 0.226151 0.621422 1.1894e-38 3
0.217212 0.22796 0.626394 1.4291e-38 3
0.227221 0.22796 0.626394 1.11564e-38 3
0.239144 0.229798 0.631445 1.27237e-38 3
0.24724 0.22796 0.626394 1.15252e-38 3
0.259324 0.229798 0.631445 1.34613e-38 3
0.269414 0.229798 0.631445 1.38301e-38 3
0.284086 0.233565 0.641797 1.40145e-38 3
0.304319 0.241483 0.663553 1.30918e-38 3
0.314922 0.241483 0.663553 1.21709e-38 3
0.331137 0.245646 0.674993 1.16181e-38 3
0.341923 0.245646 0.674993 1.2078e-38 3
0.352709 0.245646 0.674993 1.36453e-38 3
0.357334 0.241483 0.663553 1.30003e-38 3
0.361805 0.237458 0.652493 1.36457e-38 3
0.367636 0.234527 0.644438 1.21698e-38 3
0.406362 0.252168 0.692913 1.17103e-38 3
0.389835 0.235496 0.647101 1.19869e-38 3
0.396895 0.233565 0.641797 1.21713e-38 3
0.468608 0.268821 0.738672 1.22642e-38 3
0.484986 0.271381 0.745707 1.16181e-38 3
0.492214 0.268821 0.738672 1.21713e-38 3
0.48569 0.259045 0.711811 1.17099e-38 3
0.492586 0.256712 0.705398 1.17092e-38 3
0.443875 0.226151 0.621422 1.18936e-38 3
0.448466 0.22349 0.614111 1.12482e-38 3
0.503712 0.245646 0.674993 1.17096e-38 3
0.505777 0.241483 0.663553 1.04185e-38 3
0.507774 0.237458 0.652493 1.06025e-38 3
0.567891 0.260228 0.715061 1.10631e-38 3
0.949335 0.356187 0.97874 6.63845e-39 3
0.953062 0.35179 0.966657 7.09943e-39 3
0.968508 0.35179 0.966657 6.54554e-39 3
-0.470848 0.22707 0.597704 7.74443e-39 3
-0.520948 0.256432 0.674993 5.53245e-39 3
-0.519112 0.260931 0.686835 5.44026e-39 3
-0.512634 0.26324 0.692913 7.65296e-39 3
-0.50604 0.265591 0.6991 8.29905e-39 3
-0.494869 0.265591 0.6991 4.61122e-39 3
-0.483697 0.265591 0.6991 6.36186e-39 3
-0.472526 0.265591 0.6991 6.73028e-39 3
-0.465512 0.267983 0.705398 1.07869e-38 3
-0.45424 0.267983 0.705398 7.74515e-39 3
-0.364218 0.220342 0.579994 7.65368e-39 3
-0.357599 0.221986 0.584322 1.08798e-38 3
-0.350881 0.223655 0.588716 9.86565e-39 3
-0.345369 0.226206 0.595431 9.86565e-39 3
-0.339729 0.228817 0.602302 8.66818e-39 3
-0.335263 0.232392 0.611713 9.49794e-39 3
-0.330655 0.236081 0.621422 1.0327e-38 3
-0.319907 0.251022 0.660753 9.40395e-39 3
-0.309349 0.251022 0.660753 1.07869e-38 3
-0.29629 0.248922 0.655223 1.15252e-38 3
-0.277687 0.241839 0.636579 1.14323e-38 3
-0.268607 0.242826 0.639177 1.26301e-38 3
-0.257343 0.241839 0.636579 1.25386e-38 3
-0.245178 0.239888 0.631445 1.05103e-38 3
-0.260275 0.265591 0.6991 1.2262e-38 3
-0.231533 0.246856 0.649786 1.28152e-38 3
-0.223 0.248922 0.655223 1.12479e-38 3
-0.214324 0.251022 0.660753 1.02337e-38 3
-0.204629 0.252086 0.663553 9.95712e-39 3
-0.194026 0.252086 0.663553 1.19861e-38 3
-0.184203 0.253159 0.666376 9.86637e-39 3
-0.174297 0.254241 0.669224 1.19876e-38 3
-0.165013 0.256432 0.674993 1.18957e-38 3
-0.155569 0.258662 0.680863 9.86672e-39 3
-0.144689 0.258662 0.680863 1.08798e-38 3
-0.133809 0.258662 0.680863 1.26308e-38 3
-0.12293 0.258662 0.680863 1.20783e-38 3
-0.111565 0.257542 0.677915 1.12486e-38 3
-0.101612 0.259792 0.683836 1.30918e-38 3
-0.0906848 0.259792 0.683836 1.10635e-38 3
-0.0787263 0.256432 0.674993 1.06029e-38 3
-0.0665071 0.251022 0.660753 1.18932e-38 3
-0.0547927 0.245836 0.647101 9.95569e-39 3
-0.0442696 0.244824 0.644438 1.20755e-38 3
-0.0343966 0.247885 0.652493 1.1801e-38 3
-0.0239703 0.247885 0.652493 1.03266e-38 3
-0.0132675 0.242826 0.639177 1.19862e-38 3
-0.00305395 0.242826 0.639177 1.17096e-38 3
0.00685199 0.232392 0.611713 1.04181e-38 3
0.0166267 0.232392 0.611713 9.49615e-39 3
0.0261967 0.23059 0.606971 1.25386e-38 3
0.0358957 0.23059 0.606971 1.19854e-38 3
0.0515939 0.260931 0.686835 1.23549e-38 3
0.115274 0.234222 0.616529 1.35535e-38 3
0.124149 0.232392 0.611713 1.35535e-38 3
0.134978 0.234222 0.616529 1.15252e-38 3
0.143698 0.232392 0.611713 1.3278e-38 3
0.152283 0.23059 0.606971 1.24482e-38 3
0.160736 0.228817 0.602302 1.30003e-38 3
0.17036 0.228817 0.602302 1.1894e-38 3
0.179984 0.228817 0.602302 1.41067e-38 3
0.189609 0.228817 0.602302 1.27237e-38 3
0.199233 0.228817 0.602302 1.37379e-38 3
0.208857 0.228817 0.602302 1.33691e-38 3
0.216814 0.22707 0.597704 1.12486e-38 3
0.228106 0.228817 0.602302 1.30003e-38 3
0.23773 0.228817 0.602302 1.26315e-38 3
0.247355 0.228817 0.602302 1.22627e-38 3
0.260994 0.232392 0.611713 1.30003e-38 3
0.272901 0.234222 0.616529 1.28159e-38 3
0.287277 0.237969 0.626394 1.25393e-38 3
0.30212 0.241839 0.636579 1.31854e-38 3
0.312292 0.241839 0.636579 1.32783e-38 3
0.322464 0.241839 0.636579 1.29088e-38 3
0.345268 0.251022 0.660753 1.29999e-38 3
0.354331 0.249968 0.657977 1.27237e-38 3
0.360304 0.246856 0.649786 1.32769e-38 3
0.366129 0.243821 0.641797 1.26312e-38 3
0.389143 0.252086 0.663553 1.40152e-38 3
0.43676 0.275427 0.724993 1.24478e-38 3
0.470109 0.288798 0.760186 1.18947e-38 3
0.482256 0.288798 0.760186 1.11578e-38 3
0.494404 0.288798 0.760186 1.24486e-38 3
0.496902 0.283297 0.745707 1.26333e-38 3
0.499307 0.278001 0.731768 1.27244e-38 3
0.492586 0.267983 0.705398 1.23557e-38 3
0.490598 0.260931 0.686835 1.19858e-38 3
0.452011 0.235147 0.618966 1.12486e-38 3
0.495174 0.252086 0.663553 1.06032e-38 3
0.493237 0.245836 0.647101 1.29078e-38 3
0.49945 0.243821 0.641797 1.07876e-38 3
0.501484 0.239888 0.631445 1.05107e-38 3
0.503454 0.236081 0.621422 1.04185e-38 3
0.949335 0.371827 0.97874 7.65368e-39 3
0.953062 0.367236 0.966657 6.17855e-39 3
-0.514598 0.269542 0.680863 7.19198e-39 3
-0.512634 0.274312 0.692913 7.56076e-39 3
-0.341884 0.227087 0.573621 7.46856e-39 3
-0.335173 0.228762 0.577854 9.22028e-39 3
-0.338428 0.237527 0.599994 9.59014e-39 3
-0.266432 0.25099 0.634002 1.14315e-38 3
-0.256301 0.25099 0.634002 1.15245e-38 3
-0.243216 0.247978 0.626394 1.24464e-38 3
-0.234143 0.248974 0.628909 1.1801e-38 3
-0.228686 0.254076 0.641797 1.21698e-38 3
-0.218431 0.254076 0.641797 1.25386e-38 3
-0.210767 0.257239 0.649786 1.16166e-38 3
-0.200383 0.257239 0.649786 1.17092e-38 3
-0.189215 0.256176 0.647101 1.02344e-38 3
-0.179617 0.257239 0.649786 1.05114e-38 3
-0.169234 0.257239 0.649786 1.08812e-38 3
-0.16018 0.259392 0.655223 9.86744e-39 3
-0.148468 0.257239 0.649786 1.18036e-38 3
-0.136948 0.255122 0.644438 1.1433e-38 3
-0.126132 0.254076 0.641797 1.21698e-38 3
-0.115876 0.254076 0.641797 1.1433e-38 3
-0.104338 0.25099 0.634002 1.21705e-38 3
-0.0942071 0.25099 0.634002 1.21698e-38 3
-0.0854602 0.255122 0.644438 1.10631e-38 3
-0.0736472 0.249978 0.631445 1.12479e-38 3
-0.0635571 0.249978 0.631445 1.01415e-38 3
-0.0534671 0.249978 0.631445 1.00479e-38 3
-0.0437298 0.252011 0.636579 1.35502e-38 3
-0.033972 0.255122 0.644438 1.38293e-38 3
-0.0235773 0.254076 0.641797 1.27237e-38 3
-0.013107 0.249978 0.631445 1.13408e-38 3
-0.00294574 0.244073 0.616529 1.07876e-38 3
0.00679887 0.240289 0.606971 1.11553e-38 3
0.0163709 0.238441 0.602302 9.21956e-39 3
0.0252193 0.231323 0.584322 1.49357e-38 3
0.0330753 0.221409 0.55928 1.23542e-38 3
0.0405635 0.213775 0.539995 1.24475e-38 3
0.0491922 0.213775 0.539995 1.2356e-38 3
0.0578209 0.213775 0.539995 1.41066e-38 3
0.0669111 0.215259 0.543745 1.43832e-38 3
0.092977 0.215259 0.543745 1.39223e-38 3
0.101666 0.215259 0.543745 1.32769e-38 3
0.111909 0.218291 0.551403 1.30003e-38 3
0.12072 0.218291 0.551403 1.30925e-38 3
0.130449 0.219839 0.555314 1.40155e-38 3
0.141327 0.223002 0.563304 1.30936e-38 3
0.150328 0.223002 0.563304 1.46598e-38 3
0.161656 0.226258 0.571527 1.35535e-38 3
0.170788 0.226258 0.571527 1.25393e-38 3
0.179921 0.226258 0.571527 1.28159e-38 3
0.187683 0.224618 0.567386 1.36457e-38 3
0.193939 0.221409 0.55928 1.24471e-38 3
0.201437 0.219839 0.555314 1.29081e-38 3
0.210311 0.219839 0.555314 1.13408e-38 3
0.219184 0.219839 0.555314 1.31847e-38 3
0.231339 0.223002 0.563304 1.25393e-38 3
0.249308 0.231323 0.584322 1.21705e-38 3
0.262564 0.234828 0.593176 1.29999e-38 3
0.274119 0.236621 0.597704 1.4291e-38 3
0.285852 0.238441 0.602302 1.23564e-38 3
0.300093 0.242167 0.611713 1.20798e-38 3
0.309868 0.242167 0.611713 1.30932e-38 3
0.319643 0.242167 0.611713 1.18014e-38 3
0.329417 0.242167 0.611713 1.27237e-38 3
0.354421 0.253039 0.639177 1.26315e-38 3
0.364635 0.253039 0.639177 1.35531e-38 3
0.370314 0.249978 0.631445 1.35542e-38 3
0.462452 0.303895 0.767639 1.27244e-38 3
0.489103 0.313104 0.790901 1.27244e-38 3
0.501741 0.313104 0.790901 1.2172e-38 3
0.519628 0.316299 0.798972 1.14344e-38 3
0.532395 0.316299 0.798972 1.20798e-38 3
0.518698 0.300945 0.760186 1.22635e-38 3
0.497064 0.281794 0.711811 1.22635e-38 3
0.490598 0.271906 0.686835 1.08794e-38 3
0.492926 0.267218 0.674993 1.20783e-38 3
0.491394 0.249978 0.631445 1.13408e-38 3
0.501484 0.249978 0.631445 1.16174e-38 3
0.495587 0.242167 0.611713 1.18932e-38 3
0.501445 0.240289 0.606971 1.24468e-38 3
0.50334 0.236621 0.597704 1.10628e-38 3
0.497694 0.22961 0.579994 1.19854e-38 3
0.485389 0.219839 0.555314 1.09713e-38 3
0.490782 0.218291 0.551403 1.06951e-38 3
0.503136 0.219839 0.555314 1.06951e-38 3
0.926181 0.378016 0.954868 7.93026e-39 3
-0.339846 0.228713 0.555314 8.66711e-39 3
-0.325563 0.231172 0.561285 8.94441e-39 3
-0.25311 0.248065 0.602302 1.15245e-38 3
-0.251216 0.25594 0.621422 1.19854e-38 3
-0.257644 0.273292 0.663553 1.23542e-38 3
-0.249153 0.275628 0.669224 1.11557e-38 3
-0.238459 0.275628 0.669224 1.16166e-38 3
-0.219329 0.26542 0.644438 1.23542e-38 3
-0.209896 0.266516 0.647101 1.39215e-38 3
-0.197112 0.263253 0.639177 1.37379e-38 3
-0.186139 0.262183 0.636579 9.5887e-39 3
-0.175966 0.262183 0.636579 1.07876e-38 3
-0.164457 0.260068 0.631445 9.95928e-39 3
-0.154367 0.260068 0.631445 1.05125e-38 3
-0.144277 0.260068 0.631445 1.2817e-38 3
-0.134187 0.260068 0.631445 1.13419e-38 3
-0.124097 0.260068 0.631445 1.07876e-38 3
-0.114007 0.260068 0.631445 1.07876e-38 3
-0.1035 0.259024 0.628909 1.2262e-38 3
-0.0930766 0.257988 0.626394 1.2723e-38 3
-0.0830673 0.257988 0.626394 9.58763e-39 3
-0.0727669 0.25696 0.623898 1.23542e-38 3
-0.0627975 0.25696 0.623898 1.05107e-38 3
-0.0528281 0.25696 0.623898 1.35524e-38 3
-0.0428586 0.25696 0.623898 1.1523e-38 3
-0.0328892 0.25696 0.623898 1.21698e-38 3
-0.0227386 0.254929 0.618966 1.29085e-38 3
-0.0127974 0.253925 0.616529 1.13408e-38 3
-0.00294574 0.253925 0.616529 9.31248e-39 3
0.00664435 0.244307 0.593176 1.17081e-38 3
0.0157646 0.238878 0.579994 1.34602e-38 3
0.0241384 0.230346 0.55928 1.64112e-38 3
0.0326095 0.227102 0.551403 1.35535e-38 3
0.0404241 0.221639 0.538139 1.37389e-38 3
0.0490231 0.221639 0.538139 1.29092e-38 3
0.0910795 0.219377 0.532648 1.46598e-38 3
0.0995908 0.219377 0.532648 1.33705e-38 3
0.108843 0.22088 0.536296 1.3001e-38 3
0.119043 0.223948 0.543745 1.29081e-38 3
0.127731 0.223948 0.543745 1.38301e-38 3
0.137374 0.225514 0.547547 1.40155e-38 3
0.146123 0.225514 0.547547 1.25404e-38 3
0.154873 0.225514 0.547547 1.37379e-38 3
0.163622 0.225514 0.547547 1.41988e-38 3
0.173586 0.227102 0.551403 1.20791e-38 3
0.182397 0.227102 0.551403 1.26326e-38 3
0.188552 0.223948 0.543745 1.35546e-38 3
0.197241 0.223948 0.543745 1.51208e-38 3
0.205929 0.223948 0.543745 1.23549e-38 3
0.216119 0.225514 0.547547 1.29088e-38 3
0.228058 0.228713 0.555314 1.45683e-38 3
0.24034 0.232003 0.563304 1.15259e-38 3
0.256729 0.238878 0.579994 1.26322e-38 3
0.265997 0.238878 0.579994 1.42918e-38 3
0.269281 0.233685 0.567386 1.22638e-38 3
0.276345 0.232003 0.563304 1.22638e-38 3
0.281299 0.228713 0.555314 1.24482e-38 3
0.290172 0.228713 0.555314 1.27237e-38 3
0.303348 0.232003 0.563304 1.21705e-38 3
0.321604 0.238878 0.579994 1.254e-38 3
0.338392 0.244307 0.593176 1.27244e-38 3
0.361566 0.253925 0.616529 1.5213e-38 3
0.476465 0.325742 0.790901 1.19862e-38 3
0.499188 0.332458 0.807208 1.26322e-38 3
0.517421 0.335922 0.815617 1.27244e-38 3
0.536038 0.339458 0.824202 1.35546e-38 3
0.549208 0.339458 0.824202 1.13415e-38 3
0.550782 0.332458 0.807208 1.11571e-38 3
0.53605 0.316162 0.767639 1.16181e-38 3
0.508438 0.293168 0.711811 1.15245e-38 3
0.501574 0.282881 0.686835 1.05103e-38 3
0.493789 0.246172 0.597704 1.13404e-38 3
0.470982 0.230346 0.55928 1.13404e-38 3
0.47316 0.227102 0.551403 1.06951e-38 3
0.475277 0.223948 0.543745 1.18014e-38 3
0.483965 0.223948 0.543745 9.6809e-39 3
0.492654 0.223948 0.543745 1.06032e-38 3
0.481289 0.21499 0.521995 8.94334e-39 3
0.48963 0.21499 0.521995 8.48236e-39 3
0.496317 0.214276 0.520261 9.40432e-39 3
-0.343842 0.234263 0.547547 8.48379e-39 3
-0.333925 0.233447 0.545639 1.00504e-38 3
-0.322956 0.231831 0.541863 1.0511e-38 3
-0.315389 0.232636 0.543745 1.06965e-38 3
-0.3067 0.232636 0.543745 8.39159e-39 3
-0.278699 0.231032 0.539995 1.1156e-38 3
-0.273847 0.234263 0.547547 1.07869e-38 3
-0.255072 0.259687 0.606971 1.20776e-38 3
-0.245373 0.259687 0.606971 1.28152e-38 3
-0.241286 0.26587 0.621422 1.25386e-38 3
-0.238941 0.274587 0.641797 1.20783e-38 3
-0.228686 0.274587 0.641797 1.10642e-38 3
-0.216655 0.272355 0.636579 1.22627e-38 3
-0.205647 0.271252 0.634002 1.41988e-38 3
-0.195516 0.271252 0.634002 1.26322e-38 3
-0.184637 0.270158 0.631445 1.07876e-38 3
-0.174547 0.270158 0.631445 1.04188e-38 3
-0.163797 0.269073 0.628909 1.09731e-38 3
-0.153747 0.269073 0.628909 1.14341e-38 3
-0.144277 0.270158 0.631445 1.05125e-38 3
-0.133648 0.269073 0.628909 1.20794e-38 3
-0.122614 0.266929 0.623898 1.29092e-38 3
-0.112198 0.26587 0.621422 1.04188e-38 3
-0.101864 0.264819 0.618966 1.43829e-38 3
-0.0916108 0.263777 0.616529 1.41059e-38 3
-0.0719075 0.263777 0.616529 1.14323e-38 3
-0.0625483 0.26587 0.621422 1.20776e-38 3
-0.0526184 0.26587 0.621422 1.30918e-38 3
-0.0423524 0.263777 0.616529 1.48428e-38 3
-0.0322469 0.261716 0.611713 1.29074e-38 3
-0.0222979 0.259687 0.606971 1.27237e-38 3
-0.0125021 0.25769 0.602302 1.37382e-38 3
-0.00284493 0.25475 0.595431 1.30925e-38 3
0.0064967 0.248145 0.579994 1.33676e-38 3
0.0152015 0.239283 0.55928 1.57654e-38 3
0.023632 0.234263 0.547547 1.38304e-38 3
0.0320453 0.231831 0.541863 1.27241e-38 3
0.0401482 0.228666 0.534466 1.57672e-38 3
0.0486885 0.228666 0.534466 1.35546e-38 3
0.0572289 0.228666 0.534466 1.38311e-38 3
0.0657692 0.228666 0.534466 1.38311e-38 3
0.0745641 0.22945 0.536296 1.41999e-38 3
0.0825682 0.227889 0.532648 1.36457e-38 3
0.0875077 0.218952 0.51176 1.5674e-38 3
0.0963148 0.220392 0.515126 1.39237e-38 3
0.104546 0.220392 0.515126 1.36467e-38 3
0.115048 0.22483 0.525498 1.29081e-38 3
0.124279 0.226349 0.529049 1.38301e-38 3
0.134551 0.22945 0.536296 1.53063e-38 3
0.144108 0.231032 0.539995 1.37389e-38 3
0.152737 0.231032 0.539995 1.33691e-38 3
0.161365 0.231032 0.539995 1.22627e-38 3
0.169994 0.231032 0.539995 1.33698e-38 3
0.178623 0.231032 0.539995 1.2356e-38 3
0.188552 0.232636 0.543745 1.18028e-38 3
0.197241 0.232636 0.543745 1.37379e-38 3
0.205929 0.232636 0.543745 1.19861e-38 3
0.214618 0.232636 0.543745 1.29088e-38 3
0.223306 0.232636 0.543745 1.20791e-38 3
0.233617 0.234263 0.547547 1.21713e-38 3
0.249341 0.241005 0.563304 1.33698e-38 3
0.258343 0.241005 0.563304 1.24478e-38 3
0.259866 0.234263 0.547547 1.15259e-38 3
0.26675 0.232636 0.543745 1.25404e-38 3
0.273539 0.231032 0.539995 1.18028e-38 3
0.278328 0.227889 0.532648 1.29085e-38 3
0.28684 0.227889 0.532648 1.37382e-38 3
0.293355 0.226349 0.529049 1.15255e-38 3
0.295813 0.221852 0.518538 1.31847e-38 3
0.304099 0.221852 0.518538 1.29081e-38 3
0.368516 0.261716 0.611713 1.26319e-38 3
0.499188 0.345357 0.807208 1.29088e-38 3
0.517421 0.348955 0.815617 1.22635e-38 3
0.536038 0.352628 0.824202 1.22635e-38 3
0.549208 0.352628 0.824202 1.29088e-38 3
0.562378 0.352628 0.824202 1.18947e-38 3
0.569553 0.348955 0.815617 1.17103e-38 3
0.564931 0.33838 0.790901 1.21705e-38 3
0.519813 0.304542 0.711811 1.29078e-38 3
0.512549 0.293856 0.686835 1.20776e-38 3
0.457899 0.232636 0.543745 1.05107e-38 3
0.466588 0.232636 0.543745 1.10638e-38 3
0.471999 0.231032 0.539995 1.2078e-38 3
0.451075 0.216826 0.506791 1.23546e-38 3
0.462164 0.218239 0.510093 1.17092e-38 3
0.473399 0.21967 0.513437 9.12773e-39 3
0.481603 0.21967 0.513437 8.57456e-39 3
0.489808 0.21967 0.513437 1.03263e-38 3
0.498012 0.21967 0.513437 7.83735e-39 3
-0.424221 0.24911 0.561285 9.22028e-39 3
-0.419765 0.251817 0.567386 5.99343e-39 3
-0.409216 0.250908 0.565337 5.90124e-39 3
-0.335628 0.237207 0.534466 1.03277e-38 3
-0.32487 0.235599 0.530842 9.95784e-39 3
-0.307905 0.235599 0.530842 9.03696e-39 3
-0.273049 0.234803 0.529049 1.19854e-38 3
-0.257633 0.228624 0.515126 1.15248e-38 3
-0.259651 0.238019 0.536296 1.12486e-38 3
-0.258754 0.263264 0.593176 1.15252e-38 3
-0.249275 0.263264 0.593176 1.21705e-38 3
-0.245373 0.269386 0.606971 1.30925e-38 3
-0.241286 0.2758 0.621422 1.20783e-38 3
-0.236999 0.282527 0.636579 1.21709e-38 3
-0.231533 0.288388 0.649786 9.40467e-39 3
-0.218431 0.284843 0.641797 1.12486e-38 3
-0.206483 0.282527 0.636579 1.40145e-38 3
-0.196311 0.282527 0.636579 1.17106e-38 3
-0.186139 0.282527 0.636579 1.15252e-38 3
-0.174547 0.280248 0.631445 1.29077e-38 3
-0.164457 0.280248 0.631445 1.07887e-38 3
-0.154367 0.280248 0.631445 1.15266e-38 3
-0.144861 0.281383 0.634002 1.38315e-38 3
-0.133114 0.278006 0.626394 1.65055e-38 3
-0.120691 0.272555 0.614111 1.13419e-38 3
-0.110445 0.271491 0.611713 1.03263e-38 3
-0.100278 0.270434 0.609332 1.29077e-38 3
-0.0901905 0.269386 0.606971 1.20776e-38 3
-0.0811204 0.271491 0.611713 1.29081e-38 3
-0.0710681 0.270434 0.609332 1.1801e-38 3
-0.0620558 0.273628 0.616529 1.41981e-38 3
-0.0522041 0.273628 0.616529 1.06029e-38 3
-0.0418581 0.270434 0.609332 1.43825e-38 3
-0.0318733 0.268346 0.604627 1.26315e-38 3
-0.0222118 0.268346 0.604627 1.43832e-38 3
-0.0124542 0.26629 0.599994 1.4291e-38 3
-0.00284493 0.264265 0.595431 1.49364e-38 3
0.00622024 0.24646 0.555314 1.46591e-38 3
0.0148826 0.243013 0.547547 1.48438e-38 3
0.0234679 0.241325 0.543745 1.36457e-38 3
0.031716 0.238019 0.536296 1.39233e-38 3
0.0400116 0.2364 0.532648 1.60438e-38 3
0.0485229 0.2364 0.532648 1.43843e-38 3
0.0572289 0.237207 0.534466 1.14341e-38 3
0.0651027 0.234803 0.529049 1.2356e-38 3
0.0711527 0.227129 0.51176 1.48453e-38 3
0.077309 0.221343 0.498721 1.4752e-38 3
0.0847385 0.219942 0.495565 1.40145e-38 3
0.091499 0.217193 0.48937 1.46613e-38 3
0.0993188 0.217193 0.48937 1.38311e-38 3
0.107139 0.217193 0.48937 1.45676e-38 3
0.117906 0.222762 0.501918 1.53048e-38 3
0.130096 0.230138 0.518538 1.40155e-38 3
0.139304 0.231672 0.521995 1.40159e-38 3
0.147645 0.231672 0.521995 1.42914e-38 3
0.152928 0.227129 0.51176 1.41066e-38 3
0.167681 0.2364 0.532648 1.41074e-38 3
0.176193 0.2364 0.532648 1.3278e-38 3
0.187252 0.239661 0.539995 1.30936e-38 3
0.19588 0.239661 0.539995 1.29081e-38 3
0.205929 0.241325 0.543745 1.15252e-38 3
0.214618 0.241325 0.543745 1.19869e-38 3
0.223306 0.241325 0.543745 1.30932e-38 3
0.231995 0.241325 0.543745 1.26322e-38 3
0.240684 0.241325 0.543745 1.19869e-38 3
0.249372 0.241325 0.543745 1.22635e-38 3
0.254526 0.238019 0.536296 1.21713e-38 3
0.261306 0.2364 0.532648 1.19869e-38 3
0.269817 0.2364 0.532648 1.29088e-38 3
0.276448 0.234803 0.529049 1.27248e-38 3
0.284902 0.234803 0.529049 1.48453e-38 3
0.287527 0.230138 0.518538 1.27237e-38 3
0.286332 0.222762 0.501918 1.33691e-38 3
0.285211 0.215843 0.48633 1.33691e-38 3
0.285879 0.210611 0.474541 1.35535e-38 3
0.291694 0.209342 0.471682 1.26322e-38 3
0.30288 0.211895 0.477434 1.29088e-38 3
0.314343 0.214511 0.483328 1.4384e-38 3
0.324067 0.215843 0.48633 1.3001e-38 3
0.55652 0.361987 0.815617 1.28166e-38 3
0.505777 0.294498 0.663553 1.09713e-38 3
0.352317 0.196888 0.443622 1.02344e-38 3
0.360427 0.197448 0.444882 1.1894e-38 3
0.370695 0.199145 0.448706 1.11564e-38 3
0.428166 0.225655 0.508436 1.18025e-38 3
0.447925 0.231672 0.521995 1.10649e-38 3
0.456266 0.231672 0.521995 1.05117e-38 3
0.452539 0.225655 0.508436 1.05117e-38 3
0.460663 0.225655 0.508436 1.16174e-38 3
0.468788 0.225655 0.508436 1.03263e-38 3
0.475369 0.224924 0.506791 9.22028e-39 3
0.485037 0.225655 0.508436 9.86565e-39 3
-0.433189 0.258079 0.561285 7.00794e-39 3
-0.422705 0.257157 0.55928 1.04188e-38 3
-0.415252 0.258079 0.561285 7.19161e-39 3
-0.380169 0.252645 0.549468 8.57419e-39 3
-0.3588 0.244081 0.530842 6.36329e-39 3
-0.338393 0.241624 0.525498 8.7611e-39 3
-0.332226 0.243256 0.529049 1.0511e-38 3
-0.323772 0.243256 0.529049 1.00504e-38 3
-0.314257 0.242437 0.527267 9.86565e-39 3
-0.305831 0.242437 0.527267 1.03266e-38 3
-0.300441 0.244911 0.532648 1.07887e-38 3
-0.294939 0.247436 0.538139 1.05114e-38 3
-0.28634 0.247436 0.538139 1.15252e-38 3
-0.273975 0.244081 0.530842 1.08791e-38 3
-0.24629 0.226427 0.492448 1.15248e-38 3
-0.238421 0.226427 0.492448 9.03589e-39 3
-0.230552 0.226427 0.492448 1.13401e-38 3
-0.222683 0.226427 0.492448 1.09716e-38 3
-0.214814 0.226427 0.492448 1.13401e-38 3
-0.208255 0.227861 0.495565 1.11564e-38 3
-0.239797 0.272742 0.593176 1.0972e-38 3
-0.235675 0.279085 0.606971 1.31858e-38 3
-0.236999 0.292699 0.636579 1.13422e-38 3
-0.23347 0.301272 0.655223 8.94477e-39 3
-0.22115 0.298771 0.649786 1.40155e-38 3
-0.208175 0.295098 0.641797 1.25393e-38 3
-0.197112 0.293894 0.639177 1.20794e-38 3
-0.187664 0.295098 0.641797 1.20794e-38 3
-0.175966 0.292699 0.636579 1.10653e-38 3
-0.164457 0.290338 0.631445 1.09731e-38 3
-0.153747 0.289172 0.628909 1.14348e-38 3
-0.144277 0.290338 0.631445 1.3924e-38 3
-0.132583 0.286868 0.623898 1.2633e-38 3
-0.119751 0.280171 0.609332 1.13429e-38 3
-0.109588 0.279085 0.606971 1.35535e-38 3
-0.0998894 0.279085 0.606971 1.1617e-38 3
-0.0898423 0.278007 0.604627 1.29081e-38 3
-0.0710681 0.280171 0.609332 1.57662e-38 3
-0.0623011 0.2846 0.618966 1.30003e-38 3
-0.0522041 0.28348 0.616529 1.1433e-38 3
-0.0022469 0.216228 0.470266 1.64115e-38 3
0.00528346 0.216879 0.471682 1.55825e-38 3
0.0128206 0.216879 0.471682 1.44758e-38 3
0.022989 0.244911 0.532648 1.5397e-38 3
0.0312875 0.243256 0.529049 1.5213e-38 3
0.0393425 0.240816 0.523741 1.48453e-38 3
0.0477115 0.240816 0.523741 1.40155e-38 3
0.0555234 0.238424 0.518538 1.2356e-38 3
0.0621625 0.232271 0.505156 1.39233e-38 3
0.068901 0.227861 0.495565 1.50286e-38 3
0.0758595 0.225012 0.48937 1.4291e-38 3
0.0826462 0.222234 0.483328 1.27237e-38 3
0.0887263 0.218194 0.474541 1.45676e-38 3
0.0929299 0.210538 0.45789 1.4752e-38 3
0.0996638 0.209314 0.455228 1.67803e-38 3
0.107563 0.210538 0.45789 1.60428e-38 3
0.121262 0.222234 0.483328 1.51208e-38 3
0.133093 0.229312 0.498721 1.48438e-38 3
0.141063 0.229312 0.498721 1.35535e-38 3
0.144432 0.222234 0.483328 1.40155e-38 3
0.152155 0.222234 0.483328 1.42918e-38 3
0.158898 0.220871 0.480363 1.30014e-38 3
0.183456 0.243256 0.529049 1.27252e-38 3
0.189351 0.240013 0.521995 1.16188e-38 3
0.200364 0.243256 0.529049 1.24478e-38 3
0.206033 0.240013 0.521995 1.35546e-38 3
0.217271 0.243256 0.529049 1.31854e-38 3
0.21693 0.233779 0.508436 1.18947e-38 3
0.225055 0.233779 0.508436 1.40152e-38 3
0.231675 0.232271 0.505156 1.33687e-38 3
0.239747 0.232271 0.505156 1.3001e-38 3
0.249428 0.233779 0.508436 1.3001e-38 3
0.26267 0.238424 0.518538 1.37371e-38 3
0.270955 0.238424 0.518538 1.19869e-38 3
0.279241 0.238424 0.518538 1.24482e-38 3
0.274789 0.227861 0.495565 1.254e-38 3
0.274035 0.220871 0.480363 1.29088e-38 3
0.278296 0.218194 0.474541 1.19862e-38 3
0.282456 0.215581 0.468858 1.22627e-38 3
0.289948 0.215581 0.468858 1.30932e-38 3
0.29744 0.215581 0.468858 1.31854e-38 3
0.31051 0.219524 0.477434 1.24486e-38 3
0.32009 0.220871 0.480363 1.13415e-38 3
0.331838 0.223615 0.48633 1.16181e-38 3
0.33529 0.202258 0.439883 1.17092e-38 3
0.342319 0.202258 0.439883 1.1156e-38 3
0.351322 0.203401 0.442368 1.06029e-38 3
0.360427 0.204557 0.444882 1.07876e-38 3
0.370695 0.206315 0.448706 1.005e-38 3
0.412109 0.225012 0.48937 1.20791e-38 3
0.425245 0.227861 0.495565 1.19869e-38 3
0.453244 0.238424 0.518538 1.07876e-38 3
0.46153 0.238424 0.518538 1.01426e-38 3
0.459173 0.233022 0.506791 9.95785e-39 3
0.464266 0.231524 0.503532 1.1433e-38 3
0.470798 0.230782 0.501918 1.16174e-38 3
-0.416752 0.262346 0.551403 7.56039e-39 3
-0.36331 0.238802 0.501918 6.54589e-39 3
-0.349686 0.235035 0.494001 7.55968e-39 3
-0.354079 0.243484 0.51176 7.74443e-39 3
-0.355188 0.250021 0.525498 8.7593e-39 3
-0.342197 0.246709 0.518538 9.49794e-39 3
-0.330627 0.244283 0.513437 9.49687e-39 3
-0.331107 0.250863 0.527267 1.07869e-38 3
-0.322682 0.250863 0.527267 8.20541e-39 3
-0.310081 0.247529 0.520261 8.85149e-39 3
-0.301767 0.247529 0.520261 1.19861e-38 3
-0.299422 0.252564 0.530842 9.866e-39 3
-0.295956 0.256918 0.539995 1.19865e-38 3
-0.287327 0.256918 0.539995 1.16174e-38 3
-0.274907 0.253423 0.532648 1.12479e-38 3
-0.244751 0.232832 0.48937 1.09716e-38 3
-0.236931 0.232832 0.48937 1.06032e-38 3
-0.229111 0.232832 0.48937 1.15245e-38 3
-0.221292 0.232832 0.48937 1.19858e-38 3
-0.213472 0.232832 0.48937 1.06025e-38 3
-0.205652 0.232832 0.48937 9.68126e-39 3
-0.197832 0.232832 0.48937 1.32769e-38 3
-0.190013 0.232832 0.48937 1.31858e-38 3
-0.225976 0.288784 0.606971 1.09731e-38 3
-0.23544 0.314372 0.660753 9.68233e-39 3
-0.222071 0.310443 0.652493 1.23549e-38 3
-0.209032 0.30661 0.644438 1.03266e-38 3
-0.19792 0.305353 0.641797 1.24482e-38 3
-0.186898 0.304107 0.639177 1.3278e-38 3
-0.176685 0.304107 0.639177 1.06965e-38 3
-0.163797 0.299222 0.628909 1.21716e-38 3
-0.153747 0.299222 0.628909 9.95964e-39 3
-0.143698 0.299222 0.628909 1.40162e-38 3
-0.132057 0.29566 0.621422 1.11582e-38 3
-0.110445 0.29104 0.611713 1.13411e-38 3
-0.0998894 0.288784 0.606971 1.18936e-38 3
-0.0713457 0.29104 0.611713 1.39223e-38 3
-0.061571 0.29104 0.611713 1.4291e-38 3
-0.0172759 0.223742 0.470266 1.66892e-38 3
-0.00970311 0.222407 0.467458 1.52144e-38 3
-0.0022469 0.223742 0.470266 1.3462e-38 3
0.00529942 0.225094 0.473107 1.50297e-38 3
0.0128206 0.224416 0.471682 1.52133e-38 3
0.0222328 0.245086 0.515126 1.66878e-38 3
0.0304641 0.245086 0.515126 1.41066e-38 3
0.0386954 0.245086 0.515126 1.26326e-38 3
0.0460185 0.240343 0.505156 1.40155e-38 3
0.0530635 0.235779 0.495565 1.34624e-38 3
0.06022 0.232832 0.48937 1.36467e-38 3
0.0680397 0.232832 0.48937 1.66881e-38 3
0.0744633 0.228547 0.480363 1.25393e-38 3
0.0811435 0.225777 0.474541 1.31847e-38 3
0.0856131 0.217855 0.45789 1.48442e-38 3
0.0918555 0.215336 0.452597 1.53052e-38 3
0.0973987 0.211665 0.444882 1.53052e-38 3
0.105105 0.212875 0.447424 1.46598e-38 3
0.114212 0.216588 0.455228 1.53974e-38 3
0.122197 0.217855 0.45789 1.3278e-38 3
0.129514 0.217855 0.45789 1.33702e-38 3
0.13683 0.217855 0.45789 1.50286e-38 3
0.142481 0.215336 0.452597 1.39223e-38 3
0.148852 0.214098 0.449995 1.30936e-38 3
0.156043 0.214098 0.449995 1.16184e-38 3
0.163234 0.214098 0.449995 1.46609e-38 3
0.171409 0.215336 0.452597 1.3001e-38 3
0.180731 0.217855 0.45789 1.47527e-38 3
0.188048 0.217855 0.45789 1.31854e-38 3
0.193106 0.215336 0.452597 1.23557e-38 3
0.199187 0.214098 0.449995 1.32776e-38 3
0.205198 0.212875 0.447424 1.30925e-38 3
0.212347 0.212875 0.447424 1.12493e-38 3
0.219497 0.212875 0.447424 1.27244e-38 3
0.227949 0.214098 0.449995 1.22627e-38 3
0.235139 0.214098 0.449995 1.18028e-38 3
0.24233 0.214098 0.449995 1.31858e-38 3
0.249521 0.214098 0.449995 1.20791e-38 3
0.256711 0.214098 0.449995 1.21713e-38 3
0.265427 0.215336 0.452597 1.35535e-38 3
0.272659 0.215336 0.452597 1.28159e-38 3
0.283165 0.217855 0.45789 1.19869e-38 3
0.290482 0.217855 0.45789 1.23557e-38 3
0.304932 0.223073 0.468858 1.10656e-38 3
0.318139 0.227153 0.477434 1.19876e-38 3
0.327766 0.228547 0.480363 1.254e-38 3
0.335442 0.228547 0.480363 1.42918e-38 3
0.341361 0.208701 0.438651 1.23546e-38 3
0.349349 0.209287 0.439883 1.1617e-38 3
0.357381 0.209877 0.441122 1.16174e-38 3
0.369636 0.212875 0.447424 1.0511e-38 3
0.390163 0.220433 0.463309 1.18025e-38 3
0.409687 0.227153 0.477434 1.23557e-38 3
0.427749 0.232832 0.48937 1.07876e-38 3
0.446737 0.238802 0.501918 1.12486e-38 3
0.454758 0.238802 0.501918 1.0511e-38 3
0.462778 0.238802 0.501918 1.06954e-38 3
-0.374549 0.243698 0.495565 6.82212e-39 3
-0.355384 0.236223 0.480363 8.20469e-39 3
-0.350938 0.238417 0.484825 8.01958e-39 3
-0.335911 0.233359 0.474541 7.83447e-39 3
-0.327336 0.232654 0.473107 7.74371e-39 3
-0.339946 0.253318 0.515126 1.01415e-38 3
-0.329547 0.251662 0.51176 9.8635e-39 3
-0.305014 0.251662 0.51176 9.31247e-39 3
-0.248056 0.222568 0.452597 1.15248e-38 3
-0.24013 0.221927 0.451292 1.005e-38 3
-0.232918 0.221927 0.451292 1.06954e-38 3
-0.224413 0.220655 0.448706 1.0511e-38 3
-0.217244 0.220655 0.448706 1.0972e-38 3
-0.226283 0.237681 0.483328 1.2262e-38 3
-0.21856 0.237681 0.483328 9.58834e-39 3
-0.212146 0.239157 0.48633 1.01415e-38 3
-0.203113 0.237681 0.483328 1.07876e-38 3
-0.193007 0.234782 0.477434 1.30003e-38 3
-0.185378 0.234782 0.477434 1.20794e-38 3
-0.171476 0.226496 0.460584 9.68197e-39 3
-0.159427 0.220025 0.447424 9.31247e-39 3
-0.152277 0.220025 0.447424 1.37379e-38 3
-0.139546 0.211562 0.430215 1.06025e-38 3
-0.197112 0.314321 0.639177 1.30925e-38 3
-0.186898 0.314321 0.639177 1.36467e-38 3
-0.173846 0.309271 0.628909 1.18028e-38 3
-0.163797 0.309271 0.628909 1.27248e-38 3
-0.153747 0.309271 0.628909 1.28181e-38 3
-0.138685 0.298483 0.606971 1.22649e-38 3
-0.129994 0.300815 0.611713 9.7756e-39 3
-0.0171727 0.229876 0.467458 1.60438e-38 3
-0.00970311 0.229876 0.467458 1.42925e-38 3
-0.0022469 0.231257 0.470266 1.53985e-38 3
0.00528346 0.231954 0.471682 1.67814e-38 3
0.0127821 0.231257 0.470266 1.37382e-38 3
0.0201754 0.229876 0.467458 1.45673e-38 3
0.0287611 0.239157 0.48633 1.40144e-38 3
0.0365323 0.239157 0.48633 1.52141e-38 3
0.0440301 0.237681 0.483328 1.30936e-38 3
0.0517533 0.237681 0.483328 1.31858e-38 3
0.0591116 0.236223 0.480363 1.55829e-38 3
0.0667875 0.236223 0.480363 1.48449e-38 3
0.0735607 0.233359 0.474541 1.44765e-38 3
0.0782964 0.225171 0.45789 1.3278e-38 3
0.0836563 0.220025 0.447424 1.31858e-38 3
0.0902898 0.218774 0.444882 1.55825e-38 3
0.0973987 0.218774 0.444882 1.44769e-38 3
0.104508 0.218774 0.444882 1.30014e-38 3
0.111616 0.218774 0.444882 1.48453e-38 3
0.118725 0.218774 0.444882 1.28173e-38 3
0.125123 0.217538 0.442368 1.31858e-38 3
0.131449 0.216316 0.439883 1.35535e-38 3
0.138478 0.216316 0.439883 1.44751e-38 3
0.146329 0.217538 0.442368 1.35546e-38 3
0.153398 0.217538 0.442368 1.41999e-38 3
0.161379 0.218774 0.444882 1.3278e-38 3
0.168487 0.218774 0.444882 1.32776e-38 3
0.1766 0.220025 0.447424 1.32769e-38 3
0.183749 0.220025 0.447424 1.25393e-38 3
0.189814 0.218774 0.444882 1.22631e-38 3
0.196923 0.218774 0.444882 1.30921e-38 3
0.202879 0.217538 0.442368 1.30918e-38 3
0.209948 0.217538 0.442368 1.30918e-38 3
0.217017 0.217538 0.442368 1.19854e-38 3
0.222826 0.216316 0.439883 1.25393e-38 3
0.228571 0.215108 0.437426 1.19872e-38 3
0.232958 0.212731 0.432592 1.30014e-38 3
0.233423 0.207012 0.420963 1.41074e-38 3
0.238865 0.205905 0.418712 1.254e-38 3
0.25653 0.215108 0.437426 1.33694e-38 3
0.26352 0.215108 0.437426 1.30925e-38 3
0.276693 0.220025 0.447424 1.24478e-38 3
0.283842 0.220025 0.447424 1.20791e-38 3
0.296067 0.223862 0.455228 1.26337e-38 3
0.310564 0.229192 0.466067 1.18954e-38 3
0.325768 0.234782 0.477434 1.2633e-38 3
0.335442 0.236223 0.480363 1.46605e-38 3
0.343118 0.236223 0.480363 1.31854e-38 3
0.34837 0.21571 0.438651 1.23557e-38 3
0.356378 0.216316 0.439883 1.16181e-38 3
0.366495 0.218155 0.443622 1.18947e-38 3
0.383358 0.223862 0.455228 1.04188e-38 3
0.395228 0.226496 0.460584 1.13408e-38 3
0.409819 0.230565 0.468858 1.0143e-38 3
0.430191 0.237681 0.483328 1.0143e-38 3
0.443389 0.240652 0.48937 1.0511e-38 3
0.451208 0.240652 0.48937 1.03266e-38 3
-0.338367 0.237346 0.467458 6.3597e-39 3
-0.330897 0.237346 0.467458 9.30852e-39 3
-0.32537 0.238771 0.470266 8.01886e-39 3
-0.335531 0.258152 0.508436 7.37457e-39 3
-0.274513 0.233856 0.460584 1.00497e-38 3
-0.26559 0.232488 0.45789 8.85257e-39 3
-0.259793 0.233856 0.460584 1.01419e-38 3
-0.248775 0.230466 0.453908 8.85113e-39 3
-0.240824 0.2298 0.452597 6.6388e-39 3
-0.232918 0.229138 0.451292 9.40539e-39 3
-0.225058 0.22848 0.449995 9.31247e-39 3
-0.217868 0.22848 0.449995 9.95784e-39 3
-0.210677 0.22848 0.449995 1.00493e-38 3
-0.204073 0.229138 0.451292 9.95713e-39 3
-0.210836 0.245404 0.483328 1.2262e-38 3
-0.200636 0.242411 0.477434 1.13408e-38 3
-0.193007 0.242411 0.477434 1.27241e-38 3
-0.174724 0.22848 0.449995 9.59014e-39 3
-0.163769 0.223345 0.439883 9.95784e-39 3
-0.153295 0.218437 0.430215 1.16174e-38 3
-0.14562 0.217243 0.427865 1.49357e-38 3
-0.138783 0.217243 0.427865 1.18932e-38 3
-0.131946 0.217243 0.427865 1.18939e-38 3
-0.189215 0.328557 0.647101 1.35545e-38 3
-0.176685 0.324534 0.639177 1.5491e-38 3
-0.164457 0.320608 0.631445 1.42921e-38 3
-0.153747 0.319321 0.628909 1.33712e-38 3
-0.0941599 0.209239 0.412101 1.13429e-38 3
-0.0880382 0.210346 0.414282 1.28181e-38 3
-0.00967424 0.23664 0.466067 1.35549e-38 3
-0.00224017 0.238057 0.468858 1.30943e-38 3
0.00523614 0.237346 0.467458 1.51219e-38 3
0.0127058 0.237346 0.467458 1.46598e-38 3
0.0199963 0.235239 0.463309 1.50282e-38 3
0.0270792 0.232488 0.45789 1.52133e-38 3
0.0323171 0.218437 0.430215 1.46609e-38 3
0.0391916 0.218437 0.430215 1.43843e-38 3
0.0460661 0.218437 0.430215 1.53063e-38 3
0.0553747 0.22848 0.449995 1.40152e-38 3
0.0625653 0.22848 0.449995 1.5952e-38 3
0.0697559 0.22848 0.449995 1.49378e-38 3
0.0765068 0.227174 0.447424 1.33709e-38 3
0.0831809 0.225883 0.444882 1.4385e-38 3
0.0902898 0.225883 0.444882 1.40159e-38 3
0.0973987 0.225883 0.444882 1.31861e-38 3
0.103333 0.223345 0.439883 1.41077e-38 3
0.109746 0.222097 0.437426 1.53063e-38 3
0.114811 0.218437 0.430215 1.39241e-38 3
0.121686 0.218437 0.430215 1.42921e-38 3
0.129271 0.219643 0.432592 1.24471e-38 3
0.136183 0.219643 0.432592 1.25386e-38 3
0.143891 0.220864 0.434996 1.35535e-38 3
0.152536 0.223345 0.439883 1.42921e-38 3
0.160467 0.224607 0.442368 1.39233e-38 3
0.168487 0.225883 0.444882 1.26322e-38 3
0.175596 0.225883 0.444882 1.32769e-38 3
0.182705 0.225883 0.444882 1.41981e-38 3
0.189814 0.225883 0.444882 1.2723e-38 3
0.19581 0.224607 0.442368 1.53967e-38 3
0.202879 0.224607 0.442368 1.29067e-38 3
0.208768 0.223345 0.439883 1.43807e-38 3
0.215797 0.223345 0.439883 1.41963e-38 3
0.221582 0.222097 0.437426 1.41981e-38 3
0.226046 0.219643 0.432592 1.18028e-38 3
0.226696 0.213739 0.420963 1.41999e-38 3
0.228508 0.209239 0.412101 1.35542e-38 3
0.233863 0.208144 0.409943 1.3001e-38 3
0.24425 0.211465 0.416485 1.35535e-38 3
0.250905 0.211465 0.416485 1.31847e-38 3
0.264597 0.217243 0.427865 1.15259e-38 3
0.271434 0.217243 0.427865 1.21713e-38 3
0.282909 0.220864 0.434996 1.28184e-38 3
0.293116 0.223345 0.439883 1.21731e-38 3
0.30882 0.2298 0.452597 1.30939e-38 3
0.331376 0.240942 0.474541 1.19876e-38 3
0.341026 0.242411 0.477434 1.06043e-38 3
0.346542 0.240942 0.474541 1.16181e-38 3
0.349883 0.238057 0.468858 1.27237e-38 3
0.357379 0.22848 0.449995 1.10649e-38 3
0.358391 0.224607 0.442368 1.16181e-38 3
0.36546 0.224607 0.442368 1.17103e-38 3
0.372528 0.224607 0.442368 1.25393e-38 3
0.381754 0.225883 0.444882 1.15252e-38 3
0.391085 0.227174 0.447424 1.13415e-38 3
0.40755 0.232488 0.45789 1.19869e-38 3
0.437915 0.245404 0.483328 1.13408e-38 3
-0.33736 0.244087 0.466067 6.54193e-39 3
-0.329912 0.244087 0.466067 9.49399e-39 3
-0.240824 0.237032 0.452597 8.39052e-39 3
-0.232918 0.236349 0.451292 1.04185e-38 3
-0.225058 0.23567 0.449995 1.04181e-38 3
-0.217868 0.23567 0.449995 1.00493e-38 3
-0.209473 0.234324 0.447424 9.12736e-39 3
-0.201174 0.232992 0.444882 1.18932e-38 3
-0.200915 0.241215 0.460584 1.23549e-38 3
-0.193555 0.241215 0.460584 1.11564e-38 3
-0.178832 0.231676 0.442368 1.39233e-38 3
-0.167044 0.225311 0.430215 1.06965e-38 3
-0.156725 0.220466 0.420963 8.66674e-39 3
-0.149196 0.219287 0.418712 1.13404e-38 3
-0.141747 0.21812 0.416485 1.2723e-38 3
-0.135092 0.21812 0.416485 7.74443e-39 3
-0.128437 0.21812 0.416485 1.26315e-38 3
-0.194851 0.348992 0.666376 1.42003e-38 3
-0.181881 0.344593 0.657977 1.42928e-38 3
-0.166471 0.334748 0.639177 1.35549e-38 3
-0.0996956 0.213576 0.407808 1.71513e-38 3
-0.0931791 0.213576 0.407808 1.3372e-38 3
-0.0875749 0.215824 0.412101 1.42006e-38 3
-0.0809898 0.215824 0.412101 1.42921e-38 3
-0.0747984 0.216966 0.414282 1.2356e-38 3
-0.0845579 0.379691 0.724993 1.36457e-38 3
-0.0723035 0.376207 0.718341 1.39233e-38 3
-0.00991019 0.25004 0.477434 1.36464e-38 3
-0.00225367 0.247028 0.471682 1.50293e-38 3
0.00518967 0.242643 0.463309 1.43843e-38 3
0.0124457 0.239805 0.45789 1.41988e-38 3
0.0193107 0.234324 0.447424 1.43829e-38 3
0.0246305 0.21812 0.416485 1.44758e-38 3
0.0303181 0.211374 0.403604 1.6413e-38 3
0.0367674 0.211374 0.403604 1.34624e-38 3
0.0432167 0.211374 0.403604 1.55829e-38 3
0.0501833 0.213576 0.407808 1.44765e-38 3
0.0604798 0.227815 0.434996 1.72431e-38 3
0.0685736 0.231676 0.442368 1.49382e-38 3
0.0760721 0.232992 0.444882 1.29092e-38 3
0.0831809 0.232992 0.444882 1.50297e-38 3
0.0902898 0.232992 0.444882 1.3001e-38 3
0.0963043 0.230374 0.439883 1.55829e-38 3
0.102756 0.229087 0.437426 1.6136e-38 3
0.107347 0.22408 0.427865 1.62282e-38 3
0.112342 0.220466 0.420963 1.55829e-38 3
0.115952 0.214694 0.409943 1.44765e-38 3
0.122503 0.214694 0.409943 1.46609e-38 3
0.129053 0.214694 0.409943 1.25404e-38 3
0.138504 0.219287 0.418712 1.42921e-38 3
0.150842 0.227815 0.434996 1.33702e-38 3
0.159565 0.230374 0.439883 1.38311e-38 3
0.168487 0.232992 0.444882 1.37386e-38 3
0.175596 0.232992 0.444882 1.35535e-38 3
0.182705 0.232992 0.444882 1.41988e-38 3
0.188742 0.231676 0.442368 1.49364e-38 3
0.19581 0.231676 0.442368 1.30925e-38 3
0.201739 0.230374 0.439883 1.40137e-38 3
0.208768 0.230374 0.439883 1.65887e-38 3
0.214592 0.229087 0.437426 1.79691e-38 3
0.219133 0.226556 0.432592 1.27198e-38 3
0.219969 0.220466 0.420963 1.36453e-38 3
0.220761 0.214694 0.409943 1.3278e-38 3
0.218174 0.206063 0.393463 1.2172e-38 3
0.226166 0.207628 0.396452 1.36464e-38 3
0.237922 0.21247 0.405695 1.28166e-38 3
0.245677 0.213576 0.407808 1.18025e-38 3
0.254849 0.215824 0.412101 1.41074e-38 3
0.261434 0.215824 0.412101 1.40152e-38 3
0.266616 0.214694 0.409943 1.33698e-38 3
0.273166 0.214694 0.409943 1.18947e-38 3
0.287236 0.220466 0.420963 1.21713e-38 3
0.302083 0.226556 0.432592 1.07883e-38 3
0.325164 0.238411 0.455228 1.14337e-38 3
0.336349 0.241215 0.460584 1.08805e-38 3
0.351991 0.247028 0.471682 1.29088e-38 3
0.351069 0.241215 0.460584 1.30932e-38 3
0.356333 0.239805 0.45789 1.32776e-38 3
0.357379 0.23567 0.449995 1.27244e-38 3
0.360427 0.232992 0.444882 1.06961e-38 3
0.36546 0.231676 0.442368 1.29088e-38 3
0.368366 0.229087 0.437426 1.17096e-38 3
0.37327 0.227815 0.434996 1.16174e-38 3
0.380221 0.227815 0.434996 1.15252e-38 3
0.389335 0.229087 0.437426 1.1433e-38 3
-0.33736 0.251534 0.466067 7.7412e-39 3
-0.329912 0.251534 0.466067 9.95497e-39 3
-0.320557 0.250046 0.463309 1.20755e-38 3
-0.264816 0.246401 0.456555 8.57491e-39 3
-0.248056 0.244265 0.452597 8.75966e-39 3
-0.238753 0.242165 0.448706 9.95784e-39 3
-0.231583 0.242165 0.448706 1.0511e-38 3
-0.223772 0.241473 0.447424 1.02337e-38 3
-0.216623 0.241473 0.447424 5.16295e-39 3
-0.206523 0.238072 0.441122 1.26315e-38 3
-0.191387 0.22842 0.423239 1.26315e-38 3
-0.181678 0.224775 0.416485 1.17096e-38 3
-0.174097 0.223586 0.414282 1.12486e-38 3
-0.167477 0.223586 0.414282 1.11575e-38 3
-0.158344 0.220093 0.407808 9.77453e-39 3
-0.151827 0.220093 0.407808 9.49722e-39 3
-0.145311 0.220093 0.407808 1.30003e-38 3
-0.139521 0.221245 0.409943 9.95784e-39 3
-0.13367 0.222409 0.412101 1.36453e-38 3
-0.127085 0.222409 0.412101 1.49368e-38 3
-0.194851 0.359641 0.666376 1.46616e-38 3
-0.113319 0.221245 0.409943 1.31876e-38 3
-0.106212 0.220093 0.407808 1.5307e-38 3
-0.0996956 0.220093 0.407808 1.74282e-38 3
-0.0931791 0.220093 0.407808 1.73356e-38 3
-0.0871164 0.221245 0.409943 1.35545e-38 3
-0.0809898 0.222409 0.412101 1.40148e-38 3
-0.0744047 0.222409 0.412101 1.51219e-38 3
-0.0681785 0.223586 0.414282 1.41999e-38 3
-0.108734 0.394933 0.731768 1.36467e-38 3
-0.0970412 0.394933 0.731768 1.30017e-38 3
-0.0853481 0.394933 0.731768 1.60438e-38 3
-0.00221366 0.250046 0.463309 1.42918e-38 3
0.00421661 0.203162 0.376438 1.53063e-38 3
0.0102318 0.203162 0.376438 1.41988e-38 3
0.016247 0.203162 0.376438 1.41063e-38 3
0.0223698 0.204144 0.378257 1.51212e-38 3
0.028552 0.205135 0.380093 1.39237e-38 3
0.0351373 0.208166 0.38571 1.46609e-38 3
0.0413006 0.208166 0.38571 1.41077e-38 3
0.0484181 0.212351 0.393463 1.40155e-38 3
0.0555426 0.215601 0.399486 1.52148e-38 3
0.0756423 0.238745 0.442368 1.27248e-38 3
0.0897797 0.238745 0.442368 1.55829e-38 3
0.0957663 0.236077 0.437426 1.46609e-38 3
0.101062 0.232186 0.430215 1.63204e-38 3
0.105616 0.227192 0.420963 1.68732e-38 3
0.108832 0.220093 0.407808 1.60438e-38 3
0.11475 0.218952 0.405695 1.7519e-38 3
0.11999 0.216707 0.401534 1.47531e-38 3
0.125761 0.215601 0.399486 1.47531e-38 3
0.12573 0.205135 0.380093 1.55829e-38 3
0.131803 0.205135 0.380093 1.53985e-38 3
0.166594 0.237403 0.439883 1.36457e-38 3
0.174604 0.238745 0.442368 1.25393e-38 3
0.181673 0.238745 0.442368 1.37382e-38 3
0.188742 0.238745 0.442368 1.53974e-38 3
0.19471 0.237403 0.439883 1.39223e-38 3
0.201739 0.237403 0.439883 1.41067e-38 3
0.207602 0.236077 0.437426 1.55757e-38 3
0.2134 0.234765 0.434996 1.87027e-38 3
0.213242 0.227192 0.420963 1.72334e-38 3
0.211991 0.218952 0.405695 1.46584e-38 3
0.211887 0.212351 0.393463 1.32769e-38 3
0.215467 0.209716 0.388582 1.21716e-38 3
0.222782 0.210762 0.39052 1.29088e-38 3
0.228452 0.210238 0.389548 1.15252e-38 3
0.237036 0.212351 0.393463 1.38301e-38 3
0.249594 0.217824 0.403604 1.58584e-38 3
0.256043 0.217824 0.403604 1.34613e-38 3
0.262493 0.217824 0.403604 1.50293e-38 3
0.268942 0.217824 0.403604 1.13415e-38 3
0.276818 0.218952 0.405695 1.26322e-38 3
0.286267 0.221245 0.409943 1.3001e-38 3
0.300689 0.227192 0.420963 1.11571e-38 3
0.307416 0.227192 0.420963 1.21713e-38 3
0.315841 0.22842 0.423239 1.38308e-38 3
0.329733 0.233468 0.432592 1.30932e-38 3
0.336646 0.233468 0.432592 1.36464e-38 3
0.343558 0.233468 0.432592 1.3923e-38 3
0.350471 0.233468 0.432592 1.20791e-38 3
0.357383 0.233468 0.432592 1.22635e-38 3
0.362294 0.232186 0.430215 1.29081e-38 3
0.365156 0.229662 0.425539 1.21702e-38 3
0.367956 0.227192 0.420963 1.0972e-38 3
-0.332413 0.255184 0.459233 1.11542e-38 3
-0.269752 0.251497 0.452597 9.03697e-39 3
-0.263281 0.252226 0.453908 1.00497e-38 3
-0.255288 0.251497 0.452597 9.40467e-39 3
-0.24663 0.250051 0.449995 1.03266e-38 3
-0.238071 0.248623 0.447424 8.39052e-39 3
-0.228959 0.24651 0.443622 9.95785e-39 3
-0.221871 0.24651 0.443622 8.85078e-39 3
-0.213572 0.245121 0.441122 9.95713e-39 3
-0.204222 0.24239 0.436207 8.94441e-39 3
-0.191387 0.235183 0.423239 1.19876e-38 3
-0.178825 0.227795 0.409943 9.49686e-39 3
-0.171377 0.226609 0.407808 1.26315e-38 3
-0.164006 0.225435 0.405695 1.13419e-38 3
-0.157523 0.225435 0.405695 9.03696e-39 3
-0.150262 0.224273 0.403604 1.10645e-38 3
-0.144558 0.225435 0.405695 1.2539e-38 3
-0.138794 0.226609 0.407808 1.24471e-38 3
-0.13297 0.227795 0.409943 1.44758e-38 3
-0.12642 0.227795 0.409943 1.51219e-38 3
-0.119869 0.227795 0.409943 1.38319e-38 3
-0.112729 0.226609 0.407808 1.36489e-38 3
-0.106212 0.226609 0.407808 1.45705e-38 3
-0.0996956 0.226609 0.407808 1.8626e-38 3
-0.0931791 0.226609 0.407808 1.48456e-38 3
-0.0866626 0.226609 0.407808 1.49368e-38 3
-0.0805658 0.227795 0.409943 1.54892e-38 3
-0.0740152 0.227795 0.409943 1.59509e-38 3
-0.0678197 0.228994 0.412101 1.54907e-38 3
-0.108734 0.406626 0.731768 1.15262e-38 3
-0.0970412 0.406626 0.731768 1.2817e-38 3
-0.0853481 0.406626 0.731768 1.53985e-38 3
-0.013829 0.209178 0.376438 1.53974e-38 3
-0.0078138 0.209178 0.376438 1.40155e-38 3
-0.0017986 0.209178 0.376438 1.56751e-38 3
0.00419643 0.208177 0.374637 1.49375e-38 3
0.0101829 0.208177 0.374637 1.6135e-38 3
0.0161693 0.208177 0.374637 1.29999e-38 3
0.0221557 0.208177 0.374637 1.44758e-38 3
0.0282774 0.209178 0.376438 1.35549e-38 3
0.0342926 0.209178 0.376438 1.43843e-38 3
0.0403078 0.209178 0.376438 1.51219e-38 3
0.0432071 0.195107 0.351118 1.60438e-38 3
0.0490376 0.195986 0.352699 1.66899e-38 3
0.0547969 0.196429 0.353495 1.42003e-38 3
0.0608576 0.197768 0.355906 1.16181e-38 3
0.0941878 0.23906 0.430215 1.44769e-38 3
0.0988889 0.233919 0.420963 1.54907e-38 3
0.102315 0.226609 0.407808 1.36464e-38 3
0.10771 0.224273 0.403604 1.58591e-38 3
0.112994 0.221984 0.399486 1.47527e-38 3
0.119377 0.221984 0.399486 1.77952e-38 3
0.12024 0.212239 0.381947 1.46609e-38 3
0.125425 0.210697 0.379173 1.63204e-38 3
0.131803 0.211208 0.380093 1.38311e-38 3
0.138212 0.211722 0.381018 1.48442e-38 3
0.144301 0.211722 0.381018 1.39215e-38 3
0.150389 0.211722 0.381018 1.46598e-38 3
0.158405 0.21433 0.38571 1.54896e-38 3
0.164568 0.21433 0.38571 1.48442e-38 3
0.170731 0.21433 0.38571 1.25393e-38 3
0.176895 0.21433 0.38571 1.27226e-38 3
0.184879 0.216462 0.389548 1.41059e-38 3
0.191104 0.216462 0.389548 1.7233e-38 3
0.194427 0.213279 0.38382 1.69572e-38 3
0.20056 0.213279 0.38382 1.41974e-38 3
0.206693 0.213279 0.38382 1.42903e-38 3
0.212306 0.212758 0.382881 1.53981e-38 3
0.218424 0.212758 0.382881 1.35542e-38 3
0.225093 0.213279 0.38382 1.38301e-38 3
0.225694 0.208177 0.374637 1.18018e-38 3
0.236201 0.212239 0.381947 1.43832e-38 3
0.24961 0.218638 0.393463 1.39223e-38 3
0.255897 0.218638 0.393463 1.35535e-38 3
0.264846 0.220858 0.397458 1.39223e-38 3
0.271197 0.220858 0.397458 1.19858e-38 3
0.28184 0.224273 0.403604 1.35531e-38 3
0.292818 0.227795 0.409943 1.34609e-38 3
0.299368 0.227795 0.409943 1.32769e-38 3
0.304326 0.226609 0.407808 1.32765e-38 3
0.310842 0.226609 0.407808 1.34613e-38 3
0.317359 0.226609 0.407808 1.29088e-38 3
0.323875 0.226609 0.407808 1.29088e-38 3
0.337421 0.231431 0.416485 1.23557e-38 3
0.344076 0.231431 0.416485 1.21713e-38 3
0.34704 0.228994 0.412101 1.14326e-38 3
0.351773 0.227795 0.409943 1.13404e-38 3
