# .PCD v0.7 - Point Cloud Data file format
VERSION 0.7
FIELDS x y z rgb label
SIZE 4 4 4 4 4
TYPE F F F F U
COUNT 1 1 1 1 1
WIDTH 4057
HEIGHT 1
VIEWPOINT 0 0 0 1 0 0 0
POINTS 4057
DATA ascii
4.11471 -4.88179 5.39995 1.82562e-38 1
3.61595 -4.21245 4.74541 1.77952e-38 1
3.38577 -3.86141 4.34996 1.80718e-38 1
4.32464 -5.05369 5.79994 1.79796e-38 1
3.22504 -3.68783 4.23239 1.79796e-38 1
3.20757 -3.59078 4.12101 1.8164e-38 1
3.33615 -3.82539 4.47424 1.79796e-38 1
2.9104 -3.26557 3.81947 1.81636e-38 1
3.12532 -3.43304 4.01534 1.8348e-38 1
2.78013 -3.12684 3.72853 1.80718e-38 1
2.71197 -2.98471 3.55906 1.82562e-38 1
2.71547 -2.99457 3.64182 1.82562e-38 1
2.71197 -2.92651 3.55906 1.78874e-38 1
1.10744 -1.01301 1.33845 1.80718e-38 1
1.13907 -1.02174 1.34999 1.8164e-38 1
1.31975 -1.13963 1.50575 1.8164e-38 1
0.919412 -0.89291 1.23306 1.77952e-38 1
3.60139 -3.57543 5.05156 1.78874e-38 1
3.56888 -3.4637 4.8937 1.77952e-38 1
3.84976 -3.7337 5.39995 1.79796e-38 1
3.93808 -3.7337 5.39995 1.77948e-38 1
4.13493 -3.91541 5.79994 1.77956e-38 1
3.93808 -3.64538 5.39995 1.79792e-38 1
4.02639 -3.64538 5.39995 1.82558e-38 1
4.11471 -3.64538 5.39995 1.81636e-38 1
3.93186 -3.4102 5.05156 1.79792e-38 1
3.68401 -3.32758 5.05156 1.7887e-38 1
3.89218 -3.4385 5.21995 1.7887e-38 1
3.72895 -3.22359 4.8937 1.79792e-38 1
3.38577 -2.86542 4.34996 1.8348e-38 1
-4.42789 -3.59264 5.5928 1.48446e-38 1
-4.49703 -3.7257 5.79994 1.49361e-38 1
-4.24495 -3.59264 5.5928 1.49361e-38 1
-4.15348 -3.59264 5.5928 1.48439e-38 1
4.22979 -3.7257 5.79994 1.80714e-38 1
4.32464 -3.7257 5.79994 1.79792e-38 1
4.26166 -3.59264 5.5928 1.81636e-38 1
3.93186 -3.24496 5.05156 1.81636e-38 1
-4.59189 -3.63084 5.79994 1.45684e-38 1
-4.49703 -3.63084 5.79994 1.4568e-38 1
-4.09857 -3.38044 5.39995 1.4568e-38 1
-4.01026 -3.38044 5.39995 1.44751e-38 1
-4.06201 -3.50117 5.5928 1.49361e-38 1
4.22979 -3.63084 5.79994 1.77941e-38 1
-4.59189 -3.53598 5.79994 1.40163e-38 1
-4.49703 -3.53598 5.79994 1.46598e-38 1
-3.96195 -3.18239 5.21995 1.4568e-38 1
-3.87658 -3.18239 5.21995 1.44758e-38 1
-1.99538 -1.40535 2.74734 1.37397e-38 1
-1.95044 -1.40535 2.74734 1.35553e-38 1
-2.21661 -1.63479 3.19589 1.3462e-38 1
-1.99538 -1.36042 2.74734 1.34631e-38 1
-2.0588 -1.43599 2.89997 1.31865e-38 1
-3.03009 -2.21553 4.47424 1.33698e-38 1
-4.24724 -2.33617 5.05156 1.41092e-38 1
-3.5862 -2.01171 4.34996 1.38326e-38 1
-4.19454 -2.18313 4.8937 1.35557e-38 1
-3.87248 -2.05471 4.60584 1.39248e-38 1
-3.5862 -1.94056 4.34996 1.38319e-38 1
-4.36352 -2.40898 5.39995 1.39241e-38 1
-4.62846 -2.32066 5.39995 1.39241e-38 1
-3.65734 -1.86942 4.34996 1.39241e-38 1
-3.39745 -1.77103 4.12101 1.40163e-38 1
-4.21807 -2.24331 5.21995 1.37397e-38 1
6.69606 -2.49256 5.79994 1.82526e-38 1
-3.83501 -1.84966 4.47424 1.39241e-38 1
-3.13486 -1.54138 3.72853 1.3923e-38 1
-3.0024 -1.50554 3.64182 1.38319e-38 1
-3.51506 -1.79828 4.34996 1.38319e-38 1
-3.44168 -1.59428 4.01534 1.38315e-38 1
-3.13486 -1.4804 3.72853 1.39241e-38 1
-3.22758 -1.55442 3.91496 1.40163e-38 1
-3.62771 -1.61124 4.23239 1.39241e-38 1
-3.05058 -1.2967 3.55906 1.38319e-38 1
-2.91794 -1.18464 3.40431 1.38319e-38 1
-2.73929 -1.05984 3.19589 1.35553e-38 1
-2.63329 -1.03865 3.13197 1.41074e-38 1
0.0560922 -1.63885 5.79994 1.4568e-38 1
3.7752 -1.04473 4.47424 1.67778e-38 1
-3.52417 -0.176728 4.74541 8.20931e-39 2
-3.55426 -0.182251 4.8937 7.83981e-39 2
-2.81775 -0.0743386 3.55906 7.56394e-39 2
-2.82372 -0.0760674 3.64182 7.28736e-39 2
-3.12786 -0.0860763 4.12101 7.37955e-39 2
-2.90744 -0.0817725 3.91496 8.39298e-39 2
-2.77406 -0.079778 3.81947 7.83981e-39 2
-2.85065 -0.0838692 4.01534 8.11604e-39 2
-2.99401 -0.102216 4.8937 7.37955e-39 2
-2.91398 -0.102216 4.8937 7.47175e-39 2
-2.04958 -0.0991181 4.74541 8.02493e-39 2
-1.97197 -0.0991181 4.74541 8.66921e-39 2
1.63095 -0.0317563 1.52037 6.73454e-39 2
3.29376 -0.0563948 2.69997 7.74869e-39 2
4.39998 -0.0743386 3.55906 7.01112e-39 2
-4.64492 -0.0236589 5.21995 7.932e-39 2
-4.55955 -0.0236589 5.21995 8.57701e-39 2
-2.38425 -0.0136494 3.01151 7.93308e-39 2
-2.38078 -0.013917 3.07056 8.20859e-39 2
-2.47622 -0.0147868 3.26247 8.30078e-39 2
-2.42286 -0.0147868 3.26247 8.66957e-39 2
-2.52748 -0.0157726 3.47996 9.03943e-39 2
-2.52671 -0.0161311 3.55906 9.03835e-39 2
-2.41365 -0.0157726 3.47996 9.03763e-39 2
-2.35673 -0.0157726 3.47996 8.20787e-39 2
-2.20195 -0.0151014 3.33188 7.74689e-39 2
-2.19415 -0.0154297 3.40431 7.37811e-39 2
-2.18599 -0.0157726 3.47996 7.19444e-39 2
-2.12908 -0.0157726 3.47996 8.30079e-39 2
-2.22017 -0.0168992 3.72853 7.74833e-39 2
-2.10898 -0.0165062 3.64182 8.57737e-39 2
-2.04942 -0.0165062 3.64182 8.66957e-39 2
-1.64966 -0.0173114 3.81947 8.5763e-39 2
-1.51337 -0.0165062 3.64182 7.74726e-39 2
4.66052 -0.0236589 5.21995 7.38062e-39 2
4.18755 -0.0208755 4.60584 7.65649e-39 2
4.26288 -0.0208755 4.60584 7.65542e-39 2
2.5877 -0.0124521 2.74734 8.30114e-39 2
2.63263 -0.0124521 2.74734 8.4866e-39 2
2.67756 -0.0124521 2.74734 7.74868e-39 2
2.92797 -0.0133918 2.95469 8.02528e-39 2
3.50541 -0.0157726 3.47996 7.5643e-39 2
5.42886 -0.0236589 5.21995 7.10332e-39 2
4.8655 -0.0208755 4.60584 7.5643e-39 2
4.66633 -0.0197158 4.34996 7.84088e-39 2
5.80987 -0.0221802 4.8937 7.01149e-39 2
5.54344 -0.0208755 4.60584 7.65649e-39 2
3.13177 -0.0116355 2.56719 7.28699e-39 2
3.39648 -0.0124521 2.74734 7.74796e-39 2
-4.43465 0.0578551 4.8937 8.48518e-39 2
-4.35462 0.0578551 4.8937 8.94615e-39 2
-4.27458 0.0578551 4.8937 8.76212e-39 2
-4.19454 0.0578551 4.8937 9.22238e-39 2
-2.15843 0.0303502 2.56719 9.31529e-39 2
-2.08231 0.0298607 2.52578 8.48518e-39 2
-2.041 0.0298607 2.52578 8.85504e-39 2
-2.1376 0.03192 2.69997 8.30186e-39 2
-2.09344 0.03192 2.69997 8.02384e-39 2
-2.08524 0.03248 2.74734 6.54907e-39 2
-2.07674 0.03306 2.7964 7.37883e-39 2
-2.18724 0.0356031 3.01151 7.4721e-39 2
-2.17991 0.0363012 3.07056 7.8398e-39 2
-2.12969 0.0363012 3.07056 7.01005e-39 2
-2.12106 0.0370273 3.13197 7.83981e-39 2
-1.95268 0.0349314 2.95469 8.1164e-39 2
-1.90435 0.0349314 2.95469 8.0242e-39 2
-2.07216 0.0411414 3.47996 8.3937e-39 2
-1.97144 0.040247 3.40431 7.84053e-39 2
-1.875 0.0393907 3.33188 7.19516e-39 2
-1.82051 0.0393907 3.33188 7.47175e-39 2
-1.76602 0.0393907 3.33188 7.74834e-39 2
-2.87292 0.0661201 5.5928 7.4714e-39 2
-1.8543 0.0440801 3.72853 7.65614e-39 2
-2.03566 0.0500368 4.23239 8.20824e-39 2
-2.13995 0.0544518 4.60584 8.66921e-39 2
-1.94992 0.0514267 4.34996 8.66921e-39 2
-1.61038 0.0440801 3.72853 7.28628e-39 2
-1.41467 0.040247 3.40431 6.45652e-39 2
-1.05956 0.031379 2.65421 6.3654e-39 2
-1.01615 0.031379 2.65421 6.82531e-39 2
-0.989509 0.03192 2.69997 7.56287e-39 2
-0.929329 0.031379 2.65421 7.10189e-39 2
-0.88592 0.031379 2.65421 7.93165e-39 2
-0.955925 0.0356031 3.01151 7.37848e-39 2
-0.906673 0.0356031 3.01151 7.28556e-39 2
-0.969258 0.040247 3.40431 8.94508e-39 2
-0.894143 0.0393907 3.33188 8.39119e-39 2
-0.680407 0.03192 2.69997 7.56215e-39 2
-0.604958 0.0303502 2.56719 7.28628e-39 2
-0.536583 0.0289275 2.44685 7.19481e-39 2
-0.496566 0.0289275 2.44685 7.3792e-39 2
-0.351381 0.0342845 2.89997 8.48483e-39 2
-0.287955 0.03248 2.74734 9.13019e-39 2
-0.243023 0.03248 2.74734 8.6685e-39 2
-0.198091 0.03248 2.74734 9.03692e-39 2
-0.153158 0.03248 2.74734 9.22167e-39 2
-0.104558 0.031379 2.65421 8.94508e-39 2
-0.112743 0.0578551 4.8937 9.49826e-39 2
-0.0327075 0.0578551 4.8937 8.75997e-39 2
0.0256693 0.031379 2.65421 9.4057e-39 2
0.0690783 0.031379 2.65421 7.83874e-39 2
0.107044 0.0298607 2.52578 7.47067e-39 2
0.150785 0.0303502 2.56719 7.47067e-39 2
0.195984 0.030856 2.60997 7.83909e-39 2
0.242714 0.031379 2.65421 7.7469e-39 2
0.291056 0.03192 2.69997 7.10153e-39 2
0.341095 0.03248 2.74734 8.20787e-39 2
0.542516 0.0370273 3.13197 8.02384e-39 2
0.593739 0.0370273 3.13197 7.56287e-39 2
1.70053 0.0661201 5.5928 7.4721e-39 2
1.792 0.0661201 5.5928 8.02564e-39 2
0.824017 0.0289275 2.44685 7.19552e-39 2
0.850742 0.0284825 2.40921 7.56431e-39 2
0.904052 0.0289275 2.44685 7.19516e-39 2
0.94407 0.0289275 2.44685 7.65614e-39 2
0.968948 0.0284825 2.40921 7.56394e-39 2
0.993072 0.0280509 2.3727 7.01149e-39 2
2.52237 0.068569 5.79994 7.01149e-39 2
3.24874 0.0578551 4.8937 7.19516e-39 2
3.13297 0.0544518 4.60584 6.82638e-39 2
3.03005 0.0514267 4.34996 7.3799e-39 2
3.28362 0.0544518 4.60584 8.20967e-39 2
4.71901 0.0661201 5.5928 6.45867e-39 2
4.20916 0.0578551 4.8937 6.55159e-39 2
3.81262 0.0514267 4.34996 7.65721e-39 2
3.32894 0.0440801 3.72853 7.47282e-39 2
2.49784 0.03248 2.74734 7.38027e-39 2
2.49893 0.03192 2.69997 6.45795e-39 2
2.5877 0.03248 2.74734 6.82673e-39 2
2.63263 0.03248 2.74734 8.671e-39 2
2.67756 0.03248 2.74734 7.19551e-39 2
2.7225 0.03248 2.74734 7.5643e-39 2
2.92118 0.0342845 2.89997 7.19552e-39 2
4.71484 0.0544518 4.60584 6.82673e-39 2
4.52405 0.0514267 4.34996 7.65649e-39 2
1.66325 0.0183303 1.55048 7.19587e-39 2
1.6886 0.0183303 1.55048 7.56465e-39 2
1.71396 0.0183303 1.55048 6.3661e-39 2
1.75671 0.0185136 1.56598 8.671e-39 2
5.6498 0.0578551 4.8937 6.55014e-39 2
5.72984 0.0578551 4.8937 5.99697e-39 2
4.6479 0.0462841 3.91496 6.73454e-39 2
4.71193 0.0462841 3.91496 7.5643e-39 2
3.13177 0.0303502 2.56719 7.4721e-39 2
6.04998 0.0578551 4.8937 7.65577e-39 2
-4.17379 0.129779 4.60584 8.0242e-39 2
-3.48369 0.110312 3.91496 8.02455e-39 2
-3.59965 0.116118 4.12101 7.93236e-39 2
-3.35564 0.110312 3.91496 8.85431e-39 2
-2.08991 0.0700396 2.48569 7.01112e-39 2
-2.04926 0.0700396 2.48569 7.28771e-39 2
-1.83394 0.0639492 2.26954 7.932e-39 2
-2.03247 0.072336 2.56719 7.10224e-39 2
-2.05796 0.074788 2.65421 8.57701e-39 2
-2.01455 0.074788 2.65421 9.03835e-39 2
-2.04031 0.0774122 2.74734 9.22274e-39 2
-2.10623 0.0817128 2.89997 8.30186e-39 2
-2.09765 0.0832546 2.95469 8.48518e-39 2
-2.01137 0.0817128 2.89997 8.48518e-39 2
-2.001 0.0832546 2.95469 9.22274e-39 2
-1.88167 0.0802271 2.84724 9.31494e-39 2
-1.8351 0.0802271 2.84724 8.48518e-39 2
-1.69603 0.0760775 2.69997 7.37955e-39 2
-1.65187 0.0760775 2.69997 7.01077e-39 2
-2.33118 0.110312 3.91496 7.38027e-39 2
-1.77816 0.0865195 3.07056 7.19588e-39 2
-1.72794 0.0865195 3.07056 6.7349e-39 2
-1.64546 0.0848556 3.01151 6.73455e-39 2
-1.59621 0.0848556 3.01151 7.56431e-39 2
-1.54696 0.0848556 3.01151 7.10261e-39 2
-1.4977 0.0848556 3.01151 6.73419e-39 2
-1.44845 0.0848556 3.01151 6.82638e-39 2
-0.970111 0.0588332 2.08798 6.4576e-39 2
-0.935962 0.0588332 2.08798 7.47175e-39 2
-0.914 0.0596283 2.11619 7.65614e-39 2
-0.879391 0.0596283 2.11619 7.28736e-39 2
-0.868247 0.0612846 2.17498 7.56287e-39 2
-0.844403 0.0621478 2.20561 8.57775e-39 2
-0.85659 0.0658581 2.33729 7.74799e-39 2
-0.870323 0.0700396 2.48569 7.3792e-39 2
-0.856873 0.072336 2.56719 7.74798e-39 2
-0.828469 0.0735415 2.60997 8.57702e-39 2
-0.785783 0.0735415 2.60997 8.85361e-39 2
-0.743098 0.0735415 2.60997 8.39191e-39 2
-0.68893 0.072336 2.56719 8.85289e-39 2
-0.646944 0.072336 2.56719 8.57702e-39 2
-0.550783 0.0658581 2.33729 7.19481e-39 2
-0.50502 0.0648896 2.30292 7.65579e-39 2
-0.435345 0.0604451 2.14518 7.56431e-39 2
-0.394852 0.0596283 2.11619 8.57702e-39 2
-0.365177 0.0604451 2.14518 7.37956e-39 2
-0.334678 0.0612846 2.17498 7.84089e-39 2
-0.312111 0.0639492 2.26954 7.84053e-39 2
-0.279038 0.0648896 2.30292 6.4576e-39 2
-0.252514 0.0678845 2.40921 6.82638e-39 2
-0.227087 0.072336 2.56719 6.18101e-39 2
-0.188186 0.0735415 2.60997 5.62676e-39 2
-0.145501 0.0735415 2.60997 4.98247e-39 2
-0.0963891 0.0689452 2.44685 4.89027e-39 2
-0.0563714 0.0689452 2.44685 7.19516e-39 2
-0.0163537 0.0689452 2.44685 7.00969e-39 2
0.0244273 0.0711692 2.52578 7.28628e-39 2
0.0646924 0.0700396 2.48569 5.81223e-39 2
0.105345 0.0700396 2.48569 5.16722e-39 2
0.150785 0.072336 2.56719 5.90442e-39 2
0.192771 0.072336 2.56719 5.35017e-39 2
0.238669 0.0735415 2.60997 7.37883e-39 2
0.281355 0.0735415 2.60997 7.28664e-39 2
0.335214 0.0760775 2.69997 8.20859e-39 2
0.423145 0.0848556 3.01151 7.93273e-39 2
0.44663 0.0802271 2.84724 8.20931e-39 2
0.493196 0.0802271 2.84724 7.47175e-39 2
0.539762 0.0802271 2.84724 7.10297e-39 2
0.586328 0.0802271 2.84724 6.82566e-39 2
0.610687 0.0774122 2.74734 6.18029e-39 2
0.622839 0.0735415 2.60997 7.37955e-39 2
0.676804 0.074788 2.65421 7.56394e-39 2
0.732631 0.0760775 2.69997 6.82638e-39 2
1.25149 0.122569 4.34996 7.56394e-39 2
1.08216 0.100284 3.55906 7.19552e-39 2
0.796444 0.0700396 2.48569 6.7349e-39 2
0.824017 0.0689452 2.44685 7.74905e-39 2
0.864035 0.0689452 2.44685 7.28808e-39 2
0.904052 0.0689452 2.44685 6.54979e-39 2
0.94407 0.0689452 2.44685 7.10296e-39 2
0.954267 0.066856 2.3727 7.5643e-39 2
0.993072 0.066856 2.3727 7.10368e-39 2
1.30969 0.0848556 3.01151 7.28808e-39 2
2.07838 0.129779 4.60584 6.73562e-39 2
2.15371 0.129779 4.60584 7.28808e-39 2
2.36835 0.13789 4.8937 7.56466e-39 2
2.61161 0.147083 5.21995 6.91929e-39 2
2.99665 0.163426 5.79994 7.56466e-39 2
3.09151 0.163426 5.79994 7.19516e-39 2
1.23181 0.0596283 2.11619 7.93344e-39 2
1.20883 0.0513081 1.82091 7.65685e-39 2
2.31567 0.0959238 3.40431 7.10368e-39 2
2.37135 0.0959238 3.40431 7.7494e-39 2
2.42702 0.0959238 3.40431 8.30258e-39 2
2.4827 0.0959238 3.40431 7.47282e-39 2
1.76917 0.066856 2.3727 6.7349e-39 2
1.1152 0.0412383 1.46354 7.47247e-39 2
1.11823 0.0404816 1.43668 8.02564e-39 2
1.13135 0.0401136 1.42362 6.82745e-39 2
3.146 0.105059 3.72853 7.19623e-39 2
3.20698 0.105059 3.72853 6.55051e-39 2
3.11942 0.100284 3.55906 7.28843e-39 2
2.58918 0.0817128 2.89997 6.73525e-39 2
2.45477 0.0760775 2.69997 7.56466e-39 2
2.49893 0.0760775 2.69997 8.02564e-39 2
2.54308 0.0760775 2.69997 6.55086e-39 2
2.58724 0.0760775 2.69997 8.48625e-39 2
2.67756 0.0774122 2.74734 6.64234e-39 2
2.67556 0.0760775 2.69997 7.5643e-39 2
2.86806 0.0802271 2.84724 7.37991e-39 2
3.02461 0.0832546 2.95469 7.93308e-39 2
3.01603 0.0817128 2.89997 8.21002e-39 2
2.85219 0.0760775 2.69997 7.38026e-39 2
1.64694 0.0432597 1.53528 7.01112e-39 2
1.6886 0.043688 1.55048 7.38062e-39 2
1.71396 0.043688 1.55048 6.64306e-39 2
1.75671 0.0441249 1.56598 7.10367e-39 2
1.80033 0.0445706 1.5818 7.47245e-39 2
1.84483 0.0450254 1.59794 7.38026e-39 2
1.87097 0.0450254 1.59794 7.74904e-39 2
1.9991 0.0474462 1.68385 7.28771e-39 2
3.36566 0.0787945 2.7964 7.93308e-39 2
4.77595 0.110312 3.91496 7.38026e-39 2
6.04998 0.13789 4.8937 7.6572e-39 2
-3.54772 0.174341 3.91496 7.10259e-39 2
-3.0293 0.151601 3.40431 6.91785e-39 2
-2.97362 0.151601 3.40431 7.93308e-39 2
-1.69906 0.0882737 1.98226 8.94723e-39 2
-1.70993 0.0905665 2.03375 8.20967e-39 2
-1.76854 0.0955291 2.14518 8.11747e-39 2
-1.73345 0.0955291 2.14518 7.932e-39 2
-1.85046 0.104084 2.33729 8.30079e-39 2
-1.95838 0.112478 2.52578 8.39226e-39 2
-1.9485 0.114322 2.56719 7.19444e-39 2
-1.97114 0.118197 2.65421 6.54907e-39 2
-1.99538 0.122344 2.74734 5.44344e-39 2
-1.98527 0.124529 2.7964 6.73454e-39 2
-1.87266 0.120235 2.69997 7.01077e-39 2
-1.86058 0.122344 2.74734 6.91857e-39 2
-1.66922 0.112478 2.52578 6.64199e-39 2
-1.13405 0.0783553 1.75953 7.01077e-39 2
-1.093 0.0774847 1.73998 7.10297e-39 2
-1.06454 0.0774847 1.73998 7.01149e-39 2
-1.7268 0.129141 2.89997 7.10333e-39 2
-1.6194 0.124529 2.7964 7.84053e-39 2
-1.01293 0.0801566 1.79998 7.65614e-39 2
-1.08309 0.0882737 1.98226 8.02493e-39 2
-1.07796 0.0905665 2.03375 7.47175e-39 2
-1.07256 0.0929816 2.08798 7.93237e-39 2
-1.02474 0.0917582 2.06051 8.02493e-39 2
-0.965634 0.0894054 2.00767 6.91894e-39 2
-0.932799 0.0894054 2.00767 7.19588e-39 2
-0.923647 0.0917582 2.06051 7.28772e-39 2
-0.889948 0.0917582 2.06051 7.28772e-39 2
-0.856249 0.0917582 2.06051 7.4714e-39 2
-0.844781 0.0942382 2.11619 8.02385e-39 2
-0.821269 0.0955291 2.14518 7.74726e-39 2
-0.819879 0.0996232 2.23712 7.47068e-39 2
-0.783291 0.0996232 2.23712 7.74726e-39 2
-0.757525 0.101067 2.26954 7.65506e-39 2
-0.76474 0.107287 2.40921 8.5781e-39 2
-0.714348 0.105661 2.3727 8.02385e-39 2
-0.685936 0.107287 2.40921 7.83945e-39 2
-0.627235 0.104084 2.33729 6.27141e-39 2
-0.580347 0.102553 2.30292 6.08774e-39 2
-0.527178 0.0996232 2.23712 7.3792e-39 2
-0.490591 0.0996232 2.23712 8.02529e-39 2
-0.429462 0.0942382 2.11619 7.28772e-39 2
-0.394852 0.0942382 2.11619 7.37956e-39 2
-0.360243 0.0942382 2.11619 6.36576e-39 2
-0.330093 0.0955291 2.14518 6.45904e-39 2
-0.299107 0.0968559 2.17498 6.73455e-39 2
-0.267247 0.09822 2.20561 6.82674e-39 2
-0.234477 0.0996232 2.23712 6.8271e-39 2
-0.20371 0.102553 2.30292 7.01149e-39 2
-0.16364 0.101067 2.26954 6.64271e-39 2
-0.126522 0.101067 2.26954 6.91929e-39 2
-0.0868859 0.09822 2.20561 6.64271e-39 2
-0.0508137 0.09822 2.20561 5.72003e-39 2
-0.0147414 0.09822 2.20561 5.99662e-39 2
0.0219491 0.101067 2.26954 5.62783e-39 2
0.0599356 0.102553 2.30292 6.73455e-39 2
0.099056 0.104084 2.33729 5.16722e-39 2
0.143717 0.108963 2.44685 7.00969e-39 2
0.186651 0.110692 2.48569 7.47067e-39 2
0.23097 0.112478 2.52578 6.8253e-39 2
0.281355 0.116227 2.60997 7.10189e-39 2
0.341095 0.122344 2.74734 6.08774e-39 2
0.39292 0.124529 2.7964 6.64234e-39 2
0.430959 0.122344 2.74734 7.74833e-39 2
0.493196 0.126793 2.84724 8.3937e-39 2
0.539762 0.126793 2.84724 7.28736e-39 2
0.556001 0.120235 2.69997 8.30079e-39 2
0.580153 0.116227 2.60997 7.47175e-39 2
0.583911 0.108963 2.44685 6.73418e-39 2
0.665524 0.116227 2.60997 6.91929e-39 2
0.720213 0.118197 2.65421 6.82638e-39 2
0.738585 0.114322 2.56719 6.4576e-39 2
0.780571 0.114322 2.56719 7.19552e-39 2
0.784 0.108963 2.44685 7.10368e-39 2
0.799047 0.105661 2.3727 6.91929e-39 2
0.837852 0.105661 2.3727 7.38027e-39 2
0.863573 0.104084 2.33729 6.64199e-39 2
0.915462 0.105661 2.3727 5.35125e-39 2
0.9262 0.102553 2.30292 5.25941e-39 2
0.949895 0.101067 2.26954 6.27392e-39 2
0.987013 0.101067 2.26954 6.8271e-39 2
1.21836 0.120235 2.69997 7.19696e-39 2
1.26252 0.120235 2.69997 6.82709e-39 2
1.35334 0.124529 2.7964 6.91965e-39 2
1.4509 0.129141 2.89997 7.28843e-39 2
1.49832 0.129141 2.89997 6.91929e-39 2
1.12798 0.0942382 2.11619 7.19588e-39 2
1.14709 0.0929816 2.08798 6.7349e-39 2
1.05468 0.0830193 1.86427 6.64306e-39 2
1.05993 0.0810886 1.82091 6.55159e-39 2
1.05298 0.0783553 1.75953 7.56501e-39 2
1.13 0.0758003 1.70216 7.28843e-39 2
1.15784 0.0758003 1.70216 7.93379e-39 2
1.16045 0.0741875 1.66594 8.30257e-39 2
1.17519 0.0734066 1.6484 7.28843e-39 2
1.16535 0.0711594 1.59794 7.75013e-39 2
1.13364 0.0677051 1.52037 7.28915e-39 2
1.12572 0.0657889 1.47734 7.84232e-39 2
1.12859 0.0645706 1.44999 7.47354e-39 2
1.13135 0.0633966 1.42362 5.99769e-39 2
1.16523 0.0639782 1.43668 7.7494e-39 2
1.16731 0.0628254 1.4108 7.8416e-39 2
1.2012 0.0633966 1.42362 8.21038e-39 2
2.24489 0.116227 2.60997 7.56429e-39 2
2.28757 0.116227 2.60997 6.73525e-39 2
2.18462 0.108963 2.44685 5.99768e-39 2
2.22464 0.108963 2.44685 5.99877e-39 2
2.33771 0.112478 2.52578 4.06266e-39 2
2.49998 0.118197 2.65421 4.52328e-39 2
2.54339 0.118197 2.65421 6.91929e-39 2
2.5868 0.118197 2.65421 8.4859e-39 2
2.63021 0.118197 2.65421 7.37955e-39 2
2.86806 0.126793 2.84724 7.84089e-39 2
2.86258 0.124529 2.7964 5.72038e-39 2
2.80803 0.120235 2.69997 5.90513e-39 2
1.56063 0.0657889 1.47734 6.64161e-39 2
1.61527 0.0670541 1.50575 6.91892e-39 2
1.65582 0.0677051 1.52037 6.82709e-39 2
1.69716 0.0683689 1.53528 7.19696e-39 2
1.73932 0.0690458 1.55048 7.4721e-39 2
1.80033 0.0704406 1.5818 6.73489e-39 2
1.84483 0.0711594 1.59794 7.28806e-39 2
1.87097 0.0711594 1.59794 7.47245e-39 2
1.97783 0.0741875 1.66594 8.85539e-39 2
2.04866 0.0758003 1.70216 6.91928e-39 2
4.77595 0.174341 3.91496 6.64305e-39 2
-2.95643 0.198641 3.26247 8.94507e-39 2
-2.24754 0.153786 2.52578 8.8536e-39 2
-2.20623 0.153786 2.52578 8.39298e-39 2
-1.67782 0.119184 1.95748 8.39298e-39 2
-1.70993 0.123828 2.03375 7.65542e-39 2
-1.74464 0.128848 2.11619 6.91785e-39 2
-1.71003 0.128848 2.11619 7.19443e-39 2
-1.77116 0.136211 2.23712 7.37991e-39 2
-1.78558 0.140217 2.30292 7.19552e-39 2
-1.77401 0.14231 2.33729 5.9959e-39 2
-1.81715 0.148981 2.44685 6.54835e-39 2
-1.86453 0.156307 2.56719 7.28592e-39 2
-1.85292 0.158913 2.60997 7.00933e-39 2
-1.81024 0.158913 2.60997 8.94544e-39 2
-1.73857 0.156307 2.56719 7.5625e-39 2
-1.52194 0.140217 2.30292 8.85324e-39 2
-1.12145 0.105942 1.73998 7.47031e-39 2
-1.093 0.105942 1.73998 8.11568e-39 2
-1.0414 0.103639 1.70216 7.56287e-39 2
-1.01356 0.103639 1.70216 7.56394e-39 2
-0.996552 0.104778 1.72086 6.64091e-39 2
-0.979168 0.105942 1.73998 7.74798e-39 2
-0.961393 0.107132 1.75953 7.47211e-39 2
-0.954055 0.109595 1.79998 7.47068e-39 2
-0.957639 0.113509 1.86427 7.19481e-39 2
-0.93832 0.114877 1.88673 7.84018e-39 2
-0.89666 0.113509 1.86427 7.10261e-39 2
-0.898251 0.117713 1.93331 7.74834e-39 2
-0.911651 0.123828 2.03375 5.6282e-39 2
-0.889948 0.125457 2.06051 7.28736e-39 2
-0.856249 0.125457 2.06051 7.37956e-39 2
-0.844781 0.128848 2.11619 7.83945e-39 2
-0.810171 0.128848 2.11619 8.02313e-39 2
-0.786185 0.130613 2.14518 7.74726e-39 2
-0.740951 0.128848 2.11619 7.10297e-39 2
-0.706341 0.128848 2.11619 7.65614e-39 2
-0.523243 0.100366 1.6484 6.73419e-39 2
-0.673528 0.136211 2.23712 7.19516e-39 2
-0.62797 0.134292 2.20561 7.19516e-39 2
-0.583677 0.132427 2.17498 6.82638e-39 2
-0.555825 0.134292 2.20561 7.37956e-39 2
-0.512534 0.132427 2.17498 6.36576e-39 2
-0.476963 0.132427 2.17498 6.91858e-39 2
-0.423736 0.12713 2.08798 6.64199e-39 2
-0.384462 0.125457 2.06051 7.0097e-39 2
-0.355439 0.12713 2.08798 6.5498e-39 2
-0.325633 0.128848 2.11619 5.81332e-39 2
-0.291023 0.128848 2.11619 5.44489e-39 2
-0.252994 0.12713 2.08798 5.81295e-39 2
-0.207765 0.120693 1.98226 4.61548e-39 2
-0.164908 0.113509 1.86427 5.53744e-39 2
-0.125457 0.105942 1.73998 6.275e-39 2
-0.0970003 0.105942 1.73998 6.64234e-39 2
-0.0685433 0.105942 1.73998 6.45831e-39 2
-0.0400863 0.105942 1.73998 7.38027e-39 2
-0.0116293 0.105942 1.73998 7.47103e-39 2
0.0213309 0.134292 2.20561 8.76105e-39 2
0.059067 0.138185 2.26954 6.7331e-39 2
0.0975993 0.140217 2.30292 7.37955e-39 2
0.139362 0.144466 2.3727 7.47103e-39 2
0.183735 0.148981 2.44685 6.9175e-39 2
0.23097 0.153786 2.52578 7.56287e-39 2
0.26377 0.148981 2.44685 7.37847e-39 2
0.303788 0.148981 2.44685 7.47067e-39 2
0.50233 0.17657 2.89997 7.93128e-39 2
0.549758 0.17657 2.89997 7.65542e-39 2
0.546577 0.161606 2.65421 7.74869e-39 2
0.5119 0.140217 2.30292 7.84089e-39 2
0.541599 0.138185 2.26954 7.74833e-39 2
0.587227 0.140217 2.30292 7.65614e-39 2
0.663947 0.148981 2.44685 7.28628e-39 2
0.652952 0.138185 2.26954 7.93201e-39 2
0.69007 0.138185 2.26954 7.47103e-39 2
0.727188 0.138185 2.26954 6.64199e-39 2
0.764306 0.138185 2.26954 6.54979e-39 2
0.801424 0.138185 2.26954 6.82638e-39 2
0.838541 0.138185 2.26954 7.37955e-39 2
0.888537 0.140217 2.30292 7.28736e-39 2
0.912777 0.138185 2.26954 6.82565e-39 2
0.949895 0.138185 2.26954 6.73454e-39 2
0.987013 0.138185 2.26954 7.56466e-39 2
0.968014 0.130613 2.14518 7.19696e-39 2
1.0031 0.130613 2.14518 7.47246e-39 2
0.98425 0.123828 2.03375 7.74941e-39 2
1.0309 0.125457 2.06051 7.93344e-39 2
1.02417 0.120693 1.98226 7.01149e-39 2
1.04338 0.119184 1.95748 7.10368e-39 2
1.04917 0.116277 1.90974 7.28843e-39 2
1.05468 0.113509 1.86427 7.10511e-39 2
1.03584 0.108349 1.77953 6.64378e-39 2
1.04128 0.105942 1.73998 4.79914e-39 2
1.05798 0.104778 1.72086 6.91964e-39 2
1.07432 0.103639 1.70216 6.36647e-39 2
1.10216 0.103639 1.70216 7.19623e-39 2
1.11785 0.102524 1.68385 5.2594e-39 2
1.14539 0.102524 1.68385 5.99732e-39 2
1.16045 0.101434 1.66594 6.55086e-39 2
1.17519 0.100366 1.6484 7.10511e-39 2
1.15358 0.0963106 1.5818 5.72219e-39 2
1.13364 0.0925704 1.52037 5.26121e-39 2
1.12572 0.0899505 1.47734 6.45939e-39 2
1.13914 0.0891098 1.46354 6.08988e-39 2
1.1523 0.0882848 1.44999 5.90621e-39 2
1.16523 0.0874748 1.43668 5.99877e-39 2
1.18872 0.0874748 1.43668 5.6289e-39 2
1.21222 0.0874748 1.43668 6.73454e-39 2
1.22448 0.0866796 1.42362 6.54907e-39 2
1.22549 0.0851317 1.3982 7.28806e-39 2
1.28271 0.0874748 1.43668 7.01219e-39 2
2.09377 0.140217 2.30292 8.11926e-39 2
2.19603 0.144466 2.3727 6.73633e-39 2
2.49998 0.161606 2.65421 7.19731e-39 2
2.54339 0.161606 2.65421 7.93452e-39 2
2.50199 0.156307 2.56719 8.8554e-39 2
2.58637 0.158913 2.60997 7.56394e-39 2
2.54425 0.153786 2.52578 8.02599e-39 2
2.58556 0.153786 2.52578 7.65721e-39 2
1.44129 0.0843783 1.38583 6.73525e-39 2
1.50388 0.0866796 1.42362 6.73525e-39 2
1.56998 0.0891098 1.46354 7.28807e-39 2
1.6399 0.0916803 1.50575 7.84125e-39 2
1.66452 0.0916803 1.50575 7.65685e-39 2
1.70555 0.0925704 1.52037 7.10367e-39 2
1.76468 0.0944035 1.55048 7.38026e-39 2
1.8262 0.0963106 1.5818 6.64341e-39 2
1.83355 0.0953475 1.56598 7.28878e-39 2
1.85916 0.0953475 1.56598 7.47245e-39 2
2.02663 0.102524 1.68385 6.92e-39 2
-2.15013 0.183271 2.3727 8.57629e-39 2
-1.99068 0.172798 2.23712 8.3919e-39 2
-1.95409 0.172798 2.23712 8.02384e-39 2
-1.50815 0.135909 1.75953 8.0242e-39 2
-1.54899 0.142305 1.84233 7.56322e-39 2
-1.59387 0.149332 1.93331 8.20859e-39 2
-1.62233 0.155075 2.00767 8.94615e-39 2
-1.65308 0.161278 2.08798 8.76176e-39 2
-1.66328 0.165697 2.14518 9.03835e-39 2
-1.67407 0.170365 2.20561 8.57737e-39 2
-1.68547 0.175303 2.26954 7.83909e-39 2
-1.69756 0.180536 2.33729 8.48446e-39 2
-1.76469 0.191998 2.48569 8.76104e-39 2
-1.72403 0.191998 2.48569 8.48446e-39 2
-1.65708 0.188998 2.44685 8.94544e-39 2
-1.47846 0.172798 2.23712 9.22203e-39 2
-1.13405 0.135909 1.75953 9.12911e-39 2
-1.10528 0.135909 1.75953 7.46959e-39 2
-1.0414 0.131477 1.70216 7.83874e-39 2
-1.00266 0.130063 1.68385 7.28592e-39 2
-0.97512 0.130063 1.68385 7.28556e-39 2
-0.947581 0.130063 1.68385 7.10189e-39 2
-0.930043 0.131477 1.70216 6.82638e-39 2
-0.912119 0.132922 1.72086 9.038e-39 2
-0.91411 0.137453 1.77953 8.30116e-39 2
-0.885006 0.137453 1.77953 8.4859e-39 2
-0.86574 0.139033 1.79998 7.93273e-39 2
-0.876606 0.145734 1.88673 7.74834e-39 2
-0.888572 0.153112 1.98226 7.38027e-39 2
-0.867129 0.155075 2.00767 8.30151e-39 2
-0.845129 0.157089 2.03375 6.82638e-39 2
-0.811867 0.157089 2.03375 6.9175e-39 2
-0.722321 0.145734 1.88673 7.65434e-39 2
-0.683232 0.143999 1.86427 7.10297e-39 2
-0.602532 0.132922 1.72086 7.93345e-39 2
-0.517517 0.119761 1.55048 7.84053e-39 2
-0.487335 0.118587 1.53528 7.47175e-39 2
-0.466802 0.119761 1.55048 8.30151e-39 2
-0.602512 0.163458 2.11619 7.10296e-39 2
-0.567902 0.163458 2.11619 7.28736e-39 2
-0.540597 0.165697 2.14518 7.19588e-39 2
-0.505513 0.165697 2.14518 6.64271e-39 2
-0.470429 0.165697 2.14518 7.37955e-39 2
-0.418161 0.159156 2.06051 7.37955e-39 2
-0.384462 0.159156 2.06051 6.64091e-39 2
-0.350762 0.159156 2.06051 6.18101e-39 2
-0.321291 0.161278 2.08798 4.61513e-39 2
-0.287142 0.161278 2.08798 5.44381e-39 2
-0.237182 0.151199 1.95748 5.07466e-39 2
-0.186516 0.137453 1.77953 6.36612e-39 2
-0.152223 0.132922 1.72086 6.73598e-39 2
-0.118854 0.127325 1.6484 6.27392e-39 2
-0.0928727 0.12868 1.66594 7.10332e-39 2
-0.0642594 0.125999 1.63123 6.45831e-39 2
-0.0375809 0.125999 1.63123 8.02564e-39 2
-0.0111345 0.12868 1.66594 8.02492e-39 2
0.0213309 0.170365 2.20561 8.67029e-39 2
0.0582232 0.172798 2.23712 8.02529e-39 2
0.0975993 0.177881 2.30292 8.30187e-39 2
0.139362 0.183271 2.3727 7.0097e-39 2
0.183735 0.188998 2.44685 6.64091e-39 2
0.188423 0.159156 2.06051 6.4576e-39 2
0.216427 0.155075 2.00767 6.82709e-39 2
0.170547 0.106104 1.37367 6.6427e-39 2
0.19823 0.108972 1.4108 7.01149e-39 2
0.225364 0.110971 1.43668 6.6427e-39 2
0.24886 0.110971 1.43668 7.01149e-39 2
0.280065 0.114112 1.47734 7.65685e-39 2
0.329062 0.123427 1.59794 7.65649e-39 2
0.378361 0.131477 1.70216 5.72038e-39 2
0.424663 0.137453 1.77953 6.27356e-39 2
0.539614 0.163458 2.11619 7.93273e-39 2
0.590175 0.167998 2.17498 7.932e-39 2
0.617174 0.165697 2.14518 7.65649e-39 2
0.626511 0.159156 2.06051 7.10332e-39 2
0.727188 0.175303 2.26954 7.47175e-39 2
0.753387 0.172798 2.23712 7.84053e-39 2
0.747273 0.163458 2.11619 7.37991e-39 2
0.814921 0.170365 2.20561 7.19552e-39 2
0.888537 0.177881 2.30292 7.28771e-39 2
0.912777 0.175303 2.26954 7.83981e-39 2
0.949895 0.175303 2.26954 7.28771e-39 2
1.00153 0.177881 2.30292 7.01149e-39 2
1.07068 0.183271 2.3727 6.6427e-39 2
1.04609 0.172798 2.23712 6.73525e-39 2
1.02415 0.163458 2.11619 7.10403e-39 2
1.05876 0.163458 2.11619 7.28843e-39 2
1.05077 0.157089 2.03375 5.8133e-39 2
1.0305 0.149332 1.93331 6.55086e-39 2
1.03653 0.145734 1.88673 6.91964e-39 2
1.00674 0.137453 1.77953 7.01292e-39 2
1.0242 0.135909 1.75953 6.36719e-39 2
1.02984 0.132922 1.72086 6.91964e-39 2
1.04648 0.131477 1.70216 6.64306e-39 2
1.06277 0.130063 1.68385 5.8133e-39 2
1.10216 0.131477 1.70216 5.90514e-39 2
1.11785 0.130063 1.68385 7.28843e-39 2
1.14539 0.130063 1.68385 9.13234e-39 2
1.16045 0.12868 1.66594 6.91964e-39 2
1.18769 0.12868 1.66594 7.7494e-39 2
1.15358 0.122181 1.5818 6.73669e-39 2
1.13364 0.117436 1.52037 6.92037e-39 2
1.1152 0.113046 1.46354 7.10476e-39 2
1.12859 0.111999 1.44999 6.55158e-39 2
1.16307 0.113046 1.46354 9.31745e-39 2
1.18701 0.113046 1.46354 7.28915e-39 2
1.21094 0.113046 1.46354 7.01184e-39 2
1.23488 0.113046 1.46354 6.64234e-39 2
1.25882 0.113046 1.46354 8.48626e-39 2
1.28275 0.113046 1.46354 6.55049e-39 2
1.30669 0.113046 1.46354 6.45902e-39 2
1.69496 0.143999 1.86427 6.36754e-39 2
1.81172 0.151199 1.95748 5.63033e-39 2
2.34125 0.191998 2.48569 5.81473e-39 2
2.30862 0.186091 2.40921 6.27535e-39 2
2.34802 0.186091 2.40921 5.99841e-39 2
2.42472 0.188998 2.44685 7.01149e-39 2
1.9237 0.147511 1.90974 6.55086e-39 2
1.95493 0.147511 1.90974 5.7211e-39 2
1.41622 0.105182 1.36173 4.89206e-39 2
1.46395 0.107043 1.38583 3.87719e-39 2
1.55544 0.111999 1.44999 6.36647e-39 2
1.59392 0.113046 1.46354 3.6928e-39 2
1.61785 0.113046 1.46354 4.98354e-39 2
1.67306 0.115199 1.49141 5.90549e-39 2
-2.08689 0.215544 2.30292 9.31277e-39 2
-1.88308 0.198068 2.11619 9.03727e-39 2
-1.84847 0.198068 2.11619 9.22238e-39 2
-1.50815 0.164686 1.75953 8.11639e-39 2
-1.60566 0.178744 1.90974 8.85396e-39 2
-1.57443 0.178744 1.90974 9.31457e-39 2
-1.5432 0.178744 1.90974 8.30042e-39 2
-1.61014 0.190351 2.03375 8.66849e-39 2
-1.64081 0.198068 2.11619 7.28592e-39 2
-1.65081 0.20357 2.17498 8.76104e-39 2
-1.66139 0.209386 2.23712 8.20787e-39 2
-1.62481 0.209386 2.23712 8.7614e-39 2
-1.65933 0.218761 2.33729 9.22238e-39 2
-1.62111 0.218761 2.33729 9.03799e-39 2
-1.5596 0.215544 2.30292 9.49897e-39 2
-1.39854 0.198068 2.11619 8.66885e-39 2
-1.12145 0.162856 1.73998 8.85252e-39 2
-1.08098 0.161066 1.72086 7.93057e-39 2
-1.01924 0.155926 1.66594 6.82422e-39 2
-0.991993 0.155926 1.66594 8.57594e-39 2
-0.97512 0.157602 1.68385 7.56178e-39 2
-0.947581 0.157602 1.68385 9.31422e-39 2
-0.930043 0.159315 1.70216 9.03835e-39 2
-0.922253 0.162856 1.73998 8.85324e-39 2
-0.91411 0.166557 1.77953 8.1164e-39 2
-0.885006 0.166557 1.77953 8.20859e-39 2
-0.855903 0.166557 1.77953 6.18101e-39 2
-0.876606 0.176591 1.88673 8.3937e-39 2
-0.856063 0.178744 1.90974 7.56466e-39 2
-0.84545 0.183213 1.95748 7.5643e-39 2
-0.803394 0.180951 1.93331 7.47175e-39 2
-0.762363 0.178744 1.90974 7.10224e-39 2
-0.673625 0.164686 1.75953 7.28736e-39 2
-0.630676 0.161066 1.72086 7.10368e-39 2
-0.537553 0.143696 1.53528 6.27392e-39 2
-0.502589 0.140933 1.50575 7.01113e-39 2
-0.482603 0.142301 1.52037 6.64234e-39 2
-0.449019 0.139591 1.49141 7.10404e-39 2
-0.474318 0.155926 1.66594 6.82745e-39 2
-0.48866 0.17043 1.82091 7.19623e-39 2
-0.533292 0.198068 2.11619 7.28807e-39 2
-0.498682 0.198068 2.11619 6.7349e-39 2
-0.45186 0.192855 2.06051 6.54979e-39 2
-0.41273 0.190351 2.03375 6.54979e-39 2
-0.374604 0.18791 2.00767 8.1164e-39 2
-0.337442 0.185532 1.98226 6.91893e-39 2
-0.305023 0.185532 1.98226 7.10333e-39 2
-0.276099 0.18791 2.00767 7.56395e-39 2
-0.220634 0.17043 1.82091 7.84089e-39 2
-0.178407 0.159315 1.70216 6.08953e-39 2
-0.145814 0.154284 1.6484 5.81294e-39 2
-0.115216 0.149561 1.59794 6.8253e-39 2
-0.0900003 0.151103 1.61442 6.18101e-39 2
-0.0635969 0.151103 1.61442 6.73418e-39 2
-0.0371935 0.151103 1.61442 6.73419e-39 2
-0.0110173 0.154284 1.6484 6.91678e-39 2
0.0166428 0.161066 1.72086 6.36361e-39 2
0.0536266 0.192855 2.06051 6.6402e-39 2
0.0961848 0.21242 2.26954 8.94473e-39 2
0.141506 0.225493 2.40921 8.39012e-39 2
0.186651 0.232651 2.48569 9.12733e-39 2
0.188423 0.192855 2.06051 6.73024e-39 2
0.205869 0.178744 1.90974 8.11461e-39 2
0.170547 0.12857 1.37367 9.40642e-39 2
0.19646 0.130866 1.3982 8.20859e-39 2
0.223315 0.133246 1.42362 6.36396e-39 2
0.246598 0.133246 1.42362 5.90298e-39 2
0.277448 0.136981 1.46354 6.64234e-39 2
0.310077 0.140933 1.50575 6.73454e-39 2
0.344645 0.145119 1.55048 7.3799e-39 2
0.370003 0.145119 1.55048 7.3799e-39 2
0.403348 0.148051 1.5818 7.19552e-39 2
0.429218 0.148051 1.5818 7.01184e-39 2
0.464471 0.151103 1.61442 6.27427e-39 2
0.566843 0.174488 1.86427 6.45867e-39 2
0.597333 0.174488 1.86427 6.82709e-39 2
0.627823 0.174488 1.86427 7.56466e-39 2
0.658312 0.174488 1.86427 7.56466e-39 2
0.936325 0.209386 2.23712 5.90514e-39 2
1.04609 0.209386 2.23712 7.19623e-39 2
1.02415 0.198068 2.11619 7.28843e-39 2
1.0646 0.192855 2.06051 6.18208e-39 2
1.03653 0.176591 1.88673 6.27428e-39 2
0.995426 0.164686 1.75953 6.45867e-39 2
1.00169 0.161066 1.72086 5.99733e-39 2
0.99697 0.155926 1.66594 6.08917e-39 2
1.01343 0.154284 1.6484 6.73525e-39 2
1.05146 0.155926 1.66594 6.18208e-39 2
1.10216 0.159315 1.70216 6.36719e-39 2
1.10595 0.155926 1.66594 5.26084e-39 2
1.12127 0.154284 1.6484 5.169e-39 2
1.12456 0.151103 1.61442 5.07573e-39 2
1.15096 0.151103 1.61442 4.24597e-39 2
1.14204 0.14657 1.56598 4.61583e-39 2
1.12274 0.140933 1.50575 5.26084e-39 2
1.1152 0.136981 1.46354 4.79987e-39 2
1.12859 0.135713 1.44999 4.70767e-39 2
1.16307 0.136981 1.46354 4.52328e-39 2
1.18701 0.136981 1.46354 5.62855e-39 2
1.22237 0.138274 1.47734 5.81294e-39 2
1.23488 0.136981 1.46354 6.7349e-39 2
1.27069 0.138274 1.47734 7.4721e-39 2
1.30718 0.139591 1.49141 6.8278e-39 2
1.33158 0.139591 1.49141 7.01219e-39 2
1.48309 0.152677 1.63123 7.10439e-39 2
1.57541 0.159315 1.70216 6.45901e-39 2
1.60325 0.159315 1.70216 7.10438e-39 2
1.63109 0.159315 1.70216 6.45902e-39 2
2.14959 0.206437 2.20561 6.64413e-39 2
2.24902 0.21242 2.26954 6.18316e-39 2
1.67812 0.155926 1.66594 7.1973e-39 2
1.70537 0.155926 1.66594 7.2895e-39 2
1.36862 0.123168 1.31595 7.47389e-39 2
1.40192 0.124212 1.32711 8.21002e-39 2
1.48662 0.129708 1.38583 7.56501e-39 2
1.55045 0.133246 1.42362 6.82745e-39 2
1.54563 0.130866 1.3982 5.90622e-39 2
-1.91769 0.232678 2.11619 1.05113e-38 2
-1.29026 0.159427 1.44999 9.12838e-39 2
-1.34104 0.168805 1.53528 8.57629e-39 2
-1.31594 0.168805 1.53528 6.91749e-39 2
-1.29083 0.168805 1.53528 9.31457e-39 2
-1.34482 0.179356 1.63123 8.02384e-39 2
-1.07804 0.179356 1.63123 8.57701e-39 2
-1.04052 0.177507 1.61442 7.83981e-39 2
-1.01412 0.177507 1.61442 8.20859e-39 2
-0.967762 0.173921 1.5818 8.66885e-39 2
-0.941892 0.173921 1.5818 8.20823e-39 2
-0.916022 0.173921 1.5818 8.66849e-39 2
-0.890152 0.173921 1.5818 8.30007e-39 2
-0.891291 0.179356 1.63123 9.03763e-39 2
-0.864613 0.179356 1.63123 7.74653e-39 2
-0.874366 0.187154 1.70216 7.46995e-39 2
-0.846528 0.187154 1.70216 6.36396e-39 2
-0.855903 0.195661 1.77953 8.39298e-39 2
-0.86617 0.204978 1.86427 7.10296e-39 2
-0.856063 0.209977 1.90974 6.18172e-39 2
-0.814892 0.207448 1.88673 5.62819e-39 2
-0.784035 0.207448 1.88673 7.10332e-39 2
-0.735456 0.202566 1.84233 7.65577e-39 2
-0.651659 0.187154 1.70216 7.28771e-39 2
-0.568233 0.170477 1.55048 7.28915e-39 2
-0.517268 0.162435 1.47734 6.82745e-39 2
-0.488498 0.160917 1.46354 7.28771e-39 2
-0.468944 0.162435 1.47734 7.01112e-39 2
-0.444783 0.162435 1.47734 8.11783e-39 2
-0.432872 0.167166 1.52037 8.11783e-39 2
-0.451879 0.185141 1.68385 7.47246e-39 2
-0.499539 0.217951 1.98226 6.91965e-39 2
-0.45003 0.209977 1.90974 7.01149e-39 2
-0.418797 0.209977 1.90974 7.10296e-39 2
-0.378336 0.204978 1.86427 7.01077e-39 2
-0.347846 0.204978 1.86427 7.74726e-39 2
-0.317356 0.204978 1.86427 7.28771e-39 2
-0.286867 0.204978 1.86427 6.73419e-39 2
-0.256377 0.204978 1.86427 7.47067e-39 2
-0.206245 0.187154 1.70216 7.5643e-39 2
-0.165792 0.173921 1.5818 7.10332e-39 2
-0.139922 0.173921 1.5818 7.19516e-39 2
-0.114052 0.173921 1.5818 8.94509e-39 2
-0.089082 0.175695 1.59794 9.59117e-39 2
-0.062948 0.175695 1.59794 6.45652e-39 2
-0.0371935 0.177507 1.61442 7.28485e-39 2
-0.0110173 0.181244 1.6484 7.00539e-39 2
0.0166428 0.18921 1.72086 8.39012e-39 2
0.0536266 0.226555 2.06051 8.48303e-39 2
0.0896858 0.232678 2.11619 8.29972e-39 2
0.127748 0.239141 2.17498 5.99303e-39 2
0.16332 0.239141 2.17498 6.54765e-39 2
0.188423 0.226555 2.06051 8.94509e-39 2
0.200968 0.204978 1.86427 7.19265e-39 2
0.172057 0.152373 1.38583 8.66778e-39 2
0.19646 0.153733 1.3982 8.85217e-39 2
0.221303 0.155118 1.4108 7.10045e-39 2
0.244377 0.155118 1.4108 7.56143e-39 2
0.274879 0.159427 1.44999 8.66957e-39 2
0.304227 0.162435 1.47734 8.20967e-39 2
0.341267 0.168805 1.53528 7.10332e-39 2
0.362819 0.167166 1.52037 7.4721e-39 2
0.391485 0.168805 1.53528 7.74869e-39 2
0.412549 0.167166 1.52037 7.28915e-39 2
0.441703 0.168805 1.53528 6.73597e-39 2
0.553661 0.200211 1.82091 6.1828e-39 2
0.557511 0.191313 1.73998 8.30222e-39 2
0.561033 0.183172 1.66594 6.27392e-39 2
0.851103 0.232678 2.11619 7.2895e-39 2
0.442129 0.0940882 0.855729 6.275e-39 2
0.456124 0.0940882 0.855729 6.91929e-39 2
0.942478 0.183172 1.66594 7.01113e-39 2
0.939733 0.177507 1.61442 5.81258e-39 2
0.956277 0.175695 1.59794 8.11675e-39 2
0.982411 0.175695 1.59794 7.19551e-39 2
1.00855 0.175695 1.59794 6.91964e-39 2
1.04535 0.177507 1.61442 6.45974e-39 2
1.0501 0.173921 1.5818 6.36755e-39 2
1.06521 0.172181 1.56598 6.64305e-39 2
1.08002 0.170477 1.55048 5.72218e-39 2
1.10538 0.170477 1.55048 4.4318e-39 2
1.11965 0.168805 1.53528 4.61547e-39 2
1.10156 0.162435 1.47734 5.16865e-39 2
1.09474 0.157965 1.43668 4.89171e-39 2
1.11823 0.157965 1.43668 5.90694e-39 2
1.1523 0.159427 1.44999 6.55051e-39 2
1.17602 0.159427 1.44999 5.07503e-39 2
1.19973 0.159427 1.44999 4.6144e-39 2
1.2012 0.156529 1.42362 4.5222e-39 2
1.24716 0.159427 1.44999 7.19623e-39 2
1.29485 0.162435 1.47734 5.26047e-39 2
1.29459 0.159427 1.44999 6.64341e-39 2
1.3183 0.159427 1.44999 6.73525e-39 2
1.34202 0.159427 1.44999 6.82708e-39 2
1.3409 0.156529 1.42362 5.99732e-39 2
1.36418 0.156529 1.42362 7.01219e-39 2
1.38747 0.156529 1.42362 5.3534e-39 2
1.13272 0.12568 1.14305 4.98498e-39 2
1.23237 0.134517 1.22343 4.4318e-39 2
1.25238 0.134517 1.22343 5.72218e-39 2
1.33496 0.141132 1.28359 4.61583e-39 2
1.37856 0.143485 1.30499 5.90477e-39 2
1.43579 0.147164 1.33845 4.70623e-39 2
1.49604 0.151036 1.37367 6.36647e-39 2
-1.29008 0.179812 1.42362 8.3901e-39 2
-1.18091 0.167621 1.32711 7.10081e-39 2
-1.13989 0.164827 1.30499 7.74689e-39 2
-1.1375 0.167621 1.32711 7.00968e-39 2
-1.0972 0.164827 1.30499 7.74653e-39 2
-1.17367 0.179812 1.42362 7.19335e-39 2
-1.68639 0.274712 2.17498 7.10081e-39 2
-1.02991 0.201829 1.59794 6.7331e-39 2
-1.00377 0.201829 1.59794 8.39333e-39 2
-0.939299 0.193914 1.53528 8.11639e-39 2
-0.905314 0.192032 1.52037 9.31457e-39 2
-0.880449 0.192032 1.52037 8.39082e-39 2
-0.823599 0.184853 1.46354 8.39262e-39 2
-0.792259 0.183141 1.44999 7.932e-39 2
-0.768545 0.183141 1.44999 6.91749e-39 2
-0.773478 0.190185 1.50575 8.7614e-39 2
-0.748851 0.190185 1.50575 8.85396e-39 2
-0.745737 0.195834 1.55048 8.48517e-39 2
-0.887296 0.241211 1.90974 7.84088e-39 2
-0.856063 0.241211 1.90974 7.4721e-39 2
-0.704542 0.206034 1.63123 7.01004e-39 2
-0.66403 0.201829 1.59794 7.84016e-39 2
-0.601094 0.190185 1.50575 7.01039e-39 2
-0.565591 0.186597 1.47734 6.55086e-39 2
-0.541429 0.186597 1.47734 6.275e-39 2
-0.503031 0.181461 1.43668 7.19623e-39 2
-0.475175 0.179812 1.42362 6.73453e-39 2
-0.464562 0.184853 1.46354 7.47282e-39 2
-0.440626 0.184853 1.46354 6.82709e-39 2
-0.420621 0.186597 1.47734 7.37991e-39 2
-0.408007 0.192032 1.52037 6.55086e-39 2
-0.526181 0.263724 2.08798 5.99769e-39 2
-0.45003 0.241211 1.90974 6.7349e-39 2
-0.399318 0.229992 1.82091 6.7349e-39 2
-0.357081 0.222239 1.75953 7.10297e-39 2
-0.317599 0.214992 1.70216 7.56394e-39 2
-0.286645 0.21268 1.68385 7.84053e-39 2
-0.253651 0.208203 1.6484 6.73311e-39 2
-0.213225 0.195834 1.55048 8.39263e-39 2
-0.182448 0.190185 1.50575 6.82565e-39 2
-0.160916 0.193914 1.53528 7.19443e-39 2
-0.137151 0.195834 1.55048 6.55015e-39 2
-0.112912 0.197793 1.56598 9.95995e-39 2
-0.0873003 0.197793 1.56598 7.47175e-39 2
-0.061689 0.197793 1.56598 7.3792e-39 2
-0.0364421 0.199791 1.5818 9.03693e-39 2
-0.0105721 0.199791 1.5818 8.57379e-39 2
0.0157759 0.206034 1.63123 7.37741e-39 2
0.0536266 0.260254 2.06051 6.73383e-39 2
0.0975993 0.290872 2.30292 6.45796e-39 2
0.139362 0.299686 2.3727 6.27357e-39 2
0.178167 0.299686 2.3727 6.09097e-39 2
0.198891 0.274712 2.17498 6.09025e-39 2
0.222122 0.260254 2.06051 6.64199e-39 2
0.173593 0.176601 1.3982 7.01042e-39 2
0.194722 0.175038 1.38583 7.84053e-39 2
0.217386 0.175038 1.38583 6.64199e-39 2
0.240051 0.175038 1.38583 6.64271e-39 2
0.26745 0.178192 1.4108 5.99842e-39 2
0.301384 0.184853 1.46354 6.55159e-39 2
0.337953 0.192032 1.52037 6.55051e-39 2
0.35933 0.190185 1.50575 6.45831e-39 2
0.383956 0.190185 1.50575 6.6427e-39 2
0.408582 0.190185 1.50575 7.01257e-39 2
0.489714 0.214992 1.70216 6.82817e-39 2
0.566843 0.235468 1.86427 5.72182e-39 2
0.561033 0.210418 1.66594 5.81437e-39 2
0.468629 0.167621 1.32711 6.09061e-39 2
0.385729 0.131862 1.04399 5.62963e-39 2
0.382408 0.125185 0.991129 5.35304e-39 2
0.379407 0.119152 0.943364 6.09061e-39 2
0.350496 0.105772 0.837425 5.81367e-39 2
0.364192 0.105772 0.837425 5.07647e-39 2
0.377888 0.105772 0.837425 4.15523e-39 2
0.393689 0.10634 0.841927 5.35341e-39 2
0.40528 0.105772 0.837425 5.63035e-39 2
0.423505 0.106915 0.846478 7.01256e-39 2
0.437349 0.106915 0.846478 6.09061e-39 2
0.451193 0.106915 0.846478 7.01256e-39 2
0.465037 0.106915 0.846478 6.82817e-39 2
0.893667 0.193914 1.53528 7.56501e-39 2
0.927873 0.195834 1.55048 7.65684e-39 2
0.962763 0.197793 1.56598 7.93343e-39 2
0.988375 0.197793 1.56598 6.91928e-39 2
1.02423 0.199791 1.5818 6.73525e-39 2
1.0293 0.195834 1.55048 6.82744e-39 2
1.05466 0.195834 1.55048 6.27535e-39 2
1.06943 0.193914 1.53528 6.27535e-39 2
1.09454 0.193914 1.53528 6.1828e-39 2
1.05745 0.183141 1.44999 5.16793e-39 2
1.08116 0.183141 1.44999 4.6144e-39 2
1.05599 0.175038 1.38583 5.44489e-39 2
1.07865 0.175038 1.38583 4.43073e-39 2
1.11115 0.176601 1.3982 5.07717e-39 2
1.13402 0.176601 1.3982 5.99913e-39 2
1.15688 0.176601 1.3982 7.19623e-39 2
1.17975 0.176601 1.3982 8.85503e-39 2
1.22448 0.179812 1.42362 7.65721e-39 2
1.24777 0.179812 1.42362 7.93415e-39 2
1.17492 0.166212 1.31595 6.3661e-39 2
1.1482 0.15951 1.26289 7.47245e-39 2
1.16885 0.15951 1.26289 7.01147e-39 2
1.20901 0.162125 1.28359 7.01219e-39 2
1.23 0.162125 1.28359 8.39477e-39 2
1.33878 0.173502 1.37367 7.38062e-39 2
1.36125 0.173502 1.37367 7.38062e-39 2
1.25193 0.156978 1.24284 5.90514e-39 2
1.25238 0.154526 1.22343 5.35196e-39 2
1.31343 0.15951 1.26289 4.15342e-39 2
1.34493 0.160807 1.27316 4.7066e-39 2
1.37695 0.162125 1.28359 4.79879e-39 2
-1.18091 0.189325 1.32711 5.16577e-39 2
-1.13989 0.18617 1.30499 6.36468e-39 2
-1.01686 0.169245 1.18635 7.56285e-39 2
-0.889624 0.150949 1.0581 6.45579e-39 2
-0.860688 0.148936 1.04399 9.4064e-39 2
-0.659073 0.116356 0.815617 8.66848e-39 2
-0.725035 0.130646 0.91578 8.3919e-39 2
-0.685987 0.126217 0.884737 7.93129e-39 2
-0.664015 0.124807 0.874852 7.93128e-39 2
-0.638997 0.122749 0.860431 7.00968e-39 2
-0.631869 0.124113 0.869991 7.10224e-39 2
-0.628109 0.126217 0.884737 7.28771e-39 2
-0.627827 0.129135 0.905193 7.28663e-39 2
-0.697717 0.146976 1.03025 8.11603e-39 2
-0.612378 0.132192 0.926618 7.19407e-39 2
-0.788521 0.174534 1.22343 6.73309e-39 2
-0.819747 0.18617 1.30499 6.9182e-39 2
-0.863401 0.206856 1.44999 7.47066e-39 2
-0.839687 0.206856 1.44999 7.65433e-39 2
-0.773027 0.195968 1.37367 7.65505e-39 2
-0.731316 0.190944 1.33845 8.11639e-39 2
-0.697503 0.187735 1.31595 7.19407e-39 2
-0.693463 0.19259 1.34999 8.30042e-39 2
-0.671384 0.19259 1.34999 7.10259e-39 2
-0.649305 0.19259 1.34999 6.82565e-39 2
-0.876606 0.269162 1.88673 7.5643e-39 2
-0.73122 0.232713 1.63123 7.19444e-39 2
-0.638076 0.210759 1.47734 7.28663e-39 2
-0.59159 0.203095 1.42362 8.02455e-39 2
-0.520948 0.18617 1.30499 7.47138e-39 2
-0.483489 0.180165 1.26289 5.8133e-39 2
-0.517041 0.201265 1.4108 5.6289e-39 2
-0.485225 0.197703 1.38583 6.55086e-39 2
-0.46256 0.197703 1.38583 8.02599e-39 2
-0.451892 0.203095 1.42362 7.38062e-39 2
-0.428609 0.203095 1.42362 7.84125e-39 2
-0.41669 0.208789 1.46354 7.38027e-39 2
-0.400235 0.212766 1.49141 7.47354e-39 2
-0.428952 0.242831 1.70216 6.55158e-39 2
-0.419346 0.253868 1.77953 7.28807e-39 2
-0.385858 0.251016 1.75953 7.38027e-39 2
-0.387563 0.272444 1.90974 7.47175e-39 2
-0.374604 0.286415 2.00767 7.56466e-39 2
-0.341769 0.286415 2.00767 6.45831e-39 2
-0.293864 0.272444 1.90974 6.3654e-39 2
-0.250415 0.259772 1.82091 7.74833e-39 2
-0.182448 0.214812 1.50575 6.73418e-39 2
-0.159354 0.216897 1.52037 7.01149e-39 2
-0.135807 0.219024 1.53528 7.56538e-39 2
-0.110698 0.219024 1.53528 7.47212e-39 2
-0.0855885 0.219024 1.53528 6.82674e-39 2
-0.0604794 0.219024 1.53528 6.73455e-39 2
-0.0353703 0.219024 1.53528 6.45725e-39 2
-0.01068 0.227963 1.59794 6.91715e-39 2
0.015454 0.227963 1.59794 6.45761e-39 2
0.0424544 0.232713 1.63123 7.19625e-39 2
0.0921771 0.310283 2.17498 5.72147e-39 2
0.143717 0.349069 2.44685 6.27501e-39 2
0.183735 0.349069 2.44685 4.24743e-39 2
0.216972 0.338491 2.3727 4.89208e-39 2
0.255777 0.338491 2.3727 5.07611e-39 2
0.262735 0.301897 2.11619 5.35234e-39 2
0.25004 0.253868 1.77953 5.53601e-39 2
0.245647 0.223404 1.56598 5.62928e-39 2
0.271258 0.223404 1.56598 5.53744e-39 2
0.255922 0.19259 1.34999 6.18317e-39 2
0.278 0.19259 1.34999 5.1683e-39 2
0.316447 0.203095 1.42362 5.90586e-39 2
0.346021 0.206856 1.44999 6.09061e-39 2
0.179871 0.100632 0.705398 6.1828e-39 2
0.193148 0.101547 0.711811 5.81402e-39 2
0.433209 0.214812 1.50575 6.73598e-39 2
0.566843 0.265957 1.86427 5.81402e-39 2
0.418926 0.169245 1.18635 5.35341e-39 2
0.385729 0.148936 1.04399 5.1683e-39 2
0.382408 0.141395 0.991129 4.52293e-39 2
0.342291 0.121415 0.851078 5.1683e-39 2
0.343156 0.116965 0.819887 3.78537e-39 2
0.356565 0.116965 0.819887 4.3389e-39 2
0.369974 0.116965 0.819887 5.35306e-39 2
0.38744 0.118203 0.828563 6.18317e-39 2
0.39888 0.117581 0.824202 5.4456e-39 2
0.416747 0.118832 0.83297 5.07646e-39 2
0.43037 0.118832 0.83297 4.79951e-39 2
0.446367 0.119467 0.837425 5.90622e-39 2
0.462537 0.12011 0.841927 6.275e-39 2
0.473759 0.119467 0.837425 6.36719e-39 2
0.484862 0.118832 0.83297 6.27427e-39 2
0.80789 0.19259 1.34999 7.75048e-39 2
0.934722 0.216897 1.52037 8.02563e-39 2
0.95036 0.214812 1.50575 7.47245e-39 2
0.95659 0.210759 1.47734 7.47282e-39 2
0.999613 0.214812 1.50575 7.65793e-39 2
1.02424 0.214812 1.50575 6.55158e-39 2
1.01535 0.194264 1.36173 7.56501e-39 2
1.00274 0.187735 1.31595 7.10476e-39 2
1.02427 0.187735 1.31595 6.92037e-39 2
1.03707 0.18617 1.30499 6.55194e-39 2
1.05842 0.18617 1.30499 6.91964e-39 2
1.08883 0.187735 1.31595 6.18208e-39 2
1.11976 0.189325 1.32711 7.84088e-39 2
1.14147 0.189325 1.32711 7.7494e-39 2
1.18323 0.19259 1.34999 8.67171e-39 2
0.998682 0.159574 1.11856 8.02563e-39 2
1.01698 0.159574 1.11856 8.21002e-39 2
1.03527 0.159574 1.11856 8.30293e-39 2
1.05356 0.159574 1.11856 7.8416e-39 2
1.13682 0.169245 1.18635 7.7494e-39 2
1.25099 0.183118 1.28359 8.39477e-39 2
1.29319 0.18617 1.30499 7.38062e-39 2
1.31453 0.18617 1.30499 7.65756e-39 2
1.25238 0.174534 1.22343 5.99804e-39 2
1.29259 0.177305 1.24284 7.93415e-39 2
1.32341 0.178723 1.25279 7.01219e-39 2
1.36576 0.181629 1.27316 7.47281e-39 2
-1.10593 0.197631 1.24284 8.57772e-39 2
-0.91191 0.16601 1.04399 9.22309e-39 2
-0.849528 0.157605 0.991129 8.20894e-39 2
-0.822902 0.155635 0.97874 8.85359e-39 2
-0.806895 0.155635 0.97874 8.39297e-39 2
-0.648933 0.1277 0.803069 7.93199e-39 2
-0.655984 0.131754 0.828563 6.91748e-39 2
-0.65989 0.135334 0.851078 7.65541e-39 2
-0.639025 0.133879 0.841927 8.39262e-39 2
-0.628635 0.134603 0.846478 7.47066e-39 2
-0.62151 0.136074 0.855729 8.30042e-39 2
-0.61764 0.138342 0.869991 8.94615e-39 2
-0.620652 0.142294 0.894848 8.30007e-39 2
-0.616587 0.144776 0.910456 7.83944e-39 2
-0.605216 0.145623 0.91578 8.39298e-39 2
-0.600778 0.148223 0.932133 7.10188e-39 2
-0.592588 0.150009 0.943364 7.4721e-39 2
-0.580657 0.150918 0.949081 6.73453e-39 2
-0.685642 0.1831 1.15146 6.9182e-39 2
-0.66681 0.1831 1.15146 8.30042e-39 2
-0.648459 0.194543 1.22343 7.93164e-39 2
-0.628451 0.194543 1.22343 6.82564e-39 2
-0.638156 0.226378 1.42362 7.28736e-39 2
-0.500576 0.19155 1.2046 6.73454e-39 2
-0.480875 0.19155 1.2046 7.28771e-39 2
-0.440828 0.1831 1.15146 8.39477e-39 2
-0.421996 0.1831 1.15146 7.19623e-39 2
-0.468636 0.212834 1.33845 6.82744e-39 2
-0.446746 0.212834 1.33845 6.91964e-39 2
-0.376577 0.188648 1.18635 7.2895e-39 2
-0.357174 0.188648 1.18635 6.82817e-39 2
-0.391104 0.218435 1.37367 6.7349e-39 2
-0.375221 0.222335 1.3982 7.28915e-39 2
-0.428952 0.270669 1.70216 6.275e-39 2
-0.434147 0.292959 1.84233 7.01257e-39 2
-0.408825 0.296447 1.86427 8.02564e-39 2
-0.369537 0.289553 1.82091 7.93345e-39 2
-0.374604 0.31925 2.00767 5.62928e-39 2
-0.360243 0.336507 2.11619 7.10441e-39 2
-0.250415 0.289553 1.82091 8.11748e-39 2
-0.177332 0.232725 1.46354 7.28772e-39 2
-0.156318 0.237157 1.49141 7.65794e-39 2
-0.134488 0.241762 1.52037 6.5516e-39 2
-0.109623 0.241762 1.52037 5.81332e-39 2
-0.0855885 0.244133 1.53528 7.47284e-39 2
-0.062948 0.254097 1.59794 5.90587e-39 2
-0.0350269 0.241762 1.52037 6.36721e-39 2
-0.00951491 0.226378 1.42362 5.90623e-39 2
0.00679144 0.111666 0.702235 3.60134e-39 2
0.0182763 0.111666 0.702235 5.90623e-39 2
0.0304438 0.114227 0.718341 5.35378e-39 2
0.0425828 0.115285 0.724993 3.69425e-39 2
0.178167 0.377296 2.3727 4.70841e-39 2
0.216972 0.377296 2.3727 4.98464e-39 2
0.255777 0.377296 2.3727 4.89244e-39 2
0.262735 0.336507 2.11619 5.26086e-39 2
0.278 0.214668 1.34999 5.99878e-39 2
0.152672 0.109217 0.686835 5.07647e-39 2
0.163905 0.109217 0.686835 5.16866e-39 2
0.176688 0.110184 0.692913 5.26121e-39 2
0.189699 0.111168 0.6991 5.44488e-39 2
0.20479 0.113189 0.711811 5.72147e-39 2
0.200062 0.104628 0.657977 5.35305e-39 2
0.337184 0.151839 0.954868 4.70804e-39 2
0.31179 0.123275 0.77524 3.60097e-39 2
0.324469 0.123275 0.77524 6.27465e-39 2
0.345705 0.126404 0.794916 4.43074e-39 2
0.358706 0.126404 0.794916 5.26014e-39 2
0.377454 0.128358 0.807208 5.1683e-39 2
0.390656 0.128358 0.807208 6.18245e-39 2
0.408065 0.129696 0.815617 4.42966e-39 2
0.42361 0.130375 0.819887 4.70625e-39 2
0.441644 0.131754 0.828563 4.79952e-39 2
0.455195 0.131754 0.828563 5.26085e-39 2
0.459031 0.129024 0.811391 6.45939e-39 2
0.472301 0.129024 0.811391 8.02671e-39 2
0.503845 0.133879 0.841927 6.5523e-39 2
0.517615 0.133879 0.841927 7.56501e-39 2
0.531384 0.133879 0.841927 8.11747e-39 2
0.557135 0.136822 0.860431 7.19623e-39 2
0.578918 0.135334 0.851078 7.19588e-39 2
0.574116 0.131061 0.824202 6.55086e-39 2
0.569608 0.127049 0.798972 6.73454e-39 2
0.573891 0.125133 0.786927 6.5505e-39 2
0.583827 0.124508 0.782992 6.82673e-39 2
0.648514 0.135334 0.851078 6.64306e-39 2
0.600432 0.122668 0.771421 7.01184e-39 2
0.60412 0.120881 0.760186 7.38026e-39 2
0.900779 0.176607 1.11063 8.21002e-39 2
0.959785 0.184456 1.15999 7.8416e-39 2
1.00864 0.190088 1.19541 7.47281e-39 2
0.841833 0.155635 0.97874 7.01184e-39 2
0.85784 0.155635 0.97874 7.19623e-39 2
0.873847 0.155635 0.97874 7.3799e-39 2
0.889854 0.155635 0.97874 7.10332e-39 2
0.917328 0.157605 0.991129 7.47281e-39 2
0.945506 0.159625 1.00384 8.21038e-39 2
1.01392 0.168254 1.0581 8.39477e-39 2
1.10595 0.180446 1.13477 7.7494e-39 2
1.23161 0.197631 1.24284 7.8416e-39 2
1.25193 0.197631 1.24284 7.10403e-39 2
1.27239 0.194543 1.22343 7.19658e-39 2
1.27251 0.19155 1.2046 6.18206e-39 2
-0.741211 0.146078 0.83297 6.64269e-39 2
-0.727588 0.146078 0.83297 7.37918e-39 2
-0.657968 0.134621 0.767639 6.91928e-39 2
-0.648593 0.135284 0.771421 6.9182e-39 2
-0.642304 0.13663 0.779097 6.45722e-39 2
-0.639101 0.1387 0.790901 7.01075e-39 2
-0.645734 0.143035 0.815617 7.01039e-39 2
-0.649304 0.146859 0.837425 7.28698e-39 2
-0.628882 0.145305 0.828563 7.0104e-39 2
-0.615331 0.145305 0.828563 8.11603e-39 2
-0.608216 0.146859 0.837425 6.82494e-39 2
-0.600947 0.148447 0.846478 7.74653e-39 2
-0.600078 0.151727 0.865185 7.37631e-39 2
-0.595803 0.154285 0.879766 6.54655e-39 2
-0.581415 0.154285 0.879766 5.07357e-39 2
-0.586807 0.159667 0.910456 7.19479e-39 2
-0.60722 0.169523 0.966657 5.62854e-39 2
-0.59141 0.169523 0.966657 6.27427e-39 2
-0.575601 0.169523 0.966657 8.20894e-39 2
-0.44454 0.134621 0.767639 7.932e-39 2
-0.429878 0.133964 0.763895 6.73454e-39 2
-0.417385 0.133964 0.763895 7.74868e-39 2
-0.404892 0.133964 0.763895 7.83944e-39 2
-0.344104 0.134621 0.767639 7.3799e-39 2
-0.329932 0.133964 0.763895 7.65649e-39 2
-0.374704 0.171642 0.97874 7.01112e-39 2
-0.358697 0.171642 0.97874 7.01184e-39 2
-0.347028 0.173814 0.991129 6.82745e-39 2
-0.44296 0.232734 1.32711 7.01292e-39 2
-0.370956 0.204945 1.16864 6.18352e-39 2
-0.357174 0.208051 1.18635 5.16865e-39 2
-0.337772 0.208051 1.18635 6.45904e-39 2
-0.323267 0.211251 1.2046 5.72219e-39 2
-0.399318 0.319333 1.82091 7.47319e-39 2
-0.369537 0.319333 1.82091 6.64271e-39 2
-0.110698 0.269242 1.53528 5.90551e-39 2
-0.0167026 0.127142 0.724993 6.82818e-39 2
-0.0048011 0.125976 0.718341 4.4311e-39 2
0.00652798 0.118374 0.674993 4.79916e-39 2
0.0174172 0.117362 0.669224 5.26014e-39 2
0.0296284 0.122601 0.6991 5.99843e-39 2
0.0414319 0.123706 0.705398 3.69353e-39 2
0.0524956 0.122601 0.6991 5.2605e-39 2
0.0639292 0.122601 0.6991 2.86378e-39 2
0.0746959 0.121516 0.692913 4.70805e-39 2
0.0845322 0.119403 0.680863 3.97012e-39 2
0.0956675 0.119403 0.680863 5.72148e-39 2
0.125792 0.116367 0.663553 4.52401e-39 2
0.136644 0.116367 0.663553 6.18317e-39 2
0.148757 0.117362 0.669224 4.52329e-39 2
0.159702 0.117362 0.669224 3.23256e-39 2
0.175138 0.12045 0.686835 3.78573e-39 2
0.18802 0.121516 0.692913 5.81367e-39 2
0.199353 0.121516 0.692913 5.53673e-39 2
0.188201 0.108548 0.618966 5.90586e-39 2
0.199111 0.108979 0.621422 5.07646e-39 2
0.208447 0.108548 0.618966 5.63035e-39 2
0.21857 0.108548 0.618966 5.5378e-39 2
0.228693 0.108548 0.618966 5.44524e-39 2
0.239764 0.108979 0.621422 6.09061e-39 2
0.252938 0.110292 0.628909 6.09061e-39 2
0.295238 0.123706 0.705398 5.90622e-39 2
0.304035 0.122601 0.6991 4.7066e-39 2
0.318311 0.123706 0.705398 7.01113e-39 2
0.332846 0.12483 0.711811 4.70732e-39 2
0.382764 0.1387 0.790901 4.98391e-39 2
0.397708 0.139404 0.794916 4.24526e-39 2
0.414921 0.140834 0.803069 5.53601e-39 2
0.437019 0.143784 0.819887 5.44381e-39 2
0.441189 0.140834 0.803069 6.08953e-39 2
0.447439 0.1387 0.790901 4.70767e-39 2
0.460374 0.1387 0.790901 6.82817e-39 2
0.463937 0.135954 0.77524 6.09133e-39 2
0.476615 0.135954 0.77524 6.45939e-39 2
0.435407 0.120981 0.689861 7.10367e-39 2
0.44669 0.120981 0.689861 6.45866e-39 2
0.468287 0.123706 0.705398 6.36647e-39 2
0.484186 0.12483 0.711811 6.64306e-39 2
0.559395 0.140834 0.803069 7.37955e-39 2
0.563854 0.1387 0.790901 5.99662e-39 2
0.571021 0.137313 0.782992 5.90477e-39 2
0.578046 0.135954 0.77524 5.99697e-39 2
0.584934 0.134621 0.767639 5.7211e-39 2
0.594574 0.133964 0.763895 5.07573e-39 2
0.601202 0.13267 0.756514 6.4583e-39 2
0.713539 0.154285 0.879766 7.47245e-39 2
0.727927 0.154285 0.879766 7.56465e-39 2
0.626219 0.130155 0.742173 7.84124e-39 2
0.632363 0.128933 0.735204 7.74976e-39 2
0.641376 0.12833 0.731768 7.8416e-39 2
0.785481 0.154285 0.879766 7.28771e-39 2
0.903976 0.165438 0.943364 8.57916e-39 2
0.930617 0.167455 0.954868 7.28843e-39 2
0.957916 0.169523 0.966657 6.73525e-39 2
-0.739108 0.156374 0.815617 6.55193e-39 2
-0.725769 0.156374 0.815617 6.36647e-39 2
-0.71243 0.156374 0.815617 5.16721e-39 2
-0.648432 0.145043 0.756514 6.27356e-39 2
-0.645413 0.147175 0.767639 5.35088e-39 2
-0.639125 0.148633 0.77524 6.82708e-39 2
-0.629562 0.149372 0.779097 7.10367e-39 2
-0.629345 0.152405 0.794916 7.47101e-39 2
-0.635706 0.157193 0.819887 8.20858e-39 2
-0.619055 0.156374 0.815617 7.56357e-39 2
-0.605716 0.156374 0.815617 5.71966e-39 2
-0.60178 0.158856 0.828563 7.00932e-39 2
-0.600947 0.162291 0.846478 6.45471e-39 2
-0.59352 0.164064 0.855729 7.00897e-39 2
-0.582709 0.164966 0.860431 7.00861e-39 2
-0.568637 0.164966 0.860431 7.00933e-39 2
-0.560726 0.166799 0.869991 7.47066e-39 2
-0.540492 0.164966 0.860431 7.65577e-39 2
-0.532269 0.166799 0.869991 7.5643e-39 2
-0.459346 0.1479 0.771421 7.00968e-39 2
-0.44454 0.147175 0.767639 8.0242e-39 2
-0.429878 0.146458 0.763895 8.7614e-39 2
-0.417385 0.146458 0.763895 7.93164e-39 2
-0.404892 0.146458 0.763895 7.37918e-39 2
-0.386739 0.144345 0.752877 8.57772e-39 2
-0.374426 0.144345 0.752877 7.10332e-39 2
-0.363862 0.145043 0.756514 6.45795e-39 2
-0.353196 0.145747 0.760186 7.10404e-39 2
-0.344104 0.147175 0.767639 7.84088e-39 2
-0.329932 0.146458 0.763895 5.07502e-39 2
-0.30988 0.14297 0.745707 6.45795e-39 2
-0.296274 0.142293 0.742173 7.28807e-39 2
-0.312253 0.156374 0.815617 4.43001e-39 2
-0.295833 0.154762 0.807208 5.53636e-39 2
-0.291651 0.159701 0.83297 5.81367e-39 2
-0.318715 0.183072 0.954868 4.06195e-39 2
-0.376577 0.227453 1.18635 4.98426e-39 2
-0.362669 0.230952 1.2046 5.35305e-39 2
-0.342968 0.230952 1.2046 5.07682e-39 2
-0.399318 0.349114 1.82091 6.09061e-39 2
-0.369537 0.349114 1.82091 6.55051e-39 2
-0.0932281 0.129973 0.677915 5.35341e-39 2
-0.0821409 0.129973 0.677915 6.64379e-39 2
-0.0710538 0.129973 0.677915 5.72184e-39 2
-0.0371491 0.127761 0.666376 6.45869e-39 2
-0.0277878 0.135242 0.705398 4.70697e-39 2
-0.016399 0.136472 0.711811 6.55123e-39 2
-0.00471459 0.135242 0.705398 4.43073e-39 2
0.00631038 0.125099 0.652493 5.81332e-39 2
0.0168414 0.124065 0.647101 5.62928e-39 2
0.0291086 0.131683 0.686835 3.50843e-39 2
0.0406986 0.132849 0.692913 4.70697e-39 2
0.052031 0.132849 0.692913 5.6282e-39 2
0.0633635 0.132849 0.692913 5.35234e-39 2
0.0733968 0.130538 0.680863 4.06232e-39 2
0.0816908 0.12615 0.657977 5.44597e-39 2
0.0909237 0.124065 0.647101 4.61549e-39 2
0.0990511 0.121064 0.631445 5.07647e-39 2
0.108503 0.120095 0.626394 5.35305e-39 2
0.118748 0.120095 0.626394 4.33962e-39 2
0.130032 0.121064 0.631445 5.99842e-39 2
0.14036 0.121064 0.631445 5.44489e-39 2
0.151912 0.122048 0.636579 3.78394e-39 2
0.167779 0.12615 0.657977 3.13929e-39 2
0.180053 0.127219 0.663553 3.9694e-39 2
0.177377 0.118204 0.616529 5.72112e-39 2
0.185995 0.11728 0.611713 5.99806e-39 2
0.196 0.11728 0.611713 5.2605e-39 2
0.206004 0.11728 0.611713 5.72254e-39 2
0.216009 0.11728 0.611713 5.07682e-39 2
0.226013 0.11728 0.611713 5.25977e-39 2
0.236018 0.11728 0.611713 5.53636e-39 2
0.248939 0.118671 0.618966 5.99877e-39 2
0.282512 0.129413 0.674993 5.16936e-39 2
0.298701 0.131683 0.686835 6.275e-39 2
0.309934 0.131683 0.686835 6.73419e-39 2
0.324009 0.132849 0.692913 6.82638e-39 2
0.377051 0.149372 0.779097 5.62855e-39 2
0.391742 0.150119 0.782992 5.81367e-39 2
0.406581 0.150873 0.786927 4.61405e-39 2
0.428055 0.153968 0.803069 5.99699e-39 2
0.434504 0.151635 0.790901 4.70625e-39 2
0.410152 0.138999 0.724993 4.89099e-39 2
0.436144 0.143655 0.749275 5.53636e-39 2
0.450554 0.144345 0.752877 5.62928e-39 2
0.429805 0.134035 0.6991 4.89099e-39 2
0.453383 0.137724 0.718341 5.07538e-39 2
0.467275 0.138359 0.721652 6.36612e-39 2
0.476879 0.137724 0.718341 6.36503e-39 2
0.488628 0.137724 0.718341 7.84088e-39 2
0.507358 0.139646 0.728365 7.56501e-39 2
0.561021 0.150873 0.786927 7.01077e-39 2
0.573891 0.150873 0.786927 6.45687e-39 2
0.572379 0.147175 0.767639 7.56501e-39 2
0.576456 0.145043 0.756514 7.56501e-39 2
0.583194 0.143655 0.749275 5.26012e-39 2
0.589805 0.142293 0.742173 8.30221e-39 2
0.590744 0.139646 0.728365 6.9182e-39 2
0.599866 0.138999 0.724993 4.70551e-39 2
0.611723 0.138999 0.724993 7.0104e-39 2
0.62358 0.138999 0.724993 7.28806e-39 2
0.626732 0.137095 0.715061 7.4721e-39 2
0.6298 0.135242 0.705398 5.26012e-39 2
0.621732 0.131108 0.683836 6.08988e-39 2
0.652435 0.130538 0.680863 7.01148e-39 2
0.811815 0.159701 0.83297 7.65577e-39 2
0.808241 0.156374 0.815617 7.10367e-39 2
0.733691 0.139646 0.728365 7.28842e-39 2
0.745603 0.139646 0.728365 7.93379e-39 2
0.740299 0.136472 0.711811 7.56536e-39 2
-0.739108 0.169713 0.815617 4.98461e-39 2
-0.718287 0.167964 0.807208 5.07501e-39 2
-0.705085 0.167964 0.807208 4.70551e-39 2
-0.636139 0.154431 0.742173 7.10367e-39 2
-0.629973 0.155909 0.749275 7.10259e-39 2
-0.626714 0.158179 0.760186 6.82708e-39 2
-0.63271 0.162925 0.782992 6.55049e-39 2
-0.626166 0.16457 0.790901 7.28734e-39 2
-0.619489 0.16625 0.798972 7.28698e-39 2
-0.606422 0.16625 0.798972 7.28771e-39 2
-0.596397 0.167102 0.803069 7.65684e-39 2
-0.589308 0.168834 0.811391 7.19514e-39 2
-0.600947 0.176135 0.846478 7.10223e-39 2
-0.59352 0.17806 0.855729 7.93164e-39 2
-0.582709 0.179038 0.860431 7.28555e-39 2
-0.568637 0.179038 0.860431 6.3636e-39 2
-0.560726 0.181027 0.869991 7.74725e-39 2
-0.523243 0.173324 0.83297 7.65541e-39 2
-0.515099 0.175188 0.841927 8.39298e-39 2
-0.454865 0.158951 0.763895 7.47066e-39 2
-0.440224 0.158179 0.760186 7.10152e-39 2
-0.425725 0.157415 0.756514 7.47031e-39 2
-0.411365 0.156658 0.752877 7.56286e-39 2
-0.397143 0.155909 0.749275 6.55014e-39 2
-0.375896 0.152266 0.731768 7.47102e-39 2
-0.363928 0.152266 0.731768 7.74761e-39 2
-0.353612 0.152981 0.735204 6.36468e-39 2
-0.341588 0.152981 0.735204 5.25941e-39 2
-0.332688 0.154431 0.742173 5.44344e-39 2
-0.32833 0.158179 0.760186 4.61369e-39 2
-0.308412 0.154431 0.742173 4.79808e-39 2
-0.294876 0.153702 0.738672 5.16722e-39 2
-0.277559 0.150856 0.724993 5.16722e-39 2
-0.26087 0.148113 0.711811 4.98283e-39 2
-0.249229 0.148113 0.711811 5.1683e-39 2
-0.237587 0.148113 0.711811 4.89171e-39 2
-0.232281 0.152266 0.731768 3.87756e-39 2
-0.357174 0.246856 1.18635 5.44489e-39 2
-0.342968 0.250653 1.2046 5.16902e-39 2
-0.124336 0.138659 0.666376 6.45831e-39 2
-0.113438 0.138659 0.666376 4.98283e-39 2
-0.102978 0.139252 0.669224 5.62855e-39 2
-0.0928262 0.140452 0.674993 5.26121e-39 2
-0.0817869 0.140452 0.674993 2.77158e-39 2
-0.0732742 0.145468 0.6991 5.26086e-39 2
-0.0623977 0.146779 0.705398 5.62892e-39 2
-0.0508611 0.146779 0.705398 5.35234e-39 2
-0.0393245 0.146779 0.705398 3.32404e-39 2
-0.0277878 0.146779 0.705398 5.99771e-39 2
-0.0161061 0.145468 0.6991 5.99806e-39 2
-0.00463115 0.144181 0.692913 4.98391e-39 2
0.00620693 0.133545 0.641797 5.62893e-39 2
0.0166352 0.133 0.639177 5.62928e-39 2
0.0278855 0.136911 0.657977 4.98356e-39 2
0.0389741 0.138072 0.663553 5.07575e-39 2
0.0498263 0.138072 0.663553 5.07575e-39 2
0.0606786 0.138072 0.663553 4.79916e-39 2
0.0709297 0.136911 0.657977 6.82819e-39 2
0.0790342 0.132459 0.636579 3.87864e-39 2
0.0880141 0.13034 0.626394 2.95561e-39 2
0.0974788 0.129305 0.621422 6.64379e-39 2
0.106794 0.128287 0.616529 3.97048e-39 2
0.116878 0.128287 0.616529 4.06267e-39 2
0.127968 0.129305 0.621422 4.98391e-39 2
0.138132 0.129305 0.621422 5.90622e-39 2
0.148295 0.129305 0.621422 5.62892e-39 2
0.161014 0.131391 0.631445 4.52258e-39 2
0.171341 0.131391 0.631445 4.61477e-39 2
0.175991 0.127285 0.611713 5.35234e-39 2
0.185272 0.12679 0.609332 4.24635e-39 2
0.19448 0.126298 0.606971 5.53708e-39 2
0.204407 0.126298 0.606971 4.70804e-39 2
0.214334 0.126298 0.606971 5.44488e-39 2
0.225134 0.12679 0.609332 6.27392e-39 2
0.234188 0.126298 0.606971 5.81294e-39 2
0.244115 0.126298 0.606971 5.81402e-39 2
0.277724 0.138072 0.663553 5.16901e-39 2
0.293551 0.140452 0.674993 5.16758e-39 2
0.309934 0.142916 0.686835 1.46612e-38 2
0.321167 0.142916 0.686835 1.33712e-38 2
0.373336 0.160517 0.771421 4.79807e-39 2
0.385953 0.160517 0.771421 7.28807e-39 2
0.398569 0.160517 0.771421 5.35197e-39 2
0.372637 0.145468 0.6991 6.36576e-39 2
0.415613 0.157415 0.756514 5.25942e-39 2
0.410152 0.150856 0.724993 5.35197e-39 2
0.429972 0.153702 0.738672 5.90479e-39 2
0.446263 0.155166 0.745707 6.3654e-39 2
0.414984 0.140452 0.674993 5.07071e-39 2
0.455472 0.150161 0.721652 6.17382e-39 2
0.467275 0.150161 0.721652 5.99122e-39 2
0.481295 0.150856 0.724993 9.59044e-39 2
0.497761 0.152266 0.731768 7.28771e-39 2
0.512122 0.152981 0.735204 7.28843e-39 2
0.561021 0.163743 0.786927 7.65649e-39 2
0.573891 0.163743 0.786927 8.11675e-39 2
0.566822 0.158179 0.760186 7.38026e-39 2
0.568221 0.155166 0.745707 7.47281e-39 2
0.574942 0.153702 0.738672 6.08988e-39 2
0.587022 0.153702 0.738672 6.45723e-39 2
0.585299 0.150161 0.721652 6.36431e-39 2
0.594362 0.149472 0.718341 7.19407e-39 2
0.597883 0.147443 0.70859 4.98138e-39 2
0.606726 0.146779 0.705398 7.10188e-39 2
0.60732 0.144181 0.692913 8.20823e-39 2
0.610548 0.142292 0.683836 7.01004e-39 2
0.611059 0.139849 0.672096 5.9037e-39 2
0.619392 0.139252 0.669224 7.47102e-39 2
0.633043 0.139849 0.672096 7.47102e-39 2
0.646811 0.140452 0.674993 8.57772e-39 2
0.652227 0.139252 0.669224 5.44235e-39 2
0.663172 0.139252 0.669224 7.56465e-39 2
0.67701 0.139849 0.672096 7.47282e-39 2
0.70002 0.142292 0.683836 6.64378e-39 2
-0.716711 0.177505 0.790901 5.81295e-39 2
-0.66356 0.167362 0.745707 5.99662e-39 2
-0.651365 0.167362 0.745707 7.28628e-39 2
-0.61855 0.161963 0.721652 7.10332e-39 2
-0.615254 0.164234 0.731768 4.8899e-39 2
-0.603286 0.164234 0.731768 4.70658e-39 2
-0.626446 0.17399 0.77524 5.35267e-39 2
-0.635799 0.180236 0.803069 7.19586e-39 2
-0.619489 0.179317 0.798972 5.90513e-39 2
-0.606422 0.179317 0.798972 8.76428e-39 2
-0.599472 0.181165 0.807208 5.0768e-39 2
-0.58627 0.181165 0.807208 5.90512e-39 2
-0.588229 0.185958 0.828563 6.91928e-39 2
-0.574678 0.185958 0.828563 6.82564e-39 2
-0.579525 0.192055 0.855729 8.66849e-39 2
-0.565529 0.192055 0.855729 7.83944e-39 2
-0.554564 0.19311 0.860431 7.37918e-39 2
-0.512342 0.183052 0.815617 7.932e-39 2
-0.499002 0.183052 0.815617 5.81114e-39 2
-0.485663 0.183052 0.815617 6.17992e-39 2
-0.442372 0.171444 0.763895 4.98174e-39 2
-0.427792 0.170612 0.760186 7.37811e-39 2
-0.411365 0.168971 0.752877 5.62711e-39 2
-0.399052 0.168971 0.752877 5.4438e-39 2
-0.372415 0.162713 0.724993 5.442e-39 2
-0.360558 0.162713 0.724993 6.27176e-39 2
-0.348701 0.162713 0.724993 6.64055e-39 2
-0.333754 0.16122 0.718341 3.69065e-39 2
-0.322005 0.16122 0.718341 5.2587e-39 2
-0.316056 0.164234 0.731768 5.44309e-39 2
-0.301273 0.162713 0.724993 4.79773e-39 2
-0.284153 0.159755 0.711811 5.62749e-39 2
-0.267646 0.156902 0.6991 3.5999e-39 2
-0.251717 0.154149 0.686835 5.536e-39 2
-0.240484 0.154149 0.686835 4.33854e-39 2
-0.229251 0.154149 0.686835 3.69317e-39 2
-0.221911 0.156902 0.6991 5.44489e-39 2
-0.210478 0.156902 0.6991 6.18245e-39 2
-0.199044 0.156902 0.6991 5.44489e-39 2
-0.18761 0.156902 0.6991 4.06195e-39 2
-0.171581 0.152809 0.680863 4.15415e-39 2
-0.146438 0.139468 0.621422 7.01221e-39 2
-0.136275 0.139468 0.621422 5.81402e-39 2
-0.132418 0.146442 0.652493 5.81294e-39 2
-0.122769 0.147673 0.657977 6.45796e-39 2
-0.112481 0.148296 0.660753 5.90479e-39 2
-0.102105 0.148924 0.663553 7.8409e-39 2
-0.0912529 0.148924 0.663553 5.72148e-39 2
-0.0771323 0.14287 0.636579 5.44525e-39 2
-0.0661831 0.141718 0.631445 6.09097e-39 2
-0.0563101 0.14287 0.636579 4.98391e-39 2
-0.049092 0.152809 0.680863 7.28845e-39 2
-0.0389734 0.156902 0.6991 5.62893e-39 2
-0.0275397 0.156902 0.6991 5.90551e-39 2
-0.0159636 0.155514 0.692913 5.35234e-39 2
-0.00451138 0.151492 0.674993 7.19661e-39 2
0.00641733 0.148924 0.663553 5.72112e-39 2
0.016434 0.141718 0.631445 5.53708e-39 2
0.0263363 0.139468 0.621422 4.43074e-39 2
0.0364995 0.139468 0.621422 3.9694e-39 2
0.047036 0.140584 0.626394 5.35234e-39 2
0.0572806 0.140584 0.626394 3.32475e-39 2
0.0675251 0.140584 0.626394 5.81403e-39 2
0.0777696 0.140584 0.626394 5.62964e-39 2
0.0866281 0.13837 0.616529 4.52293e-39 2
0.0959557 0.137289 0.611713 6.09025e-39 2
0.10596 0.137289 0.611713 4.06267e-39 2
0.115965 0.137289 0.611713 5.62999e-39 2
0.125969 0.137289 0.611713 5.35305e-39 2
0.135973 0.137289 0.611713 5.35376e-39 2
0.145978 0.137289 0.611713 6.09169e-39 2
0.15721 0.13837 0.616529 5.35269e-39 2
0.167294 0.13837 0.616529 6.27465e-39 2
0.173953 0.135699 0.604627 4.06195e-39 2
0.183841 0.135699 0.604627 4.52293e-39 2
0.19373 0.135699 0.604627 4.79952e-39 2
0.202835 0.135177 0.602302 4.70732e-39 2
0.212685 0.135177 0.602302 4.89171e-39 2
0.222536 0.135177 0.602302 3.78572e-39 2
0.230613 0.134145 0.597704 7.19623e-39 2
0.240388 0.134145 0.597704 5.07645e-39 2
0.291042 0.150197 0.669224 6.36612e-39 2
0.304591 0.151492 0.674993 8.20752e-39 2
0.318375 0.152809 0.680863 9.59081e-39 2
0.32951 0.152809 0.680863 8.57809e-39 2
0.343633 0.154149 0.686835 6.64306e-39 2
0.354866 0.154149 0.686835 6.45867e-39 2
0.362916 0.152809 0.680863 7.56574e-39 2
0.367657 0.150197 0.669224 6.73597e-39 2
0.372239 0.147673 0.657977 8.11891e-39 2
0.383 0.147673 0.657977 7.28915e-39 2
0.393761 0.147673 0.657977 6.73598e-39 2
0.40795 0.148924 0.663553 7.56035e-39 2
0.453383 0.16122 0.718341 6.17203e-39 2
0.467275 0.161963 0.721652 6.35785e-39 2
0.485793 0.164234 0.731768 8.2075e-39 2
0.500098 0.165005 0.735204 5.07501e-39 2
0.507358 0.16347 0.728365 5.81294e-39 2
0.552689 0.17399 0.77524 7.65721e-39 2
0.559825 0.172285 0.767639 5.62675e-39 2
0.572379 0.172285 0.767639 5.99697e-39 2
0.608809 0.179317 0.798972 6.64306e-39 2
0.615594 0.177505 0.790901 7.28771e-39 2
0.622244 0.17573 0.782992 7.5625e-39 2
0.622597 0.172285 0.767639 7.6547e-39 2
0.611184 0.165783 0.738672 7.93092e-39 2
0.579527 0.154149 0.686835 5.71823e-39 2
0.59076 0.154149 0.686835 7.46959e-39 2
0.594175 0.152147 0.677915 9.95887e-39 2
0.600067 0.150841 0.672096 9.31242e-39 2
0.608447 0.150197 0.669224 8.39082e-39 2
0.616757 0.149558 0.666376 7.93057e-39 2
0.627655 0.149558 0.666376 7.93057e-39 2
0.638553 0.149558 0.666376 8.76068e-39 2
0.6467 0.148924 0.663553 7.74653e-39 2
0.657552 0.148924 0.663553 7.65577e-39 2
0.668404 0.148924 0.663553 7.93308e-39 2
-0.669381 0.177864 0.738672 4.70624e-39 2
-0.651157 0.176202 0.731768 5.25798e-39 2
-0.633271 0.17457 0.724993 5.71824e-39 2
-0.610116 0.171396 0.711811 5.35052e-39 2
-0.598474 0.171396 0.711811 5.99625e-39 2
-0.592216 0.172969 0.718341 7.84124e-39 2
-0.580468 0.172969 0.718341 7.38097e-39 2
-0.57935 0.176202 0.731768 5.35267e-39 2
-0.578189 0.179558 0.745707 6.64269e-39 2
-0.576984 0.183045 0.760186 7.10403e-39 2
-0.593355 0.192384 0.798972 5.72145e-39 2
-0.577342 0.191407 0.794916 8.30113e-39 2
-0.544977 0.184839 0.767639 8.85539e-39 2
-0.532422 0.184839 0.767639 7.93164e-39 2
-0.525015 0.186669 0.77524 7.19336e-39 2
-0.512336 0.186669 0.77524 7.56322e-39 2
-0.499657 0.186669 0.77524 8.11747e-39 2
-0.491848 0.188536 0.782992 5.35016e-39 2
-0.479042 0.188536 0.782992 7.65433e-39 2
-0.46162 0.186669 0.77524 6.6409e-39 2
-0.448942 0.186669 0.77524 7.37847e-39 2
-0.436263 0.186669 0.77524 6.6409e-39 2
-0.415359 0.183045 0.760186 5.8115e-39 2
-0.404892 0.183938 0.763895 4.61547e-39 2
-0.374147 0.175382 0.728365 7.28663e-39 2
-0.362235 0.175382 0.728365 7.6547e-39 2
-0.350323 0.175382 0.728365 3.59881e-39 2
-0.333754 0.172969 0.718341 5.90335e-39 2
-0.322005 0.172969 0.718341 4.79844e-39 2
-0.307436 0.171396 0.711811 3.69209e-39 2
-0.29313 0.169852 0.705398 3.78357e-39 2
-0.279079 0.168336 0.6991 4.70553e-39 2
-0.260664 0.163944 0.680863 4.70625e-39 2
-0.239131 0.157113 0.652493 5.81259e-39 2
-0.224715 0.154538 0.641797 7.38135e-39 2
-0.214218 0.154538 0.641797 4.89207e-39 2
-0.212428 0.161142 0.669224 5.26049e-39 2
-0.201483 0.161142 0.669224 4.2467e-39 2
-0.187336 0.158434 0.657977 4.33781e-39 2
-0.172232 0.154538 0.641797 4.6144e-39 2
-0.156602 0.149632 0.621422 6.18245e-39 2
-0.143033 0.146152 0.606971 5.99842e-39 2
-0.132082 0.145028 0.602302 5.16865e-39 2
-0.130783 0.155174 0.644438 5.25977e-39 2
-0.120243 0.155174 0.644438 6.45796e-39 2
-0.104133 0.147294 0.611713 5.07503e-39 2
-0.0956223 0.149632 0.621422 7.84053e-39 2
-0.0861427 0.150829 0.626394 4.7066e-39 2
-0.072979 0.145028 0.602302 5.44525e-39 2
-0.0590411 0.135637 0.563304 6.73634e-39 2
-0.0491216 0.133713 0.555314 5.81367e-39 2
-0.0400396 0.133713 0.555314 7.65723e-39 2
-0.0311787 0.134669 0.55928 6.36649e-39 2
-0.0268213 0.163944 0.680863 5.35234e-39 2
-0.0158236 0.165382 0.686835 4.1538e-39 2
-0.00393474 0.141756 0.588716 5.90587e-39 2
0.00573671 0.14283 0.593176 4.33819e-39 2
0.015438 0.14283 0.593176 5.35269e-39 2
0.0254282 0.144472 0.599994 2.58682e-39 2
0.034709 0.142291 0.590937 3.69282e-39 2
0.0455776 0.146152 0.606971 4.89208e-39 2
0.0559381 0.147294 0.611713 5.07647e-39 2
0.0659425 0.147294 0.611713 5.35306e-39 2
0.0759469 0.147294 0.611713 5.26086e-39 2
0.0859513 0.147294 0.611713 6.18173e-39 2
0.0959557 0.147294 0.611713 4.79987e-39 2
0.105139 0.146152 0.606971 6.1828e-39 2
0.115965 0.147294 0.611713 3.97011e-39 2
0.124992 0.146152 0.606971 5.62891e-39 2
0.135973 0.147294 0.611713 6.09132e-39 2
0.144846 0.146152 0.606971 5.53959e-39 2
0.154773 0.146152 0.606971 2.86341e-39 2
0.1647 0.146152 0.606971 5.26049e-39 2
0.173283 0.145028 0.602302 6.92001e-39 2
0.182432 0.144472 0.599994 5.72147e-39 2
0.192245 0.144472 0.599994 4.43073e-39 2
0.201287 0.143921 0.597704 3.78537e-39 2
0.210259 0.143373 0.595431 5.35269e-39 2
0.219998 0.143373 0.595431 4.98426e-39 2
0.228002 0.142291 0.590937 6.18281e-39 2
0.237667 0.142291 0.590937 6.45939e-39 2
0.256996 0.142291 0.590937 4.61584e-39 2
0.26666 0.142291 0.590937 5.72075e-39 2
0.31563 0.162531 0.674993 5.07393e-39 2
0.297205 0.147871 0.614111 7.28771e-39 2
0.337709 0.162531 0.674993 6.92072e-39 2
0.348748 0.162531 0.674993 4.15522e-39 2
0.312624 0.141225 0.586511 6.45974e-39 2
0.31746 0.139141 0.577854 7.1973e-39 2
0.323332 0.137617 0.571527 7.2895e-39 2
0.329076 0.136127 0.565337 6.27535e-39 2
0.447228 0.170621 0.70859 7.10152e-39 2
0.460903 0.171396 0.711811 4.79519e-39 2
0.479077 0.173766 0.721652 7.10223e-39 2
0.486396 0.172179 0.715061 4.61511e-39 2
0.498091 0.172179 0.715061 6.92037e-39 2
0.516866 0.17457 0.724993 4.98354e-39 2
0.588682 0.194367 0.807208 6.64126e-39 2
0.601883 0.194367 0.807208 6.27248e-39 2
0.615085 0.194367 0.807208 6.27355e-39 2
0.615594 0.19044 0.790901 7.19587e-39 2
0.610043 0.184839 0.767639 8.48481e-39 2
0.552217 0.163944 0.680863 8.02311e-39 2
0.54903 0.159776 0.663553 6.27032e-39 2
0.559882 0.159776 0.663553 7.65254e-39 2
0.578083 0.161833 0.672096 7.46959e-39 2
0.589075 0.161833 0.672096 6.27105e-39 2
0.597502 0.161142 0.669224 9.03584e-39 2
0.605858 0.160456 0.666376 8.48194e-39 2
0.614143 0.159776 0.663553 9.58829e-39 2
0.624995 0.159776 0.663553 8.85108e-39 2
0.635848 0.159776 0.663553 7.56071e-39 2
0.643971 0.159102 0.660753 8.20715e-39 2
0.652027 0.158434 0.657977 8.20751e-39 2
0.660014 0.157771 0.655223 7.93057e-39 2
-0.663125 0.18817 0.731768 4.79843e-39 2
-0.63921 0.184717 0.718341 6.36575e-39 2
-0.610654 0.179769 0.6991 7.28806e-39 2
-0.599221 0.179769 0.6991 8.671e-39 2
-0.587787 0.179769 0.6991 7.74868e-39 2
-0.576353 0.179769 0.6991 8.21002e-39 2
-0.56492 0.179769 0.6991 7.65684e-39 2
-0.56355 0.183038 0.711811 5.44487e-39 2
-0.551908 0.183038 0.711811 6.73525e-39 2
-0.550272 0.186427 0.724993 6.08988e-39 2
-0.538414 0.186427 0.724993 5.07573e-39 2
-0.526557 0.186427 0.724993 7.93415e-39 2
-0.5147 0.186427 0.724993 7.28878e-39 2
-0.502843 0.186427 0.724993 7.65577e-39 2
-0.495575 0.18817 0.731768 7.19407e-39 2
-0.483607 0.18817 0.731768 7.4721e-39 2
-0.476088 0.189945 0.738672 6.36575e-39 2
-0.477522 0.195477 0.760186 8.76176e-39 2
-0.46509 0.195477 0.760186 7.56286e-39 2
-0.452657 0.195477 0.760186 7.56285e-39 2
-0.440224 0.195477 0.760186 7.74724e-39 2
-0.423678 0.193598 0.752877 6.73381e-39 2
-0.403603 0.189945 0.738672 6.36575e-39 2
-0.387864 0.18817 0.731768 6.27356e-39 2
-0.374147 0.187295 0.728365 8.39333e-39 2
-0.358897 0.185568 0.721652 4.98138e-39 2
-0.347094 0.185568 0.721652 5.8115e-39 2
-0.33223 0.183874 0.715061 6.8253e-39 2
-0.316203 0.181389 0.705398 4.70588e-39 2
-0.304667 0.181389 0.705398 5.07466e-39 2
-0.287942 0.178178 0.692913 4.3371e-39 2
-0.271799 0.17508 0.680863 4.98247e-39 2
-0.249803 0.167785 0.652493 7.01149e-39 2
-0.233299 0.163692 0.636579 5.16865e-39 2
-0.217581 0.159795 0.621422 6.45939e-39 2
-0.207418 0.159795 0.621422 4.52328e-39 2
-0.198832 0.161073 0.626394 5.26085e-39 2
-0.198097 0.169195 0.657977 3.0478e-39 2
-0.187336 0.169195 0.657977 5.53744e-39 2
-0.168099 0.161073 0.626394 6.82817e-39 2
-0.15296 0.156079 0.606971 3.87792e-39 2
-0.136676 0.149142 0.579994 6.36612e-39 2
-0.12719 0.149142 0.579994 5.35197e-39 2
-0.115146 0.1459 0.567386 4.79808e-39 2
-0.105866 0.1459 0.567386 5.35162e-39 2
-0.0980071 0.148045 0.575729 7.47247e-39 2
-0.0885912 0.148045 0.575729 6.08953e-39 2
-0.0780278 0.1459 0.567386 6.45832e-39 2
-0.0672856 0.142795 0.555314 7.2888e-39 2
-0.056991 0.139821 0.543745 6.09025e-39 2
-0.0480982 0.139821 0.543745 3.87683e-39 2
-0.0392054 0.139821 0.543745 7.19588e-39 2
-0.0303126 0.139821 0.543745 3.87721e-39 2
-0.0218755 0.142795 0.555314 3.97012e-39 2
-0.0145475 0.162372 0.631445 5.99842e-39 2
-0.00394958 0.151956 0.590937 5.81259e-39 2
0.00575852 0.153111 0.595431 4.89064e-39 2
0.0154967 0.153111 0.595431 4.52293e-39 2
0.0253311 0.153696 0.597704 5.07647e-39 2
0.0345785 0.151385 0.588716 4.89136e-39 2
0.0442068 0.151385 0.588716 5.35234e-39 2
0.054243 0.152532 0.593176 4.61477e-39 2
0.0639442 0.152532 0.593176 5.26086e-39 2
0.0742076 0.153696 0.597704 4.98428e-39 2
0.083983 0.153696 0.597704 4.89171e-39 2
0.093048 0.152532 0.593176 4.79987e-39 2
0.101977 0.151385 0.588716 5.62928e-39 2
0.11245 0.152532 0.593176 4.2467e-39 2
0.121233 0.151385 0.588716 6.275e-39 2
0.131853 0.152532 0.593176 5.16937e-39 2
0.141554 0.152532 0.593176 5.99913e-39 2
0.151255 0.152532 0.593176 5.16757e-39 2
0.159747 0.151385 0.588716 5.25977e-39 2
0.166866 0.149142 0.579994 5.44524e-39 2
0.176351 0.149142 0.579994 5.44488e-39 2
0.183124 0.146965 0.571527 4.70804e-39 2
0.192471 0.146965 0.571527 5.07682e-39 2
0.204808 0.149142 0.579994 5.35341e-39 2
0.217516 0.151385 0.588716 5.72219e-39 2
0.22545 0.150255 0.584322 4.70804e-39 2
0.235006 0.150255 0.584322 5.07646e-39 2
0.244563 0.150255 0.584322 4.52293e-39 2
0.255071 0.150818 0.586511 4.06195e-39 2
0.265658 0.151385 0.588716 5.44524e-39 2
0.275286 0.151385 0.588716 6.08952e-39 2
0.289264 0.153696 0.597704 6.45795e-39 2
0.30134 0.154878 0.602302 6.45867e-39 2
0.309998 0.154285 0.599994 6.92037e-39 2
0.3103 0.149696 0.58215 6.18352e-39 2
0.313985 0.146965 0.571527 6.09168e-39 2
0.31983 0.145373 0.565337 6.18422e-39 2
0.324392 0.143304 0.55729 5.90657e-39 2
0.332323 0.142795 0.555314 6.09024e-39 2
0.341405 0.142795 0.555314 8.02634e-39 2
0.443217 0.180575 0.702235 6.09024e-39 2
0.45675 0.181389 0.705398 7.84123e-39 2
0.426064 0.165034 0.641797 7.28841e-39 2
0.443837 0.167785 0.652493 7.28878e-39 2
0.495827 0.183038 0.711811 8.30221e-39 2
0.512124 0.184717 0.718341 7.47245e-39 2
0.601883 0.207569 0.807208 4.52076e-39 2
0.615085 0.207569 0.807208 6.55086e-39 2
0.522894 0.169195 0.657977 6.9182e-39 2
0.547456 0.17357 0.674993 7.10188e-39 2
0.575612 0.172087 0.669224 6.45544e-39 2
0.584061 0.171355 0.666376 5.44129e-39 2
0.592439 0.170628 0.663553 6.73167e-39 2
0.600745 0.169909 0.660753 6.1785e-39 2
0.606434 0.168487 0.655223 6.45509e-39 2
0.61715 0.168487 0.655223 6.0863e-39 2
0.633165 0.169909 0.660753 6.26997e-39 2
0.643971 0.169909 0.660753 8.02097e-39 2
0.652027 0.169195 0.657977 7.55999e-39 2
-0.650958 0.196465 0.718341 7.93343e-39 2
-0.600637 0.18461 0.674993 7.74904e-39 2
-0.574733 0.179956 0.657977 7.28806e-39 2
-0.554651 0.176981 0.647101 6.64269e-39 2
-0.539608 0.175531 0.641797 4.98353e-39 2
-0.529111 0.175531 0.641797 6.73489e-39 2
-0.518615 0.175531 0.641797 7.84016e-39 2
-0.520928 0.179956 0.657977 6.82708e-39 2
-0.514491 0.181481 0.663553 6.4583e-39 2
-0.512322 0.18461 0.674993 7.01148e-39 2
-0.501282 0.18461 0.674993 7.74904e-39 2
-0.481934 0.181481 0.663553 8.21002e-39 2
-0.467123 0.179956 0.657977 7.01148e-39 2
-0.456362 0.179956 0.657977 7.56357e-39 2
-0.438235 0.176981 0.647101 5.71966e-39 2
-0.43484 0.179956 0.657977 8.94723e-39 2
-0.435046 0.18461 0.674993 6.64234e-39 2
-0.431446 0.187848 0.686835 8.66992e-39 2
-0.427716 0.191203 0.6991 7.10259e-39 2
-0.423852 0.194679 0.711811 7.93235e-39 2
-0.415992 0.196465 0.718341 8.30042e-39 2
-0.404243 0.196465 0.718341 7.65577e-39 2
-0.392495 0.196465 0.718341 7.3799e-39 2
-0.380747 0.196465 0.718341 7.74869e-39 2
-0.352814 0.187848 0.686835 7.37846e-39 2
-0.338611 0.186215 0.680863 4.9821e-39 2
-0.326058 0.185409 0.677915 7.8398e-39 2
-0.314971 0.185409 0.677915 7.37991e-39 2
-0.310607 0.189511 0.692913 8.30186e-39 2
-0.296649 0.187848 0.686835 5.72039e-39 2
-0.282934 0.186215 0.680863 4.61404e-39 2
-0.258321 0.176981 0.647101 7.3799e-39 2
-0.239811 0.171318 0.626394 5.53671e-39 2
-0.225951 0.16862 0.616529 7.93452e-39 2
-0.214181 0.167303 0.611713 6.55159e-39 2
-0.204177 0.167303 0.611713 8.48769e-39 2
-0.194172 0.167303 0.611713 8.67209e-39 2
-0.187091 0.169958 0.621422 7.65793e-39 2
-0.176928 0.169958 0.621422 7.47354e-39 2
-0.159185 0.162233 0.593176 7.01292e-39 2
-0.137985 0.149753 0.547547 5.07646e-39 2
-0.12903 0.149753 0.547547 3.50805e-39 2
-0.119241 0.148713 0.543745 6.18173e-39 2
-0.11112 0.149753 0.547547 7.01077e-39 2
-0.102165 0.149753 0.547547 5.07503e-39 2
-0.0945317 0.151877 0.555314 7.56466e-39 2
-0.0854497 0.151877 0.555314 6.36612e-39 2
-0.0758299 0.150808 0.551403 5.16722e-39 2
-0.0658839 0.148713 0.543745 7.84125e-39 2
-0.056991 0.148713 0.543745 7.56431e-39 2
-0.0480982 0.148713 0.543745 6.45939e-39 2
-0.0392054 0.148713 0.543745 6.82817e-39 2
-0.0303126 0.148713 0.543745 7.1966e-39 2
-0.0214198 0.148713 0.543745 5.26121e-39 2
-0.0127034 0.150808 0.551403 6.82782e-39 2
-0.00394958 0.161621 0.590937 5.44416e-39 2
0.00575852 0.16285 0.595431 6.18137e-39 2
0.0154967 0.16285 0.595431 4.79952e-39 2
0.0253311 0.163471 0.597704 4.98463e-39 2
0.0340662 0.158628 0.579994 4.33819e-39 2
0.0435519 0.158628 0.579994 4.15307e-39 2
0.0518846 0.155179 0.567386 4.4293e-39 2
0.061164 0.155179 0.567386 4.61477e-39 2
0.0704435 0.155179 0.567386 6.0899e-39 2
0.0797229 0.155179 0.567386 5.35269e-39 2
0.0871087 0.151877 0.555314 5.44524e-39 2
0.0955134 0.150808 0.551403 5.53708e-39 2
0.1038 0.149753 0.547547 5.90586e-39 2
0.112755 0.149753 0.547547 6.55194e-39 2
0.122568 0.150808 0.551403 5.07645e-39 2
0.134426 0.154063 0.563304 7.65793e-39 2
0.144679 0.155179 0.567386 5.62855e-39 2
0.153959 0.155179 0.567386 5.07538e-39 2
0.159765 0.151877 0.555314 6.55158e-39 2
0.168847 0.151877 0.555314 3.23219e-39 2
0.17544 0.149753 0.547547 5.07682e-39 2
0.184395 0.149753 0.547547 5.26121e-39 2
0.19335 0.149753 0.547547 4.98427e-39 2
0.20373 0.150808 0.551403 4.79988e-39 2
0.215787 0.152962 0.55928 5.44488e-39 2
0.230702 0.156884 0.573621 4.7066e-39 2
0.240083 0.156884 0.573621 5.62855e-39 2
0.250382 0.157461 0.575729 5.99734e-39 2
0.287256 0.174103 0.636579 4.43109e-39 2
0.297667 0.174103 0.636579 5.44415e-39 2
0.289264 0.163471 0.597704 6.18208e-39 2
0.29904 0.163471 0.597704 3.69352e-39 2
0.307641 0.16285 0.595431 6.36791e-39 2
0.313799 0.161013 0.588716 3.97047e-39 2
0.312843 0.155743 0.569449 4.61619e-39 2
0.31868 0.154063 0.563304 6.09096e-39 2
0.319839 0.150279 0.549468 6.45974e-39 2
0.327675 0.149753 0.547547 5.8133e-39 2
0.339001 0.150808 0.551403 7.56501e-39 2
0.368796 0.159811 0.584322 7.47281e-39 2
0.378353 0.159811 0.584322 6.36682e-39 2
0.387909 0.159811 0.584322 5.72253e-39 2
0.380432 0.152962 0.55928 7.28985e-39 2
0.384091 0.150808 0.551403 6.55229e-39 2
0.39311 0.150808 0.551403 7.19658e-39 2
0.358007 0.134262 0.490904 7.47173e-39 2
0.364892 0.133842 0.48937 5.07536e-39 2
0.535907 0.180715 0.660753 5.99589e-39 2
0.546713 0.180715 0.660753 5.90298e-39 2
0.581586 0.181481 0.663553 5.99482e-39 2
0.589939 0.180715 0.660753 5.99483e-39 2
0.598221 0.179956 0.657977 5.62604e-39 2
0.603907 0.178456 0.652493 5.25726e-39 2
0.612029 0.177716 0.649786 5.4413e-39 2
0.622656 0.177716 0.649786 5.62497e-39 2
0.638582 0.179203 0.655223 7.37561e-39 2
-0.611676 0.195649 0.674993 7.56465e-39 2
-0.548613 0.178703 0.616529 6.73489e-39 2
-0.534322 0.177307 0.611713 6.18171e-39 2
-0.524318 0.177307 0.611713 5.81293e-39 2
-0.518363 0.178703 0.616529 7.6572e-39 2
-0.50828 0.178703 0.616529 7.47245e-39 2
-0.502151 0.180121 0.621422 6.91856e-39 2
-0.503987 0.184515 0.636579 8.11782e-39 2
-0.493576 0.184515 0.636579 6.18136e-39 2
-0.487126 0.186027 0.641797 7.56465e-39 2
-0.472754 0.184515 0.636579 9.03978e-39 2
-0.454946 0.181562 0.626394 9.22417e-39 2
-0.444701 0.181562 0.626394 7.38026e-39 2
-0.427615 0.178703 0.616529 6.9182e-39 2
-0.417531 0.178703 0.616529 6.91748e-39 2
-0.407448 0.178703 0.616529 7.0104e-39 2
-0.397365 0.178703 0.616529 7.56429e-39 2
-0.390356 0.180121 0.621422 6.5505e-39 2
-0.386324 0.183027 0.631445 7.10294e-39 2
-0.382161 0.186027 0.641797 8.94686e-39 2
-0.387548 0.193977 0.669224 7.28626e-39 2
-0.386513 0.199081 0.686835 6.82708e-39 2
-0.367227 0.194809 0.672096 6.45866e-39 2
-0.353203 0.193151 0.666376 7.56429e-39 2
-0.342305 0.193151 0.666376 7.65577e-39 2
-0.25042 0.14595 0.503532 7.10259e-39 2
-0.242185 0.14595 0.503532 6.64234e-39 2
-0.305707 0.190717 0.657977 7.56465e-39 2
-0.294946 0.190717 0.657977 7.47245e-39 2
-0.262155 0.175932 0.606971 8.30221e-39 2
-0.241018 0.168113 0.579994 6.64341e-39 2
-0.228152 0.165659 0.571527 7.56501e-39 2
-0.21722 0.164459 0.567386 6.27428e-39 2
-0.206444 0.163275 0.563304 7.01149e-39 2
-0.197232 0.163275 0.563304 5.81294e-39 2
-0.188019 0.163275 0.563304 7.38062e-39 2
-0.177529 0.162109 0.55928 8.48697e-39 2
-0.168382 0.162109 0.55928 7.47282e-39 2
-0.154812 0.157606 0.543745 7.56537e-39 2
-0.142941 0.15439 0.532648 6.73525e-39 2
-0.133323 0.153347 0.529049 6.275e-39 2
-0.12467 0.153347 0.529049 7.38062e-39 2
-0.116807 0.15439 0.532648 5.90549e-39 2
-0.108836 0.155447 0.536296 5.90478e-39 2
-0.100755 0.156519 0.539995 6.7349e-39 2
-0.0925623 0.157606 0.543745 6.73525e-39 2
-0.0836695 0.157606 0.543745 5.25977e-39 2
-0.074261 0.156519 0.539995 6.4576e-39 2
-0.0654295 0.156519 0.539995 6.54979e-39 2
-0.0562104 0.155447 0.536296 8.02493e-39 2
-0.0474394 0.155447 0.536296 6.18172e-39 2
-0.0386684 0.155447 0.536296 6.45939e-39 2
-0.0301036 0.156519 0.539995 6.64271e-39 2
-0.0214198 0.157606 0.543745 6.18173e-39 2
-0.012527 0.157606 0.543745 5.44416e-39 2
-0.00389085 0.168738 0.58215 6.73454e-39 2
0.00569357 0.170641 0.588716 5.90479e-39 2
0.0144526 0.160959 0.555314 6.64343e-39 2
0.0237027 0.162109 0.55928 4.61584e-39 2
0.0328496 0.162109 0.55928 4.52293e-39 2
0.0416986 0.160959 0.555314 6.08846e-39 2
0.0500704 0.158708 0.547547 6.45797e-39 2
0.0586155 0.157606 0.543745 5.99663e-39 2
0.0670428 0.156519 0.539995 5.99806e-39 2
0.0743363 0.153347 0.529049 5.2605e-39 2
0.0829887 0.153347 0.529049 3.78536e-39 2
0.0898205 0.1503 0.518538 3.14e-39 2
0.0963861 0.147372 0.508436 4.06195e-39 2
0.104701 0.147372 0.508436 5.53779e-39 2
0.115262 0.1503 0.518538 6.36719e-39 2
0.123743 0.1503 0.518538 5.53708e-39 2
0.135821 0.15439 0.532648 5.1683e-39 2
0.146526 0.156519 0.539995 6.64378e-39 2
0.156436 0.157606 0.543745 5.62963e-39 2
0.165329 0.157606 0.543745 4.33854e-39 2
0.174222 0.157606 0.543745 4.24635e-39 2
0.183115 0.157606 0.543745 5.4456e-39 2
0.192008 0.157606 0.543745 2.67902e-39 2
0.199515 0.156519 0.539995 4.79952e-39 2
0.208347 0.156519 0.539995 5.53636e-39 2
0.218686 0.157606 0.543745 4.15271e-39 2
0.230784 0.159826 0.551403 5.99662e-39 2
0.241503 0.160959 0.555314 4.89099e-39 2
0.276035 0.177307 0.611713 4.79987e-39 2
0.295267 0.183027 0.631445 6.275e-39 2
0.298375 0.178703 0.616529 5.99842e-39 2
0.29904 0.173246 0.597704 5.44596e-39 2
0.306476 0.171934 0.593176 5.5378e-39 2
0.311458 0.169368 0.584322 4.24706e-39 2
0.311709 0.164459 0.567386 4.33854e-39 2
0.316403 0.162109 0.55928 3.14e-39 2
0.323241 0.160959 0.555314 3.13892e-39 2
0.318759 0.15439 0.532648 3.23112e-39 2
0.33663 0.158708 0.547547 4.6144e-39 2
0.345585 0.158708 0.547547 2.86304e-39 2
0.352078 0.157606 0.543745 7.65756e-39 2
0.331082 0.144556 0.498721 7.93487e-39 2
0.334971 0.142738 0.492448 5.53886e-39 2
0.340881 0.141846 0.48937 6.46081e-39 2
0.348885 0.141846 0.48937 6.73668e-39 2
0.355776 0.141404 0.487846 6.64304e-39 2
0.363755 0.141404 0.487846 6.92035e-39 2
0.371734 0.141404 0.487846 6.64413e-39 2
0.527012 0.188343 0.649786 7.28698e-39 2
0.537639 0.188343 0.649786 6.91785e-39 2
0.555177 0.190717 0.657977 4.24418e-39 2
0.574286 0.189919 0.655223 6.3654e-39 2
0.580147 0.188343 0.649786 6.9175e-39 2
0.590775 0.188343 0.649786 4.98103e-39 2
0.594007 0.186027 0.641797 6.27213e-39 2
0.602036 0.185268 0.639177 5.62641e-39 2
0.61249 0.185268 0.639177 5.53386e-39 2
0.628071 0.186793 0.644438 5.90228e-39 2
-0.558696 0.188786 0.616529 7.10438e-39 2
-0.519954 0.178924 0.584322 7.65756e-39 2
-0.518131 0.181635 0.593176 7.01219e-39 2
-0.512311 0.183022 0.597704 6.18243e-39 2
-0.506401 0.18443 0.602302 7.01291e-39 2
-0.496551 0.18443 0.602302 6.91999e-39 2
-0.490473 0.185859 0.606971 7.19514e-39 2
-0.488114 0.188786 0.616529 6.64161e-39 2
-0.478031 0.188786 0.616529 8.11675e-39 2
-0.464292 0.187311 0.611713 7.84016e-39 2
-0.454287 0.187311 0.611713 6.73416e-39 2
-0.444283 0.187311 0.611713 6.82601e-39 2
-0.430912 0.185859 0.606971 7.74796e-39 2
-0.420985 0.185859 0.606971 5.99553e-39 2
-0.411058 0.185859 0.606971 6.36431e-39 2
-0.401131 0.185859 0.606971 6.82565e-39 2
-0.391204 0.185859 0.606971 8.76356e-39 2
-0.384256 0.187311 0.611713 7.10367e-39 2
-0.377199 0.188786 0.616529 8.48695e-39 2
-0.367115 0.188786 0.616529 6.91963e-39 2
-0.359866 0.190285 0.621422 7.56357e-39 2
-0.361168 0.196523 0.641797 7.56465e-39 2
-0.350672 0.196523 0.641797 7.7494e-39 2
-0.340175 0.196523 0.641797 7.93379e-39 2
-0.263355 0.167663 0.547547 7.84124e-39 2
-0.2544 0.167663 0.547547 7.01184e-39 2
-0.245445 0.167663 0.547547 7.01147e-39 2
-0.23649 0.167663 0.547547 8.39441e-39 2
-0.222859 0.164218 0.536296 6.73633e-39 2
-0.209778 0.160912 0.525498 7.56681e-39 2
-0.195924 0.156705 0.51176 7.01184e-39 2
-0.183947 0.153691 0.501918 6.36647e-39 2
-0.174619 0.152712 0.498721 8.57917e-39 2
-0.166463 0.152712 0.498721 7.01184e-39 2
-0.159321 0.153691 0.501918 6.82745e-39 2
-0.152087 0.154683 0.505156 7.65756e-39 2
-0.144759 0.155687 0.508436 6.7356e-39 2
-0.136444 0.155687 0.508436 6.64305e-39 2
-0.128129 0.155687 0.508436 7.56574e-39 2
-0.122194 0.158781 0.518538 7.8416e-39 2
-0.113713 0.158781 0.518538 7.01219e-39 2
-0.106645 0.160912 0.525498 7.19551e-39 2
-0.0987131 0.161999 0.529049 5.53743e-39 2
-0.0900606 0.161999 0.529049 5.90657e-39 2
-0.0814082 0.161999 0.529049 5.53671e-39 2
-0.0727557 0.161999 0.529049 6.73454e-39 2
-0.063673 0.160912 0.525498 8.02527e-39 2
-0.0550786 0.160912 0.525498 4.7066e-39 2
-0.0471166 0.163101 0.532648 5.4438e-39 2
-0.0384053 0.163101 0.532648 5.25905e-39 2
-0.0298974 0.164218 0.536296 5.25905e-39 2
-0.0212721 0.165351 0.539995 5.72075e-39 2
-0.012527 0.166499 0.543745 5.62784e-39 2
-0.00389085 0.178259 0.58215 6.08774e-39 2
0.00560922 0.177599 0.579994 6.82603e-39 2
0.0141515 0.166499 0.543745 6.36684e-39 2
0.0230443 0.166499 0.543745 5.07682e-39 2
0.0319371 0.166499 0.543745 4.98391e-39 2
0.0402706 0.164218 0.536296 5.35197e-39 2
0.0483789 0.161999 0.529049 4.24634e-39 2
0.0570313 0.161999 0.529049 4.33819e-39 2
0.0635373 0.156705 0.51176 4.33891e-39 2
0.07144 0.155687 0.508436 4.33819e-39 2
0.0787329 0.153691 0.501918 4.33854e-39 2
0.0863879 0.152712 0.498721 4.61477e-39 2
0.093946 0.151746 0.495565 4.06196e-39 2
0.102051 0.151746 0.495565 3.87792e-39 2
0.110857 0.152712 0.498721 4.06123e-39 2
0.120549 0.154683 0.505156 4.24527e-39 2
0.132223 0.158781 0.518538 3.69389e-39 2
0.142593 0.160912 0.525498 5.16901e-39 2
0.154294 0.164218 0.536296 5.35341e-39 2
0.163065 0.164218 0.536296 4.1538e-39 2
0.171836 0.164218 0.536296 4.89063e-39 2
0.180606 0.164218 0.536296 4.24741e-39 2
0.189378 0.164218 0.536296 3.69317e-39 2
0.196801 0.163101 0.532648 6.36576e-39 2
0.204123 0.161999 0.529049 5.90442e-39 2
0.211348 0.160912 0.525498 6.64127e-39 2
0.215601 0.157736 0.515126 6.4576e-39 2
0.221117 0.155687 0.508436 5.44416e-39 2
0.229432 0.155687 0.508436 5.72147e-39 2
0.249068 0.163101 0.532648 5.90621e-39 2
0.280694 0.177599 0.579994 4.43109e-39 2
0.290179 0.177599 0.579994 7.3817e-39 2
0.272423 0.161454 0.527267 5.44524e-39 2
0.281046 0.161454 0.527267 4.52293e-39 2
0.302929 0.168844 0.551403 2.49463e-39 2
0.307614 0.166499 0.543745 7.28737e-39 2
0.316507 0.166499 0.543745 4.33746e-39 2
0.3254 0.166499 0.543745 4.33711e-39 2
0.331987 0.165351 0.539995 5.25942e-39 2
0.338484 0.164218 0.536296 5.99733e-39 2
0.342563 0.161999 0.529049 4.98354e-39 2
0.325892 0.150319 0.490904 3.41693e-39 2
0.33081 0.148918 0.486331 6.45974e-39 2
0.338764 0.148918 0.486331 6.09096e-39 2
0.346718 0.148918 0.486331 7.38098e-39 2
0.354672 0.148918 0.486331 6.4601e-39 2
0.362625 0.148918 0.486331 4.80057e-39 2
0.370579 0.148918 0.486331 7.56644e-39 2
0.378533 0.148918 0.486331 7.19693e-39 2
0.522674 0.197332 0.644438 7.65719e-39 2
0.533214 0.197332 0.644438 7.74904e-39 2
0.548266 0.19897 0.649786 8.11782e-39 2
0.602036 0.195721 0.639177 4.89063e-39 2
-0.514162 0.183018 0.567386 7.01219e-39 2
-0.48723 0.176618 0.547547 6.8278e-39 2
-0.488523 0.180403 0.55928 5.99804e-39 2
-0.497131 0.187085 0.579994 7.65721e-39 2
-0.487646 0.187085 0.579994 8.76356e-39 2
-0.47816 0.187085 0.579994 7.01148e-39 2
-0.465228 0.185709 0.575729 5.81149e-39 2
-0.449206 0.183018 0.567386 8.11603e-39 2
-0.439927 0.183018 0.567386 3.59844e-39 2
-0.43698 0.185709 0.575729 7.56357e-39 2
-0.433946 0.188481 0.584322 6.91928e-39 2
-0.42758 0.189898 0.588716 7.19407e-39 2
-0.424333 0.192797 0.597704 8.11531e-39 2
-0.414558 0.192797 0.597704 5.44164e-39 2
-0.404782 0.192797 0.597704 7.0104e-39 2
-0.395007 0.192797 0.597704 6.18136e-39 2
-0.385232 0.192797 0.597704 6.82673e-39 2
-0.375456 0.192797 0.597704 8.48661e-39 2
-0.368494 0.19428 0.602302 7.84123e-39 2
-0.361424 0.195786 0.606971 6.27463e-39 2
-0.351497 0.195786 0.606971 8.30186e-39 2
-0.344239 0.197316 0.611713 5.99769e-39 2
-0.261839 0.159347 0.494001 6.8278e-39 2
-0.254562 0.159851 0.495565 7.28806e-39 2
-0.24724 0.160358 0.497138 7.84123e-39 2
-0.239109 0.160358 0.497138 8.39441e-39 2
-0.237772 0.165075 0.51176 7.28878e-39 2
-0.230912 0.166161 0.515126 5.62854e-39 2
-0.221033 0.165075 0.51176 7.28841e-39 2
-0.212663 0.165075 0.51176 5.99804e-39 2
-0.199088 0.160869 0.498721 4.80022e-39 2
-0.18853 0.158845 0.492448 7.2895e-39 2
-0.179348 0.157853 0.48937 6.4583e-39 2
-0.170281 0.156872 0.486331 5.90405e-39 2
-0.162327 0.156872 0.486331 6.8278e-39 2
-0.154373 0.156872 0.486331 6.55194e-39 2
-0.146419 0.156872 0.486331 7.56609e-39 2
-0.141094 0.159851 0.495565 7.19623e-39 2
-0.13299 0.159851 0.495565 6.08916e-39 2
-0.124885 0.159851 0.495565 6.82745e-39 2
-0.11678 0.159851 0.495565 6.8278e-39 2
-0.108675 0.159851 0.495565 6.82708e-39 2
-0.10186 0.1619 0.501918 7.65649e-39 2
-0.0942551 0.162945 0.505156 6.82745e-39 2
-0.0859934 0.162945 0.505156 5.90657e-39 2
-0.0777317 0.162945 0.505156 6.45939e-39 2
-0.0713102 0.167261 0.518538 6.64234e-39 2
-0.0628296 0.167261 0.518538 6.36647e-39 2
-0.0550786 0.169506 0.525498 7.47247e-39 2
-0.0464842 0.169506 0.525498 4.79808e-39 2
-0.0378898 0.169506 0.525498 6.45724e-39 2
-0.0292954 0.169506 0.525498 5.53564e-39 2
-0.020701 0.169506 0.525498 5.25905e-39 2
-0.0121066 0.169506 0.525498 6.17993e-39 2
-0.00351221 0.169506 0.525498 6.91678e-39 2
0.00508218 0.169506 0.525498 7.65507e-39 2
0.0136766 0.169506 0.525498 6.45796e-39 2
0.0221225 0.168376 0.521995 5.26121e-39 2
0.0306596 0.168376 0.521995 5.07538e-39 2
0.0391967 0.168376 0.521995 6.27464e-39 2
0.0467978 0.165075 0.51176 5.72148e-39 2
0.0548093 0.164003 0.508436 5.62893e-39 2
0.0619185 0.160869 0.498721 5.26014e-39 2
0.070075 0.160869 0.498721 5.07647e-39 2
0.0772474 0.158845 0.492448 1.48085e-39 2
0.0853012 0.158845 0.492448 5.26014e-39 2
0.0927716 0.157853 0.48937 5.35269e-39 2
0.100775 0.157853 0.48937 6.27572e-39 2
0.108779 0.157853 0.48937 5.07682e-39 2
0.117517 0.158845 0.492448 2.95525e-39 2
0.12717 0.160869 0.498721 3.13892e-39 2
0.137073 0.162945 0.505156 4.89171e-39 2
0.149184 0.167261 0.518538 3.87792e-39 2
0.159781 0.169506 0.525498 5.62892e-39 2
0.169513 0.170651 0.529049 5.44381e-39 2
0.178166 0.170651 0.529049 4.89171e-39 2
0.186818 0.170651 0.529049 3.69389e-39 2
0.195471 0.170651 0.529049 4.33926e-39 2
0.200068 0.167261 0.518538 5.35125e-39 2
0.207176 0.166161 0.515126 5.07358e-39 2
0.208735 0.160869 0.498721 5.35125e-39 2
0.215519 0.159851 0.495565 5.53564e-39 2
0.223623 0.159851 0.495565 6.55051e-39 2
0.235454 0.162421 0.503532 6.64378e-39 2
0.247671 0.165075 0.51176 5.16937e-39 2
0.259432 0.167261 0.518538 5.26084e-39 2
0.2706 0.168939 0.523741 5.44524e-39 2
0.279166 0.168939 0.523741 6.08953e-39 2
0.298721 0.175392 0.543745 5.99698e-39 2
0.289519 0.165075 0.51176 3.41551e-39 2
0.312171 0.172989 0.536296 5.81367e-39 2
0.318759 0.171812 0.532648 4.70625e-39 2
0.304672 0.159851 0.495565 4.42966e-39 2
0.309835 0.158347 0.490904 5.07538e-39 2
0.340264 0.169506 0.525498 4.89099e-39 2
0.321857 0.156387 0.484825 6.73598e-39 2
0.327756 0.155424 0.481841 7.47354e-39 2
0.336673 0.155904 0.483328 5.62998e-39 2
0.352765 0.152607 0.473107 4.61548e-39 2
0.38572 0.159851 0.495565 7.56679e-39 2
0.399934 0.14189 0.439883 7.38061e-39 2
0.407129 0.14189 0.439883 8.11782e-39 2
-0.492739 0.184285 0.543745 7.93378e-39 2
-0.480509 0.183014 0.539995 7.19586e-39 2
-0.478275 0.185573 0.547547 6.27391e-39 2
-0.479377 0.18955 0.55928 6.36611e-39 2
-0.473613 0.190914 0.563304 7.65721e-39 2
-0.4644 0.190914 0.563304 6.45722e-39 2
-0.397931 0.166899 0.492448 8.94614e-39 2
-0.389877 0.166899 0.492448 9.40677e-39 2
-0.38424 0.167956 0.495565 7.93092e-39 2
-0.412704 0.184285 0.543745 8.76139e-39 2
-0.403811 0.184285 0.543745 6.73381e-39 2
-0.40048 0.18688 0.551403 6.4565e-39 2
-0.417952 0.199526 0.588716 7.56214e-39 2
-0.408324 0.199526 0.588716 6.5487e-39 2
-0.398695 0.199526 0.588716 8.30114e-39 2
-0.392015 0.201038 0.593176 6.73525e-39 2
-0.379439 0.199526 0.588716 7.56501e-39 2
-0.364332 0.19657 0.579994 7.38062e-39 2
-0.344635 0.190914 0.563304 6.45902e-39 2
-0.335422 0.190914 0.563304 7.65684e-39 2
-0.314883 0.184285 0.543745 5.35195e-39 2
-0.29772 0.179304 0.529049 4.61511e-39 2
-0.273367 0.169565 0.500314 6.64449e-39 2
-0.261015 0.166899 0.492448 6.27462e-39 2
-0.252961 0.166899 0.492448 6.09024e-39 2
-0.244907 0.166899 0.492448 7.10403e-39 2
-0.238353 0.167956 0.495565 6.36682e-39 2
-0.236228 0.172318 0.508436 6.91963e-39 2
-0.227913 0.172318 0.508436 5.16828e-39 2
-0.218181 0.171206 0.505156 7.74976e-39 2
-0.207245 0.169025 0.498721 6.18171e-39 2
-0.196584 0.166899 0.492448 7.10367e-39 2
-0.186188 0.164826 0.486331 6.18136e-39 2
-0.177134 0.163809 0.483328 6.73381e-39 2
-0.167166 0.161811 0.477434 6.64162e-39 2
-0.158392 0.16083 0.474541 6.18064e-39 2
-0.149723 0.159861 0.471682 4.98282e-39 2
-0.140318 0.157958 0.466067 5.25941e-39 2
-0.133491 0.158904 0.468858 7.3799e-39 2
-0.131327 0.165856 0.48937 7.10439e-39 2
-0.124885 0.167956 0.495565 6.91928e-39 2
-0.116045 0.166899 0.492448 8.21001e-39 2
-0.107992 0.166899 0.492448 6.73488e-39 2
-0.0993131 0.165856 0.48937 5.99732e-39 2
-0.0913096 0.165856 0.48937 6.45866e-39 2
-0.08383 0.166899 0.492448 6.4601e-39 2
-0.0757761 0.166899 0.492448 4.89206e-39 2
-0.068585 0.169025 0.498721 6.45795e-39 2
-0.0616057 0.172318 0.508436 4.06158e-39 2
-0.0543491 0.175742 0.518538 6.18173e-39 2
-0.0458685 0.175742 0.518538 5.44381e-39 2
-0.037142 0.174585 0.515126 5.16651e-39 2
-0.0285295 0.173444 0.51176 5.90479e-39 2
-0.0200289 0.172318 0.508436 4.98247e-39 2
-0.011638 0.171206 0.505156 6.17993e-39 2
-0.00339818 0.172318 0.508436 3.68922e-39 2
0.00501487 0.175742 0.518538 5.07359e-39 2
0.0134954 0.175742 0.518538 5.25942e-39 2
0.021976 0.175742 0.518538 5.2605e-39 2
0.0298633 0.172318 0.508436 5.35197e-39 2
0.0379323 0.171206 0.505156 5.90586e-39 2
0.0453169 0.167956 0.495565 5.99806e-39 2
0.0534218 0.167956 0.495565 4.33819e-39 2
0.0611396 0.166899 0.492448 7.19625e-39 2
0.0691935 0.166899 0.492448 6.55124e-39 2
0.0767646 0.165856 0.48937 4.33819e-39 2
0.0847681 0.165856 0.48937 4.70697e-39 2
0.0916263 0.163809 0.483328 2.86341e-39 2
0.099531 0.163809 0.483328 4.98462e-39 2
0.107436 0.163809 0.483328 4.33926e-39 2
0.102949 0.146209 0.431401 4.33854e-39 2
0.109102 0.145011 0.427865 5.44381e-39 2
0.132789 0.165856 0.48937 2.95488e-39 2
0.142575 0.167956 0.495565 5.07573e-39 2
0.15068 0.167956 0.495565 6.36684e-39 2
0.161858 0.171206 0.505156 5.99806e-39 2
0.172343 0.173444 0.51176 4.89172e-39 2
0.183107 0.175742 0.518538 5.5378e-39 2
0.191587 0.175742 0.518538 4.70804e-39 2
0.192422 0.169025 0.498721 5.16686e-39 2
0.198055 0.166899 0.492448 6.54872e-39 2
0.206109 0.166899 0.492448 3.87577e-39 2
0.213492 0.166376 0.490904 3.96832e-39 2
0.223623 0.167956 0.495565 5.25977e-39 2
0.232464 0.168489 0.497138 4.89242e-39 2
0.243689 0.170656 0.503532 4.80059e-39 2
0.253555 0.17176 0.506791 4.52328e-39 2
0.267912 0.175742 0.518538 4.70767e-39 2
0.271891 0.172879 0.510093 5.90586e-39 2
0.27842 0.17176 0.506791 5.35269e-39 2
0.283044 0.169565 0.500314 4.33746e-39 2
0.2903 0.169025 0.498721 5.25905e-39 2
0.296567 0.167956 0.495565 9.31602e-39 2
0.299926 0.165339 0.487846 5.44381e-39 2
0.306949 0.164826 0.486331 5.25977e-39 2
0.354324 0.154285 0.455228 5.99912e-39 2
0.374483 0.153393 0.452597 5.90549e-39 2
0.396592 0.147838 0.436207 6.82815e-39 2
0.403726 0.147838 0.436207 8.02669e-39 2
-0.485989 0.190531 0.536296 6.9182e-39 2
-0.473972 0.189235 0.532648 7.19479e-39 2
-0.46526 0.189235 0.532648 7.56392e-39 2
-0.426112 0.176619 0.497138 8.57808e-39 2
-0.416659 0.17606 0.495565 7.47245e-39 2
-0.405985 0.174953 0.492448 6.82708e-39 2
-0.397931 0.174953 0.492448 7.19479e-39 2
-0.385034 0.17278 0.486331 8.57772e-39 2
-0.379437 0.17386 0.48937 8.76103e-39 2
-0.371433 0.17386 0.48937 8.57664e-39 2
-0.361172 0.17278 0.486331 8.30042e-39 2
-0.381666 0.186695 0.525498 1.0145e-38 2
-0.380737 0.190531 0.536296 8.66992e-39 2
-0.385156 0.197288 0.555314 7.56357e-39 2
-0.398695 0.209155 0.588716 8.85539e-39 2
-0.389067 0.209155 0.588716 7.19623e-39 2
-0.373818 0.206056 0.579994 7.19731e-39 2
-0.348828 0.197288 0.555314 7.19731e-39 2
-0.332668 0.193177 0.543745 7.47281e-39 2
-0.323775 0.193177 0.543745 6.45795e-39 2
-0.304316 0.186695 0.525498 5.81258e-39 2
-0.280653 0.177182 0.498721 4.61475e-39 2
-0.272497 0.177182 0.498721 5.72182e-39 2
-0.261015 0.174953 0.492448 4.89134e-39 2
-0.25138 0.17386 0.48937 5.53671e-39 2
-0.244907 0.174953 0.492448 6.09096e-39 2
-0.237601 0.175505 0.494001 4.52255e-39 2
-0.234704 0.179468 0.505156 6.27426e-39 2
-0.226442 0.179468 0.505156 7.01219e-39 2
-0.215401 0.177182 0.498721 7.38098e-39 2
-0.203359 0.17386 0.48937 9.68407e-39 2
-0.192944 0.171713 0.483328 6.64125e-39 2
-0.182782 0.169619 0.477434 7.19407e-39 2
-0.173914 0.168591 0.474541 8.57701e-39 2
-0.165152 0.167576 0.471682 8.02348e-39 2
-0.155563 0.165581 0.466067 6.36396e-39 2
-0.1445 0.16173 0.455228 7.6547e-39 2
-0.13548 0.159871 0.449995 6.73346e-39 2
-0.126664 0.158054 0.444882 5.44272e-39 2
-0.119388 0.158054 0.444882 7.93235e-39 2
-0.121054 0.17066 0.480363 7.65505e-39 2
-0.11532 0.17386 0.48937 7.74904e-39 2
-0.107317 0.17386 0.48937 5.90584e-39 2
-0.0993131 0.17386 0.48937 7.19587e-39 2
-0.0907425 0.17278 0.486331 6.27391e-39 2
-0.0812742 0.169619 0.477434 6.91999e-39 2
-0.0734659 0.169619 0.477434 6.92072e-39 2
-0.066881 0.17278 0.486331 6.55086e-39 2
-0.0596684 0.174953 0.492448 7.84088e-39 2
-0.0529465 0.179468 0.505156 6.36612e-39 2
-0.0446848 0.179468 0.505156 5.62928e-39 2
-0.0364231 0.179468 0.505156 5.71968e-39 2
-0.0281614 0.179468 0.505156 5.62748e-39 2
-0.0198997 0.179468 0.505156 5.81187e-39 2
-0.0115634 0.178318 0.501918 5.16578e-39 2
-0.00335461 0.178318 0.501918 3.78285e-39 2
0.00485414 0.178318 0.501918 6.45652e-39 2
0.0132325 0.180633 0.508436 5.71968e-39 2
0.0212716 0.178318 0.501918 6.18066e-39 2
0.0294804 0.178318 0.501918 5.6282e-39 2
0.0372121 0.17606 0.495565 4.98319e-39 2
0.0447504 0.17386 0.48937 4.98283e-39 2
0.052754 0.17386 0.48937 5.90479e-39 2
0.0607575 0.17386 0.48937 6.64235e-39 2
0.068761 0.17386 0.48937 5.25942e-39 2
0.0762878 0.17278 0.486331 5.16722e-39 2
0.0837216 0.171713 0.483328 4.70697e-39 2
0.0910642 0.17066 0.480363 6.45904e-39 2
0.0983172 0.169619 0.477434 7.01258e-39 2
0.106126 0.169619 0.477434 5.53673e-39 2
0.102949 0.153265 0.431401 5.62928e-39 2
0.109401 0.152425 0.429037 5.53708e-39 2
0.115469 0.151182 0.425539 5.07538e-39 2
0.140793 0.17386 0.48937 4.98354e-39 2
0.148796 0.17386 0.48937 4.52293e-39 2
0.157786 0.174953 0.492448 5.07682e-39 2
0.16689 0.17606 0.495565 3.96975e-39 2
0.174994 0.17606 0.495565 3.32439e-39 2
0.178029 0.171185 0.481841 5.53673e-39 2
0.185909 0.171185 0.481841 3.87577e-39 2
0.19379 0.171185 0.481841 5.99627e-39 2
0.202919 0.172245 0.484825 6.08846e-39 2
0.212825 0.17386 0.48937 4.33746e-39 2
0.223623 0.17606 0.495565 5.35197e-39 2
0.231728 0.17606 0.495565 5.44524e-39 2
0.242908 0.178318 0.501918 7.10511e-39 2
0.252737 0.179468 0.505156 6.18208e-39 2
0.262693 0.180633 0.508436 5.8133e-39 2
0.268394 0.178891 0.503532 5.35305e-39 2
0.273117 0.176619 0.497138 5.90586e-39 2
0.279473 0.175505 0.494001 4.6144e-39 2
0.285749 0.174405 0.490904 5.16686e-39 2
0.28747 0.17066 0.480363 6.55016e-39 2
0.294423 0.170138 0.478894 4.52221e-39 2
0.312191 0.167072 0.470266 6.1821e-39 2
0.318925 0.166572 0.468858 3.69282e-39 2
0.324649 0.165581 0.466067 5.8126e-39 2
0.33491 0.163153 0.459233 8.02529e-39 2
0.345874 0.161261 0.453908 6.64343e-39 2
0.350252 0.159871 0.449995 4.52328e-39 2
0.357611 0.159871 0.449995 4.43108e-39 2
0.362885 0.158957 0.447424 6.82745e-39 2
0.362944 0.155841 0.438651 6.64234e-39 2
0.366017 0.154114 0.433791 6.64161e-39 2
0.373112 0.154114 0.433791 6.3661e-39 2
0.380206 0.154114 0.433791 6.91928e-39 2
0.387301 0.154114 0.433791 6.09023e-39 2
0.393306 0.153688 0.432592 8.48732e-39 2
0.400381 0.153688 0.432592 4.98496e-39 2
-0.461416 0.192703 0.518538 6.18171e-39 2
-0.452936 0.192703 0.518538 7.01148e-39 2
-0.437216 0.189564 0.510093 7.56465e-39 2
-0.430275 0.190184 0.51176 7.19514e-39 2
-0.416462 0.18773 0.505156 6.36646e-39 2
-0.405583 0.186526 0.501918 6.64341e-39 2
-0.397375 0.186526 0.501918 7.10259e-39 2
-0.38546 0.18475 0.497138 7.93235e-39 2
-0.374948 0.183584 0.494001 9.03834e-39 2
-0.370374 0.185338 0.498721 8.39333e-39 2
-0.362218 0.185338 0.498721 6.64269e-39 2
-0.35182 0.184165 0.495565 8.02563e-39 2
-0.341554 0.183007 0.492448 7.10439e-39 2
-0.335611 0.184165 0.495565 8.76355e-39 2
-0.336013 0.188949 0.508436 6.09096e-39 2
-0.338694 0.195289 0.525498 5.44595e-39 2
-0.321469 0.190184 0.51176 6.36755e-39 2
-0.317247 0.192703 0.518538 5.35232e-39 2
-0.30473 0.190184 0.51176 5.90478e-39 2
-0.286982 0.184165 0.495565 7.10296e-39 2
-0.278877 0.184165 0.495565 5.62855e-39 2
-0.272497 0.185338 0.498721 7.19696e-39 2
-0.259384 0.181863 0.48937 5.72075e-39 2
-0.25138 0.181863 0.48937 6.45974e-39 2
-0.24724 0.18475 0.497138 6.82853e-39 2
-0.236854 0.183007 0.492448 5.44451e-39 2
-0.2288 0.183007 0.492448 5.3523e-39 2
-0.219366 0.181863 0.48937 5.81328e-39 2
-0.208753 0.179618 0.483328 6.64269e-39 2
-0.197197 0.176352 0.474541 5.62746e-39 2
-0.187167 0.17424 0.468858 5.53455e-39 2
-0.17843 0.173203 0.466067 7.65505e-39 2
-0.168799 0.171165 0.460584 3.78355e-39 2
-0.159391 0.169175 0.455228 7.84089e-39 2
-0.151945 0.169175 0.455228 7.6547e-39 2
-0.142023 0.166275 0.447424 5.99589e-39 2
-0.133184 0.164396 0.442368 6.73346e-39 2
-0.123165 0.160763 0.432592 7.10081e-39 2
-0.114198 0.158142 0.425539 6.27067e-39 2
-0.103852 0.153148 0.412101 7.838e-39 2
-0.0971117 0.153148 0.412101 5.16649e-39 2
-0.107317 0.181863 0.48937 6.45866e-39 2
-0.0993131 0.181863 0.48937 7.01148e-39 2
-0.0896291 0.178516 0.480363 7.10259e-39 2
-0.0793391 0.173203 0.466067 6.45901e-39 2
-0.0704585 0.170164 0.45789 7.47389e-39 2
-0.0648665 0.17529 0.471682 7.56501e-39 2
-0.0578492 0.177428 0.477434 6.73454e-39 2
-0.0516145 0.183007 0.492448 6.18281e-39 2
-0.0438364 0.184165 0.495565 5.99806e-39 2
-0.0357315 0.184165 0.495565 6.8253e-39 2
-0.0276267 0.184165 0.495565 7.01042e-39 2
-0.0195218 0.184165 0.495565 5.07431e-39 2
-0.0113452 0.183007 0.492448 4.88992e-39 2
-0.00329132 0.183007 0.492448 5.62748e-39 2
0.00479269 0.184165 0.495565 4.42894e-39 2
0.0128975 0.184165 0.495565 5.16543e-39 2
0.0207398 0.181863 0.48937 4.98104e-39 2
0.0287434 0.181863 0.48937 5.44381e-39 2
0.0367469 0.181863 0.48937 5.90514e-39 2
0.0439268 0.178516 0.480363 5.35161e-39 2
0.051783 0.178516 0.480363 5.81259e-39 2
0.0600074 0.179618 0.483328 5.53601e-39 2
0.0679121 0.179618 0.483328 5.1665e-39 2
0.0748923 0.177428 0.477434 4.70553e-39 2
0.0821994 0.176352 0.474541 5.536e-39 2
0.0894184 0.17529 0.471682 5.2605e-39 2
0.0948472 0.171165 0.460584 3.04745e-39 2
0.101781 0.170164 0.45789 4.33819e-39 2
0.102949 0.16032 0.431401 4.98391e-39 2
0.109401 0.159442 0.429037 4.15415e-39 2
0.115784 0.158573 0.426699 3.87756e-39 2
0.123098 0.159006 0.427865 5.99842e-39 2
0.145167 0.177428 0.477434 6.82782e-39 2
0.154864 0.179618 0.483328 6.64235e-39 2
0.162769 0.179618 0.483328 6.275e-39 2
0.166061 0.174763 0.470266 4.70625e-39 2
0.172715 0.17372 0.467458 5.72005e-39 2
0.183092 0.176352 0.474541 3.59918e-39 2
0.192017 0.177428 0.477434 6.55016e-39 2
0.199825 0.177428 0.477434 4.98284e-39 2
0.208269 0.17797 0.478894 4.42966e-39 2
0.217431 0.179065 0.481841 4.70768e-39 2
0.228119 0.181297 0.487846 5.62963e-39 2
0.236835 0.181863 0.48937 5.72218e-39 2
0.249517 0.185338 0.498721 6.08988e-39 2
0.251272 0.180734 0.486331 6.18208e-39 2
0.257626 0.179618 0.483328 5.44524e-39 2
0.264713 0.179065 0.481841 6.45831e-39 2
0.268463 0.176352 0.474541 5.53636e-39 2
0.276224 0.176352 0.474541 5.25942e-39 2
0.282275 0.17529 0.471682 4.42966e-39 2
0.288252 0.17424 0.468858 4.24562e-39 2
0.295037 0.17372 0.467458 6.27392e-39 2
0.302682 0.17372 0.467458 4.6144e-39 2
0.306666 0.17167 0.461942 3.04673e-39 2
0.314221 0.17167 0.461942 3.96833e-39 2
0.319888 0.170663 0.459233 3.69174e-39 2
0.326442 0.170164 0.45789 3.50663e-39 2
0.332957 0.169668 0.456555 5.16615e-39 2
0.33845 0.168685 0.453908 5.44381e-39 2
0.34388 0.167712 0.451292 3.13964e-39 2
0.34825 0.166275 0.447424 2.67938e-39 2
0.353548 0.16533 0.444882 4.79951e-39 2
0.359801 0.164862 0.443622 2.95488e-39 2
0.359919 0.161656 0.434996 4.61404e-39 2
0.365006 0.160763 0.432592 6.91749e-39 2
0.372081 0.160763 0.432592 4.7977e-39 2
0.378111 0.16032 0.431401 5.90477e-39 2
0.384109 0.15988 0.430215 4.89062e-39 2
0.389007 0.159006 0.427865 6.18172e-39 2
-0.444112 0.197264 0.508436 6.91964e-39 2
-0.438645 0.198553 0.51176 8.02599e-39 2
-0.427481 0.197264 0.508436 7.84159e-39 2
-0.419166 0.197264 0.508436 7.28806e-39 2
-0.4082 0.195992 0.505156 7.28806e-39 2
-0.389877 0.191061 0.492448 5.90512e-39 2
-0.381823 0.191061 0.492448 6.73488e-39 2
-0.373769 0.191061 0.492448 7.10367e-39 2
-0.365715 0.191061 0.492448 8.0249e-39 2
-0.355426 0.189867 0.48937 6.27391e-39 2
-0.347423 0.189867 0.48937 5.44451e-39 2
-0.339419 0.189867 0.48937 4.24597e-39 2
-0.331416 0.189867 0.48937 6.08988e-39 2
-0.323412 0.189867 0.48937 7.56501e-39 2
-0.315408 0.189867 0.48937 4.89278e-39 2
-0.307405 0.189867 0.48937 3.87863e-39 2
-0.297542 0.188687 0.486331 6.55051e-39 2
-0.289588 0.188687 0.486331 4.79735e-39 2
-0.281634 0.188687 0.486331 4.33566e-39 2
-0.27368 0.188687 0.486331 3.13891e-39 2
-0.264086 0.187523 0.483328 7.2895e-39 2
-0.259384 0.189867 0.48937 6.27535e-39 2
-0.25138 0.189867 0.48937 6.82744e-39 2
-0.243377 0.189867 0.48937 5.81437e-39 2
-0.235373 0.189867 0.48937 6.09096e-39 2
-0.225957 0.188687 0.486331 4.98352e-39 2
-0.216658 0.187523 0.483328 7.28733e-39 2
-0.203723 0.183004 0.471682 7.38025e-39 2
-0.185928 0.173592 0.447424 7.93308e-39 2
-0.178611 0.173592 0.447424 6.82673e-39 2
-0.171293 0.173592 0.447424 6.64234e-39 2
-0.163044 0.172606 0.444882 5.99697e-39 2
-0.156658 0.173592 0.447424 7.93308e-39 2
-0.148492 0.172606 0.444882 6.91785e-39 2
-0.13963 0.170667 0.439883 6.45687e-39 2
-0.13024 0.167838 0.432592 3.96687e-39 2
-0.118579 0.161589 0.416485 7.6529e-39 2
-0.109439 0.158222 0.407808 8.20643e-39 2
-0.102237 0.157402 0.405695 5.35016e-39 2
-0.0946217 0.155788 0.401534 6.27248e-39 2
-0.0880547 0.155788 0.401534 6.64306e-39 2
-0.0940243 0.179756 0.463309 4.61403e-39 2
-0.0869615 0.180825 0.466067 8.02527e-39 2
-0.0779472 0.177653 0.45789 5.53671e-39 2
-0.0692437 0.17459 0.449995 7.47461e-39 2
-0.0618841 0.17459 0.449995 5.62998e-39 2
-0.0551586 0.17662 0.455228 7.10403e-39 2
-0.0497376 0.184113 0.474541 5.35304e-39 2
-0.0424917 0.186372 0.480363 4.98463e-39 2
-0.0352849 0.189867 0.48937 6.73418e-39 2
-0.0276267 0.19227 0.495565 7.10224e-39 2
-0.0195218 0.19227 0.495565 6.08918e-39 2
-0.0113452 0.191061 0.492448 5.7186e-39 2
-0.00327075 0.189867 0.48937 7.47068e-39 2
0.00417215 0.167376 0.431401 6.64163e-39 2
0.0112276 0.167376 0.431401 3.96796e-39 2
0.0182831 0.167376 0.431401 4.79737e-39 2
0.026738 0.17662 0.455228 6.27357e-39 2
0.0337903 0.17459 0.449995 4.24562e-39 2
0.0418718 0.177653 0.45789 5.25942e-39 2
0.0493605 0.177653 0.45789 4.4293e-39 2
0.0585615 0.183004 0.471682 6.08918e-39 2
0.0662757 0.183004 0.471682 5.81187e-39 2
0.0735469 0.181908 0.468858 5.53601e-39 2
0.0788541 0.17662 0.455228 5.6282e-39 2
0.0862992 0.17662 0.455228 4.89136e-39 2
0.0916138 0.172606 0.444882 7.10298e-39 2
0.0988897 0.172606 0.444882 6.0899e-39 2
0.102949 0.167376 0.431401 4.98463e-39 2
0.109702 0.166916 0.430215 4.5233e-39 2
0.116418 0.166459 0.429037 4.43145e-39 2
0.123774 0.166916 0.430215 4.89243e-39 2
0.13081 0.166916 0.430215 5.35269e-39 2
0.147576 0.178698 0.460584 6.45904e-39 2
0.15649 0.180289 0.464684 4.24562e-39 2
0.16409 0.180289 0.464684 4.70625e-39 2
0.170677 0.179225 0.461942 4.70589e-39 2
0.1809 0.181908 0.468858 6.5498e-39 2
0.190853 0.184113 0.474541 4.24635e-39 2
0.198614 0.184113 0.474541 5.16723e-39 2
0.206375 0.184113 0.474541 4.70553e-39 2
0.216101 0.185802 0.478894 3.87756e-39 2
0.225311 0.186946 0.481841 5.35304e-39 2
0.233192 0.186946 0.481841 3.14034e-39 2
0.241816 0.187523 0.483328 5.35304e-39 2
0.239377 0.179756 0.463309 6.82853e-39 2
0.245502 0.178698 0.460584 6.45867e-39 2
0.261495 0.184673 0.475983 6.45866e-39 2
0.254577 0.17459 0.449995 5.99769e-39 2
0.261937 0.17459 0.449995 6.09026e-39 2
0.277264 0.179756 0.463309 3.60062e-39 2
0.284841 0.179756 0.463309 4.61512e-39 2
0.290698 0.178698 0.460584 5.44524e-39 2
0.297357 0.178174 0.459233 3.23112e-39 2
0.303976 0.177653 0.45789 5.99663e-39 2
0.311464 0.177653 0.45789 3.59954e-39 2
0.318023 0.177135 0.456555 6.18103e-39 2
0.324544 0.17662 0.455228 3.41515e-39 2
0.331027 0.176108 0.453908 5.07396e-39 2
0.3365 0.175093 0.451292 4.05981e-39 2
0.340933 0.173592 0.447424 3.69102e-39 2
0.344315 0.171631 0.442368 3.78394e-39 2
0.35056 0.171147 0.441122 3.87648e-39 2
0.356769 0.170667 0.439883 2.58682e-39 2
0.358922 0.168303 0.433791 4.24526e-39 2
0.364 0.167376 0.431401 6.45688e-39 2
0.370036 0.166916 0.430215 3.96759e-39 2
0.377073 0.166916 0.430215 6.36576e-39 2
0.383056 0.166459 0.429037 3.50806e-39 2
-0.435626 0.201651 0.498721 6.45902e-39 2
-0.42747 0.201651 0.498721 7.19658e-39 2
-0.414039 0.199115 0.492448 7.47281e-39 2
-0.400941 0.196641 0.486331 6.27391e-39 2
-0.390562 0.195427 0.483328 6.5505e-39 2
-0.385034 0.196641 0.486331 6.4583e-39 2
-0.37708 0.196641 0.486331 4.79914e-39 2
-0.371433 0.19787 0.48937 7.65684e-39 2
-0.36343 0.19787 0.48937 6.36503e-39 2
-0.353219 0.196641 0.486331 3.96938e-39 2
-0.345265 0.196641 0.486331 7.19623e-39 2
-0.335229 0.195427 0.483328 4.79914e-39 2
-0.323332 0.193044 0.477434 5.7211e-39 2
-0.315524 0.193044 0.477434 8.21038e-39 2
-0.304008 0.190718 0.471682 8.21146e-39 2
-0.29452 0.189576 0.468858 6.36612e-39 2
-0.28179 0.186231 0.460584 3.87683e-39 2
-0.272653 0.185142 0.45789 5.3516e-39 2
-0.266724 0.186231 0.460584 5.4438e-39 2
-0.263848 0.189576 0.468858 7.10404e-39 2
-0.256179 0.189576 0.468858 7.10511e-39 2
-0.186897 0.157118 0.388582 5.3516e-39 2
-0.180095 0.156729 0.38762 6.6409e-39 2
-0.171213 0.154435 0.381947 6.64197e-39 2
-0.166591 0.155957 0.38571 8.57808e-39 2
-0.167719 0.163192 0.403604 7.10332e-39 2
-0.161118 0.163192 0.403604 4.6144e-39 2
-0.162915 0.172061 0.425539 4.98354e-39 2
-0.156807 0.173001 0.427865 6.45867e-39 2
-0.14981 0.173001 0.427865 4.79843e-39 2
-0.142812 0.173001 0.427865 7.65649e-39 2
-0.131503 0.167509 0.414282 5.99697e-39 2
-0.119662 0.160707 0.397458 7.37811e-39 2
-0.112025 0.159092 0.393463 7.00861e-39 2
-0.105062 0.158296 0.391496 6.82457e-39 2
-0.098659 0.158296 0.391496 6.36431e-39 2
-0.0904472 0.155192 0.38382 5.07502e-39 2
-0.0837594 0.154435 0.381947 4.98426e-39 2
-0.0775127 0.154435 0.381947 7.19623e-39 2
-0.0716154 0.155192 0.38382 7.65649e-39 2
-0.0761656 0.18091 0.447424 4.80022e-39 2
-0.068848 0.18091 0.447424 7.19802e-39 2
-0.0615305 0.18091 0.447424 6.3679e-39 2
-0.0545246 0.18195 0.449995 7.01327e-39 2
-0.047165 0.18195 0.449995 7.56645e-39 2
-0.0398054 0.18195 0.449995 5.99878e-39 2
-0.0326334 0.183001 0.452597 6.4576e-39 2
-0.0269445 0.195427 0.483328 7.28663e-39 2
-0.0192778 0.19787 0.48937 6.64271e-39 2
-0.0112043 0.196641 0.486331 6.8253e-39 2
-0.00319097 0.193044 0.477434 5.44237e-39 2
0.00416069 0.173952 0.430215 5.44309e-39 2
0.0111968 0.173952 0.430215 5.90407e-39 2
0.0182328 0.173952 0.430215 5.99663e-39 2
0.0251308 0.173001 0.427865 6.27357e-39 2
0.0321284 0.173001 0.427865 7.74905e-39 2
0.0394494 0.174431 0.431401 4.98283e-39 2
0.0456251 0.171131 0.423239 4.42966e-39 2
0.0534132 0.173952 0.430215 5.6282e-39 2
0.063594 0.183001 0.452597 4.79808e-39 2
0.0709961 0.183001 0.452597 5.53601e-39 2
0.0766265 0.178866 0.442368 5.07503e-39 2
0.0838614 0.178866 0.442368 5.16795e-39 2
0.0895779 0.175885 0.434996 4.79917e-39 2
0.096158 0.174913 0.432592 5.72112e-39 2
0.102949 0.174431 0.431401 4.33854e-39 2
0.109702 0.173952 0.430215 3.23256e-39 2
0.116738 0.173952 0.430215 5.07647e-39 2
0.124115 0.174431 0.431401 4.70768e-39 2
0.13081 0.173952 0.430215 5.81367e-39 2
0.144184 0.18195 0.449995 3.69352e-39 2
0.151543 0.18195 0.449995 6.64271e-39 2
0.161691 0.185142 0.45789 5.07503e-39 2
0.169179 0.185142 0.45789 8.20968e-39 2
0.176668 0.185142 0.45789 4.61405e-39 2
0.189704 0.190718 0.471682 6.27357e-39 2
0.197418 0.190718 0.471682 7.01114e-39 2
0.203904 0.189576 0.468858 4.98283e-39 2
0.214136 0.191874 0.474541 5.35269e-39 2
0.22325 0.193044 0.477434 4.15415e-39 2
0.2216 0.185142 0.45789 5.35197e-39 2
0.225139 0.18195 0.449995 4.06122e-39 2
0.229857 0.179882 0.444882 3.96939e-39 2
0.237133 0.179882 0.444882 3.2311e-39 2
0.244409 0.179882 0.444882 9.13162e-39 2
0.250262 0.178866 0.442368 5.53599e-39 2
0.257497 0.178866 0.442368 5.25905e-39 2
0.272428 0.184065 0.455228 4.61512e-39 2
0.279873 0.184065 0.455228 6.92037e-39 2
0.286485 0.183532 0.453908 5.35196e-39 2
0.293059 0.183001 0.452597 5.53601e-39 2
0.300462 0.183001 0.452597 3.32331e-39 2
0.307864 0.183001 0.452597 6.18138e-39 2
0.314357 0.182474 0.451292 3.59919e-39 2
0.321738 0.182474 0.451292 4.42896e-39 2
0.328173 0.18195 0.449995 5.35055e-39 2
0.334571 0.181428 0.448706 3.13785e-39 2
0.338035 0.179373 0.443622 4.98176e-39 2
0.343345 0.178362 0.441122 4.15272e-39 2
0.349575 0.177861 0.439883 6.36577e-39 2
0.35577 0.177363 0.438651 5.62892e-39 2
0.357931 0.174913 0.432592 3.41551e-39 2
0.363 0.173952 0.430215 3.96724e-39 2
0.370036 0.173952 0.430215 4.42822e-39 2
0.377073 0.173952 0.430215 5.07466e-39 2
0.383056 0.173475 0.429037 4.52185e-39 2
-0.392472 0.19263 0.45789 5.90585e-39 2
-0.384983 0.19263 0.45789 7.93415e-39 2
-0.355656 0.181487 0.431401 4.43072e-39 2
-0.367855 0.191511 0.455228 8.39513e-39 2
-0.36465 0.193764 0.460584 8.11818e-39 2
-0.357117 0.193764 0.460584 4.70695e-39 2
-0.349584 0.193764 0.460584 5.99697e-39 2
-0.348196 0.197244 0.468858 7.3799e-39 2
-0.342579 0.198433 0.471682 5.7211e-39 2
-0.334865 0.198433 0.471682 7.01184e-39 2
-0.327151 0.198433 0.471682 7.6572e-39 2
-0.319437 0.198433 0.471682 7.6572e-39 2
-0.311722 0.198433 0.471682 5.90549e-39 2
-0.304008 0.198433 0.471682 5.07537e-39 2
-0.291034 0.19491 0.463309 4.89134e-39 2
-0.280142 0.19263 0.45789 7.9338e-39 2
-0.271068 0.191511 0.455228 3.69387e-39 2
-0.263623 0.191511 0.455228 5.99877e-39 2
-0.259191 0.193764 0.460584 5.72289e-39 2
-0.243079 0.187158 0.444882 6.09096e-39 2
-0.20855 0.165527 0.393463 7.47245e-39 2
-0.199113 0.163068 0.38762 7.19587e-39 2
-0.185974 0.162666 0.386663 7.10081e-39 2
-0.179208 0.162265 0.38571 1.005e-38 2
-0.170381 0.159902 0.380093 5.99481e-39 2
-0.164165 0.159902 0.380093 7.93235e-39 2
-0.159497 0.16147 0.38382 5.99662e-39 2
-0.153975 0.162265 0.38571 5.536e-39 2
-0.147667 0.162265 0.38571 6.36647e-39 2
-0.141358 0.162265 0.38571 5.99769e-39 2
-0.10205 0.142597 0.338958 6.54871e-39 2
-0.107178 0.158364 0.376438 5.99518e-39 2
-0.100538 0.157607 0.374637 7.5625e-39 2
-0.0948644 0.158364 0.376438 5.25833e-39 2
-0.0887078 0.158364 0.376438 5.53636e-39 2
-0.0825513 0.158364 0.376438 4.6162e-39 2
-0.0763947 0.158364 0.376438 4.43108e-39 2
-0.0702382 0.158364 0.376438 5.90621e-39 2
-0.0643912 0.15913 0.378257 6.36755e-39 2
-0.0630807 0.17246 0.409943 6.82852e-39 2
-0.0563761 0.17246 0.409943 6.18423e-39 2
-0.0494129 0.171562 0.407808 8.11962e-39 2
-0.0427433 0.171562 0.407808 7.47389e-39 2
-0.0360737 0.171562 0.407808 5.99877e-39 2
-0.0297136 0.173367 0.412101 6.91965e-39 2
-0.0229738 0.173367 0.412101 6.45831e-39 2
-0.0164066 0.175212 0.416485 6.92109e-39 2
-0.00959513 0.175212 0.416485 8.02492e-39 2
-0.00282876 0.178053 0.423239 7.00969e-39 2
0.00413795 0.179999 0.427865 4.33674e-39 2
0.0111356 0.179999 0.427865 3.96832e-39 2
0.0180838 0.179509 0.426699 4.06088e-39 2
0.0251308 0.179999 0.427865 6.91894e-39 2
0.0311085 0.174285 0.414282 5.16758e-39 2
0.0374873 0.17246 0.409943 5.6282e-39 2
0.0439617 0.171562 0.407808 5.90479e-39 2
0.0506313 0.171562 0.407808 4.79844e-39 2
0.0582104 0.174285 0.414282 5.44344e-39 2
0.0656809 0.176149 0.418712 4.33746e-39 2
0.0725289 0.176149 0.418712 5.6282e-39 2
0.0789546 0.175212 0.416485 5.62893e-39 2
0.0853123 0.174285 0.414282 3.60062e-39 2
0.0916031 0.173367 0.412101 4.52293e-39 2
0.0983429 0.173367 0.412101 3.32438e-39 2
0.105083 0.173367 0.412101 3.6921e-39 2
0.114845 0.178053 0.423239 5.62893e-39 2
0.124458 0.181988 0.432592 5.26014e-39 2
0.13375 0.185055 0.439883 5.35161e-39 2
0.140944 0.185055 0.439883 6.08953e-39 2
0.148138 0.185055 0.439883 5.99734e-39 2
0.154464 0.184021 0.437426 5.81259e-39 2
0.161618 0.184021 0.437426 4.70625e-39 2
0.16972 0.185055 0.439883 5.44381e-39 2
0.180982 0.189309 0.449995 3.69173e-39 2
0.18943 0.190404 0.452597 4.33746e-39 2
0.200306 0.193764 0.460584 4.89172e-39 2
0.207838 0.193764 0.460584 5.2605e-39 2
0.21042 0.189309 0.449995 4.70625e-39 2
0.215305 0.187158 0.444882 5.16722e-39 2
0.221323 0.186101 0.442368 5.35197e-39 2
0.226004 0.184021 0.437426 5.99734e-39 2
0.233158 0.184021 0.437426 4.61368e-39 2
0.240312 0.184021 0.437426 6.45687e-39 2
0.248857 0.185055 0.439883 8.0242e-39 2
0.256051 0.185055 0.439883 9.7752e-39 2
0.270073 0.189855 0.451292 7.4721e-39 2
0.277453 0.189855 0.451292 7.84088e-39 2
0.284834 0.189855 0.451292 5.99697e-39 2
0.291375 0.189309 0.449995 3.1382e-39 2
0.298735 0.189309 0.449995 4.79773e-39 2
0.305217 0.188767 0.448706 5.07467e-39 2
0.312556 0.188767 0.448706 3.23005e-39 2
0.319894 0.188767 0.448706 4.15237e-39 2
0.327233 0.188767 0.448706 4.88957e-39 2
0.333615 0.188227 0.447424 3.50663e-39 2
0.33708 0.186101 0.442368 5.16651e-39 2
0.356945 0.181487 0.431401 3.69174e-39 2
0.362006 0.180492 0.429037 4.15092e-39 2
0.369023 0.180492 0.429037 5.71825e-39 2
0.376039 0.180492 0.429037 6.45652e-39 2
-0.364721 0.189587 0.433791 6.92072e-39 2
-0.352741 0.186997 0.427865 6.82852e-39 2
-0.343864 0.18598 0.425539 6.09096e-39 2
-0.354231 0.195545 0.447424 5.07681e-39 2
-0.348907 0.196669 0.449995 6.91964e-39 2
-0.343522 0.197806 0.452597 8.39405e-39 2
-0.338074 0.198956 0.455228 7.65721e-39 2
-0.330629 0.198956 0.455228 5.35339e-39 2
-0.326986 0.201296 0.460584 7.75048e-39 2
-0.327151 0.206147 0.471682 7.01292e-39 2
-0.319437 0.206147 0.471682 6.82852e-39 2
-0.311722 0.206147 0.471682 2.95631e-39 2
-0.304008 0.206147 0.471682 8.9483e-39 2
-0.29452 0.204912 0.468858 5.35232e-39 2
-0.283457 0.202487 0.463309 9.68551e-39 2
-0.27588 0.202487 0.463309 7.47281e-39 2
-0.263623 0.198956 0.455228 5.90657e-39 2
-0.256178 0.198956 0.455228 4.98533e-39 2
-0.223989 0.179164 0.409943 3.78679e-39 2
-0.20699 0.170675 0.39052 7.10403e-39 2
-0.197645 0.168159 0.384763 6.55015e-39 2
-0.184606 0.167747 0.38382 9.67941e-39 2
-0.178329 0.167747 0.38382 8.8493e-39 2
-0.172052 0.167747 0.38382 9.03656e-39 2
-0.162587 0.164521 0.376438 5.62711e-39 2
-0.15643 0.164521 0.376438 4.61368e-39 2
-0.150273 0.164521 0.376438 6.82782e-39 2
-0.144117 0.164521 0.376438 5.44524e-39 2
-0.111448 0.145929 0.333899 7.10368e-39 2
-0.106441 0.146554 0.335329 6.27392e-39 2
-0.101829 0.14782 0.338226 3.50734e-39 2
-0.0965062 0.14814 0.338958 5.81043e-39 2
-0.0991149 0.161417 0.369336 8.02385e-39 2
-0.0930745 0.161417 0.369336 3.87433e-39 2
-0.0874466 0.162182 0.371086 5.16578e-39 2
-0.0817651 0.162954 0.372853 5.26049e-39 2
-0.0756672 0.162954 0.372853 8.02672e-39 2
-0.0695692 0.162954 0.372853 5.35376e-39 2
-0.063775 0.163734 0.374637 5.81402e-39 2
-0.0576479 0.163734 0.374637 5.62963e-39 2
-0.0520186 0.165316 0.378257 5.35447e-39 2
-0.0462794 0.166929 0.381947 6.36754e-39 2
-0.0412398 0.171962 0.393463 6.64413e-39 2
-0.0351581 0.173708 0.397458 4.43144e-39 2
-0.0289517 0.175489 0.401534 5.81402e-39 2
-0.0226167 0.177308 0.405695 5.81402e-39 2
-0.0160648 0.178231 0.407808 7.014e-39 2
-0.00944442 0.179164 0.409943 7.10368e-39 2
-0.00282876 0.184975 0.423239 4.06051e-39 2
0.00410431 0.185476 0.424386 4.98247e-39 2
0.0110152 0.184975 0.423239 5.25905e-39 2
0.0174651 0.180107 0.412101 5.90479e-39 2
0.0239528 0.178231 0.407808 6.64235e-39 2
0.0306224 0.178231 0.407808 4.24526e-39 2
0.0369076 0.176394 0.403604 4.98319e-39 2
0.0430645 0.174594 0.399486 5.53636e-39 2
0.0493462 0.173708 0.397458 5.16758e-39 2
0.0558465 0.173708 0.397458 6.4576e-39 2
0.0629863 0.175489 0.401534 5.16758e-39 2
0.0695533 0.175489 0.401534 5.81259e-39 2
0.0769091 0.177308 0.405695 5.35234e-39 2
0.0831135 0.176394 0.403604 2.40243e-39 2
0.0901792 0.177308 0.405695 4.79952e-39 2
0.0963152 0.176394 0.403604 7.01149e-39 2
0.103449 0.177308 0.405695 4.15236e-39 2
0.111237 0.179164 0.409943 3.13964e-39 2
0.119824 0.182023 0.416485 5.53673e-39 2
0.13081 0.188024 0.430215 5.44381e-39 2
0.137846 0.188024 0.430215 6.91894e-39 2
0.14409 0.186997 0.427865 4.89063e-39 2
0.151088 0.186997 0.427865 5.35197e-39 2
0.158086 0.186997 0.427865 5.53636e-39 2
0.165083 0.186997 0.427865 6.45797e-39 2
0.174949 0.190113 0.434996 5.2587e-39 2
0.182063 0.190113 0.434996 4.33747e-39 2
0.190234 0.191175 0.437426 3.69282e-39 2
0.197388 0.191175 0.437426 3.50843e-39 2
0.204542 0.191175 0.437426 4.33674e-39 2
0.21052 0.190113 0.434996 5.1665e-39 2
0.213483 0.186487 0.426699 5.07467e-39 2
0.220462 0.186487 0.426699 4.70588e-39 2
0.227441 0.186487 0.426699 5.90479e-39 2
0.23506 0.186997 0.427865 5.44344e-39 2
0.244058 0.188542 0.431401 5.9037e-39 2
0.251807 0.189063 0.432592 6.27176e-39 2
0.263986 0.192791 0.441122 5.81151e-39 2
0.277453 0.197236 0.451292 3.8754e-39 2
0.284834 0.197236 0.451292 7.37955e-39 2
0.291375 0.196669 0.449995 6.64163e-39 2
0.297879 0.196105 0.448706 5.07359e-39 2
0.305217 0.196105 0.448706 5.16578e-39 2
0.311663 0.195545 0.447424 3.32259e-39 2
0.318072 0.194988 0.446149 2.5854e-39 2
0.323525 0.193883 0.443622 4.52151e-39 2
0.327074 0.191711 0.438651 5.35126e-39 2
0.352352 0.182509 0.417596 4.05873e-39 2
0.358227 0.182023 0.416485 3.87399e-39 2
-0.348318 0.187836 0.414282 4.33852e-39 2
-0.347987 0.19138 0.422098 6.09096e-39 2
-0.340167 0.190865 0.420963 6.82888e-39 2
-0.346315 0.198329 0.437426 7.6572e-39 2
-0.344943 0.20171 0.444882 5.62818e-39 2
-0.337667 0.20171 0.444882 7.47245e-39 2
-0.330391 0.20171 0.444882 8.85611e-39 2
-0.324961 0.202863 0.447424 7.47389e-39 2
-0.323184 0.206401 0.455228 5.53778e-39 2
-0.323256 0.211315 0.466067 8.94795e-39 2
-0.319437 0.213861 0.471682 5.99769e-39 2
-0.315524 0.216469 0.477434 6.27462e-39 2
-0.307716 0.216469 0.477434 8.12033e-39 2
-0.299907 0.216469 0.477434 5.63033e-39 2
-0.28858 0.213861 0.471682 5.07537e-39 2
-0.280865 0.213861 0.471682 4.15341e-39 2
-0.274807 0.215157 0.474541 6.09096e-39 2
-0.263848 0.212581 0.468858 5.99876e-39 2
-0.211792 0.175747 0.38762 6.18207e-39 2
-0.203938 0.174452 0.384763 5.53599e-39 2
-0.197161 0.174024 0.38382 8.0242e-39 2
-0.184606 0.174024 0.38382 7.19192e-39 2
-0.178329 0.174024 0.38382 8.11317e-39 2
-0.168743 0.170678 0.376438 7.19265e-39 2
-0.162587 0.170678 0.376438 4.24383e-39 2
-0.15643 0.170678 0.376438 5.53708e-39 2
-0.149554 0.169861 0.374637 3.23255e-39 2
-0.142744 0.169052 0.372853 6.82818e-39 2
-0.123956 0.153352 0.338226 4.0623e-39 2
-0.111448 0.15139 0.333899 8.85648e-39 2
-0.106214 0.151713 0.334612 5.72075e-39 2
-0.101391 0.152692 0.336771 5.99662e-39 2
-0.0960902 0.153021 0.337497 5.25761e-39 2
-0.0907661 0.153352 0.338226 9.77556e-39 2
-0.0926376 0.166671 0.367602 5.25726e-39 2
-0.0866255 0.166671 0.367602 6.54872e-39 2
-0.0806135 0.166671 0.367602 6.3654e-39 2
-0.0746014 0.166671 0.367602 6.82709e-39 2
-0.0682689 0.165892 0.365884 5.81473e-39 2
-0.0622849 0.165892 0.365884 3.14035e-39 2
-0.056301 0.165892 0.365884 5.53708e-39 2
-0.050317 0.165892 0.365884 7.38278e-39 2
-0.0445412 0.166671 0.367602 6.55266e-39 2
-0.0400327 0.173175 0.381947 5.44451e-39 2
-0.0348048 0.178397 0.393463 5.99769e-39 2
-0.0286578 0.180208 0.397458 5.99878e-39 2
-0.0223847 0.182056 0.401534 6.82854e-39 2
-0.0165831 0.190865 0.420963 6.73634e-39 2
-0.00969831 0.190865 0.420963 6.73525e-39 2
-0.00281355 0.190865 0.420963 5.25905e-39 2
0.00407121 0.190865 0.420963 5.16723e-39 2
0.010956 0.190865 0.420963 7.01149e-39 2
0.0171937 0.183943 0.405695 7.01113e-39 2
0.0237059 0.182995 0.403604 4.89027e-39 2
0.0299975 0.181127 0.399486 6.18101e-39 2
0.0363455 0.180208 0.397458 4.89207e-39 2
0.0426295 0.179298 0.395451 4.15415e-39 2
0.0481248 0.175747 0.38762 5.90514e-39 2
0.0544642 0.175747 0.38762 6.64127e-39 2
0.0611061 0.176622 0.389548 5.99699e-39 2
0.0683269 0.178846 0.394454 6.27465e-39 2
0.0731205 0.174881 0.38571 5.35269e-39 2
0.0814345 0.179298 0.395451 3.23076e-39 2
0.087902 0.179298 0.395451 2.40243e-39 2
0.0943695 0.179298 0.395451 6.64378e-39 2
0.101866 0.181127 0.399486 3.87577e-39 2
0.109517 0.182995 0.403604 3.78394e-39 2
0.117327 0.184901 0.407808 4.98283e-39 2
0.126635 0.188835 0.416485 4.15307e-39 2
0.133447 0.188835 0.416485 5.16722e-39 2
0.139516 0.187836 0.414282 5.44381e-39 2
0.146292 0.187836 0.414282 4.98318e-39 2
0.153067 0.187836 0.414282 6.08918e-39 2
0.160693 0.188835 0.416485 7.28772e-39 2
0.1684 0.189845 0.418712 5.90479e-39 2
0.17619 0.190865 0.420963 6.08918e-39 2
0.183075 0.190865 0.420963 6.36577e-39 2
0.190987 0.191897 0.423239 3.9694e-39 2
0.200071 0.193994 0.427865 5.25942e-39 2
0.207069 0.193994 0.427865 5.35161e-39 2
0.211182 0.19138 0.422098 3.69209e-39 2
0.217499 0.190865 0.420963 6.4576e-39 2
0.224384 0.190865 0.420963 4.06088e-39 2
0.233782 0.19294 0.425539 6.3654e-39 2
0.244058 0.195597 0.431401 5.99662e-39 2
0.251113 0.195597 0.431401 5.81115e-39 2
0.26032 0.197227 0.434996 6.54728e-39 2
0.275863 0.203444 0.448706 7.46924e-39 2
0.284016 0.204028 0.449995 6.54907e-39 2
0.291375 0.204028 0.449995 5.25977e-39 2
0.297028 0.202863 0.447424 6.64199e-39 2
0.305217 0.203444 0.448706 7.28628e-39 2
0.309892 0.20171 0.444882 4.24383e-39 2
0.315376 0.20057 0.442368 4.42966e-39 2
0.3199 0.198885 0.438651 4.6137e-39 2
0.310546 0.188835 0.416485 4.15307e-39 2
0.297572 0.177062 0.39052 4.70659e-39 2
0.301702 0.175747 0.38762 4.33782e-39 2
0.309574 0.176622 0.389548 5.99663e-39 2
0.337425 0.184901 0.407808 3.87721e-39 2
0.344094 0.184901 0.407808 4.15272e-39 2
0.35168 0.185384 0.408873 4.15165e-39 2
-0.347052 0.19775 0.420963 5.90657e-39 2
-0.339255 0.19722 0.419835 7.2895e-39 2
-0.3315 0.196693 0.418712 5.26012e-39 2
-0.325522 0.19722 0.419835 5.62818e-39 2
-0.335759 0.207805 0.442368 5.16828e-39 2
-0.328524 0.207805 0.442368 5.44486e-39 2
-0.323115 0.208986 0.444882 3.78499e-39 2
-0.315839 0.208986 0.444882 5.16792e-39 2
-0.327151 0.221575 0.471682 6.45866e-39 2
-0.335611 0.232794 0.495565 4.33817e-39 2
-0.327506 0.232794 0.495565 7.47317e-39 2
-0.317392 0.23133 0.492448 3.97153e-39 2
-0.305496 0.228457 0.486331 9.13377e-39 2
-0.28858 0.221575 0.471682 3.96902e-39 2
-0.280865 0.221575 0.471682 5.44451e-39 2
-0.263848 0.220249 0.468858 6.73633e-39 2
-0.210231 0.180745 0.384763 6.18207e-39 2
-0.203938 0.180745 0.384763 5.53599e-39 2
-0.194774 0.178119 0.379173 6.82673e-39 2
-0.189953 0.179422 0.381947 4.52077e-39 2
-0.184606 0.180302 0.38382 8.8536e-39 2
-0.177893 0.179861 0.382881 5.44129e-39 2
-0.167936 0.175988 0.374637 7.19372e-39 2
-0.161809 0.175988 0.374637 5.25941e-39 2
-0.15494 0.17515 0.372853 7.93452e-39 2
-0.148137 0.17432 0.371086 5.99841e-39 2
-0.140734 0.172683 0.367602 5.62928e-39 2
-0.124224 0.159227 0.338958 8.67209e-39 2
-0.118424 0.158883 0.338226 5.26084e-39 2
-0.111448 0.156851 0.333899 7.01291e-39 2
-0.106441 0.157523 0.335329 7.19623e-39 2
-0.101391 0.1582 0.336771 6.36468e-39 2
-0.0958836 0.1582 0.336771 6.54907e-39 2
-0.0907661 0.158883 0.338226 8.57737e-39 2
-0.0905128 0.168723 0.359171 5.25797e-39 2
-0.0858197 0.171077 0.364182 7.10297e-39 2
-0.0798636 0.171077 0.364182 6.54979e-39 2
-0.0725575 0.167952 0.357531 7.38062e-39 2
-0.0667102 0.167952 0.357531 5.53815e-39 2
-0.0603121 0.166432 0.354295 3.97011e-39 2
-0.0545177 0.166432 0.354295 6.09026e-39 2
-0.0487233 0.166432 0.354295 7.1062e-39 2
-0.0435196 0.168723 0.359171 5.72289e-39 2
-0.0385292 0.172683 0.367602 3.50876e-39 2
-0.0339517 0.180302 0.38382 5.26012e-39 2
-0.0283698 0.184832 0.393463 5.72183e-39 2
-0.0221574 0.186708 0.397458 6.18281e-39 2
-0.0158177 0.188623 0.401534 5.1683e-39 2
-0.00962072 0.196168 0.417596 6.45867e-39 2
-0.00279104 0.196168 0.417596 6.91893e-39 2
0.00403864 0.196168 0.417596 6.27357e-39 2
0.0104503 0.188623 0.401534 4.33781e-39 2
0.0169305 0.187661 0.399486 5.99733e-39 2
0.0233449 0.186708 0.397458 3.69137e-39 2
0.0295453 0.184832 0.393463 5.72003e-39 2
0.0354459 0.182087 0.38762 4.98319e-39 2
0.0413757 0.180302 0.38382 5.26014e-39 2
0.0474205 0.179422 0.381947 5.35161e-39 2
0.0536672 0.179422 0.381947 4.98139e-39 2
0.0611061 0.182993 0.389548 3.04637e-39 2
0.0688472 0.186708 0.397458 4.15379e-39 2
0.0729408 0.180745 0.384763 4.70732e-39 2
0.0792335 0.180745 0.384763 3.69174e-39 2
0.0874603 0.184832 0.393463 3.50878e-39 2
0.0938953 0.184832 0.393463 4.70768e-39 2
0.10033 0.184832 0.393463 5.81223e-39 2
0.107304 0.185765 0.395451 4.98176e-39 2
0.116118 0.189595 0.403604 6.08846e-39 2
0.137336 0.19157 0.407808 5.35162e-39 2
0.144006 0.19157 0.407808 4.79879e-39 2
0.150675 0.19157 0.407808 4.79844e-39 2
0.158169 0.192573 0.409943 6.55016e-39 2
0.165741 0.193587 0.412101 5.81223e-39 2
0.175248 0.196693 0.418712 9.03907e-39 2
0.183075 0.19775 0.420963 5.81259e-39 2
0.18996 0.19775 0.420963 5.07467e-39 2
0.196844 0.19775 0.420963 5.8126e-39 2
0.203729 0.19775 0.420963 4.79844e-39 2
0.211752 0.198819 0.423239 5.44345e-39 2
0.218674 0.198819 0.423239 4.2449e-39 2
0.223184 0.196693 0.418712 4.61369e-39 2
0.230032 0.196693 0.418712 5.53564e-39 2
0.235619 0.195646 0.416485 5.9037e-39 2
0.241148 0.194611 0.414282 7.83945e-39 2
0.247924 0.194611 0.414282 6.0863e-39 2
0.254699 0.194611 0.414282 6.17922e-39 2
0.261475 0.194611 0.414282 5.35053e-39 2
0.269677 0.195646 0.416485 6.73418e-39 2
0.277967 0.196693 0.418712 3.78464e-39 2
0.284815 0.196693 0.418712 5.25905e-39 2
0.309892 0.208986 0.444882 6.18101e-39 2
0.315376 0.207805 0.442368 5.99734e-39 2
0.298964 0.192573 0.409943 6.08918e-39 2
0.304076 0.19157 0.407808 4.06052e-39 2
0.293185 0.180745 0.384763 8.67101e-39 2
0.300216 0.18119 0.38571 5.90514e-39 2
0.306524 0.18119 0.38571 5.1683e-39 2
0.330538 0.187661 0.399486 4.89136e-39 2
0.3388 0.188623 0.401534 4.5215e-39 2
-0.322811 0.194194 0.399486 4.1545e-39 2
-0.328862 0.201921 0.41538 6.91964e-39 2
-0.322925 0.202458 0.416485 5.07573e-39 2
-0.333873 0.213832 0.439883 4.52291e-39 2
-0.328524 0.21504 0.442368 6.8278e-39 2
-0.321289 0.21504 0.442368 6.55121e-39 2
-0.314054 0.21504 0.442368 6.91964e-39 2
-0.327151 0.22929 0.471682 8.67136e-39 2
-0.3335 0.239384 0.492448 5.81329e-39 2
-0.327506 0.240899 0.495565 7.10439e-39 2
-0.319401 0.240899 0.495565 3.60203e-39 2
-0.199916 0.17786 0.365884 7.28842e-39 2
-0.193932 0.17786 0.365884 7.28842e-39 2
-0.193369 0.182991 0.376438 5.72074e-39 2
-0.18543 0.181248 0.372853 5.90477e-39 2
-0.178482 0.180389 0.371086 6.4583e-39 2
-0.172413 0.180389 0.371086 6.36503e-39 2
-0.165559 0.179538 0.369336 5.71931e-39 2
-0.15877 0.178695 0.367602 5.81258e-39 2
-0.152044 0.17786 0.365884 5.72039e-39 2
-0.14606 0.17786 0.365884 5.25906e-39 2
-0.13814 0.175401 0.360826 4.89171e-39 2
-0.130435 0.173009 0.355906 7.01257e-39 2
-0.116909 0.162312 0.333899 4.52328e-39 2
-0.111211 0.161966 0.333188 4.43144e-39 2
-0.105987 0.162312 0.333899 7.01113e-39 2
-0.100741 0.162658 0.334612 4.7977e-39 2
-0.0952689 0.162658 0.334612 6.64126e-39 2
-0.0901818 0.163357 0.336048 4.79843e-39 2
-0.084868 0.163708 0.336771 7.65649e-39 2
-0.0842522 0.173799 0.357531 6.2732e-39 2
-0.0784049 0.173799 0.357531 6.27392e-39 2
-0.071577 0.171451 0.352699 4.70659e-39 2
-0.0655136 0.170682 0.351118 6.18172e-39 2
-0.0595043 0.16992 0.34955 4.06195e-39 2
-0.0535485 0.169165 0.347996 3.04816e-39 2
-0.0478571 0.169165 0.347996 6.73634e-39 2
-0.0425438 0.170682 0.351118 3.97046e-39 2
-0.0374736 0.173799 0.357531 3.69279e-39 2
-0.0323652 0.17786 0.365884 5.16721e-39 2
-0.0276744 0.186579 0.38382 6.27392e-39 2
-0.0218251 0.19031 0.391496 4.52328e-39 2
-0.015578 0.192233 0.395451 6.27392e-39 2
-0.00915678 0.193209 0.397458 7.19588e-39 2
-0.00265645 0.193209 0.397458 7.38027e-39 2
0.00384389 0.193209 0.397458 6.91858e-39 2
0.010292 0.192233 0.395451 6.08953e-39 2
0.0167595 0.192233 0.395451 6.8271e-39 2
0.0229947 0.19031 0.391496 4.89064e-39 2
0.0289631 0.187498 0.38571 5.07503e-39 2
0.0347576 0.184767 0.380093 5.3509e-39 2
0.040776 0.183875 0.378257 3.78322e-39 2
0.0469623 0.183875 0.378257 4.70625e-39 2
0.0539302 0.186579 0.38382 4.8892e-39 2
0.0614117 0.19031 0.391496 3.78394e-39 2
0.0686729 0.192719 0.396452 6.45869e-39 2
0.0734825 0.188426 0.38762 4.15379e-39 2
0.0798219 0.188426 0.38762 5.62892e-39 2
0.0861614 0.188426 0.38762 5.5378e-39 2
0.0920451 0.187498 0.38571 4.70804e-39 2
0.0973938 0.185669 0.381947 5.07503e-39 2
0.10364 0.185669 0.381947 7.28665e-39 2
0.109887 0.185669 0.381947 5.99627e-39 2
0.142521 0.196196 0.403604 4.98211e-39 2
0.149895 0.197213 0.405695 6.36432e-39 2
0.15653 0.197213 0.405695 6.7331e-39 2
0.164873 0.199278 0.409943 5.5342e-39 2
0.172481 0.200327 0.412101 7.37883e-39 2
0.181127 0.202458 0.416485 6.18137e-39 2
0.188944 0.20354 0.418712 4.5215e-39 2
0.195792 0.20354 0.418712 4.89064e-39 2
0.20264 0.20354 0.418712 3.13999e-39 2
0.208373 0.202458 0.416485 6.73418e-39 2
0.21292 0.200327 0.412101 7.83981e-39 2
0.217372 0.19824 0.407808 5.62784e-39 2
0.224041 0.19824 0.407808 4.42857e-39 2
0.229515 0.197213 0.405695 6.73346e-39 2
0.23615 0.197213 0.405695 5.90298e-39 2
0.24405 0.19824 0.407808 6.64055e-39 2
0.25072 0.19824 0.407808 6.08702e-39 2
0.258737 0.199278 0.409943 7.19444e-39 2
0.265441 0.199278 0.409943 5.44344e-39 2
0.270728 0.19824 0.407808 8.67029e-39 2
0.277398 0.19824 0.407808 5.99733e-39 2
0.284068 0.19824 0.407808 5.90514e-39 2
0.289231 0.197213 0.405695 6.82817e-39 2
0.295866 0.197213 0.405695 6.55051e-39 2
0.302501 0.197213 0.405695 8.57846e-39 2
0.291752 0.186123 0.382881 5.35161e-39 2
0.298014 0.186123 0.382881 6.55086e-39 2
0.305771 0.187037 0.384763 5.99806e-39 2
0.312832 0.187498 0.38571 1.75707e-39 2
0.322316 0.189364 0.389548 4.70732e-39 2
-0.326266 0.207067 0.412101 3.41586e-39 2
-0.319526 0.207067 0.412101 5.99841e-39 2
-0.32124 0.212663 0.423239 4.06158e-39 2
-0.326678 0.221026 0.439883 7.19658e-39 2
-0.321289 0.222275 0.442368 7.93343e-39 2
-1.30794 0.925709 1.84233 4.89169e-39 2
-1.35768 0.983566 1.95748 8.76391e-39 2
-1.27775 0.948015 1.88673 7.56536e-39 2
-0.195444 0.16958 0.337497 5.26048e-39 2
-0.190335 0.169947 0.338226 8.57952e-39 2
-0.185605 0.170684 0.339693 8.39513e-39 2
-0.185274 0.175637 0.34955 7.38062e-39 2
-0.182822 0.17883 0.355906 6.73561e-39 2
-0.177809 0.179647 0.357531 6.91965e-39 2
-0.171962 0.179647 0.357531 5.81329e-39 2
-0.169996 0.183844 0.365884 7.28842e-39 2
-0.164012 0.183844 0.365884 6.36719e-39 2
-0.158028 0.183844 0.365884 7.3799e-39 2
-0.147228 0.178021 0.354295 7.28592e-39 2
-0.140165 0.176424 0.351118 7.10154e-39 2
-0.133823 0.175637 0.34955 5.07503e-39 2
-0.12211 0.167415 0.333188 5.0761e-39 2
-0.11666 0.167415 0.333188 6.09026e-39 2
-0.111211 0.167415 0.333188 5.44488e-39 2
-0.105987 0.167772 0.333899 5.81187e-39 2
-0.100741 0.168131 0.334612 7.28698e-39 2
-0.0952689 0.168131 0.334612 3.96759e-39 2
-0.0901818 0.168853 0.336048 5.62784e-39 2
-0.084868 0.169216 0.336771 4.98318e-39 2
-0.0795312 0.16958 0.337497 4.7066e-39 2
-0.0741713 0.169947 0.338226 6.36576e-39 2
-0.0687883 0.170314 0.338958 5.536e-39 2
-0.0649313 0.174856 0.347996 2.86197e-39 2
-0.0570834 0.168491 0.335329 6.64308e-39 2
-0.0515992 0.168491 0.335329 3.97012e-39 2
-0.0465134 0.169947 0.338226 6.275e-39 2
-0.0414292 0.171802 0.341918 5.81437e-39 2
-0.0361529 0.173316 0.34493 6.45867e-39 2
-0.0314825 0.17883 0.355906 5.44272e-39 2
-0.0263812 0.183844 0.365884 5.90443e-39 2
-0.0206873 0.186458 0.371086 4.52221e-39 2
-0.0149731 0.190984 0.380093 6.91894e-39 2
-0.00893012 0.194766 0.38762 5.07538e-39 2
-0.00259069 0.194766 0.38762 5.99734e-39 2
0.00378623 0.196713 0.391496 5.44309e-39 2
0.0101891 0.196713 0.391496 6.91857e-39 2
0.0165919 0.196713 0.391496 3.96868e-39 2
0.0224339 0.191915 0.381947 4.33747e-39 2
0.0285413 0.190984 0.380093 5.16723e-39 2
0.0344234 0.189147 0.376438 5.2587e-39 2
0.04058 0.189147 0.376438 5.25728e-39 2
0.0467365 0.189147 0.376438 3.59883e-39 2
0.0547352 0.195735 0.389548 5.62641e-39 2
0.0618757 0.1982 0.394454 3.32296e-39 2
0.0686729 0.199203 0.396452 4.61478e-39 2
0.0738481 0.195735 0.389548 5.44453e-39 2
0.080219 0.195735 0.389548 4.33819e-39 2
0.0857369 0.193806 0.38571 4.70768e-39 2
0.0907046 0.190984 0.380093 4.98463e-39 2
0.0964528 0.190061 0.378257 6.27357e-39 2
0.0997478 0.184707 0.367602 5.16543e-39 2
0.105266 0.183844 0.365884 7.19408e-39 2
0.133851 0.199709 0.397458 5.25906e-39 2
0.141067 0.200728 0.399486 3.87577e-39 2
0.148357 0.201757 0.401534 6.6409e-39 2
0.155723 0.202797 0.403604 5.62603e-39 2
0.162324 0.202797 0.403604 6.73202e-39 2
0.170684 0.20491 0.407808 8.57737e-39 2
0.179221 0.207067 0.412101 4.98426e-39 2
0.187939 0.209269 0.416485 5.62928e-39 2
0.19475 0.209269 0.416485 6.45904e-39 2
0.201562 0.209269 0.416485 6.92037e-39 2
0.205101 0.205982 0.409943 5.99662e-39 2
0.20961 0.203848 0.405695 6.73346e-39 2
0.210785 0.1987 0.395451 7.83945e-39 2
0.210862 0.192856 0.38382 8.76177e-39 2
0.21714 0.192856 0.38382 8.02384e-39 2
0.223417 0.192856 0.38382 6.6409e-39 2
0.230826 0.193806 0.38571 6.17957e-39 2
0.244356 0.199709 0.397458 7.56215e-39 2
0.250856 0.199709 0.397458 7.93201e-39 2
0.257357 0.199709 0.397458 7.56287e-39 2
0.261205 0.197702 0.393463 6.4576e-39 2
0.263665 0.194766 0.38762 5.99842e-39 2
0.268015 0.19333 0.384763 6.18352e-39 2
0.273635 0.192856 0.38382 6.45939e-39 2
0.279912 0.192856 0.38382 6.82709e-39 2
0.28549 0.192385 0.382881 5.72039e-39 2
0.29104 0.191915 0.381947 6.08953e-39 2
0.298014 0.192385 0.382881 4.79879e-39 2
0.305771 0.19333 0.384763 4.61513e-39 2
0.312832 0.193806 0.38571 5.90586e-39 2
-0.319538 0.209398 0.403604 5.35269e-39 2
-0.314559 0.210483 0.405695 4.89099e-39 2
-0.280327 0.191619 0.369336 5.16721e-39 2
-0.326678 0.22822 0.439883 7.93343e-39 2
-1.32252 0.944726 1.82091 6.64269e-39 2
-1.30794 0.95584 1.84233 6.09023e-39 2
-1.35768 1.01558 1.95748 6.4601e-39 2
-1.29333 0.99081 1.90974 5.53778e-39 2
-1.2621 0.99081 1.90974 4.43071e-39 2
-1.24606 1.00304 1.93331 7.9345e-39 2
-0.211032 0.178957 0.34493 7.75083e-39 2
-0.205391 0.178957 0.34493 5.99732e-39 2
-0.194606 0.174349 0.336048 5.26048e-39 2
-0.190335 0.175478 0.338226 6.45902e-39 2
-0.171543 0.178957 0.34493 3.60168e-39 2
-0.168124 0.181354 0.34955 4.79987e-39 2
-0.166115 0.185494 0.357531 4.98461e-39 2
-0.158817 0.183815 0.354295 6.73525e-39 2
-0.153023 0.183815 0.354295 5.25941e-39 2
-0.145256 0.181354 0.34955 5.44237e-39 2
-0.13954 0.181354 0.34955 5.07503e-39 2
-0.132639 0.179749 0.346457 5.25942e-39 2
-0.125859 0.178172 0.343418 5.44488e-39 2
-0.116166 0.172132 0.331776 4.79952e-39 2
-0.11074 0.172132 0.331776 4.98284e-39 2
-0.105314 0.172132 0.331776 4.70588e-39 2
-0.100527 0.173233 0.333899 4.98247e-39 2
-0.0952689 0.173603 0.334612 8.85469e-39 2
-0.0897964 0.173603 0.334612 5.71968e-39 2
-0.0843239 0.173603 0.334612 5.07467e-39 2
-0.0790203 0.173975 0.335329 4.88992e-39 2
-0.073536 0.173975 0.335329 4.33746e-39 2
-0.0680518 0.173975 0.335329 3.32331e-39 2
-0.0621682 0.172865 0.333188 7.5636e-39 2
-0.0565986 0.172498 0.332481 4.5215e-39 2
-0.051161 0.172498 0.332481 5.81367e-39 2
-0.0459183 0.173233 0.333899 5.63035e-39 2
-0.0409818 0.175478 0.338226 6.1828e-39 2
-0.035604 0.176239 0.339693 6.82745e-39 2
-0.0301137 0.176623 0.340431 5.16757e-39 2
-0.0252035 0.181354 0.34955 6.18101e-39 2
-0.0197512 0.183815 0.354295 7.28736e-39 2
-0.0146182 0.192527 0.371086 6.08953e-39 2
-0.00871442 0.196247 0.378257 6.27392e-39 2
-0.00255278 0.198162 0.381947 5.99733e-39 2
0.00371199 0.199133 0.38382 7.65686e-39 2
0.00998927 0.199133 0.38382 5.90514e-39 2
0.0162665 0.199133 0.38382 4.33746e-39 2
0.0224339 0.198162 0.381947 5.99698e-39 2
0.0282669 0.195304 0.376438 5.2605e-39 2
0.0344234 0.195304 0.376438 6.55016e-39 2
0.04058 0.195304 0.376438 4.152e-39 2
0.0467365 0.195304 0.376438 4.79809e-39 2
0.0545993 0.201604 0.388582 5.44381e-39 2
0.0615656 0.203625 0.392477 6.82603e-39 2
0.0684995 0.205168 0.395451 4.5215e-39 2
0.0744033 0.203625 0.392477 4.33891e-39 2
0.0814345 0.205168 0.395451 4.98356e-39 2
0.08659 0.202105 0.389548 7.28773e-39 2
0.0902665 0.196247 0.378257 7.28807e-39 2
0.0937358 0.190719 0.367602 4.98319e-39 2
0.0988199 0.188945 0.364182 5.81259e-39 2
0.101931 0.183815 0.354295 8.4859e-39 2
0.140351 0.206209 0.397458 3.04528e-39 2
0.146851 0.206209 0.397458 6.73381e-39 2
0.153352 0.206209 0.397458 7.56357e-39 2
0.159852 0.206209 0.397458 3.59916e-39 2
0.168925 0.209398 0.403604 7.74869e-39 2
0.177354 0.211579 0.407808 4.79987e-39 2
0.184987 0.212687 0.409943 2.67937e-39 2
0.191691 0.212687 0.409943 7.01293e-39 2
0.198396 0.212687 0.409943 4.70767e-39 2
0.201929 0.209398 0.403604 7.01077e-39 2
0.200271 0.201105 0.38762 4.52005e-39 2
0.204585 0.199133 0.38382 7.10153e-39 2
0.209834 0.198162 0.381947 6.54835e-39 2
0.21608 0.198162 0.381947 6.82529e-39 2
0.222327 0.198162 0.381947 5.25761e-39 2
0.228574 0.198162 0.381947 8.48518e-39 2
0.235971 0.199133 0.38382 7.56394e-39 2
0.242249 0.199133 0.38382 4.4293e-39 2
0.246113 0.1972 0.380093 7.74834e-39 2
0.249903 0.195304 0.376438 5.25906e-39 2
0.254835 0.194369 0.374637 6.7349e-39 2
0.263483 0.196247 0.378257 5.53636e-39 2
0.270978 0.1972 0.380093 5.35304e-39 2
0.277869 0.19768 0.381018 6.45867e-39 2
0.284101 0.19768 0.381018 5.25941e-39 2
0.290332 0.19768 0.381018 4.89099e-39 2
0.298014 0.198646 0.382881 6.7349e-39 2
0.308041 0.201105 0.38762 6.18173e-39 2
0.31912 0.204137 0.393463 5.35269e-39 2
-0.310537 0.214342 0.400507 4.89027e-39 2
-0.276415 0.194901 0.364182 6.36647e-39 2
-0.270459 0.194901 0.364182 7.74976e-39 2
-1.30731 0.963305 1.79998 5.44486e-39 2
-1.27788 0.963305 1.79998 8.7639e-39 2
-1.35768 1.04759 1.95748 7.38205e-39 2
-1.27775 1.00973 1.88673 8.39585e-39 2
-1.24689 1.00973 1.88673 7.47317e-39 2
-1.21603 1.00973 1.88673 6.45937e-39 2
-0.170791 0.183788 0.343418 4.24705e-39 2
-0.165902 0.184598 0.34493 3.50913e-39 2
-0.16387 0.188756 0.352699 4.98461e-39 2
-0.158102 0.188756 0.352699 5.8133e-39 2
-0.152333 0.188756 0.352699 5.35125e-39 2
-0.145256 0.18707 0.34955 6.3654e-39 2
-0.138305 0.185415 0.346457 6.64308e-39 2
-0.131475 0.183788 0.343418 5.07503e-39 2
-0.124764 0.18219 0.340431 4.43074e-39 2
-0.116166 0.177558 0.331776 5.2605e-39 2
-0.109809 0.176066 0.328988 4.70553e-39 2
-0.103992 0.17533 0.327612 3.96903e-39 2
-0.0986339 0.17533 0.327612 5.07538e-39 2
-0.0952689 0.179076 0.334612 7.74834e-39 2
-0.0897964 0.179076 0.334612 5.71968e-39 2
-0.0843239 0.179076 0.334612 5.16578e-39 2
-0.0788514 0.179076 0.334612 5.81187e-39 2
-0.0733789 0.179076 0.334612 5.1683e-39 2
-0.0673309 0.177558 0.331776 5.53601e-39 2
-0.0617739 0.177183 0.331075 4.15236e-39 2
-0.0560041 0.176066 0.328988 5.62785e-39 2
-0.0506236 0.176066 0.328988 5.62892e-39 2
-0.045243 0.176066 0.328988 5.26049e-39 2
-0.0398625 0.176066 0.328988 4.89207e-39 2
-0.0349222 0.178314 0.333188 5.07538e-39 2
-0.0299186 0.18101 0.338226 5.81294e-39 2
-0.0248704 0.184598 0.34493 8.02492e-39 2
-0.0194867 0.18707 0.34955 5.81223e-39 2
-0.0139568 0.18961 0.354295 6.55051e-39 2
-0.00867252 0.20146 0.376438 4.6144e-39 2
-0.00252812 0.202434 0.378257 6.3654e-39 2
0.00367595 0.203416 0.380093 4.89099e-39 2
0.00994054 0.204409 0.381947 6.7349e-39 2
0.0161872 0.204409 0.381947 7.65651e-39 2
0.0221103 0.20146 0.376438 5.25942e-39 2
0.0281316 0.200496 0.374637 6.73563e-39 2
0.0340956 0.199542 0.372853 5.72004e-39 2
0.0403858 0.200496 0.374637 4.98248e-39 2
0.0465129 0.200496 0.374637 4.61478e-39 2
0.0528931 0.20146 0.376438 6.45796e-39 2
0.0608036 0.207444 0.38762 4.70553e-39 2
0.0683269 0.211102 0.394454 5.44346e-39 2
0.0769091 0.217118 0.405695 5.81404e-39 2
0.0822655 0.213795 0.399486 5.99771e-39 2
0.087902 0.211635 0.395451 3.5999e-39 2
0.0902665 0.202434 0.378257 3.23147e-39 2
0.0932978 0.195812 0.365884 7.74905e-39 2
0.095704 0.188756 0.352699 7.37992e-39 2
0.100566 0.18707 0.34955 6.08881e-39 2
0.136203 0.206423 0.38571 5.99589e-39 2
0.143216 0.207444 0.38762 8.20966e-39 2
0.148819 0.206423 0.38571 5.44379e-39 2
0.155127 0.206423 0.38571 6.18171e-39 2
0.166352 0.212709 0.397458 6.55051e-39 2
0.174625 0.214891 0.401534 7.84125e-39 2
0.182126 0.215999 0.403604 6.36719e-39 2
0.188727 0.215999 0.403604 5.53815e-39 2
0.195328 0.215999 0.403604 7.84232e-39 2
0.19785 0.211635 0.395451 6.08881e-39 2
0.200271 0.207444 0.38762 8.66885e-39 2
0.204585 0.205411 0.38382 5.53456e-39 2
0.209834 0.204409 0.381947 7.47103e-39 2
0.21608 0.204409 0.381947 5.44272e-39 2
0.222327 0.204409 0.381947 9.59152e-39 2
0.227464 0.203416 0.380093 6.55014e-39 2
0.232552 0.202434 0.378257 7.65614e-39 2
0.235327 0.199542 0.372853 7.56395e-39 2
0.236913 0.195812 0.365884 6.4576e-39 2
0.237351 0.191341 0.357531 6.27213e-39 2
0.243198 0.191341 0.357531 4.61368e-39 2
0.262216 0.20146 0.376438 7.65614e-39 2
0.267089 0.200496 0.374637 7.93308e-39 2
0.273216 0.200496 0.374637 7.01112e-39 2
0.289023 0.207444 0.38762 5.62819e-39 2
0.305965 0.214891 0.401534 7.10368e-39 2
0.315771 0.217118 0.405695 5.99734e-39 2
0.322406 0.217118 0.405695 6.18137e-39 2
-0.276415 0.200857 0.364182 7.47317e-39 2
-0.270459 0.200857 0.364182 5.62925e-39 2
-1.29246 0.981462 1.77953 6.8278e-39 2
-1.26336 0.981462 1.77953 8.67135e-39 2
-1.35768 1.07961 1.95748 8.57952e-39 2
-0.167846 0.186139 0.337497 5.07645e-39 2
-0.162326 0.186139 0.337497 6.36719e-39 2
-0.154805 0.183763 0.333188 4.61548e-39 2
-0.148095 0.182212 0.330376 5.536e-39 2
-0.149637 0.191081 0.346457 5.07503e-39 2
-0.136712 0.181447 0.328988 5.35269e-39 2
-0.137092 0.189405 0.343418 4.89136e-39 2
-0.128104 0.184548 0.334612 4.79844e-39 2
-0.12057 0.181447 0.328988 5.72148e-39 2
-0.111444 0.175546 0.318289 4.61513e-39 2
-0.108894 0.179935 0.326247 4.70553e-39 2
-0.103559 0.179935 0.326247 3.04672e-39 2
-0.0982229 0.179935 0.326247 4.89171e-39 2
-0.0928872 0.179935 0.326247 5.35197e-39 2
-0.0897964 0.184548 0.334612 4.61405e-39 2
-0.0843239 0.184548 0.334612 5.2587e-39 2
-0.0772018 0.180688 0.327612 4.61405e-39 2
-0.0715444 0.179935 0.326247 4.15379e-39 2
-0.0662088 0.179935 0.326247 5.53601e-39 2
-0.0608731 0.179935 0.326247 5.07431e-39 2
-0.0392036 0.178448 0.32355 5.53601e-39 2
-0.0343377 0.180688 0.327612 6.18173e-39 2
-0.029473 0.183763 0.333188 6.91857e-39 2
-0.0248704 0.190239 0.34493 6.27321e-39 2
-0.0193142 0.191081 0.346457 7.10297e-39 2
-0.0139568 0.195404 0.354295 7.65686e-39 2
-0.00871442 0.20862 0.378257 5.90514e-39 2
-0.00252812 0.20862 0.378257 6.64199e-39 2
0.00365819 0.20862 0.378257 5.72003e-39 2
0.00979717 0.207617 0.376438 7.28772e-39 2
0.0159537 0.207617 0.376438 6.64236e-39 2
0.0220045 0.206624 0.374637 5.53673e-39 2
0.0277335 0.2037 0.369336 4.1538e-39 2
0.0334583 0.201796 0.365884 3.78393e-39 2
0.0394422 0.201796 0.365884 6.18102e-39 2
0.0465129 0.206624 0.374637 4.52258e-39 2
0.0544642 0.213784 0.38762 5.90587e-39 2
0.0643054 0.226096 0.409943 5.35161e-39 2
0.0706401 0.224918 0.407808 4.24527e-39 2
0.0769091 0.223753 0.405695 5.35234e-39 2
0.0822655 0.220328 0.399486 5.90443e-39 2
0.0887989 0.220328 0.399486 4.61405e-39 2
0.0902665 0.20862 0.378257 9.40857e-39 2
0.0932978 0.201796 0.365884 7.93344e-39 2
0.0948495 0.192787 0.34955 4.89064e-39 2
0.133571 0.20862 0.378257 6.36576e-39 2
0.139757 0.20862 0.378257 5.53671e-39 2
0.146652 0.209633 0.380093 7.47282e-39 2
0.153614 0.210655 0.381947 7.38062e-39 2
0.160644 0.211688 0.38382 7.19588e-39 2
0.172853 0.21921 0.397458 7.38135e-39 2
0.181192 0.221458 0.401534 6.64413e-39 2
0.188727 0.2226 0.403604 5.16937e-39 2
0.195328 0.2226 0.403604 7.19696e-39 2
0.199868 0.220328 0.399486 5.53636e-39 2
0.201267 0.214847 0.389548 7.93273e-39 2
0.206611 0.213784 0.38762 7.47103e-39 2
0.214009 0.214847 0.389548 7.10224e-39 2
0.22038 0.214847 0.389548 7.37883e-39 2
0.222327 0.210655 0.381947 4.8899e-39 2
0.228574 0.210655 0.381947 6.64234e-39 2
0.232552 0.20862 0.378257 6.45795e-39 2
0.234212 0.204665 0.371086 7.28772e-39 2
0.230451 0.196292 0.355906 6.18138e-39 2
0.229999 0.191081 0.346457 6.82603e-39 2
0.235666 0.191081 0.346457 8.30043e-39 2
0.243487 0.192787 0.34955 6.73454e-39 2
0.254893 0.197189 0.357531 7.65684e-39 2
0.273216 0.206624 0.374637 6.08988e-39 2
0.300942 0.2226 0.403604 7.56501e-39 2
0.312373 0.226096 0.409943 7.28807e-39 2
0.322454 0.228489 0.414282 7.19516e-39 2
-0.280327 0.20974 0.369336 6.45974e-39 2
-1.3523 1.03407 1.82091 4.98461e-39 2
-1.32252 1.03407 1.82091 6.09131e-39 2
-1.32351 1.05869 1.86427 8.76319e-39 2
-1.32456 1.08451 1.90974 7.01219e-39 2
-0.144937 0.177151 0.311949 5.2605e-39 2
-0.125627 0.171679 0.302314 5.72219e-39 2
-0.131331 0.186827 0.328988 4.15379e-39 2
-0.116649 0.180752 0.318289 4.43074e-39 2
-0.0928872 0.18527 0.326247 2.58574e-39 2
-0.0875515 0.18527 0.326247 4.42966e-39 2
-0.0822158 0.18527 0.326247 3.9694e-39 2
-0.075931 0.182983 0.322219 5.16795e-39 2
-0.0703716 0.182233 0.320898 4.52258e-39 2
-0.0651234 0.182233 0.320898 5.16723e-39 2
-0.0598752 0.182233 0.320898 4.06087e-39 2
-0.054404 0.181489 0.319589 4.52114e-39 2
-0.03841 0.18002 0.317001 7.19481e-39 2
-0.0337725 0.182983 0.322219 5.81223e-39 2
-0.0289797 0.186046 0.327612 5.90442e-39 2
-0.0248704 0.195881 0.34493 5.07359e-39 2
-0.0195741 0.199394 0.351118 5.62784e-39 2
-0.0151199 0.217965 0.38382 6.45939e-39 2
-0.00884257 0.217965 0.38382 4.24562e-39 2
-0.00252812 0.214806 0.378257 6.36432e-39 2
0.00365819 0.214806 0.378257 5.62676e-39 2
0.00979717 0.213774 0.376438 4.33674e-39 2
0.0159537 0.213774 0.376438 6.45761e-39 2
0.0220045 0.212751 0.374637 4.24599e-39 2
0.0276033 0.208755 0.367602 6.08955e-39 2
0.0323985 0.201199 0.354295 5.81224e-39 2
0.0356145 0.187616 0.330376 5.7204e-39 2
0.0439873 0.201199 0.354295 5.07575e-39 2
0.0713837 0.234026 0.412101 3.78429e-39 2
0.0769091 0.230388 0.405695 4.89136e-39 2
0.0826873 0.228025 0.401534 6.08883e-39 2
0.0887989 0.226862 0.399486 6.45761e-39 2
0.0911471 0.216902 0.381947 7.19588e-39 2
0.0932978 0.20778 0.365884 4.98318e-39 2
0.0948495 0.198504 0.34955 6.64271e-39 2
0.123796 0.208755 0.367602 7.28771e-39 2
0.131038 0.210734 0.371086 6.91893e-39 2
0.137107 0.210734 0.371086 6.36647e-39 2
0.144547 0.212751 0.374637 8.21038e-39 2
0.151398 0.213774 0.376438 6.64306e-39 2
0.15986 0.216902 0.381947 7.56574e-39 2
0.172853 0.22571 0.397458 6.55158e-39 2
0.188727 0.229201 0.403604 7.01328e-39 2
0.194326 0.228025 0.401534 6.36719e-39 2
0.206402 0.226862 0.399486 8.11784e-39 2
0.214027 0.228025 0.401534 6.18136e-39 2
0.224041 0.231588 0.407808 8.11747e-39 2
0.227161 0.228025 0.401534 7.4721e-39 2
0.233728 0.228025 0.401534 6.55014e-39 2
0.233122 0.221218 0.389548 6.27356e-39 2
0.23482 0.216902 0.381947 6.64199e-39 2
0.221609 0.199394 0.351118 5.99806e-39 2
0.220432 0.193326 0.340431 6.73634e-39 2
0.225999 0.193326 0.340431 6.64199e-39 2
0.231567 0.193326 0.340431 7.37955e-39 2
0.237135 0.193326 0.340431 8.02564e-39 2
0.249203 0.198504 0.34955 7.38062e-39 2
0.274529 0.213774 0.376438 7.38062e-39 2
0.32782 0.244313 0.430215 6.64234e-39 2
0.333026 0.242978 0.427865 4.2449e-39 2
-0.271723 0.213764 0.365884 7.01184e-39 2
-0.273405 0.21993 0.376438 5.53671e-39 2
-0.267248 0.21993 0.376438 6.36647e-39 2
-0.172205 0.189815 0.324893 5.99806e-39 2
-0.120683 0.176623 0.302314 6.09026e-39 2
-0.0815364 0.189031 0.32355 3.96868e-39 2
-0.0753112 0.186716 0.319589 5.81332e-39 2
-0.0700844 0.186716 0.319589 4.89208e-39 2
-0.0645939 0.185957 0.318289 4.52258e-39 2
-0.0591479 0.185204 0.317001 5.72075e-39 2
-0.0533159 0.182982 0.313197 4.61333e-39 2
-0.0481936 0.182982 0.313197 3.04566e-39 2
-0.0425606 0.180812 0.309483 3.87434e-39 2
-0.037205 0.179394 0.307056 4.24455e-39 2
-0.0321832 0.179394 0.307056 7.47067e-39 2
-0.0289797 0.191404 0.327612 5.71896e-39 2
-0.0158992 0.235801 0.403604 6.73563e-39 2
-0.00915678 0.23221 0.397458 8.67029e-39 2
-0.00256529 0.224242 0.38382 5.44237e-39 2
0.00367595 0.222065 0.380093 5.16686e-39 2
0.0098445 0.220993 0.378257 3.50698e-39 2
0.0160308 0.220993 0.378257 6.3647e-39 2
0.0277335 0.21578 0.369336 5.16687e-39 2
0.0302113 0.193019 0.330376 5.7204e-39 2
0.033628 0.182253 0.311949 6.64235e-39 2
0.0395171 0.185957 0.318289 4.42966e-39 2
0.0769091 0.237023 0.405695 4.6137e-39 2
0.0835442 0.237023 0.405695 7.4714e-39 2
0.0887989 0.233395 0.399486 6.08846e-39 2
0.0911471 0.223149 0.381947 4.89171e-39 2
0.0932978 0.213764 0.365884 7.74977e-39 2
0.0952748 0.205137 0.351118 6.92001e-39 2
0.100566 0.204221 0.34955 7.10368e-39 2
0.106283 0.204221 0.34955 6.64306e-39 2
0.11352 0.206993 0.354295 6.9175e-39 2
0.123796 0.214767 0.367602 5.90298e-39 2
0.129808 0.214767 0.367602 6.55014e-39 2
0.150674 0.218878 0.374637 6.73597e-39 2
0.20961 0.237023 0.405695 7.93273e-39 2
0.217372 0.238258 0.407808 7.19623e-39 2
0.224041 0.238258 0.407808 7.10332e-39 2
0.230711 0.238258 0.407808 8.39406e-39 2
0.23738 0.238258 0.407808 7.47102e-39 2
0.240295 0.234592 0.401534 6.82673e-39 2
0.203115 0.193019 0.330376 6.45795e-39 2
0.208518 0.193019 0.330376 6.73454e-39 2
0.213921 0.193019 0.330376 6.36612e-39 2
0.220254 0.193837 0.331776 7.01114e-39 2
0.229571 0.197179 0.337497 7.10441e-39 2
0.23509 0.197179 0.337497 8.21003e-39 2
0.242702 0.198893 0.340431 6.82709e-39 2
-0.180712 0.182271 0.303485 4.98318e-39 2
-0.175748 0.182271 0.303485 4.24634e-39 2
-0.167117 0.183695 0.305856 4.52258e-39 2
-0.171493 0.194322 0.32355 5.44489e-39 2
-0.33072 0.427509 0.711811 6.18208e-39 2
-0.31338 0.419875 0.6991 5.6282e-39 2
-0.242301 0.364543 0.606971 6.92001e-39 2
-0.232375 0.364543 0.606971 4.24562e-39 2
-0.219052 0.358977 0.597704 4.06052e-39 2
-0.206129 0.353579 0.588716 4.7059e-39 2
-0.19799 0.356258 0.593176 2.86198e-39 2
-0.0753112 0.191943 0.319589 4.52258e-39 2
-0.0700844 0.191943 0.319589 3.97012e-39 2
-0.0645939 0.191163 0.318289 7.01186e-39 2
-0.0584381 0.188104 0.313197 5.81294e-39 2
-0.0531035 0.187355 0.311949 7.10333e-39 2
-0.0476222 0.185874 0.309483 4.79737e-39 2
-0.0422268 0.184416 0.307056 5.44274e-39 2
-0.037205 0.184416 0.307056 5.99627e-39 2
-0.0321832 0.184416 0.307056 8.5781e-39 2
-0.0160648 0.244927 0.407808 4.98391e-39 2
-0.00929838 0.242402 0.403604 4.70588e-39 2
-0.00265645 0.238711 0.397458 4.33602e-39 2
0.00373027 0.231655 0.38571 6.08881e-39 2
0.0100385 0.231655 0.38571 4.98211e-39 2
0.0285262 0.187355 0.311949 5.16723e-39 2
0.0331005 0.184416 0.307056 6.91894e-39 2
0.0382724 0.185142 0.308265 3.96833e-39 2
0.0761203 0.241159 0.401534 6.5498e-39 2
0.087023 0.23513 0.391496 6.91823e-39 2
0.0911471 0.229395 0.381947 5.16723e-39 2
0.0937358 0.220779 0.367602 5.62928e-39 2
0.096574 0.213755 0.355906 6.82782e-39 2
0.101931 0.212787 0.354295 6.1828e-39 2
0.108216 0.213755 0.355906 6.08988e-39 2
0.117784 0.220779 0.367602 7.47103e-39 2
0.210702 0.244927 0.407808 7.28736e-39 2
0.217372 0.244927 0.407808 6.82709e-39 2
0.238623 0.24621 0.409943 6.45795e-39 2
0.19443 0.195129 0.324893 7.01077e-39 2
0.199743 0.195129 0.324893 7.19588e-39 2
0.205057 0.195129 0.324893 6.64271e-39 2
0.212131 0.196762 0.327612 5.99734e-39 2
0.219324 0.198422 0.330376 4.24527e-39 2
0.22568 0.199263 0.331776 4.70625e-39 2
0.231106 0.199263 0.331776 7.37992e-39 2
0.241652 0.203576 0.338958 5.25977e-39 2
-0.180014 0.186512 0.302314 5.99734e-39 2
-0.17507 0.186512 0.302314 5.53708e-39 2
-0.167117 0.188698 0.305856 5.44454e-39 2
-0.164037 0.190935 0.309483 3.60062e-39 2
-0.359115 0.431309 0.6991 4.61513e-39 2
-0.350813 0.435195 0.705398 4.70625e-39 2
-0.342361 0.439151 0.711811 7.28808e-39 2
-0.33072 0.439151 0.711811 6.73454e-39 2
-0.242301 0.37447 0.606971 4.79987e-39 2
-0.227093 0.365959 0.593176 7.2888e-39 2
-0.217392 0.365959 0.593176 5.72004e-39 2
-0.207691 0.365959 0.593176 4.6137e-39 2
-0.0706612 0.198793 0.322219 4.33819e-39 2
-0.0648576 0.19717 0.319589 5.81403e-39 2
-0.0584381 0.193226 0.313197 6.64271e-39 2
-0.0528927 0.191693 0.310711 6.64271e-39 2
-0.0472487 0.189438 0.307056 3.78429e-39 2
-0.0420619 0.188698 0.305856 6.36505e-39 2
-0.0369155 0.187963 0.304666 5.72039e-39 2
0.027969 0.188698 0.305856 5.81332e-39 2
0.0329712 0.188698 0.305856 4.52258e-39 2
0.0381224 0.189438 0.307056 4.70697e-39 2
0.043314 0.190183 0.308265 5.26015e-39 2
0.479107 1.23863 2.00767 3.50735e-39 2
0.511942 1.23863 2.00767 6.73455e-39 2
0.544777 1.23863 2.00767 6.82674e-39 2
0.210702 0.251597 0.407808 6.45796e-39 2
0.188335 0.199614 0.32355 6.18172e-39 2
0.193626 0.199614 0.32355 6.8271e-39 2
0.198918 0.199614 0.32355 7.47247e-39 2
0.205057 0.200442 0.324893 7.28807e-39 2
0.211247 0.201277 0.326247 6.82674e-39 2
0.219324 0.203825 0.330376 6.55016e-39 2
0.228585 0.207324 0.336048 3.50771e-39 2
0.234081 0.207324 0.336048 5.1683e-39 2
0.246998 0.213746 0.346457 7.1966e-39 2
-0.180014 0.191456 0.302314 5.99698e-39 2
-0.17507 0.191456 0.302314 8.39514e-39 2
-0.170785 0.192198 0.303485 3.23184e-39 2
-0.167117 0.1937 0.305856 4.61477e-39 2
-0.164037 0.195997 0.309483 7.56539e-39 2
-0.342361 0.450792 0.711811 3.78464e-39 2
-0.33072 0.450792 0.711811 3.87612e-39 2
-0.232375 0.384397 0.606971 6.36756e-39 2
-0.219052 0.378528 0.597704 7.10441e-39 2
-0.207691 0.37566 0.593176 6.91894e-39 2
-0.199501 0.378528 0.597704 7.56359e-39 2
-0.0715444 0.206613 0.326247 3.41515e-39 2
-0.0651234 0.203226 0.320898 6.27537e-39 2
-0.0582053 0.197558 0.311949 7.10476e-39 2
-0.0528927 0.196774 0.310711 6.73598e-39 2
-0.0470641 0.1937 0.305856 4.43001e-39 2
0.0331005 0.194459 0.307056 4.24599e-39 2
0.0381224 0.194459 0.307056 6.0899e-39 2
0.491715 1.30493 2.06051 7.10226e-39 2
0.204032 0.258266 0.407808 6.36577e-39 2
0.210702 0.258266 0.407808 6.08883e-39 2
0.189904 0.206613 0.326247 6.55123e-39 2
0.193626 0.204906 0.32355 6.73563e-39 2
0.198918 0.204906 0.32355 7.84197e-39 2
0.205057 0.205756 0.324893 5.90586e-39 2
0.212131 0.207478 0.327612 6.36684e-39 2
0.223089 0.21282 0.336048 7.19481e-39 2
0.231567 0.215596 0.340431 6.73455e-39 2
0.23817 0.216538 0.341918 6.45869e-39 2
0.249203 0.221371 0.34955 6.4594e-39 2
-0.180014 0.1964 0.302314 3.13892e-39 2
-0.17507 0.1964 0.302314 8.11856e-39 2
-0.170785 0.197162 0.303485 4.33746e-39 2
-0.167772 0.199481 0.307056 4.06016e-39 2
-0.0715444 0.211949 0.326247 6.18102e-39 2
-0.0651234 0.208474 0.320898 5.81439e-39 2
-0.0582053 0.20266 0.311949 5.81367e-39 2
-0.0526837 0.201058 0.309483 5.90622e-39 2
0.190693 0.264936 0.407808 6.36506e-39 2
0.197363 0.264936 0.407808 5.72112e-39 2
0.204032 0.264936 0.407808 5.72148e-39 2
0.210702 0.264936 0.407808 7.01079e-39 2
0.19524 0.211949 0.326247 7.37992e-39 2
0.200576 0.211949 0.326247 6.36577e-39 2
0.206773 0.212836 0.327612 5.53673e-39 2
0.219477 0.220207 0.338958 6.64308e-39 2
0.226986 0.22213 0.341918 5.81224e-39 2
0.235666 0.225078 0.346457 6.27357e-39 2
0.24568 0.229134 0.352699 7.19553e-39 2
0.252586 0.230171 0.354295 7.28772e-39 2
-0.189172 0.20057 0.301151 8.57882e-39 2
-0.184247 0.20057 0.301151 7.10261e-39 2
-0.180014 0.201345 0.302314 4.42966e-39 2
-0.17507 0.201345 0.302314 7.47319e-39 2
-0.170785 0.202125 0.303485 3.87648e-39 2
-0.0805731 0.227722 0.341918 7.2888e-39 2
-0.0715444 0.217285 0.326247 5.53709e-39 2
-0.0651234 0.213723 0.320898 6.45975e-39 2
-0.0582053 0.207762 0.311949 5.1683e-39 2
-0.0524763 0.205308 0.308265 6.45904e-39 2
0.188944 0.278868 0.418712 1.02348e-38 2
0.19475 0.277385 0.416485 1.11571e-38 2
0.198396 0.273028 0.409943 1.03284e-38 2
0.205101 0.273028 0.409943 9.03839e-39 2
0.214046 0.275917 0.414282 8.66781e-39 2
0.213934 0.22575 0.338958 6.17961e-39 2
0.222365 0.228721 0.343418 6.45691e-39 2
-0.184958 0.206289 0.302314 2.03222e-39 2
-0.180014 0.206289 0.302314 4.43073e-39 2
-0.175748 0.207089 0.303485 5.81438e-39 2
-0.0727571 0.226393 0.331776 5.16795e-39 2
-0.0662088 0.22262 0.326247 6.91894e-39 2
-0.0596308 0.218077 0.319589 5.62749e-39 2
0.195207 0.295187 0.432592 1.24453e-38 2
0.196844 0.287252 0.420963 1.31829e-38 2
0.201562 0.284196 0.416485 1.2262e-38 2
0.208373 0.284196 0.416485 1.1801e-38 2
0.221064 0.291961 0.427865 1.21698e-38 2
0.230582 0.295187 0.432592 1.27233e-38 2
0.237657 0.295187 0.432592 1.19858e-38 2
0.189177 0.303941 0.434996 1.06025e-38 2
0.194135 0.300601 0.430215 1.06943e-38 2
0.201171 0.300601 0.430215 1.06943e-38 2
0.20264 0.292564 0.418712 9.95713e-39 2
0.214067 0.298959 0.427865 1.05103e-38 2
0.221064 0.298959 0.427865 8.8515e-39 2
0.230582 0.302262 0.432592 7.19305e-39 2
0.237657 0.302262 0.432592 7.74515e-39 2
0.244732 0.302262 0.432592 9.40395e-39 2
0.191303 0.31455 0.439883 1.2723e-38 5
0.198497 0.31455 0.439883 7.74443e-39 5
0.212886 0.31455 0.439883 7.83663e-39 2
0.217634 0.311055 0.434996 8.11393e-39 2
0.224749 0.311055 0.434996 7.2849e-39 2
0.233158 0.312793 0.437426 6.91611e-39 2
0.240312 0.312793 0.437426 7.1927e-39 2
0.246091 0.311055 0.434996 8.20541e-39 2
0.193477 0.325401 0.444882 1.35528e-38 2
0.222581 0.325401 0.444882 7.37601e-39 2
0.236578 0.334916 0.45789 6.91504e-39 2
0.244066 0.334916 0.45789 6.73173e-39 2
0.247218 0.329141 0.449995 7.19162e-39 2
0.254577 0.329141 0.449995 8.11322e-39 2
0.194583 0.334578 0.447424 1.38293e-38 2
0.268316 0.401035 0.536296 7.19162e-39 2
0.271508 0.39296 0.525498 6.91504e-39 2
0.267534 0.375328 0.501918 6.91504e-39 2
0.273987 0.372937 0.498721 7.09943e-39 2
0.283952 0.375328 0.501918 7.6526e-39 2
0.280936 0.415498 0.543745 1.3645e-38 2
0.280103 0.401555 0.525498 1.34613e-38 2
0.292625 0.407018 0.532648 1.41067e-38 2
