
Nov 22 04:57:23 localhost kernel: [    9.229655] file system registered
Nov 22 04:57:23 localhost kernel: [    9.283257] read descriptors
Nov 22 04:57:23 localhost kernel: [    9.283279] read strings
Nov 22 04:57:24 localhost kernel: [    9.376897] UDC core: g_comp: couldn't find an available UDC or it's busy
Mar  5 18:25:39 localhost kernel: [   20.906859] dw-apb-uart 340a0000.serial: failed to request DMA
Mar  5 18:25:39 localhost kernel: [   21.126507] [VPF mgr]:[L478]empty_camsys_reset: empty function
Mar  5 18:25:39 localhost kernel: [   21.126528] [L1228]cim_open open_cnt :1
Mar  5 18:25:39 localhost kernel: [   21.126534] [CIM]:[L192][S0]cim_video_open done ret val:0
Mar  5 18:25:39 localhost kernel: [   21.126538] [L1227][S0]vin_node_open done
Mar  5 18:25:39 localhost kernel: [   21.126542] [VIN_NODE]:[L694][C0]vin_node_video_open done
Mar  5 18:25:39 localhost kernel: [   21.126546] [VPF ops]:[L2575][vin2_src] vpf_device_open: done
Mar  5 18:25:39 localhost kernel: [   21.126569] [L1228]cim_open open_cnt :2
Mar  5 18:25:39 localhost kernel: [   21.126573] [CIM]:[L192][S0]cim_video_open done ret val:0
Mar  5 18:25:39 localhost kernel: [   21.126576] [L1227][S0]vin_node_open done
Mar  5 18:25:39 localhost kernel: [   21.126580] [VIN_NODE]:[L694][C0]vin_node_video_open done
Mar  5 18:25:39 localhost kernel: [   21.126583] [VPF ops]:[L2575][vin2_cap] vpf_device_open: done
Mar  5 18:25:39 localhost kernel: [   21.126597] [L1228]cim_open open_cnt :3
Mar  5 18:25:39 localhost kernel: [   21.126600] [CIM]:[L192][S0]cim_video_open done ret val:0
Mar  5 18:25:39 localhost kernel: [   21.126604] [L1227][S0]vin_node_open done
Mar  5 18:25:39 localhost kernel: [   21.126607] [VIN_NODE]:[L694][C0]vin_node_video_open done
Mar  5 18:25:39 localhost kernel: [   21.126610] [VPF ops]:[L2575][vin2_emb] vpf_device_open: done
Mar  5 18:25:39 localhost kernel: [   21.126624] [L1228]cim_open open_cnt :4
Mar  5 18:25:39 localhost kernel: [   21.126627] [CIM]:[L192][S0]cim_video_open done ret val:0
Mar  5 18:25:39 localhost kernel: [   21.126630] [L1227][S0]vin_node_open done
Mar  5 18:25:39 localhost kernel: [   21.126634] [VIN_NODE]:[L694][C0]vin_node_video_open done
Mar  5 18:25:39 localhost kernel: [   21.126637] [VPF ops]:[L2575][vin2_pdaf] vpf_device_open: done
Mar  5 18:25:39 localhost kernel: [   21.126667] [VPF ops]:[L439][vin2_src][C0] vpf_vctx_bind_vdev: done, ctx_index(0) refcount(1)
Mar  5 18:25:39 localhost kernel: [   21.126676] [VPF ops]:[L1875][vin2_src][C0] vpf_video_bind_context: done
Mar  5 18:25:39 localhost kernel: [   21.126682] [VPF ops]:[L439][vin2_cap][C0] vpf_vctx_bind_vdev: done, ctx_index(0) refcount(1)
Mar  5 18:25:39 localhost kernel: [   21.126687] [VPF ops]:[L1875][vin2_cap][C0] vpf_video_bind_context: done
Mar  5 18:25:39 localhost kernel: [   21.126692] [VPF ops]:[L439][vin2_emb][C0] vpf_vctx_bind_vdev: done, ctx_index(0) refcount(1)
Mar  5 18:25:39 localhost kernel: [   21.126696] [VPF ops]:[L1875][vin2_emb][C0] vpf_video_bind_context: done
Mar  5 18:25:39 localhost kernel: [   21.126910] [VPF ops]:[L439][vin2_pdaf][C0] vpf_vctx_bind_vdev: done, ctx_index(0) refcount(1)
Mar  5 18:25:39 localhost kernel: [   21.126925] [VPF ops]:[L1875][vin2_pdaf][C0] vpf_video_bind_context: done
Mar  5 18:25:39 localhost kernel: [   21.126979] [VIN_NODE]:[L38]The vin node driver version is v1.1
Mar  5 18:25:39 localhost kernel: [   21.126984] [VPF ops]:[L1031][vin2_src][C0] vpf_video_get_version: done
Mar  5 18:25:39 localhost kernel: [   21.127029] [VPF ops]:[L1079][vin2_src][C0] vpf_video_get_struct_size: done
Mar  5 18:25:39 localhost kernel: [   21.127049] [CIM]:[L247][C0]cim_video_set_attr done ret val:0
Mar  5 18:25:39 localhost kernel: [   21.127054] [L423][C0] vin_node_set_attr ipi 0 done
Mar  5 18:25:39 localhost kernel: [   21.127059] [VIN_NODE]:[L239][C0]vin_node_video_set_attr done
Mar  5 18:25:39 localhost kernel: [   21.127062] [VPF ops]:[L689][vin2_cap][C0] vpf_video_set_init_attr: done
Mar  5 18:25:39 localhost kernel: [   21.127075] vin vcon2: vcon2 open 0: flow65535 ctx0 real
Mar  5 18:25:39 localhost kernel: [   21.127083] [L624][S65535][C0][ipi0]cim_subdev_init hw_id = 2
Mar  5 18:25:39 localhost kernel: [   21.127088] [CIM]:[L247][C0]cim_video_set_attr done ret val:0
Mar  5 18:25:39 localhost kernel: [   21.127094] vin vcon2: get attr valid bus7 rx2 done
Mar  5 18:25:39 localhost kernel: [   21.127112] [L423][C0] vin_node_set_attr ipi 0 done
Mar  5 18:25:39 localhost kernel: [   21.127124] [VIN_NODE]:[L239][C0]vin_node_video_set_attr done
Mar  5 18:25:39 localhost kernel: [   21.127128] [VIO node]:[L104][vin2] vio_group_task_start: sched_mode 1
Mar  5 18:25:39 localhost kernel: [   21.127132] [VPF ops]:[L689][vin2_src][C0] vpf_video_set_init_attr: done
Mar  5 18:25:39 localhost kernel: [   21.127139] [CIM]:[L247][C0]cim_video_set_attr done ret val:0
Mar  5 18:25:39 localhost kernel: [   21.127142] [L423][C0] vin_node_set_attr ipi 0 done
Mar  5 18:25:39 localhost kernel: [   21.127146] [VIN_NODE]:[L239][C0]vin_node_video_set_attr done
Mar  5 18:25:39 localhost kernel: [   21.127149] [VPF ops]:[L689][vin2_emb][C0] vpf_video_set_init_attr: done
Mar  5 18:25:39 localhost kernel: [   21.127154] [CIM]:[L247][C0]cim_video_set_attr done ret val:0
Mar  5 18:25:39 localhost kernel: [   21.127158] [L423][C0] vin_node_set_attr ipi 0 done
Mar  5 18:25:39 localhost kernel: [   21.127161] [VIN_NODE]:[L239][C0]vin_node_video_set_attr done
Mar  5 18:25:39 localhost kernel: [   21.127164] [VPF ops]:[L689][vin2_pdaf][C0] vpf_video_set_init_attr: done
Mar  5 18:25:39 localhost kernel: [   21.127182] [VPF ops]:[L1079][vin2_src][C0] vpf_video_get_struct_size: done
Mar  5 18:25:39 localhost kernel: [   21.127359] [L709][S65535] vin_node_set_ichn_attr begin format 43 width 1088 
Mar  5 18:25:39 localhost kernel: [   21.127372] [L527][S0][ipi0]cim_set_ichn_attr done
Mar  5 18:25:39 localhost kernel: [   21.127376] [CIM]:[L309][S0]cim_video_set_ichn_attr done ret val:0
Mar  5 18:25:39 localhost kernel: [   21.127380] [L724][S0]vin_node_set_ichn_attr done
Mar  5 18:25:39 localhost kernel: [   21.127384] [VIN_NODE]:[L427][C0]vin_node_video_set_ichn_attr done
Mar  5 18:25:39 localhost kernel: [   21.127390] [L1023][S0] vin_node_reqbufs done bit_map 0x1 planecount 1 
Mar  5 18:25:39 localhost kernel: [   21.127394] [VIN_NODE]:[L743][C0]vin_node_video_reqbufs done
Mar  5 18:25:39 localhost kernel: [   21.127406] [VPF ops]:[L1193][F0] vpf_fill_frame_info: L0 use width instead of wstride
Mar  5 18:25:39 localhost kernel: [   21.127411] [VPF ops]:[L1197][F0] vpf_fill_frame_info: L0 use height instead of vstride
Mar  5 18:25:39 localhost kernel: [   21.127416] [VPF ops]:[L1193][F1] vpf_fill_frame_info: L0 use width instead of wstride
Mar  5 18:25:39 localhost kernel: [   21.127419] [VPF ops]:[L1197][F1] vpf_fill_frame_info: L0 use height instead of vstride
Mar  5 18:25:39 localhost kernel: [   21.127423] [VPF ops]:[L1193][F2] vpf_fill_frame_info: L0 use width instead of wstride
Mar  5 18:25:39 localhost kernel: [   21.127427] [VPF ops]:[L1197][F2] vpf_fill_frame_info: L0 use height instead of vstride
Mar  5 18:25:39 localhost kernel: [   21.127431] [VPF ops]:[L1193][F3] vpf_fill_frame_info: L0 use width instead of wstride
Mar  5 18:25:39 localhost kernel: [   21.127434] [VPF ops]:[L1197][F3] vpf_fill_frame_info: L0 use height instead of vstride
Mar  5 18:25:39 localhost kernel: [   21.127438] [VPF ops]:[L1193][F4] vpf_fill_frame_info: L0 use width instead of wstride
Mar  5 18:25:39 localhost kernel: [   21.127442] [VPF ops]:[L1197][F4] vpf_fill_frame_info: L0 use height instead of vstride
Mar  5 18:25:39 localhost kernel: [   21.127446] [VPF ops]:[L1193][F5] vpf_fill_frame_info: L0 use width instead of wstride
Mar  5 18:25:39 localhost kernel: [   21.127449] [VPF ops]:[L1197][F5] vpf_fill_frame_info: L0 use height instead of vstride
Mar  5 18:25:39 localhost kernel: [   21.127453] [VPF ops]:[L1193][F6] vpf_fill_frame_info: L0 use width instead of wstride
Mar  5 18:25:39 localhost kernel: [   21.127456] [VPF ops]:[L1197][F6] vpf_fill_frame_info: L0 use height instead of vstride
Mar  5 18:25:39 localhost kernel: [   21.127460] [VPF ops]:[L1193][F7] vpf_fill_frame_info: L0 use width instead of wstride
Mar  5 18:25:39 localhost kernel: [   21.127464] [VPF ops]:[L1197][F7] vpf_fill_frame_info: L0 use height instead of vstride
Mar  5 18:25:39 localhost kernel: [   21.127467] [VPF ops]:[L1193][F8] vpf_fill_frame_info: L0 use width instead of wstride
Mar  5 18:25:39 localhost kernel: [   21.127471] [VPF ops]:[L1197][F8] vpf_fill_frame_info: L0 use height instead of vstride
Mar  5 18:25:39 localhost kernel: [   21.127475] [VPF ops]:[L1193][F9] vpf_fill_frame_info: L0 use width instead of wstride
Mar  5 18:25:39 localhost kernel: [   21.127478] [VPF ops]:[L1197][F9] vpf_fill_frame_info: L0 use height instead of vstride
Mar  5 18:25:39 localhost kernel: [   21.127482] [VPF ops]:[L1193][F10] vpf_fill_frame_info: L0 use width instead of wstride
Mar  5 18:25:39 localhost kernel: [   21.127486] [VPF ops]:[L1197][F10] vpf_fill_frame_info: L0 use height instead of vstride
Mar  5 18:25:39 localhost kernel: [   21.127490] [VPF ops]:[L1193][F11] vpf_fill_frame_info: L0 use width instead of wstride
Mar  5 18:25:39 localhost kernel: [   21.127494] [VPF ops]:[L1197][F11] vpf_fill_frame_info: L0 use height instead of vstride
Mar  5 18:25:39 localhost kernel: [   21.127498] [VPF ops]:[L1193][F12] vpf_fill_frame_info: L0 use width instead of wstride
Mar  5 18:25:39 localhost kernel: [   21.127501] [VPF ops]:[L1197][F12] vpf_fill_frame_info: L0 use height instead of vstride
Mar  5 18:25:39 localhost kernel: [   21.127505] [VPF ops]:[L1193][F13] vpf_fill_frame_info: L0 use width instead of wstride
Mar  5 18:25:39 localhost kernel: [   21.127509] [VPF ops]:[L1197][F13] vpf_fill_frame_info: L0 use height instead of vstride
Mar  5 18:25:39 localhost kernel: [   21.127513] [VPF ops]:[L1193][F14] vpf_fill_frame_info: L0 use width instead of wstride
Mar  5 18:25:39 localhost kernel: [   21.127516] [VPF ops]:[L1197][F14] vpf_fill_frame_info: L0 use height instead of vstride
Mar  5 18:25:39 localhost kernel: [   21.127520] [VPF ops]:[L1193][F15] vpf_fill_frame_info: L0 use width instead of wstride
Mar  5 18:25:39 localhost kernel: [   21.127524] [VPF ops]:[L1197][F15] vpf_fill_frame_info: L0 use height instead of vstride
Mar  5 18:25:39 localhost kernel: [   21.127528] [VPF ops]:[L1325][vin2_src][C0] vpf_request_frames: reqbuf number 16
Mar  5 18:25:39 localhost kernel: [   21.127533] [VPF ops]:[L850][vin2_src][C0] vpf_video_set_ichn_attr: done
Mar  5 18:25:39 localhost kernel: [   21.127566] [VPF ops]:[L1079][vin2_src][C0] vpf_video_get_struct_size: done
Mar  5 18:25:39 localhost kernel: [   21.127723] [L236][S0] ochn0 auto calc vstride 1280
Mar  5 18:25:39 localhost kernel: [   21.127732] [L160]vin_basic_attr->format:43
Mar  5 18:25:39 localhost kernel: [   21.127738] [L425][S0][ipi0][ochn0]cim_set_ochn_attr done
Mar  5 18:25:39 localhost kernel: [   21.127742] [CIM]:[L340][S0]cim_video_set_ochn_attr done ret val:0
Mar  5 18:25:39 localhost kernel: [   21.127746] [L652][S0]vin_node_set_ochn_attr done
Mar  5 18:25:39 localhost kernel: [   21.127749] [VIN_NODE]:[L364][C0]vin_node_video_set_ochn_attr done
Mar  5 18:25:39 localhost kernel: [   21.127754] [L975]VNODE_ID_CAP wstride 2176
Mar  5 18:25:39 localhost kernel: [   21.127757] [L977]VNODE_ID_CAP vstride 1280
Mar  5 18:25:39 localhost kernel: [   21.127760] [L981]vstride 1280  planecount 1 
Mar  5 18:25:39 localhost kernel: [   21.127763] [L1023][S0] vin_node_reqbufs done bit_map 0x1 planecount 1 
Mar  5 18:25:39 localhost kernel: [   21.127767] [VIN_NODE]:[L743][C0]vin_node_video_reqbufs done
Mar  5 18:25:39 localhost kernel: [   21.127781] [VPF ops]:[L1325][vin2_cap][C0] vpf_request_frames: reqbuf number 16
Mar  5 18:25:39 localhost kernel: [   21.127787] [VPF ops]:[L978][vin2_cap][C0] vpf_video_set_ochn_attr: done
Mar  5 18:25:39 localhost kernel: [   21.127820] [VPF ops]:[L1079][vin2_src][C0] vpf_video_get_struct_size: done
Mar  5 18:25:39 localhost kernel: [   21.127843] vin mipi2: snrclk set freq cmd
Mar  5 18:25:39 localhost kernel: [   21.127859] vin mipi2: sensor2_mclk set 24000000 as 24000000
Mar  5 18:25:39 localhost kernel: [   21.127864] vin mipi2: snrclk set en cmd
Mar  5 18:25:39 localhost kernel: [   21.127867] vin mipi2: snrclk set enable
Mar  5 18:25:39 localhost kernel: [   21.127885] [L517][S0]vin_node_set_attr_ex done
Mar  5 18:25:39 localhost kernel: [   21.127889] [VIN_NODE]:[L324][C0]vin_node_video_set_attr_ex done
Mar  5 18:25:39 localhost kernel: [   21.127893] [VPF ops]:[L763][vin2_src][C0] vpf_video_set_attr_ex: done
Mar  5 18:25:39 localhost kernel: [   21.127898] [L517][S0]vin_node_set_attr_ex done
Mar  5 18:25:39 localhost kernel: [   21.127901] [VIN_NODE]:[L324][C0]vin_node_video_set_attr_ex done
Mar  5 18:25:39 localhost kernel: [   21.127905] [VPF ops]:[L763][vin2_cap][C0] vpf_video_set_attr_ex: done
Mar  5 18:25:39 localhost kernel: [   21.128055] [L975]VNODE_ID_CAP wstride 2176
Mar  5 18:25:39 localhost kernel: [   21.128062] [L977]VNODE_ID_CAP vstride 1280
Mar  5 18:25:39 localhost kernel: [   21.128065] [L981]vstride 1280  planecount 1 
Mar  5 18:25:39 localhost kernel: [   21.128069] [L1023][S0] vin_node_reqbufs done bit_map 0x1 planecount 1 
Mar  5 18:25:39 localhost kernel: [   21.128073] [VIN_NODE]:[L743][C0]vin_node_video_reqbufs done
Mar  5 18:25:39 localhost kernel: [   21.128084] [VPF ops]:[L1325][vin2_cap][C0] vpf_request_frames: reqbuf number 3
Mar  5 18:25:39 localhost kernel: [   21.128201] [VPF ops]:[L1464][vin2_cap][C0] vpf_video_reqbufs: done
Mar  5 18:25:39 localhost kernel: [   21.194920] [VPF ops]:[L2066][vin2_cap][C0] vpf_video_querybuf: done
Mar  5 18:25:39 localhost kernel: [   21.195211] [VPF ops]:[L2066][vin2_cap][C0] vpf_video_querybuf: done
Mar  5 18:25:39 localhost kernel: [   21.195322] [VPF ops]:[L2066][vin2_cap][C0] vpf_video_querybuf: done
Mar  5 18:25:39 localhost kernel: [   21.195485] [VPF ops]:[L2575][vs-isp0_src] vpf_device_open: done
Mar  5 18:25:39 localhost kernel: [   21.195506] [VPF ops]:[L2575][vs-isp0_src_pd] vpf_device_open: done
Mar  5 18:25:39 localhost kernel: [   21.196802] [VPF ops]:[L2575][vs-isp0_cap] vpf_device_open: done
Mar  5 18:25:39 localhost kernel: [   21.196835] [VPF ops]:[L2575][vs-isp0_cap_raw] vpf_device_open: done
Mar  5 18:25:39 localhost kernel: [   21.196846] [VPF ops]:[L439][vs-isp0_src][C0] vpf_vctx_bind_vdev: done, ctx_index(0) refcount(1)
Mar  5 18:25:39 localhost kernel: [   21.196854] [VPF ops]:[L1875][vs-isp0_src][C0] vpf_video_bind_context: done
Mar  5 18:25:39 localhost kernel: [   21.196861] [VPF ops]:[L439][vs-isp0_src_pd][C0] vpf_vctx_bind_vdev: done, ctx_index(0) refcount(1)
Mar  5 18:25:39 localhost kernel: [   21.196866] [VPF ops]:[L1875][vs-isp0_src_pd][C0] vpf_video_bind_context: done
Mar  5 18:25:39 localhost kernel: [   21.196872] [VPF ops]:[L439][vs-isp0_cap][C0] vpf_vctx_bind_vdev: done, ctx_index(0) refcount(1)
Mar  5 18:25:39 localhost kernel: [   21.196876] [VPF ops]:[L1875][vs-isp0_cap][C0] vpf_video_bind_context: done
Mar  5 18:25:39 localhost kernel: [   21.196881] [VPF ops]:[L439][vs-isp0_cap_raw][C0] vpf_vctx_bind_vdev: done, ctx_index(0) refcount(1)
Mar  5 18:25:39 localhost kernel: [   21.196886] [VPF ops]:[L1875][vs-isp0_cap_raw][C0] vpf_video_bind_context: done
Mar  5 18:25:39 localhost kernel: [   21.196899] [VPF ops]:[L1079][vs-isp0_src][C0] vpf_video_get_struct_size: done
Mar  5 18:25:39 localhost kernel: [   21.196908] [VPF ops]:[L689][vs-isp0_cap][C0] vpf_video_set_init_attr: done
Mar  5 18:25:39 localhost kernel: [   21.214713] [VIO node]:[L104][isp0] vio_group_task_start: sched_mode 1
Mar  5 18:25:39 localhost kernel: [   21.214733] [VPF ops]:[L689][vs-isp0_src][C0] vpf_video_set_init_attr: done
Mar  5 18:25:39 localhost kernel: [   21.214751] [VPF ops]:[L689][vs-isp0_src_pd][C0] vpf_video_set_init_attr: done
Mar  5 18:25:39 localhost kernel: [   21.214758] [VPF ops]:[L689][vs-isp0_cap_raw][C0] vpf_video_set_init_attr: done
Mar  5 18:25:39 localhost kernel: [   21.214771] [VPF ops]:[L1079][vs-isp0_src][C0] vpf_video_get_struct_size: done
Mar  5 18:25:39 localhost kernel: [   21.214785] isp_set_ochn_attr format=6,width=1088,stride=1088,height=1280
Mar  5 18:25:39 localhost kernel: [   21.215112] isp_video_reqbufs done bit_map 0x1 planecount 2 vctx->id:8
Mar  5 18:25:39 localhost kernel: [   21.215138] [VPF ops]:[L1325][vs-isp0_cap][C0] vpf_request_frames: reqbuf number 16
Mar  5 18:25:39 localhost kernel: [   21.215145] [VPF ops]:[L978][vs-isp0_cap][C0] vpf_video_set_ochn_attr: done
Mar  5 18:25:39 localhost kernel: [   21.215168] [VPF ops]:[L1079][vs-isp0_src][C0] vpf_video_get_struct_size: done
Mar  5 18:25:39 localhost kernel: [   21.215177] isp_video_set_ichn_attr format=2,width=1088,stride=2176,height=1280,hdr_en=0
Mar  5 18:25:39 localhost kernel: [   21.215259] isp_video_reqbufs done bit_map 0x1 planecount 1 vctx->id:0
Mar  5 18:25:39 localhost kernel: [   21.215281] [VPF ops]:[L1325][vs-isp0_src][C0] vpf_request_frames: reqbuf number 16
Mar  5 18:25:39 localhost kernel: [   21.215287] [VPF ops]:[L850][vs-isp0_src][C0] vpf_video_set_ichn_attr: done
Mar  5 18:25:39 localhost kernel: [   21.215299] isp_video_reqbufs done bit_map 0x1 planecount 2 vctx->id:8
Mar  5 18:25:39 localhost kernel: [   21.215312] [VPF ops]:[L1325][vs-isp0_cap][C0] vpf_request_frames: reqbuf number 3
Mar  5 18:25:39 localhost kernel: [   21.215423] [VPF ops]:[L1464][vs-isp0_cap][C0] vpf_video_reqbufs: done
Mar  5 18:25:39 localhost kernel: [   21.215445] [VPF ops]:[L2066][vs-isp0_cap][C0] vpf_video_querybuf: done
Mar  5 18:25:39 localhost kernel: [   21.215710] [VPF ops]:[L2066][vs-isp0_cap][C0] vpf_video_querybuf: done
Mar  5 18:25:39 localhost kernel: [   21.215787] [VPF ops]:[L2066][vs-isp0_cap][C0] vpf_video_querybuf: done
Mar  5 18:25:39 localhost kernel: [   21.216479] [VPF ops]:[L2575][flow] vpf_device_open: done
Mar  5 18:25:39 localhost kernel: [   21.216505] [VPF ops]:[L1031][flow][C0] vpf_video_get_version: done
Mar  5 18:25:39 localhost kernel: [   21.216552] [VPF ops]:[L360][S0] vpf_bind_chain: bind done
Mar  5 18:25:39 localhost kernel: [   21.216567] [VPF ops]:[L2223][flow][C0] vpf_video_bind_pipeline: done
Mar  5 18:25:39 localhost kernel: [   21.216621] [VPF ops]:[L1685][vin2_src][S0][C0] vpf_chain_add_vnode: done
Mar  5 18:25:39 localhost kernel: [   21.216627] [VPF ops]:[L1825][vin2_src][C0] vpf_video_add_vnode: done
Mar  5 18:25:39 localhost kernel: [   21.216644] [VPF ops]:[L1685][vs-isp0_src][S0][C0] vpf_chain_add_vnode: done
Mar  5 18:25:39 localhost kernel: [   21.216648] [VPF ops]:[L1825][vs-isp0_src][C0] vpf_video_add_vnode: done
Mar  5 18:25:39 localhost kernel: [   21.216956] [CIM]:[L419][S0]cim_video_get_attr done ret val:0
Mar  5 18:25:39 localhost kernel: [   21.216970] vin vcon2: get attr valid bus7 rx2 done
Mar  5 18:25:39 localhost kernel: [   21.216975] [L306][S0]vin_node_get_attr done
Mar  5 18:25:39 localhost kernel: [   21.216981] [VIN_NODE]:[L286][C0]vin_node_video_get_attr done
Mar  5 18:25:40 localhost kernel: [   21.217493] vin sensor0: camera_init_req cmd: initing
Mar  5 18:25:40 localhost kernel: [   21.482905] vin sensor0: sc132gs open i2c7@0x32
Mar  5 18:25:40 localhost kernel: [   21.482926] vin sensor0: camera_tuning_update_param done
Mar  5 18:25:40 localhost kernel: [   21.483280] vin sensor0: ctrl_mode set to user
Mar  5 18:25:40 localhost kernel: [   21.483334] vin sensor0: camera_init_result cmd: done wake
Mar  5 18:25:40 localhost kernel: [   21.483369] vin sensor0: sensor_evu_do: default to wait
Mar  5 18:25:40 localhost kernel: [   21.483406] vin sensor0: camera_set_intrinsic_param port 0 done
Mar  5 18:25:40 localhost kernel: [   21.483529] vin sensor0: sensor_attach flow0 ctx0 to sensor0 sc132gs
Mar  5 18:25:40 localhost kernel: [   21.483537] vin vcon2: flow0.ctx0 attach sensor0 done
Mar  5 18:25:40 localhost kernel: [   21.483542] vin vcon2: set internal attr attach done
Mar  5 18:25:40 localhost kernel: [   21.483557] vin mipi2: init cmd: 0 real
Mar  5 18:25:40 localhost kernel: [   21.483566] vin mipi2: 1 lane 1088x1280 30fps datatype 0x2b
Mar  5 18:25:40 localhost kernel: [   21.483572] vin mipi2: snrclk set disable
Mar  5 18:25:40 localhost kernel: [   21.483595] vin mipi2: ipiclk limit 21000000 up to 600000000
Mar  5 18:25:40 localhost kernel: [   21.483611] vin mipi2: ipiclk set 600000000 get 600000000
Mar  5 18:25:40 localhost kernel: [   21.483616] vin mipi2: dphy 1200Mbps/1lane: ppi 8bit settle 20
Mar  5 18:25:40 localhost kernel: [   21.516877] vin mipi2: linelenth: 1400, framelenth: 1500, fps: 30, ipiclk: 600000000, rx_bit_clk: 1200000000
Mar  5 18:25:40 localhost kernel: [   21.516900] vin mipi2: ipi config hsa: 4, hbp: 4, hsd: 42
Mar  5 18:25:40 localhost kernel: [   21.516907] vin mipi2: config 1/1 ipi done
Mar  5 18:25:40 localhost kernel: [   21.516912] vin mipi2: check phy stop state
Mar  5 18:25:40 localhost kernel: [   21.519923] [L587][S0]vin_node_set_internal_attr done
Mar  5 18:25:40 localhost kernel: [   21.519928] [VIN_NODE]:[L514][C0]vin_node_video_set_internal_attr done
Mar  5 18:25:40 localhost kernel: [   21.519936] [L1023][S0] vin_node_reqbufs done bit_map 0x1 planecount 1 
Mar  5 18:25:40 localhost kernel: [   21.519940] [VIN_NODE]:[L743][C0]vin_node_video_reqbufs done
Mar  5 18:25:40 localhost kernel: [   21.519945] [VPF ops]:[L1005][vin2_src][C0] vpf_video_set_inter_attr: done
Mar  5 18:25:40 localhost kernel: [   21.519973] isp_video_set_inter_attr flow_id = 0, sensor_name = sc132gs, sensor_cali_name = /app/BestMow/startup_script/sensor_config/darktime/sc132gs_tuning_left.json
Mar  5 18:25:40 localhost kernel: [   21.564355] [VPF mgr]:[L478]empty_camsys_reset: empty function
Mar  5 18:25:40 localhost kernel: [   21.564374] [L1228]cim_open open_cnt :1
Mar  5 18:25:40 localhost kernel: [   21.564378] [CIM]:[L192][S0]cim_video_open done ret val:0
Mar  5 18:25:40 localhost kernel: [   21.564382] [L1227][S0]vin_node_open done
Mar  5 18:25:40 localhost kernel: [   21.564387] [VIN_NODE]:[L694][C0]vin_node_video_open done
Mar  5 18:25:40 localhost kernel: [   21.564390] [VPF ops]:[L2575][vin0_src] vpf_device_open: done
Mar  5 18:25:40 localhost kernel: [   21.564406] [L1228]cim_open open_cnt :2
Mar  5 18:25:40 localhost kernel: [   21.564409] [CIM]:[L192][S0]cim_video_open done ret val:0
Mar  5 18:25:40 localhost kernel: [   21.564413] [L1227][S0]vin_node_open done
Mar  5 18:25:40 localhost kernel: [   21.564416] [VIN_NODE]:[L694][C0]vin_node_video_open done
Mar  5 18:25:40 localhost kernel: [   21.564419] [VPF ops]:[L2575][vin0_cap] vpf_device_open: done
Mar  5 18:25:40 localhost kernel: [   21.564432] [L1228]cim_open open_cnt :3
Mar  5 18:25:40 localhost kernel: [   21.564436] [CIM]:[L192][S0]cim_video_open done ret val:0
Mar  5 18:25:40 localhost kernel: [   21.564439] [L1227][S0]vin_node_open done
Mar  5 18:25:40 localhost kernel: [   21.564443] [VIN_NODE]:[L694][C0]vin_node_video_open done
Mar  5 18:25:40 localhost kernel: [   21.564447] [VPF ops]:[L2575][vin0_emb] vpf_device_open: done
Mar  5 18:25:40 localhost kernel: [   21.564458] [L1228]cim_open open_cnt :4
Mar  5 18:25:40 localhost kernel: [   21.564461] [CIM]:[L192][S0]cim_video_open done ret val:0
Mar  5 18:25:40 localhost kernel: [   21.564465] [L1227][S0]vin_node_open done
Mar  5 18:25:40 localhost kernel: [   21.564468] [VIN_NODE]:[L694][C0]vin_node_video_open done
Mar  5 18:25:40 localhost kernel: [   21.564471] [VPF ops]:[L2575][vin0_pdaf] vpf_device_open: done
Mar  5 18:25:40 localhost kernel: [   21.564481] [VPF ops]:[L439][vin0_src][C0] vpf_vctx_bind_vdev: done, ctx_index(0) refcount(1)
Mar  5 18:25:40 localhost kernel: [   21.564489] [VPF ops]:[L1875][vin0_src][C0] vpf_video_bind_context: done
Mar  5 18:25:40 localhost kernel: [   21.564495] [VPF ops]:[L439][vin0_cap][C0] vpf_vctx_bind_vdev: done, ctx_index(0) refcount(1)
Mar  5 18:25:40 localhost kernel: [   21.564499] [VPF ops]:[L1875][vin0_cap][C0] vpf_video_bind_context: done
Mar  5 18:25:40 localhost kernel: [   21.564505] [VPF ops]:[L439][vin0_emb][C0] vpf_vctx_bind_vdev: done, ctx_index(0) refcount(1)
Mar  5 18:25:40 localhost kernel: [   21.564509] [VPF ops]:[L1875][vin0_emb][C0] vpf_video_bind_context: done
Mar  5 18:25:40 localhost kernel: [   21.564514] [VPF ops]:[L439][vin0_pdaf][C0] vpf_vctx_bind_vdev: done, ctx_index(0) refcount(1)
Mar  5 18:25:40 localhost kernel: [   21.564518] [VPF ops]:[L1875][vin0_pdaf][C0] vpf_video_bind_context: done
Mar  5 18:25:40 localhost kernel: [   21.564524] [VIN_NODE]:[L38]The vin node driver version is v1.1
Mar  5 18:25:40 localhost kernel: [   21.564527] [VPF ops]:[L1031][vin0_src][C0] vpf_video_get_version: done
Mar  5 18:25:40 localhost kernel: [   21.564538] [VPF ops]:[L1079][vin0_src][C0] vpf_video_get_struct_size: done
Mar  5 18:25:40 localhost kernel: [   21.564547] [CIM]:[L247][C0]cim_video_set_attr done ret val:0
Mar  5 18:25:40 localhost kernel: [   21.564551] [L423][C0] vin_node_set_attr ipi 0 done
Mar  5 18:25:40 localhost kernel: [   21.564555] [VIN_NODE]:[L239][C0]vin_node_video_set_attr done
Mar  5 18:25:40 localhost kernel: [   21.564558] [VPF ops]:[L689][vin0_cap][C0] vpf_video_set_init_attr: done
Mar  5 18:25:40 localhost kernel: [   21.564567] vin vcon0: vcon0 open 0: flow65535 ctx0 real
Mar  5 18:25:40 localhost kernel: [   21.564572] [L624][S65535][C0][ipi0]cim_subdev_init hw_id = 0
Mar  5 18:25:40 localhost kernel: [   21.564577] [CIM]:[L247][C0]cim_video_set_attr done ret val:0
Mar  5 18:25:40 localhost kernel: [   21.564625] vin vcon0: get attr valid bus7 rx0 done
Mar  5 18:25:40 localhost kernel: [   21.564633] [L423][C0] vin_node_set_attr ipi 0 done
Mar  5 18:25:40 localhost kernel: [   21.564636] [VIN_NODE]:[L239][C0]vin_node_video_set_attr done
Mar  5 18:25:40 localhost kernel: [   21.564641] [VIO node]:[L104][vin0] vio_group_task_start: sched_mode 1
Mar  5 18:25:40 localhost kernel: [   21.564645] [VPF ops]:[L689][vin0_src][C0] vpf_video_set_init_attr: done
Mar  5 18:25:40 localhost kernel: [   21.564652] [CIM]:[L247][C0]cim_video_set_attr done ret val:0
Mar  5 18:25:40 localhost kernel: [   21.564656] [L423][C0] vin_node_set_attr ipi 0 done
Mar  5 18:25:40 localhost kernel: [   21.564659] [VIN_NODE]:[L239][C0]vin_node_video_set_attr done
Mar  5 18:25:40 localhost kernel: [   21.564663] [VPF ops]:[L689][vin0_emb][C0] vpf_video_set_init_attr: done
Mar  5 18:25:40 localhost kernel: [   21.564668] [CIM]:[L247][C0]cim_video_set_attr done ret val:0
Mar  5 18:25:40 localhost kernel: [   21.564672] [L423][C0] vin_node_set_attr ipi 0 done
Mar  5 18:25:40 localhost kernel: [   21.564675] [VIN_NODE]:[L239][C0]vin_node_video_set_attr done
Mar  5 18:25:40 localhost kernel: [   21.564679] [VPF ops]:[L689][vin0_pdaf][C0] vpf_video_set_init_attr: done
Mar  5 18:25:40 localhost kernel: [   21.564686] [VPF ops]:[L1079][vin0_src][C0] vpf_video_get_struct_size: done
Mar  5 18:25:40 localhost kernel: [   21.564693] [L709][S65535] vin_node_set_ichn_attr begin format 30 width 640 
Mar  5 18:25:40 localhost kernel: [   21.564700] [L527][S0][ipi0]cim_set_ichn_attr done
Mar  5 18:25:40 localhost kernel: [   21.564704] [CIM]:[L309][S0]cim_video_set_ichn_attr done ret val:0
Mar  5 18:25:40 localhost kernel: [   21.564708] [L724][S0]vin_node_set_ichn_attr done
Mar  5 18:25:40 localhost kernel: [   21.564712] [VIN_NODE]:[L427][C0]vin_node_video_set_ichn_attr done
Mar  5 18:25:40 localhost kernel: [   21.564717] [L1023][S0] vin_node_reqbufs done bit_map 0x1 planecount 0 
Mar  5 18:25:40 localhost kernel: [   21.564722] [VIN_NODE]:[L743][C0]vin_node_video_reqbufs done
Mar  5 18:25:40 localhost kernel: [   21.564740] [VPF ops]:[L1193][F0] vpf_fill_frame_info: L0 use width instead of wstride
Mar  5 18:25:40 localhost kernel: [   21.564745] [VPF ops]:[L1197][F0] vpf_fill_frame_info: L0 use height instead of vstride
Mar  5 18:25:40 localhost kernel: [   21.564749] [VPF ops]:[L1193][F1] vpf_fill_frame_info: L0 use width instead of wstride
Mar  5 18:25:40 localhost kernel: [   21.564753] [VPF ops]:[L1197][F1] vpf_fill_frame_info: L0 use height instead of vstride
Mar  5 18:25:40 localhost kernel: [   21.564757] [VPF ops]:[L1193][F2] vpf_fill_frame_info: L0 use width instead of wstride
Mar  5 18:25:40 localhost kernel: [   21.564760] [VPF ops]:[L1197][F2] vpf_fill_frame_info: L0 use height instead of vstride
Mar  5 18:25:40 localhost kernel: [   21.564764] [VPF ops]:[L1193][F3] vpf_fill_frame_info: L0 use width instead of wstride
Mar  5 18:25:40 localhost kernel: [   21.564768] [VPF ops]:[L1197][F3] vpf_fill_frame_info: L0 use height instead of vstride
Mar  5 18:25:40 localhost kernel: [   21.564771] [VPF ops]:[L1193][F4] vpf_fill_frame_info: L0 use width instead of wstride
Mar  5 18:25:40 localhost kernel: [   21.564775] [VPF ops]:[L1197][F4] vpf_fill_frame_info: L0 use height instead of vstride
Mar  5 18:25:40 localhost kernel: [   21.564779] [VPF ops]:[L1193][F5] vpf_fill_frame_info: L0 use width instead of wstride
Mar  5 18:25:40 localhost kernel: [   21.564782] [VPF ops]:[L1197][F5] vpf_fill_frame_info: L0 use height instead of vstride
Mar  5 18:25:40 localhost kernel: [   21.564786] [VPF ops]:[L1193][F6] vpf_fill_frame_info: L0 use width instead of wstride
Mar  5 18:25:40 localhost kernel: [   21.564789] [VPF ops]:[L1197][F6] vpf_fill_frame_info: L0 use height instead of vstride
Mar  5 18:25:40 localhost kernel: [   21.564793] [VPF ops]:[L1193][F7] vpf_fill_frame_info: L0 use width instead of wstride
Mar  5 18:25:40 localhost kernel: [   21.564797] [VPF ops]:[L1197][F7] vpf_fill_frame_info: L0 use height instead of vstride
Mar  5 18:25:40 localhost kernel: [   21.564800] [VPF ops]:[L1193][F8] vpf_fill_frame_info: L0 use width instead of wstride
Mar  5 18:25:40 localhost kernel: [   21.564804] [VPF ops]:[L1197][F8] vpf_fill_frame_info: L0 use height instead of vstride
Mar  5 18:25:40 localhost kernel: [   21.564807] [VPF ops]:[L1193][F9] vpf_fill_frame_info: L0 use width instead of wstride
Mar  5 18:25:40 localhost kernel: [   21.564811] [VPF ops]:[L1197][F9] vpf_fill_frame_info: L0 use height instead of vstride
Mar  5 18:25:40 localhost kernel: [   21.564814] [VPF ops]:[L1193][F10] vpf_fill_frame_info: L0 use width instead of wstride
Mar  5 18:25:40 localhost kernel: [   21.564818] [VPF ops]:[L1197][F10] vpf_fill_frame_info: L0 use height instead of vstride
Mar  5 18:25:40 localhost kernel: [   21.564822] [VPF ops]:[L1193][F11] vpf_fill_frame_info: L0 use width instead of wstride
Mar  5 18:25:40 localhost kernel: [   21.564825] [VPF ops]:[L1197][F11] vpf_fill_frame_info: L0 use height instead of vstride
Mar  5 18:25:40 localhost kernel: [   21.564829] [VPF ops]:[L1193][F12] vpf_fill_frame_info: L0 use width instead of wstride
Mar  5 18:25:40 localhost kernel: [   21.564833] [VPF ops]:[L1197][F12] vpf_fill_frame_info: L0 use height instead of vstride
Mar  5 18:25:40 localhost kernel: [   21.564836] [VPF ops]:[L1193][F13] vpf_fill_frame_info: L0 use width instead of wstride
Mar  5 18:25:40 localhost kernel: [   21.564840] [VPF ops]:[L1197][F13] vpf_fill_frame_info: L0 use height instead of vstride
Mar  5 18:25:40 localhost kernel: [   21.564844] [VPF ops]:[L1193][F14] vpf_fill_frame_info: L0 use width instead of wstride
Mar  5 18:25:40 localhost kernel: [   21.564847] [VPF ops]:[L1197][F14] vpf_fill_frame_info: L0 use height instead of vstride
Mar  5 18:25:40 localhost kernel: [   21.564851] [VPF ops]:[L1193][F15] vpf_fill_frame_info: L0 use width instead of wstride
Mar  5 18:25:40 localhost kernel: [   21.564854] [VPF ops]:[L1197][F15] vpf_fill_frame_info: L0 use height instead of vstride
Mar  5 18:25:40 localhost kernel: [   21.564858] [VPF ops]:[L1325][vin0_src][C0] vpf_request_frames: reqbuf number 16
Mar  5 18:25:40 localhost kernel: [   21.564864] [VPF ops]:[L850][vin0_src][C0] vpf_video_set_ichn_attr: done
Mar  5 18:25:40 localhost kernel: [   21.564872] [VPF ops]:[L1079][vin0_src][C0] vpf_video_get_struct_size: done
Mar  5 18:25:40 localhost kernel: [   21.564880] [L236][S0] ochn0 auto calc vstride 480
Mar  5 18:25:40 localhost kernel: [   21.564884] [L160]vin_basic_attr->format:30
Mar  5 18:25:40 localhost kernel: [   21.564889] [L425][S0][ipi0][ochn0]cim_set_ochn_attr done
Mar  5 18:25:40 localhost kernel: [   21.564893] [CIM]:[L340][S0]cim_video_set_ochn_attr done ret val:0
Mar  5 18:25:40 localhost kernel: [   21.564896] [L652][S0]vin_node_set_ochn_attr done
Mar  5 18:25:40 localhost kernel: [   21.564900] [VIN_NODE]:[L364][C0]vin_node_video_set_ochn_attr done
Mar  5 18:25:40 localhost kernel: [   21.564904] [L975]VNODE_ID_CAP wstride 1280
Mar  5 18:25:40 localhost kernel: [   21.564907] [L977]VNODE_ID_CAP vstride 480
Mar  5 18:25:40 localhost kernel: [   21.564910] [L981]vstride 480  planecount 1 
Mar  5 18:25:40 localhost kernel: [   21.564913] [L1023][S0] vin_node_reqbufs done bit_map 0x1 planecount 1 
Mar  5 18:25:40 localhost kernel: [   21.564917] [VIN_NODE]:[L743][C0]vin_node_video_reqbufs done
Mar  5 18:25:40 localhost kernel: [   21.564928] [VPF ops]:[L1325][vin0_cap][C0] vpf_request_frames: reqbuf number 16
Mar  5 18:25:40 localhost kernel: [   21.564932] [VPF ops]:[L978][vin0_cap][C0] vpf_video_set_ochn_attr: done
Mar  5 18:25:40 localhost kernel: [   21.564939] [VPF ops]:[L1079][vin0_src][C0] vpf_video_get_struct_size: done
Mar  5 18:25:40 localhost kernel: [   21.564952] vin mipi0: snrclk set freq cmd
Mar  5 18:25:40 localhost kernel: [   21.564966] vin mipi0: sensor0_mclk set 24000000 as 24000000
Mar  5 18:25:40 localhost kernel: [   21.564971] vin mipi0: snrclk set en cmd
Mar  5 18:25:40 localhost kernel: [   21.564975] vin mipi0: snrclk set enable
Mar  5 18:25:40 localhost kernel: [   21.564993] [L517][S0]vin_node_set_attr_ex done
Mar  5 18:25:40 localhost kernel: [   21.564997] [VIN_NODE]:[L324][C0]vin_node_video_set_attr_ex done
Mar  5 18:25:40 localhost kernel: [   21.565001] [VPF ops]:[L763][vin0_src][C0] vpf_video_set_attr_ex: done
Mar  5 18:25:40 localhost kernel: [   21.565006] [L517][S0]vin_node_set_attr_ex done
Mar  5 18:25:40 localhost kernel: [   21.565009] [VIN_NODE]:[L324][C0]vin_node_video_set_attr_ex done
Mar  5 18:25:40 localhost kernel: [   21.565013] [VPF ops]:[L763][vin0_cap][C0] vpf_video_set_attr_ex: done
Mar  5 18:25:40 localhost kernel: [   21.565020] [L975]VNODE_ID_CAP wstride 1280
Mar  5 18:25:40 localhost kernel: [   21.565023] [L977]VNODE_ID_CAP vstride 480
Mar  5 18:25:40 localhost kernel: [   21.565025] [L981]vstride 480  planecount 1 
Mar  5 18:25:40 localhost kernel: [   21.565029] [L1023][S0] vin_node_reqbufs done bit_map 0x1 planecount 1 
Mar  5 18:25:40 localhost kernel: [   21.565033] [VIN_NODE]:[L743][C0]vin_node_video_reqbufs done
Mar  5 18:25:40 localhost kernel: [   21.565046] [VPF ops]:[L1325][vin0_cap][C0] vpf_request_frames: reqbuf number 3
Mar  5 18:25:40 localhost kernel: [   21.565197] [VPF ops]:[L1464][vin0_cap][C0] vpf_video_reqbufs: done
Mar  5 18:25:40 localhost kernel: [   21.565214] [VPF ops]:[L2066][vin0_cap][C0] vpf_video_querybuf: done
Mar  5 18:25:40 localhost kernel: [   21.565356] [VPF ops]:[L2066][vin0_cap][C0] vpf_video_querybuf: done
Mar  5 18:25:40 localhost kernel: [   21.565426] [VPF ops]:[L2066][vin0_cap][C0] vpf_video_querybuf: done
Mar  5 18:25:40 localhost kernel: [   21.565562] [VPF ops]:[L2575][flow] vpf_device_open: done
Mar  5 18:25:40 localhost kernel: [   21.565574] [VPF ops]:[L1031][flow][C0] vpf_video_get_version: done
Mar  5 18:25:40 localhost kernel: [   21.565580] [VPF ops]:[L360][S1] vpf_bind_chain: bind done
Mar  5 18:25:40 localhost kernel: [   21.565593] [VPF ops]:[L2223][flow][C1] vpf_video_bind_pipeline: done
Mar  5 18:25:40 localhost kernel: [   21.565603] [VPF ops]:[L1685][vin0_src][S1][C0] vpf_chain_add_vnode: done
Mar  5 18:25:40 localhost kernel: [   21.565608] [VPF ops]:[L1825][vin0_src][C0] vpf_video_add_vnode: done
Mar  5 18:25:40 localhost kernel: [   21.565827] [CIM]:[L419][S0]cim_video_get_attr done ret val:0
Mar  5 18:25:40 localhost kernel: [   21.565837] vin vcon0: get attr valid bus7 rx0 done
Mar  5 18:25:40 localhost kernel: [   21.565841] [L306][S0]vin_node_get_attr done
Mar  5 18:25:40 localhost kernel: [   21.565846] [VIN_NODE]:[L286][C0]vin_node_video_get_attr done
Mar  5 18:25:40 localhost kernel: [   21.566240] vin sensor1: camera_init_req cmd: initing
Mar  5 18:25:40 localhost kernel: [   21.706592] [VPF mgr]:[L478]empty_camsys_reset: empty function
Mar  5 18:25:40 localhost kernel: [   21.706615] [L1228]cim_open open_cnt :1
Mar  5 18:25:40 localhost kernel: [   21.706620] [CIM]:[L192][S0]cim_video_open done ret val:0
Mar  5 18:25:40 localhost kernel: [   21.706624] [L1227][S0]vin_node_open done
Mar  5 18:25:40 localhost kernel: [   21.706629] [VIN_NODE]:[L694][C0]vin_node_video_open done
Mar  5 18:25:40 localhost kernel: [   21.706633] [VPF ops]:[L2575][vin1_src] vpf_device_open: done
Mar  5 18:25:40 localhost kernel: [   21.706652] [L1228]cim_open open_cnt :2
Mar  5 18:25:40 localhost kernel: [   21.706656] [CIM]:[L192][S0]cim_video_open done ret val:0
Mar  5 18:25:40 localhost kernel: [   21.706659] [L1227][S0]vin_node_open done
Mar  5 18:25:40 localhost kernel: [   21.706662] [VIN_NODE]:[L694][C0]vin_node_video_open done
Mar  5 18:25:40 localhost kernel: [   21.706666] [VPF ops]:[L2575][vin1_cap] vpf_device_open: done
Mar  5 18:25:40 localhost kernel: [   21.706678] [L1228]cim_open open_cnt :3
Mar  5 18:25:40 localhost kernel: [   21.706681] [CIM]:[L192][S0]cim_video_open done ret val:0
Mar  5 18:25:40 localhost kernel: [   21.706685] [L1227][S0]vin_node_open done
Mar  5 18:25:40 localhost kernel: [   21.706688] [VIN_NODE]:[L694][C0]vin_node_video_open done
Mar  5 18:25:40 localhost kernel: [   21.706691] [VPF ops]:[L2575][vin1_emb] vpf_device_open: done
Mar  5 18:25:40 localhost kernel: [   21.706705] [L1228]cim_open open_cnt :4
Mar  5 18:25:40 localhost kernel: [   21.706708] [CIM]:[L192][S0]cim_video_open done ret val:0
Mar  5 18:25:40 localhost kernel: [   21.706711] [L1227][S0]vin_node_open done
Mar  5 18:25:40 localhost kernel: [   21.706715] [VIN_NODE]:[L694][C0]vin_node_video_open done
Mar  5 18:25:40 localhost kernel: [   21.706718] [VPF ops]:[L2575][vin1_pdaf] vpf_device_open: done
Mar  5 18:25:40 localhost kernel: [   21.706729] [VPF ops]:[L439][vin1_src][C0] vpf_vctx_bind_vdev: done, ctx_index(0) refcount(1)
Mar  5 18:25:40 localhost kernel: [   21.706738] [VPF ops]:[L1875][vin1_src][C0] vpf_video_bind_context: done
Mar  5 18:25:40 localhost kernel: [   21.706744] [VPF ops]:[L439][vin1_cap][C0] vpf_vctx_bind_vdev: done, ctx_index(0) refcount(1)
Mar  5 18:25:40 localhost kernel: [   21.706748] [VPF ops]:[L1875][vin1_cap][C0] vpf_video_bind_context: done
Mar  5 18:25:40 localhost kernel: [   21.706754] [VPF ops]:[L439][vin1_emb][C0] vpf_vctx_bind_vdev: done, ctx_index(0) refcount(1)
Mar  5 18:25:40 localhost kernel: [   21.706758] [VPF ops]:[L1875][vin1_emb][C0] vpf_video_bind_context: done
Mar  5 18:25:40 localhost kernel: [   21.706764] [VPF ops]:[L439][vin1_pdaf][C0] vpf_vctx_bind_vdev: done, ctx_index(0) refcount(1)
Mar  5 18:25:40 localhost kernel: [   21.706768] [VPF ops]:[L1875][vin1_pdaf][C0] vpf_video_bind_context: done
Mar  5 18:25:40 localhost kernel: [   21.706774] [VIN_NODE]:[L38]The vin node driver version is v1.1
Mar  5 18:25:40 localhost kernel: [   21.706778] [VPF ops]:[L1031][vin1_src][C0] vpf_video_get_version: done
Mar  5 18:25:40 localhost kernel: [   21.706790] [VPF ops]:[L1079][vin1_src][C0] vpf_video_get_struct_size: done
Mar  5 18:25:40 localhost kernel: [   21.706800] [CIM]:[L247][C0]cim_video_set_attr done ret val:0
Mar  5 18:25:40 localhost kernel: [   21.706804] [L423][C0] vin_node_set_attr ipi 0 done
Mar  5 18:25:40 localhost kernel: [   21.706808] [VIN_NODE]:[L239][C0]vin_node_video_set_attr done
Mar  5 18:25:40 localhost kernel: [   21.706812] [VPF ops]:[L689][vin1_cap][C0] vpf_video_set_init_attr: done
Mar  5 18:25:40 localhost kernel: [   21.706821] vin vcon1: vcon1 open 0: flow65535 ctx0 real
Mar  5 18:25:40 localhost kernel: [   21.706827] [L624][S65535][C0][ipi0]cim_subdev_init hw_id = 1
Mar  5 18:25:40 localhost kernel: [   21.706832] [CIM]:[L247][C0]cim_video_set_attr done ret val:0
Mar  5 18:25:40 localhost kernel: [   21.706838] vin vcon1: get attr valid bus4 rx1 done
Mar  5 18:25:40 localhost kernel: [   21.706843] [L423][C0] vin_node_set_attr ipi 0 done
Mar  5 18:25:40 localhost kernel: [   21.706846] [VIN_NODE]:[L239][C0]vin_node_video_set_attr done
Mar  5 18:25:40 localhost kernel: [   21.706850] [VIO node]:[L104][vin1] vio_group_task_start: sched_mode 1
Mar  5 18:25:40 localhost kernel: [   21.706854] [VPF ops]:[L689][vin1_src][C0] vpf_video_set_init_attr: done
Mar  5 18:25:40 localhost kernel: [   21.706858] [CIM]:[L247][C0]cim_video_set_attr done ret val:0
Mar  5 18:25:40 localhost kernel: [   21.706862] [L423][C0] vin_node_set_attr ipi 0 done
Mar  5 18:25:40 localhost kernel: [   21.706865] [VIN_NODE]:[L239][C0]vin_node_video_set_attr done
Mar  5 18:25:40 localhost kernel: [   21.706868] [VPF ops]:[L689][vin1_emb][C0] vpf_video_set_init_attr: done
Mar  5 18:25:40 localhost kernel: [   21.706873] [CIM]:[L247][C0]cim_video_set_attr done ret val:0
Mar  5 18:25:40 localhost kernel: [   21.706876] [L423][C0] vin_node_set_attr ipi 0 done
Mar  5 18:25:40 localhost kernel: [   21.706879] [VIN_NODE]:[L239][C0]vin_node_video_set_attr done
Mar  5 18:25:40 localhost kernel: [   21.706882] [VPF ops]:[L689][vin1_pdaf][C0] vpf_video_set_init_attr: done
Mar  5 18:25:40 localhost kernel: [   21.706887] [VPF ops]:[L1079][vin1_src][C0] vpf_video_get_struct_size: done
Mar  5 18:25:40 localhost kernel: [   21.706894] [L709][S65535] vin_node_set_ichn_attr begin format 30 width 640 
Mar  5 18:25:40 localhost kernel: [   21.706902] [L527][S0][ipi0]cim_set_ichn_attr done
Mar  5 18:25:40 localhost kernel: [   21.706906] [CIM]:[L309][S0]cim_video_set_ichn_attr done ret val:0
Mar  5 18:25:40 localhost kernel: [   21.706910] [L724][S0]vin_node_set_ichn_attr done
Mar  5 18:25:40 localhost kernel: [   21.706913] [VIN_NODE]:[L427][C0]vin_node_video_set_ichn_attr done
Mar  5 18:25:40 localhost kernel: [   21.706918] [L1023][S0] vin_node_reqbufs done bit_map 0x1 planecount 0 
Mar  5 18:25:40 localhost kernel: [   21.706922] [VIN_NODE]:[L743][C0]vin_node_video_reqbufs done
Mar  5 18:25:40 localhost kernel: [   21.706946] [VPF ops]:[L1193][F0] vpf_fill_frame_info: L0 use width instead of wstride
Mar  5 18:25:40 localhost kernel: [   21.706951] [VPF ops]:[L1197][F0] vpf_fill_frame_info: L0 use height instead of vstride
Mar  5 18:25:40 localhost kernel: [   21.706956] [VPF ops]:[L1193][F1] vpf_fill_frame_info: L0 use width instead of wstride
Mar  5 18:25:40 localhost kernel: [   21.706959] [VPF ops]:[L1197][F1] vpf_fill_frame_info: L0 use height instead of vstride
Mar  5 18:25:40 localhost kernel: [   21.706963] [VPF ops]:[L1193][F2] vpf_fill_frame_info: L0 use width instead of wstride
Mar  5 18:25:40 localhost kernel: [   21.706967] [VPF ops]:[L1197][F2] vpf_fill_frame_info: L0 use height instead of vstride
Mar  5 18:25:40 localhost kernel: [   21.706971] [VPF ops]:[L1193][F3] vpf_fill_frame_info: L0 use width instead of wstride
Mar  5 18:25:40 localhost kernel: [   21.706975] [VPF ops]:[L1197][F3] vpf_fill_frame_info: L0 use height instead of vstride
Mar  5 18:25:40 localhost kernel: [   21.706978] [VPF ops]:[L1193][F4] vpf_fill_frame_info: L0 use width instead of wstride
Mar  5 18:25:40 localhost kernel: [   21.706982] [VPF ops]:[L1197][F4] vpf_fill_frame_info: L0 use height instead of vstride
Mar  5 18:25:40 localhost kernel: [   21.706986] [VPF ops]:[L1193][F5] vpf_fill_frame_info: L0 use width instead of wstride
Mar  5 18:25:40 localhost kernel: [   21.706989] [VPF ops]:[L1197][F5] vpf_fill_frame_info: L0 use height instead of vstride
Mar  5 18:25:40 localhost kernel: [   21.706993] [VPF ops]:[L1193][F6] vpf_fill_frame_info: L0 use width instead of wstride
Mar  5 18:25:40 localhost kernel: [   21.706996] [VPF ops]:[L1197][F6] vpf_fill_frame_info: L0 use height instead of vstride
Mar  5 18:25:40 localhost kernel: [   21.707000] [VPF ops]:[L1193][F7] vpf_fill_frame_info: L0 use width instead of wstride
Mar  5 18:25:40 localhost kernel: [   21.707004] [VPF ops]:[L1197][F7] vpf_fill_frame_info: L0 use height instead of vstride
Mar  5 18:25:40 localhost kernel: [   21.707008] [VPF ops]:[L1193][F8] vpf_fill_frame_info: L0 use width instead of wstride
Mar  5 18:25:40 localhost kernel: [   21.707011] [VPF ops]:[L1197][F8] vpf_fill_frame_info: L0 use height instead of vstride
Mar  5 18:25:40 localhost kernel: [   21.707015] [VPF ops]:[L1193][F9] vpf_fill_frame_info: L0 use width instead of wstride
Mar  5 18:25:40 localhost kernel: [   21.707018] [VPF ops]:[L1197][F9] vpf_fill_frame_info: L0 use height instead of vstride
Mar  5 18:25:40 localhost kernel: [   21.707022] [VPF ops]:[L1193][F10] vpf_fill_frame_info: L0 use width instead of wstride
Mar  5 18:25:40 localhost kernel: [   21.707026] [VPF ops]:[L1197][F10] vpf_fill_frame_info: L0 use height instead of vstride
Mar  5 18:25:40 localhost kernel: [   21.707029] [VPF ops]:[L1193][F11] vpf_fill_frame_info: L0 use width instead of wstride
Mar  5 18:25:40 localhost kernel: [   21.707033] [VPF ops]:[L1197][F11] vpf_fill_frame_info: L0 use height instead of vstride
Mar  5 18:25:40 localhost kernel: [   21.707037] [VPF ops]:[L1193][F12] vpf_fill_frame_info: L0 use width instead of wstride
Mar  5 18:25:40 localhost kernel: [   21.707040] [VPF ops]:[L1197][F12] vpf_fill_frame_info: L0 use height instead of vstride
Mar  5 18:25:40 localhost kernel: [   21.707044] [VPF ops]:[L1193][F13] vpf_fill_frame_info: L0 use width instead of wstride
Mar  5 18:25:40 localhost kernel: [   21.707047] [VPF ops]:[L1197][F13] vpf_fill_frame_info: L0 use height instead of vstride
Mar  5 18:25:40 localhost kernel: [   21.707051] [VPF ops]:[L1193][F14] vpf_fill_frame_info: L0 use width instead of wstride
Mar  5 18:25:40 localhost kernel: [   21.707055] [VPF ops]:[L1197][F14] vpf_fill_frame_info: L0 use height instead of vstride
Mar  5 18:25:40 localhost kernel: [   21.707058] [VPF ops]:[L1193][F15] vpf_fill_frame_info: L0 use width instead of wstride
Mar  5 18:25:40 localhost kernel: [   21.707062] [VPF ops]:[L1197][F15] vpf_fill_frame_info: L0 use height instead of vstride
Mar  5 18:25:40 localhost kernel: [   21.707065] [VPF ops]:[L1325][vin1_src][C0] vpf_request_frames: reqbuf number 16
Mar  5 18:25:40 localhost kernel: [   21.707070] [VPF ops]:[L850][vin1_src][C0] vpf_video_set_ichn_attr: done
Mar  5 18:25:40 localhost kernel: [   21.707078] [VPF ops]:[L1079][vin1_src][C0] vpf_video_get_struct_size: done
Mar  5 18:25:40 localhost kernel: [   21.707086] [L236][S0] ochn0 auto calc vstride 480
Mar  5 18:25:40 localhost kernel: [   21.707092] [L160]vin_basic_attr->format:30
Mar  5 18:25:40 localhost kernel: [   21.707096] [L425][S0][ipi0][ochn0]cim_set_ochn_attr done
Mar  5 18:25:40 localhost kernel: [   21.707101] [CIM]:[L340][S0]cim_video_set_ochn_attr done ret val:0
Mar  5 18:25:40 localhost kernel: [   21.707105] [L652][S0]vin_node_set_ochn_attr done
Mar  5 18:25:40 localhost kernel: [   21.707108] [VIN_NODE]:[L364][C0]vin_node_video_set_ochn_attr done
Mar  5 18:25:40 localhost kernel: [   21.707113] [L975]VNODE_ID_CAP wstride 1280
Mar  5 18:25:40 localhost kernel: [   21.707116] [L977]VNODE_ID_CAP vstride 480
Mar  5 18:25:40 localhost kernel: [   21.707119] [L981]vstride 480  planecount 1 
Mar  5 18:25:40 localhost kernel: [   21.707122] [L1023][S0] vin_node_reqbufs done bit_map 0x1 planecount 1 
Mar  5 18:25:40 localhost kernel: [   21.707126] [VIN_NODE]:[L743][C0]vin_node_video_reqbufs done
Mar  5 18:25:40 localhost kernel: [   21.707138] [VPF ops]:[L1325][vin1_cap][C0] vpf_request_frames: reqbuf number 16
Mar  5 18:25:40 localhost kernel: [   21.707143] [VPF ops]:[L978][vin1_cap][C0] vpf_video_set_ochn_attr: done
Mar  5 18:25:40 localhost kernel: [   21.707151] [VPF ops]:[L1079][vin1_src][C0] vpf_video_get_struct_size: done
Mar  5 18:25:40 localhost kernel: [   21.707163] vin mipi1: snrclk set freq cmd
Mar  5 18:25:40 localhost kernel: [   21.707179] vin mipi1: sensor1_mclk set 24000000 as 24000000
Mar  5 18:25:40 localhost kernel: [   21.707184] vin mipi1: snrclk set en cmd
Mar  5 18:25:40 localhost kernel: [   21.707187] vin mipi1: snrclk set enable
Mar  5 18:25:40 localhost kernel: [   21.707206] [L517][S0]vin_node_set_attr_ex done
Mar  5 18:25:40 localhost kernel: [   21.707210] [VIN_NODE]:[L324][C0]vin_node_video_set_attr_ex done
Mar  5 18:25:40 localhost kernel: [   21.707214] [VPF ops]:[L763][vin1_src][C0] vpf_video_set_attr_ex: done
Mar  5 18:25:40 localhost kernel: [   21.707219] [L517][S0]vin_node_set_attr_ex done
Mar  5 18:25:40 localhost kernel: [   21.707222] [VIN_NODE]:[L324][C0]vin_node_video_set_attr_ex done
Mar  5 18:25:40 localhost kernel: [   21.707225] [VPF ops]:[L763][vin1_cap][C0] vpf_video_set_attr_ex: done
Mar  5 18:25:40 localhost kernel: [   21.707233] [L975]VNODE_ID_CAP wstride 1280
Mar  5 18:25:40 localhost kernel: [   21.707236] [L977]VNODE_ID_CAP vstride 480
Mar  5 18:25:40 localhost kernel: [   21.707239] [L981]vstride 480  planecount 1 
Mar  5 18:25:40 localhost kernel: [   21.707242] [L1023][S0] vin_node_reqbufs done bit_map 0x1 planecount 1 
Mar  5 18:25:40 localhost kernel: [   21.707246] [VIN_NODE]:[L743][C0]vin_node_video_reqbufs done
Mar  5 18:25:40 localhost kernel: [   21.707263] [VPF ops]:[L1325][vin1_cap][C0] vpf_request_frames: reqbuf number 3
Mar  5 18:25:40 localhost kernel: [   21.707406] [VPF ops]:[L1464][vin1_cap][C0] vpf_video_reqbufs: done
Mar  5 18:25:40 localhost kernel: [   21.707431] [VPF ops]:[L2066][vin1_cap][C0] vpf_video_querybuf: done
Mar  5 18:25:40 localhost kernel: [   21.707591] [VPF ops]:[L2066][vin1_cap][C0] vpf_video_querybuf: done
Mar  5 18:25:40 localhost kernel: [   21.707676] [VPF ops]:[L2066][vin1_cap][C0] vpf_video_querybuf: done
Mar  5 18:25:40 localhost kernel: [   21.707779] [VPF ops]:[L2575][flow] vpf_device_open: done
Mar  5 18:25:40 localhost kernel: [   21.707793] [VPF ops]:[L1031][flow][C0] vpf_video_get_version: done
Mar  5 18:25:40 localhost kernel: [   21.707799] [VPF ops]:[L360][S2] vpf_bind_chain: bind done
Mar  5 18:25:40 localhost kernel: [   21.707812] [VPF ops]:[L2223][flow][C2] vpf_video_bind_pipeline: done
Mar  5 18:25:40 localhost kernel: [   21.707822] [VPF ops]:[L1685][vin1_src][S2][C0] vpf_chain_add_vnode: done
Mar  5 18:25:40 localhost kernel: [   21.707827] [VPF ops]:[L1825][vin1_src][C0] vpf_video_add_vnode: done
Mar  5 18:25:40 localhost kernel: [   21.708053] [CIM]:[L419][S0]cim_video_get_attr done ret val:0
Mar  5 18:25:40 localhost kernel: [   21.708062] vin vcon1: get attr valid bus4 rx1 done
Mar  5 18:25:40 localhost kernel: [   21.708067] [L306][S0]vin_node_get_attr done
Mar  5 18:25:40 localhost kernel: [   21.708072] [VIN_NODE]:[L286][C0]vin_node_video_get_attr done
Mar  5 18:25:40 localhost kernel: [   21.708343] vin sensor2: camera_init_req cmd: initing
Mar  5 18:25:40 localhost kernel: [   21.814324] ctx_id 0, inst id 0, sensor /app/BestMow/startup_script/sensor_config/darktime/sc132gs_tuning_left.json
Mar  5 18:25:40 localhost kernel: [   21.814349] isp_video_reqbufs done bit_map 0x1 planecount 1 vctx->id:0
Mar  5 18:25:40 localhost kernel: [   21.814354] [VPF ops]:[L1005][vs-isp0_src][C0] vpf_video_set_inter_attr: done
Mar  5 18:25:40 localhost kernel: [   21.814489] [L899][S0][V8] vin_node chn_attr format(24) slod_id(0) width(1088) height(1280) wstride(2176) vstride(1280)
Mar  5 18:25:40 localhost kernel: [   21.814498] isp_allow_bind online_mode=0,bind_type=3
Mar  5 18:25:40 localhost kernel: [   21.814530] [VPF ops]:[L319][S0] vpf_bind_vnode: vin2_cap bind_type(3) vs-isp0_src
Mar  5 18:25:40 localhost kernel: [   21.814536] [VPF ops]:[L2258][flow][C0] vpf_video_bind_vnode: done
Mar  5 18:25:40 localhost kernel: [   21.814629] [VPF chain]:[L279]vio_chain_path_show: [S0] vin2_C0*(dma)-m2m-isp0_C0
Mar  5 18:25:40 localhost kernel: [   21.814642] [VPF ops]:[L632][vs-isp0_cap][S0] vpf_prepare_buffers: done
Mar  5 18:25:40 localhost kernel: [   21.814650] isp_video_streamon inst: 0, set isp state to STARTED
Mar  5 18:25:40 localhost kernel: [   21.817821] [VPF ops]:[L1639][vs-isp0_cap][S0][C0] vpf_video_start: done start_cnt 1
Mar  5 18:25:40 localhost kernel: [   21.817854] [VPF ops]:[L1639][vs-isp0_src][S0][C0] vpf_video_start: done start_cnt 2
Mar  5 18:25:40 localhost kernel: [   21.817872] [VPF ops]:[L632][vin2_cap][S0] vpf_prepare_buffers: done
Mar  5 18:25:40 localhost kernel: [   21.817877] [VPF ops]:[L1639][vin2_cap][S0][C0] vpf_video_start: done start_cnt 1
Mar  5 18:25:40 localhost kernel: [   21.817887] [L716][S0][ipi0]cim_subdev_start ddr_en and ochn request bufs
Mar  5 18:25:40 localhost kernel: [   21.817902] [L757][S0]cim_subdev_start
Mar  5 18:25:40 localhost kernel: [   21.817906] [CIM]:[L113][S0]cim_video_streamon done ret val:0
Mar  5 18:25:40 localhost kernel: [   21.817915] vin sensor0: sensor_evk_do: wait to doing
Mar  5 18:25:40 localhost kernel: [   21.818496] vin sensor0: sensor_evk_do: done to finish
Mar  5 18:25:40 localhost kernel: [   21.818516] vin sensor0: sensor_start sc132gs flow0 start done
Mar  5 18:25:40 localhost kernel: [   21.818521] vin vcon2: sensor0 start real done
Mar  5 18:25:40 localhost kernel: [   21.818530] vin mipi2: start cmd: 0 real
Mar  5 18:25:40 localhost kernel: [   21.818535] vin mipi2: check hs reception
Mar  5 18:25:40 localhost kernel: [   21.836108] vin sensor1: camera_init_result cmd: done wake
Mar  5 18:25:40 localhost kernel: [   21.836139] vin sensor1: sensor_evu_do: default to wait
Mar  5 18:25:40 localhost kernel: [   21.836364] vin sensor1: camera_set_intrinsic_param port 1 done
Mar  5 18:25:40 localhost kernel: [   21.836521] vin sensor1: sensor_attach flow1 ctx0 to sensor1 
Mar  5 18:25:40 localhost kernel: [   21.836534] vin vcon0: flow1.ctx0 attach sensor1 done
Mar  5 18:25:40 localhost kernel: [   21.836538] vin vcon0: set internal attr attach done
Mar  5 18:25:40 localhost kernel: [   21.836549] vin mipi0: init cmd: 0 real
Mar  5 18:25:40 localhost kernel: [   21.836557] vin mipi0: 1 lane 640x480 10fps datatype 0x1e
Mar  5 18:25:40 localhost kernel: [   21.836564] vin mipi0: snrclk set disable
Mar  5 18:25:40 localhost kernel: [   21.836585] vin mipi0: ipiclk limit 27027000 up to 600000000
Mar  5 18:25:40 localhost kernel: [   21.836599] vin mipi0: ipiclk set 600000000 get 600000000
Mar  5 18:25:40 localhost kernel: [   21.836604] vin mipi0: dphy 432Mbps/1lane: ppi 8bit settle 8
Mar  5 18:25:40 localhost kernel: [   21.869963] vin mipi0: linelenth: 858, framelenth: 3150, fps: 10, ipiclk: 600000000, rx_bit_clk: 432000000
Mar  5 18:25:40 localhost kernel: [   21.869982] vin mipi0: ipi config hsa: 4, hbp: 4, hsd: 98
Mar  5 18:25:40 localhost kernel: [   21.869989] vin mipi0: config 1/1 ipi done
Mar  5 18:25:40 localhost kernel: [   21.869994] vin mipi0: check phy stop state
Mar  5 18:25:40 localhost kernel: [   21.873005] [L587][S0]vin_node_set_internal_attr done
Mar  5 18:25:40 localhost kernel: [   21.873011] [VIN_NODE]:[L514][C0]vin_node_video_set_internal_attr done
Mar  5 18:25:40 localhost kernel: [   21.873018] [L1023][S0] vin_node_reqbufs done bit_map 0x1 planecount 0 
Mar  5 18:25:40 localhost kernel: [   21.873022] [VIN_NODE]:[L743][C0]vin_node_video_reqbufs done
Mar  5 18:25:40 localhost kernel: [   21.873027] [VPF ops]:[L1005][vin0_src][C0] vpf_video_set_inter_attr: done
Mar  5 18:25:40 localhost kernel: [   21.873077] [VPF chain]:[L279]vio_chain_path_show: [S1] vin0_C0*(dma)
Mar  5 18:25:40 localhost kernel: [   21.873086] [VPF ops]:[L632][vin0_cap][S1] vpf_prepare_buffers: done
Mar  5 18:25:40 localhost kernel: [   21.873092] [VPF ops]:[L1639][vin0_cap][S1][C0] vpf_video_start: done start_cnt 1
Mar  5 18:25:40 localhost kernel: [   21.873101] [L716][S0][ipi0]cim_subdev_start ddr_en and ochn request bufs
Mar  5 18:25:40 localhost kernel: [   21.873115] [L757][S1]cim_subdev_start
Mar  5 18:25:40 localhost kernel: [   21.873118] [CIM]:[L113][S0]cim_video_streamon done ret val:0
Mar  5 18:25:40 localhost kernel: [   21.873126] vin sensor1: sensor_evk_do: wait to doing
Mar  5 18:25:40 localhost kernel: [   21.873779] vin sensor1: sensor_evk_do: done to finish
Mar  5 18:25:40 localhost kernel: [   21.873791] vin sensor1: sensor_start  flow1 start done
Mar  5 18:25:40 localhost kernel: [   21.873796] vin vcon0: sensor1 start real done
Mar  5 18:25:40 localhost kernel: [   21.873803] vin mipi0: start cmd: 0 real
Mar  5 18:25:40 localhost kernel: [   21.873807] vin mipi0: check hs reception
Mar  5 18:25:40 localhost kernel: [   21.971698] vin sensor2: camera_init_result cmd: done wake
Mar  5 18:25:40 localhost kernel: [   21.971732] vin sensor2: sensor_evu_do: default to wait
Mar  5 18:25:40 localhost kernel: [   21.971915] vin sensor2: camera_set_intrinsic_param port 2 done
Mar  5 18:25:40 localhost kernel: [   21.972066] vin sensor2: sensor_attach flow2 ctx0 to sensor2 
Mar  5 18:25:40 localhost kernel: [   21.972077] vin vcon1: flow2.ctx0 attach sensor2 done
Mar  5 18:25:40 localhost kernel: [   21.972082] vin vcon1: set internal attr attach done
Mar  5 18:25:40 localhost kernel: [   21.972095] vin mipi1: init cmd: 0 real
Mar  5 18:25:40 localhost kernel: [   21.972103] vin mipi1: 1 lane 640x480 10fps datatype 0x1e
Mar  5 18:25:40 localhost kernel: [   21.972110] vin mipi1: snrclk set disable
Mar  5 18:25:40 localhost kernel: [   21.972129] vin mipi1: ipiclk limit 27027000 up to 600000000
Mar  5 18:25:40 localhost kernel: [   21.972144] vin mipi1: ipiclk set 600000000 get 600000000
Mar  5 18:25:40 localhost kernel: [   21.972149] vin mipi1: dphy 432Mbps/1lane: ppi 8bit settle 40
Mar  5 18:25:40 localhost kernel: [   22.005349] vin mipi1: linelenth: 858, framelenth: 3150, fps: 10, ipiclk: 600000000, rx_bit_clk: 432000000
Mar  5 18:25:40 localhost kernel: [   22.005372] vin mipi1: ipi config hsa: 4, hbp: 4, hsd: 98
Mar  5 18:25:40 localhost kernel: [   22.005380] vin mipi1: config 1/1 ipi done
Mar  5 18:25:40 localhost kernel: [   22.005385] vin mipi1: check phy stop state
Mar  5 18:25:40 localhost kernel: [   22.005394] [L587][S0]vin_node_set_internal_attr done
Mar  5 18:25:40 localhost kernel: [   22.005399] [VIN_NODE]:[L514][C0]vin_node_video_set_internal_attr done
Mar  5 18:25:40 localhost kernel: [   22.005406] [L1023][S0] vin_node_reqbufs done bit_map 0x1 planecount 0 
Mar  5 18:25:40 localhost kernel: [   22.005410] [VIN_NODE]:[L743][C0]vin_node_video_reqbufs done
Mar  5 18:25:40 localhost kernel: [   22.005414] [VPF ops]:[L1005][vin1_src][C0] vpf_video_set_inter_attr: done
Mar  5 18:25:40 localhost kernel: [   22.005461] [VPF chain]:[L279]vio_chain_path_show: [S2] vin1_C0*(dma)
Mar  5 18:25:40 localhost kernel: [   22.005471] [VPF ops]:[L632][vin1_cap][S2] vpf_prepare_buffers: done
Mar  5 18:25:40 localhost kernel: [   22.005476] [VPF ops]:[L1639][vin1_cap][S2][C0] vpf_video_start: done start_cnt 1
Mar  5 18:25:40 localhost kernel: [   22.005485] [L716][S0][ipi0]cim_subdev_start ddr_en and ochn request bufs
Mar  5 18:25:40 localhost kernel: [   22.005499] [L757][S2]cim_subdev_start
Mar  5 18:25:40 localhost kernel: [   22.005504] [CIM]:[L113][S0]cim_video_streamon done ret val:0
Mar  5 18:25:40 localhost kernel: [   22.005512] vin sensor2: sensor_evk_do: wait to doing
Mar  5 18:25:40 localhost kernel: [   22.006199] vin sensor2: sensor_evk_do: done to finish
Mar  5 18:25:40 localhost kernel: [   22.006219] vin sensor2: sensor_start  flow2 start done
Mar  5 18:25:40 localhost kernel: [   22.006224] vin vcon1: sensor2 start real done
Mar  5 18:25:40 localhost kernel: [   22.006234] vin mipi1: start cmd: 0 real
Mar  5 18:25:40 localhost kernel: [   22.006238] vin mipi1: check hs reception
Mar  5 18:25:40 localhost kernel: [   22.048317] vin mipi0: entry hs reception
Mar  5 18:25:40 localhost kernel: [   22.048349] [L1096][S0]vin_node_start done
Mar  5 18:25:40 localhost kernel: [   22.048355] [VIN_NODE]:[L546][C0]vin_node_video_streamon done
Mar  5 18:25:40 localhost kernel: [   22.048360] [VPF ops]:[L1639][vin0_src][S1][C0] vpf_video_start: done start_cnt 2
Mar  5 18:25:40 localhost kernel: [   22.173763] vin mipi1: entry hs reception
Mar  5 18:25:40 localhost kernel: [   22.173795] [L1096][S0]vin_node_start done
Mar  5 18:25:40 localhost kernel: [   22.173801] [VIN_NODE]:[L546][C0]vin_node_video_streamon done
Mar  5 18:25:40 localhost kernel: [   22.173806] [VPF ops]:[L1639][vin1_src][S2][C0] vpf_video_start: done start_cnt 2
Mar  5 18:25:41 localhost kernel: [   22.398352] [VPF mgr]:[L478]empty_camsys_reset: empty function
Mar  5 18:25:41 localhost kernel: [   22.398373] [L1228]cim_open open_cnt :1
Mar  5 18:25:41 localhost kernel: [   22.398378] [CIM]:[L192][S0]cim_video_open done ret val:0
Mar  5 18:25:41 localhost kernel: [   22.398382] [L1227][S0]vin_node_open done
Mar  5 18:25:41 localhost kernel: [   22.398387] [VIN_NODE]:[L694][C0]vin_node_video_open done
Mar  5 18:25:41 localhost kernel: [   22.398391] [VPF ops]:[L2575][vin3_src] vpf_device_open: done
Mar  5 18:25:41 localhost kernel: [   22.398412] [L1228]cim_open open_cnt :2
Mar  5 18:25:41 localhost kernel: [   22.398416] [CIM]:[L192][S0]cim_video_open done ret val:0
Mar  5 18:25:41 localhost kernel: [   22.398420] [L1227][S0]vin_node_open done
Mar  5 18:25:41 localhost kernel: [   22.398423] [VIN_NODE]:[L694][C0]vin_node_video_open done
Mar  5 18:25:41 localhost kernel: [   22.398427] [VPF ops]:[L2575][vin3_cap] vpf_device_open: done
Mar  5 18:25:41 localhost kernel: [   22.398440] [L1228]cim_open open_cnt :3
Mar  5 18:25:41 localhost kernel: [   22.398444] [CIM]:[L192][S0]cim_video_open done ret val:0
Mar  5 18:25:41 localhost kernel: [   22.398447] [L1227][S0]vin_node_open done
Mar  5 18:25:41 localhost kernel: [   22.398451] [VIN_NODE]:[L694][C0]vin_node_video_open done
Mar  5 18:25:41 localhost kernel: [   22.398454] [VPF ops]:[L2575][vin3_emb] vpf_device_open: done
Mar  5 18:25:41 localhost kernel: [   22.398466] [L1228]cim_open open_cnt :4
Mar  5 18:25:41 localhost kernel: [   22.398469] [CIM]:[L192][S0]cim_video_open done ret val:0
Mar  5 18:25:41 localhost kernel: [   22.398473] [L1227][S0]vin_node_open done
Mar  5 18:25:41 localhost kernel: [   22.398476] [VIN_NODE]:[L694][C0]vin_node_video_open done
Mar  5 18:25:41 localhost kernel: [   22.398479] [VPF ops]:[L2575][vin3_pdaf] vpf_device_open: done
Mar  5 18:25:41 localhost kernel: [   22.398491] [VPF ops]:[L439][vin3_src][C0] vpf_vctx_bind_vdev: done, ctx_index(0) refcount(1)
Mar  5 18:25:41 localhost kernel: [   22.398499] [VPF ops]:[L1875][vin3_src][C0] vpf_video_bind_context: done
Mar  5 18:25:41 localhost kernel: [   22.398506] [VPF ops]:[L439][vin3_cap][C0] vpf_vctx_bind_vdev: done, ctx_index(0) refcount(1)
Mar  5 18:25:41 localhost kernel: [   22.398510] [VPF ops]:[L1875][vin3_cap][C0] vpf_video_bind_context: done
Mar  5 18:25:41 localhost kernel: [   22.398515] [VPF ops]:[L439][vin3_emb][C0] vpf_vctx_bind_vdev: done, ctx_index(0) refcount(1)
Mar  5 18:25:41 localhost kernel: [   22.398520] [VPF ops]:[L1875][vin3_emb][C0] vpf_video_bind_context: done
Mar  5 18:25:41 localhost kernel: [   22.398525] [VPF ops]:[L439][vin3_pdaf][C0] vpf_vctx_bind_vdev: done, ctx_index(0) refcount(1)
Mar  5 18:25:41 localhost kernel: [   22.398529] [VPF ops]:[L1875][vin3_pdaf][C0] vpf_video_bind_context: done
Mar  5 18:25:41 localhost kernel: [   22.398535] [VIN_NODE]:[L38]The vin node driver version is v1.1
Mar  5 18:25:41 localhost kernel: [   22.398538] [VPF ops]:[L1031][vin3_src][C0] vpf_video_get_version: done
Mar  5 18:25:41 localhost kernel: [   22.398553] [VPF ops]:[L1079][vin3_src][C0] vpf_video_get_struct_size: done
Mar  5 18:25:41 localhost kernel: [   22.398562] [CIM]:[L247][C0]cim_video_set_attr done ret val:0
Mar  5 18:25:41 localhost kernel: [   22.398566] [L423][C0] vin_node_set_attr ipi 0 done
Mar  5 18:25:41 localhost kernel: [   22.398570] [VIN_NODE]:[L239][C0]vin_node_video_set_attr done
Mar  5 18:25:41 localhost kernel: [   22.398573] [VPF ops]:[L689][vin3_cap][C0] vpf_video_set_init_attr: done
Mar  5 18:25:41 localhost kernel: [   22.398583] vin vcon3: vcon3 open 0: flow65535 ctx0 real
Mar  5 18:25:41 localhost kernel: [   22.398589] [L624][S65535][C0][ipi0]cim_subdev_init hw_id = 3
Mar  5 18:25:41 localhost kernel: [   22.398594] [CIM]:[L247][C0]cim_video_set_attr done ret val:0
Mar  5 18:25:41 localhost kernel: [   22.398599] vin vcon3: get attr valid bus7 rx3 done
Mar  5 18:25:41 localhost kernel: [   22.398604] [L423][C0] vin_node_set_attr ipi 0 done
Mar  5 18:25:41 localhost kernel: [   22.398607] [VIN_NODE]:[L239][C0]vin_node_video_set_attr done
Mar  5 18:25:41 localhost kernel: [   22.398611] [VIO node]:[L104][vin3] vio_group_task_start: sched_mode 1
Mar  5 18:25:41 localhost kernel: [   22.398614] [VPF ops]:[L689][vin3_src][C0] vpf_video_set_init_attr: done
Mar  5 18:25:41 localhost kernel: [   22.398620] [CIM]:[L247][C0]cim_video_set_attr done ret val:0
Mar  5 18:25:41 localhost kernel: [   22.398624] [L423][C0] vin_node_set_attr ipi 0 done
Mar  5 18:25:41 localhost kernel: [   22.398628] [VIN_NODE]:[L239][C0]vin_node_video_set_attr done
Mar  5 18:25:41 localhost kernel: [   22.398631] [VPF ops]:[L689][vin3_emb][C0] vpf_video_set_init_attr: done
Mar  5 18:25:41 localhost kernel: [   22.398636] [CIM]:[L247][C0]cim_video_set_attr done ret val:0
Mar  5 18:25:41 localhost kernel: [   22.398640] [L423][C0] vin_node_set_attr ipi 0 done
Mar  5 18:25:41 localhost kernel: [   22.398643] [VIN_NODE]:[L239][C0]vin_node_video_set_attr done
Mar  5 18:25:41 localhost kernel: [   22.398646] [VPF ops]:[L689][vin3_pdaf][C0] vpf_video_set_init_attr: done
Mar  5 18:25:41 localhost kernel: [   22.398651] [VPF ops]:[L1079][vin3_src][C0] vpf_video_get_struct_size: done
Mar  5 18:25:41 localhost kernel: [   22.398658] [L709][S65535] vin_node_set_ichn_attr begin format 43 width 1088 
Mar  5 18:25:41 localhost kernel: [   22.398665] [L527][S0][ipi0]cim_set_ichn_attr done
Mar  5 18:25:41 localhost kernel: [   22.398669] [CIM]:[L309][S0]cim_video_set_ichn_attr done ret val:0
Mar  5 18:25:41 localhost kernel: [   22.398672] [L724][S0]vin_node_set_ichn_attr done
Mar  5 18:25:41 localhost kernel: [   22.398676] [VIN_NODE]:[L427][C0]vin_node_video_set_ichn_attr done
Mar  5 18:25:41 localhost kernel: [   22.398681] [L1023][S0] vin_node_reqbufs done bit_map 0x1 planecount 1 
Mar  5 18:25:41 localhost kernel: [   22.398685] [VIN_NODE]:[L743][C0]vin_node_video_reqbufs done
Mar  5 18:25:41 localhost kernel: [   22.398698] [VPF ops]:[L1193][F0] vpf_fill_frame_info: L0 use width instead of wstride
Mar  5 18:25:41 localhost kernel: [   22.398703] [VPF ops]:[L1197][F0] vpf_fill_frame_info: L0 use height instead of vstride
Mar  5 18:25:41 localhost kernel: [   22.398707] [VPF ops]:[L1193][F1] vpf_fill_frame_info: L0 use width instead of wstride
Mar  5 18:25:41 localhost kernel: [   22.398711] [VPF ops]:[L1197][F1] vpf_fill_frame_info: L0 use height instead of vstride
Mar  5 18:25:41 localhost kernel: [   22.398715] [VPF ops]:[L1193][F2] vpf_fill_frame_info: L0 use width instead of wstride
Mar  5 18:25:41 localhost kernel: [   22.398718] [VPF ops]:[L1197][F2] vpf_fill_frame_info: L0 use height instead of vstride
Mar  5 18:25:41 localhost kernel: [   22.398722] [VPF ops]:[L1193][F3] vpf_fill_frame_info: L0 use width instead of wstride
Mar  5 18:25:41 localhost kernel: [   22.398726] [VPF ops]:[L1197][F3] vpf_fill_frame_info: L0 use height instead of vstride
Mar  5 18:25:41 localhost kernel: [   22.398730] [VPF ops]:[L1193][F4] vpf_fill_frame_info: L0 use width instead of wstride
Mar  5 18:25:41 localhost kernel: [   22.398733] [VPF ops]:[L1197][F4] vpf_fill_frame_info: L0 use height instead of vstride
Mar  5 18:25:41 localhost kernel: [   22.398737] [VPF ops]:[L1193][F5] vpf_fill_frame_info: L0 use width instead of wstride
Mar  5 18:25:41 localhost kernel: [   22.398740] [VPF ops]:[L1197][F5] vpf_fill_frame_info: L0 use height instead of vstride
Mar  5 18:25:41 localhost kernel: [   22.398744] [VPF ops]:[L1193][F6] vpf_fill_frame_info: L0 use width instead of wstride
Mar  5 18:25:41 localhost kernel: [   22.398747] [VPF ops]:[L1197][F6] vpf_fill_frame_info: L0 use height instead of vstride
Mar  5 18:25:41 localhost kernel: [   22.398751] [VPF ops]:[L1193][F7] vpf_fill_frame_info: L0 use width instead of wstride
Mar  5 18:25:41 localhost kernel: [   22.398755] [VPF ops]:[L1197][F7] vpf_fill_frame_info: L0 use height instead of vstride
Mar  5 18:25:41 localhost kernel: [   22.398758] [VPF ops]:[L1193][F8] vpf_fill_frame_info: L0 use width instead of wstride
Mar  5 18:25:41 localhost kernel: [   22.398762] [VPF ops]:[L1197][F8] vpf_fill_frame_info: L0 use height instead of vstride
Mar  5 18:25:41 localhost kernel: [   22.398765] [VPF ops]:[L1193][F9] vpf_fill_frame_info: L0 use width instead of wstride
Mar  5 18:25:41 localhost kernel: [   22.398769] [VPF ops]:[L1197][F9] vpf_fill_frame_info: L0 use height instead of vstride
Mar  5 18:25:41 localhost kernel: [   22.398773] [VPF ops]:[L1193][F10] vpf_fill_frame_info: L0 use width instead of wstride
Mar  5 18:25:41 localhost kernel: [   22.398777] [VPF ops]:[L1197][F10] vpf_fill_frame_info: L0 use height instead of vstride
Mar  5 18:25:41 localhost kernel: [   22.398780] [VPF ops]:[L1193][F11] vpf_fill_frame_info: L0 use width instead of wstride
Mar  5 18:25:41 localhost kernel: [   22.398784] [VPF ops]:[L1197][F11] vpf_fill_frame_info: L0 use height instead of vstride
Mar  5 18:25:41 localhost kernel: [   22.398788] [VPF ops]:[L1193][F12] vpf_fill_frame_info: L0 use width instead of wstride
Mar  5 18:25:41 localhost kernel: [   22.398791] [VPF ops]:[L1197][F12] vpf_fill_frame_info: L0 use height instead of vstride
Mar  5 18:25:41 localhost kernel: [   22.398795] [VPF ops]:[L1193][F13] vpf_fill_frame_info: L0 use width instead of wstride
Mar  5 18:25:41 localhost kernel: [   22.398799] [VPF ops]:[L1197][F13] vpf_fill_frame_info: L0 use height instead of vstride
Mar  5 18:25:41 localhost kernel: [   22.398802] [VPF ops]:[L1193][F14] vpf_fill_frame_info: L0 use width instead of wstride
Mar  5 18:25:41 localhost kernel: [   22.398806] [VPF ops]:[L1197][F14] vpf_fill_frame_info: L0 use height instead of vstride
Mar  5 18:25:41 localhost kernel: [   22.398810] [VPF ops]:[L1193][F15] vpf_fill_frame_info: L0 use width instead of wstride
Mar  5 18:25:41 localhost kernel: [   22.398813] [VPF ops]:[L1197][F15] vpf_fill_frame_info: L0 use height instead of vstride
Mar  5 18:25:41 localhost kernel: [   22.398817] [VPF ops]:[L1325][vin3_src][C0] vpf_request_frames: reqbuf number 16
Mar  5 18:25:41 localhost kernel: [   22.398822] [VPF ops]:[L850][vin3_src][C0] vpf_video_set_ichn_attr: done
Mar  5 18:25:41 localhost kernel: [   22.398830] [VPF ops]:[L1079][vin3_src][C0] vpf_video_get_struct_size: done
Mar  5 18:25:41 localhost kernel: [   22.398838] [L236][S0] ochn0 auto calc vstride 1280
Mar  5 18:25:41 localhost kernel: [   22.398843] [L160]vin_basic_attr->format:43
Mar  5 18:25:41 localhost kernel: [   22.398848] [L425][S0][ipi0][ochn0]cim_set_ochn_attr done
Mar  5 18:25:41 localhost kernel: [   22.398852] [CIM]:[L340][S0]cim_video_set_ochn_attr done ret val:0
Mar  5 18:25:41 localhost kernel: [   22.398856] [L652][S0]vin_node_set_ochn_attr done
Mar  5 18:25:41 localhost kernel: [   22.398859] [VIN_NODE]:[L364][C0]vin_node_video_set_ochn_attr done
Mar  5 18:25:41 localhost kernel: [   22.398863] [L975]VNODE_ID_CAP wstride 2176
Mar  5 18:25:41 localhost kernel: [   22.398867] [L977]VNODE_ID_CAP vstride 1280
Mar  5 18:25:41 localhost kernel: [   22.398869] [L981]vstride 1280  planecount 1 
Mar  5 18:25:41 localhost kernel: [   22.398873] [L1023][S0] vin_node_reqbufs done bit_map 0x1 planecount 1 
Mar  5 18:25:41 localhost kernel: [   22.398877] [VIN_NODE]:[L743][C0]vin_node_video_reqbufs done
Mar  5 18:25:41 localhost kernel: [   22.398889] [VPF ops]:[L1325][vin3_cap][C0] vpf_request_frames: reqbuf number 16
Mar  5 18:25:41 localhost kernel: [   22.398893] [VPF ops]:[L978][vin3_cap][C0] vpf_video_set_ochn_attr: done
Mar  5 18:25:41 localhost kernel: [   22.398901] [VPF ops]:[L1079][vin3_src][C0] vpf_video_get_struct_size: done
Mar  5 18:25:41 localhost kernel: [   22.398916] vin mipi3: snrclk set freq cmd
Mar  5 18:25:41 localhost kernel: [   22.398931] vin mipi3: sensor3_mclk set 24000000 as 24000000
Mar  5 18:25:41 localhost kernel: [   22.398938] vin mipi3: snrclk set en cmd
Mar  5 18:25:41 localhost kernel: [   22.398941] vin mipi3: snrclk set enable
Mar  5 18:25:41 localhost kernel: [   22.398960] [L517][S0]vin_node_set_attr_ex done
Mar  5 18:25:41 localhost kernel: [   22.398964] [VIN_NODE]:[L324][C0]vin_node_video_set_attr_ex done
Mar  5 18:25:41 localhost kernel: [   22.398968] [VPF ops]:[L763][vin3_src][C0] vpf_video_set_attr_ex: done
Mar  5 18:25:41 localhost kernel: [   22.398974] [L517][S0]vin_node_set_attr_ex done
Mar  5 18:25:41 localhost kernel: [   22.398978] [VIN_NODE]:[L324][C0]vin_node_video_set_attr_ex done
Mar  5 18:25:41 localhost kernel: [   22.398981] [VPF ops]:[L763][vin3_cap][C0] vpf_video_set_attr_ex: done
Mar  5 18:25:41 localhost kernel: [   22.398989] [L975]VNODE_ID_CAP wstride 2176
Mar  5 18:25:41 localhost kernel: [   22.398992] [L977]VNODE_ID_CAP vstride 1280
Mar  5 18:25:41 localhost kernel: [   22.398995] [L981]vstride 1280  planecount 1 
Mar  5 18:25:41 localhost kernel: [   22.398998] [L1023][S0] vin_node_reqbufs done bit_map 0x1 planecount 1 
Mar  5 18:25:41 localhost kernel: [   22.399002] [VIN_NODE]:[L743][C0]vin_node_video_reqbufs done
Mar  5 18:25:41 localhost kernel: [   22.399013] [VPF ops]:[L1325][vin3_cap][C0] vpf_request_frames: reqbuf number 3
Mar  5 18:25:41 localhost kernel: [   22.399147] [VPF ops]:[L1464][vin3_cap][C0] vpf_video_reqbufs: done
Mar  5 18:25:41 localhost kernel: [   22.399176] [VPF ops]:[L2066][vin3_cap][C0] vpf_video_querybuf: done
Mar  5 18:25:41 localhost kernel: [   22.399364] [VPF ops]:[L2066][vin3_cap][C0] vpf_video_querybuf: done
Mar  5 18:25:41 localhost kernel: [   22.399518] [VPF ops]:[L2066][vin3_cap][C0] vpf_video_querybuf: done
Mar  5 18:25:41 localhost kernel: [   22.399679] [VPF ops]:[L2575][vs-isp0_src] vpf_device_open: done
Mar  5 18:25:41 localhost kernel: [   22.399704] [VPF ops]:[L2575][vs-isp0_src_pd] vpf_device_open: done
Mar  5 18:25:41 localhost kernel: [   22.399719] [VPF ops]:[L2575][vs-isp0_cap] vpf_device_open: done
Mar  5 18:25:41 localhost kernel: [   22.399731] [VPF ops]:[L2575][vs-isp0_cap_raw] vpf_device_open: done
Mar  5 18:25:41 localhost kernel: [   22.399740] [VPF ops]:[L439][vs-isp0_src][C1] vpf_vctx_bind_vdev: done, ctx_index(0) refcount(1)
Mar  5 18:25:41 localhost kernel: [   22.399748] [VPF ops]:[L1875][vs-isp0_src][C1] vpf_video_bind_context: done
Mar  5 18:25:41 localhost kernel: [   22.399764] [VPF ops]:[L439][vs-isp0_src_pd][C1] vpf_vctx_bind_vdev: done, ctx_index(0) refcount(1)
Mar  5 18:25:41 localhost kernel: [   22.399769] [VPF ops]:[L1875][vs-isp0_src_pd][C1] vpf_video_bind_context: done
Mar  5 18:25:41 localhost kernel: [   22.399775] [VPF ops]:[L439][vs-isp0_cap][C1] vpf_vctx_bind_vdev: done, ctx_index(0) refcount(1)
Mar  5 18:25:41 localhost kernel: [   22.399779] [VPF ops]:[L1875][vs-isp0_cap][C1] vpf_video_bind_context: done
Mar  5 18:25:41 localhost kernel: [   22.399784] [VPF ops]:[L439][vs-isp0_cap_raw][C1] vpf_vctx_bind_vdev: done, ctx_index(0) refcount(1)
Mar  5 18:25:41 localhost kernel: [   22.399793] [VPF ops]:[L1875][vs-isp0_cap_raw][C1] vpf_video_bind_context: done
Mar  5 18:25:41 localhost kernel: [   22.399803] [VPF ops]:[L1079][vs-isp0_src][C1] vpf_video_get_struct_size: done
Mar  5 18:25:41 localhost kernel: [   22.399810] [VPF ops]:[L689][vs-isp0_cap][C1] vpf_video_set_init_attr: done
Mar  5 18:25:41 localhost kernel: [   22.404880] [VPF ops]:[L689][vs-isp0_src][C1] vpf_video_set_init_attr: done
Mar  5 18:25:41 localhost kernel: [   22.404908] [VPF ops]:[L689][vs-isp0_src_pd][C1] vpf_video_set_init_attr: done
Mar  5 18:25:41 localhost kernel: [   22.404915] [VPF ops]:[L689][vs-isp0_cap_raw][C1] vpf_video_set_init_attr: done
Mar  5 18:25:41 localhost kernel: [   22.404932] [VPF ops]:[L1079][vs-isp0_src][C1] vpf_video_get_struct_size: done
Mar  5 18:25:41 localhost kernel: [   22.404946] isp_set_ochn_attr format=6,width=1088,stride=1088,height=1280
Mar  5 18:25:41 localhost kernel: [   22.405260] isp_video_reqbufs done bit_map 0x1 planecount 2 vctx->id:8
Mar  5 18:25:41 localhost kernel: [   22.405284] [VPF ops]:[L1325][vs-isp0_cap][C1] vpf_request_frames: reqbuf number 16
Mar  5 18:25:41 localhost kernel: [   22.405290] [VPF ops]:[L978][vs-isp0_cap][C1] vpf_video_set_ochn_attr: done
Mar  5 18:25:41 localhost kernel: [   22.405311] [VPF ops]:[L1079][vs-isp0_src][C1] vpf_video_get_struct_size: done
Mar  5 18:25:41 localhost kernel: [   22.405320] isp_video_set_ichn_attr format=2,width=1088,stride=2176,height=1280,hdr_en=0
Mar  5 18:25:41 localhost kernel: [   22.407267] isp_video_reqbufs done bit_map 0x1 planecount 1 vctx->id:0
Mar  5 18:25:41 localhost kernel: [   22.407293] [VPF ops]:[L1325][vs-isp0_src][C1] vpf_request_frames: reqbuf number 16
Mar  5 18:25:41 localhost kernel: [   22.407300] [VPF ops]:[L850][vs-isp0_src][C1] vpf_video_set_ichn_attr: done
Mar  5 18:25:41 localhost kernel: [   22.407323] isp_video_reqbufs done bit_map 0x1 planecount 2 vctx->id:8
Mar  5 18:25:41 localhost kernel: [   22.407334] [VPF ops]:[L1325][vs-isp0_cap][C1] vpf_request_frames: reqbuf number 3
Mar  5 18:25:41 localhost kernel: [   22.407449] [VPF ops]:[L1464][vs-isp0_cap][C1] vpf_video_reqbufs: done
Mar  5 18:25:41 localhost kernel: [   22.407488] [VPF ops]:[L2066][vs-isp0_cap][C1] vpf_video_querybuf: done
Mar  5 18:25:41 localhost kernel: [   22.407639] [VPF ops]:[L2066][vs-isp0_cap][C1] vpf_video_querybuf: done
Mar  5 18:25:41 localhost kernel: [   22.407737] [VPF ops]:[L2066][vs-isp0_cap][C1] vpf_video_querybuf: done
Mar  5 18:25:41 localhost kernel: [   22.407871] [VPF ops]:[L2575][flow] vpf_device_open: done
Mar  5 18:25:41 localhost kernel: [   22.407886] [VPF ops]:[L1031][flow][C0] vpf_video_get_version: done
Mar  5 18:25:41 localhost kernel: [   22.407893] [VPF ops]:[L360][S3] vpf_bind_chain: bind done
Mar  5 18:25:41 localhost kernel: [   22.407908] [VPF ops]:[L2223][flow][C3] vpf_video_bind_pipeline: done
Mar  5 18:25:41 localhost kernel: [   22.407921] [VPF ops]:[L1685][vin3_src][S3][C0] vpf_chain_add_vnode: done
Mar  5 18:25:41 localhost kernel: [   22.407926] [VPF ops]:[L1825][vin3_src][C0] vpf_video_add_vnode: done
Mar  5 18:25:41 localhost kernel: [   22.407934] [VPF ops]:[L1685][vs-isp0_src][S3][C1] vpf_chain_add_vnode: done
Mar  5 18:25:41 localhost kernel: [   22.407938] [VPF ops]:[L1825][vs-isp0_src][C1] vpf_video_add_vnode: done
Mar  5 18:25:41 localhost kernel: [   22.408167] [CIM]:[L419][S0]cim_video_get_attr done ret val:0
Mar  5 18:25:41 localhost kernel: [   22.408178] vin vcon3: get attr valid bus7 rx3 done
Mar  5 18:25:41 localhost kernel: [   22.408184] [L306][S0]vin_node_get_attr done
Mar  5 18:25:41 localhost kernel: [   22.408188] [VIN_NODE]:[L286][C0]vin_node_video_get_attr done
Mar  5 18:25:41 localhost kernel: [   22.408506] vin sensor3: camera_init_req cmd: initing
Mar  5 18:25:41 localhost kernel: [   22.429564] vin mipi2: entry hs reception
Mar  5 18:25:41 localhost kernel: [   22.429596] [L1096][S0]vin_node_start done
Mar  5 18:25:41 localhost kernel: [   22.429601] [VIN_NODE]:[L546][C0]vin_node_video_streamon done
Mar  5 18:25:41 localhost kernel: [   22.429606] [VPF ops]:[L1639][vin2_src][S0][C0] vpf_video_start: done start_cnt 2
Mar  5 18:25:41 localhost kernel: [   22.499075] dw-apb-uart 34090000.serial: failed to request DMA
Mar  5 18:25:41 localhost kernel: [   22.672742] vin sensor3: sc132gs open i2c7@0x33
Mar  5 18:25:41 localhost kernel: [   22.672763] vin sensor3: camera_tuning_update_param done
Mar  5 18:25:41 localhost kernel: [   22.673128] vin sensor3: camera_init_result cmd: done wake
Mar  5 18:25:41 localhost kernel: [   22.673193] vin sensor3: camera_set_intrinsic_param port 3 done
Mar  5 18:25:41 localhost kernel: [   22.673226] vin sensor3: ctrl_mode set to user
Mar  5 18:25:41 localhost kernel: [   22.673237] vin sensor3: sensor_attach flow3 ctx0 to sensor3 sc132gs
Mar  5 18:25:41 localhost kernel: [   22.673244] vin vcon3: flow3.ctx0 attach sensor3 done
Mar  5 18:25:41 localhost kernel: [   22.673249] vin vcon3: set internal attr attach done
Mar  5 18:25:41 localhost kernel: [   22.673266] vin mipi3: init cmd: 0 real
Mar  5 18:25:41 localhost kernel: [   22.673276] vin mipi3: 1 lane 1088x1280 30fps datatype 0x2b
Mar  5 18:25:41 localhost kernel: [   22.673283] vin mipi3: snrclk set disable
Mar  5 18:25:41 localhost kernel: [   22.673304] vin mipi3: ipiclk limit 21000000 up to 600000000
Mar  5 18:25:41 localhost kernel: [   22.673320] vin mipi3: ipiclk set 600000000 get 600000000
Mar  5 18:25:41 localhost kernel: [   22.673325] vin mipi3: dphy 1200Mbps/1lane: ppi 8bit settle 20
Mar  5 18:25:41 localhost kernel: [   22.673483] vin sensor3: sensor_evu_do: default to wait
Mar  5 18:25:41 localhost kernel: [   22.706368] vin mipi3: linelenth: 1400, framelenth: 1500, fps: 30, ipiclk: 600000000, rx_bit_clk: 1200000000
Mar  5 18:25:41 localhost kernel: [   22.706393] vin mipi3: ipi config hsa: 4, hbp: 4, hsd: 42
Mar  5 18:25:41 localhost kernel: [   22.706401] vin mipi3: config 1/1 ipi done
Mar  5 18:25:41 localhost kernel: [   22.706406] vin mipi3: check phy stop state
Mar  5 18:25:41 localhost kernel: [   22.706416] [L587][S0]vin_node_set_internal_attr done
Mar  5 18:25:41 localhost kernel: [   22.706422] [VIN_NODE]:[L514][C0]vin_node_video_set_internal_attr done
Mar  5 18:25:41 localhost kernel: [   22.706430] [L1023][S0] vin_node_reqbufs done bit_map 0x1 planecount 1 
Mar  5 18:25:41 localhost kernel: [   22.706434] [VIN_NODE]:[L743][C0]vin_node_video_reqbufs done
Mar  5 18:25:41 localhost kernel: [   22.706439] [VPF ops]:[L1005][vin3_src][C0] vpf_video_set_inter_attr: done
Mar  5 18:25:41 localhost kernel: [   22.706472] isp_video_set_inter_attr flow_id = 3, sensor_name = sc132gs, sensor_cali_name = /app/BestMow/startup_script/sensor_config/darktime/sc132gs_tuning_right.json
Mar  5 18:25:41 localhost kernel: [   22.762492] dw-apb-uart 34080000.serial: failed to request DMA
Mar  5 18:25:41 localhost kernel: [   22.989061] ctx_id 1, inst id 1, sensor /app/BestMow/startup_script/sensor_config/darktime/sc132gs_tuning_right.json
Mar  5 18:25:41 localhost kernel: [   22.989086] isp_video_reqbufs done bit_map 0x1 planecount 1 vctx->id:0
Mar  5 18:25:41 localhost kernel: [   22.989092] [VPF ops]:[L1005][vs-isp0_src][C1] vpf_video_set_inter_attr: done
Mar  5 18:25:41 localhost kernel: [   22.989141] [L899][S0][V8] vin_node chn_attr format(24) slod_id(0) width(1088) height(1280) wstride(2176) vstride(1280)
Mar  5 18:25:41 localhost kernel: [   22.989149] isp_allow_bind online_mode=0,bind_type=3
Mar  5 18:25:41 localhost kernel: [   22.989180] [VPF ops]:[L319][S3] vpf_bind_vnode: vin3_cap bind_type(3) vs-isp0_src
Mar  5 18:25:41 localhost kernel: [   22.989185] [VPF ops]:[L2258][flow][C3] vpf_video_bind_vnode: done
Mar  5 18:25:41 localhost kernel: [   22.989201] [VPF chain]:[L279]vio_chain_path_show: [S3] vin3_C0*(dma)-m2m-isp0_C1
Mar  5 18:25:41 localhost kernel: [   22.989209] [VPF ops]:[L632][vs-isp0_cap][S3] vpf_prepare_buffers: done
Mar  5 18:25:41 localhost kernel: [   22.989216] isp_video_streamon inst: 1, set isp state to STARTED
Mar  5 18:25:41 localhost kernel: [   22.991975] [VPF ops]:[L1639][vs-isp0_cap][S3][C1] vpf_video_start: done start_cnt 1
Mar  5 18:25:41 localhost kernel: [   22.992008] [VPF ops]:[L1639][vs-isp0_src][S3][C1] vpf_video_start: done start_cnt 2
Mar  5 18:25:41 localhost kernel: [   22.992027] [VPF ops]:[L632][vin3_cap][S3] vpf_prepare_buffers: done
Mar  5 18:25:41 localhost kernel: [   22.992032] [VPF ops]:[L1639][vin3_cap][S3][C0] vpf_video_start: done start_cnt 1
Mar  5 18:25:41 localhost kernel: [   22.992041] [L716][S0][ipi0]cim_subdev_start ddr_en and ochn request bufs
Mar  5 18:25:41 localhost kernel: [   22.992055] [L757][S3]cim_subdev_start
Mar  5 18:25:41 localhost kernel: [   22.992060] [CIM]:[L113][S0]cim_video_streamon done ret val:0
Mar  5 18:25:41 localhost kernel: [   22.992068] vin sensor3: sensor_evk_do: wait to doing
Mar  5 18:25:41 localhost kernel: [   22.992510] vin sensor3: sensor_evk_do: done to finish
Mar  5 18:25:41 localhost kernel: [   22.992524] vin sensor3: sensor_start sc132gs flow3 start done
Mar  5 18:25:41 localhost kernel: [   22.992528] vin vcon3: sensor3 start real done
Mar  5 18:25:41 localhost kernel: [   22.992537] vin mipi3: start cmd: 0 real
Mar  5 18:25:41 localhost kernel: [   22.992541] vin mipi3: check hs reception
Mar  5 18:25:41 localhost kernel: [   23.012552] vin mipi3: entry hs reception
Mar  5 18:25:41 localhost kernel: [   23.012574] [L1096][S0]vin_node_start done
Mar  5 18:25:41 localhost kernel: [   23.012579] [VIN_NODE]:[L546][C0]vin_node_video_streamon done
Mar  5 18:25:41 localhost kernel: [   23.012583] [VPF ops]:[L1639][vin3_src][S3][C0] vpf_video_start: done start_cnt 2
Mar  5 18:25:43 localhost kernel: [   24.605262] hobot_jpu_dev: [JPUDRV]jpu_alloc_instance_id:1821: [-]JDI_IOCTL_ALLOCATE_INSTANCE_ID id = 0, current_pid=1605, tgid=1408
Mar  5 18:25:43 localhost kernel: [   24.625183] hobot_jpu_dev: [JPUDRV]jpu_alloc_instance_id:1821: [-]JDI_IOCTL_ALLOCATE_INSTANCE_ID id = 1, current_pid=1605, tgid=1408
Mar  5 18:25:43 localhost kernel: [   24.635929] [GDC ops]:[L87][gdc0_src][C0] gdc_subdev_open: cnt 1
Mar  5 18:25:43 localhost kernel: [   24.635952] [VPF ops]:[L2575][gdc0_src] vpf_device_open: done
Mar  5 18:25:43 localhost kernel: [   24.635972] [GDC ops]:[L87][gdc0_cap][C0] gdc_subdev_open: cnt 2
Mar  5 18:25:43 localhost kernel: [   24.635977] [VPF ops]:[L2575][gdc0_cap] vpf_device_open: done
Mar  5 18:25:43 localhost kernel: [   24.635986] [VPF ops]:[L1031][gdc0_src][C0] vpf_video_get_version: done
Mar  5 18:25:43 localhost kernel: [   24.635996] [VPF ops]:[L439][gdc0_src][C0] vpf_vctx_bind_vdev: done, ctx_index(0) refcount(1)
Mar  5 18:25:43 localhost kernel: [   24.636003] [VPF ops]:[L1875][gdc0_src][C0] vpf_video_bind_context: done
Mar  5 18:25:43 localhost kernel: [   24.636010] [VPF ops]:[L439][gdc0_cap][C0] vpf_vctx_bind_vdev: done, ctx_index(0) refcount(1)
Mar  5 18:25:43 localhost kernel: [   24.636014] [VPF ops]:[L1875][gdc0_cap][C0] vpf_video_bind_context: done
Mar  5 18:25:43 localhost kernel: [   24.636049] [VPF ops]:[L1079][gdc0_src][C0] vpf_video_get_struct_size: done
Mar  5 18:25:43 localhost kernel: [   24.636057] [VPF ops]:[L689][gdc0_cap][C0] vpf_video_set_init_attr: done
Mar  5 18:25:43 localhost kernel: [   24.636087] [VIO node]:[L104][gdc0] vio_group_task_start: sched_mode 1
Mar  5 18:25:43 localhost kernel: [   24.636092] [VPF ops]:[L689][gdc0_src][C0] vpf_video_set_init_attr: done
Mar  5 18:25:43 localhost kernel: [   24.636110] [VPF ops]:[L1079][gdc0_src][C0] vpf_video_get_struct_size: done
Mar  5 18:25:43 localhost kernel: [   24.636144] [VPF ops]:[L1325][gdc0_src][C0] vpf_request_frames: reqbuf number 16
Mar  5 18:25:43 localhost kernel: [   24.636151] [VPF ops]:[L850][gdc0_src][C0] vpf_video_set_ichn_attr: done
Mar  5 18:25:43 localhost kernel: [   24.636172] [VPF ops]:[L1079][gdc0_src][C0] vpf_video_get_struct_size: done
Mar  5 18:25:43 localhost kernel: [   24.636187] [VPF ops]:[L1325][gdc0_cap][C0] vpf_request_frames: reqbuf number 16
Mar  5 18:25:43 localhost kernel: [   24.636192] [VPF ops]:[L978][gdc0_cap][C0] vpf_video_set_ochn_attr: done
Mar  5 18:25:43 localhost kernel: [   24.636217] [VPF ops]:[L1325][gdc0_cap][C0] vpf_request_frames: reqbuf number 3
Mar  5 18:25:43 localhost kernel: [   24.636713] [VPF ops]:[L1464][gdc0_cap][C0] vpf_video_reqbufs: done
Mar  5 18:25:43 localhost kernel: [   24.636757] [VPF ops]:[L2066][gdc0_cap][C0] vpf_video_querybuf: done
Mar  5 18:25:43 localhost kernel: [   24.636927] [VPF ops]:[L2066][gdc0_cap][C0] vpf_video_querybuf: done
Mar  5 18:25:43 localhost kernel: [   24.637045] [VPF ops]:[L2066][gdc0_cap][C0] vpf_video_querybuf: done
Mar  5 18:25:43 localhost kernel: [   24.637214] [VPF ops]:[L2575][flow] vpf_device_open: done
Mar  5 18:25:43 localhost kernel: [   24.637228] [VPF ops]:[L1031][flow][C0] vpf_video_get_version: done
Mar  5 18:25:43 localhost kernel: [   24.637236] [VPF ops]:[L360][S4] vpf_bind_chain: bind done
Mar  5 18:25:43 localhost kernel: [   24.637249] [VPF ops]:[L2223][flow][C4] vpf_video_bind_pipeline: done
Mar  5 18:25:43 localhost kernel: [   24.637288] [VPF ops]:[L1685][gdc0_src][S4][C0] vpf_chain_add_vnode: done
Mar  5 18:25:43 localhost kernel: [   24.637293] [VPF ops]:[L1825][gdc0_src][C0] vpf_video_add_vnode: done
Mar  5 18:25:43 localhost kernel: [   24.637319] [VPF chain]:[L279]vio_chain_path_show: [S4] gdc0_C0
Mar  5 18:25:43 localhost kernel: [   24.637327] [VPF ops]:[L632][gdc0_cap][S4] vpf_prepare_buffers: done
Mar  5 18:25:43 localhost kernel: [   24.637333] [GDC dev]:[L398][gdc0_cap][S4][C0] gdc_video_streamon leader 0
Mar  5 18:25:43 localhost kernel: [   24.637338] [VPF ops]:[L1639][gdc0_cap][S4][C0] vpf_video_start: done start_cnt 1
Mar  5 18:25:43 localhost kernel: [   24.637345] [GDC dev]:[L398][gdc0_src][S4][C0] gdc_video_streamon leader 1
Mar  5 18:25:43 localhost kernel: [   24.637349] [VPF ops]:[L1639][gdc0_src][S4][C0] vpf_video_start: done start_cnt 2
Mar  5 18:25:43 localhost kernel: [   24.637593] [GDC ops]:[L87][gdc0_src][C0] gdc_subdev_open: cnt 3
Mar  5 18:25:43 localhost kernel: [   24.637601] [VPF ops]:[L2575][gdc0_src] vpf_device_open: done
Mar  5 18:25:43 localhost kernel: [   24.637616] [GDC ops]:[L87][gdc0_cap][C0] gdc_subdev_open: cnt 4
Mar  5 18:25:43 localhost kernel: [   24.637621] [VPF ops]:[L2575][gdc0_cap] vpf_device_open: done
Mar  5 18:25:43 localhost kernel: [   24.637628] [VPF ops]:[L1031][gdc0_src][C0] vpf_video_get_version: done
Mar  5 18:25:43 localhost kernel: [   24.637636] [VPF ops]:[L439][gdc0_src][C1] vpf_vctx_bind_vdev: done, ctx_index(0) refcount(1)
Mar  5 18:25:43 localhost kernel: [   24.637644] [VPF ops]:[L1875][gdc0_src][C1] vpf_video_bind_context: done
Mar  5 18:25:43 localhost kernel: [   24.637649] [VPF ops]:[L439][gdc0_cap][C1] vpf_vctx_bind_vdev: done, ctx_index(0) refcount(1)
Mar  5 18:25:43 localhost kernel: [   24.637654] [VPF ops]:[L1875][gdc0_cap][C1] vpf_video_bind_context: done
Mar  5 18:25:43 localhost kernel: [   24.644417] [VPF ops]:[L1079][gdc0_src][C1] vpf_video_get_struct_size: done
Mar  5 18:25:43 localhost kernel: [   24.644445] [VPF ops]:[L689][gdc0_cap][C1] vpf_video_set_init_attr: done
Mar  5 18:25:43 localhost kernel: [   24.644472] [VPF ops]:[L689][gdc0_src][C1] vpf_video_set_init_attr: done
Mar  5 18:25:43 localhost kernel: [   24.644480] [VPF ops]:[L1079][gdc0_src][C1] vpf_video_get_struct_size: done
Mar  5 18:25:43 localhost kernel: [   24.644503] [VPF ops]:[L1325][gdc0_src][C1] vpf_request_frames: reqbuf number 16
Mar  5 18:25:43 localhost kernel: [   24.644509] [VPF ops]:[L850][gdc0_src][C1] vpf_video_set_ichn_attr: done
Mar  5 18:25:43 localhost kernel: [   24.644595] [VPF ops]:[L1079][gdc0_src][C1] vpf_video_get_struct_size: done
Mar  5 18:25:43 localhost kernel: [   24.644615] [VPF ops]:[L1325][gdc0_cap][C1] vpf_request_frames: reqbuf number 16
Mar  5 18:25:43 localhost kernel: [   24.644620] [VPF ops]:[L978][gdc0_cap][C1] vpf_video_set_ochn_attr: done
Mar  5 18:25:43 localhost kernel: [   24.644633] [VPF ops]:[L1325][gdc0_cap][C1] vpf_request_frames: reqbuf number 3
Mar  5 18:25:43 localhost kernel: [   24.644755] [VPF ops]:[L1464][gdc0_cap][C1] vpf_video_reqbufs: done
Mar  5 18:25:43 localhost kernel: [   24.644774] [VPF ops]:[L2066][gdc0_cap][C1] vpf_video_querybuf: done
Mar  5 18:25:43 localhost kernel: [   24.644937] [VPF ops]:[L2066][gdc0_cap][C1] vpf_video_querybuf: done
Mar  5 18:25:43 localhost kernel: [   24.645026] [VPF ops]:[L2066][gdc0_cap][C1] vpf_video_querybuf: done
Mar  5 18:25:43 localhost kernel: [   24.645311] [VPF ops]:[L2575][flow] vpf_device_open: done
Mar  5 18:25:43 localhost kernel: [   24.645325] [VPF ops]:[L1031][flow][C0] vpf_video_get_version: done
Mar  5 18:25:43 localhost kernel: [   24.645332] [VPF ops]:[L360][S5] vpf_bind_chain: bind done
Mar  5 18:25:43 localhost kernel: [   24.645346] [VPF ops]:[L2223][flow][C5] vpf_video_bind_pipeline: done
Mar  5 18:25:43 localhost kernel: [   24.645358] [VPF ops]:[L1685][gdc0_src][S5][C1] vpf_chain_add_vnode: done
Mar  5 18:25:43 localhost kernel: [   24.645363] [VPF ops]:[L1825][gdc0_src][C1] vpf_video_add_vnode: done
Mar  5 18:25:43 localhost kernel: [   24.645375] [VPF chain]:[L279]vio_chain_path_show: [S5] gdc0_C1
Mar  5 18:25:43 localhost kernel: [   24.645383] [VPF ops]:[L632][gdc0_cap][S5] vpf_prepare_buffers: done
Mar  5 18:25:43 localhost kernel: [   24.645389] [GDC dev]:[L398][gdc0_cap][S5][C1] gdc_video_streamon leader 0
Mar  5 18:25:43 localhost kernel: [   24.645394] [VPF ops]:[L1639][gdc0_cap][S5][C1] vpf_video_start: done start_cnt 1
Mar  5 18:25:43 localhost kernel: [   24.645401] [GDC dev]:[L398][gdc0_src][S5][C1] gdc_video_streamon leader 1
Mar  5 18:25:43 localhost kernel: [   24.645405] [VPF ops]:[L1639][gdc0_src][S5][C1] vpf_video_start: done start_cnt 2
Mar  5 18:25:43 localhost kernel: [   24.645694] [VPF ops]:[L2575][vs-vse0_src] vpf_device_open: done
Mar  5 18:25:43 localhost kernel: [   24.645723] [VPF ops]:[L2575][vs-vse0_cap0] vpf_device_open: done
Mar  5 18:25:43 localhost kernel: [   24.645738] [VPF ops]:[L2575][vs-vse0_cap1] vpf_device_open: done
Mar  5 18:25:43 localhost kernel: [   24.645753] [VPF ops]:[L2575][vs-vse0_cap2] vpf_device_open: done
Mar  5 18:25:43 localhost kernel: [   24.645765] [VPF ops]:[L2575][vs-vse0_cap3] vpf_device_open: done
Mar  5 18:25:43 localhost kernel: [   24.645777] [VPF ops]:[L2575][vs-vse0_cap4] vpf_device_open: done
Mar  5 18:25:43 localhost kernel: [   24.645788] [VPF ops]:[L2575][vs-vse0_cap5] vpf_device_open: done
Mar  5 18:25:43 localhost kernel: [   24.645797] [VPF ops]:[L439][vs-vse0_src][C0] vpf_vctx_bind_vdev: done, ctx_index(0) refcount(1)
Mar  5 18:25:43 localhost kernel: [   24.645806] [VPF ops]:[L1875][vs-vse0_src][C0] vpf_video_bind_context: done
Mar  5 18:25:43 localhost kernel: [   24.645812] [VPF ops]:[L439][vs-vse0_cap0][C0] vpf_vctx_bind_vdev: done, ctx_index(0) refcount(1)
Mar  5 18:25:43 localhost kernel: [   24.645817] [VPF ops]:[L1875][vs-vse0_cap0][C0] vpf_video_bind_context: done
Mar  5 18:25:43 localhost kernel: [   24.645822] [VPF ops]:[L439][vs-vse0_cap1][C0] vpf_vctx_bind_vdev: done, ctx_index(0) refcount(1)
Mar  5 18:25:43 localhost kernel: [   24.645827] [VPF ops]:[L1875][vs-vse0_cap1][C0] vpf_video_bind_context: done
Mar  5 18:25:43 localhost kernel: [   24.645832] [VPF ops]:[L439][vs-vse0_cap2][C0] vpf_vctx_bind_vdev: done, ctx_index(0) refcount(1)
Mar  5 18:25:43 localhost kernel: [   24.645836] [VPF ops]:[L1875][vs-vse0_cap2][C0] vpf_video_bind_context: done
Mar  5 18:25:43 localhost kernel: [   24.645842] [VPF ops]:[L439][vs-vse0_cap3][C0] vpf_vctx_bind_vdev: done, ctx_index(0) refcount(1)
Mar  5 18:25:43 localhost kernel: [   24.645846] [VPF ops]:[L1875][vs-vse0_cap3][C0] vpf_video_bind_context: done
Mar  5 18:25:43 localhost kernel: [   24.645851] [VPF ops]:[L439][vs-vse0_cap4][C0] vpf_vctx_bind_vdev: done, ctx_index(0) refcount(1)
Mar  5 18:25:43 localhost kernel: [   24.645856] [VPF ops]:[L1875][vs-vse0_cap4][C0] vpf_video_bind_context: done
Mar  5 18:25:43 localhost kernel: [   24.645861] [VPF ops]:[L439][vs-vse0_cap5][C0] vpf_vctx_bind_vdev: done, ctx_index(0) refcount(1)
Mar  5 18:25:43 localhost kernel: [   24.645865] [VPF ops]:[L1875][vs-vse0_cap5][C0] vpf_video_bind_context: done
Mar  5 18:25:43 localhost kernel: [   24.645877] [VPF ops]:[L1079][vs-vse0_src][C0] vpf_video_get_struct_size: done
Mar  5 18:25:43 localhost kernel: [   24.645884] [VPF ops]:[L689][vs-vse0_cap0][C0] vpf_video_set_init_attr: done
Mar  5 18:25:43 localhost kernel: [   24.645889] vse_video_set_cfg set vse state to INITED
Mar  5 18:25:43 localhost kernel: [   24.648583] [VIO node]:[L104][vse0] vio_group_task_start: sched_mode 1
Mar  5 18:25:43 localhost kernel: [   24.648619] [VPF ops]:[L689][vs-vse0_src][C0] vpf_video_set_init_attr: done
Mar  5 18:25:43 localhost kernel: [   24.648640] [VPF ops]:[L689][vs-vse0_cap1][C0] vpf_video_set_init_attr: done
Mar  5 18:25:43 localhost kernel: [   24.648647] [VPF ops]:[L689][vs-vse0_cap2][C0] vpf_video_set_init_attr: done
Mar  5 18:25:43 localhost kernel: [   24.648653] [VPF ops]:[L689][vs-vse0_cap3][C0] vpf_video_set_init_attr: done
Mar  5 18:25:43 localhost kernel: [   24.648659] [VPF ops]:[L689][vs-vse0_cap4][C0] vpf_video_set_init_attr: done
Mar  5 18:25:43 localhost kernel: [   24.648664] [VPF ops]:[L689][vs-vse0_cap5][C0] vpf_video_set_init_attr: done
Mar  5 18:25:43 localhost kernel: [   24.648680] [VPF ops]:[L1079][vs-vse0_src][C0] vpf_video_get_struct_size: done
Mar  5 18:25:43 localhost kernel: [   24.648694] vse_video_set_ichn_attr format=6,width=1088,stride=1088,height=1280
Mar  5 18:25:43 localhost kernel: [   24.648786] vse_video_reqbufs done bit_map 0x1 planecount 2
Mar  5 18:25:43 localhost kernel: [   24.648807] [VPF ops]:[L1325][vs-vse0_src][C0] vpf_request_frames: reqbuf number 16
Mar  5 18:25:43 localhost kernel: [   24.648813] [VPF ops]:[L850][vs-vse0_src][C0] vpf_video_set_ichn_attr: done
Mar  5 18:25:43 localhost kernel: [   24.649031] [VPF ops]:[L1079][vs-vse0_src][C0] vpf_video_get_struct_size: done
Mar  5 18:25:43 localhost kernel: [   24.649049] vse_video_set_ochn_attr vctx->ctx_id=0,vctx->id=8
Mar  5 18:25:43 localhost kernel: [   24.649056] vse_video_set_ochn_attr ochn_id=0,format=6,width=480,stride=480,height=640
Mar  5 18:25:43 localhost kernel: [   24.649120] [vse_drv]: vse_set_fps_rate: vse-0 chn-0, fps.src 30, fps.dst 30
Mar  5 18:25:43 localhost kernel: [   24.649129] vse_video_reqbufs done bit_map 0x1 planecount 2
Mar  5 18:25:43 localhost kernel: [   24.649150] [VPF ops]:[L1325][vs-vse0_cap0][C0] vpf_request_frames: reqbuf number 16
Mar  5 18:25:43 localhost kernel: [   24.649157] [VPF ops]:[L978][vs-vse0_cap0][C0] vpf_video_set_ochn_attr: done
Mar  5 18:25:43 localhost kernel: [   24.649169] vse_video_reqbufs done bit_map 0x1 planecount 2
Mar  5 18:25:43 localhost kernel: [   24.649186] [VPF ops]:[L1325][vs-vse0_cap0][C0] vpf_request_frames: reqbuf number 3
Mar  5 18:25:43 localhost kernel: [   24.649304] [VPF ops]:[L1464][vs-vse0_cap0][C0] vpf_video_reqbufs: done
Mar  5 18:25:43 localhost kernel: [   24.649326] [VPF ops]:[L2066][vs-vse0_cap0][C0] vpf_video_querybuf: done
Mar  5 18:25:43 localhost kernel: [   24.649494] [VPF ops]:[L2066][vs-vse0_cap0][C0] vpf_video_querybuf: done
Mar  5 18:25:43 localhost kernel: [   24.649597] [VPF ops]:[L2066][vs-vse0_cap0][C0] vpf_video_querybuf: done
Mar  5 18:25:43 localhost kernel: [   24.649785] [VPF chain]:[L250]vio_chain_path_show: feedback independent mode
Mar  5 18:25:43 localhost kernel: [   24.649796] [VPF ops]:[L632][vs-vse0_cap0][S65535] vpf_prepare_buffers: done
Mar  5 18:25:43 localhost kernel: [   24.649802] [VPF ops]:[L1639][vs-vse0_cap0][S65535][C0] vpf_video_start: done start_cnt 1
Mar  5 18:25:43 localhost kernel: [   24.649834] [VPF chain]:[L250]vio_chain_path_show: feedback independent mode
Mar  5 18:25:43 localhost kernel: [   24.649906] vse_video_streamon ctx.sink_online_en=0
Mar  5 18:25:43 localhost kernel: [   24.650454] [VPF ops]:[L1639][vs-vse0_src][S65535][C0] vpf_video_start: done start_cnt 2
Mar  5 18:25:43 localhost kernel: [   24.664381] hobot_jpu_dev: [JPUDRV]jpu_open_instance:1573: [-]JDI_IOCTL_OPEN_INSTANCE inst_idx=1, s_jpu_open_ref_count=1, inst_open_count=2, current_pid=1883, tgid=1408
Mar  5 18:25:43 localhost kernel: [   24.675025] hobot_jpu_dev: [JPUDRV]jpu_open_instance:1573: [-]JDI_IOCTL_OPEN_INSTANCE inst_idx=0, s_jpu_open_ref_count=2, inst_open_count=2, current_pid=1880, tgid=1408
Mar  5 18:25:43 localhost kernel: [   25.220899] hobot_jpu_dev: [JPUDRV]jpu_alloc_instance_id:1821: [-]JDI_IOCTL_ALLOCATE_INSTANCE_ID id = 2, current_pid=1639, tgid=1408
Mar  5 18:25:43 localhost kernel: [   25.234264] hobot_jpu_dev: [JPUDRV]jpu_alloc_instance_id:1821: [-]JDI_IOCTL_ALLOCATE_INSTANCE_ID id = 3, current_pid=1639, tgid=1408
Mar  5 18:25:43 localhost kernel: [   25.248912] [GDC ops]:[L87][gdc0_src][C0] gdc_subdev_open: cnt 5
Mar  5 18:25:43 localhost kernel: [   25.248936] [VPF ops]:[L2575][gdc0_src] vpf_device_open: done
Mar  5 18:25:43 localhost kernel: [   25.248961] [GDC ops]:[L87][gdc0_cap][C0] gdc_subdev_open: cnt 6
Mar  5 18:25:43 localhost kernel: [   25.248968] [VPF ops]:[L2575][gdc0_cap] vpf_device_open: done
Mar  5 18:25:43 localhost kernel: [   25.248977] [VPF ops]:[L1031][gdc0_src][C0] vpf_video_get_version: done
Mar  5 18:25:43 localhost kernel: [   25.248987] [VPF ops]:[L439][gdc0_src][C2] vpf_vctx_bind_vdev: done, ctx_index(0) refcount(1)
Mar  5 18:25:43 localhost kernel: [   25.248995] [VPF ops]:[L1875][gdc0_src][C2] vpf_video_bind_context: done
Mar  5 18:25:43 localhost kernel: [   25.249002] [VPF ops]:[L439][gdc0_cap][C2] vpf_vctx_bind_vdev: done, ctx_index(0) refcount(1)
Mar  5 18:25:43 localhost kernel: [   25.249006] [VPF ops]:[L1875][gdc0_cap][C2] vpf_video_bind_context: done
Mar  5 18:25:43 localhost kernel: [   25.249019] [VPF ops]:[L1079][gdc0_src][C2] vpf_video_get_struct_size: done
Mar  5 18:25:43 localhost kernel: [   25.249026] [VPF ops]:[L689][gdc0_cap][C2] vpf_video_set_init_attr: done
Mar  5 18:25:43 localhost kernel: [   25.249053] [VPF ops]:[L689][gdc0_src][C2] vpf_video_set_init_attr: done
Mar  5 18:25:43 localhost kernel: [   25.249061] [VPF ops]:[L1079][gdc0_src][C2] vpf_video_get_struct_size: done
Mar  5 18:25:43 localhost kernel: [   25.249081] [VPF ops]:[L1325][gdc0_src][C2] vpf_request_frames: reqbuf number 16
Mar  5 18:25:43 localhost kernel: [   25.249088] [VPF ops]:[L850][gdc0_src][C2] vpf_video_set_ichn_attr: done
Mar  5 18:25:43 localhost kernel: [   25.249095] [VPF ops]:[L1079][gdc0_src][C2] vpf_video_get_struct_size: done
Mar  5 18:25:43 localhost kernel: [   25.249110] [VPF ops]:[L1325][gdc0_cap][C2] vpf_request_frames: reqbuf number 16
Mar  5 18:25:43 localhost kernel: [   25.249119] [VPF ops]:[L978][gdc0_cap][C2] vpf_video_set_ochn_attr: done
Mar  5 18:25:43 localhost kernel: [   25.249132] [VPF ops]:[L1325][gdc0_cap][C2] vpf_request_frames: reqbuf number 3
Mar  5 18:25:43 localhost kernel: [   25.249229] [VPF ops]:[L1464][gdc0_cap][C2] vpf_video_reqbufs: done
Mar  5 18:25:43 localhost kernel: [   25.249256] [VPF ops]:[L2066][gdc0_cap][C2] vpf_video_querybuf: done
Mar  5 18:25:43 localhost kernel: [   25.249393] [VPF ops]:[L2066][gdc0_cap][C2] vpf_video_querybuf: done
Mar  5 18:25:43 localhost kernel: [   25.250203] [VPF ops]:[L2066][gdc0_cap][C2] vpf_video_querybuf: done
Mar  5 18:25:43 localhost kernel: [   25.250408] [VPF ops]:[L2575][flow] vpf_device_open: done
Mar  5 18:25:43 localhost kernel: [   25.250436] [VPF ops]:[L1031][flow][C0] vpf_video_get_version: done
Mar  5 18:25:43 localhost kernel: [   25.250447] [VPF ops]:[L360][S6] vpf_bind_chain: bind done
Mar  5 18:25:43 localhost kernel: [   25.250473] [VPF ops]:[L2223][flow][C6] vpf_video_bind_pipeline: done
Mar  5 18:25:43 localhost kernel: [   25.250487] [VPF ops]:[L1685][gdc0_src][S6][C2] vpf_chain_add_vnode: done
Mar  5 18:25:43 localhost kernel: [   25.250493] [VPF ops]:[L1825][gdc0_src][C2] vpf_video_add_vnode: done
Mar  5 18:25:43 localhost kernel: [   25.250511] [VPF chain]:[L279]vio_chain_path_show: [S6] gdc0_C2
Mar  5 18:25:43 localhost kernel: [   25.250522] [VPF ops]:[L632][gdc0_cap][S6] vpf_prepare_buffers: done
Mar  5 18:25:43 localhost kernel: [   25.250530] [GDC dev]:[L398][gdc0_cap][S6][C2] gdc_video_streamon leader 0
Mar  5 18:25:43 localhost kernel: [   25.250535] [VPF ops]:[L1639][gdc0_cap][S6][C2] vpf_video_start: done start_cnt 1
Mar  5 18:25:43 localhost kernel: [   25.250542] [GDC dev]:[L398][gdc0_src][S6][C2] gdc_video_streamon leader 1
Mar  5 18:25:43 localhost kernel: [   25.250547] [VPF ops]:[L1639][gdc0_src][S6][C2] vpf_video_start: done start_cnt 2
Mar  5 18:25:43 localhost kernel: [   25.251282] [GDC ops]:[L87][gdc0_src][C0] gdc_subdev_open: cnt 7
Mar  5 18:25:43 localhost kernel: [   25.251303] [VPF ops]:[L2575][gdc0_src] vpf_device_open: done
Mar  5 18:25:43 localhost kernel: [   25.251331] [GDC ops]:[L87][gdc0_cap][C0] gdc_subdev_open: cnt 8
Mar  5 18:25:43 localhost kernel: [   25.251339] [VPF ops]:[L2575][gdc0_cap] vpf_device_open: done
Mar  5 18:25:43 localhost kernel: [   25.251347] [VPF ops]:[L1031][gdc0_src][C0] vpf_video_get_version: done
Mar  5 18:25:43 localhost kernel: [   25.251357] [VPF ops]:[L439][gdc0_src][C3] vpf_vctx_bind_vdev: done, ctx_index(0) refcount(1)
Mar  5 18:25:43 localhost kernel: [   25.251365] [VPF ops]:[L1875][gdc0_src][C3] vpf_video_bind_context: done
Mar  5 18:25:43 localhost kernel: [   25.251370] [VPF ops]:[L439][gdc0_cap][C3] vpf_vctx_bind_vdev: done, ctx_index(0) refcount(1)
Mar  5 18:25:43 localhost kernel: [   25.251375] [VPF ops]:[L1875][gdc0_cap][C3] vpf_video_bind_context: done
Mar  5 18:25:43 localhost kernel: [   25.256550] [VPF ops]:[L1079][gdc0_src][C3] vpf_video_get_struct_size: done
Mar  5 18:25:43 localhost kernel: [   25.256574] [VPF ops]:[L689][gdc0_cap][C3] vpf_video_set_init_attr: done
Mar  5 18:25:43 localhost kernel: [   25.256601] [VPF ops]:[L689][gdc0_src][C3] vpf_video_set_init_attr: done
Mar  5 18:25:43 localhost kernel: [   25.256610] [VPF ops]:[L1079][gdc0_src][C3] vpf_video_get_struct_size: done
Mar  5 18:25:43 localhost kernel: [   25.256631] [VPF ops]:[L1325][gdc0_src][C3] vpf_request_frames: reqbuf number 16
Mar  5 18:25:43 localhost kernel: [   25.256639] [VPF ops]:[L850][gdc0_src][C3] vpf_video_set_ichn_attr: done
Mar  5 18:25:43 localhost kernel: [   25.256646] [VPF ops]:[L1079][gdc0_src][C3] vpf_video_get_struct_size: done
Mar  5 18:25:43 localhost kernel: [   25.256666] [VPF ops]:[L1325][gdc0_cap][C3] vpf_request_frames: reqbuf number 16
Mar  5 18:25:43 localhost kernel: [   25.256671] [VPF ops]:[L978][gdc0_cap][C3] vpf_video_set_ochn_attr: done
Mar  5 18:25:43 localhost kernel: [   25.256685] [VPF ops]:[L1325][gdc0_cap][C3] vpf_request_frames: reqbuf number 3
Mar  5 18:25:43 localhost kernel: [   25.256973] [VPF ops]:[L1464][gdc0_cap][C3] vpf_video_reqbufs: done
Mar  5 18:25:43 localhost kernel: [   25.257004] [VPF ops]:[L2066][gdc0_cap][C3] vpf_video_querybuf: done
Mar  5 18:25:43 localhost kernel: [   25.257183] [VPF ops]:[L2066][gdc0_cap][C3] vpf_video_querybuf: done
Mar  5 18:25:43 localhost kernel: [   25.257290] [VPF ops]:[L2066][gdc0_cap][C3] vpf_video_querybuf: done
Mar  5 18:25:43 localhost kernel: [   25.259995] hobot_jpu_dev: [JPUDRV]jpu_open_instance:1573: [-]JDI_IOCTL_OPEN_INSTANCE inst_idx=3, s_jpu_open_ref_count=3, inst_open_count=4, current_pid=1927, tgid=1408
Mar  5 18:25:43 localhost kernel: [   25.260142] hobot_jpu_dev: [JPUDRV]jpu_open_instance:1573: [-]JDI_IOCTL_OPEN_INSTANCE inst_idx=2, s_jpu_open_ref_count=4, inst_open_count=4, current_pid=1924, tgid=1408
Mar  5 18:25:43 localhost kernel: [   25.263224] [VPF ops]:[L2575][flow] vpf_device_open: done
Mar  5 18:25:43 localhost kernel: [   25.263256] [VPF ops]:[L1031][flow][C0] vpf_video_get_version: done
Mar  5 18:25:43 localhost kernel: [   25.263265] [VPF ops]:[L360][S7] vpf_bind_chain: bind done
Mar  5 18:25:43 localhost kernel: [   25.263284] [VPF ops]:[L2223][flow][C7] vpf_video_bind_pipeline: done
Mar  5 18:25:43 localhost kernel: [   25.263300] [VPF ops]:[L1685][gdc0_src][S7][C3] vpf_chain_add_vnode: done
Mar  5 18:25:43 localhost kernel: [   25.263305] [VPF ops]:[L1825][gdc0_src][C3] vpf_video_add_vnode: done
Mar  5 18:25:43 localhost kernel: [   25.263318] [VPF chain]:[L279]vio_chain_path_show: [S7] gdc0_C3
Mar  5 18:25:43 localhost kernel: [   25.263328] [VPF ops]:[L632][gdc0_cap][S7] vpf_prepare_buffers: done
Mar  5 18:25:43 localhost kernel: [   25.263335] [GDC dev]:[L398][gdc0_cap][S7][C3] gdc_video_streamon leader 0
Mar  5 18:25:43 localhost kernel: [   25.263340] [VPF ops]:[L1639][gdc0_cap][S7][C3] vpf_video_start: done start_cnt 1
Mar  5 18:25:43 localhost kernel: [   25.263347] [GDC dev]:[L398][gdc0_src][S7][C3] gdc_video_streamon leader 1
Mar  5 18:25:43 localhost kernel: [   25.263351] [VPF ops]:[L1639][gdc0_src][S7][C3] vpf_video_start: done start_cnt 2
Mar  5 18:25:43 localhost kernel: [   25.263612] [VPF ops]:[L2575][vs-vse0_src] vpf_device_open: done
Mar  5 18:25:43 localhost kernel: [   25.263641] [VPF ops]:[L2575][vs-vse0_cap0] vpf_device_open: done
Mar  5 18:25:43 localhost kernel: [   25.263654] [VPF ops]:[L2575][vs-vse0_cap1] vpf_device_open: done
Mar  5 18:25:43 localhost kernel: [   25.263665] [VPF ops]:[L2575][vs-vse0_cap2] vpf_device_open: done
Mar  5 18:25:43 localhost kernel: [   25.263677] [VPF ops]:[L2575][vs-vse0_cap3] vpf_device_open: done
Mar  5 18:25:43 localhost kernel: [   25.266342] [VPF ops]:[L2575][vs-vse0_cap4] vpf_device_open: done
Mar  5 18:25:43 localhost kernel: [   25.266395] [VPF ops]:[L2575][vs-vse0_cap5] vpf_device_open: done
Mar  5 18:25:43 localhost kernel: [   25.266446] [VPF ops]:[L439][vs-vse0_src][C1] vpf_vctx_bind_vdev: done, ctx_index(0) refcount(1)
Mar  5 18:25:43 localhost kernel: [   25.266456] [VPF ops]:[L1875][vs-vse0_src][C1] vpf_video_bind_context: done
Mar  5 18:25:43 localhost kernel: [   25.266464] [VPF ops]:[L439][vs-vse0_cap0][C1] vpf_vctx_bind_vdev: done, ctx_index(0) refcount(1)
Mar  5 18:25:43 localhost kernel: [   25.266469] [VPF ops]:[L1875][vs-vse0_cap0][C1] vpf_video_bind_context: done
Mar  5 18:25:43 localhost kernel: [   25.266475] [VPF ops]:[L439][vs-vse0_cap1][C1] vpf_vctx_bind_vdev: done, ctx_index(0) refcount(1)
Mar  5 18:25:43 localhost kernel: [   25.266480] [VPF ops]:[L1875][vs-vse0_cap1][C1] vpf_video_bind_context: done
Mar  5 18:25:43 localhost kernel: [   25.266486] [VPF ops]:[L439][vs-vse0_cap2][C1] vpf_vctx_bind_vdev: done, ctx_index(0) refcount(1)
Mar  5 18:25:43 localhost kernel: [   25.266491] [VPF ops]:[L1875][vs-vse0_cap2][C1] vpf_video_bind_context: done
Mar  5 18:25:43 localhost kernel: [   25.266497] [VPF ops]:[L439][vs-vse0_cap3][C1] vpf_vctx_bind_vdev: done, ctx_index(0) refcount(1)
Mar  5 18:25:43 localhost kernel: [   25.266501] [VPF ops]:[L1875][vs-vse0_cap3][C1] vpf_video_bind_context: done
Mar  5 18:25:43 localhost kernel: [   25.266506] [VPF ops]:[L439][vs-vse0_cap4][C1] vpf_vctx_bind_vdev: done, ctx_index(0) refcount(1)
Mar  5 18:25:43 localhost kernel: [   25.266511] [VPF ops]:[L1875][vs-vse0_cap4][C1] vpf_video_bind_context: done
Mar  5 18:25:43 localhost kernel: [   25.266516] [VPF ops]:[L439][vs-vse0_cap5][C1] vpf_vctx_bind_vdev: done, ctx_index(0) refcount(1)
Mar  5 18:25:43 localhost kernel: [   25.266520] [VPF ops]:[L1875][vs-vse0_cap5][C1] vpf_video_bind_context: done
Mar  5 18:25:43 localhost kernel: [   25.266539] [VPF ops]:[L1079][vs-vse0_src][C1] vpf_video_get_struct_size: done
Mar  5 18:25:43 localhost kernel: [   25.266547] [VPF ops]:[L689][vs-vse0_cap0][C1] vpf_video_set_init_attr: done
Mar  5 18:25:43 localhost kernel: [   25.266552] vse_video_set_cfg set vse state to INITED
Mar  5 18:25:43 localhost kernel: [   25.267677] [VPF ops]:[L689][vs-vse0_src][C1] vpf_video_set_init_attr: done
Mar  5 18:25:43 localhost kernel: [   25.267715] [VPF ops]:[L689][vs-vse0_cap1][C1] vpf_video_set_init_attr: done
Mar  5 18:25:43 localhost kernel: [   25.267723] [VPF ops]:[L689][vs-vse0_cap2][C1] vpf_video_set_init_attr: done
Mar  5 18:25:43 localhost kernel: [   25.267730] [VPF ops]:[L689][vs-vse0_cap3][C1] vpf_video_set_init_attr: done
Mar  5 18:25:43 localhost kernel: [   25.267736] [VPF ops]:[L689][vs-vse0_cap4][C1] vpf_video_set_init_attr: done
Mar  5 18:25:43 localhost kernel: [   25.267742] [VPF ops]:[L689][vs-vse0_cap5][C1] vpf_video_set_init_attr: done
Mar  5 18:25:43 localhost kernel: [   25.267757] [VPF ops]:[L1079][vs-vse0_src][C1] vpf_video_get_struct_size: done
Mar  5 18:25:43 localhost kernel: [   25.267772] vse_video_set_ichn_attr format=6,width=1088,stride=1088,height=1280
Mar  5 18:25:43 localhost kernel: [   25.267857] vse_video_reqbufs done bit_map 0x1 planecount 2
Mar  5 18:25:43 localhost kernel: [   25.267879] [VPF ops]:[L1325][vs-vse0_src][C1] vpf_request_frames: reqbuf number 16
Mar  5 18:25:43 localhost kernel: [   25.267885] [VPF ops]:[L850][vs-vse0_src][C1] vpf_video_set_ichn_attr: done
Mar  5 18:25:43 localhost kernel: [   25.268187] [VPF ops]:[L1079][vs-vse0_src][C1] vpf_video_get_struct_size: done
Mar  5 18:25:43 localhost kernel: [   25.268205] vse_video_set_ochn_attr vctx->ctx_id=1,vctx->id=8
Mar  5 18:25:43 localhost kernel: [   25.268214] vse_video_set_ochn_attr ochn_id=0,format=6,width=480,stride=480,height=640
Mar  5 18:25:43 localhost kernel: [   25.269452] [vse_drv]: vse_set_fps_rate: vse-1 chn-0, fps.src 30, fps.dst 30
Mar  5 18:25:43 localhost kernel: [   25.269478] vse_video_reqbufs done bit_map 0x1 planecount 2
Mar  5 18:25:43 localhost kernel: [   25.269496] [VPF ops]:[L1325][vs-vse0_cap0][C1] vpf_request_frames: reqbuf number 16
Mar  5 18:25:43 localhost kernel: [   25.269503] [VPF ops]:[L978][vs-vse0_cap0][C1] vpf_video_set_ochn_attr: done
Mar  5 18:25:43 localhost kernel: [   25.269530] vse_video_reqbufs done bit_map 0x1 planecount 2
Mar  5 18:25:43 localhost kernel: [   25.269541] [VPF ops]:[L1325][vs-vse0_cap0][C1] vpf_request_frames: reqbuf number 3
Mar  5 18:25:43 localhost kernel: [   25.269910] [VPF ops]:[L1464][vs-vse0_cap0][C1] vpf_video_reqbufs: done
Mar  5 18:25:43 localhost kernel: [   25.269954] [VPF ops]:[L2066][vs-vse0_cap0][C1] vpf_video_querybuf: done
Mar  5 18:25:43 localhost kernel: [   25.270172] [VPF ops]:[L2066][vs-vse0_cap0][C1] vpf_video_querybuf: done
Mar  5 18:25:43 localhost kernel: [   25.270944] [VPF ops]:[L2066][vs-vse0_cap0][C1] vpf_video_querybuf: done
Mar  5 18:25:43 localhost kernel: [   25.271054] [VPF chain]:[L250]vio_chain_path_show: feedback independent mode
Mar  5 18:25:43 localhost kernel: [   25.271065] [VPF ops]:[L632][vs-vse0_cap0][S65535] vpf_prepare_buffers: done
Mar  5 18:25:43 localhost kernel: [   25.271071] [VPF ops]:[L1639][vs-vse0_cap0][S65535][C1] vpf_video_start: done start_cnt 1
Mar  5 18:25:43 localhost kernel: [   25.271079] [VPF chain]:[L250]vio_chain_path_show: feedback independent mode
Mar  5 18:25:43 localhost kernel: [   25.271098] vse_video_streamon ctx.sink_online_en=0
Mar  5 18:25:43 localhost kernel: [   25.271904] [VPF ops]:[L1639][vs-vse0_src][S65535][C1] vpf_video_start: done start_cnt 2
Mar  5 18:25:51 localhost kernel: [   33.201839] bestmow_monitor (1307): drop_caches: 1
Mar  5 18:25:52 localhost kernel: [   33.491453] bestmow_monitor (1307): drop_caches: 2
Mar  5 18:25:52 localhost kernel: [   33.549284] bestmow_monitor (1307): drop_caches: 3
Mar  5 18:26:05 localhost kernel: [   46.617631] [39598]rx host cmd:83
Mar  5 18:42:42 localhost kernel: [ 1043.936137] [VPF ops]:[L210][vs-vse0_cap5][S65535][C1] vpf_vdev_close: refcount 0
Mar  5 18:42:42 localhost kernel: [ 1043.936163] [VPF ops]:[L2554][vs-vse0_cap5] vpf_device_close: done
Mar  5 18:42:42 localhost kernel: [ 1043.936175] [VPF ops]:[L210][vs-vse0_cap4][S65535][C1] vpf_vdev_close: refcount 0
Mar  5 18:42:42 localhost kernel: [ 1043.936183] [VPF ops]:[L2554][vs-vse0_cap4] vpf_device_close: done
Mar  5 18:42:42 localhost kernel: [ 1043.936190] [VPF ops]:[L210][vs-vse0_cap3][S65535][C1] vpf_vdev_close: refcount 0
Mar  5 18:42:42 localhost kernel: [ 1043.936196] [VPF ops]:[L2554][vs-vse0_cap3] vpf_device_close: done
Mar  5 18:42:42 localhost kernel: [ 1043.936203] [VPF ops]:[L210][vs-vse0_cap2][S65535][C1] vpf_vdev_close: refcount 0
Mar  5 18:42:42 localhost kernel: [ 1043.936209] [VPF ops]:[L2554][vs-vse0_cap2] vpf_device_close: done
Mar  5 18:42:42 localhost kernel: [ 1043.936216] [VPF ops]:[L210][vs-vse0_cap1][S65535][C1] vpf_vdev_close: refcount 0
Mar  5 18:42:42 localhost kernel: [ 1043.936223] [VPF ops]:[L2554][vs-vse0_cap1] vpf_device_close: done
Mar  5 18:42:42 localhost kernel: [ 1043.936229] [VPF ops]:[L210][vs-vse0_cap0][S65535][C1] vpf_vdev_close: refcount 0
Mar  5 18:42:42 localhost kernel: [ 1043.936274] [VPF ops]:[L2554][vs-vse0_cap0] vpf_device_close: done
Mar  5 18:42:42 localhost kernel: [ 1043.936282] [VPF ops]:[L210][vs-vse0_src][S65535][C1] vpf_vdev_close: refcount 0
Mar  5 18:42:42 localhost kernel: [ 1043.936288] vse_nat_close set vse state to CLOSED
Mar  5 18:42:42 localhost kernel: [ 1043.937617] [VPF ops]:[L1719][vs-vse0_src][S65535][C1] vpf_chain_del_vnode: null
Mar  5 18:42:42 localhost kernel: [ 1043.937641] [VPF ops]:[L2554][vs-vse0_src] vpf_device_close: done
Mar  5 18:42:42 localhost kernel: [ 1043.937655] [VPF ops]:[L2492][flow][S7] vpf_subdev_close: done
Mar  5 18:42:42 localhost kernel: [ 1043.937661] [VPF ops]:[L2554][flow] vpf_device_close: done
Mar  5 18:42:42 localhost kernel: [ 1043.937758] [VPF ops]:[L81][S7][gdc0] vpf_wait_vnode_shot: cnt 10
Mar  5 18:42:42 localhost kernel: [ 1043.937768] [VPF ops]:[L1554][gdc0_src][S7][C3] vpf_video_stop: done start_cnt 1
Mar  5 18:42:42 localhost kernel: [ 1043.937779] [VPF ops]:[L1554][gdc0_cap][S7][C3] vpf_video_stop: done start_cnt 0
Mar  5 18:42:42 localhost kernel: [ 1043.937784] [VPF ops]:[L154][S7][gdc0] vpf_safety_close: sudden close
Mar  5 18:42:42 localhost kernel: [ 1043.937789] [VPF ops]:[L210][gdc0_cap][S7][C3] vpf_vdev_close: refcount 0
Mar  5 18:42:42 localhost kernel: [ 1043.937797] [GDC ops]:[L148][gdc0_cap][S7][C3] gdc_subdev_close: cnt 7
Mar  5 18:42:42 localhost kernel: [ 1043.937847] [VPF ops]:[L2554][gdc0_cap] vpf_device_close: done
Mar  5 18:42:42 localhost kernel: [ 1043.937856] [VPF ops]:[L210][gdc0_src][S7][C3] vpf_vdev_close: refcount 0
Mar  5 18:42:42 localhost kernel: [ 1043.937866] [GDC ops]:[L148][gdc0_src][S7][C3] gdc_subdev_close: cnt 6
Mar  5 18:42:42 localhost kernel: [ 1043.937890] [VPF ops]:[L1732][gdc0_src][S7][C3] vpf_chain_del_vnode: done
Mar  5 18:42:42 localhost kernel: [ 1043.937896] [VPF ops]:[L2554][gdc0_src] vpf_device_close: done
Mar  5 18:42:42 localhost kernel: [ 1043.937904] [VPF ops]:[L2492][flow][S6] vpf_subdev_close: done
Mar  5 18:42:42 localhost kernel: [ 1043.937909] [VPF ops]:[L2554][flow] vpf_device_close: done
Mar  5 18:42:42 localhost kernel: [ 1043.937968] [VPF ops]:[L81][S6][gdc0] vpf_wait_vnode_shot: cnt 10
Mar  5 18:42:42 localhost kernel: [ 1043.937976] [VPF ops]:[L1554][gdc0_src][S6][C2] vpf_video_stop: done start_cnt 1
Mar  5 18:42:42 localhost kernel: [ 1043.937984] [VPF ops]:[L1554][gdc0_cap][S6][C2] vpf_video_stop: done start_cnt 0
Mar  5 18:42:42 localhost kernel: [ 1043.937989] [VPF ops]:[L154][S6][gdc0] vpf_safety_close: sudden close
Mar  5 18:42:42 localhost kernel: [ 1043.937994] [VPF ops]:[L210][gdc0_cap][S6][C2] vpf_vdev_close: refcount 0
Mar  5 18:42:42 localhost kernel: [ 1043.938001] [GDC ops]:[L148][gdc0_cap][S6][C2] gdc_subdev_close: cnt 5
Mar  5 18:42:42 localhost kernel: [ 1043.938034] [VPF ops]:[L2554][gdc0_cap] vpf_device_close: done
Mar  5 18:42:42 localhost kernel: [ 1043.938041] [VPF ops]:[L210][gdc0_src][S6][C2] vpf_vdev_close: refcount 0
Mar  5 18:42:42 localhost kernel: [ 1043.938050] [GDC ops]:[L148][gdc0_src][S6][C2] gdc_subdev_close: cnt 4
Mar  5 18:42:42 localhost kernel: [ 1043.938065] [VPF ops]:[L1732][gdc0_src][S6][C2] vpf_chain_del_vnode: done
Mar  5 18:42:42 localhost kernel: [ 1043.938070] [VPF ops]:[L2554][gdc0_src] vpf_device_close: done
Mar  5 18:42:42 localhost kernel: [ 1043.938144] hobot_jpu_dev: [JPUDRV]jpu_release_internal_res:2600: finish jpu_release_internal_res, current_pid=1882, tgid=1408
Mar  5 18:42:42 localhost kernel: [ 1043.938167] hobot_jpu_dev: [JPUDRV]jpu_release_internal_res:2600: finish jpu_release_internal_res, current_pid=1882, tgid=1408
Mar  5 18:42:42 localhost kernel: [ 1043.938225] [VPF ops]:[L210][vs-vse0_cap5][S65535][C0] vpf_vdev_close: refcount 0
Mar  5 18:42:42 localhost kernel: [ 1043.938234] [VPF ops]:[L2554][vs-vse0_cap5] vpf_device_close: done
Mar  5 18:42:42 localhost kernel: [ 1043.938242] [VPF ops]:[L210][vs-vse0_cap4][S65535][C0] vpf_vdev_close: refcount 0
Mar  5 18:42:42 localhost kernel: [ 1043.938250] [VPF ops]:[L2554][vs-vse0_cap4] vpf_device_close: done
Mar  5 18:42:42 localhost kernel: [ 1043.938257] [VPF ops]:[L210][vs-vse0_cap3][S65535][C0] vpf_vdev_close: refcount 0
Mar  5 18:42:42 localhost kernel: [ 1043.938264] [VPF ops]:[L2554][vs-vse0_cap3] vpf_device_close: done
Mar  5 18:42:42 localhost kernel: [ 1043.938272] [VPF ops]:[L210][vs-vse0_cap2][S65535][C0] vpf_vdev_close: refcount 0
Mar  5 18:42:42 localhost kernel: [ 1043.938278] [VPF ops]:[L2554][vs-vse0_cap2] vpf_device_close: done
Mar  5 18:42:42 localhost kernel: [ 1043.938286] [VPF ops]:[L210][vs-vse0_cap1][S65535][C0] vpf_vdev_close: refcount 0
Mar  5 18:42:42 localhost kernel: [ 1043.938292] [VPF ops]:[L2554][vs-vse0_cap1] vpf_device_close: done
Mar  5 18:42:42 localhost kernel: [ 1043.938300] [VPF ops]:[L210][vs-vse0_cap0][S65535][C0] vpf_vdev_close: refcount 0
Mar  5 18:42:42 localhost kernel: [ 1043.938336] [VPF ops]:[L2554][vs-vse0_cap0] vpf_device_close: done
Mar  5 18:42:42 localhost kernel: [ 1043.938344] [VIO node]:[L141][vse0] vio_group_task_stop: done
Mar  5 18:42:42 localhost kernel: [ 1043.938350] [VPF ops]:[L210][vs-vse0_src][S65535][C0] vpf_vdev_close: refcount 0
Mar  5 18:42:42 localhost kernel: [ 1043.938356] vse_nat_close set vse state to CLOSED
Mar  5 18:42:42 localhost kernel: [ 1043.939401] vs-vse 3d010000.vse: DW module is busy now and cannot be reset!
Mar  5 18:42:42 localhost kernel: [ 1043.939420] vse_nat_close vse_close(ret=-16).
Mar  5 18:42:42 localhost kernel: [ 1043.939985] [VPF ops]:[L2547][vs-vse0_src] vpf_device_close: dev close error(-16)
Mar  5 18:42:42 localhost kernel: [ 1043.940955] [VPF ops]:[L1719][vs-vse0_src][S65535][C0] vpf_chain_del_vnode: null
Mar  5 18:42:42 localhost kernel: [ 1043.940962] [VPF ops]:[L2554][vs-vse0_src] vpf_device_close: done
Mar  5 18:42:42 localhost kernel: [ 1043.940975] [VPF ops]:[L2492][flow][S5] vpf_subdev_close: done
Mar  5 18:42:42 localhost kernel: [ 1043.940981] [VPF ops]:[L2554][flow] vpf_device_close: done
Mar  5 18:42:42 localhost kernel: [ 1043.941072] [VPF ops]:[L81][S5][gdc0] vpf_wait_vnode_shot: cnt 10
Mar  5 18:42:42 localhost kernel: [ 1043.941080] [VPF ops]:[L1554][gdc0_src][S5][C1] vpf_video_stop: done start_cnt 1
Mar  5 18:42:42 localhost kernel: [ 1043.941090] [VPF ops]:[L1554][gdc0_cap][S5][C1] vpf_video_stop: done start_cnt 0
Mar  5 18:42:42 localhost kernel: [ 1043.941095] [VPF ops]:[L154][S5][gdc0] vpf_safety_close: sudden close
Mar  5 18:42:42 localhost kernel: [ 1043.941101] [VPF ops]:[L210][gdc0_cap][S5][C1] vpf_vdev_close: refcount 0
Mar  5 18:42:42 localhost kernel: [ 1043.941108] [GDC ops]:[L148][gdc0_cap][S5][C1] gdc_subdev_close: cnt 3
Mar  5 18:42:42 localhost kernel: [ 1043.941156] [VPF ops]:[L2554][gdc0_cap] vpf_device_close: done
Mar  5 18:42:42 localhost kernel: [ 1043.941166] [VPF ops]:[L210][gdc0_src][S5][C1] vpf_vdev_close: refcount 0
Mar  5 18:42:42 localhost kernel: [ 1043.941175] [GDC ops]:[L148][gdc0_src][S5][C1] gdc_subdev_close: cnt 2
Mar  5 18:42:42 localhost kernel: [ 1043.941194] [VPF ops]:[L1732][gdc0_src][S5][C1] vpf_chain_del_vnode: done
Mar  5 18:42:42 localhost kernel: [ 1043.941200] [VPF ops]:[L2554][gdc0_src] vpf_device_close: done
Mar  5 18:42:42 localhost kernel: [ 1043.941207] [VPF ops]:[L2492][flow][S4] vpf_subdev_close: done
Mar  5 18:42:42 localhost kernel: [ 1043.941211] [VPF ops]:[L2554][flow] vpf_device_close: done
Mar  5 18:42:42 localhost kernel: [ 1043.941255] [VPF ops]:[L81][S4][gdc0] vpf_wait_vnode_shot: cnt 10
Mar  5 18:42:42 localhost kernel: [ 1043.941261] [VPF ops]:[L1554][gdc0_src][S4][C0] vpf_video_stop: done start_cnt 1
Mar  5 18:42:42 localhost kernel: [ 1043.941270] [VPF ops]:[L1554][gdc0_cap][S4][C0] vpf_video_stop: done start_cnt 0
Mar  5 18:42:42 localhost kernel: [ 1043.941275] [VPF ops]:[L154][S4][gdc0] vpf_safety_close: sudden close
Mar  5 18:42:42 localhost kernel: [ 1043.941280] [VPF ops]:[L210][gdc0_cap][S4][C0] vpf_vdev_close: refcount 0
Mar  5 18:42:42 localhost kernel: [ 1043.941286] [GDC ops]:[L148][gdc0_cap][S4][C0] gdc_subdev_close: cnt 1
Mar  5 18:42:42 localhost kernel: [ 1043.941317] [VPF ops]:[L2554][gdc0_cap] vpf_device_close: done
Mar  5 18:42:42 localhost kernel: [ 1043.941324] [VIO node]:[L141][gdc0] vio_group_task_stop: done
Mar  5 18:42:42 localhost kernel: [ 1043.941329] [VPF ops]:[L210][gdc0_src][S4][C0] vpf_vdev_close: refcount 0
Mar  5 18:42:42 localhost kernel: [ 1043.941338] [GDC ops]:[L734]gdc_force_stop: gdc is already free
Mar  5 18:42:42 localhost kernel: [ 1043.941352] [GDC ops]:[L148][gdc0_src][S4][C0] gdc_subdev_close: cnt 0
Mar  5 18:42:42 localhost kernel: [ 1043.941367] [VPF ops]:[L1732][gdc0_src][S4][C0] vpf_chain_del_vnode: done
Mar  5 18:42:42 localhost kernel: [ 1043.941373] [VPF ops]:[L2554][gdc0_src] vpf_device_close: done
Mar  5 18:42:42 localhost kernel: [ 1043.941425] hobot_jpu_dev: [JPUDRV]jpu_release_internal_res:2600: finish jpu_release_internal_res, current_pid=1882, tgid=1408
Mar  5 18:42:42 localhost kernel: [ 1043.941446] hobot_jpu_dev: [JPUDRV]jpu_release_internal_res:2600: finish jpu_release_internal_res, current_pid=1882, tgid=1408
Mar  5 18:42:42 localhost kernel: [ 1043.941465] hobot_jpu_dev: [JPUDRV]jpu_free_instances:764: jpu_free_instances detect instance crash instIdx=3, jip_base=ffff80000f2dd000, instance_pool_size_per_core=3592, current_pid=1882, tgid=1408, filp=ffff00008fb3ae00
Mar  5 18:42:42 localhost kernel: [ 1043.941480] hobot_jpu_dev: [JPUDRV]jpu_free_instances:764: jpu_free_instances detect instance crash instIdx=2, jip_base=ffff80000f2dd000, instance_pool_size_per_core=3592, current_pid=1882, tgid=1408, filp=ffff00008fb3ae00
Mar  5 18:42:42 localhost kernel: [ 1043.941490] hobot_jpu_dev: [JPUDRV]jpu_free_instances:764: jpu_free_instances detect instance crash instIdx=1, jip_base=ffff80000f2dd000, instance_pool_size_per_core=3592, current_pid=1882, tgid=1408, filp=ffff00008fb3ae00
Mar  5 18:42:42 localhost kernel: [ 1043.941499] hobot_jpu_dev: [JPUDRV]jpu_free_instances:764: jpu_free_instances detect instance crash instIdx=0, jip_base=ffff80000f2dd000, instance_pool_size_per_core=3592, current_pid=1882, tgid=1408, filp=ffff00008fb3ae00
Mar  5 18:42:42 localhost kernel: [ 1043.942102] hobot_jpu_dev: [JPUDRV]jpu_release_internal_res:2600: finish jpu_release_internal_res, current_pid=1882, tgid=1408
Mar  5 18:42:42 localhost kernel: [ 1043.942291] vin sensor3: sensor_frame_end_stop_wait 24503 fe 0ms abort
Mar  5 18:42:42 localhost kernel: [ 1043.942302] vin sensor3: stream off sensor3: size 10
Mar  5 18:42:42 localhost kernel: [ 1043.942702] vin sensor3: sensor_stop sc132gs flow3 stop done
Mar  5 18:42:42 localhost kernel: [ 1043.942710] vin sensor3: sensor_detach flow3 link0 from sensor3 sc132gs
Mar  5 18:42:42 localhost kernel: [ 1043.942822] vin sensor3: sc132gs release i2c7@0x33
Mar  5 18:42:42 localhost kernel: [ 1043.942841] [VPF ops]:[L2492][flow][S3] vpf_subdev_close: done
Mar  5 18:42:42 localhost kernel: [ 1043.942846] [VPF ops]:[L2554][flow] vpf_device_close: done
Mar  5 18:42:42 localhost kernel: [ 1043.942904] [VPF ops]:[L81][S3][vin3] vpf_wait_vnode_shot: cnt 10
Mar  5 18:42:42 localhost kernel: [ 1043.942917] [L898][S3]cim_subdev_pre_stop
Mar  5 18:42:42 localhost kernel: [ 1043.942924] vin sensor3: sensor_stop sc132gs has stoped 
Mar  5 18:42:42 localhost kernel: [ 1043.942929] vin vcon3: sensor3 stop real done
Mar  5 18:42:42 localhost kernel: [ 1043.942938] vin mipi3: stop cmd: 0 real
Mar  5 18:42:42 localhost kernel: [ 1043.942952] [L657]cim_check_exit_state cnt 20 status 0
Mar  5 18:42:42 localhost kernel: [ 1043.942961] [L849][S3]cim_subdev_stop
Mar  5 18:42:42 localhost kernel: [ 1043.942965] [CIM]:[L141][S0]cim_video_streamoff done
Mar  5 18:42:42 localhost kernel: [ 1043.942969] [L1185][S0]vin_node_stop done
Mar  5 18:42:42 localhost kernel: [ 1043.942974] [VIN_NODE]:[L578][C0]vin_node_video_streamoff done
Mar  5 18:42:42 localhost kernel: [ 1043.942978] [VPF ops]:[L1554][vin3_src][S3][C0] vpf_video_stop: done start_cnt 1
Mar  5 18:42:42 localhost kernel: [ 1043.942988] [VPF ops]:[L1554][vin3_cap][S3][C0] vpf_video_stop: done start_cnt 0
Mar  5 18:42:42 localhost kernel: [ 1043.942994] [VPF ops]:[L154][S3][vin3] vpf_safety_close: sudden close
Mar  5 18:42:42 localhost kernel: [ 1043.943004] [VPF ops]:[L81][S3][isp0] vpf_wait_vnode_shot: cnt 10
Mar  5 18:42:42 localhost kernel: [ 1043.943010] [VPF ops]:[L1554][vs-isp0_src][S3][C1] vpf_video_stop: done start_cnt 1
Mar  5 18:42:42 localhost kernel: [ 1043.943017] isp_video_streamoff inst: 1, set isp state to STOPPED
Mar  5 18:42:42 localhost kernel: [ 1043.944323] [VPF ops]:[L1554][vs-isp0_cap][S3][C1] vpf_video_stop: done start_cnt 0
Mar  5 18:42:42 localhost kernel: [ 1043.944343] [VPF ops]:[L154][S3][isp0] vpf_safety_close: sudden close
Mar  5 18:42:42 localhost kernel: [ 1043.944349] [VPF ops]:[L210][vs-isp0_cap_raw][S3][C1] vpf_vdev_close: refcount 0
Mar  5 18:42:42 localhost kernel: [ 1043.944358] [VPF ops]:[L2554][vs-isp0_cap_raw] vpf_device_close: done
Mar  5 18:42:42 localhost kernel: [ 1043.944370] [VPF ops]:[L210][vs-isp0_cap][S3][C1] vpf_vdev_close: refcount 0
Mar  5 18:42:42 localhost kernel: [ 1043.944376] isp_nat_close set isp state to CLOSED
Mar  5 18:42:42 localhost kernel: [ 1043.948544] [VPF ops]:[L2554][vs-isp0_cap] vpf_device_close: done
Mar  5 18:42:42 localhost kernel: [ 1043.948568] [VPF ops]:[L210][vs-isp0_src_pd][S3][C1] vpf_vdev_close: refcount 0
Mar  5 18:42:42 localhost kernel: [ 1043.948576] [VPF ops]:[L2554][vs-isp0_src_pd] vpf_device_close: done
Mar  5 18:42:42 localhost kernel: [ 1043.948584] [VPF ops]:[L210][vs-isp0_src][S3][C1] vpf_vdev_close: refcount 0
Mar  5 18:42:42 localhost kernel: [ 1043.948659] [VPF ops]:[L1732][vs-isp0_src][S3][C1] vpf_chain_del_vnode: done
Mar  5 18:42:42 localhost kernel: [ 1043.948665] [VPF ops]:[L2554][vs-isp0_src] vpf_device_close: done
Mar  5 18:42:42 localhost kernel: [ 1043.948714] [VPF ops]:[L210][vin3_pdaf][S3][C0] vpf_vdev_close: refcount 0
Mar  5 18:42:42 localhost kernel: [ 1043.948726] [L1119][S3] cim_subdev_close hw_id = 3, refcount = 0
Mar  5 18:42:42 localhost kernel: [ 1043.948731] [L1272][S3] cim_close open_cnt 3
Mar  5 18:42:42 localhost kernel: [ 1043.948735] [CIM]:[L216][S0]cim_video_close done ret:0 
Mar  5 18:42:42 localhost kernel: [ 1043.948740] [L1319][S0][V12] vin_node_close done
Mar  5 18:42:42 localhost kernel: [ 1043.948745] [VIN_NODE]:[L718][C0]vin_node_video_close done
Mar  5 18:42:42 localhost kernel: [ 1043.948751] [VPF ops]:[L2554][vin3_pdaf] vpf_device_close: done
Mar  5 18:42:42 localhost kernel: [ 1043.948759] [VPF ops]:[L210][vin3_emb][S3][C0] vpf_vdev_close: refcount 0
Mar  5 18:42:42 localhost kernel: [ 1043.948766] [L1119][S3] cim_subdev_close hw_id = 3, refcount = 0
Mar  5 18:42:42 localhost kernel: [ 1043.948770] [L1272][S3] cim_close open_cnt 2
Mar  5 18:42:42 localhost kernel: [ 1043.948774] [CIM]:[L216][S0]cim_video_close done ret:0 
Mar  5 18:42:42 localhost kernel: [ 1043.948778] [L1319][S0][V11] vin_node_close done
Mar  5 18:42:42 localhost kernel: [ 1043.948782] [VIN_NODE]:[L718][C0]vin_node_video_close done
Mar  5 18:42:42 localhost kernel: [ 1043.948787] [VPF ops]:[L2554][vin3_emb] vpf_device_close: done
Mar  5 18:42:42 localhost kernel: [ 1043.948795] [VPF ops]:[L210][vin3_cap][S3][C0] vpf_vdev_close: refcount 0
Mar  5 18:42:42 localhost kernel: [ 1043.948801] [L1119][S3] cim_subdev_close hw_id = 3, refcount = 0
Mar  5 18:42:42 localhost kernel: [ 1043.948805] [L1272][S3] cim_close open_cnt 1
Mar  5 18:42:42 localhost kernel: [ 1043.948809] [CIM]:[L216][S0]cim_video_close done ret:0 
Mar  5 18:42:42 localhost kernel: [ 1043.948813] [L1319][S0][V8] vin_node_close done
Mar  5 18:42:42 localhost kernel: [ 1043.948817] [VIN_NODE]:[L718][C0]vin_node_video_close done
Mar  5 18:42:42 localhost kernel: [ 1043.948851] [VPF ops]:[L2554][vin3_cap] vpf_device_close: done
Mar  5 18:42:42 localhost kernel: [ 1043.948860] [VIO node]:[L141][vin3] vio_group_task_stop: done
Mar  5 18:42:42 localhost kernel: [ 1043.948865] [VPF ops]:[L210][vin3_src][S3][C0] vpf_vdev_close: refcount 0
Mar  5 18:42:42 localhost kernel: [ 1043.948871] [L1119][S3] cim_subdev_close hw_id = 3, refcount = 0
Mar  5 18:42:42 localhost kernel: [ 1043.948879] [VPF mgr]:[L478]empty_camsys_reset: empty function
Mar  5 18:42:42 localhost kernel: [ 1043.948888] hobot-sif 3d050000.sif: sif3 reset done
Mar  5 18:42:42 localhost kernel: [ 1043.948895] [L1272][S3] cim_close open_cnt 0
Mar  5 18:42:42 localhost kernel: [ 1043.948899] [CIM]:[L216][S0]cim_video_close done ret:0 
Mar  5 18:42:42 localhost kernel: [ 1043.948930] vin mipi3: sensor3_mclk set 0 as 24000000
Mar  5 18:42:42 localhost kernel: [ 1043.948935] vin mipi3: snrclk set disable
Mar  5 18:42:42 localhost kernel: [ 1043.948941] vin mipi3: deinit cmd: 0 real
Mar  5 18:42:42 localhost kernel: [ 1043.948950] vin vcon3: get attr valid bus7 rx3 done
Mar  5 18:42:42 localhost kernel: [ 1043.948960] vin vcon3: flow3.ctx0 detach sensor3 done
Mar  5 18:42:42 localhost kernel: [ 1043.948965] vin vcon3: vcon3 close 0: flow3 ctx0 real
Mar  5 18:42:42 localhost kernel: [ 1043.948969] [L1319][S0][V0] vin_node_close done
Mar  5 18:42:42 localhost kernel: [ 1043.948973] [VIN_NODE]:[L718][C0]vin_node_video_close done
Mar  5 18:42:42 localhost kernel: [ 1043.948984] [VPF ops]:[L1732][vin3_src][S3][C0] vpf_chain_del_vnode: done
Mar  5 18:42:42 localhost kernel: [ 1043.948989] [VPF ops]:[L2554][vin3_src] vpf_device_close: done
Mar  5 18:42:42 localhost kernel: [ 1043.949004] vin sensor2: sensor_frame_end_stop_wait 5104 fe 0ms
Mar  5 18:42:42 localhost kernel: [ 1043.949010] vin sensor2: sensor_evk_do: finish to doing
Mar  5 18:42:42 localhost kernel: [ 1043.949016] vin sensor2: sensor_evk_do: doing wait evk abort -512
Mar  5 18:42:42 localhost kernel: [ 1043.949022] vin sensor2: sensor_detach flow2 link0 from sensor2 
Mar  5 18:42:42 localhost kernel: [ 1043.949029] vin sensor2:  release client NULL
Mar  5 18:42:42 localhost kernel: [ 1043.949042] [VPF ops]:[L2492][flow][S2] vpf_subdev_close: done
Mar  5 18:42:42 localhost kernel: [ 1043.949047] [VPF ops]:[L2554][flow] vpf_device_close: done
Mar  5 18:42:42 localhost kernel: [ 1043.949094] [VPF ops]:[L81][S2][vin1] vpf_wait_vnode_shot: cnt 10
Mar  5 18:42:42 localhost kernel: [ 1043.949104] [L898][S2]cim_subdev_pre_stop
Mar  5 18:42:42 localhost kernel: [ 1043.949111] vin sensor2: sensor_stop  has stoped 
Mar  5 18:42:42 localhost kernel: [ 1043.949116] vin vcon1: sensor2 stop real done
Mar  5 18:42:42 localhost kernel: [ 1043.949123] vin mipi1: stop cmd: 0 real
Mar  5 18:42:42 localhost kernel: [ 1043.949135] [L657]cim_check_exit_state cnt 20 status 0
Mar  5 18:42:42 localhost kernel: [ 1043.949144] [L849][S2]cim_subdev_stop
Mar  5 18:42:42 localhost kernel: [ 1043.949148] [CIM]:[L141][S0]cim_video_streamoff done
Mar  5 18:42:42 localhost kernel: [ 1043.949152] [L1185][S0]vin_node_stop done
Mar  5 18:42:42 localhost kernel: [ 1043.949156] [VIN_NODE]:[L578][C0]vin_node_video_streamoff done
Mar  5 18:42:42 localhost kernel: [ 1043.949161] [VPF ops]:[L1554][vin1_src][S2][C0] vpf_video_stop: done start_cnt 1
Mar  5 18:42:42 localhost kernel: [ 1043.949170] [VPF ops]:[L1554][vin1_cap][S2][C0] vpf_video_stop: done start_cnt 0
Mar  5 18:42:42 localhost kernel: [ 1043.949175] [VPF ops]:[L154][S2][vin1] vpf_safety_close: sudden close
Mar  5 18:42:42 localhost kernel: [ 1043.949181] [VPF ops]:[L210][vin1_pdaf][S2][C0] vpf_vdev_close: refcount 0
Mar  5 18:42:42 localhost kernel: [ 1043.949188] [L1119][S2] cim_subdev_close hw_id = 1, refcount = 0
Mar  5 18:42:42 localhost kernel: [ 1043.949193] [L1272][S2] cim_close open_cnt 3
Mar  5 18:42:42 localhost kernel: [ 1043.949197] [CIM]:[L216][S0]cim_video_close done ret:0 
Mar  5 18:42:42 localhost kernel: [ 1043.949202] [L1319][S0][V12] vin_node_close done
Mar  5 18:42:42 localhost kernel: [ 1043.949206] [VIN_NODE]:[L718][C0]vin_node_video_close done
Mar  5 18:42:42 localhost kernel: [ 1043.949210] [VPF ops]:[L2554][vin1_pdaf] vpf_device_close: done
Mar  5 18:42:42 localhost kernel: [ 1043.949219] [VPF ops]:[L210][vin1_emb][S2][C0] vpf_vdev_close: refcount 0
Mar  5 18:42:42 localhost kernel: [ 1043.949225] [L1119][S2] cim_subdev_close hw_id = 1, refcount = 0
Mar  5 18:42:42 localhost kernel: [ 1043.949229] [L1272][S2] cim_close open_cnt 2
Mar  5 18:42:42 localhost kernel: [ 1043.949233] [CIM]:[L216][S0]cim_video_close done ret:0 
Mar  5 18:42:42 localhost kernel: [ 1043.949238] [L1319][S0][V11] vin_node_close done
Mar  5 18:42:42 localhost kernel: [ 1043.949242] [VIN_NODE]:[L718][C0]vin_node_video_close done
Mar  5 18:42:42 localhost kernel: [ 1043.949247] [VPF ops]:[L2554][vin1_emb] vpf_device_close: done
Mar  5 18:42:42 localhost kernel: [ 1043.949253] [VPF ops]:[L210][vin1_cap][S2][C0] vpf_vdev_close: refcount 0
Mar  5 18:42:42 localhost kernel: [ 1043.949259] [L1119][S2] cim_subdev_close hw_id = 1, refcount = 0
Mar  5 18:42:42 localhost kernel: [ 1043.949264] [L1272][S2] cim_close open_cnt 1
Mar  5 18:42:42 localhost kernel: [ 1043.949267] [CIM]:[L216][S0]cim_video_close done ret:0 
Mar  5 18:42:42 localhost kernel: [ 1043.949272] [L1319][S0][V8] vin_node_close done
Mar  5 18:42:42 localhost kernel: [ 1043.949276] [VIN_NODE]:[L718][C0]vin_node_video_close done
Mar  5 18:42:42 localhost kernel: [ 1043.949313] [VPF ops]:[L2554][vin1_cap] vpf_device_close: done
Mar  5 18:42:42 localhost kernel: [ 1043.949320] [VIO node]:[L141][vin1] vio_group_task_stop: done
Mar  5 18:42:42 localhost kernel: [ 1043.949325] [VPF ops]:[L210][vin1_src][S2][C0] vpf_vdev_close: refcount 0
Mar  5 18:42:42 localhost kernel: [ 1043.949331] [L1119][S2] cim_subdev_close hw_id = 1, refcount = 0
Mar  5 18:42:42 localhost kernel: [ 1043.949337] [VPF mgr]:[L478]empty_camsys_reset: empty function
Mar  5 18:42:42 localhost kernel: [ 1043.949344] hobot-sif 3d030000.sif: sif1 reset done
Mar  5 18:42:42 localhost kernel: [ 1043.949349] [L1272][S2] cim_close open_cnt 0
Mar  5 18:42:42 localhost kernel: [ 1043.949354] [CIM]:[L216][S0]cim_video_close done ret:0 
Mar  5 18:42:42 localhost kernel: [ 1043.949374] vin mipi1: sensor1_mclk set 0 as 24000000
Mar  5 18:42:42 localhost kernel: [ 1043.949379] vin mipi1: snrclk set disable
Mar  5 18:42:42 localhost kernel: [ 1043.949383] vin mipi1: deinit cmd: 0 real
Mar  5 18:42:42 localhost kernel: [ 1043.949390] vin vcon1: get attr valid bus4 rx1 done
Mar  5 18:42:42 localhost kernel: [ 1043.949396] vin vcon1: flow2.ctx0 detach sensor2 done
Mar  5 18:42:42 localhost kernel: [ 1043.949401] vin vcon1: vcon1 close 0: flow2 ctx0 real
Mar  5 18:42:42 localhost kernel: [ 1043.949406] [L1319][S0][V0] vin_node_close done
Mar  5 18:42:42 localhost kernel: [ 1043.949410] [VIN_NODE]:[L718][C0]vin_node_video_close done
Mar  5 18:42:42 localhost kernel: [ 1043.949418] [VPF ops]:[L1732][vin1_src][S2][C0] vpf_chain_del_vnode: done
Mar  5 18:42:42 localhost kernel: [ 1043.949423] [VPF ops]:[L2554][vin1_src] vpf_device_close: done
Mar  5 18:42:42 localhost kernel: [ 1043.949432] vin sensor1: sensor_frame_end_stop_wait 5105 fe 0ms
Mar  5 18:42:42 localhost kernel: [ 1043.949436] vin sensor1: sensor_evk_do: finish to doing
Mar  5 18:42:42 localhost kernel: [ 1043.949442] vin sensor1: sensor_evk_do: doing wait evk abort -512
Mar  5 18:42:42 localhost kernel: [ 1043.949447] vin sensor1: sensor_detach flow1 link0 from sensor1 
Mar  5 18:42:42 localhost kernel: [ 1043.949453] vin sensor1:  release client NULL
Mar  5 18:42:42 localhost kernel: [ 1043.949462] [VPF ops]:[L2492][flow][S1] vpf_subdev_close: done
Mar  5 18:42:42 localhost kernel: [ 1043.949467] [VPF ops]:[L2554][flow] vpf_device_close: done
Mar  5 18:42:42 localhost kernel: [ 1043.949518] [VPF ops]:[L81][S1][vin0] vpf_wait_vnode_shot: cnt 10
Mar  5 18:42:42 localhost kernel: [ 1043.949528] [L898][S1]cim_subdev_pre_stop
Mar  5 18:42:42 localhost kernel: [ 1043.949534] vin sensor1: sensor_stop  has stoped 
Mar  5 18:42:42 localhost kernel: [ 1043.949538] vin vcon0: sensor1 stop real done
Mar  5 18:42:42 localhost kernel: [ 1043.949544] vin mipi0: stop cmd: 0 real
Mar  5 18:42:42 localhost kernel: [ 1043.949555] [L657]cim_check_exit_state cnt 20 status 0
Mar  5 18:42:42 localhost kernel: [ 1043.949563] [L849][S1]cim_subdev_stop
Mar  5 18:42:42 localhost kernel: [ 1043.949567] [CIM]:[L141][S0]cim_video_streamoff done
Mar  5 18:42:42 localhost kernel: [ 1043.949571] [L1185][S0]vin_node_stop done
Mar  5 18:42:42 localhost kernel: [ 1043.949574] [VIN_NODE]:[L578][C0]vin_node_video_streamoff done
Mar  5 18:42:42 localhost kernel: [ 1043.949579] [VPF ops]:[L1554][vin0_src][S1][C0] vpf_video_stop: done start_cnt 1
Mar  5 18:42:42 localhost kernel: [ 1043.949588] [VPF ops]:[L1554][vin0_cap][S1][C0] vpf_video_stop: done start_cnt 0
Mar  5 18:42:42 localhost kernel: [ 1043.949593] [VPF ops]:[L154][S1][vin0] vpf_safety_close: sudden close
Mar  5 18:42:42 localhost kernel: [ 1043.949600] [VPF ops]:[L210][vin0_pdaf][S1][C0] vpf_vdev_close: refcount 0
Mar  5 18:42:42 localhost kernel: [ 1043.949607] [L1119][S1] cim_subdev_close hw_id = 0, refcount = 0
Mar  5 18:42:42 localhost kernel: [ 1043.949612] [L1272][S1] cim_close open_cnt 3
Mar  5 18:42:42 localhost kernel: [ 1043.949616] [CIM]:[L216][S0]cim_video_close done ret:0 
Mar  5 18:42:42 localhost kernel: [ 1043.949621] [L1319][S0][V12] vin_node_close done
Mar  5 18:42:42 localhost kernel: [ 1043.949624] [VIN_NODE]:[L718][C0]vin_node_video_close done
Mar  5 18:42:42 localhost kernel: [ 1043.949629] [VPF ops]:[L2554][vin0_pdaf] vpf_device_close: done
Mar  5 18:42:42 localhost kernel: [ 1043.949638] [VPF ops]:[L210][vin0_emb][S1][C0] vpf_vdev_close: refcount 0
Mar  5 18:42:42 localhost kernel: [ 1043.949643] [L1119][S1] cim_subdev_close hw_id = 0, refcount = 0
Mar  5 18:42:42 localhost kernel: [ 1043.949648] [L1272][S1] cim_close open_cnt 2
Mar  5 18:42:42 localhost kernel: [ 1043.949653] [CIM]:[L216][S0]cim_video_close done ret:0 
Mar  5 18:42:42 localhost kernel: [ 1043.949657] [L1319][S0][V11] vin_node_close done
Mar  5 18:42:42 localhost kernel: [ 1043.949661] [VIN_NODE]:[L718][C0]vin_node_video_close done
Mar  5 18:42:42 localhost kernel: [ 1043.949665] [VPF ops]:[L2554][vin0_emb] vpf_device_close: done
Mar  5 18:42:42 localhost kernel: [ 1043.949672] [VPF ops]:[L210][vin0_cap][S1][C0] vpf_vdev_close: refcount 0
Mar  5 18:42:42 localhost kernel: [ 1043.949678] [L1119][S1] cim_subdev_close hw_id = 0, refcount = 0
Mar  5 18:42:42 localhost kernel: [ 1043.949683] [L1272][S1] cim_close open_cnt 1
Mar  5 18:42:42 localhost kernel: [ 1043.949687] [CIM]:[L216][S0]cim_video_close done ret:0 
Mar  5 18:42:42 localhost kernel: [ 1043.949691] [L1319][S0][V8] vin_node_close done
Mar  5 18:42:42 localhost kernel: [ 1043.949695] [VIN_NODE]:[L718][C0]vin_node_video_close done
Mar  5 18:42:42 localhost kernel: [ 1043.949728] [VPF ops]:[L2554][vin0_cap] vpf_device_close: done
Mar  5 18:42:42 localhost kernel: [ 1043.949736] [VIO node]:[L141][vin0] vio_group_task_stop: done
Mar  5 18:42:42 localhost kernel: [ 1043.949741] [VPF ops]:[L210][vin0_src][S1][C0] vpf_vdev_close: refcount 0
Mar  5 18:42:42 localhost kernel: [ 1043.949747] [L1119][S1] cim_subdev_close hw_id = 0, refcount = 0
Mar  5 18:42:42 localhost kernel: [ 1043.949752] [VPF mgr]:[L478]empty_camsys_reset: empty function
Mar  5 18:42:42 localhost kernel: [ 1043.949759] hobot-sif 3d020000.sif: sif0 reset done
Mar  5 18:42:42 localhost kernel: [ 1043.949765] [L1272][S1] cim_close open_cnt 0
Mar  5 18:42:42 localhost kernel: [ 1043.949769] [CIM]:[L216][S0]cim_video_close done ret:0 
Mar  5 18:42:42 localhost kernel: [ 1043.949788] vin mipi0: sensor0_mclk set 0 as 24000000
Mar  5 18:42:42 localhost kernel: [ 1043.949793] vin mipi0: snrclk set disable
Mar  5 18:42:42 localhost kernel: [ 1043.949797] vin mipi0: deinit cmd: 0 real
Mar  5 18:42:42 localhost kernel: [ 1043.949804] vin vcon0: get attr valid bus7 rx0 done
Mar  5 18:42:42 localhost kernel: [ 1043.949809] vin vcon0: flow1.ctx0 detach sensor1 done
Mar  5 18:42:42 localhost kernel: [ 1043.949814] vin vcon0: vcon0 close 0: flow1 ctx0 real
Mar  5 18:42:42 localhost kernel: [ 1043.949818] [L1319][S0][V0] vin_node_close done
Mar  5 18:42:42 localhost kernel: [ 1043.949822] [VIN_NODE]:[L718][C0]vin_node_video_close done
Mar  5 18:42:42 localhost kernel: [ 1043.949831] [VPF ops]:[L1732][vin0_src][S1][C0] vpf_chain_del_vnode: done
Mar  5 18:42:42 localhost kernel: [ 1043.949836] [VPF ops]:[L2554][vin0_src] vpf_device_close: done
Mar  5 18:42:42 localhost kernel: [ 1043.949852] vin sensor0: sensor_frame_end_stop_wait 24513 fe 0ms abort
Mar  5 18:42:42 localhost kernel: [ 1043.949859] vin sensor0: stream off sensor0: size 10
Mar  5 18:42:42 localhost kernel: [ 1043.950254] vin sensor0: sensor_stop sc132gs flow0 stop done
Mar  5 18:42:42 localhost kernel: [ 1043.950262] vin sensor0: sensor_detach flow0 link0 from sensor0 sc132gs
Mar  5 18:42:42 localhost kernel: [ 1043.950368] vin sensor0: sc132gs release i2c7@0x32
Mar  5 18:42:42 localhost kernel: [ 1043.950392] [VPF ops]:[L2492][flow][S0] vpf_subdev_close: done
Mar  5 18:42:42 localhost kernel: [ 1043.950397] [VPF ops]:[L2554][flow] vpf_device_close: done
Mar  5 18:42:42 localhost kernel: [ 1043.950450] [VPF ops]:[L81][S0][vin2] vpf_wait_vnode_shot: cnt 10
Mar  5 18:42:42 localhost kernel: [ 1043.950461] [L898][S0]cim_subdev_pre_stop
Mar  5 18:42:42 localhost kernel: [ 1043.950466] vin sensor0: sensor_stop sc132gs has stoped 
Mar  5 18:42:42 localhost kernel: [ 1043.950470] vin vcon2: sensor0 stop real done
Mar  5 18:42:42 localhost kernel: [ 1043.950478] vin mipi2: stop cmd: 0 real
Mar  5 18:42:42 localhost kernel: [ 1043.950489] [L657]cim_check_exit_state cnt 20 status 0
Mar  5 18:42:42 localhost kernel: [ 1043.950497] [L849][S0]cim_subdev_stop
Mar  5 18:42:42 localhost kernel: [ 1043.950501] [CIM]:[L141][S0]cim_video_streamoff done
Mar  5 18:42:42 localhost kernel: [ 1043.950505] [L1185][S0]vin_node_stop done
Mar  5 18:42:42 localhost kernel: [ 1043.950509] [VIN_NODE]:[L578][C0]vin_node_video_streamoff done
Mar  5 18:42:42 localhost kernel: [ 1043.950514] [VPF ops]:[L1554][vin2_src][S0][C0] vpf_video_stop: done start_cnt 1
Mar  5 18:42:42 localhost kernel: [ 1043.950523] [VPF ops]:[L1554][vin2_cap][S0][C0] vpf_video_stop: done start_cnt 0
Mar  5 18:42:42 localhost kernel: [ 1043.950529] [VPF ops]:[L154][S0][vin2] vpf_safety_close: sudden close
Mar  5 18:42:42 localhost kernel: [ 1043.950538] [VPF ops]:[L81][S0][isp0] vpf_wait_vnode_shot: cnt 10
Mar  5 18:42:42 localhost kernel: [ 1043.950545] [VPF ops]:[L1554][vs-isp0_src][S0][C0] vpf_video_stop: done start_cnt 1
Mar  5 18:42:42 localhost kernel: [ 1043.950552] isp_video_streamoff inst: 0, set isp state to STOPPED
Mar  5 18:42:42 localhost kernel: [ 1043.951628] [VPF ops]:[L1554][vs-isp0_cap][S0][C0] vpf_video_stop: done start_cnt 0
Mar  5 18:42:42 localhost kernel: [ 1043.951646] [VPF ops]:[L154][S0][isp0] vpf_safety_close: sudden close
Mar  5 18:42:42 localhost kernel: [ 1043.951653] [VPF ops]:[L210][vs-isp0_cap_raw][S0][C0] vpf_vdev_close: refcount 0
Mar  5 18:42:42 localhost kernel: [ 1043.951662] [VPF ops]:[L2554][vs-isp0_cap_raw] vpf_device_close: done
Mar  5 18:42:42 localhost kernel: [ 1043.951675] [VPF ops]:[L210][vs-isp0_cap][S0][C0] vpf_vdev_close: refcount 0
Mar  5 18:42:42 localhost kernel: [ 1043.951681] isp_nat_close set isp state to CLOSED
Mar  5 18:42:42 localhost kernel: [ 1043.954353] [VPF ops]:[L2554][vs-isp0_cap] vpf_device_close: done
Mar  5 18:42:42 localhost kernel: [ 1043.954378] [VPF ops]:[L210][vs-isp0_src_pd][S0][C0] vpf_vdev_close: refcount 0
Mar  5 18:42:42 localhost kernel: [ 1043.954385] [VPF ops]:[L2554][vs-isp0_src_pd] vpf_device_close: done
Mar  5 18:42:42 localhost kernel: [ 1043.954393] [VIO node]:[L141][isp0] vio_group_task_stop: done
Mar  5 18:42:42 localhost kernel: [ 1043.954398] [VPF ops]:[L210][vs-isp0_src][S0][C0] vpf_vdev_close: refcount 0
Mar  5 18:42:42 localhost kernel: [ 1043.954419] [VPF ops]:[L1732][vs-isp0_src][S0][C0] vpf_chain_del_vnode: done
Mar  5 18:42:42 localhost kernel: [ 1043.954425] [VPF ops]:[L2554][vs-isp0_src] vpf_device_close: done
Mar  5 18:42:42 localhost kernel: [ 1043.959682] [VPF ops]:[L210][vin2_pdaf][S0][C0] vpf_vdev_close: refcount 0
Mar  5 18:42:42 localhost kernel: [ 1043.959716] [L1119][S0] cim_subdev_close hw_id = 2, refcount = 0
Mar  5 18:42:42 localhost kernel: [ 1043.959722] [L1272][S0] cim_close open_cnt 3
Mar  5 18:42:42 localhost kernel: [ 1043.959727] [CIM]:[L216][S0]cim_video_close done ret:0 
Mar  5 18:42:42 localhost kernel: [ 1043.959731] [L1319][S0][V12] vin_node_close done
Mar  5 18:42:42 localhost kernel: [ 1043.959736] [VIN_NODE]:[L718][C0]vin_node_video_close done
Mar  5 18:42:42 localhost kernel: [ 1043.959742] [VPF ops]:[L2554][vin2_pdaf] vpf_device_close: done
Mar  5 18:42:42 localhost kernel: [ 1043.959751] [VPF ops]:[L210][vin2_emb][S0][C0] vpf_vdev_close: refcount 0
Mar  5 18:42:42 localhost kernel: [ 1043.959758] [L1119][S0] cim_subdev_close hw_id = 2, refcount = 0
Mar  5 18:42:42 localhost kernel: [ 1043.959763] [L1272][S0] cim_close open_cnt 2
Mar  5 18:42:42 localhost kernel: [ 1043.959767] [CIM]:[L216][S0]cim_video_close done ret:0 
Mar  5 18:42:42 localhost kernel: [ 1043.959771] [L1319][S0][V11] vin_node_close done
Mar  5 18:42:42 localhost kernel: [ 1043.959775] [VIN_NODE]:[L718][C0]vin_node_video_close done
Mar  5 18:42:42 localhost kernel: [ 1043.959779] [VPF ops]:[L2554][vin2_emb] vpf_device_close: done
Mar  5 18:42:42 localhost kernel: [ 1043.959787] [VPF ops]:[L210][vin2_cap][S0][C0] vpf_vdev_close: refcount 0
Mar  5 18:42:42 localhost kernel: [ 1043.959793] [L1119][S0] cim_subdev_close hw_id = 2, refcount = 0
Mar  5 18:42:42 localhost kernel: [ 1043.959798] [L1272][S0] cim_close open_cnt 1
Mar  5 18:42:42 localhost kernel: [ 1043.959803] [CIM]:[L216][S0]cim_video_close done ret:0 
Mar  5 18:42:42 localhost kernel: [ 1043.959807] [L1319][S0][V8] vin_node_close done
Mar  5 18:42:42 localhost kernel: [ 1043.959811] [VIN_NODE]:[L718][C0]vin_node_video_close done
Mar  5 18:42:42 localhost kernel: [ 1043.960326] [VPF ops]:[L2554][vin2_cap] vpf_device_close: done
Mar  5 18:42:42 localhost kernel: [ 1043.960341] [VIO node]:[L141][vin2] vio_group_task_stop: done
Mar  5 18:42:42 localhost kernel: [ 1043.960346] [VPF ops]:[L210][vin2_src][S0][C0] vpf_vdev_close: refcount 0
Mar  5 18:42:42 localhost kernel: [ 1043.960354] [L1119][S0] cim_subdev_close hw_id = 2, refcount = 0
Mar  5 18:42:42 localhost kernel: [ 1043.960361] [VPF mgr]:[L478]empty_camsys_reset: empty function
Mar  5 18:42:42 localhost kernel: [ 1043.960369] hobot-sif 3d040000.sif: sif2 reset done
Mar  5 18:42:42 localhost kernel: [ 1043.960386] [L1272][S0] cim_close open_cnt 0
Mar  5 18:42:42 localhost kernel: [ 1043.960391] [CIM]:[L216][S0]cim_video_close done ret:0 
Mar  5 18:42:42 localhost kernel: [ 1043.960418] vin mipi2: sensor2_mclk set 0 as 24000000
Mar  5 18:42:42 localhost kernel: [ 1043.960424] vin mipi2: snrclk set disable
Mar  5 18:42:42 localhost kernel: [ 1043.960429] vin mipi2: deinit cmd: 0 real
Mar  5 18:42:42 localhost kernel: [ 1043.960438] vin vcon2: get attr valid bus7 rx2 done
Mar  5 18:42:42 localhost kernel: [ 1043.960454] vin vcon2: flow0.ctx0 detach sensor0 done
Mar  5 18:42:42 localhost kernel: [ 1043.960458] vin vcon2: vcon2 close 0: flow0 ctx0 real
Mar  5 18:42:42 localhost kernel: [ 1043.960463] [L1319][S0][V0] vin_node_close done
Mar  5 18:42:42 localhost kernel: [ 1043.960467] [VIN_NODE]:[L718][C0]vin_node_video_close done
Mar  5 18:42:42 localhost kernel: [ 1043.960481] [VPF ops]:[L1732][vin2_src][S0][C0] vpf_chain_del_vnode: done
Mar  5 18:42:42 localhost kernel: [ 1043.960486] [VPF ops]:[L2554][vin2_src] vpf_device_close: done
Mar  5 18:43:30 localhost kernel: [ 1092.206917] EXT4-fs (mmcblk0p10): re-mounted. Quota mode: disabled.
Mar  5 18:42:33 localhost kernel: [ 1105.262098] [VPF mgr]:[L478]empty_camsys_reset: empty function
Mar  5 18:42:33 localhost kernel: [ 1105.262122] [L1228]cim_open open_cnt :1
Mar  5 18:42:33 localhost kernel: [ 1105.262127] [CIM]:[L192][S0]cim_video_open done ret val:0
Mar  5 18:42:33 localhost kernel: [ 1105.262131] [L1227][S0]vin_node_open done
Mar  5 18:42:33 localhost kernel: [ 1105.262136] [VIN_NODE]:[L694][C0]vin_node_video_open done
Mar  5 18:42:33 localhost kernel: [ 1105.262140] [VPF ops]:[L2575][vin2_src] vpf_device_open: done
Mar  5 18:42:33 localhost kernel: [ 1105.262160] [L1228]cim_open open_cnt :2
Mar  5 18:42:33 localhost kernel: [ 1105.262164] [CIM]:[L192][S0]cim_video_open done ret val:0
Mar  5 18:42:33 localhost kernel: [ 1105.262167] [L1227][S0]vin_node_open done
Mar  5 18:42:33 localhost kernel: [ 1105.262171] [VIN_NODE]:[L694][C0]vin_node_video_open done
Mar  5 18:42:33 localhost kernel: [ 1105.262174] [VPF ops]:[L2575][vin2_cap] vpf_device_open: done
Mar  5 18:42:33 localhost kernel: [ 1105.262187] [L1228]cim_open open_cnt :3
Mar  5 18:42:33 localhost kernel: [ 1105.262191] [CIM]:[L192][S0]cim_video_open done ret val:0
Mar  5 18:42:33 localhost kernel: [ 1105.262195] [L1227][S0]vin_node_open done
Mar  5 18:42:33 localhost kernel: [ 1105.262198] [VIN_NODE]:[L694][C0]vin_node_video_open done
Mar  5 18:42:33 localhost kernel: [ 1105.262201] [VPF ops]:[L2575][vin2_emb] vpf_device_open: done
Mar  5 18:42:33 localhost kernel: [ 1105.262214] [L1228]cim_open open_cnt :4
Mar  5 18:42:33 localhost kernel: [ 1105.262218] [CIM]:[L192][S0]cim_video_open done ret val:0
Mar  5 18:42:33 localhost kernel: [ 1105.262222] [L1227][S0]vin_node_open done
Mar  5 18:42:33 localhost kernel: [ 1105.262225] [VIN_NODE]:[L694][C0]vin_node_video_open done
Mar  5 18:42:33 localhost kernel: [ 1105.262228] [VPF ops]:[L2575][vin2_pdaf] vpf_device_open: done
Mar  5 18:42:33 localhost kernel: [ 1105.262262] [VPF ops]:[L439][vin2_src][C0] vpf_vctx_bind_vdev: done, ctx_index(0) refcount(1)
Mar  5 18:42:33 localhost kernel: [ 1105.262269] [VPF ops]:[L1875][vin2_src][C0] vpf_video_bind_context: done
Mar  5 18:42:33 localhost kernel: [ 1105.262276] [VPF ops]:[L439][vin2_cap][C0] vpf_vctx_bind_vdev: done, ctx_index(0) refcount(1)
Mar  5 18:42:33 localhost kernel: [ 1105.262282] [VPF ops]:[L1875][vin2_cap][C0] vpf_video_bind_context: done
Mar  5 18:42:33 localhost kernel: [ 1105.262288] [VPF ops]:[L439][vin2_emb][C0] vpf_vctx_bind_vdev: done, ctx_index(0) refcount(1)
Mar  5 18:42:33 localhost kernel: [ 1105.262292] [VPF ops]:[L1875][vin2_emb][C0] vpf_video_bind_context: done
Mar  5 18:42:33 localhost kernel: [ 1105.262298] [VPF ops]:[L439][vin2_pdaf][C0] vpf_vctx_bind_vdev: done, ctx_index(0) refcount(1)
Mar  5 18:42:33 localhost kernel: [ 1105.262302] [VPF ops]:[L1875][vin2_pdaf][C0] vpf_video_bind_context: done
Mar  5 18:42:33 localhost kernel: [ 1105.262329] [VIN_NODE]:[L38]The vin node driver version is v1.1
Mar  5 18:42:33 localhost kernel: [ 1105.262333] [VPF ops]:[L1031][vin2_src][C0] vpf_video_get_version: done
Mar  5 18:42:33 localhost kernel: [ 1105.262373] [VPF ops]:[L1079][vin2_src][C0] vpf_video_get_struct_size: done
Mar  5 18:42:33 localhost kernel: [ 1105.262394] [CIM]:[L247][C0]cim_video_set_attr done ret val:0
Mar  5 18:42:33 localhost kernel: [ 1105.262399] [L423][C0] vin_node_set_attr ipi 0 done
Mar  5 18:42:33 localhost kernel: [ 1105.262403] [VIN_NODE]:[L239][C0]vin_node_video_set_attr done
Mar  5 18:42:33 localhost kernel: [ 1105.262407] [VPF ops]:[L689][vin2_cap][C0] vpf_video_set_init_attr: done
Mar  5 18:42:33 localhost kernel: [ 1105.262417] vin vcon2: vcon2 open 0: flow65535 ctx0 real
Mar  5 18:42:33 localhost kernel: [ 1105.262423] [L624][S65535][C0][ipi0]cim_subdev_init hw_id = 2
Mar  5 18:42:33 localhost kernel: [ 1105.262428] [CIM]:[L247][C0]cim_video_set_attr done ret val:0
Mar  5 18:42:33 localhost kernel: [ 1105.262433] vin vcon2: get attr valid bus7 rx2 done
Mar  5 18:42:33 localhost kernel: [ 1105.262450] [L423][C0] vin_node_set_attr ipi 0 done
Mar  5 18:42:33 localhost kernel: [ 1105.262464] [VIN_NODE]:[L239][C0]vin_node_video_set_attr done
Mar  5 18:42:33 localhost kernel: [ 1105.262469] [VIO node]:[L104][vin2] vio_group_task_start: sched_mode 1
Mar  5 18:42:33 localhost kernel: [ 1105.262473] [VPF ops]:[L689][vin2_src][C0] vpf_video_set_init_attr: done
Mar  5 18:42:33 localhost kernel: [ 1105.262480] [CIM]:[L247][C0]cim_video_set_attr done ret val:0
Mar  5 18:42:33 localhost kernel: [ 1105.262485] [L423][C0] vin_node_set_attr ipi 0 done
Mar  5 18:42:33 localhost kernel: [ 1105.262488] [VIN_NODE]:[L239][C0]vin_node_video_set_attr done
Mar  5 18:42:33 localhost kernel: [ 1105.262491] [VPF ops]:[L689][vin2_emb][C0] vpf_video_set_init_attr: done
Mar  5 18:42:33 localhost kernel: [ 1105.262497] [CIM]:[L247][C0]cim_video_set_attr done ret val:0
Mar  5 18:42:33 localhost kernel: [ 1105.262501] [L423][C0] vin_node_set_attr ipi 0 done
Mar  5 18:42:33 localhost kernel: [ 1105.262505] [VIN_NODE]:[L239][C0]vin_node_video_set_attr done
Mar  5 18:42:33 localhost kernel: [ 1105.262508] [VPF ops]:[L689][vin2_pdaf][C0] vpf_video_set_init_attr: done
Mar  5 18:42:33 localhost kernel: [ 1105.262527] [VPF ops]:[L1079][vin2_src][C0] vpf_video_get_struct_size: done
Mar  5 18:42:33 localhost kernel: [ 1105.262544] [L709][S65535] vin_node_set_ichn_attr begin format 43 width 1088 
Mar  5 18:42:33 localhost kernel: [ 1105.262552] [L527][S0][ipi0]cim_set_ichn_attr done
Mar  5 18:42:33 localhost kernel: [ 1105.262557] [CIM]:[L309][S0]cim_video_set_ichn_attr done ret val:0
Mar  5 18:42:33 localhost kernel: [ 1105.262561] [L724][S0]vin_node_set_ichn_attr done
Mar  5 18:42:33 localhost kernel: [ 1105.262564] [VIN_NODE]:[L427][C0]vin_node_video_set_ichn_attr done
Mar  5 18:42:33 localhost kernel: [ 1105.262570] [L1023][S0] vin_node_reqbufs done bit_map 0x1 planecount 1 
Mar  5 18:42:33 localhost kernel: [ 1105.262576] [VIN_NODE]:[L743][C0]vin_node_video_reqbufs done
Mar  5 18:42:33 localhost kernel: [ 1105.262587] [VPF ops]:[L1193][F0] vpf_fill_frame_info: L0 use width instead of wstride
Mar  5 18:42:33 localhost kernel: [ 1105.262592] [VPF ops]:[L1197][F0] vpf_fill_frame_info: L0 use height instead of vstride
Mar  5 18:42:33 localhost kernel: [ 1105.262596] [VPF ops]:[L1193][F1] vpf_fill_frame_info: L0 use width instead of wstride
Mar  5 18:42:33 localhost kernel: [ 1105.262600] [VPF ops]:[L1197][F1] vpf_fill_frame_info: L0 use height instead of vstride
Mar  5 18:42:33 localhost kernel: [ 1105.262604] [VPF ops]:[L1193][F2] vpf_fill_frame_info: L0 use width instead of wstride
Mar  5 18:42:33 localhost kernel: [ 1105.262608] [VPF ops]:[L1197][F2] vpf_fill_frame_info: L0 use height instead of vstride
Mar  5 18:42:33 localhost kernel: [ 1105.262612] [VPF ops]:[L1193][F3] vpf_fill_frame_info: L0 use width instead of wstride
Mar  5 18:42:33 localhost kernel: [ 1105.262616] [VPF ops]:[L1197][F3] vpf_fill_frame_info: L0 use height instead of vstride
Mar  5 18:42:33 localhost kernel: [ 1105.262620] [VPF ops]:[L1193][F4] vpf_fill_frame_info: L0 use width instead of wstride
Mar  5 18:42:33 localhost kernel: [ 1105.262624] [VPF ops]:[L1197][F4] vpf_fill_frame_info: L0 use height instead of vstride
Mar  5 18:42:33 localhost kernel: [ 1105.262628] [VPF ops]:[L1193][F5] vpf_fill_frame_info: L0 use width instead of wstride
Mar  5 18:42:33 localhost kernel: [ 1105.262631] [VPF ops]:[L1197][F5] vpf_fill_frame_info: L0 use height instead of vstride
Mar  5 18:42:33 localhost kernel: [ 1105.262635] [VPF ops]:[L1193][F6] vpf_fill_frame_info: L0 use width instead of wstride
Mar  5 18:42:33 localhost kernel: [ 1105.262639] [VPF ops]:[L1197][F6] vpf_fill_frame_info: L0 use height instead of vstride
Mar  5 18:42:33 localhost kernel: [ 1105.262643] [VPF ops]:[L1193][F7] vpf_fill_frame_info: L0 use width instead of wstride
Mar  5 18:42:33 localhost kernel: [ 1105.262646] [VPF ops]:[L1197][F7] vpf_fill_frame_info: L0 use height instead of vstride
Mar  5 18:42:33 localhost kernel: [ 1105.262650] [VPF ops]:[L1193][F8] vpf_fill_frame_info: L0 use width instead of wstride
Mar  5 18:42:33 localhost kernel: [ 1105.262654] [VPF ops]:[L1197][F8] vpf_fill_frame_info: L0 use height instead of vstride
Mar  5 18:42:33 localhost kernel: [ 1105.262658] [VPF ops]:[L1193][F9] vpf_fill_frame_info: L0 use width instead of wstride
Mar  5 18:42:33 localhost kernel: [ 1105.262662] [VPF ops]:[L1197][F9] vpf_fill_frame_info: L0 use height instead of vstride
Mar  5 18:42:33 localhost kernel: [ 1105.262666] [VPF ops]:[L1193][F10] vpf_fill_frame_info: L0 use width instead of wstride
Mar  5 18:42:33 localhost kernel: [ 1105.262670] [VPF ops]:[L1197][F10] vpf_fill_frame_info: L0 use height instead of vstride
Mar  5 18:42:33 localhost kernel: [ 1105.262674] [VPF ops]:[L1193][F11] vpf_fill_frame_info: L0 use width instead of wstride
Mar  5 18:42:33 localhost kernel: [ 1105.262678] [VPF ops]:[L1197][F11] vpf_fill_frame_info: L0 use height instead of vstride
Mar  5 18:42:33 localhost kernel: [ 1105.262682] [VPF ops]:[L1193][F12] vpf_fill_frame_info: L0 use width instead of wstride
Mar  5 18:42:33 localhost kernel: [ 1105.262685] [VPF ops]:[L1197][F12] vpf_fill_frame_info: L0 use height instead of vstride
Mar  5 18:42:33 localhost kernel: [ 1105.262689] [VPF ops]:[L1193][F13] vpf_fill_frame_info: L0 use width instead of wstride
Mar  5 18:42:33 localhost kernel: [ 1105.262693] [VPF ops]:[L1197][F13] vpf_fill_frame_info: L0 use height instead of vstride
Mar  5 18:42:33 localhost kernel: [ 1105.262697] [VPF ops]:[L1193][F14] vpf_fill_frame_info: L0 use width instead of wstride
Mar  5 18:42:33 localhost kernel: [ 1105.262701] [VPF ops]:[L1197][F14] vpf_fill_frame_info: L0 use height instead of vstride
Mar  5 18:42:33 localhost kernel: [ 1105.262705] [VPF ops]:[L1193][F15] vpf_fill_frame_info: L0 use width instead of wstride
Mar  5 18:42:33 localhost kernel: [ 1105.262709] [VPF ops]:[L1197][F15] vpf_fill_frame_info: L0 use height instead of vstride
Mar  5 18:42:33 localhost kernel: [ 1105.262712] [VPF ops]:[L1325][vin2_src][C0] vpf_request_frames: reqbuf number 16
Mar  5 18:42:33 localhost kernel: [ 1105.262717] [VPF ops]:[L850][vin2_src][C0] vpf_video_set_ichn_attr: done
Mar  5 18:42:33 localhost kernel: [ 1105.262742] [VPF ops]:[L1079][vin2_src][C0] vpf_video_get_struct_size: done
Mar  5 18:42:33 localhost kernel: [ 1105.262761] [L236][S0] ochn0 auto calc vstride 1280
Mar  5 18:42:33 localhost kernel: [ 1105.262768] [L160]vin_basic_attr->format:43
Mar  5 18:42:33 localhost kernel: [ 1105.262772] [L425][S0][ipi0][ochn0]cim_set_ochn_attr done
Mar  5 18:42:33 localhost kernel: [ 1105.262776] [CIM]:[L340][S0]cim_video_set_ochn_attr done ret val:0
Mar  5 18:42:33 localhost kernel: [ 1105.262780] [L652][S0]vin_node_set_ochn_attr done
Mar  5 18:42:33 localhost kernel: [ 1105.262784] [VIN_NODE]:[L364][C0]vin_node_video_set_ochn_attr done
Mar  5 18:42:33 localhost kernel: [ 1105.262789] [L975]VNODE_ID_CAP wstride 2176
Mar  5 18:42:33 localhost kernel: [ 1105.262793] [L977]VNODE_ID_CAP vstride 1280
Mar  5 18:42:33 localhost kernel: [ 1105.262796] [L981]vstride 1280  planecount 1 
Mar  5 18:42:33 localhost kernel: [ 1105.262800] [L1023][S0] vin_node_reqbufs done bit_map 0x1 planecount 1 
Mar  5 18:42:33 localhost kernel: [ 1105.262804] [VIN_NODE]:[L743][C0]vin_node_video_reqbufs done
Mar  5 18:42:33 localhost kernel: [ 1105.262825] [VPF ops]:[L1325][vin2_cap][C0] vpf_request_frames: reqbuf number 16
Mar  5 18:42:33 localhost kernel: [ 1105.262831] [VPF ops]:[L978][vin2_cap][C0] vpf_video_set_ochn_attr: done
Mar  5 18:42:33 localhost kernel: [ 1105.262856] [VPF ops]:[L1079][vin2_src][C0] vpf_video_get_struct_size: done
Mar  5 18:42:33 localhost kernel: [ 1105.262877] vin mipi2: snrclk set freq cmd
Mar  5 18:42:33 localhost kernel: [ 1105.262894] vin mipi2: sensor2_mclk set 24000000 as 24000000
Mar  5 18:42:33 localhost kernel: [ 1105.262900] vin mipi2: snrclk set en cmd
Mar  5 18:42:33 localhost kernel: [ 1105.262903] vin mipi2: snrclk set enable
Mar  5 18:42:33 localhost kernel: [ 1105.262921] [L517][S0]vin_node_set_attr_ex done
Mar  5 18:42:33 localhost kernel: [ 1105.262926] [VIN_NODE]:[L324][C0]vin_node_video_set_attr_ex done
Mar  5 18:42:33 localhost kernel: [ 1105.262929] [VPF ops]:[L763][vin2_src][C0] vpf_video_set_attr_ex: done
Mar  5 18:42:33 localhost kernel: [ 1105.262935] [L517][S0]vin_node_set_attr_ex done
Mar  5 18:42:33 localhost kernel: [ 1105.262939] [VIN_NODE]:[L324][C0]vin_node_video_set_attr_ex done
Mar  5 18:42:33 localhost kernel: [ 1105.262942] [VPF ops]:[L763][vin2_cap][C0] vpf_video_set_attr_ex: done
Mar  5 18:42:33 localhost kernel: [ 1105.262967] [L975]VNODE_ID_CAP wstride 2176
Mar  5 18:42:33 localhost kernel: [ 1105.262971] [L977]VNODE_ID_CAP vstride 1280
Mar  5 18:42:33 localhost kernel: [ 1105.262976] [L981]vstride 1280  planecount 1 
Mar  5 18:42:33 localhost kernel: [ 1105.262979] [L1023][S0] vin_node_reqbufs done bit_map 0x1 planecount 1 
Mar  5 18:42:33 localhost kernel: [ 1105.262983] [VIN_NODE]:[L743][C0]vin_node_video_reqbufs done
Mar  5 18:42:33 localhost kernel: [ 1105.262995] [VPF ops]:[L1325][vin2_cap][C0] vpf_request_frames: reqbuf number 3
Mar  5 18:42:33 localhost kernel: [ 1105.263122] [VPF ops]:[L1464][vin2_cap][C0] vpf_video_reqbufs: done
Mar  5 18:42:33 localhost kernel: [ 1105.344940] [VPF ops]:[L2066][vin2_cap][C0] vpf_video_querybuf: done
Mar  5 18:42:33 localhost kernel: [ 1105.345306] [VPF ops]:[L2066][vin2_cap][C0] vpf_video_querybuf: done
Mar  5 18:42:33 localhost kernel: [ 1105.345438] [VPF ops]:[L2066][vin2_cap][C0] vpf_video_querybuf: done
Mar  5 18:42:33 localhost kernel: [ 1105.345630] [VPF ops]:[L2575][vs-isp0_src] vpf_device_open: done
Mar  5 18:42:33 localhost kernel: [ 1105.345659] [VPF ops]:[L2575][vs-isp0_src_pd] vpf_device_open: done
Mar  5 18:42:33 localhost kernel: [ 1105.346860] [VPF ops]:[L2575][vs-isp0_cap] vpf_device_open: done
Mar  5 18:42:33 localhost kernel: [ 1105.346910] [VPF ops]:[L2575][vs-isp0_cap_raw] vpf_device_open: done
Mar  5 18:42:33 localhost kernel: [ 1105.346922] [VPF ops]:[L439][vs-isp0_src][C0] vpf_vctx_bind_vdev: done, ctx_index(0) refcount(1)
Mar  5 18:42:33 localhost kernel: [ 1105.346930] [VPF ops]:[L1875][vs-isp0_src][C0] vpf_video_bind_context: done
Mar  5 18:42:33 localhost kernel: [ 1105.346937] [VPF ops]:[L439][vs-isp0_src_pd][C0] vpf_vctx_bind_vdev: done, ctx_index(0) refcount(1)
Mar  5 18:42:33 localhost kernel: [ 1105.346942] [VPF ops]:[L1875][vs-isp0_src_pd][C0] vpf_video_bind_context: done
Mar  5 18:42:33 localhost kernel: [ 1105.346948] [VPF ops]:[L439][vs-isp0_cap][C0] vpf_vctx_bind_vdev: done, ctx_index(0) refcount(1)
Mar  5 18:42:33 localhost kernel: [ 1105.346953] [VPF ops]:[L1875][vs-isp0_cap][C0] vpf_video_bind_context: done
Mar  5 18:42:33 localhost kernel: [ 1105.346958] [VPF ops]:[L439][vs-isp0_cap_raw][C0] vpf_vctx_bind_vdev: done, ctx_index(0) refcount(1)
Mar  5 18:42:33 localhost kernel: [ 1105.346963] [VPF ops]:[L1875][vs-isp0_cap_raw][C0] vpf_video_bind_context: done
Mar  5 18:42:33 localhost kernel: [ 1105.346978] [VPF ops]:[L1079][vs-isp0_src][C0] vpf_video_get_struct_size: done
Mar  5 18:42:33 localhost kernel: [ 1105.346987] [VPF ops]:[L689][vs-isp0_cap][C0] vpf_video_set_init_attr: done
Mar  5 18:42:33 localhost kernel: [ 1105.350056] [VIO node]:[L104][isp0] vio_group_task_start: sched_mode 1
Mar  5 18:42:33 localhost kernel: [ 1105.350080] [VPF ops]:[L689][vs-isp0_src][C0] vpf_video_set_init_attr: done
Mar  5 18:42:33 localhost kernel: [ 1105.350099] [VPF ops]:[L689][vs-isp0_src_pd][C0] vpf_video_set_init_attr: done
Mar  5 18:42:33 localhost kernel: [ 1105.350108] [VPF ops]:[L689][vs-isp0_cap_raw][C0] vpf_video_set_init_attr: done
Mar  5 18:42:33 localhost kernel: [ 1105.350122] [VPF ops]:[L1079][vs-isp0_src][C0] vpf_video_get_struct_size: done
Mar  5 18:42:33 localhost kernel: [ 1105.350137] isp_set_ochn_attr format=6,width=1088,stride=1088,height=1280
Mar  5 18:42:33 localhost kernel: [ 1105.350196] isp_video_reqbufs done bit_map 0x1 planecount 2 vctx->id:8
Mar  5 18:42:33 localhost kernel: [ 1105.350221] [VPF ops]:[L1325][vs-isp0_cap][C0] vpf_request_frames: reqbuf number 16
Mar  5 18:42:33 localhost kernel: [ 1105.350228] [VPF ops]:[L978][vs-isp0_cap][C0] vpf_video_set_ochn_attr: done
Mar  5 18:42:33 localhost kernel: [ 1105.350238] [VPF ops]:[L1079][vs-isp0_src][C0] vpf_video_get_struct_size: done
Mar  5 18:42:33 localhost kernel: [ 1105.350246] isp_video_set_ichn_attr format=2,width=1088,stride=2176,height=1280,hdr_en=0
Mar  5 18:42:33 localhost kernel: [ 1105.350291] isp_video_reqbufs done bit_map 0x1 planecount 1 vctx->id:0
Mar  5 18:42:33 localhost kernel: [ 1105.350305] [VPF ops]:[L1325][vs-isp0_src][C0] vpf_request_frames: reqbuf number 16
Mar  5 18:42:33 localhost kernel: [ 1105.350311] [VPF ops]:[L850][vs-isp0_src][C0] vpf_video_set_ichn_attr: done
Mar  5 18:42:33 localhost kernel: [ 1105.350322] isp_video_reqbufs done bit_map 0x1 planecount 2 vctx->id:8
Mar  5 18:42:33 localhost kernel: [ 1105.350331] [VPF ops]:[L1325][vs-isp0_cap][C0] vpf_request_frames: reqbuf number 3
Mar  5 18:42:33 localhost kernel: [ 1105.350447] [VPF ops]:[L1464][vs-isp0_cap][C0] vpf_video_reqbufs: done
Mar  5 18:42:33 localhost kernel: [ 1105.350467] [VPF ops]:[L2066][vs-isp0_cap][C0] vpf_video_querybuf: done
Mar  5 18:42:33 localhost kernel: [ 1105.350682] [VPF ops]:[L2066][vs-isp0_cap][C0] vpf_video_querybuf: done
Mar  5 18:42:33 localhost kernel: [ 1105.350761] [VPF ops]:[L2066][vs-isp0_cap][C0] vpf_video_querybuf: done
Mar  5 18:42:33 localhost kernel: [ 1105.350963] [VPF ops]:[L2575][flow] vpf_device_open: done
Mar  5 18:42:33 localhost kernel: [ 1105.350980] [VPF ops]:[L1031][flow][C0] vpf_video_get_version: done
Mar  5 18:42:33 localhost kernel: [ 1105.351002] [VPF ops]:[L360][S0] vpf_bind_chain: bind done
Mar  5 18:42:33 localhost kernel: [ 1105.351011] [VPF ops]:[L2223][flow][C0] vpf_video_bind_pipeline: done
Mar  5 18:42:33 localhost kernel: [ 1105.351051] [VPF ops]:[L1685][vin2_src][S0][C0] vpf_chain_add_vnode: done
Mar  5 18:42:33 localhost kernel: [ 1105.351056] [VPF ops]:[L1825][vin2_src][C0] vpf_video_add_vnode: done
Mar  5 18:42:33 localhost kernel: [ 1105.351070] [VPF ops]:[L1685][vs-isp0_src][S0][C0] vpf_chain_add_vnode: done
Mar  5 18:42:33 localhost kernel: [ 1105.351075] [VPF ops]:[L1825][vs-isp0_src][C0] vpf_video_add_vnode: done
Mar  5 18:42:33 localhost kernel: [ 1105.351364] [CIM]:[L419][S0]cim_video_get_attr done ret val:0
Mar  5 18:42:33 localhost kernel: [ 1105.351376] vin vcon2: get attr valid bus7 rx2 done
Mar  5 18:42:33 localhost kernel: [ 1105.351381] [L306][S0]vin_node_get_attr done
Mar  5 18:42:33 localhost kernel: [ 1105.351386] [VIN_NODE]:[L286][C0]vin_node_video_get_attr done
Mar  5 18:43:44 localhost kernel: [ 1105.351927] vin sensor0: camera_init_req cmd: initing
Mar  5 18:43:44 localhost kernel: [ 1105.647100] vin sensor0: sc132gs open i2c7@0x32
Mar  5 18:43:44 localhost kernel: [ 1105.647130] vin sensor0: camera_tuning_update_param done
Mar  5 18:43:44 localhost kernel: [ 1105.647622] vin sensor0: camera_init_result cmd: done wake
Mar  5 18:43:44 localhost kernel: [ 1105.647639] vin sensor0: ctrl_mode set to user
Mar  5 18:43:44 localhost kernel: [ 1105.647703] vin sensor0: sensor_evu_do: default to wait
Mar  5 18:43:44 localhost kernel: [ 1105.647706] vin sensor0: camera_set_intrinsic_param port 0 done
Mar  5 18:43:44 localhost kernel: [ 1105.647820] vin sensor0: sensor_attach flow0 ctx0 to sensor0 sc132gs
Mar  5 18:43:44 localhost kernel: [ 1105.647827] vin vcon2: flow0.ctx0 attach sensor0 done
Mar  5 18:43:44 localhost kernel: [ 1105.647832] vin vcon2: set internal attr attach done
Mar  5 18:43:44 localhost kernel: [ 1105.647846] vin mipi2: init cmd: 0 real
Mar  5 18:43:44 localhost kernel: [ 1105.647855] vin mipi2: 1 lane 1088x1280 30fps datatype 0x2b
Mar  5 18:43:44 localhost kernel: [ 1105.647862] vin mipi2: snrclk set disable
Mar  5 18:43:44 localhost kernel: [ 1105.647884] vin mipi2: ipiclk limit 21000000 up to 600000000
Mar  5 18:43:44 localhost kernel: [ 1105.647900] vin mipi2: ipiclk set 600000000 get 600000000
Mar  5 18:43:44 localhost kernel: [ 1105.647905] vin mipi2: dphy 1200Mbps/1lane: ppi 8bit settle 20
Mar  5 18:43:44 localhost kernel: [ 1105.680942] vin mipi2: linelenth: 1400, framelenth: 1500, fps: 30, ipiclk: 600000000, rx_bit_clk: 1200000000
Mar  5 18:43:44 localhost kernel: [ 1105.680967] vin mipi2: ipi config hsa: 4, hbp: 4, hsd: 42
Mar  5 18:43:44 localhost kernel: [ 1105.680975] vin mipi2: config 1/1 ipi done
Mar  5 18:43:44 localhost kernel: [ 1105.680979] vin mipi2: check phy stop state
Mar  5 18:43:44 localhost kernel: [ 1105.683994] [L587][S0]vin_node_set_internal_attr done
Mar  5 18:43:44 localhost kernel: [ 1105.684010] [VIN_NODE]:[L514][C0]vin_node_video_set_internal_attr done
Mar  5 18:43:44 localhost kernel: [ 1105.684019] [L1023][S0] vin_node_reqbufs done bit_map 0x1 planecount 1 
Mar  5 18:43:44 localhost kernel: [ 1105.684024] [VIN_NODE]:[L743][C0]vin_node_video_reqbufs done
Mar  5 18:43:44 localhost kernel: [ 1105.684028] [VPF ops]:[L1005][vin2_src][C0] vpf_video_set_inter_attr: done
Mar  5 18:43:44 localhost kernel: [ 1105.684057] isp_video_set_inter_attr flow_id = 0, sensor_name = sc132gs, sensor_cali_name = /app/BestMow/startup_script/sensor_config/darktime/sc132gs_tuning_left.json
Mar  5 18:43:44 localhost kernel: [ 1105.780205] [VPF mgr]:[L478]empty_camsys_reset: empty function
Mar  5 18:43:44 localhost kernel: [ 1105.780226] [L1228]cim_open open_cnt :1
Mar  5 18:43:44 localhost kernel: [ 1105.780231] [CIM]:[L192][S0]cim_video_open done ret val:0
Mar  5 18:43:44 localhost kernel: [ 1105.780235] [L1227][S0]vin_node_open done
Mar  5 18:43:44 localhost kernel: [ 1105.780240] [VIN_NODE]:[L694][C0]vin_node_video_open done
Mar  5 18:43:44 localhost kernel: [ 1105.780244] [VPF ops]:[L2575][vin0_src] vpf_device_open: done
Mar  5 18:43:44 localhost kernel: [ 1105.780260] [L1228]cim_open open_cnt :2
Mar  5 18:43:44 localhost kernel: [ 1105.780263] [CIM]:[L192][S0]cim_video_open done ret val:0
Mar  5 18:43:44 localhost kernel: [ 1105.780267] [L1227][S0]vin_node_open done
Mar  5 18:43:44 localhost kernel: [ 1105.780271] [VIN_NODE]:[L694][C0]vin_node_video_open done
Mar  5 18:43:44 localhost kernel: [ 1105.780274] [VPF ops]:[L2575][vin0_cap] vpf_device_open: done
Mar  5 18:43:44 localhost kernel: [ 1105.780286] [L1228]cim_open open_cnt :3
Mar  5 18:43:44 localhost kernel: [ 1105.780289] [CIM]:[L192][S0]cim_video_open done ret val:0
Mar  5 18:43:44 localhost kernel: [ 1105.780293] [L1227][S0]vin_node_open done
Mar  5 18:43:44 localhost kernel: [ 1105.780296] [VIN_NODE]:[L694][C0]vin_node_video_open done
Mar  5 18:43:44 localhost kernel: [ 1105.780300] [VPF ops]:[L2575][vin0_emb] vpf_device_open: done
Mar  5 18:43:44 localhost kernel: [ 1105.780311] [L1228]cim_open open_cnt :4
Mar  5 18:43:44 localhost kernel: [ 1105.780314] [CIM]:[L192][S0]cim_video_open done ret val:0
Mar  5 18:43:44 localhost kernel: [ 1105.780318] [L1227][S0]vin_node_open done
Mar  5 18:43:44 localhost kernel: [ 1105.780321] [VIN_NODE]:[L694][C0]vin_node_video_open done
Mar  5 18:43:44 localhost kernel: [ 1105.780324] [VPF ops]:[L2575][vin0_pdaf] vpf_device_open: done
Mar  5 18:43:44 localhost kernel: [ 1105.780335] [VPF ops]:[L439][vin0_src][C0] vpf_vctx_bind_vdev: done, ctx_index(0) refcount(1)
Mar  5 18:43:44 localhost kernel: [ 1105.780341] [VPF ops]:[L1875][vin0_src][C0] vpf_video_bind_context: done
Mar  5 18:43:44 localhost kernel: [ 1105.780348] [VPF ops]:[L439][vin0_cap][C0] vpf_vctx_bind_vdev: done, ctx_index(0) refcount(1)
Mar  5 18:43:44 localhost kernel: [ 1105.780353] [VPF ops]:[L1875][vin0_cap][C0] vpf_video_bind_context: done
Mar  5 18:43:44 localhost kernel: [ 1105.780358] [VPF ops]:[L439][vin0_emb][C0] vpf_vctx_bind_vdev: done, ctx_index(0) refcount(1)
Mar  5 18:43:44 localhost kernel: [ 1105.780362] [VPF ops]:[L1875][vin0_emb][C0] vpf_video_bind_context: done
Mar  5 18:43:44 localhost kernel: [ 1105.780368] [VPF ops]:[L439][vin0_pdaf][C0] vpf_vctx_bind_vdev: done, ctx_index(0) refcount(1)
Mar  5 18:43:44 localhost kernel: [ 1105.780372] [VPF ops]:[L1875][vin0_pdaf][C0] vpf_video_bind_context: done
Mar  5 18:43:44 localhost kernel: [ 1105.780379] [VIN_NODE]:[L38]The vin node driver version is v1.1
Mar  5 18:43:44 localhost kernel: [ 1105.780382] [VPF ops]:[L1031][vin0_src][C0] vpf_video_get_version: done
Mar  5 18:43:44 localhost kernel: [ 1105.780393] [VPF ops]:[L1079][vin0_src][C0] vpf_video_get_struct_size: done
Mar  5 18:43:44 localhost kernel: [ 1105.780403] [CIM]:[L247][C0]cim_video_set_attr done ret val:0
Mar  5 18:43:44 localhost kernel: [ 1105.780406] [L423][C0] vin_node_set_attr ipi 0 done
Mar  5 18:43:44 localhost kernel: [ 1105.780411] [VIN_NODE]:[L239][C0]vin_node_video_set_attr done
Mar  5 18:43:44 localhost kernel: [ 1105.780414] [VPF ops]:[L689][vin0_cap][C0] vpf_video_set_init_attr: done
Mar  5 18:43:44 localhost kernel: [ 1105.780423] vin vcon0: vcon0 open 0: flow65535 ctx0 real
Mar  5 18:43:44 localhost kernel: [ 1105.780429] [L624][S65535][C0][ipi0]cim_subdev_init hw_id = 0
Mar  5 18:43:44 localhost kernel: [ 1105.780434] [CIM]:[L247][C0]cim_video_set_attr done ret val:0
Mar  5 18:43:44 localhost kernel: [ 1105.780439] vin vcon0: get attr valid bus7 rx0 done
Mar  5 18:43:44 localhost kernel: [ 1105.780444] [L423][C0] vin_node_set_attr ipi 0 done
Mar  5 18:43:44 localhost kernel: [ 1105.780447] [VIN_NODE]:[L239][C0]vin_node_video_set_attr done
Mar  5 18:43:44 localhost kernel: [ 1105.780451] [VIO node]:[L104][vin0] vio_group_task_start: sched_mode 1
Mar  5 18:43:44 localhost kernel: [ 1105.780455] [VPF ops]:[L689][vin0_src][C0] vpf_video_set_init_attr: done
Mar  5 18:43:44 localhost kernel: [ 1105.780461] [CIM]:[L247][C0]cim_video_set_attr done ret val:0
Mar  5 18:43:44 localhost kernel: [ 1105.780464] [L423][C0] vin_node_set_attr ipi 0 done
Mar  5 18:43:44 localhost kernel: [ 1105.780468] [VIN_NODE]:[L239][C0]vin_node_video_set_attr done
Mar  5 18:43:44 localhost kernel: [ 1105.780471] [VPF ops]:[L689][vin0_emb][C0] vpf_video_set_init_attr: done
Mar  5 18:43:44 localhost kernel: [ 1105.780476] [CIM]:[L247][C0]cim_video_set_attr done ret val:0
Mar  5 18:43:44 localhost kernel: [ 1105.780480] [L423][C0] vin_node_set_attr ipi 0 done
Mar  5 18:43:44 localhost kernel: [ 1105.780483] [VIN_NODE]:[L239][C0]vin_node_video_set_attr done
Mar  5 18:43:44 localhost kernel: [ 1105.780487] [VPF ops]:[L689][vin0_pdaf][C0] vpf_video_set_init_attr: done
Mar  5 18:43:44 localhost kernel: [ 1105.780492] [VPF ops]:[L1079][vin0_src][C0] vpf_video_get_struct_size: done
Mar  5 18:43:44 localhost kernel: [ 1105.780499] [L709][S65535] vin_node_set_ichn_attr begin format 30 width 640 
Mar  5 18:43:44 localhost kernel: [ 1105.780506] [L527][S0][ipi0]cim_set_ichn_attr done
Mar  5 18:43:44 localhost kernel: [ 1105.780510] [CIM]:[L309][S0]cim_video_set_ichn_attr done ret val:0
Mar  5 18:43:44 localhost kernel: [ 1105.780515] [L724][S0]vin_node_set_ichn_attr done
Mar  5 18:43:44 localhost kernel: [ 1105.780518] [VIN_NODE]:[L427][C0]vin_node_video_set_ichn_attr done
Mar  5 18:43:44 localhost kernel: [ 1105.780523] [L1023][S0] vin_node_reqbufs done bit_map 0x1 planecount 0 
Mar  5 18:43:44 localhost kernel: [ 1105.780528] [VIN_NODE]:[L743][C0]vin_node_video_reqbufs done
Mar  5 18:43:44 localhost kernel: [ 1105.780540] [VPF ops]:[L1193][F0] vpf_fill_frame_info: L0 use width instead of wstride
Mar  5 18:43:44 localhost kernel: [ 1105.780544] [VPF ops]:[L1197][F0] vpf_fill_frame_info: L0 use height instead of vstride
Mar  5 18:43:44 localhost kernel: [ 1105.780549] [VPF ops]:[L1193][F1] vpf_fill_frame_info: L0 use width instead of wstride
Mar  5 18:43:44 localhost kernel: [ 1105.780553] [VPF ops]:[L1197][F1] vpf_fill_frame_info: L0 use height instead of vstride
Mar  5 18:43:44 localhost kernel: [ 1105.780557] [VPF ops]:[L1193][F2] vpf_fill_frame_info: L0 use width instead of wstride
Mar  5 18:43:44 localhost kernel: [ 1105.780561] [VPF ops]:[L1197][F2] vpf_fill_frame_info: L0 use height instead of vstride
Mar  5 18:43:44 localhost kernel: [ 1105.780565] [VPF ops]:[L1193][F3] vpf_fill_frame_info: L0 use width instead of wstride
Mar  5 18:43:44 localhost kernel: [ 1105.780569] [VPF ops]:[L1197][F3] vpf_fill_frame_info: L0 use height instead of vstride
Mar  5 18:43:44 localhost kernel: [ 1105.780573] [VPF ops]:[L1193][F4] vpf_fill_frame_info: L0 use width instead of wstride
Mar  5 18:43:44 localhost kernel: [ 1105.780576] [VPF ops]:[L1197][F4] vpf_fill_frame_info: L0 use height instead of vstride
Mar  5 18:43:44 localhost kernel: [ 1105.780580] [VPF ops]:[L1193][F5] vpf_fill_frame_info: L0 use width instead of wstride
Mar  5 18:43:44 localhost kernel: [ 1105.780584] [VPF ops]:[L1197][F5] vpf_fill_frame_info: L0 use height instead of vstride
Mar  5 18:43:44 localhost kernel: [ 1105.780588] [VPF ops]:[L1193][F6] vpf_fill_frame_info: L0 use width instead of wstride
Mar  5 18:43:44 localhost kernel: [ 1105.780591] [VPF ops]:[L1197][F6] vpf_fill_frame_info: L0 use height instead of vstride
Mar  5 18:43:44 localhost kernel: [ 1105.780595] [VPF ops]:[L1193][F7] vpf_fill_frame_info: L0 use width instead of wstride
Mar  5 18:43:44 localhost kernel: [ 1105.780599] [VPF ops]:[L1197][F7] vpf_fill_frame_info: L0 use height instead of vstride
Mar  5 18:43:44 localhost kernel: [ 1105.780603] [VPF ops]:[L1193][F8] vpf_fill_frame_info: L0 use width instead of wstride
Mar  5 18:43:44 localhost kernel: [ 1105.780607] [VPF ops]:[L1197][F8] vpf_fill_frame_info: L0 use height instead of vstride
Mar  5 18:43:44 localhost kernel: [ 1105.780611] [VPF ops]:[L1193][F9] vpf_fill_frame_info: L0 use width instead of wstride
Mar  5 18:43:44 localhost kernel: [ 1105.780614] [VPF ops]:[L1197][F9] vpf_fill_frame_info: L0 use height instead of vstride
Mar  5 18:43:44 localhost kernel: [ 1105.780618] [VPF ops]:[L1193][F10] vpf_fill_frame_info: L0 use width instead of wstride
Mar  5 18:43:44 localhost kernel: [ 1105.780622] [VPF ops]:[L1197][F10] vpf_fill_frame_info: L0 use height instead of vstride
Mar  5 18:43:44 localhost kernel: [ 1105.780626] [VPF ops]:[L1193][F11] vpf_fill_frame_info: L0 use width instead of wstride
Mar  5 18:43:44 localhost kernel: [ 1105.780630] [VPF ops]:[L1197][F11] vpf_fill_frame_info: L0 use height instead of vstride
Mar  5 18:43:44 localhost kernel: [ 1105.780634] [VPF ops]:[L1193][F12] vpf_fill_frame_info: L0 use width instead of wstride
Mar  5 18:43:44 localhost kernel: [ 1105.780637] [VPF ops]:[L1197][F12] vpf_fill_frame_info: L0 use height instead of vstride
Mar  5 18:43:44 localhost kernel: [ 1105.780641] [VPF ops]:[L1193][F13] vpf_fill_frame_info: L0 use width instead of wstride
Mar  5 18:43:44 localhost kernel: [ 1105.780645] [VPF ops]:[L1197][F13] vpf_fill_frame_info: L0 use height instead of vstride
Mar  5 18:43:44 localhost kernel: [ 1105.780649] [VPF ops]:[L1193][F14] vpf_fill_frame_info: L0 use width instead of wstride
Mar  5 18:43:44 localhost kernel: [ 1105.780653] [VPF ops]:[L1197][F14] vpf_fill_frame_info: L0 use height instead of vstride
Mar  5 18:43:44 localhost kernel: [ 1105.780657] [VPF ops]:[L1193][F15] vpf_fill_frame_info: L0 use width instead of wstride
Mar  5 18:43:44 localhost kernel: [ 1105.780660] [VPF ops]:[L1197][F15] vpf_fill_frame_info: L0 use height instead of vstride
Mar  5 18:43:44 localhost kernel: [ 1105.780664] [VPF ops]:[L1325][vin0_src][C0] vpf_request_frames: reqbuf number 16
Mar  5 18:43:44 localhost kernel: [ 1105.780669] [VPF ops]:[L850][vin0_src][C0] vpf_video_set_ichn_attr: done
Mar  5 18:43:44 localhost kernel: [ 1105.780675] [VPF ops]:[L1079][vin0_src][C0] vpf_video_get_struct_size: done
Mar  5 18:43:44 localhost kernel: [ 1105.780683] [L236][S0] ochn0 auto calc vstride 480
Mar  5 18:43:44 localhost kernel: [ 1105.780688] [L160]vin_basic_attr->format:30
Mar  5 18:43:44 localhost kernel: [ 1105.780692] [L425][S0][ipi0][ochn0]cim_set_ochn_attr done
Mar  5 18:43:44 localhost kernel: [ 1105.780697] [CIM]:[L340][S0]cim_video_set_ochn_attr done ret val:0
Mar  5 18:43:44 localhost kernel: [ 1105.780700] [L652][S0]vin_node_set_ochn_attr done
Mar  5 18:43:44 localhost kernel: [ 1105.780704] [VIN_NODE]:[L364][C0]vin_node_video_set_ochn_attr done
Mar  5 18:43:44 localhost kernel: [ 1105.780707] [L975]VNODE_ID_CAP wstride 1280
Mar  5 18:43:44 localhost kernel: [ 1105.780710] [L977]VNODE_ID_CAP vstride 480
Mar  5 18:43:44 localhost kernel: [ 1105.780714] [L981]vstride 480  planecount 1 
Mar  5 18:43:44 localhost kernel: [ 1105.780717] [L1023][S0] vin_node_reqbufs done bit_map 0x1 planecount 1 
Mar  5 18:43:44 localhost kernel: [ 1105.780721] [VIN_NODE]:[L743][C0]vin_node_video_reqbufs done
Mar  5 18:43:44 localhost kernel: [ 1105.780740] [VPF ops]:[L1325][vin0_cap][C0] vpf_request_frames: reqbuf number 16
Mar  5 18:43:44 localhost kernel: [ 1105.780744] [VPF ops]:[L978][vin0_cap][C0] vpf_video_set_ochn_attr: done
Mar  5 18:43:44 localhost kernel: [ 1105.780752] [VPF ops]:[L1079][vin0_src][C0] vpf_video_get_struct_size: done
Mar  5 18:43:44 localhost kernel: [ 1105.780764] vin mipi0: snrclk set freq cmd
Mar  5 18:43:44 localhost kernel: [ 1105.780778] vin mipi0: sensor0_mclk set 24000000 as 24000000
Mar  5 18:43:44 localhost kernel: [ 1105.780784] vin mipi0: snrclk set en cmd
Mar  5 18:43:44 localhost kernel: [ 1105.780787] vin mipi0: snrclk set enable
Mar  5 18:43:44 localhost kernel: [ 1105.780805] [L517][S0]vin_node_set_attr_ex done
Mar  5 18:43:44 localhost kernel: [ 1105.780809] [VIN_NODE]:[L324][C0]vin_node_video_set_attr_ex done
Mar  5 18:43:44 localhost kernel: [ 1105.780812] [VPF ops]:[L763][vin0_src][C0] vpf_video_set_attr_ex: done
Mar  5 18:43:44 localhost kernel: [ 1105.780818] [L517][S0]vin_node_set_attr_ex done
Mar  5 18:43:44 localhost kernel: [ 1105.780821] [VIN_NODE]:[L324][C0]vin_node_video_set_attr_ex done
Mar  5 18:43:44 localhost kernel: [ 1105.780824] [VPF ops]:[L763][vin0_cap][C0] vpf_video_set_attr_ex: done
Mar  5 18:43:44 localhost kernel: [ 1105.780831] [L975]VNODE_ID_CAP wstride 1280
Mar  5 18:43:44 localhost kernel: [ 1105.780834] [L977]VNODE_ID_CAP vstride 480
Mar  5 18:43:44 localhost kernel: [ 1105.780837] [L981]vstride 480  planecount 1 
Mar  5 18:43:44 localhost kernel: [ 1105.780840] [L1023][S0] vin_node_reqbufs done bit_map 0x1 planecount 1 
Mar  5 18:43:44 localhost kernel: [ 1105.780844] [VIN_NODE]:[L743][C0]vin_node_video_reqbufs done
Mar  5 18:43:44 localhost kernel: [ 1105.780855] [VPF ops]:[L1325][vin0_cap][C0] vpf_request_frames: reqbuf number 3
Mar  5 18:43:44 localhost kernel: [ 1105.780974] [VPF ops]:[L1464][vin0_cap][C0] vpf_video_reqbufs: done
Mar  5 18:43:44 localhost kernel: [ 1105.780994] [VPF ops]:[L2066][vin0_cap][C0] vpf_video_querybuf: done
Mar  5 18:43:44 localhost kernel: [ 1105.781163] [VPF ops]:[L2066][vin0_cap][C0] vpf_video_querybuf: done
Mar  5 18:43:44 localhost kernel: [ 1105.781245] [VPF ops]:[L2066][vin0_cap][C0] vpf_video_querybuf: done
Mar  5 18:43:44 localhost kernel: [ 1105.781352] [VPF ops]:[L2575][flow] vpf_device_open: done
Mar  5 18:43:44 localhost kernel: [ 1105.781365] [VPF ops]:[L1031][flow][C0] vpf_video_get_version: done
Mar  5 18:43:44 localhost kernel: [ 1105.781371] [VPF ops]:[L360][S1] vpf_bind_chain: bind done
Mar  5 18:43:44 localhost kernel: [ 1105.781379] [VPF ops]:[L2223][flow][C1] vpf_video_bind_pipeline: done
Mar  5 18:43:44 localhost kernel: [ 1105.781388] [VPF ops]:[L1685][vin0_src][S1][C0] vpf_chain_add_vnode: done
Mar  5 18:43:44 localhost kernel: [ 1105.781392] [VPF ops]:[L1825][vin0_src][C0] vpf_video_add_vnode: done
Mar  5 18:43:44 localhost kernel: [ 1105.781568] [CIM]:[L419][S0]cim_video_get_attr done ret val:0
Mar  5 18:43:44 localhost kernel: [ 1105.781577] vin vcon0: get attr valid bus7 rx0 done
Mar  5 18:43:44 localhost kernel: [ 1105.781582] [L306][S0]vin_node_get_attr done
Mar  5 18:43:44 localhost kernel: [ 1105.781586] [VIN_NODE]:[L286][C0]vin_node_video_get_attr done
Mar  5 18:43:44 localhost kernel: [ 1105.781705] vin sensor1: camera_init_req cmd: initing
Mar  5 18:43:44 localhost kernel: [ 1106.000341] [VPF mgr]:[L478]empty_camsys_reset: empty function
Mar  5 18:43:44 localhost kernel: [ 1106.000358] [L1228]cim_open open_cnt :1
Mar  5 18:43:44 localhost kernel: [ 1106.000363] [CIM]:[L192][S0]cim_video_open done ret val:0
Mar  5 18:43:44 localhost kernel: [ 1106.000367] [L1227][S0]vin_node_open done
Mar  5 18:43:44 localhost kernel: [ 1106.000372] [VIN_NODE]:[L694][C0]vin_node_video_open done
Mar  5 18:43:44 localhost kernel: [ 1106.000376] [VPF ops]:[L2575][vin1_src] vpf_device_open: done
Mar  5 18:43:44 localhost kernel: [ 1106.000390] [L1228]cim_open open_cnt :2
Mar  5 18:43:44 localhost kernel: [ 1106.000393] [CIM]:[L192][S0]cim_video_open done ret val:0
Mar  5 18:43:44 localhost kernel: [ 1106.000397] [L1227][S0]vin_node_open done
Mar  5 18:43:44 localhost kernel: [ 1106.000400] [VIN_NODE]:[L694][C0]vin_node_video_open done
Mar  5 18:43:44 localhost kernel: [ 1106.000403] [VPF ops]:[L2575][vin1_cap] vpf_device_open: done
Mar  5 18:43:44 localhost kernel: [ 1106.000414] [L1228]cim_open open_cnt :3
Mar  5 18:43:44 localhost kernel: [ 1106.000417] [CIM]:[L192][S0]cim_video_open done ret val:0
Mar  5 18:43:44 localhost kernel: [ 1106.000421] [L1227][S0]vin_node_open done
Mar  5 18:43:44 localhost kernel: [ 1106.000424] [VIN_NODE]:[L694][C0]vin_node_video_open done
Mar  5 18:43:44 localhost kernel: [ 1106.000427] [VPF ops]:[L2575][vin1_emb] vpf_device_open: done
Mar  5 18:43:44 localhost kernel: [ 1106.000439] [L1228]cim_open open_cnt :4
Mar  5 18:43:44 localhost kernel: [ 1106.000442] [CIM]:[L192][S0]cim_video_open done ret val:0
Mar  5 18:43:44 localhost kernel: [ 1106.000445] [L1227][S0]vin_node_open done
Mar  5 18:43:44 localhost kernel: [ 1106.000449] [VIN_NODE]:[L694][C0]vin_node_video_open done
Mar  5 18:43:44 localhost kernel: [ 1106.000453] [VPF ops]:[L2575][vin1_pdaf] vpf_device_open: done
Mar  5 18:43:44 localhost kernel: [ 1106.000461] [VPF ops]:[L439][vin1_src][C0] vpf_vctx_bind_vdev: done, ctx_index(0) refcount(1)
Mar  5 18:43:44 localhost kernel: [ 1106.000468] [VPF ops]:[L1875][vin1_src][C0] vpf_video_bind_context: done
Mar  5 18:43:44 localhost kernel: [ 1106.000473] [VPF ops]:[L439][vin1_cap][C0] vpf_vctx_bind_vdev: done, ctx_index(0) refcount(1)
Mar  5 18:43:44 localhost kernel: [ 1106.000478] [VPF ops]:[L1875][vin1_cap][C0] vpf_video_bind_context: done
Mar  5 18:43:44 localhost kernel: [ 1106.000484] [VPF ops]:[L439][vin1_emb][C0] vpf_vctx_bind_vdev: done, ctx_index(0) refcount(1)
Mar  5 18:43:44 localhost kernel: [ 1106.000488] [VPF ops]:[L1875][vin1_emb][C0] vpf_video_bind_context: done
Mar  5 18:43:44 localhost kernel: [ 1106.000494] [VPF ops]:[L439][vin1_pdaf][C0] vpf_vctx_bind_vdev: done, ctx_index(0) refcount(1)
Mar  5 18:43:44 localhost kernel: [ 1106.000498] [VPF ops]:[L1875][vin1_pdaf][C0] vpf_video_bind_context: done
Mar  5 18:43:44 localhost kernel: [ 1106.000504] [VIN_NODE]:[L38]The vin node driver version is v1.1
Mar  5 18:43:44 localhost kernel: [ 1106.000507] [VPF ops]:[L1031][vin1_src][C0] vpf_video_get_version: done
Mar  5 18:43:44 localhost kernel: [ 1106.000516] [VPF ops]:[L1079][vin1_src][C0] vpf_video_get_struct_size: done
Mar  5 18:43:44 localhost kernel: [ 1106.000525] [CIM]:[L247][C0]cim_video_set_attr done ret val:0
Mar  5 18:43:44 localhost kernel: [ 1106.000529] [L423][C0] vin_node_set_attr ipi 0 done
Mar  5 18:43:44 localhost kernel: [ 1106.000533] [VIN_NODE]:[L239][C0]vin_node_video_set_attr done
Mar  5 18:43:44 localhost kernel: [ 1106.000537] [VPF ops]:[L689][vin1_cap][C0] vpf_video_set_init_attr: done
Mar  5 18:43:44 localhost kernel: [ 1106.000545] vin vcon1: vcon1 open 0: flow65535 ctx0 real
Mar  5 18:43:44 localhost kernel: [ 1106.000550] [L624][S65535][C0][ipi0]cim_subdev_init hw_id = 1
Mar  5 18:43:44 localhost kernel: [ 1106.000555] [CIM]:[L247][C0]cim_video_set_attr done ret val:0
Mar  5 18:43:44 localhost kernel: [ 1106.000559] vin vcon1: get attr valid bus4 rx1 done
Mar  5 18:43:44 localhost kernel: [ 1106.000564] [L423][C0] vin_node_set_attr ipi 0 done
Mar  5 18:43:44 localhost kernel: [ 1106.000568] [VIN_NODE]:[L239][C0]vin_node_video_set_attr done
Mar  5 18:43:44 localhost kernel: [ 1106.000571] [VIO node]:[L104][vin1] vio_group_task_start: sched_mode 1
Mar  5 18:43:44 localhost kernel: [ 1106.000576] [VPF ops]:[L689][vin1_src][C0] vpf_video_set_init_attr: done
Mar  5 18:43:44 localhost kernel: [ 1106.000580] [CIM]:[L247][C0]cim_video_set_attr done ret val:0
Mar  5 18:43:44 localhost kernel: [ 1106.000584] [L423][C0] vin_node_set_attr ipi 0 done
Mar  5 18:43:44 localhost kernel: [ 1106.000587] [VIN_NODE]:[L239][C0]vin_node_video_set_attr done
Mar  5 18:43:44 localhost kernel: [ 1106.000590] [VPF ops]:[L689][vin1_emb][C0] vpf_video_set_init_attr: done
Mar  5 18:43:44 localhost kernel: [ 1106.000595] [CIM]:[L247][C0]cim_video_set_attr done ret val:0
Mar  5 18:43:44 localhost kernel: [ 1106.000599] [L423][C0] vin_node_set_attr ipi 0 done
Mar  5 18:43:44 localhost kernel: [ 1106.000602] [VIN_NODE]:[L239][C0]vin_node_video_set_attr done
Mar  5 18:43:44 localhost kernel: [ 1106.000606] [VPF ops]:[L689][vin1_pdaf][C0] vpf_video_set_init_attr: done
Mar  5 18:43:44 localhost kernel: [ 1106.000611] [VPF ops]:[L1079][vin1_src][C0] vpf_video_get_struct_size: done
Mar  5 18:43:44 localhost kernel: [ 1106.000617] [L709][S65535] vin_node_set_ichn_attr begin format 30 width 640 
Mar  5 18:43:44 localhost kernel: [ 1106.000625] [L527][S0][ipi0]cim_set_ichn_attr done
Mar  5 18:43:44 localhost kernel: [ 1106.000628] [CIM]:[L309][S0]cim_video_set_ichn_attr done ret val:0
Mar  5 18:43:44 localhost kernel: [ 1106.000632] [L724][S0]vin_node_set_ichn_attr done
Mar  5 18:43:44 localhost kernel: [ 1106.000636] [VIN_NODE]:[L427][C0]vin_node_video_set_ichn_attr done
Mar  5 18:43:44 localhost kernel: [ 1106.000641] [L1023][S0] vin_node_reqbufs done bit_map 0x1 planecount 0 
Mar  5 18:43:44 localhost kernel: [ 1106.000645] [VIN_NODE]:[L743][C0]vin_node_video_reqbufs done
Mar  5 18:43:44 localhost kernel: [ 1106.000658] [VPF ops]:[L1193][F0] vpf_fill_frame_info: L0 use width instead of wstride
Mar  5 18:43:44 localhost kernel: [ 1106.000662] [VPF ops]:[L1197][F0] vpf_fill_frame_info: L0 use height instead of vstride
Mar  5 18:43:44 localhost kernel: [ 1106.000666] [VPF ops]:[L1193][F1] vpf_fill_frame_info: L0 use width instead of wstride
Mar  5 18:43:44 localhost kernel: [ 1106.000670] [VPF ops]:[L1197][F1] vpf_fill_frame_info: L0 use height instead of vstride
Mar  5 18:43:44 localhost kernel: [ 1106.000674] [VPF ops]:[L1193][F2] vpf_fill_frame_info: L0 use width instead of wstride
Mar  5 18:43:44 localhost kernel: [ 1106.000677] [VPF ops]:[L1197][F2] vpf_fill_frame_info: L0 use height instead of vstride
Mar  5 18:43:44 localhost kernel: [ 1106.000683] [VPF ops]:[L1193][F3] vpf_fill_frame_info: L0 use width instead of wstride
Mar  5 18:43:44 localhost kernel: [ 1106.000689] [VPF ops]:[L1197][F3] vpf_fill_frame_info: L0 use height instead of vstride
Mar  5 18:43:44 localhost kernel: [ 1106.000693] [VPF ops]:[L1193][F4] vpf_fill_frame_info: L0 use width instead of wstride
Mar  5 18:43:44 localhost kernel: [ 1106.000697] [VPF ops]:[L1197][F4] vpf_fill_frame_info: L0 use height instead of vstride
Mar  5 18:43:44 localhost kernel: [ 1106.000701] [VPF ops]:[L1193][F5] vpf_fill_frame_info: L0 use width instead of wstride
Mar  5 18:43:44 localhost kernel: [ 1106.000704] [VPF ops]:[L1197][F5] vpf_fill_frame_info: L0 use height instead of vstride
Mar  5 18:43:44 localhost kernel: [ 1106.000708] [VPF ops]:[L1193][F6] vpf_fill_frame_info: L0 use width instead of wstride
Mar  5 18:43:44 localhost kernel: [ 1106.000712] [VPF ops]:[L1197][F6] vpf_fill_frame_info: L0 use height instead of vstride
Mar  5 18:43:44 localhost kernel: [ 1106.000716] [VPF ops]:[L1193][F7] vpf_fill_frame_info: L0 use width instead of wstride
Mar  5 18:43:44 localhost kernel: [ 1106.000720] [VPF ops]:[L1197][F7] vpf_fill_frame_info: L0 use height instead of vstride
Mar  5 18:43:44 localhost kernel: [ 1106.000724] [VPF ops]:[L1193][F8] vpf_fill_frame_info: L0 use width instead of wstride
Mar  5 18:43:44 localhost kernel: [ 1106.000727] [VPF ops]:[L1197][F8] vpf_fill_frame_info: L0 use height instead of vstride
Mar  5 18:43:44 localhost kernel: [ 1106.000731] [VPF ops]:[L1193][F9] vpf_fill_frame_info: L0 use width instead of wstride
Mar  5 18:43:44 localhost kernel: [ 1106.000735] [VPF ops]:[L1197][F9] vpf_fill_frame_info: L0 use height instead of vstride
Mar  5 18:43:44 localhost kernel: [ 1106.000738] [VPF ops]:[L1193][F10] vpf_fill_frame_info: L0 use width instead of wstride
Mar  5 18:43:44 localhost kernel: [ 1106.000743] [VPF ops]:[L1197][F10] vpf_fill_frame_info: L0 use height instead of vstride
Mar  5 18:43:44 localhost kernel: [ 1106.000748] [VPF ops]:[L1193][F11] vpf_fill_frame_info: L0 use width instead of wstride
Mar  5 18:43:44 localhost kernel: [ 1106.000753] [VPF ops]:[L1197][F11] vpf_fill_frame_info: L0 use height instead of vstride
Mar  5 18:43:44 localhost kernel: [ 1106.000757] [VPF ops]:[L1193][F12] vpf_fill_frame_info: L0 use width instead of wstride
Mar  5 18:43:44 localhost kernel: [ 1106.000760] [VPF ops]:[L1197][F12] vpf_fill_frame_info: L0 use height instead of vstride
Mar  5 18:43:44 localhost kernel: [ 1106.000767] [VPF ops]:[L1193][F13] vpf_fill_frame_info: L0 use width instead of wstride
Mar  5 18:43:44 localhost kernel: [ 1106.000771] [VPF ops]:[L1197][F13] vpf_fill_frame_info: L0 use height instead of vstride
Mar  5 18:43:44 localhost kernel: [ 1106.000775] [VPF ops]:[L1193][F14] vpf_fill_frame_info: L0 use width instead of wstride
Mar  5 18:43:44 localhost kernel: [ 1106.000778] [VPF ops]:[L1197][F14] vpf_fill_frame_info: L0 use height instead of vstride
Mar  5 18:43:44 localhost kernel: [ 1106.000783] [VPF ops]:[L1193][F15] vpf_fill_frame_info: L0 use width instead of wstride
Mar  5 18:43:44 localhost kernel: [ 1106.000786] [VPF ops]:[L1197][F15] vpf_fill_frame_info: L0 use height instead of vstride
Mar  5 18:43:44 localhost kernel: [ 1106.000790] [VPF ops]:[L1325][vin1_src][C0] vpf_request_frames: reqbuf number 16
Mar  5 18:43:44 localhost kernel: [ 1106.000795] [VPF ops]:[L850][vin1_src][C0] vpf_video_set_ichn_attr: done
Mar  5 18:43:44 localhost kernel: [ 1106.000801] [VPF ops]:[L1079][vin1_src][C0] vpf_video_get_struct_size: done
Mar  5 18:43:44 localhost kernel: [ 1106.000808] [L236][S0] ochn0 auto calc vstride 480
Mar  5 18:43:44 localhost kernel: [ 1106.000813] [L160]vin_basic_attr->format:30
Mar  5 18:43:44 localhost kernel: [ 1106.000817] [L425][S0][ipi0][ochn0]cim_set_ochn_attr done
Mar  5 18:43:44 localhost kernel: [ 1106.000821] [CIM]:[L340][S0]cim_video_set_ochn_attr done ret val:0
Mar  5 18:43:44 localhost kernel: [ 1106.000825] [L652][S0]vin_node_set_ochn_attr done
Mar  5 18:43:44 localhost kernel: [ 1106.000828] [VIN_NODE]:[L364][C0]vin_node_video_set_ochn_attr done
Mar  5 18:43:44 localhost kernel: [ 1106.000832] [L975]VNODE_ID_CAP wstride 1280
Mar  5 18:43:44 localhost kernel: [ 1106.000835] [L977]VNODE_ID_CAP vstride 480
Mar  5 18:43:44 localhost kernel: [ 1106.000838] [L981]vstride 480  planecount 1 
Mar  5 18:43:44 localhost kernel: [ 1106.000841] [L1023][S0] vin_node_reqbufs done bit_map 0x1 planecount 1 
Mar  5 18:43:44 localhost kernel: [ 1106.000845] [VIN_NODE]:[L743][C0]vin_node_video_reqbufs done
Mar  5 18:43:44 localhost kernel: [ 1106.000856] [VPF ops]:[L1325][vin1_cap][C0] vpf_request_frames: reqbuf number 16
Mar  5 18:43:44 localhost kernel: [ 1106.000860] [VPF ops]:[L978][vin1_cap][C0] vpf_video_set_ochn_attr: done
Mar  5 18:43:44 localhost kernel: [ 1106.000867] [VPF ops]:[L1079][vin1_src][C0] vpf_video_get_struct_size: done
Mar  5 18:43:44 localhost kernel: [ 1106.000878] vin mipi1: snrclk set freq cmd
Mar  5 18:43:44 localhost kernel: [ 1106.000891] vin mipi1: sensor1_mclk set 24000000 as 24000000
Mar  5 18:43:44 localhost kernel: [ 1106.000897] vin mipi1: snrclk set en cmd
Mar  5 18:43:44 localhost kernel: [ 1106.000900] vin mipi1: snrclk set enable
Mar  5 18:43:44 localhost kernel: [ 1106.000914] [L517][S0]vin_node_set_attr_ex done
Mar  5 18:43:44 localhost kernel: [ 1106.000918] [VIN_NODE]:[L324][C0]vin_node_video_set_attr_ex done
Mar  5 18:43:44 localhost kernel: [ 1106.000922] [VPF ops]:[L763][vin1_src][C0] vpf_video_set_attr_ex: done
Mar  5 18:43:44 localhost kernel: [ 1106.000927] [L517][S0]vin_node_set_attr_ex done
Mar  5 18:43:44 localhost kernel: [ 1106.000931] [VIN_NODE]:[L324][C0]vin_node_video_set_attr_ex done
Mar  5 18:43:44 localhost kernel: [ 1106.000934] [VPF ops]:[L763][vin1_cap][C0] vpf_video_set_attr_ex: done
Mar  5 18:43:44 localhost kernel: [ 1106.000941] [L975]VNODE_ID_CAP wstride 1280
Mar  5 18:43:44 localhost kernel: [ 1106.000944] [L977]VNODE_ID_CAP vstride 480
Mar  5 18:43:44 localhost kernel: [ 1106.000947] [L981]vstride 480  planecount 1 
Mar  5 18:43:44 localhost kernel: [ 1106.000950] [L1023][S0] vin_node_reqbufs done bit_map 0x1 planecount 1 
Mar  5 18:43:44 localhost kernel: [ 1106.000954] [VIN_NODE]:[L743][C0]vin_node_video_reqbufs done
Mar  5 18:43:44 localhost kernel: [ 1106.000965] [VPF ops]:[L1325][vin1_cap][C0] vpf_request_frames: reqbuf number 3
Mar  5 18:43:44 localhost kernel: [ 1106.001077] [VPF ops]:[L1464][vin1_cap][C0] vpf_video_reqbufs: done
Mar  5 18:43:44 localhost kernel: [ 1106.001092] [VPF ops]:[L2066][vin1_cap][C0] vpf_video_querybuf: done
Mar  5 18:43:44 localhost kernel: [ 1106.001231] [VPF ops]:[L2066][vin1_cap][C0] vpf_video_querybuf: done
Mar  5 18:43:44 localhost kernel: [ 1106.001312] [VPF ops]:[L2066][vin1_cap][C0] vpf_video_querybuf: done
Mar  5 18:43:44 localhost kernel: [ 1106.001394] [VPF ops]:[L2575][flow] vpf_device_open: done
Mar  5 18:43:44 localhost kernel: [ 1106.001403] [VPF ops]:[L1031][flow][C0] vpf_video_get_version: done
Mar  5 18:43:44 localhost kernel: [ 1106.001409] [VPF ops]:[L360][S2] vpf_bind_chain: bind done
Mar  5 18:43:44 localhost kernel: [ 1106.001417] [VPF ops]:[L2223][flow][C2] vpf_video_bind_pipeline: done
Mar  5 18:43:44 localhost kernel: [ 1106.001425] [VPF ops]:[L1685][vin1_src][S2][C0] vpf_chain_add_vnode: done
Mar  5 18:43:44 localhost kernel: [ 1106.001429] [VPF ops]:[L1825][vin1_src][C0] vpf_video_add_vnode: done
Mar  5 18:43:44 localhost kernel: [ 1106.001604] [CIM]:[L419][S0]cim_video_get_attr done ret val:0
Mar  5 18:43:44 localhost kernel: [ 1106.001612] vin vcon1: get attr valid bus4 rx1 done
Mar  5 18:43:44 localhost kernel: [ 1106.001617] [L306][S0]vin_node_get_attr done
Mar  5 18:43:44 localhost kernel: [ 1106.001621] [VIN_NODE]:[L286][C0]vin_node_video_get_attr done
Mar  5 18:43:44 localhost kernel: [ 1106.001805] vin sensor2: camera_init_req cmd: initing
Mar  5 18:43:44 localhost kernel: [ 1106.047677] vin sensor1: camera_init_result cmd: done wake
Mar  5 18:43:44 localhost kernel: [ 1106.047710] vin sensor1: sensor_evu_do: default to wait
Mar  5 18:43:44 localhost kernel: [ 1106.047737] vin sensor1: camera_set_intrinsic_param port 1 done
Mar  5 18:43:44 localhost kernel: [ 1106.047776] vin sensor1: sensor_attach flow1 ctx0 to sensor1 
Mar  5 18:43:44 localhost kernel: [ 1106.047782] vin vcon0: flow1.ctx0 attach sensor1 done
Mar  5 18:43:44 localhost kernel: [ 1106.047787] vin vcon0: set internal attr attach done
Mar  5 18:43:44 localhost kernel: [ 1106.047800] vin mipi0: init cmd: 0 real
Mar  5 18:43:44 localhost kernel: [ 1106.047809] vin mipi0: 1 lane 640x480 10fps datatype 0x1e
Mar  5 18:43:44 localhost kernel: [ 1106.047815] vin mipi0: snrclk set disable
Mar  5 18:43:44 localhost kernel: [ 1106.047834] vin mipi0: ipiclk limit 27027000 up to 600000000
Mar  5 18:43:44 localhost kernel: [ 1106.047848] vin mipi0: ipiclk set 600000000 get 600000000
Mar  5 18:43:44 localhost kernel: [ 1106.047853] vin mipi0: dphy 432Mbps/1lane: ppi 8bit settle 8
Mar  5 18:43:44 localhost kernel: [ 1106.065074] ctx_id 0, inst id 0, sensor /app/BestMow/startup_script/sensor_config/darktime/sc132gs_tuning_left.json
Mar  5 18:43:44 localhost kernel: [ 1106.065092] isp_video_reqbufs done bit_map 0x1 planecount 1 vctx->id:0
Mar  5 18:43:44 localhost kernel: [ 1106.065097] [VPF ops]:[L1005][vs-isp0_src][C0] vpf_video_set_inter_attr: done
Mar  5 18:43:44 localhost kernel: [ 1106.065227] [L899][S0][V8] vin_node chn_attr format(24) slod_id(0) width(1088) height(1280) wstride(2176) vstride(1280)
Mar  5 18:43:44 localhost kernel: [ 1106.065235] isp_allow_bind online_mode=0,bind_type=3
Mar  5 18:43:44 localhost kernel: [ 1106.065266] [VPF ops]:[L319][S0] vpf_bind_vnode: vin2_cap bind_type(3) vs-isp0_src
Mar  5 18:43:44 localhost kernel: [ 1106.065272] [VPF ops]:[L2258][flow][C0] vpf_video_bind_vnode: done
Mar  5 18:43:44 localhost kernel: [ 1106.065315] [VPF chain]:[L279]vio_chain_path_show: [S0] vin2_C0*(dma)-m2m-isp0_C0
Mar  5 18:43:44 localhost kernel: [ 1106.065324] [VPF ops]:[L632][vs-isp0_cap][S0] vpf_prepare_buffers: done
Mar  5 18:43:44 localhost kernel: [ 1106.065332] isp_video_streamon inst: 0, set isp state to STARTED
Mar  5 18:43:44 localhost kernel: [ 1106.067277] [VPF ops]:[L1639][vs-isp0_cap][S0][C0] vpf_video_start: done start_cnt 1
Mar  5 18:43:44 localhost kernel: [ 1106.067300] [VPF ops]:[L1639][vs-isp0_src][S0][C0] vpf_video_start: done start_cnt 2
Mar  5 18:43:44 localhost kernel: [ 1106.067319] [VPF ops]:[L632][vin2_cap][S0] vpf_prepare_buffers: done
Mar  5 18:43:44 localhost kernel: [ 1106.067324] [VPF ops]:[L1639][vin2_cap][S0][C0] vpf_video_start: done start_cnt 1
Mar  5 18:43:44 localhost kernel: [ 1106.067334] [L716][S0][ipi0]cim_subdev_start ddr_en and ochn request bufs
Mar  5 18:43:44 localhost kernel: [ 1106.067348] [L757][S0]cim_subdev_start
Mar  5 18:43:44 localhost kernel: [ 1106.067352] [CIM]:[L113][S0]cim_video_streamon done ret val:0
Mar  5 18:43:44 localhost kernel: [ 1106.067360] vin sensor0: sensor_evk_do: wait to doing
Mar  5 18:43:44 localhost kernel: [ 1106.067862] vin sensor0: sensor_evk_do: done to finish
Mar  5 18:43:44 localhost kernel: [ 1106.067867] vin sensor0: sensor_start sc132gs flow0 start done
Mar  5 18:43:44 localhost kernel: [ 1106.067873] vin vcon2: sensor0 start real done
Mar  5 18:43:44 localhost kernel: [ 1106.067880] vin mipi2: start cmd: 0 real
Mar  5 18:43:44 localhost kernel: [ 1106.067884] vin mipi2: check hs reception
Mar  5 18:43:44 localhost kernel: [ 1106.080887] vin mipi0: linelenth: 858, framelenth: 3150, fps: 10, ipiclk: 600000000, rx_bit_clk: 432000000
Mar  5 18:43:44 localhost kernel: [ 1106.080903] vin mipi0: ipi config hsa: 4, hbp: 4, hsd: 98
Mar  5 18:43:44 localhost kernel: [ 1106.080910] vin mipi0: config 1/1 ipi done
Mar  5 18:43:44 localhost kernel: [ 1106.080914] vin mipi0: check phy stop state
Mar  5 18:43:44 localhost kernel: [ 1106.083927] [L587][S0]vin_node_set_internal_attr done
Mar  5 18:43:44 localhost kernel: [ 1106.083932] [VIN_NODE]:[L514][C0]vin_node_video_set_internal_attr done
Mar  5 18:43:44 localhost kernel: [ 1106.083940] [L1023][S0] vin_node_reqbufs done bit_map 0x1 planecount 0 
Mar  5 18:43:44 localhost kernel: [ 1106.083945] [VIN_NODE]:[L743][C0]vin_node_video_reqbufs done
Mar  5 18:43:44 localhost kernel: [ 1106.083951] [VPF ops]:[L1005][vin0_src][C0] vpf_video_set_inter_attr: done
Mar  5 18:43:44 localhost kernel: [ 1106.083987] [VPF chain]:[L279]vio_chain_path_show: [S1] vin0_C0*(dma)
Mar  5 18:43:44 localhost kernel: [ 1106.083995] [VPF ops]:[L632][vin0_cap][S1] vpf_prepare_buffers: done
Mar  5 18:43:44 localhost kernel: [ 1106.084000] [VPF ops]:[L1639][vin0_cap][S1][C0] vpf_video_start: done start_cnt 1
Mar  5 18:43:44 localhost kernel: [ 1106.084010] [L716][S0][ipi0]cim_subdev_start ddr_en and ochn request bufs
Mar  5 18:43:44 localhost kernel: [ 1106.084023] [L757][S1]cim_subdev_start
Mar  5 18:43:44 localhost kernel: [ 1106.084027] [CIM]:[L113][S0]cim_video_streamon done ret val:0
Mar  5 18:43:44 localhost kernel: [ 1106.084035] vin sensor1: sensor_evk_do: wait to doing
Mar  5 18:43:44 localhost kernel: [ 1106.084686] vin sensor1: sensor_evk_do: done to finish
Mar  5 18:43:44 localhost kernel: [ 1106.084697] vin sensor1: sensor_start  flow1 start done
Mar  5 18:43:44 localhost kernel: [ 1106.084701] vin vcon0: sensor1 start real done
Mar  5 18:43:44 localhost kernel: [ 1106.084708] vin mipi0: start cmd: 0 real
Mar  5 18:43:44 localhost kernel: [ 1106.084712] vin mipi0: check hs reception
Mar  5 18:43:44 localhost kernel: [ 1106.159961] [VPF mgr]:[L478]empty_camsys_reset: empty function
Mar  5 18:43:44 localhost kernel: [ 1106.159976] [L1228]cim_open open_cnt :1
Mar  5 18:43:44 localhost kernel: [ 1106.159981] [CIM]:[L192][S0]cim_video_open done ret val:0
Mar  5 18:43:44 localhost kernel: [ 1106.159985] [L1227][S0]vin_node_open done
Mar  5 18:43:44 localhost kernel: [ 1106.159989] [VIN_NODE]:[L694][C0]vin_node_video_open done
Mar  5 18:43:44 localhost kernel: [ 1106.159994] [VPF ops]:[L2575][vin3_src] vpf_device_open: done
Mar  5 18:43:44 localhost kernel: [ 1106.160009] [L1228]cim_open open_cnt :2
Mar  5 18:43:44 localhost kernel: [ 1106.160013] [CIM]:[L192][S0]cim_video_open done ret val:0
Mar  5 18:43:44 localhost kernel: [ 1106.160017] [L1227][S0]vin_node_open done
Mar  5 18:43:44 localhost kernel: [ 1106.160020] [VIN_NODE]:[L694][C0]vin_node_video_open done
Mar  5 18:43:44 localhost kernel: [ 1106.160023] [VPF ops]:[L2575][vin3_cap] vpf_device_open: done
Mar  5 18:43:44 localhost kernel: [ 1106.160034] [L1228]cim_open open_cnt :3
Mar  5 18:43:44 localhost kernel: [ 1106.160038] [CIM]:[L192][S0]cim_video_open done ret val:0
Mar  5 18:43:44 localhost kernel: [ 1106.160041] [L1227][S0]vin_node_open done
Mar  5 18:43:44 localhost kernel: [ 1106.160045] [VIN_NODE]:[L694][C0]vin_node_video_open done
Mar  5 18:43:44 localhost kernel: [ 1106.160048] [VPF ops]:[L2575][vin3_emb] vpf_device_open: done
Mar  5 18:43:44 localhost kernel: [ 1106.160059] [L1228]cim_open open_cnt :4
Mar  5 18:43:44 localhost kernel: [ 1106.160062] [CIM]:[L192][S0]cim_video_open done ret val:0
Mar  5 18:43:44 localhost kernel: [ 1106.160066] [L1227][S0]vin_node_open done
Mar  5 18:43:44 localhost kernel: [ 1106.160069] [VIN_NODE]:[L694][C0]vin_node_video_open done
Mar  5 18:43:44 localhost kernel: [ 1106.160072] [VPF ops]:[L2575][vin3_pdaf] vpf_device_open: done
Mar  5 18:43:44 localhost kernel: [ 1106.160082] [VPF ops]:[L439][vin3_src][C0] vpf_vctx_bind_vdev: done, ctx_index(0) refcount(1)
Mar  5 18:43:44 localhost kernel: [ 1106.160088] [VPF ops]:[L1875][vin3_src][C0] vpf_video_bind_context: done
Mar  5 18:43:44 localhost kernel: [ 1106.160095] [VPF ops]:[L439][vin3_cap][C0] vpf_vctx_bind_vdev: done, ctx_index(0) refcount(1)
Mar  5 18:43:44 localhost kernel: [ 1106.160099] [VPF ops]:[L1875][vin3_cap][C0] vpf_video_bind_context: done
Mar  5 18:43:44 localhost kernel: [ 1106.160104] [VPF ops]:[L439][vin3_emb][C0] vpf_vctx_bind_vdev: done, ctx_index(0) refcount(1)
Mar  5 18:43:44 localhost kernel: [ 1106.160109] [VPF ops]:[L1875][vin3_emb][C0] vpf_video_bind_context: done
Mar  5 18:43:44 localhost kernel: [ 1106.160114] [VPF ops]:[L439][vin3_pdaf][C0] vpf_vctx_bind_vdev: done, ctx_index(0) refcount(1)
Mar  5 18:43:44 localhost kernel: [ 1106.160119] [VPF ops]:[L1875][vin3_pdaf][C0] vpf_video_bind_context: done
Mar  5 18:43:44 localhost kernel: [ 1106.160124] [VIN_NODE]:[L38]The vin node driver version is v1.1
Mar  5 18:43:44 localhost kernel: [ 1106.160128] [VPF ops]:[L1031][vin3_src][C0] vpf_video_get_version: done
Mar  5 18:43:44 localhost kernel: [ 1106.160138] [VPF ops]:[L1079][vin3_src][C0] vpf_video_get_struct_size: done
Mar  5 18:43:44 localhost kernel: [ 1106.160146] [CIM]:[L247][C0]cim_video_set_attr done ret val:0
Mar  5 18:43:44 localhost kernel: [ 1106.160151] [L423][C0] vin_node_set_attr ipi 0 done
Mar  5 18:43:44 localhost kernel: [ 1106.160154] [VIN_NODE]:[L239][C0]vin_node_video_set_attr done
Mar  5 18:43:44 localhost kernel: [ 1106.160158] [VPF ops]:[L689][vin3_cap][C0] vpf_video_set_init_attr: done
Mar  5 18:43:44 localhost kernel: [ 1106.160166] vin vcon3: vcon3 open 0: flow65535 ctx0 real
Mar  5 18:43:44 localhost kernel: [ 1106.160171] [L624][S65535][C0][ipi0]cim_subdev_init hw_id = 3
Mar  5 18:43:44 localhost kernel: [ 1106.160176] [CIM]:[L247][C0]cim_video_set_attr done ret val:0
Mar  5 18:43:44 localhost kernel: [ 1106.160181] vin vcon3: get attr valid bus7 rx3 done
Mar  5 18:43:44 localhost kernel: [ 1106.160186] [L423][C0] vin_node_set_attr ipi 0 done
Mar  5 18:43:44 localhost kernel: [ 1106.160189] [VIN_NODE]:[L239][C0]vin_node_video_set_attr done
Mar  5 18:43:44 localhost kernel: [ 1106.160193] [VIO node]:[L104][vin3] vio_group_task_start: sched_mode 1
Mar  5 18:43:44 localhost kernel: [ 1106.160197] [VPF ops]:[L689][vin3_src][C0] vpf_video_set_init_attr: done
Mar  5 18:43:44 localhost kernel: [ 1106.160202] [CIM]:[L247][C0]cim_video_set_attr done ret val:0
Mar  5 18:43:44 localhost kernel: [ 1106.160205] [L423][C0] vin_node_set_attr ipi 0 done
Mar  5 18:43:44 localhost kernel: [ 1106.160209] [VIN_NODE]:[L239][C0]vin_node_video_set_attr done
Mar  5 18:43:44 localhost kernel: [ 1106.160212] [VPF ops]:[L689][vin3_emb][C0] vpf_video_set_init_attr: done
Mar  5 18:43:44 localhost kernel: [ 1106.160217] [CIM]:[L247][C0]cim_video_set_attr done ret val:0
Mar  5 18:43:44 localhost kernel: [ 1106.160220] [L423][C0] vin_node_set_attr ipi 0 done
Mar  5 18:43:44 localhost kernel: [ 1106.160224] [VIN_NODE]:[L239][C0]vin_node_video_set_attr done
Mar  5 18:43:44 localhost kernel: [ 1106.160227] [VPF ops]:[L689][vin3_pdaf][C0] vpf_video_set_init_attr: done
Mar  5 18:43:44 localhost kernel: [ 1106.160232] [VPF ops]:[L1079][vin3_src][C0] vpf_video_get_struct_size: done
Mar  5 18:43:44 localhost kernel: [ 1106.160239] [L709][S65535] vin_node_set_ichn_attr begin format 43 width 1088 
Mar  5 18:43:44 localhost kernel: [ 1106.160246] [L527][S0][ipi0]cim_set_ichn_attr done
Mar  5 18:43:44 localhost kernel: [ 1106.160251] [CIM]:[L309][S0]cim_video_set_ichn_attr done ret val:0
Mar  5 18:43:44 localhost kernel: [ 1106.160255] [L724][S0]vin_node_set_ichn_attr done
Mar  5 18:43:44 localhost kernel: [ 1106.160258] [VIN_NODE]:[L427][C0]vin_node_video_set_ichn_attr done
Mar  5 18:43:44 localhost kernel: [ 1106.160264] [L1023][S0] vin_node_reqbufs done bit_map 0x1 planecount 1 
Mar  5 18:43:44 localhost kernel: [ 1106.160268] [VIN_NODE]:[L743][C0]vin_node_video_reqbufs done
Mar  5 18:43:44 localhost kernel: [ 1106.160280] [VPF ops]:[L1193][F0] vpf_fill_frame_info: L0 use width instead of wstride
Mar  5 18:43:44 localhost kernel: [ 1106.160284] [VPF ops]:[L1197][F0] vpf_fill_frame_info: L0 use height instead of vstride
Mar  5 18:43:44 localhost kernel: [ 1106.160290] [VPF ops]:[L1193][F1] vpf_fill_frame_info: L0 use width instead of wstride
Mar  5 18:43:44 localhost kernel: [ 1106.160294] [VPF ops]:[L1197][F1] vpf_fill_frame_info: L0 use height instead of vstride
Mar  5 18:43:44 localhost kernel: [ 1106.160298] [VPF ops]:[L1193][F2] vpf_fill_frame_info: L0 use width instead of wstride
Mar  5 18:43:44 localhost kernel: [ 1106.160302] [VPF ops]:[L1197][F2] vpf_fill_frame_info: L0 use height instead of vstride
Mar  5 18:43:44 localhost kernel: [ 1106.160306] [VPF ops]:[L1193][F3] vpf_fill_frame_info: L0 use width instead of wstride
Mar  5 18:43:44 localhost kernel: [ 1106.160310] [VPF ops]:[L1197][F3] vpf_fill_frame_info: L0 use height instead of vstride
Mar  5 18:43:44 localhost kernel: [ 1106.160313] [VPF ops]:[L1193][F4] vpf_fill_frame_info: L0 use width instead of wstride
Mar  5 18:43:44 localhost kernel: [ 1106.160317] [VPF ops]:[L1197][F4] vpf_fill_frame_info: L0 use height instead of vstride
Mar  5 18:43:44 localhost kernel: [ 1106.160321] [VPF ops]:[L1193][F5] vpf_fill_frame_info: L0 use width instead of wstride
Mar  5 18:43:44 localhost kernel: [ 1106.160324] [VPF ops]:[L1197][F5] vpf_fill_frame_info: L0 use height instead of vstride
Mar  5 18:43:44 localhost kernel: [ 1106.160328] [VPF ops]:[L1193][F6] vpf_fill_frame_info: L0 use width instead of wstride
Mar  5 18:43:44 localhost kernel: [ 1106.160332] [VPF ops]:[L1197][F6] vpf_fill_frame_info: L0 use height instead of vstride
Mar  5 18:43:44 localhost kernel: [ 1106.160336] [VPF ops]:[L1193][F7] vpf_fill_frame_info: L0 use width instead of wstride
Mar  5 18:43:44 localhost kernel: [ 1106.160340] [VPF ops]:[L1197][F7] vpf_fill_frame_info: L0 use height instead of vstride
Mar  5 18:43:44 localhost kernel: [ 1106.160343] [VPF ops]:[L1193][F8] vpf_fill_frame_info: L0 use width instead of wstride
Mar  5 18:43:44 localhost kernel: [ 1106.160347] [VPF ops]:[L1197][F8] vpf_fill_frame_info: L0 use height instead of vstride
Mar  5 18:43:44 localhost kernel: [ 1106.160351] [VPF ops]:[L1193][F9] vpf_fill_frame_info: L0 use width instead of wstride
Mar  5 18:43:44 localhost kernel: [ 1106.160354] [VPF ops]:[L1197][F9] vpf_fill_frame_info: L0 use height instead of vstride
Mar  5 18:43:44 localhost kernel: [ 1106.160359] [VPF ops]:[L1193][F10] vpf_fill_frame_info: L0 use width instead of wstride
Mar  5 18:43:44 localhost kernel: [ 1106.160362] [VPF ops]:[L1197][F10] vpf_fill_frame_info: L0 use height instead of vstride
Mar  5 18:43:44 localhost kernel: [ 1106.160366] [VPF ops]:[L1193][F11] vpf_fill_frame_info: L0 use width instead of wstride
Mar  5 18:43:44 localhost kernel: [ 1106.160370] [VPF ops]:[L1197][F11] vpf_fill_frame_info: L0 use height instead of vstride
Mar  5 18:43:44 localhost kernel: [ 1106.160374] [VPF ops]:[L1193][F12] vpf_fill_frame_info: L0 use width instead of wstride
Mar  5 18:43:44 localhost kernel: [ 1106.160385] [VPF ops]:[L1197][F12] vpf_fill_frame_info: L0 use height instead of vstride
Mar  5 18:43:44 localhost kernel: [ 1106.160390] [VPF ops]:[L1193][F13] vpf_fill_frame_info: L0 use width instead of wstride
Mar  5 18:43:44 localhost kernel: [ 1106.160394] [VPF ops]:[L1197][F13] vpf_fill_frame_info: L0 use height instead of vstride
Mar  5 18:43:44 localhost kernel: [ 1106.160398] [VPF ops]:[L1193][F14] vpf_fill_frame_info: L0 use width instead of wstride
Mar  5 18:43:44 localhost kernel: [ 1106.160401] [VPF ops]:[L1197][F14] vpf_fill_frame_info: L0 use height instead of vstride
Mar  5 18:43:44 localhost kernel: [ 1106.160405] [VPF ops]:[L1193][F15] vpf_fill_frame_info: L0 use width instead of wstride
Mar  5 18:43:44 localhost kernel: [ 1106.160409] [VPF ops]:[L1197][F15] vpf_fill_frame_info: L0 use height instead of vstride
Mar  5 18:43:44 localhost kernel: [ 1106.160413] [VPF ops]:[L1325][vin3_src][C0] vpf_request_frames: reqbuf number 16
Mar  5 18:43:44 localhost kernel: [ 1106.160417] [VPF ops]:[L850][vin3_src][C0] vpf_video_set_ichn_attr: done
Mar  5 18:43:44 localhost kernel: [ 1106.160424] [VPF ops]:[L1079][vin3_src][C0] vpf_video_get_struct_size: done
Mar  5 18:43:44 localhost kernel: [ 1106.160431] [L236][S0] ochn0 auto calc vstride 1280
Mar  5 18:43:44 localhost kernel: [ 1106.160436] [L160]vin_basic_attr->format:43
Mar  5 18:43:44 localhost kernel: [ 1106.160447] [L425][S0][ipi0][ochn0]cim_set_ochn_attr done
Mar  5 18:43:44 localhost kernel: [ 1106.160452] [CIM]:[L340][S0]cim_video_set_ochn_attr done ret val:0
Mar  5 18:43:44 localhost kernel: [ 1106.160460] [L652][S0]vin_node_set_ochn_attr done
Mar  5 18:43:44 localhost kernel: [ 1106.160463] [VIN_NODE]:[L364][C0]vin_node_video_set_ochn_attr done
Mar  5 18:43:44 localhost kernel: [ 1106.160471] [L975]VNODE_ID_CAP wstride 2176
Mar  5 18:43:44 localhost kernel: [ 1106.160474] [L977]VNODE_ID_CAP vstride 1280
Mar  5 18:43:44 localhost kernel: [ 1106.160477] [L981]vstride 1280  planecount 1 
Mar  5 18:43:44 localhost kernel: [ 1106.160481] [L1023][S0] vin_node_reqbufs done bit_map 0x1 planecount 1 
Mar  5 18:43:44 localhost kernel: [ 1106.160484] [VIN_NODE]:[L743][C0]vin_node_video_reqbufs done
Mar  5 18:43:44 localhost kernel: [ 1106.160497] [VPF ops]:[L1325][vin3_cap][C0] vpf_request_frames: reqbuf number 16
Mar  5 18:43:44 localhost kernel: [ 1106.160503] [VPF ops]:[L978][vin3_cap][C0] vpf_video_set_ochn_attr: done
Mar  5 18:43:44 localhost kernel: [ 1106.160511] [VPF ops]:[L1079][vin3_src][C0] vpf_video_get_struct_size: done
Mar  5 18:43:44 localhost kernel: [ 1106.160521] vin mipi3: snrclk set freq cmd
Mar  5 18:43:44 localhost kernel: [ 1106.160534] vin mipi3: sensor3_mclk set 24000000 as 24000000
Mar  5 18:43:44 localhost kernel: [ 1106.160540] vin mipi3: snrclk set en cmd
Mar  5 18:43:44 localhost kernel: [ 1106.160543] vin mipi3: snrclk set enable
Mar  5 18:43:44 localhost kernel: [ 1106.160558] [L517][S0]vin_node_set_attr_ex done
Mar  5 18:43:44 localhost kernel: [ 1106.160562] [VIN_NODE]:[L324][C0]vin_node_video_set_attr_ex done
Mar  5 18:43:44 localhost kernel: [ 1106.160565] [VPF ops]:[L763][vin3_src][C0] vpf_video_set_attr_ex: done
Mar  5 18:43:44 localhost kernel: [ 1106.160570] [L517][S0]vin_node_set_attr_ex done
Mar  5 18:43:44 localhost kernel: [ 1106.160573] [VIN_NODE]:[L324][C0]vin_node_video_set_attr_ex done
Mar  5 18:43:44 localhost kernel: [ 1106.160577] [VPF ops]:[L763][vin3_cap][C0] vpf_video_set_attr_ex: done
Mar  5 18:43:44 localhost kernel: [ 1106.160583] [L975]VNODE_ID_CAP wstride 2176
Mar  5 18:43:44 localhost kernel: [ 1106.160586] [L977]VNODE_ID_CAP vstride 1280
Mar  5 18:43:44 localhost kernel: [ 1106.160589] [L981]vstride 1280  planecount 1 
Mar  5 18:43:44 localhost kernel: [ 1106.160592] [L1023][S0] vin_node_reqbufs done bit_map 0x1 planecount 1 
Mar  5 18:43:44 localhost kernel: [ 1106.160596] [VIN_NODE]:[L743][C0]vin_node_video_reqbufs done
Mar  5 18:43:44 localhost kernel: [ 1106.160604] [VPF ops]:[L1325][vin3_cap][C0] vpf_request_frames: reqbuf number 3
Mar  5 18:43:44 localhost kernel: [ 1106.160724] [VPF ops]:[L1464][vin3_cap][C0] vpf_video_reqbufs: done
Mar  5 18:43:44 localhost kernel: [ 1106.160740] [VPF ops]:[L2066][vin3_cap][C0] vpf_video_querybuf: done
Mar  5 18:43:44 localhost kernel: [ 1106.160970] [VPF ops]:[L2066][vin3_cap][C0] vpf_video_querybuf: done
Mar  5 18:43:44 localhost kernel: [ 1106.161056] [VPF ops]:[L2066][vin3_cap][C0] vpf_video_querybuf: done
Mar  5 18:43:44 localhost kernel: [ 1106.161186] [VPF ops]:[L2575][vs-isp0_src] vpf_device_open: done
Mar  5 18:43:44 localhost kernel: [ 1106.161201] [VPF ops]:[L2575][vs-isp0_src_pd] vpf_device_open: done
Mar  5 18:43:44 localhost kernel: [ 1106.161214] [VPF ops]:[L2575][vs-isp0_cap] vpf_device_open: done
Mar  5 18:43:44 localhost kernel: [ 1106.161226] [VPF ops]:[L2575][vs-isp0_cap_raw] vpf_device_open: done
Mar  5 18:43:44 localhost kernel: [ 1106.161233] [VPF ops]:[L439][vs-isp0_src][C1] vpf_vctx_bind_vdev: done, ctx_index(0) refcount(1)
Mar  5 18:43:44 localhost kernel: [ 1106.161240] [VPF ops]:[L1875][vs-isp0_src][C1] vpf_video_bind_context: done
Mar  5 18:43:44 localhost kernel: [ 1106.161246] [VPF ops]:[L439][vs-isp0_src_pd][C1] vpf_vctx_bind_vdev: done, ctx_index(0) refcount(1)
Mar  5 18:43:44 localhost kernel: [ 1106.161251] [VPF ops]:[L1875][vs-isp0_src_pd][C1] vpf_video_bind_context: done
Mar  5 18:43:44 localhost kernel: [ 1106.161256] [VPF ops]:[L439][vs-isp0_cap][C1] vpf_vctx_bind_vdev: done, ctx_index(0) refcount(1)
Mar  5 18:43:44 localhost kernel: [ 1106.161261] [VPF ops]:[L1875][vs-isp0_cap][C1] vpf_video_bind_context: done
Mar  5 18:43:44 localhost kernel: [ 1106.161267] [VPF ops]:[L439][vs-isp0_cap_raw][C1] vpf_vctx_bind_vdev: done, ctx_index(0) refcount(1)
Mar  5 18:43:44 localhost kernel: [ 1106.161275] [VPF ops]:[L1875][vs-isp0_cap_raw][C1] vpf_video_bind_context: done
Mar  5 18:43:44 localhost kernel: [ 1106.161284] [VPF ops]:[L1079][vs-isp0_src][C1] vpf_video_get_struct_size: done
Mar  5 18:43:44 localhost kernel: [ 1106.161291] [VPF ops]:[L689][vs-isp0_cap][C1] vpf_video_set_init_attr: done
Mar  5 18:43:44 localhost kernel: [ 1106.163781] [VPF ops]:[L689][vs-isp0_src][C1] vpf_video_set_init_attr: done
Mar  5 18:43:44 localhost kernel: [ 1106.163802] [VPF ops]:[L689][vs-isp0_src_pd][C1] vpf_video_set_init_attr: done
Mar  5 18:43:44 localhost kernel: [ 1106.163808] [VPF ops]:[L689][vs-isp0_cap_raw][C1] vpf_video_set_init_attr: done
Mar  5 18:43:44 localhost kernel: [ 1106.163818] [VPF ops]:[L1079][vs-isp0_src][C1] vpf_video_get_struct_size: done
Mar  5 18:43:44 localhost kernel: [ 1106.163828] isp_set_ochn_attr format=6,width=1088,stride=1088,height=1280
Mar  5 18:43:44 localhost kernel: [ 1106.163877] isp_video_reqbufs done bit_map 0x1 planecount 2 vctx->id:8
Mar  5 18:43:44 localhost kernel: [ 1106.163893] [VPF ops]:[L1325][vs-isp0_cap][C1] vpf_request_frames: reqbuf number 16
Mar  5 18:43:44 localhost kernel: [ 1106.163899] [VPF ops]:[L978][vs-isp0_cap][C1] vpf_video_set_ochn_attr: done
Mar  5 18:43:44 localhost kernel: [ 1106.163908] [VPF ops]:[L1079][vs-isp0_src][C1] vpf_video_get_struct_size: done
Mar  5 18:43:44 localhost kernel: [ 1106.163916] isp_video_set_ichn_attr format=2,width=1088,stride=2176,height=1280,hdr_en=0
Mar  5 18:43:44 localhost kernel: [ 1106.163957] isp_video_reqbufs done bit_map 0x1 planecount 1 vctx->id:0
Mar  5 18:43:44 localhost kernel: [ 1106.163969] [VPF ops]:[L1325][vs-isp0_src][C1] vpf_request_frames: reqbuf number 16
Mar  5 18:43:44 localhost kernel: [ 1106.163974] [VPF ops]:[L850][vs-isp0_src][C1] vpf_video_set_ichn_attr: done
Mar  5 18:43:44 localhost kernel: [ 1106.163982] isp_video_reqbufs done bit_map 0x1 planecount 2 vctx->id:8
Mar  5 18:43:44 localhost kernel: [ 1106.163991] [VPF ops]:[L1325][vs-isp0_cap][C1] vpf_request_frames: reqbuf number 3
Mar  5 18:43:44 localhost kernel: [ 1106.164086] [VPF ops]:[L1464][vs-isp0_cap][C1] vpf_video_reqbufs: done
Mar  5 18:43:44 localhost kernel: [ 1106.164114] [VPF ops]:[L2066][vs-isp0_cap][C1] vpf_video_querybuf: done
Mar  5 18:43:44 localhost kernel: [ 1106.164244] [VPF ops]:[L2066][vs-isp0_cap][C1] vpf_video_querybuf: done
Mar  5 18:43:44 localhost kernel: [ 1106.164313] [VPF ops]:[L2066][vs-isp0_cap][C1] vpf_video_querybuf: done
Mar  5 18:43:44 localhost kernel: [ 1106.164419] [VPF ops]:[L2575][flow] vpf_device_open: done
Mar  5 18:43:44 localhost kernel: [ 1106.164468] [VPF ops]:[L1031][flow][C0] vpf_video_get_version: done
Mar  5 18:43:44 localhost kernel: [ 1106.164477] [VPF ops]:[L360][S3] vpf_bind_chain: bind done
Mar  5 18:43:44 localhost kernel: [ 1106.164486] [VPF ops]:[L2223][flow][C3] vpf_video_bind_pipeline: done
Mar  5 18:43:44 localhost kernel: [ 1106.164497] [VPF ops]:[L1685][vin3_src][S3][C0] vpf_chain_add_vnode: done
Mar  5 18:43:44 localhost kernel: [ 1106.164502] [VPF ops]:[L1825][vin3_src][C0] vpf_video_add_vnode: done
Mar  5 18:43:44 localhost kernel: [ 1106.164509] [VPF ops]:[L1685][vs-isp0_src][S3][C1] vpf_chain_add_vnode: done
Mar  5 18:43:44 localhost kernel: [ 1106.164522] [VPF ops]:[L1825][vs-isp0_src][C1] vpf_video_add_vnode: done
Mar  5 18:43:44 localhost kernel: [ 1106.164741] [CIM]:[L419][S0]cim_video_get_attr done ret val:0
Mar  5 18:43:44 localhost kernel: [ 1106.164751] vin vcon3: get attr valid bus7 rx3 done
Mar  5 18:43:44 localhost kernel: [ 1106.164756] [L306][S0]vin_node_get_attr done
Mar  5 18:43:44 localhost kernel: [ 1106.164760] [VIN_NODE]:[L286][C0]vin_node_video_get_attr done
Mar  5 18:43:44 localhost kernel: [ 1106.164872] vin sensor3: camera_init_req cmd: initing
Mar  5 18:43:44 localhost kernel: [ 1106.189016] hobot-sif 3d040000.sif: sif frame size incorrect, hsize count:0x0 vsize count:0x3ac for inst:0
Mar  5 18:43:44 localhost kernel: [ 1106.189919] vin mipi2: entry hs reception
Mar  5 18:43:44 localhost kernel: [ 1106.190270] [L1096][S0]vin_node_start done
Mar  5 18:43:44 localhost kernel: [ 1106.190275] [VIN_NODE]:[L546][C0]vin_node_video_streamon done
Mar  5 18:43:44 localhost kernel: [ 1106.190280] [VPF ops]:[L1639][vin2_src][S0][C0] vpf_video_start: done start_cnt 2
Mar  5 18:43:44 localhost kernel: [ 1106.250213] hobot-sif 3d020000.sif: sif frame size incorrect, hsize count:0x0 vsize count:0x1e0 for inst:0
Mar  5 18:43:44 localhost kernel: [ 1106.250755] vin mipi0: entry hs reception
Mar  5 18:43:44 localhost kernel: [ 1106.251467] [L1096][S0]vin_node_start done
Mar  5 18:43:44 localhost kernel: [ 1106.251472] [VIN_NODE]:[L546][C0]vin_node_video_streamon done
Mar  5 18:43:44 localhost kernel: [ 1106.251476] [VPF ops]:[L1639][vin0_src][S1][C0] vpf_video_start: done start_cnt 2
Mar  5 18:43:44 localhost kernel: [ 1106.263758] vin sensor2: camera_init_result cmd: done wake
Mar  5 18:43:44 localhost kernel: [ 1106.263792] vin sensor2: sensor_evu_do: default to wait
Mar  5 18:43:44 localhost kernel: [ 1106.263826] vin sensor2: camera_set_intrinsic_param port 2 done
Mar  5 18:43:44 localhost kernel: [ 1106.263865] vin sensor2: sensor_attach flow2 ctx0 to sensor2 
Mar  5 18:43:44 localhost kernel: [ 1106.263872] vin vcon1: flow2.ctx0 attach sensor2 done
Mar  5 18:43:44 localhost kernel: [ 1106.263876] vin vcon1: set internal attr attach done
Mar  5 18:43:44 localhost kernel: [ 1106.263889] vin mipi1: init cmd: 0 real
Mar  5 18:43:44 localhost kernel: [ 1106.263897] vin mipi1: 1 lane 640x480 10fps datatype 0x1e
Mar  5 18:43:44 localhost kernel: [ 1106.263904] vin mipi1: snrclk set disable
Mar  5 18:43:44 localhost kernel: [ 1106.263924] vin mipi1: ipiclk limit 27027000 up to 600000000
Mar  5 18:43:44 localhost kernel: [ 1106.263938] vin mipi1: ipiclk set 600000000 get 600000000
Mar  5 18:43:44 localhost kernel: [ 1106.263943] vin mipi1: dphy 432Mbps/1lane: ppi 8bit settle 40
Mar  5 18:43:44 localhost kernel: [ 1106.296976] vin mipi1: linelenth: 858, framelenth: 3150, fps: 10, ipiclk: 600000000, rx_bit_clk: 432000000
Mar  5 18:43:44 localhost kernel: [ 1106.296999] vin mipi1: ipi config hsa: 4, hbp: 4, hsd: 98
Mar  5 18:43:44 localhost kernel: [ 1106.297006] vin mipi1: config 1/1 ipi done
Mar  5 18:43:44 localhost kernel: [ 1106.297011] vin mipi1: check phy stop state
Mar  5 18:43:44 localhost kernel: [ 1106.297019] [L587][S0]vin_node_set_internal_attr done
Mar  5 18:43:44 localhost kernel: [ 1106.297024] [VIN_NODE]:[L514][C0]vin_node_video_set_internal_attr done
Mar  5 18:43:44 localhost kernel: [ 1106.297030] [L1023][S0] vin_node_reqbufs done bit_map 0x1 planecount 0 
Mar  5 18:43:44 localhost kernel: [ 1106.297035] [VIN_NODE]:[L743][C0]vin_node_video_reqbufs done
Mar  5 18:43:44 localhost kernel: [ 1106.297039] [VPF ops]:[L1005][vin1_src][C0] vpf_video_set_inter_attr: done
Mar  5 18:43:44 localhost kernel: [ 1106.297082] [VPF chain]:[L279]vio_chain_path_show: [S2] vin1_C0*(dma)
Mar  5 18:43:44 localhost kernel: [ 1106.297091] [VPF ops]:[L632][vin1_cap][S2] vpf_prepare_buffers: done
Mar  5 18:43:44 localhost kernel: [ 1106.297096] [VPF ops]:[L1639][vin1_cap][S2][C0] vpf_video_start: done start_cnt 1
Mar  5 18:43:44 localhost kernel: [ 1106.297105] [L716][S0][ipi0]cim_subdev_start ddr_en and ochn request bufs
Mar  5 18:43:44 localhost kernel: [ 1106.297118] [L757][S2]cim_subdev_start
Mar  5 18:43:44 localhost kernel: [ 1106.297122] [CIM]:[L113][S0]cim_video_streamon done ret val:0
Mar  5 18:43:44 localhost kernel: [ 1106.297130] vin sensor2: sensor_evk_do: wait to doing
Mar  5 18:43:44 localhost kernel: [ 1106.297776] vin sensor2: sensor_evk_do: done to finish
Mar  5 18:43:44 localhost kernel: [ 1106.297784] vin sensor2: sensor_start  flow2 start done
Mar  5 18:43:44 localhost kernel: [ 1106.297789] vin vcon1: sensor2 start real done
Mar  5 18:43:44 localhost kernel: [ 1106.297795] vin mipi1: start cmd: 0 real
Mar  5 18:43:44 localhost kernel: [ 1106.297799] vin mipi1: check hs reception
Mar  5 18:43:45 localhost kernel: [ 1106.430773] vin sensor3: sc132gs open i2c7@0x33
Mar  5 18:43:45 localhost kernel: [ 1106.430795] vin sensor3: camera_tuning_update_param done
Mar  5 18:43:45 localhost kernel: [ 1106.431064] vin sensor3: ctrl_mode set to user
Mar  5 18:43:45 localhost kernel: [ 1106.431150] vin sensor3: camera_init_result cmd: done wake
Mar  5 18:43:45 localhost kernel: [ 1106.431163] vin sensor3: sensor_evu_do: default to wait
Mar  5 18:43:45 localhost kernel: [ 1106.431212] vin sensor3: camera_set_intrinsic_param port 3 done
Mar  5 18:43:45 localhost kernel: [ 1106.431254] vin sensor3: sensor_attach flow3 ctx0 to sensor3 sc132gs
Mar  5 18:43:45 localhost kernel: [ 1106.431260] vin vcon3: flow3.ctx0 attach sensor3 done
Mar  5 18:43:45 localhost kernel: [ 1106.431265] vin vcon3: set internal attr attach done
Mar  5 18:43:45 localhost kernel: [ 1106.431280] vin mipi3: init cmd: 0 real
Mar  5 18:43:45 localhost kernel: [ 1106.431289] vin mipi3: 1 lane 1088x1280 30fps datatype 0x2b
Mar  5 18:43:45 localhost kernel: [ 1106.431296] vin mipi3: snrclk set disable
Mar  5 18:43:45 localhost kernel: [ 1106.431317] vin mipi3: ipiclk limit 21000000 up to 600000000
Mar  5 18:43:45 localhost kernel: [ 1106.431333] vin mipi3: ipiclk set 600000000 get 600000000
Mar  5 18:43:45 localhost kernel: [ 1106.431338] vin mipi3: dphy 1200Mbps/1lane: ppi 8bit settle 20
Mar  5 18:43:45 localhost kernel: [ 1106.464366] vin mipi3: linelenth: 1400, framelenth: 1500, fps: 30, ipiclk: 600000000, rx_bit_clk: 1200000000
Mar  5 18:43:45 localhost kernel: [ 1106.464386] vin mipi3: ipi config hsa: 4, hbp: 4, hsd: 42
Mar  5 18:43:45 localhost kernel: [ 1106.464393] vin mipi3: config 1/1 ipi done
Mar  5 18:43:45 localhost kernel: [ 1106.464397] vin mipi3: check phy stop state
Mar  5 18:43:45 localhost kernel: [ 1106.464405] [L587][S0]vin_node_set_internal_attr done
Mar  5 18:43:45 localhost kernel: [ 1106.464410] [VIN_NODE]:[L514][C0]vin_node_video_set_internal_attr done
Mar  5 18:43:45 localhost kernel: [ 1106.464417] [L1023][S0] vin_node_reqbufs done bit_map 0x1 planecount 1 
Mar  5 18:43:45 localhost kernel: [ 1106.464422] [VIN_NODE]:[L743][C0]vin_node_video_reqbufs done
Mar  5 18:43:45 localhost kernel: [ 1106.464426] [VPF ops]:[L1005][vin3_src][C0] vpf_video_set_inter_attr: done
Mar  5 18:43:45 localhost kernel: [ 1106.464472] isp_video_set_inter_attr flow_id = 3, sensor_name = sc132gs, sensor_cali_name = /app/BestMow/startup_script/sensor_config/darktime/sc132gs_tuning_right.json
Mar  5 18:43:45 localhost kernel: [ 1106.464933] hobot-sif 3d030000.sif: sif frame size incorrect, hsize count:0x0 vsize count:0x1e0 for inst:0
Mar  5 18:43:45 localhost kernel: [ 1106.466718] vin mipi1: entry hs reception
Mar  5 18:43:45 localhost kernel: [ 1106.466748] [L1096][S0]vin_node_start done
Mar  5 18:43:45 localhost kernel: [ 1106.466754] [VIN_NODE]:[L546][C0]vin_node_video_streamon done
Mar  5 18:43:45 localhost kernel: [ 1106.466759] [VPF ops]:[L1639][vin1_src][S2][C0] vpf_video_start: done start_cnt 2
Mar  5 18:43:45 localhost kernel: [ 1106.775204] ctx_id 1, inst id 1, sensor /app/BestMow/startup_script/sensor_config/darktime/sc132gs_tuning_right.json
Mar  5 18:43:45 localhost kernel: [ 1106.775231] isp_video_reqbufs done bit_map 0x1 planecount 1 vctx->id:0
Mar  5 18:43:45 localhost kernel: [ 1106.775239] [VPF ops]:[L1005][vs-isp0_src][C1] vpf_video_set_inter_attr: done
Mar  5 18:43:45 localhost kernel: [ 1106.775297] [L899][S0][V8] vin_node chn_attr format(24) slod_id(0) width(1088) height(1280) wstride(2176) vstride(1280)
Mar  5 18:43:45 localhost kernel: [ 1106.775306] isp_allow_bind online_mode=0,bind_type=3
Mar  5 18:43:45 localhost kernel: [ 1106.775344] [VPF ops]:[L319][S3] vpf_bind_vnode: vin3_cap bind_type(3) vs-isp0_src
Mar  5 18:43:45 localhost kernel: [ 1106.775350] [VPF ops]:[L2258][flow][C3] vpf_video_bind_vnode: done
Mar  5 18:43:45 localhost kernel: [ 1106.775366] [VPF chain]:[L279]vio_chain_path_show: [S3] vin3_C0*(dma)-m2m-isp0_C1
Mar  5 18:43:45 localhost kernel: [ 1106.775376] [VPF ops]:[L632][vs-isp0_cap][S3] vpf_prepare_buffers: done
Mar  5 18:43:45 localhost kernel: [ 1106.775383] isp_video_streamon inst: 1, set isp state to STARTED
Mar  5 18:43:45 localhost kernel: [ 1106.780454] [VPF ops]:[L1639][vs-isp0_cap][S3][C1] vpf_video_start: done start_cnt 1
Mar  5 18:43:45 localhost kernel: [ 1106.780487] [VPF ops]:[L1639][vs-isp0_src][S3][C1] vpf_video_start: done start_cnt 2
Mar  5 18:43:45 localhost kernel: [ 1106.780508] [VPF ops]:[L632][vin3_cap][S3] vpf_prepare_buffers: done
Mar  5 18:43:45 localhost kernel: [ 1106.780513] [VPF ops]:[L1639][vin3_cap][S3][C0] vpf_video_start: done start_cnt 1
Mar  5 18:43:45 localhost kernel: [ 1106.780523] [L716][S0][ipi0]cim_subdev_start ddr_en and ochn request bufs
Mar  5 18:43:45 localhost kernel: [ 1106.780537] [L757][S3]cim_subdev_start
Mar  5 18:43:45 localhost kernel: [ 1106.780542] [CIM]:[L113][S0]cim_video_streamon done ret val:0
Mar  5 18:43:45 localhost kernel: [ 1106.780550] vin sensor3: sensor_evk_do: wait to doing
Mar  5 18:43:45 localhost kernel: [ 1106.784302] vin sensor3: sensor_evk_do: done to finish
Mar  5 18:43:45 localhost kernel: [ 1106.784325] vin sensor3: sensor_start sc132gs flow3 start done
Mar  5 18:43:45 localhost kernel: [ 1106.784331] vin vcon3: sensor3 start real done
Mar  5 18:43:45 localhost kernel: [ 1106.784341] vin mipi3: start cmd: 0 real
Mar  5 18:43:45 localhost kernel: [ 1106.784346] vin mipi3: check hs reception
Mar  5 18:43:45 localhost kernel: [ 1106.814004] hobot-sif 3d050000.sif: sif frame size incorrect, hsize count:0x0 vsize count:0x132 for inst:0
Mar  5 18:43:45 localhost kernel: [ 1106.816020] vin mipi3: entry hs reception
Mar  5 18:43:45 localhost kernel: [ 1106.816051] [L1096][S0]vin_node_start done
Mar  5 18:43:45 localhost kernel: [ 1106.816056] [VIN_NODE]:[L546][C0]vin_node_video_streamon done
Mar  5 18:43:45 localhost kernel: [ 1106.816061] [VPF ops]:[L1639][vin3_src][S3][C0] vpf_video_start: done start_cnt 2
Nov 22 04:57:21 localhost kernel: [    0.000000] Booting Linux on physical CPU 0x0000000000 [0x412fd050]
Nov 22 04:57:21 localhost kernel: [    0.000000] Linux version 6.1.83-DR-PL5.2_V1.1.1 (root@hfz-ubuntu) (aarch64-none-linux-gnu-gcc (Arm GNU Toolchain 11.3.Rel1) 11.3.1 20220712, GNU ld (Arm GNU Toolchain 11.3.Rel1) 2.38.20220708) #11 SMP PREEMPT Wed Dec 17 17:00:02 CST 2025
Nov 22 04:57:21 localhost kernel: [    0.000000] Machine model: D-Robotics X5 EVB LP4 1_B board
Nov 22 04:57:21 localhost kernel: [    0.000000] efi: UEFI not found.
Nov 22 04:57:21 localhost kernel: [    0.000000] Reserved memory: created CMA memory pool at 0x0000000088000000, size 382 MiB
Nov 22 04:57:21 localhost kernel: [    0.000000] OF: reserved mem: initialized node linux,cma@88000000, compatible id shared-dma-pool
Nov 22 04:57:21 localhost kernel: [    0.000000] Zone ranges:
Nov 22 04:57:21 localhost kernel: [    0.000000]   DMA      [mem 0x0000000084000000-0x00000000ffffffff]
Nov 22 04:57:21 localhost kernel: [    0.000000]   DMA32    empty
Nov 22 04:57:21 localhost kernel: [    0.000000]   Normal   [mem 0x0000000100000000-0x000000017fffffff]
Nov 22 04:57:21 localhost kernel: [    0.000000] Movable zone start for each node
Nov 22 04:57:21 localhost kernel: [    0.000000] Early memory node ranges
Nov 22 04:57:21 localhost kernel: [    0.000000]   node   0: [mem 0x0000000084000000-0x000000009fe7efff]
Nov 22 04:57:21 localhost kernel: [    0.000000]   node   0: [mem 0x000000009fe7f000-0x00000000a207ffff]
Nov 22 04:57:21 localhost kernel: [    0.000000]   node   0: [mem 0x00000000a2080000-0x000000017fffffff]
Nov 22 04:57:21 localhost kernel: [    0.000000] Initmem setup node 0 [mem 0x0000000084000000-0x000000017fffffff]
Nov 22 04:57:21 localhost kernel: [    0.000000] On node 0, zone DMA: 16384 pages in unavailable ranges
Nov 22 04:57:21 localhost kernel: [    0.000000] psci: probing for conduit method from DT.
Nov 22 04:57:21 localhost kernel: [    0.000000] psci: PSCIv1.1 detected in firmware.
Nov 22 04:57:21 localhost kernel: [    0.000000] psci: Using standard PSCI v0.2 function IDs
Nov 22 04:57:21 localhost kernel: [    0.000000] psci: Trusted OS migration not required
Nov 22 04:57:21 localhost kernel: [    0.000000] psci: SMC Calling Convention v1.2
Nov 22 04:57:21 localhost kernel: [    0.000000] percpu: Embedded 18 pages/cpu s34280 r8192 d31256 u73728
Nov 22 04:57:21 localhost kernel: [    0.000000] pcpu-alloc: s34280 r8192 d31256 u73728 alloc=18*4096
Nov 22 04:57:21 localhost kernel: [    0.000000] pcpu-alloc: [0] 0 [0] 1 [0] 2 [0] 3 [0] 4 [0] 5 [0] 6 [0] 7 
Nov 22 04:57:21 localhost kernel: [    0.000000] Detected VIPT I-cache on CPU0
Nov 22 04:57:21 localhost kernel: [    0.000000] CPU features: detected: GIC system register CPU interface
Nov 22 04:57:21 localhost kernel: [    0.000000] CPU features: detected: Virtualization Host Extensions
Nov 22 04:57:21 localhost kernel: [    0.000000] CPU features: detected: Qualcomm erratum 1009, or ARM erratum 1286807, 2441009
Nov 22 04:57:21 localhost kernel: [    0.000000] CPU features: detected: ARM errata 1165522, 1319367, or 1530923
Nov 22 04:57:21 localhost kernel: [    0.000000] alternatives: applying boot alternatives
Nov 22 04:57:21 localhost kernel: [    0.000000] Built 1 zonelists, mobility grouping on.  Total pages: 1016064
Nov 22 04:57:21 localhost kernel: [    0.000000] Kernel command line: console=ttyS0,921600n8 root=/dev/mmcblk0p9 ro rootwait hobotboot.slot_suffix=_a hobotboot.reason=REBOOT_CMD hobotboot.medium=MMC hobotboot.mode=normal hobotboot.ab_switch_reason=normal hobotboot.pmic_type=single-pmic    
Nov 22 04:57:21 localhost kernel: [    0.000000] Dentry cache hash table entries: 524288 (order: 10, 4194304 bytes, linear)
Nov 22 04:57:21 localhost kernel: [    0.000000] Inode-cache hash table entries: 262144 (order: 9, 2097152 bytes, linear)
Nov 22 04:57:21 localhost kernel: [    0.000000] mem auto-init: stack:off, heap alloc:off, heap free:off
Nov 22 04:57:21 localhost kernel: [    0.000000] software IO TLB: area num 8.
Nov 22 04:57:21 localhost kernel: [    0.000000] software IO TLB: mapped [mem 0x00000000fbfff000-0x00000000fffff000] (64MB)
Nov 22 04:57:21 localhost kernel: [    0.000000] Memory: 2943588K/4128768K available (10752K kernel code, 1152K rwdata, 4092K rodata, 2176K init, 3217K bss, 794012K reserved, 391168K cma-reserved)
Nov 22 04:57:21 localhost kernel: [    0.000000] SLUB: HWalign=64, Order=0-3, MinObjects=0, CPUs=8, Nodes=1
Nov 22 04:57:21 localhost kernel: [    0.000000] rcu: Preemptible hierarchical RCU implementation.
Nov 22 04:57:21 localhost kernel: [    0.000000] rcu: 	RCU event tracing is enabled.
Nov 22 04:57:21 localhost kernel: [    0.000000] rcu: RCU calculated value of scheduler-enlistment delay is 10 jiffies.
Nov 22 04:57:21 localhost kernel: [    0.000000] NR_IRQS: 64, nr_irqs: 64, preallocated irqs: 0
Nov 22 04:57:21 localhost kernel: [    0.000000] GICv3: GIC: Using split EOI/Deactivate mode
Nov 22 04:57:21 localhost kernel: [    0.000000] GICv3: 256 SPIs implemented
Nov 22 04:57:21 localhost kernel: [    0.000000] GICv3: 0 Extended SPIs implemented
Nov 22 04:57:21 localhost kernel: [    0.000000] Root IRQ handler: gic_handle_irq
Nov 22 04:57:21 localhost kernel: [    0.000000] GICv3: GICv3 features: 16 PPIs
Nov 22 04:57:21 localhost kernel: [    0.000000] GICv3: CPU0: found redistributor 0 region 0:0x0000000030140000
Nov 22 04:57:21 localhost kernel: [    0.000000] rcu: srcu_init: Setting srcu_struct sizes based on contention.
Nov 22 04:57:21 localhost kernel: [    0.000000] arch_timer: cp15 timer(s) running at 24.00MHz (phys).
Nov 22 04:57:21 localhost kernel: [    0.000000] clocksource: arch_sys_counter: mask: 0xffffffffffffff max_cycles: 0x588fe9dc0, max_idle_ns: 440795202592 ns
Nov 22 04:57:21 localhost kernel: [    0.000000] sched_clock: 56 bits at 24MHz, resolution 41ns, wraps every 4398046511097ns
Nov 22 04:57:21 localhost kernel: [    0.000816] Console: colour dummy device 80x25
Nov 22 04:57:21 localhost kernel: [    0.000858] Calibrating delay loop (skipped), value calculated using timer frequency.. 48.00 BogoMIPS (lpj=240000)
Nov 22 04:57:21 localhost kernel: [    0.000868] pid_max: default: 32768 minimum: 301
Nov 22 04:57:21 localhost kernel: [    0.000978] Mount-cache hash table entries: 8192 (order: 4, 65536 bytes, linear)
Nov 22 04:57:21 localhost kernel: [    0.000994] Mountpoint-cache hash table entries: 8192 (order: 4, 65536 bytes, linear)
Nov 22 04:57:21 localhost kernel: [    0.002595] rcu: Hierarchical SRCU implementation.
Nov 22 04:57:21 localhost kernel: [    0.002599] rcu: 	Max phase no-delay instances is 1000.
Nov 22 04:57:21 localhost kernel: [    0.003318] EFI services will not be available.
Nov 22 04:57:21 localhost kernel: [    0.003723] smp: Bringing up secondary CPUs ...
Nov 22 04:57:21 localhost kernel: [    0.015144] Detected VIPT I-cache on CPU1
Nov 22 04:57:21 localhost kernel: [    0.015237] GICv3: CPU1: found redistributor 100 region 0:0x0000000030160000
Nov 22 04:57:21 localhost kernel: [    0.015269] CPU1: Booted secondary processor 0x0000000100 [0x412fd050]
Nov 22 04:57:21 localhost kernel: [    0.026713] Detected VIPT I-cache on CPU2
Nov 22 04:57:21 localhost kernel: [    0.026784] GICv3: CPU2: found redistributor 200 region 0:0x0000000030180000
Nov 22 04:57:21 localhost kernel: [    0.026805] CPU2: Booted secondary processor 0x0000000200 [0x412fd050]
Nov 22 04:57:21 localhost kernel: [    0.038221] Detected VIPT I-cache on CPU3
Nov 22 04:57:21 localhost kernel: [    0.038289] GICv3: CPU3: found redistributor 300 region 0:0x00000000301a0000
Nov 22 04:57:21 localhost kernel: [    0.038310] CPU3: Booted secondary processor 0x0000000300 [0x412fd050]
Nov 22 04:57:21 localhost kernel: [    0.049724] Detected VIPT I-cache on CPU4
Nov 22 04:57:21 localhost kernel: [    0.049801] GICv3: CPU4: found redistributor 400 region 0:0x00000000301c0000
Nov 22 04:57:21 localhost kernel: [    0.049823] CPU4: Booted secondary processor 0x0000000400 [0x412fd050]
Nov 22 04:57:21 localhost kernel: [    0.061231] Detected VIPT I-cache on CPU5
Nov 22 04:57:21 localhost kernel: [    0.061304] GICv3: CPU5: found redistributor 500 region 0:0x00000000301e0000
Nov 22 04:57:21 localhost kernel: [    0.061325] CPU5: Booted secondary processor 0x0000000500 [0x412fd050]
Nov 22 04:57:21 localhost kernel: [    0.072734] Detected VIPT I-cache on CPU6
Nov 22 04:57:21 localhost kernel: [    0.072809] GICv3: CPU6: found redistributor 600 region 0:0x0000000030200000
Nov 22 04:57:21 localhost kernel: [    0.072830] CPU6: Booted secondary processor 0x0000000600 [0x412fd050]
Nov 22 04:57:21 localhost kernel: [    0.084255] Detected VIPT I-cache on CPU7
Nov 22 04:57:21 localhost kernel: [    0.084339] GICv3: CPU7: found redistributor 700 region 0:0x0000000030220000
Nov 22 04:57:21 localhost kernel: [    0.084359] CPU7: Booted secondary processor 0x0000000700 [0x412fd050]
Nov 22 04:57:21 localhost kernel: [    0.084417] smp: Brought up 1 node, 8 CPUs
Nov 22 04:57:21 localhost kernel: [    0.084424] SMP: Total of 8 processors activated.
Nov 22 04:57:21 localhost kernel: [    0.084428] CPU features: detected: 32-bit EL0 Support
Nov 22 04:57:21 localhost kernel: [    0.084432] CPU features: detected: Data cache clean to the PoU not required for I/D coherence
Nov 22 04:57:21 localhost kernel: [    0.084435] CPU features: detected: Common not Private translations
Nov 22 04:57:21 localhost kernel: [    0.084438] CPU features: detected: CRC32 instructions
Nov 22 04:57:21 localhost kernel: [    0.084443] CPU features: detected: RCpc load-acquire (LDAPR)
Nov 22 04:57:21 localhost kernel: [    0.084446] CPU features: detected: LSE atomic instructions
Nov 22 04:57:21 localhost kernel: [    0.084448] CPU features: detected: Privileged Access Never
Nov 22 04:57:21 localhost kernel: [    0.084451] CPU features: detected: RAS Extension Support
Nov 22 04:57:21 localhost kernel: [    0.084455] CPU features: detected: Speculative Store Bypassing Safe (SSBS)
Nov 22 04:57:21 localhost kernel: [    0.084528] CPU: All CPU(s) started at EL2
Nov 22 04:57:21 localhost kernel: [    0.084530] alternatives: applying system-wide alternatives
Nov 22 04:57:21 localhost kernel: [    0.088191] devtmpfs: initialized
Nov 22 04:57:21 localhost kernel: [    0.105660] clocksource: jiffies: mask: 0xffffffff max_cycles: 0xffffffff, max_idle_ns: 19112604462750000 ns
Nov 22 04:57:21 localhost kernel: [    0.105678] futex hash table entries: 2048 (order: 5, 131072 bytes, linear)
Nov 22 04:57:21 localhost kernel: [    0.114317] pinctrl core: initialized pinctrl subsystem
Nov 22 04:57:21 localhost kernel: [    0.114850] DMI not present or invalid.
Nov 22 04:57:21 localhost kernel: [    0.114858] hb_pl320_mbox_init...
Nov 22 04:57:21 localhost kernel: [    0.115305] NET: Registered PF_NETLINK/PF_ROUTE protocol family
Nov 22 04:57:21 localhost kernel: [    0.116034] DMA: preallocated 512 KiB GFP_KERNEL pool for atomic allocations
Nov 22 04:57:21 localhost kernel: [    0.116154] DMA: preallocated 512 KiB GFP_KERNEL|GFP_DMA pool for atomic allocations
Nov 22 04:57:21 localhost kernel: [    0.116311] DMA: preallocated 512 KiB GFP_KERNEL|GFP_DMA32 pool for atomic allocations
Nov 22 04:57:21 localhost kernel: [    0.116358] audit: initializing netlink subsys (disabled)
Nov 22 04:57:21 localhost kernel: [    0.116500] audit: type=2000 audit(0.100:1): state=initialized audit_enabled=0 res=1
Nov 22 04:57:21 localhost kernel: [    0.116855] thermal_sys: Registered thermal governor 'step_wise'
Nov 22 04:57:21 localhost kernel: [    0.116862] thermal_sys: Registered thermal governor 'user_space'
Nov 22 04:57:21 localhost kernel: [    0.116896] cpuidle: using governor menu
Nov 22 04:57:21 localhost kernel: [    0.117058] hw-breakpoint: found 6 breakpoint and 4 watchpoint registers.
Nov 22 04:57:21 localhost kernel: [    0.117181] ASID allocator initialised with 65536 entries
Nov 22 04:57:21 localhost kernel: [    0.117371] hb_ipc_init...
Nov 22 04:57:21 localhost kernel: [    0.119232] printk: console [ramoops-1] enabled
Nov 22 04:57:21 localhost kernel: [    0.119237] pstore: Registered ramoops as persistent store backend
Nov 22 04:57:21 localhost kernel: [    0.119241] ramoops: using 0x40000@0xa4080000, ecc: 0
Nov 22 04:57:21 localhost kernel: [    0.133994] platform 3d080000.csi: Fixed dependency cycle(s) with /soc/a55_apb0/i2c@340d0000/sc230ai@30
Nov 22 04:57:21 localhost kernel: [    0.134831] amba 2c001000.funnel: Fixed dependency cycle(s) with /soc/etm@2d740000
Nov 22 04:57:21 localhost kernel: [    0.134847] amba 2c001000.funnel: Fixed dependency cycle(s) with /soc/etm@2d640000
Nov 22 04:57:21 localhost kernel: [    0.134860] amba 2c001000.funnel: Fixed dependency cycle(s) with /soc/etm@2d540000
Nov 22 04:57:21 localhost kernel: [    0.134872] amba 2c001000.funnel: Fixed dependency cycle(s) with /soc/etm@2d440000
Nov 22 04:57:21 localhost kernel: [    0.134884] amba 2c001000.funnel: Fixed dependency cycle(s) with /soc/etm@2d340000
Nov 22 04:57:21 localhost kernel: [    0.134896] amba 2c001000.funnel: Fixed dependency cycle(s) with /soc/etm@2d240000
Nov 22 04:57:21 localhost kernel: [    0.134908] amba 2c001000.funnel: Fixed dependency cycle(s) with /soc/etm@2d140000
Nov 22 04:57:21 localhost kernel: [    0.134919] amba 2c001000.funnel: Fixed dependency cycle(s) with /soc/etm@2d040000
Nov 22 04:57:21 localhost kernel: [    0.134937] amba 2c001000.funnel: Fixed dependency cycle(s) with /soc/etf@2c002000
Nov 22 04:57:21 localhost kernel: [    0.135023] amba 2c001000.funnel: Fixed dependency cycle(s) with /soc/etf@2c002000
Nov 22 04:57:21 localhost kernel: [    0.135086] amba 2c002000.etf: Fixed dependency cycle(s) with /soc/replicator@2c004000
Nov 22 04:57:21 localhost kernel: [    0.135116] amba 2c002000.etf: Fixed dependency cycle(s) with /soc/funnel@2c001000
Nov 22 04:57:21 localhost kernel: [    0.135241] amba 2c003000.etr: Fixed dependency cycle(s) with /soc/replicator@2c004000
Nov 22 04:57:21 localhost kernel: [    0.135334] amba 2c003000.etr: Fixed dependency cycle(s) with /soc/replicator@2c004000
Nov 22 04:57:21 localhost kernel: [    0.135387] amba 2c002000.etf: Fixed dependency cycle(s) with /soc/replicator@2c004000
Nov 22 04:57:21 localhost kernel: [    0.135455] amba 2c004000.replicator: Fixed dependency cycle(s) with /soc/etf@2c002000
Nov 22 04:57:21 localhost kernel: [    0.135502] amba 2c004000.replicator: Fixed dependency cycle(s) with /soc/etr@2c003000
Nov 22 04:57:21 localhost kernel: [    0.135553] amba 2c004000.replicator: Fixed dependency cycle(s) with /soc/tpiu@2c005000
Nov 22 04:57:21 localhost kernel: [    0.135628] amba 2c004000.replicator: Fixed dependency cycle(s) with /soc/tpiu@2c005000
Nov 22 04:57:21 localhost kernel: [    0.135700] amba 2c005000.tpiu: Fixed dependency cycle(s) with /soc/replicator@2c004000
Nov 22 04:57:21 localhost kernel: [    0.135905] amba 2c001000.funnel: Fixed dependency cycle(s) with /soc/etm@2d040000
Nov 22 04:57:21 localhost kernel: [    0.135978] amba 2d040000.etm: Fixed dependency cycle(s) with /soc/funnel@2c001000
Nov 22 04:57:21 localhost kernel: [    0.136132] amba 2c001000.funnel: Fixed dependency cycle(s) with /soc/etm@2d140000
Nov 22 04:57:21 localhost kernel: [    0.136208] amba 2d140000.etm: Fixed dependency cycle(s) with /soc/funnel@2c001000
Nov 22 04:57:21 localhost kernel: [    0.136362] amba 2c001000.funnel: Fixed dependency cycle(s) with /soc/etm@2d240000
Nov 22 04:57:21 localhost kernel: [    0.136435] amba 2d240000.etm: Fixed dependency cycle(s) with /soc/funnel@2c001000
Nov 22 04:57:21 localhost kernel: [    0.136599] amba 2c001000.funnel: Fixed dependency cycle(s) with /soc/etm@2d340000
Nov 22 04:57:21 localhost kernel: [    0.136677] amba 2d340000.etm: Fixed dependency cycle(s) with /soc/funnel@2c001000
Nov 22 04:57:21 localhost kernel: [    0.136834] amba 2c001000.funnel: Fixed dependency cycle(s) with /soc/etm@2d440000
Nov 22 04:57:21 localhost kernel: [    0.136905] amba 2d440000.etm: Fixed dependency cycle(s) with /soc/funnel@2c001000
Nov 22 04:57:21 localhost kernel: [    0.137059] amba 2c001000.funnel: Fixed dependency cycle(s) with /soc/etm@2d540000
Nov 22 04:57:21 localhost kernel: [    0.137132] amba 2d540000.etm: Fixed dependency cycle(s) with /soc/funnel@2c001000
Nov 22 04:57:21 localhost kernel: [    0.137287] amba 2c001000.funnel: Fixed dependency cycle(s) with /soc/etm@2d640000
Nov 22 04:57:21 localhost kernel: [    0.137362] amba 2d640000.etm: Fixed dependency cycle(s) with /soc/funnel@2c001000
Nov 22 04:57:21 localhost kernel: [    0.137519] amba 2c001000.funnel: Fixed dependency cycle(s) with /soc/etm@2d740000
Nov 22 04:57:21 localhost kernel: [    0.137592] amba 2d740000.etm: Fixed dependency cycle(s) with /soc/funnel@2c001000
Nov 22 04:57:21 localhost kernel: [    0.147752] horizon-aon-pinctrl 31040000.aon_iomuxc: Initialized D-Robotics pinctrl driver
Nov 22 04:57:21 localhost kernel: [    0.149554] (NULL device *): no horizon,gpio-banks in node /soc/disp_apb/disp_iomuxc@3e0a0054
Nov 22 04:57:21 localhost kernel: [    0.149794] horizon-disp-pinctrl 3e0a0054.disp_iomuxc: Initialized D-Robotics pinctrl driver
Nov 22 04:57:21 localhost kernel: [    0.150066] platform 3e000000.disp_apb:bt1120-wb-syscon-bridge: Fixed dependency cycle(s) with /soc/disp_apb/bt1120_bridge_wb
Nov 22 04:57:21 localhost kernel: [    0.150207] platform 3e080000.vs-sif: Fixed dependency cycle(s) with /soc/disp_apb/bt1120_bridge_wb
Nov 22 04:57:21 localhost kernel: [    0.150531] platform 3e080000.vs-sif: Fixed dependency cycle(s) with /soc/disp_apb/bt1120_bridge_wb
Nov 22 04:57:21 localhost kernel: [    0.150576] platform 3e000000.disp_apb:bt1120-wb-syscon-bridge: Fixed dependency cycle(s) with /soc/disp_apb/bt1120_bridge_wb
Nov 22 04:57:21 localhost kernel: [    0.150622] platform 3e000000.disp_apb:bt1120_bridge_wb: Fixed dependency cycle(s) with /soc/disp_apb/bt1120-wb-syscon-bridge
Nov 22 04:57:21 localhost kernel: [    0.150663] platform 3e000000.disp_apb:bt1120_bridge_wb: Fixed dependency cycle(s) with /soc/disp_apb/vs-sif@3e080000
Nov 22 04:57:21 localhost kernel: [    0.154691] horizon-hsio-pinctrl 35050000.hsio_iomuxc: Initialized D-Robotics pinctrl driver
Nov 22 04:57:21 localhost kernel: [    0.157378] horizon-dsp-pinctrl 31040014.dsp_iomuxc: Initialized D-Robotics pinctrl driver
Nov 22 04:57:21 localhost kernel: [    0.157854] hobot-pl320 33000000.mailbox0: get_mbox_dev_resource, mbox->base = (____ptrval____)
Nov 22 04:57:21 localhost kernel: [    0.158475] hobot-pl320 33000000.mailbox0: PL320 Mailbox registered
Nov 22 04:57:21 localhost kernel: [    0.164065] horizon-lsio-pinctrl 34180000.lsio_iomuxc: Initialized D-Robotics pinctrl driver
Nov 22 04:57:21 localhost kernel: [    0.167192] KASLR disabled due to lack of seed
Nov 22 04:57:21 localhost kernel: [    0.167281] sysfs: cannot create duplicate filename '/module/hobot_pps/version'
Nov 22 04:57:21 localhost kernel: [    0.167287] CPU: 0 PID: 1 Comm: swapper/0 Not tainted 6.1.83-DR-PL5.2_V1.1.1 #11
Nov 22 04:57:21 localhost kernel: [    0.167293] Hardware name: D-Robotics X5 EVB LP4 1_B board (DT)
Nov 22 04:57:21 localhost kernel: [    0.167297] Call trace:
Nov 22 04:57:21 localhost kernel: [    0.167301]  dump_backtrace+0xd8/0x130
Nov 22 04:57:21 localhost kernel: [    0.167316]  show_stack+0x18/0x30
Nov 22 04:57:21 localhost kernel: [    0.167323]  dump_stack_lvl+0x68/0x84
Nov 22 04:57:21 localhost kernel: [    0.167332]  dump_stack+0x18/0x34
Nov 22 04:57:21 localhost kernel: [    0.167339]  sysfs_warn_dup+0x64/0x80
Nov 22 04:57:21 localhost kernel: [    0.167346]  sysfs_add_file_mode_ns+0x124/0x130
Nov 22 04:57:21 localhost kernel: [    0.167351]  sysfs_create_file_ns+0x7c/0xb4
Nov 22 04:57:21 localhost kernel: [    0.167357]  param_sysfs_init+0xa8/0x1e0
Nov 22 04:57:21 localhost kernel: [    0.167366]  do_one_initcall+0x50/0x1d0
Nov 22 04:57:21 localhost kernel: [    0.167371]  kernel_init_freeable+0x218/0x280
Nov 22 04:57:21 localhost kernel: [    0.167380]  kernel_init+0x24/0x130
Nov 22 04:57:21 localhost kernel: [    0.167386]  ret_from_fork+0x10/0x20
Nov 22 04:57:21 localhost kernel: [    0.167401] ------------[ cut here ]------------
Nov 22 04:57:21 localhost kernel: [    0.167404] WARNING: CPU: 0 PID: 1 at kernel/params.c:877 param_sysfs_init+0xac/0x1e0
Nov 22 04:57:21 localhost kernel: [    0.167413] Modules linked in:
Nov 22 04:57:21 localhost kernel: [    0.167419] CPU: 0 PID: 1 Comm: swapper/0 Not tainted 6.1.83-DR-PL5.2_V1.1.1 #11
Nov 22 04:57:21 localhost kernel: [    0.167425] Hardware name: D-Robotics X5 EVB LP4 1_B board (DT)
Nov 22 04:57:21 localhost kernel: [    0.167429] pstate: 60400009 (nZCv daif +PAN -UAO -TCO -DIT -SSBS BTYPE=--)
Nov 22 04:57:21 localhost kernel: [    0.167435] pc : param_sysfs_init+0xac/0x1e0
Nov 22 04:57:21 localhost kernel: [    0.167441] lr : param_sysfs_init+0xa8/0x1e0
Nov 22 04:57:21 localhost kernel: [    0.167450] sp : ffff80000956bd30
Nov 22 04:57:21 localhost kernel: [    0.167453] x29: ffff80000956bd30 x28: 0000000000000000 x27: ffff800008ea00c8
Nov 22 04:57:21 localhost kernel: [    0.167464] x26: ffff800008f26050 x25: ffff800008f26078 x24: ffff800008e88fe0
Nov 22 04:57:21 localhost kernel: [    0.167475] x23: ffff8000091e5000 x22: 0000000000000000 x21: ffff800008e8c070
Nov 22 04:57:21 localhost kernel: [    0.167485] x20: ffff000080dbce00 x19: ffff800008e8be30 x18: ffffffffffffffff
Nov 22 04:57:21 localhost kernel: [    0.167494] x17: 312e312e31565f32 x16: 2e354c502d52442d x15: ffff80008956b4ca
Nov 22 04:57:21 localhost kernel: [    0.167504] x14: 0000000000000000 x13: ffff8000090d9eb0 x12: 000000000000022e
Nov 22 04:57:21 localhost kernel: [    0.167514] x11: 00000000000000ba x10: ffff800009131eb0 x9 : ffff8000090d9eb0
Nov 22 04:57:21 localhost kernel: [    0.167522] x8 : 00000000ffffefff x7 : ffff800009131eb0 x6 : 0000000000002210
Nov 22 04:57:21 localhost kernel: [    0.167531] x5 : ffff000080044000 x4 : ffff0000ff6ca6d0 x3 : 0000000000000000
Nov 22 04:57:21 localhost kernel: [    0.167541] x2 : 0000000000000000 x1 : ffff000080080000 x0 : 00000000ffffffef
Nov 22 04:57:21 localhost kernel: [    0.167551] Call trace:
Nov 22 04:57:21 localhost kernel: [    0.167554]  param_sysfs_init+0xac/0x1e0
Nov 22 04:57:21 localhost kernel: [    0.167560]  do_one_initcall+0x50/0x1d0
Nov 22 04:57:21 localhost kernel: [    0.167565]  kernel_init_freeable+0x218/0x280
Nov 22 04:57:21 localhost kernel: [    0.167571]  kernel_init+0x24/0x130
Nov 22 04:57:21 localhost kernel: [    0.167577]  ret_from_fork+0x10/0x20
Nov 22 04:57:21 localhost kernel: [    0.167584] ---[ end trace 0000000000000000 ]---
Nov 22 04:57:21 localhost kernel: [    0.172166] HugeTLB: registered 1.00 GiB page size, pre-allocated 0 pages
Nov 22 04:57:21 localhost kernel: [    0.172172] HugeTLB: 0 KiB vmemmap can be freed for a 1.00 GiB page
Nov 22 04:57:21 localhost kernel: [    0.172177] HugeTLB: registered 32.0 MiB page size, pre-allocated 0 pages
Nov 22 04:57:21 localhost kernel: [    0.172180] HugeTLB: 0 KiB vmemmap can be freed for a 32.0 MiB page
Nov 22 04:57:21 localhost kernel: [    0.172186] HugeTLB: registered 2.00 MiB page size, pre-allocated 0 pages
Nov 22 04:57:21 localhost kernel: [    0.172190] HugeTLB: 0 KiB vmemmap can be freed for a 2.00 MiB page
Nov 22 04:57:21 localhost kernel: [    0.172194] HugeTLB: registered 64.0 KiB page size, pre-allocated 0 pages
Nov 22 04:57:21 localhost kernel: [    0.172197] HugeTLB: 0 KiB vmemmap can be freed for a 64.0 KiB page
Nov 22 04:57:21 localhost kernel: [    0.173099] noc_qos 20500000.cpu_ace_qos: qos doesn't have consumer device
Nov 22 04:57:21 localhost kernel: [    0.173128] noc_qos 20500000.cpu_ace_qos: noc qos init finished.
Nov 22 04:57:21 localhost kernel: [    0.173182] noc_qos 20500100.cpu_perif_qos: qos doesn't have consumer device
Nov 22 04:57:21 localhost kernel: [    0.173203] noc_qos 20500100.cpu_perif_qos: noc qos init finished.
Nov 22 04:57:21 localhost kernel: [    0.173261] noc_qos 20510000.bt1120_qos: qos doesn't have consumer device
Nov 22 04:57:21 localhost kernel: [    0.173291] noc_qos 20510000.bt1120_qos: noc qos init finished.
Nov 22 04:57:21 localhost kernel: [    0.173345] noc_qos 20510080.dc8000_qos: qos doesn't have consumer device
Nov 22 04:57:21 localhost kernel: [    0.173368] noc_qos 20510080.dc8000_qos: noc qos init finished.
Nov 22 04:57:21 localhost kernel: [    0.173425] noc_qos 20510100.dw230_gdc_qos: qos doesn't have consumer device
Nov 22 04:57:21 localhost kernel: [    0.173449] noc_qos 20510100.dw230_gdc_qos: noc qos init finished.
Nov 22 04:57:21 localhost kernel: [    0.173502] noc_qos 20510180.dw230_scalar2_qos: qos doesn't have consumer device
Nov 22 04:57:21 localhost kernel: [    0.173533] noc_qos 20510180.dw230_scalar2_qos: noc qos init finished.
Nov 22 04:57:21 localhost kernel: [    0.173585] noc_qos 20510200.dw230_scalar3_qos: qos doesn't have consumer device
Nov 22 04:57:21 localhost kernel: [    0.173608] noc_qos 20510200.dw230_scalar3_qos: noc qos init finished.
Nov 22 04:57:21 localhost kernel: [    0.173666] noc_qos 20510500.sif0_qos: qos doesn't have consumer device
Nov 22 04:57:21 localhost kernel: [    0.173692] noc_qos 20510500.sif0_qos: noc qos init finished.
Nov 22 04:57:21 localhost kernel: [    0.173748] noc_qos 20510580.sif1_qos: qos doesn't have consumer device
Nov 22 04:57:21 localhost kernel: [    0.173774] noc_qos 20510580.sif1_qos: noc qos init finished.
Nov 22 04:57:21 localhost kernel: [    0.173824] noc_qos 20510600.sif2_qos: qos doesn't have consumer device
Nov 22 04:57:21 localhost kernel: [    0.173849] noc_qos 20510600.sif2_qos: noc qos init finished.
Nov 22 04:57:21 localhost kernel: [    0.173902] noc_qos 20510680.sif3_qos: qos doesn't have consumer device
Nov 22 04:57:21 localhost kernel: [    0.173929] noc_qos 20510680.sif3_qos: noc qos init finished.
Nov 22 04:57:21 localhost kernel: [    0.173983] noc_qos 20510700.sif_disp_qos: qos doesn't have consumer device
Nov 22 04:57:21 localhost kernel: [    0.174007] noc_qos 20510700.sif_disp_qos: noc qos init finished.
Nov 22 04:57:21 localhost kernel: [    0.174059] noc_qos 20550000.dma0_qos: qos doesn't have consumer device
Nov 22 04:57:21 localhost kernel: [    0.174082] noc_qos 20550000.dma0_qos: noc qos init finished.
Nov 22 04:57:21 localhost kernel: [    0.174131] noc_qos 20550080.emmc_qos: qos doesn't have consumer device
Nov 22 04:57:21 localhost kernel: [    0.174160] noc_qos 20550080.emmc_qos: noc qos init finished.
Nov 22 04:57:21 localhost kernel: [    0.174208] noc_qos 20550100.gmac_qos: qos doesn't have consumer device
Nov 22 04:57:21 localhost kernel: [    0.174233] noc_qos 20550100.gmac_qos: noc qos init finished.
Nov 22 04:57:21 localhost kernel: [    0.174289] noc_qos 20550180.sd_qos: qos doesn't have consumer device
Nov 22 04:57:21 localhost kernel: [    0.174315] noc_qos 20550180.sd_qos: noc qos init finished.
Nov 22 04:57:21 localhost kernel: [    0.174390] noc_qos 20550200.sdio_qos: qos doesn't have consumer device
Nov 22 04:57:21 localhost kernel: [    0.174420] noc_qos 20550200.sdio_qos: noc qos init finished.
Nov 22 04:57:21 localhost kernel: [    0.174468] noc_qos 20550280.security_qos: qos doesn't have consumer device
Nov 22 04:57:21 localhost kernel: [    0.174488] noc_qos 20550280.security_qos: noc qos init finished.
Nov 22 04:57:21 localhost kernel: [    0.174543] noc_qos 20550300.usb2_qos: qos doesn't have consumer device
Nov 22 04:57:21 localhost kernel: [    0.174567] noc_qos 20550300.usb2_qos: noc qos init finished.
Nov 22 04:57:21 localhost kernel: [    0.174622] noc_qos 20550380.usb3_qos: qos doesn't have consumer device
Nov 22 04:57:21 localhost kernel: [    0.174650] noc_qos 20550380.usb3_qos: noc qos init finished.
Nov 22 04:57:21 localhost kernel: [    0.174701] noc_qos 20550400.etr_qos: qos doesn't have consumer device
Nov 22 04:57:21 localhost kernel: [    0.174720] noc_qos 20550400.etr_qos: noc qos init finished.
Nov 22 04:57:21 localhost kernel: [    0.175532] iommu: Default domain type: Translated 
Nov 22 04:57:21 localhost kernel: [    0.175538] iommu: DMA domain TLB invalidation policy: strict mode 
Nov 22 04:57:21 localhost kernel: [    0.177210] SCSI subsystem initialized
Nov 22 04:57:21 localhost kernel: [    0.177315] usbcore: registered new interface driver usbfs
Nov 22 04:57:21 localhost kernel: [    0.177340] usbcore: registered new interface driver hub
Nov 22 04:57:21 localhost kernel: [    0.177366] usbcore: registered new device driver usb
Nov 22 04:57:21 localhost kernel: [    0.177627] mc: Linux media interface: v0.10
Nov 22 04:57:21 localhost kernel: [    0.177655] videodev: Linux video capture interface: v2.00
Nov 22 04:57:21 localhost kernel: [    0.177678] pps_core: LinuxPPS API ver. 1 registered
Nov 22 04:57:21 localhost kernel: [    0.177682] pps_core: Software ver. 5.3.6 - Copyright 2005-2007 Rodolfo Giometti <giometti@linux.it>
Nov 22 04:57:21 localhost kernel: [    0.177693] PTP clock support registered
Nov 22 04:57:21 localhost kernel: [    0.177940] hobot_ion: Reserved ion-pool MEM start 0xa4100000, size 0xc000000
Nov 22 04:57:21 localhost kernel: [    0.177989] hobot_ion: Reserved ion-carveout MEM start 0xb0100000, size 0xc000000
Nov 22 04:57:21 localhost kernel: [    0.178077] hobot_ion: Reserved ion-cma MEM start 0xbc100000, size 0xc000000
Nov 22 04:57:21 localhost kernel: [    0.199659] Advanced Linux Sound Architecture Driver Initialized.
Nov 22 04:57:21 localhost kernel: [    0.200189] clocksource: Switched to clocksource arch_sys_counter
Nov 22 04:57:21 localhost kernel: [    0.204936] NET: Registered PF_INET protocol family
Nov 22 04:57:21 localhost kernel: [    0.205072] IP idents hash table entries: 65536 (order: 7, 524288 bytes, linear)
Nov 22 04:57:21 localhost kernel: [    0.207347] tcp_listen_portaddr_hash hash table entries: 2048 (order: 3, 32768 bytes, linear)
Nov 22 04:57:21 localhost kernel: [    0.207375] Table-perturb hash table entries: 65536 (order: 6, 262144 bytes, linear)
Nov 22 04:57:21 localhost kernel: [    0.207386] TCP established hash table entries: 32768 (order: 6, 262144 bytes, linear)
Nov 22 04:57:21 localhost kernel: [    0.207531] TCP bind hash table entries: 32768 (order: 8, 1048576 bytes, linear)
Nov 22 04:57:21 localhost kernel: [    0.208132] TCP: Hash tables configured (established 32768 bind 32768)
Nov 22 04:57:21 localhost kernel: [    0.208205] UDP hash table entries: 2048 (order: 4, 65536 bytes, linear)
Nov 22 04:57:21 localhost kernel: [    0.208251] UDP-Lite hash table entries: 2048 (order: 4, 65536 bytes, linear)
Nov 22 04:57:21 localhost kernel: [    0.208393] NET: Registered PF_UNIX/PF_LOCAL protocol family
Nov 22 04:57:21 localhost kernel: [    0.208620] RPC: Registered named UNIX socket transport module.
Nov 22 04:57:21 localhost kernel: [    0.208625] RPC: Registered udp transport module.
Nov 22 04:57:21 localhost kernel: [    0.208628] RPC: Registered tcp transport module.
Nov 22 04:57:21 localhost kernel: [    0.208630] RPC: Registered tcp NFSv4.1 backchannel transport module.
Nov 22 04:57:21 localhost kernel: [    0.209677] hw perfevents: enabled with armv8_pmuv3 PMU driver, 7 counters available
Nov 22 04:57:21 localhost kernel: [    0.211337] Initialise system trusted keyrings
Nov 22 04:57:21 localhost kernel: [    0.211439] workingset: timestamp_bits=46 max_order=20 bucket_order=0
Nov 22 04:57:21 localhost kernel: [    0.214984] pstore: success mode=2
Nov 22 04:57:21 localhost kernel: [    0.243536] NET: Registered PF_ALG protocol family
Nov 22 04:57:21 localhost kernel: [    0.243549] Key type asymmetric registered
Nov 22 04:57:21 localhost kernel: [    0.243553] Asymmetric key parser 'x509' registered
Nov 22 04:57:21 localhost kernel: [    0.243585] Block layer SCSI generic (bsg) driver version 0.4 loaded (major 246)
Nov 22 04:57:21 localhost kernel: [    0.243591] io scheduler mq-deadline registered
Nov 22 04:57:21 localhost kernel: [    0.243597] io scheduler kyber registered
Nov 22 04:57:21 localhost kernel: [    0.250481] dw_axi_dmac_platform 32080000.dma-controller: DesignWare AXI DMA Controller, 8 channels
Nov 22 04:57:21 localhost kernel: [    0.251024] dw_axi_dmac_platform 34200000.dma-controller: DesignWare AXI DMA Controller, 12 channels
Nov 22 04:57:21 localhost kernel: [    0.251081] Start socinfo driver init
Nov 22 04:57:21 localhost kernel: [    0.251121] socinfo 31021008.socinfo: Start socinfo probe.
Nov 22 04:57:21 localhost kernel: [    0.251176] socinfo 31021008.socinfo: Socinfo probe end with retval: 0
Nov 22 04:57:21 localhost kernel: [    0.251697] axi_monitor 38100000.axi-mon: AXI-Clk: 800000000Hz
Nov 22 04:57:21 localhost kernel: [    0.251710] axi_monitor 38100000.axi-mon: APB-Clk: 200000000Hz
Nov 22 04:57:21 localhost kernel: [    0.251715] axi_monitor 38100000.axi-mon: Maximum session time 343000 millisecs
Nov 22 04:57:21 localhost kernel: [    0.251733] axi_monitor 38100000.axi-mon: Got axi-port num:5
Nov 22 04:57:21 localhost kernel: [    0.251741] axi_monitor 38100000.axi-mon: Got new axi-port:cpu, idx:0
Nov 22 04:57:21 localhost kernel: [    0.251746] axi_monitor 38100000.axi-mon: Got new axi-port:bpu, idx:1
Nov 22 04:57:21 localhost kernel: [    0.251753] axi_monitor 38100000.axi-mon: Got new axi-port:vin, idx:2
Nov 22 04:57:21 localhost kernel: [    0.251759] axi_monitor 38100000.axi-mon: Got new axi-port:codec, idx:3
Nov 22 04:57:21 localhost kernel: [    0.251766] axi_monitor 38100000.axi-mon: Got new axi-port:gpu, idx:4
Nov 22 04:57:21 localhost kernel: [    0.251946] axi_monitor 38100000.axi-mon: DDR Perf Monitor probed successfully.
Nov 22 04:57:21 localhost kernel: [    0.252686] hobot_dsp_init start
Nov 22 04:57:21 localhost kernel: [    0.252801] hobot-dsp dsp0: hobot_dsp_probe start
Nov 22 04:57:21 localhost kernel: [    0.252809] hobot-dsp dsp0: dsp_smmu_init: dsp0 DMA mask 32bit.
Nov 22 04:57:21 localhost kernel: [    0.252982] hobot-dsp dsp0: hobot_dsp_probe dsp0 Registered successfully
Nov 22 04:57:21 localhost kernel: [    0.253022] hobot_dsp_init end
Nov 22 04:57:21 localhost kernel: [    0.254967] Serial: 8250/16550 driver, 8 ports, IRQ sharing disabled
Nov 22 04:57:21 localhost kernel: [    0.256622] printk: console [ttyS0] disabled
Nov 22 04:57:21 localhost kernel: [    0.256669] 32120000.serial: ttyS0 at MMIO 0x32120000 (irq = 29, base_baud = 12656250) is a 16550A
Nov 22 04:57:21 localhost kernel: [    0.257907] printk: console [ttyS0] enabled
Nov 22 04:57:21 localhost kernel: [    0.258400] 34080000.serial: ttyS2 at MMIO 0x34080000 (irq = 30, base_baud = 12500000) is a 16550A
Nov 22 04:57:21 localhost kernel: [    0.258877] 34090000.serial: ttyS3 at MMIO 0x34090000 (irq = 31, base_baud = 12500000) is a 16550A
Nov 22 04:57:21 localhost kernel: [    0.259336] 340a0000.serial: ttyS4 at MMIO 0x340a0000 (irq = 32, base_baud = 12500000) is a 16550A
Nov 22 04:57:21 localhost kernel: [    0.259801] 341a0000.serial: ttyS5 at MMIO 0x341a0000 (irq = 33, base_baud = 12500000) is a 16550A
Nov 22 04:57:21 localhost kernel: [    0.266104] brd: module loaded
Nov 22 04:57:21 localhost kernel: [    0.269609] loop: module loaded
Nov 22 04:57:21 localhost kernel: [    0.271158] dw_spi_mmio 35000000.spi: bit_offset = 0
Nov 22 04:57:21 localhost kernel: [    0.271220] dw_spi_mmio 35000000.spi: DMA init failed
Nov 22 04:57:21 localhost kernel: [    0.460200] random: crng init done
Nov 22 04:57:21 localhost kernel: [    0.671784] spi-nand: probe of spi7.0 failed with error -110
Nov 22 04:57:21 localhost kernel: [    0.672197] dw_spi_mmio 34020000.spi: bit_offset = 0
Nov 22 04:57:21 localhost kernel: [    0.673549] CAN device driver interface
Nov 22 04:57:21 localhost kernel: [    1.688849] mcp251x spi2.0: MCP251x didn't enter in conf mode after reset
Nov 22 04:57:21 localhost kernel: [    1.689786] mcp251x spi2.0: Probe failed, err=110
Nov 22 04:57:21 localhost kernel: [    1.690423] mcp251x: probe of spi2.0 failed with error -110
Nov 22 04:57:21 localhost kernel: [    1.690995] dwc-eth-dwmac 35010000.gmac-tsn: phy is in rmii mode
Nov 22 04:57:21 localhost kernel: [    1.691008] dwc-eth-dwmac 35010000.gmac-tsn: set enet rmii and clk turn on
Nov 22 04:57:21 localhost kernel: [    1.691022] dwc-eth-dwmac 35010000.gmac-tsn: x5_eqos: clk_prepare_enable axi_clk rate=400000000 Hz
Nov 22 04:57:21 localhost kernel: [    1.691032] dwc-eth-dwmac 35010000.gmac-tsn: x5_eqos: clk_prepare_enable rgmii_clk rate=125000000 Hz
Nov 22 04:57:21 localhost kernel: [    1.691078] dwc-eth-dwmac 35010000.gmac-tsn: test phy is in rmii mode phyreset 1
Nov 22 04:57:21 localhost kernel: [    1.810197] dwc-eth-dwmac 35010000.gmac-tsn: test phy is in rmii mode phyreset 0 
Nov 22 04:57:21 localhost kernel: [    1.930195] dwc-eth-dwmac 35010000.gmac-tsn: test phy is in rmii mode phyreset 1
Nov 22 04:57:21 localhost kernel: [    1.930312] dwc-eth-dwmac 35010000.gmac-tsn: User ID: 0x10, Synopsys ID: 0x53
Nov 22 04:57:21 localhost kernel: [    1.930321] dwc-eth-dwmac 35010000.gmac-tsn: 	DWMAC4/5
Nov 22 04:57:21 localhost kernel: [    1.930328] dwc-eth-dwmac 35010000.gmac-tsn: DMA HW capability register supported
Nov 22 04:57:21 localhost kernel: [    1.930333] dwc-eth-dwmac 35010000.gmac-tsn: RX Checksum Offload Engine supported
Nov 22 04:57:21 localhost kernel: [    1.930337] dwc-eth-dwmac 35010000.gmac-tsn: TX Checksum insertion supported
Nov 22 04:57:21 localhost kernel: [    1.930341] dwc-eth-dwmac 35010000.gmac-tsn: Wake-Up On Lan supported
Nov 22 04:57:21 localhost kernel: [    1.930379] dwc-eth-dwmac 35010000.gmac-tsn: TSO supported
Nov 22 04:57:21 localhost kernel: [    1.930385] dwc-eth-dwmac 35010000.gmac-tsn: Enable RX Mitigation via HW Watchdog Timer
Nov 22 04:57:21 localhost kernel: [    1.930400] dwc-eth-dwmac 35010000.gmac-tsn: device MAC address ba:aa:09:f5:30:5d
Nov 22 04:57:21 localhost kernel: [    1.930407] dwc-eth-dwmac 35010000.gmac-tsn: Enabled L3L4 Flow TC (entries=8)
Nov 22 04:57:21 localhost kernel: [    1.930414] dwc-eth-dwmac 35010000.gmac-tsn: Enabled RFS Flow TC (entries=10)
Nov 22 04:57:21 localhost kernel: [    1.930425] dwc-eth-dwmac 35010000.gmac-tsn: Enabling HW TC (entries=128, max_off=256)
Nov 22 04:57:21 localhost kernel: [    1.930433] dwc-eth-dwmac 35010000.gmac-tsn: TSO feature enabled
Nov 22 04:57:21 localhost kernel: [    1.930438] dwc-eth-dwmac 35010000.gmac-tsn: Using 40/40 bits DMA host/device width
Nov 22 04:57:21 localhost kernel: [    1.938780] usbcore: registered new interface driver cdc_ether
Nov 22 04:57:21 localhost kernel: [    1.938802] usbcore: registered new interface driver r8153_ecm
Nov 22 04:57:21 localhost kernel: [    1.940444] usbcore: registered new interface driver cdc_acm
Nov 22 04:57:21 localhost kernel: [    1.940449] cdc_acm: USB Abstract Control Model driver for USB modems and ISDN adapters
Nov 22 04:57:21 localhost kernel: [    1.940545] usbcore: registered new interface driver uas
Nov 22 04:57:21 localhost kernel: [    1.940575] usbcore: registered new interface driver usb-storage
Nov 22 04:57:21 localhost kernel: [    1.940624] usbcore: registered new interface driver ch341
Nov 22 04:57:21 localhost kernel: [    1.940640] usbserial: USB Serial support registered for ch341-uart
Nov 22 04:57:21 localhost kernel: [    1.940659] usbcore: registered new interface driver cp210x
Nov 22 04:57:21 localhost kernel: [    1.940673] usbserial: USB Serial support registered for cp210x
Nov 22 04:57:21 localhost kernel: [    1.940692] usbcore: registered new interface driver ftdi_sio
Nov 22 04:57:21 localhost kernel: [    1.940704] usbserial: USB Serial support registered for FTDI USB Serial Device
Nov 22 04:57:21 localhost kernel: [    1.940724] usbcore: registered new interface driver option
Nov 22 04:57:21 localhost kernel: [    1.940736] usbserial: USB Serial support registered for GSM modem (1-port)
Nov 22 04:57:21 localhost kernel: [    1.940753] usbcore: registered new interface driver pl2303
Nov 22 04:57:21 localhost kernel: [    1.940771] usbserial: USB Serial support registered for pl2303
Nov 22 04:57:21 localhost kernel: [    1.940787] usbcore: registered new interface driver wishbone_serial
Nov 22 04:57:21 localhost kernel: [    1.940801] usbserial: USB Serial support registered for wishbone_serial
Nov 22 04:57:21 localhost kernel: [    1.941854] dw-rtc 31010000.rtc: registered as rtc0
Nov 22 04:57:21 localhost kernel: [    1.941871] dw-rtc 31010000.rtc: setting system clock to 1970-01-01T00:00:00 UTC (0)
Nov 22 04:57:21 localhost kernel: [    1.941981] i2c_dev: i2c /dev entries driver
Nov 22 04:57:21 localhost kernel: [    1.942272] pps pps0: new PPS source hobot_pps.-1
Nov 22 04:57:21 localhost kernel: [    1.942278] hobot-pps hobot_pps: register PPS source name:hobot_pps.-1
Nov 22 04:57:21 localhost kernel: [    1.942304] pps pps0: Registered IRQ 39 as PPS source
Nov 22 04:57:21 localhost kernel: [    1.942354] Error: Driver 'hobot-pps' is already registered, aborting...
Nov 22 04:57:21 localhost kernel: [    1.945330] hwmon hwmon0: temp2_input not attached to any thermal zone
Nov 22 04:57:21 localhost kernel: [    1.945672] dw_wdt 34250000.watchdog: No valid TOPs array specified
Nov 22 04:57:21 localhost kernel: [    1.945941] device-mapper: uevent: version 1.0.3
Nov 22 04:57:21 localhost kernel: [    1.946068] device-mapper: ioctl: 4.47.0-ioctl (2022-07-28) initialised: dm-devel@redhat.com
Nov 22 04:57:21 localhost kernel: [    1.946634] sdhci: Secure Digital Host Controller Interface driver
Nov 22 04:57:21 localhost kernel: [    1.946639] sdhci: Copyright(c) Pierre Ossman
Nov 22 04:57:21 localhost kernel: [    1.946643] sdhci-pltfm: SDHCI platform and OF driver helper
Nov 22 04:57:21 localhost kernel: [    1.947118] usbcore: registered new interface driver usbhid
Nov 22 04:57:21 localhost kernel: [    1.947123] usbhid: USB HID core driver
Nov 22 04:57:21 localhost kernel: [    1.947164] sdhci-dwcmshc 35030000.sdhci: mmc set to fixed voltage 1800
Nov 22 04:57:21 localhost kernel: [    1.947200] sdhci-dwcmshc 35040000.sdhci: MSHC_CTRL:0x40
Nov 22 04:57:21 localhost kernel: [    1.947216] logger: created 2048K log 'log_main'
Nov 22 04:57:21 localhost kernel: [    1.947275] logger: created 256K log 'log_events'
Nov 22 04:57:21 localhost kernel: [    1.947336] logger: created 256K log 'log_radio'
Nov 22 04:57:21 localhost kernel: [    1.947395] logger: created 256K log 'log_system'
Nov 22 04:57:21 localhost kernel: [    1.947444] bootloader-log soc:membuff: log stored in 0x87ffc000, size 0x2000
Nov 22 04:57:21 localhost kernel: [    1.947648] module version 0.1 init
Nov 22 04:57:21 localhost kernel: [    1.947868] ipc-shm-hal: ipc_hal_probe(): IPCF device can't register major number.
Nov 22 04:57:21 localhost kernel: [    1.948835] hobot-ipc-hal: probe of ipc_hal failed with error -16
Nov 22 04:57:21 localhost kernel: [    1.949311] x5-ddrc-devfreq soc:ddrc-freq: userspace_gov: 1
Nov 22 04:57:21 localhost kernel: [    1.949890] x5-dfi 38200000.dfi-monitor: apb clk rate: 200000000, interval: 1
Nov 22 04:57:21 localhost kernel: [    1.951696]  cs_system_cfg: CoreSight Configuration manager initialised
Nov 22 04:57:21 localhost kernel: [    1.952192] coresight-tmc 2c003000.etr: Detected dma mask 40bits
Nov 22 04:57:21 localhost kernel: [    1.954316] CSCFG registered etm0
Nov 22 04:57:21 localhost kernel: [    1.954321] coresight etm0: CPU0: etm v4.2 initialized
Nov 22 04:57:21 localhost kernel: [    1.954659] CSCFG registered etm1
Nov 22 04:57:21 localhost kernel: [    1.954663] coresight etm1: CPU1: etm v4.2 initialized
Nov 22 04:57:21 localhost kernel: [    1.955002] CSCFG registered etm2
Nov 22 04:57:21 localhost kernel: [    1.955007] coresight etm2: CPU2: etm v4.2 initialized
Nov 22 04:57:21 localhost kernel: [    1.955339] CSCFG registered etm3
Nov 22 04:57:21 localhost kernel: [    1.955344] coresight etm3: CPU3: etm v4.2 initialized
Nov 22 04:57:21 localhost kernel: [    1.955684] CSCFG registered etm4
Nov 22 04:57:21 localhost kernel: [    1.955689] coresight etm4: CPU4: etm v4.2 initialized
Nov 22 04:57:21 localhost kernel: [    1.956029] CSCFG registered etm5
Nov 22 04:57:21 localhost kernel: [    1.956034] coresight etm5: CPU5: etm v4.2 initialized
Nov 22 04:57:21 localhost kernel: [    1.956362] CSCFG registered etm6
Nov 22 04:57:21 localhost kernel: [    1.956367] coresight etm6: CPU6: etm v4.2 initialized
Nov 22 04:57:21 localhost kernel: [    1.956703] CSCFG registered etm7
Nov 22 04:57:21 localhost kernel: [    1.956708] coresight etm7: CPU7: etm v4.2 initialized
Nov 22 04:57:21 localhost kernel: [    1.957168] coresight cti_sys0: CTI initialized
Nov 22 04:57:21 localhost kernel: [    1.957392] coresight cti_cpu0: CTI initialized
Nov 22 04:57:21 localhost kernel: [    1.957622] coresight cti_cpu1: CTI initialized
Nov 22 04:57:21 localhost kernel: [    1.957866] coresight cti_cpu2: CTI initialized
Nov 22 04:57:21 localhost kernel: [    1.958092] coresight cti_cpu3: CTI initialized
Nov 22 04:57:21 localhost kernel: [    1.958321] coresight cti_cpu4: CTI initialized
Nov 22 04:57:21 localhost kernel: [    1.958546] coresight cti_cpu5: CTI initialized
Nov 22 04:57:21 localhost kernel: [    1.958770] coresight cti_cpu6: CTI initialized
Nov 22 04:57:21 localhost kernel: [    1.959006] coresight cti_cpu7: CTI initialized
Nov 22 04:57:21 localhost kernel: [    1.959420] optee: probing for conduit method.
Nov 22 04:57:21 localhost kernel: [    1.959442] optee: revision 3.20 (05a6c9de)
Nov 22 04:57:21 localhost kernel: [    1.959595] optee: dynamic shared memory is enabled
Nov 22 04:57:21 localhost kernel: [    1.960401] optee: initialized driver
Nov 22 04:57:21 localhost kernel: [    1.961179] ipc-wrapper ipc-wrapper: AUDIO : audio wrapper probe
Nov 22 04:57:21 localhost kernel: [    1.961662] cpu_dai_driver cpu-dai: AUDIO : ALSA cpu-dai driver probe succ
Nov 22 04:57:21 localhost kernel: [    1.961731] cpu_dai_driver cpu-dai: AUDIO : ALSA platform driver probe succ
Nov 22 04:57:21 localhost kernel: [    1.966726] machine-driver sound-machine: AUDIO : ALSA machine driver probe succ
Nov 22 04:57:21 localhost kernel: [    1.967685] GACT probability NOT on
Nov 22 04:57:21 localhost kernel: [    1.967750] u32 classifier
Nov 22 04:57:21 localhost kernel: [    1.967755]     input device check on
Nov 22 04:57:21 localhost kernel: [    1.967758]     Actions configured
Nov 22 04:57:21 localhost kernel: [    1.967917] NET: Registered PF_PACKET protocol family
Nov 22 04:57:21 localhost kernel: [    1.967931] NET: Registered PF_KEY protocol family
Nov 22 04:57:21 localhost kernel: [    1.967935] can: controller area network core
Nov 22 04:57:21 localhost kernel: [    1.967975] NET: Registered PF_CAN protocol family
Nov 22 04:57:21 localhost kernel: [    1.967981] can: raw protocol
Nov 22 04:57:21 localhost kernel: [    1.967987] can: broadcast manager protocol
Nov 22 04:57:21 localhost kernel: [    1.967994] can: netlink gateway - max_hops=1
Nov 22 04:57:21 localhost kernel: [    1.968089] 8021q: 802.1Q VLAN Support v1.8
Nov 22 04:57:21 localhost kernel: [    1.968107] Found lo, alias (efault) on irq 0
Nov 22 04:57:21 localhost kernel: [    1.968112] MAC: 00:00:00:00:00:00
Nov 22 04:57:21 localhost kernel: [    1.968116] Tx queue length: 1000
Nov 22 04:57:21 localhost kernel: [    1.968122] Invalid capabilities for NIC (lo), dropping from TSN list
Nov 22 04:57:21 localhost kernel: [    1.968126] Found eth0, alias (efault) on irq 37
Nov 22 04:57:21 localhost kernel: [    1.968129] MAC: ba:aa:09:f5:30:5d
Nov 22 04:57:21 localhost kernel: [    1.968132] Tx queue length: 1000
Nov 22 04:57:21 localhost kernel: [    1.968137] Invalid capabilities for NIC (eth0), dropping from TSN list
Nov 22 04:57:21 localhost kernel: [    1.968140] tsn_init_module: No capable NIC found. Perhaps load with in_debug=1 ?
Nov 22 04:57:21 localhost kernel: [    1.969330] registered taskstats version 1
Nov 22 04:57:21 localhost kernel: [    1.969337] Loading compiled-in X.509 certificates
Nov 22 04:57:21 localhost kernel: [    1.972263] Loaded X.509 cert 'Build time autogenerated kernel key: 7f38c1279589266c0f81acc4333e85d1784f4822'
Nov 22 04:57:21 localhost kernel: [    1.972351] Key type .fscrypt registered
Nov 22 04:57:21 localhost kernel: [    1.972355] Key type fscrypt-provisioning registered
Nov 22 04:57:21 localhost kernel: [    1.973121] pstore: Using crash dump compression: deflate
Nov 22 04:57:21 localhost kernel: [    1.975637] 
Nov 22 04:57:21 localhost kernel: [    1.975643] ********************************************************************
Nov 22 04:57:21 localhost kernel: [    1.975646] **     NOTICE NOTICE NOTICE NOTICE NOTICE NOTICE NOTICE           **
Nov 22 04:57:21 localhost kernel: [    1.975649] **                                                                **
Nov 22 04:57:21 localhost kernel: [    1.975652] **  WRITEABLE clk DebugFS SUPPORT HAS BEEN ENABLED IN THIS KERNEL **
Nov 22 04:57:21 localhost kernel: [    1.975655] **                                                                **
Nov 22 04:57:21 localhost kernel: [    1.975657] ** This means that this kernel is built to expose clk operations  **
Nov 22 04:57:21 localhost kernel: [    1.975660] ** such as parent or rate setting, enabling, disabling, etc.      **
Nov 22 04:57:21 localhost kernel: [    1.975662] ** to userspace, which may compromise security on your system.    **
Nov 22 04:57:21 localhost kernel: [    1.975665] **                                                                **
Nov 22 04:57:21 localhost kernel: [    1.975667] ** If you see this message and you are not debugging the          **
Nov 22 04:57:21 localhost kernel: [    1.975670] ** kernel, report this immediately to your vendor!                **
Nov 22 04:57:21 localhost kernel: [    1.975673] **                                                                **
Nov 22 04:57:21 localhost kernel: [    1.975678] **     NOTICE NOTICE NOTICE NOTICE NOTICE NOTICE NOTICE           **
Nov 22 04:57:21 localhost kernel: [    1.975680] ********************************************************************
Nov 22 04:57:21 localhost kernel: [    1.978358] mmc0: SDHCI controller on 35040000.sdhci [35040000.sdhci] using ADMA 64-bit
Nov 22 04:57:21 localhost kernel: [    1.985599] i2c_designware 320a0000.i2c: running with gpio recovery mode! scl,sda
Nov 22 04:57:21 localhost kernel: [    1.985781] i2c i2c-7: using pinctrl states for GPIO recovery
Nov 22 04:57:21 localhost kernel: [    1.986327] i2c_designware 340b0000.i2c: running with gpio recovery mode! scl,sda
Nov 22 04:57:21 localhost kernel: [    1.986471] i2c i2c-0: using pinctrl states for GPIO recovery
Nov 22 04:57:21 localhost kernel: [    1.986991] i2c_designware 340d0000.i2c: running with gpio recovery mode! scl,sda
Nov 22 04:57:21 localhost kernel: [    1.987114] i2c i2c-2: using pinctrl states for GPIO recovery
Nov 22 04:57:21 localhost kernel: [    1.987244] hpu3501 2-001c: Found hpu3501-regulator node, register regulator
Nov 22 04:57:21 localhost kernel: [    1.987368] hpu3501-regulator hpu3501-regulator.1.auto: fault_cfgr will be default value
Nov 22 04:57:21 localhost kernel: [    1.987375] hpu3501-regulator hpu3501-regulator.1.auto: ocp_cfg1r will be default value
Nov 22 04:57:21 localhost kernel: [    1.987380] hpu3501-regulator hpu3501-regulator.1.auto: ocp_cfg2r will be default value
Nov 22 04:57:21 localhost kernel: [    1.987386] hpu3501-regulator hpu3501-regulator.1.auto: reg 0x53 will be default value 0x4
Nov 22 04:57:21 localhost kernel: [    1.988116] VCC_BPU: Bringing 0uV into 800000-800000uV
Nov 22 04:57:21 localhost kernel: [    2.000439] hpu3501 set reg 0x53 to 0x4
Nov 22 04:57:21 localhost kernel: [    2.000747] hpu3501 2-001c: Found hpu3501-rtc node, register rtc
Nov 22 04:57:21 localhost kernel: [    2.001002] platform 3d080000.csi: Fixed dependency cycle(s) with /soc/a55_apb0/i2c@340d0000/sc230ai@30
Nov 22 04:57:21 localhost kernel: [    2.001139] i2c 2-0030: Fixed dependency cycle(s) with /soc/cam/csi@3d080000
Nov 22 04:57:21 localhost kernel: [    2.001749] i2c_designware 340e0000.i2c: running with gpio recovery mode! scl,sda
Nov 22 04:57:21 localhost kernel: [    2.001874] i2c i2c-3: using pinctrl states for GPIO recovery
Nov 22 04:57:21 localhost kernel: [    2.002314] i2c_designware 340f0000.i2c: running with gpio recovery mode! scl,sda
Nov 22 04:57:21 localhost kernel: [    2.002436] i2c i2c-4: using pinctrl states for GPIO recovery
Nov 22 04:57:21 localhost kernel: [    2.002928] xhci-hcd xhci-hcd.3.auto: xHCI Host Controller
Nov 22 04:57:21 localhost kernel: [    2.002945] xhci-hcd xhci-hcd.3.auto: new USB bus registered, assigned bus number 1
Nov 22 04:57:21 localhost kernel: [    2.003274] xhci-hcd xhci-hcd.3.auto: hcc params 0x0220fe6d hci version 0x110 quirks 0x0000008000010090
Nov 22 04:57:21 localhost kernel: [    2.003303] xhci-hcd xhci-hcd.3.auto: irq 52, io mem 0x35100000
Nov 22 04:57:21 localhost kernel: [    2.003411] xhci-hcd xhci-hcd.3.auto: xHCI Host Controller
Nov 22 04:57:21 localhost kernel: [    2.003422] xhci-hcd xhci-hcd.3.auto: new USB bus registered, assigned bus number 2
Nov 22 04:57:21 localhost kernel: [    2.003431] xhci-hcd xhci-hcd.3.auto: Host supports USB 3.0 SuperSpeed
Nov 22 04:57:21 localhost kernel: [    2.003801] hub 1-0:1.0: USB hub found
Nov 22 04:57:21 localhost kernel: [    2.003828] hub 1-0:1.0: 1 port detected
Nov 22 04:57:21 localhost kernel: [    2.004051] usb usb2: We don't know the algorithms for LPM for this host, disabling LPM.
Nov 22 04:57:21 localhost kernel: [    2.004374] hub 2-0:1.0: USB hub found
Nov 22 04:57:21 localhost kernel: [    2.004396] hub 2-0:1.0: 1 port detected
Nov 22 04:57:21 localhost kernel: [    2.008657] x5-ddrc-devfreq soc:ddrc-freq: userspace_gov: 1
Nov 22 04:57:21 localhost kernel: [    2.009099] guc 34190000.adc: ADC calibration: 17
Nov 22 04:57:21 localhost kernel: [    2.009111] guc 34190000.adc: ADC trimming: 8
Nov 22 04:57:21 localhost kernel: [    2.009663] guc 34190000.adc: GUC Initialize Finish
Nov 22 04:57:21 localhost kernel: [    2.011514] noc_qos 20530000.video_qos: noc qos init finished.
Nov 22 04:57:21 localhost kernel: [    2.012674] noc_qos 20530080.jpeg_qos: noc qos init finished.
Nov 22 04:57:21 localhost kernel: [    2.013837] noc_qos 20510280.isp_axi5_hdr_qos: noc qos init finished.
Nov 22 04:57:21 localhost kernel: [    2.015000] noc_qos 20510300.isp_axi4_mcm_qos: noc qos init finished.
Nov 22 04:57:21 localhost kernel: [    2.016156] noc_qos 20510380.isp_axi3_sp2_qos: noc qos init finished.
Nov 22 04:57:21 localhost kernel: [    2.017311] noc_qos 20510480.isp_axi1_mp_qos: noc qos init finished.
Nov 22 04:57:21 localhost kernel: [    2.021540] mmc0: new HS200 MMC card at address 0001
Nov 22 04:57:21 localhost kernel: [    2.021633] noc_qos 20540080.gpu3d_qos: noc qos init finished.
Nov 22 04:57:21 localhost kernel: [    2.021951] mmcblk0: mmc0:0001 TB2916 14.6 GiB 
Nov 22 04:57:21 localhost kernel: [    2.024386]  mmcblk0: p1 p2 p3 p4 p5 p6 p7 p8 p9 p10 p11 p12 p13
Nov 22 04:57:21 localhost kernel: [    2.025569] mmcblk0boot0: mmc0:0001 TB2916 4.00 MiB 
Nov 22 04:57:21 localhost kernel: [    2.025980] noc_qos 20540000.gpu2d_qos: noc qos init finished.
Nov 22 04:57:21 localhost kernel: [    2.026330] mmcblk0boot1: mmc0:0001 TB2916 4.00 MiB 
Nov 22 04:57:21 localhost kernel: [    2.026981] mmcblk0rpmb: mmc0:0001 TB2916 4.00 MiB, chardev (243:0)
Nov 22 04:57:21 localhost kernel: [    2.032060] noc_qos 20520000.bpu_qos: noc qos init finished.
Nov 22 04:57:21 localhost kernel: [    2.033296] noc_qos 20560000.hifi5_qos: consumer device is disabled, so qos isn't supported
Nov 22 04:57:21 localhost kernel: [    2.033321] noc_qos: probe of 20560000.hifi5_qos failed with error -1
Nov 22 04:57:21 localhost kernel: [    2.047255] sdhci-dwcmshc 35030000.sdhci: MSHC_CTRL:0x0
Nov 22 04:57:21 localhost kernel: [    2.048660] input: gpio-keys as /devices/platform/gpio-keys/input/input0
Nov 22 04:57:21 localhost kernel: [    2.048983] hobot_remoteproc_init start
Nov 22 04:57:21 localhost kernel: [    2.049236] hobot_remoteproc_init end
Nov 22 04:57:21 localhost kernel: [    2.049468] ALSA device list:
Nov 22 04:57:21 localhost kernel: [    2.049473]   #0: gua-audio
Nov 22 04:57:21 localhost kernel: [    2.049612] dw-apb-uart 32120000.serial: forbid DMA for kernel console
Nov 22 04:57:21 localhost kernel: [    2.072720] mmc2: SDHCI controller on 35030000.sdhci [35030000.sdhci] using ADMA 64-bit
Nov 22 04:57:21 localhost kernel: [    2.076734] EXT4-fs (mmcblk0p9): INFO: recovery required on readonly filesystem
Nov 22 04:57:21 localhost kernel: [    2.076740] EXT4-fs (mmcblk0p9): write access will be enabled during recovery
Nov 22 04:57:21 localhost kernel: [    2.087387] mmc2: new high speed SDIO card at address 0001
Nov 22 04:57:21 localhost kernel: [    2.120503] xhci-hcd xhci-hcd.4.auto: xHCI Host Controller
Nov 22 04:57:21 localhost kernel: [    2.120525] xhci-hcd xhci-hcd.4.auto: new USB bus registered, assigned bus number 3
Nov 22 04:57:21 localhost kernel: [    2.120629] xhci-hcd xhci-hcd.4.auto: USB3 root hub has no ports
Nov 22 04:57:21 localhost kernel: [    2.120638] xhci-hcd xhci-hcd.4.auto: hcc params 0x0220fe6d hci version 0x110 quirks 0x0000008000010090
Nov 22 04:57:21 localhost kernel: [    2.120685] xhci-hcd xhci-hcd.4.auto: irq 53, io mem 0x35300000
Nov 22 04:57:21 localhost kernel: [    2.121285] hub 3-0:1.0: USB hub found
Nov 22 04:57:21 localhost kernel: [    2.121318] hub 3-0:1.0: 1 port detected
Nov 22 04:57:21 localhost kernel: [    2.368119] EXT4-fs (mmcblk0p9): recovery complete
Nov 22 04:57:21 localhost kernel: [    2.368998] EXT4-fs (mmcblk0p9): mounted filesystem with ordered data mode. Quota mode: disabled.
Nov 22 04:57:21 localhost kernel: [    2.369082] VFS: Mounted root (ext4 filesystem) readonly on device 259:1.
Nov 22 04:57:21 localhost kernel: [    2.369684] devtmpfs: mounted
Nov 22 04:57:21 localhost kernel: [    2.370642] Freeing unused kernel memory: 2176K
Nov 22 04:57:21 localhost kernel: [    2.370804] Run /sbin/init as init process
Nov 22 04:57:21 localhost kernel: [    2.370813]   with arguments:
Nov 22 04:57:21 localhost kernel: [    2.370821]     /sbin/init
Nov 22 04:57:21 localhost kernel: [    2.370831]   with environment:
Nov 22 04:57:21 localhost kernel: [    2.370840]     HOME=/
Nov 22 04:57:21 localhost kernel: [    2.370848]     TERM=linux
Nov 22 04:57:21 localhost kernel: [    4.661571] EXT4-fs (mmcblk0p9): re-mounted. Quota mode: disabled.
Nov 22 04:57:21 localhost kernel: [    5.631329] [VIN_NODE]:[L1078]hobot_vin_node_probe hw_id 0 done
Nov 22 04:57:21 localhost kernel: [    5.631350] VIN_NODE soc:cam:vin_node@0: [FRT:D] hobot_vin_node_probe(0)
Nov 22 04:57:21 localhost kernel: [    5.632565] [VIN_NODE]:[L1078]hobot_vin_node_probe hw_id 1 done
Nov 22 04:57:21 localhost kernel: [    5.632584] VIN_NODE soc:cam:vin_node@1: [FRT:D] hobot_vin_node_probe(0)
Nov 22 04:57:21 localhost kernel: [    5.633644] [VIN_NODE]:[L1078]hobot_vin_node_probe hw_id 2 done
Nov 22 04:57:21 localhost kernel: [    5.633662] VIN_NODE soc:cam:vin_node@2: [FRT:D] hobot_vin_node_probe(0)
Nov 22 04:57:21 localhost kernel: [    5.637268] [VIN_NODE]:[L1078]hobot_vin_node_probe hw_id 3 done
Nov 22 04:57:21 localhost kernel: [    5.637290] VIN_NODE soc:cam:vin_node@3: [FRT:D] hobot_vin_node_probe(0)
Nov 22 04:57:21 localhost kernel: [    5.669298] hb_jpu 3b010000.jpu: Adding to iommu group 7
Nov 22 04:57:21 localhost kernel: [    5.669837] aicbsp_init
Nov 22 04:57:21 localhost kernel: [    5.669848] RELEASE_DATE:2025_0410_b99ca8b6
Nov 22 04:57:21 localhost kernel: [    5.669852] aicbsp_resv_mem_init 
Nov 22 04:57:21 localhost kernel: [    5.674661] hb_vpu 3b000000.vpu: Adding to iommu group 6
Nov 22 04:57:21 localhost kernel: [    5.687994] [HOBOT_LPWM-0] (lpwm_platform_init): ctrl_reg = 0
Nov 22 04:57:21 localhost kernel: [    5.692761] hobot_vpu_dev: [VPUDRV]vpu_init_system_mem:7158: vpu IO memory resource: physical base addr = 0x3b000000,virtual base addr = ffff80000a470000
Nov 22 04:57:21 localhost kernel: [    5.711165] nano2d 3c010000.gc820: Adding to iommu group 9
Nov 22 04:57:21 localhost kernel: [    5.712596] nano2d 3c010000.gc820: clk name: pclk, freq = 200000000.
Nov 22 04:57:21 localhost kernel: [    5.712617] nano2d 3c010000.gc820: clk name: aclk, freq = 750000000.
Nov 22 04:57:21 localhost kernel: [    5.712627] nano2d 3c010000.gc820: clk name: clk1x, freq = 750000000.
Nov 22 04:57:21 localhost kernel: [    5.713072] [VIN_NODE]:[L610]type 3 vin_register_device_node done
Nov 22 04:57:21 localhost kernel: [    5.713082] [HOBOT_LPWM-0] (hobot_lpwm_probe): Probe success
Nov 22 04:57:21 localhost kernel: [    5.713302] gpu_parse_dt: register base(3c010000), irq(62).
Nov 22 04:57:21 localhost kernel: [    5.716384] create /dev/nano2d device.
Nov 22 04:57:21 localhost kernel: [    5.716479] Insmod parameters:
Nov 22 04:57:21 localhost kernel: [    5.716485] device[0] core[0]
Nov 22 04:57:21 localhost kernel: [    5.716489]   irq line:62
Nov 22 04:57:21 localhost kernel: [    5.716492]   register base:0x3c010000
Nov 22 04:57:21 localhost kernel: [    5.716495]   register size:0x10000
Nov 22 04:57:21 localhost kernel: [    5.716498] 
Nov 22 04:57:21 localhost kernel: [    5.716500]   iommu enabled
Nov 22 04:57:21 localhost kernel: [    5.716503]   contiguous base:0x0
Nov 22 04:57:21 localhost kernel: [    5.716506]   contiguous size:0x0
Nov 22 04:57:21 localhost kernel: [    5.716509]   command contiguous base:0x0
Nov 22 04:57:21 localhost kernel: [    5.716511]   command contiguous size:0x0
Nov 22 04:57:21 localhost kernel: [    5.716514] 
Nov 22 04:57:21 localhost kernel: [    5.717825] [VPF mgr]:[L271]vpf_alloc_minor_number: minor[0] bit1 is used
Nov 22 04:57:21 localhost kernel: [    5.725091] [VPF mgr]:[L271]vpf_alloc_minor_number: minor[0] bit2 is used
Nov 22 04:57:21 localhost kernel: [    5.731713] start to add opp table.
Nov 22 04:57:21 localhost kernel: [    5.731729] finish to add opp table 4.
Nov 22 04:57:21 localhost kernel: [    5.731776] Galcore version 6.4.14.9.674707
Nov 22 04:57:21 localhost kernel: [    5.734007] [VPF mgr]:[L271]vpf_alloc_minor_number: minor[0] bit3 is used
Nov 22 04:57:21 localhost kernel: [    5.734496] [VPF mgr]:[L271]vpf_alloc_minor_number: minor[0] bit4 is used
Nov 22 04:57:21 localhost kernel: [    5.734597] [VPF mgr]:[L271]vpf_alloc_minor_number: minor[0] bit5 is used
Nov 22 04:57:21 localhost kernel: [    5.734710] nano2D: after probe, allocate_count = 28
Nov 22 04:57:21 localhost kernel: [    5.752585] [INFO][HOBOT_OSD](osd_probe) done
Nov 22 04:57:21 localhost kernel: [    5.760675] [CODEC_NODE]:[L647]hobot_codec_node_probe start
Nov 22 04:57:21 localhost kernel: [    5.760703] [VPF mgr]:[L271]vpf_alloc_minor_number: minor[0] bit6 is used
Nov 22 04:57:21 localhost kernel: [    5.760825] [VPF mgr]:[L271]vpf_alloc_minor_number: minor[0] bit7 is used
Nov 22 04:57:21 localhost kernel: [    5.784999] [CODEC_NODE]:[L670][FRT:D] hobot_codec_node_probe(0)
Nov 22 04:57:21 localhost kernel: [    5.914996] dwc-eth-dwmac 35010000.gmac-tsn eth0: Register MEM_TYPE_PAGE_POOL RxQ-0
Nov 22 04:57:21 localhost kernel: [    5.915490] dwc-eth-dwmac 35010000.gmac-tsn eth0: Register MEM_TYPE_PAGE_POOL RxQ-1
Nov 22 04:57:21 localhost kernel: [    5.915942] dwc-eth-dwmac 35010000.gmac-tsn eth0: Register MEM_TYPE_PAGE_POOL RxQ-2
Nov 22 04:57:21 localhost kernel: [    5.916389] dwc-eth-dwmac 35010000.gmac-tsn eth0: Register MEM_TYPE_PAGE_POOL RxQ-3
Nov 22 04:57:21 localhost kernel: [    5.917462] dwc-eth-dwmac 35010000.gmac-tsn eth0: validation of  with support 00000000,00000000,00006000 and advertisement 00000000,00000000,00000000 failed: -EINVAL
Nov 22 04:57:21 localhost kernel: [    5.917521] dwc-eth-dwmac 35010000.gmac-tsn eth0: __stmmac_open: Cannot attach to PHY (error: -22)
Nov 22 04:57:21 localhost kernel: [    6.305043] vs-cam-pulse 3d0b008c.cam_pulse: cam_pulse_probe successfully done!
Nov 22 04:57:21 localhost kernel: [    6.341142] vin vcon0: self rx0 attr 0x521 bus 7 probe
Nov 22 04:57:21 localhost kernel: [    6.341334] vin vcon1: self rx1 attr 0x521 bus 4 probe
Nov 22 04:57:21 localhost kernel: [    6.341441] vin vcon2: self rx2 attr 0x5a1 bus 7 probe
Nov 22 04:57:21 localhost kernel: [    6.341707] vin vcon3: self rx3 attr 0x521 bus 7 probe
Nov 22 04:57:21 localhost kernel: [    6.342088] [VIN_NODE]:[L610]type 2 vin_register_device_node done
Nov 22 04:57:21 localhost kernel: [    6.342096] vin vcon: init 4 vcon done
Nov 22 04:57:21 localhost kernel: [    6.357760] hobot-sif 3d020000.sif: Adding to iommu group 1
Nov 22 04:57:21 localhost kernel: [    6.358038] [VIN_NODE]:[L845]hw_id 0 vin_device_node_init done
Nov 22 04:57:21 localhost kernel: [    6.358066] [VPF mgr]:[L271]vpf_alloc_minor_number: minor[0] bit8 is used
Nov 22 04:57:21 localhost kernel: [    6.358236] [VPF mgr]:[L271]vpf_alloc_minor_number: minor[0] bit9 is used
Nov 22 04:57:21 localhost kernel: [    6.358322] [VPF mgr]:[L271]vpf_alloc_minor_number: minor[0] bit10 is used
Nov 22 04:57:21 localhost kernel: [    6.358396] [VPF mgr]:[L271]vpf_alloc_minor_number: minor[0] bit11 is used
Nov 22 04:57:21 localhost kernel: [    6.358477] [VIN_NODE]:[L999][S0]vin_node_device_node_init hw_id 0 done
Nov 22 04:57:21 localhost kernel: [    6.358528] hobot-sif 3d020000.sif: [FRT:D] cim_probe(0)
Nov 22 04:57:21 localhost kernel: [    6.358535] [CIM]:[L1014]cim_probe hw_id 0 done, time used: 726us
Nov 22 04:57:21 localhost kernel: [    6.358733] hobot-sif 3d030000.sif: Adding to iommu group 1
Nov 22 04:57:21 localhost kernel: [    6.358987] [VIN_NODE]:[L845]hw_id 1 vin_device_node_init done
Nov 22 04:57:21 localhost kernel: [    6.359010] [VPF mgr]:[L271]vpf_alloc_minor_number: minor[0] bit12 is used
Nov 22 04:57:21 localhost kernel: [    6.359133] [VPF mgr]:[L271]vpf_alloc_minor_number: minor[0] bit13 is used
Nov 22 04:57:21 localhost kernel: [    6.359204] [VPF mgr]:[L271]vpf_alloc_minor_number: minor[0] bit14 is used
Nov 22 04:57:21 localhost kernel: [    6.360278] [VPF mgr]:[L271]vpf_alloc_minor_number: minor[0] bit15 is used
Nov 22 04:57:21 localhost kernel: [    6.363443] [VIN_NODE]:[L999][S0]vin_node_device_node_init hw_id 1 done
Nov 22 04:57:21 localhost kernel: [    6.363502] hobot-sif 3d030000.sif: [FRT:D] cim_probe(0)
Nov 22 04:57:21 localhost kernel: [    6.363510] [CIM]:[L1014]cim_probe hw_id 1 done, time used: 4750us
Nov 22 04:57:21 localhost kernel: [    6.363938] hobot-sif 3d040000.sif: Adding to iommu group 1
Nov 22 04:57:21 localhost kernel: [    6.365912] [VIN_NODE]:[L845]hw_id 2 vin_device_node_init done
Nov 22 04:57:21 localhost kernel: [    6.365947] [VPF mgr]:[L271]vpf_alloc_minor_number: minor[0] bit16 is used
Nov 22 04:57:21 localhost kernel: [    6.366115] [VPF mgr]:[L271]vpf_alloc_minor_number: minor[0] bit17 is used
Nov 22 04:57:21 localhost kernel: [    6.366243] [VPF mgr]:[L271]vpf_alloc_minor_number: minor[0] bit18 is used
Nov 22 04:57:21 localhost kernel: [    6.366405] [VPF mgr]:[L271]vpf_alloc_minor_number: minor[0] bit19 is used
Nov 22 04:57:21 localhost kernel: [    6.367040] [VIN_NODE]:[L999][S0]vin_node_device_node_init hw_id 2 done
Nov 22 04:57:21 localhost kernel: [    6.367103] hobot-sif 3d040000.sif: [FRT:D] cim_probe(0)
Nov 22 04:57:21 localhost kernel: [    6.367111] [CIM]:[L1014]cim_probe hw_id 2 done, time used: 2128us
Nov 22 04:57:21 localhost kernel: [    6.370211] hobot-sif 3d050000.sif: Adding to iommu group 1
Nov 22 04:57:21 localhost kernel: [    6.371451] [VIN_NODE]:[L845]hw_id 3 vin_device_node_init done
Nov 22 04:57:21 localhost kernel: [    6.371488] [VPF mgr]:[L271]vpf_alloc_minor_number: minor[0] bit20 is used
Nov 22 04:57:21 localhost kernel: [    6.371677] [VPF mgr]:[L271]vpf_alloc_minor_number: minor[0] bit21 is used
Nov 22 04:57:21 localhost kernel: [    6.371776] [VPF mgr]:[L271]vpf_alloc_minor_number: minor[0] bit22 is used
Nov 22 04:57:21 localhost kernel: [    6.371868] [VPF mgr]:[L271]vpf_alloc_minor_number: minor[0] bit23 is used
Nov 22 04:57:21 localhost kernel: [    6.372951] [VIN_NODE]:[L999][S0]vin_node_device_node_init hw_id 3 done
Nov 22 04:57:21 localhost kernel: [    6.373016] hobot-sif 3d050000.sif: [FRT:D] cim_probe(0)
Nov 22 04:57:21 localhost kernel: [    6.373026] [CIM]:[L1014]cim_probe hw_id 3 done, time used: 1985us
Nov 22 04:57:21 localhost kernel: [    6.373455] [VIN_NODE]:[L610]type 0 vin_register_device_node done
Nov 22 04:57:21 localhost kernel: [    6.408368] vin sensor: init 24 sensor v1.0 done
Nov 22 04:57:21 localhost kernel: [    6.419549] vin mipi0: probe with x5sys done
Nov 22 04:57:21 localhost kernel: [    6.430950] CAM_SUBSYS soc:cam:cam_sys@0: [FRT:D] camsys_probe(0)
Nov 22 04:57:21 localhost kernel: [    6.442721] vin mipi0: snrclk set disable
Nov 22 04:57:21 localhost kernel: [    6.442755] vin mipi0: ver 0154 port0(0:0)
Nov 22 04:57:21 localhost kernel: [    6.443167] vin mipi1: snrclk set disable
Nov 22 04:57:21 localhost kernel: [    6.443192] vin mipi1: ver 0154 port1(0:1)
Nov 22 04:57:21 localhost kernel: [    6.443469] vin mipi2: snrclk set disable
Nov 22 04:57:21 localhost kernel: [    6.443493] vin mipi2: ver 0154 port2(1:0)
Nov 22 04:57:21 localhost kernel: [    6.443981] vin mipi3: snrclk set disable
Nov 22 04:57:21 localhost kernel: [    6.444009] vin mipi3: ver 0154 port3(1:1)
Nov 22 04:57:21 localhost kernel: [    6.444418] [VIN_NODE]:[L610]type 1 vin_register_device_node done
Nov 22 04:57:21 localhost kernel: [    6.444432] vin mipi-tx: dev0 dummy setcb
Nov 22 04:57:21 localhost kernel: [    6.444436] vin mipi-tx: dev1 dummy setcb
Nov 22 04:57:21 localhost kernel: [    6.444439] vin mipi: init 4 rx 2 tx done
Nov 22 04:57:21 localhost kernel: [    6.453985] vin mipi: phy debug probed
Nov 22 04:57:21 localhost kernel: [    6.454194] vin mipi0: debug probed
Nov 22 04:57:21 localhost kernel: [    6.454360] vin mipi1: debug probed
Nov 22 04:57:21 localhost kernel: [    6.455198] vin mipi2: debug probed
Nov 22 04:57:21 localhost kernel: [    6.455870] vin mipi3: debug probed
Nov 22 04:57:21 localhost kernel: [    6.469152] vs-isp 3d000000.isp: Adding to iommu group 8
Nov 22 04:57:21 localhost kernel: [    6.469774] vs-isp 3d000000.isp: assigned reserved memory node linux,cma@88000000
Nov 22 04:57:21 localhost kernel: [    6.469806] [VPF mgr]:[L271]vpf_alloc_minor_number: minor[0] bit24 is used
Nov 22 04:57:21 localhost kernel: [    6.469966] [VPF mgr]:[L271]vpf_alloc_minor_number: minor[0] bit25 is used
Nov 22 04:57:21 localhost kernel: [    6.470077] [VPF mgr]:[L271]vpf_alloc_minor_number: minor[0] bit26 is used
Nov 22 04:57:21 localhost kernel: [    6.470172] [VPF mgr]:[L271]vpf_alloc_minor_number: minor[0] bit27 is used
Nov 22 04:57:21 localhost kernel: [    6.470457] vs-isp 3d000000.isp: VS ISP driver (native) probed done, time used: 1244us
Nov 22 04:57:21 localhost kernel: [    6.484098] vs-vse 3d010000.vse: Adding to iommu group 0
Nov 22 04:57:21 localhost kernel: [    6.484413] vs-vse 3d010000.vse: cannot get reset control (err=-6)
Nov 22 04:57:21 localhost kernel: [    6.484618] [VPF mgr]:[L271]vpf_alloc_minor_number: minor[0] bit28 is used
Nov 22 04:57:21 localhost kernel: [    6.486052] [VPF mgr]:[L271]vpf_alloc_minor_number: minor[0] bit29 is used
Nov 22 04:57:21 localhost kernel: [    6.486173] [VPF mgr]:[L271]vpf_alloc_minor_number: minor[0] bit30 is used
Nov 22 04:57:21 localhost kernel: [    6.486253] [VPF mgr]:[L271]vpf_alloc_minor_number: minor[0] bit31 is used
Nov 22 04:57:21 localhost kernel: [    6.486329] [VPF mgr]:[L271]vpf_alloc_minor_number: minor[1] bit0 is used
Nov 22 04:57:21 localhost kernel: [    6.486396] [VPF mgr]:[L271]vpf_alloc_minor_number: minor[1] bit1 is used
Nov 22 04:57:21 localhost kernel: [    6.486498] [VPF mgr]:[L271]vpf_alloc_minor_number: minor[1] bit2 is used
Nov 22 04:57:21 localhost kernel: [    6.486694] vs-vse 3d010000.vse: VS VSE driver (native) probed done, time used: 2543us
Nov 22 04:57:21 localhost kernel: [    6.498402] vin deserial: init 6 deserial v1.0 done
Nov 22 04:57:21 localhost kernel: [    6.508158] HOBOT GDC 3d0c0000.gdc: Adding to iommu group 2
Nov 22 04:57:21 localhost kernel: [    6.508380] [VPF mgr]:[L271]vpf_alloc_minor_number: minor[1] bit3 is used
Nov 22 04:57:21 localhost kernel: [    6.508542] [VPF mgr]:[L271]vpf_alloc_minor_number: minor[1] bit4 is used
Nov 22 04:57:21 localhost kernel: [    6.508662] HOBOT GDC 3d0c0000.gdc: [FRT:D] hobot_gdc_probe(0)
Nov 22 04:57:21 localhost kernel: [    6.519570] [ISI_Sensor]:isi_sensor_init end
Nov 22 04:57:21 localhost kernel: [    6.551509] cfg80211: Loading compiled-in X.509 certificates for regulatory database
Nov 22 04:57:21 localhost kernel: [    6.561640] cfg80211: Loaded X.509 cert 'wens: 61c038651aabdcf94bd0ac7ff06c7248db18c600'
Nov 22 04:57:21 localhost kernel: [    6.562268] cfg80211: Loaded X.509 cert 'sforshee: 00b28ddf47aef9cea7'
Nov 22 04:57:21 localhost kernel: [    6.564427] platform regulatory.0: Direct firmware load for regulatory.db failed with error -2
Nov 22 04:57:21 localhost kernel: [    6.564449] platform regulatory.0: Falling back to sysfs fallback for: regulatory.db
Nov 22 04:57:21 localhost kernel: [    6.566083] cfg80211: failed to load regulatory.db
Nov 22 04:57:21 localhost kernel: [    6.699808] 8852bs: module is from the staging directory, the quality is unknown, you have been warned.
Nov 22 04:57:21 localhost kernel: [    6.774808] Bluetooth: Core ver 2.22
Nov 22 04:57:21 localhost kernel: [    6.774909] NET: Registered PF_BLUETOOTH protocol family
Nov 22 04:57:21 localhost kernel: [    6.774914] Bluetooth: HCI device and connection manager initialized
Nov 22 04:57:21 localhost kernel: [    6.774929] Bluetooth: HCI socket layer initialized
Nov 22 04:57:21 localhost kernel: [    6.774937] Bluetooth: L2CAP socket layer initialized
Nov 22 04:57:21 localhost kernel: [    6.774951] Bluetooth: SCO socket layer initialized
Nov 22 04:57:21 localhost kernel: [    6.785145] Bluetooth: HCI UART driver ver 2.3
Nov 22 04:57:21 localhost kernel: [    6.785167] Bluetooth: HCI UART protocol H4 registered
Nov 22 04:57:21 localhost kernel: [    6.785230] Bluetooth: HCI UART protocol Three-wire (H5) registered
Nov 22 04:57:21 localhost kernel: [    6.809019] bpu-core 3a000000.bpu: Adding to iommu group 10
Nov 22 04:57:21 localhost kernel: [    6.809244] bpu-core 3a000000.bpu: Can't get bpu power delay, use default
Nov 22 04:57:21 localhost kernel: [    6.817429] bpu_hw_io_x5: loading out-of-tree module taints kernel.
Nov 22 04:57:21 localhost kernel: [    6.817446] bpu_hw_io_x5: module license 'Proprietary' taints kernel.
Nov 22 04:57:21 localhost kernel: [    6.817450] Disabling lock debugging due to kernel taint
Nov 22 04:57:21 localhost kernel: [    6.817856] bpu-core: hw-io: git commit: 42566cb
Nov 22 04:57:21 localhost kernel: [    6.830926] ** HUGE-IC WLAN Card Driver(fmac) v2.2.1-35256
Nov 22 04:57:21 localhost kernel: [    6.830942] hgic_usb_init:430::Enter, max_pkt_len = 2560
Nov 22 04:57:21 localhost kernel: [    6.831031] usbcore: registered new interface driver hgicf
Nov 22 04:57:21 localhost kernel: [    6.831036] hgic_usb_init:439::Leave
Nov 22 04:57:21 localhost kernel: [    6.831041] hgic_sdio_init:1031::Enter, max_pkt_len = 8192
Nov 22 04:57:21 localhost kernel: [    6.831235] hgic_sdio_probe:874::Enter, func->num:1, devid:4002
Nov 22 04:57:21 localhost kernel: [    6.831256] hgic_sdio_probe:890::new sdio card: vendor:a012, id:4002
Nov 22 04:57:21 localhost kernel: [    6.831263] hgicf_core_probe:1063::qc_mode=0, no_bootdl=0, if_agg=0, txq_size=1024
Nov 22 04:57:21 localhost kernel: [    6.831282] hgic_ota_init:78::Enter ...
Nov 22 04:57:21 localhost kernel: [    6.831286] hgic_ota_init:85::Leave ...
Nov 22 04:57:21 localhost kernel: [    6.831290] hgic_bootdl_init:47::Enter ...
Nov 22 04:57:21 localhost kernel: [    6.831294] hgic_bootdl_init:53::Leave ...each packet len:32704
Nov 22 04:57:21 localhost kernel: [    6.831301] hgicf_core_probe:1108::ok
Nov 22 04:57:21 localhost kernel: [    6.831304] hgic_sdio_enable:843::Enter
Nov 22 04:57:21 localhost kernel: [    6.831420] hgic_sdio_enable:862::ok
Nov 22 04:57:21 localhost kernel: [    6.831438] hgicf_download_fw:783::Enter
Nov 22 04:57:21 localhost kernel: [    6.831456] hgic_sdio_probe:934::ok
Nov 22 04:57:21 localhost kernel: [    6.831529] hgic_sdio_init:1037::Leave
Nov 22 04:57:21 localhost kernel: [    6.831533] leave hgicf_init
Nov 22 04:57:21 localhost kernel: [    6.864808] asoc-duplex-host-card snd0: asoc_simple_probe test es8311 end
Nov 22 04:57:21 localhost kernel: [    6.940203] hgic_fwctrl_send_data:220::timeout, ctrl->rxq:0
Nov 22 04:57:21 localhost kernel: [    6.940224] hgic_bootdl_send_cmd_tmo:259::cmd: 0, no responce!!
Nov 22 04:57:21 localhost kernel: [    6.940229] hgic_bootdl_cmd_enter:290::failed! ret:-1
Nov 22 04:57:21 localhost kernel: [    7.011222] hgic fw info:1.6.4.5, svn version:40651, 1e:9e:14:96:a8:20, smt_dat:124111319
Nov 22 04:57:21 localhost kernel: [    7.011245] hgicf_create_iface:584::Enter
Nov 22 04:57:21 localhost kernel: [    7.011601] hgicf_create_procfs:267::enter
Nov 22 04:57:21 localhost kernel: [    7.011630] hgicf_create_procfs:294::leave
Nov 22 04:57:21 localhost kernel: [    7.011846] hgicf_load_config:117::load conf file: /etc/hgicf.conf
Nov 22 04:57:21 localhost kernel: [    7.012184] hgicf_load_config:132::param: [bss_bw=4]
Nov 22 04:57:21 localhost kernel: [    7.013357] hgicf_load_config:132::param: [chan_list=9060,9100,9140,9180,9220]
Nov 22 04:57:21 localhost kernel: [    7.015535] hgicf_load_config:132::param: [country_code=]
Nov 22 04:57:21 localhost kernel: [    7.015549] hgicf_load_config:136::invalid param:[country_code=]
Nov 22 04:57:21 localhost kernel: [    7.015553] hgicf_load_config:132::param: [freq_range=]
Nov 22 04:57:21 localhost kernel: [    7.015558] hgicf_load_config:136::invalid param:[freq_range=]
Nov 22 04:57:21 localhost kernel: [    7.015561] hgicf_load_config:132::param: [key_mgmt=WPA-PSK]
Nov 22 04:57:21 localhost kernel: [    7.019778] hgicf_load_config:132::param: [mode=sta]
Nov 22 04:57:21 localhost kernel: [    7.023612] hgicf_load_config:132::param: [ssid=LK-CS2P1US000111]
Nov 22 04:57:21 localhost kernel: [    7.025753] hgicf_load_config:132::param: [tx_mcs=255]
Nov 22 04:57:21 localhost kernel: [    7.030014] hgicf_load_config:132::param: [wpa_psk=baa58569a9edd7c3a55e446bc658ef76a7173d023d256786832474d737756a11]
Nov 22 04:57:21 localhost kernel: [    7.032259] hgicf_delay_init:877::Leave, ret=28, soft_fc=1
Nov 22 04:57:21 localhost kernel: [    7.035386] hg0: Current addr:  1e 9e 14 96 a8 20 00 00 00 00 00 00 00 00 00 00 00 00 00 00 00 00 00 00 00 00 00 00 00 00 00 00
Nov 22 04:57:21 localhost kernel: [    7.035408] hg0: Expected addr: 00 00 00 00 00 00 00 00 00 00 00 00 00 00 00 00 00 00 00 00 00 00 00 00 00 00 00 00 00 00 00 00
Nov 22 04:57:21 localhost kernel: [    7.035414] ------------[ cut here ]------------
Nov 22 04:57:21 localhost kernel: [    7.035417] netdevice: hg0: Incorrect netdev->dev_addr
Nov 22 04:57:21 localhost kernel: [    7.035445] WARNING: CPU: 5 PID: 290 at net/core/dev_addr_lists.c:519 dev_addr_check+0x94/0x140
Nov 22 04:57:21 localhost kernel: [    7.035465] Modules linked in: snd_soc_hobot_sound_duplex_host snd_soc_simple_card_utils designware_i2s hgicf bpu_hw_io_x5(PO) bpu_cores bpu_framework hci_uart btrtl bluetooth 8852bs(C) cfg80211 rfkill hobot_isi_sensor hobot_gdc hobot_deserial vs_vse_nat vs_isp_nat hobot_mipidbg hobot_mipicsi hobot_camsys hobot_mipiphy hobot_sensor vs_sif_nat vs_ops_nat hobot_vin_vcon vs_csi_wrapper vs_cam_pulse vs_cam_ctrl vs_isc hobot_codec_vnode hobot_osd vs_dw_crc galcore vio_n2d aic8800_bsp hobot_vpu hobot_lpwm hobot_jpu hobot_vin_vnode hobot_vio_common
Nov 22 04:57:21 localhost kernel: [    7.035580] CPU: 5 PID: 290 Comm: systemd-network Tainted: P        WC O       6.1.83-DR-PL5.2_V1.1.1 #11
Nov 22 04:57:21 localhost kernel: [    7.035587] Hardware name: D-Robotics X5 EVB LP4 1_B board (DT)
Nov 22 04:57:21 localhost kernel: [    7.035592] pstate: 60400009 (nZCv daif +PAN -UAO -TCO -DIT -SSBS BTYPE=--)
Nov 22 04:57:21 localhost kernel: [    7.035599] pc : dev_addr_check+0x94/0x140
Nov 22 04:57:21 localhost kernel: [    7.035606] lr : dev_addr_check+0x94/0x140
Nov 22 04:57:21 localhost kernel: [    7.035612] sp : ffff80000a3c3560
Nov 22 04:57:21 localhost kernel: [    7.035615] x29: ffff80000a3c3560 x28: ffff000080356e00 x27: ffff8000094fe500
Nov 22 04:57:21 localhost kernel: [    7.035627] x26: ffff80000a3c3818 x25: 0000000000000001 x24: 0000000000000000
Nov 22 04:57:21 localhost kernel: [    7.035637] x23: ffff0000828b0238 x22: 0000000000001002 x21: ffff8000011f8168
Nov 22 04:57:21 localhost kernel: [    7.035648] x20: ffff0000828b0000 x19: ffff0000828b0000 x18: 0000000000000038
Nov 22 04:57:21 localhost kernel: [    7.035658] x17: 3030203030203030 x16: 2030302030302030 x15: fffffffffffee4f0
Nov 22 04:57:21 localhost kernel: [    7.035668] x14: 3030203030203030 x13: ffff8000090d9eb0 x12: 00000000000009f6
Nov 22 04:57:21 localhost kernel: [    7.035679] x11: 0000000000000352 x10: ffff800009131eb0 x9 : ffff8000090d9eb0
Nov 22 04:57:21 localhost kernel: [    7.035689] x8 : 00000000ffffefff x7 : ffff800009131eb0 x6 : 0000000000000000
Nov 22 04:57:21 localhost kernel: [    7.035699] x5 : ffff0000ff71baa0 x4 : 0000000000000000 x3 : ffff8000f67e2000
Nov 22 04:57:21 localhost kernel: [    7.035709] x2 : 0000000000000000 x1 : 0000000000000000 x0 : ffff000080356e00
Nov 22 04:57:21 localhost kernel: [    7.035719] Call trace:
Nov 22 04:57:21 localhost kernel: [    7.035723]  dev_addr_check+0x94/0x140
Nov 22 04:57:21 localhost kernel: [    7.035730]  __dev_open+0x40/0x1dc
Nov 22 04:57:21 localhost kernel: [    7.035736]  __dev_change_flags+0x190/0x20c
Nov 22 04:57:21 localhost kernel: [    7.035742]  dev_change_flags+0x24/0x64
Nov 22 04:57:21 localhost kernel: [    7.035747]  do_setlink+0x210/0xe50
Nov 22 04:57:21 localhost kernel: [    7.035753]  rtnl_setlink+0xe4/0x180
Nov 22 04:57:21 localhost kernel: [    7.035758]  rtnetlink_rcv_msg+0x12c/0x390
Nov 22 04:57:21 localhost kernel: [    7.035763]  netlink_rcv_skb+0x5c/0x130
Nov 22 04:57:21 localhost kernel: [    7.035770]  rtnetlink_rcv+0x18/0x24
Nov 22 04:57:21 localhost kernel: [    7.035777]  netlink_unicast+0x2e4/0x350
Nov 22 04:57:21 localhost kernel: [    7.035782]  netlink_sendmsg+0x198/0x3f0
Nov 22 04:57:21 localhost kernel: [    7.035787]  __sys_sendto+0x12c/0x170
Nov 22 04:57:21 localhost kernel: [    7.035795]  __arm64_sys_sendto+0x28/0x40
Nov 22 04:57:21 localhost kernel: [    7.035802]  invoke_syscall+0x48/0x114
Nov 22 04:57:21 localhost kernel: [    7.035811]  el0_svc_common.constprop.0+0xd4/0xfc
Nov 22 04:57:21 localhost kernel: [    7.035818]  do_el0_svc+0x30/0xd0
Nov 22 04:57:21 localhost kernel: [    7.035824]  el0_svc+0x2c/0x84
Nov 22 04:57:21 localhost kernel: [    7.035833]  el0t_64_sync_handler+0xbc/0x140
Nov 22 04:57:21 localhost kernel: [    7.035839]  el0t_64_sync+0x18c/0x190
Nov 22 04:57:21 localhost kernel: [    7.035846] ---[ end trace 0000000000000000 ]---
Nov 22 04:57:23 localhost kernel: [    9.153065] EXT4-fs (mmcblk0p10): mounted filesystem with ordered data mode. Quota mode: disabled.
Nov 22 04:57:23 localhost kernel: [    9.158167] EXT4-fs (mmcblk0p11): mounted filesystem with ordered data mode. Quota mode: disabled.
Nov 22 04:57:23 localhost kernel: [    9.161725] EXT4-fs (mmcblk0p13): mounted filesystem with ordered data mode. Quota mode: disabled.
Nov 22 04:57:24 localhost kernel: [   10.288634] file system registered
