
Nov 22 04:57:24 localhost kernel: [    9.988084] file system registered
Nov 22 04:57:24 localhost kernel: [   10.049173] read descriptors
Nov 22 04:57:24 localhost kernel: [   10.049195] read strings
Nov 22 04:57:24 localhost kernel: [   10.135719] UDC core: g_comp: couldn't find an available UDC or it's busy
Feb 13 03:38:56 localhost kernel: [   22.661081] dw-apb-uart 340a0000.serial: failed to request DMA
Feb 13 03:38:57 localhost kernel: [   23.504515] [VPF mgr]:[L478]empty_camsys_reset: empty function
Feb 13 03:38:57 localhost kernel: [   23.504535] [L1228]cim_open open_cnt :1
Feb 13 03:38:57 localhost kernel: [   23.504539] [CIM]:[L192][S0]cim_video_open done ret val:0
Feb 13 03:38:57 localhost kernel: [   23.504543] [L1227][S0]vin_node_open done
Feb 13 03:38:57 localhost kernel: [   23.504548] [VIN_NODE]:[L694][C0]vin_node_video_open done
Feb 13 03:38:57 localhost kernel: [   23.504551] [VPF ops]:[L2575][vin0_src] vpf_device_open: done
Feb 13 03:38:57 localhost kernel: [   23.504579] [L1228]cim_open open_cnt :2
Feb 13 03:38:57 localhost kernel: [   23.504583] [CIM]:[L192][S0]cim_video_open done ret val:0
Feb 13 03:38:57 localhost kernel: [   23.504587] [L1227][S0]vin_node_open done
Feb 13 03:38:57 localhost kernel: [   23.504590] [VIN_NODE]:[L694][C0]vin_node_video_open done
Feb 13 03:38:57 localhost kernel: [   23.504593] [VPF ops]:[L2575][vin0_cap] vpf_device_open: done
Feb 13 03:38:57 localhost kernel: [   23.504606] [L1228]cim_open open_cnt :3
Feb 13 03:38:57 localhost kernel: [   23.504610] [CIM]:[L192][S0]cim_video_open done ret val:0
Feb 13 03:38:57 localhost kernel: [   23.504613] [L1227][S0]vin_node_open done
Feb 13 03:38:57 localhost kernel: [   23.504617] [VIN_NODE]:[L694][C0]vin_node_video_open done
Feb 13 03:38:57 localhost kernel: [   23.504620] [VPF ops]:[L2575][vin0_emb] vpf_device_open: done
Feb 13 03:38:57 localhost kernel: [   23.504633] [L1228]cim_open open_cnt :4
Feb 13 03:38:57 localhost kernel: [   23.504636] [CIM]:[L192][S0]cim_video_open done ret val:0
Feb 13 03:38:57 localhost kernel: [   23.504639] [L1227][S0]vin_node_open done
Feb 13 03:38:57 localhost kernel: [   23.504643] [VIN_NODE]:[L694][C0]vin_node_video_open done
Feb 13 03:38:57 localhost kernel: [   23.504646] [VPF ops]:[L2575][vin0_pdaf] vpf_device_open: done
Feb 13 03:38:57 localhost kernel: [   23.504671] [VPF ops]:[L439][vin0_src][C0] vpf_vctx_bind_vdev: done, ctx_index(0) refcount(1)
Feb 13 03:38:57 localhost kernel: [   23.504679] [VPF ops]:[L1875][vin0_src][C0] vpf_video_bind_context: done
Feb 13 03:38:57 localhost kernel: [   23.504685] [VPF ops]:[L439][vin0_cap][C0] vpf_vctx_bind_vdev: done, ctx_index(0) refcount(1)
Feb 13 03:38:57 localhost kernel: [   23.504690] [VPF ops]:[L1875][vin0_cap][C0] vpf_video_bind_context: done
Feb 13 03:38:57 localhost kernel: [   23.504696] [VPF ops]:[L439][vin0_emb][C0] vpf_vctx_bind_vdev: done, ctx_index(0) refcount(1)
Feb 13 03:38:57 localhost kernel: [   23.504700] [VPF ops]:[L1875][vin0_emb][C0] vpf_video_bind_context: done
Feb 13 03:38:57 localhost kernel: [   23.504705] [VPF ops]:[L439][vin0_pdaf][C0] vpf_vctx_bind_vdev: done, ctx_index(0) refcount(1)
Feb 13 03:38:57 localhost kernel: [   23.504709] [VPF ops]:[L1875][vin0_pdaf][C0] vpf_video_bind_context: done
Feb 13 03:38:57 localhost kernel: [   23.504733] [VIN_NODE]:[L38]The vin node driver version is v1.1
Feb 13 03:38:57 localhost kernel: [   23.504737] [VPF ops]:[L1031][vin0_src][C0] vpf_video_get_version: done
Feb 13 03:38:57 localhost kernel: [   23.504769] [VPF ops]:[L1079][vin0_src][C0] vpf_video_get_struct_size: done
Feb 13 03:38:57 localhost kernel: [   23.504786] [CIM]:[L247][C0]cim_video_set_attr done ret val:0
Feb 13 03:38:57 localhost kernel: [   23.504790] [L423][C0] vin_node_set_attr ipi 0 done
Feb 13 03:38:57 localhost kernel: [   23.504794] [VIN_NODE]:[L239][C0]vin_node_video_set_attr done
Feb 13 03:38:57 localhost kernel: [   23.504798] [VPF ops]:[L689][vin0_cap][C0] vpf_video_set_init_attr: done
Feb 13 03:38:57 localhost kernel: [   23.504808] vin vcon0: vcon0 open 0: flow65535 ctx0 real
Feb 13 03:38:57 localhost kernel: [   23.504814] [L624][S65535][C0][ipi0]cim_subdev_init hw_id = 0
Feb 13 03:38:57 localhost kernel: [   23.504818] [CIM]:[L247][C0]cim_video_set_attr done ret val:0
Feb 13 03:38:57 localhost kernel: [   23.504823] vin vcon0: get attr valid bus7 rx0 done
Feb 13 03:38:57 localhost kernel: [   23.504829] [L423][C0] vin_node_set_attr ipi 0 done
Feb 13 03:38:57 localhost kernel: [   23.504832] [VIN_NODE]:[L239][C0]vin_node_video_set_attr done
Feb 13 03:38:57 localhost kernel: [   23.504835] [VIO node]:[L104][vin0] vio_group_task_start: sched_mode 1
Feb 13 03:38:57 localhost kernel: [   23.504840] [VPF ops]:[L689][vin0_src][C0] vpf_video_set_init_attr: done
Feb 13 03:38:57 localhost kernel: [   23.504845] [CIM]:[L247][C0]cim_video_set_attr done ret val:0
Feb 13 03:38:57 localhost kernel: [   23.504848] [L423][C0] vin_node_set_attr ipi 0 done
Feb 13 03:38:57 localhost kernel: [   23.504851] [VIN_NODE]:[L239][C0]vin_node_video_set_attr done
Feb 13 03:38:57 localhost kernel: [   23.504854] [VPF ops]:[L689][vin0_emb][C0] vpf_video_set_init_attr: done
Feb 13 03:38:57 localhost kernel: [   23.504859] [CIM]:[L247][C0]cim_video_set_attr done ret val:0
Feb 13 03:38:57 localhost kernel: [   23.504863] [L423][C0] vin_node_set_attr ipi 0 done
Feb 13 03:38:57 localhost kernel: [   23.504866] [VIN_NODE]:[L239][C0]vin_node_video_set_attr done
Feb 13 03:38:57 localhost kernel: [   23.504869] [VPF ops]:[L689][vin0_pdaf][C0] vpf_video_set_init_attr: done
Feb 13 03:38:57 localhost kernel: [   23.504882] [VPF ops]:[L1079][vin0_src][C0] vpf_video_get_struct_size: done
Feb 13 03:38:57 localhost kernel: [   23.504897] [L709][S65535] vin_node_set_ichn_attr begin format 30 width 640 
Feb 13 03:38:57 localhost kernel: [   23.504904] [L527][S0][ipi0]cim_set_ichn_attr done
Feb 13 03:38:57 localhost kernel: [   23.504908] [CIM]:[L309][S0]cim_video_set_ichn_attr done ret val:0
Feb 13 03:38:57 localhost kernel: [   23.504911] [L724][S0]vin_node_set_ichn_attr done
Feb 13 03:38:57 localhost kernel: [   23.504914] [VIN_NODE]:[L427][C0]vin_node_video_set_ichn_attr done
Feb 13 03:38:57 localhost kernel: [   23.504920] [L1023][S0] vin_node_reqbufs done bit_map 0x1 planecount 0 
Feb 13 03:38:57 localhost kernel: [   23.504924] [VIN_NODE]:[L743][C0]vin_node_video_reqbufs done
Feb 13 03:38:57 localhost kernel: [   23.504943] [VPF ops]:[L1193][F0] vpf_fill_frame_info: L0 use width instead of wstride
Feb 13 03:38:57 localhost kernel: [   23.504948] [VPF ops]:[L1197][F0] vpf_fill_frame_info: L0 use height instead of vstride
Feb 13 03:38:57 localhost kernel: [   23.504952] [VPF ops]:[L1193][F1] vpf_fill_frame_info: L0 use width instead of wstride
Feb 13 03:38:57 localhost kernel: [   23.504956] [VPF ops]:[L1197][F1] vpf_fill_frame_info: L0 use height instead of vstride
Feb 13 03:38:57 localhost kernel: [   23.504960] [VPF ops]:[L1193][F2] vpf_fill_frame_info: L0 use width instead of wstride
Feb 13 03:38:57 localhost kernel: [   23.504964] [VPF ops]:[L1197][F2] vpf_fill_frame_info: L0 use height instead of vstride
Feb 13 03:38:57 localhost kernel: [   23.504968] [VPF ops]:[L1193][F3] vpf_fill_frame_info: L0 use width instead of wstride
Feb 13 03:38:57 localhost kernel: [   23.504971] [VPF ops]:[L1197][F3] vpf_fill_frame_info: L0 use height instead of vstride
Feb 13 03:38:57 localhost kernel: [   23.504975] [VPF ops]:[L1193][F4] vpf_fill_frame_info: L0 use width instead of wstride
Feb 13 03:38:57 localhost kernel: [   23.504979] [VPF ops]:[L1197][F4] vpf_fill_frame_info: L0 use height instead of vstride
Feb 13 03:38:57 localhost kernel: [   23.504982] [VPF ops]:[L1193][F5] vpf_fill_frame_info: L0 use width instead of wstride
Feb 13 03:38:57 localhost kernel: [   23.504986] [VPF ops]:[L1197][F5] vpf_fill_frame_info: L0 use height instead of vstride
Feb 13 03:38:57 localhost kernel: [   23.504990] [VPF ops]:[L1193][F6] vpf_fill_frame_info: L0 use width instead of wstride
Feb 13 03:38:57 localhost kernel: [   23.504993] [VPF ops]:[L1197][F6] vpf_fill_frame_info: L0 use height instead of vstride
Feb 13 03:38:57 localhost kernel: [   23.504997] [VPF ops]:[L1193][F7] vpf_fill_frame_info: L0 use width instead of wstride
Feb 13 03:38:57 localhost kernel: [   23.505000] [VPF ops]:[L1197][F7] vpf_fill_frame_info: L0 use height instead of vstride
Feb 13 03:38:57 localhost kernel: [   23.505004] [VPF ops]:[L1193][F8] vpf_fill_frame_info: L0 use width instead of wstride
Feb 13 03:38:57 localhost kernel: [   23.505007] [VPF ops]:[L1197][F8] vpf_fill_frame_info: L0 use height instead of vstride
Feb 13 03:38:57 localhost kernel: [   23.505011] [VPF ops]:[L1193][F9] vpf_fill_frame_info: L0 use width instead of wstride
Feb 13 03:38:57 localhost kernel: [   23.505014] [VPF ops]:[L1197][F9] vpf_fill_frame_info: L0 use height instead of vstride
Feb 13 03:38:57 localhost kernel: [   23.505018] [VPF ops]:[L1193][F10] vpf_fill_frame_info: L0 use width instead of wstride
Feb 13 03:38:57 localhost kernel: [   23.505022] [VPF ops]:[L1197][F10] vpf_fill_frame_info: L0 use height instead of vstride
Feb 13 03:38:57 localhost kernel: [   23.505025] [VPF ops]:[L1193][F11] vpf_fill_frame_info: L0 use width instead of wstride
Feb 13 03:38:57 localhost kernel: [   23.505029] [VPF ops]:[L1197][F11] vpf_fill_frame_info: L0 use height instead of vstride
Feb 13 03:38:57 localhost kernel: [   23.505033] [VPF ops]:[L1193][F12] vpf_fill_frame_info: L0 use width instead of wstride
Feb 13 03:38:57 localhost kernel: [   23.505036] [VPF ops]:[L1197][F12] vpf_fill_frame_info: L0 use height instead of vstride
Feb 13 03:38:57 localhost kernel: [   23.505040] [VPF ops]:[L1193][F13] vpf_fill_frame_info: L0 use width instead of wstride
Feb 13 03:38:57 localhost kernel: [   23.505044] [VPF ops]:[L1197][F13] vpf_fill_frame_info: L0 use height instead of vstride
Feb 13 03:38:57 localhost kernel: [   23.505048] [VPF ops]:[L1193][F14] vpf_fill_frame_info: L0 use width instead of wstride
Feb 13 03:38:57 localhost kernel: [   23.505051] [VPF ops]:[L1197][F14] vpf_fill_frame_info: L0 use height instead of vstride
Feb 13 03:38:57 localhost kernel: [   23.505055] [VPF ops]:[L1193][F15] vpf_fill_frame_info: L0 use width instead of wstride
Feb 13 03:38:57 localhost kernel: [   23.505059] [VPF ops]:[L1197][F15] vpf_fill_frame_info: L0 use height instead of vstride
Feb 13 03:38:57 localhost kernel: [   23.505062] [VPF ops]:[L1325][vin0_src][C0] vpf_request_frames: reqbuf number 16
Feb 13 03:38:57 localhost kernel: [   23.505067] [VPF ops]:[L850][vin0_src][C0] vpf_video_set_ichn_attr: done
Feb 13 03:38:57 localhost kernel: [   23.505083] [VPF ops]:[L1079][vin0_src][C0] vpf_video_get_struct_size: done
Feb 13 03:38:57 localhost kernel: [   23.505099] [L236][S0] ochn0 auto calc vstride 480
Feb 13 03:38:57 localhost kernel: [   23.505103] [L160]vin_basic_attr->format:30
Feb 13 03:38:57 localhost kernel: [   23.505108] [L425][S0][ipi0][ochn0]cim_set_ochn_attr done
Feb 13 03:38:57 localhost kernel: [   23.505112] [CIM]:[L340][S0]cim_video_set_ochn_attr done ret val:0
Feb 13 03:38:57 localhost kernel: [   23.505115] [L652][S0]vin_node_set_ochn_attr done
Feb 13 03:38:57 localhost kernel: [   23.505119] [VIN_NODE]:[L364][C0]vin_node_video_set_ochn_attr done
Feb 13 03:38:57 localhost kernel: [   23.505123] [L975]VNODE_ID_CAP wstride 1280
Feb 13 03:38:57 localhost kernel: [   23.505126] [L977]VNODE_ID_CAP vstride 480
Feb 13 03:38:57 localhost kernel: [   23.505129] [L981]vstride 480  planecount 1 
Feb 13 03:38:57 localhost kernel: [   23.505132] [L1023][S0] vin_node_reqbufs done bit_map 0x1 planecount 1 
Feb 13 03:38:57 localhost kernel: [   23.505135] [VIN_NODE]:[L743][C0]vin_node_video_reqbufs done
Feb 13 03:38:57 localhost kernel: [   23.505146] [VPF ops]:[L1325][vin0_cap][C0] vpf_request_frames: reqbuf number 16
Feb 13 03:38:57 localhost kernel: [   23.505151] [VPF ops]:[L978][vin0_cap][C0] vpf_video_set_ochn_attr: done
Feb 13 03:38:57 localhost kernel: [   23.505166] [VPF ops]:[L1079][vin0_src][C0] vpf_video_get_struct_size: done
Feb 13 03:38:57 localhost kernel: [   23.505183] vin mipi0: snrclk set freq cmd
Feb 13 03:38:57 localhost kernel: [   23.505196] vin mipi0: sensor0_mclk set 24000000 as 24000000
Feb 13 03:38:57 localhost kernel: [   23.505201] vin mipi0: snrclk set en cmd
Feb 13 03:38:57 localhost kernel: [   23.505204] vin mipi0: snrclk set enable
Feb 13 03:38:57 localhost kernel: [   23.505221] [L517][S0]vin_node_set_attr_ex done
Feb 13 03:38:57 localhost kernel: [   23.505224] [VIN_NODE]:[L324][C0]vin_node_video_set_attr_ex done
Feb 13 03:38:57 localhost kernel: [   23.505228] [VPF ops]:[L763][vin0_src][C0] vpf_video_set_attr_ex: done
Feb 13 03:38:57 localhost kernel: [   23.505233] [L517][S0]vin_node_set_attr_ex done
Feb 13 03:38:57 localhost kernel: [   23.505236] [VIN_NODE]:[L324][C0]vin_node_video_set_attr_ex done
Feb 13 03:38:57 localhost kernel: [   23.505239] [VPF ops]:[L763][vin0_cap][C0] vpf_video_set_attr_ex: done
Feb 13 03:38:57 localhost kernel: [   23.505260] [L975]VNODE_ID_CAP wstride 1280
Feb 13 03:38:57 localhost kernel: [   23.505263] [L977]VNODE_ID_CAP vstride 480
Feb 13 03:38:57 localhost kernel: [   23.505268] [L981]vstride 480  planecount 1 
Feb 13 03:38:57 localhost kernel: [   23.505271] [L1023][S0] vin_node_reqbufs done bit_map 0x1 planecount 1 
Feb 13 03:38:57 localhost kernel: [   23.505275] [VIN_NODE]:[L743][C0]vin_node_video_reqbufs done
Feb 13 03:38:57 localhost kernel: [   23.505282] [VPF ops]:[L1325][vin0_cap][C0] vpf_request_frames: reqbuf number 3
Feb 13 03:38:57 localhost kernel: [   23.505393] [VPF ops]:[L1464][vin0_cap][C0] vpf_video_reqbufs: done
Feb 13 03:38:57 localhost kernel: [   23.650291] [VPF ops]:[L2066][vin0_cap][C0] vpf_video_querybuf: done
Feb 13 03:38:57 localhost kernel: [   23.650624] [VPF ops]:[L2066][vin0_cap][C0] vpf_video_querybuf: done
Feb 13 03:38:57 localhost kernel: [   23.650694] [VPF ops]:[L2066][vin0_cap][C0] vpf_video_querybuf: done
Feb 13 03:38:57 localhost kernel: [   23.650818] [VPF ops]:[L2575][flow] vpf_device_open: done
Feb 13 03:38:57 localhost kernel: [   23.650831] [VPF ops]:[L1031][flow][C0] vpf_video_get_version: done
Feb 13 03:38:57 localhost kernel: [   23.650849] [VPF ops]:[L360][S0] vpf_bind_chain: bind done
Feb 13 03:38:57 localhost kernel: [   23.650862] [VPF ops]:[L2223][flow][C0] vpf_video_bind_pipeline: done
Feb 13 03:38:57 localhost kernel: [   23.650896] [VPF ops]:[L1685][vin0_src][S0][C0] vpf_chain_add_vnode: done
Feb 13 03:38:57 localhost kernel: [   23.650901] [VPF ops]:[L1825][vin0_src][C0] vpf_video_add_vnode: done
Feb 13 03:38:57 localhost kernel: [   23.651147] [CIM]:[L419][S0]cim_video_get_attr done ret val:0
Feb 13 03:38:57 localhost kernel: [   23.651156] vin vcon0: get attr valid bus7 rx0 done
Feb 13 03:38:57 localhost kernel: [   23.651161] [L306][S0]vin_node_get_attr done
Feb 13 03:38:57 localhost kernel: [   23.651166] [VIN_NODE]:[L286][C0]vin_node_video_get_attr done
Feb 13 09:40:28 localhost kernel: [   23.651708] vin sensor0: camera_init_req cmd: initing
Feb 13 09:40:28 localhost kernel: [   23.730410] [VPF mgr]:[L478]empty_camsys_reset: empty function
Feb 13 09:40:28 localhost kernel: [   23.730431] [L1228]cim_open open_cnt :1
Feb 13 09:40:28 localhost kernel: [   23.730436] [CIM]:[L192][S0]cim_video_open done ret val:0
Feb 13 09:40:28 localhost kernel: [   23.730440] [L1227][S0]vin_node_open done
Feb 13 09:40:28 localhost kernel: [   23.730445] [VIN_NODE]:[L694][C0]vin_node_video_open done
Feb 13 09:40:28 localhost kernel: [   23.730449] [VPF ops]:[L2575][vin1_src] vpf_device_open: done
Feb 13 09:40:28 localhost kernel: [   23.730469] [L1228]cim_open open_cnt :2
Feb 13 09:40:28 localhost kernel: [   23.730472] [CIM]:[L192][S0]cim_video_open done ret val:0
Feb 13 09:40:28 localhost kernel: [   23.730476] [L1227][S0]vin_node_open done
Feb 13 09:40:28 localhost kernel: [   23.730479] [VIN_NODE]:[L694][C0]vin_node_video_open done
Feb 13 09:40:28 localhost kernel: [   23.730482] [VPF ops]:[L2575][vin1_cap] vpf_device_open: done
Feb 13 09:40:28 localhost kernel: [   23.730495] [L1228]cim_open open_cnt :3
Feb 13 09:40:28 localhost kernel: [   23.730498] [CIM]:[L192][S0]cim_video_open done ret val:0
Feb 13 09:40:28 localhost kernel: [   23.730501] [L1227][S0]vin_node_open done
Feb 13 09:40:28 localhost kernel: [   23.730505] [VIN_NODE]:[L694][C0]vin_node_video_open done
Feb 13 09:40:28 localhost kernel: [   23.730508] [VPF ops]:[L2575][vin1_emb] vpf_device_open: done
Feb 13 09:40:28 localhost kernel: [   23.730519] [L1228]cim_open open_cnt :4
Feb 13 09:40:28 localhost kernel: [   23.730523] [CIM]:[L192][S0]cim_video_open done ret val:0
Feb 13 09:40:28 localhost kernel: [   23.730526] [L1227][S0]vin_node_open done
Feb 13 09:40:28 localhost kernel: [   23.730530] [VIN_NODE]:[L694][C0]vin_node_video_open done
Feb 13 09:40:28 localhost kernel: [   23.730533] [VPF ops]:[L2575][vin1_pdaf] vpf_device_open: done
Feb 13 09:40:28 localhost kernel: [   23.730543] [VPF ops]:[L439][vin1_src][C0] vpf_vctx_bind_vdev: done, ctx_index(0) refcount(1)
Feb 13 09:40:28 localhost kernel: [   23.730551] [VPF ops]:[L1875][vin1_src][C0] vpf_video_bind_context: done
Feb 13 09:40:28 localhost kernel: [   23.730557] [VPF ops]:[L439][vin1_cap][C0] vpf_vctx_bind_vdev: done, ctx_index(0) refcount(1)
Feb 13 09:40:28 localhost kernel: [   23.730562] [VPF ops]:[L1875][vin1_cap][C0] vpf_video_bind_context: done
Feb 13 09:40:28 localhost kernel: [   23.730567] [VPF ops]:[L439][vin1_emb][C0] vpf_vctx_bind_vdev: done, ctx_index(0) refcount(1)
Feb 13 09:40:28 localhost kernel: [   23.730571] [VPF ops]:[L1875][vin1_emb][C0] vpf_video_bind_context: done
Feb 13 09:40:28 localhost kernel: [   23.730576] [VPF ops]:[L439][vin1_pdaf][C0] vpf_vctx_bind_vdev: done, ctx_index(0) refcount(1)
Feb 13 09:40:28 localhost kernel: [   23.730581] [VPF ops]:[L1875][vin1_pdaf][C0] vpf_video_bind_context: done
Feb 13 09:40:28 localhost kernel: [   23.730587] [VIN_NODE]:[L38]The vin node driver version is v1.1
Feb 13 09:40:28 localhost kernel: [   23.730590] [VPF ops]:[L1031][vin1_src][C0] vpf_video_get_version: done
Feb 13 09:40:28 localhost kernel: [   23.730602] [VPF ops]:[L1079][vin1_src][C0] vpf_video_get_struct_size: done
Feb 13 09:40:28 localhost kernel: [   23.730611] [CIM]:[L247][C0]cim_video_set_attr done ret val:0
Feb 13 09:40:28 localhost kernel: [   23.730615] [L423][C0] vin_node_set_attr ipi 0 done
Feb 13 09:40:28 localhost kernel: [   23.730619] [VIN_NODE]:[L239][C0]vin_node_video_set_attr done
Feb 13 09:40:28 localhost kernel: [   23.730623] [VPF ops]:[L689][vin1_cap][C0] vpf_video_set_init_attr: done
Feb 13 09:40:28 localhost kernel: [   23.730631] vin vcon1: vcon1 open 0: flow65535 ctx0 real
Feb 13 09:40:28 localhost kernel: [   23.730637] [L624][S65535][C0][ipi0]cim_subdev_init hw_id = 1
Feb 13 09:40:28 localhost kernel: [   23.730642] [CIM]:[L247][C0]cim_video_set_attr done ret val:0
Feb 13 09:40:28 localhost kernel: [   23.730647] vin vcon1: get attr valid bus4 rx1 done
Feb 13 09:40:28 localhost kernel: [   23.730651] [L423][C0] vin_node_set_attr ipi 0 done
Feb 13 09:40:28 localhost kernel: [   23.730655] [VIN_NODE]:[L239][C0]vin_node_video_set_attr done
Feb 13 09:40:28 localhost kernel: [   23.730658] [VIO node]:[L104][vin1] vio_group_task_start: sched_mode 1
Feb 13 09:40:28 localhost kernel: [   23.730662] [VPF ops]:[L689][vin1_src][C0] vpf_video_set_init_attr: done
Feb 13 09:40:28 localhost kernel: [   23.730668] [CIM]:[L247][C0]cim_video_set_attr done ret val:0
Feb 13 09:40:28 localhost kernel: [   23.730671] [L423][C0] vin_node_set_attr ipi 0 done
Feb 13 09:40:28 localhost kernel: [   23.730675] [VIN_NODE]:[L239][C0]vin_node_video_set_attr done
Feb 13 09:40:28 localhost kernel: [   23.730678] [VPF ops]:[L689][vin1_emb][C0] vpf_video_set_init_attr: done
Feb 13 09:40:28 localhost kernel: [   23.730683] [CIM]:[L247][C0]cim_video_set_attr done ret val:0
Feb 13 09:40:28 localhost kernel: [   23.730686] [L423][C0] vin_node_set_attr ipi 0 done
Feb 13 09:40:28 localhost kernel: [   23.730689] [VIN_NODE]:[L239][C0]vin_node_video_set_attr done
Feb 13 09:40:28 localhost kernel: [   23.730692] [VPF ops]:[L689][vin1_pdaf][C0] vpf_video_set_init_attr: done
Feb 13 09:40:28 localhost kernel: [   23.730697] [VPF ops]:[L1079][vin1_src][C0] vpf_video_get_struct_size: done
Feb 13 09:40:28 localhost kernel: [   23.730704] [L709][S65535] vin_node_set_ichn_attr begin format 30 width 640 
Feb 13 09:40:28 localhost kernel: [   23.730711] [L527][S0][ipi0]cim_set_ichn_attr done
Feb 13 09:40:28 localhost kernel: [   23.730716] [CIM]:[L309][S0]cim_video_set_ichn_attr done ret val:0
Feb 13 09:40:28 localhost kernel: [   23.730720] [L724][S0]vin_node_set_ichn_attr done
Feb 13 09:40:28 localhost kernel: [   23.730723] [VIN_NODE]:[L427][C0]vin_node_video_set_ichn_attr done
Feb 13 09:40:28 localhost kernel: [   23.730729] [L1023][S0] vin_node_reqbufs done bit_map 0x1 planecount 0 
Feb 13 09:40:28 localhost kernel: [   23.730734] [VIN_NODE]:[L743][C0]vin_node_video_reqbufs done
Feb 13 09:40:28 localhost kernel: [   23.730745] [VPF ops]:[L1193][F0] vpf_fill_frame_info: L0 use width instead of wstride
Feb 13 09:40:28 localhost kernel: [   23.730750] [VPF ops]:[L1197][F0] vpf_fill_frame_info: L0 use height instead of vstride
Feb 13 09:40:28 localhost kernel: [   23.730754] [VPF ops]:[L1193][F1] vpf_fill_frame_info: L0 use width instead of wstride
Feb 13 09:40:28 localhost kernel: [   23.730758] [VPF ops]:[L1197][F1] vpf_fill_frame_info: L0 use height instead of vstride
Feb 13 09:40:28 localhost kernel: [   23.730762] [VPF ops]:[L1193][F2] vpf_fill_frame_info: L0 use width instead of wstride
Feb 13 09:40:28 localhost kernel: [   23.730765] [VPF ops]:[L1197][F2] vpf_fill_frame_info: L0 use height instead of vstride
Feb 13 09:40:28 localhost kernel: [   23.730769] [VPF ops]:[L1193][F3] vpf_fill_frame_info: L0 use width instead of wstride
Feb 13 09:40:28 localhost kernel: [   23.730773] [VPF ops]:[L1197][F3] vpf_fill_frame_info: L0 use height instead of vstride
Feb 13 09:40:28 localhost kernel: [   23.730777] [VPF ops]:[L1193][F4] vpf_fill_frame_info: L0 use width instead of wstride
Feb 13 09:40:28 localhost kernel: [   23.730780] [VPF ops]:[L1197][F4] vpf_fill_frame_info: L0 use height instead of vstride
Feb 13 09:40:28 localhost kernel: [   23.730784] [VPF ops]:[L1193][F5] vpf_fill_frame_info: L0 use width instead of wstride
Feb 13 09:40:28 localhost kernel: [   23.730788] [VPF ops]:[L1197][F5] vpf_fill_frame_info: L0 use height instead of vstride
Feb 13 09:40:28 localhost kernel: [   23.730792] [VPF ops]:[L1193][F6] vpf_fill_frame_info: L0 use width instead of wstride
Feb 13 09:40:28 localhost kernel: [   23.730795] [VPF ops]:[L1197][F6] vpf_fill_frame_info: L0 use height instead of vstride
Feb 13 09:40:28 localhost kernel: [   23.730799] [VPF ops]:[L1193][F7] vpf_fill_frame_info: L0 use width instead of wstride
Feb 13 09:40:28 localhost kernel: [   23.730803] [VPF ops]:[L1197][F7] vpf_fill_frame_info: L0 use height instead of vstride
Feb 13 09:40:28 localhost kernel: [   23.730806] [VPF ops]:[L1193][F8] vpf_fill_frame_info: L0 use width instead of wstride
Feb 13 09:40:28 localhost kernel: [   23.730810] [VPF ops]:[L1197][F8] vpf_fill_frame_info: L0 use height instead of vstride
Feb 13 09:40:28 localhost kernel: [   23.730813] [VPF ops]:[L1193][F9] vpf_fill_frame_info: L0 use width instead of wstride
Feb 13 09:40:28 localhost kernel: [   23.730817] [VPF ops]:[L1197][F9] vpf_fill_frame_info: L0 use height instead of vstride
Feb 13 09:40:28 localhost kernel: [   23.730821] [VPF ops]:[L1193][F10] vpf_fill_frame_info: L0 use width instead of wstride
Feb 13 09:40:28 localhost kernel: [   23.730824] [VPF ops]:[L1197][F10] vpf_fill_frame_info: L0 use height instead of vstride
Feb 13 09:40:28 localhost kernel: [   23.730828] [VPF ops]:[L1193][F11] vpf_fill_frame_info: L0 use width instead of wstride
Feb 13 09:40:28 localhost kernel: [   23.730831] [VPF ops]:[L1197][F11] vpf_fill_frame_info: L0 use height instead of vstride
Feb 13 09:40:28 localhost kernel: [   23.730835] [VPF ops]:[L1193][F12] vpf_fill_frame_info: L0 use width instead of wstride
Feb 13 09:40:28 localhost kernel: [   23.730839] [VPF ops]:[L1197][F12] vpf_fill_frame_info: L0 use height instead of vstride
Feb 13 09:40:28 localhost kernel: [   23.730843] [VPF ops]:[L1193][F13] vpf_fill_frame_info: L0 use width instead of wstride
Feb 13 09:40:28 localhost kernel: [   23.730846] [VPF ops]:[L1197][F13] vpf_fill_frame_info: L0 use height instead of vstride
Feb 13 09:40:28 localhost kernel: [   23.730850] [VPF ops]:[L1193][F14] vpf_fill_frame_info: L0 use width instead of wstride
Feb 13 09:40:28 localhost kernel: [   23.730853] [VPF ops]:[L1197][F14] vpf_fill_frame_info: L0 use height instead of vstride
Feb 13 09:40:28 localhost kernel: [   23.730857] [VPF ops]:[L1193][F15] vpf_fill_frame_info: L0 use width instead of wstride
Feb 13 09:40:28 localhost kernel: [   23.730861] [VPF ops]:[L1197][F15] vpf_fill_frame_info: L0 use height instead of vstride
Feb 13 09:40:28 localhost kernel: [   23.730864] [VPF ops]:[L1325][vin1_src][C0] vpf_request_frames: reqbuf number 16
Feb 13 09:40:28 localhost kernel: [   23.730869] [VPF ops]:[L850][vin1_src][C0] vpf_video_set_ichn_attr: done
Feb 13 09:40:28 localhost kernel: [   23.730876] [VPF ops]:[L1079][vin1_src][C0] vpf_video_get_struct_size: done
Feb 13 09:40:28 localhost kernel: [   23.730883] [L236][S0] ochn0 auto calc vstride 480
Feb 13 09:40:28 localhost kernel: [   23.730888] [L160]vin_basic_attr->format:30
Feb 13 09:40:28 localhost kernel: [   23.730893] [L425][S0][ipi0][ochn0]cim_set_ochn_attr done
Feb 13 09:40:28 localhost kernel: [   23.730897] [CIM]:[L340][S0]cim_video_set_ochn_attr done ret val:0
Feb 13 09:40:28 localhost kernel: [   23.730901] [L652][S0]vin_node_set_ochn_attr done
Feb 13 09:40:28 localhost kernel: [   23.730904] [VIN_NODE]:[L364][C0]vin_node_video_set_ochn_attr done
Feb 13 09:40:28 localhost kernel: [   23.730908] [L975]VNODE_ID_CAP wstride 1280
Feb 13 09:40:28 localhost kernel: [   23.730911] [L977]VNODE_ID_CAP vstride 480
Feb 13 09:40:28 localhost kernel: [   23.730914] [L981]vstride 480  planecount 1 
Feb 13 09:40:28 localhost kernel: [   23.730918] [L1023][S0] vin_node_reqbufs done bit_map 0x1 planecount 1 
Feb 13 09:40:28 localhost kernel: [   23.730921] [VIN_NODE]:[L743][C0]vin_node_video_reqbufs done
Feb 13 09:40:28 localhost kernel: [   23.730933] [VPF ops]:[L1325][vin1_cap][C0] vpf_request_frames: reqbuf number 16
Feb 13 09:40:28 localhost kernel: [   23.730937] [VPF ops]:[L978][vin1_cap][C0] vpf_video_set_ochn_attr: done
Feb 13 09:40:28 localhost kernel: [   23.730945] [VPF ops]:[L1079][vin1_src][C0] vpf_video_get_struct_size: done
Feb 13 09:40:28 localhost kernel: [   23.730958] vin mipi1: snrclk set freq cmd
Feb 13 09:40:28 localhost kernel: [   23.730976] vin mipi1: sensor1_mclk set 24000000 as 24000000
Feb 13 09:40:28 localhost kernel: [   23.730981] vin mipi1: snrclk set en cmd
Feb 13 09:40:28 localhost kernel: [   23.730984] vin mipi1: snrclk set enable
Feb 13 09:40:28 localhost kernel: [   23.731004] [L517][S0]vin_node_set_attr_ex done
Feb 13 09:40:28 localhost kernel: [   23.731007] [VIN_NODE]:[L324][C0]vin_node_video_set_attr_ex done
Feb 13 09:40:28 localhost kernel: [   23.731011] [VPF ops]:[L763][vin1_src][C0] vpf_video_set_attr_ex: done
Feb 13 09:40:28 localhost kernel: [   23.731016] [L517][S0]vin_node_set_attr_ex done
Feb 13 09:40:28 localhost kernel: [   23.731019] [VIN_NODE]:[L324][C0]vin_node_video_set_attr_ex done
Feb 13 09:40:28 localhost kernel: [   23.731023] [VPF ops]:[L763][vin1_cap][C0] vpf_video_set_attr_ex: done
Feb 13 09:40:28 localhost kernel: [   23.731029] [L975]VNODE_ID_CAP wstride 1280
Feb 13 09:40:28 localhost kernel: [   23.731033] [L977]VNODE_ID_CAP vstride 480
Feb 13 09:40:28 localhost kernel: [   23.731035] [L981]vstride 480  planecount 1 
Feb 13 09:40:28 localhost kernel: [   23.731062] [L1023][S0] vin_node_reqbufs done bit_map 0x1 planecount 1 
Feb 13 09:40:28 localhost kernel: [   23.731069] [VIN_NODE]:[L743][C0]vin_node_video_reqbufs done
Feb 13 09:40:28 localhost kernel: [   23.731214] [VPF ops]:[L1325][vin1_cap][C0] vpf_request_frames: reqbuf number 3
Feb 13 09:40:28 localhost kernel: [   23.731364] [VPF ops]:[L1464][vin1_cap][C0] vpf_video_reqbufs: done
Feb 13 09:40:28 localhost kernel: [   23.731390] [VPF ops]:[L2066][vin1_cap][C0] vpf_video_querybuf: done
Feb 13 09:40:28 localhost kernel: [   23.731538] [VPF ops]:[L2066][vin1_cap][C0] vpf_video_querybuf: done
Feb 13 09:40:28 localhost kernel: [   23.731621] [VPF ops]:[L2066][vin1_cap][C0] vpf_video_querybuf: done
Feb 13 09:40:28 localhost kernel: [   23.731726] [VPF ops]:[L2575][flow] vpf_device_open: done
Feb 13 09:40:28 localhost kernel: [   23.731740] [VPF ops]:[L1031][flow][C0] vpf_video_get_version: done
Feb 13 09:40:28 localhost kernel: [   23.731747] [VPF ops]:[L360][S1] vpf_bind_chain: bind done
Feb 13 09:40:28 localhost kernel: [   23.731759] [VPF ops]:[L2223][flow][C1] vpf_video_bind_pipeline: done
Feb 13 09:40:28 localhost kernel: [   23.731768] [VPF ops]:[L1685][vin1_src][S1][C0] vpf_chain_add_vnode: done
Feb 13 09:40:28 localhost kernel: [   23.731772] [VPF ops]:[L1825][vin1_src][C0] vpf_video_add_vnode: done
Feb 13 09:40:28 localhost kernel: [   23.731943] [CIM]:[L419][S0]cim_video_get_attr done ret val:0
Feb 13 09:40:28 localhost kernel: [   23.731952] vin vcon1: get attr valid bus4 rx1 done
Feb 13 09:40:28 localhost kernel: [   23.731957] [L306][S0]vin_node_get_attr done
Feb 13 09:40:28 localhost kernel: [   23.731961] [VIN_NODE]:[L286][C0]vin_node_video_get_attr done
Feb 13 09:40:28 localhost kernel: [   23.732203] vin sensor1: camera_init_req cmd: initing
Feb 13 09:40:28 localhost kernel: [   24.196429] [VPF mgr]:[L478]empty_camsys_reset: empty function
Feb 13 09:40:28 localhost kernel: [   24.196451] [L1228]cim_open open_cnt :1
Feb 13 09:40:28 localhost kernel: [   24.196455] [CIM]:[L192][S0]cim_video_open done ret val:0
Feb 13 09:40:28 localhost kernel: [   24.196459] [L1227][S0]vin_node_open done
Feb 13 09:40:28 localhost kernel: [   24.196463] [VIN_NODE]:[L694][C0]vin_node_video_open done
Feb 13 09:40:28 localhost kernel: [   24.196467] [VPF ops]:[L2575][vin2_src] vpf_device_open: done
Feb 13 09:40:28 localhost kernel: [   24.196484] [L1228]cim_open open_cnt :2
Feb 13 09:40:28 localhost kernel: [   24.196487] [CIM]:[L192][S0]cim_video_open done ret val:0
Feb 13 09:40:28 localhost kernel: [   24.196490] [L1227][S0]vin_node_open done
Feb 13 09:40:28 localhost kernel: [   24.196489] vin sensor1: camera_init_result cmd: done wake
Feb 13 09:40:28 localhost kernel: [   24.196490] vin sensor0: camera_init_result cmd: done wake
Feb 13 09:40:28 localhost kernel: [   24.196494] [VIN_NODE]:[L694][C0]vin_node_video_open done
Feb 13 09:40:28 localhost kernel: [   24.196497] [VPF ops]:[L2575][vin2_cap] vpf_device_open: done
Feb 13 09:40:28 localhost kernel: [   24.196509] [L1228]cim_open open_cnt :3
Feb 13 09:40:28 localhost kernel: [   24.196512] [CIM]:[L192][S0]cim_video_open done ret val:0
Feb 13 09:40:28 localhost kernel: [   24.196516] [L1227][S0]vin_node_open done
Feb 13 09:40:28 localhost kernel: [   24.196519] [VIN_NODE]:[L694][C0]vin_node_video_open done
Feb 13 09:40:28 localhost kernel: [   24.196520] vin sensor0: sensor_evu_do: default to wait
Feb 13 09:40:28 localhost kernel: [   24.196523] [VPF ops]:[L2575][vin2_emb] vpf_device_open: done
Feb 13 09:40:28 localhost kernel: [   24.196534] [L1228]cim_open open_cnt :4
Feb 13 09:40:28 localhost kernel: [   24.196537] [CIM]:[L192][S0]cim_video_open done ret val:0
Feb 13 09:40:28 localhost kernel: [   24.196540] [L1227][S0]vin_node_open done
Feb 13 09:40:28 localhost kernel: [   24.196544] [VIN_NODE]:[L694][C0]vin_node_video_open done
Feb 13 09:40:28 localhost kernel: [   24.196547] [VPF ops]:[L2575][vin2_pdaf] vpf_device_open: done
Feb 13 09:40:28 localhost kernel: [   24.196550] vin sensor1: sensor_evu_do: default to wait
Feb 13 09:40:28 localhost kernel: [   24.196551] vin sensor1: camera_set_intrinsic_param port 1 done
Feb 13 09:40:28 localhost kernel: [   24.196552] vin sensor0: camera_set_intrinsic_param port 0 done
Feb 13 09:40:28 localhost kernel: [   24.196556] [VPF ops]:[L439][vin2_src][C0] vpf_vctx_bind_vdev: done, ctx_index(0) refcount(1)
Feb 13 09:40:28 localhost kernel: [   24.196565] [VPF ops]:[L1875][vin2_src][C0] vpf_video_bind_context: done
Feb 13 09:40:28 localhost kernel: [   24.196571] [VPF ops]:[L439][vin2_cap][C0] vpf_vctx_bind_vdev: done, ctx_index(0) refcount(1)
Feb 13 09:40:28 localhost kernel: [   24.196575] [VPF ops]:[L1875][vin2_cap][C0] vpf_video_bind_context: done
Feb 13 09:40:28 localhost kernel: [   24.196580] [VPF ops]:[L439][vin2_emb][C0] vpf_vctx_bind_vdev: done, ctx_index(0) refcount(1)
Feb 13 09:40:28 localhost kernel: [   24.196585] [VPF ops]:[L1875][vin2_emb][C0] vpf_video_bind_context: done
Feb 13 09:40:28 localhost kernel: [   24.196590] [VPF ops]:[L439][vin2_pdaf][C0] vpf_vctx_bind_vdev: done, ctx_index(0) refcount(1)
Feb 13 09:40:28 localhost kernel: [   24.196594] [VPF ops]:[L1875][vin2_pdaf][C0] vpf_video_bind_context: done
Feb 13 09:40:28 localhost kernel: [   24.196599] [VIN_NODE]:[L38]The vin node driver version is v1.1
Feb 13 09:40:28 localhost kernel: [   24.196603] [VPF ops]:[L1031][vin2_src][C0] vpf_video_get_version: done
Feb 13 09:40:28 localhost kernel: [   24.196613] [VPF ops]:[L1079][vin2_src][C0] vpf_video_get_struct_size: done
Feb 13 09:40:28 localhost kernel: [   24.196622] [CIM]:[L247][C0]cim_video_set_attr done ret val:0
Feb 13 09:40:28 localhost kernel: [   24.196626] [L423][C0] vin_node_set_attr ipi 0 done
Feb 13 09:40:28 localhost kernel: [   24.196630] [VIN_NODE]:[L239][C0]vin_node_video_set_attr done
Feb 13 09:40:28 localhost kernel: [   24.196634] [VPF ops]:[L689][vin2_cap][C0] vpf_video_set_init_attr: done
Feb 13 09:40:28 localhost kernel: [   24.196641] vin vcon2: vcon2 open 0: flow65535 ctx0 real
Feb 13 09:40:28 localhost kernel: [   24.196645] vin sensor1: sensor_attach flow1 ctx0 to sensor1 
Feb 13 09:40:28 localhost kernel: [   24.196647] [L624][S65535][C0][ipi0]cim_subdev_init hw_id = 2
Feb 13 09:40:28 localhost kernel: [   24.196651] [CIM]:[L247][C0]cim_video_set_attr done ret val:0
Feb 13 09:40:28 localhost kernel: [   24.196653] vin vcon1: flow1.ctx0 attach sensor1 done
Feb 13 09:40:28 localhost kernel: [   24.196654] vin sensor0: sensor_attach flow0 ctx0 to sensor0 
Feb 13 09:40:28 localhost kernel: [   24.196656] vin vcon2: get attr valid bus7 rx2 done
Feb 13 09:40:28 localhost kernel: [   24.196658] vin vcon1: set internal attr attach done
Feb 13 09:40:28 localhost kernel: [   24.196662] vin vcon0: flow0.ctx0 attach sensor0 done
Feb 13 09:40:28 localhost kernel: [   24.196671] vin vcon0: set internal attr attach done
Feb 13 09:40:28 localhost kernel: [   24.196671] vin mipi1: init cmd: 0 real
Feb 13 09:40:28 localhost kernel: [   24.196672] [L423][C0] vin_node_set_attr ipi 0 done
Feb 13 09:40:28 localhost kernel: [   24.196679] vin mipi1: 1 lane 640x480 10fps datatype 0x1e
Feb 13 09:40:28 localhost kernel: [   24.196681] vin mipi0: init cmd: 0 real
Feb 13 09:40:28 localhost kernel: [   24.196681] [VIN_NODE]:[L239][C0]vin_node_video_set_attr done
Feb 13 09:40:28 localhost kernel: [   24.196685] [VIO node]:[L104][vin2] vio_group_task_start: sched_mode 1
Feb 13 09:40:28 localhost kernel: [   24.196686] vin mipi1: snrclk set disable
Feb 13 09:40:28 localhost kernel: [   24.196686] vin mipi0: 1 lane 640x480 10fps datatype 0x1e
Feb 13 09:40:28 localhost kernel: [   24.196690] [VPF ops]:[L689][vin2_src][C0] vpf_video_set_init_attr: done
Feb 13 09:40:28 localhost kernel: [   24.196691] vin mipi0: snrclk set disable
Feb 13 09:40:28 localhost kernel: [   24.196696] [CIM]:[L247][C0]cim_video_set_attr done ret val:0
Feb 13 09:40:28 localhost kernel: [   24.196700] [L423][C0] vin_node_set_attr ipi 0 done
Feb 13 09:40:28 localhost kernel: [   24.196703] [VIN_NODE]:[L239][C0]vin_node_video_set_attr done
Feb 13 09:40:28 localhost kernel: [   24.196705] vin mipi0: ipiclk limit 27027000 up to 600000000
Feb 13 09:40:28 localhost kernel: [   24.196705] vin mipi1: ipiclk limit 27027000 up to 600000000
Feb 13 09:40:28 localhost kernel: [   24.196706] [VPF ops]:[L689][vin2_emb][C0] vpf_video_set_init_attr: done
Feb 13 09:40:28 localhost kernel: [   24.196711] [CIM]:[L247][C0]cim_video_set_attr done ret val:0
Feb 13 09:40:28 localhost kernel: [   24.196715] [L423][C0] vin_node_set_attr ipi 0 done
Feb 13 09:40:28 localhost kernel: [   24.196719] [VIN_NODE]:[L239][C0]vin_node_video_set_attr done
Feb 13 09:40:28 localhost kernel: [   24.196719] vin mipi1: ipiclk set 600000000 get 600000000
Feb 13 09:40:28 localhost kernel: [   24.196720] vin mipi0: ipiclk set 600000000 get 600000000
Feb 13 09:40:28 localhost kernel: [   24.196722] [VPF ops]:[L689][vin2_pdaf][C0] vpf_video_set_init_attr: done
Feb 13 09:40:28 localhost kernel: [   24.196725] vin mipi0: dphy 432Mbps/1lane: ppi 8bit settle 8
Feb 13 09:40:28 localhost kernel: [   24.196726] vin mipi1: dphy 432Mbps/1lane: ppi 8bit settle 40
Feb 13 09:40:28 localhost kernel: [   24.196728] [VPF ops]:[L1079][vin2_src][C0] vpf_video_get_struct_size: done
Feb 13 09:40:28 localhost kernel: [   24.196734] [L709][S65535] vin_node_set_ichn_attr begin format 43 width 1088 
Feb 13 09:40:28 localhost kernel: [   24.196742] [L527][S0][ipi0]cim_set_ichn_attr done
Feb 13 09:40:28 localhost kernel: [   24.196746] [CIM]:[L309][S0]cim_video_set_ichn_attr done ret val:0
Feb 13 09:40:28 localhost kernel: [   24.196750] [L724][S0]vin_node_set_ichn_attr done
Feb 13 09:40:28 localhost kernel: [   24.196753] [VIN_NODE]:[L427][C0]vin_node_video_set_ichn_attr done
Feb 13 09:40:28 localhost kernel: [   24.196758] [L1023][S0] vin_node_reqbufs done bit_map 0x1 planecount 1 
Feb 13 09:40:28 localhost kernel: [   24.196762] [VIN_NODE]:[L743][C0]vin_node_video_reqbufs done
Feb 13 09:40:28 localhost kernel: [   24.196780] [VPF ops]:[L1193][F0] vpf_fill_frame_info: L0 use width instead of wstride
Feb 13 09:40:28 localhost kernel: [   24.196785] [VPF ops]:[L1197][F0] vpf_fill_frame_info: L0 use height instead of vstride
Feb 13 09:40:28 localhost kernel: [   24.196789] [VPF ops]:[L1193][F1] vpf_fill_frame_info: L0 use width instead of wstride
Feb 13 09:40:28 localhost kernel: [   24.196793] [VPF ops]:[L1197][F1] vpf_fill_frame_info: L0 use height instead of vstride
Feb 13 09:40:28 localhost kernel: [   24.196798] [VPF ops]:[L1193][F2] vpf_fill_frame_info: L0 use width instead of wstride
Feb 13 09:40:28 localhost kernel: [   24.196801] [VPF ops]:[L1197][F2] vpf_fill_frame_info: L0 use height instead of vstride
Feb 13 09:40:28 localhost kernel: [   24.196805] [VPF ops]:[L1193][F3] vpf_fill_frame_info: L0 use width instead of wstride
Feb 13 09:40:28 localhost kernel: [   24.196809] [VPF ops]:[L1197][F3] vpf_fill_frame_info: L0 use height instead of vstride
Feb 13 09:40:28 localhost kernel: [   24.196813] [VPF ops]:[L1193][F4] vpf_fill_frame_info: L0 use width instead of wstride
Feb 13 09:40:28 localhost kernel: [   24.196816] [VPF ops]:[L1197][F4] vpf_fill_frame_info: L0 use height instead of vstride
Feb 13 09:40:28 localhost kernel: [   24.196820] [VPF ops]:[L1193][F5] vpf_fill_frame_info: L0 use width instead of wstride
Feb 13 09:40:28 localhost kernel: [   24.196823] [VPF ops]:[L1197][F5] vpf_fill_frame_info: L0 use height instead of vstride
Feb 13 09:40:28 localhost kernel: [   24.196827] [VPF ops]:[L1193][F6] vpf_fill_frame_info: L0 use width instead of wstride
Feb 13 09:40:28 localhost kernel: [   24.196831] [VPF ops]:[L1197][F6] vpf_fill_frame_info: L0 use height instead of vstride
Feb 13 09:40:28 localhost kernel: [   24.196834] [VPF ops]:[L1193][F7] vpf_fill_frame_info: L0 use width instead of wstride
Feb 13 09:40:28 localhost kernel: [   24.196838] [VPF ops]:[L1197][F7] vpf_fill_frame_info: L0 use height instead of vstride
Feb 13 09:40:28 localhost kernel: [   24.196841] [VPF ops]:[L1193][F8] vpf_fill_frame_info: L0 use width instead of wstride
Feb 13 09:40:28 localhost kernel: [   24.196845] [VPF ops]:[L1197][F8] vpf_fill_frame_info: L0 use height instead of vstride
Feb 13 09:40:28 localhost kernel: [   24.196849] [VPF ops]:[L1193][F9] vpf_fill_frame_info: L0 use width instead of wstride
Feb 13 09:40:28 localhost kernel: [   24.196852] [VPF ops]:[L1197][F9] vpf_fill_frame_info: L0 use height instead of vstride
Feb 13 09:40:28 localhost kernel: [   24.196856] [VPF ops]:[L1193][F10] vpf_fill_frame_info: L0 use width instead of wstride
Feb 13 09:40:28 localhost kernel: [   24.196859] [VPF ops]:[L1197][F10] vpf_fill_frame_info: L0 use height instead of vstride
Feb 13 09:40:28 localhost kernel: [   24.196863] [VPF ops]:[L1193][F11] vpf_fill_frame_info: L0 use width instead of wstride
Feb 13 09:40:28 localhost kernel: [   24.196867] [VPF ops]:[L1197][F11] vpf_fill_frame_info: L0 use height instead of vstride
Feb 13 09:40:28 localhost kernel: [   24.196870] [VPF ops]:[L1193][F12] vpf_fill_frame_info: L0 use width instead of wstride
Feb 13 09:40:28 localhost kernel: [   24.196874] [VPF ops]:[L1197][F12] vpf_fill_frame_info: L0 use height instead of vstride
Feb 13 09:40:28 localhost kernel: [   24.196878] [VPF ops]:[L1193][F13] vpf_fill_frame_info: L0 use width instead of wstride
Feb 13 09:40:28 localhost kernel: [   24.196881] [VPF ops]:[L1197][F13] vpf_fill_frame_info: L0 use height instead of vstride
Feb 13 09:40:28 localhost kernel: [   24.196885] [VPF ops]:[L1193][F14] vpf_fill_frame_info: L0 use width instead of wstride
Feb 13 09:40:28 localhost kernel: [   24.196889] [VPF ops]:[L1197][F14] vpf_fill_frame_info: L0 use height instead of vstride
Feb 13 09:40:28 localhost kernel: [   24.196892] [VPF ops]:[L1193][F15] vpf_fill_frame_info: L0 use width instead of wstride
Feb 13 09:40:28 localhost kernel: [   24.196896] [VPF ops]:[L1197][F15] vpf_fill_frame_info: L0 use height instead of vstride
Feb 13 09:40:28 localhost kernel: [   24.196899] [VPF ops]:[L1325][vin2_src][C0] vpf_request_frames: reqbuf number 16
Feb 13 09:40:28 localhost kernel: [   24.196904] [VPF ops]:[L850][vin2_src][C0] vpf_video_set_ichn_attr: done
Feb 13 09:40:28 localhost kernel: [   24.196911] [VPF ops]:[L1079][vin2_src][C0] vpf_video_get_struct_size: done
Feb 13 09:40:28 localhost kernel: [   24.196918] [L236][S0] ochn0 auto calc vstride 1280
Feb 13 09:40:28 localhost kernel: [   24.196922] [L160]vin_basic_attr->format:43
Feb 13 09:40:28 localhost kernel: [   24.196927] [L425][S0][ipi0][ochn0]cim_set_ochn_attr done
Feb 13 09:40:28 localhost kernel: [   24.196931] [CIM]:[L340][S0]cim_video_set_ochn_attr done ret val:0
Feb 13 09:40:28 localhost kernel: [   24.196934] [L652][S0]vin_node_set_ochn_attr done
Feb 13 09:40:28 localhost kernel: [   24.196938] [VIN_NODE]:[L364][C0]vin_node_video_set_ochn_attr done
Feb 13 09:40:28 localhost kernel: [   24.196941] [L975]VNODE_ID_CAP wstride 2176
Feb 13 09:40:28 localhost kernel: [   24.196944] [L977]VNODE_ID_CAP vstride 1280
Feb 13 09:40:28 localhost kernel: [   24.196947] [L981]vstride 1280  planecount 1 
Feb 13 09:40:28 localhost kernel: [   24.196950] [L1023][S0] vin_node_reqbufs done bit_map 0x1 planecount 1 
Feb 13 09:40:28 localhost kernel: [   24.196954] [VIN_NODE]:[L743][C0]vin_node_video_reqbufs done
Feb 13 09:40:28 localhost kernel: [   24.196964] [VPF ops]:[L1325][vin2_cap][C0] vpf_request_frames: reqbuf number 16
Feb 13 09:40:28 localhost kernel: [   24.196969] [VPF ops]:[L978][vin2_cap][C0] vpf_video_set_ochn_attr: done
Feb 13 09:40:28 localhost kernel: [   24.196976] [VPF ops]:[L1079][vin2_src][C0] vpf_video_get_struct_size: done
Feb 13 09:40:28 localhost kernel: [   24.196985] vin mipi2: snrclk set freq cmd
Feb 13 09:40:28 localhost kernel: [   24.196993] vin mipi2: sensor2_mclk set 24000000 as 24000000
Feb 13 09:40:28 localhost kernel: [   24.196998] vin mipi2: snrclk set en cmd
Feb 13 09:40:28 localhost kernel: [   24.197001] vin mipi2: snrclk set enable
Feb 13 09:40:28 localhost kernel: [   24.197011] [L517][S0]vin_node_set_attr_ex done
Feb 13 09:40:28 localhost kernel: [   24.197014] [VIN_NODE]:[L324][C0]vin_node_video_set_attr_ex done
Feb 13 09:40:28 localhost kernel: [   24.197018] [VPF ops]:[L763][vin2_src][C0] vpf_video_set_attr_ex: done
Feb 13 09:40:28 localhost kernel: [   24.197023] [L517][S0]vin_node_set_attr_ex done
Feb 13 09:40:28 localhost kernel: [   24.197026] [VIN_NODE]:[L324][C0]vin_node_video_set_attr_ex done
Feb 13 09:40:28 localhost kernel: [   24.197029] [VPF ops]:[L763][vin2_cap][C0] vpf_video_set_attr_ex: done
Feb 13 09:40:28 localhost kernel: [   24.197035] [L975]VNODE_ID_CAP wstride 2176
Feb 13 09:40:28 localhost kernel: [   24.197038] [L977]VNODE_ID_CAP vstride 1280
Feb 13 09:40:28 localhost kernel: [   24.197041] [L981]vstride 1280  planecount 1 
Feb 13 09:40:28 localhost kernel: [   24.197044] [L1023][S0] vin_node_reqbufs done bit_map 0x1 planecount 1 
Feb 13 09:40:28 localhost kernel: [   24.197048] [VIN_NODE]:[L743][C0]vin_node_video_reqbufs done
Feb 13 09:40:28 localhost kernel: [   24.197064] [VPF ops]:[L1325][vin2_cap][C0] vpf_request_frames: reqbuf number 3
Feb 13 09:40:28 localhost kernel: [   24.197171] [VPF ops]:[L1464][vin2_cap][C0] vpf_video_reqbufs: done
Feb 13 09:40:28 localhost kernel: [   24.197187] [VPF ops]:[L2066][vin2_cap][C0] vpf_video_querybuf: done
Feb 13 09:40:28 localhost kernel: [   24.197369] [VPF ops]:[L2066][vin2_cap][C0] vpf_video_querybuf: done
Feb 13 09:40:28 localhost kernel: [   24.197441] [VPF ops]:[L2066][vin2_cap][C0] vpf_video_querybuf: done
Feb 13 09:40:28 localhost kernel: [   24.197560] [VPF ops]:[L2575][vs-isp0_src] vpf_device_open: done
Feb 13 09:40:28 localhost kernel: [   24.197576] [VPF ops]:[L2575][vs-isp0_src_pd] vpf_device_open: done
Feb 13 09:40:28 localhost kernel: [   24.198827] [VPF ops]:[L2575][vs-isp0_cap] vpf_device_open: done
Feb 13 09:40:28 localhost kernel: [   24.198845] [VPF ops]:[L2575][vs-isp0_cap_raw] vpf_device_open: done
Feb 13 09:40:28 localhost kernel: [   24.198854] [VPF ops]:[L439][vs-isp0_src][C0] vpf_vctx_bind_vdev: done, ctx_index(0) refcount(1)
Feb 13 09:40:28 localhost kernel: [   24.198861] [VPF ops]:[L1875][vs-isp0_src][C0] vpf_video_bind_context: done
Feb 13 09:40:28 localhost kernel: [   24.198867] [VPF ops]:[L439][vs-isp0_src_pd][C0] vpf_vctx_bind_vdev: done, ctx_index(0) refcount(1)
Feb 13 09:40:28 localhost kernel: [   24.198872] [VPF ops]:[L1875][vs-isp0_src_pd][C0] vpf_video_bind_context: done
Feb 13 09:40:28 localhost kernel: [   24.198879] [VPF ops]:[L439][vs-isp0_cap][C0] vpf_vctx_bind_vdev: done, ctx_index(0) refcount(1)
Feb 13 09:40:28 localhost kernel: [   24.198883] [VPF ops]:[L1875][vs-isp0_cap][C0] vpf_video_bind_context: done
Feb 13 09:40:28 localhost kernel: [   24.198888] [VPF ops]:[L439][vs-isp0_cap_raw][C0] vpf_vctx_bind_vdev: done, ctx_index(0) refcount(1)
Feb 13 09:40:28 localhost kernel: [   24.198893] [VPF ops]:[L1875][vs-isp0_cap_raw][C0] vpf_video_bind_context: done
Feb 13 09:40:28 localhost kernel: [   24.198900] [VPF ops]:[L1079][vs-isp0_src][C0] vpf_video_get_struct_size: done
Feb 13 09:40:28 localhost kernel: [   24.198907] [VPF ops]:[L689][vs-isp0_cap][C0] vpf_video_set_init_attr: done
Feb 13 09:40:28 localhost kernel: [   24.225733] [VIO node]:[L104][isp0] vio_group_task_start: sched_mode 1
Feb 13 09:40:28 localhost kernel: [   24.225750] [VPF ops]:[L689][vs-isp0_src][C0] vpf_video_set_init_attr: done
Feb 13 09:40:28 localhost kernel: [   24.225765] [VPF ops]:[L689][vs-isp0_src_pd][C0] vpf_video_set_init_attr: done
Feb 13 09:40:28 localhost kernel: [   24.225771] [VPF ops]:[L689][vs-isp0_cap_raw][C0] vpf_video_set_init_attr: done
Feb 13 09:40:28 localhost kernel: [   24.225782] [VPF ops]:[L1079][vs-isp0_src][C0] vpf_video_get_struct_size: done
Feb 13 09:40:28 localhost kernel: [   24.225795] isp_set_ochn_attr format=6,width=1088,stride=1088,height=1280
Feb 13 09:40:28 localhost kernel: [   24.225871] isp_video_reqbufs done bit_map 0x1 planecount 2 vctx->id:8
Feb 13 09:40:28 localhost kernel: [   24.225896] [VPF ops]:[L1325][vs-isp0_cap][C0] vpf_request_frames: reqbuf number 16
Feb 13 09:40:28 localhost kernel: [   24.225902] [VPF ops]:[L978][vs-isp0_cap][C0] vpf_video_set_ochn_attr: done
Feb 13 09:40:28 localhost kernel: [   24.225912] [VPF ops]:[L1079][vs-isp0_src][C0] vpf_video_get_struct_size: done
Feb 13 09:40:28 localhost kernel: [   24.225920] isp_video_set_ichn_attr format=2,width=1088,stride=2176,height=1280,hdr_en=0
Feb 13 09:40:28 localhost kernel: [   24.225963] isp_video_reqbufs done bit_map 0x1 planecount 1 vctx->id:0
Feb 13 09:40:28 localhost kernel: [   24.225976] [VPF ops]:[L1325][vs-isp0_src][C0] vpf_request_frames: reqbuf number 16
Feb 13 09:40:28 localhost kernel: [   24.225981] [VPF ops]:[L850][vs-isp0_src][C0] vpf_video_set_ichn_attr: done
Feb 13 09:40:28 localhost kernel: [   24.225990] isp_video_reqbufs done bit_map 0x1 planecount 2 vctx->id:8
Feb 13 09:40:28 localhost kernel: [   24.226001] [VPF ops]:[L1325][vs-isp0_cap][C0] vpf_request_frames: reqbuf number 3
Feb 13 09:40:28 localhost kernel: [   24.226122] [VPF ops]:[L1464][vs-isp0_cap][C0] vpf_video_reqbufs: done
Feb 13 09:40:28 localhost kernel: [   24.226142] [VPF ops]:[L2066][vs-isp0_cap][C0] vpf_video_querybuf: done
Feb 13 09:40:28 localhost kernel: [   24.226291] [VPF ops]:[L2066][vs-isp0_cap][C0] vpf_video_querybuf: done
Feb 13 09:40:28 localhost kernel: [   24.226371] [VPF ops]:[L2066][vs-isp0_cap][C0] vpf_video_querybuf: done
Feb 13 09:40:28 localhost kernel: [   24.226458] [VPF ops]:[L2575][flow] vpf_device_open: done
Feb 13 09:40:28 localhost kernel: [   24.226470] [VPF ops]:[L1031][flow][C0] vpf_video_get_version: done
Feb 13 09:40:28 localhost kernel: [   24.226476] [VPF ops]:[L360][S2] vpf_bind_chain: bind done
Feb 13 09:40:28 localhost kernel: [   24.226489] [VPF ops]:[L2223][flow][C2] vpf_video_bind_pipeline: done
Feb 13 09:40:28 localhost kernel: [   24.226499] [VPF ops]:[L1685][vin2_src][S2][C0] vpf_chain_add_vnode: done
Feb 13 09:40:28 localhost kernel: [   24.226503] [VPF ops]:[L1825][vin2_src][C0] vpf_video_add_vnode: done
Feb 13 09:40:28 localhost kernel: [   24.226510] [VPF ops]:[L1685][vs-isp0_src][S2][C0] vpf_chain_add_vnode: done
Feb 13 09:40:28 localhost kernel: [   24.226514] [VPF ops]:[L1825][vs-isp0_src][C0] vpf_video_add_vnode: done
Feb 13 09:40:28 localhost kernel: [   24.226752] [CIM]:[L419][S0]cim_video_get_attr done ret val:0
Feb 13 09:40:28 localhost kernel: [   24.226761] vin vcon2: get attr valid bus7 rx2 done
Feb 13 09:40:28 localhost kernel: [   24.226766] [L306][S0]vin_node_get_attr done
Feb 13 09:40:28 localhost kernel: [   24.226771] [VIN_NODE]:[L286][C0]vin_node_video_get_attr done
Feb 13 09:40:28 localhost kernel: [   24.226913] vin sensor2: camera_init_req cmd: initing
Feb 13 09:40:28 localhost kernel: [   24.229751] vin mipi1: linelenth: 858, framelenth: 3150, fps: 10, ipiclk: 600000000, rx_bit_clk: 432000000
Feb 13 09:40:28 localhost kernel: [   24.229753] vin mipi0: linelenth: 858, framelenth: 3150, fps: 10, ipiclk: 600000000, rx_bit_clk: 432000000
Feb 13 09:40:28 localhost kernel: [   24.229762] vin mipi0: ipi config hsa: 4, hbp: 4, hsd: 98
Feb 13 09:40:28 localhost kernel: [   24.229766] vin mipi1: ipi config hsa: 4, hbp: 4, hsd: 98
Feb 13 09:40:28 localhost kernel: [   24.229769] vin mipi0: config 1/1 ipi done
Feb 13 09:40:28 localhost kernel: [   24.229772] vin mipi1: config 1/1 ipi done
Feb 13 09:40:28 localhost kernel: [   24.229775] vin mipi0: check phy stop state
Feb 13 09:40:28 localhost kernel: [   24.229776] vin mipi1: check phy stop state
Feb 13 09:40:28 localhost kernel: [   24.229784] [L587][S0]vin_node_set_internal_attr done
Feb 13 09:40:28 localhost kernel: [   24.229789] [VIN_NODE]:[L514][C0]vin_node_video_set_internal_attr done
Feb 13 09:40:28 localhost kernel: [   24.229795] [L1023][S0] vin_node_reqbufs done bit_map 0x1 planecount 0 
Feb 13 09:40:28 localhost kernel: [   24.229799] [VIN_NODE]:[L743][C0]vin_node_video_reqbufs done
Feb 13 09:40:28 localhost kernel: [   24.229803] [VPF ops]:[L1005][vin1_src][C0] vpf_video_set_inter_attr: done
Feb 13 09:40:28 localhost kernel: [   24.229917] [VPF chain]:[L279]vio_chain_path_show: [S1] vin1_C0*(dma)
Feb 13 09:40:28 localhost kernel: [   24.229926] [VPF ops]:[L632][vin1_cap][S1] vpf_prepare_buffers: done
Feb 13 09:40:28 localhost kernel: [   24.229931] [VPF ops]:[L1639][vin1_cap][S1][C0] vpf_video_start: done start_cnt 1
Feb 13 09:40:28 localhost kernel: [   24.229939] [L716][S0][ipi0]cim_subdev_start ddr_en and ochn request bufs
Feb 13 09:40:28 localhost kernel: [   24.229952] [L757][S1]cim_subdev_start
Feb 13 09:40:28 localhost kernel: [   24.229956] [CIM]:[L113][S0]cim_video_streamon done ret val:0
Feb 13 09:40:28 localhost kernel: [   24.229963] vin sensor1: sensor_evk_do: wait to doing
Feb 13 09:40:28 localhost kernel: [   24.230809] vin sensor1: sensor_evk_do: done to finish
Feb 13 09:40:28 localhost kernel: [   24.230818] vin sensor1: sensor_start  flow1 start done
Feb 13 09:40:28 localhost kernel: [   24.230822] vin vcon1: sensor1 start real done
Feb 13 09:40:28 localhost kernel: [   24.230830] vin mipi1: start cmd: 0 real
Feb 13 09:40:28 localhost kernel: [   24.230834] vin mipi1: check hs reception
Feb 13 09:40:28 localhost kernel: [   24.232787] [L587][S0]vin_node_set_internal_attr done
Feb 13 09:40:28 localhost kernel: [   24.232796] [VIN_NODE]:[L514][C0]vin_node_video_set_internal_attr done
Feb 13 09:40:28 localhost kernel: [   24.232802] [L1023][S0] vin_node_reqbufs done bit_map 0x1 planecount 0 
Feb 13 09:40:28 localhost kernel: [   24.232807] [VIN_NODE]:[L743][C0]vin_node_video_reqbufs done
Feb 13 09:40:28 localhost kernel: [   24.232811] [VPF ops]:[L1005][vin0_src][C0] vpf_video_set_inter_attr: done
Feb 13 09:40:28 localhost kernel: [   24.232849] [VPF chain]:[L279]vio_chain_path_show: [S0] vin0_C0*(dma)
Feb 13 09:40:28 localhost kernel: [   24.232862] [VPF ops]:[L632][vin0_cap][S0] vpf_prepare_buffers: done
Feb 13 09:40:28 localhost kernel: [   24.232867] [VPF ops]:[L1639][vin0_cap][S0][C0] vpf_video_start: done start_cnt 1
Feb 13 09:40:28 localhost kernel: [   24.232875] [L716][S0][ipi0]cim_subdev_start ddr_en and ochn request bufs
Feb 13 09:40:28 localhost kernel: [   24.232888] [L757][S0]cim_subdev_start
Feb 13 09:40:28 localhost kernel: [   24.232891] [CIM]:[L113][S0]cim_video_streamon done ret val:0
Feb 13 09:40:28 localhost kernel: [   24.232899] vin sensor0: sensor_evk_do: wait to doing
Feb 13 09:40:28 localhost kernel: [   24.233551] vin sensor0: sensor_evk_do: done to finish
Feb 13 09:40:28 localhost kernel: [   24.233557] vin sensor0: sensor_start  flow0 start done
Feb 13 09:40:28 localhost kernel: [   24.233561] vin vcon0: sensor0 start real done
Feb 13 09:40:28 localhost kernel: [   24.233566] vin mipi0: start cmd: 0 real
Feb 13 09:40:28 localhost kernel: [   24.233570] vin mipi0: check hs reception
Feb 13 09:40:28 localhost kernel: [   24.317599] vin mipi0: entry hs reception
Feb 13 09:40:28 localhost kernel: [   24.317629] [L1096][S0]vin_node_start done
Feb 13 09:40:28 localhost kernel: [   24.317635] [VIN_NODE]:[L546][C0]vin_node_video_streamon done
Feb 13 09:40:28 localhost kernel: [   24.317639] [VPF ops]:[L1639][vin0_src][S0][C0] vpf_video_start: done start_cnt 2
Feb 13 09:40:28 localhost kernel: [   24.397877] vin mipi1: entry hs reception
Feb 13 09:40:28 localhost kernel: [   24.397905] [L1096][S0]vin_node_start done
Feb 13 09:40:28 localhost kernel: [   24.397911] [VIN_NODE]:[L546][C0]vin_node_video_streamon done
Feb 13 09:40:28 localhost kernel: [   24.397915] [VPF ops]:[L1639][vin1_src][S1][C0] vpf_video_start: done start_cnt 2
Feb 13 09:40:29 localhost kernel: [   24.500266] vin sensor2: sc132gs open i2c7@0x32
Feb 13 09:40:29 localhost kernel: [   24.500289] vin sensor2: camera_tuning_update_param done
Feb 13 09:40:29 localhost kernel: [   24.500782] vin sensor2: camera_init_result cmd: done wake
Feb 13 09:40:29 localhost kernel: [   24.500858] vin sensor2: camera_set_intrinsic_param port 2 done
Feb 13 09:40:29 localhost kernel: [   24.500902] vin sensor2: sensor_attach flow2 ctx0 to sensor2 sc132gs
Feb 13 09:40:29 localhost kernel: [   24.500908] vin vcon2: flow2.ctx0 attach sensor2 done
Feb 13 09:40:29 localhost kernel: [   24.500914] vin vcon2: set internal attr attach done
Feb 13 09:40:29 localhost kernel: [   24.500929] vin mipi2: init cmd: 0 real
Feb 13 09:40:29 localhost kernel: [   24.500938] vin mipi2: 1 lane 1088x1280 30fps datatype 0x2b
Feb 13 09:40:29 localhost kernel: [   24.500945] vin mipi2: snrclk set disable
Feb 13 09:40:29 localhost kernel: [   24.500968] vin mipi2: ipiclk limit 21000000 up to 600000000
Feb 13 09:40:29 localhost kernel: [   24.500982] vin mipi2: ipiclk set 600000000 get 600000000
Feb 13 09:40:29 localhost kernel: [   24.500987] vin mipi2: dphy 1200Mbps/1lane: ppi 8bit settle 20
Feb 13 09:40:29 localhost kernel: [   24.501567] vin sensor2: sensor_evu_do: default to wait
Feb 13 09:40:29 localhost kernel: [   24.510225] vin sensor2: ctrl_mode set to user
Feb 13 09:40:29 localhost kernel: [   24.545663] vin mipi2: linelenth: 1400, framelenth: 1500, fps: 30, ipiclk: 600000000, rx_bit_clk: 1200000000
Feb 13 09:40:29 localhost kernel: [   24.545686] vin mipi2: ipi config hsa: 4, hbp: 4, hsd: 42
Feb 13 09:40:29 localhost kernel: [   24.545694] vin mipi2: config 1/1 ipi done
Feb 13 09:40:29 localhost kernel: [   24.545698] vin mipi2: check phy stop state
Feb 13 09:40:29 localhost kernel: [   24.550509] [L587][S0]vin_node_set_internal_attr done
Feb 13 09:40:29 localhost kernel: [   24.550525] [VIN_NODE]:[L514][C0]vin_node_video_set_internal_attr done
Feb 13 09:40:29 localhost kernel: [   24.550533] [L1023][S0] vin_node_reqbufs done bit_map 0x1 planecount 1 
Feb 13 09:40:29 localhost kernel: [   24.550538] [VIN_NODE]:[L743][C0]vin_node_video_reqbufs done
Feb 13 09:40:29 localhost kernel: [   24.550542] [VPF ops]:[L1005][vin2_src][C0] vpf_video_set_inter_attr: done
Feb 13 09:40:29 localhost kernel: [   24.550572] isp_video_set_inter_attr flow_id = 2, sensor_name = sc132gs, sensor_cali_name = /app/BestMow/startup_script/sensor_config/darktime/sc132gs_tuning_left.json
Feb 13 09:40:29 localhost kernel: [   24.614771] [VPF mgr]:[L478]empty_camsys_reset: empty function
Feb 13 09:40:29 localhost kernel: [   24.614790] [L1228]cim_open open_cnt :1
Feb 13 09:40:29 localhost kernel: [   24.614795] [CIM]:[L192][S0]cim_video_open done ret val:0
Feb 13 09:40:29 localhost kernel: [   24.614800] [L1227][S0]vin_node_open done
Feb 13 09:40:29 localhost kernel: [   24.614804] [VIN_NODE]:[L694][C0]vin_node_video_open done
Feb 13 09:40:29 localhost kernel: [   24.614808] [VPF ops]:[L2575][vin3_src] vpf_device_open: done
Feb 13 09:40:29 localhost kernel: [   24.614832] [L1228]cim_open open_cnt :2
Feb 13 09:40:29 localhost kernel: [   24.614837] [CIM]:[L192][S0]cim_video_open done ret val:0
Feb 13 09:40:29 localhost kernel: [   24.614841] [L1227][S0]vin_node_open done
Feb 13 09:40:29 localhost kernel: [   24.614844] [VIN_NODE]:[L694][C0]vin_node_video_open done
Feb 13 09:40:29 localhost kernel: [   24.614847] [VPF ops]:[L2575][vin3_cap] vpf_device_open: done
Feb 13 09:40:29 localhost kernel: [   24.614862] [L1228]cim_open open_cnt :3
Feb 13 09:40:29 localhost kernel: [   24.614866] [CIM]:[L192][S0]cim_video_open done ret val:0
Feb 13 09:40:29 localhost kernel: [   24.614869] [L1227][S0]vin_node_open done
Feb 13 09:40:29 localhost kernel: [   24.614873] [VIN_NODE]:[L694][C0]vin_node_video_open done
Feb 13 09:40:29 localhost kernel: [   24.614876] [VPF ops]:[L2575][vin3_emb] vpf_device_open: done
Feb 13 09:40:29 localhost kernel: [   24.614888] [L1228]cim_open open_cnt :4
Feb 13 09:40:29 localhost kernel: [   24.614891] [CIM]:[L192][S0]cim_video_open done ret val:0
Feb 13 09:40:29 localhost kernel: [   24.614895] [L1227][S0]vin_node_open done
Feb 13 09:40:29 localhost kernel: [   24.614898] [VIN_NODE]:[L694][C0]vin_node_video_open done
Feb 13 09:40:29 localhost kernel: [   24.614906] [VPF ops]:[L2575][vin3_pdaf] vpf_device_open: done
Feb 13 09:40:29 localhost kernel: [   24.614917] [VPF ops]:[L439][vin3_src][C0] vpf_vctx_bind_vdev: done, ctx_index(0) refcount(1)
Feb 13 09:40:29 localhost kernel: [   24.614925] [VPF ops]:[L1875][vin3_src][C0] vpf_video_bind_context: done
Feb 13 09:40:29 localhost kernel: [   24.614932] [VPF ops]:[L439][vin3_cap][C0] vpf_vctx_bind_vdev: done, ctx_index(0) refcount(1)
Feb 13 09:40:29 localhost kernel: [   24.614936] [VPF ops]:[L1875][vin3_cap][C0] vpf_video_bind_context: done
Feb 13 09:40:29 localhost kernel: [   24.614942] [VPF ops]:[L439][vin3_emb][C0] vpf_vctx_bind_vdev: done, ctx_index(0) refcount(1)
Feb 13 09:40:29 localhost kernel: [   24.614946] [VPF ops]:[L1875][vin3_emb][C0] vpf_video_bind_context: done
Feb 13 09:40:29 localhost kernel: [   24.614951] [VPF ops]:[L439][vin3_pdaf][C0] vpf_vctx_bind_vdev: done, ctx_index(0) refcount(1)
Feb 13 09:40:29 localhost kernel: [   24.614955] [VPF ops]:[L1875][vin3_pdaf][C0] vpf_video_bind_context: done
Feb 13 09:40:29 localhost kernel: [   24.614962] [VIN_NODE]:[L38]The vin node driver version is v1.1
Feb 13 09:40:29 localhost kernel: [   24.614965] [VPF ops]:[L1031][vin3_src][C0] vpf_video_get_version: done
Feb 13 09:40:29 localhost kernel: [   24.614979] [VPF ops]:[L1079][vin3_src][C0] vpf_video_get_struct_size: done
Feb 13 09:40:29 localhost kernel: [   24.614992] [CIM]:[L247][C0]cim_video_set_attr done ret val:0
Feb 13 09:40:29 localhost kernel: [   24.614996] [L423][C0] vin_node_set_attr ipi 0 done
Feb 13 09:40:29 localhost kernel: [   24.615000] [VIN_NODE]:[L239][C0]vin_node_video_set_attr done
Feb 13 09:40:29 localhost kernel: [   24.615004] [VPF ops]:[L689][vin3_cap][C0] vpf_video_set_init_attr: done
Feb 13 09:40:29 localhost kernel: [   24.615013] vin vcon3: vcon3 open 0: flow65535 ctx0 real
Feb 13 09:40:29 localhost kernel: [   24.615019] [L624][S65535][C0][ipi0]cim_subdev_init hw_id = 3
Feb 13 09:40:29 localhost kernel: [   24.615024] [CIM]:[L247][C0]cim_video_set_attr done ret val:0
Feb 13 09:40:29 localhost kernel: [   24.615030] vin vcon3: get attr valid bus7 rx3 done
Feb 13 09:40:29 localhost kernel: [   24.615035] [L423][C0] vin_node_set_attr ipi 0 done
Feb 13 09:40:29 localhost kernel: [   24.615038] [VIN_NODE]:[L239][C0]vin_node_video_set_attr done
Feb 13 09:40:29 localhost kernel: [   24.615041] [VIO node]:[L104][vin3] vio_group_task_start: sched_mode 1
Feb 13 09:40:29 localhost kernel: [   24.615045] [VPF ops]:[L689][vin3_src][C0] vpf_video_set_init_attr: done
Feb 13 09:40:29 localhost kernel: [   24.615051] [CIM]:[L247][C0]cim_video_set_attr done ret val:0
Feb 13 09:40:29 localhost kernel: [   24.615054] [L423][C0] vin_node_set_attr ipi 0 done
Feb 13 09:40:29 localhost kernel: [   24.615058] [VIN_NODE]:[L239][C0]vin_node_video_set_attr done
Feb 13 09:40:29 localhost kernel: [   24.615061] [VPF ops]:[L689][vin3_emb][C0] vpf_video_set_init_attr: done
Feb 13 09:40:29 localhost kernel: [   24.615066] [CIM]:[L247][C0]cim_video_set_attr done ret val:0
Feb 13 09:40:29 localhost kernel: [   24.615069] [L423][C0] vin_node_set_attr ipi 0 done
Feb 13 09:40:29 localhost kernel: [   24.615076] [VIN_NODE]:[L239][C0]vin_node_video_set_attr done
Feb 13 09:40:29 localhost kernel: [   24.615079] [VPF ops]:[L689][vin3_pdaf][C0] vpf_video_set_init_attr: done
Feb 13 09:40:29 localhost kernel: [   24.615085] [VPF ops]:[L1079][vin3_src][C0] vpf_video_get_struct_size: done
Feb 13 09:40:29 localhost kernel: [   24.615093] [L709][S65535] vin_node_set_ichn_attr begin format 43 width 1088 
Feb 13 09:40:29 localhost kernel: [   24.615101] [L527][S0][ipi0]cim_set_ichn_attr done
Feb 13 09:40:29 localhost kernel: [   24.615105] [CIM]:[L309][S0]cim_video_set_ichn_attr done ret val:0
Feb 13 09:40:29 localhost kernel: [   24.615109] [L724][S0]vin_node_set_ichn_attr done
Feb 13 09:40:29 localhost kernel: [   24.615112] [VIN_NODE]:[L427][C0]vin_node_video_set_ichn_attr done
Feb 13 09:40:29 localhost kernel: [   24.615117] [L1023][S0] vin_node_reqbufs done bit_map 0x1 planecount 1 
Feb 13 09:40:29 localhost kernel: [   24.615122] [VIN_NODE]:[L743][C0]vin_node_video_reqbufs done
Feb 13 09:40:29 localhost kernel: [   24.615142] [VPF ops]:[L1193][F0] vpf_fill_frame_info: L0 use width instead of wstride
Feb 13 09:40:29 localhost kernel: [   24.615147] [VPF ops]:[L1197][F0] vpf_fill_frame_info: L0 use height instead of vstride
Feb 13 09:40:29 localhost kernel: [   24.615152] [VPF ops]:[L1193][F1] vpf_fill_frame_info: L0 use width instead of wstride
Feb 13 09:40:29 localhost kernel: [   24.615159] [VPF ops]:[L1197][F1] vpf_fill_frame_info: L0 use height instead of vstride
Feb 13 09:40:29 localhost kernel: [   24.615163] [VPF ops]:[L1193][F2] vpf_fill_frame_info: L0 use width instead of wstride
Feb 13 09:40:29 localhost kernel: [   24.615167] [VPF ops]:[L1197][F2] vpf_fill_frame_info: L0 use height instead of vstride
Feb 13 09:40:29 localhost kernel: [   24.615171] [VPF ops]:[L1193][F3] vpf_fill_frame_info: L0 use width instead of wstride
Feb 13 09:40:29 localhost kernel: [   24.615174] [VPF ops]:[L1197][F3] vpf_fill_frame_info: L0 use height instead of vstride
Feb 13 09:40:29 localhost kernel: [   24.615178] [VPF ops]:[L1193][F4] vpf_fill_frame_info: L0 use width instead of wstride
Feb 13 09:40:29 localhost kernel: [   24.615182] [VPF ops]:[L1197][F4] vpf_fill_frame_info: L0 use height instead of vstride
Feb 13 09:40:29 localhost kernel: [   24.615186] [VPF ops]:[L1193][F5] vpf_fill_frame_info: L0 use width instead of wstride
Feb 13 09:40:29 localhost kernel: [   24.615189] [VPF ops]:[L1197][F5] vpf_fill_frame_info: L0 use height instead of vstride
Feb 13 09:40:29 localhost kernel: [   24.615193] [VPF ops]:[L1193][F6] vpf_fill_frame_info: L0 use width instead of wstride
Feb 13 09:40:29 localhost kernel: [   24.615196] [VPF ops]:[L1197][F6] vpf_fill_frame_info: L0 use height instead of vstride
Feb 13 09:40:29 localhost kernel: [   24.615200] [VPF ops]:[L1193][F7] vpf_fill_frame_info: L0 use width instead of wstride
Feb 13 09:40:29 localhost kernel: [   24.615203] [VPF ops]:[L1197][F7] vpf_fill_frame_info: L0 use height instead of vstride
Feb 13 09:40:29 localhost kernel: [   24.615207] [VPF ops]:[L1193][F8] vpf_fill_frame_info: L0 use width instead of wstride
Feb 13 09:40:29 localhost kernel: [   24.615211] [VPF ops]:[L1197][F8] vpf_fill_frame_info: L0 use height instead of vstride
Feb 13 09:40:29 localhost kernel: [   24.615215] [VPF ops]:[L1193][F9] vpf_fill_frame_info: L0 use width instead of wstride
Feb 13 09:40:29 localhost kernel: [   24.615219] [VPF ops]:[L1197][F9] vpf_fill_frame_info: L0 use height instead of vstride
Feb 13 09:40:29 localhost kernel: [   24.615223] [VPF ops]:[L1193][F10] vpf_fill_frame_info: L0 use width instead of wstride
Feb 13 09:40:29 localhost kernel: [   24.615226] [VPF ops]:[L1197][F10] vpf_fill_frame_info: L0 use height instead of vstride
Feb 13 09:40:29 localhost kernel: [   24.615230] [VPF ops]:[L1193][F11] vpf_fill_frame_info: L0 use width instead of wstride
Feb 13 09:40:29 localhost kernel: [   24.615233] [VPF ops]:[L1197][F11] vpf_fill_frame_info: L0 use height instead of vstride
Feb 13 09:40:29 localhost kernel: [   24.615237] [VPF ops]:[L1193][F12] vpf_fill_frame_info: L0 use width instead of wstride
Feb 13 09:40:29 localhost kernel: [   24.615243] [VPF ops]:[L1197][F12] vpf_fill_frame_info: L0 use height instead of vstride
Feb 13 09:40:29 localhost kernel: [   24.615248] [VPF ops]:[L1193][F13] vpf_fill_frame_info: L0 use width instead of wstride
Feb 13 09:40:29 localhost kernel: [   24.615251] [VPF ops]:[L1197][F13] vpf_fill_frame_info: L0 use height instead of vstride
Feb 13 09:40:29 localhost kernel: [   24.615255] [VPF ops]:[L1193][F14] vpf_fill_frame_info: L0 use width instead of wstride
Feb 13 09:40:29 localhost kernel: [   24.615259] [VPF ops]:[L1197][F14] vpf_fill_frame_info: L0 use height instead of vstride
Feb 13 09:40:29 localhost kernel: [   24.615262] [VPF ops]:[L1193][F15] vpf_fill_frame_info: L0 use width instead of wstride
Feb 13 09:40:29 localhost kernel: [   24.615266] [VPF ops]:[L1197][F15] vpf_fill_frame_info: L0 use height instead of vstride
Feb 13 09:40:29 localhost kernel: [   24.615270] [VPF ops]:[L1325][vin3_src][C0] vpf_request_frames: reqbuf number 16
Feb 13 09:40:29 localhost kernel: [   24.615275] [VPF ops]:[L850][vin3_src][C0] vpf_video_set_ichn_attr: done
Feb 13 09:40:29 localhost kernel: [   24.615285] [VPF ops]:[L1079][vin3_src][C0] vpf_video_get_struct_size: done
Feb 13 09:40:29 localhost kernel: [   24.615294] [L236][S0] ochn0 auto calc vstride 1280
Feb 13 09:40:29 localhost kernel: [   24.615300] [L160]vin_basic_attr->format:43
Feb 13 09:40:29 localhost kernel: [   24.615305] [L425][S0][ipi0][ochn0]cim_set_ochn_attr done
Feb 13 09:40:29 localhost kernel: [   24.615309] [CIM]:[L340][S0]cim_video_set_ochn_attr done ret val:0
Feb 13 09:40:29 localhost kernel: [   24.615313] [L652][S0]vin_node_set_ochn_attr done
Feb 13 09:40:29 localhost kernel: [   24.615316] [VIN_NODE]:[L364][C0]vin_node_video_set_ochn_attr done
Feb 13 09:40:29 localhost kernel: [   24.615321] [L975]VNODE_ID_CAP wstride 2176
Feb 13 09:40:29 localhost kernel: [   24.615326] [L977]VNODE_ID_CAP vstride 1280
Feb 13 09:40:29 localhost kernel: [   24.615330] [L981]vstride 1280  planecount 1 
Feb 13 09:40:29 localhost kernel: [   24.615333] [L1023][S0] vin_node_reqbufs done bit_map 0x1 planecount 1 
Feb 13 09:40:29 localhost kernel: [   24.615338] [VIN_NODE]:[L743][C0]vin_node_video_reqbufs done
Feb 13 09:40:29 localhost kernel: [   24.615351] [VPF ops]:[L1325][vin3_cap][C0] vpf_request_frames: reqbuf number 16
Feb 13 09:40:29 localhost kernel: [   24.615357] [VPF ops]:[L978][vin3_cap][C0] vpf_video_set_ochn_attr: done
Feb 13 09:40:29 localhost kernel: [   24.615367] [VPF ops]:[L1079][vin3_src][C0] vpf_video_get_struct_size: done
Feb 13 09:40:29 localhost kernel: [   24.615382] vin mipi3: snrclk set freq cmd
Feb 13 09:40:29 localhost kernel: [   24.615399] vin mipi3: sensor3_mclk set 24000000 as 24000000
Feb 13 09:40:29 localhost kernel: [   24.615405] vin mipi3: snrclk set en cmd
Feb 13 09:40:29 localhost kernel: [   24.615412] vin mipi3: snrclk set enable
Feb 13 09:40:29 localhost kernel: [   24.615445] [L517][S0]vin_node_set_attr_ex done
Feb 13 09:40:29 localhost kernel: [   24.615450] [VIN_NODE]:[L324][C0]vin_node_video_set_attr_ex done
Feb 13 09:40:29 localhost kernel: [   24.615454] [VPF ops]:[L763][vin3_src][C0] vpf_video_set_attr_ex: done
Feb 13 09:40:29 localhost kernel: [   24.615460] [L517][S0]vin_node_set_attr_ex done
Feb 13 09:40:29 localhost kernel: [   24.615464] [VIN_NODE]:[L324][C0]vin_node_video_set_attr_ex done
Feb 13 09:40:29 localhost kernel: [   24.615467] [VPF ops]:[L763][vin3_cap][C0] vpf_video_set_attr_ex: done
Feb 13 09:40:29 localhost kernel: [   24.615476] [L975]VNODE_ID_CAP wstride 2176
Feb 13 09:40:29 localhost kernel: [   24.615479] [L977]VNODE_ID_CAP vstride 1280
Feb 13 09:40:29 localhost kernel: [   24.615483] [L981]vstride 1280  planecount 1 
Feb 13 09:40:29 localhost kernel: [   24.615487] [L1023][S0] vin_node_reqbufs done bit_map 0x1 planecount 1 
Feb 13 09:40:29 localhost kernel: [   24.615491] [VIN_NODE]:[L743][C0]vin_node_video_reqbufs done
Feb 13 09:40:29 localhost kernel: [   24.615504] [VPF ops]:[L1325][vin3_cap][C0] vpf_request_frames: reqbuf number 3
Feb 13 09:40:29 localhost kernel: [   24.615648] [VPF ops]:[L1464][vin3_cap][C0] vpf_video_reqbufs: done
Feb 13 09:40:29 localhost kernel: [   24.615676] [VPF ops]:[L2066][vin3_cap][C0] vpf_video_querybuf: done
Feb 13 09:40:29 localhost kernel: [   24.615983] [VPF ops]:[L2066][vin3_cap][C0] vpf_video_querybuf: done
Feb 13 09:40:29 localhost kernel: [   24.616157] [VPF ops]:[L2066][vin3_cap][C0] vpf_video_querybuf: done
Feb 13 09:40:29 localhost kernel: [   24.616316] [VPF ops]:[L2575][vs-isp0_src] vpf_device_open: done
Feb 13 09:40:29 localhost kernel: [   24.616342] [VPF ops]:[L2575][vs-isp0_src_pd] vpf_device_open: done
Feb 13 09:40:29 localhost kernel: [   24.616359] [VPF ops]:[L2575][vs-isp0_cap] vpf_device_open: done
Feb 13 09:40:29 localhost kernel: [   24.616373] [VPF ops]:[L2575][vs-isp0_cap_raw] vpf_device_open: done
Feb 13 09:40:29 localhost kernel: [   24.616382] [VPF ops]:[L439][vs-isp0_src][C1] vpf_vctx_bind_vdev: done, ctx_index(0) refcount(1)
Feb 13 09:40:29 localhost kernel: [   24.616390] [VPF ops]:[L1875][vs-isp0_src][C1] vpf_video_bind_context: done
Feb 13 09:40:29 localhost kernel: [   24.616396] [VPF ops]:[L439][vs-isp0_src_pd][C1] vpf_vctx_bind_vdev: done, ctx_index(0) refcount(1)
Feb 13 09:40:29 localhost kernel: [   24.616401] [VPF ops]:[L1875][vs-isp0_src_pd][C1] vpf_video_bind_context: done
Feb 13 09:40:29 localhost kernel: [   24.616406] [VPF ops]:[L439][vs-isp0_cap][C1] vpf_vctx_bind_vdev: done, ctx_index(0) refcount(1)
Feb 13 09:40:29 localhost kernel: [   24.616410] [VPF ops]:[L1875][vs-isp0_cap][C1] vpf_video_bind_context: done
Feb 13 09:40:29 localhost kernel: [   24.616416] [VPF ops]:[L439][vs-isp0_cap_raw][C1] vpf_vctx_bind_vdev: done, ctx_index(0) refcount(1)
Feb 13 09:40:29 localhost kernel: [   24.616420] [VPF ops]:[L1875][vs-isp0_cap_raw][C1] vpf_video_bind_context: done
Feb 13 09:40:29 localhost kernel: [   24.616430] [VPF ops]:[L1079][vs-isp0_src][C1] vpf_video_get_struct_size: done
Feb 13 09:40:29 localhost kernel: [   24.616439] [VPF ops]:[L689][vs-isp0_cap][C1] vpf_video_set_init_attr: done
Feb 13 09:40:29 localhost kernel: [   24.713208] dw-apb-uart 34080000.serial: failed to request DMA
Feb 13 09:40:29 localhost kernel: [   24.829247] dw-apb-uart 34090000.serial: failed to request DMA
Feb 13 09:40:29 localhost kernel: [   24.885716] ctx_id 0, inst id 0, sensor /app/BestMow/startup_script/sensor_config/darktime/sc132gs_tuning_left.json
Feb 13 09:40:29 localhost kernel: [   24.885744] isp_video_reqbufs done bit_map 0x1 planecount 1 vctx->id:0
Feb 13 09:40:29 localhost kernel: [   24.885750] [VPF ops]:[L1005][vs-isp0_src][C0] vpf_video_set_inter_attr: done
Feb 13 09:40:29 localhost kernel: [   24.885919] [L899][S0][V8] vin_node chn_attr format(24) slod_id(0) width(1088) height(1280) wstride(2176) vstride(1280)
Feb 13 09:40:29 localhost kernel: [   24.885930] isp_allow_bind online_mode=0,bind_type=3
Feb 13 09:40:29 localhost kernel: [   24.885961] [VPF ops]:[L319][S2] vpf_bind_vnode: vin2_cap bind_type(3) vs-isp0_src
Feb 13 09:40:29 localhost kernel: [   24.885967] [VPF ops]:[L2258][flow][C2] vpf_video_bind_vnode: done
Feb 13 09:40:29 localhost kernel: [   24.885984] [VPF chain]:[L279]vio_chain_path_show: [S2] vin2_C0*(dma)-m2m-isp0_C0
Feb 13 09:40:29 localhost kernel: [   24.885997] [VPF ops]:[L632][vs-isp0_cap][S2] vpf_prepare_buffers: done
Feb 13 09:40:29 localhost kernel: [   24.886005] isp_video_streamon inst: 0, set isp state to STARTED
Feb 13 09:40:29 localhost kernel: [   24.888348] [VPF ops]:[L689][vs-isp0_src][C1] vpf_video_set_init_attr: done
Feb 13 09:40:29 localhost kernel: [   24.888382] [VPF ops]:[L689][vs-isp0_src_pd][C1] vpf_video_set_init_attr: done
Feb 13 09:40:29 localhost kernel: [   24.888390] [VPF ops]:[L689][vs-isp0_cap_raw][C1] vpf_video_set_init_attr: done
Feb 13 09:40:29 localhost kernel: [   24.888403] [VPF ops]:[L1079][vs-isp0_src][C1] vpf_video_get_struct_size: done
Feb 13 09:40:29 localhost kernel: [   24.888418] isp_set_ochn_attr format=6,width=1088,stride=1088,height=1280
Feb 13 09:40:29 localhost kernel: [   24.891431] [VPF ops]:[L1639][vs-isp0_cap][S2][C0] vpf_video_start: done start_cnt 1
Feb 13 09:40:29 localhost kernel: [   24.891445] isp_video_reqbufs done bit_map 0x1 planecount 2 vctx->id:8
Feb 13 09:40:29 localhost kernel: [   24.891460] [VPF ops]:[L1639][vs-isp0_src][S2][C0] vpf_video_start: done start_cnt 2
Feb 13 09:40:29 localhost kernel: [   24.891467] [VPF ops]:[L1325][vs-isp0_cap][C1] vpf_request_frames: reqbuf number 16
Feb 13 09:40:29 localhost kernel: [   24.891474] [VPF ops]:[L978][vs-isp0_cap][C1] vpf_video_set_ochn_attr: done
Feb 13 09:40:29 localhost kernel: [   24.891483] [VPF ops]:[L632][vin2_cap][S2] vpf_prepare_buffers: done
Feb 13 09:40:29 localhost kernel: [   24.891489] [VPF ops]:[L1639][vin2_cap][S2][C0] vpf_video_start: done start_cnt 1
Feb 13 09:40:29 localhost kernel: [   24.891494] [VPF ops]:[L1079][vs-isp0_src][C1] vpf_video_get_struct_size: done
Feb 13 09:40:29 localhost kernel: [   24.891498] [L716][S0][ipi0]cim_subdev_start ddr_en and ochn request bufs
Feb 13 09:40:29 localhost kernel: [   24.891503] isp_video_set_ichn_attr format=2,width=1088,stride=2176,height=1280,hdr_en=0
Feb 13 09:40:29 localhost kernel: [   24.891514] [L757][S2]cim_subdev_start
Feb 13 09:40:29 localhost kernel: [   24.891518] [CIM]:[L113][S0]cim_video_streamon done ret val:0
Feb 13 09:40:29 localhost kernel: [   24.891528] vin sensor2: sensor_evk_do: wait to doing
Feb 13 09:40:29 localhost kernel: [   24.891568] isp_video_reqbufs done bit_map 0x1 planecount 1 vctx->id:0
Feb 13 09:40:29 localhost kernel: [   24.891592] [VPF ops]:[L1325][vs-isp0_src][C1] vpf_request_frames: reqbuf number 16
Feb 13 09:40:29 localhost kernel: [   24.891598] [VPF ops]:[L850][vs-isp0_src][C1] vpf_video_set_ichn_attr: done
Feb 13 09:40:29 localhost kernel: [   24.891609] isp_video_reqbufs done bit_map 0x1 planecount 2 vctx->id:8
Feb 13 09:40:29 localhost kernel: [   24.891621] [VPF ops]:[L1325][vs-isp0_cap][C1] vpf_request_frames: reqbuf number 3
Feb 13 09:40:29 localhost kernel: [   24.891752] [VPF ops]:[L1464][vs-isp0_cap][C1] vpf_video_reqbufs: done
Feb 13 09:40:29 localhost kernel: [   24.891789] [VPF ops]:[L2066][vs-isp0_cap][C1] vpf_video_querybuf: done
Feb 13 09:40:29 localhost kernel: [   24.891992] vin sensor2: sensor_evk_do: done to finish
Feb 13 09:40:29 localhost kernel: [   24.892003] vin sensor2: sensor_start sc132gs flow2 start done
Feb 13 09:40:29 localhost kernel: [   24.892008] vin vcon2: sensor2 start real done
Feb 13 09:40:29 localhost kernel: [   24.892017] vin mipi2: start cmd: 0 real
Feb 13 09:40:29 localhost kernel: [   24.892020] [VPF ops]:[L2066][vs-isp0_cap][C1] vpf_video_querybuf: done
Feb 13 09:40:29 localhost kernel: [   24.892022] vin mipi2: check hs reception
Feb 13 09:40:29 localhost kernel: [   24.892136] [VPF ops]:[L2066][vs-isp0_cap][C1] vpf_video_querybuf: done
Feb 13 09:40:29 localhost kernel: [   24.892260] [VPF ops]:[L2575][flow] vpf_device_open: done
Feb 13 09:40:29 localhost kernel: [   24.892272] [VPF ops]:[L1031][flow][C0] vpf_video_get_version: done
Feb 13 09:40:29 localhost kernel: [   24.892280] [VPF ops]:[L360][S3] vpf_bind_chain: bind done
Feb 13 09:40:29 localhost kernel: [   24.892293] [VPF ops]:[L2223][flow][C3] vpf_video_bind_pipeline: done
Feb 13 09:40:29 localhost kernel: [   24.892304] [VPF ops]:[L1685][vin3_src][S3][C0] vpf_chain_add_vnode: done
Feb 13 09:40:29 localhost kernel: [   24.892309] [VPF ops]:[L1825][vin3_src][C0] vpf_video_add_vnode: done
Feb 13 09:40:29 localhost kernel: [   24.892317] [VPF ops]:[L1685][vs-isp0_src][S3][C1] vpf_chain_add_vnode: done
Feb 13 09:40:29 localhost kernel: [   24.892321] [VPF ops]:[L1825][vs-isp0_src][C1] vpf_video_add_vnode: done
Feb 13 09:40:29 localhost kernel: [   24.892527] [CIM]:[L419][S0]cim_video_get_attr done ret val:0
Feb 13 09:40:29 localhost kernel: [   24.892537] vin vcon3: get attr valid bus7 rx3 done
Feb 13 09:40:29 localhost kernel: [   24.892541] [L306][S0]vin_node_get_attr done
Feb 13 09:40:29 localhost kernel: [   24.892546] [VIN_NODE]:[L286][C0]vin_node_video_get_attr done
Feb 13 09:40:29 localhost kernel: [   24.892673] vin sensor3: camera_init_req cmd: initing
Feb 13 09:40:29 localhost kernel: [   24.915456] vin mipi2: entry hs reception
Feb 13 09:40:29 localhost kernel: [   24.915488] [L1096][S0]vin_node_start done
Feb 13 09:40:29 localhost kernel: [   24.915493] [VIN_NODE]:[L546][C0]vin_node_video_streamon done
Feb 13 09:40:29 localhost kernel: [   24.915498] [VPF ops]:[L1639][vin2_src][S2][C0] vpf_video_start: done start_cnt 2
Feb 13 09:40:29 localhost kernel: [   25.158913] vin sensor3: sc132gs open i2c7@0x33
Feb 13 09:40:29 localhost kernel: [   25.158934] vin sensor3: camera_tuning_update_param done
Feb 13 09:40:29 localhost kernel: [   25.159191] vin sensor3: ctrl_mode set to user
Feb 13 09:40:29 localhost kernel: [   25.159246] vin sensor3: camera_init_result cmd: done wake
Feb 13 09:40:29 localhost kernel: [   25.159267] vin sensor3: sensor_evu_do: default to wait
Feb 13 09:40:29 localhost kernel: [   25.159296] vin sensor3: camera_set_intrinsic_param port 3 done
Feb 13 09:40:29 localhost kernel: [   25.159334] vin sensor3: sensor_attach flow3 ctx0 to sensor3 sc132gs
Feb 13 09:40:29 localhost kernel: [   25.159341] vin vcon3: flow3.ctx0 attach sensor3 done
Feb 13 09:40:29 localhost kernel: [   25.159345] vin vcon3: set internal attr attach done
Feb 13 09:40:29 localhost kernel: [   25.159359] vin mipi3: init cmd: 0 real
Feb 13 09:40:29 localhost kernel: [   25.159368] vin mipi3: 1 lane 1088x1280 30fps datatype 0x2b
Feb 13 09:40:29 localhost kernel: [   25.159374] vin mipi3: snrclk set disable
Feb 13 09:40:29 localhost kernel: [   25.159400] vin mipi3: ipiclk limit 21000000 up to 600000000
Feb 13 09:40:29 localhost kernel: [   25.159416] vin mipi3: ipiclk set 600000000 get 600000000
Feb 13 09:40:29 localhost kernel: [   25.159420] vin mipi3: dphy 1200Mbps/1lane: ppi 8bit settle 20
Feb 13 09:40:29 localhost kernel: [   25.192452] vin mipi3: linelenth: 1400, framelenth: 1500, fps: 30, ipiclk: 600000000, rx_bit_clk: 1200000000
Feb 13 09:40:29 localhost kernel: [   25.192471] vin mipi3: ipi config hsa: 4, hbp: 4, hsd: 42
Feb 13 09:40:29 localhost kernel: [   25.192479] vin mipi3: config 1/1 ipi done
Feb 13 09:40:29 localhost kernel: [   25.192483] vin mipi3: check phy stop state
Feb 13 09:40:29 localhost kernel: [   25.192491] [L587][S0]vin_node_set_internal_attr done
Feb 13 09:40:29 localhost kernel: [   25.192496] [VIN_NODE]:[L514][C0]vin_node_video_set_internal_attr done
Feb 13 09:40:29 localhost kernel: [   25.192503] [L1023][S0] vin_node_reqbufs done bit_map 0x1 planecount 1 
Feb 13 09:40:29 localhost kernel: [   25.192507] [VIN_NODE]:[L743][C0]vin_node_video_reqbufs done
Feb 13 09:40:29 localhost kernel: [   25.192511] [VPF ops]:[L1005][vin3_src][C0] vpf_video_set_inter_attr: done
Feb 13 09:40:29 localhost kernel: [   25.192531] isp_video_set_inter_attr flow_id = 3, sensor_name = sc132gs, sensor_cali_name = /app/BestMow/startup_script/sensor_config/darktime/sc132gs_tuning_right.json
Feb 13 09:40:30 localhost kernel: [   25.474851] ctx_id 1, inst id 1, sensor /app/BestMow/startup_script/sensor_config/darktime/sc132gs_tuning_right.json
Feb 13 09:40:30 localhost kernel: [   25.474875] isp_video_reqbufs done bit_map 0x1 planecount 1 vctx->id:0
Feb 13 09:40:30 localhost kernel: [   25.474881] [VPF ops]:[L1005][vs-isp0_src][C1] vpf_video_set_inter_attr: done
Feb 13 09:40:30 localhost kernel: [   25.474932] [L899][S0][V8] vin_node chn_attr format(24) slod_id(0) width(1088) height(1280) wstride(2176) vstride(1280)
Feb 13 09:40:30 localhost kernel: [   25.474940] isp_allow_bind online_mode=0,bind_type=3
Feb 13 09:40:30 localhost kernel: [   25.474972] [VPF ops]:[L319][S3] vpf_bind_vnode: vin3_cap bind_type(3) vs-isp0_src
Feb 13 09:40:30 localhost kernel: [   25.474978] [VPF ops]:[L2258][flow][C3] vpf_video_bind_vnode: done
Feb 13 09:40:30 localhost kernel: [   25.474992] [VPF chain]:[L279]vio_chain_path_show: [S3] vin3_C0*(dma)-m2m-isp0_C1
Feb 13 09:40:30 localhost kernel: [   25.475001] [VPF ops]:[L632][vs-isp0_cap][S3] vpf_prepare_buffers: done
Feb 13 09:40:30 localhost kernel: [   25.475007] isp_video_streamon inst: 1, set isp state to STARTED
Feb 13 09:40:30 localhost kernel: [   25.477132] [VPF ops]:[L1639][vs-isp0_cap][S3][C1] vpf_video_start: done start_cnt 1
Feb 13 09:40:30 localhost kernel: [   25.477149] [VPF ops]:[L1639][vs-isp0_src][S3][C1] vpf_video_start: done start_cnt 2
Feb 13 09:40:30 localhost kernel: [   25.477161] [VPF ops]:[L632][vin3_cap][S3] vpf_prepare_buffers: done
Feb 13 09:40:30 localhost kernel: [   25.477166] [VPF ops]:[L1639][vin3_cap][S3][C0] vpf_video_start: done start_cnt 1
Feb 13 09:40:30 localhost kernel: [   25.477175] [L716][S0][ipi0]cim_subdev_start ddr_en and ochn request bufs
Feb 13 09:40:30 localhost kernel: [   25.477189] [L757][S3]cim_subdev_start
Feb 13 09:40:30 localhost kernel: [   25.477193] [CIM]:[L113][S0]cim_video_streamon done ret val:0
Feb 13 09:40:30 localhost kernel: [   25.477201] vin sensor3: sensor_evk_do: wait to doing
Feb 13 09:40:30 localhost kernel: [   25.477643] vin sensor3: sensor_evk_do: done to finish
Feb 13 09:40:30 localhost kernel: [   25.477649] vin sensor3: sensor_start sc132gs flow3 start done
Feb 13 09:40:30 localhost kernel: [   25.477653] vin vcon3: sensor3 start real done
Feb 13 09:40:30 localhost kernel: [   25.477661] vin mipi3: start cmd: 0 real
Feb 13 09:40:30 localhost kernel: [   25.477666] vin mipi3: check hs reception
Feb 13 09:40:30 localhost kernel: [   25.498676] vin mipi3: entry hs reception
Feb 13 09:40:30 localhost kernel: [   25.498695] [L1096][S0]vin_node_start done
Feb 13 09:40:30 localhost kernel: [   25.498700] [VIN_NODE]:[L546][C0]vin_node_video_streamon done
Feb 13 09:40:30 localhost kernel: [   25.498704] [VPF ops]:[L1639][vin3_src][S3][C0] vpf_video_start: done start_cnt 2
Feb 13 09:40:31 localhost kernel: [   27.130839] hobot_jpu_dev: [JPUDRV]jpu_alloc_instance_id:1821: [-]JDI_IOCTL_ALLOCATE_INSTANCE_ID id = 0, current_pid=2133, tgid=1898
Feb 13 09:40:31 localhost kernel: [   27.144171] hobot_jpu_dev: [JPUDRV]jpu_alloc_instance_id:1821: [-]JDI_IOCTL_ALLOCATE_INSTANCE_ID id = 1, current_pid=2133, tgid=1898
Feb 13 09:40:31 localhost kernel: [   27.149018] [GDC ops]:[L87][gdc0_src][C0] gdc_subdev_open: cnt 1
Feb 13 09:40:31 localhost kernel: [   27.149039] [VPF ops]:[L2575][gdc0_src] vpf_device_open: done
Feb 13 09:40:31 localhost kernel: [   27.149058] [GDC ops]:[L87][gdc0_cap][C0] gdc_subdev_open: cnt 2
Feb 13 09:40:31 localhost kernel: [   27.149064] [VPF ops]:[L2575][gdc0_cap] vpf_device_open: done
Feb 13 09:40:31 localhost kernel: [   27.149073] [VPF ops]:[L1031][gdc0_src][C0] vpf_video_get_version: done
Feb 13 09:40:31 localhost kernel: [   27.149081] [VPF ops]:[L439][gdc0_src][C0] vpf_vctx_bind_vdev: done, ctx_index(0) refcount(1)
Feb 13 09:40:31 localhost kernel: [   27.149089] [VPF ops]:[L1875][gdc0_src][C0] vpf_video_bind_context: done
Feb 13 09:40:31 localhost kernel: [   27.149094] [VPF ops]:[L439][gdc0_cap][C0] vpf_vctx_bind_vdev: done, ctx_index(0) refcount(1)
Feb 13 09:40:31 localhost kernel: [   27.149099] [VPF ops]:[L1875][gdc0_cap][C0] vpf_video_bind_context: done
Feb 13 09:40:31 localhost kernel: [   27.149132] [VPF ops]:[L1079][gdc0_src][C0] vpf_video_get_struct_size: done
Feb 13 09:40:31 localhost kernel: [   27.149139] [VPF ops]:[L689][gdc0_cap][C0] vpf_video_set_init_attr: done
Feb 13 09:40:31 localhost kernel: [   27.149167] [VIO node]:[L104][gdc0] vio_group_task_start: sched_mode 1
Feb 13 09:40:31 localhost kernel: [   27.149172] [VPF ops]:[L689][gdc0_src][C0] vpf_video_set_init_attr: done
Feb 13 09:40:31 localhost kernel: [   27.149191] [VPF ops]:[L1079][gdc0_src][C0] vpf_video_get_struct_size: done
Feb 13 09:40:31 localhost kernel: [   27.149212] [VPF ops]:[L1325][gdc0_src][C0] vpf_request_frames: reqbuf number 16
Feb 13 09:40:31 localhost kernel: [   27.149218] [VPF ops]:[L850][gdc0_src][C0] vpf_video_set_ichn_attr: done
Feb 13 09:40:31 localhost kernel: [   27.149237] [VPF ops]:[L1079][gdc0_src][C0] vpf_video_get_struct_size: done
Feb 13 09:40:31 localhost kernel: [   27.149252] [VPF ops]:[L1325][gdc0_cap][C0] vpf_request_frames: reqbuf number 16
Feb 13 09:40:31 localhost kernel: [   27.149258] [VPF ops]:[L978][gdc0_cap][C0] vpf_video_set_ochn_attr: done
Feb 13 09:40:31 localhost kernel: [   27.149282] [VPF ops]:[L1325][gdc0_cap][C0] vpf_request_frames: reqbuf number 3
Feb 13 09:40:31 localhost kernel: [   27.149413] [VPF ops]:[L1464][gdc0_cap][C0] vpf_video_reqbufs: done
Feb 13 09:40:31 localhost kernel: [   27.149433] [VPF ops]:[L2066][gdc0_cap][C0] vpf_video_querybuf: done
Feb 13 09:40:31 localhost kernel: [   27.149602] [VPF ops]:[L2066][gdc0_cap][C0] vpf_video_querybuf: done
Feb 13 09:40:31 localhost kernel: [   27.149704] [VPF ops]:[L2066][gdc0_cap][C0] vpf_video_querybuf: done
Feb 13 09:40:31 localhost kernel: [   27.149852] [VPF ops]:[L2575][flow] vpf_device_open: done
Feb 13 09:40:31 localhost kernel: [   27.149867] [VPF ops]:[L1031][flow][C0] vpf_video_get_version: done
Feb 13 09:40:31 localhost kernel: [   27.149874] [VPF ops]:[L360][S4] vpf_bind_chain: bind done
Feb 13 09:40:31 localhost kernel: [   27.149888] [VPF ops]:[L2223][flow][C4] vpf_video_bind_pipeline: done
Feb 13 09:40:31 localhost kernel: [   27.149923] [VPF ops]:[L1685][gdc0_src][S4][C0] vpf_chain_add_vnode: done
Feb 13 09:40:31 localhost kernel: [   27.149928] [VPF ops]:[L1825][gdc0_src][C0] vpf_video_add_vnode: done
Feb 13 09:40:31 localhost kernel: [   27.149953] [VPF chain]:[L279]vio_chain_path_show: [S4] gdc0_C0
Feb 13 09:40:31 localhost kernel: [   27.149962] [VPF ops]:[L632][gdc0_cap][S4] vpf_prepare_buffers: done
Feb 13 09:40:31 localhost kernel: [   27.150020] [GDC dev]:[L398][gdc0_cap][S4][C0] gdc_video_streamon leader 0
Feb 13 09:40:31 localhost kernel: [   27.150026] [VPF ops]:[L1639][gdc0_cap][S4][C0] vpf_video_start: done start_cnt 1
Feb 13 09:40:31 localhost kernel: [   27.150034] [GDC dev]:[L398][gdc0_src][S4][C0] gdc_video_streamon leader 1
Feb 13 09:40:31 localhost kernel: [   27.150039] [VPF ops]:[L1639][gdc0_src][S4][C0] vpf_video_start: done start_cnt 2
Feb 13 09:40:31 localhost kernel: [   27.150281] [GDC ops]:[L87][gdc0_src][C0] gdc_subdev_open: cnt 3
Feb 13 09:40:31 localhost kernel: [   27.150289] [VPF ops]:[L2575][gdc0_src] vpf_device_open: done
Feb 13 09:40:31 localhost kernel: [   27.150305] [GDC ops]:[L87][gdc0_cap][C0] gdc_subdev_open: cnt 4
Feb 13 09:40:31 localhost kernel: [   27.150310] [VPF ops]:[L2575][gdc0_cap] vpf_device_open: done
Feb 13 09:40:31 localhost kernel: [   27.150317] [VPF ops]:[L1031][gdc0_src][C0] vpf_video_get_version: done
Feb 13 09:40:31 localhost kernel: [   27.150325] [VPF ops]:[L439][gdc0_src][C1] vpf_vctx_bind_vdev: done, ctx_index(0) refcount(1)
Feb 13 09:40:31 localhost kernel: [   27.150332] [VPF ops]:[L1875][gdc0_src][C1] vpf_video_bind_context: done
Feb 13 09:40:31 localhost kernel: [   27.150338] [VPF ops]:[L439][gdc0_cap][C1] vpf_vctx_bind_vdev: done, ctx_index(0) refcount(1)
Feb 13 09:40:31 localhost kernel: [   27.150342] [VPF ops]:[L1875][gdc0_cap][C1] vpf_video_bind_context: done
Feb 13 09:40:31 localhost kernel: [   27.156050] [VPF ops]:[L1079][gdc0_src][C1] vpf_video_get_struct_size: done
Feb 13 09:40:31 localhost kernel: [   27.156078] [VPF ops]:[L689][gdc0_cap][C1] vpf_video_set_init_attr: done
Feb 13 09:40:31 localhost kernel: [   27.156109] [VPF ops]:[L689][gdc0_src][C1] vpf_video_set_init_attr: done
Feb 13 09:40:31 localhost kernel: [   27.156116] [VPF ops]:[L1079][gdc0_src][C1] vpf_video_get_struct_size: done
Feb 13 09:40:31 localhost kernel: [   27.156137] [VPF ops]:[L1325][gdc0_src][C1] vpf_request_frames: reqbuf number 16
Feb 13 09:40:31 localhost kernel: [   27.156144] [VPF ops]:[L850][gdc0_src][C1] vpf_video_set_ichn_attr: done
Feb 13 09:40:31 localhost kernel: [   27.156150] [VPF ops]:[L1079][gdc0_src][C1] vpf_video_get_struct_size: done
Feb 13 09:40:31 localhost kernel: [   27.156164] [VPF ops]:[L1325][gdc0_cap][C1] vpf_request_frames: reqbuf number 16
Feb 13 09:40:31 localhost kernel: [   27.156170] [VPF ops]:[L978][gdc0_cap][C1] vpf_video_set_ochn_attr: done
Feb 13 09:40:31 localhost kernel: [   27.156182] [VPF ops]:[L1325][gdc0_cap][C1] vpf_request_frames: reqbuf number 3
Feb 13 09:40:31 localhost kernel: [   27.156356] [VPF ops]:[L1464][gdc0_cap][C1] vpf_video_reqbufs: done
Feb 13 09:40:31 localhost kernel: [   27.156382] [VPF ops]:[L2066][gdc0_cap][C1] vpf_video_querybuf: done
Feb 13 09:40:31 localhost kernel: [   27.156611] [VPF ops]:[L2066][gdc0_cap][C1] vpf_video_querybuf: done
Feb 13 09:40:31 localhost kernel: [   27.156713] [VPF ops]:[L2066][gdc0_cap][C1] vpf_video_querybuf: done
Feb 13 09:40:31 localhost kernel: [   27.157094] [VPF ops]:[L2575][flow] vpf_device_open: done
Feb 13 09:40:31 localhost kernel: [   27.157117] [VPF ops]:[L1031][flow][C0] vpf_video_get_version: done
Feb 13 09:40:31 localhost kernel: [   27.157125] [VPF ops]:[L360][S5] vpf_bind_chain: bind done
Feb 13 09:40:31 localhost kernel: [   27.157141] [VPF ops]:[L2223][flow][C5] vpf_video_bind_pipeline: done
Feb 13 09:40:31 localhost kernel: [   27.157154] [VPF ops]:[L1685][gdc0_src][S5][C1] vpf_chain_add_vnode: done
Feb 13 09:40:31 localhost kernel: [   27.157159] [VPF ops]:[L1825][gdc0_src][C1] vpf_video_add_vnode: done
Feb 13 09:40:31 localhost kernel: [   27.157172] [VPF chain]:[L279]vio_chain_path_show: [S5] gdc0_C1
Feb 13 09:40:31 localhost kernel: [   27.157180] [VPF ops]:[L632][gdc0_cap][S5] vpf_prepare_buffers: done
Feb 13 09:40:31 localhost kernel: [   27.157186] [GDC dev]:[L398][gdc0_cap][S5][C1] gdc_video_streamon leader 0
Feb 13 09:40:31 localhost kernel: [   27.157191] [VPF ops]:[L1639][gdc0_cap][S5][C1] vpf_video_start: done start_cnt 1
Feb 13 09:40:31 localhost kernel: [   27.157198] [GDC dev]:[L398][gdc0_src][S5][C1] gdc_video_streamon leader 1
Feb 13 09:40:31 localhost kernel: [   27.157203] [VPF ops]:[L1639][gdc0_src][S5][C1] vpf_video_start: done start_cnt 2
Feb 13 09:40:31 localhost kernel: [   27.157563] [VPF ops]:[L2575][vs-vse0_src] vpf_device_open: done
Feb 13 09:40:31 localhost kernel: [   27.157602] [VPF ops]:[L2575][vs-vse0_cap0] vpf_device_open: done
Feb 13 09:40:31 localhost kernel: [   27.157617] [VPF ops]:[L2575][vs-vse0_cap1] vpf_device_open: done
Feb 13 09:40:31 localhost kernel: [   27.157629] [VPF ops]:[L2575][vs-vse0_cap2] vpf_device_open: done
Feb 13 09:40:31 localhost kernel: [   27.157642] [VPF ops]:[L2575][vs-vse0_cap3] vpf_device_open: done
Feb 13 09:40:31 localhost kernel: [   27.157653] [VPF ops]:[L2575][vs-vse0_cap4] vpf_device_open: done
Feb 13 09:40:31 localhost kernel: [   27.157671] [VPF ops]:[L2575][vs-vse0_cap5] vpf_device_open: done
Feb 13 09:40:31 localhost kernel: [   27.157681] [VPF ops]:[L439][vs-vse0_src][C0] vpf_vctx_bind_vdev: done, ctx_index(0) refcount(1)
Feb 13 09:40:31 localhost kernel: [   27.157689] [VPF ops]:[L1875][vs-vse0_src][C0] vpf_video_bind_context: done
Feb 13 09:40:31 localhost kernel: [   27.157696] [VPF ops]:[L439][vs-vse0_cap0][C0] vpf_vctx_bind_vdev: done, ctx_index(0) refcount(1)
Feb 13 09:40:31 localhost kernel: [   27.157700] [VPF ops]:[L1875][vs-vse0_cap0][C0] vpf_video_bind_context: done
Feb 13 09:40:31 localhost kernel: [   27.157705] [VPF ops]:[L439][vs-vse0_cap1][C0] vpf_vctx_bind_vdev: done, ctx_index(0) refcount(1)
Feb 13 09:40:31 localhost kernel: [   27.157710] [VPF ops]:[L1875][vs-vse0_cap1][C0] vpf_video_bind_context: done
Feb 13 09:40:31 localhost kernel: [   27.157715] [VPF ops]:[L439][vs-vse0_cap2][C0] vpf_vctx_bind_vdev: done, ctx_index(0) refcount(1)
Feb 13 09:40:31 localhost kernel: [   27.157719] [VPF ops]:[L1875][vs-vse0_cap2][C0] vpf_video_bind_context: done
Feb 13 09:40:31 localhost kernel: [   27.157724] [VPF ops]:[L439][vs-vse0_cap3][C0] vpf_vctx_bind_vdev: done, ctx_index(0) refcount(1)
Feb 13 09:40:31 localhost kernel: [   27.157729] [VPF ops]:[L1875][vs-vse0_cap3][C0] vpf_video_bind_context: done
Feb 13 09:40:31 localhost kernel: [   27.157734] [VPF ops]:[L439][vs-vse0_cap4][C0] vpf_vctx_bind_vdev: done, ctx_index(0) refcount(1)
Feb 13 09:40:31 localhost kernel: [   27.157738] [VPF ops]:[L1875][vs-vse0_cap4][C0] vpf_video_bind_context: done
Feb 13 09:40:31 localhost kernel: [   27.157743] [VPF ops]:[L439][vs-vse0_cap5][C0] vpf_vctx_bind_vdev: done, ctx_index(0) refcount(1)
Feb 13 09:40:31 localhost kernel: [   27.157748] [VPF ops]:[L1875][vs-vse0_cap5][C0] vpf_video_bind_context: done
Feb 13 09:40:31 localhost kernel: [   27.157763] [VPF ops]:[L1079][vs-vse0_src][C0] vpf_video_get_struct_size: done
Feb 13 09:40:31 localhost kernel: [   27.157771] [VPF ops]:[L689][vs-vse0_cap0][C0] vpf_video_set_init_attr: done
Feb 13 09:40:31 localhost kernel: [   27.157777] vse_video_set_cfg set vse state to INITED
Feb 13 09:40:31 localhost kernel: [   27.160304] [VIO node]:[L104][vse0] vio_group_task_start: sched_mode 1
Feb 13 09:40:31 localhost kernel: [   27.160319] [VPF ops]:[L689][vs-vse0_src][C0] vpf_video_set_init_attr: done
Feb 13 09:40:31 localhost kernel: [   27.160334] [VPF ops]:[L689][vs-vse0_cap1][C0] vpf_video_set_init_attr: done
Feb 13 09:40:31 localhost kernel: [   27.160340] [VPF ops]:[L689][vs-vse0_cap2][C0] vpf_video_set_init_attr: done
Feb 13 09:40:31 localhost kernel: [   27.160346] [VPF ops]:[L689][vs-vse0_cap3][C0] vpf_video_set_init_attr: done
Feb 13 09:40:31 localhost kernel: [   27.160352] [VPF ops]:[L689][vs-vse0_cap4][C0] vpf_video_set_init_attr: done
Feb 13 09:40:31 localhost kernel: [   27.160358] [VPF ops]:[L689][vs-vse0_cap5][C0] vpf_video_set_init_attr: done
Feb 13 09:40:31 localhost kernel: [   27.160370] [VPF ops]:[L1079][vs-vse0_src][C0] vpf_video_get_struct_size: done
Feb 13 09:40:31 localhost kernel: [   27.160382] vse_video_set_ichn_attr format=6,width=1088,stride=1088,height=1280
Feb 13 09:40:31 localhost kernel: [   27.161889] vse_video_reqbufs done bit_map 0x1 planecount 2
Feb 13 09:40:31 localhost kernel: [   27.161921] [VPF ops]:[L1325][vs-vse0_src][C0] vpf_request_frames: reqbuf number 16
Feb 13 09:40:31 localhost kernel: [   27.161928] [VPF ops]:[L850][vs-vse0_src][C0] vpf_video_set_ichn_attr: done
Feb 13 09:40:31 localhost kernel: [   27.162153] [VPF ops]:[L1079][vs-vse0_src][C0] vpf_video_get_struct_size: done
Feb 13 09:40:31 localhost kernel: [   27.162169] vse_video_set_ochn_attr vctx->ctx_id=0,vctx->id=8
Feb 13 09:40:31 localhost kernel: [   27.162175] vse_video_set_ochn_attr ochn_id=0,format=6,width=480,stride=480,height=640
Feb 13 09:40:31 localhost kernel: [   27.163686] [vse_drv]: vse_set_fps_rate: vse-0 chn-0, fps.src 30, fps.dst 30
Feb 13 09:40:31 localhost kernel: [   27.163704] vse_video_reqbufs done bit_map 0x1 planecount 2
Feb 13 09:40:31 localhost kernel: [   27.163735] [VPF ops]:[L1325][vs-vse0_cap0][C0] vpf_request_frames: reqbuf number 16
Feb 13 09:40:31 localhost kernel: [   27.163741] [VPF ops]:[L978][vs-vse0_cap0][C0] vpf_video_set_ochn_attr: done
Feb 13 09:40:31 localhost kernel: [   27.163767] vse_video_reqbufs done bit_map 0x1 planecount 2
Feb 13 09:40:31 localhost kernel: [   27.163778] [VPF ops]:[L1325][vs-vse0_cap0][C0] vpf_request_frames: reqbuf number 3
Feb 13 09:40:31 localhost kernel: [   27.163909] [VPF ops]:[L1464][vs-vse0_cap0][C0] vpf_video_reqbufs: done
Feb 13 09:40:31 localhost kernel: [   27.163933] [VPF ops]:[L2066][vs-vse0_cap0][C0] vpf_video_querybuf: done
Feb 13 09:40:31 localhost kernel: [   27.164126] [VPF ops]:[L2066][vs-vse0_cap0][C0] vpf_video_querybuf: done
Feb 13 09:40:31 localhost kernel: [   27.164212] [VPF ops]:[L2066][vs-vse0_cap0][C0] vpf_video_querybuf: done
Feb 13 09:40:31 localhost kernel: [   27.164382] [VPF chain]:[L250]vio_chain_path_show: feedback independent mode
Feb 13 09:40:31 localhost kernel: [   27.164391] [VPF ops]:[L632][vs-vse0_cap0][S65535] vpf_prepare_buffers: done
Feb 13 09:40:31 localhost kernel: [   27.164397] [VPF ops]:[L1639][vs-vse0_cap0][S65535][C0] vpf_video_start: done start_cnt 1
Feb 13 09:40:31 localhost kernel: [   27.164405] [VPF chain]:[L250]vio_chain_path_show: feedback independent mode
Feb 13 09:40:31 localhost kernel: [   27.164422] vse_video_streamon ctx.sink_online_en=0
Feb 13 09:40:31 localhost kernel: [   27.166011] [VPF ops]:[L1639][vs-vse0_src][S65535][C0] vpf_video_start: done start_cnt 2
Feb 13 09:40:31 localhost kernel: [   27.179479] hobot_jpu_dev: [JPUDRV]jpu_open_instance:1573: [-]JDI_IOCTL_OPEN_INSTANCE inst_idx=0, s_jpu_open_ref_count=1, inst_open_count=2, current_pid=2411, tgid=1898
Feb 13 09:40:31 localhost kernel: [   27.185827] hobot_jpu_dev: [JPUDRV]jpu_open_instance:1573: [-]JDI_IOCTL_OPEN_INSTANCE inst_idx=1, s_jpu_open_ref_count=2, inst_open_count=2, current_pid=2414, tgid=1898
Feb 13 09:40:32 localhost kernel: [   27.755635] hobot_jpu_dev: [JPUDRV]jpu_alloc_instance_id:1821: [-]JDI_IOCTL_ALLOCATE_INSTANCE_ID id = 2, current_pid=2127, tgid=1898
Feb 13 09:40:32 localhost kernel: [   27.758438] hobot_jpu_dev: [JPUDRV]jpu_alloc_instance_id:1821: [-]JDI_IOCTL_ALLOCATE_INSTANCE_ID id = 3, current_pid=2127, tgid=1898
Feb 13 09:40:32 localhost kernel: [   27.771042] [GDC ops]:[L87][gdc0_src][C0] gdc_subdev_open: cnt 5
Feb 13 09:40:32 localhost kernel: [   27.771066] [VPF ops]:[L2575][gdc0_src] vpf_device_open: done
Feb 13 09:40:32 localhost kernel: [   27.771085] [GDC ops]:[L87][gdc0_cap][C0] gdc_subdev_open: cnt 6
Feb 13 09:40:32 localhost kernel: [   27.771090] [VPF ops]:[L2575][gdc0_cap] vpf_device_open: done
Feb 13 09:40:32 localhost kernel: [   27.771098] [VPF ops]:[L1031][gdc0_src][C0] vpf_video_get_version: done
Feb 13 09:40:32 localhost kernel: [   27.771109] [VPF ops]:[L439][gdc0_src][C2] vpf_vctx_bind_vdev: done, ctx_index(0) refcount(1)
Feb 13 09:40:32 localhost kernel: [   27.771117] [VPF ops]:[L1875][gdc0_src][C2] vpf_video_bind_context: done
Feb 13 09:40:32 localhost kernel: [   27.771122] [VPF ops]:[L439][gdc0_cap][C2] vpf_vctx_bind_vdev: done, ctx_index(0) refcount(1)
Feb 13 09:40:32 localhost kernel: [   27.771127] [VPF ops]:[L1875][gdc0_cap][C2] vpf_video_bind_context: done
Feb 13 09:40:32 localhost kernel: [   27.771137] [VPF ops]:[L1079][gdc0_src][C2] vpf_video_get_struct_size: done
Feb 13 09:40:32 localhost kernel: [   27.771144] [VPF ops]:[L689][gdc0_cap][C2] vpf_video_set_init_attr: done
Feb 13 09:40:32 localhost kernel: [   27.771169] [VPF ops]:[L689][gdc0_src][C2] vpf_video_set_init_attr: done
Feb 13 09:40:32 localhost kernel: [   27.771175] [VPF ops]:[L1079][gdc0_src][C2] vpf_video_get_struct_size: done
Feb 13 09:40:32 localhost kernel: [   27.771198] [VPF ops]:[L1325][gdc0_src][C2] vpf_request_frames: reqbuf number 16
Feb 13 09:40:32 localhost kernel: [   27.771204] [VPF ops]:[L850][gdc0_src][C2] vpf_video_set_ichn_attr: done
Feb 13 09:40:32 localhost kernel: [   27.771211] [VPF ops]:[L1079][gdc0_src][C2] vpf_video_get_struct_size: done
Feb 13 09:40:32 localhost kernel: [   27.771282] [VPF ops]:[L1325][gdc0_cap][C2] vpf_request_frames: reqbuf number 16
Feb 13 09:40:32 localhost kernel: [   27.771291] [VPF ops]:[L978][gdc0_cap][C2] vpf_video_set_ochn_attr: done
Feb 13 09:40:32 localhost kernel: [   27.771308] [VPF ops]:[L1325][gdc0_cap][C2] vpf_request_frames: reqbuf number 3
Feb 13 09:40:32 localhost kernel: [   27.771447] [VPF ops]:[L1464][gdc0_cap][C2] vpf_video_reqbufs: done
Feb 13 09:40:32 localhost kernel: [   27.771469] [VPF ops]:[L2066][gdc0_cap][C2] vpf_video_querybuf: done
Feb 13 09:40:32 localhost kernel: [   27.771680] [VPF ops]:[L2066][gdc0_cap][C2] vpf_video_querybuf: done
Feb 13 09:40:32 localhost kernel: [   27.774848] [VPF ops]:[L2066][gdc0_cap][C2] vpf_video_querybuf: done
Feb 13 09:40:32 localhost kernel: [   27.774985] [VPF ops]:[L2575][flow] vpf_device_open: done
Feb 13 09:40:32 localhost kernel: [   27.775002] [VPF ops]:[L1031][flow][C0] vpf_video_get_version: done
Feb 13 09:40:32 localhost kernel: [   27.775011] [VPF ops]:[L360][S6] vpf_bind_chain: bind done
Feb 13 09:40:32 localhost kernel: [   27.775026] [VPF ops]:[L2223][flow][C6] vpf_video_bind_pipeline: done
Feb 13 09:40:32 localhost kernel: [   27.775038] [VPF ops]:[L1685][gdc0_src][S6][C2] vpf_chain_add_vnode: done
Feb 13 09:40:32 localhost kernel: [   27.775042] [VPF ops]:[L1825][gdc0_src][C2] vpf_video_add_vnode: done
Feb 13 09:40:32 localhost kernel: [   27.775055] [VPF chain]:[L279]vio_chain_path_show: [S6] gdc0_C2
Feb 13 09:40:32 localhost kernel: [   27.775063] [VPF ops]:[L632][gdc0_cap][S6] vpf_prepare_buffers: done
Feb 13 09:40:32 localhost kernel: [   27.775070] [GDC dev]:[L398][gdc0_cap][S6][C2] gdc_video_streamon leader 0
Feb 13 09:40:32 localhost kernel: [   27.775075] [VPF ops]:[L1639][gdc0_cap][S6][C2] vpf_video_start: done start_cnt 1
Feb 13 09:40:32 localhost kernel: [   27.775082] [GDC dev]:[L398][gdc0_src][S6][C2] gdc_video_streamon leader 1
Feb 13 09:40:32 localhost kernel: [   27.775086] [VPF ops]:[L1639][gdc0_src][S6][C2] vpf_video_start: done start_cnt 2
Feb 13 09:40:32 localhost kernel: [   27.775430] [GDC ops]:[L87][gdc0_src][C0] gdc_subdev_open: cnt 7
Feb 13 09:40:32 localhost kernel: [   27.775441] [VPF ops]:[L2575][gdc0_src] vpf_device_open: done
Feb 13 09:40:32 localhost kernel: [   27.775458] [GDC ops]:[L87][gdc0_cap][C0] gdc_subdev_open: cnt 8
Feb 13 09:40:32 localhost kernel: [   27.775462] [VPF ops]:[L2575][gdc0_cap] vpf_device_open: done
Feb 13 09:40:32 localhost kernel: [   27.775470] [VPF ops]:[L1031][gdc0_src][C0] vpf_video_get_version: done
Feb 13 09:40:32 localhost kernel: [   27.775481] [VPF ops]:[L439][gdc0_src][C3] vpf_vctx_bind_vdev: done, ctx_index(0) refcount(1)
Feb 13 09:40:32 localhost kernel: [   27.775489] [VPF ops]:[L1875][gdc0_src][C3] vpf_video_bind_context: done
Feb 13 09:40:32 localhost kernel: [   27.775494] [VPF ops]:[L439][gdc0_cap][C3] vpf_vctx_bind_vdev: done, ctx_index(0) refcount(1)
Feb 13 09:40:32 localhost kernel: [   27.775499] [VPF ops]:[L1875][gdc0_cap][C3] vpf_video_bind_context: done
Feb 13 09:40:32 localhost kernel: [   27.776253] hobot_jpu_dev: [JPUDRV]jpu_open_instance:1573: [-]JDI_IOCTL_OPEN_INSTANCE inst_idx=2, s_jpu_open_ref_count=3, inst_open_count=4, current_pid=2456, tgid=1898
Feb 13 09:40:32 localhost kernel: [   27.783740] hobot_jpu_dev: [JPUDRV]jpu_open_instance:1573: [-]JDI_IOCTL_OPEN_INSTANCE inst_idx=3, s_jpu_open_ref_count=4, inst_open_count=4, current_pid=2459, tgid=1898
Feb 13 09:40:32 localhost kernel: [   27.784939] [VPF ops]:[L1079][gdc0_src][C3] vpf_video_get_struct_size: done
Feb 13 09:40:32 localhost kernel: [   27.784966] [VPF ops]:[L689][gdc0_cap][C3] vpf_video_set_init_attr: done
Feb 13 09:40:32 localhost kernel: [   27.784996] [VPF ops]:[L689][gdc0_src][C3] vpf_video_set_init_attr: done
Feb 13 09:40:32 localhost kernel: [   27.785004] [VPF ops]:[L1079][gdc0_src][C3] vpf_video_get_struct_size: done
Feb 13 09:40:32 localhost kernel: [   27.785023] [VPF ops]:[L1325][gdc0_src][C3] vpf_request_frames: reqbuf number 16
Feb 13 09:40:32 localhost kernel: [   27.785030] [VPF ops]:[L850][gdc0_src][C3] vpf_video_set_ichn_attr: done
Feb 13 09:40:32 localhost kernel: [   27.785037] [VPF ops]:[L1079][gdc0_src][C3] vpf_video_get_struct_size: done
Feb 13 09:40:32 localhost kernel: [   27.785050] [VPF ops]:[L1325][gdc0_cap][C3] vpf_request_frames: reqbuf number 16
Feb 13 09:40:32 localhost kernel: [   27.785055] [VPF ops]:[L978][gdc0_cap][C3] vpf_video_set_ochn_attr: done
Feb 13 09:40:32 localhost kernel: [   27.785074] [VPF ops]:[L1325][gdc0_cap][C3] vpf_request_frames: reqbuf number 3
Feb 13 09:40:32 localhost kernel: [   27.785226] [VPF ops]:[L1464][gdc0_cap][C3] vpf_video_reqbufs: done
Feb 13 09:40:32 localhost kernel: [   27.785247] [VPF ops]:[L2066][gdc0_cap][C3] vpf_video_querybuf: done
Feb 13 09:40:32 localhost kernel: [   27.785414] [VPF ops]:[L2066][gdc0_cap][C3] vpf_video_querybuf: done
Feb 13 09:40:32 localhost kernel: [   27.785507] [VPF ops]:[L2066][gdc0_cap][C3] vpf_video_querybuf: done
Feb 13 09:40:32 localhost kernel: [   27.785852] [VPF ops]:[L2575][flow] vpf_device_open: done
Feb 13 09:40:32 localhost kernel: [   27.785873] [VPF ops]:[L1031][flow][C0] vpf_video_get_version: done
Feb 13 09:40:32 localhost kernel: [   27.785882] [VPF ops]:[L360][S7] vpf_bind_chain: bind done
Feb 13 09:40:32 localhost kernel: [   27.785897] [VPF ops]:[L2223][flow][C7] vpf_video_bind_pipeline: done
Feb 13 09:40:32 localhost kernel: [   27.785910] [VPF ops]:[L1685][gdc0_src][S7][C3] vpf_chain_add_vnode: done
Feb 13 09:40:32 localhost kernel: [   27.785915] [VPF ops]:[L1825][gdc0_src][C3] vpf_video_add_vnode: done
Feb 13 09:40:32 localhost kernel: [   27.785927] [VPF chain]:[L279]vio_chain_path_show: [S7] gdc0_C3
Feb 13 09:40:32 localhost kernel: [   27.785935] [VPF ops]:[L632][gdc0_cap][S7] vpf_prepare_buffers: done
Feb 13 09:40:32 localhost kernel: [   27.785941] [GDC dev]:[L398][gdc0_cap][S7][C3] gdc_video_streamon leader 0
Feb 13 09:40:32 localhost kernel: [   27.785946] [VPF ops]:[L1639][gdc0_cap][S7][C3] vpf_video_start: done start_cnt 1
Feb 13 09:40:32 localhost kernel: [   27.785953] [GDC dev]:[L398][gdc0_src][S7][C3] gdc_video_streamon leader 1
Feb 13 09:40:32 localhost kernel: [   27.785957] [VPF ops]:[L1639][gdc0_src][S7][C3] vpf_video_start: done start_cnt 2
Feb 13 09:40:32 localhost kernel: [   27.786104] [VPF ops]:[L2575][vs-vse0_src] vpf_device_open: done
Feb 13 09:40:32 localhost kernel: [   27.786125] [VPF ops]:[L2575][vs-vse0_cap0] vpf_device_open: done
Feb 13 09:40:32 localhost kernel: [   27.786140] [VPF ops]:[L2575][vs-vse0_cap1] vpf_device_open: done
Feb 13 09:40:32 localhost kernel: [   27.786157] [VPF ops]:[L2575][vs-vse0_cap2] vpf_device_open: done
Feb 13 09:40:32 localhost kernel: [   27.786170] [VPF ops]:[L2575][vs-vse0_cap3] vpf_device_open: done
Feb 13 09:40:32 localhost kernel: [   27.786181] [VPF ops]:[L2575][vs-vse0_cap4] vpf_device_open: done
Feb 13 09:40:32 localhost kernel: [   27.786192] [VPF ops]:[L2575][vs-vse0_cap5] vpf_device_open: done
Feb 13 09:40:32 localhost kernel: [   27.786201] [VPF ops]:[L439][vs-vse0_src][C1] vpf_vctx_bind_vdev: done, ctx_index(0) refcount(1)
Feb 13 09:40:32 localhost kernel: [   27.786210] [VPF ops]:[L1875][vs-vse0_src][C1] vpf_video_bind_context: done
Feb 13 09:40:32 localhost kernel: [   27.786217] [VPF ops]:[L439][vs-vse0_cap0][C1] vpf_vctx_bind_vdev: done, ctx_index(0) refcount(1)
Feb 13 09:40:32 localhost kernel: [   27.786221] [VPF ops]:[L1875][vs-vse0_cap0][C1] vpf_video_bind_context: done
Feb 13 09:40:32 localhost kernel: [   27.786227] [VPF ops]:[L439][vs-vse0_cap1][C1] vpf_vctx_bind_vdev: done, ctx_index(0) refcount(1)
Feb 13 09:40:32 localhost kernel: [   27.786231] [VPF ops]:[L1875][vs-vse0_cap1][C1] vpf_video_bind_context: done
Feb 13 09:40:32 localhost kernel: [   27.786237] [VPF ops]:[L439][vs-vse0_cap2][C1] vpf_vctx_bind_vdev: done, ctx_index(0) refcount(1)
Feb 13 09:40:32 localhost kernel: [   27.786241] [VPF ops]:[L1875][vs-vse0_cap2][C1] vpf_video_bind_context: done
Feb 13 09:40:32 localhost kernel: [   27.786247] [VPF ops]:[L439][vs-vse0_cap3][C1] vpf_vctx_bind_vdev: done, ctx_index(0) refcount(1)
Feb 13 09:40:32 localhost kernel: [   27.786251] [VPF ops]:[L1875][vs-vse0_cap3][C1] vpf_video_bind_context: done
Feb 13 09:40:32 localhost kernel: [   27.786256] [VPF ops]:[L439][vs-vse0_cap4][C1] vpf_vctx_bind_vdev: done, ctx_index(0) refcount(1)
Feb 13 09:40:32 localhost kernel: [   27.786260] [VPF ops]:[L1875][vs-vse0_cap4][C1] vpf_video_bind_context: done
Feb 13 09:40:32 localhost kernel: [   27.786265] [VPF ops]:[L439][vs-vse0_cap5][C1] vpf_vctx_bind_vdev: done, ctx_index(0) refcount(1)
Feb 13 09:40:32 localhost kernel: [   27.786270] [VPF ops]:[L1875][vs-vse0_cap5][C1] vpf_video_bind_context: done
Feb 13 09:40:32 localhost kernel: [   27.786281] [VPF ops]:[L1079][vs-vse0_src][C1] vpf_video_get_struct_size: done
Feb 13 09:40:32 localhost kernel: [   27.786288] [VPF ops]:[L689][vs-vse0_cap0][C1] vpf_video_set_init_attr: done
Feb 13 09:40:32 localhost kernel: [   27.786293] vse_video_set_cfg set vse state to INITED
Feb 13 09:40:32 localhost kernel: [   27.788332] [VPF ops]:[L689][vs-vse0_src][C1] vpf_video_set_init_attr: done
Feb 13 09:40:32 localhost kernel: [   27.788369] [VPF ops]:[L689][vs-vse0_cap1][C1] vpf_video_set_init_attr: done
Feb 13 09:40:32 localhost kernel: [   27.788376] [VPF ops]:[L689][vs-vse0_cap2][C1] vpf_video_set_init_attr: done
Feb 13 09:40:32 localhost kernel: [   27.788383] [VPF ops]:[L689][vs-vse0_cap3][C1] vpf_video_set_init_attr: done
Feb 13 09:40:32 localhost kernel: [   27.788389] [VPF ops]:[L689][vs-vse0_cap4][C1] vpf_video_set_init_attr: done
Feb 13 09:40:32 localhost kernel: [   27.788395] [VPF ops]:[L689][vs-vse0_cap5][C1] vpf_video_set_init_attr: done
Feb 13 09:40:32 localhost kernel: [   27.788408] [VPF ops]:[L1079][vs-vse0_src][C1] vpf_video_get_struct_size: done
Feb 13 09:40:32 localhost kernel: [   27.788421] vse_video_set_ichn_attr format=6,width=1088,stride=1088,height=1280
Feb 13 09:40:32 localhost kernel: [   27.790099] vse_video_reqbufs done bit_map 0x1 planecount 2
Feb 13 09:40:32 localhost kernel: [   27.790130] [VPF ops]:[L1325][vs-vse0_src][C1] vpf_request_frames: reqbuf number 16
Feb 13 09:40:32 localhost kernel: [   27.790137] [VPF ops]:[L850][vs-vse0_src][C1] vpf_video_set_ichn_attr: done
Feb 13 09:40:32 localhost kernel: [   27.790368] [VPF ops]:[L1079][vs-vse0_src][C1] vpf_video_get_struct_size: done
Feb 13 09:40:32 localhost kernel: [   27.790389] vse_video_set_ochn_attr vctx->ctx_id=1,vctx->id=8
Feb 13 09:40:32 localhost kernel: [   27.790397] vse_video_set_ochn_attr ochn_id=0,format=6,width=480,stride=480,height=640
Feb 13 09:40:32 localhost kernel: [   27.794262] [vse_drv]: vse_set_fps_rate: vse-1 chn-0, fps.src 30, fps.dst 30
Feb 13 09:40:32 localhost kernel: [   27.794281] vse_video_reqbufs done bit_map 0x1 planecount 2
Feb 13 09:40:32 localhost kernel: [   27.794303] [VPF ops]:[L1325][vs-vse0_cap0][C1] vpf_request_frames: reqbuf number 16
Feb 13 09:40:32 localhost kernel: [   27.794310] [VPF ops]:[L978][vs-vse0_cap0][C1] vpf_video_set_ochn_attr: done
Feb 13 09:40:32 localhost kernel: [   27.794337] vse_video_reqbufs done bit_map 0x1 planecount 2
Feb 13 09:40:32 localhost kernel: [   27.794352] [VPF ops]:[L1325][vs-vse0_cap0][C1] vpf_request_frames: reqbuf number 3
Feb 13 09:40:32 localhost kernel: [   27.794522] [VPF ops]:[L1464][vs-vse0_cap0][C1] vpf_video_reqbufs: done
Feb 13 09:40:32 localhost kernel: [   27.794550] [VPF ops]:[L2066][vs-vse0_cap0][C1] vpf_video_querybuf: done
Feb 13 09:40:32 localhost kernel: [   27.794719] [VPF ops]:[L2066][vs-vse0_cap0][C1] vpf_video_querybuf: done
Feb 13 09:40:32 localhost kernel: [   27.794795] [VPF ops]:[L2066][vs-vse0_cap0][C1] vpf_video_querybuf: done
Feb 13 09:40:32 localhost kernel: [   27.794870] [VPF chain]:[L250]vio_chain_path_show: feedback independent mode
Feb 13 09:40:32 localhost kernel: [   27.794880] [VPF ops]:[L632][vs-vse0_cap0][S65535] vpf_prepare_buffers: done
Feb 13 09:40:32 localhost kernel: [   27.794886] [VPF ops]:[L1639][vs-vse0_cap0][S65535][C1] vpf_video_start: done start_cnt 1
Feb 13 09:40:32 localhost kernel: [   27.794894] [VPF chain]:[L250]vio_chain_path_show: feedback independent mode
Feb 13 09:40:32 localhost kernel: [   27.794909] vse_video_streamon ctx.sink_online_en=0
Feb 13 09:40:32 localhost kernel: [   27.796523] [VPF ops]:[L1639][vs-vse0_src][S65535][C1] vpf_video_start: done start_cnt 2
Feb 13 09:40:40 localhost kernel: [   35.529145] bestmow_monitor (1750): drop_caches: 1
Feb 13 09:40:40 localhost kernel: [   35.704793] bestmow_monitor (1750): drop_caches: 2
Feb 13 09:40:40 localhost kernel: [   35.821401] bestmow_monitor (1750): drop_caches: 3
Feb 13 09:42:06 localhost kernel: [  122.302565] [VPF ops]:[L81][S2][vin2] vpf_wait_vnode_shot: cnt 10
Feb 13 09:42:06 localhost kernel: [  122.302594] [L898][S2]cim_subdev_pre_stop
Feb 13 09:42:06 localhost kernel: [  122.302604] vin sensor2: sensor_frame_end_stop_wait 2334 fe 0ms
Feb 13 09:42:06 localhost kernel: [  122.302609] vin sensor2: sensor_evk_do: finish to doing
Feb 13 09:42:06 localhost kernel: [  122.303091] vin sensor2: sensor_evk_do: done to finish
Feb 13 09:42:06 localhost kernel: [  122.303100] vin sensor2: sensor_stop sc132gs flow2 stop done
Feb 13 09:42:06 localhost kernel: [  122.303105] vin vcon2: sensor2 stop real done
Feb 13 09:42:06 localhost kernel: [  122.303117] vin mipi2: stop cmd: 0 real
Feb 13 09:42:06 localhost kernel: [  122.303130] [L657]cim_check_exit_state cnt 20 status 0
Feb 13 09:42:06 localhost kernel: [  122.303140] [L849][S2]cim_subdev_stop
Feb 13 09:42:06 localhost kernel: [  122.303143] [CIM]:[L141][S0]cim_video_streamoff done
Feb 13 09:42:06 localhost kernel: [  122.303148] [L1185][S0]vin_node_stop done
Feb 13 09:42:06 localhost kernel: [  122.303151] [VIN_NODE]:[L578][C0]vin_node_video_streamoff done
Feb 13 09:42:06 localhost kernel: [  122.303156] [VPF ops]:[L1554][vin2_src][S2][C0] vpf_video_stop: done start_cnt 1
Feb 13 09:42:06 localhost kernel: [  122.303169] [VPF ops]:[L1554][vin2_cap][S2][C0] vpf_video_stop: done start_cnt 0
Feb 13 09:42:06 localhost kernel: [  122.303187] [VPF ops]:[L81][S2][isp0] vpf_wait_vnode_shot: cnt 10
Feb 13 09:42:06 localhost kernel: [  122.303194] [VPF ops]:[L1554][vs-isp0_src][S2][C0] vpf_video_stop: done start_cnt 1
Feb 13 09:42:06 localhost kernel: [  122.303201] isp_video_streamoff inst: 0, set isp state to STOPPED
Feb 13 09:42:06 localhost kernel: [  122.304793] [VPF ops]:[L1554][vs-isp0_cap][S2][C0] vpf_video_stop: done start_cnt 0
Feb 13 09:42:06 localhost kernel: [  122.304981] isp_video_set_inter_attr flow_id = 2, sensor_name = sc132gs, sensor_cali_name = /app/BestMow/startup_script/sensor_config/daytime/sc132gs_tuning_left.json
Feb 13 09:42:07 localhost kernel: [  122.587841] ctx_id 0, inst id 0, sensor /app/BestMow/startup_script/sensor_config/daytime/sc132gs_tuning_left.json
Feb 13 09:42:07 localhost kernel: [  122.587865] [VPF ops]:[L1005][vs-isp0_src][C0] vpf_video_set_inter_attr: done
Feb 13 09:42:07 localhost kernel: [  122.587990] [VPF ops]:[L632][vs-isp0_cap][S2] vpf_prepare_buffers: done
Feb 13 09:42:07 localhost kernel: [  122.588000] isp_video_streamon inst: 0, set isp state to STARTED
Feb 13 09:42:07 localhost kernel: [  122.590365] [VPF ops]:[L1639][vs-isp0_cap][S2][C0] vpf_video_start: done start_cnt 1
Feb 13 09:42:07 localhost kernel: [  122.590401] [VPF ops]:[L1639][vs-isp0_src][S2][C0] vpf_video_start: done start_cnt 2
Feb 13 09:42:07 localhost kernel: [  122.590426] [VPF ops]:[L632][vin2_cap][S2] vpf_prepare_buffers: done
Feb 13 09:42:07 localhost kernel: [  122.590432] [VPF ops]:[L1639][vin2_cap][S2][C0] vpf_video_start: done start_cnt 1
Feb 13 09:42:07 localhost kernel: [  122.590443] [L716][S0][ipi0]cim_subdev_start ddr_en and ochn request bufs
Feb 13 09:42:07 localhost kernel: [  122.590460] [L757][S2]cim_subdev_start
Feb 13 09:42:07 localhost kernel: [  122.590465] [CIM]:[L113][S0]cim_video_streamon done ret val:0
Feb 13 09:42:07 localhost kernel: [  122.590476] vin sensor2: sensor_evk_do: finish to doing
Feb 13 09:42:07 localhost kernel: [  122.591021] vin sensor2: sensor_evk_do: done to finish
Feb 13 09:42:07 localhost kernel: [  122.591036] vin sensor2: sensor_evu_do: finish to wait
Feb 13 09:42:07 localhost kernel: [  122.591047] vin sensor2: sensor_start sc132gs flow2 start done
Feb 13 09:42:07 localhost kernel: [  122.591053] vin vcon2: sensor2 start real done
Feb 13 09:42:07 localhost kernel: [  122.591063] vin mipi2: start cmd: 0 real
Feb 13 09:42:07 localhost kernel: [  122.591068] vin mipi2: check hs reception
Feb 13 09:42:07 localhost kernel: [  122.614502] vin mipi2: entry hs reception
Feb 13 09:42:07 localhost kernel: [  122.614534] [L1096][S0]vin_node_start done
Feb 13 09:42:07 localhost kernel: [  122.614540] [VIN_NODE]:[L546][C0]vin_node_video_streamon done
Feb 13 09:42:07 localhost kernel: [  122.614544] [VPF ops]:[L1639][vin2_src][S2][C0] vpf_video_start: done start_cnt 2
Feb 13 09:42:07 localhost kernel: [  122.632690] [VPF ops]:[L81][S3][vin3] vpf_wait_vnode_shot: cnt 10
Feb 13 09:42:07 localhost kernel: [  122.632720] [L898][S3]cim_subdev_pre_stop
Feb 13 09:42:07 localhost kernel: [  122.632733] vin sensor3: sensor_frame_end_stop_wait 2332 fe 0ms
Feb 13 09:42:07 localhost kernel: [  122.632739] vin sensor3: sensor_evk_do: finish to doing
Feb 13 09:42:07 localhost kernel: [  122.633294] vin sensor3: sensor_evk_do: done to finish
Feb 13 09:42:07 localhost kernel: [  122.633321] vin sensor3: sensor_stop sc132gs flow3 stop done
Feb 13 09:42:07 localhost kernel: [  122.633328] vin vcon3: sensor3 stop real done
Feb 13 09:42:07 localhost kernel: [  122.633349] vin mipi3: stop cmd: 0 real
Feb 13 09:42:07 localhost kernel: [  122.633372] [L657]cim_check_exit_state cnt 20 status 0
Feb 13 09:42:07 localhost kernel: [  122.633387] [L849][S3]cim_subdev_stop
Feb 13 09:42:07 localhost kernel: [  122.633392] [CIM]:[L141][S0]cim_video_streamoff done
Feb 13 09:42:07 localhost kernel: [  122.633397] [L1185][S0]vin_node_stop done
Feb 13 09:42:07 localhost kernel: [  122.633402] [VIN_NODE]:[L578][C0]vin_node_video_streamoff done
Feb 13 09:42:07 localhost kernel: [  122.633409] [VPF ops]:[L1554][vin3_src][S3][C0] vpf_video_stop: done start_cnt 1
Feb 13 09:42:07 localhost kernel: [  122.633650] [VPF ops]:[L1554][vin3_cap][S3][C0] vpf_video_stop: done start_cnt 0
Feb 13 09:42:07 localhost kernel: [  122.633698] [VPF ops]:[L81][S3][isp0] vpf_wait_vnode_shot: cnt 10
Feb 13 09:42:07 localhost kernel: [  122.633705] [VPF ops]:[L1554][vs-isp0_src][S3][C1] vpf_video_stop: done start_cnt 1
Feb 13 09:42:07 localhost kernel: [  122.633714] isp_video_streamoff inst: 1, set isp state to STOPPED
Feb 13 09:42:07 localhost kernel: [  122.637099] [VPF ops]:[L1554][vs-isp0_cap][S3][C1] vpf_video_stop: done start_cnt 0
Feb 13 09:42:07 localhost kernel: [  122.637170] isp_video_set_inter_attr flow_id = 3, sensor_name = sc132gs, sensor_cali_name = /app/BestMow/startup_script/sensor_config/daytime/sc132gs_tuning_right.json
Feb 13 09:42:07 localhost kernel: [  122.921968] ctx_id 1, inst id 1, sensor /app/BestMow/startup_script/sensor_config/daytime/sc132gs_tuning_right.json
Feb 13 09:42:07 localhost kernel: [  122.921990] [VPF ops]:[L1005][vs-isp0_src][C1] vpf_video_set_inter_attr: done
Feb 13 09:42:07 localhost kernel: [  122.922029] [VPF ops]:[L632][vs-isp0_cap][S3] vpf_prepare_buffers: done
Feb 13 09:42:07 localhost kernel: [  122.922038] isp_video_streamon inst: 1, set isp state to STARTED
Feb 13 09:42:07 localhost kernel: [  122.923875] [VPF ops]:[L1639][vs-isp0_cap][S3][C1] vpf_video_start: done start_cnt 1
Feb 13 09:42:07 localhost kernel: [  122.923910] [VPF ops]:[L1639][vs-isp0_src][S3][C1] vpf_video_start: done start_cnt 2
Feb 13 09:42:07 localhost kernel: [  122.923928] [VPF ops]:[L632][vin3_cap][S3] vpf_prepare_buffers: done
Feb 13 09:42:07 localhost kernel: [  122.923933] [VPF ops]:[L1639][vin3_cap][S3][C0] vpf_video_start: done start_cnt 1
Feb 13 09:42:07 localhost kernel: [  122.923942] [L716][S0][ipi0]cim_subdev_start ddr_en and ochn request bufs
Feb 13 09:42:07 localhost kernel: [  122.923957] [L757][S3]cim_subdev_start
Feb 13 09:42:07 localhost kernel: [  122.923961] [CIM]:[L113][S0]cim_video_streamon done ret val:0
Feb 13 09:42:07 localhost kernel: [  122.923970] vin sensor3: sensor_evk_do: finish to doing
Feb 13 09:42:07 localhost kernel: [  122.924422] vin sensor3: sensor_evk_do: done to finish
Feb 13 09:42:07 localhost kernel: [  122.924441] vin sensor3: sensor_start sc132gs flow3 start done
Feb 13 09:42:07 localhost kernel: [  122.924447] vin vcon3: sensor3 start real done
Feb 13 09:42:07 localhost kernel: [  122.924456] vin mipi3: start cmd: 0 real
Feb 13 09:42:07 localhost kernel: [  122.924461] vin mipi3: check hs reception
Feb 13 09:42:07 localhost kernel: [  122.947472] vin mipi3: entry hs reception
Feb 13 09:42:07 localhost kernel: [  122.947492] [L1096][S0]vin_node_start done
Feb 13 09:42:07 localhost kernel: [  122.947497] [VIN_NODE]:[L546][C0]vin_node_video_streamon done
Feb 13 09:42:07 localhost kernel: [  122.947501] [VPF ops]:[L1639][vin3_src][S3][C0] vpf_video_start: done start_cnt 2
Feb 13 10:10:30 localhost kernel: [ 1825.888284] [VPF ops]:[L210][vs-vse0_cap5][S65535][C1] vpf_vdev_close: refcount 0
Feb 13 10:10:30 localhost kernel: [ 1825.888310] [VPF ops]:[L2554][vs-vse0_cap5] vpf_device_close: done
Feb 13 10:10:30 localhost kernel: [ 1825.888318] [VPF ops]:[L210][vs-vse0_cap4][S65535][C1] vpf_vdev_close: refcount 0
Feb 13 10:10:30 localhost kernel: [ 1825.888325] [VPF ops]:[L2554][vs-vse0_cap4] vpf_device_close: done
Feb 13 10:10:30 localhost kernel: [ 1825.888331] [VPF ops]:[L210][vs-vse0_cap3][S65535][C1] vpf_vdev_close: refcount 0
Feb 13 10:10:30 localhost kernel: [ 1825.888337] [VPF ops]:[L2554][vs-vse0_cap3] vpf_device_close: done
Feb 13 10:10:30 localhost kernel: [ 1825.888343] [VPF ops]:[L210][vs-vse0_cap2][S65535][C1] vpf_vdev_close: refcount 0
Feb 13 10:10:30 localhost kernel: [ 1825.888349] [VPF ops]:[L2554][vs-vse0_cap2] vpf_device_close: done
Feb 13 10:10:30 localhost kernel: [ 1825.888355] [VPF ops]:[L210][vs-vse0_cap1][S65535][C1] vpf_vdev_close: refcount 0
Feb 13 10:10:30 localhost kernel: [ 1825.888360] [VPF ops]:[L2554][vs-vse0_cap1] vpf_device_close: done
Feb 13 10:10:30 localhost kernel: [ 1825.888367] [VPF ops]:[L210][vs-vse0_cap0][S65535][C1] vpf_vdev_close: refcount 0
Feb 13 10:10:30 localhost kernel: [ 1825.888409] [VPF ops]:[L2554][vs-vse0_cap0] vpf_device_close: done
Feb 13 10:10:30 localhost kernel: [ 1825.888416] [VPF ops]:[L210][vs-vse0_src][S65535][C1] vpf_vdev_close: refcount 0
Feb 13 10:10:30 localhost kernel: [ 1825.888421] vse_nat_close set vse state to CLOSED
Feb 13 10:10:30 localhost kernel: [ 1825.889145] [VPF ops]:[L1719][vs-vse0_src][S65535][C1] vpf_chain_del_vnode: null
Feb 13 10:10:30 localhost kernel: [ 1825.889162] [VPF ops]:[L2554][vs-vse0_src] vpf_device_close: done
Feb 13 10:10:30 localhost kernel: [ 1825.889174] [VPF ops]:[L2492][flow][S7] vpf_subdev_close: done
Feb 13 10:10:30 localhost kernel: [ 1825.889179] [VPF ops]:[L2554][flow] vpf_device_close: done
Feb 13 10:10:30 localhost kernel: [ 1825.889238] [VPF ops]:[L81][S7][gdc0] vpf_wait_vnode_shot: cnt 10
Feb 13 10:10:30 localhost kernel: [ 1825.889246] [VPF ops]:[L1554][gdc0_src][S7][C3] vpf_video_stop: done start_cnt 1
Feb 13 10:10:30 localhost kernel: [ 1825.889256] [VPF ops]:[L1554][gdc0_cap][S7][C3] vpf_video_stop: done start_cnt 0
Feb 13 10:10:30 localhost kernel: [ 1825.889260] [VPF ops]:[L154][S7][gdc0] vpf_safety_close: sudden close
Feb 13 10:10:30 localhost kernel: [ 1825.889265] [VPF ops]:[L210][gdc0_cap][S7][C3] vpf_vdev_close: refcount 0
Feb 13 10:10:30 localhost kernel: [ 1825.889272] [GDC ops]:[L148][gdc0_cap][S7][C3] gdc_subdev_close: cnt 7
Feb 13 10:10:30 localhost kernel: [ 1825.889305] [VPF ops]:[L2554][gdc0_cap] vpf_device_close: done
Feb 13 10:10:30 localhost kernel: [ 1825.889312] [VPF ops]:[L210][gdc0_src][S7][C3] vpf_vdev_close: refcount 0
Feb 13 10:10:30 localhost kernel: [ 1825.889320] [GDC ops]:[L148][gdc0_src][S7][C3] gdc_subdev_close: cnt 6
Feb 13 10:10:30 localhost kernel: [ 1825.889339] [VPF ops]:[L1732][gdc0_src][S7][C3] vpf_chain_del_vnode: done
Feb 13 10:10:30 localhost kernel: [ 1825.889344] [VPF ops]:[L2554][gdc0_src] vpf_device_close: done
Feb 13 10:10:30 localhost kernel: [ 1825.889363] [VPF ops]:[L2492][flow][S6] vpf_subdev_close: done
Feb 13 10:10:30 localhost kernel: [ 1825.889368] [VPF ops]:[L2554][flow] vpf_device_close: done
Feb 13 10:10:30 localhost kernel: [ 1825.889452] [VPF ops]:[L81][S6][gdc0] vpf_wait_vnode_shot: cnt 10
Feb 13 10:10:30 localhost kernel: [ 1825.889458] [VPF ops]:[L1554][gdc0_src][S6][C2] vpf_video_stop: done start_cnt 1
Feb 13 10:10:30 localhost kernel: [ 1825.889465] [VPF ops]:[L1554][gdc0_cap][S6][C2] vpf_video_stop: done start_cnt 0
Feb 13 10:10:30 localhost kernel: [ 1825.889470] [VPF ops]:[L154][S6][gdc0] vpf_safety_close: sudden close
Feb 13 10:10:30 localhost kernel: [ 1825.889475] [VPF ops]:[L210][gdc0_cap][S6][C2] vpf_vdev_close: refcount 0
Feb 13 10:10:30 localhost kernel: [ 1825.889480] [GDC ops]:[L148][gdc0_cap][S6][C2] gdc_subdev_close: cnt 5
Feb 13 10:10:30 localhost kernel: [ 1825.889512] [VPF ops]:[L2554][gdc0_cap] vpf_device_close: done
Feb 13 10:10:30 localhost kernel: [ 1825.889518] [VPF ops]:[L210][gdc0_src][S6][C2] vpf_vdev_close: refcount 0
Feb 13 10:10:30 localhost kernel: [ 1825.889526] [GDC ops]:[L148][gdc0_src][S6][C2] gdc_subdev_close: cnt 4
Feb 13 10:10:30 localhost kernel: [ 1825.889541] [VPF ops]:[L1732][gdc0_src][S6][C2] vpf_chain_del_vnode: done
Feb 13 10:10:30 localhost kernel: [ 1825.889545] [VPF ops]:[L2554][gdc0_src] vpf_device_close: done
Feb 13 10:10:30 localhost kernel: [ 1825.889590] hobot_jpu_dev: [JPUDRV]jpu_release_internal_res:2600: finish jpu_release_internal_res, current_pid=2128, tgid=1898
Feb 13 10:10:30 localhost kernel: [ 1825.889612] hobot_jpu_dev: [JPUDRV]jpu_release_internal_res:2600: finish jpu_release_internal_res, current_pid=2128, tgid=1898
Feb 13 10:10:30 localhost kernel: [ 1825.889699] [VPF ops]:[L210][vs-vse0_cap5][S65535][C0] vpf_vdev_close: refcount 0
Feb 13 10:10:30 localhost kernel: [ 1825.889707] [VPF ops]:[L2554][vs-vse0_cap5] vpf_device_close: done
Feb 13 10:10:30 localhost kernel: [ 1825.889715] [VPF ops]:[L210][vs-vse0_cap4][S65535][C0] vpf_vdev_close: refcount 0
Feb 13 10:10:30 localhost kernel: [ 1825.889721] [VPF ops]:[L2554][vs-vse0_cap4] vpf_device_close: done
Feb 13 10:10:30 localhost kernel: [ 1825.889728] [VPF ops]:[L210][vs-vse0_cap3][S65535][C0] vpf_vdev_close: refcount 0
Feb 13 10:10:30 localhost kernel: [ 1825.889734] [VPF ops]:[L2554][vs-vse0_cap3] vpf_device_close: done
Feb 13 10:10:30 localhost kernel: [ 1825.889741] [VPF ops]:[L210][vs-vse0_cap2][S65535][C0] vpf_vdev_close: refcount 0
Feb 13 10:10:30 localhost kernel: [ 1825.889747] [VPF ops]:[L2554][vs-vse0_cap2] vpf_device_close: done
Feb 13 10:10:30 localhost kernel: [ 1825.889754] [VPF ops]:[L210][vs-vse0_cap1][S65535][C0] vpf_vdev_close: refcount 0
Feb 13 10:10:30 localhost kernel: [ 1825.889760] [VPF ops]:[L2554][vs-vse0_cap1] vpf_device_close: done
Feb 13 10:10:30 localhost kernel: [ 1825.889767] [VPF ops]:[L210][vs-vse0_cap0][S65535][C0] vpf_vdev_close: refcount 0
Feb 13 10:10:30 localhost kernel: [ 1825.889806] [VPF ops]:[L2554][vs-vse0_cap0] vpf_device_close: done
Feb 13 10:10:30 localhost kernel: [ 1825.889813] [VIO node]:[L141][vse0] vio_group_task_stop: done
Feb 13 10:10:30 localhost kernel: [ 1825.889818] [VPF ops]:[L210][vs-vse0_src][S65535][C0] vpf_vdev_close: refcount 0
Feb 13 10:10:30 localhost kernel: [ 1825.889823] vse_nat_close set vse state to CLOSED
Feb 13 10:10:30 localhost kernel: [ 1825.890643] vs-vse 3d010000.vse: DW module is busy now and cannot be reset!
Feb 13 10:10:30 localhost kernel: [ 1825.890656] vse_nat_close vse_close(ret=-16).
Feb 13 10:10:30 localhost kernel: [ 1825.891217] [VPF ops]:[L2547][vs-vse0_src] vpf_device_close: dev close error(-16)
Feb 13 10:10:30 localhost kernel: [ 1825.892186] [VPF ops]:[L1719][vs-vse0_src][S65535][C0] vpf_chain_del_vnode: null
Feb 13 10:10:30 localhost kernel: [ 1825.892192] [VPF ops]:[L2554][vs-vse0_src] vpf_device_close: done
Feb 13 10:10:30 localhost kernel: [ 1825.892204] [VPF ops]:[L2492][flow][S5] vpf_subdev_close: done
Feb 13 10:10:30 localhost kernel: [ 1825.892208] [VPF ops]:[L2554][flow] vpf_device_close: done
Feb 13 10:10:30 localhost kernel: [ 1825.892284] [VPF ops]:[L81][S5][gdc0] vpf_wait_vnode_shot: cnt 10
Feb 13 10:10:30 localhost kernel: [ 1825.892292] [VPF ops]:[L1554][gdc0_src][S5][C1] vpf_video_stop: done start_cnt 1
Feb 13 10:10:30 localhost kernel: [ 1825.892300] [VPF ops]:[L1554][gdc0_cap][S5][C1] vpf_video_stop: done start_cnt 0
Feb 13 10:10:30 localhost kernel: [ 1825.892304] [VPF ops]:[L154][S5][gdc0] vpf_safety_close: sudden close
Feb 13 10:10:30 localhost kernel: [ 1825.892309] [VPF ops]:[L210][gdc0_cap][S5][C1] vpf_vdev_close: refcount 0
Feb 13 10:10:30 localhost kernel: [ 1825.892315] [GDC ops]:[L148][gdc0_cap][S5][C1] gdc_subdev_close: cnt 3
Feb 13 10:10:30 localhost kernel: [ 1825.892351] [VPF ops]:[L2554][gdc0_cap] vpf_device_close: done
Feb 13 10:10:30 localhost kernel: [ 1825.892359] [VPF ops]:[L210][gdc0_src][S5][C1] vpf_vdev_close: refcount 0
Feb 13 10:10:30 localhost kernel: [ 1825.892367] [GDC ops]:[L148][gdc0_src][S5][C1] gdc_subdev_close: cnt 2
Feb 13 10:10:30 localhost kernel: [ 1825.892383] [VPF ops]:[L1732][gdc0_src][S5][C1] vpf_chain_del_vnode: done
Feb 13 10:10:30 localhost kernel: [ 1825.892388] [VPF ops]:[L2554][gdc0_src] vpf_device_close: done
Feb 13 10:10:30 localhost kernel: [ 1825.892394] [VPF ops]:[L2492][flow][S4] vpf_subdev_close: done
Feb 13 10:10:30 localhost kernel: [ 1825.892398] [VPF ops]:[L2554][flow] vpf_device_close: done
Feb 13 10:10:30 localhost kernel: [ 1825.892437] [VPF ops]:[L81][S4][gdc0] vpf_wait_vnode_shot: cnt 10
Feb 13 10:10:30 localhost kernel: [ 1825.892443] [VPF ops]:[L1554][gdc0_src][S4][C0] vpf_video_stop: done start_cnt 1
Feb 13 10:10:30 localhost kernel: [ 1825.892450] [VPF ops]:[L1554][gdc0_cap][S4][C0] vpf_video_stop: done start_cnt 0
Feb 13 10:10:30 localhost kernel: [ 1825.892455] [VPF ops]:[L154][S4][gdc0] vpf_safety_close: sudden close
Feb 13 10:10:30 localhost kernel: [ 1825.892459] [VPF ops]:[L210][gdc0_cap][S4][C0] vpf_vdev_close: refcount 0
Feb 13 10:10:30 localhost kernel: [ 1825.892464] [GDC ops]:[L148][gdc0_cap][S4][C0] gdc_subdev_close: cnt 1
Feb 13 10:10:30 localhost kernel: [ 1825.892493] [VPF ops]:[L2554][gdc0_cap] vpf_device_close: done
Feb 13 10:10:30 localhost kernel: [ 1825.892499] [VIO node]:[L141][gdc0] vio_group_task_stop: done
Feb 13 10:10:30 localhost kernel: [ 1825.892503] [VPF ops]:[L210][gdc0_src][S4][C0] vpf_vdev_close: refcount 0
Feb 13 10:10:30 localhost kernel: [ 1825.892511] [GDC ops]:[L734]gdc_force_stop: gdc is already free
Feb 13 10:10:30 localhost kernel: [ 1825.892523] [GDC ops]:[L148][gdc0_src][S4][C0] gdc_subdev_close: cnt 0
Feb 13 10:10:30 localhost kernel: [ 1825.892554] [VPF ops]:[L1732][gdc0_src][S4][C0] vpf_chain_del_vnode: done
Feb 13 10:10:30 localhost kernel: [ 1825.892559] [VPF ops]:[L2554][gdc0_src] vpf_device_close: done
Feb 13 10:10:30 localhost kernel: [ 1825.892590] hobot_jpu_dev: [JPUDRV]jpu_release_internal_res:2600: finish jpu_release_internal_res, current_pid=2128, tgid=1898
Feb 13 10:10:30 localhost kernel: [ 1825.892607] hobot_jpu_dev: [JPUDRV]jpu_release_internal_res:2600: finish jpu_release_internal_res, current_pid=2128, tgid=1898
Feb 13 10:10:30 localhost kernel: [ 1825.892624] hobot_jpu_dev: [JPUDRV]jpu_free_instances:764: jpu_free_instances detect instance crash instIdx=3, jip_base=ffff80000e975000, instance_pool_size_per_core=3592, current_pid=2128, tgid=1898, filp=ffff000085fc4c00
Feb 13 10:10:30 localhost kernel: [ 1825.892637] hobot_jpu_dev: [JPUDRV]jpu_free_instances:764: jpu_free_instances detect instance crash instIdx=2, jip_base=ffff80000e975000, instance_pool_size_per_core=3592, current_pid=2128, tgid=1898, filp=ffff000085fc4c00
Feb 13 10:10:30 localhost kernel: [ 1825.892645] hobot_jpu_dev: [JPUDRV]jpu_free_instances:764: jpu_free_instances detect instance crash instIdx=1, jip_base=ffff80000e975000, instance_pool_size_per_core=3592, current_pid=2128, tgid=1898, filp=ffff000085fc4c00
Feb 13 10:10:30 localhost kernel: [ 1825.892654] hobot_jpu_dev: [JPUDRV]jpu_free_instances:764: jpu_free_instances detect instance crash instIdx=0, jip_base=ffff80000e975000, instance_pool_size_per_core=3592, current_pid=2128, tgid=1898, filp=ffff000085fc4c00
Feb 13 10:10:30 localhost kernel: [ 1825.893206] hobot_jpu_dev: [JPUDRV]jpu_release_internal_res:2600: finish jpu_release_internal_res, current_pid=2128, tgid=1898
Feb 13 10:10:30 localhost kernel: [ 1825.893383] vin sensor3: sensor_frame_end_stop_wait 43203 fe 0ms
Feb 13 10:10:30 localhost kernel: [ 1825.893390] vin sensor3: sensor_evk_do: finish to doing
Feb 13 10:10:30 localhost kernel: [ 1825.893396] vin sensor3: sensor_evk_do: doing wait evk abort -512
Feb 13 10:10:30 localhost kernel: [ 1825.893401] vin sensor3: sensor_detach flow3 link0 from sensor3 sc132gs
Feb 13 10:10:30 localhost kernel: [ 1825.893503] vin sensor3: sc132gs release i2c7@0x33
Feb 13 10:10:30 localhost kernel: [ 1825.893518] [VPF ops]:[L2492][flow][S3] vpf_subdev_close: done
Feb 13 10:10:30 localhost kernel: [ 1825.893522] [VPF ops]:[L2554][flow] vpf_device_close: done
Feb 13 10:10:30 localhost kernel: [ 1825.893571] [VPF ops]:[L81][S3][vin3] vpf_wait_vnode_shot: cnt 10
Feb 13 10:10:30 localhost kernel: [ 1825.893582] [L898][S3]cim_subdev_pre_stop
Feb 13 10:10:30 localhost kernel: [ 1825.893589] vin sensor3: sensor_stop sc132gs has stoped 
Feb 13 10:10:30 localhost kernel: [ 1825.893593] vin vcon3: sensor3 stop real done
Feb 13 10:10:30 localhost kernel: [ 1825.893602] vin mipi3: stop cmd: 0 real
Feb 13 10:10:30 localhost kernel: [ 1825.893616] [L657]cim_check_exit_state cnt 20 status 0
Feb 13 10:10:30 localhost kernel: [ 1825.893623] [L849][S3]cim_subdev_stop
Feb 13 10:10:30 localhost kernel: [ 1825.893627] [CIM]:[L141][S0]cim_video_streamoff done
Feb 13 10:10:30 localhost kernel: [ 1825.893631] [L1185][S0]vin_node_stop done
Feb 13 10:10:30 localhost kernel: [ 1825.893635] [VIN_NODE]:[L578][C0]vin_node_video_streamoff done
Feb 13 10:10:30 localhost kernel: [ 1825.893639] [VPF ops]:[L1554][vin3_src][S3][C0] vpf_video_stop: done start_cnt 1
Feb 13 10:10:30 localhost kernel: [ 1825.893646] [VPF ops]:[L1554][vin3_cap][S3][C0] vpf_video_stop: done start_cnt 0
Feb 13 10:10:30 localhost kernel: [ 1825.893652] [VPF ops]:[L154][S3][vin3] vpf_safety_close: sudden close
Feb 13 10:10:30 localhost kernel: [ 1825.893661] [VPF ops]:[L81][S3][isp0] vpf_wait_vnode_shot: cnt 10
Feb 13 10:10:30 localhost kernel: [ 1825.893666] [VPF ops]:[L1554][vs-isp0_src][S3][C1] vpf_video_stop: done start_cnt 1
Feb 13 10:10:30 localhost kernel: [ 1825.893672] isp_video_streamoff inst: 1, set isp state to STOPPED
Feb 13 10:10:30 localhost kernel: [ 1825.894527] [VPF ops]:[L1554][vs-isp0_cap][S3][C1] vpf_video_stop: done start_cnt 0
Feb 13 10:10:30 localhost kernel: [ 1825.894540] [VPF ops]:[L154][S3][isp0] vpf_safety_close: sudden close
Feb 13 10:10:30 localhost kernel: [ 1825.894546] [VPF ops]:[L210][vs-isp0_cap_raw][S3][C1] vpf_vdev_close: refcount 0
Feb 13 10:10:30 localhost kernel: [ 1825.894554] [VPF ops]:[L2554][vs-isp0_cap_raw] vpf_device_close: done
Feb 13 10:10:30 localhost kernel: [ 1825.894565] [VPF ops]:[L210][vs-isp0_cap][S3][C1] vpf_vdev_close: refcount 0
Feb 13 10:10:30 localhost kernel: [ 1825.894570] isp_nat_close set isp state to CLOSED
Feb 13 10:10:30 localhost kernel: [ 1825.897270] [VPF ops]:[L2554][vs-isp0_cap] vpf_device_close: done
Feb 13 10:10:30 localhost kernel: [ 1825.897295] [VPF ops]:[L210][vs-isp0_src_pd][S3][C1] vpf_vdev_close: refcount 0
Feb 13 10:10:30 localhost kernel: [ 1825.897302] [VPF ops]:[L2554][vs-isp0_src_pd] vpf_device_close: done
Feb 13 10:10:30 localhost kernel: [ 1825.897309] [VPF ops]:[L210][vs-isp0_src][S3][C1] vpf_vdev_close: refcount 0
Feb 13 10:10:30 localhost kernel: [ 1825.897330] [VPF ops]:[L1732][vs-isp0_src][S3][C1] vpf_chain_del_vnode: done
Feb 13 10:10:30 localhost kernel: [ 1825.897336] [VPF ops]:[L2554][vs-isp0_src] vpf_device_close: done
Feb 13 10:10:30 localhost kernel: [ 1825.897386] [VPF ops]:[L210][vin3_pdaf][S3][C0] vpf_vdev_close: refcount 0
Feb 13 10:10:30 localhost kernel: [ 1825.897395] [L1119][S3] cim_subdev_close hw_id = 3, refcount = 0
Feb 13 10:10:30 localhost kernel: [ 1825.897400] [L1272][S3] cim_close open_cnt 3
Feb 13 10:10:30 localhost kernel: [ 1825.897404] [CIM]:[L216][S0]cim_video_close done ret:0 
Feb 13 10:10:30 localhost kernel: [ 1825.897408] [L1319][S0][V12] vin_node_close done
Feb 13 10:10:30 localhost kernel: [ 1825.897412] [VIN_NODE]:[L718][C0]vin_node_video_close done
Feb 13 10:10:30 localhost kernel: [ 1825.897416] [VPF ops]:[L2554][vin3_pdaf] vpf_device_close: done
Feb 13 10:10:30 localhost kernel: [ 1825.897424] [VPF ops]:[L210][vin3_emb][S3][C0] vpf_vdev_close: refcount 0
Feb 13 10:10:30 localhost kernel: [ 1825.897429] [L1119][S3] cim_subdev_close hw_id = 3, refcount = 0
Feb 13 10:10:30 localhost kernel: [ 1825.897433] [L1272][S3] cim_close open_cnt 2
Feb 13 10:10:30 localhost kernel: [ 1825.897437] [CIM]:[L216][S0]cim_video_close done ret:0 
Feb 13 10:10:30 localhost kernel: [ 1825.897441] [L1319][S0][V11] vin_node_close done
Feb 13 10:10:30 localhost kernel: [ 1825.897444] [VIN_NODE]:[L718][C0]vin_node_video_close done
Feb 13 10:10:30 localhost kernel: [ 1825.897448] [VPF ops]:[L2554][vin3_emb] vpf_device_close: done
Feb 13 10:10:30 localhost kernel: [ 1825.897455] [VPF ops]:[L210][vin3_cap][S3][C0] vpf_vdev_close: refcount 0
Feb 13 10:10:30 localhost kernel: [ 1825.897460] [L1119][S3] cim_subdev_close hw_id = 3, refcount = 0
Feb 13 10:10:30 localhost kernel: [ 1825.897464] [L1272][S3] cim_close open_cnt 1
Feb 13 10:10:30 localhost kernel: [ 1825.897468] [CIM]:[L216][S0]cim_video_close done ret:0 
Feb 13 10:10:30 localhost kernel: [ 1825.897471] [L1319][S0][V8] vin_node_close done
Feb 13 10:10:30 localhost kernel: [ 1825.897475] [VIN_NODE]:[L718][C0]vin_node_video_close done
Feb 13 10:10:30 localhost kernel: [ 1825.897506] [VPF ops]:[L2554][vin3_cap] vpf_device_close: done
Feb 13 10:10:30 localhost kernel: [ 1825.897513] [VIO node]:[L141][vin3] vio_group_task_stop: done
Feb 13 10:10:30 localhost kernel: [ 1825.897518] [VPF ops]:[L210][vin3_src][S3][C0] vpf_vdev_close: refcount 0
Feb 13 10:10:30 localhost kernel: [ 1825.897523] [L1119][S3] cim_subdev_close hw_id = 3, refcount = 0
Feb 13 10:10:30 localhost kernel: [ 1825.897530] [VPF mgr]:[L478]empty_camsys_reset: empty function
Feb 13 10:10:30 localhost kernel: [ 1825.897538] hobot-sif 3d050000.sif: sif3 reset done
Feb 13 10:10:30 localhost kernel: [ 1825.897545] [L1272][S3] cim_close open_cnt 0
Feb 13 10:10:30 localhost kernel: [ 1825.897548] [CIM]:[L216][S0]cim_video_close done ret:0 
Feb 13 10:10:30 localhost kernel: [ 1825.897577] vin mipi3: sensor3_mclk set 0 as 24000000
Feb 13 10:10:30 localhost kernel: [ 1825.897582] vin mipi3: snrclk set disable
Feb 13 10:10:30 localhost kernel: [ 1825.897587] vin mipi3: deinit cmd: 0 real
Feb 13 10:10:30 localhost kernel: [ 1825.897595] vin vcon3: get attr valid bus7 rx3 done
Feb 13 10:10:30 localhost kernel: [ 1825.897603] vin vcon3: flow3.ctx0 detach sensor3 done
Feb 13 10:10:30 localhost kernel: [ 1825.897607] vin vcon3: vcon3 close 0: flow3 ctx0 real
Feb 13 10:10:30 localhost kernel: [ 1825.897611] [L1319][S0][V0] vin_node_close done
Feb 13 10:10:30 localhost kernel: [ 1825.897614] [VIN_NODE]:[L718][C0]vin_node_video_close done
Feb 13 10:10:30 localhost kernel: [ 1825.897624] [VPF ops]:[L1732][vin3_src][S3][C0] vpf_chain_del_vnode: done
Feb 13 10:10:30 localhost kernel: [ 1825.897628] [VPF ops]:[L2554][vin3_src] vpf_device_close: done
Feb 13 10:10:30 localhost kernel: [ 1825.897641] vin sensor2: sensor_frame_end_stop_wait 43213 fe 0ms
Feb 13 10:10:30 localhost kernel: [ 1825.897646] vin sensor2: sensor_evk_do: wait to doing
Feb 13 10:10:30 localhost kernel: [ 1825.897651] vin sensor2: sensor_evk_do: doing wait evk abort -512
Feb 13 10:10:30 localhost kernel: [ 1825.897656] vin sensor2: sensor_detach flow2 link0 from sensor2 sc132gs
Feb 13 10:10:30 localhost kernel: [ 1825.897753] vin sensor2: sc132gs release i2c7@0x32
Feb 13 10:10:30 localhost kernel: [ 1825.897769] [VPF ops]:[L2492][flow][S2] vpf_subdev_close: done
Feb 13 10:10:30 localhost kernel: [ 1825.897774] [VPF ops]:[L2554][flow] vpf_device_close: done
Feb 13 10:10:30 localhost kernel: [ 1825.897823] [VPF ops]:[L81][S2][vin2] vpf_wait_vnode_shot: cnt 10
Feb 13 10:10:30 localhost kernel: [ 1825.897834] [L898][S2]cim_subdev_pre_stop
Feb 13 10:10:30 localhost kernel: [ 1825.897839] vin sensor2: sensor_stop sc132gs has stoped 
Feb 13 10:10:30 localhost kernel: [ 1825.897843] vin vcon2: sensor2 stop real done
Feb 13 10:10:30 localhost kernel: [ 1825.897850] vin mipi2: stop cmd: 0 real
Feb 13 10:10:30 localhost kernel: [ 1825.897861] [L657]cim_check_exit_state cnt 20 status 0
Feb 13 10:10:30 localhost kernel: [ 1825.897869] [L849][S2]cim_subdev_stop
Feb 13 10:10:30 localhost kernel: [ 1825.897873] [CIM]:[L141][S0]cim_video_streamoff done
Feb 13 10:10:30 localhost kernel: [ 1825.897877] [L1185][S0]vin_node_stop done
Feb 13 10:10:30 localhost kernel: [ 1825.897881] [VIN_NODE]:[L578][C0]vin_node_video_streamoff done
Feb 13 10:10:30 localhost kernel: [ 1825.897885] [VPF ops]:[L1554][vin2_src][S2][C0] vpf_video_stop: done start_cnt 1
Feb 13 10:10:30 localhost kernel: [ 1825.897893] [VPF ops]:[L1554][vin2_cap][S2][C0] vpf_video_stop: done start_cnt 0
Feb 13 10:10:30 localhost kernel: [ 1825.897898] [VPF ops]:[L154][S2][vin2] vpf_safety_close: sudden close
Feb 13 10:10:30 localhost kernel: [ 1825.897907] [VPF ops]:[L81][S2][isp0] vpf_wait_vnode_shot: cnt 10
Feb 13 10:10:30 localhost kernel: [ 1825.897913] [VPF ops]:[L1554][vs-isp0_src][S2][C0] vpf_video_stop: done start_cnt 1
Feb 13 10:10:30 localhost kernel: [ 1825.897920] isp_video_streamoff inst: 0, set isp state to STOPPED
Feb 13 10:10:30 localhost kernel: [ 1825.899119] [VPF ops]:[L1554][vs-isp0_cap][S2][C0] vpf_video_stop: done start_cnt 0
Feb 13 10:10:30 localhost kernel: [ 1825.899137] [VPF ops]:[L154][S2][isp0] vpf_safety_close: sudden close
Feb 13 10:10:30 localhost kernel: [ 1825.899143] [VPF ops]:[L210][vs-isp0_cap_raw][S2][C0] vpf_vdev_close: refcount 0
Feb 13 10:10:30 localhost kernel: [ 1825.899152] [VPF ops]:[L2554][vs-isp0_cap_raw] vpf_device_close: done
Feb 13 10:10:30 localhost kernel: [ 1825.899164] [VPF ops]:[L210][vs-isp0_cap][S2][C0] vpf_vdev_close: refcount 0
Feb 13 10:10:30 localhost kernel: [ 1825.899168] isp_nat_close set isp state to CLOSED
Feb 13 10:10:30 localhost kernel: [ 1825.902186] [VPF ops]:[L2554][vs-isp0_cap] vpf_device_close: done
Feb 13 10:10:30 localhost kernel: [ 1825.902213] [VPF ops]:[L210][vs-isp0_src_pd][S2][C0] vpf_vdev_close: refcount 0
Feb 13 10:10:30 localhost kernel: [ 1825.902221] [VPF ops]:[L2554][vs-isp0_src_pd] vpf_device_close: done
Feb 13 10:10:30 localhost kernel: [ 1825.902228] [VIO node]:[L141][isp0] vio_group_task_stop: done
Feb 13 10:10:30 localhost kernel: [ 1825.902233] [VPF ops]:[L210][vs-isp0_src][S2][C0] vpf_vdev_close: refcount 0
Feb 13 10:10:30 localhost kernel: [ 1825.902293] [VPF ops]:[L1732][vs-isp0_src][S2][C0] vpf_chain_del_vnode: done
Feb 13 10:10:30 localhost kernel: [ 1825.902302] [VPF ops]:[L2554][vs-isp0_src] vpf_device_close: done
Feb 13 10:10:30 localhost kernel: [ 1825.902359] [VPF ops]:[L210][vin2_pdaf][S2][C0] vpf_vdev_close: refcount 0
Feb 13 10:10:30 localhost kernel: [ 1825.902369] [L1119][S2] cim_subdev_close hw_id = 2, refcount = 0
Feb 13 10:10:30 localhost kernel: [ 1825.902374] [L1272][S2] cim_close open_cnt 3
Feb 13 10:10:30 localhost kernel: [ 1825.902378] [CIM]:[L216][S0]cim_video_close done ret:0 
Feb 13 10:10:30 localhost kernel: [ 1825.902383] [L1319][S0][V12] vin_node_close done
Feb 13 10:10:30 localhost kernel: [ 1825.902387] [VIN_NODE]:[L718][C0]vin_node_video_close done
Feb 13 10:10:30 localhost kernel: [ 1825.902391] [VPF ops]:[L2554][vin2_pdaf] vpf_device_close: done
Feb 13 10:10:30 localhost kernel: [ 1825.902399] [VPF ops]:[L210][vin2_emb][S2][C0] vpf_vdev_close: refcount 0
Feb 13 10:10:30 localhost kernel: [ 1825.902404] [L1119][S2] cim_subdev_close hw_id = 2, refcount = 0
Feb 13 10:10:30 localhost kernel: [ 1825.902408] [L1272][S2] cim_close open_cnt 2
Feb 13 10:10:30 localhost kernel: [ 1825.902412] [CIM]:[L216][S0]cim_video_close done ret:0 
Feb 13 10:10:30 localhost kernel: [ 1825.902415] [L1319][S0][V11] vin_node_close done
Feb 13 10:10:30 localhost kernel: [ 1825.902419] [VIN_NODE]:[L718][C0]vin_node_video_close done
Feb 13 10:10:30 localhost kernel: [ 1825.902423] [VPF ops]:[L2554][vin2_emb] vpf_device_close: done
Feb 13 10:10:30 localhost kernel: [ 1825.902429] [VPF ops]:[L210][vin2_cap][S2][C0] vpf_vdev_close: refcount 0
Feb 13 10:10:30 localhost kernel: [ 1825.902435] [L1119][S2] cim_subdev_close hw_id = 2, refcount = 0
Feb 13 10:10:30 localhost kernel: [ 1825.902439] [L1272][S2] cim_close open_cnt 1
Feb 13 10:10:30 localhost kernel: [ 1825.902442] [CIM]:[L216][S0]cim_video_close done ret:0 
Feb 13 10:10:30 localhost kernel: [ 1825.902446] [L1319][S0][V8] vin_node_close done
Feb 13 10:10:30 localhost kernel: [ 1825.902449] [VIN_NODE]:[L718][C0]vin_node_video_close done
Feb 13 10:10:30 localhost kernel: [ 1825.902519] [VPF ops]:[L2554][vin2_cap] vpf_device_close: done
Feb 13 10:10:30 localhost kernel: [ 1825.902536] [VIO node]:[L141][vin2] vio_group_task_stop: done
Feb 13 10:10:30 localhost kernel: [ 1825.902541] [VPF ops]:[L210][vin2_src][S2][C0] vpf_vdev_close: refcount 0
Feb 13 10:10:30 localhost kernel: [ 1825.902547] [L1119][S2] cim_subdev_close hw_id = 2, refcount = 0
Feb 13 10:10:30 localhost kernel: [ 1825.902554] [VPF mgr]:[L478]empty_camsys_reset: empty function
Feb 13 10:10:30 localhost kernel: [ 1825.902562] hobot-sif 3d040000.sif: sif2 reset done
Feb 13 10:10:30 localhost kernel: [ 1825.902569] [L1272][S2] cim_close open_cnt 0
Feb 13 10:10:30 localhost kernel: [ 1825.902572] [CIM]:[L216][S0]cim_video_close done ret:0 
Feb 13 10:10:30 localhost kernel: [ 1825.902603] vin mipi2: sensor2_mclk set 0 as 24000000
Feb 13 10:10:30 localhost kernel: [ 1825.902609] vin mipi2: snrclk set disable
Feb 13 10:10:30 localhost kernel: [ 1825.902614] vin mipi2: deinit cmd: 0 real
Feb 13 10:10:30 localhost kernel: [ 1825.902622] vin vcon2: get attr valid bus7 rx2 done
Feb 13 10:10:30 localhost kernel: [ 1825.902638] vin vcon2: flow2.ctx0 detach sensor2 done
Feb 13 10:10:30 localhost kernel: [ 1825.902642] vin vcon2: vcon2 close 0: flow2 ctx0 real
Feb 13 10:10:30 localhost kernel: [ 1825.902646] [L1319][S0][V0] vin_node_close done
Feb 13 10:10:30 localhost kernel: [ 1825.902650] [VIN_NODE]:[L718][C0]vin_node_video_close done
Feb 13 10:10:30 localhost kernel: [ 1825.902662] [VPF ops]:[L1732][vin2_src][S2][C0] vpf_chain_del_vnode: done
Feb 13 10:10:30 localhost kernel: [ 1825.902666] [VPF ops]:[L2554][vin2_src] vpf_device_close: done
Feb 13 10:10:30 localhost kernel: [ 1825.902681] vin sensor1: sensor_frame_end_stop_wait 8999 fe 0ms
Feb 13 10:10:30 localhost kernel: [ 1825.902686] vin sensor1: sensor_evk_do: finish to doing
Feb 13 10:10:30 localhost kernel: [ 1825.902692] vin sensor1: sensor_evk_do: doing wait evk abort -512
Feb 13 10:10:30 localhost kernel: [ 1825.902697] vin sensor1: sensor_detach flow1 link0 from sensor1 
Feb 13 10:10:30 localhost kernel: [ 1825.902703] vin sensor1:  release client NULL
Feb 13 10:10:30 localhost kernel: [ 1825.902711] [VPF ops]:[L2492][flow][S1] vpf_subdev_close: done
Feb 13 10:10:30 localhost kernel: [ 1825.902716] [VPF ops]:[L2554][flow] vpf_device_close: done
Feb 13 10:10:30 localhost kernel: [ 1825.902768] [VPF ops]:[L81][S1][vin1] vpf_wait_vnode_shot: cnt 10
Feb 13 10:10:30 localhost kernel: [ 1825.902778] [L898][S1]cim_subdev_pre_stop
Feb 13 10:10:30 localhost kernel: [ 1825.902784] vin sensor1: sensor_stop  has stoped 
Feb 13 10:10:30 localhost kernel: [ 1825.902788] vin vcon1: sensor1 stop real done
Feb 13 10:10:30 localhost kernel: [ 1825.902795] vin mipi1: stop cmd: 0 real
Feb 13 10:10:30 localhost kernel: [ 1825.902807] [L657]cim_check_exit_state cnt 20 status 0
Feb 13 10:10:30 localhost kernel: [ 1825.902815] [L849][S1]cim_subdev_stop
Feb 13 10:10:30 localhost kernel: [ 1825.902819] [CIM]:[L141][S0]cim_video_streamoff done
Feb 13 10:10:30 localhost kernel: [ 1825.902822] [L1185][S0]vin_node_stop done
Feb 13 10:10:30 localhost kernel: [ 1825.902826] [VIN_NODE]:[L578][C0]vin_node_video_streamoff done
Feb 13 10:10:30 localhost kernel: [ 1825.902830] [VPF ops]:[L1554][vin1_src][S1][C0] vpf_video_stop: done start_cnt 1
Feb 13 10:10:30 localhost kernel: [ 1825.902838] [VPF ops]:[L1554][vin1_cap][S1][C0] vpf_video_stop: done start_cnt 0
Feb 13 10:10:30 localhost kernel: [ 1825.902843] [VPF ops]:[L154][S1][vin1] vpf_safety_close: sudden close
Feb 13 10:10:30 localhost kernel: [ 1825.902849] [VPF ops]:[L210][vin1_pdaf][S1][C0] vpf_vdev_close: refcount 0
Feb 13 10:10:30 localhost kernel: [ 1825.902855] [L1119][S1] cim_subdev_close hw_id = 1, refcount = 0
Feb 13 10:10:30 localhost kernel: [ 1825.902860] [L1272][S1] cim_close open_cnt 3
Feb 13 10:10:30 localhost kernel: [ 1825.902863] [CIM]:[L216][S0]cim_video_close done ret:0 
Feb 13 10:10:30 localhost kernel: [ 1825.902867] [L1319][S0][V12] vin_node_close done
Feb 13 10:10:30 localhost kernel: [ 1825.902870] [VIN_NODE]:[L718][C0]vin_node_video_close done
Feb 13 10:10:30 localhost kernel: [ 1825.902875] [VPF ops]:[L2554][vin1_pdaf] vpf_device_close: done
Feb 13 10:10:30 localhost kernel: [ 1825.902883] [VPF ops]:[L210][vin1_emb][S1][C0] vpf_vdev_close: refcount 0
Feb 13 10:10:30 localhost kernel: [ 1825.902888] [L1119][S1] cim_subdev_close hw_id = 1, refcount = 0
Feb 13 10:10:30 localhost kernel: [ 1825.902892] [L1272][S1] cim_close open_cnt 2
Feb 13 10:10:30 localhost kernel: [ 1825.902895] [CIM]:[L216][S0]cim_video_close done ret:0 
Feb 13 10:10:30 localhost kernel: [ 1825.902899] [L1319][S0][V11] vin_node_close done
Feb 13 10:10:30 localhost kernel: [ 1825.902902] [VIN_NODE]:[L718][C0]vin_node_video_close done
Feb 13 10:10:30 localhost kernel: [ 1825.902907] [VPF ops]:[L2554][vin1_emb] vpf_device_close: done
Feb 13 10:10:30 localhost kernel: [ 1825.902913] [VPF ops]:[L210][vin1_cap][S1][C0] vpf_vdev_close: refcount 0
Feb 13 10:10:30 localhost kernel: [ 1825.902917] [L1119][S1] cim_subdev_close hw_id = 1, refcount = 0
Feb 13 10:10:30 localhost kernel: [ 1825.902921] [L1272][S1] cim_close open_cnt 1
Feb 13 10:10:30 localhost kernel: [ 1825.902925] [CIM]:[L216][S0]cim_video_close done ret:0 
Feb 13 10:10:30 localhost kernel: [ 1825.902928] [L1319][S0][V8] vin_node_close done
Feb 13 10:10:30 localhost kernel: [ 1825.902932] [VIN_NODE]:[L718][C0]vin_node_video_close done
Feb 13 10:10:30 localhost kernel: [ 1825.902971] [VPF ops]:[L2554][vin1_cap] vpf_device_close: done
Feb 13 10:10:30 localhost kernel: [ 1825.902978] [VIO node]:[L141][vin1] vio_group_task_stop: done
Feb 13 10:10:30 localhost kernel: [ 1825.902982] [VPF ops]:[L210][vin1_src][S1][C0] vpf_vdev_close: refcount 0
Feb 13 10:10:30 localhost kernel: [ 1825.902986] [L1119][S1] cim_subdev_close hw_id = 1, refcount = 0
Feb 13 10:10:30 localhost kernel: [ 1825.902993] [VPF mgr]:[L478]empty_camsys_reset: empty function
Feb 13 10:10:30 localhost kernel: [ 1825.902999] hobot-sif 3d030000.sif: sif1 reset done
Feb 13 10:10:30 localhost kernel: [ 1825.903005] [L1272][S1] cim_close open_cnt 0
Feb 13 10:10:30 localhost kernel: [ 1825.903009] [CIM]:[L216][S0]cim_video_close done ret:0 
Feb 13 10:10:30 localhost kernel: [ 1825.903030] vin mipi1: sensor1_mclk set 0 as 24000000
Feb 13 10:10:30 localhost kernel: [ 1825.903035] vin mipi1: snrclk set disable
Feb 13 10:10:30 localhost kernel: [ 1825.903039] vin mipi1: deinit cmd: 0 real
Feb 13 10:10:30 localhost kernel: [ 1825.903046] vin vcon1: get attr valid bus4 rx1 done
Feb 13 10:10:30 localhost kernel: [ 1825.903053] vin vcon1: flow1.ctx0 detach sensor1 done
Feb 13 10:10:30 localhost kernel: [ 1825.903057] vin vcon1: vcon1 close 0: flow1 ctx0 real
Feb 13 10:10:30 localhost kernel: [ 1825.903061] [L1319][S0][V0] vin_node_close done
Feb 13 10:10:30 localhost kernel: [ 1825.903065] [VIN_NODE]:[L718][C0]vin_node_video_close done
Feb 13 10:10:30 localhost kernel: [ 1825.903072] [VPF ops]:[L1732][vin1_src][S1][C0] vpf_chain_del_vnode: done
Feb 13 10:10:30 localhost kernel: [ 1825.903076] [VPF ops]:[L2554][vin1_src] vpf_device_close: done
Feb 13 10:10:30 localhost kernel: [ 1825.903090] vin sensor0: sensor_frame_end_stop_wait 8999 fe 0ms
Feb 13 10:10:30 localhost kernel: [ 1825.903095] vin sensor0: sensor_evk_do: finish to doing
Feb 13 10:10:30 localhost kernel: [ 1825.903100] vin sensor0: sensor_evk_do: doing wait evk abort -512
Feb 13 10:10:30 localhost kernel: [ 1825.903105] vin sensor0: sensor_detach flow0 link0 from sensor0 
Feb 13 10:10:30 localhost kernel: [ 1825.903110] vin sensor0:  release client NULL
Feb 13 10:10:30 localhost kernel: [ 1825.903126] [VPF ops]:[L2492][flow][S0] vpf_subdev_close: done
Feb 13 10:10:30 localhost kernel: [ 1825.903130] [VPF ops]:[L2554][flow] vpf_device_close: done
Feb 13 10:10:30 localhost kernel: [ 1825.907583] [VPF ops]:[L81][S0][vin0] vpf_wait_vnode_shot: cnt 10
Feb 13 10:10:30 localhost kernel: [ 1825.907604] [L898][S0]cim_subdev_pre_stop
Feb 13 10:10:30 localhost kernel: [ 1825.907612] vin sensor0: sensor_stop  has stoped 
Feb 13 10:10:30 localhost kernel: [ 1825.907616] vin vcon0: sensor0 stop real done
Feb 13 10:10:30 localhost kernel: [ 1825.907626] vin mipi0: stop cmd: 0 real
Feb 13 10:10:30 localhost kernel: [ 1825.907640] [L657]cim_check_exit_state cnt 20 status 0
Feb 13 10:10:30 localhost kernel: [ 1825.907648] [L849][S0]cim_subdev_stop
Feb 13 10:10:30 localhost kernel: [ 1825.907651] [CIM]:[L141][S0]cim_video_streamoff done
Feb 13 10:10:30 localhost kernel: [ 1825.907655] [L1185][S0]vin_node_stop done
Feb 13 10:10:30 localhost kernel: [ 1825.907658] [VIN_NODE]:[L578][C0]vin_node_video_streamoff done
Feb 13 10:10:30 localhost kernel: [ 1825.907663] [VPF ops]:[L1554][vin0_src][S0][C0] vpf_video_stop: done start_cnt 1
Feb 13 10:10:30 localhost kernel: [ 1825.907671] [VPF ops]:[L1554][vin0_cap][S0][C0] vpf_video_stop: done start_cnt 0
Feb 13 10:10:30 localhost kernel: [ 1825.907676] [VPF ops]:[L154][S0][vin0] vpf_safety_close: sudden close
Feb 13 10:10:30 localhost kernel: [ 1825.907682] [VPF ops]:[L210][vin0_pdaf][S0][C0] vpf_vdev_close: refcount 0
Feb 13 10:10:30 localhost kernel: [ 1825.907689] [L1119][S0] cim_subdev_close hw_id = 0, refcount = 0
Feb 13 10:10:30 localhost kernel: [ 1825.907694] [L1272][S0] cim_close open_cnt 3
Feb 13 10:10:30 localhost kernel: [ 1825.907697] [CIM]:[L216][S0]cim_video_close done ret:0 
Feb 13 10:10:30 localhost kernel: [ 1825.907701] [L1319][S0][V12] vin_node_close done
Feb 13 10:10:30 localhost kernel: [ 1825.907705] [VIN_NODE]:[L718][C0]vin_node_video_close done
Feb 13 10:10:30 localhost kernel: [ 1825.907710] [VPF ops]:[L2554][vin0_pdaf] vpf_device_close: done
Feb 13 10:10:30 localhost kernel: [ 1825.907722] [VPF ops]:[L210][vin0_emb][S0][C0] vpf_vdev_close: refcount 0
Feb 13 10:10:30 localhost kernel: [ 1825.907727] [L1119][S0] cim_subdev_close hw_id = 0, refcount = 0
Feb 13 10:10:30 localhost kernel: [ 1825.907731] [L1272][S0] cim_close open_cnt 2
Feb 13 10:10:30 localhost kernel: [ 1825.907734] [CIM]:[L216][S0]cim_video_close done ret:0 
Feb 13 10:10:30 localhost kernel: [ 1825.907738] [L1319][S0][V11] vin_node_close done
Feb 13 10:10:30 localhost kernel: [ 1825.907741] [VIN_NODE]:[L718][C0]vin_node_video_close done
Feb 13 10:10:30 localhost kernel: [ 1825.907745] [VPF ops]:[L2554][vin0_emb] vpf_device_close: done
Feb 13 10:10:30 localhost kernel: [ 1825.907751] [VPF ops]:[L210][vin0_cap][S0][C0] vpf_vdev_close: refcount 0
Feb 13 10:10:30 localhost kernel: [ 1825.907756] [L1119][S0] cim_subdev_close hw_id = 0, refcount = 0
Feb 13 10:10:30 localhost kernel: [ 1825.907760] [L1272][S0] cim_close open_cnt 1
Feb 13 10:10:30 localhost kernel: [ 1825.907763] [CIM]:[L216][S0]cim_video_close done ret:0 
Feb 13 10:10:30 localhost kernel: [ 1825.907767] [L1319][S0][V8] vin_node_close done
Feb 13 10:10:30 localhost kernel: [ 1825.907770] [VIN_NODE]:[L718][C0]vin_node_video_close done
Feb 13 10:10:30 localhost kernel: [ 1825.907912] [VPF ops]:[L2554][vin0_cap] vpf_device_close: done
Feb 13 10:10:30 localhost kernel: [ 1825.907923] [VIO node]:[L141][vin0] vio_group_task_stop: done
Feb 13 10:10:30 localhost kernel: [ 1825.907928] [VPF ops]:[L210][vin0_src][S0][C0] vpf_vdev_close: refcount 0
Feb 13 10:10:30 localhost kernel: [ 1825.907934] [L1119][S0] cim_subdev_close hw_id = 0, refcount = 0
Feb 13 10:10:30 localhost kernel: [ 1825.907940] [VPF mgr]:[L478]empty_camsys_reset: empty function
Feb 13 10:10:30 localhost kernel: [ 1825.907949] hobot-sif 3d020000.sif: sif0 reset done
Feb 13 10:10:30 localhost kernel: [ 1825.907968] [L1272][S0] cim_close open_cnt 0
Feb 13 10:10:30 localhost kernel: [ 1825.907972] [CIM]:[L216][S0]cim_video_close done ret:0 
Feb 13 10:10:30 localhost kernel: [ 1825.907996] vin mipi0: sensor0_mclk set 0 as 24000000
Feb 13 10:10:30 localhost kernel: [ 1825.908001] vin mipi0: snrclk set disable
Feb 13 10:10:30 localhost kernel: [ 1825.908007] vin mipi0: deinit cmd: 0 real
Feb 13 10:10:30 localhost kernel: [ 1825.908016] vin vcon0: get attr valid bus7 rx0 done
Feb 13 10:10:30 localhost kernel: [ 1825.908024] vin vcon0: flow0.ctx0 detach sensor0 done
Feb 13 10:10:30 localhost kernel: [ 1825.908028] vin vcon0: vcon0 close 0: flow0 ctx0 real
Feb 13 10:10:30 localhost kernel: [ 1825.908032] [L1319][S0][V0] vin_node_close done
Feb 13 10:10:30 localhost kernel: [ 1825.908036] [VIN_NODE]:[L718][C0]vin_node_video_close done
Feb 13 10:10:30 localhost kernel: [ 1825.908048] [VPF ops]:[L1732][vin0_src][S0][C0] vpf_chain_del_vnode: done
Feb 13 10:10:30 localhost kernel: [ 1825.908052] [VPF ops]:[L2554][vin0_src] vpf_device_close: done
Feb 13 10:11:14 localhost kernel: [ 1870.084636] EXT4-fs (mmcblk0p10): re-mounted. Quota mode: disabled.
Feb 13 10:10:33 localhost kernel: [ 1874.410086] hgic_sdio_copy_toio:600::err=-110
Feb 13 10:10:33 localhost kernel: [ 1874.410106] enter hgic_sdio_reinit_card
Feb 13 10:10:33 localhost kernel: [ 1874.443196] leave hgic_sdio_reinit_card
Feb 13 10:10:33 localhost kernel: [ 1874.443334] hgic_sdio_data_len:672::get len error
Feb 13 10:10:33 localhost kernel: [ 1874.443345] hgic_sdio_interrupt:725::data len error
Feb 13 10:10:33 localhost kernel: [ 1874.443360] enter hgic_sdio_reinit_card
Feb 13 10:10:33 localhost kernel: [ 1874.472961] leave hgic_sdio_reinit_card
Feb 13 10:10:33 localhost kernel: [ 1874.730168] hgic_sdio_data_len:672::get len error
Feb 13 10:10:33 localhost kernel: [ 1874.730187] hgic_sdio_interrupt:725::data len error
Feb 13 10:10:33 localhost kernel: [ 1874.730202] enter hgic_sdio_reinit_card
Feb 13 10:10:33 localhost kernel: [ 1874.762878] leave hgic_sdio_reinit_card
Feb 13 10:10:33 localhost kernel: [ 1874.839997] hgic_fwctrl_send_data:220::timeout, ctrl->rxq:0
Feb 13 10:10:33 localhost kernel: [ 1874.840014] hgic_bootdl_send_cmd_tmo:259::cmd: 0, no responce!!
Feb 13 10:10:33 localhost kernel: [ 1874.840019] hgic_bootdl_cmd_enter:290::failed! ret:-1
Feb 13 10:10:33 localhost kernel: [ 1874.840168] hgic_sdio_data_len:672::get len error
Feb 13 10:10:33 localhost kernel: [ 1874.840174] hgic_sdio_interrupt:725::data len error
Feb 13 10:10:33 localhost kernel: [ 1874.840189] enter hgic_sdio_reinit_card
Feb 13 10:10:33 localhost kernel: [ 1874.872900] leave hgic_sdio_reinit_card
Feb 13 10:10:34 localhost kernel: [ 1874.950038] hgic_fwctrl_send_data:220::timeout, ctrl->rxq:0
Feb 13 10:10:34 localhost kernel: [ 1874.950057] hgic_bootdl_send_cmd_tmo:259::cmd: 0, no responce!!
Feb 13 10:10:34 localhost kernel: [ 1874.950062] hgic_bootdl_cmd_enter:290::failed! ret:-1
Feb 13 10:10:34 localhost kernel: [ 1874.950214] hgic_sdio_data_len:672::get len error
Feb 13 10:10:34 localhost kernel: [ 1874.950221] hgic_sdio_interrupt:725::data len error
Feb 13 10:10:34 localhost kernel: [ 1874.950239] enter hgic_sdio_reinit_card
Feb 13 10:10:34 localhost kernel: [ 1874.982919] leave hgic_sdio_reinit_card
Feb 13 10:10:34 localhost kernel: [ 1875.069995] hgic_fwctrl_send_data:220::timeout, ctrl->rxq:0
Feb 13 10:10:34 localhost kernel: [ 1875.070016] hgic_bootdl_send_cmd_tmo:259::cmd: 0, no responce!!
Feb 13 10:10:34 localhost kernel: [ 1875.070021] hgic_bootdl_cmd_enter:290::failed! ret:-1
Feb 13 10:10:34 localhost kernel: [ 1875.070159] hgic_sdio_data_len:672::get len error
Feb 13 10:10:34 localhost kernel: [ 1875.070167] hgic_sdio_interrupt:725::data len error
Feb 13 10:10:34 localhost kernel: [ 1875.070183] enter hgic_sdio_reinit_card
Feb 13 10:10:34 localhost kernel: [ 1875.112881] leave hgic_sdio_reinit_card
Feb 13 10:10:34 localhost kernel: [ 1875.179974] hgic_fwctrl_send_data:220::timeout, ctrl->rxq:0
Feb 13 10:10:34 localhost kernel: [ 1875.179992] hgic_bootdl_send_cmd_tmo:259::cmd: 0, no responce!!
Feb 13 10:10:34 localhost kernel: [ 1875.179996] hgic_bootdl_cmd_enter:290::failed! ret:-1
Feb 13 10:10:34 localhost kernel: [ 1875.179999] hgicf_detect_work:905::need reload firmware ...
Feb 13 10:10:34 localhost kernel: [ 1875.180008] enter hgic_sdio_reinit_card
Feb 13 10:10:34 localhost kernel: [ 1875.222869] leave hgic_sdio_reinit_card
Feb 13 10:10:34 localhost kernel: [ 1875.222889] hgicf_download_fw:783::Enter
Feb 13 10:10:34 localhost kernel: [ 1875.223038] enter hgic_bootdl_download
Feb 13 10:10:34 localhost kernel: [ 1875.223491] hgic_get_fw_dl_addr:150::hgic_get_fw_dl_addr:Check Para:download addr:20001000
Feb 13 10:10:34 localhost kernel: [ 1875.223504] hgic_get_fw_aes_en:114::hgic_get_fw_aes_en:Check Para:aes_en:0
Feb 13 10:10:34 localhost kernel: [ 1875.223509] hgic_get_fw_crc_en:132::hgic_get_fw_crc_en:Check Para:crc_en:1
Feb 13 10:10:34 localhost kernel: [ 1875.223513] hgic_get_fw_local_crc32:204::hgic_get_fw_local_crc32:Check Para:local crc:0
Feb 13 10:10:34 localhost kernel: [ 1875.223519] hgic_get_fw_code_offset:186::hgic_get_fw_code_offset:Check Para:code offset:8192
Feb 13 10:10:34 localhost kernel: [ 1875.223523] hgic_bootdl_parse_fw:190::firmware hdr len  : 8192
Feb 13 10:10:34 localhost kernel: [ 1875.223527] hgic_bootdl_parse_fw:191::firmware run addr : 20001000
Feb 13 10:10:34 localhost kernel: [ 1875.223530] hgic_bootdl_parse_fw:192::firmware size     : 352784
Feb 13 10:10:34 localhost kernel: [ 1875.223534] hgic_bootdl_parse_fw:193::firmware aes_en:0,crc_en:1
Feb 13 10:10:34 localhost kernel: [ 1875.225568] hgic_bootdl_send_fw:216::Send fw data success!
Feb 13 10:10:34 localhost kernel: [ 1875.227568] hgic_bootdl_send_fw:216::Send fw data success!
Feb 13 10:10:34 localhost kernel: [ 1875.229563] hgic_bootdl_send_fw:216::Send fw data success!
Feb 13 10:10:34 localhost kernel: [ 1875.231572] hgic_bootdl_send_fw:216::Send fw data success!
Feb 13 10:10:34 localhost kernel: [ 1875.233575] hgic_bootdl_send_fw:216::Send fw data success!
Feb 13 10:10:34 localhost kernel: [ 1875.235573] hgic_bootdl_send_fw:216::Send fw data success!
Feb 13 10:10:34 localhost kernel: [ 1875.237566] hgic_bootdl_send_fw:216::Send fw data success!
Feb 13 10:10:34 localhost kernel: [ 1875.240305] hgic_bootdl_send_fw:216::Send fw data success!
Feb 13 10:10:34 localhost kernel: [ 1875.242356] hgic_bootdl_send_fw:216::Send fw data success!
Feb 13 10:10:34 localhost kernel: [ 1875.244384] hgic_bootdl_send_fw:216::Send fw data success!
Feb 13 10:10:34 localhost kernel: [ 1875.246433] hgic_bootdl_send_fw:216::Send fw data success!
Feb 13 10:10:34 localhost kernel: [ 1875.255645] hgic_bootdl_download:425::Cmd run success!
Feb 13 10:10:34 localhost kernel: [ 1875.255661] hgic_bootdl_download:429::Release boot download firmware...
Feb 13 10:10:34 localhost kernel: [ 1875.255790] leave hgic_bootdl_download
Feb 13 10:10:34 localhost kernel: [ 1875.300067] enter hgic_sdio_reinit_card
Feb 13 10:10:34 localhost kernel: [ 1875.342891] leave hgic_sdio_reinit_card
Feb 13 10:10:34 localhost kernel: [ 1875.366825] hgic fw info:1.6.4.5, svn version:40651, 1e:9e:14:96:a8:20, smt_dat:124111319
Feb 13 10:10:34 localhost kernel: [ 1875.366853] hgicf_load_config:117::load conf file: /etc/hgicf.conf
Feb 13 10:10:34 localhost kernel: [ 1875.366867] hgicf_load_config:132::param: [bss_bw=4]
Feb 13 10:10:34 localhost kernel: [ 1875.375476] hgicf_load_config:132::param: [chan_list=9060,9100,9140,9180,9220]
Feb 13 10:10:34 localhost kernel: [ 1875.387539] hgicf_load_config:132::param: [country_code=]
Feb 13 10:10:34 localhost kernel: [ 1875.387555] hgicf_load_config:136::invalid param:[country_code=]
Feb 13 10:10:34 localhost kernel: [ 1875.387561] hgicf_load_config:132::param: [freq_range=]
Feb 13 10:10:34 localhost kernel: [ 1875.387566] hgicf_load_config:136::invalid param:[freq_range=]
Feb 13 10:10:34 localhost kernel: [ 1875.387569] hgicf_load_config:132::param: [key_mgmt=WPA-PSK]
Feb 13 10:10:34 localhost kernel: [ 1875.391101] hgicf_load_config:132::param: [mode=sta]
Feb 13 10:10:34 localhost kernel: [ 1875.394202] hgicf_load_config:132::param: [ssid=LK-AP2P1US000024]
Feb 13 10:10:34 localhost kernel: [ 1875.395940] hgicf_load_config:132::param: [tx_mcs=255]
Feb 13 10:10:34 localhost kernel: [ 1875.399576] hgicf_load_config:132::param: [wpa_psk=baa58569a9edd7c3a55e446bc658ef76a7173d023d256786832474d737756a11]
Feb 13 10:10:34 localhost kernel: [ 1875.410953] hgicf_delay_init:877::Leave, ret=28, soft_fc=1
Feb 13 10:10:42 localhost kernel: [ 1883.352963] [VPF mgr]:[L478]empty_camsys_reset: empty function
Feb 13 10:10:42 localhost kernel: [ 1883.352984] [L1228]cim_open open_cnt :1
Feb 13 10:10:42 localhost kernel: [ 1883.352990] [CIM]:[L192][S0]cim_video_open done ret val:0
Feb 13 10:10:42 localhost kernel: [ 1883.352994] [L1227][S0]vin_node_open done
Feb 13 10:10:42 localhost kernel: [ 1883.352999] [VIN_NODE]:[L694][C0]vin_node_video_open done
Feb 13 10:10:42 localhost kernel: [ 1883.353003] [VPF ops]:[L2575][vin2_src] vpf_device_open: done
Feb 13 10:10:42 localhost kernel: [ 1883.353022] [L1228]cim_open open_cnt :2
Feb 13 10:10:42 localhost kernel: [ 1883.353026] [CIM]:[L192][S0]cim_video_open done ret val:0
Feb 13 10:10:42 localhost kernel: [ 1883.353029] [L1227][S0]vin_node_open done
Feb 13 10:10:42 localhost kernel: [ 1883.353033] [VIN_NODE]:[L694][C0]vin_node_video_open done
Feb 13 10:10:42 localhost kernel: [ 1883.353036] [VPF ops]:[L2575][vin2_cap] vpf_device_open: done
Feb 13 10:10:42 localhost kernel: [ 1883.353048] [L1228]cim_open open_cnt :3
Feb 13 10:10:42 localhost kernel: [ 1883.353051] [CIM]:[L192][S0]cim_video_open done ret val:0
Feb 13 10:10:42 localhost kernel: [ 1883.353055] [L1227][S0]vin_node_open done
Feb 13 10:10:42 localhost kernel: [ 1883.353059] [VIN_NODE]:[L694][C0]vin_node_video_open done
Feb 13 10:10:42 localhost kernel: [ 1883.353062] [VPF ops]:[L2575][vin2_emb] vpf_device_open: done
Feb 13 10:10:42 localhost kernel: [ 1883.353074] [L1228]cim_open open_cnt :4
Feb 13 10:10:42 localhost kernel: [ 1883.353077] [CIM]:[L192][S0]cim_video_open done ret val:0
Feb 13 10:10:42 localhost kernel: [ 1883.353081] [L1227][S0]vin_node_open done
Feb 13 10:10:42 localhost kernel: [ 1883.353084] [VIN_NODE]:[L694][C0]vin_node_video_open done
Feb 13 10:10:42 localhost kernel: [ 1883.353087] [VPF ops]:[L2575][vin2_pdaf] vpf_device_open: done
Feb 13 10:10:42 localhost kernel: [ 1883.353115] [VPF ops]:[L439][vin2_src][C0] vpf_vctx_bind_vdev: done, ctx_index(0) refcount(1)
Feb 13 10:10:42 localhost kernel: [ 1883.353122] [VPF ops]:[L1875][vin2_src][C0] vpf_video_bind_context: done
Feb 13 10:10:42 localhost kernel: [ 1883.353129] [VPF ops]:[L439][vin2_cap][C0] vpf_vctx_bind_vdev: done, ctx_index(0) refcount(1)
Feb 13 10:10:42 localhost kernel: [ 1883.353134] [VPF ops]:[L1875][vin2_cap][C0] vpf_video_bind_context: done
Feb 13 10:10:42 localhost kernel: [ 1883.353139] [VPF ops]:[L439][vin2_emb][C0] vpf_vctx_bind_vdev: done, ctx_index(0) refcount(1)
Feb 13 10:10:42 localhost kernel: [ 1883.353144] [VPF ops]:[L1875][vin2_emb][C0] vpf_video_bind_context: done
Feb 13 10:10:42 localhost kernel: [ 1883.353149] [VPF ops]:[L439][vin2_pdaf][C0] vpf_vctx_bind_vdev: done, ctx_index(0) refcount(1)
Feb 13 10:10:42 localhost kernel: [ 1883.353154] [VPF ops]:[L1875][vin2_pdaf][C0] vpf_video_bind_context: done
Feb 13 10:10:42 localhost kernel: [ 1883.353181] [VIN_NODE]:[L38]The vin node driver version is v1.1
Feb 13 10:10:42 localhost kernel: [ 1883.353185] [VPF ops]:[L1031][vin2_src][C0] vpf_video_get_version: done
Feb 13 10:10:42 localhost kernel: [ 1883.353222] [VPF ops]:[L1079][vin2_src][C0] vpf_video_get_struct_size: done
Feb 13 10:10:42 localhost kernel: [ 1883.353241] [CIM]:[L247][C0]cim_video_set_attr done ret val:0
Feb 13 10:10:42 localhost kernel: [ 1883.353245] [L423][C0] vin_node_set_attr ipi 0 done
Feb 13 10:10:42 localhost kernel: [ 1883.353250] [VIN_NODE]:[L239][C0]vin_node_video_set_attr done
Feb 13 10:10:42 localhost kernel: [ 1883.353254] [VPF ops]:[L689][vin2_cap][C0] vpf_video_set_init_attr: done
Feb 13 10:10:42 localhost kernel: [ 1883.353263] vin vcon2: vcon2 open 0: flow65535 ctx0 real
Feb 13 10:10:42 localhost kernel: [ 1883.353269] [L624][S65535][C0][ipi0]cim_subdev_init hw_id = 2
Feb 13 10:10:42 localhost kernel: [ 1883.353274] [CIM]:[L247][C0]cim_video_set_attr done ret val:0
Feb 13 10:10:42 localhost kernel: [ 1883.353279] vin vcon2: get attr valid bus7 rx2 done
Feb 13 10:10:42 localhost kernel: [ 1883.353296] [L423][C0] vin_node_set_attr ipi 0 done
Feb 13 10:10:42 localhost kernel: [ 1883.353307] [VIN_NODE]:[L239][C0]vin_node_video_set_attr done
Feb 13 10:10:42 localhost kernel: [ 1883.353311] [VIO node]:[L104][vin2] vio_group_task_start: sched_mode 1
Feb 13 10:10:42 localhost kernel: [ 1883.353316] [VPF ops]:[L689][vin2_src][C0] vpf_video_set_init_attr: done
Feb 13 10:10:42 localhost kernel: [ 1883.353322] [CIM]:[L247][C0]cim_video_set_attr done ret val:0
Feb 13 10:10:42 localhost kernel: [ 1883.353326] [L423][C0] vin_node_set_attr ipi 0 done
Feb 13 10:10:42 localhost kernel: [ 1883.353330] [VIN_NODE]:[L239][C0]vin_node_video_set_attr done
Feb 13 10:10:42 localhost kernel: [ 1883.353333] [VPF ops]:[L689][vin2_emb][C0] vpf_video_set_init_attr: done
Feb 13 10:10:42 localhost kernel: [ 1883.353338] [CIM]:[L247][C0]cim_video_set_attr done ret val:0
Feb 13 10:10:42 localhost kernel: [ 1883.353342] [L423][C0] vin_node_set_attr ipi 0 done
Feb 13 10:10:42 localhost kernel: [ 1883.353345] [VIN_NODE]:[L239][C0]vin_node_video_set_attr done
Feb 13 10:10:42 localhost kernel: [ 1883.353349] [VPF ops]:[L689][vin2_pdaf][C0] vpf_video_set_init_attr: done
Feb 13 10:10:42 localhost kernel: [ 1883.353365] [VPF ops]:[L1079][vin2_src][C0] vpf_video_get_struct_size: done
Feb 13 10:10:42 localhost kernel: [ 1883.353382] [L709][S65535] vin_node_set_ichn_attr begin format 43 width 1088 
Feb 13 10:10:42 localhost kernel: [ 1883.353390] [L527][S0][ipi0]cim_set_ichn_attr done
Feb 13 10:10:42 localhost kernel: [ 1883.353394] [CIM]:[L309][S0]cim_video_set_ichn_attr done ret val:0
Feb 13 10:10:42 localhost kernel: [ 1883.353399] [L724][S0]vin_node_set_ichn_attr done
Feb 13 10:10:42 localhost kernel: [ 1883.353402] [VIN_NODE]:[L427][C0]vin_node_video_set_ichn_attr done
Feb 13 10:10:42 localhost kernel: [ 1883.353409] [L1023][S0] vin_node_reqbufs done bit_map 0x1 planecount 1 
Feb 13 10:10:42 localhost kernel: [ 1883.353413] [VIN_NODE]:[L743][C0]vin_node_video_reqbufs done
Feb 13 10:10:42 localhost kernel: [ 1883.353426] [VPF ops]:[L1193][F0] vpf_fill_frame_info: L0 use width instead of wstride
Feb 13 10:10:42 localhost kernel: [ 1883.353431] [VPF ops]:[L1197][F0] vpf_fill_frame_info: L0 use height instead of vstride
Feb 13 10:10:42 localhost kernel: [ 1883.353436] [VPF ops]:[L1193][F1] vpf_fill_frame_info: L0 use width instead of wstride
Feb 13 10:10:42 localhost kernel: [ 1883.353440] [VPF ops]:[L1197][F1] vpf_fill_frame_info: L0 use height instead of vstride
Feb 13 10:10:42 localhost kernel: [ 1883.353444] [VPF ops]:[L1193][F2] vpf_fill_frame_info: L0 use width instead of wstride
Feb 13 10:10:42 localhost kernel: [ 1883.353448] [VPF ops]:[L1197][F2] vpf_fill_frame_info: L0 use height instead of vstride
Feb 13 10:10:42 localhost kernel: [ 1883.353452] [VPF ops]:[L1193][F3] vpf_fill_frame_info: L0 use width instead of wstride
Feb 13 10:10:42 localhost kernel: [ 1883.353455] [VPF ops]:[L1197][F3] vpf_fill_frame_info: L0 use height instead of vstride
Feb 13 10:10:42 localhost kernel: [ 1883.353459] [VPF ops]:[L1193][F4] vpf_fill_frame_info: L0 use width instead of wstride
Feb 13 10:10:42 localhost kernel: [ 1883.353463] [VPF ops]:[L1197][F4] vpf_fill_frame_info: L0 use height instead of vstride
Feb 13 10:10:42 localhost kernel: [ 1883.353467] [VPF ops]:[L1193][F5] vpf_fill_frame_info: L0 use width instead of wstride
Feb 13 10:10:42 localhost kernel: [ 1883.353471] [VPF ops]:[L1197][F5] vpf_fill_frame_info: L0 use height instead of vstride
Feb 13 10:10:42 localhost kernel: [ 1883.353474] [VPF ops]:[L1193][F6] vpf_fill_frame_info: L0 use width instead of wstride
Feb 13 10:10:42 localhost kernel: [ 1883.353478] [VPF ops]:[L1197][F6] vpf_fill_frame_info: L0 use height instead of vstride
Feb 13 10:10:42 localhost kernel: [ 1883.353482] [VPF ops]:[L1193][F7] vpf_fill_frame_info: L0 use width instead of wstride
Feb 13 10:10:42 localhost kernel: [ 1883.353485] [VPF ops]:[L1197][F7] vpf_fill_frame_info: L0 use height instead of vstride
Feb 13 10:10:42 localhost kernel: [ 1883.353489] [VPF ops]:[L1193][F8] vpf_fill_frame_info: L0 use width instead of wstride
Feb 13 10:10:42 localhost kernel: [ 1883.353492] [VPF ops]:[L1197][F8] vpf_fill_frame_info: L0 use height instead of vstride
Feb 13 10:10:42 localhost kernel: [ 1883.353496] [VPF ops]:[L1193][F9] vpf_fill_frame_info: L0 use width instead of wstride
Feb 13 10:10:42 localhost kernel: [ 1883.353500] [VPF ops]:[L1197][F9] vpf_fill_frame_info: L0 use height instead of vstride
Feb 13 10:10:42 localhost kernel: [ 1883.353504] [VPF ops]:[L1193][F10] vpf_fill_frame_info: L0 use width instead of wstride
Feb 13 10:10:42 localhost kernel: [ 1883.353508] [VPF ops]:[L1197][F10] vpf_fill_frame_info: L0 use height instead of vstride
Feb 13 10:10:42 localhost kernel: [ 1883.353512] [VPF ops]:[L1193][F11] vpf_fill_frame_info: L0 use width instead of wstride
Feb 13 10:10:42 localhost kernel: [ 1883.353516] [VPF ops]:[L1197][F11] vpf_fill_frame_info: L0 use height instead of vstride
Feb 13 10:10:42 localhost kernel: [ 1883.353520] [VPF ops]:[L1193][F12] vpf_fill_frame_info: L0 use width instead of wstride
Feb 13 10:10:42 localhost kernel: [ 1883.353523] [VPF ops]:[L1197][F12] vpf_fill_frame_info: L0 use height instead of vstride
Feb 13 10:10:42 localhost kernel: [ 1883.353527] [VPF ops]:[L1193][F13] vpf_fill_frame_info: L0 use width instead of wstride
Feb 13 10:10:42 localhost kernel: [ 1883.353531] [VPF ops]:[L1197][F13] vpf_fill_frame_info: L0 use height instead of vstride
Feb 13 10:10:42 localhost kernel: [ 1883.353534] [VPF ops]:[L1193][F14] vpf_fill_frame_info: L0 use width instead of wstride
Feb 13 10:10:42 localhost kernel: [ 1883.353538] [VPF ops]:[L1197][F14] vpf_fill_frame_info: L0 use height instead of vstride
Feb 13 10:10:42 localhost kernel: [ 1883.353542] [VPF ops]:[L1193][F15] vpf_fill_frame_info: L0 use width instead of wstride
Feb 13 10:10:42 localhost kernel: [ 1883.353545] [VPF ops]:[L1197][F15] vpf_fill_frame_info: L0 use height instead of vstride
Feb 13 10:10:42 localhost kernel: [ 1883.353549] [VPF ops]:[L1325][vin2_src][C0] vpf_request_frames: reqbuf number 16
Feb 13 10:10:42 localhost kernel: [ 1883.353554] [VPF ops]:[L850][vin2_src][C0] vpf_video_set_ichn_attr: done
Feb 13 10:10:42 localhost kernel: [ 1883.353573] [VPF ops]:[L1079][vin2_src][C0] vpf_video_get_struct_size: done
Feb 13 10:10:42 localhost kernel: [ 1883.353590] [L236][S0] ochn0 auto calc vstride 1280
Feb 13 10:10:42 localhost kernel: [ 1883.353596] [L160]vin_basic_attr->format:43
Feb 13 10:10:42 localhost kernel: [ 1883.353601] [L425][S0][ipi0][ochn0]cim_set_ochn_attr done
Feb 13 10:10:42 localhost kernel: [ 1883.353605] [CIM]:[L340][S0]cim_video_set_ochn_attr done ret val:0
Feb 13 10:10:42 localhost kernel: [ 1883.353609] [L652][S0]vin_node_set_ochn_attr done
Feb 13 10:10:42 localhost kernel: [ 1883.353612] [VIN_NODE]:[L364][C0]vin_node_video_set_ochn_attr done
Feb 13 10:10:42 localhost kernel: [ 1883.353616] [L975]VNODE_ID_CAP wstride 2176
Feb 13 10:10:42 localhost kernel: [ 1883.353619] [L977]VNODE_ID_CAP vstride 1280
Feb 13 10:10:42 localhost kernel: [ 1883.353623] [L981]vstride 1280  planecount 1 
Feb 13 10:10:42 localhost kernel: [ 1883.353626] [L1023][S0] vin_node_reqbufs done bit_map 0x1 planecount 1 
Feb 13 10:10:42 localhost kernel: [ 1883.353630] [VIN_NODE]:[L743][C0]vin_node_video_reqbufs done
Feb 13 10:10:42 localhost kernel: [ 1883.353642] [VPF ops]:[L1325][vin2_cap][C0] vpf_request_frames: reqbuf number 16
Feb 13 10:10:42 localhost kernel: [ 1883.353647] [VPF ops]:[L978][vin2_cap][C0] vpf_video_set_ochn_attr: done
Feb 13 10:10:42 localhost kernel: [ 1883.353666] [VPF ops]:[L1079][vin2_src][C0] vpf_video_get_struct_size: done
Feb 13 10:10:42 localhost kernel: [ 1883.353685] vin mipi2: snrclk set freq cmd
Feb 13 10:10:42 localhost kernel: [ 1883.353700] vin mipi2: sensor2_mclk set 24000000 as 24000000
Feb 13 10:10:42 localhost kernel: [ 1883.353706] vin mipi2: snrclk set en cmd
Feb 13 10:10:42 localhost kernel: [ 1883.353709] vin mipi2: snrclk set enable
Feb 13 10:10:42 localhost kernel: [ 1883.353728] [L517][S0]vin_node_set_attr_ex done
Feb 13 10:10:42 localhost kernel: [ 1883.353732] [VIN_NODE]:[L324][C0]vin_node_video_set_attr_ex done
Feb 13 10:10:42 localhost kernel: [ 1883.353736] [VPF ops]:[L763][vin2_src][C0] vpf_video_set_attr_ex: done
Feb 13 10:10:42 localhost kernel: [ 1883.353741] [L517][S0]vin_node_set_attr_ex done
Feb 13 10:10:42 localhost kernel: [ 1883.353745] [VIN_NODE]:[L324][C0]vin_node_video_set_attr_ex done
Feb 13 10:10:42 localhost kernel: [ 1883.353748] [VPF ops]:[L763][vin2_cap][C0] vpf_video_set_attr_ex: done
Feb 13 10:10:42 localhost kernel: [ 1883.353773] [L975]VNODE_ID_CAP wstride 2176
Feb 13 10:10:42 localhost kernel: [ 1883.353776] [L977]VNODE_ID_CAP vstride 1280
Feb 13 10:10:42 localhost kernel: [ 1883.353780] [L981]vstride 1280  planecount 1 
Feb 13 10:10:42 localhost kernel: [ 1883.353783] [L1023][S0] vin_node_reqbufs done bit_map 0x1 planecount 1 
Feb 13 10:10:42 localhost kernel: [ 1883.353788] [VIN_NODE]:[L743][C0]vin_node_video_reqbufs done
Feb 13 10:10:42 localhost kernel: [ 1883.353798] [VPF ops]:[L1325][vin2_cap][C0] vpf_request_frames: reqbuf number 3
Feb 13 10:10:42 localhost kernel: [ 1883.353918] [VPF ops]:[L1464][vin2_cap][C0] vpf_video_reqbufs: done
Feb 13 10:10:42 localhost kernel: [ 1883.430312] [VPF ops]:[L2066][vin2_cap][C0] vpf_video_querybuf: done
Feb 13 10:10:42 localhost kernel: [ 1883.430612] [VPF ops]:[L2066][vin2_cap][C0] vpf_video_querybuf: done
Feb 13 10:10:42 localhost kernel: [ 1883.430730] [VPF ops]:[L2066][vin2_cap][C0] vpf_video_querybuf: done
Feb 13 10:10:42 localhost kernel: [ 1883.430875] [VPF ops]:[L2575][vs-isp0_src] vpf_device_open: done
Feb 13 10:10:42 localhost kernel: [ 1883.430897] [VPF ops]:[L2575][vs-isp0_src_pd] vpf_device_open: done
Feb 13 10:10:42 localhost kernel: [ 1883.433297] [VPF ops]:[L2575][vs-isp0_cap] vpf_device_open: done
Feb 13 10:10:42 localhost kernel: [ 1883.433360] [VPF ops]:[L2575][vs-isp0_cap_raw] vpf_device_open: done
Feb 13 10:10:42 localhost kernel: [ 1883.433375] [VPF ops]:[L439][vs-isp0_src][C0] vpf_vctx_bind_vdev: done, ctx_index(0) refcount(1)
Feb 13 10:10:42 localhost kernel: [ 1883.433384] [VPF ops]:[L1875][vs-isp0_src][C0] vpf_video_bind_context: done
Feb 13 10:10:42 localhost kernel: [ 1883.433391] [VPF ops]:[L439][vs-isp0_src_pd][C0] vpf_vctx_bind_vdev: done, ctx_index(0) refcount(1)
Feb 13 10:10:42 localhost kernel: [ 1883.433397] [VPF ops]:[L1875][vs-isp0_src_pd][C0] vpf_video_bind_context: done
Feb 13 10:10:42 localhost kernel: [ 1883.433403] [VPF ops]:[L439][vs-isp0_cap][C0] vpf_vctx_bind_vdev: done, ctx_index(0) refcount(1)
Feb 13 10:10:42 localhost kernel: [ 1883.433408] [VPF ops]:[L1875][vs-isp0_cap][C0] vpf_video_bind_context: done
Feb 13 10:10:42 localhost kernel: [ 1883.433413] [VPF ops]:[L439][vs-isp0_cap_raw][C0] vpf_vctx_bind_vdev: done, ctx_index(0) refcount(1)
Feb 13 10:10:42 localhost kernel: [ 1883.433418] [VPF ops]:[L1875][vs-isp0_cap_raw][C0] vpf_video_bind_context: done
Feb 13 10:10:42 localhost kernel: [ 1883.433435] [VPF ops]:[L1079][vs-isp0_src][C0] vpf_video_get_struct_size: done
Feb 13 10:10:42 localhost kernel: [ 1883.433444] [VPF ops]:[L689][vs-isp0_cap][C0] vpf_video_set_init_attr: done
Feb 13 10:10:42 localhost kernel: [ 1883.436575] [VIO node]:[L104][isp0] vio_group_task_start: sched_mode 1
Feb 13 10:10:42 localhost kernel: [ 1883.436599] [VPF ops]:[L689][vs-isp0_src][C0] vpf_video_set_init_attr: done
Feb 13 10:10:42 localhost kernel: [ 1883.436618] [VPF ops]:[L689][vs-isp0_src_pd][C0] vpf_video_set_init_attr: done
Feb 13 10:10:42 localhost kernel: [ 1883.436626] [VPF ops]:[L689][vs-isp0_cap_raw][C0] vpf_video_set_init_attr: done
Feb 13 10:10:42 localhost kernel: [ 1883.436641] [VPF ops]:[L1079][vs-isp0_src][C0] vpf_video_get_struct_size: done
Feb 13 10:10:42 localhost kernel: [ 1883.436656] isp_set_ochn_attr format=6,width=1088,stride=1088,height=1280
Feb 13 10:10:42 localhost kernel: [ 1883.437277] isp_video_reqbufs done bit_map 0x1 planecount 2 vctx->id:8
Feb 13 10:10:42 localhost kernel: [ 1883.437319] [VPF ops]:[L1325][vs-isp0_cap][C0] vpf_request_frames: reqbuf number 16
Feb 13 10:10:42 localhost kernel: [ 1883.437328] [VPF ops]:[L978][vs-isp0_cap][C0] vpf_video_set_ochn_attr: done
Feb 13 10:10:42 localhost kernel: [ 1883.437355] [VPF ops]:[L1079][vs-isp0_src][C0] vpf_video_get_struct_size: done
Feb 13 10:10:42 localhost kernel: [ 1883.437366] isp_video_set_ichn_attr format=2,width=1088,stride=2176,height=1280,hdr_en=0
Feb 13 10:10:42 localhost kernel: [ 1883.437786] isp_video_reqbufs done bit_map 0x1 planecount 1 vctx->id:0
Feb 13 10:10:42 localhost kernel: [ 1883.437819] [VPF ops]:[L1325][vs-isp0_src][C0] vpf_request_frames: reqbuf number 16
Feb 13 10:10:42 localhost kernel: [ 1883.437826] [VPF ops]:[L850][vs-isp0_src][C0] vpf_video_set_ichn_attr: done
Feb 13 10:10:42 localhost kernel: [ 1883.437853] isp_video_reqbufs done bit_map 0x1 planecount 2 vctx->id:8
Feb 13 10:10:42 localhost kernel: [ 1883.437863] [VPF ops]:[L1325][vs-isp0_cap][C0] vpf_request_frames: reqbuf number 3
Feb 13 10:10:42 localhost kernel: [ 1883.437990] [VPF ops]:[L1464][vs-isp0_cap][C0] vpf_video_reqbufs: done
Feb 13 10:10:42 localhost kernel: [ 1883.438017] [VPF ops]:[L2066][vs-isp0_cap][C0] vpf_video_querybuf: done
Feb 13 10:10:42 localhost kernel: [ 1883.438239] [VPF ops]:[L2066][vs-isp0_cap][C0] vpf_video_querybuf: done
Feb 13 10:10:42 localhost kernel: [ 1883.438344] [VPF ops]:[L2066][vs-isp0_cap][C0] vpf_video_querybuf: done
Feb 13 10:10:42 localhost kernel: [ 1883.438542] [VPF ops]:[L2575][flow] vpf_device_open: done
Feb 13 10:10:42 localhost kernel: [ 1883.438558] [VPF ops]:[L1031][flow][C0] vpf_video_get_version: done
Feb 13 10:10:42 localhost kernel: [ 1883.438582] [VPF ops]:[L360][S0] vpf_bind_chain: bind done
Feb 13 10:10:42 localhost kernel: [ 1883.438592] [VPF ops]:[L2223][flow][C0] vpf_video_bind_pipeline: done
Feb 13 10:10:42 localhost kernel: [ 1883.438639] [VPF ops]:[L1685][vin2_src][S0][C0] vpf_chain_add_vnode: done
Feb 13 10:10:42 localhost kernel: [ 1883.438645] [VPF ops]:[L1825][vin2_src][C0] vpf_video_add_vnode: done
Feb 13 10:10:42 localhost kernel: [ 1883.438659] [VPF ops]:[L1685][vs-isp0_src][S0][C0] vpf_chain_add_vnode: done
Feb 13 10:10:42 localhost kernel: [ 1883.438664] [VPF ops]:[L1825][vs-isp0_src][C0] vpf_video_add_vnode: done
Feb 13 10:10:42 localhost kernel: [ 1883.438971] [CIM]:[L419][S0]cim_video_get_attr done ret val:0
Feb 13 10:10:42 localhost kernel: [ 1883.438984] vin vcon2: get attr valid bus7 rx2 done
Feb 13 10:10:42 localhost kernel: [ 1883.438989] [L306][S0]vin_node_get_attr done
Feb 13 10:10:42 localhost kernel: [ 1883.438994] [VIN_NODE]:[L286][C0]vin_node_video_get_attr done
Feb 13 10:10:42 localhost kernel: [ 1883.439410] vin sensor0: camera_init_req cmd: initing
Feb 13 10:10:42 localhost kernel: [ 1883.709715] vin sensor0: sc132gs open i2c7@0x32
Feb 13 10:10:42 localhost kernel: [ 1883.709749] vin sensor0: camera_tuning_update_param done
Feb 13 10:10:42 localhost kernel: [ 1883.710307] vin sensor0: camera_init_result cmd: done wake
Feb 13 10:10:42 localhost kernel: [ 1883.710352] vin sensor0: sensor_evu_do: default to wait
Feb 13 10:10:42 localhost kernel: [ 1883.710394] vin sensor0: camera_set_intrinsic_param port 0 done
Feb 13 10:10:42 localhost kernel: [ 1883.710518] vin sensor0: sensor_attach flow0 ctx0 to sensor0 sc132gs
Feb 13 10:10:42 localhost kernel: [ 1883.710526] vin vcon2: flow0.ctx0 attach sensor0 done
Feb 13 10:10:42 localhost kernel: [ 1883.710530] vin vcon2: set internal attr attach done
Feb 13 10:10:42 localhost kernel: [ 1883.710547] vin mipi2: init cmd: 0 real
Feb 13 10:10:42 localhost kernel: [ 1883.710557] vin mipi2: 1 lane 1088x1280 30fps datatype 0x2b
Feb 13 10:10:42 localhost kernel: [ 1883.710563] vin mipi2: snrclk set disable
Feb 13 10:10:42 localhost kernel: [ 1883.710585] vin mipi2: ipiclk limit 21000000 up to 600000000
Feb 13 10:10:42 localhost kernel: [ 1883.710601] vin mipi2: ipiclk set 600000000 get 600000000
Feb 13 10:10:42 localhost kernel: [ 1883.710606] vin mipi2: dphy 1200Mbps/1lane: ppi 8bit settle 20
Feb 13 10:10:42 localhost kernel: [ 1883.710638] vin sensor0: ctrl_mode set to user
Feb 13 10:10:42 localhost kernel: [ 1883.743923] vin mipi2: linelenth: 1400, framelenth: 1500, fps: 30, ipiclk: 600000000, rx_bit_clk: 1200000000
Feb 13 10:10:42 localhost kernel: [ 1883.743947] vin mipi2: ipi config hsa: 4, hbp: 4, hsd: 42
Feb 13 10:10:42 localhost kernel: [ 1883.743954] vin mipi2: config 1/1 ipi done
Feb 13 10:10:42 localhost kernel: [ 1883.743960] vin mipi2: check phy stop state
Feb 13 10:10:42 localhost kernel: [ 1883.746974] [L587][S0]vin_node_set_internal_attr done
Feb 13 10:10:42 localhost kernel: [ 1883.746989] [VIN_NODE]:[L514][C0]vin_node_video_set_internal_attr done
Feb 13 10:10:42 localhost kernel: [ 1883.746997] [L1023][S0] vin_node_reqbufs done bit_map 0x1 planecount 1 
Feb 13 10:10:42 localhost kernel: [ 1883.747002] [VIN_NODE]:[L743][C0]vin_node_video_reqbufs done
Feb 13 10:10:42 localhost kernel: [ 1883.747006] [VPF ops]:[L1005][vin2_src][C0] vpf_video_set_inter_attr: done
Feb 13 10:10:42 localhost kernel: [ 1883.747036] isp_video_set_inter_attr flow_id = 0, sensor_name = sc132gs, sensor_cali_name = /app/BestMow/startup_script/sensor_config/darktime/sc132gs_tuning_left.json
Feb 13 10:10:43 localhost kernel: [ 1883.980419] [VPF mgr]:[L478]empty_camsys_reset: empty function
Feb 13 10:10:43 localhost kernel: [ 1883.980439] [L1228]cim_open open_cnt :1
Feb 13 10:10:43 localhost kernel: [ 1883.980444] [CIM]:[L192][S0]cim_video_open done ret val:0
Feb 13 10:10:43 localhost kernel: [ 1883.980448] [L1227][S0]vin_node_open done
Feb 13 10:10:43 localhost kernel: [ 1883.980453] [VIN_NODE]:[L694][C0]vin_node_video_open done
Feb 13 10:10:43 localhost kernel: [ 1883.980457] [VPF ops]:[L2575][vin0_src] vpf_device_open: done
Feb 13 10:10:43 localhost kernel: [ 1883.980472] [L1228]cim_open open_cnt :2
Feb 13 10:10:43 localhost kernel: [ 1883.980476] [CIM]:[L192][S0]cim_video_open done ret val:0
Feb 13 10:10:43 localhost kernel: [ 1883.980479] [L1227][S0]vin_node_open done
Feb 13 10:10:43 localhost kernel: [ 1883.980483] [VIN_NODE]:[L694][C0]vin_node_video_open done
Feb 13 10:10:43 localhost kernel: [ 1883.980486] [VPF ops]:[L2575][vin0_cap] vpf_device_open: done
Feb 13 10:10:43 localhost kernel: [ 1883.980499] [L1228]cim_open open_cnt :3
Feb 13 10:10:43 localhost kernel: [ 1883.980503] [CIM]:[L192][S0]cim_video_open done ret val:0
Feb 13 10:10:43 localhost kernel: [ 1883.980507] [L1227][S0]vin_node_open done
Feb 13 10:10:43 localhost kernel: [ 1883.980510] [VIN_NODE]:[L694][C0]vin_node_video_open done
Feb 13 10:10:43 localhost kernel: [ 1883.980513] [VPF ops]:[L2575][vin0_emb] vpf_device_open: done
Feb 13 10:10:43 localhost kernel: [ 1883.980524] [L1228]cim_open open_cnt :4
Feb 13 10:10:43 localhost kernel: [ 1883.980527] [CIM]:[L192][S0]cim_video_open done ret val:0
Feb 13 10:10:43 localhost kernel: [ 1883.980531] [L1227][S0]vin_node_open done
Feb 13 10:10:43 localhost kernel: [ 1883.980534] [VIN_NODE]:[L694][C0]vin_node_video_open done
Feb 13 10:10:43 localhost kernel: [ 1883.980537] [VPF ops]:[L2575][vin0_pdaf] vpf_device_open: done
Feb 13 10:10:43 localhost kernel: [ 1883.980548] [VPF ops]:[L439][vin0_src][C0] vpf_vctx_bind_vdev: done, ctx_index(0) refcount(1)
Feb 13 10:10:43 localhost kernel: [ 1883.980555] [VPF ops]:[L1875][vin0_src][C0] vpf_video_bind_context: done
Feb 13 10:10:43 localhost kernel: [ 1883.980561] [VPF ops]:[L439][vin0_cap][C0] vpf_vctx_bind_vdev: done, ctx_index(0) refcount(1)
Feb 13 10:10:43 localhost kernel: [ 1883.980566] [VPF ops]:[L1875][vin0_cap][C0] vpf_video_bind_context: done
Feb 13 10:10:43 localhost kernel: [ 1883.980571] [VPF ops]:[L439][vin0_emb][C0] vpf_vctx_bind_vdev: done, ctx_index(0) refcount(1)
Feb 13 10:10:43 localhost kernel: [ 1883.980575] [VPF ops]:[L1875][vin0_emb][C0] vpf_video_bind_context: done
Feb 13 10:10:43 localhost kernel: [ 1883.980580] [VPF ops]:[L439][vin0_pdaf][C0] vpf_vctx_bind_vdev: done, ctx_index(0) refcount(1)
Feb 13 10:10:43 localhost kernel: [ 1883.980585] [VPF ops]:[L1875][vin0_pdaf][C0] vpf_video_bind_context: done
Feb 13 10:10:43 localhost kernel: [ 1883.980591] [VIN_NODE]:[L38]The vin node driver version is v1.1
Feb 13 10:10:43 localhost kernel: [ 1883.980594] [VPF ops]:[L1031][vin0_src][C0] vpf_video_get_version: done
Feb 13 10:10:43 localhost kernel: [ 1883.980605] [VPF ops]:[L1079][vin0_src][C0] vpf_video_get_struct_size: done
Feb 13 10:10:43 localhost kernel: [ 1883.980615] [CIM]:[L247][C0]cim_video_set_attr done ret val:0
Feb 13 10:10:43 localhost kernel: [ 1883.980619] [L423][C0] vin_node_set_attr ipi 0 done
Feb 13 10:10:43 localhost kernel: [ 1883.980623] [VIN_NODE]:[L239][C0]vin_node_video_set_attr done
Feb 13 10:10:43 localhost kernel: [ 1883.980627] [VPF ops]:[L689][vin0_cap][C0] vpf_video_set_init_attr: done
Feb 13 10:10:43 localhost kernel: [ 1883.980635] vin vcon0: vcon0 open 0: flow65535 ctx0 real
Feb 13 10:10:43 localhost kernel: [ 1883.980641] [L624][S65535][C0][ipi0]cim_subdev_init hw_id = 0
Feb 13 10:10:43 localhost kernel: [ 1883.980646] [CIM]:[L247][C0]cim_video_set_attr done ret val:0
Feb 13 10:10:43 localhost kernel: [ 1883.980651] vin vcon0: get attr valid bus7 rx0 done
Feb 13 10:10:43 localhost kernel: [ 1883.980656] [L423][C0] vin_node_set_attr ipi 0 done
Feb 13 10:10:43 localhost kernel: [ 1883.980659] [VIN_NODE]:[L239][C0]vin_node_video_set_attr done
Feb 13 10:10:43 localhost kernel: [ 1883.980663] [VIO node]:[L104][vin0] vio_group_task_start: sched_mode 1
Feb 13 10:10:43 localhost kernel: [ 1883.980668] [VPF ops]:[L689][vin0_src][C0] vpf_video_set_init_attr: done
Feb 13 10:10:43 localhost kernel: [ 1883.980672] [CIM]:[L247][C0]cim_video_set_attr done ret val:0
Feb 13 10:10:43 localhost kernel: [ 1883.980676] [L423][C0] vin_node_set_attr ipi 0 done
Feb 13 10:10:43 localhost kernel: [ 1883.980680] [VIN_NODE]:[L239][C0]vin_node_video_set_attr done
Feb 13 10:10:43 localhost kernel: [ 1883.980683] [VPF ops]:[L689][vin0_emb][C0] vpf_video_set_init_attr: done
Feb 13 10:10:43 localhost kernel: [ 1883.980688] [CIM]:[L247][C0]cim_video_set_attr done ret val:0
Feb 13 10:10:43 localhost kernel: [ 1883.980692] [L423][C0] vin_node_set_attr ipi 0 done
Feb 13 10:10:43 localhost kernel: [ 1883.980696] [VIN_NODE]:[L239][C0]vin_node_video_set_attr done
Feb 13 10:10:43 localhost kernel: [ 1883.980699] [VPF ops]:[L689][vin0_pdaf][C0] vpf_video_set_init_attr: done
Feb 13 10:10:43 localhost kernel: [ 1883.980704] [VPF ops]:[L1079][vin0_src][C0] vpf_video_get_struct_size: done
Feb 13 10:10:43 localhost kernel: [ 1883.980710] [L709][S65535] vin_node_set_ichn_attr begin format 30 width 640 
Feb 13 10:10:43 localhost kernel: [ 1883.980717] [L527][S0][ipi0]cim_set_ichn_attr done
Feb 13 10:10:43 localhost kernel: [ 1883.980721] [CIM]:[L309][S0]cim_video_set_ichn_attr done ret val:0
Feb 13 10:10:43 localhost kernel: [ 1883.980725] [L724][S0]vin_node_set_ichn_attr done
Feb 13 10:10:43 localhost kernel: [ 1883.980728] [VIN_NODE]:[L427][C0]vin_node_video_set_ichn_attr done
Feb 13 10:10:43 localhost kernel: [ 1883.980733] [L1023][S0] vin_node_reqbufs done bit_map 0x1 planecount 0 
Feb 13 10:10:43 localhost kernel: [ 1883.980737] [VIN_NODE]:[L743][C0]vin_node_video_reqbufs done
Feb 13 10:10:43 localhost kernel: [ 1883.980756] [VPF ops]:[L1193][F0] vpf_fill_frame_info: L0 use width instead of wstride
Feb 13 10:10:43 localhost kernel: [ 1883.980761] [VPF ops]:[L1197][F0] vpf_fill_frame_info: L0 use height instead of vstride
Feb 13 10:10:43 localhost kernel: [ 1883.980766] [VPF ops]:[L1193][F1] vpf_fill_frame_info: L0 use width instead of wstride
Feb 13 10:10:43 localhost kernel: [ 1883.980771] [VPF ops]:[L1197][F1] vpf_fill_frame_info: L0 use height instead of vstride
Feb 13 10:10:43 localhost kernel: [ 1883.980775] [VPF ops]:[L1193][F2] vpf_fill_frame_info: L0 use width instead of wstride
Feb 13 10:10:43 localhost kernel: [ 1883.980779] [VPF ops]:[L1197][F2] vpf_fill_frame_info: L0 use height instead of vstride
Feb 13 10:10:43 localhost kernel: [ 1883.980783] [VPF ops]:[L1193][F3] vpf_fill_frame_info: L0 use width instead of wstride
Feb 13 10:10:43 localhost kernel: [ 1883.980786] [VPF ops]:[L1197][F3] vpf_fill_frame_info: L0 use height instead of vstride
Feb 13 10:10:43 localhost kernel: [ 1883.980790] [VPF ops]:[L1193][F4] vpf_fill_frame_info: L0 use width instead of wstride
Feb 13 10:10:43 localhost kernel: [ 1883.980794] [VPF ops]:[L1197][F4] vpf_fill_frame_info: L0 use height instead of vstride
Feb 13 10:10:43 localhost kernel: [ 1883.980798] [VPF ops]:[L1193][F5] vpf_fill_frame_info: L0 use width instead of wstride
Feb 13 10:10:43 localhost kernel: [ 1883.980801] [VPF ops]:[L1197][F5] vpf_fill_frame_info: L0 use height instead of vstride
Feb 13 10:10:43 localhost kernel: [ 1883.980805] [VPF ops]:[L1193][F6] vpf_fill_frame_info: L0 use width instead of wstride
Feb 13 10:10:43 localhost kernel: [ 1883.980809] [VPF ops]:[L1197][F6] vpf_fill_frame_info: L0 use height instead of vstride
Feb 13 10:10:43 localhost kernel: [ 1883.980813] [VPF ops]:[L1193][F7] vpf_fill_frame_info: L0 use width instead of wstride
Feb 13 10:10:43 localhost kernel: [ 1883.980816] [VPF ops]:[L1197][F7] vpf_fill_frame_info: L0 use height instead of vstride
Feb 13 10:10:43 localhost kernel: [ 1883.980820] [VPF ops]:[L1193][F8] vpf_fill_frame_info: L0 use width instead of wstride
Feb 13 10:10:43 localhost kernel: [ 1883.980823] [VPF ops]:[L1197][F8] vpf_fill_frame_info: L0 use height instead of vstride
Feb 13 10:10:43 localhost kernel: [ 1883.980827] [VPF ops]:[L1193][F9] vpf_fill_frame_info: L0 use width instead of wstride
Feb 13 10:10:43 localhost kernel: [ 1883.980831] [VPF ops]:[L1197][F9] vpf_fill_frame_info: L0 use height instead of vstride
Feb 13 10:10:43 localhost kernel: [ 1883.980835] [VPF ops]:[L1193][F10] vpf_fill_frame_info: L0 use width instead of wstride
Feb 13 10:10:43 localhost kernel: [ 1883.980838] [VPF ops]:[L1197][F10] vpf_fill_frame_info: L0 use height instead of vstride
Feb 13 10:10:43 localhost kernel: [ 1883.980842] [VPF ops]:[L1193][F11] vpf_fill_frame_info: L0 use width instead of wstride
Feb 13 10:10:43 localhost kernel: [ 1883.980846] [VPF ops]:[L1197][F11] vpf_fill_frame_info: L0 use height instead of vstride
Feb 13 10:10:43 localhost kernel: [ 1883.980849] [VPF ops]:[L1193][F12] vpf_fill_frame_info: L0 use width instead of wstride
Feb 13 10:10:43 localhost kernel: [ 1883.980853] [VPF ops]:[L1197][F12] vpf_fill_frame_info: L0 use height instead of vstride
Feb 13 10:10:43 localhost kernel: [ 1883.980857] [VPF ops]:[L1193][F13] vpf_fill_frame_info: L0 use width instead of wstride
Feb 13 10:10:43 localhost kernel: [ 1883.980861] [VPF ops]:[L1197][F13] vpf_fill_frame_info: L0 use height instead of vstride
Feb 13 10:10:43 localhost kernel: [ 1883.980865] [VPF ops]:[L1193][F14] vpf_fill_frame_info: L0 use width instead of wstride
Feb 13 10:10:43 localhost kernel: [ 1883.980868] [VPF ops]:[L1197][F14] vpf_fill_frame_info: L0 use height instead of vstride
Feb 13 10:10:43 localhost kernel: [ 1883.980872] [VPF ops]:[L1193][F15] vpf_fill_frame_info: L0 use width instead of wstride
Feb 13 10:10:43 localhost kernel: [ 1883.980876] [VPF ops]:[L1197][F15] vpf_fill_frame_info: L0 use height instead of vstride
Feb 13 10:10:43 localhost kernel: [ 1883.980880] [VPF ops]:[L1325][vin0_src][C0] vpf_request_frames: reqbuf number 16
Feb 13 10:10:43 localhost kernel: [ 1883.980885] [VPF ops]:[L850][vin0_src][C0] vpf_video_set_ichn_attr: done
Feb 13 10:10:43 localhost kernel: [ 1883.980892] [VPF ops]:[L1079][vin0_src][C0] vpf_video_get_struct_size: done
Feb 13 10:10:43 localhost kernel: [ 1883.980900] [L236][S0] ochn0 auto calc vstride 480
Feb 13 10:10:43 localhost kernel: [ 1883.980905] [L160]vin_basic_attr->format:30
Feb 13 10:10:43 localhost kernel: [ 1883.980909] [L425][S0][ipi0][ochn0]cim_set_ochn_attr done
Feb 13 10:10:43 localhost kernel: [ 1883.980913] [CIM]:[L340][S0]cim_video_set_ochn_attr done ret val:0
Feb 13 10:10:43 localhost kernel: [ 1883.980917] [L652][S0]vin_node_set_ochn_attr done
Feb 13 10:10:43 localhost kernel: [ 1883.980920] [VIN_NODE]:[L364][C0]vin_node_video_set_ochn_attr done
Feb 13 10:10:43 localhost kernel: [ 1883.980924] [L975]VNODE_ID_CAP wstride 1280
Feb 13 10:10:43 localhost kernel: [ 1883.980927] [L977]VNODE_ID_CAP vstride 480
Feb 13 10:10:43 localhost kernel: [ 1883.980930] [L981]vstride 480  planecount 1 
Feb 13 10:10:43 localhost kernel: [ 1883.980934] [L1023][S0] vin_node_reqbufs done bit_map 0x1 planecount 1 
Feb 13 10:10:43 localhost kernel: [ 1883.980937] [VIN_NODE]:[L743][C0]vin_node_video_reqbufs done
Feb 13 10:10:43 localhost kernel: [ 1883.980948] [VPF ops]:[L1325][vin0_cap][C0] vpf_request_frames: reqbuf number 16
Feb 13 10:10:43 localhost kernel: [ 1883.980953] [VPF ops]:[L978][vin0_cap][C0] vpf_video_set_ochn_attr: done
Feb 13 10:10:43 localhost kernel: [ 1883.980961] [VPF ops]:[L1079][vin0_src][C0] vpf_video_get_struct_size: done
Feb 13 10:10:43 localhost kernel: [ 1883.980973] vin mipi0: snrclk set freq cmd
Feb 13 10:10:43 localhost kernel: [ 1883.980987] vin mipi0: sensor0_mclk set 24000000 as 24000000
Feb 13 10:10:43 localhost kernel: [ 1883.980993] vin mipi0: snrclk set en cmd
Feb 13 10:10:43 localhost kernel: [ 1883.980996] vin mipi0: snrclk set enable
Feb 13 10:10:43 localhost kernel: [ 1883.981013] [L517][S0]vin_node_set_attr_ex done
Feb 13 10:10:43 localhost kernel: [ 1883.981017] [VIN_NODE]:[L324][C0]vin_node_video_set_attr_ex done
Feb 13 10:10:43 localhost kernel: [ 1883.981020] [VPF ops]:[L763][vin0_src][C0] vpf_video_set_attr_ex: done
Feb 13 10:10:43 localhost kernel: [ 1883.981025] [L517][S0]vin_node_set_attr_ex done
Feb 13 10:10:43 localhost kernel: [ 1883.981028] [VIN_NODE]:[L324][C0]vin_node_video_set_attr_ex done
Feb 13 10:10:43 localhost kernel: [ 1883.981031] [VPF ops]:[L763][vin0_cap][C0] vpf_video_set_attr_ex: done
Feb 13 10:10:43 localhost kernel: [ 1883.981039] [L975]VNODE_ID_CAP wstride 1280
Feb 13 10:10:43 localhost kernel: [ 1883.981042] [L977]VNODE_ID_CAP vstride 480
Feb 13 10:10:43 localhost kernel: [ 1883.981044] [L981]vstride 480  planecount 1 
Feb 13 10:10:43 localhost kernel: [ 1883.981048] [L1023][S0] vin_node_reqbufs done bit_map 0x1 planecount 1 
Feb 13 10:10:43 localhost kernel: [ 1883.981052] [VIN_NODE]:[L743][C0]vin_node_video_reqbufs done
Feb 13 10:10:43 localhost kernel: [ 1883.981060] [VPF ops]:[L1325][vin0_cap][C0] vpf_request_frames: reqbuf number 3
Feb 13 10:10:43 localhost kernel: [ 1883.981183] [VPF ops]:[L1464][vin0_cap][C0] vpf_video_reqbufs: done
Feb 13 10:10:43 localhost kernel: [ 1883.981204] [VPF ops]:[L2066][vin0_cap][C0] vpf_video_querybuf: done
Feb 13 10:10:43 localhost kernel: [ 1883.981351] [VPF ops]:[L2066][vin0_cap][C0] vpf_video_querybuf: done
Feb 13 10:10:43 localhost kernel: [ 1883.981421] [VPF ops]:[L2066][vin0_cap][C0] vpf_video_querybuf: done
Feb 13 10:10:43 localhost kernel: [ 1883.981515] [VPF ops]:[L2575][flow] vpf_device_open: done
Feb 13 10:10:43 localhost kernel: [ 1883.981528] [VPF ops]:[L1031][flow][C0] vpf_video_get_version: done
Feb 13 10:10:43 localhost kernel: [ 1883.981535] [VPF ops]:[L360][S1] vpf_bind_chain: bind done
Feb 13 10:10:43 localhost kernel: [ 1883.981544] [VPF ops]:[L2223][flow][C1] vpf_video_bind_pipeline: done
Feb 13 10:10:43 localhost kernel: [ 1883.981553] [VPF ops]:[L1685][vin0_src][S1][C0] vpf_chain_add_vnode: done
Feb 13 10:10:43 localhost kernel: [ 1883.981558] [VPF ops]:[L1825][vin0_src][C0] vpf_video_add_vnode: done
Feb 13 10:10:43 localhost kernel: [ 1883.981781] [CIM]:[L419][S0]cim_video_get_attr done ret val:0
Feb 13 10:10:43 localhost kernel: [ 1883.981792] vin vcon0: get attr valid bus7 rx0 done
Feb 13 10:10:43 localhost kernel: [ 1883.981797] [L306][S0]vin_node_get_attr done
Feb 13 10:10:43 localhost kernel: [ 1883.981801] [VIN_NODE]:[L286][C0]vin_node_video_get_attr done
Feb 13 10:10:43 localhost kernel: [ 1883.981932] vin sensor1: camera_init_req cmd: initing
Feb 13 10:10:43 localhost kernel: [ 1884.027151] ctx_id 0, inst id 0, sensor /app/BestMow/startup_script/sensor_config/darktime/sc132gs_tuning_left.json
Feb 13 10:10:43 localhost kernel: [ 1884.027177] isp_video_reqbufs done bit_map 0x1 planecount 1 vctx->id:0
Feb 13 10:10:43 localhost kernel: [ 1884.027183] [VPF ops]:[L1005][vs-isp0_src][C0] vpf_video_set_inter_attr: done
Feb 13 10:10:43 localhost kernel: [ 1884.027325] [L899][S0][V8] vin_node chn_attr format(24) slod_id(0) width(1088) height(1280) wstride(2176) vstride(1280)
Feb 13 10:10:43 localhost kernel: [ 1884.027335] isp_allow_bind online_mode=0,bind_type=3
Feb 13 10:10:43 localhost kernel: [ 1884.027367] [VPF ops]:[L319][S0] vpf_bind_vnode: vin2_cap bind_type(3) vs-isp0_src
Feb 13 10:10:43 localhost kernel: [ 1884.027373] [VPF ops]:[L2258][flow][C0] vpf_video_bind_vnode: done
Feb 13 10:10:43 localhost kernel: [ 1884.027418] [VPF chain]:[L279]vio_chain_path_show: [S0] vin2_C0*(dma)-m2m-isp0_C0
Feb 13 10:10:43 localhost kernel: [ 1884.027427] [VPF ops]:[L632][vs-isp0_cap][S0] vpf_prepare_buffers: done
Feb 13 10:10:43 localhost kernel: [ 1884.027434] isp_video_streamon inst: 0, set isp state to STARTED
Feb 13 10:10:43 localhost kernel: [ 1884.029568] [VPF ops]:[L1639][vs-isp0_cap][S0][C0] vpf_video_start: done start_cnt 1
Feb 13 10:10:43 localhost kernel: [ 1884.029603] [VPF ops]:[L1639][vs-isp0_src][S0][C0] vpf_video_start: done start_cnt 2
Feb 13 10:10:43 localhost kernel: [ 1884.029627] [VPF ops]:[L632][vin2_cap][S0] vpf_prepare_buffers: done
Feb 13 10:10:43 localhost kernel: [ 1884.029633] [VPF ops]:[L1639][vin2_cap][S0][C0] vpf_video_start: done start_cnt 1
Feb 13 10:10:43 localhost kernel: [ 1884.029643] [L716][S0][ipi0]cim_subdev_start ddr_en and ochn request bufs
Feb 13 10:10:43 localhost kernel: [ 1884.029658] [L757][S0]cim_subdev_start
Feb 13 10:10:43 localhost kernel: [ 1884.029662] [CIM]:[L113][S0]cim_video_streamon done ret val:0
Feb 13 10:10:43 localhost kernel: [ 1884.029672] vin sensor0: sensor_evk_do: wait to doing
Feb 13 10:10:43 localhost kernel: [ 1884.030395] vin sensor0: sensor_evk_do: done to finish
Feb 13 10:10:43 localhost kernel: [ 1884.030409] vin sensor0: sensor_start sc132gs flow0 start done
Feb 13 10:10:43 localhost kernel: [ 1884.030414] vin vcon2: sensor0 start real done
Feb 13 10:10:43 localhost kernel: [ 1884.030424] vin mipi2: start cmd: 0 real
Feb 13 10:10:43 localhost kernel: [ 1884.030429] vin mipi2: check hs reception
Feb 13 10:10:43 localhost kernel: [ 1884.071525] hobot-sif 3d040000.sif: sif frame size incorrect, hsize count:0x0 vsize count:0x500 for inst:0
Feb 13 10:10:43 localhost kernel: [ 1884.072079] vin mipi2: entry hs reception
Feb 13 10:10:43 localhost kernel: [ 1884.072782] [L1096][S0]vin_node_start done
Feb 13 10:10:43 localhost kernel: [ 1884.072788] [VIN_NODE]:[L546][C0]vin_node_video_streamon done
Feb 13 10:10:43 localhost kernel: [ 1884.072792] [VPF ops]:[L1639][vin2_src][S0][C0] vpf_video_start: done start_cnt 2
Feb 13 10:10:43 localhost kernel: [ 1884.200723] [VPF mgr]:[L478]empty_camsys_reset: empty function
Feb 13 10:10:43 localhost kernel: [ 1884.200740] [L1228]cim_open open_cnt :1
Feb 13 10:10:43 localhost kernel: [ 1884.200744] [CIM]:[L192][S0]cim_video_open done ret val:0
Feb 13 10:10:43 localhost kernel: [ 1884.200749] [L1227][S0]vin_node_open done
Feb 13 10:10:43 localhost kernel: [ 1884.200753] [VIN_NODE]:[L694][C0]vin_node_video_open done
Feb 13 10:10:43 localhost kernel: [ 1884.200757] [VPF ops]:[L2575][vin1_src] vpf_device_open: done
Feb 13 10:10:43 localhost kernel: [ 1884.200773] [L1228]cim_open open_cnt :2
Feb 13 10:10:43 localhost kernel: [ 1884.200776] [CIM]:[L192][S0]cim_video_open done ret val:0
Feb 13 10:10:43 localhost kernel: [ 1884.200780] [L1227][S0]vin_node_open done
Feb 13 10:10:43 localhost kernel: [ 1884.200783] [VIN_NODE]:[L694][C0]vin_node_video_open done
Feb 13 10:10:43 localhost kernel: [ 1884.200787] [VPF ops]:[L2575][vin1_cap] vpf_device_open: done
Feb 13 10:10:43 localhost kernel: [ 1884.200797] [L1228]cim_open open_cnt :3
Feb 13 10:10:43 localhost kernel: [ 1884.200801] [CIM]:[L192][S0]cim_video_open done ret val:0
Feb 13 10:10:43 localhost kernel: [ 1884.200804] [L1227][S0]vin_node_open done
Feb 13 10:10:43 localhost kernel: [ 1884.200808] [VIN_NODE]:[L694][C0]vin_node_video_open done
Feb 13 10:10:43 localhost kernel: [ 1884.200812] [VPF ops]:[L2575][vin1_emb] vpf_device_open: done
Feb 13 10:10:43 localhost kernel: [ 1884.200823] [L1228]cim_open open_cnt :4
Feb 13 10:10:43 localhost kernel: [ 1884.200827] [CIM]:[L192][S0]cim_video_open done ret val:0
Feb 13 10:10:43 localhost kernel: [ 1884.200830] [L1227][S0]vin_node_open done
Feb 13 10:10:43 localhost kernel: [ 1884.200834] [VIN_NODE]:[L694][C0]vin_node_video_open done
Feb 13 10:10:43 localhost kernel: [ 1884.200837] [VPF ops]:[L2575][vin1_pdaf] vpf_device_open: done
Feb 13 10:10:43 localhost kernel: [ 1884.200847] [VPF ops]:[L439][vin1_src][C0] vpf_vctx_bind_vdev: done, ctx_index(0) refcount(1)
Feb 13 10:10:43 localhost kernel: [ 1884.200854] [VPF ops]:[L1875][vin1_src][C0] vpf_video_bind_context: done
Feb 13 10:10:43 localhost kernel: [ 1884.200860] [VPF ops]:[L439][vin1_cap][C0] vpf_vctx_bind_vdev: done, ctx_index(0) refcount(1)
Feb 13 10:10:43 localhost kernel: [ 1884.200864] [VPF ops]:[L1875][vin1_cap][C0] vpf_video_bind_context: done
Feb 13 10:10:43 localhost kernel: [ 1884.200870] [VPF ops]:[L439][vin1_emb][C0] vpf_vctx_bind_vdev: done, ctx_index(0) refcount(1)
Feb 13 10:10:43 localhost kernel: [ 1884.200875] [VPF ops]:[L1875][vin1_emb][C0] vpf_video_bind_context: done
Feb 13 10:10:43 localhost kernel: [ 1884.200881] [VPF ops]:[L439][vin1_pdaf][C0] vpf_vctx_bind_vdev: done, ctx_index(0) refcount(1)
Feb 13 10:10:43 localhost kernel: [ 1884.200885] [VPF ops]:[L1875][vin1_pdaf][C0] vpf_video_bind_context: done
Feb 13 10:10:43 localhost kernel: [ 1884.200892] [VIN_NODE]:[L38]The vin node driver version is v1.1
Feb 13 10:10:43 localhost kernel: [ 1884.200895] [VPF ops]:[L1031][vin1_src][C0] vpf_video_get_version: done
Feb 13 10:10:43 localhost kernel: [ 1884.200907] [VPF ops]:[L1079][vin1_src][C0] vpf_video_get_struct_size: done
Feb 13 10:10:43 localhost kernel: [ 1884.200916] [CIM]:[L247][C0]cim_video_set_attr done ret val:0
Feb 13 10:10:43 localhost kernel: [ 1884.200920] [L423][C0] vin_node_set_attr ipi 0 done
Feb 13 10:10:43 localhost kernel: [ 1884.200924] [VIN_NODE]:[L239][C0]vin_node_video_set_attr done
Feb 13 10:10:43 localhost kernel: [ 1884.200928] [VPF ops]:[L689][vin1_cap][C0] vpf_video_set_init_attr: done
Feb 13 10:10:43 localhost kernel: [ 1884.200937] vin vcon1: vcon1 open 0: flow65535 ctx0 real
Feb 13 10:10:43 localhost kernel: [ 1884.200942] [L624][S65535][C0][ipi0]cim_subdev_init hw_id = 1
Feb 13 10:10:43 localhost kernel: [ 1884.200948] [CIM]:[L247][C0]cim_video_set_attr done ret val:0
Feb 13 10:10:43 localhost kernel: [ 1884.200952] vin vcon1: get attr valid bus4 rx1 done
Feb 13 10:10:43 localhost kernel: [ 1884.200957] [L423][C0] vin_node_set_attr ipi 0 done
Feb 13 10:10:43 localhost kernel: [ 1884.200961] [VIN_NODE]:[L239][C0]vin_node_video_set_attr done
Feb 13 10:10:43 localhost kernel: [ 1884.200964] [VIO node]:[L104][vin1] vio_group_task_start: sched_mode 1
Feb 13 10:10:43 localhost kernel: [ 1884.200968] [VPF ops]:[L689][vin1_src][C0] vpf_video_set_init_attr: done
Feb 13 10:10:43 localhost kernel: [ 1884.200974] [CIM]:[L247][C0]cim_video_set_attr done ret val:0
Feb 13 10:10:43 localhost kernel: [ 1884.200977] [L423][C0] vin_node_set_attr ipi 0 done
Feb 13 10:10:43 localhost kernel: [ 1884.200981] [VIN_NODE]:[L239][C0]vin_node_video_set_attr done
Feb 13 10:10:43 localhost kernel: [ 1884.200984] [VPF ops]:[L689][vin1_emb][C0] vpf_video_set_init_attr: done
Feb 13 10:10:43 localhost kernel: [ 1884.200989] [CIM]:[L247][C0]cim_video_set_attr done ret val:0
Feb 13 10:10:43 localhost kernel: [ 1884.200992] [L423][C0] vin_node_set_attr ipi 0 done
Feb 13 10:10:43 localhost kernel: [ 1884.200996] [VIN_NODE]:[L239][C0]vin_node_video_set_attr done
Feb 13 10:10:43 localhost kernel: [ 1884.200999] [VPF ops]:[L689][vin1_pdaf][C0] vpf_video_set_init_attr: done
Feb 13 10:10:43 localhost kernel: [ 1884.201004] [VPF ops]:[L1079][vin1_src][C0] vpf_video_get_struct_size: done
Feb 13 10:10:43 localhost kernel: [ 1884.201011] [L709][S65535] vin_node_set_ichn_attr begin format 30 width 640 
Feb 13 10:10:43 localhost kernel: [ 1884.201019] [L527][S0][ipi0]cim_set_ichn_attr done
Feb 13 10:10:43 localhost kernel: [ 1884.201023] [CIM]:[L309][S0]cim_video_set_ichn_attr done ret val:0
Feb 13 10:10:43 localhost kernel: [ 1884.201027] [L724][S0]vin_node_set_ichn_attr done
Feb 13 10:10:43 localhost kernel: [ 1884.201030] [VIN_NODE]:[L427][C0]vin_node_video_set_ichn_attr done
Feb 13 10:10:43 localhost kernel: [ 1884.201035] [L1023][S0] vin_node_reqbufs done bit_map 0x1 planecount 0 
Feb 13 10:10:43 localhost kernel: [ 1884.201040] [VIN_NODE]:[L743][C0]vin_node_video_reqbufs done
Feb 13 10:10:43 localhost kernel: [ 1884.201052] [VPF ops]:[L1193][F0] vpf_fill_frame_info: L0 use width instead of wstride
Feb 13 10:10:43 localhost kernel: [ 1884.201056] [VPF ops]:[L1197][F0] vpf_fill_frame_info: L0 use height instead of vstride
Feb 13 10:10:43 localhost kernel: [ 1884.201061] [VPF ops]:[L1193][F1] vpf_fill_frame_info: L0 use width instead of wstride
Feb 13 10:10:43 localhost kernel: [ 1884.201065] [VPF ops]:[L1197][F1] vpf_fill_frame_info: L0 use height instead of vstride
Feb 13 10:10:43 localhost kernel: [ 1884.201069] [VPF ops]:[L1193][F2] vpf_fill_frame_info: L0 use width instead of wstride
Feb 13 10:10:43 localhost kernel: [ 1884.201073] [VPF ops]:[L1197][F2] vpf_fill_frame_info: L0 use height instead of vstride
Feb 13 10:10:43 localhost kernel: [ 1884.201077] [VPF ops]:[L1193][F3] vpf_fill_frame_info: L0 use width instead of wstride
Feb 13 10:10:43 localhost kernel: [ 1884.201080] [VPF ops]:[L1197][F3] vpf_fill_frame_info: L0 use height instead of vstride
Feb 13 10:10:43 localhost kernel: [ 1884.201085] [VPF ops]:[L1193][F4] vpf_fill_frame_info: L0 use width instead of wstride
Feb 13 10:10:43 localhost kernel: [ 1884.201088] [VPF ops]:[L1197][F4] vpf_fill_frame_info: L0 use height instead of vstride
Feb 13 10:10:43 localhost kernel: [ 1884.201093] [VPF ops]:[L1193][F5] vpf_fill_frame_info: L0 use width instead of wstride
Feb 13 10:10:43 localhost kernel: [ 1884.201096] [VPF ops]:[L1197][F5] vpf_fill_frame_info: L0 use height instead of vstride
Feb 13 10:10:43 localhost kernel: [ 1884.201100] [VPF ops]:[L1193][F6] vpf_fill_frame_info: L0 use width instead of wstride
Feb 13 10:10:43 localhost kernel: [ 1884.201104] [VPF ops]:[L1197][F6] vpf_fill_frame_info: L0 use height instead of vstride
Feb 13 10:10:43 localhost kernel: [ 1884.201107] [VPF ops]:[L1193][F7] vpf_fill_frame_info: L0 use width instead of wstride
Feb 13 10:10:43 localhost kernel: [ 1884.201111] [VPF ops]:[L1197][F7] vpf_fill_frame_info: L0 use height instead of vstride
Feb 13 10:10:43 localhost kernel: [ 1884.201114] [VPF ops]:[L1193][F8] vpf_fill_frame_info: L0 use width instead of wstride
Feb 13 10:10:43 localhost kernel: [ 1884.201118] [VPF ops]:[L1197][F8] vpf_fill_frame_info: L0 use height instead of vstride
Feb 13 10:10:43 localhost kernel: [ 1884.201122] [VPF ops]:[L1193][F9] vpf_fill_frame_info: L0 use width instead of wstride
Feb 13 10:10:43 localhost kernel: [ 1884.201126] [VPF ops]:[L1197][F9] vpf_fill_frame_info: L0 use height instead of vstride
Feb 13 10:10:43 localhost kernel: [ 1884.201129] [VPF ops]:[L1193][F10] vpf_fill_frame_info: L0 use width instead of wstride
Feb 13 10:10:43 localhost kernel: [ 1884.201133] [VPF ops]:[L1197][F10] vpf_fill_frame_info: L0 use height instead of vstride
Feb 13 10:10:43 localhost kernel: [ 1884.201137] [VPF ops]:[L1193][F11] vpf_fill_frame_info: L0 use width instead of wstride
Feb 13 10:10:43 localhost kernel: [ 1884.201141] [VPF ops]:[L1197][F11] vpf_fill_frame_info: L0 use height instead of vstride
Feb 13 10:10:43 localhost kernel: [ 1884.201145] [VPF ops]:[L1193][F12] vpf_fill_frame_info: L0 use width instead of wstride
Feb 13 10:10:43 localhost kernel: [ 1884.201148] [VPF ops]:[L1197][F12] vpf_fill_frame_info: L0 use height instead of vstride
Feb 13 10:10:43 localhost kernel: [ 1884.201152] [VPF ops]:[L1193][F13] vpf_fill_frame_info: L0 use width instead of wstride
Feb 13 10:10:43 localhost kernel: [ 1884.201156] [VPF ops]:[L1197][F13] vpf_fill_frame_info: L0 use height instead of vstride
Feb 13 10:10:43 localhost kernel: [ 1884.201159] [VPF ops]:[L1193][F14] vpf_fill_frame_info: L0 use width instead of wstride
Feb 13 10:10:43 localhost kernel: [ 1884.201163] [VPF ops]:[L1197][F14] vpf_fill_frame_info: L0 use height instead of vstride
Feb 13 10:10:43 localhost kernel: [ 1884.201167] [VPF ops]:[L1193][F15] vpf_fill_frame_info: L0 use width instead of wstride
Feb 13 10:10:43 localhost kernel: [ 1884.201170] [VPF ops]:[L1197][F15] vpf_fill_frame_info: L0 use height instead of vstride
Feb 13 10:10:43 localhost kernel: [ 1884.201174] [VPF ops]:[L1325][vin1_src][C0] vpf_request_frames: reqbuf number 16
Feb 13 10:10:43 localhost kernel: [ 1884.201179] [VPF ops]:[L850][vin1_src][C0] vpf_video_set_ichn_attr: done
Feb 13 10:10:43 localhost kernel: [ 1884.201186] [VPF ops]:[L1079][vin1_src][C0] vpf_video_get_struct_size: done
Feb 13 10:10:43 localhost kernel: [ 1884.201194] [L236][S0] ochn0 auto calc vstride 480
Feb 13 10:10:43 localhost kernel: [ 1884.201199] [L160]vin_basic_attr->format:30
Feb 13 10:10:43 localhost kernel: [ 1884.201203] [L425][S0][ipi0][ochn0]cim_set_ochn_attr done
Feb 13 10:10:43 localhost kernel: [ 1884.201207] [CIM]:[L340][S0]cim_video_set_ochn_attr done ret val:0
Feb 13 10:10:43 localhost kernel: [ 1884.201211] [L652][S0]vin_node_set_ochn_attr done
Feb 13 10:10:43 localhost kernel: [ 1884.201214] [VIN_NODE]:[L364][C0]vin_node_video_set_ochn_attr done
Feb 13 10:10:43 localhost kernel: [ 1884.201218] [L975]VNODE_ID_CAP wstride 1280
Feb 13 10:10:43 localhost kernel: [ 1884.201221] [L977]VNODE_ID_CAP vstride 480
Feb 13 10:10:43 localhost kernel: [ 1884.201224] [L981]vstride 480  planecount 1 
Feb 13 10:10:43 localhost kernel: [ 1884.201227] [L1023][S0] vin_node_reqbufs done bit_map 0x1 planecount 1 
Feb 13 10:10:43 localhost kernel: [ 1884.201231] [VIN_NODE]:[L743][C0]vin_node_video_reqbufs done
Feb 13 10:10:43 localhost kernel: [ 1884.201242] [VPF ops]:[L1325][vin1_cap][C0] vpf_request_frames: reqbuf number 16
Feb 13 10:10:43 localhost kernel: [ 1884.201248] [VPF ops]:[L978][vin1_cap][C0] vpf_video_set_ochn_attr: done
Feb 13 10:10:43 localhost kernel: [ 1884.201255] [VPF ops]:[L1079][vin1_src][C0] vpf_video_get_struct_size: done
Feb 13 10:10:43 localhost kernel: [ 1884.201267] vin mipi1: snrclk set freq cmd
Feb 13 10:10:43 localhost kernel: [ 1884.201282] vin mipi1: sensor1_mclk set 24000000 as 24000000
Feb 13 10:10:43 localhost kernel: [ 1884.201288] vin mipi1: snrclk set en cmd
Feb 13 10:10:43 localhost kernel: [ 1884.201292] vin mipi1: snrclk set enable
Feb 13 10:10:43 localhost kernel: [ 1884.201309] [L517][S0]vin_node_set_attr_ex done
Feb 13 10:10:43 localhost kernel: [ 1884.201314] [VIN_NODE]:[L324][C0]vin_node_video_set_attr_ex done
Feb 13 10:10:43 localhost kernel: [ 1884.201317] [VPF ops]:[L763][vin1_src][C0] vpf_video_set_attr_ex: done
Feb 13 10:10:43 localhost kernel: [ 1884.201323] [L517][S0]vin_node_set_attr_ex done
Feb 13 10:10:43 localhost kernel: [ 1884.201327] [VIN_NODE]:[L324][C0]vin_node_video_set_attr_ex done
Feb 13 10:10:43 localhost kernel: [ 1884.201330] [VPF ops]:[L763][vin1_cap][C0] vpf_video_set_attr_ex: done
Feb 13 10:10:43 localhost kernel: [ 1884.201338] [L975]VNODE_ID_CAP wstride 1280
Feb 13 10:10:43 localhost kernel: [ 1884.201341] [L977]VNODE_ID_CAP vstride 480
Feb 13 10:10:43 localhost kernel: [ 1884.201344] [L981]vstride 480  planecount 1 
Feb 13 10:10:43 localhost kernel: [ 1884.201347] [L1023][S0] vin_node_reqbufs done bit_map 0x1 planecount 1 
Feb 13 10:10:43 localhost kernel: [ 1884.201351] [VIN_NODE]:[L743][C0]vin_node_video_reqbufs done
Feb 13 10:10:43 localhost kernel: [ 1884.201359] [VPF ops]:[L1325][vin1_cap][C0] vpf_request_frames: reqbuf number 3
Feb 13 10:10:43 localhost kernel: [ 1884.201475] [VPF ops]:[L1464][vin1_cap][C0] vpf_video_reqbufs: done
Feb 13 10:10:43 localhost kernel: [ 1884.201496] [VPF ops]:[L2066][vin1_cap][C0] vpf_video_querybuf: done
Feb 13 10:10:43 localhost kernel: [ 1884.201629] [VPF ops]:[L2066][vin1_cap][C0] vpf_video_querybuf: done
Feb 13 10:10:43 localhost kernel: [ 1884.201707] [VPF ops]:[L2066][vin1_cap][C0] vpf_video_querybuf: done
Feb 13 10:10:43 localhost kernel: [ 1884.201787] [VPF ops]:[L2575][flow] vpf_device_open: done
Feb 13 10:10:43 localhost kernel: [ 1884.201798] [VPF ops]:[L1031][flow][C0] vpf_video_get_version: done
Feb 13 10:10:43 localhost kernel: [ 1884.201805] [VPF ops]:[L360][S2] vpf_bind_chain: bind done
Feb 13 10:10:43 localhost kernel: [ 1884.201813] [VPF ops]:[L2223][flow][C2] vpf_video_bind_pipeline: done
Feb 13 10:10:43 localhost kernel: [ 1884.201822] [VPF ops]:[L1685][vin1_src][S2][C0] vpf_chain_add_vnode: done
Feb 13 10:10:43 localhost kernel: [ 1884.201827] [VPF ops]:[L1825][vin1_src][C0] vpf_video_add_vnode: done
Feb 13 10:10:43 localhost kernel: [ 1884.202018] [CIM]:[L419][S0]cim_video_get_attr done ret val:0
Feb 13 10:10:43 localhost kernel: [ 1884.202027] vin vcon1: get attr valid bus4 rx1 done
Feb 13 10:10:43 localhost kernel: [ 1884.202032] [L306][S0]vin_node_get_attr done
Feb 13 10:10:43 localhost kernel: [ 1884.202037] [VIN_NODE]:[L286][C0]vin_node_video_get_attr done
Feb 13 10:10:43 localhost kernel: [ 1884.202247] vin sensor2: camera_init_req cmd: initing
Feb 13 10:10:43 localhost kernel: [ 1884.258500] vin sensor1: camera_init_result cmd: done wake
Feb 13 10:10:43 localhost kernel: [ 1884.258527] vin sensor1: sensor_evu_do: default to wait
Feb 13 10:10:43 localhost kernel: [ 1884.258559] vin sensor1: camera_set_intrinsic_param port 1 done
Feb 13 10:10:43 localhost kernel: [ 1884.258598] vin sensor1: sensor_attach flow1 ctx0 to sensor1 
Feb 13 10:10:43 localhost kernel: [ 1884.258604] vin vcon0: flow1.ctx0 attach sensor1 done
Feb 13 10:10:43 localhost kernel: [ 1884.258609] vin vcon0: set internal attr attach done
Feb 13 10:10:43 localhost kernel: [ 1884.258622] vin mipi0: init cmd: 0 real
Feb 13 10:10:43 localhost kernel: [ 1884.258630] vin mipi0: 1 lane 640x480 10fps datatype 0x1e
Feb 13 10:10:43 localhost kernel: [ 1884.258637] vin mipi0: snrclk set disable
Feb 13 10:10:43 localhost kernel: [ 1884.258656] vin mipi0: ipiclk limit 27027000 up to 600000000
Feb 13 10:10:43 localhost kernel: [ 1884.258670] vin mipi0: ipiclk set 600000000 get 600000000
Feb 13 10:10:43 localhost kernel: [ 1884.258675] vin mipi0: dphy 432Mbps/1lane: ppi 8bit settle 8
Feb 13 10:10:43 localhost kernel: [ 1884.291702] vin mipi0: linelenth: 858, framelenth: 3150, fps: 10, ipiclk: 600000000, rx_bit_clk: 432000000
Feb 13 10:10:43 localhost kernel: [ 1884.291726] vin mipi0: ipi config hsa: 4, hbp: 4, hsd: 98
Feb 13 10:10:43 localhost kernel: [ 1884.291734] vin mipi0: config 1/1 ipi done
Feb 13 10:10:43 localhost kernel: [ 1884.291738] vin mipi0: check phy stop state
Feb 13 10:10:43 localhost kernel: [ 1884.294748] [L587][S0]vin_node_set_internal_attr done
Feb 13 10:10:43 localhost kernel: [ 1884.294753] [VIN_NODE]:[L514][C0]vin_node_video_set_internal_attr done
Feb 13 10:10:43 localhost kernel: [ 1884.294759] [L1023][S0] vin_node_reqbufs done bit_map 0x1 planecount 0 
Feb 13 10:10:43 localhost kernel: [ 1884.294764] [VIN_NODE]:[L743][C0]vin_node_video_reqbufs done
Feb 13 10:10:43 localhost kernel: [ 1884.294768] [VPF ops]:[L1005][vin0_src][C0] vpf_video_set_inter_attr: done
Feb 13 10:10:43 localhost kernel: [ 1884.294806] [VPF chain]:[L279]vio_chain_path_show: [S1] vin0_C0*(dma)
Feb 13 10:10:43 localhost kernel: [ 1884.294815] [VPF ops]:[L632][vin0_cap][S1] vpf_prepare_buffers: done
Feb 13 10:10:43 localhost kernel: [ 1884.294821] [VPF ops]:[L1639][vin0_cap][S1][C0] vpf_video_start: done start_cnt 1
Feb 13 10:10:43 localhost kernel: [ 1884.294831] [L716][S0][ipi0]cim_subdev_start ddr_en and ochn request bufs
Feb 13 10:10:43 localhost kernel: [ 1884.294843] [L757][S1]cim_subdev_start
Feb 13 10:10:43 localhost kernel: [ 1884.294847] [CIM]:[L113][S0]cim_video_streamon done ret val:0
Feb 13 10:10:43 localhost kernel: [ 1884.294855] vin sensor1: sensor_evk_do: wait to doing
Feb 13 10:10:43 localhost kernel: [ 1884.295501] vin sensor1: sensor_evk_do: done to finish
Feb 13 10:10:43 localhost kernel: [ 1884.295508] vin sensor1: sensor_start  flow1 start done
Feb 13 10:10:43 localhost kernel: [ 1884.295512] vin vcon0: sensor1 start real done
Feb 13 10:10:43 localhost kernel: [ 1884.295517] vin mipi0: start cmd: 0 real
Feb 13 10:10:43 localhost kernel: [ 1884.295522] vin mipi0: check hs reception
Feb 13 10:10:43 localhost kernel: [ 1884.468450] vin sensor2: camera_init_result cmd: done wake
Feb 13 10:10:43 localhost kernel: [ 1884.468478] vin sensor2: sensor_evu_do: default to wait
Feb 13 10:10:43 localhost kernel: [ 1884.468514] vin sensor2: camera_set_intrinsic_param port 2 done
Feb 13 10:10:43 localhost kernel: [ 1884.468552] vin sensor2: sensor_attach flow2 ctx0 to sensor2 sc132gs
Feb 13 10:10:43 localhost kernel: [ 1884.468559] vin vcon1: flow2.ctx0 attach sensor2 done
Feb 13 10:10:43 localhost kernel: [ 1884.468563] vin vcon1: set internal attr attach done
Feb 13 10:10:43 localhost kernel: [ 1884.468576] vin mipi1: init cmd: 0 real
Feb 13 10:10:43 localhost kernel: [ 1884.468585] vin mipi1: 1 lane 640x480 10fps datatype 0x1e
Feb 13 10:10:43 localhost kernel: [ 1884.468591] vin mipi1: snrclk set disable
Feb 13 10:10:43 localhost kernel: [ 1884.468611] vin mipi1: ipiclk limit 27027000 up to 600000000
Feb 13 10:10:43 localhost kernel: [ 1884.468625] vin mipi1: ipiclk set 600000000 get 600000000
Feb 13 10:10:43 localhost kernel: [ 1884.468630] vin mipi1: dphy 432Mbps/1lane: ppi 8bit settle 40
Feb 13 10:10:43 localhost kernel: [ 1884.470333] hobot-sif 3d020000.sif: sif frame size incorrect, hsize count:0x0 vsize count:0x1e0 for inst:0
Feb 13 10:10:43 localhost kernel: [ 1884.470564] vin mipi0: entry hs reception
Feb 13 10:10:43 localhost kernel: [ 1884.471577] [L1096][S0]vin_node_start done
Feb 13 10:10:43 localhost kernel: [ 1884.471581] [VIN_NODE]:[L546][C0]vin_node_video_streamon done
Feb 13 10:10:43 localhost kernel: [ 1884.471585] [VPF ops]:[L1639][vin0_src][S1][C0] vpf_video_start: done start_cnt 2
Feb 13 10:10:43 localhost kernel: [ 1884.492661] [VPF mgr]:[L478]empty_camsys_reset: empty function
Feb 13 10:10:43 localhost kernel: [ 1884.492681] [L1228]cim_open open_cnt :1
Feb 13 10:10:43 localhost kernel: [ 1884.492686] [CIM]:[L192][S0]cim_video_open done ret val:0
Feb 13 10:10:43 localhost kernel: [ 1884.492691] [L1227][S0]vin_node_open done
Feb 13 10:10:43 localhost kernel: [ 1884.492696] [VIN_NODE]:[L694][C0]vin_node_video_open done
Feb 13 10:10:43 localhost kernel: [ 1884.492700] [VPF ops]:[L2575][vin3_src] vpf_device_open: done
Feb 13 10:10:43 localhost kernel: [ 1884.492720] [L1228]cim_open open_cnt :2
Feb 13 10:10:43 localhost kernel: [ 1884.492724] [CIM]:[L192][S0]cim_video_open done ret val:0
Feb 13 10:10:43 localhost kernel: [ 1884.492727] [L1227][S0]vin_node_open done
Feb 13 10:10:43 localhost kernel: [ 1884.492731] [VIN_NODE]:[L694][C0]vin_node_video_open done
Feb 13 10:10:43 localhost kernel: [ 1884.492734] [VPF ops]:[L2575][vin3_cap] vpf_device_open: done
Feb 13 10:10:43 localhost kernel: [ 1884.492747] [L1228]cim_open open_cnt :3
Feb 13 10:10:43 localhost kernel: [ 1884.492751] [CIM]:[L192][S0]cim_video_open done ret val:0
Feb 13 10:10:43 localhost kernel: [ 1884.492755] [L1227][S0]vin_node_open done
Feb 13 10:10:43 localhost kernel: [ 1884.492758] [VIN_NODE]:[L694][C0]vin_node_video_open done
Feb 13 10:10:43 localhost kernel: [ 1884.492761] [VPF ops]:[L2575][vin3_emb] vpf_device_open: done
Feb 13 10:10:43 localhost kernel: [ 1884.492772] [L1228]cim_open open_cnt :4
Feb 13 10:10:43 localhost kernel: [ 1884.492776] [CIM]:[L192][S0]cim_video_open done ret val:0
Feb 13 10:10:43 localhost kernel: [ 1884.492779] [L1227][S0]vin_node_open done
Feb 13 10:10:43 localhost kernel: [ 1884.492783] [VIN_NODE]:[L694][C0]vin_node_video_open done
Feb 13 10:10:43 localhost kernel: [ 1884.492786] [VPF ops]:[L2575][vin3_pdaf] vpf_device_open: done
Feb 13 10:10:43 localhost kernel: [ 1884.492797] [VPF ops]:[L439][vin3_src][C0] vpf_vctx_bind_vdev: done, ctx_index(0) refcount(1)
Feb 13 10:10:43 localhost kernel: [ 1884.492804] [VPF ops]:[L1875][vin3_src][C0] vpf_video_bind_context: done
Feb 13 10:10:43 localhost kernel: [ 1884.492811] [VPF ops]:[L439][vin3_cap][C0] vpf_vctx_bind_vdev: done, ctx_index(0) refcount(1)
Feb 13 10:10:43 localhost kernel: [ 1884.492816] [VPF ops]:[L1875][vin3_cap][C0] vpf_video_bind_context: done
Feb 13 10:10:43 localhost kernel: [ 1884.492821] [VPF ops]:[L439][vin3_emb][C0] vpf_vctx_bind_vdev: done, ctx_index(0) refcount(1)
Feb 13 10:10:43 localhost kernel: [ 1884.492826] [VPF ops]:[L1875][vin3_emb][C0] vpf_video_bind_context: done
Feb 13 10:10:43 localhost kernel: [ 1884.492831] [VPF ops]:[L439][vin3_pdaf][C0] vpf_vctx_bind_vdev: done, ctx_index(0) refcount(1)
Feb 13 10:10:43 localhost kernel: [ 1884.492835] [VPF ops]:[L1875][vin3_pdaf][C0] vpf_video_bind_context: done
Feb 13 10:10:43 localhost kernel: [ 1884.492841] [VIN_NODE]:[L38]The vin node driver version is v1.1
Feb 13 10:10:43 localhost kernel: [ 1884.492845] [VPF ops]:[L1031][vin3_src][C0] vpf_video_get_version: done
Feb 13 10:10:43 localhost kernel: [ 1884.492858] [VPF ops]:[L1079][vin3_src][C0] vpf_video_get_struct_size: done
Feb 13 10:10:43 localhost kernel: [ 1884.492869] [CIM]:[L247][C0]cim_video_set_attr done ret val:0
Feb 13 10:10:43 localhost kernel: [ 1884.492873] [L423][C0] vin_node_set_attr ipi 0 done
Feb 13 10:10:43 localhost kernel: [ 1884.492877] [VIN_NODE]:[L239][C0]vin_node_video_set_attr done
Feb 13 10:10:43 localhost kernel: [ 1884.492880] [VPF ops]:[L689][vin3_cap][C0] vpf_video_set_init_attr: done
Feb 13 10:10:43 localhost kernel: [ 1884.492889] vin vcon3: vcon3 open 0: flow65535 ctx0 real
Feb 13 10:10:43 localhost kernel: [ 1884.492895] [L624][S65535][C0][ipi0]cim_subdev_init hw_id = 3
Feb 13 10:10:43 localhost kernel: [ 1884.492900] [CIM]:[L247][C0]cim_video_set_attr done ret val:0
Feb 13 10:10:43 localhost kernel: [ 1884.492906] vin vcon3: get attr valid bus7 rx3 done
Feb 13 10:10:43 localhost kernel: [ 1884.492911] [L423][C0] vin_node_set_attr ipi 0 done
Feb 13 10:10:43 localhost kernel: [ 1884.492915] [VIN_NODE]:[L239][C0]vin_node_video_set_attr done
Feb 13 10:10:43 localhost kernel: [ 1884.492918] [VIO node]:[L104][vin3] vio_group_task_start: sched_mode 1
Feb 13 10:10:43 localhost kernel: [ 1884.492923] [VPF ops]:[L689][vin3_src][C0] vpf_video_set_init_attr: done
Feb 13 10:10:43 localhost kernel: [ 1884.492928] [CIM]:[L247][C0]cim_video_set_attr done ret val:0
Feb 13 10:10:43 localhost kernel: [ 1884.492931] [L423][C0] vin_node_set_attr ipi 0 done
Feb 13 10:10:43 localhost kernel: [ 1884.492935] [VIN_NODE]:[L239][C0]vin_node_video_set_attr done
Feb 13 10:10:43 localhost kernel: [ 1884.492938] [VPF ops]:[L689][vin3_emb][C0] vpf_video_set_init_attr: done
Feb 13 10:10:43 localhost kernel: [ 1884.492943] [CIM]:[L247][C0]cim_video_set_attr done ret val:0
Feb 13 10:10:43 localhost kernel: [ 1884.492946] [L423][C0] vin_node_set_attr ipi 0 done
Feb 13 10:10:43 localhost kernel: [ 1884.492950] [VIN_NODE]:[L239][C0]vin_node_video_set_attr done
Feb 13 10:10:43 localhost kernel: [ 1884.492953] [VPF ops]:[L689][vin3_pdaf][C0] vpf_video_set_init_attr: done
Feb 13 10:10:43 localhost kernel: [ 1884.492960] [VPF ops]:[L1079][vin3_src][C0] vpf_video_get_struct_size: done
Feb 13 10:10:43 localhost kernel: [ 1884.492967] [L709][S65535] vin_node_set_ichn_attr begin format 43 width 1088 
Feb 13 10:10:43 localhost kernel: [ 1884.492975] [L527][S0][ipi0]cim_set_ichn_attr done
Feb 13 10:10:43 localhost kernel: [ 1884.492979] [CIM]:[L309][S0]cim_video_set_ichn_attr done ret val:0
Feb 13 10:10:43 localhost kernel: [ 1884.492983] [L724][S0]vin_node_set_ichn_attr done
Feb 13 10:10:43 localhost kernel: [ 1884.492987] [VIN_NODE]:[L427][C0]vin_node_video_set_ichn_attr done
Feb 13 10:10:43 localhost kernel: [ 1884.492993] [L1023][S0] vin_node_reqbufs done bit_map 0x1 planecount 1 
Feb 13 10:10:43 localhost kernel: [ 1884.492998] [VIN_NODE]:[L743][C0]vin_node_video_reqbufs done
Feb 13 10:10:43 localhost kernel: [ 1884.493018] [VPF ops]:[L1193][F0] vpf_fill_frame_info: L0 use width instead of wstride
Feb 13 10:10:43 localhost kernel: [ 1884.493024] [VPF ops]:[L1197][F0] vpf_fill_frame_info: L0 use height instead of vstride
Feb 13 10:10:43 localhost kernel: [ 1884.493029] [VPF ops]:[L1193][F1] vpf_fill_frame_info: L0 use width instead of wstride
Feb 13 10:10:43 localhost kernel: [ 1884.493033] [VPF ops]:[L1197][F1] vpf_fill_frame_info: L0 use height instead of vstride
Feb 13 10:10:43 localhost kernel: [ 1884.493037] [VPF ops]:[L1193][F2] vpf_fill_frame_info: L0 use width instead of wstride
Feb 13 10:10:43 localhost kernel: [ 1884.493040] [VPF ops]:[L1197][F2] vpf_fill_frame_info: L0 use height instead of vstride
Feb 13 10:10:43 localhost kernel: [ 1884.493045] [VPF ops]:[L1193][F3] vpf_fill_frame_info: L0 use width instead of wstride
Feb 13 10:10:43 localhost kernel: [ 1884.493048] [VPF ops]:[L1197][F3] vpf_fill_frame_info: L0 use height instead of vstride
Feb 13 10:10:43 localhost kernel: [ 1884.493052] [VPF ops]:[L1193][F4] vpf_fill_frame_info: L0 use width instead of wstride
Feb 13 10:10:43 localhost kernel: [ 1884.493071] [VPF ops]:[L1197][F4] vpf_fill_frame_info: L0 use height instead of vstride
Feb 13 10:10:43 localhost kernel: [ 1884.493076] [VPF ops]:[L1193][F5] vpf_fill_frame_info: L0 use width instead of wstride
Feb 13 10:10:43 localhost kernel: [ 1884.493080] [VPF ops]:[L1197][F5] vpf_fill_frame_info: L0 use height instead of vstride
Feb 13 10:10:43 localhost kernel: [ 1884.493084] [VPF ops]:[L1193][F6] vpf_fill_frame_info: L0 use width instead of wstride
Feb 13 10:10:43 localhost kernel: [ 1884.493087] [VPF ops]:[L1197][F6] vpf_fill_frame_info: L0 use height instead of vstride
Feb 13 10:10:43 localhost kernel: [ 1884.493091] [VPF ops]:[L1193][F7] vpf_fill_frame_info: L0 use width instead of wstride
Feb 13 10:10:43 localhost kernel: [ 1884.493095] [VPF ops]:[L1197][F7] vpf_fill_frame_info: L0 use height instead of vstride
Feb 13 10:10:43 localhost kernel: [ 1884.493099] [VPF ops]:[L1193][F8] vpf_fill_frame_info: L0 use width instead of wstride
Feb 13 10:10:43 localhost kernel: [ 1884.493103] [VPF ops]:[L1197][F8] vpf_fill_frame_info: L0 use height instead of vstride
Feb 13 10:10:43 localhost kernel: [ 1884.493106] [VPF ops]:[L1193][F9] vpf_fill_frame_info: L0 use width instead of wstride
Feb 13 10:10:43 localhost kernel: [ 1884.493110] [VPF ops]:[L1197][F9] vpf_fill_frame_info: L0 use height instead of vstride
Feb 13 10:10:43 localhost kernel: [ 1884.493114] [VPF ops]:[L1193][F10] vpf_fill_frame_info: L0 use width instead of wstride
Feb 13 10:10:43 localhost kernel: [ 1884.493118] [VPF ops]:[L1197][F10] vpf_fill_frame_info: L0 use height instead of vstride
Feb 13 10:10:43 localhost kernel: [ 1884.493122] [VPF ops]:[L1193][F11] vpf_fill_frame_info: L0 use width instead of wstride
Feb 13 10:10:43 localhost kernel: [ 1884.493126] [VPF ops]:[L1197][F11] vpf_fill_frame_info: L0 use height instead of vstride
Feb 13 10:10:43 localhost kernel: [ 1884.493130] [VPF ops]:[L1193][F12] vpf_fill_frame_info: L0 use width instead of wstride
Feb 13 10:10:43 localhost kernel: [ 1884.493134] [VPF ops]:[L1197][F12] vpf_fill_frame_info: L0 use height instead of vstride
Feb 13 10:10:43 localhost kernel: [ 1884.493138] [VPF ops]:[L1193][F13] vpf_fill_frame_info: L0 use width instead of wstride
Feb 13 10:10:43 localhost kernel: [ 1884.493141] [VPF ops]:[L1197][F13] vpf_fill_frame_info: L0 use height instead of vstride
Feb 13 10:10:43 localhost kernel: [ 1884.493145] [VPF ops]:[L1193][F14] vpf_fill_frame_info: L0 use width instead of wstride
Feb 13 10:10:43 localhost kernel: [ 1884.493156] [VPF ops]:[L1197][F14] vpf_fill_frame_info: L0 use height instead of vstride
Feb 13 10:10:43 localhost kernel: [ 1884.493160] [VPF ops]:[L1193][F15] vpf_fill_frame_info: L0 use width instead of wstride
Feb 13 10:10:43 localhost kernel: [ 1884.493164] [VPF ops]:[L1197][F15] vpf_fill_frame_info: L0 use height instead of vstride
Feb 13 10:10:43 localhost kernel: [ 1884.493168] [VPF ops]:[L1325][vin3_src][C0] vpf_request_frames: reqbuf number 16
Feb 13 10:10:43 localhost kernel: [ 1884.493173] [VPF ops]:[L850][vin3_src][C0] vpf_video_set_ichn_attr: done
Feb 13 10:10:43 localhost kernel: [ 1884.493183] [VPF ops]:[L1079][vin3_src][C0] vpf_video_get_struct_size: done
Feb 13 10:10:43 localhost kernel: [ 1884.493191] [L236][S0] ochn0 auto calc vstride 1280
Feb 13 10:10:43 localhost kernel: [ 1884.493197] [L160]vin_basic_attr->format:43
Feb 13 10:10:43 localhost kernel: [ 1884.493202] [L425][S0][ipi0][ochn0]cim_set_ochn_attr done
Feb 13 10:10:43 localhost kernel: [ 1884.493206] [CIM]:[L340][S0]cim_video_set_ochn_attr done ret val:0
Feb 13 10:10:43 localhost kernel: [ 1884.493210] [L652][S0]vin_node_set_ochn_attr done
Feb 13 10:10:43 localhost kernel: [ 1884.493213] [VIN_NODE]:[L364][C0]vin_node_video_set_ochn_attr done
Feb 13 10:10:43 localhost kernel: [ 1884.493218] [L975]VNODE_ID_CAP wstride 2176
Feb 13 10:10:43 localhost kernel: [ 1884.493221] [L977]VNODE_ID_CAP vstride 1280
Feb 13 10:10:43 localhost kernel: [ 1884.493224] [L981]vstride 1280  planecount 1 
Feb 13 10:10:43 localhost kernel: [ 1884.493227] [L1023][S0] vin_node_reqbufs done bit_map 0x1 planecount 1 
Feb 13 10:10:43 localhost kernel: [ 1884.493232] [VIN_NODE]:[L743][C0]vin_node_video_reqbufs done
Feb 13 10:10:43 localhost kernel: [ 1884.493244] [VPF ops]:[L1325][vin3_cap][C0] vpf_request_frames: reqbuf number 16
Feb 13 10:10:43 localhost kernel: [ 1884.493249] [VPF ops]:[L978][vin3_cap][C0] vpf_video_set_ochn_attr: done
Feb 13 10:10:43 localhost kernel: [ 1884.493257] [VPF ops]:[L1079][vin3_src][C0] vpf_video_get_struct_size: done
Feb 13 10:10:43 localhost kernel: [ 1884.493272] vin mipi3: snrclk set freq cmd
Feb 13 10:10:43 localhost kernel: [ 1884.493286] vin mipi3: sensor3_mclk set 24000000 as 24000000
Feb 13 10:10:43 localhost kernel: [ 1884.493292] vin mipi3: snrclk set en cmd
Feb 13 10:10:43 localhost kernel: [ 1884.493296] vin mipi3: snrclk set enable
Feb 13 10:10:43 localhost kernel: [ 1884.493313] [L517][S0]vin_node_set_attr_ex done
Feb 13 10:10:43 localhost kernel: [ 1884.493317] [VIN_NODE]:[L324][C0]vin_node_video_set_attr_ex done
Feb 13 10:10:43 localhost kernel: [ 1884.493321] [VPF ops]:[L763][vin3_src][C0] vpf_video_set_attr_ex: done
Feb 13 10:10:43 localhost kernel: [ 1884.493327] [L517][S0]vin_node_set_attr_ex done
Feb 13 10:10:43 localhost kernel: [ 1884.493331] [VIN_NODE]:[L324][C0]vin_node_video_set_attr_ex done
Feb 13 10:10:43 localhost kernel: [ 1884.493334] [VPF ops]:[L763][vin3_cap][C0] vpf_video_set_attr_ex: done
Feb 13 10:10:43 localhost kernel: [ 1884.493348] [L975]VNODE_ID_CAP wstride 2176
Feb 13 10:10:43 localhost kernel: [ 1884.493352] [L977]VNODE_ID_CAP vstride 1280
Feb 13 10:10:43 localhost kernel: [ 1884.493355] [L981]vstride 1280  planecount 1 
Feb 13 10:10:43 localhost kernel: [ 1884.493359] [L1023][S0] vin_node_reqbufs done bit_map 0x1 planecount 1 
Feb 13 10:10:43 localhost kernel: [ 1884.493363] [VIN_NODE]:[L743][C0]vin_node_video_reqbufs done
Feb 13 10:10:43 localhost kernel: [ 1884.493376] [VPF ops]:[L1325][vin3_cap][C0] vpf_request_frames: reqbuf number 3
Feb 13 10:10:43 localhost kernel: [ 1884.493501] [VPF ops]:[L1464][vin3_cap][C0] vpf_video_reqbufs: done
Feb 13 10:10:43 localhost kernel: [ 1884.493522] [VPF ops]:[L2066][vin3_cap][C0] vpf_video_querybuf: done
Feb 13 10:10:43 localhost kernel: [ 1884.493700] [VPF ops]:[L2066][vin3_cap][C0] vpf_video_querybuf: done
Feb 13 10:10:43 localhost kernel: [ 1884.493791] [VPF ops]:[L2066][vin3_cap][C0] vpf_video_querybuf: done
Feb 13 10:10:43 localhost kernel: [ 1884.493917] [VPF ops]:[L2575][vs-isp0_src] vpf_device_open: done
Feb 13 10:10:43 localhost kernel: [ 1884.493934] [VPF ops]:[L2575][vs-isp0_src_pd] vpf_device_open: done
Feb 13 10:10:43 localhost kernel: [ 1884.493946] [VPF ops]:[L2575][vs-isp0_cap] vpf_device_open: done
Feb 13 10:10:43 localhost kernel: [ 1884.493957] [VPF ops]:[L2575][vs-isp0_cap_raw] vpf_device_open: done
Feb 13 10:10:43 localhost kernel: [ 1884.493966] [VPF ops]:[L439][vs-isp0_src][C1] vpf_vctx_bind_vdev: done, ctx_index(0) refcount(1)
Feb 13 10:10:43 localhost kernel: [ 1884.493973] [VPF ops]:[L1875][vs-isp0_src][C1] vpf_video_bind_context: done
Feb 13 10:10:43 localhost kernel: [ 1884.493979] [VPF ops]:[L439][vs-isp0_src_pd][C1] vpf_vctx_bind_vdev: done, ctx_index(0) refcount(1)
Feb 13 10:10:43 localhost kernel: [ 1884.493984] [VPF ops]:[L1875][vs-isp0_src_pd][C1] vpf_video_bind_context: done
Feb 13 10:10:43 localhost kernel: [ 1884.493989] [VPF ops]:[L439][vs-isp0_cap][C1] vpf_vctx_bind_vdev: done, ctx_index(0) refcount(1)
Feb 13 10:10:43 localhost kernel: [ 1884.493994] [VPF ops]:[L1875][vs-isp0_cap][C1] vpf_video_bind_context: done
Feb 13 10:10:43 localhost kernel: [ 1884.494000] [VPF ops]:[L439][vs-isp0_cap_raw][C1] vpf_vctx_bind_vdev: done, ctx_index(0) refcount(1)
Feb 13 10:10:43 localhost kernel: [ 1884.494004] [VPF ops]:[L1875][vs-isp0_cap_raw][C1] vpf_video_bind_context: done
Feb 13 10:10:43 localhost kernel: [ 1884.494012] [VPF ops]:[L1079][vs-isp0_src][C1] vpf_video_get_struct_size: done
Feb 13 10:10:43 localhost kernel: [ 1884.494019] [VPF ops]:[L689][vs-isp0_cap][C1] vpf_video_set_init_attr: done
Feb 13 10:10:43 localhost kernel: [ 1884.496928] [VPF ops]:[L689][vs-isp0_src][C1] vpf_video_set_init_attr: done
Feb 13 10:10:43 localhost kernel: [ 1884.496959] [VPF ops]:[L689][vs-isp0_src_pd][C1] vpf_video_set_init_attr: done
Feb 13 10:10:43 localhost kernel: [ 1884.496965] [VPF ops]:[L689][vs-isp0_cap_raw][C1] vpf_video_set_init_attr: done
Feb 13 10:10:43 localhost kernel: [ 1884.496977] [VPF ops]:[L1079][vs-isp0_src][C1] vpf_video_get_struct_size: done
Feb 13 10:10:43 localhost kernel: [ 1884.496988] isp_set_ochn_attr format=6,width=1088,stride=1088,height=1280
Feb 13 10:10:43 localhost kernel: [ 1884.497040] isp_video_reqbufs done bit_map 0x1 planecount 2 vctx->id:8
Feb 13 10:10:43 localhost kernel: [ 1884.497057] [VPF ops]:[L1325][vs-isp0_cap][C1] vpf_request_frames: reqbuf number 16
Feb 13 10:10:43 localhost kernel: [ 1884.497063] [VPF ops]:[L978][vs-isp0_cap][C1] vpf_video_set_ochn_attr: done
Feb 13 10:10:43 localhost kernel: [ 1884.497071] [VPF ops]:[L1079][vs-isp0_src][C1] vpf_video_get_struct_size: done
Feb 13 10:10:43 localhost kernel: [ 1884.497079] isp_video_set_ichn_attr format=2,width=1088,stride=2176,height=1280,hdr_en=0
Feb 13 10:10:43 localhost kernel: [ 1884.497120] isp_video_reqbufs done bit_map 0x1 planecount 1 vctx->id:0
Feb 13 10:10:43 localhost kernel: [ 1884.497132] [VPF ops]:[L1325][vs-isp0_src][C1] vpf_request_frames: reqbuf number 16
Feb 13 10:10:43 localhost kernel: [ 1884.497137] [VPF ops]:[L850][vs-isp0_src][C1] vpf_video_set_ichn_attr: done
Feb 13 10:10:43 localhost kernel: [ 1884.497145] isp_video_reqbufs done bit_map 0x1 planecount 2 vctx->id:8
Feb 13 10:10:43 localhost kernel: [ 1884.497154] [VPF ops]:[L1325][vs-isp0_cap][C1] vpf_request_frames: reqbuf number 3
Feb 13 10:10:43 localhost kernel: [ 1884.497260] [VPF ops]:[L1464][vs-isp0_cap][C1] vpf_video_reqbufs: done
Feb 13 10:10:43 localhost kernel: [ 1884.497291] [VPF ops]:[L2066][vs-isp0_cap][C1] vpf_video_querybuf: done
Feb 13 10:10:43 localhost kernel: [ 1884.497434] [VPF ops]:[L2066][vs-isp0_cap][C1] vpf_video_querybuf: done
Feb 13 10:10:43 localhost kernel: [ 1884.497525] [VPF ops]:[L2066][vs-isp0_cap][C1] vpf_video_querybuf: done
Feb 13 10:10:43 localhost kernel: [ 1884.497626] [VPF ops]:[L2575][flow] vpf_device_open: done
Feb 13 10:10:43 localhost kernel: [ 1884.497638] [VPF ops]:[L1031][flow][C0] vpf_video_get_version: done
Feb 13 10:10:43 localhost kernel: [ 1884.497645] [VPF ops]:[L360][S3] vpf_bind_chain: bind done
Feb 13 10:10:43 localhost kernel: [ 1884.497653] [VPF ops]:[L2223][flow][C3] vpf_video_bind_pipeline: done
Feb 13 10:10:43 localhost kernel: [ 1884.497663] [VPF ops]:[L1685][vin3_src][S3][C0] vpf_chain_add_vnode: done
Feb 13 10:10:43 localhost kernel: [ 1884.497667] [VPF ops]:[L1825][vin3_src][C0] vpf_video_add_vnode: done
Feb 13 10:10:43 localhost kernel: [ 1884.497674] [VPF ops]:[L1685][vs-isp0_src][S3][C1] vpf_chain_add_vnode: done
Feb 13 10:10:43 localhost kernel: [ 1884.497678] [VPF ops]:[L1825][vs-isp0_src][C1] vpf_video_add_vnode: done
Feb 13 10:10:43 localhost kernel: [ 1884.497877] [CIM]:[L419][S0]cim_video_get_attr done ret val:0
Feb 13 10:10:43 localhost kernel: [ 1884.497888] vin vcon3: get attr valid bus7 rx3 done
Feb 13 10:10:43 localhost kernel: [ 1884.497893] [L306][S0]vin_node_get_attr done
Feb 13 10:10:43 localhost kernel: [ 1884.497897] [VIN_NODE]:[L286][C0]vin_node_video_get_attr done
Feb 13 10:10:43 localhost kernel: [ 1884.498637] vin sensor3: camera_init_req cmd: initing
Feb 13 10:10:43 localhost kernel: [ 1884.501661] vin mipi1: linelenth: 858, framelenth: 3150, fps: 10, ipiclk: 600000000, rx_bit_clk: 432000000
Feb 13 10:10:43 localhost kernel: [ 1884.501678] vin mipi1: ipi config hsa: 4, hbp: 4, hsd: 98
Feb 13 10:10:43 localhost kernel: [ 1884.501687] vin mipi1: config 1/1 ipi done
Feb 13 10:10:43 localhost kernel: [ 1884.501691] vin mipi1: check phy stop state
Feb 13 10:10:43 localhost kernel: [ 1884.501701] [L587][S0]vin_node_set_internal_attr done
Feb 13 10:10:43 localhost kernel: [ 1884.501706] [VIN_NODE]:[L514][C0]vin_node_video_set_internal_attr done
Feb 13 10:10:43 localhost kernel: [ 1884.501713] [L1023][S0] vin_node_reqbufs done bit_map 0x1 planecount 0 
Feb 13 10:10:43 localhost kernel: [ 1884.501717] [VIN_NODE]:[L743][C0]vin_node_video_reqbufs done
Feb 13 10:10:43 localhost kernel: [ 1884.501722] [VPF ops]:[L1005][vin1_src][C0] vpf_video_set_inter_attr: done
Feb 13 10:10:43 localhost kernel: [ 1884.501765] [VPF chain]:[L279]vio_chain_path_show: [S2] vin1_C0*(dma)
Feb 13 10:10:43 localhost kernel: [ 1884.501774] [VPF ops]:[L632][vin1_cap][S2] vpf_prepare_buffers: done
Feb 13 10:10:43 localhost kernel: [ 1884.501779] [VPF ops]:[L1639][vin1_cap][S2][C0] vpf_video_start: done start_cnt 1
Feb 13 10:10:43 localhost kernel: [ 1884.501788] [L716][S0][ipi0]cim_subdev_start ddr_en and ochn request bufs
Feb 13 10:10:43 localhost kernel: [ 1884.501802] [L757][S2]cim_subdev_start
Feb 13 10:10:43 localhost kernel: [ 1884.501805] [CIM]:[L113][S0]cim_video_streamon done ret val:0
Feb 13 10:10:43 localhost kernel: [ 1884.501814] vin sensor2: sensor_evk_do: wait to doing
Feb 13 10:10:43 localhost kernel: [ 1884.502477] vin sensor2: sensor_evk_do: done to finish
Feb 13 10:10:43 localhost kernel: [ 1884.502484] vin sensor2: sensor_start sc132gs flow2 start done
Feb 13 10:10:43 localhost kernel: [ 1884.502489] vin vcon1: sensor2 start real done
Feb 13 10:10:43 localhost kernel: [ 1884.502495] vin mipi1: start cmd: 0 real
Feb 13 10:10:43 localhost kernel: [ 1884.502499] vin mipi1: check hs reception
Feb 13 10:10:43 localhost kernel: [ 1884.683779] hobot-sif 3d030000.sif: sif frame size incorrect, hsize count:0x0 vsize count:0x1e0 for inst:0
Feb 13 10:10:43 localhost kernel: [ 1884.684165] vin mipi1: entry hs reception
Feb 13 10:10:43 localhost kernel: [ 1884.685033] [L1096][S0]vin_node_start done
Feb 13 10:10:43 localhost kernel: [ 1884.685038] [VIN_NODE]:[L546][C0]vin_node_video_streamon done
Feb 13 10:10:43 localhost kernel: [ 1884.685043] [VPF ops]:[L1639][vin1_src][S2][C0] vpf_video_start: done start_cnt 2
Feb 13 10:10:43 localhost kernel: [ 1884.770558] vin sensor3: sc132gs open i2c7@0x33
Feb 13 10:10:43 localhost kernel: [ 1884.770580] vin sensor3: camera_tuning_update_param done
Feb 13 10:10:43 localhost kernel: [ 1884.770853] vin sensor3: ctrl_mode set to user
Feb 13 10:10:43 localhost kernel: [ 1884.770983] vin sensor3: camera_init_result cmd: done wake
Feb 13 10:10:43 localhost kernel: [ 1884.771038] vin sensor3: camera_set_intrinsic_param port 3 done
Feb 13 10:10:43 localhost kernel: [ 1884.771081] vin sensor3: sensor_attach flow3 ctx0 to sensor3 sc132gs
Feb 13 10:10:43 localhost kernel: [ 1884.771087] vin vcon3: flow3.ctx0 attach sensor3 done
Feb 13 10:10:43 localhost kernel: [ 1884.771092] vin vcon3: set internal attr attach done
Feb 13 10:10:43 localhost kernel: [ 1884.771107] vin mipi3: init cmd: 0 real
Feb 13 10:10:43 localhost kernel: [ 1884.771116] vin mipi3: 1 lane 1088x1280 30fps datatype 0x2b
Feb 13 10:10:43 localhost kernel: [ 1884.771123] vin mipi3: snrclk set disable
Feb 13 10:10:43 localhost kernel: [ 1884.771152] vin mipi3: ipiclk limit 21000000 up to 600000000
Feb 13 10:10:43 localhost kernel: [ 1884.771168] vin mipi3: ipiclk set 600000000 get 600000000
Feb 13 10:10:43 localhost kernel: [ 1884.771176] vin mipi3: dphy 1200Mbps/1lane: ppi 8bit settle 20
Feb 13 10:10:43 localhost kernel: [ 1884.781243] vin sensor3: sensor_evu_do: default to wait
Feb 13 10:10:43 localhost kernel: [ 1884.804636] vin mipi3: linelenth: 1400, framelenth: 1500, fps: 30, ipiclk: 600000000, rx_bit_clk: 1200000000
Feb 13 10:10:43 localhost kernel: [ 1884.804661] vin mipi3: ipi config hsa: 4, hbp: 4, hsd: 42
Feb 13 10:10:43 localhost kernel: [ 1884.804669] vin mipi3: config 1/1 ipi done
Feb 13 10:10:43 localhost kernel: [ 1884.804674] vin mipi3: check phy stop state
Feb 13 10:10:43 localhost kernel: [ 1884.804684] [L587][S0]vin_node_set_internal_attr done
Feb 13 10:10:43 localhost kernel: [ 1884.804689] [VIN_NODE]:[L514][C0]vin_node_video_set_internal_attr done
Feb 13 10:10:43 localhost kernel: [ 1884.804697] [L1023][S0] vin_node_reqbufs done bit_map 0x1 planecount 1 
Feb 13 10:10:43 localhost kernel: [ 1884.804702] [VIN_NODE]:[L743][C0]vin_node_video_reqbufs done
Feb 13 10:10:43 localhost kernel: [ 1884.804706] [VPF ops]:[L1005][vin3_src][C0] vpf_video_set_inter_attr: done
Feb 13 10:10:43 localhost kernel: [ 1884.804738] isp_video_set_inter_attr flow_id = 3, sensor_name = sc132gs, sensor_cali_name = /app/BestMow/startup_script/sensor_config/darktime/sc132gs_tuning_right.json
Feb 13 10:11:29 localhost kernel: [ 1885.099022] ctx_id 1, inst id 1, sensor /app/BestMow/startup_script/sensor_config/darktime/sc132gs_tuning_right.json
Feb 13 10:11:29 localhost kernel: [ 1885.099046] isp_video_reqbufs done bit_map 0x1 planecount 1 vctx->id:0
Feb 13 10:11:29 localhost kernel: [ 1885.099053] [VPF ops]:[L1005][vs-isp0_src][C1] vpf_video_set_inter_attr: done
Feb 13 10:11:29 localhost kernel: [ 1885.099113] [L899][S0][V8] vin_node chn_attr format(24) slod_id(0) width(1088) height(1280) wstride(2176) vstride(1280)
Feb 13 10:11:29 localhost kernel: [ 1885.099123] isp_allow_bind online_mode=0,bind_type=3
Feb 13 10:11:29 localhost kernel: [ 1885.099157] [VPF ops]:[L319][S3] vpf_bind_vnode: vin3_cap bind_type(3) vs-isp0_src
Feb 13 10:11:29 localhost kernel: [ 1885.099163] [VPF ops]:[L2258][flow][C3] vpf_video_bind_vnode: done
Feb 13 10:11:29 localhost kernel: [ 1885.099178] [VPF chain]:[L279]vio_chain_path_show: [S3] vin3_C0*(dma)-m2m-isp0_C1
Feb 13 10:11:29 localhost kernel: [ 1885.099186] [VPF ops]:[L632][vs-isp0_cap][S3] vpf_prepare_buffers: done
Feb 13 10:11:29 localhost kernel: [ 1885.099194] isp_video_streamon inst: 1, set isp state to STARTED
Feb 13 10:11:29 localhost kernel: [ 1885.104333] [VPF ops]:[L1639][vs-isp0_cap][S3][C1] vpf_video_start: done start_cnt 1
Feb 13 10:11:29 localhost kernel: [ 1885.104366] [VPF ops]:[L1639][vs-isp0_src][S3][C1] vpf_video_start: done start_cnt 2
Feb 13 10:11:29 localhost kernel: [ 1885.104388] [VPF ops]:[L632][vin3_cap][S3] vpf_prepare_buffers: done
Feb 13 10:11:29 localhost kernel: [ 1885.104394] [VPF ops]:[L1639][vin3_cap][S3][C0] vpf_video_start: done start_cnt 1
Feb 13 10:11:29 localhost kernel: [ 1885.104403] [L716][S0][ipi0]cim_subdev_start ddr_en and ochn request bufs
Feb 13 10:11:29 localhost kernel: [ 1885.104418] [L757][S3]cim_subdev_start
Feb 13 10:11:29 localhost kernel: [ 1885.104422] [CIM]:[L113][S0]cim_video_streamon done ret val:0
Feb 13 10:11:29 localhost kernel: [ 1885.104431] vin sensor3: sensor_evk_do: wait to doing
Feb 13 10:11:29 localhost kernel: [ 1885.104966] vin sensor3: sensor_evk_do: done to finish
Feb 13 10:11:29 localhost kernel: [ 1885.104987] vin sensor3: sensor_start sc132gs flow3 start done
Feb 13 10:11:29 localhost kernel: [ 1885.104993] vin vcon3: sensor3 start real done
Feb 13 10:11:29 localhost kernel: [ 1885.105002] vin mipi3: start cmd: 0 real
Feb 13 10:11:29 localhost kernel: [ 1885.105007] vin mipi3: check hs reception
Feb 13 10:11:29 localhost kernel: [ 1885.154850] hobot-sif 3d050000.sif: sif frame size incorrect, hsize count:0x0 vsize count:0x500 for inst:0
Feb 13 10:11:29 localhost kernel: [ 1885.156126] vin mipi3: entry hs reception
Feb 13 10:11:29 localhost kernel: [ 1885.156145] [L1096][S0]vin_node_start done
Feb 13 10:11:29 localhost kernel: [ 1885.156149] [VIN_NODE]:[L546][C0]vin_node_video_streamon done
Feb 13 10:11:29 localhost kernel: [ 1885.156153] [VPF ops]:[L1639][vin3_src][S3][C0] vpf_video_start: done start_cnt 2
Nov 22 04:57:22 localhost kernel: [    0.000000] Booting Linux on physical CPU 0x0000000000 [0x412fd050]
Nov 22 04:57:22 localhost kernel: [    0.000000] Linux version 6.1.83-DR-PL5.2_V1.1.1 (root@hfz-ubuntu) (aarch64-none-linux-gnu-gcc (Arm GNU Toolchain 11.3.Rel1) 11.3.1 20220712, GNU ld (Arm GNU Toolchain 11.3.Rel1) 2.38.20220708) #11 SMP PREEMPT Wed Dec 17 17:00:02 CST 2025
Nov 22 04:57:22 localhost kernel: [    0.000000] Machine model: D-Robotics X5 EVB LP4 1_B board
Nov 22 04:57:22 localhost kernel: [    0.000000] efi: UEFI not found.
Nov 22 04:57:22 localhost kernel: [    0.000000] Reserved memory: created CMA memory pool at 0x0000000088000000, size 382 MiB
Nov 22 04:57:22 localhost kernel: [    0.000000] OF: reserved mem: initialized node linux,cma@88000000, compatible id shared-dma-pool
Nov 22 04:57:22 localhost kernel: [    0.000000] Zone ranges:
Nov 22 04:57:22 localhost kernel: [    0.000000]   DMA      [mem 0x0000000084000000-0x00000000ffffffff]
Nov 22 04:57:22 localhost kernel: [    0.000000]   DMA32    empty
Nov 22 04:57:22 localhost kernel: [    0.000000]   Normal   [mem 0x0000000100000000-0x000000017fffffff]
Nov 22 04:57:22 localhost kernel: [    0.000000] Movable zone start for each node
Nov 22 04:57:22 localhost kernel: [    0.000000] Early memory node ranges
Nov 22 04:57:22 localhost kernel: [    0.000000]   node   0: [mem 0x0000000084000000-0x000000009fe7efff]
Nov 22 04:57:22 localhost kernel: [    0.000000]   node   0: [mem 0x000000009fe7f000-0x00000000a207ffff]
Nov 22 04:57:22 localhost kernel: [    0.000000]   node   0: [mem 0x00000000a2080000-0x000000017fffffff]
Nov 22 04:57:22 localhost kernel: [    0.000000] Initmem setup node 0 [mem 0x0000000084000000-0x000000017fffffff]
Nov 22 04:57:22 localhost kernel: [    0.000000] On node 0, zone DMA: 16384 pages in unavailable ranges
Nov 22 04:57:22 localhost kernel: [    0.000000] psci: probing for conduit method from DT.
Nov 22 04:57:22 localhost kernel: [    0.000000] psci: PSCIv1.1 detected in firmware.
Nov 22 04:57:22 localhost kernel: [    0.000000] psci: Using standard PSCI v0.2 function IDs
Nov 22 04:57:22 localhost kernel: [    0.000000] psci: Trusted OS migration not required
Nov 22 04:57:22 localhost kernel: [    0.000000] psci: SMC Calling Convention v1.2
Nov 22 04:57:22 localhost kernel: [    0.000000] percpu: Embedded 18 pages/cpu s34280 r8192 d31256 u73728
Nov 22 04:57:22 localhost kernel: [    0.000000] pcpu-alloc: s34280 r8192 d31256 u73728 alloc=18*4096
Nov 22 04:57:22 localhost kernel: [    0.000000] pcpu-alloc: [0] 0 [0] 1 [0] 2 [0] 3 [0] 4 [0] 5 [0] 6 [0] 7 
Nov 22 04:57:22 localhost kernel: [    0.000000] Detected VIPT I-cache on CPU0
Nov 22 04:57:22 localhost kernel: [    0.000000] CPU features: detected: GIC system register CPU interface
Nov 22 04:57:22 localhost kernel: [    0.000000] CPU features: detected: Virtualization Host Extensions
Nov 22 04:57:22 localhost kernel: [    0.000000] CPU features: detected: Qualcomm erratum 1009, or ARM erratum 1286807, 2441009
Nov 22 04:57:22 localhost kernel: [    0.000000] CPU features: detected: ARM errata 1165522, 1319367, or 1530923
Nov 22 04:57:22 localhost kernel: [    0.000000] alternatives: applying boot alternatives
Nov 22 04:57:22 localhost kernel: [    0.000000] Built 1 zonelists, mobility grouping on.  Total pages: 1016064
Nov 22 04:57:22 localhost kernel: [    0.000000] Kernel command line: console=ttyS0,921600n8 root=/dev/mmcblk0p9 ro rootwait hobotboot.slot_suffix=_a hobotboot.reason=REBOOT_CMD hobotboot.medium=MMC hobotboot.mode=normal hobotboot.ab_switch_reason=normal hobotboot.pmic_type=single-pmic    
Nov 22 04:57:22 localhost kernel: [    0.000000] Dentry cache hash table entries: 524288 (order: 10, 4194304 bytes, linear)
Nov 22 04:57:22 localhost kernel: [    0.000000] Inode-cache hash table entries: 262144 (order: 9, 2097152 bytes, linear)
Nov 22 04:57:22 localhost kernel: [    0.000000] mem auto-init: stack:off, heap alloc:off, heap free:off
Nov 22 04:57:22 localhost kernel: [    0.000000] software IO TLB: area num 8.
Nov 22 04:57:22 localhost kernel: [    0.000000] software IO TLB: mapped [mem 0x00000000fbfff000-0x00000000fffff000] (64MB)
Nov 22 04:57:22 localhost kernel: [    0.000000] Memory: 2943588K/4128768K available (10752K kernel code, 1152K rwdata, 4092K rodata, 2176K init, 3217K bss, 794012K reserved, 391168K cma-reserved)
Nov 22 04:57:22 localhost kernel: [    0.000000] SLUB: HWalign=64, Order=0-3, MinObjects=0, CPUs=8, Nodes=1
Nov 22 04:57:22 localhost kernel: [    0.000000] rcu: Preemptible hierarchical RCU implementation.
Nov 22 04:57:22 localhost kernel: [    0.000000] rcu: 	RCU event tracing is enabled.
Nov 22 04:57:22 localhost kernel: [    0.000000] rcu: RCU calculated value of scheduler-enlistment delay is 10 jiffies.
Nov 22 04:57:22 localhost kernel: [    0.000000] NR_IRQS: 64, nr_irqs: 64, preallocated irqs: 0
Nov 22 04:57:22 localhost kernel: [    0.000000] GICv3: GIC: Using split EOI/Deactivate mode
Nov 22 04:57:22 localhost kernel: [    0.000000] GICv3: 256 SPIs implemented
Nov 22 04:57:22 localhost kernel: [    0.000000] GICv3: 0 Extended SPIs implemented
Nov 22 04:57:22 localhost kernel: [    0.000000] Root IRQ handler: gic_handle_irq
Nov 22 04:57:22 localhost kernel: [    0.000000] GICv3: GICv3 features: 16 PPIs
Nov 22 04:57:22 localhost kernel: [    0.000000] GICv3: CPU0: found redistributor 0 region 0:0x0000000030140000
Nov 22 04:57:22 localhost kernel: [    0.000000] rcu: srcu_init: Setting srcu_struct sizes based on contention.
Nov 22 04:57:22 localhost kernel: [    0.000000] arch_timer: cp15 timer(s) running at 24.00MHz (phys).
Nov 22 04:57:22 localhost kernel: [    0.000000] clocksource: arch_sys_counter: mask: 0xffffffffffffff max_cycles: 0x588fe9dc0, max_idle_ns: 440795202592 ns
Nov 22 04:57:22 localhost kernel: [    0.000000] sched_clock: 56 bits at 24MHz, resolution 41ns, wraps every 4398046511097ns
Nov 22 04:57:22 localhost kernel: [    0.000816] Console: colour dummy device 80x25
Nov 22 04:57:22 localhost kernel: [    0.000858] Calibrating delay loop (skipped), value calculated using timer frequency.. 48.00 BogoMIPS (lpj=240000)
Nov 22 04:57:22 localhost kernel: [    0.000869] pid_max: default: 32768 minimum: 301
Nov 22 04:57:22 localhost kernel: [    0.000976] Mount-cache hash table entries: 8192 (order: 4, 65536 bytes, linear)
Nov 22 04:57:22 localhost kernel: [    0.000991] Mountpoint-cache hash table entries: 8192 (order: 4, 65536 bytes, linear)
Nov 22 04:57:22 localhost kernel: [    0.002597] rcu: Hierarchical SRCU implementation.
Nov 22 04:57:22 localhost kernel: [    0.002602] rcu: 	Max phase no-delay instances is 1000.
Nov 22 04:57:22 localhost kernel: [    0.003366] EFI services will not be available.
Nov 22 04:57:22 localhost kernel: [    0.003771] smp: Bringing up secondary CPUs ...
Nov 22 04:57:22 localhost kernel: [    0.015195] Detected VIPT I-cache on CPU1
Nov 22 04:57:22 localhost kernel: [    0.015286] GICv3: CPU1: found redistributor 100 region 0:0x0000000030160000
Nov 22 04:57:22 localhost kernel: [    0.015318] CPU1: Booted secondary processor 0x0000000100 [0x412fd050]
Nov 22 04:57:22 localhost kernel: [    0.026768] Detected VIPT I-cache on CPU2
Nov 22 04:57:22 localhost kernel: [    0.026836] GICv3: CPU2: found redistributor 200 region 0:0x0000000030180000
Nov 22 04:57:22 localhost kernel: [    0.026859] CPU2: Booted secondary processor 0x0000000200 [0x412fd050]
Nov 22 04:57:22 localhost kernel: [    0.038275] Detected VIPT I-cache on CPU3
Nov 22 04:57:22 localhost kernel: [    0.038345] GICv3: CPU3: found redistributor 300 region 0:0x00000000301a0000
Nov 22 04:57:22 localhost kernel: [    0.038366] CPU3: Booted secondary processor 0x0000000300 [0x412fd050]
Nov 22 04:57:22 localhost kernel: [    0.049783] Detected VIPT I-cache on CPU4
Nov 22 04:57:22 localhost kernel: [    0.049857] GICv3: CPU4: found redistributor 400 region 0:0x00000000301c0000
Nov 22 04:57:22 localhost kernel: [    0.049876] CPU4: Booted secondary processor 0x0000000400 [0x412fd050]
Nov 22 04:57:22 localhost kernel: [    0.061288] Detected VIPT I-cache on CPU5
Nov 22 04:57:22 localhost kernel: [    0.061363] GICv3: CPU5: found redistributor 500 region 0:0x00000000301e0000
Nov 22 04:57:22 localhost kernel: [    0.061385] CPU5: Booted secondary processor 0x0000000500 [0x412fd050]
Nov 22 04:57:22 localhost kernel: [    0.072795] Detected VIPT I-cache on CPU6
Nov 22 04:57:22 localhost kernel: [    0.072868] GICv3: CPU6: found redistributor 600 region 0:0x0000000030200000
Nov 22 04:57:22 localhost kernel: [    0.072889] CPU6: Booted secondary processor 0x0000000600 [0x412fd050]
Nov 22 04:57:22 localhost kernel: [    0.084314] Detected VIPT I-cache on CPU7
Nov 22 04:57:22 localhost kernel: [    0.084393] GICv3: CPU7: found redistributor 700 region 0:0x0000000030220000
Nov 22 04:57:22 localhost kernel: [    0.084416] CPU7: Booted secondary processor 0x0000000700 [0x412fd050]
Nov 22 04:57:22 localhost kernel: [    0.084476] smp: Brought up 1 node, 8 CPUs
Nov 22 04:57:22 localhost kernel: [    0.084483] SMP: Total of 8 processors activated.
Nov 22 04:57:22 localhost kernel: [    0.084488] CPU features: detected: 32-bit EL0 Support
Nov 22 04:57:22 localhost kernel: [    0.084491] CPU features: detected: Data cache clean to the PoU not required for I/D coherence
Nov 22 04:57:22 localhost kernel: [    0.084495] CPU features: detected: Common not Private translations
Nov 22 04:57:22 localhost kernel: [    0.084498] CPU features: detected: CRC32 instructions
Nov 22 04:57:22 localhost kernel: [    0.084502] CPU features: detected: RCpc load-acquire (LDAPR)
Nov 22 04:57:22 localhost kernel: [    0.084505] CPU features: detected: LSE atomic instructions
Nov 22 04:57:22 localhost kernel: [    0.084508] CPU features: detected: Privileged Access Never
Nov 22 04:57:22 localhost kernel: [    0.084510] CPU features: detected: RAS Extension Support
Nov 22 04:57:22 localhost kernel: [    0.084516] CPU features: detected: Speculative Store Bypassing Safe (SSBS)
Nov 22 04:57:22 localhost kernel: [    0.084588] CPU: All CPU(s) started at EL2
Nov 22 04:57:22 localhost kernel: [    0.084591] alternatives: applying system-wide alternatives
Nov 22 04:57:22 localhost kernel: [    0.088245] devtmpfs: initialized
Nov 22 04:57:22 localhost kernel: [    0.105689] clocksource: jiffies: mask: 0xffffffff max_cycles: 0xffffffff, max_idle_ns: 19112604462750000 ns
Nov 22 04:57:22 localhost kernel: [    0.105707] futex hash table entries: 2048 (order: 5, 131072 bytes, linear)
Nov 22 04:57:22 localhost kernel: [    0.114353] pinctrl core: initialized pinctrl subsystem
Nov 22 04:57:22 localhost kernel: [    0.114887] DMI not present or invalid.
Nov 22 04:57:22 localhost kernel: [    0.114895] hb_pl320_mbox_init...
Nov 22 04:57:22 localhost kernel: [    0.115347] NET: Registered PF_NETLINK/PF_ROUTE protocol family
Nov 22 04:57:22 localhost kernel: [    0.116077] DMA: preallocated 512 KiB GFP_KERNEL pool for atomic allocations
Nov 22 04:57:22 localhost kernel: [    0.116197] DMA: preallocated 512 KiB GFP_KERNEL|GFP_DMA pool for atomic allocations
Nov 22 04:57:22 localhost kernel: [    0.116359] DMA: preallocated 512 KiB GFP_KERNEL|GFP_DMA32 pool for atomic allocations
Nov 22 04:57:22 localhost kernel: [    0.116407] audit: initializing netlink subsys (disabled)
Nov 22 04:57:22 localhost kernel: [    0.116544] audit: type=2000 audit(0.100:1): state=initialized audit_enabled=0 res=1
Nov 22 04:57:22 localhost kernel: [    0.116894] thermal_sys: Registered thermal governor 'step_wise'
Nov 22 04:57:22 localhost kernel: [    0.116900] thermal_sys: Registered thermal governor 'user_space'
Nov 22 04:57:22 localhost kernel: [    0.116933] cpuidle: using governor menu
Nov 22 04:57:22 localhost kernel: [    0.117096] hw-breakpoint: found 6 breakpoint and 4 watchpoint registers.
Nov 22 04:57:22 localhost kernel: [    0.117225] ASID allocator initialised with 65536 entries
Nov 22 04:57:22 localhost kernel: [    0.117412] hb_ipc_init...
Nov 22 04:57:22 localhost kernel: [    0.119271] printk: console [ramoops-1] enabled
Nov 22 04:57:22 localhost kernel: [    0.119277] pstore: Registered ramoops as persistent store backend
Nov 22 04:57:22 localhost kernel: [    0.119280] ramoops: using 0x40000@0xa4080000, ecc: 0
Nov 22 04:57:22 localhost kernel: [    0.133997] platform 3d080000.csi: Fixed dependency cycle(s) with /soc/a55_apb0/i2c@340d0000/sc230ai@30
Nov 22 04:57:22 localhost kernel: [    0.134832] amba 2c001000.funnel: Fixed dependency cycle(s) with /soc/etm@2d740000
Nov 22 04:57:22 localhost kernel: [    0.134848] amba 2c001000.funnel: Fixed dependency cycle(s) with /soc/etm@2d640000
Nov 22 04:57:22 localhost kernel: [    0.134861] amba 2c001000.funnel: Fixed dependency cycle(s) with /soc/etm@2d540000
Nov 22 04:57:22 localhost kernel: [    0.134873] amba 2c001000.funnel: Fixed dependency cycle(s) with /soc/etm@2d440000
Nov 22 04:57:22 localhost kernel: [    0.134885] amba 2c001000.funnel: Fixed dependency cycle(s) with /soc/etm@2d340000
Nov 22 04:57:22 localhost kernel: [    0.134897] amba 2c001000.funnel: Fixed dependency cycle(s) with /soc/etm@2d240000
Nov 22 04:57:22 localhost kernel: [    0.134911] amba 2c001000.funnel: Fixed dependency cycle(s) with /soc/etm@2d140000
Nov 22 04:57:22 localhost kernel: [    0.134921] amba 2c001000.funnel: Fixed dependency cycle(s) with /soc/etm@2d040000
Nov 22 04:57:22 localhost kernel: [    0.134938] amba 2c001000.funnel: Fixed dependency cycle(s) with /soc/etf@2c002000
Nov 22 04:57:22 localhost kernel: [    0.135025] amba 2c001000.funnel: Fixed dependency cycle(s) with /soc/etf@2c002000
Nov 22 04:57:22 localhost kernel: [    0.135088] amba 2c002000.etf: Fixed dependency cycle(s) with /soc/replicator@2c004000
Nov 22 04:57:22 localhost kernel: [    0.135120] amba 2c002000.etf: Fixed dependency cycle(s) with /soc/funnel@2c001000
Nov 22 04:57:22 localhost kernel: [    0.135250] amba 2c003000.etr: Fixed dependency cycle(s) with /soc/replicator@2c004000
Nov 22 04:57:22 localhost kernel: [    0.135341] amba 2c003000.etr: Fixed dependency cycle(s) with /soc/replicator@2c004000
Nov 22 04:57:22 localhost kernel: [    0.135391] amba 2c002000.etf: Fixed dependency cycle(s) with /soc/replicator@2c004000
Nov 22 04:57:22 localhost kernel: [    0.135460] amba 2c004000.replicator: Fixed dependency cycle(s) with /soc/etf@2c002000
Nov 22 04:57:22 localhost kernel: [    0.135508] amba 2c004000.replicator: Fixed dependency cycle(s) with /soc/etr@2c003000
Nov 22 04:57:22 localhost kernel: [    0.135559] amba 2c004000.replicator: Fixed dependency cycle(s) with /soc/tpiu@2c005000
Nov 22 04:57:22 localhost kernel: [    0.135631] amba 2c004000.replicator: Fixed dependency cycle(s) with /soc/tpiu@2c005000
Nov 22 04:57:22 localhost kernel: [    0.135702] amba 2c005000.tpiu: Fixed dependency cycle(s) with /soc/replicator@2c004000
Nov 22 04:57:22 localhost kernel: [    0.135898] amba 2c001000.funnel: Fixed dependency cycle(s) with /soc/etm@2d040000
Nov 22 04:57:22 localhost kernel: [    0.135971] amba 2d040000.etm: Fixed dependency cycle(s) with /soc/funnel@2c001000
Nov 22 04:57:22 localhost kernel: [    0.136127] amba 2c001000.funnel: Fixed dependency cycle(s) with /soc/etm@2d140000
Nov 22 04:57:22 localhost kernel: [    0.136204] amba 2d140000.etm: Fixed dependency cycle(s) with /soc/funnel@2c001000
Nov 22 04:57:22 localhost kernel: [    0.136354] amba 2c001000.funnel: Fixed dependency cycle(s) with /soc/etm@2d240000
Nov 22 04:57:22 localhost kernel: [    0.136430] amba 2d240000.etm: Fixed dependency cycle(s) with /soc/funnel@2c001000
Nov 22 04:57:22 localhost kernel: [    0.136587] amba 2c001000.funnel: Fixed dependency cycle(s) with /soc/etm@2d340000
Nov 22 04:57:22 localhost kernel: [    0.136670] amba 2d340000.etm: Fixed dependency cycle(s) with /soc/funnel@2c001000
Nov 22 04:57:22 localhost kernel: [    0.136825] amba 2c001000.funnel: Fixed dependency cycle(s) with /soc/etm@2d440000
Nov 22 04:57:22 localhost kernel: [    0.136898] amba 2d440000.etm: Fixed dependency cycle(s) with /soc/funnel@2c001000
Nov 22 04:57:22 localhost kernel: [    0.137045] amba 2c001000.funnel: Fixed dependency cycle(s) with /soc/etm@2d540000
Nov 22 04:57:22 localhost kernel: [    0.137118] amba 2d540000.etm: Fixed dependency cycle(s) with /soc/funnel@2c001000
Nov 22 04:57:22 localhost kernel: [    0.137275] amba 2c001000.funnel: Fixed dependency cycle(s) with /soc/etm@2d640000
Nov 22 04:57:22 localhost kernel: [    0.137353] amba 2d640000.etm: Fixed dependency cycle(s) with /soc/funnel@2c001000
Nov 22 04:57:22 localhost kernel: [    0.137502] amba 2c001000.funnel: Fixed dependency cycle(s) with /soc/etm@2d740000
Nov 22 04:57:22 localhost kernel: [    0.137574] amba 2d740000.etm: Fixed dependency cycle(s) with /soc/funnel@2c001000
Nov 22 04:57:22 localhost kernel: [    0.147702] horizon-aon-pinctrl 31040000.aon_iomuxc: Initialized D-Robotics pinctrl driver
Nov 22 04:57:22 localhost kernel: [    0.149496] (NULL device *): no horizon,gpio-banks in node /soc/disp_apb/disp_iomuxc@3e0a0054
Nov 22 04:57:22 localhost kernel: [    0.149732] horizon-disp-pinctrl 3e0a0054.disp_iomuxc: Initialized D-Robotics pinctrl driver
Nov 22 04:57:22 localhost kernel: [    0.150010] platform 3e000000.disp_apb:bt1120-wb-syscon-bridge: Fixed dependency cycle(s) with /soc/disp_apb/bt1120_bridge_wb
Nov 22 04:57:22 localhost kernel: [    0.150153] platform 3e080000.vs-sif: Fixed dependency cycle(s) with /soc/disp_apb/bt1120_bridge_wb
Nov 22 04:57:22 localhost kernel: [    0.150476] platform 3e080000.vs-sif: Fixed dependency cycle(s) with /soc/disp_apb/bt1120_bridge_wb
Nov 22 04:57:22 localhost kernel: [    0.150518] platform 3e000000.disp_apb:bt1120-wb-syscon-bridge: Fixed dependency cycle(s) with /soc/disp_apb/bt1120_bridge_wb
Nov 22 04:57:22 localhost kernel: [    0.150563] platform 3e000000.disp_apb:bt1120_bridge_wb: Fixed dependency cycle(s) with /soc/disp_apb/bt1120-wb-syscon-bridge
Nov 22 04:57:22 localhost kernel: [    0.150606] platform 3e000000.disp_apb:bt1120_bridge_wb: Fixed dependency cycle(s) with /soc/disp_apb/vs-sif@3e080000
Nov 22 04:57:22 localhost kernel: [    0.154666] horizon-hsio-pinctrl 35050000.hsio_iomuxc: Initialized D-Robotics pinctrl driver
Nov 22 04:57:22 localhost kernel: [    0.157348] horizon-dsp-pinctrl 31040014.dsp_iomuxc: Initialized D-Robotics pinctrl driver
Nov 22 04:57:22 localhost kernel: [    0.157830] hobot-pl320 33000000.mailbox0: get_mbox_dev_resource, mbox->base = (____ptrval____)
Nov 22 04:57:22 localhost kernel: [    0.158445] hobot-pl320 33000000.mailbox0: PL320 Mailbox registered
Nov 22 04:57:22 localhost kernel: [    0.164050] horizon-lsio-pinctrl 34180000.lsio_iomuxc: Initialized D-Robotics pinctrl driver
Nov 22 04:57:22 localhost kernel: [    0.167216] KASLR disabled due to lack of seed
Nov 22 04:57:22 localhost kernel: [    0.167302] sysfs: cannot create duplicate filename '/module/hobot_pps/version'
Nov 22 04:57:22 localhost kernel: [    0.167309] CPU: 0 PID: 1 Comm: swapper/0 Not tainted 6.1.83-DR-PL5.2_V1.1.1 #11
Nov 22 04:57:22 localhost kernel: [    0.167315] Hardware name: D-Robotics X5 EVB LP4 1_B board (DT)
Nov 22 04:57:22 localhost kernel: [    0.167319] Call trace:
Nov 22 04:57:22 localhost kernel: [    0.167323]  dump_backtrace+0xd8/0x130
Nov 22 04:57:22 localhost kernel: [    0.167338]  show_stack+0x18/0x30
Nov 22 04:57:22 localhost kernel: [    0.167345]  dump_stack_lvl+0x68/0x84
Nov 22 04:57:22 localhost kernel: [    0.167354]  dump_stack+0x18/0x34
Nov 22 04:57:22 localhost kernel: [    0.167361]  sysfs_warn_dup+0x64/0x80
Nov 22 04:57:22 localhost kernel: [    0.167369]  sysfs_add_file_mode_ns+0x124/0x130
Nov 22 04:57:22 localhost kernel: [    0.167374]  sysfs_create_file_ns+0x7c/0xb4
Nov 22 04:57:22 localhost kernel: [    0.167379]  param_sysfs_init+0xa8/0x1e0
Nov 22 04:57:22 localhost kernel: [    0.167389]  do_one_initcall+0x50/0x1d0
Nov 22 04:57:22 localhost kernel: [    0.167394]  kernel_init_freeable+0x218/0x280
Nov 22 04:57:22 localhost kernel: [    0.167403]  kernel_init+0x24/0x130
Nov 22 04:57:22 localhost kernel: [    0.167410]  ret_from_fork+0x10/0x20
Nov 22 04:57:22 localhost kernel: [    0.167426] ------------[ cut here ]------------
Nov 22 04:57:22 localhost kernel: [    0.167429] WARNING: CPU: 0 PID: 1 at kernel/params.c:877 param_sysfs_init+0xac/0x1e0
Nov 22 04:57:22 localhost kernel: [    0.167438] Modules linked in:
Nov 22 04:57:22 localhost kernel: [    0.167443] CPU: 0 PID: 1 Comm: swapper/0 Not tainted 6.1.83-DR-PL5.2_V1.1.1 #11
Nov 22 04:57:22 localhost kernel: [    0.167449] Hardware name: D-Robotics X5 EVB LP4 1_B board (DT)
Nov 22 04:57:22 localhost kernel: [    0.167452] pstate: 60400009 (nZCv daif +PAN -UAO -TCO -DIT -SSBS BTYPE=--)
Nov 22 04:57:22 localhost kernel: [    0.167458] pc : param_sysfs_init+0xac/0x1e0
Nov 22 04:57:22 localhost kernel: [    0.167466] lr : param_sysfs_init+0xa8/0x1e0
Nov 22 04:57:22 localhost kernel: [    0.167473] sp : ffff80000956bd30
Nov 22 04:57:22 localhost kernel: [    0.167477] x29: ffff80000956bd30 x28: 0000000000000000 x27: ffff800008ea00c8
Nov 22 04:57:22 localhost kernel: [    0.167488] x26: ffff800008f26050 x25: ffff800008f26078 x24: ffff800008e88fe0
Nov 22 04:57:22 localhost kernel: [    0.167499] x23: ffff8000091e5000 x22: 0000000000000000 x21: ffff800008e8c070
Nov 22 04:57:22 localhost kernel: [    0.167510] x20: ffff000080dbce00 x19: ffff800008e8be30 x18: ffffffffffffffff
Nov 22 04:57:22 localhost kernel: [    0.167519] x17: 312e312e31565f32 x16: 2e354c502d52442d x15: ffff80008956b4ca
Nov 22 04:57:22 localhost kernel: [    0.167528] x14: 0000000000000000 x13: ffff8000090d9eb0 x12: 000000000000022e
Nov 22 04:57:22 localhost kernel: [    0.167538] x11: 00000000000000ba x10: ffff800009131eb0 x9 : ffff8000090d9eb0
Nov 22 04:57:22 localhost kernel: [    0.167547] x8 : 00000000ffffefff x7 : ffff800009131eb0 x6 : 0000000000002210
Nov 22 04:57:22 localhost kernel: [    0.167556] x5 : ffff000080044000 x4 : ffff0000ff6ca6d0 x3 : 0000000000000000
Nov 22 04:57:22 localhost kernel: [    0.167565] x2 : 0000000000000000 x1 : ffff000080080000 x0 : 00000000ffffffef
Nov 22 04:57:22 localhost kernel: [    0.167576] Call trace:
Nov 22 04:57:22 localhost kernel: [    0.167578]  param_sysfs_init+0xac/0x1e0
Nov 22 04:57:22 localhost kernel: [    0.167584]  do_one_initcall+0x50/0x1d0
Nov 22 04:57:22 localhost kernel: [    0.167589]  kernel_init_freeable+0x218/0x280
Nov 22 04:57:22 localhost kernel: [    0.167597]  kernel_init+0x24/0x130
Nov 22 04:57:22 localhost kernel: [    0.167603]  ret_from_fork+0x10/0x20
Nov 22 04:57:22 localhost kernel: [    0.167612] ---[ end trace 0000000000000000 ]---
Nov 22 04:57:22 localhost kernel: [    0.172224] HugeTLB: registered 1.00 GiB page size, pre-allocated 0 pages
Nov 22 04:57:22 localhost kernel: [    0.172231] HugeTLB: 0 KiB vmemmap can be freed for a 1.00 GiB page
Nov 22 04:57:22 localhost kernel: [    0.172235] HugeTLB: registered 32.0 MiB page size, pre-allocated 0 pages
Nov 22 04:57:22 localhost kernel: [    0.172239] HugeTLB: 0 KiB vmemmap can be freed for a 32.0 MiB page
Nov 22 04:57:22 localhost kernel: [    0.172244] HugeTLB: registered 2.00 MiB page size, pre-allocated 0 pages
Nov 22 04:57:22 localhost kernel: [    0.172249] HugeTLB: 0 KiB vmemmap can be freed for a 2.00 MiB page
Nov 22 04:57:22 localhost kernel: [    0.172253] HugeTLB: registered 64.0 KiB page size, pre-allocated 0 pages
Nov 22 04:57:22 localhost kernel: [    0.172256] HugeTLB: 0 KiB vmemmap can be freed for a 64.0 KiB page
Nov 22 04:57:22 localhost kernel: [    0.173156] noc_qos 20500000.cpu_ace_qos: qos doesn't have consumer device
Nov 22 04:57:22 localhost kernel: [    0.173185] noc_qos 20500000.cpu_ace_qos: noc qos init finished.
Nov 22 04:57:22 localhost kernel: [    0.173239] noc_qos 20500100.cpu_perif_qos: qos doesn't have consumer device
Nov 22 04:57:22 localhost kernel: [    0.173258] noc_qos 20500100.cpu_perif_qos: noc qos init finished.
Nov 22 04:57:22 localhost kernel: [    0.173316] noc_qos 20510000.bt1120_qos: qos doesn't have consumer device
Nov 22 04:57:22 localhost kernel: [    0.173345] noc_qos 20510000.bt1120_qos: noc qos init finished.
Nov 22 04:57:22 localhost kernel: [    0.173397] noc_qos 20510080.dc8000_qos: qos doesn't have consumer device
Nov 22 04:57:22 localhost kernel: [    0.173421] noc_qos 20510080.dc8000_qos: noc qos init finished.
Nov 22 04:57:22 localhost kernel: [    0.173477] noc_qos 20510100.dw230_gdc_qos: qos doesn't have consumer device
Nov 22 04:57:22 localhost kernel: [    0.173504] noc_qos 20510100.dw230_gdc_qos: noc qos init finished.
Nov 22 04:57:22 localhost kernel: [    0.173558] noc_qos 20510180.dw230_scalar2_qos: qos doesn't have consumer device
Nov 22 04:57:22 localhost kernel: [    0.173586] noc_qos 20510180.dw230_scalar2_qos: noc qos init finished.
Nov 22 04:57:22 localhost kernel: [    0.173636] noc_qos 20510200.dw230_scalar3_qos: qos doesn't have consumer device
Nov 22 04:57:22 localhost kernel: [    0.173660] noc_qos 20510200.dw230_scalar3_qos: noc qos init finished.
Nov 22 04:57:22 localhost kernel: [    0.173715] noc_qos 20510500.sif0_qos: qos doesn't have consumer device
Nov 22 04:57:22 localhost kernel: [    0.173741] noc_qos 20510500.sif0_qos: noc qos init finished.
Nov 22 04:57:22 localhost kernel: [    0.173799] noc_qos 20510580.sif1_qos: qos doesn't have consumer device
Nov 22 04:57:22 localhost kernel: [    0.173825] noc_qos 20510580.sif1_qos: noc qos init finished.
Nov 22 04:57:22 localhost kernel: [    0.173878] noc_qos 20510600.sif2_qos: qos doesn't have consumer device
Nov 22 04:57:22 localhost kernel: [    0.173902] noc_qos 20510600.sif2_qos: noc qos init finished.
Nov 22 04:57:22 localhost kernel: [    0.173954] noc_qos 20510680.sif3_qos: qos doesn't have consumer device
Nov 22 04:57:22 localhost kernel: [    0.173982] noc_qos 20510680.sif3_qos: noc qos init finished.
Nov 22 04:57:22 localhost kernel: [    0.174034] noc_qos 20510700.sif_disp_qos: qos doesn't have consumer device
Nov 22 04:57:22 localhost kernel: [    0.174058] noc_qos 20510700.sif_disp_qos: noc qos init finished.
Nov 22 04:57:22 localhost kernel: [    0.174113] noc_qos 20550000.dma0_qos: qos doesn't have consumer device
Nov 22 04:57:22 localhost kernel: [    0.174137] noc_qos 20550000.dma0_qos: noc qos init finished.
Nov 22 04:57:22 localhost kernel: [    0.174188] noc_qos 20550080.emmc_qos: qos doesn't have consumer device
Nov 22 04:57:22 localhost kernel: [    0.174219] noc_qos 20550080.emmc_qos: noc qos init finished.
Nov 22 04:57:22 localhost kernel: [    0.174267] noc_qos 20550100.gmac_qos: qos doesn't have consumer device
Nov 22 04:57:22 localhost kernel: [    0.174290] noc_qos 20550100.gmac_qos: noc qos init finished.
Nov 22 04:57:22 localhost kernel: [    0.174345] noc_qos 20550180.sd_qos: qos doesn't have consumer device
Nov 22 04:57:22 localhost kernel: [    0.174371] noc_qos 20550180.sd_qos: noc qos init finished.
Nov 22 04:57:22 localhost kernel: [    0.174445] noc_qos 20550200.sdio_qos: qos doesn't have consumer device
Nov 22 04:57:22 localhost kernel: [    0.174476] noc_qos 20550200.sdio_qos: noc qos init finished.
Nov 22 04:57:22 localhost kernel: [    0.174522] noc_qos 20550280.security_qos: qos doesn't have consumer device
Nov 22 04:57:22 localhost kernel: [    0.174546] noc_qos 20550280.security_qos: noc qos init finished.
Nov 22 04:57:22 localhost kernel: [    0.174597] noc_qos 20550300.usb2_qos: qos doesn't have consumer device
Nov 22 04:57:22 localhost kernel: [    0.174626] noc_qos 20550300.usb2_qos: noc qos init finished.
Nov 22 04:57:22 localhost kernel: [    0.174677] noc_qos 20550380.usb3_qos: qos doesn't have consumer device
Nov 22 04:57:22 localhost kernel: [    0.174704] noc_qos 20550380.usb3_qos: noc qos init finished.
Nov 22 04:57:22 localhost kernel: [    0.174754] noc_qos 20550400.etr_qos: qos doesn't have consumer device
Nov 22 04:57:22 localhost kernel: [    0.174773] noc_qos 20550400.etr_qos: noc qos init finished.
Nov 22 04:57:22 localhost kernel: [    0.175590] iommu: Default domain type: Translated 
Nov 22 04:57:22 localhost kernel: [    0.175595] iommu: DMA domain TLB invalidation policy: strict mode 
Nov 22 04:57:22 localhost kernel: [    0.177262] SCSI subsystem initialized
Nov 22 04:57:22 localhost kernel: [    0.177368] usbcore: registered new interface driver usbfs
Nov 22 04:57:22 localhost kernel: [    0.177392] usbcore: registered new interface driver hub
Nov 22 04:57:22 localhost kernel: [    0.177417] usbcore: registered new device driver usb
Nov 22 04:57:22 localhost kernel: [    0.177687] mc: Linux media interface: v0.10
Nov 22 04:57:22 localhost kernel: [    0.177715] videodev: Linux video capture interface: v2.00
Nov 22 04:57:22 localhost kernel: [    0.177738] pps_core: LinuxPPS API ver. 1 registered
Nov 22 04:57:22 localhost kernel: [    0.177742] pps_core: Software ver. 5.3.6 - Copyright 2005-2007 Rodolfo Giometti <giometti@linux.it>
Nov 22 04:57:22 localhost kernel: [    0.177753] PTP clock support registered
Nov 22 04:57:22 localhost kernel: [    0.177996] hobot_ion: Reserved ion-pool MEM start 0xa4100000, size 0xc000000
Nov 22 04:57:22 localhost kernel: [    0.178041] hobot_ion: Reserved ion-carveout MEM start 0xb0100000, size 0xc000000
Nov 22 04:57:22 localhost kernel: [    0.178130] hobot_ion: Reserved ion-cma MEM start 0xbc100000, size 0xc000000
Nov 22 04:57:22 localhost kernel: [    0.199730] Advanced Linux Sound Architecture Driver Initialized.
Nov 22 04:57:22 localhost kernel: [    0.200260] clocksource: Switched to clocksource arch_sys_counter
Nov 22 04:57:22 localhost kernel: [    0.204978] NET: Registered PF_INET protocol family
Nov 22 04:57:22 localhost kernel: [    0.205113] IP idents hash table entries: 65536 (order: 7, 524288 bytes, linear)
Nov 22 04:57:22 localhost kernel: [    0.207387] tcp_listen_portaddr_hash hash table entries: 2048 (order: 3, 32768 bytes, linear)
Nov 22 04:57:22 localhost kernel: [    0.207415] Table-perturb hash table entries: 65536 (order: 6, 262144 bytes, linear)
Nov 22 04:57:22 localhost kernel: [    0.207426] TCP established hash table entries: 32768 (order: 6, 262144 bytes, linear)
Nov 22 04:57:22 localhost kernel: [    0.207571] TCP bind hash table entries: 32768 (order: 8, 1048576 bytes, linear)
Nov 22 04:57:22 localhost kernel: [    0.208167] TCP: Hash tables configured (established 32768 bind 32768)
Nov 22 04:57:22 localhost kernel: [    0.208236] UDP hash table entries: 2048 (order: 4, 65536 bytes, linear)
Nov 22 04:57:22 localhost kernel: [    0.208283] UDP-Lite hash table entries: 2048 (order: 4, 65536 bytes, linear)
Nov 22 04:57:22 localhost kernel: [    0.208424] NET: Registered PF_UNIX/PF_LOCAL protocol family
Nov 22 04:57:22 localhost kernel: [    0.208647] RPC: Registered named UNIX socket transport module.
Nov 22 04:57:22 localhost kernel: [    0.208652] RPC: Registered udp transport module.
Nov 22 04:57:22 localhost kernel: [    0.208654] RPC: Registered tcp transport module.
Nov 22 04:57:22 localhost kernel: [    0.208657] RPC: Registered tcp NFSv4.1 backchannel transport module.
Nov 22 04:57:22 localhost kernel: [    0.209695] hw perfevents: enabled with armv8_pmuv3 PMU driver, 7 counters available
Nov 22 04:57:22 localhost kernel: [    0.211353] Initialise system trusted keyrings
Nov 22 04:57:22 localhost kernel: [    0.211455] workingset: timestamp_bits=46 max_order=20 bucket_order=0
Nov 22 04:57:22 localhost kernel: [    0.215005] pstore: success mode=2
Nov 22 04:57:22 localhost kernel: [    0.244270] NET: Registered PF_ALG protocol family
Nov 22 04:57:22 localhost kernel: [    0.244283] Key type asymmetric registered
Nov 22 04:57:22 localhost kernel: [    0.244286] Asymmetric key parser 'x509' registered
Nov 22 04:57:22 localhost kernel: [    0.244319] Block layer SCSI generic (bsg) driver version 0.4 loaded (major 246)
Nov 22 04:57:22 localhost kernel: [    0.244325] io scheduler mq-deadline registered
Nov 22 04:57:22 localhost kernel: [    0.244330] io scheduler kyber registered
Nov 22 04:57:22 localhost kernel: [    0.251262] dw_axi_dmac_platform 32080000.dma-controller: DesignWare AXI DMA Controller, 8 channels
Nov 22 04:57:22 localhost kernel: [    0.251794] dw_axi_dmac_platform 34200000.dma-controller: DesignWare AXI DMA Controller, 12 channels
Nov 22 04:57:22 localhost kernel: [    0.251846] Start socinfo driver init
Nov 22 04:57:22 localhost kernel: [    0.251886] socinfo 31021008.socinfo: Start socinfo probe.
Nov 22 04:57:22 localhost kernel: [    0.251938] socinfo 31021008.socinfo: Socinfo probe end with retval: 0
Nov 22 04:57:22 localhost kernel: [    0.252451] axi_monitor 38100000.axi-mon: AXI-Clk: 800000000Hz
Nov 22 04:57:22 localhost kernel: [    0.252463] axi_monitor 38100000.axi-mon: APB-Clk: 200000000Hz
Nov 22 04:57:22 localhost kernel: [    0.252469] axi_monitor 38100000.axi-mon: Maximum session time 343000 millisecs
Nov 22 04:57:22 localhost kernel: [    0.252485] axi_monitor 38100000.axi-mon: Got axi-port num:5
Nov 22 04:57:22 localhost kernel: [    0.252493] axi_monitor 38100000.axi-mon: Got new axi-port:cpu, idx:0
Nov 22 04:57:22 localhost kernel: [    0.252499] axi_monitor 38100000.axi-mon: Got new axi-port:bpu, idx:1
Nov 22 04:57:22 localhost kernel: [    0.252506] axi_monitor 38100000.axi-mon: Got new axi-port:vin, idx:2
Nov 22 04:57:22 localhost kernel: [    0.252512] axi_monitor 38100000.axi-mon: Got new axi-port:codec, idx:3
Nov 22 04:57:22 localhost kernel: [    0.252519] axi_monitor 38100000.axi-mon: Got new axi-port:gpu, idx:4
Nov 22 04:57:22 localhost kernel: [    0.252673] axi_monitor 38100000.axi-mon: DDR Perf Monitor probed successfully.
Nov 22 04:57:22 localhost kernel: [    0.253377] hobot_dsp_init start
Nov 22 04:57:22 localhost kernel: [    0.253498] hobot-dsp dsp0: hobot_dsp_probe start
Nov 22 04:57:22 localhost kernel: [    0.253506] hobot-dsp dsp0: dsp_smmu_init: dsp0 DMA mask 32bit.
Nov 22 04:57:22 localhost kernel: [    0.253673] hobot-dsp dsp0: hobot_dsp_probe dsp0 Registered successfully
Nov 22 04:57:22 localhost kernel: [    0.253711] hobot_dsp_init end
Nov 22 04:57:22 localhost kernel: [    0.255693] Serial: 8250/16550 driver, 8 ports, IRQ sharing disabled
Nov 22 04:57:22 localhost kernel: [    0.257331] printk: console [ttyS0] disabled
Nov 22 04:57:22 localhost kernel: [    0.257378] 32120000.serial: ttyS0 at MMIO 0x32120000 (irq = 29, base_baud = 12656250) is a 16550A
Nov 22 04:57:22 localhost kernel: [    0.258615] printk: console [ttyS0] enabled
Nov 22 04:57:22 localhost kernel: [    0.259088] 34080000.serial: ttyS2 at MMIO 0x34080000 (irq = 30, base_baud = 12500000) is a 16550A
Nov 22 04:57:22 localhost kernel: [    0.259531] 34090000.serial: ttyS3 at MMIO 0x34090000 (irq = 31, base_baud = 12500000) is a 16550A
Nov 22 04:57:22 localhost kernel: [    0.259965] 340a0000.serial: ttyS4 at MMIO 0x340a0000 (irq = 32, base_baud = 12500000) is a 16550A
Nov 22 04:57:22 localhost kernel: [    0.260447] 341a0000.serial: ttyS5 at MMIO 0x341a0000 (irq = 33, base_baud = 12500000) is a 16550A
Nov 22 04:57:22 localhost kernel: [    0.266717] brd: module loaded
Nov 22 04:57:22 localhost kernel: [    0.270197] loop: module loaded
Nov 22 04:57:22 localhost kernel: [    0.271740] dw_spi_mmio 35000000.spi: bit_offset = 0
Nov 22 04:57:22 localhost kernel: [    0.271798] dw_spi_mmio 35000000.spi: DMA init failed
Nov 22 04:57:22 localhost kernel: [    0.460272] random: crng init done
Nov 22 04:57:22 localhost kernel: [    0.672312] spi-nand: probe of spi7.0 failed with error -110
Nov 22 04:57:22 localhost kernel: [    0.672754] dw_spi_mmio 34020000.spi: bit_offset = 0
Nov 22 04:57:22 localhost kernel: [    0.674079] CAN device driver interface
Nov 22 04:57:22 localhost kernel: [    1.686337] mcp251x spi2.0: MCP251x didn't enter in conf mode after reset
Nov 22 04:57:22 localhost kernel: [    1.687286] mcp251x spi2.0: Probe failed, err=110
Nov 22 04:57:22 localhost kernel: [    1.687916] mcp251x: probe of spi2.0 failed with error -110
Nov 22 04:57:22 localhost kernel: [    1.688448] dwc-eth-dwmac 35010000.gmac-tsn: phy is in rmii mode
Nov 22 04:57:22 localhost kernel: [    1.688465] dwc-eth-dwmac 35010000.gmac-tsn: set enet rmii and clk turn on
Nov 22 04:57:22 localhost kernel: [    1.688477] dwc-eth-dwmac 35010000.gmac-tsn: x5_eqos: clk_prepare_enable axi_clk rate=400000000 Hz
Nov 22 04:57:22 localhost kernel: [    1.688487] dwc-eth-dwmac 35010000.gmac-tsn: x5_eqos: clk_prepare_enable rgmii_clk rate=125000000 Hz
Nov 22 04:57:22 localhost kernel: [    1.688535] dwc-eth-dwmac 35010000.gmac-tsn: test phy is in rmii mode phyreset 1
Nov 22 04:57:22 localhost kernel: [    1.800270] dwc-eth-dwmac 35010000.gmac-tsn: test phy is in rmii mode phyreset 0 
Nov 22 04:57:22 localhost kernel: [    1.920266] dwc-eth-dwmac 35010000.gmac-tsn: test phy is in rmii mode phyreset 1
Nov 22 04:57:22 localhost kernel: [    1.920389] dwc-eth-dwmac 35010000.gmac-tsn: User ID: 0x10, Synopsys ID: 0x53
Nov 22 04:57:22 localhost kernel: [    1.920398] dwc-eth-dwmac 35010000.gmac-tsn: 	DWMAC4/5
Nov 22 04:57:22 localhost kernel: [    1.920404] dwc-eth-dwmac 35010000.gmac-tsn: DMA HW capability register supported
Nov 22 04:57:22 localhost kernel: [    1.920409] dwc-eth-dwmac 35010000.gmac-tsn: RX Checksum Offload Engine supported
Nov 22 04:57:22 localhost kernel: [    1.920414] dwc-eth-dwmac 35010000.gmac-tsn: TX Checksum insertion supported
Nov 22 04:57:22 localhost kernel: [    1.920420] dwc-eth-dwmac 35010000.gmac-tsn: Wake-Up On Lan supported
Nov 22 04:57:22 localhost kernel: [    1.920456] dwc-eth-dwmac 35010000.gmac-tsn: TSO supported
Nov 22 04:57:22 localhost kernel: [    1.920461] dwc-eth-dwmac 35010000.gmac-tsn: Enable RX Mitigation via HW Watchdog Timer
Nov 22 04:57:22 localhost kernel: [    1.920479] dwc-eth-dwmac 35010000.gmac-tsn: device MAC address ea:84:a8:fa:fb:d0
Nov 22 04:57:22 localhost kernel: [    1.920488] dwc-eth-dwmac 35010000.gmac-tsn: Enabled L3L4 Flow TC (entries=8)
Nov 22 04:57:22 localhost kernel: [    1.920494] dwc-eth-dwmac 35010000.gmac-tsn: Enabled RFS Flow TC (entries=10)
Nov 22 04:57:22 localhost kernel: [    1.920505] dwc-eth-dwmac 35010000.gmac-tsn: Enabling HW TC (entries=128, max_off=256)
Nov 22 04:57:22 localhost kernel: [    1.920511] dwc-eth-dwmac 35010000.gmac-tsn: TSO feature enabled
Nov 22 04:57:22 localhost kernel: [    1.920518] dwc-eth-dwmac 35010000.gmac-tsn: Using 40/40 bits DMA host/device width
Nov 22 04:57:22 localhost kernel: [    1.928855] usbcore: registered new interface driver cdc_ether
Nov 22 04:57:22 localhost kernel: [    1.928880] usbcore: registered new interface driver r8153_ecm
Nov 22 04:57:22 localhost kernel: [    1.930489] usbcore: registered new interface driver cdc_acm
Nov 22 04:57:22 localhost kernel: [    1.930494] cdc_acm: USB Abstract Control Model driver for USB modems and ISDN adapters
Nov 22 04:57:22 localhost kernel: [    1.930590] usbcore: registered new interface driver uas
Nov 22 04:57:22 localhost kernel: [    1.930620] usbcore: registered new interface driver usb-storage
Nov 22 04:57:22 localhost kernel: [    1.930665] usbcore: registered new interface driver ch341
Nov 22 04:57:22 localhost kernel: [    1.930680] usbserial: USB Serial support registered for ch341-uart
Nov 22 04:57:22 localhost kernel: [    1.930699] usbcore: registered new interface driver cp210x
Nov 22 04:57:22 localhost kernel: [    1.930711] usbserial: USB Serial support registered for cp210x
Nov 22 04:57:22 localhost kernel: [    1.930729] usbcore: registered new interface driver ftdi_sio
Nov 22 04:57:22 localhost kernel: [    1.930740] usbserial: USB Serial support registered for FTDI USB Serial Device
Nov 22 04:57:22 localhost kernel: [    1.930758] usbcore: registered new interface driver option
Nov 22 04:57:22 localhost kernel: [    1.930770] usbserial: USB Serial support registered for GSM modem (1-port)
Nov 22 04:57:22 localhost kernel: [    1.930789] usbcore: registered new interface driver pl2303
Nov 22 04:57:22 localhost kernel: [    1.930800] usbserial: USB Serial support registered for pl2303
Nov 22 04:57:22 localhost kernel: [    1.930821] usbcore: registered new interface driver wishbone_serial
Nov 22 04:57:22 localhost kernel: [    1.930836] usbserial: USB Serial support registered for wishbone_serial
Nov 22 04:57:22 localhost kernel: [    1.931901] dw-rtc 31010000.rtc: registered as rtc0
Nov 22 04:57:22 localhost kernel: [    1.931917] dw-rtc 31010000.rtc: setting system clock to 1970-01-01T00:00:00 UTC (0)
Nov 22 04:57:22 localhost kernel: [    1.932027] i2c_dev: i2c /dev entries driver
Nov 22 04:57:22 localhost kernel: [    1.932317] pps pps0: new PPS source hobot_pps.-1
Nov 22 04:57:22 localhost kernel: [    1.932324] hobot-pps hobot_pps: register PPS source name:hobot_pps.-1
Nov 22 04:57:22 localhost kernel: [    1.932353] pps pps0: Registered IRQ 39 as PPS source
Nov 22 04:57:22 localhost kernel: [    1.932402] Error: Driver 'hobot-pps' is already registered, aborting...
Nov 22 04:57:22 localhost kernel: [    1.935367] hwmon hwmon0: temp2_input not attached to any thermal zone
Nov 22 04:57:22 localhost kernel: [    1.935702] dw_wdt 34250000.watchdog: No valid TOPs array specified
Nov 22 04:57:22 localhost kernel: [    1.935968] device-mapper: uevent: version 1.0.3
Nov 22 04:57:22 localhost kernel: [    1.936094] device-mapper: ioctl: 4.47.0-ioctl (2022-07-28) initialised: dm-devel@redhat.com
Nov 22 04:57:22 localhost kernel: [    1.936660] sdhci: Secure Digital Host Controller Interface driver
Nov 22 04:57:22 localhost kernel: [    1.936664] sdhci: Copyright(c) Pierre Ossman
Nov 22 04:57:22 localhost kernel: [    1.936667] sdhci-pltfm: SDHCI platform and OF driver helper
Nov 22 04:57:22 localhost kernel: [    1.937145] usbcore: registered new interface driver usbhid
Nov 22 04:57:22 localhost kernel: [    1.937150] usbhid: USB HID core driver
Nov 22 04:57:22 localhost kernel: [    1.937199] sdhci-dwcmshc 35030000.sdhci: mmc set to fixed voltage 1800
Nov 22 04:57:22 localhost kernel: [    1.937223] sdhci-dwcmshc 35040000.sdhci: MSHC_CTRL:0x40
Nov 22 04:57:22 localhost kernel: [    1.937228] logger: created 2048K log 'log_main'
Nov 22 04:57:22 localhost kernel: [    1.937286] logger: created 256K log 'log_events'
Nov 22 04:57:22 localhost kernel: [    1.937339] logger: created 256K log 'log_radio'
Nov 22 04:57:22 localhost kernel: [    1.937397] logger: created 256K log 'log_system'
Nov 22 04:57:22 localhost kernel: [    1.937440] bootloader-log soc:membuff: log stored in 0x87ffc000, size 0x2000
Nov 22 04:57:22 localhost kernel: [    1.937635] module version 0.1 init
Nov 22 04:57:22 localhost kernel: [    1.937838] ipc-shm-hal: ipc_hal_probe(): IPCF device can't register major number.
Nov 22 04:57:22 localhost kernel: [    1.938804] hobot-ipc-hal: probe of ipc_hal failed with error -16
Nov 22 04:57:22 localhost kernel: [    1.939250] x5-ddrc-devfreq soc:ddrc-freq: userspace_gov: 1
Nov 22 04:57:22 localhost kernel: [    1.939823] x5-dfi 38200000.dfi-monitor: apb clk rate: 200000000, interval: 1
Nov 22 04:57:22 localhost kernel: [    1.941615]  cs_system_cfg: CoreSight Configuration manager initialised
Nov 22 04:57:22 localhost kernel: [    1.942117] coresight-tmc 2c003000.etr: Detected dma mask 40bits
Nov 22 04:57:22 localhost kernel: [    1.944248] CSCFG registered etm0
Nov 22 04:57:22 localhost kernel: [    1.944254] coresight etm0: CPU0: etm v4.2 initialized
Nov 22 04:57:22 localhost kernel: [    1.944595] CSCFG registered etm1
Nov 22 04:57:22 localhost kernel: [    1.944601] coresight etm1: CPU1: etm v4.2 initialized
Nov 22 04:57:22 localhost kernel: [    1.944949] CSCFG registered etm2
Nov 22 04:57:22 localhost kernel: [    1.944954] coresight etm2: CPU2: etm v4.2 initialized
Nov 22 04:57:22 localhost kernel: [    1.945296] CSCFG registered etm3
Nov 22 04:57:22 localhost kernel: [    1.945301] coresight etm3: CPU3: etm v4.2 initialized
Nov 22 04:57:22 localhost kernel: [    1.945662] CSCFG registered etm4
Nov 22 04:57:22 localhost kernel: [    1.945667] coresight etm4: CPU4: etm v4.2 initialized
Nov 22 04:57:22 localhost kernel: [    1.945996] CSCFG registered etm5
Nov 22 04:57:22 localhost kernel: [    1.946001] coresight etm5: CPU5: etm v4.2 initialized
Nov 22 04:57:22 localhost kernel: [    1.946334] CSCFG registered etm6
Nov 22 04:57:22 localhost kernel: [    1.946339] coresight etm6: CPU6: etm v4.2 initialized
Nov 22 04:57:22 localhost kernel: [    1.946688] CSCFG registered etm7
Nov 22 04:57:22 localhost kernel: [    1.946693] coresight etm7: CPU7: etm v4.2 initialized
Nov 22 04:57:22 localhost kernel: [    1.947142] coresight cti_sys0: CTI initialized
Nov 22 04:57:22 localhost kernel: [    1.947380] coresight cti_cpu0: CTI initialized
Nov 22 04:57:22 localhost kernel: [    1.947609] coresight cti_cpu1: CTI initialized
Nov 22 04:57:22 localhost kernel: [    1.947848] coresight cti_cpu2: CTI initialized
Nov 22 04:57:22 localhost kernel: [    1.948072] coresight cti_cpu3: CTI initialized
Nov 22 04:57:22 localhost kernel: [    1.948307] coresight cti_cpu4: CTI initialized
Nov 22 04:57:22 localhost kernel: [    1.948542] coresight cti_cpu5: CTI initialized
Nov 22 04:57:22 localhost kernel: [    1.948774] coresight cti_cpu6: CTI initialized
Nov 22 04:57:22 localhost kernel: [    1.949010] coresight cti_cpu7: CTI initialized
Nov 22 04:57:22 localhost kernel: [    1.949401] optee: probing for conduit method.
Nov 22 04:57:22 localhost kernel: [    1.949424] optee: revision 3.20 (05a6c9de)
Nov 22 04:57:22 localhost kernel: [    1.949588] optee: dynamic shared memory is enabled
Nov 22 04:57:22 localhost kernel: [    1.950389] optee: initialized driver
Nov 22 04:57:22 localhost kernel: [    1.951183] ipc-wrapper ipc-wrapper: AUDIO : audio wrapper probe
Nov 22 04:57:22 localhost kernel: [    1.951654] cpu_dai_driver cpu-dai: AUDIO : ALSA cpu-dai driver probe succ
Nov 22 04:57:22 localhost kernel: [    1.951727] cpu_dai_driver cpu-dai: AUDIO : ALSA platform driver probe succ
Nov 22 04:57:22 localhost kernel: [    1.956774] machine-driver sound-machine: AUDIO : ALSA machine driver probe succ
Nov 22 04:57:22 localhost kernel: [    1.957746] GACT probability NOT on
Nov 22 04:57:22 localhost kernel: [    1.957812] u32 classifier
Nov 22 04:57:22 localhost kernel: [    1.957816]     input device check on
Nov 22 04:57:22 localhost kernel: [    1.957818]     Actions configured
Nov 22 04:57:22 localhost kernel: [    1.957975] NET: Registered PF_PACKET protocol family
Nov 22 04:57:22 localhost kernel: [    1.957988] NET: Registered PF_KEY protocol family
Nov 22 04:57:22 localhost kernel: [    1.957992] can: controller area network core
Nov 22 04:57:22 localhost kernel: [    1.958030] NET: Registered PF_CAN protocol family
Nov 22 04:57:22 localhost kernel: [    1.958036] can: raw protocol
Nov 22 04:57:22 localhost kernel: [    1.958042] can: broadcast manager protocol
Nov 22 04:57:22 localhost kernel: [    1.958049] can: netlink gateway - max_hops=1
Nov 22 04:57:22 localhost kernel: [    1.958147] 8021q: 802.1Q VLAN Support v1.8
Nov 22 04:57:22 localhost kernel: [    1.958165] Found lo, alias (efault) on irq 0
Nov 22 04:57:22 localhost kernel: [    1.958170] MAC: 00:00:00:00:00:00
Nov 22 04:57:22 localhost kernel: [    1.958174] Tx queue length: 1000
Nov 22 04:57:22 localhost kernel: [    1.958180] Invalid capabilities for NIC (lo), dropping from TSN list
Nov 22 04:57:22 localhost kernel: [    1.958184] Found eth0, alias (efault) on irq 37
Nov 22 04:57:22 localhost kernel: [    1.958188] MAC: ea:84:a8:fa:fb:d0
Nov 22 04:57:22 localhost kernel: [    1.958192] Tx queue length: 1000
Nov 22 04:57:22 localhost kernel: [    1.958197] Invalid capabilities for NIC (eth0), dropping from TSN list
Nov 22 04:57:22 localhost kernel: [    1.958202] tsn_init_module: No capable NIC found. Perhaps load with in_debug=1 ?
Nov 22 04:57:22 localhost kernel: [    1.959396] registered taskstats version 1
Nov 22 04:57:22 localhost kernel: [    1.959402] Loading compiled-in X.509 certificates
Nov 22 04:57:22 localhost kernel: [    1.962250] Loaded X.509 cert 'Build time autogenerated kernel key: 7f38c1279589266c0f81acc4333e85d1784f4822'
Nov 22 04:57:22 localhost kernel: [    1.962340] Key type .fscrypt registered
Nov 22 04:57:22 localhost kernel: [    1.962344] Key type fscrypt-provisioning registered
Nov 22 04:57:22 localhost kernel: [    1.963123] pstore: Using crash dump compression: deflate
Nov 22 04:57:22 localhost kernel: [    1.965647] 
Nov 22 04:57:22 localhost kernel: [    1.965653] ********************************************************************
Nov 22 04:57:22 localhost kernel: [    1.965656] **     NOTICE NOTICE NOTICE NOTICE NOTICE NOTICE NOTICE           **
Nov 22 04:57:22 localhost kernel: [    1.965659] **                                                                **
Nov 22 04:57:22 localhost kernel: [    1.965661] **  WRITEABLE clk DebugFS SUPPORT HAS BEEN ENABLED IN THIS KERNEL **
Nov 22 04:57:22 localhost kernel: [    1.965664] **                                                                **
Nov 22 04:57:22 localhost kernel: [    1.965667] ** This means that this kernel is built to expose clk operations  **
Nov 22 04:57:22 localhost kernel: [    1.965669] ** such as parent or rate setting, enabling, disabling, etc.      **
Nov 22 04:57:22 localhost kernel: [    1.965672] ** to userspace, which may compromise security on your system.    **
Nov 22 04:57:22 localhost kernel: [    1.965674] **                                                                **
Nov 22 04:57:22 localhost kernel: [    1.965676] ** If you see this message and you are not debugging the          **
Nov 22 04:57:22 localhost kernel: [    1.965679] ** kernel, report this immediately to your vendor!                **
Nov 22 04:57:22 localhost kernel: [    1.965683] **                                                                **
Nov 22 04:57:22 localhost kernel: [    1.965687] **     NOTICE NOTICE NOTICE NOTICE NOTICE NOTICE NOTICE           **
Nov 22 04:57:22 localhost kernel: [    1.965689] ********************************************************************
Nov 22 04:57:22 localhost kernel: [    1.968383] mmc0: SDHCI controller on 35040000.sdhci [35040000.sdhci] using ADMA 64-bit
Nov 22 04:57:22 localhost kernel: [    1.975535] i2c_designware 320a0000.i2c: running with gpio recovery mode! scl,sda
Nov 22 04:57:22 localhost kernel: [    1.975708] i2c i2c-7: using pinctrl states for GPIO recovery
Nov 22 04:57:22 localhost kernel: [    1.976237] i2c_designware 340b0000.i2c: running with gpio recovery mode! scl,sda
Nov 22 04:57:22 localhost kernel: [    1.976381] i2c i2c-0: using pinctrl states for GPIO recovery
Nov 22 04:57:22 localhost kernel: [    1.976890] i2c_designware 340d0000.i2c: running with gpio recovery mode! scl,sda
Nov 22 04:57:22 localhost kernel: [    1.977028] i2c i2c-2: using pinctrl states for GPIO recovery
Nov 22 04:57:22 localhost kernel: [    1.977158] hpu3501 2-001c: Found hpu3501-regulator node, register regulator
Nov 22 04:57:22 localhost kernel: [    1.977284] hpu3501-regulator hpu3501-regulator.1.auto: fault_cfgr will be default value
Nov 22 04:57:22 localhost kernel: [    1.977290] hpu3501-regulator hpu3501-regulator.1.auto: ocp_cfg1r will be default value
Nov 22 04:57:22 localhost kernel: [    1.977296] hpu3501-regulator hpu3501-regulator.1.auto: ocp_cfg2r will be default value
Nov 22 04:57:22 localhost kernel: [    1.977301] hpu3501-regulator hpu3501-regulator.1.auto: reg 0x53 will be default value 0x4
Nov 22 04:57:22 localhost kernel: [    1.978030] VCC_BPU: Bringing 0uV into 800000-800000uV
Nov 22 04:57:22 localhost kernel: [    1.990348] hpu3501 set reg 0x53 to 0x4
Nov 22 04:57:22 localhost kernel: [    1.990655] hpu3501 2-001c: Found hpu3501-rtc node, register rtc
Nov 22 04:57:22 localhost kernel: [    1.990917] platform 3d080000.csi: Fixed dependency cycle(s) with /soc/a55_apb0/i2c@340d0000/sc230ai@30
Nov 22 04:57:22 localhost kernel: [    1.991029] i2c 2-0030: Fixed dependency cycle(s) with /soc/cam/csi@3d080000
Nov 22 04:57:22 localhost kernel: [    1.991755] i2c_designware 340e0000.i2c: running with gpio recovery mode! scl,sda
Nov 22 04:57:22 localhost kernel: [    1.991890] i2c i2c-3: using pinctrl states for GPIO recovery
Nov 22 04:57:22 localhost kernel: [    1.992354] i2c_designware 340f0000.i2c: running with gpio recovery mode! scl,sda
Nov 22 04:57:22 localhost kernel: [    1.992477] i2c i2c-4: using pinctrl states for GPIO recovery
Nov 22 04:57:22 localhost kernel: [    1.992987] xhci-hcd xhci-hcd.3.auto: xHCI Host Controller
Nov 22 04:57:22 localhost kernel: [    1.993004] xhci-hcd xhci-hcd.3.auto: new USB bus registered, assigned bus number 1
Nov 22 04:57:22 localhost kernel: [    1.993340] xhci-hcd xhci-hcd.3.auto: hcc params 0x0220fe6d hci version 0x110 quirks 0x0000008000010090
Nov 22 04:57:22 localhost kernel: [    1.993372] xhci-hcd xhci-hcd.3.auto: irq 52, io mem 0x35100000
Nov 22 04:57:22 localhost kernel: [    1.993469] xhci-hcd xhci-hcd.3.auto: xHCI Host Controller
Nov 22 04:57:22 localhost kernel: [    1.993479] xhci-hcd xhci-hcd.3.auto: new USB bus registered, assigned bus number 2
Nov 22 04:57:22 localhost kernel: [    1.993488] xhci-hcd xhci-hcd.3.auto: Host supports USB 3.0 SuperSpeed
Nov 22 04:57:22 localhost kernel: [    1.993894] hub 1-0:1.0: USB hub found
Nov 22 04:57:22 localhost kernel: [    1.993920] hub 1-0:1.0: 1 port detected
Nov 22 04:57:22 localhost kernel: [    1.994155] usb usb2: We don't know the algorithms for LPM for this host, disabling LPM.
Nov 22 04:57:22 localhost kernel: [    1.994479] hub 2-0:1.0: USB hub found
Nov 22 04:57:22 localhost kernel: [    1.994501] hub 2-0:1.0: 1 port detected
Nov 22 04:57:22 localhost kernel: [    1.998887] x5-ddrc-devfreq soc:ddrc-freq: userspace_gov: 1
Nov 22 04:57:22 localhost kernel: [    1.999358] guc 34190000.adc: ADC calibration: 17
Nov 22 04:57:22 localhost kernel: [    1.999370] guc 34190000.adc: ADC trimming: 8
Nov 22 04:57:22 localhost kernel: [    1.999920] guc 34190000.adc: GUC Initialize Finish
Nov 22 04:57:22 localhost kernel: [    2.001779] noc_qos 20530000.video_qos: noc qos init finished.
Nov 22 04:57:22 localhost kernel: [    2.002947] noc_qos 20530080.jpeg_qos: noc qos init finished.
Nov 22 04:57:22 localhost kernel: [    2.004129] noc_qos 20510280.isp_axi5_hdr_qos: noc qos init finished.
Nov 22 04:57:22 localhost kernel: [    2.005301] noc_qos 20510300.isp_axi4_mcm_qos: noc qos init finished.
Nov 22 04:57:22 localhost kernel: [    2.006461] noc_qos 20510380.isp_axi3_sp2_qos: noc qos init finished.
Nov 22 04:57:22 localhost kernel: [    2.007619] noc_qos 20510480.isp_axi1_mp_qos: noc qos init finished.
Nov 22 04:57:22 localhost kernel: [    2.011562] mmc0: new HS200 MMC card at address 0001
Nov 22 04:57:22 localhost kernel: [    2.011939] mmcblk0: mmc0:0001 TB2916 14.6 GiB 
Nov 22 04:57:22 localhost kernel: [    2.011960] noc_qos 20540080.gpu3d_qos: noc qos init finished.
Nov 22 04:57:22 localhost kernel: [    2.014269]  mmcblk0: p1 p2 p3 p4 p5 p6 p7 p8 p9 p10 p11 p12 p13
Nov 22 04:57:22 localhost kernel: [    2.015444] mmcblk0boot0: mmc0:0001 TB2916 4.00 MiB 
Nov 22 04:57:22 localhost kernel: [    2.016209] mmcblk0boot1: mmc0:0001 TB2916 4.00 MiB 
Nov 22 04:57:22 localhost kernel: [    2.016409] noc_qos 20540000.gpu2d_qos: noc qos init finished.
Nov 22 04:57:22 localhost kernel: [    2.016877] mmcblk0rpmb: mmc0:0001 TB2916 4.00 MiB, chardev (243:0)
Nov 22 04:57:22 localhost kernel: [    2.022481] noc_qos 20520000.bpu_qos: noc qos init finished.
Nov 22 04:57:22 localhost kernel: [    2.023741] noc_qos 20560000.hifi5_qos: consumer device is disabled, so qos isn't supported
Nov 22 04:57:22 localhost kernel: [    2.023767] noc_qos: probe of 20560000.hifi5_qos failed with error -1
Nov 22 04:57:22 localhost kernel: [    2.037292] sdhci-dwcmshc 35030000.sdhci: MSHC_CTRL:0x0
Nov 22 04:57:22 localhost kernel: [    2.039236] input: gpio-keys as /devices/platform/gpio-keys/input/input0
Nov 22 04:57:22 localhost kernel: [    2.039554] hobot_remoteproc_init start
Nov 22 04:57:22 localhost kernel: [    2.039820] hobot_remoteproc_init end
Nov 22 04:57:22 localhost kernel: [    2.040052] ALSA device list:
Nov 22 04:57:22 localhost kernel: [    2.040057]   #0: gua-audio
Nov 22 04:57:22 localhost kernel: [    2.040201] dw-apb-uart 32120000.serial: forbid DMA for kernel console
Nov 22 04:57:22 localhost kernel: [    2.062756] mmc2: SDHCI controller on 35030000.sdhci [35030000.sdhci] using ADMA 64-bit
Nov 22 04:57:22 localhost kernel: [    2.067009] EXT4-fs (mmcblk0p9): INFO: recovery required on readonly filesystem
Nov 22 04:57:22 localhost kernel: [    2.067017] EXT4-fs (mmcblk0p9): write access will be enabled during recovery
Nov 22 04:57:22 localhost kernel: [    2.077400] mmc2: new high speed SDIO card at address 0001
Nov 22 04:57:22 localhost kernel: [    2.120585] xhci-hcd xhci-hcd.4.auto: xHCI Host Controller
Nov 22 04:57:22 localhost kernel: [    2.120604] xhci-hcd xhci-hcd.4.auto: new USB bus registered, assigned bus number 3
Nov 22 04:57:22 localhost kernel: [    2.120691] xhci-hcd xhci-hcd.4.auto: USB3 root hub has no ports
Nov 22 04:57:22 localhost kernel: [    2.120698] xhci-hcd xhci-hcd.4.auto: hcc params 0x0220fe6d hci version 0x110 quirks 0x0000008000010090
Nov 22 04:57:22 localhost kernel: [    2.120740] xhci-hcd xhci-hcd.4.auto: irq 53, io mem 0x35300000
Nov 22 04:57:22 localhost kernel: [    2.121320] hub 3-0:1.0: USB hub found
Nov 22 04:57:22 localhost kernel: [    2.121346] hub 3-0:1.0: 1 port detected
Nov 22 04:57:22 localhost kernel: [    2.295513] EXT4-fs (mmcblk0p9): recovery complete
Nov 22 04:57:22 localhost kernel: [    2.296341] EXT4-fs (mmcblk0p9): mounted filesystem with ordered data mode. Quota mode: disabled.
Nov 22 04:57:22 localhost kernel: [    2.296397] VFS: Mounted root (ext4 filesystem) readonly on device 259:1.
Nov 22 04:57:22 localhost kernel: [    2.296854] devtmpfs: mounted
Nov 22 04:57:22 localhost kernel: [    2.297368] Freeing unused kernel memory: 2176K
Nov 22 04:57:22 localhost kernel: [    2.297478] Run /sbin/init as init process
Nov 22 04:57:22 localhost kernel: [    2.297484]   with arguments:
Nov 22 04:57:22 localhost kernel: [    2.297489]     /sbin/init
Nov 22 04:57:22 localhost kernel: [    2.297494]   with environment:
Nov 22 04:57:22 localhost kernel: [    2.297498]     HOME=/
Nov 22 04:57:22 localhost kernel: [    2.297502]     TERM=linux
Nov 22 04:57:22 localhost kernel: [    4.580529] EXT4-fs (mmcblk0p9): re-mounted. Quota mode: disabled.
Nov 22 04:57:22 localhost kernel: [    5.712637] [VIN_NODE]:[L1078]hobot_vin_node_probe hw_id 0 done
Nov 22 04:57:22 localhost kernel: [    5.712654] VIN_NODE soc:cam:vin_node@0: [FRT:D] hobot_vin_node_probe(0)
Nov 22 04:57:22 localhost kernel: [    5.712815] [VIN_NODE]:[L1078]hobot_vin_node_probe hw_id 1 done
Nov 22 04:57:22 localhost kernel: [    5.712826] VIN_NODE soc:cam:vin_node@1: [FRT:D] hobot_vin_node_probe(0)
Nov 22 04:57:22 localhost kernel: [    5.713688] [VIN_NODE]:[L1078]hobot_vin_node_probe hw_id 2 done
Nov 22 04:57:22 localhost kernel: [    5.713702] VIN_NODE soc:cam:vin_node@2: [FRT:D] hobot_vin_node_probe(0)
Nov 22 04:57:22 localhost kernel: [    5.714547] [VIN_NODE]:[L1078]hobot_vin_node_probe hw_id 3 done
Nov 22 04:57:22 localhost kernel: [    5.714563] VIN_NODE soc:cam:vin_node@3: [FRT:D] hobot_vin_node_probe(0)
Nov 22 04:57:22 localhost kernel: [    5.721299] hb_jpu 3b010000.jpu: Adding to iommu group 7
Nov 22 04:57:22 localhost kernel: [    5.723531] hb_vpu 3b000000.vpu: Adding to iommu group 6
Nov 22 04:57:22 localhost kernel: [    5.727090] [HOBOT_LPWM-0] (lpwm_platform_init): ctrl_reg = 0
Nov 22 04:57:22 localhost kernel: [    5.727457] [VIN_NODE]:[L610]type 3 vin_register_device_node done
Nov 22 04:57:22 localhost kernel: [    5.727472] [HOBOT_LPWM-0] (hobot_lpwm_probe): Probe success
Nov 22 04:57:22 localhost kernel: [    5.745872] hobot_vpu_dev: [VPUDRV]vpu_init_system_mem:7158: vpu IO memory resource: physical base addr = 0x3b000000,virtual base addr = ffff80000a5d0000
Nov 22 04:57:22 localhost kernel: [    5.751994] aicbsp_init
Nov 22 04:57:22 localhost kernel: [    5.752009] RELEASE_DATE:2025_0410_b99ca8b6
Nov 22 04:57:22 localhost kernel: [    5.752013] aicbsp_resv_mem_init 
Nov 22 04:57:22 localhost kernel: [    5.752622] nano2d 3c010000.gc820: Adding to iommu group 9
Nov 22 04:57:22 localhost kernel: [    5.752700] nano2d 3c010000.gc820: clk name: pclk, freq = 200000000.
Nov 22 04:57:22 localhost kernel: [    5.752714] nano2d 3c010000.gc820: clk name: aclk, freq = 750000000.
Nov 22 04:57:22 localhost kernel: [    5.752723] nano2d 3c010000.gc820: clk name: clk1x, freq = 750000000.
Nov 22 04:57:22 localhost kernel: [    5.752809] gpu_parse_dt: register base(3c010000), irq(63).
Nov 22 04:57:22 localhost kernel: [    5.752994] start to add opp table.
Nov 22 04:57:22 localhost kernel: [    5.753005] finish to add opp table 4.
Nov 22 04:57:22 localhost kernel: [    5.753038] Galcore version 6.4.14.9.674707
Nov 22 04:57:22 localhost kernel: [    5.753403] create /dev/nano2d device.
Nov 22 04:57:22 localhost kernel: [    5.753493] Insmod parameters:
Nov 22 04:57:22 localhost kernel: [    5.753497] device[0] core[0]
Nov 22 04:57:22 localhost kernel: [    5.753501]   irq line:63
Nov 22 04:57:22 localhost kernel: [    5.753504]   register base:0x3c010000
Nov 22 04:57:22 localhost kernel: [    5.753508]   register size:0x10000
Nov 22 04:57:22 localhost kernel: [    5.753511] 
Nov 22 04:57:22 localhost kernel: [    5.753513]   iommu enabled
Nov 22 04:57:22 localhost kernel: [    5.753516]   contiguous base:0x0
Nov 22 04:57:22 localhost kernel: [    5.753518]   contiguous size:0x0
Nov 22 04:57:22 localhost kernel: [    5.753521]   command contiguous base:0x0
Nov 22 04:57:22 localhost kernel: [    5.753524]   command contiguous size:0x0
Nov 22 04:57:22 localhost kernel: [    5.753527] 
Nov 22 04:57:22 localhost kernel: [    5.773285] [VPF mgr]:[L271]vpf_alloc_minor_number: minor[0] bit1 is used
Nov 22 04:57:22 localhost kernel: [    5.780009] [VPF mgr]:[L271]vpf_alloc_minor_number: minor[0] bit2 is used
Nov 22 04:57:22 localhost kernel: [    5.791640] [VPF mgr]:[L271]vpf_alloc_minor_number: minor[0] bit3 is used
Nov 22 04:57:22 localhost kernel: [    5.799590] [INFO][HOBOT_OSD](osd_probe) done
Nov 22 04:57:22 localhost kernel: [    5.801808] [CODEC_NODE]:[L647]hobot_codec_node_probe start
Nov 22 04:57:22 localhost kernel: [    5.801844] [VPF mgr]:[L271]vpf_alloc_minor_number: minor[0] bit4 is used
Nov 22 04:57:22 localhost kernel: [    5.802013] [VPF mgr]:[L271]vpf_alloc_minor_number: minor[0] bit5 is used
Nov 22 04:57:22 localhost kernel: [    5.802121] [CODEC_NODE]:[L670][FRT:D] hobot_codec_node_probe(0)
Nov 22 04:57:22 localhost kernel: [    5.809928] [VPF mgr]:[L271]vpf_alloc_minor_number: minor[0] bit6 is used
Nov 22 04:57:22 localhost kernel: [    5.826669] [VPF mgr]:[L271]vpf_alloc_minor_number: minor[0] bit7 is used
Nov 22 04:57:22 localhost kernel: [    5.854307] nano2D: after probe, allocate_count = 28
Nov 22 04:57:22 localhost kernel: [    6.077485] dwc-eth-dwmac 35010000.gmac-tsn eth0: Register MEM_TYPE_PAGE_POOL RxQ-0
Nov 22 04:57:22 localhost kernel: [    6.077961] dwc-eth-dwmac 35010000.gmac-tsn eth0: Register MEM_TYPE_PAGE_POOL RxQ-1
Nov 22 04:57:22 localhost kernel: [    6.078435] dwc-eth-dwmac 35010000.gmac-tsn eth0: Register MEM_TYPE_PAGE_POOL RxQ-2
Nov 22 04:57:22 localhost kernel: [    6.078936] dwc-eth-dwmac 35010000.gmac-tsn eth0: Register MEM_TYPE_PAGE_POOL RxQ-3
Nov 22 04:57:22 localhost kernel: [    6.080035] dwc-eth-dwmac 35010000.gmac-tsn eth0: validation of  with support 00000000,00000000,00006000 and advertisement 00000000,00000000,00000000 failed: -EINVAL
Nov 22 04:57:22 localhost kernel: [    6.080084] dwc-eth-dwmac 35010000.gmac-tsn eth0: __stmmac_open: Cannot attach to PHY (error: -22)
Nov 22 04:57:22 localhost kernel: [    6.908994] vs-cam-pulse 3d0b008c.cam_pulse: cam_pulse_probe successfully done!
Nov 22 04:57:22 localhost kernel: [    6.939136] vin vcon0: self rx0 attr 0x521 bus 7 probe
Nov 22 04:57:22 localhost kernel: [    6.939331] vin vcon1: self rx1 attr 0x521 bus 4 probe
Nov 22 04:57:22 localhost kernel: [    6.939438] vin vcon2: self rx2 attr 0x5a1 bus 7 probe
Nov 22 04:57:22 localhost kernel: [    6.939712] vin vcon3: self rx3 attr 0x521 bus 7 probe
Nov 22 04:57:22 localhost kernel: [    6.940099] [VIN_NODE]:[L610]type 2 vin_register_device_node done
Nov 22 04:57:22 localhost kernel: [    6.940107] vin vcon: init 4 vcon done
Nov 22 04:57:22 localhost kernel: [    6.957678] hobot-sif 3d020000.sif: Adding to iommu group 1
Nov 22 04:57:22 localhost kernel: [    6.958002] [VIN_NODE]:[L845]hw_id 0 vin_device_node_init done
Nov 22 04:57:22 localhost kernel: [    6.958031] [VPF mgr]:[L271]vpf_alloc_minor_number: minor[0] bit8 is used
Nov 22 04:57:22 localhost kernel: [    6.958174] [VPF mgr]:[L271]vpf_alloc_minor_number: minor[0] bit9 is used
Nov 22 04:57:22 localhost kernel: [    6.958270] [VPF mgr]:[L271]vpf_alloc_minor_number: minor[0] bit10 is used
Nov 22 04:57:22 localhost kernel: [    6.958380] [VPF mgr]:[L271]vpf_alloc_minor_number: minor[0] bit11 is used
Nov 22 04:57:22 localhost kernel: [    6.958456] [VIN_NODE]:[L999][S0]vin_node_device_node_init hw_id 0 done
Nov 22 04:57:22 localhost kernel: [    6.958514] hobot-sif 3d020000.sif: [FRT:D] cim_probe(0)
Nov 22 04:57:22 localhost kernel: [    6.958523] [CIM]:[L1014]cim_probe hw_id 0 done, time used: 790us
Nov 22 04:57:22 localhost kernel: [    6.958740] hobot-sif 3d030000.sif: Adding to iommu group 1
Nov 22 04:57:22 localhost kernel: [    6.959036] [VIN_NODE]:[L845]hw_id 1 vin_device_node_init done
Nov 22 04:57:22 localhost kernel: [    6.959061] [VPF mgr]:[L271]vpf_alloc_minor_number: minor[0] bit12 is used
Nov 22 04:57:22 localhost kernel: [    6.959243] [VPF mgr]:[L271]vpf_alloc_minor_number: minor[0] bit13 is used
Nov 22 04:57:22 localhost kernel: [    6.959436] [VPF mgr]:[L271]vpf_alloc_minor_number: minor[0] bit14 is used
Nov 22 04:57:22 localhost kernel: [    6.961742] [VPF mgr]:[L271]vpf_alloc_minor_number: minor[0] bit15 is used
Nov 22 04:57:22 localhost kernel: [    6.961909] [VIN_NODE]:[L999][S0]vin_node_device_node_init hw_id 1 done
Nov 22 04:57:22 localhost kernel: [    6.961961] hobot-sif 3d030000.sif: [FRT:D] cim_probe(0)
Nov 22 04:57:22 localhost kernel: [    6.961968] [CIM]:[L1014]cim_probe hw_id 1 done, time used: 3146us
Nov 22 04:57:22 localhost kernel: [    6.962585] hobot-sif 3d040000.sif: Adding to iommu group 1
Nov 22 04:57:22 localhost kernel: [    6.962861] [VIN_NODE]:[L845]hw_id 2 vin_device_node_init done
Nov 22 04:57:22 localhost kernel: [    6.962885] [VPF mgr]:[L271]vpf_alloc_minor_number: minor[0] bit16 is used
Nov 22 04:57:22 localhost kernel: [    6.963327] [VPF mgr]:[L271]vpf_alloc_minor_number: minor[0] bit17 is used
Nov 22 04:57:22 localhost kernel: [    6.965442] [VPF mgr]:[L271]vpf_alloc_minor_number: minor[0] bit18 is used
Nov 22 04:57:22 localhost kernel: [    6.970345] [VPF mgr]:[L271]vpf_alloc_minor_number: minor[0] bit19 is used
Nov 22 04:57:22 localhost kernel: [    6.970480] [VIN_NODE]:[L999][S0]vin_node_device_node_init hw_id 2 done
Nov 22 04:57:22 localhost kernel: [    6.970532] hobot-sif 3d040000.sif: [FRT:D] cim_probe(0)
Nov 22 04:57:22 localhost kernel: [    6.970539] [CIM]:[L1014]cim_probe hw_id 2 done, time used: 7924us
Nov 22 04:57:22 localhost kernel: [    6.970785] hobot-sif 3d050000.sif: Adding to iommu group 1
Nov 22 04:57:22 localhost kernel: [    6.971076] [VIN_NODE]:[L845]hw_id 3 vin_device_node_init done
Nov 22 04:57:22 localhost kernel: [    6.971100] [VPF mgr]:[L271]vpf_alloc_minor_number: minor[0] bit20 is used
Nov 22 04:57:22 localhost kernel: [    6.973180] [VPF mgr]:[L271]vpf_alloc_minor_number: minor[0] bit21 is used
Nov 22 04:57:22 localhost kernel: [    6.973294] [VPF mgr]:[L271]vpf_alloc_minor_number: minor[0] bit22 is used
Nov 22 04:57:22 localhost kernel: [    6.973387] [VPF mgr]:[L271]vpf_alloc_minor_number: minor[0] bit23 is used
Nov 22 04:57:22 localhost kernel: [    6.973468] [VIN_NODE]:[L999][S0]vin_node_device_node_init hw_id 3 done
Nov 22 04:57:22 localhost kernel: [    6.973517] hobot-sif 3d050000.sif: [FRT:D] cim_probe(0)
Nov 22 04:57:22 localhost kernel: [    6.973525] [CIM]:[L1014]cim_probe hw_id 3 done, time used: 2703us
Nov 22 04:57:22 localhost kernel: [    6.973927] [VIN_NODE]:[L610]type 0 vin_register_device_node done
Nov 22 04:57:22 localhost kernel: [    7.002489] vin sensor: init 24 sensor v1.0 done
Nov 22 04:57:22 localhost kernel: [    7.014772] vin mipi0: probe with x5sys done
Nov 22 04:57:22 localhost kernel: [    7.024821] CAM_SUBSYS soc:cam:cam_sys@0: [FRT:D] camsys_probe(0)
Nov 22 04:57:22 localhost kernel: [    7.034930] vin mipi0: snrclk set disable
Nov 22 04:57:22 localhost kernel: [    7.034965] vin mipi0: ver 0154 port0(0:0)
Nov 22 04:57:22 localhost kernel: [    7.035485] vin mipi1: snrclk set disable
Nov 22 04:57:22 localhost kernel: [    7.035514] vin mipi1: ver 0154 port1(0:1)
Nov 22 04:57:22 localhost kernel: [    7.035853] vin mipi2: snrclk set disable
Nov 22 04:57:22 localhost kernel: [    7.035881] vin mipi2: ver 0154 port2(1:0)
Nov 22 04:57:22 localhost kernel: [    7.036306] vin mipi3: snrclk set disable
Nov 22 04:57:22 localhost kernel: [    7.036335] vin mipi3: ver 0154 port3(1:1)
Nov 22 04:57:22 localhost kernel: [    7.036744] [VIN_NODE]:[L610]type 1 vin_register_device_node done
Nov 22 04:57:22 localhost kernel: [    7.036758] vin mipi-tx: dev0 dummy setcb
Nov 22 04:57:22 localhost kernel: [    7.036762] vin mipi-tx: dev1 dummy setcb
Nov 22 04:57:22 localhost kernel: [    7.036765] vin mipi: init 4 rx 2 tx done
Nov 22 04:57:22 localhost kernel: [    7.046757] vin mipi: phy debug probed
Nov 22 04:57:22 localhost kernel: [    7.046962] vin mipi0: debug probed
Nov 22 04:57:22 localhost kernel: [    7.047136] vin mipi1: debug probed
Nov 22 04:57:22 localhost kernel: [    7.047304] vin mipi2: debug probed
Nov 22 04:57:22 localhost kernel: [    7.047566] vin mipi3: debug probed
Nov 22 04:57:22 localhost kernel: [    7.064011] vs-isp 3d000000.isp: Adding to iommu group 8
Nov 22 04:57:22 localhost kernel: [    7.064657] vs-isp 3d000000.isp: assigned reserved memory node linux,cma@88000000
Nov 22 04:57:22 localhost kernel: [    7.064692] [VPF mgr]:[L271]vpf_alloc_minor_number: minor[0] bit24 is used
Nov 22 04:57:22 localhost kernel: [    7.064845] [VPF mgr]:[L271]vpf_alloc_minor_number: minor[0] bit25 is used
Nov 22 04:57:22 localhost kernel: [    7.065240] [VPF mgr]:[L271]vpf_alloc_minor_number: minor[0] bit26 is used
Nov 22 04:57:22 localhost kernel: [    7.065591] [VPF mgr]:[L271]vpf_alloc_minor_number: minor[0] bit27 is used
Nov 22 04:57:22 localhost kernel: [    7.065995] vs-isp 3d000000.isp: VS ISP driver (native) probed done, time used: 1921us
Nov 22 04:57:22 localhost kernel: [    7.079090] vs-vse 3d010000.vse: Adding to iommu group 0
Nov 22 04:57:22 localhost kernel: [    7.079403] vs-vse 3d010000.vse: cannot get reset control (err=-6)
Nov 22 04:57:22 localhost kernel: [    7.079619] [VPF mgr]:[L271]vpf_alloc_minor_number: minor[0] bit28 is used
Nov 22 04:57:22 localhost kernel: [    7.079766] [VPF mgr]:[L271]vpf_alloc_minor_number: minor[0] bit29 is used
Nov 22 04:57:22 localhost kernel: [    7.079846] [VPF mgr]:[L271]vpf_alloc_minor_number: minor[0] bit30 is used
Nov 22 04:57:22 localhost kernel: [    7.079925] [VPF mgr]:[L271]vpf_alloc_minor_number: minor[0] bit31 is used
Nov 22 04:57:22 localhost kernel: [    7.080001] [VPF mgr]:[L271]vpf_alloc_minor_number: minor[1] bit0 is used
Nov 22 04:57:22 localhost kernel: [    7.081377] [VPF mgr]:[L271]vpf_alloc_minor_number: minor[1] bit1 is used
Nov 22 04:57:22 localhost kernel: [    7.082087] [VPF mgr]:[L271]vpf_alloc_minor_number: minor[1] bit2 is used
Nov 22 04:57:22 localhost kernel: [    7.083695] vs-vse 3d010000.vse: VS VSE driver (native) probed done, time used: 4541us
Nov 22 04:57:22 localhost kernel: [    7.095033] vin deserial: init 6 deserial v1.0 done
Nov 22 04:57:22 localhost kernel: [    7.106945] HOBOT GDC 3d0c0000.gdc: Adding to iommu group 2
Nov 22 04:57:22 localhost kernel: [    7.107131] [VPF mgr]:[L271]vpf_alloc_minor_number: minor[1] bit3 is used
Nov 22 04:57:22 localhost kernel: [    7.108973] [VPF mgr]:[L271]vpf_alloc_minor_number: minor[1] bit4 is used
Nov 22 04:57:22 localhost kernel: [    7.109121] HOBOT GDC 3d0c0000.gdc: [FRT:D] hobot_gdc_probe(0)
Nov 22 04:57:22 localhost kernel: [    7.124422] [ISI_Sensor]:isi_sensor_init end
Nov 22 04:57:22 localhost kernel: [    7.158899] cfg80211: Loading compiled-in X.509 certificates for regulatory database
Nov 22 04:57:22 localhost kernel: [    7.168719] cfg80211: Loaded X.509 cert 'wens: 61c038651aabdcf94bd0ac7ff06c7248db18c600'
Nov 22 04:57:22 localhost kernel: [    7.169329] cfg80211: Loaded X.509 cert 'sforshee: 00b28ddf47aef9cea7'
Nov 22 04:57:22 localhost kernel: [    7.170447] platform regulatory.0: Direct firmware load for regulatory.db failed with error -2
Nov 22 04:57:22 localhost kernel: [    7.170464] platform regulatory.0: Falling back to sysfs fallback for: regulatory.db
Nov 22 04:57:22 localhost kernel: [    7.172126] cfg80211: failed to load regulatory.db
Nov 22 04:57:22 localhost kernel: [    7.297642] 8852bs: module is from the staging directory, the quality is unknown, you have been warned.
Nov 22 04:57:22 localhost kernel: [    7.372723] Bluetooth: Core ver 2.22
Nov 22 04:57:22 localhost kernel: [    7.372822] NET: Registered PF_BLUETOOTH protocol family
Nov 22 04:57:22 localhost kernel: [    7.372827] Bluetooth: HCI device and connection manager initialized
Nov 22 04:57:22 localhost kernel: [    7.372842] Bluetooth: HCI socket layer initialized
Nov 22 04:57:22 localhost kernel: [    7.372849] Bluetooth: L2CAP socket layer initialized
Nov 22 04:57:22 localhost kernel: [    7.372864] Bluetooth: SCO socket layer initialized
Nov 22 04:57:22 localhost kernel: [    7.387439] Bluetooth: HCI UART driver ver 2.3
Nov 22 04:57:22 localhost kernel: [    7.387458] Bluetooth: HCI UART protocol H4 registered
Nov 22 04:57:22 localhost kernel: [    7.387520] Bluetooth: HCI UART protocol Three-wire (H5) registered
Nov 22 04:57:22 localhost kernel: [    7.410664] bpu-core 3a000000.bpu: Adding to iommu group 10
Nov 22 04:57:22 localhost kernel: [    7.410889] bpu-core 3a000000.bpu: Can't get bpu power delay, use default
Nov 22 04:57:22 localhost kernel: [    7.415376] bpu_hw_io_x5: loading out-of-tree module taints kernel.
Nov 22 04:57:22 localhost kernel: [    7.415394] bpu_hw_io_x5: module license 'Proprietary' taints kernel.
Nov 22 04:57:22 localhost kernel: [    7.415398] Disabling lock debugging due to kernel taint
Nov 22 04:57:22 localhost kernel: [    7.415850] bpu-core: hw-io: git commit: 42566cb
Nov 22 04:57:22 localhost kernel: [    7.430014] ** HUGE-IC WLAN Card Driver(fmac) v2.2.1-35256
Nov 22 04:57:22 localhost kernel: [    7.430030] hgic_usb_init:430::Enter, max_pkt_len = 2560
Nov 22 04:57:22 localhost kernel: [    7.430118] usbcore: registered new interface driver hgicf
Nov 22 04:57:22 localhost kernel: [    7.430124] hgic_usb_init:439::Leave
Nov 22 04:57:22 localhost kernel: [    7.430128] hgic_sdio_init:1031::Enter, max_pkt_len = 8192
Nov 22 04:57:22 localhost kernel: [    7.430461] hgic_sdio_probe:874::Enter, func->num:1, devid:4002
Nov 22 04:57:22 localhost kernel: [    7.430474] hgic_sdio_probe:890::new sdio card: vendor:a012, id:4002
Nov 22 04:57:22 localhost kernel: [    7.430480] hgicf_core_probe:1063::qc_mode=0, no_bootdl=0, if_agg=0, txq_size=1024
Nov 22 04:57:22 localhost kernel: [    7.430502] hgic_ota_init:78::Enter ...
Nov 22 04:57:22 localhost kernel: [    7.430506] hgic_ota_init:85::Leave ...
Nov 22 04:57:22 localhost kernel: [    7.430510] hgic_bootdl_init:47::Enter ...
Nov 22 04:57:22 localhost kernel: [    7.430514] hgic_bootdl_init:53::Leave ...each packet len:32704
Nov 22 04:57:22 localhost kernel: [    7.430521] hgicf_core_probe:1108::ok
Nov 22 04:57:22 localhost kernel: [    7.430524] hgic_sdio_enable:843::Enter
Nov 22 04:57:22 localhost kernel: [    7.430637] hgic_sdio_enable:862::ok
Nov 22 04:57:22 localhost kernel: [    7.430655] hgicf_download_fw:783::Enter
Nov 22 04:57:22 localhost kernel: [    7.430676] hgic_sdio_probe:934::ok
Nov 22 04:57:22 localhost kernel: [    7.430761] hgic_sdio_init:1037::Leave
Nov 22 04:57:22 localhost kernel: [    7.430766] leave hgicf_init
Nov 22 04:57:22 localhost kernel: [    7.463697] asoc-duplex-host-card snd0: asoc_simple_probe test es8311 end
Nov 22 04:57:22 localhost kernel: [    7.540283] hgic_fwctrl_send_data:220::timeout, ctrl->rxq:0
Nov 22 04:57:22 localhost kernel: [    7.540305] hgic_bootdl_send_cmd_tmo:259::cmd: 0, no responce!!
Nov 22 04:57:22 localhost kernel: [    7.540310] hgic_bootdl_cmd_enter:290::failed! ret:-1
Nov 22 04:57:22 localhost kernel: [    7.601102] hgic fw info:1.6.4.5, svn version:40651, 1e:9e:14:96:a8:20, smt_dat:124111319
Nov 22 04:57:22 localhost kernel: [    7.601127] hgicf_create_iface:584::Enter
Nov 22 04:57:22 localhost kernel: [    7.601545] hgicf_create_procfs:267::enter
Nov 22 04:57:22 localhost kernel: [    7.601574] hgicf_create_procfs:294::leave
Nov 22 04:57:22 localhost kernel: [    7.602579] hgicf_load_config:117::load conf file: /etc/hgicf.conf
Nov 22 04:57:22 localhost kernel: [    7.602888] hgicf_load_config:132::param: [bss_bw=4]
Nov 22 04:57:22 localhost kernel: [    7.603661] hgicf_load_config:132::param: [chan_list=9060,9100,9140,9180,9220]
Nov 22 04:57:22 localhost kernel: [    7.605679] hgicf_load_config:132::param: [country_code=]
Nov 22 04:57:22 localhost kernel: [    7.605701] hgicf_load_config:136::invalid param:[country_code=]
Nov 22 04:57:22 localhost kernel: [    7.605707] hgicf_load_config:132::param: [freq_range=]
Nov 22 04:57:22 localhost kernel: [    7.605712] hgicf_load_config:136::invalid param:[freq_range=]
Nov 22 04:57:22 localhost kernel: [    7.605717] hgicf_load_config:132::param: [key_mgmt=WPA-PSK]
Nov 22 04:57:22 localhost kernel: [    7.609561] hgicf_load_config:132::param: [mode=sta]
Nov 22 04:57:22 localhost kernel: [    7.613103] hgicf_load_config:132::param: [ssid=LK-AP2P1US000024]
Nov 22 04:57:22 localhost kernel: [    7.614982] hgicf_load_config:132::param: [tx_mcs=255]
Nov 22 04:57:22 localhost kernel: [    7.619003] hgicf_load_config:132::param: [wpa_psk=baa58569a9edd7c3a55e446bc658ef76a7173d023d256786832474d737756a11]
Nov 22 04:57:22 localhost kernel: [    7.620990] hgicf_delay_init:877::Leave, ret=28, soft_fc=1
Nov 22 04:57:22 localhost kernel: [    7.630638] hg0: Current addr:  1e 9e 14 96 a8 20 00 00 00 00 00 00 00 00 00 00 00 00 00 00 00 00 00 00 00 00 00 00 00 00 00 00
Nov 22 04:57:22 localhost kernel: [    7.630661] hg0: Expected addr: 00 00 00 00 00 00 00 00 00 00 00 00 00 00 00 00 00 00 00 00 00 00 00 00 00 00 00 00 00 00 00 00
Nov 22 04:57:22 localhost kernel: [    7.630667] ------------[ cut here ]------------
Nov 22 04:57:22 localhost kernel: [    7.630669] netdevice: hg0: Incorrect netdev->dev_addr
Nov 22 04:57:22 localhost kernel: [    7.630698] WARNING: CPU: 4 PID: 375 at net/core/dev_addr_lists.c:519 dev_addr_check+0x94/0x140
Nov 22 04:57:22 localhost kernel: [    7.630718] Modules linked in: snd_soc_hobot_sound_duplex_host snd_soc_simple_card_utils designware_i2s hgicf bpu_hw_io_x5(PO) bpu_cores bpu_framework hci_uart btrtl bluetooth 8852bs(C) cfg80211 rfkill hobot_isi_sensor hobot_gdc hobot_deserial vs_vse_nat vs_isp_nat hobot_mipidbg hobot_mipicsi hobot_camsys hobot_mipiphy hobot_sensor vs_sif_nat vs_ops_nat hobot_vin_vcon vs_csi_wrapper vs_cam_pulse vs_cam_ctrl vs_isc vs_dw_crc hobot_codec_vnode hobot_osd aic8800_bsp vio_n2d galcore hobot_lpwm hobot_vpu hobot_jpu hobot_vin_vnode hobot_vio_common
Nov 22 04:57:22 localhost kernel: [    7.630832] CPU: 4 PID: 375 Comm: systemd-network Tainted: P        WC O       6.1.83-DR-PL5.2_V1.1.1 #11
Nov 22 04:57:22 localhost kernel: [    7.630839] Hardware name: D-Robotics X5 EVB LP4 1_B board (DT)
Nov 22 04:57:22 localhost kernel: [    7.630843] pstate: 60400009 (nZCv daif +PAN -UAO -TCO -DIT -SSBS BTYPE=--)
Nov 22 04:57:22 localhost kernel: [    7.630851] pc : dev_addr_check+0x94/0x140
Nov 22 04:57:22 localhost kernel: [    7.630857] lr : dev_addr_check+0x94/0x140
Nov 22 04:57:22 localhost kernel: [    7.630863] sp : ffff80000a3f3560
Nov 22 04:57:22 localhost kernel: [    7.630866] x29: ffff80000a3f3560 x28: ffff000086ea0dc0 x27: ffff8000094fe500
Nov 22 04:57:22 localhost kernel: [    7.630878] x26: ffff80000a3f3818 x25: 0000000000000001 x24: 0000000000000000
Nov 22 04:57:22 localhost kernel: [    7.630888] x23: ffff0000828e8238 x22: 0000000000001002 x21: ffff8000011d8168
Nov 22 04:57:22 localhost kernel: [    7.630899] x20: ffff0000828e8000 x19: ffff0000828e8000 x18: 0000000000000038
Nov 22 04:57:22 localhost kernel: [    7.630909] x17: 3030203030203030 x16: 2030302030302030 x15: fffffffffffee4f0
Nov 22 04:57:22 localhost kernel: [    7.630920] x14: 3030203030203030 x13: ffff8000090d9eb0 x12: 00000000000009f6
Nov 22 04:57:22 localhost kernel: [    7.630930] x11: 0000000000000352 x10: ffff800009131eb0 x9 : ffff8000090d9eb0
Nov 22 04:57:22 localhost kernel: [    7.630940] x8 : 00000000ffffefff x7 : ffff800009131eb0 x6 : 0000000000000000
Nov 22 04:57:22 localhost kernel: [    7.630950] x5 : ffff0000ff709aa0 x4 : 0000000000000000 x3 : ffff8000f67d0000
Nov 22 04:57:22 localhost kernel: [    7.630960] x2 : 0000000000000000 x1 : 0000000000000000 x0 : ffff000086ea0dc0
Nov 22 04:57:22 localhost kernel: [    7.630971] Call trace:
Nov 22 04:57:22 localhost kernel: [    7.630975]  dev_addr_check+0x94/0x140
Nov 22 04:57:22 localhost kernel: [    7.630982]  __dev_open+0x40/0x1dc
Nov 22 04:57:22 localhost kernel: [    7.630988]  __dev_change_flags+0x190/0x20c
Nov 22 04:57:22 localhost kernel: [    7.630994]  dev_change_flags+0x24/0x64
Nov 22 04:57:22 localhost kernel: [    7.630999]  do_setlink+0x210/0xe50
Nov 22 04:57:22 localhost kernel: [    7.631006]  rtnl_setlink+0xe4/0x180
Nov 22 04:57:22 localhost kernel: [    7.631011]  rtnetlink_rcv_msg+0x12c/0x390
Nov 22 04:57:22 localhost kernel: [    7.631016]  netlink_rcv_skb+0x5c/0x130
Nov 22 04:57:22 localhost kernel: [    7.631022]  rtnetlink_rcv+0x18/0x24
Nov 22 04:57:22 localhost kernel: [    7.631030]  netlink_unicast+0x2e4/0x350
Nov 22 04:57:22 localhost kernel: [    7.631034]  netlink_sendmsg+0x198/0x3f0
Nov 22 04:57:22 localhost kernel: [    7.631039]  __sys_sendto+0x12c/0x170
Nov 22 04:57:22 localhost kernel: [    7.631047]  __arm64_sys_sendto+0x28/0x40
Nov 22 04:57:22 localhost kernel: [    7.631053]  invoke_syscall+0x48/0x114
Nov 22 04:57:22 localhost kernel: [    7.631062]  el0_svc_common.constprop.0+0xd4/0xfc
Nov 22 04:57:22 localhost kernel: [    7.631070]  do_el0_svc+0x30/0xd0
Nov 22 04:57:22 localhost kernel: [    7.631076]  el0_svc+0x2c/0x84
Nov 22 04:57:22 localhost kernel: [    7.631085]  el0t_64_sync_handler+0xbc/0x140
Nov 22 04:57:22 localhost kernel: [    7.631091]  el0t_64_sync+0x18c/0x190
Nov 22 04:57:22 localhost kernel: [    7.631098] ---[ end trace 0000000000000000 ]---
Nov 22 04:57:24 localhost kernel: [    9.946115] EXT4-fs (mmcblk0p10): mounted filesystem with ordered data mode. Quota mode: disabled.
Nov 22 04:57:24 localhost kernel: [    9.960716] EXT4-fs (mmcblk0p11): mounted filesystem with ordered data mode. Quota mode: disabled.
Nov 22 04:57:24 localhost kernel: [    9.967396] EXT4-fs (mmcblk0p13): mounted filesystem with ordered data mode. Quota mode: disabled.
Nov 22 04:57:24 localhost kernel: [   10.050244] file system registered
Nov 22 04:57:24 localhost kernel: [   10.108263] read descriptors
Nov 22 04:57:24 localhost kernel: [   10.108287] read strings
Nov 22 04:57:24 localhost kernel: [   10.200796] UDC core: g_comp: couldn't find an available UDC or it's busy
