
Feb 28 09:14:01 localhost kernel: [   23.940771] dw-apb-uart 340a0000.serial: failed to request DMA
Feb 28 09:14:02 localhost kernel: [   24.577653] [VPF mgr]:[L478]empty_camsys_reset: empty function
Feb 28 09:14:02 localhost kernel: [   24.577673] [L1228]cim_open open_cnt :1
Feb 28 09:14:02 localhost kernel: [   24.577678] [CIM]:[L192][S0]cim_video_open done ret val:0
Feb 28 09:14:02 localhost kernel: [   24.577683] [L1227][S0]vin_node_open done
Feb 28 09:14:02 localhost kernel: [   24.577687] [VIN_NODE]:[L694][C0]vin_node_video_open done
Feb 28 09:14:02 localhost kernel: [   24.577691] [VPF ops]:[L2575][vin2_src] vpf_device_open: done
Feb 28 09:14:02 localhost kernel: [   24.577710] [L1228]cim_open open_cnt :2
Feb 28 09:14:02 localhost kernel: [   24.577714] [CIM]:[L192][S0]cim_video_open done ret val:0
Feb 28 09:14:02 localhost kernel: [   24.577717] [L1227][S0]vin_node_open done
Feb 28 09:14:02 localhost kernel: [   24.577721] [VIN_NODE]:[L694][C0]vin_node_video_open done
Feb 28 09:14:02 localhost kernel: [   24.577724] [VPF ops]:[L2575][vin2_cap] vpf_device_open: done
Feb 28 09:14:02 localhost kernel: [   24.577736] [L1228]cim_open open_cnt :3
Feb 28 09:14:02 localhost kernel: [   24.577740] [CIM]:[L192][S0]cim_video_open done ret val:0
Feb 28 09:14:02 localhost kernel: [   24.577743] [L1227][S0]vin_node_open done
Feb 28 09:14:02 localhost kernel: [   24.577747] [VIN_NODE]:[L694][C0]vin_node_video_open done
Feb 28 09:14:02 localhost kernel: [   24.577750] [VPF ops]:[L2575][vin2_emb] vpf_device_open: done
Feb 28 09:14:02 localhost kernel: [   24.577763] [L1228]cim_open open_cnt :4
Feb 28 09:14:02 localhost kernel: [   24.577766] [CIM]:[L192][S0]cim_video_open done ret val:0
Feb 28 09:14:02 localhost kernel: [   24.577770] [L1227][S0]vin_node_open done
Feb 28 09:14:02 localhost kernel: [   24.577773] [VIN_NODE]:[L694][C0]vin_node_video_open done
Feb 28 09:14:02 localhost kernel: [   24.577777] [VPF ops]:[L2575][vin2_pdaf] vpf_device_open: done
Feb 28 09:14:02 localhost kernel: [   24.577804] [VPF ops]:[L439][vin2_src][C0] vpf_vctx_bind_vdev: done, ctx_index(0) refcount(1)
Feb 28 09:14:02 localhost kernel: [   24.577813] [VPF ops]:[L1875][vin2_src][C0] vpf_video_bind_context: done
Feb 28 09:14:02 localhost kernel: [   24.577820] [VPF ops]:[L439][vin2_cap][C0] vpf_vctx_bind_vdev: done, ctx_index(0) refcount(1)
Feb 28 09:14:02 localhost kernel: [   24.577824] [VPF ops]:[L1875][vin2_cap][C0] vpf_video_bind_context: done
Feb 28 09:14:02 localhost kernel: [   24.577829] [VPF ops]:[L439][vin2_emb][C0] vpf_vctx_bind_vdev: done, ctx_index(0) refcount(1)
Feb 28 09:14:02 localhost kernel: [   24.577834] [VPF ops]:[L1875][vin2_emb][C0] vpf_video_bind_context: done
Feb 28 09:14:02 localhost kernel: [   24.577839] [VPF ops]:[L439][vin2_pdaf][C0] vpf_vctx_bind_vdev: done, ctx_index(0) refcount(1)
Feb 28 09:14:02 localhost kernel: [   24.577843] [VPF ops]:[L1875][vin2_pdaf][C0] vpf_video_bind_context: done
Feb 28 09:14:02 localhost kernel: [   24.577869] [VIN_NODE]:[L38]The vin node driver version is v1.1
Feb 28 09:14:02 localhost kernel: [   24.577872] [VPF ops]:[L1031][vin2_src][C0] vpf_video_get_version: done
Feb 28 09:14:02 localhost kernel: [   24.577909] [VPF ops]:[L1079][vin2_src][C0] vpf_video_get_struct_size: done
Feb 28 09:14:02 localhost kernel: [   24.577927] [CIM]:[L247][C0]cim_video_set_attr done ret val:0
Feb 28 09:14:02 localhost kernel: [   24.577932] [L423][C0] vin_node_set_attr ipi 0 done
Feb 28 09:14:02 localhost kernel: [   24.577936] [VIN_NODE]:[L239][C0]vin_node_video_set_attr done
Feb 28 09:14:02 localhost kernel: [   24.577939] [VPF ops]:[L689][vin2_cap][C0] vpf_video_set_init_attr: done
Feb 28 09:14:02 localhost kernel: [   24.577950] vin vcon2: vcon2 open 0: flow65535 ctx0 real
Feb 28 09:14:02 localhost kernel: [   24.577956] [L624][S65535][C0][ipi0]cim_subdev_init hw_id = 2
Feb 28 09:14:02 localhost kernel: [   24.577960] [CIM]:[L247][C0]cim_video_set_attr done ret val:0
Feb 28 09:14:02 localhost kernel: [   24.577966] vin vcon2: get attr valid bus7 rx2 done
Feb 28 09:14:02 localhost kernel: [   24.577981] [L423][C0] vin_node_set_attr ipi 0 done
Feb 28 09:14:02 localhost kernel: [   24.577993] [VIN_NODE]:[L239][C0]vin_node_video_set_attr done
Feb 28 09:14:02 localhost kernel: [   24.577997] [VIO node]:[L104][vin2] vio_group_task_start: sched_mode 1
Feb 28 09:14:02 localhost kernel: [   24.578001] [VPF ops]:[L689][vin2_src][C0] vpf_video_set_init_attr: done
Feb 28 09:14:02 localhost kernel: [   24.578007] [CIM]:[L247][C0]cim_video_set_attr done ret val:0
Feb 28 09:14:02 localhost kernel: [   24.578010] [L423][C0] vin_node_set_attr ipi 0 done
Feb 28 09:14:02 localhost kernel: [   24.578014] [VIN_NODE]:[L239][C0]vin_node_video_set_attr done
Feb 28 09:14:02 localhost kernel: [   24.578017] [VPF ops]:[L689][vin2_emb][C0] vpf_video_set_init_attr: done
Feb 28 09:14:02 localhost kernel: [   24.578022] [CIM]:[L247][C0]cim_video_set_attr done ret val:0
Feb 28 09:14:02 localhost kernel: [   24.578026] [L423][C0] vin_node_set_attr ipi 0 done
Feb 28 09:14:02 localhost kernel: [   24.578029] [VIN_NODE]:[L239][C0]vin_node_video_set_attr done
Feb 28 09:14:02 localhost kernel: [   24.578032] [VPF ops]:[L689][vin2_pdaf][C0] vpf_video_set_init_attr: done
Feb 28 09:14:02 localhost kernel: [   24.578049] [VPF ops]:[L1079][vin2_src][C0] vpf_video_get_struct_size: done
Feb 28 09:14:02 localhost kernel: [   24.578064] [L709][S65535] vin_node_set_ichn_attr begin format 43 width 1088 
Feb 28 09:14:02 localhost kernel: [   24.578072] [L527][S0][ipi0]cim_set_ichn_attr done
Feb 28 09:14:02 localhost kernel: [   24.578076] [CIM]:[L309][S0]cim_video_set_ichn_attr done ret val:0
Feb 28 09:14:02 localhost kernel: [   24.578079] [L724][S0]vin_node_set_ichn_attr done
Feb 28 09:14:02 localhost kernel: [   24.578083] [VIN_NODE]:[L427][C0]vin_node_video_set_ichn_attr done
Feb 28 09:14:02 localhost kernel: [   24.578088] [L1023][S0] vin_node_reqbufs done bit_map 0x1 planecount 1 
Feb 28 09:14:02 localhost kernel: [   24.578093] [VIN_NODE]:[L743][C0]vin_node_video_reqbufs done
Feb 28 09:14:02 localhost kernel: [   24.578104] [VPF ops]:[L1193][F0] vpf_fill_frame_info: L0 use width instead of wstride
Feb 28 09:14:02 localhost kernel: [   24.578109] [VPF ops]:[L1197][F0] vpf_fill_frame_info: L0 use height instead of vstride
Feb 28 09:14:02 localhost kernel: [   24.578113] [VPF ops]:[L1193][F1] vpf_fill_frame_info: L0 use width instead of wstride
Feb 28 09:14:02 localhost kernel: [   24.578117] [VPF ops]:[L1197][F1] vpf_fill_frame_info: L0 use height instead of vstride
Feb 28 09:14:02 localhost kernel: [   24.578120] [VPF ops]:[L1193][F2] vpf_fill_frame_info: L0 use width instead of wstride
Feb 28 09:14:02 localhost kernel: [   24.578124] [VPF ops]:[L1197][F2] vpf_fill_frame_info: L0 use height instead of vstride
Feb 28 09:14:02 localhost kernel: [   24.578128] [VPF ops]:[L1193][F3] vpf_fill_frame_info: L0 use width instead of wstride
Feb 28 09:14:02 localhost kernel: [   24.578131] [VPF ops]:[L1197][F3] vpf_fill_frame_info: L0 use height instead of vstride
Feb 28 09:14:02 localhost kernel: [   24.578135] [VPF ops]:[L1193][F4] vpf_fill_frame_info: L0 use width instead of wstride
Feb 28 09:14:02 localhost kernel: [   24.578138] [VPF ops]:[L1197][F4] vpf_fill_frame_info: L0 use height instead of vstride
Feb 28 09:14:02 localhost kernel: [   24.578142] [VPF ops]:[L1193][F5] vpf_fill_frame_info: L0 use width instead of wstride
Feb 28 09:14:02 localhost kernel: [   24.578146] [VPF ops]:[L1197][F5] vpf_fill_frame_info: L0 use height instead of vstride
Feb 28 09:14:02 localhost kernel: [   24.578150] [VPF ops]:[L1193][F6] vpf_fill_frame_info: L0 use width instead of wstride
Feb 28 09:14:02 localhost kernel: [   24.578153] [VPF ops]:[L1197][F6] vpf_fill_frame_info: L0 use height instead of vstride
Feb 28 09:14:02 localhost kernel: [   24.578157] [VPF ops]:[L1193][F7] vpf_fill_frame_info: L0 use width instead of wstride
Feb 28 09:14:02 localhost kernel: [   24.578160] [VPF ops]:[L1197][F7] vpf_fill_frame_info: L0 use height instead of vstride
Feb 28 09:14:02 localhost kernel: [   24.578164] [VPF ops]:[L1193][F8] vpf_fill_frame_info: L0 use width instead of wstride
Feb 28 09:14:02 localhost kernel: [   24.578167] [VPF ops]:[L1197][F8] vpf_fill_frame_info: L0 use height instead of vstride
Feb 28 09:14:02 localhost kernel: [   24.578171] [VPF ops]:[L1193][F9] vpf_fill_frame_info: L0 use width instead of wstride
Feb 28 09:14:02 localhost kernel: [   24.578175] [VPF ops]:[L1197][F9] vpf_fill_frame_info: L0 use height instead of vstride
Feb 28 09:14:02 localhost kernel: [   24.578178] [VPF ops]:[L1193][F10] vpf_fill_frame_info: L0 use width instead of wstride
Feb 28 09:14:02 localhost kernel: [   24.578182] [VPF ops]:[L1197][F10] vpf_fill_frame_info: L0 use height instead of vstride
Feb 28 09:14:02 localhost kernel: [   24.578186] [VPF ops]:[L1193][F11] vpf_fill_frame_info: L0 use width instead of wstride
Feb 28 09:14:02 localhost kernel: [   24.578189] [VPF ops]:[L1197][F11] vpf_fill_frame_info: L0 use height instead of vstride
Feb 28 09:14:02 localhost kernel: [   24.578193] [VPF ops]:[L1193][F12] vpf_fill_frame_info: L0 use width instead of wstride
Feb 28 09:14:02 localhost kernel: [   24.578197] [VPF ops]:[L1197][F12] vpf_fill_frame_info: L0 use height instead of vstride
Feb 28 09:14:02 localhost kernel: [   24.578200] [VPF ops]:[L1193][F13] vpf_fill_frame_info: L0 use width instead of wstride
Feb 28 09:14:02 localhost kernel: [   24.578204] [VPF ops]:[L1197][F13] vpf_fill_frame_info: L0 use height instead of vstride
Feb 28 09:14:02 localhost kernel: [   24.578208] [VPF ops]:[L1193][F14] vpf_fill_frame_info: L0 use width instead of wstride
Feb 28 09:14:02 localhost kernel: [   24.578212] [VPF ops]:[L1197][F14] vpf_fill_frame_info: L0 use height instead of vstride
Feb 28 09:14:02 localhost kernel: [   24.578216] [VPF ops]:[L1193][F15] vpf_fill_frame_info: L0 use width instead of wstride
Feb 28 09:14:02 localhost kernel: [   24.578219] [VPF ops]:[L1197][F15] vpf_fill_frame_info: L0 use height instead of vstride
Feb 28 09:14:02 localhost kernel: [   24.578223] [VPF ops]:[L1325][vin2_src][C0] vpf_request_frames: reqbuf number 16
Feb 28 09:14:02 localhost kernel: [   24.578228] [VPF ops]:[L850][vin2_src][C0] vpf_video_set_ichn_attr: done
Feb 28 09:14:02 localhost kernel: [   24.578247] [VPF ops]:[L1079][vin2_src][C0] vpf_video_get_struct_size: done
Feb 28 09:14:02 localhost kernel: [   24.578264] [L236][S0] ochn0 auto calc vstride 1280
Feb 28 09:14:02 localhost kernel: [   24.578269] [L160]vin_basic_attr->format:43
Feb 28 09:14:02 localhost kernel: [   24.578274] [L425][S0][ipi0][ochn0]cim_set_ochn_attr done
Feb 28 09:14:02 localhost kernel: [   24.578278] [CIM]:[L340][S0]cim_video_set_ochn_attr done ret val:0
Feb 28 09:14:02 localhost kernel: [   24.578281] [L652][S0]vin_node_set_ochn_attr done
Feb 28 09:14:02 localhost kernel: [   24.578285] [VIN_NODE]:[L364][C0]vin_node_video_set_ochn_attr done
Feb 28 09:14:02 localhost kernel: [   24.578289] [L975]VNODE_ID_CAP wstride 2176
Feb 28 09:14:02 localhost kernel: [   24.578292] [L977]VNODE_ID_CAP vstride 1280
Feb 28 09:14:02 localhost kernel: [   24.578295] [L981]vstride 1280  planecount 1 
Feb 28 09:14:02 localhost kernel: [   24.578298] [L1023][S0] vin_node_reqbufs done bit_map 0x1 planecount 1 
Feb 28 09:14:02 localhost kernel: [   24.578302] [VIN_NODE]:[L743][C0]vin_node_video_reqbufs done
Feb 28 09:14:02 localhost kernel: [   24.578314] [VPF ops]:[L1325][vin2_cap][C0] vpf_request_frames: reqbuf number 16
Feb 28 09:14:02 localhost kernel: [   24.578318] [VPF ops]:[L978][vin2_cap][C0] vpf_video_set_ochn_attr: done
Feb 28 09:14:02 localhost kernel: [   24.578337] [VPF ops]:[L1079][vin2_src][C0] vpf_video_get_struct_size: done
Feb 28 09:14:02 localhost kernel: [   24.578357] vin mipi2: snrclk set freq cmd
Feb 28 09:14:02 localhost kernel: [   24.578372] vin mipi2: sensor2_mclk set 24000000 as 24000000
Feb 28 09:14:02 localhost kernel: [   24.578378] vin mipi2: snrclk set en cmd
Feb 28 09:14:02 localhost kernel: [   24.578381] vin mipi2: snrclk set enable
Feb 28 09:14:02 localhost kernel: [   24.578400] [L517][S0]vin_node_set_attr_ex done
Feb 28 09:14:02 localhost kernel: [   24.578404] [VIN_NODE]:[L324][C0]vin_node_video_set_attr_ex done
Feb 28 09:14:02 localhost kernel: [   24.578408] [VPF ops]:[L763][vin2_src][C0] vpf_video_set_attr_ex: done
Feb 28 09:14:02 localhost kernel: [   24.578414] [L517][S0]vin_node_set_attr_ex done
Feb 28 09:14:02 localhost kernel: [   24.578417] [VIN_NODE]:[L324][C0]vin_node_video_set_attr_ex done
Feb 28 09:14:02 localhost kernel: [   24.578420] [VPF ops]:[L763][vin2_cap][C0] vpf_video_set_attr_ex: done
Feb 28 09:14:02 localhost kernel: [   24.578444] [L975]VNODE_ID_CAP wstride 2176
Feb 28 09:14:02 localhost kernel: [   24.578448] [L977]VNODE_ID_CAP vstride 1280
Feb 28 09:14:02 localhost kernel: [   24.578451] [L981]vstride 1280  planecount 1 
Feb 28 09:14:02 localhost kernel: [   24.578454] [L1023][S0] vin_node_reqbufs done bit_map 0x1 planecount 1 
Feb 28 09:14:02 localhost kernel: [   24.578458] [VIN_NODE]:[L743][C0]vin_node_video_reqbufs done
Feb 28 09:14:02 localhost kernel: [   24.578469] [VPF ops]:[L1325][vin2_cap][C0] vpf_request_frames: reqbuf number 3
Feb 28 09:14:02 localhost kernel: [   24.578592] [VPF ops]:[L1464][vin2_cap][C0] vpf_video_reqbufs: done
Feb 28 09:14:02 localhost kernel: [   24.689932] [VPF ops]:[L2066][vin2_cap][C0] vpf_video_querybuf: done
Feb 28 09:14:02 localhost kernel: [   24.690206] [VPF ops]:[L2066][vin2_cap][C0] vpf_video_querybuf: done
Feb 28 09:14:02 localhost kernel: [   24.690301] [VPF ops]:[L2066][vin2_cap][C0] vpf_video_querybuf: done
Feb 28 09:14:02 localhost kernel: [   24.690422] [VPF ops]:[L2575][vs-isp0_src] vpf_device_open: done
Feb 28 09:14:02 localhost kernel: [   24.690439] [VPF ops]:[L2575][vs-isp0_src_pd] vpf_device_open: done
Feb 28 09:14:02 localhost kernel: [   24.691757] [VPF ops]:[L2575][vs-isp0_cap] vpf_device_open: done
Feb 28 09:14:02 localhost kernel: [   24.691810] [VPF ops]:[L2575][vs-isp0_cap_raw] vpf_device_open: done
Feb 28 09:14:02 localhost kernel: [   24.691824] [VPF ops]:[L439][vs-isp0_src][C0] vpf_vctx_bind_vdev: done, ctx_index(0) refcount(1)
Feb 28 09:14:02 localhost kernel: [   24.691833] [VPF ops]:[L1875][vs-isp0_src][C0] vpf_video_bind_context: done
Feb 28 09:14:02 localhost kernel: [   24.691840] [VPF ops]:[L439][vs-isp0_src_pd][C0] vpf_vctx_bind_vdev: done, ctx_index(0) refcount(1)
Feb 28 09:14:02 localhost kernel: [   24.691846] [VPF ops]:[L1875][vs-isp0_src_pd][C0] vpf_video_bind_context: done
Feb 28 09:14:02 localhost kernel: [   24.691852] [VPF ops]:[L439][vs-isp0_cap][C0] vpf_vctx_bind_vdev: done, ctx_index(0) refcount(1)
Feb 28 09:14:02 localhost kernel: [   24.691856] [VPF ops]:[L1875][vs-isp0_cap][C0] vpf_video_bind_context: done
Feb 28 09:14:02 localhost kernel: [   24.691862] [VPF ops]:[L439][vs-isp0_cap_raw][C0] vpf_vctx_bind_vdev: done, ctx_index(0) refcount(1)
Feb 28 09:14:02 localhost kernel: [   24.691866] [VPF ops]:[L1875][vs-isp0_cap_raw][C0] vpf_video_bind_context: done
Feb 28 09:14:02 localhost kernel: [   24.691881] [VPF ops]:[L1079][vs-isp0_src][C0] vpf_video_get_struct_size: done
Feb 28 09:14:02 localhost kernel: [   24.691890] [VPF ops]:[L689][vs-isp0_cap][C0] vpf_video_set_init_attr: done
Feb 28 09:14:02 localhost kernel: [   24.711706] [VIO node]:[L104][isp0] vio_group_task_start: sched_mode 1
Feb 28 09:14:02 localhost kernel: [   24.711727] [VPF ops]:[L689][vs-isp0_src][C0] vpf_video_set_init_attr: done
Feb 28 09:14:02 localhost kernel: [   24.711746] [VPF ops]:[L689][vs-isp0_src_pd][C0] vpf_video_set_init_attr: done
Feb 28 09:14:02 localhost kernel: [   24.711754] [VPF ops]:[L689][vs-isp0_cap_raw][C0] vpf_video_set_init_attr: done
Feb 28 09:14:02 localhost kernel: [   24.711766] [VPF ops]:[L1079][vs-isp0_src][C0] vpf_video_get_struct_size: done
Feb 28 09:14:02 localhost kernel: [   24.711780] isp_set_ochn_attr format=6,width=1088,stride=1088,height=1280
Feb 28 09:14:02 localhost kernel: [   24.712155] isp_video_reqbufs done bit_map 0x1 planecount 2 vctx->id:8
Feb 28 09:14:02 localhost kernel: [   24.712181] [VPF ops]:[L1325][vs-isp0_cap][C0] vpf_request_frames: reqbuf number 16
Feb 28 09:14:02 localhost kernel: [   24.712188] [VPF ops]:[L978][vs-isp0_cap][C0] vpf_video_set_ochn_attr: done
Feb 28 09:14:02 localhost kernel: [   24.712209] [VPF ops]:[L1079][vs-isp0_src][C0] vpf_video_get_struct_size: done
Feb 28 09:14:02 localhost kernel: [   24.712219] isp_video_set_ichn_attr format=2,width=1088,stride=2176,height=1280,hdr_en=0
Feb 28 09:14:02 localhost kernel: [   24.712276] isp_video_reqbufs done bit_map 0x1 planecount 1 vctx->id:0
Feb 28 09:14:02 localhost kernel: [   24.712297] [VPF ops]:[L1325][vs-isp0_src][C0] vpf_request_frames: reqbuf number 16
Feb 28 09:14:02 localhost kernel: [   24.712303] [VPF ops]:[L850][vs-isp0_src][C0] vpf_video_set_ichn_attr: done
Feb 28 09:14:02 localhost kernel: [   24.712312] isp_video_reqbufs done bit_map 0x1 planecount 2 vctx->id:8
Feb 28 09:14:02 localhost kernel: [   24.712324] [VPF ops]:[L1325][vs-isp0_cap][C0] vpf_request_frames: reqbuf number 3
Feb 28 09:14:02 localhost kernel: [   24.712448] [VPF ops]:[L1464][vs-isp0_cap][C0] vpf_video_reqbufs: done
Feb 28 09:14:02 localhost kernel: [   24.712482] [VPF ops]:[L2066][vs-isp0_cap][C0] vpf_video_querybuf: done
Feb 28 09:14:02 localhost kernel: [   24.712718] [VPF ops]:[L2066][vs-isp0_cap][C0] vpf_video_querybuf: done
Feb 28 09:14:02 localhost kernel: [   24.712804] [VPF ops]:[L2066][vs-isp0_cap][C0] vpf_video_querybuf: done
Feb 28 09:14:02 localhost kernel: [   24.713217] [VPF ops]:[L2575][flow] vpf_device_open: done
Feb 28 09:14:02 localhost kernel: [   24.713233] [VPF ops]:[L1031][flow][C0] vpf_video_get_version: done
Feb 28 09:14:02 localhost kernel: [   24.713269] [VPF ops]:[L360][S0] vpf_bind_chain: bind done
Feb 28 09:14:02 localhost kernel: [   24.713283] [VPF ops]:[L2223][flow][C0] vpf_video_bind_pipeline: done
Feb 28 09:14:02 localhost kernel: [   24.713333] [VPF ops]:[L1685][vin2_src][S0][C0] vpf_chain_add_vnode: done
Feb 28 09:14:02 localhost kernel: [   24.713339] [VPF ops]:[L1825][vin2_src][C0] vpf_video_add_vnode: done
Feb 28 09:14:02 localhost kernel: [   24.713356] [VPF ops]:[L1685][vs-isp0_src][S0][C0] vpf_chain_add_vnode: done
Feb 28 09:14:02 localhost kernel: [   24.713361] [VPF ops]:[L1825][vs-isp0_src][C0] vpf_video_add_vnode: done
Feb 28 09:14:02 localhost kernel: [   24.713676] [CIM]:[L419][S0]cim_video_get_attr done ret val:0
Feb 28 09:14:02 localhost kernel: [   24.713687] vin vcon2: get attr valid bus7 rx2 done
Feb 28 09:14:02 localhost kernel: [   24.713692] [L306][S0]vin_node_get_attr done
Feb 28 09:14:02 localhost kernel: [   24.713696] [VIN_NODE]:[L286][C0]vin_node_video_get_attr done
Feb 28 09:14:02 localhost kernel: [   24.714171] vin sensor0: camera_init_req cmd: initing
Feb 28 09:14:02 localhost kernel: [   24.792528] [VPF mgr]:[L478]empty_camsys_reset: empty function
Feb 28 09:14:02 localhost kernel: [   24.792549] [L1228]cim_open open_cnt :1
Feb 28 09:14:02 localhost kernel: [   24.792553] [CIM]:[L192][S0]cim_video_open done ret val:0
Feb 28 09:14:02 localhost kernel: [   24.792557] [L1227][S0]vin_node_open done
Feb 28 09:14:02 localhost kernel: [   24.792562] [VIN_NODE]:[L694][C0]vin_node_video_open done
Feb 28 09:14:02 localhost kernel: [   24.792565] [VPF ops]:[L2575][vin0_src] vpf_device_open: done
Feb 28 09:14:02 localhost kernel: [   24.792594] [L1228]cim_open open_cnt :2
Feb 28 09:14:02 localhost kernel: [   24.792598] [CIM]:[L192][S0]cim_video_open done ret val:0
Feb 28 09:14:02 localhost kernel: [   24.792602] [L1227][S0]vin_node_open done
Feb 28 09:14:02 localhost kernel: [   24.792605] [VIN_NODE]:[L694][C0]vin_node_video_open done
Feb 28 09:14:02 localhost kernel: [   24.792608] [VPF ops]:[L2575][vin0_cap] vpf_device_open: done
Feb 28 09:14:02 localhost kernel: [   24.792623] [L1228]cim_open open_cnt :3
Feb 28 09:14:02 localhost kernel: [   24.792627] [CIM]:[L192][S0]cim_video_open done ret val:0
Feb 28 09:14:02 localhost kernel: [   24.792631] [L1227][S0]vin_node_open done
Feb 28 09:14:02 localhost kernel: [   24.792634] [VIN_NODE]:[L694][C0]vin_node_video_open done
Feb 28 09:14:02 localhost kernel: [   24.792637] [VPF ops]:[L2575][vin0_emb] vpf_device_open: done
Feb 28 09:14:02 localhost kernel: [   24.792651] [L1228]cim_open open_cnt :4
Feb 28 09:14:02 localhost kernel: [   24.792655] [CIM]:[L192][S0]cim_video_open done ret val:0
Feb 28 09:14:02 localhost kernel: [   24.792658] [L1227][S0]vin_node_open done
Feb 28 09:14:02 localhost kernel: [   24.792662] [VIN_NODE]:[L694][C0]vin_node_video_open done
Feb 28 09:14:02 localhost kernel: [   24.792665] [VPF ops]:[L2575][vin0_pdaf] vpf_device_open: done
Feb 28 09:14:02 localhost kernel: [   24.792676] [VPF ops]:[L439][vin0_src][C0] vpf_vctx_bind_vdev: done, ctx_index(0) refcount(1)
Feb 28 09:14:02 localhost kernel: [   24.792683] [VPF ops]:[L1875][vin0_src][C0] vpf_video_bind_context: done
Feb 28 09:14:02 localhost kernel: [   24.792689] [VPF ops]:[L439][vin0_cap][C0] vpf_vctx_bind_vdev: done, ctx_index(0) refcount(1)
Feb 28 09:14:02 localhost kernel: [   24.792693] [VPF ops]:[L1875][vin0_cap][C0] vpf_video_bind_context: done
Feb 28 09:14:02 localhost kernel: [   24.792699] [VPF ops]:[L439][vin0_emb][C0] vpf_vctx_bind_vdev: done, ctx_index(0) refcount(1)
Feb 28 09:14:02 localhost kernel: [   24.792703] [VPF ops]:[L1875][vin0_emb][C0] vpf_video_bind_context: done
Feb 28 09:14:02 localhost kernel: [   24.792708] [VPF ops]:[L439][vin0_pdaf][C0] vpf_vctx_bind_vdev: done, ctx_index(0) refcount(1)
Feb 28 09:14:02 localhost kernel: [   24.792713] [VPF ops]:[L1875][vin0_pdaf][C0] vpf_video_bind_context: done
Feb 28 09:14:02 localhost kernel: [   24.792719] [VIN_NODE]:[L38]The vin node driver version is v1.1
Feb 28 09:14:02 localhost kernel: [   24.792722] [VPF ops]:[L1031][vin0_src][C0] vpf_video_get_version: done
Feb 28 09:14:02 localhost kernel: [   24.792735] [VPF ops]:[L1079][vin0_src][C0] vpf_video_get_struct_size: done
Feb 28 09:14:02 localhost kernel: [   24.792745] [CIM]:[L247][C0]cim_video_set_attr done ret val:0
Feb 28 09:14:02 localhost kernel: [   24.792749] [L423][C0] vin_node_set_attr ipi 0 done
Feb 28 09:14:02 localhost kernel: [   24.792753] [VIN_NODE]:[L239][C0]vin_node_video_set_attr done
Feb 28 09:14:02 localhost kernel: [   24.792756] [VPF ops]:[L689][vin0_cap][C0] vpf_video_set_init_attr: done
Feb 28 09:14:02 localhost kernel: [   24.792765] vin vcon0: vcon0 open 0: flow65535 ctx0 real
Feb 28 09:14:02 localhost kernel: [   24.792770] [L624][S65535][C0][ipi0]cim_subdev_init hw_id = 0
Feb 28 09:14:02 localhost kernel: [   24.792775] [CIM]:[L247][C0]cim_video_set_attr done ret val:0
Feb 28 09:14:02 localhost kernel: [   24.792780] vin vcon0: get attr valid bus7 rx0 done
Feb 28 09:14:02 localhost kernel: [   24.792784] [L423][C0] vin_node_set_attr ipi 0 done
Feb 28 09:14:02 localhost kernel: [   24.792787] [VIN_NODE]:[L239][C0]vin_node_video_set_attr done
Feb 28 09:14:02 localhost kernel: [   24.792791] [VIO node]:[L104][vin0] vio_group_task_start: sched_mode 1
Feb 28 09:14:02 localhost kernel: [   24.792795] [VPF ops]:[L689][vin0_src][C0] vpf_video_set_init_attr: done
Feb 28 09:14:02 localhost kernel: [   24.792800] [CIM]:[L247][C0]cim_video_set_attr done ret val:0
Feb 28 09:14:02 localhost kernel: [   24.792803] [L423][C0] vin_node_set_attr ipi 0 done
Feb 28 09:14:02 localhost kernel: [   24.792806] [VIN_NODE]:[L239][C0]vin_node_video_set_attr done
Feb 28 09:14:02 localhost kernel: [   24.792810] [VPF ops]:[L689][vin0_emb][C0] vpf_video_set_init_attr: done
Feb 28 09:14:02 localhost kernel: [   24.792815] [CIM]:[L247][C0]cim_video_set_attr done ret val:0
Feb 28 09:14:02 localhost kernel: [   24.792818] [L423][C0] vin_node_set_attr ipi 0 done
Feb 28 09:14:02 localhost kernel: [   24.792822] [VIN_NODE]:[L239][C0]vin_node_video_set_attr done
Feb 28 09:14:02 localhost kernel: [   24.792825] [VPF ops]:[L689][vin0_pdaf][C0] vpf_video_set_init_attr: done
Feb 28 09:14:02 localhost kernel: [   24.792830] [VPF ops]:[L1079][vin0_src][C0] vpf_video_get_struct_size: done
Feb 28 09:14:02 localhost kernel: [   24.792837] [L709][S65535] vin_node_set_ichn_attr begin format 30 width 640 
Feb 28 09:14:02 localhost kernel: [   24.792844] [L527][S0][ipi0]cim_set_ichn_attr done
Feb 28 09:14:02 localhost kernel: [   24.792849] [CIM]:[L309][S0]cim_video_set_ichn_attr done ret val:0
Feb 28 09:14:02 localhost kernel: [   24.792852] [L724][S0]vin_node_set_ichn_attr done
Feb 28 09:14:02 localhost kernel: [   24.792856] [VIN_NODE]:[L427][C0]vin_node_video_set_ichn_attr done
Feb 28 09:14:02 localhost kernel: [   24.792861] [L1023][S0] vin_node_reqbufs done bit_map 0x1 planecount 0 
Feb 28 09:14:02 localhost kernel: [   24.792865] [VIN_NODE]:[L743][C0]vin_node_video_reqbufs done
Feb 28 09:14:02 localhost kernel: [   24.792882] [VPF ops]:[L1193][F0] vpf_fill_frame_info: L0 use width instead of wstride
Feb 28 09:14:02 localhost kernel: [   24.792886] [VPF ops]:[L1197][F0] vpf_fill_frame_info: L0 use height instead of vstride
Feb 28 09:14:02 localhost kernel: [   24.792891] [VPF ops]:[L1193][F1] vpf_fill_frame_info: L0 use width instead of wstride
Feb 28 09:14:02 localhost kernel: [   24.792895] [VPF ops]:[L1197][F1] vpf_fill_frame_info: L0 use height instead of vstride
Feb 28 09:14:02 localhost kernel: [   24.792899] [VPF ops]:[L1193][F2] vpf_fill_frame_info: L0 use width instead of wstride
Feb 28 09:14:02 localhost kernel: [   24.792902] [VPF ops]:[L1197][F2] vpf_fill_frame_info: L0 use height instead of vstride
Feb 28 09:14:02 localhost kernel: [   24.792906] [VPF ops]:[L1193][F3] vpf_fill_frame_info: L0 use width instead of wstride
Feb 28 09:14:02 localhost kernel: [   24.792910] [VPF ops]:[L1197][F3] vpf_fill_frame_info: L0 use height instead of vstride
Feb 28 09:14:02 localhost kernel: [   24.792914] [VPF ops]:[L1193][F4] vpf_fill_frame_info: L0 use width instead of wstride
Feb 28 09:14:02 localhost kernel: [   24.792917] [VPF ops]:[L1197][F4] vpf_fill_frame_info: L0 use height instead of vstride
Feb 28 09:14:02 localhost kernel: [   24.792921] [VPF ops]:[L1193][F5] vpf_fill_frame_info: L0 use width instead of wstride
Feb 28 09:14:02 localhost kernel: [   24.792924] [VPF ops]:[L1197][F5] vpf_fill_frame_info: L0 use height instead of vstride
Feb 28 09:14:02 localhost kernel: [   24.792928] [VPF ops]:[L1193][F6] vpf_fill_frame_info: L0 use width instead of wstride
Feb 28 09:14:02 localhost kernel: [   24.792931] [VPF ops]:[L1197][F6] vpf_fill_frame_info: L0 use height instead of vstride
Feb 28 09:14:02 localhost kernel: [   24.792935] [VPF ops]:[L1193][F7] vpf_fill_frame_info: L0 use width instead of wstride
Feb 28 09:14:02 localhost kernel: [   24.792939] [VPF ops]:[L1197][F7] vpf_fill_frame_info: L0 use height instead of vstride
Feb 28 09:14:02 localhost kernel: [   24.792942] [VPF ops]:[L1193][F8] vpf_fill_frame_info: L0 use width instead of wstride
Feb 28 09:14:02 localhost kernel: [   24.792946] [VPF ops]:[L1197][F8] vpf_fill_frame_info: L0 use height instead of vstride
Feb 28 09:14:02 localhost kernel: [   24.792950] [VPF ops]:[L1193][F9] vpf_fill_frame_info: L0 use width instead of wstride
Feb 28 09:14:02 localhost kernel: [   24.792954] [VPF ops]:[L1197][F9] vpf_fill_frame_info: L0 use height instead of vstride
Feb 28 09:14:02 localhost kernel: [   24.792957] [VPF ops]:[L1193][F10] vpf_fill_frame_info: L0 use width instead of wstride
Feb 28 09:14:02 localhost kernel: [   24.792961] [VPF ops]:[L1197][F10] vpf_fill_frame_info: L0 use height instead of vstride
Feb 28 09:14:02 localhost kernel: [   24.792965] [VPF ops]:[L1193][F11] vpf_fill_frame_info: L0 use width instead of wstride
Feb 28 09:14:02 localhost kernel: [   24.792968] [VPF ops]:[L1197][F11] vpf_fill_frame_info: L0 use height instead of vstride
Feb 28 09:14:02 localhost kernel: [   24.792972] [VPF ops]:[L1193][F12] vpf_fill_frame_info: L0 use width instead of wstride
Feb 28 09:14:02 localhost kernel: [   24.792975] [VPF ops]:[L1197][F12] vpf_fill_frame_info: L0 use height instead of vstride
Feb 28 09:14:02 localhost kernel: [   24.792979] [VPF ops]:[L1193][F13] vpf_fill_frame_info: L0 use width instead of wstride
Feb 28 09:14:02 localhost kernel: [   24.792983] [VPF ops]:[L1197][F13] vpf_fill_frame_info: L0 use height instead of vstride
Feb 28 09:14:02 localhost kernel: [   24.792987] [VPF ops]:[L1193][F14] vpf_fill_frame_info: L0 use width instead of wstride
Feb 28 09:14:02 localhost kernel: [   24.792990] [VPF ops]:[L1197][F14] vpf_fill_frame_info: L0 use height instead of vstride
Feb 28 09:14:02 localhost kernel: [   24.792994] [VPF ops]:[L1193][F15] vpf_fill_frame_info: L0 use width instead of wstride
Feb 28 09:14:02 localhost kernel: [   24.792998] [VPF ops]:[L1197][F15] vpf_fill_frame_info: L0 use height instead of vstride
Feb 28 09:14:02 localhost kernel: [   24.793001] [VPF ops]:[L1325][vin0_src][C0] vpf_request_frames: reqbuf number 16
Feb 28 09:14:02 localhost kernel: [   24.793007] [VPF ops]:[L850][vin0_src][C0] vpf_video_set_ichn_attr: done
Feb 28 09:14:02 localhost kernel: [   24.793014] [VPF ops]:[L1079][vin0_src][C0] vpf_video_get_struct_size: done
Feb 28 09:14:02 localhost kernel: [   24.793022] [L236][S0] ochn0 auto calc vstride 480
Feb 28 09:14:02 localhost kernel: [   24.793028] [L160]vin_basic_attr->format:30
Feb 28 09:14:02 localhost kernel: [   24.793032] [L425][S0][ipi0][ochn0]cim_set_ochn_attr done
Feb 28 09:14:02 localhost kernel: [   24.793036] [CIM]:[L340][S0]cim_video_set_ochn_attr done ret val:0
Feb 28 09:14:02 localhost kernel: [   24.793040] [L652][S0]vin_node_set_ochn_attr done
Feb 28 09:14:02 localhost kernel: [   24.793044] [VIN_NODE]:[L364][C0]vin_node_video_set_ochn_attr done
Feb 28 09:14:02 localhost kernel: [   24.793048] [L975]VNODE_ID_CAP wstride 1280
Feb 28 09:14:02 localhost kernel: [   24.793050] [L977]VNODE_ID_CAP vstride 480
Feb 28 09:14:02 localhost kernel: [   24.793053] [L981]vstride 480  planecount 1 
Feb 28 09:14:02 localhost kernel: [   24.793057] [L1023][S0] vin_node_reqbufs done bit_map 0x1 planecount 1 
Feb 28 09:14:02 localhost kernel: [   24.793060] [VIN_NODE]:[L743][C0]vin_node_video_reqbufs done
Feb 28 09:14:02 localhost kernel: [   24.793072] [VPF ops]:[L1325][vin0_cap][C0] vpf_request_frames: reqbuf number 16
Feb 28 09:14:02 localhost kernel: [   24.793077] [VPF ops]:[L978][vin0_cap][C0] vpf_video_set_ochn_attr: done
Feb 28 09:14:02 localhost kernel: [   24.793086] [VPF ops]:[L1079][vin0_src][C0] vpf_video_get_struct_size: done
Feb 28 09:14:02 localhost kernel: [   24.793100] vin mipi0: snrclk set freq cmd
Feb 28 09:14:02 localhost kernel: [   24.793116] vin mipi0: sensor0_mclk set 24000000 as 24000000
Feb 28 09:14:02 localhost kernel: [   24.793122] vin mipi0: snrclk set en cmd
Feb 28 09:14:02 localhost kernel: [   24.793126] vin mipi0: snrclk set enable
Feb 28 09:14:02 localhost kernel: [   24.793156] [L517][S0]vin_node_set_attr_ex done
Feb 28 09:14:02 localhost kernel: [   24.793162] [VIN_NODE]:[L324][C0]vin_node_video_set_attr_ex done
Feb 28 09:14:02 localhost kernel: [   24.793166] [VPF ops]:[L763][vin0_src][C0] vpf_video_set_attr_ex: done
Feb 28 09:14:02 localhost kernel: [   24.793173] [L517][S0]vin_node_set_attr_ex done
Feb 28 09:14:02 localhost kernel: [   24.793176] [VIN_NODE]:[L324][C0]vin_node_video_set_attr_ex done
Feb 28 09:14:02 localhost kernel: [   24.793179] [VPF ops]:[L763][vin0_cap][C0] vpf_video_set_attr_ex: done
Feb 28 09:14:02 localhost kernel: [   24.793189] [L975]VNODE_ID_CAP wstride 1280
Feb 28 09:14:02 localhost kernel: [   24.793192] [L977]VNODE_ID_CAP vstride 480
Feb 28 09:14:02 localhost kernel: [   24.793195] [L981]vstride 480  planecount 1 
Feb 28 09:14:02 localhost kernel: [   24.793198] [L1023][S0] vin_node_reqbufs done bit_map 0x1 planecount 1 
Feb 28 09:14:02 localhost kernel: [   24.793202] [VIN_NODE]:[L743][C0]vin_node_video_reqbufs done
Feb 28 09:14:02 localhost kernel: [   24.793211] [VPF ops]:[L1325][vin0_cap][C0] vpf_request_frames: reqbuf number 3
Feb 28 09:14:02 localhost kernel: [   24.793329] [VPF ops]:[L1464][vin0_cap][C0] vpf_video_reqbufs: done
Feb 28 09:14:02 localhost kernel: [   24.793354] [VPF ops]:[L2066][vin0_cap][C0] vpf_video_querybuf: done
Feb 28 09:14:02 localhost kernel: [   24.793575] [VPF ops]:[L2066][vin0_cap][C0] vpf_video_querybuf: done
Feb 28 09:14:02 localhost kernel: [   24.793661] [VPF ops]:[L2066][vin0_cap][C0] vpf_video_querybuf: done
Feb 28 09:14:02 localhost kernel: [   24.793750] [VPF ops]:[L2575][flow] vpf_device_open: done
Feb 28 09:14:02 localhost kernel: [   24.793763] [VPF ops]:[L1031][flow][C0] vpf_video_get_version: done
Feb 28 09:14:02 localhost kernel: [   24.793769] [VPF ops]:[L360][S1] vpf_bind_chain: bind done
Feb 28 09:14:02 localhost kernel: [   24.793783] [VPF ops]:[L2223][flow][C1] vpf_video_bind_pipeline: done
Feb 28 09:14:02 localhost kernel: [   24.793792] [VPF ops]:[L1685][vin0_src][S1][C0] vpf_chain_add_vnode: done
Feb 28 09:14:02 localhost kernel: [   24.793797] [VPF ops]:[L1825][vin0_src][C0] vpf_video_add_vnode: done
Feb 28 09:14:02 localhost kernel: [   24.793996] [CIM]:[L419][S0]cim_video_get_attr done ret val:0
Feb 28 09:14:02 localhost kernel: [   24.794007] vin vcon0: get attr valid bus7 rx0 done
Feb 28 09:14:02 localhost kernel: [   24.794011] [L306][S0]vin_node_get_attr done
Feb 28 09:14:02 localhost kernel: [   24.794015] [VIN_NODE]:[L286][C0]vin_node_video_get_attr done
Feb 28 09:14:02 localhost kernel: [   24.794143] vin sensor1: camera_init_req cmd: initing
Feb 28 09:14:02 localhost kernel: [   24.974172] vin sensor0: sc132gs open i2c7@0x32
Feb 28 09:14:02 localhost kernel: [   24.974196] vin sensor0: camera_tuning_update_param done
Feb 28 09:14:02 localhost kernel: [   24.974642] vin sensor0: ctrl_mode set to user
Feb 28 09:14:02 localhost kernel: [   24.974724] vin sensor0: camera_init_result cmd: done wake
Feb 28 09:14:02 localhost kernel: [   24.974751] vin sensor0: sensor_evu_do: default to wait
Feb 28 09:14:02 localhost kernel: [   24.974797] vin sensor0: camera_set_intrinsic_param port 0 done
Feb 28 09:14:02 localhost kernel: [   24.974948] vin sensor0: sensor_attach flow0 ctx0 to sensor0 sc132gs
Feb 28 09:14:02 localhost kernel: [   24.974956] vin vcon2: flow0.ctx0 attach sensor0 done
Feb 28 09:14:02 localhost kernel: [   24.974961] vin vcon2: set internal attr attach done
Feb 28 09:14:02 localhost kernel: [   24.974976] vin mipi2: init cmd: 0 real
Feb 28 09:14:02 localhost kernel: [   24.974985] vin mipi2: 1 lane 1088x1280 30fps datatype 0x2b
Feb 28 09:14:02 localhost kernel: [   24.974991] vin mipi2: snrclk set disable
Feb 28 09:14:02 localhost kernel: [   24.975013] vin mipi2: ipiclk limit 21000000 up to 600000000
Feb 28 09:14:02 localhost kernel: [   24.975029] vin mipi2: ipiclk set 600000000 get 600000000
Feb 28 09:14:02 localhost kernel: [   24.975035] vin mipi2: dphy 1200Mbps/1lane: ppi 8bit settle 20
Feb 28 09:14:02 localhost kernel: [   24.986500] [VPF mgr]:[L478]empty_camsys_reset: empty function
Feb 28 09:14:02 localhost kernel: [   24.986523] [L1228]cim_open open_cnt :1
Feb 28 09:14:02 localhost kernel: [   24.986528] [CIM]:[L192][S0]cim_video_open done ret val:0
Feb 28 09:14:02 localhost kernel: [   24.986532] [L1227][S0]vin_node_open done
Feb 28 09:14:02 localhost kernel: [   24.986537] [VIN_NODE]:[L694][C0]vin_node_video_open done
Feb 28 09:14:02 localhost kernel: [   24.986541] [VPF ops]:[L2575][vin1_src] vpf_device_open: done
Feb 28 09:14:02 localhost kernel: [   24.986560] [L1228]cim_open open_cnt :2
Feb 28 09:14:02 localhost kernel: [   24.986563] [CIM]:[L192][S0]cim_video_open done ret val:0
Feb 28 09:14:02 localhost kernel: [   24.986567] [L1227][S0]vin_node_open done
Feb 28 09:14:02 localhost kernel: [   24.986570] [VIN_NODE]:[L694][C0]vin_node_video_open done
Feb 28 09:14:02 localhost kernel: [   24.986573] [VPF ops]:[L2575][vin1_cap] vpf_device_open: done
Feb 28 09:14:02 localhost kernel: [   24.986586] [L1228]cim_open open_cnt :3
Feb 28 09:14:02 localhost kernel: [   24.986589] [CIM]:[L192][S0]cim_video_open done ret val:0
Feb 28 09:14:02 localhost kernel: [   24.986593] [L1227][S0]vin_node_open done
Feb 28 09:14:02 localhost kernel: [   24.986599] [VIN_NODE]:[L694][C0]vin_node_video_open done
Feb 28 09:14:02 localhost kernel: [   24.986603] [VPF ops]:[L2575][vin1_emb] vpf_device_open: done
Feb 28 09:14:02 localhost kernel: [   24.986616] [L1228]cim_open open_cnt :4
Feb 28 09:14:02 localhost kernel: [   24.986619] [CIM]:[L192][S0]cim_video_open done ret val:0
Feb 28 09:14:02 localhost kernel: [   24.986622] [L1227][S0]vin_node_open done
Feb 28 09:14:02 localhost kernel: [   24.986626] [VIN_NODE]:[L694][C0]vin_node_video_open done
Feb 28 09:14:02 localhost kernel: [   24.986629] [VPF ops]:[L2575][vin1_pdaf] vpf_device_open: done
Feb 28 09:14:02 localhost kernel: [   24.986639] [VPF ops]:[L439][vin1_src][C0] vpf_vctx_bind_vdev: done, ctx_index(0) refcount(1)
Feb 28 09:14:02 localhost kernel: [   24.986647] [VPF ops]:[L1875][vin1_src][C0] vpf_video_bind_context: done
Feb 28 09:14:02 localhost kernel: [   24.986654] [VPF ops]:[L439][vin1_cap][C0] vpf_vctx_bind_vdev: done, ctx_index(0) refcount(1)
Feb 28 09:14:02 localhost kernel: [   24.986658] [VPF ops]:[L1875][vin1_cap][C0] vpf_video_bind_context: done
Feb 28 09:14:02 localhost kernel: [   24.986663] [VPF ops]:[L439][vin1_emb][C0] vpf_vctx_bind_vdev: done, ctx_index(0) refcount(1)
Feb 28 09:14:02 localhost kernel: [   24.986668] [VPF ops]:[L1875][vin1_emb][C0] vpf_video_bind_context: done
Feb 28 09:14:02 localhost kernel: [   24.986673] [VPF ops]:[L439][vin1_pdaf][C0] vpf_vctx_bind_vdev: done, ctx_index(0) refcount(1)
Feb 28 09:14:02 localhost kernel: [   24.986678] [VPF ops]:[L1875][vin1_pdaf][C0] vpf_video_bind_context: done
Feb 28 09:14:02 localhost kernel: [   24.986686] [VIN_NODE]:[L38]The vin node driver version is v1.1
Feb 28 09:14:02 localhost kernel: [   24.986690] [VPF ops]:[L1031][vin1_src][C0] vpf_video_get_version: done
Feb 28 09:14:02 localhost kernel: [   24.986702] [VPF ops]:[L1079][vin1_src][C0] vpf_video_get_struct_size: done
Feb 28 09:14:02 localhost kernel: [   24.986711] [CIM]:[L247][C0]cim_video_set_attr done ret val:0
Feb 28 09:14:02 localhost kernel: [   24.986715] [L423][C0] vin_node_set_attr ipi 0 done
Feb 28 09:14:02 localhost kernel: [   24.986719] [VIN_NODE]:[L239][C0]vin_node_video_set_attr done
Feb 28 09:14:02 localhost kernel: [   24.986723] [VPF ops]:[L689][vin1_cap][C0] vpf_video_set_init_attr: done
Feb 28 09:14:02 localhost kernel: [   24.986731] vin vcon1: vcon1 open 0: flow65535 ctx0 real
Feb 28 09:14:02 localhost kernel: [   24.986737] [L624][S65535][C0][ipi0]cim_subdev_init hw_id = 1
Feb 28 09:14:02 localhost kernel: [   24.986742] [CIM]:[L247][C0]cim_video_set_attr done ret val:0
Feb 28 09:14:02 localhost kernel: [   24.986746] vin vcon1: get attr valid bus4 rx1 done
Feb 28 09:14:02 localhost kernel: [   24.986751] [L423][C0] vin_node_set_attr ipi 0 done
Feb 28 09:14:02 localhost kernel: [   24.986754] [VIN_NODE]:[L239][C0]vin_node_video_set_attr done
Feb 28 09:14:02 localhost kernel: [   24.986758] [VIO node]:[L104][vin1] vio_group_task_start: sched_mode 1
Feb 28 09:14:02 localhost kernel: [   24.986765] [VPF ops]:[L689][vin1_src][C0] vpf_video_set_init_attr: done
Feb 28 09:14:02 localhost kernel: [   24.986770] [CIM]:[L247][C0]cim_video_set_attr done ret val:0
Feb 28 09:14:02 localhost kernel: [   24.986774] [L423][C0] vin_node_set_attr ipi 0 done
Feb 28 09:14:02 localhost kernel: [   24.986777] [VIN_NODE]:[L239][C0]vin_node_video_set_attr done
Feb 28 09:14:02 localhost kernel: [   24.986780] [VPF ops]:[L689][vin1_emb][C0] vpf_video_set_init_attr: done
Feb 28 09:14:02 localhost kernel: [   24.986785] [CIM]:[L247][C0]cim_video_set_attr done ret val:0
Feb 28 09:14:02 localhost kernel: [   24.986789] [L423][C0] vin_node_set_attr ipi 0 done
Feb 28 09:14:02 localhost kernel: [   24.986792] [VIN_NODE]:[L239][C0]vin_node_video_set_attr done
Feb 28 09:14:02 localhost kernel: [   24.986795] [VPF ops]:[L689][vin1_pdaf][C0] vpf_video_set_init_attr: done
Feb 28 09:14:02 localhost kernel: [   24.986800] [VPF ops]:[L1079][vin1_src][C0] vpf_video_get_struct_size: done
Feb 28 09:14:02 localhost kernel: [   24.986807] [L709][S65535] vin_node_set_ichn_attr begin format 30 width 640 
Feb 28 09:14:02 localhost kernel: [   24.986814] [L527][S0][ipi0]cim_set_ichn_attr done
Feb 28 09:14:02 localhost kernel: [   24.986818] [CIM]:[L309][S0]cim_video_set_ichn_attr done ret val:0
Feb 28 09:14:02 localhost kernel: [   24.986822] [L724][S0]vin_node_set_ichn_attr done
Feb 28 09:14:02 localhost kernel: [   24.986825] [VIN_NODE]:[L427][C0]vin_node_video_set_ichn_attr done
Feb 28 09:14:02 localhost kernel: [   24.986830] [L1023][S0] vin_node_reqbufs done bit_map 0x1 planecount 0 
Feb 28 09:14:02 localhost kernel: [   24.986834] [VIN_NODE]:[L743][C0]vin_node_video_reqbufs done
Feb 28 09:14:02 localhost kernel: [   24.986846] [VPF ops]:[L1193][F0] vpf_fill_frame_info: L0 use width instead of wstride
Feb 28 09:14:02 localhost kernel: [   24.986853] [VPF ops]:[L1197][F0] vpf_fill_frame_info: L0 use height instead of vstride
Feb 28 09:14:02 localhost kernel: [   24.986858] [VPF ops]:[L1193][F1] vpf_fill_frame_info: L0 use width instead of wstride
Feb 28 09:14:02 localhost kernel: [   24.986862] [VPF ops]:[L1197][F1] vpf_fill_frame_info: L0 use height instead of vstride
Feb 28 09:14:02 localhost kernel: [   24.986865] [VPF ops]:[L1193][F2] vpf_fill_frame_info: L0 use width instead of wstride
Feb 28 09:14:02 localhost kernel: [   24.986869] [VPF ops]:[L1197][F2] vpf_fill_frame_info: L0 use height instead of vstride
Feb 28 09:14:02 localhost kernel: [   24.986873] [VPF ops]:[L1193][F3] vpf_fill_frame_info: L0 use width instead of wstride
Feb 28 09:14:02 localhost kernel: [   24.986877] [VPF ops]:[L1197][F3] vpf_fill_frame_info: L0 use height instead of vstride
Feb 28 09:14:02 localhost kernel: [   24.986880] [VPF ops]:[L1193][F4] vpf_fill_frame_info: L0 use width instead of wstride
Feb 28 09:14:02 localhost kernel: [   24.986884] [VPF ops]:[L1197][F4] vpf_fill_frame_info: L0 use height instead of vstride
Feb 28 09:14:02 localhost kernel: [   24.986888] [VPF ops]:[L1193][F5] vpf_fill_frame_info: L0 use width instead of wstride
Feb 28 09:14:02 localhost kernel: [   24.986891] [VPF ops]:[L1197][F5] vpf_fill_frame_info: L0 use height instead of vstride
Feb 28 09:14:02 localhost kernel: [   24.986895] [VPF ops]:[L1193][F6] vpf_fill_frame_info: L0 use width instead of wstride
Feb 28 09:14:02 localhost kernel: [   24.986898] [VPF ops]:[L1197][F6] vpf_fill_frame_info: L0 use height instead of vstride
Feb 28 09:14:02 localhost kernel: [   24.986903] [VPF ops]:[L1193][F7] vpf_fill_frame_info: L0 use width instead of wstride
Feb 28 09:14:02 localhost kernel: [   24.986906] [VPF ops]:[L1197][F7] vpf_fill_frame_info: L0 use height instead of vstride
Feb 28 09:14:02 localhost kernel: [   24.986910] [VPF ops]:[L1193][F8] vpf_fill_frame_info: L0 use width instead of wstride
Feb 28 09:14:02 localhost kernel: [   24.986914] [VPF ops]:[L1197][F8] vpf_fill_frame_info: L0 use height instead of vstride
Feb 28 09:14:02 localhost kernel: [   24.986918] [VPF ops]:[L1193][F9] vpf_fill_frame_info: L0 use width instead of wstride
Feb 28 09:14:02 localhost kernel: [   24.986921] [VPF ops]:[L1197][F9] vpf_fill_frame_info: L0 use height instead of vstride
Feb 28 09:14:02 localhost kernel: [   24.986925] [VPF ops]:[L1193][F10] vpf_fill_frame_info: L0 use width instead of wstride
Feb 28 09:14:02 localhost kernel: [   24.986929] [VPF ops]:[L1197][F10] vpf_fill_frame_info: L0 use height instead of vstride
Feb 28 09:14:02 localhost kernel: [   24.986935] [VPF ops]:[L1193][F11] vpf_fill_frame_info: L0 use width instead of wstride
Feb 28 09:14:02 localhost kernel: [   24.986939] [VPF ops]:[L1197][F11] vpf_fill_frame_info: L0 use height instead of vstride
Feb 28 09:14:02 localhost kernel: [   24.986943] [VPF ops]:[L1193][F12] vpf_fill_frame_info: L0 use width instead of wstride
Feb 28 09:14:02 localhost kernel: [   24.986946] [VPF ops]:[L1197][F12] vpf_fill_frame_info: L0 use height instead of vstride
Feb 28 09:14:02 localhost kernel: [   24.986950] [VPF ops]:[L1193][F13] vpf_fill_frame_info: L0 use width instead of wstride
Feb 28 09:14:02 localhost kernel: [   24.986954] [VPF ops]:[L1197][F13] vpf_fill_frame_info: L0 use height instead of vstride
Feb 28 09:14:02 localhost kernel: [   24.986957] [VPF ops]:[L1193][F14] vpf_fill_frame_info: L0 use width instead of wstride
Feb 28 09:14:02 localhost kernel: [   24.986961] [VPF ops]:[L1197][F14] vpf_fill_frame_info: L0 use height instead of vstride
Feb 28 09:14:02 localhost kernel: [   24.986965] [VPF ops]:[L1193][F15] vpf_fill_frame_info: L0 use width instead of wstride
Feb 28 09:14:02 localhost kernel: [   24.986968] [VPF ops]:[L1197][F15] vpf_fill_frame_info: L0 use height instead of vstride
Feb 28 09:14:02 localhost kernel: [   24.986972] [VPF ops]:[L1325][vin1_src][C0] vpf_request_frames: reqbuf number 16
Feb 28 09:14:02 localhost kernel: [   24.986977] [VPF ops]:[L850][vin1_src][C0] vpf_video_set_ichn_attr: done
Feb 28 09:14:02 localhost kernel: [   24.986985] [VPF ops]:[L1079][vin1_src][C0] vpf_video_get_struct_size: done
Feb 28 09:14:02 localhost kernel: [   24.986992] [L236][S0] ochn0 auto calc vstride 480
Feb 28 09:14:02 localhost kernel: [   24.986997] [L160]vin_basic_attr->format:30
Feb 28 09:14:02 localhost kernel: [   24.987002] [L425][S0][ipi0][ochn0]cim_set_ochn_attr done
Feb 28 09:14:02 localhost kernel: [   24.987007] [CIM]:[L340][S0]cim_video_set_ochn_attr done ret val:0
Feb 28 09:14:02 localhost kernel: [   24.987010] [L652][S0]vin_node_set_ochn_attr done
Feb 28 09:14:02 localhost kernel: [   24.987014] [VIN_NODE]:[L364][C0]vin_node_video_set_ochn_attr done
Feb 28 09:14:02 localhost kernel: [   24.987021] [L975]VNODE_ID_CAP wstride 1280
Feb 28 09:14:02 localhost kernel: [   24.987024] [L977]VNODE_ID_CAP vstride 480
Feb 28 09:14:02 localhost kernel: [   24.987027] [L981]vstride 480  planecount 1 
Feb 28 09:14:02 localhost kernel: [   24.987031] [L1023][S0] vin_node_reqbufs done bit_map 0x1 planecount 1 
Feb 28 09:14:02 localhost kernel: [   24.987035] [VIN_NODE]:[L743][C0]vin_node_video_reqbufs done
Feb 28 09:14:02 localhost kernel: [   24.987046] [VPF ops]:[L1325][vin1_cap][C0] vpf_request_frames: reqbuf number 16
Feb 28 09:14:02 localhost kernel: [   24.987050] [VPF ops]:[L978][vin1_cap][C0] vpf_video_set_ochn_attr: done
Feb 28 09:14:02 localhost kernel: [   24.987058] [VPF ops]:[L1079][vin1_src][C0] vpf_video_get_struct_size: done
Feb 28 09:14:02 localhost kernel: [   24.987071] vin mipi1: snrclk set freq cmd
Feb 28 09:14:02 localhost kernel: [   24.987085] vin mipi1: sensor1_mclk set 24000000 as 24000000
Feb 28 09:14:02 localhost kernel: [   24.987091] vin mipi1: snrclk set en cmd
Feb 28 09:14:02 localhost kernel: [   24.987095] vin mipi1: snrclk set enable
Feb 28 09:14:02 localhost kernel: [   24.987115] [L517][S0]vin_node_set_attr_ex done
Feb 28 09:14:02 localhost kernel: [   24.987119] [VIN_NODE]:[L324][C0]vin_node_video_set_attr_ex done
Feb 28 09:14:02 localhost kernel: [   24.987123] [VPF ops]:[L763][vin1_src][C0] vpf_video_set_attr_ex: done
Feb 28 09:14:02 localhost kernel: [   24.987129] [L517][S0]vin_node_set_attr_ex done
Feb 28 09:14:02 localhost kernel: [   24.987132] [VIN_NODE]:[L324][C0]vin_node_video_set_attr_ex done
Feb 28 09:14:02 localhost kernel: [   24.987136] [VPF ops]:[L763][vin1_cap][C0] vpf_video_set_attr_ex: done
Feb 28 09:14:02 localhost kernel: [   24.987143] [L975]VNODE_ID_CAP wstride 1280
Feb 28 09:14:02 localhost kernel: [   24.987146] [L977]VNODE_ID_CAP vstride 480
Feb 28 09:14:02 localhost kernel: [   24.987148] [L981]vstride 480  planecount 1 
Feb 28 09:14:02 localhost kernel: [   24.987152] [L1023][S0] vin_node_reqbufs done bit_map 0x1 planecount 1 
Feb 28 09:14:02 localhost kernel: [   24.987156] [VIN_NODE]:[L743][C0]vin_node_video_reqbufs done
Feb 28 09:14:02 localhost kernel: [   24.987166] [VPF ops]:[L1325][vin1_cap][C0] vpf_request_frames: reqbuf number 3
Feb 28 09:14:02 localhost kernel: [   24.987284] [VPF ops]:[L1464][vin1_cap][C0] vpf_video_reqbufs: done
Feb 28 09:14:02 localhost kernel: [   24.987306] [VPF ops]:[L2066][vin1_cap][C0] vpf_video_querybuf: done
Feb 28 09:14:02 localhost kernel: [   24.987482] [VPF ops]:[L2066][vin1_cap][C0] vpf_video_querybuf: done
Feb 28 09:14:02 localhost kernel: [   24.987686] [VPF ops]:[L2066][vin1_cap][C0] vpf_video_querybuf: done
Feb 28 09:14:02 localhost kernel: [   24.987776] [VPF ops]:[L2575][flow] vpf_device_open: done
Feb 28 09:14:02 localhost kernel: [   24.987788] [VPF ops]:[L1031][flow][C0] vpf_video_get_version: done
Feb 28 09:14:02 localhost kernel: [   24.987795] [VPF ops]:[L360][S2] vpf_bind_chain: bind done
Feb 28 09:14:02 localhost kernel: [   24.987808] [VPF ops]:[L2223][flow][C2] vpf_video_bind_pipeline: done
Feb 28 09:14:02 localhost kernel: [   24.987817] [VPF ops]:[L1685][vin1_src][S2][C0] vpf_chain_add_vnode: done
Feb 28 09:14:02 localhost kernel: [   24.987822] [VPF ops]:[L1825][vin1_src][C0] vpf_video_add_vnode: done
Feb 28 09:14:02 localhost kernel: [   24.988019] [CIM]:[L419][S0]cim_video_get_attr done ret val:0
Feb 28 09:14:02 localhost kernel: [   24.988029] vin vcon1: get attr valid bus4 rx1 done
Feb 28 09:14:02 localhost kernel: [   24.988034] [L306][S0]vin_node_get_attr done
Feb 28 09:14:02 localhost kernel: [   24.988038] [VIN_NODE]:[L286][C0]vin_node_video_get_attr done
Feb 28 09:14:02 localhost kernel: [   24.988278] vin sensor2: camera_init_req cmd: initing
Feb 28 09:14:02 localhost kernel: [   25.008063] vin mipi2: linelenth: 1400, framelenth: 1500, fps: 30, ipiclk: 600000000, rx_bit_clk: 1200000000
Feb 28 09:14:02 localhost kernel: [   25.008087] vin mipi2: ipi config hsa: 4, hbp: 4, hsd: 42
Feb 28 09:14:02 localhost kernel: [   25.008094] vin mipi2: config 1/1 ipi done
Feb 28 09:14:02 localhost kernel: [   25.008098] vin mipi2: check phy stop state
Feb 28 09:14:02 localhost kernel: [   25.011110] [L587][S0]vin_node_set_internal_attr done
Feb 28 09:14:02 localhost kernel: [   25.011120] [VIN_NODE]:[L514][C0]vin_node_video_set_internal_attr done
Feb 28 09:14:02 localhost kernel: [   25.011127] [L1023][S0] vin_node_reqbufs done bit_map 0x1 planecount 1 
Feb 28 09:14:02 localhost kernel: [   25.011132] [VIN_NODE]:[L743][C0]vin_node_video_reqbufs done
Feb 28 09:14:02 localhost kernel: [   25.011136] [VPF ops]:[L1005][vin2_src][C0] vpf_video_set_inter_attr: done
Feb 28 09:14:02 localhost kernel: [   25.011158] isp_video_set_inter_attr flow_id = 0, sensor_name = sc132gs, sensor_cali_name = /app/BestMow/startup_script/sensor_config/darktime/sc132gs_tuning_left.json
Feb 28 09:14:02 localhost kernel: [   25.057800] vin sensor1: camera_init_result cmd: done wake
Feb 28 09:14:02 localhost kernel: [   25.057836] vin sensor1: sensor_evu_do: default to wait
Feb 28 09:14:02 localhost kernel: [   25.057880] vin sensor1: camera_set_intrinsic_param port 1 done
Feb 28 09:14:02 localhost kernel: [   25.057922] vin sensor1: sensor_attach flow1 ctx0 to sensor1 
Feb 28 09:14:02 localhost kernel: [   25.057928] vin vcon0: flow1.ctx0 attach sensor1 done
Feb 28 09:14:02 localhost kernel: [   25.057933] vin vcon0: set internal attr attach done
Feb 28 09:14:02 localhost kernel: [   25.057948] vin mipi0: init cmd: 0 real
Feb 28 09:14:02 localhost kernel: [   25.057957] vin mipi0: 1 lane 640x480 10fps datatype 0x1e
Feb 28 09:14:02 localhost kernel: [   25.057964] vin mipi0: snrclk set disable
Feb 28 09:14:02 localhost kernel: [   25.057985] vin mipi0: ipiclk limit 27027000 up to 600000000
Feb 28 09:14:02 localhost kernel: [   25.058002] vin mipi0: ipiclk set 600000000 get 600000000
Feb 28 09:14:02 localhost kernel: [   25.058008] vin mipi0: dphy 432Mbps/1lane: ppi 8bit settle 8
Feb 28 09:14:02 localhost kernel: [   25.091034] vin mipi0: linelenth: 858, framelenth: 3150, fps: 10, ipiclk: 600000000, rx_bit_clk: 432000000
Feb 28 09:14:02 localhost kernel: [   25.091056] vin mipi0: ipi config hsa: 4, hbp: 4, hsd: 98
Feb 28 09:14:02 localhost kernel: [   25.091064] vin mipi0: config 1/1 ipi done
Feb 28 09:14:02 localhost kernel: [   25.091068] vin mipi0: check phy stop state
Feb 28 09:14:02 localhost kernel: [   25.094078] [L587][S0]vin_node_set_internal_attr done
Feb 28 09:14:02 localhost kernel: [   25.094084] [VIN_NODE]:[L514][C0]vin_node_video_set_internal_attr done
Feb 28 09:14:02 localhost kernel: [   25.094090] [L1023][S0] vin_node_reqbufs done bit_map 0x1 planecount 0 
Feb 28 09:14:02 localhost kernel: [   25.094095] [VIN_NODE]:[L743][C0]vin_node_video_reqbufs done
Feb 28 09:14:02 localhost kernel: [   25.094099] [VPF ops]:[L1005][vin0_src][C0] vpf_video_set_inter_attr: done
Feb 28 09:14:02 localhost kernel: [   25.094231] [VPF chain]:[L279]vio_chain_path_show: [S1] vin0_C0*(dma)
Feb 28 09:14:02 localhost kernel: [   25.094241] [VPF ops]:[L632][vin0_cap][S1] vpf_prepare_buffers: done
Feb 28 09:14:02 localhost kernel: [   25.094246] [VPF ops]:[L1639][vin0_cap][S1][C0] vpf_video_start: done start_cnt 1
Feb 28 09:14:02 localhost kernel: [   25.094255] [L716][S0][ipi0]cim_subdev_start ddr_en and ochn request bufs
Feb 28 09:14:02 localhost kernel: [   25.094269] [L757][S1]cim_subdev_start
Feb 28 09:14:02 localhost kernel: [   25.094272] [CIM]:[L113][S0]cim_video_streamon done ret val:0
Feb 28 09:14:02 localhost kernel: [   25.097599] vin sensor1: sensor_evk_do: wait to doing
Feb 28 09:14:02 localhost kernel: [   25.100289] vin sensor1: sensor_evk_do: done to finish
Feb 28 09:14:02 localhost kernel: [   25.100305] vin sensor1: sensor_start  flow1 start done
Feb 28 09:14:02 localhost kernel: [   25.100310] vin vcon0: sensor1 start real done
Feb 28 09:14:02 localhost kernel: [   25.100320] vin mipi0: start cmd: 0 real
Feb 28 09:14:02 localhost kernel: [   25.100325] vin mipi0: check hs reception
Feb 28 09:14:02 localhost kernel: [   25.233766] dw-apb-uart 34080000.serial: failed to request DMA
Feb 28 09:14:02 localhost kernel: [   25.255456] vin mipi0: entry hs reception
Feb 28 09:14:02 localhost kernel: [   25.255490] [L1096][S0]vin_node_start done
Feb 28 09:14:02 localhost kernel: [   25.255495] [VIN_NODE]:[L546][C0]vin_node_video_streamon done
Feb 28 09:14:02 localhost kernel: [   25.255501] [VPF ops]:[L1639][vin0_src][S1][C0] vpf_video_start: done start_cnt 2
Feb 28 09:14:02 localhost kernel: [   25.266185] vin sensor2: camera_init_result cmd: done wake
Feb 28 09:14:02 localhost kernel: [   25.266265] vin sensor2: camera_set_intrinsic_param port 2 done
Feb 28 09:14:02 localhost kernel: [   25.266308] vin sensor2: sensor_attach flow2 ctx0 to sensor2 
Feb 28 09:14:02 localhost kernel: [   25.266315] vin vcon1: flow2.ctx0 attach sensor2 done
Feb 28 09:14:02 localhost kernel: [   25.266320] vin vcon1: set internal attr attach done
Feb 28 09:14:02 localhost kernel: [   25.266334] vin mipi1: init cmd: 0 real
Feb 28 09:14:02 localhost kernel: [   25.266343] vin mipi1: 1 lane 640x480 10fps datatype 0x1e
Feb 28 09:14:02 localhost kernel: [   25.266350] vin mipi1: snrclk set disable
Feb 28 09:14:02 localhost kernel: [   25.266371] vin mipi1: ipiclk limit 27027000 up to 600000000
Feb 28 09:14:02 localhost kernel: [   25.266387] vin mipi1: ipiclk set 600000000 get 600000000
Feb 28 09:14:02 localhost kernel: [   25.266392] vin mipi1: dphy 432Mbps/1lane: ppi 8bit settle 40
Feb 28 09:14:02 localhost kernel: [   25.271102] vin sensor2: sensor_evu_do: default to wait
Feb 28 09:14:02 localhost kernel: [   25.299009] dw-apb-uart 34090000.serial: failed to request DMA
Feb 28 09:14:02 localhost kernel: [   25.302822] [VPF mgr]:[L478]empty_camsys_reset: empty function
Feb 28 09:14:02 localhost kernel: [   25.302844] [L1228]cim_open open_cnt :1
Feb 28 09:14:02 localhost kernel: [   25.302849] [CIM]:[L192][S0]cim_video_open done ret val:0
Feb 28 09:14:02 localhost kernel: [   25.302853] [L1227][S0]vin_node_open done
Feb 28 09:14:02 localhost kernel: [   25.302857] [VIN_NODE]:[L694][C0]vin_node_video_open done
Feb 28 09:14:02 localhost kernel: [   25.302861] [VPF ops]:[L2575][vin3_src] vpf_device_open: done
Feb 28 09:14:02 localhost kernel: [   25.302880] [L1228]cim_open open_cnt :2
Feb 28 09:14:02 localhost kernel: [   25.302883] [CIM]:[L192][S0]cim_video_open done ret val:0
Feb 28 09:14:02 localhost kernel: [   25.302887] [L1227][S0]vin_node_open done
Feb 28 09:14:02 localhost kernel: [   25.302890] [VIN_NODE]:[L694][C0]vin_node_video_open done
Feb 28 09:14:02 localhost kernel: [   25.302893] [VPF ops]:[L2575][vin3_cap] vpf_device_open: done
Feb 28 09:14:02 localhost kernel: [   25.302906] [L1228]cim_open open_cnt :3
Feb 28 09:14:02 localhost kernel: [   25.302910] [CIM]:[L192][S0]cim_video_open done ret val:0
Feb 28 09:14:02 localhost kernel: [   25.302913] [L1227][S0]vin_node_open done
Feb 28 09:14:02 localhost kernel: [   25.302916] [VIN_NODE]:[L694][C0]vin_node_video_open done
Feb 28 09:14:02 localhost kernel: [   25.302919] [VPF ops]:[L2575][vin3_emb] vpf_device_open: done
Feb 28 09:14:02 localhost kernel: [   25.302932] [L1228]cim_open open_cnt :4
Feb 28 09:14:02 localhost kernel: [   25.302935] [CIM]:[L192][S0]cim_video_open done ret val:0
Feb 28 09:14:02 localhost kernel: [   25.302939] [L1227][S0]vin_node_open done
Feb 28 09:14:02 localhost kernel: [   25.302942] [VIN_NODE]:[L694][C0]vin_node_video_open done
Feb 28 09:14:02 localhost kernel: [   25.302946] [VPF ops]:[L2575][vin3_pdaf] vpf_device_open: done
Feb 28 09:14:02 localhost kernel: [   25.302955] [VPF ops]:[L439][vin3_src][C0] vpf_vctx_bind_vdev: done, ctx_index(0) refcount(1)
Feb 28 09:14:02 localhost kernel: [   25.302964] [VPF ops]:[L1875][vin3_src][C0] vpf_video_bind_context: done
Feb 28 09:14:02 localhost kernel: [   25.302970] [VPF ops]:[L439][vin3_cap][C0] vpf_vctx_bind_vdev: done, ctx_index(0) refcount(1)
Feb 28 09:14:02 localhost kernel: [   25.302974] [VPF ops]:[L1875][vin3_cap][C0] vpf_video_bind_context: done
Feb 28 09:14:02 localhost kernel: [   25.302979] [VPF ops]:[L439][vin3_emb][C0] vpf_vctx_bind_vdev: done, ctx_index(0) refcount(1)
Feb 28 09:14:02 localhost kernel: [   25.302984] [VPF ops]:[L1875][vin3_emb][C0] vpf_video_bind_context: done
Feb 28 09:14:02 localhost kernel: [   25.302989] [VPF ops]:[L439][vin3_pdaf][C0] vpf_vctx_bind_vdev: done, ctx_index(0) refcount(1)
Feb 28 09:14:02 localhost kernel: [   25.302993] [VPF ops]:[L1875][vin3_pdaf][C0] vpf_video_bind_context: done
Feb 28 09:14:02 localhost kernel: [   25.302999] [VIN_NODE]:[L38]The vin node driver version is v1.1
Feb 28 09:14:02 localhost kernel: [   25.303002] [VPF ops]:[L1031][vin3_src][C0] vpf_video_get_version: done
Feb 28 09:14:02 localhost kernel: [   25.303014] [VPF ops]:[L1079][vin3_src][C0] vpf_video_get_struct_size: done
Feb 28 09:14:02 localhost kernel: [   25.303023] [CIM]:[L247][C0]cim_video_set_attr done ret val:0
Feb 28 09:14:02 localhost kernel: [   25.303027] [L423][C0] vin_node_set_attr ipi 0 done
Feb 28 09:14:02 localhost kernel: [   25.303031] [VIN_NODE]:[L239][C0]vin_node_video_set_attr done
Feb 28 09:14:02 localhost kernel: [   25.303035] [VPF ops]:[L689][vin3_cap][C0] vpf_video_set_init_attr: done
Feb 28 09:14:02 localhost kernel: [   25.303044] vin vcon3: vcon3 open 0: flow65535 ctx0 real
Feb 28 09:14:02 localhost kernel: [   25.303050] [L624][S65535][C0][ipi0]cim_subdev_init hw_id = 3
Feb 28 09:14:02 localhost kernel: [   25.303055] [CIM]:[L247][C0]cim_video_set_attr done ret val:0
Feb 28 09:14:02 localhost kernel: [   25.303060] vin vcon3: get attr valid bus7 rx3 done
Feb 28 09:14:02 localhost kernel: [   25.303065] [L423][C0] vin_node_set_attr ipi 0 done
Feb 28 09:14:02 localhost kernel: [   25.303068] [VIN_NODE]:[L239][C0]vin_node_video_set_attr done
Feb 28 09:14:02 localhost kernel: [   25.303071] [VIO node]:[L104][vin3] vio_group_task_start: sched_mode 1
Feb 28 09:14:02 localhost kernel: [   25.303076] [VPF ops]:[L689][vin3_src][C0] vpf_video_set_init_attr: done
Feb 28 09:14:02 localhost kernel: [   25.303081] [CIM]:[L247][C0]cim_video_set_attr done ret val:0
Feb 28 09:14:02 localhost kernel: [   25.303084] [L423][C0] vin_node_set_attr ipi 0 done
Feb 28 09:14:02 localhost kernel: [   25.303088] [VIN_NODE]:[L239][C0]vin_node_video_set_attr done
Feb 28 09:14:02 localhost kernel: [   25.303091] [VPF ops]:[L689][vin3_emb][C0] vpf_video_set_init_attr: done
Feb 28 09:14:02 localhost kernel: [   25.303095] [CIM]:[L247][C0]cim_video_set_attr done ret val:0
Feb 28 09:14:02 localhost kernel: [   25.303099] [L423][C0] vin_node_set_attr ipi 0 done
Feb 28 09:14:02 localhost kernel: [   25.303102] [VIN_NODE]:[L239][C0]vin_node_video_set_attr done
Feb 28 09:14:02 localhost kernel: [   25.303105] [VPF ops]:[L689][vin3_pdaf][C0] vpf_video_set_init_attr: done
Feb 28 09:14:02 localhost kernel: [   25.303111] [VPF ops]:[L1079][vin3_src][C0] vpf_video_get_struct_size: done
Feb 28 09:14:02 localhost kernel: [   25.303117] [L709][S65535] vin_node_set_ichn_attr begin format 43 width 1088 
Feb 28 09:14:02 localhost kernel: [   25.303125] [L527][S0][ipi0]cim_set_ichn_attr done
Feb 28 09:14:02 localhost kernel: [   25.303129] [CIM]:[L309][S0]cim_video_set_ichn_attr done ret val:0
Feb 28 09:14:02 localhost kernel: [   25.303133] [L724][S0]vin_node_set_ichn_attr done
Feb 28 09:14:02 localhost kernel: [   25.303136] [VIN_NODE]:[L427][C0]vin_node_video_set_ichn_attr done
Feb 28 09:14:02 localhost kernel: [   25.303142] [L1023][S0] vin_node_reqbufs done bit_map 0x1 planecount 1 
Feb 28 09:14:02 localhost kernel: [   25.303147] [VIN_NODE]:[L743][C0]vin_node_video_reqbufs done
Feb 28 09:14:02 localhost kernel: [   25.303167] [VPF ops]:[L1193][F0] vpf_fill_frame_info: L0 use width instead of wstride
Feb 28 09:14:02 localhost kernel: [   25.303172] [VPF ops]:[L1197][F0] vpf_fill_frame_info: L0 use height instead of vstride
Feb 28 09:14:02 localhost kernel: [   25.303177] [VPF ops]:[L1193][F1] vpf_fill_frame_info: L0 use width instead of wstride
Feb 28 09:14:02 localhost kernel: [   25.303180] [VPF ops]:[L1197][F1] vpf_fill_frame_info: L0 use height instead of vstride
Feb 28 09:14:02 localhost kernel: [   25.303184] [VPF ops]:[L1193][F2] vpf_fill_frame_info: L0 use width instead of wstride
Feb 28 09:14:02 localhost kernel: [   25.303188] [VPF ops]:[L1197][F2] vpf_fill_frame_info: L0 use height instead of vstride
Feb 28 09:14:02 localhost kernel: [   25.303192] [VPF ops]:[L1193][F3] vpf_fill_frame_info: L0 use width instead of wstride
Feb 28 09:14:02 localhost kernel: [   25.303195] [VPF ops]:[L1197][F3] vpf_fill_frame_info: L0 use height instead of vstride
Feb 28 09:14:02 localhost kernel: [   25.303199] [VPF ops]:[L1193][F4] vpf_fill_frame_info: L0 use width instead of wstride
Feb 28 09:14:02 localhost kernel: [   25.303203] [VPF ops]:[L1197][F4] vpf_fill_frame_info: L0 use height instead of vstride
Feb 28 09:14:02 localhost kernel: [   25.303207] [VPF ops]:[L1193][F5] vpf_fill_frame_info: L0 use width instead of wstride
Feb 28 09:14:02 localhost kernel: [   25.303210] [VPF ops]:[L1197][F5] vpf_fill_frame_info: L0 use height instead of vstride
Feb 28 09:14:02 localhost kernel: [   25.303214] [VPF ops]:[L1193][F6] vpf_fill_frame_info: L0 use width instead of wstride
Feb 28 09:14:02 localhost kernel: [   25.303218] [VPF ops]:[L1197][F6] vpf_fill_frame_info: L0 use height instead of vstride
Feb 28 09:14:02 localhost kernel: [   25.303222] [VPF ops]:[L1193][F7] vpf_fill_frame_info: L0 use width instead of wstride
Feb 28 09:14:02 localhost kernel: [   25.303225] [VPF ops]:[L1197][F7] vpf_fill_frame_info: L0 use height instead of vstride
Feb 28 09:14:02 localhost kernel: [   25.303230] [VPF ops]:[L1193][F8] vpf_fill_frame_info: L0 use width instead of wstride
Feb 28 09:14:02 localhost kernel: [   25.303233] [VPF ops]:[L1197][F8] vpf_fill_frame_info: L0 use height instead of vstride
Feb 28 09:14:02 localhost kernel: [   25.303237] [VPF ops]:[L1193][F9] vpf_fill_frame_info: L0 use width instead of wstride
Feb 28 09:14:02 localhost kernel: [   25.303240] [VPF ops]:[L1197][F9] vpf_fill_frame_info: L0 use height instead of vstride
Feb 28 09:14:02 localhost kernel: [   25.303244] [VPF ops]:[L1193][F10] vpf_fill_frame_info: L0 use width instead of wstride
Feb 28 09:14:02 localhost kernel: [   25.303248] [VPF ops]:[L1197][F10] vpf_fill_frame_info: L0 use height instead of vstride
Feb 28 09:14:02 localhost kernel: [   25.303251] [VPF ops]:[L1193][F11] vpf_fill_frame_info: L0 use width instead of wstride
Feb 28 09:14:02 localhost kernel: [   25.303255] [VPF ops]:[L1197][F11] vpf_fill_frame_info: L0 use height instead of vstride
Feb 28 09:14:02 localhost kernel: [   25.303259] [VPF ops]:[L1193][F12] vpf_fill_frame_info: L0 use width instead of wstride
Feb 28 09:14:02 localhost kernel: [   25.303262] [VPF ops]:[L1197][F12] vpf_fill_frame_info: L0 use height instead of vstride
Feb 28 09:14:02 localhost kernel: [   25.303266] [VPF ops]:[L1193][F13] vpf_fill_frame_info: L0 use width instead of wstride
Feb 28 09:14:02 localhost kernel: [   25.303270] [VPF ops]:[L1197][F13] vpf_fill_frame_info: L0 use height instead of vstride
Feb 28 09:14:02 localhost kernel: [   25.303274] [VPF ops]:[L1193][F14] vpf_fill_frame_info: L0 use width instead of wstride
Feb 28 09:14:02 localhost kernel: [   25.303277] [VPF ops]:[L1197][F14] vpf_fill_frame_info: L0 use height instead of vstride
Feb 28 09:14:02 localhost kernel: [   25.303281] [VPF ops]:[L1193][F15] vpf_fill_frame_info: L0 use width instead of wstride
Feb 28 09:14:02 localhost kernel: [   25.303285] [VPF ops]:[L1197][F15] vpf_fill_frame_info: L0 use height instead of vstride
Feb 28 09:14:02 localhost kernel: [   25.303289] [VPF ops]:[L1325][vin3_src][C0] vpf_request_frames: reqbuf number 16
Feb 28 09:14:02 localhost kernel: [   25.303294] [VPF ops]:[L850][vin3_src][C0] vpf_video_set_ichn_attr: done
Feb 28 09:14:02 localhost kernel: [   25.303303] [VPF ops]:[L1079][vin3_src][C0] vpf_video_get_struct_size: done
Feb 28 09:14:02 localhost kernel: [   25.303310] [L236][S0] ochn0 auto calc vstride 1280
Feb 28 09:14:02 localhost kernel: [   25.303315] [L160]vin_basic_attr->format:43
Feb 28 09:14:02 localhost kernel: [   25.303320] [L425][S0][ipi0][ochn0]cim_set_ochn_attr done
Feb 28 09:14:02 localhost kernel: [   25.303324] [CIM]:[L340][S0]cim_video_set_ochn_attr done ret val:0
Feb 28 09:14:02 localhost kernel: [   25.303328] [L652][S0]vin_node_set_ochn_attr done
Feb 28 09:14:02 localhost kernel: [   25.303332] [VIN_NODE]:[L364][C0]vin_node_video_set_ochn_attr done
Feb 28 09:14:02 localhost kernel: [   25.303336] [L975]VNODE_ID_CAP wstride 2176
Feb 28 09:14:02 localhost kernel: [   25.303339] [L977]VNODE_ID_CAP vstride 1280
Feb 28 09:14:02 localhost kernel: [   25.303342] [L981]vstride 1280  planecount 1 
Feb 28 09:14:02 localhost kernel: [   25.303350] [L1023][S0] vin_node_reqbufs done bit_map 0x1 planecount 1 
Feb 28 09:14:02 localhost kernel: [   25.303357] [VIN_NODE]:[L743][C0]vin_node_video_reqbufs done
Feb 28 09:14:02 localhost kernel: [   25.303371] [VPF ops]:[L1325][vin3_cap][C0] vpf_request_frames: reqbuf number 16
Feb 28 09:14:02 localhost kernel: [   25.303376] [VPF ops]:[L978][vin3_cap][C0] vpf_video_set_ochn_attr: done
Feb 28 09:14:02 localhost kernel: [   25.303385] [VPF ops]:[L1079][vin3_src][C0] vpf_video_get_struct_size: done
Feb 28 09:14:02 localhost kernel: [   25.303397] vin mipi3: snrclk set freq cmd
Feb 28 09:14:02 localhost kernel: [   25.303411] vin mipi3: sensor3_mclk set 24000000 as 24000000
Feb 28 09:14:02 localhost kernel: [   25.303416] vin mipi3: snrclk set en cmd
Feb 28 09:14:02 localhost kernel: [   25.303419] vin mipi3: snrclk set enable
Feb 28 09:14:02 localhost kernel: [   25.303438] [L517][S0]vin_node_set_attr_ex done
Feb 28 09:14:02 localhost kernel: [   25.303441] [VIN_NODE]:[L324][C0]vin_node_video_set_attr_ex done
Feb 28 09:14:02 localhost kernel: [   25.303445] [VPF ops]:[L763][vin3_src][C0] vpf_video_set_attr_ex: done
Feb 28 09:14:02 localhost kernel: [   25.303450] [L517][S0]vin_node_set_attr_ex done
Feb 28 09:14:02 localhost kernel: [   25.303454] [VIN_NODE]:[L324][C0]vin_node_video_set_attr_ex done
Feb 28 09:14:02 localhost kernel: [   25.303457] [VPF ops]:[L763][vin3_cap][C0] vpf_video_set_attr_ex: done
Feb 28 09:14:02 localhost kernel: [   25.303464] [L975]VNODE_ID_CAP wstride 2176
Feb 28 09:14:02 localhost kernel: [   25.303467] [L977]VNODE_ID_CAP vstride 1280
Feb 28 09:14:02 localhost kernel: [   25.303470] [L981]vstride 1280  planecount 1 
Feb 28 09:14:02 localhost kernel: [   25.303473] [L1023][S0] vin_node_reqbufs done bit_map 0x1 planecount 1 
Feb 28 09:14:02 localhost kernel: [   25.303477] [VIN_NODE]:[L743][C0]vin_node_video_reqbufs done
Feb 28 09:14:02 localhost kernel: [   25.303487] [VPF ops]:[L1325][vin3_cap][C0] vpf_request_frames: reqbuf number 3
Feb 28 09:14:02 localhost kernel: [   25.303617] [VPF ops]:[L1464][vin3_cap][C0] vpf_video_reqbufs: done
Feb 28 09:14:02 localhost kernel: [   25.303639] [VPF ops]:[L2066][vin3_cap][C0] vpf_video_querybuf: done
Feb 28 09:14:02 localhost kernel: [   25.303813] [VPF ops]:[L2066][vin3_cap][C0] vpf_video_querybuf: done
Feb 28 09:14:02 localhost kernel: [   25.303943] [VPF ops]:[L2066][vin3_cap][C0] vpf_video_querybuf: done
Feb 28 09:14:02 localhost kernel: [   25.304062] [VPF ops]:[L2575][vs-isp0_src] vpf_device_open: done
Feb 28 09:14:02 localhost kernel: [   25.304081] [VPF ops]:[L2575][vs-isp0_src_pd] vpf_device_open: done
Feb 28 09:14:02 localhost kernel: [   25.304094] [VPF ops]:[L2575][vs-isp0_cap] vpf_device_open: done
Feb 28 09:14:02 localhost kernel: [   25.304106] [VPF ops]:[L2575][vs-isp0_cap_raw] vpf_device_open: done
Feb 28 09:14:02 localhost kernel: [   25.304114] [VPF ops]:[L439][vs-isp0_src][C1] vpf_vctx_bind_vdev: done, ctx_index(0) refcount(1)
Feb 28 09:14:02 localhost kernel: [   25.304123] [VPF ops]:[L1875][vs-isp0_src][C1] vpf_video_bind_context: done
Feb 28 09:14:02 localhost kernel: [   25.304129] [VPF ops]:[L439][vs-isp0_src_pd][C1] vpf_vctx_bind_vdev: done, ctx_index(0) refcount(1)
Feb 28 09:14:02 localhost kernel: [   25.304133] [VPF ops]:[L1875][vs-isp0_src_pd][C1] vpf_video_bind_context: done
Feb 28 09:14:02 localhost kernel: [   25.304139] [VPF ops]:[L439][vs-isp0_cap][C1] vpf_vctx_bind_vdev: done, ctx_index(0) refcount(1)
Feb 28 09:14:02 localhost kernel: [   25.304143] [VPF ops]:[L1875][vs-isp0_cap][C1] vpf_video_bind_context: done
Feb 28 09:14:02 localhost kernel: [   25.304148] [VPF ops]:[L439][vs-isp0_cap_raw][C1] vpf_vctx_bind_vdev: done, ctx_index(0) refcount(1)
Feb 28 09:14:02 localhost kernel: [   25.304153] [VPF ops]:[L1875][vs-isp0_cap_raw][C1] vpf_video_bind_context: done
Feb 28 09:14:02 localhost kernel: [   25.304161] [VPF ops]:[L1079][vs-isp0_src][C1] vpf_video_get_struct_size: done
Feb 28 09:14:02 localhost kernel: [   25.304169] [VPF ops]:[L689][vs-isp0_cap][C1] vpf_video_set_init_attr: done
Feb 28 09:14:02 localhost kernel: [   25.304993] vin mipi1: linelenth: 858, framelenth: 3150, fps: 10, ipiclk: 600000000, rx_bit_clk: 432000000
Feb 28 09:14:02 localhost kernel: [   25.305011] vin mipi1: ipi config hsa: 4, hbp: 4, hsd: 98
Feb 28 09:14:02 localhost kernel: [   25.305019] vin mipi1: config 1/1 ipi done
Feb 28 09:14:02 localhost kernel: [   25.305024] vin mipi1: check phy stop state
Feb 28 09:14:02 localhost kernel: [   25.305037] [L587][S0]vin_node_set_internal_attr done
Feb 28 09:14:02 localhost kernel: [   25.305043] [VIN_NODE]:[L514][C0]vin_node_video_set_internal_attr done
Feb 28 09:14:02 localhost kernel: [   25.305050] [L1023][S0] vin_node_reqbufs done bit_map 0x1 planecount 0 
Feb 28 09:14:02 localhost kernel: [   25.305055] [VIN_NODE]:[L743][C0]vin_node_video_reqbufs done
Feb 28 09:14:02 localhost kernel: [   25.305059] [VPF ops]:[L1005][vin1_src][C0] vpf_video_set_inter_attr: done
Feb 28 09:14:02 localhost kernel: [   25.305112] [VPF chain]:[L279]vio_chain_path_show: [S2] vin1_C0*(dma)
Feb 28 09:14:02 localhost kernel: [   25.305122] [VPF ops]:[L632][vin1_cap][S2] vpf_prepare_buffers: done
Feb 28 09:14:02 localhost kernel: [   25.305126] [VPF ops]:[L1639][vin1_cap][S2][C0] vpf_video_start: done start_cnt 1
Feb 28 09:14:02 localhost kernel: [   25.305137] [L716][S0][ipi0]cim_subdev_start ddr_en and ochn request bufs
Feb 28 09:14:02 localhost kernel: [   25.305152] [L757][S2]cim_subdev_start
Feb 28 09:14:02 localhost kernel: [   25.305155] [CIM]:[L113][S0]cim_video_streamon done ret val:0
Feb 28 09:14:02 localhost kernel: [   25.305164] vin sensor2: sensor_evk_do: wait to doing
Feb 28 09:14:02 localhost kernel: [   25.309303] ctx_id 0, inst id 0, sensor /app/BestMow/startup_script/sensor_config/darktime/sc132gs_tuning_left.json
Feb 28 09:14:02 localhost kernel: [   25.309327] isp_video_reqbufs done bit_map 0x1 planecount 1 vctx->id:0
Feb 28 09:14:02 localhost kernel: [   25.309332] [VPF ops]:[L1005][vs-isp0_src][C0] vpf_video_set_inter_attr: done
Feb 28 09:14:02 localhost kernel: [   25.309494] [L899][S0][V8] vin_node chn_attr format(24) slod_id(0) width(1088) height(1280) wstride(2176) vstride(1280)
Feb 28 09:14:02 localhost kernel: [   25.309506] isp_allow_bind online_mode=0,bind_type=3
Feb 28 09:14:02 localhost kernel: [   25.309538] [VPF ops]:[L319][S0] vpf_bind_vnode: vin2_cap bind_type(3) vs-isp0_src
Feb 28 09:14:02 localhost kernel: [   25.309545] [VPF ops]:[L2258][flow][C0] vpf_video_bind_vnode: done
Feb 28 09:14:02 localhost kernel: [   25.309564] [VPF chain]:[L279]vio_chain_path_show: [S0] vin2_C0*(dma)-m2m-isp0_C0
Feb 28 09:14:02 localhost kernel: [   25.309573] [VPF ops]:[L632][vs-isp0_cap][S0] vpf_prepare_buffers: done
Feb 28 09:14:02 localhost kernel: [   25.309581] isp_video_streamon inst: 0, set isp state to STARTED
Feb 28 09:14:02 localhost kernel: [   25.310885] vin sensor2: sensor_evk_do: done to finish
Feb 28 09:14:02 localhost kernel: [   25.310900] vin sensor2: sensor_start  flow2 start done
Feb 28 09:14:02 localhost kernel: [   25.310906] vin vcon1: sensor2 start real done
Feb 28 09:14:02 localhost kernel: [   25.310918] vin mipi1: start cmd: 0 real
Feb 28 09:14:02 localhost kernel: [   25.310922] vin mipi1: check hs reception
Feb 28 09:14:02 localhost kernel: [   25.311835] [VPF ops]:[L689][vs-isp0_src][C1] vpf_video_set_init_attr: done
Feb 28 09:14:02 localhost kernel: [   25.311865] [VPF ops]:[L689][vs-isp0_src_pd][C1] vpf_video_set_init_attr: done
Feb 28 09:14:02 localhost kernel: [   25.311873] [VPF ops]:[L689][vs-isp0_cap_raw][C1] vpf_video_set_init_attr: done
Feb 28 09:14:02 localhost kernel: [   25.311886] [VPF ops]:[L1079][vs-isp0_src][C1] vpf_video_get_struct_size: done
Feb 28 09:14:02 localhost kernel: [   25.311901] isp_set_ochn_attr format=6,width=1088,stride=1088,height=1280
Feb 28 09:14:02 localhost kernel: [   25.314947] isp_video_reqbufs done bit_map 0x1 planecount 2 vctx->id:8
Feb 28 09:14:02 localhost kernel: [   25.314958] [VPF ops]:[L1639][vs-isp0_cap][S0][C0] vpf_video_start: done start_cnt 1
Feb 28 09:14:02 localhost kernel: [   25.314976] [VPF ops]:[L1325][vs-isp0_cap][C1] vpf_request_frames: reqbuf number 16
Feb 28 09:14:02 localhost kernel: [   25.314980] [VPF ops]:[L1639][vs-isp0_src][S0][C0] vpf_video_start: done start_cnt 2
Feb 28 09:14:02 localhost kernel: [   25.314983] [VPF ops]:[L978][vs-isp0_cap][C1] vpf_video_set_ochn_attr: done
Feb 28 09:14:02 localhost kernel: [   25.315004] [VPF ops]:[L1079][vs-isp0_src][C1] vpf_video_get_struct_size: done
Feb 28 09:14:02 localhost kernel: [   25.315005] [VPF ops]:[L632][vin2_cap][S0] vpf_prepare_buffers: done
Feb 28 09:14:02 localhost kernel: [   25.315011] [VPF ops]:[L1639][vin2_cap][S0][C0] vpf_video_start: done start_cnt 1
Feb 28 09:14:02 localhost kernel: [   25.315014] isp_video_set_ichn_attr format=2,width=1088,stride=2176,height=1280,hdr_en=0
Feb 28 09:14:02 localhost kernel: [   25.315020] [L716][S0][ipi0]cim_subdev_start ddr_en and ochn request bufs
Feb 28 09:14:02 localhost kernel: [   25.315035] [L757][S0]cim_subdev_start
Feb 28 09:14:02 localhost kernel: [   25.315039] [CIM]:[L113][S0]cim_video_streamon done ret val:0
Feb 28 09:14:02 localhost kernel: [   25.315048] vin sensor0: sensor_evk_do: wait to doing
Feb 28 09:14:02 localhost kernel: [   25.315166] isp_video_reqbufs done bit_map 0x1 planecount 1 vctx->id:0
Feb 28 09:14:02 localhost kernel: [   25.315188] [VPF ops]:[L1325][vs-isp0_src][C1] vpf_request_frames: reqbuf number 16
Feb 28 09:14:02 localhost kernel: [   25.315194] [VPF ops]:[L850][vs-isp0_src][C1] vpf_video_set_ichn_attr: done
Feb 28 09:14:02 localhost kernel: [   25.315208] isp_video_reqbufs done bit_map 0x1 planecount 2 vctx->id:8
Feb 28 09:14:02 localhost kernel: [   25.315218] [VPF ops]:[L1325][vs-isp0_cap][C1] vpf_request_frames: reqbuf number 3
Feb 28 09:14:02 localhost kernel: [   25.315341] [VPF ops]:[L1464][vs-isp0_cap][C1] vpf_video_reqbufs: done
Feb 28 09:14:02 localhost kernel: [   25.315385] [VPF ops]:[L2066][vs-isp0_cap][C1] vpf_video_querybuf: done
Feb 28 09:14:02 localhost kernel: [   25.315526] vin sensor0: sensor_evk_do: done to finish
Feb 28 09:14:02 localhost kernel: [   25.315535] vin sensor0: sensor_start sc132gs flow0 start done
Feb 28 09:14:02 localhost kernel: [   25.315540] vin vcon2: sensor0 start real done
Feb 28 09:14:02 localhost kernel: [   25.315549] vin mipi2: start cmd: 0 real
Feb 28 09:14:02 localhost kernel: [   25.315554] vin mipi2: check hs reception
Feb 28 09:14:02 localhost kernel: [   25.315597] [VPF ops]:[L2066][vs-isp0_cap][C1] vpf_video_querybuf: done
Feb 28 09:14:02 localhost kernel: [   25.315716] [VPF ops]:[L2066][vs-isp0_cap][C1] vpf_video_querybuf: done
Feb 28 09:14:02 localhost kernel: [   25.315842] [VPF ops]:[L2575][flow] vpf_device_open: done
Feb 28 09:14:02 localhost kernel: [   25.315854] [VPF ops]:[L1031][flow][C0] vpf_video_get_version: done
Feb 28 09:14:02 localhost kernel: [   25.315862] [VPF ops]:[L360][S3] vpf_bind_chain: bind done
Feb 28 09:14:02 localhost kernel: [   25.315876] [VPF ops]:[L2223][flow][C3] vpf_video_bind_pipeline: done
Feb 28 09:14:02 localhost kernel: [   25.315887] [VPF ops]:[L1685][vin3_src][S3][C0] vpf_chain_add_vnode: done
Feb 28 09:14:02 localhost kernel: [   25.315892] [VPF ops]:[L1825][vin3_src][C0] vpf_video_add_vnode: done
Feb 28 09:14:02 localhost kernel: [   25.315900] [VPF ops]:[L1685][vs-isp0_src][S3][C1] vpf_chain_add_vnode: done
Feb 28 09:14:02 localhost kernel: [   25.315903] [VPF ops]:[L1825][vs-isp0_src][C1] vpf_video_add_vnode: done
Feb 28 09:14:02 localhost kernel: [   25.316119] [CIM]:[L419][S0]cim_video_get_attr done ret val:0
Feb 28 09:14:02 localhost kernel: [   25.316129] vin vcon3: get attr valid bus7 rx3 done
Feb 28 09:14:02 localhost kernel: [   25.316133] [L306][S0]vin_node_get_attr done
Feb 28 09:14:02 localhost kernel: [   25.316138] [VIN_NODE]:[L286][C0]vin_node_video_get_attr done
Feb 28 09:14:03 localhost kernel: [   25.316261] vin sensor3: camera_init_req cmd: initing
Feb 28 09:14:03 localhost kernel: [   25.338634] vin mipi2: entry hs reception
Feb 28 09:14:03 localhost kernel: [   25.338668] [L1096][S0]vin_node_start done
Feb 28 09:14:03 localhost kernel: [   25.338673] [VIN_NODE]:[L546][C0]vin_node_video_streamon done
Feb 28 09:14:03 localhost kernel: [   25.338678] [VPF ops]:[L1639][vin2_src][S0][C0] vpf_video_start: done start_cnt 2
Feb 28 09:14:03 localhost kernel: [   25.453523] vin mipi0: irq status 0x8
Feb 28 09:14:03 localhost kernel: [   25.454019] vin mipi0:   seq_frm_fatal: 0x1
Feb 28 09:14:03 localhost kernel: [   25.470627] vin mipi1: entry hs reception
Feb 28 09:14:03 localhost kernel: [   25.470660] [L1096][S0]vin_node_start done
Feb 28 09:14:03 localhost kernel: [   25.470666] [VIN_NODE]:[L546][C0]vin_node_video_streamon done
Feb 28 09:14:03 localhost kernel: [   25.470673] [VPF ops]:[L1639][vin1_src][S2][C0] vpf_video_start: done start_cnt 2
Feb 28 09:14:03 localhost kernel: [   25.583015] vin sensor3: sc132gs open i2c7@0x33
Feb 28 09:14:03 localhost kernel: [   25.583040] vin sensor3: camera_tuning_update_param done
Feb 28 09:14:03 localhost kernel: [   25.583461] vin sensor3: camera_init_result cmd: done wake
Feb 28 09:14:03 localhost kernel: [   25.583525] vin sensor3: sensor_evu_do: default to wait
Feb 28 09:14:03 localhost kernel: [   25.583530] vin sensor3: camera_set_intrinsic_param port 3 done
Feb 28 09:14:03 localhost kernel: [   25.583574] vin sensor3: sensor_attach flow3 ctx0 to sensor3 sc132gs
Feb 28 09:14:03 localhost kernel: [   25.583581] vin vcon3: flow3.ctx0 attach sensor3 done
Feb 28 09:14:03 localhost kernel: [   25.583586] vin vcon3: set internal attr attach done
Feb 28 09:14:03 localhost kernel: [   25.583600] vin mipi3: init cmd: 0 real
Feb 28 09:14:03 localhost kernel: [   25.583609] vin mipi3: 1 lane 1088x1280 30fps datatype 0x2b
Feb 28 09:14:03 localhost kernel: [   25.583615] vin mipi3: snrclk set disable
Feb 28 09:14:03 localhost kernel: [   25.583636] vin mipi3: ipiclk limit 21000000 up to 600000000
Feb 28 09:14:03 localhost kernel: [   25.583652] vin mipi3: ipiclk set 600000000 get 600000000
Feb 28 09:14:03 localhost kernel: [   25.583657] vin mipi3: dphy 1200Mbps/1lane: ppi 8bit settle 20
Feb 28 09:14:03 localhost kernel: [   25.586984] vin sensor3: ctrl_mode set to user
Feb 28 09:14:03 localhost kernel: [   25.616726] vin mipi3: linelenth: 1400, framelenth: 1500, fps: 30, ipiclk: 600000000, rx_bit_clk: 1200000000
Feb 28 09:14:03 localhost kernel: [   25.616749] vin mipi3: ipi config hsa: 4, hbp: 4, hsd: 42
Feb 28 09:14:03 localhost kernel: [   25.616757] vin mipi3: config 1/1 ipi done
Feb 28 09:14:03 localhost kernel: [   25.616761] vin mipi3: check phy stop state
Feb 28 09:14:03 localhost kernel: [   25.616769] [L587][S0]vin_node_set_internal_attr done
Feb 28 09:14:03 localhost kernel: [   25.616774] [VIN_NODE]:[L514][C0]vin_node_video_set_internal_attr done
Feb 28 09:14:03 localhost kernel: [   25.616785] [L1023][S0] vin_node_reqbufs done bit_map 0x1 planecount 1 
Feb 28 09:14:03 localhost kernel: [   25.616790] [VIN_NODE]:[L743][C0]vin_node_video_reqbufs done
Feb 28 09:14:03 localhost kernel: [   25.616795] [VPF ops]:[L1005][vin3_src][C0] vpf_video_set_inter_attr: done
Feb 28 09:14:03 localhost kernel: [   25.616819] isp_video_set_inter_attr flow_id = 3, sensor_name = sc132gs, sensor_cali_name = /app/BestMow/startup_script/sensor_config/darktime/sc132gs_tuning_right.json
Feb 28 09:14:03 localhost kernel: [   25.897491] ctx_id 1, inst id 1, sensor /app/BestMow/startup_script/sensor_config/darktime/sc132gs_tuning_right.json
Feb 28 09:14:03 localhost kernel: [   25.897516] isp_video_reqbufs done bit_map 0x1 planecount 1 vctx->id:0
Feb 28 09:14:03 localhost kernel: [   25.897522] [VPF ops]:[L1005][vs-isp0_src][C1] vpf_video_set_inter_attr: done
Feb 28 09:14:03 localhost kernel: [   25.897578] [L899][S0][V8] vin_node chn_attr format(24) slod_id(0) width(1088) height(1280) wstride(2176) vstride(1280)
Feb 28 09:14:03 localhost kernel: [   25.897586] isp_allow_bind online_mode=0,bind_type=3
Feb 28 09:14:03 localhost kernel: [   25.897616] [VPF ops]:[L319][S3] vpf_bind_vnode: vin3_cap bind_type(3) vs-isp0_src
Feb 28 09:14:03 localhost kernel: [   25.897621] [VPF ops]:[L2258][flow][C3] vpf_video_bind_vnode: done
Feb 28 09:14:03 localhost kernel: [   25.897636] [VPF chain]:[L279]vio_chain_path_show: [S3] vin3_C0*(dma)-m2m-isp0_C1
Feb 28 09:14:03 localhost kernel: [   25.897673] [VPF ops]:[L632][vs-isp0_cap][S3] vpf_prepare_buffers: done
Feb 28 09:14:03 localhost kernel: [   25.897681] isp_video_streamon inst: 1, set isp state to STARTED
Feb 28 09:14:03 localhost kernel: [   25.899688] [VPF ops]:[L1639][vs-isp0_cap][S3][C1] vpf_video_start: done start_cnt 1
Feb 28 09:14:03 localhost kernel: [   25.899737] [VPF ops]:[L1639][vs-isp0_src][S3][C1] vpf_video_start: done start_cnt 2
Feb 28 09:14:03 localhost kernel: [   25.899756] [VPF ops]:[L632][vin3_cap][S3] vpf_prepare_buffers: done
Feb 28 09:14:03 localhost kernel: [   25.899761] [VPF ops]:[L1639][vin3_cap][S3][C0] vpf_video_start: done start_cnt 1
Feb 28 09:14:03 localhost kernel: [   25.899771] [L716][S0][ipi0]cim_subdev_start ddr_en and ochn request bufs
Feb 28 09:14:03 localhost kernel: [   25.899785] [L757][S3]cim_subdev_start
Feb 28 09:14:03 localhost kernel: [   25.899789] [CIM]:[L113][S0]cim_video_streamon done ret val:0
Feb 28 09:14:03 localhost kernel: [   25.899797] vin sensor3: sensor_evk_do: wait to doing
Feb 28 09:14:03 localhost kernel: [   25.900234] vin sensor3: sensor_evk_do: done to finish
Feb 28 09:14:03 localhost kernel: [   25.900240] vin sensor3: sensor_start sc132gs flow3 start done
Feb 28 09:14:03 localhost kernel: [   25.900244] vin vcon3: sensor3 start real done
Feb 28 09:14:03 localhost kernel: [   25.900252] vin mipi3: start cmd: 0 real
Feb 28 09:14:03 localhost kernel: [   25.900257] vin mipi3: check hs reception
Feb 28 09:14:03 localhost kernel: [   25.921268] vin mipi3: entry hs reception
Feb 28 09:14:03 localhost kernel: [   25.921292] [L1096][S0]vin_node_start done
Feb 28 09:14:03 localhost kernel: [   25.921296] [VIN_NODE]:[L546][C0]vin_node_video_streamon done
Feb 28 09:14:03 localhost kernel: [   25.921300] [VPF ops]:[L1639][vin3_src][S3][C0] vpf_video_start: done start_cnt 2
Feb 28 09:14:05 localhost kernel: [   27.482542] hobot_jpu_dev: [JPUDRV]jpu_alloc_instance_id:1821: [-]JDI_IOCTL_ALLOCATE_INSTANCE_ID id = 0, current_pid=2170, tgid=1919
Feb 28 09:14:05 localhost kernel: [   27.489955] hobot_jpu_dev: [JPUDRV]jpu_alloc_instance_id:1821: [-]JDI_IOCTL_ALLOCATE_INSTANCE_ID id = 1, current_pid=2170, tgid=1919
Feb 28 09:14:05 localhost kernel: [   27.496918] [GDC ops]:[L87][gdc0_src][C0] gdc_subdev_open: cnt 1
Feb 28 09:14:05 localhost kernel: [   27.496940] [VPF ops]:[L2575][gdc0_src] vpf_device_open: done
Feb 28 09:14:05 localhost kernel: [   27.496962] [GDC ops]:[L87][gdc0_cap][C0] gdc_subdev_open: cnt 2
Feb 28 09:14:05 localhost kernel: [   27.496967] [VPF ops]:[L2575][gdc0_cap] vpf_device_open: done
Feb 28 09:14:05 localhost kernel: [   27.496976] [VPF ops]:[L1031][gdc0_src][C0] vpf_video_get_version: done
Feb 28 09:14:05 localhost kernel: [   27.496986] [VPF ops]:[L439][gdc0_src][C0] vpf_vctx_bind_vdev: done, ctx_index(0) refcount(1)
Feb 28 09:14:05 localhost kernel: [   27.496994] [VPF ops]:[L1875][gdc0_src][C0] vpf_video_bind_context: done
Feb 28 09:14:05 localhost kernel: [   27.496999] [VPF ops]:[L439][gdc0_cap][C0] vpf_vctx_bind_vdev: done, ctx_index(0) refcount(1)
Feb 28 09:14:05 localhost kernel: [   27.497004] [VPF ops]:[L1875][gdc0_cap][C0] vpf_video_bind_context: done
Feb 28 09:14:05 localhost kernel: [   27.497060] [VPF ops]:[L1079][gdc0_src][C0] vpf_video_get_struct_size: done
Feb 28 09:14:05 localhost kernel: [   27.497069] [VPF ops]:[L689][gdc0_cap][C0] vpf_video_set_init_attr: done
Feb 28 09:14:05 localhost kernel: [   27.497098] [VIO node]:[L104][gdc0] vio_group_task_start: sched_mode 1
Feb 28 09:14:05 localhost kernel: [   27.497104] [VPF ops]:[L689][gdc0_src][C0] vpf_video_set_init_attr: done
Feb 28 09:14:05 localhost kernel: [   27.497132] [VPF ops]:[L1079][gdc0_src][C0] vpf_video_get_struct_size: done
Feb 28 09:14:05 localhost kernel: [   27.497161] [VPF ops]:[L1325][gdc0_src][C0] vpf_request_frames: reqbuf number 16
Feb 28 09:14:05 localhost kernel: [   27.497169] [VPF ops]:[L850][gdc0_src][C0] vpf_video_set_ichn_attr: done
Feb 28 09:14:05 localhost kernel: [   27.497205] [VPF ops]:[L1079][gdc0_src][C0] vpf_video_get_struct_size: done
Feb 28 09:14:05 localhost kernel: [   27.497224] [VPF ops]:[L1325][gdc0_cap][C0] vpf_request_frames: reqbuf number 16
Feb 28 09:14:05 localhost kernel: [   27.497229] [VPF ops]:[L978][gdc0_cap][C0] vpf_video_set_ochn_attr: done
Feb 28 09:14:05 localhost kernel: [   27.497258] [VPF ops]:[L1325][gdc0_cap][C0] vpf_request_frames: reqbuf number 3
Feb 28 09:14:05 localhost kernel: [   27.497382] [VPF ops]:[L1464][gdc0_cap][C0] vpf_video_reqbufs: done
Feb 28 09:14:05 localhost kernel: [   27.497408] [VPF ops]:[L2066][gdc0_cap][C0] vpf_video_querybuf: done
Feb 28 09:14:05 localhost kernel: [   27.497636] [VPF ops]:[L2066][gdc0_cap][C0] vpf_video_querybuf: done
Feb 28 09:14:05 localhost kernel: [   27.497764] [VPF ops]:[L2066][gdc0_cap][C0] vpf_video_querybuf: done
Feb 28 09:14:05 localhost kernel: [   27.497948] [VPF ops]:[L2575][flow] vpf_device_open: done
Feb 28 09:14:05 localhost kernel: [   27.497965] [VPF ops]:[L1031][flow][C0] vpf_video_get_version: done
Feb 28 09:14:05 localhost kernel: [   27.497972] [VPF ops]:[L360][S4] vpf_bind_chain: bind done
Feb 28 09:14:05 localhost kernel: [   27.497986] [VPF ops]:[L2223][flow][C4] vpf_video_bind_pipeline: done
Feb 28 09:14:05 localhost kernel: [   27.498031] [VPF ops]:[L1685][gdc0_src][S4][C0] vpf_chain_add_vnode: done
Feb 28 09:14:05 localhost kernel: [   27.498036] [VPF ops]:[L1825][gdc0_src][C0] vpf_video_add_vnode: done
Feb 28 09:14:05 localhost kernel: [   27.498068] [VPF chain]:[L279]vio_chain_path_show: [S4] gdc0_C0
Feb 28 09:14:05 localhost kernel: [   27.498075] [VPF ops]:[L632][gdc0_cap][S4] vpf_prepare_buffers: done
Feb 28 09:14:05 localhost kernel: [   27.498081] [GDC dev]:[L398][gdc0_cap][S4][C0] gdc_video_streamon leader 0
Feb 28 09:14:05 localhost kernel: [   27.498086] [VPF ops]:[L1639][gdc0_cap][S4][C0] vpf_video_start: done start_cnt 1
Feb 28 09:14:05 localhost kernel: [   27.498093] [GDC dev]:[L398][gdc0_src][S4][C0] gdc_video_streamon leader 1
Feb 28 09:14:05 localhost kernel: [   27.498097] [VPF ops]:[L1639][gdc0_src][S4][C0] vpf_video_start: done start_cnt 2
Feb 28 09:14:05 localhost kernel: [   27.498358] [GDC ops]:[L87][gdc0_src][C0] gdc_subdev_open: cnt 3
Feb 28 09:14:05 localhost kernel: [   27.498369] [VPF ops]:[L2575][gdc0_src] vpf_device_open: done
Feb 28 09:14:05 localhost kernel: [   27.498387] [GDC ops]:[L87][gdc0_cap][C0] gdc_subdev_open: cnt 4
Feb 28 09:14:05 localhost kernel: [   27.498392] [VPF ops]:[L2575][gdc0_cap] vpf_device_open: done
Feb 28 09:14:05 localhost kernel: [   27.498400] [VPF ops]:[L1031][gdc0_src][C0] vpf_video_get_version: done
Feb 28 09:14:05 localhost kernel: [   27.498408] [VPF ops]:[L439][gdc0_src][C1] vpf_vctx_bind_vdev: done, ctx_index(0) refcount(1)
Feb 28 09:14:05 localhost kernel: [   27.498416] [VPF ops]:[L1875][gdc0_src][C1] vpf_video_bind_context: done
Feb 28 09:14:05 localhost kernel: [   27.498422] [VPF ops]:[L439][gdc0_cap][C1] vpf_vctx_bind_vdev: done, ctx_index(0) refcount(1)
Feb 28 09:14:05 localhost kernel: [   27.498426] [VPF ops]:[L1875][gdc0_cap][C1] vpf_video_bind_context: done
Feb 28 09:14:05 localhost kernel: [   27.506210] [VPF ops]:[L1079][gdc0_src][C1] vpf_video_get_struct_size: done
Feb 28 09:14:05 localhost kernel: [   27.506238] [VPF ops]:[L689][gdc0_cap][C1] vpf_video_set_init_attr: done
Feb 28 09:14:05 localhost kernel: [   27.506266] [VPF ops]:[L689][gdc0_src][C1] vpf_video_set_init_attr: done
Feb 28 09:14:05 localhost kernel: [   27.506275] [VPF ops]:[L1079][gdc0_src][C1] vpf_video_get_struct_size: done
Feb 28 09:14:05 localhost kernel: [   27.506296] [VPF ops]:[L1325][gdc0_src][C1] vpf_request_frames: reqbuf number 16
Feb 28 09:14:05 localhost kernel: [   27.506303] [VPF ops]:[L850][gdc0_src][C1] vpf_video_set_ichn_attr: done
Feb 28 09:14:05 localhost kernel: [   27.506310] [VPF ops]:[L1079][gdc0_src][C1] vpf_video_get_struct_size: done
Feb 28 09:14:05 localhost kernel: [   27.506325] [VPF ops]:[L1325][gdc0_cap][C1] vpf_request_frames: reqbuf number 16
Feb 28 09:14:05 localhost kernel: [   27.506330] [VPF ops]:[L978][gdc0_cap][C1] vpf_video_set_ochn_attr: done
Feb 28 09:14:05 localhost kernel: [   27.506343] [VPF ops]:[L1325][gdc0_cap][C1] vpf_request_frames: reqbuf number 3
Feb 28 09:14:05 localhost kernel: [   27.506447] [VPF ops]:[L1464][gdc0_cap][C1] vpf_video_reqbufs: done
Feb 28 09:14:05 localhost kernel: [   27.506472] [VPF ops]:[L2066][gdc0_cap][C1] vpf_video_querybuf: done
Feb 28 09:14:05 localhost kernel: [   27.506609] [VPF ops]:[L2066][gdc0_cap][C1] vpf_video_querybuf: done
Feb 28 09:14:05 localhost kernel: [   27.506692] [VPF ops]:[L2066][gdc0_cap][C1] vpf_video_querybuf: done
Feb 28 09:14:05 localhost kernel: [   27.506974] [VPF ops]:[L2575][flow] vpf_device_open: done
Feb 28 09:14:05 localhost kernel: [   27.506988] [VPF ops]:[L1031][flow][C0] vpf_video_get_version: done
Feb 28 09:14:05 localhost kernel: [   27.506995] [VPF ops]:[L360][S5] vpf_bind_chain: bind done
Feb 28 09:14:05 localhost kernel: [   27.507011] [VPF ops]:[L2223][flow][C5] vpf_video_bind_pipeline: done
Feb 28 09:14:05 localhost kernel: [   27.507023] [VPF ops]:[L1685][gdc0_src][S5][C1] vpf_chain_add_vnode: done
Feb 28 09:14:05 localhost kernel: [   27.507028] [VPF ops]:[L1825][gdc0_src][C1] vpf_video_add_vnode: done
Feb 28 09:14:05 localhost kernel: [   27.507039] [VPF chain]:[L279]vio_chain_path_show: [S5] gdc0_C1
Feb 28 09:14:05 localhost kernel: [   27.507046] [VPF ops]:[L632][gdc0_cap][S5] vpf_prepare_buffers: done
Feb 28 09:14:05 localhost kernel: [   27.507052] [GDC dev]:[L398][gdc0_cap][S5][C1] gdc_video_streamon leader 0
Feb 28 09:14:05 localhost kernel: [   27.507057] [VPF ops]:[L1639][gdc0_cap][S5][C1] vpf_video_start: done start_cnt 1
Feb 28 09:14:05 localhost kernel: [   27.507063] [GDC dev]:[L398][gdc0_src][S5][C1] gdc_video_streamon leader 1
Feb 28 09:14:05 localhost kernel: [   27.507067] [VPF ops]:[L1639][gdc0_src][S5][C1] vpf_video_start: done start_cnt 2
Feb 28 09:14:05 localhost kernel: [   27.507345] [VPF ops]:[L2575][vs-vse0_src] vpf_device_open: done
Feb 28 09:14:05 localhost kernel: [   27.507372] [VPF ops]:[L2575][vs-vse0_cap0] vpf_device_open: done
Feb 28 09:14:05 localhost kernel: [   27.507386] [VPF ops]:[L2575][vs-vse0_cap1] vpf_device_open: done
Feb 28 09:14:05 localhost kernel: [   27.507398] [VPF ops]:[L2575][vs-vse0_cap2] vpf_device_open: done
Feb 28 09:14:05 localhost kernel: [   27.507416] [VPF ops]:[L2575][vs-vse0_cap3] vpf_device_open: done
Feb 28 09:14:05 localhost kernel: [   27.507428] [VPF ops]:[L2575][vs-vse0_cap4] vpf_device_open: done
Feb 28 09:14:05 localhost kernel: [   27.507440] [VPF ops]:[L2575][vs-vse0_cap5] vpf_device_open: done
Feb 28 09:14:05 localhost kernel: [   27.507448] [VPF ops]:[L439][vs-vse0_src][C0] vpf_vctx_bind_vdev: done, ctx_index(0) refcount(1)
Feb 28 09:14:05 localhost kernel: [   27.507457] [VPF ops]:[L1875][vs-vse0_src][C0] vpf_video_bind_context: done
Feb 28 09:14:05 localhost kernel: [   27.507463] [VPF ops]:[L439][vs-vse0_cap0][C0] vpf_vctx_bind_vdev: done, ctx_index(0) refcount(1)
Feb 28 09:14:05 localhost kernel: [   27.507468] [VPF ops]:[L1875][vs-vse0_cap0][C0] vpf_video_bind_context: done
Feb 28 09:14:05 localhost kernel: [   27.507473] [VPF ops]:[L439][vs-vse0_cap1][C0] vpf_vctx_bind_vdev: done, ctx_index(0) refcount(1)
Feb 28 09:14:05 localhost kernel: [   27.507478] [VPF ops]:[L1875][vs-vse0_cap1][C0] vpf_video_bind_context: done
Feb 28 09:14:05 localhost kernel: [   27.507483] [VPF ops]:[L439][vs-vse0_cap2][C0] vpf_vctx_bind_vdev: done, ctx_index(0) refcount(1)
Feb 28 09:14:05 localhost kernel: [   27.507487] [VPF ops]:[L1875][vs-vse0_cap2][C0] vpf_video_bind_context: done
Feb 28 09:14:05 localhost kernel: [   27.507492] [VPF ops]:[L439][vs-vse0_cap3][C0] vpf_vctx_bind_vdev: done, ctx_index(0) refcount(1)
Feb 28 09:14:05 localhost kernel: [   27.507496] [VPF ops]:[L1875][vs-vse0_cap3][C0] vpf_video_bind_context: done
Feb 28 09:14:05 localhost kernel: [   27.507501] [VPF ops]:[L439][vs-vse0_cap4][C0] vpf_vctx_bind_vdev: done, ctx_index(0) refcount(1)
Feb 28 09:14:05 localhost kernel: [   27.507506] [VPF ops]:[L1875][vs-vse0_cap4][C0] vpf_video_bind_context: done
Feb 28 09:14:05 localhost kernel: [   27.507510] [VPF ops]:[L439][vs-vse0_cap5][C0] vpf_vctx_bind_vdev: done, ctx_index(0) refcount(1)
Feb 28 09:14:05 localhost kernel: [   27.507514] [VPF ops]:[L1875][vs-vse0_cap5][C0] vpf_video_bind_context: done
Feb 28 09:14:05 localhost kernel: [   27.507525] [VPF ops]:[L1079][vs-vse0_src][C0] vpf_video_get_struct_size: done
Feb 28 09:14:05 localhost kernel: [   27.507532] [VPF ops]:[L689][vs-vse0_cap0][C0] vpf_video_set_init_attr: done
Feb 28 09:14:05 localhost kernel: [   27.507537] vse_video_set_cfg set vse state to INITED
Feb 28 09:14:05 localhost kernel: [   27.510181] [VIO node]:[L104][vse0] vio_group_task_start: sched_mode 1
Feb 28 09:14:05 localhost kernel: [   27.510198] [VPF ops]:[L689][vs-vse0_src][C0] vpf_video_set_init_attr: done
Feb 28 09:14:05 localhost kernel: [   27.510215] [VPF ops]:[L689][vs-vse0_cap1][C0] vpf_video_set_init_attr: done
Feb 28 09:14:05 localhost kernel: [   27.510221] [VPF ops]:[L689][vs-vse0_cap2][C0] vpf_video_set_init_attr: done
Feb 28 09:14:05 localhost kernel: [   27.510230] [VPF ops]:[L689][vs-vse0_cap3][C0] vpf_video_set_init_attr: done
Feb 28 09:14:05 localhost kernel: [   27.510237] [VPF ops]:[L689][vs-vse0_cap4][C0] vpf_video_set_init_attr: done
Feb 28 09:14:05 localhost kernel: [   27.510244] [VPF ops]:[L689][vs-vse0_cap5][C0] vpf_video_set_init_attr: done
Feb 28 09:14:05 localhost kernel: [   27.510257] [VPF ops]:[L1079][vs-vse0_src][C0] vpf_video_get_struct_size: done
Feb 28 09:14:05 localhost kernel: [   27.510271] vse_video_set_ichn_attr format=6,width=1088,stride=1088,height=1280
Feb 28 09:14:05 localhost kernel: [   27.510388] vse_video_reqbufs done bit_map 0x1 planecount 2
Feb 28 09:14:05 localhost kernel: [   27.510413] [VPF ops]:[L1325][vs-vse0_src][C0] vpf_request_frames: reqbuf number 16
Feb 28 09:14:05 localhost kernel: [   27.510420] [VPF ops]:[L850][vs-vse0_src][C0] vpf_video_set_ichn_attr: done
Feb 28 09:14:05 localhost kernel: [   27.510657] [VPF ops]:[L1079][vs-vse0_src][C0] vpf_video_get_struct_size: done
Feb 28 09:14:05 localhost kernel: [   27.510678] vse_video_set_ochn_attr vctx->ctx_id=0,vctx->id=8
Feb 28 09:14:05 localhost kernel: [   27.510686] vse_video_set_ochn_attr ochn_id=0,format=6,width=480,stride=480,height=640
Feb 28 09:14:05 localhost kernel: [   27.510865] [vse_drv]: vse_set_fps_rate: vse-0 chn-0, fps.src 30, fps.dst 30
Feb 28 09:14:05 localhost kernel: [   27.510878] vse_video_reqbufs done bit_map 0x1 planecount 2
Feb 28 09:14:05 localhost kernel: [   27.510896] [VPF ops]:[L1325][vs-vse0_cap0][C0] vpf_request_frames: reqbuf number 16
Feb 28 09:14:05 localhost kernel: [   27.510902] [VPF ops]:[L978][vs-vse0_cap0][C0] vpf_video_set_ochn_attr: done
Feb 28 09:14:05 localhost kernel: [   27.510920] vse_video_reqbufs done bit_map 0x1 planecount 2
Feb 28 09:14:05 localhost kernel: [   27.510930] [VPF ops]:[L1325][vs-vse0_cap0][C0] vpf_request_frames: reqbuf number 3
Feb 28 09:14:05 localhost kernel: [   27.511063] [VPF ops]:[L1464][vs-vse0_cap0][C0] vpf_video_reqbufs: done
Feb 28 09:14:05 localhost kernel: [   27.511089] [VPF ops]:[L2066][vs-vse0_cap0][C0] vpf_video_querybuf: done
Feb 28 09:14:05 localhost kernel: [   27.511377] [VPF ops]:[L2066][vs-vse0_cap0][C0] vpf_video_querybuf: done
Feb 28 09:14:05 localhost kernel: [   27.511519] [VPF ops]:[L2066][vs-vse0_cap0][C0] vpf_video_querybuf: done
Feb 28 09:14:05 localhost kernel: [   27.511735] [VPF chain]:[L250]vio_chain_path_show: feedback independent mode
Feb 28 09:14:05 localhost kernel: [   27.511749] [VPF ops]:[L632][vs-vse0_cap0][S65535] vpf_prepare_buffers: done
Feb 28 09:14:05 localhost kernel: [   27.511755] [VPF ops]:[L1639][vs-vse0_cap0][S65535][C0] vpf_video_start: done start_cnt 1
Feb 28 09:14:05 localhost kernel: [   27.511763] [VPF chain]:[L250]vio_chain_path_show: feedback independent mode
Feb 28 09:14:05 localhost kernel: [   27.511780] vse_video_streamon ctx.sink_online_en=0
Feb 28 09:14:05 localhost kernel: [   27.512248] [VPF ops]:[L1639][vs-vse0_src][S65535][C0] vpf_video_start: done start_cnt 2
Feb 28 09:14:05 localhost kernel: [   27.544377] hobot_jpu_dev: [JPUDRV]jpu_open_instance:1573: [-]JDI_IOCTL_OPEN_INSTANCE inst_idx=0, s_jpu_open_ref_count=1, inst_open_count=2, current_pid=2385, tgid=1919
Feb 28 09:14:05 localhost kernel: [   27.612900] hobot_jpu_dev: [JPUDRV]jpu_open_instance:1573: [-]JDI_IOCTL_OPEN_INSTANCE inst_idx=1, s_jpu_open_ref_count=2, inst_open_count=2, current_pid=2388, tgid=1919
Feb 28 09:14:05 localhost kernel: [   28.229469] hobot_jpu_dev: [JPUDRV]jpu_alloc_instance_id:1821: [-]JDI_IOCTL_ALLOCATE_INSTANCE_ID id = 2, current_pid=2139, tgid=1919
Feb 28 09:14:05 localhost kernel: [   28.242581] hobot_jpu_dev: [JPUDRV]jpu_alloc_instance_id:1821: [-]JDI_IOCTL_ALLOCATE_INSTANCE_ID id = 3, current_pid=2139, tgid=1919
Feb 28 09:14:05 localhost kernel: [   28.263257] [GDC ops]:[L87][gdc0_src][C0] gdc_subdev_open: cnt 5
Feb 28 09:14:05 localhost kernel: [   28.263284] [VPF ops]:[L2575][gdc0_src] vpf_device_open: done
Feb 28 09:14:05 localhost kernel: [   28.263303] [GDC ops]:[L87][gdc0_cap][C0] gdc_subdev_open: cnt 6
Feb 28 09:14:05 localhost kernel: [   28.263308] [VPF ops]:[L2575][gdc0_cap] vpf_device_open: done
Feb 28 09:14:05 localhost kernel: [   28.263316] [VPF ops]:[L1031][gdc0_src][C0] vpf_video_get_version: done
Feb 28 09:14:05 localhost kernel: [   28.263327] [VPF ops]:[L439][gdc0_src][C2] vpf_vctx_bind_vdev: done, ctx_index(0) refcount(1)
Feb 28 09:14:05 localhost kernel: [   28.263335] [VPF ops]:[L1875][gdc0_src][C2] vpf_video_bind_context: done
Feb 28 09:14:05 localhost kernel: [   28.263341] [VPF ops]:[L439][gdc0_cap][C2] vpf_vctx_bind_vdev: done, ctx_index(0) refcount(1)
Feb 28 09:14:05 localhost kernel: [   28.263346] [VPF ops]:[L1875][gdc0_cap][C2] vpf_video_bind_context: done
Feb 28 09:14:05 localhost kernel: [   28.263357] [VPF ops]:[L1079][gdc0_src][C2] vpf_video_get_struct_size: done
Feb 28 09:14:05 localhost kernel: [   28.263364] [VPF ops]:[L689][gdc0_cap][C2] vpf_video_set_init_attr: done
Feb 28 09:14:05 localhost kernel: [   28.263391] [VPF ops]:[L689][gdc0_src][C2] vpf_video_set_init_attr: done
Feb 28 09:14:05 localhost kernel: [   28.263399] [VPF ops]:[L1079][gdc0_src][C2] vpf_video_get_struct_size: done
Feb 28 09:14:05 localhost kernel: [   28.263422] [VPF ops]:[L1325][gdc0_src][C2] vpf_request_frames: reqbuf number 16
Feb 28 09:14:05 localhost kernel: [   28.263429] [VPF ops]:[L850][gdc0_src][C2] vpf_video_set_ichn_attr: done
Feb 28 09:14:05 localhost kernel: [   28.263437] [VPF ops]:[L1079][gdc0_src][C2] vpf_video_get_struct_size: done
Feb 28 09:14:05 localhost kernel: [   28.263451] [VPF ops]:[L1325][gdc0_cap][C2] vpf_request_frames: reqbuf number 16
Feb 28 09:14:05 localhost kernel: [   28.263456] [VPF ops]:[L978][gdc0_cap][C2] vpf_video_set_ochn_attr: done
Feb 28 09:14:05 localhost kernel: [   28.263470] [VPF ops]:[L1325][gdc0_cap][C2] vpf_request_frames: reqbuf number 3
Feb 28 09:14:05 localhost kernel: [   28.263593] [VPF ops]:[L1464][gdc0_cap][C2] vpf_video_reqbufs: done
Feb 28 09:14:05 localhost kernel: [   28.263614] [VPF ops]:[L2066][gdc0_cap][C2] vpf_video_querybuf: done
Feb 28 09:14:05 localhost kernel: [   28.263834] [VPF ops]:[L2066][gdc0_cap][C2] vpf_video_querybuf: done
Feb 28 09:14:05 localhost kernel: [   28.263936] [VPF ops]:[L2066][gdc0_cap][C2] vpf_video_querybuf: done
Feb 28 09:14:05 localhost kernel: [   28.264045] [VPF ops]:[L2575][flow] vpf_device_open: done
Feb 28 09:14:05 localhost kernel: [   28.264058] [VPF ops]:[L1031][flow][C0] vpf_video_get_version: done
Feb 28 09:14:05 localhost kernel: [   28.264066] [VPF ops]:[L360][S6] vpf_bind_chain: bind done
Feb 28 09:14:05 localhost kernel: [   28.264082] [VPF ops]:[L2223][flow][C6] vpf_video_bind_pipeline: done
Feb 28 09:14:05 localhost kernel: [   28.264093] [VPF ops]:[L1685][gdc0_src][S6][C2] vpf_chain_add_vnode: done
Feb 28 09:14:05 localhost kernel: [   28.264098] [VPF ops]:[L1825][gdc0_src][C2] vpf_video_add_vnode: done
Feb 28 09:14:05 localhost kernel: [   28.264111] [VPF chain]:[L279]vio_chain_path_show: [S6] gdc0_C2
Feb 28 09:14:05 localhost kernel: [   28.264119] [VPF ops]:[L632][gdc0_cap][S6] vpf_prepare_buffers: done
Feb 28 09:14:05 localhost kernel: [   28.264125] [GDC dev]:[L398][gdc0_cap][S6][C2] gdc_video_streamon leader 0
Feb 28 09:14:05 localhost kernel: [   28.264131] [VPF ops]:[L1639][gdc0_cap][S6][C2] vpf_video_start: done start_cnt 1
Feb 28 09:14:05 localhost kernel: [   28.264138] [GDC dev]:[L398][gdc0_src][S6][C2] gdc_video_streamon leader 1
Feb 28 09:14:05 localhost kernel: [   28.264142] [VPF ops]:[L1639][gdc0_src][S6][C2] vpf_video_start: done start_cnt 2
Feb 28 09:14:05 localhost kernel: [   28.264376] [GDC ops]:[L87][gdc0_src][C0] gdc_subdev_open: cnt 7
Feb 28 09:14:05 localhost kernel: [   28.264385] [VPF ops]:[L2575][gdc0_src] vpf_device_open: done
Feb 28 09:14:05 localhost kernel: [   28.264401] [GDC ops]:[L87][gdc0_cap][C0] gdc_subdev_open: cnt 8
Feb 28 09:14:05 localhost kernel: [   28.264405] [VPF ops]:[L2575][gdc0_cap] vpf_device_open: done
Feb 28 09:14:05 localhost kernel: [   28.264413] [VPF ops]:[L1031][gdc0_src][C0] vpf_video_get_version: done
Feb 28 09:14:05 localhost kernel: [   28.264421] [VPF ops]:[L439][gdc0_src][C3] vpf_vctx_bind_vdev: done, ctx_index(0) refcount(1)
Feb 28 09:14:05 localhost kernel: [   28.264429] [VPF ops]:[L1875][gdc0_src][C3] vpf_video_bind_context: done
Feb 28 09:14:05 localhost kernel: [   28.264435] [VPF ops]:[L439][gdc0_cap][C3] vpf_vctx_bind_vdev: done, ctx_index(0) refcount(1)
Feb 28 09:14:05 localhost kernel: [   28.264440] [VPF ops]:[L1875][gdc0_cap][C3] vpf_video_bind_context: done
Feb 28 09:14:05 localhost kernel: [   28.265449] hobot_jpu_dev: [JPUDRV]jpu_open_instance:1573: [-]JDI_IOCTL_OPEN_INSTANCE inst_idx=3, s_jpu_open_ref_count=3, inst_open_count=4, current_pid=2443, tgid=1919
Feb 28 09:14:05 localhost kernel: [   28.266494] hobot_jpu_dev: [JPUDRV]jpu_open_instance:1573: [-]JDI_IOCTL_OPEN_INSTANCE inst_idx=2, s_jpu_open_ref_count=4, inst_open_count=4, current_pid=2440, tgid=1919
Feb 28 09:14:05 localhost kernel: [   28.280360] [VPF ops]:[L1079][gdc0_src][C3] vpf_video_get_struct_size: done
Feb 28 09:14:05 localhost kernel: [   28.280554] [VPF ops]:[L689][gdc0_cap][C3] vpf_video_set_init_attr: done
Feb 28 09:14:05 localhost kernel: [   28.280587] [VPF ops]:[L689][gdc0_src][C3] vpf_video_set_init_attr: done
Feb 28 09:14:05 localhost kernel: [   28.280597] [VPF ops]:[L1079][gdc0_src][C3] vpf_video_get_struct_size: done
Feb 28 09:14:05 localhost kernel: [   28.280625] [VPF ops]:[L1325][gdc0_src][C3] vpf_request_frames: reqbuf number 16
Feb 28 09:14:05 localhost kernel: [   28.280631] [VPF ops]:[L850][gdc0_src][C3] vpf_video_set_ichn_attr: done
Feb 28 09:14:05 localhost kernel: [   28.280638] [VPF ops]:[L1079][gdc0_src][C3] vpf_video_get_struct_size: done
Feb 28 09:14:05 localhost kernel: [   28.280652] [VPF ops]:[L1325][gdc0_cap][C3] vpf_request_frames: reqbuf number 16
Feb 28 09:14:05 localhost kernel: [   28.280657] [VPF ops]:[L978][gdc0_cap][C3] vpf_video_set_ochn_attr: done
Feb 28 09:14:05 localhost kernel: [   28.280676] [VPF ops]:[L1325][gdc0_cap][C3] vpf_request_frames: reqbuf number 3
Feb 28 09:14:05 localhost kernel: [   28.280789] [VPF ops]:[L1464][gdc0_cap][C3] vpf_video_reqbufs: done
Feb 28 09:14:05 localhost kernel: [   28.280809] [VPF ops]:[L2066][gdc0_cap][C3] vpf_video_querybuf: done
Feb 28 09:14:05 localhost kernel: [   28.280977] [VPF ops]:[L2066][gdc0_cap][C3] vpf_video_querybuf: done
Feb 28 09:14:05 localhost kernel: [   28.281075] [VPF ops]:[L2066][gdc0_cap][C3] vpf_video_querybuf: done
Feb 28 09:14:05 localhost kernel: [   28.282089] [VPF ops]:[L2575][flow] vpf_device_open: done
Feb 28 09:14:05 localhost kernel: [   28.282122] [VPF ops]:[L1031][flow][C0] vpf_video_get_version: done
Feb 28 09:14:05 localhost kernel: [   28.282134] [VPF ops]:[L360][S7] vpf_bind_chain: bind done
Feb 28 09:14:05 localhost kernel: [   28.282150] [VPF ops]:[L2223][flow][C7] vpf_video_bind_pipeline: done
Feb 28 09:14:05 localhost kernel: [   28.282170] [VPF ops]:[L1685][gdc0_src][S7][C3] vpf_chain_add_vnode: done
Feb 28 09:14:05 localhost kernel: [   28.282176] [VPF ops]:[L1825][gdc0_src][C3] vpf_video_add_vnode: done
Feb 28 09:14:05 localhost kernel: [   28.282191] [VPF chain]:[L279]vio_chain_path_show: [S7] gdc0_C3
Feb 28 09:14:05 localhost kernel: [   28.282201] [VPF ops]:[L632][gdc0_cap][S7] vpf_prepare_buffers: done
Feb 28 09:14:05 localhost kernel: [   28.282207] [GDC dev]:[L398][gdc0_cap][S7][C3] gdc_video_streamon leader 0
Feb 28 09:14:05 localhost kernel: [   28.282212] [VPF ops]:[L1639][gdc0_cap][S7][C3] vpf_video_start: done start_cnt 1
Feb 28 09:14:05 localhost kernel: [   28.282219] [GDC dev]:[L398][gdc0_src][S7][C3] gdc_video_streamon leader 1
Feb 28 09:14:05 localhost kernel: [   28.282224] [VPF ops]:[L1639][gdc0_src][S7][C3] vpf_video_start: done start_cnt 2
Feb 28 09:14:05 localhost kernel: [   28.282499] [VPF ops]:[L2575][vs-vse0_src] vpf_device_open: done
Feb 28 09:14:05 localhost kernel: [   28.282533] [VPF ops]:[L2575][vs-vse0_cap0] vpf_device_open: done
Feb 28 09:14:05 localhost kernel: [   28.282546] [VPF ops]:[L2575][vs-vse0_cap1] vpf_device_open: done
Feb 28 09:14:05 localhost kernel: [   28.282617] [VPF ops]:[L2575][vs-vse0_cap2] vpf_device_open: done
Feb 28 09:14:05 localhost kernel: [   28.282634] [VPF ops]:[L2575][vs-vse0_cap3] vpf_device_open: done
Feb 28 09:14:05 localhost kernel: [   28.282646] [VPF ops]:[L2575][vs-vse0_cap4] vpf_device_open: done
Feb 28 09:14:05 localhost kernel: [   28.282658] [VPF ops]:[L2575][vs-vse0_cap5] vpf_device_open: done
Feb 28 09:14:05 localhost kernel: [   28.282670] [VPF ops]:[L439][vs-vse0_src][C1] vpf_vctx_bind_vdev: done, ctx_index(0) refcount(1)
Feb 28 09:14:05 localhost kernel: [   28.282680] [VPF ops]:[L1875][vs-vse0_src][C1] vpf_video_bind_context: done
Feb 28 09:14:05 localhost kernel: [   28.282686] [VPF ops]:[L439][vs-vse0_cap0][C1] vpf_vctx_bind_vdev: done, ctx_index(0) refcount(1)
Feb 28 09:14:05 localhost kernel: [   28.282691] [VPF ops]:[L1875][vs-vse0_cap0][C1] vpf_video_bind_context: done
Feb 28 09:14:05 localhost kernel: [   28.282697] [VPF ops]:[L439][vs-vse0_cap1][C1] vpf_vctx_bind_vdev: done, ctx_index(0) refcount(1)
Feb 28 09:14:05 localhost kernel: [   28.282701] [VPF ops]:[L1875][vs-vse0_cap1][C1] vpf_video_bind_context: done
Feb 28 09:14:05 localhost kernel: [   28.282707] [VPF ops]:[L439][vs-vse0_cap2][C1] vpf_vctx_bind_vdev: done, ctx_index(0) refcount(1)
Feb 28 09:14:05 localhost kernel: [   28.282712] [VPF ops]:[L1875][vs-vse0_cap2][C1] vpf_video_bind_context: done
Feb 28 09:14:05 localhost kernel: [   28.282717] [VPF ops]:[L439][vs-vse0_cap3][C1] vpf_vctx_bind_vdev: done, ctx_index(0) refcount(1)
Feb 28 09:14:05 localhost kernel: [   28.282721] [VPF ops]:[L1875][vs-vse0_cap3][C1] vpf_video_bind_context: done
Feb 28 09:14:05 localhost kernel: [   28.282727] [VPF ops]:[L439][vs-vse0_cap4][C1] vpf_vctx_bind_vdev: done, ctx_index(0) refcount(1)
Feb 28 09:14:05 localhost kernel: [   28.282731] [VPF ops]:[L1875][vs-vse0_cap4][C1] vpf_video_bind_context: done
Feb 28 09:14:05 localhost kernel: [   28.282736] [VPF ops]:[L439][vs-vse0_cap5][C1] vpf_vctx_bind_vdev: done, ctx_index(0) refcount(1)
Feb 28 09:14:05 localhost kernel: [   28.282741] [VPF ops]:[L1875][vs-vse0_cap5][C1] vpf_video_bind_context: done
Feb 28 09:14:05 localhost kernel: [   28.282755] [VPF ops]:[L1079][vs-vse0_src][C1] vpf_video_get_struct_size: done
Feb 28 09:14:05 localhost kernel: [   28.282768] [VPF ops]:[L689][vs-vse0_cap0][C1] vpf_video_set_init_attr: done
Feb 28 09:14:05 localhost kernel: [   28.282774] vse_video_set_cfg set vse state to INITED
Feb 28 09:14:05 localhost kernel: [   28.283704] [VPF ops]:[L689][vs-vse0_src][C1] vpf_video_set_init_attr: done
Feb 28 09:14:05 localhost kernel: [   28.283736] [VPF ops]:[L689][vs-vse0_cap1][C1] vpf_video_set_init_attr: done
Feb 28 09:14:05 localhost kernel: [   28.283743] [VPF ops]:[L689][vs-vse0_cap2][C1] vpf_video_set_init_attr: done
Feb 28 09:14:05 localhost kernel: [   28.283749] [VPF ops]:[L689][vs-vse0_cap3][C1] vpf_video_set_init_attr: done
Feb 28 09:14:05 localhost kernel: [   28.283755] [VPF ops]:[L689][vs-vse0_cap4][C1] vpf_video_set_init_attr: done
Feb 28 09:14:05 localhost kernel: [   28.283761] [VPF ops]:[L689][vs-vse0_cap5][C1] vpf_video_set_init_attr: done
Feb 28 09:14:05 localhost kernel: [   28.283774] [VPF ops]:[L1079][vs-vse0_src][C1] vpf_video_get_struct_size: done
Feb 28 09:14:05 localhost kernel: [   28.283791] vse_video_set_ichn_attr format=6,width=1088,stride=1088,height=1280
Feb 28 09:14:05 localhost kernel: [   28.283856] vse_video_reqbufs done bit_map 0x1 planecount 2
Feb 28 09:14:05 localhost kernel: [   28.283944] [VPF ops]:[L1325][vs-vse0_src][C1] vpf_request_frames: reqbuf number 16
Feb 28 09:14:05 localhost kernel: [   28.283959] [VPF ops]:[L850][vs-vse0_src][C1] vpf_video_set_ichn_attr: done
Feb 28 09:14:05 localhost kernel: [   28.284517] [VPF ops]:[L1079][vs-vse0_src][C1] vpf_video_get_struct_size: done
Feb 28 09:14:05 localhost kernel: [   28.284545] vse_video_set_ochn_attr vctx->ctx_id=1,vctx->id=8
Feb 28 09:14:05 localhost kernel: [   28.284554] vse_video_set_ochn_attr ochn_id=0,format=6,width=480,stride=480,height=640
Feb 28 09:14:05 localhost kernel: [   28.284633] [vse_drv]: vse_set_fps_rate: vse-1 chn-0, fps.src 30, fps.dst 30
Feb 28 09:14:05 localhost kernel: [   28.284646] vse_video_reqbufs done bit_map 0x1 planecount 2
Feb 28 09:14:05 localhost kernel: [   28.284663] [VPF ops]:[L1325][vs-vse0_cap0][C1] vpf_request_frames: reqbuf number 16
Feb 28 09:14:05 localhost kernel: [   28.284670] [VPF ops]:[L978][vs-vse0_cap0][C1] vpf_video_set_ochn_attr: done
Feb 28 09:14:05 localhost kernel: [   28.284684] vse_video_reqbufs done bit_map 0x1 planecount 2
Feb 28 09:14:05 localhost kernel: [   28.284698] [VPF ops]:[L1325][vs-vse0_cap0][C1] vpf_request_frames: reqbuf number 3
Feb 28 09:14:05 localhost kernel: [   28.284829] [VPF ops]:[L1464][vs-vse0_cap0][C1] vpf_video_reqbufs: done
Feb 28 09:14:05 localhost kernel: [   28.284859] [VPF ops]:[L2066][vs-vse0_cap0][C1] vpf_video_querybuf: done
Feb 28 09:14:05 localhost kernel: [   28.285089] [VPF ops]:[L2066][vs-vse0_cap0][C1] vpf_video_querybuf: done
Feb 28 09:14:05 localhost kernel: [   28.285235] [VPF ops]:[L2066][vs-vse0_cap0][C1] vpf_video_querybuf: done
Feb 28 09:14:05 localhost kernel: [   28.285367] [VPF chain]:[L250]vio_chain_path_show: feedback independent mode
Feb 28 09:14:05 localhost kernel: [   28.285381] [VPF ops]:[L632][vs-vse0_cap0][S65535] vpf_prepare_buffers: done
Feb 28 09:14:05 localhost kernel: [   28.285388] [VPF ops]:[L1639][vs-vse0_cap0][S65535][C1] vpf_video_start: done start_cnt 1
Feb 28 09:14:05 localhost kernel: [   28.285397] [VPF chain]:[L250]vio_chain_path_show: feedback independent mode
Feb 28 09:14:05 localhost kernel: [   28.285413] vse_video_streamon ctx.sink_online_en=0
Feb 28 09:14:05 localhost kernel: [   28.285624] [VPF ops]:[L1639][vs-vse0_src][S65535][C1] vpf_video_start: done start_cnt 2
Feb 28 09:14:14 localhost kernel: [   36.352437] bestmow_monitor (1827): drop_caches: 1
Feb 28 09:14:14 localhost kernel: [   36.517627] bestmow_monitor (1827): drop_caches: 2
Feb 28 09:14:14 localhost kernel: [   36.671881] bestmow_monitor (1827): drop_caches: 3
Feb 28 09:15:41 localhost kernel: [  123.809630] [VPF ops]:[L81][S0][vin2] vpf_wait_vnode_shot: cnt 10
Feb 28 09:15:41 localhost kernel: [  123.809663] [L898][S0]cim_subdev_pre_stop
Feb 28 09:15:41 localhost kernel: [  123.809674] vin sensor0: sensor_frame_end_stop_wait 2360 fe 0ms
Feb 28 09:15:41 localhost kernel: [  123.809681] vin sensor0: sensor_evk_do: finish to doing
Feb 28 09:15:41 localhost kernel: [  123.812083] vin sensor0: sensor_evk_do: done to finish
Feb 28 09:15:41 localhost kernel: [  123.812130] vin sensor0: sensor_stop sc132gs flow0 stop done
Feb 28 09:15:41 localhost kernel: [  123.812138] vin vcon2: sensor0 stop real done
Feb 28 09:15:41 localhost kernel: [  123.812167] vin mipi2: stop cmd: 0 real
Feb 28 09:15:41 localhost kernel: [  123.812194] [L657]cim_check_exit_state cnt 20 status 0
Feb 28 09:15:41 localhost kernel: [  123.812213] [L849][S0]cim_subdev_stop
Feb 28 09:15:41 localhost kernel: [  123.812219] [CIM]:[L141][S0]cim_video_streamoff done
Feb 28 09:15:41 localhost kernel: [  123.812224] [L1185][S0]vin_node_stop done
Feb 28 09:15:41 localhost kernel: [  123.812228] [VIN_NODE]:[L578][C0]vin_node_video_streamoff done
Feb 28 09:15:41 localhost kernel: [  123.812239] [VPF ops]:[L1554][vin2_src][S0][C0] vpf_video_stop: done start_cnt 1
Feb 28 09:15:41 localhost kernel: [  123.812277] [VPF ops]:[L1554][vin2_cap][S0][C0] vpf_video_stop: done start_cnt 0
Feb 28 09:15:41 localhost kernel: [  123.812311] [VPF ops]:[L81][S0][isp0] vpf_wait_vnode_shot: cnt 10
Feb 28 09:15:41 localhost kernel: [  123.812320] [VPF ops]:[L1554][vs-isp0_src][S0][C0] vpf_video_stop: done start_cnt 1
Feb 28 09:15:41 localhost kernel: [  123.812331] isp_video_streamoff inst: 0, set isp state to STOPPED
Feb 28 09:15:41 localhost kernel: [  123.814097] [VPF ops]:[L1554][vs-isp0_cap][S0][C0] vpf_video_stop: done start_cnt 0
Feb 28 09:15:41 localhost kernel: [  123.814263] isp_video_set_inter_attr flow_id = 0, sensor_name = sc132gs, sensor_cali_name = /app/BestMow/startup_script/sensor_config/daytime/sc132gs_tuning_left.json
Feb 28 09:15:41 localhost kernel: [  124.109132] ctx_id 0, inst id 0, sensor /app/BestMow/startup_script/sensor_config/daytime/sc132gs_tuning_left.json
Feb 28 09:15:41 localhost kernel: [  124.109155] [VPF ops]:[L1005][vs-isp0_src][C0] vpf_video_set_inter_attr: done
Feb 28 09:15:41 localhost kernel: [  124.109329] [VPF ops]:[L632][vs-isp0_cap][S0] vpf_prepare_buffers: done
Feb 28 09:15:41 localhost kernel: [  124.109340] isp_video_streamon inst: 0, set isp state to STARTED
Feb 28 09:15:41 localhost kernel: [  124.111355] [VPF ops]:[L1639][vs-isp0_cap][S0][C0] vpf_video_start: done start_cnt 1
Feb 28 09:15:41 localhost kernel: [  124.111385] [VPF ops]:[L1639][vs-isp0_src][S0][C0] vpf_video_start: done start_cnt 2
Feb 28 09:15:41 localhost kernel: [  124.111407] [VPF ops]:[L632][vin2_cap][S0] vpf_prepare_buffers: done
Feb 28 09:15:41 localhost kernel: [  124.111412] [VPF ops]:[L1639][vin2_cap][S0][C0] vpf_video_start: done start_cnt 1
Feb 28 09:15:41 localhost kernel: [  124.111422] [L716][S0][ipi0]cim_subdev_start ddr_en and ochn request bufs
Feb 28 09:15:41 localhost kernel: [  124.111436] [L757][S0]cim_subdev_start
Feb 28 09:15:41 localhost kernel: [  124.111441] [CIM]:[L113][S0]cim_video_streamon done ret val:0
Feb 28 09:15:41 localhost kernel: [  124.111450] vin sensor0: sensor_evk_do: finish to doing
Feb 28 09:15:41 localhost kernel: [  124.111886] vin sensor0: sensor_evk_do: done to finish
Feb 28 09:15:41 localhost kernel: [  124.111892] vin sensor0: sensor_start sc132gs flow0 start done
Feb 28 09:15:41 localhost kernel: [  124.111896] vin vcon2: sensor0 start real done
Feb 28 09:15:41 localhost kernel: [  124.111905] vin mipi2: start cmd: 0 real
Feb 28 09:15:41 localhost kernel: [  124.111909] vin mipi2: check hs reception
Feb 28 09:15:41 localhost kernel: [  124.121012] vin mipi2: entry hs reception
Feb 28 09:15:41 localhost kernel: [  124.121036] [L1096][S0]vin_node_start done
Feb 28 09:15:41 localhost kernel: [  124.121040] [VIN_NODE]:[L546][C0]vin_node_video_streamon done
Feb 28 09:15:41 localhost kernel: [  124.121045] [VPF ops]:[L1639][vin2_src][S0][C0] vpf_video_start: done start_cnt 2
Feb 28 09:15:41 localhost kernel: [  124.139490] [VPF ops]:[L81][S3][vin3] vpf_wait_vnode_shot: cnt 10
Feb 28 09:15:41 localhost kernel: [  124.139521] [L898][S3]cim_subdev_pre_stop
Feb 28 09:15:41 localhost kernel: [  124.139533] vin sensor3: sensor_frame_end_stop_wait 2358 fe 0ms
Feb 28 09:15:41 localhost kernel: [  124.139539] vin sensor3: sensor_evk_do: finish to doing
Feb 28 09:15:41 localhost kernel: [  124.140020] vin sensor3: sensor_evk_do: done to finish
Feb 28 09:15:41 localhost kernel: [  124.140036] vin sensor3: sensor_stop sc132gs flow3 stop done
Feb 28 09:15:41 localhost kernel: [  124.140041] vin vcon3: sensor3 stop real done
Feb 28 09:15:41 localhost kernel: [  124.140052] vin mipi3: stop cmd: 0 real
Feb 28 09:15:41 localhost kernel: [  124.140066] [L657]cim_check_exit_state cnt 20 status 0
Feb 28 09:15:41 localhost kernel: [  124.140075] [L849][S3]cim_subdev_stop
Feb 28 09:15:41 localhost kernel: [  124.140079] [CIM]:[L141][S0]cim_video_streamoff done
Feb 28 09:15:41 localhost kernel: [  124.140083] [L1185][S0]vin_node_stop done
Feb 28 09:15:41 localhost kernel: [  124.140087] [VIN_NODE]:[L578][C0]vin_node_video_streamoff done
Feb 28 09:15:41 localhost kernel: [  124.140092] [VPF ops]:[L1554][vin3_src][S3][C0] vpf_video_stop: done start_cnt 1
Feb 28 09:15:41 localhost kernel: [  124.140108] [VPF ops]:[L1554][vin3_cap][S3][C0] vpf_video_stop: done start_cnt 0
Feb 28 09:15:41 localhost kernel: [  124.140126] [VPF ops]:[L81][S3][isp0] vpf_wait_vnode_shot: cnt 10
Feb 28 09:15:41 localhost kernel: [  124.140133] [VPF ops]:[L1554][vs-isp0_src][S3][C1] vpf_video_stop: done start_cnt 1
Feb 28 09:15:41 localhost kernel: [  124.140139] isp_video_streamoff inst: 1, set isp state to STOPPED
Feb 28 09:15:41 localhost kernel: [  124.141152] [VPF ops]:[L1554][vs-isp0_cap][S3][C1] vpf_video_stop: done start_cnt 0
Feb 28 09:15:41 localhost kernel: [  124.141221] isp_video_set_inter_attr flow_id = 3, sensor_name = sc132gs, sensor_cali_name = /app/BestMow/startup_script/sensor_config/daytime/sc132gs_tuning_right.json
Feb 28 09:15:42 localhost kernel: [  124.422623] ctx_id 1, inst id 1, sensor /app/BestMow/startup_script/sensor_config/daytime/sc132gs_tuning_right.json
Feb 28 09:15:42 localhost kernel: [  124.422644] [VPF ops]:[L1005][vs-isp0_src][C1] vpf_video_set_inter_attr: done
Feb 28 09:15:42 localhost kernel: [  124.422677] [VPF ops]:[L632][vs-isp0_cap][S3] vpf_prepare_buffers: done
Feb 28 09:15:42 localhost kernel: [  124.422686] isp_video_streamon inst: 1, set isp state to STARTED
Feb 28 09:15:42 localhost kernel: [  124.424682] [VPF ops]:[L1639][vs-isp0_cap][S3][C1] vpf_video_start: done start_cnt 1
Feb 28 09:15:42 localhost kernel: [  124.424712] [VPF ops]:[L1639][vs-isp0_src][S3][C1] vpf_video_start: done start_cnt 2
Feb 28 09:15:42 localhost kernel: [  124.424730] [VPF ops]:[L632][vin3_cap][S3] vpf_prepare_buffers: done
Feb 28 09:15:42 localhost kernel: [  124.424735] [VPF ops]:[L1639][vin3_cap][S3][C0] vpf_video_start: done start_cnt 1
Feb 28 09:15:42 localhost kernel: [  124.424745] [L716][S0][ipi0]cim_subdev_start ddr_en and ochn request bufs
Feb 28 09:15:42 localhost kernel: [  124.424759] [L757][S3]cim_subdev_start
Feb 28 09:15:42 localhost kernel: [  124.424764] [CIM]:[L113][S0]cim_video_streamon done ret val:0
Feb 28 09:15:42 localhost kernel: [  124.424772] vin sensor3: sensor_evk_do: finish to doing
Feb 28 09:15:42 localhost kernel: [  124.425240] vin sensor3: sensor_evk_do: done to finish
Feb 28 09:15:42 localhost kernel: [  124.425258] vin sensor3: sensor_start sc132gs flow3 start done
Feb 28 09:15:42 localhost kernel: [  124.425264] vin vcon3: sensor3 start real done
Feb 28 09:15:42 localhost kernel: [  124.425275] vin mipi3: start cmd: 0 real
Feb 28 09:15:42 localhost kernel: [  124.425281] vin mipi3: check hs reception
Feb 28 09:15:42 localhost kernel: [  124.453977] vin mipi3: entry hs reception
Feb 28 09:15:42 localhost kernel: [  124.454009] [L1096][S0]vin_node_start done
Feb 28 09:15:42 localhost kernel: [  124.454015] [VIN_NODE]:[L546][C0]vin_node_video_streamon done
Feb 28 09:15:42 localhost kernel: [  124.454019] [VPF ops]:[L1639][vin3_src][S3][C0] vpf_video_start: done start_cnt 2
Feb 28 10:40:51 localhost kernel: [ 5233.407753] [VPF ops]:[L210][vs-vse0_cap5][S65535][C1] vpf_vdev_close: refcount 0
Feb 28 10:40:51 localhost kernel: [ 5233.407780] [VPF ops]:[L2554][vs-vse0_cap5] vpf_device_close: done
Feb 28 10:40:51 localhost kernel: [ 5233.407793] [VPF ops]:[L210][vs-vse0_cap4][S65535][C1] vpf_vdev_close: refcount 0
Feb 28 10:40:51 localhost kernel: [ 5233.407799] [VPF ops]:[L2554][vs-vse0_cap4] vpf_device_close: done
Feb 28 10:40:51 localhost kernel: [ 5233.407805] [VPF ops]:[L210][vs-vse0_cap3][S65535][C1] vpf_vdev_close: refcount 0
Feb 28 10:40:51 localhost kernel: [ 5233.407811] [VPF ops]:[L2554][vs-vse0_cap3] vpf_device_close: done
Feb 28 10:40:51 localhost kernel: [ 5233.407817] [VPF ops]:[L210][vs-vse0_cap2][S65535][C1] vpf_vdev_close: refcount 0
Feb 28 10:40:51 localhost kernel: [ 5233.407823] [VPF ops]:[L2554][vs-vse0_cap2] vpf_device_close: done
Feb 28 10:40:51 localhost kernel: [ 5233.407829] [VPF ops]:[L210][vs-vse0_cap1][S65535][C1] vpf_vdev_close: refcount 0
Feb 28 10:40:51 localhost kernel: [ 5233.407835] [VPF ops]:[L2554][vs-vse0_cap1] vpf_device_close: done
Feb 28 10:40:51 localhost kernel: [ 5233.407841] [VPF ops]:[L210][vs-vse0_cap0][S65535][C1] vpf_vdev_close: refcount 0
Feb 28 10:40:51 localhost kernel: [ 5233.407884] [VPF ops]:[L2554][vs-vse0_cap0] vpf_device_close: done
Feb 28 10:40:51 localhost kernel: [ 5233.407892] [VPF ops]:[L210][vs-vse0_src][S65535][C1] vpf_vdev_close: refcount 0
Feb 28 10:40:51 localhost kernel: [ 5233.407897] vse_nat_close set vse state to CLOSED
Feb 28 10:40:51 localhost kernel: [ 5233.408592] [VPF ops]:[L1719][vs-vse0_src][S65535][C1] vpf_chain_del_vnode: null
Feb 28 10:40:51 localhost kernel: [ 5233.408605] [VPF ops]:[L2554][vs-vse0_src] vpf_device_close: done
Feb 28 10:40:51 localhost kernel: [ 5233.408614] [VPF ops]:[L2492][flow][S7] vpf_subdev_close: done
Feb 28 10:40:51 localhost kernel: [ 5233.408618] [VPF ops]:[L2554][flow] vpf_device_close: done
Feb 28 10:40:51 localhost kernel: [ 5233.408683] [VPF ops]:[L81][S7][gdc0] vpf_wait_vnode_shot: cnt 10
Feb 28 10:40:51 localhost kernel: [ 5233.408691] [VPF ops]:[L1554][gdc0_src][S7][C3] vpf_video_stop: done start_cnt 1
Feb 28 10:40:51 localhost kernel: [ 5233.408700] [VPF ops]:[L1554][gdc0_cap][S7][C3] vpf_video_stop: done start_cnt 0
Feb 28 10:40:51 localhost kernel: [ 5233.408705] [VPF ops]:[L154][S7][gdc0] vpf_safety_close: sudden close
Feb 28 10:40:51 localhost kernel: [ 5233.408709] [VPF ops]:[L210][gdc0_cap][S7][C3] vpf_vdev_close: refcount 0
Feb 28 10:40:51 localhost kernel: [ 5233.408716] [GDC ops]:[L148][gdc0_cap][S7][C3] gdc_subdev_close: cnt 7
Feb 28 10:40:51 localhost kernel: [ 5233.408746] [VPF ops]:[L2554][gdc0_cap] vpf_device_close: done
Feb 28 10:40:51 localhost kernel: [ 5233.408754] [VPF ops]:[L210][gdc0_src][S7][C3] vpf_vdev_close: refcount 0
Feb 28 10:40:51 localhost kernel: [ 5233.408762] [GDC ops]:[L148][gdc0_src][S7][C3] gdc_subdev_close: cnt 6
Feb 28 10:40:51 localhost kernel: [ 5233.408778] [VPF ops]:[L1732][gdc0_src][S7][C3] vpf_chain_del_vnode: done
Feb 28 10:40:51 localhost kernel: [ 5233.408783] [VPF ops]:[L2554][gdc0_src] vpf_device_close: done
Feb 28 10:40:51 localhost kernel: [ 5233.408789] [VPF ops]:[L2492][flow][S6] vpf_subdev_close: done
Feb 28 10:40:51 localhost kernel: [ 5233.408793] [VPF ops]:[L2554][flow] vpf_device_close: done
Feb 28 10:40:51 localhost kernel: [ 5233.408831] [VPF ops]:[L81][S6][gdc0] vpf_wait_vnode_shot: cnt 10
Feb 28 10:40:51 localhost kernel: [ 5233.408836] [VPF ops]:[L1554][gdc0_src][S6][C2] vpf_video_stop: done start_cnt 1
Feb 28 10:40:51 localhost kernel: [ 5233.408844] [VPF ops]:[L1554][gdc0_cap][S6][C2] vpf_video_stop: done start_cnt 0
Feb 28 10:40:51 localhost kernel: [ 5233.408848] [VPF ops]:[L154][S6][gdc0] vpf_safety_close: sudden close
Feb 28 10:40:51 localhost kernel: [ 5233.408853] [VPF ops]:[L210][gdc0_cap][S6][C2] vpf_vdev_close: refcount 0
Feb 28 10:40:51 localhost kernel: [ 5233.408858] [GDC ops]:[L148][gdc0_cap][S6][C2] gdc_subdev_close: cnt 5
Feb 28 10:40:51 localhost kernel: [ 5233.408886] [VPF ops]:[L2554][gdc0_cap] vpf_device_close: done
Feb 28 10:40:51 localhost kernel: [ 5233.408892] [VPF ops]:[L210][gdc0_src][S6][C2] vpf_vdev_close: refcount 0
Feb 28 10:40:51 localhost kernel: [ 5233.408900] [GDC ops]:[L148][gdc0_src][S6][C2] gdc_subdev_close: cnt 4
Feb 28 10:40:51 localhost kernel: [ 5233.408925] [VPF ops]:[L1732][gdc0_src][S6][C2] vpf_chain_del_vnode: done
Feb 28 10:40:51 localhost kernel: [ 5233.408930] [VPF ops]:[L2554][gdc0_src] vpf_device_close: done
Feb 28 10:40:51 localhost kernel: [ 5233.409001] hobot_jpu_dev: [JPUDRV]jpu_release_internal_res:2600: finish jpu_release_internal_res, current_pid=2300, tgid=1919
Feb 28 10:40:51 localhost kernel: [ 5233.409034] hobot_jpu_dev: [JPUDRV]jpu_release_internal_res:2600: finish jpu_release_internal_res, current_pid=2300, tgid=1919
Feb 28 10:40:51 localhost kernel: [ 5233.409081] [VPF ops]:[L210][vs-vse0_cap5][S65535][C0] vpf_vdev_close: refcount 0
Feb 28 10:40:51 localhost kernel: [ 5233.409087] [VPF ops]:[L2554][vs-vse0_cap5] vpf_device_close: done
Feb 28 10:40:51 localhost kernel: [ 5233.409094] [VPF ops]:[L210][vs-vse0_cap4][S65535][C0] vpf_vdev_close: refcount 0
Feb 28 10:40:51 localhost kernel: [ 5233.409100] [VPF ops]:[L2554][vs-vse0_cap4] vpf_device_close: done
Feb 28 10:40:51 localhost kernel: [ 5233.409106] [VPF ops]:[L210][vs-vse0_cap3][S65535][C0] vpf_vdev_close: refcount 0
Feb 28 10:40:51 localhost kernel: [ 5233.409112] [VPF ops]:[L2554][vs-vse0_cap3] vpf_device_close: done
Feb 28 10:40:51 localhost kernel: [ 5233.409119] [VPF ops]:[L210][vs-vse0_cap2][S65535][C0] vpf_vdev_close: refcount 0
Feb 28 10:40:51 localhost kernel: [ 5233.409124] [VPF ops]:[L2554][vs-vse0_cap2] vpf_device_close: done
Feb 28 10:40:51 localhost kernel: [ 5233.409131] [VPF ops]:[L210][vs-vse0_cap1][S65535][C0] vpf_vdev_close: refcount 0
Feb 28 10:40:51 localhost kernel: [ 5233.409136] [VPF ops]:[L2554][vs-vse0_cap1] vpf_device_close: done
Feb 28 10:40:51 localhost kernel: [ 5233.409142] [VPF ops]:[L210][vs-vse0_cap0][S65535][C0] vpf_vdev_close: refcount 0
Feb 28 10:40:51 localhost kernel: [ 5233.409170] [VPF ops]:[L2554][vs-vse0_cap0] vpf_device_close: done
Feb 28 10:40:51 localhost kernel: [ 5233.409176] [VIO node]:[L141][vse0] vio_group_task_stop: done
Feb 28 10:40:51 localhost kernel: [ 5233.409181] [VPF ops]:[L210][vs-vse0_src][S65535][C0] vpf_vdev_close: refcount 0
Feb 28 10:40:51 localhost kernel: [ 5233.409186] vse_nat_close set vse state to CLOSED
Feb 28 10:40:51 localhost kernel: [ 5233.410877] vs-vse 3d010000.vse: DW module is busy now and cannot be reset!
Feb 28 10:40:51 localhost kernel: [ 5233.410895] vse_nat_close vse_close(ret=-16).
Feb 28 10:40:51 localhost kernel: [ 5233.411457] [VPF ops]:[L2547][vs-vse0_src] vpf_device_close: dev close error(-16)
Feb 28 10:40:51 localhost kernel: [ 5233.412453] [VPF ops]:[L1719][vs-vse0_src][S65535][C0] vpf_chain_del_vnode: null
Feb 28 10:40:51 localhost kernel: [ 5233.412460] [VPF ops]:[L2554][vs-vse0_src] vpf_device_close: done
Feb 28 10:40:51 localhost kernel: [ 5233.412474] [VPF ops]:[L2492][flow][S5] vpf_subdev_close: done
Feb 28 10:40:51 localhost kernel: [ 5233.412479] [VPF ops]:[L2554][flow] vpf_device_close: done
Feb 28 10:40:51 localhost kernel: [ 5233.412588] [VPF ops]:[L81][S5][gdc0] vpf_wait_vnode_shot: cnt 10
Feb 28 10:40:51 localhost kernel: [ 5233.412596] [VPF ops]:[L1554][gdc0_src][S5][C1] vpf_video_stop: done start_cnt 1
Feb 28 10:40:51 localhost kernel: [ 5233.412606] [VPF ops]:[L1554][gdc0_cap][S5][C1] vpf_video_stop: done start_cnt 0
Feb 28 10:40:51 localhost kernel: [ 5233.412611] [VPF ops]:[L154][S5][gdc0] vpf_safety_close: sudden close
Feb 28 10:40:51 localhost kernel: [ 5233.412615] [VPF ops]:[L210][gdc0_cap][S5][C1] vpf_vdev_close: refcount 0
Feb 28 10:40:51 localhost kernel: [ 5233.412622] [GDC ops]:[L148][gdc0_cap][S5][C1] gdc_subdev_close: cnt 3
Feb 28 10:40:51 localhost kernel: [ 5233.412669] [VPF ops]:[L2554][gdc0_cap] vpf_device_close: done
Feb 28 10:40:51 localhost kernel: [ 5233.412678] [VPF ops]:[L210][gdc0_src][S5][C1] vpf_vdev_close: refcount 0
Feb 28 10:40:51 localhost kernel: [ 5233.412686] [GDC ops]:[L148][gdc0_src][S5][C1] gdc_subdev_close: cnt 2
Feb 28 10:40:51 localhost kernel: [ 5233.412704] [VPF ops]:[L1732][gdc0_src][S5][C1] vpf_chain_del_vnode: done
Feb 28 10:40:51 localhost kernel: [ 5233.412709] [VPF ops]:[L2554][gdc0_src] vpf_device_close: done
Feb 28 10:40:51 localhost kernel: [ 5233.412715] [VPF ops]:[L2492][flow][S4] vpf_subdev_close: done
Feb 28 10:40:51 localhost kernel: [ 5233.412718] [VPF ops]:[L2554][flow] vpf_device_close: done
Feb 28 10:40:51 localhost kernel: [ 5233.412764] [VPF ops]:[L81][S4][gdc0] vpf_wait_vnode_shot: cnt 10
Feb 28 10:40:51 localhost kernel: [ 5233.412770] [VPF ops]:[L1554][gdc0_src][S4][C0] vpf_video_stop: done start_cnt 1
Feb 28 10:40:51 localhost kernel: [ 5233.412778] [VPF ops]:[L1554][gdc0_cap][S4][C0] vpf_video_stop: done start_cnt 0
Feb 28 10:40:51 localhost kernel: [ 5233.412783] [VPF ops]:[L154][S4][gdc0] vpf_safety_close: sudden close
Feb 28 10:40:51 localhost kernel: [ 5233.412787] [VPF ops]:[L210][gdc0_cap][S4][C0] vpf_vdev_close: refcount 0
Feb 28 10:40:51 localhost kernel: [ 5233.412792] [GDC ops]:[L148][gdc0_cap][S4][C0] gdc_subdev_close: cnt 1
Feb 28 10:40:51 localhost kernel: [ 5233.412820] [VPF ops]:[L2554][gdc0_cap] vpf_device_close: done
Feb 28 10:40:51 localhost kernel: [ 5233.412826] [VIO node]:[L141][gdc0] vio_group_task_stop: done
Feb 28 10:40:51 localhost kernel: [ 5233.412830] [VPF ops]:[L210][gdc0_src][S4][C0] vpf_vdev_close: refcount 0
Feb 28 10:40:51 localhost kernel: [ 5233.412840] [GDC ops]:[L734]gdc_force_stop: gdc is already free
Feb 28 10:40:51 localhost kernel: [ 5233.412854] [GDC ops]:[L148][gdc0_src][S4][C0] gdc_subdev_close: cnt 0
Feb 28 10:40:51 localhost kernel: [ 5233.412868] [VPF ops]:[L1732][gdc0_src][S4][C0] vpf_chain_del_vnode: done
Feb 28 10:40:51 localhost kernel: [ 5233.412872] [VPF ops]:[L2554][gdc0_src] vpf_device_close: done
Feb 28 10:40:51 localhost kernel: [ 5233.412906] hobot_jpu_dev: [JPUDRV]jpu_release_internal_res:2600: finish jpu_release_internal_res, current_pid=2300, tgid=1919
Feb 28 10:40:51 localhost kernel: [ 5233.412924] hobot_jpu_dev: [JPUDRV]jpu_release_internal_res:2600: finish jpu_release_internal_res, current_pid=2300, tgid=1919
Feb 28 10:40:51 localhost kernel: [ 5233.412942] hobot_jpu_dev: [JPUDRV]jpu_free_instances:764: jpu_free_instances detect instance crash instIdx=3, jip_base=ffff80000f1a5000, instance_pool_size_per_core=3592, current_pid=2300, tgid=1919, filp=ffff000084b1ca00
Feb 28 10:40:51 localhost kernel: [ 5233.412956] hobot_jpu_dev: [JPUDRV]jpu_free_instances:764: jpu_free_instances detect instance crash instIdx=2, jip_base=ffff80000f1a5000, instance_pool_size_per_core=3592, current_pid=2300, tgid=1919, filp=ffff000084b1ca00
Feb 28 10:40:51 localhost kernel: [ 5233.412964] hobot_jpu_dev: [JPUDRV]jpu_free_instances:764: jpu_free_instances detect instance crash instIdx=1, jip_base=ffff80000f1a5000, instance_pool_size_per_core=3592, current_pid=2300, tgid=1919, filp=ffff000084b1ca00
Feb 28 10:40:51 localhost kernel: [ 5233.412973] hobot_jpu_dev: [JPUDRV]jpu_free_instances:764: jpu_free_instances detect instance crash instIdx=0, jip_base=ffff80000f1a5000, instance_pool_size_per_core=3592, current_pid=2300, tgid=1919, filp=ffff000084b1ca00
Feb 28 10:40:51 localhost kernel: [ 5233.413533] hobot_jpu_dev: [JPUDRV]jpu_release_internal_res:2600: finish jpu_release_internal_res, current_pid=2300, tgid=1919
Feb 28 10:40:51 localhost kernel: [ 5233.413718] vin sensor3: sensor_frame_end_stop_wait 124974 fe 0ms abort
Feb 28 10:40:51 localhost kernel: [ 5233.413726] vin sensor3: stream off sensor3: size 10
Feb 28 10:40:51 localhost kernel: [ 5233.414119] vin sensor3: sensor_stop sc132gs flow3 stop done
Feb 28 10:40:51 localhost kernel: [ 5233.414126] vin sensor3: sensor_detach flow3 link0 from sensor3 sc132gs
Feb 28 10:40:51 localhost kernel: [ 5233.414230] vin sensor3: sc132gs release i2c7@0x33
Feb 28 10:40:51 localhost kernel: [ 5233.414247] [VPF ops]:[L2492][flow][S3] vpf_subdev_close: done
Feb 28 10:40:51 localhost kernel: [ 5233.414252] [VPF ops]:[L2554][flow] vpf_device_close: done
Feb 28 10:40:51 localhost kernel: [ 5233.414308] [VPF ops]:[L81][S3][vin3] vpf_wait_vnode_shot: cnt 10
Feb 28 10:40:51 localhost kernel: [ 5233.414319] [L898][S3]cim_subdev_pre_stop
Feb 28 10:40:51 localhost kernel: [ 5233.414326] vin sensor3: sensor_stop sc132gs has stoped 
Feb 28 10:40:51 localhost kernel: [ 5233.414329] vin vcon3: sensor3 stop real done
Feb 28 10:40:51 localhost kernel: [ 5233.414339] vin mipi3: stop cmd: 0 real
Feb 28 10:40:51 localhost kernel: [ 5233.414352] [L657]cim_check_exit_state cnt 20 status 0
Feb 28 10:40:51 localhost kernel: [ 5233.414360] [L849][S3]cim_subdev_stop
Feb 28 10:40:51 localhost kernel: [ 5233.414363] [CIM]:[L141][S0]cim_video_streamoff done
Feb 28 10:40:51 localhost kernel: [ 5233.414367] [L1185][S0]vin_node_stop done
Feb 28 10:40:51 localhost kernel: [ 5233.414371] [VIN_NODE]:[L578][C0]vin_node_video_streamoff done
Feb 28 10:40:51 localhost kernel: [ 5233.414376] [VPF ops]:[L1554][vin3_src][S3][C0] vpf_video_stop: done start_cnt 1
Feb 28 10:40:51 localhost kernel: [ 5233.414384] [VPF ops]:[L1554][vin3_cap][S3][C0] vpf_video_stop: done start_cnt 0
Feb 28 10:40:51 localhost kernel: [ 5233.414390] [VPF ops]:[L154][S3][vin3] vpf_safety_close: sudden close
Feb 28 10:40:51 localhost kernel: [ 5233.414398] [VPF ops]:[L81][S3][isp0] vpf_wait_vnode_shot: cnt 10
Feb 28 10:40:51 localhost kernel: [ 5233.414404] [VPF ops]:[L1554][vs-isp0_src][S3][C1] vpf_video_stop: done start_cnt 1
Feb 28 10:40:51 localhost kernel: [ 5233.414410] isp_video_streamoff inst: 1, set isp state to STOPPED
Feb 28 10:40:51 localhost kernel: [ 5233.415533] [VPF ops]:[L1554][vs-isp0_cap][S3][C1] vpf_video_stop: done start_cnt 0
Feb 28 10:40:51 localhost kernel: [ 5233.415554] [VPF ops]:[L154][S3][isp0] vpf_safety_close: sudden close
Feb 28 10:40:51 localhost kernel: [ 5233.415561] [VPF ops]:[L210][vs-isp0_cap_raw][S3][C1] vpf_vdev_close: refcount 0
Feb 28 10:40:51 localhost kernel: [ 5233.415569] [VPF ops]:[L2554][vs-isp0_cap_raw] vpf_device_close: done
Feb 28 10:40:51 localhost kernel: [ 5233.415583] [VPF ops]:[L210][vs-isp0_cap][S3][C1] vpf_vdev_close: refcount 0
Feb 28 10:40:51 localhost kernel: [ 5233.415588] isp_nat_close set isp state to CLOSED
Feb 28 10:40:51 localhost kernel: [ 5233.418233] [VPF ops]:[L2554][vs-isp0_cap] vpf_device_close: done
Feb 28 10:40:51 localhost kernel: [ 5233.418256] [VPF ops]:[L210][vs-isp0_src_pd][S3][C1] vpf_vdev_close: refcount 0
Feb 28 10:40:51 localhost kernel: [ 5233.418264] [VPF ops]:[L2554][vs-isp0_src_pd] vpf_device_close: done
Feb 28 10:40:51 localhost kernel: [ 5233.418271] [VPF ops]:[L210][vs-isp0_src][S3][C1] vpf_vdev_close: refcount 0
Feb 28 10:40:51 localhost kernel: [ 5233.418291] [VPF ops]:[L1732][vs-isp0_src][S3][C1] vpf_chain_del_vnode: done
Feb 28 10:40:51 localhost kernel: [ 5233.418296] [VPF ops]:[L2554][vs-isp0_src] vpf_device_close: done
Feb 28 10:40:51 localhost kernel: [ 5233.418346] [VPF ops]:[L210][vin3_pdaf][S3][C0] vpf_vdev_close: refcount 0
Feb 28 10:40:51 localhost kernel: [ 5233.418357] [L1119][S3] cim_subdev_close hw_id = 3, refcount = 0
Feb 28 10:40:51 localhost kernel: [ 5233.418361] [L1272][S3] cim_close open_cnt 3
Feb 28 10:40:51 localhost kernel: [ 5233.418365] [CIM]:[L216][S0]cim_video_close done ret:0 
Feb 28 10:40:51 localhost kernel: [ 5233.418370] [L1319][S0][V12] vin_node_close done
Feb 28 10:40:51 localhost kernel: [ 5233.418374] [VIN_NODE]:[L718][C0]vin_node_video_close done
Feb 28 10:40:51 localhost kernel: [ 5233.418378] [VPF ops]:[L2554][vin3_pdaf] vpf_device_close: done
Feb 28 10:40:51 localhost kernel: [ 5233.418386] [VPF ops]:[L210][vin3_emb][S3][C0] vpf_vdev_close: refcount 0
Feb 28 10:40:51 localhost kernel: [ 5233.418392] [L1119][S3] cim_subdev_close hw_id = 3, refcount = 0
Feb 28 10:40:51 localhost kernel: [ 5233.418396] [L1272][S3] cim_close open_cnt 2
Feb 28 10:40:51 localhost kernel: [ 5233.418399] [CIM]:[L216][S0]cim_video_close done ret:0 
Feb 28 10:40:51 localhost kernel: [ 5233.418403] [L1319][S0][V11] vin_node_close done
Feb 28 10:40:51 localhost kernel: [ 5233.418406] [VIN_NODE]:[L718][C0]vin_node_video_close done
Feb 28 10:40:51 localhost kernel: [ 5233.418410] [VPF ops]:[L2554][vin3_emb] vpf_device_close: done
Feb 28 10:40:51 localhost kernel: [ 5233.418417] [VPF ops]:[L210][vin3_cap][S3][C0] vpf_vdev_close: refcount 0
Feb 28 10:40:51 localhost kernel: [ 5233.418422] [L1119][S3] cim_subdev_close hw_id = 3, refcount = 0
Feb 28 10:40:51 localhost kernel: [ 5233.418426] [L1272][S3] cim_close open_cnt 1
Feb 28 10:40:51 localhost kernel: [ 5233.418430] [CIM]:[L216][S0]cim_video_close done ret:0 
Feb 28 10:40:51 localhost kernel: [ 5233.418433] [L1319][S0][V8] vin_node_close done
Feb 28 10:40:51 localhost kernel: [ 5233.418437] [VIN_NODE]:[L718][C0]vin_node_video_close done
Feb 28 10:40:51 localhost kernel: [ 5233.418472] [VPF ops]:[L2554][vin3_cap] vpf_device_close: done
Feb 28 10:40:51 localhost kernel: [ 5233.418480] [VIO node]:[L141][vin3] vio_group_task_stop: done
Feb 28 10:40:51 localhost kernel: [ 5233.418485] [VPF ops]:[L210][vin3_src][S3][C0] vpf_vdev_close: refcount 0
Feb 28 10:40:51 localhost kernel: [ 5233.418490] [L1119][S3] cim_subdev_close hw_id = 3, refcount = 0
Feb 28 10:40:51 localhost kernel: [ 5233.418497] [VPF mgr]:[L478]empty_camsys_reset: empty function
Feb 28 10:40:51 localhost kernel: [ 5233.418505] hobot-sif 3d050000.sif: sif3 reset done
Feb 28 10:40:51 localhost kernel: [ 5233.418512] [L1272][S3] cim_close open_cnt 0
Feb 28 10:40:51 localhost kernel: [ 5233.418516] [CIM]:[L216][S0]cim_video_close done ret:0 
Feb 28 10:40:51 localhost kernel: [ 5233.418549] vin mipi3: sensor3_mclk set 0 as 24000000
Feb 28 10:40:51 localhost kernel: [ 5233.418554] vin mipi3: snrclk set disable
Feb 28 10:40:51 localhost kernel: [ 5233.418559] vin mipi3: deinit cmd: 0 real
Feb 28 10:40:51 localhost kernel: [ 5233.418568] vin vcon3: get attr valid bus7 rx3 done
Feb 28 10:40:51 localhost kernel: [ 5233.418577] vin vcon3: flow3.ctx0 detach sensor3 done
Feb 28 10:40:51 localhost kernel: [ 5233.418581] vin vcon3: vcon3 close 0: flow3 ctx0 real
Feb 28 10:40:51 localhost kernel: [ 5233.418586] [L1319][S0][V0] vin_node_close done
Feb 28 10:40:51 localhost kernel: [ 5233.418589] [VIN_NODE]:[L718][C0]vin_node_video_close done
Feb 28 10:40:51 localhost kernel: [ 5233.418599] [VPF ops]:[L1732][vin3_src][S3][C0] vpf_chain_del_vnode: done
Feb 28 10:40:51 localhost kernel: [ 5233.418603] [VPF ops]:[L2554][vin3_src] vpf_device_close: done
Feb 28 10:40:51 localhost kernel: [ 5233.418621] vin sensor2: sensor_frame_end_stop_wait 26014 fe 0ms
Feb 28 10:40:51 localhost kernel: [ 5233.418627] vin sensor2: sensor_evk_do: finish to doing
Feb 28 10:40:51 localhost kernel: [ 5233.418632] vin sensor2: sensor_evk_do: doing wait evk abort -512
Feb 28 10:40:51 localhost kernel: [ 5233.418637] vin sensor2: sensor_detach flow2 link0 from sensor2 
Feb 28 10:40:51 localhost kernel: [ 5233.418643] vin sensor2:  release client NULL
Feb 28 10:40:51 localhost kernel: [ 5233.418656] [VPF ops]:[L2492][flow][S2] vpf_subdev_close: done
Feb 28 10:40:51 localhost kernel: [ 5233.418660] [VPF ops]:[L2554][flow] vpf_device_close: done
Feb 28 10:40:51 localhost kernel: [ 5233.418708] [VPF ops]:[L81][S2][vin1] vpf_wait_vnode_shot: cnt 10
Feb 28 10:40:51 localhost kernel: [ 5233.418718] [L898][S2]cim_subdev_pre_stop
Feb 28 10:40:51 localhost kernel: [ 5233.418723] vin sensor2: sensor_stop  has stoped 
Feb 28 10:40:51 localhost kernel: [ 5233.418727] vin vcon1: sensor2 stop real done
Feb 28 10:40:51 localhost kernel: [ 5233.418733] vin mipi1: stop cmd: 0 real
Feb 28 10:40:51 localhost kernel: [ 5233.418745] [L657]cim_check_exit_state cnt 20 status 0
Feb 28 10:40:51 localhost kernel: [ 5233.418753] [L849][S2]cim_subdev_stop
Feb 28 10:40:51 localhost kernel: [ 5233.418756] [CIM]:[L141][S0]cim_video_streamoff done
Feb 28 10:40:51 localhost kernel: [ 5233.418760] [L1185][S0]vin_node_stop done
Feb 28 10:40:51 localhost kernel: [ 5233.418764] [VIN_NODE]:[L578][C0]vin_node_video_streamoff done
Feb 28 10:40:51 localhost kernel: [ 5233.418768] [VPF ops]:[L1554][vin1_src][S2][C0] vpf_video_stop: done start_cnt 1
Feb 28 10:40:51 localhost kernel: [ 5233.418777] [VPF ops]:[L1554][vin1_cap][S2][C0] vpf_video_stop: done start_cnt 0
Feb 28 10:40:51 localhost kernel: [ 5233.418782] [VPF ops]:[L154][S2][vin1] vpf_safety_close: sudden close
Feb 28 10:40:51 localhost kernel: [ 5233.418787] [VPF ops]:[L210][vin1_pdaf][S2][C0] vpf_vdev_close: refcount 0
Feb 28 10:40:51 localhost kernel: [ 5233.418794] [L1119][S2] cim_subdev_close hw_id = 1, refcount = 0
Feb 28 10:40:51 localhost kernel: [ 5233.418798] [L1272][S2] cim_close open_cnt 3
Feb 28 10:40:51 localhost kernel: [ 5233.418801] [CIM]:[L216][S0]cim_video_close done ret:0 
Feb 28 10:40:51 localhost kernel: [ 5233.418805] [L1319][S0][V12] vin_node_close done
Feb 28 10:40:51 localhost kernel: [ 5233.418808] [VIN_NODE]:[L718][C0]vin_node_video_close done
Feb 28 10:40:51 localhost kernel: [ 5233.418812] [VPF ops]:[L2554][vin1_pdaf] vpf_device_close: done
Feb 28 10:40:51 localhost kernel: [ 5233.418820] [VPF ops]:[L210][vin1_emb][S2][C0] vpf_vdev_close: refcount 0
Feb 28 10:40:51 localhost kernel: [ 5233.418826] [L1119][S2] cim_subdev_close hw_id = 1, refcount = 0
Feb 28 10:40:51 localhost kernel: [ 5233.418830] [L1272][S2] cim_close open_cnt 2
Feb 28 10:40:51 localhost kernel: [ 5233.418833] [CIM]:[L216][S0]cim_video_close done ret:0 
Feb 28 10:40:51 localhost kernel: [ 5233.418836] [L1319][S0][V11] vin_node_close done
Feb 28 10:40:51 localhost kernel: [ 5233.418840] [VIN_NODE]:[L718][C0]vin_node_video_close done
Feb 28 10:40:51 localhost kernel: [ 5233.418843] [VPF ops]:[L2554][vin1_emb] vpf_device_close: done
Feb 28 10:40:51 localhost kernel: [ 5233.418850] [VPF ops]:[L210][vin1_cap][S2][C0] vpf_vdev_close: refcount 0
Feb 28 10:40:51 localhost kernel: [ 5233.418855] [L1119][S2] cim_subdev_close hw_id = 1, refcount = 0
Feb 28 10:40:51 localhost kernel: [ 5233.418859] [L1272][S2] cim_close open_cnt 1
Feb 28 10:40:51 localhost kernel: [ 5233.418862] [CIM]:[L216][S0]cim_video_close done ret:0 
Feb 28 10:40:51 localhost kernel: [ 5233.418866] [L1319][S0][V8] vin_node_close done
Feb 28 10:40:51 localhost kernel: [ 5233.418869] [VIN_NODE]:[L718][C0]vin_node_video_close done
Feb 28 10:40:51 localhost kernel: [ 5233.418909] [VPF ops]:[L2554][vin1_cap] vpf_device_close: done
Feb 28 10:40:51 localhost kernel: [ 5233.418916] [VIO node]:[L141][vin1] vio_group_task_stop: done
Feb 28 10:40:51 localhost kernel: [ 5233.418920] [VPF ops]:[L210][vin1_src][S2][C0] vpf_vdev_close: refcount 0
Feb 28 10:40:51 localhost kernel: [ 5233.418925] [L1119][S2] cim_subdev_close hw_id = 1, refcount = 0
Feb 28 10:40:51 localhost kernel: [ 5233.418930] [VPF mgr]:[L478]empty_camsys_reset: empty function
Feb 28 10:40:51 localhost kernel: [ 5233.418937] hobot-sif 3d030000.sif: sif1 reset done
Feb 28 10:40:51 localhost kernel: [ 5233.418943] [L1272][S2] cim_close open_cnt 0
Feb 28 10:40:51 localhost kernel: [ 5233.418947] [CIM]:[L216][S0]cim_video_close done ret:0 
Feb 28 10:40:51 localhost kernel: [ 5233.418968] vin mipi1: sensor1_mclk set 0 as 24000000
Feb 28 10:40:51 localhost kernel: [ 5233.418973] vin mipi1: snrclk set disable
Feb 28 10:40:51 localhost kernel: [ 5233.418976] vin mipi1: deinit cmd: 0 real
Feb 28 10:40:51 localhost kernel: [ 5233.418982] vin vcon1: get attr valid bus4 rx1 done
Feb 28 10:40:51 localhost kernel: [ 5233.418989] vin vcon1: flow2.ctx0 detach sensor2 done
Feb 28 10:40:51 localhost kernel: [ 5233.418993] vin vcon1: vcon1 close 0: flow2 ctx0 real
Feb 28 10:40:51 localhost kernel: [ 5233.418997] [L1319][S0][V0] vin_node_close done
Feb 28 10:40:51 localhost kernel: [ 5233.419000] [VIN_NODE]:[L718][C0]vin_node_video_close done
Feb 28 10:40:51 localhost kernel: [ 5233.419007] [VPF ops]:[L1732][vin1_src][S2][C0] vpf_chain_del_vnode: done
Feb 28 10:40:51 localhost kernel: [ 5233.419011] [VPF ops]:[L2554][vin1_src] vpf_device_close: done
Feb 28 10:40:51 localhost kernel: [ 5233.419024] vin sensor1: sensor_frame_end_stop_wait 26014 fe 0ms
Feb 28 10:40:51 localhost kernel: [ 5233.419029] vin sensor1: sensor_evk_do: finish to doing
Feb 28 10:40:51 localhost kernel: [ 5233.419035] vin sensor1: sensor_evk_do: doing wait evk abort -512
Feb 28 10:40:51 localhost kernel: [ 5233.419039] vin sensor1: sensor_detach flow1 link0 from sensor1 
Feb 28 10:40:51 localhost kernel: [ 5233.419044] vin sensor1:  release client NULL
Feb 28 10:40:51 localhost kernel: [ 5233.419053] [VPF ops]:[L2492][flow][S1] vpf_subdev_close: done
Feb 28 10:40:51 localhost kernel: [ 5233.419057] [VPF ops]:[L2554][flow] vpf_device_close: done
Feb 28 10:40:51 localhost kernel: [ 5233.419103] [VPF ops]:[L81][S1][vin0] vpf_wait_vnode_shot: cnt 10
Feb 28 10:40:51 localhost kernel: [ 5233.419112] [L898][S1]cim_subdev_pre_stop
Feb 28 10:40:51 localhost kernel: [ 5233.419117] vin sensor1: sensor_stop  has stoped 
Feb 28 10:40:51 localhost kernel: [ 5233.419121] vin vcon0: sensor1 stop real done
Feb 28 10:40:51 localhost kernel: [ 5233.419126] vin mipi0: stop cmd: 0 real
Feb 28 10:40:51 localhost kernel: [ 5233.419136] [L657]cim_check_exit_state cnt 20 status 0
Feb 28 10:40:51 localhost kernel: [ 5233.419143] [L849][S1]cim_subdev_stop
Feb 28 10:40:51 localhost kernel: [ 5233.419147] [CIM]:[L141][S0]cim_video_streamoff done
Feb 28 10:40:51 localhost kernel: [ 5233.419150] [L1185][S0]vin_node_stop done
Feb 28 10:40:51 localhost kernel: [ 5233.419153] [VIN_NODE]:[L578][C0]vin_node_video_streamoff done
Feb 28 10:40:51 localhost kernel: [ 5233.419157] [VPF ops]:[L1554][vin0_src][S1][C0] vpf_video_stop: done start_cnt 1
Feb 28 10:40:51 localhost kernel: [ 5233.419165] [VPF ops]:[L1554][vin0_cap][S1][C0] vpf_video_stop: done start_cnt 0
Feb 28 10:40:51 localhost kernel: [ 5233.419170] [VPF ops]:[L154][S1][vin0] vpf_safety_close: sudden close
Feb 28 10:40:51 localhost kernel: [ 5233.419176] [VPF ops]:[L210][vin0_pdaf][S1][C0] vpf_vdev_close: refcount 0
Feb 28 10:40:51 localhost kernel: [ 5233.419182] [L1119][S1] cim_subdev_close hw_id = 0, refcount = 0
Feb 28 10:40:51 localhost kernel: [ 5233.419186] [L1272][S1] cim_close open_cnt 3
Feb 28 10:40:51 localhost kernel: [ 5233.419189] [CIM]:[L216][S0]cim_video_close done ret:0 
Feb 28 10:40:51 localhost kernel: [ 5233.419193] [L1319][S0][V12] vin_node_close done
Feb 28 10:40:51 localhost kernel: [ 5233.419196] [VIN_NODE]:[L718][C0]vin_node_video_close done
Feb 28 10:40:51 localhost kernel: [ 5233.419200] [VPF ops]:[L2554][vin0_pdaf] vpf_device_close: done
Feb 28 10:40:51 localhost kernel: [ 5233.419208] [VPF ops]:[L210][vin0_emb][S1][C0] vpf_vdev_close: refcount 0
Feb 28 10:40:51 localhost kernel: [ 5233.419213] [L1119][S1] cim_subdev_close hw_id = 0, refcount = 0
Feb 28 10:40:51 localhost kernel: [ 5233.419217] [L1272][S1] cim_close open_cnt 2
Feb 28 10:40:51 localhost kernel: [ 5233.419220] [CIM]:[L216][S0]cim_video_close done ret:0 
Feb 28 10:40:51 localhost kernel: [ 5233.419224] [L1319][S0][V11] vin_node_close done
Feb 28 10:40:51 localhost kernel: [ 5233.419227] [VIN_NODE]:[L718][C0]vin_node_video_close done
Feb 28 10:40:51 localhost kernel: [ 5233.419231] [VPF ops]:[L2554][vin0_emb] vpf_device_close: done
Feb 28 10:40:51 localhost kernel: [ 5233.419237] [VPF ops]:[L210][vin0_cap][S1][C0] vpf_vdev_close: refcount 0
Feb 28 10:40:51 localhost kernel: [ 5233.419242] [L1119][S1] cim_subdev_close hw_id = 0, refcount = 0
Feb 28 10:40:51 localhost kernel: [ 5233.419246] [L1272][S1] cim_close open_cnt 1
Feb 28 10:40:51 localhost kernel: [ 5233.419249] [CIM]:[L216][S0]cim_video_close done ret:0 
Feb 28 10:40:51 localhost kernel: [ 5233.419253] [L1319][S0][V8] vin_node_close done
Feb 28 10:40:51 localhost kernel: [ 5233.419256] [VIN_NODE]:[L718][C0]vin_node_video_close done
Feb 28 10:40:51 localhost kernel: [ 5233.419288] [VPF ops]:[L2554][vin0_cap] vpf_device_close: done
Feb 28 10:40:51 localhost kernel: [ 5233.419295] [VIO node]:[L141][vin0] vio_group_task_stop: done
Feb 28 10:40:51 localhost kernel: [ 5233.419299] [VPF ops]:[L210][vin0_src][S1][C0] vpf_vdev_close: refcount 0
Feb 28 10:40:51 localhost kernel: [ 5233.419303] [L1119][S1] cim_subdev_close hw_id = 0, refcount = 0
Feb 28 10:40:51 localhost kernel: [ 5233.419309] [VPF mgr]:[L478]empty_camsys_reset: empty function
Feb 28 10:40:51 localhost kernel: [ 5233.419315] hobot-sif 3d020000.sif: sif0 reset done
Feb 28 10:40:51 localhost kernel: [ 5233.419321] [L1272][S1] cim_close open_cnt 0
Feb 28 10:40:51 localhost kernel: [ 5233.419325] [CIM]:[L216][S0]cim_video_close done ret:0 
Feb 28 10:40:51 localhost kernel: [ 5233.419344] vin mipi0: sensor0_mclk set 0 as 24000000
Feb 28 10:40:51 localhost kernel: [ 5233.419349] vin mipi0: snrclk set disable
Feb 28 10:40:51 localhost kernel: [ 5233.419353] vin mipi0: deinit cmd: 0 real
Feb 28 10:40:51 localhost kernel: [ 5233.419359] vin vcon0: get attr valid bus7 rx0 done
Feb 28 10:40:51 localhost kernel: [ 5233.419365] vin vcon0: flow1.ctx0 detach sensor1 done
Feb 28 10:40:51 localhost kernel: [ 5233.419369] vin vcon0: vcon0 close 0: flow1 ctx0 real
Feb 28 10:40:51 localhost kernel: [ 5233.419373] [L1319][S0][V0] vin_node_close done
Feb 28 10:40:51 localhost kernel: [ 5233.419376] [VIN_NODE]:[L718][C0]vin_node_video_close done
Feb 28 10:40:51 localhost kernel: [ 5233.419383] [VPF ops]:[L1732][vin0_src][S1][C0] vpf_chain_del_vnode: done
Feb 28 10:40:51 localhost kernel: [ 5233.419387] [VPF ops]:[L2554][vin0_src] vpf_device_close: done
Feb 28 10:40:51 localhost kernel: [ 5233.419400] vin sensor0: sensor_frame_end_stop_wait 124984 fe 0ms abort
Feb 28 10:40:51 localhost kernel: [ 5233.419406] vin sensor0: stream off sensor0: size 10
Feb 28 10:40:51 localhost kernel: [ 5233.419975] vin sensor0: sensor_stop sc132gs flow0 stop done
Feb 28 10:40:51 localhost kernel: [ 5233.419990] vin sensor0: sensor_detach flow0 link0 from sensor0 sc132gs
Feb 28 10:40:51 localhost kernel: [ 5233.420089] vin sensor0: sc132gs release i2c7@0x32
Feb 28 10:40:51 localhost kernel: [ 5233.420114] [VPF ops]:[L2492][flow][S0] vpf_subdev_close: done
Feb 28 10:40:51 localhost kernel: [ 5233.420120] [VPF ops]:[L2554][flow] vpf_device_close: done
Feb 28 10:40:51 localhost kernel: [ 5233.420180] [VPF ops]:[L81][S0][vin2] vpf_wait_vnode_shot: cnt 10
Feb 28 10:40:51 localhost kernel: [ 5233.420191] [L898][S0]cim_subdev_pre_stop
Feb 28 10:40:51 localhost kernel: [ 5233.420197] vin sensor0: sensor_stop sc132gs has stoped 
Feb 28 10:40:51 localhost kernel: [ 5233.420201] vin vcon2: sensor0 stop real done
Feb 28 10:40:51 localhost kernel: [ 5233.420211] vin mipi2: stop cmd: 0 real
Feb 28 10:40:51 localhost kernel: [ 5233.420223] [L657]cim_check_exit_state cnt 20 status 0
Feb 28 10:40:51 localhost kernel: [ 5233.420231] [L849][S0]cim_subdev_stop
Feb 28 10:40:51 localhost kernel: [ 5233.420235] [CIM]:[L141][S0]cim_video_streamoff done
Feb 28 10:40:51 localhost kernel: [ 5233.420238] [L1185][S0]vin_node_stop done
Feb 28 10:40:51 localhost kernel: [ 5233.420242] [VIN_NODE]:[L578][C0]vin_node_video_streamoff done
Feb 28 10:40:51 localhost kernel: [ 5233.420247] [VPF ops]:[L1554][vin2_src][S0][C0] vpf_video_stop: done start_cnt 1
Feb 28 10:40:51 localhost kernel: [ 5233.420255] [VPF ops]:[L1554][vin2_cap][S0][C0] vpf_video_stop: done start_cnt 0
Feb 28 10:40:51 localhost kernel: [ 5233.420261] [VPF ops]:[L154][S0][vin2] vpf_safety_close: sudden close
Feb 28 10:40:51 localhost kernel: [ 5233.420271] [VPF ops]:[L81][S0][isp0] vpf_wait_vnode_shot: cnt 10
Feb 28 10:40:51 localhost kernel: [ 5233.420277] [VPF ops]:[L1554][vs-isp0_src][S0][C0] vpf_video_stop: done start_cnt 1
Feb 28 10:40:51 localhost kernel: [ 5233.420283] isp_video_streamoff inst: 0, set isp state to STOPPED
Feb 28 10:40:51 localhost kernel: [ 5233.423398] [VPF ops]:[L1554][vs-isp0_cap][S0][C0] vpf_video_stop: done start_cnt 0
Feb 28 10:40:51 localhost kernel: [ 5233.423415] [VPF ops]:[L154][S0][isp0] vpf_safety_close: sudden close
Feb 28 10:40:51 localhost kernel: [ 5233.423422] [VPF ops]:[L210][vs-isp0_cap_raw][S0][C0] vpf_vdev_close: refcount 0
Feb 28 10:40:51 localhost kernel: [ 5233.423431] [VPF ops]:[L2554][vs-isp0_cap_raw] vpf_device_close: done
Feb 28 10:40:51 localhost kernel: [ 5233.423444] [VPF ops]:[L210][vs-isp0_cap][S0][C0] vpf_vdev_close: refcount 0
Feb 28 10:40:51 localhost kernel: [ 5233.423449] isp_nat_close set isp state to CLOSED
Feb 28 10:40:51 localhost kernel: [ 5233.425982] [VPF ops]:[L2554][vs-isp0_cap] vpf_device_close: done
Feb 28 10:40:51 localhost kernel: [ 5233.426008] [VPF ops]:[L210][vs-isp0_src_pd][S0][C0] vpf_vdev_close: refcount 0
Feb 28 10:40:51 localhost kernel: [ 5233.426015] [VPF ops]:[L2554][vs-isp0_src_pd] vpf_device_close: done
Feb 28 10:40:51 localhost kernel: [ 5233.426023] [VIO node]:[L141][isp0] vio_group_task_stop: done
Feb 28 10:40:51 localhost kernel: [ 5233.426028] [VPF ops]:[L210][vs-isp0_src][S0][C0] vpf_vdev_close: refcount 0
Feb 28 10:40:51 localhost kernel: [ 5233.426049] [VPF ops]:[L1732][vs-isp0_src][S0][C0] vpf_chain_del_vnode: done
Feb 28 10:40:51 localhost kernel: [ 5233.426054] [VPF ops]:[L2554][vs-isp0_src] vpf_device_close: done
Feb 28 10:40:51 localhost kernel: [ 5233.430679] [VPF ops]:[L210][vin2_pdaf][S0][C0] vpf_vdev_close: refcount 0
Feb 28 10:40:51 localhost kernel: [ 5233.430700] [L1119][S0] cim_subdev_close hw_id = 2, refcount = 0
Feb 28 10:40:51 localhost kernel: [ 5233.430705] [L1272][S0] cim_close open_cnt 3
Feb 28 10:40:51 localhost kernel: [ 5233.430709] [CIM]:[L216][S0]cim_video_close done ret:0 
Feb 28 10:40:51 localhost kernel: [ 5233.430713] [L1319][S0][V12] vin_node_close done
Feb 28 10:40:51 localhost kernel: [ 5233.430717] [VIN_NODE]:[L718][C0]vin_node_video_close done
Feb 28 10:40:51 localhost kernel: [ 5233.430722] [VPF ops]:[L2554][vin2_pdaf] vpf_device_close: done
Feb 28 10:40:51 localhost kernel: [ 5233.430732] [VPF ops]:[L210][vin2_emb][S0][C0] vpf_vdev_close: refcount 0
Feb 28 10:40:51 localhost kernel: [ 5233.430737] [L1119][S0] cim_subdev_close hw_id = 2, refcount = 0
Feb 28 10:40:51 localhost kernel: [ 5233.430741] [L1272][S0] cim_close open_cnt 2
Feb 28 10:40:51 localhost kernel: [ 5233.430744] [CIM]:[L216][S0]cim_video_close done ret:0 
Feb 28 10:40:51 localhost kernel: [ 5233.430748] [L1319][S0][V11] vin_node_close done
Feb 28 10:40:51 localhost kernel: [ 5233.430751] [VIN_NODE]:[L718][C0]vin_node_video_close done
Feb 28 10:40:51 localhost kernel: [ 5233.430755] [VPF ops]:[L2554][vin2_emb] vpf_device_close: done
Feb 28 10:40:51 localhost kernel: [ 5233.430762] [VPF ops]:[L210][vin2_cap][S0][C0] vpf_vdev_close: refcount 0
Feb 28 10:40:51 localhost kernel: [ 5233.430767] [L1119][S0] cim_subdev_close hw_id = 2, refcount = 0
Feb 28 10:40:51 localhost kernel: [ 5233.430771] [L1272][S0] cim_close open_cnt 1
Feb 28 10:40:51 localhost kernel: [ 5233.430775] [CIM]:[L216][S0]cim_video_close done ret:0 
Feb 28 10:40:51 localhost kernel: [ 5233.430778] [L1319][S0][V8] vin_node_close done
Feb 28 10:40:51 localhost kernel: [ 5233.430781] [VIN_NODE]:[L718][C0]vin_node_video_close done
Feb 28 10:40:51 localhost kernel: [ 5233.431247] [VPF ops]:[L2554][vin2_cap] vpf_device_close: done
Feb 28 10:40:51 localhost kernel: [ 5233.431265] [VIO node]:[L141][vin2] vio_group_task_stop: done
Feb 28 10:40:51 localhost kernel: [ 5233.431270] [VPF ops]:[L210][vin2_src][S0][C0] vpf_vdev_close: refcount 0
Feb 28 10:40:51 localhost kernel: [ 5233.431278] [L1119][S0] cim_subdev_close hw_id = 2, refcount = 0
Feb 28 10:40:51 localhost kernel: [ 5233.431285] [VPF mgr]:[L478]empty_camsys_reset: empty function
Feb 28 10:40:51 localhost kernel: [ 5233.431293] hobot-sif 3d040000.sif: sif2 reset done
Feb 28 10:40:51 localhost kernel: [ 5233.431310] [L1272][S0] cim_close open_cnt 0
Feb 28 10:40:51 localhost kernel: [ 5233.431314] [CIM]:[L216][S0]cim_video_close done ret:0 
Feb 28 10:40:51 localhost kernel: [ 5233.431341] vin mipi2: sensor2_mclk set 0 as 24000000
Feb 28 10:40:51 localhost kernel: [ 5233.431346] vin mipi2: snrclk set disable
Feb 28 10:40:51 localhost kernel: [ 5233.431352] vin mipi2: deinit cmd: 0 real
Feb 28 10:40:51 localhost kernel: [ 5233.431359] vin vcon2: get attr valid bus7 rx2 done
Feb 28 10:40:51 localhost kernel: [ 5233.431376] vin vcon2: flow0.ctx0 detach sensor0 done
Feb 28 10:40:51 localhost kernel: [ 5233.431380] vin vcon2: vcon2 close 0: flow0 ctx0 real
Feb 28 10:40:51 localhost kernel: [ 5233.431384] [L1319][S0][V0] vin_node_close done
Feb 28 10:40:51 localhost kernel: [ 5233.431388] [VIN_NODE]:[L718][C0]vin_node_video_close done
Feb 28 10:40:51 localhost kernel: [ 5233.431400] [VPF ops]:[L1732][vin2_src][S0][C0] vpf_chain_del_vnode: done
Feb 28 10:40:51 localhost kernel: [ 5233.431405] [VPF ops]:[L2554][vin2_src] vpf_device_close: done
Feb 28 10:41:39 localhost kernel: [ 5281.800167] EXT4-fs (mmcblk0p10): re-mounted. Quota mode: disabled.
Feb 28 10:40:48 localhost kernel: [ 5293.588259] [VPF mgr]:[L478]empty_camsys_reset: empty function
Feb 28 10:40:48 localhost kernel: [ 5293.588280] [L1228]cim_open open_cnt :1
Feb 28 10:40:48 localhost kernel: [ 5293.588286] [CIM]:[L192][S0]cim_video_open done ret val:0
Feb 28 10:40:48 localhost kernel: [ 5293.588290] [L1227][S0]vin_node_open done
Feb 28 10:40:48 localhost kernel: [ 5293.588294] [VIN_NODE]:[L694][C0]vin_node_video_open done
Feb 28 10:40:48 localhost kernel: [ 5293.588298] [VPF ops]:[L2575][vin0_src] vpf_device_open: done
Feb 28 10:40:48 localhost kernel: [ 5293.588322] [L1228]cim_open open_cnt :2
Feb 28 10:40:48 localhost kernel: [ 5293.588326] [CIM]:[L192][S0]cim_video_open done ret val:0
Feb 28 10:40:48 localhost kernel: [ 5293.588329] [L1227][S0]vin_node_open done
Feb 28 10:40:48 localhost kernel: [ 5293.588333] [VIN_NODE]:[L694][C0]vin_node_video_open done
Feb 28 10:40:48 localhost kernel: [ 5293.588336] [VPF ops]:[L2575][vin0_cap] vpf_device_open: done
Feb 28 10:40:48 localhost kernel: [ 5293.588349] [L1228]cim_open open_cnt :3
Feb 28 10:40:48 localhost kernel: [ 5293.588352] [CIM]:[L192][S0]cim_video_open done ret val:0
Feb 28 10:40:48 localhost kernel: [ 5293.588356] [L1227][S0]vin_node_open done
Feb 28 10:40:48 localhost kernel: [ 5293.588359] [VIN_NODE]:[L694][C0]vin_node_video_open done
Feb 28 10:40:48 localhost kernel: [ 5293.588362] [VPF ops]:[L2575][vin0_emb] vpf_device_open: done
Feb 28 10:40:48 localhost kernel: [ 5293.588374] [L1228]cim_open open_cnt :4
Feb 28 10:40:48 localhost kernel: [ 5293.588377] [CIM]:[L192][S0]cim_video_open done ret val:0
Feb 28 10:40:48 localhost kernel: [ 5293.588381] [L1227][S0]vin_node_open done
Feb 28 10:40:48 localhost kernel: [ 5293.588385] [VIN_NODE]:[L694][C0]vin_node_video_open done
Feb 28 10:40:48 localhost kernel: [ 5293.588388] [VPF ops]:[L2575][vin0_pdaf] vpf_device_open: done
Feb 28 10:40:48 localhost kernel: [ 5293.588420] [VPF ops]:[L439][vin0_src][C0] vpf_vctx_bind_vdev: done, ctx_index(0) refcount(1)
Feb 28 10:40:48 localhost kernel: [ 5293.588428] [VPF ops]:[L1875][vin0_src][C0] vpf_video_bind_context: done
Feb 28 10:40:48 localhost kernel: [ 5293.588435] [VPF ops]:[L439][vin0_cap][C0] vpf_vctx_bind_vdev: done, ctx_index(0) refcount(1)
Feb 28 10:40:48 localhost kernel: [ 5293.588439] [VPF ops]:[L1875][vin0_cap][C0] vpf_video_bind_context: done
Feb 28 10:40:48 localhost kernel: [ 5293.588445] [VPF ops]:[L439][vin0_emb][C0] vpf_vctx_bind_vdev: done, ctx_index(0) refcount(1)
Feb 28 10:40:48 localhost kernel: [ 5293.588450] [VPF ops]:[L1875][vin0_emb][C0] vpf_video_bind_context: done
Feb 28 10:40:48 localhost kernel: [ 5293.588455] [VPF ops]:[L439][vin0_pdaf][C0] vpf_vctx_bind_vdev: done, ctx_index(0) refcount(1)
Feb 28 10:40:48 localhost kernel: [ 5293.588460] [VPF ops]:[L1875][vin0_pdaf][C0] vpf_video_bind_context: done
Feb 28 10:40:48 localhost kernel: [ 5293.588490] [VIN_NODE]:[L38]The vin node driver version is v1.1
Feb 28 10:40:48 localhost kernel: [ 5293.588494] [VPF ops]:[L1031][vin0_src][C0] vpf_video_get_version: done
Feb 28 10:40:48 localhost kernel: [ 5293.588536] [VPF ops]:[L1079][vin0_src][C0] vpf_video_get_struct_size: done
Feb 28 10:40:48 localhost kernel: [ 5293.588556] [CIM]:[L247][C0]cim_video_set_attr done ret val:0
Feb 28 10:40:48 localhost kernel: [ 5293.588561] [L423][C0] vin_node_set_attr ipi 0 done
Feb 28 10:40:48 localhost kernel: [ 5293.588565] [VIN_NODE]:[L239][C0]vin_node_video_set_attr done
Feb 28 10:40:48 localhost kernel: [ 5293.588569] [VPF ops]:[L689][vin0_cap][C0] vpf_video_set_init_attr: done
Feb 28 10:40:48 localhost kernel: [ 5293.588579] vin vcon0: vcon0 open 0: flow65535 ctx0 real
Feb 28 10:40:48 localhost kernel: [ 5293.588585] [L624][S65535][C0][ipi0]cim_subdev_init hw_id = 0
Feb 28 10:40:48 localhost kernel: [ 5293.588590] [CIM]:[L247][C0]cim_video_set_attr done ret val:0
Feb 28 10:40:48 localhost kernel: [ 5293.588595] vin vcon0: get attr valid bus7 rx0 done
Feb 28 10:40:48 localhost kernel: [ 5293.588600] [L423][C0] vin_node_set_attr ipi 0 done
Feb 28 10:40:48 localhost kernel: [ 5293.588604] [VIN_NODE]:[L239][C0]vin_node_video_set_attr done
Feb 28 10:40:48 localhost kernel: [ 5293.588608] [VIO node]:[L104][vin0] vio_group_task_start: sched_mode 1
Feb 28 10:40:48 localhost kernel: [ 5293.588612] [VPF ops]:[L689][vin0_src][C0] vpf_video_set_init_attr: done
Feb 28 10:40:48 localhost kernel: [ 5293.588618] [CIM]:[L247][C0]cim_video_set_attr done ret val:0
Feb 28 10:40:48 localhost kernel: [ 5293.588622] [L423][C0] vin_node_set_attr ipi 0 done
Feb 28 10:40:48 localhost kernel: [ 5293.588626] [VIN_NODE]:[L239][C0]vin_node_video_set_attr done
Feb 28 10:40:48 localhost kernel: [ 5293.588629] [VPF ops]:[L689][vin0_emb][C0] vpf_video_set_init_attr: done
Feb 28 10:40:48 localhost kernel: [ 5293.588634] [CIM]:[L247][C0]cim_video_set_attr done ret val:0
Feb 28 10:40:48 localhost kernel: [ 5293.588638] [L423][C0] vin_node_set_attr ipi 0 done
Feb 28 10:40:48 localhost kernel: [ 5293.588642] [VIN_NODE]:[L239][C0]vin_node_video_set_attr done
Feb 28 10:40:48 localhost kernel: [ 5293.588645] [VPF ops]:[L689][vin0_pdaf][C0] vpf_video_set_init_attr: done
Feb 28 10:40:48 localhost kernel: [ 5293.588661] [VPF ops]:[L1079][vin0_src][C0] vpf_video_get_struct_size: done
Feb 28 10:40:48 localhost kernel: [ 5293.588678] [L709][S65535] vin_node_set_ichn_attr begin format 30 width 640 
Feb 28 10:40:48 localhost kernel: [ 5293.588686] [L527][S0][ipi0]cim_set_ichn_attr done
Feb 28 10:40:48 localhost kernel: [ 5293.588690] [CIM]:[L309][S0]cim_video_set_ichn_attr done ret val:0
Feb 28 10:40:48 localhost kernel: [ 5293.588695] [L724][S0]vin_node_set_ichn_attr done
Feb 28 10:40:48 localhost kernel: [ 5293.588698] [VIN_NODE]:[L427][C0]vin_node_video_set_ichn_attr done
Feb 28 10:40:48 localhost kernel: [ 5293.588704] [L1023][S0] vin_node_reqbufs done bit_map 0x1 planecount 0 
Feb 28 10:40:48 localhost kernel: [ 5293.588709] [VIN_NODE]:[L743][C0]vin_node_video_reqbufs done
Feb 28 10:40:48 localhost kernel: [ 5293.588732] [VPF ops]:[L1193][F0] vpf_fill_frame_info: L0 use width instead of wstride
Feb 28 10:40:48 localhost kernel: [ 5293.588737] [VPF ops]:[L1197][F0] vpf_fill_frame_info: L0 use height instead of vstride
Feb 28 10:40:48 localhost kernel: [ 5293.588742] [VPF ops]:[L1193][F1] vpf_fill_frame_info: L0 use width instead of wstride
Feb 28 10:40:48 localhost kernel: [ 5293.588746] [VPF ops]:[L1197][F1] vpf_fill_frame_info: L0 use height instead of vstride
Feb 28 10:40:48 localhost kernel: [ 5293.588750] [VPF ops]:[L1193][F2] vpf_fill_frame_info: L0 use width instead of wstride
Feb 28 10:40:48 localhost kernel: [ 5293.588754] [VPF ops]:[L1197][F2] vpf_fill_frame_info: L0 use height instead of vstride
Feb 28 10:40:48 localhost kernel: [ 5293.588758] [VPF ops]:[L1193][F3] vpf_fill_frame_info: L0 use width instead of wstride
Feb 28 10:40:48 localhost kernel: [ 5293.588762] [VPF ops]:[L1197][F3] vpf_fill_frame_info: L0 use height instead of vstride
Feb 28 10:40:48 localhost kernel: [ 5293.588766] [VPF ops]:[L1193][F4] vpf_fill_frame_info: L0 use width instead of wstride
Feb 28 10:40:48 localhost kernel: [ 5293.588770] [VPF ops]:[L1197][F4] vpf_fill_frame_info: L0 use height instead of vstride
Feb 28 10:40:48 localhost kernel: [ 5293.588883] [VPF ops]:[L1193][F5] vpf_fill_frame_info: L0 use width instead of wstride
Feb 28 10:40:48 localhost kernel: [ 5293.588892] [VPF ops]:[L1197][F5] vpf_fill_frame_info: L0 use height instead of vstride
Feb 28 10:40:48 localhost kernel: [ 5293.588896] [VPF ops]:[L1193][F6] vpf_fill_frame_info: L0 use width instead of wstride
Feb 28 10:40:48 localhost kernel: [ 5293.588899] [VPF ops]:[L1197][F6] vpf_fill_frame_info: L0 use height instead of vstride
Feb 28 10:40:48 localhost kernel: [ 5293.588903] [VPF ops]:[L1193][F7] vpf_fill_frame_info: L0 use width instead of wstride
Feb 28 10:40:48 localhost kernel: [ 5293.588907] [VPF ops]:[L1197][F7] vpf_fill_frame_info: L0 use height instead of vstride
Feb 28 10:40:48 localhost kernel: [ 5293.588911] [VPF ops]:[L1193][F8] vpf_fill_frame_info: L0 use width instead of wstride
Feb 28 10:40:48 localhost kernel: [ 5293.588915] [VPF ops]:[L1197][F8] vpf_fill_frame_info: L0 use height instead of vstride
Feb 28 10:40:48 localhost kernel: [ 5293.588919] [VPF ops]:[L1193][F9] vpf_fill_frame_info: L0 use width instead of wstride
Feb 28 10:40:48 localhost kernel: [ 5293.588923] [VPF ops]:[L1197][F9] vpf_fill_frame_info: L0 use height instead of vstride
Feb 28 10:40:48 localhost kernel: [ 5293.589015] [VPF ops]:[L1193][F10] vpf_fill_frame_info: L0 use width instead of wstride
Feb 28 10:40:48 localhost kernel: [ 5293.589021] [VPF ops]:[L1197][F10] vpf_fill_frame_info: L0 use height instead of vstride
Feb 28 10:40:48 localhost kernel: [ 5293.589025] [VPF ops]:[L1193][F11] vpf_fill_frame_info: L0 use width instead of wstride
Feb 28 10:40:48 localhost kernel: [ 5293.589029] [VPF ops]:[L1197][F11] vpf_fill_frame_info: L0 use height instead of vstride
Feb 28 10:40:48 localhost kernel: [ 5293.589033] [VPF ops]:[L1193][F12] vpf_fill_frame_info: L0 use width instead of wstride
Feb 28 10:40:48 localhost kernel: [ 5293.589037] [VPF ops]:[L1197][F12] vpf_fill_frame_info: L0 use height instead of vstride
Feb 28 10:40:48 localhost kernel: [ 5293.589041] [VPF ops]:[L1193][F13] vpf_fill_frame_info: L0 use width instead of wstride
Feb 28 10:40:48 localhost kernel: [ 5293.589045] [VPF ops]:[L1197][F13] vpf_fill_frame_info: L0 use height instead of vstride
Feb 28 10:40:48 localhost kernel: [ 5293.589049] [VPF ops]:[L1193][F14] vpf_fill_frame_info: L0 use width instead of wstride
Feb 28 10:40:48 localhost kernel: [ 5293.589052] [VPF ops]:[L1197][F14] vpf_fill_frame_info: L0 use height instead of vstride
Feb 28 10:40:48 localhost kernel: [ 5293.589056] [VPF ops]:[L1193][F15] vpf_fill_frame_info: L0 use width instead of wstride
Feb 28 10:40:48 localhost kernel: [ 5293.589060] [VPF ops]:[L1197][F15] vpf_fill_frame_info: L0 use height instead of vstride
Feb 28 10:40:48 localhost kernel: [ 5293.589063] [VPF ops]:[L1325][vin0_src][C0] vpf_request_frames: reqbuf number 16
Feb 28 10:40:48 localhost kernel: [ 5293.589069] [VPF ops]:[L850][vin0_src][C0] vpf_video_set_ichn_attr: done
Feb 28 10:40:48 localhost kernel: [ 5293.589137] [VPF ops]:[L1079][vin0_src][C0] vpf_video_get_struct_size: done
Feb 28 10:40:48 localhost kernel: [ 5293.589162] [L236][S0] ochn0 auto calc vstride 480
Feb 28 10:40:48 localhost kernel: [ 5293.589257] [L160]vin_basic_attr->format:30
Feb 28 10:40:48 localhost kernel: [ 5293.589267] [L425][S0][ipi0][ochn0]cim_set_ochn_attr done
Feb 28 10:40:48 localhost kernel: [ 5293.589272] [CIM]:[L340][S0]cim_video_set_ochn_attr done ret val:0
Feb 28 10:40:48 localhost kernel: [ 5293.589276] [L652][S0]vin_node_set_ochn_attr done
Feb 28 10:40:48 localhost kernel: [ 5293.589280] [VIN_NODE]:[L364][C0]vin_node_video_set_ochn_attr done
Feb 28 10:40:48 localhost kernel: [ 5293.589285] [L975]VNODE_ID_CAP wstride 1280
Feb 28 10:40:48 localhost kernel: [ 5293.589288] [L977]VNODE_ID_CAP vstride 480
Feb 28 10:40:48 localhost kernel: [ 5293.589292] [L981]vstride 480  planecount 1 
Feb 28 10:40:48 localhost kernel: [ 5293.589296] [L1023][S0] vin_node_reqbufs done bit_map 0x1 planecount 1 
Feb 28 10:40:48 localhost kernel: [ 5293.589300] [VIN_NODE]:[L743][C0]vin_node_video_reqbufs done
Feb 28 10:40:48 localhost kernel: [ 5293.589315] [VPF ops]:[L1325][vin0_cap][C0] vpf_request_frames: reqbuf number 16
Feb 28 10:40:48 localhost kernel: [ 5293.589321] [VPF ops]:[L978][vin0_cap][C0] vpf_video_set_ochn_attr: done
Feb 28 10:40:48 localhost kernel: [ 5293.589370] [VPF ops]:[L1079][vin0_src][C0] vpf_video_get_struct_size: done
Feb 28 10:40:48 localhost kernel: [ 5293.589392] vin mipi0: snrclk set freq cmd
Feb 28 10:40:48 localhost kernel: [ 5293.589408] vin mipi0: sensor0_mclk set 24000000 as 24000000
Feb 28 10:40:48 localhost kernel: [ 5293.589414] vin mipi0: snrclk set en cmd
Feb 28 10:40:48 localhost kernel: [ 5293.589417] vin mipi0: snrclk set enable
Feb 28 10:40:48 localhost kernel: [ 5293.589436] [L517][S0]vin_node_set_attr_ex done
Feb 28 10:40:48 localhost kernel: [ 5293.589440] [VIN_NODE]:[L324][C0]vin_node_video_set_attr_ex done
Feb 28 10:40:48 localhost kernel: [ 5293.589444] [VPF ops]:[L763][vin0_src][C0] vpf_video_set_attr_ex: done
Feb 28 10:40:48 localhost kernel: [ 5293.589450] [L517][S0]vin_node_set_attr_ex done
Feb 28 10:40:48 localhost kernel: [ 5293.589453] [VIN_NODE]:[L324][C0]vin_node_video_set_attr_ex done
Feb 28 10:40:48 localhost kernel: [ 5293.589457] [VPF ops]:[L763][vin0_cap][C0] vpf_video_set_attr_ex: done
Feb 28 10:40:48 localhost kernel: [ 5293.589488] [L975]VNODE_ID_CAP wstride 1280
Feb 28 10:40:48 localhost kernel: [ 5293.589492] [L977]VNODE_ID_CAP vstride 480
Feb 28 10:40:48 localhost kernel: [ 5293.589495] [L981]vstride 480  planecount 1 
Feb 28 10:40:48 localhost kernel: [ 5293.589499] [L1023][S0] vin_node_reqbufs done bit_map 0x1 planecount 1 
Feb 28 10:40:48 localhost kernel: [ 5293.589502] [VIN_NODE]:[L743][C0]vin_node_video_reqbufs done
Feb 28 10:40:48 localhost kernel: [ 5293.589522] [VPF ops]:[L1325][vin0_cap][C0] vpf_request_frames: reqbuf number 3
Feb 28 10:40:48 localhost kernel: [ 5293.589653] [VPF ops]:[L1464][vin0_cap][C0] vpf_video_reqbufs: done
Feb 28 10:40:48 localhost kernel: [ 5293.659940] [VPF ops]:[L2066][vin0_cap][C0] vpf_video_querybuf: done
Feb 28 10:40:48 localhost kernel: [ 5293.660637] [VPF ops]:[L2066][vin0_cap][C0] vpf_video_querybuf: done
Feb 28 10:40:48 localhost kernel: [ 5293.660743] [VPF ops]:[L2066][vin0_cap][C0] vpf_video_querybuf: done
Feb 28 10:40:48 localhost kernel: [ 5293.660937] [VPF ops]:[L2575][flow] vpf_device_open: done
Feb 28 10:40:48 localhost kernel: [ 5293.660957] [VPF ops]:[L1031][flow][C0] vpf_video_get_version: done
Feb 28 10:40:48 localhost kernel: [ 5293.660978] [VPF ops]:[L360][S0] vpf_bind_chain: bind done
Feb 28 10:40:48 localhost kernel: [ 5293.660987] [VPF ops]:[L2223][flow][C0] vpf_video_bind_pipeline: done
Feb 28 10:40:48 localhost kernel: [ 5293.661029] [VPF ops]:[L1685][vin0_src][S0][C0] vpf_chain_add_vnode: done
Feb 28 10:40:48 localhost kernel: [ 5293.661034] [VPF ops]:[L1825][vin0_src][C0] vpf_video_add_vnode: done
Feb 28 10:40:48 localhost kernel: [ 5293.661366] [CIM]:[L419][S0]cim_video_get_attr done ret val:0
Feb 28 10:40:48 localhost kernel: [ 5293.661382] vin vcon0: get attr valid bus7 rx0 done
Feb 28 10:40:48 localhost kernel: [ 5293.661387] [L306][S0]vin_node_get_attr done
Feb 28 10:40:48 localhost kernel: [ 5293.661392] [VIN_NODE]:[L286][C0]vin_node_video_get_attr done
Feb 28 10:40:48 localhost kernel: [ 5293.662576] vin sensor0: camera_init_req cmd: initing
Feb 28 10:40:48 localhost kernel: [ 5293.723244] [VPF mgr]:[L478]empty_camsys_reset: empty function
Feb 28 10:40:48 localhost kernel: [ 5293.723265] [L1228]cim_open open_cnt :1
Feb 28 10:40:48 localhost kernel: [ 5293.723270] [CIM]:[L192][S0]cim_video_open done ret val:0
Feb 28 10:40:48 localhost kernel: [ 5293.723274] [L1227][S0]vin_node_open done
Feb 28 10:40:48 localhost kernel: [ 5293.723278] [VIN_NODE]:[L694][C0]vin_node_video_open done
Feb 28 10:40:48 localhost kernel: [ 5293.723282] [VPF ops]:[L2575][vin1_src] vpf_device_open: done
Feb 28 10:40:48 localhost kernel: [ 5293.723300] [L1228]cim_open open_cnt :2
Feb 28 10:40:48 localhost kernel: [ 5293.723304] [CIM]:[L192][S0]cim_video_open done ret val:0
Feb 28 10:40:48 localhost kernel: [ 5293.723307] [L1227][S0]vin_node_open done
Feb 28 10:40:48 localhost kernel: [ 5293.723311] [VIN_NODE]:[L694][C0]vin_node_video_open done
Feb 28 10:40:48 localhost kernel: [ 5293.723314] [VPF ops]:[L2575][vin1_cap] vpf_device_open: done
Feb 28 10:40:48 localhost kernel: [ 5293.723326] [L1228]cim_open open_cnt :3
Feb 28 10:40:48 localhost kernel: [ 5293.723330] [CIM]:[L192][S0]cim_video_open done ret val:0
Feb 28 10:40:48 localhost kernel: [ 5293.723333] [L1227][S0]vin_node_open done
Feb 28 10:40:48 localhost kernel: [ 5293.723337] [VIN_NODE]:[L694][C0]vin_node_video_open done
Feb 28 10:40:48 localhost kernel: [ 5293.723340] [VPF ops]:[L2575][vin1_emb] vpf_device_open: done
Feb 28 10:40:48 localhost kernel: [ 5293.723353] [L1228]cim_open open_cnt :4
Feb 28 10:40:48 localhost kernel: [ 5293.723356] [CIM]:[L192][S0]cim_video_open done ret val:0
Feb 28 10:40:48 localhost kernel: [ 5293.723360] [L1227][S0]vin_node_open done
Feb 28 10:40:48 localhost kernel: [ 5293.723363] [VIN_NODE]:[L694][C0]vin_node_video_open done
Feb 28 10:40:48 localhost kernel: [ 5293.723367] [VPF ops]:[L2575][vin1_pdaf] vpf_device_open: done
Feb 28 10:40:48 localhost kernel: [ 5293.723378] [VPF ops]:[L439][vin1_src][C0] vpf_vctx_bind_vdev: done, ctx_index(0) refcount(1)
Feb 28 10:40:48 localhost kernel: [ 5293.723385] [VPF ops]:[L1875][vin1_src][C0] vpf_video_bind_context: done
Feb 28 10:40:48 localhost kernel: [ 5293.723391] [VPF ops]:[L439][vin1_cap][C0] vpf_vctx_bind_vdev: done, ctx_index(0) refcount(1)
Feb 28 10:40:48 localhost kernel: [ 5293.723396] [VPF ops]:[L1875][vin1_cap][C0] vpf_video_bind_context: done
Feb 28 10:40:48 localhost kernel: [ 5293.723401] [VPF ops]:[L439][vin1_emb][C0] vpf_vctx_bind_vdev: done, ctx_index(0) refcount(1)
Feb 28 10:40:48 localhost kernel: [ 5293.723406] [VPF ops]:[L1875][vin1_emb][C0] vpf_video_bind_context: done
Feb 28 10:40:48 localhost kernel: [ 5293.723411] [VPF ops]:[L439][vin1_pdaf][C0] vpf_vctx_bind_vdev: done, ctx_index(0) refcount(1)
Feb 28 10:40:48 localhost kernel: [ 5293.723416] [VPF ops]:[L1875][vin1_pdaf][C0] vpf_video_bind_context: done
Feb 28 10:40:48 localhost kernel: [ 5293.723422] [VIN_NODE]:[L38]The vin node driver version is v1.1
Feb 28 10:40:48 localhost kernel: [ 5293.723425] [VPF ops]:[L1031][vin1_src][C0] vpf_video_get_version: done
Feb 28 10:40:48 localhost kernel: [ 5293.723442] [VPF ops]:[L1079][vin1_src][C0] vpf_video_get_struct_size: done
Feb 28 10:40:48 localhost kernel: [ 5293.723452] [CIM]:[L247][C0]cim_video_set_attr done ret val:0
Feb 28 10:40:48 localhost kernel: [ 5293.723457] [L423][C0] vin_node_set_attr ipi 0 done
Feb 28 10:40:48 localhost kernel: [ 5293.723460] [VIN_NODE]:[L239][C0]vin_node_video_set_attr done
Feb 28 10:40:48 localhost kernel: [ 5293.723464] [VPF ops]:[L689][vin1_cap][C0] vpf_video_set_init_attr: done
Feb 28 10:40:48 localhost kernel: [ 5293.723474] vin vcon1: vcon1 open 0: flow65535 ctx0 real
Feb 28 10:40:48 localhost kernel: [ 5293.723480] [L624][S65535][C0][ipi0]cim_subdev_init hw_id = 1
Feb 28 10:40:48 localhost kernel: [ 5293.723485] [CIM]:[L247][C0]cim_video_set_attr done ret val:0
Feb 28 10:40:48 localhost kernel: [ 5293.723492] vin vcon1: get attr valid bus4 rx1 done
Feb 28 10:40:48 localhost kernel: [ 5293.723497] [L423][C0] vin_node_set_attr ipi 0 done
Feb 28 10:40:48 localhost kernel: [ 5293.723500] [VIN_NODE]:[L239][C0]vin_node_video_set_attr done
Feb 28 10:40:48 localhost kernel: [ 5293.723504] [VIO node]:[L104][vin1] vio_group_task_start: sched_mode 1
Feb 28 10:40:48 localhost kernel: [ 5293.723509] [VPF ops]:[L689][vin1_src][C0] vpf_video_set_init_attr: done
Feb 28 10:40:48 localhost kernel: [ 5293.723514] [CIM]:[L247][C0]cim_video_set_attr done ret val:0
Feb 28 10:40:48 localhost kernel: [ 5293.723518] [L423][C0] vin_node_set_attr ipi 0 done
Feb 28 10:40:48 localhost kernel: [ 5293.723521] [VIN_NODE]:[L239][C0]vin_node_video_set_attr done
Feb 28 10:40:48 localhost kernel: [ 5293.723524] [VPF ops]:[L689][vin1_emb][C0] vpf_video_set_init_attr: done
Feb 28 10:40:48 localhost kernel: [ 5293.723529] [CIM]:[L247][C0]cim_video_set_attr done ret val:0
Feb 28 10:40:48 localhost kernel: [ 5293.723533] [L423][C0] vin_node_set_attr ipi 0 done
Feb 28 10:40:48 localhost kernel: [ 5293.723537] [VIN_NODE]:[L239][C0]vin_node_video_set_attr done
Feb 28 10:40:48 localhost kernel: [ 5293.723540] [VPF ops]:[L689][vin1_pdaf][C0] vpf_video_set_init_attr: done
Feb 28 10:40:48 localhost kernel: [ 5293.723546] [VPF ops]:[L1079][vin1_src][C0] vpf_video_get_struct_size: done
Feb 28 10:40:48 localhost kernel: [ 5293.723553] [L709][S65535] vin_node_set_ichn_attr begin format 30 width 640 
Feb 28 10:40:48 localhost kernel: [ 5293.723562] [L527][S0][ipi0]cim_set_ichn_attr done
Feb 28 10:40:48 localhost kernel: [ 5293.723566] [CIM]:[L309][S0]cim_video_set_ichn_attr done ret val:0
Feb 28 10:40:48 localhost kernel: [ 5293.723570] [L724][S0]vin_node_set_ichn_attr done
Feb 28 10:40:48 localhost kernel: [ 5293.723574] [VIN_NODE]:[L427][C0]vin_node_video_set_ichn_attr done
Feb 28 10:40:48 localhost kernel: [ 5293.723579] [L1023][S0] vin_node_reqbufs done bit_map 0x1 planecount 0 
Feb 28 10:40:48 localhost kernel: [ 5293.723583] [VIN_NODE]:[L743][C0]vin_node_video_reqbufs done
Feb 28 10:40:48 localhost kernel: [ 5293.723606] [VPF ops]:[L1193][F0] vpf_fill_frame_info: L0 use width instead of wstride
Feb 28 10:40:48 localhost kernel: [ 5293.723613] [VPF ops]:[L1197][F0] vpf_fill_frame_info: L0 use height instead of vstride
Feb 28 10:40:48 localhost kernel: [ 5293.723617] [VPF ops]:[L1193][F1] vpf_fill_frame_info: L0 use width instead of wstride
Feb 28 10:40:48 localhost kernel: [ 5293.723621] [VPF ops]:[L1197][F1] vpf_fill_frame_info: L0 use height instead of vstride
Feb 28 10:40:48 localhost kernel: [ 5293.723625] [VPF ops]:[L1193][F2] vpf_fill_frame_info: L0 use width instead of wstride
Feb 28 10:40:48 localhost kernel: [ 5293.723629] [VPF ops]:[L1197][F2] vpf_fill_frame_info: L0 use height instead of vstride
Feb 28 10:40:48 localhost kernel: [ 5293.723634] [VPF ops]:[L1193][F3] vpf_fill_frame_info: L0 use width instead of wstride
Feb 28 10:40:48 localhost kernel: [ 5293.723638] [VPF ops]:[L1197][F3] vpf_fill_frame_info: L0 use height instead of vstride
Feb 28 10:40:48 localhost kernel: [ 5293.723642] [VPF ops]:[L1193][F4] vpf_fill_frame_info: L0 use width instead of wstride
Feb 28 10:40:48 localhost kernel: [ 5293.723645] [VPF ops]:[L1197][F4] vpf_fill_frame_info: L0 use height instead of vstride
Feb 28 10:40:48 localhost kernel: [ 5293.723649] [VPF ops]:[L1193][F5] vpf_fill_frame_info: L0 use width instead of wstride
Feb 28 10:40:48 localhost kernel: [ 5293.723653] [VPF ops]:[L1197][F5] vpf_fill_frame_info: L0 use height instead of vstride
Feb 28 10:40:48 localhost kernel: [ 5293.723657] [VPF ops]:[L1193][F6] vpf_fill_frame_info: L0 use width instead of wstride
Feb 28 10:40:48 localhost kernel: [ 5293.723661] [VPF ops]:[L1197][F6] vpf_fill_frame_info: L0 use height instead of vstride
Feb 28 10:40:48 localhost kernel: [ 5293.723665] [VPF ops]:[L1193][F7] vpf_fill_frame_info: L0 use width instead of wstride
Feb 28 10:40:48 localhost kernel: [ 5293.723669] [VPF ops]:[L1197][F7] vpf_fill_frame_info: L0 use height instead of vstride
Feb 28 10:40:48 localhost kernel: [ 5293.723673] [VPF ops]:[L1193][F8] vpf_fill_frame_info: L0 use width instead of wstride
Feb 28 10:40:48 localhost kernel: [ 5293.723676] [VPF ops]:[L1197][F8] vpf_fill_frame_info: L0 use height instead of vstride
Feb 28 10:40:48 localhost kernel: [ 5293.723680] [VPF ops]:[L1193][F9] vpf_fill_frame_info: L0 use width instead of wstride
Feb 28 10:40:48 localhost kernel: [ 5293.723684] [VPF ops]:[L1197][F9] vpf_fill_frame_info: L0 use height instead of vstride
Feb 28 10:40:48 localhost kernel: [ 5293.723688] [VPF ops]:[L1193][F10] vpf_fill_frame_info: L0 use width instead of wstride
Feb 28 10:40:48 localhost kernel: [ 5293.723692] [VPF ops]:[L1197][F10] vpf_fill_frame_info: L0 use height instead of vstride
Feb 28 10:40:48 localhost kernel: [ 5293.723696] [VPF ops]:[L1193][F11] vpf_fill_frame_info: L0 use width instead of wstride
Feb 28 10:40:48 localhost kernel: [ 5293.723699] [VPF ops]:[L1197][F11] vpf_fill_frame_info: L0 use height instead of vstride
Feb 28 10:40:48 localhost kernel: [ 5293.723703] [VPF ops]:[L1193][F12] vpf_fill_frame_info: L0 use width instead of wstride
Feb 28 10:40:48 localhost kernel: [ 5293.723707] [VPF ops]:[L1197][F12] vpf_fill_frame_info: L0 use height instead of vstride
Feb 28 10:40:48 localhost kernel: [ 5293.723711] [VPF ops]:[L1193][F13] vpf_fill_frame_info: L0 use width instead of wstride
Feb 28 10:40:48 localhost kernel: [ 5293.723715] [VPF ops]:[L1197][F13] vpf_fill_frame_info: L0 use height instead of vstride
Feb 28 10:40:48 localhost kernel: [ 5293.723719] [VPF ops]:[L1193][F14] vpf_fill_frame_info: L0 use width instead of wstride
Feb 28 10:40:48 localhost kernel: [ 5293.723723] [VPF ops]:[L1197][F14] vpf_fill_frame_info: L0 use height instead of vstride
Feb 28 10:40:48 localhost kernel: [ 5293.723727] [VPF ops]:[L1193][F15] vpf_fill_frame_info: L0 use width instead of wstride
Feb 28 10:40:48 localhost kernel: [ 5293.723731] [VPF ops]:[L1197][F15] vpf_fill_frame_info: L0 use height instead of vstride
Feb 28 10:40:48 localhost kernel: [ 5293.723735] [VPF ops]:[L1325][vin1_src][C0] vpf_request_frames: reqbuf number 16
Feb 28 10:40:48 localhost kernel: [ 5293.723741] [VPF ops]:[L850][vin1_src][C0] vpf_video_set_ichn_attr: done
Feb 28 10:40:48 localhost kernel: [ 5293.723751] [VPF ops]:[L1079][vin1_src][C0] vpf_video_get_struct_size: done
Feb 28 10:40:48 localhost kernel: [ 5293.723759] [L236][S0] ochn0 auto calc vstride 480
Feb 28 10:40:48 localhost kernel: [ 5293.723765] [L160]vin_basic_attr->format:30
Feb 28 10:40:48 localhost kernel: [ 5293.723770] [L425][S0][ipi0][ochn0]cim_set_ochn_attr done
Feb 28 10:40:48 localhost kernel: [ 5293.723775] [CIM]:[L340][S0]cim_video_set_ochn_attr done ret val:0
Feb 28 10:40:48 localhost kernel: [ 5293.723779] [L652][S0]vin_node_set_ochn_attr done
Feb 28 10:40:48 localhost kernel: [ 5293.723782] [VIN_NODE]:[L364][C0]vin_node_video_set_ochn_attr done
Feb 28 10:40:48 localhost kernel: [ 5293.723787] [L975]VNODE_ID_CAP wstride 1280
Feb 28 10:40:48 localhost kernel: [ 5293.723790] [L977]VNODE_ID_CAP vstride 480
Feb 28 10:40:48 localhost kernel: [ 5293.723794] [L981]vstride 480  planecount 1 
Feb 28 10:40:48 localhost kernel: [ 5293.723797] [L1023][S0] vin_node_reqbufs done bit_map 0x1 planecount 1 
Feb 28 10:40:48 localhost kernel: [ 5293.723801] [VIN_NODE]:[L743][C0]vin_node_video_reqbufs done
Feb 28 10:40:48 localhost kernel: [ 5293.723813] [VPF ops]:[L1325][vin1_cap][C0] vpf_request_frames: reqbuf number 16
Feb 28 10:40:48 localhost kernel: [ 5293.723818] [VPF ops]:[L978][vin1_cap][C0] vpf_video_set_ochn_attr: done
Feb 28 10:40:48 localhost kernel: [ 5293.723827] [VPF ops]:[L1079][vin1_src][C0] vpf_video_get_struct_size: done
Feb 28 10:40:48 localhost kernel: [ 5293.723841] vin mipi1: snrclk set freq cmd
Feb 28 10:40:48 localhost kernel: [ 5293.723857] vin mipi1: sensor1_mclk set 24000000 as 24000000
Feb 28 10:40:48 localhost kernel: [ 5293.723863] vin mipi1: snrclk set en cmd
Feb 28 10:40:48 localhost kernel: [ 5293.723866] vin mipi1: snrclk set enable
Feb 28 10:40:48 localhost kernel: [ 5293.723886] [L517][S0]vin_node_set_attr_ex done
Feb 28 10:40:48 localhost kernel: [ 5293.723891] [VIN_NODE]:[L324][C0]vin_node_video_set_attr_ex done
Feb 28 10:40:48 localhost kernel: [ 5293.723894] [VPF ops]:[L763][vin1_src][C0] vpf_video_set_attr_ex: done
Feb 28 10:40:48 localhost kernel: [ 5293.723900] [L517][S0]vin_node_set_attr_ex done
Feb 28 10:40:48 localhost kernel: [ 5293.723904] [VIN_NODE]:[L324][C0]vin_node_video_set_attr_ex done
Feb 28 10:40:48 localhost kernel: [ 5293.723907] [VPF ops]:[L763][vin1_cap][C0] vpf_video_set_attr_ex: done
Feb 28 10:40:48 localhost kernel: [ 5293.723929] [L975]VNODE_ID_CAP wstride 1280
Feb 28 10:40:48 localhost kernel: [ 5293.723934] [L977]VNODE_ID_CAP vstride 480
Feb 28 10:40:48 localhost kernel: [ 5293.723938] [L981]vstride 480  planecount 1 
Feb 28 10:40:48 localhost kernel: [ 5293.723941] [L1023][S0] vin_node_reqbufs done bit_map 0x1 planecount 1 
Feb 28 10:40:48 localhost kernel: [ 5293.723945] [VIN_NODE]:[L743][C0]vin_node_video_reqbufs done
Feb 28 10:40:48 localhost kernel: [ 5293.723965] [VPF ops]:[L1325][vin1_cap][C0] vpf_request_frames: reqbuf number 3
Feb 28 10:40:48 localhost kernel: [ 5293.724146] [VPF ops]:[L1464][vin1_cap][C0] vpf_video_reqbufs: done
Feb 28 10:40:48 localhost kernel: [ 5293.724173] [VPF ops]:[L2066][vin1_cap][C0] vpf_video_querybuf: done
Feb 28 10:40:48 localhost kernel: [ 5293.724371] [VPF ops]:[L2066][vin1_cap][C0] vpf_video_querybuf: done
Feb 28 10:40:48 localhost kernel: [ 5293.724510] [VPF ops]:[L2066][vin1_cap][C0] vpf_video_querybuf: done
Feb 28 10:40:48 localhost kernel: [ 5293.724619] [VPF ops]:[L2575][flow] vpf_device_open: done
Feb 28 10:40:48 localhost kernel: [ 5293.724633] [VPF ops]:[L1031][flow][C0] vpf_video_get_version: done
Feb 28 10:40:48 localhost kernel: [ 5293.724640] [VPF ops]:[L360][S1] vpf_bind_chain: bind done
Feb 28 10:40:48 localhost kernel: [ 5293.724648] [VPF ops]:[L2223][flow][C1] vpf_video_bind_pipeline: done
Feb 28 10:40:48 localhost kernel: [ 5293.724657] [VPF ops]:[L1685][vin1_src][S1][C0] vpf_chain_add_vnode: done
Feb 28 10:40:48 localhost kernel: [ 5293.724662] [VPF ops]:[L1825][vin1_src][C0] vpf_video_add_vnode: done
Feb 28 10:40:48 localhost kernel: [ 5293.724845] [CIM]:[L419][S0]cim_video_get_attr done ret val:0
Feb 28 10:40:48 localhost kernel: [ 5293.724855] vin vcon1: get attr valid bus4 rx1 done
Feb 28 10:40:48 localhost kernel: [ 5293.724860] [L306][S0]vin_node_get_attr done
Feb 28 10:40:48 localhost kernel: [ 5293.724865] [VIN_NODE]:[L286][C0]vin_node_video_get_attr done
Feb 28 10:41:51 localhost kernel: [ 5293.725074] vin sensor1: camera_init_req cmd: initing
Feb 28 10:41:51 localhost kernel: [ 5293.872343] [VPF mgr]:[L478]empty_camsys_reset: empty function
Feb 28 10:41:51 localhost kernel: [ 5293.872362] [L1228]cim_open open_cnt :1
Feb 28 10:41:51 localhost kernel: [ 5293.872366] [CIM]:[L192][S0]cim_video_open done ret val:0
Feb 28 10:41:51 localhost kernel: [ 5293.872370] [L1227][S0]vin_node_open done
Feb 28 10:41:51 localhost kernel: [ 5293.872375] [VIN_NODE]:[L694][C0]vin_node_video_open done
Feb 28 10:41:51 localhost kernel: [ 5293.872379] [VPF ops]:[L2575][vin2_src] vpf_device_open: done
Feb 28 10:41:51 localhost kernel: [ 5293.872395] [L1228]cim_open open_cnt :2
Feb 28 10:41:51 localhost kernel: [ 5293.872398] [CIM]:[L192][S0]cim_video_open done ret val:0
Feb 28 10:41:51 localhost kernel: [ 5293.872402] [L1227][S0]vin_node_open done
Feb 28 10:41:51 localhost kernel: [ 5293.872405] [VIN_NODE]:[L694][C0]vin_node_video_open done
Feb 28 10:41:51 localhost kernel: [ 5293.872409] [VPF ops]:[L2575][vin2_cap] vpf_device_open: done
Feb 28 10:41:51 localhost kernel: [ 5293.872421] [L1228]cim_open open_cnt :3
Feb 28 10:41:51 localhost kernel: [ 5293.872425] [CIM]:[L192][S0]cim_video_open done ret val:0
Feb 28 10:41:51 localhost kernel: [ 5293.872428] [L1227][S0]vin_node_open done
Feb 28 10:41:51 localhost kernel: [ 5293.872432] [VIN_NODE]:[L694][C0]vin_node_video_open done
Feb 28 10:41:51 localhost kernel: [ 5293.872437] [VPF ops]:[L2575][vin2_emb] vpf_device_open: done
Feb 28 10:41:51 localhost kernel: [ 5293.872451] [L1228]cim_open open_cnt :4
Feb 28 10:41:51 localhost kernel: [ 5293.872455] [CIM]:[L192][S0]cim_video_open done ret val:0
Feb 28 10:41:51 localhost kernel: [ 5293.872460] [L1227][S0]vin_node_open done
Feb 28 10:41:51 localhost kernel: [ 5293.872465] [VIN_NODE]:[L694][C0]vin_node_video_open done
Feb 28 10:41:51 localhost kernel: [ 5293.872470] [VPF ops]:[L2575][vin2_pdaf] vpf_device_open: done
Feb 28 10:41:51 localhost kernel: [ 5293.872479] [VPF ops]:[L439][vin2_src][C0] vpf_vctx_bind_vdev: done, ctx_index(0) refcount(1)
Feb 28 10:41:51 localhost kernel: [ 5293.872485] [VPF ops]:[L1875][vin2_src][C0] vpf_video_bind_context: done
Feb 28 10:41:51 localhost kernel: [ 5293.872493] [VPF ops]:[L439][vin2_cap][C0] vpf_vctx_bind_vdev: done, ctx_index(0) refcount(1)
Feb 28 10:41:51 localhost kernel: [ 5293.872498] [VPF ops]:[L1875][vin2_cap][C0] vpf_video_bind_context: done
Feb 28 10:41:51 localhost kernel: [ 5293.872503] [VPF ops]:[L439][vin2_emb][C0] vpf_vctx_bind_vdev: done, ctx_index(0) refcount(1)
Feb 28 10:41:51 localhost kernel: [ 5293.872507] [VPF ops]:[L1875][vin2_emb][C0] vpf_video_bind_context: done
Feb 28 10:41:51 localhost kernel: [ 5293.872512] [VPF ops]:[L439][vin2_pdaf][C0] vpf_vctx_bind_vdev: done, ctx_index(0) refcount(1)
Feb 28 10:41:51 localhost kernel: [ 5293.872516] [VPF ops]:[L1875][vin2_pdaf][C0] vpf_video_bind_context: done
Feb 28 10:41:51 localhost kernel: [ 5293.872523] [VIN_NODE]:[L38]The vin node driver version is v1.1
Feb 28 10:41:51 localhost kernel: [ 5293.872526] [VPF ops]:[L1031][vin2_src][C0] vpf_video_get_version: done
Feb 28 10:41:51 localhost kernel: [ 5293.872535] [VPF ops]:[L1079][vin2_src][C0] vpf_video_get_struct_size: done
Feb 28 10:41:51 localhost kernel: [ 5293.872544] [CIM]:[L247][C0]cim_video_set_attr done ret val:0
Feb 28 10:41:51 localhost kernel: [ 5293.872550] [L423][C0] vin_node_set_attr ipi 0 done
Feb 28 10:41:51 localhost kernel: [ 5293.872555] [VIN_NODE]:[L239][C0]vin_node_video_set_attr done
Feb 28 10:41:51 localhost kernel: [ 5293.872559] [VPF ops]:[L689][vin2_cap][C0] vpf_video_set_init_attr: done
Feb 28 10:41:51 localhost kernel: [ 5293.872569] vin vcon2: vcon2 open 0: flow65535 ctx0 real
Feb 28 10:41:51 localhost kernel: [ 5293.872574] [L624][S65535][C0][ipi0]cim_subdev_init hw_id = 2
Feb 28 10:41:51 localhost kernel: [ 5293.872579] [CIM]:[L247][C0]cim_video_set_attr done ret val:0
Feb 28 10:41:51 localhost kernel: [ 5293.872586] vin vcon2: get attr valid bus7 rx2 done
Feb 28 10:41:51 localhost kernel: [ 5293.872602] [L423][C0] vin_node_set_attr ipi 0 done
Feb 28 10:41:51 localhost kernel: [ 5293.872610] [VIN_NODE]:[L239][C0]vin_node_video_set_attr done
Feb 28 10:41:51 localhost kernel: [ 5293.872614] [VIO node]:[L104][vin2] vio_group_task_start: sched_mode 1
Feb 28 10:41:51 localhost kernel: [ 5293.872618] [VPF ops]:[L689][vin2_src][C0] vpf_video_set_init_attr: done
Feb 28 10:41:51 localhost kernel: [ 5293.872624] [CIM]:[L247][C0]cim_video_set_attr done ret val:0
Feb 28 10:41:51 localhost kernel: [ 5293.872627] [L423][C0] vin_node_set_attr ipi 0 done
Feb 28 10:41:51 localhost kernel: [ 5293.872631] [VIN_NODE]:[L239][C0]vin_node_video_set_attr done
Feb 28 10:41:51 localhost kernel: [ 5293.872634] [VPF ops]:[L689][vin2_emb][C0] vpf_video_set_init_attr: done
Feb 28 10:41:51 localhost kernel: [ 5293.872639] [CIM]:[L247][C0]cim_video_set_attr done ret val:0
Feb 28 10:41:51 localhost kernel: [ 5293.872643] [L423][C0] vin_node_set_attr ipi 0 done
Feb 28 10:41:51 localhost kernel: [ 5293.872646] [VIN_NODE]:[L239][C0]vin_node_video_set_attr done
Feb 28 10:41:51 localhost kernel: [ 5293.872649] [VPF ops]:[L689][vin2_pdaf][C0] vpf_video_set_init_attr: done
Feb 28 10:41:51 localhost kernel: [ 5293.872657] [VPF ops]:[L1079][vin2_src][C0] vpf_video_get_struct_size: done
Feb 28 10:41:51 localhost kernel: [ 5293.872664] [L709][S65535] vin_node_set_ichn_attr begin format 43 width 1088 
Feb 28 10:41:51 localhost kernel: [ 5293.872671] [L527][S0][ipi0]cim_set_ichn_attr done
Feb 28 10:41:51 localhost kernel: [ 5293.872677] [CIM]:[L309][S0]cim_video_set_ichn_attr done ret val:0
Feb 28 10:41:51 localhost kernel: [ 5293.872681] [L724][S0]vin_node_set_ichn_attr done
Feb 28 10:41:51 localhost kernel: [ 5293.872686] [VIN_NODE]:[L427][C0]vin_node_video_set_ichn_attr done
Feb 28 10:41:51 localhost kernel: [ 5293.872692] [L1023][S0] vin_node_reqbufs done bit_map 0x1 planecount 1 
Feb 28 10:41:51 localhost kernel: [ 5293.872696] [VIN_NODE]:[L743][C0]vin_node_video_reqbufs done
Feb 28 10:41:51 localhost kernel: [ 5293.872715] [VPF ops]:[L1193][F0] vpf_fill_frame_info: L0 use width instead of wstride
Feb 28 10:41:51 localhost kernel: [ 5293.872720] [VPF ops]:[L1197][F0] vpf_fill_frame_info: L0 use height instead of vstride
Feb 28 10:41:51 localhost kernel: [ 5293.872725] [VPF ops]:[L1193][F1] vpf_fill_frame_info: L0 use width instead of wstride
Feb 28 10:41:51 localhost kernel: [ 5293.872728] [VPF ops]:[L1197][F1] vpf_fill_frame_info: L0 use height instead of vstride
Feb 28 10:41:51 localhost kernel: [ 5293.872732] [VPF ops]:[L1193][F2] vpf_fill_frame_info: L0 use width instead of wstride
Feb 28 10:41:51 localhost kernel: [ 5293.872735] [VPF ops]:[L1197][F2] vpf_fill_frame_info: L0 use height instead of vstride
Feb 28 10:41:51 localhost kernel: [ 5293.872739] [VPF ops]:[L1193][F3] vpf_fill_frame_info: L0 use width instead of wstride
Feb 28 10:41:51 localhost kernel: [ 5293.872745] [VPF ops]:[L1197][F3] vpf_fill_frame_info: L0 use height instead of vstride
Feb 28 10:41:51 localhost kernel: [ 5293.872751] [VPF ops]:[L1193][F4] vpf_fill_frame_info: L0 use width instead of wstride
Feb 28 10:41:51 localhost kernel: [ 5293.872754] [VPF ops]:[L1197][F4] vpf_fill_frame_info: L0 use height instead of vstride
Feb 28 10:41:51 localhost kernel: [ 5293.872758] [VPF ops]:[L1193][F5] vpf_fill_frame_info: L0 use width instead of wstride
Feb 28 10:41:51 localhost kernel: [ 5293.872762] [VPF ops]:[L1197][F5] vpf_fill_frame_info: L0 use height instead of vstride
Feb 28 10:41:51 localhost kernel: [ 5293.872766] [VPF ops]:[L1193][F6] vpf_fill_frame_info: L0 use width instead of wstride
Feb 28 10:41:51 localhost kernel: [ 5293.872770] [VPF ops]:[L1197][F6] vpf_fill_frame_info: L0 use height instead of vstride
Feb 28 10:41:51 localhost kernel: [ 5293.872774] [VPF ops]:[L1193][F7] vpf_fill_frame_info: L0 use width instead of wstride
Feb 28 10:41:51 localhost kernel: [ 5293.872778] [VPF ops]:[L1197][F7] vpf_fill_frame_info: L0 use height instead of vstride
Feb 28 10:41:51 localhost kernel: [ 5293.872782] [VPF ops]:[L1193][F8] vpf_fill_frame_info: L0 use width instead of wstride
Feb 28 10:41:51 localhost kernel: [ 5293.872785] [VPF ops]:[L1197][F8] vpf_fill_frame_info: L0 use height instead of vstride
Feb 28 10:41:51 localhost kernel: [ 5293.872789] [VPF ops]:[L1193][F9] vpf_fill_frame_info: L0 use width instead of wstride
Feb 28 10:41:51 localhost kernel: [ 5293.872793] [VPF ops]:[L1197][F9] vpf_fill_frame_info: L0 use height instead of vstride
Feb 28 10:41:51 localhost kernel: [ 5293.872798] [VPF ops]:[L1193][F10] vpf_fill_frame_info: L0 use width instead of wstride
Feb 28 10:41:51 localhost kernel: [ 5293.872802] [VPF ops]:[L1197][F10] vpf_fill_frame_info: L0 use height instead of vstride
Feb 28 10:41:51 localhost kernel: [ 5293.872806] [VPF ops]:[L1193][F11] vpf_fill_frame_info: L0 use width instead of wstride
Feb 28 10:41:51 localhost kernel: [ 5293.872809] [VPF ops]:[L1197][F11] vpf_fill_frame_info: L0 use height instead of vstride
Feb 28 10:41:51 localhost kernel: [ 5293.872813] [VPF ops]:[L1193][F12] vpf_fill_frame_info: L0 use width instead of wstride
Feb 28 10:41:51 localhost kernel: [ 5293.872817] [VPF ops]:[L1197][F12] vpf_fill_frame_info: L0 use height instead of vstride
Feb 28 10:41:51 localhost kernel: [ 5293.872821] [VPF ops]:[L1193][F13] vpf_fill_frame_info: L0 use width instead of wstride
Feb 28 10:41:51 localhost kernel: [ 5293.872825] [VPF ops]:[L1197][F13] vpf_fill_frame_info: L0 use height instead of vstride
Feb 28 10:41:51 localhost kernel: [ 5293.872829] [VPF ops]:[L1193][F14] vpf_fill_frame_info: L0 use width instead of wstride
Feb 28 10:41:51 localhost kernel: [ 5293.872833] [VPF ops]:[L1197][F14] vpf_fill_frame_info: L0 use height instead of vstride
Feb 28 10:41:51 localhost kernel: [ 5293.872838] [VPF ops]:[L1193][F15] vpf_fill_frame_info: L0 use width instead of wstride
Feb 28 10:41:51 localhost kernel: [ 5293.872842] [VPF ops]:[L1197][F15] vpf_fill_frame_info: L0 use height instead of vstride
Feb 28 10:41:51 localhost kernel: [ 5293.872847] [VPF ops]:[L1325][vin2_src][C0] vpf_request_frames: reqbuf number 16
Feb 28 10:41:51 localhost kernel: [ 5293.872852] [VPF ops]:[L850][vin2_src][C0] vpf_video_set_ichn_attr: done
Feb 28 10:41:51 localhost kernel: [ 5293.872859] [VPF ops]:[L1079][vin2_src][C0] vpf_video_get_struct_size: done
Feb 28 10:41:51 localhost kernel: [ 5293.872867] [L236][S0] ochn0 auto calc vstride 1280
Feb 28 10:41:51 localhost kernel: [ 5293.872872] [L160]vin_basic_attr->format:43
Feb 28 10:41:51 localhost kernel: [ 5293.872876] [L425][S0][ipi0][ochn0]cim_set_ochn_attr done
Feb 28 10:41:51 localhost kernel: [ 5293.872882] [CIM]:[L340][S0]cim_video_set_ochn_attr done ret val:0
Feb 28 10:41:51 localhost kernel: [ 5293.872885] [L652][S0]vin_node_set_ochn_attr done
Feb 28 10:41:51 localhost kernel: [ 5293.872889] [VIN_NODE]:[L364][C0]vin_node_video_set_ochn_attr done
Feb 28 10:41:51 localhost kernel: [ 5293.872893] [L975]VNODE_ID_CAP wstride 2176
Feb 28 10:41:51 localhost kernel: [ 5293.872896] [L977]VNODE_ID_CAP vstride 1280
Feb 28 10:41:51 localhost kernel: [ 5293.872901] [L981]vstride 1280  planecount 1 
Feb 28 10:41:51 localhost kernel: [ 5293.872904] [L1023][S0] vin_node_reqbufs done bit_map 0x1 planecount 1 
Feb 28 10:41:51 localhost kernel: [ 5293.872908] [VIN_NODE]:[L743][C0]vin_node_video_reqbufs done
Feb 28 10:41:51 localhost kernel: [ 5293.872919] [VPF ops]:[L1325][vin2_cap][C0] vpf_request_frames: reqbuf number 16
Feb 28 10:41:51 localhost kernel: [ 5293.872924] [VPF ops]:[L978][vin2_cap][C0] vpf_video_set_ochn_attr: done
Feb 28 10:41:51 localhost kernel: [ 5293.872931] [VPF ops]:[L1079][vin2_src][C0] vpf_video_get_struct_size: done
Feb 28 10:41:51 localhost kernel: [ 5293.872943] vin mipi2: snrclk set freq cmd
Feb 28 10:41:51 localhost kernel: [ 5293.872956] vin mipi2: sensor2_mclk set 24000000 as 24000000
Feb 28 10:41:51 localhost kernel: [ 5293.872963] vin mipi2: snrclk set en cmd
Feb 28 10:41:51 localhost kernel: [ 5293.872966] vin mipi2: snrclk set enable
Feb 28 10:41:51 localhost kernel: [ 5293.872983] [L517][S0]vin_node_set_attr_ex done
Feb 28 10:41:51 localhost kernel: [ 5293.872987] [VIN_NODE]:[L324][C0]vin_node_video_set_attr_ex done
Feb 28 10:41:51 localhost kernel: [ 5293.872990] [VPF ops]:[L763][vin2_src][C0] vpf_video_set_attr_ex: done
Feb 28 10:41:51 localhost kernel: [ 5293.872995] [L517][S0]vin_node_set_attr_ex done
Feb 28 10:41:51 localhost kernel: [ 5293.872999] [VIN_NODE]:[L324][C0]vin_node_video_set_attr_ex done
Feb 28 10:41:51 localhost kernel: [ 5293.873002] [VPF ops]:[L763][vin2_cap][C0] vpf_video_set_attr_ex: done
Feb 28 10:41:51 localhost kernel: [ 5293.873009] [L975]VNODE_ID_CAP wstride 2176
Feb 28 10:41:51 localhost kernel: [ 5293.873012] [L977]VNODE_ID_CAP vstride 1280
Feb 28 10:41:51 localhost kernel: [ 5293.873015] [L981]vstride 1280  planecount 1 
Feb 28 10:41:51 localhost kernel: [ 5293.873019] [L1023][S0] vin_node_reqbufs done bit_map 0x1 planecount 1 
Feb 28 10:41:51 localhost kernel: [ 5293.873022] [VIN_NODE]:[L743][C0]vin_node_video_reqbufs done
Feb 28 10:41:51 localhost kernel: [ 5293.873037] [VPF ops]:[L1325][vin2_cap][C0] vpf_request_frames: reqbuf number 3
Feb 28 10:41:51 localhost kernel: [ 5293.873155] [VPF ops]:[L1464][vin2_cap][C0] vpf_video_reqbufs: done
Feb 28 10:41:51 localhost kernel: [ 5293.873173] [VPF ops]:[L2066][vin2_cap][C0] vpf_video_querybuf: done
Feb 28 10:41:51 localhost kernel: [ 5293.873361] [VPF ops]:[L2066][vin2_cap][C0] vpf_video_querybuf: done
Feb 28 10:41:51 localhost kernel: [ 5293.873484] [VPF ops]:[L2066][vin2_cap][C0] vpf_video_querybuf: done
Feb 28 10:41:51 localhost kernel: [ 5293.873624] [VPF ops]:[L2575][vs-isp0_src] vpf_device_open: done
Feb 28 10:41:51 localhost kernel: [ 5293.873647] [VPF ops]:[L2575][vs-isp0_src_pd] vpf_device_open: done
Feb 28 10:41:51 localhost kernel: [ 5293.874813] [VPF ops]:[L2575][vs-isp0_cap] vpf_device_open: done
Feb 28 10:41:51 localhost kernel: [ 5293.874839] [VPF ops]:[L2575][vs-isp0_cap_raw] vpf_device_open: done
Feb 28 10:41:51 localhost kernel: [ 5293.874852] [VPF ops]:[L439][vs-isp0_src][C0] vpf_vctx_bind_vdev: done, ctx_index(0) refcount(1)
Feb 28 10:41:51 localhost kernel: [ 5293.874862] [VPF ops]:[L1875][vs-isp0_src][C0] vpf_video_bind_context: done
Feb 28 10:41:51 localhost kernel: [ 5293.874868] [VPF ops]:[L439][vs-isp0_src_pd][C0] vpf_vctx_bind_vdev: done, ctx_index(0) refcount(1)
Feb 28 10:41:51 localhost kernel: [ 5293.874874] [VPF ops]:[L1875][vs-isp0_src_pd][C0] vpf_video_bind_context: done
Feb 28 10:41:51 localhost kernel: [ 5293.874881] [VPF ops]:[L439][vs-isp0_cap][C0] vpf_vctx_bind_vdev: done, ctx_index(0) refcount(1)
Feb 28 10:41:51 localhost kernel: [ 5293.874885] [VPF ops]:[L1875][vs-isp0_cap][C0] vpf_video_bind_context: done
Feb 28 10:41:51 localhost kernel: [ 5293.874892] [VPF ops]:[L439][vs-isp0_cap_raw][C0] vpf_vctx_bind_vdev: done, ctx_index(0) refcount(1)
Feb 28 10:41:51 localhost kernel: [ 5293.874897] [VPF ops]:[L1875][vs-isp0_cap_raw][C0] vpf_video_bind_context: done
Feb 28 10:41:51 localhost kernel: [ 5293.874906] [VPF ops]:[L1079][vs-isp0_src][C0] vpf_video_get_struct_size: done
Feb 28 10:41:51 localhost kernel: [ 5293.874914] [VPF ops]:[L689][vs-isp0_cap][C0] vpf_video_set_init_attr: done
Feb 28 10:41:51 localhost kernel: [ 5293.877850] [VIO node]:[L104][isp0] vio_group_task_start: sched_mode 1
Feb 28 10:41:51 localhost kernel: [ 5293.877862] [VPF ops]:[L689][vs-isp0_src][C0] vpf_video_set_init_attr: done
Feb 28 10:41:51 localhost kernel: [ 5293.877870] [VPF ops]:[L689][vs-isp0_src_pd][C0] vpf_video_set_init_attr: done
Feb 28 10:41:51 localhost kernel: [ 5293.877876] [VPF ops]:[L689][vs-isp0_cap_raw][C0] vpf_video_set_init_attr: done
Feb 28 10:41:51 localhost kernel: [ 5293.877882] [VPF ops]:[L1079][vs-isp0_src][C0] vpf_video_get_struct_size: done
Feb 28 10:41:51 localhost kernel: [ 5293.877889] isp_set_ochn_attr format=6,width=1088,stride=1088,height=1280
Feb 28 10:41:51 localhost kernel: [ 5293.877939] isp_video_reqbufs done bit_map 0x1 planecount 2 vctx->id:8
Feb 28 10:41:51 localhost kernel: [ 5293.877963] [VPF ops]:[L1325][vs-isp0_cap][C0] vpf_request_frames: reqbuf number 16
Feb 28 10:41:51 localhost kernel: [ 5293.877968] [VPF ops]:[L978][vs-isp0_cap][C0] vpf_video_set_ochn_attr: done
Feb 28 10:41:51 localhost kernel: [ 5293.877978] [VPF ops]:[L1079][vs-isp0_src][C0] vpf_video_get_struct_size: done
Feb 28 10:41:51 localhost kernel: [ 5293.877985] isp_video_set_ichn_attr format=2,width=1088,stride=2176,height=1280,hdr_en=0
Feb 28 10:41:51 localhost kernel: [ 5293.878031] isp_video_reqbufs done bit_map 0x1 planecount 1 vctx->id:0
Feb 28 10:41:51 localhost kernel: [ 5293.878048] [VPF ops]:[L1325][vs-isp0_src][C0] vpf_request_frames: reqbuf number 16
Feb 28 10:41:51 localhost kernel: [ 5293.878053] [VPF ops]:[L850][vs-isp0_src][C0] vpf_video_set_ichn_attr: done
Feb 28 10:41:51 localhost kernel: [ 5293.878062] isp_video_reqbufs done bit_map 0x1 planecount 2 vctx->id:8
Feb 28 10:41:51 localhost kernel: [ 5293.878076] [VPF ops]:[L1325][vs-isp0_cap][C0] vpf_request_frames: reqbuf number 3
Feb 28 10:41:51 localhost kernel: [ 5293.878172] [VPF ops]:[L1464][vs-isp0_cap][C0] vpf_video_reqbufs: done
Feb 28 10:41:51 localhost kernel: [ 5293.878188] [VPF ops]:[L2066][vs-isp0_cap][C0] vpf_video_querybuf: done
Feb 28 10:41:51 localhost kernel: [ 5293.878335] [VPF ops]:[L2066][vs-isp0_cap][C0] vpf_video_querybuf: done
Feb 28 10:41:51 localhost kernel: [ 5293.878476] [VPF ops]:[L2066][vs-isp0_cap][C0] vpf_video_querybuf: done
Feb 28 10:41:51 localhost kernel: [ 5293.878583] [VPF ops]:[L2575][flow] vpf_device_open: done
Feb 28 10:41:51 localhost kernel: [ 5293.878594] [VPF ops]:[L1031][flow][C0] vpf_video_get_version: done
Feb 28 10:41:51 localhost kernel: [ 5293.878612] [VPF ops]:[L360][S2] vpf_bind_chain: bind done
Feb 28 10:41:51 localhost kernel: [ 5293.878626] [VPF ops]:[L2223][flow][C2] vpf_video_bind_pipeline: done
Feb 28 10:41:51 localhost kernel: [ 5293.878636] [VPF ops]:[L1685][vin2_src][S2][C0] vpf_chain_add_vnode: done
Feb 28 10:41:51 localhost kernel: [ 5293.878641] [VPF ops]:[L1825][vin2_src][C0] vpf_video_add_vnode: done
Feb 28 10:41:51 localhost kernel: [ 5293.878647] [VPF ops]:[L1685][vs-isp0_src][S2][C0] vpf_chain_add_vnode: done
Feb 28 10:41:51 localhost kernel: [ 5293.878652] [VPF ops]:[L1825][vs-isp0_src][C0] vpf_video_add_vnode: done
Feb 28 10:41:51 localhost kernel: [ 5293.878889] [CIM]:[L419][S0]cim_video_get_attr done ret val:0
Feb 28 10:41:51 localhost kernel: [ 5293.878911] vin vcon2: get attr valid bus7 rx2 done
Feb 28 10:41:51 localhost kernel: [ 5293.878917] [L306][S0]vin_node_get_attr done
Feb 28 10:41:51 localhost kernel: [ 5293.878921] [VIN_NODE]:[L286][C0]vin_node_video_get_attr done
Feb 28 10:41:51 localhost kernel: [ 5293.879077] vin sensor2: camera_init_req cmd: initing
Feb 28 10:41:51 localhost kernel: [ 5293.924092] vin sensor0: camera_init_result cmd: done wake
Feb 28 10:41:51 localhost kernel: [ 5293.924103] vin sensor0: sensor_evu_do: default to wait
Feb 28 10:41:51 localhost kernel: [ 5293.924164] vin sensor0: camera_set_intrinsic_param port 0 done
Feb 28 10:41:51 localhost kernel: [ 5293.924268] vin sensor0: sensor_attach flow0 ctx0 to sensor0 sc132gs
Feb 28 10:41:51 localhost kernel: [ 5293.924274] vin vcon0: flow0.ctx0 attach sensor0 done
Feb 28 10:41:51 localhost kernel: [ 5293.924279] vin vcon0: set internal attr attach done
Feb 28 10:41:51 localhost kernel: [ 5293.924293] vin mipi0: init cmd: 0 real
Feb 28 10:41:51 localhost kernel: [ 5293.924300] vin mipi0: 1 lane 640x480 10fps datatype 0x1e
Feb 28 10:41:51 localhost kernel: [ 5293.924307] vin mipi0: snrclk set disable
Feb 28 10:41:51 localhost kernel: [ 5293.924326] vin mipi0: ipiclk limit 27027000 up to 600000000
Feb 28 10:41:51 localhost kernel: [ 5293.924340] vin mipi0: ipiclk set 600000000 get 600000000
Feb 28 10:41:51 localhost kernel: [ 5293.924345] vin mipi0: dphy 432Mbps/1lane: ppi 8bit settle 8
Feb 28 10:41:51 localhost kernel: [ 5293.957391] vin mipi0: linelenth: 858, framelenth: 3150, fps: 10, ipiclk: 600000000, rx_bit_clk: 432000000
Feb 28 10:41:51 localhost kernel: [ 5293.957406] vin mipi0: ipi config hsa: 4, hbp: 4, hsd: 98
Feb 28 10:41:51 localhost kernel: [ 5293.957413] vin mipi0: config 1/1 ipi done
Feb 28 10:41:51 localhost kernel: [ 5293.957418] vin mipi0: check phy stop state
Feb 28 10:41:51 localhost kernel: [ 5293.960431] [L587][S0]vin_node_set_internal_attr done
Feb 28 10:41:51 localhost kernel: [ 5293.960440] [VIN_NODE]:[L514][C0]vin_node_video_set_internal_attr done
Feb 28 10:41:51 localhost kernel: [ 5293.960446] [L1023][S0] vin_node_reqbufs done bit_map 0x1 planecount 0 
Feb 28 10:41:51 localhost kernel: [ 5293.960451] [VIN_NODE]:[L743][C0]vin_node_video_reqbufs done
Feb 28 10:41:51 localhost kernel: [ 5293.960457] [VPF ops]:[L1005][vin0_src][C0] vpf_video_set_inter_attr: done
Feb 28 10:41:51 localhost kernel: [ 5293.960566] [VPF chain]:[L279]vio_chain_path_show: [S0] vin0_C0*(dma)
Feb 28 10:41:51 localhost kernel: [ 5293.960575] [VPF ops]:[L632][vin0_cap][S0] vpf_prepare_buffers: done
Feb 28 10:41:51 localhost kernel: [ 5293.960582] [VPF ops]:[L1639][vin0_cap][S0][C0] vpf_video_start: done start_cnt 1
Feb 28 10:41:51 localhost kernel: [ 5293.960591] [L716][S0][ipi0]cim_subdev_start ddr_en and ochn request bufs
Feb 28 10:41:51 localhost kernel: [ 5293.960604] [L757][S0]cim_subdev_start
Feb 28 10:41:51 localhost kernel: [ 5293.960607] [CIM]:[L113][S0]cim_video_streamon done ret val:0
Feb 28 10:41:51 localhost kernel: [ 5293.960615] vin sensor0: sensor_evk_do: wait to doing
Feb 28 10:41:51 localhost kernel: [ 5293.961283] vin sensor0: sensor_evk_do: done to finish
Feb 28 10:41:51 localhost kernel: [ 5293.961288] vin sensor0: sensor_start sc132gs flow0 start done
Feb 28 10:41:51 localhost kernel: [ 5293.961295] vin vcon0: sensor0 start real done
Feb 28 10:41:51 localhost kernel: [ 5293.961301] vin mipi0: start cmd: 0 real
Feb 28 10:41:51 localhost kernel: [ 5293.961305] vin mipi0: check hs reception
Feb 28 10:41:51 localhost kernel: [ 5293.985730] vin sensor1: camera_init_result cmd: done wake
Feb 28 10:41:51 localhost kernel: [ 5293.985752] vin sensor1: sensor_evu_do: default to wait
Feb 28 10:41:51 localhost kernel: [ 5293.985790] vin sensor1: camera_set_intrinsic_param port 1 done
Feb 28 10:41:51 localhost kernel: [ 5293.985829] vin sensor1: sensor_attach flow1 ctx0 to sensor1 
Feb 28 10:41:51 localhost kernel: [ 5293.985835] vin vcon1: flow1.ctx0 attach sensor1 done
Feb 28 10:41:51 localhost kernel: [ 5293.985840] vin vcon1: set internal attr attach done
Feb 28 10:41:51 localhost kernel: [ 5293.985853] vin mipi1: init cmd: 0 real
Feb 28 10:41:51 localhost kernel: [ 5293.985861] vin mipi1: 1 lane 640x480 10fps datatype 0x1e
Feb 28 10:41:51 localhost kernel: [ 5293.985867] vin mipi1: snrclk set disable
Feb 28 10:41:51 localhost kernel: [ 5293.985885] vin mipi1: ipiclk limit 27027000 up to 600000000
Feb 28 10:41:51 localhost kernel: [ 5293.985900] vin mipi1: ipiclk set 600000000 get 600000000
Feb 28 10:41:51 localhost kernel: [ 5293.985905] vin mipi1: dphy 432Mbps/1lane: ppi 8bit settle 40
Feb 28 10:41:51 localhost kernel: [ 5294.018941] vin mipi1: linelenth: 858, framelenth: 3150, fps: 10, ipiclk: 600000000, rx_bit_clk: 432000000
Feb 28 10:41:51 localhost kernel: [ 5294.018956] vin mipi1: ipi config hsa: 4, hbp: 4, hsd: 98
Feb 28 10:41:51 localhost kernel: [ 5294.018963] vin mipi1: config 1/1 ipi done
Feb 28 10:41:51 localhost kernel: [ 5294.018968] vin mipi1: check phy stop state
Feb 28 10:41:51 localhost kernel: [ 5294.018974] [L587][S0]vin_node_set_internal_attr done
Feb 28 10:41:51 localhost kernel: [ 5294.018981] [VIN_NODE]:[L514][C0]vin_node_video_set_internal_attr done
Feb 28 10:41:51 localhost kernel: [ 5294.018988] [L1023][S0] vin_node_reqbufs done bit_map 0x1 planecount 0 
Feb 28 10:41:51 localhost kernel: [ 5294.018992] [VIN_NODE]:[L743][C0]vin_node_video_reqbufs done
Feb 28 10:41:51 localhost kernel: [ 5294.018998] [VPF ops]:[L1005][vin1_src][C0] vpf_video_set_inter_attr: done
Feb 28 10:41:51 localhost kernel: [ 5294.019035] [VPF chain]:[L279]vio_chain_path_show: [S1] vin1_C0*(dma)
Feb 28 10:41:51 localhost kernel: [ 5294.019044] [VPF ops]:[L632][vin1_cap][S1] vpf_prepare_buffers: done
Feb 28 10:41:51 localhost kernel: [ 5294.019050] [VPF ops]:[L1639][vin1_cap][S1][C0] vpf_video_start: done start_cnt 1
Feb 28 10:41:51 localhost kernel: [ 5294.019059] [L716][S0][ipi0]cim_subdev_start ddr_en and ochn request bufs
Feb 28 10:41:51 localhost kernel: [ 5294.019072] [L757][S1]cim_subdev_start
Feb 28 10:41:51 localhost kernel: [ 5294.019076] [CIM]:[L113][S0]cim_video_streamon done ret val:0
Feb 28 10:41:51 localhost kernel: [ 5294.019085] vin sensor1: sensor_evk_do: wait to doing
Feb 28 10:41:51 localhost kernel: [ 5294.019725] vin sensor1: sensor_evk_do: done to finish
Feb 28 10:41:51 localhost kernel: [ 5294.019732] vin sensor1: sensor_start  flow1 start done
Feb 28 10:41:51 localhost kernel: [ 5294.019737] vin vcon1: sensor1 start real done
Feb 28 10:41:51 localhost kernel: [ 5294.019744] vin mipi1: start cmd: 0 real
Feb 28 10:41:51 localhost kernel: [ 5294.019748] vin mipi1: check hs reception
Feb 28 10:41:51 localhost kernel: [ 5294.126411] hobot-sif 3d020000.sif: sif frame size incorrect, hsize count:0x0 vsize count:0x1e0 for inst:0
Feb 28 10:41:51 localhost kernel: [ 5294.127370] vin mipi0: entry hs reception
Feb 28 10:41:51 localhost kernel: [ 5294.127662] [L1096][S0]vin_node_start done
Feb 28 10:41:51 localhost kernel: [ 5294.127666] [VIN_NODE]:[L546][C0]vin_node_video_streamon done
Feb 28 10:41:51 localhost kernel: [ 5294.127670] [VPF ops]:[L1639][vin0_src][S0][C0] vpf_video_start: done start_cnt 2
Feb 28 10:41:51 localhost kernel: [ 5294.139107] vin sensor2: sc132gs open i2c7@0x32
Feb 28 10:41:51 localhost kernel: [ 5294.139124] vin sensor2: camera_tuning_update_param done
Feb 28 10:41:51 localhost kernel: [ 5294.139468] vin sensor2: ctrl_mode set to user
Feb 28 10:41:51 localhost kernel: [ 5294.139532] vin sensor2: camera_init_result cmd: done wake
Feb 28 10:41:51 localhost kernel: [ 5294.139554] vin sensor2: sensor_evu_do: default to wait
Feb 28 10:41:51 localhost kernel: [ 5294.139582] vin sensor2: camera_set_intrinsic_param port 2 done
Feb 28 10:41:51 localhost kernel: [ 5294.139619] vin sensor2: sensor_attach flow2 ctx0 to sensor2 sc132gs
Feb 28 10:41:51 localhost kernel: [ 5294.139626] vin vcon2: flow2.ctx0 attach sensor2 done
Feb 28 10:41:51 localhost kernel: [ 5294.139630] vin vcon2: set internal attr attach done
Feb 28 10:41:51 localhost kernel: [ 5294.139642] vin mipi2: init cmd: 0 real
Feb 28 10:41:51 localhost kernel: [ 5294.139651] vin mipi2: 1 lane 1088x1280 30fps datatype 0x2b
Feb 28 10:41:51 localhost kernel: [ 5294.139657] vin mipi2: snrclk set disable
Feb 28 10:41:51 localhost kernel: [ 5294.139707] vin mipi2: ipiclk limit 21000000 up to 600000000
Feb 28 10:41:51 localhost kernel: [ 5294.139724] vin mipi2: ipiclk set 600000000 get 600000000
Feb 28 10:41:51 localhost kernel: [ 5294.139729] vin mipi2: dphy 1200Mbps/1lane: ppi 8bit settle 20
Feb 28 10:41:51 localhost kernel: [ 5294.172881] vin mipi2: linelenth: 1400, framelenth: 1500, fps: 30, ipiclk: 600000000, rx_bit_clk: 1200000000
Feb 28 10:41:51 localhost kernel: [ 5294.172899] vin mipi2: ipi config hsa: 4, hbp: 4, hsd: 42
Feb 28 10:41:51 localhost kernel: [ 5294.172906] vin mipi2: config 1/1 ipi done
Feb 28 10:41:51 localhost kernel: [ 5294.172910] vin mipi2: check phy stop state
Feb 28 10:41:51 localhost kernel: [ 5294.177850] [L587][S0]vin_node_set_internal_attr done
Feb 28 10:41:51 localhost kernel: [ 5294.177866] [VIN_NODE]:[L514][C0]vin_node_video_set_internal_attr done
Feb 28 10:41:51 localhost kernel: [ 5294.177874] [L1023][S0] vin_node_reqbufs done bit_map 0x1 planecount 1 
Feb 28 10:41:51 localhost kernel: [ 5294.177878] [VIN_NODE]:[L743][C0]vin_node_video_reqbufs done
Feb 28 10:41:51 localhost kernel: [ 5294.177883] [VPF ops]:[L1005][vin2_src][C0] vpf_video_set_inter_attr: done
Feb 28 10:41:51 localhost kernel: [ 5294.177910] isp_video_set_inter_attr flow_id = 2, sensor_name = sc132gs, sensor_cali_name = /app/BestMow/startup_script/sensor_config/darktime/sc132gs_tuning_left.json
Feb 28 10:41:51 localhost kernel: [ 5294.188371] hobot-sif 3d030000.sif: sif frame size incorrect, hsize count:0x0 vsize count:0x1e0 for inst:0
Feb 28 10:41:51 localhost kernel: [ 5294.188788] vin mipi1: entry hs reception
Feb 28 10:41:51 localhost kernel: [ 5294.189625] [L1096][S0]vin_node_start done
Feb 28 10:41:51 localhost kernel: [ 5294.189629] [VIN_NODE]:[L546][C0]vin_node_video_streamon done
Feb 28 10:41:51 localhost kernel: [ 5294.189633] [VPF ops]:[L1639][vin1_src][S1][C0] vpf_video_start: done start_cnt 2
Feb 28 10:41:52 localhost kernel: [ 5294.431090] [VPF mgr]:[L478]empty_camsys_reset: empty function
Feb 28 10:41:52 localhost kernel: [ 5294.431107] [L1228]cim_open open_cnt :1
Feb 28 10:41:52 localhost kernel: [ 5294.431111] [CIM]:[L192][S0]cim_video_open done ret val:0
Feb 28 10:41:52 localhost kernel: [ 5294.431116] [L1227][S0]vin_node_open done
Feb 28 10:41:52 localhost kernel: [ 5294.431121] [VIN_NODE]:[L694][C0]vin_node_video_open done
Feb 28 10:41:52 localhost kernel: [ 5294.431125] [VPF ops]:[L2575][vin3_src] vpf_device_open: done
Feb 28 10:41:52 localhost kernel: [ 5294.431140] [L1228]cim_open open_cnt :2
Feb 28 10:41:52 localhost kernel: [ 5294.431143] [CIM]:[L192][S0]cim_video_open done ret val:0
Feb 28 10:41:52 localhost kernel: [ 5294.431147] [L1227][S0]vin_node_open done
Feb 28 10:41:52 localhost kernel: [ 5294.431151] [VIN_NODE]:[L694][C0]vin_node_video_open done
Feb 28 10:41:52 localhost kernel: [ 5294.431154] [VPF ops]:[L2575][vin3_cap] vpf_device_open: done
Feb 28 10:41:52 localhost kernel: [ 5294.431165] [L1228]cim_open open_cnt :3
Feb 28 10:41:52 localhost kernel: [ 5294.431168] [CIM]:[L192][S0]cim_video_open done ret val:0
Feb 28 10:41:52 localhost kernel: [ 5294.431172] [L1227][S0]vin_node_open done
Feb 28 10:41:52 localhost kernel: [ 5294.431175] [VIN_NODE]:[L694][C0]vin_node_video_open done
Feb 28 10:41:52 localhost kernel: [ 5294.431179] [VPF ops]:[L2575][vin3_emb] vpf_device_open: done
Feb 28 10:41:52 localhost kernel: [ 5294.431190] [L1228]cim_open open_cnt :4
Feb 28 10:41:52 localhost kernel: [ 5294.431193] [CIM]:[L192][S0]cim_video_open done ret val:0
Feb 28 10:41:52 localhost kernel: [ 5294.431196] [L1227][S0]vin_node_open done
Feb 28 10:41:52 localhost kernel: [ 5294.431200] [VIN_NODE]:[L694][C0]vin_node_video_open done
Feb 28 10:41:52 localhost kernel: [ 5294.431203] [VPF ops]:[L2575][vin3_pdaf] vpf_device_open: done
Feb 28 10:41:52 localhost kernel: [ 5294.431211] [VPF ops]:[L439][vin3_src][C0] vpf_vctx_bind_vdev: done, ctx_index(0) refcount(1)
Feb 28 10:41:52 localhost kernel: [ 5294.431218] [VPF ops]:[L1875][vin3_src][C0] vpf_video_bind_context: done
Feb 28 10:41:52 localhost kernel: [ 5294.431224] [VPF ops]:[L439][vin3_cap][C0] vpf_vctx_bind_vdev: done, ctx_index(0) refcount(1)
Feb 28 10:41:52 localhost kernel: [ 5294.431229] [VPF ops]:[L1875][vin3_cap][C0] vpf_video_bind_context: done
Feb 28 10:41:52 localhost kernel: [ 5294.431234] [VPF ops]:[L439][vin3_emb][C0] vpf_vctx_bind_vdev: done, ctx_index(0) refcount(1)
Feb 28 10:41:52 localhost kernel: [ 5294.431239] [VPF ops]:[L1875][vin3_emb][C0] vpf_video_bind_context: done
Feb 28 10:41:52 localhost kernel: [ 5294.431244] [VPF ops]:[L439][vin3_pdaf][C0] vpf_vctx_bind_vdev: done, ctx_index(0) refcount(1)
Feb 28 10:41:52 localhost kernel: [ 5294.431249] [VPF ops]:[L1875][vin3_pdaf][C0] vpf_video_bind_context: done
Feb 28 10:41:52 localhost kernel: [ 5294.431254] [VIN_NODE]:[L38]The vin node driver version is v1.1
Feb 28 10:41:52 localhost kernel: [ 5294.431257] [VPF ops]:[L1031][vin3_src][C0] vpf_video_get_version: done
Feb 28 10:41:52 localhost kernel: [ 5294.431267] [VPF ops]:[L1079][vin3_src][C0] vpf_video_get_struct_size: done
Feb 28 10:41:52 localhost kernel: [ 5294.431276] [CIM]:[L247][C0]cim_video_set_attr done ret val:0
Feb 28 10:41:52 localhost kernel: [ 5294.431281] [L423][C0] vin_node_set_attr ipi 0 done
Feb 28 10:41:52 localhost kernel: [ 5294.431285] [VIN_NODE]:[L239][C0]vin_node_video_set_attr done
Feb 28 10:41:52 localhost kernel: [ 5294.431288] [VPF ops]:[L689][vin3_cap][C0] vpf_video_set_init_attr: done
Feb 28 10:41:52 localhost kernel: [ 5294.431296] vin vcon3: vcon3 open 0: flow65535 ctx0 real
Feb 28 10:41:52 localhost kernel: [ 5294.431302] [L624][S65535][C0][ipi0]cim_subdev_init hw_id = 3
Feb 28 10:41:52 localhost kernel: [ 5294.431307] [CIM]:[L247][C0]cim_video_set_attr done ret val:0
Feb 28 10:41:52 localhost kernel: [ 5294.431311] vin vcon3: get attr valid bus7 rx3 done
Feb 28 10:41:52 localhost kernel: [ 5294.431316] [L423][C0] vin_node_set_attr ipi 0 done
Feb 28 10:41:52 localhost kernel: [ 5294.431320] [VIN_NODE]:[L239][C0]vin_node_video_set_attr done
Feb 28 10:41:52 localhost kernel: [ 5294.431323] [VIO node]:[L104][vin3] vio_group_task_start: sched_mode 1
Feb 28 10:41:52 localhost kernel: [ 5294.431328] [VPF ops]:[L689][vin3_src][C0] vpf_video_set_init_attr: done
Feb 28 10:41:52 localhost kernel: [ 5294.431333] [CIM]:[L247][C0]cim_video_set_attr done ret val:0
Feb 28 10:41:52 localhost kernel: [ 5294.431337] [L423][C0] vin_node_set_attr ipi 0 done
Feb 28 10:41:52 localhost kernel: [ 5294.431340] [VIN_NODE]:[L239][C0]vin_node_video_set_attr done
Feb 28 10:41:52 localhost kernel: [ 5294.431344] [VPF ops]:[L689][vin3_emb][C0] vpf_video_set_init_attr: done
Feb 28 10:41:52 localhost kernel: [ 5294.431349] [CIM]:[L247][C0]cim_video_set_attr done ret val:0
Feb 28 10:41:52 localhost kernel: [ 5294.431352] [L423][C0] vin_node_set_attr ipi 0 done
Feb 28 10:41:52 localhost kernel: [ 5294.431356] [VIN_NODE]:[L239][C0]vin_node_video_set_attr done
Feb 28 10:41:52 localhost kernel: [ 5294.431359] [VPF ops]:[L689][vin3_pdaf][C0] vpf_video_set_init_attr: done
Feb 28 10:41:52 localhost kernel: [ 5294.431364] [VPF ops]:[L1079][vin3_src][C0] vpf_video_get_struct_size: done
Feb 28 10:41:52 localhost kernel: [ 5294.431371] [L709][S65535] vin_node_set_ichn_attr begin format 43 width 1088 
Feb 28 10:41:52 localhost kernel: [ 5294.431378] [L527][S0][ipi0]cim_set_ichn_attr done
Feb 28 10:41:52 localhost kernel: [ 5294.431383] [CIM]:[L309][S0]cim_video_set_ichn_attr done ret val:0
Feb 28 10:41:52 localhost kernel: [ 5294.431387] [L724][S0]vin_node_set_ichn_attr done
Feb 28 10:41:52 localhost kernel: [ 5294.431390] [VIN_NODE]:[L427][C0]vin_node_video_set_ichn_attr done
Feb 28 10:41:52 localhost kernel: [ 5294.431395] [L1023][S0] vin_node_reqbufs done bit_map 0x1 planecount 1 
Feb 28 10:41:52 localhost kernel: [ 5294.431400] [VIN_NODE]:[L743][C0]vin_node_video_reqbufs done
Feb 28 10:41:52 localhost kernel: [ 5294.431418] [VPF ops]:[L1193][F0] vpf_fill_frame_info: L0 use width instead of wstride
Feb 28 10:41:52 localhost kernel: [ 5294.431423] [VPF ops]:[L1197][F0] vpf_fill_frame_info: L0 use height instead of vstride
Feb 28 10:41:52 localhost kernel: [ 5294.431428] [VPF ops]:[L1193][F1] vpf_fill_frame_info: L0 use width instead of wstride
Feb 28 10:41:52 localhost kernel: [ 5294.431431] [VPF ops]:[L1197][F1] vpf_fill_frame_info: L0 use height instead of vstride
Feb 28 10:41:52 localhost kernel: [ 5294.431436] [VPF ops]:[L1193][F2] vpf_fill_frame_info: L0 use width instead of wstride
Feb 28 10:41:52 localhost kernel: [ 5294.431439] [VPF ops]:[L1197][F2] vpf_fill_frame_info: L0 use height instead of vstride
Feb 28 10:41:52 localhost kernel: [ 5294.431444] [VPF ops]:[L1193][F3] vpf_fill_frame_info: L0 use width instead of wstride
Feb 28 10:41:52 localhost kernel: [ 5294.431448] [VPF ops]:[L1197][F3] vpf_fill_frame_info: L0 use height instead of vstride
Feb 28 10:41:52 localhost kernel: [ 5294.431452] [VPF ops]:[L1193][F4] vpf_fill_frame_info: L0 use width instead of wstride
Feb 28 10:41:52 localhost kernel: [ 5294.431456] [VPF ops]:[L1197][F4] vpf_fill_frame_info: L0 use height instead of vstride
Feb 28 10:41:52 localhost kernel: [ 5294.431460] [VPF ops]:[L1193][F5] vpf_fill_frame_info: L0 use width instead of wstride
Feb 28 10:41:52 localhost kernel: [ 5294.431463] [VPF ops]:[L1197][F5] vpf_fill_frame_info: L0 use height instead of vstride
Feb 28 10:41:52 localhost kernel: [ 5294.431467] [VPF ops]:[L1193][F6] vpf_fill_frame_info: L0 use width instead of wstride
Feb 28 10:41:52 localhost kernel: [ 5294.431471] [VPF ops]:[L1197][F6] vpf_fill_frame_info: L0 use height instead of vstride
Feb 28 10:41:52 localhost kernel: [ 5294.431475] [VPF ops]:[L1193][F7] vpf_fill_frame_info: L0 use width instead of wstride
Feb 28 10:41:52 localhost kernel: [ 5294.431479] [VPF ops]:[L1197][F7] vpf_fill_frame_info: L0 use height instead of vstride
Feb 28 10:41:52 localhost kernel: [ 5294.431483] [VPF ops]:[L1193][F8] vpf_fill_frame_info: L0 use width instead of wstride
Feb 28 10:41:52 localhost kernel: [ 5294.431486] [VPF ops]:[L1197][F8] vpf_fill_frame_info: L0 use height instead of vstride
Feb 28 10:41:52 localhost kernel: [ 5294.431490] [VPF ops]:[L1193][F9] vpf_fill_frame_info: L0 use width instead of wstride
Feb 28 10:41:52 localhost kernel: [ 5294.431494] [VPF ops]:[L1197][F9] vpf_fill_frame_info: L0 use height instead of vstride
Feb 28 10:41:52 localhost kernel: [ 5294.431498] [VPF ops]:[L1193][F10] vpf_fill_frame_info: L0 use width instead of wstride
Feb 28 10:41:52 localhost kernel: [ 5294.431502] [VPF ops]:[L1197][F10] vpf_fill_frame_info: L0 use height instead of vstride
Feb 28 10:41:52 localhost kernel: [ 5294.431506] [VPF ops]:[L1193][F11] vpf_fill_frame_info: L0 use width instead of wstride
Feb 28 10:41:52 localhost kernel: [ 5294.431509] [VPF ops]:[L1197][F11] vpf_fill_frame_info: L0 use height instead of vstride
Feb 28 10:41:52 localhost kernel: [ 5294.431538] [VPF ops]:[L1193][F12] vpf_fill_frame_info: L0 use width instead of wstride
Feb 28 10:41:52 localhost kernel: [ 5294.431543] [VPF ops]:[L1197][F12] vpf_fill_frame_info: L0 use height instead of vstride
Feb 28 10:41:52 localhost kernel: [ 5294.431547] [VPF ops]:[L1193][F13] vpf_fill_frame_info: L0 use width instead of wstride
Feb 28 10:41:52 localhost kernel: [ 5294.431550] [VPF ops]:[L1197][F13] vpf_fill_frame_info: L0 use height instead of vstride
Feb 28 10:41:52 localhost kernel: [ 5294.431554] [VPF ops]:[L1193][F14] vpf_fill_frame_info: L0 use width instead of wstride
Feb 28 10:41:52 localhost kernel: [ 5294.431558] [VPF ops]:[L1197][F14] vpf_fill_frame_info: L0 use height instead of vstride
Feb 28 10:41:52 localhost kernel: [ 5294.431562] [VPF ops]:[L1193][F15] vpf_fill_frame_info: L0 use width instead of wstride
Feb 28 10:41:52 localhost kernel: [ 5294.431565] [VPF ops]:[L1197][F15] vpf_fill_frame_info: L0 use height instead of vstride
Feb 28 10:41:52 localhost kernel: [ 5294.431569] [VPF ops]:[L1325][vin3_src][C0] vpf_request_frames: reqbuf number 16
Feb 28 10:41:52 localhost kernel: [ 5294.431574] [VPF ops]:[L850][vin3_src][C0] vpf_video_set_ichn_attr: done
Feb 28 10:41:52 localhost kernel: [ 5294.431582] [VPF ops]:[L1079][vin3_src][C0] vpf_video_get_struct_size: done
Feb 28 10:41:52 localhost kernel: [ 5294.431590] [L236][S0] ochn0 auto calc vstride 1280
Feb 28 10:41:52 localhost kernel: [ 5294.431595] [L160]vin_basic_attr->format:43
Feb 28 10:41:52 localhost kernel: [ 5294.431599] [L425][S0][ipi0][ochn0]cim_set_ochn_attr done
Feb 28 10:41:52 localhost kernel: [ 5294.431603] [CIM]:[L340][S0]cim_video_set_ochn_attr done ret val:0
Feb 28 10:41:52 localhost kernel: [ 5294.431607] [L652][S0]vin_node_set_ochn_attr done
Feb 28 10:41:52 localhost kernel: [ 5294.431610] [VIN_NODE]:[L364][C0]vin_node_video_set_ochn_attr done
Feb 28 10:41:52 localhost kernel: [ 5294.431614] [L975]VNODE_ID_CAP wstride 2176
Feb 28 10:41:52 localhost kernel: [ 5294.431618] [L977]VNODE_ID_CAP vstride 1280
Feb 28 10:41:52 localhost kernel: [ 5294.431621] [L981]vstride 1280  planecount 1 
Feb 28 10:41:52 localhost kernel: [ 5294.431624] [L1023][S0] vin_node_reqbufs done bit_map 0x1 planecount 1 
Feb 28 10:41:52 localhost kernel: [ 5294.431628] [VIN_NODE]:[L743][C0]vin_node_video_reqbufs done
Feb 28 10:41:52 localhost kernel: [ 5294.431640] [VPF ops]:[L1325][vin3_cap][C0] vpf_request_frames: reqbuf number 16
Feb 28 10:41:52 localhost kernel: [ 5294.431645] [VPF ops]:[L978][vin3_cap][C0] vpf_video_set_ochn_attr: done
Feb 28 10:41:52 localhost kernel: [ 5294.431652] [VPF ops]:[L1079][vin3_src][C0] vpf_video_get_struct_size: done
Feb 28 10:41:52 localhost kernel: [ 5294.431663] vin mipi3: snrclk set freq cmd
Feb 28 10:41:52 localhost kernel: [ 5294.431677] vin mipi3: sensor3_mclk set 24000000 as 24000000
Feb 28 10:41:52 localhost kernel: [ 5294.431682] vin mipi3: snrclk set en cmd
Feb 28 10:41:52 localhost kernel: [ 5294.431685] vin mipi3: snrclk set enable
Feb 28 10:41:52 localhost kernel: [ 5294.431701] [L517][S0]vin_node_set_attr_ex done
Feb 28 10:41:52 localhost kernel: [ 5294.431705] [VIN_NODE]:[L324][C0]vin_node_video_set_attr_ex done
Feb 28 10:41:52 localhost kernel: [ 5294.431708] [VPF ops]:[L763][vin3_src][C0] vpf_video_set_attr_ex: done
Feb 28 10:41:52 localhost kernel: [ 5294.431713] [L517][S0]vin_node_set_attr_ex done
Feb 28 10:41:52 localhost kernel: [ 5294.431717] [VIN_NODE]:[L324][C0]vin_node_video_set_attr_ex done
Feb 28 10:41:52 localhost kernel: [ 5294.431721] [VPF ops]:[L763][vin3_cap][C0] vpf_video_set_attr_ex: done
Feb 28 10:41:52 localhost kernel: [ 5294.431728] [L975]VNODE_ID_CAP wstride 2176
Feb 28 10:41:52 localhost kernel: [ 5294.431731] [L977]VNODE_ID_CAP vstride 1280
Feb 28 10:41:52 localhost kernel: [ 5294.431735] [L981]vstride 1280  planecount 1 
Feb 28 10:41:52 localhost kernel: [ 5294.431738] [L1023][S0] vin_node_reqbufs done bit_map 0x1 planecount 1 
Feb 28 10:41:52 localhost kernel: [ 5294.431742] [VIN_NODE]:[L743][C0]vin_node_video_reqbufs done
Feb 28 10:41:52 localhost kernel: [ 5294.431752] [VPF ops]:[L1325][vin3_cap][C0] vpf_request_frames: reqbuf number 3
Feb 28 10:41:52 localhost kernel: [ 5294.431894] [VPF ops]:[L1464][vin3_cap][C0] vpf_video_reqbufs: done
Feb 28 10:41:52 localhost kernel: [ 5294.431912] [VPF ops]:[L2066][vin3_cap][C0] vpf_video_querybuf: done
Feb 28 10:41:52 localhost kernel: [ 5294.432085] [VPF ops]:[L2066][vin3_cap][C0] vpf_video_querybuf: done
Feb 28 10:41:52 localhost kernel: [ 5294.432188] [VPF ops]:[L2066][vin3_cap][C0] vpf_video_querybuf: done
Feb 28 10:41:52 localhost kernel: [ 5294.432278] [VPF ops]:[L2575][vs-isp0_src] vpf_device_open: done
Feb 28 10:41:52 localhost kernel: [ 5294.432294] [VPF ops]:[L2575][vs-isp0_src_pd] vpf_device_open: done
Feb 28 10:41:52 localhost kernel: [ 5294.432307] [VPF ops]:[L2575][vs-isp0_cap] vpf_device_open: done
Feb 28 10:41:52 localhost kernel: [ 5294.432319] [VPF ops]:[L2575][vs-isp0_cap_raw] vpf_device_open: done
Feb 28 10:41:52 localhost kernel: [ 5294.432327] [VPF ops]:[L439][vs-isp0_src][C1] vpf_vctx_bind_vdev: done, ctx_index(0) refcount(1)
Feb 28 10:41:52 localhost kernel: [ 5294.432334] [VPF ops]:[L1875][vs-isp0_src][C1] vpf_video_bind_context: done
Feb 28 10:41:52 localhost kernel: [ 5294.432341] [VPF ops]:[L439][vs-isp0_src_pd][C1] vpf_vctx_bind_vdev: done, ctx_index(0) refcount(1)
Feb 28 10:41:52 localhost kernel: [ 5294.432346] [VPF ops]:[L1875][vs-isp0_src_pd][C1] vpf_video_bind_context: done
Feb 28 10:41:52 localhost kernel: [ 5294.432351] [VPF ops]:[L439][vs-isp0_cap][C1] vpf_vctx_bind_vdev: done, ctx_index(0) refcount(1)
Feb 28 10:41:52 localhost kernel: [ 5294.432356] [VPF ops]:[L1875][vs-isp0_cap][C1] vpf_video_bind_context: done
Feb 28 10:41:52 localhost kernel: [ 5294.432361] [VPF ops]:[L439][vs-isp0_cap_raw][C1] vpf_vctx_bind_vdev: done, ctx_index(0) refcount(1)
Feb 28 10:41:52 localhost kernel: [ 5294.432366] [VPF ops]:[L1875][vs-isp0_cap_raw][C1] vpf_video_bind_context: done
Feb 28 10:41:52 localhost kernel: [ 5294.432373] [VPF ops]:[L1079][vs-isp0_src][C1] vpf_video_get_struct_size: done
Feb 28 10:41:52 localhost kernel: [ 5294.432381] [VPF ops]:[L689][vs-isp0_cap][C1] vpf_video_set_init_attr: done
Feb 28 10:41:52 localhost kernel: [ 5294.456170] ctx_id 0, inst id 0, sensor /app/BestMow/startup_script/sensor_config/darktime/sc132gs_tuning_left.json
Feb 28 10:41:52 localhost kernel: [ 5294.456192] isp_video_reqbufs done bit_map 0x1 planecount 1 vctx->id:0
Feb 28 10:41:52 localhost kernel: [ 5294.456199] [VPF ops]:[L1005][vs-isp0_src][C0] vpf_video_set_inter_attr: done
Feb 28 10:41:52 localhost kernel: [ 5294.456354] [L899][S0][V8] vin_node chn_attr format(24) slod_id(0) width(1088) height(1280) wstride(2176) vstride(1280)
Feb 28 10:41:52 localhost kernel: [ 5294.456366] isp_allow_bind online_mode=0,bind_type=3
Feb 28 10:41:52 localhost kernel: [ 5294.456396] [VPF ops]:[L319][S2] vpf_bind_vnode: vin2_cap bind_type(3) vs-isp0_src
Feb 28 10:41:52 localhost kernel: [ 5294.456402] [VPF ops]:[L2258][flow][C2] vpf_video_bind_vnode: done
Feb 28 10:41:52 localhost kernel: [ 5294.456423] [VPF chain]:[L279]vio_chain_path_show: [S2] vin2_C0*(dma)-m2m-isp0_C0
Feb 28 10:41:52 localhost kernel: [ 5294.456432] [VPF ops]:[L632][vs-isp0_cap][S2] vpf_prepare_buffers: done
Feb 28 10:41:52 localhost kernel: [ 5294.456440] isp_video_streamon inst: 0, set isp state to STARTED
Feb 28 10:41:52 localhost kernel: [ 5294.458578] [VPF ops]:[L689][vs-isp0_src][C1] vpf_video_set_init_attr: done
Feb 28 10:41:52 localhost kernel: [ 5294.458603] [VPF ops]:[L689][vs-isp0_src_pd][C1] vpf_video_set_init_attr: done
Feb 28 10:41:52 localhost kernel: [ 5294.458611] [VPF ops]:[L689][vs-isp0_cap_raw][C1] vpf_video_set_init_attr: done
Feb 28 10:41:52 localhost kernel: [ 5294.458623] [VPF ops]:[L1079][vs-isp0_src][C1] vpf_video_get_struct_size: done
Feb 28 10:41:52 localhost kernel: [ 5294.458640] isp_set_ochn_attr format=6,width=1088,stride=1088,height=1280
Feb 28 10:41:52 localhost kernel: [ 5294.460542] [VPF ops]:[L1639][vs-isp0_cap][S2][C0] vpf_video_start: done start_cnt 1
Feb 28 10:41:52 localhost kernel: [ 5294.460558] isp_video_reqbufs done bit_map 0x1 planecount 2 vctx->id:8
Feb 28 10:41:52 localhost kernel: [ 5294.460562] [VPF ops]:[L1639][vs-isp0_src][S2][C0] vpf_video_start: done start_cnt 2
Feb 28 10:41:52 localhost kernel: [ 5294.460582] [VPF ops]:[L632][vin2_cap][S2] vpf_prepare_buffers: done
Feb 28 10:41:52 localhost kernel: [ 5294.460583] [VPF ops]:[L1325][vs-isp0_cap][C1] vpf_request_frames: reqbuf number 16
Feb 28 10:41:52 localhost kernel: [ 5294.460588] [VPF ops]:[L1639][vin2_cap][S2][C0] vpf_video_start: done start_cnt 1
Feb 28 10:41:52 localhost kernel: [ 5294.460590] [VPF ops]:[L978][vs-isp0_cap][C1] vpf_video_set_ochn_attr: done
Feb 28 10:41:52 localhost kernel: [ 5294.460598] [L716][S0][ipi0]cim_subdev_start ddr_en and ochn request bufs
Feb 28 10:41:52 localhost kernel: [ 5294.460609] [VPF ops]:[L1079][vs-isp0_src][C1] vpf_video_get_struct_size: done
Feb 28 10:41:52 localhost kernel: [ 5294.460613] [L757][S2]cim_subdev_start
Feb 28 10:41:52 localhost kernel: [ 5294.460617] [CIM]:[L113][S0]cim_video_streamon done ret val:0
Feb 28 10:41:52 localhost kernel: [ 5294.460618] isp_video_set_ichn_attr format=2,width=1088,stride=2176,height=1280,hdr_en=0
Feb 28 10:41:52 localhost kernel: [ 5294.460627] vin sensor2: sensor_evk_do: wait to doing
Feb 28 10:41:52 localhost kernel: [ 5294.460663] isp_video_reqbufs done bit_map 0x1 planecount 1 vctx->id:0
Feb 28 10:41:52 localhost kernel: [ 5294.460675] [VPF ops]:[L1325][vs-isp0_src][C1] vpf_request_frames: reqbuf number 16
Feb 28 10:41:52 localhost kernel: [ 5294.460681] [VPF ops]:[L850][vs-isp0_src][C1] vpf_video_set_ichn_attr: done
Feb 28 10:41:52 localhost kernel: [ 5294.460689] isp_video_reqbufs done bit_map 0x1 planecount 2 vctx->id:8
Feb 28 10:41:52 localhost kernel: [ 5294.460698] [VPF ops]:[L1325][vs-isp0_cap][C1] vpf_request_frames: reqbuf number 3
Feb 28 10:41:52 localhost kernel: [ 5294.460805] [VPF ops]:[L1464][vs-isp0_cap][C1] vpf_video_reqbufs: done
Feb 28 10:41:52 localhost kernel: [ 5294.460836] [VPF ops]:[L2066][vs-isp0_cap][C1] vpf_video_querybuf: done
Feb 28 10:41:52 localhost kernel: [ 5294.461058] [VPF ops]:[L2066][vs-isp0_cap][C1] vpf_video_querybuf: done
Feb 28 10:41:52 localhost kernel: [ 5294.461073] vin sensor2: sensor_evk_do: done to finish
Feb 28 10:41:52 localhost kernel: [ 5294.461080] vin sensor2: sensor_start sc132gs flow2 start done
Feb 28 10:41:52 localhost kernel: [ 5294.461085] vin vcon2: sensor2 start real done
Feb 28 10:41:52 localhost kernel: [ 5294.461094] vin mipi2: start cmd: 0 real
Feb 28 10:41:52 localhost kernel: [ 5294.461098] vin mipi2: check hs reception
Feb 28 10:41:52 localhost kernel: [ 5294.461136] [VPF ops]:[L2066][vs-isp0_cap][C1] vpf_video_querybuf: done
Feb 28 10:41:52 localhost kernel: [ 5294.461243] [VPF ops]:[L2575][flow] vpf_device_open: done
Feb 28 10:41:52 localhost kernel: [ 5294.461255] [VPF ops]:[L1031][flow][C0] vpf_video_get_version: done
Feb 28 10:41:52 localhost kernel: [ 5294.461262] [VPF ops]:[L360][S3] vpf_bind_chain: bind done
Feb 28 10:41:52 localhost kernel: [ 5294.461270] [VPF ops]:[L2223][flow][C3] vpf_video_bind_pipeline: done
Feb 28 10:41:52 localhost kernel: [ 5294.461279] [VPF ops]:[L1685][vin3_src][S3][C0] vpf_chain_add_vnode: done
Feb 28 10:41:52 localhost kernel: [ 5294.461284] [VPF ops]:[L1825][vin3_src][C0] vpf_video_add_vnode: done
Feb 28 10:41:52 localhost kernel: [ 5294.461291] [VPF ops]:[L1685][vs-isp0_src][S3][C1] vpf_chain_add_vnode: done
Feb 28 10:41:52 localhost kernel: [ 5294.461295] [VPF ops]:[L1825][vs-isp0_src][C1] vpf_video_add_vnode: done
Feb 28 10:41:52 localhost kernel: [ 5294.461489] [CIM]:[L419][S0]cim_video_get_attr done ret val:0
Feb 28 10:41:52 localhost kernel: [ 5294.461497] vin vcon3: get attr valid bus7 rx3 done
Feb 28 10:41:52 localhost kernel: [ 5294.461502] [L306][S0]vin_node_get_attr done
Feb 28 10:41:52 localhost kernel: [ 5294.461506] [VIN_NODE]:[L286][C0]vin_node_video_get_attr done
Feb 28 10:41:52 localhost kernel: [ 5294.461742] vin sensor3: camera_init_req cmd: initing
Feb 28 10:41:52 localhost kernel: [ 5294.507494] hobot-sif 3d040000.sif: sif frame size incorrect, hsize count:0x0 vsize count:0x268 for inst:0
Feb 28 10:41:52 localhost kernel: [ 5294.508113] vin mipi2: entry hs reception
Feb 28 10:41:52 localhost kernel: [ 5294.508749] [L1096][S0]vin_node_start done
Feb 28 10:41:52 localhost kernel: [ 5294.508753] [VIN_NODE]:[L546][C0]vin_node_video_streamon done
Feb 28 10:41:52 localhost kernel: [ 5294.508758] [VPF ops]:[L1639][vin2_src][S2][C0] vpf_video_start: done start_cnt 2
Feb 28 10:41:52 localhost kernel: [ 5294.737339] vin sensor3: sc132gs open i2c7@0x33
Feb 28 10:41:52 localhost kernel: [ 5294.737369] vin sensor3: camera_tuning_update_param done
Feb 28 10:41:52 localhost kernel: [ 5294.737840] vin sensor3: camera_init_result cmd: done wake
Feb 28 10:41:52 localhost kernel: [ 5294.738123] vin sensor3: camera_set_intrinsic_param port 3 done
Feb 28 10:41:52 localhost kernel: [ 5294.738309] vin sensor3: sensor_attach flow3 ctx0 to sensor3 sc132gs
Feb 28 10:41:52 localhost kernel: [ 5294.738331] vin vcon3: flow3.ctx0 attach sensor3 done
Feb 28 10:41:52 localhost kernel: [ 5294.738336] vin vcon3: set internal attr attach done
Feb 28 10:41:52 localhost kernel: [ 5294.738350] vin mipi3: init cmd: 0 real
Feb 28 10:41:52 localhost kernel: [ 5294.738358] vin mipi3: 1 lane 1088x1280 30fps datatype 0x2b
Feb 28 10:41:52 localhost kernel: [ 5294.738366] vin mipi3: snrclk set disable
Feb 28 10:41:52 localhost kernel: [ 5294.738385] vin mipi3: ipiclk limit 21000000 up to 600000000
Feb 28 10:41:52 localhost kernel: [ 5294.738404] vin mipi3: ipiclk set 600000000 get 600000000
Feb 28 10:41:52 localhost kernel: [ 5294.738410] vin mipi3: dphy 1200Mbps/1lane: ppi 8bit settle 20
Feb 28 10:41:52 localhost kernel: [ 5294.738809] vin sensor3: ctrl_mode set to user
Feb 28 10:41:52 localhost kernel: [ 5294.748093] vin sensor3: sensor_evu_do: default to wait
Feb 28 10:41:52 localhost kernel: [ 5294.796294] vin mipi3: linelenth: 1400, framelenth: 1500, fps: 30, ipiclk: 600000000, rx_bit_clk: 1200000000
Feb 28 10:41:52 localhost kernel: [ 5294.796320] vin mipi3: ipi config hsa: 4, hbp: 4, hsd: 42
Feb 28 10:41:52 localhost kernel: [ 5294.796329] vin mipi3: config 1/1 ipi done
Feb 28 10:41:52 localhost kernel: [ 5294.796334] vin mipi3: check phy stop state
Feb 28 10:41:52 localhost kernel: [ 5294.796343] [L587][S0]vin_node_set_internal_attr done
Feb 28 10:41:52 localhost kernel: [ 5294.796349] [VIN_NODE]:[L514][C0]vin_node_video_set_internal_attr done
Feb 28 10:41:52 localhost kernel: [ 5294.796357] [L1023][S0] vin_node_reqbufs done bit_map 0x1 planecount 1 
Feb 28 10:41:52 localhost kernel: [ 5294.796362] [VIN_NODE]:[L743][C0]vin_node_video_reqbufs done
Feb 28 10:41:52 localhost kernel: [ 5294.796366] [VPF ops]:[L1005][vin3_src][C0] vpf_video_set_inter_attr: done
Feb 28 10:41:52 localhost kernel: [ 5294.796400] isp_video_set_inter_attr flow_id = 3, sensor_name = sc132gs, sensor_cali_name = /app/BestMow/startup_script/sensor_config/darktime/sc132gs_tuning_right.json
Feb 28 10:41:52 localhost kernel: [ 5295.095446] ctx_id 1, inst id 1, sensor /app/BestMow/startup_script/sensor_config/darktime/sc132gs_tuning_right.json
Feb 28 10:41:52 localhost kernel: [ 5295.095474] isp_video_reqbufs done bit_map 0x1 planecount 1 vctx->id:0
Feb 28 10:41:52 localhost kernel: [ 5295.095481] [VPF ops]:[L1005][vs-isp0_src][C1] vpf_video_set_inter_attr: done
Feb 28 10:41:52 localhost kernel: [ 5295.095537] [L899][S0][V8] vin_node chn_attr format(24) slod_id(0) width(1088) height(1280) wstride(2176) vstride(1280)
Feb 28 10:41:52 localhost kernel: [ 5295.095546] isp_allow_bind online_mode=0,bind_type=3
Feb 28 10:41:52 localhost kernel: [ 5295.095584] [VPF ops]:[L319][S3] vpf_bind_vnode: vin3_cap bind_type(3) vs-isp0_src
Feb 28 10:41:52 localhost kernel: [ 5295.095589] [VPF ops]:[L2258][flow][C3] vpf_video_bind_vnode: done
Feb 28 10:41:52 localhost kernel: [ 5295.095608] [VPF chain]:[L279]vio_chain_path_show: [S3] vin3_C0*(dma)-m2m-isp0_C1
Feb 28 10:41:52 localhost kernel: [ 5295.095617] [VPF ops]:[L632][vs-isp0_cap][S3] vpf_prepare_buffers: done
Feb 28 10:41:52 localhost kernel: [ 5295.095626] isp_video_streamon inst: 1, set isp state to STARTED
Feb 28 10:41:52 localhost kernel: [ 5295.098796] [VPF ops]:[L1639][vs-isp0_cap][S3][C1] vpf_video_start: done start_cnt 1
Feb 28 10:41:52 localhost kernel: [ 5295.098833] [VPF ops]:[L1639][vs-isp0_src][S3][C1] vpf_video_start: done start_cnt 2
Feb 28 10:41:52 localhost kernel: [ 5295.098859] [VPF ops]:[L632][vin3_cap][S3] vpf_prepare_buffers: done
Feb 28 10:41:52 localhost kernel: [ 5295.098865] [VPF ops]:[L1639][vin3_cap][S3][C0] vpf_video_start: done start_cnt 1
Feb 28 10:41:52 localhost kernel: [ 5295.098876] [L716][S0][ipi0]cim_subdev_start ddr_en and ochn request bufs
Feb 28 10:41:52 localhost kernel: [ 5295.098893] [L757][S3]cim_subdev_start
Feb 28 10:41:52 localhost kernel: [ 5295.098897] [CIM]:[L113][S0]cim_video_streamon done ret val:0
Feb 28 10:41:52 localhost kernel: [ 5295.098907] vin sensor3: sensor_evk_do: wait to doing
Feb 28 10:41:52 localhost kernel: [ 5295.099456] vin sensor3: sensor_evk_do: done to finish
Feb 28 10:41:52 localhost kernel: [ 5295.099481] vin sensor3: sensor_start sc132gs flow3 start done
Feb 28 10:41:52 localhost kernel: [ 5295.099486] vin vcon3: sensor3 start real done
Feb 28 10:41:52 localhost kernel: [ 5295.099505] vin mipi3: start cmd: 0 real
Feb 28 10:41:52 localhost kernel: [ 5295.099511] vin mipi3: check hs reception
Feb 28 10:41:52 localhost kernel: [ 5295.132490] hobot-sif 3d050000.sif: sif frame size incorrect, hsize count:0x0 vsize count:0x8a for inst:0
Feb 28 10:41:52 localhost kernel: [ 5295.132723] vin mipi3: entry hs reception
Feb 28 10:41:52 localhost kernel: [ 5295.134633] [L1096][S0]vin_node_start done
Feb 28 10:41:52 localhost kernel: [ 5295.134653] [VIN_NODE]:[L546][C0]vin_node_video_streamon done
Feb 28 10:41:52 localhost kernel: [ 5295.134658] [VPF ops]:[L1639][vin3_src][S3][C0] vpf_video_start: done start_cnt 2
Nov 22 04:57:21 localhost kernel: [    0.000000] Booting Linux on physical CPU 0x0000000000 [0x412fd050]
Nov 22 04:57:21 localhost kernel: [    0.000000] Linux version 6.1.83-DR-PL5.2_V1.1.1 (root@hfz-ubuntu) (aarch64-none-linux-gnu-gcc (Arm GNU Toolchain 11.3.Rel1) 11.3.1 20220712, GNU ld (Arm GNU Toolchain 11.3.Rel1) 2.38.20220708) #11 SMP PREEMPT Wed Dec 17 17:00:02 CST 2025
Nov 22 04:57:21 localhost kernel: [    0.000000] Machine model: D-Robotics X5 EVB LP4 1_B board
Nov 22 04:57:21 localhost kernel: [    0.000000] efi: UEFI not found.
Nov 22 04:57:21 localhost kernel: [    0.000000] Reserved memory: created CMA memory pool at 0x0000000088000000, size 382 MiB
Nov 22 04:57:21 localhost kernel: [    0.000000] OF: reserved mem: initialized node linux,cma@88000000, compatible id shared-dma-pool
Nov 22 04:57:21 localhost kernel: [    0.000000] Zone ranges:
Nov 22 04:57:21 localhost kernel: [    0.000000]   DMA      [mem 0x0000000084000000-0x00000000ffffffff]
Nov 22 04:57:21 localhost kernel: [    0.000000]   DMA32    empty
Nov 22 04:57:21 localhost kernel: [    0.000000]   Normal   [mem 0x0000000100000000-0x000000017fffffff]
Nov 22 04:57:21 localhost kernel: [    0.000000] Movable zone start for each node
Nov 22 04:57:21 localhost kernel: [    0.000000] Early memory node ranges
Nov 22 04:57:21 localhost kernel: [    0.000000]   node   0: [mem 0x0000000084000000-0x000000009fe7efff]
Nov 22 04:57:21 localhost kernel: [    0.000000]   node   0: [mem 0x000000009fe7f000-0x00000000a207ffff]
Nov 22 04:57:21 localhost kernel: [    0.000000]   node   0: [mem 0x00000000a2080000-0x000000017fffffff]
Nov 22 04:57:21 localhost kernel: [    0.000000] Initmem setup node 0 [mem 0x0000000084000000-0x000000017fffffff]
Nov 22 04:57:21 localhost kernel: [    0.000000] On node 0, zone DMA: 16384 pages in unavailable ranges
Nov 22 04:57:21 localhost kernel: [    0.000000] psci: probing for conduit method from DT.
Nov 22 04:57:21 localhost kernel: [    0.000000] psci: PSCIv1.1 detected in firmware.
Nov 22 04:57:21 localhost kernel: [    0.000000] psci: Using standard PSCI v0.2 function IDs
Nov 22 04:57:21 localhost kernel: [    0.000000] psci: Trusted OS migration not required
Nov 22 04:57:21 localhost kernel: [    0.000000] psci: SMC Calling Convention v1.2
Nov 22 04:57:21 localhost kernel: [    0.000000] percpu: Embedded 18 pages/cpu s34280 r8192 d31256 u73728
Nov 22 04:57:21 localhost kernel: [    0.000000] pcpu-alloc: s34280 r8192 d31256 u73728 alloc=18*4096
Nov 22 04:57:21 localhost kernel: [    0.000000] pcpu-alloc: [0] 0 [0] 1 [0] 2 [0] 3 [0] 4 [0] 5 [0] 6 [0] 7 
Nov 22 04:57:21 localhost kernel: [    0.000000] Detected VIPT I-cache on CPU0
Nov 22 04:57:21 localhost kernel: [    0.000000] CPU features: detected: GIC system register CPU interface
Nov 22 04:57:21 localhost kernel: [    0.000000] CPU features: detected: Virtualization Host Extensions
Nov 22 04:57:21 localhost kernel: [    0.000000] CPU features: detected: Qualcomm erratum 1009, or ARM erratum 1286807, 2441009
Nov 22 04:57:21 localhost kernel: [    0.000000] CPU features: detected: ARM errata 1165522, 1319367, or 1530923
Nov 22 04:57:21 localhost kernel: [    0.000000] alternatives: applying boot alternatives
Nov 22 04:57:21 localhost kernel: [    0.000000] Built 1 zonelists, mobility grouping on.  Total pages: 1016064
Nov 22 04:57:21 localhost kernel: [    0.000000] Kernel command line: console=ttyS0,921600n8 root=/dev/mmcblk0p9 ro rootwait hobotboot.slot_suffix=_a hobotboot.reason=REBOOT_CMD hobotboot.medium=MMC hobotboot.mode=normal hobotboot.ab_switch_reason=normal hobotboot.pmic_type=single-pmic    
Nov 22 04:57:21 localhost kernel: [    0.000000] Dentry cache hash table entries: 524288 (order: 10, 4194304 bytes, linear)
Nov 22 04:57:21 localhost kernel: [    0.000000] Inode-cache hash table entries: 262144 (order: 9, 2097152 bytes, linear)
Nov 22 04:57:21 localhost kernel: [    0.000000] mem auto-init: stack:off, heap alloc:off, heap free:off
Nov 22 04:57:21 localhost kernel: [    0.000000] software IO TLB: area num 8.
Nov 22 04:57:21 localhost kernel: [    0.000000] software IO TLB: mapped [mem 0x00000000fbfff000-0x00000000fffff000] (64MB)
Nov 22 04:57:21 localhost kernel: [    0.000000] Memory: 2943588K/4128768K available (10752K kernel code, 1152K rwdata, 4092K rodata, 2176K init, 3217K bss, 794012K reserved, 391168K cma-reserved)
Nov 22 04:57:21 localhost kernel: [    0.000000] SLUB: HWalign=64, Order=0-3, MinObjects=0, CPUs=8, Nodes=1
Nov 22 04:57:21 localhost kernel: [    0.000000] rcu: Preemptible hierarchical RCU implementation.
Nov 22 04:57:21 localhost kernel: [    0.000000] rcu: 	RCU event tracing is enabled.
Nov 22 04:57:21 localhost kernel: [    0.000000] rcu: RCU calculated value of scheduler-enlistment delay is 10 jiffies.
Nov 22 04:57:21 localhost kernel: [    0.000000] NR_IRQS: 64, nr_irqs: 64, preallocated irqs: 0
Nov 22 04:57:21 localhost kernel: [    0.000000] GICv3: GIC: Using split EOI/Deactivate mode
Nov 22 04:57:21 localhost kernel: [    0.000000] GICv3: 256 SPIs implemented
Nov 22 04:57:21 localhost kernel: [    0.000000] GICv3: 0 Extended SPIs implemented
Nov 22 04:57:21 localhost kernel: [    0.000000] Root IRQ handler: gic_handle_irq
Nov 22 04:57:21 localhost kernel: [    0.000000] GICv3: GICv3 features: 16 PPIs
Nov 22 04:57:21 localhost kernel: [    0.000000] GICv3: CPU0: found redistributor 0 region 0:0x0000000030140000
Nov 22 04:57:21 localhost kernel: [    0.000000] rcu: srcu_init: Setting srcu_struct sizes based on contention.
Nov 22 04:57:21 localhost kernel: [    0.000000] arch_timer: cp15 timer(s) running at 24.00MHz (phys).
Nov 22 04:57:21 localhost kernel: [    0.000000] clocksource: arch_sys_counter: mask: 0xffffffffffffff max_cycles: 0x588fe9dc0, max_idle_ns: 440795202592 ns
Nov 22 04:57:21 localhost kernel: [    0.000000] sched_clock: 56 bits at 24MHz, resolution 41ns, wraps every 4398046511097ns
Nov 22 04:57:21 localhost kernel: [    0.000810] Console: colour dummy device 80x25
Nov 22 04:57:21 localhost kernel: [    0.000852] Calibrating delay loop (skipped), value calculated using timer frequency.. 48.00 BogoMIPS (lpj=240000)
Nov 22 04:57:21 localhost kernel: [    0.000862] pid_max: default: 32768 minimum: 301
Nov 22 04:57:21 localhost kernel: [    0.000970] Mount-cache hash table entries: 8192 (order: 4, 65536 bytes, linear)
Nov 22 04:57:21 localhost kernel: [    0.000985] Mountpoint-cache hash table entries: 8192 (order: 4, 65536 bytes, linear)
Nov 22 04:57:21 localhost kernel: [    0.002581] rcu: Hierarchical SRCU implementation.
Nov 22 04:57:21 localhost kernel: [    0.002586] rcu: 	Max phase no-delay instances is 1000.
Nov 22 04:57:21 localhost kernel: [    0.003322] EFI services will not be available.
Nov 22 04:57:21 localhost kernel: [    0.003732] smp: Bringing up secondary CPUs ...
Nov 22 04:57:21 localhost kernel: [    0.015153] Detected VIPT I-cache on CPU1
Nov 22 04:57:21 localhost kernel: [    0.015244] GICv3: CPU1: found redistributor 100 region 0:0x0000000030160000
Nov 22 04:57:21 localhost kernel: [    0.015277] CPU1: Booted secondary processor 0x0000000100 [0x412fd050]
Nov 22 04:57:21 localhost kernel: [    0.026721] Detected VIPT I-cache on CPU2
Nov 22 04:57:21 localhost kernel: [    0.026792] GICv3: CPU2: found redistributor 200 region 0:0x0000000030180000
Nov 22 04:57:21 localhost kernel: [    0.026812] CPU2: Booted secondary processor 0x0000000200 [0x412fd050]
Nov 22 04:57:21 localhost kernel: [    0.038228] Detected VIPT I-cache on CPU3
Nov 22 04:57:21 localhost kernel: [    0.038299] GICv3: CPU3: found redistributor 300 region 0:0x00000000301a0000
Nov 22 04:57:21 localhost kernel: [    0.038321] CPU3: Booted secondary processor 0x0000000300 [0x412fd050]
Nov 22 04:57:21 localhost kernel: [    0.049735] Detected VIPT I-cache on CPU4
Nov 22 04:57:21 localhost kernel: [    0.049810] GICv3: CPU4: found redistributor 400 region 0:0x00000000301c0000
Nov 22 04:57:21 localhost kernel: [    0.049831] CPU4: Booted secondary processor 0x0000000400 [0x412fd050]
Nov 22 04:57:21 localhost kernel: [    0.061244] Detected VIPT I-cache on CPU5
Nov 22 04:57:21 localhost kernel: [    0.061315] GICv3: CPU5: found redistributor 500 region 0:0x00000000301e0000
Nov 22 04:57:21 localhost kernel: [    0.061335] CPU5: Booted secondary processor 0x0000000500 [0x412fd050]
Nov 22 04:57:21 localhost kernel: [    0.072747] Detected VIPT I-cache on CPU6
Nov 22 04:57:21 localhost kernel: [    0.072822] GICv3: CPU6: found redistributor 600 region 0:0x0000000030200000
Nov 22 04:57:21 localhost kernel: [    0.072843] CPU6: Booted secondary processor 0x0000000600 [0x412fd050]
Nov 22 04:57:21 localhost kernel: [    0.084264] Detected VIPT I-cache on CPU7
Nov 22 04:57:21 localhost kernel: [    0.084346] GICv3: CPU7: found redistributor 700 region 0:0x0000000030220000
Nov 22 04:57:21 localhost kernel: [    0.084366] CPU7: Booted secondary processor 0x0000000700 [0x412fd050]
Nov 22 04:57:21 localhost kernel: [    0.084424] smp: Brought up 1 node, 8 CPUs
Nov 22 04:57:21 localhost kernel: [    0.084431] SMP: Total of 8 processors activated.
Nov 22 04:57:21 localhost kernel: [    0.084436] CPU features: detected: 32-bit EL0 Support
Nov 22 04:57:21 localhost kernel: [    0.084439] CPU features: detected: Data cache clean to the PoU not required for I/D coherence
Nov 22 04:57:21 localhost kernel: [    0.084443] CPU features: detected: Common not Private translations
Nov 22 04:57:21 localhost kernel: [    0.084446] CPU features: detected: CRC32 instructions
Nov 22 04:57:21 localhost kernel: [    0.084450] CPU features: detected: RCpc load-acquire (LDAPR)
Nov 22 04:57:21 localhost kernel: [    0.084453] CPU features: detected: LSE atomic instructions
Nov 22 04:57:21 localhost kernel: [    0.084456] CPU features: detected: Privileged Access Never
Nov 22 04:57:21 localhost kernel: [    0.084459] CPU features: detected: RAS Extension Support
Nov 22 04:57:21 localhost kernel: [    0.084463] CPU features: detected: Speculative Store Bypassing Safe (SSBS)
Nov 22 04:57:21 localhost kernel: [    0.084537] CPU: All CPU(s) started at EL2
Nov 22 04:57:21 localhost kernel: [    0.084540] alternatives: applying system-wide alternatives
Nov 22 04:57:21 localhost kernel: [    0.088187] devtmpfs: initialized
Nov 22 04:57:21 localhost kernel: [    0.105621] clocksource: jiffies: mask: 0xffffffff max_cycles: 0xffffffff, max_idle_ns: 19112604462750000 ns
Nov 22 04:57:21 localhost kernel: [    0.105638] futex hash table entries: 2048 (order: 5, 131072 bytes, linear)
Nov 22 04:57:21 localhost kernel: [    0.114245] pinctrl core: initialized pinctrl subsystem
Nov 22 04:57:21 localhost kernel: [    0.114822] DMI not present or invalid.
Nov 22 04:57:21 localhost kernel: [    0.114832] hb_pl320_mbox_init...
Nov 22 04:57:21 localhost kernel: [    0.115282] NET: Registered PF_NETLINK/PF_ROUTE protocol family
Nov 22 04:57:21 localhost kernel: [    0.116004] DMA: preallocated 512 KiB GFP_KERNEL pool for atomic allocations
Nov 22 04:57:21 localhost kernel: [    0.116121] DMA: preallocated 512 KiB GFP_KERNEL|GFP_DMA pool for atomic allocations
Nov 22 04:57:21 localhost kernel: [    0.116282] DMA: preallocated 512 KiB GFP_KERNEL|GFP_DMA32 pool for atomic allocations
Nov 22 04:57:21 localhost kernel: [    0.116329] audit: initializing netlink subsys (disabled)
Nov 22 04:57:21 localhost kernel: [    0.116471] audit: type=2000 audit(0.100:1): state=initialized audit_enabled=0 res=1
Nov 22 04:57:21 localhost kernel: [    0.116832] thermal_sys: Registered thermal governor 'step_wise'
Nov 22 04:57:21 localhost kernel: [    0.116838] thermal_sys: Registered thermal governor 'user_space'
Nov 22 04:57:21 localhost kernel: [    0.116870] cpuidle: using governor menu
Nov 22 04:57:21 localhost kernel: [    0.117037] hw-breakpoint: found 6 breakpoint and 4 watchpoint registers.
Nov 22 04:57:21 localhost kernel: [    0.117161] ASID allocator initialised with 65536 entries
Nov 22 04:57:21 localhost kernel: [    0.117350] hb_ipc_init...
Nov 22 04:57:21 localhost kernel: [    0.119221] printk: console [ramoops-1] enabled
Nov 22 04:57:21 localhost kernel: [    0.119226] pstore: Registered ramoops as persistent store backend
Nov 22 04:57:21 localhost kernel: [    0.119230] ramoops: using 0x40000@0xa4080000, ecc: 0
Nov 22 04:57:21 localhost kernel: [    0.133926] platform 3d080000.csi: Fixed dependency cycle(s) with /soc/a55_apb0/i2c@340d0000/sc230ai@30
Nov 22 04:57:21 localhost kernel: [    0.134762] amba 2c001000.funnel: Fixed dependency cycle(s) with /soc/etm@2d740000
Nov 22 04:57:21 localhost kernel: [    0.134778] amba 2c001000.funnel: Fixed dependency cycle(s) with /soc/etm@2d640000
Nov 22 04:57:21 localhost kernel: [    0.134791] amba 2c001000.funnel: Fixed dependency cycle(s) with /soc/etm@2d540000
Nov 22 04:57:21 localhost kernel: [    0.134803] amba 2c001000.funnel: Fixed dependency cycle(s) with /soc/etm@2d440000
Nov 22 04:57:21 localhost kernel: [    0.134815] amba 2c001000.funnel: Fixed dependency cycle(s) with /soc/etm@2d340000
Nov 22 04:57:21 localhost kernel: [    0.134826] amba 2c001000.funnel: Fixed dependency cycle(s) with /soc/etm@2d240000
Nov 22 04:57:21 localhost kernel: [    0.134836] amba 2c001000.funnel: Fixed dependency cycle(s) with /soc/etm@2d140000
Nov 22 04:57:21 localhost kernel: [    0.134848] amba 2c001000.funnel: Fixed dependency cycle(s) with /soc/etm@2d040000
Nov 22 04:57:21 localhost kernel: [    0.134867] amba 2c001000.funnel: Fixed dependency cycle(s) with /soc/etf@2c002000
Nov 22 04:57:21 localhost kernel: [    0.134955] amba 2c001000.funnel: Fixed dependency cycle(s) with /soc/etf@2c002000
Nov 22 04:57:21 localhost kernel: [    0.135017] amba 2c002000.etf: Fixed dependency cycle(s) with /soc/replicator@2c004000
Nov 22 04:57:21 localhost kernel: [    0.135047] amba 2c002000.etf: Fixed dependency cycle(s) with /soc/funnel@2c001000
Nov 22 04:57:21 localhost kernel: [    0.135177] amba 2c003000.etr: Fixed dependency cycle(s) with /soc/replicator@2c004000
Nov 22 04:57:21 localhost kernel: [    0.135268] amba 2c003000.etr: Fixed dependency cycle(s) with /soc/replicator@2c004000
Nov 22 04:57:21 localhost kernel: [    0.135319] amba 2c002000.etf: Fixed dependency cycle(s) with /soc/replicator@2c004000
Nov 22 04:57:21 localhost kernel: [    0.135390] amba 2c004000.replicator: Fixed dependency cycle(s) with /soc/etf@2c002000
Nov 22 04:57:21 localhost kernel: [    0.135440] amba 2c004000.replicator: Fixed dependency cycle(s) with /soc/etr@2c003000
Nov 22 04:57:21 localhost kernel: [    0.135495] amba 2c004000.replicator: Fixed dependency cycle(s) with /soc/tpiu@2c005000
Nov 22 04:57:21 localhost kernel: [    0.135572] amba 2c004000.replicator: Fixed dependency cycle(s) with /soc/tpiu@2c005000
Nov 22 04:57:21 localhost kernel: [    0.135643] amba 2c005000.tpiu: Fixed dependency cycle(s) with /soc/replicator@2c004000
Nov 22 04:57:21 localhost kernel: [    0.135849] amba 2c001000.funnel: Fixed dependency cycle(s) with /soc/etm@2d040000
Nov 22 04:57:21 localhost kernel: [    0.135922] amba 2d040000.etm: Fixed dependency cycle(s) with /soc/funnel@2c001000
Nov 22 04:57:21 localhost kernel: [    0.136078] amba 2c001000.funnel: Fixed dependency cycle(s) with /soc/etm@2d140000
Nov 22 04:57:21 localhost kernel: [    0.136155] amba 2d140000.etm: Fixed dependency cycle(s) with /soc/funnel@2c001000
Nov 22 04:57:21 localhost kernel: [    0.136305] amba 2c001000.funnel: Fixed dependency cycle(s) with /soc/etm@2d240000
Nov 22 04:57:21 localhost kernel: [    0.136380] amba 2d240000.etm: Fixed dependency cycle(s) with /soc/funnel@2c001000
Nov 22 04:57:21 localhost kernel: [    0.136542] amba 2c001000.funnel: Fixed dependency cycle(s) with /soc/etm@2d340000
Nov 22 04:57:21 localhost kernel: [    0.136622] amba 2d340000.etm: Fixed dependency cycle(s) with /soc/funnel@2c001000
Nov 22 04:57:21 localhost kernel: [    0.136780] amba 2c001000.funnel: Fixed dependency cycle(s) with /soc/etm@2d440000
Nov 22 04:57:21 localhost kernel: [    0.136852] amba 2d440000.etm: Fixed dependency cycle(s) with /soc/funnel@2c001000
Nov 22 04:57:21 localhost kernel: [    0.137004] amba 2c001000.funnel: Fixed dependency cycle(s) with /soc/etm@2d540000
Nov 22 04:57:21 localhost kernel: [    0.137077] amba 2d540000.etm: Fixed dependency cycle(s) with /soc/funnel@2c001000
Nov 22 04:57:21 localhost kernel: [    0.137229] amba 2c001000.funnel: Fixed dependency cycle(s) with /soc/etm@2d640000
Nov 22 04:57:21 localhost kernel: [    0.137305] amba 2d640000.etm: Fixed dependency cycle(s) with /soc/funnel@2c001000
Nov 22 04:57:21 localhost kernel: [    0.137457] amba 2c001000.funnel: Fixed dependency cycle(s) with /soc/etm@2d740000
Nov 22 04:57:21 localhost kernel: [    0.137529] amba 2d740000.etm: Fixed dependency cycle(s) with /soc/funnel@2c001000
Nov 22 04:57:21 localhost kernel: [    0.147685] horizon-aon-pinctrl 31040000.aon_iomuxc: Initialized D-Robotics pinctrl driver
Nov 22 04:57:21 localhost kernel: [    0.149476] (NULL device *): no horizon,gpio-banks in node /soc/disp_apb/disp_iomuxc@3e0a0054
Nov 22 04:57:21 localhost kernel: [    0.149712] horizon-disp-pinctrl 3e0a0054.disp_iomuxc: Initialized D-Robotics pinctrl driver
Nov 22 04:57:21 localhost kernel: [    0.149983] platform 3e000000.disp_apb:bt1120-wb-syscon-bridge: Fixed dependency cycle(s) with /soc/disp_apb/bt1120_bridge_wb
Nov 22 04:57:21 localhost kernel: [    0.150129] platform 3e080000.vs-sif: Fixed dependency cycle(s) with /soc/disp_apb/bt1120_bridge_wb
Nov 22 04:57:21 localhost kernel: [    0.150450] platform 3e080000.vs-sif: Fixed dependency cycle(s) with /soc/disp_apb/bt1120_bridge_wb
Nov 22 04:57:21 localhost kernel: [    0.150493] platform 3e000000.disp_apb:bt1120-wb-syscon-bridge: Fixed dependency cycle(s) with /soc/disp_apb/bt1120_bridge_wb
Nov 22 04:57:21 localhost kernel: [    0.150538] platform 3e000000.disp_apb:bt1120_bridge_wb: Fixed dependency cycle(s) with /soc/disp_apb/bt1120-wb-syscon-bridge
Nov 22 04:57:21 localhost kernel: [    0.150580] platform 3e000000.disp_apb:bt1120_bridge_wb: Fixed dependency cycle(s) with /soc/disp_apb/vs-sif@3e080000
Nov 22 04:57:21 localhost kernel: [    0.154634] horizon-hsio-pinctrl 35050000.hsio_iomuxc: Initialized D-Robotics pinctrl driver
Nov 22 04:57:21 localhost kernel: [    0.157305] horizon-dsp-pinctrl 31040014.dsp_iomuxc: Initialized D-Robotics pinctrl driver
Nov 22 04:57:21 localhost kernel: [    0.157794] hobot-pl320 33000000.mailbox0: get_mbox_dev_resource, mbox->base = (____ptrval____)
Nov 22 04:57:21 localhost kernel: [    0.158410] hobot-pl320 33000000.mailbox0: PL320 Mailbox registered
Nov 22 04:57:21 localhost kernel: [    0.164015] horizon-lsio-pinctrl 34180000.lsio_iomuxc: Initialized D-Robotics pinctrl driver
Nov 22 04:57:21 localhost kernel: [    0.167155] KASLR disabled due to lack of seed
Nov 22 04:57:21 localhost kernel: [    0.167243] sysfs: cannot create duplicate filename '/module/hobot_pps/version'
Nov 22 04:57:21 localhost kernel: [    0.167249] CPU: 0 PID: 1 Comm: swapper/0 Not tainted 6.1.83-DR-PL5.2_V1.1.1 #11
Nov 22 04:57:21 localhost kernel: [    0.167256] Hardware name: D-Robotics X5 EVB LP4 1_B board (DT)
Nov 22 04:57:21 localhost kernel: [    0.167260] Call trace:
Nov 22 04:57:21 localhost kernel: [    0.167264]  dump_backtrace+0xd8/0x130
Nov 22 04:57:21 localhost kernel: [    0.167278]  show_stack+0x18/0x30
Nov 22 04:57:21 localhost kernel: [    0.167287]  dump_stack_lvl+0x68/0x84
Nov 22 04:57:21 localhost kernel: [    0.167297]  dump_stack+0x18/0x34
Nov 22 04:57:21 localhost kernel: [    0.167303]  sysfs_warn_dup+0x64/0x80
Nov 22 04:57:21 localhost kernel: [    0.167310]  sysfs_add_file_mode_ns+0x124/0x130
Nov 22 04:57:21 localhost kernel: [    0.167316]  sysfs_create_file_ns+0x7c/0xb4
Nov 22 04:57:21 localhost kernel: [    0.167321]  param_sysfs_init+0xa8/0x1e0
Nov 22 04:57:21 localhost kernel: [    0.167330]  do_one_initcall+0x50/0x1d0
Nov 22 04:57:21 localhost kernel: [    0.167336]  kernel_init_freeable+0x218/0x280
Nov 22 04:57:21 localhost kernel: [    0.167343]  kernel_init+0x24/0x130
Nov 22 04:57:21 localhost kernel: [    0.167351]  ret_from_fork+0x10/0x20
Nov 22 04:57:21 localhost kernel: [    0.167366] ------------[ cut here ]------------
Nov 22 04:57:21 localhost kernel: [    0.167369] WARNING: CPU: 0 PID: 1 at kernel/params.c:877 param_sysfs_init+0xac/0x1e0
Nov 22 04:57:21 localhost kernel: [    0.167378] Modules linked in:
Nov 22 04:57:21 localhost kernel: [    0.167384] CPU: 0 PID: 1 Comm: swapper/0 Not tainted 6.1.83-DR-PL5.2_V1.1.1 #11
Nov 22 04:57:21 localhost kernel: [    0.167390] Hardware name: D-Robotics X5 EVB LP4 1_B board (DT)
Nov 22 04:57:21 localhost kernel: [    0.167394] pstate: 60400009 (nZCv daif +PAN -UAO -TCO -DIT -SSBS BTYPE=--)
Nov 22 04:57:21 localhost kernel: [    0.167400] pc : param_sysfs_init+0xac/0x1e0
Nov 22 04:57:21 localhost kernel: [    0.167407] lr : param_sysfs_init+0xa8/0x1e0
Nov 22 04:57:21 localhost kernel: [    0.167415] sp : ffff80000956bd30
Nov 22 04:57:21 localhost kernel: [    0.167418] x29: ffff80000956bd30 x28: 0000000000000000 x27: ffff800008ea00c8
Nov 22 04:57:21 localhost kernel: [    0.167429] x26: ffff800008f26050 x25: ffff800008f26078 x24: ffff800008e88fe0
Nov 22 04:57:21 localhost kernel: [    0.167440] x23: ffff8000091e5000 x22: 0000000000000000 x21: ffff800008e8c070
Nov 22 04:57:21 localhost kernel: [    0.167451] x20: ffff000080dbce00 x19: ffff800008e8be30 x18: ffffffffffffffff
Nov 22 04:57:21 localhost kernel: [    0.167460] x17: 312e312e31565f32 x16: 2e354c502d52442d x15: ffff80008956b4ca
Nov 22 04:57:21 localhost kernel: [    0.167469] x14: 0000000000000000 x13: ffff8000090d9eb0 x12: 000000000000022e
Nov 22 04:57:21 localhost kernel: [    0.167479] x11: 00000000000000ba x10: ffff800009131eb0 x9 : ffff8000090d9eb0
Nov 22 04:57:21 localhost kernel: [    0.167488] x8 : 00000000ffffefff x7 : ffff800009131eb0 x6 : 0000000000002210
Nov 22 04:57:21 localhost kernel: [    0.167496] x5 : ffff000080044000 x4 : ffff0000ff6ca6d0 x3 : 0000000000000000
Nov 22 04:57:21 localhost kernel: [    0.167506] x2 : 0000000000000000 x1 : ffff000080080000 x0 : 00000000ffffffef
Nov 22 04:57:21 localhost kernel: [    0.167516] Call trace:
Nov 22 04:57:21 localhost kernel: [    0.167519]  param_sysfs_init+0xac/0x1e0
Nov 22 04:57:21 localhost kernel: [    0.167527]  do_one_initcall+0x50/0x1d0
Nov 22 04:57:21 localhost kernel: [    0.167533]  kernel_init_freeable+0x218/0x280
Nov 22 04:57:21 localhost kernel: [    0.167540]  kernel_init+0x24/0x130
Nov 22 04:57:21 localhost kernel: [    0.167545]  ret_from_fork+0x10/0x20
Nov 22 04:57:21 localhost kernel: [    0.167553] ---[ end trace 0000000000000000 ]---
Nov 22 04:57:21 localhost kernel: [    0.172181] HugeTLB: registered 1.00 GiB page size, pre-allocated 0 pages
Nov 22 04:57:21 localhost kernel: [    0.172187] HugeTLB: 0 KiB vmemmap can be freed for a 1.00 GiB page
Nov 22 04:57:21 localhost kernel: [    0.172192] HugeTLB: registered 32.0 MiB page size, pre-allocated 0 pages
Nov 22 04:57:21 localhost kernel: [    0.172195] HugeTLB: 0 KiB vmemmap can be freed for a 32.0 MiB page
Nov 22 04:57:21 localhost kernel: [    0.172199] HugeTLB: registered 2.00 MiB page size, pre-allocated 0 pages
Nov 22 04:57:21 localhost kernel: [    0.172203] HugeTLB: 0 KiB vmemmap can be freed for a 2.00 MiB page
Nov 22 04:57:21 localhost kernel: [    0.172207] HugeTLB: registered 64.0 KiB page size, pre-allocated 0 pages
Nov 22 04:57:21 localhost kernel: [    0.172210] HugeTLB: 0 KiB vmemmap can be freed for a 64.0 KiB page
Nov 22 04:57:21 localhost kernel: [    0.173106] noc_qos 20500000.cpu_ace_qos: qos doesn't have consumer device
Nov 22 04:57:21 localhost kernel: [    0.173134] noc_qos 20500000.cpu_ace_qos: noc qos init finished.
Nov 22 04:57:21 localhost kernel: [    0.173188] noc_qos 20500100.cpu_perif_qos: qos doesn't have consumer device
Nov 22 04:57:21 localhost kernel: [    0.173209] noc_qos 20500100.cpu_perif_qos: noc qos init finished.
Nov 22 04:57:21 localhost kernel: [    0.173266] noc_qos 20510000.bt1120_qos: qos doesn't have consumer device
Nov 22 04:57:21 localhost kernel: [    0.173297] noc_qos 20510000.bt1120_qos: noc qos init finished.
Nov 22 04:57:21 localhost kernel: [    0.173349] noc_qos 20510080.dc8000_qos: qos doesn't have consumer device
Nov 22 04:57:21 localhost kernel: [    0.173374] noc_qos 20510080.dc8000_qos: noc qos init finished.
Nov 22 04:57:21 localhost kernel: [    0.173428] noc_qos 20510100.dw230_gdc_qos: qos doesn't have consumer device
Nov 22 04:57:21 localhost kernel: [    0.173451] noc_qos 20510100.dw230_gdc_qos: noc qos init finished.
Nov 22 04:57:21 localhost kernel: [    0.173505] noc_qos 20510180.dw230_scalar2_qos: qos doesn't have consumer device
Nov 22 04:57:21 localhost kernel: [    0.173531] noc_qos 20510180.dw230_scalar2_qos: noc qos init finished.
Nov 22 04:57:21 localhost kernel: [    0.173581] noc_qos 20510200.dw230_scalar3_qos: qos doesn't have consumer device
Nov 22 04:57:21 localhost kernel: [    0.173605] noc_qos 20510200.dw230_scalar3_qos: noc qos init finished.
Nov 22 04:57:21 localhost kernel: [    0.173664] noc_qos 20510500.sif0_qos: qos doesn't have consumer device
Nov 22 04:57:21 localhost kernel: [    0.173689] noc_qos 20510500.sif0_qos: noc qos init finished.
Nov 22 04:57:21 localhost kernel: [    0.173740] noc_qos 20510580.sif1_qos: qos doesn't have consumer device
Nov 22 04:57:21 localhost kernel: [    0.173766] noc_qos 20510580.sif1_qos: noc qos init finished.
Nov 22 04:57:21 localhost kernel: [    0.173818] noc_qos 20510600.sif2_qos: qos doesn't have consumer device
Nov 22 04:57:21 localhost kernel: [    0.173844] noc_qos 20510600.sif2_qos: noc qos init finished.
Nov 22 04:57:21 localhost kernel: [    0.173899] noc_qos 20510680.sif3_qos: qos doesn't have consumer device
Nov 22 04:57:21 localhost kernel: [    0.173930] noc_qos 20510680.sif3_qos: noc qos init finished.
Nov 22 04:57:21 localhost kernel: [    0.173984] noc_qos 20510700.sif_disp_qos: qos doesn't have consumer device
Nov 22 04:57:21 localhost kernel: [    0.174010] noc_qos 20510700.sif_disp_qos: noc qos init finished.
Nov 22 04:57:21 localhost kernel: [    0.174064] noc_qos 20550000.dma0_qos: qos doesn't have consumer device
Nov 22 04:57:21 localhost kernel: [    0.174088] noc_qos 20550000.dma0_qos: noc qos init finished.
Nov 22 04:57:21 localhost kernel: [    0.174137] noc_qos 20550080.emmc_qos: qos doesn't have consumer device
Nov 22 04:57:21 localhost kernel: [    0.174166] noc_qos 20550080.emmc_qos: noc qos init finished.
Nov 22 04:57:21 localhost kernel: [    0.174218] noc_qos 20550100.gmac_qos: qos doesn't have consumer device
Nov 22 04:57:21 localhost kernel: [    0.174241] noc_qos 20550100.gmac_qos: noc qos init finished.
Nov 22 04:57:21 localhost kernel: [    0.174296] noc_qos 20550180.sd_qos: qos doesn't have consumer device
Nov 22 04:57:21 localhost kernel: [    0.174322] noc_qos 20550180.sd_qos: noc qos init finished.
Nov 22 04:57:21 localhost kernel: [    0.174394] noc_qos 20550200.sdio_qos: qos doesn't have consumer device
Nov 22 04:57:21 localhost kernel: [    0.174424] noc_qos 20550200.sdio_qos: noc qos init finished.
Nov 22 04:57:21 localhost kernel: [    0.174475] noc_qos 20550280.security_qos: qos doesn't have consumer device
Nov 22 04:57:21 localhost kernel: [    0.174494] noc_qos 20550280.security_qos: noc qos init finished.
Nov 22 04:57:21 localhost kernel: [    0.174546] noc_qos 20550300.usb2_qos: qos doesn't have consumer device
Nov 22 04:57:21 localhost kernel: [    0.174570] noc_qos 20550300.usb2_qos: noc qos init finished.
Nov 22 04:57:21 localhost kernel: [    0.174624] noc_qos 20550380.usb3_qos: qos doesn't have consumer device
Nov 22 04:57:21 localhost kernel: [    0.174652] noc_qos 20550380.usb3_qos: noc qos init finished.
Nov 22 04:57:21 localhost kernel: [    0.174702] noc_qos 20550400.etr_qos: qos doesn't have consumer device
Nov 22 04:57:21 localhost kernel: [    0.174721] noc_qos 20550400.etr_qos: noc qos init finished.
Nov 22 04:57:21 localhost kernel: [    0.175528] iommu: Default domain type: Translated 
Nov 22 04:57:21 localhost kernel: [    0.175534] iommu: DMA domain TLB invalidation policy: strict mode 
Nov 22 04:57:21 localhost kernel: [    0.177224] SCSI subsystem initialized
Nov 22 04:57:21 localhost kernel: [    0.177329] usbcore: registered new interface driver usbfs
Nov 22 04:57:21 localhost kernel: [    0.177354] usbcore: registered new interface driver hub
Nov 22 04:57:21 localhost kernel: [    0.177380] usbcore: registered new device driver usb
Nov 22 04:57:21 localhost kernel: [    0.177644] mc: Linux media interface: v0.10
Nov 22 04:57:21 localhost kernel: [    0.177672] videodev: Linux video capture interface: v2.00
Nov 22 04:57:21 localhost kernel: [    0.177696] pps_core: LinuxPPS API ver. 1 registered
Nov 22 04:57:21 localhost kernel: [    0.177700] pps_core: Software ver. 5.3.6 - Copyright 2005-2007 Rodolfo Giometti <giometti@linux.it>
Nov 22 04:57:21 localhost kernel: [    0.177712] PTP clock support registered
Nov 22 04:57:21 localhost kernel: [    0.177956] hobot_ion: Reserved ion-pool MEM start 0xa4100000, size 0xc000000
Nov 22 04:57:21 localhost kernel: [    0.178002] hobot_ion: Reserved ion-carveout MEM start 0xb0100000, size 0xc000000
Nov 22 04:57:21 localhost kernel: [    0.178092] hobot_ion: Reserved ion-cma MEM start 0xbc100000, size 0xc000000
Nov 22 04:57:21 localhost kernel: [    0.199651] Advanced Linux Sound Architecture Driver Initialized.
Nov 22 04:57:21 localhost kernel: [    0.200181] clocksource: Switched to clocksource arch_sys_counter
Nov 22 04:57:21 localhost kernel: [    0.204929] NET: Registered PF_INET protocol family
Nov 22 04:57:21 localhost kernel: [    0.205063] IP idents hash table entries: 65536 (order: 7, 524288 bytes, linear)
Nov 22 04:57:21 localhost kernel: [    0.207337] tcp_listen_portaddr_hash hash table entries: 2048 (order: 3, 32768 bytes, linear)
Nov 22 04:57:21 localhost kernel: [    0.207366] Table-perturb hash table entries: 65536 (order: 6, 262144 bytes, linear)
Nov 22 04:57:21 localhost kernel: [    0.207377] TCP established hash table entries: 32768 (order: 6, 262144 bytes, linear)
Nov 22 04:57:21 localhost kernel: [    0.207522] TCP bind hash table entries: 32768 (order: 8, 1048576 bytes, linear)
Nov 22 04:57:21 localhost kernel: [    0.208118] TCP: Hash tables configured (established 32768 bind 32768)
Nov 22 04:57:21 localhost kernel: [    0.208189] UDP hash table entries: 2048 (order: 4, 65536 bytes, linear)
Nov 22 04:57:21 localhost kernel: [    0.208235] UDP-Lite hash table entries: 2048 (order: 4, 65536 bytes, linear)
Nov 22 04:57:21 localhost kernel: [    0.208377] NET: Registered PF_UNIX/PF_LOCAL protocol family
Nov 22 04:57:21 localhost kernel: [    0.208607] RPC: Registered named UNIX socket transport module.
Nov 22 04:57:21 localhost kernel: [    0.208612] RPC: Registered udp transport module.
Nov 22 04:57:21 localhost kernel: [    0.208614] RPC: Registered tcp transport module.
Nov 22 04:57:21 localhost kernel: [    0.208617] RPC: Registered tcp NFSv4.1 backchannel transport module.
Nov 22 04:57:21 localhost kernel: [    0.209668] hw perfevents: enabled with armv8_pmuv3 PMU driver, 7 counters available
Nov 22 04:57:21 localhost kernel: [    0.211313] Initialise system trusted keyrings
Nov 22 04:57:21 localhost kernel: [    0.211420] workingset: timestamp_bits=46 max_order=20 bucket_order=0
Nov 22 04:57:21 localhost kernel: [    0.214974] pstore: success mode=2
Nov 22 04:57:21 localhost kernel: [    0.243310] NET: Registered PF_ALG protocol family
Nov 22 04:57:21 localhost kernel: [    0.243323] Key type asymmetric registered
Nov 22 04:57:21 localhost kernel: [    0.243327] Asymmetric key parser 'x509' registered
Nov 22 04:57:21 localhost kernel: [    0.243360] Block layer SCSI generic (bsg) driver version 0.4 loaded (major 246)
Nov 22 04:57:21 localhost kernel: [    0.243366] io scheduler mq-deadline registered
Nov 22 04:57:21 localhost kernel: [    0.243371] io scheduler kyber registered
Nov 22 04:57:21 localhost kernel: [    0.250248] dw_axi_dmac_platform 32080000.dma-controller: DesignWare AXI DMA Controller, 8 channels
Nov 22 04:57:21 localhost kernel: [    0.250793] dw_axi_dmac_platform 34200000.dma-controller: DesignWare AXI DMA Controller, 12 channels
Nov 22 04:57:21 localhost kernel: [    0.250850] Start socinfo driver init
Nov 22 04:57:21 localhost kernel: [    0.250887] socinfo 31021008.socinfo: Start socinfo probe.
Nov 22 04:57:21 localhost kernel: [    0.250940] socinfo 31021008.socinfo: Socinfo probe end with retval: 0
Nov 22 04:57:21 localhost kernel: [    0.251469] axi_monitor 38100000.axi-mon: AXI-Clk: 800000000Hz
Nov 22 04:57:21 localhost kernel: [    0.251482] axi_monitor 38100000.axi-mon: APB-Clk: 200000000Hz
Nov 22 04:57:21 localhost kernel: [    0.251487] axi_monitor 38100000.axi-mon: Maximum session time 343000 millisecs
Nov 22 04:57:21 localhost kernel: [    0.251504] axi_monitor 38100000.axi-mon: Got axi-port num:5
Nov 22 04:57:21 localhost kernel: [    0.251512] axi_monitor 38100000.axi-mon: Got new axi-port:cpu, idx:0
Nov 22 04:57:21 localhost kernel: [    0.251519] axi_monitor 38100000.axi-mon: Got new axi-port:bpu, idx:1
Nov 22 04:57:21 localhost kernel: [    0.251526] axi_monitor 38100000.axi-mon: Got new axi-port:vin, idx:2
Nov 22 04:57:21 localhost kernel: [    0.251534] axi_monitor 38100000.axi-mon: Got new axi-port:codec, idx:3
Nov 22 04:57:21 localhost kernel: [    0.251542] axi_monitor 38100000.axi-mon: Got new axi-port:gpu, idx:4
Nov 22 04:57:21 localhost kernel: [    0.251700] axi_monitor 38100000.axi-mon: DDR Perf Monitor probed successfully.
Nov 22 04:57:21 localhost kernel: [    0.252410] hobot_dsp_init start
Nov 22 04:57:21 localhost kernel: [    0.252529] hobot-dsp dsp0: hobot_dsp_probe start
Nov 22 04:57:21 localhost kernel: [    0.252537] hobot-dsp dsp0: dsp_smmu_init: dsp0 DMA mask 32bit.
Nov 22 04:57:21 localhost kernel: [    0.252699] hobot-dsp dsp0: hobot_dsp_probe dsp0 Registered successfully
Nov 22 04:57:21 localhost kernel: [    0.252737] hobot_dsp_init end
Nov 22 04:57:21 localhost kernel: [    0.254695] Serial: 8250/16550 driver, 8 ports, IRQ sharing disabled
Nov 22 04:57:21 localhost kernel: [    0.256326] printk: console [ttyS0] disabled
Nov 22 04:57:21 localhost kernel: [    0.256372] 32120000.serial: ttyS0 at MMIO 0x32120000 (irq = 29, base_baud = 12656250) is a 16550A
Nov 22 04:57:21 localhost kernel: [    0.257620] printk: console [ttyS0] enabled
Nov 22 04:57:21 localhost kernel: [    0.258112] 34080000.serial: ttyS2 at MMIO 0x34080000 (irq = 30, base_baud = 12500000) is a 16550A
Nov 22 04:57:21 localhost kernel: [    0.258585] 34090000.serial: ttyS3 at MMIO 0x34090000 (irq = 31, base_baud = 12500000) is a 16550A
Nov 22 04:57:21 localhost kernel: [    0.259052] 340a0000.serial: ttyS4 at MMIO 0x340a0000 (irq = 32, base_baud = 12500000) is a 16550A
Nov 22 04:57:21 localhost kernel: [    0.259514] 341a0000.serial: ttyS5 at MMIO 0x341a0000 (irq = 33, base_baud = 12500000) is a 16550A
Nov 22 04:57:21 localhost kernel: [    0.265997] brd: module loaded
Nov 22 04:57:21 localhost kernel: [    0.269489] loop: module loaded
Nov 22 04:57:21 localhost kernel: [    0.271022] dw_spi_mmio 35000000.spi: bit_offset = 0
Nov 22 04:57:21 localhost kernel: [    0.271081] dw_spi_mmio 35000000.spi: DMA init failed
Nov 22 04:57:21 localhost kernel: [    0.460197] random: crng init done
Nov 22 04:57:21 localhost kernel: [    0.671569] spi-nand: probe of spi7.0 failed with error -110
Nov 22 04:57:21 localhost kernel: [    0.671974] dw_spi_mmio 34020000.spi: bit_offset = 0
Nov 22 04:57:21 localhost kernel: [    0.673313] CAN device driver interface
Nov 22 04:57:21 localhost kernel: [    1.684471] mcp251x spi2.0: MCP251x didn't enter in conf mode after reset
Nov 22 04:57:21 localhost kernel: [    1.685389] mcp251x spi2.0: Probe failed, err=110
Nov 22 04:57:21 localhost kernel: [    1.685991] mcp251x: probe of spi2.0 failed with error -110
Nov 22 04:57:21 localhost kernel: [    1.686515] dwc-eth-dwmac 35010000.gmac-tsn: phy is in rmii mode
Nov 22 04:57:21 localhost kernel: [    1.686532] dwc-eth-dwmac 35010000.gmac-tsn: set enet rmii and clk turn on
Nov 22 04:57:21 localhost kernel: [    1.686546] dwc-eth-dwmac 35010000.gmac-tsn: x5_eqos: clk_prepare_enable axi_clk rate=400000000 Hz
Nov 22 04:57:21 localhost kernel: [    1.686559] dwc-eth-dwmac 35010000.gmac-tsn: x5_eqos: clk_prepare_enable rgmii_clk rate=125000000 Hz
Nov 22 04:57:21 localhost kernel: [    1.686606] dwc-eth-dwmac 35010000.gmac-tsn: test phy is in rmii mode phyreset 1
Nov 22 04:57:21 localhost kernel: [    1.800191] dwc-eth-dwmac 35010000.gmac-tsn: test phy is in rmii mode phyreset 0 
Nov 22 04:57:21 localhost kernel: [    1.920190] dwc-eth-dwmac 35010000.gmac-tsn: test phy is in rmii mode phyreset 1
Nov 22 04:57:21 localhost kernel: [    1.920309] dwc-eth-dwmac 35010000.gmac-tsn: User ID: 0x10, Synopsys ID: 0x53
Nov 22 04:57:21 localhost kernel: [    1.920319] dwc-eth-dwmac 35010000.gmac-tsn: 	DWMAC4/5
Nov 22 04:57:21 localhost kernel: [    1.920325] dwc-eth-dwmac 35010000.gmac-tsn: DMA HW capability register supported
Nov 22 04:57:21 localhost kernel: [    1.920330] dwc-eth-dwmac 35010000.gmac-tsn: RX Checksum Offload Engine supported
Nov 22 04:57:21 localhost kernel: [    1.920334] dwc-eth-dwmac 35010000.gmac-tsn: TX Checksum insertion supported
Nov 22 04:57:21 localhost kernel: [    1.920338] dwc-eth-dwmac 35010000.gmac-tsn: Wake-Up On Lan supported
Nov 22 04:57:21 localhost kernel: [    1.920375] dwc-eth-dwmac 35010000.gmac-tsn: TSO supported
Nov 22 04:57:21 localhost kernel: [    1.920381] dwc-eth-dwmac 35010000.gmac-tsn: Enable RX Mitigation via HW Watchdog Timer
Nov 22 04:57:21 localhost kernel: [    1.920397] dwc-eth-dwmac 35010000.gmac-tsn: device MAC address d6:3c:7e:ee:72:d2
Nov 22 04:57:21 localhost kernel: [    1.920405] dwc-eth-dwmac 35010000.gmac-tsn: Enabled L3L4 Flow TC (entries=8)
Nov 22 04:57:21 localhost kernel: [    1.920411] dwc-eth-dwmac 35010000.gmac-tsn: Enabled RFS Flow TC (entries=10)
Nov 22 04:57:21 localhost kernel: [    1.920419] dwc-eth-dwmac 35010000.gmac-tsn: Enabling HW TC (entries=128, max_off=256)
Nov 22 04:57:21 localhost kernel: [    1.920425] dwc-eth-dwmac 35010000.gmac-tsn: TSO feature enabled
Nov 22 04:57:21 localhost kernel: [    1.920431] dwc-eth-dwmac 35010000.gmac-tsn: Using 40/40 bits DMA host/device width
Nov 22 04:57:21 localhost kernel: [    1.928858] usbcore: registered new interface driver cdc_ether
Nov 22 04:57:21 localhost kernel: [    1.928882] usbcore: registered new interface driver r8153_ecm
Nov 22 04:57:21 localhost kernel: [    1.930606] usbcore: registered new interface driver cdc_acm
Nov 22 04:57:21 localhost kernel: [    1.930612] cdc_acm: USB Abstract Control Model driver for USB modems and ISDN adapters
Nov 22 04:57:21 localhost kernel: [    1.930702] usbcore: registered new interface driver uas
Nov 22 04:57:21 localhost kernel: [    1.930734] usbcore: registered new interface driver usb-storage
Nov 22 04:57:21 localhost kernel: [    1.930781] usbcore: registered new interface driver ch341
Nov 22 04:57:21 localhost kernel: [    1.930799] usbserial: USB Serial support registered for ch341-uart
Nov 22 04:57:21 localhost kernel: [    1.930818] usbcore: registered new interface driver cp210x
Nov 22 04:57:21 localhost kernel: [    1.930831] usbserial: USB Serial support registered for cp210x
Nov 22 04:57:21 localhost kernel: [    1.930848] usbcore: registered new interface driver ftdi_sio
Nov 22 04:57:21 localhost kernel: [    1.930860] usbserial: USB Serial support registered for FTDI USB Serial Device
Nov 22 04:57:21 localhost kernel: [    1.930877] usbcore: registered new interface driver option
Nov 22 04:57:21 localhost kernel: [    1.930889] usbserial: USB Serial support registered for GSM modem (1-port)
Nov 22 04:57:21 localhost kernel: [    1.930905] usbcore: registered new interface driver pl2303
Nov 22 04:57:21 localhost kernel: [    1.930918] usbserial: USB Serial support registered for pl2303
Nov 22 04:57:21 localhost kernel: [    1.930935] usbcore: registered new interface driver wishbone_serial
Nov 22 04:57:21 localhost kernel: [    1.930951] usbserial: USB Serial support registered for wishbone_serial
Nov 22 04:57:21 localhost kernel: [    1.932011] dw-rtc 31010000.rtc: registered as rtc0
Nov 22 04:57:21 localhost kernel: [    1.932027] dw-rtc 31010000.rtc: setting system clock to 1970-01-01T00:00:00 UTC (0)
Nov 22 04:57:21 localhost kernel: [    1.932137] i2c_dev: i2c /dev entries driver
Nov 22 04:57:21 localhost kernel: [    1.932435] pps pps0: new PPS source hobot_pps.-1
Nov 22 04:57:21 localhost kernel: [    1.932441] hobot-pps hobot_pps: register PPS source name:hobot_pps.-1
Nov 22 04:57:21 localhost kernel: [    1.932471] pps pps0: Registered IRQ 39 as PPS source
Nov 22 04:57:21 localhost kernel: [    1.932520] Error: Driver 'hobot-pps' is already registered, aborting...
Nov 22 04:57:21 localhost kernel: [    1.935543] hwmon hwmon0: temp2_input not attached to any thermal zone
Nov 22 04:57:21 localhost kernel: [    1.935895] dw_wdt 34250000.watchdog: No valid TOPs array specified
Nov 22 04:57:21 localhost kernel: [    1.936149] device-mapper: uevent: version 1.0.3
Nov 22 04:57:21 localhost kernel: [    1.936276] device-mapper: ioctl: 4.47.0-ioctl (2022-07-28) initialised: dm-devel@redhat.com
Nov 22 04:57:21 localhost kernel: [    1.936858] sdhci: Secure Digital Host Controller Interface driver
Nov 22 04:57:21 localhost kernel: [    1.936863] sdhci: Copyright(c) Pierre Ossman
Nov 22 04:57:21 localhost kernel: [    1.936866] sdhci-pltfm: SDHCI platform and OF driver helper
Nov 22 04:57:21 localhost kernel: [    1.937366] usbcore: registered new interface driver usbhid
Nov 22 04:57:21 localhost kernel: [    1.937372] usbhid: USB HID core driver
Nov 22 04:57:21 localhost kernel: [    1.937417] sdhci-dwcmshc 35030000.sdhci: mmc set to fixed voltage 1800
Nov 22 04:57:21 localhost kernel: [    1.937450] sdhci-dwcmshc 35040000.sdhci: MSHC_CTRL:0x40
Nov 22 04:57:21 localhost kernel: [    1.937461] logger: created 2048K log 'log_main'
Nov 22 04:57:21 localhost kernel: [    1.937520] logger: created 256K log 'log_events'
Nov 22 04:57:21 localhost kernel: [    1.937575] logger: created 256K log 'log_radio'
Nov 22 04:57:21 localhost kernel: [    1.937629] logger: created 256K log 'log_system'
Nov 22 04:57:21 localhost kernel: [    1.937674] bootloader-log soc:membuff: log stored in 0x87ffc000, size 0x2000
Nov 22 04:57:21 localhost kernel: [    1.937879] module version 0.1 init
Nov 22 04:57:21 localhost kernel: [    1.938122] ipc-shm-hal: ipc_hal_probe(): IPCF device can't register major number.
Nov 22 04:57:21 localhost kernel: [    1.939089] hobot-ipc-hal: probe of ipc_hal failed with error -16
Nov 22 04:57:21 localhost kernel: [    1.939548] x5-ddrc-devfreq soc:ddrc-freq: userspace_gov: 1
Nov 22 04:57:21 localhost kernel: [    1.940138] x5-dfi 38200000.dfi-monitor: apb clk rate: 200000000, interval: 1
Nov 22 04:57:21 localhost kernel: [    1.942033]  cs_system_cfg: CoreSight Configuration manager initialised
Nov 22 04:57:21 localhost kernel: [    1.942513] coresight-tmc 2c003000.etr: Detected dma mask 40bits
Nov 22 04:57:21 localhost kernel: [    1.944628] CSCFG registered etm0
Nov 22 04:57:21 localhost kernel: [    1.944633] coresight etm0: CPU0: etm v4.2 initialized
Nov 22 04:57:21 localhost kernel: [    1.944974] CSCFG registered etm1
Nov 22 04:57:21 localhost kernel: [    1.944979] coresight etm1: CPU1: etm v4.2 initialized
Nov 22 04:57:21 localhost kernel: [    1.945326] CSCFG registered etm2
Nov 22 04:57:21 localhost kernel: [    1.945332] coresight etm2: CPU2: etm v4.2 initialized
Nov 22 04:57:21 localhost kernel: [    1.945677] CSCFG registered etm3
Nov 22 04:57:21 localhost kernel: [    1.945682] coresight etm3: CPU3: etm v4.2 initialized
Nov 22 04:57:21 localhost kernel: [    1.946019] CSCFG registered etm4
Nov 22 04:57:21 localhost kernel: [    1.946024] coresight etm4: CPU4: etm v4.2 initialized
Nov 22 04:57:21 localhost kernel: [    1.946354] CSCFG registered etm5
Nov 22 04:57:21 localhost kernel: [    1.946358] coresight etm5: CPU5: etm v4.2 initialized
Nov 22 04:57:21 localhost kernel: [    1.946686] CSCFG registered etm6
Nov 22 04:57:21 localhost kernel: [    1.946691] coresight etm6: CPU6: etm v4.2 initialized
Nov 22 04:57:21 localhost kernel: [    1.947038] CSCFG registered etm7
Nov 22 04:57:21 localhost kernel: [    1.947042] coresight etm7: CPU7: etm v4.2 initialized
Nov 22 04:57:21 localhost kernel: [    1.947491] coresight cti_sys0: CTI initialized
Nov 22 04:57:21 localhost kernel: [    1.947726] coresight cti_cpu0: CTI initialized
Nov 22 04:57:21 localhost kernel: [    1.947953] coresight cti_cpu1: CTI initialized
Nov 22 04:57:21 localhost kernel: [    1.948203] coresight cti_cpu2: CTI initialized
Nov 22 04:57:21 localhost kernel: [    1.948431] coresight cti_cpu3: CTI initialized
Nov 22 04:57:21 localhost kernel: [    1.948660] coresight cti_cpu4: CTI initialized
Nov 22 04:57:21 localhost kernel: [    1.948891] coresight cti_cpu5: CTI initialized
Nov 22 04:57:21 localhost kernel: [    1.949123] coresight cti_cpu6: CTI initialized
Nov 22 04:57:21 localhost kernel: [    1.949355] coresight cti_cpu7: CTI initialized
Nov 22 04:57:21 localhost kernel: [    1.949759] optee: probing for conduit method.
Nov 22 04:57:21 localhost kernel: [    1.949781] optee: revision 3.20 (05a6c9de)
Nov 22 04:57:21 localhost kernel: [    1.949931] optee: dynamic shared memory is enabled
Nov 22 04:57:21 localhost kernel: [    1.950747] optee: initialized driver
Nov 22 04:57:21 localhost kernel: [    1.951487] ipc-wrapper ipc-wrapper: AUDIO : audio wrapper probe
Nov 22 04:57:21 localhost kernel: [    1.951937] cpu_dai_driver cpu-dai: AUDIO : ALSA cpu-dai driver probe succ
Nov 22 04:57:21 localhost kernel: [    1.952012] cpu_dai_driver cpu-dai: AUDIO : ALSA platform driver probe succ
Nov 22 04:57:21 localhost kernel: [    1.957015] machine-driver sound-machine: AUDIO : ALSA machine driver probe succ
Nov 22 04:57:21 localhost kernel: [    1.957994] GACT probability NOT on
Nov 22 04:57:21 localhost kernel: [    1.958062] u32 classifier
Nov 22 04:57:21 localhost kernel: [    1.958066]     input device check on
Nov 22 04:57:21 localhost kernel: [    1.958069]     Actions configured
Nov 22 04:57:21 localhost kernel: [    1.958228] NET: Registered PF_PACKET protocol family
Nov 22 04:57:21 localhost kernel: [    1.958241] NET: Registered PF_KEY protocol family
Nov 22 04:57:21 localhost kernel: [    1.958245] can: controller area network core
Nov 22 04:57:21 localhost kernel: [    1.958285] NET: Registered PF_CAN protocol family
Nov 22 04:57:21 localhost kernel: [    1.958291] can: raw protocol
Nov 22 04:57:21 localhost kernel: [    1.958298] can: broadcast manager protocol
Nov 22 04:57:21 localhost kernel: [    1.958306] can: netlink gateway - max_hops=1
Nov 22 04:57:21 localhost kernel: [    1.958402] 8021q: 802.1Q VLAN Support v1.8
Nov 22 04:57:21 localhost kernel: [    1.958419] Found lo, alias (efault) on irq 0
Nov 22 04:57:21 localhost kernel: [    1.958424] MAC: 00:00:00:00:00:00
Nov 22 04:57:21 localhost kernel: [    1.958428] Tx queue length: 1000
Nov 22 04:57:21 localhost kernel: [    1.958434] Invalid capabilities for NIC (lo), dropping from TSN list
Nov 22 04:57:21 localhost kernel: [    1.958438] Found eth0, alias (efault) on irq 37
Nov 22 04:57:21 localhost kernel: [    1.958441] MAC: d6:3c:7e:ee:72:d2
Nov 22 04:57:21 localhost kernel: [    1.958446] Tx queue length: 1000
Nov 22 04:57:21 localhost kernel: [    1.958449] Invalid capabilities for NIC (eth0), dropping from TSN list
Nov 22 04:57:21 localhost kernel: [    1.958454] tsn_init_module: No capable NIC found. Perhaps load with in_debug=1 ?
Nov 22 04:57:21 localhost kernel: [    1.959650] registered taskstats version 1
Nov 22 04:57:21 localhost kernel: [    1.959656] Loading compiled-in X.509 certificates
Nov 22 04:57:21 localhost kernel: [    1.962562] Loaded X.509 cert 'Build time autogenerated kernel key: 7f38c1279589266c0f81acc4333e85d1784f4822'
Nov 22 04:57:21 localhost kernel: [    1.962654] Key type .fscrypt registered
Nov 22 04:57:21 localhost kernel: [    1.962659] Key type fscrypt-provisioning registered
Nov 22 04:57:21 localhost kernel: [    1.963423] pstore: Using crash dump compression: deflate
Nov 22 04:57:21 localhost kernel: [    1.965859] 
Nov 22 04:57:21 localhost kernel: [    1.965864] ********************************************************************
Nov 22 04:57:21 localhost kernel: [    1.965867] **     NOTICE NOTICE NOTICE NOTICE NOTICE NOTICE NOTICE           **
Nov 22 04:57:21 localhost kernel: [    1.965869] **                                                                **
Nov 22 04:57:21 localhost kernel: [    1.965872] **  WRITEABLE clk DebugFS SUPPORT HAS BEEN ENABLED IN THIS KERNEL **
Nov 22 04:57:21 localhost kernel: [    1.965875] **                                                                **
Nov 22 04:57:21 localhost kernel: [    1.965877] ** This means that this kernel is built to expose clk operations  **
Nov 22 04:57:21 localhost kernel: [    1.965880] ** such as parent or rate setting, enabling, disabling, etc.      **
Nov 22 04:57:21 localhost kernel: [    1.965883] ** to userspace, which may compromise security on your system.    **
Nov 22 04:57:21 localhost kernel: [    1.965885] **                                                                **
Nov 22 04:57:21 localhost kernel: [    1.965888] ** If you see this message and you are not debugging the          **
Nov 22 04:57:21 localhost kernel: [    1.965892] ** kernel, report this immediately to your vendor!                **
Nov 22 04:57:21 localhost kernel: [    1.965895] **                                                                **
Nov 22 04:57:21 localhost kernel: [    1.965899] **     NOTICE NOTICE NOTICE NOTICE NOTICE NOTICE NOTICE           **
Nov 22 04:57:21 localhost kernel: [    1.965902] ********************************************************************
Nov 22 04:57:21 localhost kernel: [    1.968547] mmc0: SDHCI controller on 35040000.sdhci [35040000.sdhci] using ADMA 64-bit
Nov 22 04:57:21 localhost kernel: [    1.975727] i2c_designware 320a0000.i2c: running with gpio recovery mode! scl,sda
Nov 22 04:57:21 localhost kernel: [    1.975902] i2c i2c-7: using pinctrl states for GPIO recovery
Nov 22 04:57:21 localhost kernel: [    1.976425] i2c_designware 340b0000.i2c: running with gpio recovery mode! scl,sda
Nov 22 04:57:21 localhost kernel: [    1.976580] i2c i2c-0: using pinctrl states for GPIO recovery
Nov 22 04:57:21 localhost kernel: [    1.977086] i2c_designware 340d0000.i2c: running with gpio recovery mode! scl,sda
Nov 22 04:57:21 localhost kernel: [    1.977214] i2c i2c-2: using pinctrl states for GPIO recovery
Nov 22 04:57:21 localhost kernel: [    1.977349] hpu3501 2-001c: Found hpu3501-regulator node, register regulator
Nov 22 04:57:21 localhost kernel: [    1.977481] hpu3501-regulator hpu3501-regulator.1.auto: fault_cfgr will be default value
Nov 22 04:57:21 localhost kernel: [    1.977487] hpu3501-regulator hpu3501-regulator.1.auto: ocp_cfg1r will be default value
Nov 22 04:57:21 localhost kernel: [    1.977493] hpu3501-regulator hpu3501-regulator.1.auto: ocp_cfg2r will be default value
Nov 22 04:57:21 localhost kernel: [    1.977498] hpu3501-regulator hpu3501-regulator.1.auto: reg 0x53 will be default value 0x4
Nov 22 04:57:21 localhost kernel: [    1.978227] VCC_BPU: Bringing 0uV into 800000-800000uV
Nov 22 04:57:21 localhost kernel: [    1.990576] hpu3501 set reg 0x53 to 0x4
Nov 22 04:57:21 localhost kernel: [    1.990884] hpu3501 2-001c: Found hpu3501-rtc node, register rtc
Nov 22 04:57:21 localhost kernel: [    1.991164] platform 3d080000.csi: Fixed dependency cycle(s) with /soc/a55_apb0/i2c@340d0000/sc230ai@30
Nov 22 04:57:21 localhost kernel: [    1.991277] i2c 2-0030: Fixed dependency cycle(s) with /soc/cam/csi@3d080000
Nov 22 04:57:21 localhost kernel: [    1.991940] i2c_designware 340e0000.i2c: running with gpio recovery mode! scl,sda
Nov 22 04:57:21 localhost kernel: [    1.992059] i2c i2c-3: using pinctrl states for GPIO recovery
Nov 22 04:57:21 localhost kernel: [    1.992535] i2c_designware 340f0000.i2c: running with gpio recovery mode! scl,sda
Nov 22 04:57:21 localhost kernel: [    1.992658] i2c i2c-4: using pinctrl states for GPIO recovery
Nov 22 04:57:21 localhost kernel: [    1.993176] xhci-hcd xhci-hcd.3.auto: xHCI Host Controller
Nov 22 04:57:21 localhost kernel: [    1.993194] xhci-hcd xhci-hcd.3.auto: new USB bus registered, assigned bus number 1
Nov 22 04:57:21 localhost kernel: [    1.993526] xhci-hcd xhci-hcd.3.auto: hcc params 0x0220fe6d hci version 0x110 quirks 0x0000008000010090
Nov 22 04:57:21 localhost kernel: [    1.993556] xhci-hcd xhci-hcd.3.auto: irq 52, io mem 0x35100000
Nov 22 04:57:21 localhost kernel: [    1.993654] xhci-hcd xhci-hcd.3.auto: xHCI Host Controller
Nov 22 04:57:21 localhost kernel: [    1.993665] xhci-hcd xhci-hcd.3.auto: new USB bus registered, assigned bus number 2
Nov 22 04:57:21 localhost kernel: [    1.993676] xhci-hcd xhci-hcd.3.auto: Host supports USB 3.0 SuperSpeed
Nov 22 04:57:21 localhost kernel: [    1.994071] hub 1-0:1.0: USB hub found
Nov 22 04:57:21 localhost kernel: [    1.994096] hub 1-0:1.0: 1 port detected
Nov 22 04:57:21 localhost kernel: [    1.994329] usb usb2: We don't know the algorithms for LPM for this host, disabling LPM.
Nov 22 04:57:21 localhost kernel: [    1.994645] hub 2-0:1.0: USB hub found
Nov 22 04:57:21 localhost kernel: [    1.994667] hub 2-0:1.0: 1 port detected
Nov 22 04:57:21 localhost kernel: [    1.998902] x5-ddrc-devfreq soc:ddrc-freq: userspace_gov: 1
Nov 22 04:57:21 localhost kernel: [    1.999356] guc 34190000.adc: ADC calibration: 17
Nov 22 04:57:21 localhost kernel: [    1.999368] guc 34190000.adc: ADC trimming: 8
Nov 22 04:57:21 localhost kernel: [    1.999916] guc 34190000.adc: GUC Initialize Finish
Nov 22 04:57:21 localhost kernel: [    2.001757] noc_qos 20530000.video_qos: noc qos init finished.
Nov 22 04:57:21 localhost kernel: [    2.002918] noc_qos 20530080.jpeg_qos: noc qos init finished.
Nov 22 04:57:21 localhost kernel: [    2.004085] noc_qos 20510280.isp_axi5_hdr_qos: noc qos init finished.
Nov 22 04:57:21 localhost kernel: [    2.005236] noc_qos 20510300.isp_axi4_mcm_qos: noc qos init finished.
Nov 22 04:57:21 localhost kernel: [    2.006396] noc_qos 20510380.isp_axi3_sp2_qos: noc qos init finished.
Nov 22 04:57:21 localhost kernel: [    2.007555] noc_qos 20510480.isp_axi1_mp_qos: noc qos init finished.
Nov 22 04:57:21 localhost kernel: [    2.011533] mmc0: new HS200 MMC card at address 0001
Nov 22 04:57:21 localhost kernel: [    2.011875] noc_qos 20540080.gpu3d_qos: noc qos init finished.
Nov 22 04:57:21 localhost kernel: [    2.011922] mmcblk0: mmc0:0001 TB2916 14.6 GiB 
Nov 22 04:57:21 localhost kernel: [    2.014271]  mmcblk0: p1 p2 p3 p4 p5 p6 p7 p8 p9 p10 p11 p12 p13
Nov 22 04:57:21 localhost kernel: [    2.015460] mmcblk0boot0: mmc0:0001 TB2916 4.00 MiB 
Nov 22 04:57:21 localhost kernel: [    2.016217] mmcblk0boot1: mmc0:0001 TB2916 4.00 MiB 
Nov 22 04:57:21 localhost kernel: [    2.016249] noc_qos 20540000.gpu2d_qos: noc qos init finished.
Nov 22 04:57:21 localhost kernel: [    2.016866] mmcblk0rpmb: mmc0:0001 TB2916 4.00 MiB, chardev (243:0)
Nov 22 04:57:21 localhost kernel: [    2.022308] noc_qos 20520000.bpu_qos: noc qos init finished.
Nov 22 04:57:21 localhost kernel: [    2.023531] noc_qos 20560000.hifi5_qos: consumer device is disabled, so qos isn't supported
Nov 22 04:57:21 localhost kernel: [    2.023556] noc_qos: probe of 20560000.hifi5_qos failed with error -1
Nov 22 04:57:21 localhost kernel: [    2.037506] sdhci-dwcmshc 35030000.sdhci: MSHC_CTRL:0x0
Nov 22 04:57:21 localhost kernel: [    2.038903] input: gpio-keys as /devices/platform/gpio-keys/input/input0
Nov 22 04:57:21 localhost kernel: [    2.039165] hobot_remoteproc_init start
Nov 22 04:57:21 localhost kernel: [    2.039413] hobot_remoteproc_init end
Nov 22 04:57:21 localhost kernel: [    2.039625] ALSA device list:
Nov 22 04:57:21 localhost kernel: [    2.039629]   #0: gua-audio
Nov 22 04:57:21 localhost kernel: [    2.039771] dw-apb-uart 32120000.serial: forbid DMA for kernel console
Nov 22 04:57:21 localhost kernel: [    2.062966] mmc2: SDHCI controller on 35030000.sdhci [35030000.sdhci] using ADMA 64-bit
Nov 22 04:57:21 localhost kernel: [    2.067410] EXT4-fs (mmcblk0p9): INFO: recovery required on readonly filesystem
Nov 22 04:57:21 localhost kernel: [    2.067418] EXT4-fs (mmcblk0p9): write access will be enabled during recovery
Nov 22 04:57:21 localhost kernel: [    2.077760] mmc2: new high speed SDIO card at address 0001
Nov 22 04:57:21 localhost kernel: [    2.120531] xhci-hcd xhci-hcd.4.auto: xHCI Host Controller
Nov 22 04:57:21 localhost kernel: [    2.120557] xhci-hcd xhci-hcd.4.auto: new USB bus registered, assigned bus number 3
Nov 22 04:57:21 localhost kernel: [    2.120649] xhci-hcd xhci-hcd.4.auto: USB3 root hub has no ports
Nov 22 04:57:21 localhost kernel: [    2.120657] xhci-hcd xhci-hcd.4.auto: hcc params 0x0220fe6d hci version 0x110 quirks 0x0000008000010090
Nov 22 04:57:21 localhost kernel: [    2.120699] xhci-hcd xhci-hcd.4.auto: irq 53, io mem 0x35300000
Nov 22 04:57:21 localhost kernel: [    2.121216] hub 3-0:1.0: USB hub found
Nov 22 04:57:21 localhost kernel: [    2.121247] hub 3-0:1.0: 1 port detected
Nov 22 04:57:21 localhost kernel: [    2.238564] EXT4-fs (mmcblk0p9): recovery complete
Nov 22 04:57:21 localhost kernel: [    2.239398] EXT4-fs (mmcblk0p9): mounted filesystem with ordered data mode. Quota mode: disabled.
Nov 22 04:57:21 localhost kernel: [    2.239448] VFS: Mounted root (ext4 filesystem) readonly on device 259:1.
Nov 22 04:57:21 localhost kernel: [    2.239890] devtmpfs: mounted
Nov 22 04:57:21 localhost kernel: [    2.240378] Freeing unused kernel memory: 2176K
Nov 22 04:57:21 localhost kernel: [    2.240492] Run /sbin/init as init process
Nov 22 04:57:21 localhost kernel: [    2.240497]   with arguments:
Nov 22 04:57:21 localhost kernel: [    2.240503]     /sbin/init
Nov 22 04:57:21 localhost kernel: [    2.240507]   with environment:
Nov 22 04:57:21 localhost kernel: [    2.240511]     HOME=/
Nov 22 04:57:21 localhost kernel: [    2.240517]     TERM=linux
Nov 22 04:57:21 localhost kernel: [    4.458988] EXT4-fs (mmcblk0p9): re-mounted. Quota mode: disabled.
Nov 22 04:57:21 localhost kernel: [    5.446175] hb_jpu 3b010000.jpu: Adding to iommu group 7
Nov 22 04:57:21 localhost kernel: [    5.453096] hb_vpu 3b000000.vpu: Adding to iommu group 6
Nov 22 04:57:21 localhost kernel: [    5.454869] [VIN_NODE]:[L1078]hobot_vin_node_probe hw_id 0 done
Nov 22 04:57:21 localhost kernel: [    5.454889] VIN_NODE soc:cam:vin_node@0: [FRT:D] hobot_vin_node_probe(0)
Nov 22 04:57:21 localhost kernel: [    5.456075] [VIN_NODE]:[L1078]hobot_vin_node_probe hw_id 1 done
Nov 22 04:57:21 localhost kernel: [    5.456095] VIN_NODE soc:cam:vin_node@1: [FRT:D] hobot_vin_node_probe(0)
Nov 22 04:57:21 localhost kernel: [    5.459732] [VIN_NODE]:[L1078]hobot_vin_node_probe hw_id 2 done
Nov 22 04:57:21 localhost kernel: [    5.459753] VIN_NODE soc:cam:vin_node@2: [FRT:D] hobot_vin_node_probe(0)
Nov 22 04:57:21 localhost kernel: [    5.460402] [VIN_NODE]:[L1078]hobot_vin_node_probe hw_id 3 done
Nov 22 04:57:21 localhost kernel: [    5.460416] VIN_NODE soc:cam:vin_node@3: [FRT:D] hobot_vin_node_probe(0)
Nov 22 04:57:21 localhost kernel: [    5.472271] hobot_vpu_dev: [VPUDRV]vpu_init_system_mem:7158: vpu IO memory resource: physical base addr = 0x3b000000,virtual base addr = ffff80000a420000
Nov 22 04:57:21 localhost kernel: [    5.481092] start to add opp table.
Nov 22 04:57:21 localhost kernel: [    5.481108] finish to add opp table 4.
Nov 22 04:57:21 localhost kernel: [    5.481147] Galcore version 6.4.14.9.674707
Nov 22 04:57:21 localhost kernel: [    5.488157] nano2d 3c010000.gc820: Adding to iommu group 9
Nov 22 04:57:21 localhost kernel: [    5.489126] nano2d 3c010000.gc820: clk name: pclk, freq = 200000000.
Nov 22 04:57:21 localhost kernel: [    5.489158] nano2d 3c010000.gc820: clk name: aclk, freq = 750000000.
Nov 22 04:57:21 localhost kernel: [    5.489169] nano2d 3c010000.gc820: clk name: clk1x, freq = 750000000.
Nov 22 04:57:21 localhost kernel: [    5.491579] gpu_parse_dt: register base(3c010000), irq(62).
Nov 22 04:57:21 localhost kernel: [    5.497042] [HOBOT_LPWM-0] (lpwm_platform_init): ctrl_reg = 0
Nov 22 04:57:21 localhost kernel: [    5.499220] create /dev/nano2d device.
Nov 22 04:57:21 localhost kernel: [    5.499316] Insmod parameters:
Nov 22 04:57:21 localhost kernel: [    5.499321] device[0] core[0]
Nov 22 04:57:21 localhost kernel: [    5.499325]   irq line:62
Nov 22 04:57:21 localhost kernel: [    5.499328]   register base:0x3c010000
Nov 22 04:57:21 localhost kernel: [    5.499331]   register size:0x10000
Nov 22 04:57:21 localhost kernel: [    5.499334] 
Nov 22 04:57:21 localhost kernel: [    5.499336]   iommu enabled
Nov 22 04:57:21 localhost kernel: [    5.499339]   contiguous base:0x0
Nov 22 04:57:21 localhost kernel: [    5.499341]   contiguous size:0x0
Nov 22 04:57:21 localhost kernel: [    5.499344]   command contiguous base:0x0
Nov 22 04:57:21 localhost kernel: [    5.499347]   command contiguous size:0x0
Nov 22 04:57:21 localhost kernel: [    5.499349] 
Nov 22 04:57:21 localhost kernel: [    5.501460] [VPF mgr]:[L271]vpf_alloc_minor_number: minor[0] bit1 is used
Nov 22 04:57:21 localhost kernel: [    5.506268] [VIN_NODE]:[L610]type 3 vin_register_device_node done
Nov 22 04:57:21 localhost kernel: [    5.506285] [HOBOT_LPWM-0] (hobot_lpwm_probe): Probe success
Nov 22 04:57:21 localhost kernel: [    5.506322] [VPF mgr]:[L271]vpf_alloc_minor_number: minor[0] bit2 is used
Nov 22 04:57:21 localhost kernel: [    5.507380] [VPF mgr]:[L271]vpf_alloc_minor_number: minor[0] bit3 is used
Nov 22 04:57:21 localhost kernel: [    5.508891] [VPF mgr]:[L271]vpf_alloc_minor_number: minor[0] bit4 is used
Nov 22 04:57:21 localhost kernel: [    5.518272] [VPF mgr]:[L271]vpf_alloc_minor_number: minor[0] bit5 is used
Nov 22 04:57:21 localhost kernel: [    5.530496] nano2D: after probe, allocate_count = 28
Nov 22 04:57:21 localhost kernel: [    5.534423] [CODEC_NODE]:[L647]hobot_codec_node_probe start
Nov 22 04:57:21 localhost kernel: [    5.534452] [VPF mgr]:[L271]vpf_alloc_minor_number: minor[0] bit6 is used
Nov 22 04:57:21 localhost kernel: [    5.534591] [VPF mgr]:[L271]vpf_alloc_minor_number: minor[0] bit7 is used
Nov 22 04:57:21 localhost kernel: [    5.534671] [CODEC_NODE]:[L670][FRT:D] hobot_codec_node_probe(0)
Nov 22 04:57:21 localhost kernel: [    5.568190] [INFO][HOBOT_OSD](osd_probe) done
Nov 22 04:57:21 localhost kernel: [    5.603173] aicbsp_init
Nov 22 04:57:21 localhost kernel: [    5.603191] RELEASE_DATE:2025_0410_b99ca8b6
Nov 22 04:57:21 localhost kernel: [    5.603195] aicbsp_resv_mem_init 
Nov 22 04:57:21 localhost kernel: [    5.843379] dwc-eth-dwmac 35010000.gmac-tsn eth0: Register MEM_TYPE_PAGE_POOL RxQ-0
Nov 22 04:57:21 localhost kernel: [    5.843840] dwc-eth-dwmac 35010000.gmac-tsn eth0: Register MEM_TYPE_PAGE_POOL RxQ-1
Nov 22 04:57:21 localhost kernel: [    5.844336] dwc-eth-dwmac 35010000.gmac-tsn eth0: Register MEM_TYPE_PAGE_POOL RxQ-2
Nov 22 04:57:21 localhost kernel: [    5.844843] dwc-eth-dwmac 35010000.gmac-tsn eth0: Register MEM_TYPE_PAGE_POOL RxQ-3
Nov 22 04:57:21 localhost kernel: [    5.845935] dwc-eth-dwmac 35010000.gmac-tsn eth0: validation of  with support 00000000,00000000,00006000 and advertisement 00000000,00000000,00000000 failed: -EINVAL
Nov 22 04:57:21 localhost kernel: [    5.845985] dwc-eth-dwmac 35010000.gmac-tsn eth0: __stmmac_open: Cannot attach to PHY (error: -22)
Nov 22 04:57:21 localhost kernel: [    6.627111] vs-cam-pulse 3d0b008c.cam_pulse: cam_pulse_probe successfully done!
Nov 22 04:57:21 localhost kernel: [    6.657434] vin vcon0: self rx0 attr 0x521 bus 7 probe
Nov 22 04:57:21 localhost kernel: [    6.657614] vin vcon1: self rx1 attr 0x521 bus 4 probe
Nov 22 04:57:21 localhost kernel: [    6.657707] vin vcon2: self rx2 attr 0x5a1 bus 7 probe
Nov 22 04:57:21 localhost kernel: [    6.657954] vin vcon3: self rx3 attr 0x521 bus 7 probe
Nov 22 04:57:21 localhost kernel: [    6.658287] [VIN_NODE]:[L610]type 2 vin_register_device_node done
Nov 22 04:57:21 localhost kernel: [    6.658294] vin vcon: init 4 vcon done
Nov 22 04:57:21 localhost kernel: [    6.675630] hobot-sif 3d020000.sif: Adding to iommu group 1
Nov 22 04:57:21 localhost kernel: [    6.675990] [VIN_NODE]:[L845]hw_id 0 vin_device_node_init done
Nov 22 04:57:21 localhost kernel: [    6.676026] [VPF mgr]:[L271]vpf_alloc_minor_number: minor[0] bit8 is used
Nov 22 04:57:21 localhost kernel: [    6.676196] [VPF mgr]:[L271]vpf_alloc_minor_number: minor[0] bit9 is used
Nov 22 04:57:21 localhost kernel: [    6.676319] [VPF mgr]:[L271]vpf_alloc_minor_number: minor[0] bit10 is used
Nov 22 04:57:21 localhost kernel: [    6.676418] [VPF mgr]:[L271]vpf_alloc_minor_number: minor[0] bit11 is used
Nov 22 04:57:21 localhost kernel: [    6.676513] [VIN_NODE]:[L999][S0]vin_node_device_node_init hw_id 0 done
Nov 22 04:57:21 localhost kernel: [    6.676591] hobot-sif 3d020000.sif: [FRT:D] cim_probe(0)
Nov 22 04:57:21 localhost kernel: [    6.676601] [CIM]:[L1014]cim_probe hw_id 0 done, time used: 913us
Nov 22 04:57:21 localhost kernel: [    6.676868] hobot-sif 3d030000.sif: Adding to iommu group 1
Nov 22 04:57:21 localhost kernel: [    6.677135] [VIN_NODE]:[L845]hw_id 1 vin_device_node_init done
Nov 22 04:57:21 localhost kernel: [    6.677161] [VPF mgr]:[L271]vpf_alloc_minor_number: minor[0] bit12 is used
Nov 22 04:57:21 localhost kernel: [    6.677289] [VPF mgr]:[L271]vpf_alloc_minor_number: minor[0] bit13 is used
Nov 22 04:57:21 localhost kernel: [    6.677387] [VPF mgr]:[L271]vpf_alloc_minor_number: minor[0] bit14 is used
Nov 22 04:57:21 localhost kernel: [    6.677517] [VPF mgr]:[L271]vpf_alloc_minor_number: minor[0] bit15 is used
Nov 22 04:57:21 localhost kernel: [    6.677687] [VIN_NODE]:[L999][S0]vin_node_device_node_init hw_id 1 done
Nov 22 04:57:21 localhost kernel: [    6.677816] hobot-sif 3d030000.sif: [FRT:D] cim_probe(0)
Nov 22 04:57:21 localhost kernel: [    6.677826] [CIM]:[L1014]cim_probe hw_id 1 done, time used: 923us
Nov 22 04:57:21 localhost kernel: [    6.678128] hobot-sif 3d040000.sif: Adding to iommu group 1
Nov 22 04:57:21 localhost kernel: [    6.678467] [VIN_NODE]:[L845]hw_id 2 vin_device_node_init done
Nov 22 04:57:21 localhost kernel: [    6.678493] [VPF mgr]:[L271]vpf_alloc_minor_number: minor[0] bit16 is used
Nov 22 04:57:21 localhost kernel: [    6.678637] [VPF mgr]:[L271]vpf_alloc_minor_number: minor[0] bit17 is used
Nov 22 04:57:21 localhost kernel: [    6.678778] [VPF mgr]:[L271]vpf_alloc_minor_number: minor[0] bit18 is used
Nov 22 04:57:21 localhost kernel: [    6.678875] [VPF mgr]:[L271]vpf_alloc_minor_number: minor[0] bit19 is used
Nov 22 04:57:21 localhost kernel: [    6.678961] [VIN_NODE]:[L999][S0]vin_node_device_node_init hw_id 2 done
Nov 22 04:57:21 localhost kernel: [    6.679007] hobot-sif 3d040000.sif: [FRT:D] cim_probe(0)
Nov 22 04:57:21 localhost kernel: [    6.679015] [CIM]:[L1014]cim_probe hw_id 2 done, time used: 834us
Nov 22 04:57:21 localhost kernel: [    6.681077] hobot-sif 3d050000.sif: Adding to iommu group 1
Nov 22 04:57:21 localhost kernel: [    6.681991] [VIN_NODE]:[L845]hw_id 3 vin_device_node_init done
Nov 22 04:57:21 localhost kernel: [    6.682023] [VPF mgr]:[L271]vpf_alloc_minor_number: minor[0] bit20 is used
Nov 22 04:57:21 localhost kernel: [    6.682231] [VPF mgr]:[L271]vpf_alloc_minor_number: minor[0] bit21 is used
Nov 22 04:57:21 localhost kernel: [    6.686679] [VPF mgr]:[L271]vpf_alloc_minor_number: minor[0] bit22 is used
Nov 22 04:57:21 localhost kernel: [    6.689217] [VPF mgr]:[L271]vpf_alloc_minor_number: minor[0] bit23 is used
Nov 22 04:57:21 localhost kernel: [    6.691212] [VIN_NODE]:[L999][S0]vin_node_device_node_init hw_id 3 done
Nov 22 04:57:21 localhost kernel: [    6.691269] hobot-sif 3d050000.sif: [FRT:D] cim_probe(0)
Nov 22 04:57:21 localhost kernel: [    6.691277] [CIM]:[L1014]cim_probe hw_id 3 done, time used: 10161us
Nov 22 04:57:21 localhost kernel: [    6.691669] [VIN_NODE]:[L610]type 0 vin_register_device_node done
Nov 22 04:57:21 localhost kernel: [    6.718818] vin sensor: init 24 sensor v1.0 done
Nov 22 04:57:21 localhost kernel: [    6.733276] vin mipi0: probe with x5sys done
Nov 22 04:57:21 localhost kernel: [    6.743409] CAM_SUBSYS soc:cam:cam_sys@0: [FRT:D] camsys_probe(0)
Nov 22 04:57:21 localhost kernel: [    6.755218] vin mipi0: snrclk set disable
Nov 22 04:57:21 localhost kernel: [    6.755255] vin mipi0: ver 0154 port0(0:0)
Nov 22 04:57:21 localhost kernel: [    6.755678] vin mipi1: snrclk set disable
Nov 22 04:57:21 localhost kernel: [    6.755705] vin mipi1: ver 0154 port1(0:1)
Nov 22 04:57:21 localhost kernel: [    6.756048] vin mipi2: snrclk set disable
Nov 22 04:57:21 localhost kernel: [    6.756071] vin mipi2: ver 0154 port2(1:0)
Nov 22 04:57:21 localhost kernel: [    6.756494] vin mipi3: snrclk set disable
Nov 22 04:57:21 localhost kernel: [    6.756519] vin mipi3: ver 0154 port3(1:1)
Nov 22 04:57:21 localhost kernel: [    6.756968] [VIN_NODE]:[L610]type 1 vin_register_device_node done
Nov 22 04:57:21 localhost kernel: [    6.756979] vin mipi-tx: dev0 dummy setcb
Nov 22 04:57:21 localhost kernel: [    6.756982] vin mipi-tx: dev1 dummy setcb
Nov 22 04:57:21 localhost kernel: [    6.756985] vin mipi: init 4 rx 2 tx done
Nov 22 04:57:21 localhost kernel: [    6.766588] vin mipi: phy debug probed
Nov 22 04:57:21 localhost kernel: [    6.766793] vin mipi0: debug probed
Nov 22 04:57:21 localhost kernel: [    6.766946] vin mipi1: debug probed
Nov 22 04:57:21 localhost kernel: [    6.767102] vin mipi2: debug probed
Nov 22 04:57:21 localhost kernel: [    6.767285] vin mipi3: debug probed
Nov 22 04:57:21 localhost kernel: [    6.781217] vs-isp 3d000000.isp: Adding to iommu group 8
Nov 22 04:57:21 localhost kernel: [    6.781842] vs-isp 3d000000.isp: assigned reserved memory node linux,cma@88000000
Nov 22 04:57:21 localhost kernel: [    6.781879] [VPF mgr]:[L271]vpf_alloc_minor_number: minor[0] bit24 is used
Nov 22 04:57:21 localhost kernel: [    6.782077] [VPF mgr]:[L271]vpf_alloc_minor_number: minor[0] bit25 is used
Nov 22 04:57:21 localhost kernel: [    6.782172] [VPF mgr]:[L271]vpf_alloc_minor_number: minor[0] bit26 is used
Nov 22 04:57:21 localhost kernel: [    6.782299] [VPF mgr]:[L271]vpf_alloc_minor_number: minor[0] bit27 is used
Nov 22 04:57:21 localhost kernel: [    6.782433] vs-isp 3d000000.isp: VS ISP driver (native) probed done, time used: 1150us
Nov 22 04:57:21 localhost kernel: [    6.794615] vs-vse 3d010000.vse: Adding to iommu group 0
Nov 22 04:57:21 localhost kernel: [    6.794921] vs-vse 3d010000.vse: cannot get reset control (err=-6)
Nov 22 04:57:21 localhost kernel: [    6.795139] [VPF mgr]:[L271]vpf_alloc_minor_number: minor[0] bit28 is used
Nov 22 04:57:21 localhost kernel: [    6.795282] [VPF mgr]:[L271]vpf_alloc_minor_number: minor[0] bit29 is used
Nov 22 04:57:21 localhost kernel: [    6.795354] [VPF mgr]:[L271]vpf_alloc_minor_number: minor[0] bit30 is used
Nov 22 04:57:21 localhost kernel: [    6.795461] [VPF mgr]:[L271]vpf_alloc_minor_number: minor[0] bit31 is used
Nov 22 04:57:21 localhost kernel: [    6.795532] [VPF mgr]:[L271]vpf_alloc_minor_number: minor[1] bit0 is used
Nov 22 04:57:21 localhost kernel: [    6.795627] [VPF mgr]:[L271]vpf_alloc_minor_number: minor[1] bit1 is used
Nov 22 04:57:21 localhost kernel: [    6.795712] [VPF mgr]:[L271]vpf_alloc_minor_number: minor[1] bit2 is used
Nov 22 04:57:21 localhost kernel: [    6.795898] vs-vse 3d010000.vse: VS VSE driver (native) probed done, time used: 1237us
Nov 22 04:57:21 localhost kernel: [    6.810897] vin deserial: init 6 deserial v1.0 done
Nov 22 04:57:21 localhost kernel: [    6.821865] HOBOT GDC 3d0c0000.gdc: Adding to iommu group 2
Nov 22 04:57:21 localhost kernel: [    6.822074] [VPF mgr]:[L271]vpf_alloc_minor_number: minor[1] bit3 is used
Nov 22 04:57:21 localhost kernel: [    6.822218] [VPF mgr]:[L271]vpf_alloc_minor_number: minor[1] bit4 is used
Nov 22 04:57:21 localhost kernel: [    6.822317] HOBOT GDC 3d0c0000.gdc: [FRT:D] hobot_gdc_probe(0)
Nov 22 04:57:21 localhost kernel: [    6.831741] [ISI_Sensor]:isi_sensor_init end
Nov 22 04:57:21 localhost kernel: [    6.859640] cfg80211: Loading compiled-in X.509 certificates for regulatory database
Nov 22 04:57:21 localhost kernel: [    6.869438] cfg80211: Loaded X.509 cert 'wens: 61c038651aabdcf94bd0ac7ff06c7248db18c600'
Nov 22 04:57:21 localhost kernel: [    6.870040] cfg80211: Loaded X.509 cert 'sforshee: 00b28ddf47aef9cea7'
Nov 22 04:57:21 localhost kernel: [    6.871039] platform regulatory.0: Direct firmware load for regulatory.db failed with error -2
Nov 22 04:57:21 localhost kernel: [    6.871056] platform regulatory.0: Falling back to sysfs fallback for: regulatory.db
Nov 22 04:57:21 localhost kernel: [    6.872594] cfg80211: failed to load regulatory.db
Nov 22 04:57:21 localhost kernel: [    7.000974] 8852bs: module is from the staging directory, the quality is unknown, you have been warned.
Nov 22 04:57:21 localhost kernel: [    7.079752] Bluetooth: Core ver 2.22
Nov 22 04:57:21 localhost kernel: [    7.079848] NET: Registered PF_BLUETOOTH protocol family
Nov 22 04:57:21 localhost kernel: [    7.079853] Bluetooth: HCI device and connection manager initialized
Nov 22 04:57:21 localhost kernel: [    7.079866] Bluetooth: HCI socket layer initialized
Nov 22 04:57:21 localhost kernel: [    7.079872] Bluetooth: L2CAP socket layer initialized
Nov 22 04:57:21 localhost kernel: [    7.079888] Bluetooth: SCO socket layer initialized
Nov 22 04:57:21 localhost kernel: [    7.091884] Bluetooth: HCI UART driver ver 2.3
Nov 22 04:57:21 localhost kernel: [    7.091904] Bluetooth: HCI UART protocol H4 registered
Nov 22 04:57:21 localhost kernel: [    7.091971] Bluetooth: HCI UART protocol Three-wire (H5) registered
Nov 22 04:57:21 localhost kernel: [    7.115376] bpu-core 3a000000.bpu: Adding to iommu group 10
Nov 22 04:57:21 localhost kernel: [    7.115622] bpu-core 3a000000.bpu: Can't get bpu power delay, use default
Nov 22 04:57:21 localhost kernel: [    7.121365] bpu_hw_io_x5: loading out-of-tree module taints kernel.
Nov 22 04:57:21 localhost kernel: [    7.121382] bpu_hw_io_x5: module license 'Proprietary' taints kernel.
Nov 22 04:57:21 localhost kernel: [    7.121386] Disabling lock debugging due to kernel taint
Nov 22 04:57:21 localhost kernel: [    7.121808] bpu-core: hw-io: git commit: 42566cb
Nov 22 04:57:21 localhost kernel: [    7.135110] ** HUGE-IC WLAN Card Driver(fmac) v2.2.1-35256
Nov 22 04:57:21 localhost kernel: [    7.135126] hgic_usb_init:430::Enter, max_pkt_len = 2560
Nov 22 04:57:21 localhost kernel: [    7.135213] usbcore: registered new interface driver hgicf
Nov 22 04:57:21 localhost kernel: [    7.135218] hgic_usb_init:439::Leave
Nov 22 04:57:21 localhost kernel: [    7.135221] hgic_sdio_init:1031::Enter, max_pkt_len = 8192
Nov 22 04:57:21 localhost kernel: [    7.135419] hgic_sdio_probe:874::Enter, func->num:1, devid:4002
Nov 22 04:57:21 localhost kernel: [    7.135429] hgic_sdio_probe:890::new sdio card: vendor:a012, id:4002
Nov 22 04:57:21 localhost kernel: [    7.135435] hgicf_core_probe:1063::qc_mode=0, no_bootdl=0, if_agg=0, txq_size=1024
Nov 22 04:57:21 localhost kernel: [    7.135466] hgic_ota_init:78::Enter ...
Nov 22 04:57:21 localhost kernel: [    7.135471] hgic_ota_init:85::Leave ...
Nov 22 04:57:21 localhost kernel: [    7.135474] hgic_bootdl_init:47::Enter ...
Nov 22 04:57:21 localhost kernel: [    7.135477] hgic_bootdl_init:53::Leave ...each packet len:32704
Nov 22 04:57:21 localhost kernel: [    7.135484] hgicf_core_probe:1108::ok
Nov 22 04:57:21 localhost kernel: [    7.135488] hgic_sdio_enable:843::Enter
Nov 22 04:57:21 localhost kernel: [    7.135595] hgic_sdio_enable:862::ok
Nov 22 04:57:21 localhost kernel: [    7.135613] hgicf_download_fw:783::Enter
Nov 22 04:57:21 localhost kernel: [    7.135630] hgic_sdio_probe:934::ok
Nov 22 04:57:21 localhost kernel: [    7.135700] hgic_sdio_init:1037::Leave
Nov 22 04:57:21 localhost kernel: [    7.135705] leave hgicf_init
Nov 22 04:57:21 localhost kernel: [    7.162228] asoc-duplex-host-card snd0: asoc_simple_probe test es8311 end
Nov 22 04:57:21 localhost kernel: [    7.250199] hgic_fwctrl_send_data:220::timeout, ctrl->rxq:0
Nov 22 04:57:21 localhost kernel: [    7.250221] hgic_bootdl_send_cmd_tmo:259::cmd: 0, no responce!!
Nov 22 04:57:21 localhost kernel: [    7.250226] hgic_bootdl_cmd_enter:290::failed! ret:-1
Nov 22 04:57:21 localhost kernel: [    7.311240] hgic fw info:1.6.4.5, svn version:40651, 1e:9e:14:96:a8:20, smt_dat:124111319
Nov 22 04:57:21 localhost kernel: [    7.311267] hgicf_create_iface:584::Enter
Nov 22 04:57:21 localhost kernel: [    7.311656] hgicf_create_procfs:267::enter
Nov 22 04:57:21 localhost kernel: [    7.311686] hgicf_create_procfs:294::leave
Nov 22 04:57:21 localhost kernel: [    7.312203] hgicf_load_config:117::load conf file: /etc/hgicf.conf
Nov 22 04:57:21 localhost kernel: [    7.314768] hgicf_load_config:132::param: [bss_bw=4]
Nov 22 04:57:21 localhost kernel: [    7.315758] hgicf_load_config:132::param: [chan_list=9060,9100,9140,9180,9220]
Nov 22 04:57:21 localhost kernel: [    7.317900] hgicf_load_config:132::param: [country_code=]
Nov 22 04:57:21 localhost kernel: [    7.317911] hgicf_load_config:136::invalid param:[country_code=]
Nov 22 04:57:21 localhost kernel: [    7.317916] hgicf_load_config:132::param: [freq_range=]
Nov 22 04:57:21 localhost kernel: [    7.317924] hgicf_load_config:136::invalid param:[freq_range=]
Nov 22 04:57:21 localhost kernel: [    7.317929] hgicf_load_config:132::param: [key_mgmt=WPA-PSK]
Nov 22 04:57:21 localhost kernel: [    7.322167] hgicf_load_config:132::param: [mode=sta]
Nov 22 04:57:21 localhost kernel: [    7.326264] hgicf_load_config:132::param: [ssid=LK-CS2P1US000111]
Nov 22 04:57:21 localhost kernel: [    7.328057] hgicf_load_config:132::param: [tx_mcs=255]
Nov 22 04:57:21 localhost kernel: [    7.332602] hgicf_load_config:132::param: [wpa_psk=baa58569a9edd7c3a55e446bc658ef76a7173d023d256786832474d737756a11]
Nov 22 04:57:21 localhost kernel: [    7.334651] hgicf_delay_init:877::Leave, ret=28, soft_fc=1
Nov 22 04:57:21 localhost kernel: [    7.342127] hg0: Current addr:  1e 9e 14 96 a8 20 00 00 00 00 00 00 00 00 00 00 00 00 00 00 00 00 00 00 00 00 00 00 00 00 00 00
Nov 22 04:57:21 localhost kernel: [    7.342151] hg0: Expected addr: 00 00 00 00 00 00 00 00 00 00 00 00 00 00 00 00 00 00 00 00 00 00 00 00 00 00 00 00 00 00 00 00
Nov 22 04:57:21 localhost kernel: [    7.342156] ------------[ cut here ]------------
Nov 22 04:57:21 localhost kernel: [    7.342159] netdevice: hg0: Incorrect netdev->dev_addr
Nov 22 04:57:21 localhost kernel: [    7.342188] WARNING: CPU: 1 PID: 392 at net/core/dev_addr_lists.c:519 dev_addr_check+0x94/0x140
Nov 22 04:57:21 localhost kernel: [    7.342208] Modules linked in: snd_soc_hobot_sound_duplex_host snd_soc_simple_card_utils designware_i2s hgicf bpu_hw_io_x5(PO) bpu_cores bpu_framework hci_uart btrtl bluetooth 8852bs(C) cfg80211 rfkill hobot_isi_sensor hobot_gdc hobot_deserial vs_vse_nat vs_isp_nat hobot_mipidbg hobot_mipicsi hobot_camsys hobot_mipiphy hobot_sensor vs_sif_nat vs_ops_nat hobot_vin_vcon vs_csi_wrapper vs_cam_pulse vs_cam_ctrl vs_isc aic8800_bsp vs_dw_crc hobot_codec_vnode hobot_osd hobot_lpwm vio_n2d hobot_vin_vnode galcore hobot_jpu hobot_vpu hobot_vio_common
Nov 22 04:57:21 localhost kernel: [    7.342324] CPU: 1 PID: 392 Comm: systemd-network Tainted: P        WC O       6.1.83-DR-PL5.2_V1.1.1 #11
Nov 22 04:57:21 localhost kernel: [    7.342331] Hardware name: D-Robotics X5 EVB LP4 1_B board (DT)
Nov 22 04:57:21 localhost kernel: [    7.342336] pstate: 60400009 (nZCv daif +PAN -UAO -TCO -DIT -SSBS BTYPE=--)
Nov 22 04:57:21 localhost kernel: [    7.342343] pc : dev_addr_check+0x94/0x140
Nov 22 04:57:21 localhost kernel: [    7.342350] lr : dev_addr_check+0x94/0x140
Nov 22 04:57:21 localhost kernel: [    7.342356] sp : ffff80000a543560
Nov 22 04:57:21 localhost kernel: [    7.342360] x29: ffff80000a543560 x28: ffff000080231b80 x27: ffff8000094fe500
Nov 22 04:57:21 localhost kernel: [    7.342371] x26: ffff80000a543818 x25: 0000000000000001 x24: 0000000000000000
Nov 22 04:57:21 localhost kernel: [    7.342381] x23: ffff000081b2b238 x22: 0000000000001002 x21: ffff8000011fd168
Nov 22 04:57:21 localhost kernel: [    7.342392] x20: ffff000081b2b000 x19: ffff000081b2b000 x18: 0000000000000038
Nov 22 04:57:21 localhost kernel: [    7.342402] x17: 3030203030203030 x16: 2030302030302030 x15: fffffffffffee4f0
Nov 22 04:57:21 localhost kernel: [    7.342412] x14: 3030203030203030 x13: ffff8000090d9eb0 x12: 00000000000009f6
Nov 22 04:57:21 localhost kernel: [    7.342423] x11: 0000000000000352 x10: ffff800009131eb0 x9 : ffff8000090d9eb0
Nov 22 04:57:21 localhost kernel: [    7.342433] x8 : 00000000ffffefff x7 : ffff800009131eb0 x6 : 0000000000000000
Nov 22 04:57:21 localhost kernel: [    7.342452] x5 : ffff0000ff6d3aa0 x4 : 0000000000000000 x3 : ffff8000f679a000
Nov 22 04:57:21 localhost kernel: [    7.342465] x2 : 0000000000000000 x1 : 0000000000000000 x0 : ffff000080231b80
Nov 22 04:57:21 localhost kernel: [    7.342475] Call trace:
Nov 22 04:57:21 localhost kernel: [    7.342479]  dev_addr_check+0x94/0x140
Nov 22 04:57:21 localhost kernel: [    7.342486]  __dev_open+0x40/0x1dc
Nov 22 04:57:21 localhost kernel: [    7.342492]  __dev_change_flags+0x190/0x20c
Nov 22 04:57:21 localhost kernel: [    7.342498]  dev_change_flags+0x24/0x64
Nov 22 04:57:21 localhost kernel: [    7.342504]  do_setlink+0x210/0xe50
Nov 22 04:57:21 localhost kernel: [    7.342511]  rtnl_setlink+0xe4/0x180
Nov 22 04:57:21 localhost kernel: [    7.342516]  rtnetlink_rcv_msg+0x12c/0x390
Nov 22 04:57:21 localhost kernel: [    7.342521]  netlink_rcv_skb+0x5c/0x130
Nov 22 04:57:21 localhost kernel: [    7.342527]  rtnetlink_rcv+0x18/0x24
Nov 22 04:57:21 localhost kernel: [    7.342535]  netlink_unicast+0x2e4/0x350
Nov 22 04:57:21 localhost kernel: [    7.342539]  netlink_sendmsg+0x198/0x3f0
Nov 22 04:57:21 localhost kernel: [    7.342544]  __sys_sendto+0x12c/0x170
Nov 22 04:57:21 localhost kernel: [    7.342552]  __arm64_sys_sendto+0x28/0x40
Nov 22 04:57:21 localhost kernel: [    7.342558]  invoke_syscall+0x48/0x114
Nov 22 04:57:21 localhost kernel: [    7.342567]  el0_svc_common.constprop.0+0xd4/0xfc
Nov 22 04:57:21 localhost kernel: [    7.342574]  do_el0_svc+0x30/0xd0
Nov 22 04:57:21 localhost kernel: [    7.342580]  el0_svc+0x2c/0x84
Nov 22 04:57:21 localhost kernel: [    7.342589]  el0t_64_sync_handler+0xbc/0x140
Nov 22 04:57:21 localhost kernel: [    7.342595]  el0t_64_sync+0x18c/0x190
Nov 22 04:57:21 localhost kernel: [    7.342602] ---[ end trace 0000000000000000 ]---
Nov 22 04:57:24 localhost kernel: [    9.446890] EXT4-fs (mmcblk0p10): mounted filesystem with ordered data mode. Quota mode: disabled.
Nov 22 04:57:24 localhost kernel: [    9.452487] EXT4-fs (mmcblk0p11): mounted filesystem with ordered data mode. Quota mode: disabled.
Nov 22 04:57:24 localhost kernel: [    9.456151] EXT4-fs (mmcblk0p13): mounted filesystem with ordered data mode. Quota mode: disabled.
Nov 22 04:57:24 localhost kernel: [    9.472322] file system registered
Nov 22 04:57:24 localhost kernel: [    9.526460] read descriptors
Nov 22 04:57:24 localhost kernel: [    9.526480] read strings
Nov 22 04:57:24 localhost kernel: [    9.620307] UDC core: g_comp: couldn't find an available UDC or it's busy
