
Jan 30 06:35:31 localhost kernel: [   23.559495] dw-apb-uart 340a0000.serial: failed to request DMA
Jan 30 06:35:32 localhost kernel: [   24.406693] [VPF mgr]:[L478]empty_camsys_reset: empty function
Jan 30 06:35:32 localhost kernel: [   24.406711] [L1228]cim_open open_cnt :1
Jan 30 06:35:32 localhost kernel: [   24.406717] [CIM]:[L192][S0]cim_video_open done ret val:0
Jan 30 06:35:32 localhost kernel: [   24.406721] [L1227][S0]vin_node_open done
Jan 30 06:35:32 localhost kernel: [   24.406725] [VIN_NODE]:[L694][C0]vin_node_video_open done
Jan 30 06:35:32 localhost kernel: [   24.406729] [VPF ops]:[L2575][vin2_src] vpf_device_open: done
Jan 30 06:35:32 localhost kernel: [   24.406748] [L1228]cim_open open_cnt :2
Jan 30 06:35:32 localhost kernel: [   24.406752] [CIM]:[L192][S0]cim_video_open done ret val:0
Jan 30 06:35:32 localhost kernel: [   24.406755] [L1227][S0]vin_node_open done
Jan 30 06:35:32 localhost kernel: [   24.406759] [VIN_NODE]:[L694][C0]vin_node_video_open done
Jan 30 06:35:32 localhost kernel: [   24.406762] [VPF ops]:[L2575][vin2_cap] vpf_device_open: done
Jan 30 06:35:32 localhost kernel: [   24.406776] [L1228]cim_open open_cnt :3
Jan 30 06:35:32 localhost kernel: [   24.406779] [CIM]:[L192][S0]cim_video_open done ret val:0
Jan 30 06:35:32 localhost kernel: [   24.406783] [L1227][S0]vin_node_open done
Jan 30 06:35:32 localhost kernel: [   24.406786] [VIN_NODE]:[L694][C0]vin_node_video_open done
Jan 30 06:35:32 localhost kernel: [   24.406789] [VPF ops]:[L2575][vin2_emb] vpf_device_open: done
Jan 30 06:35:32 localhost kernel: [   24.406802] [L1228]cim_open open_cnt :4
Jan 30 06:35:32 localhost kernel: [   24.406805] [CIM]:[L192][S0]cim_video_open done ret val:0
Jan 30 06:35:32 localhost kernel: [   24.406809] [L1227][S0]vin_node_open done
Jan 30 06:35:32 localhost kernel: [   24.406812] [VIN_NODE]:[L694][C0]vin_node_video_open done
Jan 30 06:35:32 localhost kernel: [   24.406815] [VPF ops]:[L2575][vin2_pdaf] vpf_device_open: done
Jan 30 06:35:32 localhost kernel: [   24.406838] [VPF ops]:[L439][vin2_src][C0] vpf_vctx_bind_vdev: done, ctx_index(0) refcount(1)
Jan 30 06:35:32 localhost kernel: [   24.406846] [VPF ops]:[L1875][vin2_src][C0] vpf_video_bind_context: done
Jan 30 06:35:32 localhost kernel: [   24.406853] [VPF ops]:[L439][vin2_cap][C0] vpf_vctx_bind_vdev: done, ctx_index(0) refcount(1)
Jan 30 06:35:32 localhost kernel: [   24.406857] [VPF ops]:[L1875][vin2_cap][C0] vpf_video_bind_context: done
Jan 30 06:35:32 localhost kernel: [   24.406863] [VPF ops]:[L439][vin2_emb][C0] vpf_vctx_bind_vdev: done, ctx_index(0) refcount(1)
Jan 30 06:35:32 localhost kernel: [   24.406867] [VPF ops]:[L1875][vin2_emb][C0] vpf_video_bind_context: done
Jan 30 06:35:32 localhost kernel: [   24.406872] [VPF ops]:[L439][vin2_pdaf][C0] vpf_vctx_bind_vdev: done, ctx_index(0) refcount(1)
Jan 30 06:35:32 localhost kernel: [   24.406877] [VPF ops]:[L1875][vin2_pdaf][C0] vpf_video_bind_context: done
Jan 30 06:35:32 localhost kernel: [   24.406900] [VIN_NODE]:[L38]The vin node driver version is v1.1
Jan 30 06:35:32 localhost kernel: [   24.406904] [VPF ops]:[L1031][vin2_src][C0] vpf_video_get_version: done
Jan 30 06:35:32 localhost kernel: [   24.406935] [VPF ops]:[L1079][vin2_src][C0] vpf_video_get_struct_size: done
Jan 30 06:35:32 localhost kernel: [   24.406952] [CIM]:[L247][C0]cim_video_set_attr done ret val:0
Jan 30 06:35:32 localhost kernel: [   24.406957] [L423][C0] vin_node_set_attr ipi 0 done
Jan 30 06:35:32 localhost kernel: [   24.406961] [VIN_NODE]:[L239][C0]vin_node_video_set_attr done
Jan 30 06:35:32 localhost kernel: [   24.406964] [VPF ops]:[L689][vin2_cap][C0] vpf_video_set_init_attr: done
Jan 30 06:35:32 localhost kernel: [   24.406975] vin vcon2: vcon2 open 0: flow65535 ctx0 real
Jan 30 06:35:32 localhost kernel: [   24.406980] [L624][S65535][C0][ipi0]cim_subdev_init hw_id = 2
Jan 30 06:35:32 localhost kernel: [   24.406985] [CIM]:[L247][C0]cim_video_set_attr done ret val:0
Jan 30 06:35:32 localhost kernel: [   24.406990] vin vcon2: get attr valid bus7 rx2 done
Jan 30 06:35:32 localhost kernel: [   24.407004] [L423][C0] vin_node_set_attr ipi 0 done
Jan 30 06:35:32 localhost kernel: [   24.407015] [VIN_NODE]:[L239][C0]vin_node_video_set_attr done
Jan 30 06:35:32 localhost kernel: [   24.407019] [VIO node]:[L104][vin2] vio_group_task_start: sched_mode 1
Jan 30 06:35:32 localhost kernel: [   24.407023] [VPF ops]:[L689][vin2_src][C0] vpf_video_set_init_attr: done
Jan 30 06:35:32 localhost kernel: [   24.407029] [CIM]:[L247][C0]cim_video_set_attr done ret val:0
Jan 30 06:35:32 localhost kernel: [   24.407032] [L423][C0] vin_node_set_attr ipi 0 done
Jan 30 06:35:32 localhost kernel: [   24.407036] [VIN_NODE]:[L239][C0]vin_node_video_set_attr done
Jan 30 06:35:32 localhost kernel: [   24.407039] [VPF ops]:[L689][vin2_emb][C0] vpf_video_set_init_attr: done
Jan 30 06:35:32 localhost kernel: [   24.407044] [CIM]:[L247][C0]cim_video_set_attr done ret val:0
Jan 30 06:35:32 localhost kernel: [   24.407048] [L423][C0] vin_node_set_attr ipi 0 done
Jan 30 06:35:32 localhost kernel: [   24.407051] [VIN_NODE]:[L239][C0]vin_node_video_set_attr done
Jan 30 06:35:32 localhost kernel: [   24.407054] [VPF ops]:[L689][vin2_pdaf][C0] vpf_video_set_init_attr: done
Jan 30 06:35:32 localhost kernel: [   24.407069] [VPF ops]:[L1079][vin2_src][C0] vpf_video_get_struct_size: done
Jan 30 06:35:32 localhost kernel: [   24.407083] [L709][S65535] vin_node_set_ichn_attr begin format 43 width 1088 
Jan 30 06:35:32 localhost kernel: [   24.407090] [L527][S0][ipi0]cim_set_ichn_attr done
Jan 30 06:35:32 localhost kernel: [   24.407095] [CIM]:[L309][S0]cim_video_set_ichn_attr done ret val:0
Jan 30 06:35:32 localhost kernel: [   24.407099] [L724][S0]vin_node_set_ichn_attr done
Jan 30 06:35:32 localhost kernel: [   24.407102] [VIN_NODE]:[L427][C0]vin_node_video_set_ichn_attr done
Jan 30 06:35:32 localhost kernel: [   24.407108] [L1023][S0] vin_node_reqbufs done bit_map 0x1 planecount 1 
Jan 30 06:35:32 localhost kernel: [   24.407112] [VIN_NODE]:[L743][C0]vin_node_video_reqbufs done
Jan 30 06:35:32 localhost kernel: [   24.407131] [VPF ops]:[L1193][F0] vpf_fill_frame_info: L0 use width instead of wstride
Jan 30 06:35:32 localhost kernel: [   24.407135] [VPF ops]:[L1197][F0] vpf_fill_frame_info: L0 use height instead of vstride
Jan 30 06:35:32 localhost kernel: [   24.407140] [VPF ops]:[L1193][F1] vpf_fill_frame_info: L0 use width instead of wstride
Jan 30 06:35:32 localhost kernel: [   24.407143] [VPF ops]:[L1197][F1] vpf_fill_frame_info: L0 use height instead of vstride
Jan 30 06:35:32 localhost kernel: [   24.407147] [VPF ops]:[L1193][F2] vpf_fill_frame_info: L0 use width instead of wstride
Jan 30 06:35:32 localhost kernel: [   24.407151] [VPF ops]:[L1197][F2] vpf_fill_frame_info: L0 use height instead of vstride
Jan 30 06:35:32 localhost kernel: [   24.407155] [VPF ops]:[L1193][F3] vpf_fill_frame_info: L0 use width instead of wstride
Jan 30 06:35:32 localhost kernel: [   24.407158] [VPF ops]:[L1197][F3] vpf_fill_frame_info: L0 use height instead of vstride
Jan 30 06:35:32 localhost kernel: [   24.407162] [VPF ops]:[L1193][F4] vpf_fill_frame_info: L0 use width instead of wstride
Jan 30 06:35:32 localhost kernel: [   24.407165] [VPF ops]:[L1197][F4] vpf_fill_frame_info: L0 use height instead of vstride
Jan 30 06:35:32 localhost kernel: [   24.407169] [VPF ops]:[L1193][F5] vpf_fill_frame_info: L0 use width instead of wstride
Jan 30 06:35:32 localhost kernel: [   24.407173] [VPF ops]:[L1197][F5] vpf_fill_frame_info: L0 use height instead of vstride
Jan 30 06:35:32 localhost kernel: [   24.407176] [VPF ops]:[L1193][F6] vpf_fill_frame_info: L0 use width instead of wstride
Jan 30 06:35:32 localhost kernel: [   24.407180] [VPF ops]:[L1197][F6] vpf_fill_frame_info: L0 use height instead of vstride
Jan 30 06:35:32 localhost kernel: [   24.407184] [VPF ops]:[L1193][F7] vpf_fill_frame_info: L0 use width instead of wstride
Jan 30 06:35:32 localhost kernel: [   24.407187] [VPF ops]:[L1197][F7] vpf_fill_frame_info: L0 use height instead of vstride
Jan 30 06:35:32 localhost kernel: [   24.407191] [VPF ops]:[L1193][F8] vpf_fill_frame_info: L0 use width instead of wstride
Jan 30 06:35:32 localhost kernel: [   24.407194] [VPF ops]:[L1197][F8] vpf_fill_frame_info: L0 use height instead of vstride
Jan 30 06:35:32 localhost kernel: [   24.407198] [VPF ops]:[L1193][F9] vpf_fill_frame_info: L0 use width instead of wstride
Jan 30 06:35:32 localhost kernel: [   24.407201] [VPF ops]:[L1197][F9] vpf_fill_frame_info: L0 use height instead of vstride
Jan 30 06:35:32 localhost kernel: [   24.407205] [VPF ops]:[L1193][F10] vpf_fill_frame_info: L0 use width instead of wstride
Jan 30 06:35:32 localhost kernel: [   24.407209] [VPF ops]:[L1197][F10] vpf_fill_frame_info: L0 use height instead of vstride
Jan 30 06:35:32 localhost kernel: [   24.407213] [VPF ops]:[L1193][F11] vpf_fill_frame_info: L0 use width instead of wstride
Jan 30 06:35:32 localhost kernel: [   24.407216] [VPF ops]:[L1197][F11] vpf_fill_frame_info: L0 use height instead of vstride
Jan 30 06:35:32 localhost kernel: [   24.407220] [VPF ops]:[L1193][F12] vpf_fill_frame_info: L0 use width instead of wstride
Jan 30 06:35:32 localhost kernel: [   24.407224] [VPF ops]:[L1197][F12] vpf_fill_frame_info: L0 use height instead of vstride
Jan 30 06:35:32 localhost kernel: [   24.407227] [VPF ops]:[L1193][F13] vpf_fill_frame_info: L0 use width instead of wstride
Jan 30 06:35:32 localhost kernel: [   24.407231] [VPF ops]:[L1197][F13] vpf_fill_frame_info: L0 use height instead of vstride
Jan 30 06:35:32 localhost kernel: [   24.407235] [VPF ops]:[L1193][F14] vpf_fill_frame_info: L0 use width instead of wstride
Jan 30 06:35:32 localhost kernel: [   24.407239] [VPF ops]:[L1197][F14] vpf_fill_frame_info: L0 use height instead of vstride
Jan 30 06:35:32 localhost kernel: [   24.407243] [VPF ops]:[L1193][F15] vpf_fill_frame_info: L0 use width instead of wstride
Jan 30 06:35:32 localhost kernel: [   24.407246] [VPF ops]:[L1197][F15] vpf_fill_frame_info: L0 use height instead of vstride
Jan 30 06:35:32 localhost kernel: [   24.407250] [VPF ops]:[L1325][vin2_src][C0] vpf_request_frames: reqbuf number 16
Jan 30 06:35:32 localhost kernel: [   24.407255] [VPF ops]:[L850][vin2_src][C0] vpf_video_set_ichn_attr: done
Jan 30 06:35:32 localhost kernel: [   24.407273] [VPF ops]:[L1079][vin2_src][C0] vpf_video_get_struct_size: done
Jan 30 06:35:32 localhost kernel: [   24.407288] [L236][S0] ochn0 auto calc vstride 1280
Jan 30 06:35:32 localhost kernel: [   24.407293] [L160]vin_basic_attr->format:43
Jan 30 06:35:32 localhost kernel: [   24.407297] [L425][S0][ipi0][ochn0]cim_set_ochn_attr done
Jan 30 06:35:32 localhost kernel: [   24.407301] [CIM]:[L340][S0]cim_video_set_ochn_attr done ret val:0
Jan 30 06:35:32 localhost kernel: [   24.407304] [L652][S0]vin_node_set_ochn_attr done
Jan 30 06:35:32 localhost kernel: [   24.407308] [VIN_NODE]:[L364][C0]vin_node_video_set_ochn_attr done
Jan 30 06:35:32 localhost kernel: [   24.407312] [L975]VNODE_ID_CAP wstride 2176
Jan 30 06:35:32 localhost kernel: [   24.407315] [L977]VNODE_ID_CAP vstride 1280
Jan 30 06:35:32 localhost kernel: [   24.407318] [L981]vstride 1280  planecount 1 
Jan 30 06:35:32 localhost kernel: [   24.407321] [L1023][S0] vin_node_reqbufs done bit_map 0x1 planecount 1 
Jan 30 06:35:32 localhost kernel: [   24.407325] [VIN_NODE]:[L743][C0]vin_node_video_reqbufs done
Jan 30 06:35:32 localhost kernel: [   24.407336] [VPF ops]:[L1325][vin2_cap][C0] vpf_request_frames: reqbuf number 16
Jan 30 06:35:32 localhost kernel: [   24.407341] [VPF ops]:[L978][vin2_cap][C0] vpf_video_set_ochn_attr: done
Jan 30 06:35:32 localhost kernel: [   24.407356] [VPF ops]:[L1079][vin2_src][C0] vpf_video_get_struct_size: done
Jan 30 06:35:32 localhost kernel: [   24.407374] vin mipi2: snrclk set freq cmd
Jan 30 06:35:32 localhost kernel: [   24.407387] vin mipi2: sensor2_mclk set 24000000 as 24000000
Jan 30 06:35:32 localhost kernel: [   24.407392] vin mipi2: snrclk set en cmd
Jan 30 06:35:32 localhost kernel: [   24.407395] vin mipi2: snrclk set enable
Jan 30 06:35:32 localhost kernel: [   24.407412] [L517][S0]vin_node_set_attr_ex done
Jan 30 06:35:32 localhost kernel: [   24.407416] [VIN_NODE]:[L324][C0]vin_node_video_set_attr_ex done
Jan 30 06:35:32 localhost kernel: [   24.407419] [VPF ops]:[L763][vin2_src][C0] vpf_video_set_attr_ex: done
Jan 30 06:35:32 localhost kernel: [   24.407425] [L517][S0]vin_node_set_attr_ex done
Jan 30 06:35:32 localhost kernel: [   24.407428] [VIN_NODE]:[L324][C0]vin_node_video_set_attr_ex done
Jan 30 06:35:32 localhost kernel: [   24.407431] [VPF ops]:[L763][vin2_cap][C0] vpf_video_set_attr_ex: done
Jan 30 06:35:32 localhost kernel: [   24.407453] [L975]VNODE_ID_CAP wstride 2176
Jan 30 06:35:32 localhost kernel: [   24.407457] [L977]VNODE_ID_CAP vstride 1280
Jan 30 06:35:32 localhost kernel: [   24.407460] [L981]vstride 1280  planecount 1 
Jan 30 06:35:32 localhost kernel: [   24.407463] [L1023][S0] vin_node_reqbufs done bit_map 0x1 planecount 1 
Jan 30 06:35:32 localhost kernel: [   24.407467] [VIN_NODE]:[L743][C0]vin_node_video_reqbufs done
Jan 30 06:35:32 localhost kernel: [   24.407476] [VPF ops]:[L1325][vin2_cap][C0] vpf_request_frames: reqbuf number 3
Jan 30 06:35:32 localhost kernel: [   24.407584] [VPF ops]:[L1464][vin2_cap][C0] vpf_video_reqbufs: done
Jan 30 06:35:32 localhost kernel: [   24.479980] [VPF ops]:[L2066][vin2_cap][C0] vpf_video_querybuf: done
Jan 30 06:35:32 localhost kernel: [   24.480275] [VPF ops]:[L2066][vin2_cap][C0] vpf_video_querybuf: done
Jan 30 06:35:32 localhost kernel: [   24.480356] [VPF ops]:[L2066][vin2_cap][C0] vpf_video_querybuf: done
Jan 30 06:35:32 localhost kernel: [   24.480522] [VPF ops]:[L2575][vs-isp0_src] vpf_device_open: done
Jan 30 06:35:32 localhost kernel: [   24.480540] [VPF ops]:[L2575][vs-isp0_src_pd] vpf_device_open: done
Jan 30 06:35:32 localhost kernel: [   24.481805] [VPF ops]:[L2575][vs-isp0_cap] vpf_device_open: done
Jan 30 06:35:32 localhost kernel: [   24.481830] [VPF ops]:[L2575][vs-isp0_cap_raw] vpf_device_open: done
Jan 30 06:35:32 localhost kernel: [   24.481840] [VPF ops]:[L439][vs-isp0_src][C0] vpf_vctx_bind_vdev: done, ctx_index(0) refcount(1)
Jan 30 06:35:32 localhost kernel: [   24.481849] [VPF ops]:[L1875][vs-isp0_src][C0] vpf_video_bind_context: done
Jan 30 06:35:32 localhost kernel: [   24.481855] [VPF ops]:[L439][vs-isp0_src_pd][C0] vpf_vctx_bind_vdev: done, ctx_index(0) refcount(1)
Jan 30 06:35:32 localhost kernel: [   24.481860] [VPF ops]:[L1875][vs-isp0_src_pd][C0] vpf_video_bind_context: done
Jan 30 06:35:32 localhost kernel: [   24.481865] [VPF ops]:[L439][vs-isp0_cap][C0] vpf_vctx_bind_vdev: done, ctx_index(0) refcount(1)
Jan 30 06:35:32 localhost kernel: [   24.481870] [VPF ops]:[L1875][vs-isp0_cap][C0] vpf_video_bind_context: done
Jan 30 06:35:32 localhost kernel: [   24.481875] [VPF ops]:[L439][vs-isp0_cap_raw][C0] vpf_vctx_bind_vdev: done, ctx_index(0) refcount(1)
Jan 30 06:35:32 localhost kernel: [   24.481879] [VPF ops]:[L1875][vs-isp0_cap_raw][C0] vpf_video_bind_context: done
Jan 30 06:35:32 localhost kernel: [   24.481891] [VPF ops]:[L1079][vs-isp0_src][C0] vpf_video_get_struct_size: done
Jan 30 06:35:32 localhost kernel: [   24.481900] [VPF ops]:[L689][vs-isp0_cap][C0] vpf_video_set_init_attr: done
Jan 30 06:35:32 localhost kernel: [   24.502496] [VIO node]:[L104][isp0] vio_group_task_start: sched_mode 1
Jan 30 06:35:32 localhost kernel: [   24.502519] [VPF ops]:[L689][vs-isp0_src][C0] vpf_video_set_init_attr: done
Jan 30 06:35:32 localhost kernel: [   24.502536] [VPF ops]:[L689][vs-isp0_src_pd][C0] vpf_video_set_init_attr: done
Jan 30 06:35:32 localhost kernel: [   24.502543] [VPF ops]:[L689][vs-isp0_cap_raw][C0] vpf_video_set_init_attr: done
Jan 30 06:35:32 localhost kernel: [   24.502556] [VPF ops]:[L1079][vs-isp0_src][C0] vpf_video_get_struct_size: done
Jan 30 06:35:32 localhost kernel: [   24.502570] isp_set_ochn_attr format=6,width=1088,stride=1088,height=1280
Jan 30 06:35:32 localhost kernel: [   24.502707] isp_video_reqbufs done bit_map 0x1 planecount 2 vctx->id:8
Jan 30 06:35:32 localhost kernel: [   24.502731] [VPF ops]:[L1325][vs-isp0_cap][C0] vpf_request_frames: reqbuf number 16
Jan 30 06:35:32 localhost kernel: [   24.502738] [VPF ops]:[L978][vs-isp0_cap][C0] vpf_video_set_ochn_attr: done
Jan 30 06:35:32 localhost kernel: [   24.502754] [VPF ops]:[L1079][vs-isp0_src][C0] vpf_video_get_struct_size: done
Jan 30 06:35:32 localhost kernel: [   24.502764] isp_video_set_ichn_attr format=2,width=1088,stride=2176,height=1280,hdr_en=0
Jan 30 06:35:32 localhost kernel: [   24.502833] isp_video_reqbufs done bit_map 0x1 planecount 1 vctx->id:0
Jan 30 06:35:32 localhost kernel: [   24.502850] [VPF ops]:[L1325][vs-isp0_src][C0] vpf_request_frames: reqbuf number 16
Jan 30 06:35:32 localhost kernel: [   24.502856] [VPF ops]:[L850][vs-isp0_src][C0] vpf_video_set_ichn_attr: done
Jan 30 06:35:32 localhost kernel: [   24.502866] isp_video_reqbufs done bit_map 0x1 planecount 2 vctx->id:8
Jan 30 06:35:32 localhost kernel: [   24.502893] [VPF ops]:[L1325][vs-isp0_cap][C0] vpf_request_frames: reqbuf number 3
Jan 30 06:35:32 localhost kernel: [   24.503073] [VPF ops]:[L1464][vs-isp0_cap][C0] vpf_video_reqbufs: done
Jan 30 06:35:32 localhost kernel: [   24.503096] [VPF ops]:[L2066][vs-isp0_cap][C0] vpf_video_querybuf: done
Jan 30 06:35:32 localhost kernel: [   24.503306] [VPF ops]:[L2066][vs-isp0_cap][C0] vpf_video_querybuf: done
Jan 30 06:35:32 localhost kernel: [   24.503397] [VPF ops]:[L2066][vs-isp0_cap][C0] vpf_video_querybuf: done
Jan 30 06:35:32 localhost kernel: [   24.503604] [VPF ops]:[L2575][flow] vpf_device_open: done
Jan 30 06:35:32 localhost kernel: [   24.503619] [VPF ops]:[L1031][flow][C0] vpf_video_get_version: done
Jan 30 06:35:32 localhost kernel: [   24.503650] [VPF ops]:[L360][S0] vpf_bind_chain: bind done
Jan 30 06:35:32 localhost kernel: [   24.503663] [VPF ops]:[L2223][flow][C0] vpf_video_bind_pipeline: done
Jan 30 06:35:32 localhost kernel: [   24.503750] [VPF ops]:[L1685][vin2_src][S0][C0] vpf_chain_add_vnode: done
Jan 30 06:35:32 localhost kernel: [   24.503757] [VPF ops]:[L1825][vin2_src][C0] vpf_video_add_vnode: done
Jan 30 06:35:32 localhost kernel: [   24.503774] [VPF ops]:[L1685][vs-isp0_src][S0][C0] vpf_chain_add_vnode: done
Jan 30 06:35:32 localhost kernel: [   24.503779] [VPF ops]:[L1825][vs-isp0_src][C0] vpf_video_add_vnode: done
Jan 30 06:35:32 localhost kernel: [   24.504472] [CIM]:[L419][S0]cim_video_get_attr done ret val:0
Jan 30 06:35:32 localhost kernel: [   24.504493] vin vcon2: get attr valid bus7 rx2 done
Jan 30 06:35:32 localhost kernel: [   24.504499] [L306][S0]vin_node_get_attr done
Jan 30 06:35:32 localhost kernel: [   24.504504] [VIN_NODE]:[L286][C0]vin_node_video_get_attr done
Jan 30 06:35:32 localhost kernel: [   24.505383] vin sensor0: camera_init_req cmd: initing
Jan 30 06:35:32 localhost kernel: [   24.539068] [VPF mgr]:[L478]empty_camsys_reset: empty function
Jan 30 06:35:32 localhost kernel: [   24.539088] [L1228]cim_open open_cnt :1
Jan 30 06:35:32 localhost kernel: [   24.539092] [CIM]:[L192][S0]cim_video_open done ret val:0
Jan 30 06:35:32 localhost kernel: [   24.539096] [L1227][S0]vin_node_open done
Jan 30 06:35:32 localhost kernel: [   24.539101] [VIN_NODE]:[L694][C0]vin_node_video_open done
Jan 30 06:35:32 localhost kernel: [   24.539104] [VPF ops]:[L2575][vin1_src] vpf_device_open: done
Jan 30 06:35:32 localhost kernel: [   24.539124] [L1228]cim_open open_cnt :2
Jan 30 06:35:32 localhost kernel: [   24.539128] [CIM]:[L192][S0]cim_video_open done ret val:0
Jan 30 06:35:32 localhost kernel: [   24.539131] [L1227][S0]vin_node_open done
Jan 30 06:35:32 localhost kernel: [   24.539134] [VIN_NODE]:[L694][C0]vin_node_video_open done
Jan 30 06:35:32 localhost kernel: [   24.539137] [VPF ops]:[L2575][vin1_cap] vpf_device_open: done
Jan 30 06:35:32 localhost kernel: [   24.539150] [L1228]cim_open open_cnt :3
Jan 30 06:35:32 localhost kernel: [   24.539154] [CIM]:[L192][S0]cim_video_open done ret val:0
Jan 30 06:35:32 localhost kernel: [   24.539157] [L1227][S0]vin_node_open done
Jan 30 06:35:32 localhost kernel: [   24.539161] [VIN_NODE]:[L694][C0]vin_node_video_open done
Jan 30 06:35:32 localhost kernel: [   24.539164] [VPF ops]:[L2575][vin1_emb] vpf_device_open: done
Jan 30 06:35:32 localhost kernel: [   24.539175] [L1228]cim_open open_cnt :4
Jan 30 06:35:32 localhost kernel: [   24.539178] [CIM]:[L192][S0]cim_video_open done ret val:0
Jan 30 06:35:32 localhost kernel: [   24.539182] [L1227][S0]vin_node_open done
Jan 30 06:35:32 localhost kernel: [   24.539185] [VIN_NODE]:[L694][C0]vin_node_video_open done
Jan 30 06:35:32 localhost kernel: [   24.539188] [VPF ops]:[L2575][vin1_pdaf] vpf_device_open: done
Jan 30 06:35:32 localhost kernel: [   24.539198] [VPF ops]:[L439][vin1_src][C0] vpf_vctx_bind_vdev: done, ctx_index(0) refcount(1)
Jan 30 06:35:32 localhost kernel: [   24.539205] [VPF ops]:[L1875][vin1_src][C0] vpf_video_bind_context: done
Jan 30 06:35:32 localhost kernel: [   24.539211] [VPF ops]:[L439][vin1_cap][C0] vpf_vctx_bind_vdev: done, ctx_index(0) refcount(1)
Jan 30 06:35:32 localhost kernel: [   24.539216] [VPF ops]:[L1875][vin1_cap][C0] vpf_video_bind_context: done
Jan 30 06:35:32 localhost kernel: [   24.539221] [VPF ops]:[L439][vin1_emb][C0] vpf_vctx_bind_vdev: done, ctx_index(0) refcount(1)
Jan 30 06:35:32 localhost kernel: [   24.539225] [VPF ops]:[L1875][vin1_emb][C0] vpf_video_bind_context: done
Jan 30 06:35:32 localhost kernel: [   24.539231] [VPF ops]:[L439][vin1_pdaf][C0] vpf_vctx_bind_vdev: done, ctx_index(0) refcount(1)
Jan 30 06:35:32 localhost kernel: [   24.539235] [VPF ops]:[L1875][vin1_pdaf][C0] vpf_video_bind_context: done
Jan 30 06:35:32 localhost kernel: [   24.539240] [VIN_NODE]:[L38]The vin node driver version is v1.1
Jan 30 06:35:32 localhost kernel: [   24.539243] [VPF ops]:[L1031][vin1_src][C0] vpf_video_get_version: done
Jan 30 06:35:32 localhost kernel: [   24.539253] [VPF ops]:[L1079][vin1_src][C0] vpf_video_get_struct_size: done
Jan 30 06:35:32 localhost kernel: [   24.539262] [CIM]:[L247][C0]cim_video_set_attr done ret val:0
Jan 30 06:35:32 localhost kernel: [   24.539266] [L423][C0] vin_node_set_attr ipi 0 done
Jan 30 06:35:32 localhost kernel: [   24.539270] [VIN_NODE]:[L239][C0]vin_node_video_set_attr done
Jan 30 06:35:32 localhost kernel: [   24.539273] [VPF ops]:[L689][vin1_cap][C0] vpf_video_set_init_attr: done
Jan 30 06:35:32 localhost kernel: [   24.539281] vin vcon1: vcon1 open 0: flow65535 ctx0 real
Jan 30 06:35:32 localhost kernel: [   24.539287] [L624][S65535][C0][ipi0]cim_subdev_init hw_id = 1
Jan 30 06:35:32 localhost kernel: [   24.539291] [CIM]:[L247][C0]cim_video_set_attr done ret val:0
Jan 30 06:35:32 localhost kernel: [   24.539296] vin vcon1: get attr valid bus4 rx1 done
Jan 30 06:35:32 localhost kernel: [   24.539300] [L423][C0] vin_node_set_attr ipi 0 done
Jan 30 06:35:32 localhost kernel: [   24.539304] [VIN_NODE]:[L239][C0]vin_node_video_set_attr done
Jan 30 06:35:32 localhost kernel: [   24.539307] [VIO node]:[L104][vin1] vio_group_task_start: sched_mode 1
Jan 30 06:35:32 localhost kernel: [   24.539311] [VPF ops]:[L689][vin1_src][C0] vpf_video_set_init_attr: done
Jan 30 06:35:32 localhost kernel: [   24.539316] [CIM]:[L247][C0]cim_video_set_attr done ret val:0
Jan 30 06:35:32 localhost kernel: [   24.539319] [L423][C0] vin_node_set_attr ipi 0 done
Jan 30 06:35:32 localhost kernel: [   24.539322] [VIN_NODE]:[L239][C0]vin_node_video_set_attr done
Jan 30 06:35:32 localhost kernel: [   24.539325] [VPF ops]:[L689][vin1_emb][C0] vpf_video_set_init_attr: done
Jan 30 06:35:32 localhost kernel: [   24.539330] [CIM]:[L247][C0]cim_video_set_attr done ret val:0
Jan 30 06:35:32 localhost kernel: [   24.539333] [L423][C0] vin_node_set_attr ipi 0 done
Jan 30 06:35:32 localhost kernel: [   24.539337] [VIN_NODE]:[L239][C0]vin_node_video_set_attr done
Jan 30 06:35:32 localhost kernel: [   24.539340] [VPF ops]:[L689][vin1_pdaf][C0] vpf_video_set_init_attr: done
Jan 30 06:35:32 localhost kernel: [   24.539345] [VPF ops]:[L1079][vin1_src][C0] vpf_video_get_struct_size: done
Jan 30 06:35:32 localhost kernel: [   24.539351] [L709][S65535] vin_node_set_ichn_attr begin format 30 width 640 
Jan 30 06:35:32 localhost kernel: [   24.539358] [L527][S0][ipi0]cim_set_ichn_attr done
Jan 30 06:35:32 localhost kernel: [   24.539361] [CIM]:[L309][S0]cim_video_set_ichn_attr done ret val:0
Jan 30 06:35:32 localhost kernel: [   24.539365] [L724][S0]vin_node_set_ichn_attr done
Jan 30 06:35:32 localhost kernel: [   24.539368] [VIN_NODE]:[L427][C0]vin_node_video_set_ichn_attr done
Jan 30 06:35:32 localhost kernel: [   24.539373] [L1023][S0] vin_node_reqbufs done bit_map 0x1 planecount 0 
Jan 30 06:35:32 localhost kernel: [   24.539377] [VIN_NODE]:[L743][C0]vin_node_video_reqbufs done
Jan 30 06:35:32 localhost kernel: [   24.539389] [VPF ops]:[L1193][F0] vpf_fill_frame_info: L0 use width instead of wstride
Jan 30 06:35:32 localhost kernel: [   24.539393] [VPF ops]:[L1197][F0] vpf_fill_frame_info: L0 use height instead of vstride
Jan 30 06:35:32 localhost kernel: [   24.539397] [VPF ops]:[L1193][F1] vpf_fill_frame_info: L0 use width instead of wstride
Jan 30 06:35:32 localhost kernel: [   24.539401] [VPF ops]:[L1197][F1] vpf_fill_frame_info: L0 use height instead of vstride
Jan 30 06:35:32 localhost kernel: [   24.539404] [VPF ops]:[L1193][F2] vpf_fill_frame_info: L0 use width instead of wstride
Jan 30 06:35:32 localhost kernel: [   24.539408] [VPF ops]:[L1197][F2] vpf_fill_frame_info: L0 use height instead of vstride
Jan 30 06:35:32 localhost kernel: [   24.539412] [VPF ops]:[L1193][F3] vpf_fill_frame_info: L0 use width instead of wstride
Jan 30 06:35:32 localhost kernel: [   24.539415] [VPF ops]:[L1197][F3] vpf_fill_frame_info: L0 use height instead of vstride
Jan 30 06:35:32 localhost kernel: [   24.539419] [VPF ops]:[L1193][F4] vpf_fill_frame_info: L0 use width instead of wstride
Jan 30 06:35:32 localhost kernel: [   24.539422] [VPF ops]:[L1197][F4] vpf_fill_frame_info: L0 use height instead of vstride
Jan 30 06:35:32 localhost kernel: [   24.539426] [VPF ops]:[L1193][F5] vpf_fill_frame_info: L0 use width instead of wstride
Jan 30 06:35:32 localhost kernel: [   24.539429] [VPF ops]:[L1197][F5] vpf_fill_frame_info: L0 use height instead of vstride
Jan 30 06:35:32 localhost kernel: [   24.539433] [VPF ops]:[L1193][F6] vpf_fill_frame_info: L0 use width instead of wstride
Jan 30 06:35:32 localhost kernel: [   24.539437] [VPF ops]:[L1197][F6] vpf_fill_frame_info: L0 use height instead of vstride
Jan 30 06:35:32 localhost kernel: [   24.539441] [VPF ops]:[L1193][F7] vpf_fill_frame_info: L0 use width instead of wstride
Jan 30 06:35:32 localhost kernel: [   24.539444] [VPF ops]:[L1197][F7] vpf_fill_frame_info: L0 use height instead of vstride
Jan 30 06:35:32 localhost kernel: [   24.539448] [VPF ops]:[L1193][F8] vpf_fill_frame_info: L0 use width instead of wstride
Jan 30 06:35:32 localhost kernel: [   24.539451] [VPF ops]:[L1197][F8] vpf_fill_frame_info: L0 use height instead of vstride
Jan 30 06:35:32 localhost kernel: [   24.539455] [VPF ops]:[L1193][F9] vpf_fill_frame_info: L0 use width instead of wstride
Jan 30 06:35:32 localhost kernel: [   24.539458] [VPF ops]:[L1197][F9] vpf_fill_frame_info: L0 use height instead of vstride
Jan 30 06:35:32 localhost kernel: [   24.539462] [VPF ops]:[L1193][F10] vpf_fill_frame_info: L0 use width instead of wstride
Jan 30 06:35:32 localhost kernel: [   24.539466] [VPF ops]:[L1197][F10] vpf_fill_frame_info: L0 use height instead of vstride
Jan 30 06:35:32 localhost kernel: [   24.539470] [VPF ops]:[L1193][F11] vpf_fill_frame_info: L0 use width instead of wstride
Jan 30 06:35:32 localhost kernel: [   24.539473] [VPF ops]:[L1197][F11] vpf_fill_frame_info: L0 use height instead of vstride
Jan 30 06:35:32 localhost kernel: [   24.539477] [VPF ops]:[L1193][F12] vpf_fill_frame_info: L0 use width instead of wstride
Jan 30 06:35:32 localhost kernel: [   24.539480] [VPF ops]:[L1197][F12] vpf_fill_frame_info: L0 use height instead of vstride
Jan 30 06:35:32 localhost kernel: [   24.539484] [VPF ops]:[L1193][F13] vpf_fill_frame_info: L0 use width instead of wstride
Jan 30 06:35:32 localhost kernel: [   24.539488] [VPF ops]:[L1197][F13] vpf_fill_frame_info: L0 use height instead of vstride
Jan 30 06:35:32 localhost kernel: [   24.539492] [VPF ops]:[L1193][F14] vpf_fill_frame_info: L0 use width instead of wstride
Jan 30 06:35:32 localhost kernel: [   24.539495] [VPF ops]:[L1197][F14] vpf_fill_frame_info: L0 use height instead of vstride
Jan 30 06:35:32 localhost kernel: [   24.539499] [VPF ops]:[L1193][F15] vpf_fill_frame_info: L0 use width instead of wstride
Jan 30 06:35:32 localhost kernel: [   24.539503] [VPF ops]:[L1197][F15] vpf_fill_frame_info: L0 use height instead of vstride
Jan 30 06:35:32 localhost kernel: [   24.539507] [VPF ops]:[L1325][vin1_src][C0] vpf_request_frames: reqbuf number 16
Jan 30 06:35:32 localhost kernel: [   24.539511] [VPF ops]:[L850][vin1_src][C0] vpf_video_set_ichn_attr: done
Jan 30 06:35:32 localhost kernel: [   24.539518] [VPF ops]:[L1079][vin1_src][C0] vpf_video_get_struct_size: done
Jan 30 06:35:32 localhost kernel: [   24.539525] [L236][S0] ochn0 auto calc vstride 480
Jan 30 06:35:32 localhost kernel: [   24.539530] [L160]vin_basic_attr->format:30
Jan 30 06:35:32 localhost kernel: [   24.539534] [L425][S0][ipi0][ochn0]cim_set_ochn_attr done
Jan 30 06:35:32 localhost kernel: [   24.539539] [CIM]:[L340][S0]cim_video_set_ochn_attr done ret val:0
Jan 30 06:35:32 localhost kernel: [   24.539542] [L652][S0]vin_node_set_ochn_attr done
Jan 30 06:35:32 localhost kernel: [   24.539546] [VIN_NODE]:[L364][C0]vin_node_video_set_ochn_attr done
Jan 30 06:35:32 localhost kernel: [   24.539549] [L975]VNODE_ID_CAP wstride 1280
Jan 30 06:35:32 localhost kernel: [   24.539552] [L977]VNODE_ID_CAP vstride 480
Jan 30 06:35:32 localhost kernel: [   24.539556] [L981]vstride 480  planecount 1 
Jan 30 06:35:32 localhost kernel: [   24.539559] [L1023][S0] vin_node_reqbufs done bit_map 0x1 planecount 1 
Jan 30 06:35:32 localhost kernel: [   24.539563] [VIN_NODE]:[L743][C0]vin_node_video_reqbufs done
Jan 30 06:35:32 localhost kernel: [   24.539573] [VPF ops]:[L1325][vin1_cap][C0] vpf_request_frames: reqbuf number 16
Jan 30 06:35:32 localhost kernel: [   24.539577] [VPF ops]:[L978][vin1_cap][C0] vpf_video_set_ochn_attr: done
Jan 30 06:35:32 localhost kernel: [   24.539584] [VPF ops]:[L1079][vin1_src][C0] vpf_video_get_struct_size: done
Jan 30 06:35:32 localhost kernel: [   24.539596] vin mipi1: snrclk set freq cmd
Jan 30 06:35:32 localhost kernel: [   24.539610] vin mipi1: sensor1_mclk set 24000000 as 24000000
Jan 30 06:35:32 localhost kernel: [   24.539615] vin mipi1: snrclk set en cmd
Jan 30 06:35:32 localhost kernel: [   24.539618] vin mipi1: snrclk set enable
Jan 30 06:35:32 localhost kernel: [   24.539636] [L517][S0]vin_node_set_attr_ex done
Jan 30 06:35:32 localhost kernel: [   24.539640] [VIN_NODE]:[L324][C0]vin_node_video_set_attr_ex done
Jan 30 06:35:32 localhost kernel: [   24.539643] [VPF ops]:[L763][vin1_src][C0] vpf_video_set_attr_ex: done
Jan 30 06:35:32 localhost kernel: [   24.539648] [L517][S0]vin_node_set_attr_ex done
Jan 30 06:35:32 localhost kernel: [   24.539652] [VIN_NODE]:[L324][C0]vin_node_video_set_attr_ex done
Jan 30 06:35:32 localhost kernel: [   24.539655] [VPF ops]:[L763][vin1_cap][C0] vpf_video_set_attr_ex: done
Jan 30 06:35:32 localhost kernel: [   24.539676] [L975]VNODE_ID_CAP wstride 1280
Jan 30 06:35:32 localhost kernel: [   24.539680] [L977]VNODE_ID_CAP vstride 480
Jan 30 06:35:32 localhost kernel: [   24.539683] [L981]vstride 480  planecount 1 
Jan 30 06:35:32 localhost kernel: [   24.539686] [L1023][S0] vin_node_reqbufs done bit_map 0x1 planecount 1 
Jan 30 06:35:32 localhost kernel: [   24.539691] [VIN_NODE]:[L743][C0]vin_node_video_reqbufs done
Jan 30 06:35:32 localhost kernel: [   24.539700] [VPF ops]:[L1325][vin1_cap][C0] vpf_request_frames: reqbuf number 3
Jan 30 06:35:32 localhost kernel: [   24.539857] [VPF ops]:[L1464][vin1_cap][C0] vpf_video_reqbufs: done
Jan 30 06:35:32 localhost kernel: [   24.539878] [VPF ops]:[L2066][vin1_cap][C0] vpf_video_querybuf: done
Jan 30 06:35:32 localhost kernel: [   24.540030] [VPF ops]:[L2066][vin1_cap][C0] vpf_video_querybuf: done
Jan 30 06:35:32 localhost kernel: [   24.540106] [VPF ops]:[L2066][vin1_cap][C0] vpf_video_querybuf: done
Jan 30 06:35:32 localhost kernel: [   24.540387] [VPF ops]:[L2575][flow] vpf_device_open: done
Jan 30 06:35:32 localhost kernel: [   24.540400] [VPF ops]:[L1031][flow][C0] vpf_video_get_version: done
Jan 30 06:35:32 localhost kernel: [   24.540407] [VPF ops]:[L360][S1] vpf_bind_chain: bind done
Jan 30 06:35:32 localhost kernel: [   24.540421] [VPF ops]:[L2223][flow][C1] vpf_video_bind_pipeline: done
Jan 30 06:35:32 localhost kernel: [   24.540430] [VPF ops]:[L1685][vin1_src][S1][C0] vpf_chain_add_vnode: done
Jan 30 06:35:32 localhost kernel: [   24.540435] [VPF ops]:[L1825][vin1_src][C0] vpf_video_add_vnode: done
Jan 30 06:35:32 localhost kernel: [   24.540630] [CIM]:[L419][S0]cim_video_get_attr done ret val:0
Jan 30 06:35:32 localhost kernel: [   24.540639] vin vcon1: get attr valid bus4 rx1 done
Jan 30 06:35:32 localhost kernel: [   24.540644] [L306][S0]vin_node_get_attr done
Jan 30 06:35:32 localhost kernel: [   24.540648] [VIN_NODE]:[L286][C0]vin_node_video_get_attr done
Jan 30 06:35:32 localhost kernel: [   24.540873] vin sensor1: camera_init_req cmd: initing
Jan 30 06:35:32 localhost kernel: [   24.765138] vin sensor0: sc132gs open i2c7@0x32
Jan 30 06:35:32 localhost kernel: [   24.765159] vin sensor0: camera_tuning_update_param done
Jan 30 06:35:32 localhost kernel: [   24.765437] vin sensor0: ctrl_mode set to user
Jan 30 06:35:32 localhost kernel: [   24.765459] vin sensor0: camera_init_result cmd: done wake
Jan 30 06:35:32 localhost kernel: [   24.765479] vin sensor0: sensor_evu_do: default to wait
Jan 30 06:35:32 localhost kernel: [   24.765520] vin sensor0: camera_set_intrinsic_param port 0 done
Jan 30 06:35:32 localhost kernel: [   24.765640] vin sensor0: sensor_attach flow0 ctx0 to sensor0 sc132gs
Jan 30 06:35:32 localhost kernel: [   24.765647] vin vcon2: flow0.ctx0 attach sensor0 done
Jan 30 06:35:32 localhost kernel: [   24.765651] vin vcon2: set internal attr attach done
Jan 30 06:35:32 localhost kernel: [   24.765665] vin mipi2: init cmd: 0 real
Jan 30 06:35:32 localhost kernel: [   24.765673] vin mipi2: 1 lane 1088x1280 30fps datatype 0x2b
Jan 30 06:35:32 localhost kernel: [   24.765679] vin mipi2: snrclk set disable
Jan 30 06:35:32 localhost kernel: [   24.765699] vin mipi2: ipiclk limit 21000000 up to 600000000
Jan 30 06:35:32 localhost kernel: [   24.765714] vin mipi2: ipiclk set 600000000 get 600000000
Jan 30 06:35:32 localhost kernel: [   24.765719] vin mipi2: dphy 1200Mbps/1lane: ppi 8bit settle 20
Jan 30 06:35:32 localhost kernel: [   24.790286] [VPF mgr]:[L478]empty_camsys_reset: empty function
Jan 30 06:35:32 localhost kernel: [   24.790300] [L1228]cim_open open_cnt :1
Jan 30 06:35:32 localhost kernel: [   24.790304] [CIM]:[L192][S0]cim_video_open done ret val:0
Jan 30 06:35:32 localhost kernel: [   24.790309] [L1227][S0]vin_node_open done
Jan 30 06:35:32 localhost kernel: [   24.790313] [VIN_NODE]:[L694][C0]vin_node_video_open done
Jan 30 06:35:32 localhost kernel: [   24.790317] [VPF ops]:[L2575][vin0_src] vpf_device_open: done
Jan 30 06:35:32 localhost kernel: [   24.790333] [L1228]cim_open open_cnt :2
Jan 30 06:35:32 localhost kernel: [   24.790337] [CIM]:[L192][S0]cim_video_open done ret val:0
Jan 30 06:35:32 localhost kernel: [   24.790340] [L1227][S0]vin_node_open done
Jan 30 06:35:32 localhost kernel: [   24.790344] [VIN_NODE]:[L694][C0]vin_node_video_open done
Jan 30 06:35:32 localhost kernel: [   24.790347] [VPF ops]:[L2575][vin0_cap] vpf_device_open: done
Jan 30 06:35:32 localhost kernel: [   24.790359] [L1228]cim_open open_cnt :3
Jan 30 06:35:32 localhost kernel: [   24.790362] [CIM]:[L192][S0]cim_video_open done ret val:0
Jan 30 06:35:32 localhost kernel: [   24.790366] [L1227][S0]vin_node_open done
Jan 30 06:35:32 localhost kernel: [   24.790369] [VIN_NODE]:[L694][C0]vin_node_video_open done
Jan 30 06:35:32 localhost kernel: [   24.790373] [VPF ops]:[L2575][vin0_emb] vpf_device_open: done
Jan 30 06:35:32 localhost kernel: [   24.790385] [L1228]cim_open open_cnt :4
Jan 30 06:35:32 localhost kernel: [   24.790389] [CIM]:[L192][S0]cim_video_open done ret val:0
Jan 30 06:35:32 localhost kernel: [   24.790392] [L1227][S0]vin_node_open done
Jan 30 06:35:32 localhost kernel: [   24.790396] [VIN_NODE]:[L694][C0]vin_node_video_open done
Jan 30 06:35:32 localhost kernel: [   24.790399] [VPF ops]:[L2575][vin0_pdaf] vpf_device_open: done
Jan 30 06:35:32 localhost kernel: [   24.790408] [VPF ops]:[L439][vin0_src][C0] vpf_vctx_bind_vdev: done, ctx_index(0) refcount(1)
Jan 30 06:35:32 localhost kernel: [   24.790416] [VPF ops]:[L1875][vin0_src][C0] vpf_video_bind_context: done
Jan 30 06:35:32 localhost kernel: [   24.790422] [VPF ops]:[L439][vin0_cap][C0] vpf_vctx_bind_vdev: done, ctx_index(0) refcount(1)
Jan 30 06:35:32 localhost kernel: [   24.790427] [VPF ops]:[L1875][vin0_cap][C0] vpf_video_bind_context: done
Jan 30 06:35:32 localhost kernel: [   24.790432] [VPF ops]:[L439][vin0_emb][C0] vpf_vctx_bind_vdev: done, ctx_index(0) refcount(1)
Jan 30 06:35:32 localhost kernel: [   24.790436] [VPF ops]:[L1875][vin0_emb][C0] vpf_video_bind_context: done
Jan 30 06:35:32 localhost kernel: [   24.790441] [VPF ops]:[L439][vin0_pdaf][C0] vpf_vctx_bind_vdev: done, ctx_index(0) refcount(1)
Jan 30 06:35:32 localhost kernel: [   24.790446] [VPF ops]:[L1875][vin0_pdaf][C0] vpf_video_bind_context: done
Jan 30 06:35:32 localhost kernel: [   24.790451] [VIN_NODE]:[L38]The vin node driver version is v1.1
Jan 30 06:35:32 localhost kernel: [   24.790455] [VPF ops]:[L1031][vin0_src][C0] vpf_video_get_version: done
Jan 30 06:35:32 localhost kernel: [   24.790466] [VPF ops]:[L1079][vin0_src][C0] vpf_video_get_struct_size: done
Jan 30 06:35:32 localhost kernel: [   24.790475] [CIM]:[L247][C0]cim_video_set_attr done ret val:0
Jan 30 06:35:32 localhost kernel: [   24.790479] [L423][C0] vin_node_set_attr ipi 0 done
Jan 30 06:35:32 localhost kernel: [   24.790483] [VIN_NODE]:[L239][C0]vin_node_video_set_attr done
Jan 30 06:35:32 localhost kernel: [   24.790487] [VPF ops]:[L689][vin0_cap][C0] vpf_video_set_init_attr: done
Jan 30 06:35:32 localhost kernel: [   24.790495] vin vcon0: vcon0 open 0: flow65535 ctx0 real
Jan 30 06:35:32 localhost kernel: [   24.790501] [L624][S65535][C0][ipi0]cim_subdev_init hw_id = 0
Jan 30 06:35:32 localhost kernel: [   24.790506] [CIM]:[L247][C0]cim_video_set_attr done ret val:0
Jan 30 06:35:32 localhost kernel: [   24.790511] vin vcon0: get attr valid bus7 rx0 done
Jan 30 06:35:32 localhost kernel: [   24.790515] [L423][C0] vin_node_set_attr ipi 0 done
Jan 30 06:35:32 localhost kernel: [   24.790518] [VIN_NODE]:[L239][C0]vin_node_video_set_attr done
Jan 30 06:35:32 localhost kernel: [   24.790522] [VIO node]:[L104][vin0] vio_group_task_start: sched_mode 1
Jan 30 06:35:32 localhost kernel: [   24.790526] [VPF ops]:[L689][vin0_src][C0] vpf_video_set_init_attr: done
Jan 30 06:35:32 localhost kernel: [   24.790531] [CIM]:[L247][C0]cim_video_set_attr done ret val:0
Jan 30 06:35:32 localhost kernel: [   24.790534] [L423][C0] vin_node_set_attr ipi 0 done
Jan 30 06:35:32 localhost kernel: [   24.790538] [VIN_NODE]:[L239][C0]vin_node_video_set_attr done
Jan 30 06:35:32 localhost kernel: [   24.790541] [VPF ops]:[L689][vin0_emb][C0] vpf_video_set_init_attr: done
Jan 30 06:35:32 localhost kernel: [   24.790545] [CIM]:[L247][C0]cim_video_set_attr done ret val:0
Jan 30 06:35:32 localhost kernel: [   24.790549] [L423][C0] vin_node_set_attr ipi 0 done
Jan 30 06:35:32 localhost kernel: [   24.790552] [VIN_NODE]:[L239][C0]vin_node_video_set_attr done
Jan 30 06:35:32 localhost kernel: [   24.790555] [VPF ops]:[L689][vin0_pdaf][C0] vpf_video_set_init_attr: done
Jan 30 06:35:32 localhost kernel: [   24.790561] [VPF ops]:[L1079][vin0_src][C0] vpf_video_get_struct_size: done
Jan 30 06:35:32 localhost kernel: [   24.790567] [L709][S65535] vin_node_set_ichn_attr begin format 30 width 640 
Jan 30 06:35:32 localhost kernel: [   24.790574] [L527][S0][ipi0]cim_set_ichn_attr done
Jan 30 06:35:32 localhost kernel: [   24.790578] [CIM]:[L309][S0]cim_video_set_ichn_attr done ret val:0
Jan 30 06:35:32 localhost kernel: [   24.790582] [L724][S0]vin_node_set_ichn_attr done
Jan 30 06:35:32 localhost kernel: [   24.790585] [VIN_NODE]:[L427][C0]vin_node_video_set_ichn_attr done
Jan 30 06:35:32 localhost kernel: [   24.790591] [L1023][S0] vin_node_reqbufs done bit_map 0x1 planecount 0 
Jan 30 06:35:32 localhost kernel: [   24.790595] [VIN_NODE]:[L743][C0]vin_node_video_reqbufs done
Jan 30 06:35:32 localhost kernel: [   24.790611] [VPF ops]:[L1193][F0] vpf_fill_frame_info: L0 use width instead of wstride
Jan 30 06:35:32 localhost kernel: [   24.790616] [VPF ops]:[L1197][F0] vpf_fill_frame_info: L0 use height instead of vstride
Jan 30 06:35:32 localhost kernel: [   24.790621] [VPF ops]:[L1193][F1] vpf_fill_frame_info: L0 use width instead of wstride
Jan 30 06:35:32 localhost kernel: [   24.790624] [VPF ops]:[L1197][F1] vpf_fill_frame_info: L0 use height instead of vstride
Jan 30 06:35:32 localhost kernel: [   24.790628] [VPF ops]:[L1193][F2] vpf_fill_frame_info: L0 use width instead of wstride
Jan 30 06:35:32 localhost kernel: [   24.790632] [VPF ops]:[L1197][F2] vpf_fill_frame_info: L0 use height instead of vstride
Jan 30 06:35:32 localhost kernel: [   24.790636] [VPF ops]:[L1193][F3] vpf_fill_frame_info: L0 use width instead of wstride
Jan 30 06:35:32 localhost kernel: [   24.790639] [VPF ops]:[L1197][F3] vpf_fill_frame_info: L0 use height instead of vstride
Jan 30 06:35:32 localhost kernel: [   24.790643] [VPF ops]:[L1193][F4] vpf_fill_frame_info: L0 use width instead of wstride
Jan 30 06:35:32 localhost kernel: [   24.790647] [VPF ops]:[L1197][F4] vpf_fill_frame_info: L0 use height instead of vstride
Jan 30 06:35:32 localhost kernel: [   24.790651] [VPF ops]:[L1193][F5] vpf_fill_frame_info: L0 use width instead of wstride
Jan 30 06:35:32 localhost kernel: [   24.790654] [VPF ops]:[L1197][F5] vpf_fill_frame_info: L0 use height instead of vstride
Jan 30 06:35:32 localhost kernel: [   24.790658] [VPF ops]:[L1193][F6] vpf_fill_frame_info: L0 use width instead of wstride
Jan 30 06:35:32 localhost kernel: [   24.790662] [VPF ops]:[L1197][F6] vpf_fill_frame_info: L0 use height instead of vstride
Jan 30 06:35:32 localhost kernel: [   24.790665] [VPF ops]:[L1193][F7] vpf_fill_frame_info: L0 use width instead of wstride
Jan 30 06:35:32 localhost kernel: [   24.790669] [VPF ops]:[L1197][F7] vpf_fill_frame_info: L0 use height instead of vstride
Jan 30 06:35:32 localhost kernel: [   24.790673] [VPF ops]:[L1193][F8] vpf_fill_frame_info: L0 use width instead of wstride
Jan 30 06:35:32 localhost kernel: [   24.790676] [VPF ops]:[L1197][F8] vpf_fill_frame_info: L0 use height instead of vstride
Jan 30 06:35:32 localhost kernel: [   24.790680] [VPF ops]:[L1193][F9] vpf_fill_frame_info: L0 use width instead of wstride
Jan 30 06:35:32 localhost kernel: [   24.790684] [VPF ops]:[L1197][F9] vpf_fill_frame_info: L0 use height instead of vstride
Jan 30 06:35:32 localhost kernel: [   24.790687] [VPF ops]:[L1193][F10] vpf_fill_frame_info: L0 use width instead of wstride
Jan 30 06:35:32 localhost kernel: [   24.790691] [VPF ops]:[L1197][F10] vpf_fill_frame_info: L0 use height instead of vstride
Jan 30 06:35:32 localhost kernel: [   24.790695] [VPF ops]:[L1193][F11] vpf_fill_frame_info: L0 use width instead of wstride
Jan 30 06:35:32 localhost kernel: [   24.790698] [VPF ops]:[L1197][F11] vpf_fill_frame_info: L0 use height instead of vstride
Jan 30 06:35:32 localhost kernel: [   24.790702] [VPF ops]:[L1193][F12] vpf_fill_frame_info: L0 use width instead of wstride
Jan 30 06:35:32 localhost kernel: [   24.790706] [VPF ops]:[L1197][F12] vpf_fill_frame_info: L0 use height instead of vstride
Jan 30 06:35:32 localhost kernel: [   24.790709] [VPF ops]:[L1193][F13] vpf_fill_frame_info: L0 use width instead of wstride
Jan 30 06:35:32 localhost kernel: [   24.790713] [VPF ops]:[L1197][F13] vpf_fill_frame_info: L0 use height instead of vstride
Jan 30 06:35:32 localhost kernel: [   24.790717] [VPF ops]:[L1193][F14] vpf_fill_frame_info: L0 use width instead of wstride
Jan 30 06:35:32 localhost kernel: [   24.790721] [VPF ops]:[L1197][F14] vpf_fill_frame_info: L0 use height instead of vstride
Jan 30 06:35:32 localhost kernel: [   24.790724] [VPF ops]:[L1193][F15] vpf_fill_frame_info: L0 use width instead of wstride
Jan 30 06:35:32 localhost kernel: [   24.790728] [VPF ops]:[L1197][F15] vpf_fill_frame_info: L0 use height instead of vstride
Jan 30 06:35:32 localhost kernel: [   24.790731] [VPF ops]:[L1325][vin0_src][C0] vpf_request_frames: reqbuf number 16
Jan 30 06:35:32 localhost kernel: [   24.790737] [VPF ops]:[L850][vin0_src][C0] vpf_video_set_ichn_attr: done
Jan 30 06:35:32 localhost kernel: [   24.790745] [VPF ops]:[L1079][vin0_src][C0] vpf_video_get_struct_size: done
Jan 30 06:35:32 localhost kernel: [   24.790753] [L236][S0] ochn0 auto calc vstride 480
Jan 30 06:35:32 localhost kernel: [   24.790758] [L160]vin_basic_attr->format:30
Jan 30 06:35:32 localhost kernel: [   24.790762] [L425][S0][ipi0][ochn0]cim_set_ochn_attr done
Jan 30 06:35:32 localhost kernel: [   24.790766] [CIM]:[L340][S0]cim_video_set_ochn_attr done ret val:0
Jan 30 06:35:32 localhost kernel: [   24.790770] [L652][S0]vin_node_set_ochn_attr done
Jan 30 06:35:32 localhost kernel: [   24.790773] [VIN_NODE]:[L364][C0]vin_node_video_set_ochn_attr done
Jan 30 06:35:32 localhost kernel: [   24.790777] [L975]VNODE_ID_CAP wstride 1280
Jan 30 06:35:32 localhost kernel: [   24.790780] [L977]VNODE_ID_CAP vstride 480
Jan 30 06:35:32 localhost kernel: [   24.790783] [L981]vstride 480  planecount 1 
Jan 30 06:35:32 localhost kernel: [   24.790786] [L1023][S0] vin_node_reqbufs done bit_map 0x1 planecount 1 
Jan 30 06:35:32 localhost kernel: [   24.790790] [VIN_NODE]:[L743][C0]vin_node_video_reqbufs done
Jan 30 06:35:32 localhost kernel: [   24.790800] [VPF ops]:[L1325][vin0_cap][C0] vpf_request_frames: reqbuf number 16
Jan 30 06:35:32 localhost kernel: [   24.790805] [VPF ops]:[L978][vin0_cap][C0] vpf_video_set_ochn_attr: done
Jan 30 06:35:32 localhost kernel: [   24.790813] [VPF ops]:[L1079][vin0_src][C0] vpf_video_get_struct_size: done
Jan 30 06:35:32 localhost kernel: [   24.790824] vin mipi0: snrclk set freq cmd
Jan 30 06:35:32 localhost kernel: [   24.790836] vin mipi0: sensor0_mclk set 24000000 as 24000000
Jan 30 06:35:32 localhost kernel: [   24.790842] vin mipi0: snrclk set en cmd
Jan 30 06:35:32 localhost kernel: [   24.790845] vin mipi0: snrclk set enable
Jan 30 06:35:32 localhost kernel: [   24.790861] [L517][S0]vin_node_set_attr_ex done
Jan 30 06:35:32 localhost kernel: [   24.790865] [VIN_NODE]:[L324][C0]vin_node_video_set_attr_ex done
Jan 30 06:35:32 localhost kernel: [   24.790868] [VPF ops]:[L763][vin0_src][C0] vpf_video_set_attr_ex: done
Jan 30 06:35:32 localhost kernel: [   24.790874] [L517][S0]vin_node_set_attr_ex done
Jan 30 06:35:32 localhost kernel: [   24.790877] [VIN_NODE]:[L324][C0]vin_node_video_set_attr_ex done
Jan 30 06:35:32 localhost kernel: [   24.790880] [VPF ops]:[L763][vin0_cap][C0] vpf_video_set_attr_ex: done
Jan 30 06:35:32 localhost kernel: [   24.790886] [L975]VNODE_ID_CAP wstride 1280
Jan 30 06:35:32 localhost kernel: [   24.790889] [L977]VNODE_ID_CAP vstride 480
Jan 30 06:35:32 localhost kernel: [   24.790892] [L981]vstride 480  planecount 1 
Jan 30 06:35:32 localhost kernel: [   24.790895] [L1023][S0] vin_node_reqbufs done bit_map 0x1 planecount 1 
Jan 30 06:35:32 localhost kernel: [   24.790899] [VIN_NODE]:[L743][C0]vin_node_video_reqbufs done
Jan 30 06:35:32 localhost kernel: [   24.790906] [VPF ops]:[L1325][vin0_cap][C0] vpf_request_frames: reqbuf number 3
Jan 30 06:35:32 localhost kernel: [   24.791014] [VPF ops]:[L1464][vin0_cap][C0] vpf_video_reqbufs: done
Jan 30 06:35:32 localhost kernel: [   24.791034] [VPF ops]:[L2066][vin0_cap][C0] vpf_video_querybuf: done
Jan 30 06:35:32 localhost kernel: [   24.791189] [VPF ops]:[L2066][vin0_cap][C0] vpf_video_querybuf: done
Jan 30 06:35:32 localhost kernel: [   24.791285] [VPF ops]:[L2066][vin0_cap][C0] vpf_video_querybuf: done
Jan 30 06:35:32 localhost kernel: [   24.791386] [VPF ops]:[L2575][flow] vpf_device_open: done
Jan 30 06:35:32 localhost kernel: [   24.791399] [VPF ops]:[L1031][flow][C0] vpf_video_get_version: done
Jan 30 06:35:32 localhost kernel: [   24.791405] [VPF ops]:[L360][S2] vpf_bind_chain: bind done
Jan 30 06:35:32 localhost kernel: [   24.791420] [VPF ops]:[L2223][flow][C2] vpf_video_bind_pipeline: done
Jan 30 06:35:32 localhost kernel: [   24.791429] [VPF ops]:[L1685][vin0_src][S2][C0] vpf_chain_add_vnode: done
Jan 30 06:35:32 localhost kernel: [   24.791434] [VPF ops]:[L1825][vin0_src][C0] vpf_video_add_vnode: done
Jan 30 06:35:32 localhost kernel: [   24.791587] [CIM]:[L419][S0]cim_video_get_attr done ret val:0
Jan 30 06:35:32 localhost kernel: [   24.791597] vin vcon0: get attr valid bus7 rx0 done
Jan 30 06:35:32 localhost kernel: [   24.791602] [L306][S0]vin_node_get_attr done
Jan 30 06:35:32 localhost kernel: [   24.791606] [VIN_NODE]:[L286][C0]vin_node_video_get_attr done
Jan 30 06:35:32 localhost kernel: [   24.791732] vin sensor2: camera_init_req cmd: initing
Jan 30 06:35:32 localhost kernel: [   24.798821] vin mipi2: linelenth: 1400, framelenth: 1500, fps: 30, ipiclk: 600000000, rx_bit_clk: 1200000000
Jan 30 06:35:32 localhost kernel: [   24.798838] vin mipi2: ipi config hsa: 4, hbp: 4, hsd: 42
Jan 30 06:35:32 localhost kernel: [   24.798845] vin mipi2: config 1/1 ipi done
Jan 30 06:35:32 localhost kernel: [   24.798849] vin mipi2: check phy stop state
Jan 30 06:35:32 localhost kernel: [   24.801911] [L587][S0]vin_node_set_internal_attr done
Jan 30 06:35:32 localhost kernel: [   24.801923] [VIN_NODE]:[L514][C0]vin_node_video_set_internal_attr done
Jan 30 06:35:32 localhost kernel: [   24.801931] [L1023][S0] vin_node_reqbufs done bit_map 0x1 planecount 1 
Jan 30 06:35:32 localhost kernel: [   24.801935] [VIN_NODE]:[L743][C0]vin_node_video_reqbufs done
Jan 30 06:35:32 localhost kernel: [   24.801940] [VPF ops]:[L1005][vin2_src][C0] vpf_video_set_inter_attr: done
Jan 30 06:35:32 localhost kernel: [   24.801960] isp_video_set_inter_attr flow_id = 0, sensor_name = sc132gs, sensor_cali_name = /app/BestMow/startup_script/sensor_config/darktime/sc132gs_tuning_left.json
Jan 30 06:35:32 localhost kernel: [   24.802641] vin sensor1: camera_init_result cmd: done wake
Jan 30 06:35:32 localhost kernel: [   24.802675] vin sensor1: sensor_evu_do: default to wait
Jan 30 06:35:32 localhost kernel: [   24.802707] vin sensor1: camera_set_intrinsic_param port 1 done
Jan 30 06:35:32 localhost kernel: [   24.802751] vin sensor1: sensor_attach flow1 ctx0 to sensor1 
Jan 30 06:35:32 localhost kernel: [   24.802758] vin vcon1: flow1.ctx0 attach sensor1 done
Jan 30 06:35:32 localhost kernel: [   24.802763] vin vcon1: set internal attr attach done
Jan 30 06:35:32 localhost kernel: [   24.802777] vin mipi1: init cmd: 0 real
Jan 30 06:35:32 localhost kernel: [   24.802786] vin mipi1: 1 lane 640x480 10fps datatype 0x1e
Jan 30 06:35:32 localhost kernel: [   24.802792] vin mipi1: snrclk set disable
Jan 30 06:35:32 localhost kernel: [   24.802813] vin mipi1: ipiclk limit 27027000 up to 600000000
Jan 30 06:35:32 localhost kernel: [   24.802828] vin mipi1: ipiclk set 600000000 get 600000000
Jan 30 06:35:32 localhost kernel: [   24.802833] vin mipi1: dphy 432Mbps/1lane: ppi 8bit settle 40
Jan 30 06:35:32 localhost kernel: [   24.835874] vin mipi1: linelenth: 858, framelenth: 3150, fps: 10, ipiclk: 600000000, rx_bit_clk: 432000000
Jan 30 06:35:32 localhost kernel: [   24.835896] vin mipi1: ipi config hsa: 4, hbp: 4, hsd: 98
Jan 30 06:35:32 localhost kernel: [   24.835903] vin mipi1: config 1/1 ipi done
Jan 30 06:35:32 localhost kernel: [   24.835907] vin mipi1: check phy stop state
Jan 30 06:35:32 localhost kernel: [   24.835916] [L587][S0]vin_node_set_internal_attr done
Jan 30 06:35:32 localhost kernel: [   24.835921] [VIN_NODE]:[L514][C0]vin_node_video_set_internal_attr done
Jan 30 06:35:32 localhost kernel: [   24.835927] [L1023][S0] vin_node_reqbufs done bit_map 0x1 planecount 0 
Jan 30 06:35:32 localhost kernel: [   24.835932] [VIN_NODE]:[L743][C0]vin_node_video_reqbufs done
Jan 30 06:35:32 localhost kernel: [   24.835936] [VPF ops]:[L1005][vin1_src][C0] vpf_video_set_inter_attr: done
Jan 30 06:35:32 localhost kernel: [   24.836095] [VPF chain]:[L279]vio_chain_path_show: [S1] vin1_C0*(dma)
Jan 30 06:35:32 localhost kernel: [   24.836107] [VPF ops]:[L632][vin1_cap][S1] vpf_prepare_buffers: done
Jan 30 06:35:32 localhost kernel: [   24.836112] [VPF ops]:[L1639][vin1_cap][S1][C0] vpf_video_start: done start_cnt 1
Jan 30 06:35:32 localhost kernel: [   24.836121] [L716][S0][ipi0]cim_subdev_start ddr_en and ochn request bufs
Jan 30 06:35:32 localhost kernel: [   24.836134] [L757][S1]cim_subdev_start
Jan 30 06:35:32 localhost kernel: [   24.836137] [CIM]:[L113][S0]cim_video_streamon done ret val:0
Jan 30 06:35:32 localhost kernel: [   24.836147] vin sensor1: sensor_evk_do: wait to doing
Jan 30 06:35:32 localhost kernel: [   24.836838] vin sensor1: sensor_evk_do: done to finish
Jan 30 06:35:32 localhost kernel: [   24.836845] vin sensor1: sensor_start  flow1 start done
Jan 30 06:35:32 localhost kernel: [   24.836849] vin vcon1: sensor1 start real done
Jan 30 06:35:32 localhost kernel: [   24.836856] vin mipi1: start cmd: 0 real
Jan 30 06:35:32 localhost kernel: [   24.836861] vin mipi1: check hs reception
Jan 30 06:35:32 localhost kernel: [   25.006197] vin mipi1: entry hs reception
Jan 30 06:35:32 localhost kernel: [   25.006228] [L1096][S0]vin_node_start done
Jan 30 06:35:32 localhost kernel: [   25.006233] [VIN_NODE]:[L546][C0]vin_node_video_streamon done
Jan 30 06:35:32 localhost kernel: [   25.006239] [VPF ops]:[L1639][vin1_src][S1][C0] vpf_video_start: done start_cnt 2
Jan 30 06:35:32 localhost kernel: [   25.053738] vin sensor2: camera_init_result cmd: done wake
Jan 30 06:35:32 localhost kernel: [   25.053770] vin sensor2: sensor_evu_do: default to wait
Jan 30 06:35:32 localhost kernel: [   25.053804] vin sensor2: camera_set_intrinsic_param port 2 done
Jan 30 06:35:32 localhost kernel: [   25.053844] vin sensor2: sensor_attach flow2 ctx0 to sensor2 
Jan 30 06:35:32 localhost kernel: [   25.053851] vin vcon0: flow2.ctx0 attach sensor2 done
Jan 30 06:35:32 localhost kernel: [   25.053855] vin vcon0: set internal attr attach done
Jan 30 06:35:32 localhost kernel: [   25.053869] vin mipi0: init cmd: 0 real
Jan 30 06:35:32 localhost kernel: [   25.053877] vin mipi0: 1 lane 640x480 10fps datatype 0x1e
Jan 30 06:35:32 localhost kernel: [   25.053883] vin mipi0: snrclk set disable
Jan 30 06:35:32 localhost kernel: [   25.053902] vin mipi0: ipiclk limit 27027000 up to 600000000
Jan 30 06:35:32 localhost kernel: [   25.053916] vin mipi0: ipiclk set 600000000 get 600000000
Jan 30 06:35:32 localhost kernel: [   25.053921] vin mipi0: dphy 432Mbps/1lane: ppi 8bit settle 8
Jan 30 06:35:32 localhost kernel: [   25.086946] vin mipi0: linelenth: 858, framelenth: 3150, fps: 10, ipiclk: 600000000, rx_bit_clk: 432000000
Jan 30 06:35:32 localhost kernel: [   25.086964] vin mipi0: ipi config hsa: 4, hbp: 4, hsd: 98
Jan 30 06:35:32 localhost kernel: [   25.086971] vin mipi0: config 1/1 ipi done
Jan 30 06:35:32 localhost kernel: [   25.086975] vin mipi0: check phy stop state
Jan 30 06:35:32 localhost kernel: [   25.089986] [L587][S0]vin_node_set_internal_attr done
Jan 30 06:35:32 localhost kernel: [   25.089995] [VIN_NODE]:[L514][C0]vin_node_video_set_internal_attr done
Jan 30 06:35:32 localhost kernel: [   25.090001] [L1023][S0] vin_node_reqbufs done bit_map 0x1 planecount 0 
Jan 30 06:35:32 localhost kernel: [   25.090006] [VIN_NODE]:[L743][C0]vin_node_video_reqbufs done
Jan 30 06:35:32 localhost kernel: [   25.090010] [VPF ops]:[L1005][vin0_src][C0] vpf_video_set_inter_attr: done
Jan 30 06:35:32 localhost kernel: [   25.090049] [VPF chain]:[L279]vio_chain_path_show: [S2] vin0_C0*(dma)
Jan 30 06:35:32 localhost kernel: [   25.090058] [VPF ops]:[L632][vin0_cap][S2] vpf_prepare_buffers: done
Jan 30 06:35:32 localhost kernel: [   25.090063] [VPF ops]:[L1639][vin0_cap][S2][C0] vpf_video_start: done start_cnt 1
Jan 30 06:35:32 localhost kernel: [   25.090072] [L716][S0][ipi0]cim_subdev_start ddr_en and ochn request bufs
Jan 30 06:35:32 localhost kernel: [   25.090085] [L757][S2]cim_subdev_start
Jan 30 06:35:32 localhost kernel: [   25.090090] [CIM]:[L113][S0]cim_video_streamon done ret val:0
Jan 30 06:35:32 localhost kernel: [   25.090097] vin sensor2: sensor_evk_do: wait to doing
Jan 30 06:35:32 localhost kernel: [   25.090747] vin sensor2: sensor_evk_do: done to finish
Jan 30 06:35:32 localhost kernel: [   25.090754] vin sensor2: sensor_start  flow2 start done
Jan 30 06:35:32 localhost kernel: [   25.090759] vin vcon0: sensor2 start real done
Jan 30 06:35:32 localhost kernel: [   25.090765] vin mipi0: start cmd: 0 real
Jan 30 06:35:32 localhost kernel: [   25.090770] vin mipi0: check hs reception
Jan 30 06:35:32 localhost kernel: [   25.094727] ctx_id 0, inst id 0, sensor /app/BestMow/startup_script/sensor_config/darktime/sc132gs_tuning_left.json
Jan 30 06:35:32 localhost kernel: [   25.094739] isp_video_reqbufs done bit_map 0x1 planecount 1 vctx->id:0
Jan 30 06:35:32 localhost kernel: [   25.094744] [VPF ops]:[L1005][vs-isp0_src][C0] vpf_video_set_inter_attr: done
Jan 30 06:35:32 localhost kernel: [   25.094870] [L899][S0][V8] vin_node chn_attr format(24) slod_id(0) width(1088) height(1280) wstride(2176) vstride(1280)
Jan 30 06:35:32 localhost kernel: [   25.094879] isp_allow_bind online_mode=0,bind_type=3
Jan 30 06:35:32 localhost kernel: [   25.094908] [VPF ops]:[L319][S0] vpf_bind_vnode: vin2_cap bind_type(3) vs-isp0_src
Jan 30 06:35:32 localhost kernel: [   25.094913] [VPF ops]:[L2258][flow][C0] vpf_video_bind_vnode: done
Jan 30 06:35:32 localhost kernel: [   25.094928] [VPF chain]:[L279]vio_chain_path_show: [S0] vin2_C0*(dma)-m2m-isp0_C0
Jan 30 06:35:32 localhost kernel: [   25.094935] [VPF ops]:[L632][vs-isp0_cap][S0] vpf_prepare_buffers: done
Jan 30 06:35:32 localhost kernel: [   25.094942] isp_video_streamon inst: 0, set isp state to STARTED
Jan 30 06:35:32 localhost kernel: [   25.097346] [VPF ops]:[L1639][vs-isp0_cap][S0][C0] vpf_video_start: done start_cnt 1
Jan 30 06:35:32 localhost kernel: [   25.097363] [VPF ops]:[L1639][vs-isp0_src][S0][C0] vpf_video_start: done start_cnt 2
Jan 30 06:35:32 localhost kernel: [   25.097378] [VPF ops]:[L632][vin2_cap][S0] vpf_prepare_buffers: done
Jan 30 06:35:32 localhost kernel: [   25.097383] [VPF ops]:[L1639][vin2_cap][S0][C0] vpf_video_start: done start_cnt 1
Jan 30 06:35:32 localhost kernel: [   25.097392] [L716][S0][ipi0]cim_subdev_start ddr_en and ochn request bufs
Jan 30 06:35:32 localhost kernel: [   25.097404] [L757][S0]cim_subdev_start
Jan 30 06:35:32 localhost kernel: [   25.097407] [CIM]:[L113][S0]cim_video_streamon done ret val:0
Jan 30 06:35:32 localhost kernel: [   25.097414] vin sensor0: sensor_evk_do: wait to doing
Jan 30 06:35:32 localhost kernel: [   25.097856] vin sensor0: sensor_evk_do: done to finish
Jan 30 06:35:32 localhost kernel: [   25.097860] vin sensor0: sensor_start sc132gs flow0 start done
Jan 30 06:35:32 localhost kernel: [   25.097864] vin vcon2: sensor0 start real done
Jan 30 06:35:32 localhost kernel: [   25.097870] vin mipi2: start cmd: 0 real
Jan 30 06:35:32 localhost kernel: [   25.097874] vin mipi2: check hs reception
Jan 30 06:35:33 localhost kernel: [   25.256814] vin mipi0: entry hs reception
Jan 30 06:35:33 localhost kernel: [   25.256839] [L1096][S0]vin_node_start done
Jan 30 06:35:33 localhost kernel: [   25.256844] [VIN_NODE]:[L546][C0]vin_node_video_streamon done
Jan 30 06:35:33 localhost kernel: [   25.256848] [VPF ops]:[L1639][vin0_src][S2][C0] vpf_video_start: done start_cnt 2
Jan 30 06:35:33 localhost kernel: [   25.625826] vin mipi2: entry hs reception
Jan 30 06:35:33 localhost kernel: [   25.625856] [L1096][S0]vin_node_start done
Jan 30 06:35:33 localhost kernel: [   25.625862] [VIN_NODE]:[L546][C0]vin_node_video_streamon done
Jan 30 06:35:33 localhost kernel: [   25.625867] [VPF ops]:[L1639][vin2_src][S0][C0] vpf_video_start: done start_cnt 2
Jan 30 06:35:33 localhost kernel: [   25.669594] [VPF mgr]:[L478]empty_camsys_reset: empty function
Jan 30 06:35:33 localhost kernel: [   25.669613] [L1228]cim_open open_cnt :1
Jan 30 06:35:33 localhost kernel: [   25.669618] [CIM]:[L192][S0]cim_video_open done ret val:0
Jan 30 06:35:33 localhost kernel: [   25.669622] [L1227][S0]vin_node_open done
Jan 30 06:35:33 localhost kernel: [   25.669627] [VIN_NODE]:[L694][C0]vin_node_video_open done
Jan 30 06:35:33 localhost kernel: [   25.669630] [VPF ops]:[L2575][vin3_src] vpf_device_open: done
Jan 30 06:35:33 localhost kernel: [   25.669648] [L1228]cim_open open_cnt :2
Jan 30 06:35:33 localhost kernel: [   25.669652] [CIM]:[L192][S0]cim_video_open done ret val:0
Jan 30 06:35:33 localhost kernel: [   25.669655] [L1227][S0]vin_node_open done
Jan 30 06:35:33 localhost kernel: [   25.669658] [VIN_NODE]:[L694][C0]vin_node_video_open done
Jan 30 06:35:33 localhost kernel: [   25.669662] [VPF ops]:[L2575][vin3_cap] vpf_device_open: done
Jan 30 06:35:33 localhost kernel: [   25.669674] [L1228]cim_open open_cnt :3
Jan 30 06:35:33 localhost kernel: [   25.669677] [CIM]:[L192][S0]cim_video_open done ret val:0
Jan 30 06:35:33 localhost kernel: [   25.669681] [L1227][S0]vin_node_open done
Jan 30 06:35:33 localhost kernel: [   25.669684] [VIN_NODE]:[L694][C0]vin_node_video_open done
Jan 30 06:35:33 localhost kernel: [   25.669687] [VPF ops]:[L2575][vin3_emb] vpf_device_open: done
Jan 30 06:35:33 localhost kernel: [   25.669699] [L1228]cim_open open_cnt :4
Jan 30 06:35:33 localhost kernel: [   25.669703] [CIM]:[L192][S0]cim_video_open done ret val:0
Jan 30 06:35:33 localhost kernel: [   25.669706] [L1227][S0]vin_node_open done
Jan 30 06:35:33 localhost kernel: [   25.669710] [VIN_NODE]:[L694][C0]vin_node_video_open done
Jan 30 06:35:33 localhost kernel: [   25.669713] [VPF ops]:[L2575][vin3_pdaf] vpf_device_open: done
Jan 30 06:35:33 localhost kernel: [   25.669723] [VPF ops]:[L439][vin3_src][C0] vpf_vctx_bind_vdev: done, ctx_index(0) refcount(1)
Jan 30 06:35:33 localhost kernel: [   25.669777] [VPF ops]:[L1875][vin3_src][C0] vpf_video_bind_context: done
Jan 30 06:35:33 localhost kernel: [   25.669786] [VPF ops]:[L439][vin3_cap][C0] vpf_vctx_bind_vdev: done, ctx_index(0) refcount(1)
Jan 30 06:35:33 localhost kernel: [   25.669791] [VPF ops]:[L1875][vin3_cap][C0] vpf_video_bind_context: done
Jan 30 06:35:33 localhost kernel: [   25.669797] [VPF ops]:[L439][vin3_emb][C0] vpf_vctx_bind_vdev: done, ctx_index(0) refcount(1)
Jan 30 06:35:33 localhost kernel: [   25.669801] [VPF ops]:[L1875][vin3_emb][C0] vpf_video_bind_context: done
Jan 30 06:35:33 localhost kernel: [   25.669807] [VPF ops]:[L439][vin3_pdaf][C0] vpf_vctx_bind_vdev: done, ctx_index(0) refcount(1)
Jan 30 06:35:33 localhost kernel: [   25.669811] [VPF ops]:[L1875][vin3_pdaf][C0] vpf_video_bind_context: done
Jan 30 06:35:33 localhost kernel: [   25.669816] [VIN_NODE]:[L38]The vin node driver version is v1.1
Jan 30 06:35:33 localhost kernel: [   25.669820] [VPF ops]:[L1031][vin3_src][C0] vpf_video_get_version: done
Jan 30 06:35:33 localhost kernel: [   25.669830] [VPF ops]:[L1079][vin3_src][C0] vpf_video_get_struct_size: done
Jan 30 06:35:33 localhost kernel: [   25.669840] [CIM]:[L247][C0]cim_video_set_attr done ret val:0
Jan 30 06:35:33 localhost kernel: [   25.669844] [L423][C0] vin_node_set_attr ipi 0 done
Jan 30 06:35:33 localhost kernel: [   25.669847] [VIN_NODE]:[L239][C0]vin_node_video_set_attr done
Jan 30 06:35:33 localhost kernel: [   25.669851] [VPF ops]:[L689][vin3_cap][C0] vpf_video_set_init_attr: done
Jan 30 06:35:33 localhost kernel: [   25.669859] vin vcon3: vcon3 open 0: flow65535 ctx0 real
Jan 30 06:35:33 localhost kernel: [   25.669865] [L624][S65535][C0][ipi0]cim_subdev_init hw_id = 3
Jan 30 06:35:33 localhost kernel: [   25.669869] [CIM]:[L247][C0]cim_video_set_attr done ret val:0
Jan 30 06:35:33 localhost kernel: [   25.669874] vin vcon3: get attr valid bus7 rx3 done
Jan 30 06:35:33 localhost kernel: [   25.669879] [L423][C0] vin_node_set_attr ipi 0 done
Jan 30 06:35:33 localhost kernel: [   25.669882] [VIN_NODE]:[L239][C0]vin_node_video_set_attr done
Jan 30 06:35:33 localhost kernel: [   25.669885] [VIO node]:[L104][vin3] vio_group_task_start: sched_mode 1
Jan 30 06:35:33 localhost kernel: [   25.669889] [VPF ops]:[L689][vin3_src][C0] vpf_video_set_init_attr: done
Jan 30 06:35:33 localhost kernel: [   25.669894] [CIM]:[L247][C0]cim_video_set_attr done ret val:0
Jan 30 06:35:33 localhost kernel: [   25.669898] [L423][C0] vin_node_set_attr ipi 0 done
Jan 30 06:35:33 localhost kernel: [   25.669901] [VIN_NODE]:[L239][C0]vin_node_video_set_attr done
Jan 30 06:35:33 localhost kernel: [   25.669904] [VPF ops]:[L689][vin3_emb][C0] vpf_video_set_init_attr: done
Jan 30 06:35:33 localhost kernel: [   25.669909] [CIM]:[L247][C0]cim_video_set_attr done ret val:0
Jan 30 06:35:33 localhost kernel: [   25.669912] [L423][C0] vin_node_set_attr ipi 0 done
Jan 30 06:35:33 localhost kernel: [   25.669916] [VIN_NODE]:[L239][C0]vin_node_video_set_attr done
Jan 30 06:35:33 localhost kernel: [   25.669919] [VPF ops]:[L689][vin3_pdaf][C0] vpf_video_set_init_attr: done
Jan 30 06:35:33 localhost kernel: [   25.669924] [VPF ops]:[L1079][vin3_src][C0] vpf_video_get_struct_size: done
Jan 30 06:35:33 localhost kernel: [   25.669930] [L709][S65535] vin_node_set_ichn_attr begin format 43 width 1088 
Jan 30 06:35:33 localhost kernel: [   25.669938] [L527][S0][ipi0]cim_set_ichn_attr done
Jan 30 06:35:33 localhost kernel: [   25.669942] [CIM]:[L309][S0]cim_video_set_ichn_attr done ret val:0
Jan 30 06:35:33 localhost kernel: [   25.669946] [L724][S0]vin_node_set_ichn_attr done
Jan 30 06:35:33 localhost kernel: [   25.669949] [VIN_NODE]:[L427][C0]vin_node_video_set_ichn_attr done
Jan 30 06:35:33 localhost kernel: [   25.669954] [L1023][S0] vin_node_reqbufs done bit_map 0x1 planecount 1 
Jan 30 06:35:33 localhost kernel: [   25.669959] [VIN_NODE]:[L743][C0]vin_node_video_reqbufs done
Jan 30 06:35:33 localhost kernel: [   25.669974] [VPF ops]:[L1193][F0] vpf_fill_frame_info: L0 use width instead of wstride
Jan 30 06:35:33 localhost kernel: [   25.669979] [VPF ops]:[L1197][F0] vpf_fill_frame_info: L0 use height instead of vstride
Jan 30 06:35:33 localhost kernel: [   25.669984] [VPF ops]:[L1193][F1] vpf_fill_frame_info: L0 use width instead of wstride
Jan 30 06:35:33 localhost kernel: [   25.669987] [VPF ops]:[L1197][F1] vpf_fill_frame_info: L0 use height instead of vstride
Jan 30 06:35:33 localhost kernel: [   25.669991] [VPF ops]:[L1193][F2] vpf_fill_frame_info: L0 use width instead of wstride
Jan 30 06:35:33 localhost kernel: [   25.669995] [VPF ops]:[L1197][F2] vpf_fill_frame_info: L0 use height instead of vstride
Jan 30 06:35:33 localhost kernel: [   25.669999] [VPF ops]:[L1193][F3] vpf_fill_frame_info: L0 use width instead of wstride
Jan 30 06:35:33 localhost kernel: [   25.670003] [VPF ops]:[L1197][F3] vpf_fill_frame_info: L0 use height instead of vstride
Jan 30 06:35:33 localhost kernel: [   25.670007] [VPF ops]:[L1193][F4] vpf_fill_frame_info: L0 use width instead of wstride
Jan 30 06:35:33 localhost kernel: [   25.670011] [VPF ops]:[L1197][F4] vpf_fill_frame_info: L0 use height instead of vstride
Jan 30 06:35:33 localhost kernel: [   25.670015] [VPF ops]:[L1193][F5] vpf_fill_frame_info: L0 use width instead of wstride
Jan 30 06:35:33 localhost kernel: [   25.670019] [VPF ops]:[L1197][F5] vpf_fill_frame_info: L0 use height instead of vstride
Jan 30 06:35:33 localhost kernel: [   25.670023] [VPF ops]:[L1193][F6] vpf_fill_frame_info: L0 use width instead of wstride
Jan 30 06:35:33 localhost kernel: [   25.670026] [VPF ops]:[L1197][F6] vpf_fill_frame_info: L0 use height instead of vstride
Jan 30 06:35:33 localhost kernel: [   25.670030] [VPF ops]:[L1193][F7] vpf_fill_frame_info: L0 use width instead of wstride
Jan 30 06:35:33 localhost kernel: [   25.670034] [VPF ops]:[L1197][F7] vpf_fill_frame_info: L0 use height instead of vstride
Jan 30 06:35:33 localhost kernel: [   25.670038] [VPF ops]:[L1193][F8] vpf_fill_frame_info: L0 use width instead of wstride
Jan 30 06:35:33 localhost kernel: [   25.670042] [VPF ops]:[L1197][F8] vpf_fill_frame_info: L0 use height instead of vstride
Jan 30 06:35:33 localhost kernel: [   25.670045] [VPF ops]:[L1193][F9] vpf_fill_frame_info: L0 use width instead of wstride
Jan 30 06:35:33 localhost kernel: [   25.670049] [VPF ops]:[L1197][F9] vpf_fill_frame_info: L0 use height instead of vstride
Jan 30 06:35:33 localhost kernel: [   25.670053] [VPF ops]:[L1193][F10] vpf_fill_frame_info: L0 use width instead of wstride
Jan 30 06:35:33 localhost kernel: [   25.670057] [VPF ops]:[L1197][F10] vpf_fill_frame_info: L0 use height instead of vstride
Jan 30 06:35:33 localhost kernel: [   25.670061] [VPF ops]:[L1193][F11] vpf_fill_frame_info: L0 use width instead of wstride
Jan 30 06:35:33 localhost kernel: [   25.670064] [VPF ops]:[L1197][F11] vpf_fill_frame_info: L0 use height instead of vstride
Jan 30 06:35:33 localhost kernel: [   25.670068] [VPF ops]:[L1193][F12] vpf_fill_frame_info: L0 use width instead of wstride
Jan 30 06:35:33 localhost kernel: [   25.670072] [VPF ops]:[L1197][F12] vpf_fill_frame_info: L0 use height instead of vstride
Jan 30 06:35:33 localhost kernel: [   25.670075] [VPF ops]:[L1193][F13] vpf_fill_frame_info: L0 use width instead of wstride
Jan 30 06:35:33 localhost kernel: [   25.670079] [VPF ops]:[L1197][F13] vpf_fill_frame_info: L0 use height instead of vstride
Jan 30 06:35:33 localhost kernel: [   25.670083] [VPF ops]:[L1193][F14] vpf_fill_frame_info: L0 use width instead of wstride
Jan 30 06:35:33 localhost kernel: [   25.670086] [VPF ops]:[L1197][F14] vpf_fill_frame_info: L0 use height instead of vstride
Jan 30 06:35:33 localhost kernel: [   25.670090] [VPF ops]:[L1193][F15] vpf_fill_frame_info: L0 use width instead of wstride
Jan 30 06:35:33 localhost kernel: [   25.670094] [VPF ops]:[L1197][F15] vpf_fill_frame_info: L0 use height instead of vstride
Jan 30 06:35:33 localhost kernel: [   25.670097] [VPF ops]:[L1325][vin3_src][C0] vpf_request_frames: reqbuf number 16
Jan 30 06:35:33 localhost kernel: [   25.670102] [VPF ops]:[L850][vin3_src][C0] vpf_video_set_ichn_attr: done
Jan 30 06:35:33 localhost kernel: [   25.670108] [VPF ops]:[L1079][vin3_src][C0] vpf_video_get_struct_size: done
Jan 30 06:35:33 localhost kernel: [   25.670116] [L236][S0] ochn0 auto calc vstride 1280
Jan 30 06:35:33 localhost kernel: [   25.670120] [L160]vin_basic_attr->format:43
Jan 30 06:35:33 localhost kernel: [   25.670125] [L425][S0][ipi0][ochn0]cim_set_ochn_attr done
Jan 30 06:35:33 localhost kernel: [   25.670129] [CIM]:[L340][S0]cim_video_set_ochn_attr done ret val:0
Jan 30 06:35:33 localhost kernel: [   25.670132] [L652][S0]vin_node_set_ochn_attr done
Jan 30 06:35:33 localhost kernel: [   25.670136] [VIN_NODE]:[L364][C0]vin_node_video_set_ochn_attr done
Jan 30 06:35:33 localhost kernel: [   25.670140] [L975]VNODE_ID_CAP wstride 2176
Jan 30 06:35:33 localhost kernel: [   25.670143] [L977]VNODE_ID_CAP vstride 1280
Jan 30 06:35:33 localhost kernel: [   25.670146] [L981]vstride 1280  planecount 1 
Jan 30 06:35:33 localhost kernel: [   25.670150] [L1023][S0] vin_node_reqbufs done bit_map 0x1 planecount 1 
Jan 30 06:35:33 localhost kernel: [   25.670153] [VIN_NODE]:[L743][C0]vin_node_video_reqbufs done
Jan 30 06:35:33 localhost kernel: [   25.670164] [VPF ops]:[L1325][vin3_cap][C0] vpf_request_frames: reqbuf number 16
Jan 30 06:35:33 localhost kernel: [   25.670169] [VPF ops]:[L978][vin3_cap][C0] vpf_video_set_ochn_attr: done
Jan 30 06:35:33 localhost kernel: [   25.670176] [VPF ops]:[L1079][vin3_src][C0] vpf_video_get_struct_size: done
Jan 30 06:35:33 localhost kernel: [   25.670189] vin mipi3: snrclk set freq cmd
Jan 30 06:35:33 localhost kernel: [   25.670204] vin mipi3: sensor3_mclk set 24000000 as 24000000
Jan 30 06:35:33 localhost kernel: [   25.670209] vin mipi3: snrclk set en cmd
Jan 30 06:35:33 localhost kernel: [   25.670212] vin mipi3: snrclk set enable
Jan 30 06:35:33 localhost kernel: [   25.670230] [L517][S0]vin_node_set_attr_ex done
Jan 30 06:35:33 localhost kernel: [   25.670234] [VIN_NODE]:[L324][C0]vin_node_video_set_attr_ex done
Jan 30 06:35:33 localhost kernel: [   25.670237] [VPF ops]:[L763][vin3_src][C0] vpf_video_set_attr_ex: done
Jan 30 06:35:33 localhost kernel: [   25.670243] [L517][S0]vin_node_set_attr_ex done
Jan 30 06:35:33 localhost kernel: [   25.670246] [VIN_NODE]:[L324][C0]vin_node_video_set_attr_ex done
Jan 30 06:35:33 localhost kernel: [   25.670249] [VPF ops]:[L763][vin3_cap][C0] vpf_video_set_attr_ex: done
Jan 30 06:35:33 localhost kernel: [   25.670256] [L975]VNODE_ID_CAP wstride 2176
Jan 30 06:35:33 localhost kernel: [   25.670259] [L977]VNODE_ID_CAP vstride 1280
Jan 30 06:35:33 localhost kernel: [   25.670262] [L981]vstride 1280  planecount 1 
Jan 30 06:35:33 localhost kernel: [   25.670265] [L1023][S0] vin_node_reqbufs done bit_map 0x1 planecount 1 
Jan 30 06:35:33 localhost kernel: [   25.670268] [VIN_NODE]:[L743][C0]vin_node_video_reqbufs done
Jan 30 06:35:33 localhost kernel: [   25.670279] [VPF ops]:[L1325][vin3_cap][C0] vpf_request_frames: reqbuf number 3
Jan 30 06:35:33 localhost kernel: [   25.670400] [VPF ops]:[L1464][vin3_cap][C0] vpf_video_reqbufs: done
Jan 30 06:35:33 localhost kernel: [   25.670419] [VPF ops]:[L2066][vin3_cap][C0] vpf_video_querybuf: done
Jan 30 06:35:33 localhost kernel: [   25.670576] [VPF ops]:[L2066][vin3_cap][C0] vpf_video_querybuf: done
Jan 30 06:35:33 localhost kernel: [   25.670680] [VPF ops]:[L2066][vin3_cap][C0] vpf_video_querybuf: done
Jan 30 06:35:33 localhost kernel: [   25.670782] [VPF ops]:[L2575][vs-isp0_src] vpf_device_open: done
Jan 30 06:35:33 localhost kernel: [   25.670800] [VPF ops]:[L2575][vs-isp0_src_pd] vpf_device_open: done
Jan 30 06:35:33 localhost kernel: [   25.670814] [VPF ops]:[L2575][vs-isp0_cap] vpf_device_open: done
Jan 30 06:35:33 localhost kernel: [   25.670825] [VPF ops]:[L2575][vs-isp0_cap_raw] vpf_device_open: done
Jan 30 06:35:33 localhost kernel: [   25.670834] [VPF ops]:[L439][vs-isp0_src][C1] vpf_vctx_bind_vdev: done, ctx_index(0) refcount(1)
Jan 30 06:35:33 localhost kernel: [   25.670842] [VPF ops]:[L1875][vs-isp0_src][C1] vpf_video_bind_context: done
Jan 30 06:35:33 localhost kernel: [   25.670848] [VPF ops]:[L439][vs-isp0_src_pd][C1] vpf_vctx_bind_vdev: done, ctx_index(0) refcount(1)
Jan 30 06:35:33 localhost kernel: [   25.670853] [VPF ops]:[L1875][vs-isp0_src_pd][C1] vpf_video_bind_context: done
Jan 30 06:35:33 localhost kernel: [   25.670858] [VPF ops]:[L439][vs-isp0_cap][C1] vpf_vctx_bind_vdev: done, ctx_index(0) refcount(1)
Jan 30 06:35:33 localhost kernel: [   25.670863] [VPF ops]:[L1875][vs-isp0_cap][C1] vpf_video_bind_context: done
Jan 30 06:35:33 localhost kernel: [   25.670868] [VPF ops]:[L439][vs-isp0_cap_raw][C1] vpf_vctx_bind_vdev: done, ctx_index(0) refcount(1)
Jan 30 06:35:33 localhost kernel: [   25.670873] [VPF ops]:[L1875][vs-isp0_cap_raw][C1] vpf_video_bind_context: done
Jan 30 06:35:33 localhost kernel: [   25.670881] [VPF ops]:[L1079][vs-isp0_src][C1] vpf_video_get_struct_size: done
Jan 30 06:35:33 localhost kernel: [   25.671534] [VPF ops]:[L689][vs-isp0_cap][C1] vpf_video_set_init_attr: done
Jan 30 06:35:33 localhost kernel: [   25.674594] [VPF ops]:[L689][vs-isp0_src][C1] vpf_video_set_init_attr: done
Jan 30 06:35:33 localhost kernel: [   25.674624] [VPF ops]:[L689][vs-isp0_src_pd][C1] vpf_video_set_init_attr: done
Jan 30 06:35:33 localhost kernel: [   25.674631] [VPF ops]:[L689][vs-isp0_cap_raw][C1] vpf_video_set_init_attr: done
Jan 30 06:35:33 localhost kernel: [   25.674645] [VPF ops]:[L1079][vs-isp0_src][C1] vpf_video_get_struct_size: done
Jan 30 06:35:33 localhost kernel: [   25.674659] isp_set_ochn_attr format=6,width=1088,stride=1088,height=1280
Jan 30 06:35:33 localhost kernel: [   25.674721] isp_video_reqbufs done bit_map 0x1 planecount 2 vctx->id:8
Jan 30 06:35:33 localhost kernel: [   25.674739] [VPF ops]:[L1325][vs-isp0_cap][C1] vpf_request_frames: reqbuf number 16
Jan 30 06:35:33 localhost kernel: [   25.674745] [VPF ops]:[L978][vs-isp0_cap][C1] vpf_video_set_ochn_attr: done
Jan 30 06:35:33 localhost kernel: [   25.674754] [VPF ops]:[L1079][vs-isp0_src][C1] vpf_video_get_struct_size: done
Jan 30 06:35:33 localhost kernel: [   25.674762] isp_video_set_ichn_attr format=2,width=1088,stride=2176,height=1280,hdr_en=0
Jan 30 06:35:33 localhost kernel: [   25.674892] isp_video_reqbufs done bit_map 0x1 planecount 1 vctx->id:0
Jan 30 06:35:33 localhost kernel: [   25.674907] [VPF ops]:[L1325][vs-isp0_src][C1] vpf_request_frames: reqbuf number 16
Jan 30 06:35:33 localhost kernel: [   25.674912] [VPF ops]:[L850][vs-isp0_src][C1] vpf_video_set_ichn_attr: done
Jan 30 06:35:33 localhost kernel: [   25.674924] isp_video_reqbufs done bit_map 0x1 planecount 2 vctx->id:8
Jan 30 06:35:33 localhost kernel: [   25.674935] [VPF ops]:[L1325][vs-isp0_cap][C1] vpf_request_frames: reqbuf number 3
Jan 30 06:35:33 localhost kernel: [   25.675050] [VPF ops]:[L1464][vs-isp0_cap][C1] vpf_video_reqbufs: done
Jan 30 06:35:33 localhost kernel: [   25.675084] [VPF ops]:[L2066][vs-isp0_cap][C1] vpf_video_querybuf: done
Jan 30 06:35:33 localhost kernel: [   25.675225] [VPF ops]:[L2066][vs-isp0_cap][C1] vpf_video_querybuf: done
Jan 30 06:35:33 localhost kernel: [   25.675319] [VPF ops]:[L2066][vs-isp0_cap][C1] vpf_video_querybuf: done
Jan 30 06:35:33 localhost kernel: [   25.675419] [VPF ops]:[L2575][flow] vpf_device_open: done
Jan 30 06:35:33 localhost kernel: [   25.675431] [VPF ops]:[L1031][flow][C0] vpf_video_get_version: done
Jan 30 06:35:33 localhost kernel: [   25.675438] [VPF ops]:[L360][S3] vpf_bind_chain: bind done
Jan 30 06:35:33 localhost kernel: [   25.675452] [VPF ops]:[L2223][flow][C3] vpf_video_bind_pipeline: done
Jan 30 06:35:33 localhost kernel: [   25.675464] [VPF ops]:[L1685][vin3_src][S3][C0] vpf_chain_add_vnode: done
Jan 30 06:35:33 localhost kernel: [   25.675469] [VPF ops]:[L1825][vin3_src][C0] vpf_video_add_vnode: done
Jan 30 06:35:33 localhost kernel: [   25.675476] [VPF ops]:[L1685][vs-isp0_src][S3][C1] vpf_chain_add_vnode: done
Jan 30 06:35:33 localhost kernel: [   25.675481] [VPF ops]:[L1825][vs-isp0_src][C1] vpf_video_add_vnode: done
Jan 30 06:35:33 localhost kernel: [   25.675707] [CIM]:[L419][S0]cim_video_get_attr done ret val:0
Jan 30 06:35:33 localhost kernel: [   25.675718] vin vcon3: get attr valid bus7 rx3 done
Jan 30 06:35:33 localhost kernel: [   25.675723] [L306][S0]vin_node_get_attr done
Jan 30 06:35:33 localhost kernel: [   25.675727] [VIN_NODE]:[L286][C0]vin_node_video_get_attr done
Jan 30 06:35:33 localhost kernel: [   25.675850] vin sensor3: camera_init_req cmd: initing
Jan 30 06:35:33 localhost kernel: [   25.939454] vin sensor3: sc132gs open i2c7@0x33
Jan 30 06:35:33 localhost kernel: [   25.939475] vin sensor3: camera_tuning_update_param done
Jan 30 06:35:33 localhost kernel: [   25.939816] vin sensor3: ctrl_mode set to user
Jan 30 06:35:33 localhost kernel: [   25.939923] vin sensor3: camera_init_result cmd: done wake
Jan 30 06:35:33 localhost kernel: [   25.939977] vin sensor3: camera_set_intrinsic_param port 3 done
Jan 30 06:35:33 localhost kernel: [   25.940004] vin sensor3: sensor_evu_do: default to wait
Jan 30 06:35:33 localhost kernel: [   25.940016] vin sensor3: sensor_attach flow3 ctx0 to sensor3 sc132gs
Jan 30 06:35:33 localhost kernel: [   25.940023] vin vcon3: flow3.ctx0 attach sensor3 done
Jan 30 06:35:33 localhost kernel: [   25.940027] vin vcon3: set internal attr attach done
Jan 30 06:35:33 localhost kernel: [   25.940042] vin mipi3: init cmd: 0 real
Jan 30 06:35:33 localhost kernel: [   25.940050] vin mipi3: 1 lane 1088x1280 30fps datatype 0x2b
Jan 30 06:35:33 localhost kernel: [   25.940056] vin mipi3: snrclk set disable
Jan 30 06:35:33 localhost kernel: [   25.940077] vin mipi3: ipiclk limit 21000000 up to 600000000
Jan 30 06:35:33 localhost kernel: [   25.940091] vin mipi3: ipiclk set 600000000 get 600000000
Jan 30 06:35:33 localhost kernel: [   25.940096] vin mipi3: dphy 1200Mbps/1lane: ppi 8bit settle 20
Jan 30 06:35:33 localhost kernel: [   25.973126] vin mipi3: linelenth: 1400, framelenth: 1500, fps: 30, ipiclk: 600000000, rx_bit_clk: 1200000000
Jan 30 06:35:33 localhost kernel: [   25.973137] vin mipi3: ipi config hsa: 4, hbp: 4, hsd: 42
Jan 30 06:35:33 localhost kernel: [   25.973144] vin mipi3: config 1/1 ipi done
Jan 30 06:35:33 localhost kernel: [   25.973148] vin mipi3: check phy stop state
Jan 30 06:35:33 localhost kernel: [   25.973155] [L587][S0]vin_node_set_internal_attr done
Jan 30 06:35:33 localhost kernel: [   25.973159] [VIN_NODE]:[L514][C0]vin_node_video_set_internal_attr done
Jan 30 06:35:33 localhost kernel: [   25.973166] [L1023][S0] vin_node_reqbufs done bit_map 0x1 planecount 1 
Jan 30 06:35:33 localhost kernel: [   25.973170] [VIN_NODE]:[L743][C0]vin_node_video_reqbufs done
Jan 30 06:35:33 localhost kernel: [   25.973174] [VPF ops]:[L1005][vin3_src][C0] vpf_video_set_inter_attr: done
Jan 30 06:35:33 localhost kernel: [   25.973192] isp_video_set_inter_attr flow_id = 3, sensor_name = sc132gs, sensor_cali_name = /app/BestMow/startup_script/sensor_config/darktime/sc132gs_tuning_right.json
Jan 30 06:35:33 localhost kernel: [   25.983575] dw-apb-uart 34090000.serial: failed to request DMA
Jan 30 06:35:33 localhost kernel: [   26.150258] dw-apb-uart 34080000.serial: failed to request DMA
Jan 30 06:35:34 localhost kernel: [   26.274713] ctx_id 1, inst id 1, sensor /app/BestMow/startup_script/sensor_config/darktime/sc132gs_tuning_right.json
Jan 30 06:35:34 localhost kernel: [   26.274736] isp_video_reqbufs done bit_map 0x1 planecount 1 vctx->id:0
Jan 30 06:35:34 localhost kernel: [   26.274743] [VPF ops]:[L1005][vs-isp0_src][C1] vpf_video_set_inter_attr: done
Jan 30 06:35:34 localhost kernel: [   26.274805] [L899][S0][V8] vin_node chn_attr format(24) slod_id(0) width(1088) height(1280) wstride(2176) vstride(1280)
Jan 30 06:35:34 localhost kernel: [   26.274814] isp_allow_bind online_mode=0,bind_type=3
Jan 30 06:35:34 localhost kernel: [   26.274847] [VPF ops]:[L319][S3] vpf_bind_vnode: vin3_cap bind_type(3) vs-isp0_src
Jan 30 06:35:34 localhost kernel: [   26.274852] [VPF ops]:[L2258][flow][C3] vpf_video_bind_vnode: done
Jan 30 06:35:34 localhost kernel: [   26.274868] [VPF chain]:[L279]vio_chain_path_show: [S3] vin3_C0*(dma)-m2m-isp0_C1
Jan 30 06:35:34 localhost kernel: [   26.274877] [VPF ops]:[L632][vs-isp0_cap][S3] vpf_prepare_buffers: done
Jan 30 06:35:34 localhost kernel: [   26.274885] isp_video_streamon inst: 1, set isp state to STARTED
Jan 30 06:35:34 localhost kernel: [   26.277378] [VPF ops]:[L1639][vs-isp0_cap][S3][C1] vpf_video_start: done start_cnt 1
Jan 30 06:35:34 localhost kernel: [   26.277413] [VPF ops]:[L1639][vs-isp0_src][S3][C1] vpf_video_start: done start_cnt 2
Jan 30 06:35:34 localhost kernel: [   26.277432] [VPF ops]:[L632][vin3_cap][S3] vpf_prepare_buffers: done
Jan 30 06:35:34 localhost kernel: [   26.277437] [VPF ops]:[L1639][vin3_cap][S3][C0] vpf_video_start: done start_cnt 1
Jan 30 06:35:34 localhost kernel: [   26.277447] [L716][S0][ipi0]cim_subdev_start ddr_en and ochn request bufs
Jan 30 06:35:34 localhost kernel: [   26.277462] [L757][S3]cim_subdev_start
Jan 30 06:35:34 localhost kernel: [   26.277466] [CIM]:[L113][S0]cim_video_streamon done ret val:0
Jan 30 06:35:34 localhost kernel: [   26.277475] vin sensor3: sensor_evk_do: wait to doing
Jan 30 06:35:34 localhost kernel: [   26.277933] vin sensor3: sensor_evk_do: done to finish
Jan 30 06:35:34 localhost kernel: [   26.277940] vin sensor3: sensor_start sc132gs flow3 start done
Jan 30 06:35:34 localhost kernel: [   26.277944] vin vcon3: sensor3 start real done
Jan 30 06:35:34 localhost kernel: [   26.277952] vin mipi3: start cmd: 0 real
Jan 30 06:35:34 localhost kernel: [   26.277956] vin mipi3: check hs reception
Jan 30 06:35:34 localhost kernel: [   26.291964] vin mipi3: entry hs reception
Jan 30 06:35:34 localhost kernel: [   26.291988] [L1096][S0]vin_node_start done
Jan 30 06:35:34 localhost kernel: [   26.291994] [VIN_NODE]:[L546][C0]vin_node_video_streamon done
Jan 30 06:35:34 localhost kernel: [   26.291998] [VPF ops]:[L1639][vin3_src][S3][C0] vpf_video_start: done start_cnt 2
Jan 30 06:35:35 localhost kernel: [   27.839241] hobot_jpu_dev: [JPUDRV]jpu_alloc_instance_id:1821: [-]JDI_IOCTL_ALLOCATE_INSTANCE_ID id = 0, current_pid=2105, tgid=1876
Jan 30 06:35:35 localhost kernel: [   27.846339] hobot_jpu_dev: [JPUDRV]jpu_alloc_instance_id:1821: [-]JDI_IOCTL_ALLOCATE_INSTANCE_ID id = 1, current_pid=2105, tgid=1876
Jan 30 06:35:35 localhost kernel: [   27.853505] [GDC ops]:[L87][gdc0_src][C0] gdc_subdev_open: cnt 1
Jan 30 06:35:35 localhost kernel: [   27.853527] [VPF ops]:[L2575][gdc0_src] vpf_device_open: done
Jan 30 06:35:35 localhost kernel: [   27.853544] [GDC ops]:[L87][gdc0_cap][C0] gdc_subdev_open: cnt 2
Jan 30 06:35:35 localhost kernel: [   27.853549] [VPF ops]:[L2575][gdc0_cap] vpf_device_open: done
Jan 30 06:35:35 localhost kernel: [   27.853557] [VPF ops]:[L1031][gdc0_src][C0] vpf_video_get_version: done
Jan 30 06:35:35 localhost kernel: [   27.853565] [VPF ops]:[L439][gdc0_src][C0] vpf_vctx_bind_vdev: done, ctx_index(0) refcount(1)
Jan 30 06:35:35 localhost kernel: [   27.853573] [VPF ops]:[L1875][gdc0_src][C0] vpf_video_bind_context: done
Jan 30 06:35:35 localhost kernel: [   27.853578] [VPF ops]:[L439][gdc0_cap][C0] vpf_vctx_bind_vdev: done, ctx_index(0) refcount(1)
Jan 30 06:35:35 localhost kernel: [   27.853583] [VPF ops]:[L1875][gdc0_cap][C0] vpf_video_bind_context: done
Jan 30 06:35:35 localhost kernel: [   27.853608] [VPF ops]:[L1079][gdc0_src][C0] vpf_video_get_struct_size: done
Jan 30 06:35:35 localhost kernel: [   27.853615] [VPF ops]:[L689][gdc0_cap][C0] vpf_video_set_init_attr: done
Jan 30 06:35:35 localhost kernel: [   27.853637] [VIO node]:[L104][gdc0] vio_group_task_start: sched_mode 1
Jan 30 06:35:35 localhost kernel: [   27.853642] [VPF ops]:[L689][gdc0_src][C0] vpf_video_set_init_attr: done
Jan 30 06:35:35 localhost kernel: [   27.853658] [VPF ops]:[L1079][gdc0_src][C0] vpf_video_get_struct_size: done
Jan 30 06:35:35 localhost kernel: [   27.853678] [VPF ops]:[L1325][gdc0_src][C0] vpf_request_frames: reqbuf number 16
Jan 30 06:35:35 localhost kernel: [   27.853684] [VPF ops]:[L850][gdc0_src][C0] vpf_video_set_ichn_attr: done
Jan 30 06:35:35 localhost kernel: [   27.853703] [VPF ops]:[L1079][gdc0_src][C0] vpf_video_get_struct_size: done
Jan 30 06:35:35 localhost kernel: [   27.853722] [VPF ops]:[L1325][gdc0_cap][C0] vpf_request_frames: reqbuf number 16
Jan 30 06:35:35 localhost kernel: [   27.853727] [VPF ops]:[L978][gdc0_cap][C0] vpf_video_set_ochn_attr: done
Jan 30 06:35:35 localhost kernel: [   27.853756] [VPF ops]:[L1325][gdc0_cap][C0] vpf_request_frames: reqbuf number 3
Jan 30 06:35:35 localhost kernel: [   27.853846] [VPF ops]:[L1464][gdc0_cap][C0] vpf_video_reqbufs: done
Jan 30 06:35:35 localhost kernel: [   27.853864] [VPF ops]:[L2066][gdc0_cap][C0] vpf_video_querybuf: done
Jan 30 06:35:35 localhost kernel: [   27.854002] [VPF ops]:[L2066][gdc0_cap][C0] vpf_video_querybuf: done
Jan 30 06:35:35 localhost kernel: [   27.854094] [VPF ops]:[L2066][gdc0_cap][C0] vpf_video_querybuf: done
Jan 30 06:35:35 localhost kernel: [   27.854226] [VPF ops]:[L2575][flow] vpf_device_open: done
Jan 30 06:35:35 localhost kernel: [   27.854238] [VPF ops]:[L1031][flow][C0] vpf_video_get_version: done
Jan 30 06:35:35 localhost kernel: [   27.854245] [VPF ops]:[L360][S4] vpf_bind_chain: bind done
Jan 30 06:35:35 localhost kernel: [   27.854258] [VPF ops]:[L2223][flow][C4] vpf_video_bind_pipeline: done
Jan 30 06:35:35 localhost kernel: [   27.854292] [VPF ops]:[L1685][gdc0_src][S4][C0] vpf_chain_add_vnode: done
Jan 30 06:35:35 localhost kernel: [   27.854298] [VPF ops]:[L1825][gdc0_src][C0] vpf_video_add_vnode: done
Jan 30 06:35:35 localhost kernel: [   27.854321] [VPF chain]:[L279]vio_chain_path_show: [S4] gdc0_C0
Jan 30 06:35:35 localhost kernel: [   27.854328] [VPF ops]:[L632][gdc0_cap][S4] vpf_prepare_buffers: done
Jan 30 06:35:35 localhost kernel: [   27.854334] [GDC dev]:[L398][gdc0_cap][S4][C0] gdc_video_streamon leader 0
Jan 30 06:35:35 localhost kernel: [   27.854338] [VPF ops]:[L1639][gdc0_cap][S4][C0] vpf_video_start: done start_cnt 1
Jan 30 06:35:35 localhost kernel: [   27.854345] [GDC dev]:[L398][gdc0_src][S4][C0] gdc_video_streamon leader 1
Jan 30 06:35:35 localhost kernel: [   27.854349] [VPF ops]:[L1639][gdc0_src][S4][C0] vpf_video_start: done start_cnt 2
Jan 30 06:35:35 localhost kernel: [   27.855014] [GDC ops]:[L87][gdc0_src][C0] gdc_subdev_open: cnt 3
Jan 30 06:35:35 localhost kernel: [   27.855030] [VPF ops]:[L2575][gdc0_src] vpf_device_open: done
Jan 30 06:35:35 localhost kernel: [   27.855049] [GDC ops]:[L87][gdc0_cap][C0] gdc_subdev_open: cnt 4
Jan 30 06:35:35 localhost kernel: [   27.855054] [VPF ops]:[L2575][gdc0_cap] vpf_device_open: done
Jan 30 06:35:35 localhost kernel: [   27.855062] [VPF ops]:[L1031][gdc0_src][C0] vpf_video_get_version: done
Jan 30 06:35:35 localhost kernel: [   27.855071] [VPF ops]:[L439][gdc0_src][C1] vpf_vctx_bind_vdev: done, ctx_index(0) refcount(1)
Jan 30 06:35:35 localhost kernel: [   27.855078] [VPF ops]:[L1875][gdc0_src][C1] vpf_video_bind_context: done
Jan 30 06:35:35 localhost kernel: [   27.855083] [VPF ops]:[L439][gdc0_cap][C1] vpf_vctx_bind_vdev: done, ctx_index(0) refcount(1)
Jan 30 06:35:35 localhost kernel: [   27.855088] [VPF ops]:[L1875][gdc0_cap][C1] vpf_video_bind_context: done
Jan 30 06:35:35 localhost kernel: [   27.860648] [VPF ops]:[L1079][gdc0_src][C1] vpf_video_get_struct_size: done
Jan 30 06:35:35 localhost kernel: [   27.860669] [VPF ops]:[L689][gdc0_cap][C1] vpf_video_set_init_attr: done
Jan 30 06:35:35 localhost kernel: [   27.860696] [VPF ops]:[L689][gdc0_src][C1] vpf_video_set_init_attr: done
Jan 30 06:35:35 localhost kernel: [   27.860702] [VPF ops]:[L1079][gdc0_src][C1] vpf_video_get_struct_size: done
Jan 30 06:35:35 localhost kernel: [   27.860721] [VPF ops]:[L1325][gdc0_src][C1] vpf_request_frames: reqbuf number 16
Jan 30 06:35:35 localhost kernel: [   27.860727] [VPF ops]:[L850][gdc0_src][C1] vpf_video_set_ichn_attr: done
Jan 30 06:35:35 localhost kernel: [   27.860735] [VPF ops]:[L1079][gdc0_src][C1] vpf_video_get_struct_size: done
Jan 30 06:35:35 localhost kernel: [   27.860748] [VPF ops]:[L1325][gdc0_cap][C1] vpf_request_frames: reqbuf number 16
Jan 30 06:35:35 localhost kernel: [   27.860753] [VPF ops]:[L978][gdc0_cap][C1] vpf_video_set_ochn_attr: done
Jan 30 06:35:35 localhost kernel: [   27.860781] [VPF ops]:[L1325][gdc0_cap][C1] vpf_request_frames: reqbuf number 3
Jan 30 06:35:35 localhost kernel: [   27.860879] [VPF ops]:[L1464][gdc0_cap][C1] vpf_video_reqbufs: done
Jan 30 06:35:35 localhost kernel: [   27.860896] [VPF ops]:[L2066][gdc0_cap][C1] vpf_video_querybuf: done
Jan 30 06:35:35 localhost kernel: [   27.861016] [VPF ops]:[L2066][gdc0_cap][C1] vpf_video_querybuf: done
Jan 30 06:35:35 localhost kernel: [   27.861089] [VPF ops]:[L2066][gdc0_cap][C1] vpf_video_querybuf: done
Jan 30 06:35:35 localhost kernel: [   27.861371] [VPF ops]:[L2575][flow] vpf_device_open: done
Jan 30 06:35:35 localhost kernel: [   27.861385] [VPF ops]:[L1031][flow][C0] vpf_video_get_version: done
Jan 30 06:35:35 localhost kernel: [   27.861393] [VPF ops]:[L360][S5] vpf_bind_chain: bind done
Jan 30 06:35:35 localhost kernel: [   27.861500] [VPF ops]:[L2223][flow][C5] vpf_video_bind_pipeline: done
Jan 30 06:35:35 localhost kernel: [   27.861518] [VPF ops]:[L1685][gdc0_src][S5][C1] vpf_chain_add_vnode: done
Jan 30 06:35:35 localhost kernel: [   27.861523] [VPF ops]:[L1825][gdc0_src][C1] vpf_video_add_vnode: done
Jan 30 06:35:35 localhost kernel: [   27.861535] [VPF chain]:[L279]vio_chain_path_show: [S5] gdc0_C1
Jan 30 06:35:35 localhost kernel: [   27.861543] [VPF ops]:[L632][gdc0_cap][S5] vpf_prepare_buffers: done
Jan 30 06:35:35 localhost kernel: [   27.861549] [GDC dev]:[L398][gdc0_cap][S5][C1] gdc_video_streamon leader 0
Jan 30 06:35:35 localhost kernel: [   27.861554] [VPF ops]:[L1639][gdc0_cap][S5][C1] vpf_video_start: done start_cnt 1
Jan 30 06:35:35 localhost kernel: [   27.861562] [GDC dev]:[L398][gdc0_src][S5][C1] gdc_video_streamon leader 1
Jan 30 06:35:35 localhost kernel: [   27.861566] [VPF ops]:[L1639][gdc0_src][S5][C1] vpf_video_start: done start_cnt 2
Jan 30 06:35:35 localhost kernel: [   27.861870] [VPF ops]:[L2575][vs-vse0_src] vpf_device_open: done
Jan 30 06:35:35 localhost kernel: [   27.861896] [VPF ops]:[L2575][vs-vse0_cap0] vpf_device_open: done
Jan 30 06:35:35 localhost kernel: [   27.861910] [VPF ops]:[L2575][vs-vse0_cap1] vpf_device_open: done
Jan 30 06:35:35 localhost kernel: [   27.861921] [VPF ops]:[L2575][vs-vse0_cap2] vpf_device_open: done
Jan 30 06:35:35 localhost kernel: [   27.861934] [VPF ops]:[L2575][vs-vse0_cap3] vpf_device_open: done
Jan 30 06:35:35 localhost kernel: [   27.861946] [VPF ops]:[L2575][vs-vse0_cap4] vpf_device_open: done
Jan 30 06:35:35 localhost kernel: [   27.861957] [VPF ops]:[L2575][vs-vse0_cap5] vpf_device_open: done
Jan 30 06:35:35 localhost kernel: [   27.861966] [VPF ops]:[L439][vs-vse0_src][C0] vpf_vctx_bind_vdev: done, ctx_index(0) refcount(1)
Jan 30 06:35:35 localhost kernel: [   27.861974] [VPF ops]:[L1875][vs-vse0_src][C0] vpf_video_bind_context: done
Jan 30 06:35:35 localhost kernel: [   27.861980] [VPF ops]:[L439][vs-vse0_cap0][C0] vpf_vctx_bind_vdev: done, ctx_index(0) refcount(1)
Jan 30 06:35:35 localhost kernel: [   27.861985] [VPF ops]:[L1875][vs-vse0_cap0][C0] vpf_video_bind_context: done
Jan 30 06:35:35 localhost kernel: [   27.861990] [VPF ops]:[L439][vs-vse0_cap1][C0] vpf_vctx_bind_vdev: done, ctx_index(0) refcount(1)
Jan 30 06:35:35 localhost kernel: [   27.861995] [VPF ops]:[L1875][vs-vse0_cap1][C0] vpf_video_bind_context: done
Jan 30 06:35:35 localhost kernel: [   27.862000] [VPF ops]:[L439][vs-vse0_cap2][C0] vpf_vctx_bind_vdev: done, ctx_index(0) refcount(1)
Jan 30 06:35:35 localhost kernel: [   27.862004] [VPF ops]:[L1875][vs-vse0_cap2][C0] vpf_video_bind_context: done
Jan 30 06:35:35 localhost kernel: [   27.862009] [VPF ops]:[L439][vs-vse0_cap3][C0] vpf_vctx_bind_vdev: done, ctx_index(0) refcount(1)
Jan 30 06:35:35 localhost kernel: [   27.862013] [VPF ops]:[L1875][vs-vse0_cap3][C0] vpf_video_bind_context: done
Jan 30 06:35:35 localhost kernel: [   27.862018] [VPF ops]:[L439][vs-vse0_cap4][C0] vpf_vctx_bind_vdev: done, ctx_index(0) refcount(1)
Jan 30 06:35:35 localhost kernel: [   27.862022] [VPF ops]:[L1875][vs-vse0_cap4][C0] vpf_video_bind_context: done
Jan 30 06:35:35 localhost kernel: [   27.862027] [VPF ops]:[L439][vs-vse0_cap5][C0] vpf_vctx_bind_vdev: done, ctx_index(0) refcount(1)
Jan 30 06:35:35 localhost kernel: [   27.862031] [VPF ops]:[L1875][vs-vse0_cap5][C0] vpf_video_bind_context: done
Jan 30 06:35:35 localhost kernel: [   27.862042] [VPF ops]:[L1079][vs-vse0_src][C0] vpf_video_get_struct_size: done
Jan 30 06:35:35 localhost kernel: [   27.862049] [VPF ops]:[L689][vs-vse0_cap0][C0] vpf_video_set_init_attr: done
Jan 30 06:35:35 localhost kernel: [   27.862055] vse_video_set_cfg set vse state to INITED
Jan 30 06:35:35 localhost kernel: [   27.863810] hobot_jpu_dev: [JPUDRV]jpu_open_instance:1573: [-]JDI_IOCTL_OPEN_INSTANCE inst_idx=0, s_jpu_open_ref_count=1, inst_open_count=2, current_pid=2316, tgid=1876
Jan 30 06:35:35 localhost kernel: [   27.864074] [VIO node]:[L104][vse0] vio_group_task_start: sched_mode 1
Jan 30 06:35:35 localhost kernel: [   27.864087] [VPF ops]:[L689][vs-vse0_src][C0] vpf_video_set_init_attr: done
Jan 30 06:35:35 localhost kernel: [   27.864103] [VPF ops]:[L689][vs-vse0_cap1][C0] vpf_video_set_init_attr: done
Jan 30 06:35:35 localhost kernel: [   27.864110] [VPF ops]:[L689][vs-vse0_cap2][C0] vpf_video_set_init_attr: done
Jan 30 06:35:35 localhost kernel: [   27.864190] [VPF ops]:[L689][vs-vse0_cap3][C0] vpf_video_set_init_attr: done
Jan 30 06:35:35 localhost kernel: [   27.864198] [VPF ops]:[L689][vs-vse0_cap4][C0] vpf_video_set_init_attr: done
Jan 30 06:35:35 localhost kernel: [   27.864204] [VPF ops]:[L689][vs-vse0_cap5][C0] vpf_video_set_init_attr: done
Jan 30 06:35:35 localhost kernel: [   27.864215] [VPF ops]:[L1079][vs-vse0_src][C0] vpf_video_get_struct_size: done
Jan 30 06:35:35 localhost kernel: [   27.864226] vse_video_set_ichn_attr format=6,width=1088,stride=1088,height=1280
Jan 30 06:35:35 localhost kernel: [   27.867612] vse_video_reqbufs done bit_map 0x1 planecount 2
Jan 30 06:35:35 localhost kernel: [   27.867645] [VPF ops]:[L1325][vs-vse0_src][C0] vpf_request_frames: reqbuf number 16
Jan 30 06:35:35 localhost kernel: [   27.867653] [VPF ops]:[L850][vs-vse0_src][C0] vpf_video_set_ichn_attr: done
Jan 30 06:35:35 localhost kernel: [   27.867866] [VPF ops]:[L1079][vs-vse0_src][C0] vpf_video_get_struct_size: done
Jan 30 06:35:35 localhost kernel: [   27.867884] vse_video_set_ochn_attr vctx->ctx_id=0,vctx->id=8
Jan 30 06:35:35 localhost kernel: [   27.867891] vse_video_set_ochn_attr ochn_id=0,format=6,width=480,stride=480,height=640
Jan 30 06:35:35 localhost kernel: [   27.867970] [vse_drv]: vse_set_fps_rate: vse-0 chn-0, fps.src 30, fps.dst 30
Jan 30 06:35:35 localhost kernel: [   27.867978] vse_video_reqbufs done bit_map 0x1 planecount 2
Jan 30 06:35:35 localhost kernel: [   27.867993] [VPF ops]:[L1325][vs-vse0_cap0][C0] vpf_request_frames: reqbuf number 16
Jan 30 06:35:35 localhost kernel: [   27.867998] [VPF ops]:[L978][vs-vse0_cap0][C0] vpf_video_set_ochn_attr: done
Jan 30 06:35:35 localhost kernel: [   27.868008] vse_video_reqbufs done bit_map 0x1 planecount 2
Jan 30 06:35:35 localhost kernel: [   27.868018] [VPF ops]:[L1325][vs-vse0_cap0][C0] vpf_request_frames: reqbuf number 3
Jan 30 06:35:35 localhost kernel: [   27.868134] [VPF ops]:[L1464][vs-vse0_cap0][C0] vpf_video_reqbufs: done
Jan 30 06:35:35 localhost kernel: [   27.868152] [VPF ops]:[L2066][vs-vse0_cap0][C0] vpf_video_querybuf: done
Jan 30 06:35:35 localhost kernel: [   27.868348] [VPF ops]:[L2066][vs-vse0_cap0][C0] vpf_video_querybuf: done
Jan 30 06:35:35 localhost kernel: [   27.868418] [VPF ops]:[L2066][vs-vse0_cap0][C0] vpf_video_querybuf: done
Jan 30 06:35:35 localhost kernel: [   27.868575] [VPF chain]:[L250]vio_chain_path_show: feedback independent mode
Jan 30 06:35:35 localhost kernel: [   27.868585] [VPF ops]:[L632][vs-vse0_cap0][S65535] vpf_prepare_buffers: done
Jan 30 06:35:35 localhost kernel: [   27.868591] [VPF ops]:[L1639][vs-vse0_cap0][S65535][C0] vpf_video_start: done start_cnt 1
Jan 30 06:35:35 localhost kernel: [   27.868599] [VPF chain]:[L250]vio_chain_path_show: feedback independent mode
Jan 30 06:35:35 localhost kernel: [   27.868611] vse_video_streamon ctx.sink_online_en=0
Jan 30 06:35:35 localhost kernel: [   27.878500] [VPF ops]:[L1639][vs-vse0_src][S65535][C0] vpf_video_start: done start_cnt 2
Jan 30 06:35:35 localhost kernel: [   27.884049] hobot_jpu_dev: [JPUDRV]jpu_open_instance:1573: [-]JDI_IOCTL_OPEN_INSTANCE inst_idx=1, s_jpu_open_ref_count=2, inst_open_count=2, current_pid=2319, tgid=1876
Jan 30 06:35:36 localhost kernel: [   28.456659] hobot_jpu_dev: [JPUDRV]jpu_alloc_instance_id:1821: [-]JDI_IOCTL_ALLOCATE_INSTANCE_ID id = 2, current_pid=2112, tgid=1876
Jan 30 06:35:36 localhost kernel: [   28.458174] hobot_jpu_dev: [JPUDRV]jpu_alloc_instance_id:1821: [-]JDI_IOCTL_ALLOCATE_INSTANCE_ID id = 3, current_pid=2112, tgid=1876
Jan 30 06:35:36 localhost kernel: [   28.465465] [GDC ops]:[L87][gdc0_src][C0] gdc_subdev_open: cnt 5
Jan 30 06:35:36 localhost kernel: [   28.465504] [VPF ops]:[L2575][gdc0_src] vpf_device_open: done
Jan 30 06:35:36 localhost kernel: [   28.465528] [GDC ops]:[L87][gdc0_cap][C0] gdc_subdev_open: cnt 6
Jan 30 06:35:36 localhost kernel: [   28.465533] [VPF ops]:[L2575][gdc0_cap] vpf_device_open: done
Jan 30 06:35:36 localhost kernel: [   28.465542] [VPF ops]:[L1031][gdc0_src][C0] vpf_video_get_version: done
Jan 30 06:35:36 localhost kernel: [   28.465553] [VPF ops]:[L439][gdc0_src][C2] vpf_vctx_bind_vdev: done, ctx_index(0) refcount(1)
Jan 30 06:35:36 localhost kernel: [   28.465561] [VPF ops]:[L1875][gdc0_src][C2] vpf_video_bind_context: done
Jan 30 06:35:36 localhost kernel: [   28.465567] [VPF ops]:[L439][gdc0_cap][C2] vpf_vctx_bind_vdev: done, ctx_index(0) refcount(1)
Jan 30 06:35:36 localhost kernel: [   28.465571] [VPF ops]:[L1875][gdc0_cap][C2] vpf_video_bind_context: done
Jan 30 06:35:36 localhost kernel: [   28.465583] [VPF ops]:[L1079][gdc0_src][C2] vpf_video_get_struct_size: done
Jan 30 06:35:36 localhost kernel: [   28.465590] [VPF ops]:[L689][gdc0_cap][C2] vpf_video_set_init_attr: done
Jan 30 06:35:36 localhost kernel: [   28.465615] [VPF ops]:[L689][gdc0_src][C2] vpf_video_set_init_attr: done
Jan 30 06:35:36 localhost kernel: [   28.465622] [VPF ops]:[L1079][gdc0_src][C2] vpf_video_get_struct_size: done
Jan 30 06:35:36 localhost kernel: [   28.465642] [VPF ops]:[L1325][gdc0_src][C2] vpf_request_frames: reqbuf number 16
Jan 30 06:35:36 localhost kernel: [   28.465649] [VPF ops]:[L850][gdc0_src][C2] vpf_video_set_ichn_attr: done
Jan 30 06:35:36 localhost kernel: [   28.465655] [VPF ops]:[L1079][gdc0_src][C2] vpf_video_get_struct_size: done
Jan 30 06:35:36 localhost kernel: [   28.465669] [VPF ops]:[L1325][gdc0_cap][C2] vpf_request_frames: reqbuf number 16
Jan 30 06:35:36 localhost kernel: [   28.465673] [VPF ops]:[L978][gdc0_cap][C2] vpf_video_set_ochn_attr: done
Jan 30 06:35:36 localhost kernel: [   28.465685] [VPF ops]:[L1325][gdc0_cap][C2] vpf_request_frames: reqbuf number 3
Jan 30 06:35:36 localhost kernel: [   28.465785] [VPF ops]:[L1464][gdc0_cap][C2] vpf_video_reqbufs: done
Jan 30 06:35:36 localhost kernel: [   28.465809] [VPF ops]:[L2066][gdc0_cap][C2] vpf_video_querybuf: done
Jan 30 06:35:36 localhost kernel: [   28.465943] [VPF ops]:[L2066][gdc0_cap][C2] vpf_video_querybuf: done
Jan 30 06:35:36 localhost kernel: [   28.466019] [VPF ops]:[L2066][gdc0_cap][C2] vpf_video_querybuf: done
Jan 30 06:35:36 localhost kernel: [   28.466459] [VPF ops]:[L2575][flow] vpf_device_open: done
Jan 30 06:35:36 localhost kernel: [   28.466486] [VPF ops]:[L1031][flow][C0] vpf_video_get_version: done
Jan 30 06:35:36 localhost kernel: [   28.466495] [VPF ops]:[L360][S6] vpf_bind_chain: bind done
Jan 30 06:35:36 localhost kernel: [   28.466512] [VPF ops]:[L2223][flow][C6] vpf_video_bind_pipeline: done
Jan 30 06:35:36 localhost kernel: [   28.466526] [VPF ops]:[L1685][gdc0_src][S6][C2] vpf_chain_add_vnode: done
Jan 30 06:35:36 localhost kernel: [   28.466531] [VPF ops]:[L1825][gdc0_src][C2] vpf_video_add_vnode: done
Jan 30 06:35:36 localhost kernel: [   28.466545] [VPF chain]:[L279]vio_chain_path_show: [S6] gdc0_C2
Jan 30 06:35:36 localhost kernel: [   28.466553] [VPF ops]:[L632][gdc0_cap][S6] vpf_prepare_buffers: done
Jan 30 06:35:36 localhost kernel: [   28.466560] [GDC dev]:[L398][gdc0_cap][S6][C2] gdc_video_streamon leader 0
Jan 30 06:35:36 localhost kernel: [   28.466566] [VPF ops]:[L1639][gdc0_cap][S6][C2] vpf_video_start: done start_cnt 1
Jan 30 06:35:36 localhost kernel: [   28.466573] [GDC dev]:[L398][gdc0_src][S6][C2] gdc_video_streamon leader 1
Jan 30 06:35:36 localhost kernel: [   28.466577] [VPF ops]:[L1639][gdc0_src][S6][C2] vpf_video_start: done start_cnt 2
Jan 30 06:35:36 localhost kernel: [   28.466827] [GDC ops]:[L87][gdc0_src][C0] gdc_subdev_open: cnt 7
Jan 30 06:35:36 localhost kernel: [   28.466838] [VPF ops]:[L2575][gdc0_src] vpf_device_open: done
Jan 30 06:35:36 localhost kernel: [   28.466854] [GDC ops]:[L87][gdc0_cap][C0] gdc_subdev_open: cnt 8
Jan 30 06:35:36 localhost kernel: [   28.466858] [VPF ops]:[L2575][gdc0_cap] vpf_device_open: done
Jan 30 06:35:36 localhost kernel: [   28.466866] [VPF ops]:[L1031][gdc0_src][C0] vpf_video_get_version: done
Jan 30 06:35:36 localhost kernel: [   28.466876] [VPF ops]:[L439][gdc0_src][C3] vpf_vctx_bind_vdev: done, ctx_index(0) refcount(1)
Jan 30 06:35:36 localhost kernel: [   28.466884] [VPF ops]:[L1875][gdc0_src][C3] vpf_video_bind_context: done
Jan 30 06:35:36 localhost kernel: [   28.466890] [VPF ops]:[L439][gdc0_cap][C3] vpf_vctx_bind_vdev: done, ctx_index(0) refcount(1)
Jan 30 06:35:36 localhost kernel: [   28.466895] [VPF ops]:[L1875][gdc0_cap][C3] vpf_video_bind_context: done
Jan 30 06:35:36 localhost kernel: [   28.468227] hobot_jpu_dev: [JPUDRV]jpu_open_instance:1573: [-]JDI_IOCTL_OPEN_INSTANCE inst_idx=2, s_jpu_open_ref_count=3, inst_open_count=4, current_pid=2329, tgid=1876
Jan 30 06:35:36 localhost kernel: [   28.469099] hobot_jpu_dev: [JPUDRV]jpu_open_instance:1573: [-]JDI_IOCTL_OPEN_INSTANCE inst_idx=3, s_jpu_open_ref_count=4, inst_open_count=4, current_pid=2332, tgid=1876
Jan 30 06:35:36 localhost kernel: [   28.473710] [VPF ops]:[L1079][gdc0_src][C3] vpf_video_get_struct_size: done
Jan 30 06:35:36 localhost kernel: [   28.474477] [VPF ops]:[L689][gdc0_cap][C3] vpf_video_set_init_attr: done
Jan 30 06:35:36 localhost kernel: [   28.474551] [VPF ops]:[L689][gdc0_src][C3] vpf_video_set_init_attr: done
Jan 30 06:35:36 localhost kernel: [   28.474571] [VPF ops]:[L1079][gdc0_src][C3] vpf_video_get_struct_size: done
Jan 30 06:35:36 localhost kernel: [   28.474614] [VPF ops]:[L1325][gdc0_src][C3] vpf_request_frames: reqbuf number 16
Jan 30 06:35:36 localhost kernel: [   28.474621] [VPF ops]:[L850][gdc0_src][C3] vpf_video_set_ichn_attr: done
Jan 30 06:35:36 localhost kernel: [   28.474630] [VPF ops]:[L1079][gdc0_src][C3] vpf_video_get_struct_size: done
Jan 30 06:35:36 localhost kernel: [   28.474646] [VPF ops]:[L1325][gdc0_cap][C3] vpf_request_frames: reqbuf number 16
Jan 30 06:35:36 localhost kernel: [   28.474652] [VPF ops]:[L978][gdc0_cap][C3] vpf_video_set_ochn_attr: done
Jan 30 06:35:36 localhost kernel: [   28.474676] [VPF ops]:[L1325][gdc0_cap][C3] vpf_request_frames: reqbuf number 3
Jan 30 06:35:36 localhost kernel: [   28.474809] [VPF ops]:[L1464][gdc0_cap][C3] vpf_video_reqbufs: done
Jan 30 06:35:36 localhost kernel: [   28.474840] [VPF ops]:[L2066][gdc0_cap][C3] vpf_video_querybuf: done
Jan 30 06:35:36 localhost kernel: [   28.475083] [VPF ops]:[L2066][gdc0_cap][C3] vpf_video_querybuf: done
Jan 30 06:35:36 localhost kernel: [   28.475212] [VPF ops]:[L2066][gdc0_cap][C3] vpf_video_querybuf: done
Jan 30 06:35:36 localhost kernel: [   28.475613] [VPF ops]:[L2575][flow] vpf_device_open: done
Jan 30 06:35:36 localhost kernel: [   28.475640] [VPF ops]:[L1031][flow][C0] vpf_video_get_version: done
Jan 30 06:35:36 localhost kernel: [   28.475650] [VPF ops]:[L360][S7] vpf_bind_chain: bind done
Jan 30 06:35:36 localhost kernel: [   28.475670] [VPF ops]:[L2223][flow][C7] vpf_video_bind_pipeline: done
Jan 30 06:35:36 localhost kernel: [   28.475686] [VPF ops]:[L1685][gdc0_src][S7][C3] vpf_chain_add_vnode: done
Jan 30 06:35:36 localhost kernel: [   28.475692] [VPF ops]:[L1825][gdc0_src][C3] vpf_video_add_vnode: done
Jan 30 06:35:36 localhost kernel: [   28.475710] [VPF chain]:[L279]vio_chain_path_show: [S7] gdc0_C3
Jan 30 06:35:36 localhost kernel: [   28.475721] [VPF ops]:[L632][gdc0_cap][S7] vpf_prepare_buffers: done
Jan 30 06:35:36 localhost kernel: [   28.475727] [GDC dev]:[L398][gdc0_cap][S7][C3] gdc_video_streamon leader 0
Jan 30 06:35:36 localhost kernel: [   28.475733] [VPF ops]:[L1639][gdc0_cap][S7][C3] vpf_video_start: done start_cnt 1
Jan 30 06:35:36 localhost kernel: [   28.475741] [GDC dev]:[L398][gdc0_src][S7][C3] gdc_video_streamon leader 1
Jan 30 06:35:36 localhost kernel: [   28.475746] [VPF ops]:[L1639][gdc0_src][S7][C3] vpf_video_start: done start_cnt 2
Jan 30 06:35:36 localhost kernel: [   28.476468] [VPF ops]:[L2575][vs-vse0_src] vpf_device_open: done
Jan 30 06:35:36 localhost kernel: [   28.476503] [VPF ops]:[L2575][vs-vse0_cap0] vpf_device_open: done
Jan 30 06:35:36 localhost kernel: [   28.476517] [VPF ops]:[L2575][vs-vse0_cap1] vpf_device_open: done
Jan 30 06:35:36 localhost kernel: [   28.476528] [VPF ops]:[L2575][vs-vse0_cap2] vpf_device_open: done
Jan 30 06:35:36 localhost kernel: [   28.476540] [VPF ops]:[L2575][vs-vse0_cap3] vpf_device_open: done
Jan 30 06:35:36 localhost kernel: [   28.476552] [VPF ops]:[L2575][vs-vse0_cap4] vpf_device_open: done
Jan 30 06:35:36 localhost kernel: [   28.476565] [VPF ops]:[L2575][vs-vse0_cap5] vpf_device_open: done
Jan 30 06:35:36 localhost kernel: [   28.476576] [VPF ops]:[L439][vs-vse0_src][C1] vpf_vctx_bind_vdev: done, ctx_index(0) refcount(1)
Jan 30 06:35:36 localhost kernel: [   28.476585] [VPF ops]:[L1875][vs-vse0_src][C1] vpf_video_bind_context: done
Jan 30 06:35:36 localhost kernel: [   28.476592] [VPF ops]:[L439][vs-vse0_cap0][C1] vpf_vctx_bind_vdev: done, ctx_index(0) refcount(1)
Jan 30 06:35:36 localhost kernel: [   28.476597] [VPF ops]:[L1875][vs-vse0_cap0][C1] vpf_video_bind_context: done
Jan 30 06:35:36 localhost kernel: [   28.476602] [VPF ops]:[L439][vs-vse0_cap1][C1] vpf_vctx_bind_vdev: done, ctx_index(0) refcount(1)
Jan 30 06:35:36 localhost kernel: [   28.476606] [VPF ops]:[L1875][vs-vse0_cap1][C1] vpf_video_bind_context: done
Jan 30 06:35:36 localhost kernel: [   28.476612] [VPF ops]:[L439][vs-vse0_cap2][C1] vpf_vctx_bind_vdev: done, ctx_index(0) refcount(1)
Jan 30 06:35:36 localhost kernel: [   28.476616] [VPF ops]:[L1875][vs-vse0_cap2][C1] vpf_video_bind_context: done
Jan 30 06:35:36 localhost kernel: [   28.476621] [VPF ops]:[L439][vs-vse0_cap3][C1] vpf_vctx_bind_vdev: done, ctx_index(0) refcount(1)
Jan 30 06:35:36 localhost kernel: [   28.476626] [VPF ops]:[L1875][vs-vse0_cap3][C1] vpf_video_bind_context: done
Jan 30 06:35:36 localhost kernel: [   28.476631] [VPF ops]:[L439][vs-vse0_cap4][C1] vpf_vctx_bind_vdev: done, ctx_index(0) refcount(1)
Jan 30 06:35:36 localhost kernel: [   28.476636] [VPF ops]:[L1875][vs-vse0_cap4][C1] vpf_video_bind_context: done
Jan 30 06:35:36 localhost kernel: [   28.476641] [VPF ops]:[L439][vs-vse0_cap5][C1] vpf_vctx_bind_vdev: done, ctx_index(0) refcount(1)
Jan 30 06:35:36 localhost kernel: [   28.476645] [VPF ops]:[L1875][vs-vse0_cap5][C1] vpf_video_bind_context: done
Jan 30 06:35:36 localhost kernel: [   28.476659] [VPF ops]:[L1079][vs-vse0_src][C1] vpf_video_get_struct_size: done
Jan 30 06:35:36 localhost kernel: [   28.476666] [VPF ops]:[L689][vs-vse0_cap0][C1] vpf_video_set_init_attr: done
Jan 30 06:35:36 localhost kernel: [   28.476672] vse_video_set_cfg set vse state to INITED
Jan 30 06:35:36 localhost kernel: [   28.477759] [VPF ops]:[L689][vs-vse0_src][C1] vpf_video_set_init_attr: done
Jan 30 06:35:36 localhost kernel: [   28.477792] [VPF ops]:[L689][vs-vse0_cap1][C1] vpf_video_set_init_attr: done
Jan 30 06:35:36 localhost kernel: [   28.477800] [VPF ops]:[L689][vs-vse0_cap2][C1] vpf_video_set_init_attr: done
Jan 30 06:35:36 localhost kernel: [   28.477807] [VPF ops]:[L689][vs-vse0_cap3][C1] vpf_video_set_init_attr: done
Jan 30 06:35:36 localhost kernel: [   28.477813] [VPF ops]:[L689][vs-vse0_cap4][C1] vpf_video_set_init_attr: done
Jan 30 06:35:36 localhost kernel: [   28.477819] [VPF ops]:[L689][vs-vse0_cap5][C1] vpf_video_set_init_attr: done
Jan 30 06:35:36 localhost kernel: [   28.477833] [VPF ops]:[L1079][vs-vse0_src][C1] vpf_video_get_struct_size: done
Jan 30 06:35:36 localhost kernel: [   28.477846] vse_video_set_ichn_attr format=6,width=1088,stride=1088,height=1280
Jan 30 06:35:36 localhost kernel: [   28.478879] vse_video_reqbufs done bit_map 0x1 planecount 2
Jan 30 06:35:36 localhost kernel: [   28.478938] [VPF ops]:[L1325][vs-vse0_src][C1] vpf_request_frames: reqbuf number 16
Jan 30 06:35:36 localhost kernel: [   28.478949] [VPF ops]:[L850][vs-vse0_src][C1] vpf_video_set_ichn_attr: done
Jan 30 06:35:36 localhost kernel: [   28.479669] [VPF ops]:[L1079][vs-vse0_src][C1] vpf_video_get_struct_size: done
Jan 30 06:35:36 localhost kernel: [   28.479698] vse_video_set_ochn_attr vctx->ctx_id=1,vctx->id=8
Jan 30 06:35:36 localhost kernel: [   28.479705] vse_video_set_ochn_attr ochn_id=0,format=6,width=480,stride=480,height=640
Jan 30 06:35:36 localhost kernel: [   28.479821] [vse_drv]: vse_set_fps_rate: vse-1 chn-0, fps.src 30, fps.dst 30
Jan 30 06:35:36 localhost kernel: [   28.479837] vse_video_reqbufs done bit_map 0x1 planecount 2
Jan 30 06:35:36 localhost kernel: [   28.479857] [VPF ops]:[L1325][vs-vse0_cap0][C1] vpf_request_frames: reqbuf number 16
Jan 30 06:35:36 localhost kernel: [   28.479864] [VPF ops]:[L978][vs-vse0_cap0][C1] vpf_video_set_ochn_attr: done
Jan 30 06:35:36 localhost kernel: [   28.479879] vse_video_reqbufs done bit_map 0x1 planecount 2
Jan 30 06:35:36 localhost kernel: [   28.479890] [VPF ops]:[L1325][vs-vse0_cap0][C1] vpf_request_frames: reqbuf number 3
Jan 30 06:35:36 localhost kernel: [   28.480027] [VPF ops]:[L1464][vs-vse0_cap0][C1] vpf_video_reqbufs: done
Jan 30 06:35:36 localhost kernel: [   28.480051] [VPF ops]:[L2066][vs-vse0_cap0][C1] vpf_video_querybuf: done
Jan 30 06:35:36 localhost kernel: [   28.480254] [VPF ops]:[L2066][vs-vse0_cap0][C1] vpf_video_querybuf: done
Jan 30 06:35:36 localhost kernel: [   28.480385] [VPF ops]:[L2066][vs-vse0_cap0][C1] vpf_video_querybuf: done
Jan 30 06:35:36 localhost kernel: [   28.480478] [VPF chain]:[L250]vio_chain_path_show: feedback independent mode
Jan 30 06:35:36 localhost kernel: [   28.480490] [VPF ops]:[L632][vs-vse0_cap0][S65535] vpf_prepare_buffers: done
Jan 30 06:35:36 localhost kernel: [   28.480496] [VPF ops]:[L1639][vs-vse0_cap0][S65535][C1] vpf_video_start: done start_cnt 1
Jan 30 06:35:36 localhost kernel: [   28.480504] [VPF chain]:[L250]vio_chain_path_show: feedback independent mode
Jan 30 06:35:36 localhost kernel: [   28.480518] vse_video_streamon ctx.sink_online_en=0
Jan 30 06:35:36 localhost kernel: [   28.481403] [VPF ops]:[L1639][vs-vse0_src][S65535][C1] vpf_video_start: done start_cnt 2
Jan 30 06:35:44 localhost kernel: [   36.591031] bestmow_monitor (1782): drop_caches: 1
Jan 30 06:35:44 localhost kernel: [   36.734411] bestmow_monitor (1782): drop_caches: 2
Jan 30 06:35:44 localhost kernel: [   36.776613] bestmow_monitor (1782): drop_caches: 3
Jan 30 06:37:10 localhost kernel: [  122.677405] [VPF ops]:[L81][S0][vin2] vpf_wait_vnode_shot: cnt 10
Jan 30 06:37:10 localhost kernel: [  122.677447] [L898][S0]cim_subdev_pre_stop
Jan 30 06:37:10 localhost kernel: [  122.677459] vin sensor0: sensor_frame_end_stop_wait 2326 fe 0ms
Jan 30 06:37:10 localhost kernel: [  122.677464] vin sensor0: sensor_evk_do: finish to doing
Jan 30 06:37:10 localhost kernel: [  122.677970] vin sensor0: sensor_evk_do: done to finish
Jan 30 06:37:10 localhost kernel: [  122.677980] vin sensor0: sensor_stop sc132gs flow0 stop done
Jan 30 06:37:10 localhost kernel: [  122.677984] vin vcon2: sensor0 stop real done
Jan 30 06:37:10 localhost kernel: [  122.677996] vin mipi2: stop cmd: 0 real
Jan 30 06:37:10 localhost kernel: [  122.678009] [L657]cim_check_exit_state cnt 20 status 0
Jan 30 06:37:10 localhost kernel: [  122.678019] [L849][S0]cim_subdev_stop
Jan 30 06:37:10 localhost kernel: [  122.678022] [CIM]:[L141][S0]cim_video_streamoff done
Jan 30 06:37:10 localhost kernel: [  122.678026] [L1185][S0]vin_node_stop done
Jan 30 06:37:10 localhost kernel: [  122.678030] [VIN_NODE]:[L578][C0]vin_node_video_streamoff done
Jan 30 06:37:10 localhost kernel: [  122.678035] [VPF ops]:[L1554][vin2_src][S0][C0] vpf_video_stop: done start_cnt 1
Jan 30 06:37:10 localhost kernel: [  122.678046] [VPF ops]:[L1554][vin2_cap][S0][C0] vpf_video_stop: done start_cnt 0
Jan 30 06:37:10 localhost kernel: [  122.678061] [VPF ops]:[L81][S0][isp0] vpf_wait_vnode_shot: cnt 10
Jan 30 06:37:10 localhost kernel: [  122.678067] [VPF ops]:[L1554][vs-isp0_src][S0][C0] vpf_video_stop: done start_cnt 1
Jan 30 06:37:10 localhost kernel: [  122.678074] isp_video_streamoff inst: 0, set isp state to STOPPED
Jan 30 06:37:10 localhost kernel: [  122.679503] [VPF ops]:[L1554][vs-isp0_cap][S0][C0] vpf_video_stop: done start_cnt 0
Jan 30 06:37:10 localhost kernel: [  122.679720] isp_video_set_inter_attr flow_id = 0, sensor_name = sc132gs, sensor_cali_name = /app/BestMow/startup_script/sensor_config/daytime/sc132gs_tuning_left.json
Jan 30 06:37:10 localhost kernel: [  122.962784] ctx_id 0, inst id 0, sensor /app/BestMow/startup_script/sensor_config/daytime/sc132gs_tuning_left.json
Jan 30 06:37:10 localhost kernel: [  122.962807] [VPF ops]:[L1005][vs-isp0_src][C0] vpf_video_set_inter_attr: done
Jan 30 06:37:10 localhost kernel: [  122.962934] [VPF ops]:[L632][vs-isp0_cap][S0] vpf_prepare_buffers: done
Jan 30 06:37:10 localhost kernel: [  122.962943] isp_video_streamon inst: 0, set isp state to STARTED
Jan 30 06:37:10 localhost kernel: [  122.964799] [VPF ops]:[L1639][vs-isp0_cap][S0][C0] vpf_video_start: done start_cnt 1
Jan 30 06:37:10 localhost kernel: [  122.964834] [VPF ops]:[L1639][vs-isp0_src][S0][C0] vpf_video_start: done start_cnt 2
Jan 30 06:37:10 localhost kernel: [  122.964858] [VPF ops]:[L632][vin2_cap][S0] vpf_prepare_buffers: done
Jan 30 06:37:10 localhost kernel: [  122.964863] [VPF ops]:[L1639][vin2_cap][S0][C0] vpf_video_start: done start_cnt 1
Jan 30 06:37:10 localhost kernel: [  122.964874] [L716][S0][ipi0]cim_subdev_start ddr_en and ochn request bufs
Jan 30 06:37:10 localhost kernel: [  122.964889] [L757][S0]cim_subdev_start
Jan 30 06:37:10 localhost kernel: [  122.964894] [CIM]:[L113][S0]cim_video_streamon done ret val:0
Jan 30 06:37:10 localhost kernel: [  122.964903] vin sensor0: sensor_evk_do: finish to doing
Jan 30 06:37:10 localhost kernel: [  122.965607] vin sensor0: sensor_evk_do: done to finish
Jan 30 06:37:10 localhost kernel: [  122.965631] vin sensor0: sensor_start sc132gs flow0 start done
Jan 30 06:37:10 localhost kernel: [  122.965638] vin vcon2: sensor0 start real done
Jan 30 06:37:10 localhost kernel: [  122.965650] vin mipi2: start cmd: 0 real
Jan 30 06:37:10 localhost kernel: [  122.965655] vin mipi2: check hs reception
Jan 30 06:37:10 localhost kernel: [  122.991666] vin mipi2: entry hs reception
Jan 30 06:37:10 localhost kernel: [  122.991692] [L1096][S0]vin_node_start done
Jan 30 06:37:10 localhost kernel: [  122.991698] [VIN_NODE]:[L546][C0]vin_node_video_streamon done
Jan 30 06:37:10 localhost kernel: [  122.991702] [VPF ops]:[L1639][vin2_src][S0][C0] vpf_video_start: done start_cnt 2
Jan 30 06:37:10 localhost kernel: [  123.013013] [VPF ops]:[L81][S3][vin3] vpf_wait_vnode_shot: cnt 10
Jan 30 06:37:10 localhost kernel: [  123.013041] [L898][S3]cim_subdev_pre_stop
Jan 30 06:37:10 localhost kernel: [  123.013050] vin sensor3: sensor_frame_end_stop_wait 2322 fe 0ms
Jan 30 06:37:10 localhost kernel: [  123.013055] vin sensor3: sensor_evk_do: finish to doing
Jan 30 06:37:10 localhost kernel: [  123.013536] vin sensor3: sensor_evk_do: done to finish
Jan 30 06:37:10 localhost kernel: [  123.013556] vin sensor3: sensor_stop sc132gs flow3 stop done
Jan 30 06:37:10 localhost kernel: [  123.013560] vin vcon3: sensor3 stop real done
Jan 30 06:37:10 localhost kernel: [  123.013573] vin mipi3: stop cmd: 0 real
Jan 30 06:37:10 localhost kernel: [  123.013588] [L657]cim_check_exit_state cnt 20 status 0
Jan 30 06:37:10 localhost kernel: [  123.013597] [L849][S3]cim_subdev_stop
Jan 30 06:37:10 localhost kernel: [  123.013601] [CIM]:[L141][S0]cim_video_streamoff done
Jan 30 06:37:10 localhost kernel: [  123.013605] [L1185][S0]vin_node_stop done
Jan 30 06:37:10 localhost kernel: [  123.013610] [VIN_NODE]:[L578][C0]vin_node_video_streamoff done
Jan 30 06:37:10 localhost kernel: [  123.013615] [VPF ops]:[L1554][vin3_src][S3][C0] vpf_video_stop: done start_cnt 1
Jan 30 06:37:10 localhost kernel: [  123.013630] [VPF ops]:[L1554][vin3_cap][S3][C0] vpf_video_stop: done start_cnt 0
Jan 30 06:37:10 localhost kernel: [  123.013645] [VPF ops]:[L81][S3][isp0] vpf_wait_vnode_shot: cnt 10
Jan 30 06:37:10 localhost kernel: [  123.013653] [VPF ops]:[L1554][vs-isp0_src][S3][C1] vpf_video_stop: done start_cnt 1
Jan 30 06:37:10 localhost kernel: [  123.013660] isp_video_streamoff inst: 1, set isp state to STOPPED
Jan 30 06:37:10 localhost kernel: [  123.015221] [VPF ops]:[L1554][vs-isp0_cap][S3][C1] vpf_video_stop: done start_cnt 0
Jan 30 06:37:10 localhost kernel: [  123.015264] isp_video_set_inter_attr flow_id = 3, sensor_name = sc132gs, sensor_cali_name = /app/BestMow/startup_script/sensor_config/daytime/sc132gs_tuning_right.json
Jan 30 06:37:11 localhost kernel: [  123.297923] ctx_id 1, inst id 1, sensor /app/BestMow/startup_script/sensor_config/daytime/sc132gs_tuning_right.json
Jan 30 06:37:11 localhost kernel: [  123.297946] [VPF ops]:[L1005][vs-isp0_src][C1] vpf_video_set_inter_attr: done
Jan 30 06:37:11 localhost kernel: [  123.297988] [VPF ops]:[L632][vs-isp0_cap][S3] vpf_prepare_buffers: done
Jan 30 06:37:11 localhost kernel: [  123.297996] isp_video_streamon inst: 1, set isp state to STARTED
Jan 30 06:37:11 localhost kernel: [  123.299832] [VPF ops]:[L1639][vs-isp0_cap][S3][C1] vpf_video_start: done start_cnt 1
Jan 30 06:37:11 localhost kernel: [  123.299858] [VPF ops]:[L1639][vs-isp0_src][S3][C1] vpf_video_start: done start_cnt 2
Jan 30 06:37:11 localhost kernel: [  123.299882] [VPF ops]:[L632][vin3_cap][S3] vpf_prepare_buffers: done
Jan 30 06:37:11 localhost kernel: [  123.299887] [VPF ops]:[L1639][vin3_cap][S3][C0] vpf_video_start: done start_cnt 1
Jan 30 06:37:11 localhost kernel: [  123.299897] [L716][S0][ipi0]cim_subdev_start ddr_en and ochn request bufs
Jan 30 06:37:11 localhost kernel: [  123.299911] [L757][S3]cim_subdev_start
Jan 30 06:37:11 localhost kernel: [  123.299916] [CIM]:[L113][S0]cim_video_streamon done ret val:0
Jan 30 06:37:11 localhost kernel: [  123.299925] vin sensor3: sensor_evk_do: finish to doing
Jan 30 06:37:11 localhost kernel: [  123.300373] vin sensor3: sensor_evk_do: done to finish
Jan 30 06:37:11 localhost kernel: [  123.300378] vin sensor3: sensor_start sc132gs flow3 start done
Jan 30 06:37:11 localhost kernel: [  123.300383] vin vcon3: sensor3 start real done
Jan 30 06:37:11 localhost kernel: [  123.300391] vin mipi3: start cmd: 0 real
Jan 30 06:37:11 localhost kernel: [  123.300395] vin mipi3: check hs reception
Jan 30 06:37:11 localhost kernel: [  123.324506] vin mipi3: entry hs reception
Jan 30 06:37:11 localhost kernel: [  123.324536] [L1096][S0]vin_node_start done
Jan 30 06:37:11 localhost kernel: [  123.324542] [VIN_NODE]:[L546][C0]vin_node_video_streamon done
Jan 30 06:37:11 localhost kernel: [  123.324547] [VPF ops]:[L1639][vin3_src][S3][C0] vpf_video_start: done start_cnt 2
Jan 30 06:37:34 localhost kernel: [  146.265871] [138185]rx host cmd:83
Nov 22 04:57:22 localhost kernel: [    0.000000] Booting Linux on physical CPU 0x0000000000 [0x412fd050]
Nov 22 04:57:22 localhost kernel: [    0.000000] Linux version 6.1.83-DR-PL5.2_V1.1.1 (root@hfz-ubuntu) (aarch64-none-linux-gnu-gcc (Arm GNU Toolchain 11.3.Rel1) 11.3.1 20220712, GNU ld (Arm GNU Toolchain 11.3.Rel1) 2.38.20220708) #11 SMP PREEMPT Wed Dec 17 17:00:02 CST 2025
Nov 22 04:57:22 localhost kernel: [    0.000000] Machine model: D-Robotics X5 EVB LP4 1_B board
Nov 22 04:57:22 localhost kernel: [    0.000000] efi: UEFI not found.
Nov 22 04:57:22 localhost kernel: [    0.000000] Reserved memory: created CMA memory pool at 0x0000000088000000, size 382 MiB
Nov 22 04:57:22 localhost kernel: [    0.000000] OF: reserved mem: initialized node linux,cma@88000000, compatible id shared-dma-pool
Nov 22 04:57:22 localhost kernel: [    0.000000] Zone ranges:
Nov 22 04:57:22 localhost kernel: [    0.000000]   DMA      [mem 0x0000000084000000-0x00000000ffffffff]
Nov 22 04:57:22 localhost kernel: [    0.000000]   DMA32    empty
Nov 22 04:57:22 localhost kernel: [    0.000000]   Normal   [mem 0x0000000100000000-0x000000017fffffff]
Nov 22 04:57:22 localhost kernel: [    0.000000] Movable zone start for each node
Nov 22 04:57:22 localhost kernel: [    0.000000] Early memory node ranges
Nov 22 04:57:22 localhost kernel: [    0.000000]   node   0: [mem 0x0000000084000000-0x000000009fe7efff]
Nov 22 04:57:22 localhost kernel: [    0.000000]   node   0: [mem 0x000000009fe7f000-0x00000000a207ffff]
Nov 22 04:57:22 localhost kernel: [    0.000000]   node   0: [mem 0x00000000a2080000-0x000000017fffffff]
Nov 22 04:57:22 localhost kernel: [    0.000000] Initmem setup node 0 [mem 0x0000000084000000-0x000000017fffffff]
Nov 22 04:57:22 localhost kernel: [    0.000000] On node 0, zone DMA: 16384 pages in unavailable ranges
Nov 22 04:57:22 localhost kernel: [    0.000000] psci: probing for conduit method from DT.
Nov 22 04:57:22 localhost kernel: [    0.000000] psci: PSCIv1.1 detected in firmware.
Nov 22 04:57:22 localhost kernel: [    0.000000] psci: Using standard PSCI v0.2 function IDs
Nov 22 04:57:22 localhost kernel: [    0.000000] psci: Trusted OS migration not required
Nov 22 04:57:22 localhost kernel: [    0.000000] psci: SMC Calling Convention v1.2
Nov 22 04:57:22 localhost kernel: [    0.000000] percpu: Embedded 18 pages/cpu s34280 r8192 d31256 u73728
Nov 22 04:57:22 localhost kernel: [    0.000000] pcpu-alloc: s34280 r8192 d31256 u73728 alloc=18*4096
Nov 22 04:57:22 localhost kernel: [    0.000000] pcpu-alloc: [0] 0 [0] 1 [0] 2 [0] 3 [0] 4 [0] 5 [0] 6 [0] 7 
Nov 22 04:57:22 localhost kernel: [    0.000000] Detected VIPT I-cache on CPU0
Nov 22 04:57:22 localhost kernel: [    0.000000] CPU features: detected: GIC system register CPU interface
Nov 22 04:57:22 localhost kernel: [    0.000000] CPU features: detected: Virtualization Host Extensions
Nov 22 04:57:22 localhost kernel: [    0.000000] CPU features: detected: Qualcomm erratum 1009, or ARM erratum 1286807, 2441009
Nov 22 04:57:22 localhost kernel: [    0.000000] CPU features: detected: ARM errata 1165522, 1319367, or 1530923
Nov 22 04:57:22 localhost kernel: [    0.000000] alternatives: applying boot alternatives
Nov 22 04:57:22 localhost kernel: [    0.000000] Built 1 zonelists, mobility grouping on.  Total pages: 1016064
Nov 22 04:57:22 localhost kernel: [    0.000000] Kernel command line: console=ttyS0,921600n8 root=/dev/mmcblk0p9 ro rootwait hobotboot.slot_suffix=_a hobotboot.reason=COLD_BOOT hobotboot.medium=MMC hobotboot.mode=normal hobotboot.ab_switch_reason=normal hobotboot.pmic_type=single-pmic    
Nov 22 04:57:22 localhost kernel: [    0.000000] Dentry cache hash table entries: 524288 (order: 10, 4194304 bytes, linear)
Nov 22 04:57:22 localhost kernel: [    0.000000] Inode-cache hash table entries: 262144 (order: 9, 2097152 bytes, linear)
Nov 22 04:57:22 localhost kernel: [    0.000000] mem auto-init: stack:off, heap alloc:off, heap free:off
Nov 22 04:57:22 localhost kernel: [    0.000000] software IO TLB: area num 8.
Nov 22 04:57:22 localhost kernel: [    0.000000] software IO TLB: mapped [mem 0x00000000fbfff000-0x00000000fffff000] (64MB)
Nov 22 04:57:22 localhost kernel: [    0.000000] Memory: 2943588K/4128768K available (10752K kernel code, 1152K rwdata, 4092K rodata, 2176K init, 3217K bss, 794012K reserved, 391168K cma-reserved)
Nov 22 04:57:22 localhost kernel: [    0.000000] SLUB: HWalign=64, Order=0-3, MinObjects=0, CPUs=8, Nodes=1
Nov 22 04:57:22 localhost kernel: [    0.000000] rcu: Preemptible hierarchical RCU implementation.
Nov 22 04:57:22 localhost kernel: [    0.000000] rcu: 	RCU event tracing is enabled.
Nov 22 04:57:22 localhost kernel: [    0.000000] rcu: RCU calculated value of scheduler-enlistment delay is 10 jiffies.
Nov 22 04:57:22 localhost kernel: [    0.000000] NR_IRQS: 64, nr_irqs: 64, preallocated irqs: 0
Nov 22 04:57:22 localhost kernel: [    0.000000] GICv3: GIC: Using split EOI/Deactivate mode
Nov 22 04:57:22 localhost kernel: [    0.000000] GICv3: 256 SPIs implemented
Nov 22 04:57:22 localhost kernel: [    0.000000] GICv3: 0 Extended SPIs implemented
Nov 22 04:57:22 localhost kernel: [    0.000000] Root IRQ handler: gic_handle_irq
Nov 22 04:57:22 localhost kernel: [    0.000000] GICv3: GICv3 features: 16 PPIs
Nov 22 04:57:22 localhost kernel: [    0.000000] GICv3: CPU0: found redistributor 0 region 0:0x0000000030140000
Nov 22 04:57:22 localhost kernel: [    0.000000] rcu: srcu_init: Setting srcu_struct sizes based on contention.
Nov 22 04:57:22 localhost kernel: [    0.000000] arch_timer: cp15 timer(s) running at 24.00MHz (phys).
Nov 22 04:57:22 localhost kernel: [    0.000000] clocksource: arch_sys_counter: mask: 0xffffffffffffff max_cycles: 0x588fe9dc0, max_idle_ns: 440795202592 ns
Nov 22 04:57:22 localhost kernel: [    0.000000] sched_clock: 56 bits at 24MHz, resolution 41ns, wraps every 4398046511097ns
Nov 22 04:57:22 localhost kernel: [    0.000842] Console: colour dummy device 80x25
Nov 22 04:57:22 localhost kernel: [    0.000884] Calibrating delay loop (skipped), value calculated using timer frequency.. 48.00 BogoMIPS (lpj=240000)
Nov 22 04:57:22 localhost kernel: [    0.000894] pid_max: default: 32768 minimum: 301
Nov 22 04:57:22 localhost kernel: [    0.001002] Mount-cache hash table entries: 8192 (order: 4, 65536 bytes, linear)
Nov 22 04:57:22 localhost kernel: [    0.001018] Mountpoint-cache hash table entries: 8192 (order: 4, 65536 bytes, linear)
Nov 22 04:57:22 localhost kernel: [    0.002610] rcu: Hierarchical SRCU implementation.
Nov 22 04:57:22 localhost kernel: [    0.002614] rcu: 	Max phase no-delay instances is 1000.
Nov 22 04:57:22 localhost kernel: [    0.003378] EFI services will not be available.
Nov 22 04:57:22 localhost kernel: [    0.003785] smp: Bringing up secondary CPUs ...
Nov 22 04:57:22 localhost kernel: [    0.015204] Detected VIPT I-cache on CPU1
Nov 22 04:57:22 localhost kernel: [    0.015296] GICv3: CPU1: found redistributor 100 region 0:0x0000000030160000
Nov 22 04:57:22 localhost kernel: [    0.015329] CPU1: Booted secondary processor 0x0000000100 [0x412fd050]
Nov 22 04:57:22 localhost kernel: [    0.026773] Detected VIPT I-cache on CPU2
Nov 22 04:57:22 localhost kernel: [    0.026844] GICv3: CPU2: found redistributor 200 region 0:0x0000000030180000
Nov 22 04:57:22 localhost kernel: [    0.026867] CPU2: Booted secondary processor 0x0000000200 [0x412fd050]
Nov 22 04:57:22 localhost kernel: [    0.038282] Detected VIPT I-cache on CPU3
Nov 22 04:57:22 localhost kernel: [    0.038352] GICv3: CPU3: found redistributor 300 region 0:0x00000000301a0000
Nov 22 04:57:22 localhost kernel: [    0.038373] CPU3: Booted secondary processor 0x0000000300 [0x412fd050]
Nov 22 04:57:22 localhost kernel: [    0.049785] Detected VIPT I-cache on CPU4
Nov 22 04:57:22 localhost kernel: [    0.049864] GICv3: CPU4: found redistributor 400 region 0:0x00000000301c0000
Nov 22 04:57:22 localhost kernel: [    0.049883] CPU4: Booted secondary processor 0x0000000400 [0x412fd050]
Nov 22 04:57:22 localhost kernel: [    0.061297] Detected VIPT I-cache on CPU5
Nov 22 04:57:22 localhost kernel: [    0.061373] GICv3: CPU5: found redistributor 500 region 0:0x00000000301e0000
Nov 22 04:57:22 localhost kernel: [    0.061393] CPU5: Booted secondary processor 0x0000000500 [0x412fd050]
Nov 22 04:57:22 localhost kernel: [    0.072804] Detected VIPT I-cache on CPU6
Nov 22 04:57:22 localhost kernel: [    0.072879] GICv3: CPU6: found redistributor 600 region 0:0x0000000030200000
Nov 22 04:57:22 localhost kernel: [    0.072899] CPU6: Booted secondary processor 0x0000000600 [0x412fd050]
Nov 22 04:57:22 localhost kernel: [    0.084325] Detected VIPT I-cache on CPU7
Nov 22 04:57:22 localhost kernel: [    0.084406] GICv3: CPU7: found redistributor 700 region 0:0x0000000030220000
Nov 22 04:57:22 localhost kernel: [    0.084425] CPU7: Booted secondary processor 0x0000000700 [0x412fd050]
Nov 22 04:57:22 localhost kernel: [    0.084489] smp: Brought up 1 node, 8 CPUs
Nov 22 04:57:22 localhost kernel: [    0.084496] SMP: Total of 8 processors activated.
Nov 22 04:57:22 localhost kernel: [    0.084500] CPU features: detected: 32-bit EL0 Support
Nov 22 04:57:22 localhost kernel: [    0.084503] CPU features: detected: Data cache clean to the PoU not required for I/D coherence
Nov 22 04:57:22 localhost kernel: [    0.084507] CPU features: detected: Common not Private translations
Nov 22 04:57:22 localhost kernel: [    0.084510] CPU features: detected: CRC32 instructions
Nov 22 04:57:22 localhost kernel: [    0.084515] CPU features: detected: RCpc load-acquire (LDAPR)
Nov 22 04:57:22 localhost kernel: [    0.084518] CPU features: detected: LSE atomic instructions
Nov 22 04:57:22 localhost kernel: [    0.084521] CPU features: detected: Privileged Access Never
Nov 22 04:57:22 localhost kernel: [    0.084523] CPU features: detected: RAS Extension Support
Nov 22 04:57:22 localhost kernel: [    0.084529] CPU features: detected: Speculative Store Bypassing Safe (SSBS)
Nov 22 04:57:22 localhost kernel: [    0.084602] CPU: All CPU(s) started at EL2
Nov 22 04:57:22 localhost kernel: [    0.084605] alternatives: applying system-wide alternatives
Nov 22 04:57:22 localhost kernel: [    0.088269] devtmpfs: initialized
Nov 22 04:57:22 localhost kernel: [    0.105736] clocksource: jiffies: mask: 0xffffffff max_cycles: 0xffffffff, max_idle_ns: 19112604462750000 ns
Nov 22 04:57:22 localhost kernel: [    0.105753] futex hash table entries: 2048 (order: 5, 131072 bytes, linear)
Nov 22 04:57:22 localhost kernel: [    0.114400] pinctrl core: initialized pinctrl subsystem
Nov 22 04:57:22 localhost kernel: [    0.114937] DMI not present or invalid.
Nov 22 04:57:22 localhost kernel: [    0.114945] hb_pl320_mbox_init...
Nov 22 04:57:22 localhost kernel: [    0.115391] NET: Registered PF_NETLINK/PF_ROUTE protocol family
Nov 22 04:57:22 localhost kernel: [    0.116126] DMA: preallocated 512 KiB GFP_KERNEL pool for atomic allocations
Nov 22 04:57:22 localhost kernel: [    0.116242] DMA: preallocated 512 KiB GFP_KERNEL|GFP_DMA pool for atomic allocations
Nov 22 04:57:22 localhost kernel: [    0.116396] DMA: preallocated 512 KiB GFP_KERNEL|GFP_DMA32 pool for atomic allocations
Nov 22 04:57:22 localhost kernel: [    0.116442] audit: initializing netlink subsys (disabled)
Nov 22 04:57:22 localhost kernel: [    0.116583] audit: type=2000 audit(0.100:1): state=initialized audit_enabled=0 res=1
Nov 22 04:57:22 localhost kernel: [    0.116947] thermal_sys: Registered thermal governor 'step_wise'
Nov 22 04:57:22 localhost kernel: [    0.116953] thermal_sys: Registered thermal governor 'user_space'
Nov 22 04:57:22 localhost kernel: [    0.116988] cpuidle: using governor menu
Nov 22 04:57:22 localhost kernel: [    0.117154] hw-breakpoint: found 6 breakpoint and 4 watchpoint registers.
Nov 22 04:57:22 localhost kernel: [    0.117279] ASID allocator initialised with 65536 entries
Nov 22 04:57:22 localhost kernel: [    0.117476] hb_ipc_init...
Nov 22 04:57:22 localhost kernel: [    0.118776] printk: console [ramoops-1] enabled
Nov 22 04:57:22 localhost kernel: [    0.118781] pstore: Registered ramoops as persistent store backend
Nov 22 04:57:22 localhost kernel: [    0.118787] ramoops: using 0x40000@0xa4080000, ecc: 0
Nov 22 04:57:22 localhost kernel: [    0.133488] platform 3d080000.csi: Fixed dependency cycle(s) with /soc/a55_apb0/i2c@340d0000/sc230ai@30
Nov 22 04:57:22 localhost kernel: [    0.134307] amba 2c001000.funnel: Fixed dependency cycle(s) with /soc/etm@2d740000
Nov 22 04:57:22 localhost kernel: [    0.134324] amba 2c001000.funnel: Fixed dependency cycle(s) with /soc/etm@2d640000
Nov 22 04:57:22 localhost kernel: [    0.134338] amba 2c001000.funnel: Fixed dependency cycle(s) with /soc/etm@2d540000
Nov 22 04:57:22 localhost kernel: [    0.134371] amba 2c001000.funnel: Fixed dependency cycle(s) with /soc/etm@2d440000
Nov 22 04:57:22 localhost kernel: [    0.134383] amba 2c001000.funnel: Fixed dependency cycle(s) with /soc/etm@2d340000
Nov 22 04:57:22 localhost kernel: [    0.134395] amba 2c001000.funnel: Fixed dependency cycle(s) with /soc/etm@2d240000
Nov 22 04:57:22 localhost kernel: [    0.134407] amba 2c001000.funnel: Fixed dependency cycle(s) with /soc/etm@2d140000
Nov 22 04:57:22 localhost kernel: [    0.134421] amba 2c001000.funnel: Fixed dependency cycle(s) with /soc/etm@2d040000
Nov 22 04:57:22 localhost kernel: [    0.134440] amba 2c001000.funnel: Fixed dependency cycle(s) with /soc/etf@2c002000
Nov 22 04:57:22 localhost kernel: [    0.134530] amba 2c001000.funnel: Fixed dependency cycle(s) with /soc/etf@2c002000
Nov 22 04:57:22 localhost kernel: [    0.134592] amba 2c002000.etf: Fixed dependency cycle(s) with /soc/replicator@2c004000
Nov 22 04:57:22 localhost kernel: [    0.134624] amba 2c002000.etf: Fixed dependency cycle(s) with /soc/funnel@2c001000
Nov 22 04:57:22 localhost kernel: [    0.134753] amba 2c003000.etr: Fixed dependency cycle(s) with /soc/replicator@2c004000
Nov 22 04:57:22 localhost kernel: [    0.134850] amba 2c003000.etr: Fixed dependency cycle(s) with /soc/replicator@2c004000
Nov 22 04:57:22 localhost kernel: [    0.134903] amba 2c002000.etf: Fixed dependency cycle(s) with /soc/replicator@2c004000
Nov 22 04:57:22 localhost kernel: [    0.134973] amba 2c004000.replicator: Fixed dependency cycle(s) with /soc/etf@2c002000
Nov 22 04:57:22 localhost kernel: [    0.135021] amba 2c004000.replicator: Fixed dependency cycle(s) with /soc/etr@2c003000
Nov 22 04:57:22 localhost kernel: [    0.135072] amba 2c004000.replicator: Fixed dependency cycle(s) with /soc/tpiu@2c005000
Nov 22 04:57:22 localhost kernel: [    0.135148] amba 2c004000.replicator: Fixed dependency cycle(s) with /soc/tpiu@2c005000
Nov 22 04:57:22 localhost kernel: [    0.135219] amba 2c005000.tpiu: Fixed dependency cycle(s) with /soc/replicator@2c004000
Nov 22 04:57:22 localhost kernel: [    0.135418] amba 2c001000.funnel: Fixed dependency cycle(s) with /soc/etm@2d040000
Nov 22 04:57:22 localhost kernel: [    0.135493] amba 2d040000.etm: Fixed dependency cycle(s) with /soc/funnel@2c001000
Nov 22 04:57:22 localhost kernel: [    0.135653] amba 2c001000.funnel: Fixed dependency cycle(s) with /soc/etm@2d140000
Nov 22 04:57:22 localhost kernel: [    0.135728] amba 2d140000.etm: Fixed dependency cycle(s) with /soc/funnel@2c001000
Nov 22 04:57:22 localhost kernel: [    0.135881] amba 2c001000.funnel: Fixed dependency cycle(s) with /soc/etm@2d240000
Nov 22 04:57:22 localhost kernel: [    0.135958] amba 2d240000.etm: Fixed dependency cycle(s) with /soc/funnel@2c001000
Nov 22 04:57:22 localhost kernel: [    0.136118] amba 2c001000.funnel: Fixed dependency cycle(s) with /soc/etm@2d340000
Nov 22 04:57:22 localhost kernel: [    0.136197] amba 2d340000.etm: Fixed dependency cycle(s) with /soc/funnel@2c001000
Nov 22 04:57:22 localhost kernel: [    0.136353] amba 2c001000.funnel: Fixed dependency cycle(s) with /soc/etm@2d440000
Nov 22 04:57:22 localhost kernel: [    0.136423] amba 2d440000.etm: Fixed dependency cycle(s) with /soc/funnel@2c001000
Nov 22 04:57:22 localhost kernel: [    0.136579] amba 2c001000.funnel: Fixed dependency cycle(s) with /soc/etm@2d540000
Nov 22 04:57:22 localhost kernel: [    0.136652] amba 2d540000.etm: Fixed dependency cycle(s) with /soc/funnel@2c001000
Nov 22 04:57:22 localhost kernel: [    0.136805] amba 2c001000.funnel: Fixed dependency cycle(s) with /soc/etm@2d640000
Nov 22 04:57:22 localhost kernel: [    0.136879] amba 2d640000.etm: Fixed dependency cycle(s) with /soc/funnel@2c001000
Nov 22 04:57:22 localhost kernel: [    0.137030] amba 2c001000.funnel: Fixed dependency cycle(s) with /soc/etm@2d740000
Nov 22 04:57:22 localhost kernel: [    0.137103] amba 2d740000.etm: Fixed dependency cycle(s) with /soc/funnel@2c001000
Nov 22 04:57:22 localhost kernel: [    0.147266] horizon-aon-pinctrl 31040000.aon_iomuxc: Initialized D-Robotics pinctrl driver
Nov 22 04:57:22 localhost kernel: [    0.149070] (NULL device *): no horizon,gpio-banks in node /soc/disp_apb/disp_iomuxc@3e0a0054
Nov 22 04:57:22 localhost kernel: [    0.149301] horizon-disp-pinctrl 3e0a0054.disp_iomuxc: Initialized D-Robotics pinctrl driver
Nov 22 04:57:22 localhost kernel: [    0.149575] platform 3e000000.disp_apb:bt1120-wb-syscon-bridge: Fixed dependency cycle(s) with /soc/disp_apb/bt1120_bridge_wb
Nov 22 04:57:22 localhost kernel: [    0.149715] platform 3e080000.vs-sif: Fixed dependency cycle(s) with /soc/disp_apb/bt1120_bridge_wb
Nov 22 04:57:22 localhost kernel: [    0.150037] platform 3e080000.vs-sif: Fixed dependency cycle(s) with /soc/disp_apb/bt1120_bridge_wb
Nov 22 04:57:22 localhost kernel: [    0.150081] platform 3e000000.disp_apb:bt1120-wb-syscon-bridge: Fixed dependency cycle(s) with /soc/disp_apb/bt1120_bridge_wb
Nov 22 04:57:22 localhost kernel: [    0.150126] platform 3e000000.disp_apb:bt1120_bridge_wb: Fixed dependency cycle(s) with /soc/disp_apb/bt1120-wb-syscon-bridge
Nov 22 04:57:22 localhost kernel: [    0.150172] platform 3e000000.disp_apb:bt1120_bridge_wb: Fixed dependency cycle(s) with /soc/disp_apb/vs-sif@3e080000
Nov 22 04:57:22 localhost kernel: [    0.154177] horizon-hsio-pinctrl 35050000.hsio_iomuxc: Initialized D-Robotics pinctrl driver
Nov 22 04:57:22 localhost kernel: [    0.156881] horizon-dsp-pinctrl 31040014.dsp_iomuxc: Initialized D-Robotics pinctrl driver
Nov 22 04:57:22 localhost kernel: [    0.157371] hobot-pl320 33000000.mailbox0: get_mbox_dev_resource, mbox->base = (____ptrval____)
Nov 22 04:57:22 localhost kernel: [    0.157982] hobot-pl320 33000000.mailbox0: PL320 Mailbox registered
Nov 22 04:57:22 localhost kernel: [    0.163592] horizon-lsio-pinctrl 34180000.lsio_iomuxc: Initialized D-Robotics pinctrl driver
Nov 22 04:57:22 localhost kernel: [    0.166742] KASLR disabled due to lack of seed
Nov 22 04:57:22 localhost kernel: [    0.166830] sysfs: cannot create duplicate filename '/module/hobot_pps/version'
Nov 22 04:57:22 localhost kernel: [    0.166836] CPU: 0 PID: 1 Comm: swapper/0 Not tainted 6.1.83-DR-PL5.2_V1.1.1 #11
Nov 22 04:57:22 localhost kernel: [    0.166842] Hardware name: D-Robotics X5 EVB LP4 1_B board (DT)
Nov 22 04:57:22 localhost kernel: [    0.166847] Call trace:
Nov 22 04:57:22 localhost kernel: [    0.166850]  dump_backtrace+0xd8/0x130
Nov 22 04:57:22 localhost kernel: [    0.166865]  show_stack+0x18/0x30
Nov 22 04:57:22 localhost kernel: [    0.166873]  dump_stack_lvl+0x68/0x84
Nov 22 04:57:22 localhost kernel: [    0.166881]  dump_stack+0x18/0x34
Nov 22 04:57:22 localhost kernel: [    0.166887]  sysfs_warn_dup+0x64/0x80
Nov 22 04:57:22 localhost kernel: [    0.166896]  sysfs_add_file_mode_ns+0x124/0x130
Nov 22 04:57:22 localhost kernel: [    0.166901]  sysfs_create_file_ns+0x7c/0xb4
Nov 22 04:57:22 localhost kernel: [    0.166906]  param_sysfs_init+0xa8/0x1e0
Nov 22 04:57:22 localhost kernel: [    0.166915]  do_one_initcall+0x50/0x1d0
Nov 22 04:57:22 localhost kernel: [    0.166920]  kernel_init_freeable+0x218/0x280
Nov 22 04:57:22 localhost kernel: [    0.166928]  kernel_init+0x24/0x130
Nov 22 04:57:22 localhost kernel: [    0.166934]  ret_from_fork+0x10/0x20
Nov 22 04:57:22 localhost kernel: [    0.166949] ------------[ cut here ]------------
Nov 22 04:57:22 localhost kernel: [    0.166952] WARNING: CPU: 0 PID: 1 at kernel/params.c:877 param_sysfs_init+0xac/0x1e0
Nov 22 04:57:22 localhost kernel: [    0.166962] Modules linked in:
Nov 22 04:57:22 localhost kernel: [    0.166968] CPU: 0 PID: 1 Comm: swapper/0 Not tainted 6.1.83-DR-PL5.2_V1.1.1 #11
Nov 22 04:57:22 localhost kernel: [    0.166975] Hardware name: D-Robotics X5 EVB LP4 1_B board (DT)
Nov 22 04:57:22 localhost kernel: [    0.166978] pstate: 60400009 (nZCv daif +PAN -UAO -TCO -DIT -SSBS BTYPE=--)
Nov 22 04:57:22 localhost kernel: [    0.166984] pc : param_sysfs_init+0xac/0x1e0
Nov 22 04:57:22 localhost kernel: [    0.166994] lr : param_sysfs_init+0xa8/0x1e0
Nov 22 04:57:22 localhost kernel: [    0.167001] sp : ffff80000956bd30
Nov 22 04:57:22 localhost kernel: [    0.167005] x29: ffff80000956bd30 x28: 0000000000000000 x27: ffff800008ea00c8
Nov 22 04:57:22 localhost kernel: [    0.167016] x26: ffff800008f26050 x25: ffff800008f26078 x24: ffff800008e88fe0
Nov 22 04:57:22 localhost kernel: [    0.167027] x23: ffff8000091e5000 x22: 0000000000000000 x21: ffff800008e8c070
Nov 22 04:57:22 localhost kernel: [    0.167038] x20: ffff000080d84e00 x19: ffff800008e8be30 x18: ffffffffffffffff
Nov 22 04:57:22 localhost kernel: [    0.167047] x17: 312e312e31565f32 x16: 2e354c502d52442d x15: ffff80008956b4ca
Nov 22 04:57:22 localhost kernel: [    0.167056] x14: 0000000000000000 x13: ffff8000090d9eb0 x12: 000000000000022e
Nov 22 04:57:22 localhost kernel: [    0.167066] x11: 00000000000000ba x10: ffff800009131eb0 x9 : ffff8000090d9eb0
Nov 22 04:57:22 localhost kernel: [    0.167075] x8 : 00000000ffffefff x7 : ffff800009131eb0 x6 : 0000000000002210
Nov 22 04:57:22 localhost kernel: [    0.167084] x5 : ffff000080044000 x4 : ffff0000ff6ca6d0 x3 : 0000000000000000
Nov 22 04:57:22 localhost kernel: [    0.167094] x2 : 0000000000000000 x1 : ffff000080080000 x0 : 00000000ffffffef
Nov 22 04:57:22 localhost kernel: [    0.167104] Call trace:
Nov 22 04:57:22 localhost kernel: [    0.167106]  param_sysfs_init+0xac/0x1e0
Nov 22 04:57:22 localhost kernel: [    0.167113]  do_one_initcall+0x50/0x1d0
Nov 22 04:57:22 localhost kernel: [    0.167118]  kernel_init_freeable+0x218/0x280
Nov 22 04:57:22 localhost kernel: [    0.167126]  kernel_init+0x24/0x130
Nov 22 04:57:22 localhost kernel: [    0.167132]  ret_from_fork+0x10/0x20
Nov 22 04:57:22 localhost kernel: [    0.167141] ---[ end trace 0000000000000000 ]---
Nov 22 04:57:22 localhost kernel: [    0.171775] HugeTLB: registered 1.00 GiB page size, pre-allocated 0 pages
Nov 22 04:57:22 localhost kernel: [    0.171780] HugeTLB: 0 KiB vmemmap can be freed for a 1.00 GiB page
Nov 22 04:57:22 localhost kernel: [    0.171785] HugeTLB: registered 32.0 MiB page size, pre-allocated 0 pages
Nov 22 04:57:22 localhost kernel: [    0.171788] HugeTLB: 0 KiB vmemmap can be freed for a 32.0 MiB page
Nov 22 04:57:22 localhost kernel: [    0.171792] HugeTLB: registered 2.00 MiB page size, pre-allocated 0 pages
Nov 22 04:57:22 localhost kernel: [    0.171796] HugeTLB: 0 KiB vmemmap can be freed for a 2.00 MiB page
Nov 22 04:57:22 localhost kernel: [    0.171802] HugeTLB: registered 64.0 KiB page size, pre-allocated 0 pages
Nov 22 04:57:22 localhost kernel: [    0.171805] HugeTLB: 0 KiB vmemmap can be freed for a 64.0 KiB page
Nov 22 04:57:22 localhost kernel: [    0.172706] noc_qos 20500000.cpu_ace_qos: qos doesn't have consumer device
Nov 22 04:57:22 localhost kernel: [    0.172735] noc_qos 20500000.cpu_ace_qos: noc qos init finished.
Nov 22 04:57:22 localhost kernel: [    0.172788] noc_qos 20500100.cpu_perif_qos: qos doesn't have consumer device
Nov 22 04:57:22 localhost kernel: [    0.172808] noc_qos 20500100.cpu_perif_qos: noc qos init finished.
Nov 22 04:57:22 localhost kernel: [    0.172864] noc_qos 20510000.bt1120_qos: qos doesn't have consumer device
Nov 22 04:57:22 localhost kernel: [    0.172895] noc_qos 20510000.bt1120_qos: noc qos init finished.
Nov 22 04:57:22 localhost kernel: [    0.172946] noc_qos 20510080.dc8000_qos: qos doesn't have consumer device
Nov 22 04:57:22 localhost kernel: [    0.172969] noc_qos 20510080.dc8000_qos: noc qos init finished.
Nov 22 04:57:22 localhost kernel: [    0.173027] noc_qos 20510100.dw230_gdc_qos: qos doesn't have consumer device
Nov 22 04:57:22 localhost kernel: [    0.173051] noc_qos 20510100.dw230_gdc_qos: noc qos init finished.
Nov 22 04:57:22 localhost kernel: [    0.173103] noc_qos 20510180.dw230_scalar2_qos: qos doesn't have consumer device
Nov 22 04:57:22 localhost kernel: [    0.173129] noc_qos 20510180.dw230_scalar2_qos: noc qos init finished.
Nov 22 04:57:22 localhost kernel: [    0.173184] noc_qos 20510200.dw230_scalar3_qos: qos doesn't have consumer device
Nov 22 04:57:22 localhost kernel: [    0.173210] noc_qos 20510200.dw230_scalar3_qos: noc qos init finished.
Nov 22 04:57:22 localhost kernel: [    0.173269] noc_qos 20510500.sif0_qos: qos doesn't have consumer device
Nov 22 04:57:22 localhost kernel: [    0.173295] noc_qos 20510500.sif0_qos: noc qos init finished.
Nov 22 04:57:22 localhost kernel: [    0.173351] noc_qos 20510580.sif1_qos: qos doesn't have consumer device
Nov 22 04:57:22 localhost kernel: [    0.173378] noc_qos 20510580.sif1_qos: noc qos init finished.
Nov 22 04:57:22 localhost kernel: [    0.173429] noc_qos 20510600.sif2_qos: qos doesn't have consumer device
Nov 22 04:57:22 localhost kernel: [    0.173454] noc_qos 20510600.sif2_qos: noc qos init finished.
Nov 22 04:57:22 localhost kernel: [    0.173507] noc_qos 20510680.sif3_qos: qos doesn't have consumer device
Nov 22 04:57:22 localhost kernel: [    0.173538] noc_qos 20510680.sif3_qos: noc qos init finished.
Nov 22 04:57:22 localhost kernel: [    0.173594] noc_qos 20510700.sif_disp_qos: qos doesn't have consumer device
Nov 22 04:57:22 localhost kernel: [    0.173618] noc_qos 20510700.sif_disp_qos: noc qos init finished.
Nov 22 04:57:22 localhost kernel: [    0.173672] noc_qos 20550000.dma0_qos: qos doesn't have consumer device
Nov 22 04:57:22 localhost kernel: [    0.173694] noc_qos 20550000.dma0_qos: noc qos init finished.
Nov 22 04:57:22 localhost kernel: [    0.173746] noc_qos 20550080.emmc_qos: qos doesn't have consumer device
Nov 22 04:57:22 localhost kernel: [    0.173776] noc_qos 20550080.emmc_qos: noc qos init finished.
Nov 22 04:57:22 localhost kernel: [    0.173827] noc_qos 20550100.gmac_qos: qos doesn't have consumer device
Nov 22 04:57:22 localhost kernel: [    0.173850] noc_qos 20550100.gmac_qos: noc qos init finished.
Nov 22 04:57:22 localhost kernel: [    0.173906] noc_qos 20550180.sd_qos: qos doesn't have consumer device
Nov 22 04:57:22 localhost kernel: [    0.173933] noc_qos 20550180.sd_qos: noc qos init finished.
Nov 22 04:57:22 localhost kernel: [    0.173989] noc_qos 20550200.sdio_qos: qos doesn't have consumer device
Nov 22 04:57:22 localhost kernel: [    0.174019] noc_qos 20550200.sdio_qos: noc qos init finished.
Nov 22 04:57:22 localhost kernel: [    0.174066] noc_qos 20550280.security_qos: qos doesn't have consumer device
Nov 22 04:57:22 localhost kernel: [    0.174088] noc_qos 20550280.security_qos: noc qos init finished.
Nov 22 04:57:22 localhost kernel: [    0.174142] noc_qos 20550300.usb2_qos: qos doesn't have consumer device
Nov 22 04:57:22 localhost kernel: [    0.174164] noc_qos 20550300.usb2_qos: noc qos init finished.
Nov 22 04:57:22 localhost kernel: [    0.174218] noc_qos 20550380.usb3_qos: qos doesn't have consumer device
Nov 22 04:57:22 localhost kernel: [    0.174248] noc_qos 20550380.usb3_qos: noc qos init finished.
Nov 22 04:57:22 localhost kernel: [    0.174300] noc_qos 20550400.etr_qos: qos doesn't have consumer device
Nov 22 04:57:22 localhost kernel: [    0.174319] noc_qos 20550400.etr_qos: noc qos init finished.
Nov 22 04:57:22 localhost kernel: [    0.175172] iommu: Default domain type: Translated 
Nov 22 04:57:22 localhost kernel: [    0.175177] iommu: DMA domain TLB invalidation policy: strict mode 
Nov 22 04:57:22 localhost kernel: [    0.176859] SCSI subsystem initialized
Nov 22 04:57:22 localhost kernel: [    0.176966] usbcore: registered new interface driver usbfs
Nov 22 04:57:22 localhost kernel: [    0.176989] usbcore: registered new interface driver hub
Nov 22 04:57:22 localhost kernel: [    0.177015] usbcore: registered new device driver usb
Nov 22 04:57:22 localhost kernel: [    0.177293] mc: Linux media interface: v0.10
Nov 22 04:57:22 localhost kernel: [    0.177324] videodev: Linux video capture interface: v2.00
Nov 22 04:57:22 localhost kernel: [    0.177350] pps_core: LinuxPPS API ver. 1 registered
Nov 22 04:57:22 localhost kernel: [    0.177354] pps_core: Software ver. 5.3.6 - Copyright 2005-2007 Rodolfo Giometti <giometti@linux.it>
Nov 22 04:57:22 localhost kernel: [    0.177367] PTP clock support registered
Nov 22 04:57:22 localhost kernel: [    0.177612] hobot_ion: Reserved ion-pool MEM start 0xa4100000, size 0xc000000
Nov 22 04:57:22 localhost kernel: [    0.177673] hobot_ion: Reserved ion-carveout MEM start 0xb0100000, size 0xc000000
Nov 22 04:57:22 localhost kernel: [    0.177761] hobot_ion: Reserved ion-cma MEM start 0xbc100000, size 0xc000000
Nov 22 04:57:22 localhost kernel: [    0.199315] Advanced Linux Sound Architecture Driver Initialized.
Nov 22 04:57:22 localhost kernel: [    0.199839] clocksource: Switched to clocksource arch_sys_counter
Nov 22 04:57:22 localhost kernel: [    0.204545] NET: Registered PF_INET protocol family
Nov 22 04:57:22 localhost kernel: [    0.204683] IP idents hash table entries: 65536 (order: 7, 524288 bytes, linear)
Nov 22 04:57:22 localhost kernel: [    0.206967] tcp_listen_portaddr_hash hash table entries: 2048 (order: 3, 32768 bytes, linear)
Nov 22 04:57:22 localhost kernel: [    0.206996] Table-perturb hash table entries: 65536 (order: 6, 262144 bytes, linear)
Nov 22 04:57:22 localhost kernel: [    0.207006] TCP established hash table entries: 32768 (order: 6, 262144 bytes, linear)
Nov 22 04:57:22 localhost kernel: [    0.207151] TCP bind hash table entries: 32768 (order: 8, 1048576 bytes, linear)
Nov 22 04:57:22 localhost kernel: [    0.207749] TCP: Hash tables configured (established 32768 bind 32768)
Nov 22 04:57:22 localhost kernel: [    0.207821] UDP hash table entries: 2048 (order: 4, 65536 bytes, linear)
Nov 22 04:57:22 localhost kernel: [    0.207867] UDP-Lite hash table entries: 2048 (order: 4, 65536 bytes, linear)
Nov 22 04:57:22 localhost kernel: [    0.208008] NET: Registered PF_UNIX/PF_LOCAL protocol family
Nov 22 04:57:22 localhost kernel: [    0.208239] RPC: Registered named UNIX socket transport module.
Nov 22 04:57:22 localhost kernel: [    0.208244] RPC: Registered udp transport module.
Nov 22 04:57:22 localhost kernel: [    0.208247] RPC: Registered tcp transport module.
Nov 22 04:57:22 localhost kernel: [    0.208250] RPC: Registered tcp NFSv4.1 backchannel transport module.
Nov 22 04:57:22 localhost kernel: [    0.209313] hw perfevents: enabled with armv8_pmuv3 PMU driver, 7 counters available
Nov 22 04:57:22 localhost kernel: [    0.211060] Initialise system trusted keyrings
Nov 22 04:57:22 localhost kernel: [    0.211160] workingset: timestamp_bits=46 max_order=20 bucket_order=0
Nov 22 04:57:22 localhost kernel: [    0.214724] pstore: success mode=2
Nov 22 04:57:22 localhost kernel: [    0.243141] NET: Registered PF_ALG protocol family
Nov 22 04:57:22 localhost kernel: [    0.243155] Key type asymmetric registered
Nov 22 04:57:22 localhost kernel: [    0.243159] Asymmetric key parser 'x509' registered
Nov 22 04:57:22 localhost kernel: [    0.243191] Block layer SCSI generic (bsg) driver version 0.4 loaded (major 246)
Nov 22 04:57:22 localhost kernel: [    0.243197] io scheduler mq-deadline registered
Nov 22 04:57:22 localhost kernel: [    0.243202] io scheduler kyber registered
Nov 22 04:57:22 localhost kernel: [    0.250107] dw_axi_dmac_platform 32080000.dma-controller: DesignWare AXI DMA Controller, 8 channels
Nov 22 04:57:22 localhost kernel: [    0.250644] dw_axi_dmac_platform 34200000.dma-controller: DesignWare AXI DMA Controller, 12 channels
Nov 22 04:57:22 localhost kernel: [    0.250702] Start socinfo driver init
Nov 22 04:57:22 localhost kernel: [    0.250742] socinfo 31021008.socinfo: Start socinfo probe.
Nov 22 04:57:22 localhost kernel: [    0.250797] socinfo 31021008.socinfo: Socinfo probe end with retval: 0
Nov 22 04:57:22 localhost kernel: [    0.251329] axi_monitor 38100000.axi-mon: AXI-Clk: 800000000Hz
Nov 22 04:57:22 localhost kernel: [    0.251342] axi_monitor 38100000.axi-mon: APB-Clk: 200000000Hz
Nov 22 04:57:22 localhost kernel: [    0.251347] axi_monitor 38100000.axi-mon: Maximum session time 343000 millisecs
Nov 22 04:57:22 localhost kernel: [    0.251363] axi_monitor 38100000.axi-mon: Got axi-port num:5
Nov 22 04:57:22 localhost kernel: [    0.251371] axi_monitor 38100000.axi-mon: Got new axi-port:cpu, idx:0
Nov 22 04:57:22 localhost kernel: [    0.251378] axi_monitor 38100000.axi-mon: Got new axi-port:bpu, idx:1
Nov 22 04:57:22 localhost kernel: [    0.251383] axi_monitor 38100000.axi-mon: Got new axi-port:vin, idx:2
Nov 22 04:57:22 localhost kernel: [    0.251389] axi_monitor 38100000.axi-mon: Got new axi-port:codec, idx:3
Nov 22 04:57:22 localhost kernel: [    0.251396] axi_monitor 38100000.axi-mon: Got new axi-port:gpu, idx:4
Nov 22 04:57:22 localhost kernel: [    0.251584] axi_monitor 38100000.axi-mon: DDR Perf Monitor probed successfully.
Nov 22 04:57:22 localhost kernel: [    0.252330] hobot_dsp_init start
Nov 22 04:57:22 localhost kernel: [    0.252455] hobot-dsp dsp0: hobot_dsp_probe start
Nov 22 04:57:22 localhost kernel: [    0.252463] hobot-dsp dsp0: dsp_smmu_init: dsp0 DMA mask 32bit.
Nov 22 04:57:22 localhost kernel: [    0.252625] hobot-dsp dsp0: hobot_dsp_probe dsp0 Registered successfully
Nov 22 04:57:22 localhost kernel: [    0.252663] hobot_dsp_init end
Nov 22 04:57:22 localhost kernel: [    0.254615] Serial: 8250/16550 driver, 8 ports, IRQ sharing disabled
Nov 22 04:57:22 localhost kernel: [    0.256290] printk: console [ttyS0] disabled
Nov 22 04:57:22 localhost kernel: [    0.256335] 32120000.serial: ttyS0 at MMIO 0x32120000 (irq = 29, base_baud = 12656250) is a 16550A
Nov 22 04:57:22 localhost kernel: [    0.257573] printk: console [ttyS0] enabled
Nov 22 04:57:22 localhost kernel: [    0.258075] 34080000.serial: ttyS2 at MMIO 0x34080000 (irq = 30, base_baud = 12500000) is a 16550A
Nov 22 04:57:22 localhost kernel: [    0.258553] 34090000.serial: ttyS3 at MMIO 0x34090000 (irq = 31, base_baud = 12500000) is a 16550A
Nov 22 04:57:22 localhost kernel: [    0.259033] 340a0000.serial: ttyS4 at MMIO 0x340a0000 (irq = 32, base_baud = 12500000) is a 16550A
Nov 22 04:57:22 localhost kernel: [    0.259510] 341a0000.serial: ttyS5 at MMIO 0x341a0000 (irq = 33, base_baud = 12500000) is a 16550A
Nov 22 04:57:22 localhost kernel: [    0.265972] brd: module loaded
Nov 22 04:57:22 localhost kernel: [    0.269536] loop: module loaded
Nov 22 04:57:22 localhost kernel: [    0.271270] dw_spi_mmio 35000000.spi: bit_offset = 0
Nov 22 04:57:22 localhost kernel: [    0.271337] dw_spi_mmio 35000000.spi: DMA init failed
Nov 22 04:57:22 localhost kernel: [    0.459845] random: crng init done
Nov 22 04:57:22 localhost kernel: [    0.671855] spi-nand: probe of spi7.0 failed with error -110
Nov 22 04:57:22 localhost kernel: [    0.672349] dw_spi_mmio 34020000.spi: bit_offset = 0
Nov 22 04:57:22 localhost kernel: [    0.673766] CAN device driver interface
Nov 22 04:57:22 localhost kernel: [    1.685887] mcp251x spi2.0: MCP251x didn't enter in conf mode after reset
Nov 22 04:57:22 localhost kernel: [    1.686845] mcp251x spi2.0: Probe failed, err=110
Nov 22 04:57:22 localhost kernel: [    1.687481] mcp251x: probe of spi2.0 failed with error -110
Nov 22 04:57:22 localhost kernel: [    1.688085] dwc-eth-dwmac 35010000.gmac-tsn: phy is in rmii mode
Nov 22 04:57:22 localhost kernel: [    1.688099] dwc-eth-dwmac 35010000.gmac-tsn: set enet rmii and clk turn on
Nov 22 04:57:22 localhost kernel: [    1.688111] dwc-eth-dwmac 35010000.gmac-tsn: x5_eqos: clk_prepare_enable axi_clk rate=400000000 Hz
Nov 22 04:57:22 localhost kernel: [    1.688121] dwc-eth-dwmac 35010000.gmac-tsn: x5_eqos: clk_prepare_enable rgmii_clk rate=125000000 Hz
Nov 22 04:57:22 localhost kernel: [    1.688175] dwc-eth-dwmac 35010000.gmac-tsn: test phy is in rmii mode phyreset 1
Nov 22 04:57:22 localhost kernel: [    1.799852] dwc-eth-dwmac 35010000.gmac-tsn: test phy is in rmii mode phyreset 0 
Nov 22 04:57:22 localhost kernel: [    1.919845] dwc-eth-dwmac 35010000.gmac-tsn: test phy is in rmii mode phyreset 1
Nov 22 04:57:22 localhost kernel: [    1.919964] dwc-eth-dwmac 35010000.gmac-tsn: User ID: 0x10, Synopsys ID: 0x53
Nov 22 04:57:22 localhost kernel: [    1.919975] dwc-eth-dwmac 35010000.gmac-tsn: 	DWMAC4/5
Nov 22 04:57:22 localhost kernel: [    1.919981] dwc-eth-dwmac 35010000.gmac-tsn: DMA HW capability register supported
Nov 22 04:57:22 localhost kernel: [    1.919986] dwc-eth-dwmac 35010000.gmac-tsn: RX Checksum Offload Engine supported
Nov 22 04:57:22 localhost kernel: [    1.919990] dwc-eth-dwmac 35010000.gmac-tsn: TX Checksum insertion supported
Nov 22 04:57:22 localhost kernel: [    1.919994] dwc-eth-dwmac 35010000.gmac-tsn: Wake-Up On Lan supported
Nov 22 04:57:22 localhost kernel: [    1.920031] dwc-eth-dwmac 35010000.gmac-tsn: TSO supported
Nov 22 04:57:22 localhost kernel: [    1.920036] dwc-eth-dwmac 35010000.gmac-tsn: Enable RX Mitigation via HW Watchdog Timer
Nov 22 04:57:22 localhost kernel: [    1.920053] dwc-eth-dwmac 35010000.gmac-tsn: device MAC address ba:88:87:e3:ee:05
Nov 22 04:57:22 localhost kernel: [    1.920061] dwc-eth-dwmac 35010000.gmac-tsn: Enabled L3L4 Flow TC (entries=8)
Nov 22 04:57:22 localhost kernel: [    1.920068] dwc-eth-dwmac 35010000.gmac-tsn: Enabled RFS Flow TC (entries=10)
Nov 22 04:57:22 localhost kernel: [    1.920077] dwc-eth-dwmac 35010000.gmac-tsn: Enabling HW TC (entries=128, max_off=256)
Nov 22 04:57:22 localhost kernel: [    1.920083] dwc-eth-dwmac 35010000.gmac-tsn: TSO feature enabled
Nov 22 04:57:22 localhost kernel: [    1.920088] dwc-eth-dwmac 35010000.gmac-tsn: Using 40/40 bits DMA host/device width
Nov 22 04:57:22 localhost kernel: [    1.928580] usbcore: registered new interface driver cdc_ether
Nov 22 04:57:22 localhost kernel: [    1.928607] usbcore: registered new interface driver r8153_ecm
Nov 22 04:57:22 localhost kernel: [    1.930455] usbcore: registered new interface driver cdc_acm
Nov 22 04:57:22 localhost kernel: [    1.930461] cdc_acm: USB Abstract Control Model driver for USB modems and ISDN adapters
Nov 22 04:57:22 localhost kernel: [    1.930550] usbcore: registered new interface driver uas
Nov 22 04:57:22 localhost kernel: [    1.930578] usbcore: registered new interface driver usb-storage
Nov 22 04:57:22 localhost kernel: [    1.930632] usbcore: registered new interface driver ch341
Nov 22 04:57:22 localhost kernel: [    1.930647] usbserial: USB Serial support registered for ch341-uart
Nov 22 04:57:22 localhost kernel: [    1.930663] usbcore: registered new interface driver cp210x
Nov 22 04:57:22 localhost kernel: [    1.930679] usbserial: USB Serial support registered for cp210x
Nov 22 04:57:22 localhost kernel: [    1.930697] usbcore: registered new interface driver ftdi_sio
Nov 22 04:57:22 localhost kernel: [    1.930710] usbserial: USB Serial support registered for FTDI USB Serial Device
Nov 22 04:57:22 localhost kernel: [    1.930729] usbcore: registered new interface driver option
Nov 22 04:57:22 localhost kernel: [    1.930743] usbserial: USB Serial support registered for GSM modem (1-port)
Nov 22 04:57:22 localhost kernel: [    1.930759] usbcore: registered new interface driver pl2303
Nov 22 04:57:22 localhost kernel: [    1.930770] usbserial: USB Serial support registered for pl2303
Nov 22 04:57:22 localhost kernel: [    1.930787] usbcore: registered new interface driver wishbone_serial
Nov 22 04:57:22 localhost kernel: [    1.930799] usbserial: USB Serial support registered for wishbone_serial
Nov 22 04:57:22 localhost kernel: [    1.931878] dw-rtc 31010000.rtc: registered as rtc0
Nov 22 04:57:22 localhost kernel: [    1.931896] dw-rtc 31010000.rtc: setting system clock to 1970-01-01T00:00:00 UTC (0)
Nov 22 04:57:22 localhost kernel: [    1.932013] i2c_dev: i2c /dev entries driver
Nov 22 04:57:22 localhost kernel: [    1.932327] pps pps0: new PPS source hobot_pps.-1
Nov 22 04:57:22 localhost kernel: [    1.932333] hobot-pps hobot_pps: register PPS source name:hobot_pps.-1
Nov 22 04:57:22 localhost kernel: [    1.932367] pps pps0: Registered IRQ 39 as PPS source
Nov 22 04:57:22 localhost kernel: [    1.932415] Error: Driver 'hobot-pps' is already registered, aborting...
Nov 22 04:57:22 localhost kernel: [    1.935430] hwmon hwmon0: temp2_input not attached to any thermal zone
Nov 22 04:57:22 localhost kernel: [    1.935791] dw_wdt 34250000.watchdog: No valid TOPs array specified
Nov 22 04:57:22 localhost kernel: [    1.936069] device-mapper: uevent: version 1.0.3
Nov 22 04:57:22 localhost kernel: [    1.936197] device-mapper: ioctl: 4.47.0-ioctl (2022-07-28) initialised: dm-devel@redhat.com
Nov 22 04:57:22 localhost kernel: [    1.936780] sdhci: Secure Digital Host Controller Interface driver
Nov 22 04:57:22 localhost kernel: [    1.936785] sdhci: Copyright(c) Pierre Ossman
Nov 22 04:57:22 localhost kernel: [    1.936788] sdhci-pltfm: SDHCI platform and OF driver helper
Nov 22 04:57:22 localhost kernel: [    1.937310] usbcore: registered new interface driver usbhid
Nov 22 04:57:22 localhost kernel: [    1.937316] usbhid: USB HID core driver
Nov 22 04:57:22 localhost kernel: [    1.937358] sdhci-dwcmshc 35030000.sdhci: mmc set to fixed voltage 1800
Nov 22 04:57:22 localhost kernel: [    1.937382] logger: created 2048K log 'log_main'
Nov 22 04:57:22 localhost kernel: [    1.937388] sdhci-dwcmshc 35040000.sdhci: MSHC_CTRL:0x40
Nov 22 04:57:22 localhost kernel: [    1.937439] logger: created 256K log 'log_events'
Nov 22 04:57:22 localhost kernel: [    1.937493] logger: created 256K log 'log_radio'
Nov 22 04:57:22 localhost kernel: [    1.937547] logger: created 256K log 'log_system'
Nov 22 04:57:22 localhost kernel: [    1.937593] bootloader-log soc:membuff: log stored in 0x87ffc000, size 0x2000
Nov 22 04:57:22 localhost kernel: [    1.937800] module version 0.1 init
Nov 22 04:57:22 localhost kernel: [    1.938027] ipc-shm-hal: ipc_hal_probe(): IPCF device can't register major number.
Nov 22 04:57:22 localhost kernel: [    1.938992] hobot-ipc-hal: probe of ipc_hal failed with error -16
Nov 22 04:57:22 localhost kernel: [    1.939450] x5-ddrc-devfreq soc:ddrc-freq: userspace_gov: 1
Nov 22 04:57:22 localhost kernel: [    1.940057] x5-dfi 38200000.dfi-monitor: apb clk rate: 200000000, interval: 1
Nov 22 04:57:22 localhost kernel: [    1.941853]  cs_system_cfg: CoreSight Configuration manager initialised
Nov 22 04:57:22 localhost kernel: [    1.942330] coresight-tmc 2c003000.etr: Detected dma mask 40bits
Nov 22 04:57:22 localhost kernel: [    1.944414] CSCFG registered etm0
Nov 22 04:57:22 localhost kernel: [    1.944421] coresight etm0: CPU0: etm v4.2 initialized
Nov 22 04:57:22 localhost kernel: [    1.944760] CSCFG registered etm1
Nov 22 04:57:22 localhost kernel: [    1.944765] coresight etm1: CPU1: etm v4.2 initialized
Nov 22 04:57:22 localhost kernel: [    1.945117] CSCFG registered etm2
Nov 22 04:57:22 localhost kernel: [    1.945123] coresight etm2: CPU2: etm v4.2 initialized
Nov 22 04:57:22 localhost kernel: [    1.945461] CSCFG registered etm3
Nov 22 04:57:22 localhost kernel: [    1.945466] coresight etm3: CPU3: etm v4.2 initialized
Nov 22 04:57:22 localhost kernel: [    1.945807] CSCFG registered etm4
Nov 22 04:57:22 localhost kernel: [    1.945813] coresight etm4: CPU4: etm v4.2 initialized
Nov 22 04:57:22 localhost kernel: [    1.946141] CSCFG registered etm5
Nov 22 04:57:22 localhost kernel: [    1.946146] coresight etm5: CPU5: etm v4.2 initialized
Nov 22 04:57:22 localhost kernel: [    1.946481] CSCFG registered etm6
Nov 22 04:57:22 localhost kernel: [    1.946486] coresight etm6: CPU6: etm v4.2 initialized
Nov 22 04:57:22 localhost kernel: [    1.946821] CSCFG registered etm7
Nov 22 04:57:22 localhost kernel: [    1.946826] coresight etm7: CPU7: etm v4.2 initialized
Nov 22 04:57:22 localhost kernel: [    1.947289] coresight cti_sys0: CTI initialized
Nov 22 04:57:22 localhost kernel: [    1.947523] coresight cti_cpu0: CTI initialized
Nov 22 04:57:22 localhost kernel: [    1.947751] coresight cti_cpu1: CTI initialized
Nov 22 04:57:22 localhost kernel: [    1.947983] coresight cti_cpu2: CTI initialized
Nov 22 04:57:22 localhost kernel: [    1.948231] coresight cti_cpu3: CTI initialized
Nov 22 04:57:22 localhost kernel: [    1.948460] coresight cti_cpu4: CTI initialized
Nov 22 04:57:22 localhost kernel: [    1.948696] coresight cti_cpu5: CTI initialized
Nov 22 04:57:22 localhost kernel: [    1.948926] coresight cti_cpu6: CTI initialized
Nov 22 04:57:22 localhost kernel: [    1.949159] coresight cti_cpu7: CTI initialized
Nov 22 04:57:22 localhost kernel: [    1.949565] optee: probing for conduit method.
Nov 22 04:57:22 localhost kernel: [    1.949588] optee: revision 3.20 (05a6c9de)
Nov 22 04:57:22 localhost kernel: [    1.949747] optee: dynamic shared memory is enabled
Nov 22 04:57:22 localhost kernel: [    1.950541] optee: initialized driver
Nov 22 04:57:22 localhost kernel: [    1.951316] ipc-wrapper ipc-wrapper: AUDIO : audio wrapper probe
Nov 22 04:57:22 localhost kernel: [    1.951772] cpu_dai_driver cpu-dai: AUDIO : ALSA cpu-dai driver probe succ
Nov 22 04:57:22 localhost kernel: [    1.951853] cpu_dai_driver cpu-dai: AUDIO : ALSA platform driver probe succ
Nov 22 04:57:22 localhost kernel: [    1.956864] machine-driver sound-machine: AUDIO : ALSA machine driver probe succ
Nov 22 04:57:22 localhost kernel: [    1.957800] GACT probability NOT on
Nov 22 04:57:22 localhost kernel: [    1.957836] u32 classifier
Nov 22 04:57:22 localhost kernel: [    1.957839]     input device check on
Nov 22 04:57:22 localhost kernel: [    1.957841]     Actions configured
Nov 22 04:57:22 localhost kernel: [    1.957965] NET: Registered PF_PACKET protocol family
Nov 22 04:57:22 localhost kernel: [    1.957977] NET: Registered PF_KEY protocol family
Nov 22 04:57:22 localhost kernel: [    1.957983] can: controller area network core
Nov 22 04:57:22 localhost kernel: [    1.958019] NET: Registered PF_CAN protocol family
Nov 22 04:57:22 localhost kernel: [    1.958024] can: raw protocol
Nov 22 04:57:22 localhost kernel: [    1.958031] can: broadcast manager protocol
Nov 22 04:57:22 localhost kernel: [    1.958038] can: netlink gateway - max_hops=1
Nov 22 04:57:22 localhost kernel: [    1.958124] 8021q: 802.1Q VLAN Support v1.8
Nov 22 04:57:22 localhost kernel: [    1.958143] Found lo, alias (efault) on irq 0
Nov 22 04:57:22 localhost kernel: [    1.958148] MAC: 00:00:00:00:00:00
Nov 22 04:57:22 localhost kernel: [    1.958151] Tx queue length: 1000
Nov 22 04:57:22 localhost kernel: [    1.958157] Invalid capabilities for NIC (lo), dropping from TSN list
Nov 22 04:57:22 localhost kernel: [    1.958161] Found eth0, alias (efault) on irq 37
Nov 22 04:57:22 localhost kernel: [    1.958164] MAC: ba:88:87:e3:ee:05
Nov 22 04:57:22 localhost kernel: [    1.958169] Tx queue length: 1000
Nov 22 04:57:22 localhost kernel: [    1.958173] Invalid capabilities for NIC (eth0), dropping from TSN list
Nov 22 04:57:22 localhost kernel: [    1.958175] tsn_init_module: No capable NIC found. Perhaps load with in_debug=1 ?
Nov 22 04:57:22 localhost kernel: [    1.959373] registered taskstats version 1
Nov 22 04:57:22 localhost kernel: [    1.959378] Loading compiled-in X.509 certificates
Nov 22 04:57:22 localhost kernel: [    1.962290] Loaded X.509 cert 'Build time autogenerated kernel key: 7f38c1279589266c0f81acc4333e85d1784f4822'
Nov 22 04:57:22 localhost kernel: [    1.962380] Key type .fscrypt registered
Nov 22 04:57:22 localhost kernel: [    1.962384] Key type fscrypt-provisioning registered
Nov 22 04:57:22 localhost kernel: [    1.963149] pstore: Using crash dump compression: deflate
Nov 22 04:57:22 localhost kernel: [    1.965565] 
Nov 22 04:57:22 localhost kernel: [    1.965570] ********************************************************************
Nov 22 04:57:22 localhost kernel: [    1.965573] **     NOTICE NOTICE NOTICE NOTICE NOTICE NOTICE NOTICE           **
Nov 22 04:57:22 localhost kernel: [    1.965576] **                                                                **
Nov 22 04:57:22 localhost kernel: [    1.965579] **  WRITEABLE clk DebugFS SUPPORT HAS BEEN ENABLED IN THIS KERNEL **
Nov 22 04:57:22 localhost kernel: [    1.965582] **                                                                **
Nov 22 04:57:22 localhost kernel: [    1.965584] ** This means that this kernel is built to expose clk operations  **
Nov 22 04:57:22 localhost kernel: [    1.965587] ** such as parent or rate setting, enabling, disabling, etc.      **
Nov 22 04:57:22 localhost kernel: [    1.965590] ** to userspace, which may compromise security on your system.    **
Nov 22 04:57:22 localhost kernel: [    1.965592] **                                                                **
Nov 22 04:57:22 localhost kernel: [    1.965595] ** If you see this message and you are not debugging the          **
Nov 22 04:57:22 localhost kernel: [    1.965599] ** kernel, report this immediately to your vendor!                **
Nov 22 04:57:22 localhost kernel: [    1.965602] **                                                                **
Nov 22 04:57:22 localhost kernel: [    1.965607] **     NOTICE NOTICE NOTICE NOTICE NOTICE NOTICE NOTICE           **
Nov 22 04:57:22 localhost kernel: [    1.965609] ********************************************************************
Nov 22 04:57:22 localhost kernel: [    1.968487] mmc0: SDHCI controller on 35040000.sdhci [35040000.sdhci] using ADMA 64-bit
Nov 22 04:57:22 localhost kernel: [    1.975509] i2c_designware 320a0000.i2c: running with gpio recovery mode! scl,sda
Nov 22 04:57:22 localhost kernel: [    1.975693] i2c i2c-7: using pinctrl states for GPIO recovery
Nov 22 04:57:22 localhost kernel: [    1.976231] i2c_designware 340b0000.i2c: running with gpio recovery mode! scl,sda
Nov 22 04:57:22 localhost kernel: [    1.976369] i2c i2c-0: using pinctrl states for GPIO recovery
Nov 22 04:57:22 localhost kernel: [    1.976876] i2c_designware 340d0000.i2c: running with gpio recovery mode! scl,sda
Nov 22 04:57:22 localhost kernel: [    1.977000] i2c i2c-2: using pinctrl states for GPIO recovery
Nov 22 04:57:22 localhost kernel: [    1.977129] hpu3501 2-001c: Found hpu3501-regulator node, register regulator
Nov 22 04:57:22 localhost kernel: [    1.977251] hpu3501-regulator hpu3501-regulator.1.auto: fault_cfgr will be default value
Nov 22 04:57:22 localhost kernel: [    1.977257] hpu3501-regulator hpu3501-regulator.1.auto: ocp_cfg1r will be default value
Nov 22 04:57:22 localhost kernel: [    1.977264] hpu3501-regulator hpu3501-regulator.1.auto: ocp_cfg2r will be default value
Nov 22 04:57:22 localhost kernel: [    1.977269] hpu3501-regulator hpu3501-regulator.1.auto: reg 0x53 will be default value 0x4
Nov 22 04:57:22 localhost kernel: [    1.984293] hpu3501 set reg 0x53 to 0x4
Nov 22 04:57:22 localhost kernel: [    1.984600] hpu3501 2-001c: Found hpu3501-rtc node, register rtc
Nov 22 04:57:22 localhost kernel: [    1.984853] platform 3d080000.csi: Fixed dependency cycle(s) with /soc/a55_apb0/i2c@340d0000/sc230ai@30
Nov 22 04:57:22 localhost kernel: [    1.984967] i2c 2-0030: Fixed dependency cycle(s) with /soc/cam/csi@3d080000
Nov 22 04:57:22 localhost kernel: [    1.985552] i2c_designware 340e0000.i2c: running with gpio recovery mode! scl,sda
Nov 22 04:57:22 localhost kernel: [    1.985683] i2c i2c-3: using pinctrl states for GPIO recovery
Nov 22 04:57:22 localhost kernel: [    1.986120] i2c_designware 340f0000.i2c: running with gpio recovery mode! scl,sda
Nov 22 04:57:22 localhost kernel: [    1.986246] i2c i2c-4: using pinctrl states for GPIO recovery
Nov 22 04:57:22 localhost kernel: [    1.986733] xhci-hcd xhci-hcd.3.auto: xHCI Host Controller
Nov 22 04:57:22 localhost kernel: [    1.986749] xhci-hcd xhci-hcd.3.auto: new USB bus registered, assigned bus number 1
Nov 22 04:57:22 localhost kernel: [    1.987089] xhci-hcd xhci-hcd.3.auto: hcc params 0x0220fe6d hci version 0x110 quirks 0x0000008000010090
Nov 22 04:57:22 localhost kernel: [    1.987120] xhci-hcd xhci-hcd.3.auto: irq 52, io mem 0x35100000
Nov 22 04:57:22 localhost kernel: [    1.987208] xhci-hcd xhci-hcd.3.auto: xHCI Host Controller
Nov 22 04:57:22 localhost kernel: [    1.987219] xhci-hcd xhci-hcd.3.auto: new USB bus registered, assigned bus number 2
Nov 22 04:57:22 localhost kernel: [    1.987228] xhci-hcd xhci-hcd.3.auto: Host supports USB 3.0 SuperSpeed
Nov 22 04:57:22 localhost kernel: [    1.987625] hub 1-0:1.0: USB hub found
Nov 22 04:57:22 localhost kernel: [    1.987649] hub 1-0:1.0: 1 port detected
Nov 22 04:57:22 localhost kernel: [    1.987877] usb usb2: We don't know the algorithms for LPM for this host, disabling LPM.
Nov 22 04:57:22 localhost kernel: [    1.988192] hub 2-0:1.0: USB hub found
Nov 22 04:57:22 localhost kernel: [    1.988213] hub 2-0:1.0: 1 port detected
Nov 22 04:57:22 localhost kernel: [    1.991692] x5-ddrc-devfreq soc:ddrc-freq: userspace_gov: 1
Nov 22 04:57:22 localhost kernel: [    1.992191] guc 34190000.adc: ADC calibration: 17
Nov 22 04:57:22 localhost kernel: [    1.992205] guc 34190000.adc: ADC trimming: 8
Nov 22 04:57:22 localhost kernel: [    1.992767] guc 34190000.adc: GUC Initialize Finish
Nov 22 04:57:22 localhost kernel: [    1.994634] noc_qos 20530000.video_qos: noc qos init finished.
Nov 22 04:57:22 localhost kernel: [    1.995805] noc_qos 20530080.jpeg_qos: noc qos init finished.
Nov 22 04:57:22 localhost kernel: [    1.996979] noc_qos 20510280.isp_axi5_hdr_qos: noc qos init finished.
Nov 22 04:57:22 localhost kernel: [    1.998140] noc_qos 20510300.isp_axi4_mcm_qos: noc qos init finished.
Nov 22 04:57:22 localhost kernel: [    1.999302] noc_qos 20510380.isp_axi3_sp2_qos: noc qos init finished.
Nov 22 04:57:22 localhost kernel: [    2.000461] noc_qos 20510480.isp_axi1_mp_qos: noc qos init finished.
Nov 22 04:57:22 localhost kernel: [    2.004777] noc_qos 20540080.gpu3d_qos: noc qos init finished.
Nov 22 04:57:22 localhost kernel: [    2.009291] noc_qos 20540000.gpu2d_qos: noc qos init finished.
Nov 22 04:57:22 localhost kernel: [    2.011227] mmc0: new HS200 MMC card at address 0001
Nov 22 04:57:22 localhost kernel: [    2.011637] mmcblk0: mmc0:0001 TB2916 14.6 GiB 
Nov 22 04:57:22 localhost kernel: [    2.011846] noc_qos 20520000.bpu_qos: noc qos init finished.
Nov 22 04:57:22 localhost kernel: [    2.013156] noc_qos 20560000.hifi5_qos: consumer device is disabled, so qos isn't supported
Nov 22 04:57:22 localhost kernel: [    2.013180] noc_qos: probe of 20560000.hifi5_qos failed with error -1
Nov 22 04:57:22 localhost kernel: [    2.014027]  mmcblk0: p1 p2 p3 p4 p5 p6 p7 p8 p9 p10 p11 p12 p13
Nov 22 04:57:22 localhost kernel: [    2.015268] mmcblk0boot0: mmc0:0001 TB2916 4.00 MiB 
Nov 22 04:57:22 localhost kernel: [    2.016047] mmcblk0boot1: mmc0:0001 TB2916 4.00 MiB 
Nov 22 04:57:22 localhost kernel: [    2.016704] mmcblk0rpmb: mmc0:0001 TB2916 4.00 MiB, chardev (243:0)
Nov 22 04:57:22 localhost kernel: [    2.028827] input: gpio-keys as /devices/platform/gpio-keys/input/input0
Nov 22 04:57:22 localhost kernel: [    2.029086] hobot_remoteproc_init start
Nov 22 04:57:22 localhost kernel: [    2.029359] hobot_remoteproc_init end
Nov 22 04:57:22 localhost kernel: [    2.029589] ALSA device list:
Nov 22 04:57:22 localhost kernel: [    2.029595]   #0: gua-audio
Nov 22 04:57:22 localhost kernel: [    2.029735] dw-apb-uart 32120000.serial: forbid DMA for kernel console
Nov 22 04:57:22 localhost kernel: [    2.037448] sdhci-dwcmshc 35030000.sdhci: MSHC_CTRL:0x0
Nov 22 04:57:22 localhost kernel: [    2.062892] mmc2: SDHCI controller on 35030000.sdhci [35030000.sdhci] using ADMA 64-bit
Nov 22 04:57:22 localhost kernel: [    2.067066] EXT4-fs (mmcblk0p9): INFO: recovery required on readonly filesystem
Nov 22 04:57:22 localhost kernel: [    2.067074] EXT4-fs (mmcblk0p9): write access will be enabled during recovery
Nov 22 04:57:22 localhost kernel: [    2.077697] mmc2: new high speed SDIO card at address 0001
Nov 22 04:57:22 localhost kernel: [    2.110167] xhci-hcd xhci-hcd.4.auto: xHCI Host Controller
Nov 22 04:57:22 localhost kernel: [    2.110191] xhci-hcd xhci-hcd.4.auto: new USB bus registered, assigned bus number 3
Nov 22 04:57:22 localhost kernel: [    2.110304] xhci-hcd xhci-hcd.4.auto: USB3 root hub has no ports
Nov 22 04:57:22 localhost kernel: [    2.110312] xhci-hcd xhci-hcd.4.auto: hcc params 0x0220fe6d hci version 0x110 quirks 0x0000008000010090
Nov 22 04:57:22 localhost kernel: [    2.110355] xhci-hcd xhci-hcd.4.auto: irq 53, io mem 0x35300000
Nov 22 04:57:22 localhost kernel: [    2.110919] hub 3-0:1.0: USB hub found
Nov 22 04:57:22 localhost kernel: [    2.110948] hub 3-0:1.0: 1 port detected
Nov 22 04:57:22 localhost kernel: [    2.201467] EXT4-fs (mmcblk0p9): orphan cleanup on readonly fs
Nov 22 04:57:22 localhost kernel: [    2.201642] EXT4-fs (mmcblk0p9): 1 orphan inode deleted
Nov 22 04:57:22 localhost kernel: [    2.201652] EXT4-fs (mmcblk0p9): recovery complete
Nov 22 04:57:22 localhost kernel: [    2.206004] EXT4-fs (mmcblk0p9): mounted filesystem with ordered data mode. Quota mode: disabled.
Nov 22 04:57:22 localhost kernel: [    2.206055] VFS: Mounted root (ext4 filesystem) readonly on device 259:1.
Nov 22 04:57:22 localhost kernel: [    2.206478] devtmpfs: mounted
Nov 22 04:57:22 localhost kernel: [    2.206920] Freeing unused kernel memory: 2176K
Nov 22 04:57:22 localhost kernel: [    2.207023] Run /sbin/init as init process
Nov 22 04:57:22 localhost kernel: [    2.207029]   with arguments:
Nov 22 04:57:22 localhost kernel: [    2.207033]     /sbin/init
Nov 22 04:57:22 localhost kernel: [    2.207037]   with environment:
Nov 22 04:57:22 localhost kernel: [    2.207040]     HOME=/
Nov 22 04:57:22 localhost kernel: [    2.207044]     TERM=linux
Nov 22 04:57:22 localhost kernel: [    4.574647] EXT4-fs (mmcblk0p9): re-mounted. Quota mode: disabled.
Nov 22 04:57:22 localhost kernel: [    5.515812] hb_jpu 3b010000.jpu: Adding to iommu group 7
Nov 22 04:57:22 localhost kernel: [    5.527785] start to add opp table.
Nov 22 04:57:22 localhost kernel: [    5.527800] finish to add opp table 4.
Nov 22 04:57:22 localhost kernel: [    5.527842] Galcore version 6.4.14.9.674707
Nov 22 04:57:22 localhost kernel: [    5.531365] hb_vpu 3b000000.vpu: Adding to iommu group 6
Nov 22 04:57:22 localhost kernel: [    5.543699] nano2d 3c010000.gc820: Adding to iommu group 9
Nov 22 04:57:22 localhost kernel: [    5.545536] nano2d 3c010000.gc820: clk name: pclk, freq = 200000000.
Nov 22 04:57:22 localhost kernel: [    5.545578] nano2d 3c010000.gc820: clk name: aclk, freq = 750000000.
Nov 22 04:57:22 localhost kernel: [    5.545589] nano2d 3c010000.gc820: clk name: clk1x, freq = 750000000.
Nov 22 04:57:22 localhost kernel: [    5.546687] [VIN_NODE]:[L1078]hobot_vin_node_probe hw_id 0 done
Nov 22 04:57:22 localhost kernel: [    5.546717] VIN_NODE soc:cam:vin_node@0: [FRT:D] hobot_vin_node_probe(0)
Nov 22 04:57:22 localhost kernel: [    5.547515] [VIN_NODE]:[L1078]hobot_vin_node_probe hw_id 1 done
Nov 22 04:57:22 localhost kernel: [    5.547534] VIN_NODE soc:cam:vin_node@1: [FRT:D] hobot_vin_node_probe(0)
Nov 22 04:57:22 localhost kernel: [    5.547534] gpu_parse_dt: register base(3c010000), irq(61).
Nov 22 04:57:22 localhost kernel: [    5.548392] [VIN_NODE]:[L1078]hobot_vin_node_probe hw_id 2 done
Nov 22 04:57:22 localhost kernel: [    5.548410] VIN_NODE soc:cam:vin_node@2: [FRT:D] hobot_vin_node_probe(0)
Nov 22 04:57:22 localhost kernel: [    5.549095] [VIN_NODE]:[L1078]hobot_vin_node_probe hw_id 3 done
Nov 22 04:57:22 localhost kernel: [    5.549112] VIN_NODE soc:cam:vin_node@3: [FRT:D] hobot_vin_node_probe(0)
Nov 22 04:57:22 localhost kernel: [    5.552150] create /dev/nano2d device.
Nov 22 04:57:22 localhost kernel: [    5.552254] Insmod parameters:
Nov 22 04:57:22 localhost kernel: [    5.552260] device[0] core[0]
Nov 22 04:57:22 localhost kernel: [    5.552264]   irq line:61
Nov 22 04:57:22 localhost kernel: [    5.552267]   register base:0x3c010000
Nov 22 04:57:22 localhost kernel: [    5.552271]   register size:0x10000
Nov 22 04:57:22 localhost kernel: [    5.552273] 
Nov 22 04:57:22 localhost kernel: [    5.552276]   iommu enabled
Nov 22 04:57:22 localhost kernel: [    5.552278]   contiguous base:0x0
Nov 22 04:57:22 localhost kernel: [    5.552281]   contiguous size:0x0
Nov 22 04:57:22 localhost kernel: [    5.552284]   command contiguous base:0x0
Nov 22 04:57:22 localhost kernel: [    5.552286]   command contiguous size:0x0
Nov 22 04:57:22 localhost kernel: [    5.552289] 
Nov 22 04:57:22 localhost kernel: [    5.552696] hobot_vpu_dev: [VPUDRV]vpu_init_system_mem:7158: vpu IO memory resource: physical base addr = 0x3b000000,virtual base addr = ffff80000a4b0000
Nov 22 04:57:22 localhost kernel: [    5.553918] [VPF mgr]:[L271]vpf_alloc_minor_number: minor[0] bit1 is used
Nov 22 04:57:22 localhost kernel: [    5.559363] [VPF mgr]:[L271]vpf_alloc_minor_number: minor[0] bit2 is used
Nov 22 04:57:22 localhost kernel: [    5.562396] [VPF mgr]:[L271]vpf_alloc_minor_number: minor[0] bit3 is used
Nov 22 04:57:22 localhost kernel: [    5.563715] [VPF mgr]:[L271]vpf_alloc_minor_number: minor[0] bit4 is used
Nov 22 04:57:22 localhost kernel: [    5.569510] [VPF mgr]:[L271]vpf_alloc_minor_number: minor[0] bit5 is used
Nov 22 04:57:22 localhost kernel: [    5.574845] [CODEC_NODE]:[L647]hobot_codec_node_probe start
Nov 22 04:57:22 localhost kernel: [    5.574876] [VPF mgr]:[L271]vpf_alloc_minor_number: minor[0] bit6 is used
Nov 22 04:57:22 localhost kernel: [    5.575072] [VPF mgr]:[L271]vpf_alloc_minor_number: minor[0] bit7 is used
Nov 22 04:57:22 localhost kernel: [    5.580741] [CODEC_NODE]:[L670][FRT:D] hobot_codec_node_probe(0)
Nov 22 04:57:22 localhost kernel: [    5.583448] nano2D: after probe, allocate_count = 28
Nov 22 04:57:22 localhost kernel: [    5.605579] [HOBOT_LPWM-0] (lpwm_platform_init): ctrl_reg = 0
Nov 22 04:57:22 localhost kernel: [    5.618072] aicbsp_init
Nov 22 04:57:22 localhost kernel: [    5.618087] RELEASE_DATE:2025_0410_b99ca8b6
Nov 22 04:57:22 localhost kernel: [    5.618090] aicbsp_resv_mem_init 
Nov 22 04:57:22 localhost kernel: [    5.625009] [VIN_NODE]:[L610]type 3 vin_register_device_node done
Nov 22 04:57:22 localhost kernel: [    5.625025] [HOBOT_LPWM-0] (hobot_lpwm_probe): Probe success
Nov 22 04:57:22 localhost kernel: [    5.645139] [INFO][HOBOT_OSD](osd_probe) done
Nov 22 04:57:22 localhost kernel: [    5.908850] dwc-eth-dwmac 35010000.gmac-tsn eth0: Register MEM_TYPE_PAGE_POOL RxQ-0
Nov 22 04:57:22 localhost kernel: [    5.909314] dwc-eth-dwmac 35010000.gmac-tsn eth0: Register MEM_TYPE_PAGE_POOL RxQ-1
Nov 22 04:57:22 localhost kernel: [    5.909806] dwc-eth-dwmac 35010000.gmac-tsn eth0: Register MEM_TYPE_PAGE_POOL RxQ-2
Nov 22 04:57:22 localhost kernel: [    5.910277] dwc-eth-dwmac 35010000.gmac-tsn eth0: Register MEM_TYPE_PAGE_POOL RxQ-3
Nov 22 04:57:22 localhost kernel: [    5.911295] dwc-eth-dwmac 35010000.gmac-tsn eth0: validation of  with support 00000000,00000000,00006000 and advertisement 00000000,00000000,00000000 failed: -EINVAL
Nov 22 04:57:22 localhost kernel: [    5.911370] dwc-eth-dwmac 35010000.gmac-tsn eth0: __stmmac_open: Cannot attach to PHY (error: -22)
Nov 22 04:57:22 localhost kernel: [    6.765487] vs-cam-pulse 3d0b008c.cam_pulse: cam_pulse_probe successfully done!
Nov 22 04:57:22 localhost kernel: [    6.795539] vin vcon0: self rx0 attr 0x521 bus 7 probe
Nov 22 04:57:22 localhost kernel: [    6.795715] vin vcon1: self rx1 attr 0x521 bus 4 probe
Nov 22 04:57:22 localhost kernel: [    6.795809] vin vcon2: self rx2 attr 0x5a1 bus 7 probe
Nov 22 04:57:22 localhost kernel: [    6.796064] vin vcon3: self rx3 attr 0x521 bus 7 probe
Nov 22 04:57:22 localhost kernel: [    6.796424] [VIN_NODE]:[L610]type 2 vin_register_device_node done
Nov 22 04:57:22 localhost kernel: [    6.796431] vin vcon: init 4 vcon done
Nov 22 04:57:22 localhost kernel: [    6.814059] hobot-sif 3d020000.sif: Adding to iommu group 1
Nov 22 04:57:22 localhost kernel: [    6.814419] [VIN_NODE]:[L845]hw_id 0 vin_device_node_init done
Nov 22 04:57:22 localhost kernel: [    6.814449] [VPF mgr]:[L271]vpf_alloc_minor_number: minor[0] bit8 is used
Nov 22 04:57:22 localhost kernel: [    6.814602] [VPF mgr]:[L271]vpf_alloc_minor_number: minor[0] bit9 is used
Nov 22 04:57:22 localhost kernel: [    6.814689] [VPF mgr]:[L271]vpf_alloc_minor_number: minor[0] bit10 is used
Nov 22 04:57:22 localhost kernel: [    6.814787] [VPF mgr]:[L271]vpf_alloc_minor_number: minor[0] bit11 is used
Nov 22 04:57:22 localhost kernel: [    6.814880] [VIN_NODE]:[L999][S0]vin_node_device_node_init hw_id 0 done
Nov 22 04:57:22 localhost kernel: [    6.814938] hobot-sif 3d020000.sif: [FRT:D] cim_probe(0)
Nov 22 04:57:22 localhost kernel: [    6.814946] [CIM]:[L1014]cim_probe hw_id 0 done, time used: 830us
Nov 22 04:57:22 localhost kernel: [    6.815192] hobot-sif 3d030000.sif: Adding to iommu group 1
Nov 22 04:57:22 localhost kernel: [    6.815532] [VIN_NODE]:[L845]hw_id 1 vin_device_node_init done
Nov 22 04:57:22 localhost kernel: [    6.815558] [VPF mgr]:[L271]vpf_alloc_minor_number: minor[0] bit12 is used
Nov 22 04:57:22 localhost kernel: [    6.815761] [VPF mgr]:[L271]vpf_alloc_minor_number: minor[0] bit13 is used
Nov 22 04:57:22 localhost kernel: [    6.815848] [VPF mgr]:[L271]vpf_alloc_minor_number: minor[0] bit14 is used
Nov 22 04:57:22 localhost kernel: [    6.815939] [VPF mgr]:[L271]vpf_alloc_minor_number: minor[0] bit15 is used
Nov 22 04:57:22 localhost kernel: [    6.816060] [VIN_NODE]:[L999][S0]vin_node_device_node_init hw_id 1 done
Nov 22 04:57:22 localhost kernel: [    6.816107] hobot-sif 3d030000.sif: [FRT:D] cim_probe(0)
Nov 22 04:57:22 localhost kernel: [    6.816115] [CIM]:[L1014]cim_probe hw_id 1 done, time used: 896us
Nov 22 04:57:22 localhost kernel: [    6.817916] hobot-sif 3d040000.sif: Adding to iommu group 1
Nov 22 04:57:22 localhost kernel: [    6.818276] [VIN_NODE]:[L845]hw_id 2 vin_device_node_init done
Nov 22 04:57:22 localhost kernel: [    6.818308] [VPF mgr]:[L271]vpf_alloc_minor_number: minor[0] bit16 is used
Nov 22 04:57:22 localhost kernel: [    6.818452] [VPF mgr]:[L271]vpf_alloc_minor_number: minor[0] bit17 is used
Nov 22 04:57:22 localhost kernel: [    6.819167] [VPF mgr]:[L271]vpf_alloc_minor_number: minor[0] bit18 is used
Nov 22 04:57:22 localhost kernel: [    6.819365] [VPF mgr]:[L271]vpf_alloc_minor_number: minor[0] bit19 is used
Nov 22 04:57:22 localhost kernel: [    6.824220] [VIN_NODE]:[L999][S0]vin_node_device_node_init hw_id 2 done
Nov 22 04:57:22 localhost kernel: [    6.824283] hobot-sif 3d040000.sif: [FRT:D] cim_probe(0)
Nov 22 04:57:22 localhost kernel: [    6.824290] [CIM]:[L1014]cim_probe hw_id 2 done, time used: 6265us
Nov 22 04:57:22 localhost kernel: [    6.824511] hobot-sif 3d050000.sif: Adding to iommu group 1
Nov 22 04:57:22 localhost kernel: [    6.824824] [VIN_NODE]:[L845]hw_id 3 vin_device_node_init done
Nov 22 04:57:22 localhost kernel: [    6.824853] [VPF mgr]:[L271]vpf_alloc_minor_number: minor[0] bit20 is used
Nov 22 04:57:22 localhost kernel: [    6.825098] [VPF mgr]:[L271]vpf_alloc_minor_number: minor[0] bit21 is used
Nov 22 04:57:22 localhost kernel: [    6.825225] [VPF mgr]:[L271]vpf_alloc_minor_number: minor[0] bit22 is used
Nov 22 04:57:22 localhost kernel: [    6.825323] [VPF mgr]:[L271]vpf_alloc_minor_number: minor[0] bit23 is used
Nov 22 04:57:22 localhost kernel: [    6.825408] [VIN_NODE]:[L999][S0]vin_node_device_node_init hw_id 3 done
Nov 22 04:57:22 localhost kernel: [    6.825453] hobot-sif 3d050000.sif: [FRT:D] cim_probe(0)
Nov 22 04:57:22 localhost kernel: [    6.825461] [CIM]:[L1014]cim_probe hw_id 3 done, time used: 885us
Nov 22 04:57:22 localhost kernel: [    6.825933] [VIN_NODE]:[L610]type 0 vin_register_device_node done
Nov 22 04:57:22 localhost kernel: [    6.866351] vin sensor: init 24 sensor v1.0 done
Nov 22 04:57:22 localhost kernel: [    6.878880] vin mipi0: probe with x5sys done
Nov 22 04:57:22 localhost kernel: [    6.889234] CAM_SUBSYS soc:cam:cam_sys@0: [FRT:D] camsys_probe(0)
Nov 22 04:57:22 localhost kernel: [    6.900423] vin mipi0: snrclk set disable
Nov 22 04:57:22 localhost kernel: [    6.900458] vin mipi0: ver 0154 port0(0:0)
Nov 22 04:57:22 localhost kernel: [    6.900923] vin mipi1: snrclk set disable
Nov 22 04:57:22 localhost kernel: [    6.900950] vin mipi1: ver 0154 port1(0:1)
Nov 22 04:57:22 localhost kernel: [    6.901276] vin mipi2: snrclk set disable
Nov 22 04:57:22 localhost kernel: [    6.901300] vin mipi2: ver 0154 port2(1:0)
Nov 22 04:57:22 localhost kernel: [    6.901711] vin mipi3: snrclk set disable
Nov 22 04:57:22 localhost kernel: [    6.901737] vin mipi3: ver 0154 port3(1:1)
Nov 22 04:57:22 localhost kernel: [    6.902145] [VIN_NODE]:[L610]type 1 vin_register_device_node done
Nov 22 04:57:22 localhost kernel: [    6.902157] vin mipi-tx: dev0 dummy setcb
Nov 22 04:57:22 localhost kernel: [    6.902161] vin mipi-tx: dev1 dummy setcb
Nov 22 04:57:22 localhost kernel: [    6.902164] vin mipi: init 4 rx 2 tx done
Nov 22 04:57:22 localhost kernel: [    6.911954] vin mipi: phy debug probed
Nov 22 04:57:22 localhost kernel: [    6.912157] vin mipi0: debug probed
Nov 22 04:57:22 localhost kernel: [    6.912343] vin mipi1: debug probed
Nov 22 04:57:22 localhost kernel: [    6.912540] vin mipi2: debug probed
Nov 22 04:57:22 localhost kernel: [    6.912721] vin mipi3: debug probed
Nov 22 04:57:22 localhost kernel: [    6.926533] vs-isp 3d000000.isp: Adding to iommu group 8
Nov 22 04:57:22 localhost kernel: [    6.927183] vs-isp 3d000000.isp: assigned reserved memory node linux,cma@88000000
Nov 22 04:57:22 localhost kernel: [    6.927220] [VPF mgr]:[L271]vpf_alloc_minor_number: minor[0] bit24 is used
Nov 22 04:57:22 localhost kernel: [    6.927360] [VPF mgr]:[L271]vpf_alloc_minor_number: minor[0] bit25 is used
Nov 22 04:57:22 localhost kernel: [    6.927452] [VPF mgr]:[L271]vpf_alloc_minor_number: minor[0] bit26 is used
Nov 22 04:57:22 localhost kernel: [    6.927529] [VPF mgr]:[L271]vpf_alloc_minor_number: minor[0] bit27 is used
Nov 22 04:57:22 localhost kernel: [    6.927687] vs-isp 3d000000.isp: VS ISP driver (native) probed done, time used: 1063us
Nov 22 04:57:22 localhost kernel: [    6.940209] vs-vse 3d010000.vse: Adding to iommu group 0
Nov 22 04:57:22 localhost kernel: [    6.940531] vs-vse 3d010000.vse: cannot get reset control (err=-6)
Nov 22 04:57:22 localhost kernel: [    6.940758] [VPF mgr]:[L271]vpf_alloc_minor_number: minor[0] bit28 is used
Nov 22 04:57:22 localhost kernel: [    6.940904] [VPF mgr]:[L271]vpf_alloc_minor_number: minor[0] bit29 is used
Nov 22 04:57:22 localhost kernel: [    6.940988] [VPF mgr]:[L271]vpf_alloc_minor_number: minor[0] bit30 is used
Nov 22 04:57:22 localhost kernel: [    6.941060] [VPF mgr]:[L271]vpf_alloc_minor_number: minor[0] bit31 is used
Nov 22 04:57:22 localhost kernel: [    6.941172] [VPF mgr]:[L271]vpf_alloc_minor_number: minor[1] bit0 is used
Nov 22 04:57:22 localhost kernel: [    6.941269] [VPF mgr]:[L271]vpf_alloc_minor_number: minor[1] bit1 is used
Nov 22 04:57:22 localhost kernel: [    6.942717] [VPF mgr]:[L271]vpf_alloc_minor_number: minor[1] bit2 is used
Nov 22 04:57:22 localhost kernel: [    6.945518] vs-vse 3d010000.vse: VS VSE driver (native) probed done, time used: 5256us
Nov 22 04:57:22 localhost kernel: [    6.957468] vin deserial: init 6 deserial v1.0 done
Nov 22 04:57:22 localhost kernel: [    6.968490] HOBOT GDC 3d0c0000.gdc: Adding to iommu group 2
Nov 22 04:57:22 localhost kernel: [    6.968701] [VPF mgr]:[L271]vpf_alloc_minor_number: minor[1] bit3 is used
Nov 22 04:57:22 localhost kernel: [    6.968841] [VPF mgr]:[L271]vpf_alloc_minor_number: minor[1] bit4 is used
Nov 22 04:57:22 localhost kernel: [    6.968960] HOBOT GDC 3d0c0000.gdc: [FRT:D] hobot_gdc_probe(0)
Nov 22 04:57:22 localhost kernel: [    6.978589] [ISI_Sensor]:isi_sensor_init end
Nov 22 04:57:22 localhost kernel: [    7.011130] cfg80211: Loading compiled-in X.509 certificates for regulatory database
Nov 22 04:57:22 localhost kernel: [    7.020695] cfg80211: Loaded X.509 cert 'wens: 61c038651aabdcf94bd0ac7ff06c7248db18c600'
Nov 22 04:57:22 localhost kernel: [    7.021376] cfg80211: Loaded X.509 cert 'sforshee: 00b28ddf47aef9cea7'
Nov 22 04:57:22 localhost kernel: [    7.022212] platform regulatory.0: Direct firmware load for regulatory.db failed with error -2
Nov 22 04:57:22 localhost kernel: [    7.022227] platform regulatory.0: Falling back to sysfs fallback for: regulatory.db
Nov 22 04:57:22 localhost kernel: [    7.023772] cfg80211: failed to load regulatory.db
Nov 22 04:57:22 localhost kernel: [    7.155496] 8852bs: module is from the staging directory, the quality is unknown, you have been warned.
Nov 22 04:57:22 localhost kernel: [    7.231815] Bluetooth: Core ver 2.22
Nov 22 04:57:22 localhost kernel: [    7.231916] NET: Registered PF_BLUETOOTH protocol family
Nov 22 04:57:22 localhost kernel: [    7.231921] Bluetooth: HCI device and connection manager initialized
Nov 22 04:57:22 localhost kernel: [    7.231936] Bluetooth: HCI socket layer initialized
Nov 22 04:57:22 localhost kernel: [    7.231946] Bluetooth: L2CAP socket layer initialized
Nov 22 04:57:22 localhost kernel: [    7.231962] Bluetooth: SCO socket layer initialized
Nov 22 04:57:22 localhost kernel: [    7.246344] Bluetooth: HCI UART driver ver 2.3
Nov 22 04:57:22 localhost kernel: [    7.246362] Bluetooth: HCI UART protocol H4 registered
Nov 22 04:57:22 localhost kernel: [    7.246425] Bluetooth: HCI UART protocol Three-wire (H5) registered
Nov 22 04:57:22 localhost kernel: [    7.273195] bpu-core 3a000000.bpu: Adding to iommu group 10
Nov 22 04:57:22 localhost kernel: [    7.273417] bpu-core 3a000000.bpu: Can't get bpu power delay, use default
Nov 22 04:57:22 localhost kernel: [    7.287771] bpu_hw_io_x5: loading out-of-tree module taints kernel.
Nov 22 04:57:22 localhost kernel: [    7.287791] bpu_hw_io_x5: module license 'Proprietary' taints kernel.
Nov 22 04:57:22 localhost kernel: [    7.287795] Disabling lock debugging due to kernel taint
Nov 22 04:57:22 localhost kernel: [    7.288240] bpu-core: hw-io: git commit: 42566cb
Nov 22 04:57:22 localhost kernel: [    7.301366] ** HUGE-IC WLAN Card Driver(fmac) v2.2.1-35256
Nov 22 04:57:22 localhost kernel: [    7.301382] hgic_usb_init:430::Enter, max_pkt_len = 2560
Nov 22 04:57:22 localhost kernel: [    7.301470] usbcore: registered new interface driver hgicf
Nov 22 04:57:22 localhost kernel: [    7.301476] hgic_usb_init:439::Leave
Nov 22 04:57:22 localhost kernel: [    7.301480] hgic_sdio_init:1031::Enter, max_pkt_len = 8192
Nov 22 04:57:22 localhost kernel: [    7.301688] hgic_sdio_probe:874::Enter, func->num:1, devid:4002
Nov 22 04:57:22 localhost kernel: [    7.301699] hgic_sdio_probe:890::new sdio card: vendor:a012, id:4002
Nov 22 04:57:22 localhost kernel: [    7.301704] hgicf_core_probe:1063::qc_mode=0, no_bootdl=0, if_agg=0, txq_size=1024
Nov 22 04:57:22 localhost kernel: [    7.301724] hgic_ota_init:78::Enter ...
Nov 22 04:57:22 localhost kernel: [    7.301728] hgic_ota_init:85::Leave ...
Nov 22 04:57:22 localhost kernel: [    7.301732] hgic_bootdl_init:47::Enter ...
Nov 22 04:57:22 localhost kernel: [    7.301735] hgic_bootdl_init:53::Leave ...each packet len:32704
Nov 22 04:57:22 localhost kernel: [    7.301742] hgicf_core_probe:1108::ok
Nov 22 04:57:22 localhost kernel: [    7.301746] hgic_sdio_enable:843::Enter
Nov 22 04:57:22 localhost kernel: [    7.301852] hgic_sdio_enable:862::ok
Nov 22 04:57:22 localhost kernel: [    7.301870] hgicf_download_fw:783::Enter
Nov 22 04:57:22 localhost kernel: [    7.301886] hgic_sdio_probe:934::ok
Nov 22 04:57:22 localhost kernel: [    7.301954] hgic_sdio_init:1037::Leave
Nov 22 04:57:22 localhost kernel: [    7.301959] leave hgicf_init
Nov 22 04:57:22 localhost kernel: [    7.302074] enter hgic_bootdl_download
Nov 22 04:57:22 localhost kernel: [    7.304981] hgic_get_fw_dl_addr:150::hgic_get_fw_dl_addr:Check Para:download addr:20001000
Nov 22 04:57:22 localhost kernel: [    7.305004] hgic_get_fw_aes_en:114::hgic_get_fw_aes_en:Check Para:aes_en:0
Nov 22 04:57:22 localhost kernel: [    7.305009] hgic_get_fw_crc_en:132::hgic_get_fw_crc_en:Check Para:crc_en:1
Nov 22 04:57:22 localhost kernel: [    7.305014] hgic_get_fw_local_crc32:204::hgic_get_fw_local_crc32:Check Para:local crc:0
Nov 22 04:57:22 localhost kernel: [    7.305019] hgic_get_fw_code_offset:186::hgic_get_fw_code_offset:Check Para:code offset:8192
Nov 22 04:57:22 localhost kernel: [    7.305024] hgic_bootdl_parse_fw:190::firmware hdr len  : 8192
Nov 22 04:57:22 localhost kernel: [    7.305028] hgic_bootdl_parse_fw:191::firmware run addr : 20001000
Nov 22 04:57:22 localhost kernel: [    7.305032] hgic_bootdl_parse_fw:192::firmware size     : 351248
Nov 22 04:57:22 localhost kernel: [    7.305036] hgic_bootdl_parse_fw:193::firmware aes_en:0,crc_en:1
Nov 22 04:57:22 localhost kernel: [    7.308572] hgic_bootdl_send_fw:216::Send fw data success!
Nov 22 04:57:22 localhost kernel: [    7.310736] hgic_bootdl_send_fw:216::Send fw data success!
Nov 22 04:57:22 localhost kernel: [    7.312871] hgic_bootdl_send_fw:216::Send fw data success!
Nov 22 04:57:22 localhost kernel: [    7.316089] hgic_bootdl_send_fw:216::Send fw data success!
Nov 22 04:57:22 localhost kernel: [    7.318201] hgic_bootdl_send_fw:216::Send fw data success!
Nov 22 04:57:22 localhost kernel: [    7.320307] hgic_bootdl_send_fw:216::Send fw data success!
Nov 22 04:57:22 localhost kernel: [    7.322395] hgic_bootdl_send_fw:216::Send fw data success!
Nov 22 04:57:22 localhost kernel: [    7.324481] hgic_bootdl_send_fw:216::Send fw data success!
Nov 22 04:57:22 localhost kernel: [    7.326584] hgic_bootdl_send_fw:216::Send fw data success!
Nov 22 04:57:22 localhost kernel: [    7.328680] hgic_bootdl_send_fw:216::Send fw data success!
Nov 22 04:57:22 localhost kernel: [    7.329791] asoc-duplex-host-card snd0: asoc_simple_probe test es8311 end
Nov 22 04:57:22 localhost kernel: [    7.330359] hgic_bootdl_send_fw:216::Send fw data success!
Nov 22 04:57:22 localhost kernel: [    7.339539] hgic_bootdl_download:425::Cmd run success!
Nov 22 04:57:22 localhost kernel: [    7.339559] hgic_bootdl_download:429::Release boot download firmware...
Nov 22 04:57:22 localhost kernel: [    7.339656] leave hgic_bootdl_download
Nov 22 04:57:22 localhost kernel: [    7.369860] enter hgic_sdio_reinit_card
Nov 22 04:57:22 localhost kernel: [    7.412906] leave hgic_sdio_reinit_card
Nov 22 04:57:22 localhost kernel: [    7.436696] hgic fw info:1.6.4.5, svn version:36364, 1e:9e:14:96:a8:20, smt_dat:124111319
Nov 22 04:57:22 localhost kernel: [    7.436721] hgicf_create_iface:584::Enter
Nov 22 04:57:22 localhost kernel: [    7.437123] hgicf_create_procfs:267::enter
Nov 22 04:57:22 localhost kernel: [    7.437152] hgicf_create_procfs:294::leave
Nov 22 04:57:22 localhost kernel: [    7.441165] hgicf_load_config:117::load conf file: /etc/hgicf.conf
Nov 22 04:57:22 localhost kernel: [    7.442555] hgicf_load_config:132::param: [bss_bw=4]
Nov 22 04:57:22 localhost kernel: [    7.453855] hgicf_load_config:132::param: [chan_list=9060,9100,9140,9180,9220]
Nov 22 04:57:22 localhost kernel: [    7.465479] hg0: Current addr:  1e 9e 14 96 a8 20 00 00 00 00 00 00 00 00 00 00 00 00 00 00 00 00 00 00 00 00 00 00 00 00 00 00
Nov 22 04:57:22 localhost kernel: [    7.465502] hg0: Expected addr: 00 00 00 00 00 00 00 00 00 00 00 00 00 00 00 00 00 00 00 00 00 00 00 00 00 00 00 00 00 00 00 00
Nov 22 04:57:22 localhost kernel: [    7.465508] ------------[ cut here ]------------
Nov 22 04:57:22 localhost kernel: [    7.465511] netdevice: hg0: Incorrect netdev->dev_addr
Nov 22 04:57:22 localhost kernel: [    7.465539] WARNING: CPU: 3 PID: 335 at net/core/dev_addr_lists.c:519 dev_addr_check+0x94/0x140
Nov 22 04:57:22 localhost kernel: [    7.465560] Modules linked in: snd_soc_hobot_sound_duplex_host snd_soc_simple_card_utils designware_i2s hgicf bpu_hw_io_x5(PO) bpu_cores bpu_framework hci_uart btrtl bluetooth 8852bs(C) cfg80211 rfkill hobot_isi_sensor hobot_gdc hobot_deserial vs_vse_nat vs_isp_nat hobot_mipidbg hobot_mipicsi hobot_camsys hobot_mipiphy hobot_sensor vs_sif_nat vs_ops_nat hobot_vin_vcon vs_csi_wrapper vs_cam_pulse vs_cam_ctrl vs_isc vs_dw_crc hobot_osd aic8800_bsp hobot_codec_vnode hobot_lpwm vio_n2d galcore hobot_jpu hobot_vin_vnode hobot_vpu hobot_vio_common
Nov 22 04:57:22 localhost kernel: [    7.465676] CPU: 3 PID: 335 Comm: systemd-network Tainted: P        WC O       6.1.83-DR-PL5.2_V1.1.1 #11
Nov 22 04:57:22 localhost kernel: [    7.465684] Hardware name: D-Robotics X5 EVB LP4 1_B board (DT)
Nov 22 04:57:22 localhost kernel: [    7.465689] pstate: 60400009 (nZCv daif +PAN -UAO -TCO -DIT -SSBS BTYPE=--)
Nov 22 04:57:22 localhost kernel: [    7.465696] pc : dev_addr_check+0x94/0x140
Nov 22 04:57:22 localhost kernel: [    7.465703] lr : dev_addr_check+0x94/0x140
Nov 22 04:57:22 localhost kernel: [    7.465709] sp : ffff80000f00b560
Nov 22 04:57:22 localhost kernel: [    7.465712] x29: ffff80000f00b560 x28: ffff000084286e00 x27: ffff8000094fe500
Nov 22 04:57:22 localhost kernel: [    7.465724] x26: ffff80000f00b818 x25: 0000000000000001 x24: 0000000000000000
Nov 22 04:57:22 localhost kernel: [    7.465734] x23: ffff000081a81238 x22: 0000000000001002 x21: ffff8000011f0168
Nov 22 04:57:22 localhost kernel: [    7.465744] x20: ffff000081a81000 x19: ffff000081a81000 x18: 0000000000000038
Nov 22 04:57:22 localhost kernel: [    7.465755] x17: 3030203030203030 x16: 2030302030302030 x15: fffffffffffee818
Nov 22 04:57:22 localhost kernel: [    7.465765] x14: 3030203030203030 x13: ffff8000090d9eb0 x12: 0000000000000a20
Nov 22 04:57:22 localhost kernel: [    7.465775] x11: 0000000000000360 x10: ffff800009131eb0 x9 : ffff8000090d9eb0
Nov 22 04:57:22 localhost kernel: [    7.465786] x8 : 00000000ffffefff x7 : ffff800009131eb0 x6 : 0000000000000000
Nov 22 04:57:22 localhost kernel: [    7.465796] x5 : ffff0000ff6f7aa0 x4 : 0000000000000000 x3 : ffff8000f67be000
Nov 22 04:57:22 localhost kernel: [    7.465805] x2 : 0000000000000000 x1 : 0000000000000000 x0 : ffff000084286e00
Nov 22 04:57:22 localhost kernel: [    7.465816] Call trace:
Nov 22 04:57:22 localhost kernel: [    7.465820]  dev_addr_check+0x94/0x140
Nov 22 04:57:22 localhost kernel: [    7.465827]  __dev_open+0x40/0x1dc
Nov 22 04:57:22 localhost kernel: [    7.465833]  __dev_change_flags+0x190/0x20c
Nov 22 04:57:22 localhost kernel: [    7.465839]  dev_change_flags+0x24/0x64
Nov 22 04:57:22 localhost kernel: [    7.465844]  do_setlink+0x210/0xe50
Nov 22 04:57:22 localhost kernel: [    7.465851]  rtnl_setlink+0xe4/0x180
Nov 22 04:57:22 localhost kernel: [    7.465856]  rtnetlink_rcv_msg+0x12c/0x390
Nov 22 04:57:22 localhost kernel: [    7.465862]  netlink_rcv_skb+0x5c/0x130
Nov 22 04:57:22 localhost kernel: [    7.465868]  rtnetlink_rcv+0x18/0x24
Nov 22 04:57:22 localhost kernel: [    7.465875]  netlink_unicast+0x2e4/0x350
Nov 22 04:57:22 localhost kernel: [    7.465880]  netlink_sendmsg+0x198/0x3f0
Nov 22 04:57:22 localhost kernel: [    7.465885]  __sys_sendto+0x12c/0x170
Nov 22 04:57:22 localhost kernel: [    7.465893]  __arm64_sys_sendto+0x28/0x40
Nov 22 04:57:22 localhost kernel: [    7.465900]  invoke_syscall+0x48/0x114
Nov 22 04:57:22 localhost kernel: [    7.465909]  el0_svc_common.constprop.0+0xd4/0xfc
Nov 22 04:57:22 localhost kernel: [    7.465915]  do_el0_svc+0x30/0xd0
Nov 22 04:57:22 localhost kernel: [    7.465922]  el0_svc+0x2c/0x84
Nov 22 04:57:22 localhost kernel: [    7.465930]  el0t_64_sync_handler+0xbc/0x140
Nov 22 04:57:22 localhost kernel: [    7.465936]  el0t_64_sync+0x18c/0x190
Nov 22 04:57:22 localhost kernel: [    7.465943] ---[ end trace 0000000000000000 ]---
Nov 22 04:57:22 localhost kernel: [    7.470010] hgicf_load_config:132::param: [country_code=]
Nov 22 04:57:22 localhost kernel: [    7.470039] hgicf_load_config:136::invalid param:[country_code=]
Nov 22 04:57:22 localhost kernel: [    7.470044] hgicf_load_config:132::param: [freq_range=]
Nov 22 04:57:22 localhost kernel: [    7.470050] hgicf_load_config:136::invalid param:[freq_range=]
Nov 22 04:57:22 localhost kernel: [    7.470054] hgicf_load_config:132::param: [key_mgmt=WPA-PSK]
Nov 22 04:57:22 localhost kernel: [    7.479091] hgicf_load_config:132::param: [mode=sta]
Nov 22 04:57:22 localhost kernel: [    7.482102] hgicf_load_config:132::param: [ssid=CS1P1251US0006200]
Nov 22 04:57:22 localhost kernel: [    7.488672] hgicf_load_config:132::param: [tx_mcs=255]
Nov 22 04:57:22 localhost kernel: [    7.495109] hgicf_load_config:132::param: [wpa_psk=baa58569a9edd7c3a55e446bc658ef76a7173d023d256786832474d737756a11]
Nov 22 04:57:22 localhost kernel: [    7.506482] hgicf_delay_init:877::Leave, ret=28, soft_fc=1
Nov 22 04:57:23 localhost kernel: [    8.908142] EXT4-fs (mmcblk0p10): mounted filesystem with ordered data mode. Quota mode: disabled.
Nov 22 04:57:23 localhost kernel: [    8.914293] EXT4-fs (mmcblk0p11): mounted filesystem with ordered data mode. Quota mode: disabled.
Nov 22 04:57:23 localhost kernel: [    8.917894] EXT4-fs (mmcblk0p13): mounted filesystem with ordered data mode. Quota mode: disabled.
Nov 22 04:57:23 localhost kernel: [    9.180300] file system registered
Nov 22 04:57:23 localhost kernel: [    9.236111] read descriptors
Nov 22 04:57:23 localhost kernel: [    9.236132] read strings
Nov 22 04:57:23 localhost kernel: [    9.328684] UDC core: g_comp: couldn't find an available UDC or it's busy
