
Nov 22 04:57:24 localhost kernel: [   10.345452] read descriptors
Nov 22 04:57:24 localhost kernel: [   10.345473] read strings
Nov 22 04:57:24 localhost kernel: [   10.435061] UDC core: g_comp: couldn't find an available UDC or it's busy
Mar  5 18:42:33 localhost kernel: [   22.053231] dw-apb-uart 340a0000.serial: failed to request DMA
Mar  5 18:42:34 localhost kernel: [   22.725657] [VPF mgr]:[L478]empty_camsys_reset: empty function
Mar  5 18:42:34 localhost kernel: [   22.725677] [L1228]cim_open open_cnt :1
Mar  5 18:42:34 localhost kernel: [   22.725682] [CIM]:[L192][S0]cim_video_open done ret val:0
Mar  5 18:42:34 localhost kernel: [   22.725687] [L1227][S0]vin_node_open done
Mar  5 18:42:34 localhost kernel: [   22.725691] [VIN_NODE]:[L694][C0]vin_node_video_open done
Mar  5 18:42:34 localhost kernel: [   22.726190] [VPF ops]:[L2575][vin2_src] vpf_device_open: done
Mar  5 18:42:34 localhost kernel: [   22.726272] [L1228]cim_open open_cnt :2
Mar  5 18:42:34 localhost kernel: [   22.726389] [CIM]:[L192][S0]cim_video_open done ret val:0
Mar  5 18:42:34 localhost kernel: [   22.726399] [L1227][S0]vin_node_open done
Mar  5 18:42:34 localhost kernel: [   22.726404] [VIN_NODE]:[L694][C0]vin_node_video_open done
Mar  5 18:42:34 localhost kernel: [   22.726409] [VPF ops]:[L2575][vin2_cap] vpf_device_open: done
Mar  5 18:42:34 localhost kernel: [   22.726458] [L1228]cim_open open_cnt :3
Mar  5 18:42:34 localhost kernel: [   22.726465] [CIM]:[L192][S0]cim_video_open done ret val:0
Mar  5 18:42:34 localhost kernel: [   22.726468] [L1227][S0]vin_node_open done
Mar  5 18:42:34 localhost kernel: [   22.726472] [VIN_NODE]:[L694][C0]vin_node_video_open done
Mar  5 18:42:34 localhost kernel: [   22.726475] [VPF ops]:[L2575][vin2_emb] vpf_device_open: done
Mar  5 18:42:34 localhost kernel: [   22.726494] [L1228]cim_open open_cnt :4
Mar  5 18:42:34 localhost kernel: [   22.726498] [CIM]:[L192][S0]cim_video_open done ret val:0
Mar  5 18:42:34 localhost kernel: [   22.726502] [L1227][S0]vin_node_open done
Mar  5 18:42:34 localhost kernel: [   22.726505] [VIN_NODE]:[L694][C0]vin_node_video_open done
Mar  5 18:42:34 localhost kernel: [   22.726508] [VPF ops]:[L2575][vin2_pdaf] vpf_device_open: done
Mar  5 18:42:34 localhost kernel: [   22.726593] [VPF ops]:[L439][vin2_src][C0] vpf_vctx_bind_vdev: done, ctx_index(0) refcount(1)
Mar  5 18:42:34 localhost kernel: [   22.726602] [VPF ops]:[L1875][vin2_src][C0] vpf_video_bind_context: done
Mar  5 18:42:34 localhost kernel: [   22.726609] [VPF ops]:[L439][vin2_cap][C0] vpf_vctx_bind_vdev: done, ctx_index(0) refcount(1)
Mar  5 18:42:34 localhost kernel: [   22.726613] [VPF ops]:[L1875][vin2_cap][C0] vpf_video_bind_context: done
Mar  5 18:42:34 localhost kernel: [   22.726618] [VPF ops]:[L439][vin2_emb][C0] vpf_vctx_bind_vdev: done, ctx_index(0) refcount(1)
Mar  5 18:42:34 localhost kernel: [   22.726623] [VPF ops]:[L1875][vin2_emb][C0] vpf_video_bind_context: done
Mar  5 18:42:34 localhost kernel: [   22.726628] [VPF ops]:[L439][vin2_pdaf][C0] vpf_vctx_bind_vdev: done, ctx_index(0) refcount(1)
Mar  5 18:42:34 localhost kernel: [   22.726633] [VPF ops]:[L1875][vin2_pdaf][C0] vpf_video_bind_context: done
Mar  5 18:42:34 localhost kernel: [   22.726669] [VIN_NODE]:[L38]The vin node driver version is v1.1
Mar  5 18:42:34 localhost kernel: [   22.726673] [VPF ops]:[L1031][vin2_src][C0] vpf_video_get_version: done
Mar  5 18:42:34 localhost kernel: [   22.726716] [VPF ops]:[L1079][vin2_src][C0] vpf_video_get_struct_size: done
Mar  5 18:42:34 localhost kernel: [   22.726735] [CIM]:[L247][C0]cim_video_set_attr done ret val:0
Mar  5 18:42:34 localhost kernel: [   22.726739] [L423][C0] vin_node_set_attr ipi 0 done
Mar  5 18:42:34 localhost kernel: [   22.726743] [VIN_NODE]:[L239][C0]vin_node_video_set_attr done
Mar  5 18:42:34 localhost kernel: [   22.726747] [VPF ops]:[L689][vin2_cap][C0] vpf_video_set_init_attr: done
Mar  5 18:42:34 localhost kernel: [   22.726756] vin vcon2: vcon2 open 0: flow65535 ctx0 real
Mar  5 18:42:34 localhost kernel: [   22.726762] [L624][S65535][C0][ipi0]cim_subdev_init hw_id = 2
Mar  5 18:42:34 localhost kernel: [   22.726767] [CIM]:[L247][C0]cim_video_set_attr done ret val:0
Mar  5 18:42:34 localhost kernel: [   22.726772] vin vcon2: get attr valid bus7 rx2 done
Mar  5 18:42:34 localhost kernel: [   22.726785] [L423][C0] vin_node_set_attr ipi 0 done
Mar  5 18:42:34 localhost kernel: [   22.726796] [VIN_NODE]:[L239][C0]vin_node_video_set_attr done
Mar  5 18:42:34 localhost kernel: [   22.726800] [VIO node]:[L104][vin2] vio_group_task_start: sched_mode 1
Mar  5 18:42:34 localhost kernel: [   22.726804] [VPF ops]:[L689][vin2_src][C0] vpf_video_set_init_attr: done
Mar  5 18:42:34 localhost kernel: [   22.726809] [CIM]:[L247][C0]cim_video_set_attr done ret val:0
Mar  5 18:42:34 localhost kernel: [   22.726813] [L423][C0] vin_node_set_attr ipi 0 done
Mar  5 18:42:34 localhost kernel: [   22.726816] [VIN_NODE]:[L239][C0]vin_node_video_set_attr done
Mar  5 18:42:34 localhost kernel: [   22.726819] [VPF ops]:[L689][vin2_emb][C0] vpf_video_set_init_attr: done
Mar  5 18:42:34 localhost kernel: [   22.726825] [CIM]:[L247][C0]cim_video_set_attr done ret val:0
Mar  5 18:42:34 localhost kernel: [   22.726828] [L423][C0] vin_node_set_attr ipi 0 done
Mar  5 18:42:34 localhost kernel: [   22.726832] [VIN_NODE]:[L239][C0]vin_node_video_set_attr done
Mar  5 18:42:34 localhost kernel: [   22.726835] [VPF ops]:[L689][vin2_pdaf][C0] vpf_video_set_init_attr: done
Mar  5 18:42:34 localhost kernel: [   22.726855] [VPF ops]:[L1079][vin2_src][C0] vpf_video_get_struct_size: done
Mar  5 18:42:34 localhost kernel: [   22.726872] [L709][S65535] vin_node_set_ichn_attr begin format 43 width 1088 
Mar  5 18:42:34 localhost kernel: [   22.726879] [L527][S0][ipi0]cim_set_ichn_attr done
Mar  5 18:42:34 localhost kernel: [   22.726883] [CIM]:[L309][S0]cim_video_set_ichn_attr done ret val:0
Mar  5 18:42:34 localhost kernel: [   22.726887] [L724][S0]vin_node_set_ichn_attr done
Mar  5 18:42:34 localhost kernel: [   22.726891] [VIN_NODE]:[L427][C0]vin_node_video_set_ichn_attr done
Mar  5 18:42:34 localhost kernel: [   22.726896] [L1023][S0] vin_node_reqbufs done bit_map 0x1 planecount 1 
Mar  5 18:42:34 localhost kernel: [   22.726900] [VIN_NODE]:[L743][C0]vin_node_video_reqbufs done
Mar  5 18:42:34 localhost kernel: [   22.726912] [VPF ops]:[L1193][F0] vpf_fill_frame_info: L0 use width instead of wstride
Mar  5 18:42:34 localhost kernel: [   22.726917] [VPF ops]:[L1197][F0] vpf_fill_frame_info: L0 use height instead of vstride
Mar  5 18:42:34 localhost kernel: [   22.726921] [VPF ops]:[L1193][F1] vpf_fill_frame_info: L0 use width instead of wstride
Mar  5 18:42:34 localhost kernel: [   22.726925] [VPF ops]:[L1197][F1] vpf_fill_frame_info: L0 use height instead of vstride
Mar  5 18:42:34 localhost kernel: [   22.726929] [VPF ops]:[L1193][F2] vpf_fill_frame_info: L0 use width instead of wstride
Mar  5 18:42:34 localhost kernel: [   22.726932] [VPF ops]:[L1197][F2] vpf_fill_frame_info: L0 use height instead of vstride
Mar  5 18:42:34 localhost kernel: [   22.726936] [VPF ops]:[L1193][F3] vpf_fill_frame_info: L0 use width instead of wstride
Mar  5 18:42:34 localhost kernel: [   22.726940] [VPF ops]:[L1197][F3] vpf_fill_frame_info: L0 use height instead of vstride
Mar  5 18:42:34 localhost kernel: [   22.726944] [VPF ops]:[L1193][F4] vpf_fill_frame_info: L0 use width instead of wstride
Mar  5 18:42:34 localhost kernel: [   22.726947] [VPF ops]:[L1197][F4] vpf_fill_frame_info: L0 use height instead of vstride
Mar  5 18:42:34 localhost kernel: [   22.726951] [VPF ops]:[L1193][F5] vpf_fill_frame_info: L0 use width instead of wstride
Mar  5 18:42:34 localhost kernel: [   22.726954] [VPF ops]:[L1197][F5] vpf_fill_frame_info: L0 use height instead of vstride
Mar  5 18:42:34 localhost kernel: [   22.726958] [VPF ops]:[L1193][F6] vpf_fill_frame_info: L0 use width instead of wstride
Mar  5 18:42:34 localhost kernel: [   22.726962] [VPF ops]:[L1197][F6] vpf_fill_frame_info: L0 use height instead of vstride
Mar  5 18:42:34 localhost kernel: [   22.726965] [VPF ops]:[L1193][F7] vpf_fill_frame_info: L0 use width instead of wstride
Mar  5 18:42:34 localhost kernel: [   22.726969] [VPF ops]:[L1197][F7] vpf_fill_frame_info: L0 use height instead of vstride
Mar  5 18:42:34 localhost kernel: [   22.726973] [VPF ops]:[L1193][F8] vpf_fill_frame_info: L0 use width instead of wstride
Mar  5 18:42:34 localhost kernel: [   22.726976] [VPF ops]:[L1197][F8] vpf_fill_frame_info: L0 use height instead of vstride
Mar  5 18:42:34 localhost kernel: [   22.726980] [VPF ops]:[L1193][F9] vpf_fill_frame_info: L0 use width instead of wstride
Mar  5 18:42:34 localhost kernel: [   22.726983] [VPF ops]:[L1197][F9] vpf_fill_frame_info: L0 use height instead of vstride
Mar  5 18:42:34 localhost kernel: [   22.726987] [VPF ops]:[L1193][F10] vpf_fill_frame_info: L0 use width instead of wstride
Mar  5 18:42:34 localhost kernel: [   22.726991] [VPF ops]:[L1197][F10] vpf_fill_frame_info: L0 use height instead of vstride
Mar  5 18:42:34 localhost kernel: [   22.726995] [VPF ops]:[L1193][F11] vpf_fill_frame_info: L0 use width instead of wstride
Mar  5 18:42:34 localhost kernel: [   22.726999] [VPF ops]:[L1197][F11] vpf_fill_frame_info: L0 use height instead of vstride
Mar  5 18:42:34 localhost kernel: [   22.727002] [VPF ops]:[L1193][F12] vpf_fill_frame_info: L0 use width instead of wstride
Mar  5 18:42:34 localhost kernel: [   22.727006] [VPF ops]:[L1197][F12] vpf_fill_frame_info: L0 use height instead of vstride
Mar  5 18:42:34 localhost kernel: [   22.727010] [VPF ops]:[L1193][F13] vpf_fill_frame_info: L0 use width instead of wstride
Mar  5 18:42:34 localhost kernel: [   22.727013] [VPF ops]:[L1197][F13] vpf_fill_frame_info: L0 use height instead of vstride
Mar  5 18:42:34 localhost kernel: [   22.727017] [VPF ops]:[L1193][F14] vpf_fill_frame_info: L0 use width instead of wstride
Mar  5 18:42:34 localhost kernel: [   22.727020] [VPF ops]:[L1197][F14] vpf_fill_frame_info: L0 use height instead of vstride
Mar  5 18:42:34 localhost kernel: [   22.727024] [VPF ops]:[L1193][F15] vpf_fill_frame_info: L0 use width instead of wstride
Mar  5 18:42:34 localhost kernel: [   22.727028] [VPF ops]:[L1197][F15] vpf_fill_frame_info: L0 use height instead of vstride
Mar  5 18:42:34 localhost kernel: [   22.727032] [VPF ops]:[L1325][vin2_src][C0] vpf_request_frames: reqbuf number 16
Mar  5 18:42:34 localhost kernel: [   22.727036] [VPF ops]:[L850][vin2_src][C0] vpf_video_set_ichn_attr: done
Mar  5 18:42:34 localhost kernel: [   22.727058] [VPF ops]:[L1079][vin2_src][C0] vpf_video_get_struct_size: done
Mar  5 18:42:34 localhost kernel: [   22.727076] [L236][S0] ochn0 auto calc vstride 1280
Mar  5 18:42:34 localhost kernel: [   22.727081] [L160]vin_basic_attr->format:43
Mar  5 18:42:34 localhost kernel: [   22.727086] [L425][S0][ipi0][ochn0]cim_set_ochn_attr done
Mar  5 18:42:34 localhost kernel: [   22.727090] [CIM]:[L340][S0]cim_video_set_ochn_attr done ret val:0
Mar  5 18:42:34 localhost kernel: [   22.727094] [L652][S0]vin_node_set_ochn_attr done
Mar  5 18:42:34 localhost kernel: [   22.727097] [VIN_NODE]:[L364][C0]vin_node_video_set_ochn_attr done
Mar  5 18:42:34 localhost kernel: [   22.727101] [L975]VNODE_ID_CAP wstride 2176
Mar  5 18:42:34 localhost kernel: [   22.727104] [L977]VNODE_ID_CAP vstride 1280
Mar  5 18:42:34 localhost kernel: [   22.727107] [L981]vstride 1280  planecount 1 
Mar  5 18:42:34 localhost kernel: [   22.727110] [L1023][S0] vin_node_reqbufs done bit_map 0x1 planecount 1 
Mar  5 18:42:34 localhost kernel: [   22.727114] [VIN_NODE]:[L743][C0]vin_node_video_reqbufs done
Mar  5 18:42:34 localhost kernel: [   22.727126] [VPF ops]:[L1325][vin2_cap][C0] vpf_request_frames: reqbuf number 16
Mar  5 18:42:34 localhost kernel: [   22.727131] [VPF ops]:[L978][vin2_cap][C0] vpf_video_set_ochn_attr: done
Mar  5 18:42:34 localhost kernel: [   22.727150] [VPF ops]:[L1079][vin2_src][C0] vpf_video_get_struct_size: done
Mar  5 18:42:34 localhost kernel: [   22.727169] vin mipi2: snrclk set freq cmd
Mar  5 18:42:34 localhost kernel: [   22.727182] vin mipi2: sensor2_mclk set 24000000 as 24000000
Mar  5 18:42:34 localhost kernel: [   22.727188] vin mipi2: snrclk set en cmd
Mar  5 18:42:34 localhost kernel: [   22.727191] vin mipi2: snrclk set enable
Mar  5 18:42:34 localhost kernel: [   22.727208] [L517][S0]vin_node_set_attr_ex done
Mar  5 18:42:34 localhost kernel: [   22.727212] [VIN_NODE]:[L324][C0]vin_node_video_set_attr_ex done
Mar  5 18:42:34 localhost kernel: [   22.727216] [VPF ops]:[L763][vin2_src][C0] vpf_video_set_attr_ex: done
Mar  5 18:42:34 localhost kernel: [   22.727222] [L517][S0]vin_node_set_attr_ex done
Mar  5 18:42:34 localhost kernel: [   22.727225] [VIN_NODE]:[L324][C0]vin_node_video_set_attr_ex done
Mar  5 18:42:34 localhost kernel: [   22.727228] [VPF ops]:[L763][vin2_cap][C0] vpf_video_set_attr_ex: done
Mar  5 18:42:34 localhost kernel: [   22.727252] [L975]VNODE_ID_CAP wstride 2176
Mar  5 18:42:34 localhost kernel: [   22.727255] [L977]VNODE_ID_CAP vstride 1280
Mar  5 18:42:34 localhost kernel: [   22.727258] [L981]vstride 1280  planecount 1 
Mar  5 18:42:34 localhost kernel: [   22.727261] [L1023][S0] vin_node_reqbufs done bit_map 0x1 planecount 1 
Mar  5 18:42:34 localhost kernel: [   22.727265] [VIN_NODE]:[L743][C0]vin_node_video_reqbufs done
Mar  5 18:42:34 localhost kernel: [   22.727276] [VPF ops]:[L1325][vin2_cap][C0] vpf_request_frames: reqbuf number 3
Mar  5 18:42:34 localhost kernel: [   22.727385] [VPF ops]:[L1464][vin2_cap][C0] vpf_video_reqbufs: done
Mar  5 18:42:34 localhost kernel: [   22.870424] [VPF ops]:[L2066][vin2_cap][C0] vpf_video_querybuf: done
Mar  5 18:42:34 localhost kernel: [   22.870729] [VPF ops]:[L2066][vin2_cap][C0] vpf_video_querybuf: done
Mar  5 18:42:34 localhost kernel: [   22.870843] [VPF mgr]:[L478]empty_camsys_reset: empty function
Mar  5 18:42:34 localhost kernel: [   22.870852] [VPF ops]:[L2066][vin2_cap][C0] vpf_video_querybuf: done
Mar  5 18:42:34 localhost kernel: [   22.870857] [L1228]cim_open open_cnt :1
Mar  5 18:42:34 localhost kernel: [   22.870861] [CIM]:[L192][S0]cim_video_open done ret val:0
Mar  5 18:42:34 localhost kernel: [   22.870866] [L1227][S0]vin_node_open done
Mar  5 18:42:34 localhost kernel: [   22.870870] [VIN_NODE]:[L694][C0]vin_node_video_open done
Mar  5 18:42:34 localhost kernel: [   22.870874] [VPF ops]:[L2575][vin0_src] vpf_device_open: done
Mar  5 18:42:34 localhost kernel: [   22.870894] [L1228]cim_open open_cnt :2
Mar  5 18:42:34 localhost kernel: [   22.870897] [CIM]:[L192][S0]cim_video_open done ret val:0
Mar  5 18:42:34 localhost kernel: [   22.870901] [L1227][S0]vin_node_open done
Mar  5 18:42:34 localhost kernel: [   22.870904] [VIN_NODE]:[L694][C0]vin_node_video_open done
Mar  5 18:42:34 localhost kernel: [   22.870907] [VPF ops]:[L2575][vin0_cap] vpf_device_open: done
Mar  5 18:42:34 localhost kernel: [   22.870921] [L1228]cim_open open_cnt :3
Mar  5 18:42:34 localhost kernel: [   22.870924] [CIM]:[L192][S0]cim_video_open done ret val:0
Mar  5 18:42:34 localhost kernel: [   22.870927] [L1227][S0]vin_node_open done
Mar  5 18:42:34 localhost kernel: [   22.870931] [VIN_NODE]:[L694][C0]vin_node_video_open done
Mar  5 18:42:34 localhost kernel: [   22.870934] [VPF ops]:[L2575][vin0_emb] vpf_device_open: done
Mar  5 18:42:34 localhost kernel: [   22.870947] [L1228]cim_open open_cnt :4
Mar  5 18:42:34 localhost kernel: [   22.870950] [CIM]:[L192][S0]cim_video_open done ret val:0
Mar  5 18:42:34 localhost kernel: [   22.870953] [L1227][S0]vin_node_open done
Mar  5 18:42:34 localhost kernel: [   22.870957] [VIN_NODE]:[L694][C0]vin_node_video_open done
Mar  5 18:42:34 localhost kernel: [   22.870960] [VPF ops]:[L2575][vin0_pdaf] vpf_device_open: done
Mar  5 18:42:34 localhost kernel: [   22.870968] [VPF ops]:[L439][vin0_src][C0] vpf_vctx_bind_vdev: done, ctx_index(0) refcount(1)
Mar  5 18:42:34 localhost kernel: [   22.870976] [VPF ops]:[L1875][vin0_src][C0] vpf_video_bind_context: done
Mar  5 18:42:34 localhost kernel: [   22.870982] [VPF ops]:[L439][vin0_cap][C0] vpf_vctx_bind_vdev: done, ctx_index(0) refcount(1)
Mar  5 18:42:34 localhost kernel: [   22.870985] [VPF ops]:[L2575][vs-isp0_src] vpf_device_open: done
Mar  5 18:42:34 localhost kernel: [   22.870987] [VPF ops]:[L1875][vin0_cap][C0] vpf_video_bind_context: done
Mar  5 18:42:34 localhost kernel: [   22.870993] [VPF ops]:[L439][vin0_emb][C0] vpf_vctx_bind_vdev: done, ctx_index(0) refcount(1)
Mar  5 18:42:34 localhost kernel: [   22.870998] [VPF ops]:[L1875][vin0_emb][C0] vpf_video_bind_context: done
Mar  5 18:42:34 localhost kernel: [   22.871001] [VPF ops]:[L2575][vs-isp0_src_pd] vpf_device_open: done
Mar  5 18:42:34 localhost kernel: [   22.871003] [VPF ops]:[L439][vin0_pdaf][C0] vpf_vctx_bind_vdev: done, ctx_index(0) refcount(1)
Mar  5 18:42:34 localhost kernel: [   22.871008] [VPF ops]:[L1875][vin0_pdaf][C0] vpf_video_bind_context: done
Mar  5 18:42:34 localhost kernel: [   22.871014] [VIN_NODE]:[L38]The vin node driver version is v1.1
Mar  5 18:42:34 localhost kernel: [   22.871018] [VPF ops]:[L1031][vin0_src][C0] vpf_video_get_version: done
Mar  5 18:42:34 localhost kernel: [   22.871029] [VPF ops]:[L1079][vin0_src][C0] vpf_video_get_struct_size: done
Mar  5 18:42:34 localhost kernel: [   22.871038] [CIM]:[L247][C0]cim_video_set_attr done ret val:0
Mar  5 18:42:34 localhost kernel: [   22.871042] [L423][C0] vin_node_set_attr ipi 0 done
Mar  5 18:42:34 localhost kernel: [   22.871046] [VIN_NODE]:[L239][C0]vin_node_video_set_attr done
Mar  5 18:42:34 localhost kernel: [   22.871050] [VPF ops]:[L689][vin0_cap][C0] vpf_video_set_init_attr: done
Mar  5 18:42:34 localhost kernel: [   22.871058] vin vcon0: vcon0 open 0: flow65535 ctx0 real
Mar  5 18:42:34 localhost kernel: [   22.871064] [L624][S65535][C0][ipi0]cim_subdev_init hw_id = 0
Mar  5 18:42:34 localhost kernel: [   22.871068] [CIM]:[L247][C0]cim_video_set_attr done ret val:0
Mar  5 18:42:34 localhost kernel: [   22.871073] vin vcon0: get attr valid bus7 rx0 done
Mar  5 18:42:34 localhost kernel: [   22.871078] [L423][C0] vin_node_set_attr ipi 0 done
Mar  5 18:42:34 localhost kernel: [   22.871081] [VIN_NODE]:[L239][C0]vin_node_video_set_attr done
Mar  5 18:42:34 localhost kernel: [   22.871084] [VIO node]:[L104][vin0] vio_group_task_start: sched_mode 1
Mar  5 18:42:34 localhost kernel: [   22.871089] [VPF ops]:[L689][vin0_src][C0] vpf_video_set_init_attr: done
Mar  5 18:42:34 localhost kernel: [   22.871094] [CIM]:[L247][C0]cim_video_set_attr done ret val:0
Mar  5 18:42:34 localhost kernel: [   22.871097] [L423][C0] vin_node_set_attr ipi 0 done
Mar  5 18:42:34 localhost kernel: [   22.871101] [VIN_NODE]:[L239][C0]vin_node_video_set_attr done
Mar  5 18:42:34 localhost kernel: [   22.871104] [VPF ops]:[L689][vin0_emb][C0] vpf_video_set_init_attr: done
Mar  5 18:42:34 localhost kernel: [   22.871109] [CIM]:[L247][C0]cim_video_set_attr done ret val:0
Mar  5 18:42:34 localhost kernel: [   22.871112] [L423][C0] vin_node_set_attr ipi 0 done
Mar  5 18:42:34 localhost kernel: [   22.871116] [VIN_NODE]:[L239][C0]vin_node_video_set_attr done
Mar  5 18:42:34 localhost kernel: [   22.871119] [VPF ops]:[L689][vin0_pdaf][C0] vpf_video_set_init_attr: done
Mar  5 18:42:34 localhost kernel: [   22.871124] [VPF ops]:[L1079][vin0_src][C0] vpf_video_get_struct_size: done
Mar  5 18:42:34 localhost kernel: [   22.871131] [L709][S65535] vin_node_set_ichn_attr begin format 30 width 640 
Mar  5 18:42:34 localhost kernel: [   22.871139] [L527][S0][ipi0]cim_set_ichn_attr done
Mar  5 18:42:34 localhost kernel: [   22.871144] [CIM]:[L309][S0]cim_video_set_ichn_attr done ret val:0
Mar  5 18:42:34 localhost kernel: [   22.871147] [L724][S0]vin_node_set_ichn_attr done
Mar  5 18:42:34 localhost kernel: [   22.871151] [VIN_NODE]:[L427][C0]vin_node_video_set_ichn_attr done
Mar  5 18:42:34 localhost kernel: [   22.871156] [L1023][S0] vin_node_reqbufs done bit_map 0x1 planecount 0 
Mar  5 18:42:34 localhost kernel: [   22.871161] [VIN_NODE]:[L743][C0]vin_node_video_reqbufs done
Mar  5 18:42:34 localhost kernel: [   22.871172] [VPF ops]:[L1193][F0] vpf_fill_frame_info: L0 use width instead of wstride
Mar  5 18:42:34 localhost kernel: [   22.871177] [VPF ops]:[L1197][F0] vpf_fill_frame_info: L0 use height instead of vstride
Mar  5 18:42:34 localhost kernel: [   22.871182] [VPF ops]:[L1193][F1] vpf_fill_frame_info: L0 use width instead of wstride
Mar  5 18:42:34 localhost kernel: [   22.871185] [VPF ops]:[L1197][F1] vpf_fill_frame_info: L0 use height instead of vstride
Mar  5 18:42:34 localhost kernel: [   22.871189] [VPF ops]:[L1193][F2] vpf_fill_frame_info: L0 use width instead of wstride
Mar  5 18:42:34 localhost kernel: [   22.871193] [VPF ops]:[L1197][F2] vpf_fill_frame_info: L0 use height instead of vstride
Mar  5 18:42:34 localhost kernel: [   22.871196] [VPF ops]:[L1193][F3] vpf_fill_frame_info: L0 use width instead of wstride
Mar  5 18:42:34 localhost kernel: [   22.871200] [VPF ops]:[L1197][F3] vpf_fill_frame_info: L0 use height instead of vstride
Mar  5 18:42:34 localhost kernel: [   22.871204] [VPF ops]:[L1193][F4] vpf_fill_frame_info: L0 use width instead of wstride
Mar  5 18:42:34 localhost kernel: [   22.871207] [VPF ops]:[L1197][F4] vpf_fill_frame_info: L0 use height instead of vstride
Mar  5 18:42:34 localhost kernel: [   22.871211] [VPF ops]:[L1193][F5] vpf_fill_frame_info: L0 use width instead of wstride
Mar  5 18:42:34 localhost kernel: [   22.871215] [VPF ops]:[L1197][F5] vpf_fill_frame_info: L0 use height instead of vstride
Mar  5 18:42:34 localhost kernel: [   22.871218] [VPF ops]:[L1193][F6] vpf_fill_frame_info: L0 use width instead of wstride
Mar  5 18:42:34 localhost kernel: [   22.871222] [VPF ops]:[L1197][F6] vpf_fill_frame_info: L0 use height instead of vstride
Mar  5 18:42:34 localhost kernel: [   22.871225] [VPF ops]:[L1193][F7] vpf_fill_frame_info: L0 use width instead of wstride
Mar  5 18:42:34 localhost kernel: [   22.871229] [VPF ops]:[L1197][F7] vpf_fill_frame_info: L0 use height instead of vstride
Mar  5 18:42:34 localhost kernel: [   22.871233] [VPF ops]:[L1193][F8] vpf_fill_frame_info: L0 use width instead of wstride
Mar  5 18:42:34 localhost kernel: [   22.871236] [VPF ops]:[L1197][F8] vpf_fill_frame_info: L0 use height instead of vstride
Mar  5 18:42:34 localhost kernel: [   22.871240] [VPF ops]:[L1193][F9] vpf_fill_frame_info: L0 use width instead of wstride
Mar  5 18:42:34 localhost kernel: [   22.871243] [VPF ops]:[L1197][F9] vpf_fill_frame_info: L0 use height instead of vstride
Mar  5 18:42:34 localhost kernel: [   22.871247] [VPF ops]:[L1193][F10] vpf_fill_frame_info: L0 use width instead of wstride
Mar  5 18:42:34 localhost kernel: [   22.871250] [VPF ops]:[L1197][F10] vpf_fill_frame_info: L0 use height instead of vstride
Mar  5 18:42:34 localhost kernel: [   22.871254] [VPF ops]:[L1193][F11] vpf_fill_frame_info: L0 use width instead of wstride
Mar  5 18:42:34 localhost kernel: [   22.871257] [VPF ops]:[L1197][F11] vpf_fill_frame_info: L0 use height instead of vstride
Mar  5 18:42:34 localhost kernel: [   22.871261] [VPF ops]:[L1193][F12] vpf_fill_frame_info: L0 use width instead of wstride
Mar  5 18:42:34 localhost kernel: [   22.871265] [VPF ops]:[L1197][F12] vpf_fill_frame_info: L0 use height instead of vstride
Mar  5 18:42:34 localhost kernel: [   22.871269] [VPF ops]:[L1193][F13] vpf_fill_frame_info: L0 use width instead of wstride
Mar  5 18:42:34 localhost kernel: [   22.871272] [VPF ops]:[L1197][F13] vpf_fill_frame_info: L0 use height instead of vstride
Mar  5 18:42:34 localhost kernel: [   22.871276] [VPF ops]:[L1193][F14] vpf_fill_frame_info: L0 use width instead of wstride
Mar  5 18:42:34 localhost kernel: [   22.871280] [VPF ops]:[L1197][F14] vpf_fill_frame_info: L0 use height instead of vstride
Mar  5 18:42:34 localhost kernel: [   22.871284] [VPF ops]:[L1193][F15] vpf_fill_frame_info: L0 use width instead of wstride
Mar  5 18:42:34 localhost kernel: [   22.871288] [VPF ops]:[L1197][F15] vpf_fill_frame_info: L0 use height instead of vstride
Mar  5 18:42:34 localhost kernel: [   22.871292] [VPF ops]:[L1325][vin0_src][C0] vpf_request_frames: reqbuf number 16
Mar  5 18:42:34 localhost kernel: [   22.871297] [VPF ops]:[L850][vin0_src][C0] vpf_video_set_ichn_attr: done
Mar  5 18:42:34 localhost kernel: [   22.871304] [VPF ops]:[L1079][vin0_src][C0] vpf_video_get_struct_size: done
Mar  5 18:42:34 localhost kernel: [   22.871312] [L236][S0] ochn0 auto calc vstride 480
Mar  5 18:42:34 localhost kernel: [   22.871317] [L160]vin_basic_attr->format:30
Mar  5 18:42:34 localhost kernel: [   22.871322] [L425][S0][ipi0][ochn0]cim_set_ochn_attr done
Mar  5 18:42:34 localhost kernel: [   22.871326] [CIM]:[L340][S0]cim_video_set_ochn_attr done ret val:0
Mar  5 18:42:34 localhost kernel: [   22.871330] [L652][S0]vin_node_set_ochn_attr done
Mar  5 18:42:34 localhost kernel: [   22.871333] [VIN_NODE]:[L364][C0]vin_node_video_set_ochn_attr done
Mar  5 18:42:34 localhost kernel: [   22.871337] [L975]VNODE_ID_CAP wstride 1280
Mar  5 18:42:34 localhost kernel: [   22.871340] [L977]VNODE_ID_CAP vstride 480
Mar  5 18:42:34 localhost kernel: [   22.871343] [L981]vstride 480  planecount 1 
Mar  5 18:42:34 localhost kernel: [   22.871346] [L1023][S0] vin_node_reqbufs done bit_map 0x1 planecount 1 
Mar  5 18:42:34 localhost kernel: [   22.871350] [VIN_NODE]:[L743][C0]vin_node_video_reqbufs done
Mar  5 18:42:34 localhost kernel: [   22.871362] [VPF ops]:[L1325][vin0_cap][C0] vpf_request_frames: reqbuf number 16
Mar  5 18:42:34 localhost kernel: [   22.871367] [VPF ops]:[L978][vin0_cap][C0] vpf_video_set_ochn_attr: done
Mar  5 18:42:34 localhost kernel: [   22.871375] [VPF ops]:[L1079][vin0_src][C0] vpf_video_get_struct_size: done
Mar  5 18:42:34 localhost kernel: [   22.871387] vin mipi0: snrclk set freq cmd
Mar  5 18:42:34 localhost kernel: [   22.871401] vin mipi0: sensor0_mclk set 24000000 as 24000000
Mar  5 18:42:34 localhost kernel: [   22.871406] vin mipi0: snrclk set en cmd
Mar  5 18:42:34 localhost kernel: [   22.871410] vin mipi0: snrclk set enable
Mar  5 18:42:34 localhost kernel: [   22.871427] [L517][S0]vin_node_set_attr_ex done
Mar  5 18:42:34 localhost kernel: [   22.871431] [VIN_NODE]:[L324][C0]vin_node_video_set_attr_ex done
Mar  5 18:42:34 localhost kernel: [   22.871434] [VPF ops]:[L763][vin0_src][C0] vpf_video_set_attr_ex: done
Mar  5 18:42:34 localhost kernel: [   22.871439] [L517][S0]vin_node_set_attr_ex done
Mar  5 18:42:34 localhost kernel: [   22.871443] [VIN_NODE]:[L324][C0]vin_node_video_set_attr_ex done
Mar  5 18:42:34 localhost kernel: [   22.871446] [VPF ops]:[L763][vin0_cap][C0] vpf_video_set_attr_ex: done
Mar  5 18:42:34 localhost kernel: [   22.871453] [L975]VNODE_ID_CAP wstride 1280
Mar  5 18:42:34 localhost kernel: [   22.871456] [L977]VNODE_ID_CAP vstride 480
Mar  5 18:42:34 localhost kernel: [   22.871459] [L981]vstride 480  planecount 1 
Mar  5 18:42:34 localhost kernel: [   22.871462] [L1023][S0] vin_node_reqbufs done bit_map 0x1 planecount 1 
Mar  5 18:42:34 localhost kernel: [   22.871466] [VIN_NODE]:[L743][C0]vin_node_video_reqbufs done
Mar  5 18:42:34 localhost kernel: [   22.871476] [VPF ops]:[L1325][vin0_cap][C0] vpf_request_frames: reqbuf number 3
Mar  5 18:42:34 localhost kernel: [   22.871589] [VPF ops]:[L1464][vin0_cap][C0] vpf_video_reqbufs: done
Mar  5 18:42:34 localhost kernel: [   22.871605] [VPF ops]:[L2066][vin0_cap][C0] vpf_video_querybuf: done
Mar  5 18:42:34 localhost kernel: [   22.871754] [VPF ops]:[L2066][vin0_cap][C0] vpf_video_querybuf: done
Mar  5 18:42:34 localhost kernel: [   22.871820] [VPF ops]:[L2066][vin0_cap][C0] vpf_video_querybuf: done
Mar  5 18:42:34 localhost kernel: [   22.871973] [VPF ops]:[L2575][flow] vpf_device_open: done
Mar  5 18:42:34 localhost kernel: [   22.871983] [VPF ops]:[L1031][flow][C0] vpf_video_get_version: done
Mar  5 18:42:34 localhost kernel: [   22.872008] [VPF ops]:[L360][S0] vpf_bind_chain: bind done
Mar  5 18:42:34 localhost kernel: [   22.872022] [VPF ops]:[L2223][flow][C0] vpf_video_bind_pipeline: done
Mar  5 18:42:34 localhost kernel: [   22.872066] [VPF ops]:[L1685][vin0_src][S0][C0] vpf_chain_add_vnode: done
Mar  5 18:42:34 localhost kernel: [   22.872071] [VPF ops]:[L1825][vin0_src][C0] vpf_video_add_vnode: done
Mar  5 18:42:34 localhost kernel: [   22.872304] [VPF ops]:[L2575][vs-isp0_cap] vpf_device_open: done
Mar  5 18:42:34 localhost kernel: [   22.872334] [VPF ops]:[L2575][vs-isp0_cap_raw] vpf_device_open: done
Mar  5 18:42:34 localhost kernel: [   22.872344] [VPF ops]:[L439][vs-isp0_src][C0] vpf_vctx_bind_vdev: done, ctx_index(0) refcount(1)
Mar  5 18:42:34 localhost kernel: [   22.872352] [VPF ops]:[L1875][vs-isp0_src][C0] vpf_video_bind_context: done
Mar  5 18:42:34 localhost kernel: [   22.872359] [VPF ops]:[L439][vs-isp0_src_pd][C0] vpf_vctx_bind_vdev: done, ctx_index(0) refcount(1)
Mar  5 18:42:34 localhost kernel: [   22.872364] [VPF ops]:[L1875][vs-isp0_src_pd][C0] vpf_video_bind_context: done
Mar  5 18:42:34 localhost kernel: [   22.872370] [VPF ops]:[L439][vs-isp0_cap][C0] vpf_vctx_bind_vdev: done, ctx_index(0) refcount(1)
Mar  5 18:42:34 localhost kernel: [   22.872374] [VPF ops]:[L1875][vs-isp0_cap][C0] vpf_video_bind_context: done
Mar  5 18:42:34 localhost kernel: [   22.872380] [VPF ops]:[L439][vs-isp0_cap_raw][C0] vpf_vctx_bind_vdev: done, ctx_index(0) refcount(1)
Mar  5 18:42:34 localhost kernel: [   22.872379] [CIM]:[L419][S0]cim_video_get_attr done ret val:0
Mar  5 18:42:34 localhost kernel: [   22.872384] [VPF ops]:[L1875][vs-isp0_cap_raw][C0] vpf_video_bind_context: done
Mar  5 18:42:34 localhost kernel: [   22.872390] vin vcon0: get attr valid bus7 rx0 done
Mar  5 18:42:34 localhost kernel: [   22.872395] [VPF ops]:[L1079][vs-isp0_src][C0] vpf_video_get_struct_size: done
Mar  5 18:42:34 localhost kernel: [   22.872395] [L306][S0]vin_node_get_attr done
Mar  5 18:42:34 localhost kernel: [   22.872399] [VIN_NODE]:[L286][C0]vin_node_video_get_attr done
Mar  5 18:42:34 localhost kernel: [   22.872403] [VPF ops]:[L689][vs-isp0_cap][C0] vpf_video_set_init_attr: done
Mar  5 18:42:34 localhost kernel: [   22.872912] vin sensor0: camera_init_req cmd: initing
Mar  5 18:42:34 localhost kernel: [   22.887931] [VIO node]:[L104][isp0] vio_group_task_start: sched_mode 1
Mar  5 18:42:34 localhost kernel: [   22.887948] [VPF ops]:[L689][vs-isp0_src][C0] vpf_video_set_init_attr: done
Mar  5 18:42:34 localhost kernel: [   22.887967] [VPF ops]:[L689][vs-isp0_src_pd][C0] vpf_video_set_init_attr: done
Mar  5 18:42:34 localhost kernel: [   22.887974] [VPF ops]:[L689][vs-isp0_cap_raw][C0] vpf_video_set_init_attr: done
Mar  5 18:42:34 localhost kernel: [   22.887987] [VPF ops]:[L1079][vs-isp0_src][C0] vpf_video_get_struct_size: done
Mar  5 18:42:34 localhost kernel: [   22.888001] isp_set_ochn_attr format=6,width=1088,stride=1088,height=1280
Mar  5 18:42:34 localhost kernel: [   22.888105] isp_video_reqbufs done bit_map 0x1 planecount 2 vctx->id:8
Mar  5 18:42:34 localhost kernel: [   22.888124] [VPF ops]:[L1325][vs-isp0_cap][C0] vpf_request_frames: reqbuf number 16
Mar  5 18:42:34 localhost kernel: [   22.888130] [VPF ops]:[L978][vs-isp0_cap][C0] vpf_video_set_ochn_attr: done
Mar  5 18:42:34 localhost kernel: [   22.888143] [VPF ops]:[L1079][vs-isp0_src][C0] vpf_video_get_struct_size: done
Mar  5 18:42:34 localhost kernel: [   22.888151] isp_video_set_ichn_attr format=2,width=1088,stride=2176,height=1280,hdr_en=0
Mar  5 18:42:34 localhost kernel: [   22.888202] isp_video_reqbufs done bit_map 0x1 planecount 1 vctx->id:0
Mar  5 18:42:34 localhost kernel: [   22.888216] [VPF ops]:[L1325][vs-isp0_src][C0] vpf_request_frames: reqbuf number 16
Mar  5 18:42:34 localhost kernel: [   22.888223] [VPF ops]:[L850][vs-isp0_src][C0] vpf_video_set_ichn_attr: done
Mar  5 18:42:34 localhost kernel: [   22.888233] isp_video_reqbufs done bit_map 0x1 planecount 2 vctx->id:8
Mar  5 18:42:34 localhost kernel: [   22.888243] [VPF ops]:[L1325][vs-isp0_cap][C0] vpf_request_frames: reqbuf number 3
Mar  5 18:42:34 localhost kernel: [   22.888348] [VPF ops]:[L1464][vs-isp0_cap][C0] vpf_video_reqbufs: done
Mar  5 18:42:34 localhost kernel: [   22.888385] [VPF ops]:[L2066][vs-isp0_cap][C0] vpf_video_querybuf: done
Mar  5 18:42:34 localhost kernel: [   22.888535] [VPF ops]:[L2066][vs-isp0_cap][C0] vpf_video_querybuf: done
Mar  5 18:42:34 localhost kernel: [   22.888625] [VPF ops]:[L2066][vs-isp0_cap][C0] vpf_video_querybuf: done
Mar  5 18:42:34 localhost kernel: [   22.888729] [VPF ops]:[L2575][flow] vpf_device_open: done
Mar  5 18:42:34 localhost kernel: [   22.888742] [VPF ops]:[L1031][flow][C0] vpf_video_get_version: done
Mar  5 18:42:34 localhost kernel: [   22.888749] [VPF ops]:[L360][S1] vpf_bind_chain: bind done
Mar  5 18:42:34 localhost kernel: [   22.888763] [VPF ops]:[L2223][flow][C1] vpf_video_bind_pipeline: done
Mar  5 18:42:34 localhost kernel: [   22.888773] [VPF ops]:[L1685][vin2_src][S1][C0] vpf_chain_add_vnode: done
Mar  5 18:42:34 localhost kernel: [   22.888778] [VPF ops]:[L1825][vin2_src][C0] vpf_video_add_vnode: done
Mar  5 18:42:34 localhost kernel: [   22.888785] [VPF ops]:[L1685][vs-isp0_src][S1][C0] vpf_chain_add_vnode: done
Mar  5 18:42:34 localhost kernel: [   22.888790] [VPF ops]:[L1825][vs-isp0_src][C0] vpf_video_add_vnode: done
Mar  5 18:42:34 localhost kernel: [   22.889083] [CIM]:[L419][S0]cim_video_get_attr done ret val:0
Mar  5 18:42:34 localhost kernel: [   22.889094] vin vcon2: get attr valid bus7 rx2 done
Mar  5 18:42:34 localhost kernel: [   22.889099] [L306][S0]vin_node_get_attr done
Mar  5 18:42:34 localhost kernel: [   22.889103] [VIN_NODE]:[L286][C0]vin_node_video_get_attr done
Mar  5 18:42:34 localhost kernel: [   22.889272] vin sensor1: camera_init_req cmd: initing
Mar  5 18:42:34 localhost kernel: [   23.023897] [VPF mgr]:[L478]empty_camsys_reset: empty function
Mar  5 18:42:34 localhost kernel: [   23.023918] [L1228]cim_open open_cnt :1
Mar  5 18:42:34 localhost kernel: [   23.023922] [CIM]:[L192][S0]cim_video_open done ret val:0
Mar  5 18:42:34 localhost kernel: [   23.023926] [L1227][S0]vin_node_open done
Mar  5 18:42:34 localhost kernel: [   23.023931] [VIN_NODE]:[L694][C0]vin_node_video_open done
Mar  5 18:42:34 localhost kernel: [   23.023935] [VPF ops]:[L2575][vin1_src] vpf_device_open: done
Mar  5 18:42:34 localhost kernel: [   23.023954] [L1228]cim_open open_cnt :2
Mar  5 18:42:34 localhost kernel: [   23.023958] [CIM]:[L192][S0]cim_video_open done ret val:0
Mar  5 18:42:34 localhost kernel: [   23.023962] [L1227][S0]vin_node_open done
Mar  5 18:42:34 localhost kernel: [   23.023965] [VIN_NODE]:[L694][C0]vin_node_video_open done
Mar  5 18:42:34 localhost kernel: [   23.023968] [VPF ops]:[L2575][vin1_cap] vpf_device_open: done
Mar  5 18:42:34 localhost kernel: [   23.023981] [L1228]cim_open open_cnt :3
Mar  5 18:42:34 localhost kernel: [   23.023984] [CIM]:[L192][S0]cim_video_open done ret val:0
Mar  5 18:42:34 localhost kernel: [   23.023988] [L1227][S0]vin_node_open done
Mar  5 18:42:34 localhost kernel: [   23.023991] [VIN_NODE]:[L694][C0]vin_node_video_open done
Mar  5 18:42:34 localhost kernel: [   23.023994] [VPF ops]:[L2575][vin1_emb] vpf_device_open: done
Mar  5 18:42:34 localhost kernel: [   23.024006] [L1228]cim_open open_cnt :4
Mar  5 18:42:34 localhost kernel: [   23.024009] [CIM]:[L192][S0]cim_video_open done ret val:0
Mar  5 18:42:34 localhost kernel: [   23.024013] [L1227][S0]vin_node_open done
Mar  5 18:42:34 localhost kernel: [   23.024016] [VIN_NODE]:[L694][C0]vin_node_video_open done
Mar  5 18:42:34 localhost kernel: [   23.024019] [VPF ops]:[L2575][vin1_pdaf] vpf_device_open: done
Mar  5 18:42:34 localhost kernel: [   23.024030] [VPF ops]:[L439][vin1_src][C0] vpf_vctx_bind_vdev: done, ctx_index(0) refcount(1)
Mar  5 18:42:34 localhost kernel: [   23.024038] [VPF ops]:[L1875][vin1_src][C0] vpf_video_bind_context: done
Mar  5 18:42:34 localhost kernel: [   23.024044] [VPF ops]:[L439][vin1_cap][C0] vpf_vctx_bind_vdev: done, ctx_index(0) refcount(1)
Mar  5 18:42:34 localhost kernel: [   23.024048] [VPF ops]:[L1875][vin1_cap][C0] vpf_video_bind_context: done
Mar  5 18:42:34 localhost kernel: [   23.024054] [VPF ops]:[L439][vin1_emb][C0] vpf_vctx_bind_vdev: done, ctx_index(0) refcount(1)
Mar  5 18:42:34 localhost kernel: [   23.024058] [VPF ops]:[L1875][vin1_emb][C0] vpf_video_bind_context: done
Mar  5 18:42:34 localhost kernel: [   23.024063] [VPF ops]:[L439][vin1_pdaf][C0] vpf_vctx_bind_vdev: done, ctx_index(0) refcount(1)
Mar  5 18:42:34 localhost kernel: [   23.024067] [VPF ops]:[L1875][vin1_pdaf][C0] vpf_video_bind_context: done
Mar  5 18:42:34 localhost kernel: [   23.024073] [VIN_NODE]:[L38]The vin node driver version is v1.1
Mar  5 18:42:34 localhost kernel: [   23.024076] [VPF ops]:[L1031][vin1_src][C0] vpf_video_get_version: done
Mar  5 18:42:34 localhost kernel: [   23.024088] [VPF ops]:[L1079][vin1_src][C0] vpf_video_get_struct_size: done
Mar  5 18:42:34 localhost kernel: [   23.024098] [CIM]:[L247][C0]cim_video_set_attr done ret val:0
Mar  5 18:42:34 localhost kernel: [   23.024101] [L423][C0] vin_node_set_attr ipi 0 done
Mar  5 18:42:34 localhost kernel: [   23.024105] [VIN_NODE]:[L239][C0]vin_node_video_set_attr done
Mar  5 18:42:34 localhost kernel: [   23.024109] [VPF ops]:[L689][vin1_cap][C0] vpf_video_set_init_attr: done
Mar  5 18:42:34 localhost kernel: [   23.024117] vin vcon1: vcon1 open 0: flow65535 ctx0 real
Mar  5 18:42:34 localhost kernel: [   23.024123] [L624][S65535][C0][ipi0]cim_subdev_init hw_id = 1
Mar  5 18:42:34 localhost kernel: [   23.024127] [CIM]:[L247][C0]cim_video_set_attr done ret val:0
Mar  5 18:42:34 localhost kernel: [   23.024132] vin vcon1: get attr valid bus4 rx1 done
Mar  5 18:42:34 localhost kernel: [   23.024136] [L423][C0] vin_node_set_attr ipi 0 done
Mar  5 18:42:34 localhost kernel: [   23.024140] [VIN_NODE]:[L239][C0]vin_node_video_set_attr done
Mar  5 18:42:34 localhost kernel: [   23.024143] [VIO node]:[L104][vin1] vio_group_task_start: sched_mode 1
Mar  5 18:42:34 localhost kernel: [   23.024147] [VPF ops]:[L689][vin1_src][C0] vpf_video_set_init_attr: done
Mar  5 18:42:34 localhost kernel: [   23.024152] [CIM]:[L247][C0]cim_video_set_attr done ret val:0
Mar  5 18:42:34 localhost kernel: [   23.024155] [L423][C0] vin_node_set_attr ipi 0 done
Mar  5 18:42:34 localhost kernel: [   23.024159] [VIN_NODE]:[L239][C0]vin_node_video_set_attr done
Mar  5 18:42:34 localhost kernel: [   23.024161] [VPF ops]:[L689][vin1_emb][C0] vpf_video_set_init_attr: done
Mar  5 18:42:34 localhost kernel: [   23.024166] [CIM]:[L247][C0]cim_video_set_attr done ret val:0
Mar  5 18:42:34 localhost kernel: [   23.024169] [L423][C0] vin_node_set_attr ipi 0 done
Mar  5 18:42:34 localhost kernel: [   23.024173] [VIN_NODE]:[L239][C0]vin_node_video_set_attr done
Mar  5 18:42:34 localhost kernel: [   23.024176] [VPF ops]:[L689][vin1_pdaf][C0] vpf_video_set_init_attr: done
Mar  5 18:42:34 localhost kernel: [   23.024181] [VPF ops]:[L1079][vin1_src][C0] vpf_video_get_struct_size: done
Mar  5 18:42:34 localhost kernel: [   23.024187] [L709][S65535] vin_node_set_ichn_attr begin format 30 width 640 
Mar  5 18:42:34 localhost kernel: [   23.024194] [L527][S0][ipi0]cim_set_ichn_attr done
Mar  5 18:42:34 localhost kernel: [   23.024198] [CIM]:[L309][S0]cim_video_set_ichn_attr done ret val:0
Mar  5 18:42:34 localhost kernel: [   23.024202] [L724][S0]vin_node_set_ichn_attr done
Mar  5 18:42:34 localhost kernel: [   23.024205] [VIN_NODE]:[L427][C0]vin_node_video_set_ichn_attr done
Mar  5 18:42:34 localhost kernel: [   23.024210] [L1023][S0] vin_node_reqbufs done bit_map 0x1 planecount 0 
Mar  5 18:42:34 localhost kernel: [   23.024215] [VIN_NODE]:[L743][C0]vin_node_video_reqbufs done
Mar  5 18:42:34 localhost kernel: [   23.024227] [VPF ops]:[L1193][F0] vpf_fill_frame_info: L0 use width instead of wstride
Mar  5 18:42:34 localhost kernel: [   23.024232] [VPF ops]:[L1197][F0] vpf_fill_frame_info: L0 use height instead of vstride
Mar  5 18:42:34 localhost kernel: [   23.024237] [VPF ops]:[L1193][F1] vpf_fill_frame_info: L0 use width instead of wstride
Mar  5 18:42:34 localhost kernel: [   23.024241] [VPF ops]:[L1197][F1] vpf_fill_frame_info: L0 use height instead of vstride
Mar  5 18:42:34 localhost kernel: [   23.024245] [VPF ops]:[L1193][F2] vpf_fill_frame_info: L0 use width instead of wstride
Mar  5 18:42:34 localhost kernel: [   23.024248] [VPF ops]:[L1197][F2] vpf_fill_frame_info: L0 use height instead of vstride
Mar  5 18:42:34 localhost kernel: [   23.024252] [VPF ops]:[L1193][F3] vpf_fill_frame_info: L0 use width instead of wstride
Mar  5 18:42:34 localhost kernel: [   23.024256] [VPF ops]:[L1197][F3] vpf_fill_frame_info: L0 use height instead of vstride
Mar  5 18:42:34 localhost kernel: [   23.024259] [VPF ops]:[L1193][F4] vpf_fill_frame_info: L0 use width instead of wstride
Mar  5 18:42:34 localhost kernel: [   23.024263] [VPF ops]:[L1197][F4] vpf_fill_frame_info: L0 use height instead of vstride
Mar  5 18:42:34 localhost kernel: [   23.024267] [VPF ops]:[L1193][F5] vpf_fill_frame_info: L0 use width instead of wstride
Mar  5 18:42:34 localhost kernel: [   23.024270] [VPF ops]:[L1197][F5] vpf_fill_frame_info: L0 use height instead of vstride
Mar  5 18:42:34 localhost kernel: [   23.024274] [VPF ops]:[L1193][F6] vpf_fill_frame_info: L0 use width instead of wstride
Mar  5 18:42:34 localhost kernel: [   23.024277] [VPF ops]:[L1197][F6] vpf_fill_frame_info: L0 use height instead of vstride
Mar  5 18:42:34 localhost kernel: [   23.024281] [VPF ops]:[L1193][F7] vpf_fill_frame_info: L0 use width instead of wstride
Mar  5 18:42:34 localhost kernel: [   23.024285] [VPF ops]:[L1197][F7] vpf_fill_frame_info: L0 use height instead of vstride
Mar  5 18:42:34 localhost kernel: [   23.024289] [VPF ops]:[L1193][F8] vpf_fill_frame_info: L0 use width instead of wstride
Mar  5 18:42:34 localhost kernel: [   23.024292] [VPF ops]:[L1197][F8] vpf_fill_frame_info: L0 use height instead of vstride
Mar  5 18:42:34 localhost kernel: [   23.024296] [VPF ops]:[L1193][F9] vpf_fill_frame_info: L0 use width instead of wstride
Mar  5 18:42:34 localhost kernel: [   23.024300] [VPF ops]:[L1197][F9] vpf_fill_frame_info: L0 use height instead of vstride
Mar  5 18:42:34 localhost kernel: [   23.024303] [VPF ops]:[L1193][F10] vpf_fill_frame_info: L0 use width instead of wstride
Mar  5 18:42:34 localhost kernel: [   23.024307] [VPF ops]:[L1197][F10] vpf_fill_frame_info: L0 use height instead of vstride
Mar  5 18:42:34 localhost kernel: [   23.024311] [VPF ops]:[L1193][F11] vpf_fill_frame_info: L0 use width instead of wstride
Mar  5 18:42:34 localhost kernel: [   23.024315] [VPF ops]:[L1197][F11] vpf_fill_frame_info: L0 use height instead of vstride
Mar  5 18:42:34 localhost kernel: [   23.024318] [VPF ops]:[L1193][F12] vpf_fill_frame_info: L0 use width instead of wstride
Mar  5 18:42:34 localhost kernel: [   23.024322] [VPF ops]:[L1197][F12] vpf_fill_frame_info: L0 use height instead of vstride
Mar  5 18:42:34 localhost kernel: [   23.024325] [VPF ops]:[L1193][F13] vpf_fill_frame_info: L0 use width instead of wstride
Mar  5 18:42:34 localhost kernel: [   23.024329] [VPF ops]:[L1197][F13] vpf_fill_frame_info: L0 use height instead of vstride
Mar  5 18:42:34 localhost kernel: [   23.024333] [VPF ops]:[L1193][F14] vpf_fill_frame_info: L0 use width instead of wstride
Mar  5 18:42:34 localhost kernel: [   23.024336] [VPF ops]:[L1197][F14] vpf_fill_frame_info: L0 use height instead of vstride
Mar  5 18:42:34 localhost kernel: [   23.024340] [VPF ops]:[L1193][F15] vpf_fill_frame_info: L0 use width instead of wstride
Mar  5 18:42:34 localhost kernel: [   23.024343] [VPF ops]:[L1197][F15] vpf_fill_frame_info: L0 use height instead of vstride
Mar  5 18:42:34 localhost kernel: [   23.024347] [VPF ops]:[L1325][vin1_src][C0] vpf_request_frames: reqbuf number 16
Mar  5 18:42:34 localhost kernel: [   23.024352] [VPF ops]:[L850][vin1_src][C0] vpf_video_set_ichn_attr: done
Mar  5 18:42:34 localhost kernel: [   23.024361] [VPF ops]:[L1079][vin1_src][C0] vpf_video_get_struct_size: done
Mar  5 18:42:34 localhost kernel: [   23.024369] [L236][S0] ochn0 auto calc vstride 480
Mar  5 18:42:34 localhost kernel: [   23.024375] [L160]vin_basic_attr->format:30
Mar  5 18:42:34 localhost kernel: [   23.024380] [L425][S0][ipi0][ochn0]cim_set_ochn_attr done
Mar  5 18:42:34 localhost kernel: [   23.024384] [CIM]:[L340][S0]cim_video_set_ochn_attr done ret val:0
Mar  5 18:42:34 localhost kernel: [   23.024388] [L652][S0]vin_node_set_ochn_attr done
Mar  5 18:42:34 localhost kernel: [   23.024392] [VIN_NODE]:[L364][C0]vin_node_video_set_ochn_attr done
Mar  5 18:42:34 localhost kernel: [   23.024396] [L975]VNODE_ID_CAP wstride 1280
Mar  5 18:42:34 localhost kernel: [   23.024399] [L977]VNODE_ID_CAP vstride 480
Mar  5 18:42:34 localhost kernel: [   23.024402] [L981]vstride 480  planecount 1 
Mar  5 18:42:34 localhost kernel: [   23.024405] [L1023][S0] vin_node_reqbufs done bit_map 0x1 planecount 1 
Mar  5 18:42:34 localhost kernel: [   23.024409] [VIN_NODE]:[L743][C0]vin_node_video_reqbufs done
Mar  5 18:42:34 localhost kernel: [   23.024421] [VPF ops]:[L1325][vin1_cap][C0] vpf_request_frames: reqbuf number 16
Mar  5 18:42:34 localhost kernel: [   23.024427] [VPF ops]:[L978][vin1_cap][C0] vpf_video_set_ochn_attr: done
Mar  5 18:42:34 localhost kernel: [   23.024435] [VPF ops]:[L1079][vin1_src][C0] vpf_video_get_struct_size: done
Mar  5 18:42:34 localhost kernel: [   23.024448] vin mipi1: snrclk set freq cmd
Mar  5 18:42:34 localhost kernel: [   23.024463] vin mipi1: sensor1_mclk set 24000000 as 24000000
Mar  5 18:42:34 localhost kernel: [   23.024468] vin mipi1: snrclk set en cmd
Mar  5 18:42:34 localhost kernel: [   23.024471] vin mipi1: snrclk set enable
Mar  5 18:42:34 localhost kernel: [   23.024489] [L517][S0]vin_node_set_attr_ex done
Mar  5 18:42:34 localhost kernel: [   23.024493] [VIN_NODE]:[L324][C0]vin_node_video_set_attr_ex done
Mar  5 18:42:34 localhost kernel: [   23.024496] [VPF ops]:[L763][vin1_src][C0] vpf_video_set_attr_ex: done
Mar  5 18:42:34 localhost kernel: [   23.024502] [L517][S0]vin_node_set_attr_ex done
Mar  5 18:42:34 localhost kernel: [   23.024506] [VIN_NODE]:[L324][C0]vin_node_video_set_attr_ex done
Mar  5 18:42:34 localhost kernel: [   23.024509] [VPF ops]:[L763][vin1_cap][C0] vpf_video_set_attr_ex: done
Mar  5 18:42:34 localhost kernel: [   23.024517] [L975]VNODE_ID_CAP wstride 1280
Mar  5 18:42:34 localhost kernel: [   23.024520] [L977]VNODE_ID_CAP vstride 480
Mar  5 18:42:34 localhost kernel: [   23.024523] [L981]vstride 480  planecount 1 
Mar  5 18:42:34 localhost kernel: [   23.024526] [L1023][S0] vin_node_reqbufs done bit_map 0x1 planecount 1 
Mar  5 18:42:34 localhost kernel: [   23.024530] [VIN_NODE]:[L743][C0]vin_node_video_reqbufs done
Mar  5 18:42:34 localhost kernel: [   23.024541] [VPF ops]:[L1325][vin1_cap][C0] vpf_request_frames: reqbuf number 3
Mar  5 18:42:34 localhost kernel: [   23.024663] [VPF ops]:[L1464][vin1_cap][C0] vpf_video_reqbufs: done
Mar  5 18:42:34 localhost kernel: [   23.024690] [VPF ops]:[L2066][vin1_cap][C0] vpf_video_querybuf: done
Mar  5 18:42:34 localhost kernel: [   23.024890] [VPF ops]:[L2066][vin1_cap][C0] vpf_video_querybuf: done
Mar  5 18:42:34 localhost kernel: [   23.025027] [VPF ops]:[L2066][vin1_cap][C0] vpf_video_querybuf: done
Mar  5 18:42:34 localhost kernel: [   23.025151] [VPF ops]:[L2575][flow] vpf_device_open: done
Mar  5 18:42:34 localhost kernel: [   23.025168] [VPF ops]:[L1031][flow][C0] vpf_video_get_version: done
Mar  5 18:42:34 localhost kernel: [   23.025176] [VPF ops]:[L360][S2] vpf_bind_chain: bind done
Mar  5 18:42:34 localhost kernel: [   23.025190] [VPF ops]:[L2223][flow][C2] vpf_video_bind_pipeline: done
Mar  5 18:42:34 localhost kernel: [   23.025200] [VPF ops]:[L1685][vin1_src][S2][C0] vpf_chain_add_vnode: done
Mar  5 18:42:34 localhost kernel: [   23.025205] [VPF ops]:[L1825][vin1_src][C0] vpf_video_add_vnode: done
Mar  5 18:42:34 localhost kernel: [   23.025431] [CIM]:[L419][S0]cim_video_get_attr done ret val:0
Mar  5 18:42:34 localhost kernel: [   23.025444] vin vcon1: get attr valid bus4 rx1 done
Mar  5 18:42:34 localhost kernel: [   23.025449] [L306][S0]vin_node_get_attr done
Mar  5 18:42:34 localhost kernel: [   23.025454] [VIN_NODE]:[L286][C0]vin_node_video_get_attr done
Mar  5 18:42:34 localhost kernel: [   23.025713] vin sensor2: camera_init_req cmd: initing
Mar  5 18:42:34 localhost kernel: [   23.192881] vin sensor0: camera_init_result cmd: done wake
Mar  5 18:42:34 localhost kernel: [   23.192994] vin sensor0: camera_set_intrinsic_param port 0 done
Mar  5 18:42:34 localhost kernel: [   23.193136] vin sensor0: sensor_attach flow0 ctx0 to sensor0 
Mar  5 18:42:34 localhost kernel: [   23.193148] vin vcon0: flow0.ctx0 attach sensor0 done
Mar  5 18:42:34 localhost kernel: [   23.193152] vin vcon0: set internal attr attach done
Mar  5 18:42:34 localhost kernel: [   23.193167] vin mipi0: init cmd: 0 real
Mar  5 18:42:34 localhost kernel: [   23.193176] vin mipi0: 1 lane 640x480 10fps datatype 0x1e
Mar  5 18:42:34 localhost kernel: [   23.193183] vin mipi0: snrclk set disable
Mar  5 18:42:34 localhost kernel: [   23.193204] vin mipi0: ipiclk limit 27027000 up to 600000000
Mar  5 18:42:34 localhost kernel: [   23.193219] vin mipi0: ipiclk set 600000000 get 600000000
Mar  5 18:42:34 localhost kernel: [   23.193225] vin mipi0: dphy 432Mbps/1lane: ppi 8bit settle 8
Mar  5 18:42:34 localhost kernel: [   23.193676] vin sensor0: sensor_evu_do: default to wait
Mar  5 18:42:34 localhost kernel: [   23.195528] vin sensor1: sc132gs open i2c7@0x32
Mar  5 18:42:34 localhost kernel: [   23.195547] vin sensor1: camera_tuning_update_param done
Mar  5 18:42:34 localhost kernel: [   23.195930] vin sensor1: ctrl_mode set to user
Mar  5 18:42:34 localhost kernel: [   23.195963] vin sensor1: camera_init_result cmd: done wake
Mar  5 18:42:34 localhost kernel: [   23.196018] vin sensor1: camera_set_intrinsic_param port 1 done
Mar  5 18:42:34 localhost kernel: [   23.196056] vin sensor1: sensor_attach flow1 ctx0 to sensor1 sc132gs
Mar  5 18:42:34 localhost kernel: [   23.196063] vin vcon2: flow1.ctx0 attach sensor1 done
Mar  5 18:42:34 localhost kernel: [   23.196067] vin vcon2: set internal attr attach done
Mar  5 18:42:34 localhost kernel: [   23.196079] vin mipi2: init cmd: 0 real
Mar  5 18:42:34 localhost kernel: [   23.196086] vin mipi2: 1 lane 1088x1280 30fps datatype 0x2b
Mar  5 18:42:34 localhost kernel: [   23.196091] vin mipi2: snrclk set disable
Mar  5 18:42:34 localhost kernel: [   23.196107] vin mipi2: ipiclk limit 21000000 up to 600000000
Mar  5 18:42:34 localhost kernel: [   23.196119] vin mipi2: ipiclk set 600000000 get 600000000
Mar  5 18:42:34 localhost kernel: [   23.196124] vin mipi2: dphy 1200Mbps/1lane: ppi 8bit settle 20
Mar  5 18:42:34 localhost kernel: [   23.196135] vin sensor1: sensor_evu_do: default to wait
Mar  5 18:42:34 localhost kernel: [   23.229018] vin mipi0: linelenth: 858, framelenth: 3150, fps: 10, ipiclk: 600000000, rx_bit_clk: 432000000
Mar  5 18:42:34 localhost kernel: [   23.229043] vin mipi0: ipi config hsa: 4, hbp: 4, hsd: 98
Mar  5 18:42:34 localhost kernel: [   23.229051] vin mipi0: config 1/1 ipi done
Mar  5 18:42:34 localhost kernel: [   23.229056] vin mipi0: check phy stop state
Mar  5 18:42:34 localhost kernel: [   23.229154] vin mipi2: linelenth: 1400, framelenth: 1500, fps: 30, ipiclk: 600000000, rx_bit_clk: 1200000000
Mar  5 18:42:34 localhost kernel: [   23.229165] vin mipi2: ipi config hsa: 4, hbp: 4, hsd: 42
Mar  5 18:42:34 localhost kernel: [   23.229171] vin mipi2: config 1/1 ipi done
Mar  5 18:42:34 localhost kernel: [   23.229175] vin mipi2: check phy stop state
Mar  5 18:42:34 localhost kernel: [   23.232070] [L587][S0]vin_node_set_internal_attr done
Mar  5 18:42:34 localhost kernel: [   23.232088] [VIN_NODE]:[L514][C0]vin_node_video_set_internal_attr done
Mar  5 18:42:34 localhost kernel: [   23.232095] [L1023][S0] vin_node_reqbufs done bit_map 0x1 planecount 0 
Mar  5 18:42:34 localhost kernel: [   23.232099] [VIN_NODE]:[L743][C0]vin_node_video_reqbufs done
Mar  5 18:42:34 localhost kernel: [   23.232104] [VPF ops]:[L1005][vin0_src][C0] vpf_video_set_inter_attr: done
Mar  5 18:42:34 localhost kernel: [   23.232266] [VPF chain]:[L279]vio_chain_path_show: [S0] vin0_C0*(dma)
Mar  5 18:42:34 localhost kernel: [   23.232279] [VPF ops]:[L632][vin0_cap][S0] vpf_prepare_buffers: done
Mar  5 18:42:34 localhost kernel: [   23.232284] [VPF ops]:[L1639][vin0_cap][S0][C0] vpf_video_start: done start_cnt 1
Mar  5 18:42:34 localhost kernel: [   23.232294] [L716][S0][ipi0]cim_subdev_start ddr_en and ochn request bufs
Mar  5 18:42:34 localhost kernel: [   23.232308] [L757][S0]cim_subdev_start
Mar  5 18:42:34 localhost kernel: [   23.232312] [CIM]:[L113][S0]cim_video_streamon done ret val:0
Mar  5 18:42:34 localhost kernel: [   23.232321] vin sensor0: sensor_evk_do: wait to doing
Mar  5 18:42:34 localhost kernel: [   23.233307] vin sensor0: sensor_evk_do: done to finish
Mar  5 18:42:34 localhost kernel: [   23.233328] vin sensor0: sensor_start  flow0 start done
Mar  5 18:42:34 localhost kernel: [   23.233333] vin vcon0: sensor0 start real done
Mar  5 18:42:34 localhost kernel: [   23.233342] vin mipi0: start cmd: 0 real
Mar  5 18:42:34 localhost kernel: [   23.233346] vin mipi0: check hs reception
Mar  5 18:42:34 localhost kernel: [   23.237664] [L587][S0]vin_node_set_internal_attr done
Mar  5 18:42:34 localhost kernel: [   23.237675] [VIN_NODE]:[L514][C0]vin_node_video_set_internal_attr done
Mar  5 18:42:34 localhost kernel: [   23.237682] [L1023][S0] vin_node_reqbufs done bit_map 0x1 planecount 1 
Mar  5 18:42:34 localhost kernel: [   23.237687] [VIN_NODE]:[L743][C0]vin_node_video_reqbufs done
Mar  5 18:42:34 localhost kernel: [   23.237692] [VPF ops]:[L1005][vin2_src][C0] vpf_video_set_inter_attr: done
Mar  5 18:42:34 localhost kernel: [   23.237721] isp_video_set_inter_attr flow_id = 1, sensor_name = sc132gs, sensor_cali_name = /app/BestMow/startup_script/sensor_config/darktime/sc132gs_tuning_left.json
Mar  5 18:42:34 localhost kernel: [   23.244694] dw-apb-uart 34080000.serial: failed to request DMA
Mar  5 18:42:34 localhost kernel: [   23.262156] dw-apb-uart 34090000.serial: failed to request DMA
Mar  5 18:42:34 localhost kernel: [   23.315352] vin sensor2: camera_init_result cmd: done wake
Mar  5 18:42:34 localhost kernel: [   23.315394] vin sensor2: sensor_evu_do: default to wait
Mar  5 18:42:34 localhost kernel: [   23.315427] vin sensor2: camera_set_intrinsic_param port 2 done
Mar  5 18:42:34 localhost kernel: [   23.315468] vin sensor2: sensor_attach flow2 ctx0 to sensor2 
Mar  5 18:42:34 localhost kernel: [   23.315474] vin vcon1: flow2.ctx0 attach sensor2 done
Mar  5 18:42:34 localhost kernel: [   23.315478] vin vcon1: set internal attr attach done
Mar  5 18:42:34 localhost kernel: [   23.315493] vin mipi1: init cmd: 0 real
Mar  5 18:42:34 localhost kernel: [   23.315502] vin mipi1: 1 lane 640x480 10fps datatype 0x1e
Mar  5 18:42:34 localhost kernel: [   23.315509] vin mipi1: snrclk set disable
Mar  5 18:42:34 localhost kernel: [   23.315530] vin mipi1: ipiclk limit 27027000 up to 600000000
Mar  5 18:42:34 localhost kernel: [   23.315546] vin mipi1: ipiclk set 600000000 get 600000000
Mar  5 18:42:34 localhost kernel: [   23.315551] vin mipi1: dphy 432Mbps/1lane: ppi 8bit settle 40
Mar  5 18:42:34 localhost kernel: [   23.352636] vin mipi1: linelenth: 858, framelenth: 3150, fps: 10, ipiclk: 600000000, rx_bit_clk: 432000000
Mar  5 18:42:34 localhost kernel: [   23.352658] vin mipi1: ipi config hsa: 4, hbp: 4, hsd: 98
Mar  5 18:42:34 localhost kernel: [   23.352665] vin mipi1: config 1/1 ipi done
Mar  5 18:42:34 localhost kernel: [   23.352670] vin mipi1: check phy stop state
Mar  5 18:42:34 localhost kernel: [   23.352679] [L587][S0]vin_node_set_internal_attr done
Mar  5 18:42:34 localhost kernel: [   23.352684] [VIN_NODE]:[L514][C0]vin_node_video_set_internal_attr done
Mar  5 18:42:34 localhost kernel: [   23.352690] [L1023][S0] vin_node_reqbufs done bit_map 0x1 planecount 0 
Mar  5 18:42:34 localhost kernel: [   23.352695] [VIN_NODE]:[L743][C0]vin_node_video_reqbufs done
Mar  5 18:42:34 localhost kernel: [   23.352699] [VPF ops]:[L1005][vin1_src][C0] vpf_video_set_inter_attr: done
Mar  5 18:42:34 localhost kernel: [   23.352747] [VPF chain]:[L279]vio_chain_path_show: [S2] vin1_C0*(dma)
Mar  5 18:42:34 localhost kernel: [   23.352757] [VPF ops]:[L632][vin1_cap][S2] vpf_prepare_buffers: done
Mar  5 18:42:34 localhost kernel: [   23.352761] [VPF ops]:[L1639][vin1_cap][S2][C0] vpf_video_start: done start_cnt 1
Mar  5 18:42:34 localhost kernel: [   23.352770] [L716][S0][ipi0]cim_subdev_start ddr_en and ochn request bufs
Mar  5 18:42:34 localhost kernel: [   23.352784] [L757][S2]cim_subdev_start
Mar  5 18:42:34 localhost kernel: [   23.352788] [CIM]:[L113][S0]cim_video_streamon done ret val:0
Mar  5 18:42:34 localhost kernel: [   23.352796] vin sensor2: sensor_evk_do: wait to doing
Mar  5 18:42:34 localhost kernel: [   23.353497] vin sensor2: sensor_evk_do: done to finish
Mar  5 18:42:34 localhost kernel: [   23.353516] vin sensor2: sensor_start  flow2 start done
Mar  5 18:42:34 localhost kernel: [   23.353521] vin vcon1: sensor2 start real done
Mar  5 18:42:34 localhost kernel: [   23.353615] vin mipi1: start cmd: 0 real
Mar  5 18:42:34 localhost kernel: [   23.353625] vin mipi1: check hs reception
Mar  5 18:42:35 localhost kernel: [   23.405148] vin mipi0: entry hs reception
Mar  5 18:42:35 localhost kernel: [   23.405181] [L1096][S0]vin_node_start done
Mar  5 18:42:35 localhost kernel: [   23.405187] [VIN_NODE]:[L546][C0]vin_node_video_streamon done
Mar  5 18:42:35 localhost kernel: [   23.405192] [VPF ops]:[L1639][vin0_src][S0][C0] vpf_video_start: done start_cnt 2
Mar  5 18:42:35 localhost kernel: [   23.521558] vin mipi1: entry hs reception
Mar  5 18:42:35 localhost kernel: [   23.521590] [L1096][S0]vin_node_start done
Mar  5 18:42:35 localhost kernel: [   23.521596] [VIN_NODE]:[L546][C0]vin_node_video_streamon done
Mar  5 18:42:35 localhost kernel: [   23.521601] [VPF ops]:[L1639][vin1_src][S2][C0] vpf_video_start: done start_cnt 2
Mar  5 18:42:35 localhost kernel: [   23.552632] ctx_id 0, inst id 0, sensor /app/BestMow/startup_script/sensor_config/darktime/sc132gs_tuning_left.json
Mar  5 18:42:35 localhost kernel: [   23.552653] isp_video_reqbufs done bit_map 0x1 planecount 1 vctx->id:0
Mar  5 18:42:35 localhost kernel: [   23.552659] [VPF ops]:[L1005][vs-isp0_src][C0] vpf_video_set_inter_attr: done
Mar  5 18:42:35 localhost kernel: [   23.552786] [L899][S0][V8] vin_node chn_attr format(24) slod_id(0) width(1088) height(1280) wstride(2176) vstride(1280)
Mar  5 18:42:35 localhost kernel: [   23.552794] isp_allow_bind online_mode=0,bind_type=3
Mar  5 18:42:35 localhost kernel: [   23.552824] [VPF ops]:[L319][S1] vpf_bind_vnode: vin2_cap bind_type(3) vs-isp0_src
Mar  5 18:42:35 localhost kernel: [   23.552830] [VPF ops]:[L2258][flow][C1] vpf_video_bind_vnode: done
Mar  5 18:42:35 localhost kernel: [   23.552845] [VPF chain]:[L279]vio_chain_path_show: [S1] vin2_C0*(dma)-m2m-isp0_C0
Mar  5 18:42:35 localhost kernel: [   23.552853] [VPF ops]:[L632][vs-isp0_cap][S1] vpf_prepare_buffers: done
Mar  5 18:42:35 localhost kernel: [   23.552860] isp_video_streamon inst: 0, set isp state to STARTED
Mar  5 18:42:35 localhost kernel: [   23.555679] [VPF ops]:[L1639][vs-isp0_cap][S1][C0] vpf_video_start: done start_cnt 1
Mar  5 18:42:35 localhost kernel: [   23.555712] [VPF ops]:[L1639][vs-isp0_src][S1][C0] vpf_video_start: done start_cnt 2
Mar  5 18:42:35 localhost kernel: [   23.555735] [VPF ops]:[L632][vin2_cap][S1] vpf_prepare_buffers: done
Mar  5 18:42:35 localhost kernel: [   23.555740] [VPF ops]:[L1639][vin2_cap][S1][C0] vpf_video_start: done start_cnt 1
Mar  5 18:42:35 localhost kernel: [   23.555749] [L716][S0][ipi0]cim_subdev_start ddr_en and ochn request bufs
Mar  5 18:42:35 localhost kernel: [   23.555764] [L757][S1]cim_subdev_start
Mar  5 18:42:35 localhost kernel: [   23.555768] [CIM]:[L113][S0]cim_video_streamon done ret val:0
Mar  5 18:42:35 localhost kernel: [   23.555777] vin sensor1: sensor_evk_do: wait to doing
Mar  5 18:42:35 localhost kernel: [   23.556247] vin sensor1: sensor_evk_do: done to finish
Mar  5 18:42:35 localhost kernel: [   23.556259] vin sensor1: sensor_start sc132gs flow1 start done
Mar  5 18:42:35 localhost kernel: [   23.556263] vin vcon2: sensor1 start real done
Mar  5 18:42:35 localhost kernel: [   23.556271] vin mipi2: start cmd: 0 real
Mar  5 18:42:35 localhost kernel: [   23.556275] vin mipi2: check hs reception
Mar  5 18:42:35 localhost kernel: [   23.570285] vin mipi2: entry hs reception
Mar  5 18:42:35 localhost kernel: [   23.570311] [L1096][S0]vin_node_start done
Mar  5 18:42:35 localhost kernel: [   23.570316] [VIN_NODE]:[L546][C0]vin_node_video_streamon done
Mar  5 18:42:35 localhost kernel: [   23.570320] [VPF ops]:[L1639][vin2_src][S1][C0] vpf_video_start: done start_cnt 2
Mar  5 18:42:35 localhost kernel: [   23.596400] [VPF mgr]:[L478]empty_camsys_reset: empty function
Mar  5 18:42:35 localhost kernel: [   23.596420] [L1228]cim_open open_cnt :1
Mar  5 18:42:35 localhost kernel: [   23.596425] [CIM]:[L192][S0]cim_video_open done ret val:0
Mar  5 18:42:35 localhost kernel: [   23.596429] [L1227][S0]vin_node_open done
Mar  5 18:42:35 localhost kernel: [   23.596433] [VIN_NODE]:[L694][C0]vin_node_video_open done
Mar  5 18:42:35 localhost kernel: [   23.596436] [VPF ops]:[L2575][vin3_src] vpf_device_open: done
Mar  5 18:42:35 localhost kernel: [   23.596453] [L1228]cim_open open_cnt :2
Mar  5 18:42:35 localhost kernel: [   23.596457] [CIM]:[L192][S0]cim_video_open done ret val:0
Mar  5 18:42:35 localhost kernel: [   23.596460] [L1227][S0]vin_node_open done
Mar  5 18:42:35 localhost kernel: [   23.596463] [VIN_NODE]:[L694][C0]vin_node_video_open done
Mar  5 18:42:35 localhost kernel: [   23.596466] [VPF ops]:[L2575][vin3_cap] vpf_device_open: done
Mar  5 18:42:35 localhost kernel: [   23.596478] [L1228]cim_open open_cnt :3
Mar  5 18:42:35 localhost kernel: [   23.596481] [CIM]:[L192][S0]cim_video_open done ret val:0
Mar  5 18:42:35 localhost kernel: [   23.596485] [L1227][S0]vin_node_open done
Mar  5 18:42:35 localhost kernel: [   23.596488] [VIN_NODE]:[L694][C0]vin_node_video_open done
Mar  5 18:42:35 localhost kernel: [   23.596492] [VPF ops]:[L2575][vin3_emb] vpf_device_open: done
Mar  5 18:42:35 localhost kernel: [   23.596503] [L1228]cim_open open_cnt :4
Mar  5 18:42:35 localhost kernel: [   23.596506] [CIM]:[L192][S0]cim_video_open done ret val:0
Mar  5 18:42:35 localhost kernel: [   23.596510] [L1227][S0]vin_node_open done
Mar  5 18:42:35 localhost kernel: [   23.596513] [VIN_NODE]:[L694][C0]vin_node_video_open done
Mar  5 18:42:35 localhost kernel: [   23.596516] [VPF ops]:[L2575][vin3_pdaf] vpf_device_open: done
Mar  5 18:42:35 localhost kernel: [   23.596526] [VPF ops]:[L439][vin3_src][C0] vpf_vctx_bind_vdev: done, ctx_index(0) refcount(1)
Mar  5 18:42:35 localhost kernel: [   23.596534] [VPF ops]:[L1875][vin3_src][C0] vpf_video_bind_context: done
Mar  5 18:42:35 localhost kernel: [   23.596540] [VPF ops]:[L439][vin3_cap][C0] vpf_vctx_bind_vdev: done, ctx_index(0) refcount(1)
Mar  5 18:42:35 localhost kernel: [   23.596544] [VPF ops]:[L1875][vin3_cap][C0] vpf_video_bind_context: done
Mar  5 18:42:35 localhost kernel: [   23.596550] [VPF ops]:[L439][vin3_emb][C0] vpf_vctx_bind_vdev: done, ctx_index(0) refcount(1)
Mar  5 18:42:35 localhost kernel: [   23.596554] [VPF ops]:[L1875][vin3_emb][C0] vpf_video_bind_context: done
Mar  5 18:42:35 localhost kernel: [   23.596559] [VPF ops]:[L439][vin3_pdaf][C0] vpf_vctx_bind_vdev: done, ctx_index(0) refcount(1)
Mar  5 18:42:35 localhost kernel: [   23.596563] [VPF ops]:[L1875][vin3_pdaf][C0] vpf_video_bind_context: done
Mar  5 18:42:35 localhost kernel: [   23.596569] [VIN_NODE]:[L38]The vin node driver version is v1.1
Mar  5 18:42:35 localhost kernel: [   23.596572] [VPF ops]:[L1031][vin3_src][C0] vpf_video_get_version: done
Mar  5 18:42:35 localhost kernel: [   23.596583] [VPF ops]:[L1079][vin3_src][C0] vpf_video_get_struct_size: done
Mar  5 18:42:35 localhost kernel: [   23.596593] [CIM]:[L247][C0]cim_video_set_attr done ret val:0
Mar  5 18:42:35 localhost kernel: [   23.596597] [L423][C0] vin_node_set_attr ipi 0 done
Mar  5 18:42:35 localhost kernel: [   23.596601] [VIN_NODE]:[L239][C0]vin_node_video_set_attr done
Mar  5 18:42:35 localhost kernel: [   23.596604] [VPF ops]:[L689][vin3_cap][C0] vpf_video_set_init_attr: done
Mar  5 18:42:35 localhost kernel: [   23.596612] vin vcon3: vcon3 open 0: flow65535 ctx0 real
Mar  5 18:42:35 localhost kernel: [   23.596618] [L624][S65535][C0][ipi0]cim_subdev_init hw_id = 3
Mar  5 18:42:35 localhost kernel: [   23.596623] [CIM]:[L247][C0]cim_video_set_attr done ret val:0
Mar  5 18:42:35 localhost kernel: [   23.596628] vin vcon3: get attr valid bus7 rx3 done
Mar  5 18:42:35 localhost kernel: [   23.596633] [L423][C0] vin_node_set_attr ipi 0 done
Mar  5 18:42:35 localhost kernel: [   23.596636] [VIN_NODE]:[L239][C0]vin_node_video_set_attr done
Mar  5 18:42:35 localhost kernel: [   23.596640] [VIO node]:[L104][vin3] vio_group_task_start: sched_mode 1
Mar  5 18:42:35 localhost kernel: [   23.596644] [VPF ops]:[L689][vin3_src][C0] vpf_video_set_init_attr: done
Mar  5 18:42:35 localhost kernel: [   23.596648] [CIM]:[L247][C0]cim_video_set_attr done ret val:0
Mar  5 18:42:35 localhost kernel: [   23.596652] [L423][C0] vin_node_set_attr ipi 0 done
Mar  5 18:42:35 localhost kernel: [   23.596655] [VIN_NODE]:[L239][C0]vin_node_video_set_attr done
Mar  5 18:42:35 localhost kernel: [   23.596658] [VPF ops]:[L689][vin3_emb][C0] vpf_video_set_init_attr: done
Mar  5 18:42:35 localhost kernel: [   23.596663] [CIM]:[L247][C0]cim_video_set_attr done ret val:0
Mar  5 18:42:35 localhost kernel: [   23.596667] [L423][C0] vin_node_set_attr ipi 0 done
Mar  5 18:42:35 localhost kernel: [   23.596670] [VIN_NODE]:[L239][C0]vin_node_video_set_attr done
Mar  5 18:42:35 localhost kernel: [   23.596673] [VPF ops]:[L689][vin3_pdaf][C0] vpf_video_set_init_attr: done
Mar  5 18:42:35 localhost kernel: [   23.596679] [VPF ops]:[L1079][vin3_src][C0] vpf_video_get_struct_size: done
Mar  5 18:42:35 localhost kernel: [   23.596685] [L709][S65535] vin_node_set_ichn_attr begin format 43 width 1088 
Mar  5 18:42:35 localhost kernel: [   23.596693] [L527][S0][ipi0]cim_set_ichn_attr done
Mar  5 18:42:35 localhost kernel: [   23.596697] [CIM]:[L309][S0]cim_video_set_ichn_attr done ret val:0
Mar  5 18:42:35 localhost kernel: [   23.596701] [L724][S0]vin_node_set_ichn_attr done
Mar  5 18:42:35 localhost kernel: [   23.596704] [VIN_NODE]:[L427][C0]vin_node_video_set_ichn_attr done
Mar  5 18:42:35 localhost kernel: [   23.596709] [L1023][S0] vin_node_reqbufs done bit_map 0x1 planecount 1 
Mar  5 18:42:35 localhost kernel: [   23.596714] [VIN_NODE]:[L743][C0]vin_node_video_reqbufs done
Mar  5 18:42:35 localhost kernel: [   23.596726] [VPF ops]:[L1193][F0] vpf_fill_frame_info: L0 use width instead of wstride
Mar  5 18:42:35 localhost kernel: [   23.596731] [VPF ops]:[L1197][F0] vpf_fill_frame_info: L0 use height instead of vstride
Mar  5 18:42:35 localhost kernel: [   23.596735] [VPF ops]:[L1193][F1] vpf_fill_frame_info: L0 use width instead of wstride
Mar  5 18:42:35 localhost kernel: [   23.596739] [VPF ops]:[L1197][F1] vpf_fill_frame_info: L0 use height instead of vstride
Mar  5 18:42:35 localhost kernel: [   23.596743] [VPF ops]:[L1193][F2] vpf_fill_frame_info: L0 use width instead of wstride
Mar  5 18:42:35 localhost kernel: [   23.596747] [VPF ops]:[L1197][F2] vpf_fill_frame_info: L0 use height instead of vstride
Mar  5 18:42:35 localhost kernel: [   23.596750] [VPF ops]:[L1193][F3] vpf_fill_frame_info: L0 use width instead of wstride
Mar  5 18:42:35 localhost kernel: [   23.596754] [VPF ops]:[L1197][F3] vpf_fill_frame_info: L0 use height instead of vstride
Mar  5 18:42:35 localhost kernel: [   23.596758] [VPF ops]:[L1193][F4] vpf_fill_frame_info: L0 use width instead of wstride
Mar  5 18:42:35 localhost kernel: [   23.596761] [VPF ops]:[L1197][F4] vpf_fill_frame_info: L0 use height instead of vstride
Mar  5 18:42:35 localhost kernel: [   23.596765] [VPF ops]:[L1193][F5] vpf_fill_frame_info: L0 use width instead of wstride
Mar  5 18:42:35 localhost kernel: [   23.596769] [VPF ops]:[L1197][F5] vpf_fill_frame_info: L0 use height instead of vstride
Mar  5 18:42:35 localhost kernel: [   23.596772] [VPF ops]:[L1193][F6] vpf_fill_frame_info: L0 use width instead of wstride
Mar  5 18:42:35 localhost kernel: [   23.596776] [VPF ops]:[L1197][F6] vpf_fill_frame_info: L0 use height instead of vstride
Mar  5 18:42:35 localhost kernel: [   23.596779] [VPF ops]:[L1193][F7] vpf_fill_frame_info: L0 use width instead of wstride
Mar  5 18:42:35 localhost kernel: [   23.596783] [VPF ops]:[L1197][F7] vpf_fill_frame_info: L0 use height instead of vstride
Mar  5 18:42:35 localhost kernel: [   23.596787] [VPF ops]:[L1193][F8] vpf_fill_frame_info: L0 use width instead of wstride
Mar  5 18:42:35 localhost kernel: [   23.596790] [VPF ops]:[L1197][F8] vpf_fill_frame_info: L0 use height instead of vstride
Mar  5 18:42:35 localhost kernel: [   23.596794] [VPF ops]:[L1193][F9] vpf_fill_frame_info: L0 use width instead of wstride
Mar  5 18:42:35 localhost kernel: [   23.596797] [VPF ops]:[L1197][F9] vpf_fill_frame_info: L0 use height instead of vstride
Mar  5 18:42:35 localhost kernel: [   23.596801] [VPF ops]:[L1193][F10] vpf_fill_frame_info: L0 use width instead of wstride
Mar  5 18:42:35 localhost kernel: [   23.596804] [VPF ops]:[L1197][F10] vpf_fill_frame_info: L0 use height instead of vstride
Mar  5 18:42:35 localhost kernel: [   23.596808] [VPF ops]:[L1193][F11] vpf_fill_frame_info: L0 use width instead of wstride
Mar  5 18:42:35 localhost kernel: [   23.596812] [VPF ops]:[L1197][F11] vpf_fill_frame_info: L0 use height instead of vstride
Mar  5 18:42:35 localhost kernel: [   23.596816] [VPF ops]:[L1193][F12] vpf_fill_frame_info: L0 use width instead of wstride
Mar  5 18:42:35 localhost kernel: [   23.596819] [VPF ops]:[L1197][F12] vpf_fill_frame_info: L0 use height instead of vstride
Mar  5 18:42:35 localhost kernel: [   23.596823] [VPF ops]:[L1193][F13] vpf_fill_frame_info: L0 use width instead of wstride
Mar  5 18:42:35 localhost kernel: [   23.596826] [VPF ops]:[L1197][F13] vpf_fill_frame_info: L0 use height instead of vstride
Mar  5 18:42:35 localhost kernel: [   23.596830] [VPF ops]:[L1193][F14] vpf_fill_frame_info: L0 use width instead of wstride
Mar  5 18:42:35 localhost kernel: [   23.596834] [VPF ops]:[L1197][F14] vpf_fill_frame_info: L0 use height instead of vstride
Mar  5 18:42:35 localhost kernel: [   23.596837] [VPF ops]:[L1193][F15] vpf_fill_frame_info: L0 use width instead of wstride
Mar  5 18:42:35 localhost kernel: [   23.596841] [VPF ops]:[L1197][F15] vpf_fill_frame_info: L0 use height instead of vstride
Mar  5 18:42:35 localhost kernel: [   23.596844] [VPF ops]:[L1325][vin3_src][C0] vpf_request_frames: reqbuf number 16
Mar  5 18:42:35 localhost kernel: [   23.596849] [VPF ops]:[L850][vin3_src][C0] vpf_video_set_ichn_attr: done
Mar  5 18:42:35 localhost kernel: [   23.596856] [VPF ops]:[L1079][vin3_src][C0] vpf_video_get_struct_size: done
Mar  5 18:42:35 localhost kernel: [   23.596864] [L236][S0] ochn0 auto calc vstride 1280
Mar  5 18:42:35 localhost kernel: [   23.596869] [L160]vin_basic_attr->format:43
Mar  5 18:42:35 localhost kernel: [   23.596946] [L425][S0][ipi0][ochn0]cim_set_ochn_attr done
Mar  5 18:42:35 localhost kernel: [   23.596954] [CIM]:[L340][S0]cim_video_set_ochn_attr done ret val:0
Mar  5 18:42:35 localhost kernel: [   23.596958] [L652][S0]vin_node_set_ochn_attr done
Mar  5 18:42:35 localhost kernel: [   23.596961] [VIN_NODE]:[L364][C0]vin_node_video_set_ochn_attr done
Mar  5 18:42:35 localhost kernel: [   23.596966] [L975]VNODE_ID_CAP wstride 2176
Mar  5 18:42:35 localhost kernel: [   23.596969] [L977]VNODE_ID_CAP vstride 1280
Mar  5 18:42:35 localhost kernel: [   23.596972] [L981]vstride 1280  planecount 1 
Mar  5 18:42:35 localhost kernel: [   23.596976] [L1023][S0] vin_node_reqbufs done bit_map 0x1 planecount 1 
Mar  5 18:42:35 localhost kernel: [   23.596980] [VIN_NODE]:[L743][C0]vin_node_video_reqbufs done
Mar  5 18:42:35 localhost kernel: [   23.596993] [VPF ops]:[L1325][vin3_cap][C0] vpf_request_frames: reqbuf number 16
Mar  5 18:42:35 localhost kernel: [   23.596998] [VPF ops]:[L978][vin3_cap][C0] vpf_video_set_ochn_attr: done
Mar  5 18:42:35 localhost kernel: [   23.597009] [VPF ops]:[L1079][vin3_src][C0] vpf_video_get_struct_size: done
Mar  5 18:42:35 localhost kernel: [   23.597022] vin mipi3: snrclk set freq cmd
Mar  5 18:42:35 localhost kernel: [   23.597035] vin mipi3: sensor3_mclk set 24000000 as 24000000
Mar  5 18:42:35 localhost kernel: [   23.597041] vin mipi3: snrclk set en cmd
Mar  5 18:42:35 localhost kernel: [   23.597044] vin mipi3: snrclk set enable
Mar  5 18:42:35 localhost kernel: [   23.597062] [L517][S0]vin_node_set_attr_ex done
Mar  5 18:42:35 localhost kernel: [   23.597065] [VIN_NODE]:[L324][C0]vin_node_video_set_attr_ex done
Mar  5 18:42:35 localhost kernel: [   23.597068] [VPF ops]:[L763][vin3_src][C0] vpf_video_set_attr_ex: done
Mar  5 18:42:35 localhost kernel: [   23.597074] [L517][S0]vin_node_set_attr_ex done
Mar  5 18:42:35 localhost kernel: [   23.597077] [VIN_NODE]:[L324][C0]vin_node_video_set_attr_ex done
Mar  5 18:42:35 localhost kernel: [   23.597080] [VPF ops]:[L763][vin3_cap][C0] vpf_video_set_attr_ex: done
Mar  5 18:42:35 localhost kernel: [   23.597087] [L975]VNODE_ID_CAP wstride 2176
Mar  5 18:42:35 localhost kernel: [   23.597090] [L977]VNODE_ID_CAP vstride 1280
Mar  5 18:42:35 localhost kernel: [   23.597093] [L981]vstride 1280  planecount 1 
Mar  5 18:42:35 localhost kernel: [   23.597096] [L1023][S0] vin_node_reqbufs done bit_map 0x1 planecount 1 
Mar  5 18:42:35 localhost kernel: [   23.597099] [VIN_NODE]:[L743][C0]vin_node_video_reqbufs done
Mar  5 18:42:35 localhost kernel: [   23.597121] [VPF ops]:[L1325][vin3_cap][C0] vpf_request_frames: reqbuf number 3
Mar  5 18:42:35 localhost kernel: [   23.597263] [VPF ops]:[L1464][vin3_cap][C0] vpf_video_reqbufs: done
Mar  5 18:42:35 localhost kernel: [   23.597283] [VPF ops]:[L2066][vin3_cap][C0] vpf_video_querybuf: done
Mar  5 18:42:35 localhost kernel: [   23.597475] [VPF ops]:[L2066][vin3_cap][C0] vpf_video_querybuf: done
Mar  5 18:42:35 localhost kernel: [   23.597570] [VPF ops]:[L2066][vin3_cap][C0] vpf_video_querybuf: done
Mar  5 18:42:35 localhost kernel: [   23.598168] [VPF ops]:[L2575][vs-isp0_src] vpf_device_open: done
Mar  5 18:42:35 localhost kernel: [   23.598195] [VPF ops]:[L2575][vs-isp0_src_pd] vpf_device_open: done
Mar  5 18:42:35 localhost kernel: [   23.598207] [VPF ops]:[L2575][vs-isp0_cap] vpf_device_open: done
Mar  5 18:42:35 localhost kernel: [   23.598219] [VPF ops]:[L2575][vs-isp0_cap_raw] vpf_device_open: done
Mar  5 18:42:35 localhost kernel: [   23.598228] [VPF ops]:[L439][vs-isp0_src][C1] vpf_vctx_bind_vdev: done, ctx_index(0) refcount(1)
Mar  5 18:42:35 localhost kernel: [   23.598236] [VPF ops]:[L1875][vs-isp0_src][C1] vpf_video_bind_context: done
Mar  5 18:42:35 localhost kernel: [   23.598242] [VPF ops]:[L439][vs-isp0_src_pd][C1] vpf_vctx_bind_vdev: done, ctx_index(0) refcount(1)
Mar  5 18:42:35 localhost kernel: [   23.598247] [VPF ops]:[L1875][vs-isp0_src_pd][C1] vpf_video_bind_context: done
Mar  5 18:42:35 localhost kernel: [   23.598252] [VPF ops]:[L439][vs-isp0_cap][C1] vpf_vctx_bind_vdev: done, ctx_index(0) refcount(1)
Mar  5 18:42:35 localhost kernel: [   23.598257] [VPF ops]:[L1875][vs-isp0_cap][C1] vpf_video_bind_context: done
Mar  5 18:42:35 localhost kernel: [   23.598262] [VPF ops]:[L439][vs-isp0_cap_raw][C1] vpf_vctx_bind_vdev: done, ctx_index(0) refcount(1)
Mar  5 18:42:35 localhost kernel: [   23.598266] [VPF ops]:[L1875][vs-isp0_cap_raw][C1] vpf_video_bind_context: done
Mar  5 18:42:35 localhost kernel: [   23.598275] [VPF ops]:[L1079][vs-isp0_src][C1] vpf_video_get_struct_size: done
Mar  5 18:42:35 localhost kernel: [   23.598283] [VPF ops]:[L689][vs-isp0_cap][C1] vpf_video_set_init_attr: done
Mar  5 18:42:35 localhost kernel: [   23.600885] [VPF ops]:[L689][vs-isp0_src][C1] vpf_video_set_init_attr: done
Mar  5 18:42:35 localhost kernel: [   23.600910] [VPF ops]:[L689][vs-isp0_src_pd][C1] vpf_video_set_init_attr: done
Mar  5 18:42:35 localhost kernel: [   23.600917] [VPF ops]:[L689][vs-isp0_cap_raw][C1] vpf_video_set_init_attr: done
Mar  5 18:42:35 localhost kernel: [   23.600929] [VPF ops]:[L1079][vs-isp0_src][C1] vpf_video_get_struct_size: done
Mar  5 18:42:35 localhost kernel: [   23.600940] isp_set_ochn_attr format=6,width=1088,stride=1088,height=1280
Mar  5 18:42:35 localhost kernel: [   23.601006] isp_video_reqbufs done bit_map 0x1 planecount 2 vctx->id:8
Mar  5 18:42:35 localhost kernel: [   23.601026] [VPF ops]:[L1325][vs-isp0_cap][C1] vpf_request_frames: reqbuf number 16
Mar  5 18:42:35 localhost kernel: [   23.601032] [VPF ops]:[L978][vs-isp0_cap][C1] vpf_video_set_ochn_attr: done
Mar  5 18:42:35 localhost kernel: [   23.601048] [VPF ops]:[L1079][vs-isp0_src][C1] vpf_video_get_struct_size: done
Mar  5 18:42:35 localhost kernel: [   23.601057] isp_video_set_ichn_attr format=2,width=1088,stride=2176,height=1280,hdr_en=0
Mar  5 18:42:35 localhost kernel: [   23.601109] isp_video_reqbufs done bit_map 0x1 planecount 1 vctx->id:0
Mar  5 18:42:35 localhost kernel: [   23.601123] [VPF ops]:[L1325][vs-isp0_src][C1] vpf_request_frames: reqbuf number 16
Mar  5 18:42:35 localhost kernel: [   23.601129] [VPF ops]:[L850][vs-isp0_src][C1] vpf_video_set_ichn_attr: done
Mar  5 18:42:35 localhost kernel: [   23.601139] isp_video_reqbufs done bit_map 0x1 planecount 2 vctx->id:8
Mar  5 18:42:35 localhost kernel: [   23.601149] [VPF ops]:[L1325][vs-isp0_cap][C1] vpf_request_frames: reqbuf number 3
Mar  5 18:42:35 localhost kernel: [   23.601274] [VPF ops]:[L1464][vs-isp0_cap][C1] vpf_video_reqbufs: done
Mar  5 18:42:35 localhost kernel: [   23.601309] [VPF ops]:[L2066][vs-isp0_cap][C1] vpf_video_querybuf: done
Mar  5 18:42:35 localhost kernel: [   23.601479] [VPF ops]:[L2066][vs-isp0_cap][C1] vpf_video_querybuf: done
Mar  5 18:42:35 localhost kernel: [   23.601566] [VPF ops]:[L2066][vs-isp0_cap][C1] vpf_video_querybuf: done
Mar  5 18:42:35 localhost kernel: [   23.601690] [VPF ops]:[L2575][flow] vpf_device_open: done
Mar  5 18:42:35 localhost kernel: [   23.601703] [VPF ops]:[L1031][flow][C0] vpf_video_get_version: done
Mar  5 18:42:35 localhost kernel: [   23.601710] [VPF ops]:[L360][S3] vpf_bind_chain: bind done
Mar  5 18:42:35 localhost kernel: [   23.601726] [VPF ops]:[L2223][flow][C3] vpf_video_bind_pipeline: done
Mar  5 18:42:35 localhost kernel: [   23.601740] [VPF ops]:[L1685][vin3_src][S3][C0] vpf_chain_add_vnode: done
Mar  5 18:42:35 localhost kernel: [   23.601745] [VPF ops]:[L1825][vin3_src][C0] vpf_video_add_vnode: done
Mar  5 18:42:35 localhost kernel: [   23.601752] [VPF ops]:[L1685][vs-isp0_src][S3][C1] vpf_chain_add_vnode: done
Mar  5 18:42:35 localhost kernel: [   23.601756] [VPF ops]:[L1825][vs-isp0_src][C1] vpf_video_add_vnode: done
Mar  5 18:42:35 localhost kernel: [   23.601999] [CIM]:[L419][S0]cim_video_get_attr done ret val:0
Mar  5 18:42:35 localhost kernel: [   23.602009] vin vcon3: get attr valid bus7 rx3 done
Mar  5 18:42:35 localhost kernel: [   23.602014] [L306][S0]vin_node_get_attr done
Mar  5 18:42:35 localhost kernel: [   23.602019] [VIN_NODE]:[L286][C0]vin_node_video_get_attr done
Mar  5 18:44:15 localhost kernel: [   23.602143] vin sensor3: camera_init_req cmd: initing
Mar  5 18:44:15 localhost kernel: [   23.866688] vin sensor3: sc132gs open i2c7@0x33
Mar  5 18:44:15 localhost kernel: [   23.866706] vin sensor3: camera_tuning_update_param done
Mar  5 18:44:15 localhost kernel: [   23.867043] vin sensor3: ctrl_mode set to user
Mar  5 18:44:15 localhost kernel: [   23.867123] vin sensor3: camera_init_result cmd: done wake
Mar  5 18:44:15 localhost kernel: [   23.867143] vin sensor3: sensor_evu_do: default to wait
Mar  5 18:44:15 localhost kernel: [   23.867174] vin sensor3: camera_set_intrinsic_param port 3 done
Mar  5 18:44:15 localhost kernel: [   23.867212] vin sensor3: sensor_attach flow3 ctx0 to sensor3 sc132gs
Mar  5 18:44:15 localhost kernel: [   23.867218] vin vcon3: flow3.ctx0 attach sensor3 done
Mar  5 18:44:15 localhost kernel: [   23.867223] vin vcon3: set internal attr attach done
Mar  5 18:44:15 localhost kernel: [   23.867236] vin mipi3: init cmd: 0 real
Mar  5 18:44:15 localhost kernel: [   23.867244] vin mipi3: 1 lane 1088x1280 30fps datatype 0x2b
Mar  5 18:44:15 localhost kernel: [   23.867250] vin mipi3: snrclk set disable
Mar  5 18:44:15 localhost kernel: [   23.867269] vin mipi3: ipiclk limit 21000000 up to 600000000
Mar  5 18:44:15 localhost kernel: [   23.867283] vin mipi3: ipiclk set 600000000 get 600000000
Mar  5 18:44:15 localhost kernel: [   23.867288] vin mipi3: dphy 1200Mbps/1lane: ppi 8bit settle 20
Mar  5 18:44:15 localhost kernel: [   23.900324] vin mipi3: linelenth: 1400, framelenth: 1500, fps: 30, ipiclk: 600000000, rx_bit_clk: 1200000000
Mar  5 18:44:15 localhost kernel: [   23.900340] vin mipi3: ipi config hsa: 4, hbp: 4, hsd: 42
Mar  5 18:44:15 localhost kernel: [   23.900348] vin mipi3: config 1/1 ipi done
Mar  5 18:44:15 localhost kernel: [   23.900352] vin mipi3: check phy stop state
Mar  5 18:44:15 localhost kernel: [   23.900359] [L587][S0]vin_node_set_internal_attr done
Mar  5 18:44:15 localhost kernel: [   23.900366] [VIN_NODE]:[L514][C0]vin_node_video_set_internal_attr done
Mar  5 18:44:15 localhost kernel: [   23.900374] [L1023][S0] vin_node_reqbufs done bit_map 0x1 planecount 1 
Mar  5 18:44:15 localhost kernel: [   23.900379] [VIN_NODE]:[L743][C0]vin_node_video_reqbufs done
Mar  5 18:44:15 localhost kernel: [   23.900386] [VPF ops]:[L1005][vin3_src][C0] vpf_video_set_inter_attr: done
Mar  5 18:44:15 localhost kernel: [   23.900407] isp_video_set_inter_attr flow_id = 3, sensor_name = sc132gs, sensor_cali_name = /app/BestMow/startup_script/sensor_config/darktime/sc132gs_tuning_right.json
Mar  5 18:44:16 localhost kernel: [   24.180837] ctx_id 1, inst id 1, sensor /app/BestMow/startup_script/sensor_config/darktime/sc132gs_tuning_right.json
Mar  5 18:44:16 localhost kernel: [   24.180864] isp_video_reqbufs done bit_map 0x1 planecount 1 vctx->id:0
Mar  5 18:44:16 localhost kernel: [   24.180870] [VPF ops]:[L1005][vs-isp0_src][C1] vpf_video_set_inter_attr: done
Mar  5 18:44:16 localhost kernel: [   24.180918] [L899][S0][V8] vin_node chn_attr format(24) slod_id(0) width(1088) height(1280) wstride(2176) vstride(1280)
Mar  5 18:44:16 localhost kernel: [   24.180927] isp_allow_bind online_mode=0,bind_type=3
Mar  5 18:44:16 localhost kernel: [   24.180958] [VPF ops]:[L319][S3] vpf_bind_vnode: vin3_cap bind_type(3) vs-isp0_src
Mar  5 18:44:16 localhost kernel: [   24.180963] [VPF ops]:[L2258][flow][C3] vpf_video_bind_vnode: done
Mar  5 18:44:16 localhost kernel: [   24.180979] [VPF chain]:[L279]vio_chain_path_show: [S3] vin3_C0*(dma)-m2m-isp0_C1
Mar  5 18:44:16 localhost kernel: [   24.180987] [VPF ops]:[L632][vs-isp0_cap][S3] vpf_prepare_buffers: done
Mar  5 18:44:16 localhost kernel: [   24.180993] isp_video_streamon inst: 1, set isp state to STARTED
Mar  5 18:44:16 localhost kernel: [   24.182928] [VPF ops]:[L1639][vs-isp0_cap][S3][C1] vpf_video_start: done start_cnt 1
Mar  5 18:44:16 localhost kernel: [   24.182952] [VPF ops]:[L1639][vs-isp0_src][S3][C1] vpf_video_start: done start_cnt 2
Mar  5 18:44:16 localhost kernel: [   24.182969] [VPF ops]:[L632][vin3_cap][S3] vpf_prepare_buffers: done
Mar  5 18:44:16 localhost kernel: [   24.182974] [VPF ops]:[L1639][vin3_cap][S3][C0] vpf_video_start: done start_cnt 1
Mar  5 18:44:16 localhost kernel: [   24.182984] [L716][S0][ipi0]cim_subdev_start ddr_en and ochn request bufs
Mar  5 18:44:16 localhost kernel: [   24.182997] [L757][S3]cim_subdev_start
Mar  5 18:44:16 localhost kernel: [   24.183001] [CIM]:[L113][S0]cim_video_streamon done ret val:0
Mar  5 18:44:16 localhost kernel: [   24.183009] vin sensor3: sensor_evk_do: wait to doing
Mar  5 18:44:16 localhost kernel: [   24.183447] vin sensor3: sensor_evk_do: done to finish
Mar  5 18:44:16 localhost kernel: [   24.183452] vin sensor3: sensor_start sc132gs flow3 start done
Mar  5 18:44:16 localhost kernel: [   24.183457] vin vcon3: sensor3 start real done
Mar  5 18:44:16 localhost kernel: [   24.183465] vin mipi3: start cmd: 0 real
Mar  5 18:44:16 localhost kernel: [   24.183470] vin mipi3: check hs reception
Mar  5 18:44:16 localhost kernel: [   24.195478] vin mipi3: entry hs reception
Mar  5 18:44:16 localhost kernel: [   24.195495] [L1096][S0]vin_node_start done
Mar  5 18:44:16 localhost kernel: [   24.195499] [VIN_NODE]:[L546][C0]vin_node_video_streamon done
Mar  5 18:44:16 localhost kernel: [   24.195503] [VPF ops]:[L1639][vin3_src][S3][C0] vpf_video_start: done start_cnt 2
Mar  5 18:44:18 localhost kernel: [   26.148735] hobot_jpu_dev: [JPUDRV]jpu_alloc_instance_id:1821: [-]JDI_IOCTL_ALLOCATE_INSTANCE_ID id = 0, current_pid=1602, tgid=1405
Mar  5 18:44:18 localhost kernel: [   26.153566] hobot_jpu_dev: [JPUDRV]jpu_alloc_instance_id:1821: [-]JDI_IOCTL_ALLOCATE_INSTANCE_ID id = 1, current_pid=1602, tgid=1405
Mar  5 18:44:18 localhost kernel: [   26.159447] [GDC ops]:[L87][gdc0_src][C0] gdc_subdev_open: cnt 1
Mar  5 18:44:18 localhost kernel: [   26.159469] [VPF ops]:[L2575][gdc0_src] vpf_device_open: done
Mar  5 18:44:18 localhost kernel: [   26.159490] [GDC ops]:[L87][gdc0_cap][C0] gdc_subdev_open: cnt 2
Mar  5 18:44:18 localhost kernel: [   26.159495] [VPF ops]:[L2575][gdc0_cap] vpf_device_open: done
Mar  5 18:44:18 localhost kernel: [   26.159504] [VPF ops]:[L1031][gdc0_src][C0] vpf_video_get_version: done
Mar  5 18:44:18 localhost kernel: [   26.159512] [VPF ops]:[L439][gdc0_src][C0] vpf_vctx_bind_vdev: done, ctx_index(0) refcount(1)
Mar  5 18:44:18 localhost kernel: [   26.159519] [VPF ops]:[L1875][gdc0_src][C0] vpf_video_bind_context: done
Mar  5 18:44:18 localhost kernel: [   26.159525] [VPF ops]:[L439][gdc0_cap][C0] vpf_vctx_bind_vdev: done, ctx_index(0) refcount(1)
Mar  5 18:44:18 localhost kernel: [   26.159530] [VPF ops]:[L1875][gdc0_cap][C0] vpf_video_bind_context: done
Mar  5 18:44:18 localhost kernel: [   26.159558] [VPF ops]:[L1079][gdc0_src][C0] vpf_video_get_struct_size: done
Mar  5 18:44:18 localhost kernel: [   26.159565] [VPF ops]:[L689][gdc0_cap][C0] vpf_video_set_init_attr: done
Mar  5 18:44:18 localhost kernel: [   26.159590] [VIO node]:[L104][gdc0] vio_group_task_start: sched_mode 1
Mar  5 18:44:18 localhost kernel: [   26.159595] [VPF ops]:[L689][gdc0_src][C0] vpf_video_set_init_attr: done
Mar  5 18:44:18 localhost kernel: [   26.159602] hobot_jpu_dev: [JPUDRV]jpu_open_instance:1573: [-]JDI_IOCTL_OPEN_INSTANCE inst_idx=0, s_jpu_open_ref_count=1, inst_open_count=2, current_pid=1758, tgid=1405
Mar  5 18:44:18 localhost kernel: [   26.159612] [VPF ops]:[L1079][gdc0_src][C0] vpf_video_get_struct_size: done
Mar  5 18:44:18 localhost kernel: [   26.159633] [VPF ops]:[L1325][gdc0_src][C0] vpf_request_frames: reqbuf number 16
Mar  5 18:44:18 localhost kernel: [   26.159640] [VPF ops]:[L850][gdc0_src][C0] vpf_video_set_ichn_attr: done
Mar  5 18:44:18 localhost kernel: [   26.159659] [VPF ops]:[L1079][gdc0_src][C0] vpf_video_get_struct_size: done
Mar  5 18:44:18 localhost kernel: [   26.159673] [VPF ops]:[L1325][gdc0_cap][C0] vpf_request_frames: reqbuf number 16
Mar  5 18:44:18 localhost kernel: [   26.159678] [VPF ops]:[L978][gdc0_cap][C0] vpf_video_set_ochn_attr: done
Mar  5 18:44:18 localhost kernel: [   26.159701] [VPF ops]:[L1325][gdc0_cap][C0] vpf_request_frames: reqbuf number 3
Mar  5 18:44:18 localhost kernel: [   26.159801] [VPF ops]:[L1464][gdc0_cap][C0] vpf_video_reqbufs: done
Mar  5 18:44:18 localhost kernel: [   26.159816] [VPF ops]:[L2066][gdc0_cap][C0] vpf_video_querybuf: done
Mar  5 18:44:18 localhost kernel: [   26.160035] [VPF ops]:[L2066][gdc0_cap][C0] vpf_video_querybuf: done
Mar  5 18:44:18 localhost kernel: [   26.160141] [VPF ops]:[L2066][gdc0_cap][C0] vpf_video_querybuf: done
Mar  5 18:44:18 localhost kernel: [   26.160376] [VPF ops]:[L2575][flow] vpf_device_open: done
Mar  5 18:44:18 localhost kernel: [   26.160391] [VPF ops]:[L1031][flow][C0] vpf_video_get_version: done
Mar  5 18:44:18 localhost kernel: [   26.160399] [VPF ops]:[L360][S4] vpf_bind_chain: bind done
Mar  5 18:44:18 localhost kernel: [   26.160414] [VPF ops]:[L2223][flow][C4] vpf_video_bind_pipeline: done
Mar  5 18:44:18 localhost kernel: [   26.160459] [VPF ops]:[L1685][gdc0_src][S4][C0] vpf_chain_add_vnode: done
Mar  5 18:44:18 localhost kernel: [   26.160465] [VPF ops]:[L1825][gdc0_src][C0] vpf_video_add_vnode: done
Mar  5 18:44:18 localhost kernel: [   26.160491] [VPF chain]:[L279]vio_chain_path_show: [S4] gdc0_C0
Mar  5 18:44:18 localhost kernel: [   26.160498] [VPF ops]:[L632][gdc0_cap][S4] vpf_prepare_buffers: done
Mar  5 18:44:18 localhost kernel: [   26.160505] [GDC dev]:[L398][gdc0_cap][S4][C0] gdc_video_streamon leader 0
Mar  5 18:44:18 localhost kernel: [   26.160510] [VPF ops]:[L1639][gdc0_cap][S4][C0] vpf_video_start: done start_cnt 1
Mar  5 18:44:18 localhost kernel: [   26.160517] [GDC dev]:[L398][gdc0_src][S4][C0] gdc_video_streamon leader 1
Mar  5 18:44:18 localhost kernel: [   26.160521] [VPF ops]:[L1639][gdc0_src][S4][C0] vpf_video_start: done start_cnt 2
Mar  5 18:44:18 localhost kernel: [   26.160755] [GDC ops]:[L87][gdc0_src][C0] gdc_subdev_open: cnt 3
Mar  5 18:44:18 localhost kernel: [   26.160762] [VPF ops]:[L2575][gdc0_src] vpf_device_open: done
Mar  5 18:44:18 localhost kernel: [   26.160778] [GDC ops]:[L87][gdc0_cap][C0] gdc_subdev_open: cnt 4
Mar  5 18:44:18 localhost kernel: [   26.160782] [VPF ops]:[L2575][gdc0_cap] vpf_device_open: done
Mar  5 18:44:18 localhost kernel: [   26.160789] [VPF ops]:[L1031][gdc0_src][C0] vpf_video_get_version: done
Mar  5 18:44:18 localhost kernel: [   26.160797] [VPF ops]:[L439][gdc0_src][C1] vpf_vctx_bind_vdev: done, ctx_index(0) refcount(1)
Mar  5 18:44:18 localhost kernel: [   26.160805] [VPF ops]:[L1875][gdc0_src][C1] vpf_video_bind_context: done
Mar  5 18:44:18 localhost kernel: [   26.160810] [VPF ops]:[L439][gdc0_cap][C1] vpf_vctx_bind_vdev: done, ctx_index(0) refcount(1)
Mar  5 18:44:18 localhost kernel: [   26.160815] [VPF ops]:[L1875][gdc0_cap][C1] vpf_video_bind_context: done
Mar  5 18:44:18 localhost kernel: [   26.166644] [VPF ops]:[L1079][gdc0_src][C1] vpf_video_get_struct_size: done
Mar  5 18:44:18 localhost kernel: [   26.166675] [VPF ops]:[L689][gdc0_cap][C1] vpf_video_set_init_attr: done
Mar  5 18:44:18 localhost kernel: [   26.166703] [VPF ops]:[L689][gdc0_src][C1] vpf_video_set_init_attr: done
Mar  5 18:44:18 localhost kernel: [   26.166709] [VPF ops]:[L1079][gdc0_src][C1] vpf_video_get_struct_size: done
Mar  5 18:44:18 localhost kernel: [   26.166730] [VPF ops]:[L1325][gdc0_src][C1] vpf_request_frames: reqbuf number 16
Mar  5 18:44:18 localhost kernel: [   26.166737] [VPF ops]:[L850][gdc0_src][C1] vpf_video_set_ichn_attr: done
Mar  5 18:44:18 localhost kernel: [   26.166744] [VPF ops]:[L1079][gdc0_src][C1] vpf_video_get_struct_size: done
Mar  5 18:44:18 localhost kernel: [   26.166761] [VPF ops]:[L1325][gdc0_cap][C1] vpf_request_frames: reqbuf number 16
Mar  5 18:44:18 localhost kernel: [   26.166766] [VPF ops]:[L978][gdc0_cap][C1] vpf_video_set_ochn_attr: done
Mar  5 18:44:18 localhost kernel: [   26.166780] [VPF ops]:[L1325][gdc0_cap][C1] vpf_request_frames: reqbuf number 3
Mar  5 18:44:18 localhost kernel: [   26.166884] [VPF ops]:[L1464][gdc0_cap][C1] vpf_video_reqbufs: done
Mar  5 18:44:18 localhost kernel: [   26.166904] [VPF ops]:[L2066][gdc0_cap][C1] vpf_video_querybuf: done
Mar  5 18:44:18 localhost kernel: [   26.167086] [VPF ops]:[L2066][gdc0_cap][C1] vpf_video_querybuf: done
Mar  5 18:44:18 localhost kernel: [   26.167198] [VPF ops]:[L2066][gdc0_cap][C1] vpf_video_querybuf: done
Mar  5 18:44:18 localhost kernel: [   26.167568] [VPF ops]:[L2575][flow] vpf_device_open: done
Mar  5 18:44:18 localhost kernel: [   26.167588] [VPF ops]:[L1031][flow][C0] vpf_video_get_version: done
Mar  5 18:44:18 localhost kernel: [   26.167599] [VPF ops]:[L360][S5] vpf_bind_chain: bind done
Mar  5 18:44:18 localhost kernel: [   26.167627] [VPF ops]:[L2223][flow][C5] vpf_video_bind_pipeline: done
Mar  5 18:44:18 localhost kernel: [   26.167641] [VPF ops]:[L1685][gdc0_src][S5][C1] vpf_chain_add_vnode: done
Mar  5 18:44:18 localhost kernel: [   26.167646] [VPF ops]:[L1825][gdc0_src][C1] vpf_video_add_vnode: done
Mar  5 18:44:18 localhost kernel: [   26.167659] [VPF chain]:[L279]vio_chain_path_show: [S5] gdc0_C1
Mar  5 18:44:18 localhost kernel: [   26.167667] [VPF ops]:[L632][gdc0_cap][S5] vpf_prepare_buffers: done
Mar  5 18:44:18 localhost kernel: [   26.167674] [GDC dev]:[L398][gdc0_cap][S5][C1] gdc_video_streamon leader 0
Mar  5 18:44:18 localhost kernel: [   26.167679] [VPF ops]:[L1639][gdc0_cap][S5][C1] vpf_video_start: done start_cnt 1
Mar  5 18:44:18 localhost kernel: [   26.167685] [GDC dev]:[L398][gdc0_src][S5][C1] gdc_video_streamon leader 1
Mar  5 18:44:18 localhost kernel: [   26.167690] [VPF ops]:[L1639][gdc0_src][S5][C1] vpf_video_start: done start_cnt 2
Mar  5 18:44:18 localhost kernel: [   26.168019] [VPF ops]:[L2575][vs-vse0_src] vpf_device_open: done
Mar  5 18:44:18 localhost kernel: [   26.168063] [VPF ops]:[L2575][vs-vse0_cap0] vpf_device_open: done
Mar  5 18:44:18 localhost kernel: [   26.168078] [VPF ops]:[L2575][vs-vse0_cap1] vpf_device_open: done
Mar  5 18:44:18 localhost kernel: [   26.168092] [VPF ops]:[L2575][vs-vse0_cap2] vpf_device_open: done
Mar  5 18:44:18 localhost kernel: [   26.168105] [VPF ops]:[L2575][vs-vse0_cap3] vpf_device_open: done
Mar  5 18:44:18 localhost kernel: [   26.168118] [VPF ops]:[L2575][vs-vse0_cap4] vpf_device_open: done
Mar  5 18:44:18 localhost kernel: [   26.168131] [VPF ops]:[L2575][vs-vse0_cap5] vpf_device_open: done
Mar  5 18:44:18 localhost kernel: [   26.168141] [VPF ops]:[L439][vs-vse0_src][C0] vpf_vctx_bind_vdev: done, ctx_index(0) refcount(1)
Mar  5 18:44:18 localhost kernel: [   26.168149] [VPF ops]:[L1875][vs-vse0_src][C0] vpf_video_bind_context: done
Mar  5 18:44:18 localhost kernel: [   26.168156] [VPF ops]:[L439][vs-vse0_cap0][C0] vpf_vctx_bind_vdev: done, ctx_index(0) refcount(1)
Mar  5 18:44:18 localhost kernel: [   26.168161] [VPF ops]:[L1875][vs-vse0_cap0][C0] vpf_video_bind_context: done
Mar  5 18:44:18 localhost kernel: [   26.168166] [VPF ops]:[L439][vs-vse0_cap1][C0] vpf_vctx_bind_vdev: done, ctx_index(0) refcount(1)
Mar  5 18:44:18 localhost kernel: [   26.168170] [VPF ops]:[L1875][vs-vse0_cap1][C0] vpf_video_bind_context: done
Mar  5 18:44:18 localhost kernel: [   26.168176] [VPF ops]:[L439][vs-vse0_cap2][C0] vpf_vctx_bind_vdev: done, ctx_index(0) refcount(1)
Mar  5 18:44:18 localhost kernel: [   26.168180] [VPF ops]:[L1875][vs-vse0_cap2][C0] vpf_video_bind_context: done
Mar  5 18:44:18 localhost kernel: [   26.168185] [VPF ops]:[L439][vs-vse0_cap3][C0] vpf_vctx_bind_vdev: done, ctx_index(0) refcount(1)
Mar  5 18:44:18 localhost kernel: [   26.168190] [VPF ops]:[L1875][vs-vse0_cap3][C0] vpf_video_bind_context: done
Mar  5 18:44:18 localhost kernel: [   26.168195] [VPF ops]:[L439][vs-vse0_cap4][C0] vpf_vctx_bind_vdev: done, ctx_index(0) refcount(1)
Mar  5 18:44:18 localhost kernel: [   26.168199] [VPF ops]:[L1875][vs-vse0_cap4][C0] vpf_video_bind_context: done
Mar  5 18:44:18 localhost kernel: [   26.168204] [VPF ops]:[L439][vs-vse0_cap5][C0] vpf_vctx_bind_vdev: done, ctx_index(0) refcount(1)
Mar  5 18:44:18 localhost kernel: [   26.168208] [VPF ops]:[L1875][vs-vse0_cap5][C0] vpf_video_bind_context: done
Mar  5 18:44:18 localhost kernel: [   26.168219] [VPF ops]:[L1079][vs-vse0_src][C0] vpf_video_get_struct_size: done
Mar  5 18:44:18 localhost kernel: [   26.168227] [VPF ops]:[L689][vs-vse0_cap0][C0] vpf_video_set_init_attr: done
Mar  5 18:44:18 localhost kernel: [   26.168233] vse_video_set_cfg set vse state to INITED
Mar  5 18:44:18 localhost kernel: [   26.174325] [VIO node]:[L104][vse0] vio_group_task_start: sched_mode 1
Mar  5 18:44:18 localhost kernel: [   26.174345] [VPF ops]:[L689][vs-vse0_src][C0] vpf_video_set_init_attr: done
Mar  5 18:44:18 localhost kernel: [   26.174360] [VPF ops]:[L689][vs-vse0_cap1][C0] vpf_video_set_init_attr: done
Mar  5 18:44:18 localhost kernel: [   26.174367] [VPF ops]:[L689][vs-vse0_cap2][C0] vpf_video_set_init_attr: done
Mar  5 18:44:18 localhost kernel: [   26.174373] [VPF ops]:[L689][vs-vse0_cap3][C0] vpf_video_set_init_attr: done
Mar  5 18:44:18 localhost kernel: [   26.174379] [VPF ops]:[L689][vs-vse0_cap4][C0] vpf_video_set_init_attr: done
Mar  5 18:44:18 localhost kernel: [   26.174385] [VPF ops]:[L689][vs-vse0_cap5][C0] vpf_video_set_init_attr: done
Mar  5 18:44:18 localhost kernel: [   26.174397] [VPF ops]:[L1079][vs-vse0_src][C0] vpf_video_get_struct_size: done
Mar  5 18:44:18 localhost kernel: [   26.174409] vse_video_set_ichn_attr format=6,width=1088,stride=1088,height=1280
Mar  5 18:44:18 localhost kernel: [   26.174799] vse_video_reqbufs done bit_map 0x1 planecount 2
Mar  5 18:44:18 localhost kernel: [   26.174827] [VPF ops]:[L1325][vs-vse0_src][C0] vpf_request_frames: reqbuf number 16
Mar  5 18:44:18 localhost kernel: [   26.174834] [VPF ops]:[L850][vs-vse0_src][C0] vpf_video_set_ichn_attr: done
Mar  5 18:44:18 localhost kernel: [   26.175034] [VPF ops]:[L1079][vs-vse0_src][C0] vpf_video_get_struct_size: done
Mar  5 18:44:18 localhost kernel: [   26.175051] vse_video_set_ochn_attr vctx->ctx_id=0,vctx->id=8
Mar  5 18:44:18 localhost kernel: [   26.175058] vse_video_set_ochn_attr ochn_id=0,format=6,width=480,stride=480,height=640
Mar  5 18:44:18 localhost kernel: [   26.175116] [vse_drv]: vse_set_fps_rate: vse-0 chn-0, fps.src 30, fps.dst 30
Mar  5 18:44:18 localhost kernel: [   26.175125] vse_video_reqbufs done bit_map 0x1 planecount 2
Mar  5 18:44:18 localhost kernel: [   26.175139] [VPF ops]:[L1325][vs-vse0_cap0][C0] vpf_request_frames: reqbuf number 16
Mar  5 18:44:18 localhost kernel: [   26.175144] [VPF ops]:[L978][vs-vse0_cap0][C0] vpf_video_set_ochn_attr: done
Mar  5 18:44:18 localhost kernel: [   26.175160] vse_video_reqbufs done bit_map 0x1 planecount 2
Mar  5 18:44:18 localhost kernel: [   26.175170] [VPF ops]:[L1325][vs-vse0_cap0][C0] vpf_request_frames: reqbuf number 3
Mar  5 18:44:18 localhost kernel: [   26.175399] [VPF ops]:[L1464][vs-vse0_cap0][C0] vpf_video_reqbufs: done
Mar  5 18:44:18 localhost kernel: [   26.175421] [VPF ops]:[L2066][vs-vse0_cap0][C0] vpf_video_querybuf: done
Mar  5 18:44:18 localhost kernel: [   26.175581] [VPF ops]:[L2066][vs-vse0_cap0][C0] vpf_video_querybuf: done
Mar  5 18:44:18 localhost kernel: [   26.175677] [VPF ops]:[L2066][vs-vse0_cap0][C0] vpf_video_querybuf: done
Mar  5 18:44:18 localhost kernel: [   26.175835] [VPF chain]:[L250]vio_chain_path_show: feedback independent mode
Mar  5 18:44:18 localhost kernel: [   26.175843] [VPF ops]:[L632][vs-vse0_cap0][S65535] vpf_prepare_buffers: done
Mar  5 18:44:18 localhost kernel: [   26.175850] [VPF ops]:[L1639][vs-vse0_cap0][S65535][C0] vpf_video_start: done start_cnt 1
Mar  5 18:44:18 localhost kernel: [   26.175857] [VPF chain]:[L250]vio_chain_path_show: feedback independent mode
Mar  5 18:44:18 localhost kernel: [   26.175870] vse_video_streamon ctx.sink_online_en=0
Mar  5 18:44:18 localhost kernel: [   26.176461] [VPF ops]:[L1639][vs-vse0_src][S65535][C0] vpf_video_start: done start_cnt 2
Mar  5 18:44:18 localhost kernel: [   26.177060] hobot_jpu_dev: [JPUDRV]jpu_open_instance:1573: [-]JDI_IOCTL_OPEN_INSTANCE inst_idx=1, s_jpu_open_ref_count=2, inst_open_count=2, current_pid=1761, tgid=1405
Mar  5 18:44:18 localhost kernel: [   26.530464] hobot_jpu_dev: [JPUDRV]jpu_alloc_instance_id:1821: [-]JDI_IOCTL_ALLOCATE_INSTANCE_ID id = 2, current_pid=1601, tgid=1405
Mar  5 18:44:18 localhost kernel: [   26.534083] hobot_jpu_dev: [JPUDRV]jpu_alloc_instance_id:1821: [-]JDI_IOCTL_ALLOCATE_INSTANCE_ID id = 3, current_pid=1601, tgid=1405
Mar  5 18:44:18 localhost kernel: [   26.543662] [GDC ops]:[L87][gdc0_src][C0] gdc_subdev_open: cnt 5
Mar  5 18:44:18 localhost kernel: [   26.543685] [VPF ops]:[L2575][gdc0_src] vpf_device_open: done
Mar  5 18:44:18 localhost kernel: [   26.543716] [GDC ops]:[L87][gdc0_cap][C0] gdc_subdev_open: cnt 6
Mar  5 18:44:18 localhost kernel: [   26.543722] [VPF ops]:[L2575][gdc0_cap] vpf_device_open: done
Mar  5 18:44:18 localhost kernel: [   26.543731] [VPF ops]:[L1031][gdc0_src][C0] vpf_video_get_version: done
Mar  5 18:44:18 localhost kernel: [   26.543740] [VPF ops]:[L439][gdc0_src][C2] vpf_vctx_bind_vdev: done, ctx_index(0) refcount(1)
Mar  5 18:44:18 localhost kernel: [   26.543747] [VPF ops]:[L1875][gdc0_src][C2] vpf_video_bind_context: done
Mar  5 18:44:18 localhost kernel: [   26.543753] [VPF ops]:[L439][gdc0_cap][C2] vpf_vctx_bind_vdev: done, ctx_index(0) refcount(1)
Mar  5 18:44:18 localhost kernel: [   26.543758] [VPF ops]:[L1875][gdc0_cap][C2] vpf_video_bind_context: done
Mar  5 18:44:18 localhost kernel: [   26.543770] [VPF ops]:[L1079][gdc0_src][C2] vpf_video_get_struct_size: done
Mar  5 18:44:18 localhost kernel: [   26.543777] [VPF ops]:[L689][gdc0_cap][C2] vpf_video_set_init_attr: done
Mar  5 18:44:18 localhost kernel: [   26.543803] [VPF ops]:[L689][gdc0_src][C2] vpf_video_set_init_attr: done
Mar  5 18:44:18 localhost kernel: [   26.543810] [VPF ops]:[L1079][gdc0_src][C2] vpf_video_get_struct_size: done
Mar  5 18:44:18 localhost kernel: [   26.543831] [VPF ops]:[L1325][gdc0_src][C2] vpf_request_frames: reqbuf number 16
Mar  5 18:44:18 localhost kernel: [   26.543837] [VPF ops]:[L850][gdc0_src][C2] vpf_video_set_ichn_attr: done
Mar  5 18:44:18 localhost kernel: [   26.543844] [VPF ops]:[L1079][gdc0_src][C2] vpf_video_get_struct_size: done
Mar  5 18:44:18 localhost kernel: [   26.543859] [VPF ops]:[L1325][gdc0_cap][C2] vpf_request_frames: reqbuf number 16
Mar  5 18:44:18 localhost kernel: [   26.543865] [VPF ops]:[L978][gdc0_cap][C2] vpf_video_set_ochn_attr: done
Mar  5 18:44:18 localhost kernel: [   26.543879] [VPF ops]:[L1325][gdc0_cap][C2] vpf_request_frames: reqbuf number 3
Mar  5 18:44:18 localhost kernel: [   26.543990] [VPF ops]:[L1464][gdc0_cap][C2] vpf_video_reqbufs: done
Mar  5 18:44:18 localhost kernel: [   26.544013] [VPF ops]:[L2066][gdc0_cap][C2] vpf_video_querybuf: done
Mar  5 18:44:18 localhost kernel: [   26.544269] [VPF ops]:[L2066][gdc0_cap][C2] vpf_video_querybuf: done
Mar  5 18:44:18 localhost kernel: [   26.544400] [VPF ops]:[L2066][gdc0_cap][C2] vpf_video_querybuf: done
Mar  5 18:44:18 localhost kernel: [   26.544536] [VPF ops]:[L2575][flow] vpf_device_open: done
Mar  5 18:44:18 localhost kernel: [   26.544555] [VPF ops]:[L1031][flow][C0] vpf_video_get_version: done
Mar  5 18:44:18 localhost kernel: [   26.544564] [VPF ops]:[L360][S6] vpf_bind_chain: bind done
Mar  5 18:44:18 localhost kernel: [   26.544578] [VPF ops]:[L2223][flow][C6] vpf_video_bind_pipeline: done
Mar  5 18:44:18 localhost kernel: [   26.544589] [VPF ops]:[L1685][gdc0_src][S6][C2] vpf_chain_add_vnode: done
Mar  5 18:44:18 localhost kernel: [   26.544594] [VPF ops]:[L1825][gdc0_src][C2] vpf_video_add_vnode: done
Mar  5 18:44:18 localhost kernel: [   26.544607] [VPF chain]:[L279]vio_chain_path_show: [S6] gdc0_C2
Mar  5 18:44:18 localhost kernel: [   26.544615] [VPF ops]:[L632][gdc0_cap][S6] vpf_prepare_buffers: done
Mar  5 18:44:18 localhost kernel: [   26.544621] [GDC dev]:[L398][gdc0_cap][S6][C2] gdc_video_streamon leader 0
Mar  5 18:44:18 localhost kernel: [   26.544626] [VPF ops]:[L1639][gdc0_cap][S6][C2] vpf_video_start: done start_cnt 1
Mar  5 18:44:18 localhost kernel: [   26.544633] [GDC dev]:[L398][gdc0_src][S6][C2] gdc_video_streamon leader 1
Mar  5 18:44:18 localhost kernel: [   26.544637] [VPF ops]:[L1639][gdc0_src][S6][C2] vpf_video_start: done start_cnt 2
Mar  5 18:44:18 localhost kernel: [   26.544891] [GDC ops]:[L87][gdc0_src][C0] gdc_subdev_open: cnt 7
Mar  5 18:44:18 localhost kernel: [   26.544904] [VPF ops]:[L2575][gdc0_src] vpf_device_open: done
Mar  5 18:44:18 localhost kernel: [   26.544923] [GDC ops]:[L87][gdc0_cap][C0] gdc_subdev_open: cnt 8
Mar  5 18:44:18 localhost kernel: [   26.544928] [VPF ops]:[L2575][gdc0_cap] vpf_device_open: done
Mar  5 18:44:18 localhost kernel: [   26.544936] [VPF ops]:[L1031][gdc0_src][C0] vpf_video_get_version: done
Mar  5 18:44:18 localhost kernel: [   26.544945] [VPF ops]:[L439][gdc0_src][C3] vpf_vctx_bind_vdev: done, ctx_index(0) refcount(1)
Mar  5 18:44:18 localhost kernel: [   26.544952] [VPF ops]:[L1875][gdc0_src][C3] vpf_video_bind_context: done
Mar  5 18:44:18 localhost kernel: [   26.544958] [VPF ops]:[L439][gdc0_cap][C3] vpf_vctx_bind_vdev: done, ctx_index(0) refcount(1)
Mar  5 18:44:18 localhost kernel: [   26.544962] [VPF ops]:[L1875][gdc0_cap][C3] vpf_video_bind_context: done
Mar  5 18:44:18 localhost kernel: [   26.550641] [VPF ops]:[L1079][gdc0_src][C3] vpf_video_get_struct_size: done
Mar  5 18:44:18 localhost kernel: [   26.550662] [VPF ops]:[L689][gdc0_cap][C3] vpf_video_set_init_attr: done
Mar  5 18:44:18 localhost kernel: [   26.550688] [VPF ops]:[L689][gdc0_src][C3] vpf_video_set_init_attr: done
Mar  5 18:44:18 localhost kernel: [   26.550695] [VPF ops]:[L1079][gdc0_src][C3] vpf_video_get_struct_size: done
Mar  5 18:44:18 localhost kernel: [   26.550715] [VPF ops]:[L1325][gdc0_src][C3] vpf_request_frames: reqbuf number 16
Mar  5 18:44:18 localhost kernel: [   26.550722] [VPF ops]:[L850][gdc0_src][C3] vpf_video_set_ichn_attr: done
Mar  5 18:44:18 localhost kernel: [   26.550729] [VPF ops]:[L1079][gdc0_src][C3] vpf_video_get_struct_size: done
Mar  5 18:44:18 localhost kernel: [   26.550743] [VPF ops]:[L1325][gdc0_cap][C3] vpf_request_frames: reqbuf number 16
Mar  5 18:44:18 localhost kernel: [   26.550748] [VPF ops]:[L978][gdc0_cap][C3] vpf_video_set_ochn_attr: done
Mar  5 18:44:18 localhost kernel: [   26.550761] [VPF ops]:[L1325][gdc0_cap][C3] vpf_request_frames: reqbuf number 3
Mar  5 18:44:18 localhost kernel: [   26.550897] hobot_jpu_dev: [JPUDRV]jpu_open_instance:1573: [-]JDI_IOCTL_OPEN_INSTANCE inst_idx=3, s_jpu_open_ref_count=3, inst_open_count=4, current_pid=1794, tgid=1405
Mar  5 18:44:18 localhost kernel: [   26.551023] [VPF ops]:[L1464][gdc0_cap][C3] vpf_video_reqbufs: done
Mar  5 18:44:18 localhost kernel: [   26.551046] [VPF ops]:[L2066][gdc0_cap][C3] vpf_video_querybuf: done
Mar  5 18:44:18 localhost kernel: [   26.551172] [VPF ops]:[L2066][gdc0_cap][C3] vpf_video_querybuf: done
Mar  5 18:44:18 localhost kernel: [   26.551397] [VPF ops]:[L2066][gdc0_cap][C3] vpf_video_querybuf: done
Mar  5 18:44:18 localhost kernel: [   26.552184] [VPF ops]:[L2575][flow] vpf_device_open: done
Mar  5 18:44:18 localhost kernel: [   26.552206] [VPF ops]:[L1031][flow][C0] vpf_video_get_version: done
Mar  5 18:44:18 localhost kernel: [   26.552215] [VPF ops]:[L360][S7] vpf_bind_chain: bind done
Mar  5 18:44:18 localhost kernel: [   26.552232] [VPF ops]:[L2223][flow][C7] vpf_video_bind_pipeline: done
Mar  5 18:44:18 localhost kernel: [   26.552249] [VPF ops]:[L1685][gdc0_src][S7][C3] vpf_chain_add_vnode: done
Mar  5 18:44:18 localhost kernel: [   26.552254] [VPF ops]:[L1825][gdc0_src][C3] vpf_video_add_vnode: done
Mar  5 18:44:18 localhost kernel: [   26.552267] [VPF chain]:[L279]vio_chain_path_show: [S7] gdc0_C3
Mar  5 18:44:18 localhost kernel: [   26.552275] [VPF ops]:[L632][gdc0_cap][S7] vpf_prepare_buffers: done
Mar  5 18:44:18 localhost kernel: [   26.552282] [GDC dev]:[L398][gdc0_cap][S7][C3] gdc_video_streamon leader 0
Mar  5 18:44:18 localhost kernel: [   26.552287] [VPF ops]:[L1639][gdc0_cap][S7][C3] vpf_video_start: done start_cnt 1
Mar  5 18:44:18 localhost kernel: [   26.552295] [GDC dev]:[L398][gdc0_src][S7][C3] gdc_video_streamon leader 1
Mar  5 18:44:18 localhost kernel: [   26.552299] [VPF ops]:[L1639][gdc0_src][S7][C3] vpf_video_start: done start_cnt 2
Mar  5 18:44:18 localhost kernel: [   26.552813] [VPF ops]:[L2575][vs-vse0_src] vpf_device_open: done
Mar  5 18:44:18 localhost kernel: [   26.552841] [VPF ops]:[L2575][vs-vse0_cap0] vpf_device_open: done
Mar  5 18:44:18 localhost kernel: [   26.552854] [VPF ops]:[L2575][vs-vse0_cap1] vpf_device_open: done
Mar  5 18:44:18 localhost kernel: [   26.552868] [VPF ops]:[L2575][vs-vse0_cap2] vpf_device_open: done
Mar  5 18:44:18 localhost kernel: [   26.552880] [VPF ops]:[L2575][vs-vse0_cap3] vpf_device_open: done
Mar  5 18:44:18 localhost kernel: [   26.552892] [VPF ops]:[L2575][vs-vse0_cap4] vpf_device_open: done
Mar  5 18:44:18 localhost kernel: [   26.552903] [VPF ops]:[L2575][vs-vse0_cap5] vpf_device_open: done
Mar  5 18:44:18 localhost kernel: [   26.552914] [VPF ops]:[L439][vs-vse0_src][C1] vpf_vctx_bind_vdev: done, ctx_index(0) refcount(1)
Mar  5 18:44:18 localhost kernel: [   26.552924] [VPF ops]:[L1875][vs-vse0_src][C1] vpf_video_bind_context: done
Mar  5 18:44:18 localhost kernel: [   26.552931] [VPF ops]:[L439][vs-vse0_cap0][C1] vpf_vctx_bind_vdev: done, ctx_index(0) refcount(1)
Mar  5 18:44:18 localhost kernel: [   26.552936] [VPF ops]:[L1875][vs-vse0_cap0][C1] vpf_video_bind_context: done
Mar  5 18:44:18 localhost kernel: [   26.552941] [VPF ops]:[L439][vs-vse0_cap1][C1] vpf_vctx_bind_vdev: done, ctx_index(0) refcount(1)
Mar  5 18:44:18 localhost kernel: [   26.552946] [VPF ops]:[L1875][vs-vse0_cap1][C1] vpf_video_bind_context: done
Mar  5 18:44:18 localhost kernel: [   26.552951] [VPF ops]:[L439][vs-vse0_cap2][C1] vpf_vctx_bind_vdev: done, ctx_index(0) refcount(1)
Mar  5 18:44:18 localhost kernel: [   26.552956] [VPF ops]:[L1875][vs-vse0_cap2][C1] vpf_video_bind_context: done
Mar  5 18:44:18 localhost kernel: [   26.552961] [VPF ops]:[L439][vs-vse0_cap3][C1] vpf_vctx_bind_vdev: done, ctx_index(0) refcount(1)
Mar  5 18:44:18 localhost kernel: [   26.552965] [VPF ops]:[L1875][vs-vse0_cap3][C1] vpf_video_bind_context: done
Mar  5 18:44:18 localhost kernel: [   26.552970] [VPF ops]:[L439][vs-vse0_cap4][C1] vpf_vctx_bind_vdev: done, ctx_index(0) refcount(1)
Mar  5 18:44:18 localhost kernel: [   26.552975] [VPF ops]:[L1875][vs-vse0_cap4][C1] vpf_video_bind_context: done
Mar  5 18:44:18 localhost kernel: [   26.552980] [VPF ops]:[L439][vs-vse0_cap5][C1] vpf_vctx_bind_vdev: done, ctx_index(0) refcount(1)
Mar  5 18:44:18 localhost kernel: [   26.552984] [VPF ops]:[L1875][vs-vse0_cap5][C1] vpf_video_bind_context: done
Mar  5 18:44:18 localhost kernel: [   26.552996] [VPF ops]:[L1079][vs-vse0_src][C1] vpf_video_get_struct_size: done
Mar  5 18:44:18 localhost kernel: [   26.553004] [VPF ops]:[L689][vs-vse0_cap0][C1] vpf_video_set_init_attr: done
Mar  5 18:44:18 localhost kernel: [   26.553009] vse_video_set_cfg set vse state to INITED
Mar  5 18:44:18 localhost kernel: [   26.553792] [VPF ops]:[L689][vs-vse0_src][C1] vpf_video_set_init_attr: done
Mar  5 18:44:18 localhost kernel: [   26.553817] [VPF ops]:[L689][vs-vse0_cap1][C1] vpf_video_set_init_attr: done
Mar  5 18:44:18 localhost kernel: [   26.553824] [VPF ops]:[L689][vs-vse0_cap2][C1] vpf_video_set_init_attr: done
Mar  5 18:44:18 localhost kernel: [   26.553830] [VPF ops]:[L689][vs-vse0_cap3][C1] vpf_video_set_init_attr: done
Mar  5 18:44:18 localhost kernel: [   26.553837] [VPF ops]:[L689][vs-vse0_cap4][C1] vpf_video_set_init_attr: done
Mar  5 18:44:18 localhost kernel: [   26.553842] [VPF ops]:[L689][vs-vse0_cap5][C1] vpf_video_set_init_attr: done
Mar  5 18:44:18 localhost kernel: [   26.553855] [VPF ops]:[L1079][vs-vse0_src][C1] vpf_video_get_struct_size: done
Mar  5 18:44:18 localhost kernel: [   26.553866] vse_video_set_ichn_attr format=6,width=1088,stride=1088,height=1280
Mar  5 18:44:18 localhost kernel: [   26.554151] vse_video_reqbufs done bit_map 0x1 planecount 2
Mar  5 18:44:18 localhost kernel: [   26.554175] [VPF ops]:[L1325][vs-vse0_src][C1] vpf_request_frames: reqbuf number 16
Mar  5 18:44:18 localhost kernel: [   26.554182] [VPF ops]:[L850][vs-vse0_src][C1] vpf_video_set_ichn_attr: done
Mar  5 18:44:18 localhost kernel: [   26.554384] [VPF ops]:[L1079][vs-vse0_src][C1] vpf_video_get_struct_size: done
Mar  5 18:44:18 localhost kernel: [   26.554398] vse_video_set_ochn_attr vctx->ctx_id=1,vctx->id=8
Mar  5 18:44:18 localhost kernel: [   26.554406] vse_video_set_ochn_attr ochn_id=0,format=6,width=480,stride=480,height=640
Mar  5 18:44:18 localhost kernel: [   26.554483] [vse_drv]: vse_set_fps_rate: vse-1 chn-0, fps.src 30, fps.dst 30
Mar  5 18:44:18 localhost kernel: [   26.554492] vse_video_reqbufs done bit_map 0x1 planecount 2
Mar  5 18:44:18 localhost kernel: [   26.554515] [VPF ops]:[L1325][vs-vse0_cap0][C1] vpf_request_frames: reqbuf number 16
Mar  5 18:44:18 localhost kernel: [   26.554521] [VPF ops]:[L978][vs-vse0_cap0][C1] vpf_video_set_ochn_attr: done
Mar  5 18:44:18 localhost kernel: [   26.554532] vse_video_reqbufs done bit_map 0x1 planecount 2
Mar  5 18:44:18 localhost kernel: [   26.554541] [VPF ops]:[L1325][vs-vse0_cap0][C1] vpf_request_frames: reqbuf number 3
Mar  5 18:44:18 localhost kernel: [   26.554668] [VPF ops]:[L1464][vs-vse0_cap0][C1] vpf_video_reqbufs: done
Mar  5 18:44:18 localhost kernel: [   26.554687] [VPF ops]:[L2066][vs-vse0_cap0][C1] vpf_video_querybuf: done
Mar  5 18:44:18 localhost kernel: [   26.554925] [VPF ops]:[L2066][vs-vse0_cap0][C1] vpf_video_querybuf: done
Mar  5 18:44:18 localhost kernel: [   26.555006] [VPF ops]:[L2066][vs-vse0_cap0][C1] vpf_video_querybuf: done
Mar  5 18:44:18 localhost kernel: [   26.555076] [VPF chain]:[L250]vio_chain_path_show: feedback independent mode
Mar  5 18:44:18 localhost kernel: [   26.555086] [VPF ops]:[L632][vs-vse0_cap0][S65535] vpf_prepare_buffers: done
Mar  5 18:44:18 localhost kernel: [   26.555093] [VPF ops]:[L1639][vs-vse0_cap0][S65535][C1] vpf_video_start: done start_cnt 1
Mar  5 18:44:18 localhost kernel: [   26.555100] [VPF chain]:[L250]vio_chain_path_show: feedback independent mode
Mar  5 18:44:18 localhost kernel: [   26.555172] vse_video_streamon ctx.sink_online_en=0
Mar  5 18:44:18 localhost kernel: [   26.555325] [VPF ops]:[L1639][vs-vse0_src][S65535][C1] vpf_video_start: done start_cnt 2
Mar  5 18:44:18 localhost kernel: [   26.567785] hobot_jpu_dev: [JPUDRV]jpu_open_instance:1573: [-]JDI_IOCTL_OPEN_INSTANCE inst_idx=2, s_jpu_open_ref_count=4, inst_open_count=4, current_pid=1791, tgid=1405
Mar  5 18:44:26 localhost kernel: [   34.084555] bestmow_monitor (1313): drop_caches: 1
Mar  5 18:44:26 localhost kernel: [   34.298789] bestmow_monitor (1313): drop_caches: 2
Mar  5 18:44:26 localhost kernel: [   34.349748] bestmow_monitor (1313): drop_caches: 3
Mar  6 06:37:17 localhost kernel: [42806.046329] [VPF ops]:[L81][S3][vin3] vpf_wait_vnode_shot: cnt 10
Mar  6 06:37:17 localhost kernel: [42806.046358] [L898][S3]cim_subdev_pre_stop
Mar  6 06:37:17 localhost kernel: [42806.046368] vin sensor3: sensor_frame_end_stop_wait 1026765 fe 0ms
Mar  6 06:37:17 localhost kernel: [42806.046373] vin sensor3: sensor_evk_do: finish to doing
Mar  6 06:37:17 localhost kernel: [42806.046849] vin sensor3: sensor_evk_do: done to finish
Mar  6 06:37:17 localhost kernel: [42806.046869] vin sensor3: sensor_stop sc132gs flow3 stop done
Mar  6 06:37:17 localhost kernel: [42806.046874] vin vcon3: sensor3 stop real done
Mar  6 06:37:17 localhost kernel: [42806.046885] vin mipi3: stop cmd: 0 real
Mar  6 06:37:17 localhost kernel: [42806.046900] [L657]cim_check_exit_state cnt 20 status 0
Mar  6 06:37:17 localhost kernel: [42806.046910] [L849][S3]cim_subdev_stop
Mar  6 06:37:17 localhost kernel: [42806.046914] [CIM]:[L141][S0]cim_video_streamoff done
Mar  6 06:37:17 localhost kernel: [42806.046918] [L1185][S0]vin_node_stop done
Mar  6 06:37:17 localhost kernel: [42806.046922] [VIN_NODE]:[L578][C0]vin_node_video_streamoff done
Mar  6 06:37:17 localhost kernel: [42806.046927] [VPF ops]:[L1554][vin3_src][S3][C0] vpf_video_stop: done start_cnt 1
Mar  6 06:37:17 localhost kernel: [42806.046945] [VPF ops]:[L1554][vin3_cap][S3][C0] vpf_video_stop: done start_cnt 0
Mar  6 06:37:17 localhost kernel: [42806.046962] [VPF ops]:[L81][S3][isp0] vpf_wait_vnode_shot: cnt 10
Mar  6 06:37:17 localhost kernel: [42806.046969] [VPF ops]:[L1554][vs-isp0_src][S3][C1] vpf_video_stop: done start_cnt 1
Mar  6 06:37:17 localhost kernel: [42806.046976] isp_video_streamoff inst: 1, set isp state to STOPPED
Mar  6 06:37:17 localhost kernel: [42806.048550] [VPF ops]:[L1554][vs-isp0_cap][S3][C1] vpf_video_stop: done start_cnt 0
Mar  6 06:37:17 localhost kernel: [42806.048790] isp_video_set_inter_attr flow_id = 3, sensor_name = sc132gs, sensor_cali_name = /app/BestMow/startup_script/sensor_config/daytime/sc132gs_tuning_right.json
Mar  6 06:37:18 localhost kernel: [42806.355757] ctx_id 1, inst id 1, sensor /app/BestMow/startup_script/sensor_config/daytime/sc132gs_tuning_right.json
Mar  6 06:37:18 localhost kernel: [42806.355778] [VPF ops]:[L1005][vs-isp0_src][C1] vpf_video_set_inter_attr: done
Mar  6 06:37:18 localhost kernel: [42806.355925] [VPF ops]:[L632][vs-isp0_cap][S3] vpf_prepare_buffers: done
Mar  6 06:37:18 localhost kernel: [42806.355936] isp_video_streamon inst: 1, set isp state to STARTED
Mar  6 06:37:18 localhost kernel: [42806.357872] [VPF ops]:[L1639][vs-isp0_cap][S3][C1] vpf_video_start: done start_cnt 1
Mar  6 06:37:18 localhost kernel: [42806.357903] [VPF ops]:[L1639][vs-isp0_src][S3][C1] vpf_video_start: done start_cnt 2
Mar  6 06:37:18 localhost kernel: [42806.357923] [VPF ops]:[L632][vin3_cap][S3] vpf_prepare_buffers: done
Mar  6 06:37:18 localhost kernel: [42806.357929] [VPF ops]:[L1639][vin3_cap][S3][C0] vpf_video_start: done start_cnt 1
Mar  6 06:37:18 localhost kernel: [42806.357938] [L716][S0][ipi0]cim_subdev_start ddr_en and ochn request bufs
Mar  6 06:37:18 localhost kernel: [42806.357954] [L757][S3]cim_subdev_start
Mar  6 06:37:18 localhost kernel: [42806.357958] [CIM]:[L113][S0]cim_video_streamon done ret val:0
Mar  6 06:37:18 localhost kernel: [42806.357967] vin sensor3: sensor_evk_do: finish to doing
Mar  6 06:37:18 localhost kernel: [42806.358422] vin sensor3: sensor_evk_do: done to finish
Mar  6 06:37:18 localhost kernel: [42806.358434] vin sensor3: sensor_start sc132gs flow3 start done
Mar  6 06:37:18 localhost kernel: [42806.358439] vin vcon3: sensor3 start real done
Mar  6 06:37:18 localhost kernel: [42806.358448] vin mipi3: start cmd: 0 real
Mar  6 06:37:18 localhost kernel: [42806.358454] vin mipi3: check hs reception
Mar  6 06:37:18 localhost kernel: [42806.402713] vin mipi3: entry hs reception
Mar  6 06:37:18 localhost kernel: [42806.402742] [L1096][S0]vin_node_start done
Mar  6 06:37:18 localhost kernel: [42806.402749] [VIN_NODE]:[L546][C0]vin_node_video_streamon done
Mar  6 06:37:18 localhost kernel: [42806.402754] [VPF ops]:[L1639][vin3_src][S3][C0] vpf_video_start: done start_cnt 2
Mar  6 06:37:18 localhost kernel: [42806.424120] [VPF ops]:[L81][S1][vin2] vpf_wait_vnode_shot: cnt 10
Mar  6 06:37:18 localhost kernel: [42806.424150] [L898][S1]cim_subdev_pre_stop
Mar  6 06:37:18 localhost kernel: [42806.424163] vin sensor1: sensor_frame_end_stop_wait 1026784 fe 0ms
Mar  6 06:37:18 localhost kernel: [42806.424169] vin sensor1: sensor_evk_do: finish to doing
Mar  6 06:37:18 localhost kernel: [42806.424651] vin sensor1: sensor_evk_do: done to finish
Mar  6 06:37:18 localhost kernel: [42806.424671] vin sensor1: sensor_stop sc132gs flow1 stop done
Mar  6 06:37:18 localhost kernel: [42806.424677] vin vcon2: sensor1 stop real done
Mar  6 06:37:18 localhost kernel: [42806.424687] vin mipi2: stop cmd: 0 real
Mar  6 06:37:18 localhost kernel: [42806.424700] [L657]cim_check_exit_state cnt 20 status 0
Mar  6 06:37:18 localhost kernel: [42806.424710] [L849][S1]cim_subdev_stop
Mar  6 06:37:18 localhost kernel: [42806.424714] [CIM]:[L141][S0]cim_video_streamoff done
Mar  6 06:37:18 localhost kernel: [42806.424717] [L1185][S0]vin_node_stop done
Mar  6 06:37:18 localhost kernel: [42806.424721] [VIN_NODE]:[L578][C0]vin_node_video_streamoff done
Mar  6 06:37:18 localhost kernel: [42806.424726] [VPF ops]:[L1554][vin2_src][S1][C0] vpf_video_stop: done start_cnt 1
Mar  6 06:37:18 localhost kernel: [42806.424743] [VPF ops]:[L1554][vin2_cap][S1][C0] vpf_video_stop: done start_cnt 0
Mar  6 06:37:18 localhost kernel: [42806.424766] [VPF ops]:[L81][S1][isp0] vpf_wait_vnode_shot: cnt 10
Mar  6 06:37:18 localhost kernel: [42806.424772] [VPF ops]:[L1554][vs-isp0_src][S1][C0] vpf_video_stop: done start_cnt 1
Mar  6 06:37:18 localhost kernel: [42806.424779] isp_video_streamoff inst: 0, set isp state to STOPPED
Mar  6 06:37:18 localhost kernel: [42806.425559] [VPF ops]:[L1554][vs-isp0_cap][S1][C0] vpf_video_stop: done start_cnt 0
Mar  6 06:37:18 localhost kernel: [42806.425614] isp_video_set_inter_attr flow_id = 1, sensor_name = sc132gs, sensor_cali_name = /app/BestMow/startup_script/sensor_config/daytime/sc132gs_tuning_left.json
Mar  6 06:37:18 localhost kernel: [42806.715996] ctx_id 0, inst id 0, sensor /app/BestMow/startup_script/sensor_config/daytime/sc132gs_tuning_left.json
Mar  6 06:37:18 localhost kernel: [42806.716019] [VPF ops]:[L1005][vs-isp0_src][C0] vpf_video_set_inter_attr: done
Mar  6 06:37:18 localhost kernel: [42806.716062] [VPF ops]:[L632][vs-isp0_cap][S1] vpf_prepare_buffers: done
Mar  6 06:37:18 localhost kernel: [42806.716070] isp_video_streamon inst: 0, set isp state to STARTED
Mar  6 06:37:18 localhost kernel: [42806.717888] [VPF ops]:[L1639][vs-isp0_cap][S1][C0] vpf_video_start: done start_cnt 1
Mar  6 06:37:18 localhost kernel: [42806.717926] [VPF ops]:[L1639][vs-isp0_src][S1][C0] vpf_video_start: done start_cnt 2
Mar  6 06:37:18 localhost kernel: [42806.717950] [VPF ops]:[L632][vin2_cap][S1] vpf_prepare_buffers: done
Mar  6 06:37:18 localhost kernel: [42806.717956] [VPF ops]:[L1639][vin2_cap][S1][C0] vpf_video_start: done start_cnt 1
Mar  6 06:37:18 localhost kernel: [42806.717966] [L716][S0][ipi0]cim_subdev_start ddr_en and ochn request bufs
Mar  6 06:37:18 localhost kernel: [42806.717982] [L757][S1]cim_subdev_start
Mar  6 06:37:18 localhost kernel: [42806.717986] [CIM]:[L113][S0]cim_video_streamon done ret val:0
Mar  6 06:37:18 localhost kernel: [42806.717997] vin sensor1: sensor_evk_do: finish to doing
Mar  6 06:37:18 localhost kernel: [42806.718588] vin sensor1: sensor_evk_do: done to finish
Mar  6 06:37:18 localhost kernel: [42806.718613] vin sensor1: sensor_start sc132gs flow1 start done
Mar  6 06:37:18 localhost kernel: [42806.718618] vin vcon2: sensor1 start real done
Mar  6 06:37:18 localhost kernel: [42806.718632] vin mipi2: start cmd: 0 real
Mar  6 06:37:18 localhost kernel: [42806.718638] vin mipi2: check hs reception
Mar  6 06:37:18 localhost kernel: [42806.737489] vin mipi2: entry hs reception
Mar  6 06:37:18 localhost kernel: [42806.737523] [L1096][S0]vin_node_start done
Mar  6 06:37:18 localhost kernel: [42806.737529] [VIN_NODE]:[L546][C0]vin_node_video_streamon done
Mar  6 06:37:18 localhost kernel: [42806.737534] [VPF ops]:[L1639][vin2_src][S1][C0] vpf_video_start: done start_cnt 2
Mar  6 10:03:56 localhost kernel: [55204.579245] [56310607]rx host cmd:83
Mar  6 10:51:35 localhost kernel: [58063.237232] [VPF ops]:[L210][vs-vse0_cap5][S65535][C1] vpf_vdev_close: refcount 0
Mar  6 10:51:35 localhost kernel: [58063.237258] [VPF ops]:[L2554][vs-vse0_cap5] vpf_device_close: done
Mar  6 10:51:35 localhost kernel: [58063.237267] [VPF ops]:[L210][vs-vse0_cap4][S65535][C1] vpf_vdev_close: refcount 0
Mar  6 10:51:35 localhost kernel: [58063.237274] [VPF ops]:[L2554][vs-vse0_cap4] vpf_device_close: done
Mar  6 10:51:35 localhost kernel: [58063.237280] [VPF ops]:[L210][vs-vse0_cap3][S65535][C1] vpf_vdev_close: refcount 0
Mar  6 10:51:35 localhost kernel: [58063.237286] [VPF ops]:[L2554][vs-vse0_cap3] vpf_device_close: done
Mar  6 10:51:35 localhost kernel: [58063.237292] [VPF ops]:[L210][vs-vse0_cap2][S65535][C1] vpf_vdev_close: refcount 0
Mar  6 10:51:35 localhost kernel: [58063.237298] [VPF ops]:[L2554][vs-vse0_cap2] vpf_device_close: done
Mar  6 10:51:35 localhost kernel: [58063.237304] [VPF ops]:[L210][vs-vse0_cap1][S65535][C1] vpf_vdev_close: refcount 0
Mar  6 10:51:35 localhost kernel: [58063.237310] [VPF ops]:[L2554][vs-vse0_cap1] vpf_device_close: done
Mar  6 10:51:35 localhost kernel: [58063.237316] [VPF ops]:[L210][vs-vse0_cap0][S65535][C1] vpf_vdev_close: refcount 0
Mar  6 10:51:35 localhost kernel: [58063.237361] [VPF ops]:[L2554][vs-vse0_cap0] vpf_device_close: done
Mar  6 10:51:35 localhost kernel: [58063.237369] [VPF ops]:[L210][vs-vse0_src][S65535][C1] vpf_vdev_close: refcount 0
Mar  6 10:51:35 localhost kernel: [58063.237374] vse_nat_close set vse state to CLOSED
Mar  6 10:51:35 localhost kernel: [58063.238307] [VPF ops]:[L1719][vs-vse0_src][S65535][C1] vpf_chain_del_vnode: null
Mar  6 10:51:35 localhost kernel: [58063.238328] [VPF ops]:[L2554][vs-vse0_src] vpf_device_close: done
Mar  6 10:51:35 localhost kernel: [58063.238341] [VPF ops]:[L2492][flow][S7] vpf_subdev_close: done
Mar  6 10:51:35 localhost kernel: [58063.238346] [VPF ops]:[L2554][flow] vpf_device_close: done
Mar  6 10:51:35 localhost kernel: [58063.238425] [VPF ops]:[L81][S7][gdc0] vpf_wait_vnode_shot: cnt 10
Mar  6 10:51:35 localhost kernel: [58063.238433] [VPF ops]:[L1554][gdc0_src][S7][C3] vpf_video_stop: done start_cnt 1
Mar  6 10:51:35 localhost kernel: [58063.238442] [VPF ops]:[L1554][gdc0_cap][S7][C3] vpf_video_stop: done start_cnt 0
Mar  6 10:51:35 localhost kernel: [58063.238447] [VPF ops]:[L154][S7][gdc0] vpf_safety_close: sudden close
Mar  6 10:51:35 localhost kernel: [58063.238451] [VPF ops]:[L210][gdc0_cap][S7][C3] vpf_vdev_close: refcount 0
Mar  6 10:51:35 localhost kernel: [58063.238458] [GDC ops]:[L148][gdc0_cap][S7][C3] gdc_subdev_close: cnt 7
Mar  6 10:51:35 localhost kernel: [58063.238526] [VPF ops]:[L2554][gdc0_cap] vpf_device_close: done
Mar  6 10:51:35 localhost kernel: [58063.238538] [VPF ops]:[L210][gdc0_src][S7][C3] vpf_vdev_close: refcount 0
Mar  6 10:51:35 localhost kernel: [58063.238546] [GDC ops]:[L148][gdc0_src][S7][C3] gdc_subdev_close: cnt 6
Mar  6 10:51:35 localhost kernel: [58063.238567] [VPF ops]:[L1732][gdc0_src][S7][C3] vpf_chain_del_vnode: done
Mar  6 10:51:35 localhost kernel: [58063.238572] [VPF ops]:[L2554][gdc0_src] vpf_device_close: done
Mar  6 10:51:35 localhost kernel: [58063.238578] [VPF ops]:[L2492][flow][S6] vpf_subdev_close: done
Mar  6 10:51:35 localhost kernel: [58063.238582] [VPF ops]:[L2554][flow] vpf_device_close: done
Mar  6 10:51:35 localhost kernel: [58063.238626] [VPF ops]:[L81][S6][gdc0] vpf_wait_vnode_shot: cnt 10
Mar  6 10:51:35 localhost kernel: [58063.238632] [VPF ops]:[L1554][gdc0_src][S6][C2] vpf_video_stop: done start_cnt 1
Mar  6 10:51:35 localhost kernel: [58063.238640] [VPF ops]:[L1554][gdc0_cap][S6][C2] vpf_video_stop: done start_cnt 0
Mar  6 10:51:35 localhost kernel: [58063.238644] [VPF ops]:[L154][S6][gdc0] vpf_safety_close: sudden close
Mar  6 10:51:35 localhost kernel: [58063.238649] [VPF ops]:[L210][gdc0_cap][S6][C2] vpf_vdev_close: refcount 0
Mar  6 10:51:35 localhost kernel: [58063.238655] [GDC ops]:[L148][gdc0_cap][S6][C2] gdc_subdev_close: cnt 5
Mar  6 10:51:35 localhost kernel: [58063.238685] [VPF ops]:[L2554][gdc0_cap] vpf_device_close: done
Mar  6 10:51:35 localhost kernel: [58063.238691] [VPF ops]:[L210][gdc0_src][S6][C2] vpf_vdev_close: refcount 0
Mar  6 10:51:35 localhost kernel: [58063.238699] [GDC ops]:[L148][gdc0_src][S6][C2] gdc_subdev_close: cnt 4
Mar  6 10:51:35 localhost kernel: [58063.238712] [VPF ops]:[L1732][gdc0_src][S6][C2] vpf_chain_del_vnode: done
Mar  6 10:51:35 localhost kernel: [58063.238717] [VPF ops]:[L2554][gdc0_src] vpf_device_close: done
Mar  6 10:51:35 localhost kernel: [58063.238765] hobot_jpu_dev: [JPUDRV]jpu_release_internal_res:2600: finish jpu_release_internal_res, current_pid=559654, tgid=1405
Mar  6 10:51:35 localhost kernel: [58063.238850] hobot_jpu_dev: [JPUDRV]jpu_release_internal_res:2600: finish jpu_release_internal_res, current_pid=559654, tgid=1405
Mar  6 10:51:35 localhost kernel: [58063.238915] [VPF ops]:[L210][vs-vse0_cap5][S65535][C0] vpf_vdev_close: refcount 0
Mar  6 10:51:35 localhost kernel: [58063.238924] [VPF ops]:[L2554][vs-vse0_cap5] vpf_device_close: done
Mar  6 10:51:35 localhost kernel: [58063.238931] [VPF ops]:[L210][vs-vse0_cap4][S65535][C0] vpf_vdev_close: refcount 0
Mar  6 10:51:35 localhost kernel: [58063.238938] [VPF ops]:[L2554][vs-vse0_cap4] vpf_device_close: done
Mar  6 10:51:35 localhost kernel: [58063.238944] [VPF ops]:[L210][vs-vse0_cap3][S65535][C0] vpf_vdev_close: refcount 0
Mar  6 10:51:35 localhost kernel: [58063.238950] [VPF ops]:[L2554][vs-vse0_cap3] vpf_device_close: done
Mar  6 10:51:35 localhost kernel: [58063.238957] [VPF ops]:[L210][vs-vse0_cap2][S65535][C0] vpf_vdev_close: refcount 0
Mar  6 10:51:35 localhost kernel: [58063.238963] [VPF ops]:[L2554][vs-vse0_cap2] vpf_device_close: done
Mar  6 10:51:35 localhost kernel: [58063.238969] [VPF ops]:[L210][vs-vse0_cap1][S65535][C0] vpf_vdev_close: refcount 0
Mar  6 10:51:35 localhost kernel: [58063.238975] [VPF ops]:[L2554][vs-vse0_cap1] vpf_device_close: done
Mar  6 10:51:35 localhost kernel: [58063.238982] [VPF ops]:[L210][vs-vse0_cap0][S65535][C0] vpf_vdev_close: refcount 0
Mar  6 10:51:35 localhost kernel: [58063.239032] [VPF ops]:[L2554][vs-vse0_cap0] vpf_device_close: done
Mar  6 10:51:35 localhost kernel: [58063.239041] [VIO node]:[L141][vse0] vio_group_task_stop: done
Mar  6 10:51:35 localhost kernel: [58063.239046] [VPF ops]:[L210][vs-vse0_src][S65535][C0] vpf_vdev_close: refcount 0
Mar  6 10:51:35 localhost kernel: [58063.239052] vse_nat_close set vse state to CLOSED
Mar  6 10:51:35 localhost kernel: [58063.240639] vs-vse 3d010000.vse: DW module is busy now and cannot be reset!
Mar  6 10:51:35 localhost kernel: [58063.240657] vse_nat_close vse_close(ret=-16).
Mar  6 10:51:35 localhost kernel: [58063.241223] [VPF ops]:[L2547][vs-vse0_src] vpf_device_close: dev close error(-16)
Mar  6 10:51:35 localhost kernel: [58063.242192] [VPF ops]:[L1719][vs-vse0_src][S65535][C0] vpf_chain_del_vnode: null
Mar  6 10:51:35 localhost kernel: [58063.242197] [VPF ops]:[L2554][vs-vse0_src] vpf_device_close: done
Mar  6 10:51:35 localhost kernel: [58063.242210] [VPF ops]:[L2492][flow][S5] vpf_subdev_close: done
Mar  6 10:51:35 localhost kernel: [58063.242215] [VPF ops]:[L2554][flow] vpf_device_close: done
Mar  6 10:51:35 localhost kernel: [58063.242281] [VPF ops]:[L81][S5][gdc0] vpf_wait_vnode_shot: cnt 10
Mar  6 10:51:35 localhost kernel: [58063.242289] [VPF ops]:[L1554][gdc0_src][S5][C1] vpf_video_stop: done start_cnt 1
Mar  6 10:51:35 localhost kernel: [58063.242297] [VPF ops]:[L1554][gdc0_cap][S5][C1] vpf_video_stop: done start_cnt 0
Mar  6 10:51:35 localhost kernel: [58063.242302] [VPF ops]:[L154][S5][gdc0] vpf_safety_close: sudden close
Mar  6 10:51:35 localhost kernel: [58063.242307] [VPF ops]:[L210][gdc0_cap][S5][C1] vpf_vdev_close: refcount 0
Mar  6 10:51:35 localhost kernel: [58063.242313] [GDC ops]:[L148][gdc0_cap][S5][C1] gdc_subdev_close: cnt 3
Mar  6 10:51:35 localhost kernel: [58063.242360] [VPF ops]:[L2554][gdc0_cap] vpf_device_close: done
Mar  6 10:51:35 localhost kernel: [58063.242371] [VPF ops]:[L210][gdc0_src][S5][C1] vpf_vdev_close: refcount 0
Mar  6 10:51:35 localhost kernel: [58063.242380] [GDC ops]:[L148][gdc0_src][S5][C1] gdc_subdev_close: cnt 2
Mar  6 10:51:35 localhost kernel: [58063.242399] [VPF ops]:[L1732][gdc0_src][S5][C1] vpf_chain_del_vnode: done
Mar  6 10:51:35 localhost kernel: [58063.242404] [VPF ops]:[L2554][gdc0_src] vpf_device_close: done
Mar  6 10:51:35 localhost kernel: [58063.242410] [VPF ops]:[L2492][flow][S4] vpf_subdev_close: done
Mar  6 10:51:35 localhost kernel: [58063.242414] [VPF ops]:[L2554][flow] vpf_device_close: done
Mar  6 10:51:35 localhost kernel: [58063.242463] [VPF ops]:[L81][S4][gdc0] vpf_wait_vnode_shot: cnt 10
Mar  6 10:51:35 localhost kernel: [58063.242469] [VPF ops]:[L1554][gdc0_src][S4][C0] vpf_video_stop: done start_cnt 1
Mar  6 10:51:35 localhost kernel: [58063.242477] [VPF ops]:[L1554][gdc0_cap][S4][C0] vpf_video_stop: done start_cnt 0
Mar  6 10:51:35 localhost kernel: [58063.242482] [VPF ops]:[L154][S4][gdc0] vpf_safety_close: sudden close
Mar  6 10:51:35 localhost kernel: [58063.242486] [VPF ops]:[L210][gdc0_cap][S4][C0] vpf_vdev_close: refcount 0
Mar  6 10:51:35 localhost kernel: [58063.242491] [GDC ops]:[L148][gdc0_cap][S4][C0] gdc_subdev_close: cnt 1
Mar  6 10:51:35 localhost kernel: [58063.242516] [VPF ops]:[L2554][gdc0_cap] vpf_device_close: done
Mar  6 10:51:35 localhost kernel: [58063.242522] [VIO node]:[L141][gdc0] vio_group_task_stop: done
Mar  6 10:51:35 localhost kernel: [58063.242527] [VPF ops]:[L210][gdc0_src][S4][C0] vpf_vdev_close: refcount 0
Mar  6 10:51:35 localhost kernel: [58063.242535] [GDC ops]:[L734]gdc_force_stop: gdc is already free
Mar  6 10:51:35 localhost kernel: [58063.242548] [GDC ops]:[L148][gdc0_src][S4][C0] gdc_subdev_close: cnt 0
Mar  6 10:51:35 localhost kernel: [58063.242566] [VPF ops]:[L1732][gdc0_src][S4][C0] vpf_chain_del_vnode: done
Mar  6 10:51:35 localhost kernel: [58063.242571] [VPF ops]:[L2554][gdc0_src] vpf_device_close: done
Mar  6 10:51:35 localhost kernel: [58063.242648] hobot_jpu_dev: [JPUDRV]jpu_release_internal_res:2600: finish jpu_release_internal_res, current_pid=559654, tgid=1405
Mar  6 10:51:35 localhost kernel: [58063.242666] hobot_jpu_dev: [JPUDRV]jpu_release_internal_res:2600: finish jpu_release_internal_res, current_pid=559654, tgid=1405
Mar  6 10:51:35 localhost kernel: [58063.242685] vin sensor3: sensor_frame_end_stop_wait 1392930 fe 0ms
Mar  6 10:51:35 localhost kernel: [58063.242691] vin sensor3: sensor_evk_do: finish to doing
Mar  6 10:51:35 localhost kernel: [58063.242696] vin sensor3: sensor_evk_do: doing wait evk abort -512
Mar  6 10:51:35 localhost kernel: [58063.242701] vin sensor3: sensor_detach flow3 link0 from sensor3 sc132gs
Mar  6 10:51:35 localhost kernel: [58063.242814] vin sensor3: sc132gs release i2c7@0x33
Mar  6 10:51:35 localhost kernel: [58063.242829] [VPF ops]:[L2492][flow][S3] vpf_subdev_close: done
Mar  6 10:51:35 localhost kernel: [58063.242833] [VPF ops]:[L2554][flow] vpf_device_close: done
Mar  6 10:51:35 localhost kernel: [58063.242882] [VPF ops]:[L81][S3][vin3] vpf_wait_vnode_shot: cnt 10
Mar  6 10:51:35 localhost kernel: [58063.242894] [L898][S3]cim_subdev_pre_stop
Mar  6 10:51:35 localhost kernel: [58063.242901] vin sensor3: sensor_stop sc132gs has stoped 
Mar  6 10:51:35 localhost kernel: [58063.242906] vin vcon3: sensor3 stop real done
Mar  6 10:51:35 localhost kernel: [58063.242915] vin mipi3: stop cmd: 0 real
Mar  6 10:51:35 localhost kernel: [58063.242928] [L657]cim_check_exit_state cnt 20 status 0
Mar  6 10:51:35 localhost kernel: [58063.242937] [L849][S3]cim_subdev_stop
Mar  6 10:51:35 localhost kernel: [58063.242941] [CIM]:[L141][S0]cim_video_streamoff done
Mar  6 10:51:35 localhost kernel: [58063.242944] [L1185][S0]vin_node_stop done
Mar  6 10:51:35 localhost kernel: [58063.242948] [VIN_NODE]:[L578][C0]vin_node_video_streamoff done
Mar  6 10:51:35 localhost kernel: [58063.242953] [VPF ops]:[L1554][vin3_src][S3][C0] vpf_video_stop: done start_cnt 1
Mar  6 10:51:35 localhost kernel: [58063.242960] [VPF ops]:[L1554][vin3_cap][S3][C0] vpf_video_stop: done start_cnt 0
Mar  6 10:51:35 localhost kernel: [58063.242965] [VPF ops]:[L154][S3][vin3] vpf_safety_close: sudden close
Mar  6 10:51:35 localhost kernel: [58063.242974] [VPF ops]:[L81][S3][isp0] vpf_wait_vnode_shot: cnt 10
Mar  6 10:51:35 localhost kernel: [58063.242980] [VPF ops]:[L1554][vs-isp0_src][S3][C1] vpf_video_stop: done start_cnt 1
Mar  6 10:51:35 localhost kernel: [58063.242987] isp_video_streamoff inst: 1, set isp state to STOPPED
Mar  6 10:51:35 localhost kernel: [58063.244115] [VPF ops]:[L1554][vs-isp0_cap][S3][C1] vpf_video_stop: done start_cnt 0
Mar  6 10:51:35 localhost kernel: [58063.244134] [VPF ops]:[L154][S3][isp0] vpf_safety_close: sudden close
Mar  6 10:51:35 localhost kernel: [58063.244141] [VPF ops]:[L210][vs-isp0_cap_raw][S3][C1] vpf_vdev_close: refcount 0
Mar  6 10:51:35 localhost kernel: [58063.244150] [VPF ops]:[L2554][vs-isp0_cap_raw] vpf_device_close: done
Mar  6 10:51:35 localhost kernel: [58063.244164] [VPF ops]:[L210][vs-isp0_cap][S3][C1] vpf_vdev_close: refcount 0
Mar  6 10:51:35 localhost kernel: [58063.244170] isp_nat_close set isp state to CLOSED
Mar  6 10:51:35 localhost kernel: [58063.247523] [VPF ops]:[L2554][vs-isp0_cap] vpf_device_close: done
Mar  6 10:51:35 localhost kernel: [58063.247556] [VPF ops]:[L210][vs-isp0_src_pd][S3][C1] vpf_vdev_close: refcount 0
Mar  6 10:51:35 localhost kernel: [58063.247563] [VPF ops]:[L2554][vs-isp0_src_pd] vpf_device_close: done
Mar  6 10:51:35 localhost kernel: [58063.247570] [VPF ops]:[L210][vs-isp0_src][S3][C1] vpf_vdev_close: refcount 0
Mar  6 10:51:35 localhost kernel: [58063.247590] [VPF ops]:[L1732][vs-isp0_src][S3][C1] vpf_chain_del_vnode: done
Mar  6 10:51:35 localhost kernel: [58063.247595] [VPF ops]:[L2554][vs-isp0_src] vpf_device_close: done
Mar  6 10:51:35 localhost kernel: [58063.247646] [VPF ops]:[L210][vin3_pdaf][S3][C0] vpf_vdev_close: refcount 0
Mar  6 10:51:35 localhost kernel: [58063.247656] [L1119][S3] cim_subdev_close hw_id = 3, refcount = 0
Mar  6 10:51:35 localhost kernel: [58063.247661] [L1272][S3] cim_close open_cnt 3
Mar  6 10:51:35 localhost kernel: [58063.247665] [CIM]:[L216][S0]cim_video_close done ret:0 
Mar  6 10:51:35 localhost kernel: [58063.247669] [L1319][S0][V12] vin_node_close done
Mar  6 10:51:35 localhost kernel: [58063.247673] [VIN_NODE]:[L718][C0]vin_node_video_close done
Mar  6 10:51:35 localhost kernel: [58063.247677] [VPF ops]:[L2554][vin3_pdaf] vpf_device_close: done
Mar  6 10:51:35 localhost kernel: [58063.247685] [VPF ops]:[L210][vin3_emb][S3][C0] vpf_vdev_close: refcount 0
Mar  6 10:51:35 localhost kernel: [58063.247690] [L1119][S3] cim_subdev_close hw_id = 3, refcount = 0
Mar  6 10:51:35 localhost kernel: [58063.247694] [L1272][S3] cim_close open_cnt 2
Mar  6 10:51:35 localhost kernel: [58063.247697] [CIM]:[L216][S0]cim_video_close done ret:0 
Mar  6 10:51:35 localhost kernel: [58063.247701] [L1319][S0][V11] vin_node_close done
Mar  6 10:51:35 localhost kernel: [58063.247705] [VIN_NODE]:[L718][C0]vin_node_video_close done
Mar  6 10:51:35 localhost kernel: [58063.247708] [VPF ops]:[L2554][vin3_emb] vpf_device_close: done
Mar  6 10:51:35 localhost kernel: [58063.247716] [VPF ops]:[L210][vin3_cap][S3][C0] vpf_vdev_close: refcount 0
Mar  6 10:51:35 localhost kernel: [58063.247721] [L1119][S3] cim_subdev_close hw_id = 3, refcount = 0
Mar  6 10:51:35 localhost kernel: [58063.247725] [L1272][S3] cim_close open_cnt 1
Mar  6 10:51:35 localhost kernel: [58063.247728] [CIM]:[L216][S0]cim_video_close done ret:0 
Mar  6 10:51:35 localhost kernel: [58063.247732] [L1319][S0][V8] vin_node_close done
Mar  6 10:51:35 localhost kernel: [58063.247735] [VIN_NODE]:[L718][C0]vin_node_video_close done
Mar  6 10:51:35 localhost kernel: [58063.247767] [VPF ops]:[L2554][vin3_cap] vpf_device_close: done
Mar  6 10:51:35 localhost kernel: [58063.247775] [VIO node]:[L141][vin3] vio_group_task_stop: done
Mar  6 10:51:35 localhost kernel: [58063.247779] [VPF ops]:[L210][vin3_src][S3][C0] vpf_vdev_close: refcount 0
Mar  6 10:51:35 localhost kernel: [58063.247784] [L1119][S3] cim_subdev_close hw_id = 3, refcount = 0
Mar  6 10:51:35 localhost kernel: [58063.247791] [VPF mgr]:[L478]empty_camsys_reset: empty function
Mar  6 10:51:35 localhost kernel: [58063.247800] hobot-sif 3d050000.sif: sif3 reset done
Mar  6 10:51:35 localhost kernel: [58063.247807] [L1272][S3] cim_close open_cnt 0
Mar  6 10:51:35 localhost kernel: [58063.247810] [CIM]:[L216][S0]cim_video_close done ret:0 
Mar  6 10:51:35 localhost kernel: [58063.247840] vin mipi3: sensor3_mclk set 0 as 24000000
Mar  6 10:51:35 localhost kernel: [58063.247845] vin mipi3: snrclk set disable
Mar  6 10:51:35 localhost kernel: [58063.247850] vin mipi3: deinit cmd: 0 real
Mar  6 10:51:35 localhost kernel: [58063.247858] vin vcon3: get attr valid bus7 rx3 done
Mar  6 10:51:35 localhost kernel: [58063.247866] vin vcon3: flow3.ctx0 detach sensor3 done
Mar  6 10:51:35 localhost kernel: [58063.247870] vin vcon3: vcon3 close 0: flow3 ctx0 real
Mar  6 10:51:35 localhost kernel: [58063.247875] [L1319][S0][V0] vin_node_close done
Mar  6 10:51:35 localhost kernel: [58063.247878] [VIN_NODE]:[L718][C0]vin_node_video_close done
Mar  6 10:51:35 localhost kernel: [58063.247888] [VPF ops]:[L1732][vin3_src][S3][C0] vpf_chain_del_vnode: done
Mar  6 10:51:35 localhost kernel: [58063.247892] [VPF ops]:[L2554][vin3_src] vpf_device_close: done
Mar  6 10:51:35 localhost kernel: [58063.247902] hobot_jpu_dev: [JPUDRV]jpu_free_instances:764: jpu_free_instances detect instance crash instIdx=3, jip_base=ffff80000f2f5000, instance_pool_size_per_core=3592, current_pid=559654, tgid=1405, filp=ffff000089197d00
Mar  6 10:51:35 localhost kernel: [58063.247917] hobot_jpu_dev: [JPUDRV]jpu_free_instances:764: jpu_free_instances detect instance crash instIdx=2, jip_base=ffff80000f2f5000, instance_pool_size_per_core=3592, current_pid=559654, tgid=1405, filp=ffff000089197d00
Mar  6 10:51:35 localhost kernel: [58063.247925] hobot_jpu_dev: [JPUDRV]jpu_free_instances:764: jpu_free_instances detect instance crash instIdx=1, jip_base=ffff80000f2f5000, instance_pool_size_per_core=3592, current_pid=559654, tgid=1405, filp=ffff000089197d00
Mar  6 10:51:35 localhost kernel: [58063.247934] hobot_jpu_dev: [JPUDRV]jpu_free_instances:764: jpu_free_instances detect instance crash instIdx=0, jip_base=ffff80000f2f5000, instance_pool_size_per_core=3592, current_pid=559654, tgid=1405, filp=ffff000089197d00
Mar  6 10:51:35 localhost kernel: [58063.249236] hobot_jpu_dev: [JPUDRV]jpu_release_internal_res:2600: finish jpu_release_internal_res, current_pid=559654, tgid=1405
Mar  6 10:51:35 localhost kernel: [58063.249894] vin sensor2: sensor_frame_end_stop_wait 289910 fe 0ms
Mar  6 10:51:35 localhost kernel: [58063.249911] vin sensor2: sensor_evk_do: finish to doing
Mar  6 10:51:35 localhost kernel: [58063.249917] vin sensor2: sensor_evk_do: doing wait evk abort -512
Mar  6 10:51:35 localhost kernel: [58063.249923] vin sensor2: sensor_detach flow2 link0 from sensor2 
Mar  6 10:51:35 localhost kernel: [58063.249971] vin sensor2:  release client NULL
Mar  6 10:51:35 localhost kernel: [58063.249987] [VPF ops]:[L2492][flow][S2] vpf_subdev_close: done
Mar  6 10:51:35 localhost kernel: [58063.249992] [VPF ops]:[L2554][flow] vpf_device_close: done
Mar  6 10:51:35 localhost kernel: [58063.250052] [VPF ops]:[L81][S2][vin1] vpf_wait_vnode_shot: cnt 10
Mar  6 10:51:35 localhost kernel: [58063.250063] [L898][S2]cim_subdev_pre_stop
Mar  6 10:51:35 localhost kernel: [58063.250288] vin sensor2: sensor_stop  has stoped 
Mar  6 10:51:35 localhost kernel: [58063.250297] vin vcon1: sensor2 stop real done
Mar  6 10:51:35 localhost kernel: [58063.250309] vin mipi1: stop cmd: 0 real
Mar  6 10:51:35 localhost kernel: [58063.250322] [L657]cim_check_exit_state cnt 20 status 0
Mar  6 10:51:35 localhost kernel: [58063.250332] [L849][S2]cim_subdev_stop
Mar  6 10:51:35 localhost kernel: [58063.250337] [CIM]:[L141][S0]cim_video_streamoff done
Mar  6 10:51:35 localhost kernel: [58063.250341] [L1185][S0]vin_node_stop done
Mar  6 10:51:35 localhost kernel: [58063.250345] [VIN_NODE]:[L578][C0]vin_node_video_streamoff done
Mar  6 10:51:35 localhost kernel: [58063.250350] [VPF ops]:[L1554][vin1_src][S2][C0] vpf_video_stop: done start_cnt 1
Mar  6 10:51:35 localhost kernel: [58063.250360] [VPF ops]:[L1554][vin1_cap][S2][C0] vpf_video_stop: done start_cnt 0
Mar  6 10:51:35 localhost kernel: [58063.250364] [VPF ops]:[L154][S2][vin1] vpf_safety_close: sudden close
Mar  6 10:51:35 localhost kernel: [58063.250371] [VPF ops]:[L210][vin1_pdaf][S2][C0] vpf_vdev_close: refcount 0
Mar  6 10:51:35 localhost kernel: [58063.250379] [L1119][S2] cim_subdev_close hw_id = 1, refcount = 0
Mar  6 10:51:35 localhost kernel: [58063.250384] [L1272][S2] cim_close open_cnt 3
Mar  6 10:51:35 localhost kernel: [58063.250388] [CIM]:[L216][S0]cim_video_close done ret:0 
Mar  6 10:51:35 localhost kernel: [58063.250392] [L1319][S0][V12] vin_node_close done
Mar  6 10:51:35 localhost kernel: [58063.250396] [VIN_NODE]:[L718][C0]vin_node_video_close done
Mar  6 10:51:35 localhost kernel: [58063.250401] [VPF ops]:[L2554][vin1_pdaf] vpf_device_close: done
Mar  6 10:51:35 localhost kernel: [58063.250411] [VPF ops]:[L210][vin1_emb][S2][C0] vpf_vdev_close: refcount 0
Mar  6 10:51:35 localhost kernel: [58063.250416] [L1119][S2] cim_subdev_close hw_id = 1, refcount = 0
Mar  6 10:51:35 localhost kernel: [58063.250420] [L1272][S2] cim_close open_cnt 2
Mar  6 10:51:35 localhost kernel: [58063.250424] [CIM]:[L216][S0]cim_video_close done ret:0 
Mar  6 10:51:35 localhost kernel: [58063.250427] [L1319][S0][V11] vin_node_close done
Mar  6 10:51:35 localhost kernel: [58063.250431] [VIN_NODE]:[L718][C0]vin_node_video_close done
Mar  6 10:51:35 localhost kernel: [58063.250435] [VPF ops]:[L2554][vin1_emb] vpf_device_close: done
Mar  6 10:51:35 localhost kernel: [58063.250442] [VPF ops]:[L210][vin1_cap][S2][C0] vpf_vdev_close: refcount 0
Mar  6 10:51:35 localhost kernel: [58063.250447] [L1119][S2] cim_subdev_close hw_id = 1, refcount = 0
Mar  6 10:51:35 localhost kernel: [58063.250451] [L1272][S2] cim_close open_cnt 1
Mar  6 10:51:35 localhost kernel: [58063.250455] [CIM]:[L216][S0]cim_video_close done ret:0 
Mar  6 10:51:35 localhost kernel: [58063.250459] [L1319][S0][V8] vin_node_close done
Mar  6 10:51:35 localhost kernel: [58063.250462] [VIN_NODE]:[L718][C0]vin_node_video_close done
Mar  6 10:51:35 localhost kernel: [58063.250509] [VPF ops]:[L2554][vin1_cap] vpf_device_close: done
Mar  6 10:51:35 localhost kernel: [58063.250516] [VIO node]:[L141][vin1] vio_group_task_stop: done
Mar  6 10:51:35 localhost kernel: [58063.250520] [VPF ops]:[L210][vin1_src][S2][C0] vpf_vdev_close: refcount 0
Mar  6 10:51:35 localhost kernel: [58063.250525] [L1119][S2] cim_subdev_close hw_id = 1, refcount = 0
Mar  6 10:51:35 localhost kernel: [58063.250532] [VPF mgr]:[L478]empty_camsys_reset: empty function
Mar  6 10:51:35 localhost kernel: [58063.250541] hobot-sif 3d030000.sif: sif1 reset done
Mar  6 10:51:35 localhost kernel: [58063.250547] [L1272][S2] cim_close open_cnt 0
Mar  6 10:51:35 localhost kernel: [58063.250550] [CIM]:[L216][S0]cim_video_close done ret:0 
Mar  6 10:51:35 localhost kernel: [58063.250579] vin mipi1: sensor1_mclk set 0 as 24000000
Mar  6 10:51:35 localhost kernel: [58063.250584] vin mipi1: snrclk set disable
Mar  6 10:51:35 localhost kernel: [58063.250589] vin mipi1: deinit cmd: 0 real
Mar  6 10:51:35 localhost kernel: [58063.250597] vin vcon1: get attr valid bus4 rx1 done
Mar  6 10:51:35 localhost kernel: [58063.250605] vin vcon1: flow2.ctx0 detach sensor2 done
Mar  6 10:51:35 localhost kernel: [58063.250609] vin vcon1: vcon1 close 0: flow2 ctx0 real
Mar  6 10:51:35 localhost kernel: [58063.250614] [L1319][S0][V0] vin_node_close done
Mar  6 10:51:35 localhost kernel: [58063.250618] [VIN_NODE]:[L718][C0]vin_node_video_close done
Mar  6 10:51:35 localhost kernel: [58063.250632] [VPF ops]:[L1732][vin1_src][S2][C0] vpf_chain_del_vnode: done
Mar  6 10:51:35 localhost kernel: [58063.250637] [VPF ops]:[L2554][vin1_src] vpf_device_close: done
Mar  6 10:51:35 localhost kernel: [58063.250648] vin sensor1: sensor_frame_end_stop_wait 1392941 fe 0ms
Mar  6 10:51:35 localhost kernel: [58063.250654] vin sensor1: sensor_evk_do: finish to doing
Mar  6 10:51:35 localhost kernel: [58063.250659] vin sensor1: sensor_evk_do: doing wait evk abort -512
Mar  6 10:51:35 localhost kernel: [58063.250664] vin sensor1: sensor_detach flow1 link0 from sensor1 sc132gs
Mar  6 10:51:35 localhost kernel: [58063.250781] vin sensor1: sc132gs release i2c7@0x32
Mar  6 10:51:35 localhost kernel: [58063.250799] [VPF ops]:[L2492][flow][S1] vpf_subdev_close: done
Mar  6 10:51:35 localhost kernel: [58063.250803] [VPF ops]:[L2554][flow] vpf_device_close: done
Mar  6 10:51:35 localhost kernel: [58063.250854] vin sensor0: sensor_frame_end_stop_wait 289911 fe 0ms
Mar  6 10:51:35 localhost kernel: [58063.250860] vin sensor0: sensor_evk_do: finish to doing
Mar  6 10:51:35 localhost kernel: [58063.250864] vin sensor0: sensor_evk_do: doing wait evk abort -512
Mar  6 10:51:35 localhost kernel: [58063.250868] vin sensor0: sensor_detach flow0 link0 from sensor0 
Mar  6 10:51:35 localhost kernel: [58063.250873] vin sensor0:  release client NULL
Mar  6 10:51:35 localhost kernel: [58063.250897] [VPF ops]:[L81][S1][vin2] vpf_wait_vnode_shot: cnt 10
Mar  6 10:51:35 localhost kernel: [58063.250907] [L898][S1]cim_subdev_pre_stop
Mar  6 10:51:35 localhost kernel: [58063.250912] vin sensor1: sensor_stop sc132gs has stoped 
Mar  6 10:51:35 localhost kernel: [58063.250916] vin vcon2: sensor1 stop real done
Mar  6 10:51:35 localhost kernel: [58063.250923] vin mipi2: stop cmd: 0 real
Mar  6 10:51:35 localhost kernel: [58063.250934] [L657]cim_check_exit_state cnt 20 status 0
Mar  6 10:51:35 localhost kernel: [58063.250943] [L849][S1]cim_subdev_stop
Mar  6 10:51:35 localhost kernel: [58063.250946] [CIM]:[L141][S0]cim_video_streamoff done
Mar  6 10:51:35 localhost kernel: [58063.250950] [L1185][S0]vin_node_stop done
Mar  6 10:51:35 localhost kernel: [58063.250953] [VIN_NODE]:[L578][C0]vin_node_video_streamoff done
Mar  6 10:51:35 localhost kernel: [58063.250959] [VPF ops]:[L1554][vin2_src][S1][C0] vpf_video_stop: done start_cnt 1
Mar  6 10:51:35 localhost kernel: [58063.250967] [VPF ops]:[L1554][vin2_cap][S1][C0] vpf_video_stop: done start_cnt 0
Mar  6 10:51:35 localhost kernel: [58063.250972] [VPF ops]:[L154][S1][vin2] vpf_safety_close: sudden close
Mar  6 10:51:35 localhost kernel: [58063.250982] [VPF ops]:[L81][S1][isp0] vpf_wait_vnode_shot: cnt 10
Mar  6 10:51:35 localhost kernel: [58063.250988] [VPF ops]:[L1554][vs-isp0_src][S1][C0] vpf_video_stop: done start_cnt 1
Mar  6 10:51:35 localhost kernel: [58063.250995] isp_video_streamoff inst: 0, set isp state to STOPPED
Mar  6 10:51:35 localhost kernel: [58063.253372] [VPF ops]:[L1554][vs-isp0_cap][S1][C0] vpf_video_stop: done start_cnt 0
Mar  6 10:51:35 localhost kernel: [58063.253390] [VPF ops]:[L154][S1][isp0] vpf_safety_close: sudden close
Mar  6 10:51:35 localhost kernel: [58063.253397] [VPF ops]:[L210][vs-isp0_cap_raw][S1][C0] vpf_vdev_close: refcount 0
Mar  6 10:51:35 localhost kernel: [58063.253405] [VPF ops]:[L2554][vs-isp0_cap_raw] vpf_device_close: done
Mar  6 10:51:35 localhost kernel: [58063.253442] [VPF ops]:[L2492][flow][S0] vpf_subdev_close: done
Mar  6 10:51:35 localhost kernel: [58063.253448] [VPF ops]:[L2554][flow] vpf_device_close: done
Mar  6 10:51:35 localhost kernel: [58063.253476] [VPF ops]:[L210][vs-isp0_cap][S1][C0] vpf_vdev_close: refcount 0
Mar  6 10:51:35 localhost kernel: [58063.253482] isp_nat_close set isp state to CLOSED
Mar  6 10:51:35 localhost kernel: [58063.256463] [VPF ops]:[L2554][vs-isp0_cap] vpf_device_close: done
Mar  6 10:51:35 localhost kernel: [58063.256494] [VPF ops]:[L210][vs-isp0_src_pd][S1][C0] vpf_vdev_close: refcount 0
Mar  6 10:51:35 localhost kernel: [58063.256501] [VPF ops]:[L2554][vs-isp0_src_pd] vpf_device_close: done
Mar  6 10:51:35 localhost kernel: [58063.256509] [VIO node]:[L141][isp0] vio_group_task_stop: done
Mar  6 10:51:35 localhost kernel: [58063.256514] [VPF ops]:[L210][vs-isp0_src][S1][C0] vpf_vdev_close: refcount 0
Mar  6 10:51:35 localhost kernel: [58063.256534] [VPF ops]:[L1732][vs-isp0_src][S1][C0] vpf_chain_del_vnode: done
Mar  6 10:51:35 localhost kernel: [58063.256539] [VPF ops]:[L2554][vs-isp0_src] vpf_device_close: done
Mar  6 10:51:35 localhost kernel: [58063.256554] [VPF ops]:[L81][S0][vin0] vpf_wait_vnode_shot: cnt 10
Mar  6 10:51:35 localhost kernel: [58063.256564] [L898][S0]cim_subdev_pre_stop
Mar  6 10:51:35 localhost kernel: [58063.256573] vin sensor0: sensor_stop  has stoped 
Mar  6 10:51:35 localhost kernel: [58063.256577] vin vcon0: sensor0 stop real done
Mar  6 10:51:35 localhost kernel: [58063.256587] vin mipi0: stop cmd: 0 real
Mar  6 10:51:35 localhost kernel: [58063.256600] [L657]cim_check_exit_state cnt 20 status 0
Mar  6 10:51:35 localhost kernel: [58063.256609] [L849][S0]cim_subdev_stop
Mar  6 10:51:35 localhost kernel: [58063.256612] [CIM]:[L141][S0]cim_video_streamoff done
Mar  6 10:51:35 localhost kernel: [58063.256616] [L1185][S0]vin_node_stop done
Mar  6 10:51:35 localhost kernel: [58063.256620] [VIN_NODE]:[L578][C0]vin_node_video_streamoff done
Mar  6 10:51:35 localhost kernel: [58063.256624] [VPF ops]:[L1554][vin0_src][S0][C0] vpf_video_stop: done start_cnt 1
Mar  6 10:51:35 localhost kernel: [58063.256632] [VPF ops]:[L1554][vin0_cap][S0][C0] vpf_video_stop: done start_cnt 0
Mar  6 10:51:35 localhost kernel: [58063.256637] [VPF ops]:[L154][S0][vin0] vpf_safety_close: sudden close
Mar  6 10:51:35 localhost kernel: [58063.256644] [VPF ops]:[L210][vin0_pdaf][S0][C0] vpf_vdev_close: refcount 0
Mar  6 10:51:35 localhost kernel: [58063.256652] [L1119][S0] cim_subdev_close hw_id = 0, refcount = 0
Mar  6 10:51:35 localhost kernel: [58063.256656] [L1272][S0] cim_close open_cnt 3
Mar  6 10:51:35 localhost kernel: [58063.256660] [CIM]:[L216][S0]cim_video_close done ret:0 
Mar  6 10:51:35 localhost kernel: [58063.256664] [L1319][S0][V12] vin_node_close done
Mar  6 10:51:35 localhost kernel: [58063.256668] [VIN_NODE]:[L718][C0]vin_node_video_close done
Mar  6 10:51:35 localhost kernel: [58063.256672] [VPF ops]:[L2554][vin0_pdaf] vpf_device_close: done
Mar  6 10:51:35 localhost kernel: [58063.256698] [VPF ops]:[L210][vin0_emb][S0][C0] vpf_vdev_close: refcount 0
Mar  6 10:51:35 localhost kernel: [58063.256704] [L1119][S0] cim_subdev_close hw_id = 0, refcount = 0
Mar  6 10:51:35 localhost kernel: [58063.256708] [L1272][S0] cim_close open_cnt 2
Mar  6 10:51:35 localhost kernel: [58063.256711] [CIM]:[L216][S0]cim_video_close done ret:0 
Mar  6 10:51:35 localhost kernel: [58063.256715] [L1319][S0][V11] vin_node_close done
Mar  6 10:51:35 localhost kernel: [58063.256718] [VIN_NODE]:[L718][C0]vin_node_video_close done
Mar  6 10:51:35 localhost kernel: [58063.256722] [VPF ops]:[L2554][vin0_emb] vpf_device_close: done
Mar  6 10:51:35 localhost kernel: [58063.256728] [VPF ops]:[L210][vin0_cap][S0][C0] vpf_vdev_close: refcount 0
Mar  6 10:51:35 localhost kernel: [58063.256733] [L1119][S0] cim_subdev_close hw_id = 0, refcount = 0
Mar  6 10:51:35 localhost kernel: [58063.256737] [L1272][S0] cim_close open_cnt 1
Mar  6 10:51:35 localhost kernel: [58063.256740] [CIM]:[L216][S0]cim_video_close done ret:0 
Mar  6 10:51:35 localhost kernel: [58063.256744] [L1319][S0][V8] vin_node_close done
Mar  6 10:51:35 localhost kernel: [58063.256747] [VIN_NODE]:[L718][C0]vin_node_video_close done
Mar  6 10:51:35 localhost kernel: [58063.256784] [VPF ops]:[L2554][vin0_cap] vpf_device_close: done
Mar  6 10:51:35 localhost kernel: [58063.256804] [VIO node]:[L141][vin0] vio_group_task_stop: done
Mar  6 10:51:35 localhost kernel: [58063.256807] [VPF ops]:[L210][vin0_src][S0][C0] vpf_vdev_close: refcount 0
Mar  6 10:51:35 localhost kernel: [58063.256813] [L1119][S0] cim_subdev_close hw_id = 0, refcount = 0
Mar  6 10:51:35 localhost kernel: [58063.256819] [VPF mgr]:[L478]empty_camsys_reset: empty function
Mar  6 10:51:35 localhost kernel: [58063.256827] hobot-sif 3d020000.sif: sif0 reset done
Mar  6 10:51:35 localhost kernel: [58063.256835] [L1272][S0] cim_close open_cnt 0
Mar  6 10:51:35 localhost kernel: [58063.256838] [CIM]:[L216][S0]cim_video_close done ret:0 
Mar  6 10:51:35 localhost kernel: [58063.256864] vin mipi0: sensor0_mclk set 0 as 24000000
Mar  6 10:51:35 localhost kernel: [58063.256869] vin mipi0: snrclk set disable
Mar  6 10:51:35 localhost kernel: [58063.256874] vin mipi0: deinit cmd: 0 real
Mar  6 10:51:35 localhost kernel: [58063.256880] vin vcon0: get attr valid bus7 rx0 done
Mar  6 10:51:35 localhost kernel: [58063.256888] vin vcon0: flow0.ctx0 detach sensor0 done
Mar  6 10:51:35 localhost kernel: [58063.256892] vin vcon0: vcon0 close 0: flow0 ctx0 real
Mar  6 10:51:35 localhost kernel: [58063.256896] [L1319][S0][V0] vin_node_close done
Mar  6 10:51:35 localhost kernel: [58063.256900] [VIN_NODE]:[L718][C0]vin_node_video_close done
Mar  6 10:51:35 localhost kernel: [58063.256908] [VPF ops]:[L1732][vin0_src][S0][C0] vpf_chain_del_vnode: done
Mar  6 10:51:35 localhost kernel: [58063.256913] [VPF ops]:[L2554][vin0_src] vpf_device_close: done
Mar  6 10:51:35 localhost kernel: [58063.260536] [VPF ops]:[L210][vin2_pdaf][S1][C0] vpf_vdev_close: refcount 0
Mar  6 10:51:35 localhost kernel: [58063.260557] [L1119][S1] cim_subdev_close hw_id = 2, refcount = 0
Mar  6 10:51:35 localhost kernel: [58063.260562] [L1272][S1] cim_close open_cnt 3
Mar  6 10:51:35 localhost kernel: [58063.260565] [CIM]:[L216][S0]cim_video_close done ret:0 
Mar  6 10:51:35 localhost kernel: [58063.260570] [L1319][S0][V12] vin_node_close done
Mar  6 10:51:35 localhost kernel: [58063.260574] [VIN_NODE]:[L718][C0]vin_node_video_close done
Mar  6 10:51:35 localhost kernel: [58063.260579] [VPF ops]:[L2554][vin2_pdaf] vpf_device_close: done
Mar  6 10:51:35 localhost kernel: [58063.260589] [VPF ops]:[L210][vin2_emb][S1][C0] vpf_vdev_close: refcount 0
Mar  6 10:51:35 localhost kernel: [58063.260594] [L1119][S1] cim_subdev_close hw_id = 2, refcount = 0
Mar  6 10:51:35 localhost kernel: [58063.260598] [L1272][S1] cim_close open_cnt 2
Mar  6 10:51:35 localhost kernel: [58063.260601] [CIM]:[L216][S0]cim_video_close done ret:0 
Mar  6 10:51:35 localhost kernel: [58063.260604] [L1319][S0][V11] vin_node_close done
Mar  6 10:51:35 localhost kernel: [58063.260607] [VIN_NODE]:[L718][C0]vin_node_video_close done
Mar  6 10:51:35 localhost kernel: [58063.260611] [VPF ops]:[L2554][vin2_emb] vpf_device_close: done
Mar  6 10:51:35 localhost kernel: [58063.260619] [VPF ops]:[L210][vin2_cap][S1][C0] vpf_vdev_close: refcount 0
Mar  6 10:51:35 localhost kernel: [58063.260624] [L1119][S1] cim_subdev_close hw_id = 2, refcount = 0
Mar  6 10:51:35 localhost kernel: [58063.260628] [L1272][S1] cim_close open_cnt 1
Mar  6 10:51:35 localhost kernel: [58063.260631] [CIM]:[L216][S0]cim_video_close done ret:0 
Mar  6 10:51:35 localhost kernel: [58063.260635] [L1319][S0][V8] vin_node_close done
Mar  6 10:51:35 localhost kernel: [58063.260638] [VIN_NODE]:[L718][C0]vin_node_video_close done
Mar  6 10:51:35 localhost kernel: [58063.261049] [VPF ops]:[L2554][vin2_cap] vpf_device_close: done
Mar  6 10:51:35 localhost kernel: [58063.261059] [VIO node]:[L141][vin2] vio_group_task_stop: done
Mar  6 10:51:35 localhost kernel: [58063.261064] [VPF ops]:[L210][vin2_src][S1][C0] vpf_vdev_close: refcount 0
Mar  6 10:51:35 localhost kernel: [58063.261069] [L1119][S1] cim_subdev_close hw_id = 2, refcount = 0
Mar  6 10:51:35 localhost kernel: [58063.261076] [VPF mgr]:[L478]empty_camsys_reset: empty function
Mar  6 10:51:35 localhost kernel: [58063.261084] hobot-sif 3d040000.sif: sif2 reset done
Mar  6 10:51:35 localhost kernel: [58063.261101] [L1272][S1] cim_close open_cnt 0
Mar  6 10:51:35 localhost kernel: [58063.261105] [CIM]:[L216][S0]cim_video_close done ret:0 
Mar  6 10:51:35 localhost kernel: [58063.261132] vin mipi2: sensor2_mclk set 0 as 24000000
Mar  6 10:51:35 localhost kernel: [58063.261137] vin mipi2: snrclk set disable
Mar  6 10:51:35 localhost kernel: [58063.261142] vin mipi2: deinit cmd: 0 real
Mar  6 10:51:35 localhost kernel: [58063.261150] vin vcon2: get attr valid bus7 rx2 done
Mar  6 10:51:35 localhost kernel: [58063.261164] vin vcon2: flow1.ctx0 detach sensor1 done
Mar  6 10:51:35 localhost kernel: [58063.261168] vin vcon2: vcon2 close 0: flow1 ctx0 real
Mar  6 10:51:35 localhost kernel: [58063.261172] [L1319][S0][V0] vin_node_close done
Mar  6 10:51:35 localhost kernel: [58063.261176] [VIN_NODE]:[L718][C0]vin_node_video_close done
Mar  6 10:51:35 localhost kernel: [58063.261187] [VPF ops]:[L1732][vin2_src][S1][C0] vpf_chain_del_vnode: done
Mar  6 10:51:35 localhost kernel: [58063.261191] [VPF ops]:[L2554][vin2_src] vpf_device_close: done
Mar  6 10:52:18 localhost kernel: [58106.737138] EXT4-fs (mmcblk0p10): re-mounted. Quota mode: disabled.
Mar  6 10:51:09 localhost kernel: [58118.485132] [VPF mgr]:[L478]empty_camsys_reset: empty function
Mar  6 10:51:09 localhost kernel: [58118.485609] [L1228]cim_open open_cnt :1
Mar  6 10:51:09 localhost kernel: [58118.485631] [CIM]:[L192][S0]cim_video_open done ret val:0
Mar  6 10:51:09 localhost kernel: [58118.485636] [L1227][S0]vin_node_open done
Mar  6 10:51:09 localhost kernel: [58118.485641] [VIN_NODE]:[L694][C0]vin_node_video_open done
Mar  6 10:51:09 localhost kernel: [58118.485645] [VPF ops]:[L2575][vin2_src] vpf_device_open: done
Mar  6 10:51:09 localhost kernel: [58118.485706] [L1228]cim_open open_cnt :2
Mar  6 10:51:09 localhost kernel: [58118.485711] [CIM]:[L192][S0]cim_video_open done ret val:0
Mar  6 10:51:09 localhost kernel: [58118.485714] [L1227][S0]vin_node_open done
Mar  6 10:51:09 localhost kernel: [58118.485718] [VIN_NODE]:[L694][C0]vin_node_video_open done
Mar  6 10:51:09 localhost kernel: [58118.485721] [VPF ops]:[L2575][vin2_cap] vpf_device_open: done
Mar  6 10:51:09 localhost kernel: [58118.485736] [L1228]cim_open open_cnt :3
Mar  6 10:51:09 localhost kernel: [58118.485739] [CIM]:[L192][S0]cim_video_open done ret val:0
Mar  6 10:51:09 localhost kernel: [58118.485743] [L1227][S0]vin_node_open done
Mar  6 10:51:09 localhost kernel: [58118.485746] [VIN_NODE]:[L694][C0]vin_node_video_open done
Mar  6 10:51:09 localhost kernel: [58118.485749] [VPF ops]:[L2575][vin2_emb] vpf_device_open: done
Mar  6 10:51:09 localhost kernel: [58118.485761] [L1228]cim_open open_cnt :4
Mar  6 10:51:09 localhost kernel: [58118.485764] [CIM]:[L192][S0]cim_video_open done ret val:0
Mar  6 10:51:09 localhost kernel: [58118.485768] [L1227][S0]vin_node_open done
Mar  6 10:51:09 localhost kernel: [58118.485771] [VIN_NODE]:[L694][C0]vin_node_video_open done
Mar  6 10:51:09 localhost kernel: [58118.485775] [VPF ops]:[L2575][vin2_pdaf] vpf_device_open: done
Mar  6 10:51:09 localhost kernel: [58118.485951] [VPF ops]:[L439][vin2_src][C0] vpf_vctx_bind_vdev: done, ctx_index(0) refcount(1)
Mar  6 10:51:09 localhost kernel: [58118.485963] [VPF ops]:[L1875][vin2_src][C0] vpf_video_bind_context: done
Mar  6 10:51:09 localhost kernel: [58118.485970] [VPF ops]:[L439][vin2_cap][C0] vpf_vctx_bind_vdev: done, ctx_index(0) refcount(1)
Mar  6 10:51:09 localhost kernel: [58118.485975] [VPF ops]:[L1875][vin2_cap][C0] vpf_video_bind_context: done
Mar  6 10:51:09 localhost kernel: [58118.485981] [VPF ops]:[L439][vin2_emb][C0] vpf_vctx_bind_vdev: done, ctx_index(0) refcount(1)
Mar  6 10:51:09 localhost kernel: [58118.485986] [VPF ops]:[L1875][vin2_emb][C0] vpf_video_bind_context: done
Mar  6 10:51:09 localhost kernel: [58118.485991] [VPF ops]:[L439][vin2_pdaf][C0] vpf_vctx_bind_vdev: done, ctx_index(0) refcount(1)
Mar  6 10:51:09 localhost kernel: [58118.485996] [VPF ops]:[L1875][vin2_pdaf][C0] vpf_video_bind_context: done
Mar  6 10:51:09 localhost kernel: [58118.486025] [VIN_NODE]:[L38]The vin node driver version is v1.1
Mar  6 10:51:09 localhost kernel: [58118.486028] [VPF ops]:[L1031][vin2_src][C0] vpf_video_get_version: done
Mar  6 10:51:09 localhost kernel: [58118.486067] [VPF ops]:[L1079][vin2_src][C0] vpf_video_get_struct_size: done
Mar  6 10:51:09 localhost kernel: [58118.486084] [CIM]:[L247][C0]cim_video_set_attr done ret val:0
Mar  6 10:51:09 localhost kernel: [58118.486089] [L423][C0] vin_node_set_attr ipi 0 done
Mar  6 10:51:09 localhost kernel: [58118.486092] [VIN_NODE]:[L239][C0]vin_node_video_set_attr done
Mar  6 10:51:09 localhost kernel: [58118.486096] [VPF ops]:[L689][vin2_cap][C0] vpf_video_set_init_attr: done
Mar  6 10:51:09 localhost kernel: [58118.486104] vin vcon2: vcon2 open 0: flow65535 ctx0 real
Mar  6 10:51:09 localhost kernel: [58118.486110] [L624][S65535][C0][ipi0]cim_subdev_init hw_id = 2
Mar  6 10:51:09 localhost kernel: [58118.486115] [CIM]:[L247][C0]cim_video_set_attr done ret val:0
Mar  6 10:51:09 localhost kernel: [58118.486120] vin vcon2: get attr valid bus7 rx2 done
Mar  6 10:51:09 localhost kernel: [58118.486132] [L423][C0] vin_node_set_attr ipi 0 done
Mar  6 10:51:09 localhost kernel: [58118.486141] [VIN_NODE]:[L239][C0]vin_node_video_set_attr done
Mar  6 10:51:09 localhost kernel: [58118.486146] [VIO node]:[L104][vin2] vio_group_task_start: sched_mode 1
Mar  6 10:51:09 localhost kernel: [58118.486150] [VPF ops]:[L689][vin2_src][C0] vpf_video_set_init_attr: done
Mar  6 10:51:09 localhost kernel: [58118.486155] [CIM]:[L247][C0]cim_video_set_attr done ret val:0
Mar  6 10:51:09 localhost kernel: [58118.486159] [L423][C0] vin_node_set_attr ipi 0 done
Mar  6 10:51:09 localhost kernel: [58118.486162] [VIN_NODE]:[L239][C0]vin_node_video_set_attr done
Mar  6 10:51:09 localhost kernel: [58118.486166] [VPF ops]:[L689][vin2_emb][C0] vpf_video_set_init_attr: done
Mar  6 10:51:09 localhost kernel: [58118.486171] [CIM]:[L247][C0]cim_video_set_attr done ret val:0
Mar  6 10:51:09 localhost kernel: [58118.486175] [L423][C0] vin_node_set_attr ipi 0 done
Mar  6 10:51:09 localhost kernel: [58118.486178] [VIN_NODE]:[L239][C0]vin_node_video_set_attr done
Mar  6 10:51:09 localhost kernel: [58118.486181] [VPF ops]:[L689][vin2_pdaf][C0] vpf_video_set_init_attr: done
Mar  6 10:51:09 localhost kernel: [58118.486196] [VPF ops]:[L1079][vin2_src][C0] vpf_video_get_struct_size: done
Mar  6 10:51:09 localhost kernel: [58118.486212] [L709][S65535] vin_node_set_ichn_attr begin format 43 width 1088 
Mar  6 10:51:09 localhost kernel: [58118.486220] [L527][S0][ipi0]cim_set_ichn_attr done
Mar  6 10:51:09 localhost kernel: [58118.486224] [CIM]:[L309][S0]cim_video_set_ichn_attr done ret val:0
Mar  6 10:51:09 localhost kernel: [58118.486228] [L724][S0]vin_node_set_ichn_attr done
Mar  6 10:51:09 localhost kernel: [58118.486231] [VIN_NODE]:[L427][C0]vin_node_video_set_ichn_attr done
Mar  6 10:51:09 localhost kernel: [58118.486237] [L1023][S0] vin_node_reqbufs done bit_map 0x1 planecount 1 
Mar  6 10:51:09 localhost kernel: [58118.486242] [VIN_NODE]:[L743][C0]vin_node_video_reqbufs done
Mar  6 10:51:09 localhost kernel: [58118.486253] [VPF ops]:[L1193][F0] vpf_fill_frame_info: L0 use width instead of wstride
Mar  6 10:51:09 localhost kernel: [58118.486257] [VPF ops]:[L1197][F0] vpf_fill_frame_info: L0 use height instead of vstride
Mar  6 10:51:09 localhost kernel: [58118.486262] [VPF ops]:[L1193][F1] vpf_fill_frame_info: L0 use width instead of wstride
Mar  6 10:51:09 localhost kernel: [58118.486266] [VPF ops]:[L1197][F1] vpf_fill_frame_info: L0 use height instead of vstride
Mar  6 10:51:09 localhost kernel: [58118.486270] [VPF ops]:[L1193][F2] vpf_fill_frame_info: L0 use width instead of wstride
Mar  6 10:51:09 localhost kernel: [58118.486274] [VPF ops]:[L1197][F2] vpf_fill_frame_info: L0 use height instead of vstride
Mar  6 10:51:09 localhost kernel: [58118.486278] [VPF ops]:[L1193][F3] vpf_fill_frame_info: L0 use width instead of wstride
Mar  6 10:51:09 localhost kernel: [58118.486282] [VPF ops]:[L1197][F3] vpf_fill_frame_info: L0 use height instead of vstride
Mar  6 10:51:09 localhost kernel: [58118.486286] [VPF ops]:[L1193][F4] vpf_fill_frame_info: L0 use width instead of wstride
Mar  6 10:51:09 localhost kernel: [58118.486290] [VPF ops]:[L1197][F4] vpf_fill_frame_info: L0 use height instead of vstride
Mar  6 10:51:09 localhost kernel: [58118.486294] [VPF ops]:[L1193][F5] vpf_fill_frame_info: L0 use width instead of wstride
Mar  6 10:51:09 localhost kernel: [58118.486298] [VPF ops]:[L1197][F5] vpf_fill_frame_info: L0 use height instead of vstride
Mar  6 10:51:09 localhost kernel: [58118.486302] [VPF ops]:[L1193][F6] vpf_fill_frame_info: L0 use width instead of wstride
Mar  6 10:51:09 localhost kernel: [58118.486305] [VPF ops]:[L1197][F6] vpf_fill_frame_info: L0 use height instead of vstride
Mar  6 10:51:09 localhost kernel: [58118.486309] [VPF ops]:[L1193][F7] vpf_fill_frame_info: L0 use width instead of wstride
Mar  6 10:51:09 localhost kernel: [58118.486313] [VPF ops]:[L1197][F7] vpf_fill_frame_info: L0 use height instead of vstride
Mar  6 10:51:09 localhost kernel: [58118.486316] [VPF ops]:[L1193][F8] vpf_fill_frame_info: L0 use width instead of wstride
Mar  6 10:51:09 localhost kernel: [58118.486320] [VPF ops]:[L1197][F8] vpf_fill_frame_info: L0 use height instead of vstride
Mar  6 10:51:09 localhost kernel: [58118.486324] [VPF ops]:[L1193][F9] vpf_fill_frame_info: L0 use width instead of wstride
Mar  6 10:51:09 localhost kernel: [58118.486328] [VPF ops]:[L1197][F9] vpf_fill_frame_info: L0 use height instead of vstride
Mar  6 10:51:09 localhost kernel: [58118.486332] [VPF ops]:[L1193][F10] vpf_fill_frame_info: L0 use width instead of wstride
Mar  6 10:51:09 localhost kernel: [58118.486335] [VPF ops]:[L1197][F10] vpf_fill_frame_info: L0 use height instead of vstride
Mar  6 10:51:09 localhost kernel: [58118.486341] [VPF ops]:[L1193][F11] vpf_fill_frame_info: L0 use width instead of wstride
Mar  6 10:51:09 localhost kernel: [58118.486345] [VPF ops]:[L1197][F11] vpf_fill_frame_info: L0 use height instead of vstride
Mar  6 10:51:09 localhost kernel: [58118.486349] [VPF ops]:[L1193][F12] vpf_fill_frame_info: L0 use width instead of wstride
Mar  6 10:51:09 localhost kernel: [58118.486352] [VPF ops]:[L1197][F12] vpf_fill_frame_info: L0 use height instead of vstride
Mar  6 10:51:09 localhost kernel: [58118.486356] [VPF ops]:[L1193][F13] vpf_fill_frame_info: L0 use width instead of wstride
Mar  6 10:51:09 localhost kernel: [58118.486360] [VPF ops]:[L1197][F13] vpf_fill_frame_info: L0 use height instead of vstride
Mar  6 10:51:09 localhost kernel: [58118.486365] [VPF ops]:[L1193][F14] vpf_fill_frame_info: L0 use width instead of wstride
Mar  6 10:51:09 localhost kernel: [58118.486369] [VPF ops]:[L1197][F14] vpf_fill_frame_info: L0 use height instead of vstride
Mar  6 10:51:09 localhost kernel: [58118.486372] [VPF ops]:[L1193][F15] vpf_fill_frame_info: L0 use width instead of wstride
Mar  6 10:51:09 localhost kernel: [58118.486376] [VPF ops]:[L1197][F15] vpf_fill_frame_info: L0 use height instead of vstride
Mar  6 10:51:09 localhost kernel: [58118.486380] [VPF ops]:[L1325][vin2_src][C0] vpf_request_frames: reqbuf number 16
Mar  6 10:51:09 localhost kernel: [58118.486384] [VPF ops]:[L850][vin2_src][C0] vpf_video_set_ichn_attr: done
Mar  6 10:51:09 localhost kernel: [58118.486401] [VPF ops]:[L1079][vin2_src][C0] vpf_video_get_struct_size: done
Mar  6 10:51:09 localhost kernel: [58118.486417] [L236][S0] ochn0 auto calc vstride 1280
Mar  6 10:51:09 localhost kernel: [58118.486424] [L160]vin_basic_attr->format:43
Mar  6 10:51:09 localhost kernel: [58118.486428] [L425][S0][ipi0][ochn0]cim_set_ochn_attr done
Mar  6 10:51:09 localhost kernel: [58118.486432] [CIM]:[L340][S0]cim_video_set_ochn_attr done ret val:0
Mar  6 10:51:09 localhost kernel: [58118.486436] [L652][S0]vin_node_set_ochn_attr done
Mar  6 10:51:09 localhost kernel: [58118.486439] [VIN_NODE]:[L364][C0]vin_node_video_set_ochn_attr done
Mar  6 10:51:09 localhost kernel: [58118.486443] [L975]VNODE_ID_CAP wstride 2176
Mar  6 10:51:09 localhost kernel: [58118.486446] [L977]VNODE_ID_CAP vstride 1280
Mar  6 10:51:09 localhost kernel: [58118.486449] [L981]vstride 1280  planecount 1 
Mar  6 10:51:09 localhost kernel: [58118.486453] [L1023][S0] vin_node_reqbufs done bit_map 0x1 planecount 1 
Mar  6 10:51:09 localhost kernel: [58118.486456] [VIN_NODE]:[L743][C0]vin_node_video_reqbufs done
Mar  6 10:51:09 localhost kernel: [58118.486474] [VPF ops]:[L1325][vin2_cap][C0] vpf_request_frames: reqbuf number 16
Mar  6 10:51:09 localhost kernel: [58118.486479] [VPF ops]:[L978][vin2_cap][C0] vpf_video_set_ochn_attr: done
Mar  6 10:51:09 localhost kernel: [58118.486495] [VPF ops]:[L1079][vin2_src][C0] vpf_video_get_struct_size: done
Mar  6 10:51:09 localhost kernel: [58118.486513] vin mipi2: snrclk set freq cmd
Mar  6 10:51:09 localhost kernel: [58118.486528] vin mipi2: sensor2_mclk set 24000000 as 24000000
Mar  6 10:51:09 localhost kernel: [58118.486533] vin mipi2: snrclk set en cmd
Mar  6 10:51:09 localhost kernel: [58118.486536] vin mipi2: snrclk set enable
Mar  6 10:51:09 localhost kernel: [58118.486554] [L517][S0]vin_node_set_attr_ex done
Mar  6 10:51:09 localhost kernel: [58118.486558] [VIN_NODE]:[L324][C0]vin_node_video_set_attr_ex done
Mar  6 10:51:09 localhost kernel: [58118.486561] [VPF ops]:[L763][vin2_src][C0] vpf_video_set_attr_ex: done
Mar  6 10:51:09 localhost kernel: [58118.486566] [L517][S0]vin_node_set_attr_ex done
Mar  6 10:51:09 localhost kernel: [58118.486569] [VIN_NODE]:[L324][C0]vin_node_video_set_attr_ex done
Mar  6 10:51:09 localhost kernel: [58118.486573] [VPF ops]:[L763][vin2_cap][C0] vpf_video_set_attr_ex: done
Mar  6 10:51:09 localhost kernel: [58118.486594] [L975]VNODE_ID_CAP wstride 2176
Mar  6 10:51:09 localhost kernel: [58118.486598] [L977]VNODE_ID_CAP vstride 1280
Mar  6 10:51:09 localhost kernel: [58118.486601] [L981]vstride 1280  planecount 1 
Mar  6 10:51:09 localhost kernel: [58118.486604] [L1023][S0] vin_node_reqbufs done bit_map 0x1 planecount 1 
Mar  6 10:51:09 localhost kernel: [58118.486609] [VIN_NODE]:[L743][C0]vin_node_video_reqbufs done
Mar  6 10:51:09 localhost kernel: [58118.486618] [VPF ops]:[L1325][vin2_cap][C0] vpf_request_frames: reqbuf number 3
Mar  6 10:51:09 localhost kernel: [58118.486736] [VPF ops]:[L1464][vin2_cap][C0] vpf_video_reqbufs: done
Mar  6 10:51:09 localhost kernel: [58118.550185] [VPF ops]:[L2066][vin2_cap][C0] vpf_video_querybuf: done
Mar  6 10:51:09 localhost kernel: [58118.550434] [VPF ops]:[L2066][vin2_cap][C0] vpf_video_querybuf: done
Mar  6 10:51:09 localhost kernel: [58118.550505] [VPF ops]:[L2066][vin2_cap][C0] vpf_video_querybuf: done
Mar  6 10:51:09 localhost kernel: [58118.550640] [VPF ops]:[L2575][vs-isp0_src] vpf_device_open: done
Mar  6 10:51:09 localhost kernel: [58118.550656] [VPF ops]:[L2575][vs-isp0_src_pd] vpf_device_open: done
Mar  6 10:51:09 localhost kernel: [58118.551807] [VPF ops]:[L2575][vs-isp0_cap] vpf_device_open: done
Mar  6 10:51:09 localhost kernel: [58118.551833] [VPF ops]:[L2575][vs-isp0_cap_raw] vpf_device_open: done
Mar  6 10:51:09 localhost kernel: [58118.551843] [VPF ops]:[L439][vs-isp0_src][C0] vpf_vctx_bind_vdev: done, ctx_index(0) refcount(1)
Mar  6 10:51:09 localhost kernel: [58118.551850] [VPF ops]:[L1875][vs-isp0_src][C0] vpf_video_bind_context: done
Mar  6 10:51:09 localhost kernel: [58118.551856] [VPF ops]:[L439][vs-isp0_src_pd][C0] vpf_vctx_bind_vdev: done, ctx_index(0) refcount(1)
Mar  6 10:51:09 localhost kernel: [58118.551861] [VPF ops]:[L1875][vs-isp0_src_pd][C0] vpf_video_bind_context: done
Mar  6 10:51:09 localhost kernel: [58118.551867] [VPF ops]:[L439][vs-isp0_cap][C0] vpf_vctx_bind_vdev: done, ctx_index(0) refcount(1)
Mar  6 10:51:09 localhost kernel: [58118.551872] [VPF ops]:[L1875][vs-isp0_cap][C0] vpf_video_bind_context: done
Mar  6 10:51:09 localhost kernel: [58118.551877] [VPF ops]:[L439][vs-isp0_cap_raw][C0] vpf_vctx_bind_vdev: done, ctx_index(0) refcount(1)
Mar  6 10:51:09 localhost kernel: [58118.551881] [VPF ops]:[L1875][vs-isp0_cap_raw][C0] vpf_video_bind_context: done
Mar  6 10:51:09 localhost kernel: [58118.551892] [VPF ops]:[L1079][vs-isp0_src][C0] vpf_video_get_struct_size: done
Mar  6 10:51:09 localhost kernel: [58118.551900] [VPF ops]:[L689][vs-isp0_cap][C0] vpf_video_set_init_attr: done
Mar  6 10:51:09 localhost kernel: [58118.555068] [VIO node]:[L104][isp0] vio_group_task_start: sched_mode 1
Mar  6 10:51:09 localhost kernel: [58118.555091] [VPF ops]:[L689][vs-isp0_src][C0] vpf_video_set_init_attr: done
Mar  6 10:51:09 localhost kernel: [58118.555113] [VPF ops]:[L689][vs-isp0_src_pd][C0] vpf_video_set_init_attr: done
Mar  6 10:51:09 localhost kernel: [58118.555120] [VPF ops]:[L689][vs-isp0_cap_raw][C0] vpf_video_set_init_attr: done
Mar  6 10:51:09 localhost kernel: [58118.555135] [VPF ops]:[L1079][vs-isp0_src][C0] vpf_video_get_struct_size: done
Mar  6 10:51:09 localhost kernel: [58118.555150] isp_set_ochn_attr format=6,width=1088,stride=1088,height=1280
Mar  6 10:51:09 localhost kernel: [58118.555547] isp_video_reqbufs done bit_map 0x1 planecount 2 vctx->id:8
Mar  6 10:51:09 localhost kernel: [58118.555579] [VPF ops]:[L1325][vs-isp0_cap][C0] vpf_request_frames: reqbuf number 16
Mar  6 10:51:09 localhost kernel: [58118.555586] [VPF ops]:[L978][vs-isp0_cap][C0] vpf_video_set_ochn_attr: done
Mar  6 10:51:09 localhost kernel: [58118.555608] [VPF ops]:[L1079][vs-isp0_src][C0] vpf_video_get_struct_size: done
Mar  6 10:51:09 localhost kernel: [58118.555617] isp_video_set_ichn_attr format=2,width=1088,stride=2176,height=1280,hdr_en=0
Mar  6 10:51:09 localhost kernel: [58118.555675] isp_video_reqbufs done bit_map 0x1 planecount 1 vctx->id:0
Mar  6 10:51:09 localhost kernel: [58118.555689] [VPF ops]:[L1325][vs-isp0_src][C0] vpf_request_frames: reqbuf number 16
Mar  6 10:51:09 localhost kernel: [58118.555694] [VPF ops]:[L850][vs-isp0_src][C0] vpf_video_set_ichn_attr: done
Mar  6 10:51:09 localhost kernel: [58118.555704] isp_video_reqbufs done bit_map 0x1 planecount 2 vctx->id:8
Mar  6 10:51:09 localhost kernel: [58118.555716] [VPF ops]:[L1325][vs-isp0_cap][C0] vpf_request_frames: reqbuf number 3
Mar  6 10:51:09 localhost kernel: [58118.555830] [VPF ops]:[L1464][vs-isp0_cap][C0] vpf_video_reqbufs: done
Mar  6 10:51:09 localhost kernel: [58118.555849] [VPF ops]:[L2066][vs-isp0_cap][C0] vpf_video_querybuf: done
Mar  6 10:51:09 localhost kernel: [58118.556045] [VPF ops]:[L2066][vs-isp0_cap][C0] vpf_video_querybuf: done
Mar  6 10:51:09 localhost kernel: [58118.556157] [VPF ops]:[L2066][vs-isp0_cap][C0] vpf_video_querybuf: done
Mar  6 10:51:09 localhost kernel: [58118.556345] [VPF ops]:[L2575][flow] vpf_device_open: done
Mar  6 10:51:09 localhost kernel: [58118.556357] [VPF ops]:[L1031][flow][C0] vpf_video_get_version: done
Mar  6 10:51:09 localhost kernel: [58118.556376] [VPF ops]:[L360][S0] vpf_bind_chain: bind done
Mar  6 10:51:09 localhost kernel: [58118.556384] [VPF ops]:[L2223][flow][C0] vpf_video_bind_pipeline: done
Mar  6 10:51:09 localhost kernel: [58118.556421] [VPF ops]:[L1685][vin2_src][S0][C0] vpf_chain_add_vnode: done
Mar  6 10:51:09 localhost kernel: [58118.556425] [VPF ops]:[L1825][vin2_src][C0] vpf_video_add_vnode: done
Mar  6 10:51:09 localhost kernel: [58118.556438] [VPF ops]:[L1685][vs-isp0_src][S0][C0] vpf_chain_add_vnode: done
Mar  6 10:51:09 localhost kernel: [58118.556442] [VPF ops]:[L1825][vs-isp0_src][C0] vpf_video_add_vnode: done
Mar  6 10:51:09 localhost kernel: [58118.556686] [CIM]:[L419][S0]cim_video_get_attr done ret val:0
Mar  6 10:51:09 localhost kernel: [58118.556695] vin vcon2: get attr valid bus7 rx2 done
Mar  6 10:51:09 localhost kernel: [58118.556700] [L306][S0]vin_node_get_attr done
Mar  6 10:51:09 localhost kernel: [58118.556705] [VIN_NODE]:[L286][C0]vin_node_video_get_attr done
Mar  6 10:51:09 localhost kernel: [58118.557075] vin sensor0: camera_init_req cmd: initing
Mar  6 10:51:09 localhost kernel: [58118.626531] [VPF mgr]:[L478]empty_camsys_reset: empty function
Mar  6 10:51:09 localhost kernel: [58118.626552] [L1228]cim_open open_cnt :1
Mar  6 10:51:09 localhost kernel: [58118.626556] [CIM]:[L192][S0]cim_video_open done ret val:0
Mar  6 10:51:09 localhost kernel: [58118.626561] [L1227][S0]vin_node_open done
Mar  6 10:51:09 localhost kernel: [58118.626565] [VIN_NODE]:[L694][C0]vin_node_video_open done
Mar  6 10:51:09 localhost kernel: [58118.626569] [VPF ops]:[L2575][vin0_src] vpf_device_open: done
Mar  6 10:51:09 localhost kernel: [58118.626587] [L1228]cim_open open_cnt :2
Mar  6 10:51:09 localhost kernel: [58118.626590] [CIM]:[L192][S0]cim_video_open done ret val:0
Mar  6 10:51:09 localhost kernel: [58118.626594] [L1227][S0]vin_node_open done
Mar  6 10:51:09 localhost kernel: [58118.626598] [VIN_NODE]:[L694][C0]vin_node_video_open done
Mar  6 10:51:09 localhost kernel: [58118.626601] [VPF ops]:[L2575][vin0_cap] vpf_device_open: done
Mar  6 10:51:09 localhost kernel: [58118.626613] [L1228]cim_open open_cnt :3
Mar  6 10:51:09 localhost kernel: [58118.626616] [CIM]:[L192][S0]cim_video_open done ret val:0
Mar  6 10:51:09 localhost kernel: [58118.626619] [L1227][S0]vin_node_open done
Mar  6 10:51:09 localhost kernel: [58118.626623] [VIN_NODE]:[L694][C0]vin_node_video_open done
Mar  6 10:51:09 localhost kernel: [58118.626626] [VPF ops]:[L2575][vin0_emb] vpf_device_open: done
Mar  6 10:51:09 localhost kernel: [58118.626637] [L1228]cim_open open_cnt :4
Mar  6 10:51:09 localhost kernel: [58118.626641] [CIM]:[L192][S0]cim_video_open done ret val:0
Mar  6 10:51:09 localhost kernel: [58118.626644] [L1227][S0]vin_node_open done
Mar  6 10:51:09 localhost kernel: [58118.626648] [VIN_NODE]:[L694][C0]vin_node_video_open done
Mar  6 10:51:09 localhost kernel: [58118.626651] [VPF ops]:[L2575][vin0_pdaf] vpf_device_open: done
Mar  6 10:51:09 localhost kernel: [58118.626661] [VPF ops]:[L439][vin0_src][C0] vpf_vctx_bind_vdev: done, ctx_index(0) refcount(1)
Mar  6 10:51:09 localhost kernel: [58118.626668] [VPF ops]:[L1875][vin0_src][C0] vpf_video_bind_context: done
Mar  6 10:51:09 localhost kernel: [58118.626674] [VPF ops]:[L439][vin0_cap][C0] vpf_vctx_bind_vdev: done, ctx_index(0) refcount(1)
Mar  6 10:51:09 localhost kernel: [58118.626678] [VPF ops]:[L1875][vin0_cap][C0] vpf_video_bind_context: done
Mar  6 10:51:09 localhost kernel: [58118.626684] [VPF ops]:[L439][vin0_emb][C0] vpf_vctx_bind_vdev: done, ctx_index(0) refcount(1)
Mar  6 10:51:09 localhost kernel: [58118.626688] [VPF ops]:[L1875][vin0_emb][C0] vpf_video_bind_context: done
Mar  6 10:51:09 localhost kernel: [58118.626693] [VPF ops]:[L439][vin0_pdaf][C0] vpf_vctx_bind_vdev: done, ctx_index(0) refcount(1)
Mar  6 10:51:09 localhost kernel: [58118.626698] [VPF ops]:[L1875][vin0_pdaf][C0] vpf_video_bind_context: done
Mar  6 10:51:09 localhost kernel: [58118.626703] [VIN_NODE]:[L38]The vin node driver version is v1.1
Mar  6 10:51:09 localhost kernel: [58118.626707] [VPF ops]:[L1031][vin0_src][C0] vpf_video_get_version: done
Mar  6 10:51:09 localhost kernel: [58118.626716] [VPF ops]:[L1079][vin0_src][C0] vpf_video_get_struct_size: done
Mar  6 10:51:09 localhost kernel: [58118.626725] [CIM]:[L247][C0]cim_video_set_attr done ret val:0
Mar  6 10:51:09 localhost kernel: [58118.626729] [L423][C0] vin_node_set_attr ipi 0 done
Mar  6 10:51:09 localhost kernel: [58118.626733] [VIN_NODE]:[L239][C0]vin_node_video_set_attr done
Mar  6 10:51:09 localhost kernel: [58118.626737] [VPF ops]:[L689][vin0_cap][C0] vpf_video_set_init_attr: done
Mar  6 10:51:09 localhost kernel: [58118.626745] vin vcon0: vcon0 open 0: flow65535 ctx0 real
Mar  6 10:51:09 localhost kernel: [58118.626750] [L624][S65535][C0][ipi0]cim_subdev_init hw_id = 0
Mar  6 10:51:09 localhost kernel: [58118.626755] [CIM]:[L247][C0]cim_video_set_attr done ret val:0
Mar  6 10:51:09 localhost kernel: [58118.626760] vin vcon0: get attr valid bus7 rx0 done
Mar  6 10:51:09 localhost kernel: [58118.626765] [L423][C0] vin_node_set_attr ipi 0 done
Mar  6 10:51:09 localhost kernel: [58118.626768] [VIN_NODE]:[L239][C0]vin_node_video_set_attr done
Mar  6 10:51:09 localhost kernel: [58118.626772] [VIO node]:[L104][vin0] vio_group_task_start: sched_mode 1
Mar  6 10:51:09 localhost kernel: [58118.626776] [VPF ops]:[L689][vin0_src][C0] vpf_video_set_init_attr: done
Mar  6 10:51:09 localhost kernel: [58118.626782] [CIM]:[L247][C0]cim_video_set_attr done ret val:0
Mar  6 10:51:09 localhost kernel: [58118.626785] [L423][C0] vin_node_set_attr ipi 0 done
Mar  6 10:51:09 localhost kernel: [58118.626789] [VIN_NODE]:[L239][C0]vin_node_video_set_attr done
Mar  6 10:51:09 localhost kernel: [58118.626792] [VPF ops]:[L689][vin0_emb][C0] vpf_video_set_init_attr: done
Mar  6 10:51:09 localhost kernel: [58118.626797] [CIM]:[L247][C0]cim_video_set_attr done ret val:0
Mar  6 10:51:09 localhost kernel: [58118.626800] [L423][C0] vin_node_set_attr ipi 0 done
Mar  6 10:51:09 localhost kernel: [58118.626804] [VIN_NODE]:[L239][C0]vin_node_video_set_attr done
Mar  6 10:51:09 localhost kernel: [58118.626807] [VPF ops]:[L689][vin0_pdaf][C0] vpf_video_set_init_attr: done
Mar  6 10:51:09 localhost kernel: [58118.626812] [VPF ops]:[L1079][vin0_src][C0] vpf_video_get_struct_size: done
Mar  6 10:51:09 localhost kernel: [58118.626819] [L709][S65535] vin_node_set_ichn_attr begin format 30 width 640 
Mar  6 10:51:09 localhost kernel: [58118.626826] [L527][S0][ipi0]cim_set_ichn_attr done
Mar  6 10:51:09 localhost kernel: [58118.626830] [CIM]:[L309][S0]cim_video_set_ichn_attr done ret val:0
Mar  6 10:51:09 localhost kernel: [58118.626835] [L724][S0]vin_node_set_ichn_attr done
Mar  6 10:51:09 localhost kernel: [58118.626838] [VIN_NODE]:[L427][C0]vin_node_video_set_ichn_attr done
Mar  6 10:51:09 localhost kernel: [58118.626843] [L1023][S0] vin_node_reqbufs done bit_map 0x1 planecount 0 
Mar  6 10:51:09 localhost kernel: [58118.626848] [VIN_NODE]:[L743][C0]vin_node_video_reqbufs done
Mar  6 10:51:09 localhost kernel: [58118.626868] [VPF ops]:[L1193][F0] vpf_fill_frame_info: L0 use width instead of wstride
Mar  6 10:51:09 localhost kernel: [58118.626873] [VPF ops]:[L1197][F0] vpf_fill_frame_info: L0 use height instead of vstride
Mar  6 10:51:09 localhost kernel: [58118.626877] [VPF ops]:[L1193][F1] vpf_fill_frame_info: L0 use width instead of wstride
Mar  6 10:51:09 localhost kernel: [58118.626881] [VPF ops]:[L1197][F1] vpf_fill_frame_info: L0 use height instead of vstride
Mar  6 10:51:09 localhost kernel: [58118.626885] [VPF ops]:[L1193][F2] vpf_fill_frame_info: L0 use width instead of wstride
Mar  6 10:51:09 localhost kernel: [58118.626889] [VPF ops]:[L1197][F2] vpf_fill_frame_info: L0 use height instead of vstride
Mar  6 10:51:09 localhost kernel: [58118.626893] [VPF ops]:[L1193][F3] vpf_fill_frame_info: L0 use width instead of wstride
Mar  6 10:51:09 localhost kernel: [58118.626896] [VPF ops]:[L1197][F3] vpf_fill_frame_info: L0 use height instead of vstride
Mar  6 10:51:09 localhost kernel: [58118.626900] [VPF ops]:[L1193][F4] vpf_fill_frame_info: L0 use width instead of wstride
Mar  6 10:51:09 localhost kernel: [58118.626904] [VPF ops]:[L1197][F4] vpf_fill_frame_info: L0 use height instead of vstride
Mar  6 10:51:09 localhost kernel: [58118.626908] [VPF ops]:[L1193][F5] vpf_fill_frame_info: L0 use width instead of wstride
Mar  6 10:51:09 localhost kernel: [58118.626911] [VPF ops]:[L1197][F5] vpf_fill_frame_info: L0 use height instead of vstride
Mar  6 10:51:09 localhost kernel: [58118.626915] [VPF ops]:[L1193][F6] vpf_fill_frame_info: L0 use width instead of wstride
Mar  6 10:51:09 localhost kernel: [58118.626919] [VPF ops]:[L1197][F6] vpf_fill_frame_info: L0 use height instead of vstride
Mar  6 10:51:09 localhost kernel: [58118.626922] [VPF ops]:[L1193][F7] vpf_fill_frame_info: L0 use width instead of wstride
Mar  6 10:51:09 localhost kernel: [58118.626926] [VPF ops]:[L1197][F7] vpf_fill_frame_info: L0 use height instead of vstride
Mar  6 10:51:09 localhost kernel: [58118.626930] [VPF ops]:[L1193][F8] vpf_fill_frame_info: L0 use width instead of wstride
Mar  6 10:51:09 localhost kernel: [58118.626933] [VPF ops]:[L1197][F8] vpf_fill_frame_info: L0 use height instead of vstride
Mar  6 10:51:09 localhost kernel: [58118.626937] [VPF ops]:[L1193][F9] vpf_fill_frame_info: L0 use width instead of wstride
Mar  6 10:51:09 localhost kernel: [58118.626940] [VPF ops]:[L1197][F9] vpf_fill_frame_info: L0 use height instead of vstride
Mar  6 10:51:09 localhost kernel: [58118.626944] [VPF ops]:[L1193][F10] vpf_fill_frame_info: L0 use width instead of wstride
Mar  6 10:51:09 localhost kernel: [58118.626948] [VPF ops]:[L1197][F10] vpf_fill_frame_info: L0 use height instead of vstride
Mar  6 10:51:09 localhost kernel: [58118.626952] [VPF ops]:[L1193][F11] vpf_fill_frame_info: L0 use width instead of wstride
Mar  6 10:51:09 localhost kernel: [58118.626955] [VPF ops]:[L1197][F11] vpf_fill_frame_info: L0 use height instead of vstride
Mar  6 10:51:09 localhost kernel: [58118.626959] [VPF ops]:[L1193][F12] vpf_fill_frame_info: L0 use width instead of wstride
Mar  6 10:51:09 localhost kernel: [58118.626963] [VPF ops]:[L1197][F12] vpf_fill_frame_info: L0 use height instead of vstride
Mar  6 10:51:09 localhost kernel: [58118.626967] [VPF ops]:[L1193][F13] vpf_fill_frame_info: L0 use width instead of wstride
Mar  6 10:51:09 localhost kernel: [58118.626970] [VPF ops]:[L1197][F13] vpf_fill_frame_info: L0 use height instead of vstride
Mar  6 10:51:09 localhost kernel: [58118.626974] [VPF ops]:[L1193][F14] vpf_fill_frame_info: L0 use width instead of wstride
Mar  6 10:51:09 localhost kernel: [58118.626978] [VPF ops]:[L1197][F14] vpf_fill_frame_info: L0 use height instead of vstride
Mar  6 10:51:09 localhost kernel: [58118.626982] [VPF ops]:[L1193][F15] vpf_fill_frame_info: L0 use width instead of wstride
Mar  6 10:51:09 localhost kernel: [58118.626985] [VPF ops]:[L1197][F15] vpf_fill_frame_info: L0 use height instead of vstride
Mar  6 10:51:09 localhost kernel: [58118.626989] [VPF ops]:[L1325][vin0_src][C0] vpf_request_frames: reqbuf number 16
Mar  6 10:51:09 localhost kernel: [58118.626994] [VPF ops]:[L850][vin0_src][C0] vpf_video_set_ichn_attr: done
Mar  6 10:51:09 localhost kernel: [58118.627001] [VPF ops]:[L1079][vin0_src][C0] vpf_video_get_struct_size: done
Mar  6 10:51:09 localhost kernel: [58118.627009] [L236][S0] ochn0 auto calc vstride 480
Mar  6 10:51:09 localhost kernel: [58118.627014] [L160]vin_basic_attr->format:30
Mar  6 10:51:09 localhost kernel: [58118.627018] [L425][S0][ipi0][ochn0]cim_set_ochn_attr done
Mar  6 10:51:09 localhost kernel: [58118.627022] [CIM]:[L340][S0]cim_video_set_ochn_attr done ret val:0
Mar  6 10:51:09 localhost kernel: [58118.627026] [L652][S0]vin_node_set_ochn_attr done
Mar  6 10:51:09 localhost kernel: [58118.627029] [VIN_NODE]:[L364][C0]vin_node_video_set_ochn_attr done
Mar  6 10:51:09 localhost kernel: [58118.627033] [L975]VNODE_ID_CAP wstride 1280
Mar  6 10:51:09 localhost kernel: [58118.627036] [L977]VNODE_ID_CAP vstride 480
Mar  6 10:51:09 localhost kernel: [58118.627039] [L981]vstride 480  planecount 1 
Mar  6 10:51:09 localhost kernel: [58118.627043] [L1023][S0] vin_node_reqbufs done bit_map 0x1 planecount 1 
Mar  6 10:51:09 localhost kernel: [58118.627046] [VIN_NODE]:[L743][C0]vin_node_video_reqbufs done
Mar  6 10:51:09 localhost kernel: [58118.627057] [VPF ops]:[L1325][vin0_cap][C0] vpf_request_frames: reqbuf number 16
Mar  6 10:51:09 localhost kernel: [58118.627062] [VPF ops]:[L978][vin0_cap][C0] vpf_video_set_ochn_attr: done
Mar  6 10:51:09 localhost kernel: [58118.627069] [VPF ops]:[L1079][vin0_src][C0] vpf_video_get_struct_size: done
Mar  6 10:51:09 localhost kernel: [58118.627080] vin mipi0: snrclk set freq cmd
Mar  6 10:51:09 localhost kernel: [58118.627094] vin mipi0: sensor0_mclk set 24000000 as 24000000
Mar  6 10:51:09 localhost kernel: [58118.627099] vin mipi0: snrclk set en cmd
Mar  6 10:51:09 localhost kernel: [58118.627102] vin mipi0: snrclk set enable
Mar  6 10:51:09 localhost kernel: [58118.627118] [L517][S0]vin_node_set_attr_ex done
Mar  6 10:51:09 localhost kernel: [58118.627122] [VIN_NODE]:[L324][C0]vin_node_video_set_attr_ex done
Mar  6 10:51:09 localhost kernel: [58118.627125] [VPF ops]:[L763][vin0_src][C0] vpf_video_set_attr_ex: done
Mar  6 10:51:09 localhost kernel: [58118.627130] [L517][S0]vin_node_set_attr_ex done
Mar  6 10:51:09 localhost kernel: [58118.627134] [VIN_NODE]:[L324][C0]vin_node_video_set_attr_ex done
Mar  6 10:51:09 localhost kernel: [58118.627137] [VPF ops]:[L763][vin0_cap][C0] vpf_video_set_attr_ex: done
Mar  6 10:51:09 localhost kernel: [58118.627143] [L975]VNODE_ID_CAP wstride 1280
Mar  6 10:51:09 localhost kernel: [58118.627146] [L977]VNODE_ID_CAP vstride 480
Mar  6 10:51:09 localhost kernel: [58118.627149] [L981]vstride 480  planecount 1 
Mar  6 10:51:09 localhost kernel: [58118.627152] [L1023][S0] vin_node_reqbufs done bit_map 0x1 planecount 1 
Mar  6 10:51:09 localhost kernel: [58118.627156] [VIN_NODE]:[L743][C0]vin_node_video_reqbufs done
Mar  6 10:51:09 localhost kernel: [58118.627165] [VPF ops]:[L1325][vin0_cap][C0] vpf_request_frames: reqbuf number 3
Mar  6 10:51:09 localhost kernel: [58118.627280] [VPF ops]:[L1464][vin0_cap][C0] vpf_video_reqbufs: done
Mar  6 10:51:09 localhost kernel: [58118.627296] [VPF ops]:[L2066][vin0_cap][C0] vpf_video_querybuf: done
Mar  6 10:51:09 localhost kernel: [58118.627432] [VPF ops]:[L2066][vin0_cap][C0] vpf_video_querybuf: done
Mar  6 10:51:09 localhost kernel: [58118.627501] [VPF ops]:[L2066][vin0_cap][C0] vpf_video_querybuf: done
Mar  6 10:51:09 localhost kernel: [58118.627622] [VPF ops]:[L2575][flow] vpf_device_open: done
Mar  6 10:51:09 localhost kernel: [58118.627633] [VPF ops]:[L1031][flow][C0] vpf_video_get_version: done
Mar  6 10:51:09 localhost kernel: [58118.627639] [VPF ops]:[L360][S1] vpf_bind_chain: bind done
Mar  6 10:51:09 localhost kernel: [58118.627647] [VPF ops]:[L2223][flow][C1] vpf_video_bind_pipeline: done
Mar  6 10:51:09 localhost kernel: [58118.627655] [VPF ops]:[L1685][vin0_src][S1][C0] vpf_chain_add_vnode: done
Mar  6 10:51:09 localhost kernel: [58118.627660] [VPF ops]:[L1825][vin0_src][C0] vpf_video_add_vnode: done
Mar  6 10:51:09 localhost kernel: [58118.627836] [CIM]:[L419][S0]cim_video_get_attr done ret val:0
Mar  6 10:51:09 localhost kernel: [58118.627845] vin vcon0: get attr valid bus7 rx0 done
Mar  6 10:51:09 localhost kernel: [58118.627850] [L306][S0]vin_node_get_attr done
Mar  6 10:51:09 localhost kernel: [58118.627854] [VIN_NODE]:[L286][C0]vin_node_video_get_attr done
Mar  6 10:51:09 localhost kernel: [58118.627965] vin sensor1: camera_init_req cmd: initing
Mar  6 10:51:09 localhost kernel: [58118.750063] [VPF mgr]:[L478]empty_camsys_reset: empty function
Mar  6 10:51:09 localhost kernel: [58118.750082] [L1228]cim_open open_cnt :1
Mar  6 10:51:09 localhost kernel: [58118.750086] [CIM]:[L192][S0]cim_video_open done ret val:0
Mar  6 10:51:09 localhost kernel: [58118.750090] [L1227][S0]vin_node_open done
Mar  6 10:51:09 localhost kernel: [58118.750095] [VIN_NODE]:[L694][C0]vin_node_video_open done
Mar  6 10:51:09 localhost kernel: [58118.750099] [VPF ops]:[L2575][vin1_src] vpf_device_open: done
Mar  6 10:51:09 localhost kernel: [58118.750114] [L1228]cim_open open_cnt :2
Mar  6 10:51:09 localhost kernel: [58118.750117] [CIM]:[L192][S0]cim_video_open done ret val:0
Mar  6 10:51:09 localhost kernel: [58118.750121] [L1227][S0]vin_node_open done
Mar  6 10:51:09 localhost kernel: [58118.750124] [VIN_NODE]:[L694][C0]vin_node_video_open done
Mar  6 10:51:09 localhost kernel: [58118.750128] [VPF ops]:[L2575][vin1_cap] vpf_device_open: done
Mar  6 10:51:09 localhost kernel: [58118.750140] [L1228]cim_open open_cnt :3
Mar  6 10:51:09 localhost kernel: [58118.750143] [CIM]:[L192][S0]cim_video_open done ret val:0
Mar  6 10:51:09 localhost kernel: [58118.750147] [L1227][S0]vin_node_open done
Mar  6 10:51:09 localhost kernel: [58118.750150] [VIN_NODE]:[L694][C0]vin_node_video_open done
Mar  6 10:51:09 localhost kernel: [58118.750154] [VPF ops]:[L2575][vin1_emb] vpf_device_open: done
Mar  6 10:51:09 localhost kernel: [58118.750165] [L1228]cim_open open_cnt :4
Mar  6 10:51:09 localhost kernel: [58118.750168] [CIM]:[L192][S0]cim_video_open done ret val:0
Mar  6 10:51:09 localhost kernel: [58118.750171] [L1227][S0]vin_node_open done
Mar  6 10:51:09 localhost kernel: [58118.750175] [VIN_NODE]:[L694][C0]vin_node_video_open done
Mar  6 10:51:09 localhost kernel: [58118.750178] [VPF ops]:[L2575][vin1_pdaf] vpf_device_open: done
Mar  6 10:51:09 localhost kernel: [58118.750187] [VPF ops]:[L439][vin1_src][C0] vpf_vctx_bind_vdev: done, ctx_index(0) refcount(1)
Mar  6 10:51:09 localhost kernel: [58118.750193] [VPF ops]:[L1875][vin1_src][C0] vpf_video_bind_context: done
Mar  6 10:51:09 localhost kernel: [58118.750199] [VPF ops]:[L439][vin1_cap][C0] vpf_vctx_bind_vdev: done, ctx_index(0) refcount(1)
Mar  6 10:51:09 localhost kernel: [58118.750204] [VPF ops]:[L1875][vin1_cap][C0] vpf_video_bind_context: done
Mar  6 10:51:09 localhost kernel: [58118.750209] [VPF ops]:[L439][vin1_emb][C0] vpf_vctx_bind_vdev: done, ctx_index(0) refcount(1)
Mar  6 10:51:09 localhost kernel: [58118.750214] [VPF ops]:[L1875][vin1_emb][C0] vpf_video_bind_context: done
Mar  6 10:51:09 localhost kernel: [58118.750219] [VPF ops]:[L439][vin1_pdaf][C0] vpf_vctx_bind_vdev: done, ctx_index(0) refcount(1)
Mar  6 10:51:09 localhost kernel: [58118.750223] [VPF ops]:[L1875][vin1_pdaf][C0] vpf_video_bind_context: done
Mar  6 10:51:09 localhost kernel: [58118.750232] [VIN_NODE]:[L38]The vin node driver version is v1.1
Mar  6 10:51:09 localhost kernel: [58118.750236] [VPF ops]:[L1031][vin1_src][C0] vpf_video_get_version: done
Mar  6 10:51:09 localhost kernel: [58118.750248] [VPF ops]:[L1079][vin1_src][C0] vpf_video_get_struct_size: done
Mar  6 10:51:09 localhost kernel: [58118.750257] [CIM]:[L247][C0]cim_video_set_attr done ret val:0
Mar  6 10:51:09 localhost kernel: [58118.750261] [L423][C0] vin_node_set_attr ipi 0 done
Mar  6 10:51:09 localhost kernel: [58118.750265] [VIN_NODE]:[L239][C0]vin_node_video_set_attr done
Mar  6 10:51:09 localhost kernel: [58118.750271] [VPF ops]:[L689][vin1_cap][C0] vpf_video_set_init_attr: done
Mar  6 10:51:09 localhost kernel: [58118.750279] vin vcon1: vcon1 open 0: flow65535 ctx0 real
Mar  6 10:51:09 localhost kernel: [58118.750284] [L624][S65535][C0][ipi0]cim_subdev_init hw_id = 1
Mar  6 10:51:09 localhost kernel: [58118.750289] [CIM]:[L247][C0]cim_video_set_attr done ret val:0
Mar  6 10:51:09 localhost kernel: [58118.750295] vin vcon1: get attr valid bus4 rx1 done
Mar  6 10:51:09 localhost kernel: [58118.750300] [L423][C0] vin_node_set_attr ipi 0 done
Mar  6 10:51:09 localhost kernel: [58118.750304] [VIN_NODE]:[L239][C0]vin_node_video_set_attr done
Mar  6 10:51:09 localhost kernel: [58118.750307] [VIO node]:[L104][vin1] vio_group_task_start: sched_mode 1
Mar  6 10:51:09 localhost kernel: [58118.750313] [VPF ops]:[L689][vin1_src][C0] vpf_video_set_init_attr: done
Mar  6 10:51:09 localhost kernel: [58118.750320] [CIM]:[L247][C0]cim_video_set_attr done ret val:0
Mar  6 10:51:09 localhost kernel: [58118.750324] [L423][C0] vin_node_set_attr ipi 0 done
Mar  6 10:51:09 localhost kernel: [58118.750327] [VIN_NODE]:[L239][C0]vin_node_video_set_attr done
Mar  6 10:51:09 localhost kernel: [58118.750330] [VPF ops]:[L689][vin1_emb][C0] vpf_video_set_init_attr: done
Mar  6 10:51:09 localhost kernel: [58118.750335] [CIM]:[L247][C0]cim_video_set_attr done ret val:0
Mar  6 10:51:09 localhost kernel: [58118.750338] [L423][C0] vin_node_set_attr ipi 0 done
Mar  6 10:51:09 localhost kernel: [58118.750342] [VIN_NODE]:[L239][C0]vin_node_video_set_attr done
Mar  6 10:51:09 localhost kernel: [58118.750346] [VPF ops]:[L689][vin1_pdaf][C0] vpf_video_set_init_attr: done
Mar  6 10:51:09 localhost kernel: [58118.750352] [VPF ops]:[L1079][vin1_src][C0] vpf_video_get_struct_size: done
Mar  6 10:51:09 localhost kernel: [58118.750359] [L709][S65535] vin_node_set_ichn_attr begin format 30 width 640 
Mar  6 10:51:09 localhost kernel: [58118.750368] [L527][S0][ipi0]cim_set_ichn_attr done
Mar  6 10:51:09 localhost kernel: [58118.750372] [CIM]:[L309][S0]cim_video_set_ichn_attr done ret val:0
Mar  6 10:51:09 localhost kernel: [58118.750376] [L724][S0]vin_node_set_ichn_attr done
Mar  6 10:51:09 localhost kernel: [58118.750381] [VIN_NODE]:[L427][C0]vin_node_video_set_ichn_attr done
Mar  6 10:51:09 localhost kernel: [58118.750386] [L1023][S0] vin_node_reqbufs done bit_map 0x1 planecount 0 
Mar  6 10:51:09 localhost kernel: [58118.750390] [VIN_NODE]:[L743][C0]vin_node_video_reqbufs done
Mar  6 10:51:09 localhost kernel: [58118.750406] [VPF ops]:[L1193][F0] vpf_fill_frame_info: L0 use width instead of wstride
Mar  6 10:51:09 localhost kernel: [58118.750410] [VPF ops]:[L1197][F0] vpf_fill_frame_info: L0 use height instead of vstride
Mar  6 10:51:09 localhost kernel: [58118.750414] [VPF ops]:[L1193][F1] vpf_fill_frame_info: L0 use width instead of wstride
Mar  6 10:51:09 localhost kernel: [58118.750418] [VPF ops]:[L1197][F1] vpf_fill_frame_info: L0 use height instead of vstride
Mar  6 10:51:09 localhost kernel: [58118.750422] [VPF ops]:[L1193][F2] vpf_fill_frame_info: L0 use width instead of wstride
Mar  6 10:51:09 localhost kernel: [58118.750428] [VPF ops]:[L1197][F2] vpf_fill_frame_info: L0 use height instead of vstride
Mar  6 10:51:09 localhost kernel: [58118.750432] [VPF ops]:[L1193][F3] vpf_fill_frame_info: L0 use width instead of wstride
Mar  6 10:51:09 localhost kernel: [58118.750436] [VPF ops]:[L1197][F3] vpf_fill_frame_info: L0 use height instead of vstride
Mar  6 10:51:09 localhost kernel: [58118.750440] [VPF ops]:[L1193][F4] vpf_fill_frame_info: L0 use width instead of wstride
Mar  6 10:51:09 localhost kernel: [58118.750444] [VPF ops]:[L1197][F4] vpf_fill_frame_info: L0 use height instead of vstride
Mar  6 10:51:09 localhost kernel: [58118.750448] [VPF ops]:[L1193][F5] vpf_fill_frame_info: L0 use width instead of wstride
Mar  6 10:51:09 localhost kernel: [58118.750452] [VPF ops]:[L1197][F5] vpf_fill_frame_info: L0 use height instead of vstride
Mar  6 10:51:09 localhost kernel: [58118.750456] [VPF ops]:[L1193][F6] vpf_fill_frame_info: L0 use width instead of wstride
Mar  6 10:51:09 localhost kernel: [58118.750459] [VPF ops]:[L1197][F6] vpf_fill_frame_info: L0 use height instead of vstride
Mar  6 10:51:09 localhost kernel: [58118.750464] [VPF ops]:[L1193][F7] vpf_fill_frame_info: L0 use width instead of wstride
Mar  6 10:51:09 localhost kernel: [58118.750467] [VPF ops]:[L1197][F7] vpf_fill_frame_info: L0 use height instead of vstride
Mar  6 10:51:09 localhost kernel: [58118.750471] [VPF ops]:[L1193][F8] vpf_fill_frame_info: L0 use width instead of wstride
Mar  6 10:51:09 localhost kernel: [58118.750474] [VPF ops]:[L1197][F8] vpf_fill_frame_info: L0 use height instead of vstride
Mar  6 10:51:09 localhost kernel: [58118.750480] [VPF ops]:[L1193][F9] vpf_fill_frame_info: L0 use width instead of wstride
Mar  6 10:51:09 localhost kernel: [58118.750484] [VPF ops]:[L1197][F9] vpf_fill_frame_info: L0 use height instead of vstride
Mar  6 10:51:09 localhost kernel: [58118.750489] [VPF ops]:[L1193][F10] vpf_fill_frame_info: L0 use width instead of wstride
Mar  6 10:51:09 localhost kernel: [58118.750493] [VPF ops]:[L1197][F10] vpf_fill_frame_info: L0 use height instead of vstride
Mar  6 10:51:09 localhost kernel: [58118.750497] [VPF ops]:[L1193][F11] vpf_fill_frame_info: L0 use width instead of wstride
Mar  6 10:51:09 localhost kernel: [58118.750501] [VPF ops]:[L1197][F11] vpf_fill_frame_info: L0 use height instead of vstride
Mar  6 10:51:09 localhost kernel: [58118.750505] [VPF ops]:[L1193][F12] vpf_fill_frame_info: L0 use width instead of wstride
Mar  6 10:51:09 localhost kernel: [58118.750508] [VPF ops]:[L1197][F12] vpf_fill_frame_info: L0 use height instead of vstride
Mar  6 10:51:09 localhost kernel: [58118.750512] [VPF ops]:[L1193][F13] vpf_fill_frame_info: L0 use width instead of wstride
Mar  6 10:51:09 localhost kernel: [58118.750516] [VPF ops]:[L1197][F13] vpf_fill_frame_info: L0 use height instead of vstride
Mar  6 10:51:09 localhost kernel: [58118.750520] [VPF ops]:[L1193][F14] vpf_fill_frame_info: L0 use width instead of wstride
Mar  6 10:51:09 localhost kernel: [58118.750523] [VPF ops]:[L1197][F14] vpf_fill_frame_info: L0 use height instead of vstride
Mar  6 10:51:09 localhost kernel: [58118.750527] [VPF ops]:[L1193][F15] vpf_fill_frame_info: L0 use width instead of wstride
Mar  6 10:51:09 localhost kernel: [58118.750531] [VPF ops]:[L1197][F15] vpf_fill_frame_info: L0 use height instead of vstride
Mar  6 10:51:09 localhost kernel: [58118.750537] [VPF ops]:[L1325][vin1_src][C0] vpf_request_frames: reqbuf number 16
Mar  6 10:51:09 localhost kernel: [58118.750542] [VPF ops]:[L850][vin1_src][C0] vpf_video_set_ichn_attr: done
Mar  6 10:51:09 localhost kernel: [58118.750548] [VPF ops]:[L1079][vin1_src][C0] vpf_video_get_struct_size: done
Mar  6 10:51:09 localhost kernel: [58118.750555] [L236][S0] ochn0 auto calc vstride 480
Mar  6 10:51:09 localhost kernel: [58118.750560] [L160]vin_basic_attr->format:30
Mar  6 10:51:09 localhost kernel: [58118.750564] [L425][S0][ipi0][ochn0]cim_set_ochn_attr done
Mar  6 10:51:09 localhost kernel: [58118.750569] [CIM]:[L340][S0]cim_video_set_ochn_attr done ret val:0
Mar  6 10:51:09 localhost kernel: [58118.750572] [L652][S0]vin_node_set_ochn_attr done
Mar  6 10:51:09 localhost kernel: [58118.750575] [VIN_NODE]:[L364][C0]vin_node_video_set_ochn_attr done
Mar  6 10:51:09 localhost kernel: [58118.750580] [L975]VNODE_ID_CAP wstride 1280
Mar  6 10:51:09 localhost kernel: [58118.750582] [L977]VNODE_ID_CAP vstride 480
Mar  6 10:51:09 localhost kernel: [58118.750585] [L981]vstride 480  planecount 1 
Mar  6 10:51:09 localhost kernel: [58118.750588] [L1023][S0] vin_node_reqbufs done bit_map 0x1 planecount 1 
Mar  6 10:51:09 localhost kernel: [58118.750592] [VIN_NODE]:[L743][C0]vin_node_video_reqbufs done
Mar  6 10:51:09 localhost kernel: [58118.750605] [VPF ops]:[L1325][vin1_cap][C0] vpf_request_frames: reqbuf number 16
Mar  6 10:51:09 localhost kernel: [58118.750609] [VPF ops]:[L978][vin1_cap][C0] vpf_video_set_ochn_attr: done
Mar  6 10:51:09 localhost kernel: [58118.750617] [VPF ops]:[L1079][vin1_src][C0] vpf_video_get_struct_size: done
Mar  6 10:51:09 localhost kernel: [58118.750628] vin mipi1: snrclk set freq cmd
Mar  6 10:51:09 localhost kernel: [58118.750642] vin mipi1: sensor1_mclk set 24000000 as 24000000
Mar  6 10:51:09 localhost kernel: [58118.750647] vin mipi1: snrclk set en cmd
Mar  6 10:51:09 localhost kernel: [58118.750650] vin mipi1: snrclk set enable
Mar  6 10:51:09 localhost kernel: [58118.750667] [L517][S0]vin_node_set_attr_ex done
Mar  6 10:51:09 localhost kernel: [58118.750671] [VIN_NODE]:[L324][C0]vin_node_video_set_attr_ex done
Mar  6 10:51:09 localhost kernel: [58118.750674] [VPF ops]:[L763][vin1_src][C0] vpf_video_set_attr_ex: done
Mar  6 10:51:09 localhost kernel: [58118.750680] [L517][S0]vin_node_set_attr_ex done
Mar  6 10:51:09 localhost kernel: [58118.750683] [VIN_NODE]:[L324][C0]vin_node_video_set_attr_ex done
Mar  6 10:51:09 localhost kernel: [58118.750687] [VPF ops]:[L763][vin1_cap][C0] vpf_video_set_attr_ex: done
Mar  6 10:51:09 localhost kernel: [58118.750693] [L975]VNODE_ID_CAP wstride 1280
Mar  6 10:51:09 localhost kernel: [58118.750696] [L977]VNODE_ID_CAP vstride 480
Mar  6 10:51:09 localhost kernel: [58118.750699] [L981]vstride 480  planecount 1 
Mar  6 10:51:09 localhost kernel: [58118.750703] [L1023][S0] vin_node_reqbufs done bit_map 0x1 planecount 1 
Mar  6 10:51:09 localhost kernel: [58118.750707] [VIN_NODE]:[L743][C0]vin_node_video_reqbufs done
Mar  6 10:51:09 localhost kernel: [58118.750717] [VPF ops]:[L1325][vin1_cap][C0] vpf_request_frames: reqbuf number 3
Mar  6 10:51:09 localhost kernel: [58118.750830] [VPF ops]:[L1464][vin1_cap][C0] vpf_video_reqbufs: done
Mar  6 10:51:09 localhost kernel: [58118.750848] [VPF ops]:[L2066][vin1_cap][C0] vpf_video_querybuf: done
Mar  6 10:51:09 localhost kernel: [58118.750998] [VPF ops]:[L2066][vin1_cap][C0] vpf_video_querybuf: done
Mar  6 10:51:09 localhost kernel: [58118.751087] [VPF ops]:[L2066][vin1_cap][C0] vpf_video_querybuf: done
Mar  6 10:51:09 localhost kernel: [58118.751169] [VPF ops]:[L2575][flow] vpf_device_open: done
Mar  6 10:51:09 localhost kernel: [58118.751180] [VPF ops]:[L1031][flow][C0] vpf_video_get_version: done
Mar  6 10:51:09 localhost kernel: [58118.751187] [VPF ops]:[L360][S2] vpf_bind_chain: bind done
Mar  6 10:51:09 localhost kernel: [58118.751195] [VPF ops]:[L2223][flow][C2] vpf_video_bind_pipeline: done
Mar  6 10:51:09 localhost kernel: [58118.751205] [VPF ops]:[L1685][vin1_src][S2][C0] vpf_chain_add_vnode: done
Mar  6 10:51:09 localhost kernel: [58118.751210] [VPF ops]:[L1825][vin1_src][C0] vpf_video_add_vnode: done
Mar  6 10:51:09 localhost kernel: [58118.751388] [CIM]:[L419][S0]cim_video_get_attr done ret val:0
Mar  6 10:51:09 localhost kernel: [58118.751397] vin vcon1: get attr valid bus4 rx1 done
Mar  6 10:51:09 localhost kernel: [58118.751402] [L306][S0]vin_node_get_attr done
Mar  6 10:51:09 localhost kernel: [58118.751406] [VIN_NODE]:[L286][C0]vin_node_video_get_attr done
Mar  6 10:51:09 localhost kernel: [58118.751608] vin sensor2: camera_init_req cmd: initing
Mar  6 10:51:09 localhost kernel: [58118.816133] vin sensor0: sc132gs open i2c7@0x32
Mar  6 10:51:09 localhost kernel: [58118.816155] vin sensor0: camera_tuning_update_param done
Mar  6 10:51:09 localhost kernel: [58118.816486] vin sensor0: ctrl_mode set to user
Mar  6 10:51:09 localhost kernel: [58118.816528] vin sensor0: camera_init_result cmd: done wake
Mar  6 10:51:09 localhost kernel: [58118.816550] vin sensor0: sensor_evu_do: default to wait
Mar  6 10:51:09 localhost kernel: [58118.816598] vin sensor0: camera_set_intrinsic_param port 0 done
Mar  6 10:51:09 localhost kernel: [58118.816709] vin sensor0: sensor_attach flow0 ctx0 to sensor0 sc132gs
Mar  6 10:51:09 localhost kernel: [58118.816716] vin vcon2: flow0.ctx0 attach sensor0 done
Mar  6 10:51:09 localhost kernel: [58118.816721] vin vcon2: set internal attr attach done
Mar  6 10:51:09 localhost kernel: [58118.816736] vin mipi2: init cmd: 0 real
Mar  6 10:51:09 localhost kernel: [58118.816745] vin mipi2: 1 lane 1088x1280 30fps datatype 0x2b
Mar  6 10:51:09 localhost kernel: [58118.816751] vin mipi2: snrclk set disable
Mar  6 10:51:09 localhost kernel: [58118.816772] vin mipi2: ipiclk limit 21000000 up to 600000000
Mar  6 10:51:09 localhost kernel: [58118.816789] vin mipi2: ipiclk set 600000000 get 600000000
Mar  6 10:51:09 localhost kernel: [58118.816795] vin mipi2: dphy 1200Mbps/1lane: ppi 8bit settle 20
Mar  6 10:51:09 localhost kernel: [58118.849820] vin mipi2: linelenth: 1400, framelenth: 1500, fps: 30, ipiclk: 600000000, rx_bit_clk: 1200000000
Mar  6 10:51:09 localhost kernel: [58118.849839] vin mipi2: ipi config hsa: 4, hbp: 4, hsd: 42
Mar  6 10:51:09 localhost kernel: [58118.849846] vin mipi2: config 1/1 ipi done
Mar  6 10:51:09 localhost kernel: [58118.849850] vin mipi2: check phy stop state
Mar  6 10:51:09 localhost kernel: [58118.852860] [L587][S0]vin_node_set_internal_attr done
Mar  6 10:51:09 localhost kernel: [58118.852872] [VIN_NODE]:[L514][C0]vin_node_video_set_internal_attr done
Mar  6 10:51:09 localhost kernel: [58118.852879] [L1023][S0] vin_node_reqbufs done bit_map 0x1 planecount 1 
Mar  6 10:51:09 localhost kernel: [58118.852883] [VIN_NODE]:[L743][C0]vin_node_video_reqbufs done
Mar  6 10:51:09 localhost kernel: [58118.852888] [VPF ops]:[L1005][vin2_src][C0] vpf_video_set_inter_attr: done
Mar  6 10:51:09 localhost kernel: [58118.852910] isp_video_set_inter_attr flow_id = 0, sensor_name = sc132gs, sensor_cali_name = /app/BestMow/startup_script/sensor_config/darktime/sc132gs_tuning_left.json
Mar  6 10:51:09 localhost kernel: [58118.889837] vin sensor1: camera_init_result cmd: done wake
Mar  6 10:51:09 localhost kernel: [58118.889860] vin sensor1: sensor_evu_do: default to wait
Mar  6 10:51:09 localhost kernel: [58118.889911] vin sensor1: camera_set_intrinsic_param port 1 done
Mar  6 10:51:09 localhost kernel: [58118.890484] vin sensor1: sensor_attach flow1 ctx0 to sensor1 sc132gs
Mar  6 10:51:09 localhost kernel: [58118.890494] vin vcon0: flow1.ctx0 attach sensor1 done
Mar  6 10:51:09 localhost kernel: [58118.890499] vin vcon0: set internal attr attach done
Mar  6 10:51:09 localhost kernel: [58118.890514] vin mipi0: init cmd: 0 real
Mar  6 10:51:09 localhost kernel: [58118.890522] vin mipi0: 1 lane 640x480 10fps datatype 0x1e
Mar  6 10:51:09 localhost kernel: [58118.890527] vin mipi0: snrclk set disable
Mar  6 10:51:09 localhost kernel: [58118.890547] vin mipi0: ipiclk limit 27027000 up to 600000000
Mar  6 10:51:09 localhost kernel: [58118.890561] vin mipi0: ipiclk set 600000000 get 600000000
Mar  6 10:51:09 localhost kernel: [58118.890566] vin mipi0: dphy 432Mbps/1lane: ppi 8bit settle 8
Mar  6 10:51:09 localhost kernel: [58118.924012] vin mipi0: linelenth: 858, framelenth: 3150, fps: 10, ipiclk: 600000000, rx_bit_clk: 432000000
Mar  6 10:51:09 localhost kernel: [58118.924036] vin mipi0: ipi config hsa: 4, hbp: 4, hsd: 98
Mar  6 10:51:09 localhost kernel: [58118.924044] vin mipi0: config 1/1 ipi done
Mar  6 10:51:09 localhost kernel: [58118.924049] vin mipi0: check phy stop state
Mar  6 10:51:09 localhost kernel: [58118.927060] [L587][S0]vin_node_set_internal_attr done
Mar  6 10:51:09 localhost kernel: [58118.927065] [VIN_NODE]:[L514][C0]vin_node_video_set_internal_attr done
Mar  6 10:51:09 localhost kernel: [58118.927072] [L1023][S0] vin_node_reqbufs done bit_map 0x1 planecount 0 
Mar  6 10:51:09 localhost kernel: [58118.927077] [VIN_NODE]:[L743][C0]vin_node_video_reqbufs done
Mar  6 10:51:09 localhost kernel: [58118.927082] [VPF ops]:[L1005][vin0_src][C0] vpf_video_set_inter_attr: done
Mar  6 10:51:09 localhost kernel: [58118.927234] [VPF chain]:[L279]vio_chain_path_show: [S1] vin0_C0*(dma)
Mar  6 10:51:09 localhost kernel: [58118.927245] [VPF ops]:[L632][vin0_cap][S1] vpf_prepare_buffers: done
Mar  6 10:51:09 localhost kernel: [58118.927251] [VPF ops]:[L1639][vin0_cap][S1][C0] vpf_video_start: done start_cnt 1
Mar  6 10:51:09 localhost kernel: [58118.927260] [L716][S0][ipi0]cim_subdev_start ddr_en and ochn request bufs
Mar  6 10:51:09 localhost kernel: [58118.927274] [L757][S1]cim_subdev_start
Mar  6 10:51:09 localhost kernel: [58118.927278] [CIM]:[L113][S0]cim_video_streamon done ret val:0
Mar  6 10:51:09 localhost kernel: [58118.927287] vin sensor1: sensor_evk_do: wait to doing
Mar  6 10:51:09 localhost kernel: [58118.928477] vin sensor1: sensor_evk_do: done to finish
Mar  6 10:51:09 localhost kernel: [58118.928498] vin sensor1: sensor_start sc132gs flow1 start done
Mar  6 10:51:09 localhost kernel: [58118.928504] vin vcon0: sensor1 start real done
Mar  6 10:51:09 localhost kernel: [58118.928514] vin mipi0: start cmd: 0 real
Mar  6 10:51:09 localhost kernel: [58118.928520] vin mipi0: check hs reception
Mar  6 10:51:09 localhost kernel: [58119.023232] vin sensor2: camera_init_result cmd: done wake
Mar  6 10:51:09 localhost kernel: [58119.023474] vin sensor2: camera_set_intrinsic_param port 2 done
Mar  6 10:51:09 localhost kernel: [58119.023649] vin sensor2: sensor_attach flow2 ctx0 to sensor2 
Mar  6 10:51:09 localhost kernel: [58119.023666] vin vcon1: flow2.ctx0 attach sensor2 done
Mar  6 10:51:09 localhost kernel: [58119.023671] vin vcon1: set internal attr attach done
Mar  6 10:51:09 localhost kernel: [58119.023684] vin mipi1: init cmd: 0 real
Mar  6 10:51:09 localhost kernel: [58119.023693] vin mipi1: 1 lane 640x480 10fps datatype 0x1e
Mar  6 10:51:09 localhost kernel: [58119.023700] vin mipi1: snrclk set disable
Mar  6 10:51:09 localhost kernel: [58119.023720] vin mipi1: ipiclk limit 27027000 up to 600000000
Mar  6 10:51:09 localhost kernel: [58119.023736] vin mipi1: ipiclk set 600000000 get 600000000
Mar  6 10:51:09 localhost kernel: [58119.023741] vin mipi1: dphy 432Mbps/1lane: ppi 8bit settle 40
Mar  6 10:51:09 localhost kernel: [58119.025034] vin sensor2: sensor_evu_do: default to wait
Mar  6 10:51:09 localhost kernel: [58119.056831] vin mipi1: linelenth: 858, framelenth: 3150, fps: 10, ipiclk: 600000000, rx_bit_clk: 432000000
Mar  6 10:51:09 localhost kernel: [58119.056856] vin mipi1: ipi config hsa: 4, hbp: 4, hsd: 98
Mar  6 10:51:09 localhost kernel: [58119.056863] vin mipi1: config 1/1 ipi done
Mar  6 10:51:09 localhost kernel: [58119.056871] vin mipi1: check phy stop state
Mar  6 10:51:09 localhost kernel: [58119.056881] [L587][S0]vin_node_set_internal_attr done
Mar  6 10:51:09 localhost kernel: [58119.056886] [VIN_NODE]:[L514][C0]vin_node_video_set_internal_attr done
Mar  6 10:51:09 localhost kernel: [58119.056893] [L1023][S0] vin_node_reqbufs done bit_map 0x1 planecount 0 
Mar  6 10:51:09 localhost kernel: [58119.056898] [VIN_NODE]:[L743][C0]vin_node_video_reqbufs done
Mar  6 10:51:09 localhost kernel: [58119.056903] [VPF ops]:[L1005][vin1_src][C0] vpf_video_set_inter_attr: done
Mar  6 10:51:09 localhost kernel: [58119.056974] [VPF chain]:[L279]vio_chain_path_show: [S2] vin1_C0*(dma)
Mar  6 10:51:09 localhost kernel: [58119.056989] [VPF ops]:[L632][vin1_cap][S2] vpf_prepare_buffers: done
Mar  6 10:51:09 localhost kernel: [58119.056994] [VPF ops]:[L1639][vin1_cap][S2][C0] vpf_video_start: done start_cnt 1
Mar  6 10:51:09 localhost kernel: [58119.057004] [L716][S0][ipi0]cim_subdev_start ddr_en and ochn request bufs
Mar  6 10:51:09 localhost kernel: [58119.057018] [L757][S2]cim_subdev_start
Mar  6 10:51:09 localhost kernel: [58119.057022] [CIM]:[L113][S0]cim_video_streamon done ret val:0
Mar  6 10:51:09 localhost kernel: [58119.057030] vin sensor2: sensor_evk_do: wait to doing
Mar  6 10:51:09 localhost kernel: [58119.057728] vin sensor2: sensor_evk_do: done to finish
Mar  6 10:51:09 localhost kernel: [58119.057746] vin sensor2: sensor_start  flow2 start done
Mar  6 10:51:09 localhost kernel: [58119.057752] vin vcon1: sensor2 start real done
Mar  6 10:51:09 localhost kernel: [58119.057761] vin mipi1: start cmd: 0 real
Mar  6 10:51:09 localhost kernel: [58119.057766] vin mipi1: check hs reception
Mar  6 10:51:09 localhost kernel: [58119.091349] hobot-sif 3d020000.sif: sif frame size incorrect, hsize count:0x0 vsize count:0x1e0 for inst:0
Mar  6 10:51:09 localhost kernel: [58119.092244] vin mipi0: entry hs reception
Mar  6 10:51:09 localhost kernel: [58119.092610] [L1096][S0]vin_node_start done
Mar  6 10:51:09 localhost kernel: [58119.092616] [VIN_NODE]:[L546][C0]vin_node_video_streamon done
Mar  6 10:51:09 localhost kernel: [58119.092621] [VPF ops]:[L1639][vin0_src][S1][C0] vpf_video_start: done start_cnt 2
Mar  6 10:51:09 localhost kernel: [58119.132963] ctx_id 0, inst id 0, sensor /app/BestMow/startup_script/sensor_config/darktime/sc132gs_tuning_left.json
Mar  6 10:51:09 localhost kernel: [58119.132989] isp_video_reqbufs done bit_map 0x1 planecount 1 vctx->id:0
Mar  6 10:51:09 localhost kernel: [58119.132995] [VPF ops]:[L1005][vs-isp0_src][C0] vpf_video_set_inter_attr: done
Mar  6 10:51:09 localhost kernel: [58119.133146] [L899][S0][V8] vin_node chn_attr format(24) slod_id(0) width(1088) height(1280) wstride(2176) vstride(1280)
Mar  6 10:51:09 localhost kernel: [58119.133157] isp_allow_bind online_mode=0,bind_type=3
Mar  6 10:51:09 localhost kernel: [58119.133189] [VPF ops]:[L319][S0] vpf_bind_vnode: vin2_cap bind_type(3) vs-isp0_src
Mar  6 10:51:09 localhost kernel: [58119.133195] [VPF ops]:[L2258][flow][C0] vpf_video_bind_vnode: done
Mar  6 10:51:09 localhost kernel: [58119.133213] [VPF chain]:[L279]vio_chain_path_show: [S0] vin2_C0*(dma)-m2m-isp0_C0
Mar  6 10:51:09 localhost kernel: [58119.133221] [VPF ops]:[L632][vs-isp0_cap][S0] vpf_prepare_buffers: done
Mar  6 10:51:09 localhost kernel: [58119.133229] isp_video_streamon inst: 0, set isp state to STARTED
Mar  6 10:51:09 localhost kernel: [58119.135459] [VPF ops]:[L1639][vs-isp0_cap][S0][C0] vpf_video_start: done start_cnt 1
Mar  6 10:51:09 localhost kernel: [58119.135491] [VPF ops]:[L1639][vs-isp0_src][S0][C0] vpf_video_start: done start_cnt 2
Mar  6 10:51:09 localhost kernel: [58119.135512] [VPF ops]:[L632][vin2_cap][S0] vpf_prepare_buffers: done
Mar  6 10:51:09 localhost kernel: [58119.135518] [VPF ops]:[L1639][vin2_cap][S0][C0] vpf_video_start: done start_cnt 1
Mar  6 10:51:09 localhost kernel: [58119.135527] [L716][S0][ipi0]cim_subdev_start ddr_en and ochn request bufs
Mar  6 10:51:09 localhost kernel: [58119.135543] [L757][S0]cim_subdev_start
Mar  6 10:51:09 localhost kernel: [58119.135548] [CIM]:[L113][S0]cim_video_streamon done ret val:0
Mar  6 10:51:09 localhost kernel: [58119.135556] vin sensor0: sensor_evk_do: wait to doing
Mar  6 10:51:09 localhost kernel: [58119.136015] vin sensor0: sensor_evk_do: done to finish
Mar  6 10:51:09 localhost kernel: [58119.136035] vin sensor0: sensor_start sc132gs flow0 start done
Mar  6 10:51:09 localhost kernel: [58119.136040] vin vcon2: sensor0 start real done
Mar  6 10:51:09 localhost kernel: [58119.136051] vin mipi2: start cmd: 0 real
Mar  6 10:51:09 localhost kernel: [58119.136056] vin mipi2: check hs reception
Mar  6 10:51:09 localhost kernel: [58119.162692] hobot-sif 3d040000.sif: sif frame size incorrect, hsize count:0x0 vsize count:0x500 for inst:0
Mar  6 10:51:09 localhost kernel: [58119.164043] vin mipi2: entry hs reception
Mar  6 10:51:09 localhost kernel: [58119.164067] [L1096][S0]vin_node_start done
Mar  6 10:51:09 localhost kernel: [58119.164073] [VIN_NODE]:[L546][C0]vin_node_video_streamon done
Mar  6 10:51:09 localhost kernel: [58119.164077] [VPF ops]:[L1639][vin2_src][S0][C0] vpf_video_start: done start_cnt 2
Mar  6 10:51:10 localhost kernel: [58119.232362] hobot-sif 3d030000.sif: sif frame size incorrect, hsize count:0x0 vsize count:0x1e0 for inst:0
Mar  6 10:51:10 localhost kernel: [58119.232944] vin mipi1: entry hs reception
Mar  6 10:51:10 localhost kernel: [58119.233619] [L1096][S0]vin_node_start done
Mar  6 10:51:10 localhost kernel: [58119.233624] [VIN_NODE]:[L546][C0]vin_node_video_streamon done
Mar  6 10:51:10 localhost kernel: [58119.233630] [VPF ops]:[L1639][vin1_src][S2][C0] vpf_video_start: done start_cnt 2
Mar  6 10:51:10 localhost kernel: [58119.357361] [VPF mgr]:[L478]empty_camsys_reset: empty function
Mar  6 10:51:10 localhost kernel: [58119.357379] [L1228]cim_open open_cnt :1
Mar  6 10:51:10 localhost kernel: [58119.357384] [CIM]:[L192][S0]cim_video_open done ret val:0
Mar  6 10:51:10 localhost kernel: [58119.357389] [L1227][S0]vin_node_open done
Mar  6 10:51:10 localhost kernel: [58119.357393] [VIN_NODE]:[L694][C0]vin_node_video_open done
Mar  6 10:51:10 localhost kernel: [58119.357397] [VPF ops]:[L2575][vin3_src] vpf_device_open: done
Mar  6 10:51:10 localhost kernel: [58119.357413] [L1228]cim_open open_cnt :2
Mar  6 10:51:10 localhost kernel: [58119.357417] [CIM]:[L192][S0]cim_video_open done ret val:0
Mar  6 10:51:10 localhost kernel: [58119.357420] [L1227][S0]vin_node_open done
Mar  6 10:51:10 localhost kernel: [58119.357424] [VIN_NODE]:[L694][C0]vin_node_video_open done
Mar  6 10:51:10 localhost kernel: [58119.357427] [VPF ops]:[L2575][vin3_cap] vpf_device_open: done
Mar  6 10:51:10 localhost kernel: [58119.357439] [L1228]cim_open open_cnt :3
Mar  6 10:51:10 localhost kernel: [58119.357442] [CIM]:[L192][S0]cim_video_open done ret val:0
Mar  6 10:51:10 localhost kernel: [58119.357446] [L1227][S0]vin_node_open done
Mar  6 10:51:10 localhost kernel: [58119.357449] [VIN_NODE]:[L694][C0]vin_node_video_open done
Mar  6 10:51:10 localhost kernel: [58119.357452] [VPF ops]:[L2575][vin3_emb] vpf_device_open: done
Mar  6 10:51:10 localhost kernel: [58119.357463] [L1228]cim_open open_cnt :4
Mar  6 10:51:10 localhost kernel: [58119.357466] [CIM]:[L192][S0]cim_video_open done ret val:0
Mar  6 10:51:10 localhost kernel: [58119.357470] [L1227][S0]vin_node_open done
Mar  6 10:51:10 localhost kernel: [58119.357474] [VIN_NODE]:[L694][C0]vin_node_video_open done
Mar  6 10:51:10 localhost kernel: [58119.357477] [VPF ops]:[L2575][vin3_pdaf] vpf_device_open: done
Mar  6 10:51:10 localhost kernel: [58119.357487] [VPF ops]:[L439][vin3_src][C0] vpf_vctx_bind_vdev: done, ctx_index(0) refcount(1)
Mar  6 10:51:10 localhost kernel: [58119.357494] [VPF ops]:[L1875][vin3_src][C0] vpf_video_bind_context: done
Mar  6 10:51:10 localhost kernel: [58119.357500] [VPF ops]:[L439][vin3_cap][C0] vpf_vctx_bind_vdev: done, ctx_index(0) refcount(1)
Mar  6 10:51:10 localhost kernel: [58119.357505] [VPF ops]:[L1875][vin3_cap][C0] vpf_video_bind_context: done
Mar  6 10:51:10 localhost kernel: [58119.357510] [VPF ops]:[L439][vin3_emb][C0] vpf_vctx_bind_vdev: done, ctx_index(0) refcount(1)
Mar  6 10:51:10 localhost kernel: [58119.357515] [VPF ops]:[L1875][vin3_emb][C0] vpf_video_bind_context: done
Mar  6 10:51:10 localhost kernel: [58119.357521] [VPF ops]:[L439][vin3_pdaf][C0] vpf_vctx_bind_vdev: done, ctx_index(0) refcount(1)
Mar  6 10:51:10 localhost kernel: [58119.357525] [VPF ops]:[L1875][vin3_pdaf][C0] vpf_video_bind_context: done
Mar  6 10:51:10 localhost kernel: [58119.357530] [VIN_NODE]:[L38]The vin node driver version is v1.1
Mar  6 10:51:10 localhost kernel: [58119.357534] [VPF ops]:[L1031][vin3_src][C0] vpf_video_get_version: done
Mar  6 10:51:10 localhost kernel: [58119.357545] [VPF ops]:[L1079][vin3_src][C0] vpf_video_get_struct_size: done
Mar  6 10:51:10 localhost kernel: [58119.357555] [CIM]:[L247][C0]cim_video_set_attr done ret val:0
Mar  6 10:51:10 localhost kernel: [58119.357560] [L423][C0] vin_node_set_attr ipi 0 done
Mar  6 10:51:10 localhost kernel: [58119.357563] [VIN_NODE]:[L239][C0]vin_node_video_set_attr done
Mar  6 10:51:10 localhost kernel: [58119.357567] [VPF ops]:[L689][vin3_cap][C0] vpf_video_set_init_attr: done
Mar  6 10:51:10 localhost kernel: [58119.357576] vin vcon3: vcon3 open 0: flow65535 ctx0 real
Mar  6 10:51:10 localhost kernel: [58119.357581] [L624][S65535][C0][ipi0]cim_subdev_init hw_id = 3
Mar  6 10:51:10 localhost kernel: [58119.357586] [CIM]:[L247][C0]cim_video_set_attr done ret val:0
Mar  6 10:51:10 localhost kernel: [58119.357592] vin vcon3: get attr valid bus7 rx3 done
Mar  6 10:51:10 localhost kernel: [58119.357597] [L423][C0] vin_node_set_attr ipi 0 done
Mar  6 10:51:10 localhost kernel: [58119.357601] [VIN_NODE]:[L239][C0]vin_node_video_set_attr done
Mar  6 10:51:10 localhost kernel: [58119.357605] [VIO node]:[L104][vin3] vio_group_task_start: sched_mode 1
Mar  6 10:51:10 localhost kernel: [58119.357609] [VPF ops]:[L689][vin3_src][C0] vpf_video_set_init_attr: done
Mar  6 10:51:10 localhost kernel: [58119.357615] [CIM]:[L247][C0]cim_video_set_attr done ret val:0
Mar  6 10:51:10 localhost kernel: [58119.357618] [L423][C0] vin_node_set_attr ipi 0 done
Mar  6 10:51:10 localhost kernel: [58119.357622] [VIN_NODE]:[L239][C0]vin_node_video_set_attr done
Mar  6 10:51:10 localhost kernel: [58119.357625] [VPF ops]:[L689][vin3_emb][C0] vpf_video_set_init_attr: done
Mar  6 10:51:10 localhost kernel: [58119.357630] [CIM]:[L247][C0]cim_video_set_attr done ret val:0
Mar  6 10:51:10 localhost kernel: [58119.357634] [L423][C0] vin_node_set_attr ipi 0 done
Mar  6 10:51:10 localhost kernel: [58119.357637] [VIN_NODE]:[L239][C0]vin_node_video_set_attr done
Mar  6 10:51:10 localhost kernel: [58119.357640] [VPF ops]:[L689][vin3_pdaf][C0] vpf_video_set_init_attr: done
Mar  6 10:51:10 localhost kernel: [58119.357646] [VPF ops]:[L1079][vin3_src][C0] vpf_video_get_struct_size: done
Mar  6 10:51:10 localhost kernel: [58119.357652] [L709][S65535] vin_node_set_ichn_attr begin format 43 width 1088 
Mar  6 10:51:10 localhost kernel: [58119.357659] [L527][S0][ipi0]cim_set_ichn_attr done
Mar  6 10:51:10 localhost kernel: [58119.357664] [CIM]:[L309][S0]cim_video_set_ichn_attr done ret val:0
Mar  6 10:51:10 localhost kernel: [58119.357667] [L724][S0]vin_node_set_ichn_attr done
Mar  6 10:51:10 localhost kernel: [58119.357671] [VIN_NODE]:[L427][C0]vin_node_video_set_ichn_attr done
Mar  6 10:51:10 localhost kernel: [58119.357677] [L1023][S0] vin_node_reqbufs done bit_map 0x1 planecount 1 
Mar  6 10:51:10 localhost kernel: [58119.357681] [VIN_NODE]:[L743][C0]vin_node_video_reqbufs done
Mar  6 10:51:10 localhost kernel: [58119.357692] [VPF ops]:[L1193][F0] vpf_fill_frame_info: L0 use width instead of wstride
Mar  6 10:51:10 localhost kernel: [58119.357698] [VPF ops]:[L1197][F0] vpf_fill_frame_info: L0 use height instead of vstride
Mar  6 10:51:10 localhost kernel: [58119.357703] [VPF ops]:[L1193][F1] vpf_fill_frame_info: L0 use width instead of wstride
Mar  6 10:51:10 localhost kernel: [58119.357706] [VPF ops]:[L1197][F1] vpf_fill_frame_info: L0 use height instead of vstride
Mar  6 10:51:10 localhost kernel: [58119.357711] [VPF ops]:[L1193][F2] vpf_fill_frame_info: L0 use width instead of wstride
Mar  6 10:51:10 localhost kernel: [58119.357715] [VPF ops]:[L1197][F2] vpf_fill_frame_info: L0 use height instead of vstride
Mar  6 10:51:10 localhost kernel: [58119.357719] [VPF ops]:[L1193][F3] vpf_fill_frame_info: L0 use width instead of wstride
Mar  6 10:51:10 localhost kernel: [58119.357722] [VPF ops]:[L1197][F3] vpf_fill_frame_info: L0 use height instead of vstride
Mar  6 10:51:10 localhost kernel: [58119.357726] [VPF ops]:[L1193][F4] vpf_fill_frame_info: L0 use width instead of wstride
Mar  6 10:51:10 localhost kernel: [58119.357730] [VPF ops]:[L1197][F4] vpf_fill_frame_info: L0 use height instead of vstride
Mar  6 10:51:10 localhost kernel: [58119.357734] [VPF ops]:[L1193][F5] vpf_fill_frame_info: L0 use width instead of wstride
Mar  6 10:51:10 localhost kernel: [58119.357738] [VPF ops]:[L1197][F5] vpf_fill_frame_info: L0 use height instead of vstride
Mar  6 10:51:10 localhost kernel: [58119.357742] [VPF ops]:[L1193][F6] vpf_fill_frame_info: L0 use width instead of wstride
Mar  6 10:51:10 localhost kernel: [58119.357746] [VPF ops]:[L1197][F6] vpf_fill_frame_info: L0 use height instead of vstride
Mar  6 10:51:10 localhost kernel: [58119.357750] [VPF ops]:[L1193][F7] vpf_fill_frame_info: L0 use width instead of wstride
Mar  6 10:51:10 localhost kernel: [58119.357753] [VPF ops]:[L1197][F7] vpf_fill_frame_info: L0 use height instead of vstride
Mar  6 10:51:10 localhost kernel: [58119.357757] [VPF ops]:[L1193][F8] vpf_fill_frame_info: L0 use width instead of wstride
Mar  6 10:51:10 localhost kernel: [58119.357761] [VPF ops]:[L1197][F8] vpf_fill_frame_info: L0 use height instead of vstride
Mar  6 10:51:10 localhost kernel: [58119.357765] [VPF ops]:[L1193][F9] vpf_fill_frame_info: L0 use width instead of wstride
Mar  6 10:51:10 localhost kernel: [58119.357768] [VPF ops]:[L1197][F9] vpf_fill_frame_info: L0 use height instead of vstride
Mar  6 10:51:10 localhost kernel: [58119.357772] [VPF ops]:[L1193][F10] vpf_fill_frame_info: L0 use width instead of wstride
Mar  6 10:51:10 localhost kernel: [58119.357776] [VPF ops]:[L1197][F10] vpf_fill_frame_info: L0 use height instead of vstride
Mar  6 10:51:10 localhost kernel: [58119.357780] [VPF ops]:[L1193][F11] vpf_fill_frame_info: L0 use width instead of wstride
Mar  6 10:51:10 localhost kernel: [58119.357783] [VPF ops]:[L1197][F11] vpf_fill_frame_info: L0 use height instead of vstride
Mar  6 10:51:10 localhost kernel: [58119.357787] [VPF ops]:[L1193][F12] vpf_fill_frame_info: L0 use width instead of wstride
Mar  6 10:51:10 localhost kernel: [58119.357791] [VPF ops]:[L1197][F12] vpf_fill_frame_info: L0 use height instead of vstride
Mar  6 10:51:10 localhost kernel: [58119.357795] [VPF ops]:[L1193][F13] vpf_fill_frame_info: L0 use width instead of wstride
Mar  6 10:51:10 localhost kernel: [58119.357798] [VPF ops]:[L1197][F13] vpf_fill_frame_info: L0 use height instead of vstride
Mar  6 10:51:10 localhost kernel: [58119.357802] [VPF ops]:[L1193][F14] vpf_fill_frame_info: L0 use width instead of wstride
Mar  6 10:51:10 localhost kernel: [58119.357806] [VPF ops]:[L1197][F14] vpf_fill_frame_info: L0 use height instead of vstride
Mar  6 10:51:10 localhost kernel: [58119.357810] [VPF ops]:[L1193][F15] vpf_fill_frame_info: L0 use width instead of wstride
Mar  6 10:51:10 localhost kernel: [58119.357814] [VPF ops]:[L1197][F15] vpf_fill_frame_info: L0 use height instead of vstride
Mar  6 10:51:10 localhost kernel: [58119.357818] [VPF ops]:[L1325][vin3_src][C0] vpf_request_frames: reqbuf number 16
Mar  6 10:51:10 localhost kernel: [58119.357823] [VPF ops]:[L850][vin3_src][C0] vpf_video_set_ichn_attr: done
Mar  6 10:51:10 localhost kernel: [58119.357830] [VPF ops]:[L1079][vin3_src][C0] vpf_video_get_struct_size: done
Mar  6 10:51:10 localhost kernel: [58119.357837] [L236][S0] ochn0 auto calc vstride 1280
Mar  6 10:51:10 localhost kernel: [58119.357842] [L160]vin_basic_attr->format:43
Mar  6 10:51:10 localhost kernel: [58119.357846] [L425][S0][ipi0][ochn0]cim_set_ochn_attr done
Mar  6 10:51:10 localhost kernel: [58119.357850] [CIM]:[L340][S0]cim_video_set_ochn_attr done ret val:0
Mar  6 10:51:10 localhost kernel: [58119.357854] [L652][S0]vin_node_set_ochn_attr done
Mar  6 10:51:10 localhost kernel: [58119.357857] [VIN_NODE]:[L364][C0]vin_node_video_set_ochn_attr done
Mar  6 10:51:10 localhost kernel: [58119.357861] [L975]VNODE_ID_CAP wstride 2176
Mar  6 10:51:10 localhost kernel: [58119.357864] [L977]VNODE_ID_CAP vstride 1280
Mar  6 10:51:10 localhost kernel: [58119.357867] [L981]vstride 1280  planecount 1 
Mar  6 10:51:10 localhost kernel: [58119.357870] [L1023][S0] vin_node_reqbufs done bit_map 0x1 planecount 1 
Mar  6 10:51:10 localhost kernel: [58119.357874] [VIN_NODE]:[L743][C0]vin_node_video_reqbufs done
Mar  6 10:51:10 localhost kernel: [58119.357885] [VPF ops]:[L1325][vin3_cap][C0] vpf_request_frames: reqbuf number 16
Mar  6 10:51:10 localhost kernel: [58119.357889] [VPF ops]:[L978][vin3_cap][C0] vpf_video_set_ochn_attr: done
Mar  6 10:51:10 localhost kernel: [58119.357897] [VPF ops]:[L1079][vin3_src][C0] vpf_video_get_struct_size: done
Mar  6 10:51:10 localhost kernel: [58119.357909] vin mipi3: snrclk set freq cmd
Mar  6 10:51:10 localhost kernel: [58119.357923] vin mipi3: sensor3_mclk set 24000000 as 24000000
Mar  6 10:51:10 localhost kernel: [58119.357929] vin mipi3: snrclk set en cmd
Mar  6 10:51:10 localhost kernel: [58119.357932] vin mipi3: snrclk set enable
Mar  6 10:51:10 localhost kernel: [58119.357948] [L517][S0]vin_node_set_attr_ex done
Mar  6 10:51:10 localhost kernel: [58119.357952] [VIN_NODE]:[L324][C0]vin_node_video_set_attr_ex done
Mar  6 10:51:10 localhost kernel: [58119.357955] [VPF ops]:[L763][vin3_src][C0] vpf_video_set_attr_ex: done
Mar  6 10:51:10 localhost kernel: [58119.357960] [L517][S0]vin_node_set_attr_ex done
Mar  6 10:51:10 localhost kernel: [58119.357964] [VIN_NODE]:[L324][C0]vin_node_video_set_attr_ex done
Mar  6 10:51:10 localhost kernel: [58119.357967] [VPF ops]:[L763][vin3_cap][C0] vpf_video_set_attr_ex: done
Mar  6 10:51:10 localhost kernel: [58119.357974] [L975]VNODE_ID_CAP wstride 2176
Mar  6 10:51:10 localhost kernel: [58119.357977] [L977]VNODE_ID_CAP vstride 1280
Mar  6 10:51:10 localhost kernel: [58119.357981] [L981]vstride 1280  planecount 1 
Mar  6 10:51:10 localhost kernel: [58119.357984] [L1023][S0] vin_node_reqbufs done bit_map 0x1 planecount 1 
Mar  6 10:51:10 localhost kernel: [58119.357988] [VIN_NODE]:[L743][C0]vin_node_video_reqbufs done
Mar  6 10:51:10 localhost kernel: [58119.357996] [VPF ops]:[L1325][vin3_cap][C0] vpf_request_frames: reqbuf number 3
Mar  6 10:51:10 localhost kernel: [58119.358102] [VPF ops]:[L1464][vin3_cap][C0] vpf_video_reqbufs: done
Mar  6 10:51:10 localhost kernel: [58119.358121] [VPF ops]:[L2066][vin3_cap][C0] vpf_video_querybuf: done
Mar  6 10:51:10 localhost kernel: [58119.358279] [VPF ops]:[L2066][vin3_cap][C0] vpf_video_querybuf: done
Mar  6 10:51:10 localhost kernel: [58119.358371] [VPF ops]:[L2066][vin3_cap][C0] vpf_video_querybuf: done
Mar  6 10:51:10 localhost kernel: [58119.358478] [VPF ops]:[L2575][vs-isp0_src] vpf_device_open: done
Mar  6 10:51:10 localhost kernel: [58119.358496] [VPF ops]:[L2575][vs-isp0_src_pd] vpf_device_open: done
Mar  6 10:51:10 localhost kernel: [58119.358509] [VPF ops]:[L2575][vs-isp0_cap] vpf_device_open: done
Mar  6 10:51:10 localhost kernel: [58119.358522] [VPF ops]:[L2575][vs-isp0_cap_raw] vpf_device_open: done
Mar  6 10:51:10 localhost kernel: [58119.358530] [VPF ops]:[L439][vs-isp0_src][C1] vpf_vctx_bind_vdev: done, ctx_index(0) refcount(1)
Mar  6 10:51:10 localhost kernel: [58119.358537] [VPF ops]:[L1875][vs-isp0_src][C1] vpf_video_bind_context: done
Mar  6 10:51:10 localhost kernel: [58119.358543] [VPF ops]:[L439][vs-isp0_src_pd][C1] vpf_vctx_bind_vdev: done, ctx_index(0) refcount(1)
Mar  6 10:51:10 localhost kernel: [58119.358548] [VPF ops]:[L1875][vs-isp0_src_pd][C1] vpf_video_bind_context: done
Mar  6 10:51:10 localhost kernel: [58119.358553] [VPF ops]:[L439][vs-isp0_cap][C1] vpf_vctx_bind_vdev: done, ctx_index(0) refcount(1)
Mar  6 10:51:10 localhost kernel: [58119.358557] [VPF ops]:[L1875][vs-isp0_cap][C1] vpf_video_bind_context: done
Mar  6 10:51:10 localhost kernel: [58119.358563] [VPF ops]:[L439][vs-isp0_cap_raw][C1] vpf_vctx_bind_vdev: done, ctx_index(0) refcount(1)
Mar  6 10:51:10 localhost kernel: [58119.358567] [VPF ops]:[L1875][vs-isp0_cap_raw][C1] vpf_video_bind_context: done
Mar  6 10:51:10 localhost kernel: [58119.358575] [VPF ops]:[L1079][vs-isp0_src][C1] vpf_video_get_struct_size: done
Mar  6 10:51:10 localhost kernel: [58119.358582] [VPF ops]:[L689][vs-isp0_cap][C1] vpf_video_set_init_attr: done
Mar  6 10:51:10 localhost kernel: [58119.361202] [VPF ops]:[L689][vs-isp0_src][C1] vpf_video_set_init_attr: done
Mar  6 10:51:10 localhost kernel: [58119.361230] [VPF ops]:[L689][vs-isp0_src_pd][C1] vpf_video_set_init_attr: done
Mar  6 10:51:10 localhost kernel: [58119.361238] [VPF ops]:[L689][vs-isp0_cap_raw][C1] vpf_video_set_init_attr: done
Mar  6 10:51:10 localhost kernel: [58119.361250] [VPF ops]:[L1079][vs-isp0_src][C1] vpf_video_get_struct_size: done
Mar  6 10:51:10 localhost kernel: [58119.361263] isp_set_ochn_attr format=6,width=1088,stride=1088,height=1280
Mar  6 10:51:10 localhost kernel: [58119.361317] isp_video_reqbufs done bit_map 0x1 planecount 2 vctx->id:8
Mar  6 10:51:10 localhost kernel: [58119.361342] [VPF ops]:[L1325][vs-isp0_cap][C1] vpf_request_frames: reqbuf number 16
Mar  6 10:51:10 localhost kernel: [58119.361348] [VPF ops]:[L978][vs-isp0_cap][C1] vpf_video_set_ochn_attr: done
Mar  6 10:51:10 localhost kernel: [58119.361357] [VPF ops]:[L1079][vs-isp0_src][C1] vpf_video_get_struct_size: done
Mar  6 10:51:10 localhost kernel: [58119.361364] isp_video_set_ichn_attr format=2,width=1088,stride=2176,height=1280,hdr_en=0
Mar  6 10:51:10 localhost kernel: [58119.361408] isp_video_reqbufs done bit_map 0x1 planecount 1 vctx->id:0
Mar  6 10:51:10 localhost kernel: [58119.361422] [VPF ops]:[L1325][vs-isp0_src][C1] vpf_request_frames: reqbuf number 16
Mar  6 10:51:10 localhost kernel: [58119.361427] [VPF ops]:[L850][vs-isp0_src][C1] vpf_video_set_ichn_attr: done
Mar  6 10:51:10 localhost kernel: [58119.361435] isp_video_reqbufs done bit_map 0x1 planecount 2 vctx->id:8
Mar  6 10:51:10 localhost kernel: [58119.361445] [VPF ops]:[L1325][vs-isp0_cap][C1] vpf_request_frames: reqbuf number 3
Mar  6 10:51:10 localhost kernel: [58119.361570] [VPF ops]:[L1464][vs-isp0_cap][C1] vpf_video_reqbufs: done
Mar  6 10:51:10 localhost kernel: [58119.361605] [VPF ops]:[L2066][vs-isp0_cap][C1] vpf_video_querybuf: done
Mar  6 10:51:10 localhost kernel: [58119.361772] [VPF ops]:[L2066][vs-isp0_cap][C1] vpf_video_querybuf: done
Mar  6 10:51:10 localhost kernel: [58119.361864] [VPF ops]:[L2066][vs-isp0_cap][C1] vpf_video_querybuf: done
Mar  6 10:51:10 localhost kernel: [58119.361983] [VPF ops]:[L2575][flow] vpf_device_open: done
Mar  6 10:51:10 localhost kernel: [58119.361996] [VPF ops]:[L1031][flow][C0] vpf_video_get_version: done
Mar  6 10:51:10 localhost kernel: [58119.362003] [VPF ops]:[L360][S3] vpf_bind_chain: bind done
Mar  6 10:51:10 localhost kernel: [58119.362012] [VPF ops]:[L2223][flow][C3] vpf_video_bind_pipeline: done
Mar  6 10:51:10 localhost kernel: [58119.362023] [VPF ops]:[L1685][vin3_src][S3][C0] vpf_chain_add_vnode: done
Mar  6 10:51:10 localhost kernel: [58119.362027] [VPF ops]:[L1825][vin3_src][C0] vpf_video_add_vnode: done
Mar  6 10:51:10 localhost kernel: [58119.362034] [VPF ops]:[L1685][vs-isp0_src][S3][C1] vpf_chain_add_vnode: done
Mar  6 10:51:10 localhost kernel: [58119.362038] [VPF ops]:[L1825][vs-isp0_src][C1] vpf_video_add_vnode: done
Mar  6 10:51:10 localhost kernel: [58119.362257] [CIM]:[L419][S0]cim_video_get_attr done ret val:0
Mar  6 10:51:10 localhost kernel: [58119.362268] vin vcon3: get attr valid bus7 rx3 done
Mar  6 10:51:10 localhost kernel: [58119.362273] [L306][S0]vin_node_get_attr done
Mar  6 10:51:10 localhost kernel: [58119.362277] [VIN_NODE]:[L286][C0]vin_node_video_get_attr done
Mar  6 10:51:10 localhost kernel: [58119.362412] vin sensor3: camera_init_req cmd: initing
Mar  6 10:51:10 localhost kernel: [58119.626412] vin sensor3: sc132gs open i2c7@0x33
Mar  6 10:51:10 localhost kernel: [58119.626434] vin sensor3: camera_tuning_update_param done
Mar  6 10:51:10 localhost kernel: [58119.626713] vin sensor3: ctrl_mode set to user
Mar  6 10:51:10 localhost kernel: [58119.626774] vin sensor3: camera_init_result cmd: done wake
Mar  6 10:51:10 localhost kernel: [58119.626792] vin sensor3: sensor_evu_do: default to wait
Mar  6 10:51:10 localhost kernel: [58119.626823] vin sensor3: camera_set_intrinsic_param port 3 done
Mar  6 10:51:10 localhost kernel: [58119.626863] vin sensor3: sensor_attach flow3 ctx0 to sensor3 sc132gs
Mar  6 10:51:10 localhost kernel: [58119.626869] vin vcon3: flow3.ctx0 attach sensor3 done
Mar  6 10:51:10 localhost kernel: [58119.626873] vin vcon3: set internal attr attach done
Mar  6 10:51:10 localhost kernel: [58119.626887] vin mipi3: init cmd: 0 real
Mar  6 10:51:10 localhost kernel: [58119.626895] vin mipi3: 1 lane 1088x1280 30fps datatype 0x2b
Mar  6 10:51:10 localhost kernel: [58119.626902] vin mipi3: snrclk set disable
Mar  6 10:51:10 localhost kernel: [58119.626922] vin mipi3: ipiclk limit 21000000 up to 600000000
Mar  6 10:51:10 localhost kernel: [58119.626936] vin mipi3: ipiclk set 600000000 get 600000000
Mar  6 10:51:10 localhost kernel: [58119.626942] vin mipi3: dphy 1200Mbps/1lane: ppi 8bit settle 20
Mar  6 10:51:10 localhost kernel: [58119.659982] vin mipi3: linelenth: 1400, framelenth: 1500, fps: 30, ipiclk: 600000000, rx_bit_clk: 1200000000
Mar  6 10:51:10 localhost kernel: [58119.660002] vin mipi3: ipi config hsa: 4, hbp: 4, hsd: 42
Mar  6 10:51:10 localhost kernel: [58119.660009] vin mipi3: config 1/1 ipi done
Mar  6 10:51:10 localhost kernel: [58119.660014] vin mipi3: check phy stop state
Mar  6 10:51:10 localhost kernel: [58119.660021] [L587][S0]vin_node_set_internal_attr done
Mar  6 10:51:10 localhost kernel: [58119.660026] [VIN_NODE]:[L514][C0]vin_node_video_set_internal_attr done
Mar  6 10:51:10 localhost kernel: [58119.660034] [L1023][S0] vin_node_reqbufs done bit_map 0x1 planecount 1 
Mar  6 10:51:10 localhost kernel: [58119.660039] [VIN_NODE]:[L743][C0]vin_node_video_reqbufs done
Mar  6 10:51:10 localhost kernel: [58119.660043] [VPF ops]:[L1005][vin3_src][C0] vpf_video_set_inter_attr: done
Mar  6 10:51:10 localhost kernel: [58119.660060] isp_video_set_inter_attr flow_id = 3, sensor_name = sc132gs, sensor_cali_name = /app/BestMow/startup_script/sensor_config/darktime/sc132gs_tuning_right.json
Mar  6 10:51:10 localhost kernel: [58119.953290] ctx_id 1, inst id 1, sensor /app/BestMow/startup_script/sensor_config/darktime/sc132gs_tuning_right.json
Mar  6 10:51:10 localhost kernel: [58119.953313] isp_video_reqbufs done bit_map 0x1 planecount 1 vctx->id:0
Mar  6 10:51:10 localhost kernel: [58119.953318] [VPF ops]:[L1005][vs-isp0_src][C1] vpf_video_set_inter_attr: done
Mar  6 10:51:10 localhost kernel: [58119.953377] [L899][S0][V8] vin_node chn_attr format(24) slod_id(0) width(1088) height(1280) wstride(2176) vstride(1280)
Mar  6 10:51:10 localhost kernel: [58119.953386] isp_allow_bind online_mode=0,bind_type=3
Mar  6 10:51:10 localhost kernel: [58119.953421] [VPF ops]:[L319][S3] vpf_bind_vnode: vin3_cap bind_type(3) vs-isp0_src
Mar  6 10:51:10 localhost kernel: [58119.953427] [VPF ops]:[L2258][flow][C3] vpf_video_bind_vnode: done
Mar  6 10:51:10 localhost kernel: [58119.953443] [VPF chain]:[L279]vio_chain_path_show: [S3] vin3_C0*(dma)-m2m-isp0_C1
Mar  6 10:51:10 localhost kernel: [58119.953451] [VPF ops]:[L632][vs-isp0_cap][S3] vpf_prepare_buffers: done
Mar  6 10:51:10 localhost kernel: [58119.953459] isp_video_streamon inst: 1, set isp state to STARTED
Mar  6 10:51:10 localhost kernel: [58119.955433] [VPF ops]:[L1639][vs-isp0_cap][S3][C1] vpf_video_start: done start_cnt 1
Mar  6 10:51:10 localhost kernel: [58119.955453] [VPF ops]:[L1639][vs-isp0_src][S3][C1] vpf_video_start: done start_cnt 2
Mar  6 10:51:10 localhost kernel: [58119.955469] [VPF ops]:[L632][vin3_cap][S3] vpf_prepare_buffers: done
Mar  6 10:51:10 localhost kernel: [58119.955474] [VPF ops]:[L1639][vin3_cap][S3][C0] vpf_video_start: done start_cnt 1
Mar  6 10:51:10 localhost kernel: [58119.955484] [L716][S0][ipi0]cim_subdev_start ddr_en and ochn request bufs
Mar  6 10:51:10 localhost kernel: [58119.955496] [L757][S3]cim_subdev_start
Mar  6 10:51:10 localhost kernel: [58119.955500] [CIM]:[L113][S0]cim_video_streamon done ret val:0
Mar  6 10:51:10 localhost kernel: [58119.955509] vin sensor3: sensor_evk_do: wait to doing
Mar  6 10:51:10 localhost kernel: [58119.956419] vin sensor3: sensor_evk_do: done to finish
Mar  6 10:51:10 localhost kernel: [58119.956428] vin sensor3: sensor_start sc132gs flow3 start done
Mar  6 10:51:10 localhost kernel: [58119.956432] vin vcon3: sensor3 start real done
Mar  6 10:51:10 localhost kernel: [58119.956441] vin mipi3: start cmd: 0 real
Mar  6 10:51:10 localhost kernel: [58119.956446] vin mipi3: check hs reception
Mar  6 10:51:10 localhost kernel: [58119.996019] hobot-sif 3d050000.sif: sif frame size incorrect, hsize count:0x0 vsize count:0x500 for inst:0
Mar  6 10:51:10 localhost kernel: [58119.996460] vin mipi3: entry hs reception
Mar  6 10:51:10 localhost kernel: [58119.997266] [L1096][S0]vin_node_start done
Mar  6 10:51:10 localhost kernel: [58119.997270] [VIN_NODE]:[L546][C0]vin_node_video_streamon done
Mar  6 10:51:10 localhost kernel: [58119.997274] [VPF ops]:[L1639][vin3_src][S3][C0] vpf_video_start: done start_cnt 2
Nov 22 04:57:22 localhost kernel: [    0.000000] Booting Linux on physical CPU 0x0000000000 [0x412fd050]
Nov 22 04:57:22 localhost kernel: [    0.000000] Linux version 6.1.83-DR-PL5.2_V1.1.1 (root@hfz-ubuntu) (aarch64-none-linux-gnu-gcc (Arm GNU Toolchain 11.3.Rel1) 11.3.1 20220712, GNU ld (Arm GNU Toolchain 11.3.Rel1) 2.38.20220708) #11 SMP PREEMPT Wed Dec 17 17:00:02 CST 2025
Nov 22 04:57:22 localhost kernel: [    0.000000] Machine model: D-Robotics X5 EVB LP4 1_B board
Nov 22 04:57:22 localhost kernel: [    0.000000] efi: UEFI not found.
Nov 22 04:57:22 localhost kernel: [    0.000000] Reserved memory: created CMA memory pool at 0x0000000088000000, size 382 MiB
Nov 22 04:57:22 localhost kernel: [    0.000000] OF: reserved mem: initialized node linux,cma@88000000, compatible id shared-dma-pool
Nov 22 04:57:22 localhost kernel: [    0.000000] Zone ranges:
Nov 22 04:57:22 localhost kernel: [    0.000000]   DMA      [mem 0x0000000084000000-0x00000000ffffffff]
Nov 22 04:57:22 localhost kernel: [    0.000000]   DMA32    empty
Nov 22 04:57:22 localhost kernel: [    0.000000]   Normal   [mem 0x0000000100000000-0x000000017fffffff]
Nov 22 04:57:22 localhost kernel: [    0.000000] Movable zone start for each node
Nov 22 04:57:22 localhost kernel: [    0.000000] Early memory node ranges
Nov 22 04:57:22 localhost kernel: [    0.000000]   node   0: [mem 0x0000000084000000-0x000000009fe7efff]
Nov 22 04:57:22 localhost kernel: [    0.000000]   node   0: [mem 0x000000009fe7f000-0x00000000a207ffff]
Nov 22 04:57:22 localhost kernel: [    0.000000]   node   0: [mem 0x00000000a2080000-0x000000017fffffff]
Nov 22 04:57:22 localhost kernel: [    0.000000] Initmem setup node 0 [mem 0x0000000084000000-0x000000017fffffff]
Nov 22 04:57:22 localhost kernel: [    0.000000] On node 0, zone DMA: 16384 pages in unavailable ranges
Nov 22 04:57:22 localhost kernel: [    0.000000] psci: probing for conduit method from DT.
Nov 22 04:57:22 localhost kernel: [    0.000000] psci: PSCIv1.1 detected in firmware.
Nov 22 04:57:22 localhost kernel: [    0.000000] psci: Using standard PSCI v0.2 function IDs
Nov 22 04:57:22 localhost kernel: [    0.000000] psci: Trusted OS migration not required
Nov 22 04:57:22 localhost kernel: [    0.000000] psci: SMC Calling Convention v1.2
Nov 22 04:57:22 localhost kernel: [    0.000000] percpu: Embedded 18 pages/cpu s34280 r8192 d31256 u73728
Nov 22 04:57:22 localhost kernel: [    0.000000] pcpu-alloc: s34280 r8192 d31256 u73728 alloc=18*4096
Nov 22 04:57:22 localhost kernel: [    0.000000] pcpu-alloc: [0] 0 [0] 1 [0] 2 [0] 3 [0] 4 [0] 5 [0] 6 [0] 7 
Nov 22 04:57:22 localhost kernel: [    0.000000] Detected VIPT I-cache on CPU0
Nov 22 04:57:22 localhost kernel: [    0.000000] CPU features: detected: GIC system register CPU interface
Nov 22 04:57:22 localhost kernel: [    0.000000] CPU features: detected: Virtualization Host Extensions
Nov 22 04:57:22 localhost kernel: [    0.000000] CPU features: detected: Qualcomm erratum 1009, or ARM erratum 1286807, 2441009
Nov 22 04:57:22 localhost kernel: [    0.000000] CPU features: detected: ARM errata 1165522, 1319367, or 1530923
Nov 22 04:57:22 localhost kernel: [    0.000000] alternatives: applying boot alternatives
Nov 22 04:57:22 localhost kernel: [    0.000000] Built 1 zonelists, mobility grouping on.  Total pages: 1016064
Nov 22 04:57:22 localhost kernel: [    0.000000] Kernel command line: console=ttyS0,921600n8 root=/dev/mmcblk0p9 ro rootwait hobotboot.slot_suffix=_a hobotboot.reason=REBOOT_CMD hobotboot.medium=MMC hobotboot.mode=normal hobotboot.ab_switch_reason=normal hobotboot.pmic_type=single-pmic    
Nov 22 04:57:22 localhost kernel: [    0.000000] Dentry cache hash table entries: 524288 (order: 10, 4194304 bytes, linear)
Nov 22 04:57:22 localhost kernel: [    0.000000] Inode-cache hash table entries: 262144 (order: 9, 2097152 bytes, linear)
Nov 22 04:57:22 localhost kernel: [    0.000000] mem auto-init: stack:off, heap alloc:off, heap free:off
Nov 22 04:57:22 localhost kernel: [    0.000000] software IO TLB: area num 8.
Nov 22 04:57:22 localhost kernel: [    0.000000] software IO TLB: mapped [mem 0x00000000fbfff000-0x00000000fffff000] (64MB)
Nov 22 04:57:22 localhost kernel: [    0.000000] Memory: 2943588K/4128768K available (10752K kernel code, 1152K rwdata, 4092K rodata, 2176K init, 3217K bss, 794012K reserved, 391168K cma-reserved)
Nov 22 04:57:22 localhost kernel: [    0.000000] SLUB: HWalign=64, Order=0-3, MinObjects=0, CPUs=8, Nodes=1
Nov 22 04:57:22 localhost kernel: [    0.000000] rcu: Preemptible hierarchical RCU implementation.
Nov 22 04:57:22 localhost kernel: [    0.000000] rcu: 	RCU event tracing is enabled.
Nov 22 04:57:22 localhost kernel: [    0.000000] rcu: RCU calculated value of scheduler-enlistment delay is 10 jiffies.
Nov 22 04:57:22 localhost kernel: [    0.000000] NR_IRQS: 64, nr_irqs: 64, preallocated irqs: 0
Nov 22 04:57:22 localhost kernel: [    0.000000] GICv3: GIC: Using split EOI/Deactivate mode
Nov 22 04:57:22 localhost kernel: [    0.000000] GICv3: 256 SPIs implemented
Nov 22 04:57:22 localhost kernel: [    0.000000] GICv3: 0 Extended SPIs implemented
Nov 22 04:57:22 localhost kernel: [    0.000000] Root IRQ handler: gic_handle_irq
Nov 22 04:57:22 localhost kernel: [    0.000000] GICv3: GICv3 features: 16 PPIs
Nov 22 04:57:22 localhost kernel: [    0.000000] GICv3: CPU0: found redistributor 0 region 0:0x0000000030140000
Nov 22 04:57:22 localhost kernel: [    0.000000] rcu: srcu_init: Setting srcu_struct sizes based on contention.
Nov 22 04:57:22 localhost kernel: [    0.000000] arch_timer: cp15 timer(s) running at 24.00MHz (phys).
Nov 22 04:57:22 localhost kernel: [    0.000000] clocksource: arch_sys_counter: mask: 0xffffffffffffff max_cycles: 0x588fe9dc0, max_idle_ns: 440795202592 ns
Nov 22 04:57:22 localhost kernel: [    0.000000] sched_clock: 56 bits at 24MHz, resolution 41ns, wraps every 4398046511097ns
Nov 22 04:57:22 localhost kernel: [    0.000792] Console: colour dummy device 80x25
Nov 22 04:57:22 localhost kernel: [    0.000833] Calibrating delay loop (skipped), value calculated using timer frequency.. 48.00 BogoMIPS (lpj=240000)
Nov 22 04:57:22 localhost kernel: [    0.000843] pid_max: default: 32768 minimum: 301
Nov 22 04:57:22 localhost kernel: [    0.000951] Mount-cache hash table entries: 8192 (order: 4, 65536 bytes, linear)
Nov 22 04:57:22 localhost kernel: [    0.000966] Mountpoint-cache hash table entries: 8192 (order: 4, 65536 bytes, linear)
Nov 22 04:57:22 localhost kernel: [    0.002565] rcu: Hierarchical SRCU implementation.
Nov 22 04:57:22 localhost kernel: [    0.002569] rcu: 	Max phase no-delay instances is 1000.
Nov 22 04:57:22 localhost kernel: [    0.003299] EFI services will not be available.
Nov 22 04:57:22 localhost kernel: [    0.003707] smp: Bringing up secondary CPUs ...
Nov 22 04:57:22 localhost kernel: [    0.015129] Detected VIPT I-cache on CPU1
Nov 22 04:57:22 localhost kernel: [    0.015223] GICv3: CPU1: found redistributor 100 region 0:0x0000000030160000
Nov 22 04:57:22 localhost kernel: [    0.015255] CPU1: Booted secondary processor 0x0000000100 [0x412fd050]
Nov 22 04:57:22 localhost kernel: [    0.026703] Detected VIPT I-cache on CPU2
Nov 22 04:57:22 localhost kernel: [    0.026773] GICv3: CPU2: found redistributor 200 region 0:0x0000000030180000
Nov 22 04:57:22 localhost kernel: [    0.026798] CPU2: Booted secondary processor 0x0000000200 [0x412fd050]
Nov 22 04:57:22 localhost kernel: [    0.038211] Detected VIPT I-cache on CPU3
Nov 22 04:57:22 localhost kernel: [    0.038279] GICv3: CPU3: found redistributor 300 region 0:0x00000000301a0000
Nov 22 04:57:22 localhost kernel: [    0.038301] CPU3: Booted secondary processor 0x0000000300 [0x412fd050]
Nov 22 04:57:22 localhost kernel: [    0.049718] Detected VIPT I-cache on CPU4
Nov 22 04:57:22 localhost kernel: [    0.049793] GICv3: CPU4: found redistributor 400 region 0:0x00000000301c0000
Nov 22 04:57:22 localhost kernel: [    0.049813] CPU4: Booted secondary processor 0x0000000400 [0x412fd050]
Nov 22 04:57:22 localhost kernel: [    0.061225] Detected VIPT I-cache on CPU5
Nov 22 04:57:22 localhost kernel: [    0.061298] GICv3: CPU5: found redistributor 500 region 0:0x00000000301e0000
Nov 22 04:57:22 localhost kernel: [    0.061317] CPU5: Booted secondary processor 0x0000000500 [0x412fd050]
Nov 22 04:57:22 localhost kernel: [    0.072730] Detected VIPT I-cache on CPU6
Nov 22 04:57:22 localhost kernel: [    0.072805] GICv3: CPU6: found redistributor 600 region 0:0x0000000030200000
Nov 22 04:57:22 localhost kernel: [    0.072826] CPU6: Booted secondary processor 0x0000000600 [0x412fd050]
Nov 22 04:57:22 localhost kernel: [    0.084248] Detected VIPT I-cache on CPU7
Nov 22 04:57:22 localhost kernel: [    0.084329] GICv3: CPU7: found redistributor 700 region 0:0x0000000030220000
Nov 22 04:57:22 localhost kernel: [    0.084349] CPU7: Booted secondary processor 0x0000000700 [0x412fd050]
Nov 22 04:57:22 localhost kernel: [    0.084408] smp: Brought up 1 node, 8 CPUs
Nov 22 04:57:22 localhost kernel: [    0.084415] SMP: Total of 8 processors activated.
Nov 22 04:57:22 localhost kernel: [    0.084419] CPU features: detected: 32-bit EL0 Support
Nov 22 04:57:22 localhost kernel: [    0.084422] CPU features: detected: Data cache clean to the PoU not required for I/D coherence
Nov 22 04:57:22 localhost kernel: [    0.084426] CPU features: detected: Common not Private translations
Nov 22 04:57:22 localhost kernel: [    0.084429] CPU features: detected: CRC32 instructions
Nov 22 04:57:22 localhost kernel: [    0.084434] CPU features: detected: RCpc load-acquire (LDAPR)
Nov 22 04:57:22 localhost kernel: [    0.084437] CPU features: detected: LSE atomic instructions
Nov 22 04:57:22 localhost kernel: [    0.084441] CPU features: detected: Privileged Access Never
Nov 22 04:57:22 localhost kernel: [    0.084444] CPU features: detected: RAS Extension Support
Nov 22 04:57:22 localhost kernel: [    0.084449] CPU features: detected: Speculative Store Bypassing Safe (SSBS)
Nov 22 04:57:22 localhost kernel: [    0.084524] CPU: All CPU(s) started at EL2
Nov 22 04:57:22 localhost kernel: [    0.084527] alternatives: applying system-wide alternatives
Nov 22 04:57:22 localhost kernel: [    0.088167] devtmpfs: initialized
Nov 22 04:57:22 localhost kernel: [    0.105602] clocksource: jiffies: mask: 0xffffffff max_cycles: 0xffffffff, max_idle_ns: 19112604462750000 ns
Nov 22 04:57:22 localhost kernel: [    0.105619] futex hash table entries: 2048 (order: 5, 131072 bytes, linear)
Nov 22 04:57:22 localhost kernel: [    0.114232] pinctrl core: initialized pinctrl subsystem
Nov 22 04:57:22 localhost kernel: [    0.114806] DMI not present or invalid.
Nov 22 04:57:22 localhost kernel: [    0.114815] hb_pl320_mbox_init...
Nov 22 04:57:22 localhost kernel: [    0.115260] NET: Registered PF_NETLINK/PF_ROUTE protocol family
Nov 22 04:57:22 localhost kernel: [    0.115989] DMA: preallocated 512 KiB GFP_KERNEL pool for atomic allocations
Nov 22 04:57:22 localhost kernel: [    0.116107] DMA: preallocated 512 KiB GFP_KERNEL|GFP_DMA pool for atomic allocations
Nov 22 04:57:22 localhost kernel: [    0.116267] DMA: preallocated 512 KiB GFP_KERNEL|GFP_DMA32 pool for atomic allocations
Nov 22 04:57:22 localhost kernel: [    0.116315] audit: initializing netlink subsys (disabled)
Nov 22 04:57:22 localhost kernel: [    0.116453] audit: type=2000 audit(0.100:1): state=initialized audit_enabled=0 res=1
Nov 22 04:57:22 localhost kernel: [    0.116822] thermal_sys: Registered thermal governor 'step_wise'
Nov 22 04:57:22 localhost kernel: [    0.116828] thermal_sys: Registered thermal governor 'user_space'
Nov 22 04:57:22 localhost kernel: [    0.116860] cpuidle: using governor menu
Nov 22 04:57:22 localhost kernel: [    0.117025] hw-breakpoint: found 6 breakpoint and 4 watchpoint registers.
Nov 22 04:57:22 localhost kernel: [    0.117147] ASID allocator initialised with 65536 entries
Nov 22 04:57:22 localhost kernel: [    0.117336] hb_ipc_init...
Nov 22 04:57:22 localhost kernel: [    0.119165] printk: console [ramoops-1] enabled
Nov 22 04:57:22 localhost kernel: [    0.119170] pstore: Registered ramoops as persistent store backend
Nov 22 04:57:22 localhost kernel: [    0.119176] ramoops: using 0x40000@0xa4080000, ecc: 0
Nov 22 04:57:22 localhost kernel: [    0.133838] platform 3d080000.csi: Fixed dependency cycle(s) with /soc/a55_apb0/i2c@340d0000/sc230ai@30
Nov 22 04:57:22 localhost kernel: [    0.134686] amba 2c001000.funnel: Fixed dependency cycle(s) with /soc/etm@2d740000
Nov 22 04:57:22 localhost kernel: [    0.134703] amba 2c001000.funnel: Fixed dependency cycle(s) with /soc/etm@2d640000
Nov 22 04:57:22 localhost kernel: [    0.134715] amba 2c001000.funnel: Fixed dependency cycle(s) with /soc/etm@2d540000
Nov 22 04:57:22 localhost kernel: [    0.134729] amba 2c001000.funnel: Fixed dependency cycle(s) with /soc/etm@2d440000
Nov 22 04:57:22 localhost kernel: [    0.134741] amba 2c001000.funnel: Fixed dependency cycle(s) with /soc/etm@2d340000
Nov 22 04:57:22 localhost kernel: [    0.134753] amba 2c001000.funnel: Fixed dependency cycle(s) with /soc/etm@2d240000
Nov 22 04:57:22 localhost kernel: [    0.134766] amba 2c001000.funnel: Fixed dependency cycle(s) with /soc/etm@2d140000
Nov 22 04:57:22 localhost kernel: [    0.134777] amba 2c001000.funnel: Fixed dependency cycle(s) with /soc/etm@2d040000
Nov 22 04:57:22 localhost kernel: [    0.134795] amba 2c001000.funnel: Fixed dependency cycle(s) with /soc/etf@2c002000
Nov 22 04:57:22 localhost kernel: [    0.134880] amba 2c001000.funnel: Fixed dependency cycle(s) with /soc/etf@2c002000
Nov 22 04:57:22 localhost kernel: [    0.134942] amba 2c002000.etf: Fixed dependency cycle(s) with /soc/replicator@2c004000
Nov 22 04:57:22 localhost kernel: [    0.134974] amba 2c002000.etf: Fixed dependency cycle(s) with /soc/funnel@2c001000
Nov 22 04:57:22 localhost kernel: [    0.135101] amba 2c003000.etr: Fixed dependency cycle(s) with /soc/replicator@2c004000
Nov 22 04:57:22 localhost kernel: [    0.135192] amba 2c003000.etr: Fixed dependency cycle(s) with /soc/replicator@2c004000
Nov 22 04:57:22 localhost kernel: [    0.135244] amba 2c002000.etf: Fixed dependency cycle(s) with /soc/replicator@2c004000
Nov 22 04:57:22 localhost kernel: [    0.135312] amba 2c004000.replicator: Fixed dependency cycle(s) with /soc/etf@2c002000
Nov 22 04:57:22 localhost kernel: [    0.135362] amba 2c004000.replicator: Fixed dependency cycle(s) with /soc/etr@2c003000
Nov 22 04:57:22 localhost kernel: [    0.135411] amba 2c004000.replicator: Fixed dependency cycle(s) with /soc/tpiu@2c005000
Nov 22 04:57:22 localhost kernel: [    0.135486] amba 2c004000.replicator: Fixed dependency cycle(s) with /soc/tpiu@2c005000
Nov 22 04:57:22 localhost kernel: [    0.135557] amba 2c005000.tpiu: Fixed dependency cycle(s) with /soc/replicator@2c004000
Nov 22 04:57:22 localhost kernel: [    0.135755] amba 2c001000.funnel: Fixed dependency cycle(s) with /soc/etm@2d040000
Nov 22 04:57:22 localhost kernel: [    0.135828] amba 2d040000.etm: Fixed dependency cycle(s) with /soc/funnel@2c001000
Nov 22 04:57:22 localhost kernel: [    0.135987] amba 2c001000.funnel: Fixed dependency cycle(s) with /soc/etm@2d140000
Nov 22 04:57:22 localhost kernel: [    0.136060] amba 2d140000.etm: Fixed dependency cycle(s) with /soc/funnel@2c001000
Nov 22 04:57:22 localhost kernel: [    0.136209] amba 2c001000.funnel: Fixed dependency cycle(s) with /soc/etm@2d240000
Nov 22 04:57:22 localhost kernel: [    0.136284] amba 2d240000.etm: Fixed dependency cycle(s) with /soc/funnel@2c001000
Nov 22 04:57:22 localhost kernel: [    0.136442] amba 2c001000.funnel: Fixed dependency cycle(s) with /soc/etm@2d340000
Nov 22 04:57:22 localhost kernel: [    0.136518] amba 2d340000.etm: Fixed dependency cycle(s) with /soc/funnel@2c001000
Nov 22 04:57:22 localhost kernel: [    0.136673] amba 2c001000.funnel: Fixed dependency cycle(s) with /soc/etm@2d440000
Nov 22 04:57:22 localhost kernel: [    0.136744] amba 2d440000.etm: Fixed dependency cycle(s) with /soc/funnel@2c001000
Nov 22 04:57:22 localhost kernel: [    0.136896] amba 2c001000.funnel: Fixed dependency cycle(s) with /soc/etm@2d540000
Nov 22 04:57:22 localhost kernel: [    0.136975] amba 2d540000.etm: Fixed dependency cycle(s) with /soc/funnel@2c001000
Nov 22 04:57:22 localhost kernel: [    0.137128] amba 2c001000.funnel: Fixed dependency cycle(s) with /soc/etm@2d640000
Nov 22 04:57:22 localhost kernel: [    0.137203] amba 2d640000.etm: Fixed dependency cycle(s) with /soc/funnel@2c001000
Nov 22 04:57:22 localhost kernel: [    0.137359] amba 2c001000.funnel: Fixed dependency cycle(s) with /soc/etm@2d740000
Nov 22 04:57:22 localhost kernel: [    0.137435] amba 2d740000.etm: Fixed dependency cycle(s) with /soc/funnel@2c001000
Nov 22 04:57:22 localhost kernel: [    0.147631] horizon-aon-pinctrl 31040000.aon_iomuxc: Initialized D-Robotics pinctrl driver
Nov 22 04:57:22 localhost kernel: [    0.149429] (NULL device *): no horizon,gpio-banks in node /soc/disp_apb/disp_iomuxc@3e0a0054
Nov 22 04:57:22 localhost kernel: [    0.149669] horizon-disp-pinctrl 3e0a0054.disp_iomuxc: Initialized D-Robotics pinctrl driver
Nov 22 04:57:22 localhost kernel: [    0.149944] platform 3e000000.disp_apb:bt1120-wb-syscon-bridge: Fixed dependency cycle(s) with /soc/disp_apb/bt1120_bridge_wb
Nov 22 04:57:22 localhost kernel: [    0.150083] platform 3e080000.vs-sif: Fixed dependency cycle(s) with /soc/disp_apb/bt1120_bridge_wb
Nov 22 04:57:22 localhost kernel: [    0.150407] platform 3e080000.vs-sif: Fixed dependency cycle(s) with /soc/disp_apb/bt1120_bridge_wb
Nov 22 04:57:22 localhost kernel: [    0.150449] platform 3e000000.disp_apb:bt1120-wb-syscon-bridge: Fixed dependency cycle(s) with /soc/disp_apb/bt1120_bridge_wb
Nov 22 04:57:22 localhost kernel: [    0.150495] platform 3e000000.disp_apb:bt1120_bridge_wb: Fixed dependency cycle(s) with /soc/disp_apb/bt1120-wb-syscon-bridge
Nov 22 04:57:22 localhost kernel: [    0.150539] platform 3e000000.disp_apb:bt1120_bridge_wb: Fixed dependency cycle(s) with /soc/disp_apb/vs-sif@3e080000
Nov 22 04:57:22 localhost kernel: [    0.154596] horizon-hsio-pinctrl 35050000.hsio_iomuxc: Initialized D-Robotics pinctrl driver
Nov 22 04:57:22 localhost kernel: [    0.157293] horizon-dsp-pinctrl 31040014.dsp_iomuxc: Initialized D-Robotics pinctrl driver
Nov 22 04:57:22 localhost kernel: [    0.157773] hobot-pl320 33000000.mailbox0: get_mbox_dev_resource, mbox->base = (____ptrval____)
Nov 22 04:57:22 localhost kernel: [    0.158383] hobot-pl320 33000000.mailbox0: PL320 Mailbox registered
Nov 22 04:57:22 localhost kernel: [    0.164008] horizon-lsio-pinctrl 34180000.lsio_iomuxc: Initialized D-Robotics pinctrl driver
Nov 22 04:57:22 localhost kernel: [    0.167154] KASLR disabled due to lack of seed
Nov 22 04:57:22 localhost kernel: [    0.167242] sysfs: cannot create duplicate filename '/module/hobot_pps/version'
Nov 22 04:57:22 localhost kernel: [    0.167248] CPU: 0 PID: 1 Comm: swapper/0 Not tainted 6.1.83-DR-PL5.2_V1.1.1 #11
Nov 22 04:57:22 localhost kernel: [    0.167254] Hardware name: D-Robotics X5 EVB LP4 1_B board (DT)
Nov 22 04:57:22 localhost kernel: [    0.167259] Call trace:
Nov 22 04:57:22 localhost kernel: [    0.167262]  dump_backtrace+0xd8/0x130
Nov 22 04:57:22 localhost kernel: [    0.167277]  show_stack+0x18/0x30
Nov 22 04:57:22 localhost kernel: [    0.167286]  dump_stack_lvl+0x68/0x84
Nov 22 04:57:22 localhost kernel: [    0.167295]  dump_stack+0x18/0x34
Nov 22 04:57:22 localhost kernel: [    0.167301]  sysfs_warn_dup+0x64/0x80
Nov 22 04:57:22 localhost kernel: [    0.167310]  sysfs_add_file_mode_ns+0x124/0x130
Nov 22 04:57:22 localhost kernel: [    0.167315]  sysfs_create_file_ns+0x7c/0xb4
Nov 22 04:57:22 localhost kernel: [    0.167322]  param_sysfs_init+0xa8/0x1e0
Nov 22 04:57:22 localhost kernel: [    0.167333]  do_one_initcall+0x50/0x1d0
Nov 22 04:57:22 localhost kernel: [    0.167340]  kernel_init_freeable+0x218/0x280
Nov 22 04:57:22 localhost kernel: [    0.167348]  kernel_init+0x24/0x130
Nov 22 04:57:22 localhost kernel: [    0.167354]  ret_from_fork+0x10/0x20
Nov 22 04:57:22 localhost kernel: [    0.167370] ------------[ cut here ]------------
Nov 22 04:57:22 localhost kernel: [    0.167372] WARNING: CPU: 0 PID: 1 at kernel/params.c:877 param_sysfs_init+0xac/0x1e0
Nov 22 04:57:22 localhost kernel: [    0.167382] Modules linked in:
Nov 22 04:57:22 localhost kernel: [    0.167388] CPU: 0 PID: 1 Comm: swapper/0 Not tainted 6.1.83-DR-PL5.2_V1.1.1 #11
Nov 22 04:57:22 localhost kernel: [    0.167395] Hardware name: D-Robotics X5 EVB LP4 1_B board (DT)
Nov 22 04:57:22 localhost kernel: [    0.167398] pstate: 60400009 (nZCv daif +PAN -UAO -TCO -DIT -SSBS BTYPE=--)
Nov 22 04:57:22 localhost kernel: [    0.167404] pc : param_sysfs_init+0xac/0x1e0
Nov 22 04:57:22 localhost kernel: [    0.167410] lr : param_sysfs_init+0xa8/0x1e0
Nov 22 04:57:22 localhost kernel: [    0.167417] sp : ffff80000956bd30
Nov 22 04:57:22 localhost kernel: [    0.167422] x29: ffff80000956bd30 x28: 0000000000000000 x27: ffff800008ea00c8
Nov 22 04:57:22 localhost kernel: [    0.167434] x26: ffff800008f26050 x25: ffff800008f26078 x24: ffff800008e88fe0
Nov 22 04:57:22 localhost kernel: [    0.167445] x23: ffff8000091e5000 x22: 0000000000000000 x21: ffff800008e8c070
Nov 22 04:57:22 localhost kernel: [    0.167456] x20: ffff000080dbce00 x19: ffff800008e8be30 x18: ffffffffffffffff
Nov 22 04:57:22 localhost kernel: [    0.167465] x17: 312e312e31565f32 x16: 2e354c502d52442d x15: ffff80008956b4ca
Nov 22 04:57:22 localhost kernel: [    0.167474] x14: 0000000000000000 x13: ffff8000090d9eb0 x12: 000000000000022e
Nov 22 04:57:22 localhost kernel: [    0.167484] x11: 00000000000000ba x10: ffff800009131eb0 x9 : ffff8000090d9eb0
Nov 22 04:57:22 localhost kernel: [    0.167493] x8 : 00000000ffffefff x7 : ffff800009131eb0 x6 : 0000000000002210
Nov 22 04:57:22 localhost kernel: [    0.167502] x5 : ffff000080044000 x4 : ffff0000ff6ca6d0 x3 : 0000000000000000
Nov 22 04:57:22 localhost kernel: [    0.167512] x2 : 0000000000000000 x1 : ffff000080080000 x0 : 00000000ffffffef
Nov 22 04:57:22 localhost kernel: [    0.167524] Call trace:
Nov 22 04:57:22 localhost kernel: [    0.167527]  param_sysfs_init+0xac/0x1e0
Nov 22 04:57:22 localhost kernel: [    0.167533]  do_one_initcall+0x50/0x1d0
Nov 22 04:57:22 localhost kernel: [    0.167540]  kernel_init_freeable+0x218/0x280
Nov 22 04:57:22 localhost kernel: [    0.167547]  kernel_init+0x24/0x130
Nov 22 04:57:22 localhost kernel: [    0.167555]  ret_from_fork+0x10/0x20
Nov 22 04:57:22 localhost kernel: [    0.167563] ---[ end trace 0000000000000000 ]---
Nov 22 04:57:22 localhost kernel: [    0.172159] HugeTLB: registered 1.00 GiB page size, pre-allocated 0 pages
Nov 22 04:57:22 localhost kernel: [    0.172165] HugeTLB: 0 KiB vmemmap can be freed for a 1.00 GiB page
Nov 22 04:57:22 localhost kernel: [    0.172169] HugeTLB: registered 32.0 MiB page size, pre-allocated 0 pages
Nov 22 04:57:22 localhost kernel: [    0.172173] HugeTLB: 0 KiB vmemmap can be freed for a 32.0 MiB page
Nov 22 04:57:22 localhost kernel: [    0.172178] HugeTLB: registered 2.00 MiB page size, pre-allocated 0 pages
Nov 22 04:57:22 localhost kernel: [    0.172183] HugeTLB: 0 KiB vmemmap can be freed for a 2.00 MiB page
Nov 22 04:57:22 localhost kernel: [    0.172188] HugeTLB: registered 64.0 KiB page size, pre-allocated 0 pages
Nov 22 04:57:22 localhost kernel: [    0.172191] HugeTLB: 0 KiB vmemmap can be freed for a 64.0 KiB page
Nov 22 04:57:22 localhost kernel: [    0.173091] noc_qos 20500000.cpu_ace_qos: qos doesn't have consumer device
Nov 22 04:57:22 localhost kernel: [    0.173120] noc_qos 20500000.cpu_ace_qos: noc qos init finished.
Nov 22 04:57:22 localhost kernel: [    0.173175] noc_qos 20500100.cpu_perif_qos: qos doesn't have consumer device
Nov 22 04:57:22 localhost kernel: [    0.173196] noc_qos 20500100.cpu_perif_qos: noc qos init finished.
Nov 22 04:57:22 localhost kernel: [    0.173253] noc_qos 20510000.bt1120_qos: qos doesn't have consumer device
Nov 22 04:57:22 localhost kernel: [    0.173282] noc_qos 20510000.bt1120_qos: noc qos init finished.
Nov 22 04:57:22 localhost kernel: [    0.173336] noc_qos 20510080.dc8000_qos: qos doesn't have consumer device
Nov 22 04:57:22 localhost kernel: [    0.173361] noc_qos 20510080.dc8000_qos: noc qos init finished.
Nov 22 04:57:22 localhost kernel: [    0.173417] noc_qos 20510100.dw230_gdc_qos: qos doesn't have consumer device
Nov 22 04:57:22 localhost kernel: [    0.173440] noc_qos 20510100.dw230_gdc_qos: noc qos init finished.
Nov 22 04:57:22 localhost kernel: [    0.173494] noc_qos 20510180.dw230_scalar2_qos: qos doesn't have consumer device
Nov 22 04:57:22 localhost kernel: [    0.173520] noc_qos 20510180.dw230_scalar2_qos: noc qos init finished.
Nov 22 04:57:22 localhost kernel: [    0.173575] noc_qos 20510200.dw230_scalar3_qos: qos doesn't have consumer device
Nov 22 04:57:22 localhost kernel: [    0.173598] noc_qos 20510200.dw230_scalar3_qos: noc qos init finished.
Nov 22 04:57:22 localhost kernel: [    0.173659] noc_qos 20510500.sif0_qos: qos doesn't have consumer device
Nov 22 04:57:22 localhost kernel: [    0.173686] noc_qos 20510500.sif0_qos: noc qos init finished.
Nov 22 04:57:22 localhost kernel: [    0.173739] noc_qos 20510580.sif1_qos: qos doesn't have consumer device
Nov 22 04:57:22 localhost kernel: [    0.173765] noc_qos 20510580.sif1_qos: noc qos init finished.
Nov 22 04:57:22 localhost kernel: [    0.173818] noc_qos 20510600.sif2_qos: qos doesn't have consumer device
Nov 22 04:57:22 localhost kernel: [    0.173841] noc_qos 20510600.sif2_qos: noc qos init finished.
Nov 22 04:57:22 localhost kernel: [    0.173897] noc_qos 20510680.sif3_qos: qos doesn't have consumer device
Nov 22 04:57:22 localhost kernel: [    0.173927] noc_qos 20510680.sif3_qos: noc qos init finished.
Nov 22 04:57:22 localhost kernel: [    0.173982] noc_qos 20510700.sif_disp_qos: qos doesn't have consumer device
Nov 22 04:57:22 localhost kernel: [    0.174006] noc_qos 20510700.sif_disp_qos: noc qos init finished.
Nov 22 04:57:22 localhost kernel: [    0.174061] noc_qos 20550000.dma0_qos: qos doesn't have consumer device
Nov 22 04:57:22 localhost kernel: [    0.174084] noc_qos 20550000.dma0_qos: noc qos init finished.
Nov 22 04:57:22 localhost kernel: [    0.174135] noc_qos 20550080.emmc_qos: qos doesn't have consumer device
Nov 22 04:57:22 localhost kernel: [    0.174165] noc_qos 20550080.emmc_qos: noc qos init finished.
Nov 22 04:57:22 localhost kernel: [    0.174214] noc_qos 20550100.gmac_qos: qos doesn't have consumer device
Nov 22 04:57:22 localhost kernel: [    0.174239] noc_qos 20550100.gmac_qos: noc qos init finished.
Nov 22 04:57:22 localhost kernel: [    0.174295] noc_qos 20550180.sd_qos: qos doesn't have consumer device
Nov 22 04:57:22 localhost kernel: [    0.174319] noc_qos 20550180.sd_qos: noc qos init finished.
Nov 22 04:57:22 localhost kernel: [    0.174395] noc_qos 20550200.sdio_qos: qos doesn't have consumer device
Nov 22 04:57:22 localhost kernel: [    0.174425] noc_qos 20550200.sdio_qos: noc qos init finished.
Nov 22 04:57:22 localhost kernel: [    0.174474] noc_qos 20550280.security_qos: qos doesn't have consumer device
Nov 22 04:57:22 localhost kernel: [    0.174495] noc_qos 20550280.security_qos: noc qos init finished.
Nov 22 04:57:22 localhost kernel: [    0.174549] noc_qos 20550300.usb2_qos: qos doesn't have consumer device
Nov 22 04:57:22 localhost kernel: [    0.174576] noc_qos 20550300.usb2_qos: noc qos init finished.
Nov 22 04:57:22 localhost kernel: [    0.174628] noc_qos 20550380.usb3_qos: qos doesn't have consumer device
Nov 22 04:57:22 localhost kernel: [    0.174660] noc_qos 20550380.usb3_qos: noc qos init finished.
Nov 22 04:57:22 localhost kernel: [    0.174711] noc_qos 20550400.etr_qos: qos doesn't have consumer device
Nov 22 04:57:22 localhost kernel: [    0.174733] noc_qos 20550400.etr_qos: noc qos init finished.
Nov 22 04:57:22 localhost kernel: [    0.175544] iommu: Default domain type: Translated 
Nov 22 04:57:22 localhost kernel: [    0.175550] iommu: DMA domain TLB invalidation policy: strict mode 
Nov 22 04:57:22 localhost kernel: [    0.177236] SCSI subsystem initialized
Nov 22 04:57:22 localhost kernel: [    0.177344] usbcore: registered new interface driver usbfs
Nov 22 04:57:22 localhost kernel: [    0.177368] usbcore: registered new interface driver hub
Nov 22 04:57:22 localhost kernel: [    0.177393] usbcore: registered new device driver usb
Nov 22 04:57:22 localhost kernel: [    0.177660] mc: Linux media interface: v0.10
Nov 22 04:57:22 localhost kernel: [    0.177689] videodev: Linux video capture interface: v2.00
Nov 22 04:57:22 localhost kernel: [    0.177715] pps_core: LinuxPPS API ver. 1 registered
Nov 22 04:57:22 localhost kernel: [    0.177719] pps_core: Software ver. 5.3.6 - Copyright 2005-2007 Rodolfo Giometti <giometti@linux.it>
Nov 22 04:57:22 localhost kernel: [    0.177732] PTP clock support registered
Nov 22 04:57:22 localhost kernel: [    0.177974] hobot_ion: Reserved ion-pool MEM start 0xa4100000, size 0xc000000
Nov 22 04:57:22 localhost kernel: [    0.178028] hobot_ion: Reserved ion-carveout MEM start 0xb0100000, size 0xc000000
Nov 22 04:57:22 localhost kernel: [    0.178116] hobot_ion: Reserved ion-cma MEM start 0xbc100000, size 0xc000000
Nov 22 04:57:22 localhost kernel: [    0.199710] Advanced Linux Sound Architecture Driver Initialized.
Nov 22 04:57:22 localhost kernel: [    0.200242] clocksource: Switched to clocksource arch_sys_counter
Nov 22 04:57:22 localhost kernel: [    0.204989] NET: Registered PF_INET protocol family
Nov 22 04:57:22 localhost kernel: [    0.205125] IP idents hash table entries: 65536 (order: 7, 524288 bytes, linear)
Nov 22 04:57:22 localhost kernel: [    0.207404] tcp_listen_portaddr_hash hash table entries: 2048 (order: 3, 32768 bytes, linear)
Nov 22 04:57:22 localhost kernel: [    0.207432] Table-perturb hash table entries: 65536 (order: 6, 262144 bytes, linear)
Nov 22 04:57:22 localhost kernel: [    0.207444] TCP established hash table entries: 32768 (order: 6, 262144 bytes, linear)
Nov 22 04:57:22 localhost kernel: [    0.207590] TCP bind hash table entries: 32768 (order: 8, 1048576 bytes, linear)
Nov 22 04:57:22 localhost kernel: [    0.208180] TCP: Hash tables configured (established 32768 bind 32768)
Nov 22 04:57:22 localhost kernel: [    0.208253] UDP hash table entries: 2048 (order: 4, 65536 bytes, linear)
Nov 22 04:57:22 localhost kernel: [    0.208299] UDP-Lite hash table entries: 2048 (order: 4, 65536 bytes, linear)
Nov 22 04:57:22 localhost kernel: [    0.208439] NET: Registered PF_UNIX/PF_LOCAL protocol family
Nov 22 04:57:22 localhost kernel: [    0.208667] RPC: Registered named UNIX socket transport module.
Nov 22 04:57:22 localhost kernel: [    0.208672] RPC: Registered udp transport module.
Nov 22 04:57:22 localhost kernel: [    0.208674] RPC: Registered tcp transport module.
Nov 22 04:57:22 localhost kernel: [    0.208677] RPC: Registered tcp NFSv4.1 backchannel transport module.
Nov 22 04:57:22 localhost kernel: [    0.209722] hw perfevents: enabled with armv8_pmuv3 PMU driver, 7 counters available
Nov 22 04:57:22 localhost kernel: [    0.211372] Initialise system trusted keyrings
Nov 22 04:57:22 localhost kernel: [    0.211472] workingset: timestamp_bits=46 max_order=20 bucket_order=0
Nov 22 04:57:22 localhost kernel: [    0.215003] pstore: success mode=2
Nov 22 04:57:22 localhost kernel: [    0.243346] NET: Registered PF_ALG protocol family
Nov 22 04:57:22 localhost kernel: [    0.243359] Key type asymmetric registered
Nov 22 04:57:22 localhost kernel: [    0.243362] Asymmetric key parser 'x509' registered
Nov 22 04:57:22 localhost kernel: [    0.243395] Block layer SCSI generic (bsg) driver version 0.4 loaded (major 246)
Nov 22 04:57:22 localhost kernel: [    0.243401] io scheduler mq-deadline registered
Nov 22 04:57:22 localhost kernel: [    0.243406] io scheduler kyber registered
Nov 22 04:57:22 localhost kernel: [    0.250279] dw_axi_dmac_platform 32080000.dma-controller: DesignWare AXI DMA Controller, 8 channels
Nov 22 04:57:22 localhost kernel: [    0.250822] dw_axi_dmac_platform 34200000.dma-controller: DesignWare AXI DMA Controller, 12 channels
Nov 22 04:57:22 localhost kernel: [    0.250879] Start socinfo driver init
Nov 22 04:57:22 localhost kernel: [    0.250919] socinfo 31021008.socinfo: Start socinfo probe.
Nov 22 04:57:22 localhost kernel: [    0.250970] socinfo 31021008.socinfo: Socinfo probe end with retval: 0
Nov 22 04:57:22 localhost kernel: [    0.251505] axi_monitor 38100000.axi-mon: AXI-Clk: 800000000Hz
Nov 22 04:57:22 localhost kernel: [    0.251517] axi_monitor 38100000.axi-mon: APB-Clk: 200000000Hz
Nov 22 04:57:22 localhost kernel: [    0.251522] axi_monitor 38100000.axi-mon: Maximum session time 343000 millisecs
Nov 22 04:57:22 localhost kernel: [    0.251539] axi_monitor 38100000.axi-mon: Got axi-port num:5
Nov 22 04:57:22 localhost kernel: [    0.251547] axi_monitor 38100000.axi-mon: Got new axi-port:cpu, idx:0
Nov 22 04:57:22 localhost kernel: [    0.251553] axi_monitor 38100000.axi-mon: Got new axi-port:bpu, idx:1
Nov 22 04:57:22 localhost kernel: [    0.251560] axi_monitor 38100000.axi-mon: Got new axi-port:vin, idx:2
Nov 22 04:57:22 localhost kernel: [    0.251567] axi_monitor 38100000.axi-mon: Got new axi-port:codec, idx:3
Nov 22 04:57:22 localhost kernel: [    0.251573] axi_monitor 38100000.axi-mon: Got new axi-port:gpu, idx:4
Nov 22 04:57:22 localhost kernel: [    0.251730] axi_monitor 38100000.axi-mon: DDR Perf Monitor probed successfully.
Nov 22 04:57:22 localhost kernel: [    0.252452] hobot_dsp_init start
Nov 22 04:57:22 localhost kernel: [    0.252574] hobot-dsp dsp0: hobot_dsp_probe start
Nov 22 04:57:22 localhost kernel: [    0.252582] hobot-dsp dsp0: dsp_smmu_init: dsp0 DMA mask 32bit.
Nov 22 04:57:22 localhost kernel: [    0.252744] hobot-dsp dsp0: hobot_dsp_probe dsp0 Registered successfully
Nov 22 04:57:22 localhost kernel: [    0.252783] hobot_dsp_init end
Nov 22 04:57:22 localhost kernel: [    0.254743] Serial: 8250/16550 driver, 8 ports, IRQ sharing disabled
Nov 22 04:57:22 localhost kernel: [    0.256397] printk: console [ttyS0] disabled
Nov 22 04:57:22 localhost kernel: [    0.256442] 32120000.serial: ttyS0 at MMIO 0x32120000 (irq = 29, base_baud = 12656250) is a 16550A
Nov 22 04:57:22 localhost kernel: [    0.257680] printk: console [ttyS0] enabled
Nov 22 04:57:22 localhost kernel: [    0.258178] 34080000.serial: ttyS2 at MMIO 0x34080000 (irq = 30, base_baud = 12500000) is a 16550A
Nov 22 04:57:22 localhost kernel: [    0.258662] 34090000.serial: ttyS3 at MMIO 0x34090000 (irq = 31, base_baud = 12500000) is a 16550A
Nov 22 04:57:22 localhost kernel: [    0.259133] 340a0000.serial: ttyS4 at MMIO 0x340a0000 (irq = 32, base_baud = 12500000) is a 16550A
Nov 22 04:57:22 localhost kernel: [    0.259601] 341a0000.serial: ttyS5 at MMIO 0x341a0000 (irq = 33, base_baud = 12500000) is a 16550A
Nov 22 04:57:22 localhost kernel: [    0.266170] brd: module loaded
Nov 22 04:57:22 localhost kernel: [    0.269747] loop: module loaded
Nov 22 04:57:22 localhost kernel: [    0.271415] dw_spi_mmio 35000000.spi: bit_offset = 0
Nov 22 04:57:22 localhost kernel: [    0.271477] dw_spi_mmio 35000000.spi: DMA init failed
Nov 22 04:57:22 localhost kernel: [    0.460255] random: crng init done
Nov 22 04:57:22 localhost kernel: [    0.671998] spi-nand: probe of spi7.0 failed with error -110
Nov 22 04:57:22 localhost kernel: [    0.672472] dw_spi_mmio 34020000.spi: bit_offset = 0
Nov 22 04:57:22 localhost kernel: [    0.673816] CAN device driver interface
Nov 22 04:57:22 localhost kernel: [    1.688887] mcp251x spi2.0: MCP251x didn't enter in conf mode after reset
Nov 22 04:57:22 localhost kernel: [    1.689825] mcp251x spi2.0: Probe failed, err=110
Nov 22 04:57:22 localhost kernel: [    1.690462] mcp251x: probe of spi2.0 failed with error -110
Nov 22 04:57:22 localhost kernel: [    1.691032] dwc-eth-dwmac 35010000.gmac-tsn: phy is in rmii mode
Nov 22 04:57:22 localhost kernel: [    1.691047] dwc-eth-dwmac 35010000.gmac-tsn: set enet rmii and clk turn on
Nov 22 04:57:22 localhost kernel: [    1.691058] dwc-eth-dwmac 35010000.gmac-tsn: x5_eqos: clk_prepare_enable axi_clk rate=400000000 Hz
Nov 22 04:57:22 localhost kernel: [    1.691069] dwc-eth-dwmac 35010000.gmac-tsn: x5_eqos: clk_prepare_enable rgmii_clk rate=125000000 Hz
Nov 22 04:57:22 localhost kernel: [    1.691115] dwc-eth-dwmac 35010000.gmac-tsn: test phy is in rmii mode phyreset 1
Nov 22 04:57:22 localhost kernel: [    1.810249] dwc-eth-dwmac 35010000.gmac-tsn: test phy is in rmii mode phyreset 0 
Nov 22 04:57:22 localhost kernel: [    1.930248] dwc-eth-dwmac 35010000.gmac-tsn: test phy is in rmii mode phyreset 1
Nov 22 04:57:22 localhost kernel: [    1.930365] dwc-eth-dwmac 35010000.gmac-tsn: User ID: 0x10, Synopsys ID: 0x53
Nov 22 04:57:22 localhost kernel: [    1.930374] dwc-eth-dwmac 35010000.gmac-tsn: 	DWMAC4/5
Nov 22 04:57:22 localhost kernel: [    1.930381] dwc-eth-dwmac 35010000.gmac-tsn: DMA HW capability register supported
Nov 22 04:57:22 localhost kernel: [    1.930386] dwc-eth-dwmac 35010000.gmac-tsn: RX Checksum Offload Engine supported
Nov 22 04:57:22 localhost kernel: [    1.930390] dwc-eth-dwmac 35010000.gmac-tsn: TX Checksum insertion supported
Nov 22 04:57:22 localhost kernel: [    1.930394] dwc-eth-dwmac 35010000.gmac-tsn: Wake-Up On Lan supported
Nov 22 04:57:22 localhost kernel: [    1.930430] dwc-eth-dwmac 35010000.gmac-tsn: TSO supported
Nov 22 04:57:22 localhost kernel: [    1.930439] dwc-eth-dwmac 35010000.gmac-tsn: Enable RX Mitigation via HW Watchdog Timer
Nov 22 04:57:22 localhost kernel: [    1.930455] dwc-eth-dwmac 35010000.gmac-tsn: device MAC address 0e:a4:2c:34:3f:73
Nov 22 04:57:22 localhost kernel: [    1.930463] dwc-eth-dwmac 35010000.gmac-tsn: Enabled L3L4 Flow TC (entries=8)
Nov 22 04:57:22 localhost kernel: [    1.930470] dwc-eth-dwmac 35010000.gmac-tsn: Enabled RFS Flow TC (entries=10)
Nov 22 04:57:22 localhost kernel: [    1.930479] dwc-eth-dwmac 35010000.gmac-tsn: Enabling HW TC (entries=128, max_off=256)
Nov 22 04:57:22 localhost kernel: [    1.930486] dwc-eth-dwmac 35010000.gmac-tsn: TSO feature enabled
Nov 22 04:57:22 localhost kernel: [    1.930491] dwc-eth-dwmac 35010000.gmac-tsn: Using 40/40 bits DMA host/device width
Nov 22 04:57:22 localhost kernel: [    1.938822] usbcore: registered new interface driver cdc_ether
Nov 22 04:57:22 localhost kernel: [    1.938847] usbcore: registered new interface driver r8153_ecm
Nov 22 04:57:22 localhost kernel: [    1.940485] usbcore: registered new interface driver cdc_acm
Nov 22 04:57:22 localhost kernel: [    1.940490] cdc_acm: USB Abstract Control Model driver for USB modems and ISDN adapters
Nov 22 04:57:22 localhost kernel: [    1.940593] usbcore: registered new interface driver uas
Nov 22 04:57:22 localhost kernel: [    1.940626] usbcore: registered new interface driver usb-storage
Nov 22 04:57:22 localhost kernel: [    1.940677] usbcore: registered new interface driver ch341
Nov 22 04:57:22 localhost kernel: [    1.940692] usbserial: USB Serial support registered for ch341-uart
Nov 22 04:57:22 localhost kernel: [    1.940708] usbcore: registered new interface driver cp210x
Nov 22 04:57:22 localhost kernel: [    1.940722] usbserial: USB Serial support registered for cp210x
Nov 22 04:57:22 localhost kernel: [    1.940740] usbcore: registered new interface driver ftdi_sio
Nov 22 04:57:22 localhost kernel: [    1.940752] usbserial: USB Serial support registered for FTDI USB Serial Device
Nov 22 04:57:22 localhost kernel: [    1.940769] usbcore: registered new interface driver option
Nov 22 04:57:22 localhost kernel: [    1.940785] usbserial: USB Serial support registered for GSM modem (1-port)
Nov 22 04:57:22 localhost kernel: [    1.940803] usbcore: registered new interface driver pl2303
Nov 22 04:57:22 localhost kernel: [    1.940814] usbserial: USB Serial support registered for pl2303
Nov 22 04:57:22 localhost kernel: [    1.940833] usbcore: registered new interface driver wishbone_serial
Nov 22 04:57:22 localhost kernel: [    1.940848] usbserial: USB Serial support registered for wishbone_serial
Nov 22 04:57:22 localhost kernel: [    1.941935] dw-rtc 31010000.rtc: registered as rtc0
Nov 22 04:57:22 localhost kernel: [    1.941953] dw-rtc 31010000.rtc: setting system clock to 1970-01-01T00:00:00 UTC (0)
Nov 22 04:57:22 localhost kernel: [    1.942062] i2c_dev: i2c /dev entries driver
Nov 22 04:57:22 localhost kernel: [    1.942351] pps pps0: new PPS source hobot_pps.-1
Nov 22 04:57:22 localhost kernel: [    1.942358] hobot-pps hobot_pps: register PPS source name:hobot_pps.-1
Nov 22 04:57:22 localhost kernel: [    1.942387] pps pps0: Registered IRQ 39 as PPS source
Nov 22 04:57:22 localhost kernel: [    1.942436] Error: Driver 'hobot-pps' is already registered, aborting...
Nov 22 04:57:22 localhost kernel: [    1.945429] hwmon hwmon0: temp2_input not attached to any thermal zone
Nov 22 04:57:22 localhost kernel: [    1.945761] dw_wdt 34250000.watchdog: No valid TOPs array specified
Nov 22 04:57:22 localhost kernel: [    1.946043] device-mapper: uevent: version 1.0.3
Nov 22 04:57:22 localhost kernel: [    1.946171] device-mapper: ioctl: 4.47.0-ioctl (2022-07-28) initialised: dm-devel@redhat.com
Nov 22 04:57:22 localhost kernel: [    1.946752] sdhci: Secure Digital Host Controller Interface driver
Nov 22 04:57:22 localhost kernel: [    1.946757] sdhci: Copyright(c) Pierre Ossman
Nov 22 04:57:22 localhost kernel: [    1.946760] sdhci-pltfm: SDHCI platform and OF driver helper
Nov 22 04:57:22 localhost kernel: [    1.947230] usbcore: registered new interface driver usbhid
Nov 22 04:57:22 localhost kernel: [    1.947236] usbhid: USB HID core driver
Nov 22 04:57:22 localhost kernel: [    1.947280] sdhci-dwcmshc 35030000.sdhci: mmc set to fixed voltage 1800
Nov 22 04:57:22 localhost kernel: [    1.947314] sdhci-dwcmshc 35040000.sdhci: MSHC_CTRL:0x40
Nov 22 04:57:22 localhost kernel: [    1.947343] logger: created 2048K log 'log_main'
Nov 22 04:57:22 localhost kernel: [    1.947399] logger: created 256K log 'log_events'
Nov 22 04:57:22 localhost kernel: [    1.947491] logger: created 256K log 'log_radio'
Nov 22 04:57:22 localhost kernel: [    1.947550] logger: created 256K log 'log_system'
Nov 22 04:57:22 localhost kernel: [    1.947602] bootloader-log soc:membuff: log stored in 0x87ffc000, size 0x2000
Nov 22 04:57:22 localhost kernel: [    1.947803] module version 0.1 init
Nov 22 04:57:22 localhost kernel: [    1.948011] ipc-shm-hal: ipc_hal_probe(): IPCF device can't register major number.
Nov 22 04:57:22 localhost kernel: [    1.948978] hobot-ipc-hal: probe of ipc_hal failed with error -16
Nov 22 04:57:22 localhost kernel: [    1.949425] x5-ddrc-devfreq soc:ddrc-freq: userspace_gov: 1
Nov 22 04:57:22 localhost kernel: [    1.950005] x5-dfi 38200000.dfi-monitor: apb clk rate: 200000000, interval: 1
Nov 22 04:57:22 localhost kernel: [    1.951724]  cs_system_cfg: CoreSight Configuration manager initialised
Nov 22 04:57:22 localhost kernel: [    1.952200] coresight-tmc 2c003000.etr: Detected dma mask 40bits
Nov 22 04:57:22 localhost kernel: [    1.954322] CSCFG registered etm0
Nov 22 04:57:22 localhost kernel: [    1.954327] coresight etm0: CPU0: etm v4.2 initialized
Nov 22 04:57:22 localhost kernel: [    1.954655] CSCFG registered etm1
Nov 22 04:57:22 localhost kernel: [    1.954659] coresight etm1: CPU1: etm v4.2 initialized
Nov 22 04:57:22 localhost kernel: [    1.955004] CSCFG registered etm2
Nov 22 04:57:22 localhost kernel: [    1.955009] coresight etm2: CPU2: etm v4.2 initialized
Nov 22 04:57:22 localhost kernel: [    1.955340] CSCFG registered etm3
Nov 22 04:57:22 localhost kernel: [    1.955345] coresight etm3: CPU3: etm v4.2 initialized
Nov 22 04:57:22 localhost kernel: [    1.955684] CSCFG registered etm4
Nov 22 04:57:22 localhost kernel: [    1.955688] coresight etm4: CPU4: etm v4.2 initialized
Nov 22 04:57:22 localhost kernel: [    1.956025] CSCFG registered etm5
Nov 22 04:57:22 localhost kernel: [    1.956030] coresight etm5: CPU5: etm v4.2 initialized
Nov 22 04:57:22 localhost kernel: [    1.956359] CSCFG registered etm6
Nov 22 04:57:22 localhost kernel: [    1.956364] coresight etm6: CPU6: etm v4.2 initialized
Nov 22 04:57:22 localhost kernel: [    1.956715] CSCFG registered etm7
Nov 22 04:57:22 localhost kernel: [    1.956719] coresight etm7: CPU7: etm v4.2 initialized
Nov 22 04:57:22 localhost kernel: [    1.957173] coresight cti_sys0: CTI initialized
Nov 22 04:57:22 localhost kernel: [    1.957408] coresight cti_cpu0: CTI initialized
Nov 22 04:57:22 localhost kernel: [    1.957633] coresight cti_cpu1: CTI initialized
Nov 22 04:57:22 localhost kernel: [    1.957865] coresight cti_cpu2: CTI initialized
Nov 22 04:57:22 localhost kernel: [    1.958091] coresight cti_cpu3: CTI initialized
Nov 22 04:57:22 localhost kernel: [    1.958317] coresight cti_cpu4: CTI initialized
Nov 22 04:57:22 localhost kernel: [    1.958544] coresight cti_cpu5: CTI initialized
Nov 22 04:57:22 localhost kernel: [    1.958776] coresight cti_cpu6: CTI initialized
Nov 22 04:57:22 localhost kernel: [    1.959006] coresight cti_cpu7: CTI initialized
Nov 22 04:57:22 localhost kernel: [    1.959431] optee: probing for conduit method.
Nov 22 04:57:22 localhost kernel: [    1.959453] optee: revision 3.20 (05a6c9de)
Nov 22 04:57:22 localhost kernel: [    1.959604] optee: dynamic shared memory is enabled
Nov 22 04:57:22 localhost kernel: [    1.960405] optee: initialized driver
Nov 22 04:57:22 localhost kernel: [    1.961136] ipc-wrapper ipc-wrapper: AUDIO : audio wrapper probe
Nov 22 04:57:22 localhost kernel: [    1.961595] cpu_dai_driver cpu-dai: AUDIO : ALSA cpu-dai driver probe succ
Nov 22 04:57:22 localhost kernel: [    1.961680] cpu_dai_driver cpu-dai: AUDIO : ALSA platform driver probe succ
Nov 22 04:57:22 localhost kernel: [    1.966675] machine-driver sound-machine: AUDIO : ALSA machine driver probe succ
Nov 22 04:57:22 localhost kernel: [    1.967660] GACT probability NOT on
Nov 22 04:57:22 localhost kernel: [    1.967730] u32 classifier
Nov 22 04:57:22 localhost kernel: [    1.967734]     input device check on
Nov 22 04:57:22 localhost kernel: [    1.967737]     Actions configured
Nov 22 04:57:22 localhost kernel: [    1.967900] NET: Registered PF_PACKET protocol family
Nov 22 04:57:22 localhost kernel: [    1.967913] NET: Registered PF_KEY protocol family
Nov 22 04:57:22 localhost kernel: [    1.967918] can: controller area network core
Nov 22 04:57:22 localhost kernel: [    1.967953] NET: Registered PF_CAN protocol family
Nov 22 04:57:22 localhost kernel: [    1.967960] can: raw protocol
Nov 22 04:57:22 localhost kernel: [    1.967967] can: broadcast manager protocol
Nov 22 04:57:22 localhost kernel: [    1.967974] can: netlink gateway - max_hops=1
Nov 22 04:57:22 localhost kernel: [    1.968070] 8021q: 802.1Q VLAN Support v1.8
Nov 22 04:57:22 localhost kernel: [    1.968090] Found lo, alias (efault) on irq 0
Nov 22 04:57:22 localhost kernel: [    1.968094] MAC: 00:00:00:00:00:00
Nov 22 04:57:22 localhost kernel: [    1.968098] Tx queue length: 1000
Nov 22 04:57:22 localhost kernel: [    1.968104] Invalid capabilities for NIC (lo), dropping from TSN list
Nov 22 04:57:22 localhost kernel: [    1.968108] Found eth0, alias (efault) on irq 37
Nov 22 04:57:22 localhost kernel: [    1.968111] MAC: 0e:a4:2c:34:3f:73
Nov 22 04:57:22 localhost kernel: [    1.968116] Tx queue length: 1000
Nov 22 04:57:22 localhost kernel: [    1.968119] Invalid capabilities for NIC (eth0), dropping from TSN list
Nov 22 04:57:22 localhost kernel: [    1.968122] tsn_init_module: No capable NIC found. Perhaps load with in_debug=1 ?
Nov 22 04:57:22 localhost kernel: [    1.969321] registered taskstats version 1
Nov 22 04:57:22 localhost kernel: [    1.969327] Loading compiled-in X.509 certificates
Nov 22 04:57:22 localhost kernel: [    1.972256] Loaded X.509 cert 'Build time autogenerated kernel key: 7f38c1279589266c0f81acc4333e85d1784f4822'
Nov 22 04:57:22 localhost kernel: [    1.972346] Key type .fscrypt registered
Nov 22 04:57:22 localhost kernel: [    1.972351] Key type fscrypt-provisioning registered
Nov 22 04:57:22 localhost kernel: [    1.973094] pstore: Using crash dump compression: deflate
Nov 22 04:57:22 localhost kernel: [    1.975633] 
Nov 22 04:57:22 localhost kernel: [    1.975638] ********************************************************************
Nov 22 04:57:22 localhost kernel: [    1.975641] **     NOTICE NOTICE NOTICE NOTICE NOTICE NOTICE NOTICE           **
Nov 22 04:57:22 localhost kernel: [    1.975644] **                                                                **
Nov 22 04:57:22 localhost kernel: [    1.975647] **  WRITEABLE clk DebugFS SUPPORT HAS BEEN ENABLED IN THIS KERNEL **
Nov 22 04:57:22 localhost kernel: [    1.975650] **                                                                **
Nov 22 04:57:22 localhost kernel: [    1.975652] ** This means that this kernel is built to expose clk operations  **
Nov 22 04:57:22 localhost kernel: [    1.975655] ** such as parent or rate setting, enabling, disabling, etc.      **
Nov 22 04:57:22 localhost kernel: [    1.975657] ** to userspace, which may compromise security on your system.    **
Nov 22 04:57:22 localhost kernel: [    1.975660] **                                                                **
Nov 22 04:57:22 localhost kernel: [    1.975662] ** If you see this message and you are not debugging the          **
Nov 22 04:57:22 localhost kernel: [    1.975665] ** kernel, report this immediately to your vendor!                **
Nov 22 04:57:22 localhost kernel: [    1.975668] **                                                                **
Nov 22 04:57:22 localhost kernel: [    1.975673] **     NOTICE NOTICE NOTICE NOTICE NOTICE NOTICE NOTICE           **
Nov 22 04:57:22 localhost kernel: [    1.975675] ********************************************************************
Nov 22 04:57:22 localhost kernel: [    1.978483] mmc0: SDHCI controller on 35040000.sdhci [35040000.sdhci] using ADMA 64-bit
Nov 22 04:57:22 localhost kernel: [    1.985555] i2c_designware 320a0000.i2c: running with gpio recovery mode! scl,sda
Nov 22 04:57:22 localhost kernel: [    1.985726] i2c i2c-7: using pinctrl states for GPIO recovery
Nov 22 04:57:22 localhost kernel: [    1.986261] i2c_designware 340b0000.i2c: running with gpio recovery mode! scl,sda
Nov 22 04:57:22 localhost kernel: [    1.986405] i2c i2c-0: using pinctrl states for GPIO recovery
Nov 22 04:57:22 localhost kernel: [    1.986916] i2c_designware 340d0000.i2c: running with gpio recovery mode! scl,sda
Nov 22 04:57:22 localhost kernel: [    1.987046] i2c i2c-2: using pinctrl states for GPIO recovery
Nov 22 04:57:22 localhost kernel: [    1.987179] hpu3501 2-001c: Found hpu3501-regulator node, register regulator
Nov 22 04:57:22 localhost kernel: [    1.987309] hpu3501-regulator hpu3501-regulator.1.auto: fault_cfgr will be default value
Nov 22 04:57:22 localhost kernel: [    1.987316] hpu3501-regulator hpu3501-regulator.1.auto: ocp_cfg1r will be default value
Nov 22 04:57:22 localhost kernel: [    1.987320] hpu3501-regulator hpu3501-regulator.1.auto: ocp_cfg2r will be default value
Nov 22 04:57:22 localhost kernel: [    1.987325] hpu3501-regulator hpu3501-regulator.1.auto: reg 0x53 will be default value 0x4
Nov 22 04:57:22 localhost kernel: [    1.988054] VCC_BPU: Bringing 0uV into 800000-800000uV
Nov 22 04:57:22 localhost kernel: [    2.000363] hpu3501 set reg 0x53 to 0x4
Nov 22 04:57:22 localhost kernel: [    2.000669] hpu3501 2-001c: Found hpu3501-rtc node, register rtc
Nov 22 04:57:22 localhost kernel: [    2.000933] platform 3d080000.csi: Fixed dependency cycle(s) with /soc/a55_apb0/i2c@340d0000/sc230ai@30
Nov 22 04:57:22 localhost kernel: [    2.001063] i2c 2-0030: Fixed dependency cycle(s) with /soc/cam/csi@3d080000
Nov 22 04:57:22 localhost kernel: [    2.001789] i2c_designware 340e0000.i2c: running with gpio recovery mode! scl,sda
Nov 22 04:57:22 localhost kernel: [    2.001910] i2c i2c-3: using pinctrl states for GPIO recovery
Nov 22 04:57:22 localhost kernel: [    2.002377] i2c_designware 340f0000.i2c: running with gpio recovery mode! scl,sda
Nov 22 04:57:22 localhost kernel: [    2.002491] i2c i2c-4: using pinctrl states for GPIO recovery
Nov 22 04:57:22 localhost kernel: [    2.003000] xhci-hcd xhci-hcd.3.auto: xHCI Host Controller
Nov 22 04:57:22 localhost kernel: [    2.003017] xhci-hcd xhci-hcd.3.auto: new USB bus registered, assigned bus number 1
Nov 22 04:57:22 localhost kernel: [    2.003351] xhci-hcd xhci-hcd.3.auto: hcc params 0x0220fe6d hci version 0x110 quirks 0x0000008000010090
Nov 22 04:57:22 localhost kernel: [    2.003385] xhci-hcd xhci-hcd.3.auto: irq 52, io mem 0x35100000
Nov 22 04:57:22 localhost kernel: [    2.003479] xhci-hcd xhci-hcd.3.auto: xHCI Host Controller
Nov 22 04:57:22 localhost kernel: [    2.003490] xhci-hcd xhci-hcd.3.auto: new USB bus registered, assigned bus number 2
Nov 22 04:57:22 localhost kernel: [    2.003500] xhci-hcd xhci-hcd.3.auto: Host supports USB 3.0 SuperSpeed
Nov 22 04:57:22 localhost kernel: [    2.003872] hub 1-0:1.0: USB hub found
Nov 22 04:57:22 localhost kernel: [    2.003896] hub 1-0:1.0: 1 port detected
Nov 22 04:57:22 localhost kernel: [    2.004128] usb usb2: We don't know the algorithms for LPM for this host, disabling LPM.
Nov 22 04:57:22 localhost kernel: [    2.004444] hub 2-0:1.0: USB hub found
Nov 22 04:57:22 localhost kernel: [    2.004467] hub 2-0:1.0: 1 port detected
Nov 22 04:57:22 localhost kernel: [    2.008916] x5-ddrc-devfreq soc:ddrc-freq: userspace_gov: 1
Nov 22 04:57:22 localhost kernel: [    2.009390] guc 34190000.adc: ADC calibration: 17
Nov 22 04:57:22 localhost kernel: [    2.009403] guc 34190000.adc: ADC trimming: 8
Nov 22 04:57:22 localhost kernel: [    2.009952] guc 34190000.adc: GUC Initialize Finish
Nov 22 04:57:22 localhost kernel: [    2.011835] noc_qos 20530000.video_qos: noc qos init finished.
Nov 22 04:57:22 localhost kernel: [    2.013000] noc_qos 20530080.jpeg_qos: noc qos init finished.
Nov 22 04:57:22 localhost kernel: [    2.014178] noc_qos 20510280.isp_axi5_hdr_qos: noc qos init finished.
Nov 22 04:57:22 localhost kernel: [    2.015346] noc_qos 20510300.isp_axi4_mcm_qos: noc qos init finished.
Nov 22 04:57:22 localhost kernel: [    2.016504] noc_qos 20510380.isp_axi3_sp2_qos: noc qos init finished.
Nov 22 04:57:22 localhost kernel: [    2.017658] noc_qos 20510480.isp_axi1_mp_qos: noc qos init finished.
Nov 22 04:57:22 localhost kernel: [    2.021784] mmc0: new HS200 MMC card at address 0001
Nov 22 04:57:22 localhost kernel: [    2.021993] noc_qos 20540080.gpu3d_qos: noc qos init finished.
Nov 22 04:57:22 localhost kernel: [    2.022178] mmcblk0: mmc0:0001 TB2916 14.6 GiB 
Nov 22 04:57:22 localhost kernel: [    2.024655]  mmcblk0: p1 p2 p3 p4 p5 p6 p7 p8 p9 p10 p11 p12 p13
Nov 22 04:57:22 localhost kernel: [    2.025860] mmcblk0boot0: mmc0:0001 TB2916 4.00 MiB 
Nov 22 04:57:22 localhost kernel: [    2.026380] noc_qos 20540000.gpu2d_qos: noc qos init finished.
Nov 22 04:57:22 localhost kernel: [    2.026627] mmcblk0boot1: mmc0:0001 TB2916 4.00 MiB 
Nov 22 04:57:22 localhost kernel: [    2.027276] mmcblk0rpmb: mmc0:0001 TB2916 4.00 MiB, chardev (243:0)
Nov 22 04:57:22 localhost kernel: [    2.032451] noc_qos 20520000.bpu_qos: noc qos init finished.
Nov 22 04:57:22 localhost kernel: [    2.033715] noc_qos 20560000.hifi5_qos: consumer device is disabled, so qos isn't supported
Nov 22 04:57:22 localhost kernel: [    2.033741] noc_qos: probe of 20560000.hifi5_qos failed with error -1
Nov 22 04:57:22 localhost kernel: [    2.047368] sdhci-dwcmshc 35030000.sdhci: MSHC_CTRL:0x0
Nov 22 04:57:22 localhost kernel: [    2.049184] input: gpio-keys as /devices/platform/gpio-keys/input/input0
Nov 22 04:57:22 localhost kernel: [    2.049507] hobot_remoteproc_init start
Nov 22 04:57:22 localhost kernel: [    2.049772] hobot_remoteproc_init end
Nov 22 04:57:22 localhost kernel: [    2.050003] ALSA device list:
Nov 22 04:57:22 localhost kernel: [    2.050007]   #0: gua-audio
Nov 22 04:57:22 localhost kernel: [    2.050140] dw-apb-uart 32120000.serial: forbid DMA for kernel console
Nov 22 04:57:22 localhost kernel: [    2.072818] mmc2: SDHCI controller on 35030000.sdhci [35030000.sdhci] using ADMA 64-bit
Nov 22 04:57:22 localhost kernel: [    2.076844] EXT4-fs (mmcblk0p9): INFO: recovery required on readonly filesystem
Nov 22 04:57:22 localhost kernel: [    2.076852] EXT4-fs (mmcblk0p9): write access will be enabled during recovery
Nov 22 04:57:22 localhost kernel: [    2.087631] mmc2: new high speed SDIO card at address 0001
Nov 22 04:57:22 localhost kernel: [    2.120565] xhci-hcd xhci-hcd.4.auto: xHCI Host Controller
Nov 22 04:57:22 localhost kernel: [    2.120585] xhci-hcd xhci-hcd.4.auto: new USB bus registered, assigned bus number 3
Nov 22 04:57:22 localhost kernel: [    2.120682] xhci-hcd xhci-hcd.4.auto: USB3 root hub has no ports
Nov 22 04:57:22 localhost kernel: [    2.120691] xhci-hcd xhci-hcd.4.auto: hcc params 0x0220fe6d hci version 0x110 quirks 0x0000008000010090
Nov 22 04:57:22 localhost kernel: [    2.120734] xhci-hcd xhci-hcd.4.auto: irq 53, io mem 0x35300000
Nov 22 04:57:22 localhost kernel: [    2.121533] hub 3-0:1.0: USB hub found
Nov 22 04:57:22 localhost kernel: [    2.121562] hub 3-0:1.0: 1 port detected
Nov 22 04:57:22 localhost kernel: [    2.270098] EXT4-fs (mmcblk0p9): recovery complete
Nov 22 04:57:22 localhost kernel: [    2.282664] EXT4-fs (mmcblk0p9): mounted filesystem with ordered data mode. Quota mode: disabled.
Nov 22 04:57:22 localhost kernel: [    2.282716] VFS: Mounted root (ext4 filesystem) readonly on device 259:1.
Nov 22 04:57:22 localhost kernel: [    2.283172] devtmpfs: mounted
Nov 22 04:57:22 localhost kernel: [    2.283679] Freeing unused kernel memory: 2176K
Nov 22 04:57:22 localhost kernel: [    2.283793] Run /sbin/init as init process
Nov 22 04:57:22 localhost kernel: [    2.283799]   with arguments:
Nov 22 04:57:22 localhost kernel: [    2.283804]     /sbin/init
Nov 22 04:57:22 localhost kernel: [    2.283808]   with environment:
Nov 22 04:57:22 localhost kernel: [    2.283813]     HOME=/
Nov 22 04:57:22 localhost kernel: [    2.283816]     TERM=linux
Nov 22 04:57:22 localhost kernel: [    4.590203] EXT4-fs (mmcblk0p9): re-mounted. Quota mode: disabled.
Nov 22 04:57:22 localhost kernel: [    5.973519] [VIN_NODE]:[L1078]hobot_vin_node_probe hw_id 0 done
Nov 22 04:57:22 localhost kernel: [    5.973538] VIN_NODE soc:cam:vin_node@0: [FRT:D] hobot_vin_node_probe(0)
Nov 22 04:57:22 localhost kernel: [    5.973687] [VIN_NODE]:[L1078]hobot_vin_node_probe hw_id 1 done
Nov 22 04:57:22 localhost kernel: [    5.973696] VIN_NODE soc:cam:vin_node@1: [FRT:D] hobot_vin_node_probe(0)
Nov 22 04:57:22 localhost kernel: [    5.973821] [VIN_NODE]:[L1078]hobot_vin_node_probe hw_id 2 done
Nov 22 04:57:22 localhost kernel: [    5.973828] VIN_NODE soc:cam:vin_node@2: [FRT:D] hobot_vin_node_probe(0)
Nov 22 04:57:22 localhost kernel: [    5.973954] [VIN_NODE]:[L1078]hobot_vin_node_probe hw_id 3 done
Nov 22 04:57:22 localhost kernel: [    5.973961] VIN_NODE soc:cam:vin_node@3: [FRT:D] hobot_vin_node_probe(0)
Nov 22 04:57:22 localhost kernel: [    5.976674] hb_jpu 3b010000.jpu: Adding to iommu group 7
Nov 22 04:57:22 localhost kernel: [    5.989312] hb_vpu 3b000000.vpu: Adding to iommu group 6
Nov 22 04:57:22 localhost kernel: [    6.012216] nano2d 3c010000.gc820: Adding to iommu group 9
Nov 22 04:57:22 localhost kernel: [    6.012318] nano2d 3c010000.gc820: clk name: pclk, freq = 200000000.
Nov 22 04:57:22 localhost kernel: [    6.012339] nano2d 3c010000.gc820: clk name: aclk, freq = 750000000.
Nov 22 04:57:22 localhost kernel: [    6.012354] nano2d 3c010000.gc820: clk name: clk1x, freq = 750000000.
Nov 22 04:57:22 localhost kernel: [    6.012503] gpu_parse_dt: register base(3c010000), irq(60).
Nov 22 04:57:22 localhost kernel: [    6.018865] start to add opp table.
Nov 22 04:57:22 localhost kernel: [    6.018899] finish to add opp table 4.
Nov 22 04:57:22 localhost kernel: [    6.018961] Galcore version 6.4.14.9.674707
Nov 22 04:57:22 localhost kernel: [    6.020310] create /dev/nano2d device.
Nov 22 04:57:22 localhost kernel: [    6.020481] Insmod parameters:
Nov 22 04:57:22 localhost kernel: [    6.020493] device[0] core[0]
Nov 22 04:57:22 localhost kernel: [    6.020497]   irq line:60
Nov 22 04:57:22 localhost kernel: [    6.020500]   register base:0x3c010000
Nov 22 04:57:22 localhost kernel: [    6.020505]   register size:0x10000
Nov 22 04:57:22 localhost kernel: [    6.020508] 
Nov 22 04:57:22 localhost kernel: [    6.020511]   iommu enabled
Nov 22 04:57:22 localhost kernel: [    6.020515]   contiguous base:0x0
Nov 22 04:57:22 localhost kernel: [    6.020519]   contiguous size:0x0
Nov 22 04:57:22 localhost kernel: [    6.020522]   command contiguous base:0x0
Nov 22 04:57:22 localhost kernel: [    6.020525]   command contiguous size:0x0
Nov 22 04:57:22 localhost kernel: [    6.020527] 
Nov 22 04:57:22 localhost kernel: [    6.023724] hobot_vpu_dev: [VPUDRV]vpu_init_system_mem:7158: vpu IO memory resource: physical base addr = 0x3b000000,virtual base addr = ffff80000a5b0000
Nov 22 04:57:22 localhost kernel: [    6.038705] [VPF mgr]:[L271]vpf_alloc_minor_number: minor[0] bit1 is used
Nov 22 04:57:22 localhost kernel: [    6.038985] aicbsp_init
Nov 22 04:57:22 localhost kernel: [    6.039003] RELEASE_DATE:2025_0410_b99ca8b6
Nov 22 04:57:22 localhost kernel: [    6.039007] aicbsp_resv_mem_init 
Nov 22 04:57:22 localhost kernel: [    6.039055] [HOBOT_LPWM-0] (lpwm_platform_init): ctrl_reg = 0
Nov 22 04:57:22 localhost kernel: [    6.039286] [VIN_NODE]:[L610]type 3 vin_register_device_node done
Nov 22 04:57:22 localhost kernel: [    6.039296] [HOBOT_LPWM-0] (hobot_lpwm_probe): Probe success
Nov 22 04:57:22 localhost kernel: [    6.040300] [VPF mgr]:[L271]vpf_alloc_minor_number: minor[0] bit2 is used
Nov 22 04:57:22 localhost kernel: [    6.042162] [VPF mgr]:[L271]vpf_alloc_minor_number: minor[0] bit3 is used
Nov 22 04:57:22 localhost kernel: [    6.044770] [VPF mgr]:[L271]vpf_alloc_minor_number: minor[0] bit4 is used
Nov 22 04:57:22 localhost kernel: [    6.047214] [CODEC_NODE]:[L647]hobot_codec_node_probe start
Nov 22 04:57:22 localhost kernel: [    6.047246] [VPF mgr]:[L271]vpf_alloc_minor_number: minor[0] bit5 is used
Nov 22 04:57:22 localhost kernel: [    6.048071] [VPF mgr]:[L271]vpf_alloc_minor_number: minor[0] bit6 is used
Nov 22 04:57:22 localhost kernel: [    6.048890] [VPF mgr]:[L271]vpf_alloc_minor_number: minor[0] bit7 is used
Nov 22 04:57:22 localhost kernel: [    6.049017] nano2D: after probe, allocate_count = 28
Nov 22 04:57:22 localhost kernel: [    6.058600] [CODEC_NODE]:[L670][FRT:D] hobot_codec_node_probe(0)
Nov 22 04:57:22 localhost kernel: [    6.104300] [INFO][HOBOT_OSD](osd_probe) done
Nov 22 04:57:22 localhost kernel: [    6.285398] dwc-eth-dwmac 35010000.gmac-tsn eth0: Register MEM_TYPE_PAGE_POOL RxQ-0
Nov 22 04:57:22 localhost kernel: [    6.285859] dwc-eth-dwmac 35010000.gmac-tsn eth0: Register MEM_TYPE_PAGE_POOL RxQ-1
Nov 22 04:57:22 localhost kernel: [    6.286300] dwc-eth-dwmac 35010000.gmac-tsn eth0: Register MEM_TYPE_PAGE_POOL RxQ-2
Nov 22 04:57:22 localhost kernel: [    6.286748] dwc-eth-dwmac 35010000.gmac-tsn eth0: Register MEM_TYPE_PAGE_POOL RxQ-3
Nov 22 04:57:22 localhost kernel: [    6.287838] dwc-eth-dwmac 35010000.gmac-tsn eth0: validation of  with support 00000000,00000000,00006000 and advertisement 00000000,00000000,00000000 failed: -EINVAL
Nov 22 04:57:22 localhost kernel: [    6.287905] dwc-eth-dwmac 35010000.gmac-tsn eth0: __stmmac_open: Cannot attach to PHY (error: -22)
Nov 22 04:57:22 localhost kernel: [    7.037016] vs-cam-pulse 3d0b008c.cam_pulse: cam_pulse_probe successfully done!
Nov 22 04:57:22 localhost kernel: [    7.067613] vin vcon0: self rx0 attr 0x521 bus 7 probe
Nov 22 04:57:22 localhost kernel: [    7.067843] vin vcon1: self rx1 attr 0x521 bus 4 probe
Nov 22 04:57:22 localhost kernel: [    7.067997] vin vcon2: self rx2 attr 0x5a1 bus 7 probe
Nov 22 04:57:22 localhost kernel: [    7.068295] vin vcon3: self rx3 attr 0x521 bus 7 probe
Nov 22 04:57:22 localhost kernel: [    7.068686] [VIN_NODE]:[L610]type 2 vin_register_device_node done
Nov 22 04:57:22 localhost kernel: [    7.068698] vin vcon: init 4 vcon done
Nov 22 04:57:22 localhost kernel: [    7.089122] hobot-sif 3d020000.sif: Adding to iommu group 1
Nov 22 04:57:22 localhost kernel: [    7.089414] [VIN_NODE]:[L845]hw_id 0 vin_device_node_init done
Nov 22 04:57:22 localhost kernel: [    7.089442] [VPF mgr]:[L271]vpf_alloc_minor_number: minor[0] bit8 is used
Nov 22 04:57:22 localhost kernel: [    7.089578] [VPF mgr]:[L271]vpf_alloc_minor_number: minor[0] bit9 is used
Nov 22 04:57:22 localhost kernel: [    7.089674] [VPF mgr]:[L271]vpf_alloc_minor_number: minor[0] bit10 is used
Nov 22 04:57:22 localhost kernel: [    7.089772] [VPF mgr]:[L271]vpf_alloc_minor_number: minor[0] bit11 is used
Nov 22 04:57:22 localhost kernel: [    7.089847] [VIN_NODE]:[L999][S0]vin_node_device_node_init hw_id 0 done
Nov 22 04:57:22 localhost kernel: [    7.089898] hobot-sif 3d020000.sif: [FRT:D] cim_probe(0)
Nov 22 04:57:22 localhost kernel: [    7.089906] [CIM]:[L1014]cim_probe hw_id 0 done, time used: 730us
Nov 22 04:57:22 localhost kernel: [    7.090129] hobot-sif 3d030000.sif: Adding to iommu group 1
Nov 22 04:57:22 localhost kernel: [    7.090559] [VIN_NODE]:[L845]hw_id 1 vin_device_node_init done
Nov 22 04:57:22 localhost kernel: [    7.090584] [VPF mgr]:[L271]vpf_alloc_minor_number: minor[0] bit12 is used
Nov 22 04:57:22 localhost kernel: [    7.090915] [VPF mgr]:[L271]vpf_alloc_minor_number: minor[0] bit13 is used
Nov 22 04:57:22 localhost kernel: [    7.091097] [VPF mgr]:[L271]vpf_alloc_minor_number: minor[0] bit14 is used
Nov 22 04:57:22 localhost kernel: [    7.091201] [VPF mgr]:[L271]vpf_alloc_minor_number: minor[0] bit15 is used
Nov 22 04:57:22 localhost kernel: [    7.091278] [VIN_NODE]:[L999][S0]vin_node_device_node_init hw_id 1 done
Nov 22 04:57:22 localhost kernel: [    7.091704] hobot-sif 3d030000.sif: [FRT:D] cim_probe(0)
Nov 22 04:57:22 localhost kernel: [    7.091712] [CIM]:[L1014]cim_probe hw_id 1 done, time used: 1500us
Nov 22 04:57:22 localhost kernel: [    7.092024] hobot-sif 3d040000.sif: Adding to iommu group 1
Nov 22 04:57:22 localhost kernel: [    7.092295] [VIN_NODE]:[L845]hw_id 2 vin_device_node_init done
Nov 22 04:57:22 localhost kernel: [    7.092319] [VPF mgr]:[L271]vpf_alloc_minor_number: minor[0] bit16 is used
Nov 22 04:57:22 localhost kernel: [    7.092438] [VPF mgr]:[L271]vpf_alloc_minor_number: minor[0] bit17 is used
Nov 22 04:57:22 localhost kernel: [    7.092515] [VPF mgr]:[L271]vpf_alloc_minor_number: minor[0] bit18 is used
Nov 22 04:57:22 localhost kernel: [    7.092613] [VPF mgr]:[L271]vpf_alloc_minor_number: minor[0] bit19 is used
Nov 22 04:57:22 localhost kernel: [    7.092775] [VIN_NODE]:[L999][S0]vin_node_device_node_init hw_id 2 done
Nov 22 04:57:22 localhost kernel: [    7.092873] hobot-sif 3d040000.sif: [FRT:D] cim_probe(0)
Nov 22 04:57:22 localhost kernel: [    7.092881] [CIM]:[L1014]cim_probe hw_id 2 done, time used: 831us
Nov 22 04:57:22 localhost kernel: [    7.093125] hobot-sif 3d050000.sif: Adding to iommu group 1
Nov 22 04:57:22 localhost kernel: [    7.093427] [VIN_NODE]:[L845]hw_id 3 vin_device_node_init done
Nov 22 04:57:22 localhost kernel: [    7.093452] [VPF mgr]:[L271]vpf_alloc_minor_number: minor[0] bit20 is used
Nov 22 04:57:22 localhost kernel: [    7.099450] [VPF mgr]:[L271]vpf_alloc_minor_number: minor[0] bit21 is used
Nov 22 04:57:22 localhost kernel: [    7.099724] [VPF mgr]:[L271]vpf_alloc_minor_number: minor[0] bit22 is used
Nov 22 04:57:22 localhost kernel: [    7.099813] [VPF mgr]:[L271]vpf_alloc_minor_number: minor[0] bit23 is used
Nov 22 04:57:22 localhost kernel: [    7.099898] [VIN_NODE]:[L999][S0]vin_node_device_node_init hw_id 3 done
Nov 22 04:57:22 localhost kernel: [    7.099948] hobot-sif 3d050000.sif: [FRT:D] cim_probe(0)
Nov 22 04:57:22 localhost kernel: [    7.099956] [CIM]:[L1014]cim_probe hw_id 3 done, time used: 6751us
Nov 22 04:57:22 localhost kernel: [    7.100466] [VIN_NODE]:[L610]type 0 vin_register_device_node done
Nov 22 04:57:22 localhost kernel: [    7.124251] vin sensor: init 24 sensor v1.0 done
Nov 22 04:57:22 localhost kernel: [    7.140953] vin mipi0: probe with x5sys done
Nov 22 04:57:22 localhost kernel: [    7.153447] CAM_SUBSYS soc:cam:cam_sys@0: [FRT:D] camsys_probe(0)
Nov 22 04:57:22 localhost kernel: [    7.163470] vin mipi0: snrclk set disable
Nov 22 04:57:22 localhost kernel: [    7.163505] vin mipi0: ver 0154 port0(0:0)
Nov 22 04:57:22 localhost kernel: [    7.163928] vin mipi1: snrclk set disable
Nov 22 04:57:22 localhost kernel: [    7.163954] vin mipi1: ver 0154 port1(0:1)
Nov 22 04:57:22 localhost kernel: [    7.164225] vin mipi2: snrclk set disable
Nov 22 04:57:22 localhost kernel: [    7.164247] vin mipi2: ver 0154 port2(1:0)
Nov 22 04:57:22 localhost kernel: [    7.164593] vin mipi3: snrclk set disable
Nov 22 04:57:22 localhost kernel: [    7.164615] vin mipi3: ver 0154 port3(1:1)
Nov 22 04:57:22 localhost kernel: [    7.165054] [VIN_NODE]:[L610]type 1 vin_register_device_node done
Nov 22 04:57:22 localhost kernel: [    7.165065] vin mipi-tx: dev0 dummy setcb
Nov 22 04:57:22 localhost kernel: [    7.165068] vin mipi-tx: dev1 dummy setcb
Nov 22 04:57:22 localhost kernel: [    7.165071] vin mipi: init 4 rx 2 tx done
Nov 22 04:57:22 localhost kernel: [    7.175722] vin mipi: phy debug probed
Nov 22 04:57:22 localhost kernel: [    7.175913] vin mipi0: debug probed
Nov 22 04:57:22 localhost kernel: [    7.176071] vin mipi1: debug probed
Nov 22 04:57:22 localhost kernel: [    7.176239] vin mipi2: debug probed
Nov 22 04:57:22 localhost kernel: [    7.176419] vin mipi3: debug probed
Nov 22 04:57:22 localhost kernel: [    7.190863] vs-isp 3d000000.isp: Adding to iommu group 8
Nov 22 04:57:22 localhost kernel: [    7.191500] vs-isp 3d000000.isp: assigned reserved memory node linux,cma@88000000
Nov 22 04:57:22 localhost kernel: [    7.191536] [VPF mgr]:[L271]vpf_alloc_minor_number: minor[0] bit24 is used
Nov 22 04:57:22 localhost kernel: [    7.191684] [VPF mgr]:[L271]vpf_alloc_minor_number: minor[0] bit25 is used
Nov 22 04:57:22 localhost kernel: [    7.191789] [VPF mgr]:[L271]vpf_alloc_minor_number: minor[0] bit26 is used
Nov 22 04:57:22 localhost kernel: [    7.191864] [VPF mgr]:[L271]vpf_alloc_minor_number: minor[0] bit27 is used
Nov 22 04:57:22 localhost kernel: [    7.191993] vs-isp 3d000000.isp: VS ISP driver (native) probed done, time used: 1061us
Nov 22 04:57:22 localhost kernel: [    7.203984] vs-vse 3d010000.vse: Adding to iommu group 0
Nov 22 04:57:22 localhost kernel: [    7.204294] vs-vse 3d010000.vse: cannot get reset control (err=-6)
Nov 22 04:57:22 localhost kernel: [    7.204531] [VPF mgr]:[L271]vpf_alloc_minor_number: minor[0] bit28 is used
Nov 22 04:57:22 localhost kernel: [    7.204690] [VPF mgr]:[L271]vpf_alloc_minor_number: minor[0] bit29 is used
Nov 22 04:57:22 localhost kernel: [    7.204779] [VPF mgr]:[L271]vpf_alloc_minor_number: minor[0] bit30 is used
Nov 22 04:57:22 localhost kernel: [    7.204903] [VPF mgr]:[L271]vpf_alloc_minor_number: minor[0] bit31 is used
Nov 22 04:57:22 localhost kernel: [    7.204999] [VPF mgr]:[L271]vpf_alloc_minor_number: minor[1] bit0 is used
Nov 22 04:57:22 localhost kernel: [    7.205098] [VPF mgr]:[L271]vpf_alloc_minor_number: minor[1] bit1 is used
Nov 22 04:57:22 localhost kernel: [    7.205165] [VPF mgr]:[L271]vpf_alloc_minor_number: minor[1] bit2 is used
Nov 22 04:57:22 localhost kernel: [    7.205289] vs-vse 3d010000.vse: VS VSE driver (native) probed done, time used: 1253us
Nov 22 04:57:22 localhost kernel: [    7.216878] vin deserial: init 6 deserial v1.0 done
Nov 22 04:57:22 localhost kernel: [    7.228480] HOBOT GDC 3d0c0000.gdc: Adding to iommu group 2
Nov 22 04:57:22 localhost kernel: [    7.228688] [VPF mgr]:[L271]vpf_alloc_minor_number: minor[1] bit3 is used
Nov 22 04:57:22 localhost kernel: [    7.228830] [VPF mgr]:[L271]vpf_alloc_minor_number: minor[1] bit4 is used
Nov 22 04:57:22 localhost kernel: [    7.228931] HOBOT GDC 3d0c0000.gdc: [FRT:D] hobot_gdc_probe(0)
Nov 22 04:57:22 localhost kernel: [    7.238520] [ISI_Sensor]:isi_sensor_init end
Nov 22 04:57:22 localhost kernel: [    7.269261] cfg80211: Loading compiled-in X.509 certificates for regulatory database
Nov 22 04:57:22 localhost kernel: [    7.280919] cfg80211: Loaded X.509 cert 'wens: 61c038651aabdcf94bd0ac7ff06c7248db18c600'
Nov 22 04:57:22 localhost kernel: [    7.281538] cfg80211: Loaded X.509 cert 'sforshee: 00b28ddf47aef9cea7'
Nov 22 04:57:22 localhost kernel: [    7.282538] platform regulatory.0: Direct firmware load for regulatory.db failed with error -2
Nov 22 04:57:22 localhost kernel: [    7.282559] platform regulatory.0: Falling back to sysfs fallback for: regulatory.db
Nov 22 04:57:22 localhost kernel: [    7.284171] cfg80211: failed to load regulatory.db
Nov 22 04:57:22 localhost kernel: [    7.415644] 8852bs: module is from the staging directory, the quality is unknown, you have been warned.
Nov 22 04:57:22 localhost kernel: [    7.491676] Bluetooth: Core ver 2.22
Nov 22 04:57:22 localhost kernel: [    7.491779] NET: Registered PF_BLUETOOTH protocol family
Nov 22 04:57:22 localhost kernel: [    7.491785] Bluetooth: HCI device and connection manager initialized
Nov 22 04:57:22 localhost kernel: [    7.491802] Bluetooth: HCI socket layer initialized
Nov 22 04:57:22 localhost kernel: [    7.491809] Bluetooth: L2CAP socket layer initialized
Nov 22 04:57:22 localhost kernel: [    7.491823] Bluetooth: SCO socket layer initialized
Nov 22 04:57:22 localhost kernel: [    7.502163] Bluetooth: HCI UART driver ver 2.3
Nov 22 04:57:22 localhost kernel: [    7.502180] Bluetooth: HCI UART protocol H4 registered
Nov 22 04:57:22 localhost kernel: [    7.502242] Bluetooth: HCI UART protocol Three-wire (H5) registered
Nov 22 04:57:22 localhost kernel: [    7.526665] bpu-core 3a000000.bpu: Adding to iommu group 10
Nov 22 04:57:22 localhost kernel: [    7.526886] bpu-core 3a000000.bpu: Can't get bpu power delay, use default
Nov 22 04:57:22 localhost kernel: [    7.531126] bpu_hw_io_x5: loading out-of-tree module taints kernel.
Nov 22 04:57:22 localhost kernel: [    7.531144] bpu_hw_io_x5: module license 'Proprietary' taints kernel.
Nov 22 04:57:22 localhost kernel: [    7.531147] Disabling lock debugging due to kernel taint
Nov 22 04:57:22 localhost kernel: [    7.531573] bpu-core: hw-io: git commit: 42566cb
Nov 22 04:57:22 localhost kernel: [    7.547588] ** HUGE-IC WLAN Card Driver(fmac) v2.2.1-35256
Nov 22 04:57:22 localhost kernel: [    7.547603] hgic_usb_init:430::Enter, max_pkt_len = 2560
Nov 22 04:57:22 localhost kernel: [    7.547697] usbcore: registered new interface driver hgicf
Nov 22 04:57:22 localhost kernel: [    7.547703] hgic_usb_init:439::Leave
Nov 22 04:57:22 localhost kernel: [    7.547707] hgic_sdio_init:1031::Enter, max_pkt_len = 8192
Nov 22 04:57:22 localhost kernel: [    7.547913] hgic_sdio_probe:874::Enter, func->num:1, devid:4002
Nov 22 04:57:22 localhost kernel: [    7.547925] hgic_sdio_probe:890::new sdio card: vendor:a012, id:4002
Nov 22 04:57:22 localhost kernel: [    7.547930] hgicf_core_probe:1063::qc_mode=0, no_bootdl=0, if_agg=0, txq_size=1024
Nov 22 04:57:22 localhost kernel: [    7.547950] hgic_ota_init:78::Enter ...
Nov 22 04:57:22 localhost kernel: [    7.547955] hgic_ota_init:85::Leave ...
Nov 22 04:57:22 localhost kernel: [    7.547958] hgic_bootdl_init:47::Enter ...
Nov 22 04:57:22 localhost kernel: [    7.547961] hgic_bootdl_init:53::Leave ...each packet len:32704
Nov 22 04:57:22 localhost kernel: [    7.547968] hgicf_core_probe:1108::ok
Nov 22 04:57:22 localhost kernel: [    7.547971] hgic_sdio_enable:843::Enter
Nov 22 04:57:22 localhost kernel: [    7.548085] hgic_sdio_enable:862::ok
Nov 22 04:57:22 localhost kernel: [    7.548106] hgicf_download_fw:783::Enter
Nov 22 04:57:22 localhost kernel: [    7.548124] hgic_sdio_probe:934::ok
Nov 22 04:57:22 localhost kernel: [    7.548193] hgic_sdio_init:1037::Leave
Nov 22 04:57:22 localhost kernel: [    7.548198] leave hgicf_init
Nov 22 04:57:22 localhost kernel: [    7.581485] asoc-duplex-host-card snd0: asoc_simple_probe test es8311 end
Nov 22 04:57:22 localhost kernel: [    7.660288] hgic_fwctrl_send_data:220::timeout, ctrl->rxq:0
Nov 22 04:57:22 localhost kernel: [    7.660311] hgic_bootdl_send_cmd_tmo:259::cmd: 0, no responce!!
Nov 22 04:57:22 localhost kernel: [    7.660317] hgic_bootdl_cmd_enter:290::failed! ret:-1
Nov 22 04:57:22 localhost kernel: [    7.743013] hgic fw info:1.6.4.5, svn version:40651, 1e:9e:14:96:a8:20, smt_dat:124111319
Nov 22 04:57:22 localhost kernel: [    7.743034] hgicf_create_iface:584::Enter
Nov 22 04:57:22 localhost kernel: [    7.743376] hgicf_create_procfs:267::enter
Nov 22 04:57:22 localhost kernel: [    7.743405] hgicf_create_procfs:294::leave
Nov 22 04:57:22 localhost kernel: [    7.744260] hgicf_load_config:117::load conf file: /etc/hgicf.conf
Nov 22 04:57:22 localhost kernel: [    7.745795] hgicf_load_config:132::param: [bss_bw=4]
Nov 22 04:57:22 localhost kernel: [    7.747174] hgicf_load_config:132::param: [chan_list=9060,9100,9140,9180,9220]
Nov 22 04:57:22 localhost kernel: [    7.749150] hgicf_load_config:132::param: [country_code=]
Nov 22 04:57:22 localhost kernel: [    7.749170] hgicf_load_config:136::invalid param:[country_code=]
Nov 22 04:57:22 localhost kernel: [    7.749175] hgicf_load_config:132::param: [freq_range=]
Nov 22 04:57:22 localhost kernel: [    7.749179] hgicf_load_config:136::invalid param:[freq_range=]
Nov 22 04:57:22 localhost kernel: [    7.749183] hgicf_load_config:132::param: [key_mgmt=WPA-PSK]
Nov 22 04:57:22 localhost kernel: [    7.753616] hgicf_load_config:132::param: [mode=sta]
Nov 22 04:57:22 localhost kernel: [    7.757593] hgicf_load_config:132::param: [ssid=LK-AP2P1US000024]
Nov 22 04:57:22 localhost kernel: [    7.759700] hgicf_load_config:132::param: [tx_mcs=255]
Nov 22 04:57:22 localhost kernel: [    7.764245] hgicf_load_config:132::param: [wpa_psk=baa58569a9edd7c3a55e446bc658ef76a7173d023d256786832474d737756a11]
Nov 22 04:57:22 localhost kernel: [    7.766603] hgicf_delay_init:877::Leave, ret=28, soft_fc=1
Nov 22 04:57:22 localhost kernel: [    7.771114] hg0: Current addr:  1e 9e 14 96 a8 20 00 00 00 00 00 00 00 00 00 00 00 00 00 00 00 00 00 00 00 00 00 00 00 00 00 00
Nov 22 04:57:22 localhost kernel: [    7.771136] hg0: Expected addr: 00 00 00 00 00 00 00 00 00 00 00 00 00 00 00 00 00 00 00 00 00 00 00 00 00 00 00 00 00 00 00 00
Nov 22 04:57:22 localhost kernel: [    7.771142] ------------[ cut here ]------------
Nov 22 04:57:22 localhost kernel: [    7.771145] netdevice: hg0: Incorrect netdev->dev_addr
Nov 22 04:57:22 localhost kernel: [    7.771173] WARNING: CPU: 7 PID: 339 at net/core/dev_addr_lists.c:519 dev_addr_check+0x94/0x140
Nov 22 04:57:22 localhost kernel: [    7.771193] Modules linked in: snd_soc_hobot_sound_duplex_host snd_soc_simple_card_utils designware_i2s hgicf bpu_hw_io_x5(PO) bpu_cores bpu_framework hci_uart btrtl bluetooth 8852bs(C) cfg80211 rfkill hobot_isi_sensor hobot_gdc hobot_deserial vs_vse_nat vs_isp_nat hobot_mipidbg hobot_mipicsi hobot_camsys hobot_mipiphy hobot_sensor vs_sif_nat vs_ops_nat hobot_vin_vcon vs_csi_wrapper vs_cam_pulse vs_cam_ctrl vs_isc hobot_osd hobot_codec_vnode vs_dw_crc aic8800_bsp galcore vio_n2d hobot_lpwm hobot_vpu hobot_jpu hobot_vin_vnode hobot_vio_common
Nov 22 04:57:22 localhost kernel: [    7.771308] CPU: 7 PID: 339 Comm: systemd-network Tainted: P        WC O       6.1.83-DR-PL5.2_V1.1.1 #11
Nov 22 04:57:22 localhost kernel: [    7.771315] Hardware name: D-Robotics X5 EVB LP4 1_B board (DT)
Nov 22 04:57:22 localhost kernel: [    7.771319] pstate: 60400009 (nZCv daif +PAN -UAO -TCO -DIT -SSBS BTYPE=--)
Nov 22 04:57:22 localhost kernel: [    7.771326] pc : dev_addr_check+0x94/0x140
Nov 22 04:57:22 localhost kernel: [    7.771333] lr : dev_addr_check+0x94/0x140
Nov 22 04:57:22 localhost kernel: [    7.771339] sp : ffff80000a3eb560
Nov 22 04:57:22 localhost kernel: [    7.771342] x29: ffff80000a3eb560 x28: ffff000081d76e00 x27: ffff8000094fe500
Nov 22 04:57:22 localhost kernel: [    7.771354] x26: ffff80000a3eb818 x25: 0000000000000001 x24: 0000000000000000
Nov 22 04:57:22 localhost kernel: [    7.771364] x23: ffff000081a82238 x22: 0000000000001002 x21: ffff8000012f3168
Nov 22 04:57:22 localhost kernel: [    7.771374] x20: ffff000081a82000 x19: ffff000081a82000 x18: 0000000000000038
Nov 22 04:57:22 localhost kernel: [    7.771385] x17: 3030203030203030 x16: 2030302030302030 x15: fffffffffffee4f0
Nov 22 04:57:22 localhost kernel: [    7.771395] x14: 3030203030203030 x13: ffff8000090d9eb0 x12: 00000000000009f6
Nov 22 04:57:22 localhost kernel: [    7.771405] x11: 0000000000000352 x10: ffff800009131eb0 x9 : ffff8000090d9eb0
Nov 22 04:57:22 localhost kernel: [    7.771416] x8 : 00000000ffffefff x7 : ffff800009131eb0 x6 : 0000000000000000
Nov 22 04:57:22 localhost kernel: [    7.771425] x5 : ffff0000ff73faa0 x4 : 0000000000000000 x3 : ffff8000f6806000
Nov 22 04:57:22 localhost kernel: [    7.771435] x2 : 0000000000000000 x1 : 0000000000000000 x0 : ffff000081d76e00
Nov 22 04:57:22 localhost kernel: [    7.771446] Call trace:
Nov 22 04:57:22 localhost kernel: [    7.771450]  dev_addr_check+0x94/0x140
Nov 22 04:57:22 localhost kernel: [    7.771456]  __dev_open+0x40/0x1dc
Nov 22 04:57:22 localhost kernel: [    7.771462]  __dev_change_flags+0x190/0x20c
Nov 22 04:57:22 localhost kernel: [    7.771470]  dev_change_flags+0x24/0x64
Nov 22 04:57:22 localhost kernel: [    7.771475]  do_setlink+0x210/0xe50
Nov 22 04:57:22 localhost kernel: [    7.771482]  rtnl_setlink+0xe4/0x180
Nov 22 04:57:22 localhost kernel: [    7.771487]  rtnetlink_rcv_msg+0x12c/0x390
Nov 22 04:57:22 localhost kernel: [    7.771492]  netlink_rcv_skb+0x5c/0x130
Nov 22 04:57:22 localhost kernel: [    7.771499]  rtnetlink_rcv+0x18/0x24
Nov 22 04:57:22 localhost kernel: [    7.771506]  netlink_unicast+0x2e4/0x350
Nov 22 04:57:22 localhost kernel: [    7.771511]  netlink_sendmsg+0x198/0x3f0
Nov 22 04:57:22 localhost kernel: [    7.771516]  __sys_sendto+0x12c/0x170
Nov 22 04:57:22 localhost kernel: [    7.771525]  __arm64_sys_sendto+0x28/0x40
Nov 22 04:57:22 localhost kernel: [    7.771531]  invoke_syscall+0x48/0x114
Nov 22 04:57:22 localhost kernel: [    7.771541]  el0_svc_common.constprop.0+0xd4/0xfc
Nov 22 04:57:22 localhost kernel: [    7.771548]  do_el0_svc+0x30/0xd0
Nov 22 04:57:22 localhost kernel: [    7.771554]  el0_svc+0x2c/0x84
Nov 22 04:57:22 localhost kernel: [    7.771562]  el0t_64_sync_handler+0xbc/0x140
Nov 22 04:57:22 localhost kernel: [    7.771569]  el0t_64_sync+0x18c/0x190
Nov 22 04:57:22 localhost kernel: [    7.771577] ---[ end trace 0000000000000000 ]---
Nov 22 04:57:24 localhost kernel: [   10.017002] file system registered
Nov 22 04:57:24 localhost kernel: [   10.079998] read descriptors
Nov 22 04:57:24 localhost kernel: [   10.080020] read strings
Nov 22 04:57:24 localhost kernel: [   10.080288] EXT4-fs (mmcblk0p10): mounted filesystem with ordered data mode. Quota mode: disabled.
Nov 22 04:57:24 localhost kernel: [   10.092655] EXT4-fs (mmcblk0p11): mounted filesystem with ordered data mode. Quota mode: disabled.
Nov 22 04:57:24 localhost kernel: [   10.096240] EXT4-fs (mmcblk0p13): mounted filesystem with ordered data mode. Quota mode: disabled.
Nov 22 04:57:24 localhost kernel: [   10.168562] UDC core: g_comp: couldn't find an available UDC or it's busy
