# .PCD v0.7 - Point Cloud Data file format
VERSION 0.7
FIELDS x y z rgb label
SIZE 4 4 4 4 4
TYPE F F F F U
COUNT 1 1 1 1 1
WIDTH 3013
HEIGHT 1
VIEWPOINT 0 0 0 1 0 0 0
POINTS 3013
DATA ascii
0.742384 -0.673548 1.73998 1.93252e-39 1
0.761724 -0.666147 1.72086 2.11691e-39 1
0.816128 -0.688856 1.77953 1.93216e-39 1
0.883033 -0.696774 1.79998 1.74993e-39 1
0.922398 -0.704876 1.82091 1.10456e-39 1
0.730821 -0.660421 1.77953 2.30238e-39 1
0.750726 -0.653 1.75953 1.56482e-39 1
0.770188 -0.645745 1.73998 2.57897e-39 1
0.825508 -0.668012 1.79998 1.28751e-39 1
0.854271 -0.668012 1.79998 2.48677e-39 1
0.893301 -0.675779 1.82091 2.3031e-39 1
0.933249 -0.68373 1.84233 1.56553e-39 1
0.72261 -0.624884 1.75953 1.8414e-39 1
0.750726 -0.624884 1.75953 2.39458e-39 1
0.787692 -0.631985 1.77953 1.9336e-39 1
-1.53711 -0.657273 2.03375 1.38186e-39 1
-1.52441 -0.665921 2.06051 1.65845e-39 1
-1.57026 -0.733479 2.26954 1.19747e-39 1
-1.6284 -0.778616 2.40921 2.11979e-39 1
-1.70087 -0.650104 2.11619 2.85627e-39 1
-1.62319 -0.632996 2.06051 2.48821e-39 1
-1.59026 -0.632996 2.06051 1.65881e-39 1
-1.55734 -0.632996 2.06051 1.93504e-39 1
-1.52441 -0.632996 2.06051 1.93504e-39 1
-1.64037 -0.763614 2.48569 2.39529e-39 1
-1.60065 -0.763614 2.48569 2.2109e-39 1
-1.74492 -0.608072 2.08798 2.21019e-39 1
-1.71156 -0.608072 2.08798 1.84033e-39 1
-1.67819 -0.608072 2.08798 1.47262e-39 1
-1.60211 -0.592278 2.03375 9.21243e-40 1
-1.59026 -0.600071 2.06051 1.8432e-39 1
-1.55734 -0.600071 2.06051 1.29003e-39 1
-1.7685 -0.582474 2.11619 2.11834e-39 1
-1.68904 -0.567145 2.06051 1.56481e-39 1
-1.6346 -0.55978 2.03375 1.56481e-39 1
-1.54203 -0.538788 1.95748 1.47334e-39 1
-1.51075 -0.538788 1.95748 2.11871e-39 1
-1.44338 -0.525647 1.90974 1.75065e-39 1
-1.39585 -0.519314 1.88673 1.56626e-39 1
-1.34944 -0.513132 1.86427 1.84177e-39 1
-1.44338 -0.495131 1.90974 3.67712e-40 1
-1.39585 -0.489165 1.88673 1.28895e-39 1
-1.33356 -0.477656 1.84233 1.1964e-39 1
-1.28896 -0.472101 1.82091 1.10348e-39 1
-1.37923 -0.453552 1.86427 1.28895e-39 1
-1.28896 -0.443005 1.82091 1.47226e-39 1
-1.45614 -0.428868 1.88673 1.47442e-39 1
-1.42599 -0.428868 1.88673 1.74992e-39 1
-1.39585 -0.428868 1.88673 2.85555e-39 1
-1.31965 -0.423763 1.86427 1.47154e-39 1
-1.4739 -0.403582 1.90974 1.93575e-39 1
-1.44338 -0.403582 1.90974 1.93431e-39 1
-1.39585 -0.39872 1.88673 2.02471e-39 1
-1.38919 -0.351626 1.79998 2.11871e-39 1
-1.39244 -0.359899 1.84233 2.30238e-39 1
-1.37923 -0.364184 1.86427 1.37934e-39 1
-0.831787 -0.623904 4.23239 2.30381e-39 1
-0.724969 -0.591909 4.01534 2.2109e-39 1
-0.660807 -0.591909 4.01534 1.56661e-39 1
-0.750637 -0.502003 3.81947 2.02651e-39 1
-0.689605 -0.502003 3.81947 1.75065e-39 1
-0.628573 -0.502003 3.81947 2.11871e-39 1
-0.750637 -0.440971 3.81947 3.03994e-39 1
-0.673186 -0.430471 3.72853 2.2109e-39 1
-0.613607 -0.430471 3.72853 1.8414e-39 1
-3.99629 -0.0165741 4.60584 2.21198e-39 3
-3.70476 -0.0156533 4.34996 2.5804e-39 3
-3.63525 -0.0156533 4.34996 2.3031e-39 3
-4.01146 -0.01761 4.8937 1.84068e-39 3
-0.805359 -0.01761 4.8937 3.96441e-39 3
-0.168086 -0.00880498 2.44685 4.241e-39 3
-0.117931 -0.00805027 2.23712 4.79418e-39 3
-0.0821838 -0.00805027 2.23712 4.51723e-39 3
-0.0439263 -0.00761512 2.11619 3.96406e-39 3
-0.0103919 -0.00782665 2.17498 4.05589e-39 3
0.0243626 -0.00782665 2.17498 3.96441e-39 3
0.443329 -0.00347851 0.966657 3.41052e-39 3
0.458775 -0.00347851 0.966657 3.87222e-39 3
0.426799 -0.00313066 0.869991 3.50272e-39 3
0.48466 -0.00323861 0.899991 3.59563e-39 3
0.529471 -0.00343609 0.954868 4.05661e-39 3
0.558347 -0.00352199 0.97874 2.76587e-39 3
0.573986 -0.00352199 0.97874 3.87294e-39 3
0.589626 -0.00352199 0.97874 3.13502e-39 3
0.545851 -0.00309626 0.860431 3.96369e-39 3
0.5596 -0.00309626 0.860431 3.59563e-39 3
0.573349 -0.00309626 0.860431 3.22685e-39 3
1.3564 -0.00640362 1.77953 3.04174e-39 3
1.38484 -0.00640362 1.77953 3.59528e-39 3
1.41327 -0.00640362 1.77953 3.77931e-39 3
1.44171 -0.00640362 1.77953 3.68532e-39 3
1.50433 -0.00655255 1.82091 3.50092e-39 3
1.53343 -0.00655255 1.82091 3.59384e-39 3
1.56253 -0.00655255 1.82091 3.40944e-39 3
1.55545 -0.00640362 1.77953 1.8414e-39 3
-4.32425 0.0605877 4.8937 2.30489e-39 3
-4.24606 0.0605877 4.8937 2.58148e-39 3
-3.92269 0.0570237 4.60584 2.48857e-39 3
-3.84909 0.0570237 4.60584 2.85735e-39 3
-0.456612 0.0484702 3.91496 4.33248e-39 3
-0.37529 0.0461621 3.72853 4.79345e-39 3
-0.228618 0.0334277 2.69997 4.60906e-39 3
-0.168086 0.0302939 2.44685 4.88565e-39 3
-0.128987 0.0302939 2.44685 3.96477e-39 3
-0.0898886 0.0302939 2.44685 5.16296e-39 3
-0.0478021 0.0285119 2.30292 5.25515e-39 3
-0.0106888 0.0276972 2.23712 4.97785e-39 3
0.0250587 0.0276972 2.23712 5.62357e-39 3
0.0644914 0.0293759 2.3727 5.34698e-39 3
0.396989 0.0119679 0.966657 4.1488e-39 3
0.412436 0.0119679 0.966657 4.97856e-39 3
0.427882 0.0119679 0.966657 4.79417e-39 3
0.443329 0.0119679 0.966657 4.79418e-39 3
0.44772 0.0116796 0.943364 4.88637e-39 3
0.426799 0.0107711 0.869991 5.43954e-39 3
0.44472 0.010537 0.851078 5.62465e-39 3
0.508017 0.0116796 0.943364 5.62465e-39 3
0.536007 0.0119679 0.966657 5.62393e-39 3
0.558347 0.0121175 0.97874 4.88637e-39 3
0.5669 0.0119679 0.966657 4.61014e-39 3
0.568314 0.0116796 0.943364 4.51795e-39 3
0.545851 0.0106528 0.860431 4.97785e-39 3
0.5596 0.0106528 0.860431 4.60978e-39 3
1.32626 0.0215423 1.73998 4.05625e-39 3
1.29644 0.0206256 1.66594 3.50488e-39 3
1.35183 0.021074 1.70216 3.68819e-39 3
1.37903 0.021074 1.70216 3.68711e-39 3
1.47014 0.0220319 1.77953 4.4236e-39 3
1.49858 0.0220319 1.77953 3.77894e-39 3
1.56253 0.0225443 1.82091 4.60799e-39 3
1.59162 0.0225443 1.82091 4.33104e-39 3
1.62072 0.0225443 1.82091 3.68423e-39 3
1.54222 0.021074 1.70216 3.40944e-39 3
1.50403 0.0201959 1.63123 3.50164e-39 3
1.38575 0.0182906 1.47734 3.50164e-39 3
1.22452 0.0158919 1.28359 2.85627e-39 3
1.20551 0.0153874 1.24284 3.22506e-39 3
1.20622 0.0151469 1.22343 3.31725e-39 3
1.20691 0.0149139 1.2046 3.502e-39 3
1.20758 0.0146879 1.18635 3.13286e-39 3
1.28494 0.0153874 1.24284 2.48857e-39 3
1.37004 0.0161567 1.30499 3.31833e-39 3
1.60488 0.0186424 1.50575 3.31761e-39 3
1.76469 0.0201959 1.63123 3.77823e-39 3
-4.06989 0.130622 4.60584 2.58112e-39 3
-3.77427 0.123365 4.34996 1.84392e-39 3
-3.70476 0.123365 4.34996 2.21198e-39 3
-3.84909 0.130622 4.60584 2.30417e-39 3
-4.01146 0.138785 4.8937 2.1187e-39 3
-3.13122 0.120031 4.23239 3.1343e-39 3
-2.90648 0.113875 4.01534 3.22613e-39 3
-2.77126 0.111028 3.91496 2.67296e-39 3
-2.77816 0.113875 4.01534 3.68711e-39 3
-0.744047 0.116872 4.12101 4.88673e-39 3
-0.644287 0.111028 3.91496 4.5183e-39 3
-0.358049 0.0765712 2.69997 5.71613e-39 3
-0.314905 0.0765712 2.69997 5.53174e-39 3
-0.271762 0.0765712 2.69997 6.3615e-39 3
-0.220997 0.0740189 2.60997 6.17711e-39 3
-0.173508 0.0716312 2.52578 5.43954e-39 3
-0.128987 0.0693927 2.44685 5.71685e-39 3
-0.0898886 0.0693927 2.44685 5.34735e-39 3
-0.0507897 0.0693927 2.44685 6.17711e-39 3
-0.0113366 0.0672899 2.3727 9.4036e-39 3
0.0265774 0.0672899 2.3727 6.17674e-39 3
0.390322 0.0241366 0.851078 5.99272e-39 3
0.437186 0.0261243 0.921167 7.19126e-39 3
0.582347 0.0274144 0.966657 5.6243e-39 3
0.569662 0.0261243 0.921167 6.26931e-39 3
1.2173 0.0462618 1.63123 4.23921e-39 3
1.24337 0.0462618 1.63123 4.3332e-39 3
1.24353 0.0453177 1.59794 3.22757e-39 3
1.2955 0.0462618 1.63123 4.05697e-39 3
1.32157 0.0462618 1.63123 3.41124e-39 3
1.40623 0.0482732 1.70216 4.05589e-39 3
1.53343 0.0516411 1.82091 4.33248e-39 3
1.56253 0.0516411 1.82091 4.24028e-39 3
1.90111 0.0616824 2.17498 4.51615e-39 3
2.17784 0.0693927 2.44685 4.69982e-39 3
2.21694 0.0693927 2.44685 4.24028e-39 3
2.06267 0.0634447 2.23712 3.41052e-39 3
1.59662 0.0482732 1.70216 3.8715e-39 3
1.62382 0.0482732 1.70216 3.31725e-39 3
1.48915 0.0435405 1.53528 4.05482e-39 3
1.331 0.0382856 1.34999 4.60763e-39 3
1.28605 0.0364027 1.28359 4.3314e-39 3
1.30656 0.0364027 1.28359 4.05518e-39 3
1.37206 0.0376367 1.32711 4.05589e-39 3
1.78701 0.0482732 1.70216 4.33248e-39 3
-3.64148 0.182723 4.12101 2.67332e-39 3
-3.57563 0.182723 4.12101 2.67332e-39 3
-3.70476 0.192874 4.34996 3.59491e-39 3
-3.84909 0.204219 4.60584 3.59491e-39 3
-2.90648 0.178037 4.01534 3.41016e-39 3
-0.589037 0.144655 3.26247 5.53282e-39 3
-0.378992 0.10211 2.30292 5.53245e-39 3
-0.342193 0.10211 2.30292 5.25586e-39 3
-0.296669 0.0991923 2.23712 5.34735e-39 3
-0.294589 0.111991 2.52578 4.79453e-39 3
-0.262703 0.115724 2.60997 5.07112e-39 3
-0.228618 0.119715 2.69997 5.90088e-39 3
-0.179292 0.115724 2.60997 4.97892e-39 3
-0.133148 0.111991 2.52578 5.25586e-39 3
-0.0927882 0.111991 2.52578 5.62429e-39 3
-0.0524281 0.111991 2.52578 6.1771e-39 3
-0.012068 0.111991 2.52578 6.54553e-39 3
1.2173 0.0723277 1.63123 5.25444e-39 3
1.24337 0.0723277 1.63123 5.16296e-39 3
1.24353 0.0708516 1.59794 5.16367e-39 3
1.2955 0.0723277 1.63123 4.97928e-39 3
1.32157 0.0723277 1.63123 4.97857e-39 3
1.47014 0.0789029 1.77953 3.87222e-39 3
1.8316 0.0964369 2.17498 4.88566e-39 3
1.97614 0.10211 2.30292 4.24065e-39 3
2.13875 0.108492 2.44685 4.51723e-39 3
2.2481 0.111991 2.52578 4.14844e-39 3
2.28846 0.111991 2.52578 3.59635e-39 3
2.40644 0.115724 2.60997 3.68783e-39 3
-3.57563 0.248573 4.12101 3.50272e-39 3
-3.70476 0.262383 4.34996 3.22505e-39 3
-0.769403 0.236145 3.91496 5.62393e-39 3
-0.392692 0.131191 2.17498 5.99272e-39 3
-0.306803 0.11245 1.86427 5.80832e-39 3
-0.277014 0.11245 1.86427 6.17711e-39 3
-0.247224 0.11245 1.86427 4.97856e-39 3
-0.253674 0.131191 2.17498 5.44026e-39 3
-0.262703 0.15743 2.60997 4.79489e-39 3
-0.236783 0.168675 2.7964 5.07076e-39 3
-0.192099 0.168675 2.7964 4.70197e-39 3
-0.147414 0.168675 2.7964 6.54624e-39 3
-0.110632 0.18165 3.01151 6.63844e-39 3
-0.0625104 0.18165 3.01151 6.91467e-39 3
1.24337 0.0983936 1.63123 5.07076e-39 3
1.26943 0.0983936 1.63123 5.62466e-39 3
2.48847 0.174922 2.89997 4.88602e-39 3
2.53481 0.174922 2.89997 5.25515e-39 3
2.68042 0.18165 3.01151 4.24172e-39 3
2.83769 0.188916 3.13197 4.05733e-39 3
-0.404949 0.157212 2.06051 6.82248e-39 3
-0.336593 0.142239 1.86427 6.91467e-39 3
-0.292858 0.135774 1.77953 7.19126e-39 3
-0.247544 0.127108 1.66594 6.73028e-39 3
-0.220924 0.127108 1.66594 6.45369e-39 3
-0.217434 0.142239 1.86427 6.5466e-39 3
-0.159214 0.120688 1.5818 6.6388e-39 3
-0.133938 0.120688 1.5818 6.731e-39 3
-0.192099 0.213359 2.7964 7.00687e-39 3
-0.147414 0.213359 2.7964 7.56075e-39 3
-0.110632 0.229771 3.01151 7.83698e-39 3
-0.0625104 0.229771 3.01151 8.02102e-39 3
-0.0143888 0.229771 3.01151 7.09906e-39 3
0.336548 0.137335 1.79998 8.482e-39 3
0.378357 0.142239 1.86427 8.94298e-39 3
0.403345 0.140566 1.84233 8.3898e-39 3
0.427752 0.138931 1.82091 9.31211e-39 3
0.456849 0.138931 1.82091 8.94297e-39 3
0.491663 0.140566 1.84233 8.57419e-39 3
0.527305 0.142239 1.86427 9.86493e-39 3
1.2432 0.127108 1.66594 6.72993e-39 3
1.26982 0.127108 1.66594 7.19126e-39 3
1.32463 0.129871 1.70216 7.09943e-39 3
5.27704 0.351415 4.60584 3.13286e-39 3
5.05338 0.331892 4.34996 3.22613e-39 3
5.42423 0.351415 4.60584 3.22613e-39 3
-0.542133 0.218946 2.3727 6.82248e-39 3
-0.415981 0.18063 1.95748 7.28345e-39 3
-0.357862 0.168028 1.82091 8.75858e-39 3
-0.321293 0.164209 1.77953 7.83663e-39 3
-0.274165 0.153728 1.66594 7.83663e-39 3
-0.242387 0.150525 1.63123 7.46784e-39 3
-0.211906 0.147453 1.59794 7.74443e-39 3
-0.190255 0.150525 1.63123 7.56075e-39 3
-0.159214 0.145964 1.5818 6.54768e-39 3
-0.132598 0.144504 1.56598 7.09978e-39 3
-0.109771 0.147453 1.59794 7.46856e-39 3
-0.0878212 0.153728 1.66594 7.92954e-39 3
-0.0958811 0.240841 2.60997 7.28417e-39 3
-0.0524281 0.233072 2.52578 8.29796e-39 3
-0.0116909 0.225788 2.44685 8.39016e-39 3
0.0243626 0.2007 2.17498 7.92882e-39 3
0.0483686 0.164209 1.77953 8.66639e-39 3
0.0643691 0.137623 1.49141 8.39052e-39 3
0.0945009 0.147453 1.59794 7.74515e-39 3
0.11311 0.138946 1.50575 8.20541e-39 3
0.336548 0.166097 1.79998 8.66639e-39 3
0.378357 0.172029 1.86427 9.21956e-39 3
0.398655 0.168028 1.82091 8.29796e-39 3
0.427752 0.168028 1.82091 9.03552e-39 3
0.456849 0.168028 1.82091 8.2976e-39 3
0.491663 0.170005 1.84233 8.02102e-39 3
0.521102 0.170005 1.84233 8.85078e-39 3
0.550541 0.170005 1.84233 9.21956e-39 3
0.573236 0.168028 1.82091 9.77273e-39 3
0.609419 0.170005 1.84233 9.12772e-39 3
0.554112 0.147453 1.59794 9.31176e-39 3
0.556914 0.141671 1.53528 8.85078e-39 3
0.486128 0.118446 1.28359 8.94298e-39 3
0.48289 0.112894 1.22343 8.482e-39 3
0.479942 0.107839 1.16864 8.7593e-39 3
0.477247 0.103217 1.11856 8.11501e-39 3
0.495121 0.103217 1.11856 8.75858e-39 3
0.512994 0.103217 1.11856 8.75858e-39 3
0.458775 0.0892002 0.966657 8.3898e-39 3
0.71798 0.135051 1.46354 8.48272e-39 3
0.78344 0.111157 1.2046 7.2849e-39 3
0.802688 0.111157 1.2046 7.09943e-39 3
0.821937 0.111157 1.2046 7.37565e-39 3
1.01254 0.1338 1.44999 6.54517e-39 3
1.14139 0.147453 1.59794 7.09906e-39 3
1.21658 0.153728 1.66594 7.19126e-39 3
1.2432 0.153728 1.66594 6.91432e-39 3
1.32626 0.16056 1.73998 6.82212e-39 3
1.38484 0.164209 1.77953 7.09943e-39 3
4.98387 0.401401 4.34996 4.3314e-39 3
5.05338 0.401401 4.34996 3.13393e-39 3
5.12289 0.401401 4.34996 3.68711e-39 3
5.19239 0.401401 4.34996 3.9637e-39 3
-0.346361 0.0892251 0.824202 5.71613e-39 3
-0.333191 0.0892251 0.824202 6.3615e-39 3
-0.326903 0.0911439 0.841927 7.46784e-39 3
-0.347034 0.100909 0.932133 6.54661e-39 3
-0.34024 0.10337 0.954868 6.73028e-39 3
-0.350639 0.111531 1.03025 6.63844e-39 3
-0.334176 0.111531 1.03025 7.65188e-39 3
-0.309567 0.108672 1.00384 8.20325e-39 3
-0.293526 0.108672 1.00384 7.92738e-39 3
-0.277486 0.108672 1.00384 6.63809e-39 3
-0.580047 0.25686 2.3727 7.46785e-39 3
-0.416056 0.197125 1.82091 7.19126e-39 3
-0.378164 0.192645 1.77953 7.28345e-39 3
-0.349729 0.192645 1.77953 8.02102e-39 3
-0.300785 0.180349 1.66594 7.83663e-39 3
-0.268453 0.176591 1.63123 7.83663e-39 3
-0.23744 0.172987 1.59794 9.58834e-39 3
-0.199681 0.163007 1.50575 8.2976e-39 3
-0.169116 0.15697 1.44999 7.65403e-39 3
-0.157622 0.169528 1.56598 8.57599e-39 3
-0.132598 0.169528 1.56598 9.22136e-39 3
-0.104442 0.16459 1.52037 7.9299e-39 3
-0.0786209 0.161455 1.49141 9.40575e-39 3
-0.0542723 0.159932 1.47734 8.11393e-39 3
-0.0300976 0.15697 1.44999 9.31211e-39 3
-0.00686438 0.15553 1.43668 8.20541e-39 3
0.0156617 0.151364 1.3982 9.5887e-39 3
0.0376676 0.150024 1.38583 9.03552e-39 3
0.0582652 0.146144 1.34999 8.94405e-39 3
0.0890489 0.163007 1.50575 8.57491e-39 3
0.10694 0.154116 1.42362 8.66639e-39 3
0.13209 0.15697 1.44999 8.20613e-39 3
0.17165 0.108672 1.00384 9.40467e-39 3
0.190128 0.110083 1.01687 9.31176e-39 3
0.369558 0.197125 1.82091 1.01422e-38 3
0.394073 0.194859 1.79998 1.03266e-38 3
0.422835 0.194859 1.79998 1.0695e-38 3
0.451598 0.194859 1.79998 9.95785e-39 3
0.48036 0.194859 1.79998 1.005e-38 3
0.509122 0.194859 1.79998 9.95749e-39 3
0.487458 0.176591 1.63123 8.8515e-39 3
0.513524 0.176591 1.63123 9.03589e-39 3
0.53959 0.176591 1.63123 1.0327e-38 3
0.565656 0.176591 1.63123 9.68125e-39 3
0.591722 0.176591 1.63123 9.22028e-39 3
0.581447 0.166204 1.53528 9.40467e-39 3
0.506639 0.138957 1.28359 8.8515e-39 3
0.502439 0.132443 1.22343 8.39124e-39 3
0.498616 0.126513 1.16864 8.94369e-39 3
0.495121 0.121091 1.11856 8.94297e-39 3
0.512994 0.121091 1.11856 8.2976e-39 3
0.530868 0.121091 1.11856 9.12772e-39 3
0.834934 0.163007 1.50575 8.482e-39 3
0.78344 0.130406 1.2046 7.92991e-39 3
0.790526 0.12843 1.18635 7.09943e-39 3
0.809483 0.12843 1.18635 7.00723e-39 3
0.82844 0.12843 1.18635 6.45405e-39 3
1.03571 0.15697 1.44999 7.09906e-39 3
1.16693 0.172987 1.59794 7.46785e-39 3
1.2173 0.176591 1.63123 7.92847e-39 3
1.26982 0.180349 1.66594 6.45334e-39 3
1.35406 0.188364 1.73998 6.26966e-39 3
1.41327 0.192645 1.77953 5.80869e-39 3
5.27704 0.498611 4.60584 4.51579e-39 3
4.78741 0.446125 4.12101 3.8715e-39 3
4.39104 0.403637 3.72853 3.50272e-39 3
4.45062 0.403637 3.72853 4.05589e-39 3
-0.359532 0.102395 0.824202 5.90088e-39 3
-0.346361 0.102395 0.824202 6.54589e-39 3
-0.333191 0.102395 0.824202 7.74443e-39 3
-0.326903 0.104597 0.841927 6.63808e-39 3
-0.316857 0.105734 0.851078 7.28417e-39 3
-0.332139 0.115804 0.932133 8.11393e-39 3
-0.333107 0.121594 0.97874 8.02066e-39 3
-0.325607 0.124712 1.00384 7.09762e-39 3
-0.317713 0.127994 1.03025 4.60762e-39 3
-0.293526 0.124712 1.00384 6.82103e-39 3
-0.277486 0.124712 1.00384 7.37565e-39 3
-0.392168 0.187068 1.50575 6.54661e-39 3
-0.435035 0.221081 1.77953 8.02173e-39 3
-0.372716 0.202657 1.63123 7.19198e-39 3
-0.346651 0.202657 1.63123 7.37565e-39 3
-0.320585 0.202657 1.63123 8.3898e-39 3
-0.294519 0.202657 1.63123 8.11321e-39 3
-0.268453 0.202657 1.63123 7.28381e-39 3
-0.242387 0.202657 1.63123 9.03624e-39 3
-0.192285 0.18014 1.44999 8.8515e-39 3
-0.169116 0.18014 1.44999 7.46964e-39 3
-0.151559 0.187068 1.50575 9.12916e-39 3
-0.127499 0.187068 1.50575 9.58906e-39 3
-0.101486 0.183539 1.47734 9.58906e-39 3
-0.0778792 0.183539 1.47734 9.59014e-39 3
-0.0537651 0.181823 1.46354 1.00511e-38 3
-0.0298215 0.178487 1.43668 8.85149e-39 3
-0.00686438 0.178487 1.43668 9.866e-39 3
0.0156617 0.173706 1.3982 1.02344e-38 3
0.0376676 0.172169 1.38583 9.86565e-39 3
0.0577672 0.166283 1.33845 9.49687e-39 3
0.0765379 0.160786 1.2942 1.01422e-38 3
0.0956375 0.158171 1.27316 1.06032e-38 3
0.111451 0.151993 1.22343 1.06947e-38 3
0.126076 0.146279 1.17743 1.00497e-38 3
0.131989 0.133254 1.07259 1.01422e-38 3
0.136079 0.121594 0.97874 1.01422e-38 3
0.151719 0.121594 0.97874 1.0511e-38 3
0.167359 0.121594 0.97874 9.68126e-39 3
0.182998 0.121594 0.97874 1.04181e-38 3
0.203731 0.124712 1.00384 1.0511e-38 3
0.336121 0.190736 1.53528 1.0511e-38 3
0.383194 0.202657 1.63123 1.08798e-38 3
0.40926 0.202657 1.63123 1.08791e-38 3
0.469565 0.218596 1.75953 1.04181e-38 3
0.497681 0.218596 1.75953 1.05103e-38 3
0.514241 0.213792 1.72086 9.77345e-39 3
0.54174 0.213792 1.72086 9.68125e-39 3
0.518006 0.194551 1.56598 1.02337e-38 3
0.532382 0.190736 1.53528 9.95713e-39 3
0.556914 0.190736 1.53528 9.49687e-39 3
0.559506 0.183539 1.47734 9.22028e-39 3
0.498467 0.156896 1.26289 9.12773e-39 3
0.510415 0.154405 1.24284 9.12916e-39 3
0.530274 0.154405 1.24284 9.77453e-39 3
0.559007 0.156896 1.26289 9.5887e-39 3
0.583896 0.158171 1.27316 9.68054e-39 3
0.609193 0.159468 1.28359 1.01415e-38 3
0.65105 0.164874 1.32711 9.12809e-39 3
0.695844 0.170659 1.37367 8.39124e-39 3
0.779319 0.185287 1.49141 7.10122e-39 3
0.756582 0.151993 1.22343 9.58979e-39 3
0.764191 0.149655 1.2046 9.22028e-39 3
0.78344 0.149655 1.2046 8.57455e-39 3
0.790526 0.147387 1.18635 9.22028e-39 3
0.809483 0.147387 1.18635 7.83735e-39 3
0.749001 0.133254 1.07259 6.45441e-39 3
0.755787 0.131453 1.0581 7.00758e-39 3
1.12116 0.190736 1.53528 6.6388e-39 3
1.19246 0.198521 1.59794 7.46785e-39 3
1.24337 0.202657 1.63123 6.54554e-39 3
1.35406 0.216168 1.73998 6.26967e-39 3
1.41327 0.221081 1.77953 7.09943e-39 3
4.33147 0.463216 3.72853 5.34663e-39 3
4.39104 0.463216 3.72853 4.70198e-39 3
4.45062 0.463216 3.72853 4.70198e-39 3
-0.392592 0.126192 0.899991 6.731e-39 3
-0.350046 0.116795 0.83297 7.65295e-39 3
-0.340357 0.118051 0.841927 8.6671e-39 3
-0.326903 0.118051 0.841927 7.92954e-39 3
-0.347034 0.130699 0.932133 7.46892e-39 3
-0.336141 0.132274 0.943364 8.20613e-39 3
-0.40073 0.165093 1.17743 7.46784e-39 3
-0.387746 0.167614 1.19541 7.1909e-39 3
-0.349945 0.159112 1.13477 7.28201e-39 3
-0.313631 0.150393 1.07259 7.55968e-39 3
-0.296491 0.150393 1.07259 7.92882e-39 3
-0.392168 0.211129 1.50575 8.02174e-39 3
-0.382831 0.219574 1.56598 7.65295e-39 3
-0.350792 0.215269 1.53528 8.66746e-39 3
-0.332785 0.219574 1.56598 9.58834e-39 3
-0.301727 0.215269 1.53528 1.06947e-38 3
-0.294519 0.228723 1.63123 1.02341e-38 3
-0.203596 0.215269 1.53528 1.02344e-38 3
-0.17562 0.211129 1.50575 9.95892e-39 3
-0.151559 0.211129 1.50575 9.68233e-39 3
-0.129998 0.215269 1.53528 1.0511e-38 3
-0.105466 0.215269 1.53528 1.03266e-38 3
-0.0771514 0.205209 1.46354 9.95892e-39 3
-0.0537651 0.205209 1.46354 9.95784e-39 3
-0.0298215 0.201444 1.43668 1.0511e-38 3
-0.00680197 0.199613 1.42362 1.03263e-38 3
0.0155231 0.194313 1.38583 1.03263e-38 3
0.0370125 0.190934 1.36173 1.03266e-38 3
0.0549493 0.178516 1.27316 1.03266e-38 3
0.0752934 0.178516 1.27316 1.07876e-38 3
0.0941073 0.175659 1.25279 1.0511e-38 3
0.109736 0.168903 1.2046 1.05103e-38 3
0.126076 0.165093 1.17743 1.0695e-38 3
0.131989 0.150393 1.07259 9.86529e-39 3
0.136079 0.137234 0.97874 1.00497e-38 3
0.151719 0.137234 0.97874 9.22028e-39 3
0.167359 0.137234 0.97874 1.07876e-38 3
0.178535 0.133887 0.954868 1.12486e-38 3
0.201152 0.138971 0.991129 1.07883e-38 3
0.255853 0.163861 1.16864 1.07887e-38 3
0.32269 0.192609 1.37367 1.07876e-38 3
0.34464 0.192609 1.37367 1.02344e-38 3
0.373137 0.196048 1.3982 1.08791e-38 3
0.40267 0.199613 1.42362 1.0511e-38 3
0.433296 0.203309 1.44999 9.31247e-39 3
0.530089 0.236101 1.68385 1.01433e-38 3
0.55107 0.23359 1.66594 1.00511e-38 3
0.532382 0.215269 1.53528 9.68126e-39 3
0.556914 0.215269 1.53528 9.68126e-39 3
0.581447 0.215269 1.53528 9.22028e-39 3
0.515083 0.182978 1.30499 9.03589e-39 3
0.502439 0.171542 1.22343 9.68198e-39 3
0.521989 0.171542 1.22343 9.49794e-39 3
0.554535 0.175659 1.25279 1.00493e-38 3
0.583896 0.178516 1.27316 1.03255e-38 3
0.614228 0.181466 1.2942 1.00493e-38 3
0.640199 0.182978 1.30499 9.40467e-39 3
0.689793 0.190934 1.36173 9.3132e-39 3
0.794452 0.213179 1.52037 9.40539e-39 3
0.887693 0.231131 1.6484 9.77418e-39 3
0.657827 0.166344 1.18635 9.77345e-39 3
0.992617 0.243971 1.73998 1.01415e-38 3
1.00921 0.24129 1.72086 9.40395e-39 3
0.725694 0.168903 1.2046 9.58906e-39 3
0.744942 0.168903 1.2046 9.03662e-39 3
0.764191 0.168903 1.2046 1.15252e-38 3
0.78344 0.168903 1.2046 7.46856e-39 3
0.802688 0.168903 1.2046 7.83699e-39 3
0.809483 0.166344 1.18635 7.9299e-39 3
0.754166 0.15143 1.07999 7.46856e-39 3
0.750714 0.147365 1.051 7.37709e-39 3
1.07886 0.207145 1.47734 8.66711e-39 3
1.1457 0.215269 1.53528 7.92919e-39 3
1.17023 0.215269 1.53528 8.20541e-39 3
1.19476 0.215269 1.53528 7.5604e-39 3
1.24368 0.219574 1.56598 7.7448e-39 3
1.72867 0.224055 1.59794 5.43919e-39 3
1.75421 0.224055 1.59794 5.71542e-39 3
1.74415 0.219574 1.56598 5.62322e-39 3
1.70112 0.211129 1.50575 5.07005e-39 3
1.5205 0.18608 1.32711 4.79346e-39 3
1.51601 0.182978 1.30499 5.25515e-39 3
2.97458 0.354152 2.52578 5.07076e-39 3
-0.378211 0.140573 0.899991 8.11393e-39 3
-0.36383 0.140573 0.899991 9.31247e-39 3
-0.349448 0.140573 0.899991 9.12808e-39 3
-0.347034 0.145594 0.932133 9.22028e-39 3
-0.419544 0.183908 1.17743 9.12808e-39 3
-0.40073 0.183908 1.17743 8.66674e-39 3
-0.396834 0.191092 1.22343 8.48235e-39 3
-0.349945 0.177244 1.13477 7.65259e-39 3
-0.322465 0.172252 1.10281 8.75894e-39 3
-0.309198 0.174712 1.11856 1.20783e-38 3
-0.392168 0.23519 1.50575 8.6671e-39 3
-0.368107 0.23519 1.50575 7.37744e-39 3
-0.344046 0.23519 1.50575 9.40575e-39 3
-0.313948 0.230752 1.47734 9.95784e-39 3
-0.284964 0.226479 1.44999 1.07876e-38 3
-0.271863 0.23519 1.50575 1.0695e-38 3
-0.247803 0.23519 1.50575 9.58869e-39 3
-0.199681 0.23519 1.50575 1.02344e-38 3
-0.17562 0.23519 1.50575 9.68233e-39 3
-0.151559 0.23519 1.50575 1.02355e-38 3
-0.127499 0.23519 1.50575 1.0972e-38 3
-0.103438 0.23519 1.50575 9.86565e-39 3
-0.0793769 0.23519 1.50575 1.06032e-38 3
-0.0537651 0.228596 1.46354 1.03266e-38 3
-0.0298215 0.224401 1.43668 1.03259e-38 3
-0.00680197 0.222361 1.42362 1.04181e-38 3
0.0155231 0.216458 1.38583 1.08794e-38 3
0.0366934 0.21086 1.34999 1.02341e-38 3
0.0540701 0.195678 1.25279 1.0695e-38 3
0.0740887 0.195678 1.25279 1.12482e-38 3
0.0904878 0.188152 1.2046 1.05103e-38 3
0.104895 0.179851 1.15146 9.77345e-39 3
0.123295 0.179851 1.15146 9.31211e-39 3
0.132899 0.168688 1.07999 8.66494e-39 3
0.14419 0.161985 1.03708 9.03481e-39 3
0.155609 0.156793 1.00384 9.12808e-39 3
0.163277 0.149145 0.954868 1.05121e-38 3
0.176384 0.147348 0.943364 1.02362e-38 3
0.193793 0.149145 0.954868 1.08816e-38 3
0.21699 0.154808 0.991129 1.02355e-38 3
0.274527 0.182535 1.16864 1.05121e-38 3
0.302223 0.188152 1.2046 9.40467e-39 3
0.326495 0.191092 1.22343 9.22028e-39 3
0.346044 0.191092 1.22343 9.31247e-39 3
0.383574 0.20049 1.28359 1.00511e-38 3
0.518929 0.257471 1.6484 8.2994e-39 3
0.55107 0.26021 1.66594 9.77489e-39 3
0.577691 0.26021 1.66594 9.86709e-39 3
0.556914 0.239801 1.53528 8.8515e-39 3
0.498545 0.18961 1.21394 9.86637e-39 3
0.517942 0.18961 1.21394 8.85222e-39 3
0.559007 0.197256 1.26289 8.66639e-39 3
0.588682 0.20049 1.28359 8.20505e-39 3
0.614228 0.202147 1.2942 9.2192e-39 3
0.634908 0.202147 1.2942 1.03259e-38 3
0.583281 0.179851 1.15146 8.94369e-39 3
0.584489 0.174712 1.11856 9.49759e-39 3
0.611093 0.177244 1.13477 1.005e-38 3
0.629226 0.177244 1.13477 8.11322e-39 3
0.647359 0.177244 1.13477 8.1125e-39 3
0.588704 0.156793 1.00384 9.95712e-39 3
0.604745 0.156793 1.00384 8.66675e-39 3
0.616831 0.155795 0.997442 7.83807e-39 3
0.628765 0.154808 0.991129 7.09943e-39 3
0.771569 0.185301 1.18635 7.28417e-39 3
0.656286 0.153835 0.984896 8.11393e-39 3
0.684947 0.156793 1.00384 8.48271e-39 3
0.770099 0.172252 1.10281 7.74479e-39 3
0.735898 0.160919 1.03025 8.11465e-39 3
1.07886 0.230752 1.47734 7.93026e-39 3
1.12366 0.23519 1.50575 8.20649e-39 3
1.14773 0.23519 1.50575 8.57491e-39 3
1.17179 0.23519 1.50575 8.29833e-39 3
1.19585 0.23519 1.50575 8.57491e-39 3
1.21991 0.23519 1.50575 8.29833e-39 3
1.78701 0.265867 1.70216 5.43883e-39 3
1.77561 0.26021 1.66594 5.71578e-39 3
1.72867 0.249589 1.59794 5.80797e-39 3
1.71912 0.244597 1.56598 5.43883e-39 3
1.67706 0.23519 1.50575 5.992e-39 3
1.52515 0.21086 1.34999 4.14809e-39 3
1.47065 0.20049 1.28359 4.42468e-39 3
1.46711 0.197256 1.26289 4.60978e-39 3
1.44081 0.191092 1.22343 4.42539e-39 3
-0.378211 0.154954 0.899991 8.6671e-39 3
-0.36383 0.154954 0.899991 8.11465e-39 3
-0.460637 0.204258 1.18635 9.31319e-39 3
-0.44168 0.204258 1.18635 9.40467e-39 3
-0.425949 0.205817 1.19541 9.21992e-39 3
-0.406848 0.205817 1.19541 8.94333e-39 3
-0.403133 0.213985 1.24284 8.02137e-39 3
-0.349945 0.195377 1.13477 9.86528e-39 3
-0.322465 0.189874 1.10281 9.03588e-39 3
-0.309198 0.192586 1.11856 9.49722e-39 3
-0.313734 0.2074 1.2046 1.04195e-38 3
-0.308735 0.217436 1.26289 1.00515e-38 3
-0.288555 0.217436 1.26289 8.85293e-39 3
-0.252109 0.204258 1.18635 1.0511e-38 3
-0.233152 0.204258 1.18635 1.03263e-38 3
-0.224395 0.213985 1.24284 1.04185e-38 3
-0.218402 0.228492 1.32711 1.07872e-38 3
-0.211538 0.24511 1.42362 1.03266e-38 3
-0.188789 0.24511 1.42362 9.5887e-39 3
-0.166041 0.24511 1.42362 9.49686e-39 3
-0.140734 0.240733 1.3982 1.02351e-38 3
-0.118391 0.240733 1.3982 1.0972e-38 3
-0.0977956 0.24511 1.42362 1.03273e-38 3
-0.0757357 0.247358 1.43668 9.95856e-39 3
-0.0527786 0.247358 1.43668 1.01426e-38 3
-0.0295504 0.24511 1.42362 1.05107e-38 3
-0.00668051 0.240733 1.3982 1.18007e-38 3
0.0152531 0.234453 1.36173 9.31211e-39 3
0.0363798 0.230445 1.33845 1.0972e-38 3
0.0532186 0.2123 1.23306 9.5887e-39 3
0.0723522 0.210641 1.22343 9.68089e-39 3
0.0877867 0.201209 1.16864 1.06021e-38 3
0.102631 0.193972 1.12661 9.40431e-39 3
0.121508 0.195377 1.13477 9.86529e-39 3
0.131091 0.183415 1.0653 1.22606e-38 3
0.14419 0.178557 1.03708 1.23538e-38 3
0.15763 0.175078 1.01687 1.03266e-38 3
0.161309 0.162422 0.943364 1.19872e-38 3
0.174284 0.160488 0.932133 1.00518e-38 3
0.186953 0.1586 0.921167 1.03284e-38 3
0.206532 0.162422 0.943364 1.03281e-38 3
0.235812 0.172834 1.00384 9.77453e-39 3
0.280636 0.192586 1.11856 1.00511e-38 3
0.284295 0.183415 1.0653 1.11564e-38 3
0.295291 0.179747 1.04399 1.02351e-38 3
0.359969 0.2074 1.2046 1.0144e-38 3
0.385143 0.210641 1.22343 1.0144e-38 3
0.438988 0.228492 1.32711 9.40647e-39 3
0.460194 0.228492 1.32711 1.04206e-38 3
0.39176 0.185945 1.07999 9.1288e-39 3
0.487214 0.204258 1.18635 8.39088e-39 3
0.506171 0.204258 1.18635 9.31284e-39 3
0.495121 0.192586 1.11856 9.77382e-39 3
0.598494 0.224684 1.30499 1.15237e-38 3
0.629844 0.228492 1.32711 9.3114e-39 3
0.564881 0.19825 1.15146 7.46785e-39 3
0.591987 0.201209 1.16864 9.03553e-39 3
0.576257 0.189874 1.10281 9.77381e-39 3
0.585631 0.187237 1.08749 1.01422e-38 3
0.578888 0.179747 1.04399 8.75822e-39 3
0.59557 0.179747 1.04399 7.37421e-39 3
0.584954 0.171733 0.997442 8.66603e-39 3
0.593334 0.169573 0.984896 1.1617e-38 3
0.601506 0.167466 0.972661 8.94442e-39 3
0.609477 0.165411 0.960726 8.1143e-39 3
0.621019 0.164403 0.954868 7.83735e-39 3
0.628611 0.162422 0.943364 8.66711e-39 3
0.639831 0.161449 0.937715 9.03589e-39 3
0.854329 0.210641 1.22343 8.39016e-39 3
1.05525 0.254359 1.47734 8.39088e-39 3
1.12116 0.264334 1.53528 8.57527e-39 3
1.12366 0.259251 1.50575 8.48344e-39 3
1.14773 0.259251 1.50575 8.29869e-39 3
1.17179 0.259251 1.50575 8.57563e-39 3
1.15156 0.249649 1.44999 8.94334e-39 3
1.1129 0.236509 1.37367 8.11357e-39 3
1.13485 0.236509 1.37367 9.58907e-39 3
1.13685 0.232432 1.34999 9.12809e-39 3
0.961352 0.170646 0.991129 6.54517e-39 3
1.04322 0.182176 1.0581 7.19054e-39 3
1.81421 0.293066 1.70216 7.83663e-39 3
1.72867 0.275123 1.59794 7.09871e-39 3
1.653 0.259251 1.50575 5.90089e-39 3
1.64542 0.254359 1.47734 5.71578e-39 3
1.4993 0.228492 1.32711 5.53139e-39 3
1.44693 0.217436 1.26289 5.25444e-39 3
1.42126 0.210641 1.22343 5.0704e-39 3
1.44081 0.210641 1.22343 3.41088e-39 3
-0.76971 0.320265 1.70216 7.83627e-39 3
-0.401829 0.17332 0.921167 7.09942e-39 3
-0.369712 0.16553 0.879766 9.03588e-39 3
-0.355654 0.16553 0.879766 6.5466e-39 3
-0.453761 0.219884 1.16864 9.40575e-39 3
-0.438359 0.221537 1.17743 8.02174e-39 3
-0.419544 0.221537 1.17743 8.94369e-39 3
-0.40073 0.221537 1.17743 8.29832e-39 3
-0.393758 0.228406 1.21394 1.02348e-38 3
-0.377284 0.230191 1.22343 1.01419e-38 3
-0.309392 0.199084 1.0581 1.03266e-38 3
-0.309198 0.21046 1.11856 9.77453e-39 3
-0.295547 0.21351 1.13477 9.03733e-39 3
-0.285695 0.219884 1.16864 9.40611e-39 3
-0.267021 0.219884 1.16864 9.95892e-39 3
-0.237703 0.21046 1.11856 1.005e-38 3
-0.219829 0.21046 1.11856 9.03517e-39 3
-0.210999 0.219884 1.16864 9.21992e-39 3
-0.204536 0.233844 1.24284 1.11564e-38 3
-0.197196 0.249698 1.32711 9.77309e-39 3
-0.17599 0.249698 1.32711 9.58834e-39 3
-0.152204 0.245537 1.30499 1.06032e-38 3
-0.131351 0.245537 1.30499 1.04188e-38 3
-0.110499 0.245537 1.30499 9.31247e-39 3
-0.0881764 0.241511 1.28359 8.57599e-39 3
-0.0676655 0.241511 1.28359 9.49794e-39 3
-0.0513649 0.263075 1.3982 9.866e-39 3
-0.0285135 0.25846 1.37367 9.40431e-39 3
-0.00645015 0.254003 1.34999 1.07865e-38 3
0.0149924 0.251832 1.33845 1.1617e-38 3
0.0357684 0.2476 1.31595 1.18018e-38 3
0.0528028 0.230191 1.22343 1.1433e-38 3
0.0691126 0.219884 1.16864 1.07872e-38 3
0.0846289 0.211974 1.12661 1.01419e-38 3
0.101898 0.21046 1.11856 1.05114e-38 3
0.119772 0.21046 1.11856 1.07876e-38 3
0.131091 0.200438 1.0653 1.1156e-38 3
0.14419 0.195128 1.03708 1.08794e-38 3
0.151719 0.184152 0.97874 1.12486e-38 3
0.159389 0.175383 0.932133 9.95892e-39 3
0.172233 0.17332 0.921167 1.03281e-38 3
0.18058 0.167411 0.889764 9.59014e-39 3
0.197036 0.169336 0.899991 1.09731e-38 3
0.224309 0.179661 0.954868 1.06965e-38 3
0.255123 0.191327 1.01687 1.17106e-38 3
0.278609 0.196429 1.04399 1.23549e-38 3
0.295291 0.196429 1.04399 1.22638e-38 3
0.309907 0.195128 1.03708 1.20801e-38 3
0.324331 0.193845 1.03025 1.1989e-38 3
0.340794 0.193845 1.03025 1.1989e-38 3
0.359622 0.195128 1.03708 1.10656e-38 3
0.44543 0.196429 1.04399 1.07883e-38 3
0.502296 0.21351 1.13477 9.95892e-39 3
0.520429 0.21351 1.13477 1.19854e-38 3
0.546482 0.21665 1.15146 1.09713e-38 3
0.564881 0.21665 1.15146 1.01415e-38 3
0.591987 0.219884 1.16864 9.49615e-39 3
0.60168 0.21665 1.15146 8.48379e-39 3
0.629335 0.219884 1.16864 9.68126e-39 3
0.578888 0.196429 1.04399 8.20469e-39 3
0.561859 0.185311 0.984896 9.21812e-39 3
0.577596 0.185311 0.984896 9.95641e-39 3
0.585964 0.183009 0.972661 1.03263e-38 3
0.590503 0.179661 0.954868 9.95857e-39 3
0.598463 0.177496 0.943364 8.02318e-39 3
0.602646 0.174345 0.926618 9.12809e-39 3
0.610231 0.172306 0.91578 8.8515e-39 3
0.614091 0.169336 0.899991 1.02344e-38 3
0.600847 0.161892 0.860431 8.85078e-39 3
1.12116 0.288867 1.53528 8.39052e-39 3
1.12366 0.283311 1.50575 8.11466e-39 3
1.14773 0.283311 1.50575 8.85222e-39 3
1.12839 0.272818 1.44999 8.57456e-39 3
1.11043 0.263075 1.3982 9.58835e-39 3
1.03992 0.241511 1.28359 1.06025e-38 3
1.02677 0.233844 1.24284 9.68126e-39 3
1.06351 0.237616 1.26289 8.75895e-39 3
0.961352 0.186483 0.991129 7.37493e-39 3
0.964975 0.184152 0.97874 6.54517e-39 3
0.980614 0.184152 0.97874 5.99272e-39 3
1.00886 0.186483 0.991129 6.63809e-39 3
2.24865 0.409228 2.17498 6.54589e-39 3
2.31816 0.409228 2.17498 6.54589e-39 3
1.84141 0.320265 1.70216 5.90052e-39 3
1.75421 0.300657 1.59794 6.26895e-39 3
1.67706 0.283311 1.50575 7.00651e-39 3
1.60834 0.267858 1.42362 6.26895e-39 3
1.47065 0.241511 1.28359 5.992e-39 3
1.49116 0.241511 1.28359 5.16224e-39 3
-0.934036 0.275575 1.34999 5.9016e-39 3
-0.912465 0.275575 1.34999 5.62465e-39 3
-0.890893 0.275575 1.34999 6.8232e-39 3
-0.464023 0.202321 0.991129 7.74336e-39 3
-0.426586 0.192571 0.943364 1.37357e-38 3
-0.390349 0.182667 0.894848 1.10624e-38 3
-0.37605 0.182667 0.894848 7.65223e-39 3
-0.359695 0.181629 0.889764 8.29832e-39 3
-0.3378 0.177593 0.869991 7.1005e-39 3
-0.428689 0.235049 1.15146 9.49686e-39 3
-0.407295 0.233334 1.14305 9.12808e-39 3
-0.38903 0.233334 1.14305 9.22028e-39 3
-0.376257 0.23679 1.15999 8.48271e-39 3
-0.355091 0.235049 1.15146 1.005e-38 3
-0.297338 0.207576 1.01687 9.86565e-39 3
-0.288585 0.213111 1.04399 9.59014e-39 3
-0.291324 0.228334 1.11856 9.3132e-39 3
-0.25867 0.215991 1.0581 9.86673e-39 3
-0.2354 0.210307 1.03025 1.005e-38 3
-0.213323 0.204915 1.00384 9.49687e-39 3
-0.194786 0.202321 0.991129 8.66711e-39 3
-0.178948 0.202321 0.991129 1.06025e-38 3
-0.167347 0.207576 1.01687 8.66674e-39 3
-0.184676 0.253704 1.24284 8.94369e-39 3
-0.173057 0.266389 1.30499 9.22136e-39 3
-0.142691 0.24974 1.22343 9.49686e-39 3
-0.11941 0.242172 1.18635 9.86565e-39 3
-0.0974989 0.235049 1.15146 1.06954e-38 3
-0.0757572 0.225118 1.10281 1.06036e-38 3
-0.0573277 0.221991 1.08749 1.05114e-38 3
-0.0399505 0.221991 1.08749 1.07883e-38 3
-0.0242578 0.238558 1.16864 1.06958e-38 3
-0.00645015 0.275575 1.34999 1.18932e-38 3
0.0149924 0.27322 1.33845 1.11564e-38 3
0.0357684 0.268628 1.31595 1.06032e-38 3
0.0515936 0.244021 1.19541 1.22627e-38 3
0.0630006 0.217461 1.0653 1.2262e-38 3
0.0800232 0.217461 1.0653 1.06954e-38 3
0.0970458 0.217461 1.0653 1.21716e-38 3
0.115642 0.22046 1.07999 1.09734e-38 3
0.130205 0.215991 1.0581 1.06965e-38 3
0.14419 0.2117 1.03708 1.01422e-38 3
0.15763 0.207576 1.01687 9.59014e-39 3
0.159389 0.190278 0.932133 1.09731e-38 3
0.162665 0.177593 0.869991 1.02352e-38 3
0.176567 0.177593 0.869991 1.15262e-38 3
0.188376 0.175641 0.860431 1.10653e-38 3
0.211418 0.183717 0.899991 1.1434e-38 3
0.239567 0.194919 0.954868 1.17106e-38 3
0.271372 0.207576 1.01687 1.19872e-38 3
0.291406 0.210307 1.03025 1.1895e-38 3
0.307868 0.210307 1.03025 1.15262e-38 3
0.320119 0.207576 1.01687 1.17114e-38 3
0.336368 0.207576 1.01687 1.14355e-38 3
0.359622 0.2117 1.03708 1.08823e-38 3
0.394481 0.221991 1.08749 1.06965e-38 3
0.411858 0.221991 1.08749 1.21713e-38 3
0.387423 0.192571 0.943364 1.09727e-38 3
0.433861 0.207576 1.01687 1.00508e-38 3
0.45011 0.207576 1.01687 1.13422e-38 3
0.520429 0.231643 1.13477 1.02344e-38 3
0.563042 0.242172 1.18635 1.08798e-38 3
0.590953 0.245898 1.2046 1.25386e-38 3
0.619736 0.24974 1.22343 1.13401e-38 3
0.705418 0.275575 1.34999 1.06954e-38 3
0.72699 0.275575 1.34999 1.04188e-38 3
0.542707 0.199792 0.97874 9.95713e-39 3
0.519392 0.185853 0.910456 9.31104e-39 3
0.556593 0.193738 0.949081 6.36186e-39 3
0.571759 0.193738 0.949081 8.94334e-39 3
0.576443 0.190278 0.932133 8.94442e-39 3
0.577586 0.185853 0.910456 1.0143e-38 3
0.575408 0.180603 0.884737 9.40432e-39 3
0.582958 0.178585 0.874851 8.94334e-39 3
0.587098 0.175641 0.860431 8.02174e-39 3
0.594316 0.173732 0.851078 7.92882e-39 3
0.604629 0.172793 0.846478 9.58906e-39 3
1.12607 0.301573 1.47734 9.03661e-39 3
1.10787 0.290606 1.42362 8.48236e-39 3
1.01941 0.262022 1.28359 9.49615e-39 3
0.961139 0.242172 1.18635 8.9419e-39 3
0.980096 0.242172 1.18635 1.00493e-38 3
1.03027 0.24974 1.22343 9.40467e-39 3
0.929677 0.202321 0.991129 7.00687e-39 3
0.933696 0.199792 0.97874 7.00651e-39 3
0.949335 0.199792 0.97874 6.45298e-39 3
0.953062 0.197325 0.966657 5.99272e-39 3
0.968508 0.197325 0.966657 6.08491e-39 3
0.983954 0.197325 0.966657 7.46821e-39 3
1.01189 0.199792 0.97874 7.46785e-39 3
-0.967395 0.307759 1.3982 5.4417e-39 3
-0.882049 0.287242 1.30499 6.36294e-39 3
-0.833416 0.277976 1.26289 8.11393e-39 3
-0.544526 0.195847 0.889764 7.37528e-39 3
-0.486116 0.179526 0.815617 6.17602e-39 3
-0.462305 0.210177 0.954868 5.71685e-39 3
-0.441661 0.207645 0.943364 6.91395e-39 3
-0.400075 0.19474 0.884737 1.39194e-38 3
-0.38377 0.193646 0.879766 9.6791e-39 3
-0.37605 0.196966 0.894848 8.20505e-39 3
-0.359695 0.195847 0.889764 8.20613e-39 3
-0.345477 0.195847 0.889764 7.56184e-39 3
-0.329388 0.19474 0.884737 9.59014e-39 3
-0.35541 0.219548 0.997442 9.31355e-39 3
-0.348347 0.225288 1.02352 8.20721e-39 3
-0.329836 0.223825 1.01687 9.40575e-39 3
-0.311564 0.222381 1.01031 8.94477e-39 3
-0.286188 0.215431 0.97874 9.68234e-39 3
-0.26395 0.210177 0.954868 9.86565e-39 3
-0.24277 0.205173 0.932133 9.31248e-39 3
-0.225195 0.202759 0.921167 9.86493e-39 3
-0.210475 0.202759 0.921167 9.21956e-39 3
-0.198086 0.205173 0.932133 8.7593e-39 3
-0.184288 0.206401 0.937715 9.49687e-39 3
-0.171356 0.208903 0.949081 1.02337e-38 3
-0.157143 0.210177 0.954868 9.86528e-39 3
-0.149161 0.220955 1.00384 9.68234e-39 3
-0.136624 0.22677 1.03025 9.31391e-39 3
-0.120161 0.22677 1.03025 1.07887e-38 3
-0.103698 0.22677 1.03025 1.16184e-38 3
-0.0872358 0.22677 1.03025 1.21709e-38 3
-0.0726859 0.232899 1.0581 1.27233e-38 3
-0.0539555 0.225288 1.02352 1.23553e-38 3
-0.0376004 0.225288 1.02352 1.19865e-38 3
-0.0208368 0.220955 1.00384 1.23553e-38 3
-0.00485855 0.223825 1.01687 1.29081e-38 3
0.0113903 0.223825 1.01687 1.19861e-38 3
0.0276392 0.223825 1.01687 1.18018e-38 3
0.0441749 0.225288 1.02352 9.77345e-39 3
0.0617406 0.229794 1.04399 9.49615e-39 3
0.0784227 0.229794 1.04399 1.11553e-38 3
0.0951049 0.229794 1.04399 1.06947e-38 3
0.114068 0.234483 1.0653 1.12497e-38 3
0.130205 0.232899 1.0581 1.02344e-38 3
0.145151 0.229794 1.04399 9.31319e-39 3
0.159704 0.22677 1.03025 1.14341e-38 3
0.157514 0.202759 0.921167 9.58978e-39 3
0.162665 0.191495 0.869991 1.08805e-38 3
0.172728 0.187332 0.851078 1.20794e-38 3
0.186328 0.187332 0.851078 1.37389e-38 3
0.199928 0.187332 0.851078 1.26326e-38 3
0.228424 0.200401 0.910456 1.20794e-38 3
0.254825 0.210177 0.954868 1.24482e-38 3
0.285765 0.222381 1.01031 1.3278e-38 3
0.288864 0.212772 0.966657 1.15262e-38 3
0.293442 0.205173 0.932133 1.16184e-38 3
0.312052 0.207645 0.943364 1.16199e-38 3
0.331116 0.210177 0.954868 1.28184e-38 3
0.35065 0.212772 0.966657 1.16188e-38 3
0.398038 0.231336 1.051 1.3001e-38 3
0.35936 0.200401 0.910456 1.18947e-38 3
0.35729 0.191495 0.869991 1.11571e-38 3
0.393027 0.202759 0.921167 1.10656e-38 3
0.364826 0.181416 0.824202 1.11582e-38 3
0.44887 0.215431 0.97874 1.01433e-38 3
0.538562 0.249776 1.13477 1.23549e-38 3
0.590953 0.265146 1.2046 1.43832e-38 3
0.683847 0.297147 1.34999 1.3184e-38 3
0.49337 0.195847 0.889764 1.13401e-38 3
0.485519 0.187332 0.851078 1.14323e-38 3
0.499119 0.187332 0.851078 9.95749e-39 3
0.524112 0.191495 0.869991 1.00508e-38 3
0.544059 0.193646 0.879766 7.83699e-39 3
0.567685 0.196966 0.894848 9.58871e-39 3
0.562691 0.190437 0.865185 9.58835e-39 3
0.573349 0.18939 0.860431 8.57456e-39 3
0.577577 0.186319 0.846478 8.94369e-39 3
0.587925 0.185317 0.841927 9.12737e-39 3
0.601379 0.185317 0.841927 7.83735e-39 3
0.605073 0.182376 0.828563 9.86565e-39 3
0.618313 0.182376 0.828563 9.3132e-39 3
1.10787 0.313355 1.42362 9.21921e-39 3
1.13062 0.313355 1.42362 9.12665e-39 3
0.991175 0.269289 1.22343 9.77202e-39 3
0.980096 0.261129 1.18635 9.31176e-39 3
0.633412 0.15388 0.6991 7.83842e-39 3
0.633275 0.15118 0.686835 7.37601e-39 3
0.649951 0.152518 0.692913 6.73065e-39 3
0.910923 0.210177 0.954868 6.72993e-39 3
0.937615 0.212772 0.966657 7.46785e-39 3
0.941439 0.210177 0.954868 6.63809e-39 3
0.968508 0.212772 0.966657 7.19162e-39 3
0.983954 0.212772 0.966657 7.09907e-39 3
0.999401 0.212772 0.966657 6.54625e-39 3
1.02753 0.215431 0.97874 6.63845e-39 3
1.04317 0.215431 0.97874 5.99272e-39 3
-0.984984 0.336103 1.42362 6.08635e-39 3
-0.853596 0.298156 1.26289 6.45514e-39 3
-0.771221 0.275906 1.16864 6.91504e-39 3
-0.752547 0.275906 1.16864 6.4537e-39 3
-0.558744 0.210065 0.889764 5.43918e-39 3
-0.499149 0.192559 0.815617 4.88601e-39 3
-0.466671 0.184857 0.782992 7.92846e-39 3
-0.45416 0.184857 0.782992 7.55932e-39 3
-0.456735 0.222719 0.943364 5.25587e-39 3
-0.431269 0.217479 0.921167 8.20541e-39 3
-0.393407 0.205396 0.869991 7.743e-39 3
-0.369249 0.199845 0.846478 9.86349e-39 3
-0.355723 0.199845 0.846478 7.55968e-39 3
-0.342197 0.199845 0.846478 7.83663e-39 3
-0.32867 0.199845 0.846478 8.57491e-39 3
-0.315144 0.199845 0.846478 9.40539e-39 3
-0.30659 0.203139 0.860431 8.29905e-39 3
-0.317244 0.220068 0.932133 9.22136e-39 3
-0.30416 0.221385 0.937715 1.03277e-38 3
-0.289176 0.221385 0.937715 8.76002e-39 3
-0.270947 0.218765 0.926618 8.20721e-39 3
-0.253145 0.216207 0.91578 1.02344e-38 3
-0.238511 0.216207 0.91578 7.8377e-39 3
-0.218761 0.211265 0.894848 9.77453e-39 3
-0.204462 0.211265 0.894848 9.68125e-39 3
-0.191255 0.212479 0.899991 1.04185e-38 3
-0.178931 0.21495 0.910456 8.85078e-39 3
-0.167301 0.218765 0.926618 9.86565e-39 3
-0.152494 0.218765 0.926618 1.05117e-38 3
-0.137687 0.218765 0.926618 8.94441e-39 3
-0.129793 0.231071 0.97874 1.18036e-38 3
-0.114153 0.231071 0.97874 1.15262e-38 3
-0.0991331 0.232524 0.984896 1.24482e-38 3
-0.082874 0.231071 0.97874 1.20787e-38 3
-0.0680856 0.233996 0.991129 1.25397e-38 3
-0.0522481 0.233996 0.991129 1.15252e-38 3
-0.0376004 0.241643 1.02352 1.15248e-38 3
-0.0208368 0.236996 1.00384 1.11575e-38 3
-0.00482721 0.238525 1.01031 1.06043e-38 3
0.0113168 0.238525 1.01031 1.12497e-38 3
0.0274609 0.238525 1.01031 1.04195e-38 3
0.0419799 0.229636 0.972661 1.09731e-38 3
0.0589878 0.235486 0.997442 1.15259e-38 3
0.0773909 0.243233 1.03025 1.04199e-38 3
0.0944751 0.244843 1.03708 1.17096e-38 3
0.111047 0.244843 1.03708 1.20783e-38 3
0.127618 0.244843 1.03708 1.16188e-38 3
0.145151 0.246476 1.04399 1.12493e-38 3
0.149846 0.228218 0.966657 1.11575e-38 3
0.155682 0.21495 0.910456 1.20794e-38 3
0.159129 0.200931 0.851078 1.24482e-38 3
0.169053 0.196656 0.83297 1.13419e-38 3
0.182364 0.196656 0.83297 1.29092e-38 3
0.195674 0.196656 0.83297 1.26326e-38 3
0.215874 0.203139 0.860431 1.35545e-38 3
0.242973 0.21495 0.910456 1.18954e-38 3
0.285765 0.238525 1.01031 1.19876e-38 3
0.278547 0.220068 0.932133 1.13419e-38 3
0.293442 0.220068 0.932133 1.16184e-38 3
0.308337 0.220068 0.932133 9.95929e-39 3
0.331116 0.225435 0.954868 1.14355e-38 3
0.346374 0.225435 0.954868 1.1711e-38 3
0.344812 0.21495 0.910456 1.18014e-38 3
0.35936 0.21495 0.910456 1.10638e-38 3
0.35729 0.205396 0.869991 1.15259e-38 3
0.359218 0.198771 0.841927 1.17103e-38 3
0.353658 0.188629 0.798972 1.15266e-38 3
0.366425 0.188629 0.798972 1.15259e-38 3
0.350573 0.174393 0.738672 1.07876e-38 3
0.349199 0.168052 0.711811 1.08791e-38 3
0.360574 0.168052 0.711811 1.14326e-38 3
0.466845 0.198771 0.841927 1.17092e-38 3
0.480298 0.198771 0.841927 1.17096e-38 3
0.488499 0.196656 0.83297 1.04199e-38 3
0.501809 0.196656 0.83297 1.06039e-38 3
0.517874 0.197708 0.837425 9.95857e-39 3
0.536999 0.199845 0.846478 1.06951e-38 3
0.553517 0.200931 0.851078 1.00508e-38 3
0.564051 0.199845 0.846478 9.31248e-39 3
0.568361 0.196656 0.83297 8.7593e-39 3
0.572535 0.193567 0.819887 8.482e-39 3
0.579567 0.191561 0.811391 8.39052e-39 3
0.583463 0.188629 0.798972 8.48272e-39 3
0.590208 0.186724 0.790901 9.03589e-39 3
0.602845 0.186724 0.790901 7.9299e-39 3
0.634717 0.192559 0.815617 8.57384e-39 3
0.64775 0.192559 0.815617 7.92847e-39 3
0.639367 0.169593 0.718341 8.8515e-39 3
0.633412 0.165051 0.6991 8.29797e-39 3
0.638879 0.16359 0.692913 8.20577e-39 3
0.649951 0.16359 0.692913 7.37601e-39 3
0.889234 0.220068 0.932133 6.45406e-39 3
0.926181 0.225435 0.954868 7.19091e-39 3
0.941439 0.225435 0.954868 6.91432e-39 3
0.968508 0.228218 0.966657 7.2831e-39 3
0.983954 0.228218 0.966657 7.19091e-39 3
0.999401 0.228218 0.966657 7.5604e-39 3
1.01485 0.228218 0.966657 6.26967e-39 3
1.03029 0.228218 0.966657 6.08491e-39 3
-0.785132 0.286041 1.13477 6.36222e-39 3
-0.696355 0.259695 1.03025 7.19162e-39 3
-0.61514 0.234962 0.932133 5.99272e-39 3
-0.600245 0.234962 0.932133 5.34735e-39 3
-0.558744 0.224282 0.889764 5.90016e-39 3
-0.51525 0.212224 0.841927 8.38944e-39 3
-0.466671 0.197368 0.782992 9.58798e-39 3
-0.45416 0.197368 0.782992 9.31104e-39 3
-0.437275 0.195414 0.77524 8.66603e-39 3
-0.460708 0.232198 0.921167 8.02102e-39 3
-0.445988 0.232198 0.921167 9.03589e-39 3
-0.426254 0.229498 0.910456 7.74515e-39 3
-0.406973 0.22686 0.899991 1.09706e-38 3
-0.367263 0.212224 0.841927 9.58798e-39 3
-0.35381 0.212224 0.841927 8.85078e-39 3
-0.338537 0.211089 0.837425 1.11564e-38 3
-0.326903 0.212224 0.841927 9.12916e-39 3
-0.31345 0.212224 0.841927 1.13415e-38 3
-0.301618 0.213371 0.846478 9.77418e-39 3
-0.317244 0.234962 0.932133 8.94477e-39 3
-0.285364 0.221762 0.879766 1.12497e-38 3
-0.271306 0.221762 0.879766 8.76038e-39 3
-0.252984 0.218087 0.865185 9.86565e-39 3
-0.239159 0.218087 0.865185 1.06954e-38 3
-0.227852 0.220523 0.874851 7.46784e-39 3
-0.211509 0.218087 0.865185 1.07876e-38 3
-0.197684 0.218087 0.865185 1.04188e-38 3
-0.185913 0.220523 0.874851 1.23549e-38 3
-0.175864 0.225564 0.894848 1.13401e-38 3
-0.165344 0.23084 0.91578 1.06025e-38 3
-0.149834 0.229498 0.910456 1.25393e-38 3
-0.129273 0.219298 0.869991 1.21716e-38 3
-0.115371 0.219298 0.869991 1.18957e-38 3
-0.110027 0.237793 0.943364 1.08809e-38 3
-0.0796069 0.199362 0.790901 1.3278e-38 3
-0.0666324 0.19836 0.786927 1.30925e-38 3
-0.0540579 0.19836 0.786927 1.12486e-38 3
-0.0414834 0.19836 0.786927 1.1433e-38 3
-0.0359554 0.246711 0.97874 1.2078e-38 3
-0.0203159 0.246711 0.97874 1.2356e-38 3
-0.00461862 0.243665 0.966657 1.15262e-38 3
0.0104411 0.234962 0.932133 1.18028e-38 3
0.0241843 0.224282 0.889764 1.13419e-38 3
0.0367324 0.214531 0.851078 1.15262e-38 3
0.0422881 0.180245 0.715061 1.40155e-38 3
0.0534701 0.179426 0.711811 1.33709e-38 3
0.0839161 0.232198 0.921167 1.34613e-38 3
0.110316 0.259695 1.03025 1.28159e-38 3
0.126779 0.259695 1.03025 1.26315e-38 3
0.145151 0.263158 1.04399 1.36464e-38 3
0.161834 0.263158 1.04399 1.36464e-38 3
0.147128 0.216888 0.860431 1.28166e-38 3
0.155743 0.209966 0.83297 1.26322e-38 3
0.165531 0.205592 0.815617 1.23549e-38 3
0.178564 0.205592 0.815617 1.19872e-38 3
0.191597 0.205592 0.815617 1.26326e-38 3
0.206784 0.207756 0.824202 1.30014e-38 3
0.227127 0.214531 0.851078 1.30925e-38 3
0.251668 0.224282 0.889764 1.21716e-38 3
0.27207 0.229498 0.910456 1.27248e-38 3
0.28999 0.232198 0.921167 1.46609e-38 3
0.312052 0.237793 0.943364 1.27252e-38 3
0.331116 0.240693 0.954868 1.23564e-38 3
0.346374 0.240693 0.954868 1.02352e-38 3
0.357275 0.237793 0.943364 1.21698e-38 3
0.35936 0.229498 0.910456 1.15245e-38 3
0.35729 0.219298 0.869991 1.00497e-38 3
0.355397 0.209966 0.83297 1.06039e-38 3
0.361026 0.205592 0.815617 9.59014e-39 3
0.341996 0.18797 0.745707 1.02352e-38 3
0.337825 0.179426 0.711811 1.005e-38 3
0.349199 0.179426 0.711811 1.11557e-38 3
0.357325 0.177809 0.705398 9.8653e-39 3
0.368597 0.177809 0.705398 1.06954e-38 3
0.439223 0.205592 0.815617 1.08794e-38 3
0.452256 0.205592 0.815617 1.14326e-38 3
0.467725 0.206669 0.819887 9.49651e-39 3
0.475844 0.204527 0.811391 1.08805e-38 3
0.488809 0.204527 0.811391 9.86637e-39 3
0.509697 0.207756 0.824202 9.49651e-39 3
0.531256 0.211089 0.837425 9.31212e-39 3
0.544637 0.211089 0.837425 1.03259e-38 3
0.561019 0.212224 0.841927 9.31212e-39 3
0.565353 0.208856 0.828563 1.08791e-38 3
0.569553 0.205592 0.815617 1.01415e-38 3
0.573623 0.202429 0.803069 1.005e-38 3
0.583463 0.201396 0.798972 9.12809e-39 3
0.587242 0.19836 0.786927 8.85114e-39 3
0.599816 0.19836 0.786927 9.49687e-39 3
0.603296 0.195414 0.77524 8.94334e-39 3
0.615683 0.195414 0.77524 8.85114e-39 3
0.609954 0.189777 0.752877 8.20577e-39 3
0.607384 0.185322 0.735204 6.82284e-39 3
0.619132 0.185322 0.735204 6.82355e-39 3
0.655499 0.192555 0.763895 7.4682e-39 3
0.667706 0.192555 0.763895 7.56076e-39 3
0.654376 0.185322 0.735204 7.92919e-39 3
0.639119 0.177809 0.705398 8.66675e-39 3
0.644583 0.176222 0.6991 7.83699e-39 3
0.661662 0.177809 0.705398 7.28418e-39 3
0.711387 0.18797 0.745707 7.83663e-39 3
0.893492 0.232198 0.921167 7.74444e-39 3
0.919024 0.234962 0.932133 7.74408e-39 3
0.968508 0.243665 0.966657 8.57384e-39 3
0.983954 0.243665 0.966657 7.09871e-39 3
0.999401 0.243665 0.966657 7.46821e-39 3
1.00247 0.240693 0.954868 7.28382e-39 3
0.959239 0.22686 0.899991 7.83663e-39 3
0.97362 0.22686 0.899991 6.45369e-39 3
0.988001 0.22686 0.899991 6.3615e-39 3
-0.528704 0.225678 0.841927 9.49615e-39 3
-0.486116 0.218625 0.815617 7.83663e-39 3
-0.449663 0.207802 0.77524 8.57419e-39 3
-0.192859 0.0916507 0.341918 7.74443e-39 3
-0.192438 0.0941166 0.351118 9.21884e-39 3
-0.340357 0.225678 0.841927 1.15252e-38 3
-0.32867 0.226897 0.846478 9.95892e-39 3
-0.315144 0.226897 0.846478 1.19869e-38 3
-0.303257 0.228131 0.851078 1.05117e-38 3
-0.317244 0.249857 0.932133 1.01433e-38 3
-0.290256 0.239863 0.894848 1.01433e-38 3
-0.26104 0.226897 0.846478 9.68161e-39 3
-0.247514 0.226897 0.846478 8.11393e-39 3
-0.233988 0.226897 0.846478 1.18936e-38 3
-0.22166 0.228131 0.851078 1.08794e-38 3
-0.20806 0.228131 0.851078 1.18014e-38 3
-0.194461 0.228131 0.851078 1.08809e-38 3
-0.183859 0.231912 0.865185 1.05121e-38 3
-0.1729 0.23582 0.879766 1.08791e-38 3
-0.162493 0.241241 0.899991 1.18925e-38 3
-0.145602 0.237153 0.884737 1.29074e-38 3
-0.127154 0.229377 0.855729 1.17096e-38 3
-0.109299 0.220926 0.824202 1.07894e-38 3
-0.0941469 0.216371 0.807208 1.21705e-38 3
-0.0804192 0.214163 0.798972 1.30003e-38 3
-0.0673089 0.213076 0.794916 1.10653e-38 3
-0.0546067 0.213076 0.794916 1.15262e-38 3
-0.041276 0.20988 0.782992 1.24471e-38 3
-0.0290549 0.212 0.790901 1.26315e-38 3
-0.0186813 0.241241 0.899991 1.34627e-38 3
-0.00397988 0.223277 0.83297 1.27248e-38 3
0.00933036 0.223277 0.83297 1.13426e-38 3
0.0224023 0.220926 0.824202 1.26337e-38 3
0.0314361 0.195237 0.728365 1.1527e-38 3
0.042482 0.192551 0.718341 1.24486e-38 3
0.0534701 0.1908 0.711811 1.29106e-38 3
0.0639719 0.188233 0.702235 1.3278e-38 3
0.133379 0.230637 0.860431 1.19862e-38 3
0.143964 0.225678 0.841927 1.24471e-38 3
0.152498 0.218625 0.815617 1.38301e-38 3
0.165531 0.218625 0.815617 1.2723e-38 3
0.178564 0.218625 0.815617 1.31858e-38 3
0.191597 0.218625 0.815617 1.22638e-38 3
0.20463 0.218625 0.815617 1.23549e-38 3
0.219954 0.220926 0.824202 1.3184e-38 3
0.238138 0.225678 0.841927 1.30003e-38 3
0.265886 0.2385 0.889764 1.24482e-38 3
0.28999 0.246918 0.921167 1.43847e-38 3
0.312052 0.252868 0.943364 1.2817e-38 3
0.331116 0.255951 0.954868 1.5213e-38 3
0.346374 0.255951 0.954868 1.32765e-38 3
0.353021 0.249857 0.932133 9.77418e-39 3
0.355229 0.241241 0.899991 1.14319e-38 3
0.345765 0.225678 0.841927 1.2078e-38 3
0.307901 0.193438 0.721652 1.09716e-38 3
0.319433 0.193438 0.721652 1.19869e-38 3
0.327942 0.191671 0.715061 9.58978e-39 3
0.334782 0.189081 0.705398 1.18943e-38 3
0.338431 0.184916 0.689861 9.95713e-39 3
0.357325 0.189081 0.705398 1.06029e-38 3
0.405092 0.207802 0.77524 8.39017e-39 3
0.41137 0.204761 0.763895 1.04185e-38 3
0.434166 0.20988 0.782992 1.23546e-38 3
0.455793 0.214163 0.798972 1.00493e-38 3
0.463827 0.212 0.790901 1.12482e-38 3
0.476465 0.212 0.790901 9.7731e-39 3
0.494094 0.214163 0.798972 1.18014e-38 3
0.517421 0.218625 0.815617 1.07869e-38 3
0.527705 0.217492 0.811391 8.85007e-39 3
0.540671 0.217492 0.811391 1.01412e-38 3
0.550782 0.216371 0.807208 1.10635e-38 3
0.552293 0.212 0.790901 1.10635e-38 3
0.564931 0.212 0.790901 1.005e-38 3
0.577569 0.212 0.790901 9.22028e-39 3
0.587242 0.210935 0.786927 9.68162e-39 3
0.599816 0.210935 0.786927 1.15252e-38 3
0.609329 0.20988 0.782992 1.12486e-38 3
0.615683 0.207802 0.77524 1.04188e-38 3
0.590095 0.195237 0.728365 1.06032e-38 3
0.596188 0.193438 0.721652 9.12773e-39 3
0.591368 0.188233 0.702235 9.58906e-39 3
0.63686 0.198938 0.742173 1.005e-38 3
0.648719 0.198938 0.742173 8.57456e-39 3
0.654376 0.19707 0.735204 7.7448e-39 3
0.644929 0.1908 0.711811 7.6526e-39 3
0.656303 0.1908 0.711811 7.00723e-39 3
0.673803 0.192551 0.718341 6.36186e-39 3
0.725201 0.203767 0.760186 7.6526e-39 3
0.737348 0.203767 0.760186 6.82248e-39 3
0.908212 0.246918 0.921167 6.73029e-39 3
0.956697 0.255951 0.954868 6.82212e-39 3
0.983954 0.259111 0.966657 6.45334e-39 3
0.987213 0.255951 0.954868 8.29725e-39 3
0.865291 0.220926 0.824202 8.20541e-39 3
0.707236 0.177864 0.663553 8.38909e-39 3
0.651183 0.159 0.593176 7.09835e-39 3
-0.192859 0.0971143 0.341918 5.62321e-39 3
-0.192438 0.0997272 0.351118 8.29689e-39 3
-0.186827 0.0997272 0.351118 8.20469e-39 3
-0.182033 0.100176 0.352699 8.20541e-39 3
-0.176397 0.100176 0.352699 9.31211e-39 3
-0.177145 0.103921 0.365884 7.74515e-39 3
-0.32867 0.240423 0.846478 1.06965e-38 3
-0.315144 0.240423 0.846478 1.10649e-38 3
-0.303257 0.24173 0.851078 9.95857e-39 3
-0.309867 0.258595 0.910456 9.49794e-39 3
-0.288606 0.252718 0.889764 9.68234e-39 3
-0.26104 0.240423 0.846478 1.03266e-38 3
-0.246183 0.239131 0.841927 9.31175e-39 3
-0.230254 0.236587 0.83297 1.26312e-38 3
-0.219276 0.239131 0.841927 1.32758e-38 3
-0.204722 0.237852 0.837425 1.12475e-38 3
-0.191341 0.237852 0.837425 1.25404e-38 3
-0.17796 0.237852 0.837425 9.95964e-39 3
-0.165463 0.239131 0.841927 1.33676e-38 3
-0.152831 0.240423 0.846478 1.10617e-38 3
-0.138556 0.239131 0.841927 1.14315e-38 3
-0.123117 0.235335 0.828563 1.19854e-38 3
-0.107045 0.22927 0.807208 1.17106e-38 3
-0.0922449 0.224638 0.790901 1.11575e-38 3
-0.080011 0.225778 0.794916 1.06032e-38 3
-0.0679992 0.228094 0.803069 1.25404e-38 3
-0.0548853 0.22693 0.798972 1.09731e-38 3
-0.0416929 0.224638 0.790901 1.1894e-38 3
-0.0290549 0.224638 0.790901 1.26315e-38 3
-0.0163344 0.223509 0.786927 1.30014e-38 3
-0.00375989 0.223509 0.786927 1.36467e-38 3
0.0082741 0.209804 0.738672 1.17114e-38 3
0.0199833 0.208818 0.735204 1.26333e-38 3
0.0312906 0.205918 0.724993 1.18032e-38 3
0.042482 0.204029 0.718341 1.32783e-38 3
0.0534701 0.202174 0.711811 1.25408e-38 3
0.0642601 0.200353 0.705398 1.30936e-38 3
0.0751931 0.199454 0.702235 1.37375e-38 3
0.0871963 0.201259 0.70859 1.23539e-38 3
0.0980753 0.200353 0.705398 1.27234e-38 3
0.108857 0.199454 0.702235 1.22627e-38 3
0.140933 0.234097 0.824202 1.30925e-38 3
0.150926 0.22927 0.807208 1.20783e-38 3
0.163825 0.22927 0.807208 1.39215e-38 3
0.17492 0.22693 0.798972 1.32776e-38 3
0.187687 0.22693 0.798972 1.24486e-38 3
0.200454 0.22693 0.798972 1.40145e-38 3
0.215419 0.22927 0.807208 1.25386e-38 3
0.233124 0.234097 0.824202 1.15245e-38 3
0.251591 0.239131 0.841927 1.30014e-38 3
0.27087 0.244386 0.860431 1.31861e-38 3
0.308337 0.264752 0.932133 1.30014e-38 3
0.327126 0.267942 0.943364 1.33691e-38 3
0.3422 0.267942 0.943364 1.29996e-38 3
0.336975 0.252718 0.889764 1.27234e-38 3
0.325315 0.234097 0.824202 1.33687e-38 3
0.312195 0.215914 0.760186 1.32758e-38 3
0.306489 0.204029 0.718341 1.32765e-38 3
0.319433 0.204969 0.721652 1.32769e-38 3
0.330964 0.204969 0.721652 1.17103e-38 3
0.340925 0.204029 0.718341 1.21705e-38 3
0.350794 0.203097 0.715061 1.12479e-38 3
0.385079 0.215914 0.760186 1.18932e-38 3
0.40112 0.218031 0.767639 1.22624e-38 3
0.41137 0.216968 0.763895 1.28156e-38 3
0.429867 0.22019 0.77524 1.13404e-38 3
0.448922 0.223509 0.786927 1.15245e-38 3
0.459189 0.222392 0.782992 1.07865e-38 3
0.469354 0.221285 0.779097 1.13404e-38 3
0.479418 0.22019 0.77524 1.23542e-38 3
0.486984 0.218031 0.767639 1.30918e-38 3
0.494404 0.215914 0.760186 1.18003e-38 3
0.506551 0.215914 0.760186 9.58763e-39 3
0.518698 0.215914 0.760186 1.01415e-38 3
0.549518 0.223509 0.786927 1.05103e-38 3
0.562093 0.223509 0.786927 1.25393e-38 3
0.577569 0.224638 0.790901 1.1433e-38 3
0.584305 0.222392 0.782992 1.03266e-38 3
0.590908 0.22019 0.77524 1.06029e-38 3
0.606297 0.221285 0.779097 1.01422e-38 3
0.618747 0.221285 0.779097 1.06032e-38 3
0.590095 0.206876 0.728365 9.95785e-39 3
0.567424 0.19508 0.686835 1.06951e-38 3
0.578399 0.19508 0.686835 1.05107e-38 3
0.627932 0.207843 0.731768 1.06947e-38 3
0.645659 0.209804 0.738672 9.21993e-39 3
0.670106 0.213838 0.752877 9.03554e-39 3
0.682136 0.213838 0.752877 7.6526e-39 3
0.674704 0.207843 0.731768 8.11358e-39 3
0.720044 0.218031 0.767639 7.6526e-39 3
0.73231 0.218031 0.767639 6.91504e-39 3
0.737348 0.215914 0.760186 7.83663e-39 3
0.749495 0.215914 0.760186 7.09907e-39 3
0.761642 0.215914 0.760186 7.83628e-39 3
0.675426 0.188468 0.663553 6.36115e-39 3
0.674596 0.185326 0.652493 6.45298e-39 3
0.668314 0.180806 0.636579 7.65224e-39 3
0.662332 0.176501 0.621422 6.72956e-39 3
0.646603 0.169765 0.597704 6.63773e-39 3
-0.387411 0.206056 0.686835 8.66495e-39 3
-0.181932 0.102578 0.341918 9.31176e-39 3
-0.165452 0.109768 0.365884 1.13401e-38 3
-0.31345 0.252584 0.841927 9.31355e-39 3
-0.301618 0.25395 0.846478 1.06965e-38 3
-0.297749 0.262462 0.874851 1.05114e-38 3
-0.27309 0.252584 0.841927 1.07872e-38 3
-0.259637 0.252584 0.841927 1.20776e-38 3
-0.241 0.247267 0.824202 1.18932e-38 3
-0.223133 0.242168 0.807208 1.09713e-38 3
-0.212424 0.244691 0.815617 1.11557e-38 3
-0.199391 0.244691 0.815617 1.18936e-38 3
-0.187334 0.245972 0.819887 1.24475e-38 3
-0.174233 0.245972 0.819887 1.32765e-38 3
-0.160292 0.244691 0.815617 1.27223e-38 3
-0.146496 0.243423 0.811391 1.26286e-38 3
-0.132843 0.242168 0.807208 1.07855e-38 3
-0.11872 0.239697 0.798972 1.1801e-38 3
-0.104883 0.237276 0.790901 1.13408e-38 3
-0.0913225 0.234903 0.782992 1.12493e-38 3
-0.0788109 0.234903 0.782992 1.18028e-38 3
-0.0669689 0.237276 0.790901 1.06043e-38 3
-0.0543309 0.237276 0.790901 1.12486e-38 3
-0.0416929 0.237276 0.790901 1.10638e-38 3
-0.0290549 0.237276 0.790901 1.32769e-38 3
-0.0163344 0.236084 0.786927 1.19861e-38 3
-0.00375989 0.236084 0.786927 1.15262e-38 3
0.00815864 0.218515 0.728365 1.17106e-38 3
0.0193474 0.213548 0.711811 1.41999e-38 3
0.0310035 0.215508 0.718341 1.13422e-38 3
0.0422881 0.214524 0.715061 1.42925e-38 3
0.0532281 0.212582 0.70859 1.26322e-38 3
0.0639719 0.210676 0.702235 1.25404e-38 3
0.0748574 0.209735 0.6991 1.32769e-38 3
0.0864143 0.210676 0.702235 1.18014e-38 3
0.0976355 0.210676 0.702235 1.51201e-38 3
0.107412 0.207879 0.692913 1.23542e-38 3
0.138028 0.242168 0.807208 1.26315e-38 3
0.149386 0.239697 0.798972 1.37379e-38 3
0.160515 0.237276 0.790901 1.47513e-38 3
0.169724 0.232578 0.77524 1.25393e-38 3
0.180327 0.230297 0.767639 1.22635e-38 3
0.192593 0.230297 0.767639 1.19858e-38 3
0.206888 0.232578 0.77524 1.2907e-38 3
0.221468 0.234903 0.782992 1.31843e-38 3
0.241216 0.242168 0.807208 1.27241e-38 3
0.265045 0.252584 0.841927 1.31858e-38 3
0.284619 0.258136 0.860431 1.19872e-38 3
0.308539 0.266936 0.889764 1.30918e-38 3
0.322757 0.266936 0.889764 1.63186e-38 3
0.293602 0.232578 0.77524 1.30921e-38 3
0.300048 0.228061 0.760186 1.25401e-38 3
0.288396 0.210676 0.702235 1.29999e-38 3
0.305089 0.214524 0.715061 1.32765e-38 3
0.319433 0.216501 0.721652 1.32769e-38 3
0.330964 0.216501 0.721652 1.31861e-38 3
0.339368 0.214524 0.715061 1.17096e-38 3
0.350794 0.214524 0.715061 1.29992e-38 3
0.368959 0.218515 0.728365 1.25383e-38 3
0.387813 0.222657 0.742173 1.27234e-38 3
0.399672 0.222657 0.742173 1.31836e-38 3
0.407667 0.220567 0.735204 1.32762e-38 3
0.433668 0.228061 0.760186 1.15237e-38 3
0.447989 0.229174 0.763895 1.15241e-38 3
0.445001 0.221607 0.738672 1.21702e-38 3
0.452535 0.219536 0.731768 1.05107e-38 3
0.449524 0.212582 0.70859 1.06025e-38 3
0.460847 0.212582 0.70859 1.1155e-38 3
0.474316 0.213548 0.711811 1.09709e-38 3
0.483492 0.212582 0.70859 9.95713e-39 3
0.497064 0.213548 0.711811 1.21698e-38 3
0.527625 0.221607 0.738672 1.06951e-38 3
0.566132 0.232578 0.77524 1.08794e-38 3
0.57852 0.232578 0.77524 1.01422e-38 3
0.573863 0.225869 0.752877 9.6809e-39 3
0.559017 0.215508 0.718341 1.07872e-38 3
0.536069 0.202503 0.674993 1.10642e-38 3
0.515733 0.190978 0.636579 1.11564e-38 3
0.543583 0.197398 0.657977 1.13415e-38 3
0.538265 0.191758 0.639177 1.07873e-38 3
0.548479 0.191758 0.639177 1.18936e-38 3
0.645659 0.221607 0.738672 9.7731e-39 3
0.676612 0.228061 0.760186 9.40468e-39 3
0.695511 0.230297 0.767639 9.21993e-39 3
0.736667 0.239697 0.798972 9.03553e-39 3
0.749434 0.239697 0.798972 9.8653e-39 3
0.754502 0.237276 0.790901 9.03553e-39 3
0.759468 0.234903 0.782992 9.40432e-39 3
0.77198 0.234903 0.782992 9.7731e-39 3
0.761642 0.228061 0.760186 9.31212e-39 3
0.639493 0.180003 0.599994 6.82068e-39 3
-0.401911 0.218951 0.692913 7.74371e-39 3
-0.387411 0.217031 0.686835 8.38836e-39 3
-0.305245 0.259073 0.819887 1.09734e-38 3
-0.289116 0.256389 0.811391 1.32772e-38 3
-0.276151 0.256389 0.811391 1.17096e-38 3
-0.25271 0.246184 0.779097 1.20776e-38 3
-0.245139 0.251183 0.794916 1.11557e-38 3
-0.231263 0.249914 0.790901 1.20776e-38 3
-0.216439 0.247415 0.782992 1.1801e-38 3
-0.202913 0.246184 0.779097 1.11557e-38 3
-0.190463 0.246184 0.779097 1.0972e-38 3
-0.185393 0.256389 0.811391 1.20776e-38 3
-0.170659 0.253759 0.803069 1.18929e-38 3
-0.157826 0.253759 0.803069 1.30903e-38 3
-0.148809 0.260437 0.824202 1.1707e-38 3
-0.135639 0.260437 0.824202 1.19847e-38 3
-0.123772 0.263207 0.83297 1.26308e-38 3
-0.104356 0.248658 0.786927 1.16174e-38 3
-0.0908681 0.246184 0.779097 1.09716e-38 3
-0.0784188 0.246184 0.779097 1.24478e-38 3
-0.0666324 0.248658 0.786927 1.13415e-38 3
-0.0537876 0.247415 0.782992 1.20776e-38 3
-0.0414834 0.248658 0.786927 1.21698e-38 3
-0.0290549 0.249914 0.790901 1.44747e-38 3
-0.0163344 0.248658 0.786927 1.25393e-38 3
-0.00366773 0.242564 0.767639 1.36453e-38 3
0.00797322 0.224923 0.711811 1.17096e-38 3
0.0193474 0.224923 0.711811 1.29081e-38 3
0.0308619 0.22595 0.715061 1.2356e-38 3
0.0422881 0.22595 0.715061 1.3462e-38 3
0.0527507 0.221897 0.702235 1.32769e-38 3
0.0634033 0.219924 0.695993 1.32769e-38 3
0.0745247 0.219924 0.695993 1.33684e-38 3
0.0864143 0.221897 0.702235 1.20776e-38 3
0.0976355 0.221897 0.702235 1.37372e-38 3
0.107412 0.218951 0.692913 1.46591e-38 3
0.117962 0.217987 0.689861 1.41059e-38 3
0.130713 0.220906 0.6991 1.52123e-38 3
0.155794 0.242564 0.767639 1.4013e-38 3
0.166429 0.240209 0.760186 1.48442e-38 3
0.178576 0.240209 0.760186 1.2539e-38 3
0.190723 0.240209 0.760186 1.25386e-38 3
0.20287 0.240209 0.760186 1.42896e-38 3
0.217126 0.242564 0.767639 1.25386e-38 3
0.229392 0.242564 0.767639 1.5213e-38 3
0.241658 0.242564 0.767639 1.47527e-38 3
0.251459 0.240209 0.760186 1.34624e-38 3
0.249096 0.226986 0.718341 1.25386e-38 3
0.258206 0.224923 0.711811 1.53045e-38 3
0.264766 0.220906 0.6991 1.35531e-38 3
0.273495 0.218951 0.692913 1.22635e-38 3
0.284567 0.218951 0.692913 1.36453e-38 3
0.29564 0.218951 0.692913 1.41059e-38 3
0.306712 0.218951 0.692913 1.2262e-38 3
0.317784 0.218951 0.692913 1.32776e-38 3
0.333281 0.221897 0.702235 1.32776e-38 3
0.344502 0.221897 0.702235 1.23549e-38 3
0.363882 0.226986 0.718341 1.34609e-38 3
0.378836 0.229088 0.724993 1.27234e-38 3
0.394069 0.231229 0.731768 1.27226e-38 3
0.402005 0.229088 0.724993 1.41059e-38 3
0.406071 0.224923 0.711811 1.29067e-38 3
0.43525 0.234517 0.742173 1.21695e-38 3
0.440842 0.231229 0.731768 1.15248e-38 3
0.444232 0.226986 0.718341 1.28156e-38 3
0.449524 0.223905 0.70859 1.10631e-38 3
0.460847 0.223905 0.70859 1.18007e-38 3
0.474316 0.224923 0.711811 1.10631e-38 3
0.481314 0.222896 0.705398 9.49652e-39 3
0.488188 0.220906 0.6991 1.06029e-38 3
0.553745 0.244965 0.77524 1.08795e-38 3
0.566132 0.244965 0.77524 1.05107e-38 3
0.57852 0.244965 0.77524 1.02341e-38 3
0.547539 0.226986 0.718341 9.03553e-39 3
0.525283 0.213289 0.674993 1.09713e-38 3
0.522555 0.207912 0.657977 1.05103e-38 3
0.50952 0.198727 0.628909 9.58906e-39 3
0.519569 0.198727 0.628909 1.02344e-38 3
0.529619 0.198727 0.628909 9.7731e-39 3
0.539668 0.198727 0.628909 1.02341e-38 3
0.534686 0.193293 0.611713 9.68091e-39 3
0.544461 0.193293 0.611713 9.68091e-39 3
0.633412 0.220906 0.6991 9.58871e-39 3
0.736667 0.252464 0.798972 1.04185e-38 3
0.765047 0.257724 0.815617 1.03263e-38 3
0.77808 0.257724 0.815617 8.85115e-39 3
0.76714 0.249914 0.790901 9.03662e-39 3
0.764337 0.244965 0.77524 7.46929e-39 3
0.655478 0.200336 0.634002 6.17747e-39 3
0.652402 0.196361 0.621422 7.65152e-39 3
-0.409361 0.228006 0.686835 6.72992e-39 3
-0.394921 0.226023 0.680863 9.31032e-39 3
-0.380731 0.224075 0.674993 9.31031e-39 3
-0.343309 0.207941 0.626394 9.31067e-39 3
-0.281815 0.262552 0.790901 1.29081e-38 3
-0.258724 0.252356 0.760186 1.07869e-38 3
-0.24188 0.247549 0.745707 1.11557e-38 3
-0.229964 0.247549 0.745707 1.17096e-38 3
-0.217015 0.246376 0.742173 1.29077e-38 3
-0.212195 0.25483 0.767639 1.13408e-38 3
-0.197031 0.251137 0.756514 1.07869e-38 3
-0.184943 0.251137 0.756514 1.1801e-38 3
-0.183491 0.266591 0.803069 1.14312e-38 3
-0.169788 0.265231 0.798972 8.66423e-39 3
-0.157826 0.266591 0.803069 1.15219e-38 3
-0.147259 0.270757 0.815617 1.29989e-38 3
-0.135639 0.273607 0.824202 1.34598e-38 3
-0.122469 0.273607 0.824202 1.19854e-38 3
-0.103834 0.259927 0.782992 1.29996e-38 3
-0.0908681 0.258633 0.779097 1.07865e-38 3
-0.0784188 0.258633 0.779097 1.08795e-38 3
-0.0662992 0.259927 0.782992 1.1156e-38 3
-0.05352 0.258633 0.779097 1.30918e-38 3
-0.0410706 0.258633 0.779097 1.43818e-38 3
-0.0290549 0.262552 0.790901 1.33684e-38 3
-0.0163344 0.261233 0.786927 1.20776e-38 3
-0.00366773 0.25483 0.767639 1.36457e-38 3
0.00804637 0.238465 0.718341 1.35535e-38 3
0.0196149 0.239564 0.721652 1.28159e-38 3
0.0311464 0.239564 0.721652 1.34613e-38 3
0.042482 0.238465 0.718341 1.36464e-38 3
0.0527507 0.233118 0.702235 1.29999e-38 3
0.0631227 0.230024 0.692913 1.21705e-38 3
0.0745247 0.231046 0.695993 1.20776e-38 3
0.0856462 0.231046 0.695993 1.41059e-38 3
0.0971996 0.232077 0.6991 1.24464e-38 3
0.106005 0.22701 0.683836 1.40137e-38 3
0.116932 0.22701 0.683836 1.42896e-38 3
0.130713 0.232077 0.6991 1.46584e-38 3
0.143162 0.234168 0.705398 1.23535e-38 3
0.153055 0.232077 0.6991 1.10635e-38 3
0.164226 0.232077 0.6991 1.2539e-38 3
0.175397 0.232077 0.6991 1.30911e-38 3
0.189961 0.236297 0.711811 1.3829e-38 3
0.203182 0.238465 0.718341 1.46584e-38 3
0.216648 0.240673 0.724993 1.3645e-38 3
0.228233 0.240673 0.724993 1.50286e-38 3
0.235457 0.236297 0.711811 1.29092e-38 3
0.242424 0.232077 0.6991 1.3645e-38 3
0.246979 0.226023 0.680863 1.45669e-38 3
0.251303 0.220277 0.663553 1.21705e-38 3
0.261906 0.220277 0.663553 1.30932e-38 3
0.27251 0.220277 0.663553 1.20783e-38 3
0.285532 0.222159 0.669224 1.41052e-38 3
0.296226 0.222159 0.669224 1.22617e-38 3
0.30692 0.222159 0.669224 1.23542e-38 3
0.321738 0.225045 0.677915 1.22635e-38 3
0.334017 0.226023 0.680863 1.38315e-38 3
0.351001 0.230024 0.692913 1.21702e-38 3
0.362073 0.230024 0.692913 1.23546e-38 3
0.386839 0.238465 0.718341 1.09709e-38 3
0.394696 0.236297 0.711811 1.19854e-38 3
0.406071 0.236297 0.711811 1.18925e-38 3
0.40999 0.232077 0.6991 1.29074e-38 3
0.421161 0.232077 0.6991 1.19858e-38 3
0.432333 0.232077 0.6991 1.29078e-38 3
0.443504 0.232077 0.6991 1.40134e-38 3
0.454675 0.232077 0.6991 1.18007e-38 3
0.465846 0.232077 0.6991 1.01419e-38 3
0.477017 0.232077 0.6991 1.02341e-38 3
0.506269 0.240673 0.724993 1.11571e-38 3
0.553745 0.257353 0.77524 1.08795e-38 3
0.571794 0.259927 0.782992 1.1617e-38 3
0.57852 0.257353 0.77524 1.29996e-38 3
0.542561 0.236297 0.711811 1.09716e-38 3
0.49945 0.213055 0.641797 1.18007e-38 3
0.491573 0.205476 0.618966 1.05103e-38 3
0.50546 0.207113 0.623898 1.11557e-38 3
0.515429 0.207113 0.623898 1.06032e-38 3
0.525399 0.207113 0.623898 9.12808e-39 3
0.53751 0.207941 0.626394 1.03263e-38 3
0.516527 0.196171 0.590937 1.01422e-38 3
0.520082 0.193975 0.584322 1.12482e-38 3
0.514074 0.188353 0.567386 1.17092e-38 3
0.52314 0.188353 0.567386 1.10638e-38 3
0.749434 0.265231 0.798972 9.58871e-39 3
0.77808 0.270757 0.815617 8.85115e-39 3
0.76714 0.262552 0.790901 8.48309e-39 3
0.764337 0.257353 0.77524 9.03662e-39 3
0.652834 0.209618 0.631445 7.28382e-39 3
-0.394921 0.236903 0.680863 1.04167e-38 3
-0.330655 0.216221 0.621422 9.6791e-39 3
-0.320725 0.216221 0.621422 1.05081e-38 3
-0.310795 0.216221 0.621422 1.01379e-38 3
-0.303655 0.28379 0.815617 1.18018e-38 3
-0.281815 0.27519 0.790901 1.25379e-38 3
-0.249052 0.254615 0.731768 1.20773e-38 3
-0.237359 0.254615 0.731768 1.1801e-38 3
-0.225665 0.254615 0.731768 1.16174e-38 3
-0.212977 0.253431 0.728365 1.19861e-38 3
-0.206132 0.259465 0.745707 1.23549e-38 3
-0.193296 0.258235 0.742173 1.35528e-38 3
-0.179733 0.255811 0.735204 1.37364e-38 3
-0.156933 0.238981 0.686835 1.27216e-38 3
-0.167228 0.273807 0.786927 1.18914e-38 3
-0.157021 0.277998 0.798972 1.28138e-38 3
-0.147259 0.28379 0.815617 1.31833e-38 3
-0.135639 0.286777 0.824202 1.20776e-38 3
-0.122469 0.286777 0.824202 1.30918e-38 3
-0.102806 0.269741 0.77524 1.06954e-38 3
-0.0904183 0.269741 0.77524 1.09716e-38 3
-0.0780305 0.269741 0.77524 1.25383e-38 3
-0.0662992 0.272438 0.782992 1.52123e-38 3
-0.0416929 0.27519 0.790901 1.429e-38 3
-0.0290549 0.27519 0.790901 1.35524e-38 3
-0.014011 0.234861 0.674993 1.44747e-38 3
-0.00325312 0.236903 0.680863 1.32772e-38 3
0.00776154 0.241096 0.692913 1.3001e-38 3
0.0190019 0.243248 0.6991 1.19862e-38 3
0.0305826 0.24655 0.70859 1.38301e-38 3
0.0417166 0.24544 0.705398 1.41077e-38 3
0.0527507 0.244339 0.702235 1.34624e-38 3
0.0642601 0.24544 0.705398 1.49371e-38 3
0.0758736 0.24655 0.70859 1.45669e-38 3
0.0875927 0.247671 0.711811 1.2907e-38 3
0.0994188 0.248802 0.715061 1.42896e-38 3
0.107889 0.242167 0.695993 1.29074e-38 3
0.117445 0.238981 0.686835 1.25386e-38 3
0.126206 0.234861 0.674993 1.14305e-38 3
0.132425 0.227032 0.652493 1.20758e-38 3
0.139367 0.221494 0.636579 1.10628e-38 3
0.149539 0.221494 0.636579 1.27223e-38 3
0.159711 0.221494 0.636579 1.2723e-38 3
0.171276 0.22331 0.641797 1.40137e-38 3
0.186108 0.22894 0.657977 1.41059e-38 3
0.198288 0.23088 0.663553 1.30921e-38 3
0.208891 0.23088 0.663553 1.37379e-38 3
0.212298 0.22331 0.641797 1.30918e-38 3
0.220744 0.221494 0.636579 1.3645e-38 3
0.229054 0.219708 0.631445 1.40145e-38 3
0.235348 0.216221 0.621422 1.34613e-38 3
0.245277 0.216221 0.621422 1.13408e-38 3
0.261432 0.221494 0.636579 1.26308e-38 3
0.278394 0.227032 0.652493 1.41974e-38 3
0.28882 0.227032 0.652493 1.1707e-38 3
0.301761 0.22894 0.657977 1.20776e-38 3
0.320352 0.234861 0.674993 1.24478e-38 3
0.334017 0.236903 0.680863 1.29095e-38 3
0.351001 0.241096 0.692913 1.28166e-38 3
0.362073 0.241096 0.692913 1.31843e-38 3
0.381588 0.24655 0.70859 1.24468e-38 3
0.387648 0.243248 0.6991 1.31836e-38 3
0.398819 0.243248 0.6991 1.29992e-38 3
0.406362 0.241096 0.692913 1.39215e-38 3
0.417434 0.241096 0.692913 1.2723e-38 3
0.428507 0.241096 0.692913 1.29996e-38 3
0.431934 0.236903 0.680863 1.37368e-38 3
0.442814 0.236903 0.680863 1.46584e-38 3
0.442159 0.23088 0.663553 1.28148e-38 3
0.448957 0.22894 0.657977 1.23539e-38 3
0.463365 0.23088 0.663553 1.12482e-38 3
0.508438 0.247671 0.711811 1.00493e-38 3
0.566132 0.269741 0.77524 1.00497e-38 3
0.531187 0.247671 0.711811 1.18936e-38 3
0.473664 0.216221 0.621422 1.15248e-38 3
0.476038 0.212842 0.611713 1.08791e-38 3
0.485813 0.212842 0.611713 1.35528e-38 3
0.49949 0.214518 0.616529 1.07876e-38 3
0.509341 0.214518 0.616529 1.1433e-38 3
0.519193 0.214518 0.616529 1.16174e-38 3
0.529045 0.214518 0.616529 1.11564e-38 3
0.510745 0.203312 0.584322 1.00497e-38 3
0.505007 0.197419 0.567386 9.49652e-39 3
0.499593 0.191858 0.551403 1.02352e-38 3
0.501343 0.189193 0.543745 1.02352e-38 3
0.510031 0.189193 0.543745 1.02352e-38 3
0.51872 0.189193 0.543745 1.0143e-38 3
0.576832 0.200322 0.575729 8.76003e-39 3
0.586032 0.200322 0.575729 8.11466e-39 3
0.576167 0.193906 0.55729 8.75895e-39 3
-0.330655 0.226151 0.621422 9.77201e-39 3
-0.320725 0.226151 0.621422 7.83447e-39 3
-0.310795 0.226151 0.621422 8.9401e-39 3
-0.236999 0.231667 0.636579 1.35528e-38 3
-0.226827 0.231667 0.636579 1.18e-38 3
-0.216655 0.231667 0.636579 1.41056e-38 3
-0.236255 0.26507 0.728365 1.2723e-38 3
-0.224616 0.26507 0.728365 1.4291e-38 3
-0.213972 0.266308 0.731768 1.1156e-38 3
-0.206132 0.271381 0.745707 1.25393e-38 3
-0.193296 0.270095 0.742173 1.29074e-38 3
-0.162217 0.241483 0.663553 1.3829e-38 3
-0.146643 0.233565 0.641797 1.27216e-38 3
-0.136387 0.233565 0.641797 1.34591e-38 3
-0.124097 0.229798 0.631445 1.30914e-38 3
-0.105894 0.213446 0.586511 1.43825e-38 3
-0.0747008 0.205 0.563304 1.28159e-38 3
-0.0656996 0.205 0.563304 1.53052e-38 3
-0.0571093 0.206485 0.567386 1.34602e-38 3
-0.0476973 0.205 0.563304 1.41059e-38 3
-0.0388358 0.20574 0.565337 1.46587e-38 3
-0.0332871 0.229798 0.631445 1.41967e-38 3
-0.0235773 0.233565 0.641797 1.47502e-38 3
-0.013432 0.235496 0.647101 1.41981e-38 3
-0.00317041 0.241483 0.663553 1.36457e-38 3
0.00749619 0.243547 0.669224 1.58584e-38 3
0.0185062 0.247782 0.680863 1.42903e-38 3
0.0296437 0.249956 0.686835 1.28148e-38 3
0.0413441 0.25442 0.6991 1.34602e-38 3
0.0525152 0.25442 0.6991 1.44754e-38 3
0.0762185 0.259045 0.711811 1.32762e-38 3
0.0875927 0.259045 0.711811 1.42896e-38 3
0.0971996 0.25442 0.6991 1.42896e-38 3
0.121999 0.237458 0.652493 1.20769e-38 3
0.120296 0.199965 0.549468 1.47509e-38 3
0.145979 0.226151 0.621422 1.66874e-38 3
0.153473 0.222617 0.611713 1.33687e-38 3
0.163247 0.222617 0.611713 1.29074e-38 3
0.173022 0.222617 0.611713 1.35531e-38 3
0.187184 0.22796 0.626394 1.33691e-38 3
0.197193 0.22796 0.626394 1.3646e-38 3
0.203939 0.22437 0.616529 1.36453e-38 3
0.213791 0.22437 0.616529 1.30003e-38 3
0.223643 0.22437 0.616529 1.41996e-38 3
0.217244 0.208754 0.573621 1.25404e-38 3
0.228926 0.211074 0.579994 1.32762e-38 3
0.247355 0.219192 0.602302 1.1523e-38 3
0.254048 0.216692 0.595431 1.52098e-38 3
0.265582 0.218352 0.599994 1.43818e-38 3
0.282753 0.22437 0.616529 1.26315e-38 3
0.294927 0.226151 0.621422 1.19869e-38 3
0.314852 0.233565 0.641797 1.2172e-38 3
0.330526 0.237458 0.652493 1.30932e-38 3
0.349695 0.243547 0.669224 1.32773e-38 3
0.363495 0.245646 0.674993 1.27234e-38 3
0.377536 0.247782 0.680863 1.41985e-38 3
0.385067 0.245646 0.674993 1.20773e-38 3
0.395853 0.245646 0.674993 1.29999e-38 3
0.403163 0.243547 0.669224 1.33691e-38 3
0.406901 0.239454 0.657977 1.18943e-38 3
0.407151 0.233565 0.641797 1.10638e-38 3
0.410674 0.229798 0.631445 1.28148e-38 3
0.410825 0.22437 0.616529 1.30914e-38 3
0.407831 0.217519 0.597704 1.37375e-38 3
0.411106 0.214248 0.588716 1.23546e-38 3
0.414283 0.211074 0.579994 1.30925e-38 3
0.414343 0.206485 0.567386 1.15252e-38 3
0.42341 0.206485 0.567386 1.19865e-38 3
0.445386 0.212649 0.584322 1.16177e-38 3
0.465136 0.217519 0.597704 1.20776e-38 3
0.483922 0.221751 0.609332 1.29996e-38 3
0.491746 0.220891 0.606971 1.30925e-38 3
0.501445 0.220891 0.606971 1.02344e-38 3
0.507212 0.219192 0.602302 1.10642e-38 3
0.512891 0.217519 0.597704 1.12486e-38 3
0.510745 0.212649 0.584322 1.10638e-38 3
0.494262 0.202092 0.555314 8.57456e-39 3
0.494371 0.198571 0.545639 8.02246e-39 3
0.503089 0.198571 0.545639 9.49759e-39 3
0.508266 0.197197 0.541863 8.85223e-39 3
0.513372 0.195842 0.538139 8.48344e-39 3
0.525584 0.197197 0.541863 9.59015e-39 3
0.54174 0.199965 0.549468 8.39161e-39 3
0.548595 0.199266 0.547547 7.83807e-39 3
0.555403 0.198571 0.545639 8.39053e-39 3
-0.337903 0.234222 0.616529 8.85041e-39 3
-0.328051 0.234222 0.616529 9.127e-39 3
-0.318199 0.234222 0.616529 9.40252e-39 3
-0.310795 0.236081 0.621422 7.5586e-39 3
-0.309461 0.242826 0.639177 8.75714e-39 3
-0.317384 0.257542 0.677915 1.11553e-38 3
-0.309229 0.259792 0.683836 8.85042e-39 3
-0.30093 0.262081 0.689861 1.16166e-38 3
-0.289906 0.262081 0.689861 1.10635e-38 3
-0.285164 0.267983 0.705398 1.25386e-38 3
-0.272664 0.266782 0.702235 9.86493e-39 3
-0.233207 0.237969 0.626394 1.24457e-38 3
-0.221426 0.236081 0.621422 1.00486e-38 3
-0.209831 0.234222 0.616529 1.27226e-38 3
-0.201566 0.236081 0.621422 1.30925e-38 3
-0.19317 0.237969 0.626394 1.17096e-38 3
-0.186139 0.241839 0.636579 1.08798e-38 3
-0.183423 0.252086 0.663553 1.30925e-38 3
-0.169939 0.247885 0.652493 1.08791e-38 3
-0.156898 0.243821 0.641797 1.45669e-38 3
-0.144277 0.239888 0.631445 1.13393e-38 3
-0.132057 0.236081 0.621422 1.35524e-38 3
-0.120219 0.232392 0.611713 1.22627e-38 3
-0.104331 0.219529 0.577854 1.35528e-38 3
-0.0940565 0.217125 0.571527 1.21702e-38 3
-0.0840041 0.214774 0.565337 1.34613e-38 3
-0.0747008 0.214001 0.563304 1.3001e-38 3
-0.0654641 0.213234 0.561285 1.53048e-38 3
-0.0564952 0.213234 0.561285 1.36446e-38 3
-0.0475263 0.213234 0.561285 1.29074e-38 3
-0.0386961 0.214001 0.563304 1.29067e-38 3
-0.0299101 0.215552 0.567386 1.43804e-38 3
-0.0228288 0.236081 0.621422 1.23521e-38 3
-0.0130022 0.237969 0.626394 1.43822e-38 3
-0.00294574 0.234222 0.616529 1.46598e-38 3
0.00690594 0.234222 0.616529 1.49361e-38 3
0.0167576 0.234222 0.616529 1.22613e-38 3
0.0256014 0.22535 0.593176 1.56711e-38 3
0.111516 0.208745 0.549468 1.42903e-38 3
0.120296 0.208745 0.549468 1.50286e-38 3
0.131852 0.213234 0.561285 1.49364e-38 3
0.149958 0.22707 0.597704 1.29088e-38 3
0.155938 0.221986 0.584322 1.26315e-38 3
0.154873 0.208015 0.547547 1.24471e-38 3
0.161365 0.205146 0.539995 1.29092e-38 3
0.16883 0.203741 0.536296 1.46609e-38 3
0.178623 0.205146 0.539995 1.45676e-38 3
0.193939 0.212472 0.55928 1.46605e-38 3
0.205816 0.215552 0.567386 1.54903e-38 3
0.215664 0.216336 0.569449 1.29092e-38 3
0.225584 0.217125 0.571527 1.36457e-38 3
0.255995 0.22794 0.599994 1.02283e-38 3
0.265582 0.22794 0.599994 1.60388e-38 3
0.278369 0.23059 0.606971 1.75172e-38 3
0.289189 0.231488 0.609332 1.49375e-38 3
0.304857 0.236081 0.621422 1.38315e-38 3
0.317305 0.237969 0.626394 1.16181e-38 3
0.343817 0.249968 0.657977 1.07883e-38 3
0.354331 0.249968 0.657977 1.20791e-38 3
0.371082 0.254241 0.669224 1.28156e-38 3
0.363152 0.241839 0.636579 1.27234e-38 3
0.370314 0.239888 0.631445 1.04196e-38 3
0.374366 0.236081 0.621422 1.23557e-38 3
0.378291 0.232392 0.611713 1.2817e-38 3
0.385057 0.23059 0.606971 1.16181e-38 3
0.39172 0.228817 0.602302 1.28152e-38 3
0.395263 0.22535 0.593176 1.18014e-38 3
0.392837 0.218722 0.575729 1.21702e-38 3
0.382357 0.208015 0.547547 1.24479e-38 3
0.38839 0.20657 0.543745 1.05114e-38 3
0.39164 0.203741 0.536296 1.30932e-38 3
0.394801 0.200987 0.529049 1.16181e-38 3
0.414456 0.20657 0.543745 1.20791e-38 3
0.451355 0.220342 0.579994 1.35528e-38 3
0.46406 0.221986 0.584322 1.13401e-38 3
0.48057 0.22535 0.593176 1.19862e-38 3
0.490048 0.22535 0.593176 1.25393e-38 3
0.499527 0.22535 0.593176 1.12486e-38 3
0.501408 0.221986 0.584322 1.06954e-38 3
0.485389 0.210966 0.555314 9.86565e-39 3
0.483965 0.20657 0.543745 1.06029e-38 3
0.487575 0.204441 0.538139 1.03274e-38 3
0.499608 0.205856 0.541863 1.07883e-38 3
0.504773 0.204441 0.538139 9.68199e-39 3
0.509868 0.203045 0.534466 9.58979e-39 3
0.521971 0.204441 0.538139 8.94442e-39 3
0.53057 0.204441 0.538139 8.94442e-39 3
0.539169 0.204441 0.538139 9.95749e-39 3
-0.315389 0.215259 0.543745 1.35517e-38 3
-0.3067 0.215259 0.543745 1.34602e-38 3
-0.303277 0.219062 0.553351 7.92882e-39 3
-0.318034 0.236621 0.597704 7.83627e-39 3
-0.315713 0.242167 0.611713 7.6508e-39 3
-0.308348 0.244073 0.616529 7.28201e-39 3
-0.309461 0.253039 0.639177 8.75822e-39 3
-0.311982 0.263807 0.666376 1.18007e-38 3
-0.30523 0.267218 0.674993 1.06943e-38 3
-0.298301 0.270719 0.683836 8.94297e-39 3
-0.263235 0.247978 0.626394 9.03517e-39 3
-0.285164 0.279255 0.705398 1.3184e-38 3
-0.271447 0.276762 0.6991 1.07869e-38 3
-0.229534 0.244073 0.616529 1.28145e-38 3
-0.217966 0.242167 0.611713 1.22606e-38 3
-0.206578 0.240289 0.606971 1.19851e-38 3
-0.193873 0.236621 0.597704 1.17096e-38 3
-0.177546 0.227921 0.575729 1.15252e-38 3
-0.161233 0.218291 0.551403 1.07872e-38 3
-0.152422 0.218291 0.551403 1.20783e-38 3
-0.145662 0.221409 0.55928 1.28152e-38 3
-0.143921 0.233062 0.588716 1.29996e-38 3
-0.137618 0.238441 0.602302 1.21695e-38 3
-0.127994 0.238441 0.602302 1.23542e-38 3
-0.116576 0.234828 0.593176 1.21716e-38 3
-0.103189 0.226258 0.571527 1.22631e-38 3
-0.0937144 0.225435 0.569449 1.36457e-38 3
-0.0843085 0.224618 0.567386 1.29088e-38 3
-0.0749705 0.223807 0.565337 1.47527e-38 3
-0.0656996 0.223002 0.563304 1.35531e-38 3
-0.0564952 0.222203 0.561285 1.22617e-38 3
-0.0473566 0.221409 0.55928 1.41059e-38 3
-0.0385574 0.222203 0.561285 1.41056e-38 3
-0.0298021 0.223807 0.565337 1.27208e-38 3
-0.0224721 0.242167 0.611713 1.43804e-38 3
-0.0126974 0.242167 0.611713 1.46587e-38 3
-0.00287776 0.238441 0.602302 1.36457e-38 3
0.00664435 0.234828 0.593176 1.44751e-38 3
0.0153109 0.223002 0.563304 1.13393e-38 3
0.023632 0.216764 0.547547 1.41949e-38 3
0.0323814 0.216764 0.547547 1.29956e-38 3
0.0412751 0.217525 0.549468 1.29978e-38 3
0.0495338 0.215259 0.543745 1.43818e-38 3
0.0578209 0.213775 0.539995 1.24457e-38 3
0.0662213 0.21304 0.538139 1.29074e-38 3
0.0745641 0.21231 0.536296 1.21698e-38 3
0.101666 0.215259 0.543745 1.25393e-38 3
0.110739 0.216009 0.545639 1.46598e-38 3
0.120296 0.217525 0.549468 1.59506e-38 3
0.141487 0.238441 0.602302 1.48453e-38 3
0.147703 0.233062 0.588716 1.34624e-38 3
0.146123 0.216764 0.547547 1.24471e-38 3
0.150659 0.210866 0.532648 1.30925e-38 3
0.157033 0.208036 0.525498 1.88097e-38 3
0.162165 0.20393 0.515126 1.25404e-38 3
0.170397 0.20393 0.515126 1.49368e-38 3
0.178628 0.20393 0.515126 1.53981e-38 3
0.205816 0.224618 0.567386 1.53981e-38 3
0.216451 0.226258 0.571527 1.30017e-38 3
0.225584 0.226258 0.571527 1.48457e-38 3
0.24087 0.23219 0.586511 1.41956e-38 3
0.25213 0.233942 0.590937 1.64958e-38 3
0.265582 0.237527 0.599994 1.21651e-38 3
0.280544 0.242167 0.611713 1.2262e-38 3
0.290319 0.242167 0.611713 1.37389e-38 3
0.302456 0.244073 0.616529 1.41084e-38 3
0.312308 0.244073 0.616529 1.24478e-38 3
0.327314 0.247978 0.626394 1.125e-38 3
0.342808 0.252011 0.636579 1.31854e-38 3
0.361805 0.258311 0.652493 1.24479e-38 3
0.348967 0.242167 0.611713 1.34609e-38 3
0.337639 0.227921 0.575729 1.15259e-38 3
0.336929 0.221409 0.55928 1.22635e-38 3
0.345866 0.221409 0.55928 1.38308e-38 3
0.352287 0.219839 0.555314 1.22635e-38 3
0.36116 0.219839 0.555314 1.29077e-38 3
0.364858 0.216764 0.547547 1.27234e-38 3
0.373608 0.216764 0.547547 1.32776e-38 3
0.3745 0.21231 0.536296 1.32776e-38 3
0.380464 0.210866 0.532648 1.36464e-38 3
0.386347 0.209441 0.529049 1.09731e-38 3
0.392151 0.208036 0.525498 1.13419e-38 3
0.400548 0.208036 0.525498 1.06969e-38 3
0.408945 0.208036 0.525498 1.23546e-38 3
0.434853 0.216764 0.547547 1.35528e-38 3
0.459675 0.224618 0.567386 1.15252e-38 3
0.468742 0.224618 0.567386 1.18943e-38 3
0.461102 0.216764 0.547547 1.13408e-38 3
0.469851 0.216764 0.547547 1.1433e-38 3
0.475277 0.215259 0.543745 1.06954e-38 3
0.480628 0.213775 0.539995 9.95785e-39 3
0.485905 0.21231 0.536296 1.06961e-38 3
0.491111 0.210866 0.532648 1.14337e-38 3
0.496247 0.209441 0.529049 1.06039e-38 3
0.506411 0.210151 0.530842 9.03662e-39 3
0.493161 0.201281 0.508436 1.11571e-38 3
0.512943 0.205962 0.520261 7.56148e-39 3
-0.37109 0.243385 0.590937 4.97856e-39 3
-0.326344 0.225514 0.547547 7.19126e-39 3
-0.315389 0.223948 0.543745 9.3114e-39 3
-0.3067 0.223948 0.543745 9.31176e-39 3
-0.300095 0.225514 0.547547 9.49615e-39 3
-0.318034 0.246172 0.597704 7.65187e-39 3
-0.310856 0.248065 0.602302 1.01412e-38 3
-0.303567 0.249988 0.606971 1.12475e-38 3
-0.293868 0.249988 0.606971 8.38944e-39 3
-0.286389 0.251941 0.611713 1.25382e-38 3
-0.278793 0.253925 0.616529 1.1062e-38 3
-0.273244 0.257988 0.626394 6.7292e-39 3
-0.257065 0.251941 0.611713 1.25386e-38 3
-0.24729 0.251941 0.611713 1.32762e-38 3
-0.237516 0.251941 0.611713 9.68018e-39 3
-0.225976 0.249988 0.606971 1.30903e-38 3
-0.214613 0.248065 0.602302 1.03255e-38 3
-0.200365 0.24247 0.588716 1.17096e-38 3
-0.184039 0.233685 0.567386 1.19862e-38 3
-0.168855 0.225514 0.547547 1.27237e-38 3
-0.157897 0.222403 0.539995 1.18014e-38 3
-0.149268 0.222403 0.539995 1.41059e-38 3
-0.140639 0.222403 0.539995 1.2907e-38 3
-0.132011 0.222403 0.539995 1.29996e-38 3
-0.127788 0.230346 0.55928 1.18018e-38 3
-0.118852 0.230346 0.55928 1.33691e-38 3
-0.110705 0.232003 0.563304 1.31847e-38 3
-0.10134 0.231172 0.561285 1.22627e-38 3
-0.0927031 0.232003 0.563304 1.41992e-38 3
-0.083702 0.232003 0.563304 1.27237e-38 3
-0.0744331 0.231172 0.561285 1.41067e-38 3
-0.0652303 0.230346 0.55928 1.30914e-38 3
-0.0562935 0.230346 0.55928 1.15245e-38 3
-0.0470207 0.228713 0.555314 1.42903e-38 3
-0.038283 0.229527 0.55729 1.3368e-38 3
-0.0293779 0.229527 0.55729 1.34588e-38 3
-0.0217912 0.244307 0.593176 1.32747e-38 3
-0.0123127 0.244307 0.593176 1.56733e-38 3
-0.0026722 0.230346 0.55928 1.33691e-38 3
0.00609065 0.223948 0.543745 1.36457e-38 3
0.0143798 0.217895 0.529049 9.77237e-39 3
0.0225292 0.21499 0.521995 1.35484e-38 3
0.0308703 0.21499 0.521995 1.5665e-38 3
0.0392114 0.21499 0.521995 1.40101e-38 3
0.0475525 0.21499 0.521995 1.38286e-38 3
0.0562687 0.216433 0.525498 1.1894e-38 3
0.0659945 0.22088 0.536296 1.34613e-38 3
0.0743096 0.220126 0.534466 1.31847e-38 3
0.08285 0.220126 0.534466 1.43832e-38 3
0.0920184 0.221639 0.538139 1.36464e-38 3
0.101666 0.223948 0.543745 1.32776e-38 3
0.124149 0.251941 0.611713 1.36464e-38 3
0.133923 0.251941 0.611713 1.40152e-38 3
0.140407 0.246172 0.597704 1.07883e-38 3
0.146601 0.24066 0.584322 1.35542e-38 3
0.146123 0.225514 0.547547 1.23557e-38 3
0.148636 0.216433 0.525498 1.36457e-38 3
0.152928 0.210774 0.51176 1.68725e-38 3
0.159027 0.208055 0.505156 1.35549e-38 3
0.166028 0.206721 0.501918 1.40152e-38 3
0.174048 0.206721 0.501918 1.43832e-38 3
0.184433 0.209406 0.508436 1.38301e-38 3
0.214883 0.233685 0.567386 1.43847e-38 3
0.223141 0.232841 0.565337 1.43858e-38 3
0.239971 0.24066 0.584322 1.42903e-38 3
0.249308 0.24066 0.584322 1.50257e-38 3
0.264568 0.246172 0.597704 1.48403e-38 3
0.274119 0.246172 0.597704 1.44751e-38 3
0.285852 0.248065 0.602302 1.23564e-38 3
0.295476 0.248065 0.602302 1.31861e-38 3
0.305101 0.248065 0.602302 1.29088e-38 3
0.319643 0.251941 0.611713 1.19869e-38 3
0.329417 0.251941 0.611713 1.28166e-38 3
0.321604 0.238878 0.579994 1.29088e-38 3
0.295813 0.213566 0.518538 1.39219e-38 3
0.304099 0.213566 0.518538 1.41985e-38 3
0.308301 0.210774 0.51176 1.37386e-38 3
0.312395 0.208055 0.505156 1.3923e-38 3
0.322548 0.209406 0.508436 1.30003e-38 3
0.330673 0.209406 0.508436 1.19858e-38 3
0.338797 0.209406 0.508436 1.23546e-38 3
0.346921 0.209406 0.508436 1.23546e-38 3
0.355046 0.209406 0.508436 1.32762e-38 3
0.36317 0.209406 0.508436 1.24479e-38 3
0.371295 0.209406 0.508436 1.27244e-38 3
0.379419 0.209406 0.508436 1.17103e-38 3
0.387544 0.209406 0.508436 1.3923e-38 3
0.398254 0.210774 0.51176 1.2078e-38 3
0.406432 0.210774 0.51176 1.35531e-38 3
0.420101 0.213566 0.518538 1.22627e-38 3
0.420041 0.209406 0.508436 1.19861e-38 3
0.422676 0.206721 0.501918 1.15252e-38 3
0.430697 0.206721 0.501918 1.10638e-38 3
0.450262 0.212161 0.515126 1.06032e-38 3
0.458493 0.212161 0.515126 1.0972e-38 3
0.466725 0.212161 0.515126 1.19858e-38 3
0.473399 0.211465 0.513437 1.10638e-38 3
0.484782 0.212861 0.516826 9.95857e-39 3
0.491419 0.212161 0.515126 1.13415e-38 3
0.483738 0.205404 0.498721 1.03274e-38 3
-0.382754 0.248145 0.579994 1.28152e-38 3
-0.373486 0.248145 0.579994 8.57455e-39 3
-0.36154 0.246321 0.575729 5.80904e-39 3
-0.339846 0.237586 0.555314 8.94369e-39 3
-0.325207 0.233447 0.545639 8.02102e-39 3
-0.310007 0.228666 0.534466 7.28345e-39 3
-0.301466 0.228666 0.534466 8.8515e-39 3
-0.292926 0.228666 0.534466 8.75894e-39 3
-0.282458 0.227116 0.530842 9.21956e-39 3
-0.288652 0.239283 0.55928 1.00493e-38 3
-0.279715 0.239283 0.55928 9.49615e-39 3
-0.270779 0.239283 0.55928 9.86493e-39 3
-0.263725 0.241005 0.563304 1.19851e-38 3
-0.247599 0.234263 0.547547 7.46713e-39 3
-0.23885 0.234263 0.547547 1.18932e-38 3
-0.2301 0.234263 0.547547 1.29074e-38 3
-0.224491 0.237586 0.555314 1.15245e-38 3
-0.232076 0.255722 0.597704 1.04177e-38 3
-0.222526 0.255722 0.597704 1.41967e-38 3
-0.209772 0.251877 0.588716 9.95712e-39 3
-0.188997 0.237586 0.555314 1.27244e-38 3
-0.176371 0.232636 0.543745 1.12486e-38 3
-0.16315 0.226349 0.529049 1.39219e-38 3
-0.154696 0.226349 0.529049 1.21702e-38 3
-0.146242 0.226349 0.529049 1.35528e-38 3
-0.138726 0.227889 0.532648 1.24464e-38 3
-0.130215 0.227889 0.532648 1.2262e-38 3
-0.123382 0.231032 0.539995 1.18932e-38 3
-0.11555 0.232636 0.543745 1.21698e-38 3
-0.107609 0.234263 0.547547 1.2723e-38 3
-0.100618 0.238432 0.55729 1.35528e-38 3
-0.0923709 0.240141 0.561285 1.3184e-38 3
-0.083402 0.240141 0.561285 1.21698e-38 3
-0.0744331 0.240141 0.561285 1.53967e-38 3
-0.0649982 0.238432 0.55729 1.42903e-38 3
-0.0547298 0.232636 0.543745 1.28152e-38 3
-0.0470207 0.237586 0.555314 1.2723e-38 3
-0.0342596 0.213373 0.498721 1.4013e-38 3
-0.0257975 0.209373 0.48937 1.43811e-38 3
-0.0179777 0.209373 0.48937 1.17085e-38 3
-0.0104856 0.216127 0.505156 1.41059e-38 3
-0.00247754 0.221852 0.518538 1.47527e-38 3
0.00580831 0.221852 0.518538 1.49378e-38 3
0.0140942 0.221852 0.518538 1.12475e-38 3
0.0216627 0.214741 0.501918 1.69597e-38 3
0.0294939 0.213373 0.498721 1.45604e-38 3
0.0374631 0.213373 0.498721 1.57615e-38 3
0.0457235 0.214741 0.501918 1.38279e-38 3
0.0540905 0.216127 0.505156 1.33698e-38 3
0.0625662 0.21753 0.508436 1.2633e-38 3
0.0706906 0.21753 0.508436 1.32769e-38 3
0.077309 0.213373 0.498721 1.32769e-38 3
0.0852782 0.213373 0.498721 1.38301e-38 3
0.0932474 0.213373 0.498721 1.3923e-38 3
0.124149 0.261716 0.611713 1.34616e-38 3
0.133923 0.261716 0.611713 1.29081e-38 3
0.138296 0.251877 0.588716 1.33694e-38 3
0.147703 0.251877 0.588716 1.38301e-38 3
0.145109 0.232636 0.543745 1.48449e-38 3
0.146668 0.221852 0.518538 1.53052e-38 3
0.150955 0.216127 0.505156 1.65959e-38 3
0.158007 0.214741 0.501918 1.52144e-38 3
0.161877 0.209373 0.48937 1.65045e-38 3
0.169697 0.209373 0.48937 1.3462e-38 3
0.178633 0.21069 0.492448 1.32772e-38 3
0.193816 0.218952 0.51176 1.72427e-38 3
0.213138 0.231032 0.539995 1.31876e-38 3
0.232174 0.241875 0.565337 1.45691e-38 3
0.245642 0.246321 0.575729 1.4291e-38 3
0.261306 0.227889 0.532648 1.39237e-38 3
0.264421 0.223331 0.521995 1.28166e-38 3
0.263963 0.216127 0.505156 1.10649e-38 3
0.26857 0.213373 0.498721 1.43836e-38 3
0.276539 0.213373 0.498721 1.36453e-38 3
0.284508 0.213373 0.498721 1.32765e-38 3
0.290626 0.212023 0.495565 1.38293e-38 3
0.298545 0.212023 0.495565 1.18936e-38 3
0.302633 0.209373 0.48937 1.27244e-38 3
0.310453 0.209373 0.48937 1.31854e-38 3
0.318272 0.209373 0.48937 1.34609e-38 3
0.326092 0.209373 0.48937 1.45673e-38 3
0.333912 0.209373 0.48937 1.29077e-38 3
0.341732 0.209373 0.48937 1.34613e-38 3
0.35175 0.21069 0.492448 1.31851e-38 3
0.361895 0.212023 0.495565 1.15255e-38 3
0.369814 0.212023 0.495565 1.21705e-38 3
0.380138 0.213373 0.498721 1.22627e-38 3
0.390595 0.214741 0.501918 1.27234e-38 3
0.398616 0.214741 0.501918 1.17092e-38 3
0.404046 0.213373 0.498721 1.20783e-38 3
0.40429 0.209373 0.48937 1.1894e-38 3
0.402058 0.204266 0.477434 1.26315e-38 3
0.409687 0.204266 0.477434 1.16174e-38 3
0.427749 0.209373 0.48937 1.0972e-38 3
0.443892 0.213373 0.498721 1.0511e-38 3
0.463674 0.218952 0.51176 1.1801e-38 3
0.471852 0.218952 0.51176 1.02344e-38 3
0.480029 0.218952 0.51176 9.12809e-39 3
0.478818 0.214741 0.501918 9.95857e-39 3
0.480676 0.212023 0.495565 9.49759e-39 3
-0.373615 0.239661 0.539995 9.40251e-39 3
-0.365367 0.251817 0.567386 8.94369e-39 3
-0.3563 0.251817 0.567386 7.10086e-39 3
-0.337453 0.244724 0.551403 8.02174e-39 3
-0.320736 0.238837 0.538139 8.20613e-39 3
-0.308952 0.2364 0.532648 9.21956e-39 3
-0.298411 0.234803 0.529049 9.77346e-39 3
-0.289957 0.234803 0.529049 1.0972e-38 3
-0.27775 0.231672 0.521995 9.77273e-39 3
-0.273049 0.234803 0.529049 8.85078e-39 3
-0.26282 0.233227 0.525498 9.77345e-39 3
-0.254423 0.233227 0.525498 1.19854e-38 3
-0.244386 0.231672 0.521995 9.68054e-39 3
-0.234481 0.230138 0.518538 1.05096e-38 3
-0.226195 0.230138 0.518538 1.54889e-38 3
-0.213665 0.225655 0.508436 1.41059e-38 3
-0.20554 0.225655 0.508436 8.85078e-39 3
-0.206816 0.2364 0.532648 1.19851e-38 3
-0.198305 0.2364 0.532648 1.32758e-38 3
-0.188511 0.234803 0.529049 1.15244e-38 3
-0.177657 0.231672 0.521995 1.20794e-38 3
-0.169316 0.231672 0.521995 1.38311e-38 3
-0.156794 0.225655 0.508436 1.36453e-38 3
-0.148669 0.225655 0.508436 1.1433e-38 3
-0.141463 0.227129 0.51176 1.33684e-38 3
-0.134163 0.228624 0.515126 1.15248e-38 3
-0.125931 0.228624 0.515126 1.26308e-38 3
-0.103973 0.234803 0.529049 1.19847e-38 3
-0.0974959 0.239661 0.539995 1.34606e-38 3
-0.092041 0.24822 0.55928 1.28155e-38 3
-0.0831041 0.24822 0.55928 1.13401e-38 3
-0.0741672 0.24822 0.55928 1.57654e-38 3
-0.0617044 0.234803 0.529049 1.30918e-38 3
-0.0511759 0.225655 0.508436 1.47513e-38 3
-0.0411796 0.215843 0.48633 1.28152e-38 3
-0.0314547 0.203221 0.45789 1.5396e-38 3
-0.024138 0.203221 0.45789 1.88994e-38 3
-0.0168213 0.203221 0.45789 1.3552e-38 3
-0.00956042 0.204416 0.460584 1.29081e-38 3
-0.00221366 0.205626 0.463309 1.50293e-38 3
0.00523614 0.207467 0.467458 1.36471e-38 3
0.0136424 0.222762 0.501918 1.23542e-38 3
0.0215247 0.221343 0.498721 1.65931e-38 3
0.0291229 0.218558 0.492448 1.60402e-38 3
0.0369919 0.218558 0.492448 1.39201e-38 3
0.0445804 0.217193 0.48937 1.46591e-38 3
0.0524002 0.217193 0.48937 1.44762e-38 3
0.06022 0.217193 0.48937 1.54907e-38 3
0.0680397 0.217193 0.48937 1.54896e-38 3
0.0758595 0.217193 0.48937 1.40137e-38 3
0.0836793 0.217193 0.48937 1.54896e-38 3
0.091499 0.217193 0.48937 1.53048e-38 3
0.0993188 0.217193 0.48937 1.50283e-38 3
0.128889 0.261284 0.588716 1.55814e-38 3
0.138296 0.261284 0.588716 1.47517e-38 3
0.147703 0.261284 0.588716 1.70566e-38 3
0.145109 0.241325 0.543745 1.74264e-38 3
0.146668 0.230138 0.518538 1.54892e-38 3
0.149032 0.221343 0.498721 1.65959e-38 3
0.154057 0.217193 0.48937 1.66896e-38 3
0.157929 0.211895 0.477434 1.5491e-38 3
0.165558 0.211895 0.477434 1.47531e-38 3
0.175325 0.214511 0.483328 1.67814e-38 3
0.186502 0.218558 0.492448 1.45701e-38 3
0.213138 0.239661 0.539995 1.37393e-38 3
0.236442 0.255521 0.575729 1.38315e-38 3
0.245642 0.255521 0.575729 1.40159e-38 3
0.24756 0.24822 0.55928 1.21716e-38 3
0.249372 0.241325 0.543745 1.29092e-38 3
0.251086 0.234803 0.529049 1.34627e-38 3
0.247819 0.224199 0.505156 1.41081e-38 3
0.252631 0.221343 0.498721 1.31854e-38 3
0.2606 0.221343 0.498721 1.29081e-38 3
0.265191 0.218558 0.492448 1.41067e-38 3
0.27306 0.218558 0.492448 1.41059e-38 3
0.280929 0.218558 0.492448 1.38293e-38 3
0.286993 0.217193 0.48937 1.39212e-38 3
0.294813 0.217193 0.48937 1.19861e-38 3
0.298897 0.214511 0.483328 1.20798e-38 3
0.30662 0.214511 0.483328 1.3001e-38 3
0.314343 0.214511 0.483328 1.2539e-38 3
0.32009 0.213195 0.480363 1.32765e-38 3
0.329789 0.214511 0.483328 1.27237e-38 3
0.337513 0.214511 0.483328 1.36457e-38 3
0.34738 0.215843 0.48633 1.32769e-38 3
0.355151 0.215843 0.48633 1.27237e-38 3
0.365191 0.217193 0.48937 1.26312e-38 3
0.375357 0.218558 0.492448 1.34609e-38 3
0.385651 0.219942 0.495565 1.48439e-38 3
0.39357 0.219942 0.495565 1.2539e-38 3
0.39647 0.217193 0.48937 1.23546e-38 3
0.394429 0.211895 0.477434 1.06951e-38 3
0.397214 0.209342 0.471682 1.25393e-38 3
0.402327 0.208089 0.468858 1.20783e-38 3
0.409819 0.208089 0.468858 1.23549e-38 3
0.432863 0.215843 0.48633 1.06032e-38 3
0.451861 0.221343 0.498721 1.00493e-38 3
0.471852 0.227129 0.51176 9.86493e-39 3
0.480029 0.227129 0.51176 1.05107e-38 3
0.478818 0.222762 0.501918 1.03263e-38 3
-0.385554 0.244911 0.532648 8.48164e-39 3
-0.374495 0.243256 0.529049 9.12665e-39 3
-0.366041 0.243256 0.529049 7.46748e-39 3
-0.353916 0.246589 0.536296 1.10638e-38 3
-0.315318 0.243256 0.529049 1.00497e-38 3
-0.303786 0.240816 0.523741 1.11557e-38 3
-0.286091 0.240013 0.521995 9.5887e-39 3
-0.276827 0.239216 0.520261 1.04188e-38 3
-0.261562 0.233022 0.506791 1.08791e-38 3
-0.257633 0.236855 0.515126 1.34616e-38 3
-0.246162 0.233779 0.508436 1.10635e-38 3
-0.236502 0.232271 0.505156 1.02337e-38 3
-0.226966 0.230782 0.501918 1.31833e-38 3
-0.218946 0.230782 0.501918 1.10635e-38 3
-0.209582 0.229312 0.498721 1.23549e-38 3
-0.201613 0.229312 0.498721 1.06029e-38 3
-0.183145 0.216879 0.471682 1.54892e-38 3
-0.17508 0.216228 0.470266 1.23542e-38 3
-0.16807 0.216879 0.471682 1.21709e-38 3
-0.166553 0.225012 0.48937 1.22645e-38 3
-0.161767 0.229312 0.498721 1.39233e-38 3
-0.155281 0.231524 0.503532 1.18936e-38 3
-0.150625 0.236855 0.515126 1.32758e-38 3
-0.137859 0.229312 0.498721 1.2723e-38 3
-0.12989 0.229312 0.498721 1.40137e-38 3
-0.108759 0.204557 0.444882 1.23542e-38 3
-0.101362 0.203977 0.443622 1.18003e-38 3
-0.0948104 0.205139 0.446149 1.65938e-38 3
-0.0869382 0.203401 0.442368 1.13393e-38 3
-0.0936219 0.238424 0.518538 1.4013e-38 3
-0.0864815 0.241624 0.525498 1.29077e-38 3
-0.0780844 0.241624 0.525498 1.25393e-38 3
-0.0696873 0.241624 0.525498 1.28159e-38 3
-0.0581672 0.229312 0.498721 1.33691e-38 3
-0.0489508 0.223615 0.48633 1.43825e-38 3
-0.0406744 0.220871 0.480363 1.32751e-38 3
-0.0325985 0.218194 0.474541 1.61324e-38 3
-0.024138 0.210538 0.45789 1.47495e-38 3
-0.0168213 0.210538 0.45789 1.42896e-38 3
-0.00953238 0.211155 0.459233 1.26312e-38 3
-0.00221366 0.213029 0.463309 1.30936e-38 3
0.00551606 0.226427 0.492448 1.27262e-38 3
0.013385 0.226427 0.492448 1.32769e-38 3
0.021254 0.226427 0.492448 1.38286e-38 3
0.0289409 0.225012 0.48937 1.65956e-38 3
0.0365323 0.223615 0.48633 1.35535e-38 3
0.0437599 0.220871 0.480363 1.69647e-38 3
0.0508123 0.218194 0.474541 1.54903e-38 3
0.0583951 0.218194 0.474541 1.55825e-38 3
0.0655805 0.216879 0.471682 1.62271e-38 3
0.0740093 0.219524 0.477434 1.53048e-38 3
0.0821392 0.220871 0.480363 2.04674e-38 3
0.089815 0.220871 0.480363 1.6319e-38 3
0.0974908 0.220871 0.480363 1.77016e-38 3
0.105167 0.220871 0.480363 1.6503e-38 3
0.112843 0.220871 0.480363 1.55814e-38 3
0.147703 0.270691 0.588716 1.5858e-38 3
0.133093 0.229312 0.498721 1.78877e-38 3
0.141063 0.229312 0.498721 1.57676e-38 3
0.13683 0.210538 0.45789 1.56751e-38 3
0.144147 0.210538 0.45789 1.5491e-38 3
0.151464 0.210538 0.45789 1.61364e-38 3
0.158781 0.210538 0.45789 1.85331e-38 3
0.166097 0.210538 0.45789 1.49364e-38 3
0.173414 0.210538 0.45789 1.57676e-38 3
0.210238 0.244911 0.532648 1.61364e-38 3
0.236442 0.26472 0.575729 1.31865e-38 3
0.245642 0.26472 0.575729 1.48464e-38 3
0.242367 0.251762 0.547547 1.35549e-38 3
0.229388 0.222234 0.483328 1.16181e-38 3
0.234219 0.219524 0.477434 1.23557e-38 3
0.238934 0.216879 0.471682 1.23557e-38 3
0.246471 0.216879 0.471682 1.48442e-38 3
0.254009 0.216879 0.471682 1.30014e-38 3
0.255392 0.211776 0.460584 1.40155e-38 3
0.259696 0.209314 0.455228 1.37379e-38 3
0.270111 0.211776 0.460584 1.53967e-38 3
0.272659 0.208104 0.452597 1.54896e-38 3
0.288222 0.214297 0.466067 1.18025e-38 3
0.29744 0.215581 0.468858 1.36471e-38 3
0.304932 0.215581 0.468858 1.29078e-38 3
0.31621 0.218194 0.474541 1.34613e-38 3
0.325768 0.219524 0.477434 1.25386e-38 3
0.335442 0.220871 0.480363 1.30003e-38 3
0.343118 0.220871 0.480363 1.32765e-38 3
0.352959 0.222234 0.483328 1.29996e-38 3
0.360682 0.222234 0.483328 1.26312e-38 3
0.370694 0.223615 0.48633 1.24468e-38 3
0.378465 0.223615 0.48633 1.13408e-38 3
0.386236 0.223615 0.48633 1.1156e-38 3
0.3868 0.219524 0.477434 1.24468e-38 3
0.387343 0.215581 0.468858 1.1617e-38 3
0.360314 0.196732 0.427865 1.08798e-38 3
0.390632 0.209314 0.455228 9.86565e-39 3
0.388863 0.204557 0.444882 1.10635e-38 3
0.369714 0.190992 0.41538 1.06947e-38 3
0.403081 0.204557 0.444882 1.10642e-38 3
0.45983 0.229312 0.498721 9.86565e-39 3
0.480029 0.235307 0.51176 1.00497e-38 3
-0.402275 0.258702 0.543745 9.21956e-39 3
-0.366041 0.25171 0.529049 8.20505e-39 3
-0.356383 0.250863 0.527267 1.18014e-38 3
-0.343334 0.247529 0.520261 1.05107e-38 3
-0.330627 0.244283 0.513437 9.95784e-39 3
-0.314182 0.238039 0.500314 9.68126e-39 3
-0.297629 0.231386 0.48633 1.03266e-38 3
-0.282831 0.225777 0.474541 1.01419e-38 3
-0.27095 0.228547 0.480363 6.08599e-39 3
-0.26821 0.232832 0.48937 9.68126e-39 3
-0.264524 0.236528 0.497138 1.08798e-38 3
-0.254961 0.235035 0.494001 9.95713e-39 3
-0.247067 0.235035 0.494001 1.08798e-38 3
-0.239173 0.235035 0.494001 1.24464e-38 3
-0.23128 0.235035 0.494001 1.00493e-38 3
-0.224093 0.235779 0.495565 1.22617e-38 3
-0.213472 0.232832 0.48937 1.29074e-38 3
-0.20125 0.227848 0.478894 1.23549e-38 3
-0.192421 0.226463 0.475983 1.29081e-38 3
-0.184255 0.225777 0.474541 1.39219e-38 3
-0.175608 0.224416 0.471682 1.35531e-38 3
-0.167064 0.223073 0.468858 1.18028e-38 3
-0.160051 0.223742 0.470266 1.19879e-38 3
-0.153309 0.236528 0.497138 1.43829e-38 3
-0.125472 0.21596 0.453908 1.23546e-38 3
-0.1172 0.214098 0.449995 1.45676e-38 3
-0.109694 0.213485 0.448706 1.10635e-38 3
-0.10194 0.212269 0.446149 1.4013e-38 3
-0.0950813 0.212875 0.447424 1.49343e-38 3
-0.0879318 0.212875 0.447424 1.2262e-38 3
-0.0807823 0.212875 0.447424 1.23542e-38 3
-0.074484 0.215336 0.452597 1.39219e-38 3
-0.0727161 0.232832 0.48937 1.20783e-38 3
-0.0657178 0.235779 0.495565 1.03263e-38 3
-0.056722 0.231386 0.48633 1.22627e-38 3
-0.0483502 0.228547 0.480363 1.48435e-38 3
-0.0401813 0.225777 0.474541 1.32755e-38 3
-0.0322081 0.223073 0.468858 1.42885e-38 3
-0.0247162 0.223073 0.468858 1.40116e-38 3
-0.0170203 0.220433 0.463309 1.57647e-38 3
-0.00961699 0.220433 0.463309 1.23546e-38 3
-0.00224017 0.223073 0.468858 1.37393e-38 3
0.00534789 0.227153 0.477434 1.39248e-38 3
0.0131371 0.229958 0.483328 1.3278e-38 3
0.0208604 0.229958 0.483328 1.41059e-38 3
0.0284082 0.228547 0.480363 1.5213e-38 3
0.0356467 0.225777 0.474541 1.68725e-38 3
0.0427118 0.223073 0.468858 1.45687e-38 3
0.0487444 0.216588 0.455228 1.68736e-38 3
0.0553747 0.214098 0.449995 1.72424e-38 3
0.0625653 0.214098 0.449995 1.4752e-38 3
0.070567 0.216588 0.455228 1.3645e-38 3
0.0801717 0.223073 0.468858 2.28645e-38 3
0.089815 0.228547 0.480363 1.57662e-38 3
0.0963091 0.225777 0.474541 1.58576e-38 3
0.102648 0.223073 0.468858 1.8532e-38 3
0.106938 0.216588 0.455228 1.60428e-38 3
0.112254 0.212875 0.447424 1.70576e-38 3
0.118725 0.211665 0.444882 1.60438e-38 3
0.125834 0.211665 0.444882 1.68736e-38 3
0.132943 0.211665 0.444882 1.53985e-38 3
0.140852 0.212875 0.447424 1.38319e-38 3
0.148002 0.212875 0.447424 1.58598e-38 3
0.15427 0.211665 0.444882 1.77956e-38 3
0.161379 0.211665 0.444882 1.66896e-38 3
0.168487 0.211665 0.444882 1.57676e-38 3
0.180731 0.217855 0.45789 1.72427e-38 3
0.187681 0.209287 0.439883 1.39241e-38 3
0.19471 0.209287 0.439883 1.41081e-38 3
0.182746 0.189583 0.398469 1.49375e-38 3
0.224631 0.217855 0.45789 1.29088e-38 3
0.231948 0.217855 0.45789 1.4384e-38 3
0.239265 0.217855 0.45789 1.3923e-38 3
0.243731 0.215336 0.452597 1.39237e-38 3
0.248095 0.212875 0.447424 1.39241e-38 3
0.253794 0.211665 0.444882 1.39226e-38 3
0.259429 0.21047 0.442368 1.35531e-38 3
0.265 0.209287 0.439883 1.40145e-38 3
0.27051 0.208118 0.437426 1.27248e-38 3
0.277499 0.208118 0.437426 1.27252e-38 3
0.287704 0.21047 0.442368 1.07883e-38 3
0.298141 0.212875 0.447424 1.27237e-38 3
0.30882 0.215336 0.452597 1.33691e-38 3
0.287019 0.195554 0.411019 1.32765e-38 3
0.32899 0.219136 0.460584 1.44747e-38 3
0.336349 0.219136 0.460584 1.39215e-38 3
0.341699 0.217855 0.45789 1.2078e-38 3
0.349016 0.217855 0.45789 1.08794e-38 3
0.356333 0.217855 0.45789 1.10642e-38 3
0.338878 0.203014 0.426699 1.21705e-38 3
0.379851 0.223073 0.468858 1.29078e-38 3
0.344994 0.198683 0.417596 1.17092e-38 3
0.351667 0.198683 0.417596 1.22627e-38 3
0.35834 0.198683 0.417596 1.27237e-38 3
0.364042 0.198155 0.416485 9.40395e-39 3
0.369714 0.197629 0.41538 1.00493e-38 3
0.38141 0.200286 0.420963 1.0972e-38 3
0.377976 0.195043 0.409943 1.10642e-38 3
-0.366041 0.260164 0.529049 7.74407e-39 3
-0.341438 0.248415 0.505156 1.16166e-38 3
-0.333366 0.248415 0.505156 9.31176e-39 3
-0.319118 0.243698 0.495565 8.29832e-39 3
-0.300731 0.2355 0.478894 1.1156e-38 3
-0.293078 0.2355 0.478894 1.05103e-38 3
-0.276956 0.228512 0.464684 1.00497e-38 3
-0.271952 0.230565 0.468858 9.03517e-39 3
-0.267666 0.233359 0.474541 1.19858e-38 3
-0.260873 0.234069 0.475983 9.86529e-39 3
-0.254816 0.2355 0.478894 1.21705e-38 3
-0.248685 0.236949 0.481841 1.16174e-38 3
-0.243231 0.239157 0.48633 9.68126e-39 3
-0.23546 0.239157 0.48633 1.18932e-38 3
-0.228398 0.239902 0.487846 9.95713e-39 3
-0.222683 0.242165 0.492448 1.18925e-38 3
-0.213472 0.240652 0.48937 1.2262e-38 3
-0.204375 0.239157 0.48633 1.28159e-38 3
-0.191258 0.232654 0.473107 1.26322e-38 3
-0.184255 0.233359 0.474541 1.52141e-38 3
-0.17249 0.227836 0.463309 1.41077e-38 3
-0.163156 0.225171 0.45789 1.26337e-38 3
-0.154933 0.223862 0.455228 1.22645e-38 3
-0.147659 0.223862 0.455228 1.20794e-38 3
-0.141206 0.225171 0.45789 1.34613e-38 3
-0.132725 0.223213 0.453908 1.33687e-38 3
-0.125472 0.223213 0.453908 1.31847e-38 3
-0.1172 0.221289 0.449995 1.27237e-38 3
-0.109694 0.220655 0.448706 1.34602e-38 3
-0.102231 0.220025 0.447424 1.20762e-38 3
-0.0953537 0.220655 0.448706 8.11285e-39 3
-0.0884371 0.221289 0.449995 1.41981e-38 3
-0.0812466 0.221289 0.449995 1.21709e-38 3
-0.0746999 0.223213 0.453908 1.254e-38 3
-0.0676429 0.223862 0.455228 1.36457e-38 3
-0.0610789 0.226496 0.460584 1.4291e-38 3
-0.0550135 0.231954 0.471682 1.44754e-38 3
-0.0474764 0.231954 0.471682 1.53967e-38 3
-0.0397001 0.230565 0.468858 1.4935e-38 3
-0.0320164 0.229192 0.466067 2.08344e-38 3
-0.0247162 0.230565 0.468858 2.18482e-38 3
-0.00991019 0.234782 0.477434 1.39215e-38 3
-0.00228813 0.2355 0.478894 1.26326e-38 3
0.00525182 0.230565 0.468858 1.33705e-38 3
0.0128206 0.231954 0.471682 1.20794e-38 3
0.0203577 0.231954 0.471682 1.66885e-38 3
0.0277278 0.230565 0.468858 1.51219e-38 3
0.0343959 0.225171 0.45789 1.38315e-38 3
0.0412305 0.222568 0.452597 1.44769e-38 3
0.0479087 0.220025 0.447424 1.58598e-38 3
0.0547454 0.218774 0.444882 1.47531e-38 3
0.0618543 0.218774 0.444882 1.5674e-38 3
0.0685736 0.217538 0.442368 1.42903e-38 3
0.0760721 0.218774 0.444882 1.83469e-38 3
0.0876637 0.230565 0.468858 1.75179e-38 3
0.0945893 0.229192 0.466067 1.49364e-38 3
0.100836 0.226496 0.460584 1.87168e-38 3
0.10632 0.222568 0.452597 1.62282e-38 3
0.111616 0.218774 0.444882 1.6136e-38 3
0.118725 0.218774 0.444882 1.56751e-38 3
0.125123 0.217538 0.442368 1.45687e-38 3
0.132192 0.217538 0.442368 1.5675e-38 3
0.139261 0.217538 0.442368 1.40162e-38 3
0.146329 0.217538 0.442368 1.45701e-38 3
0.152536 0.216316 0.439883 1.74271e-38 3
0.157792 0.213913 0.434996 1.6136e-38 3
0.164743 0.213913 0.434996 1.36475e-38 3
0.170746 0.212731 0.432592 1.67825e-38 3
0.171958 0.205905 0.418712 1.7981e-38 3
0.177698 0.20481 0.416485 1.46623e-38 3
0.176379 0.195951 0.398469 1.53992e-38 3
0.182282 0.195453 0.397458 1.4385e-38 3
0.189113 0.195951 0.398469 1.38315e-38 3
0.220758 0.221289 0.449995 1.51222e-38 3
0.229266 0.222568 0.452597 1.56754e-38 3
0.236499 0.222568 0.452597 1.41077e-38 3
0.240945 0.220025 0.447424 1.42925e-38 3
0.246685 0.218774 0.444882 1.54914e-38 3
0.249541 0.215108 0.437426 1.30014e-38 3
0.250923 0.210406 0.427865 1.33687e-38 3
0.253603 0.207012 0.420963 1.37375e-38 3
0.254849 0.202654 0.412101 1.18018e-38 3
0.260065 0.201593 0.409943 1.18025e-38 3
0.264538 0.200022 0.406749 1.29088e-38 3
0.270335 0.199504 0.405695 1.08805e-38 3
0.276818 0.199504 0.405695 1.38301e-38 3
0.284776 0.200543 0.407808 1.41992e-38 3
0.292818 0.201593 0.409943 1.678e-38 3
0.302536 0.203726 0.414282 1.37371e-38 3
0.309976 0.204267 0.41538 1.32765e-38 3
0.339101 0.218774 0.444882 1.22624e-38 3
0.346209 0.218774 0.444882 1.0972e-38 3
0.330766 0.20481 0.416485 1.26315e-38 3
0.335636 0.203726 0.414282 1.1433e-38 3
0.341353 0.203189 0.413188 1.24468e-38 3
0.346129 0.202122 0.411019 1.23546e-38 3
0.363182 0.208131 0.423239 1.20783e-38 3
0.365988 0.205905 0.418712 1.14323e-38 3
0.364874 0.201593 0.409943 1.17088e-38 3
0.36949 0.200543 0.407808 1.1433e-38 3
0.366464 0.195453 0.397458 9.77346e-39 3
-0.341438 0.256487 0.505156 8.85078e-39 3
-0.333366 0.256487 0.505156 8.3898e-39 3
-0.319118 0.251617 0.495565 8.20613e-39 3
-0.311199 0.251617 0.495565 1.06943e-38 3
-0.299489 0.248472 0.48937 8.02065e-39 3
-0.270534 0.230466 0.453908 1.06028e-38 3
-0.264816 0.23181 0.456555 1.22624e-38 3
-0.26446 0.238057 0.468858 1.02337e-38 3
-0.25774 0.238771 0.470266 1.11557e-38 3
-0.250225 0.238771 0.470266 1.45676e-38 3
-0.252571 0.248472 0.48937 1.26326e-38 3
-0.244751 0.248472 0.48937 8.39052e-39 3
-0.238421 0.250034 0.492448 1.11557e-38 3
-0.229111 0.248472 0.48937 1.20776e-38 3
-0.221292 0.248472 0.48937 1.21691e-38 3
-0.212146 0.246928 0.48633 1.24464e-38 3
-0.200636 0.242411 0.477434 1.33691e-38 3
-0.18954 0.238057 0.468858 1.26326e-38 3
-0.178835 0.233856 0.460584 1.33712e-38 3
-0.16899 0.230466 0.453908 1.4201e-38 3
-0.161737 0.230466 0.453908 1.1989e-38 3
-0.154038 0.2298 0.452597 1.32798e-38 3
-0.146806 0.2298 0.452597 1.35545e-38 3
-0.139978 0.230466 0.453908 1.55818e-38 3
-0.132725 0.230466 0.453908 1.35538e-38 3
-0.125472 0.230466 0.453908 1.27237e-38 3
-0.117877 0.2298 0.452597 1.22635e-38 3
-0.110645 0.2298 0.452597 1.19851e-38 3
-0.103413 0.2298 0.452597 1.29059e-38 3
-0.0961805 0.2298 0.452597 9.03481e-39 3
-0.0889483 0.2298 0.452597 1.5213e-38 3
-0.0817162 0.2298 0.452597 1.20798e-38 3
-0.0736328 0.227174 0.447424 1.2817e-38 3
-0.0664833 0.227174 0.447424 1.38311e-38 3
-0.0593338 0.227174 0.447424 1.37379e-38 3
-0.0537191 0.233856 0.460584 1.29081e-38 3
-0.0463593 0.233856 0.460584 1.41059e-38 3
-0.0392303 0.235239 0.463309 2.01905e-38 3
-0.0320164 0.23664 0.466067 2.26783e-38 3
-0.025479 0.245404 0.483328 1.60395e-38 3
-0.00997099 0.243898 0.480363 1.33684e-38 3
-0.00220064 0.233856 0.460584 1.58594e-38 3
0.00515914 0.233856 0.460584 1.3278e-38 3
0.012593 0.235239 0.463309 1.4846e-38 3
0.0198787 0.233856 0.460584 1.47538e-38 3
0.0269218 0.231136 0.455228 1.4385e-38 3
0.0336097 0.227174 0.447424 1.22645e-38 3
0.0405277 0.225883 0.444882 1.26333e-38 3
0.0476365 0.225883 0.444882 1.42006e-38 3
0.0544361 0.224607 0.442368 1.3278e-38 3
0.0608176 0.222097 0.437426 1.48442e-38 3
0.0674307 0.220864 0.434996 1.63186e-38 3
0.0712164 0.211465 0.416485 1.55811e-38 3
0.0778715 0.211465 0.416485 1.59509e-38 3
0.0887766 0.222097 0.437426 1.68725e-38 3
0.0973987 0.225883 0.444882 1.76112e-38 3
0.104508 0.225883 0.444882 1.7058e-38 3
0.111616 0.225883 0.444882 1.47538e-38 3
0.118055 0.224607 0.442368 1.66896e-38 3
0.12442 0.223345 0.439883 1.53985e-38 3
0.130715 0.222097 0.437426 1.66896e-38 3
0.137705 0.222097 0.437426 1.5307e-38 3
0.144694 0.222097 0.437426 1.57687e-38 3
0.150008 0.219643 0.432592 1.70583e-38 3
0.155206 0.217243 0.427865 1.56754e-38 3
0.156073 0.209239 0.412101 1.80736e-38 3
0.161806 0.208144 0.409943 1.65063e-38 3
0.16748 0.20706 0.407808 1.74282e-38 3
0.173996 0.20706 0.407808 1.30032e-38 3
0.176379 0.202318 0.398469 1.55847e-38 3
0.182282 0.201804 0.397458 1.56758e-38 3
0.188633 0.201804 0.397458 1.29099e-38 3
0.195481 0.202318 0.398469 1.38315e-38 3
0.21556 0.216062 0.425539 1.42925e-38 3
0.232467 0.225883 0.444882 1.41081e-38 3
0.239576 0.225883 0.444882 1.39248e-38 3
0.242551 0.222097 0.437426 1.45701e-38 3
0.244086 0.217243 0.427865 1.39233e-38 3
0.242957 0.210346 0.414282 1.35527e-38 3
0.248264 0.209239 0.412101 1.31843e-38 3
0.251539 0.206522 0.406749 1.20783e-38 3
0.258038 0.206522 0.406749 1.28166e-38 3
0.261818 0.204398 0.402567 1.29095e-38 3
0.268251 0.204398 0.402567 1.31854e-38 3
0.274683 0.204398 0.402567 1.27248e-38 3
0.283301 0.205987 0.405695 1.32769e-38 3
0.291293 0.20706 0.407808 1.66878e-38 3
0.299368 0.208144 0.409943 1.5674e-38 3
0.307529 0.209239 0.412101 1.37382e-38 3
0.314943 0.209791 0.413188 1.26315e-38 3
0.327596 0.213739 0.420963 1.22627e-38 3
0.327284 0.209239 0.412101 1.41066e-38 3
0.332993 0.20869 0.411019 1.17096e-38 3
0.339561 0.20869 0.411019 1.19862e-38 3
0.343425 0.20706 0.407808 1.13404e-38 3
0.349941 0.20706 0.407808 1.14326e-38 3
0.356458 0.20706 0.407808 1.14323e-38 3
0.361093 0.205987 0.405695 1.1156e-38 3
0.358294 0.200785 0.395451 1.25393e-38 3
-0.332849 0.257903 0.492448 8.66639e-39 3
-0.320943 0.254699 0.48633 9.68054e-39 3
-0.30558 0.248525 0.474541 7.92846e-39 3
-0.296202 0.247028 0.471682 9.12628e-39 3
-0.281872 0.241215 0.460584 8.66638e-39 3
-0.265154 0.232992 0.444882 1.32758e-38 3
-0.259031 0.240508 0.459233 1.07876e-38 3
-0.253178 0.241927 0.461942 1.20783e-38 3
-0.24364 0.239805 0.45789 1.14333e-38 3
-0.233591 0.237032 0.452597 1.27241e-38 3
-0.226359 0.237032 0.452597 1.13404e-38 3
-0.236931 0.256291 0.48937 1.09709e-38 3
-0.229111 0.256291 0.48937 1.29067e-38 3
-0.215894 0.25004 0.477434 1.2262e-38 3
-0.208265 0.25004 0.477434 1.28155e-38 3
-0.193555 0.241215 0.460584 1.11571e-38 3
-0.179848 0.232992 0.444882 1.34631e-38 3
-0.172739 0.232992 0.444882 1.28173e-38 3
-0.16563 0.232992 0.444882 1.30939e-38 3
-0.160805 0.236349 0.451292 1.53992e-38 3
-0.153594 0.236349 0.451292 1.49393e-38 3
-0.146383 0.236349 0.451292 1.44772e-38 3
-0.139573 0.237032 0.452597 1.43847e-38 3
-0.132341 0.237032 0.452597 1.63208e-38 3
-0.125472 0.237719 0.453908 1.16184e-38 3
-0.118219 0.237719 0.453908 1.39233e-38 3
-0.110966 0.237719 0.453908 1.26315e-38 3
-0.103413 0.237032 0.452597 1.30921e-38 3
-0.0964593 0.237719 0.453908 1.26312e-38 3
-0.0892062 0.237719 0.453908 1.30003e-38 3
-0.0803233 0.232992 0.444882 1.21716e-38 3
-0.0732144 0.232992 0.444882 1.30936e-38 3
-0.0657321 0.231676 0.442368 1.34627e-38 3
-0.0589967 0.232992 0.444882 1.5213e-38 3
-0.0521843 0.234324 0.447424 1.38293e-38 3
-0.0460882 0.239805 0.45789 1.62268e-38 3
-0.0389995 0.241215 0.460584 1.30918e-38 3
-0.033305 0.253911 0.484825 1.66874e-38 3
-0.0255579 0.253911 0.484825 1.37354e-38 3
-0.0178661 0.254699 0.48633 1.77916e-38 3
-0.0100325 0.253127 0.483328 1.45665e-38 3
-0.00224017 0.245549 0.468858 1.55818e-38 3
0.00525182 0.245549 0.468858 1.41084e-38 3
0.012593 0.242643 0.463309 1.48453e-38 3
0.0197625 0.239805 0.45789 1.67814e-38 3
0.0264602 0.234324 0.447424 1.52148e-38 3
0.0334188 0.232992 0.444882 1.53999e-38 3
0.0402987 0.231676 0.442368 1.74286e-38 3
0.0463206 0.226556 0.432592 1.49382e-38 3
0.0532331 0.226556 0.432592 1.42006e-38 3
0.0585288 0.220466 0.420963 1.52126e-38 3
0.0645613 0.21812 0.416485 1.59506e-38 3
0.0693714 0.21247 0.405695 1.55818e-38 3
0.0743139 0.208155 0.397458 1.52126e-38 3
0.0802576 0.207104 0.395451 1.50297e-38 3
0.0870161 0.208155 0.397458 1.66899e-38 3
0.102756 0.229087 0.437426 1.53992e-38 3
0.118055 0.231676 0.442368 1.70569e-38 3
0.123725 0.229087 0.437426 1.57662e-38 3
0.129271 0.226556 0.432592 1.65052e-38 3
0.134695 0.22408 0.427865 1.54917e-38 3
0.137768 0.21812 0.416485 1.56772e-38 3
0.142902 0.215824 0.412101 1.55839e-38 3
0.14793 0.213576 0.407808 1.61375e-38 3
0.154447 0.213576 0.407808 1.57687e-38 3
0.160129 0.21247 0.405695 1.56754e-38 3
0.16748 0.213576 0.407808 1.55832e-38 3
0.173996 0.213576 0.407808 1.53077e-38 3
0.176829 0.209217 0.399486 1.65984e-38 3
0.182282 0.208155 0.397458 1.56768e-38 3
0.188156 0.207628 0.396452 1.39248e-38 3
0.194491 0.207628 0.396452 1.49378e-38 3
0.203401 0.21029 0.401534 1.31861e-38 3
0.209817 0.21029 0.401534 1.3556e-38 3
0.221923 0.215824 0.412101 1.33716e-38 3
0.228508 0.215824 0.412101 1.36482e-38 3
0.232645 0.213576 0.407808 1.45701e-38 3
0.239161 0.213576 0.407808 1.34602e-38 3
0.245677 0.213576 0.407808 1.34577e-38 3
0.247047 0.209217 0.399486 1.37375e-38 3
0.255385 0.210831 0.402567 1.3001e-38 3
0.260479 0.209753 0.400507 1.36464e-38 3
0.266878 0.209753 0.400507 1.57669e-38 3
0.273278 0.209753 0.400507 1.49371e-38 3
0.282569 0.21192 0.404647 1.42003e-38 3
0.290536 0.213021 0.406749 1.45694e-38 3
0.297036 0.213021 0.406749 1.38311e-38 3
0.303535 0.213021 0.406749 1.39233e-38 3
0.31247 0.214694 0.409943 1.34624e-38 3
0.317359 0.213576 0.407808 1.31858e-38 3
0.323875 0.213576 0.407808 1.33705e-38 3
0.330392 0.213576 0.407808 1.30003e-38 3
0.336908 0.213576 0.407808 1.22627e-38 3
0.341645 0.21247 0.405695 1.26308e-38 3
0.348128 0.21247 0.405695 1.05103e-38 3
0.354611 0.21247 0.405695 1.1801e-38 3
0.359232 0.211374 0.403604 1.05103e-38 3
-0.201058 0.164427 0.304666 9.68089e-39 3
-0.193925 0.16253 0.301151 1.09709e-38 3
-0.191321 0.164427 0.304666 1.15241e-38 3
-0.266954 0.235419 0.436207 1.01412e-38 3
-0.259984 0.235419 0.436207 1.18936e-38 3
-0.251612 0.234115 0.433791 1.10635e-38 3
-0.244004 0.233468 0.432592 1.16174e-38 3
-0.248056 0.244265 0.452597 1.13408e-38 3
-0.238753 0.242165 0.448706 1.02344e-38 3
-0.216354 0.233468 0.432592 1.0695e-38 3
-0.219127 0.244265 0.452597 1.28148e-38 3
-0.211895 0.244265 0.452597 1.26301e-38 3
-0.201174 0.240101 0.444882 1.27234e-38 3
-0.187668 0.232186 0.430215 1.04188e-38 3
-0.179805 0.230917 0.427865 1.21716e-38 3
-0.172968 0.230917 0.427865 1.18036e-38 3
-0.167967 0.233468 0.432592 1.22638e-38 3
-0.161949 0.234765 0.434996 1.44765e-38 3
-0.154998 0.234765 0.434996 1.64133e-38 3
-0.148874 0.236077 0.437426 1.32798e-38 3
-0.146806 0.244265 0.452597 1.36478e-38 3
-0.139978 0.244973 0.453908 1.57676e-38 3
-0.132725 0.244973 0.453908 1.67818e-38 3
-0.125836 0.245685 0.455228 1.31861e-38 3
-0.118219 0.244973 0.453908 1.30925e-38 3
-0.110966 0.244973 0.453908 1.50279e-38 3
-0.103115 0.243561 0.451292 1.37375e-38 3
-0.0959033 0.243561 0.451292 1.36457e-38 3
-0.0874322 0.240101 0.444882 1.17103e-38 3
-0.0798695 0.238745 0.442368 1.54907e-38 3
-0.0681785 0.223586 0.414282 1.30943e-38 3
-0.0613962 0.222996 0.413188 1.52148e-38 3
-0.0586633 0.238745 0.442368 1.49364e-38 3
-0.0515946 0.238745 0.442368 1.65037e-38 3
-0.0455554 0.244265 0.452597 1.33694e-38 3
-0.0389995 0.248575 0.460584 1.49357e-38 3
-0.0324022 0.254565 0.471682 1.64108e-38 3
-0.0253227 0.25925 0.480363 1.57647e-38 3
-0.0179777 0.264111 0.48937 1.5303e-38 3
-0.0100949 0.262471 0.48633 1.6687e-38 3
-0.00228115 0.257669 0.477434 1.52133e-38 3
0.00534789 0.257669 0.477434 1.72431e-38 3
0.0128983 0.256108 0.474541 1.58594e-38 3
0.0203577 0.254565 0.471682 1.46609e-38 3
0.0269218 0.245685 0.455228 1.51226e-38 3
0.0334188 0.240101 0.444882 1.52144e-38 3
0.0398484 0.236077 0.437426 1.69665e-38 3
0.0463206 0.233468 0.432592 1.49378e-38 3
0.050446 0.221245 0.409943 1.18947e-38 3
0.0561152 0.217824 0.403604 1.57662e-38 3
0.0597907 0.208166 0.38571 1.82554e-38 3
0.0646796 0.204144 0.378257 1.61349e-38 3
0.0703839 0.203162 0.376438 1.76101e-38 3
0.0756715 0.201228 0.372853 1.51219e-38 3
0.0816294 0.201228 0.372853 1.59516e-38 3
0.0884295 0.203162 0.376438 1.63204e-38 3
0.101785 0.218952 0.405695 1.58584e-38 3
0.116736 0.236077 0.437426 1.65956e-38 3
0.122358 0.233468 0.432592 1.52133e-38 3
0.127858 0.230917 0.427865 1.35549e-38 3
0.131112 0.224775 0.416485 1.62293e-38 3
0.134897 0.220093 0.407808 1.62304e-38 3
0.140681 0.218952 0.405695 1.58609e-38 3
0.146405 0.217824 0.403604 1.65063e-38 3
0.152855 0.217824 0.403604 1.42936e-38 3
0.159304 0.217824 0.403604 1.42918e-38 3
0.165753 0.217824 0.403604 1.55832e-38 3
0.172203 0.217824 0.403604 1.53066e-38 3
0.178652 0.217824 0.403604 1.53988e-38 3
0.183681 0.216152 0.400507 1.39237e-38 3
0.189596 0.215601 0.399486 1.66896e-38 3
0.195979 0.215601 0.399486 1.59524e-38 3
0.199312 0.212351 0.393463 1.5952e-38 3
0.20056 0.207146 0.38382 1.56754e-38 3
0.205685 0.206135 0.381947 1.44769e-38 3
0.216003 0.210238 0.389548 1.55843e-38 3
0.224461 0.212351 0.393463 1.29106e-38 3
0.235482 0.216707 0.401534 1.35528e-38 3
0.241898 0.216707 0.401534 1.51172e-38 3
0.245793 0.214506 0.397458 1.29981e-38 3
0.252144 0.214506 0.397458 1.36457e-38 3
0.259153 0.215052 0.398469 1.39223e-38 3
0.266198 0.215601 0.399486 1.38308e-38 3
0.271887 0.215052 0.398469 1.4384e-38 3
0.281116 0.217264 0.402567 1.46605e-38 3
0.289784 0.218952 0.405695 1.3278e-38 3
0.296266 0.218952 0.405695 1.44765e-38 3
0.304326 0.220093 0.407808 1.45676e-38 3
0.30606 0.216707 0.401534 1.41066e-38 3
0.312476 0.216707 0.401534 1.30014e-38 3
0.317265 0.215601 0.399486 1.25393e-38 3
0.326986 0.217824 0.403604 1.15252e-38 3
0.335162 0.218952 0.405695 1.21698e-38 3
0.341645 0.218952 0.405695 1.34606e-38 3
0.348128 0.218952 0.405695 1.25386e-38 3
0.352783 0.217824 0.403604 1.20776e-38 3
-0.36761 0.244432 0.439883 1.06947e-38 3
-0.362618 0.245813 0.442368 8.29796e-39 3
-0.266868 0.21433 0.38571 9.77345e-39 3
-0.260704 0.21433 0.38571 8.48235e-39 3
-0.201058 0.169295 0.304666 1.03263e-38 3
-0.193925 0.167342 0.301151 1.0049e-38 3
-0.191321 0.169295 0.304666 7.92882e-39 3
-0.254885 0.231431 0.416485 1.03263e-38 3
-0.257119 0.239719 0.431401 1.18932e-38 3
-0.250226 0.239719 0.431401 1.05114e-38 3
-0.241999 0.238405 0.429037 1.19865e-38 3
-0.235143 0.238405 0.429037 1.18021e-38 3
-0.229545 0.239719 0.431401 1.06954e-38 3
-0.222652 0.239719 0.431401 1.21705e-38 3
-0.212827 0.236462 0.425539 9.68089e-39 3
-0.205469 0.235821 0.424386 1.37368e-38 3
-0.205943 0.244432 0.439883 1.28148e-38 3
-0.194542 0.23906 0.430215 1.33687e-38 3
-0.18265 0.232668 0.418712 1.27237e-38 3
-0.173181 0.228994 0.412101 1.17114e-38 3
-0.166596 0.228994 0.412101 1.1527e-38 3
-0.160857 0.230206 0.414282 1.62275e-38 3
-0.155058 0.231431 0.416485 1.61353e-38 3
-0.149998 0.233919 0.420963 1.33702e-38 3
-0.143272 0.233919 0.420963 1.50311e-38 3
-0.146806 0.251497 0.452597 1.42017e-38 3
-0.139978 0.252226 0.453908 1.54914e-38 3
-0.133499 0.253696 0.456555 1.65059e-38 3
-0.126572 0.254438 0.45789 1.5491e-38 3
-0.119256 0.254438 0.45789 1.13408e-38 3
-0.111613 0.253696 0.456555 1.41056e-38 3
-0.0988419 0.240381 0.432592 1.16177e-38 3
-0.0934788 0.244432 0.439883 1.35553e-38 3
-0.0864498 0.244432 0.439883 1.14344e-38 3
-0.0749968 0.230817 0.41538 1.44769e-38 3
-0.0679986 0.229599 0.413188 1.34638e-38 3
-0.060914 0.227795 0.409943 1.46623e-38 3
-0.0580079 0.243067 0.437426 1.45683e-38 3
-0.0515946 0.245813 0.442368 1.3278e-38 3
-0.0463593 0.255935 0.460584 1.41074e-38 3
-0.0406744 0.266926 0.480363 1.4107e-38 3
-0.0329985 0.266926 0.480363 1.81636e-38 3
-0.0253227 0.266926 0.480363 1.77012e-38 3
-0.0178661 0.270242 0.48633 1.55811e-38 3
-0.0102218 0.273641 0.492448 1.64112e-38 3
-0.00232366 0.270242 0.48633 1.56754e-38 3
0.00544754 0.270242 0.48633 1.46616e-38 3
0.0133014 0.271931 0.48937 1.45687e-38 3
0.0209899 0.270242 0.48633 1.35546e-38 3
0.0405277 0.24721 0.444882 1.58594e-38 3
0.0438954 0.227795 0.409943 1.51219e-38 3
0.047699 0.215391 0.38762 1.38308e-38 3
0.0533645 0.213279 0.38382 1.30936e-38 3
0.0586354 0.210188 0.378257 1.48453e-38 3
0.0637556 0.207185 0.372853 1.66888e-38 3
0.0690559 0.205231 0.369336 1.7058e-38 3
0.0749576 0.205231 0.369336 1.49364e-38 3
0.0808593 0.205231 0.369336 1.64126e-38 3
0.086761 0.205231 0.369336 1.60438e-38 3
0.0917967 0.203313 0.365884 1.54892e-38 3
0.0971891 0.202367 0.364182 1.79785e-38 3
0.103008 0.202367 0.364182 1.68722e-38 3
0.119377 0.221984 0.399486 1.4752e-38 3
0.127057 0.224273 0.403604 1.60438e-38 3
0.132822 0.223123 0.401534 1.58602e-38 3
0.139956 0.224273 0.403604 1.5952e-38 3
0.145655 0.223123 0.401534 1.55832e-38 3
0.152071 0.223123 0.401534 1.45691e-38 3
0.158487 0.223123 0.401534 1.44754e-38 3
0.164062 0.221984 0.399486 1.70566e-38 3
0.170445 0.221984 0.399486 1.7058e-38 3
0.176829 0.221984 0.399486 1.51219e-38 3
0.180905 0.219189 0.394454 1.42921e-38 3
0.184879 0.216462 0.389548 1.46605e-38 3
0.189221 0.21433 0.38571 1.62286e-38 3
0.193479 0.212239 0.381947 1.67818e-38 3
0.197653 0.210188 0.378257 1.66888e-38 3
0.202718 0.209178 0.376438 1.38308e-38 3
0.21076 0.211208 0.380093 1.71509e-38 3
0.220038 0.21433 0.38571 1.50308e-38 3
0.227321 0.215391 0.38762 1.45694e-38 3
0.235262 0.217002 0.39052 1.36435e-38 3
0.244552 0.219742 0.395451 1.3829e-38 3
0.250871 0.219742 0.395451 1.30925e-38 3
0.257841 0.220298 0.396452 1.30003e-38 3
0.264846 0.220858 0.397458 1.28156e-38 3
0.270511 0.220298 0.396452 1.26315e-38 3
0.277548 0.220858 0.397458 1.38297e-38 3
0.2839 0.220858 0.397458 1.27244e-38 3
0.290251 0.220858 0.397458 1.41988e-38 3
0.285027 0.212239 0.381947 1.39223e-38 3
0.286931 0.209178 0.376438 1.29999e-38 3
0.292946 0.209178 0.376438 1.30925e-38 3
0.298962 0.209178 0.376438 1.41066e-38 3
0.323649 0.221984 0.399486 1.29999e-38 3
0.331725 0.223123 0.401534 1.26308e-38 3
0.338141 0.223123 0.401534 1.26308e-38 3
0.348128 0.225435 0.405695 1.41059e-38 3
