# .PCD v0.7 - Point Cloud Data file format
VERSION 0.7
FIELDS x y z rgb label
SIZE 4 4 4 4 4
TYPE F F F F U
COUNT 1 1 1 1 1
WIDTH 2708
HEIGHT 1
VIEWPOINT 0 0 0 1 0 0 0
POINTS 2708
DATA ascii
-1.16314 -0.721143 1.72086 1.8414e-39 1
-1.13564 -0.721143 1.72086 2.2109e-39 1
-1.13813 -0.678728 1.68385 2.94775e-39 1
-1.13564 -0.693645 1.72086 2.30274e-39 1
-2.23498 -0.581518 3.55905 2.76407e-39 1
-2.39591 -0.639669 3.91496 3.22541e-39 1
-2.06687 -0.461689 3.13197 2.76371e-39 1
-2.1922 -0.501836 3.40431 3.50056e-39 1
-2.23498 -0.524647 3.55905 2.94847e-39 1
-2.28182 -0.54963 3.72853 2.76407e-39 1
-2.74513 -0.678954 4.60584 2.9481e-39 1
-1.96011 -0.38115 2.89997 2.57932e-39 1
-2.06687 -0.411642 3.13197 2.11871e-39 1
-2.29185 -0.467776 3.55905 2.2109e-39 1
-2.3414 -0.490051 3.72853 2.21234e-39 1
-2.28182 -0.490051 3.72853 1.93431e-39 1
-2.59262 -0.571726 4.34996 2.39493e-39 1
0.0531548 -0.623701 4.74541 1.38042e-39 1
0.211211 -0.643191 4.8937 1.28859e-39 1
0.280639 -0.623701 4.74541 1.47406e-39 1
1.91661 -0.467776 3.55905 1.74885e-39 1
1.97348 -0.467776 3.55905 2.30203e-39 1
-2.0355 -0.347688 3.01151 1.19675e-39 1
-1.98738 -0.347688 3.01151 1.93432e-39 1
-2.29185 -0.410904 3.55905 1.19783e-39 1
-2.3414 -0.430471 3.72853 8.29047e-40 1
-2.39591 -0.451995 3.91496 9.20161e-40 1
-2.59262 -0.502217 4.34996 1.38078e-39 1
0.0531548 -0.547873 4.74541 1.56553e-39 1
0.280639 -0.547873 4.74541 1.56626e-39 1
1.9483 -0.430471 3.72853 2.48642e-39 1
1.96118 -0.42046 3.64182 1.74885e-39 1
2.01938 -0.42046 3.64182 1.84105e-39 1
2.03035 -0.410904 3.55905 2.67153e-39 1
-3.42673 -0.432708 4.34996 2.11835e-39 1
-3.26648 -0.421013 4.23239 2.02651e-39 1
-3.19885 -0.421013 4.23239 1.65773e-39 1
-3.04882 -0.409933 4.12101 1.65737e-39 1
-2.20512 -0.324531 3.26247 2.48677e-39 1
-2.15299 -0.324531 3.26247 3.04066e-39 1
-2.29185 -0.354033 3.55905 1.8432e-39 1
-2.23498 -0.354033 3.55905 1.28895e-39 1
-2.39591 -0.389437 3.91496 1.38222e-39 1
-2.45616 -0.409933 4.12101 1.56589e-39 1
1.99582 -0.379938 3.81947 1.84177e-39 1
1.91661 -0.354033 3.55905 2.48714e-39 1
1.97348 -0.354033 3.55905 1.65773e-39 1
2.03035 -0.354033 3.55905 1.93325e-39 1
-3.16313 -0.33526 4.01534 2.48749e-39 1
-3.09897 -0.33526 4.01534 2.02651e-39 1
-3.03481 -0.33526 4.01534 1.93431e-39 1
-2.97065 -0.33526 4.01534 2.48677e-39 1
-2.83382 -0.326879 3.91496 1.84032e-39 1
-2.77126 -0.326879 3.91496 2.48605e-39 1
-2.77816 -0.33526 4.01534 2.30202e-39 1
-2.301 -0.284242 3.40431 2.48749e-39 1
-2.15299 -0.272399 3.26247 2.76408e-39 1
-2.40098 -0.311313 3.72853 1.29002e-39 1
-2.3414 -0.311313 3.72853 1.65773e-39 1
-2.52202 -0.344083 4.12101 7.36849e-40 1
-2.59262 -0.363199 4.34996 1.93431e-39 1
1.91661 -0.297162 3.55905 1.84177e-39 1
-3.24637 -0.278232 4.12101 1.8414e-39 1
-3.09897 -0.271098 4.01534 1.28895e-39 1
-3.03481 -0.271098 4.01534 2.67188e-39 1
-2.97065 -0.271098 4.01534 2.67116e-39 1
-2.90648 -0.271098 4.01534 2.76228e-39 1
-2.99596 -0.285752 4.23239 3.59384e-39 1
-2.77816 -0.271098 4.01534 2.85627e-39 1
-2.301 -0.229844 3.40431 2.94847e-39 1
-2.2466 -0.229844 3.40431 2.3031e-39 1
-2.52103 -0.264321 3.91496 1.93431e-39 1
-2.45847 -0.264321 3.91496 1.65737e-39 1
-2.66213 -0.293689 4.34996 1.10563e-39 1
1.80074 -0.20731 3.07056 1.38186e-39 1
-2.97065 -0.206936 4.01534 1.84212e-39 1
-2.90648 -0.206936 4.01534 2.57933e-39 1
-2.45847 -0.201762 3.91496 1.56553e-39 1
-2.66213 -0.22418 4.34996 2.02759e-39 1
-2.9167 -0.252203 4.8937 1.65917e-39 1
-4.08966 -0.01761 4.8937 1.84212e-39 3
-4.01146 -0.01761 4.8937 1.93467e-39 3
-4.08966 0.0605877 4.8937 2.94882e-39 3
-4.01146 0.0605877 4.8937 2.76551e-39 3
-3.93327 0.0605877 4.8937 2.76515e-39 3
-3.24637 0.0510212 4.12101 1.93576e-39 3
-3.0215 0.0484702 3.91496 1.93576e-39 3
-2.81804 0.0461621 3.72853 1.8432e-39 3
-2.3171 0.0387761 3.13197 2.21162e-39 3
-2.26706 0.0387761 3.13197 2.76408e-39 3
-2.77126 0.0484702 3.91496 2.1187e-39 3
-2.46246 0.0440638 3.55905 2.30417e-39 3
-2.301 0.042148 3.40431 3.0421e-39 3
-2.40334 0.0450885 3.64182 2.30417e-39 3
-2.45954 0.047288 3.81947 2.1205e-39 3
-1.95801 0.0484702 3.91496 3.40944e-39 3
-1.17778 0.0334277 2.69997 2.58148e-39 3
-1.13463 0.0334277 2.69997 3.04246e-39 3
-1.09149 0.0334277 2.69997 2.11978e-39 3
-4.16786 0.138785 4.8937 2.94918e-39 3
-3.7755 0.130622 4.60584 1.56697e-39 3
-3.49624 0.123365 4.34996 1.8432e-39 3
-3.42673 0.123365 4.34996 3.13465e-39 3
-3.18052 0.116872 4.12101 3.41124e-39 3
-2.95894 0.111028 3.91496 2.02759e-39 3
-2.63307 0.100935 3.55905 2.11979e-39 3
-2.5762 0.100935 3.55905 2.39637e-39 3
-2.77126 0.111028 3.91496 1.47334e-39 3
-2.57972 0.105741 3.72853 2.94954e-39 3
-2.40559 0.100935 3.55905 3.41052e-39 3
-2.46056 0.105741 3.72853 2.6726e-39 3
-2.45954 0.10832 3.81947 3.13465e-39 3
-2.45847 0.111028 3.91496 3.22757e-39 3
-1.95801 0.111028 3.91496 3.41052e-39 3
-1.30921 0.0793059 2.7964 3.31725e-39 3
-1.22092 0.0765712 2.69997 2.21198e-39 3
-1.17778 0.0765712 2.69997 3.41052e-39 3
-1.17516 0.0793059 2.7964 3.50272e-39 3
-1.13047 0.0793059 2.7964 3.77966e-39 3
-1.08579 0.0793059 2.7964 2.94954e-39 3
-1.16603 0.0888226 3.13197 3.22613e-39 3
-1.32856 0.105741 3.72853 3.59383e-39 3
-1.40255 0.116872 4.12101 3.04066e-39 3
-1.58734 0.138785 4.8937 3.59491e-39 3
2.08796 0.138785 4.8937 2.95026e-39 3
1.6504 0.105741 3.72853 3.59384e-39 3
1.23826 0.0765712 2.69997 3.96334e-39 3
1.12608 0.0672899 2.3727 3.50308e-39 3
1.01084 0.058436 2.06051 3.68747e-39 3
0.862241 0.0482732 1.70216 3.13394e-39 3
0.889441 0.0482732 1.70216 3.50164e-39 3
0.91664 0.0482732 1.70216 3.22613e-39 3
1.03373 0.0528706 1.86427 3.22685e-39 3
1.17547 0.058436 2.06051 4.05589e-39 3
1.27553 0.0616824 2.17498 3.7793e-39 3
-3.99629 0.204219 4.60584 2.7648e-39 3
-4.16786 0.216983 4.8937 2.85735e-39 3
-4.08966 0.216983 4.8937 3.41088e-39 3
-3.49624 0.192874 4.34996 3.50272e-39 3
-3.42673 0.192874 4.34996 3.04246e-39 3
-3.35722 0.192874 4.34996 2.95026e-39 3
-2.68994 0.157806 3.55905 3.04246e-39 3
-2.63307 0.157806 3.55905 2.94955e-39 3
-2.46419 0.150945 3.40431 3.13394e-39 3
-2.51933 0.157806 3.55905 2.94954e-39 3
-2.46246 0.157806 3.55905 3.31797e-39 3
-2.94016 0.192874 4.34996 3.8715e-39 3
-2.34872 0.157806 3.55905 4.24028e-39 3
-2.10086 0.144655 3.26247 2.95026e-39 3
-1.96678 0.138869 3.13197 3.13537e-39 3
-1.50539 0.111991 2.52578 3.40873e-39 3
-1.56607 0.119715 2.69997 3.87042e-39 3
-1.60599 0.126245 2.84724 3.9637e-39 3
-1.53263 0.12399 2.7964 3.68675e-39 3
-2.60391 0.216983 4.8937 3.68747e-39 3
-1.49672 0.128583 2.89997 3.96441e-39 3
-1.18251 0.111991 2.52578 5.16116e-39 3
-1.18022 0.115724 2.60997 4.14809e-39 3
-1.17778 0.119715 2.69997 4.05553e-39 3
-1.17516 0.12399 2.7964 3.8715e-39 3
-1.17234 0.128583 2.89997 3.8715e-39 3
-1.38191 0.157806 3.55905 3.31904e-39 3
-1.53426 0.182723 4.12101 4.1488e-39 3
-1.4684 0.182723 4.12101 3.87185e-39 3
-1.56756 0.204219 4.60584 4.51614e-39 3
-1.49396 0.204219 4.60584 3.7793e-39 3
-1.50914 0.216983 4.8937 3.31905e-39 3
-1.43094 0.216983 4.8937 3.50272e-39 3
1.59082 0.16532 3.72853 3.87222e-39 3
1.6504 0.16532 3.72853 4.60799e-39 3
1.15837 0.111991 2.52578 4.42288e-39 3
0.977915 0.0913613 2.06051 4.24029e-39 3
0.835042 0.0754724 1.70216 3.59528e-39 3
0.862241 0.0754724 1.70216 4.33248e-39 3
0.897137 0.0738666 1.66594 4.14809e-39 3
0.964813 0.0771495 1.73998 3.77967e-39 3
1.14533 0.0890187 2.00767 4.70162e-39 3
1.27553 0.0964369 2.17498 3.68747e-39 3
-2.42632 0.168675 2.7964 2.76516e-39 3
-2.38163 0.168675 2.7964 2.11979e-39 3
-3.84909 0.277817 4.60584 3.31833e-39 3
-3.56575 0.262383 4.34996 2.85807e-39 3
-3.49624 0.262383 4.34996 3.31869e-39 3
-3.42673 0.262383 4.34996 3.31904e-39 3
-3.18052 0.248573 4.12101 3.31904e-39 3
-2.68994 0.214677 3.55905 3.50343e-39 3
-2.63307 0.214677 3.55905 3.7793e-39 3
-2.46419 0.205343 3.40431 2.76515e-39 3
-2.51933 0.214677 3.55905 3.3176e-39 3
-2.46246 0.214677 3.55905 3.22613e-39 3
-2.40559 0.214677 3.55905 3.68783e-39 3
-2.34872 0.214677 3.55905 3.68711e-39 3
-1.6955 0.162858 2.69997 3.78039e-39 3
-1.47441 0.14532 2.40921 4.42468e-39 3
-1.37256 0.138909 2.30292 3.96262e-39 3
-1.2976 0.13494 2.23712 4.3314e-39 3
-1.29896 0.138909 2.30292 3.0421e-39 3
-1.34105 0.14759 2.44685 3.68675e-39 3
-1.54305 0.174922 2.89997 4.88565e-39 3
-1.26285 0.14759 2.44685 3.31904e-39 3
-1.22375 0.14759 2.44685 3.50344e-39 3
-1.18466 0.14759 2.44685 3.41089e-39 3
-1.14556 0.14759 2.44685 4.05589e-39 3
-1.10646 0.14759 2.44685 4.60906e-39 3
-1.10179 0.152351 2.52578 5.16152e-39 3
-1.17516 0.168675 2.7964 5.06896e-39 3
-1.26613 0.188916 3.13197 5.16224e-39 3
-1.60011 0.248573 4.12101 4.97856e-39 3
-1.61949 0.262383 4.34996 5.07148e-39 3
-1.64116 0.277817 4.60584 5.34807e-39 3
-1.56756 0.277817 4.60584 4.79345e-39 3
-1.41096 0.262383 4.34996 5.8998e-39 3
-1.34146 0.262383 4.34996 5.16295e-39 3
-1.27195 0.262383 4.34996 5.62393e-39 3
-1.35274 0.295181 4.8937 5.25515e-39 3
-1.27454 0.295181 4.8937 5.25443e-39 3
-1.19635 0.295181 4.8937 5.4381e-39 3
1.00488 0.14759 2.44685 3.59563e-39 3
1.04398 0.14759 2.44685 3.50344e-39 3
0.962735 0.131191 2.17498 4.2392e-39 3
0.835107 0.109835 1.82091 4.4236e-39 3
0.864204 0.109835 1.82091 4.60799e-39 3
0.835042 0.102672 1.70216 3.8715e-39 3
0.897137 0.100487 1.66594 4.3314e-39 3
0.529471 0.0575962 0.954868 3.96406e-39 3
0.531759 0.0562249 0.932133 3.68783e-39 3
0.573986 0.0590361 0.97874 4.05589e-39 3
4.4973 0.262383 4.34996 2.11835e-39 3
-2.42632 0.213359 2.7964 1.84248e-39 3
-2.15115 0.192711 2.52578 2.39602e-39 3
-2.11079 0.192711 2.52578 2.48857e-39 3
-3.24637 0.314424 4.12101 3.04246e-39 3
-3.0215 0.298703 3.91496 4.05661e-39 3
-2.95894 0.298703 3.91496 4.0566e-39 3
-2.63307 0.271548 3.55905 3.96441e-39 3
-2.46419 0.259742 3.40431 3.41016e-39 3
-2.51933 0.271548 3.55905 3.8715e-39 3
-2.46246 0.271548 3.55905 4.70198e-39 3
-2.40559 0.271548 3.55905 3.78002e-39 3
-1.5899 0.183817 2.40921 3.41052e-39 3
-1.38506 0.168283 2.20561 3.96406e-39 3
-1.33106 0.165946 2.17498 4.24029e-39 3
-1.31457 0.168283 2.20561 4.3314e-39 3
-1.27932 0.168283 2.20561 4.05589e-39 3
-1.24408 0.168283 2.20561 4.42467e-39 3
-1.38431 0.192711 2.52578 4.24028e-39 3
-1.38875 0.199135 2.60997 4.51687e-39 3
-1.34704 0.199135 2.60997 4.60978e-39 3
-1.22375 0.186689 2.44685 4.51759e-39 3
-1.11497 0.175707 2.30292 4.88602e-39 3
-1.04737 0.170687 2.23712 5.07004e-39 3
-1.01162 0.170687 2.23712 5.34698e-39 3
-1.00457 0.175707 2.30292 4.70126e-39 3
-1.02826 0.186689 2.44685 4.33248e-39 3
-1.17234 0.221261 2.89997 4.79417e-39 3
-1.5201 0.298703 3.91496 4.97856e-39 3
-1.61949 0.331892 4.34996 4.42611e-39 3
-1.74373 0.373378 4.8937 5.34807e-39 3
-1.56756 0.351415 4.60584 5.34735e-39 3
-1.3367 0.314424 4.12101 4.97856e-39 3
-1.04068 0.271548 3.55905 5.43954e-39 3
-1.35274 0.373378 4.8937 5.16296e-39 3
-0.784335 0.229771 3.01151 4.42467e-39 3
-1.19635 0.373378 4.8937 5.4381e-39 3
-0.451453 0.259742 3.40431 5.8998e-39 3
1.00488 0.186689 2.44685 4.70198e-39 3
0.879139 0.157212 2.06051 5.07076e-39 3
0.80601 0.138931 1.82091 5.80653e-39 3
0.835107 0.138931 1.82091 5.16224e-39 3
0.864204 0.138931 1.82091 4.79346e-39 3
0.893301 0.138931 1.82091 4.05589e-39 3
0.510783 0.070283 0.921167 4.51723e-39 3
0.525503 0.070283 0.921167 5.25515e-39 3
0.559987 0.0728543 0.954868 5.34555e-39 3
0.59709 0.0756209 0.991129 5.16116e-39 3
4.4973 0.331892 4.34996 3.22506e-39 3
4.32645 0.314424 4.12101 3.04066e-39 3
5.21586 0.373378 4.8937 3.13286e-39 3
-2.5762 0.328419 3.55905 3.78002e-39 3
-2.51933 0.328419 3.55905 4.241e-39 3
-2.40559 0.328419 3.55905 3.59563e-39 3
-1.78179 0.249145 2.69997 3.9637e-39 3
-1.46147 0.209427 2.26954 4.70126e-39 3
-1.29393 0.190137 2.06051 5.16296e-39 3
-1.29509 0.195276 2.11619 4.88637e-39 3
-1.31457 0.203527 2.20561 4.97785e-39 3
-1.26155 0.2007 2.17498 4.24028e-39 3
-1.28014 0.209427 2.26954 4.51687e-39 3
-1.43045 0.240841 2.60997 3.7793e-39 3
-1.43664 0.249145 2.69997 4.51687e-39 3
-1.34704 0.240841 2.60997 4.97856e-39 3
-1.18667 0.218946 2.3727 4.14881e-39 3
-1.08311 0.206435 2.23712 4.51759e-39 3
-1.01827 0.2007 2.17498 5.16296e-39 3
-0.931754 0.190137 2.06051 4.60978e-39 3
-0.898829 0.190137 2.06051 4.79454e-39 3
-0.822609 0.18063 1.95748 3.96478e-39 3
-0.703404 0.16056 1.73998 4.5183e-39 3
-0.660913 0.15707 1.70216 5.80904e-39 3
-0.607309 0.150525 1.63123 5.07148e-39 3
-0.581244 0.150525 1.63123 6.08563e-39 3
-1.40255 0.380275 4.12101 6.08563e-39 3
-1.15443 0.328419 3.55905 5.99343e-39 3
-1.04983 0.31414 3.40431 5.90124e-39 3
-0.880578 0.277893 3.01151 5.25587e-39 3
-0.746341 0.249145 2.69997 6.17711e-39 3
-0.703197 0.249145 2.69997 6.17711e-39 3
-0.660053 0.249145 2.69997 6.3615e-39 3
-0.805359 0.451576 4.8937 5.99343e-39 3
-0.451453 0.31414 3.40431 6.08491e-39 3
-0.0220064 0.425013 4.60584 7.19162e-39 3
0.0461607 0.380275 4.12101 6.17711e-39 3
0.0733868 0.249145 2.69997 6.91467e-39 3
0.383194 0.150525 1.63123 6.45441e-39 3
0.40926 0.150525 1.63123 6.36222e-39 3
0.435326 0.150525 1.63123 6.08491e-39 3
0.879139 0.190137 2.06051 6.17711e-39 3
0.912064 0.190137 2.06051 5.8998e-39 3
0.413157 0.0752627 0.815617 5.99272e-39 3
0.516864 0.0860145 0.932133 5.90088e-39 3
0.551454 0.0892002 0.966657 4.88637e-39 3
0.573986 0.0903152 0.97874 4.88565e-39 3
0.59709 0.0914584 0.991129 5.16224e-39 3
0.681989 0.101764 1.10281 5.25443e-39 3
3.98502 0.361261 3.91496 3.68603e-39 3
4.04757 0.361261 3.91496 3.59384e-39 3
5.21586 0.451576 4.8937 3.22541e-39 3
4.98387 0.401401 4.34996 2.11943e-39 3
-1.56581 0.25686 2.3727 5.16224e-39 3
-1.5279 0.25686 2.3727 3.9637e-39 3
-1.09265 0.188364 1.73998 4.97785e-39 3
-1.26101 0.223063 2.06051 4.97856e-39 3
-1.27855 0.23223 2.14518 5.25515e-39 3
-1.22746 0.229091 2.11619 4.97677e-39 3
-1.24408 0.238771 2.20561 4.88565e-39 3
-1.30041 0.25686 2.3727 4.97785e-39 3
-1.32262 0.269091 2.48569 4.14845e-39 3
-1.26285 0.264887 2.44685 5.16296e-39 3
-1.18667 0.25686 2.3727 5.34735e-39 3
-1.08311 0.242182 2.23712 5.43954e-39 3
-0.96468 0.223063 2.06051 4.88708e-39 3
-0.907863 0.217343 2.00767 4.97928e-39 3
-0.853888 0.21191 1.95748 5.25659e-39 3
-0.715312 0.184269 1.70216 6.63953e-39 3
-0.673472 0.180349 1.66594 4.70306e-39 3
-0.60804 0.169528 1.56598 4.51794e-39 3
-0.583017 0.169528 1.56598 6.08491e-39 3
-0.498209 0.151364 1.3982 5.53246e-39 3
-0.436861 0.138957 1.28359 4.98e-39 3
-0.976822 0.326015 3.01151 5.53318e-39 3
-0.9287 0.326015 3.01151 5.44134e-39 3
-0.789484 0.292289 2.69997 5.34807e-39 3
-0.746341 0.292289 2.69997 4.97928e-39 3
-0.703197 0.292289 2.69997 5.80833e-39 3
-0.610789 0.498611 4.60584 6.82248e-39 3
-0.537191 0.498611 4.60584 6.8232e-39 3
0.106411 0.423819 3.91496 8.20541e-39 3
0.357129 0.176591 1.63123 6.3615e-39 3
0.375374 0.172987 1.59794 6.08599e-39 3
0.39289 0.169528 1.56598 8.11465e-39 3
0.409719 0.166204 1.53528 7.09943e-39 3
0.434251 0.166204 1.53528 7.09835e-39 3
0.665492 0.122846 1.13477 5.53102e-39 3
0.683624 0.122846 1.13477 4.14809e-39 3
3.98502 0.423819 3.91496 3.68567e-39 3
4.04757 0.423819 3.91496 4.3314e-39 3
4.27189 0.403637 3.72853 2.39638e-39 3
4.33147 0.403637 3.72853 2.857e-39 3
-1.20167 0.226222 1.82091 4.42467e-39 3
-1.0961 0.211468 1.70216 4.60907e-39 3
-1.00346 0.198521 1.59794 4.79345e-39 3
-0.998298 0.202657 1.63123 4.70197e-39 3
-1.0487 0.218596 1.75953 4.5183e-39 3
-1.00924 0.216168 1.73998 4.88565e-39 3
-0.970655 0.213792 1.72086 4.51723e-39 3
-1.34105 0.303986 2.44685 4.79418e-39 3
-1.30195 0.303986 2.44685 6.73028e-39 3
-1.26285 0.303986 2.44685 4.60978e-39 3
-1.18667 0.294774 2.3727 5.07004e-39 3
-1.08311 0.27793 2.23712 5.62393e-39 3
-0.96468 0.255988 2.06051 4.88708e-39 3
-0.885167 0.243189 1.95748 4.98e-39 3
-0.813226 0.231608 1.86427 4.88781e-39 3
-0.700092 0.206969 1.66594 6.45513e-39 3
-0.633064 0.194551 1.56598 6.17783e-39 3
-0.573623 0.183539 1.47734 7.28417e-39 3
-0.477883 0.159468 1.28359 7.19162e-39 3
-0.435933 0.151993 1.22343 6.73172e-39 3
-0.403766 0.147387 1.18635 5.99416e-39 3
-0.362819 0.138965 1.11856 6.64024e-39 3
-0.340087 0.137008 1.10281 6.73208e-39 3
-0.635973 0.27021 2.17498 6.36329e-39 3
-0.676371 0.303986 2.44685 6.0867e-39 3
-0.637272 0.303986 2.44685 7.09978e-39 3
0.364727 0.206969 1.66594 8.94297e-39 3
0.375374 0.198521 1.59794 1.01422e-38 3
0.39289 0.194551 1.56598 8.94369e-39 3
0.409719 0.190736 1.53528 7.74443e-39 3
0.434251 0.190736 1.53528 7.74371e-39 3
4.07771 0.442161 3.55905 3.87115e-39 3
2.84252 0.303986 2.44685 4.42432e-39 3
2.88162 0.303986 2.44685 3.31797e-39 3
2.92072 0.303986 2.44685 4.60799e-39 3
-1.0232 0.2174 1.55048 3.77966e-39 3
-0.998428 0.2174 1.55048 3.78002e-39 3
-0.954747 0.213179 1.52037 5.43882e-39 3
-0.930452 0.213179 1.52037 4.97856e-39 3
-0.915042 0.215269 1.53528 4.51758e-39 3
-0.899326 0.2174 1.55048 4.79417e-39 3
-1.2268 0.304964 2.17498 5.53174e-39 3
-1.34105 0.343085 2.44685 5.80833e-39 3
-1.30195 0.343085 2.44685 5.34735e-39 3
-1.26285 0.343085 2.44685 4.88637e-39 3
-1.22375 0.343085 2.44685 5.34735e-39 3
-1.08311 0.313677 2.23712 5.71613e-39 3
-0.96468 0.288913 2.06051 5.34806e-39 3
-0.843016 0.261398 1.86427 6.731e-39 3
-0.813226 0.261398 1.86427 5.62465e-39 3
-0.671517 0.224055 1.59794 6.54661e-39 3
-0.58617 0.203309 1.44999 5.99343e-39 3
-0.498394 0.179979 1.28359 6.91468e-39 3
-0.455482 0.171542 1.22343 7.83699e-39 3
-0.422723 0.166344 1.18635 7.65296e-39 3
-0.380693 0.156839 1.11856 5.80976e-39 3
-0.357709 0.15463 1.10281 7.28525e-39 3
-0.3263 0.148361 1.0581 6.82392e-39 3
-0.309392 0.148361 1.0581 7.83842e-39 3
-0.313679 0.159112 1.13477 7.19197e-39 3
-0.299893 0.161452 1.15146 7.74515e-39 3
-0.167262 0.119334 0.851078 7.8377e-39 3
-0.15201 0.118051 0.841927 6.91611e-39 3
-0.138556 0.118051 0.841927 8.94477e-39 3
0.338107 0.23359 1.66594 7.37564e-39 3
0.357129 0.228723 1.63123 1.00493e-38 3
0.375374 0.224055 1.59794 9.95748e-39 3
0.400908 0.224055 1.59794 9.49687e-39 3
0.426442 0.224055 1.59794 9.03517e-39 3
0.387091 0.114362 0.815617 7.56004e-39 3
3.90042 0.477335 3.40431 4.3314e-39 3
2.84252 0.343085 2.44685 4.05554e-39 3
2.88162 0.343085 2.44685 2.76516e-39 3
2.92072 0.343085 2.44685 2.58041e-39 3
3.26601 0.378576 2.69997 3.22578e-39 3
-0.998428 0.242176 1.55048 4.97857e-39 3
-0.964107 0.239801 1.53528 5.16331e-39 3
-1.14091 0.291187 1.86427 5.43918e-39 3
-1.22808 0.321839 2.06051 5.16259e-39 3
-1.26155 0.339719 2.17498 4.14881e-39 3
-1.38015 0.382183 2.44685 4.6105e-39 3
-1.34105 0.382183 2.44685 5.90088e-39 3
-1.30195 0.382183 2.44685 5.53246e-39 3
-1.26285 0.382183 2.44685 5.71685e-39 3
-1.22375 0.382183 2.44685 5.99343e-39 3
-1.14876 0.370602 2.3727 5.99343e-39 3
-1.04737 0.349425 2.23712 5.99343e-39 3
-0.863577 0.298289 1.90974 6.08563e-39 3
-0.813226 0.291187 1.86427 6.73028e-39 3
-0.620837 0.230752 1.47734 7.28345e-39 3
-0.494581 0.191092 1.22343 4.79346e-39 3
-0.475032 0.191092 1.22343 8.57348e-39 3
-0.44168 0.185301 1.18635 7.37565e-39 3
-0.416413 0.182535 1.16864 7.56076e-39 3
-0.386211 0.177244 1.13477 6.36222e-39 3
-0.357709 0.172252 1.10281 7.65403e-39 3
-0.340087 0.172252 1.10281 8.20613e-39 3
-0.322465 0.172252 1.10281 7.83734e-39 3
-0.313679 0.177244 1.13477 8.6671e-39 3
-0.299893 0.179851 1.15146 8.85078e-39 3
-0.290024 0.185301 1.18635 7.37637e-39 3
-0.271066 0.185301 1.18635 8.3916e-39 3
-0.264115 0.194125 1.24284 6.2711e-39 3
-0.167262 0.132933 0.851078 7.00866e-39 3
-0.15201 0.131504 0.841927 7.46929e-39 3
-0.138556 0.131504 0.841927 1.01433e-38 3
-0.204115 0.214559 1.37367 9.40502e-39 3
0.0528028 0.191092 1.22343 1.04177e-38 3
0.265521 0.298289 1.90974 9.31139e-39 3
0.258245 0.26021 1.66594 9.58906e-39 3
0.273238 0.249589 1.59794 1.03266e-38 3
0.298772 0.249589 1.59794 9.40395e-39 3
0.324306 0.249589 1.59794 1.03255e-38 3
0.34984 0.249589 1.59794 9.77345e-39 3
0.375374 0.249589 1.59794 8.57491e-39 3
0.400908 0.249589 1.59794 9.95713e-39 3
0.377996 0.128735 0.824202 7.46821e-39 3
0.387091 0.127394 0.815617 7.83628e-39 3
3.03203 0.407662 2.60997 3.8715e-39 3
2.88162 0.382183 2.44685 3.13394e-39 3
2.92072 0.382183 2.44685 2.94954e-39 3
3.26601 0.42172 2.69997 3.41124e-39 3
-0.954747 0.261768 1.52037 5.4399e-39 3
-1.41925 0.421282 2.44685 6.54481e-39 3
-1.38015 0.421282 2.44685 5.53137e-39 3
-1.34105 0.421282 2.44685 5.53209e-39 3
-1.34395 0.434872 2.52578 6.36221e-39 3
-0.567316 0.232432 1.34999 1.07869e-38 3
-0.472436 0.201209 1.16864 1.19851e-38 3
-0.453761 0.201209 1.16864 1.42896e-38 3
-0.428689 0.19825 1.15146 8.48128e-39 3
-0.41029 0.19825 1.15146 9.12737e-39 3
-0.39189 0.19825 1.15146 8.02174e-39 3
-0.379065 0.201209 1.16864 8.20613e-39 3
-0.360391 0.201209 1.16864 6.54697e-39 3
-0.341717 0.201209 1.16864 6.08599e-39 3
-0.338186 0.210641 1.22343 6.82319e-39 3
-0.308981 0.204258 1.18635 8.20576e-39 3
-0.294485 0.2074 1.2046 7.09978e-39 3
-0.275237 0.2074 1.2046 8.66782e-39 3
-0.264115 0.213985 1.24284 8.2072e-39 3
-0.256468 0.224684 1.30499 1.02355e-38 3
-0.257035 0.24511 1.42362 8.66818e-39 3
-0.234286 0.24511 1.42362 9.22099e-39 3
-0.211538 0.24511 1.42362 1.1156e-38 3
-0.188789 0.24511 1.42362 9.68089e-39 3
0.0332534 0.210641 1.22343 1.02316e-38 3
0.0528028 0.210641 1.22343 1.01412e-38 3
0.0701597 0.204258 1.18635 1.08787e-38 3
0.0877867 0.201209 1.16864 1.14315e-38 3
0.106461 0.201209 1.16864 1.22617e-38 3
0.167681 0.269621 1.56598 1.22617e-38 3
0.192704 0.269621 1.56598 1.18014e-38 3
0.217727 0.269621 1.56598 1.13415e-38 3
0.22901 0.254359 1.47734 1.06954e-38 3
0.243431 0.24511 1.42362 1.0511e-38 3
0.252411 0.232432 1.34999 1.14323e-38 3
0.283768 0.240733 1.3982 1.08794e-38 3
0.317448 0.249649 1.44999 1.08798e-38 3
0.375374 0.275123 1.59794 1.06961e-38 3
0.417968 0.28683 1.66594 1.09716e-38 3
0.954494 0.385172 2.23712 8.85114e-39 3
0.753445 0.293066 1.70216 1.03259e-38 3
0.377996 0.141906 0.824202 1.01419e-38 3
0.387091 0.140427 0.815617 1.39219e-38 3
3.2486 0.481465 2.7964 4.05481e-39 3
3.07373 0.449368 2.60997 3.13358e-39 3
3.22287 0.464863 2.69997 3.7793e-39 3
3.50794 0.499297 2.89997 3.68711e-39 3
-1.10035 0.377749 2.00767 5.53209e-39 3
-1.06827 0.377749 2.00767 5.62465e-39 3
-0.483887 0.21665 1.15146 8.39015e-39 3
-0.458742 0.21351 1.13477 8.66639e-39 3
-0.447088 0.21665 1.15146 9.40467e-39 3
-0.422476 0.21351 1.13477 9.58835e-39 3
-0.41029 0.21665 1.15146 7.19126e-39 3
-0.39189 0.21665 1.15146 8.11357e-39 3
-0.379065 0.219884 1.16864 1.01422e-38 3
-0.360391 0.219884 1.16864 9.68126e-39 3
-0.341717 0.219884 1.16864 9.49687e-39 3
-0.338186 0.230191 1.22343 1.0972e-38 3
-0.308981 0.223215 1.18635 1.04181e-38 3
-0.290024 0.223215 1.18635 9.68126e-39 3
-0.271066 0.223215 1.18635 1.06954e-38 3
-0.264115 0.233844 1.24284 1.06043e-38 3
-0.279783 0.267858 1.42362 9.68233e-39 3
-0.294519 0.306921 1.63123 9.59014e-39 3
-0.268453 0.306921 1.63123 9.866e-39 3
-0.228129 0.288867 1.53528 1.12482e-38 3
-0.203596 0.288867 1.53528 1.2078e-38 3
0.0332534 0.230191 1.22343 1.03245e-38 3
0.0512027 0.223215 1.18635 1.19847e-38 3
0.0701597 0.223215 1.18635 1.18929e-38 3
0.0877867 0.219884 1.16864 1.10631e-38 3
0.104895 0.21665 1.15146 1.16166e-38 3
0.125135 0.219884 1.16864 1.19861e-38 3
0.15055 0.230191 1.22343 1.14341e-38 3
0.181439 0.245537 1.30499 1.14333e-38 3
0.205721 0.249698 1.32711 1.19861e-38 3
0.226927 0.249698 1.32711 1.18018e-38 3
0.248133 0.249698 1.32711 1.16166e-38 3
0.273983 0.254003 1.34999 1.15248e-38 3
0.311676 0.267858 1.42362 1.0972e-38 3
0.456466 0.272818 1.44999 1.13401e-38 3
0.479635 0.272818 1.44999 1.14323e-38 3
0.617079 0.334823 1.77953 1.10635e-38 3
0.747438 0.387689 2.06051 1.10635e-38 3
0.780363 0.387689 2.06051 1.13401e-38 3
0.882999 0.42092 2.23712 1.07869e-38 3
0.869084 0.398167 2.11619 1.06032e-38 3
0.776914 0.342609 1.82091 1.09727e-38 3
0.753445 0.320265 1.70216 1.12479e-38 3
0.748117 0.306921 1.63123 1.17096e-38 3
0.774183 0.306921 1.63123 9.95749e-39 3
0.800249 0.306921 1.63123 9.86494e-39 3
0.768823 0.193845 1.03025 7.09835e-39 3
0.76515 0.188874 1.00384 7.37494e-39 3
0.781191 0.188874 1.00384 7.74264e-39 3
-1.02709 0.371706 1.82091 8.02173e-39 3
-0.953637 0.355186 1.73998 6.08562e-39 3
-0.925833 0.355186 1.73998 8.02174e-39 3
-0.431789 0.194919 0.954868 9.49687e-39 3
-0.426944 0.199792 0.97874 9.86528e-39 3
-0.432952 0.210307 1.03025 8.11357e-39 3
-0.422042 0.213111 1.04399 8.66711e-39 3
-0.40536 0.213111 1.04399 8.48271e-39 3
-0.422476 0.231643 1.13477 8.66711e-39 3
-0.404343 0.231643 1.13477 9.31211e-39 3
-0.386211 0.231643 1.13477 9.31211e-39 3
-0.373491 0.235049 1.15146 1.06025e-38 3
-0.355091 0.235049 1.15146 9.77345e-39 3
-0.336692 0.235049 1.15146 1.0972e-38 3
-0.318292 0.235049 1.15146 1.11564e-38 3
-0.299893 0.235049 1.15146 8.94369e-39 3
-0.281493 0.235049 1.15146 1.04192e-38 3
-0.263094 0.235049 1.15146 9.86565e-39 3
-0.255988 0.245898 1.2046 9.95892e-39 3
-0.279783 0.290606 1.42362 9.59014e-39 3
-0.242387 0.332987 1.63123 1.12486e-38 3
-0.203596 0.313399 1.53528 1.11567e-38 3
-0.166041 0.290606 1.42362 9.68054e-39 3
-0.164189 0.332987 1.63123 1.06011e-38 3
0.014146 0.257796 1.26289 1.07847e-38 3
0.0322457 0.242172 1.18635 1.11542e-38 3
0.0512027 0.242172 1.18635 1.12475e-38 3
0.0691126 0.238558 1.16864 1.05099e-38 3
0.0877867 0.238558 1.16864 1.04163e-38 3
0.103375 0.231643 1.13477 1.13393e-38 3
0.121508 0.231643 1.13477 1.15252e-38 3
0.141694 0.235049 1.15146 1.13411e-38 3
0.13276 0.194919 0.954868 1.18018e-38 3
0.186731 0.245898 1.2046 1.17096e-38 3
0.163277 0.194919 0.954868 1.18936e-38 3
0.221816 0.242172 1.18635 1.07869e-38 3
0.240773 0.242172 1.18635 1.1156e-38 3
0.290545 0.270904 1.32711 1.1433e-38 3
0.391348 0.340071 1.66594 1.18028e-38 3
0.377387 0.257796 1.26289 1.19851e-38 3
0.397567 0.257796 1.26289 1.04181e-38 3
0.454391 0.28041 1.37367 1.29074e-38 3
0.502805 0.295988 1.44999 1.26308e-38 3
0.568053 0.319667 1.56598 1.21698e-38 3
0.67395 0.363258 1.77953 1.09713e-38 3
0.813288 0.420615 2.06051 1.18932e-38 3
0.846214 0.420615 2.06051 1.16174e-38 3
0.776914 0.371706 1.82091 1.13419e-38 3
0.753445 0.347464 1.70216 1.21698e-38 3
0.748117 0.332987 1.63123 1.1433e-38 3
0.774183 0.332987 1.63123 1.13408e-38 3
0.800249 0.332987 1.63123 9.31212e-39 3
0.712345 0.213111 1.04399 8.29761e-39 3
0.729027 0.213111 1.04399 8.66567e-39 3
0.735898 0.210307 1.03025 7.09906e-39 3
0.768823 0.210307 1.03025 7.37565e-39 3
0.775087 0.207576 1.01687 6.73028e-39 3
0.781191 0.204915 1.00384 6.4537e-39 3
0.807585 0.207576 1.01687 7.55969e-39 3
0.802977 0.202321 0.991129 8.85007e-39 3
-0.953637 0.382989 1.73998 8.02173e-39 3
-0.905706 0.374663 1.70216 9.77345e-39 3
-0.436403 0.205173 0.932133 8.94297e-39 3
-0.421508 0.205173 0.932133 9.31176e-39 3
-0.406613 0.205173 0.932133 9.12808e-39 3
-0.406226 0.212772 0.966657 9.68126e-39 3
-0.403225 0.219548 0.997442 7.7448e-39 3
-0.389769 0.220955 1.00384 8.48379e-39 3
-0.373729 0.220955 1.00384 1.005e-38 3
-0.357688 0.220955 1.00384 1.10645e-38 3
-0.337323 0.218158 0.991129 1.07872e-38 3
-0.315495 0.214093 0.972661 1.16166e-38 3
-0.309567 0.220955 1.00384 1.17088e-38 3
-0.282655 0.212772 0.966657 1.18932e-38 3
-0.267208 0.212772 0.966657 1.1433e-38 3
-0.250217 0.211467 0.960726 9.68126e-39 3
-0.233434 0.210177 0.954868 1.17092e-38 3
-0.220869 0.212772 0.966657 1.24471e-38 3
-0.234355 0.24274 1.10281 1.08809e-38 3
-0.223015 0.249776 1.13477 1.06965e-38 3
-0.115598 0.218158 0.991129 1.01422e-38 3
-0.0972973 0.212772 0.966657 1.09713e-38 3
-0.0818509 0.212772 0.966657 1.14315e-38 3
-0.00575552 0.265146 1.2046 1.08791e-38 3
0.0128979 0.253449 1.15146 1.1523e-38 3
0.0308437 0.249776 1.13477 1.10631e-38 3
0.0475969 0.24274 1.10281 1.00486e-38 3
0.0625749 0.232899 1.0581 1.19836e-38 3
0.0794825 0.232899 1.0581 1.26272e-38 3
0.0938535 0.22677 1.03025 1.11542e-38 3
0.106127 0.218158 0.991129 1.12497e-38 3
0.118953 0.212772 0.966657 1.17099e-38 3
0.134399 0.212772 0.966657 1.1801e-38 3
0.148019 0.210177 0.954868 1.22624e-38 3
0.163277 0.210177 0.954868 1.19858e-38 3
0.178535 0.210177 0.954868 1.18007e-38 3
0.198638 0.215431 0.97874 1.2078e-38 3
0.209051 0.210177 0.954868 1.11567e-38 3
0.218968 0.205173 0.932133 1.15262e-38 3
0.225799 0.198098 0.899991 1.13401e-38 3
0.294305 0.24274 1.10281 1.18918e-38 3
0.311927 0.24274 1.10281 1.12464e-38 3
0.329549 0.24274 1.10281 1.09702e-38 3
0.357234 0.249776 1.13477 1.2078e-38 3
0.411116 0.273564 1.24284 1.12482e-38 3
0.445106 0.282533 1.28359 1.32769e-38 3
0.489701 0.297147 1.34999 1.16174e-38 3
0.559506 0.32518 1.47734 1.27237e-38 3
0.702385 0.391694 1.77953 1.19854e-38 3
0.747817 0.400803 1.82091 1.1894e-38 3
0.726245 0.374663 1.70216 1.1895e-38 3
0.707315 0.351725 1.59794 1.14323e-38 3
0.690569 0.331433 1.50575 1.06032e-38 3
0.71463 0.331433 1.50575 1.12486e-38 3
0.724754 0.32518 1.47734 1.0788e-38 3
0.672256 0.292111 1.32711 1.23549e-38 3
0.619913 0.261129 1.18635 1.02344e-38 3
0.496064 0.202759 0.921167 9.77345e-39 3
0.49337 0.195847 0.889764 1.06954e-38 3
0.507588 0.195847 0.889764 1.06032e-38 3
0.483357 0.181416 0.824202 9.68126e-39 3
0.518353 0.18939 0.860431 9.68126e-39 3
0.583388 0.207645 0.943364 1.04195e-38 3
0.682023 0.225288 1.02352 1.03266e-38 3
0.659579 0.212772 0.966657 1.02337e-38 3
0.647066 0.203959 0.926618 1.04181e-38 3
0.642853 0.198098 0.899991 9.58871e-39 3
0.758838 0.223825 1.01687 8.29797e-39 3
0.775087 0.223825 1.01687 6.26967e-39 3
0.781191 0.220955 1.00384 7.56004e-39 3
0.797231 0.220955 1.00384 8.66639e-39 3
0.802977 0.218158 0.991129 7.92847e-39 3
0.808579 0.215431 0.97874 7.74444e-39 3
0.824219 0.215431 0.97874 6.91395e-39 3
0.738337 0.18939 0.860431 7.28274e-39 3
0.756241 0.190437 0.865185 8.11322e-39 3
0.770066 0.190437 0.865185 5.90052e-39 3
0.779584 0.18939 0.860431 7.0987e-39 3
1.71551 0.382989 1.73998 4.51579e-39 3
1.63436 0.359052 1.63123 4.42468e-39 3
1.66042 0.359052 1.63123 5.62322e-39 3
1.68649 0.359052 1.63123 5.06969e-39 3
1.74899 0.366692 1.66594 5.80761e-39 3
1.81421 0.374663 1.70216 4.97677e-39 3
-0.300386 0.0832688 0.352699 5.16296e-39 3
-0.29475 0.0832688 0.352699 5.62322e-39 3
-0.289114 0.0832688 0.352699 6.54445e-39 3
-0.462305 0.225435 0.954868 9.40503e-39 3
-0.431269 0.217479 0.921167 8.57419e-39 3
-0.416549 0.217479 0.921167 1.01415e-38 3
-0.401829 0.217479 0.921167 1.02344e-38 3
-0.391718 0.220068 0.932133 9.03589e-39 3
-0.376824 0.220068 0.932133 1.02344e-38 3
-0.370756 0.225435 0.954868 8.57527e-39 3
-0.362122 0.229636 0.972661 1.07887e-38 3
-0.35094 0.232524 0.984896 9.77273e-39 3
-0.331038 0.229636 0.972661 1.05099e-38 3
-0.311624 0.226818 0.960726 1.16166e-38 3
-0.290918 0.222719 0.943364 1.11567e-38 3
-0.275844 0.222719 0.943364 1.20783e-38 3
-0.26077 0.222719 0.943364 9.68126e-39 3
-0.254909 0.231071 0.97874 1.02344e-38 3
-0.22129 0.213707 0.905193 1.12486e-38 3
-0.218175 0.225435 0.954868 1.27237e-38 3
-0.224854 0.249807 1.0581 1.00511e-38 3
-0.223015 0.267908 1.13477 1.05121e-38 3
-0.157224 0.249807 1.0581 8.94477e-39 3
-0.131436 0.233996 0.991129 1.125e-38 3
-0.111369 0.225435 0.954868 1.08812e-38 3
-0.0938224 0.220068 0.932133 1.0972e-38 3
-0.0770921 0.21495 0.910456 1.13401e-38 3
-0.0625437 0.21495 0.910456 9.86565e-39 3
-0.0825519 0.369714 1.56598 1.23553e-38 3
-0.0575287 0.369714 1.56598 1.1156e-38 3
-0.0250042 0.284395 1.2046 1.02344e-38 3
-0.00526914 0.260362 1.10281 1.04192e-38 3
0.0112443 0.236996 1.00384 9.77346e-39 3
0.0272848 0.236996 1.00384 1.1433e-38 3
0.042777 0.233996 0.991129 2.00983e-38 3
0.0578818 0.231071 0.97874 1.20747e-38 3
0.0619127 0.194586 0.824202 1.46541e-38 3
0.0891609 0.231071 0.97874 1.27201e-38 3
0.1048 0.231071 0.97874 1.1433e-38 3
0.118953 0.228218 0.966657 1.06958e-38 3
0.134399 0.228218 0.966657 1.02341e-38 3
0.147121 0.224069 0.949081 1.18936e-38 3
0.161309 0.222719 0.943364 1.23549e-38 3
0.175327 0.221385 0.937715 1.17085e-38 3
0.18058 0.210065 0.889764 1.21698e-38 3
0.190469 0.205396 0.869991 1.18939e-38 3
0.205512 0.206544 0.874851 1.06965e-38 3
0.219492 0.206544 0.874851 1.29999e-38 3
0.238808 0.211265 0.894848 1.1156e-38 3
0.251668 0.210065 0.889764 1.26304e-38 3
0.265886 0.210065 0.889764 1.16163e-38 3
0.316015 0.236996 1.00384 1.37375e-38 3
0.354799 0.253229 1.07259 1.2262e-38 3
0.430976 0.293424 1.24284 1.23542e-38 3
0.481401 0.313317 1.32711 1.24471e-38 3
0.529532 0.330101 1.3982 1.33691e-38 3
0.583112 0.348786 1.47734 1.21702e-38 3
0.618387 0.355494 1.50575 1.13408e-38 3
0.630326 0.348786 1.47734 1.17088e-38 3
0.653933 0.348786 1.47734 1.15245e-38 3
0.652902 0.336103 1.42362 1.08798e-38 3
0.629844 0.313317 1.32711 1.03273e-38 3
0.581999 0.280086 1.18635 1.19869e-38 3
0.466625 0.217479 0.921167 1.06032e-38 3
0.430676 0.194586 0.824202 9.68234e-39 3
0.443847 0.194586 0.824202 1.01433e-38 3
0.516864 0.220068 0.932133 1.08802e-38 3
0.513422 0.212479 0.899991 1.0972e-38 3
0.483357 0.194586 0.824202 1.01422e-38 3
0.501809 0.196656 0.83297 1.01422e-38 3
0.556566 0.212479 0.899991 1.01422e-38 3
0.598463 0.222719 0.943364 9.22028e-39 3
0.652866 0.236996 1.00384 9.49687e-39 3
0.664646 0.235486 0.997442 9.03589e-39 3
0.643685 0.222719 0.943364 9.03517e-39 3
0.639498 0.216207 0.91578 8.66639e-39 3
0.642853 0.212479 0.899991 8.11358e-39 3
0.672699 0.217479 0.921167 7.1927e-39 3
0.721365 0.228218 0.966657 7.74588e-39 3
0.76515 0.236996 1.00384 8.02174e-39 3
0.781191 0.236996 1.00384 9.03625e-39 3
0.78714 0.233996 0.991129 7.74515e-39 3
0.802977 0.233996 0.991129 7.46821e-39 3
0.808579 0.231071 0.97874 7.00723e-39 3
0.824219 0.231071 0.97874 7.74443e-39 3
0.839859 0.231071 0.97874 6.91468e-39 3
0.834632 0.225435 0.954868 6.3615e-39 3
0.84989 0.225435 0.954868 6.91468e-39 3
0.775324 0.202029 0.855729 6.3615e-39 3
0.788998 0.202029 0.855729 6.2693e-39 3
1.48915 0.362464 1.53528 5.71433e-39 3
1.51369 0.362464 1.53528 5.52922e-39 3
1.53822 0.362464 1.53528 6.35899e-39 3
1.56275 0.362464 1.53528 6.17639e-39 3
1.65207 0.377259 1.59794 5.53067e-39 3
1.71255 0.385118 1.63123 5.16116e-39 3
1.77561 0.393312 1.66594 5.16044e-39 3
-0.495698 0.249833 0.991129 8.48272e-39 3
-0.456735 0.237793 0.943364 7.46856e-39 3
-0.431269 0.232198 0.921167 6.91467e-39 3
-0.411705 0.229498 0.910456 1.04181e-38 3
-0.401829 0.232198 0.921167 8.48272e-39 3
-0.38711 0.232198 0.921167 1.10646e-38 3
-0.376824 0.234962 0.932133 9.77345e-39 3
-0.370756 0.240693 0.954868 9.86529e-39 3
-0.355498 0.240693 0.954868 1.05121e-38 3
-0.34658 0.245178 0.972661 1.06025e-38 3
-0.326976 0.24217 0.960726 9.86457e-39 3
-0.307847 0.239234 0.949081 1.11557e-38 3
-0.290918 0.237793 0.943364 9.68126e-39 3
-0.261658 0.225564 0.894848 9.49687e-39 3
-0.241831 0.220523 0.874851 1.06954e-38 3
-0.229132 0.221762 0.879766 1.12486e-38 3
-0.216289 0.223015 0.884737 1.13408e-38 3
-0.220869 0.243665 0.966657 1.24471e-38 3
-0.20799 0.246711 0.97874 9.49794e-39 3
-0.202475 0.259695 1.03025 1.00511e-38 3
-0.199111 0.277984 1.10281 1.0972e-38 3
-0.157143 0.240693 0.954868 1.24471e-38 3
-0.140176 0.237793 0.943364 1.01433e-38 3
-0.122158 0.232198 0.921167 1.07887e-38 3
-0.107438 0.232198 0.921167 1.10653e-38 3
-0.0905872 0.22686 0.899991 1.22627e-38 3
-0.0705311 0.209966 0.83297 1.18932e-38 3
-0.0554511 0.203473 0.807208 1.15252e-38 3
-0.0429958 0.205592 0.815617 1.4291e-38 3
-0.0342433 0.234962 0.932133 1.44754e-38 3
-0.0205731 0.249833 0.991129 1.29081e-38 3
-0.00473555 0.249833 0.991129 1.40145e-38 3
0.0109632 0.246711 0.97874 1.30003e-38 3
0.0259539 0.240693 0.954868 1.23549e-38 3
0.0407154 0.237793 0.943364 1.28155e-38 3
0.0538435 0.229498 0.910456 1.23531e-38 3
0.0603252 0.202429 0.803069 1.44711e-38 3
0.0731576 0.202429 0.803069 1.31822e-38 3
0.0868812 0.204527 0.811391 1.25393e-38 3
0.0998466 0.204527 0.811391 1.11564e-38 3
0.128075 0.232198 0.921167 1.32765e-38 3
0.144494 0.234962 0.932133 1.22627e-38 3
0.159389 0.234962 0.932133 1.41066e-38 3
0.175327 0.236369 0.937715 1.26304e-38 3
0.18058 0.224282 0.889764 1.22627e-38 3
0.188376 0.216888 0.860431 1.34624e-38 3
0.203241 0.218087 0.865185 1.30936e-38 3
0.217066 0.218087 0.865185 1.38301e-38 3
0.234783 0.221762 0.879766 1.37371e-38 3
0.248841 0.221762 0.879766 1.28152e-38 3
0.262899 0.221762 0.879766 1.33691e-38 3
0.275409 0.220523 0.874851 1.33691e-38 3
0.323754 0.246711 0.97874 1.33684e-38 3
0.357256 0.259695 1.03025 1.17088e-38 3
0.465617 0.323555 1.28359 1.2078e-38 3
0.511272 0.34029 1.34999 1.31847e-38 3
0.561908 0.358852 1.42362 1.27244e-38 3
0.584657 0.358852 1.42362 1.19862e-38 3
0.607405 0.358852 1.42362 1.15252e-38 3
0.587431 0.334523 1.32711 1.17088e-38 3
0.544085 0.299043 1.18635 1.17096e-38 3
0.495477 0.263158 1.04399 1.15259e-38 3
0.417521 0.214531 0.851078 1.10649e-38 3
0.426485 0.212224 0.841927 1.0511e-38 3
0.405092 0.195414 0.77524 1.06039e-38 3
0.439223 0.205592 0.815617 9.68198e-39 3
0.452256 0.205592 0.815617 1.18018e-38 3
0.490854 0.216888 0.860431 1.12486e-38 3
0.483357 0.207756 0.824202 1.12486e-38 3
0.507205 0.212224 0.841927 1.10646e-38 3
0.544059 0.221762 0.879766 1.0511e-38 3
0.577586 0.229498 0.910456 1.0972e-38 3
0.613537 0.237793 0.943364 9.77346e-39 3
0.624847 0.236369 0.937715 9.95785e-39 3
0.62854 0.232198 0.921167 1.01415e-38 3
0.628472 0.22686 0.899991 8.482e-39 3
0.642853 0.22686 0.899991 8.66675e-39 3
0.657234 0.22686 0.899991 8.02246e-39 3
0.671615 0.22686 0.899991 7.3771e-39 3
0.736811 0.243665 0.966657 8.02174e-39 3
0.771302 0.249833 0.991129 7.83698e-39 3
0.78714 0.249833 0.991129 7.09978e-39 3
0.802977 0.249833 0.991129 8.48236e-39 3
0.808579 0.246711 0.97874 6.91504e-39 3
0.824219 0.246711 0.97874 7.37565e-39 3
0.839859 0.246711 0.97874 7.56004e-39 3
0.824576 0.237793 0.943364 7.56004e-39 3
0.84989 0.240693 0.954868 7.19126e-39 3
0.865148 0.240693 0.954868 6.3615e-39 3
0.788998 0.215703 0.855729 6.1771e-39 3
0.811541 0.218087 0.865185 6.63809e-39 3
1.11486 0.29458 1.16864 6.2693e-39 3
1.28723 0.334523 1.32711 7.09835e-39 3
1.4036 0.358852 1.42362 5.89873e-39 3
1.45276 0.365497 1.44999 6.82069e-39 3
1.5327 0.379555 1.50575 5.80761e-39 3
1.55676 0.379555 1.50575 5.89873e-39 3
1.71255 0.411184 1.63123 7.37314e-39 3
1.81421 0.429062 1.70216 6.63558e-39 3
2.02135 0.438597 1.73998 5.07005e-39 3
1.96196 0.419933 1.66594 4.60907e-39 3
-0.495698 0.265671 0.991129 8.11393e-39 3
-0.445988 0.246918 0.921167 8.11393e-39 3
-0.402833 0.230637 0.860431 7.92882e-39 3
-0.380717 0.225678 0.841927 1.3184e-38 3
-0.352119 0.216371 0.807208 1.10642e-38 3
-0.33922 0.216371 0.807208 9.58906e-39 3
-0.326321 0.216371 0.807208 9.31247e-39 3
-0.345477 0.2385 0.889764 9.49687e-39 3
-0.335067 0.241241 0.899991 1.00508e-38 3
-0.324415 0.244047 0.910456 1.04181e-38 3
-0.313512 0.246918 0.921167 8.20469e-39 3
-0.295318 0.244047 0.910456 1.06025e-38 3
-0.28077 0.244047 0.910456 9.40467e-39 3
-0.263161 0.241241 0.899991 1.21705e-38 3
-0.24878 0.241241 0.899991 1.06032e-38 3
-0.237125 0.244047 0.910456 1.02344e-38 3
-0.222576 0.244047 0.910456 1.02344e-38 3
-0.208028 0.244047 0.910456 9.77345e-39 3
-0.17515 0.220926 0.824202 1.02359e-38 3
-0.15864 0.216371 0.807208 1.16184e-38 3
-0.128517 0.1908 0.711811 1.19858e-38 3
-0.117143 0.1908 0.711811 1.04188e-38 3
-0.122469 0.220926 0.824202 1.18018e-38 3
-0.114103 0.230637 0.860431 1.13419e-38 3
-0.100354 0.230637 0.860431 1.12486e-38 3
-0.0829588 0.220926 0.824202 1.2539e-38 3
-0.0676523 0.214163 0.798972 1.17092e-38 3
-0.041276 0.20988 0.782992 1.25393e-38 3
-0.029654 0.216371 0.807208 1.29077e-38 3
-0.0193485 0.249857 0.932133 1.21705e-38 3
-0.0045623 0.255951 0.954868 1.29081e-38 3
0.0106958 0.255951 0.954868 1.29074e-38 3
0.0253359 0.249857 0.932133 1.28159e-38 3
0.0392951 0.244047 0.910456 1.22638e-38 3
0.050332 0.228131 0.851078 1.23546e-38 3
0.0600174 0.214163 0.798972 1.29067e-38 3
0.0727844 0.214163 0.798972 1.19851e-38 3
0.0868812 0.217492 0.811391 1.28159e-38 3
0.0998466 0.217492 0.811391 1.18932e-38 3
0.11833 0.228131 0.851078 1.34606e-38 3
0.134861 0.2332 0.869991 1.25393e-38 3
0.159389 0.249857 0.932133 1.30925e-38 3
0.176384 0.252868 0.943364 1.30911e-38 3
0.184779 0.244047 0.910456 1.28166e-38 3
0.187346 0.229377 0.855729 1.30003e-38 3
0.20102 0.229377 0.855729 1.28152e-38 3
0.214694 0.229377 0.855729 1.39215e-38 3
0.233471 0.234503 0.874851 1.41059e-38 3
0.247451 0.234503 0.874851 1.36457e-38 3
0.262899 0.23582 0.879766 1.3001e-38 3
0.30431 0.259111 0.966657 1.26319e-38 3
0.319757 0.259111 0.966657 1.30918e-38 3
0.335203 0.259111 0.966657 1.18932e-38 3
0.373719 0.276158 1.03025 1.28159e-38 3
0.53916 0.3816 1.42362 1.24471e-38 3
0.583112 0.396 1.47734 1.3001e-38 3
0.606719 0.396 1.47734 1.21713e-38 3
0.607405 0.3816 1.42362 1.27237e-38 3
0.587431 0.355729 1.32711 1.25393e-38 3
0.478795 0.27984 1.04399 1.27241e-38 3
0.399578 0.225678 0.841927 1.18025e-38 3
0.35899 0.19615 0.731768 1.24478e-38 3
0.372423 0.19707 0.735204 1.19862e-38 3
0.385984 0.198 0.738672 1.21713e-38 3
0.401576 0.199886 0.745707 1.19869e-38 3
0.425653 0.205765 0.767639 1.18018e-38 3
0.460492 0.216371 0.807208 1.18018e-38 3
0.478322 0.218625 0.815617 1.11564e-38 3
0.501809 0.223277 0.83297 1.00504e-38 3
0.526318 0.228131 0.851078 1.06032e-38 3
0.554999 0.234503 0.874851 9.58906e-39 3
0.588712 0.242636 0.905193 1.06951e-38 3
0.59971 0.241241 0.899991 1.10642e-38 3
0.614091 0.241241 0.899991 9.58835e-39 3
0.628472 0.241241 0.899991 9.21957e-39 3
0.607915 0.228131 0.851078 9.12773e-39 3
0.621515 0.228131 0.851078 8.94442e-39 3
0.649228 0.2332 0.869991 9.03662e-39 3
0.727826 0.255951 0.954868 8.57527e-39 3
0.771302 0.265671 0.991129 8.02174e-39 3
0.78714 0.265671 0.991129 8.39052e-39 3
0.802977 0.265671 0.991129 6.91504e-39 3
0.818815 0.265671 0.991129 7.00723e-39 3
0.824219 0.26235 0.97874 8.02102e-39 3
0.658713 0.205765 0.767639 8.11322e-39 3
0.674284 0.206778 0.771421 7.00687e-39 3
0.829655 0.249857 0.932133 6.73028e-39 3
0.854725 0.252868 0.943364 7.09978e-39 3
0.788998 0.229377 0.855729 6.27002e-39 3
0.811541 0.231912 0.865185 5.99307e-39 3
1.02323 0.287507 1.07259 6.36294e-39 3
1.26578 0.3498 1.30499 6.26967e-39 3
1.331 0.361862 1.34999 6.72956e-39 3
1.3763 0.368211 1.37367 6.91288e-39 3
1.4491 0.3816 1.42362 6.63737e-39 3
1.55676 0.403616 1.50575 5.89873e-39 3
1.74899 0.446553 1.66594 7.28095e-39 3
-0.632218 0.214871 0.756514 5.99272e-39 3
-0.62314 0.215914 0.760186 5.25515e-39 3
-0.620022 0.219105 0.771421 5.99271e-39 3
-0.361038 0.211802 0.745707 1.005e-38 3
-0.349122 0.211802 0.745707 1.04181e-38 3
-0.330903 0.207843 0.731768 8.29761e-39 3
-0.316255 0.205918 0.724993 9.49651e-39 3
-0.303266 0.204969 0.721652 8.20613e-39 3
-0.291734 0.204969 0.721652 9.58906e-39 3
-0.286811 0.209804 0.738672 9.31247e-39 3
-0.280297 0.213838 0.752877 9.86565e-39 3
-0.296805 0.236587 0.83297 1.17088e-38 3
-0.252593 0.210798 0.742173 1.11557e-38 3
-0.285364 0.249878 0.879766 1.12479e-38 3
-0.271306 0.249878 0.879766 1.1894e-38 3
-0.251594 0.244386 0.860431 1.23549e-38 3
-0.237845 0.244386 0.860431 1.01422e-38 3
-0.224096 0.244386 0.860431 1.08798e-38 3
-0.210347 0.244386 0.860431 1.27237e-38 3
-0.184437 0.22927 0.807208 1.06032e-38 3
-0.166392 0.222392 0.782992 1.35546e-38 3
-0.141825 0.204969 0.721652 1.13419e-38 3
-0.127936 0.201259 0.70859 1.19858e-38 3
-0.116613 0.201259 0.70859 1.22624e-38 3
-0.106252 0.203097 0.715061 1.12489e-38 3
-0.0948257 0.203097 0.715061 1.27237e-38 3
-0.0804603 0.19594 0.689861 1.23549e-38 3
-0.0682345 0.192547 0.677915 1.26312e-38 3
-0.0574019 0.192547 0.677915 1.13404e-38 3
-0.0465694 0.192547 0.677915 1.14341e-38 3
-0.0375236 0.202174 0.711811 1.35535e-38 3
-0.0261494 0.202174 0.711811 1.18018e-38 3
-0.0169299 0.231658 0.815617 1.06954e-38 3
-0.00440128 0.261637 0.921167 1.34613e-38 3
0.0103183 0.261637 0.921167 1.38293e-38 3
0.0247467 0.258595 0.910456 1.32769e-38 3
0.038402 0.252718 0.889764 1.25404e-38 3
0.0492611 0.236587 0.83297 1.12489e-38 3
0.0606361 0.22927 0.807208 1.33687e-38 3
0.0727844 0.22693 0.798972 1.15245e-38 3
0.0855513 0.22693 0.798972 1.29074e-38 3
0.0973252 0.224638 0.790901 1.26304e-38 3
0.113993 0.232871 0.819887 1.29989e-38 3
0.127763 0.234097 0.824202 1.38301e-38 3
0.145529 0.24173 0.851078 1.27237e-38 3
0.174284 0.264752 0.932133 1.15237e-38 3
0.184779 0.258595 0.910456 1.19858e-38 3
0.189416 0.245737 0.865185 1.28152e-38 3
0.218968 0.264752 0.932133 1.23528e-38 3
0.217066 0.245737 0.865185 1.40123e-38 3
0.24018 0.255623 0.899991 1.40134e-38 3
0.253107 0.254162 0.894848 1.30003e-38 3
0.267406 0.254162 0.894848 1.40155e-38 3
0.30431 0.274558 0.966657 1.39233e-38 3
0.319757 0.274558 0.966657 1.34606e-38 3
0.331116 0.271209 0.954868 1.24464e-38 3
0.3422 0.267942 0.943364 1.26315e-38 3
0.366096 0.274558 0.966657 1.24471e-38 3
0.515083 0.370653 1.30499 1.18025e-38 3
0.52715 0.364577 1.28359 1.18025e-38 3
0.32351 0.200353 0.705398 1.23549e-38 3
0.334782 0.200353 0.705398 1.20791e-38 3
0.352403 0.204029 0.718341 1.15259e-38 3
0.368959 0.206876 0.728365 1.19862e-38 3
0.380598 0.206876 0.728365 1.17096e-38 3
0.392237 0.206876 0.728365 1.18936e-38 3
0.407667 0.208818 0.735204 1.22627e-38 3
0.431572 0.214871 0.756514 1.18943e-38 3
0.473391 0.22927 0.807208 1.18018e-38 3
0.491355 0.231658 0.815617 1.01422e-38 3
0.504388 0.231658 0.815617 9.68126e-39 3
0.545851 0.244386 0.860431 9.12809e-39 3
0.568978 0.248482 0.874851 1.0511e-38 3
0.592895 0.252718 0.889764 1.18018e-38 3
0.596937 0.248482 0.874851 9.86493e-39 3
0.607523 0.247102 0.869991 1.12479e-38 3
0.594981 0.236587 0.83297 1.06947e-38 3
0.608291 0.236587 0.83297 1.00508e-38 3
0.628285 0.239131 0.841927 1.0143e-38 3
0.727826 0.271209 0.954868 8.94369e-39 3
0.78714 0.281509 0.991129 1.005e-38 3
0.802977 0.281509 0.991129 8.85114e-39 3
0.808579 0.27799 0.97874 7.83663e-39 3
0.794428 0.267942 0.943364 8.5742e-39 3
0.655499 0.216968 0.763895 7.92883e-39 3
0.674284 0.219105 0.771421 5.62393e-39 3
0.693443 0.221285 0.779097 6.1771e-39 3
0.84455 0.264752 0.932133 7.19197e-39 3
0.859444 0.264752 0.932133 6.36221e-39 3
0.906722 0.274558 0.966657 5.99416e-39 3
0.957637 0.285118 1.00384 6.45585e-39 3
1.26578 0.370653 1.30499 6.82284e-39 3
1.35257 0.383434 1.34999 7.28202e-39 3
1.39825 0.390161 1.37367 6.54482e-39 3
1.55676 0.427676 1.50575 7.18875e-39 3
-0.62314 0.228061 0.760186 4.88637e-39 3
-0.622934 0.247267 0.824202 6.82248e-39 3
-0.609764 0.247267 0.824202 6.17783e-39 3
-0.373162 0.204264 0.680863 1.04181e-38 3
-0.353072 0.199071 0.663553 7.92882e-39 3
-0.349392 0.216501 0.721652 9.03589e-39 3
-0.33786 0.216501 0.721652 1.11564e-38 3
-0.324832 0.215508 0.718341 8.482e-39 3
-0.311922 0.214524 0.715061 1.08802e-38 3
-0.301875 0.215508 0.718341 8.7593e-39 3
-0.291734 0.216501 0.721652 1.22627e-38 3
-0.284131 0.219536 0.731768 1.09713e-38 3
-0.267439 0.215508 0.718341 1.26308e-38 3
-0.25596 0.215508 0.718341 1.28152e-38 3
-0.246746 0.217503 0.724993 1.1894e-38 3
-0.261828 0.242168 0.807208 1.26315e-38 3
-0.254171 0.247267 0.824202 1.12486e-38 3
-0.241 0.247267 0.824202 1.27237e-38 3
-0.22783 0.247267 0.824202 1.0511e-38 3
-0.212424 0.244691 0.815617 1.16174e-38 3
-0.197336 0.242168 0.807208 1.15245e-38 3
-0.175396 0.230297 0.767639 1.18014e-38 3
-0.159993 0.225869 0.752877 1.25404e-38 3
-0.14053 0.214524 0.715061 1.18021e-38 3
-0.126788 0.210676 0.702235 1.19851e-38 3
-0.115567 0.210676 0.702235 1.28155e-38 3
-0.105769 0.213548 0.711811 1.07872e-38 3
-0.0943947 0.213548 0.711811 1.20783e-38 3
-0.0804603 0.206963 0.689861 1.26308e-38 3
-0.0682345 0.20338 0.677915 1.08791e-38 3
-0.0574019 0.20338 0.677915 1.16174e-38 3
-0.0463686 0.202503 0.674993 1.15252e-38 3
-0.0358921 0.204264 0.680863 1.3645e-38 3
-0.0250125 0.204264 0.680863 1.2262e-38 3
-0.0147752 0.213548 0.711811 1.18932e-38 3
-0.00346397 0.217503 0.724993 1.19858e-38 3
0.0100811 0.270004 0.899991 1.17092e-38 3
0.0241843 0.266936 0.889764 1.30007e-38 3
0.0367324 0.25533 0.851078 1.38301e-38 3
0.0492611 0.249897 0.83297 1.27248e-38 3
0.0597127 0.238481 0.794916 1.47513e-38 3
0.0720492 0.237276 0.790901 1.29074e-38 3
0.0838403 0.234903 0.782992 1.21684e-38 3
0.0926461 0.225869 0.752877 1.02308e-38 3
0.11223 0.242168 0.807208 1.29052e-38 3
0.125129 0.242168 0.807208 1.35531e-38 3
0.140933 0.247267 0.824202 1.28148e-38 3
0.159129 0.25533 0.851078 1.18925e-38 3
0.186953 0.276357 0.921167 1.42903e-38 3
0.204073 0.279647 0.932133 1.32762e-38 3
0.213876 0.273143 0.910456 1.02305e-38 3
0.233863 0.279647 0.932133 1.18893e-38 3
0.253281 0.284731 0.949081 1.36432e-38 3
0.273418 0.290004 0.966657 1.27226e-38 3
0.288864 0.290004 0.966657 1.25393e-38 3
0.30431 0.290004 0.966657 1.33691e-38 3
0.315857 0.286467 0.954868 1.37371e-38 3
0.319429 0.276357 0.921167 1.2723e-38 3
0.308724 0.25533 0.851078 1.18018e-38 3
0.296538 0.234903 0.782992 1.2539e-38 3
0.286157 0.217503 0.724993 1.23557e-38 3
0.282071 0.206056 0.686835 1.22635e-38 3
0.291767 0.205156 0.683836 1.30925e-38 3
0.305361 0.206963 0.689861 1.1433e-38 3
0.319197 0.208803 0.695993 1.16174e-38 3
0.330318 0.208803 0.695993 1.30925e-38 3
0.347619 0.212582 0.70859 1.1894e-38 3
0.367251 0.217503 0.724993 1.26312e-38 3
0.37709 0.216501 0.721652 1.29074e-38 3
0.388621 0.216501 0.721652 1.28152e-38 3
0.403875 0.218515 0.728365 1.29081e-38 3
0.421394 0.221607 0.738672 1.13415e-38 3
0.459189 0.234903 0.782992 1.13415e-38 3
0.486289 0.242168 0.807208 1.29074e-38 3
0.504388 0.244691 0.815617 1.29074e-38 3
0.534112 0.252584 0.841927 1.10642e-38 3
0.547565 0.252584 0.841927 1.06954e-38 3
0.567117 0.25533 0.851078 1.03266e-38 3
0.58389 0.256725 0.855729 8.29833e-39 3
0.597563 0.256725 0.855729 9.31248e-39 3
0.57658 0.242168 0.807208 9.95785e-39 3
0.589478 0.242168 0.807208 1.07883e-38 3
0.608651 0.244691 0.815617 1.02352e-38 3
0.563868 0.208803 0.695993 1.03263e-38 3
0.57499 0.208803 0.695993 9.40432e-39 3
0.59672 0.212582 0.70859 9.21956e-39 3
0.633856 0.221607 0.738672 9.12737e-39 3
0.664465 0.228061 0.760186 8.75858e-39 3
0.686611 0.231432 0.771421 7.56004e-39 3
0.702398 0.232578 0.77524 8.11393e-39 3
0.718342 0.233735 0.779097 8.39052e-39 3
0.884874 0.283016 0.943364 6.73208e-39 3
0.922169 0.290004 0.966657 7.37709e-39 3
1.24522 0.372862 1.24284 6.91396e-39 3
1.28549 0.378876 1.26289 6.63701e-39 3
-0.611538 0.231229 0.731768 4.97928e-39 3
-0.616445 0.257724 0.815617 6.17711e-39 3
-0.609764 0.260437 0.824202 6.36222e-39 3
-0.612718 0.267476 0.846478 8.57491e-39 3
-0.406087 0.209674 0.663553 7.19198e-39 3
-0.374278 0.209674 0.663553 7.00687e-39 3
-0.348891 0.20115 0.636579 9.12737e-39 3
-0.335988 0.199528 0.631445 7.09906e-39 3
-0.325898 0.199528 0.631445 9.68054e-39 3
-0.310795 0.196361 0.621422 7.19198e-39 3
-0.300865 0.196361 0.621422 1.08798e-38 3
-0.330251 0.222896 0.705398 9.5887e-39 3
-0.318979 0.222896 0.705398 1.18018e-38 3
-0.306327 0.221897 0.702235 1.005e-38 3
-0.29913 0.224923 0.711811 1.10642e-38 3
-0.287756 0.224923 0.711811 1.18018e-38 3
-0.276382 0.224923 0.711811 1.24464e-38 3
-0.265008 0.224923 0.711811 1.13401e-38 3
-0.253634 0.224923 0.711811 1.21698e-38 3
-0.244482 0.226986 0.718341 1.30925e-38 3
-0.235161 0.229088 0.724993 1.0511e-38 3
-0.232175 0.237899 0.752877 1.0327e-38 3
-0.224461 0.242564 0.767639 1.24471e-38 3
-0.212195 0.242564 0.767639 1.06025e-38 3
-0.199929 0.242564 0.767639 1.15245e-38 3
-0.180581 0.23341 0.738672 1.19854e-38 3
-0.16264 0.224923 0.711811 1.17096e-38 3
-0.154067 0.229088 0.724993 1.33691e-38 3
-0.141825 0.228032 0.721652 9.49615e-39 3
-0.127359 0.222896 0.705398 1.09709e-38 3
-0.116613 0.223905 0.70859 1.32762e-38 3
-0.107231 0.228032 0.721652 1.2262e-38 3
-0.0948257 0.22595 0.715061 1.20783e-38 3
-0.0804603 0.217987 0.689861 1.01415e-38 3
-0.0679404 0.213289 0.674993 1.28152e-38 3
-0.056666 0.211466 0.669224 1.30925e-38 3
-0.0457767 0.210566 0.666376 1.27237e-38 3
-0.0351285 0.210566 0.666376 1.15245e-38 3
-0.0241717 0.207912 0.657977 1.45669e-38 3
-0.013432 0.204475 0.647101 1.14323e-38 3
-0.00334026 0.220906 0.6991 1.30921e-38 3
0.00797322 0.224923 0.711811 1.11557e-38 3
0.0231328 0.268929 0.851078 1.42903e-38 3
0.0367324 0.268929 0.851078 1.20783e-38 3
0.0492611 0.263207 0.83297 1.22627e-38 3
0.0606361 0.255067 0.807208 1.18939e-38 3
0.0720492 0.249914 0.790901 1.1801e-38 3
0.0838403 0.247415 0.782992 1.18918e-38 3
0.0935456 0.240209 0.760186 1.36414e-38 3
0.105693 0.240209 0.760186 1.25357e-38 3
0.11784 0.240209 0.760186 1.23546e-38 3
0.129987 0.240209 0.760186 1.04177e-38 3
0.143528 0.242564 0.767639 1.29067e-38 3
0.172728 0.268929 0.851078 1.38293e-38 3
0.188376 0.271885 0.860431 1.39215e-38 3
0.191597 0.257724 0.815617 1.27183e-38 3
0.20463 0.257724 0.815617 1.11496e-38 3
0.20287 0.240209 0.760186 9.58439e-39 3
0.273418 0.305451 0.966657 1.14308e-38 3
0.288864 0.305451 0.966657 1.13401e-38 3
0.30431 0.305451 0.966657 1.19861e-38 3
0.30471 0.291076 0.921167 1.28159e-38 3
0.256146 0.23341 0.738672 1.40145e-38 3
0.25588 0.222896 0.705398 1.29077e-38 3
0.264766 0.220906 0.6991 1.19869e-38 3
0.275937 0.220906 0.6991 1.16181e-38 3
0.279618 0.215143 0.680863 1.33698e-38 3
0.290498 0.215143 0.680863 1.35535e-38 3
0.304022 0.217031 0.686835 1.28159e-38 3
0.314997 0.217031 0.686835 1.08802e-38 3
0.325972 0.217031 0.686835 1.26315e-38 3
0.341439 0.219924 0.695993 1.30003e-38 3
0.36222 0.22595 0.715061 1.31847e-38 3
0.373646 0.22595 0.715061 1.20776e-38 3
0.383322 0.224923 0.711811 1.18932e-38 3
0.396499 0.22595 0.715061 1.21709e-38 3
0.433668 0.240209 0.760186 1.14337e-38 3
0.454643 0.244965 0.77524 1.254e-38 3
0.471701 0.247415 0.782992 1.23542e-38 3
0.499188 0.255067 0.807208 1.34609e-38 3
0.531256 0.264615 0.837425 1.34613e-38 3
0.547565 0.266038 0.841927 1.17096e-38 3
0.561019 0.266038 0.841927 1.1433e-38 3
0.577577 0.267476 0.846478 1.02344e-38 3
0.587925 0.266038 0.841927 1.00497e-38 3
0.53265 0.235633 0.745707 1.0327e-38 3
0.51513 0.222896 0.705398 9.58979e-39 3
0.495174 0.209674 0.663553 9.77418e-39 3
0.528157 0.218951 0.692913 9.95713e-39 3
0.541625 0.219924 0.695993 1.04181e-38 3
0.567891 0.22595 0.715061 1.08791e-38 3
0.563868 0.219924 0.695993 1.08791e-38 3
0.57499 0.219924 0.695993 1.02337e-38 3
0.59672 0.223905 0.70859 9.77274e-39 3
0.622117 0.229088 0.724993 1.00493e-38 3
0.645659 0.23341 0.738672 9.58834e-39 3
0.673343 0.239048 0.756514 9.77273e-39 3
0.692119 0.24138 0.763895 9.68126e-39 3
0.711264 0.243759 0.771421 8.6671e-39 3
0.864053 0.291076 0.921167 6.82392e-39 3
0.899948 0.29809 0.943364 7.00831e-39 3
0.949335 0.309269 0.97874 7.28417e-39 3
1.01882 0.321318 1.01687 6.91468e-39 3
1.17206 0.363846 1.15146 7.2831e-39 3
-0.56167 0.223113 0.672096 5.16367e-39 3
-0.427293 0.220277 0.663553 7.28309e-39 3
-0.403028 0.213055 0.641797 7.00759e-39 3
-0.392773 0.213055 0.641797 6.6388e-39 3
-0.392161 0.218426 0.657977 8.11393e-39 3
-0.381647 0.218426 0.657977 9.03517e-39 3
-0.359063 0.211322 0.636579 7.74444e-39 3
-0.346078 0.209618 0.631445 1.14323e-38 3
-0.330655 0.206291 0.621422 8.482e-39 3
-0.320725 0.206291 0.621422 7.376e-39 3
-0.308348 0.204667 0.616529 9.21956e-39 3
-0.296164 0.203068 0.611713 9.12737e-39 3
-0.32877 0.233118 0.702235 1.005e-38 3
-0.318979 0.234168 0.705398 1.00497e-38 3
-0.3091 0.235228 0.70859 1.12486e-38 3
-0.300496 0.237376 0.715061 1.12489e-38 3
-0.28907 0.237376 0.715061 1.1894e-38 3
-0.277644 0.237376 0.715061 1.25386e-38 3
-0.265008 0.236297 0.711811 1.25386e-38 3
-0.253634 0.236297 0.711811 1.26308e-38 3
-0.243366 0.237376 0.715061 1.1894e-38 3
-0.231939 0.237376 0.715061 1.32769e-38 3
-0.221525 0.238465 0.718341 1.06954e-38 3
-0.210046 0.238465 0.718341 1.0972e-38 3
-0.198568 0.238465 0.718341 9.68018e-39 3
-0.183718 0.234168 0.705398 1.08776e-38 3
-0.170907 0.232077 0.6991 1.39212e-38 3
-0.159736 0.232077 0.6991 1.26315e-38 3
-0.148565 0.232077 0.6991 1.19861e-38 3
-0.137393 0.232077 0.6991 1.06021e-38 3
-0.124554 0.22901 0.689861 1.27226e-38 3
-0.117678 0.237376 0.715061 1.17088e-38 3
-0.107728 0.240673 0.724993 1.28152e-38 3
-0.0952606 0.238465 0.718341 7.37601e-39 3
-0.0808164 0.230024 0.692913 1.38293e-38 3
-0.0685312 0.226023 0.680863 1.21698e-38 3
-0.0571545 0.224075 0.674993 1.24471e-38 3
-0.0457767 0.221214 0.666376 1.31847e-38 3
-0.0351285 0.221214 0.666376 1.3645e-38 3
-0.0241717 0.218426 0.657977 1.20776e-38 3
-0.013432 0.214815 0.647101 1.33684e-38 3
-0.00306646 0.213055 0.641797 1.33687e-38 3
0.00718897 0.213055 0.641797 1.28145e-38 3
0.0174444 0.213055 0.641797 1.46591e-38 3
0.0352019 0.270757 0.815617 1.40137e-38 3
0.0477375 0.267966 0.807208 1.31847e-38 3
0.0582347 0.257353 0.77524 1.26315e-38 3
0.0692511 0.252356 0.760186 1.41067e-38 3
0.0790946 0.245214 0.738672 1.2723e-38 3
0.0900485 0.242922 0.731768 1.42889e-38 3
0.1008 0.240673 0.724993 1.33666e-38 3
0.111353 0.238465 0.718341 1.33687e-38 3
0.122832 0.238465 0.718341 1.19851e-38 3
0.13431 0.238465 0.718341 1.29985e-38 3
0.145789 0.238465 0.718341 1.30918e-38 3
0.157268 0.238465 0.718341 1.39215e-38 3
0.168746 0.238465 0.718341 1.29956e-38 3
0.175397 0.232077 0.6991 1.12428e-38 3
0.186568 0.232077 0.6991 1.11517e-38 3
0.197739 0.232077 0.6991 1.29052e-38 3
0.207062 0.230024 0.692913 1.3184e-38 3
0.216221 0.228006 0.686835 1.35535e-38 3
0.227196 0.228006 0.686835 1.2539e-38 3
0.234064 0.224075 0.674993 1.16177e-38 3
0.230916 0.211322 0.636579 1.21713e-38 3
0.240112 0.210467 0.634002 1.21713e-38 3
0.259706 0.218426 0.657977 1.35542e-38 3
0.278408 0.225045 0.677915 1.19869e-38 3
0.289241 0.225045 0.677915 1.20783e-38 3
0.301378 0.226023 0.680863 1.16174e-38 3
0.310906 0.225045 0.677915 1.27237e-38 3
0.321738 0.225045 0.677915 1.28159e-38 3
0.332571 0.225045 0.677915 1.32769e-38 3
0.341923 0.224075 0.674993 1.29081e-38 3
0.352709 0.224075 0.674993 1.28152e-38 3
0.376477 0.232077 0.6991 1.29996e-38 3
0.39114 0.234168 0.705398 1.25393e-38 3
0.402412 0.234168 0.705398 1.19869e-38 3
0.425175 0.240673 0.724993 1.18947e-38 3
0.46703 0.257353 0.77524 1.20776e-38 3
0.479418 0.257353 0.77524 1.32765e-38 3
0.491806 0.257353 0.77524 1.33694e-38 3
0.536038 0.273607 0.824202 1.20794e-38 3
0.55505 0.276518 0.83297 1.20794e-38 3
0.568361 0.276518 0.83297 9.58978e-39 3
0.575548 0.273607 0.824202 1.0143e-38 3
0.486332 0.226023 0.680863 1.05107e-38 3
0.480499 0.218426 0.657977 9.68198e-39 3
0.544043 0.232077 0.6991 1.03252e-38 3
0.555215 0.232077 0.6991 1.0233e-38 3
0.561373 0.230024 0.692913 9.95641e-39 3
0.572446 0.230024 0.692913 1.04174e-38 3
0.59672 0.235228 0.70859 9.40395e-39 3
0.622117 0.240673 0.724993 9.40395e-39 3
0.645659 0.245214 0.738672 9.49615e-39 3
0.673343 0.251137 0.756514 9.31211e-39 3
0.692119 0.253587 0.763895 9.49687e-39 3
0.707778 0.25483 0.767639 9.03625e-39 3
0.81605 0.288807 0.869991 7.56148e-39 3
0.878772 0.305796 0.921167 7.46929e-39 3
0.949335 0.324908 0.97874 7.46821e-39 3
1.01882 0.337567 1.01687 7.09943e-39 3
1.03507 0.337567 1.01687 6.63845e-39 3
-0.55453 0.23088 0.663553 5.25695e-39 3
-0.437896 0.23088 0.663553 5.62321e-39 3
-0.403028 0.22331 0.641797 8.7593e-39 3
-0.392773 0.22331 0.641797 9.40467e-39 3
-0.373337 0.217951 0.626394 9.95713e-39 3
-0.360444 0.216221 0.621422 1.05103e-38 3
-0.350514 0.216221 0.621422 8.11322e-39 3
-0.340584 0.216221 0.621422 1.01415e-38 3
-0.328051 0.214518 0.616529 9.03517e-39 3
-0.318199 0.214518 0.616529 1.10635e-38 3
-0.305939 0.212842 0.611713 9.95784e-39 3
-0.293868 0.211192 0.606971 1.16174e-38 3
-0.284169 0.211192 0.606971 9.68126e-39 3
-0.320422 0.24655 0.70859 1.0972e-38 3
-0.310505 0.247671 0.711811 1.18007e-38 3
-0.301875 0.249943 0.718341 1.14323e-38 3
-0.290396 0.249943 0.718341 9.95784e-39 3
-0.280203 0.251095 0.721652 1.30003e-38 3
-0.266218 0.248802 0.715061 1.12479e-38 3
-0.254792 0.248802 0.715061 1.2262e-38 3
-0.244482 0.249943 0.718341 1.1801e-38 3
-0.226762 0.243248 0.6991 1.24464e-38 3
-0.213683 0.241096 0.692913 1.12486e-38 3
-0.195684 0.232853 0.669224 1.005e-38 3
-0.173151 0.217951 0.626394 1.05993e-38 3
-0.163142 0.217951 0.626394 1.35495e-38 3
-0.155622 0.221494 0.636579 1.30911e-38 3
-0.152909 0.232853 0.669224 1.18932e-38 3
-0.145958 0.238981 0.686835 1.19862e-38 3
-0.134983 0.238981 0.686835 1.24457e-38 3
-0.126222 0.243248 0.6991 1.30921e-38 3
-0.117678 0.248802 0.715061 1.08791e-38 3
-0.107728 0.252258 0.724993 1.30918e-38 3
-0.0961427 0.252258 0.724993 1.38293e-38 3
-0.0808164 0.241096 0.692913 1.25397e-38 3
-0.0685312 0.236903 0.680863 1.29085e-38 3
-0.0581572 0.238981 0.686835 1.34613e-38 3
-0.0467718 0.236903 0.680863 1.2723e-38 3
-0.0358921 0.236903 0.680863 1.25386e-38 3
-0.0239703 0.227032 0.652493 1.17096e-38 3
-0.0133767 0.224229 0.644438 1.28159e-38 3
-0.00304153 0.221494 0.636579 1.36453e-38 3
0.00690594 0.214518 0.616529 1.38293e-38 3
0.0167576 0.214518 0.616529 1.44747e-38 3
0.0266093 0.214518 0.616529 1.39215e-38 3
0.036461 0.214518 0.616529 1.30003e-38 3
0.0511453 0.236903 0.680863 1.29092e-38 3
0.0631227 0.241096 0.692913 1.40145e-38 3
0.074195 0.241096 0.692913 1.21705e-38 3
0.0845192 0.238981 0.686835 1.30918e-38 3
0.0954944 0.238981 0.686835 1.40144e-38 3
0.106469 0.238981 0.686835 1.27237e-38 3
0.117445 0.238981 0.686835 1.25393e-38 3
0.127303 0.236903 0.680863 1.33691e-38 3
0.138183 0.236903 0.680863 1.29081e-38 3
0.149062 0.236903 0.680863 1.42903e-38 3
0.152011 0.225156 0.647101 1.29067e-38 3
0.159711 0.221494 0.636579 1.3551e-38 3
0.172691 0.225156 0.647101 1.33662e-38 3
0.180055 0.221494 0.636579 1.47499e-38 3
0.191787 0.22331 0.641797 1.41052e-38 3
0.2004 0.221494 0.636579 1.59498e-38 3
0.207202 0.217951 0.626394 1.40145e-38 3
0.217212 0.217951 0.626394 1.31847e-38 3
0.229054 0.219708 0.631445 1.40152e-38 3
0.239144 0.219708 0.631445 1.45684e-38 3
0.259706 0.22894 0.657977 1.3923e-38 3
0.277208 0.234861 0.674993 1.38308e-38 3
0.289241 0.235877 0.677915 1.28159e-38 3
0.300073 0.235877 0.677915 1.21698e-38 3
0.310906 0.235877 0.677915 1.24471e-38 3
0.320352 0.234861 0.674993 1.19872e-38 3
0.331137 0.234861 0.674993 1.19861e-38 3
0.336128 0.23088 0.663553 1.32772e-38 3
0.343817 0.22894 0.657977 1.30918e-38 3
0.354331 0.22894 0.657977 1.35535e-38 3
0.364845 0.22894 0.657977 1.1894e-38 3
0.372231 0.227032 0.652493 1.08805e-38 3
0.385873 0.22894 0.657977 1.22635e-38 3
0.417434 0.241096 0.692913 1.18936e-38 3
0.452535 0.254615 0.731768 1.15248e-38 3
0.464228 0.254615 0.731768 1.15252e-38 3
0.471514 0.252258 0.724993 1.14341e-38 3
0.549208 0.286777 0.824202 1.14337e-38 3
0.562378 0.286777 0.824202 1.10642e-38 3
0.471354 0.234861 0.674993 1.17092e-38 3
0.469985 0.22894 0.657977 1.12493e-38 3
0.539229 0.241096 0.692913 1.02337e-38 3
0.543092 0.237937 0.683836 1.06018e-38 3
0.55161 0.236903 0.680863 9.40252e-39 3
0.577557 0.243248 0.6991 8.57419e-39 3
0.599432 0.247671 0.711811 7.37565e-39 3
0.625011 0.253431 0.728365 8.85078e-39 3
0.654927 0.260706 0.749275 8.57419e-39 3
0.676612 0.264503 0.760186 7.56039e-39 3
0.698938 0.268412 0.771421 8.29833e-39 3
0.744261 0.280864 0.807208 8.75931e-39 3
0.765047 0.28379 0.815617 8.02138e-39 3
0.77808 0.28379 0.815617 7.92847e-39 3
0.843854 0.302709 0.869991 8.20506e-39 3
1.00257 0.353816 1.01687 7.92883e-39 3
1.01882 0.353816 1.01687 7.19198e-39 3
1.03507 0.353816 1.01687 7.19198e-39 3
-0.54987 0.239454 0.657977 5.90124e-39 3
-0.416708 0.229798 0.631445 8.29797e-39 3
-0.413284 0.233565 0.641797 1.07883e-38 3
-0.387161 0.22437 0.616529 9.86565e-39 3
-0.374362 0.222617 0.611713 7.4682e-39 3
-0.364587 0.222617 0.611713 9.68054e-39 3
-0.354812 0.222617 0.611713 9.31176e-39 3
-0.345038 0.222617 0.611713 9.77238e-39 3
-0.335263 0.222617 0.611713 1.00493e-38 3
-0.325488 0.222617 0.611713 1.11557e-38 3
-0.315713 0.222617 0.611713 1.08791e-38 3
-0.303567 0.220891 0.606971 1.10642e-38 3
-0.289382 0.217519 0.597704 1.17096e-38 3
-0.277711 0.215871 0.593176 8.94333e-39 3
-0.249343 0.200669 0.551403 1.23546e-38 3
-0.239688 0.199965 0.549468 1.2446e-38 3
-0.231721 0.200669 0.551403 1.00493e-38 3
-0.291734 0.262627 0.721652 1.13408e-38 3
-0.285465 0.267559 0.735204 1.19861e-38 3
-0.260275 0.25442 0.6991 1.06029e-38 3
-0.2469 0.252168 0.692913 1.29077e-38 3
-0.235828 0.252168 0.692913 1.29077e-38 3
-0.222784 0.249956 0.686835 1.21702e-38 3
-0.206378 0.243547 0.669224 1.24457e-38 3
-0.181707 0.226151 0.621422 1.22606e-38 3
-0.16522 0.217519 0.597704 1.12435e-38 3
-0.15567 0.217519 0.597704 1.37332e-38 3
-0.150721 0.22437 0.616529 1.0233e-38 3
-0.14545 0.231667 0.636579 1.19858e-38 3
-0.142216 0.243547 0.669224 1.19862e-38 3
-0.134983 0.249956 0.686835 1.49357e-38 3
-0.124008 0.249956 0.686835 1.30921e-38 3
-0.113033 0.249956 0.686835 1.32762e-38 3
-0.108229 0.26507 0.728365 1.3184e-38 3
-0.0902905 0.247782 0.680863 1.35528e-38 3
-0.0794109 0.247782 0.680863 1.26315e-38 3
-0.0679404 0.245646 0.674993 1.23553e-38 3
-0.0571545 0.245646 0.674993 1.33687e-38 3
-0.0459723 0.243547 0.669224 1.25386e-38 3
-0.0352786 0.243547 0.669224 1.37379e-38 3
-0.0239703 0.237458 0.652493 1.26308e-38 3
-0.0133767 0.234527 0.644438 1.30925e-38 3
-0.00305395 0.232612 0.639177 1.41988e-38 3
0.00679887 0.220891 0.606971 1.36457e-38 3
0.0163709 0.219192 0.602302 1.34613e-38 3
0.0259952 0.219192 0.602302 1.56733e-38 3
0.0356196 0.219192 0.602302 1.41059e-38 3
0.0463126 0.22437 0.616529 1.39223e-38 3
0.0584661 0.233565 0.641797 1.49364e-38 3
0.0687216 0.233565 0.641797 1.25393e-38 3
0.078977 0.233565 0.641797 1.34609e-38 3
0.088507 0.231667 0.636579 1.22627e-38 3
0.098679 0.231667 0.636579 1.35535e-38 3
0.108851 0.231667 0.636579 1.24471e-38 3
0.117119 0.22796 0.626394 1.34613e-38 3
0.126119 0.226151 0.621422 1.36467e-38 3
0.136049 0.226151 0.621422 1.44758e-38 3
0.143698 0.222617 0.611713 1.32765e-38 3
0.153473 0.222617 0.611713 1.36453e-38 3
0.163247 0.222617 0.611713 1.41978e-38 3
0.173022 0.222617 0.611713 1.38293e-38 3
0.182797 0.222617 0.611713 1.53045e-38 3
0.192571 0.222617 0.611713 1.41067e-38 3
0.202346 0.222617 0.611713 1.33691e-38 3
0.208057 0.218352 0.599994 1.36457e-38 3
0.221032 0.221751 0.609332 1.22635e-38 3
0.229874 0.220891 0.606971 1.41996e-38 3
0.250243 0.230729 0.634002 1.4752e-38 3
0.262499 0.232612 0.639177 1.41067e-38 3
0.286758 0.244592 0.672096 1.30925e-38 3
0.300073 0.24671 0.677915 1.21705e-38 3
0.316262 0.242511 0.666376 1.25404e-38 3
0.324151 0.240464 0.660753 1.1894e-38 3
0.322464 0.231667 0.636579 1.26315e-38 3
0.327314 0.22796 0.626394 1.30918e-38 3
0.337323 0.22796 0.626394 1.24471e-38 3
0.341863 0.22437 0.616529 1.16174e-38 3
0.351715 0.22437 0.616529 1.22635e-38 3
0.361566 0.22437 0.616529 1.13415e-38 3
0.377361 0.22796 0.626394 1.1894e-38 3
0.393669 0.231667 0.636579 1.19861e-38 3
0.403841 0.231667 0.636579 1.21709e-38 3
0.431556 0.241483 0.663553 1.11575e-38 3
0.414085 0.226151 0.621422 1.16184e-38 3
0.41739 0.222617 0.611713 1.0972e-38 3
0.420593 0.219192 0.602302 1.08794e-38 3
0.426933 0.217519 0.597704 1.02352e-38 3
0.534499 0.249956 0.686835 1.02344e-38 3
0.540731 0.247782 0.680863 1.07865e-38 3
0.55161 0.247782 0.680863 1.04174e-38 3
0.585397 0.257873 0.70859 9.49615e-39 3
0.602169 0.260228 0.715061 9.77274e-39 3
0.627932 0.266308 0.731768 9.31176e-39 3
0.670979 0.279363 0.767639 1.06025e-38 3
0.683245 0.279363 0.767639 1.02337e-38 3
0.698938 0.280739 0.771421 9.12809e-39 3
0.714786 0.282129 0.77524 7.92954e-39 3
0.765047 0.296823 0.815617 8.94334e-39 3
0.77808 0.296823 0.815617 1.01412e-38 3
-0.416708 0.239888 0.631445 9.58978e-39 3
-0.406618 0.239888 0.631445 7.1005e-39 3
-0.384136 0.232392 0.611713 1.06947e-38 3
-0.374362 0.232392 0.611713 7.09906e-39 3
-0.364587 0.232392 0.611713 1.00493e-38 3
-0.354812 0.232392 0.611713 9.86565e-39 3
-0.345038 0.232392 0.611713 1.04185e-38 3
-0.332664 0.23059 0.606971 1.06032e-38 3
-0.322965 0.23059 0.606971 1.04188e-38 3
-0.313266 0.23059 0.606971 1.03266e-38 3
-0.296668 0.22535 0.593176 1.10642e-38 3
-0.282903 0.221986 0.584322 1.07872e-38 3
-0.265636 0.215552 0.567386 1.16166e-38 3
-0.248468 0.208745 0.549468 1.14319e-38 3
-0.237191 0.20657 0.543745 1.11553e-38 3
-0.228502 0.20657 0.543745 1.04185e-38 3
-0.222128 0.208745 0.549468 1.18936e-38 3
-0.214855 0.21022 0.553351 1.15252e-38 3
-0.238459 0.254241 0.669224 1.24471e-38 3
-0.227765 0.254241 0.669224 1.15252e-38 3
-0.213423 0.249968 0.657977 1.29081e-38 3
-0.18574 0.228817 0.602302 1.09706e-38 3
-0.173447 0.22535 0.593176 7.55788e-39 3
-0.162736 0.223655 0.588716 1.12421e-38 3
-0.153329 0.223655 0.588716 1.22588e-38 3
-0.146119 0.22707 0.597704 1.09713e-38 3
-0.139769 0.232392 0.611713 1.30003e-38 3
-0.135278 0.241839 0.636579 1.12497e-38 3
-0.134983 0.260931 0.686835 1.23542e-38 3
-0.124008 0.260931 0.686835 1.27237e-38 3
-0.113033 0.260931 0.686835 1.19862e-38 3
-0.10117 0.258662 0.680863 1.22627e-38 3
-0.0895122 0.256432 0.674993 1.32769e-38 3
-0.0787263 0.256432 0.674993 1.23553e-38 3
-0.0673597 0.254241 0.669224 1.43825e-38 3
-0.0561858 0.252086 0.663553 1.30918e-38 3
-0.044823 0.247885 0.652493 1.27226e-38 3
-0.0343966 0.247885 0.652493 1.34602e-38 3
-0.0238708 0.246856 0.649786 1.47499e-38 3
-0.0133219 0.243821 0.641797 1.48417e-38 3
-0.00304153 0.241839 0.636579 1.32765e-38 3
0.00669507 0.22707 0.597704 1.25404e-38 3
0.0161229 0.22535 0.593176 1.3646e-38 3
0.0256014 0.22535 0.593176 1.38297e-38 3
0.0350799 0.22535 0.593176 1.40134e-38 3
0.0452439 0.228817 0.602302 1.41063e-38 3
0.0561643 0.234222 0.616529 1.20776e-38 3
0.0670722 0.237969 0.626394 1.30003e-38 3
0.0770816 0.237969 0.626394 1.30003e-38 3
0.0870909 0.237969 0.626394 1.10653e-38 3
0.0971002 0.237969 0.626394 1.3278e-38 3
0.105423 0.234222 0.616529 1.26322e-38 3
0.114374 0.232392 0.611713 1.31858e-38 3
0.123186 0.23059 0.606971 1.31858e-38 3
0.130856 0.22707 0.597704 1.38308e-38 3
0.139343 0.22535 0.593176 1.33698e-38 3
0.147703 0.223655 0.588716 1.41999e-38 3
0.15711 0.223655 0.588716 1.44754e-38 3
0.166517 0.223655 0.588716 1.39223e-38 3
0.177257 0.22535 0.593176 1.44758e-38 3
0.187446 0.226206 0.595431 1.5213e-38 3
0.196961 0.226206 0.595431 1.32765e-38 3
0.206475 0.226206 0.595431 1.46598e-38 3
0.218482 0.228817 0.602302 1.40152e-38 3
0.227232 0.22794 0.599994 1.35542e-38 3
0.238648 0.2297 0.604627 1.40145e-38 3
0.250242 0.231488 0.609332 1.53052e-38 3
0.271604 0.241839 0.636579 1.24471e-38 3
0.257684 0.221161 0.58215 1.26326e-38 3
0.294341 0.243821 0.641797 1.23557e-38 3
0.304597 0.243821 0.641797 1.3001e-38 3
0.313567 0.242826 0.639177 1.35535e-38 3
0.317305 0.237969 0.626394 1.28159e-38 3
0.327314 0.237969 0.626394 1.3184e-38 3
0.329417 0.232392 0.611713 1.1894e-38 3
0.339192 0.232392 0.611713 1.30925e-38 3
0.346262 0.23059 0.606971 1.20791e-38 3
0.355961 0.23059 0.606971 1.18032e-38 3
0.368516 0.232392 0.611713 1.20794e-38 3
0.38737 0.237969 0.626394 1.26315e-38 3
0.400584 0.239888 0.631445 1.24482e-38 3
0.414013 0.241839 0.636579 1.27248e-38 3
0.424185 0.241839 0.636579 1.13419e-38 3
0.430854 0.239888 0.631445 1.15252e-38 3
0.420593 0.228817 0.602302 1.04188e-38 3
0.418938 0.222818 0.586511 1.06965e-38 3
0.532165 0.259792 0.683836 9.68126e-39 3
0.531487 0.254241 0.669224 9.95713e-39 3
0.542181 0.254241 0.669224 1.02337e-38 3
0.58276 0.267983 0.705398 1.03266e-38 3
0.594032 0.267983 0.705398 9.49651e-39 3
0.622117 0.275427 0.724993 8.57491e-39 3
0.605662 0.26324 0.692913 8.11393e-39 3
0.716588 0.300466 0.790901 8.94369e-39 3
0.77808 0.309856 0.815617 9.03482e-39 3
0.825509 0.323328 0.851078 7.92847e-39 3
0.919024 0.354121 0.932133 8.75823e-39 3
-0.387161 0.244073 0.616529 1.14319e-38 3
-0.374362 0.242167 0.611713 9.58835e-39 3
-0.364587 0.242167 0.611713 9.58906e-39 3
-0.354812 0.242167 0.611713 1.1894e-38 3
-0.345038 0.242167 0.611713 1.04188e-38 3
-0.332664 0.240289 0.606971 1.03266e-38 3
-0.322965 0.240289 0.606971 9.22063e-39 3
-0.310856 0.238441 0.602302 1.06032e-38 3
-0.296668 0.234828 0.593176 1.04192e-38 3
-0.274703 0.224618 0.567386 1.34613e-38 3
-0.258154 0.218291 0.551403 1.22617e-38 3
-0.248468 0.217525 0.549468 1.07854e-38 3
-0.23885 0.216764 0.547547 9.2192e-39 3
-0.229299 0.216009 0.545639 1.10638e-38 3
-0.221351 0.216764 0.547547 1.13408e-38 3
-0.213347 0.217525 0.549468 1.16177e-38 3
-0.204567 0.217525 0.549468 1.19861e-38 3
-0.199283 0.221409 0.55928 1.28159e-38 3
-0.187666 0.218291 0.551403 1.19861e-38 3
-0.178855 0.218291 0.551403 1.40145e-38 3
-0.177546 0.227921 0.575729 1.21698e-38 3
-0.169593 0.22961 0.579994 1.14305e-38 3
-0.160325 0.22961 0.579994 1.27183e-38 3
-0.152184 0.231323 0.584322 1.15227e-38 3
-0.143921 0.233062 0.588716 1.16166e-38 3
-0.137618 0.238441 0.602302 1.04188e-38 3
-0.135278 0.252011 0.636579 1.36467e-38 3
-0.134983 0.271906 0.686835 1.23549e-38 3
-0.124008 0.271906 0.686835 1.19861e-38 3
-0.11205 0.269542 0.680863 1.32769e-38 3
-0.100298 0.267218 0.674993 1.40141e-38 3
-0.0887471 0.264934 0.669224 1.28159e-38 3
-0.0773919 0.262689 0.663553 1.46591e-38 3
-0.0651329 0.256176 0.647101 1.2723e-38 3
-0.0539018 0.252011 0.636579 1.2723e-38 3
-0.0413751 0.238441 0.602302 1.36446e-38 3
-0.0315084 0.236621 0.597704 1.42885e-38 3
-0.0214659 0.231323 0.584322 1.38254e-38 3
-0.0121289 0.231323 0.584322 1.41012e-38 3
-0.00279186 0.231323 0.584322 1.24453e-38 3
0.00654518 0.231323 0.584322 1.27237e-38 3
0.0158822 0.231323 0.584322 1.33694e-38 3
0.0254089 0.233062 0.588716 1.44751e-38 3
0.0348161 0.233062 0.588716 1.54885e-38 3
0.0445584 0.234828 0.593176 1.32765e-38 3
0.0548682 0.238441 0.602302 1.32762e-38 3
0.0655002 0.242167 0.611713 1.39223e-38 3
0.0758677 0.244073 0.616529 1.50297e-38 3
0.0850497 0.242167 0.611713 1.15262e-38 3
0.0948244 0.242167 0.611713 1.25404e-38 3
0.104599 0.242167 0.611713 1.2817e-38 3
0.113487 0.240289 0.606971 1.40155e-38 3
0.121305 0.236621 0.597704 1.39223e-38 3
0.127927 0.231323 0.584322 1.3923e-38 3
0.133285 0.224618 0.567386 1.37386e-38 3
0.140318 0.221409 0.55928 1.36467e-38 3
0.148196 0.219839 0.555314 1.44765e-38 3
0.15707 0.219839 0.555314 1.2817e-38 3
0.168331 0.223002 0.563304 1.30014e-38 3
0.182586 0.22961 0.579994 1.37389e-38 3
0.19401 0.23219 0.586511 1.41063e-38 3
0.204146 0.233062 0.588716 1.42907e-38 3
0.215171 0.234828 0.593176 1.46605e-38 3
0.225504 0.235721 0.595431 1.44765e-38 3
0.23682 0.237527 0.599994 1.40141e-38 3
0.246407 0.237527 0.599994 1.40141e-38 3
0.256979 0.238441 0.602302 1.33691e-38 3
0.256729 0.22961 0.579994 1.2356e-38 3
0.280544 0.242167 0.611713 1.25404e-38 3
0.294927 0.24601 0.621422 1.18025e-38 3
0.304857 0.24601 0.621422 1.19861e-38 3
0.314787 0.24601 0.621422 1.29081e-38 3
0.319643 0.242167 0.611713 1.37371e-38 3
0.329417 0.242167 0.611713 1.41992e-38 3
0.336563 0.240289 0.606971 1.33691e-38 3
0.340975 0.236621 0.597704 1.33698e-38 3
0.350526 0.236621 0.597704 1.10656e-38 3
0.360077 0.236621 0.597704 1.18947e-38 3
0.378291 0.242167 0.611713 1.24471e-38 3
0.400584 0.249978 0.631445 1.23564e-38 3
0.414013 0.252011 0.636579 1.24482e-38 3
0.420764 0.249978 0.631445 1.2356e-38 3
0.424015 0.24601 0.621422 1.24471e-38 3
0.430528 0.244073 0.616529 1.22627e-38 3
0.395252 0.219062 0.553351 1.16177e-38 3
0.404095 0.219062 0.553351 1.02355e-38 3
0.408605 0.216764 0.547547 1.03273e-38 3
0.420294 0.218291 0.551403 1.09727e-38 3
0.452352 0.216764 0.547547 1.07876e-38 3
0.461102 0.216764 0.547547 9.31212e-39 3
0.476933 0.216009 0.545639 9.6809e-39 3
-0.374362 0.251941 0.611713 1.28148e-38 3
-0.364587 0.251941 0.611713 1.02341e-38 3
-0.354812 0.251941 0.611713 1.04188e-38 3
-0.345038 0.251941 0.611713 1.06954e-38 3
-0.330105 0.248065 0.602302 1.18014e-38 3
-0.322965 0.249988 0.606971 1.04192e-38 3
-0.296668 0.244307 0.593176 1.13401e-38 3
-0.263257 0.223948 0.543745 1.26308e-38 3
-0.251081 0.22088 0.536296 1.10635e-38 3
-0.242511 0.22088 0.536296 1.08787e-38 3
-0.23885 0.225514 0.547547 9.86457e-39 3
-0.2301 0.225514 0.547547 1.08794e-38 3
-0.221351 0.225514 0.547547 1.1617e-38 3
-0.215617 0.228713 0.555314 1.19865e-38 3
-0.205288 0.227102 0.551403 1.15252e-38 3
-0.192412 0.222403 0.539995 1.41066e-38 3
-0.183783 0.222403 0.539995 1.17096e-38 3
-0.172771 0.219377 0.532648 1.40145e-38 3
-0.16426 0.219377 0.532648 1.20776e-38 3
-0.157897 0.222403 0.539995 1.20762e-38 3
-0.151356 0.225514 0.547547 1.29974e-38 3
-0.143611 0.227102 0.551403 1.33684e-38 3
-0.137709 0.232003 0.563304 1.17088e-38 3
-0.128708 0.232003 0.563304 1.19854e-38 3
-0.129994 0.251941 0.611713 1.21705e-38 3
-0.137393 0.287933 0.6991 1.12486e-38 3
-0.126222 0.287933 0.6991 1.29092e-38 3
-0.11205 0.280421 0.680863 1.3001e-38 3
-0.100298 0.278004 0.674993 1.33691e-38 3
-0.0887471 0.275628 0.669224 1.34606e-38 3
-0.0773919 0.273292 0.663553 1.27241e-38 3
-0.0640739 0.262183 0.636579 1.41063e-38 3
-0.0522041 0.253925 0.616529 1.50279e-38 3
-0.0407482 0.244307 0.593176 1.25382e-38 3
-0.0275173 0.21499 0.521995 1.48406e-38 3
-0.0191762 0.21499 0.521995 1.77833e-38 3
-0.011132 0.22088 0.536296 1.47398e-38 3
-0.0026722 0.230346 0.55928 1.32733e-38 3
0.00635546 0.233685 0.567386 1.36457e-38 3
0.0156487 0.237121 0.575729 1.27248e-38 3
0.0250324 0.238878 0.579994 1.33702e-38 3
0.0343003 0.238878 0.579994 1.19858e-38 3
0.0432478 0.237121 0.575729 1.36446e-38 3
0.0516874 0.233685 0.567386 1.36457e-38 3
0.0616473 0.237121 0.575729 1.44762e-38 3
0.0724451 0.24247 0.588716 1.38301e-38 3
0.083102 0.246172 0.597704 1.30014e-38 3
0.0948244 0.251941 0.611713 1.3924e-38 3
0.104599 0.251941 0.611713 1.30936e-38 3
0.111755 0.246172 0.597704 1.33702e-38 3
0.117711 0.238878 0.579994 1.29077e-38 3
0.121576 0.228713 0.555314 1.26326e-38 3
0.128625 0.225514 0.547547 1.29095e-38 3
0.13642 0.223948 0.543745 1.31854e-38 3
0.141187 0.217895 0.529049 1.62282e-38 3
0.153797 0.223948 0.543745 1.35549e-38 3
0.159713 0.220126 0.534466 1.33702e-38 3
0.172372 0.225514 0.547547 1.34613e-38 3
0.187683 0.233685 0.567386 1.2539e-38 3
0.201122 0.238878 0.579994 1.41067e-38 3
0.21196 0.24066 0.584322 1.52137e-38 3
0.225504 0.245236 0.595431 1.41999e-38 3
0.235916 0.246172 0.597704 1.52134e-38 3
0.245467 0.246172 0.597704 1.38311e-38 3
0.255017 0.246172 0.597704 1.37389e-38 3
0.243217 0.226305 0.549468 1.41081e-38 3
0.280544 0.251941 0.611713 1.24486e-38 3
0.294927 0.25594 0.621422 1.26326e-38 3
0.304857 0.25594 0.621422 1.26319e-38 3
0.314787 0.25594 0.621422 1.40137e-38 3
0.319643 0.251941 0.611713 1.36457e-38 3
0.326864 0.249988 0.606971 1.40145e-38 3
0.331424 0.246172 0.597704 1.40145e-38 3
0.335848 0.24247 0.588716 1.30003e-38 3
0.327992 0.230346 0.55928 1.07887e-38 3
0.33454 0.228713 0.555314 1.18954e-38 3
0.343413 0.228713 0.555314 1.04203e-38 3
0.352287 0.228713 0.555314 1.36471e-38 3
0.410674 0.260068 0.631445 1.27248e-38 3
0.414085 0.25594 0.621422 1.24482e-38 3
0.414154 0.249988 0.606971 1.30003e-38 3
0.411106 0.24247 0.588716 1.30925e-38 3
0.391106 0.225514 0.547547 1.24468e-38 3
0.399856 0.225514 0.547547 1.05121e-38 3
0.401584 0.221639 0.538139 9.95928e-39 3
0.410184 0.221639 0.538139 1.03273e-38 3
0.441545 0.220126 0.534466 1.03266e-38 3
0.456315 0.223173 0.541863 8.94442e-39 3
0.466588 0.223948 0.543745 9.77346e-39 3
0.475277 0.223948 0.543745 8.29833e-39 3
0.482291 0.223173 0.541863 9.49615e-39 3
-0.259651 0.22945 0.536296 1.28152e-38 3
-0.244386 0.223331 0.521995 1.15241e-38 3
-0.236044 0.223331 0.521995 1.10631e-38 3
-0.23078 0.226349 0.529049 1.10635e-38 3
-0.223839 0.227889 0.532648 1.08791e-38 3
-0.216803 0.22945 0.536296 1.15248e-38 3
-0.208233 0.22945 0.536296 1.25393e-38 3
-0.198305 0.227889 0.532648 1.24475e-38 3
-0.185998 0.223331 0.521995 1.24471e-38 3
-0.171926 0.216127 0.505156 1.16174e-38 3
-0.163854 0.216127 0.505156 1.27237e-38 3
-0.152824 0.212023 0.495565 1.12486e-38 3
-0.144905 0.212023 0.495565 1.28155e-38 3
-0.138743 0.214741 0.501918 1.21691e-38 3
-0.130723 0.214741 0.501918 1.28155e-38 3
-0.120387 0.21069 0.492448 1.1801e-38 3
-0.111815 0.209373 0.48937 1.38293e-38 3
-0.104649 0.21069 0.492448 1.16174e-38 3
-0.0961754 0.209373 0.48937 1.27237e-38 3
-0.12293 0.291301 0.680863 1.39233e-38 3
-0.110135 0.286322 0.669224 1.33702e-38 3
-0.0994408 0.286322 0.669224 1.46605e-38 3
-0.0837372 0.270158 0.631445 1.23549e-38 3
-0.0742459 0.272355 0.636579 1.4568e-38 3
-0.0635571 0.270158 0.631445 1.4752e-38 3
-0.0502267 0.253785 0.593176 1.21702e-38 3
-0.0336173 0.209373 0.48937 1.29999e-38 3
-0.0257975 0.209373 0.48937 1.48395e-38 3
-0.0180908 0.21069 0.492448 1.8795e-38 3
-0.0104856 0.216127 0.505156 2.01761e-38 3
-0.0024136 0.216127 0.505156 1.57615e-38 3
0.00613325 0.234263 0.547547 1.21705e-38 3
0.0153109 0.241005 0.563304 1.53985e-38 3
0.0244883 0.242751 0.567386 1.34624e-38 3
0.0335547 0.242751 0.567386 1.41066e-38 3
0.0423144 0.241005 0.563304 1.37379e-38 3
0.0505877 0.237586 0.555314 1.49368e-38 3
0.0582224 0.232636 0.543745 1.30014e-38 3
0.0669111 0.232636 0.543745 1.53063e-38 3
0.0761284 0.234263 0.547547 1.26326e-38 3
0.0866966 0.239283 0.55928 1.36467e-38 3
0.0956334 0.239283 0.55928 1.40155e-38 3
0.102377 0.234263 0.547547 1.31847e-38 3
0.106651 0.22483 0.525498 1.31847e-38 3
0.115048 0.22483 0.525498 1.37389e-38 3
0.123445 0.22483 0.525498 1.52141e-38 3
0.135014 0.230238 0.538139 1.48442e-38 3
0.140239 0.22483 0.525498 1.39223e-38 3
0.149137 0.225587 0.527267 1.5307e-38 3
0.155987 0.223331 0.521995 1.59524e-38 3
0.16883 0.22945 0.536296 1.30014e-38 3
0.179863 0.232636 0.543745 1.48449e-38 3
0.19675 0.242751 0.567386 1.44762e-38 3
0.21039 0.248145 0.579994 1.52141e-38 3
0.221297 0.249997 0.584322 1.30936e-38 3
0.234129 0.253785 0.593176 1.44765e-38 3
0.245467 0.255722 0.597704 1.45687e-38 3
0.256979 0.25769 0.602302 1.34627e-38 3
0.272901 0.263777 0.616529 1.39237e-38 3
0.289594 0.270158 0.631445 1.32794e-38 3
0.307114 0.276856 0.647101 1.16188e-38 3
0.307296 0.267997 0.626394 1.2817e-38 3
0.314787 0.26587 0.621422 1.34616e-38 3
0.319643 0.261716 0.611713 1.26322e-38 3
0.319435 0.253785 0.593176 1.23556e-38 3
0.326441 0.251877 0.588716 1.33694e-38 3
0.310193 0.232636 0.543745 1.30007e-38 3
0.308181 0.22483 0.525498 1.27252e-38 3
0.303345 0.215432 0.503532 1.16188e-38 3
0.307436 0.212696 0.497138 1.1895e-38 3
0.307569 0.207428 0.484825 1.22642e-38 3
0.314343 0.206788 0.483328 1.11575e-38 3
0.312424 0.200597 0.468858 1.26322e-38 3
0.344683 0.216127 0.505156 1.35531e-38 3
0.377083 0.231032 0.539995 1.24471e-38 3
0.393861 0.235913 0.551403 1.21702e-38 3
0.398463 0.233447 0.545639 1.12497e-38 3
0.397487 0.227889 0.532648 1.15266e-38 3
0.404622 0.227116 0.530842 1.12493e-38 3
0.407578 0.224078 0.523741 1.19872e-38 3
0.41456 0.223331 0.521995 1.14341e-38 3
0.420101 0.221852 0.518538 1.07887e-38 3
0.435598 0.225587 0.527267 9.3132e-39 3
0.453179 0.230238 0.538139 8.39124e-39 3
0.466588 0.232636 0.543745 9.3132e-39 3
0.475277 0.232636 0.543745 1.06032e-38 3
0.480628 0.231032 0.539995 9.40467e-39 3
-0.272622 0.214511 0.483328 1.04192e-38 3
-0.257176 0.214511 0.483328 1.06958e-38 3
-0.251027 0.222762 0.501918 1.10635e-38 3
-0.243006 0.222762 0.501918 1.10635e-38 3
-0.234986 0.222762 0.501918 1.11553e-38 3
-0.229913 0.225655 0.508436 1.07865e-38 3
-0.226195 0.230138 0.518538 1.16166e-38 3
-0.21791 0.230138 0.518538 1.02344e-38 3
-0.204214 0.224199 0.505156 1.14333e-38 3
-0.196142 0.224199 0.505156 1.27248e-38 3
-0.18807 0.224199 0.505156 1.08798e-38 3
-0.17547 0.218558 0.492448 1.16174e-38 3
-0.166553 0.217193 0.48937 1.1894e-38 3
-0.158734 0.217193 0.48937 1.18018e-38 3
-0.150914 0.217193 0.48937 1.39223e-38 3
-0.143094 0.217193 0.48937 1.21705e-38 3
-0.135274 0.217193 0.48937 1.36453e-38 3
-0.126663 0.215843 0.48633 1.22617e-38 3
-0.118158 0.214511 0.483328 1.25386e-38 3
-0.11112 0.215843 0.48633 1.33687e-38 3
-0.103349 0.215843 0.48633 1.16177e-38 3
-0.0961754 0.217193 0.48937 1.33694e-38 3
-0.0883556 0.217193 0.48937 1.30017e-38 3
-0.0815553 0.219942 0.495565 1.44765e-38 3
-0.0741056 0.221343 0.498721 1.31858e-38 3
-0.0640951 0.214511 0.483328 1.53066e-38 3
-0.0563719 0.214511 0.483328 1.34613e-38 3
-0.0489508 0.215843 0.48633 1.43832e-38 3
-0.0410522 0.215175 0.484825 1.29085e-38 3
-0.0329985 0.213195 0.480363 1.23553e-38 3
-0.0256372 0.215843 0.48633 1.26283e-38 3
-0.0178107 0.215175 0.484825 1.50203e-38 3
-0.0100636 0.215175 0.484825 1.38229e-38 3
-0.00232366 0.215843 0.48633 1.54878e-38 3
0.00562214 0.222762 0.501918 1.25393e-38 3
0.0137304 0.224199 0.505156 1.45694e-38 3
0.0233061 0.239661 0.539995 1.27255e-38 3
0.0319348 0.239661 0.539995 1.26315e-38 3
0.0408452 0.241325 0.543745 1.3646e-38 3
0.0488553 0.238019 0.536296 1.65966e-38 3
0.0570342 0.2364 0.532648 1.34627e-38 3
0.0651027 0.234803 0.529049 1.39233e-38 3
0.0711527 0.227129 0.51176 1.3278e-38 3
0.0778046 0.222762 0.501918 1.38311e-38 3
0.0836793 0.217193 0.48937 1.28159e-38 3
0.091499 0.217193 0.48937 1.4752e-38 3
0.0974908 0.213195 0.480363 1.34609e-38 3
0.105167 0.213195 0.480363 1.51208e-38 3
0.118285 0.223478 0.503532 1.45687e-38 3
0.129667 0.229378 0.516826 1.32769e-38 3
0.137925 0.229378 0.516826 1.41066e-38 3
0.145225 0.227874 0.513437 1.36475e-38 3
0.153934 0.228624 0.515126 1.58609e-38 3
0.161634 0.227874 0.513437 1.51222e-38 3
0.170397 0.228624 0.515126 1.47535e-38 3
0.188552 0.241325 0.543745 1.53988e-38 3
0.205816 0.251817 0.567386 1.31861e-38 3
0.218043 0.255521 0.575729 1.27248e-38 3
0.230634 0.259334 0.584322 1.41084e-38 3
0.247355 0.267314 0.602302 1.47535e-38 3
0.263049 0.273628 0.616529 1.40159e-38 3
0.291247 0.292024 0.657977 1.3095e-38 3
0.289594 0.280248 0.631445 1.32794e-38 3
0.307114 0.287197 0.647101 1.19887e-38 3
0.307296 0.278006 0.626394 1.31861e-38 3
0.309868 0.271491 0.611713 1.31858e-38 3
0.309957 0.263264 0.593176 1.35545e-38 3
0.305547 0.251817 0.567386 1.27248e-38 3
0.293355 0.234803 0.529049 1.33702e-38 3
0.288179 0.224199 0.505156 1.3278e-38 3
0.286993 0.217193 0.48937 1.29095e-38 3
0.294813 0.217193 0.48937 1.31861e-38 3
0.297977 0.213851 0.481841 1.23564e-38 3
0.30288 0.211895 0.477434 1.39237e-38 3
0.307695 0.209975 0.473107 1.41999e-38 3
0.312424 0.208089 0.468858 1.1895e-38 3
0.318961 0.207467 0.467458 1.13408e-38 3
0.327408 0.208089 0.468858 1.1894e-38 3
0.385712 0.239661 0.539995 1.18014e-38 3
0.395705 0.24049 0.541863 1.16184e-38 3
0.396139 0.235599 0.530842 1.06968e-38 3
0.401897 0.234012 0.527267 1.05117e-38 3
0.406219 0.231672 0.521995 1.19872e-38 3
0.406432 0.227129 0.51176 1.04199e-38 3
0.411917 0.225655 0.508436 1.02355e-38 3
0.434137 0.233227 0.525498 1.02352e-38 3
0.454742 0.239661 0.539995 9.95929e-39 3
0.466588 0.241325 0.543745 9.86637e-39 3
0.4786 0.243013 0.547547 9.95857e-39 3
0.483965 0.241325 0.543745 9.3132e-39 3
-0.249519 0.203401 0.442368 1.08798e-38 3
-0.248056 0.208104 0.452597 8.20541e-39 3
-0.240824 0.208104 0.452597 1.06021e-38 3
-0.241984 0.215581 0.468858 1.05103e-38 3
-0.235905 0.216879 0.471682 7.92954e-39 3
-0.232571 0.220871 0.480363 1.2262e-38 3
-0.227688 0.223615 0.48633 1.15241e-38 3
-0.221292 0.225012 0.48937 1.21702e-38 3
-0.214814 0.226427 0.492448 1.22627e-38 3
-0.212286 0.232271 0.505156 9.03589e-39 3
-0.197832 0.225012 0.48937 1.19861e-38 3
-0.188832 0.223615 0.48633 1.33691e-38 3
-0.179944 0.222234 0.483328 1.13408e-38 3
-0.17222 0.222234 0.483328 1.30003e-38 3
-0.163488 0.220871 0.480363 1.2817e-38 3
-0.154862 0.219524 0.477434 1.20794e-38 3
-0.147233 0.219524 0.477434 1.55821e-38 3
-0.138758 0.218194 0.474541 1.38304e-38 3
-0.130385 0.216879 0.471682 1.37379e-38 3
-0.122848 0.216879 0.471682 1.38304e-38 3
-0.116009 0.218194 0.474541 1.32762e-38 3
-0.109757 0.220871 0.480363 1.07872e-38 3
-0.102711 0.222234 0.483328 1.21709e-38 3
-0.095578 0.223615 0.48633 1.43847e-38 3
-0.0883556 0.225012 0.48937 1.52137e-38 3
-0.0805359 0.225012 0.48937 1.5675e-38 3
-0.0731734 0.226427 0.492448 1.29092e-38 3
-0.0637019 0.220871 0.480363 1.32783e-38 3
-0.0560261 0.220871 0.480363 1.41066e-38 3
-0.048499 0.221551 0.481841 1.53063e-38 3
-0.0407995 0.221551 0.481841 1.35545e-38 3
-0.0328976 0.220195 0.478894 1.44758e-38 3
-0.0252452 0.220195 0.478894 1.20769e-38 3
-0.0176468 0.220871 0.480363 1.24442e-38 3
-0.0100325 0.222234 0.483328 1.41967e-38 3
-0.00230931 0.222234 0.483328 1.40141e-38 3
0.0053807 0.220871 0.480363 1.31858e-38 3
0.0130565 0.220871 0.480363 1.36475e-38 3
0.0207324 0.220871 0.480363 1.26326e-38 3
0.0289409 0.225012 0.48937 1.2356e-38 3
0.0389517 0.238424 0.518538 1.46598e-38 3
0.0472375 0.238424 0.518538 1.46609e-38 3
0.0555234 0.238424 0.518538 1.37389e-38 3
0.0615667 0.230044 0.500314 1.65959e-38 3
0.0695614 0.230044 0.500314 1.3001e-38 3
0.0758595 0.225012 0.48937 1.45687e-38 3
0.0834186 0.224311 0.487846 1.23549e-38 3
0.0892674 0.219524 0.477434 1.46598e-38 3
0.0974908 0.220871 0.480363 1.37371e-38 3
0.10549 0.221551 0.481841 1.45676e-38 3
0.117155 0.229312 0.498721 1.41988e-38 3
0.142883 0.232271 0.505156 1.37379e-38 3
0.150955 0.232271 0.505156 1.46613e-38 3
0.149389 0.218194 0.474541 1.45701e-38 3
0.156026 0.216879 0.471682 1.4478e-38 3
0.163563 0.216879 0.471682 1.46613e-38 3
0.19588 0.248289 0.539995 1.35549e-38 3
0.204509 0.248289 0.539995 1.37389e-38 3
0.225584 0.262788 0.571527 1.45691e-38 3
0.236442 0.26472 0.575729 1.45691e-38 3
0.256979 0.276938 0.602302 1.38326e-38 3
0.210051 0.218194 0.474541 1.38326e-38 3
0.212483 0.213029 0.463309 1.27262e-38 3
0.217314 0.210538 0.45789 1.34627e-38 3
0.22729 0.213029 0.463309 1.3278e-38 3
0.234693 0.213029 0.463309 1.3185e-38 3
0.252557 0.222234 0.483328 1.14341e-38 3
0.265191 0.226427 0.492448 1.40155e-38 3
0.27306 0.226427 0.492448 1.24482e-38 3
0.277439 0.223615 0.48633 1.25404e-38 3
0.279993 0.219524 0.477434 1.44758e-38 3
0.287622 0.219524 0.477434 1.45691e-38 3
0.297977 0.221551 0.481841 1.41092e-38 3
0.30288 0.219524 0.477434 1.30017e-38 3
0.308628 0.218194 0.474541 1.15262e-38 3
0.314306 0.216879 0.471682 1.21716e-38 3
0.321843 0.216879 0.471682 1.32769e-38 3
0.32938 0.216879 0.471682 1.20783e-38 3
0.360827 0.232271 0.505156 1.24468e-38 3
0.386347 0.243256 0.529049 1.13401e-38 3
0.394801 0.243256 0.529049 1.10642e-38 3
0.403255 0.243256 0.529049 1.06954e-38 3
0.402197 0.237637 0.516826 1.05114e-38 3
0.402486 0.233022 0.506791 1.13408e-38 3
0.409259 0.232271 0.505156 1.00511e-38 3
-0.249519 0.21047 0.442368 9.12808e-39 3
-0.245221 0.212875 0.447424 8.57419e-39 3
-0.238071 0.212875 0.447424 1.00486e-38 3
-0.230922 0.212875 0.447424 1.04185e-38 3
-0.227675 0.216588 0.455228 1.07876e-38 3
-0.220401 0.216588 0.455228 1.07872e-38 3
-0.210677 0.214098 0.449995 1.31836e-38 3
-0.202324 0.212875 0.447424 9.86493e-39 3
-0.195174 0.212875 0.447424 9.22028e-39 3
-0.188025 0.212875 0.447424 1.06954e-38 3
-0.177329 0.208701 0.438651 1.17096e-38 3
-0.170319 0.208701 0.438651 1.34613e-38 3
-0.168502 0.215336 0.452597 1.20787e-38 3
-0.16127 0.215336 0.452597 1.21705e-38 3
-0.150133 0.209877 0.441122 1.33702e-38 3
-0.142682 0.209287 0.439883 1.05124e-38 3
-0.139978 0.21596 0.453908 1.47524e-38 3
-0.132725 0.21596 0.453908 1.42914e-38 3
-0.125836 0.216588 0.455228 1.30925e-38 3
-0.118219 0.21596 0.453908 1.49364e-38 3
-0.111288 0.216588 0.455228 1.33687e-38 3
-0.10586 0.220433 0.463309 1.21702e-38 3
-0.101459 0.227153 0.477434 1.44758e-38 3
-0.094988 0.229958 0.483328 1.43847e-38 3
-0.0883556 0.232832 0.48937 1.42921e-38 3
-0.0805359 0.232832 0.48937 1.42921e-38 3
-0.0722644 0.231386 0.48633 1.2356e-38 3
-0.0629298 0.225777 0.474541 1.29095e-38 3
-0.0555152 0.226463 0.475983 1.51212e-38 3
-0.0480554 0.227153 0.477434 1.52141e-38 3
-0.0401813 0.225777 0.474541 1.33702e-38 3
-0.0325985 0.225777 0.474541 1.51212e-38 3
-0.0252452 0.227848 0.478894 1.56736e-38 3
-0.0175929 0.227848 0.478894 1.28152e-38 3
-0.0100017 0.22925 0.481841 1.70562e-38 3
-0.00230221 0.22925 0.481841 1.64119e-38 3
0.00528346 0.224416 0.471682 1.44772e-38 3
0.0124457 0.217855 0.45789 1.69665e-38 3
0.0196476 0.216588 0.455228 1.55829e-38 3
0.0269218 0.216588 0.455228 1.41077e-38 3
0.0350102 0.221745 0.466067 1.6136e-38 3
0.0445804 0.232832 0.48937 1.58602e-38 3
0.0534015 0.237281 0.498721 1.36475e-38 3
0.0605987 0.234296 0.492448 1.48442e-38 3
0.068253 0.233562 0.490904 1.43843e-38 3
0.074923 0.229958 0.483328 1.3278e-38 3
0.0823919 0.22925 0.481841 1.49364e-38 3
0.0892674 0.227153 0.477434 1.49364e-38 3
0.0996301 0.233562 0.490904 1.30921e-38 3
0.107474 0.233562 0.490904 1.4291e-38 3
0.117906 0.238802 0.501918 1.38301e-38 3
0.126739 0.240343 0.505156 1.24482e-38 3
0.134811 0.240343 0.505156 1.32769e-38 3
0.14017 0.235779 0.495565 1.41077e-38 3
0.140952 0.224416 0.471682 1.44769e-38 3
0.144147 0.217855 0.45789 1.36471e-38 3
0.148002 0.212875 0.447424 1.48467e-38 3
0.153398 0.21047 0.442368 1.43847e-38 3
0.160467 0.21047 0.442368 1.43847e-38 3
0.16801 0.211066 0.443622 1.41999e-38 3
0.175099 0.211066 0.443622 1.47531e-38 3
0.183749 0.212875 0.447424 1.49375e-38 3
0.197676 0.220433 0.463309 1.31861e-38 3
0.202681 0.217855 0.45789 1.41092e-38 3
0.208777 0.216588 0.455228 1.26337e-38 3
0.216051 0.216588 0.455228 1.2172e-38 3
0.220758 0.214098 0.449995 1.31858e-38 3
0.226646 0.212875 0.447424 1.22627e-38 3
0.233796 0.212875 0.447424 1.22638e-38 3
0.240945 0.212875 0.447424 1.29092e-38 3
0.252422 0.216588 0.455228 1.2817e-38 3
0.262751 0.219136 0.460584 1.24482e-38 3
0.27171 0.220433 0.463309 1.35535e-38 3
0.279113 0.220433 0.463309 1.40155e-38 3
0.295251 0.227153 0.477434 1.37393e-38 3
0.30288 0.227153 0.477434 1.38315e-38 3
0.309566 0.226463 0.475983 1.2817e-38 3
0.315255 0.225094 0.473107 1.1895e-38 3
0.322815 0.225094 0.473107 1.17096e-38 3
0.330375 0.225094 0.473107 1.0972e-38 3
0.35175 0.234296 0.492448 1.10638e-38 3
0.368899 0.240343 0.505156 1.08791e-38 3
0.376971 0.240343 0.505156 1.0972e-38 3
0.385043 0.240343 0.505156 1.04188e-38 3
0.398254 0.243484 0.51176 1.16174e-38 3
0.409105 0.245086 0.515126 1.10642e-38 3
0.417337 0.245086 0.515126 1.15259e-38 3
-0.235316 0.199504 0.405695 1.00493e-38 3
-0.228833 0.199504 0.405695 9.58906e-39 3
-0.24245 0.217538 0.442368 1.08791e-38 3
-0.235381 0.217538 0.442368 1.20773e-38 3
-0.223772 0.220025 0.447424 1.13411e-38 3
-0.217868 0.221289 0.449995 9.12772e-39 3
-0.209473 0.220025 0.447424 1.17085e-38 3
-0.196704 0.213913 0.434996 1.21698e-38 3
-0.189753 0.213913 0.434996 1.20783e-38 3
-0.182802 0.213913 0.434996 9.95748e-39 3
-0.172497 0.209833 0.426699 1.37382e-38 3
-0.169844 0.215108 0.437426 1.33687e-38 3
-0.163769 0.216316 0.439883 1.18943e-38 3
-0.158521 0.218774 0.444882 1.36457e-38 3
-0.149291 0.21571 0.438651 1.21716e-38 3
-0.142282 0.21571 0.438651 1.40159e-38 3
-0.136419 0.217538 0.442368 1.38315e-38 3
-0.130829 0.220025 0.447424 1.38315e-38 3
-0.123679 0.220025 0.447424 1.3278e-38 3
-0.116198 0.219398 0.446149 1.36467e-38 3
-0.108759 0.218774 0.444882 1.23549e-38 3
-0.10165 0.218774 0.444882 1.38304e-38 3
-0.0953537 0.220655 0.448706 1.34627e-38 3
-0.093261 0.233359 0.474541 1.47535e-38 3
-0.0862006 0.234782 0.477434 1.30014e-38 3
-0.0790536 0.236223 0.480363 1.3278e-38 3
-0.0709425 0.234782 0.477434 1.30014e-38 3
-0.061806 0.229192 0.466067 1.42003e-38 3
-0.0543586 0.229192 0.466067 1.37379e-38 3
-0.0458203 0.223862 0.455228 1.24482e-38 3
-0.0385461 0.223862 0.455228 1.42921e-38 3
-0.0312719 0.223862 0.455228 1.53055e-38 3
-0.0239977 0.223862 0.455228 1.39219e-38 3
-0.0175392 0.234782 0.477434 1.46595e-38 3
-0.00997099 0.236223 0.480363 1.50282e-38 3
-0.00217505 0.223862 0.455228 1.68736e-38 3
0.00506968 0.222568 0.452597 1.5307e-38 3
0.0120921 0.218774 0.444882 1.51226e-38 3
0.019201 0.218774 0.444882 1.6136e-38 3
0.0263099 0.218774 0.444882 1.62282e-38 3
0.0334188 0.218774 0.444882 1.44769e-38 3
0.0407592 0.220025 0.447424 1.68743e-38 3
0.0505062 0.231954 0.471682 1.4846e-38 3
0.0580433 0.231954 0.471682 1.3923e-38 3
0.0676171 0.239157 0.48633 1.55829e-38 3
0.070567 0.223862 0.455228 1.42921e-38 3
0.0778412 0.223862 0.455228 1.24471e-38 3
0.0851154 0.223862 0.455228 1.34613e-38 3
0.0923896 0.223862 0.455228 1.34609e-38 3
0.102648 0.230565 0.468858 1.5674e-38 3
0.118285 0.247616 0.503532 1.29081e-38 3
0.126739 0.248415 0.505156 1.41077e-38 3
0.130191 0.239902 0.487846 1.21716e-38 3
0.137986 0.239902 0.487846 1.42921e-38 3
0.140108 0.230565 0.468858 1.31858e-38 3
0.15427 0.218774 0.444882 1.42925e-38 3
0.160921 0.218155 0.443622 1.43847e-38 3
0.167536 0.217538 0.442368 1.30014e-38 3
0.174604 0.217538 0.442368 1.46598e-38 3
0.181673 0.217538 0.442368 1.46605e-38 3
0.189814 0.218774 0.444882 1.39233e-38 3
0.199187 0.221289 0.449995 1.41084e-38 3
0.206377 0.221289 0.449995 1.4017e-38 3
0.213568 0.221289 0.449995 1.38315e-38 3
0.21825 0.218774 0.444882 1.45691e-38 3
0.224085 0.217538 0.442368 1.30925e-38 3
0.228571 0.215108 0.437426 1.24482e-38 3
0.232958 0.212731 0.432592 1.3278e-38 3
0.239871 0.212731 0.432592 1.2356e-38 3
0.253794 0.218774 0.444882 1.31858e-38 3
0.260903 0.218774 0.444882 1.32769e-38 3
0.272659 0.222568 0.452597 1.39223e-38 3
0.295251 0.234782 0.477434 1.32772e-38 3
0.299231 0.231954 0.471682 1.2817e-38 3
0.306768 0.231954 0.471682 1.35545e-38 3
0.310564 0.229192 0.466067 1.18028e-38 3
0.318961 0.229876 0.467458 1.25393e-38 3
0.32643 0.229876 0.467458 1.13408e-38 3
0.3339 0.229876 0.467458 1.10638e-38 3
0.350794 0.236223 0.480363 1.1156e-38 3
0.35847 0.236223 0.480363 1.08802e-38 3
0.368406 0.237681 0.483328 1.02344e-38 3
0.38083 0.240652 0.48937 1.07876e-38 3
0.38865 0.240652 0.48937 1.06954e-38 3
0.39647 0.240652 0.48937 1.12493e-38 3
0.388507 0.231257 0.470266 1.12493e-38 3
0.394069 0.225832 0.459233 1.10653e-38 3
0.401407 0.225832 0.459233 1.02352e-38 3
0.406362 0.224515 0.456555 1.06954e-38 3
0.413657 0.224515 0.456555 1.02337e-38 3
0.420952 0.224515 0.456555 9.58835e-39 3
-0.265665 0.204398 0.402567 1.04203e-38 3
-0.259232 0.204398 0.402567 8.20648e-39 3
-0.252799 0.204398 0.402567 9.12844e-39 3
-0.242624 0.201293 0.396452 9.40467e-39 3
-0.236889 0.201804 0.397458 7.92918e-39 3
-0.231125 0.202318 0.398469 1.01415e-38 3
-0.224757 0.202318 0.398469 1.20783e-38 3
-0.217836 0.201804 0.397458 1.06025e-38 3
-0.213654 0.203874 0.401534 1.04177e-38 3
-0.205565 0.20869 0.411019 1.0327e-38 3
-0.199521 0.209239 0.412101 1.07872e-38 3
-0.200316 0.217243 0.427865 1.29992e-38 3
-0.186843 0.209791 0.413188 1.23542e-38 3
-0.183632 0.213739 0.420963 1.30925e-38 3
-0.176905 0.213739 0.420963 1.1433e-38 3
-0.167477 0.210346 0.414282 1.18939e-38 3
-0.163452 0.213739 0.420963 1.32772e-38 3
-0.156725 0.213739 0.420963 1.20787e-38 3
-0.149998 0.213739 0.420963 1.47524e-38 3
-0.14562 0.217243 0.427865 1.41999e-38 3
-0.139546 0.218437 0.430215 1.2172e-38 3
-0.134146 0.220864 0.434996 1.30017e-38 3
-0.127195 0.220864 0.434996 1.34627e-38 3
-0.120916 0.222097 0.437426 1.35545e-38 3
-0.113926 0.222097 0.437426 1.2817e-38 3
-0.106638 0.221479 0.436207 1.3185e-38 3
-0.0996679 0.221479 0.436207 1.35538e-38 3
-0.0934788 0.223345 0.439883 1.30014e-38 3
-0.0874322 0.225883 0.444882 1.22645e-38 3
-0.0807823 0.227174 0.447424 1.15262e-38 3
-0.074056 0.22848 0.449995 1.48453e-38 3
-0.0668654 0.22848 0.449995 1.36467e-38 3
-0.0601937 0.230466 0.453908 1.125e-38 3
-0.053405 0.232488 0.45789 1.30003e-38 3
-0.0458203 0.231136 0.455228 1.38311e-38 3
-0.0383233 0.2298 0.452597 1.45687e-38 3
-0.0310911 0.2298 0.452597 1.30925e-38 3
-0.0238589 0.2298 0.452597 1.35535e-38 3
-0.0166268 0.2298 0.452597 1.3829e-38 3
-0.00939463 0.2298 0.452597 1.53967e-38 3
-0.00212562 0.225883 0.444882 1.65959e-38 3
0.00495511 0.224607 0.442368 1.5491e-38 3
0.0120238 0.224607 0.442368 1.30943e-38 3
0.0188792 0.222097 0.437426 1.41999e-38 3
0.025869 0.222097 0.437426 1.60438e-38 3
0.0328587 0.222097 0.437426 1.5307e-38 3
0.0400723 0.223345 0.439883 1.47549e-38 3
0.0471013 0.223345 0.439883 1.40173e-38 3
0.0544361 0.224607 0.442368 1.42921e-38 3
0.0618543 0.225883 0.444882 1.41999e-38 3
0.0685736 0.224607 0.442368 1.44765e-38 3
0.0760721 0.225883 0.444882 1.39223e-38 3
0.0831809 0.225883 0.444882 1.5213e-38 3
0.0902898 0.225883 0.444882 1.46595e-38 3
0.0990877 0.2298 0.452597 1.50286e-38 3
0.11014 0.238057 0.468858 1.25393e-38 3
0.125524 0.254028 0.500314 1.37389e-38 3
0.125877 0.239491 0.471682 1.42006e-38 3
0.134223 0.240942 0.474541 1.38311e-38 3
0.159565 0.223345 0.439883 1.43847e-38 3
0.166128 0.22272 0.438651 1.43843e-38 3
0.172653 0.222097 0.437426 1.4752e-38 3
0.179643 0.222097 0.437426 1.46598e-38 3
0.186633 0.222097 0.437426 1.30014e-38 3
0.196923 0.225883 0.444882 1.33705e-38 3
0.204032 0.225883 0.444882 1.33716e-38 3
0.211141 0.225883 0.444882 1.40159e-38 3
0.217017 0.224607 0.442368 1.37389e-38 3
0.220351 0.220864 0.434996 1.29081e-38 3
0.224804 0.218437 0.430215 1.44769e-38 3
0.225484 0.212596 0.418712 1.48453e-38 3
0.232174 0.212596 0.418712 1.2356e-38 3
0.240149 0.213739 0.420963 1.2817e-38 3
0.253696 0.219643 0.432592 1.34624e-38 3
0.266498 0.224607 0.442368 1.64112e-38 3
0.275121 0.225883 0.444882 1.44747e-38 3
0.296552 0.237346 0.467458 1.34624e-38 3
0.304021 0.237346 0.467458 1.27251e-38 3
0.307816 0.234545 0.461942 1.28173e-38 3
0.318011 0.23664 0.466067 1.24471e-38 3
0.324493 0.235937 0.464684 1.33687e-38 3
0.331918 0.235937 0.464684 1.29077e-38 3
0.324883 0.225883 0.444882 1.24468e-38 3
0.331992 0.225883 0.444882 1.26315e-38 3
0.349016 0.232488 0.45789 1.18018e-38 3
0.362696 0.23664 0.466067 1.0972e-38 3
0.370143 0.23664 0.466067 9.86565e-39 3
0.375356 0.235239 0.463309 1.17103e-38 3
0.378283 0.232488 0.45789 1.14337e-38 3
0.382246 0.230466 0.453908 1.05125e-38 3
0.385035 0.227825 0.448706 1.15266e-38 3
0.395606 0.2298 0.452597 1.11571e-38 3
0.404006 0.230466 0.453908 1.07876e-38 3
0.411259 0.230466 0.453908 1.08791e-38 3
-0.235693 0.207104 0.395451 1.04181e-38 3
-0.229954 0.207628 0.396452 1.12486e-38 3
-0.223619 0.207628 0.396452 1.12493e-38 3
-0.22007 0.21029 0.401534 1.0695e-38 3
-0.213654 0.21029 0.401534 9.95748e-39 3
-0.207238 0.21029 0.401534 1.01426e-38 3
-0.198997 0.215258 0.411019 1.1156e-38 3
-0.189937 0.21247 0.405695 1.28152e-38 3
-0.183931 0.213021 0.406749 1.14323e-38 3
-0.178358 0.214134 0.408873 1.18014e-38 3
-0.171824 0.214134 0.408873 1.19861e-38 3
-0.165291 0.214134 0.408873 1.43832e-38 3
-0.160011 0.215824 0.412101 1.23553e-38 3
-0.151827 0.213576 0.407808 1.21702e-38 3
-0.145311 0.213576 0.407808 1.34627e-38 3
-0.139521 0.214694 0.409943 1.21727e-38 3
-0.13367 0.215824 0.412101 1.18954e-38 3
-0.129818 0.220466 0.420963 1.27241e-38 3
-0.12511 0.22408 0.427865 1.34627e-38 3
-0.118922 0.225311 0.430215 1.26337e-38 3
-0.113293 0.227815 0.434996 1.14351e-38 3
-0.106342 0.227815 0.434996 1.52141e-38 3
-0.099391 0.227815 0.434996 1.15262e-38 3
-0.0926976 0.228449 0.436207 1.42921e-38 3
-0.0869382 0.231676 0.442368 1.1527e-38 3
-0.0805521 0.233656 0.446149 1.34624e-38 3
-0.0732144 0.232992 0.444882 1.46609e-38 3
-0.0661055 0.232992 0.444882 1.2356e-38 3
-0.0593338 0.234324 0.447424 1.26326e-38 3
-0.0530945 0.238411 0.455228 1.21705e-38 3
-0.0455554 0.237032 0.452597 1.31847e-38 3
-0.0383233 0.237032 0.452597 1.48442e-38 3
-0.0309124 0.23567 0.449995 1.18939e-38 3
-0.0237218 0.23567 0.449995 1.44754e-38 3
-0.0164368 0.234324 0.447424 1.54896e-38 3
-0.00918232 0.231676 0.442368 1.38297e-38 3
-0.00207838 0.227815 0.434996 1.41074e-38 3
0.0048456 0.226556 0.432592 1.37379e-38 3
0.0117581 0.226556 0.432592 1.33702e-38 3
0.0186706 0.226556 0.432592 1.30936e-38 3
0.0255831 0.226556 0.432592 1.51226e-38 3
0.0324956 0.226556 0.432592 1.71509e-38 3
0.0394081 0.226556 0.432592 1.47552e-38 3
0.0463206 0.226556 0.432592 1.35567e-38 3
0.0532331 0.226556 0.432592 1.52141e-38 3
0.0604798 0.227815 0.434996 1.30925e-38 3
0.0678074 0.229087 0.437426 1.5213e-38 3
0.0747971 0.229087 0.437426 1.41988e-38 3
0.0822463 0.230374 0.439883 1.49364e-38 3
0.0897797 0.231676 0.442368 1.53974e-38 3
0.0973987 0.232992 0.444882 1.50297e-38 3
0.10632 0.237032 0.452597 1.45687e-38 3
0.117632 0.245549 0.468858 1.5307e-38 3
0.125124 0.245549 0.468858 1.50315e-38 3
0.158674 0.229087 0.437426 1.72427e-38 3
0.165664 0.229087 0.437426 1.46616e-38 3
0.172172 0.228449 0.436207 1.30014e-38 3
0.179143 0.228449 0.436207 1.58584e-38 3
0.179609 0.220466 0.420963 1.48453e-38 3
0.192547 0.227815 0.434996 1.36475e-38 3
0.199498 0.227815 0.434996 1.37404e-38 3
0.206449 0.227815 0.434996 1.29106e-38 3
0.2134 0.227815 0.434996 1.38315e-38 3
0.216738 0.22408 0.427865 1.44765e-38 3
0.217629 0.21812 0.416485 1.41988e-38 3
0.220761 0.214694 0.409943 1.43843e-38 3
0.226128 0.213576 0.407808 1.35546e-38 3
0.232645 0.213576 0.407808 1.25408e-38 3
0.24425 0.21812 0.416485 1.3462e-38 3
0.253603 0.220466 0.420963 1.67796e-38 3
0.269007 0.227815 0.434996 1.56733e-38 3
0.275958 0.227815 0.434996 1.33691e-38 3
0.282909 0.227815 0.434996 1.38319e-38 3
0.275328 0.216394 0.413188 1.38319e-38 3
0.281931 0.216394 0.413188 1.36467e-38 3
0.287019 0.215258 0.411019 1.41066e-38 3
0.292053 0.214134 0.408873 1.39215e-38 3
0.319438 0.229087 0.437426 1.30007e-38 3
0.326428 0.229087 0.437426 1.22631e-38 3
0.339101 0.232992 0.444882 1.22627e-38 3
0.350189 0.23567 0.449995 1.17096e-38 3
0.357379 0.23567 0.449995 1.16174e-38 3
0.362487 0.234324 0.447424 1.04195e-38 3
0.369636 0.234324 0.447424 1.19869e-38 3
0.374645 0.232992 0.444882 9.86709e-39 3
0.381754 0.232992 0.444882 9.49831e-39 3
0.388863 0.232992 0.444882 1.05125e-38 3
0.400523 0.23567 0.449995 9.95785e-39 3
-0.245356 0.205634 0.381018 1.14333e-38 3
-0.239267 0.205634 0.381018 9.12916e-39 3
-0.235471 0.207655 0.384763 1.00497e-38 3
-0.229887 0.208166 0.38571 1.2539e-38 3
-0.223174 0.207655 0.384763 1.04192e-38 3
-0.217561 0.208166 0.38571 1.07887e-38 3
-0.212444 0.209197 0.38762 1.10635e-38 3
-0.205234 0.208166 0.38571 7.74478e-39 3
-0.195224 0.204144 0.378257 1.15255e-38 3
-0.190098 0.205135 0.380093 1.18021e-38 3
-0.192431 0.214506 0.397458 1.28155e-38 3
-0.188472 0.217264 0.402567 1.2539e-38 3
-0.182509 0.217824 0.403604 1.19861e-38 3
-0.178358 0.220667 0.408873 1.25397e-38 3
-0.171824 0.220667 0.408873 1.0972e-38 3
-0.16486 0.220093 0.407808 1.26315e-38 3
-0.158344 0.220093 0.407808 1.37382e-38 3
-0.151041 0.218952 0.405695 1.17099e-38 3
-0.144558 0.218952 0.405695 1.26319e-38 3
-0.138075 0.218952 0.405695 1.20794e-38 3
-0.132278 0.220093 0.407808 1.30014e-38 3
-0.12642 0.221245 0.409943 1.40159e-38 3
-0.121138 0.223586 0.414282 1.60449e-38 3
-0.115127 0.224775 0.416485 1.29113e-38 3
-0.11083 0.229662 0.425539 1.36478e-38 3
-0.105463 0.232825 0.431401 1.25411e-38 3
-0.0988419 0.233468 0.432592 1.45687e-38 3
-0.0924401 0.234765 0.434996 1.41077e-38 3
-0.0859668 0.236077 0.437426 1.27259e-38 3
-0.0791983 0.236738 0.438651 1.40159e-38 3
-0.072189 0.236738 0.438651 1.18954e-38 3
-0.0651797 0.236738 0.438651 1.19872e-38 3
-0.0586633 0.238745 0.442368 1.62282e-38 3
-0.0518878 0.240101 0.444882 1.27237e-38 3
-0.0447789 0.240101 0.444882 1.51208e-38 3
-0.0374572 0.238745 0.442368 1.36457e-38 3
-0.0303885 0.238745 0.442368 1.36457e-38 3
-0.0157182 0.230917 0.427865 1.37375e-38 3
-0.008833 0.229662 0.425539 1.30003e-38 3
-0.00198994 0.224775 0.416485 1.34616e-38 3
0.0046405 0.223586 0.414282 1.41077e-38 3
0.0112604 0.223586 0.414282 1.51219e-38 3
0.0179754 0.224775 0.416485 1.41084e-38 3
0.0246305 0.224775 0.416485 1.58598e-38 3
0.0312857 0.224775 0.416485 1.39244e-38 3
0.0379408 0.224775 0.416485 1.50318e-38 3
0.04436 0.223586 0.414282 1.38333e-38 3
0.0509799 0.223586 0.414282 1.50297e-38 3
0.0588452 0.22842 0.423239 1.38297e-38 3
0.0659648 0.229662 0.425539 1.41988e-38 3
0.0735642 0.232186 0.430215 1.40141e-38 3
0.0804387 0.232186 0.430215 1.65959e-38 3
0.0873132 0.232186 0.430215 1.45676e-38 3
0.0947081 0.233468 0.432592 1.60428e-38 3
0.102185 0.234765 0.434996 1.50297e-38 3
0.112899 0.242861 0.449995 1.48453e-38 3
0.12009 0.242861 0.449995 1.51229e-38 3
0.158674 0.236077 0.437426 1.41081e-38 3
0.165664 0.236077 0.437426 1.54914e-38 3
0.172172 0.235419 0.436207 1.35553e-38 3
0.170138 0.223586 0.414282 1.50297e-38 3
0.169151 0.213963 0.396452 1.55818e-38 3
0.184353 0.224775 0.416485 1.47538e-38 3
0.191009 0.224775 0.416485 1.31872e-38 3
0.200869 0.22842 0.423239 1.503e-38 3
0.207632 0.22842 0.423239 1.48449e-38 3
0.208753 0.222409 0.412101 1.4752e-38 3
0.213095 0.220093 0.407808 1.51208e-38 3
0.218474 0.218952 0.405695 1.30003e-38 3
0.223797 0.217824 0.403604 1.19872e-38 3
0.230246 0.217824 0.403604 1.24482e-38 3
0.237922 0.218952 0.405695 1.26326e-38 3
0.245677 0.220093 0.407808 1.4752e-38 3
0.25756 0.224775 0.416485 1.6503e-38 3
0.264215 0.224775 0.416485 1.38301e-38 3
0.27087 0.224775 0.416485 1.43843e-38 3
0.273166 0.221245 0.409943 1.41999e-38 3
0.279717 0.221245 0.409943 1.30936e-38 3
0.282569 0.218386 0.404647 1.32769e-38 3
0.287549 0.217264 0.402567 1.39223e-38 3
0.293228 0.216707 0.401534 1.12489e-38 3
0.29436 0.212886 0.394454 1.27248e-38 3
0.331565 0.234765 0.434996 1.27248e-38 3
0.344254 0.238745 0.442368 1.15262e-38 3
0.353318 0.240101 0.444882 1.20794e-38 3
0.360427 0.240101 0.444882 9.86565e-39 3
0.367536 0.240101 0.444882 1.09716e-38 3
0.374645 0.240101 0.444882 1.21713e-38 3
0.379597 0.238745 0.442368 1.01437e-38 3
0.386666 0.238745 0.442368 1.02359e-38 3
-0.313084 0.208177 0.374637 9.58833e-39 3
-0.307098 0.208177 0.374637 7.83626e-39 3
-0.302559 0.209178 0.376438 7.46784e-39 3
-0.243578 0.210188 0.378257 7.376e-39 3
-0.237534 0.210188 0.378257 1.04199e-38 3
-0.233179 0.211722 0.381018 1.00497e-38 3
-0.227645 0.212239 0.381947 1.1617e-38 3
-0.221002 0.211722 0.381018 1.08802e-38 3
-0.214914 0.211722 0.381018 9.77453e-39 3
-0.207814 0.210697 0.379173 1.02341e-38 3
-0.2003 0.209178 0.376438 8.94368e-39 3
-0.195224 0.210188 0.378257 1.00504e-38 3
-0.189179 0.210188 0.378257 9.95856e-39 3
-0.183135 0.210188 0.378257 1.02344e-38 3
-0.180137 0.213803 0.384763 1.21705e-38 3
-0.179729 0.220858 0.397458 1.0972e-38 3
-0.177431 0.22602 0.406749 1.22627e-38 3
-0.167027 0.220858 0.397458 1.0972e-38 3
-0.161496 0.221984 0.399486 1.18018e-38 3
-0.155112 0.221984 0.399486 1.3185e-38 3
-0.148729 0.221984 0.399486 1.11571e-38 3
-0.143075 0.223123 0.401534 1.21705e-38 3
-0.136659 0.223123 0.401534 1.33694e-38 3
-0.131593 0.225435 0.405695 1.19872e-38 3
-0.12511 0.225435 0.405695 1.22649e-38 3
-0.119245 0.226609 0.407808 1.35563e-38 3
-0.112729 0.226609 0.407808 1.17128e-38 3
-0.106768 0.227795 0.409943 1.41088e-38 3
-0.100218 0.227795 0.409943 1.33702e-38 3
-0.0936669 0.227795 0.409943 1.26322e-38 3
-0.0924401 0.241716 0.434996 1.19876e-38 3
-0.0857274 0.24239 0.436207 1.30024e-38 3
-0.0736297 0.226609 0.407808 1.22631e-38 3
-0.0704139 0.237754 0.427865 1.21705e-38 3
-0.0642794 0.240381 0.432592 1.3185e-38 3
-0.0586633 0.245813 0.442368 1.25397e-38 3
-0.049903 0.237754 0.427865 1.41988e-38 3
-0.0442758 0.244432 0.439883 1.5213e-38 3
-0.0343519 0.225435 0.405695 1.38301e-38 3
-0.0254918 0.206204 0.371086 1.21705e-38 3
-0.0194698 0.205231 0.369336 1.68722e-38 3
-0.0135044 0.204267 0.367602 1.45673e-38 3
-0.0075594 0.202367 0.364182 1.35535e-38 3
-0.001736 0.201898 0.363337 1.29085e-38 3
0.00449771 0.223123 0.401534 1.37393e-38 3
0.0109702 0.224273 0.403604 1.34634e-38 3
0.0176931 0.227795 0.409943 1.29099e-38 3
0.0242437 0.227795 0.409943 1.43861e-38 3
0.0307943 0.227795 0.409943 1.57694e-38 3
0.0373449 0.227795 0.409943 1.45712e-38 3
0.0438954 0.227795 0.409943 1.63215e-38 3
0.0501833 0.226609 0.407808 1.47524e-38 3
0.0566998 0.226609 0.407808 1.47506e-38 3
0.0642197 0.230206 0.414282 1.50279e-38 3
0.0715972 0.232668 0.418712 1.52126e-38 3
0.0787088 0.233919 0.420963 1.61349e-38 3
0.0854355 0.233919 0.420963 1.38293e-38 3
0.0921622 0.233919 0.420963 1.53974e-38 3
0.0963002 0.227795 0.409943 1.48446e-38 3
0.102851 0.227795 0.409943 1.41074e-38 3
0.108832 0.226609 0.407808 1.49371e-38 3
0.151078 0.231431 0.416485 1.58594e-38 3
0.157733 0.231431 0.416485 1.55829e-38 3
0.163518 0.230206 0.414282 1.40162e-38 3
0.168357 0.227795 0.409943 1.41077e-38 3
0.162566 0.211722 0.381018 1.64115e-38 3
0.169479 0.212758 0.382881 1.56751e-38 3
0.187029 0.226609 0.407808 1.45691e-38 3
0.194559 0.227795 0.409943 1.48453e-38 3
0.20111 0.227795 0.409943 1.54899e-38 3
0.206579 0.226609 0.407808 1.45673e-38 3
0.209817 0.223123 0.401534 1.47513e-38 3
0.21513 0.221984 0.399486 1.35535e-38 3
0.220389 0.220858 0.397458 1.33687e-38 3
0.224461 0.218638 0.393463 1.32772e-38 3
0.230748 0.218638 0.393463 1.45691e-38 3
0.239442 0.220858 0.397458 1.29081e-38 3
0.245793 0.220858 0.397458 1.52123e-38 3
0.256043 0.224273 0.403604 1.43825e-38 3
0.262493 0.224273 0.403604 1.41988e-38 3
0.270335 0.225435 0.405695 1.29088e-38 3
0.276103 0.224852 0.404647 1.21705e-38 3
0.280395 0.223123 0.401534 1.36457e-38 3
0.286078 0.222552 0.400507 1.34613e-38 3
0.287334 0.218638 0.393463 1.3278e-38 3
0.28926 0.215391 0.38762 1.30939e-38 3
0.299908 0.218638 0.393463 1.29095e-38 3
0.331157 0.236462 0.425539 1.28173e-38 3
0.337957 0.236462 0.425539 1.27248e-38 3
0.354387 0.243067 0.437426 1.19862e-38 3
0.361376 0.243067 0.437426 1.03259e-38 3
0.368366 0.243067 0.437426 1.19858e-38 3
0.377465 0.244432 0.439883 1.1711e-38 3
