# .PCD v0.7 - Point Cloud Data file format
VERSION 0.7
FIELDS x y z rgb label
SIZE 4 4 4 4 4
TYPE F F F F U
COUNT 1 1 1 1 1
WIDTH 2552
HEIGHT 1
VIEWPOINT 0 0 0 1 0 0 0
POINTS 2552
DATA ascii
-0.608715 -0.799426 1.50575 1.56482e-39 1
-0.608715 -0.775365 1.50575 2.48677e-39 1
-0.277194 -0.790568 1.53528 1.28894e-39 1
-0.228129 -0.790568 1.53528 1.38042e-39 1
-0.536533 -0.751304 1.50575 2.11691e-39 1
-0.536533 -0.727243 1.50575 1.84033e-39 1
-1.19796 -0.757742 1.95748 2.3031e-39 1
-1.16668 -0.757742 1.95748 2.02759e-39 1
-1.17964 -0.787264 2.03375 1.38042e-39 1
-1.34455 -0.774893 2.08798 2.2091e-39 1
-1.31119 -0.774893 2.08798 2.48569e-39 1
-1.19796 -0.726463 1.95748 1.93431e-39 1
-1.15227 -0.717494 1.93331 1.93431e-39 1
-1.14977 -0.735658 1.98226 2.39458e-39 1
-1.31119 -0.741529 2.08798 3.0403e-39 1
-1.22867 -0.713009 2.00767 2.67152e-39 1
-1.18145 -0.703983 1.98226 2.76443e-39 1
-0.036938 -0.432936 1.77953 1.8414e-39 1
-0.00880256 -0.448216 1.84233 2.67188e-39 1
-0.0907164 -0.391166 1.72086 1.65666e-39 1
-0.0710231 -0.439458 1.93331 2.94631e-39 1
-0.037797 -0.413908 1.82091 2.30094e-39 1
-0.00880256 -0.418777 1.84233 2.30238e-39 1
-0.101916 -0.408565 1.93331 1.65666e-39 1
-0.0710231 -0.408565 1.93331 2.02436e-39 1
-0.0406318 -0.413672 1.95748 2.48533e-39 1
-0.00935272 -0.413672 1.95748 3.03887e-39 1
-0.110069 -0.407886 2.08798 2.48642e-39 1
-0.0767049 -0.407886 2.08798 1.65701e-39 1
-0.00997623 -0.407886 2.08798 1.74956e-39 1
0.0230804 -0.402519 2.06051 2.57968e-39 1
-0.110069 -0.374521 2.08798 2.39494e-39 1
-0.0767049 -0.374521 2.08798 2.58076e-39 1
-0.00984496 -0.369593 2.06051 2.48749e-39 1
0.0233881 -0.374521 2.08798 1.93431e-39 1
-0.0693117 -0.308274 1.88673 2.11799e-39 1
-0.0391632 -0.308274 1.88673 2.21054e-39 1
-0.00901467 -0.308274 1.88673 2.58112e-39 1
0.0224886 -0.328036 2.00767 2.58148e-39 1
-0.0676808 -0.271582 1.84233 1.93396e-39 1
-0.0382417 -0.271582 1.84233 2.3031e-39 1
-0.00880256 -0.271582 1.84233 2.67296e-39 1
-1.11815 -0.643191 4.8937 1.56661e-39 1
-1.03995 -0.643191 4.8937 1.1971e-39 1
-1.06342 -0.502217 4.34996 1.65773e-39 1
-1.06342 -0.432708 4.34996 2.30237e-39 1
0.892932 -0.126549 3.55905 3.13465e-39 3
1.09977 -0.146531 4.12101 3.50308e-39 3
0.590582 -0.0742423 2.08798 3.0421e-39 3
0.623946 -0.0742423 2.08798 3.41053e-39 3
0.892932 -0.0696783 3.55905 4.05733e-39 3
0.949803 -0.0696783 3.55905 3.87222e-39 3
0.598563 -0.0414303 2.11619 4.33284e-39 3
0.632378 -0.0414303 2.11619 4.241e-39 3
0.684699 -0.0425812 2.17498 3.59491e-39 3
0.719453 -0.0425812 2.17498 3.41053e-39 3
0.952683 -0.0537867 2.74734 3.8715e-39 3
1.11383 -0.0601146 3.07056 3.77967e-39 3
1.50756 -0.0747767 3.81947 3.22721e-39 3
1.28624 -0.0613169 3.13197 3.13466e-39 3
1.33629 -0.0613169 3.13197 3.50344e-39 3
-4.24606 -0.01761 4.8937 1.38186e-39 3
1.22778 -0.01761 4.8937 3.87366e-39 3
0.949803 -0.0128072 3.55905 4.24137e-39 3
0.606762 -0.00771944 2.14518 4.51795e-39 3
0.641041 -0.00771944 2.14518 4.51759e-39 3
0.694342 -0.00793689 2.20561 4.14881e-39 3
0.863344 -0.00939198 2.60997 4.33248e-39 3
1.00561 -0.0104355 2.89997 3.9637e-39 3
1.11383 -0.0110494 3.07056 4.14809e-39 3
1.47166 -0.0134171 3.72853 4.05625e-39 3
1.53124 -0.0134171 3.72853 3.68747e-39 3
2.134 -0.0156533 4.34996 3.04138e-39 3
1.98316 -0.014088 3.91496 4.05589e-39 3
2.04571 -0.014088 3.91496 3.68783e-39 3
2.34252 -0.0156533 4.34996 3.59491e-39 3
2.55392 -0.0165741 4.60584 4.05481e-39 3
2.55105 -0.0156533 4.34996 3.31941e-39 3
2.62056 -0.0156533 4.34996 3.04282e-39 3
2.25215 -0.0131051 3.64182 3.31905e-39 3
2.5473 -0.0144492 4.01534 2.76587e-39 3
2.61146 -0.0144492 4.01534 3.13394e-39 3
-3.99629 0.0570237 4.60584 2.39637e-39 3
-0.494581 0.0151469 1.22343 3.41124e-39 3
0.706267 0.0430846 3.47996 4.97893e-39 3
0.836061 0.0440638 3.55905 4.33391e-39 3
0.892932 0.0440638 3.55905 4.51795e-39 3
0.597019 0.0276972 2.23712 4.05589e-39 3
0.641937 0.0280986 2.26954 4.51759e-39 3
0.70903 0.0293759 2.3727 3.78038e-39 3
0.758435 0.0298278 2.40921 4.88637e-39 3
0.925011 0.0346215 2.7964 4.70126e-39 3
1.00561 0.0359038 2.89997 5.16116e-39 3
1.11383 0.0380158 3.07056 4.79238e-39 3
1.31795 0.0430846 3.47996 4.70126e-39 3
1.40477 0.0440638 3.55905 3.78003e-39 3
1.49563 0.0450885 3.64182 4.1488e-39 3
1.9206 0.0484702 3.91496 3.87186e-39 3
1.65263 0.0403918 3.26247 3.7793e-39 3
1.70476 0.0403918 3.26247 3.77894e-39 3
2.10827 0.0484702 3.91496 4.14809e-39 3
2.41203 0.0538557 4.34996 4.33248e-39 3
2.48154 0.0538557 4.34996 4.42467e-39 3
2.55105 0.0538557 4.34996 4.33356e-39 3
2.62056 0.0538557 4.34996 3.5038e-39 3
2.42106 0.0484702 3.91496 3.68783e-39 3
2.5473 0.049713 4.01534 3.13394e-39 3
2.61146 0.049713 4.01534 3.50272e-39 3
-4.06989 0.130622 4.60584 3.40945e-39 3
-3.57563 0.116872 4.12101 2.48857e-39 3
-3.50978 0.116872 4.12101 2.76516e-39 3
-1.33763 0.0548288 1.93331 3.59491e-39 3
-1.27525 0.0535076 1.88673 3.7793e-39 3
-1.14826 0.0493459 1.73998 3.4098e-39 3
-1.12046 0.0493459 1.73998 3.13321e-39 3
-0.848493 0.0403739 1.42362 2.39637e-39 3
-0.732516 0.0358156 1.26289 2.39602e-39 3
-0.712003 0.0403739 1.42362 3.22541e-39 3
-0.676946 0.039653 1.3982 4.42467e-39 3
-0.654604 0.039653 1.3982 3.22613e-39 3
-0.632262 0.039653 1.3982 3.41124e-39 3
-0.51413 0.0346963 1.22343 4.05661e-39 3
-0.494581 0.0346963 1.22343 3.96441e-39 3
-0.467723 0.0341626 1.2046 3.96441e-39 3
-0.101579 0.138785 4.8937 5.53246e-39 3
0.428231 0.0986918 3.47996 5.6243e-39 3
0.483838 0.0986918 3.47996 4.51759e-39 3
0.527718 0.0965464 3.40431 3.96478e-39 3
0.569731 0.0944922 3.33188 4.42683e-39 3
0.609994 0.0925236 3.26247 5.34771e-39 3
0.571406 0.0740189 2.60997 4.70198e-39 3
0.574792 0.0693927 2.44685 4.88637e-39 3
0.595288 0.0672899 2.3727 5.25515e-39 3
0.642943 0.0683251 2.40921 4.97821e-39 3
0.726125 0.0728054 2.56719 5.1626e-39 3
0.793152 0.0752734 2.65421 5.90052e-39 3
0.849971 0.0765712 2.69997 4.70198e-39 3
0.94183 0.0807479 2.84724 4.51759e-39 3
1.02458 0.083795 2.95469 4.60907e-39 3
1.11383 0.087081 3.07056 5.43775e-39 3
1.3479 0.100935 3.55905 4.88565e-39 3
1.40477 0.100935 3.55905 5.07112e-39 3
1.49563 0.103282 3.64182 5.62394e-39 3
1.99498 0.123365 4.34996 4.60907e-39 3
1.95583 0.116872 4.12101 4.88637e-39 3
1.6005 0.0925236 3.26247 4.70198e-39 3
1.65263 0.0925236 3.26247 4.42539e-39 3
1.70476 0.0925236 3.26247 4.42467e-39 3
2.34252 0.123365 4.34996 4.70126e-39 3
2.41203 0.123365 4.34996 4.88565e-39 3
2.48154 0.123365 4.34996 4.79238e-39 3
2.55105 0.123365 4.34996 4.97785e-39 3
2.62056 0.123365 4.34996 4.24065e-39 3
2.54849 0.116872 4.12101 4.42468e-39 3
2.61434 0.116872 4.12101 3.96262e-39 3
2.90992 0.126889 4.47424 4.14701e-39 3
-4.06989 0.204219 4.60584 3.0403e-39 3
-3.57563 0.182723 4.12101 2.3031e-39 3
-3.33429 0.173586 3.91496 2.30417e-39 3
-1.25986 0.0807379 1.82091 3.22541e-39 3
-1.21662 0.0798099 1.79998 3.50199e-39 3
-1.14826 0.0771495 1.73998 3.59527e-39 3
-1.12046 0.0771495 1.73998 3.50307e-39 3
-1.0689 0.0754724 1.70216 3.41052e-39 3
-0.904119 0.0655043 1.47734 3.31833e-39 3
-0.848493 0.0631223 1.42362 2.48857e-39 3
-0.756933 0.0578622 1.30499 3.13394e-39 3
-0.73608 0.0578622 1.30499 3.13358e-39 3
-0.762478 0.0655043 1.47734 3.77858e-39 3
-0.712003 0.0631223 1.42362 3.13393e-39 3
-0.676946 0.0619952 1.3982 3.31796e-39 3
-0.654604 0.0619952 1.3982 3.68783e-39 3
-0.632262 0.0619952 1.3982 3.68783e-39 3
-0.569258 0.0578622 1.30499 3.87222e-39 3
-0.548406 0.0578622 1.30499 4.42539e-39 3
-0.545744 0.0598574 1.34999 4.60978e-39 3
-0.570766 0.216983 4.8937 5.34734e-39 3
-0.101579 0.216983 4.8937 6.36222e-39 3
0.316379 0.131009 2.95469 6.63845e-39 3
0.356859 0.128583 2.89997 6.73064e-39 3
0.410806 0.131009 2.95469 6.82176e-39 3
0.441364 0.126245 2.84724 6.08527e-39 3
0.552973 0.111991 2.52578 5.99272e-39 3
0.574792 0.108492 2.44685 5.90052e-39 3
0.586403 0.103634 2.33729 5.25515e-39 3
0.633202 0.105204 2.3727 5.5321e-39 3
0.726125 0.113827 2.56719 5.2548e-39 3
0.793152 0.117686 2.65421 5.71541e-39 3
0.849971 0.119715 2.69997 6.08491e-39 3
0.94183 0.126245 2.84724 5.80833e-39 3
0.987326 0.126245 2.84724 5.53138e-39 3
1.15929 0.141703 3.19589 4.97821e-39 3
1.3479 0.157806 3.55905 5.71613e-39 3
1.37355 0.154299 3.47996 5.99343e-39 3
1.42916 0.154299 3.47996 5.53174e-39 3
1.96513 0.204219 4.60584 5.34663e-39 3
1.92547 0.192874 4.34996 6.08312e-39 3
1.43638 0.138869 3.13197 5.16188e-39 3
1.32717 0.12399 2.7964 4.88565e-39 3
1.37186 0.12399 2.7964 5.34699e-39 3
1.5255 0.133528 3.01151 5.25479e-39 3
2.48154 0.192874 4.34996 5.898e-39 3
2.55105 0.192874 4.34996 4.4236e-39 3
2.62056 0.192874 4.34996 3.2247e-39 3
2.76693 0.198385 4.47424 2.67224e-39 3
2.83842 0.198385 4.47424 3.50164e-39 3
2.90992 0.198385 4.47424 4.23921e-39 3
-3.77427 0.262383 4.34996 2.11978e-39 3
-1.25986 0.109835 1.82091 3.77823e-39 3
-1.20279 0.107338 1.77953 3.59419e-39 3
-1.14826 0.104953 1.73998 4.51687e-39 3
-1.12046 0.104953 1.73998 3.96441e-39 3
-1.0689 0.102672 1.70216 3.59563e-39 3
-0.948877 0.0935226 1.55048 4.51723e-39 3
-0.880512 0.0891112 1.47734 3.8715e-39 3
-0.856905 0.0891112 1.47734 3.31833e-39 3
-0.808226 0.0944578 1.56598 4.70198e-39 3
-0.767846 0.0926057 1.53528 4.70198e-39 3
-0.743314 0.0926057 1.53528 4.79417e-39 3
-0.718781 0.0926057 1.53528 4.79417e-39 3
-0.680897 0.0908248 1.50575 5.53174e-39 3
-0.644444 0.0891112 1.47734 5.62358e-39 3
-0.620837 0.0891112 1.47734 5.34699e-39 3
-0.370836 0.168675 2.7964 6.91395e-39 3
-0.326152 0.168675 2.7964 6.2693e-39 3
-0.303119 0.18165 3.01151 7.00759e-39 3
0.367607 0.295181 4.8937 8.2976e-39 3
0.445804 0.295181 4.8937 7.74444e-39 3
0.524002 0.295181 4.8937 7.5604e-39 3
0.344114 0.168675 2.7964 7.37637e-39 3
0.410806 0.178222 2.95469 8.3898e-39 3
0.441364 0.171742 2.84724 7.65224e-39 3
1.14958 0.295181 4.8937 7.37637e-39 3
0.892932 0.214677 3.55905 7.83663e-39 3
0.623751 0.140982 2.33729 7.37493e-39 3
0.714414 0.152351 2.52578 6.91288e-39 3
0.793152 0.160098 2.65421 5.43883e-39 3
0.835564 0.160098 2.65421 5.90052e-39 3
0.925011 0.168675 2.7964 5.71685e-39 3
0.969696 0.168675 2.7964 6.17747e-39 3
1.2349 0.205343 3.40431 6.4537e-39 3
1.44653 0.230385 3.81947 5.80797e-39 3
1.40477 0.214677 3.55905 5.80833e-39 3
1.92547 0.262383 4.34996 5.52994e-39 3
1.28249 0.168675 2.7964 6.26859e-39 3
1.16127 0.14759 2.44685 5.62322e-39 3
1.32455 0.162858 2.69997 5.07004e-39 3
1.41654 0.168675 2.7964 4.51687e-39 3
2.55105 0.262383 4.34996 4.6062e-39 3
2.62056 0.262383 4.34996 5.06789e-39 3
2.76693 0.26988 4.47424 5.62214e-39 3
2.83842 0.26988 4.47424 5.62358e-39 3
2.90992 0.26988 4.47424 5.90017e-39 3
-3.08804 0.271548 3.55905 2.30489e-39 3
-1.23123 0.135774 1.77953 3.68603e-39 3
-1.17607 0.132757 1.73998 4.14808e-39 3
-1.13564 0.131298 1.72086 3.96441e-39 3
-1.10815 0.131298 1.72086 3.78002e-39 3
-1.0689 0.129871 1.70216 3.31869e-39 3
-0.968046 0.120688 1.5818 4.24065e-39 3
-0.94277 0.120688 1.5818 4.24065e-39 3
-1.04405 0.137335 1.79998 4.60907e-39 3
-1.38015 0.186689 2.44685 3.8715e-39 3
-1.53263 0.213359 2.7964 3.78003e-39 3
-1.38875 0.199135 2.60997 4.241e-39 3
-1.0922 0.161461 2.11619 4.5183e-39 3
-0.815837 0.124459 1.63123 4.88637e-39 3
-0.773653 0.121919 1.59794 4.97856e-39 3
-0.763705 0.124459 1.63123 5.43954e-39 3
-0.722585 0.121919 1.59794 6.2693e-39 3
-0.711573 0.124459 1.63123 5.90017e-39 3
-0.288428 0.165946 2.17498 7.19126e-39 3
-0.253674 0.165946 2.17498 6.45441e-39 3
0.187743 0.331892 4.34996 7.65224e-39 3
0.243713 0.314424 4.12101 8.57419e-39 3
0.192843 0.195871 2.56719 7.46785e-39 3
0.233865 0.195871 2.56719 7.83663e-39 3
0.284204 0.20251 2.65421 7.28382e-39 3
0.326617 0.20251 2.65421 7.83735e-39 3
0.395868 0.217238 2.84724 8.11322e-39 3
0.441364 0.217238 2.84724 7.74443e-39 3
0.836793 0.373378 4.8937 7.6526e-39 3
1.22778 0.373378 4.8937 7.28345e-39 3
0.746274 0.213359 2.7964 7.28274e-39 3
0.763683 0.206002 2.69997 7.19054e-39 3
0.820982 0.209616 2.74734 7.09906e-39 3
0.849971 0.206002 2.69997 6.73064e-39 3
0.925011 0.213359 2.7964 6.91504e-39 3
0.952683 0.209616 2.74734 5.6243e-39 3
1.35251 0.284479 3.72853 7.00723e-39 3
1.56073 0.314424 4.12101 6.54554e-39 3
1.15837 0.192711 2.52578 3.96261e-39 3
1.16127 0.186689 2.44685 2.9481e-39 3
1.20037 0.186689 2.44685 2.85555e-39 3
0.452256 0.0622297 0.815617 8.20326e-39 3
2.83842 0.341375 4.47424 6.17639e-39 3
2.90992 0.341375 4.47424 4.97821e-39 3
-3.4594 0.361261 3.91496 2.85807e-39 3
-2.61296 0.277893 3.01151 3.04246e-39 3
-1.23123 0.164209 1.77953 3.96369e-39 3
-1.17607 0.16056 1.73998 4.33283e-39 3
-1.13564 0.158796 1.72086 4.42503e-39 3
-1.10815 0.158796 1.72086 4.70198e-39 3
-1.08065 0.158796 1.72086 4.97785e-39 3
-1.05315 0.158796 1.72086 4.51723e-39 3
-1.06062 0.164209 1.77953 4.60978e-39 3
-1.16451 0.185262 2.00767 4.42539e-39 3
-1.38015 0.225788 2.44685 4.51687e-39 3
-1.43045 0.240841 2.60997 4.51759e-39 3
-1.38875 0.240841 2.60997 4.3332e-39 3
-1.26285 0.225788 2.44685 4.24172e-39 3
-1.00411 0.185262 2.00767 5.90052e-39 3
-0.824109 0.15707 1.70216 5.80833e-39 3
-0.796909 0.15707 1.70216 5.25515e-39 3
-0.76971 0.15707 1.70216 5.71613e-39 3
-0.759011 0.16056 1.73998 5.71613e-39 3
-0.273248 0.190137 2.06051 8.11322e-39 3
-0.23416 0.185262 2.00767 8.48236e-39 3
-0.218919 0.2007 2.17498 8.94334e-39 3
0.118234 0.401401 4.34996 9.12737e-39 3
0.160923 0.344058 3.72853 8.20541e-39 3
0.151821 0.236892 2.56719 8.85078e-39 3
0.186721 0.229372 2.48569 9.31176e-39 3
0.219473 0.222314 2.40921 9.21957e-39 3
0.26616 0.229372 2.48569 8.75895e-39 3
0.296468 0.222314 2.40921 7.83735e-39 3
0.334965 0.222314 2.40921 7.65224e-39 3
0.713972 0.425013 4.60584 8.29761e-39 3
0.836793 0.451576 4.8937 8.29833e-39 3
0.777081 0.253516 2.74734 7.28274e-39 3
0.835642 0.258043 2.7964 6.72993e-39 3
0.912931 0.267601 2.89997 7.09943e-39 3
0.959271 0.267601 2.89997 6.82248e-39 3
1.00561 0.267601 2.89997 8.11286e-39 3
1.77516 0.451576 4.8937 6.26859e-39 3
1.05617 0.212506 2.30292 4.88061e-39 3
1.12608 0.218946 2.3727 7.46281e-39 3
1.164 0.218946 2.3727 9.49148e-39 3
1.20191 0.218946 2.3727 1.0229e-38 3
2.78296 0.437892 4.74541 7.37314e-39 3
2.83842 0.41287 4.47424 6.45298e-39 3
-3.4594 0.423819 3.91496 3.22685e-39 3
-3.08804 0.38529 3.55905 2.95026e-39 3
-1.20387 0.188364 1.73998 4.88601e-39 3
-1.16314 0.186294 1.72086 5.07039e-39 3
-1.1233 0.184269 1.70216 5.16223e-39 3
-1.08431 0.182288 1.68385 4.05589e-39 3
-1.05741 0.182288 1.68385 4.60907e-39 3
-1.0305 0.182288 1.68385 4.60943e-39 3
-1.03705 0.188364 1.73998 4.88637e-39 3
-1.19516 0.223063 2.06051 4.60978e-39 3
-1.38015 0.264887 2.44685 5.43882e-39 3
-1.43045 0.282546 2.60997 5.25515e-39 3
-1.38875 0.282546 2.60997 4.79417e-39 3
-1.26285 0.264887 2.44685 5.62465e-39 3
-1.15177 0.249305 2.30292 5.16332e-39 3
-0.972026 0.217343 2.00767 5.71649e-39 3
-0.852508 0.197125 1.82091 4.88673e-39 3
-0.76971 0.184269 1.70216 4.88673e-39 3
-0.742511 0.184269 1.70216 6.17711e-39 3
-0.715312 0.184269 1.70216 6.63809e-39 3
-0.264422 0.192645 1.77953 8.29797e-39 3
-0.235987 0.192645 1.77953 8.8515e-39 3
-0.198527 0.184269 1.70216 9.31212e-39 3
-0.179116 0.192645 1.77953 9.6809e-39 3
-0.141062 0.180349 1.66594 1.01415e-38 3
0.101344 0.403637 3.72853 9.49615e-39 3
0.11653 0.292289 2.69997 9.21956e-39 3
0.162475 0.297417 2.74734 9.31176e-39 3
0.196057 0.282546 2.60997 9.31176e-39 3
0.222902 0.264887 2.44685 9.95713e-39 3
0.262001 0.264887 2.44685 1.03263e-38 3
0.283388 0.249305 2.30292 9.77346e-39 3
0.311039 0.242182 2.23712 1.02337e-38 3
0.346786 0.242182 2.23712 9.68054e-39 3
0.78757 0.498611 4.60584 9.95785e-39 3
1.23147 0.446125 4.12101 8.20362e-39 3
1.17377 0.403637 3.72853 6.82176e-39 3
1.36317 0.446125 4.12101 5.71434e-39 3
0.456032 0.111531 1.03025 1.10552e-38 3
0.46038 0.108672 1.00384 1.07793e-38 3
1.03224 0.235455 2.17498 1.16095e-38 3
1.067 0.235455 2.17498 1.1612e-38 3
0.431121 0.0921346 0.851078 1.11521e-38 3
-3.4594 0.486377 3.91496 4.14809e-39 3
-3.39685 0.486377 3.91496 4.24028e-39 3
-3.17551 0.463216 3.72853 3.68783e-39 3
-1.1777 0.211468 1.70216 4.70161e-39 3
-1.13813 0.209194 1.68385 4.60942e-39 3
-1.0994 0.206969 1.66594 4.14808e-39 3
-1.05043 0.202657 1.63123 4.14809e-39 3
-1.04616 0.206969 1.66594 4.23993e-39 3
-1.01954 0.206969 1.66594 4.51579e-39 3
-1.03705 0.216168 1.73998 5.3459e-39 3
-1.16451 0.249424 2.00767 5.07076e-39 3
-1.33833 0.294774 2.3727 5.34735e-39 3
-1.38431 0.313792 2.52578 5.07076e-39 3
-1.38875 0.324251 2.60997 5.90052e-39 3
-1.30359 0.313792 2.52578 5.71541e-39 3
-1.22375 0.303986 2.44685 5.34735e-39 3
-1.08311 0.27793 2.23712 5.07076e-39 3
-0.852508 0.226222 1.82091 5.80904e-39 3
-0.76971 0.211468 1.70216 6.08563e-39 3
-0.742511 0.211468 1.70216 7.00758e-39 3
-0.700092 0.206969 1.66594 6.73028e-39 3
-0.673472 0.206969 1.66594 7.65224e-39 3
-0.633375 0.202657 1.63123 8.85114e-39 3
-0.633714 0.211468 1.70216 8.39016e-39 3
-0.543848 0.198521 1.59794 7.19198e-39 3
-0.445568 0.170659 1.37367 7.46856e-39 3
-0.427366 0.172169 1.38583 7.37493e-39 3
-0.4066 0.221081 1.77953 7.46677e-39 3
-0.386959 0.226222 1.82091 9.49615e-39 3
-0.366382 0.231608 1.86427 9.86529e-39 3
-0.321293 0.221081 1.77953 8.66818e-39 3
-0.292858 0.221081 1.77953 8.48379e-39 3
-0.252926 0.211468 1.70216 8.57599e-39 3
-0.220924 0.206969 1.66594 9.31355e-39 3
-0.186372 0.198521 1.59794 1.01422e-38 3
-0.160838 0.198521 1.59794 9.68126e-39 3
-0.138123 0.202657 1.63123 8.66747e-39 3
0.0250587 0.27793 2.23712 9.40539e-39 3
0.0608062 0.27793 2.23712 9.86493e-39 3
0.0993935 0.286104 2.30292 1.0233e-38 3
0.149372 0.313792 2.52578 1.03259e-38 3
0.192843 0.318936 2.56719 9.86493e-39 3
0.237762 0.324251 2.60997 9.21956e-39 3
0.243015 0.281958 2.26954 1.0972e-38 3
0.256938 0.259401 2.08798 1.06954e-38 3
0.268799 0.240186 1.93331 1.06032e-38 3
0.29247 0.234399 1.88673 1.08798e-38 3
0.322619 0.234399 1.88673 1.13408e-38 3
0.423107 0.127994 1.03025 1.45612e-38 3
0.428299 0.124712 1.00384 1.33637e-38 3
0.438715 0.123133 0.991129 1.19804e-38 3
0.443329 0.120093 0.966657 1.11503e-38 3
0.458775 0.120093 0.966657 1.0967e-38 3
0.451905 0.114442 0.921167 1.05071e-38 3
0.431121 0.105734 0.851078 9.21885e-39 3
0.465289 0.101329 0.815617 7.83591e-39 3
0.925556 0.124712 1.00384 5.25587e-39 3
-1.23167 0.243971 1.73998 4.51759e-39 3
-1.1777 0.238668 1.70216 3.96405e-39 3
-1.1505 0.238668 1.70216 3.8715e-39 3
-1.0765 0.228723 1.63123 4.1488e-39 3
-1.05043 0.228723 1.63123 4.3332e-39 3
-1.04616 0.23359 1.66594 4.60907e-39 3
-1.06485 0.243971 1.73998 5.25335e-39 3
-1.19659 0.281505 2.00767 4.88493e-39 3
-1.2976 0.313677 2.23712 4.60978e-39 3
-1.33833 0.332688 2.3727 5.80904e-39 3
-1.38431 0.354152 2.52578 6.27002e-39 3
-1.38875 0.365957 2.60997 7.65224e-39 3
-1.30359 0.354152 2.52578 5.16296e-39 3
-1.22375 0.343085 2.44685 6.17711e-39 3
-1.11497 0.322903 2.30292 5.99272e-39 3
-0.852508 0.255319 1.82091 7.37601e-39 3
-0.76971 0.238668 1.70216 7.28417e-39 3
-0.711573 0.228723 1.63123 7.19198e-39 3
-0.671517 0.224055 1.59794 7.74443e-39 3
-0.645983 0.224055 1.59794 8.11322e-39 3
-0.620449 0.224055 1.59794 7.09943e-39 3
-0.594915 0.224055 1.59794 7.92919e-39 3
-0.569381 0.224055 1.59794 6.91539e-39 3
-0.52252 0.215269 1.53528 7.28417e-39 3
-0.441693 0.190934 1.36173 7.56076e-39 3
-0.419934 0.190934 1.36173 7.92882e-39 3
-0.405222 0.194313 1.38583 7.46784e-39 3
-0.383077 0.194313 1.38583 6.73064e-39 3
-0.416178 0.224055 1.59794 8.02174e-39 3
-0.398782 0.228723 1.63123 9.21957e-39 3
-0.397564 0.243971 1.73998 8.02102e-39 3
-0.378164 0.249516 1.77953 8.94297e-39 3
-0.341957 0.243971 1.73998 9.5887e-39 3
-0.314153 0.243971 1.73998 1.005e-38 3
-0.28635 0.243971 1.73998 1.01422e-38 3
-0.247544 0.23359 1.66594 1.01422e-38 3
-0.211906 0.224055 1.59794 9.77381e-39 3
-0.169116 0.203309 1.44999 9.77346e-39 3
-0.133578 0.18608 1.32711 1.07876e-38 3
-0.112372 0.18608 1.32711 1.07876e-38 3
-0.112057 0.228723 1.63123 1.06029e-38 3
0.0250587 0.313677 2.23712 1.10642e-38 3
0.0575194 0.296722 2.11619 1.11557e-38 3
0.0913346 0.296722 2.11619 1.08784e-38 3
0.136192 0.322903 2.30292 1.11557e-38 3
0.178234 0.332688 2.3727 1.1801e-38 3
0.216148 0.332688 2.3727 1.11557e-38 3
0.254062 0.332688 2.3727 1.17096e-38 3
0.216521 0.246713 1.75953 1.0972e-38 3
0.239261 0.24129 1.72086 1.19847e-38 3
0.266759 0.24129 1.72086 1.16159e-38 3
0.294257 0.24129 1.72086 1.1707e-38 3
0.386312 0.137234 0.97874 1.32719e-38 3
0.40704 0.138971 0.991129 1.25347e-38 3
0.422877 0.138971 0.991129 1.08769e-38 3
0.433231 0.137234 0.97874 1.07851e-38 3
0.44887 0.137234 0.97874 1.06929e-38 3
0.458775 0.13554 0.966657 1.05089e-38 3
0.468438 0.133887 0.954868 9.3114e-39 3
0.466625 0.129161 0.921167 9.21993e-39 3
0.44472 0.119334 0.851078 9.40432e-39 3
0.671696 0.165093 1.17743 8.85078e-39 3
1.80414 0.354152 2.52578 6.731e-39 3
0.893475 0.140753 1.00384 6.63809e-39 3
0.909515 0.140753 1.00384 6.54625e-39 3
0.91384 0.138971 0.991129 6.36186e-39 3
0.929677 0.138971 0.991129 6.3615e-39 3
-1.16685 0.257471 1.6484 4.79345e-39 3
-1.14051 0.257471 1.6484 4.97785e-39 3
-1.10256 0.254789 1.63123 4.88565e-39 3
-1.0765 0.254789 1.63123 5.16296e-39 3
-1.05043 0.254789 1.63123 4.42575e-39 3
-1.04616 0.26021 1.66594 5.71613e-39 3
-1.63573 0.452958 2.89997 6.731e-39 3
-1.53263 0.436781 2.7964 6.27002e-39 3
-1.48795 0.436781 2.7964 5.34771e-39 3
-1.30359 0.394512 2.52578 6.54589e-39 3
-1.22375 0.382183 2.44685 6.63809e-39 3
-0.881604 0.284416 1.82091 7.09906e-39 3
-0.796909 0.265867 1.70216 6.6388e-39 3
-0.737639 0.254789 1.63123 7.19198e-39 3
-0.68311 0.244597 1.56598 7.28417e-39 3
-0.645183 0.239801 1.53528 7.65224e-39 3
-0.620651 0.239801 1.53528 8.20541e-39 3
-0.596118 0.239801 1.53528 7.92954e-39 3
-0.583017 0.244597 1.56598 8.02138e-39 3
-0.547053 0.239801 1.53528 9.03589e-39 3
-0.502802 0.230752 1.47734 8.7593e-39 3
-0.445568 0.214559 1.37367 7.00758e-39 3
-0.423618 0.214559 1.37367 8.2976e-39 3
-0.405222 0.216458 1.38583 9.12808e-39 3
-0.37317 0.21086 1.34999 9.49687e-39 3
-0.357767 0.214559 1.37367 1.03273e-38 3
-0.330027 0.21086 1.34999 1.03266e-38 3
-0.303227 0.207286 1.32711 1.02344e-38 3
-0.282021 0.207286 1.32711 1.0511e-38 3
-0.265311 0.21086 1.34999 1.04181e-38 3
-0.266734 0.230752 1.47734 1.005e-38 3
-0.243127 0.230752 1.47734 1.03266e-38 3
-0.21952 0.230752 1.47734 1.005e-38 3
-0.192285 0.226479 1.44999 1.12486e-38 3
-0.152204 0.203831 1.30499 1.06947e-38 3
-0.127114 0.197256 1.26289 1.03259e-38 3
-0.106934 0.197256 1.26289 1.06025e-38 3
-0.0867542 0.197256 1.26289 1.08791e-38 3
-0.0665741 0.197256 1.26289 1.06947e-38 3
0.0608062 0.349425 2.23712 1.18003e-38 3
0.0913346 0.330537 2.11619 1.1984e-38 3
0.136192 0.359702 2.30292 1.24457e-38 3
0.178234 0.370602 2.3727 1.33676e-38 3
0.216148 0.370602 2.3727 1.18925e-38 3
0.254062 0.370602 2.3727 1.16152e-38 3
0.214115 0.271775 1.73998 1.16152e-38 3
0.23666 0.265867 1.70216 9.7695e-39 3
0.263859 0.265867 1.70216 6.26499e-39 3
0.294257 0.268788 1.72086 6.0788e-39 3
0.370672 0.152873 0.97874 1.10628e-38 3
0.386312 0.152873 0.97874 1.08787e-38 3
0.401952 0.152873 0.97874 9.49436e-39 3
0.417591 0.152873 0.97874 1.13393e-38 3
0.433231 0.152873 0.97874 1.11557e-38 3
0.386125 0.131504 0.841927 1.0972e-38 3
0.399578 0.131504 0.841927 9.95785e-39 3
0.495638 0.157805 1.01031 1.03263e-38 3
0.502065 0.154808 0.991129 1.05107e-38 3
0.498954 0.149145 0.954868 9.77346e-39 3
0.562206 0.163065 1.04399 9.03589e-39 3
0.607225 0.171047 1.09509 9.12809e-39 3
0.652084 0.178538 1.14305 9.03517e-39 3
0.68028 0.181183 1.15999 9.12736e-39 3
0.684947 0.156793 1.00384 8.29797e-39 3
0.696523 0.155795 0.997442 8.94442e-39 3
0.731088 0.159868 1.02352 7.92954e-39 3
0.742589 0.158829 1.01687 7.83663e-39 3
0.882165 0.154808 0.991129 7.09835e-39 3
0.898002 0.154808 0.991129 6.63773e-39 3
0.91384 0.154808 0.991129 7.00687e-39 3
0.929677 0.154808 0.991129 5.80761e-39 3
-1.15469 0.280855 1.63123 5.25443e-39 3
-1.12863 0.280855 1.63123 5.25443e-39 3
-1.08006 0.275123 1.59794 4.24064e-39 3
-1.05453 0.275123 1.59794 6.27002e-39 3
-1.05043 0.280855 1.63123 5.99416e-39 3
-1.58939 0.499297 2.89997 7.9299e-39 3
-1.54305 0.499297 2.89997 6.91467e-39 3
-1.44326 0.481465 2.7964 5.99236e-39 3
-0.824109 0.293066 1.70216 5.71613e-39 3
-0.691657 0.254359 1.47734 7.09906e-39 3
-0.62117 0.236509 1.37367 8.57455e-39 3
-0.578907 0.228492 1.32711 7.37601e-39 3
-0.557701 0.228492 1.32711 7.09906e-39 3
-0.536495 0.228492 1.32711 7.00687e-39 3
-0.524173 0.232432 1.34999 7.09871e-39 3
-0.539831 0.249649 1.44999 9.31176e-39 3
-0.526409 0.254359 1.47734 8.02138e-39 3
-0.493491 0.249649 1.44999 7.92954e-39 3
-0.45761 0.242901 1.4108 1.01422e-38 3
-0.435067 0.242901 1.4108 1.01426e-38 3
-0.405222 0.238602 1.38583 1.005e-38 3
-0.37317 0.232432 1.34999 1.0327e-38 3
-0.318636 0.210641 1.22343 1.06029e-38 3
-0.299087 0.210641 1.22343 9.40539e-39 3
-0.279537 0.210641 1.22343 1.08805e-38 3
-0.259988 0.210641 1.22343 1.04192e-38 3
-0.244255 0.213985 1.24284 1.00497e-38 3
-0.235615 0.224684 1.30499 1.04185e-38 3
-0.214762 0.224684 1.30499 1.10635e-38 3
-0.190731 0.221001 1.28359 1.06947e-38 3
-0.167474 0.217436 1.26289 1.08794e-38 3
-0.147294 0.217436 1.26289 1.19858e-38 3
-0.123142 0.210641 1.22343 1.1617e-38 3
-0.103593 0.210641 1.22343 1.18932e-38 3
-0.0840431 0.210641 1.22343 1.14319e-38 3
-0.0635015 0.2074 1.2046 1.15241e-38 3
-0.0435823 0.204258 1.18635 1.18932e-38 3
-0.0250042 0.2074 1.2046 1.14323e-38 3
0.0913346 0.364352 2.11619 1.20765e-38 3
0.12515 0.364352 2.11619 1.18e-38 3
0.168049 0.385172 2.23712 1.05081e-38 3
0.205004 0.28683 1.66594 6.816e-39 3
0.226799 0.280855 1.63123 1.05921e-38 3
0.261022 0.289915 1.68385 1.43688e-38 3
0.291058 0.293066 1.70216 1.71336e-38 3
0.318258 0.293066 1.70216 1.8701e-38 3
0.357275 0.162422 0.943364 1.26319e-38 3
0.372349 0.162422 0.943364 1.2539e-38 3
0.396989 0.166432 0.966657 1.20773e-38 3
0.417591 0.168513 0.97874 1.25375e-38 3
0.427882 0.166432 0.966657 1.17081e-38 3
0.386125 0.144957 0.841927 1.11564e-38 3
0.399578 0.144957 0.841927 1.0788e-38 3
0.462794 0.162422 0.943364 1.09716e-38 3
0.486664 0.165411 0.960726 1.12486e-38 3
0.502016 0.165411 0.960726 1.06958e-38 3
0.551182 0.176223 1.02352 1.0511e-38 3
0.575054 0.178557 1.03708 1.02344e-38 3
0.616107 0.185945 1.07999 9.95749e-39 3
0.616361 0.180953 1.051 9.21992e-39 3
0.737032 0.210641 1.22343 9.6809e-39 3
0.673222 0.173949 1.01031 9.31284e-39 3
0.684947 0.172834 1.00384 9.68198e-39 3
0.700988 0.172834 1.00384 9.12881e-39 3
0.731088 0.176223 1.02352 9.12809e-39 3
0.742589 0.175078 1.01687 9.12773e-39 3
0.758838 0.175078 1.01687 9.67982e-39 3
0.866327 0.170646 0.991129 7.0058e-39 3
0.882165 0.170646 0.991129 6.08384e-39 3
0.886777 0.168513 0.97874 6.08384e-39 3
0.91384 0.170646 0.991129 5.992e-39 3
-1.10559 0.300657 1.59794 8.0203e-39 3
-1.08006 0.300657 1.59794 8.29761e-39 3
-1.05453 0.300657 1.59794 6.45513e-39 3
-0.523337 0.179661 0.954868 7.74515e-39 3
-0.715264 0.277966 1.47734 7.37601e-39 3
-0.64312 0.25846 1.37367 8.482e-39 3
-0.571075 0.237616 1.26289 8.11322e-39 3
-0.53368 0.230191 1.22343 7.46856e-39 3
-0.51413 0.230191 1.22343 9.86493e-39 3
-0.486972 0.226649 1.2046 9.40395e-39 3
-0.467723 0.226649 1.2046 9.67982e-39 3
-0.342951 0.17332 0.921167 9.95713e-39 3
-0.493491 0.272818 1.44999 1.17096e-38 3
-0.46177 0.267858 1.42362 1.0972e-38 3
-0.435067 0.265445 1.4108 1.05121e-38 3
-0.384791 0.2476 1.31595 1.13408e-38 3
-0.363763 0.2476 1.31595 1.11564e-38 3
-0.304369 0.219884 1.16864 1.06954e-38 3
-0.285695 0.219884 1.16864 1.11571e-38 3
-0.267021 0.219884 1.16864 9.86637e-39 3
-0.255988 0.226649 1.2046 1.16184e-38 3
-0.240438 0.230191 1.22343 1.16174e-38 3
-0.200523 0.208967 1.11063 1.18018e-38 3
-0.18675 0.21351 1.13477 1.11557e-38 3
-0.178993 0.226649 1.2046 1.10635e-38 3
-0.159745 0.226649 1.2046 1.11564e-38 3
-0.136302 0.219884 1.16864 1.07869e-38 3
-0.117628 0.219884 1.16864 1.1801e-38 3
-0.0974989 0.21665 1.15146 1.19854e-38 3
-0.077953 0.21351 1.13477 1.20773e-38 3
-0.0573277 0.204614 1.08749 1.11557e-38 3
-0.0364106 0.186483 0.991129 9.31176e-39 3
-0.0198204 0.179661 0.954868 8.29689e-39 3
-0.0055016 0.21665 1.15146 6.63485e-39 3
0.0551255 0.175383 0.932133 4.97425e-39 3
0.0700203 0.175383 0.932133 8.19785e-39 3
0.0891609 0.184152 0.97874 1.29891e-38 3
0.10546 0.185311 0.984896 1.68574e-38 3
0.213458 0.288867 1.53528 2.0081e-38 3
0.205721 0.249698 1.32711 2.0726e-38 3
0.212519 0.233844 1.24284 2.04505e-38 3
0.295754 0.29762 1.5818 2.03605e-38 3
0.331063 0.306921 1.63123 1.9718e-38 3
0.308114 0.184152 0.97874 1.19854e-38 3
0.323754 0.184152 0.97874 1.24471e-38 3
0.323232 0.175383 0.932133 1.26315e-38 3
0.312117 0.161892 0.860431 1.32769e-38 3
0.322324 0.160133 0.851078 1.27237e-38 3
0.335923 0.160133 0.851078 1.24468e-38 3
0.345765 0.158411 0.841927 1.33687e-38 3
0.359218 0.158411 0.841927 1.20776e-38 3
0.372671 0.158411 0.841927 1.16167e-38 3
0.38406 0.157564 0.837425 1.06032e-38 3
0.397441 0.157564 0.837425 1.19862e-38 3
0.413032 0.158411 0.841927 1.16174e-38 3
0.450717 0.167411 0.889764 1.10642e-38 3
0.442316 0.159267 0.846478 1.19862e-38 3
0.508017 0.177496 0.943364 1.12486e-38 3
0.603008 0.204614 1.08749 1.18018e-38 3
0.629123 0.207496 1.10281 1.11564e-38 3
0.612252 0.196429 1.04399 1.00493e-38 3
0.616602 0.192578 1.02352 1.06029e-38 3
0.681989 0.207496 1.10281 1.04185e-38 3
0.670047 0.193845 1.03025 8.94442e-39 3
0.673222 0.190093 1.01031 8.76003e-39 3
0.684947 0.188874 1.00384 9.03661e-39 3
0.70551 0.190093 1.01031 8.94442e-39 3
0.731088 0.192578 1.02352 9.86565e-39 3
0.742589 0.191327 1.01687 8.48272e-39 3
0.758838 0.191327 1.01687 8.66639e-39 3
0.76515 0.188874 1.00384 8.57347e-39 3
0.861393 0.188874 1.00384 6.82248e-39 3
0.866327 0.186483 0.991129 6.72957e-39 3
0.882165 0.186483 0.991129 6.72921e-39 3
0.886777 0.184152 0.97874 5.43847e-39 3
0.91384 0.186483 0.991129 5.53067e-39 3
0.99964 0.15346 0.815617 4.32924e-39 3
1.02333 0.155076 0.824202 3.22505e-39 3
-0.844519 0.210307 1.03025 8.57383e-39 3
-0.817302 0.207576 1.01687 8.11322e-39 3
-0.538595 0.194919 0.954868 9.86565e-39 3
-0.498996 0.185853 0.910456 7.83734e-39 3
-0.484447 0.185853 0.910456 8.11393e-39 3
-0.481087 0.190278 0.932133 8.02102e-39 3
-0.66507 0.28041 1.37367 7.83663e-39 3
-0.547132 0.238558 1.16864 9.31176e-39 3
-0.50581 0.228334 1.11856 9.68126e-39 3
-0.461561 0.215991 1.0581 9.40503e-39 3
-0.398841 0.193738 0.949081 1.04188e-38 3
-0.383675 0.193738 0.949081 1.16166e-38 3
-0.355579 0.18694 0.91578 1.16166e-38 3
-0.337004 0.184779 0.905193 1.15252e-38 3
-0.32254 0.184779 0.905193 1.23549e-38 3
-0.313512 0.188039 0.921167 1.21705e-38 3
-0.357709 0.225118 1.10281 1.15262e-38 3
-0.301828 0.199792 0.97874 1.10653e-38 3
-0.286188 0.199792 0.97874 1.11575e-38 3
-0.284788 0.210307 1.03025 1.12486e-38 3
-0.279352 0.21895 1.07259 1.1433e-38 3
-0.251862 0.210307 1.03025 1.14341e-38 3
-0.236959 0.2117 1.03708 1.20794e-38 3
-0.224854 0.215991 1.0581 1.20794e-38 3
-0.212249 0.22046 1.07999 1.1895e-38 3
-0.196346 0.221991 1.08749 1.11575e-38 3
-0.18675 0.231643 1.13477 1.06032e-38 3
-0.166208 0.228334 1.11856 1.15241e-38 3
-0.146245 0.225118 1.10281 1.2262e-38 3
-0.123409 0.215991 1.0581 1.23535e-38 3
-0.103698 0.210307 1.03025 9.67875e-39 3
-0.0861029 0.207576 1.01687 7.46605e-39 3
-0.0680856 0.202321 0.991129 4.14665e-39 3
-0.051595 0.199792 0.97874 3.77823e-39 3
-0.0350785 0.194919 0.954868 4.4236e-39 3
-0.0195816 0.192571 0.943364 4.23884e-39 3
-0.00383701 0.163932 0.803069 6.72632e-39 3
0.0089041 0.162268 0.794916 9.58403e-39 3
0.0210715 0.158251 0.77524 1.46555e-38 3
0.0344835 0.163095 0.798972 1.88036e-38 3
0.0514505 0.177593 0.869991 1.93535e-38 3
0.0653523 0.177593 0.869991 1.92559e-38 3
0.086459 0.193738 0.949081 2.05423e-38 3
0.1048 0.199792 0.97874 2.07242e-38 3
0.121964 0.202321 0.991129 2.09093e-38 3
0.142305 0.208933 1.02352 2.04498e-38 3
0.160762 0.2117 1.03708 2.10051e-38 3
0.176167 0.210307 1.03025 1.94421e-38 3
0.193905 0.2117 1.03708 1.63107e-38 3
0.209092 0.210307 1.03025 1.46541e-38 3
0.222626 0.207576 1.01687 1.42864e-38 3
0.228489 0.198551 0.972661 1.40123e-38 3
0.213527 0.173732 0.851078 1.40137e-38 3
0.213221 0.163095 0.798972 1.2723e-38 3
0.228318 0.164777 0.807208 1.26315e-38 3
0.241216 0.164777 0.807208 1.3001e-38 3
0.254115 0.164777 0.807208 1.16184e-38 3
0.252686 0.155935 0.763895 1.19872e-38 3
0.261072 0.153686 0.752877 1.18947e-38 3
0.269219 0.151501 0.742173 1.19872e-38 3
0.289305 0.155935 0.763895 1.11571e-38 3
0.30905 0.159834 0.782992 1.12493e-38 3
0.342086 0.170036 0.83297 1.25393e-38 3
0.355397 0.170036 0.83297 1.31847e-38 3
0.368707 0.170036 0.83297 1.44747e-38 3
0.38406 0.170945 0.837425 1.28159e-38 3
0.397441 0.170945 0.837425 1.24478e-38 3
0.410823 0.170945 0.837425 1.23557e-38 3
0.424204 0.170945 0.837425 1.11571e-38 3
0.435258 0.170036 0.83297 1.15252e-38 3
0.448568 0.170036 0.83297 1.18018e-38 3
0.504844 0.185853 0.910456 1.21705e-38 3
0.633585 0.226714 1.11063 1.08798e-38 3
0.655984 0.228334 1.11856 1.17088e-38 3
0.659721 0.223543 1.09509 1.11557e-38 3
0.681989 0.225118 1.10281 1.15248e-38 3
0.71989 0.231643 1.13477 1.02352e-38 3
0.670047 0.210307 1.03025 9.03661e-39 3
0.673222 0.206237 1.01031 9.68198e-39 3
0.676277 0.202321 0.991129 9.221e-39 3
0.710092 0.207576 1.01687 8.20685e-39 3
0.731088 0.208933 1.02352 8.75895e-39 3
0.7284 0.20361 0.997442 9.49651e-39 3
0.734975 0.201049 0.984896 9.86494e-39 3
0.750713 0.201049 0.984896 1.00493e-38 3
0.747643 0.196115 0.960726 9.31176e-39 3
0.740286 0.190278 0.932133 8.29761e-39 3
0.95127 0.235049 1.15146 8.11322e-39 3
0.941965 0.228334 1.11856 8.75858e-39 3
0.861393 0.204915 1.00384 8.85078e-39 3
0.877434 0.204915 1.00384 7.83592e-39 3
0.882165 0.202321 0.991129 7.65117e-39 3
0.886777 0.199792 0.97874 8.57384e-39 3
0.902417 0.199792 0.97874 7.92847e-39 3
0.918056 0.199792 0.97874 7.74408e-39 3
0.933696 0.199792 0.97874 6.91468e-39 3
1.01262 0.213111 1.04399 7.56004e-39 3
1.15221 0.238558 1.16864 7.92882e-39 3
1.22577 0.24974 1.22343 5.80832e-39 3
1.28549 0.257796 1.26289 5.07076e-39 3
1.30567 0.257796 1.26289 6.17639e-39 3
0.99964 0.166493 0.815617 4.51219e-39 3
1.02333 0.168246 0.824202 3.86826e-39 3
-0.859961 0.218158 0.991129 5.80833e-39 3
-0.844123 0.218158 0.991129 6.63809e-39 3
-0.866683 0.228272 1.03708 6.54661e-39 3
-0.838999 0.225288 1.02352 6.54697e-39 3
-0.801685 0.219548 0.997442 7.09978e-39 3
-0.775863 0.216786 0.984896 7.00687e-39 3
-1.03344 0.34469 1.56598 9.03589e-39 3
-0.513544 0.200401 0.910456 8.11393e-39 3
-0.49326 0.198098 0.899991 8.20649e-39 3
-0.484447 0.200401 0.910456 9.31247e-39 3
-0.475427 0.202759 0.921167 9.68126e-39 3
-0.477563 0.210177 0.954868 9.49615e-39 3
-0.468012 0.212772 0.966657 1.01415e-38 3
-0.469972 0.220955 1.00384 9.40467e-39 3
-0.453932 0.220955 1.00384 1.08798e-38 3
-0.426944 0.215431 0.97874 1.06965e-38 3
-0.398841 0.208903 0.949081 1.18018e-38 3
-0.381364 0.207645 0.943364 1.15252e-38 3
-0.353512 0.200401 0.910456 1.12479e-38 3
-0.333153 0.196966 0.894848 1.21702e-38 3
-0.318854 0.196966 0.894848 1.06032e-38 3
-0.306305 0.198098 0.899991 1.14341e-38 3
-0.288606 0.195847 0.889764 1.11575e-38 3
-0.294466 0.210177 0.954868 1.16192e-38 3
-0.279208 0.210177 0.954868 1.1895e-38 3
-0.26395 0.210177 0.954868 1.2817e-38 3
-0.247184 0.208903 0.949081 1.21716e-38 3
-0.239269 0.215431 0.97874 1.19865e-38 3
-0.233861 0.225288 1.02352 1.23549e-38 3
-0.218937 0.22677 1.03025 1.11575e-38 3
-0.203815 0.228272 1.03708 1.2633e-38 3
-0.193656 0.236089 1.07259 1.32783e-38 3
-0.174132 0.232899 1.0581 1.27237e-38 3
-0.163867 0.24274 1.10281 1.25382e-38 3
-0.140316 0.232899 1.0581 1.20773e-38 3
-0.120161 0.22677 1.03025 1.11557e-38 3
-0.0997606 0.218158 0.991129 9.12665e-39 3
-0.082874 0.215431 0.97874 5.15972e-39 3
-0.0664044 0.212772 0.966657 5.80366e-39 3
-0.0503365 0.210177 0.954868 1.0229e-38 3
-0.0346558 0.207645 0.943364 1.67757e-38 3
-0.0193485 0.205173 0.932133 1.82519e-38 3
-0.00375989 0.173211 0.786927 2.12014e-38 3
0.00881462 0.173211 0.786927 2.1845e-38 3
0.0210715 0.170639 0.77524 2.24918e-38 3
0.0344835 0.175862 0.798972 2.27687e-38 3
0.0492611 0.183346 0.83297 2.33187e-38 3
0.0625713 0.183346 0.83297 2.15605e-38 3
0.0792541 0.191495 0.869991 2.12806e-38 3
0.102872 0.211467 0.960726 2.04512e-38 3
0.109491 0.195847 0.889764 1.94418e-38 3
0.123709 0.195847 0.889764 1.64958e-38 3
0.137926 0.195847 0.889764 1.47448e-38 3
0.175015 0.225288 1.02352 1.46562e-38 3
0.19263 0.22677 1.03025 1.41056e-38 3
0.176567 0.191495 0.869991 1.429e-38 3
0.188376 0.18939 0.860431 1.43825e-38 3
0.199928 0.187332 0.851078 1.36457e-38 3
0.200454 0.175862 0.798972 1.41077e-38 3
0.190828 0.157393 0.715061 1.38301e-38 3
0.202254 0.157393 0.715061 1.31847e-38 3
0.222838 0.164138 0.745707 1.38311e-38 3
0.234754 0.164138 0.745707 1.30017e-38 3
0.251459 0.167325 0.760186 1.36467e-38 3
0.261072 0.165717 0.752877 1.29092e-38 3
0.269219 0.16336 0.742173 1.29092e-38 3
0.287901 0.167325 0.760186 1.30932e-38 3
0.304482 0.169798 0.771421 1.30932e-38 3
0.329806 0.176764 0.803069 1.49371e-38 3
0.342639 0.176764 0.803069 1.30003e-38 3
0.361026 0.179526 0.815617 1.43829e-38 3
0.382017 0.183346 0.83297 1.22635e-38 3
0.397441 0.184326 0.837425 1.08805e-38 3
0.415264 0.186319 0.846478 1.10649e-38 3
0.426485 0.185317 0.841927 1.17103e-38 3
0.435258 0.183346 0.83297 1.19862e-38 3
0.448568 0.183346 0.83297 1.18018e-38 3
0.461879 0.183346 0.83297 1.15252e-38 3
0.475189 0.183346 0.83297 1.18018e-38 3
0.527804 0.198098 0.899991 1.16167e-38 3
0.542185 0.198098 0.899991 1.04185e-38 3
0.556566 0.198098 0.899991 1.18014e-38 3
0.591338 0.205173 0.932133 1.21713e-38 3
0.599101 0.202759 0.921167 1.02352e-38 3
0.677594 0.223825 1.01687 1.02352e-38 3
0.712345 0.229794 1.04399 9.77418e-39 3
0.724199 0.228272 1.03708 9.4054e-39 3
0.726341 0.223825 1.01687 1.01419e-38 3
0.7284 0.219548 0.997442 1.02341e-38 3
0.734975 0.216786 0.984896 1.02341e-38 3
0.750713 0.216786 0.984896 1.00497e-38 3
0.73858 0.208903 0.949081 1.02337e-38 3
0.72307 0.200401 0.910456 9.12737e-39 3
0.737619 0.200401 0.910456 9.49615e-39 3
0.95127 0.253449 1.15146 9.68054e-39 3
0.969669 0.253449 1.15146 9.58835e-39 3
0.907955 0.232899 1.0581 8.75859e-39 3
0.900524 0.22677 1.03025 6.63737e-39 3
0.905078 0.223825 1.01687 7.28238e-39 3
0.898002 0.218158 0.991129 6.91432e-39 3
0.902417 0.215431 0.97874 8.94262e-39 3
0.918056 0.215431 0.97874 7.55969e-39 3
0.933696 0.215431 0.97874 8.02102e-39 3
0.973677 0.220955 1.00384 7.37565e-39 3
1.11881 0.249776 1.13477 8.482e-39 3
1.17088 0.257232 1.16864 7.09906e-39 3
1.28549 0.277976 1.26289 7.19126e-39 3
1.34919 0.287242 1.30499 6.3597e-39 3
1.41729 0.297147 1.34999 6.26751e-39 3
0.983822 0.181416 0.824202 5.52562e-39 3
0.996992 0.181416 0.824202 4.88025e-39 3
1.01016 0.181416 0.824202 4.97173e-39 3
1.03422 0.183346 0.83297 5.15756e-39 3
-0.854945 0.236996 1.00384 5.44026e-39 3
-0.838905 0.236996 1.00384 6.45441e-39 3
-0.844519 0.243233 1.03025 6.731e-39 3
-0.812029 0.238525 1.01031 7.00759e-39 3
-0.780773 0.233996 0.991129 7.65295e-39 3
-0.779741 0.238525 1.01031 7.00687e-39 3
-0.499037 0.208878 0.884737 1.10635e-38 3
-0.487655 0.210065 0.889764 1.06025e-38 3
-0.484447 0.21495 0.910456 1.04192e-38 3
-0.481087 0.220068 0.932133 1.02344e-38 3
-0.477563 0.225435 0.954868 9.95785e-39 3
-0.468012 0.228218 0.966657 9.58906e-39 3
-0.452566 0.228218 0.966657 9.77346e-39 3
-0.437119 0.228218 0.966657 1.06951e-38 3
-0.421673 0.228218 0.966657 1.16174e-38 3
-0.411304 0.231071 0.97874 1.10642e-38 3
-0.36383 0.212479 0.899991 1.13408e-38 3
-0.349448 0.212479 0.899991 1.10642e-38 3
-0.327538 0.207704 0.879766 1.17096e-38 3
-0.31348 0.207704 0.879766 1.21705e-38 3
-0.301113 0.208878 0.884737 1.18028e-38 3
-0.286976 0.208878 0.884737 1.20798e-38 3
-0.284073 0.217479 0.921167 1.1895e-38 3
-0.269353 0.217479 0.921167 1.21716e-38 3
-0.257665 0.220068 0.932133 1.19872e-38 3
-0.256512 0.232524 0.984896 1.15259e-38 3
-0.239269 0.231071 0.97874 1.11575e-38 3
-0.229364 0.236996 1.00384 1.20794e-38 3
-0.213323 0.236996 1.00384 1.24482e-38 3
-0.197283 0.236996 1.00384 1.26326e-38 3
-0.176711 0.231071 0.97874 1.20794e-38 3
-0.15525 0.222719 0.943364 1.14341e-38 3
-0.138507 0.220068 0.932133 1.2262e-38 3
-0.122158 0.217479 0.921167 1.21698e-38 3
-0.107438 0.217479 0.921167 1.15234e-38 3
-0.0927187 0.217479 0.921167 8.66568e-39 3
-0.076206 0.212479 0.899991 1.41023e-38 3
-0.0618248 0.212479 0.899991 1.90766e-38 3
-0.0474436 0.212479 0.899991 2.26715e-38 3
-0.0306004 0.196656 0.83297 2.33223e-38 3
-0.0167554 0.190574 0.807208 2.31397e-38 3
-0.00375989 0.185786 0.786927 2.34145e-38 3
0.00881462 0.185786 0.786927 2.35063e-38 3
0.0207631 0.180348 0.763895 2.32301e-38 3
0.0359509 0.196656 0.83297 2.32301e-38 3
0.0492611 0.196656 0.83297 2.25836e-38 3
0.0625713 0.196656 0.83297 1.96287e-38 3
0.0775312 0.200931 0.851078 1.81532e-38 3
0.0911308 0.200931 0.851078 1.62199e-38 3
0.0908981 0.174393 0.738672 1.42878e-38 3
0.101742 0.172763 0.731768 1.3829e-38 3
0.113435 0.172763 0.731768 1.41985e-38 3
0.122271 0.168819 0.715061 1.41059e-38 3
0.128985 0.162869 0.689861 1.41992e-38 3
0.138183 0.160745 0.680863 1.43822e-38 3
0.147143 0.158675 0.672096 1.45669e-38 3
0.157208 0.157997 0.669224 1.50286e-38 3
0.167902 0.157997 0.669224 1.45687e-38 3
0.184917 0.16359 0.692913 1.32787e-38 3
0.199521 0.166538 0.705398 1.42006e-38 3
0.21466 0.169593 0.718341 1.23567e-38 3
0.227181 0.170375 0.721652 1.24486e-38 3
0.243195 0.173574 0.735204 1.25404e-38 3
0.253752 0.172763 0.731768 1.33698e-38 3
0.266691 0.173574 0.735204 1.22635e-38 3
0.28651 0.178606 0.756514 1.20794e-38 3
0.301512 0.180348 0.763895 1.34627e-38 3
0.323177 0.185786 0.786927 1.29095e-38 3
0.33916 0.187672 0.794916 1.26315e-38 3
0.355471 0.189597 0.803069 1.2262e-38 3
0.379996 0.195616 0.828563 1.21705e-38 3
0.395327 0.196656 0.83297 1.27241e-38 3
0.410823 0.197708 0.837425 1.26322e-38 3
0.424204 0.197708 0.837425 1.254e-38 3
0.430676 0.194586 0.824202 1.15248e-38 3
0.443847 0.194586 0.824202 1.1156e-38 3
0.452256 0.192559 0.815617 1.22631e-38 3
0.462878 0.191561 0.811391 1.1894e-38 3
0.473391 0.190574 0.807208 1.05117e-38 3
0.486289 0.190574 0.807208 1.18025e-38 3
0.484212 0.184857 0.782992 1.13415e-38 3
0.496724 0.184857 0.782992 1.12493e-38 3
0.599101 0.217479 0.921167 1.15248e-38 3
0.621128 0.220068 0.932133 1.10638e-38 3
0.726883 0.251506 1.0653 1.16181e-38 3
0.73392 0.24813 1.051 1.08805e-38 3
0.750714 0.24813 1.051 1.00511e-38 3
0.733069 0.236996 1.00384 9.86638e-39 3
0.712568 0.225435 0.954868 9.95857e-39 3
0.727826 0.225435 0.954868 1.03263e-38 3
0.700378 0.212479 0.899991 1.02337e-38 3
0.690934 0.205396 0.869991 9.86494e-39 3
0.720854 0.210065 0.889764 9.86494e-39 3
0.95127 0.271848 1.15146 1.02337e-38 3
0.984142 0.275906 1.16864 9.86493e-39 3
0.988069 0.271848 1.15146 8.85078e-39 3
0.924863 0.249807 1.0581 7.46785e-39 3
0.905078 0.240074 1.01687 7.09871e-39 3
0.909515 0.236996 1.00384 6.72993e-39 3
0.902417 0.231071 0.97874 7.2831e-39 3
0.918056 0.231071 0.97874 8.20578e-39 3
0.945515 0.233996 0.991129 8.02138e-39 3
1.04037 0.253229 1.07259 8.48236e-39 3
1.11881 0.267908 1.13477 7.83735e-39 3
1.17088 0.275906 1.16864 7.74443e-39 3
1.24532 0.288839 1.22343 7.83663e-39 3
1.32707 0.303044 1.28359 7.00579e-39 3
1.41729 0.318719 1.34999 6.82176e-39 3
1.43886 0.318719 1.34999 5.71397e-39 3
0.994288 0.196656 0.83297 5.2512e-39 3
0.996992 0.194586 0.824202 5.06608e-39 3
1.01016 0.194586 0.824202 5.61855e-39 3
-0.833572 0.246711 0.97874 5.43954e-39 3
-0.817932 0.246711 0.97874 5.90052e-39 3
-0.812448 0.249833 0.991129 5.99343e-39 3
-0.791601 0.248262 0.984896 7.74515e-39 3
-0.780773 0.249833 0.991129 7.92954e-39 3
-0.795131 0.259695 1.03025 8.48199e-39 3
-0.488009 0.218087 0.865185 1.05103e-38 3
-0.474184 0.218087 0.865185 9.58834e-39 3
-0.484447 0.229498 0.910456 1.01426e-38 3
-0.492821 0.240693 0.954868 9.95784e-39 3
-0.483459 0.243665 0.966657 1.06032e-38 3
-0.462305 0.240693 0.954868 1.08798e-38 3
-0.441661 0.237793 0.943364 9.31248e-39 3
-0.421508 0.234962 0.932133 1.01422e-38 3
-0.406613 0.234962 0.932133 1.15252e-38 3
-0.398841 0.239234 0.949081 1.06954e-38 3
-0.36383 0.22686 0.899991 1.06954e-38 3
-0.341596 0.221762 0.879766 1.1433e-38 3
-0.323898 0.219298 0.869991 1.18028e-38 3
-0.308284 0.218087 0.865185 1.24482e-38 3
-0.296095 0.219298 0.869991 1.21713e-38 3
-0.282193 0.219298 0.869991 1.16184e-38 3
-0.277543 0.22686 0.899991 1.18028e-38 3
-0.263161 0.22686 0.899991 1.18028e-38 3
-0.24878 0.22686 0.899991 1.2817e-38 3
-0.256512 0.248262 0.984896 1.19872e-38 3
-0.232019 0.239234 0.949081 1.25393e-38 3
-0.22363 0.246711 0.97874 1.22627e-38 3
-0.20799 0.246711 0.97874 1.29081e-38 3
-0.189976 0.243665 0.966657 1.30003e-38 3
-0.168296 0.234962 0.932133 1.19872e-38 3
-0.149834 0.229498 0.910456 1.2356e-38 3
-0.122469 0.207756 0.824202 1.1801e-38 3
-0.109299 0.207756 0.824202 1.08791e-38 3
-0.0961289 0.207756 0.824202 1.07869e-38 3
-0.0838413 0.209966 0.83297 1.15237e-38 3
-0.0728563 0.216888 0.860431 1.41023e-38 3
-0.0591073 0.216888 0.860431 1.7139e-38 3
-0.0453582 0.216888 0.860431 2.3225e-38 3
-0.0306004 0.209966 0.83297 2.35066e-38 3
-0.0168422 0.204527 0.811391 2.32319e-38 3
-0.00375989 0.19836 0.786927 2.30467e-38 3
0.00881462 0.19836 0.786927 2.13858e-38 3
0.0197974 0.183599 0.728365 1.98185e-38 3
0.0312906 0.182749 0.724993 1.86203e-38 3
0.0436844 0.186197 0.738672 1.58558e-38 3
0.0552273 0.185322 0.735204 1.4196e-38 3
0.0663523 0.183599 0.728365 1.36417e-38 3
0.077991 0.183599 0.728365 1.36435e-38 3
0.0900485 0.184456 0.731768 1.30003e-38 3
0.101268 0.183599 0.728365 1.33687e-38 3
0.110845 0.180245 0.715061 1.38301e-38 3
0.116423 0.171625 0.680863 1.41988e-38 3
0.127303 0.171625 0.680863 1.23549e-38 3
0.136991 0.170145 0.674993 1.39215e-38 3
0.147143 0.169415 0.672096 1.34613e-38 3
0.156539 0.167973 0.666376 1.43832e-38 3
0.166479 0.167261 0.663553 1.41077e-38 3
0.182495 0.172374 0.683836 1.34627e-38 3
0.195126 0.173893 0.689861 1.26333e-38 3
0.208911 0.176222 0.6991 1.42928e-38 3
0.226139 0.181072 0.718341 1.36471e-38 3
0.242059 0.184456 0.731768 1.31858e-38 3
0.250244 0.181906 0.721652 1.39233e-38 3
0.262987 0.182749 0.724993 1.41999e-38 3
0.275849 0.183599 0.728365 1.47531e-38 3
0.292938 0.187079 0.742173 1.37386e-38 3
0.301935 0.185322 0.735204 1.31854e-38 3
0.330765 0.195414 0.77524 1.24471e-38 3
0.351862 0.200374 0.794916 1.24471e-38 3
0.377996 0.207756 0.824202 1.29081e-38 3
0.391166 0.207756 0.824202 1.1894e-38 3
0.402219 0.206669 0.819887 1.22635e-38 3
0.417506 0.207756 0.824202 1.18025e-38 3
0.423982 0.204527 0.811391 1.2539e-38 3
0.436947 0.204527 0.811391 1.15248e-38 3
0.436348 0.19836 0.786927 1.0972e-38 3
0.45348 0.200374 0.794916 1.1894e-38 3
0.456905 0.196387 0.779097 1.11571e-38 3
0.46703 0.195414 0.77524 1.21713e-38 3
0.477057 0.194452 0.771421 1.15259e-38 3
0.484609 0.192555 0.763895 1.17103e-38 3
0.572175 0.221762 0.879766 1.12482e-38 3
0.621128 0.234962 0.932133 1.13404e-38 3
0.636023 0.234962 0.932133 1.18947e-38 3
0.65876 0.237793 0.943364 1.12493e-38 3
0.682051 0.240693 0.954868 1.08812e-38 3
0.688908 0.237793 0.943364 9.68198e-39 3
0.703982 0.237793 0.943364 1.02352e-38 3
0.685997 0.22686 0.899991 9.68091e-39 3
0.669592 0.216888 0.860431 9.40432e-39 3
0.661532 0.209966 0.83297 9.7731e-39 3
0.674843 0.209966 0.83297 9.7731e-39 3
0.735072 0.224282 0.889764 9.8653e-39 3
0.984142 0.29458 1.16864 9.77274e-39 3
0.988069 0.290248 1.15146 9.31176e-39 3
0.924863 0.266714 1.0581 9.40396e-39 3
0.905078 0.256323 1.01687 9.21921e-39 3
0.886777 0.246711 0.97874 7.3753e-39 3
0.891276 0.243665 0.966657 7.09871e-39 3
0.906722 0.243665 0.966657 5.80869e-39 3
0.735918 0.194452 0.771421 6.26967e-39 3
1.04037 0.270368 1.07259 7.37565e-39 3
1.0873 0.277984 1.10281 7.46785e-39 3
1.17088 0.29458 1.16864 8.3898e-39 3
1.24532 0.308388 1.22343 7.92811e-39 3
1.39571 0.34029 1.34999 7.55932e-39 3
1.0023 0.214531 0.851078 5.89873e-39 3
0.983822 0.207756 0.824202 5.16152e-39 3
0.996992 0.207756 0.824202 5.1608e-39 3
1.01016 0.207756 0.824202 5.06681e-39 3
-0.828286 0.265671 0.991129 7.56004e-39 3
-0.812448 0.265671 0.991129 7.09978e-39 3
-0.806824 0.269077 1.00384 6.8232e-39 3
-0.790783 0.269077 1.00384 6.5466e-39 3
-0.795131 0.276158 1.03025 6.3615e-39 3
-0.472351 0.224471 0.837425 1.00493e-38 3
-0.466453 0.228131 0.851078 1.11557e-38 3
-0.484447 0.244047 0.910456 1.18018e-38 3
-0.486883 0.252868 0.943364 1.1894e-38 3
-0.471809 0.252868 0.943364 1.20783e-38 3
-0.456735 0.252868 0.943364 1.07876e-38 3
-0.436403 0.249857 0.932133 1.06954e-38 3
-0.416549 0.246918 0.921167 1.0695e-38 3
-0.371255 0.228131 0.851078 1.1894e-38 3
-0.35961 0.229377 0.855729 1.10642e-38 3
-0.347837 0.230637 0.860431 1.04188e-38 3
-0.330457 0.228131 0.851078 1.06032e-38 3
-0.316857 0.228131 0.851078 1.21716e-38 3
-0.303257 0.228131 0.851078 1.1895e-38 3
-0.291241 0.229377 0.855729 1.12497e-38 3
-0.277567 0.229377 0.855729 1.18943e-38 3
-0.271306 0.23582 0.879766 1.15252e-38 3
-0.260171 0.2385 0.889764 1.18018e-38 3
-0.245953 0.2385 0.889764 1.23549e-38 3
-0.237125 0.244047 0.910456 1.25393e-38 3
-0.227876 0.249857 0.932133 1.30003e-38 3
-0.215547 0.252868 0.943364 1.33691e-38 3
-0.200473 0.252868 0.943364 1.31847e-38 3
-0.183191 0.249857 0.932133 1.1433e-38 3
-0.153662 0.228131 0.851078 1.08812e-38 3
-0.135639 0.220926 0.824202 1.22635e-38 3
-0.119944 0.216371 0.807208 1.09713e-38 3
-0.103834 0.20988 0.782992 1.35528e-38 3
-0.0913225 0.20988 0.782992 1.28152e-38 3
-0.0812483 0.216371 0.807208 1.30918e-38 3
-0.0697887 0.220926 0.824202 1.34577e-38 3
-0.0572209 0.223277 0.83297 1.44672e-38 3
-0.0439106 0.223277 0.83297 2.07357e-38 3
-0.0299629 0.218625 0.815617 2.23081e-38 3
-0.0169299 0.218625 0.815617 2.06511e-38 3
-0.00351276 0.19707 0.735204 1.77923e-38 3
0.00812087 0.194333 0.724993 1.53949e-38 3
0.0194358 0.191671 0.715061 1.36421e-38 3
0.0305826 0.189937 0.70859 1.309e-38 3
0.0422881 0.191671 0.715061 1.41056e-38 3
0.0534701 0.1908 0.711811 1.3368e-38 3
0.0642601 0.189081 0.705398 1.37361e-38 3
0.0748574 0.187393 0.6991 1.41059e-38 3
0.0879926 0.191671 0.715061 1.40137e-38 3
0.0994188 0.191671 0.715061 1.38311e-38 3
0.107412 0.185735 0.692913 1.4752e-38 3
0.113463 0.177864 0.663553 1.53052e-38 3
0.125664 0.180155 0.672096 1.53974e-38 3
0.135243 0.178621 0.666376 1.46598e-38 3
0.144052 0.17637 0.657977 1.38301e-38 3
0.151385 0.172741 0.644438 1.44765e-38 3
0.161683 0.172741 0.644438 1.38315e-38 3
0.182495 0.183301 0.683836 1.30943e-38 3
0.19427 0.184105 0.686835 1.37393e-38 3
0.204349 0.183301 0.683836 1.42006e-38 3
0.223069 0.189937 0.70859 1.59524e-38 3
0.238713 0.193438 0.721652 1.50297e-38 3
0.244608 0.189081 0.705398 1.43843e-38 3
0.249146 0.184105 0.686835 1.41999e-38 3
0.257859 0.182504 0.680863 1.41999e-38 3
0.267575 0.181714 0.677915 1.41067e-38 3
0.277208 0.180931 0.674993 1.41988e-38 3
0.286758 0.180155 0.672096 1.34616e-38 3
0.296226 0.179385 0.669224 1.32769e-38 3
0.352055 0.205765 0.767639 1.23549e-38 3
0.369759 0.208836 0.779097 1.21705e-38 3
0.389969 0.213076 0.794916 1.24479e-38 3
0.406801 0.215262 0.803069 1.30932e-38 3
0.415373 0.213076 0.794916 1.36453e-38 3
0.425913 0.212 0.790901 1.36453e-38 3
0.429867 0.207802 0.77524 1.15252e-38 3
0.437919 0.205765 0.767639 1.19862e-38 3
0.441528 0.201808 0.752877 1.12493e-38 3
0.453558 0.201808 0.752877 1.11571e-38 3
0.458969 0.198938 0.742173 1.22635e-38 3
0.466408 0.19707 0.735204 1.21713e-38 3
0.494404 0.203767 0.760186 1.17092e-38 3
0.506551 0.203767 0.760186 1.1156e-38 3
0.62854 0.246918 0.921167 1.13415e-38 3
0.643259 0.246918 0.921167 1.18947e-38 3
0.657979 0.246918 0.921167 1.13422e-38 3
0.621515 0.228131 0.851078 1.06961e-38 3
0.642094 0.230637 0.860431 1.11571e-38 3
0.648714 0.228131 0.851078 1.12482e-38 3
0.641399 0.220926 0.824202 1.10638e-38 3
0.641072 0.216371 0.807208 1.07873e-38 3
0.647298 0.214163 0.798972 1.04185e-38 3
0.66687 0.216371 0.807208 9.7731e-39 3
0.686849 0.218625 0.815617 9.77274e-39 3
0.738337 0.230637 0.860431 9.21957e-39 3
0.752086 0.230637 0.860431 8.75859e-39 3
0.741394 0.223277 0.83297 8.85078e-39 3
0.738981 0.218625 0.815617 8.11322e-39 3
0.752014 0.218625 0.815617 8.1125e-39 3
0.765047 0.218625 0.815617 7.56041e-39 3
0.989718 0.269077 1.00384 7.46749e-39 3
-0.812448 0.281509 0.991129 7.46856e-39 3
-0.806824 0.285118 1.00384 6.73064e-39 3
-0.811593 0.292621 1.03025 7.4682e-39 3
-0.478063 0.234097 0.824202 1.06025e-38 3
-0.46005 0.231658 0.815617 1.04181e-38 3
-0.447017 0.231658 0.815617 1.18932e-38 3
-0.452853 0.24173 0.851078 1.1433e-38 3
-0.464498 0.255623 0.899991 1.07876e-38 3
-0.460708 0.261637 0.921167 9.77345e-39 3
-0.445988 0.261637 0.921167 1.0511e-38 3
-0.431269 0.261637 0.921167 1.08802e-38 3
-0.393407 0.247102 0.869991 1.22627e-38 3
-0.371255 0.24173 0.851078 1.20783e-38 3
-0.3718 0.25129 0.884737 1.25393e-38 3
-0.355654 0.249878 0.879766 1.29081e-38 3
-0.332262 0.243051 0.855729 1.32769e-38 3
-0.318589 0.243051 0.855729 1.21713e-38 3
-0.303257 0.24173 0.851078 1.21716e-38 3
-0.289658 0.24173 0.851078 1.27248e-38 3
-0.276058 0.24173 0.851078 1.17096e-38 3
-0.265343 0.244386 0.860431 1.24471e-38 3
-0.251594 0.244386 0.860431 1.18018e-38 3
-0.23526 0.24173 0.851078 1.0511e-38 3
-0.231735 0.252718 0.889764 1.26315e-38 3
-0.222576 0.258595 0.910456 1.34606e-38 3
-0.210475 0.261637 0.921167 1.41059e-38 3
-0.195756 0.261637 0.921167 1.29996e-38 3
-0.167262 0.24173 0.851078 1.25386e-38 3
-0.147259 0.231658 0.815617 1.39223e-38 3
-0.130159 0.224638 0.790901 1.39233e-38 3
-0.115194 0.22019 0.77524 1.45669e-38 3
-0.0961427 0.205918 0.724993 1.41059e-38 3
-0.0845579 0.205918 0.724993 1.30918e-38 3
-0.072973 0.205918 0.724993 1.23549e-38 3
-0.0625464 0.209804 0.738672 1.3552e-38 3
-0.050743 0.209804 0.738672 1.61296e-38 3
-0.0404666 0.218031 0.767639 1.87089e-38 3
-0.0250125 0.193384 0.680863 1.47484e-38 3
-0.0141328 0.193384 0.680863 1.31833e-38 3
-0.00334026 0.198564 0.6991 1.40134e-38 3
0.00786596 0.199454 0.702235 1.41988e-38 3
0.0187508 0.19594 0.689861 1.3184e-38 3
0.0296437 0.19508 0.686835 1.48435e-38 3
0.0407977 0.19594 0.689861 1.55818e-38 3
0.0515939 0.19508 0.686835 1.30936e-38 3
0.0620249 0.193384 0.680863 1.38301e-38 3
0.0729046 0.193384 0.680863 1.33691e-38 3
0.0848916 0.19594 0.689861 1.47531e-38 3
0.095915 0.19594 0.689861 1.47531e-38 3
0.107973 0.179348 0.631445 1.41988e-38 3
0.117589 0.178628 0.628909 1.32769e-38 3
0.127639 0.178628 0.628909 1.3278e-38 3
0.137137 0.177913 0.626394 1.41077e-38 3
0.147147 0.177913 0.626394 1.34624e-38 3
0.157787 0.178628 0.628909 1.46609e-38 3
0.177835 0.18927 0.666376 1.44772e-38 3
0.190921 0.191717 0.674993 1.42003e-38 3
0.199132 0.18927 0.666376 1.45691e-38 3
0.213413 0.192547 0.677915 1.51222e-38 3
0.227196 0.19508 0.686835 1.48453e-38 3
0.238171 0.19508 0.686835 1.43843e-38 3
0.2407 0.188468 0.663553 1.3278e-38 3
0.251303 0.188468 0.663553 1.40155e-38 3
0.260801 0.187672 0.660753 1.35535e-38 3
0.27136 0.187672 0.660753 1.26308e-38 3
0.279559 0.186102 0.655223 1.33684e-38 3
0.285255 0.183038 0.644438 1.37379e-38 3
0.304319 0.188468 0.663553 1.18018e-38 3
0.316262 0.18927 0.666376 1.22627e-38 3
0.389969 0.225778 0.794916 1.44762e-38 3
0.404726 0.22693 0.798972 1.40152e-38 3
0.415373 0.225778 0.794916 1.44751e-38 3
0.417479 0.22019 0.77524 1.37375e-38 3
0.429867 0.22019 0.77524 1.34613e-38 3
0.435783 0.216968 0.763895 1.24471e-38 3
0.43525 0.210798 0.742173 1.14337e-38 3
0.440842 0.207843 0.731768 1.14337e-38 3
0.452535 0.207843 0.731768 1.23557e-38 3
0.462069 0.206876 0.728365 1.32776e-38 3
0.471514 0.205918 0.724993 1.2078e-38 3
0.465846 0.198564 0.6991 1.15248e-38 3
0.481314 0.200353 0.705398 1.12493e-38 3
0.497064 0.202174 0.711811 1.16181e-38 3
0.508438 0.202174 0.711811 1.16181e-38 3
0.529439 0.205918 0.724993 1.16181e-38 3
0.602377 0.22927 0.807208 1.11564e-38 3
0.615275 0.22927 0.807208 1.15248e-38 3
0.621764 0.22693 0.798972 1.12486e-38 3
0.543092 0.194229 0.683836 1.08794e-38 3
0.604145 0.211802 0.745707 1.15248e-38 3
0.63418 0.218031 0.767639 1.13404e-38 3
0.659375 0.222392 0.782992 1.01415e-38 3
0.671887 0.222392 0.782992 1.06947e-38 3
0.684398 0.222392 0.782992 9.86494e-39 3
0.69691 0.222392 0.782992 1.05103e-38 3
0.682136 0.213838 0.752877 9.68054e-39 3
0.674704 0.207843 0.731768 8.11322e-39 3
0.696156 0.210798 0.742173 8.20578e-39 3
0.718228 0.213838 0.752877 5.90089e-39 3
0.740945 0.216968 0.763895 7.00687e-39 3
0.753151 0.216968 0.763895 7.0058e-39 3
0.776724 0.22019 0.77524 7.00615e-39 3
0.77838 0.213838 0.752877 7.74371e-39 3
0.775497 0.209804 0.738672 7.55933e-39 3
0.765631 0.204029 0.718341 7.09835e-39 3
-0.471385 0.237276 0.790901 9.21956e-39 3
-0.458747 0.237276 0.790901 9.58835e-39 3
-0.446109 0.237276 0.790901 1.15245e-38 3
-0.433471 0.237276 0.790901 1.18932e-38 3
-0.433984 0.244691 0.815617 1.10635e-38 3
-0.439253 0.25533 0.851078 1.03259e-38 3
-0.445002 0.266936 0.889764 1.06032e-38 3
-0.430784 0.266936 0.889764 1.14326e-38 3
-0.416566 0.266936 0.889764 1.17096e-38 3
-0.384855 0.25533 0.851078 1.12489e-38 3
-0.371255 0.25533 0.851078 1.29092e-38 3
-0.365604 0.261004 0.869991 1.27248e-38 3
-0.351702 0.261004 0.869991 1.18021e-38 3
-0.330457 0.25533 0.851078 1.22627e-38 3
-0.316857 0.25533 0.851078 1.29077e-38 3
-0.301618 0.25395 0.846478 1.31847e-38 3
-0.288092 0.25395 0.846478 1.1894e-38 3
-0.264556 0.244691 0.815617 1.35535e-38 3
-0.251523 0.244691 0.815617 1.35535e-38 3
-0.23849 0.244691 0.815617 1.25393e-38 3
-0.220856 0.239697 0.798972 1.2539e-38 3
-0.192384 0.221607 0.738672 1.12479e-38 3
-0.169394 0.207879 0.692913 1.28148e-38 3
-0.158322 0.207879 0.692913 1.4563e-38 3
-0.144689 0.204264 0.680863 1.39183e-38 3
-0.136178 0.207879 0.692913 1.53949e-38 3
-0.128517 0.213548 0.711811 1.5764e-38 3
-0.117143 0.213548 0.711811 1.47506e-38 3
-0.102058 0.206056 0.686835 1.36417e-38 3
-0.0910826 0.206056 0.686835 1.43807e-38 3
-0.0804603 0.206963 0.689861 1.41067e-38 3
-0.0676488 0.201634 0.672096 1.24478e-38 3
-0.0561858 0.199071 0.663553 1.48438e-38 3
-0.0455827 0.199071 0.663553 1.45655e-38 3
-0.0349796 0.199071 0.663553 1.44733e-38 3
-0.0242737 0.198231 0.660753 1.32755e-38 3
-0.0137154 0.198231 0.660753 1.37371e-38 3
-0.00325312 0.204264 0.680863 1.41066e-38 3
0.00772735 0.206963 0.689861 1.37371e-38 3
0.018587 0.205156 0.683836 1.36449e-38 3
0.0295142 0.205156 0.683836 1.49364e-38 3
0.0406188 0.206056 0.686835 1.58584e-38 3
0.0515939 0.206056 0.686835 1.38293e-38 3
0.0617564 0.20338 0.677915 1.41988e-38 3
0.0716584 0.200772 0.669224 1.26326e-38 3
0.0820016 0.199918 0.666376 1.38301e-38 3
0.0967133 0.187174 0.623898 1.37375e-38 3
0.105839 0.185694 0.618966 1.44765e-38 3
0.115274 0.184963 0.616529 1.43843e-38 3
0.125621 0.185694 0.618966 1.39233e-38 3
0.134448 0.184238 0.614111 1.48449e-38 3
0.143139 0.182804 0.609332 1.52141e-38 3
0.154681 0.184963 0.616529 1.43847e-38 3
0.167165 0.187923 0.626394 1.41081e-38 3
0.177886 0.188677 0.628909 1.46613e-38 3
0.189457 0.190205 0.634002 1.43843e-38 3
0.206269 0.196572 0.655223 1.45687e-38 3
0.218568 0.198231 0.660753 1.43843e-38 3
0.224392 0.194135 0.647101 1.32783e-38 3
0.229054 0.189438 0.631445 1.36471e-38 3
0.245073 0.194135 0.647101 1.41996e-38 3
0.253319 0.192544 0.641797 1.33698e-38 3
0.263575 0.192544 0.641797 1.44762e-38 3
0.272713 0.191758 0.639177 1.54896e-38 3
0.280635 0.190205 0.634002 1.45676e-38 3
0.29314 0.191758 0.639177 1.29999e-38 3
0.303353 0.191758 0.639177 1.43832e-38 3
0.312292 0.190978 0.636579 1.42907e-38 3
0.317305 0.187923 0.626394 1.33698e-38 3
0.32601 0.187174 0.623898 1.34609e-38 3
0.390421 0.217503 0.724993 1.35531e-38 3
0.411532 0.222657 0.742173 1.39223e-38 3
0.419416 0.220567 0.735204 1.21705e-38 3
0.429149 0.219536 0.731768 1.24478e-38 3
0.432753 0.215508 0.718341 1.26322e-38 3
0.421054 0.204264 0.680863 1.2539e-38 3
0.431934 0.204264 0.680863 1.22624e-38 3
0.446698 0.206056 0.686835 1.25393e-38 3
0.453693 0.204264 0.680863 1.28156e-38 3
0.468648 0.206056 0.686835 1.12482e-38 3
0.479623 0.206056 0.686835 1.06029e-38 3
0.503858 0.211625 0.705398 1.11557e-38 3
0.499383 0.205156 0.683836 1.18936e-38 3
0.508092 0.204264 0.680863 1.2078e-38 3
0.552608 0.217503 0.724993 1.13404e-38 3
0.553935 0.213548 0.711811 1.15259e-38 3
0.540731 0.204264 0.680863 1.09727e-38 3
0.576684 0.213548 0.711811 1.18025e-38 3
0.588058 0.213548 0.711811 1.06029e-38 3
0.646446 0.230297 0.767639 1.03259e-38 3
0.665235 0.232578 0.77524 1.11557e-38 3
0.677622 0.232578 0.77524 1.17085e-38 3
0.663724 0.223717 0.745707 1.06021e-38 3
0.669266 0.221607 0.738672 9.12773e-39 3
0.644583 0.209735 0.6991 8.85115e-39 3
0.655754 0.209735 0.6991 7.92955e-39 3
0.633014 0.199071 0.663553 7.46821e-39 3
0.649118 0.200772 0.669224 7.55969e-39 3
0.919024 0.279647 0.932133 7.46749e-39 3
0.776724 0.232578 0.77524 7.09835e-39 3
0.724548 0.213548 0.711811 7.55933e-39 3
0.729293 0.211625 0.705398 7.55933e-39 3
0.733952 0.209735 0.6991 7.92847e-39 3
0.738529 0.207879 0.692913 6.82176e-39 3
-0.458747 0.249914 0.790901 1.08791e-38 3
-0.424662 0.237899 0.752877 1.05103e-38 3
-0.412631 0.237899 0.752877 1.06947e-38 3
-0.408456 0.242564 0.767639 1.06947e-38 3
-0.416612 0.255067 0.807208 1.1801e-38 3
-0.407918 0.257724 0.815617 1.20783e-38 3
-0.416582 0.271885 0.860431 1.18939e-38 3
-0.398455 0.268929 0.851078 1.21705e-38 3
-0.368819 0.257724 0.815617 1.30003e-38 3
-0.352119 0.255067 0.807208 1.29092e-38 3
-0.329043 0.247415 0.782992 1.22627e-38 3
-0.313398 0.244965 0.77524 1.1894e-38 3
-0.284131 0.231229 0.731768 1.24464e-38 3
-0.272438 0.231229 0.731768 1.30925e-38 3
-0.25596 0.226986 0.718341 1.26315e-38 3
-0.244482 0.226986 0.718341 1.38301e-38 3
-0.235161 0.229088 0.724993 1.31847e-38 3
-0.223576 0.229088 0.724993 1.41988e-38 3
-0.211991 0.229088 0.724993 1.38301e-38 3
-0.197661 0.22595 0.715061 1.31847e-38 3
-0.184549 0.223905 0.70859 1.37371e-38 3
-0.170907 0.220906 0.6991 1.2629e-38 3
-0.156248 0.216083 0.683836 1.28998e-38 3
-0.142216 0.211466 0.669224 1.54799e-38 3
-0.129311 0.207912 0.657977 1.40062e-38 3
-0.1183 0.207042 0.655223 1.23445e-38 3
-0.10519 0.201971 0.639177 1.38178e-38 3
-0.09459 0.20115 0.636579 1.52926e-38 3
0.0286388 0.209674 0.663553 1.51208e-38 3
0.0612263 0.212373 0.672096 1.50286e-38 3
0.0967133 0.197143 0.623898 1.33691e-38 3
0.106259 0.196361 0.621422 1.47531e-38 3
0.114822 0.194051 0.614111 1.46609e-38 3
0.12177 0.18959 0.599994 1.35546e-38 3
0.130359 0.188148 0.595431 1.51219e-38 3
0.139873 0.188148 0.595431 1.50297e-38 3
0.149388 0.188148 0.595431 1.5491e-38 3
0.161356 0.191054 0.604627 1.48457e-38 3
0.171018 0.191054 0.604627 1.4846e-38 3
0.187184 0.197932 0.626394 1.50297e-38 3
0.2004 0.20115 0.636579 1.39233e-38 3
0.211431 0.201971 0.639177 1.33702e-38 3
0.21985 0.200336 0.634002 1.37393e-38 3
0.227221 0.197932 0.626394 1.40159e-38 3
0.239144 0.199528 0.631445 1.37386e-38 3
0.260373 0.200336 0.634002 1.41996e-38 3
0.269414 0.199528 0.631445 1.41067e-38 3
0.278381 0.198727 0.628909 1.29081e-38 3
0.328307 0.211466 0.669224 1.40141e-38 3
0.316041 0.197143 0.623898 1.49361e-38 3
0.32601 0.197143 0.623898 1.34609e-38 3
0.33598 0.197143 0.623898 1.40141e-38 3
0.377536 0.215143 0.680863 1.30925e-38 3
0.385067 0.213289 0.674993 1.26315e-38 3
0.392469 0.211466 0.669224 1.18947e-38 3
0.399746 0.209674 0.663553 1.17103e-38 3
0.447852 0.212373 0.672096 1.24479e-38 3
0.456632 0.211466 0.669224 1.32776e-38 3
0.471354 0.213289 0.674993 1.10649e-38 3
0.486332 0.215143 0.680863 1.12482e-38 3
0.497212 0.215143 0.680863 1.08794e-38 3
0.503712 0.213289 0.674993 1.1156e-38 3
0.532872 0.220906 0.6991 1.12482e-38 3
0.525283 0.213289 0.674993 1.04196e-38 3
0.526983 0.209674 0.663553 1.15259e-38 3
0.5221 0.203634 0.644438 1.09727e-38 3
0.532398 0.203634 0.644438 1.10649e-38 3
0.583518 0.218951 0.692913 9.95713e-39 3
0.627932 0.231229 0.731768 9.21993e-39 3
0.645659 0.23341 0.738672 1.09716e-38 3
0.651318 0.231229 0.731768 9.31212e-39 3
0.606343 0.211466 0.669224 1.05107e-38 3
0.617037 0.211466 0.669224 9.7731e-39 3
0.630425 0.212373 0.672096 9.40432e-39 3
0.691893 0.211466 0.669224 8.75787e-39 3
0.708643 0.213289 0.674993 9.21885e-39 3
-0.386609 0.234168 0.705398 1.08791e-38 3
-0.382225 0.238465 0.718341 1.20776e-38 3
-0.381239 0.245214 0.738672 1.32762e-38 3
-0.372954 0.247549 0.745707 1.26315e-38 3
-0.394885 0.270757 0.815617 1.1433e-38 3
-0.381852 0.270757 0.815617 1.17096e-38 3
-0.365017 0.267966 0.807208 1.22627e-38 3
-0.341555 0.259927 0.782992 1.32769e-38 3
-0.313375 0.247549 0.745707 1.29077e-38 3
-0.287756 0.236297 0.711811 1.32762e-38 3
-0.269044 0.230024 0.692913 1.25386e-38 3
-0.236039 0.210467 0.634002 1.2262e-38 3
-0.240515 0.224075 0.674993 1.29996e-38 3
-0.221525 0.238465 0.718341 1.35535e-38 3
-0.209087 0.237376 0.715061 1.32769e-38 3
-0.197661 0.237376 0.715061 1.17096e-38 3
-0.184549 0.235228 0.70859 1.19854e-38 3
-0.170907 0.232077 0.6991 1.34588e-38 3
-0.156248 0.22701 0.683836 1.4469e-38 3
-0.14101 0.220277 0.663553 1.37292e-38 3
-0.129311 0.218426 0.657977 1.79652e-38 3
-0.103917 0.209618 0.631445 1.85137e-38 3
-0.0868252 0.193975 0.584322 1.69471e-38 3
-0.0649982 0.185001 0.55729 1.37371e-38 3
-0.0560931 0.185001 0.55729 1.47531e-38 3
-0.0468546 0.183694 0.553351 1.42003e-38 3
-0.0276093 0.173864 0.523741 1.34613e-38 3
-0.0192404 0.173864 0.523741 1.30929e-38 3
-0.0107991 0.172709 0.520261 1.46598e-38 3
-0.00245317 0.170444 0.513437 1.55811e-38 3
0.00580831 0.172137 0.518538 1.44747e-38 3
0.0142356 0.173864 0.523741 1.53967e-38 3
0.0227568 0.175035 0.527267 1.48446e-38 3
0.0315003 0.176821 0.532648 1.36457e-38 3
0.039876 0.176221 0.530842 1.44751e-38 3
0.0480328 0.175035 0.527267 1.60428e-38 3
0.0690044 0.213931 0.644438 1.41077e-38 3
0.0834204 0.199177 0.599994 1.36457e-38 3
0.0930078 0.199177 0.599994 1.41988e-38 3
0.105423 0.204667 0.616529 1.50297e-38 3
0.113929 0.202278 0.609332 1.41999e-38 3
0.120386 0.196914 0.593176 1.47531e-38 3
0.128406 0.194702 0.586511 1.59516e-38 3
0.135245 0.191123 0.575729 1.52141e-38 3
0.144978 0.191828 0.577854 1.39237e-38 3
0.151968 0.189038 0.569449 1.36471e-38 3
0.180679 0.200716 0.604627 1.49375e-38 3
0.2004 0.211322 0.636579 1.40155e-38 3
0.211431 0.212185 0.639177 1.48453e-38 3
0.21985 0.210467 0.634002 1.31861e-38 3
0.224527 0.205476 0.618966 1.44769e-38 3
0.238183 0.208776 0.628909 1.53981e-38 3
0.249234 0.209618 0.631445 1.41074e-38 3
0.259324 0.209618 0.631445 1.42918e-38 3
0.268332 0.208776 0.628909 1.49364e-38 3
0.278381 0.208776 0.628909 1.44751e-38 3
0.29848 0.208776 0.628909 1.54889e-38 3
0.304857 0.206291 0.621422 1.51201e-38 3
0.336128 0.220277 0.663553 1.40141e-38 3
0.32601 0.207113 0.623898 1.41988e-38 3
0.360388 0.222159 0.669224 1.40145e-38 3
0.371082 0.222159 0.669224 1.30003e-38 3
0.375359 0.218426 0.657977 1.35535e-38 3
0.460568 0.224075 0.674993 1.19869e-38 3
0.473394 0.225045 0.677915 1.17103e-38 3
0.484227 0.225045 0.677915 1.07873e-38 3
0.49506 0.225045 0.677915 1.13404e-38 3
0.499406 0.222159 0.669224 1.12482e-38 3
0.5101 0.222159 0.669224 1.12486e-38 3
0.505561 0.211322 0.636579 1.15248e-38 3
0.499509 0.200716 0.604627 1.01437e-38 3
0.52646 0.199944 0.602302 9.03554e-39 3
0.536085 0.199944 0.602302 9.12773e-39 3
0.543618 0.199177 0.599994 9.95749e-39 3
0.617181 0.218426 0.657977 1.00493e-38 3
0.604823 0.210467 0.634002 8.57456e-39 3
-0.364587 0.212842 0.611713 9.68054e-39 3
-0.354812 0.212842 0.611713 8.85078e-39 3
-0.376435 0.238981 0.686835 1.31843e-38 3
-0.371986 0.243248 0.6991 1.37379e-38 3
-0.360815 0.243248 0.6991 1.24471e-38 3
-0.34655 0.241096 0.692913 1.19861e-38 3
-0.335478 0.241096 0.692913 1.17096e-38 3
-0.333253 0.247671 0.711811 1.26315e-38 3
-0.354067 0.272438 0.782992 1.32769e-38 3
-0.325291 0.259465 0.745707 1.20783e-38 3
-0.301875 0.249943 0.718341 1.19862e-38 3
-0.280117 0.241096 0.692913 1.26315e-38 3
-0.262086 0.234861 0.674993 1.18018e-38 3
-0.234143 0.218826 0.628909 1.22627e-38 3
-0.223198 0.217951 0.626394 1.38301e-38 3
-0.211496 0.216221 0.621422 1.50279e-38 3
-0.199979 0.214518 0.616529 1.38293e-38 3
-0.190128 0.214518 0.616529 1.34613e-38 3
-0.202611 0.241096 0.692913 1.39223e-38 3
-0.151613 0.23088 0.663553 1.42882e-38 3
-0.129311 0.22894 0.657977 1.73231e-38 3
-0.0855483 0.200322 0.575729 1.3543e-38 3
-0.0647677 0.193219 0.555314 1.4752e-38 3
-0.0558942 0.193219 0.555314 1.45676e-38 3
-0.0462016 0.189852 0.545639 1.48442e-38 3
-0.0275173 0.181625 0.521995 1.39212e-38 3
-0.0191762 0.181625 0.521995 1.36449e-38 3
-0.0107279 0.179827 0.516826 1.47517e-38 3
-0.00244515 0.178064 0.51176 1.39223e-38 3
0.00578914 0.179827 0.516826 1.41066e-38 3
0.0141881 0.181625 0.521995 1.5213e-38 3
0.0227568 0.18346 0.527267 1.36457e-38 3
0.0313935 0.184704 0.530842 1.4752e-38 3
0.039876 0.184704 0.530842 1.38301e-38 3
0.0480328 0.18346 0.527267 1.51208e-38 3
0.0596728 0.193906 0.55729 1.48442e-38 3
0.0716371 0.202556 0.58215 1.49368e-38 3
0.0786019 0.196706 0.565337 1.43832e-38 3
0.0876355 0.196706 0.565337 1.65959e-38 3
0.0970194 0.197419 0.567386 1.59506e-38 3
0.110489 0.205614 0.590937 1.49364e-38 3
0.117711 0.201806 0.579994 1.37389e-38 3
0.123325 0.195999 0.563304 1.43843e-38 3
0.140318 0.194599 0.55928 1.40145e-38 3
0.147153 0.191858 0.551403 1.47527e-38 3
0.153797 0.189193 0.543745 1.3462e-38 3
0.231253 0.243248 0.6991 1.48453e-38 3
0.249234 0.219708 0.631445 1.51208e-38 3
0.259324 0.219708 0.631445 1.62271e-38 3
0.267258 0.217951 0.626394 1.46595e-38 3
0.277268 0.217951 0.626394 1.50279e-38 3
0.286132 0.217082 0.623898 1.51194e-38 3
0.292605 0.214518 0.616529 1.54889e-38 3
0.297767 0.211192 0.606971 1.45669e-38 3
0.319864 0.219708 0.631445 1.4291e-38 3
0.319643 0.212842 0.611713 1.33694e-38 3
0.484227 0.235877 0.677915 1.19869e-38 3
0.49506 0.235877 0.677915 1.26322e-38 3
0.503643 0.229906 0.660753 1.07873e-38 3
0.50952 0.218826 0.628909 1.17092e-38 3
0.493789 0.207968 0.597704 1.12482e-38 3
0.493914 0.204074 0.586511 9.77346e-39 3
0.505178 0.204841 0.588716 1.09716e-38 3
0.514585 0.204841 0.588716 1.10638e-38 3
0.527962 0.206393 0.593176 9.31213e-39 3
0.537441 0.206393 0.593176 9.95749e-39 3
0.548999 0.207177 0.595431 9.95749e-39 3
0.585215 0.217082 0.623898 1.0143e-38 3
0.595185 0.217082 0.623898 8.39125e-39 3
-0.34872 0.202092 0.555314 1.06025e-38 3
-0.338645 0.201378 0.553351 1.06947e-38 3
-0.328642 0.200669 0.551403 9.12736e-39 3
-0.317594 0.199266 0.547547 1.03259e-38 3
-0.3067 0.197882 0.543745 1.27241e-38 3
-0.30496 0.25442 0.6991 1.1894e-38 3
-0.291189 0.252168 0.692913 1.35535e-38 3
-0.272872 0.245646 0.674993 1.33691e-38 3
-0.262086 0.245646 0.674993 1.23549e-38 3
-0.242924 0.237458 0.652493 1.32769e-38 3
-0.211496 0.226151 0.621422 1.48435e-38 3
-0.158993 0.197882 0.543745 1.32769e-38 3
-0.146242 0.192534 0.529049 1.29074e-38 3
-0.137789 0.192534 0.529049 1.29074e-38 3
-0.129335 0.192534 0.529049 1.46587e-38 3
-0.121291 0.193186 0.530842 1.51197e-38 3
-0.106125 0.196517 0.539995 1.55767e-38 3
-0.0978332 0.197197 0.541863 1.55771e-38 3
-0.0846151 0.207236 0.569449 1.45651e-38 3
-0.073381 0.201378 0.553351 1.51204e-38 3
-0.0636394 0.198571 0.545639 1.55829e-38 3
-0.0553059 0.199965 0.549468 1.41066e-38 3
-0.0460411 0.197882 0.543745 1.45676e-38 3
-0.0277953 0.191885 0.527267 1.29999e-38 3
-0.0192404 0.190602 0.523741 1.35531e-38 3
-0.0105881 0.185635 0.510093 1.38304e-38 3
-0.00243719 0.185635 0.510093 1.4752e-38 3
0.0058276 0.189335 0.520261 1.50286e-38 3
0.0141881 0.189967 0.521995 1.37379e-38 3
0.0393425 0.190602 0.523741 1.5029e-38 3
0.0475525 0.189967 0.521995 1.58584e-38 3
0.0562687 0.191242 0.525498 1.57662e-38 3
0.0648835 0.191885 0.527267 1.6135e-38 3
0.0777597 0.203536 0.55928 1.53052e-38 3
0.087953 0.206485 0.567386 1.44754e-38 3
0.0970194 0.206485 0.567386 1.59509e-38 3
0.110074 0.214248 0.588716 1.43832e-38 3
0.117277 0.210295 0.577854 1.59516e-38 3
0.129076 0.199965 0.549468 1.51208e-38 3
0.13642 0.197882 0.543745 1.5213e-38 3
0.231253 0.25442 0.6991 1.54907e-38 3
0.176883 0.185635 0.510093 1.52144e-38 3
0.1907 0.183247 0.503532 1.50293e-38 3
0.199387 0.183839 0.505156 1.54896e-38 3
0.207459 0.183839 0.505156 1.53052e-38 3
0.258971 0.220891 0.606971 1.52126e-38 3
0.272901 0.22437 0.616529 1.6042e-38 3
0.276228 0.219192 0.602302 1.54889e-38 3
0.28367 0.217519 0.597704 1.55811e-38 3
0.482047 0.220891 0.606971 1.22624e-38 3
0.482397 0.216692 0.595431 1.18936e-38 3
0.488426 0.211074 0.579994 1.12486e-38 3
0.497694 0.211074 0.579994 1.11564e-38 3
0.512658 0.213446 0.586511 1.10638e-38 3
0.52203 0.213446 0.586511 1.01419e-38 3
0.5334 0.214248 0.588716 8.48236e-39 3
0.546919 0.215871 0.593176 8.11358e-39 3
0.576035 0.22349 0.614111 8.94442e-39 3
0.595185 0.227052 0.623898 9.12881e-39 3
0.607575 0.22796 0.626394 9.68127e-39 3
-0.345049 0.208745 0.549468 1.16166e-38 3
-0.332766 0.20657 0.543745 1.02337e-38 3
-0.325207 0.20729 0.545639 1.15245e-38 3
-0.318709 0.208745 0.549468 1.17088e-38 3
-0.3067 0.20657 0.543745 1.19861e-38 3
-0.204375 0.184759 0.48633 1.36457e-38 3
-0.196604 0.184759 0.48633 1.33691e-38 3
-0.16426 0.202355 0.532648 1.35528e-38 3
-0.156815 0.203741 0.536296 1.41981e-38 3
-0.146242 0.200987 0.529049 1.40134e-38 3
-0.137325 0.200311 0.527267 1.32758e-38 3
-0.128467 0.199639 0.525498 1.29074e-38 3
-0.119668 0.198971 0.523741 1.29074e-38 3
-0.110928 0.198308 0.521995 1.41978e-38 3
-0.101908 0.196994 0.518538 1.39215e-38 3
-0.0936219 0.196994 0.518538 1.3645e-38 3
-0.0718575 0.205856 0.541863 1.45676e-38 3
-0.05398 0.203741 0.536296 1.41981e-38 3
-0.0454104 0.203741 0.536296 1.41059e-38 3
-0.036343 0.200987 0.529049 1.31847e-38 3
0.0384425 0.194419 0.51176 1.48453e-38 3
0.0466201 0.194419 0.51176 1.37389e-38 3
0.0547976 0.194419 0.51176 1.5213e-38 3
0.0625662 0.193157 0.508436 1.51201e-38 3
0.11204 0.194419 0.51176 1.47531e-38 3
0.131842 0.199639 0.525498 1.62271e-38 3
0.167099 0.191911 0.505156 1.45687e-38 3
0.181486 0.190071 0.500314 1.42003e-38 3
0.188878 0.189466 0.498721 1.47531e-38 3
0.198109 0.19068 0.501918 1.41988e-38 3
0.20352 0.188267 0.495565 1.50286e-38 3
0.246098 0.196994 0.518538 1.53048e-38 3
0.252631 0.189466 0.498721 1.50293e-38 3
0.2606 0.189466 0.498721 1.53981e-38 3
0.379929 0.197649 0.520261 1.19869e-38 3
0.388243 0.197649 0.520261 1.26315e-38 3
0.453032 0.221161 0.58215 1.24471e-38 3
0.458923 0.219529 0.577854 1.22627e-38 3
0.466435 0.218722 0.575729 1.17096e-38 3
0.473893 0.21792 0.573621 1.21705e-38 3
0.476083 0.214774 0.565337 1.21705e-38 3
0.485117 0.214774 0.565337 9.86565e-39 3
0.505091 0.219529 0.577854 9.58871e-39 3
0.514325 0.219529 0.577854 1.05107e-38 3
0.523558 0.219529 0.577854 1.06951e-38 3
0.538756 0.221986 0.584322 1.00497e-38 3
0.590479 0.235147 0.618966 9.03662e-39 3
-0.365172 0.219062 0.553351 9.40395e-39 3
-0.345347 0.21231 0.536296 1.10631e-38 3
-0.333352 0.210151 0.530842 1.08791e-38 3
-0.32487 0.210151 0.530842 1.18932e-38 3
-0.317463 0.210866 0.532648 1.18932e-38 3
-0.310007 0.211586 0.534466 1.15245e-38 3
-0.240692 0.196808 0.497138 1.26308e-38 3
-0.232012 0.196186 0.495565 1.2262e-38 3
-0.224804 0.196808 0.497138 1.19854e-38 3
-0.21686 0.196808 0.497138 1.30003e-38 3
-0.204375 0.19253 0.48633 1.27237e-38 3
-0.196604 0.19253 0.48633 1.32765e-38 3
-0.188248 0.191934 0.484825 1.26315e-38 3
-0.159909 0.20528 0.518538 1.41063e-38 3
-0.141463 0.202597 0.51176 1.32758e-38 3
-0.133723 0.203261 0.513437 1.2446e-38 3
-0.124701 0.201937 0.510093 1.26308e-38 3
-0.116171 0.201281 0.508436 1.29074e-38 3
-0.10735 0.199983 0.505156 1.38279e-38 3
-0.0741056 0.197435 0.498721 1.3278e-38 3
-0.0663477 0.198066 0.500314 1.42918e-38 3
-0.04006 0.187295 0.473107 1.2907e-38 3
-0.0325001 0.187295 0.473107 1.49357e-38 3
0.02238 0.20528 0.518538 1.30925e-38 3
0.0298745 0.199983 0.505156 1.39223e-38 3
0.0457235 0.198701 0.501918 1.46609e-38 3
0.0530635 0.196186 0.495565 1.64115e-38 3
0.0600324 0.19313 0.487846 1.46591e-38 3
0.0680397 0.193733 0.48937 1.57662e-38 3
0.074923 0.191341 0.483328 1.41988e-38 3
0.0839416 0.194341 0.490904 1.47524e-38 3
0.0929514 0.196808 0.497138 1.53977e-38 3
0.100895 0.196808 0.497138 1.38311e-38 3
0.109535 0.198066 0.500314 1.37389e-38 3
0.128395 0.202597 0.51176 1.50286e-38 3
0.149508 0.198066 0.500314 1.50293e-38 3
0.157503 0.198066 0.500314 1.54903e-38 3
0.165497 0.198066 0.500314 1.54907e-38 3
0.171845 0.196186 0.495565 1.51219e-38 3
0.181486 0.198066 0.500314 1.4385e-38 3
0.18709 0.195567 0.494001 1.46609e-38 3
0.191956 0.19253 0.48633 1.59506e-38 3
0.201249 0.186731 0.471682 1.50286e-38 3
0.205688 0.18396 0.464684 1.62264e-38 3
0.215673 0.18617 0.470266 1.59502e-38 3
0.223188 0.18617 0.470266 1.5858e-38 3
0.232096 0.187295 0.473107 1.46605e-38 3
0.270955 0.20528 0.518538 1.53981e-38 3
0.279241 0.20528 0.518538 1.36464e-38 3
0.429365 0.223002 0.563304 1.16174e-38 3
0.438366 0.223002 0.563304 1.1894e-38 3
0.47316 0.218291 0.551403 1.1894e-38 3
0.497744 0.225435 0.569449 1.08798e-38 3
0.505007 0.224618 0.567386 1.06951e-38 3
0.50673 0.221409 0.55928 1.06951e-38 3
0.517515 0.222203 0.561285 1.07873e-38 3
0.520883 0.219839 0.555314 9.3132e-39 3
0.536727 0.219062 0.553351 1.0143e-38 3
0.534242 0.214514 0.541863 1.0143e-38 3
-0.341835 0.218634 0.530842 1.05103e-38 3
-0.321369 0.210774 0.51176 1.15241e-38 3
-0.258773 0.200301 0.48633 1.19854e-38 3
-0.245662 0.196039 0.475983 1.12479e-38 3
-0.242478 0.199681 0.484825 1.18936e-38 3
-0.231859 0.197238 0.478894 1.24468e-38 3
-0.223523 0.196637 0.477434 1.2262e-38 3
-0.21856 0.199065 0.483328 1.34606e-38 3
-0.209543 0.197843 0.480363 1.19862e-38 3
-0.204375 0.200301 0.48633 1.38301e-38 3
-0.196604 0.200301 0.48633 1.36457e-38 3
-0.187667 0.199065 0.483328 1.19861e-38 3
-0.149051 0.199065 0.483328 1.44743e-38 3
-0.13918 0.196039 0.475983 1.46587e-38 3
-0.0702995 0.194855 0.473107 1.22627e-38 3
-0.0623628 0.193685 0.470266 1.28159e-38 3
-0.0548483 0.193685 0.470266 1.22624e-38 3
-0.0471921 0.193105 0.468858 1.17088e-38 3
-0.0394638 0.191955 0.466067 1.41059e-38 3
-0.0320164 0.191955 0.466067 1.32769e-38 3
-0.024865 0.194268 0.471682 1.26315e-38 3
-0.00222023 0.191386 0.464684 1.47517e-38 3
0.00522056 0.191955 0.466067 1.45673e-38 3
0.0125559 0.190256 0.461942 1.4752e-38 3
0.026689 0.18587 0.451292 1.5307e-38 3
0.0340968 0.186948 0.453908 1.63204e-38 3
0.041835 0.189141 0.459233 1.46609e-38 3
0.0503545 0.193685 0.470266 1.44754e-38 3
0.057869 0.193685 0.470266 1.50286e-38 3
0.0655805 0.194268 0.471682 1.4752e-38 3
0.0733385 0.194855 0.473107 1.4291e-38 3
0.081888 0.197238 0.478894 1.62275e-38 3
0.0900914 0.198452 0.481841 1.52133e-38 3
0.0971927 0.197238 0.478894 1.38301e-38 3
0.104525 0.196637 0.477434 1.4291e-38 3
0.125926 0.206721 0.501918 1.62271e-38 3
0.131007 0.202185 0.490904 1.46598e-38 3
0.136288 0.198452 0.481841 1.4291e-38 3
0.143988 0.198452 0.481841 1.44751e-38 3
0.152155 0.199065 0.483328 1.53974e-38 3
0.161373 0.200925 0.487846 1.52134e-38 3
0.171617 0.194855 0.473107 1.43843e-38 3
0.178637 0.194268 0.471682 1.41999e-38 3
0.186174 0.194268 0.471682 1.65959e-38 3
0.191406 0.191955 0.466067 1.55818e-38 3
0.198263 0.191386 0.464684 1.55818e-38 3
0.203275 0.189141 0.459233 1.53974e-38 3
0.210614 0.189141 0.459233 1.56736e-38 3
0.219238 0.190256 0.461942 1.34609e-38 3
0.230012 0.193105 0.468858 1.33698e-38 3
0.239656 0.194855 0.473107 1.46605e-38 3
0.258134 0.20346 0.494001 1.66892e-38 3
0.27832 0.212861 0.516826 1.4384e-38 3
0.280107 0.208055 0.505156 1.34609e-38 3
0.334453 0.206721 0.501918 1.30925e-38 3
0.342474 0.206721 0.501918 1.37379e-38 3
0.350494 0.206721 0.501918 1.31854e-38 3
0.361995 0.208728 0.506791 1.36464e-38 3
0.377422 0.212861 0.516826 1.22635e-38 3
0.401779 0.200301 0.48633 1.13415e-38 3
0.40955 0.200301 0.48633 1.20776e-38 3
0.427953 0.205404 0.498721 1.17096e-38 3
0.435923 0.205404 0.498721 1.10638e-38 3
0.501358 0.227904 0.553351 9.95857e-39 3
0.513832 0.229527 0.55729 1.07883e-38 3
0.517215 0.227102 0.551403 1.01419e-38 3
0.525584 0.223173 0.541863 9.95749e-39 3
-0.258773 0.208072 0.48633 1.07869e-38 3
-0.245662 0.203645 0.475983 1.14326e-38 3
-0.240986 0.206152 0.481841 1.17096e-38 3
-0.222844 0.203645 0.475983 1.21705e-38 3
-0.215894 0.204266 0.477434 1.21705e-38 3
-0.207632 0.203645 0.475983 1.21709e-38 3
-0.145022 0.201199 0.470266 1.41985e-38 3
-0.134677 0.197057 0.460584 1.29074e-38 3
-0.12807 0.198223 0.463309 1.14326e-38 3
-0.120667 0.198223 0.463309 1.23546e-38 3
-0.1136 0.198811 0.464684 1.34613e-38 3
-0.108099 0.202415 0.473107 1.44751e-38 3
-0.100539 0.202415 0.473107 1.47513e-38 3
-0.0929792 0.202415 0.473107 1.45669e-38 3
-0.0785716 0.204266 0.477434 1.40141e-38 3
-0.0700878 0.201805 0.471682 1.41074e-38 3
-0.0616226 0.198811 0.464684 1.30932e-38 3
-0.054037 0.198223 0.463309 1.17092e-38 3
-0.0462234 0.196479 0.459233 1.40137e-38 3
-0.0389995 0.197057 0.460584 1.40137e-38 3
-0.0316398 0.197057 0.460584 1.32769e-38 3
-0.024569 0.199403 0.466067 1.33698e-38 3
-0.0170708 0.198811 0.464684 1.41999e-38 3
-0.00953238 0.196479 0.459233 1.37389e-38 3
-0.00218139 0.195333 0.456555 1.40144e-38 3
0.00506968 0.19364 0.452597 1.41988e-38 3
0.0120238 0.189263 0.442368 1.55821e-38 3
0.0190388 0.18873 0.441122 1.49375e-38 3
0.0260876 0.18873 0.441122 1.55836e-38 3
0.0338029 0.192527 0.449995 1.40155e-38 3
0.04135 0.194201 0.453908 1.42003e-38 3
0.0491732 0.196479 0.459233 1.38301e-38 3
0.0565114 0.196479 0.459233 1.64115e-38 3
0.0640374 0.197057 0.460584 1.57672e-38 3
0.0716078 0.197638 0.461942 1.51219e-38 3
0.0806547 0.201805 0.471682 1.41999e-38 3
0.0884583 0.202415 0.473107 1.52141e-38 3
0.0960182 0.202415 0.473107 1.79789e-38 3
0.102956 0.201199 0.470266 1.66881e-38 3
0.12015 0.204891 0.478894 1.53055e-38 3
0.127802 0.204891 0.478894 1.57662e-38 3
0.134631 0.203645 0.475983 1.5213e-38 3
0.141806 0.203028 0.474541 1.5213e-38 3
0.149389 0.203028 0.474541 1.4752e-38 3
0.157449 0.203645 0.475983 1.4107e-38 3
0.163072 0.201199 0.470266 1.47517e-38 3
0.169568 0.199998 0.467458 1.50297e-38 3
0.175466 0.198223 0.463309 1.52137e-38 3
0.18233 0.197638 0.461942 1.59513e-38 3
0.188599 0.196479 0.459233 1.52134e-38 3
0.195364 0.195904 0.45789 1.55825e-38 3
0.20209 0.195333 0.456555 1.57665e-38 3
0.208777 0.194765 0.455228 1.46595e-38 3
0.216051 0.194765 0.455228 1.30925e-38 3
0.224631 0.195904 0.45789 1.41996e-38 3
0.238934 0.201805 0.471682 1.45687e-38 3
0.252557 0.206788 0.483328 1.46609e-38 3
0.26857 0.213373 0.498721 1.47527e-38 3
0.275661 0.212696 0.497138 1.46605e-38 3
0.279173 0.209373 0.48937 1.45673e-38 3
0.284328 0.207428 0.484825 1.29088e-38 3
0.33022 0.212023 0.495565 1.23553e-38 3
0.338139 0.212023 0.495565 1.31854e-38 3
0.348262 0.213373 0.498721 1.30014e-38 3
0.359667 0.215432 0.503532 1.23557e-38 3
0.371295 0.21753 0.508436 1.13415e-38 3
0.375759 0.215432 0.503532 1.08794e-38 3
0.383805 0.215432 0.503532 1.18936e-38 3
0.391851 0.215432 0.503532 1.14323e-38 3
0.395635 0.204891 0.478894 1.18025e-38 3
0.403288 0.204891 0.478894 1.17088e-38 3
0.418621 0.20872 0.487846 1.18018e-38 3
0.425092 0.208072 0.48633 1.09716e-38 3
0.512009 0.237586 0.555314 9.77418e-39 3
0.520883 0.237586 0.555314 1.04181e-38 3
0.516925 0.231831 0.541863 1.02341e-38 3
0.523771 0.231032 0.539995 9.49651e-39 3
-0.235196 0.208714 0.470266 1.18939e-38 3
-0.226322 0.207467 0.467458 1.27237e-38 3
-0.221497 0.209975 0.473107 1.19861e-38 3
-0.213293 0.209342 0.471682 1.20783e-38 3
-0.205756 0.209342 0.471682 1.24482e-38 3
-0.198219 0.209342 0.471682 1.33702e-38 3
-0.133499 0.202629 0.456555 1.18939e-38 3
-0.126944 0.203817 0.459233 1.34613e-38 3
-0.119256 0.203221 0.45789 1.29081e-38 3
-0.111939 0.203221 0.45789 1.32769e-38 3
-0.107128 0.208089 0.468858 1.36457e-38 3
-0.0999353 0.208714 0.470266 1.42907e-38 3
-0.0921441 0.208089 0.468858 1.51204e-38 3
-0.0778594 0.209975 0.473107 1.24482e-38 3
-0.0694601 0.207467 0.467458 1.34624e-38 3
-0.0614403 0.205626 0.463309 1.32783e-38 3
-0.0535616 0.203817 0.459233 1.34609e-38 3
-0.0458203 0.20204 0.455228 1.46591e-38 3
-0.0387715 0.203221 0.45789 1.35528e-38 3
-0.0314547 0.203221 0.45789 1.41988e-38 3
-0.0242088 0.203817 0.459233 1.46609e-38 3
-0.0168213 0.203221 0.45789 1.33709e-38 3
-0.00934064 0.199717 0.449995 1.32787e-38 3
-0.0021196 0.196888 0.443622 1.41074e-38 3
0.00492727 0.195229 0.439883 1.55814e-38 3
0.0118564 0.193598 0.436207 1.57665e-38 3
0.0188266 0.193598 0.436207 1.53985e-38 3
0.025869 0.194139 0.437426 1.60445e-38 3
0.0334188 0.197448 0.444882 1.57672e-38 3
0.0409935 0.199717 0.449995 1.43843e-38 3
0.0486031 0.201454 0.453908 1.63193e-38 3
0.0558562 0.201454 0.453908 1.71495e-38 3
0.0632928 0.20204 0.455228 1.59516e-38 3
0.0707727 0.202629 0.456555 1.53985e-38 3
0.0789893 0.205019 0.461942 1.41999e-38 3
0.0871419 0.20685 0.466067 1.67814e-38 3
0.0943087 0.206236 0.464684 1.65037e-38 3
0.100836 0.204416 0.460584 1.6135e-38 3
0.107563 0.203221 0.45789 1.68725e-38 3
0.11488 0.203221 0.45789 1.55821e-38 3
0.122197 0.203221 0.45789 1.65034e-38 3
0.13564 0.201454 0.453908 1.51201e-38 3
0.142894 0.201454 0.453908 1.46591e-38 3
0.150147 0.201454 0.453908 1.47517e-38 3
0.158318 0.202629 0.456555 1.46598e-38 3
0.165132 0.20204 0.455228 1.48453e-38 3
0.170424 0.199717 0.449995 1.54907e-38 3
0.177615 0.199717 0.449995 1.49375e-38 3
0.184805 0.199717 0.449995 1.59516e-38 3
0.194228 0.20204 0.455228 1.63204e-38 3
0.200338 0.200872 0.452597 1.58594e-38 3
0.206377 0.199717 0.449995 1.45676e-38 3
0.213568 0.199717 0.449995 1.4752e-38 3
0.251008 0.213195 0.480363 1.43847e-38 3
0.27306 0.218558 0.492448 1.47527e-38 3
0.276581 0.215175 0.484825 1.54903e-38 3
0.28085 0.212543 0.478894 1.51215e-38 3
0.318272 0.217193 0.48937 1.3923e-38 3
0.324067 0.215843 0.48633 1.23557e-38 3
0.332872 0.216516 0.487846 1.20798e-38 3
0.343881 0.218558 0.492448 1.20798e-38 3
0.356231 0.221343 0.498721 1.24479e-38 3
0.367713 0.223478 0.503532 1.11571e-38 3
0.368647 0.219248 0.494001 1.19858e-38 3
0.367272 0.213851 0.481841 1.17096e-38 3
0.388107 0.221343 0.498721 1.16166e-38 3
0.38033 0.212543 0.478894 1.12486e-38 3
0.385624 0.211251 0.475983 1.1894e-38 3
0.392039 0.210611 0.474541 1.17103e-38 3
0.399621 0.210611 0.474541 1.18932e-38 3
0.41094 0.212543 0.478894 1.12486e-38 3
0.508404 0.244724 0.551403 8.39125e-39 3
0.517215 0.244724 0.551403 8.11358e-39 3
0.509868 0.237207 0.534466 9.7731e-39 3
-0.311276 0.216879 0.471682 1.03255e-38 3
-0.275523 0.196732 0.427865 8.57419e-39 3
-0.253014 0.200568 0.436207 1.24471e-38 3
-0.243332 0.198358 0.431401 1.15248e-38 3
-0.208889 0.212401 0.461942 1.31858e-38 3
-0.201507 0.212401 0.461942 1.28173e-38 3
-0.193555 0.211776 0.460584 1.21723e-38 3
-0.177271 0.209924 0.456555 1.29092e-38 3
-0.117877 0.208104 0.452597 1.30003e-38 3
-0.10938 0.205726 0.447424 1.29092e-38 3
-0.104317 0.209924 0.456555 1.42921e-38 3
-0.0970217 0.209924 0.456555 1.36457e-38 3
-0.0894655 0.209314 0.455228 1.34613e-38 3
-0.0746999 0.208707 0.453908 1.3278e-38 3
-0.0678401 0.209924 0.456555 1.37397e-38 3
-0.0607217 0.210538 0.45789 1.39237e-38 3
-0.0530945 0.209314 0.455228 1.55818e-38 3
-0.0458203 0.209314 0.455228 1.63179e-38 3
-0.0385461 0.209314 0.455228 1.62264e-38 3
-0.0312719 0.209314 0.455228 1.64123e-38 3
-0.0239281 0.208707 0.453908 1.46609e-38 3
-0.0164839 0.206315 0.448706 1.48453e-38 3
-0.00900427 0.199457 0.433791 1.52137e-38 3
-0.0020669 0.198906 0.432592 1.50297e-38 3
0.0048456 0.198906 0.432592 1.53055e-38 3
0.0117257 0.198358 0.431401 1.59509e-38 3
0.0187223 0.199457 0.433791 1.49375e-38 3
0.0257252 0.200011 0.434996 1.50297e-38 3
0.0330433 0.202258 0.439883 1.53052e-38 3
0.0407592 0.205726 0.447424 1.48446e-38 3
0.048046 0.206315 0.448706 1.68725e-38 3
0.0549014 0.205139 0.446149 1.72417e-38 3
0.0622078 0.205726 0.447424 1.68739e-38 3
0.0699569 0.207504 0.451292 1.58605e-38 3
0.0782964 0.210538 0.45789 1.52148e-38 3
0.0858642 0.211155 0.459233 1.56758e-38 3
0.0929299 0.210538 0.45789 1.58594e-38 3
0.0999544 0.209924 0.456555 1.55829e-38 3
0.114212 0.209314 0.455228 1.61353e-38 3
0.120436 0.207504 0.451292 1.65963e-38 3
0.127647 0.207504 0.451292 1.62268e-38 3
0.133322 0.205139 0.446149 1.50279e-38 3
0.139655 0.203977 0.443622 1.6135e-38 3
0.145917 0.202828 0.441122 1.63193e-38 3
0.152966 0.202828 0.441122 1.51208e-38 3
0.158674 0.201128 0.437426 1.50297e-38 3
0.165664 0.201128 0.437426 1.44765e-38 3
0.171219 0.199457 0.433791 1.43832e-38 3
0.17815 0.199457 0.433791 1.53052e-38 3
0.190899 0.205726 0.447424 1.45691e-38 3
0.198048 0.205726 0.447424 1.40155e-38 3
0.202879 0.203401 0.442368 1.41996e-38 3
0.209948 0.203401 0.442368 1.54903e-38 3
0.249521 0.206908 0.449995 1.46605e-38 3
0.270316 0.206315 0.448706 1.46591e-38 3
0.318139 0.219524 0.477434 1.30003e-38 3
0.326764 0.220195 0.478894 1.18954e-38 3
0.338558 0.222922 0.484825 1.29106e-38 3
0.348462 0.224311 0.487846 1.30939e-38 3
0.357371 0.225012 0.48937 1.36453e-38 3
0.35847 0.220871 0.480363 1.2907e-38 3
0.361707 0.218194 0.474541 1.22627e-38 3
0.371542 0.219524 0.477434 1.16181e-38 3
0.376873 0.218194 0.474541 1.11571e-38 3
0.380992 0.216228 0.470266 1.09727e-38 3
0.383895 0.213661 0.464684 1.20791e-38 3
0.391321 0.213661 0.464684 1.23557e-38 3
0.405974 0.217535 0.473107 1.22635e-38 3
0.409819 0.215581 0.468858 1.06951e-38 3
0.503089 0.250885 0.545639 1.06961e-38 3
0.511808 0.250885 0.545639 1.00497e-38 3
-0.270352 0.199749 0.419835 1.11557e-38 3
-0.262938 0.199215 0.418712 1.17096e-38 3
-0.254885 0.198155 0.416485 1.26315e-38 3
-0.246916 0.197106 0.414282 1.31843e-38 3
-0.240934 0.197629 0.41538 1.18018e-38 3
-0.234919 0.198155 0.416485 1.23549e-38 3
-0.217265 0.200286 0.420963 1.18018e-38 3
-0.210538 0.200286 0.420963 1.16174e-38 3
-0.205469 0.201914 0.424386 1.34613e-38 3
-0.201972 0.205251 0.431401 1.34624e-38 3
-0.205853 0.216588 0.455228 1.30936e-38 3
-0.198003 0.21596 0.453908 1.31865e-38 3
-0.18965 0.214715 0.451292 1.35553e-38 3
-0.180875 0.212875 0.447424 1.37389e-38 3
-0.172739 0.211665 0.444882 1.36467e-38 3
-0.163769 0.209287 0.439883 1.43847e-38 3
-0.133774 0.206389 0.433791 1.39226e-38 3
-0.126842 0.206389 0.433791 1.26319e-38 3
-0.106047 0.206389 0.433791 1.54907e-38 3
-0.099391 0.206962 0.434996 1.41999e-38 3
-0.0948104 0.212269 0.446149 1.41992e-38 3
-0.0862076 0.208701 0.438651 1.54896e-38 3
-0.0791983 0.208701 0.438651 1.48453e-38 3
-0.0717868 0.207538 0.436207 1.34624e-38 3
-0.0651797 0.208701 0.438651 1.3278e-38 3
-0.0591647 0.212269 0.446149 1.39233e-38 3
-0.0521843 0.212875 0.447424 1.41992e-38 3
-0.0451638 0.213485 0.448706 1.48435e-38 3
-0.0382128 0.214715 0.451292 1.6042e-38 3
-0.0309124 0.214098 0.449995 1.58584e-38 3
-0.0235863 0.212875 0.447424 1.41077e-38 3
-0.0160247 0.207538 0.436207 1.47531e-38 3
-0.0089794 0.205818 0.432592 1.5675e-38 3
-0.0020612 0.205251 0.431401 1.62282e-38 3
0.00483225 0.205251 0.431401 1.48446e-38 3
0.0117257 0.205251 0.431401 1.57665e-38 3
0.0187223 0.206389 0.433791 1.38311e-38 3
0.0257252 0.206962 0.434996 1.53063e-38 3
0.0328587 0.208118 0.437426 1.62275e-38 3
0.0404129 0.211066 0.443622 1.74257e-38 3
0.0475016 0.211066 0.443622 1.71491e-38 3
0.0541303 0.209287 0.439883 1.67807e-38 3
0.0608176 0.208118 0.437426 1.56761e-38 3
0.0915908 0.214715 0.451292 1.53063e-38 3
0.0988021 0.214715 0.451292 1.6136e-38 3
0.106013 0.214715 0.451292 1.66885e-38 3
0.112899 0.214098 0.449995 1.59509e-38 3
0.119064 0.212269 0.446149 1.73349e-38 3
0.125834 0.211665 0.444882 1.80707e-38 3
0.13182 0.209877 0.441122 1.72406e-38 3
0.138478 0.209287 0.439883 1.71491e-38 3
0.151262 0.207538 0.436207 1.62271e-38 3
0.157355 0.206389 0.433791 1.49375e-38 3
0.164287 0.206389 0.433791 1.53985e-38 3
0.170746 0.205818 0.432592 1.69647e-38 3
0.17815 0.206389 0.433791 1.64115e-38 3
0.189276 0.211066 0.443622 1.5491e-38 3
0.196923 0.211665 0.444882 1.53066e-38 3
0.201174 0.208701 0.438651 1.31854e-38 3
0.207602 0.208118 0.437426 1.40155e-38 3
0.218529 0.205251 0.431401 1.42928e-38 3
0.225423 0.205251 0.431401 1.36471e-38 3
0.224882 0.198683 0.417596 1.42925e-38 3
0.230939 0.198155 0.416485 1.45691e-38 3
0.305115 0.217855 0.45789 1.25393e-38 3
0.317068 0.221087 0.464684 1.22638e-38 3
0.331376 0.225777 0.474541 1.27252e-38 3
0.342069 0.227848 0.478894 1.20798e-38 3
0.349721 0.227848 0.478894 1.17092e-38 3
0.361707 0.225777 0.474541 1.25393e-38 3
0.365963 0.223742 0.470266 1.06961e-38 3
0.366867 0.219782 0.461942 1.11571e-38 3
0.37718 0.217219 0.456555 1.18025e-38 3
0.384475 0.217219 0.456555 1.14337e-38 3
0.381754 0.211665 0.444882 1.04195e-38 3
0.388863 0.211665 0.444882 1.07873e-38 3
0.412454 0.216588 0.455228 1.07873e-38 3
-0.289165 0.19645 0.399486 1.02305e-38 3
-0.291712 0.202654 0.412101 1.21648e-38 3
-0.281424 0.200022 0.406749 1.07836e-38 3
-0.265372 0.202654 0.412101 1.07876e-38 3
-0.258787 0.202654 0.412101 1.11564e-38 3
-0.250881 0.201593 0.409943 1.1433e-38 3
-0.242427 0.200022 0.406749 9.77345e-39 3
-0.238404 0.202122 0.411019 1.17096e-38 3
-0.231836 0.202122 0.411019 1.27241e-38 3
-0.225861 0.202654 0.412101 1.24478e-38 3
-0.219855 0.203189 0.413188 1.12493e-38 3
-0.213252 0.203189 0.413188 1.16181e-38 3
-0.20665 0.203189 0.413188 1.23553e-38 3
-0.200047 0.203189 0.413188 1.35545e-38 3
-0.193445 0.203189 0.413188 1.3001e-38 3
-0.186843 0.203189 0.413188 1.29095e-38 3
-0.177431 0.200022 0.406749 1.38319e-38 3
-0.172726 0.202122 0.411019 1.30943e-38 3
-0.166586 0.210982 0.429037 1.40159e-38 3
-0.159731 0.210982 0.429037 1.46613e-38 3
-0.150809 0.208131 0.423239 1.52133e-38 3
-0.143658 0.20757 0.422098 1.66881e-38 3
-0.136179 0.206457 0.419835 1.49378e-38 3
-0.12947 0.206457 0.419835 1.34627e-38 3
-0.12443 0.209262 0.425539 1.35549e-38 3
-0.117311 0.208695 0.424386 1.25408e-38 3
-0.111741 0.210982 0.429037 1.38315e-38 3
-0.104885 0.210982 0.429037 1.29103e-38 3
-0.0985696 0.212145 0.431401 1.33705e-38 3
-0.0921841 0.21332 0.433791 1.43836e-38 3
-0.0852524 0.21332 0.433791 1.53977e-38 3
-0.0783208 0.21332 0.433791 1.32787e-38 3
-0.0713891 0.21332 0.433791 1.42921e-38 3
-0.0644575 0.21332 0.433791 1.34616e-38 3
-0.0578463 0.214509 0.436207 1.51204e-38 3
-0.0510181 0.215108 0.437426 1.60428e-38 3
-0.0442758 0.216316 0.439883 1.55811e-38 3
-0.0372468 0.216316 0.439883 1.58573e-38 3
-0.0303885 0.217538 0.442368 1.59502e-38 3
-0.0159359 0.21332 0.433791 1.60431e-38 3
-0.00895466 0.212145 0.431401 1.6136e-38 3
-0.00205554 0.211562 0.430215 1.45694e-38 3
0.00481898 0.211562 0.430215 1.55825e-38 3
0.0116935 0.211562 0.430215 1.44765e-38 3
0.0186706 0.212731 0.432592 1.51212e-38 3
0.0255831 0.212731 0.432592 1.60431e-38 3
0.0325856 0.21332 0.433791 1.83473e-38 3
0.0398484 0.215108 0.437426 1.73335e-38 3
0.0468382 0.215108 0.437426 1.65037e-38 3
0.0666897 0.211562 0.430215 1.66903e-38 3
0.119404 0.220025 0.447424 1.66896e-38 3
0.155206 0.210406 0.427865 1.6597e-38 3
0.161162 0.209262 0.425539 1.70576e-38 3
0.16888 0.210406 0.427865 1.71491e-38 3
0.175717 0.210406 0.427865 1.73335e-38 3
0.185082 0.21332 0.433791 1.55832e-38 3
0.192547 0.213913 0.434996 1.54914e-38 3
0.198396 0.212731 0.432592 1.41999e-38 3
0.205308 0.212731 0.432592 1.44761e-38 3
0.208195 0.208695 0.424386 1.47531e-38 3
0.210414 0.204267 0.41538 1.40162e-38 3
0.223689 0.204267 0.41538 1.35549e-38 3
0.291479 0.215108 0.437426 1.39223e-38 3
0.382438 0.20757 0.422098 1.12482e-38 3
0.378968 0.202122 0.411019 1.08805e-38 3
-0.275695 0.202318 0.398469 1.04145e-38 3
-0.268644 0.201804 0.397458 9.77058e-39 3
-0.265665 0.204398 0.402567 1.15241e-38 3
-0.261247 0.205987 0.405695 1.26315e-38 3
-0.255426 0.206522 0.406749 1.23549e-38 3
-0.24764 0.205455 0.404647 1.0511e-38 3
-0.240552 0.204925 0.403604 1.12486e-38 3
-0.236542 0.20706 0.407808 1.19861e-38 3
-0.229428 0.206522 0.406749 1.19872e-38 3
-0.223509 0.20706 0.407808 1.17106e-38 3
-0.216428 0.206522 0.406749 1.14341e-38 3
-0.209385 0.205987 0.405695 1.29092e-38 3
-0.202902 0.205987 0.405695 1.31858e-38 3
-0.19642 0.205987 0.405695 1.27248e-38 3
-0.188958 0.204925 0.403604 1.28177e-38 3
-0.182509 0.204925 0.403604 1.24489e-38 3
-0.174263 0.202834 0.399486 1.25411e-38 3
-0.168309 0.203353 0.400507 1.19879e-38 3
-0.161909 0.203353 0.400507 1.29095e-38 3
-0.155509 0.203353 0.400507 1.49378e-38 3
-0.149109 0.203353 0.400507 1.46613e-38 3
-0.141983 0.202318 0.398469 1.59509e-38 3
-0.135962 0.202834 0.399486 1.43847e-38 3
-0.130578 0.204398 0.402567 1.4662e-38 3
-0.125761 0.20706 0.407808 1.41081e-38 3
-0.121459 0.210904 0.41538 1.42925e-38 3
-0.114822 0.210904 0.41538 1.40159e-38 3
-0.108472 0.211465 0.416485 1.38315e-38 3
-0.102088 0.212029 0.417596 1.3279e-38 3
-0.0967048 0.214894 0.423239 1.41081e-38 3
-0.090677 0.216651 0.426699 1.52133e-38 3
-0.0836308 0.216062 0.425539 1.43832e-38 3
-0.0772508 0.217243 0.427865 1.30943e-38 3
-0.0706068 0.217838 0.429037 1.29092e-38 3
-0.0637511 0.217838 0.429037 1.44754e-38 3
-0.0568954 0.217838 0.429037 1.6042e-38 3
-0.0501772 0.218437 0.430215 1.53052e-38 3
-0.0439058 0.221479 0.436207 1.72413e-38 3
-0.0367309 0.220252 0.433791 1.73324e-38 3
-0.0158481 0.219038 0.431401 1.60431e-38 3
-0.00893006 0.218437 0.430215 1.57672e-38 3
-0.00204431 0.217243 0.427865 1.53992e-38 3
0.00479265 0.217243 0.427865 1.53063e-38 3
0.0115979 0.216651 0.426699 1.41999e-38 3
0.0184162 0.216651 0.426699 1.44761e-38 3
0.02503 0.214894 0.423239 1.48446e-38 3
0.0367674 0.204925 0.403604 1.65956e-38 3
0.0428851 0.203353 0.400507 1.65041e-38 3
0.0494113 0.203874 0.401534 1.57683e-38 3
0.055971 0.204398 0.402567 1.58605e-38 3
0.0628887 0.205987 0.405695 1.63215e-38 3
0.0691922 0.205455 0.404647 1.5768e-38 3
0.158576 0.212596 0.418712 1.55825e-38 3
0.192014 0.220252 0.433791 1.49382e-38 3
0.197849 0.219038 0.431401 1.43843e-38 3
0.203064 0.217243 0.427865 1.42921e-38 3
0.208753 0.209239 0.412101 1.32787e-38 3
0.215338 0.209239 0.412101 1.39251e-38 3
0.343558 0.219643 0.432592 1.33691e-38 3
0.364166 0.215477 0.424386 1.16181e-38 3
0.362116 0.210346 0.414282 1.18014e-38 3
0.368735 0.210346 0.414282 1.10638e-38 3
0.378358 0.212029 0.417596 1.12482e-38 3
-0.273031 0.202003 0.38571 1.06907e-38 3
-0.273607 0.207104 0.395451 9.95424e-39 3
-0.267288 0.207104 0.395451 1.04167e-38 3
-0.263632 0.209217 0.399486 1.2078e-38 3
-0.257906 0.209753 0.400507 1.27241e-38 3
-0.252151 0.21029 0.401534 1.23549e-38 3
-0.239934 0.210831 0.402567 9.86565e-39 3
-0.234103 0.211374 0.403604 1.06958e-38 3
-0.227654 0.211374 0.403604 1.18028e-38 3
-0.22235 0.21247 0.405695 1.19872e-38 3
-0.21531 0.21192 0.404647 1.19872e-38 3
-0.208844 0.21192 0.404647 1.25404e-38 3
-0.202378 0.21192 0.404647 1.25393e-38 3
-0.195912 0.21192 0.404647 1.25404e-38 3
-0.188472 0.210831 0.402567 1.125e-38 3
-0.182039 0.210831 0.402567 1.26333e-38 3
-0.173378 0.208155 0.397458 1.27248e-38 3
-0.167027 0.208155 0.397458 1.21716e-38 3
-0.160269 0.207628 0.396452 1.41992e-38 3
-0.153546 0.207104 0.395451 1.55821e-38 3
-0.146487 0.206063 0.393463 1.40155e-38 3
-0.139498 0.205033 0.391496 1.3278e-38 3
-0.133243 0.205033 0.391496 1.52144e-38 3
-0.128594 0.207628 0.396452 1.63215e-38 3
-0.122881 0.208685 0.398469 1.65059e-38 3
-0.118627 0.21247 0.405695 1.4662e-38 3
-0.113023 0.214134 0.408873 1.47534e-38 3
-0.10733 0.215824 0.412101 1.36467e-38 3
-0.101278 0.216966 0.414282 1.36471e-38 3
-0.0951616 0.21812 0.416485 1.30939e-38 3
-0.0818514 0.21812 0.416485 1.4568e-38 3
-0.0749968 0.217542 0.41538 1.53063e-38 3
-0.0687239 0.218702 0.417596 1.41077e-38 3
-0.0620511 0.218702 0.417596 1.49364e-38 3
-0.0550844 0.217542 0.41538 1.54889e-38 3
-0.0481913 0.216394 0.413188 1.7425e-38 3
-0.0415888 0.216394 0.413188 1.8254e-38 3
-0.0348943 0.215824 0.412101 1.62261e-38 3
-0.0286104 0.21812 0.416485 1.52126e-38 3
-0.0220139 0.218702 0.417596 1.4936e-38 3
-0.0160695 0.229087 0.437426 1.60431e-38 3
-0.00204431 0.22408 0.427865 1.41084e-38 3
0.0301626 0.21029 0.401534 1.51212e-38 3
0.0361158 0.207628 0.396452 1.59502e-38 3
0.0424508 0.207628 0.396452 1.61346e-38 3
0.0490341 0.208685 0.398469 1.61364e-38 3
0.0555426 0.209217 0.399486 1.53995e-38 3
0.0620845 0.209753 0.400507 1.60445e-38 3
0.0684843 0.209753 0.400507 1.68743e-38 3
0.149095 0.215258 0.411019 1.55829e-38 3
0.157315 0.217542 0.41538 1.56751e-38 3
0.164826 0.218702 0.417596 1.65037e-38 3
0.172642 0.197147 0.376438 1.51226e-38 3
0.203401 0.21029 0.401534 1.39233e-38 3
0.216789 0.210831 0.402567 1.36475e-38 3
0.315655 0.208155 0.397458 1.32765e-38 3
0.322825 0.208685 0.398469 1.30925e-38 3
0.345916 0.219287 0.418712 1.29088e-38 3
0.351667 0.218702 0.417596 1.24479e-38 3
0.353625 0.215824 0.412101 1.19869e-38 3
0.357388 0.214134 0.408873 1.19869e-38 3
0.36016 0.21192 0.404647 1.24478e-38 3
-0.3004 0.214506 0.397458 1.06943e-38 3
-0.285358 0.208166 0.38571 1.13379e-38 3
-0.27647 0.206135 0.381947 1.10606e-38 3
-0.271028 0.206639 0.382881 1.05085e-38 3
-0.267526 0.20868 0.386663 1.06936e-38 3
-0.261348 0.20868 0.386663 1.22624e-38 3
-0.260311 0.212886 0.394454 1.16174e-38 3
-0.255942 0.214506 0.397458 1.23549e-38 3
-0.250865 0.215601 0.399486 1.12486e-38 3
-0.244481 0.215601 0.399486 1.07876e-38 3
-0.238098 0.215601 0.399486 1.08798e-38 3
-0.233501 0.217264 0.402567 1.15255e-38 3
-0.227068 0.217264 0.402567 1.12497e-38 3
-0.220636 0.217264 0.402567 1.17106e-38 3
-0.213654 0.216707 0.401534 1.20794e-38 3
-0.207238 0.216707 0.401534 1.28163e-38 3
-0.201338 0.217264 0.402567 1.18018e-38 3
-0.194905 0.217264 0.402567 1.20794e-38 3
-0.18703 0.215601 0.399486 1.21716e-38 3
-0.179729 0.214506 0.397458 1.29092e-38 3
-0.172068 0.212886 0.394454 1.27241e-38 3
-0.164934 0.211818 0.392477 1.29085e-38 3
-0.156699 0.209197 0.38762 1.51222e-38 3
-0.150133 0.20868 0.386663 1.503e-38 3
-0.1436 0.208166 0.38571 1.39237e-38 3
-0.138117 0.209197 0.38762 1.41081e-38 3
-0.131923 0.209197 0.38762 1.49378e-38 3
-0.126042 0.209716 0.388582 1.60449e-38 3
-0.121643 0.212886 0.394454 1.60449e-38 3
-0.116514 0.215052 0.398469 1.47542e-38 3
-0.111566 0.217824 0.403604 1.42003e-38 3
-0.105936 0.219521 0.406749 1.40159e-38 3
-0.100481 0.221826 0.411019 1.42003e-38 3
-0.0946581 0.223586 0.414282 1.36471e-38 3
-0.0738219 0.220667 0.408873 1.51215e-38 3
-0.0604393 0.219521 0.406749 1.65034e-38 3
-0.0539398 0.219521 0.406749 1.70562e-38 3
-0.0402096 0.215601 0.399486 1.65949e-38 3
-0.0336544 0.214506 0.397458 1.62261e-38 3
-0.0273033 0.214506 0.397458 1.5858e-38 3
-0.0219553 0.224775 0.416485 1.55814e-38 3
0.0354869 0.210238 0.389548 1.6319e-38 3
0.0417116 0.210238 0.389548 1.4936e-38 3
0.04854 0.212886 0.394454 1.53988e-38 3
0.0547053 0.212351 0.393463 1.61364e-38 3
0.0609926 0.212351 0.393463 1.67814e-38 3
0.117578 0.212351 0.393463 1.46609e-38 3
0.124806 0.213963 0.396452 1.62271e-38 3
0.131474 0.214506 0.397458 1.67803e-38 3
0.159843 0.20219 0.374637 1.74271e-38 3
0.165434 0.201708 0.373743 1.74286e-38 3
0.170998 0.201228 0.372853 1.53985e-38 3
0.175287 0.199329 0.369336 1.5675e-38 3
0.181188 0.199329 0.369336 1.58594e-38 3
0.187532 0.1998 0.370209 1.62279e-38 3
0.192992 0.199329 0.369336 1.53992e-38 3
0.198894 0.199329 0.369336 1.37397e-38 3
0.227875 0.204144 0.378257 1.45694e-38 3
0.330392 0.220093 0.407808 1.34613e-38 3
0.340455 0.222409 0.412101 1.28159e-38 3
0.342533 0.219521 0.406749 1.2262e-38 3
0.349032 0.219521 0.406749 1.24468e-38 3
-0.290092 0.213279 0.38382 1.04181e-38 3
-0.278498 0.209178 0.376438 9.95677e-39 3
-0.271829 0.208676 0.375536 9.67981e-39 3
-0.269055 0.211208 0.380093 1.08794e-38 3
-0.26491 0.212758 0.382881 9.68161e-39 3
-0.258792 0.212758 0.382881 1.17106e-38 3
-0.253293 0.213279 0.38382 1.15262e-38 3
-0.249591 0.220858 0.397458 1.16174e-38 3
-0.231714 0.221984 0.399486 1.13419e-38 3
-0.225331 0.221984 0.399486 1.10653e-38 3
-0.21839 0.22142 0.398469 1.22638e-38 3
-0.211485 0.220858 0.397458 1.16177e-38 3
-0.204614 0.220298 0.396452 1.12482e-38 3
-0.198783 0.220858 0.397458 1.24471e-38 3
-0.19146 0.219742 0.395451 1.25393e-38 3
-0.181026 0.214859 0.386663 1.30928e-38 3
-0.174417 0.21433 0.38571 1.36457e-38 3
-0.168254 0.21433 0.38571 1.27233e-38 3
-0.161692 0.213803 0.384763 1.4107e-38 3
-0.15403 0.211722 0.381018 1.35549e-38 3
-0.147942 0.211722 0.381018 1.32794e-38 3
-0.142199 0.212239 0.381947 1.35549e-38 3
-0.13063 0.213279 0.38382 1.48456e-38 3
-0.120731 0.217545 0.391496 1.51229e-38 3
-0.114475 0.217545 0.391496 1.42932e-38 3
-0.109589 0.220298 0.396452 1.51222e-38 3
-0.103516 0.220858 0.397458 1.42003e-38 3
-0.0979107 0.222552 0.400507 1.4107e-38 3
-0.0701583 0.215925 0.388582 1.48438e-38 3
-0.0568928 0.212758 0.382881 1.59502e-38 3
-0.0516588 0.216462 0.389548 1.6503e-38 3
-0.0453213 0.215925 0.388582 1.55811e-38 3
-0.0391121 0.215925 0.388582 1.60417e-38 3
-0.0326597 0.21433 0.38571 1.67792e-38 3
-0.0264964 0.21433 0.38571 1.55818e-38 3
0.00410798 0.203789 0.366741 1.56765e-38 3
0.0100151 0.204748 0.368467 1.49386e-38 3
0.015903 0.204748 0.368467 1.52151e-38 3
0.0219978 0.206693 0.371968 1.5491e-38 3
0.0286912 0.212239 0.381947 1.58587e-38 3
0.0348796 0.212758 0.382881 1.5397e-38 3
0.0410982 0.213279 0.38382 1.50282e-38 3
0.0475812 0.214859 0.386663 1.69661e-38 3
0.0715885 0.212758 0.382881 1.67814e-38 3
0.0840302 0.213279 0.38382 1.60428e-38 3
0.0967709 0.21433 0.38571 1.59516e-38 3
0.102934 0.21433 0.38571 1.56761e-38 3
0.109367 0.214859 0.386663 1.63204e-38 3
0.116408 0.216462 0.389548 1.68736e-38 3
0.123246 0.217545 0.391496 1.71491e-38 3
0.130152 0.218638 0.393463 1.64119e-38 3
0.137129 0.219742 0.395451 1.60428e-38 3
0.139914 0.21433 0.38571 1.59513e-38 3
0.145006 0.212758 0.382881 1.65045e-38 3
0.149661 0.210697 0.379173 1.63193e-38 3
0.153857 0.208177 0.374637 1.70569e-38 3
0.159462 0.20768 0.373743 1.73346e-38 3
0.16504 0.207185 0.372853 1.74271e-38 3
0.170188 0.206204 0.371086 1.71502e-38 3
0.175287 0.205231 0.369336 1.55829e-38 3
0.181188 0.205231 0.369336 1.58594e-38 3
0.187532 0.205716 0.370209 1.52141e-38 3
0.192992 0.205231 0.369336 1.56754e-38 3
0.198426 0.204748 0.368467 1.42006e-38 3
0.204313 0.204748 0.368467 1.38315e-38 3
0.220235 0.208676 0.375536 1.53988e-38 3
0.225694 0.208177 0.374637 1.41081e-38 3
0.325309 0.223123 0.401534 1.32762e-38 3
0.332578 0.223696 0.402567 1.29081e-38 3
0.341927 0.22142 0.398469 1.3645e-38 3
