# .PCD v0.7 - Point Cloud Data file format
VERSION 0.7
FIELDS x y z rgb label
SIZE 4 4 4 4 4
TYPE F F F F U
COUNT 1 1 1 1 1
WIDTH 2998
HEIGHT 1
VIEWPOINT 0 0 0 1 0 0 0
POINTS 2998
DATA ascii
0.190009 0.212394 0.287489 0 3
0.196901 0.214795 0.290739 0 3
0.190009 0.217085 0.287489 1.32747e-38 3
0.196848 0.21948 0.290661 1.19847e-38 3
-0.233933 0.214032 0.289707 0 3
-0.228279 0.213166 0.288534 0 3
-0.222322 0.211975 0.286922 0 3
-0.21701 0.211361 0.286091 0 3
-0.212356 0.211375 0.28611 0 3
-0.208117 0.211812 0.286701 0 3
-0.203757 0.212142 0.287149 0 3
-0.242061 0.221876 0.293835 0 3
-0.233933 0.218759 0.289707 0 3
-0.228279 0.217874 0.288534 0 3
-0.222293 0.216628 0.286885 0 3
-0.216508 0.215529 0.285429 0 3
-0.211103 0.214768 0.284421 0 3
-0.206163 0.214456 0.284008 0 3
-0.201549 0.214477 0.284036 0 3
-0.109331 0.215253 0.297939 0 3
-0.102328 0.210839 0.291829 0 3
-0.199492 0.212589 0.287754 0 3
-0.195485 0.213341 0.288771 0 3
-0.196676 0.219942 0.297706 0 3
-0.190326 0.21823 0.295389 0 3
-0.197399 0.215005 0.284735 0 3
0.2567 0.201811 0.299633 0 3
0.261197 0.201509 0.299185 0 3
0.265821 0.201314 0.298895 0 3
0.2567 0.206699 0.299633 1.20762e-38 3
0.203108 0.21178 0.299904 0 3
0.202306 0.215817 0.29872 0 3
0.202823 0.216051 0.292439 0 3
0.201868 0.219782 0.291062 1.28152e-38 3
0.205188 0.218261 0.289048 1.24468e-38 3
0.209387 0.217724 0.288336 1.3184e-38 3
0.213503 0.217126 0.287544 0 3
-0.0750697 0.200046 0.297012 0 3
-0.0984858 0.208019 0.294578 1.27208e-38 3
-0.0920041 0.204299 0.28931 1.1984e-38 3
-0.0866373 0.202785 0.287167 0 3
-0.0967651 0.209107 0.289432 1.23528e-38 3
-0.0914508 0.207762 0.28757 0 3
-0.0967746 0.21385 0.28946 1.22606e-38 3
-0.0967746 0.218573 0.28946 1.22617e-38 3
0.265979 0.196554 0.299073 0 3
0.26911 0.195285 0.297142 0 3
0.2727 0.194388 0.295778 0 3
0.276909 0.193956 0.29512 0 3
0.266683 0.198328 0.294463 0 3
0.268085 0.195842 0.290772 0 3
0.271802 0.195105 0.289677 0 3
0.0170368 0.181017 0.297597 1.65923e-38 3
0.0218476 0.180648 0.29699 1.53002e-38 3
0.0268081 0.181426 0.298269 1.78816e-38 3
0.0317954 0.182118 0.299407 1.945e-38 3
0.0169221 0.184622 0.295594 1.44722e-38 3
0.0216072 0.183452 0.293721 1.56689e-38 3
0.0265866 0.184753 0.295804 1.82504e-38 3
0.0317141 0.186525 0.29864 2.1294e-38 3
0.0366829 0.187016 0.299427 1.41056e-38 3
0.0265055 0.189001 0.294902 1.53016e-38 3
0.0314176 0.189608 0.295849 1.51183e-38 3
0.0364279 0.190567 0.297346 1.47509e-38 3
0.0361878 0.19413 0.295385 1.57658e-38 3
0.0361878 0.19895 0.295385 1.37375e-38 3
-0.0597684 0.405779 0.66711 0 3
-0.0685498 0.404262 0.647254 1.2446e-38 3
-0.0784092 0.411146 0.641519 1.36446e-38 3
-0.0362375 0.180341 0.296484 1.19851e-38 3
-0.0357924 0.182903 0.292842 1.26297e-38 3
-0.0823482 0.19435 0.288555 0 3
-0.0779575 0.195144 0.289735 0 3
-0.0867857 0.198439 0.287659 1.20773e-38 3
-0.0819739 0.198153 0.287244 1.2078e-38 3
-0.077844 0.19958 0.289313 1.1894e-38 3
0.301147 0.20419 0.344945 0 3
0.301488 0.200671 0.339 0 3
0.300312 0.209236 0.343988 1.19854e-38 3
0.300804 0.202027 0.332137 0 3
0.304585 0.200946 0.33036 0 3
0.300834 0.215221 0.344585 0 3
0.300804 0.207446 0.332137 0 3
0.304585 0.206336 0.33036 0 3
0.307407 0.204627 0.327624 0 3
0.310205 0.20296 0.324955 0 3
0.313728 0.201816 0.323123 0 3
0.323834 0.251848 0.392963 0 3
0.302706 0.21042 0.328322 0 3
0.304394 0.207914 0.324412 0 3
0.302626 0.203174 0.317015 0 3
0.331428 0.254248 0.386859 0 3
0.324189 0.259817 0.385755 0 3
0.324189 0.26611 0.385755 0 3
0.345569 0.258561 0.374812 0 3
-0.0285751 0.416153 0.703023 1.2445e-38 3
-0.0888648 0.477834 0.727063 1.38283e-38 3
-0.0889927 0.490401 0.72811 1.29059e-38 3
-0.318122 0.211794 0.378666 0 3
-0.312634 0.212263 0.379503 0 3
-0.317121 0.21966 0.392728 0 3
-0.313644 0.214904 0.373336 0 3
-0.30837 0.215475 0.374328 0 3
-0.302622 0.215732 0.374773 0 3
-0.308056 0.217058 0.366685 0 3
-0.300374 0.215837 0.364621 0 3
-0.312467 0.280223 0.379301 0 3
-0.323646 0.290898 0.385241 0 3
-0.120473 0.195667 0.360344 0 3
-0.10834 0.18499 0.34068 0 3
-0.122654 0.195648 0.349798 0 3
-0.115479 0.193192 0.345406 0 3
-0.107752 0.189514 0.338831 0 3
-0.100158 0.185683 0.331982 0 3
-0.121097 0.198799 0.345357 0 3
-0.115597 0.19903 0.345759 0 3
-0.109697 0.198562 0.344945 0 3
-0.102664 0.195881 0.340288 0 3
-0.280962 0.215002 0.395951 0 3
-0.269091 0.210764 0.388146 0 3
-0.260026 0.208572 0.38411 0 3
-0.253776 0.208586 0.384135 0 3
-0.254709 0.214655 0.395312 0 3
-0.249057 0.215344 0.396581 0 3
-0.2398 0.21287 0.392026 0 3
-0.23334 0.212812 0.391919 0 3
-0.226198 0.212112 0.390629 0 3
-0.217583 0.209948 0.386644 0 3
-0.210298 0.208978 0.384857 0 3
-0.20251 0.207433 0.382012 0 3
-0.287398 0.216576 0.387215 0 3
-0.27501 0.211899 0.378853 0 3
-0.26928 0.212254 0.379488 0 3
-0.264821 0.213652 0.381986 0 3
-0.258545 0.213616 0.381923 0 3
-0.249517 0.211248 0.377689 0 3
-0.242115 0.210172 0.375766 0 3
-0.239333 0.213155 0.381098 0 3
-0.234994 0.214872 0.384169 0 3
-0.228685 0.214834 0.3841 0 3
-0.221123 0.213583 0.381863 0 3
-0.212837 0.21154 0.378211 0 3
-0.204725 0.209553 0.374659 0 3
-0.291888 0.212371 0.368934 0 3
-0.2795 0.20764 0.360715 0 3
-0.275845 0.209332 0.363655 0 3
-0.273328 0.211981 0.368258 0 3
-0.270073 0.214165 0.372051 0 3
-0.263724 0.213939 0.371658 0 3
-0.257952 0.214181 0.372079 0 3
-0.253148 0.215258 0.37395 0 3
-0.246298 0.214606 0.372818 0 3
-0.239503 0.213969 0.371711 0 3
-0.235442 0.215806 0.374902 0 3
-0.23251 0.218803 0.380108 0 3
-0.227502 0.219957 0.382113 0 3
-0.219382 0.218082 0.378857 0 3
-0.210215 0.215029 0.373552 0 3
-0.201874 0.212662 0.36944 0 3
-0.294291 0.215738 0.364455 0 3
-0.285551 0.213648 0.360924 0 3
-0.274662 0.209828 0.354471 0 3
-0.267884 0.209053 0.353161 0 3
-0.262105 0.209039 0.353137 0 3
-0.257083 0.209642 0.354155 0 3
-0.253045 0.211093 0.356608 0 3
-0.248114 0.211851 0.357888 0 3
-0.242294 0.211868 0.357917 0 3
-0.236454 0.211868 0.357917 0 3
-0.230848 0.212083 0.358279 0 3
-0.228817 0.215678 0.364352 0 3
-0.228965 0.221574 0.374313 0 3
-0.225128 0.223831 0.378126 0 3
-0.214826 0.219606 0.370989 0 3
-0.203914 0.214495 0.362354 0 3
-0.291035 0.21489 0.353284 0 3
-0.285974 0.21542 0.354155 0 3
-0.282136 0.216912 0.356608 0 3
-0.277087 0.217516 0.357601 0 3
-0.267854 0.214791 0.353121 0 3
-0.259775 0.212891 0.349998 0 3
-0.254014 0.212848 0.349928 0 3
-0.248304 0.212848 0.349928 0 3
-0.242595 0.212848 0.349928 0 3
-0.236886 0.212848 0.349928 0 3
-0.231176 0.212848 0.349928 0 3
-0.225886 0.213244 0.350577 0 3
-0.225956 0.218852 0.359797 0 3
-0.214827 0.213623 0.3512 0 3
-0.285974 0.221198 0.354155 0 3
-0.282136 0.22273 0.356608 0 3
-0.274442 0.221219 0.354188 0 3
-0.259404 0.213594 0.34198 0 3
-0.251527 0.211661 0.338885 0 3
-0.246328 0.211945 0.33934 0 3
-0.238539 0.209962 0.336165 0 3
-0.232278 0.209263 0.335046 0 3
-0.227014 0.20945 0.335345 0 3
-0.225393 0.21309 0.341174 0 3
-0.248697 0.214746 0.335072 0 3
-0.242732 0.214307 0.334386 0 3
-0.236755 0.213836 0.333652 0 3
-0.231535 0.214043 0.333975 0 3
-0.226634 0.214561 0.334783 0 3
-0.223408 0.216731 0.338169 0 3
-0.234966 0.212732 0.323688 0 3
-0.233653 0.216406 0.32928 0 3
-0.231098 0.219078 0.333344 0 3
-0.254084 0.216304 0.321151 0 3
-0.247702 0.215311 0.319677 0 3
-0.241783 0.214687 0.31875 0 3
-0.237659 0.215664 0.320201 0 3
-0.254084 0.221544 0.321151 0 3
-0.247702 0.220527 0.319677 0 3
-0.241677 0.219791 0.31861 0 3
-0.235921 0.219272 0.317859 0 3
-0.258556 0.226112 0.320201 0 3
-0.254065 0.226767 0.321128 0 3
-0.247702 0.225743 0.319677 0 3
-0.241573 0.224892 0.318473 0 3
-0.234224 0.222844 0.315573 0 3
-0.227596 0.221405 0.313535 0 3
-0.221949 0.220876 0.312785 0 3
-0.216507 0.220531 0.312297 0 3
-0.211404 0.220523 0.312286 0 3
-0.28424 0.282897 0.391568 0 3
-0.216759 0.220695 0.305471 0 3
-0.211452 0.220359 0.305006 0 3
-0.206468 0.220351 0.304995 0 3
-0.201492 0.220351 0.304995 0 3
0.201246 0.206179 0.391465 0 3
0.215427 0.20152 0.382619 0 3
0.200976 0.21228 0.390939 1.20776e-38 3
0.21092 0.215931 0.397662 0 3
0.21663 0.215158 0.396238 0 3
0.22146 0.213581 0.393333 0 3
0.220715 0.206868 0.380971 0 3
0.222294 0.202641 0.373187 0 3
0.230014 0.204089 0.375853 1.20758e-38 3
0.236547 0.204435 0.37649 1.27212e-38 3
0.240849 0.202884 0.373635 1.24446e-38 3
0.246695 0.202679 0.373256 1.25368e-38 3
0.252742 0.202644 0.373192 1.27212e-38 3
0.258138 0.202102 0.372194 1.38286e-38 3
0.26301 0.201184 0.370503 1.25379e-38 3
0.207256 0.218555 0.390753 1.22627e-38 3
0.214713 0.219661 0.392731 0 3
0.217774 0.216337 0.386788 0 3
0.219036 0.211463 0.378074 0 3
0.225453 0.211696 0.378491 0 3
0.23433 0.214165 0.382904 0 3
0.237967 0.211842 0.37875 0 3
0.240581 0.208748 0.373219 0 3
0.246114 0.208277 0.372377 0 3
0.252163 0.208255 0.372338 0 3
0.257849 0.207941 0.371777 0 3
0.262222 0.206607 0.369392 0 3
0.264276 0.203547 0.363921 0 3
0.26745 0.201466 0.3602 0 3
0.271735 0.200293 0.358102 0 3
0.204136 0.208704 0.362565 1.75168e-38 3
0.206828 0.205501 0.357 1.30911e-38 3
0.210507 0.203428 0.353399 1.18003e-38 3
0.218458 0.205483 0.356969 0 3
0.225763 0.20684 0.359326 0 3
0.229887 0.205287 0.356629 0 3
0.234444 0.204189 0.354721 0 3
0.240242 0.204197 0.354736 1.19836e-38 3
0.246661 0.204721 0.355645 0 3
0.252911 0.205084 0.356276 0 3
0.258568 0.20496 0.356061 0 3
0.261711 0.202894 0.352471 0 3
0.265661 0.201527 0.350097 0 3
0.272234 0.202167 0.351208 0 3
0.276627 0.201194 0.349519 0 3
0.281143 0.200349 0.34805 0 3
0.239018 0.204001 0.344625 0 3
0.252016 0.210151 0.355016 0 3
0.246387 0.200841 0.339287 0 3
0.278573 0.204144 0.344867 0 3
0.283765 0.203832 0.344341 0 3
0.290408 0.204554 0.34556 0 3
0.296326 0.204747 0.345887 0 3
0.203198 0.201964 0.332034 1.20762e-38 3
0.207564 0.200946 0.33036 1.29052e-38 3
0.287724 0.208249 0.342366 0 3
0.296224 0.210318 0.345767 0 3
0.299537 0.204867 0.336806 0 3
0.200678 0.20481 0.327916 1.34591e-38 3
0.205513 0.204298 0.327096 1.45648e-38 3
0.210013 0.203487 0.325798 1.38261e-38 3
0.215002 0.203179 0.325304 1.1984e-38 3
0.277823 0.206476 0.330585 0 3
0.296734 0.216331 0.346363 0 3
0.299549 0.210371 0.33682 0 3
0.202646 0.206709 0.322532 0 3
0.20793 0.206732 0.322567 1.36428e-38 3
0.276288 0.2107 0.328758 0 3
0.293886 0.219851 0.343038 0 3
0.293943 0.215785 0.336692 0 3
0.293984 0.211856 0.330562 0 3
0.298251 0.211059 0.329319 0 3
0.233346 0.257457 0.391741 1.47499e-38 3
0.200216 0.20413 0.3106 1.26286e-38 3
0.233192 0.263674 0.391483 1.41038e-38 3
0.202038 0.20589 0.30569 1.18918e-38 3
0.243812 0.267696 0.388054 1.23521e-38 3
0.25426 0.27166 0.384702 0 3
0.253514 0.277122 0.383574 1.25372e-38 3
0.239634 0.274644 0.371749 1.23535e-38 3
0.239634 0.28071 0.371749 0 3
0.170406 0.199969 0.379673 1.28145e-38 3
0.16523 0.1999 0.368139 1.37364e-38 3
0.101967 0.199646 0.356945 1.32755e-38 3
0.106607 0.197452 0.353023 1.32755e-38 3
0.110422 0.194035 0.346914 1.46584e-38 3
0.116499 0.194731 0.348158 1.30918e-38 3
0.124606 0.198599 0.355074 1.30003e-38 3
0.10472 0.199616 0.346776 1.81625e-38 3
0.110104 0.199119 0.345914 1.28145e-38 3
0.115585 0.198839 0.345427 1.27223e-38 3
0.190198 0.199965 0.337809 1.21695e-38 3
0.195235 0.199481 0.336991 1.24457e-38 3
0.14217 0.199943 0.328712 1.27216e-38 3
0.147204 0.199497 0.327978 1.44733e-38 3
0.15255 0.19949 0.327965 1.46577e-38 3
0.157924 0.19952 0.328015 1.41963e-38 3
0.163663 0.199993 0.328793 1.29978e-38 3
0.154062 0.199861 0.319992 1.39194e-38 3
-0.171016 0.208393 0.395668 0 3
-0.162565 0.205866 0.39087 0 3
-0.15698 0.206909 0.392851 0 3
-0.19552 0.206632 0.380537 0 3
-0.190668 0.208113 0.383265 0 3
-0.188555 0.212785 0.391868 0 3
-0.182749 0.213471 0.393132 0 3
-0.175388 0.212326 0.391023 0 3
-0.16838 0.211536 0.389569 0 3
-0.160991 0.210188 0.387086 0 3
-0.154299 0.209677 0.386144 0 3
-0.147967 0.209631 0.386059 0 3
-0.141155 0.208871 0.38466 0 3
-0.132503 0.205193 0.377886 0 3
-0.197323 0.208192 0.372226 0 3
-0.190878 0.207788 0.371503 0 3
-0.185054 0.208054 0.371979 0 3
-0.182906 0.212613 0.380129 0 3
-0.17979 0.216326 0.386767 0 3
-0.173651 0.216539 0.387149 0 3
-0.167603 0.216887 0.387771 0 3
-0.16058 0.21595 0.386096 0 3
-0.150339 0.210434 0.376233 0 3
-0.141205 0.206061 0.368416 0 3
-0.132322 0.201684 0.36059 0 3
-0.195098 0.21185 0.36803 0 3
-0.189078 0.211832 0.367999 0 3
-0.183136 0.211904 0.368124 0 3
-0.179748 0.215037 0.373566 0 3
-0.17909 0.221769 0.385261 0 3
-0.173266 0.222362 0.386292 0 3
-0.165546 0.220474 0.383012 0 3
-0.153125 0.211932 0.368173 0 3
-0.143643 0.206926 0.359475 0 3
-0.135397 0.20335 0.353263 0 3
-0.127636 0.200217 0.347821 0 3
-0.196506 0.212875 0.359618 0 3
-0.190608 0.21284 0.359559 0 3
-0.184772 0.212875 0.359618 0 3
-0.17937 0.213429 0.360553 0 3
-0.173857 0.213884 0.361322 0 3
-0.168766 0.214908 0.363052 0 3
-0.162162 0.21401 0.361534 1.18014e-38 3
-0.155303 0.212695 0.359313 0 3
-0.14746 0.209876 0.354551 0 3
-0.139342 0.206419 0.348712 0 3
-0.132575 0.204755 0.3459 0 3
-0.126383 0.203871 0.344407 0 3
-0.120561 0.203529 0.343829 0 3
-0.115128 0.203841 0.344357 0 3
-0.109495 0.203814 0.34431 0 3
-0.103775 0.203612 0.34397 1.32762e-38 3
-0.19995 0.204278 0.335838 0 3
-0.192551 0.202261 0.332522 0 3
-0.190019 0.205389 0.337664 0 3
-0.189269 0.210686 0.346373 0 3
-0.187002 0.214569 0.352756 0 3
-0.182739 0.216336 0.355662 0 3
-0.177727 0.217304 0.357252 0 3
-0.172128 0.217593 0.357728 0 3
-0.165003 0.215907 0.354956 0 3
-0.157937 0.214179 0.352116 0 3
-0.151451 0.213137 0.350402 0 3
-0.144365 0.211135 0.347111 0 3
-0.137633 0.209507 0.344435 0 3
-0.13176 0.209106 0.343775 0 3
-0.125991 0.208839 0.343337 0 3
-0.120354 0.208779 0.343237 0 3
-0.115055 0.209327 0.344139 0 3
-0.109423 0.209294 0.344084 1.45669e-38 3
-0.103722 0.209118 0.343795 1.1801e-38 3
-0.189934 0.204864 0.328002 0 3
-0.184791 0.205096 0.328374 0 3
-0.183145 0.209337 0.335165 0 3
-0.183232 0.215883 0.345645 0 3
-0.180258 0.219123 0.350833 0 3
-0.17533 0.220123 0.352433 0 3
-0.16983 0.220447 0.352953 0 3
-0.163148 0.219207 0.350967 0 3
-0.155196 0.216108 0.346005 0 3
-0.146702 0.211991 0.339414 0 3
-0.139942 0.210156 0.336476 0 3
-0.13449 0.210214 0.336569 0 3
-0.129947 0.211761 0.339045 0 3
-0.125055 0.212849 0.340787 0 3
-0.119674 0.213168 0.341298 0 3
-0.114523 0.213947 0.342546 0 3
-0.108909 0.213898 0.342467 0 3
-0.102867 0.212958 0.340963 0 3
-0.188343 0.208455 0.325256 0 3
-0.183057 0.208478 0.325293 0 3
-0.178418 0.209262 0.326515 0 3
-0.17738 0.214448 0.334607 0 3
-0.177557 0.221479 0.345577 0 3
-0.174037 0.224207 0.349834 0 3
-0.168242 0.224091 0.349653 0 3
-0.160363 0.221094 0.344976 0 3
-0.150758 0.215411 0.33611 0 3
-0.142513 0.211317 0.329721 0 3
-0.13648 0.210311 0.328152 0 3
-0.132093 0.211861 0.33057 0 3
-0.127978 0.213999 0.333906 0 3
-0.123548 0.215778 0.336682 0 3
-0.118469 0.216534 0.337862 1.2262e-38 3
-0.113203 0.217007 0.3386 0 3
-0.107953 0.21756 0.339463 0 3
-0.102391 0.217509 0.339383 0 3
-0.187572 0.212886 0.323924 0 3
-0.182301 0.212902 0.323948 0 3
-0.177456 0.213433 0.324755 0 3
-0.172868 0.214313 0.326095 0 3
-0.168486 0.215514 0.327922 0 3
-0.167429 0.221185 0.336551 0 3
-0.164437 0.224599 0.341745 0 3
-0.155797 0.220267 0.335154 0 3
-0.146914 0.215263 0.32754 0 3
-0.140619 0.213818 0.325341 0 3
-0.13563 0.214321 0.326106 0 3
-0.130889 0.215274 0.327557 1.19858e-38 3
-0.126734 0.217315 0.330662 0 3
-0.123128 0.220518 0.335535 0 3
-0.118415 0.221945 0.337707 0 3
-0.112309 0.220774 0.335925 0 3
-0.105443 0.217911 0.33157 1.18936e-38 3
-0.18155 0.21729 0.322615 1.2078e-38 3
-0.176698 0.217796 0.323367 0 3
-0.171673 0.218115 0.32384 0 3
-0.165984 0.217584 0.323052 0 3
-0.160083 0.216731 0.321785 0 3
-0.154579 0.216375 0.321257 0 3
-0.149288 0.216304 0.321151 0 3
-0.143387 0.215311 0.319677 0 3
-0.137791 0.214719 0.318798 1.2078e-38 3
-0.133504 0.216198 0.320995 1.18936e-38 3
-0.128958 0.217365 0.322726 1.2078e-38 3
-0.12503 0.219715 0.326216 1.23542e-38 3
-0.179902 0.220532 0.319685 0 3
-0.175519 0.221585 0.321211 0 3
-0.170297 0.221608 0.321245 1.21695e-38 3
-0.165056 0.221608 0.321245 0 3
-0.159814 0.221608 0.321245 0 3
-0.154396 0.221355 0.320878 0 3
-0.146465 0.217355 0.315079 0 3
-0.139225 0.214126 0.310399 0 3
-0.133992 0.213856 0.310007 1.20783e-38 3
-0.130097 0.215786 0.312805 0 3
-0.125808 0.217191 0.314842 1.22624e-38 3
-0.121385 0.218477 0.316706 1.3184e-38 3
-0.120501 0.261395 0.37892 1.25382e-38 3
-0.179902 0.225748 0.319685 0 3
-0.175519 0.226825 0.321211 0 3
-0.170297 0.22685 0.321245 0 3
-0.165056 0.22685 0.321245 0 3
-0.177482 0.27942 0.39569 0 3
-0.133992 0.218914 0.310007 0 3
-0.130005 0.220732 0.312582 0 3
-0.12425 0.219575 0.310944 0 3
-0.117744 0.216935 0.307205 0 3
-0.112258 0.216024 0.305915 0 3
-0.105577 0.21262 0.301095 1.27216e-38 3
-0.196544 0.220382 0.305038 0 3
-0.150267 0.283253 0.39206 0 3
-0.132132 0.278397 0.376828 0 3
-0.132132 0.284545 0.376828 1.19851e-38 3
0.100936 0.203586 0.3989 1.41056e-38 3
0.107383 0.203471 0.398674 1.22602e-38 3
0.113692 0.203122 0.397989 1.31833e-38 3
0.120087 0.202955 0.397663 1.19854e-38 3
0.126359 0.202608 0.396982 1.50279e-38 3
0.132715 0.202423 0.396621 1.26308e-38 3
0.138751 0.20179 0.39538 1.33684e-38 3
0.145034 0.201558 0.394925 1.37354e-38 3
0.151762 0.201936 0.395666 1.42871e-38 3
0.158418 0.202192 0.396168 1.53945e-38 3
0.164765 0.202049 0.395886 1.47495e-38 3
0.17122 0.202044 0.395878 1.37354e-38 3
0.17788 0.202273 0.396325 1.19847e-38 3
0.184445 0.202381 0.396538 0 3
0.189123 0.200481 0.392815 0 3
0.196278 0.201247 0.394315 0 3
0.100427 0.209036 0.396889 0 3
0.10684 0.208913 0.396657 1.49339e-38 3
0.113128 0.208575 0.396015 1.56725e-38 3
0.119662 0.208702 0.396256 1.23535e-38 3
0.125966 0.208435 0.395748 1.41059e-38 3
0.131995 0.207762 0.39447 1.49357e-38 3
0.137438 0.206271 0.391639 1.35528e-38 3
0.142831 0.204842 0.388926 1.36442e-38 3
0.14902 0.204626 0.388517 1.52101e-38 3
0.156983 0.206766 0.392579 1.38272e-38 3
0.161464 0.204331 0.387956 1.2168e-38 3
0.164741 0.200614 0.380898 1.38286e-38 3
0.177059 0.200487 0.380658 1.52116e-38 3
0.183366 0.200592 0.380857 0 3
0.189719 0.200739 0.381137 0 3
0.104335 0.210335 0.387356 1.29067e-38 3
0.11193 0.212758 0.391818 1.27223e-38 3
0.118396 0.21289 0.392061 1.59491e-38 3
0.125433 0.213982 0.394073 1.28152e-38 3
0.131948 0.214122 0.394331 1.43825e-38 3
0.136828 0.211716 0.3899 1.32769e-38 3
0.141785 0.209641 0.386078 1.61342e-38 3
0.147681 0.20907 0.385027 1.51183e-38 3
0.152576 0.207186 0.381557 1.55793e-38 3
0.156879 0.204678 0.376938 1.3551e-38 3
0.160692 0.201744 0.371535 1.29989e-38 3
0.171958 0.200743 0.369692 1.24457e-38 3
0.180339 0.203392 0.374571 0 3
0.189387 0.206596 0.380471 0 3
0.132144 0.201257 0.359826 1.5397e-38 3
0.140256 0.204524 0.365667 1.36442e-38 3
0.14775 0.206662 0.36949 1.33666e-38 3
0.152741 0.205267 0.366997 1.31822e-38 3
0.156973 0.202996 0.362936 1.23535e-38 3
0.162222 0.202159 0.361438 0 3
0.168815 0.202996 0.362935 1.29067e-38 3
0.177712 0.206452 0.369114 1.29989e-38 3
0.188205 0.211475 0.378096 1.27223e-38 3
0.197823 0.215228 0.384804 0 3
0.121965 0.20006 0.347548 1.23542e-38 3
0.130529 0.204595 0.355426 1.19854e-38 3
0.140218 0.210433 0.365569 1.29067e-38 3
0.14775 0.212691 0.36949 1.34591e-38 3
0.152248 0.210573 0.365812 1.29981e-38 3
0.155571 0.207053 0.359696 0 3
0.161012 0.206504 0.358743 1.3552e-38 3
0.166794 0.206416 0.35859 1.32755e-38 3
0.171542 0.205098 0.3563 0 3
0.176595 0.204218 0.354771 1.34598e-38 3
0.183017 0.204928 0.356005 1.26301e-38 3
0.192085 0.208466 0.36215 1.22617e-38 3
0.19909 0.20962 0.364155 1.27226e-38 3
0.103909 0.203683 0.34409 1.6042e-38 3
0.108962 0.20264 0.342327 1.36442e-38 3
0.11457 0.20268 0.342396 1.22613e-38 3
0.120893 0.203922 0.344492 1.26308e-38 3
0.154149 0.210975 0.356408 1.2445e-38 3
0.158487 0.209027 0.353118 1.29059e-38 3
0.159429 0.202894 0.342756 1.32755e-38 3
0.163659 0.201219 0.339926 1.37364e-38 3
0.168912 0.20087 0.339337 1.28145e-38 3
0.174414 0.200831 0.339271 1.18003e-38 3
0.179512 0.200342 0.338446 1.30914e-38 3
0.184722 0.200004 0.337874 1.37368e-38 3
0.112495 0.204494 0.336193 1.3552e-38 3
0.116734 0.202335 0.332643 1.2262e-38 3
0.16933 0.200351 0.329381 0 3
0.175127 0.200835 0.330178 0 3
0.180811 0.201166 0.330721 1.18929e-38 3
0.186242 0.201204 0.330784 1.25382e-38 3
0.192097 0.201685 0.331574 0 3
0.197833 0.202018 0.332122 1.22613e-38 3
0.119449 0.203148 0.325256 0 3
0.124732 0.203111 0.325195 0 3
0.129716 0.202607 0.324389 1.34588e-38 3
0.134457 0.201779 0.323064 1.45647e-38 3
0.139175 0.20098 0.321785 1.21677e-38 3
0.144166 0.200621 0.321209 1.28138e-38 3
0.149057 0.200151 0.320458 1.25364e-38 3
0.159669 0.200345 0.320768 1.20751e-38 3
0.1657 0.201315 0.322321 1.20755e-38 3
0.173684 0.204523 0.327457 0 3
0.180778 0.206524 0.330661 1.26304e-38 3
0.186158 0.206507 0.330634 1.29992e-38 3
0.190647 0.205532 0.329072 1.26301e-38 3
0.195372 0.204856 0.32799 1.25372e-38 3
0.117993 0.205915 0.321292 1.22624e-38 3
0.123199 0.205854 0.321198 1.19851e-38 3
0.128125 0.20535 0.320411 1.53016e-38 3
0.132795 0.204492 0.319072 1.34577e-38 3
0.137129 0.2032 0.317056 1.30896e-38 3
0.141464 0.202003 0.315189 1.18918e-38 3
0.145418 0.200366 0.312634 1.33669e-38 3
0.151049 0.201071 0.313734 1.20762e-38 3
0.155862 0.200678 0.313121 1.41041e-38 3
0.196442 0.205724 0.320995 0 3
0.122897 0.210578 0.320411 1.18921e-38 3
0.127589 0.209698 0.319072 1.31811e-38 3
0.131919 0.208314 0.316966 1.44718e-38 3
0.135691 0.206187 0.31373 1.3735e-38 3
0.139511 0.204286 0.310837 1.34591e-38 3
0.183853 0.259772 0.395264 0 3
0.188714 0.202662 0.308366 1.31825e-38 3
0.194664 0.203623 0.309829 1.27208e-38 3
0.127332 0.21447 0.318428 1.41023e-38 3
0.13099 0.211982 0.314734 1.53009e-38 3
0.134412 0.209314 0.310773 1.47495e-38 3
0.138408 0.207702 0.30838 1.26294e-38 3
0.186077 0.204791 0.304058 1.44726e-38 3
0.19022 0.203914 0.302756 0 3
0.196024 0.204817 0.304097 0 3
0.127327 0.219657 0.318416 0 3
0.13099 0.217117 0.314734 1.37335e-38 3
0.134412 0.214384 0.310773 1.27212e-38 3
0.138408 0.212734 0.30838 1.18929e-38 3
0.194635 0.208292 0.301941 0 3
0.199288 0.208007 0.301528 0 3
0.127049 0.224362 0.317722 1.26272e-38 3
0.131073 0.222394 0.314935 1.27194e-38 3
0.134618 0.219791 0.311249 1.27212e-38 3
0.138413 0.217773 0.308391 1.35524e-38 3
0.127104 0.229645 0.317859 1.36414e-38 3
0.131968 0.229085 0.317084 1.41023e-38 3
0.135299 0.226008 0.312826 1.24446e-38 3
0.139083 0.223883 0.309884 1.18007e-38 3
0.0357974 0.203272 0.398284 0 3
0.0422499 0.203052 0.397853 1.2817e-38 3
0.0485427 0.202226 0.396233 1.51229e-38 3
0.0547936 0.201439 0.394692 1.53084e-38 3
0.0609544 0.200522 0.392895 1.30928e-38 3
0.0877975 0.203305 0.398347 1.38293e-38 3
0.0944497 0.203634 0.398993 1.2723e-38 3
0.00319344 0.202622 0.384711 1.3829e-38 3
0.00956453 0.204639 0.388541 1.25386e-38 3
0.0160601 0.20665 0.392359 1.37371e-38 3
0.0226156 0.208066 0.395048 0 3
0.0291235 0.208513 0.395896 1.30936e-38 3
0.0356352 0.20882 0.396479 1.20791e-38 3
0.0421219 0.208909 0.396648 1.39233e-38 3
0.0485071 0.208538 0.395943 1.3646e-38 3
0.054875 0.208188 0.395279 1.31868e-38 3
0.0612638 0.207983 0.394889 1.23553e-38 3
0.0677432 0.208095 0.395102 1.38279e-38 3
0.0743162 0.20845 0.395777 1.22617e-38 3
0.0809004 0.208777 0.396398 1.2262e-38 3
0.0878122 0.209839 0.398414 1.3645e-38 3
0.094089 0.209342 0.39747 1.21698e-38 3
0.00311707 0.203903 0.375511 1.28148e-38 3
0.00933321 0.205876 0.379144 1.2907e-38 3
0.0156794 0.208001 0.383058 1.20769e-38 3
0.0223305 0.211807 0.390068 0 3
0.0290627 0.214523 0.39507 1.20783e-38 3
0.0356945 0.215647 0.397139 1.19861e-38 3
0.0423656 0.216626 0.398943 1.33684e-38 3
0.0486948 0.215829 0.397474 1.31843e-38 3
0.0549681 0.215001 0.395949 1.36467e-38 3
0.0608182 0.212866 0.392017 1.31847e-38 3
0.0650697 0.206074 0.37951 1.30914e-38 3
0.0728009 0.210526 0.387707 1.30914e-38 3
0.0807482 0.21484 0.395652 0 3
0.0876142 0.215852 0.397516 0 3
0.0917599 0.210484 0.387631 1.33676e-38 3
0.0964236 0.20692 0.381067 1.30911e-38 3
0.00309318 0.20842 0.372632 0 3
0.00924416 0.210038 0.375526 1.18918e-38 3
0.0155192 0.212062 0.379144 1.40123e-38 3
0.0219375 0.214331 0.383202 1.22606e-38 3
0.0288935 0.219683 0.39277 1.1984e-38 3
0.0541498 0.218164 0.390055 1.24468e-38 3
0.0588332 0.212105 0.379222 1.23546e-38 3
0.0645991 0.210731 0.376765 1.30918e-38 3
0.0703568 0.209571 0.374691 1.31836e-38 3
0.0761969 0.208822 0.373352 1.28152e-38 3
0.0825035 0.209368 0.374328 1.29996e-38 3
0.0886304 0.209414 0.37441 1.22613e-38 3
0.0922538 0.20392 0.364588 1.34602e-38 3
0.00309318 0.214499 0.372632 0 3
0.00924416 0.216165 0.375526 1.2629e-38 3
0.0155164 0.218209 0.379076 1.40119e-38 3
0.0218449 0.219653 0.381586 0 3
0.0282239 0.220851 0.383667 1.18911e-38 3
0.0609525 0.226156 0.392883 1.44751e-38 3
0.0642505 0.215708 0.374732 1.4291e-38 3
0.0690922 0.211808 0.367956 1.92689e-38 3
0.0739975 0.20871 0.362576 1.19862e-38 3
0.0793877 0.207338 0.360191 1.43832e-38 3
0.0848302 0.206282 0.358357 1.32755e-38 3
0.0895517 0.203722 0.35391 1.31822e-38 3
0.0939369 0.200753 0.348752 1.22613e-38 3
0.00928578 0.223293 0.377217 1.41963e-38 3
0.015383 0.222464 0.375817 1.61321e-38 3
0.0722234 0.20948 0.353882 1.24471e-38 3
0.0771319 0.207156 0.349956 1.27237e-38 3
0.0825877 0.206521 0.348884 1.32755e-38 3
0.0876878 0.205136 0.346543 1.34588e-38 3
0.0930298 0.20445 0.345385 1.18925e-38 3
0.098857 0.204848 0.346057 0 3
0.00916308 0.226416 0.372233 1.84377e-38 3
0.0697128 0.207771 0.341581 1.29081e-38 3
0.0738378 0.203775 0.33501 1.31847e-38 3
0.0784387 0.201552 0.331357 1.50272e-38 3
0.0836904 0.201181 0.330745 1.53949e-38 3
0.0134266 0.204874 0.32802 1.54871e-38 3
0.0554246 0.201899 0.323256 1.30925e-38 3
0.0619156 0.205947 0.329736 1.37371e-38 3
0.0671976 0.205647 0.329257 1.32769e-38 3
0.0722256 0.204672 0.327696 1.51208e-38 3
0.0773182 0.204002 0.326623 1.33676e-38 3
0.0826412 0.203987 0.326599 1.34588e-38 3
0.0278943 0.243019 0.379187 1.51172e-38 3
0.0587396 0.200486 0.312822 1.50279e-38 3
0.0651008 0.204435 0.318983 0 3
0.0712539 0.207193 0.323287 1.41988e-38 3
0.0766708 0.207578 0.323888 1.53967e-38 3
0.0819582 0.207586 0.3239 1.57655e-38 3
0.0401608 0.248545 0.378181 1.86224e-38 3
0.0473728 0.20068 0.305352 1.38304e-38 3
0.0530099 0.203192 0.309173 1.20776e-38 3
0.0587396 0.20559 0.312822 1.50279e-38 3
0.0651008 0.209639 0.318983 1.49364e-38 3
0.0712539 0.212468 0.323287 1.2723e-38 3
0.0766708 0.212863 0.323888 1.35524e-38 3
0.0819582 0.212871 0.3239 1.46591e-38 3
0.0401608 0.254715 0.378181 1.85302e-38 3
-0.00314661 0.200372 0.392602 1.35528e-38 3
-0.0030472 0.200245 0.380198 1.28152e-38 3
-0.00298071 0.201944 0.371902 1.21695e-38 3
-0.00884288 0.203284 0.36345 1.18007e-38 3
-0.00296073 0.206617 0.36941 1.21684e-38 3
-0.0880434 0.200517 0.348342 1.33669e-38 3
-0.0830243 0.202135 0.351152 1.30903e-38 3
-0.0778009 0.203458 0.353451 1.27208e-38 3
-0.0721138 0.203683 0.353841 1.37357e-38 3
-0.0662245 0.203326 0.353222 1.46573e-38 3
-0.0603163 0.202838 0.352374 1.32744e-38 3
-0.0545492 0.202771 0.352258 0 3
-0.0486878 0.202297 0.351435 1.33673e-38 3
-0.0427293 0.20124 0.349597 1.40134e-38 3
-0.0369292 0.200717 0.348689 1.31836e-38 3
-0.0312456 0.200752 0.348751 1.2446e-38 3
-0.0258264 0.20288 0.352447 1.37361e-38 3
-0.0202554 0.204693 0.355597 1.25382e-38 3
-0.0144958 0.205291 0.356635 1.29992e-38 3
-0.00881913 0.208652 0.362474 1.5303e-38 3
-0.0029605 0.212628 0.369381 0 3
-0.0983122 0.203923 0.344495 1.59498e-38 3
-0.092873 0.204322 0.345169 1.36442e-38 3
-0.087525 0.204987 0.346291 0 3
-0.0825897 0.206776 0.349314 1.24442e-38 3
-0.077555 0.208563 0.352333 1.48413e-38 3
-0.0720166 0.209174 0.353364 1.32747e-38 3
-0.0662542 0.209183 0.35338 1.38275e-38 3
-0.0603175 0.208591 0.352381 0 3
-0.0545492 0.208519 0.352258 0 3
-0.0486878 0.208031 0.351435 1.45658e-38 3
-0.0427293 0.206944 0.349597 1.3368e-38 3
-0.036911 0.206304 0.348517 1.34602e-38 3
-0.0311729 0.205962 0.347939 1.30903e-38 3
-0.0257868 0.20831 0.351906 1.40126e-38 3
-0.0202546 0.210487 0.355583 0 3
-0.0981183 0.209131 0.343816 1.48435e-38 3
-0.092669 0.209493 0.344411 1.32758e-38 3
-0.0872541 0.209985 0.345219 0 3
-0.0818585 0.210594 0.346222 1.33662e-38 3
-0.0765134 0.211433 0.347601 1.25357e-38 3
-0.0972575 0.212856 0.340799 1.34606e-38 3
-0.091726 0.212923 0.340906 1.25382e-38 3
-0.0865903 0.213977 0.342593 1.2907e-38 3
-0.081277 0.214707 0.343762 1.23524e-38 3
-0.0756741 0.214723 0.343788 1.20747e-38 3
-0.0523711 0.236105 0.378022 1.38275e-38 3
-0.0970294 0.217904 0.34 0 3
-0.0907252 0.216101 0.337187 1.1801e-38 3
-0.0842466 0.213624 0.333321 0 3
-0.0786328 0.213148 0.332579 0 3
-0.0746487 0.217347 0.33913 0 3
-0.0523711 0.242272 0.378022 1.34588e-38 3
-0.0991123 0.215905 0.328517 1.18936e-38 3
-0.0931922 0.214615 0.326554 0 3
-0.0851456 0.207974 0.31645 0 3
-0.0779748 0.202754 0.308506 0 3
-0.0911335 0.203452 0.30207 0 3
0.37066 0.222218 0.449784 0 3
0.357145 0.230306 0.451253 0 3
0.361811 0.240799 0.430523 0 3
-0.0439968 0.177844 0.359968 1.25382e-38 3
-0.0383455 0.178879 0.362062 1.31836e-38 3
-0.0328461 0.181127 0.366614 1.34602e-38 3
-0.0275833 0.185973 0.376423 1.32762e-38 3
-0.0223248 0.193633 0.391926 1.39215e-38 3
-0.0435508 0.181855 0.356319 1.29974e-38 3
-0.0377827 0.182073 0.356748 1.1984e-38 3
-0.0319469 0.181987 0.356578 1.25379e-38 3
-0.026073 0.181596 0.355812 1.35528e-38 3
-0.0202698 0.181615 0.35585 1.32762e-38 3
-0.0147115 0.184724 0.361941 1.25386e-38 3
-0.00925334 0.194104 0.38032 1.21698e-38 3
-0.0609005 0.187388 0.355787 1.28138e-38 3
-0.0550599 0.187267 0.355556 1.29985e-38 3
-0.0492484 0.187227 0.355482 1.38279e-38 3
-0.0434485 0.187227 0.355482 1.5303e-38 3
-0.0376455 0.187212 0.355453 1.51186e-38 3
-0.0318054 0.186973 0.354999 1.39208e-38 3
-0.0259513 0.186527 0.354152 1.32755e-38 3
-0.0200806 0.185672 0.352528 1.29074e-38 3
-0.0144612 0.187386 0.355783 1.37371e-38 3
-0.00903645 0.195614 0.371406 0 3
-0.0994195 0.178938 0.329535 0 3
-0.0935025 0.17791 0.327641 0 3
-0.0923302 0.186332 0.343152 0 3
-0.0895634 0.192416 0.354356 1.22613e-38 3
-0.0838933 0.192672 0.354828 0 3
-0.0781239 0.192721 0.354918 0 3
-0.0722856 0.192594 0.354685 0 3
-0.0664974 0.19259 0.354678 0 3
-0.0607106 0.19259 0.354678 1.37357e-38 3
-0.0549194 0.192575 0.354649 1.48421e-38 3
-0.0490704 0.19233 0.354197 1.6225e-38 3
-0.0432532 0.19216 0.353884 1.6225e-38 3
-0.0374786 0.192156 0.353877 1.27216e-38 3
-0.0317049 0.192156 0.353877 1.46587e-38 3
-0.0258693 0.191697 0.353032 1.41978e-38 3
-0.0198626 0.189345 0.348702 1.30918e-38 3
-0.0142414 0.190254 0.350375 0 3
-0.00888065 0.198197 0.365002 1.29992e-38 3
-0.094605 0.185416 0.331505 0 3
-0.09235 0.191972 0.343226 0 3
-0.0889287 0.196793 0.351845 1.43818e-38 3
-0.0835587 0.19767 0.353413 1.36442e-38 3
-0.0780109 0.198224 0.354404 1.47499e-38 3
-0.0721317 0.197959 0.353929 1.37357e-38 3
-0.0662576 0.197662 0.353399 1.34591e-38 3
-0.0604383 0.197488 0.353087 1.45655e-38 3
-0.054672 0.197468 0.353051 1.38279e-38 3
-0.0488497 0.197217 0.352604 1.40134e-38 3
-0.0430588 0.197044 0.352294 1.34602e-38 3
-0.0373102 0.19704 0.352287 1.429e-38 3
-0.0315675 0.197072 0.352344 1.38279e-38 3
-0.0258909 0.197622 0.353328 1.55796e-38 3
-0.0202391 0.198732 0.355311 1.33684e-38 3
-0.0145203 0.199809 0.357238 1.18932e-38 3
-0.0981304 0.197936 0.343858 0 3
-0.093434 0.199891 0.347254 0 3
-0.0318691 0.183033 0.300911 0 3
0.342249 0.190852 0.39949 0 3
0.342915 0.187649 0.392787 0 3
0.345132 0.185398 0.388074 0 3
0.350392 0.184833 0.386891 0 3
0.356016 0.184476 0.386144 0 3
0.303861 0.178634 0.361567 0 3
0.307977 0.177606 0.359486 0 3
0.313599 0.177468 0.359208 0 3
0.324218 0.180111 0.364558 0 3
0.340499 0.185748 0.375967 0 3
0.349092 0.187066 0.378634 0 3
0.355299 0.187081 0.378666 0 3
0.36154 0.187114 0.378732 0 3
0.368792 0.18766 0.379836 0 3
0.303717 0.184446 0.361397 0 3
0.307821 0.183378 0.359304 0 3
0.312713 0.182811 0.358193 0 3
0.321185 0.184319 0.361147 0 3
0.332451 0.187347 0.367081 0 3
0.342839 0.189782 0.371852 0 3
0.3512 0.19103 0.374297 0 3
0.358003 0.191402 0.375026 0 3
0.3642 0.191443 0.375107 0 3
0.300719 0.188464 0.357829 0 3
0.30538 0.18774 0.356455 0 3
0.310442 0.187285 0.355591 0 3
0.317499 0.188028 0.357002 0 3
0.325133 0.18908 0.359001 0 3
0.333561 0.190549 0.361789 0 3
0.344324 0.193277 0.366969 0 3
0.352894 0.194702 0.369674 0 3
0.35917 0.194835 0.369926 0 3
0.3042 0.189204 0.348442 0 3
0.310654 0.189674 0.349306 0 3
0.316903 0.190004 0.349914 0 3
0.322625 0.190011 0.349928 0 3
0.328334 0.190011 0.349928 0 3
0.334098 0.190042 0.349984 0 3
0.341244 0.190845 0.351463 0 3
0.30337 0.194358 0.347491 0 3
0.308076 0.193752 0.346408 0 3
0.311064 0.192106 0.343466 0 3
0.314684 0.190903 0.341315 0 3
0.317981 0.189549 0.338893 0 3
0.320078 0.187538 0.335298 0 3
0.325136 0.1873 0.334872 0 3
0.33485 0.189708 0.339178 0 3
0.301717 0.198937 0.345597 0 3
0.304607 0.197158 0.342507 0 3
0.306993 0.195123 0.338971 0 3
0.309785 0.193413 0.336001 0 3
0.311892 0.191342 0.332403 0 3
0.31496 0.189922 0.329936 0 3
0.319926 0.189675 0.329507 0 3
0.327322 0.190853 0.331553 0 3
0.301866 0.197302 0.33331 0 3
0.305376 0.196064 0.331219 0 3
0.308731 0.194772 0.329035 0 3
0.312319 0.193668 0.32717 0 3
0.317115 0.193337 0.326611 0 3
0.322603 0.193433 0.326773 0 3
0.307452 0.199311 0.327672 0 3
0.311021 0.198178 0.32581 0 3
0.315799 0.197841 0.325256 0 3
0.244102 0.180911 0.378682 0 3
0.25027 0.180903 0.378666 0 3
0.229322 0.190203 0.384985 1.25368e-38 3
0.233047 0.18814 0.380808 1.18914e-38 3
0.23836 0.187432 0.379376 0 3
0.243749 0.186819 0.378134 0 3
0.249694 0.186651 0.377794 0 3
0.255998 0.186753 0.378 0 3
0.260923 0.185868 0.37621 0 3
0.228799 0.196037 0.384107 0 3
0.233047 0.194353 0.380808 1.29056e-38 3
0.238253 0.193535 0.379205 1.37354e-38 3
0.243574 0.192849 0.377861 1.28138e-38 3
0.249689 0.192811 0.377786 1.5948e-38 3
0.255998 0.19292 0.378 1.19836e-38 3
0.260923 0.192006 0.37621 0 3
0.265273 0.19072 0.37369 0 3
0.268319 0.188576 0.369489 0 3
0.295385 0.186633 0.365681 0 3
0.299361 0.1854 0.363265 0 3
0.21471 0.195193 0.370606 0 3
0.222042 0.196329 0.372763 1.2629e-38 3
0.230348 0.198244 0.376398 1.20758e-38 3
0.237363 0.198976 0.377788 1.34588e-38 3
0.242464 0.198108 0.376141 0 3
0.248337 0.197897 0.375741 1.37354e-38 3
0.254056 0.197577 0.375133 1.44729e-38 3
0.260113 0.197529 0.375042 0 3
0.264983 0.196602 0.373281 0 3
0.267052 0.193686 0.367745 0 3
0.271961 0.192911 0.366274 0 3
0.27671 0.19206 0.364658 1.20776e-38 3
0.280456 0.190563 0.361815 0 3
0.283943 0.188955 0.358763 0 3
0.289125 0.188517 0.357931 0 3
0.294953 0.18851 0.357917 0 3
0.266374 0.199179 0.366811 1.26301e-38 3
0.270533 0.197843 0.364351 0 3
0.274117 0.196154 0.361241 0 3
0.278644 0.195197 0.359478 0 3
0.28302 0.194175 0.357596 0 3
0.287823 0.193482 0.356319 0 3
0.293541 0.193419 0.356203 0 3
0.297422 0.192171 0.353906 0 3
0.299348 0.189733 0.349414 0 3
0.275704 0.19894 0.355684 0 3
0.296165 0.193355 0.345699 0 3
0.285665 0.199541 0.346646 0 3
0.290322 0.198857 0.345457 0 3
0.29607 0.198932 0.345588 1.1801e-38 3
0.200365 0.199115 0.336372 1.33677e-38 3
0.205317 0.198597 0.335497 1.34598e-38 3
0.209901 0.197758 0.33408 1.22602e-38 3
0.214342 0.196831 0.332513 1.20755e-38 3
0.217329 0.194647 0.328824 1.20758e-38 3
0.222029 0.194066 0.327843 0 3
0.243701 0.194286 0.328215 0 3
0.248905 0.194168 0.328015 0 3
0.254898 0.194658 0.328843 0 3
0.264078 0.197511 0.333663 0 3
0.211252 0.199341 0.327721 1.26286e-38 3
0.215874 0.198673 0.326623 1.20762e-38 3
0.236419 0.189511 0.311561 0 3
0.238693 0.187307 0.307937 0 3
0.243325 0.187006 0.307441 0 3
0.249692 0.188023 0.309114 0 3
0.268369 0.198086 0.325657 0 3
0.236419 0.194595 0.311561 0 3
0.238693 0.192331 0.307937 0 3
0.243257 0.191968 0.307355 0 3
0.247715 0.191538 0.306666 0 3
0.253536 0.192157 0.307658 0 3
0.261992 0.197225 0.300095 0 3
0.0553523 0.190482 0.398717 1.38315e-38 3
0.0617317 0.190095 0.397905 1.99139e-38 3
0.0682207 0.190086 0.397887 1.40116e-38 3
0.0747125 0.190086 0.397887 1.38293e-38 3
0.0812342 0.190156 0.398034 1.29074e-38 3
0.0485954 0.195973 0.396663 1.54006e-38 3
0.0547948 0.195004 0.394701 1.5401e-38 3
0.0609544 0.194111 0.392895 1.61346e-38 3
0.0665355 0.191722 0.388059 1.62243e-38 3
0.0725365 0.190853 0.386299 1.2446e-38 3
0.0796496 0.192815 0.39027 1.29999e-38 3
0.0877308 0.196656 0.398045 1.39215e-38 3
0.0944737 0.197175 0.399095 1.33677e-38 3
0.0665355 0.198054 0.388059 1.55796e-38 3
0.0725365 0.197155 0.386299 1.46584e-38 3
0.0796882 0.199279 0.390459 1.41052e-38 3
0.0956639 0.198649 0.355164 1.4013e-38 3
0.0990898 0.199671 0.346872 0 3
0.0189855 0.196312 0.331637 1.3735e-38 3
0.0221434 0.178183 0.301011 1.45633e-38 3
0.0273694 0.180256 0.304514 1.77902e-38 3
0.0134315 0.199596 0.32814 1.7054e-38 3
0.042148 0.189624 0.303603 0 3
0.0481637 0.1939 0.310449 1.37379e-38 3
0.0418658 0.193275 0.30157 1.35538e-38 3
0.0473743 0.195705 0.305362 1.30003e-38 3
0.0530099 0.198147 0.309173 1.32769e-38 3
0.0418004 0.197886 0.301099 1.46613e-38 3
0.0249005 0.2007 0.434959 1.40159e-38 3
0.0886813 0.21792 0.472279 1.29074e-38 3
0.00361699 0.208168 0.435735 1.31833e-38 3
0.0107465 0.20856 0.436556 1.55811e-38 3
0.0178619 0.208475 0.436378 1.44754e-38 3
0.0246839 0.20599 0.431176 1.29088e-38 3
0.0309142 0.200764 0.420238 1.25408e-38 3
0.00340978 0.202944 0.410773 1.37364e-38 3
0.0101545 0.203802 0.412508 1.46591e-38 3
0.0169062 0.204059 0.41303 1.1894e-38 3
0.0239855 0.206997 0.418976 1.32776e-38 3
0.0302589 0.20322 0.411331 0 3
0.0033331 0.204932 0.401536 1.40137e-38 3
0.00997381 0.206785 0.405167 1.33684e-38 3
0.0165717 0.206628 0.404858 0 3
0.0231188 0.206106 0.403837 1.254e-38 3
0.0294509 0.204325 0.400347 1.28166e-38 3
0.03631 0.225957 0.403987 0 3
0.0433202 0.228163 0.407932 0 3
0.0494665 0.225837 0.403773 1.32769e-38 3
0.0363519 0.232816 0.404453 1.57633e-38 3
0.0445317 0.241386 0.41934 1.31825e-38 3
0.0523028 0.245752 0.426926 1.35531e-38 3
0.0585591 0.242811 0.421816 1.61346e-38 3
0.00381832 0.27229 0.45999 0 3
0.084278 0.265684 0.448829 1.54889e-38 3
0.00381724 0.279716 0.459859 1.49343e-38 3
0.0818202 0.265045 0.43574 1.33684e-38 3
0.011251 0.285464 0.45705 1.59484e-38 3
0.456206 0.202341 0.45459 0 3
0.458151 0.200856 0.435297 0 3
0.458734 0.205044 0.429197 0 3
0.468156 0.234284 0.474207 0 3
0.460999 0.238321 0.466958 0 3
0.452477 0.241393 0.458325 0 3
-0.280126 0.355593 0.798892 0 3
-0.276625 0.36402 0.788907 0 3
-0.2004 0.378789 0.792879 0 3
-0.197055 0.20293 0.455912 0 3
-0.190875 0.204277 0.458938 0 3
-0.184148 0.205124 0.460841 0 3
-0.175487 0.203798 0.457863 0 3
-0.167248 0.202865 0.455767 0 3
-0.19972 0.205458 0.44527 0 3
-0.195324 0.208521 0.451908 0 3
-0.188367 0.208982 0.452907 0 3
-0.179205 0.206935 0.448472 0 3
-0.171086 0.20597 0.446379 0 3
-0.163438 0.205511 0.445385 0 3
-0.124648 0.21376 0.463262 0 3
-0.199099 0.212061 0.443884 0 3
-0.194512 0.214996 0.450029 0 3
-0.186511 0.214239 0.448444 0 3
-0.176372 0.210865 0.441381 0 3
-0.168847 0.210462 0.440538 0 3
-0.162696 0.211811 0.443362 0 3
-0.155489 0.211848 0.443439 1.18947e-38 3
-0.145355 0.207705 0.434768 0 3
-0.13703 0.205856 0.430896 0 3
-0.13031 0.206347 0.431925 1.20794e-38 3
-0.124375 0.208209 0.435823 0 3
-0.120141 0.213317 0.446514 1.20791e-38 3
-0.171755 0.212358 0.429827 0 3
-0.164167 0.211617 0.428327 0 3
-0.157305 0.211787 0.428671 0 3
-0.152128 0.214348 0.433855 0 3
-0.145074 0.214384 0.433929 0 3
-0.13703 0.212886 0.430896 0 3
-0.13023 0.213263 0.431658 0 3
-0.123934 0.214555 0.434274 0 3
-0.118797 0.218134 0.441519 0 3
-0.111849 0.218633 0.442527 1.24468e-38 3
-0.103889 0.217087 0.439399 0 3
-0.197579 0.252354 0.494453 0 3
-0.156486 0.208377 0.408287 0 3
-0.149925 0.208517 0.408561 0 3
-0.145166 0.211293 0.414 0 3
-0.142276 0.217192 0.425557 0 3
-0.136971 0.219822 0.430711 1.21716e-38 3
-0.13023 0.220305 0.431658 0 3
-0.123702 0.221227 0.433464 0 3
-0.117103 0.222124 0.435222 0 3
-0.110053 0.222226 0.435422 0 3
-0.102788 0.221879 0.434741 1.26308e-38 3
-0.197419 0.216094 0.41029 0 3
-0.19 0.215273 0.408731 0 3
-0.180217 0.211616 0.401787 1.19861e-38 3
-0.154968 0.212953 0.404327 0 3
-0.148573 0.213243 0.404877 0 3
-0.14168 0.212812 0.404058 0 3
-0.13546 0.213397 0.40517 0 3
-0.134461 0.222692 0.422818 0 3
-0.130859 0.228447 0.433744 0 3
-0.123618 0.228143 0.433167 0 3
-0.11691 0.228847 0.434504 0 3
-0.13139 0.278275 0.41316 0 3
-0.350363 0.219774 0.493755 0 3
-0.33969 0.218094 0.489981 0 3
-0.33164 0.218058 0.489898 0 3
-0.323647 0.218058 0.489898 0 3
-0.316096 0.218363 0.490585 0 3
-0.395792 0.226169 0.490156 0 3
-0.392037 0.228643 0.495518 0 3
-0.386699 0.23028 0.499064 0 3
-0.377267 0.229495 0.497363 0 3
-0.367908 0.228722 0.495687 0 3
-0.354553 0.225373 0.48843 0 3
-0.339377 0.220686 0.478273 0 3
-0.32458 0.216032 0.468186 0 3
-0.311649 0.212424 0.460368 0 3
-0.395977 0.229636 0.480672 0 3
-0.385072 0.227824 0.476881 0 3
-0.369174 0.222923 0.46662 0 3
-0.35611 0.219562 0.459585 0 3
-0.347719 0.218999 0.458408 0 3
-0.34008 0.218897 0.458194 0 3
-0.330232 0.217336 0.454926 0 3
-0.318247 0.214264 0.448496 0 3
-0.308804 0.212799 0.44543 0 3
-0.301369 0.212681 0.445182 0 3
-0.392838 0.235596 0.476863 0 3
-0.375254 0.229598 0.464722 0 3
-0.357514 0.223254 0.451882 0 3
-0.342477 0.218368 0.441991 0 3
-0.332228 0.216389 0.437986 0 3
-0.324887 0.21626 0.437724 0 3
-0.315763 0.214911 0.434994 0 3
-0.307324 0.213976 0.433102 0 3
-0.300228 0.213955 0.433059 0 3
-0.358086 0.226329 0.44346 0 3
-0.342598 0.221005 0.433029 0 3
-0.332144 0.218773 0.428656 0 3
-0.320974 0.215963 0.42315 0 3
-0.310817 0.213726 0.418767 0 3
-0.302683 0.212811 0.416974 0 3
-0.334999 0.218506 0.414869 0 3
-0.328057 0.21839 0.41465 0 3
-0.320338 0.217742 0.413419 0 3
-0.312828 0.217211 0.412411 0 3
-0.304285 0.215924 0.409966 0 3
-0.333484 0.224256 0.412993 0 3
-0.328027 0.225135 0.414612 0 3
-0.320218 0.224403 0.413264 0 3
-0.310931 0.222582 0.40991 0 3
-0.301068 0.220259 0.405632 0 3
-0.396913 0.259216 0.463451 0 3
-0.318905 0.225451 0.403082 0 3
-0.313857 0.226554 0.405055 0 3
-0.304642 0.224633 0.401619 0 3
-0.392918 0.264093 0.458787 0 3
-0.390949 0.270217 0.456488 0 3
-0.373515 0.270435 0.444601 0 3
-0.360945 0.273659 0.438148 0 3
-0.302747 0.268073 0.407895 0 3
-0.328271 0.273813 0.406536 0 3
-0.328271 0.280446 0.406536 0 3
-0.332848 0.285317 0.404041 0 3
0.398379 0.220376 0.513946 0 3
0.391903 0.225043 0.505593 0 3
0.36588 0.232482 0.503836 0 3
0.364221 0.23961 0.501551 0 3
0.133975 0.213281 0.4974 0 3
0.138959 0.20858 0.486436 1.20776e-38 3
0.14623 0.207635 0.484232 0 3
0.155753 0.209821 0.489331 0 3
0.130673 0.21594 0.485141 1.28152e-38 3
0.131584 0.205025 0.46062 1.21691e-38 3
0.115784 0.225691 0.48912 1.2262e-38 3
0.119203 0.217373 0.471093 1.20776e-38 3
0.117484 0.20126 0.436173 1.30911e-38 3
0.182174 0.201226 0.421205 1.53952e-38 3
0.115796 0.200267 0.405354 1.52105e-38 3
0.123023 0.20127 0.407385 1.19847e-38 3
0.129939 0.201688 0.40823 1.37371e-38 3
0.188476 0.242771 0.491385 1.53949e-38 3
0.163769 0.20234 0.40955 1.41041e-38 3
0.171499 0.203583 0.412066 1.46569e-38 3
0.177998 0.203327 0.411548 1.51186e-38 3
0.183702 0.202215 0.409297 1.29992e-38 3
0.185841 0.264322 0.446528 1.53952e-38 3
0.135922 0.259746 0.427028 1.31833e-38 3
0.176122 0.257401 0.423174 0 3
0.144242 0.256721 0.41103 1.41059e-38 3
0.1434 0.261889 0.408629 1.30914e-38 3
0.149281 0.267149 0.406489 1.31836e-38 3
0.15533 0.272757 0.404969 1.32744e-38 3
0.155133 0.279011 0.404456 1.41952e-38 3
0.154921 0.285218 0.403901 1.36421e-38 3
0.154921 0.291808 0.403901 1.2351e-38 3
0.483507 0.164055 0.397733 0 3
0.48767 0.163276 0.395844 0 3
0.492128 0.162615 0.394242 0 3
0.211101 0.201324 0.488086 1.41967e-38 3
0.220683 0.203438 0.474445 0 3
0.219272 0.202718 0.455437 1.26312e-38 3
0.226253 0.202316 0.454532 0 3
0.233425 0.202105 0.454059 0 3
0.239819 0.201253 0.452145 0 3
0.246207 0.200448 0.450337 0 3
0.218011 0.208941 0.452818 1.21702e-38 3
0.224948 0.208522 0.451912 0 3
0.232355 0.208553 0.451977 0 3
0.238813 0.207756 0.45025 0 3
0.243629 0.20562 0.445622 0 3
0.250141 0.204998 0.444274 0 3
0.257781 0.20531 0.444949 0 3
0.266531 0.206465 0.447452 0 3
0.233552 0.217039 0.454304 0 3
0.239422 0.21565 0.451397 0 3
0.243396 0.212687 0.445196 1.1801e-38 3
0.248874 0.211172 0.442024 1.3184e-38 3
0.291636 0.221752 0.464169 0 3
0.228419 0.212766 0.430652 0 3
0.230974 0.208725 0.422474 0 3
0.237991 0.208834 0.422694 0 3
0.237064 0.202162 0.40919 0 3
0.207449 0.205949 0.403529 0 3
0.216109 0.207947 0.407443 0 3
0.225364 0.210381 0.412213 0 3
0.233213 0.2114 0.414209 0 3
0.233257 0.205485 0.402619 0 3
0.21258 0.21109 0.40079 0 3
0.219119 0.211091 0.400791 0 3
0.298588 0.244605 0.402137 0 3
0.298588 0.251166 0.402137 1.18936e-38 3
0.240701 0.258979 0.404089 0 3
0.182728 0.412646 0.678399 1.42896e-38 3
0.181654 0.421225 0.674414 1.66867e-38 3
0.180953 0.430561 0.671812 1.59498e-38 3
0.180953 0.441522 0.671812 1.37371e-38 3
0.241146 0.238993 0.57941 1.28152e-38 3
0.276652 0.229247 0.555782 0 3
0.251101 0.239894 0.559466 0 3
0.252233 0.24137 0.542274 1.27234e-38 3
0.251313 0.249305 0.540296 0 3
0.209591 0.240586 0.503593 1.43807e-38 3
0.268118 0.257329 0.538638 0 3
0.261775 0.251575 0.509204 1.18936e-38 3
0.0584517 0.327743 0.794575 0 3
0.0585009 0.340994 0.795244 0 3
0.0320359 0.348367 0.782657 1.3462e-38 3
0.00372101 0.184899 0.448266 1.36457e-38 3
0.0110014 0.18434 0.44691 1.35542e-38 3
0.0183762 0.185178 0.448942 0 3
0.0257898 0.185818 0.450494 0 3
0.00368124 0.190159 0.443475 1.27237e-38 3
0.0109016 0.189894 0.442857 1.27244e-38 3
0.0181379 0.190007 0.443121 1.35542e-38 3
0.0256197 0.191894 0.447523 1.32776e-38 3
0.00364647 0.19553 0.439286 1.25386e-38 3
0.0108032 0.19534 0.43886 1.36457e-38 3
0.0318647 0.19987 0.433159 0 3
0.0386452 0.198397 0.429968 1.18025e-38 3
0.0440823 0.191541 0.415108 1.37379e-38 3
0.0497128 0.187238 0.405784 0 3
0.0559238 0.185877 0.402833 0 3
0.0623648 0.185486 0.401986 1.49343e-38 3
0.0696425 0.187421 0.40618 1.31825e-38 3
0.0371541 0.197487 0.413379 0 3
0.043049 0.193665 0.405378 0 3
0.0490934 0.191444 0.400729 1.21723e-38 3
0.088236 0.191256 0.400337 1.21698e-38 3
0.095163 0.192054 0.402007 0 3
0.0363086 0.199584 0.403972 1.19876e-38 3
0.042507 0.197757 0.400274 1.29095e-38 3
-0.141428 0.422102 0.693946 1.45651e-38 3
-0.140825 0.431575 0.690985 1.43796e-38 3
-0.140804 0.442783 0.690883 1.33648e-38 3
-0.15508 0.431074 0.655914 1.23531e-38 3
-0.154836 0.441079 0.65488 1.29992e-38 3
-0.181603 0.449367 0.636354 0 3
-0.191989 0.459756 0.636364 1.18007e-38 3
-0.0217356 0.220573 0.534754 0 3
-0.0833777 0.239656 0.538422 1.27212e-38 3
-0.0827425 0.246548 0.53432 1.27219e-38 3
-0.0732309 0.252528 0.52859 1.2262e-38 3
-0.0740036 0.197117 0.477888 1.44711e-38 3
-0.0641354 0.190951 0.462938 1.56715e-38 3
-0.0109604 0.185813 0.450481 0 3
-0.00360783 0.185675 0.450148 1.27237e-38 3
-0.063741 0.197283 0.460091 1.63168e-38 3
-0.0553146 0.194057 0.452566 1.44733e-38 3
-0.0478436 0.193704 0.451744 1.31836e-38 3
-0.0404023 0.193365 0.450954 1.39219e-38 3
-0.0329541 0.192835 0.449718 1.52123e-38 3
-0.0255548 0.19237 0.448632 1.54896e-38 3
-0.0181528 0.191502 0.446607 1.47531e-38 3
-0.010839 0.191023 0.44549 1.37379e-38 3
-0.00356686 0.190828 0.445036 1.18939e-38 3
-0.0475392 0.199796 0.44887 1.38293e-38 3
-0.0400178 0.198813 0.446662 1.41059e-38 3
-0.0325069 0.197456 0.443615 1.35535e-38 3
-0.0251918 0.196853 0.442259 1.40152e-38 3
-0.0178678 0.195668 0.439596 1.31858e-38 3
-0.0106575 0.194972 0.438033 1.33702e-38 3
-0.00351036 0.194951 0.437987 1.24471e-38 3
-0.0163294 0.198485 0.401747 1.26308e-38 3
-0.00978554 0.198706 0.402194 1.26308e-38 3
-0.0930189 0.204644 0.496136 0 3
-0.0831103 0.200273 0.485539 1.31822e-38 3
-0.0916333 0.20957 0.488745 0 3
-0.081987 0.205381 0.478976 1.29056e-38 3
-0.0729645 0.202037 0.471177 1.39179e-38 3
-0.0626881 0.201407 0.452491 1.45651e-38 3
-0.0549839 0.200236 0.449861 1.39212e-38 3
-0.0621209 0.206901 0.448397 0 3
-0.0546529 0.206327 0.447152 0 3
-0.0472341 0.20579 0.445989 1.41059e-38 3
-0.0396273 0.204089 0.442303 1.35528e-38 3
-0.0321978 0.202748 0.439397 1.55811e-38 3
-0.0250133 0.202622 0.439125 1.30932e-38 3
-0.0178265 0.202371 0.43858 1.31854e-38 3
-0.0106306 0.201608 0.436926 1.4752e-38 3
-0.0544241 0.212728 0.44528 0 3
-0.0471792 0.212819 0.44547 1.2907e-38 3
-0.0396018 0.21117 0.442019 1.26308e-38 3
-0.0320971 0.20926 0.438022 1.26308e-38 3
-0.0248835 0.208698 0.436845 1.32769e-38 3
-0.0177662 0.208817 0.437095 1.37379e-38 3
-0.0106096 0.208324 0.436063 1.35528e-38 3
-0.00349024 0.208044 0.435476 1.39215e-38 3
-0.0618933 0.220721 0.446754 0 3
-0.00325313 0.200533 0.405893 1.28152e-38 3
-0.0611339 0.225212 0.441272 1.22606e-38 3
-0.0825881 0.232005 0.440501 0 3
-0.0555901 0.24407 0.401256 1.48417e-38 3
-0.2503 0.459408 0.682093 1.2907e-38 3
-0.246399 0.463204 0.671463 1.26304e-38 3
-0.202701 0.470905 0.6374 0 3
-0.202701 0.481304 0.6374 0 3
-0.119068 0.240982 0.584233 0 3
-0.118025 0.248319 0.579113 0 3
-0.155971 0.252185 0.546537 0 3
-0.215574 0.205726 0.498759 0 3
-0.206449 0.204747 0.496384 0 3
-0.229322 0.211532 0.493321 0 3
-0.22029 0.210593 0.49113 0 3
-0.211756 0.210076 0.489926 0 3
-0.203752 0.210065 0.489898 0 3
-0.238799 0.213658 0.480014 0 3
-0.218336 0.201973 0.453762 0 3
-0.211353 0.202376 0.454667 0 3
-0.204397 0.202834 0.455696 0 3
-0.299725 0.209342 0.453688 0 3
-0.290301 0.207895 0.450551 0 3
-0.283866 0.208568 0.452009 0 3
-0.225497 0.20251 0.438881 0 3
-0.217924 0.202128 0.438053 0 3
-0.211772 0.203081 0.440119 0 3
-0.205434 0.203919 0.441934 0 3
-0.29224 0.211332 0.442358 0 3
-0.28306 0.209877 0.439313 0 3
-0.273733 0.208234 0.435873 0 3
-0.265488 0.207349 0.434021 0 3
-0.22137 0.205833 0.430848 0 3
-0.217334 0.208708 0.436866 0 3
-0.211047 0.209542 0.438613 1.28145e-38 3
-0.204421 0.210088 0.439755 0 3
-0.293162 0.213955 0.433059 0 3
-0.286097 0.213955 0.433059 0 3
-0.279059 0.213976 0.433103 0 3
-0.272391 0.214289 0.433736 0 3
-0.265187 0.214187 0.433528 0 3
-0.25784 0.21396 0.43307 0 3
-0.218787 0.210379 0.425822 0 3
-0.215209 0.213725 0.432595 0 3
-0.209852 0.215472 0.436131 0 3
-0.295852 0.212791 0.416935 0 3
-0.289105 0.212832 0.417015 0 3
-0.283153 0.213474 0.418273 0 3
-0.276904 0.213919 0.419145 0 3
-0.27142 0.214992 0.421247 0 3
-0.268966 0.218583 0.428283 0 3
-0.261535 0.218213 0.427558 0 3
-0.250045 0.214344 0.419977 0 3
-0.239961 0.211495 0.414396 0 3
-0.233375 0.211654 0.414707 0 3
-0.226671 0.211712 0.414821 0 3
-0.219939 0.211747 0.414888 0 3
-0.214625 0.213192 0.417721 0 3
-0.211244 0.216716 0.424625 0 3
-0.206058 0.218564 0.428246 0 3
-0.296377 0.215039 0.408287 0 3
-0.289688 0.215019 0.408249 0 3
-0.2833 0.215226 0.408641 0 3
-0.280802 0.21847 0.414801 0 3
-0.276748 0.220633 0.418909 0 3
-0.268363 0.219366 0.416502 0 3
-0.261384 0.219212 0.41621 0 3
-0.252946 0.217794 0.413517 0 3
-0.243456 0.215367 0.408909 0 3
-0.236222 0.214856 0.407939 0 3
-0.228577 0.213929 0.40618 0 3
-0.221924 0.213905 0.406133 0 3
-0.215338 0.213945 0.40621 0 3
-0.209363 0.214614 0.40748 0 3
-0.203726 0.215685 0.409513 0 3
-0.290613 0.217389 0.400347 0 3
-0.246979 0.259093 0.414827 0 3
-0.244718 0.263427 0.41103 0 3
-0.244238 0.269603 0.410223 0 3
-0.236169 0.274696 0.407847 0 3
-0.233252 0.277875 0.402809 0 3
-0.233252 0.284447 0.402809 0 3
-0.544509 0.367172 0.890166 0 3
-0.53905 0.377869 0.881242 0 3
-0.529613 0.38538 0.865813 0 3
-0.500258 0.377363 0.817825 0 3
-0.432601 0.204456 0.495679 0 3
-0.42519 0.208902 0.487188 0 3
-0.422106 0.211338 0.492868 0 3
-0.422372 0.215414 0.483958 0 3
-0.416022 0.216217 0.485764 0 3
-0.410905 0.217705 0.489107 0 3
-0.410059 0.22156 0.497766 0 3
-0.422184 0.223211 0.483744 0 3
-0.412857 0.222438 0.482068 0 3
-0.404289 0.222052 0.481232 0 3
-0.400608 0.224388 0.486294 0 3
-0.412857 0.230303 0.482068 0 3
-0.404017 0.229748 0.480908 0 3
-0.42034 0.242485 0.490806 0 3
-0.40687 0.239272 0.484304 0 3
-0.407819 0.268812 0.495048 0 3
-0.512872 0.237945 0.57687 0 3
-0.507375 0.244706 0.570688 0 3
-0.504727 0.252692 0.567709 0 3
-0.504727 0.261954 0.567709 0 3
-0.503265 0.284895 0.576647 0 3
-0.370393 0.33949 0.856951 0 3
-0.336219 0.347061 0.841409 1.1801e-38 3
-0.332396 0.356687 0.831842 0 3
-0.446101 0.43243 0.692354 0 3
-0.438779 0.436444 0.68099 0 3
-0.461585 0.448122 0.681854 0 3
-0.485796 0.450744 0.669229 0 3
-0.48309 0.459092 0.665502 0 3
-0.43643 0.466499 0.660616 0 3
-0.410881 0.472685 0.654259 0 3
-0.401007 0.471744 0.638536 0 3
-0.429719 0.479326 0.63478 0 3
-0.379565 0.22761 0.574541 0 3
-0.361398 0.222204 0.560893 0 3
-0.349366 0.220387 0.556307 0 3
-0.306523 0.236342 0.596581 0 3
-0.399015 0.22673 0.549681 0 3
-0.389075 0.226165 0.548311 0 3
-0.381615 0.22705 0.550455 0 3
-0.373562 0.227615 0.551826 0 3
-0.363142 0.22673 0.549681 0 3
-0.353201 0.226108 0.548172 0 3
-0.344323 0.226151 0.548277 0 3
-0.390317 0.225492 0.525878 0 3
-0.378573 0.223623 0.521519 0 3
-0.364082 0.220008 0.513089 0 3
-0.352927 0.218287 0.509075 0 3
-0.344642 0.2183 0.509105 0 3
-0.337902 0.219317 0.511477 0 3
-0.335647 0.223369 0.520927 0 3
-0.334541 0.228418 0.532701 0 3
-0.302894 0.25278 0.589517 0 3
-0.391713 0.229857 0.516408 0 3
-0.379966 0.227865 0.511933 0 3
-0.365957 0.224397 0.50414 0 3
-0.315486 0.223604 0.502359 0 3
0.207269 0.189168 0.498014 0 3
0.215864 0.18958 0.499099 1.18925e-38 3
0.224239 0.189776 0.499615 1.22617e-38 3
0.248845 0.189892 0.49992 0 3
0.25533 0.188657 0.496668 1.27212e-38 3
0.206426 0.196491 0.495988 1.21698e-38 3
0.213608 0.195657 0.493883 1.30903e-38 3
0.220776 0.194871 0.491899 1.19854e-38 3
0.230691 0.196481 0.495962 0 3
0.237987 0.195826 0.494308 1.30921e-38 3
0.242075 0.19266 0.486318 0 3
0.249141 0.191991 0.48463 0 3
0.255188 0.190602 0.481122 0 3
0.261473 0.189467 0.478259 0 3
0.269466 0.189601 0.478597 0 3
0.240953 0.193329 0.468703 0 3
0.245827 0.191172 0.463474 0 3
0.251567 0.189797 0.460141 0 3
0.258842 0.189627 0.459729 0 3
0.265826 0.189259 0.458836 0 3
0.271697 0.188141 0.456125 0 3
0.223348 0.198917 0.463902 0 3
0.229153 0.197398 0.460358 0 3
0.235626 0.196533 0.45834 0 3
0.241708 0.195403 0.455707 0 3
0.248475 0.194879 0.454485 0 3
0.255397 0.194504 0.45361 0 3
0.261945 0.193873 0.452137 0 3
0.266886 0.192119 0.448048 0 3
0.273343 0.191521 0.446654 0 3
0.252983 0.199996 0.449321 0 3
0.260185 0.199897 0.449099 0 3
0.266652 0.199254 0.447654 0 3
0.273343 0.198809 0.446654 0 3
0.190751 0.188903 0.497317 1.21705e-38 3
0.198757 0.1888 0.497045 1.21713e-38 3
0.19073 0.196995 0.497261 1.19862e-38 3
0.198379 0.196535 0.4961 1.31854e-38 3
0.133608 0.196931 0.442435 0 3
0.138785 0.194076 0.436021 0 3
0.119824 0.193546 0.419454 1.26301e-38 3
0.126176 0.192795 0.417826 1.23535e-38 3
0.132691 0.192356 0.416875 1.3552e-38 3
0.139069 0.191772 0.415611 1.40119e-38 3
0.102046 0.192666 0.403287 1.24457e-38 3
0.109183 0.193654 0.405354 1.29056e-38 3
0.116376 0.194624 0.407385 1.20769e-38 3
0.123302 0.195064 0.408307 1.22613e-38 3
0.130353 0.195649 0.409532 1.30911e-38 3
0.137328 0.196067 0.410406 1.3552e-38 3
0.101421 0.198025 0.400816 1.23531e-38 3
0.108619 0.199232 0.40326 1.27212e-38 3
-0.295895 0.225925 0.594782 0 3
-0.278011 0.219468 0.577783 0 3
-0.259677 0.212189 0.558621 0 3
-0.251269 0.212788 0.560196 0 3
-0.287458 0.228911 0.577823 0 3
-0.268658 0.221195 0.558346 0 3
-0.254045 0.216505 0.546507 0 3
-0.23647 0.208857 0.527202 0 3
-0.281658 0.233529 0.566164 0 3
-0.259058 0.222074 0.538393 0 3
-0.242177 0.21489 0.520975 0 3
-0.227695 0.209389 0.507639 0 3
-0.27885 0.240346 0.56052 0 3
-0.247274 0.220357 0.513903 0 3
-0.278128 0.240944 0.541316 0 3
-0.283703 0.246941 0.535172 0 3
-0.26968 0.243035 0.50872 0 3
-0.268278 0.250029 0.506075 0 3
-0.218628 0.259708 0.525667 0 3
0.393408 0.173545 0.477388 0 3
0.391197 0.180314 0.474705 0 3
0.375753 0.180635 0.455965 0 3
0.390788 0.184216 0.465003 0 3
0.342754 0.178631 0.43307 0 3
0.349846 0.178645 0.433103 0 3
0.358137 0.179257 0.434588 0 3
0.373749 0.18344 0.444728 0 3
0.391356 0.188423 0.45681 0 3
0.340346 0.184392 0.430027 0 3
0.348655 0.185078 0.431627 0 3
0.355929 0.185199 0.431909 0 3
0.363542 0.185488 0.432583 0 3
0.372231 0.186304 0.434486 0 3
0.387238 0.190193 0.443557 0 3
0.399062 0.192405 0.448714 0 3
0.333118 0.187344 0.420895 0 3
0.34256 0.188762 0.424083 0 3
0.352894 0.190607 0.428226 0 3
0.361525 0.191478 0.430183 0 3
0.364486 0.189369 0.425446 0 3
0.363186 0.185167 0.416006 0 3
0.37296 0.186662 0.419364 0 3
0.383402 0.188431 0.423339 0 3
0.384585 0.185668 0.41713 0 3
0.30902 0.192038 0.416186 0 3
0.315727 0.191987 0.416075 0 3
0.323095 0.192332 0.416823 1.21713e-38 3
0.33018 0.192498 0.417183 0 3
0.338745 0.193502 0.419359 0 3
0.351561 0.196847 0.426608 0 3
0.360769 0.198081 0.429283 0 3
0.356983 0.19227 0.416688 0 3
0.355468 0.187876 0.407166 0 3
0.36121 0.187408 0.406152 0 3
0.367819 0.187399 0.406133 0 3
0.374446 0.187399 0.406133 0 3
0.308106 0.19824 0.414954 0 3
0.313936 0.197648 0.413716 0 3
0.320117 0.197297 0.412981 0 3
0.326378 0.197009 0.412379 1.18936e-38 3
0.328375 0.194211 0.406521 0 3
0.330963 0.191867 0.401614 0 3
0.336264 0.191155 0.400124 0 3
0.342341 0.426786 0.665922 0 3
0.305091 0.441776 0.655914 0 3
0.305091 0.452478 0.655914 1.18929e-38 3
0.305091 0.463179 0.655914 0 3
0.306171 0.475558 0.658236 0 3
0.451617 0.203247 0.559093 0 3
0.44954 0.211392 0.556522 0 3
0.429625 0.210705 0.531867 0 3
0.401392 0.213594 0.517834 0 3
0.469475 0.239037 0.50035 0 3
-0.294996 0.222874 0.613083 0 3
-0.292582 0.228808 0.629407 0 3
-0.297093 0.261091 0.687363 0 3
-0.48536 0.20217 0.556131 0 3
-0.476222 0.202143 0.556056 0 3
-0.469277 0.203063 0.558589 0 3
-0.466114 0.205689 0.565811 0 3
-0.473849 0.213328 0.586824 0 3
-0.475121 0.206787 0.544399 0 3
-0.466417 0.206866 0.544607 0 3
-0.461285 0.208563 0.549075 0 3
-0.457096 0.210762 0.554864 0 3
-0.45749 0.215207 0.566564 0 3
-0.465392 0.223438 0.588236 0 3
-0.456421 0.207181 0.522973 0 3
-0.453359 0.209711 0.52936 0 3
-0.453606 0.213901 0.539934 0 3
-0.450568 0.216677 0.546941 0 3
-0.448634 0.220105 0.555596 0 3
-0.449447 0.225052 0.568082 0 3
-0.45569 0.232982 0.5881 0 3
-0.40171 0.235084 0.593406 0 3
-0.437109 0.210522 0.510385 0 3
-0.443389 0.217694 0.527774 0 3
-0.444771 0.222697 0.539904 0 3
-0.441416 0.225483 0.546658 0 3
-0.435586 0.227094 0.550563 0 3
-0.429402 0.228583 0.554174 0 3
-0.419871 0.228317 0.553529 0 3
-0.409626 0.227643 0.551894 0 3
-0.423942 0.216379 0.504625 0 3
-0.431411 0.224552 0.523686 0 3
-0.43396 0.230443 0.537424 0 3
-0.427426 0.231654 0.540248 0 3
-0.415246 0.229792 0.535905 0 3
-0.401258 0.226827 0.528991 0 3
-0.410711 0.226396 0.508632 0 3
-0.410121 0.230733 0.518376 0 3
-0.404549 0.232391 0.5221 0 3
-0.495371 0.271166 0.567602 0 3
-0.456281 0.282682 0.553876 0 3
-0.416373 0.266204 0.505432 0 3
0.513539 0.172081 0.495605 0 3
0.500451 0.181284 0.498678 0 3
0.500186 0.172762 0.475235 0 3
0.509831 0.173405 0.477004 0 3
0.534092 0.178926 0.49219 0 3
0.545293 0.180048 0.474004 0 3
0.521331 0.17953 0.453175 0 3
0.544008 0.18472 0.466275 0 3
0.551965 0.184837 0.46657 0 3
0.517737 0.160125 0.404191 0 3
0.521623 0.187029 0.453429 0 3
0.531009 0.187731 0.455133 0 3
0.533979 0.186178 0.451367 0 3
0.503622 0.173205 0.419915 0 3
0.513044 0.165208 0.400527 0 3
0.444661 0.173602 0.499986 0 3
0.466866 0.172763 0.497569 0 3
0.474151 0.17246 0.496697 0 3
0.410307 0.177485 0.488228 0 3
0.424755 0.180236 0.495795 0 3
0.43311 0.180347 0.4961 0 3
0.441729 0.180561 0.49669 0 3
0.450102 0.180669 0.496987 0 3
0.454666 0.179272 0.493142 0 3
0.456334 0.176801 0.486345 0 3
0.464499 0.176888 0.486585 0 3
0.478185 0.17904 0.492505 0 3
0.491562 0.181007 0.497915 0 3
0.499424 0.178018 0.489693 0 3
0.496028 0.174023 0.478705 0 3
0.404417 0.182789 0.48122 0 3
0.415774 0.184343 0.485312 0 3
0.424514 0.184701 0.486253 0 3
0.431497 0.184295 0.485184 0 3
0.434571 0.182264 0.479838 0 3
0.440795 0.181603 0.478097 0 3
0.448457 0.181547 0.47795 0 3
0.456255 0.181547 0.47795 0 3
0.464259 0.181627 0.478162 0 3
0.475242 0.182852 0.481385 0 3
0.482918 0.182784 0.481208 0 3
0.472038 0.175808 0.462841 0 3
0.456095 0.167195 0.440167 0 3
0.465477 0.167989 0.442257 0 3
0.484141 0.172058 0.452968 0 3
0.473499 0.165746 0.436351 0 3
0.476993 0.164495 0.433059 0 3
0.484059 0.164495 0.433059 0 3
0.493442 0.165272 0.435103 0 3
0.407103 0.188252 0.475191 0 3
0.415626 0.188601 0.476073 0 3
0.421089 0.187575 0.473481 0 3
0.426535 0.186578 0.470965 0 3
0.430509 0.184984 0.466941 0 3
0.434597 0.183493 0.463178 0 3
0.438471 0.181965 0.45932 0 3
0.44181 0.180269 0.455041 0 3
0.444191 0.178245 0.449932 0 3
0.448012 0.176856 0.446425 0 3
0.452262 0.175678 0.443451 0 3
0.45311 0.173235 0.437286 0 3
0.458175 0.172456 0.435319 0 3
0.463705 0.171874 0.433848 0 3
0.468895 0.171184 0.432108 0 3
0.475726 0.171105 0.431909 0 3
0.483526 0.171372 0.432583 0 3
0.492479 0.172034 0.434254 0 3
0.403886 0.190822 0.462625 0 3
0.412165 0.191161 0.463447 0 3
0.414938 0.18898 0.45816 0 3
0.419119 0.187507 0.454587 0 3
0.424436 0.186583 0.452349 0 3
0.428061 0.184961 0.448415 0 3
0.432685 0.183817 0.445642 0 3
0.437238 0.182681 0.442889 0 3
0.437016 0.17962 0.435468 0 3
0.444193 0.179649 0.435538 0 3
0.449465 0.178919 0.433769 0 3
0.454307 0.178043 0.431645 0 3
0.460492 0.177712 0.430843 0 3
0.468118 0.177939 0.431392 0 3
0.475715 0.178148 0.431899 0 3
0.483526 0.17843 0.432583 0 3
0.496836 0.180704 0.438096 0 3
0.403781 0.191173 0.445841 0 3
0.408531 0.189999 0.443103 0 3
0.416149 0.190177 0.443518 0 3
0.42716 0.191872 0.447472 0 3
0.432214 0.19088 0.445157 0 3
0.430903 0.187156 0.436473 0 3
0.430762 0.184053 0.429236 0 3
0.443468 0.18645 0.434827 0 3
0.443658 0.183593 0.428164 0 3
0.441831 0.180003 0.419791 0 3
0.449478 0.180323 0.420537 0 3
0.472645 0.186766 0.435564 0 3
0.490617 0.190996 0.445429 0 3
0.442478 0.193113 0.433856 0 3
0.442722 0.190177 0.42726 0 3
0.440311 0.186209 0.418346 0 3
0.447974 0.186558 0.419131 0 3
0.463336 0.190054 0.426985 0 3
0.480879 0.194329 0.436588 0 3
0.44133 0.190528 0.412914 0 3
0.453716 0.19293 0.41812 0 3
0.456828 0.410299 0.674541 0 3
0.456375 0.420887 0.673872 1.20769e-38 3
0.443169 0.429738 0.670527 1.39201e-38 3
0.436284 0.433831 0.660109 0 3
0.443408 0.440975 0.654725 1.30911e-38 3
0.440784 0.448985 0.650851 0 3
0.45062 0.458807 0.649722 1.28152e-38 3
0.449402 0.468138 0.647966 1.20776e-38 3
0.455615 0.474174 0.641826 1.24468e-38 3
0.482513 0.48015 0.635872 0 3
0.146236 0.200663 0.577925 0 3
0.160917 0.207434 0.597424 0 3
0.190425 0.207724 0.598261 1.18003e-38 3
0.139559 0.2005 0.551538 1.21684e-38 3
0.151002 0.203799 0.560613 1.20769e-38 3
0.161071 0.204973 0.563841 1.25379e-38 3
0.170248 0.204946 0.563767 0 3
0.178588 0.203966 0.561072 0 3
0.184952 0.200934 0.552732 1.23542e-38 3
0.100137 0.202567 0.533288 1.28159e-38 3
0.108825 0.202542 0.533223 1.42903e-38 3
0.117613 0.202694 0.533622 1.26312e-38 3
0.127803 0.205075 0.539891 1.2723e-38 3
0.13778 0.206829 0.544509 1.30911e-38 3
0.147894 0.208563 0.549075 1.29981e-38 3
0.15834 0.210541 0.554281 1.25372e-38 3
0.167823 0.211094 0.555738 1.50272e-38 3
0.17611 0.210163 0.553288 1.29067e-38 3
0.183178 0.207939 0.547431 1.41981e-38 3
0.190538 0.206237 0.542952 1.39215e-38 3
0.108089 0.209815 0.52962 1.25386e-38 3
0.116759 0.209866 0.52975 0 3
0.125978 0.21083 0.532182 1.18014e-38 3
0.136604 0.213871 0.53986 1.28145e-38 3
0.146664 0.215713 0.544509 1.22613e-38 3
0.156773 0.217411 0.548795 1.34598e-38 3
0.165932 0.217681 0.549477 1.29989e-38 3
0.173755 0.216259 0.545887 1.32755e-38 3
0.182152 0.215656 0.544365 1.30918e-38 3
0.190514 0.215069 0.542884 1.35528e-38 3
0.190376 0.205366 0.51839 1.2723e-38 3
0.10737 0.217002 0.526097 1.20783e-38 3
0.115947 0.21699 0.526065 1.26312e-38 3
0.12453 0.21699 0.526065 1.23546e-38 3
0.133113 0.21699 0.526065 1.29067e-38 3
0.141696 0.21699 0.526065 0 3
0.150316 0.217042 0.526193 0 3
0.159507 0.21787 0.528199 0 3
0.168567 0.218443 0.529589 0 3
0.106915 0.22463 0.523867 1.33691e-38 3
0.114723 0.223191 0.520512 1.18025e-38 3
0.122802 0.222442 0.518765 1.19858e-38 3
0.129641 0.219688 0.512341 1.2262e-38 3
0.106922 0.233191 0.523899 0 3
0.114723 0.231684 0.520512 1.26315e-38 3
0.122639 0.230601 0.518078 1.25386e-38 3
0.12686 0.223156 0.501352 1.18932e-38 3
0.105517 0.238563 0.517016 1.41988e-38 3
0.110548 0.231436 0.50157 0 3
0.0538131 0.207886 0.598728 0 3
0.0625105 0.204384 0.58864 0 3
0.0628686 0.215214 0.592012 1.24464e-38 3
0.0700269 0.207793 0.571599 0 3
0.0773738 0.202611 0.557344 1.25393e-38 3
0.0704271 0.21836 0.574866 1.28152e-38 3
0.0764588 0.2092 0.550752 1.30925e-38 3
0.0840792 0.205857 0.541951 1.29074e-38 3
0.0919347 0.203671 0.536196 1.18932e-38 3
0.0785508 0.224156 0.565821 0 3
0.0837875 0.213955 0.540071 0 3
0.0913157 0.210989 0.532586 0 3
0.0994604 0.20984 0.529684 1.29081e-38 3
0.0912938 0.219626 0.532458 0 3
0.0990597 0.217602 0.52755 1.27237e-38 3
0.0990484 0.226183 0.52749 0 3
0.0993128 0.235417 0.528898 0 3
0.0213248 0.240391 0.520978 1.23557e-38 3
-0.351527 0.223367 0.643314 0 3
-0.340798 0.223215 0.642875 0 3
-0.341214 0.230585 0.6641 0 3
-0.325243 0.234697 0.675945 0 3
-0.3227 0.241035 0.694199 0 3
-0.379824 0.252689 0.695099 0 3
-0.324628 0.222616 0.612373 0 3
-0.314637 0.222616 0.612373 0 3
-0.304646 0.222616 0.612373 0 3
-0.377253 0.262243 0.690394 0 3
-0.321935 0.230677 0.607292 0 3
-0.309253 0.228627 0.601894 0 3
-0.377161 0.27344 0.690226 0 3
-0.32045 0.239476 0.604492 0 3
-0.345624 0.277466 0.672683 0 3
-0.358647 0.290097 0.676545 0 3
-0.350626 0.2944 0.661414 0 3
-0.570422 0.226938 0.653596 0 3
-0.510547 0.233699 0.67307 0 3
-0.576817 0.235856 0.648795 0 3
-0.560689 0.239551 0.630654 0 3
-0.540056 0.240646 0.607447 0 3
0.105158 0.185312 0.560029 1.29992e-38 3
0.115186 0.186757 0.564394 0 3
0.132099 0.198323 0.599347 0 3
0.101807 0.188252 0.54218 0 3
0.11036 0.187754 0.540746 0 3
0.119766 0.188673 0.54339 0 3
0.131307 0.192597 0.554694 0 3
0.192543 0.199794 0.57542 0 3
0.194663 0.192602 0.554707 1.28152e-38 3
0.101095 0.19572 0.538388 1.35531e-38 3
0.109604 0.19523 0.537041 1.44747e-38 3
0.118849 0.196027 0.539233 1.37371e-38 3
0.12859 0.197475 0.543215 1.33676e-38 3
0.191592 0.198471 0.545957 1.49357e-38 3
0.199915 0.197893 0.544365 1.41988e-38 3
0.190376 0.196908 0.51839 1.32762e-38 3
0.071486 0.193082 0.58351 1.34613e-38 3
0.0792034 0.188785 0.570523 1.32762e-38 3
0.087134 0.185846 0.561641 1.29074e-38 3
0.0960023 0.185276 0.55992 0 3
0.0703131 0.199278 0.573936 1.21698e-38 3
0.0779613 0.194987 0.561576 1.20776e-38 3
0.0864325 0.19344 0.557119 1.34606e-38 3
0.0941063 0.190572 0.548861 1.41059e-38 3
0.0851512 0.199527 0.548861 1.30921e-38 3
0.092938 0.19705 0.542047 1.21702e-38 3
0.47679 0.165613 0.526455 0 3
0.485162 0.165539 0.526219 0 3
0.492546 0.165136 0.524938 0 3
0.458936 0.170756 0.516038 0 3
0.471963 0.172439 0.521125 0 3
0.482489 0.173165 0.52332 0 3
0.488936 0.172428 0.521091 0 3
0.498795 0.172898 0.522512 0 3
0.455975 0.174812 0.503472 0 3
0.465147 0.175173 0.50451 0 3
0.491124 0.175632 0.505832 0 3
0.100464 0.203713 0.647565 0 3
0.115451 0.211825 0.673352 0 3
0.121398 0.203383 0.646517 0 3
0.130544 0.20122 0.639643 1.29074e-38 3
0.149012 0.212685 0.676087 0 3
0.161348 0.214419 0.681598 0 3
0.172523 0.214486 0.681813 0 3
0.184556 0.215548 0.685187 0 3
0.196341 0.216215 0.687309 0 3
0.149297 0.208694 0.630689 1.21698e-38 3
0.161362 0.211015 0.637705 1.21698e-38 3
0.174224 0.214035 0.64683 1.20769e-38 3
0.186393 0.215906 0.652485 1.29067e-38 3
0.194148 0.212739 0.642913 1.24457e-38 3
0.198835 0.206706 0.624681 0 3
0.173011 0.210286 0.605638 1.18925e-38 3
0.18333 0.210789 0.607088 0 3
0.10608 0.265293 0.618698 1.34598e-38 3
0.106429 0.276292 0.620731 1.26294e-38 3
0.0958735 0.217251 0.690601 0 3
0.0713593 0.222352 0.671966 1.28156e-38 3
0.0398 0.241391 0.695223 0 3
0.0456717 0.215567 0.620848 0 3
0.017114 0.252734 0.695223 1.29996e-38 3
0.0254465 0.225997 0.621676 1.28152e-38 3
0.035067 0.222679 0.612547 1.26304e-38 3
0.0450112 0.222432 0.611869 1.3184e-38 3
0.0542539 0.219438 0.603631 0 3
0.0350769 0.232739 0.612721 1.33684e-38 3
0.0452612 0.233706 0.615268 1.41059e-38 3
0.0554082 0.234165 0.616475 1.3184e-38 3
0.0641947 0.229616 0.604499 1.1801e-38 3
0.0283353 0.274242 0.692249 1.22627e-38 3
0.0348074 0.24087 0.608012 1.25393e-38 3
0.0451216 0.242993 0.61337 0 3
0.0554654 0.244475 0.617111 1.24471e-38 3
0.0654709 0.24424 0.616517 1.28152e-38 3
0.073989 0.239257 0.60394 1.2723e-38 3
0.0966409 0.25694 0.62292 1.26301e-38 3
-0.249738 0.247045 0.78531 0 3
-0.240871 0.251159 0.79839 0 3
-0.265298 0.262577 0.793528 0 3
-0.492251 0.208636 0.663216 0 3
-0.481246 0.208556 0.662962 0 3
-0.490896 0.218852 0.661389 0 3
-0.474989 0.21652 0.654341 0 3
-0.487665 0.228132 0.657037 0 3
-0.471267 0.225416 0.649214 0 3
-0.482852 0.221863 0.610304 0 3
-0.490018 0.229897 0.632404 0 3
-0.489747 0.234712 0.645648 0 3
-0.48318 0.236655 0.650993 0 3
-0.474267 0.237511 0.653348 0 3
-0.470384 0.230591 0.607065 0 3
-0.471242 0.23598 0.621254 0 3
-0.467445 0.239224 0.629794 0 3
-0.456627 0.23894 0.629047 0 3
-0.457917 0.239157 0.603687 0 3
-0.450931 0.240685 0.607544 0 3
-0.441078 0.240717 0.607626 0 3
-0.431164 0.240717 0.607626 0 3
-0.420685 0.240395 0.606811 0 3
0.911927 0.233132 0.781621 0 3
0.953823 0.237208 0.795288 0 3
0.908026 0.244833 0.778278 0 3
0.949165 0.248962 0.791404 0 3
0.449432 0.207956 0.697215 0 3
0.459743 0.207476 0.695604 0 3
0.46734 0.205823 0.690064 0 3
0.476912 0.205097 0.68763 0 3
0.488898 0.20542 0.688711 0 3
0.303701 0.176204 0.59076 0 3
0.318022 0.178837 0.599587 0 3
0.302121 0.184875 0.587685 0 3
0.316611 0.187783 0.596927 0 3
0.24876 0.178275 0.597704 0 3
0.256642 0.176986 0.593382 0 3
0.262963 0.174753 0.585895 0 3
0.270196 0.173261 0.580893 0 3
0.280562 0.173811 0.582737 1.20773e-38 3
0.290418 0.17402 0.583438 0 3
0.23925 0.188218 0.59831 1.18936e-38 3
0.247896 0.187374 0.595628 0 3
0.256642 0.186667 0.593382 0 3
0.262963 0.184312 0.585895 0 3
0.270123 0.18269 0.580737 0 3
0.279313 0.182503 0.580143 1.36446e-38 3
0.288331 0.182221 0.579246 1.23535e-38 3
0.206898 0.195088 0.589573 0 3
0.209338 0.188619 0.570023 1.2078e-38 3
0.215061 0.185534 0.560697 0 3
0.227899 0.188586 0.569922 0 3
0.240879 0.191513 0.578769 0 3
0.251107 0.192114 0.580583 0 3
0.260527 0.192075 0.580467 0 3
0.268012 0.190663 0.576197 0 3
0.274035 0.188341 0.56918 0 3
0.285422 0.189737 0.5734 0 3
0.299628 0.192859 0.582836 1.20769e-38 3
0.201352 0.190369 0.548277 1.21705e-38 3
0.210406 0.190468 0.548561 0 3
0.222065 0.192819 0.555334 1.22624e-38 3
0.234044 0.195254 0.562345 0 3
0.244878 0.196586 0.566182 0 3
0.253685 0.196253 0.565222 1.39219e-38 3
0.259078 0.193394 0.556989 1.18936e-38 3
0.208784 0.197881 0.544332 1.35535e-38 3
0.213793 0.19436 0.534648 1.1894e-38 3
0.210281 0.183673 0.505249 1.20776e-38 3
0.216778 0.182205 0.501212 1.23542e-38 3
0.227106 0.183947 0.506003 0 3
0.241181 0.188495 0.518513 1.27234e-38 3
0.251671 0.190028 0.522731 1.19851e-38 3
0.23314 0.190388 0.501226 1.3e-38 3
0.242377 0.191224 0.503427 1.18014e-38 3
0.276602 0.206317 0.691719 0 3
0.206489 0.215104 0.683776 1.19847e-38 3
0.215845 0.213326 0.678123 0 3
0.225661 0.212152 0.674391 0 3
0.228716 0.205027 0.651743 0 3
0.202635 0.200384 0.605577 1.18932e-38 3
0.606892 0.16778 0.595067 0 3
0.602825 0.160859 0.539313 0 3
0.603793 0.1588 0.532408 0 3
0.60355 0.156484 0.524645 0 3
0.600282 0.168942 0.537037 0 3
0.600563 0.16659 0.529559 0 3
0.600468 0.164201 0.521966 0 3
0.600394 0.172696 0.521902 0 3
0.607667 0.172344 0.520838 0 3
0.617448 0.172703 0.521922 0 3
0.61691 0.170205 0.514373 0 3
0.620077 0.168783 0.510074 0 3
0.637885 0.171331 0.517775 0 3
0.688346 0.182468 0.551431 0 3
0.603141 0.18204 0.524289 0 3
0.609736 0.181458 0.522611 0 3
0.615743 0.180718 0.520481 0 3
0.622613 0.180248 0.519128 0 3
0.630897 0.180195 0.518975 0 3
0.63699 0.179526 0.517048 0 3
0.68827 0.191443 0.55137 0 3
0.614125 0.188713 0.519113 0 3
0.622576 0.188707 0.519098 0 3
0.631046 0.188707 0.519098 0 3
0.602139 0.196038 0.516099 0 3
0.611572 0.196363 0.516955 0 3
0.615364 0.194892 0.513084 0 3
0.627749 0.196146 0.516385 0 3
0.562598 0.169057 0.599597 0 3
0.567292 0.167554 0.594266 0 3
0.581875 0.168973 0.5993 0 3
0.512011 0.162759 0.545683 0 3
0.532955 0.166521 0.558297 0 3
0.559644 0.171922 0.576404 0 3
0.577945 0.17461 0.585415 0 3
0.59523 0.176908 0.593121 0 3
0.569877 0.166664 0.558773 0 3
0.55056 0.158479 0.531333 0 3
0.564614 0.160005 0.536449 0 3
0.574439 0.160304 0.537453 0 3
0.586082 0.161094 0.540101 0 3
0.593925 0.160832 0.539221 0 3
0.510358 0.168184 0.534625 0 3
0.533659 0.172907 0.54964 0 3
0.545491 0.17382 0.552542 0 3
0.536438 0.168156 0.534537 0 3
0.537491 0.165791 0.527018 0 3
0.549519 0.166832 0.530328 0 3
0.564614 0.168757 0.536449 0 3
0.574152 0.168989 0.537184 0 3
0.582581 0.168891 0.536875 0 3
0.59172 0.169 0.53722 0 3
0.517983 0.176532 0.533495 0 3
0.535099 0.179352 0.542016 0 3
0.53523 0.176479 0.533334 0 3
0.537086 0.174258 0.526621 0 3
0.546953 0.174665 0.527851 0 3
0.558884 0.175709 0.531005 0 3
0.568708 0.176068 0.53209 0 3
0.576815 0.175893 0.531562 0 3
0.587653 0.176543 0.533527 0 3
0.595755 0.176365 0.532988 0 3
0.597687 0.174391 0.527023 0 3
0.505634 0.177832 0.512169 0 3
0.513663 0.177719 0.511843 0 3
0.514271 0.175083 0.504251 0 3
0.528286 0.174278 0.501933 0 3
0.564411 0.183353 0.52807 0 3
0.576815 0.184565 0.531562 0 3
0.587582 0.185225 0.533462 0 3
0.595064 0.184846 0.532369 0 3
0.598768 0.183321 0.527977 0 3
0.581927 0.192063 0.528328 0 3
0.488906 0.329524 0.798892 0 3
0.499103 0.340622 0.794376 0 3
0.499103 0.353583 0.794376 0 3
0.485642 0.366167 0.793559 0 3
0.455358 0.375494 0.785983 0 3
0.490736 0.346174 0.724608 0 3
0.571141 0.174661 0.619474 0 3
0.595513 0.170076 0.60321 0 3
0.575825 0.186284 0.624554 0 3
0.53947 0.190823 0.606592 0 3
0.524927 0.198959 0.60127 0 3
0.546339 0.207461 0.735805 0 3
0.572888 0.212865 0.754972 0 3
0.589382 0.214384 0.760358 0 3
0.595017 0.211972 0.751804 0 3
0.595765 0.207952 0.737545 0 3
0.59353 0.20307 0.720231 0 3
0.51306 0.210728 0.70651 0 3
0.53486 0.214855 0.720345 0 3
0.564762 0.221989 0.744263 0 3
0.589194 0.226718 0.760117 0 3
0.595017 0.224238 0.751804 0 3
0.595765 0.219985 0.737545 0 3
0.59353 0.214821 0.720231 0 3
0.59258 0.210313 0.705117 0 3
0.454654 0.221266 0.784767 0 3
0.446892 0.200545 0.711277 0 3
0.489451 0.232354 0.779014 0 3
0.253968 0.224967 0.797892 0 3
0.262273 0.220996 0.783808 0 3
0.271421 0.21807 0.773433 0 3
0.282369 0.216788 0.768885 0 3
0.295906 0.217517 0.771472 0 3
0.237581 0.234658 0.786739 0 3
0.231634 0.217057 0.727726 0 3
0.24122 0.215018 0.720892 0 3
0.262463 0.223076 0.747907 0 3
0.281732 0.228815 0.76715 0 3
0.162241 0.224139 0.794956 0 3
0.147941 0.21621 0.724887 0 3
0.15504 0.209811 0.703434 0 3
0.174386 0.219726 0.736676 0 3
0.00651717 0.221365 0.785117 0 3
0.00654894 0.235316 0.788944 0 3
0.00662586 0.251103 0.798211 0 3
0.0196883 0.251603 0.799798 0 3
0.00661028 0.263505 0.796334 0 3
0.0196874 0.26464 0.799763 0 3
0.00657002 0.274814 0.791484 0 3
0.0194903 0.274908 0.791755 0 3
0.0321733 0.272915 0.786016 0 3
0.00652463 0.28574 0.786016 1.29996e-38 3
0.028768 0.266963 0.702821 1.25393e-38 3
-0.0704696 0.221769 0.786553 0 3
-0.0564384 0.21716 0.770203 0 3
-0.0433906 0.214776 0.76175 0 3
-0.0315088 0.218568 0.775199 0 3
-0.0193289 0.223992 0.794434 0 3
-0.0063208 0.222359 0.788645 0 3
-0.0703865 0.234326 0.785625 0 3
-0.055491 0.22587 0.757274 0 3
-0.0422187 0.221068 0.741177 0 3
-0.0311588 0.228648 0.766589 0 3
-0.0193312 0.236982 0.794529 0 3
-0.00635179 0.23638 0.792511 0 3
-0.0313994 0.243018 0.772509 0 3
-0.0193699 0.250445 0.79612 0 3
-0.0063794 0.250394 0.795956 0 3
-0.0183331 0.249333 0.753504 0 3
-0.00624803 0.257957 0.779565 0 3
-0.00624722 0.270641 0.779465 1.28145e-38 3
-0.381413 0.223497 0.792681 0 3
-0.395238 0.236965 0.794473 0 3
-0.381163 0.236275 0.792161 0 3
-0.391906 0.247821 0.787777 0 3
-0.379053 0.247821 0.787777 0 3
-0.368302 0.249243 0.792298 0 3
-0.39087 0.251729 0.760744 0 3
-0.376404 0.250362 0.756615 0 3
-0.36307 0.249682 0.754559 0 3
-0.357137 0.254222 0.768279 0 3
-0.356763 0.263194 0.795393 0 3
-0.348816 0.243452 0.701159 0 3
-0.335804 0.259947 0.748665 0 3
-0.341335 0.274202 0.789722 0 3
-0.332569 0.277641 0.799625 0 3
-0.319606 0.277713 0.799834 0 3
-0.306556 0.277713 0.799834 0 3
-0.322596 0.261457 0.719218 0 3
-0.341053 0.28685 0.789069 0 3
-0.332569 0.290687 0.799625 0 3
-0.319606 0.290763 0.799834 0 3
-0.306556 0.290763 0.799834 0 3
-0.327885 0.299456 0.788363 0 3
-0.50425 0.210019 0.744878 0 3
-0.59021 0.232079 0.778092 0 3
-0.500961 0.220723 0.740019 0 3
-0.574904 0.238426 0.757914 0 3
-0.504327 0.223584 0.710732 0 3
-0.510567 0.231678 0.736461 0 3
-0.574904 0.250792 0.757914 0 3
-0.519386 0.247902 0.749181 0 3
-0.518031 0.253215 0.765235 0 3
-0.507819 0.254353 0.768676 0 3
-0.580936 0.26032 0.74974 0 3
0.602576 0.2065 0.777381 0 3
0.607581 0.203923 0.767679 0 3
0.609692 0.200498 0.754787 0 3
0.670871 0.208856 0.740752 0 3
0.168563 0.23846 0.897695 0 3
0.181109 0.235726 0.887405 0 3
0.192082 0.2315 0.871497 0 3
0.139246 0.253062 0.897538 0 3
0.155135 0.232943 0.826183 0 3
0.186173 0.238161 0.844689 0 3
-0.211869 0.238036 0.896101 0 3
-0.26708 0.2496 0.88526 0 3
-0.239324 0.236448 0.838612 0 3
-0.21982 0.230348 0.816977 0 3
-0.206369 0.230212 0.816498 0 3
-0.287527 0.256514 0.860017 0 3
-0.270496 0.253701 0.850585 0 3
-0.249091 0.246259 0.825634 0 3
-0.230721 0.241139 0.808467 0 3
-0.217426 0.241023 0.80808 0 3
-0.204318 0.241114 0.808383 0 3
-0.271342 0.255317 0.811606 0 3
-0.23055 0.254141 0.807866 0 3
-0.217426 0.254208 0.80808 0 3
-0.204318 0.254303 0.808383 1.22613e-38 3
-0.283236 0.267287 0.807762 0 3
-0.293615 0.277816 0.800131 0 3
-0.397065 0.219205 0.825209 0 3
-0.388138 0.221798 0.83497 0 3
-0.39991 0.236837 0.891586 0 3
-0.398857 0.226054 0.801748 0 3
-0.375256 0.227607 0.807257 0 3
-0.389918 0.245103 0.869309 0 3
-0.373338 0.239548 0.803132 0 3
-0.376834 0.250586 0.84014 0 3
-0.382091 0.263673 0.884017 0 3
-0.312362 0.265703 0.890825 0 3
-0.362547 0.254273 0.808288 0 3
-0.366043 0.266416 0.846888 0 3
-0.369649 0.279595 0.888781 0 3
-0.306252 0.274757 0.873401 0 3
-0.351465 0.269073 0.81316 0 3
-0.341701 0.27186 0.821583 0 3
-0.330327 0.273542 0.826665 0 3
-0.325917 0.281379 0.850348 0 3
-0.305603 0.275571 0.832799 0 3
-0.4862 0.211138 0.794841 0 3
-0.470014 0.209703 0.789438 0 3
-0.458362 0.210266 0.79156 0 3
-0.489191 0.208779 0.74048 0 3
-0.477131 0.208788 0.740512 0 3
-0.472754 0.212248 0.752782 0 3
-0.460206 0.212125 0.752347 0 3
-0.454163 0.215076 0.762814 0 3
-0.450533 0.219369 0.778039 0 3
-0.445864 0.22339 0.792299 0 3
-0.436792 0.225379 0.799353 0 3
-0.424005 0.225514 0.799834 0 3
-0.486676 0.219725 0.736672 0 3
-0.474465 0.219636 0.736376 0 3
-0.465192 0.220938 0.740741 0 3
-0.452941 0.220858 0.74047 0 3
-0.445666 0.223265 0.748542 0 3
-0.443714 0.22855 0.766262 0 3
-0.439798 0.233102 0.781521 0 3
-0.43086 0.235183 0.788498 0 3
-0.418101 0.235242 0.788698 0 3
-0.407057 0.236301 0.792248 0 3
-0.499126 0.231944 0.737309 0 3
-0.485936 0.231392 0.735552 0 3
-0.472553 0.230717 0.733408 0 3
-0.463362 0.232107 0.737827 0 3
-0.448965 0.230894 0.73397 0 3
-0.438533 0.231709 0.736562 0 3
-0.434308 0.235943 0.750019 0 3
-0.431524 0.241227 0.766817 0 3
-0.425531 0.24498 0.778745 0 3
-0.415763 0.246723 0.784287 0 3
-0.404555 0.247695 0.787378 0 3
-0.497262 0.231886 0.700776 0 3
-0.497401 0.255444 0.771973 0 3
-0.475959 0.250782 0.757885 0 3
-0.452935 0.245017 0.740461 0 3
-0.439407 0.244213 0.738029 0 3
-0.433697 0.247831 0.748965 0 3
-0.426555 0.250817 0.757988 0 3
-0.415803 0.251794 0.760943 0 3
-0.403422 0.251816 0.761007 0 3
-0.428714 0.264515 0.761823 0 3
0.427145 0.308046 0.887196 0 3
0.429746 0.31385 0.863343 1.21691e-38 3
0.442968 0.31723 0.835155 1.22602e-38 3
0.478913 0.327483 0.826641 0 3
0.517834 0.190635 0.764621 0 3
0.528908 0.197918 0.745073 0 3
0.599247 0.189411 0.71305 0 3
0.599823 0.185983 0.700143 0 3
0.513775 0.199479 0.707495 0 3
0.59258 0.198809 0.705117 0 3
0.401643 0.168111 0.674277 0 3
0.419911 0.171071 0.686152 0 3
0.401643 0.179112 0.674277 0 3
0.418152 0.181503 0.683277 0 3
0.41202 0.195025 0.691698 1.20769e-38 3
0.428212 0.197286 0.699717 0 3
0.460161 0.196304 0.696236 0 3
0.46734 0.194564 0.690064 0 3
0.476912 0.193878 0.68763 0 3
0.488898 0.194183 0.688711 0 3
0.260032 0.345898 0.777111 0 3
0.266494 0.350402 0.759395 1.39208e-38 3
0.265445 0.361365 0.756406 1.50261e-38 3
0.252007 0.372086 0.753128 1.52116e-38 3
0.347952 0.168748 0.676835 0 3
0.349358 0.164219 0.658667 0 3
0.372607 0.16992 0.681535 0 3
0.386656 0.171217 0.686737 0 3
0.392844 0.169058 0.678078 0 3
0.369786 0.179669 0.676376 1.4013e-38 3
0.387849 0.182985 0.688857 0 3
0.393161 0.180267 0.678625 0 3
0.3233 0.189332 0.671506 0 3
0.225796 0.22248 0.892348 1.2445e-38 3
0.233604 0.216231 0.867283 0 3
0.243706 0.212698 0.853114 0 3
0.257288 0.21242 0.851997 0 3
0.271628 0.212763 0.853375 0 3
0.28845 0.214923 0.862038 0 3
0.202771 0.227539 0.856584 0 3
0.21465 0.225339 0.848301 0 3
0.226089 0.22297 0.839385 0 3
0.236214 0.21965 0.826886 0 3
0.249457 0.219432 0.826065 1.19847e-38 3
0.263875 0.220216 0.829017 0 3
0.278384 0.220997 0.831956 0 3
0.292266 0.221231 0.832835 0 3
0.298224 0.215711 0.812056 0 3
0.200676 0.23902 0.847735 0 3
0.213728 0.238152 0.844657 0 3
0.225924 0.236492 0.838769 0 3
0.234889 0.231834 0.822248 0 3
0.244625 0.228399 0.810064 0 3
0.204879 0.241502 0.809684 0 3
0.220091 0.243718 0.817113 0 3
0.23141 0.241617 0.81007 0 3
-0.181054 0.221491 0.888381 0 3
-0.166869 0.221903 0.890032 0 3
-0.153771 0.223975 0.898346 0 3
-0.191828 0.231496 0.871479 0 3
-0.177828 0.23178 0.872551 0 3
-0.166035 0.235243 0.885584 0 3
-0.153756 0.238609 0.898259 0 3
-0.139345 0.239029 0.899837 0 3
-0.122227 0.234358 0.882254 0 3
-0.105012 0.228228 0.859178 0 3
-0.194435 0.231866 0.822364 0 3
-0.185498 0.237606 0.842722 0 3
-0.175764 0.243161 0.862423 0 3
-0.166281 0.250061 0.886895 0 3
-0.153836 0.253397 0.898728 0 3
-0.139345 0.25371 0.899837 0 3
-0.122137 0.248569 0.881602 0 3
-0.103577 0.238935 0.847434 0 3
-0.192476 0.242813 0.81408 0 3
-0.183336 0.248426 0.8329 0 3
-0.174539 0.25544 0.856413 0 3
-0.167512 0.266489 0.89346 0 3
-0.123422 0.26572 0.890879 0 3
-0.102858 0.251006 0.841548 0 3
-0.192798 0.256524 0.815442 0 3
-0.229404 0.241906 0.970266 0 3
-0.202882 0.229797 0.921698 0 3
-0.240609 0.252876 0.951965 0 3
-0.290779 0.257806 0.914365 0 3
-0.460535 0.204036 0.818369 0 3
-0.456179 0.208141 0.834834 0 3
-0.446518 0.210003 0.842302 0 3
-0.43357 0.210389 0.843851 0 3
-0.421335 0.211157 0.846931 0 3
-0.408665 0.211752 0.849318 0 3
-0.409216 0.219479 0.880312 0 3
-0.454484 0.214532 0.807617 0 3
-0.447775 0.217676 0.819453 0 3
-0.435104 0.218026 0.820772 0 3
-0.423477 0.218938 0.824207 0 3
-0.41222 0.220108 0.828609 0 3
-0.412148 0.226169 0.802156 0 3
-0.511881 0.220394 0.883983 0 3
-0.553036 0.233923 0.880618 0 3
-0.572967 0.233024 0.826468 0 3
-0.569995 0.245229 0.822181 0 3
-0.53843 0.297687 0.85736 0 3
0.512398 0.356616 0.721816 0 3
0.531252 0.365163 0.715486 0 3
0.554175 0.391634 0.7002 0 3
0.622463 0.163082 0.699911 0 3
0.611043 0.174502 0.699911 0 3
0.622413 0.174488 0.699855 0 3
0.654767 0.173982 0.697828 0 3
0.6108 0.185847 0.699632 0 3
0.618912 0.184861 0.695919 0 3
0.624578 0.183192 0.689637 0 3
0.626144 0.180401 0.679132 0 3
0.612463 0.173391 0.652742 0 3
0.608663 0.169371 0.637605 0 3
0.620922 0.169878 0.639517 0 3
0.652102 0.17546 0.660531 0 3
0.639005 0.169141 0.636741 0 3
0.621543 0.161887 0.609433 0 3
0.610771 0.171597 0.608607 0 3
0.604412 0.203055 0.871466 0 3
0.618375 0.202971 0.871106 0 3
0.632892 0.203069 0.871525 0 3
0.641671 0.201362 0.864197 0 3
0.614272 0.215743 0.865325 0 3
0.627435 0.215415 0.864011 0 3
0.63678 0.213819 0.85761 0 3
0.639078 0.209977 0.842199 0 3
0.607408 0.222186 0.836432 0 3
0.635374 0.227309 0.855717 0 3
0.635143 0.22234 0.837013 0 3
0.593784 0.20429 0.876767 0 3
0.575518 0.206887 0.829805 0 3
0.595792 0.252424 0.802409 0 3
0.337064 0.204758 0.878775 0 3
0.345771 0.201477 0.864694 0 3
0.304931 0.21664 0.868924 0 3
0.319703 0.217044 0.870544 0 3
0.331051 0.215188 0.8631 0 3
0.340974 0.212595 0.852699 0 3
0.35204 0.21089 0.84586 0 3
0.359961 0.2075 0.832266 0 3
0.369853 0.205452 0.82405 0 3
0.329044 0.218582 0.822865 0 3
0.351776 0.224522 0.845225 0 3
0.359961 0.221079 0.832266 0 3
0.328176 0.231396 0.820695 0 3
0.00743029 0.208567 0.895119 1.29074e-38 3
0.00743186 0.223218 0.895309 0 3
0.00711798 0.227781 0.857496 1.1801e-38 3
0.0220839 0.238305 0.897115 0 3
0.0198731 0.227621 0.807307 0 3
0.0198135 0.24007 0.804884 0 3
0.0327891 0.251999 0.801058 0 3
-0.0769759 0.200191 0.859173 0 3
-0.0209353 0.20049 0.860457 1.23542e-38 3
-0.00699056 0.203229 0.87221 1.25386e-38 3
-0.094711 0.222959 0.89427 0 3
-0.0764461 0.212734 0.853259 0 3
-0.0618095 0.210301 0.843501 0 3
-0.0481841 0.210901 0.845904 0 3
-0.0346744 0.21269 0.85308 0 3
-0.0209353 0.214529 0.860457 0 3
-0.00699056 0.217459 0.87221 0 3
-0.0890657 0.223391 0.840967 0 3
-0.0742511 0.220148 0.828761 0 3
-0.0604662 0.219194 0.82517 0 3
-0.0468896 0.218665 0.823178 0 3
-0.0332353 0.217204 0.817675 0 3
-0.0199989 0.218345 0.821972 0 3
-0.00666522 0.220907 0.831618 0 3
-0.085641 0.227994 0.808631 0 3
-0.0849309 0.239188 0.801926 0 3
-0.0468769 0.258887 0.822955 0 3
-0.033405 0.271948 0.82185 0 3
-0.0205234 0.292885 0.843529 1.24468e-38 3
-0.389417 0.227072 0.974542 0 3
-0.373032 0.226777 0.973275 0 3
-0.38506 0.240254 0.963637 0 3
-0.365079 0.237484 0.952526 0 3
-0.350907 0.238414 0.956258 0 3
-0.378198 0.251414 0.946463 0 3
-0.362037 0.250916 0.944588 0 3
-0.348202 0.252058 0.948886 0 3
-0.341145 0.25844 0.972911 0 3
-0.377694 0.266501 0.945204 0 3
-0.360088 0.264894 0.939503 0 3
-0.344801 0.264926 0.939618 0 3
-0.327442 0.263295 0.933832 0 3
-0.309642 0.261133 0.926164 0 3
-0.378982 0.271787 0.91122 0 3
-0.366932 0.27389 0.91827 0 3
-0.35578 0.27687 0.928263 0 3
-0.339294 0.275781 0.924611 0 3
-0.362577 0.285443 0.907372 0 3
-0.351615 0.288597 0.917398 0 3
-0.335215 0.287369 0.913493 0 3
-0.477088 0.216356 0.928549 0 3
-0.415517 0.232786 0.999065 0 3
-0.411157 0.228542 0.916661 0 3
-0.422523 0.243725 0.977562 0 3
-0.414326 0.248373 0.996201 0 3
-0.41895 0.257479 0.969293 0 3
-0.404931 0.258626 0.973612 0 3
-0.416953 0.271991 0.964673 0 3
-0.404931 0.274511 0.973612 0 3
0.85916 0.171564 0.791755 0 1
0.880977 0.173315 0.799834 0 1
0.894027 0.173315 0.799834 0 1
0.824696 0.177082 0.759995 0 3
0.87131 0.18432 0.791057 0 1
0.369632 0.339698 0.823557 1.19854e-38 3
0.354766 0.379413 0.852408 0 3
0.354312 0.392818 0.851317 1.41041e-38 3
0.400502 0.158737 0.732558 0 3
0.432673 0.166518 0.768468 0 3
0.454115 0.169849 0.783838 0 3
0.476433 0.173315 0.799834 0 3
0.40419 0.167269 0.717879 0 3
0.425886 0.171284 0.735111 0 3
0.455508 0.17818 0.764706 0 3
0.45647 0.181136 0.726521 0 3
0.472376 0.182703 0.732807 0 3
0.487779 0.184004 0.738023 0 3
0.449372 0.189989 0.715223 0 3
0.458734 0.189038 0.711645 0 3
0.466948 0.187673 0.706505 0 3
0.480851 0.188605 0.710014 0 3
0.494339 0.189334 0.712758 0 3
0.4534 0.198316 0.703369 0 3
0.373111 0.157267 0.725776 0 3
0.384953 0.157267 0.725776 0 3
0.367989 0.184338 0.791138 0 3
0.353707 0.17118 0.734663 0 3
0.35788 0.167522 0.718966 0 3
0.362615 0.164351 0.705358 0 3
0.371384 0.163148 0.700194 0 3
0.385078 0.164115 0.704345 0 3
0.367293 0.196873 0.789641 0 3
0.350942 0.181734 0.72892 0 3
0.352222 0.176419 0.707599 0 3
0.385869 0.193251 0.727503 0 3
0.0386556 0.204637 0.944383 0 3
0.0543915 0.205877 0.950106 0 3
0.0729897 0.214998 0.992199 0 3
0.089178 0.214998 0.992199 0 3
0.0223194 0.211261 0.906683 0 3
0.0375732 0.213884 0.917939 0 3
0.0535369 0.2179 0.935178 0 3
0.0708739 0.224485 0.963438 0 3
0.0884986 0.229425 0.98464 0 3
0.0223929 0.226798 0.909667 0 3
0.0376501 0.229328 0.919816 0 3
0.0534066 0.232591 0.932902 0 3
0.0703878 0.238557 0.956831 0 3
0.0872569 0.242046 0.970825 0 3
0.0375546 0.243716 0.917484 0 3
0.0527657 0.244838 0.921707 0 3
0.0688928 0.24877 0.936508 0 3
0.0846422 0.250158 0.941734 0 3
0.0998764 0.249831 0.940502 0 3
0.081358 0.25522 0.905194 0 3
0.0967755 0.256942 0.911301 0 3
0.0810426 0.268942 0.901684 0 3
-0.27139 0.232669 1.07375 0 3
-0.24385 0.223485 1.03137 0 3
-0.227022 0.223485 1.03137 0 3
-0.218833 0.232669 1.07375 0 3
-0.272151 0.25089 1.07676 0 3
-0.243292 0.239763 1.02901 0 3
-0.221544 0.234514 1.00648 0 3
-0.20432 0.233596 1.00254 0 3
-0.283026 0.262256 1.05189 0 3
-0.260274 0.256742 1.02977 0 3
-0.276476 0.272951 1.02754 0 3
-0.387645 0.219159 1.0114 0 3
-0.389038 0.247024 1.06017 0 3
-0.369492 0.262722 1.05375 0 3
-0.311964 0.272544 1.09315 0 3
-0.355577 0.282519 1.06356 0 3
-0.326868 0.287798 1.08343 0 3
-0.301844 0.28096 1.05769 0 3
-0.453652 0.219159 1.0114 0 3
-0.43715 0.219159 1.0114 0 3
-0.420649 0.219159 1.0114 0 3
-0.404147 0.219159 1.0114 0 3
-0.471186 0.254009 1.09015 0 3
0.669709 0.14817 0.739469 0 1
0.66301 0.144092 0.719117 0 1
0.674742 0.144092 0.719117 0 1
0.680235 0.142782 0.71258 0 1
0.691861 0.142782 0.71258 0 1
0.604978 0.153017 0.70616 0 3
0.616499 0.153017 0.70616 0 3
0.628021 0.153017 0.70616 0 3
0.639542 0.153017 0.70616 0 3
0.66301 0.155824 0.719117 0 1
0.674742 0.155824 0.719117 0 1
0.683341 0.155113 0.715833 0 1
0.69502 0.155113 0.715833 0 1
0.677098 0.184153 0.790342 0 3
0.613244 0.16367 0.702432 0 3
0.636293 0.163702 0.702573 0 3
0.654012 0.165283 0.709358 0 3
0.665502 0.165263 0.709269 0 3
0.675326 0.164836 0.707437 0 3
0.686235 0.164684 0.706785 0 3
0.697979 0.164734 0.707 0 3
0.618802 0.199036 0.798314 0 3
0.626636 0.1974 0.791755 0 3
0.637835 0.19687 0.789627 0 3
0.622406 0.188304 0.755271 0 3
0.602572 0.178764 0.717007 0 3
0.601934 0.175174 0.702608 0 3
0.636637 0.17526 0.702952 0 3
0.650104 0.1758 0.705119 0 3
0.670514 0.175121 0.702397 0 3
0.686016 0.176159 0.70656 0 3
0.696103 0.175796 0.705101 0 3
0.607476 0.195814 0.737154 0 3
0.383069 0.177469 0.885692 0 3
0.382396 0.170717 0.851997 0 3
0.334055 0.188721 0.870931 0 3
0.348265 0.188721 0.870931 0 3
0.358491 0.186647 0.86136 0 3
0.360655 0.18069 0.83387 0 3
0.370321 0.178788 0.825092 0 3
0.383783 0.178788 0.825092 0 3
0.353633 0.197981 0.849687 0 3
0.359997 0.193941 0.832348 0 3
0.369853 0.192007 0.82405 0 3
0.0413989 0.202658 1.0114 0 3
0.0575295 0.201359 1.00492 0 3
0.0748855 0.203974 1.01797 0 3
-0.154626 0.200076 0.998519 0 3
-0.153648 0.214998 0.992199 0 3
-0.134065 0.20969 0.967701 0 3
-0.118277 0.20969 0.967701 0 3
-0.18096 0.224892 0.965186 0 3
-0.161112 0.219311 0.941234 0 3
-0.150201 0.226001 0.969945 0 3
-0.13524 0.227455 0.976184 0 3
-0.116286 0.221684 0.951415 0 3
-0.139691 0.224905 0.902074 0 3
-0.127387 0.229249 0.919498 0 3
-0.11238 0.229238 0.919453 0 3
-0.15804 0.275386 0.923286 0 3
-0.142284 0.274053 0.918817 0 3
-0.792757 0.209413 1.04512 0 3
-0.786188 0.212243 1.05924 0 3
-0.758654 0.209413 1.04512 0 3
-0.72234 0.203974 1.01797 0 3
-0.705731 0.203974 1.01797 0 3
-0.792757 0.226465 1.04512 0 3
-0.759674 0.184776 0.922162 0 3
-0.744629 0.184776 0.922162 0 3
-0.756275 0.191536 0.955899 0 3
0.72998 0.145728 0.791755 0 1
0.714048 0.140069 0.761007 0 1
0.726464 0.140069 0.761007 0 1
0.73888 0.140069 0.761007 0 1
0.711877 0.142136 0.709355 0 1
0.723451 0.142136 0.709355 0 1
0.706699 0.155113 0.715833 0 1
0.711877 0.153709 0.709355 0 1
0.723451 0.153709 0.709355 0 1
0.738366 0.154408 0.71258 0 3
0.761618 0.154408 0.71258 0 1
0.706791 0.164102 0.704287 0 3
0.718436 0.164137 0.704438 0 3
0.732166 0.16464 0.706596 0 3
0.738091 0.163399 0.701273 0 3
0.759224 0.165512 0.71034 0 3
0.703659 0.174814 0.701166 0 3
0.73794 0.15854 0.86136 0 1
0.751993 0.15854 0.86136 0 1
0.726149 0.150282 0.816498 0 1
0.73947 0.150282 0.816498 0 1
0.723886 0.172593 0.86136 0 1
0.712827 0.163604 0.816498 0 1
0.726149 0.163604 0.816498 0 1
0.614279 0.163018 0.885692 0 1
0.62873 0.163018 0.885692 0 1
0.604041 0.174511 0.870931 0 1
0.614835 0.173547 0.866119 0 1
0.632461 0.174511 0.870931 0 1
0.64667 0.174511 0.870931 0 1
0.664572 0.175486 0.875796 0 1
0.699505 0.163604 0.816498 0 1
0.604041 0.188721 0.870931 0 3
0.614835 0.187678 0.866119 0 3
0.632461 0.188721 0.870931 0 3
0.639564 0.186647 0.86136 0 3
0.653618 0.186647 0.86136 0 3
0.632897 0.176926 0.816498 0 3
0.693407 0.178788 0.825092 0 3
0.64442 0.197876 0.849239 0 3
0.62671 0.188387 0.808515 0 3
0.616737 0.171751 0.93314 0 1
0.617265 0.167757 0.911439 0 1
0.665748 0.168738 0.916769 0 1
0.680706 0.168738 0.916769 0 1
0.695663 0.168738 0.916769 0 1
0.602395 0.182628 0.911439 0 1
0.418815 0.171751 0.93314 0 1
0.455742 0.180339 0.979797 0 1
0.43404 0.186976 0.93314 0 3
0.186308 0.182621 0.992199 0 1
0.105366 0.19881 0.992199 0 3
0.121555 0.19881 0.992199 0 3
0.136021 0.196325 0.979797 0 3
0.152007 0.196325 0.979797 0 3
0.17012 0.19881 0.992199 0 3
0.186308 0.19881 0.992199 0 3
0.00747879 0.165829 0.900963 0 1
0.0238214 0.178112 0.967701 0 1
0.00747879 0.180528 0.900963 0 3
0.0223068 0.181572 0.906171 0 3
0.089178 0.19881 0.992199 0 3
0.00752202 0.196357 0.906171 0 3
0.0224365 0.197498 0.911439 0 3
-0.0496097 0.160301 0.870931 0 1
-0.0353999 0.160301 0.870931 0 1
-0.0214282 0.162102 0.880716 0 1
-0.00709861 0.163018 0.885692 0 1
-0.0496097 0.174511 0.870931 0 3
-0.0353999 0.174511 0.870931 0 3
-0.0213085 0.175486 0.875796 0 3
-0.00709861 0.177469 0.885692 0 3
-0.0656429 0.194113 0.895814 0 3
-0.0496097 0.188721 0.870931 0 3
-0.0352043 0.187678 0.866119 0 3
-0.0211901 0.188721 0.870931 1.20769e-38 3
-0.00709861 0.191919 0.885692 1.18003e-38 3
-0.0621288 0.197554 0.847857 0 3
-0.0482879 0.197523 0.847725 0 3
-0.034676 0.198781 0.85312 0 3
-0.0826193 0.169731 0.922162 0 1
-0.0664018 0.166787 0.906171 0 1
-0.0994194 0.188096 0.938728 0 3
-0.0826193 0.184776 0.922162 0 3
-0.0664018 0.181572 0.906171 0 3
-0.0821361 0.198653 0.916769 0 3
-0.102488 0.178112 0.967701 0 1
-0.134065 0.193901 0.967701 0 3
-0.118277 0.193901 0.967701 0 3
-0.261882 0.23651 1.28498 0 3
-0.229624 0.225423 1.22475 0 1
-0.209641 0.225423 1.22475 0 1
-0.297917 0.216949 1.1787 0 3
-0.295693 0.234418 1.16991 0 3
-0.262873 0.22278 1.11183 0 3
-0.24301 0.221211 1.104 0 3
-0.228212 0.224371 1.11977 0 3
-0.212984 0.227623 1.136 0 3
-0.391132 0.21533 1.16991 0 3
-0.372045 0.21533 1.16991 0 3
-0.352957 0.21533 1.16991 0 3
-0.319551 0.218592 1.18763 0 3
-0.391132 0.234418 1.16991 0 3
-0.372045 0.234418 1.16991 0 3
-0.352957 0.234418 1.16991 0 3
-0.338928 0.237969 1.18763 0 3
-0.314781 0.234418 1.16991 0 3
-0.397059 0.257346 1.18763 0 3
-0.377682 0.257346 1.18763 0 3
-0.347766 0.249777 1.1527 0 3
-0.328959 0.249777 1.1527 0 3
-0.301291 0.242641 1.11977 0 3
-0.399542 0.265497 1.13945 0 3
-0.392294 0.273402 1.17338 0 3
-0.377184 0.276359 1.18607 0 3
-0.351979 0.271838 1.16666 0 3
-0.329464 0.268997 1.15447 0 3
-0.302987 0.26238 1.12607 0 3
-0.383932 0.286311 1.14837 0 3
-0.371331 0.291121 1.16766 0 3
-0.343539 0.283898 1.13869 0 3
-0.355015 0.296544 1.11636 0 3
-0.41022 0.21533 1.16991 0 3
-0.41022 0.234418 1.16991 0 3
-0.416864 0.246157 1.136 0 3
-0.404187 0.249777 1.1527 0 3
-0.687864 0.182621 0.992199 0 3
-0.671676 0.182621 0.992199 0 3
-0.639299 0.182621 0.992199 0 3
-0.671676 0.19881 0.992199 0 3
-0.655487 0.19881 0.992199 0 3
-0.639299 0.19881 0.992199 0 3
0.0474544 0.345793 1.15934 0 3
0.0658259 0.36172 1.14984 0 3
0.0462793 0.374124 1.13063 0 3
0.110986 0.17531 1.04512 0 1
0.128038 0.17531 1.04512 0 1
0.145089 0.17531 1.04512 0 1
0.162141 0.17531 1.04512 0 1
0.176835 0.173003 1.03137 0 1
0.191147 0.170756 1.01797 0 1
0.108103 0.187365 1.01797 0 1
0.124712 0.187365 1.01797 0 1
0.14318 0.18983 1.03137 0 1
0.15793 0.187365 1.01797 0 1
0.172301 0.184963 1.00492 0 1
-0.375367 0.208702 1.24419 0 1
-0.355067 0.208702 1.24419 0 1
-0.355067 0.229002 1.24419 0 3
2.67659 0.439605 2.9031 0 1
2.62923 0.486971 2.9031 0 1
2.67659 0.486971 2.9031 0 1
0.228823 0.15721 1.0382 0 1
0.207756 0.170756 1.01797 0 1
0.228823 0.174149 1.0382 0 1
0.240974 0.170756 1.01797 0 1
0.255921 0.169654 1.0114 0 1
0.270676 0.168567 1.00492 0 1
0.227317 0.18983 1.03137 0 1
0.237885 0.184963 1.00492 0 1
0.0260748 0.160396 1.05924 0 1
0.043357 0.160396 1.05924 0 1
0.00834173 0.168567 1.00492 0 1
0.0247376 0.168567 1.00492 0 1
0.043357 0.177679 1.05924 0 1
0.0623236 0.182614 1.08866 0 1
0.0939342 0.17531 1.04512 0 1
0.043652 0.196287 1.06645 0 1
0.0598307 0.192361 1.04512 0 1
0.0758708 0.18983 1.03137 0 1
0.0914943 0.187365 1.01797 0 1
0.252241 0.320923 2.37527 0 1
0.282436 0.311484 2.3054 0 1
0.207208 0.349098 2.3054 0 1
0.513081 0.102325 0.86136 0 1
0.527135 0.102325 0.86136 0 1
0.593126 0.175486 0.875796 0 1
0.593126 0.189775 0.875796 0 3
0.405787 0.100124 0.842836 0 1
0.419539 0.100124 0.842836 0 1
0.446393 0.163604 0.816498 0 1
0.459715 0.163604 0.816498 0 1
0.473037 0.163604 0.816498 0 1
0.401471 0.18069 0.83387 0 3
0.30498 0.108274 0.911439 0 1
0.30498 0.123145 0.911439 0 1
0.311868 0.148367 0.979797 0 1
0.332004 0.150245 0.992199 0 1
0.348192 0.150245 0.992199 0 1
0.306128 0.161328 0.961764 0 1
0.32182 0.161328 0.961764 0 1
0.335453 0.160344 0.955899 0 1
0.348922 0.159372 0.950106 0 1
0.300595 0.17382 0.944383 0 1
0.316004 0.17382 0.944383 0 1
0.329427 0.17278 0.938728 0 1
0.342691 0.171751 0.93314 0 1
0.353705 0.169731 0.922162 0 1
0.368751 0.169731 0.922162 0 1
0.383796 0.169731 0.922162 0 1
0.398842 0.169731 0.922162 0 1
0.300595 0.189229 0.944383 0 3
0.316004 0.189229 0.944383 0 3
0.327466 0.186976 0.93314 0 3
0.340663 0.18587 0.927618 0 3
0.351637 0.183696 0.916769 0 3
0.364463 0.182628 0.911439 0 3
0.374974 0.180528 0.900963 0 3
0.323614 0.199822 0.922162 0 3
0.338659 0.199822 0.922162 0 3
0.237222 0.104624 0.880716 0 1
0.246062 0.102325 0.86136 0 1
0.257288 0.101213 0.851997 0 1
0.271189 0.101213 0.851997 0 1
0.234873 0.117868 0.992199 0 1
0.238962 0.112188 0.944383 0 1
0.234873 0.134056 0.992199 0 1
0.247924 0.132381 0.979797 0 1
0.254371 0.127596 0.944383 0 1
0.263431 0.124594 0.922162 0 1
0.272075 0.121729 0.900963 0 1
0.286775 0.121729 0.900963 0 1
0.234873 0.150245 0.992199 0 1
0.251062 0.150245 0.992199 0 1
0.26725 0.150245 0.992199 0 1
0.279896 0.148367 0.979797 0 1
0.295882 0.148367 0.979797 0 1
0.281656 0.165386 0.985959 0 1
0.295882 0.164353 0.979797 0 1
0.202497 0.182621 0.992199 0 1
0.252661 0.183785 0.998519 0 1
0.26725 0.182621 0.992199 0 1
0.27644 0.178112 0.967701 0 1
0.288665 0.17594 0.955899 0 1
0.202497 0.19881 0.992199 0 3
0.251062 0.19881 0.992199 0 3
0.26725 0.19881 0.992199 0 3
0.273069 0.191536 0.955899 0 3
0.288665 0.191536 0.955899 0 3
0.154734 0.321089 2.70289 0 1
0.198834 0.321089 2.70289 0 1
0.160261 0.37823 2.79942 0 1
0.31181 0.205966 2.00984 0 1
0.344602 0.205966 2.00984 0 1
0.31181 0.238758 2.00984 0 1
0.344602 0.238758 2.00984 0 1
0.2941 0.2171 2.11848 0 1
0.2941 0.251664 2.11848 0 1
0.2941 0.286228 2.11848 0 1
0.252241 0.243415 2.37527 0 1
0.282436 0.236255 2.3054 0 1
0.252241 0.282169 2.37527 0 1
0.282436 0.27387 2.3054 0 1
0.502047 0.0726215 0.842836 0 1
0.527135 0.0742176 0.86136 0 1
0.507504 0.0873118 0.851997 0 1
0.527135 0.0882713 0.86136 0 1
0.105366 0.214998 0.992199 0 3
0.121555 0.214998 0.992199 0 3
0.1319 0.205877 0.950106 0 3
0.147401 0.205877 0.950106 0 3
0.167993 0.212311 0.979797 0 3
0.183979 0.212311 0.979797 0 3
0.199965 0.212311 0.979797 0 3
0.105912 0.232385 0.997341 0 3
0.137177 0.230237 0.988122 0 3
0.151325 0.227272 0.975399 0 3
0.167813 0.228052 0.978747 0 3
0.182616 0.226605 0.972536 0 3
0.197792 0.225815 0.969146 0 3
0.104355 0.245001 0.982677 0 3
0.122269 0.248829 0.998033 0 3
0.137551 0.24703 0.990814 0 3
0.152033 0.244324 0.979961 0 3
0.164046 0.238543 0.956775 0 3
0.177302 0.235417 0.944237 0 3
0.19124 0.233624 0.937045 0 3
0.114865 0.249057 0.937591 0 3
0.130433 0.249576 0.939542 0 3
0.143659 0.245975 0.925988 0 3
0.155914 0.241555 0.909348 0 3
0.112587 0.259112 0.918998 0 3
0.126649 0.257219 0.912282 0 3
0.154615 0.254255 0.901769 0 3
0.237222 0.0758854 0.880716 0 1
0.246062 0.0742176 0.86136 0 1
0.260116 0.0742176 0.86136 0 1
0.237222 0.0902549 0.880716 0 1
0.246062 0.0882713 0.86136 0 1
0.257288 0.0873118 0.851997 0 1
0.271189 0.0873118 0.851997 0 1
0.11883 0.250141 2.9031 0 1
0.166196 0.250141 2.9031 0 1
0.11883 0.297507 2.9031 0 1
-0.763083 0.168881 0.842836 0 3
-0.749332 0.168881 0.842836 0 3
-0.777375 0.19301 0.890724 0 3
-0.762842 0.19301 0.890724 0 3
-1.05872 0.211056 2.44949 0 1
-1.01876 0.211056 2.44949 0 1
-1.05872 0.251021 2.44949 0 1
-1.01876 0.251021 2.44949 0 1
-1.05872 0.290986 2.44949 0 1
-1.01876 0.290986 2.44949 0 1
-0.982854 0.100803 1.16991 0 1
-0.963766 0.100803 1.16991 0 1
-0.982854 0.119891 1.16991 0 1
-0.963766 0.119891 1.16991 0 1
0.236369 0.200076 0.998519 0 3
0.215951 0.212311 0.979797 0 3
0.224909 0.205877 0.950106 0 3
0.236118 0.202201 0.93314 0 3
0.251342 0.202201 0.93314 0 3
0.266567 0.202201 0.93314 0 3
0.281792 0.202201 0.93314 0 3
0.297017 0.202201 0.93314 0 3
0.217134 0.229547 0.985163 0 3
0.229262 0.225663 0.968495 0 3
0.235277 0.216652 0.929818 0 3
0.246678 0.21339 0.915822 0 3
0.260395 0.212391 0.911534 0 3
0.275239 0.212369 0.911439 0 3
0.290358 0.212551 0.912219 0 3
0.203482 0.230177 0.92322 0 3
0.216033 0.227532 0.912609 0 3
0.316004 0.204637 0.944383 0 3
0.308521 0.214835 0.922021 0 3
0.323539 0.214818 0.92195 0 3
0.331468 0.210305 0.902579 0 3
0.451092 0.0307069 0.825092 0 1
0.464554 0.0307069 0.825092 0 1
0.406428 0.0437087 0.816498 0 1
0.424168 0.0441688 0.825092 0 1
0.43763 0.0441688 0.825092 0 1
0.451092 0.0441688 0.825092 0 1
0.464554 0.0441688 0.825092 0 1
0.406428 0.0570304 0.816498 0 1
0.424168 0.0576308 0.825092 0 1
0.43763 0.0576308 0.825092 0 1
0.446393 0.0570304 0.816498 0 1
0.459715 0.0570304 0.816498 0 1
0.473037 0.0570304 0.816498 0 1
0.424168 0.0710927 0.825092 0 1
0.446393 0.0703521 0.816498 0 1
0.459715 0.0703521 0.816498 0 1
0.473037 0.0703521 0.816498 0 1
0.406428 0.0836738 0.816498 0 1
0.424168 0.0845546 0.825092 0 1
0.43763 0.0845546 0.825092 0 1
0.451092 0.0845546 0.825092 0 1
0.469496 0.0854541 0.83387 0 1
0.488296 0.086373 0.842836 0 1
-1.29982 -0.371685 2.61279 0 1
-1.25719 -0.371685 2.61279 0 1
-1.29982 -0.329055 2.61279 0 1
-1.37543 -0.454157 2.37527 0 1
-1.37543 -0.415403 2.37527 0 1
-1.33667 -0.415403 2.37527 0 1
-1.36991 -0.574363 2.23954 0 1
-1.36991 -0.537824 2.23954 0 1
-1.33337 -0.501284 2.23954 0 1
