# .PCD v0.7 - Point Cloud Data file format
VERSION 0.7
FIELDS x y z rgb label
SIZE 4 4 4 4 4
TYPE F F F F U
COUNT 1 1 1 1 1
WIDTH 2853
HEIGHT 1
VIEWPOINT 0 0 0 1 0 0 0
POINTS 2853
DATA ascii
-2.33748 -2.6 2.7964 1.02359e-38 1
-2.2923 -2.6 2.7964 1.13415e-38 1
-2.28797 -2.64727 2.84724 1.07887e-38 1
-2.20193 -2.6 2.7964 7.10301e-39 12
-2.15675 -2.6 2.7964 1.10681e-38 12
-2.11157 -2.6 2.7964 1.09752e-38 12
-2.06638 -2.6 2.7964 1.07901e-38 1
-2.0212 -2.6 2.7964 1.12511e-38 1
-1.97602 -2.6 2.7964 1.10674e-38 1
-2.04013 -2.74717 2.95469 1.14362e-38 1
-2.0307 -2.8 3.01151 1.1621e-38 12
-2.14721 -3.03333 3.26247 1.20819e-38 12
-2.18557 -3.16521 3.40431 1.18968e-38 12
-2.13056 -3.16521 3.40431 1.36489e-38 12
-2.0314 -3.09787 3.33188 1.60463e-38 12
-1.93636 -3.03333 3.26247 1.47552e-38 12
-1.88365 -3.03333 3.26247 1.38329e-38 1
-1.83094 -3.03333 3.26247 1.31865e-38 1
-1.70709 -2.912 3.13197 1.34631e-38 1
-1.65649 -2.912 3.13197 1.48453e-38 1
-1.54412 -2.8 3.01151 1.53063e-38 1
-1.46725 -2.74717 2.95469 1.68736e-38 1
-1.41951 -2.74717 2.95469 1.80725e-38 1
-1.05336 -3.23555 3.47996 1.87192e-38 12
-0.954705 -3.09787 3.33188 2.075e-38 12
-0.882102 -3.03333 3.26247 1.50339e-38 12
-0.829389 -3.03333 3.26247 1.23577e-38 12
-0.776676 -3.03333 3.26247 1.22659e-38 12
-0.695004 -2.912 3.13197 1.28219e-38 12
-0.6444 -2.912 3.13197 1.75257e-38 12
-0.605914 -2.97143 3.19589 2.03838e-38 12
-0.554276 -2.97143 3.19589 1.93696e-38 12
-0.513111 -3.03333 3.26247 1.9276e-38 12
-0.460398 -3.03333 3.26247 1.83519e-38 12
-0.407685 -3.03333 3.26247 1.56775e-38 12
-0.370405 -3.16521 3.40431 1.79831e-38 12
-0.322409 -3.23555 3.47996 1.7615e-38 12
-0.266182 -3.23555 3.47996 1.66934e-38 12
-0.209955 -3.23555 3.47996 2.23159e-38 1
-0.14412 -3.03333 3.26247 1.74303e-38 12
-0.0895413 -2.97143 3.19589 1.67846e-38 1
-0.037904 -2.97143 3.19589 1.5864e-38 1
0.0134586 -2.912 3.13197 1.17149e-38 1
0.0628069 -2.8549 3.07056 1.38354e-38 1
0.110257 -2.8 3.01151 1.07926e-38 1
0.155917 -2.74717 2.95469 9.68448e-39 1
0.199886 -2.69629 2.89997 6.4562e-39 1
0.251397 -2.74717 2.95469 4.79668e-39 1
0.293598 -2.69629 2.89997 6.91646e-39 1
0.340454 -2.69629 2.89997 4.98036e-39 1
0.373477 -2.6 2.7964 5.62572e-39 1
0.450864 -2.8 3.01151 5.44133e-39 1
-2.33748 -2.55481 2.7964 1.13415e-38 1
-2.2923 -2.55481 2.7964 1.10649e-38 1
-2.28797 -2.60127 2.84724 1.3001e-38 1
-2.20193 -2.55481 2.7964 1.72431e-38 12
-2.15675 -2.55481 2.7964 1.78909e-38 12
-2.11157 -2.55481 2.7964 1.11607e-38 12
-2.06638 -2.55481 2.7964 1.18965e-38 12
-2.0212 -2.55481 2.7964 1.09745e-38 12
-1.97602 -2.55481 2.7964 1.06986e-38 12
-2.07936 -2.75134 3.01151 1.21738e-38 12
-2.0307 -2.75134 3.01151 1.53091e-38 12
-2.14721 -2.98062 3.26247 1.53098e-38 12
-2.18557 -3.11021 3.40431 1.28191e-38 12
-2.08523 -3.04403 3.33188 1.54925e-38 12
-2.0314 -3.04403 3.33188 1.74296e-38 12
-1.93636 -2.98062 3.26247 1.65995e-38 12
-1.88365 -2.98062 3.26247 1.49389e-38 12
-1.83094 -2.98062 3.26247 1.42932e-38 1
-1.70709 -2.86139 3.13197 1.5675e-38 1
-1.65649 -2.86139 3.13197 1.41077e-38 1
-1.54412 -2.75134 3.01151 1.45687e-38 1
-1.46725 -2.69943 2.95469 1.6136e-38 1
-1.41951 -2.69943 2.95469 1.90852e-38 1
-1.00854 -3.04403 3.33188 1.78891e-38 12
-0.915737 -2.91979 3.19589 1.89976e-38 12
-0.8641 -2.91979 3.19589 1.62325e-38 12
-0.812463 -2.91979 3.19589 1.65083e-38 12
-0.760825 -2.91979 3.19589 1.24499e-38 12
-0.709188 -2.91979 3.19589 1.77998e-38 12
-0.657551 -2.91979 3.19589 1.7342e-38 12
-0.605914 -2.91979 3.19589 2.18567e-38 12
-0.565824 -2.98062 3.26247 2.0383e-38 12
-0.513111 -2.98062 3.26247 2.07489e-38 12
-0.460398 -2.98062 3.26247 1.99181e-38 12
-0.407685 -2.98062 3.26247 1.89958e-38 12
-0.354972 -2.98062 3.26247 1.89962e-38 12
-0.30869 -3.04403 3.33188 2.14862e-38 12
-0.260396 -3.11021 3.40431 1.51254e-38 12
-0.196833 -2.98062 3.26247 1.76143e-38 12
-0.141179 -2.91979 3.19589 1.39261e-38 12
-0.0877504 -2.86139 3.13197 1.58619e-38 12
-0.0371459 -2.86139 3.13197 1.52187e-38 12
0.0131947 -2.80529 3.07056 1.28223e-38 1
0.0628069 -2.80529 3.07056 1.31904e-38 1
0.110257 -2.75134 3.01151 1.13461e-38 1
0.155917 -2.69943 2.95469 6.45798e-39 1
0.203657 -2.69943 2.95469 1.08819e-38 1
0.256232 -2.75134 3.01151 6.73314e-39 1
0.299137 -2.69943 2.95469 6.17997e-39 1
0.346877 -2.69943 2.95469 5.16511e-39 1
0.380268 -2.60127 2.84724 6.36436e-39 1
0.450864 -2.75134 3.01151 5.25694e-39 1
-2.33748 -2.50963 2.7964 1.06039e-38 1
-2.33397 -2.55526 2.84724 1.09727e-38 1
-2.33034 -2.60258 2.89997 1.3923e-38 12
-2.20193 -2.50963 2.7964 1.53992e-38 12
-2.15675 -2.50963 2.7964 1.72463e-38 12
-2.18977 -2.60258 2.89997 1.86296e-38 12
-2.14292 -2.60258 2.89997 1.88122e-38 12
-2.13561 -2.65169 2.95469 1.12515e-38 12
-2.08787 -2.65169 2.95469 1.06057e-38 12
-2.12013 -2.75567 3.07056 1.61378e-38 12
-2.07052 -2.75567 3.07056 1.85367e-38 12
-2.14721 -2.9279 3.26247 2.11192e-38 12
-2.13907 -2.9902 3.33188 2.09327e-38 12
-2.04179 -2.9279 3.26247 1.4479e-38 12
-2.0314 -2.9902 3.33188 1.58623e-38 12
-1.89684 -2.86815 3.19589 1.68764e-38 12
-1.84521 -2.86815 3.19589 1.7152e-38 12
-1.79357 -2.86815 3.19589 1.69665e-38 12
-1.67362 -2.75567 3.07056 1.53066e-38 12
-1.62401 -2.75567 3.07056 1.61349e-38 12
-1.54412 -2.70268 3.01151 1.53063e-38 1
-1.46725 -2.65169 2.95469 1.73346e-38 1
-1.41951 -2.65169 2.95469 1.87164e-38 1
-0.8641 -2.86815 3.19589 1.89983e-38 12
-0.812463 -2.86815 3.19589 1.946e-38 12
-0.776676 -2.9279 3.26247 2.19475e-38 12
-0.723963 -2.9279 3.26247 1.87228e-38 12
-0.67125 -2.9279 3.26247 1.88175e-38 12
-0.618537 -2.9279 3.26247 2.07536e-38 12
-0.577863 -2.9902 3.33188 1.22688e-38 12
-0.399365 -2.86815 3.19589 1.87189e-38 12
-0.347728 -2.86815 3.19589 1.85341e-38 12
-0.30869 -2.9902 3.33188 2.20386e-38 12
-0.249546 -2.9279 3.26247 2.08415e-38 12
-0.196833 -2.9279 3.26247 2.15791e-38 12
-0.138355 -2.81079 3.13197 1.64144e-38 12
-0.0877504 -2.81079 3.13197 1.6231e-38 12
-0.0371459 -2.81079 3.13197 1.37439e-38 12
0.0134586 -2.81079 3.13197 1.55892e-38 1
0.0628069 -2.75567 3.07056 1.50354e-38 1
0.110257 -2.70268 3.01151 1.6325e-38 1
0.158915 -2.70268 3.01151 1.1161e-38 1
0.207574 -2.70268 3.01151 1.01451e-38 1
0.261256 -2.75567 3.07056 8.30082e-39 1
0.310868 -2.75567 3.07056 6.27216e-39 1
0.36048 -2.75567 3.07056 5.6268e-39 1
0.394617 -2.65169 2.95469 4.61193e-39 1
0.442358 -2.65169 2.95469 5.34949e-39 1
0.519504 -2.81079 3.13197 3.78074e-39 1
-3.42126 -3.5387 4.01534 1.06961e-38 1
-2.37998 -2.50926 2.84724 1.12493e-38 1
-2.33397 -2.50926 2.84724 1.05117e-38 1
-2.28797 -2.50926 2.84724 1.06961e-38 12
-2.20193 -2.46445 2.7964 1.503e-38 12
-2.15675 -2.46445 2.7964 1.86289e-38 12
-2.18977 -2.55573 2.89997 2.01047e-38 12
-2.18335 -2.60395 2.95469 1.91813e-38 12
-2.17668 -2.65402 3.01151 1.16199e-38 12
-2.12802 -2.65402 3.01151 1.1527e-38 12
-2.12013 -2.70606 3.07056 1.89033e-38 12
-2.07052 -2.70606 3.07056 2.06579e-38 12
-2.10339 -2.81651 3.19589 1.93689e-38 12
-2.0945 -2.87519 3.26247 1.70615e-38 12
-2.00012 -2.81651 3.19589 1.30968e-38 12
-1.98908 -2.87519 3.26247 1.28198e-38 12
-1.93636 -2.87519 3.26247 1.86271e-38 12
-1.79357 -2.81651 3.19589 2.2038e-38 12
-1.49546 -2.65402 3.01151 1.92696e-38 1
-0.8641 -2.81651 3.19589 2.13958e-38 12
-0.812463 -2.81651 3.19589 2.04749e-38 12
-0.760825 -2.81651 3.19589 2.17645e-38 12
-0.709188 -2.81651 3.19589 2.16719e-38 12
-0.67125 -2.87519 3.26247 1.66966e-38 12
-0.618537 -2.87519 3.26247 1.96476e-38 12
-0.577863 -2.93637 3.33188 1.31907e-38 12
-0.239564 -2.76018 3.13197 1.94568e-38 12
-0.185254 -2.70606 3.07056 1.92728e-38 12
-0.135642 -2.70606 3.07056 2.06543e-38 12
-0.0877504 -2.76018 3.13197 1.88114e-38 12
-0.0364176 -2.70606 3.07056 1.71544e-38 12
0.0134586 -2.76018 3.13197 1.66952e-38 12
0.0628069 -2.70606 3.07056 1.5958e-38 1
0.112419 -2.70606 3.07056 1.36528e-38 1
0.162031 -2.70606 3.07056 1.42967e-38 1
0.207574 -2.65402 3.01151 1.07004e-38 1
0.261256 -2.70606 3.07056 1.03309e-38 1
0.30489 -2.65402 3.01151 6.1814e-39 1
0.36048 -2.70606 3.07056 9.13058e-39 1
0.402206 -2.65402 3.01151 9.31425e-39 1
0.442358 -2.60395 2.95469 9.95855e-39 1
0.499523 -2.65402 3.01151 6.6388e-39 1
-3.33572 -3.38697 3.91496 1.09727e-38 1
-2.72706 -2.82248 3.26247 1.03274e-38 1
-2.3772 -2.50887 2.89997 1.13415e-38 1
-2.33034 -2.50887 2.89997 1.13415e-38 12
-2.24197 -2.46325 2.84724 2.11146e-38 12
-2.19596 -2.46325 2.84724 1.92725e-38 12
-2.23109 -2.55621 2.95469 2.02887e-38 12
-2.22533 -2.60536 3.01151 2.13022e-38 12
-2.26374 -2.70958 3.13197 1.75211e-38 12
-2.21314 -2.70958 3.13197 1.30021e-38 12
-2.20667 -2.76488 3.19589 1.7797e-38 12
-2.15503 -2.76488 3.19589 1.74303e-38 12
-2.14721 -2.82248 3.26247 1.97377e-38 12
-2.0945 -2.82248 3.26247 1.98288e-38 12
-2.00012 -2.76488 3.19589 1.50332e-38 12
-1.98908 -2.82248 3.26247 1.51251e-38 12
-1.89684 -2.76488 3.19589 1.72445e-38 12
-1.65649 -2.70958 3.13197 2.07447e-38 12
-0.780601 -2.65645 3.07056 2.03834e-38 12
-0.760825 -2.76488 3.19589 2.10269e-38 12
-0.709188 -2.76488 3.19589 2.18556e-38 12
-0.67125 -2.82248 3.26247 1.95536e-38 12
-0.618537 -2.82248 3.26247 1.89097e-38 12
-0.565824 -2.82248 3.26247 1.68789e-38 12
-0.185254 -2.65645 3.07056 2.02851e-38 12
-0.135642 -2.65645 3.07056 1.74264e-38 12
-0.0895413 -2.76488 3.19589 1.99171e-38 12
-0.0371459 -2.70958 3.13197 1.8537e-38 12
0.0134586 -2.70958 3.13197 1.63275e-38 12
0.0640631 -2.70958 3.13197 1.50375e-38 1
0.114668 -2.70958 3.13197 1.55892e-38 1
0.162031 -2.65645 3.07056 1.42982e-38 1
0.211644 -2.65645 3.07056 1.16241e-38 1
0.266481 -2.70958 3.13197 1.21759e-38 1
0.310868 -2.65645 3.07056 1.13451e-38 1
0.36769 -2.70958 3.13197 1.24503e-38 1
0.410093 -2.65645 3.07056 1.19872e-38 1
0.442358 -2.55621 2.95469 1.27244e-38 1
0.499523 -2.60536 3.01151 7.56039e-39 1
-3.51129 -3.49865 4.12101 1.06961e-38 1
-3.27247 -3.32372 3.91496 1.11571e-38 1
-2.61977 -2.71324 3.19589 1.11571e-38 1
-2.41997 -2.55671 3.01151 1.13415e-38 12
-2.28348 -2.46201 2.89997 1.48453e-38 12
-2.23663 -2.46201 2.89997 1.45698e-38 12
-2.26374 -2.65897 3.13197 1.83505e-38 12
-2.21314 -2.65897 3.13197 1.67814e-38 12
-2.25264 -2.76976 3.26247 1.69665e-38 12
-2.15503 -2.71324 3.19589 2.01948e-38 12
-2.14721 -2.76976 3.26247 2.09345e-38 12
-2.05176 -2.71324 3.19589 1.99214e-38 12
-1.96012 -2.65897 3.13197 1.58637e-38 12
-1.98908 -2.76976 3.26247 1.75225e-38 12
-0.8641 -2.71324 3.19589 2.03788e-38 12
-0.796213 -2.65897 3.13197 2.03813e-38 12
-0.776676 -2.76976 3.26247 2.075e-38 12
-0.723963 -2.76976 3.26247 2.25914e-38 12
-0.685532 -2.8287 3.33188 2.01054e-38 12
-0.618537 -2.76976 3.26247 2.10298e-38 12
-0.565824 -2.76976 3.26247 1.89068e-38 12
-0.0371459 -2.65897 3.13197 1.73388e-38 12
0.0137332 -2.71324 3.19589 1.65126e-38 12
0.0640631 -2.65897 3.13197 1.49457e-38 1
0.114668 -2.65897 3.13197 1.42996e-38 1
0.162031 -2.60684 3.07056 1.40219e-38 1
0.211644 -2.60684 3.07056 1.25472e-38 1
0.266481 -2.65897 3.13197 1.28223e-38 1
0.310868 -2.60684 3.07056 1.19908e-38 1
0.36769 -2.65897 3.13197 8.02494e-39 1
0.410093 -2.60684 3.07056 1.07887e-38 1
0.450864 -2.55671 3.01151 1.16177e-38 1
0.499523 -2.55671 3.01151 5.53245e-39 1
-4.22254 -4.20705 5.05156 1.08805e-38 1
-2.32657 -2.46073 2.95469 1.07887e-38 12
-2.27883 -2.46073 2.95469 2.16688e-38 12
-2.31858 -2.55723 3.07056 2.08391e-38 12
-2.16253 -2.60837 3.13197 1.76119e-38 12
-2.11193 -2.60837 3.13197 1.87193e-38 12
-1.93339 -2.50805 3.01151 1.88143e-38 12
-1.88473 -2.50805 3.01151 1.66938e-38 12
-1.94848 -2.6616 3.19589 2.121e-38 12
-2.02055 -2.83518 3.40431 2.17617e-38 12
-1.80053 -2.83518 3.40431 1.93621e-38 12
-1.78432 -2.89819 3.47996 2.29571e-38 12
-0.882102 -2.71705 3.26247 1.73352e-38 12
-0.829389 -2.71705 3.26247 1.65087e-38 12
-0.793201 -2.77486 3.33188 2.06564e-38 12
-0.772227 -2.89819 3.47996 2.2039e-38 12
-0.700435 -2.83518 3.40431 1.36499e-38 12
-0.631697 -2.77486 3.33188 2.07525e-38 12
-0.565824 -2.71705 3.26247 2.09351e-38 12
-0.0371459 -2.60837 3.13197 2.04741e-38 12
0.0137332 -2.6616 3.19589 1.95547e-38 12
0.0653705 -2.6616 3.19589 1.55899e-38 1
0.117008 -2.6616 3.19589 1.65126e-38 1
0.165272 -2.60837 3.13197 1.4852e-38 1
0.215877 -2.60837 3.13197 1.4206e-38 1
0.271919 -2.6616 3.19589 1.42056e-38 1
0.317086 -2.60837 3.13197 1.30053e-38 1
0.375194 -2.6616 3.19589 1.32804e-38 1
0.410093 -2.55723 3.07056 7.93059e-39 1
0.442358 -2.46073 2.95469 5.625e-39 1
0.490098 -2.46073 2.95469 5.80904e-39 1
0.537838 -2.46073 2.95469 5.07076e-39 1
-4.51375 -4.40994 5.39995 1.06961e-38 1
-2.51621 -2.66434 3.26247 1.31858e-38 12
-2.31858 -2.50761 3.07056 1.32776e-38 12
-2.18335 -2.41299 2.95469 1.21716e-38 12
-2.13561 -2.41299 2.95469 1.3001e-38 12
-2.00235 -2.3683 2.89997 1.80718e-38 12
-1.91994 -2.32524 2.84724 2.0838e-38 12
-1.89691 -2.41299 2.95469 2.09334e-38 12
-1.84917 -2.41299 2.95469 2.13032e-38 12
-1.80143 -2.41299 2.95469 2.10263e-38 12
-1.89684 -2.60996 3.19589 2.09323e-38 12
-1.92373 -2.72103 3.33188 2.17606e-38 12
-1.84054 -2.84196 3.47996 2.07451e-38 12
-0.904788 -2.90655 3.55906 2.06571e-38 12
-0.847283 -2.90655 3.55906 1.6876e-38 12
-0.808145 -2.97415 3.64182 2.22223e-38 12
-0.732273 -2.90655 3.55906 1.50314e-38 12
-0.64543 -2.78018 3.40431 1.99203e-38 12
-0.0860298 -2.50761 3.07056 1.89022e-38 12
-0.0364176 -2.50761 3.07056 1.93664e-38 12
0.0134586 -2.55777 3.13197 1.91845e-38 12
0.0640631 -2.55777 3.13197 1.80789e-38 1
0.117008 -2.60996 3.19589 1.40226e-38 1
0.165272 -2.55777 3.13197 1.57736e-38 1
0.215877 -2.55777 3.13197 1.70644e-38 1
0.271919 -2.60996 3.19589 1.439e-38 1
0.323557 -2.60996 3.19589 1.47573e-38 1
0.375194 -2.60996 3.19589 1.42942e-38 1
0.410093 -2.50761 3.07056 9.8667e-39 1
0.442358 -2.41299 2.95469 6.08562e-39 1
0.499523 -2.45939 3.01151 3.68854e-39 1
-2.68745 -2.84905 3.55906 1.12493e-38 12
-2.18335 -2.36525 2.95469 1.25393e-38 12
-2.13561 -2.36525 2.95469 1.1433e-38 12
-1.90788 -2.16135 2.69997 1.4936e-38 12
-1.86425 -2.16135 2.69997 1.43829e-38 12
-1.75994 -2.0893 2.60997 1.88083e-38 12
-1.71777 -2.0893 2.60997 1.66888e-38 12
-1.7194 -2.19926 2.74734 2.121e-38 12
-1.78741 -2.41073 3.01151 2.09323e-38 12
-1.88365 -2.61163 3.26247 1.57676e-38 12
-1.83094 -2.61163 3.26247 1.51215e-38 12
-1.18885 -2.98471 3.72853 2.25893e-38 12
-1.10236 -2.9153 3.64182 2.15744e-38 12
-0.947873 -2.98471 3.72853 1.65087e-38 12
-0.88763 -2.98471 3.72853 2.29588e-38 12
-0.808145 -2.9153 3.64182 1.4569e-38 12
-0.732273 -2.84905 3.55906 1.90863e-38 12
-0.659773 -2.78573 3.47996 2.01025e-38 12
-0.0364176 -2.458 3.07056 2.18553e-38 12
0.0131947 -2.458 3.07056 2.16723e-38 12
0.0628069 -2.458 3.07056 1.75253e-38 1
0.114668 -2.50716 3.13197 2.01072e-38 1
0.162031 -2.458 3.07056 2.04756e-38 1
0.211644 -2.458 3.07056 1.70644e-38 1
0.266481 -2.50716 3.13197 1.61417e-38 1
0.317086 -2.50716 3.13197 1.62318e-38 1
0.353548 -2.41073 3.01151 1.44786e-38 1
0.426831 -2.55833 3.19589 1.02351e-38 1
-2.06638 -2.19335 2.7964 1.26322e-38 12
-2.0212 -2.19335 2.7964 1.25393e-38 12
-1.84428 -2.04713 2.60997 1.35528e-38 12
-1.74398 -1.98109 2.52578 1.39215e-38 12
-1.59995 -1.86103 2.3727 1.43829e-38 12
-1.44126 -1.80629 2.30292 1.83516e-38 12
-1.53993 -1.98109 2.52578 2.08405e-38 12
-1.54909 -2.04713 2.60997 1.66906e-38 12
-1.61456 -2.19335 2.7964 1.49371e-38 12
-1.79357 -2.50669 3.19589 1.56743e-38 12
-1.85554 -2.67017 3.40431 1.60427e-38 12
-1.92615 -2.85646 3.64182 1.43832e-38 12
-1.18885 -2.92447 3.72853 1.69647e-38 12
-1.1286 -2.92447 3.72853 2.28659e-38 12
-1.06836 -2.92447 3.72853 1.55821e-38 12
-1.0327 -2.9958 3.81947 2.2867e-38 12
-0.947873 -2.92447 3.72853 1.66927e-38 12
-0.88763 -2.92447 3.72853 1.62321e-38 12
-0.789778 -2.79154 3.55906 1.78891e-38 12
-0.6444 -2.45656 3.13197 1.45687e-38 12
-0.513111 -2.55891 3.26247 2.1299e-38 12
-0.460398 -2.55891 3.26247 1.53977e-38 12
-0.283607 -1.78011 2.26954 1.50279e-38 12
0.0134586 -2.45656 3.13197 2.19475e-38 12
0.0640631 -2.45656 3.13197 1.97366e-38 1
0.114668 -2.45656 3.13197 2.04763e-38 1
0.158915 -2.36207 3.01151 2.15812e-38 1
0.207574 -2.36207 3.01151 2.04753e-38 1
0.256232 -2.36207 3.01151 1.61403e-38 1
0.30489 -2.36207 3.01151 1.53091e-38 1
0.334264 -2.23323 2.84724 1.06061e-38 1
-1.72713 -1.79549 2.33729 1.22627e-38 12
-1.71496 -1.82269 2.3727 1.25393e-38 12
-1.87554 -2.03894 2.65421 1.30918e-38 12
-1.50852 -1.71854 2.23712 8.75894e-39 12
-1.34255 -1.64791 2.14518 1.36485e-38 12
-1.23994 -1.56231 2.03375 1.56768e-38 12
-1.45227 -1.87965 2.44685 1.69668e-38 12
-1.55888 -2.0741 2.69997 1.69651e-38 12
-1.79357 -2.45505 3.19589 1.57665e-38 12
-1.58064 -2.22773 2.89997 1.5858e-38 12
-1.92615 -2.79762 3.64182 1.70569e-38 12
-1.18885 -2.86423 3.72853 1.71491e-38 12
-1.1286 -2.86423 3.72853 2.27734e-38 12
-1.09442 -2.93409 3.81947 1.52137e-38 12
-1.14435 -3.25129 4.23239 2.16684e-38 12
-0.932011 -3.00744 3.91496 1.58633e-38 12
-0.827386 -2.86423 3.72853 1.2634e-38 12
-0.67125 -2.5062 3.26247 1.15255e-38 12
-0.724141 -2.93409 3.81947 1.27244e-38 12
-0.53254 -2.35878 3.07056 1.61367e-38 12
-0.480415 -2.61516 3.40431 1.11564e-38 12
-0.42541 -2.61516 3.40431 1.21705e-38 12
-0.0953809 -2.61516 3.40431 1.98238e-38 12
-0.039517 -2.55952 3.33188 2.19457e-38 12
0.0140193 -2.5062 3.26247 2.0195e-38 12
0.0667323 -2.5062 3.26247 1.85384e-38 12
0.119445 -2.5062 3.26247 1.97387e-38 1
0.168645 -2.45505 3.19589 2.21323e-38 1
0.207574 -2.31342 3.01151 1.65098e-38 1
0.246742 -2.22773 2.89997 1.23585e-38 1
0.293598 -2.22773 2.89997 9.22241e-39 1
0.328295 -2.14817 2.7964 7.47034e-39 1
0.366925 -2.11048 2.74734 6.45441e-39 1
-1.72713 -1.75772 2.33729 1.23549e-38 12
-1.71496 -1.78435 2.3727 1.41059e-38 12
-1.36119 -1.63566 2.17498 1.41999e-38 12
-1.23994 -1.52945 2.03375 1.41088e-38 12
-1.32779 -1.68239 2.23712 1.42003e-38 12
-1.50692 -1.96279 2.60997 2.26812e-38 12
-1.51526 -2.03047 2.69997 2.28652e-38 12
-1.58064 -2.18088 2.89997 1.82551e-38 12
-1.59278 -2.26476 3.01151 2.03756e-38 12
-1.15613 -2.87237 3.81947 2.06532e-38 12
-1.09442 -2.87237 3.81947 1.59516e-38 12
-1.14435 -3.1829 4.23239 1.55832e-38 12
-0.91448 -3.09914 4.12101 1.19886e-38 12
-0.78131 -3.09914 4.12101 1.65037e-38 12
-0.577863 -2.50569 3.33188 1.14344e-38 12
-0.480415 -2.56016 3.40431 9.95892e-39 12
-0.42541 -2.56016 3.40431 1.34624e-38 12
-0.3154 -2.56016 3.40431 2.24954e-38 12
-0.249546 -2.45349 3.26247 1.33669e-38 12
-0.214727 -2.67653 3.55906 1.34595e-38 12
-0.157222 -2.67653 3.55906 1.54885e-38 12
0.0146289 -2.56016 3.40431 2.19467e-38 12
0.0681522 -2.50569 3.33188 1.87228e-38 12
0.121987 -2.50569 3.33188 2.02919e-38 1
0.168645 -2.40342 3.19589 1.52194e-38 1
0.203657 -2.22203 2.95469 1.34662e-38 1
0.242256 -2.14122 2.84724 1.61374e-38 1
0.293598 -2.18088 2.89997 6.45548e-39 1
0.306408 -1.96279 2.60997 5.90231e-39 1
0.360599 -2.03047 2.69997 4.42683e-39 1
-2.41322 -2.35178 3.19589 1.23549e-38 1
-1.83678 -1.82916 2.48569 1.38293e-38 12
-1.79662 -1.82916 2.48569 1.43825e-38 12
-1.38036 -1.62306 2.20561 1.53052e-38 12
-1.29021 -1.55726 2.11619 1.38311e-38 12
-1.25602 -1.55726 2.11619 1.52144e-38 12
-1.45831 -1.85866 2.52578 1.70573e-38 12
-1.51526 -1.98685 2.69997 1.75182e-38 12
-1.15613 -2.81066 3.81947 1.46616e-38 12
-1.31974 -3.38933 4.60584 1.36478e-38 12
-1.24532 -3.38933 4.60584 1.2818e-38 12
-0.590425 -2.50516 3.40431 1.01437e-38 12
-0.480415 -2.50516 3.40431 9.59121e-39 12
-0.407685 -2.40077 3.26247 1.24482e-38 12
-0.370405 -2.50516 3.40431 1.8348e-38 12
-0.329737 -2.61903 3.55906 1.56732e-38 12
-0.272232 -2.61903 3.55906 1.16155e-38 12
-0.224952 -2.74374 3.72853 1.14315e-38 12
-0.164708 -2.74374 3.72853 1.44743e-38 12
-0.0997164 -2.61903 3.55906 1.55807e-38 12
-0.0422113 -2.61903 3.55906 1.77026e-38 12
0.0152938 -2.61903 3.55906 2.03787e-38 12
0.0711812 -2.56083 3.47996 2.12117e-38 12
0.127408 -2.56083 3.47996 1.72491e-38 1
0.175821 -2.45185 3.33188 1.38365e-38 1
0.211644 -2.25955 3.07056 1.36492e-38 1
0.251397 -2.17429 2.95469 1.08816e-38 1
0.293598 -2.13402 2.89997 5.81012e-39 1
0.311602 -1.95317 2.65421 6.2711e-39 1
0.360599 -1.98685 2.69997 6.08635e-39 1
0.426272 -2.09522 2.84724 4.33464e-39 1
-2.41322 -2.30014 3.19589 1.24468e-38 1
-1.78027 -1.73395 2.40921 1.29999e-38 1
-1.71496 -1.70768 2.3727 1.40137e-38 1
-1.28955 -1.48299 2.06051 1.70569e-38 12
-1.56937 -2.01262 2.7964 1.79785e-38 12
-1.30732 -2.56152 3.55906 2.07451e-38 12
-1.27888 -2.62109 3.64182 2.09302e-38 12
-1.15613 -2.74895 3.81947 1.61371e-38 12
-1.24642 -3.13075 4.34996 1.12511e-38 12
-1.05852 -2.81767 3.91496 1.52158e-38 12
-0.995267 -2.81767 3.91496 1.81657e-38 12
-0.724141 -2.74895 3.81947 1.0327e-38 12
-0.603545 -2.5046 3.47996 1.00515e-38 12
-0.480415 -2.45015 3.40431 9.2235e-39 12
-0.42541 -2.45015 3.40431 1.00522e-38 12
-0.370405 -2.45015 3.40431 1.11578e-38 12
-0.168726 -2.74895 3.81947 1.7148e-38 12
-0.107013 -2.74895 3.81947 1.25382e-38 12
-0.0452999 -2.74895 3.81947 1.84394e-38 12
0.0168232 -2.81767 3.91496 2.1762e-38 12
0.0781257 -2.74895 3.81947 1.90912e-38 12
0.143334 -2.81767 3.91496 1.91845e-38 1
0.187809 -2.56152 3.55906 1.79849e-38 1
0.229656 -2.39802 3.33188 1.38329e-38 1
0.251397 -2.12655 2.95469 8.11571e-39 1
0.283112 -2.01262 2.7964 5.80976e-39 1
0.311602 -1.91029 2.65421 6.36294e-39 1
0.348579 -1.87845 2.60997 5.16439e-39 1
0.426272 -2.04922 2.84724 4.79561e-39 1
-1.72713 -1.64443 2.33729 1.38293e-38 1
-1.24982 -2.50402 3.55906 1.77033e-38 12
-1.21784 -2.68724 3.81947 1.78888e-38 12
-1.2474 -2.89939 4.12101 1.32787e-38 12
-1.24642 -3.06046 4.34996 1.15273e-38 12
-1.05852 -2.75442 3.91496 1.43861e-38 12
-0.995267 -2.75442 3.91496 1.20808e-38 12
-0.706899 -2.62325 3.72853 1.43836e-38 12
-0.646656 -2.62325 3.72853 1.09734e-38 12
-0.480415 -2.39515 3.40431 1.10678e-38 12
-0.444747 -2.50402 3.55906 9.40682e-39 12
-0.302259 -2.29535 3.26247 1.20787e-38 12
-0.307133 -2.82504 4.01534 1.89001e-38 12
-0.255351 -2.97775 4.23239 2.19429e-38 12
-0.182046 -2.89939 4.12101 2.35099e-38 12
-0.115461 -2.89939 4.12101 1.18932e-38 12
-0.0501972 -2.97775 4.23239 1.33691e-38 12
0.0192265 -3.14791 4.47424 2.30506e-38 12
0.0889765 -3.06046 4.34996 1.73384e-38 12
0.154956 -2.97775 4.23239 1.90001e-38 12
0.217463 -2.89939 4.12101 1.74303e-38 1
0.251019 -2.56225 3.64182 8.85398e-39 1
0.28349 -2.34418 3.33188 5.99486e-39 1
0.27335 -1.8996 2.69997 6.73208e-39 1
0.311602 -1.8674 2.65421 7.28489e-39 1
0.342864 -1.80618 2.56719 6.17855e-39 1
0.411315 -1.93292 2.74734 5.71757e-39 1
-1.25048 -2.34014 3.40431 2.12061e-38 12
-1.24982 -2.44651 3.55906 1.60445e-38 12
-1.22004 -2.50341 3.64182 1.77048e-38 12
-1.24829 -2.69116 3.91496 1.38326e-38 12
-1.2474 -2.8328 4.12101 1.27259e-38 12
-1.40222 -3.36395 4.8937 1.14351e-38 12
-1.05852 -2.69116 3.91496 1.26344e-38 12
-0.761276 -2.76017 4.01534 1.11567e-38 12
-0.696399 -2.76017 4.01534 1.7703e-38 12
-0.53542 -2.34014 3.40431 1.13429e-38 12
-0.502252 -2.44651 3.55906 1.14358e-38 12
-0.465926 -2.56301 3.72853 8.76145e-39 12
-0.387242 -2.44651 3.55906 1.04203e-38 12
-0.323735 -2.90936 4.23239 1.48445e-38 12
-0.255351 -2.90936 4.23239 1.28162e-38 12
-0.177378 -2.76017 4.01534 1.005e-38 12
-0.112501 -2.76017 4.01534 9.77309e-39 12
-0.0501972 -2.90936 4.23239 1.21705e-38 12
0.0192265 -3.07561 4.47424 1.71509e-38 12
0.0915187 -3.07561 4.47424 1.71541e-38 12
0.154956 -2.90936 4.23239 1.60495e-38 12
0.217463 -2.8328 4.12101 1.45719e-38 1
0.276765 -2.76017 4.01534 7.83912e-39 1
0.29609 -2.39214 3.47996 1.31861e-38 1
0.330297 -2.24263 3.26247 1.26326e-38 1
0.36769 -2.15293 3.13197 5.62573e-39 1
0.373477 -1.92226 2.7964 6.08635e-39 1
0.41866 -1.92226 2.7964 5.99416e-39 1
0.376452 -1.56009 2.26954 5.80869e-39 1
0.413122 -1.56009 2.26954 3.31941e-39 1
-2.00495 -3.00332 4.47424 1.98224e-38 1
-1.22388 -2.23652 3.33188 1.89934e-38 12
-1.19548 -2.28514 3.40431 1.61375e-38 12
-1.19231 -2.38901 3.55906 1.52162e-38 12
-1.56036 -3.28488 4.8937 1.35567e-38 12
-1.39416 -3.09165 4.60584 1.22656e-38 12
-1.4957 -3.50387 5.21995 1.13426e-38 12
-1.11423 -2.76622 4.12101 1.374e-38 12
-1.04765 -2.76622 4.12101 1.3924e-38 12
-0.526169 -2.50277 3.72853 9.68411e-39 12
-0.489222 -2.62791 3.91496 9.96035e-39 12
-0.405682 -2.50277 3.72853 8.20755e-39 12
-0.3154 -2.28514 3.40431 9.03659e-39 12
-0.260396 -2.28514 3.40431 1.18943e-38 12
-0.214727 -2.38901 3.55906 1.06957e-38 12
-0.157222 -2.38901 3.55906 9.03623e-39 12
-0.112501 -2.69529 4.01534 1.09723e-38 12
-0.0501972 -2.84098 4.23239 8.48306e-39 12
0.0186924 -2.9199 4.34996 1.30028e-38 12
0.0889765 -2.9199 4.34996 1.68768e-38 12
0.150878 -2.76622 4.12101 1.47566e-38 12
0.217463 -2.76622 4.12101 1.48474e-38 1
0.276765 -2.69529 4.01534 1.06046e-38 1
0.324977 -2.56381 3.81947 9.68269e-39 1
0.396357 -2.62791 3.91496 8.94477e-39 1
0.41783 -2.38901 3.55906 7.28525e-39 1
0.373477 -1.87708 2.7964 5.99416e-39 1
0.41866 -1.87708 2.7964 5.53318e-39 1
0.371074 -1.50166 2.23712 4.42575e-39 1
0.40722 -1.50166 2.23712 4.42576e-39 1
-1.12229 -2.09359 3.19589 1.56761e-38 12
-1.16582 -2.27969 3.47996 1.42943e-38 12
-1.56036 -3.20581 4.8937 1.2911e-38 12
-1.48129 -3.20581 4.8937 1.17124e-38 12
-1.60254 -3.66379 5.5928 1.15273e-38 12
-1.17614 -2.84961 4.34996 1.05132e-38 12
-1.10585 -2.84961 4.34996 1.35549e-38 12
-0.405682 -2.44252 3.72853 9.77451e-39 12
-0.260396 -2.23013 3.40431 9.95854e-39 12
-0.205391 -2.23013 3.40431 1.05117e-38 12
-0.150386 -2.23013 3.40431 1.42917e-38 12
-0.109688 -2.56465 3.91496 1.43836e-38 12
-0.047623 -2.63041 4.01534 1.14337e-38 12
0.0172546 -2.63041 4.01534 6.27286e-39 12
0.0842935 -2.69963 4.12101 1.31886e-38 12
0.14701 -2.63041 4.01534 1.21741e-38 12
0.211887 -2.63041 4.01534 9.49936e-39 12
0.284048 -2.69963 4.12101 7.28632e-39 1
0.341642 -2.63041 4.01534 7.46999e-39 1
0.40652 -2.63041 4.01534 5.1651e-39 1
0.437726 -2.44252 3.72853 6.36366e-39 1
0.38731 -1.89974 2.89997 5.3495e-39 1
0.41866 -1.83189 2.7964 5.34879e-39 1
0.365848 -1.44487 2.20561 5.43954e-39 1
0.401485 -1.44487 2.20561 5.53138e-39 1
-0.820776 -1.49337 2.33729 1.54006e-38 12
-0.936818 -1.78671 2.7964 1.35567e-38 12
-0.907847 -1.8192 2.84724 1.27255e-38 12
-0.861843 -1.8192 2.84724 1.20805e-38 12
-1.24532 -2.94282 4.60584 1.18961e-38 12
-1.1709 -2.94282 4.60584 1.16184e-38 12
-0.272232 -2.274 3.55906 1.18021e-38 12
-0.214727 -2.274 3.55906 8.75964e-39 12
-0.157222 -2.274 3.55906 1.0511e-38 12
-0.104465 -2.38228 3.72853 1.15255e-38 12
-0.0464324 -2.50139 3.91496 1.18032e-38 12
0.0168232 -2.50139 3.91496 2.08412e-38 12
0.0842935 -2.63305 4.12101 1.66924e-38 12
0.14701 -2.56553 4.01534 7.37956e-39 12
0.211887 -2.56553 4.01534 7.01116e-39 12
0.284048 -2.63305 4.12101 6.91897e-39 12
0.341642 -2.56553 4.01534 1.30943e-38 1
0.40652 -2.56553 4.01534 1.37393e-38 1
0.459613 -2.50139 3.91496 5.07292e-39 1
0.444994 -2.12885 3.33188 5.074e-39 1
0.404223 -1.7251 2.69997 4.88781e-39 1
0.365848 -1.40924 2.20561 5.34735e-39 1
0.401485 -1.40924 2.20561 4.05697e-39 1
-0.796986 -1.41341 2.26954 1.56772e-38 12
-0.819716 -1.52384 2.44685 1.4662e-38 12
-0.860889 -1.68148 2.69997 1.30946e-38 12
-0.764538 -1.57299 2.52578 1.15273e-38 12
-1.32315 -3.04767 4.8937 1.10671e-38 12
-1.32702 -3.25085 5.21995 1.03284e-38 12
-0.337405 -2.26804 3.64182 1.40137e-38 12
-0.272232 -2.21649 3.55906 1.43836e-38 12
-0.214727 -2.21649 3.55906 2.17592e-38 12
-0.157222 -2.21649 3.55906 8.85112e-39 12
-0.0997164 -2.21649 3.55906 1.04192e-38 12
-0.043193 -2.26804 3.64182 1.88115e-38 12
0.0168232 -2.43814 3.91496 1.30056e-38 12
0.0842935 -2.56646 4.12101 1.91824e-38 12
0.14701 -2.50066 4.01534 1.24507e-38 12
0.211887 -2.50066 4.01534 1.41116e-38 12
0.284048 -2.56646 4.12101 1.43875e-38 12
0.341642 -2.50066 4.01534 1.33719e-38 12
0.40652 -2.50066 4.01534 1.06043e-38 1
0.483803 -2.56646 4.12101 5.34879e-39 1
0.410093 -1.91227 3.07056 4.70414e-39 1
0.384344 -1.59878 2.56719 5.80869e-39 1
0.376452 -1.41341 2.26954 5.07112e-39 1
0.413122 -1.41341 2.26954 4.61015e-39 1
0.449792 -1.41341 2.26954 5.16332e-39 1
-0.787976 -1.30131 2.14518 2.01015e-38 12
-0.763778 -1.31938 2.17498 1.6046e-38 12
-0.783012 -1.41784 2.33729 1.40166e-38 12
-1.38699 -2.63876 4.34996 1.26329e-38 12
-1.51217 -3.39269 5.5928 1.10678e-38 12
-0.444747 -2.15898 3.55906 1.52169e-38 12
-0.378637 -2.11101 3.47996 2.12067e-38 12
-0.322409 -2.11101 3.47996 1.53041e-38 12
-0.260396 -2.06512 3.40431 1.74249e-38 12
-0.205391 -2.06512 3.40431 1.50282e-38 12
-0.150386 -2.06512 3.40431 2.25886e-38 12
-0.0933515 -2.02118 3.33188 1.79788e-38 12
-0.040376 -2.06512 3.40431 1.42017e-38 12
0.0156495 -2.20919 3.64182 1.65098e-38 12
0.0800788 -2.37488 3.91496 1.74306e-38 12
0.143334 -2.37488 3.91496 1.42953e-38 12
0.211887 -2.43578 4.01534 1.65094e-38 12
0.284048 -2.49988 4.12101 1.40209e-38 12
0.341642 -2.43578 4.01534 1.02373e-38 12
0.40652 -2.43578 4.01534 5.90196e-39 1
0.483803 -2.49988 4.12101 5.62538e-39 1
0.410093 -1.86265 3.07056 4.70342e-39 1
0.384344 -1.5573 2.56719 5.71649e-39 1
0.376452 -1.37674 2.26954 4.51795e-39 1
0.413122 -1.37674 2.26954 4.70342e-39 1
0.425146 -1.30131 2.14518 4.61014e-39 1
0.459806 -1.30131 2.14518 4.70198e-39 1
-1.19838 -1.92636 3.26247 1.96405e-38 12
-0.753315 -1.26665 2.14518 1.63226e-38 12
-0.760316 -1.34007 2.26954 1.42932e-38 12
-0.378637 -2.05478 3.47996 1.6597e-38 12
-0.322409 -2.05478 3.47996 1.78855e-38 12
-0.260396 -2.01011 3.40431 1.70551e-38 12
-0.201021 -1.96734 3.33188 1.64093e-38 12
-0.147186 -1.96734 3.33188 1.17085e-38 12
-0.0953809 -2.01011 3.40431 1.16181e-38 12
-0.0422113 -2.10148 3.55906 2.24982e-38 12
0.0156495 -2.15035 3.64182 1.83519e-38 12
0.0800788 -2.31163 3.91496 1.88154e-38 12
0.143334 -2.31163 3.91496 1.12539e-38 12
0.20659 -2.31163 3.91496 1.56822e-38 12
0.276765 -2.3709 4.01534 1.36524e-38 12
0.341642 -2.3709 4.01534 6.18067e-39 12
0.417218 -2.43329 4.12101 5.07113e-39 1
0.540721 -2.71956 4.60584 5.99308e-39 1
0.394617 -1.74462 2.95469 5.62538e-39 1
0.384344 -1.51582 2.56719 4.51903e-39 1
0.387689 -1.38008 2.33729 3.78147e-39 1
0.419197 -1.35978 2.30292 4.05805e-39 1
-3.59057 -3.21196 5.5928 2.31415e-38 12
-0.777507 -1.03373 1.79998 1.97309e-38 12
-0.763778 -1.2491 2.17498 1.59538e-38 12
-0.771497 -1.32257 2.30292 1.41081e-38 12
-0.444747 -2.04397 3.55906 1.99196e-38 12
-0.378637 -1.99855 3.47996 1.59509e-38 12
-0.322409 -1.99855 3.47996 2.31414e-38 12
-0.266182 -1.99855 3.47996 1.63175e-38 12
-0.209955 -1.99855 3.47996 1.30907e-38 12
-0.153728 -1.99855 3.47996 1.63189e-38 12
-0.0953809 -1.95511 3.40431 1.95472e-38 12
-0.0422113 -2.04397 3.55906 1.1711e-38 12
0.0156495 -2.09151 3.64182 1.5124e-38 12
0.0800788 -2.24837 3.91496 1.57715e-38 12
0.143334 -2.24837 3.91496 1.19004e-38 12
0.211887 -2.30602 4.01534 1.60502e-38 12
0.284048 -2.36671 4.12101 1.24532e-38 12
0.341642 -2.30602 4.01534 6.45691e-39 12
0.396357 -2.24837 3.91496 6.45406e-39 1
0.399663 -1.95511 3.40431 4.88673e-39 1
0.342864 -1.47434 2.56719 6.17855e-39 1
0.412304 -1.42754 2.48569 3.50488e-39 1
0.452467 -1.42754 2.48569 4.79562e-39 1
-2.64569 -2.30012 4.12101 1.50282e-38 12
-2.51297 -2.24115 4.01534 1.86239e-38 12
-2.32867 -2.13182 3.81947 1.807e-38 12
-2.21299 -2.08106 3.72853 1.81622e-38 12
-2.15274 -2.08106 3.72853 1.94536e-38 12
-1.74553 -1.9001 3.40431 1.77945e-38 12
-1.69052 -1.9001 3.40431 2.31418e-38 12
-1.29713 -1.50698 2.69997 1.50286e-38 12
-1.39815 -1.68086 3.01151 1.44765e-38 12
-0.825569 -1.02829 1.84233 1.82569e-38 12
-0.795802 -1.02829 1.84233 1.61353e-38 12
-0.723579 -1.15006 2.06051 1.67825e-38 12
-0.771497 -1.28536 2.30292 1.54917e-38 12
-0.434864 -1.94233 3.47996 1.07911e-38 12
-0.322409 -1.94233 3.47996 1.44758e-38 12
-0.272232 -1.98647 3.55906 1.38307e-38 12
-0.209955 -1.94233 3.47996 2.33261e-38 12
-0.153728 -1.94233 3.47996 1.82572e-38 12
-0.0975005 -1.94233 3.47996 1.53998e-38 12
-0.0422113 -1.98647 3.55906 9.40501e-39 12
0.0156495 -2.03267 3.64182 1.53069e-38 12
0.0800788 -2.18512 3.91496 1.85373e-38 12
0.143334 -2.18512 3.91496 1.65098e-38 12
0.20659 -2.18512 3.91496 1.4852e-38 12
0.284048 -2.30012 4.12101 1.3651e-38 12
0.350633 -2.30012 4.12101 7.74729e-39 1
0.38669 -2.13182 3.81947 4.88673e-39 1
0.36769 -1.74809 3.13197 4.79418e-39 1
0.342864 -1.43286 2.56719 4.97893e-39 1
0.412304 -1.38738 2.48569 3.22721e-39 1
0.452467 -1.38738 2.48569 2.95062e-39 1
-2.64569 -2.23354 4.12101 1.61346e-38 12
-2.21299 -2.02082 3.72853 1.48435e-38 12
-2.15274 -2.02082 3.72853 1.98228e-38 12
-2.04384 -1.97382 3.64182 1.88086e-38 12
-1.98499 -1.97382 3.64182 1.95458e-38 12
-1.74553 -1.8451 3.40431 2.13901e-38 12
-1.62008 -1.76822 3.26247 1.4291e-38 12
-1.34346 -1.51561 2.7964 1.39233e-38 12
-1.39815 -1.6322 3.01151 1.29092e-38 12
-1.34949 -1.6322 3.01151 1.39233e-38 12
-0.795802 -0.998523 1.84233 1.36471e-38 12
-0.73992 -0.964482 1.77953 1.89005e-38 12
-0.705026 -1.08813 2.00767 1.66896e-38 12
-0.329737 -1.92896 3.55906 1.51222e-38 12
-0.278563 -1.97382 3.64182 2.30507e-38 12
-0.21972 -1.97382 3.64182 2.18539e-38 12
-0.160878 -1.97382 3.64182 1.72448e-38 12
-0.102035 -1.97382 3.64182 1.68753e-38 12
-0.043193 -1.97382 3.64182 1.47527e-38 12
0.0160221 -2.02082 3.72853 2.10231e-38 12
0.0800788 -2.12186 3.91496 1.84441e-38 12
0.143334 -2.12186 3.91496 1.3006e-38 12
0.20659 -2.12186 3.91496 1.4574e-38 12
0.299829 -2.35762 4.34996 7.93311e-39 12
0.36011 -2.2939 4.23239 5.71792e-39 1
0.396357 -2.12186 3.91496 5.99272e-39 1
0.459613 -2.12186 3.91496 5.43954e-39 1
0.46975 -0.912628 1.68385 4.24065e-39 1
0.481427 -0.884109 1.63123 3.87258e-39 1
-2.57785 -2.11139 4.01534 2.13894e-38 12
-2.51297 -2.11139 4.01534 1.93618e-38 12
-2.32867 -2.0084 3.81947 1.85317e-38 12
-2.04384 -1.91498 3.64182 1.67803e-38 12
-2.03226 -1.96058 3.72853 1.62268e-38 12
-1.88238 -1.87146 3.55906 1.84398e-38 12
-1.91177 -1.96058 3.72853 1.41988e-38 12
-1.69052 -1.79009 3.40431 1.36467e-38 12
-1.51466 -1.7155 3.26247 1.29099e-38 12
-1.46195 -1.7155 3.26247 1.33709e-38 12
-0.786548 -0.957491 1.82091 1.36478e-38 12
-0.748424 -0.946485 1.79998 1.64115e-38 12
-0.329737 -1.87146 3.55906 1.44783e-38 12
-0.278563 -1.91498 3.64182 1.50325e-38 12
-0.21972 -1.91498 3.64182 1.6693e-38 12
-0.160878 -1.91498 3.64182 1.94586e-38 12
-0.102035 -1.91498 3.64182 1.83526e-38 12
-0.043193 -1.91498 3.64182 1.37414e-38 12
0.0156495 -1.91498 3.64182 1.12507e-38 12
0.0762655 -1.96058 3.72853 1.69683e-38 12
0.139838 -2.0084 3.81947 1.17138e-38 12
0.201551 -2.0084 3.81947 7.10335e-39 12
0.284048 -2.16695 4.12101 5.16619e-39 1
0.341642 -2.11139 4.01534 5.2566e-39 1
0.38669 -2.0084 3.81947 4.51759e-39 1
0.448403 -2.0084 3.81947 5.71541e-39 1
0.442543 -0.885422 1.68385 3.50272e-39 1
0.46975 -0.885422 1.68385 3.0421e-39 1
0.49167 -0.876002 1.66594 2.85843e-39 1
0.625976 -0.914936 1.73998 3.96441e-39 1
0.65409 -0.914936 1.73998 4.33284e-39 1
-2.44809 -2.04651 4.01534 2.28649e-38 12
-2.21299 -1.90033 3.72853 1.98224e-38 12
-2.15274 -1.90033 3.72853 1.6042e-38 12
-2.04384 -1.85614 3.64182 1.53052e-38 12
-1.98499 -1.85614 3.64182 1.65034e-38 12
-2.17959 -2.10037 4.12101 1.53052e-38 12
-2.11301 -2.10037 4.12101 1.37379e-38 12
-1.65235 -1.81395 3.55906 1.72434e-38 12
-1.59485 -1.81395 3.55906 1.80739e-38 12
-0.768672 -0.906977 1.77953 1.47542e-38 12
-0.757127 -0.92807 1.82091 1.94543e-38 12
-0.353864 -1.94668 3.81947 1.56775e-38 12
-0.292151 -1.94668 3.81947 1.47566e-38 12
-0.224952 -1.90033 3.72853 1.42963e-38 12
-0.164708 -1.90033 3.72853 1.72448e-38 12
-0.102035 -1.85614 3.64182 1.75232e-38 12
-0.043193 -1.85614 3.64182 1.14383e-38 12
0.0156495 -1.85614 3.64182 7.93239e-39 12
0.0762655 -1.90033 3.72853 7.748e-39 12
0.136509 -1.90033 3.72853 5.99701e-39 12
0.196752 -1.90033 3.72853 5.44313e-39 12
0.256996 -1.90033 3.72853 5.25839e-39 1
0.317239 -1.90033 3.72853 5.1644e-39 1
0.377483 -1.90033 3.72853 5.07076e-39 1
0.437726 -1.90033 3.72853 6.26931e-39 1
0.510115 -1.94668 3.81947 5.1626e-39 1
0.545231 -1.85614 3.64182 4.51723e-39 1
0.442543 -0.858215 1.68385 3.68747e-39 1
0.46975 -0.858215 1.68385 3.31905e-39 1
0.49167 -0.849085 1.66594 3.96441e-39 1
0.557363 -0.867543 1.70216 3.68854e-39 1
0.591293 -0.877077 1.72086 4.5183e-39 1
0.625976 -0.886822 1.73998 3.22685e-39 1
2.90837 -1.28732 2.52578 4.06125e-39 12
3.32453 -1.45116 2.84724 8.7625e-39 12
3.70759 -1.59628 3.13197 4.52186e-39 12
-2.0925 -1.84009 3.72853 1.69643e-38 12
-0.448385 -2.03378 4.12101 9.68161e-39 12
-0.353864 -1.88497 3.81947 1.04202e-38 12
-0.299455 -1.93209 3.91496 1.27276e-38 12
-0.236199 -1.93209 3.91496 1.5403e-38 12
-0.168726 -1.88497 3.81947 1.99174e-38 12
-0.104465 -1.84009 3.72853 1.90905e-38 12
-0.0442214 -1.84009 3.72853 1.83548e-38 12
0.0160221 -1.84009 3.72853 1.48481e-38 12
0.0762655 -1.84009 3.72853 1.20808e-38 12
0.136509 -1.84009 3.72853 1.35556e-38 12
0.196752 -1.84009 3.72853 6.45656e-39 12
0.256996 -1.84009 3.72853 4.79668e-39 1
0.317239 -1.84009 3.72853 5.99308e-39 1
0.377483 -1.84009 3.72853 6.17711e-39 1
0.448403 -1.88497 3.81947 5.07076e-39 1
0.550388 -2.03378 4.12101 4.42504e-39 1
0.509673 -1.68008 3.40431 4.79418e-39 1
0.46975 -0.831008 1.68385 3.31905e-39 1
0.481427 -0.805039 1.63123 3.31905e-39 1
0.591293 -0.849272 1.72086 3.13501e-39 1
0.619098 -0.849272 1.72086 3.68783e-39 1
3.80936 -1.61008 3.26247 1.02376e-38 12
3.94424 -1.64434 3.33188 5.35054e-39 12
-1.44234 -0.839927 1.75953 1.19886e-38 12
-4.0424 -2.66977 5.5928 1.23603e-38 12
-3.7713 -2.66977 5.5928 1.53134e-38 12
-3.03136 -2.19863 4.60584 1.63272e-38 12
-2.87246 -2.13582 4.47424 2.13022e-38 12
-2.0925 -1.77985 3.72853 2.03756e-38 12
-0.560184 -1.41044 2.95469 1.31836e-38 12
-0.444747 -1.69894 3.55906 1.93621e-38 12
-0.448385 -1.9672 4.12101 1.08798e-38 12
-0.381801 -1.9672 4.12101 1.18028e-38 12
-0.323735 -2.02037 4.23239 1.05139e-38 12
-0.242256 -1.91676 4.01534 1.71533e-38 12
-0.172944 -1.86884 3.91496 1.64126e-38 12
-0.104465 -1.77985 3.72853 1.32808e-38 12
-0.0442214 -1.77985 3.72853 1.64186e-38 12
0.0160221 -1.77985 3.72853 1.55867e-38 12
0.0762655 -1.77985 3.72853 9.68411e-39 12
0.133334 -1.73845 3.64182 1.23564e-38 12
0.192177 -1.73845 3.64182 1.29099e-38 12
0.251019 -1.73845 3.64182 9.95999e-39 1
0.309862 -1.73845 3.64182 5.07112e-39 1
0.368704 -1.73845 3.64182 4.70198e-39 1
0.437726 -1.77985 3.72853 4.42575e-39 1
0.565263 -2.02037 4.23239 5.43991e-39 1
0.633647 -2.02037 4.23239 5.07112e-39 1
0.721533 -2.07649 4.34996 5.25587e-39 1
4.52145 -1.82326 3.81947 3.59848e-39 12
-1.53999 -0.849686 1.84233 1.05124e-38 12
-1.45873 -0.820719 1.77953 1.05124e-38 12
-3.5371 -2.25698 4.8937 1.35578e-38 12
-4.09841 -2.67494 5.79994 1.53116e-38 12
-3.72851 -2.49046 5.39995 1.72492e-38 12
-3.10578 -2.12422 4.60584 1.71577e-38 12
-2.94475 -2.06352 4.47424 1.54967e-38 12
-2.87246 -2.06352 4.47424 1.76158e-38 12
-3.06268 -2.25698 4.8937 2.05642e-38 12
-0.695004 -1.44447 3.13197 1.59502e-38 12
-0.6444 -1.44447 3.13197 1.24464e-38 12
-0.593795 -1.44447 3.13197 1.55803e-38 12
-0.489222 -1.80558 3.91496 1.91792e-38 12
-0.425966 -1.80558 3.91496 2.14833e-38 12
-0.362711 -1.80558 3.91496 2.28652e-38 12
-0.332728 -2.0062 4.34996 2.20365e-38 12
-0.236199 -1.80558 3.91496 1.60452e-38 12
-0.172944 -1.80558 3.91496 1.28173e-38 12
-0.104465 -1.7196 3.72853 1.74278e-38 12
-0.0442214 -1.7196 3.72853 1.7892e-38 12
0.0160221 -1.7196 3.72853 2.06586e-38 12
0.0762655 -1.7196 3.72853 5.62715e-39 12
0.136509 -1.7196 3.72853 6.54696e-39 12
0.192177 -1.67961 3.64182 1.22645e-38 12
0.256996 -1.7196 3.72853 5.62573e-39 1
0.309862 -1.67961 3.64182 3.96478e-39 1
0.377483 -1.7196 3.72853 4.70234e-39 1
0.471398 -1.85188 4.01534 4.51903e-39 1
0.77462 -2.67494 5.79994 3.87186e-39 1
0.689557 -2.12422 4.60584 5.07112e-39 1
0.649379 -1.80558 3.91496 3.32048e-39 1
0.6787 -1.7196 3.72853 4.88781e-39 1
4.52145 -1.76154 3.81947 4.42681e-39 12
4.47404 -1.7196 3.72853 4.79487e-39 12
-1.63623 -0.871164 1.95748 1.13422e-38 12
-1.60461 -0.871164 1.95748 9.31391e-39 12
-2.63226 -1.62077 3.64182 1.32812e-38 12
-2.91203 -1.83403 4.12101 1.46652e-38 12
-3.1802 -2.0498 4.60584 1.49432e-38 12
-2.7076 -1.787 4.01534 1.91849e-38 12
-2.64273 -1.787 4.01534 1.71555e-38 12
-2.57785 -1.787 4.01534 1.58637e-38 12
-2.72238 -1.93592 4.34996 2.18561e-38 12
-2.44809 -1.787 4.01534 1.70601e-38 12
-0.695004 -1.39386 3.13197 1.31843e-38 12
-0.6444 -1.39386 3.13197 1.19854e-38 12
-0.593795 -1.39386 3.13197 1.37371e-38 12
-0.444747 -1.58393 3.55906 2.02859e-38 12
-0.425966 -1.74233 3.91496 1.11585e-38 12
-0.362711 -1.74233 3.91496 1.85324e-38 12
-0.307133 -1.787 4.01534 1.28166e-38 12
-0.230438 -1.69983 3.81947 1.40166e-38 12
-0.168726 -1.69983 3.81947 1.75196e-38 12
-0.104465 -1.65936 3.72853 1.503e-38 12
-0.0442214 -1.65936 3.72853 1.56779e-38 12
0.0164129 -1.69983 3.81947 1.43882e-38 12
0.0762655 -1.65936 3.72853 1.07901e-38 12
0.136509 -1.65936 3.72853 7.00758e-39 12
0.192177 -1.62077 3.64182 4.61085e-39 12
0.256996 -1.65936 3.72853 5.25659e-39 1
0.309862 -1.62077 3.64182 5.5321e-39 1
0.360325 -1.58393 3.55906 4.51795e-39 1
0.448403 -1.69983 3.81947 5.62502e-39 1
0.653585 -2.17791 4.8937 4.88602e-39 1
0.651249 -1.93592 4.34996 4.97893e-39 1
0.618457 -1.65936 3.72853 3.50488e-39 1
4.69774 -1.74233 3.91496 4.61084e-39 12
-3.51129 -1.76744 4.12101 1.40148e-38 12
-2.25688 -1.15798 2.69997 1.42914e-38 12
-2.21325 -1.15798 2.69997 9.68161e-39 12
-2.56813 -1.37067 3.19589 1.34616e-38 12
-2.63226 -1.56193 3.64182 1.18057e-38 12
-2.83736 -1.72212 4.01534 1.20826e-38 12
-2.70317 -1.67907 3.91496 1.42038e-38 12
-2.45573 -1.56193 3.64182 1.49421e-38 12
-2.57666 -1.67907 3.91496 1.34659e-38 12
-2.4521 -1.63812 3.81947 1.57708e-38 12
-2.39039 -1.63812 3.81947 1.56786e-38 12
-2.22036 -1.56193 3.64182 1.53084e-38 12
-1.85891 -1.34326 3.13197 1.5769e-38 12
-0.657551 -1.37067 3.19589 1.17088e-38 12
-0.593795 -1.34326 3.13197 2.35099e-38 12
-0.512444 -1.26722 2.95469 1.95451e-38 12
-0.524028 -1.429 3.33188 1.59495e-38 12
-0.465926 -1.59912 3.72853 1.06983e-38 12
-0.396248 -1.56193 3.64182 1.38329e-38 12
-0.353864 -1.63812 3.81947 1.23553e-38 12
-0.315216 -1.76744 4.12101 1.54899e-38 12
-0.224952 -1.59912 3.72853 2.20372e-38 12
-0.164708 -1.59912 3.72853 1.13418e-38 12
-0.102035 -1.56193 3.64182 1.125e-38 12
-0.0442214 -1.59912 3.72853 8.02316e-39 12
0.0164129 -1.63812 3.81947 9.77666e-39 12
0.0762655 -1.59912 3.72853 9.03909e-39 12
0.136509 -1.59912 3.72853 6.27109e-39 12
0.192177 -1.56193 3.64182 4.97893e-39 12
0.251019 -1.56193 3.64182 4.79561e-39 1
0.302819 -1.52643 3.55906 5.34771e-39 1
0.360325 -1.52643 3.55906 4.61015e-39 1
0.471398 -1.72212 4.01534 4.51903e-39 1
0.580965 -1.86564 4.34996 5.25515e-39 1
0.616972 -1.76744 4.12101 3.41268e-39 1
0.590345 -1.52643 3.55906 3.87366e-39 1
6.39239 -2.31596 5.39995 9.49757e-39 12
6.0616 -2.16654 5.05156 4.33425e-39 12
-3.42126 -1.65725 4.01534 1.18018e-38 12
-2.46979 -1.21948 2.95469 1.35538e-38 12
-2.42205 -1.21948 2.95469 1.06954e-38 12
-2.79641 -1.43628 3.47996 1.44754e-38 12
-2.97861 -1.70086 4.12101 1.40173e-38 12
-2.91203 -1.70086 4.12101 1.30039e-38 12
-2.45573 -1.50308 3.64182 1.24514e-38 12
-2.51381 -1.57641 3.81947 1.18975e-38 12
-2.39372 -1.53887 3.72853 1.25429e-38 12
-2.1699 -1.46892 3.55906 1.40184e-38 12
-1.85891 -1.29265 3.13197 1.43868e-38 12
-0.700435 -1.40506 3.40431 1.50279e-38 12
-0.582152 -1.26731 3.07056 1.48442e-38 12
-0.522299 -1.24294 3.01151 1.678e-38 12
-0.473641 -1.24294 3.01151 1.44751e-38 12
-0.433316 -1.26731 3.07056 1.14333e-38 12
-0.444747 -1.46892 3.55906 9.96142e-39 12
-0.347728 -1.31903 3.19589 9.77773e-39 12
-0.345439 -1.53887 3.72853 9.77559e-39 12
-0.315216 -1.70086 4.12101 1.0972e-38 12
-0.230438 -1.57641 3.81947 2.24971e-38 12
-0.168726 -1.57641 3.81947 1.19879e-38 12
-0.104465 -1.53887 3.72853 7.00866e-39 12
-0.0442214 -1.53887 3.72853 7.46856e-39 12
0.0160221 -1.53887 3.72853 1.67825e-38 12
0.0762655 -1.53887 3.72853 1.54935e-38 12
0.133334 -1.50308 3.64182 5.53495e-39 12
0.192177 -1.50308 3.64182 5.34771e-39 1
0.245314 -1.46892 3.55906 4.88673e-39 1
0.309862 -1.50308 3.64182 4.42576e-39 1
0.396357 -1.61582 3.91496 5.5321e-39 1
0.633948 -2.22871 5.39995 4.24244e-39 1
0.63378 -1.95856 4.74541 3.78038e-39 1
0.651249 -1.79535 4.34996 4.24244e-39 1
0.66603 -1.65725 4.01534 3.41268e-39 1
0.6787 -1.53887 3.72853 4.42539e-39 1
0.816727 -1.70086 4.12101 4.42611e-39 1
0.883312 -1.70086 4.12101 4.241e-39 1
0.902402 -1.61582 3.91496 4.42467e-39 1
6.62069 -2.30831 5.5928 9.9589e-39 12
6.71106 -2.30831 5.5928 3.78107e-39 12
7.05333 -2.3938 5.79994 3.50448e-39 12
-3.33572 -1.55256 3.91496 1.07876e-38 12
-2.72706 -1.2938 3.26247 1.36457e-38 12
-3.23392 -1.77435 4.47424 1.22649e-38 12
-3.16163 -1.77435 4.47424 1.16209e-38 12
-2.92234 -1.67844 4.23239 1.30035e-38 12
-2.5142 -1.47863 3.72853 1.16206e-38 12
-2.57666 -1.55256 3.91496 1.41099e-38 12
-0.659773 -1.38005 3.47996 1.28155e-38 12
-0.565824 -1.2938 3.26247 1.2446e-38 12
-0.524028 -1.32133 3.33188 1.14319e-38 12
-0.433316 -1.21769 3.07056 9.77381e-39 12
-0.407685 -1.2938 3.26247 1.15273e-38 12
-0.334091 -1.21769 3.07056 1.245e-38 12
-0.284479 -1.21769 3.07056 1.2451e-38 12
-0.272232 -1.41142 3.55906 9.22277e-39 12
-0.209955 -1.38005 3.47996 9.2217e-39 12
-0.160878 -1.44424 3.64182 9.68233e-39 12
-0.0997164 -1.41142 3.55906 7.1005e-39 12
-0.043193 -1.44424 3.64182 5.99416e-39 12
0.0156495 -1.44424 3.64182 1.0605e-38 12
0.0727989 -1.41142 3.55906 1.66002e-38 12
0.130304 -1.41142 3.55906 6.73313e-39 12
0.187809 -1.41142 3.55906 4.88602e-39 1
0.245314 -1.41142 3.55906 5.43991e-39 1
0.444135 -2.07008 5.21995 5.71649e-39 1
0.528476 -2.07008 5.21995 5.34771e-39 1
0.612817 -2.07008 5.21995 4.51903e-39 1
0.63378 -1.88189 4.74541 5.34771e-39 1
0.710453 -1.88189 4.74541 3.68854e-39 1
0.683557 -1.63427 4.12101 5.16367e-39 1
0.6787 -1.47863 3.72853 4.51759e-39 1
0.816727 -1.63427 4.12101 4.97857e-39 1
0.932385 -1.72507 4.34996 3.96441e-39 1
0.949897 -1.63427 4.12101 3.50343e-39 1
6.77219 -2.30009 5.79994 5.53279e-39 12
6.8659 -2.30009 5.79994 9.86671e-39 12
6.95961 -2.30009 5.79994 4.51936e-39 12
7.05333 -2.30009 5.79994 3.13642e-39 12
-3.33572 -1.4893 3.91496 8.66711e-39 12
-2.51728 -1.14562 3.01151 1.005e-38 12
-3.6512 -1.92168 5.05156 1.40173e-38 12
-3.56958 -1.92168 5.05156 1.08823e-38 12
-0.824716 -1.65478 4.34996 1.39222e-38 12
-0.754432 -1.65478 4.34996 2.14823e-38 12
-0.586412 -1.41839 3.72853 2.24961e-38 12
-0.491091 -1.32383 3.47996 2.3418e-38 12
-0.407685 -1.24109 3.26247 7.83878e-39 12
-0.309794 -1.08313 2.84724 1.15277e-38 12
-0.26379 -1.08313 2.84724 1.42953e-38 12
-0.221818 -1.10319 2.89997 1.41116e-38 12
-0.185254 -1.16808 3.07056 7.46999e-39 12
-0.147186 -1.26749 3.33188 7.46964e-39 12
-0.0933515 -1.26749 3.33188 6.08635e-39 12
-0.0412733 -1.32383 3.47996 7.56148e-39 12
0.0152938 -1.35391 3.55906 7.00866e-39 12
0.0727989 -1.35391 3.55906 1.67828e-38 12
0.133334 -1.3854 3.64182 9.31318e-39 1
0.187809 -1.35391 3.55906 5.90017e-39 1
0.251019 -1.3854 3.64182 4.61014e-39 1
0.528476 -1.98574 5.21995 5.07041e-39 1
0.612817 -1.98574 5.21995 3.96585e-39 1
0.781498 -1.98574 5.21995 5.16367e-39 1
0.702032 -1.61006 4.23239 3.96513e-39 1
6.77219 -2.20638 5.79994 3.2279e-39 12
6.8659 -2.20638 5.79994 9.77451e-39 12
6.95961 -2.20638 5.79994 5.7179e-39 12
-2.46979 -1.07626 2.95469 7.83734e-39 12
-0.989659 -1.9014 5.21995 1.59513e-38 12
-0.905318 -1.9014 5.21995 1.32769e-38 12
-0.769666 -1.78256 4.8937 1.38297e-38 12
-0.613864 -1.5845 4.34996 1.3001e-38 12
-0.528888 -1.54167 4.23239 1.75186e-38 12
-0.425966 -1.42605 3.91496 2.28667e-38 12
-0.254534 -1.00074 2.74734 1.25425e-38 12
-0.213896 -1.01861 2.7964 1.53105e-38 12
-0.171781 -1.03713 2.84724 8.20648e-39 12
-0.147186 -1.21366 3.33188 7.09978e-39 12
-0.0933515 -1.21366 3.33188 7.09943e-39 12
-0.0412733 -1.2676 3.47996 7.28382e-39 12
0.0152938 -1.29641 3.55906 6.63845e-39 12
0.0727989 -1.29641 3.55906 7.00794e-39 12
0.130304 -1.29641 3.55906 5.07148e-39 1
0.187809 -1.29641 3.55906 4.60978e-39 1
0.251019 -1.32656 3.64182 4.97893e-39 1
0.756289 -1.84006 5.05156 4.33391e-39 1
0.683557 -1.5011 4.12101 4.33391e-39 1
-1.58004 -1.81706 5.21995 1.62268e-38 12
-1.40222 -1.70349 4.8937 1.72413e-38 12
-1.32315 -1.70349 4.8937 1.89008e-38 12
-1.06035 -1.94685 5.5928 1.71498e-38 12
-0.905318 -1.81706 5.21995 1.51211e-38 12
-0.684148 -1.51421 4.34996 1.07876e-38 12
-0.613864 -1.51421 4.34996 1.17103e-38 12
-0.54358 -1.51421 4.34996 9.22136e-39 12
-0.473296 -1.51421 4.34996 9.12881e-39 12
-0.372011 -1.39774 4.01534 9.95962e-39 12
-0.266182 -1.21137 3.47996 1.51243e-38 12
-0.181692 -1.0483 3.01151 2.32344e-38 12
-0.157222 -1.2389 3.55906 2.34181e-38 12
-0.0933515 -1.15982 3.33188 5.99308e-39 12
-0.0412733 -1.21137 3.47996 8.39017e-39 12
0.014954 -1.21137 3.47996 7.00687e-39 12
0.0711812 -1.21137 3.47996 5.90052e-39 12
0.130304 -1.2389 3.55906 5.90052e-39 1
0.187809 -1.2389 3.55906 4.88637e-39 1
0.245314 -1.2389 3.55906 5.07112e-39 1
0.566224 -1.94685 5.5928 5.71542e-39 1
0.746955 -1.94685 5.5928 4.51795e-39 1
0.649379 -1.36279 3.91496 3.68854e-39 1
-1.56036 -1.62442 4.8937 1.29996e-38 12
-1.4957 -1.73272 5.21995 1.59505e-38 12
-1.51217 -1.85648 5.5928 1.76101e-38 12
-1.15071 -1.85648 5.5928 1.48446e-38 12
-1.06035 -1.85648 5.5928 1.68729e-38 12
-0.848736 -1.62442 4.8937 1.12482e-38 12
-0.665657 -1.40491 4.23239 9.58906e-39 12
-0.597273 -1.40491 4.23239 8.85222e-39 12
-0.575555 -1.52887 4.60584 9.31391e-39 12
-0.532458 -1.62442 4.8937 7.65368e-39 12
-0.381801 -1.36793 4.12101 8.29832e-39 12
-0.315216 -1.36793 4.12101 7.93097e-39 12
-0.242256 -1.33286 4.01534 1.01426e-38 12
-0.172944 -1.29954 3.91496 9.58906e-39 12
-0.102035 -1.20887 3.64182 9.95713e-39 12
-0.043193 -1.20887 3.64182 2.32333e-38 12
0.0711812 -1.15514 3.47996 2.95026e-39 12
0.127408 -1.15514 3.47996 7.28346e-39 1
0.183636 -1.15514 3.47996 5.53174e-39 1
0.229656 -1.10599 3.33188 5.5321e-39 1
0.416377 -1.62442 4.8937 5.5321e-39 1
0.566224 -1.85648 5.5928 4.60978e-39 1
-1.4957 -1.64838 5.21995 1.71491e-38 12
-1.51217 -1.76612 5.5928 1.90848e-38 12
-1.24108 -1.76612 5.5928 2.20355e-38 12
-1.15071 -1.76612 5.5928 1.49368e-38 12
-1.06035 -1.76612 5.5928 1.49371e-38 12
-0.876114 -1.5952 5.05156 1.1156e-38 12
-0.684148 -1.37365 4.34996 1.1433e-38 12
-0.613864 -1.37365 4.34996 9.03733e-39 12
-0.631254 -1.5952 5.05156 7.83986e-39 12
-0.549634 -1.5952 5.05156 8.20685e-39 12
-0.39212 -1.33652 4.23239 7.46856e-39 12
-0.315216 -1.30135 4.12101 7.93062e-39 12
-0.242256 -1.26798 4.01534 8.11393e-39 12
-0.172944 -1.23628 3.91496 7.28417e-39 12
-0.104465 -1.17741 3.72853 7.65224e-39 12
-0.0422113 -1.12389 3.55906 1.06025e-38 12
0.0152938 -1.12389 3.55906 1.45669e-38 12
0.0727989 -1.12389 3.55906 8.75859e-39 1
0.127408 -1.09892 3.47996 2.26801e-38 1
0.183636 -1.09892 3.47996 4.79418e-39 1
0.269846 -1.23628 3.91496 6.17747e-39 1
0.370113 -1.37365 4.34996 4.14917e-39 1
0.440397 -1.37365 4.34996 5.34771e-39 1
-1.48129 -1.46628 4.8937 1.61346e-38 12
-1.40222 -1.46628 4.8937 1.44754e-38 12
-1.28705 -1.73782 5.79994 1.59506e-38 12
-1.11103 -1.61797 5.39995 1.36464e-38 12
-1.06035 -1.67575 5.5928 1.37386e-38 12
-0.876114 -1.51358 5.05156 1.17099e-38 12
-0.684148 -1.30336 4.34996 2.29574e-38 12
-0.613864 -1.30336 4.34996 1.52151e-38 12
-0.611527 -1.46628 4.8937 1.72445e-38 12
-0.532458 -1.46628 4.8937 1.41999e-38 12
-0.372011 -1.2031 4.01534 1.26312e-38 12
-0.315216 -1.23476 4.12101 1.38301e-38 12
-0.242256 -1.2031 4.01534 8.11393e-39 12
-0.172944 -1.17303 3.91496 7.19198e-39 12
-0.107013 -1.14442 3.81947 8.02102e-39 12
-0.043193 -1.09119 3.64182 1.2723e-38 12
0.0152938 -1.06639 3.55906 1.26308e-38 12
0.0727989 -1.06639 3.55906 6.3615e-39 1
0.130304 -1.06639 3.55906 7.09906e-39 1
-1.78327 -1.58539 5.5928 2.12972e-38 12
-1.48129 -1.38721 4.8937 1.71487e-38 12
-1.40222 -1.38721 4.8937 1.54892e-38 12
-1.28705 -1.64411 5.79994 1.77023e-38 12
-1.11103 -1.53072 5.39995 1.36464e-38 12
-1.02379 -1.53072 5.39995 1.40162e-38 12
-0.876114 -1.43196 5.05156 1.19865e-38 12
-0.724392 -1.30561 4.60584 1.42925e-38 12
-0.649973 -1.30561 4.60584 1.21748e-38 12
-0.631254 -1.43196 5.05156 1.39269e-38 12
-0.549634 -1.43196 5.05156 1.56761e-38 12
-0.427793 -1.58539 5.5928 1.37371e-38 12
-0.248631 -1.16818 4.12101 1.33691e-38 12
-0.177378 -1.13823 4.01534 1.06032e-38 12
-0.107013 -1.0827 3.81947 8.66639e-39 12
-0.043193 -1.03235 3.64182 1.38293e-38 12
0.0152938 -1.00888 3.55906 1.1433e-38 12
-0.338285 -0.226274 0.846478 1.34681e-38 12
-0.324608 -0.226274 0.846478 1.55868e-38 12
-1.48129 -1.30814 4.8937 1.4936e-38 12
-1.40222 -1.30814 4.8937 1.36453e-38 12
-1.46003 -1.44347 5.39995 1.51204e-38 12
-1.42181 -1.49502 5.5928 1.81625e-38 12
-0.789253 -1.49502 5.5928 1.40191e-38 12
-0.698888 -1.49502 5.5928 1.26372e-38 12
-0.425966 -1.04652 3.91496 1.24507e-38 12
-1.40222 -1.22907 4.8937 1.57662e-38 12
-1.51217 -1.40466 5.5928 1.54892e-38 12
-1.42181 -1.40466 5.5928 1.5397e-38 12
-0.698888 -1.40466 5.5928 1.19004e-38 12
-0.448385 -1.03501 4.12101 1.31893e-38 12
-1.51217 -1.31429 5.5928 1.45676e-38 12
-0.473296 -1.02223 4.34996 1.23596e-38 12
-0.715527 -0.209765 1.72086 1.06954e-38 6
-0.969984 -0.681735 5.5928 1.005e-38 6
-0.712033 -0.174299 1.6484 1.02344e-38 6
-0.707749 -0.179982 1.70216 1.06954e-38 6
-0.680247 -0.179982 1.70216 1.0972e-38 6
-0.969984 -0.59137 5.5928 1.08798e-38 6
-0.658765 -0.147665 1.6484 1.02344e-38 6
-0.687974 -0.0631124 1.53528 1.0511e-38 6
-0.955884 -0.016393 1.86427 9.49615e-39 6
-0.883682 -0.0156478 1.77953 9.40467e-39 6
-0.817759 -0.0149675 1.70216 8.8515e-39 6
-0.757329 -0.0143439 1.63123 9.12881e-39 6
-0.655826 -0.0128693 1.46354 1.02344e-38 6
-0.632179 -0.0128693 1.46354 9.68125e-39 6
-0.644682 -0.0136338 1.55048 9.31247e-39 6
-0.638599 -0.0140511 1.59794 9.68125e-39 6
-0.600525 -0.0137701 1.56598 9.86565e-39 6
-0.575222 -0.0137701 1.56598 1.02344e-38 6
-0.54992 -0.0137701 1.56598 9.12808e-39 6
-0.524618 -0.0137701 1.56598 9.12808e-39 6
-0.489525 -0.0135001 1.53528 8.29832e-39 6
-0.455782 -0.0132405 1.50575 8.66711e-39 6
-0.423312 -0.0129907 1.47734 9.40467e-39 6
-0.395709 -0.0128693 1.46354 9.68126e-39 6
-0.352307 -0.0121859 1.38583 9.58906e-39 6
-0.282428 -0.0104319 1.18635 1.00511e-38 6
-0.267309 -0.0105924 1.2046 1.00511e-38 6
-0.986006 0.0137287 1.86427 9.58906e-39 6
-0.955884 0.0137287 1.86427 9.77273e-39 6
-0.883682 0.0131047 1.77953 8.94369e-39 6
-0.835931 0.0128135 1.73998 8.66711e-39 6
-0.757329 0.0120127 1.63123 9.22136e-39 6
-0.655826 0.0107777 1.46354 9.03588e-39 6
-0.632179 0.0107777 1.46354 9.31247e-39 6
-0.638362 0.011306 1.53528 9.22028e-39 6
-0.613556 0.011306 1.53528 8.94369e-39 6
-0.600525 0.0115321 1.56598 9.58906e-39 6
-0.575222 0.0115321 1.56598 9.40467e-39 6
-0.54992 0.0115321 1.56598 9.22028e-39 6
-0.524618 0.0115321 1.56598 9.68126e-39 6
-0.489525 0.011306 1.53528 9.31247e-39 6
-0.447183 0.0108794 1.47734 9.31247e-39 6
-0.373926 0.00961012 1.30499 9.22028e-39 6
-0.352841 0.00961012 1.30499 9.86565e-39 6
-0.352307 0.0102054 1.38583 9.95713e-39 6
-0.282428 0.00873648 1.18635 9.31247e-39 6
0.445397 0.018019 2.44685 8.48271e-39 6
0.816727 0.0303478 4.12101 7.83663e-39 6
0.883312 0.0303478 4.12101 8.57419e-39 6
0.949897 0.0303478 4.12101 8.20613e-39 6
1.37951 0.0411862 5.5928 8.48271e-39 6
-0.941188 0.0418573 1.77953 9.22028e-39 6
-0.955884 0.0438505 1.86427 9.12736e-39 6
-0.716055 0.0375861 1.59794 9.58906e-39 6
-0.663168 0.0361122 1.53528 1.04188e-38 6
-0.614273 0.0347494 1.47734 9.58906e-39 6
-0.548971 0.0323109 1.37367 9.68125e-39 6
-0.545932 0.0334858 1.42362 8.29832e-39 6
-0.542663 0.0347494 1.47734 9.40467e-39 6
-0.528769 0.0354177 1.50575 8.85149e-39 6
-0.50444 0.0354177 1.50575 8.6671e-39 6
-0.471053 0.0347494 1.47734 8.7593e-39 6
-0.395011 0.0306953 1.30499 9.49686e-39 6
-0.350556 0.0287769 1.22343 9.12808e-39 6
-0.315977 0.0274884 1.16864 1.06954e-38 6
-0.297095 0.0274884 1.16864 1.00493e-38 6
-0.278212 0.0274884 1.16864 8.66711e-39 6
0.293062 0.046043 1.95748 8.57455e-39 6
0.341779 0.0484663 2.06051 8.02137e-39 6
0.4319 0.0558097 2.3727 7.37565e-39 6
0.484932 0.0575537 2.44685 7.09906e-39 6
0.524466 0.0575537 2.44685 7.74443e-39 6
0.564001 0.0575537 2.44685 8.11393e-39 6
0.965658 0.092086 3.91496 8.29832e-39 6
-0.663168 0.0609183 1.53528 1.03266e-38 6
-0.571166 0.0545058 1.37367 9.03589e-39 6
-0.521522 0.0517805 1.30499 8.94369e-39 6
-0.526776 0.0545058 1.37367 9.03588e-39 6
-0.52293 0.0564879 1.42362 9.58906e-39 6
-0.499927 0.0564879 1.42362 1.01422e-38 6
-0.476925 0.0564879 1.42362 8.57491e-39 6
-0.416096 0.0517805 1.30499 8.94369e-39 6
-0.370323 0.0485443 1.22343 9.31247e-39 6
-0.329935 0.0456887 1.15146 9.31247e-39 6
-0.306818 0.0450266 1.13477 9.22028e-39 6
-0.292726 0.0456887 1.15146 8.482e-39 6
-0.282428 0.0470732 1.18635 9.03517e-39 6
0.395908 0.0863009 2.17498 7.19161e-39 6
0.43105 0.0863009 2.17498 8.94298e-39 6
0.493615 0.0913774 2.30292 7.56004e-39 6
0.501334 0.0863009 2.17498 8.57491e-39 6
0.603536 0.0970885 2.44685 9.03588e-39 6
-0.614273 0.0824895 1.47734 9.58906e-39 6
-0.521522 0.0728657 1.30499 8.57491e-39 6
-0.508919 0.0741008 1.32711 9.58834e-39 6
-0.52293 0.0794899 1.42362 9.68054e-39 6
-0.499927 0.0794899 1.42362 8.94369e-39 6
-0.437182 0.0728657 1.30499 9.12844e-39 6
-0.396282 0.069396 1.24284 8.76038e-39 6
-0.348539 0.0642933 1.15146 9.31283e-39 6
-0.325153 0.0633615 1.13477 9.03588e-39 6
-0.306818 0.0633615 1.13477 9.21956e-39 6
-0.288483 0.0633615 1.13477 9.49615e-39 6
-0.274121 0.0642933 1.15146 9.31247e-39 6
0.341779 0.115051 2.06051 8.85041e-39 6
0.375071 0.115051 2.06051 8.29868e-39 6
0.408364 0.115051 2.06051 7.83734e-39 6
0.441656 0.115051 2.06051 7.56076e-39 6
0.451201 0.109299 1.95748 8.11393e-39 6
0.536476 0.121443 2.17498 7.46892e-39 6
-0.545932 0.102492 1.42362 8.94297e-39 6
-0.52293 0.102492 1.42362 9.03517e-39 6
-0.499927 0.102492 1.42362 8.94369e-39 6
-0.437182 0.093951 1.30499 8.02209e-39 6
-0.396282 0.0894771 1.24284 9.03588e-39 6
-0.364626 0.086724 1.2046 8.7593e-39 6
-0.329935 0.0828979 1.15146 8.57491e-39 6
-0.306818 0.0816965 1.13477 9.31176e-39 6
-0.288483 0.0816965 1.13477 8.11321e-39 6
-0.270148 0.0816965 1.13477 9.03589e-39 6
0.408364 0.148344 2.06051 8.29832e-39 6
0.399593 0.134216 1.86427 8.11393e-39 6
0.419722 0.131094 1.82091 7.83734e-39 6
-0.58875 0.135337 1.53528 8.11322e-39 6
-0.499927 0.125494 1.42362 9.12808e-39 6
-0.444592 0.116986 1.32711 8.48307e-39 6
-0.409275 0.11315 1.28359 9.12808e-39 6
-0.370323 0.107846 1.22343 8.8515e-39 6
-0.345162 0.106187 1.2046 8.3898e-39 6
-0.315977 0.103017 1.16864 8.94333e-39 6
-0.292726 0.101503 1.15146 8.57455e-39 6
-0.274121 0.101503 1.15146 9.95784e-39 6
0.419573 0.172554 1.95748 7.83734e-39 6
-0.476925 0.148496 1.42362 7.83734e-39 6
-0.416096 0.136121 1.30499 8.94297e-39 6
-0.388536 0.13389 1.28359 9.12737e-39 6
-0.350556 0.127614 1.22343 8.66639e-39 6
-0.325699 0.12565 1.2046 9.31139e-39 6
-0.297095 0.1219 1.16864 9.4965e-39 6
-0.274121 0.120107 1.15146 9.03588e-39 6
-0.255516 0.120107 1.15146 7.92954e-39 6
-0.994538 0.196508 1.63123 7.83663e-39 6
-0.485757 0.174674 1.44999 8.94297e-39 6
-0.445818 0.168436 1.3982 9.21956e-39 6
-0.401706 0.159871 1.32711 7.37565e-39 6
-0.367796 0.154629 1.28359 8.2976e-39 6
-0.347057 0.154629 1.28359 8.57455e-39 6
-0.331756 0.157207 1.30499 8.85113e-39 6
-1.09996 0.222865 1.63123 8.20613e-39 6
-0.438901 0.198102 1.44999 7.92882e-39 6
-0.380264 0.181314 1.32711 7.00687e-39 6
-1.73673 0.336975 2.20561 6.6388e-39 6
-1.13545 0.257261 1.68385 7.09978e-39 6
-1.08491 0.251845 1.6484 8.7593e-39 6
-1.74775 0.367437 2.17498 6.6388e-39 6
-1.68915 0.362404 2.14518 6.17783e-39 6
-1.13545 0.284467 1.68385 7.83734e-39 6
-0.0193468 0.275578 1.63123 7.74479e-39 6
0.00659733 0.259367 1.53528 8.29796e-39 6
0.0314035 0.259367 1.53528 8.20541e-39 6
0.168663 0.281441 1.66594 8.02209e-39 6
0.19558 0.281441 1.66594 7.7455e-39 6
0.229832 0.290719 1.72086 7.74515e-39 6
-1.7829 0.402579 2.17498 6.82247e-39 6
-1.70052 0.391699 2.11619 6.17782e-39 6
-1.68915 0.397064 2.14518 5.99343e-39 6
-1.12337 0.308358 1.66594 7.00758e-39 6
-1.02046 0.286987 1.55048 7.37636e-39 6
-0.985648 0.284173 1.53528 7.00758e-39 6
-0.0823541 0.345068 1.86427 7.28417e-39 6
-0.0457034 0.301934 1.63123 7.28417e-39 6
-0.018952 0.295772 1.59794 7.09978e-39 6
0.00659733 0.284173 1.53528 7.56076e-39 6
0.0314035 0.284173 1.53528 7.09978e-39 6
0.0562096 0.284173 1.53528 7.83734e-39 6
0.0843225 0.295772 1.59794 8.6671e-39 6
0.109029 0.292785 1.5818 8.48235e-39 6
0.131921 0.286987 1.55048 8.39015e-39 6
0.160144 0.292785 1.5818 7.376e-39 6
0.183845 0.289857 1.56598 7.83698e-39 6
0.222497 0.308358 1.66594 7.28381e-39 6
0.239234 0.295772 1.59794 7.56076e-39 6
0.34484 0.322063 1.73998 8.02174e-39 6
-1.87928 0.443886 2.20561 6.54589e-39 6
-1.72381 0.431725 2.14518 5.71685e-39 6
-1.15028 0.335276 1.66594 6.45405e-39 6
-1.12337 0.335276 1.66594 7.00758e-39 6
-1.01045 0.30898 1.53528 7.09978e-39 6
-0.985648 0.30898 1.53528 6.82319e-39 6
-0.942364 0.303038 1.50575 6.17783e-39 6
-0.0823541 0.375189 1.86427 5.53174e-39 6
-0.0447706 0.321591 1.59794 5.25587e-39 6
-0.0161504 0.274051 1.36173 4.33391e-39 6
0.00623081 0.291814 1.44999 5.90052e-39 6
0.0296588 0.291814 1.44999 5.99271e-39 6
0.0562096 0.30898 1.53528 7.92918e-39 6
0.0810157 0.30898 1.53528 7.28381e-39 6
0.105822 0.30898 1.53528 7.92918e-39 6
0.126896 0.300152 1.49141 7.28381e-39 6
0.158543 0.315159 1.56598 6.36185e-39 6
0.17849 0.30598 1.52037 6.63844e-39 6
0.209147 0.315159 1.56598 5.71648e-39 6
0.211216 0.283927 1.4108 5.07148e-39 6
0.234011 0.283927 1.4108 5.44098e-39 6
0.303249 0.335276 1.66594 5.71613e-39 6
0.330166 0.335276 1.66594 5.90124e-39 6
0.372954 0.350177 1.73998 6.45441e-39 6
-1.09996 0.354647 1.63123 7.00758e-39 6
-1.00064 0.330545 1.52037 7.28417e-39 6
-0.976078 0.330545 1.52037 6.731e-39 6
-0.942364 0.327367 1.50575 5.80904e-39 6
-0.86796 0.30951 1.42362 5.71613e-39 6
-0.0447706 0.34741 1.59794 4.97856e-39 6
-0.0164363 0.301293 1.38583 6.17782e-39 6
0.00595511 0.301293 1.38583 4.97856e-39 6
0.029936 0.318188 1.46354 5.43954e-39 6
0.0551286 0.327367 1.50575 7.83698e-39 6
0.0794577 0.327367 1.50575 8.20576e-39 6
0.103787 0.327367 1.50575 8.66674e-39 6
0.123371 0.315242 1.44999 6.63844e-39 6
0.150993 0.324249 1.49141 7.19161e-39 6
0.168665 0.31235 1.43668 6.08526e-39 6
0.191878 0.31235 1.43668 4.33355e-39 6
0.202112 0.293501 1.34999 5.34806e-39 6
0.223924 0.293501 1.34999 4.70342e-39 6
0.296931 0.354647 1.63123 5.62393e-39 6
0.323288 0.354647 1.63123 5.53174e-39 6
0.349644 0.354647 1.63123 5.43954e-39 6
-1.07752 0.373228 1.59794 6.45441e-39 6
-0.991022 0.351696 1.50575 7.09978e-39 6
-0.948453 0.34506 1.47734 7.19198e-39 6
-0.907462 0.33867 1.44999 5.25587e-39 6
-0.852461 0.326575 1.3982 4.51759e-39 6
-0.82987 0.326575 1.3982 4.97857e-39 6
-0.0171972 0.33867 1.44999 5.43954e-39 6
0.00617365 0.335563 1.43668 5.0704e-39 6
0.0296588 0.33867 1.44999 6.45333e-39 6
0.0540885 0.34506 1.47734 7.28309e-39 6
0.0772299 0.341835 1.46354 8.57383e-39 6
0.100877 0.341835 1.46354 7.92882e-39 6
0.117912 0.323685 1.38583 7.74479e-39 6
0.140303 0.323685 1.38583 7.19161e-39 6
0.155801 0.309969 1.32711 7.28381e-39 6
0.178758 0.312618 1.33845 5.07111e-39 6
0.200384 0.312618 1.33845 5.44026e-39 6
0.22201 0.312618 1.33845 4.98001e-39 6
0.290871 0.373228 1.59794 5.80832e-39 6
0.323288 0.381004 1.63123 4.70198e-39 6
0.349644 0.381004 1.63123 4.97856e-39 6
0.376001 0.381004 1.63123 4.97856e-39 6
3.18381 1.14301 4.8937 3.87222e-39 6
3.26288 1.14301 4.8937 4.5183e-39 6
2.97062 1.01601 4.34996 4.97928e-39 6
3.04091 1.01601 4.34996 4.79561e-39 6
-1.12632 0.40736 1.63123 7.00722e-39 6
-1.04551 0.387194 1.55048 6.5466e-39 6
-0.972324 0.36893 1.47734 7.83734e-39 6
-0.93089 0.362098 1.44999 7.00759e-39 6
-0.899136 0.358776 1.43668 5.16367e-39 6
-0.852461 0.349166 1.3982 5.99343e-39 6
-0.82987 0.349166 1.3982 5.07076e-39 6
-0.448385 1.02912 4.12101 4.97928e-39 6
-0.403012 1.08629 4.34996 5.53102e-39 6
-0.0170394 0.358776 1.43668 5.80796e-39 6
0.00606241 0.352312 1.4108 5.16295e-39 6
0.0288572 0.352312 1.4108 6.08491e-39 6
0.0521216 0.355514 1.42362 7.74479e-39 6
0.0751237 0.355514 1.42362 7.376e-39 6
0.0981257 0.355514 1.42362 7.65259e-39 6
0.115861 0.340057 1.36173 7.56076e-39 6
0.136675 0.337126 1.34999 6.6388e-39 6
0.157133 0.334244 1.33845 5.43954e-39 6
0.178758 0.334244 1.33845 6.17783e-39 6
0.200384 0.334244 1.33845 4.79489e-39 6
0.22201 0.334244 1.33845 4.7027e-39 6
0.290871 0.399047 1.59794 5.53246e-39 6
0.323288 0.40736 1.63123 5.34735e-39 6
0.349644 0.40736 1.63123 4.88637e-39 6
0.384001 0.416028 1.66594 4.241e-39 6
3.10474 1.22208 4.8937 5.16296e-39 6
3.18381 1.22208 4.8937 5.16367e-39 6
3.26288 1.22208 4.8937 4.5183e-39 6
3.34195 1.22208 4.8937 4.5183e-39 6
2.11974 0.651776 2.60997 7.00758e-39 6
1.87992 0.566762 2.26954 6.6388e-39 6
-1.10333 0.424865 1.59794 6.54624e-39 6
-1.01535 0.400354 1.50575 7.28417e-39 6
-0.963236 0.389129 1.46354 7.19198e-39 6
-0.897644 0.371757 1.3982 6.731e-39 6
-0.8597 0.365235 1.37367 4.97928e-39 6
-0.816031 0.35587 1.33845 4.6105e-39 6
-0.787673 0.352854 1.32711 5.25515e-39 6
-0.473296 1.15658 4.34996 4.97928e-39 6
-0.403012 1.15658 4.34996 6.17711e-39 6
-0.0170394 0.381989 1.43668 6.08455e-39 6
0.00606241 0.375106 1.4108 4.33319e-39 6
0.0288572 0.375106 1.4108 4.70197e-39 6
0.0521216 0.378516 1.42362 7.74479e-39 6
0.0751237 0.378516 1.42362 7.56039e-39 6
0.0981257 0.378516 1.42362 7.92882e-39 6
0.115861 0.362059 1.36173 6.27002e-39 6
0.137863 0.362059 1.36173 6.82427e-39 6
0.159865 0.362059 1.36173 5.71613e-39 6
0.183463 0.365235 1.37367 5.53246e-39 6
0.200384 0.35587 1.33845 5.34807e-39 6
0.22201 0.35587 1.33845 3.78074e-39 6
0.296931 0.433717 1.63123 5.25587e-39 6
0.323288 0.433717 1.63123 4.97856e-39 6
0.364846 0.452574 1.70216 5.07076e-39 6
0.401068 0.462631 1.73998 5.43954e-39 6
0.568034 0.612306 2.30292 5.53209e-39 6
3.18381 1.30115 4.8937 4.97928e-39 6
3.07095 1.22461 4.60584 4.6105e-39 6
3.34195 1.30115 4.8937 4.88709e-39 6
1.18246 0.420574 1.5818 3.96441e-39 6
1.31421 0.457547 1.72086 3.68782e-39 6
1.34202 0.457547 1.72086 6.45441e-39 6
1.36982 0.457547 1.72086 7.56076e-39 6
2.05136 0.671562 2.52578 7.00758e-39 6
2.05896 0.660902 2.48569 5.90124e-39 6
2.36151 0.743515 2.7964 7.09906e-39 6
1.9044 0.416368 1.56598 3.41124e-39 6
-1.01535 0.424683 1.50575 5.53245e-39 6
-0.963236 0.412776 1.46354 6.6388e-39 6
-0.881895 0.38743 1.37367 5.90124e-39 6
-0.837657 0.377496 1.33845 5.07148e-39 6
-0.809115 0.374297 1.32711 3.87294e-39 6
-0.794405 0.377496 1.33845 5.16296e-39 6
-0.51497 1.16229 4.12101 4.70234e-39 6
-0.448385 1.16229 4.12101 5.99343e-39 6
-0.362711 1.10418 3.91496 5.34735e-39 6
-0.0164363 0.390859 1.38583 5.25515e-39 6
0.00595511 0.390859 1.38583 5.71613e-39 6
0.0288572 0.397901 1.4108 4.88637e-39 6
0.0521216 0.401519 1.42362 7.09942e-39 6
0.0751237 0.401519 1.42362 7.74479e-39 6
0.0981257 0.401519 1.42362 7.19126e-39 6
0.116878 0.38743 1.37367 6.63988e-39 6
0.137863 0.384061 1.36173 7.1927e-39 6
0.159865 0.384061 1.36173 5.44026e-39 6
0.183463 0.38743 1.37367 4.88637e-39 6
0.200384 0.377496 1.33845 4.88637e-39 6
0.220129 0.374297 1.32711 5.53174e-39 6
0.296931 0.460073 1.63123 4.88637e-39 6
0.34484 0.490745 1.73998 4.33319e-39 6
0.38143 0.501898 1.77953 5.62394e-39 6
0.46277 0.566244 2.00767 5.16296e-39 6
0.568034 0.649515 2.30292 5.99307e-39 6
2.99653 1.29903 4.60584 4.33391e-39 6
2.90034 1.22686 4.34996 4.33391e-39 6
2.97062 1.22686 4.34996 5.44026e-39 6
1.50701 0.581145 2.06051 3.87294e-39 6
1.17063 0.44167 1.56598 3.96513e-39 6
1.31421 0.485352 1.72086 3.87221e-39 6
1.34202 0.485352 1.72086 5.62429e-39 6
1.40061 0.496259 1.75953 8.02137e-39 6
1.98725 0.69011 2.44685 7.19161e-39 6
2.02679 0.69011 2.44685 6.73063e-39 6
2.24143 0.748594 2.65421 6.63844e-39 6
-1.12632 0.48643 1.63123 4.70197e-39 6
-1.09996 0.48643 1.63123 6.36222e-39 6
-1.07361 0.48643 1.63123 5.99343e-39 6
-0.985648 0.457816 1.53528 6.45441e-39 6
-0.960842 0.457816 1.53528 5.53246e-39 6
-0.809115 0.39574 1.32711 5.53246e-39 6
-0.787673 0.39574 1.32711 5.16296e-39 6
-0.0162921 0.409625 1.37367 4.70198e-39 6
0.00590288 0.409625 1.37367 5.25515e-39 6
0.0293867 0.428415 1.43668 5.43954e-39 6
0.0525998 0.428415 1.43668 6.63844e-39 6
0.0758129 0.428415 1.43668 7.376e-39 6
0.0990259 0.428415 1.43668 6.17782e-39 6
0.118965 0.41694 1.3982 6.08635e-39 6
0.14413 0.424521 1.42362 6.82463e-39 6
0.162695 0.41325 1.38583 4.88673e-39 6
0.185086 0.41325 1.38583 4.241e-39 6
0.202112 0.402563 1.34999 4.79417e-39 6
0.220129 0.39574 1.32711 5.62393e-39 6
0.268919 0.44054 1.47734 5.25515e-39 6
0.352678 0.530651 1.77953 5.07076e-39 6
0.430331 0.598683 2.00767 6.3615e-39 6
0.494467 0.639689 2.14518 4.3332e-39 6
0.568034 0.686724 2.30292 5.07076e-39 6
0.605243 0.686724 2.30292 5.71648e-39 6
0.598449 0.639689 2.14518 5.80868e-39 6
2.83005 1.29715 4.34996 3.78002e-39 6
1.27276 0.530651 1.77953 3.87366e-39 6
1.09079 0.444736 1.49141 4.98e-39 6
1.15904 0.462349 1.55048 4.88708e-39 6
1.28595 0.502121 1.68385 4.05732e-39 6
1.35693 0.518858 1.73998 5.80868e-39 6
1.41652 0.530651 1.77953 6.36185e-39 6
1.89827 0.696974 2.33729 7.56039e-39 6
1.93604 0.696974 2.33729 7.4682e-39 6
2.20408 0.778288 2.60997 5.62429e-39 6
-0.830223 0.428065 1.36173 5.44026e-39 6
-0.808221 0.428065 1.36173 5.43954e-39 6
-0.0168845 0.447523 1.42362 4.97893e-39 6
0.00611753 0.447523 1.42362 4.79489e-39 6
0.0296588 0.45581 1.44999 5.34734e-39 6
0.053583 0.46007 1.46354 7.09942e-39 6
0.0765148 0.45581 1.44999 5.90016e-39 6
0.0990259 0.451628 1.43668 6.731e-39 6
0.121128 0.447523 1.42362 7.37637e-39 6
0.146799 0.45581 1.44999 6.45441e-39 6
0.165626 0.443491 1.4108 4.70234e-39 6
0.188421 0.443491 1.4108 4.42611e-39 6
0.205657 0.43182 1.37367 5.90124e-39 6
0.22201 0.420748 1.33845 4.79489e-39 6
0.268919 0.46441 1.47734 4.88637e-39 6
0.352678 0.559403 1.77953 5.07004e-39 6
0.441656 0.64773 2.06051 4.3332e-39 6
0.501334 0.683715 2.17498 4.70234e-39 6
0.544032 0.693345 2.20561 4.88709e-39 6
0.563788 0.674349 2.14518 5.53209e-39 6
0.60676 0.683715 2.17498 5.90124e-39 6
0.650943 0.693345 2.20561 4.88708e-39 6
1.09079 0.468833 1.49141 4.05805e-39 6
1.15904 0.487401 1.55048 3.68819e-39 6
1.22034 0.502321 1.59794 3.96441e-39 6
1.29919 0.523697 1.66594 6.63808e-39 6
1.36982 0.540961 1.72086 6.2693e-39 6
1.79133 0.693345 2.20561 7.28381e-39 6
1.82696 0.693345 2.20561 6.17746e-39 6
-0.016583 0.462122 1.3982 4.24136e-39 6
0.00600828 0.462122 1.3982 4.5183e-39 6
0.0296588 0.479238 1.44999 5.43954e-39 6
0.053583 0.483717 1.46354 6.63844e-39 6
0.0765148 0.479238 1.44999 6.91431e-39 6
0.0981257 0.470525 1.42362 6.73028e-39 6
0.122239 0.474841 1.43668 7.00759e-39 6
0.148171 0.483717 1.46354 6.91539e-39 6
0.168665 0.474841 1.43668 4.42575e-39 6
0.190134 0.470525 1.42362 3.96513e-39 6
0.203869 0.450067 1.36173 4.33391e-39 6
0.220129 0.438625 1.32711 4.14952e-39 6
0.241571 0.438625 1.32711 5.34735e-39 6
0.524466 0.808714 2.44685 4.88637e-39 6
0.564001 0.808714 2.44685 4.05697e-39 6
0.551804 0.739396 2.23712 4.24172e-39 6
0.563788 0.70901 2.14518 4.79417e-39 6
0.624097 0.739396 2.23712 4.5183e-39 6
0.660243 0.739396 2.23712 5.53245e-39 6
1.10128 0.49767 1.50575 4.24244e-39 6
1.19452 0.52814 1.59794 3.22721e-39 6
1.27227 0.550614 1.66594 5.25515e-39 6
1.29919 0.550614 1.66594 5.4399e-39 6
1.38504 0.575086 1.73998 6.63844e-39 6
1.57018 0.638984 1.93331 5.80832e-39 6
1.44127 0.575086 1.73998 5.90052e-39 6
0.730244 0.215657 0.652493 3.8715e-39 6
0.747011 0.217469 0.657977 5.34698e-39 6
0.764063 0.219312 0.663553 5.3459e-39 6
0.781407 0.221187 0.669224 4.60942e-39 6
-1.03066 0.542879 1.56598 6.08563e-39 6
-0.948453 0.51215 1.47734 5.71685e-39 6
-0.924583 0.51215 1.47734 3.87222e-39 6
-0.909292 0.517028 1.49141 5.71613e-39 6
-0.885194 0.517028 1.49141 5.07004e-39 6
-0.016583 0.484714 1.3982 4.51759e-39 6
0.00600828 0.484714 1.3982 4.97928e-39 6
0.029936 0.507364 1.46354 5.34734e-39 6
0.0540885 0.51215 1.47734 6.26966e-39 6
0.0772299 0.507364 1.46354 7.37529e-39 6
0.0999428 0.502666 1.44999 7.00687e-39 6
0.124524 0.507364 1.46354 7.19198e-39 6
0.149569 0.51215 1.47734 6.17783e-39 6
0.170227 0.502666 1.44999 4.97928e-39 6
0.186739 0.484714 1.3982 4.97928e-39 6
0.198686 0.460067 1.32711 4.88709e-39 6
0.212911 0.444983 1.28359 4.33319e-39 6
0.233651 0.444983 1.28359 4.79418e-39 6
0.524466 0.848249 2.44685 5.53174e-39 6
0.564001 0.848249 2.44685 4.79454e-39 6
0.559801 0.786782 2.26954 5.07148e-39 6
0.579669 0.764619 2.20561 4.60978e-39 6
0.642452 0.798352 2.30292 5.62465e-39 6
0.679661 0.798352 2.30292 4.70269e-39 6
1.10128 0.521999 1.50575 5.43991e-39 6
1.20684 0.559669 1.61442 3.96478e-39 6
1.27227 0.577531 1.66594 4.70197e-39 6
1.38777 0.616908 1.77953 6.73063e-39 6
1.4328 0.623999 1.79998 6.17746e-39 6
1.67348 0.714315 2.06051 7.37565e-39 6
1.70677 0.714315 2.06051 6.54589e-39 6
0.730244 0.2262 0.652493 5.34735e-39 6
0.747011 0.228101 0.657977 6.17639e-39 6
0.764063 0.230034 0.663553 5.80796e-39 6
0.774784 0.230034 0.663553 3.96405e-39 6
0.792219 0.232 0.669224 4.1488e-39 6
-1.12337 0.604449 1.66594 6.91467e-39 6
-1.0517 0.579777 1.59794 5.90052e-39 6
-1.04725 0.591856 1.63123 4.88637e-39 6
-1.02089 0.591856 1.63123 4.241e-39 6
-0.936036 0.557041 1.53528 4.88565e-39 6
-0.911229 0.557041 1.53528 5.8998e-39 6
-0.0413917 0.53602 1.47734 4.79418e-39 6
-0.016583 0.507305 1.3982 5.25515e-39 6
0.00600828 0.507305 1.3982 5.53246e-39 6
0.0302184 0.53602 1.47734 4.42539e-39 6
0.0546036 0.541125 1.49141 7.19161e-39 6
0.0779585 0.53602 1.47734 7.1909e-39 6
0.0999428 0.526094 1.44999 6.82283e-39 6
0.124524 0.531011 1.46354 6.82247e-39 6
0.149569 0.53602 1.47734 6.91467e-39 6
0.168665 0.521268 1.43668 4.241e-39 6
0.185086 0.502816 1.38583 5.07076e-39 6
0.195375 0.473485 1.30499 5.25515e-39 6
0.202931 0.443892 1.22343 4.42539e-39 6
0.222698 0.443892 1.22343 4.70126e-39 6
0.622346 0.979623 2.69997 4.6105e-39 6
0.521977 0.767813 2.11619 5.16367e-39 6
0.563788 0.778331 2.14518 5.16296e-39 6
0.624097 0.811688 2.23712 4.05733e-39 6
1.15904 0.562556 1.55048 3.87222e-39 6
1.25888 0.598086 1.6484 3.41124e-39 6
1.31316 0.610948 1.68385 5.99307e-39 6
1.41652 0.645661 1.77953 6.17746e-39 6
1.57018 0.701459 1.93331 6.54589e-39 6
0.771108 0.253653 0.6991 5.5321e-39 6
0.755424 0.244906 0.674993 6.26931e-39 6
0.76633 0.244906 0.674993 5.80832e-39 6
0.777237 0.244906 0.674993 6.17639e-39 6
0.774784 0.240755 0.663553 2.76587e-39 6
0.805997 0.247035 0.680863 3.59563e-39 6
-1.14779 0.645091 1.70216 6.1771e-39 6
-1.12029 0.645091 1.70216 4.88637e-39 6
-1.05827 0.62472 1.6484 4.33319e-39 6
-1.03164 0.62472 1.6484 4.1488e-39 6
-0.974241 0.605596 1.59794 3.31904e-39 6
-0.948422 0.605596 1.59794 3.50343e-39 6
-0.0406252 0.549522 1.44999 4.51687e-39 6
-0.0168845 0.539531 1.42362 4.88565e-39 6
0.00611753 0.539531 1.42362 4.60978e-39 6
0.029936 0.554658 1.46354 4.51759e-39 6
0.0540885 0.55989 1.47734 6.82247e-39 6
0.0772299 0.554658 1.46354 7.92918e-39 6
0.0990259 0.544481 1.43668 6.17746e-39 6
0.124524 0.554658 1.46354 6.36185e-39 6
0.148171 0.554658 1.46354 5.99235e-39 6
0.168665 0.544481 1.43668 5.34735e-39 6
0.186739 0.529896 1.3982 4.33391e-39 6
0.195375 0.49457 1.30499 4.24064e-39 6
0.202931 0.463659 1.22343 4.42467e-39 6
0.222698 0.463659 1.22343 4.60906e-39 6
0.246314 0.471019 1.24284 4.60978e-39 6
0.441656 0.7809 2.06051 4.97856e-39 6
0.474948 0.7809 2.06051 3.87294e-39 6
0.488941 0.751245 1.98226 4.15024e-39 6
0.467688 0.674414 1.77953 4.1488e-39 6
0.624097 0.847834 2.23712 5.53174e-39 6
0.660243 0.847834 2.23712 4.42539e-39 6
1.18246 0.599479 1.5818 3.68783e-39 6
1.17249 0.581847 1.53528 4.79417e-39 6
1.22124 0.593484 1.56598 7.19161e-39 6
1.35493 0.645091 1.70216 7.19161e-39 6
0.785128 0.269765 0.711811 6.08491e-39 6
0.782404 0.264948 0.6991 4.241e-39 6
0.779775 0.2603 0.686835 6.26859e-39 6
0.790872 0.2603 0.686835 5.53102e-39 6
0.794996 0.258036 0.680863 3.9637e-39 6
0.820263 0.262603 0.692913 3.68711e-39 6
-1.20141 0.68754 1.73998 5.43918e-39 6
-1.18648 0.695265 1.75953 6.63808e-39 6
-1.14518 0.68754 1.73998 6.2693e-39 6
-1.02588 0.631414 1.59794 4.70198e-39 6
-1.06528 0.672594 1.70216 3.96441e-39 6
-1.02662 0.665361 1.68385 3.96441e-39 6
-0.0413917 0.58376 1.47734 5.16224e-39 6
-0.0171972 0.57295 1.44999 4.14809e-39 6
0.00623081 0.57295 1.44999 4.51759e-39 6
0.029936 0.578305 1.46354 4.88637e-39 6
0.0540885 0.58376 1.47734 6.73028e-39 6
0.0772299 0.578305 1.46354 6.17746e-39 6
0.0990259 0.567694 1.43668 7.19198e-39 6
0.124524 0.578305 1.46354 5.99307e-39 6
0.148171 0.578305 1.46354 5.71576e-39 6
0.170227 0.57295 1.44999 3.87222e-39 6
0.190134 0.562533 1.42362 3.96513e-39 6
0.205657 0.542795 1.37367 4.42503e-39 6
0.206152 0.4911 1.24284 5.06932e-39 6
0.222698 0.483427 1.22343 4.33248e-39 6
0.242466 0.483427 1.22343 3.59563e-39 6
0.270692 0.499021 1.26289 5.99271e-39 6
0.334223 0.57295 1.44999 5.25587e-39 6
0.357651 0.57295 1.44999 4.05733e-39 6
0.381079 0.57295 1.44999 5.62393e-39 6
0.404507 0.57295 1.44999 5.71613e-39 6
0.669811 0.896791 2.26954 4.33319e-39 6
1.20684 0.637924 1.61442 3.59563e-39 6
1.17249 0.606653 1.53528 4.70197e-39 6
1.00116 0.363992 0.921167 6.2693e-39 6
0.785128 0.281266 0.711811 6.08491e-39 6
0.782404 0.276244 0.6991 4.42539e-39 6
0.793699 0.276244 0.6991 5.07004e-39 6
0.804995 0.276244 0.6991 4.70126e-39 6
0.816291 0.276244 0.6991 3.31833e-39 6
0.827586 0.276244 0.6991 3.22613e-39 6
-1.03778 0.700096 1.70216 4.05661e-39 6
-0.0410049 0.601952 1.46354 4.14809e-39 6
-0.0168845 0.585535 1.42362 4.05589e-39 6
0.00606241 0.58026 1.4108 5.43954e-39 6
0.0291196 0.585535 1.42362 4.97856e-39 6
0.0525998 0.590907 1.43668 6.2693e-39 6
0.0758129 0.590907 1.43668 6.63844e-39 6
0.0972417 0.58026 1.4108 7.28417e-39 6
0.122239 0.590907 1.43668 6.73063e-39 6
0.146799 0.596378 1.44999 6.82211e-39 6
0.170227 0.596378 1.44999 2.85806e-39 6
0.190134 0.585535 1.42362 4.24172e-39 6
0.207477 0.56999 1.38583 5.34698e-39 6
0.209477 0.519426 1.26289 5.5303e-39 6
0.222698 0.503194 1.22343 4.33248e-39 6
0.242466 0.503194 1.22343 4.70197e-39 6
0.270692 0.519426 1.26289 5.71648e-39 6
0.291097 0.519426 1.26289 6.63808e-39 6
0.321886 0.53674 1.30499 5.71613e-39 6
0.337349 0.527941 1.28359 5.99271e-39 6
0.352313 0.519426 1.26289 6.45369e-39 6
0.372718 0.519426 1.26289 5.90087e-39 6
0.399567 0.527941 1.28359 6.45405e-39 6
0.483749 0.607631 1.47734 6.54624e-39 6
0.517381 0.619316 1.50575 6.73063e-39 6
0.552332 0.631459 1.53528 5.99307e-39 6
1.68407 1.03885 2.52578 6.08562e-39 6
1.21844 0.6852 1.66594 3.9637e-39 6
0.960102 0.37447 0.910456 4.88709e-39 6
0.963608 0.370166 0.899991 6.54661e-39 6
0.97256 0.368051 0.894848 5.71685e-39 6
0.814756 0.303815 0.738672 4.97856e-39 6
0.796629 0.292767 0.711811 5.43954e-39 6
0.80085 0.29013 0.705398 4.9782e-39 6
0.804995 0.287539 0.6991 4.33283e-39 6
0.816291 0.287539 0.6991 2.85735e-39 6
0.835042 0.29013 0.705398 1.38222e-39 6
-0.0406252 0.619806 1.44999 5.25443e-39 6
-0.016583 0.59767 1.3982 4.60907e-39 6
0.00590288 0.587185 1.37367 3.87222e-39 6
0.0283465 0.592381 1.38583 5.34735e-39 6
0.0516521 0.603055 1.4108 6.3615e-39 6
0.0758129 0.61412 1.43668 5.99307e-39 6
0.0972417 0.603055 1.4108 6.45441e-39 6
0.123371 0.619806 1.44999 6.36185e-39 6
0.149569 0.631501 1.47734 6.17674e-39 6
0.170227 0.619806 1.44999 3.96441e-39 6
0.190134 0.608537 1.42362 3.87293e-39 6
0.211216 0.603055 1.4108 4.51722e-39 6
0.21646 0.557826 1.30499 4.23956e-39 6
0.226233 0.531262 1.24284 3.41052e-39 6
0.246314 0.531262 1.24284 4.51758e-39 6
0.270692 0.539831 1.26289 7.19161e-39 6
0.291097 0.539831 1.26289 7.92918e-39 6
0.311502 0.539831 1.26289 7.1909e-39 6
0.331907 0.539831 1.26289 6.2693e-39 6
0.34672 0.531262 1.24284 6.08526e-39 6
0.366801 0.531262 1.24284 6.73063e-39 6
0.393123 0.539831 1.26289 6.08526e-39 6
0.442047 0.577061 1.34999 6.26966e-39 6
0.517381 0.643645 1.50575 7.19161e-39 6
0.552332 0.656265 1.53528 6.08526e-39 6
0.600695 0.683052 1.59794 6.63844e-39 6
2.3155 1.52134 3.55906 2.8595e-39 6
1.7402 1.11565 2.60997 4.05732e-39 6
1.40714 0.880777 2.06051 3.3194e-39 6
1.30325 0.796894 1.86427 4.60906e-39 6
1.24448 0.743767 1.73998 3.59491e-39 6
1.27259 0.743767 1.73998 3.22613e-39 6
1.3007 0.743767 1.73998 3.9637e-39 6
0.939927 0.386931 0.905193 5.62393e-39 6
0.938282 0.380336 0.889764 5.80832e-39 6
0.931488 0.371884 0.869991 6.45441e-39 6
0.967034 0.380336 0.889764 6.8232e-39 6
0.814756 0.31575 0.738672 5.80832e-39 6
0.811382 0.309903 0.724993 5.62393e-39 6
0.80813 0.304268 0.711811 5.25479e-39 6
0.819631 0.304268 0.711811 4.42502e-39 6
0.823645 0.301527 0.705398 3.22613e-39 6
0.842633 0.304268 0.711811 3.22613e-39 6
-0.0413917 0.655371 1.47734 4.14881e-39 6
-0.0164363 0.614772 1.38583 4.97856e-39 6
0.00595511 0.614772 1.38583 3.68783e-39 6
0.0280978 0.60938 1.37367 5.25515e-39 6
0.0516521 0.625849 1.4108 6.45441e-39 6
0.0758129 0.637333 1.43668 5.80904e-39 6
0.0963735 0.620261 1.3982 5.80868e-39 6
0.118965 0.620261 1.3982 7.37528e-39 6
0.141556 0.620261 1.3982 5.99235e-39 6
0.167132 0.631539 1.42362 4.5183e-39 6
0.183463 0.60938 1.37367 3.50343e-39 6
0.20933 0.620261 1.3982 4.79418e-39 6
0.21646 0.578911 1.30499 4.42539e-39 6
0.229882 0.560236 1.26289 3.41124e-39 6
0.250287 0.560236 1.26289 4.51794e-39 6
0.270692 0.560236 1.26289 6.82283e-39 6
0.291097 0.560236 1.26289 5.71648e-39 6
0.311502 0.560236 1.26289 5.62429e-39 6
0.331907 0.560236 1.26289 6.1771e-39 6
0.34672 0.551344 1.24284 6.36185e-39 6
0.366801 0.551344 1.24284 6.45405e-39 6
0.406227 0.578911 1.30499 6.63844e-39 6
0.493052 0.667974 1.50575 6.6388e-39 6
0.549058 0.70887 1.59794 6.36221e-39 6
0.586853 0.723638 1.63123 6.17782e-39 6
3.31172 2.31564 5.21995 4.33356e-39 6
2.42576 1.65403 3.72853 3.59707e-39 6
2.26983 1.5102 3.40431 3.78074e-39 6
1.72488 1.12047 2.52578 4.5183e-39 6
1.44043 0.91407 2.06051 4.1488e-39 6
1.40004 0.868366 1.95748 4.14809e-39 6
1.27259 0.771881 1.73998 4.05589e-39 6
1.3007 0.771881 1.73998 4.33248e-39 6
0.907349 0.381699 0.860431 5.16224e-39 6
0.916217 0.379614 0.855729 6.17711e-39 6
0.886448 0.361819 0.815617 4.241e-39 6
0.863641 0.347346 0.782992 5.43954e-39 6
0.811382 0.321617 0.724993 5.90052e-39 6
0.815544 0.318666 0.718341 6.54589e-39 6
0.819631 0.315769 0.711811 3.87185e-39 6
0.831132 0.315769 0.711811 4.0566e-39 6
0.842633 0.315769 0.711811 3.59563e-39 6
-0.989958 0.727268 1.5818 4.33319e-39 6
-0.0425973 0.699024 1.52037 4.14881e-39 6
-0.0167324 0.648644 1.4108 4.241e-39 6
0.00595511 0.637164 1.38583 4.0566e-39 6
0.0280978 0.631575 1.37367 4.79417e-39 6
0.0511909 0.642853 1.3982 5.80904e-39 6
0.0751237 0.654541 1.42362 6.45441e-39 6
0.0963735 0.642853 1.3982 5.80868e-39 6
0.118965 0.642853 1.3982 5.71576e-39 6
0.136675 0.620685 1.34999 6.63772e-39 6
0.161268 0.631575 1.37367 3.96441e-39 6
0.180299 0.620685 1.34999 3.50344e-39 6
0.20933 0.642853 1.3982 4.70198e-39 6
0.21646 0.599996 1.30499 4.51759e-39 6
0.229882 0.580641 1.26289 4.60978e-39 6
0.250287 0.580641 1.26289 4.88637e-39 6
0.270692 0.580641 1.26289 6.45405e-39 6
0.291097 0.580641 1.26289 6.36185e-39 6
0.311502 0.580641 1.26289 6.26966e-39 6
0.331907 0.580641 1.26289 5.90052e-39 6
0.341303 0.562496 1.22343 6.08526e-39 6
0.36107 0.562496 1.22343 6.26965e-39 6
0.468723 0.692303 1.50575 7.09942e-39 6
0.523239 0.734689 1.59794 4.88708e-39 6
0.560496 0.749995 1.63123 4.5183e-39 6
3.22738 2.39998 5.21995 5.07076e-39 6
2.75977 1.99999 4.34996 4.05697e-39 6
2.42576 1.71427 3.72853 3.22757e-39 6
2.486 1.71427 3.72853 2.67439e-39 6
2.22797 1.49999 3.26247 3.87294e-39 6
1.52045 0.999993 2.17498 5.34735e-39 6
1.47372 0.947362 2.06051 3.7793e-39 6
1.39674 0.878043 1.90974 4.51687e-39 6
1.4276 0.878043 1.90974 4.70162e-39 6
1.45846 0.878043 1.90974 4.241e-39 6
1.37218 0.808983 1.75953 4.97856e-39 6
1.5779 0.911386 1.98226 5.07076e-39 6
0.911238 0.391302 0.851078 5.53174e-39 6
0.85099 0.359998 0.782992 5.99272e-39 6
0.863641 0.359998 0.782992 5.5321e-39 6
0.826691 0.33962 0.738672 4.1488e-39 6
0.823096 0.333331 0.724993 5.53174e-39 6
0.83481 0.333331 0.724993 5.80796e-39 6
0.831132 0.327271 0.711811 5.62393e-39 6
0.842633 0.327271 0.711811 3.50343e-39 6
0.854134 0.327271 0.711811 4.70198e-39 6
-1.12337 0.79287 1.66594 4.88637e-39 6
-1.0517 0.760508 1.59794 5.43954e-39 6
-1.06953 0.79287 1.66594 4.60978e-39 6
-0.980058 0.745297 1.56598 4.1488e-39 6
-0.945303 0.737918 1.55048 3.41124e-39 6
-0.0413917 0.703111 1.47734 4.05661e-39 6
-0.0162921 0.65377 1.37367 4.60978e-39 6
0.00585155 0.648085 1.36173 4.1488e-39 6
0.0278535 0.648085 1.36173 5.99272e-39 6
0.0498555 0.648085 1.36173 6.17783e-39 6
0.0737822 0.665444 1.3982 6.54661e-39 6
0.0963735 0.665444 1.3982 5.99343e-39 6
0.120037 0.671439 1.4108 6.54553e-39 6
0.140303 0.659555 1.38583 5.80796e-39 6
0.161268 0.65377 1.37367 4.05661e-39 6
0.180299 0.642498 1.34999 4.60907e-39 6
0.202112 0.642498 1.34999 3.9637e-39 6
0.21646 0.621081 1.30499 4.97785e-39 6
0.233651 0.6109 1.28359 4.14808e-39 6
0.250287 0.601046 1.26289 5.0704e-39 6
0.270692 0.601046 1.26289 6.08455e-39 6
0.295869 0.6109 1.28359 5.99235e-39 6
0.311502 0.601046 1.26289 7.19089e-39 6
0.331907 0.601046 1.26289 6.45369e-39 6
0.336052 0.573306 1.2046 6.91503e-39 6
0.355515 0.573306 1.2046 5.80868e-39 6
0.468723 0.716632 1.50575 6.45405e-39 6
0.53414 0.776351 1.63123 6.2693e-39 6
0.640567 0.887259 1.86427 6.1771e-39 6
3.22738 2.48432 5.21995 3.78002e-39 6
2.36552 1.77452 3.72853 4.60978e-39 6
2.12254 1.5527 3.26247 4.42611e-39 6
2.17525 1.5527 3.26247 3.78074e-39 6
1.67097 1.16453 2.44685 4.14917e-39 6
1.52045 1.03514 2.17498 4.61014e-39 6
1.47372 0.980655 2.06051 4.33248e-39 6
1.50701 0.980655 2.06051 3.22649e-39 6
1.54031 0.980655 2.06051 2.85771e-39 6
1.59458 0.99373 2.08798 5.07148e-39 6
1.60689 0.980655 2.06051 5.16367e-39 6
1.64018 0.980655 2.06051 6.91467e-39 6
0.796629 0.338772 0.711811 4.70234e-39 6
-1.09996 0.802708 1.63123 4.60978e-39 6
-1.03066 0.7706 1.56598 4.97856e-39 6
-0.995407 0.76297 1.55048 4.88637e-39 6
-0.970355 0.76297 1.55048 3.68783e-39 6
-0.936036 0.75549 1.53528 2.67368e-39 6
-0.911229 0.75549 1.53528 3.59563e-39 6
-0.0640532 0.713518 1.44999 4.14881e-39 6
-0.0402525 0.706972 1.43668 4.14881e-39 6
-0.0162921 0.675965 1.37367 3.78002e-39 6
0.00585155 0.670087 1.36173 4.05661e-39 6
0.0278535 0.670087 1.36173 4.79418e-39 6
0.0502928 0.675965 1.37367 4.97893e-39 6
0.0744469 0.694234 1.4108 5.07148e-39 6
0.0963735 0.688035 1.3982 6.6388e-39 6
0.118965 0.688035 1.3982 5.99271e-39 6
0.139073 0.675965 1.37367 5.43882e-39 6
0.161268 0.675965 1.37367 4.88565e-39 6
0.178758 0.658632 1.33845 4.14809e-39 6
0.198686 0.653051 1.32711 4.42467e-39 6
0.21646 0.642166 1.30499 4.60907e-39 6
0.233651 0.631639 1.28359 4.05589e-39 6
0.25439 0.631639 1.28359 4.05624e-39 6
0.27513 0.631639 1.28359 5.90016e-39 6
0.295869 0.631639 1.28359 5.90016e-39 6
0.316609 0.631639 1.28359 4.24064e-39 6
0.331907 0.621451 1.26289 6.45369e-39 6
0.326021 0.575074 1.16864 5.34734e-39 6
0.344903 0.575074 1.16864 5.4399e-39 6
0.358435 0.566617 1.15146 5.07111e-39 6
0.610446 0.917381 1.86427 6.3615e-39 6
1.55237 1.20406 2.44685 3.68783e-39 6
1.03961 0.786326 1.59794 3.68782e-39 6
0.842034 0.621451 1.26289 4.1488e-39 6
0.822634 0.592769 1.2046 3.5038e-39 6
1.52045 1.07028 2.17498 3.68819e-39 6
1.55559 1.07028 2.17498 4.70198e-39 6
1.59074 1.07028 2.17498 4.05625e-39 6
1.62588 1.07028 2.17498 4.70234e-39 6
1.66102 1.07028 2.17498 5.80904e-39 6
1.62832 1.02747 2.08798 5.80976e-39 6
1.66205 1.02747 2.08798 6.17783e-39 6
-1.17529 0.865111 1.70216 5.99343e-39 6
-1.09996 0.829064 1.63123 4.7027e-39 6
-1.02046 0.788022 1.55048 4.79417e-39 6
-0.976078 0.77272 1.52037 4.33248e-39 6
-0.951513 0.77272 1.52037 3.13393e-39 6
-0.926948 0.77272 1.52037 4.33248e-39 6
-0.911229 0.780296 1.53528 3.68711e-39 6
-0.0402525 0.730185 1.43668 4.33248e-39 6
-0.0162921 0.69816 1.37367 4.60906e-39 6
0.00590288 0.69816 1.37367 4.70126e-39 6
0.0280978 0.69816 1.37367 4.97857e-39 6
0.0511909 0.710627 1.3982 5.53174e-39 6
0.0758129 0.730185 1.43668 5.90124e-39 6
0.0972417 0.717029 1.4108 6.08526e-39 6
0.120037 0.717029 1.4108 5.99307e-39 6
0.136675 0.686122 1.34999 5.25515e-39 6
0.159865 0.692089 1.36173 4.60978e-39 6
0.178758 0.680258 1.33845 4.70126e-39 6
0.19376 0.65777 1.2942 4.14809e-39 6
0.212911 0.652379 1.28359 4.14808e-39 6
0.233651 0.652379 1.28359 4.24028e-39 6
0.25439 0.652379 1.28359 4.24028e-39 6
0.27513 0.652379 1.28359 4.97785e-39 6
0.295869 0.652379 1.28359 4.24028e-39 6
0.316609 0.652379 1.28359 3.31832e-39 6
0.326639 0.631668 1.24284 4.42539e-39 6
0.326021 0.593957 1.16864 3.41196e-39 6
0.339831 0.585222 1.15146 2.76659e-39 6
0.308527 0.503735 0.991129 3.87293e-39 6
1.10391 0.884335 1.73998 4.60907e-39 6
0.821628 0.641856 1.26289 4.33319e-39 6
0.81572 0.621798 1.22343 5.25515e-39 6
0.835487 0.621798 1.22343 3.13465e-39 6
1.0426 0.758002 1.49141 2.58112e-39 6
1.20433 0.855808 1.68385 3.96441e-39 6
1.28689 0.894272 1.75953 3.68711e-39 6
1.33026 0.904434 1.77953 4.42467e-39 6
1.70848 1.137 2.23712 4.05697e-39 6
1.62832 1.0612 2.08798 6.54661e-39 6
1.66205 1.0612 2.08798 6.45441e-39 6
-1.17529 0.892613 1.70216 4.14952e-39 6
-1.07752 0.837963 1.59794 5.90052e-39 6
-0.972324 0.774721 1.47734 3.78002e-39 6
-0.8897 0.726729 1.38583 3.8715e-39 6
-0.823579 0.690088 1.31595 3.50272e-39 6
-0.823066 0.707935 1.34999 2.85735e-39 6
-0.0406252 0.760374 1.44999 3.50164e-39 6
-0.0164363 0.726729 1.38583 3.8715e-39 6
0.00600828 0.733218 1.3982 3.41052e-39 6
0.0288572 0.739824 1.4108 5.25515e-39 6
0.0525998 0.753398 1.43668 5.80832e-39 6
0.0765148 0.760374 1.44999 5.34806e-39 6
0.0999428 0.760374 1.44999 5.2555e-39 6
0.123371 0.760374 1.44999 5.4399e-39 6
0.148171 0.76748 1.46354 5.99271e-39 6
0.173439 0.774721 1.47734 2.95026e-39 6
0.193655 0.760374 1.44999 3.9637e-39 6
0.195375 0.684337 1.30499 3.50272e-39 6
0.212911 0.673118 1.28359 4.24028e-39 6
0.229882 0.662261 1.26289 3.31868e-39 6
0.250287 0.662261 1.26289 3.41088e-39 6
0.270692 0.662261 1.26289 3.59527e-39 6
0.295869 0.673118 1.28359 4.33283e-39 6
0.316609 0.673118 1.28359 4.70161e-39 6
0.326639 0.651749 1.24284 3.78002e-39 6
0.321226 0.603827 1.15146 4.42539e-39 6
0.30011 0.533249 1.01687 4.05733e-39 6
0.280156 0.471956 0.899991 3.04317e-39 6
0.294698 0.471956 0.899991 4.5183e-39 6
0.849016 0.684337 1.30499 5.99272e-39 6
0.842034 0.662261 1.26289 4.42539e-39 6
0.862438 0.662261 1.26289 4.3332e-39 6
1.05262 0.789619 1.50575 3.22685e-39 6
1.19152 0.873621 1.66594 3.22685e-39 6
1.28689 0.922701 1.75953 5.16224e-39 6
1.31532 0.922701 1.75953 3.8715e-39 6
1.32882 0.912449 1.73998 4.88637e-39 6
1.35693 0.912449 1.73998 5.90124e-39 6
1.50185 0.989403 1.88673 5.07076e-39 6
-1.07752 0.863782 1.59794 5.16296e-39 6
-0.981584 0.806197 1.49141 5.34698e-39 6
-0.824066 0.693858 1.28359 4.33248e-39 6
-0.803327 0.693858 1.28359 3.22613e-39 6
-0.789055 0.699592 1.2942 3.7793e-39 6
-0.85271 0.776611 1.43668 3.31833e-39 6
-1.15917 1.08526 2.00767 3.68711e-39 6
-3.04838 3.02324 5.5928 1.93611e-39 6
-0.996975 1.08526 2.00767 2.76515e-39 6
-0.0162921 0.742549 1.37367 4.24028e-39 6
0.00585155 0.736093 1.36173 4.05589e-39 6
0.0280978 0.742549 1.37367 5.80833e-39 6
0.0507379 0.749121 1.38583 4.97856e-39 6
0.0758129 0.776611 1.43668 4.88708e-39 6
0.0981257 0.769551 1.42362 5.3477e-39 6
0.122239 0.776611 1.43668 6.45405e-39 6
0.148171 0.791127 1.46354 5.62393e-39 6
0.171818 0.791127 1.46354 3.59563e-39 6
0.191878 0.776611 1.43668 3.50344e-39 6
0.197016 0.71135 1.31595 3.50344e-39 6
0.209477 0.682666 1.26289 4.24028e-39 6
0.226233 0.67183 1.24284 3.77966e-39 6
0.238736 0.651159 1.2046 3.87185e-39 6
0.258199 0.651159 1.2046 3.22684e-39 6
0.282001 0.661333 1.22343 3.96441e-39 6
0.301768 0.661333 1.22343 3.68782e-39 6
0.316589 0.651159 1.2046 4.33319e-39 6
0.312048 0.604647 1.11856 3.96441e-39 6
0.292513 0.535764 0.991129 3.50343e-39 6
0.30467 0.529067 0.97874 4.14916e-39 6
0.3089 0.509944 0.943364 4.24171e-39 6
0.336298 0.529067 0.97874 3.41195e-39 6
0.979634 0.813948 1.50575 6.08491e-39 6
0.870101 0.705422 1.30499 3.96441e-39 6
0.891186 0.705422 1.30499 2.67367e-39 6
1.08389 0.838125 1.55048 3.50344e-39 6
1.20433 0.910222 1.68385 3.59563e-39 6
1.31647 0.972996 1.79998 4.14809e-39 6
1.31532 0.951131 1.75953 4.88457e-39 6
1.32882 0.940563 1.73998 4.97785e-39 6
1.35693 0.940563 1.73998 6.54589e-39 6
1.46652 0.99589 1.84233 3.41124e-39 6
1.87036 1.24486 2.30292 5.53174e-39 6
4.23573 2.35141 4.34996 3.78002e-39 6
-1.12632 0.908134 1.63123 5.07076e-39 6
-1.07752 0.889601 1.59794 3.68711e-39 6
-0.981584 0.830294 1.49141 4.14844e-39 6
-0.824066 0.714597 1.28359 4.14808e-39 6
-0.803327 0.714597 1.28359 4.33248e-39 6
-0.782587 0.714597 1.28359 5.07004e-39 6
-0.774545 0.726507 1.30499 2.30417e-39 6
-1.05134 1.01373 1.82091 3.31869e-39 6
-1.07177 1.06318 1.90974 3.31905e-39 6
-1.15344 1.17812 2.11619 3.04246e-39 6
-1.06185 1.1177 2.00767 3.68783e-39 6
-0.979198 1.06318 1.90974 4.33248e-39 6
-0.996975 1.1177 2.00767 2.21198e-39 6
-0.767692 0.889601 1.59794 3.22613e-39 6
-0.741873 0.889601 1.59794 4.51687e-39 6
-0.716055 0.889601 1.59794 4.05661e-39 6
0.00575152 0.745136 1.33845 3.22613e-39 6
0.0273774 0.745136 1.33845 4.88637e-39 6
0.0490032 0.745136 1.33845 5.16296e-39 6
0.0744469 0.785413 1.4108 6.36221e-39 6
0.0946827 0.764744 1.37367 6.17746e-39 6
0.111034 0.726507 1.30499 5.80868e-39 6
0.132119 0.726507 1.30499 4.97856e-39 6
0.170227 0.80723 1.44999 4.33319e-39 6
0.185086 0.771512 1.38583 4.05697e-39 6
0.195375 0.726507 1.30499 3.68783e-39 6
0.209477 0.703071 1.26289 4.05624e-39 6
0.222698 0.6811 1.22343 4.14736e-39 6
0.238736 0.670622 1.2046 4.05624e-39 6
0.258199 0.670622 1.2046 4.05696e-39 6
0.277662 0.670622 1.2046 4.42574e-39 6
0.297125 0.670622 1.2046 3.59598e-39 6
0.311792 0.660461 1.18635 5.80904e-39 6
0.312048 0.62272 1.11856 4.33319e-39 6
0.320951 0.605423 1.08749 4.51759e-39 6
0.30467 0.54488 0.97874 4.79381e-39 6
0.320484 0.54488 0.97874 2.95061e-39 6
0.3494 0.56611 1.01687 2.85878e-39 6
0.993517 0.871809 1.56598 4.88637e-39 6
1.03961 0.889601 1.59794 5.25515e-39 6
1.00396 0.838278 1.50575 4.1488e-39 6
1.02829 0.838278 1.50575 3.13465e-39 6
1.09473 0.871809 1.56598 4.51759e-39 6
1.14289 0.889601 1.59794 3.59563e-39 6
1.30151 0.990692 1.77953 2.76515e-39 6
1.46329 1.08976 1.95748 2.94882e-39 6
1.61613 1.17812 2.11619 4.97712e-39 6
1.65032 1.17812 2.11619 5.34663e-39 6
1.83315 1.28207 2.30292 4.51759e-39 6
1.87036 1.28207 2.30292 5.07076e-39 6
4.23573 2.42169 4.34996 4.05696e-39 6
-1.07752 0.915419 1.59794 4.05624e-39 6
-1.0517 0.915419 1.59794 4.70161e-39 6
-0.830877 0.741414 1.2942 4.51615e-39 6
-0.796795 0.729358 1.27316 4.33176e-39 6
-0.789055 0.741414 1.2942 5.25443e-39 6
-0.794405 0.766761 1.33845 4.14808e-39 6
-0.961864 0.954373 1.66594 4.79454e-39 6
-0.934946 0.954373 1.66594 3.22685e-39 6
-1.15344 1.21231 2.11619 3.68783e-39 6
-1.03531 1.12139 1.95748 4.33319e-39 6
-0.933654 1.04315 1.82091 4.14808e-39 6
-0.810042 0.934491 1.63123 3.96369e-39 6
-0.752338 0.897111 1.56598 4.51687e-39 6
-0.741873 0.915419 1.59794 4.97785e-39 6
-0.716055 0.915419 1.59794 5.43954e-39 6
-0.704616 0.934491 1.63123 3.59491e-39 6
-0.0182088 0.879521 1.53528 3.68711e-39 6
0.00570278 0.760264 1.32711 4.33248e-39 6
0.0271454 0.760264 1.32711 5.992e-39 6
0.0485879 0.760264 1.32711 5.90052e-39 6
0.0700305 0.760264 1.32711 4.70233e-39 6
0.0899486 0.747592 1.30499 5.80868e-39 6
0.111034 0.747592 1.30499 5.62393e-39 6
0.132119 0.747592 1.30499 5.34734e-39 6
0.167132 0.815555 1.42362 4.51759e-39 6
0.181867 0.780096 1.36173 4.42539e-39 6
0.200384 0.766761 1.33845 3.41124e-39 6
0.212911 0.735337 1.28359 4.14844e-39 6
0.222698 0.700868 1.22343 3.87185e-39 6
0.242466 0.700868 1.22343 3.87185e-39 6
0.258199 0.690085 1.2046 2.76622e-39 6
0.282001 0.700868 1.22343 3.78073e-39 6
0.301768 0.700868 1.22343 4.97928e-39 6
0.311792 0.679629 1.18635 3.50343e-39 6
0.321226 0.65964 1.15146 5.16295e-39 6
0.325472 0.631768 1.10281 3.87185e-39 6
0.329373 0.606156 1.0581 4.70161e-39 6
0.33297 0.58254 1.01687 4.42574e-39 6
0.3494 0.58254 1.01687 3.96441e-39 6
0.380661 0.606156 1.0581 4.70198e-39 6
1.01379 0.915419 1.59794 6.8232e-39 6
1.03961 0.915419 1.59794 5.07148e-39 6
1.06543 0.915419 1.59794 4.51759e-39 6
1.06942 0.897111 1.56598 4.42539e-39 6
1.11707 0.915419 1.59794 4.70126e-39 6
1.14289 0.915419 1.59794 4.88637e-39 6
1.30151 1.01944 1.77953 3.22684e-39 6
1.39361 1.06799 1.86427 4.60906e-39 6
1.45846 1.09404 1.90974 4.33248e-39 6
1.60689 1.18041 2.06051 4.51687e-39 6
1.68451 1.21231 2.11619 4.97856e-39 6
4.23573 2.49197 4.34996 3.96441e-39 6
-1.10333 0.941238 1.59794 3.87222e-39 6
-1.05597 0.922413 1.56598 5.62357e-39 6
-1.03066 0.922413 1.56598 5.25479e-39 6
-0.810775 0.743882 1.26289 4.4236e-39 6
-0.796795 0.749929 1.27316 2.94847e-39 6
-0.816031 0.788387 1.33845 3.7793e-39 6
-0.794405 0.788387 1.33845 3.22613e-39 6
-0.941825 0.960847 1.63123 2.85807e-39 6
-0.915468 0.960847 1.63123 3.96441e-39 6
-0.889112 0.960847 1.63123 4.88637e-39 6
-0.974406 1.08519 1.84233 4.97856e-39 6
-0.933654 1.07257 1.82091 3.68783e-39 6
-0.793511 0.941238 1.59794 4.51759e-39 6
-0.752338 0.922413 1.56598 4.79417e-39 6
-0.741873 0.941238 1.59794 4.33319e-39 6
-0.716055 0.941238 1.59794 2.95026e-39 6
-0.704616 0.960847 1.63123 2.48857e-39 6
-0.0874812 0.854086 1.44999 3.68783e-39 6
-0.060682 0.809134 1.37367 3.96478e-39 6
-0.0391743 0.823583 1.3982 3.96478e-39 6
-0.0168845 0.838557 1.42362 3.8715e-39 6
0.00590288 0.809134 1.37367 3.31833e-39 6
0.0276134 0.795184 1.34999 4.51687e-39 6
0.0494257 0.795184 1.34999 6.36185e-39 6
0.0751237 0.838557 1.42362 6.17746e-39 6
0.0914731 0.781706 1.32711 4.88637e-39 6
0.111034 0.768678 1.30499 4.97856e-39 6
0.150993 0.878489 1.49141 4.241e-39 6
0.167132 0.838557 1.42362 3.68783e-39 6
0.181867 0.802098 1.36173 3.68783e-39 6
0.202112 0.795184 1.34999 4.1488e-39 6
0.218279 0.775137 1.31595 4.05624e-39 6
0.235582 0.762325 1.2942 5.16259e-39 6
0.260804 0.775137 1.31595 4.33283e-39 6
0.262233 0.720635 1.22343 4.24135e-39 6
0.282001 0.720635 1.22343 4.33391e-39 6
0.301768 0.720635 1.22343 3.96441e-39 6
0.321535 0.720635 1.22343 4.88637e-39 6
0.33096 0.698798 1.18635 4.1488e-39 6
0.339831 0.678245 1.15146 4.60906e-39 6
0.353241 0.668415 1.13477 4.9782e-39 6
0.361109 0.649587 1.10281 3.2272e-39 6
0.363565 0.623252 1.0581 3.78002e-39 6
0.433368 0.709549 1.2046 3.78002e-39 6
0.390934 0.542596 0.921167 4.1488e-39 6
0.405818 0.542596 0.921167 3.50343e-39 6
1.03491 0.960847 1.63123 4.88637e-39 6
1.03961 0.941238 1.59794 3.68854e-39 6
1.06543 0.941238 1.59794 5.07076e-39 6
1.09125 0.941238 1.59794 5.16296e-39 6
1.1646 0.981291 1.66594 3.7793e-39 6
1.19152 0.981291 1.66594 3.22685e-39 6
1.27259 1.0249 1.73998 4.42539e-39 6
1.33026 1.0482 1.77953 4.05661e-39 6
1.39062 1.07257 1.82091 6.17639e-39 6
1.45385 1.09811 1.86427 5.16224e-39 6
1.48398 1.09811 1.86427 5.16295e-39 6
-0.817366 0.7705 1.27316 4.2392e-39 6
-0.796795 0.7705 1.27316 3.68603e-39 6
-0.809115 0.803149 1.32711 3.8715e-39 6
-0.801253 0.816996 1.34999 3.22613e-39 6
-0.941825 0.987204 1.63123 3.41052e-39 6
-0.915468 0.987204 1.63123 3.41052e-39 6
-0.889112 0.987204 1.63123 3.04246e-39 6
-1.01005 1.15575 1.90974 4.79417e-39 6
-0.922923 1.08933 1.79998 3.87222e-39 6
-0.810042 0.987204 1.63123 4.60978e-39 6
-0.746525 1.00821 1.66594 2.02831e-39 6
-0.143182 0.7964 1.31595 5.43883e-39 6
-0.119904 0.783236 1.2942 4.51759e-39 6
-0.109892 0.869464 1.43668 3.59563e-39 6
-0.0851169 0.853798 1.4108 3.22685e-39 6
-0.060682 0.831329 1.37367 3.96478e-39 6
-0.038487 0.831329 1.37367 3.31941e-39 6
-0.016583 0.846174 1.3982 3.13394e-39 6
0.00590288 0.831329 1.37367 3.7793e-39 6
0.0280978 0.831329 1.37367 5.8998e-39 6
0.0494257 0.816996 1.34999 5.62429e-39 6
0.0737822 0.846174 1.3982 5.71648e-39 6
0.0946827 0.831329 1.37367 4.70197e-39 6
0.115861 0.8241 1.36173 5.07076e-39 6
0.142831 0.853798 1.4108 5.43954e-39 6
0.164147 0.846174 1.3982 4.241e-39 6
0.181867 0.8241 1.36173 3.87222e-39 6
0.202112 0.816996 1.34999 4.60978e-39 6
0.22201 0.810013 1.33845 4.51722e-39 6
0.243636 0.810013 1.33845 4.51722e-39 6
0.267549 0.816996 1.34999 5.53029e-39 6
0.294437 0.831329 1.37367 5.62357e-39 6
0.286477 0.752155 1.24284 5.99307e-39 6
0.306558 0.752155 1.24284 5.99271e-39 6
0.326639 0.752155 1.24284 5.16331e-39 6
0.341303 0.740403 1.22343 5.71613e-39 6
0.36107 0.740403 1.22343 4.60906e-39 6
0.380838 0.740403 1.22343 4.79381e-39 6
0.400605 0.740403 1.22343 3.87185e-39 6
0.413905 0.729012 1.2046 3.68746e-39 6
0.44014 0.740403 1.22343 4.33248e-39 6
1.05693 1.00821 1.66594 5.62393e-39 6
1.06127 0.987204 1.63123 5.07148e-39 6
1.06543 0.967057 1.59794 4.70198e-39 6
1.09125 0.967057 1.59794 3.50344e-39 6
1.203 1.04145 1.72086 4.14809e-39 6
1.21742 1.03013 1.70216 3.22613e-39 6
1.27259 1.05302 1.73998 4.24028e-39 6
1.34555 1.08933 1.79998 4.14808e-39 6
1.39062 1.10199 1.82091 6.08419e-39 6
1.42004 1.10199 1.82091 3.7793e-39 6
1.44946 1.10199 1.82091 6.91467e-39 6
1.5141 1.12823 1.86427 5.25587e-39 6
-0.884034 0.900942 1.44999 2.85735e-39 6
-0.860606 0.900942 1.44999 3.59492e-39 6
-0.961864 1.03513 1.66594 4.05481e-39 6
-0.934946 1.03513 1.66594 4.2392e-39 6
-0.927769 1.05763 1.70216 4.14809e-39 6
-1.01005 1.18661 1.90974 4.241e-39 6
-0.140815 0.804147 1.2942 4.51687e-39 6
-0.117955 0.791071 1.27316 5.71578e-39 6
-0.105072 0.853524 1.37367 2.21234e-39 6
-0.081448 0.838808 1.34999 4.79418e-39 6
-0.058625 0.824591 1.32711 4.14917e-39 6
-0.0371824 0.824591 1.32711 3.5038e-39 6
-0.0160112 0.838808 1.34999 3.22613e-39 6
0.00575152 0.831639 1.33845 4.24028e-39 6
0.0273774 0.831639 1.33845 5.07004e-39 6
0.0490032 0.831639 1.33845 5.90087e-39 6
0.0706291 0.831639 1.33845 4.79453e-39 6
0.0922549 0.831639 1.33845 4.241e-39 6
0.112916 0.824591 1.32711 4.97856e-39 6
0.134358 0.824591 1.32711 5.62393e-39 6
0.158487 0.838808 1.34999 3.13465e-39 6
0.177243 0.824591 1.32711 3.04246e-39 6
0.200384 0.831639 1.33845 5.34735e-39 6
0.22201 0.831639 1.33845 5.34698e-39 6
0.243636 0.831639 1.33845 3.87185e-39 6
0.267549 0.838808 1.34999 3.50199e-39 6
0.270692 0.784692 1.26289 5.71576e-39 6
0.291097 0.784692 1.26289 5.3477e-39 6
0.311502 0.784692 1.26289 5.53137e-39 6
0.331907 0.784692 1.26289 4.33355e-39 6
0.352313 0.784692 1.26289 3.31904e-39 6
0.372718 0.784692 1.26289 3.9637e-39 6
0.393123 0.784692 1.26289 3.7793e-39 6
0.400605 0.76017 1.22343 4.42502e-39 6
0.420372 0.76017 1.22343 3.50272e-39 6
0.44014 0.76017 1.22343 5.07004e-39 6
1.08385 1.03513 1.66594 4.05661e-39 6
1.08763 1.01356 1.63123 3.22685e-39 6
1.09125 0.992875 1.59794 3.87222e-39 6
1.11707 0.992875 1.59794 3.41052e-39 6
1.21742 1.05763 1.70216 3.40944e-39 6
1.27259 1.08113 1.73998 4.4236e-39 6
1.3612 1.13142 1.82091 3.59491e-39 6
1.40698 1.14473 1.84233 5.34663e-39 6
1.38777 1.1057 1.77953 5.80796e-39 6
1.38504 1.08113 1.73998 4.05696e-39 6
1.32484 1.01356 1.63123 3.13536e-39 6
-1.04091 1.21746 1.90974 3.87222e-39 6
-0.986006 1.18848 1.86427 4.05661e-39 6
-0.161726 0.825058 1.2942 4.33248e-39 6
-0.140815 0.825058 1.2942 5.53102e-39 6
-0.117003 0.805097 1.26289 5.89981e-39 6
-0.105072 0.875719 1.37367 3.68675e-39 6
-0.082877 0.875719 1.37367 3.31833e-39 6
-0.059126 0.853265 1.33845 2.76516e-39 6
-0.0375002 0.853265 1.33845 3.50272e-39 6
-0.0162921 0.875719 1.37367 3.77967e-39 6
0.00585155 0.868104 1.36173 3.68711e-39 6
0.0278535 0.868104 1.36173 4.70126e-39 6
0.0551286 0.959923 1.50575 4.70161e-39 6
0.0718574 0.868104 1.36173 5.62357e-39 6
0.0922549 0.853265 1.33845 4.42611e-39 6
0.112916 0.846034 1.32711 5.16296e-39 6
0.134358 0.846034 1.32711 4.88637e-39 6
0.155801 0.846034 1.32711 3.8715e-39 6
0.175754 0.838924 1.31595 3.31832e-39 6
0.198686 0.846034 1.32711 3.59563e-39 6
0.220129 0.846034 1.32711 3.96441e-39 6
0.233651 0.818295 1.28359 3.87077e-39 6
0.250287 0.805097 1.26289 4.23956e-39 6
0.270692 0.805097 1.26289 5.25371e-39 6
0.291097 0.805097 1.26289 5.16259e-39 6
0.316609 0.818295 1.28359 4.51722e-39 6
0.337349 0.818295 1.28359 4.61013e-39 6
0.358088 0.818295 1.28359 5.25515e-39 6
0.391669 0.846034 1.32711 2.76587e-39 6
0.443156 0.907564 1.42362 4.3332e-39 6
0.493052 0.959923 1.50575 3.8715e-39 6
0.425572 0.573747 0.899991 4.79345e-39 6
1.14034 1.03992 1.63123 1.29003e-39 6
1.1667 1.03992 1.63123 3.22505e-39 6
1.27259 1.10924 1.73998 2.94847e-39 6
1.34555 1.14749 1.79998 3.59491e-39 6
1.40698 1.17449 1.84233 5.62321e-39 6
1.38777 1.13445 1.77953 4.70197e-39 6
1.29848 1.03992 1.63123 4.97856e-39 6
-1.15031 1.23328 1.88673 2.94954e-39 6
-1.11982 1.23328 1.88673 3.68711e-39 6
-0.161726 0.845969 1.2942 5.80761e-39 6
-0.138526 0.832213 1.27316 4.42467e-39 6
-0.109912 0.775471 1.18635 3.77931e-39 6
-0.104158 0.890106 1.36173 3.31797e-39 6
-0.0821563 0.890106 1.36173 2.39637e-39 6
-0.062322 0.922182 1.4108 4.24029e-39 6
-0.0395272 0.922182 1.4108 3.68711e-39 6
-0.0170394 0.939103 1.43668 3.31869e-39 6
0.00606241 0.922182 1.4108 4.60907e-39 6
0.0320315 1.02362 1.56598 5.53137e-39 6
0.0551286 0.984252 1.50575 4.9782e-39 6
0.0737822 0.913948 1.3982 6.72992e-39 6
0.0946827 0.897914 1.37367 5.53174e-39 6
0.116878 0.897914 1.37367 4.97856e-39 6
0.134358 0.867476 1.32711 4.05661e-39 6
0.155801 0.867476 1.32711 4.33248e-39 6
0.175754 0.860187 1.31595 4.51687e-39 6
0.198686 0.867476 1.32711 3.87222e-39 6
0.212911 0.839035 1.28359 2.76587e-39 6
0.229882 0.825502 1.26289 2.85662e-39 6
0.246314 0.812398 1.24284 5.80688e-39 6
0.270692 0.825502 1.26289 6.72884e-39 6
0.291097 0.825502 1.26289 5.07039e-39 6
0.316609 0.839035 1.28359 4.88601e-39 6
0.337349 0.839035 1.28359 5.53137e-39 6
0.370227 0.867476 1.32711 4.70126e-39 6
0.427935 0.947798 1.44999 3.68711e-39 6
0.477914 1.00355 1.53528 3.7793e-39 6
0.41103 0.588289 0.899991 5.53137e-39 6
0.385674 0.533137 0.815617 5.992e-39 6
0.474652 0.595129 0.910456 5.99272e-39 6
0.489363 0.595129 0.910456 6.63809e-39 6
1.21742 1.11263 1.70216 4.97677e-39 6
1.33178 1.19026 1.82091 4.97677e-39 6
1.39361 1.2186 1.86427 2.94954e-39 6
1.49492 1.27953 1.95748 4.51687e-39 6
1.42004 1.19026 1.82091 5.53137e-39 6
1.35493 1.11263 1.70216 5.43954e-39 6
1.32484 1.06627 1.63123 5.71613e-39 6
-2.3005 1.80849 2.69997 3.96441e-39 6
-2.18165 1.74821 2.60997 3.31905e-39 6
-1.21128 1.26376 1.88673 4.4236e-39 6
-1.18079 1.26376 1.88673 2.48749e-39 6
-1.12324 1.23403 1.84233 4.51687e-39 6
-1.10649 1.24872 1.86427 3.8715e-39 6
-0.908029 1.11588 1.66594 4.88637e-39 6
-0.881112 1.11588 1.66594 4.42539e-39 6
-0.854194 1.11588 1.66594 4.42539e-39 6
-0.148249 0.79464 1.18635 4.60906e-39 6
-0.129081 0.79464 1.18635 4.42467e-39 6
-0.109912 0.79464 1.18635 4.05589e-39 6
-0.110909 0.971226 1.44999 3.31797e-39 6
-0.0964079 1.07033 1.59794 3.41053e-39 6
-0.0705893 1.07033 1.59794 2.39637e-39 6
-0.0447706 1.07033 1.59794 3.68711e-39 6
-0.018573 1.04892 1.56598 3.59528e-39 6
0.00659733 1.02836 1.53528 2.85807e-39 6
0.0314035 1.02836 1.53528 4.97856e-39 6
0.0516521 0.944977 1.4108 4.51722e-39 6
0.0744469 0.944977 1.4108 5.90016e-39 6
0.0955206 0.928252 1.38583 5.25515e-39 6
0.116878 0.920109 1.37367 5.07076e-39 6
0.135507 0.896517 1.33845 4.24028e-39 6
0.157133 0.896517 1.33845 4.79345e-39 6
0.177243 0.888919 1.32711 3.3176e-39 6
0.195375 0.874104 1.30499 4.33248e-39 6
0.209477 0.845907 1.26289 3.8715e-39 6
0.226233 0.83248 1.24284 4.42359e-39 6
0.246314 0.83248 1.24284 6.08382e-39 6
0.266396 0.83248 1.24284 4.79273e-39 6
0.291097 0.845907 1.26289 5.25479e-39 6
0.311502 0.845907 1.26289 5.34698e-39 6
0.337349 0.859774 1.28359 5.62357e-39 6
0.397152 0.953568 1.42362 5.53102e-39 6
0.444394 1.00858 1.50575 2.58076e-39 6
0.477914 1.02836 1.53528 4.33248e-39 6
0.512774 1.04892 1.56598 4.05517e-39 6
0.517381 1.00858 1.50575 4.70018e-39 6
0.511653 0.874104 1.30499 5.43918e-39 6
0.535958 0.845907 1.26289 4.88601e-39 6
0.514843 0.782779 1.16864 5.80796e-39 6
0.42571 0.62436 0.932133 5.89908e-39 6
0.406865 0.576332 0.860431 5.16151e-39 6
0.403051 0.552065 0.824202 5.53137e-39 6
0.459941 0.60984 0.910456 4.42467e-39 6
0.480236 0.617014 0.921167 4.70126e-39 6
0.489363 0.60984 0.910456 4.33319e-39 6
1.33178 1.21968 1.82091 3.87042e-39 6
1.37722 1.23403 1.84233 5.34555e-39 6
1.45846 1.27918 1.90974 4.51687e-39 6
1.52655 1.31116 1.95748 4.60942e-39 6
-2.19289 1.73262 2.52578 3.78038e-39 6
-2.22382 1.79038 2.60997 3.31869e-39 6
-2.11127 1.73262 2.52578 3.78002e-39 6
-2.13948 1.79038 2.60997 2.8577e-39 6
-1.15805 1.207 1.75953 5.07004e-39 6
-1.12962 1.207 1.75953 2.2109e-39 6
-1.1265 1.23474 1.79998 2.2109e-39 6
-1.12324 1.2638 1.84233 2.48857e-39 6
-1.08076 1.2491 1.82091 3.22613e-39 6
-0.908029 1.14279 1.66594 4.70198e-39 6
-0.881112 1.14279 1.66594 4.42539e-39 6
-0.854194 1.14279 1.66594 3.68783e-39 6
-0.864045 1.19359 1.73998 4.79418e-39 6
-0.134337 0.994654 1.44999 3.13394e-39 6
-0.122227 1.09615 1.59794 3.31797e-39 6
-0.0964079 1.09615 1.59794 3.59491e-39 6
-0.0705893 1.09615 1.59794 3.59491e-39 6
-0.0378235 0.926057 1.34999 3.31833e-39 6
-0.0182088 1.05316 1.53528 2.67368e-39 6
0.00623081 0.994654 1.44999 2.76623e-39 6
0.0293867 0.985529 1.43668 5.43954e-39 6
0.0525998 0.985529 1.43668 5.34698e-39 6
0.0737822 0.959131 1.3982 4.51614e-39 6
0.0946827 0.942304 1.37367 4.88601e-39 6
0.115861 0.93411 1.36173 5.90016e-39 6
0.135507 0.918142 1.33845 2.21198e-39 6
0.157133 0.918142 1.33845 3.87078e-39 6
0.177243 0.910362 1.32711 4.23956e-39 6
0.189072 0.866312 1.26289 2.67296e-39 6
0.206152 0.852561 1.24284 3.7793e-39 6
0.222698 0.83924 1.22343 3.04065e-39 6
0.242466 0.83924 1.22343 4.3321e-39 6
0.262233 0.83924 1.22343 4.70053e-39 6
0.286477 0.852561 1.24284 4.9782e-39 6
0.311502 0.866312 1.26289 3.96405e-39 6
0.331907 0.866312 1.26289 4.88492e-39 6
0.420065 1.03291 1.50575 2.94882e-39 6
0.453108 1.05316 1.53528 3.96262e-39 6
0.487472 1.07423 1.56598 4.79238e-39 6
0.511221 0.826328 1.2046 4.886e-39 6
0.514843 0.801662 1.16864 5.80796e-39 6
0.464411 0.69755 1.01687 4.88493e-39 6
0.462809 0.671392 0.97874 5.62249e-39 6
0.478623 0.671392 0.97874 5.3459e-39 6
0.488333 0.663103 0.966657 5.07004e-39 6
0.491808 0.647124 0.943364 5.34663e-39 6
0.489363 0.62455 0.910456 5.62321e-39 6
0.510003 0.631898 0.921167 4.88637e-39 6
1.24492 1.16764 1.70216 4.14665e-39 6
1.28641 1.18047 1.72086 4.70018e-39 6
1.34375 1.207 1.75953 5.4381e-39 6
-2.12436 1.71801 2.44685 4.51759e-39 6
-2.08483 1.71801 2.44685 4.24028e-39 6
-2.11127 1.77343 2.52578 3.96405e-39 6
-2.13948 1.83255 2.60997 2.9499e-39 6
-1.15805 1.23543 1.75953 4.60978e-39 6
-1.12962 1.23543 1.75953 4.33248e-39 6
-1.1265 1.26383 1.79998 3.59491e-39 6
-1.15031 1.32473 1.88673 5.06897e-39 6
-1.16182 1.37441 1.95748 4.2392e-39 6
-1.04841 1.39181 1.98226 3.96441e-39 6
-1.02941 1.40965 2.00767 3.41052e-39 6
-0.925762 1.30896 1.86427 3.50272e-39 6
-0.127428 1.16971 1.66594 4.33284e-39 6
-0.0964079 1.12197 1.59794 3.04174e-39 6
-0.0705893 1.12197 1.59794 3.59491e-39 6
-0.0362605 0.908702 1.2942 3.50343e-39 6
-0.0153496 0.908702 1.2942 3.22685e-39 6
0.00585155 0.956112 1.36173 4.14917e-39 6
0.0278535 0.956112 1.36173 4.97856e-39 6
0.0516521 0.990567 1.4108 3.96441e-39 6
0.0724877 0.964499 1.37367 5.62357e-39 6
0.0922549 0.939768 1.33845 4.79381e-39 6
0.115861 0.956112 1.36173 6.54589e-39 6
0.134358 0.931804 1.32711 2.58111e-39 6
0.157133 0.939768 1.33845 2.76443e-39 6
0.180299 0.94787 1.34999 4.23956e-39 6
0.198686 0.931804 1.32711 3.59419e-39 6
0.206152 0.872642 1.24284 4.05517e-39 6
0.222698 0.859007 1.22343 3.22469e-39 6
0.238736 0.845791 1.2046 4.23991e-39 6
0.262233 0.859007 1.22343 3.87113e-39 6
0.282001 0.859007 1.22343 3.3176e-39 6
0.306558 0.872642 1.24284 4.23956e-39 6
0.326639 0.872642 1.24284 4.23955e-39 6
0.291245 0.733019 1.04399 4.14665e-39 6
0.308113 0.733019 1.04399 3.9619e-39 6
0.503476 0.832976 1.18635 5.53029e-39 6
0.514843 0.820544 1.16864 4.60834e-39 6
0.464411 0.71398 1.01687 5.62249e-39 6
0.462809 0.687206 0.97874 5.99163e-39 6
0.478623 0.687206 0.97874 4.60941e-39 6
0.488333 0.678722 0.966657 5.25479e-39 6
0.503951 0.678722 0.966657 2.48784e-39 6
0.49512 0.646782 0.921167 3.50272e-39 6
0.498279 0.631913 0.899991 5.07076e-39 6
0.512821 0.631913 0.899991 5.25443e-39 6
1.24492 1.19514 1.70216 3.13286e-39 6
1.25874 1.18229 1.68385 2.76371e-39 6
1.29993 1.19514 1.70216 4.60834e-39 6
1.35693 1.2217 1.73998 5.25479e-39 6
5.92878 4.07233 5.79994 4.60978e-39 6
-1.14246 1.27822 1.77953 3.59491e-39 2
-1.1137 1.27822 1.77953 1.56661e-39 2
-1.15031 1.35522 1.88673 3.96262e-39 2
-1.16182 1.40604 1.95748 2.48749e-39 2
-1.32963 1.65416 2.30292 3.96369e-39 2
-1.10433 1.49977 2.08798 4.241e-39 2
-1.0565 1.48004 2.06051 3.50272e-39 2
-0.925762 1.33908 1.86427 4.24028e-39 2
-1.04491 1.56227 2.17498 3.87222e-39 2
-0.0964079 1.14779 1.59794 4.51687e-39 2
-0.0691775 1.12483 1.56598 3.04174e-39 2
-0.0356709 0.914497 1.27316 2.76587e-39 2
-0.0151 0.914497 1.27316 2.95026e-39 2
0.00570278 0.953247 1.32711 3.31905e-39 2
0.0278535 0.978114 1.36173 3.31904e-39 2
0.0525998 1.03196 1.43668 4.241e-39 2
0.0718574 0.978114 1.36173 5.62357e-39 2
0.0922549 0.961394 1.33845 4.70054e-39 2
0.121128 1.02257 1.42362 4.24064e-39 2
0.140303 0.995426 1.38583 3.13429e-39 2
0.162695 0.995426 1.38583 3.50199e-39 2
0.201103 1.08157 1.50575 3.22469e-39 2
0.221179 1.06116 1.47734 4.51543e-39 2
0.238736 0.865255 1.2046 3.31796e-39 2
0.262233 0.878774 1.22343 4.3321e-39 2
0.282001 0.878774 1.22343 3.77858e-39 2
0.301768 0.878774 1.22343 2.94882e-39 2
0.274377 0.749887 1.04399 4.42395e-39 2
0.291245 0.749887 1.04399 4.79201e-39 2
0.503476 0.852145 1.18635 5.06931e-39 2
0.49992 0.815095 1.13477 5.16151e-39 2
0.464411 0.73041 1.01687 5.06931e-39 2
0.462809 0.703019 0.97874 4.5165e-39 2
0.472714 0.69434 0.966657 5.07039e-39 2
0.488333 0.69434 0.966657 2.67331e-39 2
0.503951 0.69434 0.966657 6.26786e-39 2
0.483738 0.646455 0.899991 4.24028e-39 2
0.471199 0.611321 0.851078 4.33319e-39 2
-1.10119 1.29228 1.75953 3.9637e-39 2
-1.16434 1.4026 1.90974 2.21162e-39 2
-1.22297 1.51333 2.06051 3.22505e-39 2
-1.25577 1.59741 2.17498 1.93539e-39 2
-1.29243 1.69137 2.30292 3.04246e-39 2
-1.25522 1.69137 2.30292 4.3332e-39 2
-1.15034 1.59741 2.17498 4.3332e-39 2
-1.0565 1.51333 2.06051 3.41052e-39 2
-1.02321 1.51333 2.06051 4.42467e-39 2
-0.895641 1.36921 1.86427 4.70198e-39 2
-0.124773 1.19806 1.63123 3.22685e-39 2
-0.0874812 1.06494 1.44999 3.41052e-39 2
-0.0640532 1.06494 1.44999 4.14808e-39 2
-0.0406252 1.06494 1.44999 3.68783e-39 2
-0.0160112 0.991494 1.34999 2.67367e-39 2
0.00611753 1.04558 1.42362 3.50344e-39 2
0.0305062 1.09537 1.49141 4.241e-39 2
0.053583 1.07489 1.46354 4.05624e-39 2
0.0731292 1.01782 1.38583 4.24063e-39 2
0.0938594 1.00012 1.36173 4.0548e-39 2
0.123371 1.06494 1.44999 4.05517e-39 2
0.146799 1.06494 1.44999 2.9499e-39 2
0.167132 1.04558 1.42362 2.48784e-39 2
0.217862 1.19806 1.63123 4.51435e-39 2
0.300801 0.958444 1.30499 4.42395e-39 2
0.306558 0.912804 1.24284 3.13321e-39 2
0.268997 0.751721 1.02352 3.50199e-39 2
0.289316 0.761678 1.03708 2.8559e-39 2
0.495961 0.858308 1.16864 4.23919e-39 2
0.492779 0.821524 1.11856 5.62177e-39 2
0.458457 0.737265 1.00384 5.34554e-39 2
0.457095 0.709959 0.966657 5.06967e-39 2
0.472714 0.709959 0.966657 5.89943e-39 2
0.488333 0.709959 0.966657 4.24064e-39 2
0.491808 0.692851 0.943364 5.06932e-39 2
0.457448 0.625073 0.851078 2.58004e-39 2
-1.08495 1.33572 1.77953 3.13358e-39 2
-1.22297 1.54663 2.06051 4.70091e-39 2
-1.25577 1.63255 2.17498 4.24065e-39 2
-1.29243 1.72858 2.30292 4.05697e-39 2
-1.21935 1.67919 2.23712 3.0421e-39 2
-1.20035 1.70353 2.26954 3.31905e-39 2
-1.08506 1.58843 2.11619 4.24028e-39 2
-1.05087 1.58843 2.11619 3.41052e-39 2
-0.895641 1.39933 1.86427 4.42539e-39 2
-1.00977 1.63255 2.17498 3.78002e-39 2
-0.701734 1.17544 1.56598 2.76623e-39 2
-0.545509 0.947932 1.26289 4.05697e-39 2
-0.108893 1.06858 1.42362 3.78002e-39 2
-0.0858907 1.06858 1.42362 2.85735e-39 2
-0.0617656 1.0495 1.3982 2.85735e-39 2
-0.0371824 0.996132 1.32711 3.87222e-39 2
-0.0154775 0.97953 1.30499 3.31904e-39 2
0.00560773 0.97953 1.30499 4.42467e-39 2
0.0271454 0.996132 1.32711 4.14808e-39 2
0.0511909 1.0495 1.3982 4.70161e-39 2
0.071238 1.01331 1.34999 4.51614e-39 2
0.0922549 1.00465 1.33845 4.05372e-39 2
0.123371 1.08837 1.44999 4.23919e-39 2
0.146799 1.08837 1.44999 3.7793e-39 2
0.167132 1.06858 1.42362 3.22505e-39 2
0.217862 1.22441 1.63123 3.22361e-39 2
0.289316 0.778434 1.03708 3.22469e-39 2
0.512774 1.17544 1.56598 3.77858e-39 2
0.538077 1.17544 1.56598 3.13141e-39 2
0.515553 0.947932 1.26289 4.97712e-39 2
0.503476 0.890482 1.18635 4.88348e-39 2
0.492779 0.839597 1.11856 5.25155e-39 2
0.458457 0.753484 1.00384 7.09726e-39 2
0.468667 0.743947 0.991129 5.06895e-39 2
0.472714 0.725578 0.966657 5.80724e-39 2
0.488333 0.725578 0.966657 5.62249e-39 2
0.491808 0.708094 0.943364 4.51614e-39 2
0.457448 0.638824 0.851078 3.40908e-39 2
