# .PCD v0.7 - Point Cloud Data file format
VERSION 0.7
FIELDS x y z rgb label
SIZE 4 4 4 4 4
TYPE F F F F U
COUNT 1 1 1 1 1
WIDTH 4835
HEIGHT 1
VIEWPOINT 0 0 0 1 0 0 0
POINTS 4835
DATA ascii
-1.21688 -2.2921 2.44685 2.09249e-38 1
-1.17687 -2.2921 2.44685 2.12936e-38 1
-1.13685 -2.2921 2.44685 2.13858e-38 1
-1.09683 -2.2921 2.44685 2.12936e-38 1
-1.07359 -2.32848 2.48569 2.09245e-38 1
-0.821269 -2.00951 2.14518 2.0188e-38 1
-1.15876 -2.21743 2.40921 2.16624e-38 1
-1.13685 -2.25208 2.44685 2.11092e-38 1
-1.13221 -2.32473 2.52578 2.10171e-38 1
-1.10879 -2.36284 2.56719 2.07405e-38 1
-1.0168 -2.25208 2.44685 2.02802e-38 1
-0.91932 -2.1196 2.30292 2.05568e-38 1
-1.21483 -2.28342 2.52578 2.12936e-38 1
-1.17352 -2.28342 2.52578 2.12014e-38 1
-1.18978 -2.39952 2.65421 2.11092e-38 1
-1.14637 -2.39952 2.65421 2.09249e-38 1
-1.0496 -2.28342 2.52578 2.04646e-38 1
-0.947178 -2.14503 2.3727 2.07412e-38 1
0.979355 -1.76965 1.95748 1.8531e-38 1
0.998883 -1.7478 1.93331 1.86232e-38 1
0.938797 -1.78219 2.00767 1.8347e-38 1
0.947341 -1.73764 1.95748 1.86232e-38 1
0.979355 -1.73764 1.95748 1.83466e-38 1
0.986702 -1.69525 1.90974 1.79778e-38 1
0.926913 -1.72721 1.98226 1.8347e-38 1
0.924235 -1.66402 1.90974 1.83466e-38 1
0.967264 -1.68456 1.93331 1.8531e-38 1
0.974814 -1.64397 1.88673 1.82544e-38 1
1.11163 -1.66402 1.90974 1.82548e-38 1
1.11566 -1.6244 1.86427 1.82541e-38 1
0.926913 -1.69479 1.98226 1.86236e-38 1
0.935645 -1.65295 1.93331 1.83466e-38 1
0.932719 -1.59391 1.86427 1.81622e-38 1
0.940809 -1.55684 1.82091 1.807e-38 1
1.00567 -1.61312 1.88673 1.807e-38 1
0.995426 -1.50437 1.75953 1.84388e-38 1
1.04775 -1.53895 1.79998 1.83466e-38 1
1.07719 -1.53895 1.79998 1.79782e-38 1
0.943957 -1.58226 1.88673 1.83466e-38 1
0.974814 -1.58226 1.88673 1.807e-38 1
1.05659 -1.66237 1.98226 1.83466e-38 1
1.0754 -1.64159 1.95748 1.81622e-38 1
1.00674 -1.49236 1.77953 1.84388e-38 1
1.0724 -1.54503 1.84233 1.83466e-38 1
1.08971 -1.52706 1.82091 1.81626e-38 1
-1.80362 -1.76392 2.14518 2.10167e-38 1
-1.76854 -1.76392 2.14518 2.10167e-38 1
-1.73345 -1.76392 2.14518 2.13855e-38 1
-1.36676 -4.76912 5.79994 2.02809e-38 1
0.998883 -1.58971 1.93331 1.81626e-38 1
1.0983 -1.69429 2.06051 1.81622e-38 1
1.0724 -1.5149 1.84233 1.79778e-38 1
1.08971 -1.49728 1.82091 1.81626e-38 1
-1.80362 -1.72884 2.14518 2.12011e-38 1
-1.76854 -1.72884 2.14518 2.12011e-38 1
-1.73345 -1.72884 2.14518 2.11089e-38 1
-1.46161 -4.67427 5.79994 2.03731e-38 1
-1.36676 -4.67427 5.79994 2.01887e-38 1
1.19244 -1.80293 2.23712 1.82544e-38 1
-1.77925 -1.67087 2.11619 2.09245e-38 1
-1.74464 -1.67087 2.11619 2.08323e-38 1
-1.71003 -1.67087 2.11619 2.11089e-38 1
-1.74621 -1.74147 2.20561 2.11089e-38 1
-1.71014 -1.74147 2.20561 2.09245e-38 1
1.20972 -1.79194 2.26954 1.82548e-38 1
3.2555 -4.41586 5.5928 1.77938e-38 1
3.12384 -4.12147 5.21995 1.77016e-38 1
2.83166 -3.63659 4.60584 1.77016e-38 1
3.63607 -4.12147 5.21995 1.75172e-38 1
-1.93624 -1.78063 2.30292 2.09245e-38 1
-1.84433 -1.72976 2.23712 2.08323e-38 1
-1.78228 -1.70539 2.20561 2.12933e-38 1
-1.74621 -1.70539 2.20561 2.08323e-38 1
-1.71014 -1.70539 2.20561 2.09245e-38 1
2.45502 -3.56126 4.60584 1.79782e-38 1
3.20921 -4.0361 5.21995 1.77016e-38 1
-2.1944 -1.97536 2.60997 2.05557e-38 1
-2.01724 -1.8519 2.44685 2.06479e-38 1
-1.86091 -1.74297 2.30292 2.10167e-38 1
-1.79682 -1.71771 2.26954 2.03713e-38 1
-1.73457 -1.69317 2.23712 2.12e-38 1
2.45502 -3.48593 4.60584 1.79782e-38 1
3.20921 -3.95073 5.21995 1.77016e-38 1
-1.79682 -1.68059 2.26954 2.09245e-38 1
-1.73457 -1.65658 2.23712 2.09234e-38 1
2.78236 -3.86535 5.21995 1.7886e-38 1
3.43844 -4.14145 5.5928 1.77016e-38 1
-1.64081 -1.53243 2.11619 2.0739e-38 1
2.45502 -3.33528 4.60584 1.78853e-38 1
3.07256 -4.04998 5.5928 1.79775e-38 1
2.9531 -3.77998 5.21995 1.74243e-38 1
3.2555 -4.04998 5.5928 1.75172e-38 1
3.34697 -4.04998 5.5928 1.75172e-38 1
3.20921 -3.77998 5.21995 1.73328e-38 1
3.52991 -4.04998 5.5928 1.7425e-38 1
3.98725 -4.04998 5.5928 1.7425e-38 1
-1.97722 -1.73185 2.44685 2.02791e-38 1
-1.79682 -1.60635 2.26954 2.02791e-38 1
-1.73457 -1.58341 2.23712 2.0555e-38 1
2.07838 -3.25995 4.60584 1.81626e-38 1
2.70669 -3.95851 5.5928 1.80697e-38 1
2.88963 -3.95851 5.5928 1.78853e-38 1
2.60846 -3.4637 4.8937 1.77931e-38 1
3.07256 -3.95851 5.5928 1.77009e-38 1
2.9531 -3.69461 5.21995 1.78853e-38 1
3.2555 -3.95851 5.5928 1.77016e-38 1
3.12384 -3.69461 5.21995 1.77016e-38 1
3.20921 -3.69461 5.21995 1.75172e-38 1
3.52991 -3.95851 5.5928 1.72406e-38 1
3.62138 -3.95851 5.5928 1.71484e-38 1
3.80432 -3.95851 5.5928 1.73321e-38 1
3.89578 -3.95851 5.5928 1.71484e-38 1
3.98725 -3.95851 5.5928 1.70562e-38 1
4.26166 -3.95851 5.5928 1.70562e-38 1
-2.0086 -1.71869 2.48569 2.00947e-38 1
-1.82325 -1.59231 2.30292 2.03713e-38 1
-1.78558 -1.59231 2.30292 2.03713e-38 1
2.43228 -3.86704 5.5928 1.80697e-38 1
2.07838 -3.18462 4.60584 1.78853e-38 1
2.61522 -3.86704 5.5928 1.78853e-38 1
2.70669 -3.86704 5.5928 1.77931e-38 1
2.79816 -3.86704 5.5928 1.77931e-38 1
2.52842 -3.38366 4.8937 1.79775e-38 1
2.60846 -3.38366 4.8937 1.82541e-38 1
3.07256 -3.86704 5.5928 1.75165e-38 1
2.9531 -3.60924 5.21995 1.77931e-38 1
3.03847 -3.60924 5.21995 1.75172e-38 1
2.9286 -3.38366 4.8937 1.76094e-38 1
3.20921 -3.60924 5.21995 1.73328e-38 1
3.52991 -3.86704 5.5928 1.7425e-38 1
3.62138 -3.86704 5.5928 1.73328e-38 1
3.80432 -3.86704 5.5928 1.74243e-38 1
3.89578 -3.86704 5.5928 1.67797e-38 1
3.72144 -3.60924 5.21995 1.67797e-38 1
4.26166 -3.86704 5.5928 1.70562e-38 1
-1.8785 -1.60176 2.3727 2.00025e-38 1
-0.907463 -1.27369 1.88673 2.01873e-38 1
1.82063 -2.93656 4.34996 1.78853e-38 1
2.43228 -3.77558 5.5928 1.81619e-38 1
2.07838 -3.1093 4.60584 1.78853e-38 1
2.61522 -3.77558 5.5928 1.79775e-38 1
2.70669 -3.77558 5.5928 1.77009e-38 1
2.79816 -3.77558 5.5928 1.76087e-38 1
2.52842 -3.30363 4.8937 1.77009e-38 1
2.60846 -3.30363 4.8937 1.76087e-38 1
3.07256 -3.77558 5.5928 1.75165e-38 1
2.9531 -3.52387 5.21995 1.76087e-38 1
3.03847 -3.52387 5.21995 1.73328e-38 1
2.9286 -3.30363 4.8937 1.7425e-38 1
3.20921 -3.52387 5.21995 1.71484e-38 1
3.52991 -3.77558 5.5928 1.72406e-38 1
3.62138 -3.77558 5.5928 1.72406e-38 1
3.55069 -3.52387 5.21995 1.72399e-38 1
3.63607 -3.52387 5.21995 1.68719e-38 1
3.72144 -3.52387 5.21995 1.65953e-38 1
3.97755 -3.52387 5.21995 1.70562e-38 1
-2.01525 -2.29233 3.47996 2.03713e-38 1
-0.961488 -1.27352 1.93331 2.02795e-38 1
-0.91853 -1.25799 1.90974 2.00951e-38 1
-0.825849 -1.21359 1.84233 2.01873e-38 1
-0.805191 -1.22804 1.86427 2.01873e-38 1
1.72481 -2.71461 4.12101 1.77931e-38 1
2.43228 -3.68411 5.5928 1.78853e-38 1
2.07838 -3.03397 4.60584 1.78853e-38 1
2.61522 -3.68411 5.5928 1.77931e-38 1
2.70669 -3.68411 5.5928 1.76087e-38 1
2.79816 -3.68411 5.5928 1.77931e-38 1
2.52842 -3.22359 4.8937 1.77009e-38 1
2.6926 -3.32758 5.05156 1.78846e-38 1
2.86773 -3.4385 5.21995 1.77002e-38 1
3.05493 -3.55707 5.39995 1.76094e-38 1
3.03847 -3.4385 5.21995 1.71492e-38 1
3.23156 -3.55707 5.39995 1.76094e-38 1
3.56579 -3.82055 5.79994 1.70562e-38 1
3.66065 -3.82055 5.79994 1.6964e-38 1
3.85036 -3.82055 5.79994 1.70562e-38 1
3.80432 -3.68411 5.5928 1.76094e-38 1
3.89578 -3.68411 5.5928 1.65031e-38 1
3.72144 -3.4385 5.21995 1.6964e-38 1
3.97755 -3.4385 5.21995 1.75172e-38 1
4.35313 -3.68411 5.5928 1.68719e-38 1
-1.91576 -2.18682 3.40431 2.00947e-38 1
-1.02474 -1.3236 2.06051 2.01873e-38 1
-0.929869 -1.2419 1.93331 2.00029e-38 1
-0.887296 -1.22675 1.90974 2.02795e-38 1
-0.83568 -1.19755 1.86427 1.99107e-38 1
-0.82483 -1.22675 1.90974 2.00951e-38 1
1.82063 -2.79427 4.34996 1.78853e-38 1
2.43228 -3.59264 5.5928 1.78853e-38 1
2.90179 -3.7257 5.79994 1.76087e-38 1
2.99665 -3.7257 5.79994 1.77012e-38 1
2.9811 -3.59264 5.5928 1.77924e-38 1
2.86773 -3.35313 5.21995 1.74243e-38 1
3.05493 -3.46875 5.39995 1.7425e-38 1
2.94045 -3.24496 5.05156 1.71484e-38 1
3.12384 -3.35313 5.21995 1.6964e-38 1
3.20921 -3.35313 5.21995 1.68722e-38 1
3.40819 -3.46875 5.39995 1.71484e-38 1
3.4965 -3.46875 5.39995 1.70562e-38 1
3.58482 -3.46875 5.39995 1.67797e-38 1
3.67313 -3.46875 5.39995 1.72406e-38 1
3.76145 -3.46875 5.39995 1.70562e-38 1
3.72144 -3.35313 5.21995 1.66875e-38 1
3.80681 -3.35313 5.21995 1.65963e-38 1
3.97755 -3.35313 5.21995 1.68719e-38 1
4.35313 -3.59264 5.5928 1.65953e-38 1
-0.991045 -1.2899 2.06051 2.01873e-38 1
-0.944913 -1.27315 2.03375 2.00951e-38 1
-0.856063 -1.19552 1.90974 2.00029e-38 1
-0.82483 -1.19552 1.90974 2.01873e-38 1
2.71208 -3.63084 5.79994 1.81619e-38 1
2.80694 -3.63084 5.79994 1.76087e-38 1
2.70167 -3.38044 5.39995 1.75169e-38 1
2.78998 -3.38044 5.39995 1.73325e-38 1
2.8783 -3.38044 5.39995 1.70559e-38 1
2.86773 -3.26776 5.21995 1.72403e-38 1
2.9531 -3.26776 5.21995 1.72403e-38 1
2.94045 -3.16235 5.05156 1.67797e-38 1
3.02307 -3.16235 5.05156 1.65031e-38 1
3.20921 -3.26776 5.21995 1.66878e-38 1
3.29458 -3.26776 5.21995 1.73332e-38 1
3.37995 -3.26776 5.21995 1.75172e-38 1
3.46532 -3.26776 5.21995 1.68718e-38 1
3.55069 -3.26776 5.21995 1.6964e-38 1
3.76145 -3.38044 5.39995 1.75172e-38 1
3.72144 -3.26776 5.21995 1.6964e-38 1
3.56888 -3.06352 4.8937 1.68719e-38 1
4.17019 -3.50117 5.5928 1.6964e-38 1
3.97755 -3.26776 5.21995 1.71484e-38 1
4.20302 -3.38044 5.39995 1.59506e-38 1
4.4446 -3.50117 5.5928 1.70562e-38 1
-1.14917 -1.36388 2.23712 2.00029e-38 1
-1.11258 -1.36388 2.23712 1.99107e-38 1
-0.856152 -1.2085 1.98226 1.99107e-38 1
-0.813436 -1.19339 1.95748 2.00951e-38 1
-0.744212 -1.13657 1.86427 2.00029e-38 1
-0.323334 -3.53598 5.79994 1.93583e-38 1
2.71208 -3.53598 5.79994 1.77009e-38 1
2.70669 -3.4097 5.5928 1.74247e-38 1
2.70167 -3.29212 5.39995 1.74247e-38 1
2.78998 -3.29212 5.39995 1.72403e-38 1
2.78236 -3.18239 5.21995 1.75169e-38 1
2.86773 -3.18239 5.21995 1.72403e-38 1
2.9531 -3.18239 5.21995 1.75169e-38 1
2.94045 -3.07973 5.05156 1.72403e-38 1
3.02307 -3.07973 5.05156 1.7241e-38 1
3.20921 -3.18239 5.21995 1.86243e-38 1
3.1883 -3.07973 5.05156 7.56115e-39 1
3.37995 -3.18239 5.21995 1.30003e-38 1
3.46532 -3.18239 5.21995 1.7241e-38 1
3.55069 -3.18239 5.21995 1.65953e-38 1
3.63607 -3.18239 5.21995 1.64109e-38 1
3.60139 -3.07973 5.05156 1.65953e-38 1
3.56888 -2.98349 4.8937 1.67797e-38 1
3.64892 -2.98349 4.8937 1.6964e-38 1
3.5096 -2.80799 4.60584 1.64116e-38 1
3.69356 -2.89308 4.74541 1.62272e-38 1
4.4446 -3.4097 5.5928 1.62265e-38 1
-0.856152 -1.17608 1.98226 1.96352e-38 1
-0.813436 -1.16138 1.95748 1.98196e-38 1
-0.301036 -3.20381 5.39995 1.9082e-38 1
-0.212721 -3.20381 5.39995 1.88976e-38 1
2.33265 -3.44113 5.79994 1.77009e-38 1
2.34081 -3.31823 5.5928 1.76087e-38 1
2.52237 -3.44113 5.79994 1.77931e-38 1
2.52504 -3.20381 5.39995 1.77013e-38 1
2.61335 -3.20381 5.39995 1.74247e-38 1
2.70167 -3.20381 5.39995 1.77009e-38 1
2.78998 -3.20381 5.39995 1.79785e-38 1
2.78236 -3.09702 5.21995 1.7425e-38 1
2.86773 -3.09702 5.21995 1.7886e-38 1
2.9531 -3.09702 5.21995 1.77927e-38 1
2.94045 -2.99711 5.05156 9.58766e-39 1
3.12384 -3.09702 5.21995 1.78867e-38 1
3.10569 -2.99711 5.05156 8.20687e-39 1
3.1883 -2.99711 5.05156 6.36296e-39 1
3.37995 -3.09702 5.21995 5.71687e-39 1
3.46532 -3.09702 5.21995 1.75165e-38 1
3.55069 -3.09702 5.21995 1.79768e-38 1
3.63607 -3.09702 5.21995 1.69633e-38 1
3.60139 -2.99711 5.05156 1.68711e-38 1
3.56888 -2.90345 4.8937 1.67797e-38 1
3.64892 -2.90345 4.8937 1.65953e-38 1
3.5096 -2.73266 4.60584 1.6964e-38 1
3.69356 -2.81547 4.74541 1.66875e-38 1
4.4446 -3.31823 5.5928 1.70555e-38 1
-0.281614 -2.91449 5.05156 1.88054e-38 1
-0.20563 -3.01164 5.21995 1.88054e-38 1
-0.128849 -3.22676 5.5928 1.8714e-38 1
2.42751 -3.34627 5.79994 1.76087e-38 1
2.61522 -3.22676 5.5928 1.70555e-38 1
2.70669 -3.22676 5.5928 1.78849e-38 1
2.70167 -3.11549 5.39995 7.00726e-39 1
2.78998 -3.11549 5.39995 6.08601e-39 1
2.8783 -3.11549 5.39995 7.74517e-39 1
2.86773 -3.01164 5.21995 6.17821e-39 1
2.9531 -3.01164 5.21995 6.54699e-39 1
3.03847 -3.01164 5.21995 5.25661e-39 1
3.12384 -3.01164 5.21995 4.05806e-39 1
3.10569 -2.91449 5.05156 5.90306e-39 1
3.1883 -2.91449 5.05156 6.08709e-39 1
3.37995 -3.01164 5.21995 6.45443e-39 1
3.46532 -3.01164 5.21995 5.16262e-39 1
3.55069 -3.01164 5.21995 1.74239e-38 1
3.63607 -3.01164 5.21995 1.61339e-38 1
3.60139 -2.91449 5.05156 1.71477e-38 1
3.56888 -2.82342 4.8937 1.65031e-38 1
3.64892 -2.82342 4.8937 1.67797e-38 1
3.84924 -2.91449 5.05156 1.67797e-38 1
4.35313 -3.22676 5.5928 1.65031e-38 1
4.4446 -3.22676 5.5928 1.66867e-38 1
-0.281614 -2.83188 5.05156 1.91742e-38 1
-0.198997 -2.83188 5.05156 1.88054e-38 1
2.42751 -3.25142 5.79994 1.73321e-38 1
2.52237 -3.25142 5.79994 1.74243e-38 1
2.61722 -3.25142 5.79994 1.73321e-38 1
2.52504 -3.02718 5.39995 1.7147e-38 1
2.61335 -3.02718 5.39995 5.71544e-39 1
2.70167 -3.02718 5.39995 5.44064e-39 1
2.88963 -3.13529 5.5928 4.98146e-39 1
2.8783 -3.02718 5.39995 1.07883e-38 1
2.96661 -3.02718 5.39995 4.88747e-39 1
2.9531 -2.92627 5.21995 5.80943e-39 1
3.03847 -2.92627 5.21995 3.96659e-39 1
3.12384 -2.92627 5.21995 4.61124e-39 1
3.20921 -2.92627 5.21995 4.42757e-39 1
3.29458 -2.92627 5.21995 3.13683e-39 1
3.37995 -2.92627 5.21995 4.79491e-39 1
3.46532 -2.92627 5.21995 6.54555e-39 1
3.55069 -2.92627 5.21995 1.81615e-38 1
3.63607 -2.92627 5.21995 1.65027e-38 1
3.60139 -2.83188 5.05156 1.70559e-38 1
3.56888 -2.74338 4.8937 1.67797e-38 1
3.76662 -2.83188 5.05156 1.6964e-38 1
4.4195 -3.25142 5.79994 1.67797e-38 1
2.42751 -3.15656 5.79994 1.75165e-38 1
2.52237 -3.15656 5.79994 1.73321e-38 1
2.52375 -3.04382 5.5928 1.75172e-38 1
2.52504 -2.93886 5.39995 7.83629e-39 1
2.61335 -2.93886 5.39995 5.90126e-39 1
2.70167 -2.93886 5.39995 5.44172e-39 1
2.88963 -3.04382 5.5928 4.70415e-39 1
2.9811 -3.04382 5.5928 5.99238e-39 1
2.96661 -2.93886 5.39995 1.28145e-38 1
3.05493 -2.93886 5.39995 5.43993e-39 1
3.2555 -3.04382 5.5928 5.71723e-39 1
3.34697 -3.04382 5.5928 5.71651e-39 1
3.43844 -3.04382 5.5928 4.51797e-39 1
3.52991 -3.04382 5.5928 6.0853e-39 1
3.4965 -2.93886 5.39995 6.45229e-39 1
3.58482 -2.93886 5.39995 1.79778e-38 1
3.80432 -3.04382 5.5928 1.63176e-38 1
3.63607 -2.8409 5.21995 1.62261e-38 1
3.72144 -2.8409 5.21995 1.65023e-38 1
3.56888 -2.66335 4.8937 1.64109e-38 1
4.02639 -2.93886 5.39995 1.64109e-38 1
1.19037 -2.06665 3.91496 1.77002e-38 1
2.42751 -3.0617 5.79994 1.73314e-38 1
2.52237 -3.0617 5.79994 1.74239e-38 1
2.52375 -2.95235 5.5928 1.27223e-38 1
2.61522 -2.95235 5.5928 6.26969e-39 1
2.80694 -3.0617 5.79994 4.42649e-39 1
2.90179 -3.0617 5.79994 5.3488e-39 1
2.99665 -3.0617 5.79994 5.16406e-39 1
3.09151 -3.0617 5.79994 5.43921e-39 1
3.07256 -2.95235 5.5928 9.58765e-39 1
3.16403 -2.95235 5.5928 8.85009e-39 1
3.37608 -3.0617 5.79994 5.07042e-39 1
3.47093 -3.0617 5.79994 5.34666e-39 1
3.56579 -3.0617 5.79994 1.08784e-38 1
3.66065 -3.0617 5.79994 9.95572e-39 1
3.7555 -3.0617 5.79994 7.09766e-39 1
3.85036 -3.0617 5.79994 7.65083e-39 1
3.94522 -3.0617 5.79994 1.64094e-38 1
3.89578 -2.95235 5.5928 1.8531e-38 1
3.84976 -2.85055 5.39995 1.64109e-38 1
3.68401 -2.66664 5.05156 1.64109e-38 1
4.17019 -2.95235 5.5928 1.62265e-38 1
1.12634 -2.00262 3.91496 1.77002e-38 1
1.19037 -2.00262 3.91496 1.77002e-38 1
2.33265 -2.96684 5.79994 1.76076e-38 1
2.34081 -2.86089 5.5928 1.77002e-38 1
2.52237 -2.96684 5.79994 1.70552e-38 1
2.52375 -2.86089 5.5928 5.16226e-39 1
2.61522 -2.86089 5.5928 5.53213e-39 1
2.80694 -2.96684 5.79994 6.54699e-39 1
2.90179 -2.96684 5.79994 6.82358e-39 1
3.09151 -2.96684 5.79994 4.60909e-39 1
3.18636 -2.96684 5.79994 4.51618e-39 1
3.28122 -2.96684 5.79994 7.74302e-39 1
3.7555 -2.96684 5.79994 7.65011e-39 1
3.85036 -2.96684 5.79994 5.53034e-39 1
4.04007 -2.96684 5.79994 1.61339e-38 1
4.13493 -2.96684 5.79994 1.59499e-38 1
3.93808 -2.76223 5.39995 1.63187e-38 1
4.32464 -2.96684 5.79994 1.64109e-38 1
1.24978 -2.2807 4.60584 1.74232e-38 1
1.40793 -2.42324 4.8937 1.78842e-38 1
1.32263 -2.15399 4.34996 1.75154e-38 1
2.52375 -2.76942 5.5928 1.70555e-38 1
2.61522 -2.76942 5.5928 1.31844e-38 1
2.80694 -2.87199 5.79994 3.9648e-39 1
2.90179 -2.87199 5.79994 5.34666e-39 1
3.18636 -2.87199 5.79994 5.52997e-39 1
3.28122 -2.87199 5.79994 4.23923e-39 1
1.41642 -2.49942 5.21995 1.74232e-38 1
1.60906 -2.67795 5.5928 1.74232e-38 1
1.25302 -1.97323 4.12101 1.76076e-38 1
2.52375 -2.67795 5.5928 1.68708e-38 1
2.61522 -2.67795 5.5928 1.39216e-38 1
2.80694 -2.77713 5.79994 1.53049e-38 1
2.90179 -2.77713 5.79994 5.43813e-39 1
1.51759 -2.58648 5.5928 1.7608e-38 1
1.60906 -2.58648 5.5928 1.77002e-38 1
1.32263 -2.01171 4.34996 1.74236e-38 1
1.792 -2.58648 5.5928 1.7608e-38 1
2.42751 -2.68227 5.79994 1.69633e-38 1
2.52237 -2.68227 5.79994 1.67789e-38 1
2.52375 -2.58648 5.5928 1.69637e-38 1
2.61522 -2.58648 5.5928 1.70559e-38 1
2.80694 -2.68227 5.79994 1.61343e-38 1
2.90179 -2.68227 5.79994 1.36453e-38 1
1.41642 -2.32868 5.21995 1.7147e-38 1
1.50179 -2.32868 5.21995 1.7147e-38 1
1.32263 -1.94056 4.34996 1.72392e-38 1
1.67253 -2.32868 5.21995 1.7608e-38 1
2.61722 -2.58742 5.79994 1.69633e-38 1
2.71208 -2.58742 5.79994 1.71466e-38 1
1.32789 -2.1031 4.8937 1.7147e-38 1
1.50179 -2.24331 5.21995 1.72392e-38 1
1.32263 -1.86942 4.34996 1.70548e-38 1
1.67253 -2.24331 5.21995 1.73314e-38 1
1.7579 -2.24331 5.21995 1.69623e-38 1
2.71208 -2.49256 5.79994 1.75147e-38 1
2.80694 -2.49256 5.79994 1.72392e-38 1
2.90179 -2.49256 5.79994 1.29989e-38 1
0.998286 -1.61845 3.91496 1.6964e-38 1
1.32789 -2.02306 4.8937 1.70548e-38 1
1.50179 -2.15793 5.21995 1.67782e-38 1
1.48796 -2.02306 4.8937 1.70548e-38 1
1.61858 -2.08832 5.05156 1.70548e-38 1
1.7579 -2.15793 5.21995 1.68701e-38 1
2.04808 -2.3977 5.79994 1.68704e-38 1
2.14294 -2.3977 5.79994 1.68704e-38 1
2.71208 -2.3977 5.79994 1.64102e-38 1
0.998286 -1.55442 3.91496 1.69626e-38 1
1.32789 -1.94303 4.8937 1.69626e-38 1
1.50179 -2.07256 5.21995 1.67782e-38 1
1.48796 -1.94303 4.8937 1.67782e-38 1
1.61858 -2.00571 5.05156 1.70548e-38 1
1.7012 -2.00571 5.05156 1.70548e-38 1
2.04808 -2.30285 5.79994 1.67782e-38 1
2.14294 -2.30285 5.79994 1.7147e-38 1
2.2378 -2.30285 5.79994 1.09702e-38 1
3.18636 -2.30285 5.79994 8.75718e-39 1
3.28122 -2.30285 5.79994 1.48428e-38 1
3.37608 -2.30285 5.79994 1.69626e-38 1
1.03806 -1.65599 4.34996 1.6686e-38 1
1.05083 -1.56884 4.12101 1.68704e-38 1
1.24978 -1.7534 4.60584 1.69626e-38 1
1.50179 -1.98719 5.21995 1.67782e-38 1
1.48796 -1.86299 4.8937 1.68704e-38 1
1.73021 -2.05572 5.39995 1.67782e-38 1
1.81852 -2.05572 5.39995 1.6686e-38 1
1.97494 -2.12913 5.5928 1.67782e-38 1
2.06641 -2.12913 5.5928 1.72392e-38 1
2.2378 -2.20799 5.79994 8.20472e-39 1
2.33265 -2.20799 5.79994 1.64101e-38 1
3.18636 -2.20799 5.79994 1.65942e-38 1
3.28122 -2.20799 5.79994 1.70551e-38 1
3.37608 -2.20799 5.79994 1.35514e-38 1
-0.905997 -0.826879 2.26954 1.73303e-38 1
1.16782 -1.78296 4.8937 1.67782e-38 1
1.10921 -1.58485 4.34996 1.67782e-38 1
1.32789 -1.78296 4.8937 1.64094e-38 1
1.60906 -2.03767 5.5928 1.65938e-38 1
1.58716 -1.90182 5.21995 1.65938e-38 1
1.73021 -1.9674 5.39995 1.67782e-38 1
1.81852 -1.9674 5.39995 1.6686e-38 1
1.97494 -2.03767 5.5928 1.6686e-38 1
2.06641 -2.03767 5.5928 1.65938e-38 1
2.2378 -2.11313 5.79994 1.6502e-38 1
2.33265 -2.11313 5.79994 7.83523e-39 1
3.18636 -2.11313 5.79994 1.74239e-38 1
3.28122 -2.11313 5.79994 1.39201e-38 1
-0.893054 -0.778479 2.23712 1.74232e-38 1
-0.908373 -0.825659 2.3727 1.74225e-38 1
1.24568 -1.81645 5.21995 1.67782e-38 1
1.17445 -1.60275 4.60584 1.65016e-38 1
1.32789 -1.70292 4.8937 1.6686e-38 1
1.64189 -1.87909 5.39995 1.65938e-38 1
1.73021 -1.87909 5.39995 1.64094e-38 1
1.81852 -1.87909 5.39995 1.65938e-38 1
1.97494 -1.9462 5.5928 1.65016e-38 1
2.06641 -1.9462 5.5928 1.6225e-38 1
2.15787 -1.9462 5.5928 1.64094e-38 1
2.24934 -1.9462 5.5928 1.24447e-38 1
2.42751 -2.01828 5.79994 6.45229e-39 1
2.52237 -2.01828 5.79994 6.82107e-39 1
2.99665 -2.01828 5.79994 6.4512e-39 1
3.09151 -2.01828 5.79994 1.50268e-38 1
-1.02482 -0.85135 2.56719 1.67778e-38 1
-0.98283 -0.85135 2.56719 1.70544e-38 1
-0.956525 -0.86554 2.60997 1.69622e-38 1
-0.898859 -0.85135 2.56719 1.66857e-38 1
1.33105 -1.73108 5.21995 1.65016e-38 1
1.41642 -1.73108 5.21995 1.64105e-38 1
1.64189 -1.79077 5.39995 1.61339e-38 1
1.73021 -1.79077 5.39995 1.61339e-38 1
1.81852 -1.79077 5.39995 1.64094e-38 1
1.97494 -1.85473 5.5928 1.67782e-38 1
2.06641 -1.85473 5.5928 1.63172e-38 1
2.15787 -1.85473 5.5928 1.62261e-38 1
2.24934 -1.85473 5.5928 1.56715e-38 1
2.42751 -1.92342 5.79994 1.02323e-38 1
2.52237 -1.92342 5.79994 1.17074e-38 1
2.61722 -1.92342 5.79994 1.56722e-38 1
2.80694 -1.92342 5.79994 1.19844e-38 1
2.90179 -1.92342 5.79994 7.55718e-39 1
2.99665 -1.92342 5.79994 4.14739e-39 1
3.09151 -1.92342 5.79994 4.24031e-39 1
-0.98283 -0.809365 2.56719 1.687e-38 1
-0.956525 -0.822854 2.60997 1.67778e-38 1
-0.884361 -0.79631 2.52578 1.67778e-38 1
1.85837 -1.82856 5.79994 1.60417e-38 1
1.95323 -1.82856 5.79994 1.64094e-38 1
2.04808 -1.82856 5.79994 1.28138e-38 1
2.14294 -1.82856 5.79994 1.6225e-38 1
2.2378 -1.82856 5.79994 1.59495e-38 1
2.33265 -1.82856 5.79994 1.65935e-38 1
2.42751 -1.82856 5.79994 1.62247e-38 1
2.52237 -1.82856 5.79994 1.66857e-38 1
2.61722 -1.82856 5.79994 1.73314e-38 1
2.71208 -1.82856 5.79994 1.59492e-38 1
2.80694 -1.82856 5.79994 6.26789e-39 1
2.90179 -1.82856 5.79994 6.72814e-39 1
2.88963 -1.76326 5.5928 1.65938e-38 1
3.09151 -1.82856 5.79994 1.6041e-38 1
-1.67136 -1.11453 3.72853 1.67778e-38 1
-1.53718 -1.06387 3.55906 1.66857e-38 1
-1.44611 -1.04022 3.47996 1.66857e-38 1
-0.940844 -0.767379 2.56719 1.66857e-38 1
-0.870323 -0.743018 2.48569 1.67778e-38 1
2.71208 -1.73371 5.79994 6.63703e-39 1
2.80694 -1.73371 5.79994 6.26788e-39 1
2.90179 -1.73371 5.79994 5.62251e-39 1
2.88963 -1.67179 5.5928 1.60406e-38 1
3.09151 -1.73371 5.79994 1.58559e-38 1
-1.89722 -1.19592 4.23239 1.65935e-38 1
-1.61038 -1.05355 3.72853 1.65935e-38 1
2.71208 -1.63885 5.79994 1.18918e-38 1
2.80694 -1.63885 5.79994 6.91253e-39 1
2.90179 -1.63885 5.79994 5.89982e-39 1
2.99665 -1.63885 5.79994 6.54448e-39 1
3.09151 -1.63885 5.79994 7.37317e-39 1
2.61522 -1.48885 5.5928 1.54874e-38 1
2.70669 -1.48885 5.5928 7.74157e-39 1
2.90179 -1.54399 5.79994 8.01852e-39 1
2.99665 -1.54399 5.79994 1.55804e-38 1
2.71208 -1.44914 5.79994 1.59484e-38 1
2.80694 -1.44914 5.79994 7.64937e-39 1
2.90179 -1.44914 5.79994 6.63523e-39 1
2.80694 -1.35428 5.79994 8.29474e-39 1
2.80694 -1.25942 5.79994 1.06e-38 1
2.80694 -1.06971 5.79994 5.89873e-39 1
2.90179 -1.06971 5.79994 1.06926e-38 1
2.80694 -0.974855 5.79994 4.88278e-39 1
2.90179 -0.974855 5.79994 5.62107e-39 1
2.99665 -0.974855 5.79994 9.86316e-39 1
2.70669 -0.848569 5.5928 7.27914e-39 2
2.79816 -0.848569 5.5928 4.79023e-39 2
2.88963 -0.848569 5.5928 1.09691e-38 2
2.9811 -0.848569 5.5928 9.1263e-39 2
6.73132 -0.848569 5.5928 7.65651e-39 2
6.82279 -0.848569 5.5928 7.37992e-39 2
6.91426 -0.848569 5.5928 7.74798e-39 2
2.71208 -0.785141 5.79994 9.58295e-39 2
2.70669 -0.7571 5.5928 7.18694e-39 2
2.79816 -0.7571 5.5928 4.51543e-39 2
2.78998 -0.730993 5.39995 6.08455e-39 2
2.8783 -0.730993 5.39995 4.42574e-39 2
2.96661 -0.730993 5.39995 9.77344e-39 2
3.28122 -0.785141 5.79994 9.12698e-39 2
6.50635 -0.785141 5.79994 9.59189e-39 2
6.36545 -0.7571 5.5928 8.20896e-39 2
5.83205 -0.683833 5.05156 8.30116e-39 2
5.39279 -0.623494 4.60584 7.7487e-39 2
5.63381 -0.642388 4.74541 7.10333e-39 2
5.71142 -0.642388 4.74541 7.93309e-39 2
5.78903 -0.642388 4.74541 8.67065e-39 2
6.04998 -0.662463 4.8937 8.39263e-39 2
2.61522 -0.665631 5.5928 9.76805e-39 2
2.70669 -0.665631 5.5928 1.00464e-38 2
2.70167 -0.642679 5.39995 7.18908e-39 2
2.78998 -0.642679 5.39995 1.03237e-38 2
2.8783 -0.642679 5.39995 8.4809e-39 2
2.96661 -0.642679 5.39995 8.48161e-39 2
3.05493 -0.642679 5.39995 7.83587e-39 2
3.03847 -0.621256 5.21995 6.36002e-39 2
3.12384 -0.621256 5.21995 9.95494e-39 2
3.20921 -0.621256 5.21995 9.21737e-39 2
3.29458 -0.621256 5.21995 9.86418e-39 2
3.62138 -0.665631 5.5928 6.54406e-39 2
3.85036 -0.690284 5.79994 1.23517e-38 2
3.94522 -0.690284 5.79994 8.94043e-39 2
4.79893 -0.690284 5.79994 8.39228e-39 2
4.89378 -0.690284 5.79994 7.10117e-39 2
5.93721 -0.690284 5.79994 6.45725e-39 2
5.61606 -0.642679 5.39995 4.98212e-39 2
5.51423 -0.621256 5.21995 7.10261e-39 2
4.94082 -0.548167 4.60584 9.03872e-39 2
4.73747 -0.517713 4.34996 1.03287e-38 2
4.80862 -0.517713 4.34996 7.65507e-39 2
4.74787 -0.503721 4.23239 7.01077e-39 2
4.81709 -0.503721 4.23239 7.28736e-39 2
4.75773 -0.490465 4.12101 9.31566e-39 2
4.7014 -0.477889 4.01534 5.99698e-39 2
4.76707 -0.477889 4.01534 6.82638e-39 2
4.83274 -0.477889 4.01534 5.35161e-39 2
4.89841 -0.477889 4.01534 6.45796e-39 2
5.09472 -0.490465 4.12101 6.27213e-39 2
5.76942 -0.548167 4.60584 6.8253e-39 2
2.61722 -0.595428 5.79994 9.21451e-39 2
2.52504 -0.554364 5.39995 7.28019e-39 2
2.61335 -0.554364 5.39995 7.0958e-39 2
2.70167 -0.554364 5.39995 7.46314e-39 2
2.78998 -0.554364 5.39995 8.93719e-39 2
2.78236 -0.535885 5.21995 1.06885e-38 2
2.77522 -0.518598 5.05156 8.10778e-39 2
2.9531 -0.535885 5.21995 8.478e-39 2
2.84856 -0.502392 4.8937 1.04141e-38 2
2.75633 -0.47284 4.60584 7.00467e-39 2
2.83166 -0.47284 4.60584 1.16152e-38 2
2.82393 -0.45933 4.47424 5.62353e-39 2
2.8971 -0.45933 4.47424 7.00504e-39 2
2.97028 -0.45933 4.47424 6.91033e-39 2
3.04345 -0.45933 4.47424 2.57714e-39 2
3.20829 -0.47284 4.60584 7.46601e-39 2
3.38312 -0.487168 4.74541 6.91643e-39 2
3.56888 -0.502392 4.8937 6.73383e-39 2
3.64892 -0.502392 4.8937 8.02385e-39 2
3.72895 -0.502392 4.8937 7.65506e-39 2
3.4825 -0.45933 4.47424 8.11748e-39 2
3.55568 -0.45933 4.47424 6.55051e-39 2
3.73558 -0.47284 4.60584 6.08882e-39 2
3.59919 -0.446571 4.34996 8.48483e-39 2
3.67034 -0.446571 4.34996 8.7607e-39 2
3.64036 -0.434501 4.23239 8.85289e-39 2
3.70958 -0.434501 4.23239 9.13019e-39 2
3.88376 -0.446571 4.34996 7.93165e-39 2
3.95491 -0.446571 4.34996 8.30008e-39 2
3.91724 -0.434501 4.23239 7.93058e-39 2
4.09719 -0.446571 4.34996 7.56143e-39 2
4.05568 -0.434501 4.23239 9.03728e-39 2
4.1249 -0.434501 4.23239 1.02358e-38 2
4.19412 -0.434501 4.23239 1.04206e-38 2
3.8474 -0.392111 3.81947 7.83946e-39 2
4.00761 -0.401914 3.91496 7.56359e-39 2
4.07164 -0.401914 3.91496 8.94653e-39 2
4.24171 -0.412219 4.01534 6.73311e-39 2
4.1997 -0.401914 3.91496 6.8253e-39 2
4.26373 -0.401914 3.91496 8.30151e-39 2
4.32776 -0.401914 3.91496 8.76249e-39 2
4.39178 -0.401914 3.91496 7.84053e-39 2
4.45581 -0.401914 3.91496 8.8554e-39 2
4.51984 -0.401914 3.91496 7.56431e-39 2
4.36559 -0.382775 3.72853 8.20968e-39 2
4.53453 -0.392111 3.81947 8.39335e-39 2
4.597 -0.392111 3.81947 8.11748e-39 2
4.65947 -0.392111 3.81947 9.31602e-39 2
4.72193 -0.392111 3.81947 8.48482e-39 2
4.7844 -0.392111 3.81947 8.85324e-39 2
1.85837 -0.500571 5.79994 6.36039e-39 2
1.95323 -0.500571 5.79994 5.80362e-39 2
2.04808 -0.500571 5.79994 6.17025e-39 2
2.14294 -0.500571 5.79994 9.21091e-39 2
2.2378 -0.500571 5.79994 8.65989e-39 2
2.24934 -0.482694 5.5928 7.09328e-39 2
2.34081 -0.482694 5.5928 5.71287e-39 2
2.43228 -0.482694 5.5928 5.70963e-39 2
2.3555 -0.450514 5.21995 7.27696e-39 2
2.44087 -0.450514 5.21995 6.26496e-39 2
2.52624 -0.450514 5.21995 5.89402e-39 2
2.61161 -0.450514 5.21995 5.61563e-39 2
2.69698 -0.450514 5.21995 7.91944e-39 2
2.6926 -0.435981 5.05156 8.56516e-39 2
2.68849 -0.422357 4.8937 9.58255e-39 2
2.68463 -0.409558 4.74541 7.28161e-39 2
2.6044 -0.386155 4.47424 3.87002e-39 2
2.6032 -0.375428 4.34996 4.23917e-39 2
2.67434 -0.375428 4.34996 9.86525e-39 2
2.67128 -0.365282 4.23239 5.71752e-39 2
2.7405 -0.365282 4.23239 7.92986e-39 2
2.73578 -0.355669 4.12101 5.99268e-39 2
2.7313 -0.346549 4.01534 8.85074e-39 2
2.79697 -0.346549 4.01534 9.31315e-39 2
2.79108 -0.337885 3.91496 9.22347e-39 2
2.85511 -0.337885 3.91496 7.10333e-39 2
2.84794 -0.329644 3.81947 6.64199e-39 2
2.98316 -0.337885 3.91496 7.19481e-39 2
3.04719 -0.337885 3.91496 8.11748e-39 2
3.11122 -0.337885 3.91496 8.02529e-39 2
3.34237 -0.355669 4.12101 8.02457e-39 2
3.32233 -0.346549 4.01534 6.64091e-39 2
3.388 -0.346549 4.01534 9.22167e-39 2
3.45367 -0.346549 4.01534 7.19373e-39 2
3.43136 -0.337885 3.91496 7.28628e-39 2
3.49539 -0.337885 3.91496 8.02385e-39 2
3.65068 -0.346549 4.01534 7.37776e-39 2
3.4509 -0.321796 3.72853 6.27106e-39 2
3.51188 -0.321796 3.72853 6.73239e-39 2
3.57286 -0.321796 3.72853 7.28628e-39 2
3.63384 -0.321796 3.72853 6.9175e-39 2
3.4485 -0.300343 3.47996 8.85289e-39 2
3.50541 -0.300343 3.47996 6.64091e-39 2
3.64329 -0.307169 3.55906 8.94581e-39 2
3.70149 -0.307169 3.55906 6.17993e-39 2
3.84714 -0.314312 3.64182 5.99554e-39 2
3.73307 -0.300343 3.47996 9.22239e-39 2
3.78998 -0.300343 3.47996 7.84053e-39 2
4.02582 -0.314312 3.64182 7.10297e-39 2
3.99253 -0.307169 3.55906 7.93345e-39 2
4.05074 -0.307169 3.55906 7.93417e-39 2
4.2045 -0.314312 3.64182 8.67066e-39 2
4.16715 -0.307169 3.55906 8.02493e-39 2
4.32363 -0.314312 3.64182 5.81188e-39 2
4.38319 -0.314312 3.64182 6.36577e-39 2
4.44275 -0.314312 3.64182 8.02529e-39 2
4.39998 -0.307169 3.55906 7.37848e-39 2
4.56187 -0.314312 3.64182 8.8536e-39 2
-0.418191 -0.405714 5.79994 8.20466e-39 2
-0.323334 -0.405714 5.79994 7.93023e-39 2
-0.228478 -0.405714 5.79994 6.27071e-39 2
-0.128849 -0.391225 5.5928 8.75927e-39 2
0.419965 -0.391225 5.5928 8.20645e-39 2
0.511434 -0.391225 5.5928 8.2061e-39 2
1.47894 -0.405714 5.79994 7.65401e-39 2
1.5738 -0.405714 5.79994 5.71898e-39 2
1.60906 -0.391225 5.5928 7.74728e-39 2
1.64189 -0.377734 5.39995 6.8246e-39 2
1.67253 -0.365143 5.21995 7.10047e-39 2
1.7579 -0.365143 5.21995 9.21702e-39 2
1.84327 -0.365143 5.21995 1.0229e-38 2
1.92865 -0.365143 5.21995 1.08729e-38 2
2.01402 -0.365143 5.21995 1.04127e-38 2
2.03167 -0.353364 5.05156 7.83048e-39 2
2.11428 -0.353364 5.05156 9.03047e-39 2
2.12825 -0.342322 4.8937 9.76875e-39 2
2.20828 -0.342322 4.8937 7.74189e-39 2
2.28832 -0.342322 4.8937 8.01883e-39 2
2.29658 -0.331948 4.74541 1.03205e-38 2
2.37419 -0.331948 4.74541 1.19789e-38 2
2.4518 -0.331948 4.74541 1.05042e-38 2
2.52941 -0.331948 4.74541 1.06007e-38 2
2.53035 -0.322185 4.60584 8.48159e-39 2
2.53123 -0.31298 4.47424 7.56144e-39 2
2.46362 -0.296062 4.23239 1.02362e-38 2
2.53284 -0.296062 4.23239 8.85182e-39 2
2.60206 -0.296062 4.23239 8.66815e-39 2
2.60099 -0.288271 4.12101 7.93238e-39 2
2.59996 -0.280879 4.01534 7.93165e-39 2
2.59899 -0.273857 3.91496 6.91715e-39 2
2.59807 -0.267178 3.81947 7.28701e-39 2
2.66054 -0.267178 3.81947 5.16722e-39 2
2.59635 -0.254751 3.64182 7.28808e-39 2
2.65591 -0.254751 3.64182 7.28771e-39 2
2.65376 -0.248961 3.55906 7.00969e-39 2
2.71197 -0.248961 3.55906 5.81223e-39 2
2.77017 -0.248961 3.55906 4.89064e-39 2
2.89416 -0.254751 3.64182 7.28845e-39 2
2.95372 -0.254751 3.64182 8.11749e-39 2
3.01328 -0.254751 3.64182 6.64164e-39 2
3.146 -0.260816 3.72853 7.00898e-39 2
3.20698 -0.260816 3.72853 8.5763e-39 2
3.19196 -0.254751 3.64182 7.10189e-39 2
3.25152 -0.254751 3.64182 7.83945e-39 2
3.23583 -0.248961 3.55906 9.1302e-39 2
3.22084 -0.243429 3.47996 8.76106e-39 2
3.27775 -0.243429 3.47996 8.66994e-39 2
3.26218 -0.238137 3.40431 6.73383e-39 2
3.31785 -0.238137 3.40431 8.20896e-39 2
3.16699 -0.223557 3.19589 8.85326e-39 2
3.21925 -0.223557 3.19589 8.94545e-39 2
3.33968 -0.228214 3.26247 7.93237e-39 2
3.25731 -0.219086 3.13197 9.77484e-39 2
3.24366 -0.21479 3.07056 6.82459e-39 2
3.16958 -0.206685 2.95469 7.19516e-39 2
3.21791 -0.206685 2.95469 7.287e-39 2
3.14746 -0.199169 2.84724 6.82638e-39 2
3.25317 -0.202857 2.89997 7.47247e-39 2
3.3006 -0.202857 2.89997 8.30295e-39 2
3.68967 -0.223557 3.19589 6.82819e-39 2
3.90117 -0.23307 3.33188 7.56503e-39 2
3.87325 -0.228214 3.26247 7.01114e-39 2
3.69563 -0.21479 3.07056 5.2587e-39 2
3.74585 -0.21479 3.07056 6.9175e-39 2
3.65282 -0.206685 2.95469 7.0097e-39 2
3.6326 -0.202857 2.89997 7.83945e-39 2
-1.2719 -0.310858 5.79994 5.53063e-39 2
-1.17704 -0.310858 5.79994 7.37239e-39 2
-1.08219 -0.310858 5.79994 7.92483e-39 2
-0.446848 -0.270747 5.05156 9.31172e-39 2
-0.305167 -0.226842 4.23239 8.48304e-39 2
-0.235947 -0.226842 4.23239 7.19195e-39 2
-0.171358 -0.233143 4.34996 8.11318e-39 2
-0.0975073 -0.226842 4.23239 8.48125e-39 2
-0.0282876 -0.226842 4.23239 1.41052e-38 2
0.0420692 -0.233143 4.34996 8.66779e-39 2
0.123504 -0.254338 4.74541 5.99484e-39 2
0.201114 -0.254338 4.74541 8.39193e-39 2
0.270526 -0.246858 4.60584 5.44166e-39 2
0.326639 -0.233143 4.34996 6.8246e-39 2
0.409147 -0.239805 4.47424 1.28173e-38 2
0.482322 -0.239805 4.47424 8.393e-39 2
0.511642 -0.220873 4.12101 7.56396e-39 2
0.59469 -0.226842 4.23239 5.81153e-39 2
0.646439 -0.220873 4.12101 7.56324e-39 2
0.73313 -0.226842 4.23239 7.10298e-39 2
0.848198 -0.239805 4.47424 8.02422e-39 2
0.921373 -0.239805 4.47424 7.01007e-39 2
1.08779 -0.262286 4.8937 8.11642e-39 2
1.24568 -0.279772 5.21995 7.83983e-39 2
1.24786 -0.262286 4.8937 7.28558e-39 2
1.41642 -0.279772 5.21995 7.01007e-39 2
1.45335 -0.270747 5.05156 7.84055e-39 2
1.48796 -0.262286 4.8937 6.64129e-39 2
1.52048 -0.254338 4.74541 8.20861e-39 2
1.59809 -0.254338 4.74541 7.56325e-39 2
1.6757 -0.254338 4.74541 7.65364e-39 2
1.70175 -0.246858 4.60584 6.45473e-39 2
1.7263 -0.239805 4.47424 8.39084e-39 2
1.74949 -0.233143 4.34996 7.65328e-39 2
1.82063 -0.233143 4.34996 7.654e-39 2
1.79221 -0.220873 4.12101 7.10154e-39 2
1.90987 -0.226842 4.23239 4.98176e-39 2
2.03406 -0.233143 4.34996 5.4431e-39 2
2.1052 -0.233143 4.34996 7.37704e-39 2
2.17634 -0.233143 4.34996 8.20573e-39 2
2.24749 -0.233143 4.34996 6.08595e-39 2
2.38488 -0.239805 4.47424 7.74655e-39 2
2.45805 -0.239805 4.47424 7.0097e-39 2
2.3944 -0.226842 4.23239 9.22239e-39 2
2.33728 -0.215209 4.01534 8.85433e-39 2
2.34288 -0.209829 3.91496 7.28557e-39 2
2.40691 -0.209829 3.91496 6.08846e-39 2
2.47094 -0.209829 3.91496 6.45761e-39 2
2.47314 -0.204711 3.81947 7.10261e-39 2
2.47523 -0.199837 3.72853 8.66994e-39 2
2.47723 -0.19519 3.64182 7.93309e-39 2
2.47914 -0.190754 3.55906 3.32331e-39 2
2.42702 -0.18246 3.40431 3.13999e-39 2
2.42988 -0.178578 3.33188 9.50077e-39 2
2.43261 -0.174857 3.26247 6.73455e-39 2
2.48597 -0.174857 3.26247 7.38027e-39 2
2.59335 -0.178578 3.33188 6.64343e-39 2
2.70541 -0.18246 3.40431 8.85649e-39 2
2.76108 -0.18246 3.40431 6.4594e-39 2
2.81676 -0.18246 3.40431 8.85505e-39 2
3.003 -0.190754 3.55906 7.84018e-39 2
3.06121 -0.190754 3.55906 6.73383e-39 2
3.11942 -0.190754 3.55906 7.19553e-39 2
3.17763 -0.190754 3.55906 7.381e-39 2
3.16393 -0.186515 3.47996 7.28772e-39 2
3.15082 -0.18246 3.40431 5.62749e-39 2
3.13827 -0.178578 3.33188 6.64164e-39 2
3.12625 -0.174857 3.26247 6.91822e-39 2
3.17961 -0.174857 3.26247 8.39335e-39 2
3.10365 -0.167863 3.13197 7.10297e-39 2
3.09301 -0.164572 3.07056 6.55051e-39 2
3.08278 -0.161407 3.01151 8.02564e-39 2
3.07294 -0.158361 2.95469 7.10224e-39 2
3.06346 -0.155429 2.89997 7.74725e-39 2
2.89634 -0.14471 2.69997 7.93343e-39 2
2.9405 -0.14471 2.69997 8.57881e-39 2
2.93407 -0.142257 2.65421 8.48555e-39 2
2.97748 -0.142257 2.65421 9.59261e-39 2
3.02089 -0.142257 2.65421 8.57954e-39 2
3.17182 -0.147248 2.74734 8.02673e-39 2
3.39546 -0.155429 2.89997 8.7625e-39 2
3.44289 -0.155429 2.89997 8.39407e-39 2
3.42685 -0.152603 2.84724 7.37955e-39 2
3.4114 -0.149878 2.7964 7.37847e-39 2
3.39648 -0.147248 2.74734 8.11712e-39 2
3.44141 -0.147248 2.74734 8.02564e-39 2
-1.84104 -0.216001 5.79994 9.03586e-39 2
-1.74618 -0.216001 5.79994 8.57488e-39 2
-1.65133 -0.216001 5.79994 9.03657e-39 2
-1.55647 -0.216001 5.79994 9.49755e-39 2
-1.40941 -0.208287 5.5928 9.03657e-39 2
-1.31795 -0.208287 5.5928 8.94438e-39 2
-1.14471 -0.194401 5.21995 7.65436e-39 2
-1.05934 -0.194401 5.21995 5.71825e-39 2
-1.04354 -0.208287 5.5928 6.08703e-39 2
-0.987331 -0.216001 5.79994 7.74655e-39 2
-0.892475 -0.216001 5.79994 7.83875e-39 2
-0.702761 -0.216001 5.79994 7.83839e-39 2
-0.56598 -0.201104 5.39995 8.11497e-39 2
-0.39578 -0.166629 4.47424 8.02349e-39 2
-0.289517 -0.149539 4.01534 5.81152e-39 2
-0.223847 -0.149539 4.01534 7.65544e-39 2
-0.162339 -0.153474 4.12101 7.37777e-39 2
-0.0925069 -0.149539 4.01534 7.83803e-39 2
-0.0268369 -0.149539 4.01534 6.3647e-39 2
0.039855 -0.153474 4.12101 8.8547e-39 2
0.110152 -0.157622 4.23239 7.01078e-39 2
0.179372 -0.157622 4.23239 7.84055e-39 2
0.24205 -0.153474 4.12101 6.36542e-39 2
0.301513 -0.149539 4.01534 6.7342e-39 2
0.376846 -0.153474 4.12101 7.19518e-39 2
0.444244 -0.153474 4.12101 7.56396e-39 2
0.48606 -0.145801 3.91496 7.28809e-39 2
0.564193 -0.149539 4.01534 6.91859e-39 2
0.629863 -0.149539 4.01534 6.91859e-39 2
0.678145 -0.145801 3.91496 5.25907e-39 2
0.761203 -0.149539 4.01534 6.27322e-39 2
0.848633 -0.153474 4.12101 7.93274e-39 2
0.916031 -0.153474 4.12101 7.93274e-39 2
1.03806 -0.162001 4.34996 7.28665e-39 2
1.07923 -0.157622 4.23239 6.45725e-39 2
1.28765 -0.176728 4.74541 8.39372e-39 2
1.36526 -0.176728 4.74541 6.82639e-39 2
1.48796 -0.182251 4.8937 7.19517e-39 2
1.47576 -0.17153 4.60584 7.56396e-39 2
1.50677 -0.166629 4.47424 7.37957e-39 2
1.57995 -0.166629 4.47424 5.99771e-39 2
1.65312 -0.166629 4.47424 5.35126e-39 2
1.59001 -0.153474 4.12101 7.19517e-39 2
1.61491 -0.149539 4.01534 7.01186e-39 2
1.56054 -0.138858 3.72853 7.10441e-39 2
1.62152 -0.138858 3.72853 5.53709e-39 2
1.76663 -0.145801 3.91496 8.39407e-39 2
1.87759 -0.149539 4.01534 7.65758e-39 2
1.9944 -0.153474 4.12101 7.19553e-39 2
2.0618 -0.153474 4.12101 7.10297e-39 2
2.18674 -0.157622 4.23239 5.81223e-39 2
2.31863 -0.162001 4.34996 6.64343e-39 2
2.38977 -0.162001 4.34996 6.27465e-39 2
2.33139 -0.153474 4.12101 7.10333e-39 2
2.17033 -0.138858 3.72853 6.27285e-39 2
2.12989 -0.132546 3.55906 7.01077e-39 2
2.09296 -0.126783 3.40431 8.02457e-39 2
1.93799 -0.114354 3.07056 6.91966e-39 2
1.91318 -0.110038 2.95469 8.39407e-39 2
1.9615 -0.110038 2.95469 6.73455e-39 2
2.08864 -0.114354 3.07056 6.64235e-39 2
2.09773 -0.112154 3.01151 8.57954e-39 2
2.14698 -0.112154 3.01151 7.38099e-39 2
2.1548 -0.110038 2.95469 4.80023e-39 2
2.20312 -0.110038 2.95469 3.69317e-39 2
2.25144 -0.110038 2.95469 6.73598e-39 2
2.29977 -0.110038 2.95469 5.81402e-39 2
2.39325 -0.112154 3.01151 4.70804e-39 2
2.4425 -0.112154 3.01151 4.61549e-39 2
2.49175 -0.112154 3.01151 6.36685e-39 2
2.81132 -0.124086 3.33188 7.93417e-39 2
2.92811 -0.126783 3.40431 7.2888e-39 2
3.0501 -0.129601 3.47996 6.18281e-39 2
3.10701 -0.129601 3.47996 5.99843e-39 2
3.16393 -0.129601 3.47996 5.35234e-39 2
3.08378 -0.124086 3.33188 5.90479e-39 2
3.13827 -0.124086 3.33188 5.99698e-39 2
3.06245 -0.119021 3.19589 5.536e-39 2
3.11472 -0.119021 3.19589 7.28808e-39 2
3.04279 -0.114354 3.07056 7.28736e-39 2
3.03353 -0.112154 3.01151 6.18173e-39 2
3.02461 -0.110038 2.95469 4.52293e-39 2
3.01603 -0.108001 2.89997 4.24527e-39 2
2.95405 -0.104143 2.7964 6.8253e-39 2
2.84725 -0.0988479 2.65421 5.62819e-39 2
2.89066 -0.0988479 2.65421 7.65686e-39 2
2.83787 -0.095607 2.56719 8.11784e-39 2
2.92786 -0.0972005 2.60997 9.50005e-39 2
2.97054 -0.0972005 2.60997 8.02672e-39 2
3.01323 -0.0972005 2.60997 7.01221e-39 2
3.16129 -0.100552 2.69997 7.47211e-39 2
3.26168 -0.102316 2.74734 8.8554e-39 2
3.2496 -0.100552 2.69997 7.19588e-39 2
3.29376 -0.100552 2.69997 7.28736e-39 2
3.28134 -0.0988479 2.65421 6.64199e-39 2
3.32475 -0.0988479 2.65421 6.45904e-39 2
-1.11258 -0.0467271 2.23712 7.10047e-39 2
-1.07599 -0.0467271 2.23712 8.11462e-39 2
-0.771397 -0.0359439 1.72086 5.0718e-39 2
-0.751511 -0.0363433 1.73998 5.53314e-39 2
-0.731179 -0.0367517 1.75953 4.61191e-39 2
-0.718549 -0.0375965 1.79998 6.82388e-39 2
-0.740156 -0.0403815 1.93331 9.22025e-39 2
-0.797104 -0.0454291 2.17498 8.75999e-39 2
-0.772259 -0.046069 2.20561 9.58975e-39 2
-0.88592 -0.055439 2.65421 6.4533e-39 2
-1.60349 -0.105513 5.05156 7.92952e-39 2
-1.52087 -0.105513 5.05156 7.46997e-39 2
-1.4862 -0.10903 5.21995 7.19446e-39 2
-1.40082 -0.10903 5.21995 6.54944e-39 2
-1.23324 -0.102216 4.8937 7.84054e-39 2
-1.05436 -0.0934542 4.47424 6.45761e-39 2
-0.928144 -0.0884027 4.23239 8.3008e-39 2
-0.836321 -0.0860763 4.12101 7.01007e-39 2
-0.811641 -0.0908583 4.34996 6.91787e-39 2
-0.784057 -0.0962029 4.60584 6.91787e-39 2
-0.70873 -0.0962029 4.60584 8.20861e-39 2
-0.74261 -0.11279 5.39995 6.45725e-39 2
-0.677663 -0.116818 5.5928 7.28666e-39 2
-0.529465 -0.105513 5.05156 8.3008e-39 2
-0.40742 -0.0962029 4.60584 7.74799e-39 2
-0.282279 -0.0817725 3.91496 7.56396e-39 2
-0.223847 -0.0838692 4.01534 6.36542e-39 2
-0.162339 -0.0860763 4.12101 6.91859e-39 2
-0.0901943 -0.0817725 3.91496 7.56396e-39 2
-0.026166 -0.0817725 3.91496 7.74943e-39 2
0.0378623 -0.0817725 3.91496 8.30152e-39 2
0.107253 -0.0860763 4.12101 8.02529e-39 2
0.174651 -0.0860763 4.12101 8.48627e-39 2
0.301513 -0.0838692 4.01534 7.56396e-39 2
0.367183 -0.0838692 4.01534 6.91894e-39 2
0.303788 -0.0511078 2.44685 5.44346e-39 2
0.309909 -0.046069 2.20561 7.93382e-39 2
0.361245 -0.0481014 2.30292 7.93274e-39 2
0.371586 -0.0448068 2.14518 8.66959e-39 2
0.40667 -0.0448068 2.14518 7.10406e-39 2
0.441754 -0.0448068 2.14518 6.91931e-39 2
0.916031 -0.0860763 4.12101 7.65615e-39 2
0.983429 -0.0860763 4.12101 7.10298e-39 2
1.05083 -0.0860763 4.12101 8.11677e-39 2
1.18035 -0.0908583 4.34996 7.5636e-39 2
1.25149 -0.0908583 4.34996 8.02529e-39 2
1.32263 -0.0908583 4.34996 7.01114e-39 2
1.32042 -0.0860763 4.12101 7.19661e-39 2
1.38782 -0.0860763 4.12101 6.82603e-39 2
1.45522 -0.0860763 4.12101 8.20968e-39 2
1.31499 -0.0743386 3.55906 7.10406e-39 2
1.07894 -0.0584089 2.7964 6.5498e-39 2
1.08589 -0.0563948 2.69997 7.10333e-39 2
1.13005 -0.0563948 2.69997 8.48627e-39 2
1.1742 -0.0563948 2.69997 7.8409e-39 2
1.26188 -0.0584089 2.7964 7.37992e-39 2
1.4082 -0.0629019 3.01151 7.65651e-39 2
1.48602 -0.0641353 3.07056 6.27357e-39 2
1.74108 -0.0726866 3.47996 6.18137e-39 2
1.83885 -0.0743386 3.55906 7.28736e-39 2
1.9874 -0.0778785 3.72853 8.9476e-39 2
2.04838 -0.0778785 3.72853 7.47211e-39 2
1.73712 -0.0641353 3.07056 8.57846e-39 2
1.62775 -0.0584089 2.7964 4.24455e-39 2
1.67349 -0.0584089 2.7964 4.24526e-39 2
1.71922 -0.0584089 2.7964 5.44381e-39 2
1.70409 -0.0563948 2.69997 7.381e-39 2
1.74825 -0.0563948 2.69997 8.21076e-39 2
1.89018 -0.0594709 2.84724 7.38027e-39 2
2.00983 -0.0617151 2.95469 8.57954e-39 2
2.02004 -0.0605722 2.89997 8.48734e-39 2
2.06746 -0.0605722 2.89997 7.28952e-39 2
2.11489 -0.0605722 2.89997 8.02672e-39 2
2.12301 -0.0594709 2.84724 6.92002e-39 2
2.16957 -0.0594709 2.84724 8.67101e-39 2
2.17656 -0.0584089 2.7964 6.64271e-39 2
2.2627 -0.0594709 2.84724 6.73634e-39 2
2.26803 -0.0584089 2.7964 6.55123e-39 2
2.31377 -0.0584089 2.7964 7.2888e-39 2
2.44689 -0.0605722 2.89997 6.82782e-39 2
2.54138 -0.0617151 2.95469 8.11784e-39 2
2.74509 -0.065418 3.13197 7.47391e-39 2
2.85338 -0.066753 3.19589 6.92038e-39 2
2.90565 -0.066753 3.19589 7.10405e-39 2
2.95791 -0.066753 3.19589 5.44381e-39 2
3.01018 -0.066753 3.19589 6.55016e-39 2
3.0012 -0.065418 3.13197 5.72075e-39 2
2.93502 -0.0629019 3.01151 7.84125e-39 2
2.92797 -0.0617151 2.95469 8.30186e-39 2
2.97629 -0.0617151 2.95469 7.2888e-39 2
2.9686 -0.0605722 2.89997 6.4594e-39 2
2.80803 -0.0563948 2.69997 5.53709e-39 2
2.85219 -0.0563948 2.69997 4.33675e-39 2
2.7539 -0.0536213 2.56719 5.81259e-39 2
2.75079 -0.0527564 2.52578 6.36684e-39 2
2.66323 -0.0503215 2.40921 5.53636e-39 2
2.70264 -0.0503215 2.40921 5.72003e-39 2
2.78488 -0.0511078 2.44685 5.90514e-39 2
2.86974 -0.051919 2.48569 4.15415e-39 2
3.00582 -0.0536213 2.56719 6.91822e-39 2
3.0986 -0.054515 2.60997 6.18137e-39 2
3.14128 -0.054515 2.60997 6.18245e-39 2
3.23793 -0.055439 2.65421 6.92001e-39 2
3.22665 -0.054515 2.60997 6.08881e-39 2
3.32475 -0.055439 2.65421 5.16721e-39 2
-3.48369 -0.0177442 3.91496 7.65257e-39 2
-2.20623 -0.0114479 2.52578 7.55965e-39 2
-1.76612 -0.00933905 2.06051 6.54514e-39 2
-1.62549 -0.00876257 1.93331 6.26855e-39 2
-1.55546 -0.00855142 1.88673 6.72953e-39 2
-1.4177 -0.00972285 2.14518 1.04199e-38 2
-1.32804 -0.00933905 2.06051 1.32776e-38 2
-1.26115 -0.00909959 2.00767 1.22627e-38 2
-1.11405 -0.00825312 1.82091 1.12493e-38 2
-1.04772 -0.00797492 1.75953 8.85219e-39 2
-0.97512 -0.00763191 1.68385 9.40501e-39 2
-0.947581 -0.00763191 1.68385 8.75964e-39 2
-0.920042 -0.00763191 1.68385 1.05114e-38 2
-0.883009 -0.00755072 1.66594 1.02341e-38 2
-0.837934 -0.00739342 1.63123 1.46602e-38 2
-0.846528 -0.00771487 1.70216 1.47516e-38 2
-0.827686 -0.00779965 1.72086 1.53959e-38 2
-0.808425 -0.00788631 1.73998 1.65019e-38 2
-0.746778 -0.00755072 1.66594 1.61338e-38 2
-0.743253 -0.00779965 1.72086 1.4291e-38 2
-0.723054 -0.00788631 1.73998 1.4291e-38 2
-0.710384 -0.00806555 1.77953 1.69633e-38 2
-0.740156 -0.00876257 1.93331 7.00685e-39 2
-0.797104 -0.00985789 2.17498 8.85219e-39 2
-0.761533 -0.00985789 2.17498 9.31316e-39 2
-0.816707 -0.0110901 2.44685 7.09975e-39 2
-0.814887 -0.0116355 2.56719 8.11318e-39 2
-0.812879 -0.0122374 2.69997 8.94402e-39 2
-0.768722 -0.0122374 2.69997 8.75962e-39 2
-0.840495 -0.0141954 3.13197 7.74547e-39 2
-0.822158 -0.0147868 3.26247 4.15236e-39 2
-0.922562 -0.0177442 3.91496 6.642e-39 2
-0.780485 -0.0161311 3.55906 6.45689e-39 2
-0.635604 -0.0141954 3.13197 7.3792e-39 2
-0.608731 -0.0147868 3.26247 9.12984e-39 2
-0.555374 -0.0147868 3.26247 7.9313e-39 2
-0.446237 -0.0131439 2.89997 8.39228e-39 2
-0.295009 -0.00972285 2.14518 8.29973e-39 2
-0.267247 -0.00999673 2.20561 7.00934e-39 2
-0.231175 -0.00999673 2.20561 8.20789e-39 2
-0.200758 -0.0102865 2.26954 7.84018e-39 2
-0.168525 -0.0105936 2.33729 6.91859e-39 2
-0.128383 -0.0104378 2.30292 7.56324e-39 2
-0.0934682 -0.0107541 2.3727 7.74799e-39 2
-0.0546632 -0.0107541 2.3727 6.91859e-39 2
-0.0145367 -0.00985789 2.17498 6.08883e-39 2
0.0210346 -0.00985789 2.17498 7.47176e-39 2
0.0754745 -0.0131439 2.89997 7.01042e-39 2
0.122903 -0.0131439 2.89997 8.48447e-39 2
0.170331 -0.0131439 2.89997 8.30116e-39 2
0.161082 -0.00972285 2.14518 8.02529e-39 2
0.190935 -0.00946357 2.08798 7.37992e-39 2
0.219237 -0.00921777 2.03375 9.03909e-39 2
0.237102 -0.00865571 1.90974 7.5636e-39 2
0.258865 -0.00835021 1.84233 7.47284e-39 2
0.288996 -0.00835021 1.84233 7.01186e-39 2
0.308248 -0.00806555 1.77953 4.33711e-39 2
0.341229 -0.00815825 1.79998 4.79881e-39 2
0.370667 -0.00815825 1.79998 7.74943e-39 2
0.435115 -0.0088721 1.95748 8.7625e-39 2
0.473042 -0.00898441 1.98226 8.48591e-39 2
0.481102 -0.00855142 1.88673 7.93202e-39 2
0.505864 -0.00844962 1.86427 7.93274e-39 2
0.536354 -0.00844962 1.86427 7.47176e-39 2
0.850265 -0.0126744 2.7964 8.02529e-39 2
0.687342 -0.00972285 2.14518 8.11677e-39 2
0.722426 -0.00972285 2.14518 6.64236e-39 2
0.801424 -0.0102865 2.26954 6.27357e-39 2
0.904052 -0.0110901 2.44685 7.19553e-39 2
0.974524 -0.0114479 2.52578 7.47212e-39 2
0.999708 -0.0112662 2.48569 7.01114e-39 2
0.963864 -0.0104378 2.30292 5.90479e-39 2
0.987013 -0.0102865 2.26954 5.35161e-39 2
1.02413 -0.0102865 2.26954 6.91966e-39 2
1.14416 -0.0110901 2.44685 7.28773e-39 2
1.22238 -0.0114479 2.52578 8.11748e-39 2
1.37453 -0.0124521 2.74734 5.07503e-39 2
1.47108 -0.0129049 2.84724 7.38099e-39 2
1.54575 -0.0131439 2.89997 8.5781e-39 2
1.56421 -0.0129049 2.84724 8.4859e-39 2
1.47655 -0.0118295 2.60997 7.8409e-39 2
1.36051 -0.0105936 2.33729 6.64235e-39 2
1.39873 -0.0105936 2.33729 7.9331e-39 2
1.43696 -0.0105936 2.33729 8.02457e-39 2
1.47519 -0.0105936 2.33729 8.02493e-39 2
1.51341 -0.0105936 2.33729 8.76321e-39 2
1.70426 -0.0116355 2.56719 6.55051e-39 2
1.90216 -0.0126744 2.7964 7.56466e-39 2
1.94789 -0.0126744 2.7964 7.47175e-39 2
2.02987 -0.0129049 2.84724 8.11748e-39 2
2.07644 -0.0129049 2.84724 7.6583e-39 2
2.0851 -0.0126744 2.7964 6.18245e-39 2
2.05735 -0.0122374 2.69997 7.84125e-39 2
2.10151 -0.0122374 2.69997 8.21003e-39 2
2.18331 -0.0124521 2.74734 8.11856e-39 2
2.15271 -0.01203 2.65421 6.82782e-39 2
2.19612 -0.01203 2.65421 7.37992e-39 2
2.27814 -0.0122374 2.69997 7.38027e-39 2
2.3223 -0.0122374 2.69997 8.67101e-39 2
2.54175 -0.0131439 2.89997 6.8271e-39 2
2.63803 -0.0133918 2.95469 7.56539e-39 2
2.68635 -0.0133918 2.95469 7.19661e-39 2
2.78727 -0.0136494 3.01151 7.47319e-39 2
2.89214 -0.013917 3.07056 7.93417e-39 2
2.94235 -0.013917 3.07056 8.76321e-39 2
2.93502 -0.0136494 3.01151 7.28807e-39 2
2.92797 -0.0133918 2.95469 8.76356e-39 2
2.97629 -0.0133918 2.95469 6.18281e-39 2
2.81236 -0.0124521 2.74734 5.26085e-39 2
2.71443 -0.0118295 2.60997 6.08988e-39 2
2.58479 -0.0110901 2.44685 5.81258e-39 2
2.50728 -0.0105936 2.33729 3.60025e-39 2
2.50807 -0.0104378 2.30292 3.50805e-39 2
2.473 -0.0101395 2.23712 5.53636e-39 2
2.50959 -0.0101395 2.23712 3.96867e-39 2
2.54618 -0.0101395 2.23712 7.10296e-39 2
2.6202 -0.0102865 2.26954 7.74834e-39 2
2.65732 -0.0102865 2.26954 6.64199e-39 2
2.73406 -0.0104378 2.30292 7.7487e-39 2
2.89965 -0.0109195 2.40921 5.6282e-39 2
3.03235 -0.0112662 2.48569 8.21075e-39 2
3.073 -0.0112662 2.48569 6.09061e-39 2
-1.6589 0.02204 1.86427 6.91322e-39 2
-1.62841 0.02204 1.86427 5.80579e-39 2
-1.59792 0.02204 1.86427 7.28056e-39 2
-1.53098 0.0215275 1.82091 1.29063e-38 2
-1.46708 0.0210382 1.77953 1.65023e-38 2
-1.43798 0.0210382 1.77953 1.53037e-38 2
-1.34762 0.0201235 1.70216 1.00489e-38 2
-1.44547 0.02204 1.86427 1.04181e-38 2
-1.39834 0.0217807 1.84233 1.09712e-38 2
-1.40117 0.0223056 1.88673 8.94294e-39 2
-1.44819 0.0246848 2.08798 8.85218e-39 2
-1.41404 0.0246848 2.08798 7.56144e-39 2
-1.37989 0.0246848 2.08798 8.94545e-39 2
-1.2776 0.023435 1.98226 9.22097e-39 2
-1.24518 0.023435 1.98226 8.94438e-39 2
-1.11405 0.0215275 1.82091 7.46925e-39 2
-1.04772 0.0208018 1.75953 8.57667e-39 2
-0.964747 0.0196953 1.66594 8.29937e-39 2
-0.927632 0.019488 1.6484 8.66779e-39 2
-0.891291 0.019285 1.63123 6.73097e-39 2
-0.846968 0.0188915 1.59794 9.12806e-39 2
-0.796452 0.0183303 1.55048 9.49684e-39 2
-0.74172 0.017632 1.49141 8.39014e-39 2
-0.717328 0.017632 1.49141 8.02135e-39 2
-0.699599 0.0178016 1.50575 7.56073e-39 2
-0.695021 0.0183303 1.55048 7.92951e-39 2
-0.704542 0.019285 1.63123 9.22097e-39 2
-0.69973 0.0199071 1.68385 1.42921e-38 2
-0.679498 0.0201235 1.70216 1.43829e-38 2
-0.689111 0.02128 1.79998 9.5894e-39 2
-0.786185 0.0253611 2.14518 7.65471e-39 2
-0.751101 0.0253611 2.14518 6.82567e-39 2
-0.768665 0.0272259 2.30292 7.37885e-39 2
-0.731002 0.0272259 2.30292 8.11641e-39 2
-0.760435 0.0298607 2.52578 8.11569e-39 2
-0.719127 0.0298607 2.52578 6.91715e-39 2
-0.677818 0.0298607 2.52578 4.98104e-39 2
-0.63651 0.0298607 2.52578 6.36505e-39 2
-0.479253 0.0240437 2.03375 6.82567e-39 2
-0.390242 0.0210382 1.77953 8.76106e-39 2
-0.481518 0.0280509 2.3727 8.76106e-39 2
-0.384462 0.02436 2.06051 8.39228e-39 2
-0.370249 0.0257134 2.17498 6.73276e-39 2
-0.317063 0.02436 2.06051 8.48448e-39 2
-0.283364 0.02436 2.06051 7.83911e-39 2
-0.263535 0.0257134 2.17498 8.76034e-39 2
-0.231175 0.0260755 2.20561 8.85326e-39 2
-0.195103 0.0260755 2.20561 8.11641e-39 2
-0.15903 0.0260755 2.20561 7.01079e-39 2
-0.12125 0.0257134 2.17498 9.49935e-39 2
-0.0845055 0.0253611 2.14518 9.59154e-39 2
-0.0494215 0.0253611 2.14518 8.11713e-39 2
-0.0139552 0.0246848 2.08798 7.19518e-39 2
0.0201932 0.0246848 2.08798 6.45797e-39 2
0.0522516 0.0237354 2.00767 6.82603e-39 2
0.0840095 0.023435 1.98226 7.9313e-39 2
0.116429 0.023435 1.98226 8.20896e-39 2
0.145173 0.0228563 1.93331 7.10333e-39 2
0.168472 0.0217807 1.84233 7.7487e-39 2
0.191833 0.0210382 1.77953 5.35126e-39 2
0.218454 0.0208018 1.75953 7.01042e-39 2
0.247231 0.0208018 1.75953 8.11713e-39 2
0.272941 0.0205707 1.73998 9.31567e-39 2
0.298086 0.0203446 1.72086 8.20932e-39 2
0.329855 0.0205707 1.73998 6.82639e-39 2
0.358312 0.0205707 1.73998 6.18102e-39 2
0.395559 0.0210382 1.77953 6.73419e-39 2
0.429544 0.02128 1.79998 7.56396e-39 2
0.42937 0.0199071 1.68385 6.82603e-39 2
0.456909 0.0199071 1.68385 8.94653e-39 2
0.495096 0.0203446 1.72086 9.22348e-39 2
0.534998 0.0208018 1.75953 7.7487e-39 2
0.583441 0.0215275 1.82091 7.9331e-39 2
0.684897 0.0240437 2.03375 7.01078e-39 2
0.75751 0.0253611 2.14518 7.84054e-39 2
0.803602 0.0257134 2.17498 7.8409e-39 2
0.839173 0.0257134 2.17498 7.47212e-39 2
0.874745 0.0257134 2.17498 6.91822e-39 2
0.910316 0.0257134 2.17498 7.84018e-39 2
0.93293 0.0253611 2.14518 6.64235e-39 2
0.954933 0.0250184 2.11619 8.30188e-39 2
0.989543 0.0250184 2.11619 8.20968e-39 2
1.02415 0.0250184 2.11619 8.30188e-39 2
1.05876 0.0250184 2.11619 8.11748e-39 2
1.15585 0.026448 2.23712 7.37992e-39 2
1.19244 0.026448 2.23712 6.91858e-39 2
1.19489 0.0257134 2.17498 7.74834e-39 2
0.843742 0.017632 1.49141 7.93309e-39 2
0.851907 0.0173025 1.46354 7.8409e-39 2
0.884106 0.0174657 1.47734 7.74834e-39 2
0.891447 0.0171422 1.44999 7.47175e-39 2
1.30049 0.02436 2.06051 8.4859e-39 2
1.33419 0.02436 2.06051 8.30151e-39 2
1.44388 0.0257134 2.17498 6.73419e-39 2
1.52173 0.026448 2.23712 5.6282e-39 2
1.81803 0.030856 2.60997 7.19553e-39 2
1.92488 0.03192 2.69997 6.18138e-39 2
1.96904 0.03192 2.69997 6.55124e-39 2
1.97907 0.031379 2.65421 7.84089e-39 2
1.92462 0.0298607 2.52578 7.74833e-39 2
1.93472 0.0293867 2.48569 7.74905e-39 2
2.00724 0.0298607 2.52578 3.78536e-39 2
2.01603 0.0293867 2.48569 3.41658e-39 2
2.05668 0.0293867 2.48569 4.61405e-39 2
2.13116 0.0298607 2.52578 6.55051e-39 2
2.17247 0.0298607 2.52578 7.65686e-39 2
2.36646 0.03192 2.69997 6.18173e-39 2
2.41061 0.03192 2.69997 7.47319e-39 2
2.54244 0.03306 2.7964 7.38064e-39 2
2.58817 0.03306 2.7964 8.39587e-39 2
2.73146 0.0342845 2.89997 8.21003e-39 2
2.83132 0.0349314 2.95469 9.59225e-39 2
2.87964 0.0349314 2.95469 9.68516e-39 2
2.87375 0.0342845 2.89997 7.93344e-39 2
2.92118 0.0342845 2.89997 9.22526e-39 2
2.81236 0.03248 2.74734 7.75013e-39 2
2.58517 0.0293867 2.48569 7.84088e-39 2
2.43275 0.0272259 2.30292 6.91965e-39 2
2.39983 0.026448 2.23712 7.93344e-39 2
2.4021 0.0260755 2.20561 5.90514e-39 2
2.40431 0.0257134 2.17498 6.91929e-39 2
2.43988 0.0257134 2.17498 6.73419e-39 2
2.47545 0.0257134 2.17498 1.00518e-38 2
2.47662 0.0253611 2.14518 1.25411e-38 2
2.51171 0.0253611 2.14518 8.39263e-39 2
2.54679 0.0253611 2.14518 7.74905e-39 2
2.69253 0.026448 2.23712 6.45795e-39 2
2.89452 0.0280509 2.3727 8.30186e-39 2
-1.6126 0.050142 1.77953 1.18936e-38 2
-1.45154 0.0459635 1.63123 9.3121e-39 2
-1.42486 0.0459635 1.63123 8.85112e-39 2
-1.56076 0.0513081 1.82091 9.49576e-39 2
-1.51338 0.0507183 1.79998 8.94259e-39 2
-1.4506 0.0495786 1.75953 7.65293e-39 2
-1.42182 0.0495786 1.75953 8.57704e-39 2
-1.34762 0.0479619 1.70216 7.37885e-39 2
-1.37977 0.050142 1.77953 7.5636e-39 2
-1.35067 0.050142 1.77953 7.47105e-39 2
-1.3523 0.0513081 1.82091 8.39193e-39 2
-1.40415 0.0544752 1.93331 7.654e-39 2
-1.44383 0.0573051 2.03375 8.66887e-39 2
-1.42913 0.0580591 2.06051 8.30008e-39 2
-1.41404 0.0588332 2.08798 8.20753e-39 2
-1.37989 0.0588332 2.08798 7.83803e-39 2
-1.24606 0.0544752 1.93331 9.95854e-39 2
-1.21444 0.0544752 1.93331 8.75964e-39 2
-1.11405 0.0513081 1.82091 6.91572e-39 2
-1.0247 0.0484889 1.72086 7.00792e-39 2
-0.934909 0.0454896 1.61442 7.37599e-39 2
-0.908506 0.0454896 1.61442 5.25549e-39 2
-0.864282 0.0445706 1.5818 7.65222e-39 2
-0.838412 0.0445706 1.5818 1.41981e-38 2
-0.788644 0.0432597 1.53528 1.7425e-38 2
-0.721116 0.0408564 1.44999 1.26315e-38 2
-0.70392 0.0412383 1.46354 6.36327e-39 2
-0.679984 0.0412383 1.46354 6.91608e-39 2
-0.681526 0.0428397 1.52037 6.8246e-39 2
-0.683192 0.0445706 1.5818 7.10226e-39 2
-0.670875 0.0454896 1.61442 6.27322e-39 2
-0.644472 0.0454896 1.61442 7.19446e-39 2
-0.689111 0.0507183 1.79998 8.02422e-39 2
-0.708537 0.0544752 1.93331 8.57774e-39 2
-0.68538 0.0551562 1.95748 7.56503e-39 2
-0.736187 0.0621478 2.20561 7.19625e-39 2
-0.700114 0.0621478 2.20561 7.74943e-39 2
-0.693338 0.0648896 2.30292 7.93382e-39 2
-0.655674 0.0648896 2.30292 7.47284e-39 2
-0.600353 0.0630356 2.23712 6.73527e-39 2
-0.411079 0.0459635 1.63123 7.3792e-39 2
-0.479253 0.0573051 2.03375 8.02457e-39 2
-0.357722 0.0459635 1.63123 6.91715e-39 2
-0.423736 0.0588332 2.08798 8.85326e-39 2
-0.384462 0.0580591 2.06051 9.31423e-39 2
-0.333224 0.0551562 1.95748 8.39228e-39 2
-0.286867 0.0525297 1.86427 8.30008e-39 2
-0.269196 0.0551562 1.95748 9.03765e-39 2
-0.154265 0.0358739 1.27316 7.83911e-39 2
-0.131307 0.0352999 1.25279 7.37813e-39 2
-0.109939 0.0350198 1.24284 6.73348e-39 2
-0.12273 0.0479619 1.70216 7.10226e-39 2
-0.0704035 0.0355846 1.26289 8.30008e-39 2
-0.0656266 0.0469414 1.66594 8.57739e-39 2
-0.0462535 0.0565704 2.00767 8.57739e-39 2
-0.0134185 0.0565704 2.00767 8.57811e-39 2
0.0199275 0.0580591 2.06051 8.48591e-39 2
0.0497027 0.0538109 1.90974 6.45725e-39 2
0.0799609 0.0531626 1.88673 7.28593e-39 2
0.110818 0.0531626 1.88673 8.66994e-39 2
0.136733 0.0513081 1.82091 7.28773e-39 2
0.166513 0.0513081 1.82091 7.47212e-39 2
0.189677 0.0495786 1.75953 7.28701e-39 2
0.213653 0.0484889 1.72086 7.4714e-39 2
0.241797 0.0484889 1.72086 6.82603e-39 2
0.269941 0.0484889 1.72086 6.54944e-39 2
0.294846 0.0479619 1.70216 6.73383e-39 2
0.32623 0.0484889 1.72086 7.84018e-39 2
0.354374 0.0484889 1.72086 8.39336e-39 2
0.386769 0.0490277 1.73998 7.3792e-39 2
0.410663 0.0484889 1.72086 8.66994e-39 2
0.399314 0.0441249 1.56598 7.19481e-39 2
0.416594 0.0432597 1.53528 7.28701e-39 2
0.450537 0.0441249 1.56598 4.61333e-39 2
0.517553 0.0479619 1.70216 7.9331e-39 2
0.545391 0.0479619 1.70216 6.36577e-39 2
0.585968 0.0490277 1.73998 8.57775e-39 2
0.75751 0.0604451 2.14518 8.30116e-39 2
0.792594 0.0604451 2.14518 7.84018e-39 2
0.816493 0.0596283 2.11619 8.48555e-39 2
0.839755 0.0588332 2.08798 7.74726e-39 2
0.851205 0.0573051 2.03375 7.65614e-39 2
0.81076 0.0525297 1.86427 8.94688e-39 2
0.84125 0.0525297 1.86427 8.11749e-39 2
0.926913 0.0558543 1.98226 7.65651e-39 2
0.902229 0.0525297 1.86427 6.55016e-39 2
0.890323 0.050142 1.77953 8.02493e-39 2
0.86074 0.0469414 1.66594 8.11712e-39 2
0.878639 0.0464473 1.6484 8.30151e-39 2
0.977634 0.050142 1.77953 8.94688e-39 2
0.835782 0.0416273 1.47734 9.03944e-39 2
0.851907 0.0412383 1.46354 8.20968e-39 2
0.875843 0.0412383 1.46354 6.82638e-39 2
0.891447 0.0408564 1.44999 6.4576e-39 2
0.906766 0.0404816 1.43668 6.82638e-39 2
0.94765 0.0412383 1.46354 7.93273e-39 2
0.971586 0.0412383 1.46354 7.37955e-39 2
0.995522 0.0412383 1.46354 8.67101e-39 2
1.01946 0.0412383 1.46354 7.01149e-39 2
1.03373 0.0408564 1.44999 6.92002e-39 2
1.63149 0.0630356 2.23712 7.7487e-39 2
1.71714 0.0648896 2.30292 7.93273e-39 2
1.7548 0.0648896 2.30292 8.76284e-39 2
1.79247 0.0648896 2.30292 7.93344e-39 2
1.83013 0.0648896 2.30292 7.47355e-39 2
1.89567 0.0658581 2.33729 6.09025e-39 2
1.9934 0.0678845 2.40921 6.82674e-39 2
2.06456 0.0689452 2.44685 8.48662e-39 2
2.13799 0.0700396 2.48569 7.47175e-39 2
2.07961 0.066856 2.3727 7.01077e-39 2
2.11842 0.066856 2.3727 8.85505e-39 2
2.15722 0.066856 2.3727 8.94724e-39 2
1.31695 0.0393973 1.3982 7.93344e-39 2
2.87964 0.0832546 2.95469 8.30223e-39 2
2.92797 0.0832546 2.95469 5.72003e-39 2
2.31976 0.0648896 2.30292 5.35197e-39 2
2.35742 0.0648896 2.30292 8.21075e-39 2
2.39508 0.0648896 2.30292 7.01149e-39 2
2.2976 0.0612846 2.17498 7.65614e-39 2
2.33317 0.0612846 2.17498 6.73418e-39 2
2.36874 0.0612846 2.17498 5.62783e-39 2
2.40431 0.0612846 2.17498 6.64199e-39 2
2.43988 0.0612846 2.17498 8.57702e-39 2
2.47545 0.0612846 2.17498 7.00934e-39 2
2.41058 0.0588332 2.08798 8.66886e-39 2
2.47777 0.0596283 2.11619 9.77556e-39 2
2.51238 0.0596283 2.11619 8.76249e-39 2
2.69253 0.0630356 2.23712 7.56394e-39 2
2.98497 0.0689452 2.44685 8.02492e-39 2
-1.47822 0.0726419 1.63123 7.28451e-39 2
-1.08865 0.0544814 1.22343 8.39086e-39 2
-1.06864 0.0544814 1.22343 9.03622e-39 2
-0.938639 0.0487666 1.09509 8.75999e-39 2
-0.889624 0.0471191 1.0581 8.20537e-39 2
-0.872319 0.0471191 1.0581 7.10047e-39 2
-1.31815 0.0726419 1.63123 6.27215e-39 2
-1.27815 0.071893 1.61442 5.07288e-39 2
-0.995244 0.0571609 1.28359 8.57632e-39 2
-0.974251 0.0571609 1.28359 1.30014e-38 2
-1.14017 0.0683689 1.53528 1.73331e-38 2
-0.963868 0.0590985 1.32711 1.78866e-38 2
-0.942163 0.0590985 1.32711 1.79788e-38 2
-1.3086 0.0840196 1.88673 1.59505e-38 2
-1.27775 0.0840196 1.88673 1.52133e-38 2
-1.11282 0.0749852 1.68385 1.23556e-38 2
-1.08528 0.0749852 1.68385 1.3185e-38 2
-1.06923 0.0758003 1.70216 1.36453e-38 2
-1.01924 0.0741875 1.66594 1.22624e-38 2
-0.923241 0.0690458 1.55048 1.16159e-38 2
-0.880449 0.0677051 1.52037 1.11542e-38 2
-0.855583 0.0677051 1.52037 8.85004e-39 2
-0.82273 0.0670541 1.50575 6.91394e-39 2
-0.790503 0.0664155 1.49141 5.62427e-39 2
-0.737997 0.0639782 1.43668 4.97962e-39 2
-0.701627 0.0628254 1.4108 7.56289e-39 2
-0.684722 0.0633966 1.42362 7.65615e-39 2
-0.667507 0.0639782 1.43668 7.5618e-39 2
-0.668544 0.0664155 1.49141 7.74691e-39 2
-0.67636 0.0697362 1.56598 4.24455e-39 2
-0.66403 0.0711594 1.59794 6.91967e-39 2
-0.637896 0.0711594 1.59794 6.45761e-39 2
-0.618068 0.071893 1.61442 7.19409e-39 2
-0.526528 0.0639782 1.43668 8.30151e-39 2
-0.476786 0.0606402 1.36173 5.26014e-39 2
-0.431977 0.0576333 1.2942 8.02673e-39 2
-0.397665 0.055789 1.25279 7.37956e-39 2
-0.374182 0.0553462 1.24284 6.91822e-39 2
-0.353856 0.0553462 1.24284 7.65579e-39 2
-0.325773 0.0540591 1.21394 7.19481e-39 2
-0.379458 0.0670541 1.50575 7.01078e-39 2
-0.354831 0.0670541 1.50575 7.65723e-39 2
-0.33668 0.0683689 1.53528 8.30188e-39 2
-0.311571 0.0683689 1.53528 8.94689e-39 2
-0.292191 0.0697362 1.56598 8.4852e-39 2
-0.313623 0.0820426 1.84233 7.5636e-39 2
-0.267742 0.0774847 1.73998 9.5919e-39 2
-0.170918 0.0553462 1.24284 7.4714e-39 2
-0.148239 0.0544814 1.22343 9.03873e-39 2
-0.126257 0.0536433 1.2046 8.48555e-39 2
-0.106556 0.0536433 1.2046 8.76106e-39 2
-0.0875284 0.0540591 1.21394 9.49863e-39 2
-0.0687404 0.0549104 1.23306 8.39228e-39 2
-0.048574 0.0549104 1.23306 6.64056e-39 2
-0.0290949 0.0562389 1.26289 7.3792e-39 2
-0.00850927 0.0566961 1.27316 5.81188e-39 2
0.0123129 0.0566961 1.27316 3.59954e-39 2
0.0345392 0.0590985 1.32711 7.01042e-39 2
0.0644345 0.0677051 1.52037 8.30008e-39 2
0.0958113 0.0726419 1.63123 9.31531e-39 2
0.12249 0.0726419 1.63123 7.01042e-39 2
0.150738 0.0734066 1.6484 6.64164e-39 2
0.179588 0.0741875 1.66594 5.99627e-39 2
0.206834 0.0741875 1.66594 5.62641e-39 2
0.23408 0.0741875 1.66594 7.9313e-39 2
0.261326 0.0741875 1.66594 6.64056e-39 2
0.285535 0.0734066 1.6484 3.41372e-39 2
0.315818 0.0741875 1.66594 3.59811e-39 2
0.332454 0.071893 1.61442 1.93859e-39 2
0.358858 0.071893 1.61442 5.7186e-39 2
0.366376 0.0683689 1.53528 4.61333e-39 2
0.380299 0.0664155 1.49141 8.11676e-39 2
0.397127 0.0651741 1.46354 9.22239e-39 2
0.421063 0.0651741 1.46354 6.73383e-39 2
0.440878 0.0645706 1.44999 7.8409e-39 2
0.46033 0.0639782 1.43668 8.39479e-39 2
0.450744 0.0596036 1.33845 5.81187e-39 2
0.472634 0.0596036 1.33845 7.65579e-39 2
0.482161 0.0581135 1.30499 8.48555e-39 2
0.512038 0.0590985 1.32711 7.01077e-39 2
0.542945 0.0601174 1.34999 7.56287e-39 2
0.574936 0.0611721 1.37367 7.19409e-39 2
0.724509 0.0741875 1.66594 6.73419e-39 2
0.751755 0.0741875 1.66594 7.84018e-39 2
0.813624 0.0774847 1.73998 8.11748e-39 2
0.842081 0.0774847 1.73998 7.01114e-39 2
0.799474 0.0711594 1.59794 4.89027e-39 2
0.817268 0.0704406 1.5818 8.30043e-39 2
0.794959 0.0664155 1.49141 8.11712e-39 2
0.811621 0.0657889 1.47734 7.10297e-39 2
0.835782 0.0657889 1.47734 7.65686e-39 2
0.851907 0.0651741 1.46354 7.56466e-39 2
0.875843 0.0651741 1.46354 7.84053e-39 2
0.891447 0.0645706 1.44999 7.01077e-39 2
0.882477 0.0622645 1.3982 8.39406e-39 2
0.930262 0.0639782 1.43668 9.13162e-39 2
0.953759 0.0639782 1.43668 8.02492e-39 2
0.977255 0.0639782 1.43668 6.55051e-39 2
1.00075 0.0639782 1.43668 8.67173e-39 2
1.01494 0.0633966 1.42362 8.02708e-39 2
1.03822 0.0633966 1.42362 8.57954e-39 2
1.66808 0.0996232 2.23712 7.10368e-39 2
1.70466 0.0996232 2.23712 8.11783e-39 2
1.74125 0.0996232 2.23712 6.92001e-39 2
1.7528 0.09822 2.20561 8.11891e-39 2
1.76403 0.0968559 2.17498 7.56574e-39 2
1.85101 0.0996232 2.23712 7.10368e-39 2
1.8876 0.0996232 2.23712 7.01149e-39 2
1.72684 0.0894054 2.00767 8.11712e-39 2
1.75967 0.0894054 2.00767 8.3937e-39 2
1.29385 0.0611721 1.37367 7.84053e-39 2
1.2717 0.0590985 1.32711 7.93201e-39 2
1.2934 0.0590985 1.32711 8.76249e-39 2
1.3151 0.0590985 1.32711 8.85468e-39 2
1.34823 0.0596036 1.33845 7.74905e-39 2
1.39395 0.0606402 1.36173 7.93417e-39 2
1.89379 0.0810886 1.82091 7.19588e-39 2
1.87985 0.0792457 1.77953 7.47175e-39 2
1.90895 0.0792457 1.77953 7.93273e-39 2
2.03035 0.0830193 1.86427 8.76249e-39 2
2.1111 0.0850442 1.90974 8.11712e-39 2
2.14233 0.0850442 1.90974 9.40786e-39 2
2.17357 0.0850442 1.90974 8.20896e-39 2
2.1523 0.0830193 1.86427 8.57775e-39 2
1.99299 0.0758003 1.70216 8.39371e-39 2
2.02082 0.0758003 1.70216 9.22239e-39 2
2.04866 0.0758003 1.70216 8.57775e-39 2
2.51366 0.0917582 2.06051 8.20968e-39 2
-1.10866 0.0744903 1.22343 1.81611e-38 2
-1.05566 0.072233 1.18635 1.69615e-38 2
-1.03626 0.072233 1.18635 1.49342e-38 2
-0.900842 0.0639916 1.051 1.24453e-38 2
-0.877762 0.063565 1.04399 1.27219e-38 2
-0.854988 0.0631441 1.03708 1.25389e-38 2
-1.0043 0.0756726 1.24284 8.76036e-39 2
-0.983975 0.0756726 1.24284 8.85255e-39 2
-0.948592 0.0744903 1.22343 8.02243e-39 2
-0.928583 0.0744903 1.22343 9.40501e-39 2
-0.922996 0.0756726 1.24284 7.83768e-39 2
-0.972106 0.0814936 1.33845 8.57488e-39 2
-0.882343 0.0756726 1.24284 9.40464e-39 2
-0.775815 0.0681054 1.11856 7.74584e-39 2
-0.746852 0.0671462 1.10281 8.66815e-39 2
-0.708848 0.0653065 1.07259 8.66887e-39 2
-0.677387 0.0639916 1.051 9.22097e-39 2
-0.660199 0.0639916 1.051 7.46889e-39 2
-0.760385 0.0756726 1.24284 7.37634e-39 2
-0.840066 0.0858987 1.4108 8.5738e-39 2
-0.839687 0.0882848 1.44999 8.57416e-39 2
-0.815973 0.0882848 1.44999 8.85147e-39 2
-0.770846 0.0858987 1.4108 7.74584e-39 2
-0.741097 0.0851317 1.3982 8.39228e-39 2
-0.699493 0.0829109 1.36173 9.4997e-39 2
-0.677222 0.0829109 1.36173 7.84018e-39 2
-0.649305 0.0821961 1.34999 6.18066e-39 2
-0.638231 0.0836382 1.37367 8.11677e-39 2
-0.644011 0.0874748 1.43668 8.39336e-39 2
-0.632112 0.0891098 1.46354 8.02529e-39 2
-0.608177 0.0891098 1.46354 7.19517e-39 2
-0.584241 0.0891098 1.46354 7.65651e-39 2
-0.550024 0.0874748 1.43668 8.76069e-39 2
-0.486369 0.080803 1.32711 9.49862e-39 2
-0.44218 0.0768932 1.26289 6.82675e-39 2
-0.405188 0.0739128 1.21394 6.54981e-39 2
-0.376577 0.072233 1.18635 6.08667e-39 2
-0.357174 0.072233 1.18635 6.08739e-39 2
-0.335232 0.0716899 1.17743 5.53673e-39 2
-0.313617 0.0711549 1.16864 4.52151e-39 2
-0.251361 0.0607309 0.997442 5.44346e-39 2
-0.235048 0.0607309 0.997442 3.59883e-39 2
-0.220137 0.0611202 1.00384 7.65579e-39 2
-0.206365 0.061914 1.01687 6.45725e-39 2
-0.190974 0.0623186 1.02352 7.28701e-39 2
-0.174235 0.0623186 1.02352 7.19481e-39 2
-0.173358 0.0685953 1.12661 7.01114e-39 2
-0.156056 0.0690924 1.13477 8.02529e-39 2
-0.139519 0.0701085 1.15146 8.02457e-39 2
-0.121581 0.0706278 1.15999 7.65579e-39 2
-0.104942 0.072233 1.18635 7.19481e-39 2
-0.0861921 0.0727844 1.19541 7.3792e-39 2
-0.0687404 0.0750768 1.23306 8.11569e-39 2
-0.048574 0.0750768 1.23306 7.65471e-39 2
-0.0288622 0.076278 1.25279 1.01451e-38 2
-0.00837312 0.076278 1.25279 7.93238e-39 2
0.011832 0.0744903 1.22343 7.93238e-39 2
0.0323462 0.0756726 1.24284 8.76286e-39 2
0.0535222 0.0768932 1.26289 8.20896e-39 2
0.0753925 0.0781537 1.28359 8.02457e-39 2
0.0979918 0.0794563 1.30499 8.57667e-39 2
0.12345 0.0821961 1.34999 9.03765e-39 2
0.177698 0.100366 1.6484 7.84018e-39 2
0.209058 0.102524 1.68385 8.30151e-39 2
0.23408 0.101434 1.66594 7.65579e-39 2
0.261326 0.101434 1.66594 5.99627e-39 2
0.291675 0.102524 1.68385 5.25727e-39 2
0.315818 0.101434 1.66594 7.56252e-39 2
0.322481 0.0953475 1.56598 8.57667e-39 2
0.348092 0.0953475 1.56598 5.44274e-39 2
0.33973 0.0866796 1.42362 8.48555e-39 2
0.324646 0.0775183 1.27316 8.39407e-39 2
0.324371 0.0727844 1.19541 8.11677e-39 2
0.333731 0.0706278 1.15999 8.30187e-39 2
0.371991 0.0744903 1.22343 5.35234e-39 2
0.407935 0.0775183 1.27316 5.8126e-39 2
0.432271 0.0781537 1.28359 6.18137e-39 2
0.449579 0.0775183 1.27316 7.84018e-39 2
0.474257 0.0781537 1.28359 8.02349e-39 2
0.499343 0.0787996 1.2942 9.038e-39 2
0.516243 0.0781537 1.28359 8.21003e-39 2
0.537236 0.0781537 1.28359 8.11676e-39 2
0.577152 0.080803 1.32711 8.11712e-39 2
0.642409 0.0866796 1.42362 7.65651e-39 2
0.671799 0.0874748 1.43668 8.76286e-39 2
0.701734 0.0882848 1.44999 7.19553e-39 2
0.739136 0.0899505 1.47734 8.02493e-39 2
0.770567 0.0908072 1.49141 7.28736e-39 2
0.787459 0.0899505 1.47734 3.59953e-39 2
0.796591 0.0882848 1.44999 7.47175e-39 2
0.820305 0.0882848 1.44999 5.62855e-39 2
0.836276 0.0874748 1.43668 5.72075e-39 2
0.844281 0.0858987 1.4108 4.06123e-39 2
0.852003 0.0843783 1.38583 7.28808e-39 2
0.844765 0.0814936 1.33845 5.99734e-39 2
0.866655 0.0814936 1.33845 4.89027e-39 2
0.896204 0.0821961 1.34999 6.54835e-39 2
0.918283 0.0821961 1.34999 6.08953e-39 2
0.948539 0.0829109 1.36173 7.56466e-39 2
0.954215 0.0814936 1.33845 7.6565e-39 2
0.976105 0.0814936 1.33845 5.90586e-39 2
1.01535 0.0829109 1.36173 5.62855e-39 2
1.03762 0.0829109 1.36173 7.93345e-39 2
1.48643 0.116277 1.90974 7.65685e-39 2
1.48153 0.113509 1.86427 8.11819e-39 2
1.32302 0.0993204 1.63123 6.91929e-39 2
0.93892 0.0690924 1.13477 8.67173e-39 2
0.950591 0.0685953 1.12661 8.3955e-39 2
0.962095 0.0681054 1.11856 7.74833e-39 2
0.980389 0.0681054 1.11856 7.01005e-39 2
0.998682 0.0681054 1.11856 6.91893e-39 2
1.66733 0.105942 1.73998 7.65685e-39 2
1.2934 0.080803 1.32711 7.65721e-39 2
1.3151 0.080803 1.32711 5.99697e-39 2
1.34823 0.0814936 1.33845 8.30186e-39 2
1.38194 0.0821961 1.34999 7.84088e-39 2
1.59672 0.093478 1.53528 7.5643e-39 2
1.62183 0.093478 1.53528 8.8554e-39 2
1.67988 0.0953475 1.56598 6.55051e-39 2
1.77655 0.0993204 1.63123 8.67029e-39 2
1.88163 0.103639 1.70216 8.76141e-39 2
1.90947 0.103639 1.70216 8.11784e-39 2
1.85659 0.0993204 1.63123 6.91822e-39 2
1.88327 0.0993204 1.63123 8.30008e-39 2
1.76303 0.0916803 1.50575 8.66994e-39 2
1.78765 0.0916803 1.50575 8.5781e-39 2
1.77808 0.0899505 1.47734 6.08881e-39 2
1.83691 0.0916803 1.50575 7.28736e-39 2
2.54736 0.125457 2.06051 6.8271e-39 2
-1.07507 0.0916355 1.18635 8.48126e-39 2
-0.916761 0.0795782 1.03025 7.00648e-39 2
-0.876837 0.0775377 1.00384 8.666e-39 2
-0.849528 0.0765562 0.991129 8.94259e-39 2
-0.76549 0.0703249 0.910456 8.94294e-39 2
-0.741972 0.0695166 0.899991 8.75999e-39 2
-0.748769 0.0715733 0.926618 6.82495e-39 2
-0.716653 0.0699184 0.905193 8.29936e-39 2
-0.693827 0.0691193 0.894848 7.10082e-39 2
-0.664015 0.0675748 0.874852 8.66815e-39 2
-0.649707 0.0675748 0.874852 8.11533e-39 2
-0.861639 0.0916355 1.18635 7.65435e-39 2
-0.782924 0.0851823 1.10281 9.6823e-39 2
-0.770313 0.0857864 1.11063 7.19301e-39 2
-0.736479 0.0839992 1.08749 7.37813e-39 2
-0.685377 0.0801052 1.03708 6.54836e-39 2
-0.651166 0.078038 1.01031 7.37812e-39 2
-0.634643 0.078038 1.01031 8.39228e-39 2
-0.622133 0.0785447 1.01687 8.20789e-39 2
-0.601596 0.078038 1.01031 7.93058e-39 2
-0.708486 0.0944991 1.22343 8.02278e-39 2
-0.773027 0.106104 1.37367 9.03693e-39 2
-0.719025 0.101646 1.31595 8.30008e-39 2
-0.69169 0.100799 1.30499 6.5498e-39 2
-0.670347 0.100799 1.30499 8.11604e-39 2
-0.649005 0.100799 1.30499 8.66994e-39 2
-0.622475 0.099966 1.2942 7.28701e-39 2
-0.601308 0.099966 1.2942 6.08883e-39 2
-0.589892 0.101646 1.31595 5.44346e-39 2
-0.56837 0.101646 1.31595 6.73455e-39 2
-0.556196 0.103384 1.33845 7.28773e-39 2
-0.538912 0.104275 1.34999 7.9331e-39 2
-0.503804 0.101646 1.31595 5.90442e-39 2
-0.466598 0.0983405 1.27316 5.3509e-39 2
-0.421772 0.0930453 1.2046 5.35161e-39 2
-0.358009 0.0828485 1.07259 7.56287e-39 2
-0.376577 0.0916355 1.18635 7.65615e-39 2
-0.357174 0.0916355 1.18635 7.28665e-39 2
-0.297239 0.0806392 1.04399 5.99484e-39 2
-0.264306 0.0760747 0.984896 6.5473e-39 2
-0.248199 0.0760747 0.984896 8.30081e-39 2
-0.229208 0.0751297 0.972661 9.03837e-39 2
-0.218735 0.0770438 0.997442 8.20789e-39 2
-0.205034 0.078038 1.01031 7.9331e-39 2
-0.18851 0.078038 1.01031 8.67066e-39 2
-0.171987 0.078038 1.01031 5.35161e-39 2
-0.157496 0.0790581 1.02352 6.73455e-39 2
-0.140756 0.0790581 1.02352 7.47247e-39 2
-0.123211 0.0785447 1.01687 7.93309e-39 2
-0.121581 0.0895991 1.15999 6.82747e-39 2
-0.105743 0.092335 1.19541 7.2888e-39 2
-0.0882122 0.0944991 1.22343 5.44489e-39 2
-0.0698402 0.0967671 1.25279 7.93309e-39 2
-0.0493512 0.0967671 1.25279 7.7487e-39 2
-0.0290949 0.0975474 1.26289 7.56431e-39 2
-0.00837312 0.0967671 1.25279 7.01114e-39 2
0.011832 0.0944991 1.22343 6.08846e-39 2
0.0318408 0.0944991 1.22343 5.44346e-39 2
0.0502784 0.0916355 1.18635 5.25942e-39 2
0.0621479 0.081729 1.0581 7.19481e-39 2
0.0789195 0.0811804 1.051 8.57631e-39 2
0.0917958 0.0775377 1.00384 9.12948e-39 2
0.105508 0.0755993 0.97874 8.11604e-39 2
0.12076 0.0751297 0.972661 7.84053e-39 2
0.136668 0.0751297 0.972661 7.00969e-39 2
0.204706 0.100799 1.30499 7.8391e-39 2
0.285535 0.127325 1.6484 8.66994e-39 2
0.312494 0.127325 1.6484 9.03872e-39 2
0.313088 0.117436 1.52037 8.11641e-39 2
0.322307 0.111999 1.44999 8.66994e-39 2
0.33973 0.109963 1.42362 7.84018e-39 2
0.289358 0.0876513 1.13477 7.8409e-39 2
0.307917 0.0876513 1.13477 5.90407e-39 2
0.321812 0.0863992 1.11856 7.01077e-39 2
0.358006 0.0909465 1.17743 8.39407e-39 2
0.380121 0.0916355 1.18635 6.73383e-39 2
0.432271 0.0991466 1.28359 7.65651e-39 2
0.449579 0.0983405 1.27316 7.65651e-39 2
0.470401 0.0983405 1.27316 6.55016e-39 2
0.491223 0.0983405 1.27316 6.91858e-39 2
0.503853 0.0967671 1.25279 4.98211e-39 2
0.524342 0.0967671 1.25279 6.45617e-39 2
0.544831 0.0967671 1.25279 6.08846e-39 2
0.593824 0.101646 1.31595 6.1821e-39 2
0.625865 0.103384 1.33845 7.65723e-39 2
0.670684 0.107043 1.38583 5.81367e-39 2
0.725448 0.111999 1.44999 7.10333e-39 2
0.763297 0.114112 1.47734 7.7487e-39 2
0.772877 0.111999 1.44999 7.93309e-39 2
0.782107 0.109963 1.42362 7.47247e-39 2
0.812779 0.110971 1.43668 8.7632e-39 2
0.828673 0.109963 1.42362 7.56466e-39 2
0.829338 0.107043 1.38583 7.93345e-39 2
0.822874 0.103384 1.33845 8.30223e-39 2
0.830567 0.101646 1.31595 8.21003e-39 2
0.792176 0.0944991 1.22343 8.76249e-39 2
0.747912 0.0870207 1.12661 8.39442e-39 2
0.766337 0.0870207 1.12661 8.02708e-39 2
0.852203 0.0944991 1.22343 7.56574e-39 2
0.809008 0.0876513 1.13477 5.26121e-39 2
0.827567 0.0876513 1.13477 6.09097e-39 2
0.941656 0.0975474 1.26289 6.45832e-39 2
0.978086 0.0991466 1.28359 6.55051e-39 2
0.982965 0.0975474 1.26289 5.53599e-39 2
0.901802 0.0876513 1.13477 7.01149e-39 2
0.894436 0.0851823 1.10281 6.73525e-39 2
0.869604 0.0811804 1.051 6.55158e-39 2
0.886793 0.0811804 1.051 7.56574e-39 2
0.91009 0.081729 1.0581 5.99662e-39 2
0.940099 0.0828485 1.07259 8.48518e-39 2
0.951126 0.0822849 1.0653 6.73454e-39 2
0.975183 0.0828485 1.07259 8.3955e-39 2
1.00651 0.0839992 1.08749 6.55159e-39 2
0.996614 0.081729 1.0581 7.01256e-39 2
1.44289 0.116307 1.50575 7.19696e-39 2
1.46751 0.116307 1.50575 6.92037e-39 2
1.41075 0.109963 1.42362 7.4721e-39 2
1.35986 0.104275 1.34999 8.48625e-39 2
1.33587 0.100799 1.30499 6.18136e-39 2
1.31343 0.0975474 1.26289 7.56394e-39 2
1.33409 0.0975474 1.26289 6.08953e-39 2
1.3999 0.100799 1.30499 7.10368e-39 2
1.44533 0.102507 1.32711 5.72039e-39 2
1.46704 0.102507 1.32711 7.19443e-39 2
1.46393 0.100799 1.30499 4.98353e-39 2
-0.933611 0.0964277 1.03025 8.57523e-39 2
-0.870923 0.0916063 0.97874 8.11497e-39 2
-0.854916 0.0916063 0.97874 7.28557e-39 2
-0.849528 0.0927659 0.991129 6.36361e-39 2
-0.748093 0.0832785 0.889764 8.11569e-39 2
-0.725299 0.0823428 0.879766 8.39228e-39 2
-0.748769 0.0867279 0.926618 6.45545e-39 2
-0.696522 0.0823428 0.879766 8.11497e-39 2
-0.670828 0.080978 0.865185 6.82531e-39 2
-0.649501 0.080093 0.855729 8.11604e-39 2
-0.638997 0.0805331 0.860431 6.54836e-39 2
-0.557531 0.0718481 0.767639 6.73239e-39 2
-0.544977 0.0718481 0.767639 6.17886e-39 2
-0.522183 0.0704664 0.752877 9.68265e-39 2
-0.638873 0.0882953 0.943364 8.94545e-39 2
-0.680867 0.0964277 1.03025 8.48483e-39 2
-0.638802 0.0927659 0.991129 6.64163e-39 2
-0.622592 0.0927659 0.991129 8.20896e-39 2
-0.606383 0.0927659 0.991129 6.45724e-39 2
-0.57207 0.0899203 0.960726 6.91822e-39 2
-0.552965 0.089372 0.954868 7.84018e-39 2
-0.647978 0.107772 1.15146 7.19481e-39 2
-0.629147 0.107772 1.15146 7.56395e-39 2
-0.658753 0.116326 1.24284 7.47103e-39 2
-0.648723 0.118202 1.26289 7.00969e-39 2
-0.533428 0.100391 1.07259 7.74834e-39 2
-0.515886 0.100391 1.07259 8.20968e-39 2
-0.58676 0.118202 1.26289 7.65723e-39 2
-0.575387 0.120139 1.28359 8.20968e-39 2
-0.549886 0.119163 1.27316 7.74905e-39 2
-0.478492 0.107772 1.15146 7.19553e-39 2
-0.45966 0.107772 1.15146 6.91894e-39 2
-0.483489 0.118202 1.26289 7.84197e-39 2
-0.455488 0.116326 1.24284 8.02601e-39 2
-0.421772 0.112746 1.2046 9.8692e-39 2
-0.343877 0.0964277 1.03025 7.65435e-39 2
-0.327027 0.0964277 1.03025 5.62353e-39 2
-0.306149 0.0951754 1.01687 5.62174e-39 2
-0.289519 0.0951754 1.01687 3.50196e-39 2
-0.256248 0.089372 0.954868 9.40643e-39 2
-0.240632 0.089372 0.954868 6.55053e-39 2
-0.220973 0.0877666 0.937715 7.37885e-39 2
-0.208129 0.0888304 0.949081 9.5919e-39 2
-0.201141 0.0927659 0.991129 6.27322e-39 2
-0.186109 0.0933568 0.997442 6.08883e-39 2
-0.164555 0.0904754 0.966657 7.47176e-39 2
-0.153483 0.0933568 0.997442 6.36505e-39 2
-0.13717 0.0933568 0.997442 6.91823e-39 2
-0.120857 0.0933568 0.997442 6.0899e-39 2
-0.104544 0.0933568 0.997442 8.85649e-39 2
-0.085508 0.0904754 0.966657 7.93453e-39 2
-0.0719182 0.0933568 0.997442 7.93453e-39 2
-0.0623574 0.104693 1.11856 6.18317e-39 2
-0.0440636 0.104693 1.11856 6.45904e-39 2
-0.0277521 0.112746 1.2046 5.99806e-39 2
-0.00792909 0.111038 1.18635 6.91894e-39 2
0.0113022 0.109381 1.16864 4.70553e-39 2
0.0304151 0.109381 1.16864 5.25906e-39 2
0.0474054 0.104693 1.11856 7.10333e-39 2
0.0617307 0.0983692 1.051 6.18101e-39 2
0.0778743 0.0970663 1.03708 7.65435e-39 2
0.088945 0.0910374 0.972661 7.83945e-39 2
0.102311 0.0888304 0.949081 7.37847e-39 2
0.118551 0.089372 0.954868 7.28628e-39 2
0.133355 0.0888304 0.949081 4.98139e-39 2
0.148877 0.0888304 0.949081 6.73311e-39 2
0.191027 0.103218 1.10281 5.62748e-39 2
0.231929 0.114508 1.22343 6.73383e-39 2
0.240657 0.109381 1.16864 6.08883e-39 2
0.243421 0.102497 1.09509 6.54944e-39 2
0.266931 0.104693 1.11856 7.56359e-39 2
0.279241 0.102497 1.09509 6.08739e-39 2
0.297151 0.102497 1.09509 9.03693e-39 2
0.304417 0.0990339 1.0581 8.94509e-39 2
0.321722 0.0990339 1.0581 7.10082e-39 2
0.341333 0.0997076 1.0653 4.51934e-39 2
0.371388 0.103218 1.10281 6.08738e-39 2
0.415776 0.110203 1.17743 6.18102e-39 2
0.452026 0.114508 1.22343 6.0899e-39 2
0.483364 0.117256 1.25279 8.5781e-39 2
0.492044 0.114508 1.22343 9.12984e-39 2
0.504175 0.112746 1.2046 5.99484e-39 2
0.523876 0.112746 1.2046 6.642e-39 2
0.56532 0.117256 1.25279 8.39407e-39 2
0.610218 0.122142 1.30499 7.01114e-39 2
0.647754 0.125274 1.33845 6.91894e-39 2
0.699539 0.130866 1.3982 7.01114e-39 2
0.749162 0.135713 1.44999 7.93309e-39 2
0.765786 0.134468 1.43668 7.65651e-39 2
0.775061 0.132045 1.4108 7.93309e-39 2
0.798134 0.132045 1.4108 8.4859e-39 2
0.813875 0.130866 1.3982 7.10297e-39 2
0.829338 0.129708 1.38583 6.91929e-39 2
0.822874 0.125274 1.33845 8.11784e-39 2
0.830567 0.123168 1.31595 7.84053e-39 2
0.779989 0.112746 1.2046 8.30151e-39 2
0.742569 0.104693 1.11856 6.82673e-39 2
0.755467 0.10395 1.11063 7.38099e-39 2
0.773631 0.10395 1.11063 7.56287e-39 2
0.791795 0.10395 1.11063 8.57775e-39 2
0.815745 0.104693 1.11856 8.21076e-39 2
0.834038 0.104693 1.11856 7.47247e-39 2
0.852332 0.104693 1.11856 7.56466e-39 2
0.937597 0.112746 1.2046 7.74834e-39 2
0.84659 0.0997076 1.0653 7.19588e-39 2
0.864013 0.0997076 1.0653 7.01292e-39 2
0.82007 0.0927659 0.991129 6.45974e-39 2
0.81563 0.0904754 0.966657 5.81474e-39 2
0.892008 0.0970663 1.03708 7.56466e-39 2
0.927395 0.0990339 1.0581 8.30151e-39 2
0.938359 0.0983692 1.051 8.20932e-39 2
0.955548 0.0983692 1.051 7.7487e-39 2
0.992725 0.100391 1.07259 7.38135e-39 2
0.996614 0.0990339 1.0581 6.92037e-39 2
1.2717 0.124212 1.32711 7.47354e-39 2
1.2934 0.124212 1.32711 6.3672e-39 2
1.3151 0.124212 1.32711 7.38027e-39 2
1.27212 0.118202 1.26289 7.65686e-39 2
1.27226 0.116326 1.24284 4.98319e-39 2
1.27239 0.114508 1.22343 5.25942e-39 2
1.2924 0.114508 1.22343 5.99662e-39 2
1.33324 0.116326 1.24284 6.08882e-39 2
1.35356 0.116326 1.24284 6.54979e-39 2
1.37389 0.116326 1.24284 8.11604e-39 2
-0.88693 0.107613 0.97874 8.76069e-39 2
-0.725769 0.0896778 0.815617 7.83945e-39 2
-0.727588 0.0915859 0.83297 7.56287e-39 2
-0.713965 0.0915859 0.83297 7.74726e-39 2
-0.72343 0.0946052 0.860431 6.91715e-39 2
-0.733541 0.0978304 0.889764 6.17887e-39 2
-0.740012 0.100691 0.91578 3.68958e-39 2
-0.696522 0.0967311 0.879766 6.27286e-39 2
-0.674554 0.0956564 0.869991 8.20968e-39 2
-0.653069 0.0946052 0.860431 8.11677e-39 2
-0.593355 0.0878477 0.798972 7.74691e-39 2
-0.546809 0.0827795 0.752877 7.65399e-39 2
-0.534496 0.0827795 0.752877 7.00898e-39 2
-0.514759 0.0816026 0.742173 8.5763e-39 2
-0.50025 0.0812177 0.738672 8.30044e-39 2
-0.492818 0.0819912 0.745707 7.19409e-39 2
-0.480623 0.0819912 0.745707 7.47068e-39 2
-0.578645 0.101283 0.921167 7.19481e-39 2
-0.573703 0.103103 0.937715 7.3792e-39 2
-0.558367 0.103103 0.937715 6.27357e-39 2
-0.543031 0.103103 0.937715 5.99771e-39 2
-0.518383 0.101283 0.921167 5.90587e-39 2
-0.503317 0.101283 0.921167 6.64199e-39 2
-0.584527 0.121255 1.10281 7.00969e-39 2
-0.566491 0.121255 1.10281 5.99662e-39 2
-0.505718 0.111806 1.01687 7.7487e-39 2
-0.482817 0.110373 1.00384 7.7487e-39 2
-0.466399 0.110373 1.00384 5.53565e-39 2
-0.449982 0.110373 1.00384 8.11749e-39 2
-0.433564 0.110373 1.00384 6.08953e-39 2
-0.422564 0.111806 1.01687 7.37992e-39 2
-0.405934 0.111806 1.01687 4.70624e-39 2
-0.389303 0.111806 1.01687 7.8409e-39 2
-0.367894 0.110373 1.00384 7.10406e-39 2
-0.351477 0.110373 1.00384 7.28773e-39 2
-0.335059 0.110373 1.00384 8.11676e-39 2
-0.314608 0.108976 0.991129 9.40392e-39 2
-0.298399 0.108976 0.991129 7.74547e-39 2
-0.265392 0.102489 0.932133 6.82495e-39 2
-0.250147 0.102489 0.932133 7.47176e-39 2
-0.234902 0.102489 0.932133 6.91967e-39 2
-0.207317 0.0967311 0.879766 6.91894e-39 2
-0.188689 0.0946052 0.860431 7.19516e-39 2
-0.176557 0.0956564 0.869991 6.45904e-39 2
-0.162328 0.0956564 0.869991 6.36649e-39 2
-0.154092 0.0995268 0.905193 6.91859e-39 2
-0.140098 0.100105 0.910456 6.3647e-39 2
-0.12743 0.101883 0.926618 6.27178e-39 2
-0.112275 0.101883 0.926618 6.91859e-39 2
-0.098876 0.103724 0.943364 4.70697e-39 2
-0.0805366 0.100105 0.910456 5.1683e-39 2
-0.0660302 0.100691 0.91578 6.55123e-39 2
-0.0510528 0.100691 0.91578 6.55195e-39 2
-0.0354534 0.0989549 0.899991 6.09026e-39 2
-0.0237353 0.113277 1.03025 5.81295e-39 2
-0.0061207 0.100691 0.91578 7.01077e-39 2
0.00996376 0.113277 1.03025 7.74834e-39 2
0.0271708 0.114788 1.04399 6.36577e-39 2
0.044245 0.114788 1.04399 5.72039e-39 2
0.0601169 0.112537 1.02352 8.02493e-39 2
0.0679712 0.0995268 0.905193 7.56359e-39 2
0.0827754 0.0995268 0.905193 6.82603e-39 2
0.101085 0.103103 0.937715 5.62748e-39 2
0.116422 0.103103 0.937715 7.93273e-39 2
0.131758 0.103103 0.937715 9.40571e-39 2
0.147094 0.103103 0.937715 7.65471e-39 2
0.156797 0.0995268 0.905193 6.08882e-39 2
0.195309 0.113277 1.03025 7.84089e-39 2
0.214987 0.114788 1.04399 7.28845e-39 2
0.232061 0.114788 1.04399 9.40822e-39 2
0.249135 0.114788 1.04399 9.40643e-39 2
0.271642 0.11713 1.0653 1.75277e-39 2
0.287112 0.116339 1.0581 9.58903e-39 2
0.296406 0.113277 1.03025 7.56e-39 2
0.313256 0.113277 1.03025 3.77927e-39 2
0.330105 0.113277 1.03025 5.16257e-39 2
0.344687 0.112537 1.02352 9.2206e-39 2
0.403637 0.12568 1.14305 8.76106e-39 2
0.435033 0.12946 1.17743 8.57846e-39 2
0.454289 0.12946 1.17743 7.28628e-39 2
0.473546 0.12946 1.17743 7.74726e-39 2
0.489125 0.128494 1.16864 5.90407e-39 2
0.504473 0.127542 1.15999 7.28772e-39 2
0.523445 0.127542 1.15999 6.64091e-39 2
0.523044 0.122987 1.11856 8.30008e-39 2
0.561387 0.127542 1.15999 6.27213e-39 2
0.580359 0.127542 1.15999 8.02457e-39 2
0.652496 0.138856 1.26289 8.48555e-39 2
0.772877 0.159427 1.44999 7.84162e-39 2
0.796591 0.159427 1.44999 8.20968e-39 2
0.798134 0.155118 1.4108 8.20931e-39 2
0.813875 0.153733 1.3982 8.02385e-39 2
0.768157 0.141132 1.28359 7.74834e-39 2
0.770211 0.137745 1.25279 7.93273e-39 2
0.766182 0.133474 1.21394 6.91857e-39 2
0.756706 0.128494 1.16864 8.66957e-39 2
0.753331 0.124769 1.13477 6.27356e-39 2
0.760863 0.122987 1.11856 5.90442e-39 2
0.773631 0.122115 1.11063 5.99303e-39 2
0.791795 0.122115 1.11063 5.62569e-39 2
0.815745 0.122987 1.11856 6.45904e-39 2
0.834038 0.122987 1.11856 7.47247e-39 2
0.852332 0.122987 1.11856 6.27392e-39 2
0.870626 0.122987 1.11856 8.02493e-39 2
0.829658 0.114788 1.04399 7.84125e-39 2
0.73843 0.100105 0.910456 8.3033e-39 2
0.757725 0.100691 0.91578 6.92109e-39 2
0.772703 0.100691 0.91578 6.09097e-39 2
0.863418 0.110373 1.00384 7.28807e-39 2
0.90299 0.113277 1.03025 9.96103e-39 2
0.919839 0.113277 1.03025 8.76141e-39 2
0.942892 0.114027 1.03708 7.19516e-39 2
0.966252 0.114788 1.04399 8.11784e-39 2
0.976814 0.114027 1.03708 8.30223e-39 2
1.07186 0.122987 1.11856 8.02564e-39 2
1.12221 0.126604 1.15146 8.21003e-39 2
1.14105 0.126604 1.15146 8.8554e-39 2
1.15988 0.126604 1.15146 6.55051e-39 2
1.16163 0.124769 1.13477 8.57846e-39 2
1.18019 0.124769 1.13477 7.10368e-39 2
1.18162 0.122987 1.11856 2.5861e-39 2
1.18301 0.121255 1.10281 4.52221e-39 2
1.21821 0.122987 1.11856 5.90586e-39 2
-0.724025 0.100915 0.798972 7.00969e-39 2
-0.696738 0.0988964 0.782992 8.66957e-39 2
-0.683933 0.0988964 0.782992 9.22203e-39 2
-0.612901 0.0903163 0.715061 6.54835e-39 2
-0.601207 0.0903163 0.715061 7.65507e-39 2
-0.589512 0.0903163 0.715061 8.20824e-39 2
-0.659073 0.103017 0.815617 7.37848e-39 2
-0.704437 0.112382 0.889764 8.11712e-39 2
-0.674554 0.109885 0.869991 7.4714e-39 2
-0.656678 0.109278 0.865185 7.28628e-39 2
-0.570086 0.0969572 0.767639 5.62605e-39 2
-0.529006 0.0919966 0.728365 5.07145e-39 2
-0.524412 0.0932985 0.738672 3.68995e-39 2
-0.507543 0.0924265 0.731768 8.48448e-39 2
-0.495575 0.0924265 0.731768 8.11569e-39 2
-0.481357 0.0919966 0.728365 8.76141e-39 2
-0.469445 0.0919966 0.728365 6.91858e-39 2
-0.457533 0.0919966 0.728365 6.54872e-39 2
-0.532269 0.109885 0.869991 7.3792e-39 2
-0.535904 0.113674 0.899991 6.27357e-39 2
-0.536605 0.117037 0.926618 7.10477e-39 2
-0.52145 0.117037 0.926618 5.44381e-39 2
-0.602563 0.139291 1.10281 6.82603e-39 2
-0.291816 0.0886963 0.702235 7.10189e-39 2
-0.282868 0.089499 0.70859 6.18101e-39 2
-0.32941 0.108677 0.860431 7.19661e-39 2
-0.333672 0.114996 0.910456 3.23112e-39 2
-0.330303 0.119152 0.943364 8.39371e-39 2
-0.318715 0.120605 0.954868 5.99698e-39 2
-0.310676 0.12362 0.97874 7.10333e-39 2
-0.294669 0.12362 0.97874 7.47284e-39 2
-0.282189 0.125185 0.991129 8.7643e-39 2
-0.25782 0.121345 0.960726 8.6703e-39 2
-0.234902 0.117734 0.932133 8.30008e-39 2
-0.199473 0.106915 0.846478 7.56431e-39 2
-0.182667 0.105209 0.83297 6.45939e-39 2
-0.169044 0.105209 0.83297 6.18137e-39 2
-0.155421 0.105209 0.83297 6.82675e-39 2
-0.143322 0.10634 0.841927 6.09062e-39 2
-0.130253 0.106915 0.846478 5.81224e-39 2
-0.121671 0.111747 0.884737 7.37562e-39 2
-0.109679 0.114331 0.905193 6.27142e-39 2
-0.0971208 0.117037 0.926618 6.91966e-39 2
-0.079156 0.113024 0.894848 7.38099e-39 2
-0.0637919 0.111747 0.884737 8.30188e-39 2
-0.0474458 0.107496 0.851078 6.91894e-39 2
-0.0335266 0.107496 0.851078 6.36577e-39 2
-0.0195015 0.106915 0.846478 7.19481e-39 2
-0.00565751 0.106915 0.846478 8.66994e-39 2
0.00814242 0.10634 0.841927 9.31459e-39 2
0.0221501 0.107496 0.851078 8.11604e-39 2
0.0366671 0.109278 0.865185 6.64056e-39 2
0.0516735 0.11112 0.879766 8.20824e-39 2
0.0668126 0.112382 0.889764 7.10297e-39 2
0.0822997 0.113674 0.899991 9.31531e-39 2
0.0987209 0.115668 0.91578 6.54836e-39 2
0.113698 0.115668 0.91578 8.39228e-39 2
0.128676 0.115668 0.91578 9.31245e-39 2
0.143653 0.115668 0.91578 4.98032e-39 2
0.15863 0.115668 0.91578 8.20932e-39 2
0.190301 0.12679 1.00384 7.28808e-39 2
0.206718 0.12679 1.00384 7.56431e-39 2
0.220311 0.125185 0.991129 8.48555e-39 2
0.233564 0.12362 0.97874 3.6903e-39 2
0.249572 0.12362 0.97874 7.37776e-39 2
0.265579 0.12362 0.97874 7.5618e-39 2
0.281586 0.12362 0.97874 1.93787e-39 2
0.305223 0.12679 1.00384 2.02971e-39 2
0.321641 0.12679 1.00384 7.00827e-39 2
0.340239 0.127608 1.01031 1.75169e-39 2
0.363804 0.130127 1.03025 9.03765e-39 2
0.425436 0.145436 1.15146 8.39407e-39 2
0.447559 0.146513 1.15999 8.48483e-39 2
0.466531 0.146513 1.15999 5.99555e-39 2
0.478414 0.144374 1.14305 7.93237e-39 2
0.493506 0.143328 1.13477 6.91858e-39 2
0.512065 0.143328 1.13477 6.91678e-39 2
0.519334 0.140279 1.11063 6.36254e-39 2
0.541338 0.141281 1.11856 7.93094e-39 2
0.555662 0.140279 1.11063 6.91715e-39 2
0.539397 0.131862 1.04399 5.35018e-39 2
0.571717 0.135474 1.07259 7.65579e-39 2
0.589259 0.135474 1.07259 7.37956e-39 2
0.80539 0.179812 1.42362 7.19588e-39 2
0.701185 0.152148 1.2046 7.65686e-39 2
0.720886 0.152148 1.2046 7.01257e-39 2
0.71848 0.147607 1.16864 6.36612e-39 2
0.737593 0.147607 1.16864 7.93165e-39 2
0.714074 0.139291 1.10281 7.37847e-39 2
0.732111 0.139291 1.10281 5.90514e-39 2
0.729595 0.135474 1.07259 7.37955e-39 2
0.747137 0.135474 1.07259 8.02385e-39 2
0.749283 0.132747 1.051 9.68481e-39 2
0.761361 0.131862 1.04399 7.01114e-39 2
0.768193 0.130127 1.03025 6.27357e-39 2
0.764913 0.12679 1.00384 9.13163e-39 2
0.781331 0.12679 1.00384 7.7487e-39 2
0.777805 0.12362 0.97874 7.93273e-39 2
0.71757 0.111747 0.884737 8.30295e-39 2
0.736199 0.112382 0.889764 6.64415e-39 2
0.755041 0.113024 0.894848 8.85648e-39 2
0.83144 0.122094 0.966657 7.93417e-39 2
0.868699 0.125185 0.991129 6.27465e-39 2
0.884908 0.125185 0.991129 5.6282e-39 2
0.912671 0.12679 1.00384 7.65686e-39 2
0.953538 0.130127 1.03025 8.21111e-39 2
0.970388 0.130127 1.03025 7.84125e-39 2
0.987237 0.130127 1.03025 6.7349e-39 2
1.00409 0.130127 1.03025 8.02528e-39 2
1.02094 0.130127 1.03025 6.275e-39 2
1.03779 0.130127 1.03025 4.33889e-39 2
1.08314 0.133644 1.0581 8.02564e-39 2
1.05757 0.128437 1.01687 5.90442e-39 2
1.0742 0.128437 1.01687 7.37991e-39 2
1.09083 0.128437 1.01687 5.72075e-39 2
-0.702519 0.110596 0.77524 6.73383e-39 2
-0.683077 0.109512 0.767639 4.3371e-39 2
-0.670522 0.109512 0.767639 7.65506e-39 2
-0.612901 0.102011 0.715061 6.7331e-39 2
-0.601207 0.102011 0.715061 5.1647e-39 2
-0.589512 0.102011 0.715061 7.46995e-39 2
-0.575191 0.101547 0.711811 9.22311e-39 2
-0.60775 0.109512 0.767639 8.76285e-39 2
-0.567382 0.104394 0.731768 7.84053e-39 2
-0.555414 0.104394 0.731768 6.3654e-39 2
-0.526233 0.101088 0.70859 5.62676e-39 2
-0.519344 0.102011 0.715061 6.82388e-39 2
-0.5147 0.103428 0.724993 6.54766e-39 2
-0.500526 0.102951 0.721652 4.88957e-39 2
-0.488723 0.102951 0.721652 4.51971e-39 2
-0.476921 0.102951 0.721652 2.86054e-39 2
-0.467272 0.103428 0.724993 7.37812e-39 2
-0.449176 0.102011 0.715061 7.28557e-39 2
-0.427716 0.099734 0.6991 8.02385e-39 2
-0.400203 0.0958816 0.672096 6.27357e-39 2
-0.384264 0.0946627 0.663553 7.47211e-39 2
-0.308298 0.0946627 0.663553 8.67066e-39 2
-0.298711 0.0950656 0.666376 8.02601e-39 2
-0.290283 0.0958816 0.672096 8.48627e-39 2
-0.282934 0.0971322 0.680863 8.5781e-39 2
-0.27661 0.0988514 0.692913 7.37956e-39 2
-0.302791 0.11283 0.790901 7.56431e-39 2
-0.295833 0.115157 0.807208 8.11676e-39 2
-0.291651 0.118832 0.83297 8.66922e-39 2
-0.278028 0.118832 0.83297 8.39228e-39 2
-0.251051 0.11283 0.790901 8.20896e-39 2
-0.261928 0.124113 0.869991 5.44416e-39 2
-0.247699 0.124113 0.869991 5.90586e-39 2
-0.207018 0.110051 0.771421 4.98391e-39 2
-0.214476 0.121415 0.851078 7.10441e-39 2
-0.194223 0.117581 0.824202 6.09097e-39 2
-0.180744 0.117581 0.824202 5.35341e-39 2
-0.162144 0.113982 0.798972 3.13785e-39 2
-0.149841 0.114566 0.803069 7.65004e-39 2
-0.141047 0.118203 0.828563 7.65184e-39 2
-0.127496 0.118203 0.828563 6.63912e-39 2
-0.117042 0.121415 0.851078 5.80792e-39 2
-0.0988258 0.116356 0.815617 5.62569e-39 2
-0.0882442 0.12011 0.841927 7.7487e-39 2
-0.0769572 0.124113 0.869991 5.62928e-39 2
-0.061365 0.121415 0.851078 5.35161e-39 2
-0.0469357 0.12011 0.841927 8.21076e-39 2
-0.0331661 0.12011 0.841927 6.91967e-39 2
-0.0191903 0.118832 0.83297 8.02602e-39 2
-0.00556723 0.118832 0.83297 5.62785e-39 2
0.007971 0.117581 0.824202 8.11677e-39 2
0.0214506 0.117581 0.824202 6.18101e-39 2
0.0358743 0.120759 0.846478 8.76213e-39 2
0.0505378 0.122749 0.860431 8.48555e-39 2
0.0664351 0.126217 0.884737 8.66994e-39 2
0.0822997 0.128393 0.899991 7.28773e-39 2
0.0975796 0.129135 0.905193 7.65579e-39 2
0.113037 0.129886 0.910456 8.30116e-39 2
0.126457 0.128393 0.899991 8.76178e-39 2
0.141992 0.129135 0.905193 7.3792e-39 2
0.169536 0.139628 0.97874 6.91929e-39 2
0.185543 0.139628 0.97874 7.2888e-39 2
0.20155 0.139628 0.97874 6.82675e-39 2
0.207198 0.132979 0.932133 6.45797e-39 2
0.2031 0.121415 0.851078 7.28701e-39 2
0.217019 0.121415 0.851078 7.56287e-39 2
0.221316 0.116356 0.815617 9.59117e-39 2
0.247548 0.122749 0.860431 7.83946e-39 2
0.280087 0.131414 0.921167 6.64056e-39 2
0.302265 0.134581 0.943364 7.19481e-39 2
0.338058 0.143208 1.00384 7.00934e-39 2
0.354476 0.143208 1.00384 9.31531e-39 2
0.416254 0.160722 1.12661 7.10441e-39 2
0.428514 0.158443 1.11063 7.01077e-39 2
0.434356 0.154072 1.07999 8.76249e-39 2
0.439884 0.149936 1.051 7.47211e-39 2
0.476251 0.156227 1.09509 7.7487e-39 2
0.50475 0.159574 1.11856 9.40643e-39 2
0.505008 0.154072 1.07999 2.39849e-39 2
0.522671 0.154072 1.07999 7.46996e-39 2
0.502233 0.143208 1.00384 8.76034e-39 2
0.518651 0.143208 1.00384 6.91607e-39 2
0.535068 0.143208 1.00384 6.36361e-39 2
0.551486 0.143208 1.00384 6.9175e-39 2
0.59062 0.148936 1.04399 8.4859e-39 2
0.6511 0.159574 1.11856 6.45832e-39 2
0.689082 0.164268 1.15146 7.7505e-39 2
0.707914 0.164268 1.15146 8.11748e-39 2
0.716213 0.161887 1.13477 8.39335e-39 2
0.694511 0.153016 1.07259 7.93273e-39 2
0.712053 0.153016 1.07259 6.2732e-39 2
0.719735 0.150949 1.0581 7.84053e-39 2
0.73704 0.150949 1.0581 6.64164e-39 2
0.749283 0.149936 1.051 7.65651e-39 2
0.732078 0.143208 1.00384 7.37992e-39 2
0.729783 0.139628 0.97874 4.98211e-39 2
0.718834 0.134581 0.943364 7.84018e-39 2
0.725522 0.132979 0.932133 8.30116e-39 2
0.691382 0.124113 0.869991 7.19481e-39 2
0.713539 0.125508 0.879766 7.19553e-39 2
0.727927 0.125508 0.879766 8.48735e-39 2
0.746509 0.126217 0.884737 7.10441e-39 2
0.769676 0.127659 0.894848 8.9476e-39 2
0.802657 0.130646 0.91578 8.94724e-39 2
0.842262 0.134581 0.943364 9.4093e-39 2
0.86815 0.136222 0.954868 7.47391e-39 2
0.894678 0.137904 0.966657 6.55158e-39 2
0.910487 0.137904 0.966657 7.47282e-39 2
0.915 0.136222 0.954868 6.08953e-39 2
0.930617 0.136222 0.954868 6.36575e-39 2
0.957916 0.137904 0.966657 7.19588e-39 2
0.973725 0.137904 0.966657 8.48662e-39 2
0.989534 0.137904 0.966657 9.13199e-39 2
0.981119 0.134581 0.943364 7.47319e-39 2
0.996547 0.134581 0.943364 7.10297e-39 2
0.999928 0.132979 0.932133 6.73455e-39 2
-0.688878 0.120881 0.760186 7.56252e-39 2
-0.6573 0.11746 0.738672 5.99519e-39 2
-0.639189 0.116362 0.731768 8.5763e-39 2
-0.601908 0.111666 0.702235 9.40642e-39 2
-0.590423 0.111666 0.702235 9.68121e-39 2
-0.573792 0.110673 0.695993 7.83909e-39 2
-0.562409 0.110673 0.695993 7.93237e-39 2
-0.546171 0.109698 0.689861 7.84198e-39 2
-0.532543 0.109217 0.686835 6.91929e-39 2
-0.52131 0.109217 0.686835 6.18101e-39 2
-0.512324 0.109698 0.689861 7.28736e-39 2
-0.514644 0.112677 0.70859 5.81188e-39 2
-0.512328 0.114754 0.721652 6.54981e-39 2
-0.502843 0.115285 0.724993 5.35126e-39 2
-0.495575 0.116362 0.731768 6.1803e-39 2
-0.488169 0.11746 0.738672 4.42751e-39 2
-0.478345 0.118017 0.742173 5.5335e-39 2
-0.464008 0.11746 0.738672 4.15128e-39 2
-0.411195 0.106874 0.672096 6.4576e-39 2
-0.391796 0.104628 0.657977 8.39442e-39 2
-0.373194 0.102475 0.644438 8.85325e-39 2
-0.361168 0.102055 0.641797 9.40499e-39 2
-0.350672 0.102055 0.641797 8.48339e-39 2
-0.340175 0.102055 0.641797 8.20752e-39 2
-0.329679 0.102055 0.641797 6.36361e-39 2
-0.319183 0.102055 0.641797 5.81223e-39 2
-0.312529 0.103326 0.649786 7.19552e-39 2
-0.304428 0.104191 0.655223 6.27357e-39 2
-0.297446 0.105515 0.663553 4.89136e-39 2
-0.289043 0.106417 0.669224 7.93417e-39 2
-0.278098 0.106417 0.669224 4.15307e-39 2
-0.268299 0.106874 0.672096 7.01042e-39 2
-0.247738 0.102899 0.647101 6.73383e-39 2
-0.268185 0.116362 0.731768 4.98139e-39 2
-0.258634 0.11746 0.738672 7.65435e-39 2
-0.258759 0.123275 0.77524 3.78178e-39 2
-0.24608 0.123275 0.77524 4.24275e-39 2
-0.231113 0.122066 0.767639 8.48555e-39 2
-0.216436 0.120881 0.760186 4.61477e-39 2
-0.202042 0.119719 0.752877 6.1821e-39 2
-0.187922 0.118579 0.745707 5.16723e-39 2
-0.174893 0.118017 0.742173 5.7204e-39 2
-0.166706 0.120881 0.760186 7.10154e-39 2
-0.157328 0.123275 0.77524 5.89869e-39 2
-0.14683 0.125133 0.786927 4.69333e-39 2
-0.13601 0.127049 0.798972 9.67404e-39 2
-0.12109 0.125133 0.786927 5.89904e-39 2
-0.100634 0.116362 0.731768 5.71717e-39 2
-0.0821409 0.107799 0.677915 7.56359e-39 2
-0.0704439 0.106874 0.672096 8.11677e-39 2
-0.0594519 0.106874 0.672096 9.22276e-39 2
-0.0482528 0.106417 0.669224 6.45796e-39 2
-0.045707 0.130375 0.819887 6.36577e-39 2
-0.0328133 0.132455 0.83297 7.4714e-39 2
-0.0188888 0.130375 0.819887 6.91715e-39 2
-0.00539505 0.128358 0.807208 6.54765e-39 2
0.00768777 0.126404 0.794916 5.99592e-39 2
0.0205839 0.125765 0.790901 6.45724e-39 2
0.0335189 0.125765 0.790901 5.81115e-39 2
0.046928 0.127049 0.798972 5.25906e-39 2
0.06461 0.136822 0.860431 5.62928e-39 2
0.0809048 0.140687 0.884737 6.36685e-39 2
0.0959163 0.141486 0.889764 6.1821e-39 2
0.111738 0.143112 0.899991 6.36649e-39 2
0.125734 0.142294 0.894848 3.32439e-39 2
0.14798 0.150009 0.943364 7.19732e-39 2
0.169536 0.155635 0.97874 5.62928e-39 2
0.181018 0.151839 0.954868 3.04745e-39 2
0.191953 0.148223 0.932133 6.18102e-39 2
0.18918 0.135334 0.851078 5.44381e-39 2
0.191643 0.1277 0.803069 5.90407e-39 2
0.204777 0.1277 0.803069 4.61334e-39 2
0.219034 0.128358 0.807208 7.19338e-39 2
0.234655 0.129696 0.815617 9.86813e-39 2
0.25327 0.132455 0.83297 7.83983e-39 2
0.285091 0.141486 0.889764 5.53565e-39 2
0.310218 0.14648 0.921167 8.39407e-39 2
0.347788 0.156613 0.984896 7.19661e-39 2
0.393601 0.169398 1.0653 8.21076e-39 2
0.413839 0.170558 1.07259 5.44416e-39 2
0.422695 0.167124 1.051 5.44272e-39 2
0.434058 0.164911 1.03708 7.19588e-39 2
0.451019 0.164911 1.03708 7.19552e-39 2
0.46798 0.164911 1.03708 8.57775e-39 2
0.484941 0.164911 1.03708 7.9313e-39 2
0.462118 0.151839 0.954868 7.74654e-39 2
0.483632 0.153713 0.966657 9.68158e-39 2
0.499442 0.153713 0.966657 8.66743e-39 2
0.508967 0.151839 0.954868 8.02313e-39 2
0.524584 0.151839 0.954868 9.58974e-39 2
0.560715 0.157605 0.991129 7.65435e-39 2
0.6511 0.177868 1.11856 7.84089e-39 2
0.689082 0.1831 1.15146 7.38064e-39 2
0.707914 0.1831 1.15146 7.84018e-39 2
0.705982 0.177868 1.11856 8.66886e-39 2
0.685126 0.168254 1.0581 8.85468e-39 2
0.70243 0.168254 1.0581 6.5498e-39 2
0.699243 0.159625 1.00384 9.12984e-39 2
0.697769 0.155635 0.97874 7.01042e-39 2
0.704964 0.153713 0.966657 5.71968e-39 2
0.703406 0.150009 0.943364 9.68265e-39 2
0.693759 0.144776 0.910456 8.02278e-39 2
0.669712 0.136822 0.860431 5.81188e-39 2
0.661961 0.132455 0.83297 6.73419e-39 2
0.66151 0.129696 0.815617 6.64164e-39 2
0.674849 0.129696 0.815617 7.4714e-39 2
0.708912 0.131061 0.824202 7.28628e-39 2
0.737927 0.133879 0.841927 5.53456e-39 2
0.770946 0.132455 0.83297 7.75013e-39 2
0.801625 0.135334 0.851078 1.03305e-38 2
0.815544 0.135334 0.851078 6.91929e-39 2
0.838578 0.136822 0.860431 7.65614e-39 2
0.891852 0.143112 0.899991 5.44344e-39 2
0.906572 0.143112 0.899991 7.38027e-39 2
0.900587 0.139896 0.879766 7.56538e-39 2
0.894867 0.136822 0.860431 6.45939e-39 2
0.899059 0.135334 0.851078 8.48662e-39 2
-0.669381 0.129541 0.738672 8.66778e-39 2
-0.63921 0.125976 0.718341 1.04195e-38 2
-0.621757 0.12483 0.711811 9.49647e-39 2
-0.586137 0.119924 0.683836 6.73095e-39 2
-0.572453 0.119403 0.680863 5.0725e-39 2
-0.554091 0.117866 0.672096 6.548e-39 2
-0.543099 0.117866 0.672096 6.82638e-39 2
-0.529833 0.117362 0.669224 5.72039e-39 2
-0.518888 0.117362 0.669224 5.44416e-39 2
-0.512322 0.118374 0.674993 6.7349e-39 2
-0.503452 0.118886 0.677915 7.28808e-39 2
-0.496665 0.119924 0.683836 6.36577e-39 2
-0.491926 0.121516 0.692913 6.55089e-39 2
-0.500526 0.126556 0.721652 7.47284e-39 2
-0.495575 0.12833 0.731768 6.18066e-39 2
-0.485877 0.128933 0.735204 6.36397e-39 2
-0.476088 0.129541 0.738672 2.03078e-39 2
-0.451237 0.125976 0.718341 8.30116e-39 2
-0.402557 0.115389 0.657977 9.13271e-39 2
-0.382161 0.112552 0.641797 8.85613e-39 2
-0.368643 0.111637 0.636579 7.28593e-39 2
-0.358232 0.111637 0.636579 4.42643e-39 2
-0.349241 0.112093 0.639177 6.17814e-39 2
-0.338787 0.112093 0.639177 4.33567e-39 2
-0.328333 0.112093 0.639177 7.6547e-39 2
-0.31788 0.112093 0.639177 6.9175e-39 2
-0.309956 0.113015 0.644438 6.36577e-39 2
-0.304428 0.114907 0.655223 8.39335e-39 2
-0.297446 0.116367 0.663553 6.18102e-39 2
-0.289043 0.117362 0.669224 6.82747e-39 2
-0.279291 0.117866 0.672096 5.44489e-39 2
-0.269456 0.118374 0.674993 6.73455e-39 2
-0.251902 0.115389 0.657977 5.7204e-39 2
-0.253945 0.121516 0.692913 6.73311e-39 2
-0.213348 0.106859 0.609332 5.90263e-39 2
-0.202594 0.106444 0.606971 5.16543e-39 2
-0.23013 0.127142 0.724993 7.9313e-39 2
-0.231113 0.134621 0.767639 4.79773e-39 2
-0.216436 0.133314 0.760186 6.08918e-39 2
-0.202042 0.132032 0.752877 4.98212e-39 2
-0.187031 0.130155 0.742173 8.02349e-39 2
-0.172441 0.12833 0.731768 7.74798e-39 2
-0.164313 0.1314 0.749275 7.83945e-39 2
-0.15811 0.13663 0.779097 7.92842e-39 2
-0.14683 0.138003 0.786927 7.5557e-39 2
-0.13532 0.139404 0.794916 3.50089e-39 2
-0.112602 0.12833 0.731768 8.29937e-39 2
-0.0970076 0.123706 0.705398 8.76214e-39 2
-0.0800614 0.115876 0.660753 7.28772e-39 2
-0.068964 0.115389 0.657977 7.19446e-39 2
-0.0586962 0.116367 0.663553 7.83875e-39 2
-0.0478439 0.116367 0.663553 7.19481e-39 2
-0.0369917 0.116367 0.663553 8.20968e-39 2
-0.0316354 0.140834 0.803069 8.39407e-39 2
-0.0185014 0.140834 0.803069 8.39263e-39 2
-0.00528606 0.1387 0.790901 8.11533e-39 2
0.00757245 0.137313 0.782992 7.4714e-39 2
0.0203781 0.137313 0.782992 4.88884e-39 2
0.0333505 0.138003 0.786927 2.30558e-39 2
0.0433862 0.129541 0.738672 7.01007e-39 2
0.055467 0.129541 0.738672 7.6565e-39 2
0.0800008 0.153423 0.874852 5.53601e-39 2
0.0943088 0.153423 0.874852 4.06196e-39 2
0.109227 0.154285 0.879766 7.65794e-39 2
0.122925 0.153423 0.874852 4.0616e-39 2
0.144498 0.161545 0.921167 5.99771e-39 2
0.161463 0.163468 0.932133 8.67138e-39 2
0.137586 0.108548 0.618966 6.36577e-39 2
0.179665 0.132032 0.752877 6.36577e-39 2
0.205832 0.14156 0.807208 4.98213e-39 2
0.219034 0.14156 0.807208 4.70375e-39 2
0.226401 0.138003 0.786927 4.15165e-39 2
0.240479 0.1387 0.790901 6.7342e-39 2
0.264084 0.14454 0.824202 4.79917e-39 2
0.280516 0.146078 0.83297 4.24599e-39 2
0.273754 0.135954 0.77524 6.27322e-39 2
0.311072 0.147649 0.841927 5.07467e-39 2
0.324841 0.147649 0.841927 6.73418e-39 2
0.338611 0.147649 0.841927 5.99554e-39 2
0.35238 0.147649 0.841927 4.98319e-39 2
0.36615 0.147649 0.841927 7.84197e-39 2
0.388269 0.150894 0.860431 8.11748e-39 2
0.402341 0.150894 0.860431 8.20789e-39 2
0.416414 0.150894 0.860431 8.02385e-39 2
0.430486 0.150894 0.860431 7.74691e-39 2
0.439726 0.149254 0.851078 8.02349e-39 2
0.430261 0.14156 0.807208 7.74834e-39 2
0.443463 0.14156 0.807208 8.57631e-39 2
0.461421 0.143035 0.815617 6.91499e-39 2
0.569713 0.171642 0.97874 7.65435e-39 2
0.669394 0.196162 1.11856 8.30008e-39 2
0.687688 0.196162 1.11856 8.02313e-39 2
0.663978 0.159667 0.910456 7.19409e-39 2
0.678868 0.159667 0.910456 7.56144e-39 2
0.65564 0.150894 0.860431 9.12841e-39 2
0.641514 0.14454 0.824202 8.393e-39 2
0.654993 0.14454 0.824202 9.61403e-41 2
0.64801 0.140116 0.798972 6.45725e-39 2
0.522464 0.110737 0.631445 6.17922e-39 2
0.534948 0.111185 0.634002 5.99554e-39 2
0.635346 0.129541 0.738672 7.47103e-39 2
0.647426 0.129541 0.738672 7.00969e-39 2
0.566055 0.111185 0.634002 8.39442e-39 2
0.576424 0.111185 0.634002 7.28915e-39 2
0.717514 0.135954 0.77524 7.10476e-39 2
0.730193 0.135954 0.77524 7.56431e-39 2
0.7503 0.137313 0.782992 7.28772e-39 2
0.693733 0.12483 0.711811 8.20932e-39 2
0.695885 0.123151 0.702235 8.76285e-39 2
0.69798 0.121516 0.692913 8.85613e-39 2
0.709312 0.121516 0.692913 8.02564e-39 2
0.830948 0.140116 0.798972 7.19588e-39 2
-0.650958 0.137724 0.718341 8.29648e-39 2
-0.622088 0.134035 0.6991 8.8493e-39 2
-0.610654 0.134035 0.6991 5.71644e-39 2
-0.576075 0.128857 0.672096 7.28412e-39 2
-0.560274 0.127761 0.666376 6.45508e-39 2
-0.54245 0.12615 0.657977 7.28556e-39 2
-0.518615 0.123048 0.641797 5.99554e-39 2
-0.503987 0.122048 0.636579 6.82638e-39 2
-0.495591 0.122546 0.639177 7.47175e-39 2
-0.487126 0.123048 0.641797 7.01149e-39 2
-0.488645 0.12615 0.657977 6.36684e-39 2
-0.483985 0.127761 0.666376 6.5498e-39 2
-0.473086 0.127761 0.666376 8.11748e-39 2
-0.480593 0.132849 0.692913 5.72075e-39 2
-0.479878 0.135854 0.70859 7.5643e-39 2
-0.474733 0.137724 0.718341 7.65614e-39 2
-0.446596 0.132849 0.692913 6.27321e-39 2
-0.431446 0.131683 0.686835 7.01221e-39 2
-0.384773 0.120577 0.628909 5.26121e-39 2
-0.37752 0.121554 0.634002 4.89064e-39 2
-0.36567 0.121064 0.631445 5.44202e-39 2
-0.356782 0.121554 0.634002 6.54837e-39 2
-0.347821 0.122048 0.636579 1.07904e-38 2
-0.33741 0.122048 0.636579 5.81115e-39 2
-0.326999 0.122048 0.636579 6.4576e-39 2
-0.258078 0.110382 0.575729 4.8892e-39 2
-0.262155 0.116371 0.606971 8.48627e-39 2
-0.267153 0.128307 0.669224 6.91823e-39 2
-0.240774 0.120577 0.628909 7.56431e-39 2
-0.210078 0.115034 0.599994 6.17958e-39 2
-0.200265 0.115034 0.599994 8.94653e-39 2
-0.219947 0.132849 0.692913 8.20932e-39 2
-0.229985 0.146458 0.763895 8.30223e-39 2
-0.214355 0.144345 0.752877 6.275e-39 2
-0.199169 0.142293 0.742173 7.01114e-39 2
-0.185275 0.140957 0.735204 5.81152e-39 2
-0.171639 0.139646 0.728365 8.48627e-39 2
-0.161987 0.141622 0.738672 8.02492e-39 2
-0.156553 0.1479 0.771421 8.48411e-39 2
-0.14683 0.150873 0.786927 1.03277e-38 2
-0.120081 0.135242 0.705398 6.91823e-39 2
-0.107575 0.134035 0.6991 4.89171e-39 2
-0.0952906 0.132849 0.692913 6.82854e-39 2
-0.0790606 0.125099 0.652493 6.09026e-39 2
-0.0683893 0.125099 0.652493 1.93931e-39 2
-0.0582029 0.12615 0.657977 3.96618e-39 2
-0.0478439 0.127219 0.663553 5.90443e-39 2
-0.0363751 0.125099 0.652493 7.28773e-39 2
-0.0275397 0.134035 0.6991 4.52185e-39 2
-0.0180389 0.150119 0.782992 8.57882e-39 2
-0.0052332 0.150119 0.782992 5.81259e-39 2
0.00757245 0.150119 0.782992 7.56539e-39 2
0.0202767 0.149372 0.779097 5.99662e-39 2
0.0304438 0.137724 0.718341 7.56252e-39 2
0.0367915 0.120095 0.626394 8.11713e-39 2
0.0464783 0.118671 0.618966 7.01293e-39 2
0.0650916 0.136472 0.711811 7.6583e-39 2
0.0767331 0.136472 0.711811 7.28915e-39 2
0.0750672 0.115922 0.604627 7.10513e-39 2
0.0862884 0.11774 0.614111 7.47355e-39 2
0.0948443 0.115922 0.604627 7.56539e-39 2
0.104733 0.115922 0.604627 8.3948e-39 2
0.115965 0.11728 0.611713 7.74979e-39 2
0.126463 0.11774 0.614111 9.22348e-39 2
0.136507 0.11774 0.614111 8.20896e-39 2
0.14655 0.11774 0.614111 7.47211e-39 2
0.199657 0.150119 0.782992 4.1538e-39 2
0.212463 0.150119 0.782992 3.50664e-39 2
0.223038 0.148633 0.77524 2.49249e-39 2
0.235717 0.148633 0.77524 6.08811e-39 2
0.247172 0.1479 0.771421 6.36541e-39 2
0.259789 0.1479 0.771421 5.90444e-39 2
0.267141 0.145043 0.756514 3.59883e-39 2
0.26541 0.137724 0.718341 4.88957e-39 2
0.277158 0.137724 0.718341 5.6282e-39 2
0.305736 0.145747 0.760186 6.45796e-39 2
0.327714 0.150119 0.782992 6.82782e-39 2
0.343959 0.151635 0.790901 7.84089e-39 2
0.356894 0.151635 0.790901 6.64271e-39 2
0.369829 0.151635 0.790901 8.94653e-39 2
0.367899 0.145747 0.760186 7.93237e-39 2
0.362724 0.138999 0.724993 7.7487e-39 2
0.374581 0.138999 0.724993 6.27285e-39 2
0.382893 0.137724 0.718341 7.84018e-39 2
0.394641 0.137724 0.718341 6.91679e-39 2
0.402695 0.136472 0.711811 6.91499e-39 2
0.414337 0.136472 0.711811 3.13497e-39 2
0.42214 0.135242 0.705398 8.39156e-39 2
0.422265 0.131683 0.686835 5.4413e-39 2
0.396938 0.120577 0.628909 8.299e-39 2
0.407223 0.120577 0.628909 6.82387e-39 2
0.415839 0.120095 0.626394 1.06042e-38 2
0.42952 0.121064 0.631445 1.0511e-38 2
0.439847 0.121064 0.631445 9.68086e-39 2
0.448366 0.120577 0.628909 5.8108e-39 2
0.628034 0.15802 0.824202 8.4834e-39 2
0.634831 0.156374 0.815617 7.00935e-39 2
0.541081 0.130538 0.680863 8.20968e-39 2
0.500039 0.118204 0.616529 8.20968e-39 2
0.514171 0.119142 0.621422 8.30044e-39 2
0.530651 0.120577 0.628909 7.56215e-39 2
0.540937 0.120577 0.628909 6.36432e-39 2
0.551223 0.120577 0.628909 6.27392e-39 2
0.566055 0.121554 0.634002 3.04672e-39 2
0.576424 0.121554 0.634002 4.98356e-39 2
0.591583 0.122546 0.639177 6.45725e-39 2
0.676601 0.137724 0.718341 6.08846e-39 2
0.694722 0.138999 0.724993 7.10262e-39 2
0.666468 0.131108 0.683836 6.91894e-39 2
0.677652 0.131108 0.683836 7.01077e-39 2
0.685841 0.130538 0.680863 7.10297e-39 2
0.696976 0.130538 0.680863 9.31602e-39 2
0.708112 0.130538 0.680863 8.48627e-39 2
-0.633521 0.145468 0.6991 4.5161e-39 2
-0.595503 0.139252 0.669224 5.80685e-39 2
-0.584558 0.139252 0.669224 2.67399e-39 2
-0.539058 0.130863 0.628909 7.56143e-39 2
-0.522477 0.129305 0.621422 6.08702e-39 2
-0.512314 0.129305 0.621422 7.47067e-39 2
-0.502151 0.129305 0.621422 4.98247e-39 2
-0.490043 0.128794 0.618966 1.05149e-38 2
-0.481824 0.129305 0.621422 9.22346e-39 2
-0.471661 0.129305 0.621422 8.39406e-39 2
-0.463337 0.12982 0.623898 8.20931e-39 2
-0.458614 0.131391 0.631445 6.64055e-39 2
-0.451932 0.132459 0.636579 7.83945e-39 2
-0.456362 0.136911 0.657977 6.27321e-39 2
-0.453218 0.139252 0.669224 6.54979e-39 2
-0.410682 0.129305 0.621422 4.52185e-39 2
-0.400519 0.129305 0.621422 6.27465e-39 2
-0.388813 0.128794 0.618966 3.14071e-39 2
-0.383234 0.13034 0.626394 4.79952e-39 2
-0.375997 0.131391 0.631445 5.99627e-39 2
-0.36567 0.131391 0.631445 4.88813e-39 2
-0.355343 0.131391 0.631445 5.62749e-39 2
-0.347821 0.132459 0.636579 6.82675e-39 2
-0.33741 0.132459 0.636579 4.79808e-39 2
-0.230979 0.103444 0.497138 9.22131e-39 2
-0.222143 0.103117 0.495565 7.19337e-39 2
-0.214038 0.103117 0.495565 8.57846e-39 2
-0.205933 0.103117 0.495565 7.74726e-39 2
-0.225951 0.128287 0.616529 6.27143e-39 2
-0.209276 0.12437 0.597704 4.7963e-39 2
-0.199501 0.12437 0.597704 7.56396e-39 2
-0.189726 0.12437 0.597704 7.3792e-39 2
-0.199775 0.138072 0.663553 7.56466e-39 2
-0.19218 0.140452 0.674993 6.55123e-39 2
-0.182716 0.141674 0.680863 5.44453e-39 2
-0.18186 0.150161 0.721652 8.33694e-40 2
-0.170057 0.150161 0.721652 5.07503e-39 2
-0.158988 0.150856 0.724993 8.11784e-39 2
-0.139387 0.142916 0.686835 8.30044e-39 2
-0.128154 0.142916 0.686835 6.91715e-39 2
-0.117956 0.144181 0.692913 9.03944e-39 2
-0.104769 0.141674 0.680863 5.99878e-39 2
-0.0936334 0.141674 0.680863 6.18317e-39 2
-0.0790606 0.135771 0.652493 7.19732e-39 2
-0.0681055 0.135207 0.649786 5.07396e-39 2
-0.0584485 0.137489 0.660753 1.56838e-39 2
-0.0478439 0.138072 0.663553 8.57632e-39 2
-0.0365273 0.136339 0.655223 7.93274e-39 2
-0.0255971 0.135207 0.649786 5.6282e-39 2
-0.0158236 0.142916 0.686835 6.55016e-39 2
-0.00475745 0.148113 0.711811 5.99806e-39 2
0.00721186 0.155166 0.745707 7.93453e-39 2
0.019689 0.157415 0.756514 7.75013e-39 2
0.0296284 0.145468 0.6991 6.64343e-39 2
0.0362121 0.128287 0.616529 7.19625e-39 2
0.0459336 0.127285 0.611713 5.72219e-39 2
0.0555044 0.126298 0.606971 7.47355e-39 2
0.0654313 0.126298 0.606971 6.36755e-39 2
0.0733676 0.122962 0.590937 6.36791e-39 2
0.10393 0.124846 0.599994 8.11749e-39 2
0.115066 0.126298 0.606971 7.74943e-39 2
0.125479 0.12679 0.609332 7.10298e-39 2
0.135973 0.127285 0.611713 6.45796e-39 2
0.145978 0.127285 0.611713 6.45904e-39 2
0.175138 0.142916 0.686835 8.39515e-39 2
0.204291 0.156658 0.752877 8.57811e-39 2
0.216604 0.156658 0.752877 9.13092e-39 2
0.227822 0.155909 0.749275 6.73383e-39 2
0.237801 0.154431 0.742173 7.65651e-39 2
0.237554 0.146779 0.705398 7.56396e-39 2
0.249091 0.146779 0.705398 6.73348e-39 2
0.26541 0.149472 0.718341 7.19481e-39 2
0.272164 0.146779 0.705398 7.93345e-39 2
0.28628 0.148113 0.711811 7.65758e-39 2
0.306275 0.152266 0.731768 8.30295e-39 2
0.330601 0.158179 0.760186 7.93309e-39 2
0.343034 0.158179 0.760186 8.20968e-39 2
0.332846 0.148113 0.711811 9.77664e-39 2
0.338336 0.145468 0.6991 9.40822e-39 2
0.343633 0.142916 0.686835 8.76285e-39 2
0.354866 0.142916 0.686835 7.74834e-39 2
0.372637 0.145468 0.6991 6.36577e-39 2
0.384071 0.145468 0.6991 6.54944e-39 2
0.395504 0.145468 0.6991 8.85289e-39 2
0.406938 0.145468 0.6991 8.02313e-39 2
0.414669 0.144181 0.692913 8.85326e-39 2
0.422265 0.142916 0.686835 7.47032e-39 2
0.393775 0.12982 0.623898 8.94581e-39 2
0.403978 0.12982 0.623898 9.03764e-39 2
0.412539 0.129305 0.621422 6.73274e-39 2
0.424386 0.12982 0.623898 4.42713e-39 2
0.43459 0.12982 0.623898 3.59702e-39 2
0.444793 0.12982 0.623898 2.49176e-39 2
0.454997 0.12982 0.623898 7.00934e-39 2
0.470609 0.125811 0.604627 4.79773e-39 2
0.478649 0.125327 0.602302 7.65651e-39 2
0.490386 0.125811 0.604627 6.45725e-39 2
0.506137 0.127285 0.611713 4.05908e-39 2
0.522261 0.128794 0.618966 5.90263e-39 2
0.532385 0.128794 0.618966 7.83946e-39 2
0.54683 0.12982 0.623898 8.57774e-39 2
0.563772 0.131391 0.631445 8.11749e-39 2
0.571794 0.130863 0.628909 6.82675e-39 2
0.584427 0.131391 0.631445 4.70553e-39 2
0.658477 0.145468 0.6991 7.74799e-39 2
0.627866 0.136339 0.655223 4.15236e-39 2
0.655026 0.139849 0.672096 4.24455e-39 2
0.674706 0.141674 0.680863 6.45725e-39 2
0.685841 0.141674 0.680863 6.08846e-39 2
0.693959 0.14106 0.677915 5.53529e-39 2
-0.606448 0.150197 0.669224 8.75819e-39 2
-0.571097 0.144041 0.641797 6.17707e-39 2
-0.556043 0.14287 0.636579 8.85182e-39 2
-0.518245 0.135699 0.604627 8.29972e-39 2
-0.506401 0.135177 0.602302 6.9175e-39 2
-0.496551 0.135177 0.602302 6.4576e-39 2
-0.488579 0.135699 0.604627 7.65686e-39 2
-0.478691 0.135699 0.604627 6.55051e-39 2
-0.47245 0.136755 0.609332 5.25977e-39 2
-0.462485 0.136755 0.609332 5.90442e-39 2
-0.454287 0.137289 0.611713 5.71859e-39 2
-0.454946 0.140584 0.626394 6.82387e-39 2
-0.444701 0.140584 0.626394 6.7331e-39 2
-0.422623 0.136755 0.609332 6.27285e-39 2
-0.4002 0.132627 0.590937 5.2587e-39 2
-0.390535 0.132627 0.590937 7.56396e-39 2
-0.383767 0.133635 0.595431 5.07575e-39 2
-0.371206 0.132627 0.590937 5.72112e-39 2
-0.361541 0.132627 0.590937 6.54944e-39 2
-0.361424 0.136225 0.606971 2.67723e-39 2
-0.358443 0.138917 0.618966 2.95273e-39 2
-0.346949 0.13837 0.616529 8.30008e-39 2
-0.250597 0.109489 0.487846 7.74689e-39 2
-0.242619 0.109489 0.487846 7.28412e-39 2
-0.236111 0.110176 0.490904 8.48195e-39 2
-0.229521 0.110871 0.494001 8.7589e-39 2
-0.221442 0.110871 0.494001 8.20572e-39 2
-0.213363 0.110871 0.494001 7.9313e-39 2
-0.205284 0.110871 0.494001 9.86669e-39 2
-0.197828 0.111222 0.495565 8.02385e-39 2
-0.190326 0.111575 0.497138 4.52006e-39 2
-0.221589 0.135699 0.604627 7.19446e-39 2
-0.209276 0.134145 0.597704 5.16687e-39 2
-0.199501 0.134145 0.597704 6.92002e-39 2
-0.189004 0.133635 0.595431 7.01114e-39 2
-0.187091 0.139468 0.621422 6.55016e-39 2
-0.181243 0.14287 0.636579 5.35234e-39 2
-0.172232 0.144041 0.641797 7.10478e-39 2
-0.164432 0.146442 0.652493 5.44346e-39 2
-0.160445 0.152809 0.680863 7.381e-39 2
-0.153997 0.157606 0.702235 8.39514e-39 2
-0.130247 0.144041 0.641797 6.91894e-39 2
-0.11975 0.144041 0.641797 4.79772e-39 2
-0.109254 0.144041 0.641797 6.73455e-39 2
-0.0987574 0.144041 0.641797 5.44525e-39 2
-0.0886242 0.144634 0.644438 7.01222e-39 2
-0.0780846 0.144634 0.644438 6.09097e-39 2
-0.0681055 0.145834 0.649786 7.56431e-39 2
-0.0584485 0.148296 0.660753 5.71825e-39 2
-0.0480475 0.149558 0.666376 7.28486e-39 2
-0.0366808 0.147673 0.657977 6.54944e-39 2
-0.0257038 0.146442 0.652493 7.65651e-39 2
-0.0146657 0.14287 0.636579 7.2888e-39 2
-0.00423741 0.142292 0.634002 7.2888e-39 2
0.00641733 0.148924 0.663553 8.11964e-39 2
0.016368 0.141149 0.628909 8.30438e-39 2
0.0263363 0.139468 0.621422 7.01258e-39 2
0.0362121 0.13837 0.616529 4.52258e-39 2
0.0457549 0.136755 0.609332 4.61405e-39 2
0.0555044 0.136225 0.606971 9.77701e-39 2
0.0669892 0.139468 0.621422 4.43001e-39 2
0.0725463 0.131142 0.584322 7.10513e-39 2
0.0814946 0.130171 0.579994 5.62785e-39 2
0.089326 0.127804 0.569449 6.45725e-39 2
0.101977 0.132128 0.588716 7.4714e-39 2
0.115066 0.136225 0.606971 4.70697e-39 2
0.124992 0.136225 0.606971 7.01114e-39 2
0.135973 0.137289 0.611713 3.78537e-39 2
0.150687 0.141718 0.631445 7.1966e-39 2
0.170647 0.150197 0.669224 5.35269e-39 2
0.189699 0.156902 0.6991 6.91858e-39 2
0.201133 0.156902 0.6991 7.01077e-39 2
0.212566 0.156902 0.6991 8.30187e-39 2
0.22007 0.154149 0.686835 8.57846e-39 2
0.229292 0.152809 0.680863 8.67174e-39 2
0.238354 0.151492 0.674993 7.37992e-39 2
0.247262 0.150197 0.669224 7.37956e-39 2
0.256019 0.148924 0.663553 7.01149e-39 2
0.253958 0.141718 0.631445 7.01221e-39 2
0.26009 0.139468 0.621422 5.53708e-39 2
0.270254 0.139468 0.621422 6.91894e-39 2
0.280417 0.139468 0.621422 7.56431e-39 2
0.295267 0.141718 0.631445 7.28736e-39 2
0.305594 0.141718 0.631445 7.93309e-39 2
0.315921 0.141718 0.631445 9.22418e-39 2
0.326248 0.141718 0.631445 8.02492e-39 2
0.336575 0.141718 0.631445 6.73455e-39 2
0.352589 0.144041 0.641797 6.91894e-39 2
0.369137 0.146442 0.652493 8.48627e-39 2
0.383 0.147673 0.657977 7.65579e-39 2
0.397098 0.148924 0.663553 6.73455e-39 2
0.40795 0.148924 0.663553 7.7487e-39 2
0.390662 0.138917 0.618966 5.25906e-39 2
0.399207 0.13837 0.616529 3.78392e-39 2
0.407685 0.137828 0.614111 5.81223e-39 2
0.419373 0.13837 0.616529 4.61333e-39 2
0.429457 0.13837 0.616529 5.07216e-39 2
0.444793 0.140024 0.623898 6.08632e-39 2
0.454997 0.140024 0.623898 5.34911e-39 2
0.465201 0.140024 0.623898 3.6896e-39 2
0.471646 0.138917 0.618966 3.87507e-39 2
0.468799 0.135177 0.602302 3.96798e-39 2
0.478649 0.135177 0.602302 3.23005e-39 2
0.490386 0.135699 0.604627 4.15092e-39 2
0.500274 0.135699 0.604627 4.42787e-39 2
0.510163 0.135699 0.604627 5.07324e-39 2
0.520051 0.135699 0.604627 5.81008e-39 2
0.53615 0.137289 0.611713 7.00862e-39 2
0.552631 0.138917 0.618966 7.65579e-39 2
0.564987 0.139468 0.621422 6.4576e-39 2
0.57515 0.139468 0.621422 8.66994e-39 2
0.594754 0.141718 0.631445 6.54944e-39 2
0.61249 0.143453 0.639177 6.45725e-39 2
0.652227 0.150197 0.669224 6.3647e-39 2
0.668889 0.151492 0.674993 2.95418e-39 2
0.679929 0.151492 0.674993 6.73419e-39 2
-0.581594 0.154538 0.641797 7.92914e-39 2
-0.557391 0.150829 0.626394 8.48339e-39 2
-0.53853 0.148454 0.616529 8.6685e-39 2
-0.510363 0.143373 0.595431 8.5763e-39 2
-0.500625 0.143373 0.595431 8.57666e-39 2
-0.490887 0.143373 0.595431 6.08737e-39 2
-0.481148 0.143373 0.595431 7.01005e-39 2
-0.47141 0.143373 0.595431 5.25905e-39 2
-0.461672 0.143373 0.595431 5.16722e-39 2
-0.450222 0.14283 0.593176 4.89027e-39 2
-0.438859 0.142291 0.590937 5.7186e-39 2
-0.429194 0.142291 0.590937 7.65471e-39 2
-0.417952 0.141756 0.588716 2.76942e-39 2
-0.405277 0.140698 0.584322 3.04601e-39 2
-0.397202 0.141225 0.586511 5.81188e-39 2
-0.38761 0.141225 0.586511 7.19553e-39 2
-0.378018 0.141225 0.586511 6.27357e-39 2
-0.367051 0.140698 0.584322 7.84018e-39 2
-0.358833 0.141225 0.586511 3.59918e-39 2
-0.351877 0.142291 0.590937 4.42966e-39 2
-0.260073 0.114612 0.475983 8.11604e-39 2
-0.253057 0.114961 0.477434 8.9458e-39 2
-0.245249 0.114961 0.477434 7.93093e-39 2
-0.237441 0.114961 0.477434 8.6667e-39 2
-0.233187 0.116741 0.484825 9.12697e-39 2
-0.22737 0.117835 0.48937 9.86489e-39 2
-0.220054 0.118204 0.490904 8.29613e-39 2
-0.212025 0.118204 0.490904 4.42535e-39 2
-0.205284 0.11895 0.494001 1.04181e-38 2
-0.197204 0.11895 0.494001 8.29792e-39 2
-0.190326 0.119705 0.497138 7.37741e-39 2
-0.221589 0.145588 0.604627 6.82603e-39 2
-0.210886 0.145028 0.602302 7.65758e-39 2
-0.201036 0.145028 0.602302 7.1966e-39 2
-0.189726 0.143921 0.597704 8.11892e-39 2
-0.18274 0.146152 0.606971 5.53673e-39 2
-0.174164 0.147294 0.611713 3.69317e-39 2
-0.166765 0.149632 0.621422 5.26086e-39 2
-0.157854 0.150829 0.626394 5.90551e-39 2
-0.14761 0.150829 0.626394 6.45904e-39 2
-0.137365 0.150829 0.626394 6.82854e-39 2
-0.127121 0.150829 0.626394 5.1683e-39 2
-0.115949 0.149632 0.621422 7.287e-39 2
-0.105785 0.149632 0.621422 6.73563e-39 2
-0.0987574 0.154538 0.641797 4.5233e-39 2
-0.088261 0.154538 0.641797 8.21076e-39 2
-0.0771323 0.153281 0.636579 7.01293e-39 2
-0.0672681 0.154538 0.641797 3.78608e-39 2
-0.0579594 0.157771 0.655223 7.19553e-39 2
-0.047642 0.159102 0.660753 6.18066e-39 2
-0.0363751 0.157113 0.652493 6.91894e-39 2
-0.0255971 0.156461 0.649786 6.82782e-39 2
-0.0146657 0.153281 0.636579 7.2888e-39 2
-0.00423741 0.152661 0.634002 8.94904e-39 2
0.00608229 0.151434 0.628909 6.09026e-39 2
0.016368 0.151434 0.628909 6.45975e-39 2
0.0264412 0.150228 0.623898 5.35234e-39 2
0.0362121 0.148454 0.616529 4.24455e-39 2
0.0450537 0.144472 0.599994 7.74798e-39 2
0.0548664 0.144472 0.599994 5.62641e-39 2
0.0664617 0.148454 0.616529 4.98176e-39 2
0.072818 0.141225 0.586511 4.52258e-39 2
0.0817975 0.140175 0.58215 4.98356e-39 2
0.093048 0.14283 0.593176 6.27357e-39 2
0.101977 0.141756 0.588716 5.25942e-39 2
0.111605 0.141756 0.588716 3.69282e-39 2
0.119437 0.139656 0.579994 6.64308e-39 2
0.125213 0.135637 0.563304 6.64308e-39 2
0.134426 0.135637 0.563304 6.82747e-39 2
0.13962 0.131843 0.547547 6.0899e-39 2
0.148575 0.131843 0.547547 4.33746e-39 2
0.183145 0.153281 0.636579 5.44381e-39 2
0.193556 0.153281 0.636579 8.02529e-39 2
0.203967 0.153281 0.636579 8.48734e-39 2
0.216136 0.154538 0.641797 6.73634e-39 2
0.226632 0.154538 0.641797 8.02672e-39 2
0.229601 0.149632 0.621422 5.53636e-39 2
0.234188 0.146152 0.606971 5.35197e-39 2
0.240388 0.143921 0.597704 4.89171e-39 2
0.242751 0.139656 0.579994 6.55123e-39 2
0.252237 0.139656 0.579994 7.65651e-39 2
0.267671 0.14283 0.593176 6.82675e-39 2
0.277372 0.14283 0.593176 6.64164e-39 2
0.287073 0.14283 0.593176 6.18138e-39 2
0.29904 0.143921 0.597704 6.55016e-39 2
0.311191 0.145028 0.602302 9.13127e-39 2
0.328625 0.148454 0.616529 8.20824e-39 2
0.344127 0.150829 0.626394 5.81259e-39 2
0.354372 0.150829 0.626394 9.22383e-39 2
0.364616 0.150829 0.626394 8.30116e-39 2
0.387253 0.155815 0.647101 6.64235e-39 2
0.397836 0.155815 0.647101 3.96868e-39 2
0.39535 0.150829 0.626394 5.99662e-39 2
0.400785 0.14904 0.618966 4.4293e-39 2
0.410908 0.14904 0.618966 6.54944e-39 2
0.422702 0.149632 0.621422 5.35055e-39 2
0.431154 0.14904 0.618966 1.93896e-39 2
0.444793 0.150228 0.623898 1.20139e-39 2
0.454997 0.150228 0.623898 3.78323e-39 2
0.461523 0.14904 0.618966 4.79739e-39 2
0.466119 0.147294 0.611713 3.69068e-39 2
0.468799 0.145028 0.602302 4.88814e-39 2
0.478649 0.145028 0.602302 5.80938e-39 2
0.492286 0.146152 0.606971 5.07181e-39 2
0.500274 0.145588 0.604627 4.51936e-39 2
0.506253 0.144472 0.599994 4.70375e-39 2
0.518051 0.145028 0.602302 4.7041e-39 2
0.52994 0.145588 0.604627 4.88885e-39 2
0.546154 0.147294 0.611713 6.73383e-39 2
0.556159 0.147294 0.611713 7.01113e-39 2
0.572877 0.14904 0.618966 6.27357e-39 2
0.592365 0.151434 0.628909 6.82603e-39 2
0.607531 0.152661 0.634002 7.47175e-39 2
0.641266 0.158434 0.657977 8.02385e-39 2
0.668889 0.162531 0.674993 7.5636e-39 2
0.67701 0.161833 0.672096 7.4714e-39 2
-0.567635 0.161073 0.626394 9.03657e-39 2
-0.544327 0.157298 0.611713 9.03656e-39 2
-0.53018 0.156079 0.606971 9.77484e-39 2
-0.510363 0.153111 0.595431 7.56251e-39 2
-0.498728 0.152532 0.593176 6.08774e-39 2
-0.490887 0.153111 0.595431 8.32618e-40 2
-0.479326 0.152532 0.593176 7.19516e-39 2
-0.467852 0.151956 0.590937 5.99698e-39 2
-0.458188 0.151956 0.590937 7.01077e-39 2
-0.446837 0.151385 0.588716 6.54872e-39 2
-0.432333 0.149696 0.58215 4.797e-39 2
-0.422812 0.149696 0.58215 7.00934e-39 2
-0.405749 0.146965 0.571527 7.65435e-39 2
-0.39496 0.14643 0.569449 5.16506e-39 2
-0.388472 0.147503 0.573621 8.57774e-39 2
-0.376334 0.14643 0.569449 6.18102e-39 2
-0.367021 0.14643 0.569449 7.28593e-39 2
-0.360328 0.147503 0.573621 4.79665e-39 2
-0.3434 0.144331 0.561285 4.98212e-39 2
-0.279896 0.124285 0.483328 3.41515e-39 2
-0.258501 0.121657 0.473107 8.76106e-39 2
-0.252288 0.122396 0.475983 9.40606e-39 2
-0.244504 0.122396 0.475983 6.27177e-39 2
-0.236719 0.122396 0.475983 8.48303e-39 2
-0.231752 0.123903 0.481841 8.85074e-39 2
-0.225258 0.12467 0.484825 8.94222e-39 2
-0.218004 0.125057 0.486331 5.34696e-39 2
-0.210704 0.125446 0.487846 5.62283e-39 2
-0.203997 0.126233 0.490904 4.97637e-39 2
-0.196584 0.12663 0.492448 1.03252e-38 2
-0.189724 0.127431 0.495565 7.56073e-39 2
-0.181619 0.127431 0.495565 8.39192e-39 2
-0.173514 0.127431 0.495565 6.36541e-39 2
-0.18276 0.140798 0.547547 5.90479e-39 2
-0.17627 0.142795 0.555314 5.44489e-39 2
-0.169593 0.14485 0.563304 5.53601e-39 2
-0.161543 0.1459 0.567386 6.18137e-39 2
-0.155647 0.149142 0.579994 5.16902e-39 2
-0.148359 0.151385 0.588716 5.90586e-39 2
-0.139782 0.152532 0.593176 6.27464e-39 2
-0.130081 0.152532 0.593176 5.81295e-39 2
-0.122232 0.154878 0.602302 7.28772e-39 2
-0.113252 0.156079 0.606971 5.1683e-39 2
-0.103325 0.156079 0.606971 4.52329e-39 2
-0.0948693 0.158537 0.616529 6.73563e-39 2
-0.088261 0.165034 0.641797 6.09025e-39 2
-0.07682 0.16303 0.634002 6.64378e-39 2
-0.0669936 0.16436 0.639177 8.11856e-39 2
-0.0574784 0.167088 0.649786 5.44525e-39 2
-0.0468513 0.167088 0.649786 3.60134e-39 2
-0.0362242 0.167088 0.649786 7.38136e-39 2
-0.0253864 0.165713 0.644438 7.01258e-39 2
0.0366449 0.160432 0.623898 7.56431e-39 2
0.0450537 0.154285 0.599994 8.11676e-39 2
0.0563785 0.158537 0.616529 7.74655e-39 2
0.0659425 0.157298 0.611713 9.22168e-39 2
0.0742076 0.153696 0.597704 7.01186e-39 2
0.0833467 0.152532 0.593176 7.38208e-39 2
0.0896521 0.146965 0.571527 5.99771e-39 2
0.0982819 0.1459 0.567386 7.65579e-39 2
0.106787 0.14485 0.563304 5.16795e-39 2
0.112755 0.140798 0.547547 3.23256e-39 2
0.11921 0.137905 0.536296 5.26051e-39 2
0.126251 0.136042 0.529049 6.45869e-39 2
0.133998 0.135129 0.525498 7.47284e-39 2
0.135327 0.128243 0.498721 6.08847e-39 2
0.140793 0.125838 0.48937 5.35126e-39 2
0.148796 0.125838 0.48937 2.77086e-39 2
0.157786 0.12663 0.492448 6.64343e-39 2
0.169029 0.129065 0.501918 6.45904e-39 2
0.186818 0.136042 0.529049 6.73598e-39 2
0.195471 0.136042 0.529049 5.35304e-39 2
0.194905 0.129898 0.505156 8.30151e-39 2
0.203167 0.129898 0.505156 8.39442e-39 2
0.217029 0.133339 0.518538 7.65686e-39 2
0.228537 0.135129 0.525498 6.5498e-39 2
0.243672 0.138856 0.539995 4.79665e-39 2
0.252504 0.138856 0.539995 8.66778e-39 2
0.252624 0.134228 0.521995 9.13057e-39 2
0.256041 0.131596 0.51176 9.13271e-39 2
0.26441 0.131596 0.51176 8.57882e-39 2
0.281996 0.136042 0.529049 9.31531e-39 2
0.325878 0.152532 0.593176 8.3937e-39 2
0.335579 0.152532 0.593176 8.48662e-39 2
0.34528 0.152532 0.593176 6.36541e-39 2
0.363237 0.156079 0.606971 7.8409e-39 2
0.373164 0.156079 0.606971 6.92002e-39 2
0.377242 0.153696 0.597704 4.79916e-39 2
0.387017 0.153696 0.597704 6.0899e-39 2
0.396793 0.153696 0.597704 8.76286e-39 2
0.409696 0.154878 0.602302 8.7625e-39 2
0.419546 0.154878 0.602302 6.18102e-39 2
0.429397 0.154878 0.602302 9.77593e-39 2
0.442652 0.156079 0.606971 4.79881e-39 2
0.449098 0.154878 0.602302 6.08848e-39 2
0.45719 0.154285 0.599994 5.1658e-39 2
0.461696 0.152532 0.593176 5.90337e-39 2
0.473189 0.153111 0.595431 6.63914e-39 2
0.4885 0.154878 0.602302 2.39886e-39 2
0.494546 0.153696 0.597704 3.32082e-39 2
0.502404 0.153111 0.595431 4.61263e-39 2
0.512142 0.153111 0.595431 3.69103e-39 2
0.523872 0.153696 0.597704 4.98069e-39 2
0.535692 0.154285 0.599994 6.54837e-39 2
0.545504 0.154285 0.599994 6.73348e-39 2
0.566163 0.157298 0.611713 6.2725e-39 2
0.61249 0.16436 0.639177 8.39442e-39 2
-0.554331 0.167303 0.611713 6.91606e-39 2
-0.535953 0.164729 0.602302 8.48374e-39 2
-0.522086 0.163471 0.597704 9.03763e-39 2
-0.506511 0.161621 0.590937 8.76105e-39 2
-0.496846 0.161621 0.590937 8.94509e-39 2
-0.489027 0.162233 0.593176 6.64091e-39 2
-0.475722 0.161013 0.588716 1.02369e-38 2
-0.464348 0.16041 0.586511 8.02492e-39 2
-0.453059 0.159811 0.584322 5.35017e-39 2
-0.43538 0.156884 0.573621 7.19409e-39 2
-0.424443 0.156312 0.571527 5.81115e-39 2
-0.413587 0.155743 0.569449 5.62676e-39 2
-0.398478 0.153511 0.561285 5.53456e-39 2
-0.389298 0.153511 0.561285 5.25798e-39 2
-0.381486 0.154063 0.563304 5.3509e-39 2
-0.369614 0.152962 0.55928 5.07324e-39 2
-0.360467 0.152962 0.55928 6.36326e-39 2
-0.352579 0.153511 0.561285 4.42715e-39 2
-0.274807 0.129786 0.474541 4.33746e-39 2
-0.263848 0.128232 0.468858 6.18066e-39 2
-0.256179 0.128232 0.468858 8.48483e-39 2
-0.249258 0.128617 0.470266 8.29864e-39 2
-0.242294 0.129004 0.471682 6.45617e-39 2
-0.235289 0.129394 0.473107 4.05838e-39 2
-0.229632 0.130578 0.477434 3.1357e-39 2
-0.223872 0.131783 0.481841 3.13534e-39 2
-0.217329 0.132599 0.484825 2.85948e-39 2
-0.209399 0.132599 0.484825 4.79451e-39 2
-0.202726 0.133425 0.487846 6.54478e-39 2
-0.195356 0.133842 0.48937 4.33353e-39 2
-0.18853 0.134684 0.492448 6.73205e-39 2
-0.179911 0.134262 0.490904 4.70518e-39 2
-0.171882 0.134262 0.490904 5.25906e-39 2
-0.164887 0.135109 0.494001 5.07575e-39 2
-0.156808 0.135109 0.494001 6.45869e-39 2
-0.148729 0.135109 0.494001 6.08883e-39 2
-0.138897 0.133425 0.487846 4.52258e-39 2
-0.145919 0.148713 0.543745 6.18281e-39 2
-0.137026 0.148713 0.543745 4.15379e-39 2
-0.12903 0.149753 0.547547 4.61548e-39 2
-0.120075 0.149753 0.547547 8.48626e-39 2
-0.12038 0.162233 0.593176 7.84125e-39 2
-0.112381 0.164729 0.602302 7.47319e-39 2
-0.103325 0.166006 0.606971 7.7505e-39 2
-0.0948693 0.16862 0.616529 5.62928e-39 2
-0.0847862 0.16862 0.616529 5.53708e-39 2
-0.0741193 0.167303 0.611713 4.06231e-39 2
-0.0621721 0.162233 0.593176 6.09026e-39 2
-0.0505558 0.156312 0.571527 6.27501e-39 2
-0.0415116 0.157461 0.575729 4.3389e-39 2
0.0654313 0.166006 0.606971 5.16686e-39 2
0.0742076 0.163471 0.597704 8.39514e-39 2
0.0883621 0.154063 0.563304 8.94724e-39 2
0.0982819 0.155179 0.567386 5.62749e-39 2
0.1038 0.149753 0.547547 5.25907e-39 2
0.107494 0.142765 0.521995 5.53745e-39 2
0.113756 0.139966 0.51176 2.4028e-39 2
0.117517 0.134684 0.492448 8.21041e-39 2
0.125571 0.134684 0.492448 7.10406e-39 2
0.132789 0.133842 0.48937 5.16687e-39 2
0.139918 0.133011 0.486331 7.38064e-39 2
0.147872 0.133011 0.486331 8.2104e-39 2
0.1568 0.133842 0.48937 8.67029e-39 2
0.164803 0.133842 0.48937 8.48662e-39 2
0.173894 0.134684 0.492448 8.4877e-39 2
0.181948 0.134684 0.492448 6.275e-39 2
0.190002 0.134684 0.492448 7.84053e-39 2
0.196818 0.133842 0.48937 9.59297e-39 2
0.204821 0.133842 0.48937 6.64199e-39 2
0.215519 0.135536 0.495565 7.83945e-39 2
0.223623 0.135536 0.495565 9.40606e-39 2
0.231728 0.135536 0.495565 8.11461e-39 2
0.236835 0.133842 0.48937 7.47068e-39 2
0.244839 0.133842 0.48937 8.11891e-39 2
0.252842 0.133842 0.48937 3.69209e-39 2
0.262486 0.134684 0.492448 2.30844e-39 2
0.277522 0.13816 0.505156 7.56394e-39 2
0.307614 0.148713 0.543745 8.67101e-39 2
0.316507 0.148713 0.543745 9.50042e-39 2
0.329983 0.150808 0.551403 7.93309e-39 2
0.341405 0.151877 0.555314 7.56539e-39 2
0.358107 0.155179 0.567386 4.89243e-39 2
0.370068 0.156312 0.571527 8.67174e-39 2
0.382205 0.157461 0.575729 6.92002e-39 2
0.394522 0.158628 0.579994 6.91894e-39 2
0.404007 0.158628 0.579994 7.47212e-39 2
0.416579 0.159811 0.584322 9.40787e-39 2
0.426135 0.159811 0.584322 9.50042e-39 2
0.412598 0.151341 0.553351 5.71968e-39 2
0.424649 0.152418 0.55729 9.59155e-39 2
0.438445 0.154063 0.563304 5.81224e-39 2
0.454193 0.156312 0.571527 8.76071e-39 2
0.479283 0.161621 0.590937 6.45689e-39 2
0.488947 0.161621 0.590937 5.99592e-39 2
0.496737 0.161013 0.588716 6.91859e-39 2
0.510202 0.162233 0.593176 7.74835e-39 2
0.523872 0.163471 0.597704 5.81152e-39 2
0.533647 0.163471 0.597704 5.62641e-39 2
0.543422 0.163471 0.597704 6.64128e-39 2
0.551094 0.16285 0.595431 5.07323e-39 2
-0.545803 0.174579 0.602302 6.63948e-39 2
-0.531861 0.173246 0.597704 8.48339e-39 2
-0.514235 0.170641 0.588716 8.7607e-39 2
-0.504607 0.170641 0.588716 8.85289e-39 2
-0.491285 0.169368 0.584322 9.03656e-39 2
-0.479937 0.168738 0.58215 1.05128e-38 2
-0.458486 0.164459 0.567386 8.02348e-39 2
-0.445974 0.163275 0.563304 8.57772e-39 2
-0.424545 0.158708 0.547547 8.94688e-39 2
-0.41559 0.158708 0.547547 7.74834e-39 2
-0.418336 0.163275 0.563304 7.01077e-39 2
-0.409124 0.163275 0.563304 4.1527e-39 2
-0.386527 0.161532 0.55729 6.64271e-39 2
-0.376074 0.160959 0.555314 6.18137e-39 2
-0.368298 0.161532 0.55729 9.59082e-39 2
-0.359184 0.161532 0.55729 3.87397e-39 2
-0.35007 0.161532 0.55729 5.903e-39 2
-0.274807 0.137547 0.474541 8.4859e-39 2
-0.258431 0.13311 0.459233 7.56394e-39 2
-0.251659 0.133502 0.460584 1.10659e-38 2
-0.24557 0.134292 0.463309 5.99412e-39 2
-0.237993 0.134292 0.463309 6.27107e-39 2
-0.231787 0.135091 0.466067 4.05875e-39 2
-0.226866 0.136719 0.471682 2.30739e-39 2
-0.22115 0.137965 0.475983 8.20683e-39 2
-0.21467 0.138809 0.478894 4.52008e-39 2
-0.207472 0.139235 0.480363 3.04495e-39 2
-0.20023 0.139663 0.481841 3.78144e-39 2
-0.192944 0.140094 0.483328 2.86021e-39 2
-0.186188 0.140965 0.486331 4.88958e-39 2
-0.17879 0.141404 0.487846 2.12407e-39 2
-0.171345 0.141846 0.48937 3.78466e-39 2
-0.165409 0.143641 0.495565 6.1821e-39 2
-0.158306 0.144556 0.498721 4.79988e-39 2
-0.15015 0.144556 0.498721 5.99771e-39 2
-0.142447 0.145018 0.500314 5.07611e-39 2
-0.142941 0.15439 0.532648 7.93489e-39 2
-0.13423 0.15439 0.532648 6.82747e-39 2
-0.125519 0.15439 0.532648 6.45904e-39 2
-0.116018 0.153347 0.529049 7.01222e-39 2
-0.107366 0.153347 0.529049 7.10441e-39 2
-0.105105 0.163275 0.563304 5.35341e-39 2
-0.100977 0.171934 0.593176 5.81403e-39 2
-0.0919726 0.173246 0.597704 4.98391e-39 2
-0.0821973 0.173246 0.597704 5.1683e-39 2
-0.0682538 0.163275 0.563304 5.07503e-39 2
-0.055828 0.15439 0.532648 7.19661e-39 2
-0.0467983 0.153347 0.529049 5.53709e-39 2
-0.0350657 0.140965 0.486331 4.24671e-39 2
-0.0271964 0.141404 0.487846 5.62964e-39 2
-0.0114532 0.144097 0.497138 4.15416e-39 2
-0.00332267 0.144097 0.497138 5.62965e-39 2
0.00485414 0.145483 0.501918 5.53745e-39 2
0.0644323 0.173246 0.597704 8.48699e-39 2
0.0561919 0.131187 0.452597 5.53745e-39 2
0.0611209 0.126085 0.434996 7.56539e-39 2
0.0904193 0.151302 0.521995 7.19516e-39 2
0.0983011 0.1503 0.518538 8.39372e-39 2
0.101409 0.142738 0.492448 3.23256e-39 2
0.107436 0.140094 0.483328 5.81404e-39 2
0.116057 0.140965 0.486331 4.98356e-39 2
0.123245 0.140094 0.483328 7.28845e-39 2
0.13115 0.140094 0.483328 5.53745e-39 2
0.138202 0.139235 0.480363 5.99843e-39 2
0.146058 0.139235 0.480363 6.45904e-39 2
0.152048 0.137547 0.474541 7.65614e-39 2
0.159809 0.137547 0.474541 5.53564e-39 2
0.16757 0.137547 0.474541 7.65794e-39 2
0.174275 0.136719 0.471682 7.56574e-39 2
0.181989 0.136719 0.471682 7.65614e-39 2
0.188568 0.1359 0.468858 6.45796e-39 2
0.196236 0.1359 0.468858 8.66922e-39 2
0.203904 0.1359 0.468858 7.19337e-39 2
0.211572 0.1359 0.468858 8.57702e-39 2
0.21924 0.1359 0.468858 8.29971e-39 2
0.228275 0.136719 0.471682 7.28736e-39 2
0.240333 0.139235 0.480363 5.72075e-39 2
0.249721 0.140094 0.483328 8.94724e-39 2
0.259226 0.140965 0.486331 4.70553e-39 2
0.27054 0.142738 0.492448 5.72003e-39 2
0.285784 0.146421 0.505156 7.10368e-39 2
0.316507 0.157606 0.543745 6.45832e-39 2
0.3254 0.157606 0.543745 8.67029e-39 2
0.334293 0.157606 0.543745 7.10441e-39 2
0.348019 0.159826 0.551403 7.93488e-39 2
0.357037 0.159826 0.551403 8.02672e-39 2
0.366055 0.159826 0.551403 6.08953e-39 2
0.377733 0.160959 0.555314 6.27392e-39 2
0.386815 0.160959 0.555314 7.56431e-39 2
0.398725 0.162109 0.55928 7.9331e-39 2
0.413783 0.164459 0.567386 8.5781e-39 2
0.411146 0.159826 0.551403 7.74834e-39 2
0.420164 0.159826 0.551403 9.68409e-39 2
0.433764 0.161532 0.55729 7.74942e-39 2
0.446053 0.16269 0.561285 7.47211e-39 2
0.46354 0.165659 0.571527 1.47941e-39 2
0.479893 0.168113 0.579994 6.73455e-39 2
0.489378 0.168113 0.579994 6.27429e-39 2
0.506366 0.170641 0.588716 5.81332e-39 2
-0.541637 0.183022 0.597704 7.00826e-39 2
-0.446627 0.153691 0.501918 8.75998e-39 2
-0.444112 0.155687 0.508436 4.24311e-39 2
-0.456549 0.163101 0.532648 7.28557e-39 2
-0.463607 0.168844 0.551403 7.19372e-39 2
-0.454589 0.168844 0.551403 8.30007e-39 2
-0.448731 0.170042 0.555314 9.40678e-39 2
-0.430489 0.166499 0.543745 5.62711e-39 2
-0.421596 0.166499 0.543745 3.59989e-39 2
-0.412704 0.166499 0.543745 6.91893e-39 2
-0.410945 0.169441 0.553351 7.28736e-39 2
-0.401895 0.169441 0.553351 8.20931e-39 2
-0.391462 0.168844 0.551403 5.81223e-39 2
-0.382444 0.168844 0.551403 6.91929e-39 2
-0.374746 0.169441 0.553351 7.56466e-39 2
-0.365696 0.169441 0.553351 5.07466e-39 2
-0.356646 0.169441 0.553351 6.18101e-39 2
-0.35007 0.170647 0.55729 8.11712e-39 2
-0.254697 0.138589 0.452597 7.28628e-39 2
-0.248011 0.13899 0.453908 6.27178e-39 2
-0.241287 0.139395 0.455228 5.25692e-39 2
-0.234524 0.139801 0.456555 3.87399e-39 2
-0.227057 0.139801 0.456555 2.76801e-39 2
-0.220878 0.140621 0.459233 3.68997e-39 2
-0.213367 0.140621 0.459233 3.59813e-39 2
-0.210171 0.143568 0.468858 2.86021e-39 2
-0.204338 0.144869 0.473107 3.13715e-39 2
-0.198399 0.146194 0.477434 2.4925e-39 2
-0.191174 0.146641 0.478894 4.70519e-39 2
-0.185039 0.147999 0.483328 2.77016e-39 2
-0.178235 0.148918 0.486331 4.33785e-39 2
-0.170811 0.149382 0.487846 4.06161e-39 2
-0.165934 0.152228 0.497138 4.33819e-39 2
-0.157304 0.151746 0.495565 3.69354e-39 2
-0.149673 0.152228 0.497138 3.41695e-39 2
-0.141542 0.152228 0.497138 7.47284e-39 2
-0.134695 0.153691 0.501918 5.90623e-39 2
-0.128129 0.155687 0.508436 3.87721e-39 2
-0.117524 0.152712 0.498721 6.92002e-39 2
-0.109367 0.152712 0.498721 3.97012e-39 2
-0.10057 0.151746 0.495565 4.70768e-39 2
-0.0913096 0.149849 0.48937 5.72184e-39 2
-0.0833061 0.149849 0.48937 3.32475e-39 2
-0.0762557 0.151746 0.495565 4.0616e-39 2
-0.0681509 0.151746 0.495565 5.07611e-39 2
-0.0608159 0.153691 0.501918 6.18102e-39 2
-0.0526071 0.153691 0.501918 8.02493e-39 2
-0.0443984 0.153691 0.501918 4.52293e-39 2
-0.0349572 0.148457 0.484825 6.55123e-39 2
-0.0271964 0.149382 0.487846 4.89208e-39 2
-0.0195218 0.151746 0.495565 6.55125e-39 2
-0.011417 0.151746 0.495565 6.27537e-39 2
-0.00332267 0.152228 0.497138 9.31819e-39 2
0.00485414 0.153691 0.501918 7.75014e-39 2
0.0131472 0.154683 0.505156 6.45725e-39 2
0.0328464 0.133943 0.437426 6.91966e-39 2
0.0411498 0.137792 0.449995 6.45869e-39 2
0.047023 0.13357 0.436207 4.98356e-39 2
0.0540067 0.133199 0.434996 5.6282e-39 2
0.0611209 0.133199 0.434996 5.71968e-39 2
0.0684252 0.13357 0.436207 7.37955e-39 2
0.0755593 0.13357 0.436207 6.64271e-39 2
0.0838614 0.135457 0.442368 7.37992e-39 2
0.0916138 0.136226 0.444882 8.11821e-39 2
0.0988897 0.136226 0.444882 4.98392e-39 2
0.109913 0.141034 0.460584 6.64308e-39 2
0.117445 0.141034 0.460584 5.53673e-39 2
0.127223 0.143568 0.468858 7.7505e-39 2
0.134891 0.143568 0.468858 6.73599e-39 2
0.142559 0.143568 0.468858 6.36721e-39 2
0.14586 0.139395 0.455228 7.9331e-39 2
0.152419 0.138589 0.452597 6.73455e-39 2
0.157995 0.137005 0.447424 4.89171e-39 2
0.165312 0.137005 0.447424 6.36684e-39 2
0.17263 0.137005 0.447424 6.64163e-39 2
0.180982 0.137792 0.449995 7.28737e-39 2
0.188341 0.137792 0.449995 7.01042e-39 2
0.195701 0.137792 0.449995 7.65471e-39 2
0.20306 0.137792 0.449995 7.37992e-39 2
0.211636 0.138589 0.452597 6.64164e-39 2
0.219038 0.138589 0.452597 7.01077e-39 2
0.235989 0.144433 0.471682 5.53529e-39 2
0.24518 0.145308 0.474541 5.6282e-39 2
0.254484 0.146194 0.477434 1.03298e-38 2
0.26553 0.147999 0.483328 4.3371e-39 2
0.276853 0.149849 0.48937 7.38027e-39 2
0.294045 0.154683 0.505156 5.90514e-39 2
0.318759 0.163101 0.532648 9.22347e-39 2
0.334293 0.166499 0.543745 6.7349e-39 2
0.343186 0.166499 0.543745 7.19696e-39 2
0.357037 0.168844 0.551403 6.45831e-39 2
0.366055 0.168844 0.551403 8.02492e-39 2
0.375073 0.168844 0.551403 7.74905e-39 2
0.378757 0.166499 0.543745 7.56466e-39 2
0.38765 0.166499 0.543745 8.11856e-39 2
0.396542 0.166499 0.543745 7.01257e-39 2
0.405435 0.166499 0.543745 7.93309e-39 2
0.417225 0.167663 0.547547 7.01042e-39 2
0.432226 0.170042 0.555314 5.07503e-39 2
0.446053 0.17187 0.561285 7.93382e-39 2
0.460181 0.173738 0.567386 6.55088e-39 2
0.472887 0.175006 0.571527 4.43038e-39 2
0.48578 0.176293 0.575729 8.11856e-39 2
-0.451939 0.160869 0.498721 6.64019e-39 2
-0.435461 0.157853 0.48937 4.05907e-39 2
-0.427458 0.157853 0.48937 7.28591e-39 2
-0.419454 0.157853 0.48937 1.02365e-38 2
-0.416659 0.159851 0.495565 1.00521e-38 2
-0.411157 0.160869 0.498721 5.99589e-39 2
-0.405583 0.1619 0.501918 7.56322e-39 2
-0.402535 0.164003 0.508436 8.85468e-39 2
-0.39422 0.164003 0.508436 7.56466e-39 2
-0.383415 0.162945 0.505156 6.64271e-39 2
-0.375153 0.162945 0.505156 7.65686e-39 2
-0.399075 0.177238 0.549468 5.81294e-39 2
-0.390089 0.177238 0.549468 8.21003e-39 2
-0.37977 0.176618 0.547547 9.5926e-39 2
-0.26321 0.138772 0.430215 6.7349e-39 2
-0.256174 0.138772 0.430215 7.65686e-39 2
-0.251906 0.140313 0.434996 6.3672e-39 2
-0.246849 0.141493 0.438651 5.6282e-39 2
-0.242391 0.143096 0.443622 2.58468e-39 2
-0.237151 0.144322 0.447424 3.78179e-39 2
-0.23182 0.14557 0.451292 8.85184e-39 2
-0.22444 0.14557 0.451292 2.95168e-39 2
-0.218317 0.146414 0.453908 8.32259e-40 2
-0.210284 0.145991 0.452597 2.85913e-39 2
-0.20347 0.146414 0.453908 3.87615e-39 2
-0.196616 0.14684 0.455228 5.25837e-39 2
-0.188623 0.146414 0.453908 2.95276e-39 2
-0.181199 0.146414 0.453908 5.16725e-39 2
-0.174619 0.160869 0.498721 1.93968e-39 2
-0.166463 0.160869 0.498721 3.13929e-39 2
-0.15342 0.155904 0.483328 1.57232e-39 2
-0.145068 0.155424 0.481841 5.07612e-39 2
-0.136766 0.154947 0.480363 3.23256e-39 2
-0.126581 0.152147 0.471682 6.09062e-39 2
-0.116756 0.149446 0.463309 4.70697e-39 2
-0.108537 0.148567 0.460584 6.18138e-39 2
-0.101004 0.148567 0.460584 3.13892e-39 2
-0.0951503 0.151236 0.468858 6.73599e-39 2
-0.0885426 0.153069 0.474541 1.48085e-39 2
-0.0807816 0.153069 0.474541 8.21112e-39 2
-0.0734659 0.154003 0.477434 6.5516e-39 2
-0.0656576 0.154003 0.477434 6.82819e-39 2
-0.0578492 0.154003 0.477434 6.36541e-39 2
-0.0500409 0.154003 0.477434 6.55016e-39 2
-0.0415985 0.15169 0.470266 6.45904e-39 2
-0.0346355 0.154947 0.480363 7.10441e-39 2
-0.0271964 0.157361 0.487846 5.35305e-39 2
-0.0194603 0.159347 0.494001 7.56575e-39 2
-0.011381 0.159347 0.494001 5.44525e-39 2
-0.00315253 0.152147 0.471682 5.99806e-39 2
0.00456172 0.152147 0.471682 5.07503e-39 2
0.0119871 0.148567 0.460584 6.18066e-39 2
0.0183336 0.139538 0.432592 7.47068e-39 2
0.0254085 0.139538 0.432592 7.47175e-39 2
0.0324835 0.139538 0.432592 7.56395e-39 2
0.0534132 0.138772 0.430215 8.2104e-39 2
0.0601189 0.138013 0.427865 8.39372e-39 2
0.0674853 0.138772 0.430215 6.36577e-39 2
0.0741142 0.138013 0.427865 9.03908e-39 2
0.0808908 0.137637 0.426699 7.47175e-39 2
0.0857661 0.134343 0.416485 8.2104e-39 2
0.0935731 0.135787 0.420963 5.07396e-39 2
0.100458 0.135787 0.420963 3.23004e-39 2
0.112167 0.14189 0.439883 6.08774e-39 2
0.122811 0.145991 0.452597 7.7487e-39 2
0.130213 0.145991 0.452597 7.38064e-39 2
0.136824 0.145152 0.449995 5.81332e-39 2
0.142545 0.143502 0.444882 4.70697e-39 2
0.148975 0.142692 0.442368 6.642e-39 2
0.155332 0.14189 0.439883 8.02601e-39 2
0.162526 0.14189 0.439883 7.65795e-39 2
0.16972 0.14189 0.439883 5.53673e-39 2
0.177914 0.142692 0.442368 3.87686e-39 2
0.186201 0.143502 0.444882 6.73348e-39 2
0.193477 0.143502 0.444882 4.15128e-39 2
0.200753 0.143502 0.444882 4.98176e-39 2
0.208029 0.143502 0.444882 6.55088e-39 2
0.215305 0.143502 0.444882 7.01114e-39 2
0.225139 0.145152 0.449995 5.7204e-39 2
0.233843 0.145991 0.452597 5.99627e-39 2
0.242647 0.14684 0.455228 6.08809e-39 2
0.250092 0.14684 0.455228 4.6144e-39 2
0.257538 0.14684 0.455228 5.99806e-39 2
0.261937 0.145152 0.449995 7.74977e-39 2
0.267758 0.144322 0.447424 6.55086e-39 2
0.275075 0.144322 0.447424 4.15306e-39 2
0.336182 0.171812 0.532648 8.02492e-39 2
0.347255 0.172989 0.536296 6.82782e-39 2
0.356026 0.172989 0.536296 7.19588e-39 2
0.364797 0.172989 0.536296 8.7632e-39 2
0.361199 0.167261 0.518538 7.38135e-39 2
0.369679 0.167261 0.518538 6.73562e-39 2
0.396542 0.175392 0.543745 9.87063e-39 2
0.411146 0.177862 0.551403 7.84125e-39 2
0.418689 0.177238 0.549468 8.30151e-39 2
0.435313 0.180403 0.55928 7.01113e-39 2
0.441308 0.179124 0.555314 8.76393e-39 2
0.447218 0.177862 0.551403 7.28917e-39 2
0.46946 0.183018 0.567386 7.28917e-39 2
-0.443465 0.165856 0.48937 7.00826e-39 2
-0.435461 0.165856 0.48937 7.93021e-39 2
-0.422181 0.163809 0.483328 9.3135e-39 2
-0.411734 0.162804 0.480363 9.31386e-39 2
-0.401416 0.161811 0.477434 7.37811e-39 2
-0.393607 0.161811 0.477434 6.54907e-39 2
-0.385799 0.161811 0.477434 6.55014e-39 2
-0.377991 0.161811 0.477434 7.74869e-39 2
-0.361368 0.157958 0.466067 8.30151e-39 2
-0.353746 0.157958 0.466067 8.67101e-39 2
-0.334188 0.152511 0.449995 6.91929e-39 2
-0.323115 0.150778 0.444882 8.67208e-39 2
-0.315839 0.150778 0.444882 8.30151e-39 2
-0.300039 0.146613 0.432592 8.94653e-39 2
-0.28663 0.143443 0.423239 7.01184e-39 2
-0.276716 0.141909 0.418712 3.87719e-39 2
-0.270592 0.142289 0.419835 8.02564e-39 2
-0.268037 0.144616 0.426699 8.30402e-39 2
-0.261058 0.144616 0.426699 5.07502e-39 2
-0.254774 0.145011 0.427865 7.56394e-39 2
-0.249824 0.146209 0.431401 3.41658e-39 2
-0.245474 0.147838 0.436207 5.2605e-39 2
-0.240348 0.149084 0.439883 7.01078e-39 2
-0.234471 0.149926 0.442368 4.15165e-39 2
-0.229833 0.15164 0.447424 4.79594e-39 2
-0.222516 0.15164 0.447424 5.25692e-39 2
-0.215815 0.152074 0.448706 2.95131e-39 2
-0.208476 0.152074 0.448706 3.41158e-39 2
-0.200563 0.15164 0.447424 3.87364e-39 2
-0.1938 0.152074 0.448706 4.33353e-39 2
-0.186461 0.152074 0.448706 7.00648e-39 2
-0.179123 0.152074 0.448706 3.87327e-39 2
-0.171784 0.152074 0.448706 1.93753e-39 2
-0.163976 0.15164 0.447424 5.71862e-39 2
-0.157107 0.152074 0.448706 6.82676e-39 2
-0.162327 0.164826 0.486331 5.90588e-39 2
-0.143741 0.161811 0.477434 1.38758e-39 2
-0.132696 0.157958 0.466067 7.01295e-39 2
-0.121459 0.153393 0.452597 6.27466e-39 2
-0.114057 0.153393 0.452597 2.86306e-39 2
-0.104837 0.150778 0.444882 4.52186e-39 2
-0.0978386 0.151208 0.446149 1.12521e-38 2
-0.0892702 0.149084 0.439883 8.76358e-39 2
-0.0811641 0.147428 0.434996 3.87757e-39 2
-0.0750928 0.149504 0.441122 5.81403e-39 2
-0.0725808 0.159861 0.471682 4.4311e-39 2
-0.0633402 0.1561 0.460584 7.56575e-39 2
-0.0548397 0.153393 0.452597 8.20968e-39 2
-0.047165 0.152511 0.449995 6.64343e-39 2
-0.0391308 0.149926 0.442368 5.53816e-39 2
-0.0318959 0.149926 0.442368 5.99843e-39 2
-0.0246611 0.149926 0.442368 8.57954e-39 2
-0.0174263 0.149926 0.442368 4.98391e-39 2
-0.0102493 0.150778 0.444882 7.01221e-39 2
-0.00302497 0.153393 0.452597 6.09097e-39 2
0.00437714 0.153393 0.452597 5.44381e-39 2
0.0115131 0.149926 0.442368 4.33674e-39 2
0.0183336 0.146613 0.432592 6.73383e-39 2
0.0251308 0.145011 0.427865 3.78357e-39 2
0.0316103 0.142672 0.420963 6.27285e-39 2
0.0521244 0.142289 0.419835 6.18102e-39 2
0.063639 0.137497 0.405695 6.27322e-39 2
0.0691985 0.135393 0.399486 5.53494e-39 2
0.075732 0.135393 0.399486 5.2587e-39 2
0.0826873 0.136087 0.401534 8.11713e-39 2
0.0901792 0.137497 0.405695 6.54801e-39 2
0.0975726 0.138574 0.408873 6.2725e-39 2
0.105639 0.140407 0.414282 3.69282e-39 2
0.118694 0.148251 0.437426 4.79916e-39 2
0.125848 0.148251 0.437426 5.53673e-39 2
0.132263 0.147428 0.434996 5.90551e-39 2
0.139378 0.147428 0.434996 3.50843e-39 2
0.146492 0.147428 0.434996 5.44346e-39 2
0.153606 0.147428 0.434996 5.44454e-39 2
0.16072 0.147428 0.434996 5.90444e-39 2
0.167835 0.147428 0.434996 7.65544e-39 2
0.175926 0.148251 0.437426 7.19446e-39 2
0.184109 0.149084 0.439883 4.88957e-39 2
0.192384 0.149926 0.442368 3.87542e-39 2
0.199619 0.149926 0.442368 4.33711e-39 2
0.206854 0.149926 0.442368 5.72112e-39 2
0.214088 0.149926 0.442368 5.44453e-39 2
0.22008 0.149084 0.439883 6.36577e-39 2
0.226004 0.148251 0.437426 8.11713e-39 2
0.233158 0.148251 0.437426 5.81223e-39 2
0.240312 0.148251 0.437426 6.08953e-39 2
0.246091 0.147428 0.434996 4.06232e-39 2
0.249055 0.145011 0.427865 6.45975e-39 2
0.250575 0.141909 0.418712 8.7632e-39 2
0.256054 0.141154 0.416485 3.8754e-39 2
0.262866 0.141154 0.416485 7.74726e-39 2
0.269677 0.141154 0.416485 8.57881e-39 2
0.277967 0.141909 0.418712 6.18101e-39 2
0.286346 0.142672 0.420963 8.67065e-39 2
0.294816 0.143443 0.423239 6.91892e-39 2
0.300116 0.142672 0.420963 7.38027e-39 2
0.30866 0.143443 0.423239 8.94868e-39 2
0.399881 0.18176 0.536296 5.536e-39 2
0.420164 0.18688 0.551403 8.11677e-39 2
0.429182 0.18688 0.551403 6.64235e-39 2
0.435135 0.185573 0.547547 8.21075e-39 2
0.44409 0.185573 0.547547 7.28916e-39 2
-0.443465 0.17386 0.48937 5.99411e-39 2
-0.430085 0.171713 0.483328 5.34874e-39 2
-0.417032 0.169619 0.477434 6.82387e-39 2
-0.406744 0.168591 0.474541 4.88776e-39 2
-0.398983 0.168591 0.474541 1.00518e-38 2
-0.388865 0.167576 0.471682 9.31601e-39 2
-0.378868 0.166572 0.468858 6.64234e-39 2
-0.362517 0.162676 0.45789 5.7211e-39 2
-0.348907 0.159871 0.449995 8.94723e-39 2
-0.337667 0.158054 0.444882 8.48626e-39 2
-0.324853 0.155405 0.437426 7.10332e-39 2
-0.315934 0.154542 0.434996 7.28771e-39 2
-0.30882 0.154542 0.434996 7.65685e-39 2
-0.301706 0.154542 0.434996 4.42966e-39 2
-0.280563 0.147183 0.414282 3.87684e-39 2
-0.273066 0.146794 0.413188 5.35125e-39 2
-0.267721 0.147573 0.41538 3.96831e-39 2
-0.279459 0.158054 0.444882 5.44524e-39 2
-0.270645 0.157161 0.442368 7.19516e-39 2
-0.260467 0.155405 0.437426 7.46995e-39 2
-0.251906 0.154542 0.434996 6.45904e-39 2
-0.245474 0.154972 0.436207 6.64308e-39 2
-0.239675 0.155841 0.438651 3.69174e-39 2
-0.233154 0.156278 0.439883 5.7197e-39 2
-0.227236 0.157161 0.442368 5.44311e-39 2
-0.220002 0.157161 0.442368 7.00972e-39 2
-0.213369 0.157607 0.443622 4.14986e-39 2
-0.206114 0.157607 0.443622 4.23955e-39 2
-0.197738 0.156719 0.441122 3.31651e-39 2
-0.191062 0.157161 0.442368 7.09545e-39 2
-0.184348 0.157607 0.443622 4.51359e-39 2
-0.177093 0.157607 0.443622 3.59452e-39 2
-0.169838 0.157607 0.443622 4.61012e-39 2
-0.162582 0.157607 0.443622 5.34912e-39 2
-0.155327 0.157607 0.443622 6.64237e-39 2
-0.147237 0.156719 0.441122 4.79953e-39 2
-0.14243 0.159413 0.448706 2.86126e-39 2
-0.135092 0.159413 0.448706 3.41515e-39 2
-0.125241 0.156278 0.439883 3.2322e-39 2
-0.118047 0.156278 0.439883 5.99771e-39 2
-0.110853 0.156278 0.439883 7.10298e-39 2
-0.104244 0.157161 0.442368 3.69282e-39 2
-0.0959255 0.155405 0.437426 4.43038e-39 2
-0.0885242 0.154972 0.436207 7.84055e-39 2
-0.0811641 0.154542 0.434996 6.64308e-39 2
-0.0748819 0.156278 0.439883 5.16795e-39 2
-0.0704585 0.162676 0.45789 2.95525e-39 2
-0.0615305 0.158957 0.447424 4.61477e-39 2
-0.0532993 0.156278 0.439883 9.04124e-39 2
-0.0453409 0.153688 0.432592 7.65902e-39 2
-0.0380557 0.152844 0.430215 5.07683e-39 2
-0.0310197 0.152844 0.430215 7.28917e-39 2
-0.0239836 0.152844 0.430215 5.72075e-39 2
-0.0169475 0.152844 0.430215 7.19552e-39 2
-0.00996622 0.153688 0.432592 9.4093e-39 2
-0.00289127 0.153688 0.432592 8.21147e-39 2
0.00418368 0.153688 0.432592 5.90479e-39 2
0.010956 0.149557 0.420963 8.30116e-39 2
0.0176509 0.147966 0.416485 5.53494e-39 2
0.024333 0.147183 0.414282 5.07396e-39 2
0.0311085 0.147183 0.414282 5.53529e-39 2
0.037784 0.146794 0.413188 5.99592e-39 2
0.0447779 0.147573 0.41538 9.22277e-39 2
0.0518464 0.14836 0.417596 5.62714e-39 2
0.057004 0.144132 0.405695 3.78394e-39 2
0.0631482 0.143021 0.402567 5.25728e-39 2
0.0690224 0.141565 0.398469 3.04386e-39 2
0.0753475 0.141206 0.397458 7.28522e-39 2
0.0818479 0.141206 0.397458 9.68123e-39 2
0.0897144 0.143389 0.403604 8.84752e-39 2
0.0968143 0.144132 0.405695 1.00482e-38 2
0.103988 0.144883 0.407808 5.81152e-39 2
0.112414 0.147183 0.414282 3.04745e-39 2
0.121112 0.149557 0.420963 6.55088e-39 2
0.13081 0.152844 0.430215 7.28845e-39 2
0.138608 0.153688 0.432592 5.53638e-39 2
0.145683 0.153688 0.432592 4.24564e-39 2
0.152758 0.153688 0.432592 5.5353e-39 2
0.16072 0.154542 0.434996 6.27107e-39 2
0.167835 0.154542 0.434996 3.13606e-39 2
0.174949 0.154542 0.434996 5.80938e-39 2
0.182063 0.154542 0.434996 4.70482e-39 2
0.190234 0.155405 0.437426 8.20933e-39 2
0.197388 0.155405 0.437426 6.82819e-39 2
0.204542 0.155405 0.437426 6.64344e-39 2
0.209357 0.153688 0.432592 5.25979e-39 2
0.216432 0.153688 0.432592 4.52258e-39 2
0.221064 0.152008 0.427865 5.99663e-39 2
0.225596 0.150365 0.423239 6.91894e-39 2
0.231268 0.149557 0.420963 4.89064e-39 2
0.235619 0.147966 0.416485 5.90551e-39 2
0.238623 0.145642 0.409943 7.65758e-39 2
0.24405 0.144883 0.407808 4.79844e-39 2
0.25072 0.144883 0.407808 5.35017e-39 2
0.257389 0.144883 0.407808 5.44272e-39 2
0.264059 0.144883 0.407808 5.16686e-39 2
0.273578 0.146408 0.412101 5.25905e-39 2
0.281801 0.147183 0.414282 6.73418e-39 2
0.288577 0.147183 0.414282 5.90477e-39 2
0.295352 0.147183 0.414282 7.28771e-39 2
0.298964 0.145642 0.409943 5.53599e-39 2
0.305668 0.145642 0.409943 5.72075e-39 2
0.312373 0.145642 0.409943 9.31603e-39 2
0.417423 0.190531 0.536296 9.04087e-39 2
0.426194 0.190531 0.536296 7.28915e-39 2
0.357871 0.137371 0.386663 6.36756e-39 2
-0.422266 0.176352 0.474541 6.9175e-39 2
-0.407103 0.173203 0.466067 7.37848e-39 2
-0.392472 0.170164 0.45789 9.40678e-39 2
-0.382745 0.169175 0.455228 7.74833e-39 2
-0.338853 0.152746 0.411019 6.18136e-39 2
-0.349564 0.160763 0.432592 5.7211e-39 2
-0.338746 0.159006 0.427865 7.01184e-39 2
-0.324652 0.155605 0.418712 7.3799e-39 2
-0.317804 0.155605 0.418712 6.55015e-39 2
-0.312628 0.156441 0.420963 8.30043e-39 2
-0.305743 0.156441 0.420963 7.7469e-39 2
-0.300474 0.157287 0.423239 6.64199e-39 2
-0.291973 0.156441 0.420963 3.41515e-39 2
-0.274039 0.150378 0.404647 4.42894e-39 2
-0.279708 0.157287 0.423239 9.50005e-39 2
-0.281929 0.162559 0.437426 4.61369e-39 2
-0.27788 0.164396 0.442368 7.01221e-39 2
-0.269125 0.163473 0.439883 6.45652e-39 2
-0.260467 0.162559 0.437426 3.87325e-39 2
-0.253313 0.162559 0.437426 5.99699e-39 2
-0.245474 0.162106 0.436207 6.82747e-39 2
-0.239005 0.162559 0.437426 6.1821e-39 2
-0.231851 0.162559 0.437426 7.28845e-39 2
-0.225327 0.163015 0.438651 6.54981e-39 2
-0.218153 0.163015 0.438651 1.66309e-39 2
-0.210979 0.163015 0.438651 3.59848e-39 2
-0.203805 0.163015 0.438651 7.65257e-39 2
-0.196631 0.163015 0.438651 4.42465e-39 2
-0.189989 0.163473 0.439883 5.43628e-39 2
-0.18331 0.163933 0.441122 1.13361e-38 2
-0.1756 0.163473 0.439883 6.63984e-39 2
-0.168406 0.163473 0.439883 4.98104e-39 2
-0.161666 0.163933 0.441122 7.10226e-39 2
-0.154452 0.163933 0.441122 6.91931e-39 2
-0.124582 0.145855 0.392477 3.96617e-39 2
-0.118163 0.145855 0.392477 4.98176e-39 2
-0.12385 0.161656 0.434996 4.79881e-39 2
-0.116735 0.161656 0.434996 3.23184e-39 2
-0.109621 0.161656 0.434996 5.07467e-39 2
-0.10308 0.162559 0.437426 8.02601e-39 2
-0.0959255 0.162559 0.437426 5.2605e-39 2
-0.0887715 0.162559 0.437426 4.79773e-39 2
-0.0816175 0.162559 0.437426 3.41515e-39 2
-0.0750928 0.163933 0.441122 6.45904e-39 2
-0.0678783 0.163933 0.441122 9.13271e-39 2
-0.0604935 0.163473 0.439883 5.81367e-39 2
-0.0532993 0.163473 0.439883 7.65794e-39 2
-0.0453409 0.160763 0.432592 8.21147e-39 2
-0.0368412 0.154777 0.416485 6.5516e-39 2
-0.0300297 0.154777 0.416485 7.56431e-39 2
-0.0232182 0.154777 0.416485 7.19696e-39 2
-0.0164944 0.155605 0.418712 8.85505e-39 2
-0.00964644 0.155605 0.418712 3.23112e-39 2
-0.0027985 0.155605 0.418712 7.01114e-39 2
0.00400659 0.153958 0.414282 6.82638e-39 2
0.0106692 0.152346 0.409943 4.79773e-39 2
0.0172832 0.151553 0.407808 6.82567e-39 2
0.0238287 0.150767 0.405695 6.18066e-39 2
0.0303067 0.14999 0.403604 3.87612e-39 2
0.0366244 0.148839 0.400507 4.42859e-39 2
0.0499805 0.149605 0.402567 4.88814e-39 2
0.0564193 0.149221 0.401534 4.4268e-39 2
0.062665 0.14846 0.399486 7.28414e-39 2
0.0686729 0.147332 0.396452 9.12626e-39 2
0.074967 0.14696 0.395451 1.44743e-38 2
0.0816406 0.147332 0.396452 1.02333e-38 2
0.0899462 0.150378 0.404647 4.60544e-39 2
0.0970658 0.151159 0.406749 5.71395e-39 2
0.102916 0.14999 0.403604 4.3364e-39 2
0.110084 0.150767 0.405695 6.45726e-39 2
0.116719 0.150767 0.405695 4.24456e-39 2
0.125302 0.153148 0.412101 4.98248e-39 2
0.137846 0.15988 0.430215 2.76979e-39 2
0.145683 0.160763 0.432592 5.44418e-39 2
0.152758 0.160763 0.432592 3.41409e-39 2
0.159832 0.160763 0.432592 6.82425e-39 2
0.167835 0.161656 0.434996 4.05981e-39 2
0.174949 0.161656 0.434996 4.70375e-39 2
0.182063 0.161656 0.434996 6.27215e-39 2
0.188132 0.160763 0.432592 6.45905e-39 2
0.194135 0.15988 0.430215 7.01258e-39 2
0.197908 0.157287 0.423239 4.24635e-39 2
0.20264 0.155605 0.418712 4.33855e-39 2
0.20618 0.153148 0.412101 4.89136e-39 2
0.21292 0.153148 0.412101 6.91966e-39 2
0.21851 0.152346 0.409943 8.02601e-39 2
0.225214 0.152346 0.409943 4.70589e-39 2
0.230711 0.151553 0.407808 6.7342e-39 2
0.234933 0.14999 0.403604 6.36649e-39 2
0.241534 0.14999 0.403604 6.27357e-39 2
0.246862 0.149221 0.401534 4.15235e-39 2
0.253429 0.149221 0.401534 6.27321e-39 2
0.261337 0.14999 0.403604 7.37992e-39 2
0.267937 0.14999 0.403604 2.67902e-39 2
0.275961 0.150767 0.405695 6.45831e-39 2
0.282596 0.150767 0.405695 6.18208e-39 2
0.289231 0.150767 0.405695 6.64234e-39 2
0.292831 0.149221 0.401534 7.74761e-39 2
0.299398 0.149221 0.401534 9.40857e-39 2
0.305965 0.149221 0.401534 6.64378e-39 2
0.314143 0.14999 0.403604 7.01222e-39 2
0.320744 0.14999 0.403604 7.47319e-39 2
0.30978 0.141942 0.381947 6.64415e-39 2
0.331757 0.14334 0.38571 7.28987e-39 2
0.338065 0.14334 0.38571 7.19552e-39 2
0.3478 0.144767 0.389548 6.08847e-39 2
0.353292 0.144408 0.388582 8.48699e-39 2
-0.388598 0.172606 0.444882 1.07883e-38 2
-0.379168 0.171631 0.442368 8.57809e-39 2
-0.346485 0.159888 0.412101 6.54942e-39 2
-0.337966 0.159051 0.409943 8.48517e-39 2
-0.336548 0.161589 0.416485 6.82673e-39 2
-0.324557 0.159051 0.409943 7.19623e-39 2
-0.316197 0.158222 0.407808 7.84088e-39 2
-0.307128 0.156996 0.404647 5.4438e-39 2
-0.304444 0.159051 0.409943 8.85504e-39 2
-0.299306 0.159888 0.412101 5.44129e-39 2
-0.292566 0.159888 0.412101 8.3008e-39 2
-0.27567 0.154207 0.397458 6.08847e-39 2
-0.26917 0.154207 0.397458 5.44237e-39 2
-0.278204 0.163326 0.420963 7.28628e-39 2
-0.283513 0.170667 0.439883 9.9614e-39 2
-0.279459 0.172606 0.444882 6.27286e-39 2
-0.272183 0.172606 0.444882 5.8108e-39 2
-0.261931 0.170667 0.439883 6.54765e-39 2
-0.253313 0.169713 0.437426 4.42859e-39 2
-0.246159 0.169713 0.437426 4.43038e-39 2
-0.239005 0.169713 0.437426 5.63e-39 2
-0.231851 0.169713 0.437426 5.72219e-39 2
-0.225327 0.170189 0.438651 7.38027e-39 2
-0.218153 0.170189 0.438651 6.09025e-39 2
-0.210979 0.170189 0.438651 6.73563e-39 2
-0.198793 0.166004 0.427865 7.10262e-39 2
-0.196081 0.169713 0.437426 6.3629e-39 2
-0.189457 0.170189 0.438651 4.51828e-39 2
-0.182795 0.170667 0.439883 2.67436e-39 2
-0.175109 0.170189 0.438651 8.3008e-39 2
-0.167935 0.170189 0.438651 8.76285e-39 2
-0.153453 0.162453 0.418712 7.01186e-39 2
-0.128742 0.149649 0.38571 8.48017e-39 2
-0.122736 0.150018 0.386663 8.75497e-39 2
-0.116412 0.150018 0.386663 5.34625e-39 2
-0.112307 0.153041 0.394454 5.8101e-39 2
-0.11297 0.163326 0.420963 7.74907e-39 2
-0.109317 0.168303 0.433791 8.3008e-39 2
-0.102223 0.168303 0.433791 5.25942e-39 2
-0.0953926 0.16877 0.434996 5.90658e-39 2
-0.0885242 0.169241 0.436207 9.25888e-40 2
-0.0816175 0.169713 0.437426 9.31602e-39 2
-0.0750928 0.171147 0.441122 4.06088e-39 2
-0.0676877 0.170667 0.439883 2.67723e-39 2
-0.0604935 0.170667 0.439883 4.52149e-39 2
-0.0530015 0.169713 0.437426 5.53743e-39 2
-0.046235 0.171147 0.441122 6.64414e-39 2
-0.0362625 0.159051 0.409943 7.84234e-39 2
-0.029558 0.159051 0.409943 6.55124e-39 2
-0.0207858 0.14466 0.372853 7.74978e-39 2
-0.016149 0.159051 0.409943 7.10441e-39 2
-0.00944442 0.159051 0.409943 2.86234e-39 2
-0.00272562 0.158222 0.407808 6.27285e-39 2
0.00365819 0.146757 0.378257 6.36397e-39 2
0.00991635 0.147828 0.381018 3.50698e-39 2
0.0169305 0.154993 0.399486 6.45761e-39 2
0.023464 0.154993 0.399486 3.41515e-39 2
0.0299975 0.154993 0.399486 5.07431e-39 2
0.0366244 0.15539 0.400507 1.84748e-39 2
0.0430645 0.154993 0.399486 2.95312e-39 2
0.049598 0.154993 0.399486 3.87256e-39 2
0.0561315 0.154993 0.399486 9.67979e-39 2
0.0625055 0.154599 0.398469 1.04177e-38 2
0.0686729 0.153816 0.396452 5.16257e-39 2
0.0747781 0.153041 0.394454 5.99197e-39 2
0.0812294 0.153041 0.394454 6.45438e-39 2
0.0890261 0.15539 0.400507 9.77379e-39 2
0.0948485 0.154207 0.397458 4.24242e-39 2
0.101866 0.154993 0.399486 4.79774e-39 2
0.107849 0.154207 0.397458 6.08992e-39 2
0.1132 0.152657 0.393463 1.2961e-39 2
0.119635 0.152657 0.393463 6.91967e-39 2
0.12607 0.152657 0.393463 2.12549e-39 2
0.14409 0.166004 0.427865 5.72077e-39 2
0.151918 0.166916 0.430215 5.35055e-39 2
0.158954 0.166916 0.430215 6.08668e-39 2
0.252805 0.254215 0.655223 3.59992e-39 2
0.265745 0.25636 0.660753 4.4286e-39 2
0.277724 0.257446 0.663553 4.33748e-39 2
0.283766 0.253156 0.652493 6.08955e-39 2
0.194135 0.166916 0.430215 4.24599e-39 2
0.191691 0.159051 0.409943 6.64308e-39 2
0.197363 0.158222 0.407808 4.43038e-39 2
0.204032 0.158222 0.407808 5.35234e-39 2
0.210702 0.158222 0.407808 3.69354e-39 2
0.217372 0.158222 0.407808 4.98356e-39 2
0.22288 0.157402 0.405695 5.72112e-39 2
0.227161 0.155788 0.401534 5.07576e-39 2
0.227885 0.151893 0.391496 5.53745e-39 2
0.233122 0.151138 0.389548 4.79809e-39 2
0.237134 0.149649 0.38571 1.47905e-39 2
0.243442 0.149649 0.38571 5.44381e-39 2
0.24975 0.149649 0.38571 8.11748e-39 2
0.257326 0.15039 0.38762 4.06196e-39 2
0.263665 0.15039 0.38762 8.67029e-39 2
0.270005 0.15039 0.38762 6.55051e-39 2
0.276344 0.15039 0.38762 7.1966e-39 2
0.277195 0.147469 0.380093 6.27286e-39 2
0.272816 0.141956 0.365884 6.54944e-39 2
0.289627 0.147469 0.380093 6.36576e-39 2
0.295844 0.147469 0.380093 6.54981e-39 2
0.297724 0.145353 0.374637 6.18282e-39 2
0.314493 0.147469 0.380093 1.66631e-39 2
0.320709 0.147469 0.380093 3.3269e-39 2
0.326925 0.147469 0.380093 5.81439e-39 2
0.333952 0.147828 0.381018 6.82782e-39 2
0.341013 0.148189 0.381947 6.36612e-39 2
-0.375787 0.173952 0.430215 9.22203e-39 2
-0.351375 0.165755 0.409943 8.11639e-39 2
-0.344671 0.165755 0.409943 8.48518e-39 2
-0.334464 0.164038 0.405695 7.74761e-39 2
-0.327829 0.164038 0.405695 5.25905e-39 2
-0.321194 0.164038 0.405695 8.48662e-39 2
-0.314559 0.164038 0.405695 3.13891e-39 2
-0.306337 0.163192 0.403604 7.37991e-39 2
-0.296677 0.161527 0.399486 8.02384e-39 2
-0.290886 0.16194 0.400507 4.88848e-39 2
-0.284336 0.16194 0.400507 5.81115e-39 2
-0.276372 0.161116 0.398469 3.96724e-39 2
-0.26917 0.160707 0.397458 7.37811e-39 2
-0.289083 0.176867 0.437426 5.34945e-39 2
-0.304008 0.190718 0.471682 7.65471e-39 2
-0.299907 0.193044 0.477434 4.24347e-39 2
-0.292099 0.193044 0.477434 5.53529e-39 2
-0.284291 0.193044 0.477434 5.81188e-39 2
-0.254737 0.177861 0.439883 9.13128e-39 2
-0.233135 0.167509 0.414282 6.82747e-39 2
-0.222823 0.164892 0.407808 4.33926e-39 2
-0.216153 0.164892 0.407808 4.24706e-39 2
-0.209484 0.164892 0.407808 4.89243e-39 2
-0.202814 0.164892 0.407808 6.18317e-39 2
-0.197171 0.165755 0.409943 4.70732e-39 2
-0.190467 0.165755 0.409943 3.5981e-39 2
-0.182805 0.164892 0.407808 9.22204e-39 2
-0.173426 0.162355 0.401534 5.2587e-39 2
-0.166859 0.162355 0.401534 1.02373e-38 2
-0.158664 0.160707 0.397458 8.39407e-39 2
-0.152164 0.160707 0.397458 4.15415e-39 2
-0.140322 0.154813 0.382881 6.82388e-39 2
-0.134388 0.155192 0.38382 1.05067e-38 2
-0.128111 0.155192 0.38382 1.1518e-38 2
-0.121834 0.155192 0.38382 1.07804e-38 2
-0.115556 0.155192 0.38382 9.30672e-39 2
-0.110635 0.157118 0.388582 7.37312e-39 2
-0.109439 0.164892 0.407808 6.82281e-39 2
-0.10277 0.164892 0.407808 7.01007e-39 2
-0.0971117 0.166628 0.412101 8.57846e-39 2
-0.0913333 0.1684 0.416485 9.68589e-39 2
-0.0845218 0.1684 0.416485 4.89064e-39 2
-0.0813902 0.176375 0.436207 8.48626e-39 2
-0.0748819 0.177861 0.439883 7.7487e-39 2
-0.0674981 0.177363 0.438651 3.50735e-39 2
-0.0601555 0.176867 0.437426 6.7349e-39 2
-0.0530015 0.176867 0.437426 7.19696e-39 2
-0.0461051 0.177861 0.439883 5.16902e-39 2
-0.0346307 0.158296 0.391496 5.16867e-39 2
-0.0282279 0.158296 0.391496 6.08991e-39 2
-0.0205897 0.149336 0.369336 7.01186e-39 2
-0.0146182 0.150044 0.371086 5.62928e-39 2
-0.00854922 0.150044 0.371086 1.84819e-39 2
-0.00249795 0.151118 0.373743 4.24455e-39 2
0.00361454 0.151118 0.373743 7.65579e-39 2
0.00977367 0.151843 0.375536 8.20932e-39 2
0.0161872 0.154435 0.381947 7.93238e-39 2
0.0228803 0.157509 0.389548 4.42894e-39 2
0.0296945 0.159895 0.395451 3.23076e-39 2
0.036531 0.161527 0.399486 7.00972e-39 2
0.0430645 0.161527 0.399486 2.95096e-39 2
0.0494718 0.161116 0.398469 5.16329e-39 2
0.0561315 0.161527 0.399486 5.62497e-39 2
0.0686729 0.1603 0.396452 2.39885e-39 2
0.0744033 0.158693 0.392477 4.51683e-39 2
0.08002 0.157118 0.388582 6.27106e-39 2
0.0948485 0.160707 0.397458 6.48947e-40 2
0.0998286 0.158296 0.391496 4.33819e-39 2
0.106231 0.158296 0.391496 2.67903e-39 2
0.104533 0.146911 0.363337 6.18247e-39 2
0.110475 0.146911 0.363337 7.19697e-39 2
0.119467 0.150758 0.372853 7.84162e-39 2
0.125565 0.150758 0.372853 3.4166e-39 2
0.12771 0.146232 0.361659 5.81153e-39 2
0.139085 0.152208 0.376438 4.05873e-39 2
0.145242 0.152208 0.376438 4.98213e-39 2
0.263521 0.264931 0.655223 6.82712e-39 2
0.274237 0.264931 0.655223 3.50808e-39 2
0.281421 0.261647 0.647101 1.29538e-39 2
0.288429 0.258443 0.639177 6.73527e-39 2
0.183065 0.158296 0.391496 4.79844e-39 2
0.191382 0.159895 0.395451 5.35162e-39 2
0.196855 0.159092 0.393463 7.28737e-39 2
0.20329 0.159092 0.393463 5.07575e-39 2
0.206611 0.156729 0.38762 4.52258e-39 2
0.211901 0.155957 0.38571 2.49427e-39 2
0.21608 0.154435 0.381947 6.64308e-39 2
0.220179 0.152943 0.378257 4.79988e-39 2
0.226365 0.152943 0.378257 3.96833e-39 2
0.232552 0.152943 0.378257 7.19517e-39 2
0.238738 0.152943 0.378257 6.27429e-39 2
0.244924 0.152943 0.378257 3.87649e-39 2
0.25111 0.152943 0.378257 4.61477e-39 2
0.257297 0.152943 0.378257 6.73455e-39 2
0.252505 0.146571 0.362496 5.62928e-39 2
0.256651 0.14556 0.359996 7.19697e-39 2
0.261936 0.145226 0.359171 6.18066e-39 2
0.266588 0.144563 0.357531 6.27357e-39 2
0.271814 0.144233 0.356716 6.45797e-39 2
0.280847 0.145895 0.360826 7.10298e-39 2
0.285433 0.145226 0.359171 2.21805e-39 2
0.291307 0.145226 0.359171 3.78573e-39 2
0.311469 0.152208 0.376438 6.73671e-39 2
0.31916 0.152943 0.378257 4.06339e-39 2
0.324562 0.152575 0.377346 2.86448e-39 2
0.329938 0.152208 0.376438 5.62928e-39 2
0.336905 0.152575 0.377346 4.98356e-39 2
-0.345053 0.169356 0.402567 5.99553e-39 2
-0.338469 0.169356 0.402567 7.00933e-39 2
-0.329345 0.16806 0.399486 5.35017e-39 2
-0.319551 0.166363 0.395451 5.53564e-39 2
-0.309952 0.164699 0.391496 9.68516e-39 2
-0.305075 0.165527 0.393463 6.27321e-39 2
-0.300908 0.166784 0.396452 7.37956e-39 2
-0.295171 0.167207 0.397458 3.32187e-39 2
-0.290144 0.16806 0.399486 5.07323e-39 2
-0.282889 0.167633 0.398469 2.7687e-39 2
-0.27567 0.167207 0.397458 4.7048e-39 2
-0.268489 0.166784 0.396452 4.61261e-39 2
-0.311722 0.198433 0.471682 4.98032e-39 2
-0.307716 0.200853 0.477434 8.6685e-39 2
-0.299907 0.200853 0.477434 5.7186e-39 2
-0.292099 0.200853 0.477434 7.3792e-39 2
-0.284291 0.200853 0.477434 5.99806e-39 2
-0.207996 0.1511 0.359171 7.65686e-39 2
-0.202122 0.1511 0.359171 6.27464e-39 2
-0.202758 0.156113 0.371086 8.02708e-39 2
-0.20049 0.15913 0.378257 8.76465e-39 2
-0.194304 0.15913 0.378257 6.27608e-39 2
-0.189953 0.160682 0.381947 6.64414e-39 2
-0.189245 0.165527 0.393463 5.99698e-39 2
-0.18281 0.165527 0.393463 7.8391e-39 2
-0.171213 0.160682 0.381947 7.01078e-39 2
-0.166591 0.162265 0.38571 6.1821e-39 2
-0.159889 0.161866 0.384763 3.78394e-39 2
-0.153596 0.161866 0.384763 7.3792e-39 2
-0.144464 0.158746 0.377346 5.62713e-39 2
-0.135999 0.156113 0.371086 8.11069e-39 2
-0.130238 0.156484 0.371968 1.05939e-38 2
-0.123568 0.155744 0.370209 1.08697e-38 2
-0.118072 0.156484 0.371968 9.85738e-39 2
-0.111988 0.156484 0.371968 8.56664e-39 2
-0.115507 0.170673 0.405695 8.01491e-39 2
-0.108311 0.169793 0.403604 8.01849e-39 2
-0.101189 0.168922 0.401534 4.15057e-39 2
-0.0946217 0.168922 0.401534 7.4714e-39 2
-0.0885086 0.169793 0.403604 4.61369e-39 2
-0.0819077 0.169793 0.403604 6.27357e-39 2
-0.0813902 0.183509 0.436207 8.11748e-39 2
-0.0748819 0.185055 0.439883 7.38064e-39 2
-0.0676877 0.185055 0.439883 4.79916e-39 2
-0.0522711 0.159902 0.380093 6.73634e-39 2
-0.0460547 0.159902 0.380093 5.0761e-39 2
-0.0400327 0.160682 0.381947 4.61549e-39 2
-0.0326705 0.155376 0.369336 4.15416e-39 2
-0.0266301 0.155376 0.369336 3.69247e-39 2
-0.0205412 0.155011 0.368467 3.96941e-39 2
-0.0145151 0.155011 0.368467 3.78429e-39 2
-0.00846894 0.154647 0.367602 6.08883e-39 2
-0.00246268 0.155011 0.368467 6.91859e-39 2
0.00356351 0.155011 0.368467 4.70518e-39 2
0.00965787 0.156113 0.371086 8.0235e-39 2
0.0159537 0.158364 0.376438 6.54801e-39 2
0.0224339 0.160682 0.381947 6.27071e-39 2
0.0289631 0.162265 0.38571 2.49213e-39 2
0.0352713 0.162265 0.38571 4.88814e-39 2
0.0428459 0.167207 0.397458 3.50305e-39 2
0.049097 0.166363 0.395451 6.91644e-39 2
0.0557051 0.166784 0.396452 6.7342e-39 2
0.062032 0.166363 0.395451 3.87614e-39 2
0.0681553 0.165527 0.393463 4.88957e-39 2
0.0738481 0.16388 0.389548 8.11497e-39 2
0.0775194 0.158364 0.376438 4.06016e-39 2
0.0811403 0.153566 0.365031 7.74835e-39 2
0.0863056 0.152147 0.361659 8.02601e-39 2
0.0924339 0.152499 0.362496 5.53709e-39 2
0.0988199 0.153208 0.364182 5.44525e-39 2
0.104533 0.152853 0.363337 4.79988e-39 2
0.110475 0.152853 0.363337 5.16867e-39 2
0.119467 0.156856 0.372853 3.04781e-39 2
0.125565 0.156856 0.372853 5.81369e-39 2
0.131038 0.156113 0.371086 7.01007e-39 2
0.137107 0.156113 0.371086 4.51971e-39 2
0.143858 0.156856 0.372853 3.69174e-39 2
0.257068 0.268896 0.639177 6.18247e-39 2
0.268618 0.269998 0.641797 4.24599e-39 2
0.163711 0.158364 0.376438 6.82747e-39 2
0.170688 0.15913 0.378257 5.44381e-39 2
0.179476 0.16147 0.38382 7.00934e-39 2
0.187592 0.163068 0.38762 9.13092e-39 2
0.191094 0.160682 0.381947 4.79809e-39 2
0.196382 0.159902 0.380093 6.91967e-39 2
0.200651 0.158364 0.376438 6.36649e-39 2
0.206807 0.158364 0.376438 8.02529e-39 2
0.211945 0.157607 0.374637 4.79844e-39 2
0.218072 0.157607 0.374637 4.33855e-39 2
0.224199 0.157607 0.374637 6.27395e-39 2
0.230326 0.157607 0.374637 4.6137e-39 2
0.236453 0.157607 0.374637 1.01454e-38 2
0.240281 0.156113 0.371086 3.32404e-39 2
0.245188 0.155376 0.369336 8.21077e-39 2
0.2483 0.153566 0.365031 7.01078e-39 2
0.250188 0.1511 0.359171 6.92038e-39 2
0.254312 0.150067 0.356716 5.53816e-39 2
0.258381 0.149049 0.354295 8.11856e-39 2
0.264175 0.149049 0.354295 7.65758e-39 2
0.268149 0.148044 0.351907 5.90479e-39 2
0.273905 0.148044 0.351907 5.16687e-39 2
0.28029 0.148378 0.352699 7.47249e-39 2
0.284776 0.147712 0.351118 5.81404e-39 2
0.309239 0.157231 0.373743 6.09062e-39 2
0.315351 0.157231 0.373743 3.78645e-39 2
0.321464 0.157231 0.373743 3.50986e-39 2
0.326796 0.156856 0.372853 3.96977e-39 2
-0.324296 0.168573 0.38571 9.22203e-39 2
-0.317988 0.168573 0.38571 5.9959e-39 2
-0.313223 0.169408 0.38762 7.19516e-39 2
-0.306883 0.169408 0.38762 7.37992e-39 2
-0.302792 0.170675 0.39052 4.79809e-39 2
-0.299392 0.172395 0.394454 3.1382e-39 2
-0.294424 0.173268 0.396452 5.81115e-39 2
-0.270801 0.162954 0.372853 5.44381e-39 2
-0.264703 0.162954 0.372853 6.3654e-39 2
-0.268183 0.16899 0.386663 9.03944e-39 2
-0.270543 0.174594 0.399486 6.82675e-39 2
-0.268114 0.177308 0.405695 9.68302e-39 2
-0.225292 0.15277 0.34955 7.56287e-39 2
-0.219575 0.15277 0.34955 8.94653e-39 2
-0.213858 0.15277 0.34955 5.99698e-39 2
-0.208141 0.15277 0.34955 8.57882e-39 2
-0.203332 0.153455 0.351118 5.90514e-39 2
-0.199378 0.154843 0.354295 6.64343e-39 2
-0.195351 0.156257 0.357531 6.92073e-39 2
-0.196689 0.162182 0.371086 7.6583e-39 2
-0.193369 0.164521 0.376438 6.92145e-39 2
-0.188117 0.165316 0.378257 6.09061e-39 2
-0.188299 0.171102 0.391496 6.27321e-39 2
-0.181896 0.171102 0.391496 4.33639e-39 2
-0.172899 0.168573 0.38571 4.24564e-39 2
-0.166591 0.168573 0.38571 7.01151e-39 2
-0.159889 0.168159 0.384763 7.93203e-39 2
-0.140404 0.160283 0.366741 9.12591e-39 2
-0.134406 0.160283 0.366741 7.46317e-39 2
-0.12871 0.160659 0.367602 8.19895e-39 2
-0.12184 0.159536 0.365031 8.10494e-39 2
-0.116686 0.160659 0.367602 8.38225e-39 2
-0.110674 0.160659 0.367602 8.38297e-39 2
-0.11091 0.170251 0.389548 7.92343e-39 2
-0.10559 0.171962 0.393463 2.85805e-39 2
-0.0981681 0.170251 0.389548 4.05981e-39 2
-0.0904472 0.167747 0.38382 7.19409e-39 2
-0.0825513 0.164521 0.376438 7.83946e-39 2
-0.0739075 0.159165 0.364182 8.21003e-39 2
-0.066407 0.155547 0.355906 6.7349e-39 2
-0.0605862 0.155547 0.355906 7.74942e-39 2
-0.0552679 0.156974 0.359171 4.4311e-39 2
-0.0507917 0.161417 0.369336 3.60206e-39 2
-0.0451775 0.162954 0.372853 4.70732e-39 2
-0.0388024 0.161798 0.370209 7.28881e-39 2
-0.0327477 0.161798 0.370209 4.70734e-39 2
-0.0266301 0.161417 0.369336 6.45834e-39 2
-0.0205897 0.161417 0.369336 5.5353e-39 2
-0.0145151 0.161037 0.368467 7.10298e-39 2
-0.00846894 0.160659 0.367602 4.06053e-39 2
-0.0024569 0.160659 0.367602 5.25907e-39 2
0.00355514 0.160659 0.367602 4.79738e-39 2
0.00965787 0.162182 0.371086 8.30008e-39 2
0.0157269 0.162182 0.371086 7.37634e-39 2
0.0218997 0.162954 0.372853 9.77235e-39 2
0.0279976 0.162954 0.372853 7.09975e-39 2
0.0333027 0.159165 0.364182 3.04423e-39 2
0.0392588 0.159165 0.364182 8.02279e-39 2
0.0488503 0.171962 0.393463 5.6257e-39 2
0.051171 0.159165 0.364182 7.28666e-39 2
0.0579355 0.161417 0.369336 4.2442e-39 2
0.0639759 0.161417 0.369336 3.32261e-39 2
0.0696876 0.160659 0.367602 4.42931e-39 2
0.0753459 0.159908 0.365884 7.10406e-39 2
0.0802055 0.157698 0.360826 4.70769e-39 2
0.0857117 0.156974 0.359171 6.18282e-39 2
0.0915859 0.156974 0.359171 5.90551e-39 2
0.0981353 0.158062 0.361659 7.93382e-39 2
0.10405 0.158062 0.361659 6.45869e-39 2
0.113369 0.162954 0.372853 6.64379e-39 2
0.1189 0.162182 0.371086 6.92074e-39 2
0.12438 0.161417 0.369336 4.43075e-39 2
0.129808 0.160659 0.367602 4.70517e-39 2
0.13582 0.160659 0.367602 4.33567e-39 2
0.141832 0.160659 0.367602 8.02493e-39 2
0.147844 0.160659 0.367602 2.86342e-39 2
0.153856 0.160659 0.367602 3.60099e-39 2
0.161384 0.162182 0.371086 5.07467e-39 2
0.16825 0.162954 0.372853 5.44309e-39 2
0.175182 0.163734 0.374637 5.53529e-39 2
0.181309 0.163734 0.374637 4.79773e-39 2
0.187436 0.163734 0.374637 3.41623e-39 2
0.189041 0.159908 0.365884 7.19661e-39 2
0.195025 0.159908 0.365884 2.95562e-39 2
0.200074 0.159165 0.364182 8.02529e-39 2
0.20603 0.159165 0.364182 6.73383e-39 2
0.212977 0.159908 0.365884 5.62929e-39 2
0.219989 0.160659 0.367602 5.99772e-39 2
0.226001 0.160659 0.367602 4.24564e-39 2
0.232013 0.160659 0.367602 6.7342e-39 2
0.237467 0.160283 0.366741 2.40173e-39 2
0.241206 0.158795 0.363337 2.67831e-39 2
0.244876 0.157335 0.359996 6.08811e-39 2
0.247914 0.155547 0.355906 6.55088e-39 2
0.252016 0.154494 0.353495 6.09062e-39 2
0.25549 0.153111 0.350332 5.16795e-39 2
0.260637 0.15277 0.34955 6.64308e-39 2
0.263414 0.151083 0.345692 5.81332e-39 2
0.27113 0.149108 0.341173 4.52293e-39 2
0.27551 0.148462 0.339693 6.64343e-39 2
0.280457 0.14814 0.338958 7.65795e-39 2
0.320698 0.162954 0.372853 6.18318e-39 2
-0.313486 0.169052 0.372853 6.17993e-39 2
-0.315656 0.173599 0.382881 9.59225e-39 2
-0.310914 0.174452 0.384763 7.37992e-39 2
-0.303875 0.174024 0.38382 7.56539e-39 2
-0.298329 0.174452 0.384763 2.67794e-39 2
-0.293478 0.175313 0.386663 8.02493e-39 2
-0.290744 0.177505 0.391496 7.4714e-39 2
-0.270801 0.169052 0.372853 1.75528e-39 2
-0.264703 0.169052 0.372853 1.02369e-38 2
-0.268183 0.175313 0.386663 9.13055e-39 2
-0.236725 0.158486 0.34955 8.02492e-39 2
-0.227956 0.156392 0.34493 9.68481e-39 2
-0.222314 0.156392 0.34493 9.03944e-39 2
-0.216673 0.156392 0.34493 5.6282e-39 2
-0.212908 0.157782 0.347996 6.64343e-39 2
-0.207216 0.157782 0.347996 5.90622e-39 2
-0.201525 0.157782 0.347996 1.01461e-38 2
-0.196708 0.158486 0.34955 3.60097e-39 2
-0.190991 0.158486 0.34955 6.36684e-39 2
-0.185274 0.158486 0.34955 5.44524e-39 2
-0.19062 0.168251 0.371086 9.77771e-39 2
-0.186317 0.169861 0.374637 5.72183e-39 2
-0.187362 0.176622 0.389548 7.84162e-39 2
-0.180542 0.176183 0.388582 7.47284e-39 2
-0.172475 0.174452 0.384763 4.79881e-39 2
-0.166182 0.174452 0.384763 7.65616e-39 2
-0.155682 0.169861 0.374637 2.78376e-40 2
-0.137822 0.163223 0.359996 6.26642e-39 2
-0.131935 0.163223 0.359996 8.10782e-39 2
-0.125758 0.162848 0.359171 7.55249e-39 2
-0.119609 0.162476 0.358349 8.84395e-39 2
-0.115332 0.164738 0.363337 8.19714e-39 2
-0.1099 0.165506 0.365031 8.93722e-39 2
-0.106157 0.169052 0.372853 2.94917e-39 2
-0.101021 0.170678 0.376438 8.66924e-39 2
-0.0948644 0.170678 0.376438 4.70625e-39 2
-0.087863 0.169052 0.372853 4.98283e-39 2
-0.0780485 0.161368 0.355906 4.42929e-39 2
-0.0712561 0.159197 0.351118 7.01113e-39 2
-0.0652211 0.158486 0.34955 7.38064e-39 2
-0.0595043 0.158486 0.34955 9.31675e-39 2
-0.0542721 0.159914 0.352699 6.27466e-39 2
-0.0487233 0.160638 0.354295 7.93454e-39 2
-0.0433209 0.162105 0.357531 3.23256e-39 2
-0.0374736 0.162105 0.357531 7.74979e-39 2
-0.0316262 0.162105 0.357531 7.38029e-39 2
-0.0265674 0.167063 0.368467 4.70554e-39 2
-0.0205412 0.167063 0.368467 4.61298e-39 2
-0.014481 0.166671 0.367602 4.9832e-39 2
-0.00844911 0.166281 0.366741 2.21734e-39 2
-0.00245115 0.166281 0.366741 7.93239e-39 2
0.00355514 0.166671 0.367602 7.37885e-39 2
0.00954478 0.166281 0.366741 6.54944e-39 2
0.0152219 0.162848 0.359171 6.08739e-39 2
0.0209043 0.161368 0.355906 8.02099e-39 2
0.0263655 0.159197 0.351118 1.02319e-38 2
0.0316817 0.157084 0.346457 4.15093e-39 2
0.037348 0.157084 0.346457 6.64129e-39 2
0.0428247 0.156392 0.34493 6.45582e-39 2
0.0484659 0.156392 0.34493 3.87506e-39 2
0.0548318 0.158486 0.34955 5.5353e-39 2
0.0605486 0.158486 0.34955 6.08991e-39 2
0.0668624 0.159914 0.352699 5.8126e-39 2
0.0726308 0.159914 0.352699 4.24527e-39 2
0.0796549 0.162476 0.358349 5.53709e-39 2
0.0855156 0.162476 0.358349 7.38173e-39 2
0.0913763 0.162476 0.358349 4.06197e-39 2
0.097015 0.162105 0.357531 5.81332e-39 2
0.103572 0.163223 0.359996 6.36541e-39 2
0.109965 0.163977 0.361659 3.50843e-39 2
0.117784 0.166671 0.367602 7.38136e-39 2
0.123218 0.165892 0.365884 5.07611e-39 2
0.128601 0.165121 0.364182 6.08918e-39 2
0.134557 0.165121 0.364182 3.96796e-39 2
0.140513 0.165121 0.364182 6.73527e-39 2
0.147844 0.166671 0.367602 4.70733e-39 2
0.150327 0.162848 0.359171 8.57955e-39 2
0.154782 0.161368 0.355906 6.08883e-39 2
0.160602 0.161368 0.355906 5.8108e-39 2
0.166423 0.161368 0.355906 8.11677e-39 2
0.172244 0.161368 0.355906 8.67066e-39 2
0.178065 0.161368 0.355906 5.3527e-39 2
0.183885 0.161368 0.355906 5.07612e-39 2
0.189706 0.161368 0.355906 3.60064e-39 2
0.187842 0.155026 0.341918 4.52223e-39 2
0.193434 0.155026 0.341918 4.79844e-39 2
0.199026 0.155026 0.341918 4.52258e-39 2
0.212025 0.160638 0.354295 5.71969e-39 2
0.21782 0.160638 0.354295 6.54945e-39 2
0.223614 0.160638 0.354295 1.57089e-39 2
0.233637 0.163599 0.360826 4.79774e-39 2
0.237894 0.162476 0.358349 7.28737e-39 2
0.243198 0.162105 0.357531 6.18138e-39 2
0.243487 0.158486 0.34955 5.90551e-39 2
0.246998 0.157084 0.346457 1.84855e-39 2
0.251551 0.156392 0.34493 5.62858e-39 2
0.256627 0.156048 0.344172 6.64308e-39 2
0.261108 0.155365 0.342666 7.28917e-39 2
0.26613 0.155026 0.341918 6.4594e-39 2
0.27113 0.154688 0.341173 6.73634e-39 2
0.274913 0.153684 0.338958 6.18281e-39 2
0.280457 0.153684 0.338958 8.76501e-39 2
0.284155 0.152692 0.336771 4.8006e-39 2
0.319178 0.168251 0.371086 4.06304e-39 2
-0.296108 0.168723 0.359171 5.16687e-39 2
-0.283727 0.164939 0.351118 5.62785e-39 2
-0.301657 0.178985 0.381018 2.49355e-39 2
-0.271026 0.164203 0.34955 5.81224e-39 2
-0.265309 0.164203 0.34955 4.79844e-39 2
-0.259593 0.164203 0.34955 7.56431e-39 2
-0.259672 0.167952 0.357531 8.76285e-39 2
-0.251528 0.166432 0.354295 7.19516e-39 2
-0.242442 0.164203 0.34955 9.59225e-39 2
-0.232572 0.161322 0.343418 8.57882e-39 2
-0.220195 0.156517 0.333188 5.07503e-39 2
-0.214746 0.156517 0.333188 6.73419e-39 2
-0.210191 0.157186 0.334612 7.65651e-39 2
-0.207378 0.159227 0.338958 7.56574e-39 2
-0.203597 0.160618 0.341918 7.10584e-39 2
-0.198005 0.160618 0.341918 5.16902e-39 2
-0.189925 0.158541 0.337497 4.15486e-39 2
-0.182051 0.156517 0.333188 8.02708e-39 2
-0.172923 0.153256 0.326247 8.39586e-39 2
-0.167587 0.153256 0.326247 6.27392e-39 2
-0.163615 0.154544 0.328988 6.92002e-39 2
-0.178482 0.17432 0.371086 5.53745e-39 2
-0.172413 0.17432 0.371086 2.86306e-39 2
-0.172475 0.180745 0.384763 5.44418e-39 2
-0.159896 0.173908 0.370209 3.5992e-39 2
-0.153841 0.173908 0.370209 5.34912e-39 2
-0.142077 0.167189 0.355906 3.22755e-39 2
-0.136256 0.167189 0.355906 7.00541e-39 2
-0.131031 0.167952 0.357531 6.72596e-39 2
-0.124332 0.16681 0.355098 8.29077e-39 2
-0.117989 0.166056 0.353495 7.36882e-39 2
-0.112462 0.166432 0.354295 7.83087e-39 2
-0.107642 0.167952 0.357531 3.77749e-39 2
-0.102261 0.168723 0.359171 1.01426e-38 2
-0.096387 0.168723 0.359171 8.48447e-39 2
-0.08969 0.167189 0.355906 1.04217e-38 2
-0.082741 0.164939 0.351118 6.08883e-39 2
-0.0766548 0.164203 0.34955 4.79809e-39 2
-0.0700005 0.162033 0.34493 4.24491e-39 2
-0.0643592 0.162033 0.34493 6.1821e-39 2
-0.0589778 0.16275 0.346457 4.52258e-39 2
-0.0537875 0.164203 0.34955 7.84198e-39 2
-0.0480707 0.164203 0.34955 4.4311e-39 2
-0.0425438 0.164939 0.351118 5.90623e-39 2
-0.0368014 0.164939 0.351118 5.62892e-39 2
-0.0314825 0.167189 0.355906 6.55088e-39 2
-0.0256617 0.167189 0.355906 6.45869e-39 2
-0.019796 0.16681 0.355098 5.3509e-39 2
-0.0142799 0.170285 0.362496 5.07467e-39 2
-0.00808917 0.164939 0.351118 6.82604e-39 2
-0.00233625 0.164203 0.34955 7.93203e-39 2
0.0035139 0.17068 0.363337 4.33639e-39 2
0.00905694 0.163473 0.347996 4.79844e-39 2
0.0146831 0.16275 0.346457 3.69174e-39 2
0.0202597 0.162033 0.34493 7.37634e-39 2
0.0256747 0.160618 0.341918 7.74333e-39 2
0.0312667 0.160618 0.341918 5.25692e-39 2
0.0368587 0.160618 0.341918 6.45655e-39 2
0.0424507 0.160618 0.341918 5.62427e-39 2
0.0480426 0.160618 0.341918 7.37885e-39 2
0.0536346 0.160618 0.341918 5.62857e-39 2
0.0592266 0.160618 0.341918 5.3527e-39 2
0.0648186 0.160618 0.341918 5.07467e-39 2
0.0716623 0.163473 0.347996 4.06052e-39 2
0.079473 0.167952 0.357531 4.15379e-39 2
0.0853204 0.167952 0.357531 1.94147e-39 2
0.09096 0.16757 0.356716 1.66488e-39 2
0.0963551 0.16681 0.355098 5.16687e-39 2
0.104776 0.171077 0.364182 5.62785e-39 2
0.110732 0.171077 0.364182 4.70697e-39 2
0.116688 0.171077 0.364182 7.2888e-39 2
0.120404 0.167952 0.357531 2.86233e-39 2
0.128601 0.171077 0.364182 6.3654e-39 2
0.226013 0.287356 0.611713 5.07431e-39 2
0.236943 0.288482 0.614111 6.82747e-39 2
0.246987 0.288482 0.614111 6.73492e-39 2
0.148961 0.167189 0.355906 6.73492e-39 2
0.152018 0.164203 0.34955 6.27322e-39 2
0.157734 0.164203 0.34955 5.99663e-39 2
0.163451 0.164203 0.34955 7.41141e-40 2
0.169168 0.164203 0.34955 4.24599e-39 2
0.174885 0.164203 0.34955 5.62929e-39 2
0.180602 0.164203 0.34955 3.3244e-39 2
0.186318 0.164203 0.34955 5.44419e-39 2
0.186216 0.159227 0.338958 5.0754e-39 2
0.19176 0.159227 0.338958 2.30988e-39 2
0.197303 0.159227 0.338958 7.19625e-39 2
0.208256 0.163473 0.347996 5.44274e-39 2
0.213001 0.16275 0.346457 8.30117e-39 2
0.215332 0.160268 0.341173 7.19482e-39 2
0.222365 0.161322 0.343418 6.55053e-39 2
0.231536 0.163837 0.348772 5.26015e-39 2
0.23777 0.164203 0.34955 7.19661e-39 2
0.240799 0.162391 0.345692 4.79917e-39 2
0.24591 0.162033 0.34493 4.52223e-39 2
0.250448 0.161322 0.343418 4.61514e-39 2
0.255504 0.160969 0.342666 3.41695e-39 2
0.260538 0.160618 0.341918 5.02225e-42 2
0.26555 0.160268 0.341173 5.90551e-39 2
0.270541 0.15992 0.340431 7.56539e-39 2
0.274913 0.159227 0.338958 4.33819e-39 2
0.279851 0.158883 0.338226 8.21077e-39 2
0.283545 0.157861 0.336048 4.89208e-39 2
-0.2739 0.164771 0.338958 2.4932e-39 2
-0.2672 0.164061 0.337497 6.73276e-39 2
-0.260557 0.163357 0.336048 7.01042e-39 2
-0.251819 0.16128 0.331776 7.10368e-39 2
-0.249565 0.163357 0.336048 9.87028e-39 2
-0.245121 0.164061 0.337497 6.73599e-39 2
-0.243805 0.166939 0.343418 6.92002e-39 2
-0.232081 0.162658 0.334612 6.82782e-39 2
-0.2228 0.159925 0.328988 8.67173e-39 2
-0.21742 0.159925 0.328988 3.6921e-39 2
-0.212934 0.160599 0.330376 7.10262e-39 2
-0.207531 0.160599 0.330376 6.55016e-39 2
-0.197558 0.16128 0.331776 7.47427e-39 2
-0.191321 0.160599 0.330376 4.15558e-39 2
-0.182832 0.157934 0.324893 2.5879e-39 2
-0.177519 0.157934 0.324893 6.73599e-39 2
-0.171493 0.157281 0.32355 6.36721e-39 2
-0.166202 0.157281 0.32355 3.59954e-39 2
-0.161578 0.157934 0.324893 4.70697e-39 2
-0.157572 0.159256 0.327612 8.11929e-39 2
-0.162407 0.16992 0.34955 3.60099e-39 2
-0.15669 0.16992 0.34955 3.41588e-39 2
-0.150302 0.169165 0.347996 1.84856e-39 2
-0.144611 0.169165 0.347996 7.01043e-39 2
-0.13954 0.16992 0.34955 2.30774e-39 2
-0.135028 0.171451 0.352699 5.25513e-39 2
-0.12926 0.171451 0.352699 7.74263e-39 2
-0.121845 0.169165 0.347996 3.22325e-39 2
-0.116154 0.169165 0.347996 4.053e-39 2
-0.110956 0.16992 0.34955 3.77858e-39 2
-0.106427 0.171838 0.353495 1.10705e-39 2
-0.100645 0.171838 0.353495 5.99449e-39 2
-0.0929751 0.168416 0.346457 5.71968e-39 2
-0.086543 0.166939 0.343418 2.12477e-39 2
-0.0805731 0.16621 0.341918 4.52293e-39 2
-0.0746551 0.165487 0.340431 6.27465e-39 2
-0.0681979 0.163357 0.336048 1.03309e-38 2
-0.0621682 0.161966 0.333188 7.10405e-39 2
-0.0572059 0.163357 0.336048 5.90552e-39 2
-0.0521576 0.164771 0.338958 6.64344e-39 2
-0.046614 0.164771 0.338958 5.4449e-39 2
-0.0414292 0.16621 0.341918 4.61478e-39 2
-0.0361529 0.167674 0.34493 6.08955e-39 2
-0.0305117 0.167674 0.34493 5.16759e-39 2
-0.0249804 0.168416 0.346457 3.87721e-39 2
-0.0193142 0.168416 0.346457 4.79772e-39 2
-0.0137087 0.169165 0.347996 7.19553e-39 2
-0.00801727 0.169165 0.347996 5.53673e-39 2
-0.00232587 0.169165 0.347996 7.37957e-39 2
0.00333588 0.167674 0.34493 9.22348e-39 2
0.00886005 0.165487 0.340431 7.74942e-39 2
0.0140016 0.160599 0.330376 4.98428e-39 2
0.0194048 0.160599 0.330376 7.56324e-39 2
0.0249132 0.16128 0.331776 4.88742e-39 2
0.0305986 0.162658 0.334612 3.41445e-39 2
0.0365396 0.164771 0.338958 9.23377e-40 2
0.0420831 0.164771 0.338958 3.3201e-39 2
0.0476267 0.164771 0.338958 3.87542e-39 2
0.0527139 0.163357 0.336048 4.70733e-39 2
0.0582099 0.163357 0.336048 5.90588e-39 2
0.0637058 0.163357 0.336048 5.16759e-39 2
0.0716623 0.169165 0.347996 1.66416e-39 2
0.0756721 0.165487 0.340431 5.07612e-39 2
0.0819524 0.166939 0.343418 2.40209e-39 2
0.0899357 0.171451 0.352699 6.18175e-39 2
0.095704 0.171451 0.352699 6.82747e-39 2
0.103334 0.174597 0.359171 5.35234e-39 2
0.109208 0.174597 0.359171 7.38064e-39 2
0.112 0.16992 0.34955 4.61477e-39 2
0.116675 0.168416 0.346457 4.89027e-39 2
0.216856 0.298526 0.614111 6.64163e-39 2
0.227793 0.299701 0.616529 4.24455e-39 2
0.235099 0.296203 0.609332 4.0616e-39 2
0.14314 0.173009 0.355906 5.44311e-39 2
0.140049 0.162658 0.334612 7.19411e-39 2
0.143679 0.160599 0.330376 6.27251e-39 2
0.149082 0.160599 0.330376 7.1959e-39 2
0.154486 0.160599 0.330376 3.04638e-39 2
0.160566 0.16128 0.331776 1.47977e-39 2
0.165992 0.16128 0.331776 5.99808e-39 2
0.173254 0.163007 0.335329 7.93347e-39 2
0.179894 0.164061 0.337497 9.49971e-39 2
0.185814 0.164415 0.338226 6.45761e-39 2
0.191345 0.164415 0.338226 2.67867e-39 2
0.196453 0.164061 0.337497 7.19625e-39 2
0.201538 0.163708 0.336771 4.89029e-39 2
0.20794 0.164415 0.338226 7.65616e-39 2
0.213934 0.164771 0.338958 4.24564e-39 2
0.220432 0.165487 0.340431 3.87686e-39 2
0.226986 0.16621 0.341918 1.84927e-39 2
0.233598 0.166939 0.343418 8.02745e-39 2
0.238691 0.166574 0.342666 5.3527e-39 2
0.244296 0.166574 0.342666 7.1037e-39 2
0.248811 0.165848 0.341173 5.35307e-39 2
0.254391 0.165848 0.341173 6.45977e-39 2
0.259405 0.165487 0.340431 3.32369e-39 2
0.264398 0.165128 0.339693 3.04637e-39 2
0.26937 0.164771 0.338958 3.22859e-42 2
0.273728 0.164061 0.337497 5.72005e-39 2
0.278647 0.163708 0.336771 4.15345e-39 2
-0.257222 0.163247 0.324893 1.93823e-39 2
-0.249835 0.161904 0.322219 9.31387e-39 2
-0.243563 0.16124 0.320898 9.5926e-39 2
-0.230749 0.156122 0.310711 6.36612e-39 2
-0.224775 0.155504 0.309483 8.3026e-39 2
-0.218849 0.154892 0.308265 8.11749e-39 2
-0.212969 0.154285 0.307056 5.99806e-39 2
-0.207947 0.154285 0.307056 6.64379e-39 2
-0.202925 0.154285 0.307056 6.27501e-39 2
-0.15894 0.160582 0.319589 4.98428e-39 2
-0.154978 0.161904 0.322219 6.36792e-39 2
-0.150951 0.163247 0.324893 3.60099e-39 2
-0.146856 0.164614 0.327612 6.82747e-39 2
-0.144521 0.168131 0.334612 6.08991e-39 2
-0.140855 0.170314 0.338958 6.36614e-39 2
-0.135899 0.171055 0.340431 4.98213e-39 2
-0.133228 0.174856 0.347996 5.34949e-39 2
-0.126413 0.173316 0.34493 5.53245e-39 2
-0.114125 0.171802 0.341918 3.59633e-39 2
-0.108297 0.171428 0.341173 2.15239e-42 2
-0.0997446 0.17603 0.350332 6.91824e-39 2
-0.091757 0.171802 0.341918 5.62857e-39 2
-0.0798755 0.170314 0.338958 5.53709e-39 2
-0.0613846 0.165305 0.328988 3.32404e-39 2
-0.0560041 0.165305 0.328988 4.89136e-39 2
-0.0506236 0.165305 0.328988 4.61514e-39 2
-0.045243 0.165305 0.328988 5.07612e-39 2
-0.0403714 0.167415 0.333188 3.0471e-39 2
-0.0353738 0.16958 0.337497 2.58577e-39 2
-0.0303778 0.172555 0.343418 4.06125e-39 2
-0.0248704 0.173316 0.34493 3.78538e-39 2
-0.0193142 0.174082 0.346457 2.58647e-39 2
-0.013648 0.174082 0.346457 5.53745e-39 2
-0.00798179 0.174082 0.346457 7.65867e-39 2
-0.00230537 0.173316 0.34493 8.11857e-39 2
0.00333588 0.173316 0.34493 7.56503e-39 2
0.00863479 0.166706 0.331776 4.61549e-39 2
0.0138266 0.163928 0.326247 5.99915e-39 2
0.0191623 0.163928 0.326247 5.16795e-39 2
0.0246004 0.164614 0.327612 5.90408e-39 2
0.0302113 0.166003 0.330376 4.79953e-39 2
0.0359176 0.167415 0.333188 5.90409e-39 2
0.0415436 0.168131 0.334612 5.71898e-39 2
0.0470161 0.168131 0.334612 6.08955e-39 2
0.0524886 0.168131 0.334612 3.60099e-39 2
0.0577145 0.167415 0.333188 2.77195e-39 2
0.062896 0.166706 0.331776 3.69246e-39 2
0.0683222 0.166706 0.331776 4.33856e-39 2
0.0737483 0.166706 0.331776 6.18246e-39 2
0.0801938 0.168853 0.336048 8.30297e-39 2
0.087569 0.172555 0.343418 7.37921e-39 2
0.0940101 0.174082 0.346457 5.44454e-39 2
0.100566 0.175637 0.34955 5.53673e-39 2
0.106283 0.175637 0.34955 7.01186e-39 2
0.109555 0.171802 0.341918 5.07467e-39 2
0.112686 0.168131 0.334612 4.1538e-39 2
0.115445 0.16427 0.326928 5.62713e-39 2
0.122066 0.166003 0.330376 7.28593e-39 2
0.127469 0.166003 0.330376 5.81045e-39 2
0.132873 0.166003 0.330376 7.93347e-39 2
0.138276 0.166003 0.330376 9.96033e-39 2
0.146002 0.162573 0.32355 7.28737e-39 2
0.149441 0.160582 0.319589 7.93203e-39 2
0.164597 0.165305 0.328988 1.75636e-39 2
0.169978 0.165305 0.328988 1.29431e-39 2
0.17246 0.162573 0.32355 6.3647e-39 2
0.183829 0.168131 0.334612 5.25907e-39 2
0.200246 0.168131 0.334612 6.45761e-39 2
0.206159 0.168491 0.335329 3.69282e-39 2
0.212098 0.168853 0.336048 9.26606e-40 2
0.218061 0.169216 0.336771 4.33855e-39 2
0.224535 0.169947 0.338226 4.98536e-39 2
0.230565 0.170314 0.338958 6.4612e-39 2
0.23509 0.16958 0.337497 5.8144e-39 2
0.240093 0.169216 0.336771 6.36686e-39 2
0.245601 0.169216 0.336771 3.60171e-39 2
0.251108 0.169216 0.336771 4.79953e-39 2
0.256616 0.169216 0.336771 5.81262e-39 2
0.262124 0.169216 0.336771 4.61443e-39 2
0.266486 0.168491 0.335329 2.58612e-39 2
0.27081 0.167772 0.333899 1.20283e-39 2
-0.250973 0.164466 0.317001 5.81115e-39 2
-0.245789 0.164466 0.317001 7.37739e-39 2
-0.235831 0.161203 0.310711 1.02362e-38 2
-0.228034 0.159307 0.307056 8.48555e-39 2
-0.222141 0.158684 0.305856 9.31603e-39 2
-0.216294 0.158067 0.304666 6.27322e-39 2
-0.210492 0.157454 0.303485 4.89136e-39 2
-0.205529 0.157454 0.303485 6.82818e-39 2
-0.160242 0.161845 0.311949 6.0899e-39 2
-0.155761 0.162493 0.313197 5.2605e-39 2
-0.152468 0.164466 0.317001 5.81403e-39 2
-0.149708 0.167174 0.322219 3.23221e-39 2
-0.135573 0.169263 0.326247 5.6275e-39 2
-0.131886 0.171406 0.330376 2.30846e-39 2
-0.127018 0.172132 0.331776 6.54983e-39 2
-0.12211 0.172865 0.333188 3.59957e-39 2
-0.118938 0.176239 0.339693 4.33713e-39 2
-0.112893 0.175478 0.338226 6.18032e-39 2
-0.105762 0.172865 0.333188 7.3785e-39 2
-0.100313 0.172865 0.333188 3.5992e-39 2
-0.0548517 0.167174 0.322219 5.35199e-39 2
-0.0495819 0.167174 0.322219 3.60064e-39 2
-0.0443121 0.167174 0.322219 4.06197e-39 2
-0.0379491 0.162493 0.313197 3.50807e-39 2
-0.0324376 0.160566 0.309483 4.15272e-39 2
-0.0273761 0.160566 0.309483 4.0616e-39 2
-0.0246532 0.177394 0.341918 6.73635e-39 2
-0.0192291 0.178957 0.34493 6.18282e-39 2
-0.0137087 0.180548 0.347996 5.4467e-39 2
-0.00798179 0.179749 0.346457 7.65866e-39 2
-0.00230537 0.178957 0.34493 5.35341e-39 2
0.00330675 0.177394 0.341918 2.95633e-39 2
0.00849088 0.169263 0.326247 5.8144e-39 2
0.0135444 0.165809 0.319589 4.15451e-39 2
0.0187712 0.165809 0.319589 4.79917e-39 2
0.0244979 0.169263 0.326247 7.5654e-39 2
0.0299585 0.169972 0.327612 6.4594e-39 2
0.0356145 0.171406 0.330376 3.4166e-39 2
0.0411915 0.172132 0.331776 8.21005e-39 2
0.0466177 0.172132 0.331776 4.24636e-39 2
0.0520438 0.172132 0.331776 5.16759e-39 2
0.0572274 0.171406 0.330376 5.44418e-39 2
0.0623675 0.170686 0.328988 7.56575e-39 2
0.067748 0.170686 0.328988 5.72148e-39 2
0.0734371 0.171406 0.330376 6.09027e-39 2
0.0791744 0.172132 0.331776 5.99808e-39 2
0.0856898 0.174349 0.336048 6.18247e-39 2
0.0931855 0.178172 0.343418 5.07575e-39 2
0.100566 0.181354 0.34955 9.22456e-39 2
0.106283 0.181354 0.34955 8.30297e-39 2
0.109555 0.177394 0.341918 6.55089e-39 2
0.110098 0.169617 0.326928 7.10442e-39 2
0.12054 0.169263 0.326247 3.41444e-39 2
0.237034 0.172498 0.332481 7.19518e-39 2
0.242472 0.172498 0.332481 6.08955e-39 2
0.248437 0.172865 0.333188 2.31025e-39 2
0.254427 0.173233 0.333899 2.03331e-39 2
0.259888 0.173233 0.333899 2.21734e-39 2
0.264785 0.172865 0.333188 5.99736e-39 2
-0.23996 0.165628 0.309483 1.21712e-38 2
-0.232146 0.163687 0.305856 9.86705e-39 2
-0.227144 0.163687 0.305856 5.90407e-39 2
-0.220419 0.162418 0.303485 7.10261e-39 2
-0.155895 0.162418 0.303485 4.33819e-39 2
-0.151519 0.16305 0.304666 3.87721e-39 2
-0.147685 0.164329 0.307056 3.32475e-39 2
-0.147284 0.169651 0.317001 6.27466e-39 2
-0.1421 0.169651 0.317001 4.24636e-39 2
-0.130237 0.174599 0.326247 5.44419e-39 2
-0.124901 0.174599 0.326247 3.87508e-39 2
-0.119566 0.174599 0.326247 1.93932e-39 2
-0.117159 0.179076 0.334612 4.79811e-39 2
-0.110975 0.177935 0.332481 3.69212e-39 2
-0.104429 0.176066 0.328988 7.3785e-39 2
-0.0990483 0.176066 0.328988 3.96798e-39 2
-0.0656616 0.173156 0.32355 5.5371e-39 2
-0.0598752 0.171737 0.320898 3.04781e-39 2
-0.0539634 0.169651 0.317001 4.89173e-39 2
-0.0481936 0.167615 0.313197 7.47357e-39 2
-0.0427295 0.166285 0.310711 4.24672e-39 2
-0.0367724 0.162418 0.303485 8.57919e-39 2
0.012763 0.161168 0.301151 4.52402e-39 2
0.0180351 0.164329 0.307056 8.57991e-39 2
0.023998 0.171036 0.319589 5.16903e-39 2
0.0295871 0.173156 0.32355 6.5516e-39 2
0.0353165 0.17533 0.327612 5.07612e-39 2
0.0406745 0.17533 0.327612 9.4086e-39 2
0.0462259 0.176066 0.328988 3.04782e-39 2
0.0518242 0.176809 0.330376 1.47977e-39 2
0.056987 0.176066 0.328988 5.16759e-39 2
0.0618478 0.174599 0.326247 5.44561e-39 2
0.066354 0.172443 0.322219 4.33891e-39 2
0.0722182 0.173875 0.324893 6.55125e-39 2
0.0775318 0.173875 0.324893 5.62929e-39 2
0.0828453 0.173875 0.324893 6.73564e-39 2
0.0900266 0.177558 0.331776 7.7487e-39 2
0.098802 0.183788 0.343418 5.35306e-39 2
0.103963 0.182986 0.341918 5.3527e-39 2
0.108138 0.18062 0.337497 5.26014e-39 2
0.234053 0.175697 0.328299 6.18067e-39 2
-0.230346 0.167381 0.303485 5.44202e-39 2
-0.224513 0.166735 0.302314 4.42894e-39 2
-0.14046 0.166735 0.302314 5.90588e-39 2
-0.139835 0.172049 0.311949 6.27394e-39 2
-0.134733 0.172049 0.311949 6.91896e-39 2
-0.129161 0.178448 0.32355 2.2177e-39 2
-0.123869 0.178448 0.32355 3.04567e-39 2
-0.118578 0.178448 0.32355 3.13786e-39 2
-0.113756 0.179188 0.324893 4.70627e-39 2
-0.108442 0.179188 0.324893 3.78503e-39 2
-0.102703 0.178448 0.32355 5.25871e-39 2
-0.0974111 0.178448 0.32355 2.86163e-39 2
-0.0917405 0.177713 0.322219 2.30954e-39 2
-0.0706612 0.177713 0.322219 4.52294e-39 2
-0.0648576 0.176263 0.319589 3.60064e-39 2
-0.0589094 0.17413 0.315723 3.04853e-39 2
-0.0524763 0.170017 0.308265 3.41624e-39 2
-0.046881 0.168032 0.304666 3.23185e-39 2
-0.0415747 0.166735 0.302314 2.58828e-39 2
0.0179646 0.168689 0.305856 9.13344e-39 2
0.0232392 0.170689 0.309483 6.92039e-39 2
0.0292248 0.176263 0.319589 5.62964e-39 2
0.0348787 0.178448 0.32355 5.16831e-39 2
0.0401703 0.178448 0.32355 8.30225e-39 2
0.0452748 0.177713 0.322219 5.72149e-39 2
0.0511764 0.179935 0.326247 7.47321e-39 2
0.0558144 0.177713 0.322219 4.15416e-39 2
-0.229457 0.171679 0.302314 7.01042e-39 2
-0.132102 0.173691 0.305856 5.44239e-39 2
-0.126036 0.179294 0.315723 5.62858e-39 2
-0.120387 0.178574 0.314455 5.25944e-39 2
-0.115244 0.178574 0.314455 5.2598e-39 2
-0.110993 0.18002 0.317001 5.81262e-39 2
-0.105808 0.18002 0.317001 2.21591e-39 2
-0.100624 0.18002 0.317001 7.56289e-39 2
-0.0946727 0.178574 0.314455 2.86163e-39 2
-0.0888164 0.177151 0.311949 7.19627e-39 2
-0.0676011 0.175059 0.308265 7.74979e-39 2
-0.0623141 0.174372 0.307056 4.15381e-39 2
-0.0572923 0.174372 0.307056 4.89138e-39 2
-0.0518637 0.173015 0.304666 1.3865e-39 2
0.0179646 0.173691 0.305856 5.90588e-39 2
0.023998 0.181489 0.319589 1.94183e-39 2
0.0292248 0.181489 0.319589 5.90623e-39 2
0.0344516 0.181489 0.319589 3.14001e-39 2
0.132947 0.180385 0.317644 6.45761e-39 2
-0.123545 0.180812 0.309483 4.98321e-39 2
-0.118483 0.180812 0.309483 7.28846e-39 2
-0.10836 0.180812 0.309483 3.13787e-39 2
-0.103299 0.180812 0.309483 2.67797e-39 2
-0.0978506 0.1801 0.308265 1.84713e-39 2
-0.092809 0.1801 0.308265 5.35091e-39 2
-0.0870818 0.178693 0.305856 5.53638e-39 2
-0.0717947 0.177998 0.304666 7.28918e-39 2
-0.0668119 0.177998 0.304666 4.06269e-39 2
-0.0618292 0.177998 0.304666 5.16832e-39 2
-0.0566261 0.177308 0.303485 8.76359e-39 2
0.0228775 0.177998 0.304666 3.96942e-39 2
0.0276451 0.176623 0.302314 7.93418e-39 2
0.0325893 0.176623 0.302314 3.50879e-39 2
0.12398 0.1801 0.308265 2.77123e-39 2
0.129021 0.1801 0.308265 5.72148e-39 2
0.134063 0.1801 0.308265 4.33819e-39 2
0.139104 0.1801 0.308265 1.84856e-39 2
0.165446 0.175944 0.301151 7.3785e-39 2
-0.123301 0.185507 0.308873 6.36651e-39 2
-0.118483 0.185874 0.309483 4.33785e-39 2
-0.10836 0.185874 0.309483 7.56361e-39 2
-0.103299 0.185874 0.309483 5.44383e-39 2
-0.0963336 0.182271 0.303485 8.48522e-39 2
-0.0913701 0.182271 0.303485 3.87686e-39 2
-0.085742 0.180869 0.301151 7.01151e-39 2
-0.0808168 0.180869 0.301151 5.35235e-39 2
-0.0758915 0.180869 0.301151 3.13966e-39 2
0.128515 0.184416 0.307056 7.47356e-39 2
0.134063 0.185142 0.308265 5.26015e-39 2
0.140767 0.187355 0.311949 7.10371e-39 2
0.146452 0.188104 0.313197 6.64309e-39 2
0.148602 0.184416 0.307056 7.38101e-39 2
0.153024 0.183695 0.305856 5.1676e-39 2
0.158026 0.183695 0.305856 3.23149e-39 2
0.161765 0.182271 0.303485 8.39481e-39 2
0.165446 0.180869 0.301151 8.02531e-39 2
0.14133 0.193226 0.313197 7.10263e-39 2
0.146452 0.193226 0.313197 5.16796e-39 2
0.148022 0.188698 0.305856 5.53603e-39 2
0.151838 0.187235 0.303485 5.72042e-39 2
0.156801 0.187235 0.303485 3.96798e-39 2
0.308458 0.410616 0.616529 1.23549e-38 2
0.318541 0.410616 0.616529 1.25393e-38 2
-0.154888 0.301858 0.442368 6.36506e-39 2
-0.0379491 0.229082 0.313197 1.39208e-38 2
-0.0421657 0.260227 0.347996 1.34599e-38 2
